method,seed,runtime_sec,converged,n_iter,selected_ckpt_id,support_size,precision,recall,f1,auroc,auprc,fdr,tp,fp,fn,tn,train_mse,val_mse,test_mse,train_r2,val_r2,test_r2,train_nll,val_nll,test_nll,n,p,snr,n_active,sigma2,setting
flow_stagewise,44,646.0724024772644,True,,76,10.0,1.0,1.0,1.0,1.0,1.0,0.0,10.0,0.0,0.0,90.0,6.289190292358398,5.875838756561279,5.854243278503418,0.7349299341577686,0.7479761595850578,0.7298652321652492,2.3392724990844727,2.3083620071411133,2.3067452907562256,1000,100,2.5,10,6.686102867126465,simple
