{
  "n": 1000,
  "p": 100,
  "n_active": 10,
  "sigma2": 6.161301612854004,
  "sigma": 2.4821970462799072,
  "active_idx": [
    1,
    29,
    31,
    33,
    34,
    36,
    41,
    51,
    54,
    97
  ],
  "snr": 2.5,
  "setting": "simple",
  "seed": 45
}