method,seed,runtime_sec,converged,n_iter,selected_ckpt_id,support_size,precision,recall,f1,auroc,auprc,fdr,tp,fp,fn,tn,train_mse,val_mse,test_mse,train_r2,val_r2,test_r2,train_nll,val_nll,test_nll,n,p,snr,n_active,sigma2,rho,block_size,setting
flow_stagewise,12,3141.2401027679443,True,,158,10.0,1.0,1.0,1.0,1.0,1.0,0.0,10.0,0.0,0.0,90.0,5.397745132446289,6.7671918869018555,5.7246222496032715,0.6967305883785955,0.612960293910046,0.7011963397398167,2.262619733810425,2.3962273597717285,2.2945101261138916,1000,100,2.5,10,5.122529946154223,0.8,10,block_corr
