method,seed,runtime_sec,converged,n_iter,selected_ckpt_id,support_size,precision,recall,f1,auroc,auprc,fdr,tp,fp,fn,tn,train_mse,val_mse,test_mse,train_r2,val_r2,test_r2,train_nll,val_nll,test_nll,n,p,snr,n_active,sigma2,rho,block_size,setting
flow_stagewise,58,589.4208312034607,True,,98,10.0,1.0,1.0,1.0,1.0,1.0,0.0,10.0,0.0,0.0,90.0,7.3941731452941895,8.051692008972168,8.48591136932373,0.7091159666839951,0.7191066769690119,0.7068710531908434,2.422792673110962,2.462911605834961,2.4910192489624023,1000,100,2.5,10,7.958627042950954,0.8,10,block_corr
