{
  "n": 1000,
  "p": 100,
  "n_active": 10,
  "sigma2": 5.389989376068115,
  "sigma": 2.3216350078582764,
  "active_idx": [
    8,
    14,
    39,
    40,
    51,
    55,
    64,
    69,
    76,
    90
  ],
  "snr": 2.5,
  "setting": "simple",
  "seed": 99
}