method,seed,runtime_sec,converged,n_iter,support_size,precision,recall,f1,auroc,auprc,fdr,tp,fp,fn,tn,train_mse,val_mse,test_mse,train_r2,val_r2,test_r2,train_nll,val_nll,test_nll,n,p,snr,n_active,sigma2,setting,selected_ckpt_id
mf_spike_slab,99,0.05305723601486534,True,9,11.0,0.9090909090909091,1.0,0.9523809523809523,1.0,1.0,0.09090909090909091,10.0,1.0,0.0,89.0,5.209360225641572,5.907814737752581,5.6986245392226635,0.7284358316345696,0.6613825650063402,0.6879508153415836,2.244288370918107,2.309860862896292,2.290221613128173,1000,100,2.5,10,5.389989376068115,simple,
mf_ard,99,0.0294784780126065,True,14,23.0,0.43478260869565216,1.0,0.6060606060606061,1.0,1.0,0.5652173913043478,10.0,13.0,0.0,77.0,4.697201996876247,6.456375001335821,5.970842689680237,0.7551346617100111,0.6299408090204939,0.6730445074571385,2.19692433657467,2.3601635515181227,2.315109476004563,1000,100,2.5,10,5.389989376068115,simple,
mf_bayes_lasso,99,0.031925435992889106,True,15,27.0,0.37037037037037035,1.0,0.5405405405405406,1.0,1.0,0.6296296296296297,10.0,17.0,0.0,73.0,4.671165470544938,6.702177284242542,6.180986535305021,0.7564919469262423,0.6158521921209865,0.6615373068621783,2.1896571428235223,2.4054155334957183,2.3500484123073533,1000,100,2.5,10,5.389989376068115,simple,
flow_stagewise,99,474.5908501148224,True,,9.0,1.0,0.9,0.9473684210526316,0.95,0.91,0.0,9.0,0.0,1.0,90.0,5.551490783691406,5.989607334136963,5.883529186248779,0.7106005391183201,0.6566944864284556,0.6778256871706925,2.276172637939453,2.3168091773986816,2.306962490081787,1000,100,2.5,10,5.389989376068115,simple,26.0
