method,seed,runtime_sec,converged,n_iter,selected_ckpt_id,support_size,precision,recall,f1,auroc,auprc,fdr,tp,fp,fn,tn,train_mse,val_mse,test_mse,train_r2,val_r2,test_r2,train_nll,val_nll,test_nll,n,p,snr,n_active,sigma2,noise_x,group_size,setting
flow_stagewise,94,748.9087443351746,True,,182,4.0,0.75,0.3,0.4285714285714285,0.6444444444444445,0.295,0.25,3.0,1.0,7.0,89.0,12.5995512008667,12.42186164855957,13.829319953918457,0.3411059362701856,0.356087404142281,0.34495496434163886,2.8824257850646973,2.8672471046447754,2.9882519245147705,1000,100,2.5,10,5.809236547471171,0.15,10,jitter
