method,seed,runtime_sec,converged,n_iter,selected_ckpt_id,support_size,precision,recall,f1,auroc,auprc,fdr,tp,fp,fn,tn,train_mse,val_mse,test_mse,train_r2,val_r2,test_r2,train_nll,val_nll,test_nll,n,p,snr,n_active,sigma2,setting
flow_stagewise,29,892.6785535812378,True,,122,6.0,1.0,0.6,0.7499999999999999,0.8,0.64,0.0,6.0,0.0,4.0,90.0,5.770313739776611,5.330377101898193,5.963284969329834,0.7003148473654055,0.675348775656093,0.6670605045218315,2.2962777614593506,2.2557249069213867,2.314065933227539,1000,100,2.5,10,5.424164295196533,simple
