method,seed,runtime_sec,converged,n_iter,support_size,precision,recall,f1,auroc,auprc,fdr,tp,fp,fn,tn,train_mse,val_mse,test_mse,train_r2,val_r2,test_r2,train_nll,val_nll,test_nll,n,p,snr,n_active,sigma2,setting
mf_spike_slab,63,0.01889705704525113,True,8,10.0,0.1,0.1,0.10000000000000002,0.7522222222222222,0.21862965014861302,0.9,1.0,9.0,9.0,81.0,7.870196910364027,8.523331092302229,9.58432984473443,0.6925259441887668,0.6844215231828168,0.6707940806098136,2.450514047881705,2.491526358932577,2.5581497451565327,1000,100,2.5,10,7.521959252158247,jitter
mf_ard,63,1.0129457890288904,True,715,16.0,0.3125,0.5,0.38461538461538464,0.8077777777777777,0.36406163149521786,0.6875,5.0,11.0,5.0,79.0,6.946994426013628,7.627454766310056,8.439298201294969,0.7285937599538864,0.7175915694137462,0.7101240286620958,2.3919325478755176,2.4350864614191634,2.486572520678773,1000,100,2.5,10,7.521959252158247,jitter
mf_bayes_lasso,63,1.1916772059630603,False,1000,79.0,0.10126582278481013,0.8,0.1797752808988764,0.653888888888889,0.16961408013892798,0.8987341772151899,8.0,71.0,2.0,19.0,6.250990173134544,8.014568212804864,8.823548771801713,0.7557853604858611,0.7032585967206388,0.6969256554436101,2.3355066603290893,2.472635972581804,2.5355393118078884,1000,100,2.5,10,7.521959252158247,jitter
