{
  "sim": "block_corr",
  "n": 1000,
  "p": 100,
  "n_active": 10,
  "active_idx": [
    17,
    19,
    22,
    31,
    33,
    40,
    46,
    58,
    61,
    98
  ],
  "snr": 2.5,
  "sigma2": 5.142639021688278,
  "sigma": 2.2677387463480616,
  "rho": 0.8,
  "block_size": 10,
  "beta_low": 0.8,
  "beta_high": 1.8,
  "setting": "block_corr",
  "seed": 92
}