method,seed,runtime_sec,converged,n_iter,support_size,precision,recall,f1,auroc,auprc,fdr,tp,fp,fn,tn,train_mse,val_mse,test_mse,train_r2,val_r2,test_r2,train_nll,val_nll,test_nll,n,p,snr,n_active,sigma2,setting,selected_ckpt_id,rho,block_size
mf_spike_slab,92,0.052653835038654506,True,23,10.0,1.0,1.0,1.0,1.0,1.0,0.0,10.0,0.0,0.0,90.0,5.480774953229079,5.193449601364881,5.7209005325101066,0.7089935528913065,0.7298318853444243,0.6990636964962347,2.269625421602704,2.2438292883271838,2.2911839489160974,1000,100,2.5,10,5.142639021688278,block_corr,,,
mf_ard,92,0.10484933003317565,True,72,39.0,0.2564102564102564,1.0,0.4081632653061224,1.0,1.0,0.7435897435897436,10.0,29.0,0.0,61.0,4.660993218460747,5.857050730502167,6.294094248578605,0.7525205672415275,0.6953107327957957,0.6689120102145022,2.193369288494452,2.304679609250173,2.345352782313788,1000,100,2.5,10,5.142639021688278,block_corr,,,
mf_bayes_lasso,92,0.10613827488850802,True,72,64.0,0.15625,1.0,0.2702702702702703,1.0,1.0,0.84375,10.0,54.0,0.0,36.0,4.5034172178636425,6.276999990647482,6.909681233638255,0.7608872001492232,0.6734645787800435,0.6365303124876939,2.1714294477654152,2.3650064584352144,2.4340602097483104,1000,100,2.5,10,5.142639021688278,block_corr,,,
flow_stagewise,92,1236.0766451358795,True,,10.0,0.9,0.9,0.9,0.9444444444444444,0.8200000000000001,0.1,9.0,1.0,1.0,89.0,7.965991020202637,7.418585777282715,7.587644577026367,0.5770388584943522,0.6140781739125134,0.6008674287246583,2.5093071460723877,2.4555392265319824,2.4734883308410645,1000,100,2.5,10,5.142639021688278,block_corr,122.0,0.8,10.0
