method,seed,runtime_sec,converged,n_iter,support_size,precision,recall,f1,auroc,auprc,fdr,tp,fp,fn,tn,train_mse,val_mse,test_mse,train_r2,val_r2,test_r2,train_nll,val_nll,test_nll,n,p,snr,n_active,sigma2,setting,selected_ckpt_id,noise_x,group_size
mf_spike_slab,10,0.024268570938147604,True,7,10.0,0.1,0.1,0.10000000000000002,0.7822222222222222,0.21888849488537884,0.9,1.0,9.0,9.0,81.0,7.010787583583967,6.784268866899689,7.783216271907475,0.6887291419597781,0.6570857559578576,0.7016012089180722,2.3926970890985686,2.3767284547176883,2.4471501227802523,1000,100,2.5,10,6.328565369597873,jitter,,,
mf_ard,10,0.9346913980552927,True,463,16.0,0.375,0.6,0.4615384615384615,0.8861111111111112,0.47447012138188605,0.625,6.0,10.0,4.0,80.0,6.073329657356903,6.298866115875477,6.96316809087156,0.7303511893537933,0.6816206794240482,0.7330408319866575,2.3248755638635603,2.341197087216777,2.389271000719298,1000,100,2.5,10,6.328565369597873,jitter,,,
mf_bayes_lasso,10,1.292141876067035,False,1000,74.0,0.12162162162162163,0.9,0.2142857142857143,0.7911111111111112,0.29208045977011493,0.8783783783783784,9.0,65.0,1.0,25.0,5.386437300327075,6.839897687510659,7.361394203779882,0.7608484153508537,0.654273969553012,0.7177733401789326,2.261097541219418,2.3920808120583534,2.4390771526771813,1000,100,2.5,10,6.328565369597873,jitter,,,
flow_stagewise,10,832.998838186264,True,,10.0,0.4,0.4,0.4000000000000001,0.6666666666666666,0.22000000000000003,0.6,4.0,6.0,6.0,84.0,16.072715759277344,16.858806610107422,14.686020851135254,0.28638996204563627,0.14786316928669885,0.4369562924179782,3.077556610107422,3.1537413597106934,2.9801809787750244,1000,100,2.5,10,6.328565369597873,jitter,153.0,0.15,10.0
