method,seed,runtime_sec,converged,n_iter,selected_ckpt_id,support_size,precision,recall,f1,auroc,auprc,fdr,tp,fp,fn,tn,train_mse,val_mse,test_mse,train_r2,val_r2,test_r2,train_nll,val_nll,test_nll,n,p,snr,n_active,sigma2,rho,block_size,setting
flow_stagewise,65,566.316166639328,True,,86,10.0,1.0,1.0,1.0,1.0,1.0,0.0,10.0,0.0,0.0,90.0,8.005074501037598,10.091382026672363,6.968969345092773,0.6450252912148935,0.6463203516543092,0.7432077324212265,2.463552474975586,2.612300395965576,2.3896846771240234,1000,100,2.5,10,7.010641260480033,0.8,10,block_corr
