method,seed,runtime_sec,converged,n_iter,support_size,precision,recall,f1,auroc,auprc,fdr,tp,fp,fn,tn,train_mse,val_mse,test_mse,train_r2,val_r2,test_r2,train_nll,val_nll,test_nll,n,p,snr,n_active,sigma2,setting
mf_spike_slab,44,0.018691044999286532,True,7,10.0,1.0,1.0,1.0,1.0,1.0,0.0,10.0,0.0,0.0,90.0,6.197786525563273,5.824009816401854,5.875930791978138,0.7387823278358312,0.7501991806186536,0.7288645075414459,2.3311193834059485,2.301517102075842,2.3056291274863896,1000,100,2.5,10,6.686102867126465,simple
mf_ard,44,0.02259553992189467,True,15,38.0,0.2631578947368421,1.0,0.4166666666666667,1.0,1.0,0.7368421052631579,10.0,28.0,0.0,62.0,5.191873012046934,6.307172472365212,6.900755989282627,0.78117849384049,0.7294755844780343,0.681575576750356,2.247034079900975,2.3405987598415208,2.3903956563293143,1000,100,2.5,10,6.686102867126465,simple
mf_bayes_lasso,44,0.023002633941359818,True,15,50.0,0.2,1.0,0.33333333333333337,1.0,1.0,0.8,10.0,40.0,0.0,50.0,5.146956301020596,6.561712459297528,7.393549643513454,0.7830715952964981,0.718557969414622,0.6588363963803734,2.238169328023714,2.374155396387509,2.454111413923494,1000,100,2.5,10,6.686102867126465,simple
