{
  "n": 1000,
  "p": 100,
  "n_active": 10,
  "sigma2": 4.829755783081055,
  "sigma": 2.1976704597473145,
  "active_idx": [
    0,
    15,
    21,
    24,
    30,
    37,
    46,
    50,
    58,
    86
  ],
  "snr": 2.5,
  "setting": "simple",
  "seed": 74
}