{
  "n": 1000,
  "p": 100,
  "n_active": 10,
  "sigma2": 4.54166316986084,
  "sigma": 2.131117820739746,
  "active_idx": [
    6,
    30,
    40,
    46,
    53,
    60,
    73,
    84,
    93,
    97
  ],
  "snr": 2.5,
  "setting": "simple",
  "seed": 70
}