method,seed,runtime_sec,converged,n_iter,support_size,precision,recall,f1,auroc,auprc,fdr,tp,fp,fn,tn,train_mse,val_mse,test_mse,train_r2,val_r2,test_r2,train_nll,val_nll,test_nll,n,p,snr,n_active,sigma2,setting,selected_ckpt_id
mf_spike_slab,70,0.02109401603229344,True,8,10.0,1.0,1.0,1.0,1.0,1.0,0.0,10.0,0.0,0.0,90.0,4.253316669340251,5.265567586766699,4.780708146304923,0.7323310522457147,0.7132553390058015,0.6589521689640195,2.1428531170624416,2.2599394484477444,2.203856107703008,1000,100,2.5,10,4.54166316986084,simple,
mf_ard,70,0.02211552590597421,True,14,25.0,0.4,1.0,0.5714285714285715,1.0,1.0,0.6,10.0,15.0,0.0,75.0,3.706744843631267,5.780067845832344,5.269646659681124,0.766727810548302,0.6852374283178873,0.6240721021634986,2.0789175718324397,2.3212311030404154,2.2615771273268566,1000,100,2.5,10,4.54166316986084,simple,
mf_bayes_lasso,70,0.02242166001815349,True,14,35.0,0.2857142857142857,1.0,0.4444444444444445,1.0,1.0,0.7142857142857143,10.0,25.0,0.0,65.0,3.6850005112161064,5.960249554649744,5.479254202327889,0.7680962209041875,0.675425353520472,0.6091190459214619,2.071094858673701,2.3769921044604856,2.3123243908595805,1000,100,2.5,10,4.54166316986084,simple,
flow_stagewise,70,771.873937368393,True,,9.0,1.0,0.9,0.9473684210526316,0.95,0.91,0.0,9.0,0.0,1.0,90.0,4.293348789215088,5.308889389038086,4.745588779449463,0.729811756634549,0.7108961965168945,0.6614574951599296,2.148639440536499,2.257753610610962,2.1949028968811035,1000,100,2.5,10,4.54166316986084,simple,109.0
