method,seed,runtime_sec,converged,n_iter,selected_ckpt_id,support_size,precision,recall,f1,auroc,auprc,fdr,tp,fp,fn,tn,train_mse,val_mse,test_mse,train_r2,val_r2,test_r2,train_nll,val_nll,test_nll,n,p,snr,n_active,sigma2,rho,block_size,setting
flow_stagewise,27,1042.6021642684937,True,,123,9.0,1.0,0.9,0.9473684210526316,0.95,0.91,0.0,9.0,0.0,1.0,90.0,8.213627815246582,8.26613998413086,7.526002407073975,0.6880305161110727,0.683097265367973,0.7207258924150047,2.4903457164764404,2.488306999206543,2.454111099243164,1000,100,2.5,10,7.562206470255292,0.8,10,block_corr
