method,seed,runtime_sec,converged,n_iter,selected_ckpt_id,support_size,precision,recall,f1,auroc,auprc,fdr,tp,fp,fn,tn,train_mse,val_mse,test_mse,train_r2,val_r2,test_r2,train_nll,val_nll,test_nll,n,p,snr,n_active,sigma2,noise_x,group_size,setting
flow_stagewise,19,910.7433893680573,True,,126,11.0,0.45454545454545453,0.5,0.47619047619047616,0.7166666666666667,0.2772727272727273,0.5454545454545454,5.0,6.0,5.0,84.0,10.773314476013184,11.839349746704102,13.200031280517578,0.626646245313001,0.5764515629219634,0.5802819989065212,2.6203620433807373,2.691457509994507,2.764193534851074,1000,100,2.5,10,8.245313060062239,0.15,10,jitter
