method,seed,runtime_sec,converged,n_iter,selected_ckpt_id,support_size,precision,recall,f1,auroc,auprc,fdr,tp,fp,fn,tn,train_mse,val_mse,test_mse,train_r2,val_r2,test_r2,train_nll,val_nll,test_nll,n,p,snr,n_active,sigma2,setting
flow_stagewise,89,1129.347867012024,True,,117,10.0,1.0,1.0,1.0,1.0,1.0,0.0,10.0,0.0,0.0,90.0,5.806824684143066,7.165298938751221,5.168292999267578,0.7188649172007127,0.6817956944013774,0.757156844953084,2.3008956909179688,2.4066884517669678,2.251174211502075,1000,100,2.5,10,6.420220375061035,simple
