method,seed,runtime_sec,converged,n_iter,selected_ckpt_id,support_size,precision,recall,f1,auroc,auprc,fdr,tp,fp,fn,tn,train_mse,val_mse,test_mse,train_r2,val_r2,test_r2,train_nll,val_nll,test_nll,n,p,snr,n_active,sigma2,rho,block_size,setting
flow_stagewise,24,613.3147149085999,True,,17,10.0,1.0,1.0,1.0,1.0,1.0,0.0,10.0,0.0,0.0,90.0,9.175382614135742,7.940639495849609,9.239712715148926,0.7007956942769329,0.7259464178915083,0.6456910715623128,2.528817653656006,2.456286668777466,2.5324480533599854,1000,100,2.5,10,8.374042723556526,0.8,10,block_corr
