{
  "n": 1000,
  "p": 100,
  "n_active": 10,
  "sigma2": 4.052919387817383,
  "sigma": 2.013186454772949,
  "active_idx": [
    2,
    6,
    13,
    24,
    30,
    37,
    38,
    74,
    86,
    90
  ],
  "snr": 2.5,
  "setting": "simple",
  "seed": 48
}