{
  "sim": "block_corr",
  "n": 1000,
  "p": 100,
  "n_active": 10,
  "active_idx": [
    6,
    9,
    17,
    19,
    27,
    48,
    49,
    54,
    55,
    75
  ],
  "snr": 2.5,
  "sigma2": 7.92951145426503,
  "sigma": 2.8159388228910496,
  "rho": 0.8,
  "block_size": 10,
  "beta_low": 0.8,
  "beta_high": 1.8,
  "setting": "block_corr",
  "seed": 32
}