method,seed,runtime_sec,converged,n_iter,support_size,precision,recall,f1,auroc,auprc,fdr,tp,fp,fn,tn,train_mse,val_mse,test_mse,train_r2,val_r2,test_r2,train_nll,val_nll,test_nll,n,p,snr,n_active,sigma2,setting,selected_ckpt_id,rho,block_size
mf_spike_slab,32,0.07822606095578521,True,35,10.0,0.9,0.9,0.9,0.9922222222222223,0.9588235294117647,0.1,9.0,1.0,1.0,89.0,7.089122115574327,7.961009101190923,7.891951440209964,0.7277435281826616,0.6998868453398583,0.7045893299922424,2.398276035449624,2.4588489128027553,2.4540512483142374,1000,100,2.5,10,7.92951145426503,block_corr,,,
mf_ard,32,0.09023721399717033,True,63,31.0,0.3225806451612903,1.0,0.4878048780487805,1.0,1.0,0.6774193548387096,10.0,21.0,0.0,69.0,6.25457740554943,8.466824640139231,7.964762729312002,0.7597940690847624,0.6808186725566884,0.7018638657188346,2.3397946413476145,2.4947036659500967,2.4595475949286203,1000,100,2.5,10,7.92951145426503,block_corr,,,
mf_bayes_lasso,32,0.1078787479782477,True,72,67.0,0.14925373134328357,1.0,0.2597402597402597,0.9988888888888889,0.990909090909091,0.8507462686567164,10.0,57.0,0.0,33.0,6.071658482554883,8.950792012017699,8.278563859265642,0.7668190377326735,0.6625741293234321,0.6901176958708446,2.3207955515832985,2.5548638677284874,2.5002129423129436,1000,100,2.5,10,7.92951145426503,block_corr,,,
flow_stagewise,32,847.5468728542328,True,,11.0,0.9090909090909091,1.0,0.9523809523809523,0.9944444444444445,0.9090909090909091,0.09090909090909091,10.0,1.0,0.0,89.0,8.021964073181152,9.424471855163574,8.624905586242676,0.6919179294501461,0.6447173910562511,0.6771534829067581,2.459275245666504,2.5283095836639404,2.4956655502319336,1000,100,2.5,10,7.92951145426503,block_corr,102.0,0.8,10.0
