method,seed,runtime_sec,converged,n_iter,selected_ckpt_id,support_size,precision,recall,f1,auroc,auprc,fdr,tp,fp,fn,tn,train_mse,val_mse,test_mse,train_r2,val_r2,test_r2,train_nll,val_nll,test_nll,n,p,snr,n_active,sigma2,rho,block_size,setting
flow_stagewise,43,1016.4739713668823,True,,108,9.0,1.0,0.9,0.9473684210526316,0.95,0.91,0.0,9.0,0.0,1.0,90.0,6.77506685256958,7.03763484954834,6.929386615753174,0.6822897935258145,0.6962274859032005,0.6603205684324485,2.3766958713531494,2.395021915435791,2.3883066177368164,1000,100,2.5,10,6.191258817285051,0.8,10,block_corr
