method,seed,runtime_sec,converged,n_iter,selected_ckpt_id,support_size,precision,recall,f1,auroc,auprc,fdr,tp,fp,fn,tn,train_mse,val_mse,test_mse,train_r2,val_r2,test_r2,train_nll,val_nll,test_nll,n,p,snr,n_active,sigma2,setting
flow_stagewise,22,617.2348630428314,True,,102,9.0,1.0,0.9,0.9473684210526316,0.95,0.91,0.0,9.0,0.0,1.0,90.0,4.51055383682251,4.794251441955566,4.7798848152160645,0.730996032816865,0.661552439433931,0.7093446354212982,2.1724138259887695,2.203674554824829,2.2010703086853027,1000,100,2.5,10,4.571715831756592,simple
