method,seed,runtime_sec,converged,n_iter,selected_ckpt_id,support_size,precision,recall,f1,auroc,auprc,fdr,tp,fp,fn,tn,train_mse,val_mse,test_mse,train_r2,val_r2,test_r2,train_nll,val_nll,test_nll,n,p,snr,n_active,sigma2,setting
flow_stagewise,69,1109.6455698013306,True,,16,9.0,1.0,0.9,0.9473684210526316,0.95,0.91,0.0,9.0,0.0,1.0,90.0,7.260683536529541,8.042779922485352,9.627772331237793,0.7349822351710937,0.7353432131539059,0.7058373839537622,2.4139912128448486,2.46138858795166,2.557645797729492,1000,100,2.5,10,8.227117538452148,simple
