{
  "n": 1000,
  "p": 100,
  "n_active": 10,
  "sigma2": 6.229362964630127,
  "sigma": 2.4958691596984863,
  "active_idx": [
    11,
    13,
    19,
    24,
    41,
    47,
    71,
    77,
    90,
    99
  ],
  "snr": 2.5,
  "setting": "simple",
  "seed": 6
}