{
  "n": 1000,
  "p": 100,
  "n_active": 10,
  "sigma2": 7.338034152984619,
  "sigma": 2.708880662918091,
  "active_idx": [
    2,
    10,
    18,
    22,
    23,
    32,
    40,
    68,
    70,
    72
  ],
  "snr": 2.5,
  "setting": "simple",
  "seed": 51
}