method,seed,runtime_sec,converged,n_iter,support_size,precision,recall,f1,auroc,auprc,fdr,tp,fp,fn,tn,train_mse,val_mse,test_mse,train_r2,val_r2,test_r2,train_nll,val_nll,test_nll,n,p,snr,n_active,sigma2,setting,selected_ckpt_id
mf_spike_slab,51,0.024503913009539247,True,9,10.0,1.0,1.0,1.0,1.0,1.0,0.0,10.0,0.0,0.0,90.0,7.180655880803915,6.317958547325393,6.661898229012874,0.7273830911575092,0.7778611191398472,0.7190096486502631,2.4047615490841565,2.3460378180137362,2.3694497616793355,1000,100,2.5,10,7.338034152984619,simple,
mf_ard,51,0.025955514051020145,True,16,44.0,0.22727272727272727,1.0,0.37037037037037035,1.0,1.0,0.7727272727272727,10.0,34.0,0.0,56.0,5.957808509059513,7.4166802261927,7.0211627264890355,0.773809055025562,0.7392301591086685,0.7038563313969806,2.315699308852006,2.4225845744053847,2.393606705761863,1000,100,2.5,10,7.338034152984619,simple,
mf_bayes_lasso,51,0.022941916016861796,True,14,61.0,0.16393442622950818,1.0,0.28169014084507044,1.0,1.0,0.8360655737704918,10.0,51.0,0.0,39.0,5.887146743928006,8.037764181814065,7.386986224859512,0.7764917614946191,0.7173929004770282,0.6884263638703915,2.3053553507666336,2.485979672067033,2.43132265835486,1000,100,2.5,10,7.338034152984619,simple,
flow_stagewise,51,747.021627664566,True,,11.0,0.9090909090909091,1.0,0.9523809523809523,0.9944444444444445,0.9090909090909091,0.09090909090909091,10.0,1.0,0.0,89.0,7.368100643157959,6.405385971069336,6.731417179107666,0.720266660405002,0.7747872014143624,0.7160774053741008,2.4180667400360107,2.352248191833496,2.3745598793029785,1000,100,2.5,10,7.338034152984619,simple,113.0
