method,seed,runtime_sec,converged,n_iter,support_size,precision,recall,f1,auroc,auprc,fdr,tp,fp,fn,tn,train_mse,val_mse,test_mse,train_r2,val_r2,test_r2,train_nll,val_nll,test_nll,n,p,snr,n_active,sigma2,setting
mf_spike_slab,55,0.08399087400175631,True,36,10.0,0.9,0.9,0.9,0.9944444444444445,0.9614285714285714,0.1,9.0,1.0,1.0,89.0,8.340034467362207,9.9609901974787,10.173319522746464,0.7408874450964865,0.6793307909807723,0.6354502819524036,2.479542904768802,2.5750970561309843,2.5876137141175715,1000,100,2.5,10,8.93713295096936,block_corr
mf_ard,55,0.1402908059535548,True,95,37.0,0.2702702702702703,1.0,0.4255319148936171,1.0,1.0,0.7297297297297297,10.0,27.0,0.0,63.0,7.205021943669843,10.256005373846861,9.924547712929137,0.7761506080980694,0.6698335139652211,0.6443647461962844,2.4104512535734903,2.5961367986462425,2.575963992780668,1000,100,2.5,10,8.93713295096936,block_corr
mf_bayes_lasso,55,0.11605177295859903,True,78,71.0,0.14084507042253522,1.0,0.2469135802469136,0.9955555555555555,0.966923076923077,0.8591549295774648,10.0,61.0,0.0,29.0,6.858155052467167,10.860190957455755,10.05195986971124,0.7869272501782298,0.6503832676186556,0.639799071666265,2.3817194151242753,2.6689335536902137,2.6109292276072336,1000,100,2.5,10,8.93713295096936,block_corr
