{
  "n": 1000,
  "p": 100,
  "n_active": 10,
  "sigma2": 6.711073398590088,
  "sigma": 2.590574026107788,
  "active_idx": [
    10,
    13,
    31,
    35,
    36,
    49,
    51,
    57,
    61,
    99
  ],
  "snr": 2.5,
  "setting": "simple",
  "seed": 9
}