method,seed,runtime_sec,converged,n_iter,support_size,precision,recall,f1,auroc,auprc,fdr,tp,fp,fn,tn,train_mse,val_mse,test_mse,train_r2,val_r2,test_r2,train_nll,val_nll,test_nll,n,p,snr,n_active,sigma2,setting,selected_ckpt_id
mf_spike_slab,9,0.02807613997720182,True,9,9.0,1.0,0.9,0.9473684210526316,0.9988888888888889,0.990909090909091,0.0,9.0,0.0,1.0,90.0,6.658847078395964,6.572264565970535,6.121582702898504,0.7182578326800879,0.6664937650925942,0.7363078524993347,2.367119376148878,2.3608036412714024,2.3279287906634174,1000,100,2.5,10,6.711073398590088,simple,
mf_ard,9,0.023353785974904895,True,15,41.0,0.24390243902439024,1.0,0.39215686274509803,0.9977777777777778,0.9833333333333334,0.7560975609756098,10.0,31.0,0.0,59.0,5.42636305939662,7.433640834011899,6.597490966802309,0.7704054063684265,0.6227836628729575,0.7158077174504873,2.269140830019985,2.4302099174696115,2.363115119835842,1000,100,2.5,10,6.711073398590088,simple,
mf_bayes_lasso,9,0.02187809196766466,True,14,59.0,0.1694915254237288,1.0,0.2898550724637681,0.9955555555555556,0.9714285714285714,0.8305084745762712,10.0,49.0,0.0,41.0,5.365404987356072,8.090340094518481,7.011041101991148,0.7729846005037098,0.5894597916806714,0.697993709449664,2.2589534183297517,2.510166004030442,2.4106651058460136,1000,100,2.5,10,6.711073398590088,simple,
flow_stagewise,9,4782.216529607773,True,,8.0,1.0,0.8,0.888888888888889,0.9,0.8200000000000001,0.0,8.0,0.0,2.0,90.0,7.137897968292236,6.996832847595215,6.27004861831665,0.6979887214860732,0.6449492691356042,0.7299125643074211,2.4015860557556152,2.390794038772583,2.338545799255371,1000,100,2.5,10,6.711073398590088,simple,48.0
