method,seed,runtime_sec,converged,n_iter,support_size,precision,recall,f1,auroc,auprc,fdr,tp,fp,fn,tn,train_mse,val_mse,test_mse,train_r2,val_r2,test_r2,train_nll,val_nll,test_nll,n,p,snr,n_active,sigma2,setting,selected_ckpt_id,noise_x,group_size
mf_spike_slab,84,0.017986114020459354,True,7,10.0,0.1,0.1,0.10000000000000002,0.7505555555555555,0.2198090151104857,0.9,1.0,9.0,9.0,81.0,5.626703541224583,5.990814667486729,5.897872353217249,0.7026220386731605,0.6618386192304346,0.7206304721128974,2.2827339871078816,2.3147160955584405,2.306552403322152,1000,100,2.5,10,5.300865252772441,jitter,,,
mf_ard,84,0.4557275470579043,True,321,14.0,0.5,0.7,0.5833333333333334,0.9316666666666666,0.6601709401709401,0.5,7.0,7.0,3.0,83.0,4.937092686652266,5.159435434954911,5.331096363846445,0.7390687909392206,0.7087671865155991,0.7474774316748305,2.2216451955847494,2.2413315351397336,2.25653048073288,1000,100,2.5,10,5.300865252772441,jitter,,,
mf_bayes_lasso,84,1.3742282090242952,False,1000,67.0,0.14925373134328357,1.0,0.2597402597402597,0.87,0.42333333333333334,0.8507462686567164,10.0,57.0,0.0,33.0,4.561466298258281,5.101547156509344,5.460005534084089,0.758921091452792,0.7120347855411151,0.7413712815459687,2.1779026489381375,2.2357030322126135,2.274065864916704,1000,100,2.5,10,5.300865252772441,jitter,,,
flow_stagewise,84,640.4707999229431,True,,5.0,0.8,0.4,0.5333333333333333,0.6944444444444444,0.38000000000000006,0.2,4.0,1.0,6.0,89.0,13.637309074401855,12.197922706604004,15.131124496459961,0.2792520645424459,0.3114682527952354,0.283271228566512,2.95727276802063,2.8455865383148193,3.1164238452911377,1000,100,2.5,10,5.300865252772441,jitter,155.0,0.15,10.0
