method,seed,runtime_sec,converged,n_iter,selected_ckpt_id,support_size,precision,recall,f1,auroc,auprc,fdr,tp,fp,fn,tn,train_mse,val_mse,test_mse,train_r2,val_r2,test_r2,train_nll,val_nll,test_nll,n,p,snr,n_active,sigma2,rho,block_size,setting
flow_stagewise,57,1033.2844698429108,True,,28,10.0,1.0,1.0,1.0,1.0,1.0,0.0,10.0,0.0,0.0,90.0,7.301939487457275,7.1157121658325195,6.4857177734375,0.6910971582774086,0.7318016192227095,0.7140637721043435,2.413987159729004,2.4004318714141846,2.3545525074005127,1000,100,2.5,10,6.851702400505159,0.8,10,block_corr
