method,seed,runtime_sec,converged,n_iter,selected_ckpt_id,support_size,precision,recall,f1,auroc,auprc,fdr,tp,fp,fn,tn,train_mse,val_mse,test_mse,train_r2,val_r2,test_r2,train_nll,val_nll,test_nll,n,p,snr,n_active,sigma2,noise_x,group_size,setting
flow_stagewise,55,1265.7646429538727,True,,22,5.0,0.8,0.4,0.5333333333333333,0.6944444444444444,0.38000000000000006,0.2,4.0,1.0,6.0,89.0,10.344708442687988,10.36901569366455,10.786528587341309,0.41052029895663456,0.4220236640821947,0.4404830260324153,2.714303970336914,2.7116100788116455,2.759925603866577,1000,100,2.5,10,4.981604561289752,0.15,10,jitter
