method,seed,runtime_sec,converged,n_iter,selected_ckpt_id,support_size,precision,recall,f1,auroc,auprc,fdr,tp,fp,fn,tn,train_mse,val_mse,test_mse,train_r2,val_r2,test_r2,train_nll,val_nll,test_nll,n,p,snr,n_active,sigma2,noise_x,group_size,setting
flow_stagewise,54,1093.0721366405487,True,,273,16.0,0.5,0.8,0.6153846153846154,0.8555555555555555,0.42000000000000004,0.5,8.0,8.0,2.0,82.0,12.5295991897583,14.008646011352539,14.584176063537598,0.5780788295055332,0.5552803479110325,0.44289564185531893,2.6905250549316406,2.716477632522583,2.7751717567443848,1000,100,2.5,10,8.362115448251801,0.15,10,jitter
