method,seed,runtime_sec,converged,n_iter,support_size,precision,recall,f1,auroc,auprc,fdr,tp,fp,fn,tn,train_mse,val_mse,test_mse,train_r2,val_r2,test_r2,train_nll,val_nll,test_nll,n,p,snr,n_active,sigma2,setting,selected_ckpt_id,rho,block_size
mf_spike_slab,19,0.04214413999579847,True,18,10.0,0.9,0.9,0.9,0.9944444444444445,0.9666666666666667,0.1,9.0,1.0,1.0,89.0,6.546067360087829,7.075419903158417,7.010649428120616,0.6961650015966778,0.6748895382353344,0.7356469392720756,2.358419120694468,2.3982922731852585,2.3934134772639193,1000,100,2.5,10,6.934336180615742,block_corr,,,
mf_ard,19,0.10465697303880006,True,61,38.0,0.2631578947368421,1.0,0.4166666666666667,1.0,1.0,0.7368421052631579,10.0,28.0,0.0,62.0,5.777298232862184,7.038614533346547,6.9178421738716835,0.7318473363015248,0.6765807185382327,0.7391464555394347,2.300335714320068,2.395604790055301,2.386482676072381,1000,100,2.5,10,6.934336180615742,block_corr,,,
mf_bayes_lasso,19,0.10134191799443215,True,68,70.0,0.14285714285714285,1.0,0.25,0.9955555555555556,0.9714285714285714,0.8571428571428571,10.0,60.0,0.0,30.0,5.539580242940343,7.55603733878604,7.421984145616301,0.7428809907256635,0.6528055123304837,0.7201365942364959,2.2749518160223334,2.4542965078885834,2.4423737505572993,1000,100,2.5,10,6.934336180615742,block_corr,,,
flow_stagewise,19,785.6971673965454,True,,9.0,1.0,0.9,0.9473684210526316,0.95,0.91,0.0,9.0,0.0,1.0,90.0,7.3443684577941895,8.118340492248535,7.835799694061279,0.6591119586931671,0.6269681149476839,0.7045327169309894,2.4166903495788574,2.472419500350952,2.451824426651001,1000,100,2.5,10,6.934336180615742,block_corr,125.0,0.8,10.0
