method,seed,runtime_sec,converged,n_iter,support_size,precision,recall,f1,auroc,auprc,fdr,tp,fp,fn,tn,train_mse,val_mse,test_mse,train_r2,val_r2,test_r2,train_nll,val_nll,test_nll,n,p,snr,n_active,sigma2,setting
mf_spike_slab,18,0.08433893602341413,True,32,10.0,1.0,1.0,1.0,1.0,1.0,0.0,10.0,0.0,0.0,90.0,5.1233643735140975,5.87470011132513,5.812069768825393,0.7544582573241471,0.7087230691767016,0.7104592143383893,2.235882814803043,2.308299710908275,2.3022631352769163,1000,100,2.5,10,5.8838130636776,block_corr
mf_ard,18,0.11637689301278442,True,82,36.0,0.2777777777777778,1.0,0.4347826086956522,0.9955555555555556,0.9714285714285714,0.7222222222222222,10.0,26.0,0.0,64.0,4.581834364945691,6.409877995333145,6.123370351545613,0.7804115591627889,0.6821881025325576,0.6949511046833421,2.1847124082089957,2.3580198361460223,2.3308575179148154,1000,100,2.5,10,5.8838130636776,block_corr
mf_bayes_lasso,18,0.10565098596271127,True,73,60.0,0.16666666666666666,1.0,0.2857142857142857,0.9833333333333334,0.94,0.8333333333333334,10.0,50.0,0.0,40.0,4.4244794759968356,7.041938543138638,6.465583950284723,0.7879529305809155,0.6508495400577916,0.6779029964905469,2.16257022388995,2.4539828189645676,2.3898148670392914,1000,100,2.5,10,5.8838130636776,block_corr
