{
  "n": 1000,
  "p": 100,
  "n_active": 10,
  "sigma2": 5.607346534729004,
  "sigma": 2.36798357963562,
  "active_idx": [
    3,
    12,
    20,
    42,
    64,
    69,
    78,
    86,
    88,
    99
  ],
  "snr": 2.5,
  "setting": "simple",
  "seed": 75
}