method,seed,runtime_sec,converged,n_iter,support_size,precision,recall,f1,auroc,auprc,fdr,tp,fp,fn,tn,train_mse,val_mse,test_mse,train_r2,val_r2,test_r2,train_nll,val_nll,test_nll,n,p,snr,n_active,sigma2,setting,selected_ckpt_id
mf_spike_slab,75,0.02207081497181207,True,9,10.0,1.0,1.0,1.0,1.0,1.0,0.0,10.0,0.0,0.0,90.0,5.3995785069264715,5.315267434165879,5.754404209008278,0.7229878173493614,0.7358864690398657,0.7143044517384161,2.2622417936829144,2.2546197181225796,2.2943195294234635,1000,100,2.5,10,5.607346534729004,simple,
mf_ard,75,0.02359027904458344,True,16,36.0,0.2777777777777778,1.0,0.4347826086956522,1.0,1.0,0.7222222222222222,10.0,26.0,0.0,64.0,4.626170055501577,5.880431590550697,6.827494211990979,0.7626656483013206,0.707803686232847,0.6610275136574528,2.189459959868596,2.3073518889097007,2.3963692399519996,1000,100,2.5,10,5.607346534729004,simple,
mf_bayes_lasso,75,0.022931060986593366,True,15,45.0,0.2222222222222222,1.0,0.3636363636363636,1.0,1.0,0.7777777777777778,10.0,35.0,0.0,55.0,4.587060384845537,6.119209725074098,7.323642545270543,0.7646720743987057,0.6959388954191847,0.636394664634877,2.180581210517964,2.345992640551752,2.476023669471297,1000,100,2.5,10,5.607346534729004,simple,
flow_stagewise,75,539.3358824253082,True,,8.0,1.0,0.8,0.888888888888889,0.9,0.8200000000000001,0.0,8.0,0.0,2.0,90.0,5.703681945800781,5.352752208709717,5.746904373168945,0.7073865204365628,0.7340238704198008,0.714676828537699,2.290339946746826,2.2598700523376465,2.2932181358337402,1000,100,2.5,10,5.607346534729004,simple,103.0
