method,seed,runtime_sec,converged,n_iter,support_size,precision,recall,f1,auroc,auprc,fdr,tp,fp,fn,tn,train_mse,val_mse,test_mse,train_r2,val_r2,test_r2,train_nll,val_nll,test_nll,n,p,snr,n_active,sigma2,setting
mf_spike_slab,53,0.05210924393031746,True,21,10.0,1.0,1.0,1.0,1.0,1.0,0.0,10.0,0.0,0.0,90.0,5.410643870409151,5.133985231397388,5.554120474222334,0.7287154386872094,0.6761507577310222,0.7470816285012613,2.263164167870366,2.2379263356528303,2.2762526384386934,1000,100,2.5,10,5.487152381558995,block_corr
mf_ard,53,0.07796986598987132,True,52,28.0,0.35714285714285715,1.0,0.5263157894736842,1.0,1.0,0.6428571428571429,10.0,18.0,0.0,72.0,4.8959953874445175,5.5546962592604325,5.6277180597997445,0.754519426396494,0.6496125147391222,0.7437302101125407,2.2176983806433435,2.276295079464194,2.282790951318382,1000,100,2.5,10,5.487152381558995,block_corr
mf_bayes_lasso,53,0.11294164601713419,True,75,67.0,0.14925373134328357,1.0,0.2597402597402597,1.0,1.0,0.8507462686567164,10.0,57.0,0.0,33.0,4.7304414810754025,5.898619857098086,5.891012988055905,0.7628201425291136,0.6279179847515809,0.7317405305966767,2.196006069874744,2.317605140976036,2.316813319942105,1000,100,2.5,10,5.487152381558995,block_corr
