method,seed,runtime_sec,converged,n_iter,support_size,precision,recall,f1,auroc,auprc,fdr,tp,fp,fn,tn,train_mse,val_mse,test_mse,train_r2,val_r2,test_r2,train_nll,val_nll,test_nll,n,p,snr,n_active,sigma2,setting,selected_ckpt_id,noise_x,group_size
mf_spike_slab,6,0.03387190098874271,True,8,10.0,0.1,0.1,0.10000000000000002,0.7161111111111111,0.1927598656974855,0.9,1.0,9.0,9.0,81.0,8.41592610276337,10.732677218725062,8.394962544280345,0.6991720051522909,0.6838195221481556,0.7309315207308993,2.484034950799676,2.62008914861082,2.482803838785518,1000,100,2.5,10,8.540047277256276,jitter,,,
mf_ard,6,0.45200821897014976,True,312,13.0,0.38461538461538464,0.5,0.4347826086956522,0.8750000000000001,0.39673964246755267,0.6153846153846154,5.0,8.0,5.0,82.0,7.732107917048676,10.733516908592696,7.387714314426403,0.7236151444024566,0.6837947852127026,0.7632150178905077,2.445236813741762,2.616933452398829,2.4255356586803107,1000,100,2.5,10,8.540047277256276,jitter,,,
mf_bayes_lasso,6,1.4819447889458388,False,1000,82.0,0.12195121951219512,1.0,0.21739130434782605,0.6866666666666666,0.23520871711814184,0.8780487804878049,10.0,72.0,0.0,18.0,6.994996607673869,11.333646505238795,7.53120583234396,0.7499632508937889,0.6661152017524319,0.7586159450166928,2.3917066986585693,2.6938008942853173,2.4290422058414065,1000,100,2.5,10,8.540047277256276,jitter,,,
flow_stagewise,6,8926.077261686325,True,,5.0,0.8,0.4,0.5333333333333333,0.6944444444444444,0.38000000000000006,0.2,4.0,1.0,6.0,89.0,19.6889591217041,22.53278350830078,25.269786834716797,0.2962164662909399,0.3361929869153587,0.1900734454081361,3.1226978302001953,3.296921730041504,3.43648099899292,1000,100,2.5,10,8.540047277256276,jitter,167.0,0.15,10.0
