method,seed,runtime_sec,converged,n_iter,support_size,precision,recall,f1,auroc,auprc,fdr,tp,fp,fn,tn,train_mse,val_mse,test_mse,train_r2,val_r2,test_r2,train_nll,val_nll,test_nll,n,p,snr,n_active,sigma2,setting,selected_ckpt_id,noise_x,group_size
mf_spike_slab,52,0.0168995390413329,True,7,10.0,0.1,0.1,0.10000000000000002,0.6605555555555556,0.1675558493197856,0.9,1.0,9.0,9.0,81.0,6.102756683321988,5.8733453397439295,6.668737285534299,0.6868593239208424,0.6927517373159763,0.6491921314095201,2.323342291943028,2.304763207072504,2.3691787422229824,1000,100,2.5,10,5.302517234101482,jitter,,,
mf_ard,52,1.423246996011585,False,1000,17.0,0.29411764705882354,0.5,0.37037037037037035,0.8805555555555556,0.3910296949427384,0.7058823529411765,5.0,12.0,5.0,78.0,5.4406172891571885,5.701399346507724,6.218595759441216,0.7208345892487309,0.7017466294330481,0.672871755088102,2.2700863155789923,2.291078380057861,2.3327109239485067,1000,100,2.5,10,5.302517234101482,jitter,,,
mf_bayes_lasso,52,1.2326962500810623,False,1000,76.0,0.13157894736842105,1.0,0.23255813953488372,0.8205555555555555,0.29517924947547314,0.868421052631579,10.0,66.0,0.0,24.0,4.902377878434919,6.035173119334286,6.390767301623831,0.7484523793249154,0.6842861523287127,0.6638146983832238,2.2139830092906476,2.3264097409753197,2.361701460323608,1000,100,2.5,10,5.302517234101482,jitter,,,
flow_stagewise,52,2928.933967590332,True,,6.0,0.5,0.3,0.37499999999999994,0.6333333333333334,0.21999999999999997,0.5,3.0,3.0,7.0,87.0,10.519694328308105,11.587132453918457,11.034236907958984,0.46022029973545087,0.3938503277884754,0.41954574129413036,2.7169153690338135,2.8058197498321533,2.7482504844665527,1000,100,2.5,10,5.302517234101482,jitter,178.0,0.15,10.0
