{
  "sim": "block_corr",
  "n": 1000,
  "p": 100,
  "n_active": 10,
  "active_idx": [
    11,
    24,
    26,
    30,
    31,
    35,
    44,
    45,
    48,
    94
  ],
  "snr": 2.5,
  "sigma2": 7.165381086758553,
  "sigma": 2.6768229464719093,
  "rho": 0.8,
  "block_size": 10,
  "beta_low": 0.8,
  "beta_high": 1.8,
  "setting": "block_corr",
  "seed": 3
}