method,seed,runtime_sec,converged,n_iter,support_size,precision,recall,f1,auroc,auprc,fdr,tp,fp,fn,tn,train_mse,val_mse,test_mse,train_r2,val_r2,test_r2,train_nll,val_nll,test_nll,n,p,snr,n_active,sigma2,setting
mf_spike_slab,74,0.02745138795580715,True,7,10.0,0.1,0.1,0.10000000000000002,0.8211111111111111,0.2855762374880022,0.9,1.0,9.0,9.0,81.0,7.7910754570285885,8.93331792335802,8.995210867230934,0.7028943062503931,0.7101345243200373,0.6677376154516755,2.44546155224298,2.517919979174286,2.521846173028373,1000,100,2.5,10,7.476323898115481,jitter
mf_ard,74,0.855780933983624,True,618,12.0,0.75,0.9,0.8181818181818182,0.9522222222222223,0.801951198919284,0.25,9.0,3.0,1.0,87.0,6.861427665832883,8.389089493271353,8.525439006094002,0.7383455932350182,0.727793476359923,0.6850899066963065,2.3856868080649813,2.4838584106570245,2.4926205921464244,1000,100,2.5,10,7.476323898115481,jitter
mf_bayes_lasso,74,1.1525315290200524,False,1000,83.0,0.12048192771084337,1.0,0.21505376344086022,0.8455555555555555,0.36120956447094965,0.8795180722891566,10.0,73.0,0.0,17.0,6.048040366718109,8.924841624021512,9.414278762510424,0.7693633903444792,0.710409560601099,0.6522582119970599,2.31906474745823,2.549320029930959,2.588493916652993,1000,100,2.5,10,7.476323898115481,jitter
