method,seed,runtime_sec,converged,n_iter,selected_ckpt_id,support_size,precision,recall,f1,auroc,auprc,fdr,tp,fp,fn,tn,train_mse,val_mse,test_mse,train_r2,val_r2,test_r2,train_nll,val_nll,test_nll,n,p,snr,n_active,sigma2,noise_x,group_size,setting
flow_stagewise,10,832.998838186264,True,,153,10.0,0.4,0.4,0.4000000000000001,0.6666666666666666,0.22000000000000003,0.6,4.0,6.0,6.0,84.0,16.072715759277344,16.858806610107422,14.686020851135254,0.28638996204563627,0.14786316928669885,0.4369562924179782,3.077556610107422,3.1537413597106934,2.9801809787750244,1000,100,2.5,10,6.328565369597873,0.15,10,jitter
