{
  "n": 1000,
  "p": 100,
  "n_active": 10,
  "sigma2": 7.394736289978027,
  "sigma": 2.7193264961242676,
  "active_idx": [
    8,
    10,
    18,
    24,
    25,
    42,
    51,
    54,
    55,
    97
  ],
  "snr": 2.5,
  "setting": "simple",
  "seed": 94
}