method,seed,runtime_sec,converged,n_iter,selected_ckpt_id,support_size,precision,recall,f1,auroc,auprc,fdr,tp,fp,fn,tn,train_mse,val_mse,test_mse,train_r2,val_r2,test_r2,train_nll,val_nll,test_nll,n,p,snr,n_active,sigma2,noise_x,group_size,setting
flow_stagewise,39,578.0691955089569,True,,157,9.0,0.6666666666666666,0.6,0.631578947368421,0.7833333333333334,0.43999999999999995,0.3333333333333333,6.0,3.0,4.0,87.0,11.543060302734375,11.666975021362305,11.948046684265137,0.5698346788124523,0.6084369393928519,0.5429623787637463,2.67242169380188,2.6942098140716553,2.7057607173919678,1000,100,2.5,10,7.487627046231793,0.15,10,jitter
