method,seed,runtime_sec,converged,n_iter,support_size,precision,recall,f1,auroc,auprc,fdr,tp,fp,fn,tn,train_mse,val_mse,test_mse,train_r2,val_r2,test_r2,train_nll,val_nll,test_nll,n,p,snr,n_active,sigma2,setting,selected_ckpt_id,rho,block_size
mf_spike_slab,91,0.07949559693224728,True,35,10.0,1.0,1.0,1.0,1.0,1.0,0.0,10.0,0.0,0.0,90.0,8.629097858202801,9.038432331922913,10.624856641502634,0.7449873356116088,0.6729583811962531,0.6793666878033626,2.4965661308563076,2.519926149685209,2.6104606737032077,1000,100,2.5,10,9.909410526534,block_corr,,,
mf_ard,91,0.10310564807150513,True,72,39.0,0.2564102564102564,1.0,0.4081632653061224,1.0,1.0,0.7435897435897436,10.0,29.0,0.0,61.0,7.5148057361021365,9.312539821220932,10.959073588517454,0.7779176149563684,0.6630402279442076,0.669280802381152,2.431453819412526,2.5364337182512817,2.6325841721789334,1000,100,2.5,10,9.909410526534,block_corr,,,
mf_bayes_lasso,91,0.10429352498613298,True,72,76.0,0.13157894736842105,1.0,0.23255813953488372,0.9988888888888889,0.990909090909091,0.868421052631579,10.0,66.0,0.0,24.0,7.197055234569914,10.150043443724066,11.536299347273614,0.787307982679392,0.6327364617158493,0.6518614796401507,2.4058329234172517,2.607865420803598,2.702707906575291,1000,100,2.5,10,9.909410526534,block_corr,,,
flow_stagewise,91,505.2790811061859,True,,10.0,1.0,1.0,1.0,1.0,1.0,0.0,10.0,0.0,0.0,90.0,9.146361351013184,9.866087913513184,10.955435752868652,0.7297008092730665,0.6430109275604008,0.6693905762886989,2.527292490005493,2.563516139984131,2.618501663208008,1000,100,2.5,10,9.909410526534,block_corr,16.0,0.8,10.0
