method,seed,runtime_sec,converged,n_iter,selected_ckpt_id,support_size,precision,recall,f1,auroc,auprc,fdr,tp,fp,fn,tn,train_mse,val_mse,test_mse,train_r2,val_r2,test_r2,train_nll,val_nll,test_nll,n,p,snr,n_active,sigma2,rho,block_size,setting
flow_stagewise,18,641.6435804367065,True,,14,9.0,1.0,0.9,0.9473684210526316,0.95,0.91,0.0,9.0,0.0,1.0,90.0,5.650723934173584,6.275713920593262,6.350156784057617,0.7291841087655289,0.6888401613725577,0.6836532407240175,2.285294532775879,2.338533878326416,2.344125747680664,1000,100,2.5,10,5.8838130636776,0.8,10,block_corr
