method,seed,runtime_sec,converged,n_iter,selected_ckpt_id,support_size,precision,recall,f1,auroc,auprc,fdr,tp,fp,fn,tn,train_mse,val_mse,test_mse,train_r2,val_r2,test_r2,train_nll,val_nll,test_nll,n,p,snr,n_active,sigma2,rho,block_size,setting
flow_stagewise,8,3055.1135692596436,True,,83,10.0,1.0,1.0,1.0,1.0,1.0,0.0,10.0,0.0,0.0,90.0,7.299802303314209,8.394242286682129,7.632261753082275,0.6908944717508811,0.6853960985356105,0.7169680239703657,2.4128637313842773,2.488030433654785,2.435696840286255,1000,100,2.5,10,7.279949661783107,0.8,10,block_corr
