method,seed,runtime_sec,converged,n_iter,support_size,precision,recall,f1,auroc,auprc,fdr,tp,fp,fn,tn,train_mse,val_mse,test_mse,train_r2,val_r2,test_r2,train_nll,val_nll,test_nll,n,p,snr,n_active,sigma2,setting
mf_spike_slab,48,0.112462098011747,True,49,11.0,0.9090909090909091,1.0,0.9523809523809523,1.0,1.0,0.09090909090909091,10.0,1.0,0.0,89.0,6.975402441960564,8.589942394431494,5.9718001581559585,0.7126630457101913,0.6819443225389891,0.7535321930389698,2.390202675390857,2.504019800274363,2.3194536510050905,1000,100,2.5,10,7.334180386772466,block_corr
mf_ard,48,0.10980756499338895,True,76,33.0,0.30303030303030304,1.0,0.4651162790697675,1.0,1.0,0.696969696969697,10.0,23.0,0.0,67.0,6.315092844952426,9.131583131379072,6.245760358894533,0.7398631033514995,0.6618892507329175,0.7422253227348083,2.344622138083586,2.539911324762073,2.3398147773488813,1000,100,2.5,10,7.334180386772466,block_corr
mf_bayes_lasso,48,0.11175219900906086,True,76,64.0,0.15625,1.0,0.2702702702702703,1.0,1.0,0.84375,10.0,54.0,0.0,36.0,6.07995358491309,9.641130341841137,7.092091043124863,0.74954916797298,0.6430224905405627,0.7072956093851089,2.321485172557367,2.6103035055443398,2.403571480928806,1000,100,2.5,10,7.334180386772466,block_corr
