method,seed,runtime_sec,converged,n_iter,selected_ckpt_id,support_size,precision,recall,f1,auroc,auprc,fdr,tp,fp,fn,tn,train_mse,val_mse,test_mse,train_r2,val_r2,test_r2,train_nll,val_nll,test_nll,n,p,snr,n_active,sigma2,rho,block_size,setting
flow_stagewise,72,788.4711089134216,True,,164,11.0,0.9090909090909091,1.0,0.9523809523809523,0.9944444444444445,0.9090909090909091,0.09090909090909091,10.0,1.0,0.0,89.0,8.034417152404785,9.48575210571289,8.190262794494629,0.6987313058362323,0.6653465315407809,0.719872416106979,2.4619388580322266,2.5584757328033447,2.4723100662231445,1000,100,2.5,10,7.516039574733126,0.8,10,block_corr
