method,seed,runtime_sec,converged,n_iter,support_size,precision,recall,f1,auroc,auprc,fdr,tp,fp,fn,tn,train_mse,val_mse,test_mse,train_r2,val_r2,test_r2,train_nll,val_nll,test_nll,n,p,snr,n_active,sigma2,setting
mf_spike_slab,35,0.017153303953818977,True,7,10.0,0.1,0.1,0.10000000000000002,0.7577777777777779,0.21437720463377535,0.9,1.0,9.0,9.0,81.0,6.881010316772178,8.003505729710366,6.7285910420699135,0.6334055013189612,0.6887640685513514,0.6641950326486643,2.3833546834722315,2.4639801894849906,2.3724068604278585,1000,100,2.5,10,5.867204803648227,jitter
mf_ard,35,0.6756820289883763,True,469,18.0,0.3333333333333333,0.6,0.42857142857142855,0.7866666666666667,0.3867998866213152,0.6666666666666666,6.0,12.0,4.0,78.0,6.103264017085832,7.840607759758086,6.5789731548839026,0.6748409158451663,0.6950987552650731,0.6716620386544592,2.327349157574714,2.4524283568465077,2.3615976005170056,1000,100,2.5,10,5.867204803648227,jitter
mf_bayes_lasso,35,1.3023215050343424,False,1000,83.0,0.12048192771084337,1.0,0.21505376344086022,0.6977777777777778,0.22369812134839454,0.8795180722891566,10.0,73.0,0.0,17.0,5.272692011575826,8.584537201152289,7.324812849938703,0.7190906864400861,0.6661692360713913,0.6344392868359507,2.2505022647764563,2.553925730315569,2.438512748612122,1000,100,2.5,10,5.867204803648227,jitter
