method,seed,runtime_sec,converged,n_iter,support_size,precision,recall,f1,auroc,auprc,fdr,tp,fp,fn,tn,train_mse,val_mse,test_mse,train_r2,val_r2,test_r2,train_nll,val_nll,test_nll,n,p,snr,n_active,sigma2,setting
mf_spike_slab,20,0.027046513045206666,True,8,9.0,1.0,0.9,0.9473684210526316,0.9988888888888889,0.990909090909091,0.0,9.0,0.0,1.0,90.0,5.712728272850953,5.53407725206421,5.50791362168601,0.7165441870120548,0.735118920324896,0.7173421668660565,2.290445265923584,2.275199299712226,2.2729665118840012,1000,100,2.5,10,5.722992420196533,simple
mf_ard,20,0.02371669700369239,True,15,31.0,0.3225806451612903,1.0,0.4878048780487805,0.9955555555555556,0.9714285714285714,0.6774193548387096,10.0,21.0,0.0,69.0,4.8119508022309665,5.892793071602227,6.0953144633834135,0.7612392255401852,0.717949475583168,0.6871976401905602,2.209106389739958,2.3068362129069615,2.3251482093630442,1000,100,2.5,10,5.722992420196533,simple
mf_bayes_lasso,20,0.022599512012675405,True,14,45.0,0.2222222222222222,1.0,0.3636363636363636,0.9955555555555556,0.9714285714285714,0.7777777777777778,10.0,35.0,0.0,55.0,4.770069383239776,6.201150752806094,6.338743264784735,0.7633173099688906,0.7031903546307228,0.6747052406628007,2.2001419935663944,2.348713037012071,2.3629975239110745,1000,100,2.5,10,5.722992420196533,simple
