{
  "n": 1000,
  "p": 100,
  "n_active": 10,
  "sigma2": 8.019586563110352,
  "sigma": 2.8318874835968018,
  "active_idx": [
    4,
    7,
    11,
    12,
    29,
    46,
    48,
    53,
    65,
    85
  ],
  "snr": 2.5,
  "setting": "simple",
  "seed": 25
}