method,seed,runtime_sec,converged,n_iter,support_size,precision,recall,f1,auroc,auprc,fdr,tp,fp,fn,tn,train_mse,val_mse,test_mse,train_r2,val_r2,test_r2,train_nll,val_nll,test_nll,n,p,snr,n_active,sigma2,setting,selected_ckpt_id
mf_spike_slab,25,0.03292208397760987,True,8,10.0,1.0,1.0,1.0,1.0,1.0,0.0,10.0,0.0,0.0,90.0,8.614049999953613,7.359003932596729,9.539625837405806,0.7135906221335045,0.6841556134485391,0.6634581241688853,2.4957396391768256,2.4243652675294967,2.5483770646294444,1000,100,2.5,10,8.019586563110352,simple,
mf_ard,25,0.02644150599371642,True,17,44.0,0.22727272727272727,1.0,0.37037037037037035,1.0,1.0,0.7727272727272727,10.0,34.0,0.0,56.0,7.37016950929761,8.966101636098353,10.557143299396763,0.7549485243364145,0.6151798671464684,0.6275618279004695,2.4217178039422302,2.5167714755319666,2.6115338712561025,1000,100,2.5,10,8.019586563110352,simple,
mf_bayes_lasso,25,0.03289671603124589,True,15,56.0,0.17857142857142858,1.0,0.30303030303030304,1.0,1.0,0.8214285714285714,10.0,46.0,0.0,44.0,7.2748146773337306,9.858015781164697,11.26354999733373,0.758118986325779,0.576899404384758,0.6026409935537822,2.4111716761749227,2.586982852814308,2.682642700584241,1000,100,2.5,10,8.019586563110352,simple,
flow_stagewise,25,483.92084288597107,True,,9.0,1.0,0.9,0.9473684210526316,0.95,0.91,0.0,9.0,0.0,1.0,90.0,9.174896240234375,7.282431602478027,9.660215377807617,0.6949429824547162,0.6874420152527523,0.6592038805801491,2.531911611557007,2.4139223098754883,2.562169075012207,1000,100,2.5,10,8.019586563110352,simple,110.0
