method,seed,runtime_sec,converged,n_iter,selected_ckpt_id,support_size,precision,recall,f1,auroc,auprc,fdr,tp,fp,fn,tn,train_mse,val_mse,test_mse,train_r2,val_r2,test_r2,train_nll,val_nll,test_nll,n,p,snr,n_active,sigma2,noise_x,group_size,setting
flow_stagewise,46,9175.384941339493,True,,165,12.0,0.5833333333333334,0.7,0.6363636363636365,0.8222222222222222,0.43833333333333335,0.4166666666666667,7.0,5.0,3.0,85.0,15.623604774475098,18.477672576904297,17.11028289794922,0.4606494001380187,0.40675888942032823,0.5085342756707085,2.840965986251831,3.007631778717041,2.9168970584869385,1000,100,2.5,10,8.392136852553497,0.15,10,jitter
