method,seed,runtime_sec,converged,n_iter,support_size,precision,recall,f1,auroc,auprc,fdr,tp,fp,fn,tn,train_mse,val_mse,test_mse,train_r2,val_r2,test_r2,train_nll,val_nll,test_nll,n,p,snr,n_active,sigma2,setting,selected_ckpt_id,noise_x,group_size
mf_spike_slab,33,0.016848083003424108,True,7,10.0,0.2,0.2,0.20000000000000004,0.8444444444444444,0.30252952929423516,0.8,2.0,8.0,8.0,82.0,8.687363910474138,9.276895743401012,7.183102541298927,0.6763994043486553,0.7101055942428702,0.7406838081523481,2.499906707661894,2.533446442957618,2.414326039545577,1000,100,2.5,10,7.903746493467989,jitter,,,
mf_ard,33,0.36716343997977674,True,251,11.0,0.6363636363636364,0.7,0.6666666666666666,0.9044444444444444,0.6245730527334301,0.36363636363636365,7.0,4.0,3.0,86.0,7.987497350695412,9.110238476239862,7.682472562334541,0.7024691348163516,0.715313479592143,0.7226561200561095,2.4613950034360643,2.5236656804308906,2.4444773902487644,1000,100,2.5,10,7.903746493467989,jitter,,,
mf_bayes_lasso,33,1.432376857032068,False,1000,85.0,0.11764705882352941,1.0,0.21052631578947367,0.8144444444444444,0.28998917748917746,0.8823529411764706,10.0,75.0,0.0,15.0,6.952859716155616,9.834894741751922,8.77502539905645,0.741008944852018,0.6926686419999739,0.6832140211326765,2.3887952707449576,2.5891891035588697,2.515494204649457,1000,100,2.5,10,7.903746493467989,jitter,,,
flow_stagewise,33,643.7562427520752,True,,5.0,0.8,0.4,0.5333333333333333,0.6944444444444444,0.38000000000000006,0.2,4.0,1.0,6.0,89.0,14.831342697143555,15.909662246704102,17.7641658782959,0.4475387876960968,0.5028378216619396,0.3586983595085136,2.8892111778259277,2.956516742706299,3.073028326034546,1000,100,2.5,10,7.903746493467989,jitter,40.0,0.15,10.0
