method,seed,runtime_sec,converged,n_iter,support_size,precision,recall,f1,auroc,auprc,fdr,tp,fp,fn,tn,train_mse,val_mse,test_mse,train_r2,val_r2,test_r2,train_nll,val_nll,test_nll,n,p,snr,n_active,sigma2,setting,selected_ckpt_id,noise_x,group_size
mf_spike_slab,79,0.02306780603248626,True,7,10.0,0.2,0.2,0.20000000000000004,0.7688888888888888,0.2391439165498953,0.8,2.0,8.0,8.0,82.0,8.877338807681195,9.74994667145451,8.816872860445336,0.6908766750146358,0.720717371727953,0.6842335076484163,2.510723652284348,2.559299061381642,2.507357698062097,1000,100,2.5,10,8.064726634071969,jitter,,,
mf_ard,79,0.2932380249258131,True,155,12.0,0.4166666666666667,0.5,0.45454545454545453,0.7683333333333333,0.35113256113256114,0.5833333333333334,5.0,7.0,5.0,83.0,7.694943139757095,8.879822956539426,8.305112553057858,0.7320496085069039,0.7456416555432479,0.7025616337024365,2.442787500782038,2.510943990404172,2.477885579672698,1000,100,2.5,10,8.064726634071969,jitter,,,
mf_bayes_lasso,79,1.5607360269641504,False,1000,80.0,0.125,1.0,0.2222222222222222,0.7766666666666666,0.24518118813893458,0.875,10.0,70.0,0.0,20.0,6.754029877314572,9.292289630597583,9.369882891029592,0.7648137332643584,0.7338267420173252,0.6644280686501713,2.374267525386845,2.5561874940590656,2.561748691445862,1000,100,2.5,10,8.064726634071969,jitter,,,
flow_stagewise,79,6031.752436876297,True,,11.0,0.45454545454545453,0.5,0.47619047619047616,0.7166666666666667,0.2772727272727273,0.5454545454545454,5.0,6.0,5.0,84.0,20.071550369262695,16.755083084106445,19.326366424560547,0.3010761037190104,0.5200585478496847,0.3078476919977644,2.9538304805755615,2.841512441635132,2.9396777153015137,1000,100,2.5,10,8.064726634071969,jitter,94.0,0.15,10.0
