method,seed,runtime_sec,converged,n_iter,selected_ckpt_id,support_size,precision,recall,f1,auroc,auprc,fdr,tp,fp,fn,tn,train_mse,val_mse,test_mse,train_r2,val_r2,test_r2,train_nll,val_nll,test_nll,n,p,snr,n_active,sigma2,rho,block_size,setting
flow_stagewise,71,13064.327966928482,True,,86,10.0,0.9,0.9,0.9,0.9444444444444444,0.8200000000000001,0.1,9.0,1.0,1.0,89.0,8.753944396972656,12.624866485595703,9.769173622131348,0.6926928420554156,0.5707088111218406,0.6292124924826974,2.504678964614868,2.7401812076568604,2.5664889812469482,1000,100,2.5,10,8.214769080648967,0.8,10,block_corr
