method,seed,runtime_sec,converged,n_iter,selected_ckpt_id,support_size,precision,recall,f1,auroc,auprc,fdr,tp,fp,fn,tn,train_mse,val_mse,test_mse,train_r2,val_r2,test_r2,train_nll,val_nll,test_nll,n,p,snr,n_active,sigma2,noise_x,group_size,setting
flow_stagewise,97,781.8095417022705,True,,67,3.0,0.6666666666666666,0.2,0.30769230769230765,0.5944444444444444,0.21333333333333335,0.3333333333333333,2.0,1.0,8.0,89.0,12.332311630249023,15.765602111816406,13.17276382446289,0.4025097755890489,0.3069382371760955,0.31080380616234105,2.7657084465026855,3.0123353004455566,2.804969549179077,1000,100,2.5,10,5.854581396713695,0.15,10,jitter
