method,seed,runtime_sec,converged,n_iter,support_size,precision,recall,f1,auroc,auprc,fdr,tp,fp,fn,tn,train_mse,val_mse,test_mse,train_r2,val_r2,test_r2,train_nll,val_nll,test_nll,n,p,snr,n_active,sigma2,setting,selected_ckpt_id,noise_x,group_size
mf_spike_slab,36,0.01928814104758203,True,7,10.0,0.1,0.1,0.10000000000000002,0.7433333333333334,0.22592303588101906,0.9,1.0,9.0,9.0,81.0,6.829301925902299,7.200711947026805,7.530473390412121,0.6888278798677291,0.6734836778691389,0.6835954069277279,2.379583581942363,2.4064609268971004,2.430324343505529,1000,100,2.5,10,6.286956665309339,jitter,,,
mf_ard,36,0.594117027008906,True,402,14.0,0.5,0.7,0.5833333333333334,0.8255555555555556,0.449358864641278,0.5,7.0,7.0,3.0,83.0,5.806341081846735,6.672672848029986,6.925682206491848,0.7354383384637606,0.6974276136652271,0.7090066524791206,2.3025173089728526,2.367965470666608,2.387079392202232,1000,100,2.5,10,6.286956665309339,jitter,,,
mf_bayes_lasso,36,1.387283841962926,False,1000,83.0,0.10843373493975904,0.9,0.19354838709677422,0.7311111111111112,0.2497720078834209,0.891566265060241,9.0,74.0,1.0,16.0,5.096909918874996,7.317088193404605,6.776962348892207,0.7677630477041786,0.668206596348559,0.7152553494183453,2.233550663818132,2.4439522461510106,2.3927656663848573,1000,100,2.5,10,6.286956665309339,jitter,,,
flow_stagewise,36,665.0056345462799,True,,8.0,0.75,0.6,0.6666666666666665,0.788888888888889,0.49,0.25,6.0,2.0,4.0,88.0,11.307175636291504,13.034058570861816,12.995072364807129,0.4847968196379614,0.40897057213414545,0.4539917630717306,2.6825177669525146,2.719076156616211,2.772092342376709,1000,100,2.5,10,6.286956665309339,jitter,126.0,0.15,10.0
