method,seed,runtime_sec,converged,n_iter,selected_ckpt_id,support_size,precision,recall,f1,auroc,auprc,fdr,tp,fp,fn,tn,train_mse,val_mse,test_mse,train_r2,val_r2,test_r2,train_nll,val_nll,test_nll,n,p,snr,n_active,sigma2,rho,block_size,setting
flow_stagewise,80,17022.79384469986,True,,131,10.0,0.9,0.9,0.9,0.9444444444444444,0.8200000000000001,0.1,9.0,1.0,1.0,89.0,9.95649528503418,11.375925064086914,10.016535758972168,0.6710979380467748,0.6944112941099931,0.7204278515057903,2.568735122680664,2.6435415744781494,2.569681406021118,1000,100,2.5,10,9.242250854305025,0.8,10,block_corr
