{
  "n": 1000,
  "p": 100,
  "n_active": 10,
  "sigma2": 6.990390777587891,
  "sigma": 2.643934726715088,
  "active_idx": [
    4,
    12,
    22,
    27,
    31,
    34,
    39,
    42,
    94,
    96
  ],
  "snr": 2.5,
  "setting": "simple",
  "seed": 65
}