method,seed,runtime_sec,converged,n_iter,support_size,precision,recall,f1,auroc,auprc,fdr,tp,fp,fn,tn,train_mse,val_mse,test_mse,train_r2,val_r2,test_r2,train_nll,val_nll,test_nll,n,p,snr,n_active,sigma2,setting,selected_ckpt_id
mf_spike_slab,65,0.028126876917667687,True,8,10.0,1.0,1.0,1.0,1.0,1.0,0.0,10.0,0.0,0.0,90.0,7.321948261197278,9.891052819397984,6.55527257801378,0.7008489001591979,0.6538582582585306,0.7045365265632049,2.4144785338006662,2.5864010920919105,2.3631731696760903,1000,100,2.5,10,6.990390777587891,simple,
mf_ard,65,0.022323083016090095,True,15,47.0,0.2127659574468085,1.0,0.3508771929824561,1.0,1.0,0.7872340425531915,10.0,37.0,0.0,53.0,6.050386612654418,11.011081320977317,7.607026968089389,0.7528007922113249,0.6146623684563413,0.6571311743683317,2.3234110259690848,2.6812874243875995,2.4357107897705794,1000,100,2.5,10,6.990390777587891,simple,
mf_bayes_lasso,65,0.020938900066539645,True,14,59.0,0.1694915254237288,1.0,0.2898550724637681,1.0,1.0,0.8305084745762712,10.0,49.0,0.0,41.0,5.978414114239507,11.644746874093538,8.206808934692603,0.7557413554727744,0.5924869638515793,0.6300974147422702,2.313042068480545,2.7821371567401765,2.497522773952682,1000,100,2.5,10,6.990390777587891,simple,
flow_stagewise,65,555.7228848934174,True,,10.0,1.0,1.0,1.0,1.0,1.0,0.0,10.0,0.0,0.0,90.0,7.44931173324585,9.821989059448242,6.549029350280762,0.6956452638376508,0.6562751668563107,0.7048179201615572,2.424030065536499,2.5937304496765137,2.3596417903900146,1000,100,2.5,10,6.990390777587891,simple,30.0
