method,seed,runtime_sec,converged,n_iter,selected_ckpt_id,support_size,precision,recall,f1,auroc,auprc,fdr,tp,fp,fn,tn,train_mse,val_mse,test_mse,train_r2,val_r2,test_r2,train_nll,val_nll,test_nll,n,p,snr,n_active,sigma2,noise_x,group_size,setting
flow_stagewise,89,905.4771499633789,True,,219,8.0,0.5,0.4,0.4444444444444445,0.6777777777777777,0.26,0.5,4.0,4.0,6.0,86.0,13.77403450012207,14.349104881286621,13.440164566040039,0.4590016410032174,0.485155432880221,0.4501619822844236,2.8183443546295166,2.853015184402466,2.7971107959747314,1000,100,2.5,10,7.35773319222011,0.15,10,jitter
