{
  "n": 1000,
  "p": 100,
  "n_active": 10,
  "sigma2": 6.095137596130371,
  "sigma": 2.4688332080841064,
  "active_idx": [
    0,
    13,
    38,
    39,
    58,
    66,
    71,
    78,
    94,
    96
  ],
  "snr": 2.5,
  "setting": "simple",
  "seed": 83
}