method,seed,runtime_sec,converged,n_iter,support_size,precision,recall,f1,auroc,auprc,fdr,tp,fp,fn,tn,train_mse,val_mse,test_mse,train_r2,val_r2,test_r2,train_nll,val_nll,test_nll,n,p,snr,n_active,sigma2,setting,selected_ckpt_id
mf_spike_slab,83,0.02817336202133447,True,9,9.0,1.0,0.9,0.9473684210526316,1.0,1.0,0.0,9.0,0.0,1.0,90.0,5.949255674213285,5.668699645821082,5.7045804208774245,0.710782326974571,0.7186300366873577,0.7535899852786415,2.3106521298145877,2.2874937294515627,2.29045549562302,1000,100,2.5,10,6.095137596130371,simple,
mf_ard,83,0.024493125965818763,True,16,36.0,0.2777777777777778,1.0,0.4347826086956522,1.0,1.0,0.7222222222222222,10.0,26.0,0.0,64.0,5.078987663313939,6.33201744827479,6.564583754518934,0.7530896176347697,0.6857057829074611,0.7164420412637813,2.2360297851413886,2.343507028267211,2.3634551458132416,1000,100,2.5,10,6.095137596130371,simple,
mf_bayes_lasso,83,0.024363231961615384,True,16,49.0,0.20408163265306123,1.0,0.3389830508474576,1.0,1.0,0.7959183673469388,10.0,39.0,0.0,51.0,5.029135919742368,6.7796229961402465,7.0854256306664345,0.7555131149698269,0.6634885612428273,0.6939442158497844,2.226587082900888,2.3989059636004173,2.429009337916643,1000,100,2.5,10,6.095137596130371,simple,
flow_stagewise,83,465.36744570732117,True,,9.0,1.0,0.9,0.9473684210526316,0.95,0.91,0.0,9.0,0.0,1.0,90.0,6.08232307434082,5.717861175537109,5.794501304626465,0.7043133733861568,0.7161898650922838,0.7497058281667395,2.321631908416748,2.2917354106903076,2.2980239391326904,1000,100,2.5,10,6.095137596130371,simple,51.0
