{
  "n": 1000,
  "p": 100,
  "n_active": 10,
  "sigma2": 4.952442169189453,
  "sigma": 2.2254083156585693,
  "active_idx": [
    15,
    28,
    40,
    44,
    51,
    55,
    74,
    75,
    88,
    93
  ],
  "snr": 2.5,
  "setting": "simple",
  "seed": 98
}