method,seed,runtime_sec,converged,n_iter,support_size,precision,recall,f1,auroc,auprc,fdr,tp,fp,fn,tn,train_mse,val_mse,test_mse,train_r2,val_r2,test_r2,train_nll,val_nll,test_nll,n,p,snr,n_active,sigma2,setting,selected_ckpt_id
mf_spike_slab,98,0.021748417988419533,True,8,10.0,1.0,1.0,1.0,1.0,1.0,0.0,10.0,0.0,0.0,90.0,4.780926523390247,5.120168620383072,4.498723316870255,0.7235631769657822,0.7020348244793777,0.7119012897369608,2.201392806060634,2.236047161726826,2.1725651034388975,1000,100,2.5,10,4.952442169189453,simple,
mf_ard,98,0.02091892308089882,True,14,25.0,0.4,1.0,0.5714285714285715,0.9988888888888889,0.990909090909091,0.6,10.0,15.0,0.0,75.0,4.183767049942697,5.639865868808854,4.901005213596421,0.7580913938034607,0.6717913513975894,0.6861391151274747,2.139285734531552,2.2904262218064484,2.2137337899397616,1000,100,2.5,10,4.952442169189453,simple,
mf_bayes_lasso,98,0.022330529056489468,True,15,38.0,0.2631578947368421,1.0,0.4166666666666667,0.9977777777777778,0.9833333333333334,0.7368421052631579,10.0,28.0,0.0,62.0,4.154637921327699,5.978643795021105,5.167869456296216,0.7597756622674686,0.6520763709486068,0.6690491012008968,2.131071833227725,2.348596804532113,2.2519065102139546,1000,100,2.5,10,4.952442169189453,simple,
flow_stagewise,98,658.9480934143066,True,,9.0,1.0,0.9,0.9473684210526316,0.95,0.91,0.0,9.0,0.0,1.0,90.0,4.955259799957275,5.2655534744262695,4.423826694488525,0.7134831164599916,0.693574227776833,0.7166976600345967,2.2191553115844727,2.250500440597534,2.16550350189209,1000,100,2.5,10,4.952442169189453,simple,16.0
