method,seed,runtime_sec,converged,n_iter,selected_ckpt_id,support_size,precision,recall,f1,auroc,auprc,fdr,tp,fp,fn,tn,train_mse,val_mse,test_mse,train_r2,val_r2,test_r2,train_nll,val_nll,test_nll,n,p,snr,n_active,sigma2,rho,block_size,setting
flow_stagewise,40,778.4364042282104,True,,144,10.0,1.0,1.0,1.0,1.0,1.0,0.0,10.0,0.0,0.0,90.0,8.111603736877441,7.164892196655273,7.985095024108887,0.718672661745017,0.7394546341858377,0.6948198228670223,2.4665329456329346,2.4080350399017334,2.456557512283325,1000,100,2.5,10,7.870176656115932,0.8,10,block_corr
