method,seed,runtime_sec,converged,n_iter,support_size,precision,recall,f1,auroc,auprc,fdr,tp,fp,fn,tn,train_mse,val_mse,test_mse,train_r2,val_r2,test_r2,train_nll,val_nll,test_nll,n,p,snr,n_active,sigma2,setting,selected_ckpt_id,noise_x,group_size
mf_spike_slab,11,0.016772095928899944,True,7,10.0,0.0,0.0,0.0,0.6188888888888889,0.15082242797545914,1.0,0.0,10.0,10.0,80.0,7.601185624311955,9.387599123237822,8.210974139650443,0.7171008445290078,0.6242208989816557,0.7265005597756665,2.4331242742122767,2.549275673994316,2.472772311841954,1000,100,2.5,10,8.157250581004154,jitter,,,
mf_ard,11,0.3821667649317533,True,276,15.0,0.4666666666666667,0.7,0.56,0.8377777777777777,0.5615303892818124,0.5333333333333333,7.0,8.0,3.0,82.0,6.788155600899721,8.409862614227213,7.974373422042858,0.7473600065024009,0.6633590152950521,0.7343814960350887,2.3803326157773146,2.485647885276199,2.457366783164763,1000,100,2.5,10,8.157250581004154,jitter,,,
mf_bayes_lasso,11,1.41016915300861,False,1000,75.0,0.12,0.9,0.21176470588235294,0.78,0.2571951857666143,0.88,9.0,66.0,1.0,24.0,6.0892522157650975,8.728694570450141,8.79094600017474,0.7733716298441607,0.6505963925719752,0.7071822698259659,2.3224066525190876,2.5329820818513373,2.5379485178553423,1000,100,2.5,10,8.157250581004154,jitter,,,
flow_stagewise,11,902.9934303760529,True,,11.0,0.6363636363636364,0.7,0.6666666666666666,0.8277777777777778,0.47545454545454546,0.36363636363636365,7.0,4.0,3.0,86.0,10.154494285583496,11.681121826171875,11.895394325256348,0.6220724250215575,0.5324127471462992,0.6037761894736209,2.582871437072754,2.664238214492798,2.673251152038574,1000,100,2.5,10,8.157250581004154,jitter,231.0,0.15,10.0
