{
  "n": 1000,
  "p": 100,
  "n_active": 10,
  "sigma2": 5.852900505065918,
  "sigma": 2.4192769527435303,
  "active_idx": [
    13,
    20,
    30,
    31,
    41,
    42,
    51,
    67,
    89,
    91
  ],
  "snr": 2.5,
  "setting": "simple",
  "seed": 2
}