method,seed,runtime_sec,converged,n_iter,selected_ckpt_id,support_size,precision,recall,f1,auroc,auprc,fdr,tp,fp,fn,tn,train_mse,val_mse,test_mse,train_r2,val_r2,test_r2,train_nll,val_nll,test_nll,n,p,snr,n_active,sigma2,noise_x,group_size,setting
flow_stagewise,37,514.4228112697601,True,,126,9.0,0.7777777777777778,0.7,0.7368421052631577,0.8388888888888888,0.5744444444444444,0.2222222222222222,7.0,2.0,3.0,88.0,12.404420852661133,15.457698822021484,12.150716781616211,0.5079062735190458,0.44817378881200465,0.5618337287770006,2.7260611057281494,2.9112861156463623,2.7105400562286377,1000,100,2.5,10,8.236212844599041,0.15,10,jitter
