{
  "sim": "block_corr",
  "n": 1000,
  "p": 100,
  "n_active": 10,
  "active_idx": [
    4,
    7,
    11,
    12,
    29,
    46,
    48,
    53,
    65,
    85
  ],
  "snr": 2.5,
  "sigma2": 8.205195953916412,
  "sigma": 2.8644713218875855,
  "rho": 0.8,
  "block_size": 10,
  "beta_low": 0.8,
  "beta_high": 1.8,
  "setting": "block_corr",
  "seed": 25
}