method,seed,runtime_sec,converged,n_iter,support_size,precision,recall,f1,auroc,auprc,fdr,tp,fp,fn,tn,train_mse,val_mse,test_mse,train_r2,val_r2,test_r2,train_nll,val_nll,test_nll,n,p,snr,n_active,sigma2,setting,selected_ckpt_id,rho,block_size
mf_spike_slab,25,0.08197593095246702,True,37,8.0,1.0,0.8,0.888888888888889,0.9988888888888889,0.990909090909091,0.0,8.0,0.0,2.0,90.0,9.458754184582016,8.393531808366651,10.451657879288495,0.6592492769404896,0.6923979438140508,0.6600169567127795,2.5424800430316914,2.4871159600987185,2.5940854202051344,1000,100,2.5,10,8.205195953916412,block_corr,,,
mf_ard,25,0.09498620894737542,True,66,39.0,0.2564102564102564,1.0,0.4081632653061224,1.0,1.0,0.7435897435897436,10.0,29.0,0.0,61.0,7.794191187497333,8.618899759481536,10.27464073917572,0.7192150011538604,0.6841387691609863,0.6657751652864454,2.449550644394085,2.496102640096143,2.5895635905322467,1000,100,2.5,10,8.205195953916412,block_corr,,,
mf_bayes_lasso,25,0.11038203700445592,True,72,68.0,0.14705882352941177,1.0,0.25641025641025644,0.9944444444444445,0.9666666666666667,0.8529411764705882,10.0,58.0,0.0,32.0,7.5260799609241955,9.629707915894791,11.139189404649283,0.7288736826812952,0.647095165297793,0.6376521737235397,2.4281610577227415,2.5662612869494272,2.6653566327390057,1000,100,2.5,10,8.205195953916412,block_corr,,,
flow_stagewise,25,622.5894680023193,True,,10.0,1.0,1.0,1.0,1.0,1.0,0.0,10.0,0.0,0.0,90.0,9.533483505249023,7.985927104949951,10.754961013793945,0.6565571483754667,0.7073356445005292,0.6501507885845093,2.548156976699829,2.45851993560791,2.625429153442383,1000,100,2.5,10,8.205195953916412,block_corr,177.0,0.8,10.0
