method,seed,runtime_sec,converged,n_iter,selected_ckpt_id,support_size,precision,recall,f1,auroc,auprc,fdr,tp,fp,fn,tn,train_mse,val_mse,test_mse,train_r2,val_r2,test_r2,train_nll,val_nll,test_nll,n,p,snr,n_active,sigma2,noise_x,group_size,setting
flow_stagewise,5,8794.11302280426,True,,171,9.0,0.4444444444444444,0.4,0.4210526315789474,0.6722222222222222,0.23777777777777778,0.5555555555555556,4.0,5.0,6.0,85.0,11.975343704223633,13.358280181884766,11.928003311157227,0.5510386156835179,0.43366336807880834,0.4959770161780761,2.6994969844818115,2.7867071628570557,2.6942222118377686,1000,100,2.5,10,6.905795803531021,0.15,10,jitter
