method,seed,runtime_sec,converged,n_iter,selected_ckpt_id,support_size,precision,recall,f1,auroc,auprc,fdr,tp,fp,fn,tn,train_mse,val_mse,test_mse,train_r2,val_r2,test_r2,train_nll,val_nll,test_nll,n,p,snr,n_active,sigma2,noise_x,group_size,setting
flow_stagewise,95,2587.812525033951,True,,26,8.0,0.5,0.4,0.4444444444444445,0.6777777777777777,0.26,0.5,4.0,4.0,6.0,86.0,10.91199016571045,12.693525314331055,10.865225791931152,0.5483637472339976,0.3460862784555402,0.4267886240172716,2.657183885574341,2.784449577331543,2.671168804168701,1000,100,2.5,10,6.234898510986921,0.15,10,jitter
