method,seed,runtime_sec,converged,n_iter,selected_ckpt_id,support_size,precision,recall,f1,auroc,auprc,fdr,tp,fp,fn,tn,train_mse,val_mse,test_mse,train_r2,val_r2,test_r2,train_nll,val_nll,test_nll,n,p,snr,n_active,sigma2,noise_x,group_size,setting
flow_stagewise,80,2106.9229624271393,True,,156,13.0,0.38461538461538464,0.5,0.4347826086956522,0.7055555555555556,0.24230769230769234,0.6153846153846154,5.0,8.0,5.0,82.0,20.26585578918457,25.726295471191406,20.081680297851562,0.2805020664411597,-0.03327111311756825,0.3276283002013488,3.106797695159912,3.373720645904541,3.0813488960266113,1000,100,2.5,10,7.958686063989836,0.15,10,jitter
