{
  "sim": "block_corr",
  "n": 1000,
  "p": 100,
  "n_active": 10,
  "active_idx": [
    4,
    5,
    8,
    35,
    36,
    64,
    71,
    81,
    94,
    98
  ],
  "snr": 2.5,
  "sigma2": 5.972522601608388,
  "sigma": 2.4438745061087706,
  "rho": 0.8,
  "block_size": 10,
  "beta_low": 0.8,
  "beta_high": 1.8,
  "setting": "block_corr",
  "seed": 34
}