method,seed,runtime_sec,converged,n_iter,selected_ckpt_id,support_size,precision,recall,f1,auroc,auprc,fdr,tp,fp,fn,tn,train_mse,val_mse,test_mse,train_r2,val_r2,test_r2,train_nll,val_nll,test_nll,n,p,snr,n_active,sigma2,setting
flow_stagewise,35,473.67896938323975,True,,35,10.0,1.0,1.0,1.0,1.0,1.0,0.0,10.0,0.0,0.0,90.0,4.403231143951416,4.102560043334961,3.713230848312378,0.7014252778294345,0.7332015185080574,0.6866416296191298,2.1612601280212402,2.124741554260254,2.0774524211883545,1000,100,2.5,10,4.116677284240723,simple
