{
  "n": 1000,
  "p": 100,
  "n_active": 10,
  "sigma2": 5.413877487182617,
  "sigma": 2.3267741203308105,
  "active_idx": [
    11,
    12,
    14,
    15,
    37,
    56,
    71,
    85,
    95,
    97
  ],
  "snr": 2.5,
  "setting": "simple",
  "seed": 73
}