method,seed,runtime_sec,converged,n_iter,support_size,precision,recall,f1,auroc,auprc,fdr,tp,fp,fn,tn,train_mse,val_mse,test_mse,train_r2,val_r2,test_r2,train_nll,val_nll,test_nll,n,p,snr,n_active,sigma2,setting,selected_ckpt_id
mf_spike_slab,73,0.01914208196103573,True,7,9.0,1.0,0.9,0.9473684210526316,0.9988888888888889,0.990909090909091,0.0,9.0,0.0,1.0,90.0,5.656883838847084,5.2857608459423275,4.77005355016639,0.697311780295629,0.7028101493097384,0.7597621169006531,2.2854360863761953,2.2531428836632417,2.208268702969954,1000,100,2.5,10,5.413877487182617,simple,
mf_ard,73,0.022120896028354764,True,15,32.0,0.3125,1.0,0.47619047619047616,0.9988888888888889,0.990909090909091,0.6875,10.0,22.0,0.0,68.0,4.8756385127916335,6.361542678936313,5.367814233163634,0.7391146109056845,0.642324733559571,0.7296566349447391,2.215601171931505,2.3483648337774197,2.259576451358695,1000,100,2.5,10,5.413877487182617,simple,
mf_bayes_lasso,73,0.02115445409435779,True,14,41.0,0.24390243902439024,1.0,0.39215686274509803,0.9977777777777778,0.9833333333333334,0.7560975609756098,10.0,31.0,0.0,59.0,4.837232160302343,6.870817112652381,5.718494057480598,0.7411696558370457,0.6136909763148344,0.7119950766931301,2.207128956353507,2.4154993264348743,2.29742706140264,1000,100,2.5,10,5.413877487182617,simple,
flow_stagewise,73,673.2095484733582,True,,9.0,1.0,0.9,0.9473684210526316,0.95,0.91,0.0,9.0,0.0,1.0,90.0,5.757561206817627,5.274647235870361,4.638192176818848,0.6919247687418876,0.7034349931376732,0.766403160621631,2.2951574325561523,2.250563144683838,2.1917853355407715,1000,100,2.5,10,5.413877487182617,simple,95.0
