method,seed,runtime_sec,converged,n_iter,selected_ckpt_id,support_size,precision,recall,f1,auroc,auprc,fdr,tp,fp,fn,tn,train_mse,val_mse,test_mse,train_r2,val_r2,test_r2,train_nll,val_nll,test_nll,n,p,snr,n_active,sigma2,noise_x,group_size,setting
flow_stagewise,57,1623.26659989357,True,,114,7.0,0.7142857142857143,0.5,0.588235294117647,0.7388888888888888,0.40714285714285714,0.2857142857142857,5.0,2.0,5.0,88.0,12.028398513793945,12.311634063720703,12.323594093322754,0.4410296206541322,0.4609551423547458,0.4637176725568992,2.775336980819702,2.8137123584747314,2.813136100769043,1000,100,2.5,10,6.1501283366399555,0.15,10,jitter
