method,seed,runtime_sec,converged,n_iter,selected_ckpt_id,support_size,precision,recall,f1,auroc,auprc,fdr,tp,fp,fn,tn,train_mse,val_mse,test_mse,train_r2,val_r2,test_r2,train_nll,val_nll,test_nll,n,p,snr,n_active,sigma2,noise_x,group_size,setting
flow_stagewise,90,746.7114901542664,True,,71,9.0,0.7777777777777778,0.7,0.7368421052631577,0.8388888888888888,0.5744444444444444,0.2222222222222222,7.0,2.0,3.0,88.0,10.643485069274902,14.802938461303711,11.792723655700684,0.45840466281549574,0.19114688088510512,0.32466485600454553,2.7434446811676025,3.1229398250579834,2.848473310470581,1000,100,2.5,10,5.425984068507291,0.15,10,jitter
