{
  "sim": "block_corr",
  "n": 1000,
  "p": 100,
  "n_active": 10,
  "active_idx": [
    15,
    28,
    40,
    44,
    51,
    55,
    74,
    75,
    88,
    93
  ],
  "snr": 2.5,
  "sigma2": 7.003541730984965,
  "sigma": 2.6464205506655523,
  "rho": 0.8,
  "block_size": 10,
  "beta_low": 0.8,
  "beta_high": 1.8,
  "setting": "block_corr",
  "seed": 98
}