method,seed,runtime_sec,converged,n_iter,support_size,precision,recall,f1,auroc,auprc,fdr,tp,fp,fn,tn,train_mse,val_mse,test_mse,train_r2,val_r2,test_r2,train_nll,val_nll,test_nll,n,p,snr,n_active,sigma2,setting
mf_spike_slab,17,0.03200495394412428,True,10,11.0,0.9090909090909091,1.0,0.9523809523809523,1.0,1.0,0.09090909090909091,10.0,1.0,0.0,89.0,7.007744652016979,7.577111115742488,7.302171911982444,0.7124722136373012,0.6513441777260911,0.6987081935558432,2.3926222159047286,2.432178765491268,2.4130774538761512,1000,100,2.5,10,6.658728122711182,simple
mf_ard,17,0.02718314900994301,True,17,29.0,0.3448275862068966,1.0,0.5128205128205129,1.0,1.0,0.6551724137931034,10.0,19.0,0.0,71.0,6.047018744169078,8.776880260537064,8.296762051595646,0.7518908008293008,0.5961375836393119,0.6576708332406362,2.323014643960829,2.5204318545724145,2.4857108267822747,1000,100,2.5,10,6.658728122711182,simple
mf_bayes_lasso,17,0.024306874023750424,True,15,48.0,0.20833333333333334,1.0,0.3448275862068966,1.0,1.0,0.7916666666666666,10.0,38.0,0.0,52.0,5.988696923130093,9.397121730884276,8.875691069628681,0.7542837453403647,0.5675975772240708,0.6337838894999814,2.313901140307883,2.595597991048641,2.5525031940558462,1000,100,2.5,10,6.658728122711182,simple
