method,seed,runtime_sec,converged,n_iter,selected_ckpt_id,support_size,precision,recall,f1,auroc,auprc,fdr,tp,fp,fn,tn,train_mse,val_mse,test_mse,train_r2,val_r2,test_r2,train_nll,val_nll,test_nll,n,p,snr,n_active,sigma2,rho,block_size,setting
flow_stagewise,42,1059.1823236942291,True,,77,9.0,1.0,0.9,0.9473684210526316,0.95,0.91,0.0,9.0,0.0,1.0,90.0,6.5857834815979,7.5661163330078125,6.283156871795654,0.6795604488634559,0.6501262910498127,0.6670476060363721,2.3600125312805176,2.4344465732574463,2.336289405822754,1000,100,2.5,10,6.00423356995167,0.8,10,block_corr
