method,seed,runtime_sec,converged,n_iter,selected_ckpt_id,support_size,precision,recall,f1,auroc,auprc,fdr,tp,fp,fn,tn,train_mse,val_mse,test_mse,train_r2,val_r2,test_r2,train_nll,val_nll,test_nll,n,p,snr,n_active,sigma2,noise_x,group_size,setting
flow_stagewise,22,5576.481057167053,True,,134,6.0,0.8333333333333334,0.5,0.625,0.7444444444444445,0.4666666666666667,0.16666666666666666,5.0,1.0,5.0,89.0,13.846780776977539,14.224416732788086,13.562603950500488,0.5079353052486286,0.4144842936980334,0.4773278383176016,2.8308398723602295,2.85915470123291,2.8129303455352783,1000,100,2.5,10,7.7183436567233965,0.15,10,jitter
