{
  "sim": "block_corr",
  "n": 1000,
  "p": 100,
  "n_active": 10,
  "active_idx": [
    11,
    13,
    18,
    36,
    39,
    52,
    55,
    79,
    85,
    91
  ],
  "snr": 2.5,
  "sigma2": 5.124640402267724,
  "sigma": 2.263766861288442,
  "rho": 0.8,
  "block_size": 10,
  "beta_low": 0.8,
  "beta_high": 1.8,
  "setting": "block_corr",
  "seed": 28
}