{
  "sim": "block_corr",
  "n": 1000,
  "p": 100,
  "n_active": 10,
  "active_idx": [
    5,
    8,
    18,
    20,
    21,
    23,
    32,
    76,
    77,
    96
  ],
  "snr": 2.5,
  "sigma2": 7.870176656115932,
  "sigma": 2.805383513196713,
  "rho": 0.8,
  "block_size": 10,
  "beta_low": 0.8,
  "beta_high": 1.8,
  "setting": "block_corr",
  "seed": 40
}