method,seed,runtime_sec,converged,n_iter,support_size,precision,recall,f1,auroc,auprc,fdr,tp,fp,fn,tn,train_mse,val_mse,test_mse,train_r2,val_r2,test_r2,train_nll,val_nll,test_nll,n,p,snr,n_active,sigma2,setting
mf_spike_slab,57,0.03147500101476908,True,8,8.0,1.0,0.8,0.888888888888889,1.0,1.0,0.0,8.0,0.0,2.0,90.0,6.436705045429236,6.818353228163514,6.379695256677515,0.6948384283375174,0.6620132394015767,0.6945832746658003,2.3500154561320294,2.379173531921726,2.3456598851732786,1000,100,2.5,10,6.3364152908325195,simple
mf_ard,57,0.022614751011133194,True,15,36.0,0.2777777777777778,1.0,0.4347826086956522,1.0,1.0,0.7222222222222222,10.0,26.0,0.0,64.0,5.368121105342363,7.5488323869435705,7.134020452497293,0.7454995588862534,0.625803281322413,0.6584712784222151,2.263639216754084,2.4408158890544285,2.4071135833912525,1000,100,2.5,10,6.3364152908325195,simple
mf_bayes_lasso,57,0.022559787961654365,True,14,50.0,0.2,1.0,0.33333333333333337,0.9988888888888889,0.990909090909091,0.8,10.0,40.0,0.0,50.0,5.313581861659676,8.12032623485168,7.684308015178263,0.7480852422758179,0.5974742482124027,0.6321272261400552,2.2540911237204404,2.5158751347184953,2.4752078764157637,1000,100,2.5,10,6.3364152908325195,simple
