method,seed,runtime_sec,converged,n_iter,selected_ckpt_id,support_size,precision,recall,f1,auroc,auprc,fdr,tp,fp,fn,tn,train_mse,val_mse,test_mse,train_r2,val_r2,test_r2,train_nll,val_nll,test_nll,n,p,snr,n_active,sigma2,noise_x,group_size,setting
flow_stagewise,45,2694.4829194545746,True,,166,13.0,0.6153846153846154,0.8,0.6956521739130435,0.8722222222222222,0.5123076923076924,0.38461538461538464,8.0,5.0,2.0,85.0,18.409730911254883,22.205734252929688,23.00971221923828,0.14826913816284626,0.00905391481963802,-0.01229464837425942,3.1622681617736816,3.390738010406494,3.426783561706543,1000,100,2.5,10,6.219317599478333,0.15,10,jitter
