{
  "n": 1000,
  "p": 100,
  "n_active": 10,
  "sigma2": 6.049195289611816,
  "sigma": 2.4595112800598145,
  "active_idx": [
    7,
    24,
    33,
    36,
    41,
    45,
    47,
    50,
    55,
    59
  ],
  "snr": 2.5,
  "setting": "simple",
  "seed": 88
}