method,seed,runtime_sec,converged,n_iter,support_size,precision,recall,f1,auroc,auprc,fdr,tp,fp,fn,tn,train_mse,val_mse,test_mse,train_r2,val_r2,test_r2,train_nll,val_nll,test_nll,n,p,snr,n_active,sigma2,setting
mf_spike_slab,81,0.01722613105084747,True,7,10.0,0.2,0.2,0.20000000000000004,0.8722222222222222,0.2993973931125634,0.8,2.0,8.0,8.0,82.0,6.494635983195681,7.279299553031526,6.871770401852713,0.6984388008689046,0.6895592599459675,0.6500587621116514,2.3544603379957914,2.4141723061702796,2.383159820512947,1000,100,2.5,10,6.227754408848294,jitter
mf_ard,81,0.4733292070450261,True,328,12.0,0.8333333333333334,1.0,0.9090909090909091,0.9905555555555555,0.8521031746031746,0.16666666666666666,10.0,2.0,0.0,88.0,5.838266447792125,6.9811305092486,6.195439066105938,0.728915579657055,0.7022752936713038,0.6845005741940364,2.3052045205045353,2.3911480153714963,2.332063938106268,1000,100,2.5,10,6.227754408848294,jitter
mf_bayes_lasso,81,1.3761459500528872,False,1000,75.0,0.13333333333333333,1.0,0.23529411764705882,0.9133333333333333,0.48638888888888887,0.8666666666666667,10.0,65.0,0.0,25.0,5.221846428721636,7.245688965471508,6.405543171849415,0.7575374085940855,0.6909926527607249,0.6738011348138333,2.2455432224990184,2.434187852997255,2.3558769222185156,1000,100,2.5,10,6.227754408848294,jitter
