{
  "sim": "block_corr",
  "n": 1000,
  "p": 100,
  "n_active": 10,
  "active_idx": [
    1,
    9,
    17,
    22,
    38,
    55,
    83,
    88,
    91,
    97
  ],
  "snr": 2.5,
  "sigma2": 8.313138998350302,
  "sigma": 2.8832514629061237,
  "rho": 0.8,
  "block_size": 10,
  "beta_low": 0.8,
  "beta_high": 1.8,
  "setting": "block_corr",
  "seed": 67
}