method,seed,runtime_sec,converged,n_iter,support_size,precision,recall,f1,auroc,auprc,fdr,tp,fp,fn,tn,train_mse,val_mse,test_mse,train_r2,val_r2,test_r2,train_nll,val_nll,test_nll,n,p,snr,n_active,sigma2,setting,selected_ckpt_id,noise_x,group_size
mf_spike_slab,58,0.01818261598236859,True,7,10.0,0.2,0.2,0.20000000000000004,0.7555555555555554,0.22326462012797413,0.8,2.0,8.0,8.0,82.0,7.6993531307876735,7.5724714665552115,7.677574726749542,0.7033476351284985,0.7124238187279506,0.6767508750759947,2.4395403858122133,2.4313959132072496,2.4381424405997087,1000,100,2.5,10,7.053020636963626,jitter,,,
mf_ard,58,0.6932095109950751,True,490,14.0,0.42857142857142855,0.6,0.5,0.7544444444444444,0.40237397933050106,0.5714285714285714,6.0,8.0,4.0,82.0,6.706642309081755,7.071479778512103,7.38289402872596,0.7415963045803522,0.7314497440328914,0.6891578240355716,2.374329381032794,2.3982952242886095,2.418751744612319,1000,100,2.5,10,7.053020636963626,jitter,,,
mf_bayes_lasso,58,1.4024777440354228,False,1000,79.0,0.12658227848101267,1.0,0.22471910112359553,0.7555555555555555,0.2388394090030378,0.8734177215189873,10.0,69.0,0.0,21.0,5.901654987538025,7.489778504640824,8.142588671180494,0.7726120780578174,0.7155642103834945,0.6571723810899903,2.3068276283331417,2.436981737399081,2.490482566963119,1000,100,2.5,10,7.053020636963626,jitter,,,
flow_stagewise,58,7488.478554725647,True,,12.0,0.4166666666666667,0.5,0.45454545454545453,0.7111111111111111,0.25833333333333336,0.5833333333333334,5.0,7.0,5.0,83.0,23.675464630126953,21.26150894165039,25.85741424560547,0.08779569871569515,0.19256168103256854,-0.08867538598123437,3.330090284347534,3.183755397796631,3.3911333084106445,1000,100,2.5,10,7.053020636963626,jitter,269.0,0.15,10.0
