{
  "n": 1000,
  "p": 100,
  "n_active": 10,
  "sigma2": 7.3805413246154785,
  "sigma": 2.716715097427368,
  "active_idx": [
    1,
    3,
    10,
    13,
    37,
    60,
    61,
    67,
    82,
    87
  ],
  "snr": 2.5,
  "setting": "simple",
  "seed": 43
}