method,seed,runtime_sec,converged,n_iter,support_size,precision,recall,f1,auroc,auprc,fdr,tp,fp,fn,tn,train_mse,val_mse,test_mse,train_r2,val_r2,test_r2,train_nll,val_nll,test_nll,n,p,snr,n_active,sigma2,setting
mf_spike_slab,82,0.017411848064512014,True,7,10.0,0.1,0.1,0.10000000000000002,0.798888888888889,0.2693595098172563,0.9,1.0,9.0,9.0,81.0,7.073782314099023,6.2028125704881605,7.301319358645198,0.7023060945066721,0.6858560999987737,0.6585052559269242,2.3971700100986983,2.3363200302024767,2.413066801793068,1000,100,2.5,10,6.402538596022557,jitter
mf_ard,82,0.8648135089315474,True,601,13.0,0.6153846153846154,0.8,0.6956521739130435,0.9688888888888889,0.8844827586206897,0.38461538461538464,8.0,5.0,2.0,85.0,6.005800466812571,5.611744899587402,6.6881415583067385,0.7472511709873269,0.7157909563548788,0.6871845925936508,2.319329048365688,2.2905125313253696,2.3692273249686826,1000,100,2.5,10,6.402538596022557,jitter
mf_bayes_lasso,82,1.356832881923765,False,1000,82.0,0.12195121951219512,1.0,0.21739130434782605,0.8577777777777778,0.366935660356713,0.8780487804878049,10.0,72.0,0.0,18.0,5.441719326129769,6.127671591999825,7.4277773619690945,0.7709900295397449,0.6896616446229242,0.6525906066204323,2.266206304273216,2.3273812253473585,2.443327876190516,1000,100,2.5,10,6.402538596022557,jitter
