method,seed,runtime_sec,converged,n_iter,support_size,precision,recall,f1,auroc,auprc,fdr,tp,fp,fn,tn,train_mse,val_mse,test_mse,train_r2,val_r2,test_r2,train_nll,val_nll,test_nll,n,p,snr,n_active,sigma2,setting
mf_spike_slab,57,0.05560632492415607,True,19,10.0,1.0,1.0,1.0,1.0,1.0,0.0,10.0,0.0,0.0,90.0,6.870991802475919,7.019365948908483,6.318619525141164,0.709328080983463,0.7354330427798166,0.7214306504565575,2.382645530264712,2.3932865701426698,2.3430307080607045,1000,100,2.5,10,6.851702400505159,block_corr
mf_ard,57,0.09559269994497299,True,67,38.0,0.2631578947368421,1.0,0.4166666666666667,1.0,1.0,0.7368421052631579,10.0,28.0,0.0,62.0,6.070934619028174,7.390949863106041,6.693179232124663,0.7431738726131258,0.7214276716043044,0.7049174146897237,2.3250301167710283,2.4200511308019212,2.369822261692804,1000,100,2.5,10,6.851702400505159,block_corr
mf_bayes_lasso,57,0.10114163404796273,True,69,71.0,0.14084507042253522,1.0,0.2469135802469136,1.0,1.0,0.8591549295774648,10.0,61.0,0.0,29.0,5.829854290658982,7.979040850676122,7.194297383728213,0.753372586816068,0.6992619312393612,0.6828245893532442,2.30048555133164,2.4821909203361527,2.4158439107798895,1000,100,2.5,10,6.851702400505159,block_corr
