{
  "n": 1000,
  "p": 100,
  "n_active": 10,
  "sigma2": 5.3703203201293945,
  "sigma": 2.3173952102661133,
  "active_idx": [
    19,
    20,
    57,
    61,
    63,
    66,
    70,
    81,
    83,
    86
  ],
  "snr": 2.5,
  "setting": "simple",
  "seed": 13
}