method,seed,runtime_sec,converged,n_iter,support_size,precision,recall,f1,auroc,auprc,fdr,tp,fp,fn,tn,train_mse,val_mse,test_mse,train_r2,val_r2,test_r2,train_nll,val_nll,test_nll,n,p,snr,n_active,sigma2,setting,selected_ckpt_id
mf_spike_slab,13,0.02080647402908653,True,8,10.0,1.0,1.0,1.0,1.0,1.0,0.0,10.0,0.0,0.0,90.0,5.2550917564108355,6.287624987491046,5.292463838791003,0.7144817056913618,0.7010427530296033,0.7252712868860542,2.248636755826481,2.344931175220001,2.2521220896307597,1000,100,2.5,10,5.3703203201293945,simple,
mf_ard,13,0.021967069013044238,True,15,25.0,0.4,1.0,0.5714285714285715,1.0,1.0,0.6,10.0,15.0,0.0,75.0,4.601030332142576,7.223614792671259,5.52580926817762,0.7500180028458947,0.6565393139877194,0.713158461653969,2.1866881192335046,2.434720274430437,2.2741495207775597,1000,100,2.5,10,5.3703203201293945,simple,
mf_bayes_lasso,13,0.02194902510382235,True,15,35.0,0.2857142857142857,1.0,0.4444444444444445,1.0,1.0,0.7142857142857143,10.0,25.0,0.0,65.0,4.566034242416336,7.65078994105087,5.7706311645929915,0.7519194013959617,0.6362284483448404,0.7004498997075778,2.178279964135479,2.513144612658514,2.3090445900457808,1000,100,2.5,10,5.3703203201293945,simple,
flow_stagewise,13,817.8378827571869,True,,9.0,1.0,0.9,0.9473684210526316,0.95,0.91,0.0,9.0,0.0,1.0,90.0,5.4048686027526855,6.343021869659424,5.381663799285889,0.7063440840437034,0.6984088322587296,0.7206409520714849,2.261857271194458,2.3494272232055664,2.2606842517852783,1000,100,2.5,10,5.3703203201293945,simple,69.0
