{
  "sim": "block_corr",
  "n": 1000,
  "p": 100,
  "n_active": 10,
  "active_idx": [
    15,
    32,
    33,
    59,
    75,
    81,
    86,
    89,
    91,
    97
  ],
  "snr": 2.5,
  "sigma2": 4.383803027354862,
  "sigma": 2.0937533348880573,
  "rho": 0.8,
  "block_size": 10,
  "beta_low": 0.8,
  "beta_high": 1.8,
  "setting": "block_corr",
  "seed": 15
}