method,seed,runtime_sec,converged,n_iter,support_size,precision,recall,f1,auroc,auprc,fdr,tp,fp,fn,tn,train_mse,val_mse,test_mse,train_r2,val_r2,test_r2,train_nll,val_nll,test_nll,n,p,snr,n_active,sigma2,setting,selected_ckpt_id,rho,block_size
mf_spike_slab,15,0.08716367895249277,True,39,10.0,1.0,1.0,1.0,1.0,1.0,0.0,10.0,0.0,0.0,90.0,3.963491804229907,5.257553016554655,3.5513113558364946,0.7460613776403388,0.6914450947231616,0.7478038924695091,2.1075453497429626,2.268634038395474,2.05623586972183,1000,100,2.5,10,4.383803027354862,block_corr,,,
mf_ard,15,0.08175720402505249,True,56,29.0,0.3448275862068966,1.0,0.5128205128205129,1.0,1.0,0.6551724137931034,10.0,19.0,0.0,71.0,3.479629634916893,5.427205146285461,3.9264213361795783,0.7770621463453916,0.6814885623488278,0.721165485565848,2.047523647693596,2.2892075828610015,2.102968161105775,1000,100,2.5,10,4.383803027354862,block_corr,,,
mf_bayes_lasso,15,0.1004687580280006,True,68,63.0,0.15873015873015872,1.0,0.27397260273972607,1.0,1.0,0.8412698412698413,10.0,53.0,0.0,37.0,3.3711299221003106,5.642367096243388,4.2378721964861965,0.7840136600509725,0.6688611528145054,0.6990478262602897,2.0266431807893794,2.3574943980934635,2.1529015653535866,1000,100,2.5,10,4.383803027354862,block_corr,,,
flow_stagewise,15,5127.228436470032,True,,9.0,1.0,0.9,0.9473684210526316,0.95,0.91,0.0,9.0,0.0,1.0,90.0,5.212177276611328,7.124337196350098,4.093267917633057,0.6660588118500901,0.5818874243493857,0.7093168861653787,2.252086877822876,2.4691240787506104,2.124964475631714,1000,100,2.5,10,4.383803027354862,block_corr,206.0,0.8,10.0
