method,seed,runtime_sec,converged,n_iter,selected_ckpt_id,support_size,precision,recall,f1,auroc,auprc,fdr,tp,fp,fn,tn,train_mse,val_mse,test_mse,train_r2,val_r2,test_r2,train_nll,val_nll,test_nll,n,p,snr,n_active,sigma2,rho,block_size,setting
flow_stagewise,17,1462.5739495754242,True,,155,10.0,1.0,1.0,1.0,1.0,1.0,0.0,10.0,0.0,0.0,90.0,4.991337299346924,4.833522319793701,4.523697376251221,0.6940288850345533,0.6665285350848884,0.7250761846747527,2.2297043800354004,2.2058119773864746,2.181767463684082,1000,100,2.5,10,4.3871236207023845,0.8,10,block_corr
