method,seed,runtime_sec,converged,n_iter,support_size,precision,recall,f1,auroc,auprc,fdr,tp,fp,fn,tn,train_mse,val_mse,test_mse,train_r2,val_r2,test_r2,train_nll,val_nll,test_nll,n,p,snr,n_active,sigma2,setting
mf_spike_slab,80,0.020655826083384454,True,7,10.0,1.0,1.0,1.0,1.0,1.0,0.0,10.0,0.0,0.0,90.0,7.231965293413321,7.99280241213751,7.608859209604823,0.7396816507428239,0.6748372669581391,0.6786725132936402,2.4082739584382225,2.459940880548548,2.4338680680478784,1000,100,2.5,10,7.553615570068359,simple
mf_ard,80,0.02171931101474911,True,15,34.0,0.29411764705882354,1.0,0.45454545454545453,1.0,1.0,0.7058823529411765,10.0,24.0,0.0,66.0,6.306381904117374,8.566401334830402,8.236569323435916,0.7729985058749732,0.6515021482156242,0.6521638728126995,2.3438939749256846,2.5009113693559226,2.4779959190172907,1000,100,2.5,10,7.553615570068359,simple
mf_bayes_lasso,80,0.022403685026802123,True,15,44.0,0.22727272727272727,1.0,0.37037037037037035,1.0,1.0,0.7727272727272727,10.0,34.0,0.0,56.0,6.254130709032755,8.960617938670135,8.640323525610194,0.7748793147974844,0.6354646507641231,0.6351130483122249,2.335581198636557,2.5499527971109037,2.524583371917177,1000,100,2.5,10,7.553615570068359,simple
