{
  "sim": "block_corr",
  "n": 1000,
  "p": 100,
  "n_active": 10,
  "active_idx": [
    11,
    12,
    14,
    15,
    37,
    56,
    71,
    85,
    95,
    97
  ],
  "snr": 2.5,
  "sigma2": 7.600937403945619,
  "sigma": 2.756979761250637,
  "rho": 0.8,
  "block_size": 10,
  "beta_low": 0.8,
  "beta_high": 1.8,
  "setting": "block_corr",
  "seed": 73
}