stage,tau,best_ckpt_id,best_epoch,best_val_mse,best_support_size,n_evals,best_lasso_recovery_score
0,0.8,12,300,2.5912954807281494,9,13,1.992581399085209
1,0.8,32,775,1.9260848760604858,7,49,0.8162337819403369
