{
  "n": 1000,
  "p": 100,
  "n_active": 10,
  "sigma2": 4.78806734085083,
  "sigma": 2.1881651878356934,
  "active_idx": [
    13,
    18,
    35,
    45,
    51,
    80,
    82,
    84,
    86,
    97
  ],
  "snr": 2.5,
  "setting": "simple",
  "seed": 38
}