method,seed,runtime_sec,converged,n_iter,support_size,precision,recall,f1,auroc,auprc,fdr,tp,fp,fn,tn,train_mse,val_mse,test_mse,train_r2,val_r2,test_r2,train_nll,val_nll,test_nll,n,p,snr,n_active,sigma2,setting
mf_spike_slab,38,0.023311228957027197,True,7,10.0,1.0,1.0,1.0,1.0,1.0,0.0,10.0,0.0,0.0,90.0,4.355658429615147,5.616727450710874,4.848165440356094,0.7200121175203782,0.6560555244792297,0.6565991795307967,2.154729023648778,2.297401593868,2.210449400486156,1000,100,2.5,10,4.78806734085083,simple
mf_ard,38,0.020054080989211798,True,13,22.0,0.45454545454545453,1.0,0.625,1.0,1.0,0.5454545454545454,10.0,12.0,0.0,78.0,3.8682409262972457,6.181053594236601,4.953251598268688,0.7513440038109984,0.6214985941027968,0.6491558129025138,2.1001426209772878,2.3595424034796637,2.221834937965898,1000,100,2.5,10,4.78806734085083,simple
mf_bayes_lasso,38,0.02171412401366979,True,14,26.0,0.38461538461538464,1.0,0.5555555555555556,1.0,1.0,0.6153846153846154,10.0,16.0,0.0,74.0,3.8488687220401214,6.365936988409478,5.083160792845242,0.7525892764917109,0.6101771221960121,0.6399542036437329,2.092846944916823,2.4170092493255733,2.2518060670556754,1000,100,2.5,10,4.78806734085083,simple
