{
  "n": 1000,
  "p": 100,
  "n_active": 10,
  "sigma2": 5.005679130554199,
  "sigma": 2.237337589263916,
  "active_idx": [
    16,
    24,
    29,
    36,
    41,
    43,
    61,
    88,
    97,
    98
  ],
  "snr": 2.5,
  "setting": "simple",
  "seed": 95
}