method,seed,runtime_sec,converged,n_iter,selected_ckpt_id,support_size,precision,recall,f1,auroc,auprc,fdr,tp,fp,fn,tn,train_mse,val_mse,test_mse,train_r2,val_r2,test_r2,train_nll,val_nll,test_nll,n,p,snr,n_active,sigma2,rho,block_size,setting
flow_stagewise,92,1236.0766451358795,True,,122,10.0,0.9,0.9,0.9,0.9444444444444444,0.8200000000000001,0.1,9.0,1.0,1.0,89.0,7.965991020202637,7.418585777282715,7.587644577026367,0.5770388584943522,0.6140781739125134,0.6008674287246583,2.5093071460723877,2.4555392265319824,2.4734883308410645,1000,100,2.5,10,5.142639021688278,0.8,10,block_corr
