{
  "n": 1000,
  "p": 100,
  "n_active": 10,
  "sigma2": 6.677032470703125,
  "sigma": 2.5839953422546387,
  "active_idx": [
    3,
    24,
    30,
    41,
    42,
    92,
    93,
    95,
    98,
    99
  ],
  "snr": 2.5,
  "setting": "simple",
  "seed": 42
}