method,seed,runtime_sec,converged,n_iter,support_size,precision,recall,f1,auroc,auprc,fdr,tp,fp,fn,tn,train_mse,val_mse,test_mse,train_r2,val_r2,test_r2,train_nll,val_nll,test_nll,n,p,snr,n_active,sigma2,setting,selected_ckpt_id
mf_spike_slab,42,0.033423855900764465,True,9,10.0,1.0,1.0,1.0,1.0,1.0,0.0,10.0,0.0,0.0,90.0,6.443105063229381,7.199283125558086,6.413951421913802,0.7308888537367786,0.7178871712327535,0.7014521510906497,2.3505941185747026,2.4078482253115143,2.3483867473551405,1000,100,2.5,10,6.677032470703125,simple,
mf_ard,42,0.022015859023667872,True,15,34.0,0.29411764705882354,1.0,0.45454545454545453,1.0,1.0,0.7058823529411765,10.0,24.0,0.0,66.0,5.419907720382543,7.436322257069541,6.38288108925455,0.7736250511268276,0.7085984991868066,0.7028983704911624,2.2684486963814496,2.430688338707556,2.3459290220252296,1000,100,2.5,10,6.677032470703125,simple,
mf_bayes_lasso,42,0.02079629199579358,True,14,49.0,0.20408163265306123,1.0,0.3389830508474576,1.0,1.0,0.7959183673469388,10.0,39.0,0.0,51.0,5.36640888727346,7.758227110043908,6.6257849221416745,0.7758595533055821,0.6959842587016523,0.6915920147004837,2.259043675122098,2.479644140982769,2.375197543898921,1000,100,2.5,10,6.677032470703125,simple,
flow_stagewise,42,506.8393831253052,True,,9.0,1.0,0.9,0.9473684210526316,0.95,0.91,0.0,9.0,0.0,1.0,90.0,6.587040424346924,7.147037506103516,6.438381195068359,0.7248770927074384,0.7199344606266278,0.700315019346513,2.3612496852874756,2.402242660522461,2.350404739379883,1000,100,2.5,10,6.677032470703125,simple,91.0
