{
  "n": 1000,
  "p": 100,
  "n_active": 10,
  "sigma2": 4.066683769226074,
  "sigma": 2.016602039337158,
  "active_idx": [
    13,
    31,
    43,
    52,
    58,
    59,
    70,
    78,
    81,
    93
  ],
  "snr": 2.5,
  "setting": "simple",
  "seed": 39
}