method,seed,runtime_sec,converged,n_iter,support_size,precision,recall,f1,auroc,auprc,fdr,tp,fp,fn,tn,train_mse,val_mse,test_mse,train_r2,val_r2,test_r2,train_nll,val_nll,test_nll,n,p,snr,n_active,sigma2,setting,selected_ckpt_id
mf_spike_slab,39,0.03151042596437037,True,8,10.0,1.0,1.0,1.0,1.0,1.0,0.0,10.0,0.0,0.0,90.0,4.104655012269375,4.098187634825417,4.667742037958012,0.7411302996168447,0.6580775984122571,0.6799114311103716,2.125100727850506,2.1243286733030073,2.192320231055267,1000,100,2.5,10,4.066683769226074,simple,
mf_ard,39,0.02056338603142649,True,14,28.0,0.35714285714285715,1.0,0.5263157894736842,1.0,1.0,0.6428571428571429,10.0,18.0,0.0,72.0,3.4801487726994895,4.587913296706807,5.089055635742839,0.780516251089411,0.6172185188994751,0.6510200173449953,2.047519171302287,2.1851264897009077,2.247378757142454,1000,100,2.5,10,4.066683769226074,simple,
mf_bayes_lasso,39,0.02105830400250852,True,14,38.0,0.2631578947368421,1.0,0.4166666666666667,1.0,1.0,0.7368421052631579,10.0,28.0,0.0,62.0,3.455898362063941,4.812687269547444,5.305775743391372,0.7820456601424564,0.5984650445697516,0.6361585214562524,2.039003281345151,2.233405584019027,2.3040558776708213,1000,100,2.5,10,4.066683769226074,simple,
flow_stagewise,39,1139.0674908161163,True,,9.0,1.0,0.9,0.9473684210526316,0.95,0.91,0.0,9.0,0.0,1.0,90.0,4.318300247192383,4.389599323272705,4.794867515563965,0.7276562577146894,0.6337643931898969,0.671193843553966,2.151033639907837,2.159722328186035,2.2091164588928223,1000,100,2.5,10,4.066683769226074,simple,129.0
