method,seed,runtime_sec,converged,n_iter,selected_ckpt_id,support_size,precision,recall,f1,auroc,auprc,fdr,tp,fp,fn,tn,train_mse,val_mse,test_mse,train_r2,val_r2,test_r2,train_nll,val_nll,test_nll,n,p,snr,n_active,sigma2,rho,block_size,setting
flow_stagewise,90,1269.5836293697357,True,,17,10.0,1.0,1.0,1.0,1.0,1.0,0.0,10.0,0.0,0.0,90.0,11.817522048950195,9.138640403747559,9.269577980041504,0.6767031150231585,0.7533101123829501,0.763667097941347,2.6570138931274414,2.5305092334747314,2.536792278289795,1000,100,2.5,10,10.565967475718802,0.8,10,block_corr
