{
  "n": 1000,
  "p": 100,
  "n_active": 10,
  "sigma2": 4.183078765869141,
  "sigma": 2.045257568359375,
  "active_idx": [
    43,
    53,
    56,
    59,
    61,
    63,
    70,
    73,
    85,
    86
  ],
  "snr": 2.5,
  "setting": "simple",
  "seed": 61
}