method,seed,runtime_sec,converged,n_iter,support_size,precision,recall,f1,auroc,auprc,fdr,tp,fp,fn,tn,train_mse,val_mse,test_mse,train_r2,val_r2,test_r2,train_nll,val_nll,test_nll,n,p,snr,n_active,sigma2,setting,selected_ckpt_id
mf_spike_slab,61,0.020806345040909946,True,8,10.0,1.0,1.0,1.0,1.0,1.0,0.0,10.0,0.0,0.0,90.0,4.062588039888862,4.104972812237999,4.000450550363746,0.7352865940993871,0.6759581518794445,0.7054185152066496,2.119932588006111,2.125054056816486,2.112424343961846,1000,100,2.5,10,4.183078765869141,simple,
mf_ard,61,0.02096187591087073,True,14,24.0,0.4166666666666667,1.0,0.5882352941176471,1.0,1.0,0.5833333333333334,10.0,14.0,0.0,76.0,3.5634022428520575,4.365072943829403,4.461504946496909,0.7678129470579902,0.6554261456537254,0.6714678171856331,2.059241332691595,2.1566406781497705,2.1683567280560294,1000,100,2.5,10,4.183078765869141,simple,
mf_bayes_lasso,61,0.02124303299933672,True,14,31.0,0.3225806451612903,1.0,0.4878048780487805,1.0,1.0,0.6774193548387096,10.0,21.0,0.0,69.0,3.545434863551619,4.536381598501252,4.641840811748108,0.7689836801283947,0.6419032368311826,0.6581884112091334,2.051789095803929,2.1902878348975063,2.205027242723733,1000,100,2.5,10,4.183078765869141,simple,
flow_stagewise,61,518.3737890720367,True,,10.0,1.0,1.0,1.0,1.0,1.0,0.0,10.0,0.0,0.0,90.0,4.118528842926025,4.1225433349609375,3.970033884048462,0.731641553375818,0.6745711361298298,0.70765829680094,2.1267449855804443,2.1272237300872803,2.108999729156494,1000,100,2.5,10,4.183078765869141,simple,30.0
