method,seed,runtime_sec,converged,n_iter,selected_ckpt_id,support_size,precision,recall,f1,auroc,auprc,fdr,tp,fp,fn,tn,train_mse,val_mse,test_mse,train_r2,val_r2,test_r2,train_nll,val_nll,test_nll,n,p,snr,n_active,sigma2,setting
flow_stagewise,15,555.3738057613373,True,,35,10.0,1.0,1.0,1.0,1.0,1.0,0.0,10.0,0.0,0.0,90.0,5.0480499267578125,6.652884006500244,4.6419572830200195,0.7405034256400542,0.6861136554584583,0.7648055127677426,2.2307164669036865,2.3749849796295166,2.194232225418091,1000,100,2.5,10,5.561379432678223,simple
