method,seed,runtime_sec,converged,n_iter,selected_ckpt_id,support_size,precision,recall,f1,auroc,auprc,fdr,tp,fp,fn,tn,train_mse,val_mse,test_mse,train_r2,val_r2,test_r2,train_nll,val_nll,test_nll,n,p,snr,n_active,sigma2,noise_x,group_size,setting
flow_stagewise,63,924.0633246898651,True,,175,7.0,0.5714285714285714,0.4,0.47058823529411764,0.6833333333333333,0.2885714285714286,0.42857142857142855,4.0,3.0,6.0,87.0,13.398176193237305,16.594480514526367,14.88698959350586,0.4765579952238165,0.38558519062219776,0.4886564486471605,2.781121015548706,2.9630532264709473,2.8712193965911865,1000,100,2.5,10,7.521959252158247,0.15,10,jitter
