method,seed,runtime_sec,converged,n_iter,support_size,precision,recall,f1,auroc,auprc,fdr,tp,fp,fn,tn,train_mse,val_mse,test_mse,train_r2,val_r2,test_r2,train_nll,val_nll,test_nll,n,p,snr,n_active,sigma2,setting
mf_spike_slab,65,0.016881324001587927,True,7,10.0,0.1,0.1,0.10000000000000002,0.7438888888888889,0.21183233162553572,0.9,1.0,9.0,9.0,81.0,7.821086418759806,8.14859322289382,7.746699029263222,0.67654912660441,0.6879251349931417,0.7214763459624175,2.4473838526734526,2.4680795453270874,2.442683191402007,1000,100,2.5,10,7.51332143985409,jitter
mf_ard,65,0.40860213700216264,True,277,16.0,0.3125,0.5,0.38461538461538464,0.83,0.35505296371422135,0.6875,5.0,11.0,5.0,79.0,6.98226898583885,7.833640057673268,7.258966921372591,0.71123947737805,0.6999872129286975,0.7390121929558267,2.3944367041049763,2.4481823740715423,2.4119041943869566,1000,100,2.5,10,7.51332143985409,jitter
mf_bayes_lasso,65,1.3999003029894084,False,1000,81.0,0.1111111111111111,0.9,0.1978021978021978,0.8044444444444445,0.30794673261778527,0.8888888888888888,9.0,72.0,1.0,18.0,6.036146021173352,8.96123765787779,8.230663105477452,0.7503675834844656,0.6568024742578286,0.7040759742142807,2.31808592352277,2.552587536974661,2.494018120162205,1000,100,2.5,10,7.51332143985409,jitter
