method,seed,runtime_sec,converged,n_iter,selected_ckpt_id,support_size,precision,recall,f1,auroc,auprc,fdr,tp,fp,fn,tn,train_mse,val_mse,test_mse,train_r2,val_r2,test_r2,train_nll,val_nll,test_nll,n,p,snr,n_active,sigma2,rho,block_size,setting
flow_stagewise,66,514.9684927463531,True,,43,15.0,0.6666666666666666,1.0,0.8,0.9722222222222222,0.6666666666666666,0.3333333333333333,10.0,5.0,0.0,85.0,9.874272346496582,14.272343635559082,11.276226997375488,0.6886542572862335,0.545220796105079,0.6681418615642591,2.564574956893921,2.795596122741699,2.6382412910461426,1000,100,2.5,10,9.368686131846372,0.8,10,block_corr
