{
  "sim": "block_corr",
  "n": 1000,
  "p": 100,
  "n_active": 10,
  "active_idx": [
    2,
    4,
    6,
    14,
    19,
    31,
    42,
    57,
    76,
    97
  ],
  "snr": 2.5,
  "sigma2": 7.689100024944534,
  "sigma": 2.7729226503717217,
  "rho": 0.8,
  "block_size": 10,
  "beta_low": 0.8,
  "beta_high": 1.8,
  "setting": "block_corr",
  "seed": 21
}