{
  "n": 1000,
  "p": 100,
  "n_active": 10,
  "sigma2": 4.571715831756592,
  "sigma": 2.1381571292877197,
  "active_idx": [
    11,
    12,
    40,
    43,
    44,
    59,
    76,
    78,
    81,
    98
  ],
  "snr": 2.5,
  "setting": "simple",
  "seed": 22
}