method,seed,runtime_sec,converged,n_iter,support_size,precision,recall,f1,auroc,auprc,fdr,tp,fp,fn,tn,train_mse,val_mse,test_mse,train_r2,val_r2,test_r2,train_nll,val_nll,test_nll,n,p,snr,n_active,sigma2,setting,selected_ckpt_id
mf_spike_slab,22,0.01909377204719931,True,7,10.0,1.0,1.0,1.0,1.0,1.0,0.0,10.0,0.0,0.0,90.0,4.341187805935623,4.744870143797857,4.484731809666896,0.7410968007022001,0.6650385221037229,0.7272923135697525,2.1530754680807322,2.1988361223171626,2.169347340556613,1000,100,2.5,10,4.571715831756592,simple,
mf_ard,22,0.020920855924487114,True,14,24.0,0.4166666666666667,1.0,0.5882352941176471,1.0,1.0,0.5833333333333334,10.0,14.0,0.0,76.0,3.8366546095095297,5.030784962020403,4.874180673133865,0.7711865513755203,0.6448545239832573,0.7036106971328369,2.096078242001304,2.231040170483956,2.2133405811616176,1000,100,2.5,10,4.571715831756592,simple,
mf_bayes_lasso,22,0.022296836017630994,True,15,33.0,0.30303030303030304,1.0,0.4651162790697675,1.0,1.0,0.696969696969697,10.0,23.0,0.0,67.0,3.8114614440891863,5.231728463613661,5.079116273096309,0.7726890413435532,0.6306690288637942,0.691148967935901,2.0879662781969426,2.2725632119853247,2.2527276866644144,1000,100,2.5,10,4.571715831756592,simple,
flow_stagewise,22,617.2348630428314,True,,9.0,1.0,0.9,0.9473684210526316,0.95,0.91,0.0,9.0,0.0,1.0,90.0,4.51055383682251,4.794251441955566,4.7798848152160645,0.730996032816865,0.661552439433931,0.7093446354212982,2.1724138259887695,2.203674554824829,2.2010703086853027,1000,100,2.5,10,4.571715831756592,simple,102.0
