method,seed,runtime_sec,converged,n_iter,selected_ckpt_id,support_size,precision,recall,f1,auroc,auprc,fdr,tp,fp,fn,tn,train_mse,val_mse,test_mse,train_r2,val_r2,test_r2,train_nll,val_nll,test_nll,n,p,snr,n_active,sigma2,rho,block_size,setting
flow_stagewise,59,1221.5969355106354,True,,161,12.0,0.8333333333333334,1.0,0.9090909090909091,0.9888888888888888,0.8333333333333334,0.16666666666666666,10.0,2.0,0.0,88.0,9.201611518859863,10.7825345993042,10.84486198425293,0.6686967874171269,0.7186798535067322,0.6460523416866966,2.5291621685028076,2.6191747188568115,2.6226272583007812,1000,100,2.5,10,8.781717523520564,0.8,10,block_corr
