method,seed,runtime_sec,converged,n_iter,selected_ckpt_id,support_size,precision,recall,f1,auroc,auprc,fdr,tp,fp,fn,tn,train_mse,val_mse,test_mse,train_r2,val_r2,test_r2,train_nll,val_nll,test_nll,n,p,snr,n_active,sigma2,noise_x,group_size,setting
flow_stagewise,24,867.4176859855652,True,,134,10.0,0.4,0.4,0.4000000000000001,0.6666666666666666,0.22000000000000003,0.6,4.0,6.0,6.0,84.0,18.58429718017578,19.969804763793945,21.270658493041992,0.3224296464386023,0.3339013613372279,0.25432712539948765,2.9643900394439697,3.0750627517700195,3.1074881553649902,1000,100,2.5,10,8.059572365923135,0.15,10,jitter
