{
  "sim": "block_corr",
  "n": 1000,
  "p": 100,
  "n_active": 10,
  "active_idx": [
    0,
    2,
    10,
    30,
    34,
    49,
    59,
    67,
    93,
    98
  ],
  "snr": 2.5,
  "sigma2": 6.23797844985569,
  "sigma": 2.4975945327165676,
  "rho": 0.8,
  "block_size": 10,
  "beta_low": 0.8,
  "beta_high": 1.8,
  "setting": "block_corr",
  "seed": 77
}