method,seed,runtime_sec,converged,n_iter,support_size,precision,recall,f1,auroc,auprc,fdr,tp,fp,fn,tn,train_mse,val_mse,test_mse,train_r2,val_r2,test_r2,train_nll,val_nll,test_nll,n,p,snr,n_active,sigma2,setting,selected_ckpt_id,rho,block_size
mf_spike_slab,77,0.049090447020716965,True,22,10.0,1.0,1.0,1.0,1.0,1.0,0.0,10.0,0.0,0.0,90.0,6.236506695041936,6.190854761084549,6.104256020998263,0.7137254166399599,0.6837251454046633,0.7087621572537791,2.334194347958753,2.3305835615547736,2.323734135337756,1000,100,2.5,10,6.23797844985569,block_corr,,,
mf_ard,77,0.08919532992877066,True,63,27.0,0.37037037037037035,1.0,0.5405405405405406,1.0,1.0,0.6296296296296297,10.0,17.0,0.0,73.0,5.618195165324216,6.368048487108765,6.187691089460795,0.7421077922569654,0.6746727734631034,0.7047814183619596,2.286325337809368,2.344610435813966,2.3305914959861758,1000,100,2.5,10,6.23797844985569,block_corr,,,
mf_bayes_lasso,77,0.10774732090067118,True,74,73.0,0.136986301369863,1.0,0.24096385542168672,1.0,1.0,0.863013698630137,10.0,63.0,0.0,27.0,5.4182478331117165,6.762629033482171,6.425053421896732,0.75128598158988,0.6545146677173735,0.6934567141866999,2.2638774449900296,2.3861459562330527,2.3554441973501326,1000,100,2.5,10,6.23797844985569,block_corr,,,
flow_stagewise,77,521.4401566982269,True,,10.0,1.0,1.0,1.0,1.0,1.0,0.0,10.0,0.0,0.0,90.0,6.35614013671875,6.170042514801025,6.108649730682373,0.7082338792487204,0.6847883813018014,0.7085525360185465,2.3437392711639404,2.328810691833496,2.3239023685455322,1000,100,2.5,10,6.23797844985569,block_corr,39.0,0.8,10.0
