method,seed,runtime_sec,converged,n_iter,selected_ckpt_id,support_size,precision,recall,f1,auroc,auprc,fdr,tp,fp,fn,tn,train_mse,val_mse,test_mse,train_r2,val_r2,test_r2,train_nll,val_nll,test_nll,n,p,snr,n_active,sigma2,noise_x,group_size,setting
flow_stagewise,38,880.6914618015289,True,,196,11.0,0.45454545454545453,0.5,0.47619047619047616,0.7166666666666667,0.2772727272727273,0.5454545454545454,5.0,6.0,5.0,84.0,14.354284286499023,15.095544815063477,12.999626159667969,0.3907150714645897,0.35975139056621575,0.44862918056101064,2.890254020690918,2.9609386920928955,2.769355535507202,1000,100,2.5,10,6.457926739444171,0.15,10,jitter
