method,seed,runtime_sec,converged,n_iter,selected_ckpt_id,support_size,precision,recall,f1,auroc,auprc,fdr,tp,fp,fn,tn,train_mse,val_mse,test_mse,train_r2,val_r2,test_r2,train_nll,val_nll,test_nll,n,p,snr,n_active,sigma2,rho,block_size,setting
flow_stagewise,88,560.6028141975403,True,,120,10.0,1.0,1.0,1.0,1.0,1.0,0.0,10.0,0.0,0.0,90.0,6.4622297286987305,5.912642955780029,6.800803184509277,0.6869319601129393,0.6637003798512547,0.676800235205502,2.355078935623169,2.307598114013672,2.3843305110931396,1000,100,2.5,10,5.7873660932967885,0.8,10,block_corr
