coupling_layer,target_coord,fixed_coord,mean_attention,target_latent_type,fixed_latent_type,target_parameter_type,fixed_parameter_type,target_group,fixed_group,target_unit,fixed_unit,target_layer,fixed_layer,target_side,fixed_side
0,3,0,0.3234447240829468,0,0,3,1,1,0,1,0,1,2,1,4
0,3,1,0.0011699484894052148,0,0,3,3,1,1,1,1,1,1,1,1
0,3,2,0.0038057633209973574,0,0,3,3,1,1,1,1,1,1,1,1
0,3,6,0.0030250693671405315,0,0,3,3,1,1,1,1,1,1,1,1
0,3,9,0.0007726236362941563,0,0,3,3,1,2,1,2,1,1,1,1
0,3,10,0.0014955418882891536,0,0,3,3,1,2,1,2,1,1,1,1
0,3,13,0.0849757120013237,0,0,3,3,1,3,1,3,1,1,1,1
0,3,15,0.03760695829987526,0,0,3,3,1,3,1,3,1,1,1,1
0,3,18,0.09469322860240936,0,0,3,3,1,3,1,3,1,1,1,1
0,3,24,0.003263042075559497,0,0,3,3,1,4,1,4,1,1,1,1
0,3,25,0.005890677683055401,0,0,3,3,1,5,1,5,1,1,1,1
0,3,26,0.01032023411244154,0,0,3,3,1,5,1,5,1,1,1,1
0,3,30,0.016482023522257805,0,0,3,3,1,5,1,5,1,1,1,1
0,3,31,0.003707367926836014,0,0,3,4,1,1,1,1,1,1,1,1
0,3,35,0.03157348558306694,0,0,3,4,1,5,1,5,1,1,1,1
0,3,37,0.004348458722233772,0,0,3,5,1,2,1,2,1,2,1,2
0,3,38,0.2060764729976654,0,0,3,5,1,3,1,3,1,2,1,2
0,3,39,0.0046927141956985,0,0,3,5,1,4,1,4,1,2,1,2
0,3,40,0.039850618690252304,0,0,3,5,1,5,1,5,1,2,1,2
0,3,41,0.005245101172477007,0,1,3,6,1,1,1,1,1,1,1,5
0,3,42,0.004501692019402981,0,1,3,6,1,2,1,2,1,1,1,5
0,3,43,0.09408523887395859,0,1,3,6,1,3,1,3,1,1,1,5
0,3,44,0.01897347718477249,0,1,3,6,1,4,1,4,1,1,1,5
0,4,0,0.9534088969230652,0,0,3,1,1,0,1,0,1,2,1,4
0,4,1,0.00015904747124295682,0,0,3,3,1,1,1,1,1,1,1,1
0,4,2,0.00025770647334866226,0,0,3,3,1,1,1,1,1,1,1,1
0,4,6,0.00044199940748512745,0,0,3,3,1,1,1,1,1,1,1,1
0,4,9,0.0003149818512611091,0,0,3,3,1,2,1,2,1,1,1,1
0,4,10,0.0005204706685617566,0,0,3,3,1,2,1,2,1,1,1,1
0,4,13,0.0022890688851475716,0,0,3,3,1,3,1,3,1,1,1,1
0,4,15,0.0007806133944541216,0,0,3,3,1,3,1,3,1,1,1,1
0,4,18,0.004005036782473326,0,0,3,3,1,3,1,3,1,1,1,1
0,4,24,0.000585623609367758,0,0,3,3,1,4,1,4,1,1,1,1
0,4,25,0.0005080847186036408,0,0,3,3,1,5,1,5,1,1,1,1
0,4,26,0.0005435727653093636,0,0,3,3,1,5,1,5,1,1,1,1
0,4,30,0.0006573025020770729,0,0,3,3,1,5,1,5,1,1,1,1
0,4,31,0.00020982649584766477,0,0,3,4,1,1,1,1,1,1,1,1
0,4,35,0.0019514835439622402,0,0,3,4,1,5,1,5,1,1,1,1
0,4,37,0.0034730012994259596,0,0,3,5,1,2,1,2,1,2,1,2
0,4,38,0.012681209482252598,0,0,3,5,1,3,1,3,1,2,1,2
0,4,39,0.0038391780108213425,0,0,3,5,1,4,1,4,1,2,1,2
0,4,40,0.010127452202141285,0,0,3,5,1,5,1,5,1,2,1,2
0,4,41,0.00027426431188359857,0,1,3,6,1,1,1,1,1,1,1,5
0,4,42,0.0004904891247861087,0,1,3,6,1,2,1,2,1,1,1,5
0,4,43,0.0005241594626568258,0,1,3,6,1,3,1,3,1,1,1,5
0,4,44,0.001956226769834757,0,1,3,6,1,4,1,4,1,1,1,5
0,5,0,0.659048855304718,0,0,3,1,1,0,1,0,1,2,1,4
0,5,1,0.00018624561198521405,0,0,3,3,1,1,1,1,1,1,1,1
0,5,2,0.0006766380975022912,0,0,3,3,1,1,1,1,1,1,1,1
0,5,6,0.0008749489788897336,0,0,3,3,1,1,1,1,1,1,1,1
0,5,9,0.00013580788800027221,0,0,3,3,1,2,1,2,1,1,1,1
0,5,10,0.00015108645311556756,0,0,3,3,1,2,1,2,1,1,1,1
0,5,13,0.01998376101255417,0,0,3,3,1,3,1,3,1,1,1,1
0,5,15,0.002379820914939046,0,0,3,3,1,3,1,3,1,1,1,1
0,5,18,0.009431415237486362,0,0,3,3,1,3,1,3,1,1,1,1
0,5,24,0.0005617091082967818,0,0,3,3,1,4,1,4,1,1,1,1
0,5,25,0.001298772869631648,0,0,3,3,1,5,1,5,1,1,1,1
0,5,26,0.001506271306425333,0,0,3,3,1,5,1,5,1,1,1,1
0,5,30,0.0020991882774978876,0,0,3,3,1,5,1,5,1,1,1,1
0,5,31,0.00041874402086250484,0,0,3,4,1,1,1,1,1,1,1,1
0,5,35,0.007307679392397404,0,0,3,4,1,5,1,5,1,1,1,1
0,5,37,0.002536100335419178,0,0,3,5,1,2,1,2,1,2,1,2
0,5,38,0.17499925196170807,0,0,3,5,1,3,1,3,1,2,1,2
0,5,39,0.014208008535206318,0,0,3,5,1,4,1,4,1,2,1,2
0,5,40,0.06884047389030457,0,0,3,5,1,5,1,5,1,2,1,2
0,5,41,0.003695086110383272,0,1,3,6,1,1,1,1,1,1,1,5
0,5,42,0.0018353448249399662,0,1,3,6,1,2,1,2,1,1,1,5
0,5,43,0.013165183365345001,0,1,3,6,1,3,1,3,1,1,1,5
0,5,44,0.014659283682703972,0,1,3,6,1,4,1,4,1,1,1,5
0,7,0,0.9766225218772888,0,0,3,1,2,0,2,0,1,2,1,4
0,7,1,8.163983693521004e-06,0,0,3,3,2,1,2,1,1,1,1,1
0,7,2,7.799008017173037e-06,0,0,3,3,2,1,2,1,1,1,1,1
0,7,6,4.195290966890752e-05,0,0,3,3,2,1,2,1,1,1,1,1
0,7,9,3.4931799746118486e-05,0,0,3,3,2,2,2,2,1,1,1,1
0,7,10,2.3140630219131708e-05,0,0,3,3,2,2,2,2,1,1,1,1
0,7,13,0.00020391339785419405,0,0,3,3,2,3,2,3,1,1,1,1
0,7,15,2.4373275664402172e-05,0,0,3,3,2,3,2,3,1,1,1,1
0,7,18,0.0001502582017565146,0,0,3,3,2,3,2,3,1,1,1,1
0,7,24,0.0001526534470031038,0,0,3,3,2,4,2,4,1,1,1,1
0,7,25,9.823196160141379e-05,0,0,3,3,2,5,2,5,1,1,1,1
0,7,26,7.922348595457152e-05,0,0,3,3,2,5,2,5,1,1,1,1
0,7,30,5.929140388616361e-05,0,0,3,3,2,5,2,5,1,1,1,1
0,7,31,3.032959284610115e-06,0,0,3,4,2,1,2,1,1,1,1,1
0,7,35,0.00024128523364197463,0,0,3,4,2,5,2,5,1,1,1,1
0,7,37,0.001612556865438819,0,0,3,5,2,2,2,2,1,2,1,2
0,7,38,0.004606603644788265,0,0,3,5,2,3,2,3,1,2,1,2
0,7,39,0.011141439899802208,0,0,3,5,2,4,2,4,1,2,1,2
0,7,40,0.0047716060653328896,0,0,3,5,2,5,2,5,1,2,1,2
0,7,41,2.788458914437797e-06,0,1,3,6,2,1,2,1,1,1,1,5
0,7,42,6.956940069358097e-06,0,1,3,6,2,2,2,2,1,1,1,5
0,7,43,4.80282415082911e-06,0,1,3,6,2,3,2,3,1,1,1,5
0,7,44,0.0001024011435220018,0,1,3,6,2,4,2,4,1,1,1,5
0,8,0,0.9985395073890686,0,0,3,1,2,0,2,0,1,2,1,4
0,8,1,2.2422722167902975e-07,0,0,3,3,2,1,2,1,1,1,1,1
0,8,2,1.0646654402535205e-07,0,0,3,3,2,1,2,1,1,1,1,1
0,8,6,6.547676321133622e-07,0,0,3,3,2,1,2,1,1,1,1,1
0,8,9,6.188567454046279e-07,0,0,3,3,2,2,2,2,1,1,1,1
0,8,10,1.7803448315589776e-07,0,0,3,3,2,2,2,2,1,1,1,1
0,8,13,4.052429574130656e-07,0,0,3,3,2,3,2,3,1,1,1,1
0,8,15,1.379066816298291e-07,0,0,3,3,2,3,2,3,1,1,1,1
0,8,18,1.3457835166263976e-06,0,0,3,3,2,3,2,3,1,1,1,1
0,8,24,4.961651939083822e-06,0,0,3,3,2,4,2,4,1,1,1,1
0,8,25,1.016258352137811e-06,0,0,3,3,2,5,2,5,1,1,1,1
0,8,26,8.355327736353502e-07,0,0,3,3,2,5,2,5,1,1,1,1
0,8,30,7.007389513091766e-07,0,0,3,3,2,5,2,5,1,1,1,1
0,8,31,2.9458213646194054e-08,0,0,3,4,2,1,2,1,1,1,1,1
0,8,35,4.270830686436966e-06,0,0,3,4,2,5,2,5,1,1,1,1
0,8,37,3.452017699601129e-05,0,0,3,5,2,2,2,2,1,2,1,2
0,8,38,1.2656122635235079e-05,0,0,3,5,2,3,2,3,1,2,1,2
0,8,39,0.0012574257561936975,0,0,3,5,2,4,2,4,1,2,1,2
0,8,40,0.00011969626939389855,0,0,3,5,2,5,2,5,1,2,1,2
0,8,41,5.6873627585218856e-08,0,1,3,6,2,1,2,1,1,1,1,5
0,8,42,1.302578453987735e-07,0,1,3,6,2,2,2,2,1,1,1,5
0,8,43,9.731201089380193e-08,0,1,3,6,2,3,2,3,1,1,1,5
0,8,44,2.043746098934207e-05,0,1,3,6,2,4,2,4,1,1,1,5
0,11,0,0.9985402226448059,0,0,3,1,2,0,2,0,1,2,1,4
0,11,1,6.540287245115906e-08,0,0,3,3,2,1,2,1,1,1,1,1
0,11,2,7.510244159902868e-08,0,0,3,3,2,1,2,1,1,1,1,1
0,11,6,5.195453809392347e-07,0,0,3,3,2,1,2,1,1,1,1,1
0,11,9,4.2390772136968735e-07,0,0,3,3,2,2,2,2,1,1,1,1
0,11,10,2.0173320081084967e-07,0,0,3,3,2,2,2,2,1,1,1,1
0,11,13,5.56597740342113e-07,0,0,3,3,2,3,2,3,1,1,1,1
0,11,15,5.776681177849241e-08,0,0,3,3,2,3,2,3,1,1,1,1
0,11,18,8.254331191892561e-07,0,0,3,3,2,3,2,3,1,1,1,1
0,11,24,9.003431387100136e-07,0,0,3,3,2,4,2,4,1,1,1,1
0,11,25,8.364779091607488e-07,0,0,3,3,2,5,2,5,1,1,1,1
0,11,26,4.92696642595547e-07,0,0,3,3,2,5,2,5,1,1,1,1
0,11,30,5.143774046700855e-07,0,0,3,3,2,5,2,5,1,1,1,1
0,11,31,2.0901143926721488e-08,0,0,3,4,2,1,2,1,1,1,1,1
0,11,35,3.3090689157688757e-06,0,0,3,4,2,5,2,5,1,1,1,1
0,11,37,7.871793786762282e-05,0,0,3,5,2,2,2,2,1,2,1,2
0,11,38,4.100270234630443e-05,0,0,3,5,2,3,2,3,1,2,1,2
0,11,39,0.0009400416165590286,0,0,3,5,2,4,2,4,1,2,1,2
0,11,40,0.0003871367662213743,0,0,3,5,2,5,2,5,1,2,1,2
0,11,41,4.725513491621314e-08,0,1,3,6,2,1,2,1,1,1,1,5
0,11,42,1.6008921477350668e-07,0,1,3,6,2,2,2,2,1,1,1,5
0,11,43,3.673710935458985e-08,0,1,3,6,2,3,2,3,1,1,1,5
0,11,44,4.90312368128798e-06,0,1,3,6,2,4,2,4,1,1,1,5
0,12,0,0.9653592109680176,0,0,3,1,2,0,2,0,1,2,1,4
0,12,1,4.494599579629721e-06,0,0,3,3,2,1,2,1,1,1,1,1
0,12,2,1.719650208542589e-05,0,0,3,3,2,1,2,1,1,1,1,1
0,12,6,4.4711920054396614e-05,0,0,3,3,2,1,2,1,1,1,1,1
0,12,9,1.887028520286549e-05,0,0,3,3,2,2,2,2,1,1,1,1
0,12,10,1.5097731193236541e-05,0,0,3,3,2,2,2,2,1,1,1,1
0,12,13,2.1981146346661262e-05,0,0,3,3,2,3,2,3,1,1,1,1
0,12,15,6.984749688854208e-06,0,0,3,3,2,3,2,3,1,1,1,1
0,12,18,1.9264818547526374e-05,0,0,3,3,2,3,2,3,1,1,1,1
0,12,24,2.6502144464757293e-05,0,0,3,3,2,4,2,4,1,1,1,1
0,12,25,9.497306746197864e-05,0,0,3,3,2,5,2,5,1,1,1,1
0,12,26,7.297379488591105e-05,0,0,3,3,2,5,2,5,1,1,1,1
0,12,30,0.00019164555124007165,0,0,3,3,2,5,2,5,1,1,1,1
0,12,31,3.6583303426596103e-06,0,0,3,4,2,1,2,1,1,1,1,1
0,12,35,0.00019654363859444857,0,0,3,4,2,5,2,5,1,1,1,1
0,12,37,0.0009138695313595235,0,0,3,5,2,2,2,2,1,2,1,2
0,12,38,0.0008469083113595843,0,0,3,5,2,3,2,3,1,2,1,2
0,12,39,0.006456813309341669,0,0,3,5,2,4,2,4,1,2,1,2
0,12,40,0.023617006838321686,0,0,3,5,2,5,2,5,1,2,1,2
0,12,41,0.00012493717076722533,0,1,3,6,2,1,2,1,1,1,1,5
0,12,42,0.00015611432900186628,0,1,3,6,2,2,2,2,1,1,1,5
0,12,43,8.945452282205224e-05,0,1,3,6,2,3,2,3,1,1,1,5
0,12,44,0.0017011872259899974,0,1,3,6,2,4,2,4,1,1,1,5
0,14,0,0.28695517778396606,0,0,3,1,3,0,3,0,1,2,1,4
0,14,1,0.008792174980044365,0,0,3,3,3,1,3,1,1,1,1,1
0,14,2,0.008297909051179886,0,0,3,3,3,1,3,1,1,1,1,1
0,14,6,0.01811997778713703,0,0,3,3,3,1,3,1,1,1,1,1
0,14,9,0.04352930933237076,0,0,3,3,3,2,3,2,1,1,1,1
0,14,10,0.03960731625556946,0,0,3,3,3,2,3,2,1,1,1,1
0,14,13,0.0057437787763774395,0,0,3,3,3,3,3,3,1,1,1,1
0,14,15,0.005364655517041683,0,0,3,3,3,3,3,3,1,1,1,1
0,14,18,0.012007446028292179,0,0,3,3,3,3,3,3,1,1,1,1
0,14,24,0.01193762756884098,0,0,3,3,3,4,3,4,1,1,1,1
0,14,25,0.011871659196913242,0,0,3,3,3,5,3,5,1,1,1,1
0,14,26,0.008155408315360546,0,0,3,3,3,5,3,5,1,1,1,1
0,14,30,0.013180132955312729,0,0,3,3,3,5,3,5,1,1,1,1
0,14,31,0.013820427469909191,0,0,3,4,3,1,3,1,1,1,1,1
0,14,35,0.021176232025027275,0,0,3,4,3,5,3,5,1,1,1,1
0,14,37,0.1556105613708496,0,0,3,5,3,2,3,2,1,2,1,2
0,14,38,0.03631593659520149,0,0,3,5,3,3,3,3,1,2,1,2
0,14,39,0.1145997941493988,0,0,3,5,3,4,3,4,1,2,1,2
0,14,40,0.13106819987297058,0,0,3,5,3,5,3,5,1,2,1,2
0,14,41,0.007936803624033928,0,1,3,6,3,1,3,1,1,1,1,5
0,14,42,0.02814183197915554,0,1,3,6,3,2,3,2,1,1,1,5
0,14,43,0.0037250639870762825,0,1,3,6,3,3,3,3,1,1,1,5
0,14,44,0.014042515307664871,0,1,3,6,3,4,3,4,1,1,1,5
0,16,0,0.6669331192970276,0,0,3,1,3,0,3,0,1,2,1,4
0,16,1,0.005519293248653412,0,0,3,3,3,1,3,1,1,1,1,1
0,16,2,0.002976508578285575,0,0,3,3,3,1,3,1,1,1,1,1
0,16,6,0.007722311187535524,0,0,3,3,3,1,3,1,1,1,1,1
0,16,9,0.019183214753866196,0,0,3,3,3,2,3,2,1,1,1,1
0,16,10,0.022570395842194557,0,0,3,3,3,2,3,2,1,1,1,1
0,16,13,0.007997202686965466,0,0,3,3,3,3,3,3,1,1,1,1
0,16,15,0.005244618747383356,0,0,3,3,3,3,3,3,1,1,1,1
0,16,18,0.010881730355322361,0,0,3,3,3,3,3,3,1,1,1,1
0,16,24,0.011021086014807224,0,0,3,3,3,4,3,4,1,1,1,1
0,16,25,0.0112144211307168,0,0,3,3,3,5,3,5,1,1,1,1
0,16,26,0.0068724676966667175,0,0,3,3,3,5,3,5,1,1,1,1
0,16,30,0.011918778531253338,0,0,3,3,3,5,3,5,1,1,1,1
0,16,31,0.0035082329995930195,0,0,3,4,3,1,3,1,1,1,1,1
0,16,35,0.015062863007187843,0,0,3,4,3,5,3,5,1,1,1,1
0,16,37,0.050956688821315765,0,0,3,5,3,2,3,2,1,2,1,2
0,16,38,0.02797456458210945,0,0,3,5,3,3,3,3,1,2,1,2
0,16,39,0.0403766930103302,0,0,3,5,3,4,3,4,1,2,1,2
0,16,40,0.05574202165007591,0,0,3,5,3,5,3,5,1,2,1,2
0,16,41,0.0014544303994625807,0,1,3,6,3,1,3,1,1,1,1,5
0,16,42,0.005833097733557224,0,1,3,6,3,2,3,2,1,1,1,5
0,16,43,0.0011928450549021363,0,1,3,6,3,3,3,3,1,1,1,5
0,16,44,0.00784314051270485,0,1,3,6,3,4,3,4,1,1,1,5
0,17,0,0.14645951986312866,0,0,3,1,3,0,3,0,1,2,1,4
0,17,1,0.010997959412634373,0,0,3,3,3,1,3,1,1,1,1,1
0,17,2,0.00515322107821703,0,0,3,3,3,1,3,1,1,1,1,1
0,17,6,0.015159614384174347,0,0,3,3,3,1,3,1,1,1,1,1
0,17,9,0.13766425848007202,0,0,3,3,3,2,3,2,1,1,1,1
0,17,10,0.11401607096195221,0,0,3,3,3,2,3,2,1,1,1,1
0,17,13,0.0006042573950253427,0,0,3,3,3,3,3,3,1,1,1,1
0,17,15,0.00102562690153718,0,0,3,3,3,3,3,3,1,1,1,1
0,17,18,0.002101639751344919,0,0,3,3,3,3,3,3,1,1,1,1
0,17,24,0.008514799177646637,0,0,3,3,3,4,3,4,1,1,1,1
0,17,25,0.00950236339122057,0,0,3,3,3,5,3,5,1,1,1,1
0,17,26,0.003413989907130599,0,0,3,3,3,5,3,5,1,1,1,1
0,17,30,0.007507575675845146,0,0,3,3,3,5,3,5,1,1,1,1
0,17,31,0.008173901587724686,0,0,3,4,3,1,3,1,1,1,1,1
0,17,35,0.009478635154664516,0,0,3,4,3,5,3,5,1,1,1,1
0,17,37,0.3109680116176605,0,0,3,5,3,2,3,2,1,2,1,2
0,17,38,0.003526771906763315,0,0,3,5,3,3,3,3,1,2,1,2
0,17,39,0.10460783541202545,0,0,3,5,3,4,3,4,1,2,1,2
0,17,40,0.07539425790309906,0,0,3,5,3,5,3,5,1,2,1,2
0,17,41,0.0017891868483275175,0,1,3,6,3,1,3,1,1,1,1,5
0,17,42,0.01969534531235695,0,1,3,6,3,2,3,2,1,1,1,5
0,17,43,0.00015670295397285372,0,1,3,6,3,3,3,3,1,1,1,5
0,17,44,0.004088143352419138,0,1,3,6,3,4,3,4,1,1,1,5
0,19,0,0.997150719165802,0,0,3,1,4,0,4,0,1,2,1,4
0,19,1,1.026977543006069e-06,0,0,3,3,4,1,4,1,1,1,1,1
0,19,2,1.2117249070797698e-06,0,0,3,3,4,1,4,1,1,1,1,1
0,19,6,3.86003011954017e-06,0,0,3,3,4,1,4,1,1,1,1,1
0,19,9,5.935122317168862e-06,0,0,3,3,4,2,4,2,1,1,1,1
0,19,10,7.819162419764325e-06,0,0,3,3,4,2,4,2,1,1,1,1
0,19,13,2.0989519100567122e-07,0,0,3,3,4,3,4,3,1,1,1,1
0,19,15,9.931870437185353e-08,0,0,3,3,4,3,4,3,1,1,1,1
0,19,18,1.0087541113534826e-06,0,0,3,3,4,3,4,3,1,1,1,1
0,19,24,7.877657708377228e-07,0,0,3,3,4,4,4,4,1,1,1,1
0,19,25,1.4545621525030583e-06,0,0,3,3,4,5,4,5,1,1,1,1
0,19,26,4.397597308525292e-07,0,0,3,3,4,5,4,5,1,1,1,1
0,19,30,2.7027965643355856e-06,0,0,3,3,4,5,4,5,1,1,1,1
0,19,31,2.1306550479494035e-06,0,0,3,4,4,1,4,1,1,1,1,1
0,19,35,7.814790478732903e-06,0,0,3,4,4,5,4,5,1,1,1,1
0,19,37,0.001164788962341845,0,0,3,5,4,2,4,2,1,2,1,2
0,19,38,1.7631693481234834e-05,0,0,3,5,4,3,4,3,1,2,1,2
0,19,39,0.0007236961391754448,0,0,3,5,4,4,4,4,1,2,1,2
0,19,40,0.0009000547579489648,0,0,3,5,4,5,4,5,1,2,1,2
0,19,41,3.091308826697059e-07,0,1,3,6,4,1,4,1,1,1,1,5
0,19,42,3.0931701076042373e-06,0,1,3,6,4,2,4,2,1,1,1,5
0,19,43,9.204806872276095e-08,0,1,3,6,4,3,4,3,1,1,1,5
0,19,44,2.8677973205049057e-06,0,1,3,6,4,4,4,4,1,1,1,5
0,20,0,0.9928447604179382,0,0,3,1,4,0,4,0,1,2,1,4
0,20,1,1.9827739379252307e-06,0,0,3,3,4,1,4,1,1,1,1,1
0,20,2,4.6013319661142305e-06,0,0,3,3,4,1,4,1,1,1,1,1
0,20,6,1.2814322872145567e-05,0,0,3,3,4,1,4,1,1,1,1,1
0,20,9,1.4995151104812976e-05,0,0,3,3,4,2,4,2,1,1,1,1
0,20,10,1.5251626791723538e-05,0,0,3,3,4,2,4,2,1,1,1,1
0,20,13,1.0368545417804853e-06,0,0,3,3,4,3,4,3,1,1,1,1
0,20,15,7.780291184644739e-07,0,0,3,3,4,3,4,3,1,1,1,1
0,20,18,5.1307747526152525e-06,0,0,3,3,4,3,4,3,1,1,1,1
0,20,24,5.0811208893719595e-06,0,0,3,3,4,4,4,4,1,1,1,1
0,20,25,9.571428563504014e-06,0,0,3,3,4,5,4,5,1,1,1,1
0,20,26,5.386016255215509e-06,0,0,3,3,4,5,4,5,1,1,1,1
0,20,30,1.686210453044623e-05,0,0,3,3,4,5,4,5,1,1,1,1
0,20,31,2.358294750592904e-06,0,0,3,4,4,1,4,1,1,1,1,1
0,20,35,3.8793081330368295e-05,0,0,3,4,4,5,4,5,1,1,1,1
0,20,37,0.0013961581280454993,0,0,3,5,4,2,4,2,1,2,1,2
0,20,38,6.496262358268723e-05,0,0,3,5,4,3,4,3,1,2,1,2
0,20,39,0.0018712355522438884,0,0,3,5,4,4,4,4,1,2,1,2
0,20,40,0.0036094950046390295,0,0,3,5,4,5,4,5,1,2,1,2
0,20,41,3.902918706444325e-06,0,1,3,6,4,1,4,1,1,1,1,5
0,20,42,2.1800440663355403e-05,0,1,3,6,4,2,4,2,1,1,1,5
0,20,43,2.4358384962397395e-06,0,1,3,6,4,3,4,3,1,1,1,5
0,20,44,5.034196874476038e-05,0,1,3,6,4,4,4,4,1,1,1,5
0,21,0,0.9647952318191528,0,0,3,1,4,0,4,0,1,2,1,4
0,21,1,1.7681253666523844e-05,0,0,3,3,4,1,4,1,1,1,1,1
0,21,2,0.0001587587030371651,0,0,3,3,4,1,4,1,1,1,1,1
0,21,6,0.00015485213953070343,0,0,3,3,4,1,4,1,1,1,1,1
0,21,9,6.527824734803289e-05,0,0,3,3,4,2,4,2,1,1,1,1
0,21,10,0.00021497986745089293,0,0,3,3,4,2,4,2,1,1,1,1
0,21,13,5.240523751126602e-05,0,0,3,3,4,3,4,3,1,1,1,1
0,21,15,2.870773823815398e-05,0,0,3,3,4,3,4,3,1,1,1,1
0,21,18,9.098518785322085e-05,0,0,3,3,4,3,4,3,1,1,1,1
0,21,24,1.1864721273013856e-05,0,0,3,3,4,4,4,4,1,1,1,1
0,21,25,0.00022027069644536823,0,0,3,3,4,5,4,5,1,1,1,1
0,21,26,0.00014895891945343465,0,0,3,3,4,5,4,5,1,1,1,1
0,21,30,0.0009927444625645876,0,0,3,3,4,5,4,5,1,1,1,1
0,21,31,5.491213232744485e-05,0,0,3,4,4,1,4,1,1,1,1,1
0,21,35,0.001108761178329587,0,0,3,4,4,5,4,5,1,1,1,1
0,21,37,0.001866249367594719,0,0,3,5,4,2,4,2,1,2,1,2
0,21,38,0.000456855574157089,0,0,3,5,4,3,4,3,1,2,1,2
0,21,39,0.00040354570955969393,0,0,3,5,4,4,4,4,1,2,1,2
0,21,40,0.027271335944533348,0,0,3,5,4,5,4,5,1,2,1,2
0,21,41,0.000375624600565061,0,1,3,6,4,1,4,1,1,1,1,5
0,21,42,0.000808590033557266,0,1,3,6,4,2,4,2,1,1,1,5
0,21,43,0.00014755746815353632,0,1,3,6,4,3,4,3,1,1,1,5
0,21,44,0.0005542122526094317,0,1,3,6,4,4,4,4,1,1,1,5
0,22,0,0.9589769244194031,0,0,3,1,4,0,4,0,1,2,1,4
0,22,1,6.318600935628638e-05,0,0,3,3,4,1,4,1,1,1,1,1
0,22,2,0.00032296229619532824,0,0,3,3,4,1,4,1,1,1,1,1
0,22,6,0.00032213571830652654,0,0,3,3,4,1,4,1,1,1,1,1
0,22,9,0.00019496900495141745,0,0,3,3,4,2,4,2,1,1,1,1
0,22,10,0.00022493075812235475,0,0,3,3,4,2,4,2,1,1,1,1
0,22,13,4.290870492695831e-06,0,0,3,3,4,3,4,3,1,1,1,1
0,22,15,5.707219315809198e-06,0,0,3,3,4,3,4,3,1,1,1,1
0,22,18,1.9156803318765014e-05,0,0,3,3,4,3,4,3,1,1,1,1
0,22,24,2.9353293939493597e-05,0,0,3,3,4,4,4,4,1,1,1,1
0,22,25,0.00011888026347151026,0,0,3,3,4,5,4,5,1,1,1,1
0,22,26,7.377863948931918e-05,0,0,3,3,4,5,4,5,1,1,1,1
0,22,30,0.00033144012559205294,0,0,3,3,4,5,4,5,1,1,1,1
0,22,31,0.00012467220949474722,0,0,3,4,4,1,4,1,1,1,1,1
0,22,35,0.0003881575248669833,0,0,3,4,4,5,4,5,1,1,1,1
0,22,37,0.005901058670133352,0,0,3,5,4,2,4,2,1,2,1,2
0,22,38,6.484666664618999e-05,0,0,3,5,4,3,4,3,1,2,1,2
0,22,39,0.004393415525555611,0,0,3,5,4,4,4,4,1,2,1,2
0,22,40,0.023584749549627304,0,0,3,5,4,5,4,5,1,2,1,2
0,22,41,0.0013285839231684804,0,1,3,6,4,1,4,1,1,1,1,5
0,22,42,0.0019153589382767677,0,1,3,6,4,2,4,2,1,1,1,5
0,22,43,0.00010618462692946196,0,1,3,6,4,3,4,3,1,1,1,5
0,22,44,0.0015055312542244792,0,1,3,6,4,4,4,4,1,1,1,5
0,23,0,0.9663516283035278,0,0,3,1,4,0,4,0,1,2,1,4
0,23,1,4.070650174980983e-05,0,0,3,3,4,1,4,1,1,1,1,1
0,23,2,0.00011666471255011857,0,0,3,3,4,1,4,1,1,1,1,1
0,23,6,0.00019306039030198008,0,0,3,3,4,1,4,1,1,1,1,1
0,23,9,0.00019015371799468994,0,0,3,3,4,2,4,2,1,1,1,1
0,23,10,0.00028764436137862504,0,0,3,3,4,2,4,2,1,1,1,1
0,23,13,9.574803698342294e-06,0,0,3,3,4,3,4,3,1,1,1,1
0,23,15,1.274909755011322e-05,0,0,3,3,4,3,4,3,1,1,1,1
0,23,18,3.549605025909841e-05,0,0,3,3,4,3,4,3,1,1,1,1
0,23,24,5.889797830604948e-05,0,0,3,3,4,4,4,4,1,1,1,1
0,23,25,0.0001331680396106094,0,0,3,3,4,5,4,5,1,1,1,1
0,23,26,7.890754932304844e-05,0,0,3,3,4,5,4,5,1,1,1,1
0,23,30,0.00045415281783789396,0,0,3,3,4,5,4,5,1,1,1,1
0,23,31,7.5797681347467e-05,0,0,3,4,4,1,4,1,1,1,1,1
0,23,35,0.0004650060145650059,0,0,3,4,4,5,4,5,1,1,1,1
0,23,37,0.00788723025470972,0,0,3,5,4,2,4,2,1,2,1,2
0,23,38,0.00025006363284774125,0,0,3,5,4,3,4,3,1,2,1,2
0,23,39,0.004866372793912888,0,0,3,5,4,4,4,4,1,2,1,2
0,23,40,0.01765882596373558,0,0,3,5,4,5,4,5,1,2,1,2
0,23,41,0.00010584378469502553,0,1,3,6,4,1,4,1,1,1,1,5
0,23,42,0.000369309913367033,0,1,3,6,4,2,4,2,1,1,1,5
0,23,43,3.5205233871238306e-05,0,1,3,6,4,3,4,3,1,1,1,5
0,23,44,0.0003236266493331641,0,1,3,6,4,4,4,4,1,1,1,5
0,27,0,0.7806242108345032,0,0,3,1,5,0,5,0,1,2,1,4
0,27,1,3.377194298082031e-05,0,0,3,3,5,1,5,1,1,1,1,1
0,27,2,0.00038575235521420836,0,0,3,3,5,1,5,1,1,1,1,1
0,27,6,0.0003420775756239891,0,0,3,3,5,1,5,1,1,1,1,1
0,27,9,4.396411532070488e-05,0,0,3,3,5,2,5,2,1,1,1,1
0,27,10,4.6058717998676e-05,0,0,3,3,5,2,5,2,1,1,1,1
0,27,13,0.0001473056327085942,0,0,3,3,5,3,5,3,1,1,1,1
0,27,15,9.358697570860386e-05,0,0,3,3,5,3,5,3,1,1,1,1
0,27,18,0.0001779029262252152,0,0,3,3,5,3,5,3,1,1,1,1
0,27,24,1.5010012248239946e-05,0,0,3,3,5,4,5,4,1,1,1,1
0,27,25,0.0007714563398621976,0,0,3,3,5,5,5,5,1,1,1,1
0,27,26,0.00043351255590096116,0,0,3,3,5,5,5,5,1,1,1,1
0,27,30,0.007025796454399824,0,0,3,3,5,5,5,5,1,1,1,1
0,27,31,0.0001707871851976961,0,0,3,4,5,1,5,1,1,1,1,1
0,27,35,0.009649476036429405,0,0,3,4,5,5,5,5,1,1,1,1
0,27,37,0.0008491400512866676,0,0,3,5,5,2,5,2,1,2,1,2
0,27,38,0.0026113493368029594,0,0,3,5,5,3,5,3,1,2,1,2
0,27,39,0.0022070922423154116,0,0,3,5,5,4,5,4,1,2,1,2
0,27,40,0.1742580682039261,0,0,3,5,5,5,5,5,1,2,1,2
0,27,41,0.004295974504202604,0,1,3,6,5,1,5,1,1,1,1,5
0,27,42,0.00276689394377172,0,1,3,6,5,2,5,2,1,1,1,5
0,27,43,0.0038815990556031466,0,1,3,6,5,3,5,3,1,1,1,5
0,27,44,0.009169044904410839,0,1,3,6,5,4,5,4,1,1,1,5
0,28,0,0.01683291420340538,0,0,3,1,5,0,5,0,1,2,1,4
0,28,1,5.848650835105218e-05,0,0,3,3,5,1,5,1,1,1,1,1
0,28,2,0.0015715552726760507,0,0,3,3,5,1,5,1,1,1,1,1
0,28,6,0.0018309321021661162,0,0,3,3,5,1,5,1,1,1,1,1
0,28,9,0.0006418256089091301,0,0,3,3,5,2,5,2,1,1,1,1
0,28,10,0.0009645072859711945,0,0,3,3,5,2,5,2,1,1,1,1
0,28,13,0.00041393586434423923,0,0,3,3,5,3,5,3,1,1,1,1
0,28,15,0.00010674085933715105,0,0,3,3,5,3,5,3,1,1,1,1
0,28,18,5.720429544453509e-05,0,0,3,3,5,3,5,3,1,1,1,1
0,28,24,1.682921174506191e-05,0,0,3,3,5,4,5,4,1,1,1,1
0,28,25,0.008627383038401604,0,0,3,3,5,5,5,5,1,1,1,1
0,28,26,0.004617732018232346,0,0,3,3,5,5,5,5,1,1,1,1
0,28,30,0.07151061296463013,0,0,3,3,5,5,5,5,1,1,1,1
0,28,31,0.0002507353201508522,0,0,3,4,5,1,5,1,1,1,1,1
0,28,35,0.026649123057723045,0,0,3,4,5,5,5,5,1,1,1,1
0,28,37,0.00171785952989012,0,0,3,5,5,2,5,2,1,2,1,2
0,28,38,0.001110000885091722,0,0,3,5,5,3,5,3,1,2,1,2
0,28,39,0.0008085360750555992,0,0,3,5,5,4,5,4,1,2,1,2
0,28,40,0.6454687714576721,0,0,3,5,5,5,5,5,1,2,1,2
0,28,41,0.11516613513231277,0,1,3,6,5,1,5,1,1,1,1,5
0,28,42,0.07990147918462753,0,1,3,6,5,2,5,2,1,1,1,5
0,28,43,0.0026569627225399017,0,1,3,6,5,3,5,3,1,1,1,5
0,28,44,0.01901954784989357,0,1,3,6,5,4,5,4,1,1,1,5
0,29,0,0.4012671113014221,0,0,3,1,5,0,5,0,1,2,1,4
0,29,1,1.5675528629799373e-05,0,0,3,3,5,1,5,1,1,1,1,1
0,29,2,0.00021267829288262874,0,0,3,3,5,1,5,1,1,1,1,1
0,29,6,0.0004541605885606259,0,0,3,3,5,1,5,1,1,1,1,1
0,29,9,0.00013859472528565675,0,0,3,3,5,2,5,2,1,1,1,1
0,29,10,0.00025727562024258077,0,0,3,3,5,2,5,2,1,1,1,1
0,29,13,0.00010224614379694685,0,0,3,3,5,3,5,3,1,1,1,1
0,29,15,1.3030224181420635e-05,0,0,3,3,5,3,5,3,1,1,1,1
0,29,18,2.074919939332176e-05,0,0,3,3,5,3,5,3,1,1,1,1
0,29,24,8.528311809641309e-06,0,0,3,3,5,4,5,4,1,1,1,1
0,29,25,0.0009042511228471994,0,0,3,3,5,5,5,5,1,1,1,1
0,29,26,0.00033627075026743114,0,0,3,3,5,5,5,5,1,1,1,1
0,29,30,0.0044160885736346245,0,0,3,3,5,5,5,5,1,1,1,1
0,29,31,6.784598372178152e-05,0,0,3,4,5,1,5,1,1,1,1,1
0,29,35,0.004075631964951754,0,0,3,4,5,5,5,5,1,1,1,1
0,29,37,0.004380476661026478,0,0,3,5,5,2,5,2,1,2,1,2
0,29,38,0.0024153003469109535,0,0,3,5,5,3,5,3,1,2,1,2
0,29,39,0.00418110704049468,0,0,3,5,5,4,5,4,1,2,1,2
0,29,40,0.5635217428207397,0,0,3,5,5,5,5,5,1,2,1,2
0,29,41,0.00494699040427804,0,1,3,6,5,1,5,1,1,1,1,5
0,29,42,0.00576704042032361,0,1,3,6,5,2,5,2,1,1,1,5
0,29,43,0.00014291309344116598,0,1,3,6,5,3,5,3,1,1,1,5
0,29,44,0.0023541811387985945,0,1,3,6,5,4,5,4,1,1,1,5
0,32,0,0.9130121469497681,0,0,4,1,2,0,2,0,1,2,1,4
0,32,1,0.00018861125863622874,0,0,4,3,2,1,2,1,1,1,1,1
0,32,2,0.0004829029203392565,0,0,4,3,2,1,2,1,1,1,1,1
0,32,6,0.0009279646910727024,0,0,4,3,2,1,2,1,1,1,1,1
0,32,9,0.0006099538295529783,0,0,4,3,2,2,2,2,1,1,1,1
0,32,10,0.0007103594252839684,0,0,4,3,2,2,2,2,1,1,1,1
0,32,13,0.00011386769620003179,0,0,4,3,2,3,2,3,1,1,1,1
0,32,15,8.981895371107385e-05,0,0,4,3,2,3,2,3,1,1,1,1
0,32,18,0.00016840925673022866,0,0,4,3,2,3,2,3,1,1,1,1
0,32,24,0.0005736832390539348,0,0,4,3,2,4,2,4,1,1,1,1
0,32,25,0.000771314196754247,0,0,4,3,2,5,2,5,1,1,1,1
0,32,26,0.000669495202600956,0,0,4,3,2,5,2,5,1,1,1,1
0,32,30,0.0011410897132009268,0,0,4,3,2,5,2,5,1,1,1,1
0,32,31,0.00020525955187622458,0,0,4,4,2,1,2,1,1,1,1,1
0,32,35,0.0013590306043624878,0,0,4,4,2,5,2,5,1,1,1,1
0,32,37,0.008618924766778946,0,0,4,5,2,2,2,2,1,2,1,2
0,32,38,0.0013240767875686288,0,0,4,5,2,3,2,3,1,2,1,2
0,32,39,0.0232657752931118,0,0,4,5,2,4,2,4,1,2,1,2
0,32,40,0.03477441146969795,0,0,4,5,2,5,2,5,1,2,1,2
0,32,41,0.0019238886889070272,0,1,4,6,2,1,2,1,1,1,1,5
0,32,42,0.0019381784368306398,0,1,4,6,2,2,2,2,1,1,1,5
0,32,43,0.00038011418655514717,0,1,4,6,2,3,2,3,1,1,1,5
0,32,44,0.006750958040356636,0,1,4,6,2,4,2,4,1,1,1,5
0,33,0,0.027451645582914352,0,0,4,1,3,0,3,0,1,2,1,4
0,33,1,0.013032212853431702,0,0,4,3,3,1,3,1,1,1,1,1
0,33,2,0.012705091387033463,0,0,4,3,3,1,3,1,1,1,1,1
0,33,6,0.01970660127699375,0,0,4,3,3,1,3,1,1,1,1,1
0,33,9,0.026731014251708984,0,0,4,3,3,2,3,2,1,1,1,1
0,33,10,0.04369095712900162,0,0,4,3,3,2,3,2,1,1,1,1
0,33,13,0.06163186579942703,0,0,4,3,3,3,3,3,1,1,1,1
0,33,15,0.05254492536187172,0,0,4,3,3,3,3,3,1,1,1,1
0,33,18,0.03882835805416107,0,0,4,3,3,3,3,3,1,1,1,1
0,33,24,0.03783150762319565,0,0,4,3,3,4,3,4,1,1,1,1
0,33,25,0.043062325567007065,0,0,4,3,3,5,3,5,1,1,1,1
0,33,26,0.0402301549911499,0,0,4,3,3,5,3,5,1,1,1,1
0,33,30,0.04973062500357628,0,0,4,3,3,5,3,5,1,1,1,1
0,33,31,0.008581552654504776,0,0,4,4,3,1,3,1,1,1,1,1
0,33,35,0.04129305109381676,0,0,4,4,3,5,3,5,1,1,1,1
0,33,37,0.020439457148313522,0,0,4,5,3,2,3,2,1,2,1,2
0,33,38,0.10710996389389038,0,0,4,5,3,3,3,3,1,2,1,2
0,33,39,0.029708465561270714,0,0,4,5,3,4,3,4,1,2,1,2
0,33,40,0.09240403026342392,0,0,4,5,3,5,3,5,1,2,1,2
0,33,41,0.03455410525202751,0,1,4,6,3,1,3,1,1,1,1,5
0,33,42,0.057686347514390945,0,1,4,6,3,2,3,2,1,1,1,5
0,33,43,0.04665682092308998,0,1,4,6,3,3,3,3,1,1,1,5
0,33,44,0.09438878297805786,0,1,4,6,3,4,3,4,1,1,1,5
0,34,0,0.8347353339195251,0,0,4,1,4,0,4,0,1,2,1,4
0,34,1,0.001296293456107378,0,0,4,3,4,1,4,1,1,1,1,1
0,34,2,0.0018316266359761357,0,0,4,3,4,1,4,1,1,1,1,1
0,34,6,0.0031836361158639193,0,0,4,3,4,1,4,1,1,1,1,1
0,34,9,0.007966283708810806,0,0,4,3,4,2,4,2,1,1,1,1
0,34,10,0.004221533425152302,0,0,4,3,4,2,4,2,1,1,1,1
0,34,13,2.7642097848001868e-05,0,0,4,3,4,3,4,3,1,1,1,1
0,34,15,0.00011545816232683137,0,0,4,3,4,3,4,3,1,1,1,1
0,34,18,0.00024428655160591006,0,0,4,3,4,3,4,3,1,1,1,1
0,34,24,0.0007571535534225404,0,0,4,3,4,4,4,4,1,1,1,1
0,34,25,0.0008658900624141097,0,0,4,3,4,5,4,5,1,1,1,1
0,34,26,0.000690085522364825,0,0,4,3,4,5,4,5,1,1,1,1
0,34,30,0.0017317692982032895,0,0,4,3,4,5,4,5,1,1,1,1
0,34,31,0.0013840380124747753,0,0,4,4,4,1,4,1,1,1,1,1
0,34,35,0.0031667924486100674,0,0,4,4,4,5,4,5,1,1,1,1
0,34,37,0.0376155748963356,0,0,4,5,4,2,4,2,1,2,1,2
0,34,38,0.00023512644111178815,0,0,4,5,4,3,4,3,1,2,1,2
0,34,39,0.03375830128788948,0,0,4,5,4,4,4,4,1,2,1,2
0,34,40,0.03122214786708355,0,0,4,5,4,5,4,5,1,2,1,2
0,34,41,0.0057739391922950745,0,1,4,6,4,1,4,1,1,1,1,5
0,34,42,0.019221460446715355,0,1,4,6,4,2,4,2,1,1,1,5
0,34,43,0.001218424178659916,0,1,4,6,4,3,4,3,1,1,1,5
0,34,44,0.008737502619624138,0,1,4,6,4,4,4,4,1,1,1,5
0,36,0,0.0006805565790273249,0,0,5,1,1,0,1,0,2,2,2,4
0,36,1,0.00015655337483622134,0,0,5,3,1,1,1,1,2,1,2,1
0,36,2,0.00016866657824721187,0,0,5,3,1,1,1,1,2,1,2,1
0,36,6,0.0004798113077413291,0,0,5,3,1,1,1,1,2,1,2,1
0,36,9,0.00037598691415041685,0,0,5,3,1,2,1,2,2,1,2,1
0,36,10,0.0005806408589705825,0,0,5,3,1,2,1,2,2,1,2,1
0,36,13,0.05873209983110428,0,0,5,3,1,3,1,3,2,1,2,1
0,36,15,0.005183713976293802,0,0,5,3,1,3,1,3,2,1,2,1
0,36,18,0.008250192739069462,0,0,5,3,1,3,1,3,2,1,2,1
0,36,24,0.002894221805036068,0,0,5,3,1,4,1,4,2,1,2,1
0,36,25,0.0008929421892389655,0,0,5,3,1,5,1,5,2,1,2,1
0,36,26,0.0010294897947460413,0,0,5,3,1,5,1,5,2,1,2,1
0,36,30,0.0008166675688698888,0,0,5,3,1,5,1,5,2,1,2,1
0,36,31,0.0004792344116140157,0,0,5,4,1,1,1,1,2,1,2,1
0,36,35,0.0018713014433160424,0,0,5,4,1,5,1,5,2,1,2,1
0,36,37,0.012387570925056934,0,0,5,5,1,2,1,2,2,2,2,2
0,36,38,0.8692157864570618,0,0,5,5,1,3,1,3,2,2,2,2
0,36,39,0.026795756071805954,0,0,5,5,1,4,1,4,2,2,2,2
0,36,40,0.008489446714520454,0,0,5,5,1,5,1,5,2,2,2,2
0,36,41,1.8142438420909457e-05,0,1,5,6,1,1,1,1,2,1,2,5
0,36,42,7.390714745270088e-05,0,1,5,6,1,2,1,2,2,1,2,5
0,36,43,0.00035583251155912876,0,1,5,6,1,3,1,3,2,1,2,5
0,36,44,7.155864295782521e-05,0,1,5,6,1,4,1,4,2,1,2,5
0,45,0,0.017195601016283035,1,0,6,1,5,0,5,0,1,2,5,4
0,45,1,3.530331014189869e-05,1,0,6,3,5,1,5,1,1,1,5,1
0,45,2,1.4279365132097155e-05,1,0,6,3,5,1,5,1,1,1,5,1
0,45,6,9.678483183961362e-05,1,0,6,3,5,1,5,1,1,1,5,1
0,45,9,5.461326873046346e-05,1,0,6,3,5,2,5,2,1,1,5,1
0,45,10,4.339140105003025e-06,1,0,6,3,5,2,5,2,1,1,5,1
0,45,13,1.723778223094996e-05,1,0,6,3,5,3,5,3,1,1,5,1
0,45,15,7.483180070266826e-06,1,0,6,3,5,3,5,3,1,1,5,1
0,45,18,1.97888002730906e-05,1,0,6,3,5,3,5,3,1,1,5,1
0,45,24,0.0002503959694877267,1,0,6,3,5,4,5,4,1,1,5,1
0,45,25,7.589661981910467e-05,1,0,6,3,5,5,5,5,1,1,5,1
0,45,26,2.5490535335848108e-05,1,0,6,3,5,5,5,5,1,1,5,1
0,45,30,3.34074065904133e-05,1,0,6,3,5,5,5,5,1,1,5,1
0,45,31,3.783939973800443e-05,1,0,6,4,5,1,5,1,1,1,5,1
0,45,35,0.00020000278891529888,1,0,6,4,5,5,5,5,1,1,5,1
0,45,37,0.003454863093793392,1,0,6,5,5,2,5,2,1,2,5,2
0,45,38,0.005543145351111889,1,0,6,5,5,3,5,3,1,2,5,2
0,45,39,0.9651972055435181,1,0,6,5,5,4,5,4,1,2,5,2
0,45,40,0.007471491117030382,1,0,6,5,5,5,5,5,1,2,5,2
0,45,41,6.189049599925056e-06,1,1,6,6,5,1,5,1,1,1,5,5
0,45,42,7.4352533374622e-06,1,1,6,6,5,2,5,2,1,1,5,5
0,45,43,9.788494025997352e-06,1,1,6,6,5,3,5,3,1,1,5,5
0,45,44,0.0002418248914182186,1,1,6,6,5,4,5,4,1,1,5,5
0,46,0,8.51228651299607e-06,2,0,7,1,0,0,0,0,0,2,4,4
0,46,1,0.0015009839553385973,2,0,7,3,0,1,0,1,0,1,4,1
0,46,2,0.00862264446914196,2,0,7,3,0,1,0,1,0,1,4,1
0,46,6,0.0008138411794789135,2,0,7,3,0,1,0,1,0,1,4,1
0,46,9,0.00020556870731525123,2,0,7,3,0,2,0,2,0,1,4,1
0,46,10,0.0005829450092278421,2,0,7,3,0,2,0,2,0,1,4,1
0,46,13,7.796913996571675e-05,2,0,7,3,0,3,0,3,0,1,4,1
0,46,15,2.332841177121736e-05,2,0,7,3,0,3,0,3,0,1,4,1
0,46,18,1.9538718333933502e-05,2,0,7,3,0,3,0,3,0,1,4,1
0,46,24,1.048930471370113e-06,2,0,7,3,0,4,0,4,0,1,4,1
0,46,25,9.935096022672951e-05,2,0,7,3,0,5,0,5,0,1,4,1
0,46,26,7.480111526092514e-05,2,0,7,3,0,5,0,5,0,1,4,1
0,46,30,0.0002892716438509524,2,0,7,3,0,5,0,5,0,1,4,1
0,46,31,0.005880406126379967,2,0,7,4,0,1,0,1,0,1,4,1
0,46,35,0.00021002617722842842,2,0,7,4,0,5,0,5,0,1,4,1
0,46,37,1.2312512808421161e-05,2,0,7,5,0,2,0,2,0,2,4,2
0,46,38,4.0503846321371384e-07,2,0,7,5,0,3,0,3,0,2,4,2
0,46,39,3.167192232922389e-07,2,0,7,5,0,4,0,4,0,2,4,2
0,46,40,0.00011410776642151177,2,0,7,5,0,5,0,5,0,2,4,2
0,46,41,0.8771631121635437,2,1,7,6,0,1,0,1,0,1,4,5
0,46,42,0.10083770006895065,2,1,7,6,0,2,0,2,0,1,4,5
0,46,43,0.0023409950081259012,2,1,7,6,0,3,0,3,0,1,4,5
0,46,44,0.0011211393866688013,2,1,7,6,0,4,0,4,0,1,4,5
1,0,3,0.0002171955566154793,0,0,1,3,0,1,0,1,2,1,4,1
1,0,4,0.00015136408910620958,0,0,1,3,0,1,0,1,2,1,4,1
1,0,5,2.937366662081331e-05,0,0,1,3,0,1,0,1,2,1,4,1
1,0,7,4.753919569111531e-08,0,0,1,3,0,2,0,2,2,1,4,1
1,0,8,3.068968794650573e-07,0,0,1,3,0,2,0,2,2,1,4,1
1,0,11,1.8413864211197506e-07,0,0,1,3,0,2,0,2,2,1,4,1
1,0,12,2.2838197111241243e-08,0,0,1,3,0,2,0,2,2,1,4,1
1,0,14,1.9546730811725865e-07,0,0,1,3,0,3,0,3,2,1,4,1
1,0,16,4.590947924043576e-07,0,0,1,3,0,3,0,3,2,1,4,1
1,0,17,2.3609180743733305e-07,0,0,1,3,0,3,0,3,2,1,4,1
1,0,19,2.5582622242836806e-07,0,0,1,3,0,4,0,4,2,1,4,1
1,0,20,4.4697534917759185e-07,0,0,1,3,0,4,0,4,2,1,4,1
1,0,21,3.6765615618605807e-07,0,0,1,3,0,4,0,4,2,1,4,1
1,0,22,3.061057896047714e-07,0,0,1,3,0,4,0,4,2,1,4,1
1,0,23,1.1807625099891084e-07,0,0,1,3,0,4,0,4,2,1,4,1
1,0,27,2.714389211178059e-07,0,0,1,3,0,5,0,5,2,1,4,1
1,0,28,8.800815720633182e-08,0,0,1,3,0,5,0,5,2,1,4,1
1,0,29,2.9531952350225765e-07,0,0,1,3,0,5,0,5,2,1,4,1
1,0,32,8.311871191324371e-09,0,0,1,4,0,2,0,2,2,1,4,1
1,0,33,1.1370768788765417e-06,0,0,1,4,0,3,0,3,2,1,4,1
1,0,34,7.911862098808342e-08,0,0,1,4,0,4,0,4,2,1,4,1
1,0,36,0.9995715618133545,0,0,1,5,0,1,0,1,2,2,4,2
1,0,45,1.0399539860372897e-06,0,1,1,6,0,5,0,5,2,1,4,5
1,0,46,2.4375151042477228e-05,0,2,1,7,0,0,0,0,2,0,4,4
1,1,3,0.0023077374789863825,0,0,3,3,1,1,1,1,1,1,1,1
1,1,4,0.006212709471583366,0,0,3,3,1,1,1,1,1,1,1,1
1,1,5,0.0010187301086261868,0,0,3,3,1,1,1,1,1,1,1,1
1,1,7,1.349549052065413e-06,0,0,3,3,1,2,1,2,1,1,1,1
1,1,8,2.7024780138162896e-05,0,0,3,3,1,2,1,2,1,1,1,1
1,1,11,3.001819777637138e-06,0,0,3,3,1,2,1,2,1,1,1,1
1,1,12,1.6356837022613036e-06,0,0,3,3,1,2,1,2,1,1,1,1
1,1,14,5.682005576090887e-05,0,0,3,3,1,3,1,3,1,1,1,1
1,1,16,6.987909728195518e-05,0,0,3,3,1,3,1,3,1,1,1,1
1,1,17,1.6619451344013214e-05,0,0,3,3,1,3,1,3,1,1,1,1
1,1,19,1.3365764971240424e-05,0,0,3,3,1,4,1,4,1,1,1,1
1,1,20,4.818516754312441e-05,0,0,3,3,1,4,1,4,1,1,1,1
1,1,21,1.6240306649706326e-05,0,0,3,3,1,4,1,4,1,1,1,1
1,1,22,5.253315976005979e-06,0,0,3,3,1,4,1,4,1,1,1,1
1,1,23,1.0206953447777778e-05,0,0,3,3,1,4,1,4,1,1,1,1
1,1,27,0.00010303738235961646,0,0,3,3,1,5,1,5,1,1,1,1
1,1,28,0.00015436497051268816,0,0,3,3,1,5,1,5,1,1,1,1
1,1,29,2.004635643970687e-05,0,0,3,3,1,5,1,5,1,1,1,1
1,1,32,1.5252046523528406e-06,0,0,3,4,1,2,1,2,1,1,1,1
1,1,33,0.0002738650073297322,0,0,3,4,1,3,1,3,1,1,1,1
1,1,34,1.3975033652968705e-05,0,0,3,4,1,4,1,4,1,1,1,1
1,1,36,0.9892212748527527,0,0,3,5,1,1,1,1,1,2,1,2
1,1,45,3.4987555409315974e-05,0,1,3,6,1,5,1,5,1,1,1,5
1,1,46,0.0003684666589833796,0,2,3,7,1,0,1,0,1,0,1,4
1,2,3,0.0058038304559886456,0,0,3,3,1,1,1,1,1,1,1,1
1,2,4,0.04110969603061676,0,0,3,3,1,1,1,1,1,1,1,1
1,2,5,0.002906017703935504,0,0,3,3,1,1,1,1,1,1,1,1
1,2,7,8.563109190617979e-07,0,0,3,3,1,2,1,2,1,1,1,1
1,2,8,3.4864176996052265e-05,0,0,3,3,1,2,1,2,1,1,1,1
1,2,11,1.6025038576117367e-06,0,0,3,3,1,2,1,2,1,1,1,1
1,2,12,1.4851805190119194e-06,0,0,3,3,1,2,1,2,1,1,1,1
1,2,14,2.4187245799112134e-05,0,0,3,3,1,3,1,3,1,1,1,1
1,2,16,7.314138201763853e-05,0,0,3,3,1,3,1,3,1,1,1,1
1,2,17,5.735794729844201e-06,0,0,3,3,1,3,1,3,1,1,1,1
1,2,19,2.5845061827567406e-05,0,0,3,3,1,4,1,4,1,1,1,1
1,2,20,0.00024673884036019444,0,0,3,3,1,4,1,4,1,1,1,1
1,2,21,3.2475705666001886e-05,0,0,3,3,1,4,1,4,1,1,1,1
1,2,22,5.591055469267303e-06,0,0,3,3,1,4,1,4,1,1,1,1
1,2,23,2.855914135579951e-05,0,0,3,3,1,4,1,4,1,1,1,1
1,2,27,0.00015607039676979184,0,0,3,3,1,5,1,5,1,1,1,1
1,2,28,0.000750888604670763,0,0,3,3,1,5,1,5,1,1,1,1
1,2,29,3.4385768231004477e-05,0,0,3,3,1,5,1,5,1,1,1,1
1,2,32,6.518815212075424e-07,0,0,3,4,1,2,1,2,1,1,1,1
1,2,33,9.06518180272542e-05,0,0,3,4,1,3,1,3,1,1,1,1
1,2,34,3.961220500059426e-05,0,0,3,4,1,4,1,4,1,1,1,1
1,2,36,0.9467268586158752,0,0,3,5,1,1,1,1,1,2,1,2
1,2,45,3.5013548767892644e-05,0,1,3,6,1,5,1,5,1,1,1,5
1,2,46,0.001865285448729992,0,2,3,7,1,0,1,0,1,0,1,4
1,6,3,0.02178787998855114,0,0,3,3,1,1,1,1,1,1,1,1
1,6,4,0.766172468662262,0,0,3,3,1,1,1,1,1,1,1,1
1,6,5,0.01875082030892372,0,0,3,3,1,1,1,1,1,1,1,1
1,6,7,0.00028718949761241674,0,0,3,3,1,2,1,2,1,1,1,1
1,6,8,0.005528586450964212,0,0,3,3,1,2,1,2,1,1,1,1
1,6,11,0.00017309152462985367,0,0,3,3,1,2,1,2,1,1,1,1
1,6,12,0.0002483429852873087,0,0,3,3,1,2,1,2,1,1,1,1
1,6,14,0.0020050553139299154,0,0,3,3,1,3,1,3,1,1,1,1
1,6,16,0.010663329623639584,0,0,3,3,1,3,1,3,1,1,1,1
1,6,17,0.00017098538228310645,0,0,3,3,1,3,1,3,1,1,1,1
1,6,19,0.0005088563193567097,0,0,3,3,1,4,1,4,1,1,1,1
1,6,20,0.015744613483548164,0,0,3,3,1,4,1,4,1,1,1,1
1,6,21,0.0006025704205967486,0,0,3,3,1,4,1,4,1,1,1,1
1,6,22,0.00014872406609356403,0,0,3,3,1,4,1,4,1,1,1,1
1,6,23,0.0014567882753908634,0,0,3,3,1,4,1,4,1,1,1,1
1,6,27,0.004125719889998436,0,0,3,3,1,5,1,5,1,1,1,1
1,6,28,0.14210456609725952,0,0,3,3,1,5,1,5,1,1,1,1
1,6,29,0.0012843160657212138,0,0,3,3,1,5,1,5,1,1,1,1
1,6,32,3.20011968142353e-05,0,0,3,4,1,2,1,2,1,1,1,1
1,6,33,0.00037334105581976473,0,0,3,4,1,3,1,3,1,1,1,1
1,6,34,0.00026771618286147714,0,0,3,4,1,4,1,4,1,1,1,1
1,6,36,0.00530717708170414,0,0,3,5,1,1,1,1,1,2,1,2
1,6,45,0.0001804576168069616,0,1,3,6,1,5,1,5,1,1,1,5
1,6,46,0.0020756146404892206,0,2,3,7,1,0,1,0,1,0,1,4
1,9,3,0.002832557773217559,0,0,3,3,2,1,2,1,1,1,1,1
1,9,4,0.02087155357003212,0,0,3,3,2,1,2,1,1,1,1,1
1,9,5,0.009453857317566872,0,0,3,3,2,1,2,1,1,1,1,1
1,9,7,0.005242595449090004,0,0,3,3,2,2,2,2,1,1,1,1
1,9,8,0.021217627450823784,0,0,3,3,2,2,2,2,1,1,1,1
1,9,11,0.0012763462727889419,0,0,3,3,2,2,2,2,1,1,1,1
1,9,12,0.0035865092650055885,0,0,3,3,2,2,2,2,1,1,1,1
1,9,14,0.009568046778440475,0,0,3,3,2,3,2,3,1,1,1,1
1,9,16,0.05333400145173073,0,0,3,3,2,3,2,3,1,1,1,1
1,9,17,0.0008355164318345487,0,0,3,3,2,3,2,3,1,1,1,1
1,9,19,0.0053274487145245075,0,0,3,3,2,4,2,4,1,1,1,1
1,9,20,0.01484647486358881,0,0,3,3,2,4,2,4,1,1,1,1
1,9,21,0.002083994448184967,0,0,3,3,2,4,2,4,1,1,1,1
1,9,22,0.0011674293782562017,0,0,3,3,2,4,2,4,1,1,1,1
1,9,23,0.002681136829778552,0,0,3,3,2,4,2,4,1,1,1,1
1,9,27,0.015929467976093292,0,0,3,3,2,5,2,5,1,1,1,1
1,9,28,0.8087855577468872,0,0,3,3,2,5,2,5,1,1,1,1
1,9,29,0.012544967234134674,0,0,3,3,2,5,2,5,1,1,1,1
1,9,32,0.0010662662098184228,0,0,3,4,2,2,2,2,1,1,1,1
1,9,33,0.0005530582275241613,0,0,3,4,2,3,2,3,1,1,1,1
1,9,34,0.004829005338251591,0,0,3,4,2,4,2,4,1,1,1,1
1,9,36,5.911162952543236e-05,0,0,3,5,2,1,2,1,1,2,1,2
1,9,45,0.0004962980165146291,0,1,3,6,2,5,2,5,1,1,1,5
1,9,46,0.0014114021323621273,0,2,3,7,2,0,2,0,1,0,1,4
1,10,3,0.0016935700550675392,0,0,3,3,2,1,2,1,1,1,1,1
1,10,4,0.008400660008192062,0,0,3,3,2,1,2,1,1,1,1,1
1,10,5,0.003401739988476038,0,0,3,3,2,1,2,1,1,1,1,1
1,10,7,0.013532239012420177,0,0,3,3,2,2,2,2,1,1,1,1
1,10,8,0.028221236541867256,0,0,3,3,2,2,2,2,1,1,1,1
1,10,11,0.00545793492347002,0,0,3,3,2,2,2,2,1,1,1,1
1,10,12,0.0058819809928536415,0,0,3,3,2,2,2,2,1,1,1,1
1,10,14,0.03427763283252716,0,0,3,3,2,3,2,3,1,1,1,1
1,10,16,0.01823027990758419,0,0,3,3,2,3,2,3,1,1,1,1
1,10,17,0.0029966607689857483,0,0,3,3,2,3,2,3,1,1,1,1
1,10,19,0.015219124034047127,0,0,3,3,2,4,2,4,1,1,1,1
1,10,20,0.000996602000668645,0,0,3,3,2,4,2,4,1,1,1,1
1,10,21,0.0020732921548187733,0,0,3,3,2,4,2,4,1,1,1,1
1,10,22,0.0024660618510097265,0,0,3,3,2,4,2,4,1,1,1,1
1,10,23,0.0015602376079186797,0,0,3,3,2,4,2,4,1,1,1,1
1,10,27,0.0026081393007189035,0,0,3,3,2,5,2,5,1,1,1,1
1,10,28,0.04155316203832626,0,0,3,3,2,5,2,5,1,1,1,1
1,10,29,0.01962159015238285,0,0,3,3,2,5,2,5,1,1,1,1
1,10,32,0.008453693240880966,0,0,3,4,2,2,2,2,1,1,1,1
1,10,33,0.00016308101476170123,0,0,3,4,2,3,2,3,1,1,1,1
1,10,34,0.010744914412498474,0,0,3,4,2,4,2,4,1,1,1,1
1,10,36,0.0003459132567513734,0,0,3,5,2,1,2,1,1,2,1,2
1,10,45,0.0001937957713380456,0,1,3,6,2,5,2,5,1,1,1,5
1,10,46,0.7719064354896545,0,2,3,7,2,0,2,0,1,0,1,4
1,13,3,0.014346854761242867,0,0,3,3,3,1,3,1,1,1,1,1
1,13,4,0.25555238127708435,0,0,3,3,3,1,3,1,1,1,1,1
1,13,5,0.02007758803665638,0,0,3,3,3,1,3,1,1,1,1,1
1,13,7,0.0023395747411996126,0,0,3,3,3,2,3,2,1,1,1,1
1,13,8,0.017117436975240707,0,0,3,3,3,2,3,2,1,1,1,1
1,13,11,0.001054213265888393,0,0,3,3,3,2,3,2,1,1,1,1
1,13,12,0.004686075262725353,0,0,3,3,3,2,3,2,1,1,1,1
1,13,14,0.003625827608630061,0,0,3,3,3,3,3,3,1,1,1,1
1,13,16,0.0066103083081543446,0,0,3,3,3,3,3,3,1,1,1,1
1,13,17,0.00038319180021062493,0,0,3,3,3,3,3,3,1,1,1,1
1,13,19,0.0017836476908996701,0,0,3,3,3,4,3,4,1,1,1,1
1,13,20,0.09273432940244675,0,0,3,3,3,4,3,4,1,1,1,1
1,13,21,0.00216107745654881,0,0,3,3,3,4,3,4,1,1,1,1
1,13,22,0.0007176552317105234,0,0,3,3,3,4,3,4,1,1,1,1
1,13,23,0.0034066769294440746,0,0,3,3,3,4,3,4,1,1,1,1
1,13,27,0.031032007187604904,0,0,3,3,3,5,3,5,1,1,1,1
1,13,28,0.525608479976654,0,0,3,3,3,5,3,5,1,1,1,1
1,13,29,0.0030521778389811516,0,0,3,3,3,5,3,5,1,1,1,1
1,13,32,0.0013663774589076638,0,0,3,4,3,2,3,2,1,1,1,1
1,13,33,0.001418204279616475,0,0,3,4,3,3,3,3,1,1,1,1
1,13,34,0.003320335643365979,0,0,3,4,3,4,3,4,1,1,1,1
1,13,36,0.0020403291564434767,0,0,3,5,3,1,3,1,1,2,1,2
1,13,45,0.00450256047770381,0,1,3,6,3,5,3,5,1,1,1,5
1,13,46,0.0010630099568516016,0,2,3,7,3,0,3,0,1,0,1,4
1,15,3,0.003536204807460308,0,0,3,3,3,1,3,1,1,1,1,1
1,15,4,0.15372905135154724,0,0,3,3,3,1,3,1,1,1,1,1
1,15,5,0.007828790694475174,0,0,3,3,3,1,3,1,1,1,1,1
1,15,7,0.007633124943822622,0,0,3,3,3,2,3,2,1,1,1,1
1,15,8,0.04236096143722534,0,0,3,3,3,2,3,2,1,1,1,1
1,15,11,0.0020218000281602144,0,0,3,3,3,2,3,2,1,1,1,1
1,15,12,0.008068681694567204,0,0,3,3,3,2,3,2,1,1,1,1
1,15,14,0.019948896020650864,0,0,3,3,3,3,3,3,1,1,1,1
1,15,16,0.029270555824041367,0,0,3,3,3,3,3,3,1,1,1,1
1,15,17,0.0008587011834606528,0,0,3,3,3,3,3,3,1,1,1,1
1,15,19,0.001859243493527174,0,0,3,3,3,4,3,4,1,1,1,1
1,15,20,0.04290482774376869,0,0,3,3,3,4,3,4,1,1,1,1
1,15,21,0.0015432003419846296,0,0,3,3,3,4,3,4,1,1,1,1
1,15,22,0.0008784238016232848,0,0,3,3,3,4,3,4,1,1,1,1
1,15,23,0.003002821933478117,0,0,3,3,3,4,3,4,1,1,1,1
1,15,27,0.016831308603286743,0,0,3,3,3,5,3,5,1,1,1,1
1,15,28,0.6463730335235596,0,0,3,3,3,5,3,5,1,1,1,1
1,15,29,0.004645549226552248,0,0,3,3,3,5,3,5,1,1,1,1
1,15,32,0.0017845326801761985,0,0,3,4,3,2,3,2,1,1,1,1
1,15,33,0.0006853198283351958,0,0,3,4,3,3,3,3,1,1,1,1
1,15,34,0.002026534639298916,0,0,3,4,3,4,3,4,1,1,1,1
1,15,36,5.7257617299910635e-05,0,0,3,5,3,1,3,1,1,2,1,2
1,15,45,0.0010683700675144792,0,1,3,6,3,5,3,5,1,1,1,5
1,15,46,0.0010824709897860885,0,2,3,7,3,0,3,0,1,0,1,4
1,18,3,0.0007762389141134918,0,0,3,3,3,1,3,1,1,1,1,1
1,18,4,0.02455647476017475,0,0,3,3,3,1,3,1,1,1,1,1
1,18,5,0.0029233356472104788,0,0,3,3,3,1,3,1,1,1,1,1
1,18,7,0.000369755900464952,0,0,3,3,3,2,3,2,1,1,1,1
1,18,8,0.003711253171786666,0,0,3,3,3,2,3,2,1,1,1,1
1,18,11,6.80563462083228e-05,0,0,3,3,3,2,3,2,1,1,1,1
1,18,12,0.0007753419922664762,0,0,3,3,3,2,3,2,1,1,1,1
1,18,14,0.002068781293928623,0,0,3,3,3,3,3,3,1,1,1,1
1,18,16,0.015203358605504036,0,0,3,3,3,3,3,3,1,1,1,1
1,18,17,8.811146835796535e-05,0,0,3,3,3,3,3,3,1,1,1,1
1,18,19,0.00021716563787776977,0,0,3,3,3,4,3,4,1,1,1,1
1,18,20,0.018172385171055794,0,0,3,3,3,4,3,4,1,1,1,1
1,18,21,0.0002446845464874059,0,0,3,3,3,4,3,4,1,1,1,1
1,18,22,8.87588394107297e-05,0,0,3,3,3,4,3,4,1,1,1,1
1,18,23,0.0007605324499309063,0,0,3,3,3,4,3,4,1,1,1,1
1,18,27,0.007526631001383066,0,0,3,3,3,5,3,5,1,1,1,1
1,18,28,0.9208395481109619,0,0,3,3,3,5,3,5,1,1,1,1
1,18,29,0.0006645982502959669,0,0,3,3,3,5,3,5,1,1,1,1
1,18,32,4.893182631349191e-05,0,0,3,4,3,2,3,2,1,1,1,1
1,18,33,0.0003472175158094615,0,0,3,4,3,3,3,3,1,1,1,1
1,18,34,0.00026038839132525027,0,0,3,4,3,4,3,4,1,1,1,1
1,18,36,4.198444003122859e-06,0,0,3,5,3,1,3,1,1,2,1,2
1,18,45,0.0002813577593769878,0,1,3,6,3,5,3,5,1,1,1,5
1,18,46,2.531097379687708e-06,0,2,3,7,3,0,3,0,1,0,1,4
1,24,3,0.014042974449694157,0,0,3,3,4,1,4,1,1,1,1,1
1,24,4,0.5344818830490112,0,0,3,3,4,1,4,1,1,1,1,1
1,24,5,0.041910599917173386,0,0,3,3,4,1,4,1,1,1,1,1
1,24,7,0.00025433095288462937,0,0,3,3,4,2,4,2,1,1,1,1
1,24,8,0.005034631118178368,0,0,3,3,4,2,4,2,1,1,1,1
1,24,11,0.000122803685371764,0,0,3,3,4,2,4,2,1,1,1,1
1,24,12,0.0005696223233826458,0,0,3,3,4,2,4,2,1,1,1,1
1,24,14,0.002587792929261923,0,0,3,3,4,3,4,3,1,1,1,1
1,24,16,0.029380053281784058,0,0,3,3,4,3,4,3,1,1,1,1
1,24,17,0.0003343955904711038,0,0,3,3,4,3,4,3,1,1,1,1
1,24,19,0.0006574626895599067,0,0,3,3,4,4,4,4,1,1,1,1
1,24,20,0.048220228403806686,0,0,3,3,4,4,4,4,1,1,1,1
1,24,21,0.0013718593399971724,0,0,3,3,4,4,4,4,1,1,1,1
1,24,22,0.00045810709707438946,0,0,3,3,4,4,4,4,1,1,1,1
1,24,23,0.004928299225866795,0,0,3,3,4,4,4,4,1,1,1,1
1,24,27,0.01626439206302166,0,0,3,3,4,5,4,5,1,1,1,1
1,24,28,0.28331369161605835,0,0,3,3,4,5,4,5,1,1,1,1
1,24,29,0.002472370397299528,0,0,3,3,4,5,4,5,1,1,1,1
1,24,32,7.24608325981535e-05,0,0,3,4,4,2,4,2,1,1,1,1
1,24,33,0.0029148722533136606,0,0,3,4,4,3,4,3,1,1,1,1
1,24,34,0.0012212706496939063,0,0,3,4,4,4,4,4,1,1,1,1
1,24,36,0.007815190590918064,0,0,3,5,4,1,4,1,1,2,1,2
1,24,45,0.0009424228919669986,0,1,3,6,4,5,4,5,1,1,1,5
1,24,46,0.000628168520051986,0,2,3,7,4,0,4,0,1,0,1,4
1,25,3,0.00044339822488836944,0,0,3,3,5,1,5,1,1,1,1,1
1,25,4,0.0054174126125872135,0,0,3,3,5,1,5,1,1,1,1,1
1,25,5,0.000539759115781635,0,0,3,3,5,1,5,1,1,1,1,1
1,25,7,0.00010350203228881583,0,0,3,3,5,2,5,2,1,1,1,1
1,25,8,0.0009621513308957219,0,0,3,3,5,2,5,2,1,1,1,1
1,25,11,2.7759651857195422e-05,0,0,3,3,5,2,5,2,1,1,1,1
1,25,12,0.00022227691079024225,0,0,3,3,5,2,5,2,1,1,1,1
1,25,14,0.00014955327787902206,0,0,3,3,5,3,5,3,1,1,1,1
1,25,16,0.0026048431172966957,0,0,3,3,5,3,5,3,1,1,1,1
1,25,17,1.8428203475195915e-05,0,0,3,3,5,3,5,3,1,1,1,1
1,25,19,0.0012928940122947097,0,0,3,3,5,4,5,4,1,1,1,1
1,25,20,0.002475535497069359,0,0,3,3,5,4,5,4,1,1,1,1
1,25,21,0.0004626853042282164,0,0,3,3,5,4,5,4,1,1,1,1
1,25,22,0.00011346051178406924,0,0,3,3,5,4,5,4,1,1,1,1
1,25,23,0.001571905566379428,0,0,3,3,5,4,5,4,1,1,1,1
1,25,27,0.003031713655218482,0,0,3,3,5,5,5,5,1,1,1,1
1,25,28,0.9778104424476624,0,0,3,3,5,5,5,5,1,1,1,1
1,25,29,0.002194630214944482,0,0,3,3,5,5,5,5,1,1,1,1
1,25,32,2.7571628379519098e-05,0,0,3,4,5,2,5,2,1,1,1,1
1,25,33,1.3627707630803343e-05,0,0,3,4,5,3,5,3,1,1,1,1
1,25,34,0.00024665717501193285,0,0,3,4,5,4,5,4,1,1,1,1
1,25,36,1.3699907867703587e-05,0,0,3,5,5,1,5,1,1,2,1,2
1,25,45,0.00010728928464232013,0,1,3,6,5,5,5,5,1,1,1,5
1,25,46,0.00014857175119686872,0,2,3,7,5,0,5,0,1,0,1,4
1,26,3,0.006267287768423557,0,0,3,3,5,1,5,1,1,1,1,1
1,26,4,0.1523713767528534,0,0,3,3,5,1,5,1,1,1,1,1
1,26,5,0.0032936057541519403,0,0,3,3,5,1,5,1,1,1,1,1
1,26,7,0.0013094861060380936,0,0,3,3,5,2,5,2,1,1,1,1
1,26,8,0.008251420222222805,0,0,3,3,5,2,5,2,1,1,1,1
1,26,11,0.0005982824950478971,0,0,3,3,5,2,5,2,1,1,1,1
1,26,12,0.0017498874804005027,0,0,3,3,5,2,5,2,1,1,1,1
1,26,14,0.0011568603804334998,0,0,3,3,5,3,5,3,1,1,1,1
1,26,16,0.006310384254902601,0,0,3,3,5,3,5,3,1,1,1,1
1,26,17,0.0001636037923162803,0,0,3,3,5,3,5,3,1,1,1,1
1,26,19,0.004931204486638308,0,0,3,3,5,4,5,4,1,1,1,1
1,26,20,0.01386168785393238,0,0,3,3,5,4,5,4,1,1,1,1
1,26,21,0.00339199579320848,0,0,3,3,5,4,5,4,1,1,1,1
1,26,22,0.0006997535238042474,0,0,3,3,5,4,5,4,1,1,1,1
1,26,23,0.006977790035307407,0,0,3,3,5,4,5,4,1,1,1,1
1,26,27,0.00745354825630784,0,0,3,3,5,5,5,5,1,1,1,1
1,26,28,0.7574406266212463,0,0,3,3,5,5,5,5,1,1,1,1
1,26,29,0.008470430970191956,0,0,3,3,5,5,5,5,1,1,1,1
1,26,32,0.00034746702294796705,0,0,3,4,5,2,5,2,1,1,1,1
1,26,33,7.433287100866437e-05,0,0,3,4,5,3,5,3,1,1,1,1
1,26,34,0.001357724191620946,0,0,3,4,5,4,5,4,1,1,1,1
1,26,36,0.0007862356724217534,0,0,3,5,5,1,5,1,1,2,1,2
1,26,45,0.0013154617045074701,0,1,3,6,5,5,5,5,1,1,1,5
1,26,46,0.011419733054935932,0,2,3,7,5,0,5,0,1,0,1,4
1,30,3,0.0068166437558829784,0,0,3,3,5,1,5,1,1,1,1,1
1,30,4,0.10716333985328674,0,0,3,3,5,1,5,1,1,1,1,1
1,30,5,0.002972473157569766,0,0,3,3,5,1,5,1,1,1,1,1
1,30,7,0.0005413608159869909,0,0,3,3,5,2,5,2,1,1,1,1
1,30,8,0.004871956538408995,0,0,3,3,5,2,5,2,1,1,1,1
1,30,11,0.00027934604440815747,0,0,3,3,5,2,5,2,1,1,1,1
1,30,12,0.000935703341383487,0,0,3,3,5,2,5,2,1,1,1,1
1,30,14,0.0002010744938161224,0,0,3,3,5,3,5,3,1,1,1,1
1,30,16,0.001929403399117291,0,0,3,3,5,3,5,3,1,1,1,1
1,30,17,3.499737067613751e-05,0,0,3,3,5,3,5,3,1,1,1,1
1,30,19,0.004259170964360237,0,0,3,3,5,4,5,4,1,1,1,1
1,30,20,0.022594211623072624,0,0,3,3,5,4,5,4,1,1,1,1
1,30,21,0.002835773630067706,0,0,3,3,5,4,5,4,1,1,1,1
1,30,22,0.0005487474845722318,0,0,3,3,5,4,5,4,1,1,1,1
1,30,23,0.006104166619479656,0,0,3,3,5,4,5,4,1,1,1,1
1,30,27,0.007530514150857925,0,0,3,3,5,5,5,5,1,1,1,1
1,30,28,0.8181830048561096,0,0,3,3,5,5,5,5,1,1,1,1
1,30,29,0.005415571853518486,0,0,3,3,5,5,5,5,1,1,1,1
1,30,32,0.00017729967657942325,0,0,3,4,5,2,5,2,1,1,1,1
1,30,33,1.869801781140268e-05,0,0,3,4,5,3,5,3,1,1,1,1
1,30,34,0.000930010515730828,0,0,3,4,5,4,5,4,1,1,1,1
1,30,36,0.00034993005101568997,0,0,3,5,5,1,5,1,1,2,1,2
1,30,45,0.0004424791259225458,0,1,3,6,5,5,5,5,1,1,1,5
1,30,46,0.004864075221121311,0,2,3,7,5,0,5,0,1,0,1,4
1,31,3,0.056362465023994446,0,0,4,3,1,1,1,1,1,1,1,1
1,31,4,0.1903773844242096,0,0,4,3,1,1,1,1,1,1,1,1
1,31,5,0.019450487568974495,0,0,4,3,1,1,1,1,1,1,1,1
1,31,7,1.3273895092424937e-05,0,0,4,3,1,2,1,2,1,1,1,1
1,31,8,0.0002929187612608075,0,0,4,3,1,2,1,2,1,1,1,1
1,31,11,1.7778700566850603e-05,0,0,4,3,1,2,1,2,1,1,1,1
1,31,12,4.5759774366160855e-05,0,0,4,3,1,2,1,2,1,1,1,1
1,31,14,6.538553134305403e-05,0,0,4,3,1,3,1,3,1,1,1,1
1,31,16,0.0004994064220227301,0,0,4,3,1,3,1,3,1,1,1,1
1,31,17,3.009703868883662e-05,0,0,4,3,1,3,1,3,1,1,1,1
1,31,19,0.00020776940800715238,0,0,4,3,1,4,1,4,1,1,1,1
1,31,20,0.006974704563617706,0,0,4,3,1,4,1,4,1,1,1,1
1,31,21,0.00032229736098088324,0,0,4,3,1,4,1,4,1,1,1,1
1,31,22,9.644639067118987e-05,0,0,4,3,1,4,1,4,1,1,1,1
1,31,23,0.0006296267965808511,0,0,4,3,1,4,1,4,1,1,1,1
1,31,27,0.0028221821412444115,0,0,4,3,1,5,1,5,1,1,1,1
1,31,28,0.023100821301341057,0,0,4,3,1,5,1,5,1,1,1,1
1,31,29,0.00020982421119697392,0,0,4,3,1,5,1,5,1,1,1,1
1,31,32,4.319600520830136e-06,0,0,4,4,1,2,1,2,1,1,1,1
1,31,33,0.0005206246860325336,0,0,4,4,1,3,1,3,1,1,1,1
1,31,34,5.1689057727344334e-05,0,0,4,4,1,4,1,4,1,1,1,1
1,31,36,0.6973174214363098,0,0,4,5,1,1,1,1,1,2,1,2
1,31,45,0.0005173438112251461,0,1,4,6,1,5,1,5,1,1,1,5
1,31,46,7.021381316008046e-05,0,2,4,7,1,0,1,0,1,0,1,4
1,35,3,0.01252585370093584,0,0,4,3,5,1,5,1,1,1,1,1
1,35,4,0.03674968704581261,0,0,4,3,5,1,5,1,1,1,1,1
1,35,5,0.0036670181434601545,0,0,4,3,5,1,5,1,1,1,1,1
1,35,7,0.006136748939752579,0,0,4,3,5,2,5,2,1,1,1,1
1,35,8,0.014866222627460957,0,0,4,3,5,2,5,2,1,1,1,1
1,35,11,0.0030011876951903105,0,0,4,3,5,2,5,2,1,1,1,1
1,35,12,0.01111965999007225,0,0,4,3,5,2,5,2,1,1,1,1
1,35,14,0.0010098034981638193,0,0,4,3,5,3,5,3,1,1,1,1
1,35,16,0.005093174986541271,0,0,4,3,5,3,5,3,1,1,1,1
1,35,17,0.0003893823304679245,0,0,4,3,5,3,5,3,1,1,1,1
1,35,19,0.01734284870326519,0,0,4,3,5,4,5,4,1,1,1,1
1,35,20,0.03643500432372093,0,0,4,3,5,4,5,4,1,1,1,1
1,35,21,0.010081584565341473,0,0,4,3,5,4,5,4,1,1,1,1
1,35,22,0.00515941483899951,0,0,4,3,5,4,5,4,1,1,1,1
1,35,23,0.021841106936335564,0,0,4,3,5,4,5,4,1,1,1,1
1,35,27,0.013270195573568344,0,0,4,3,5,5,5,5,1,1,1,1
1,35,28,0.7835930585861206,0,0,4,3,5,5,5,5,1,1,1,1
1,35,29,0.012401018291711807,0,0,4,3,5,5,5,5,1,1,1,1
1,35,32,0.000978499767370522,0,0,4,4,5,2,5,2,1,1,1,1
1,35,33,7.391207327600569e-05,0,0,4,4,5,3,5,3,1,1,1,1
1,35,34,0.001314233522862196,0,0,4,4,5,4,5,4,1,1,1,1
1,35,36,0.0001594962232047692,0,0,4,5,5,1,5,1,1,2,1,2
1,35,45,0.0018775946227833629,0,1,4,6,5,5,5,5,1,1,1,5
1,35,46,0.0009136780281551182,0,2,4,7,5,0,5,0,1,0,1,4
1,37,3,0.1239117681980133,0,0,5,3,2,1,2,1,2,1,2,1
1,37,4,0.08620967715978622,0,0,5,3,2,1,2,1,2,1,2,1
1,37,5,0.1600857973098755,0,0,5,3,2,1,2,1,2,1,2,1
1,37,7,0.006416934076696634,0,0,5,3,2,2,2,2,2,1,2,1
1,37,8,0.015547518618404865,0,0,5,3,2,2,2,2,2,1,2,1
1,37,11,0.005994400009512901,0,0,5,3,2,2,2,2,2,1,2,1
1,37,12,0.0039684767834842205,0,0,5,3,2,2,2,2,2,1,2,1
1,37,14,0.021766576915979385,0,0,5,3,2,3,2,3,2,1,2,1
1,37,16,0.05341963469982147,0,0,5,3,2,3,2,3,2,1,2,1
1,37,17,0.015948008745908737,0,0,5,3,2,3,2,3,2,1,2,1
1,37,19,0.016519583761692047,0,0,5,3,2,4,2,4,2,1,2,1
1,37,20,0.03347296267747879,0,0,5,3,2,4,2,4,2,1,2,1
1,37,21,0.01698266714811325,0,0,5,3,2,4,2,4,2,1,2,1
1,37,22,0.011076662689447403,0,0,5,3,2,4,2,4,2,1,2,1
1,37,23,0.008821198716759682,0,0,5,3,2,4,2,4,2,1,2,1
1,37,27,0.046979065984487534,0,0,5,3,2,5,2,5,2,1,2,1
1,37,28,0.04931405931711197,0,0,5,3,2,5,2,5,2,1,2,1
1,37,29,0.01846250891685486,0,0,5,3,2,5,2,5,2,1,2,1
1,37,32,0.0031023393385112286,0,0,5,4,2,2,2,2,2,1,2,1
1,37,33,0.06639472395181656,0,0,5,4,2,3,2,3,2,1,2,1
1,37,34,0.01319312583655119,0,0,5,4,2,4,2,4,2,1,2,1
1,37,36,0.21298153698444366,0,0,5,5,2,1,2,1,2,2,2,2
1,37,45,0.005697527434676886,0,1,5,6,2,5,2,5,2,1,2,5
1,37,46,0.003733603982254863,0,2,5,7,2,0,2,0,2,0,2,4
1,38,3,0.06748659908771515,0,0,5,3,3,1,3,1,2,1,2,1
1,38,4,0.2265421748161316,0,0,5,3,3,1,3,1,2,1,2,1
1,38,5,0.05486387014389038,0,0,5,3,3,1,3,1,2,1,2,1
1,38,7,0.00035833384026773274,0,0,5,3,3,2,3,2,2,1,2,1
1,38,8,0.0030601290054619312,0,0,5,3,3,2,3,2,2,1,2,1
1,38,11,0.0003567516978364438,0,0,5,3,3,2,3,2,2,1,2,1
1,38,12,0.00042923184810206294,0,0,5,3,3,2,3,2,2,1,2,1
1,38,14,0.0005901883123442531,0,0,5,3,3,3,3,3,2,1,2,1
1,38,16,0.007741909008473158,0,0,5,3,3,3,3,3,2,1,2,1
1,38,17,0.0005332623259164393,0,0,5,3,3,3,3,3,2,1,2,1
1,38,19,0.0010433996794745326,0,0,5,3,3,4,3,4,2,1,2,1
1,38,20,0.22313140332698822,0,0,5,3,3,4,3,4,2,1,2,1
1,38,21,0.0049804202280938625,0,0,5,3,3,4,3,4,2,1,2,1
1,38,22,0.00044600473484024405,0,0,5,3,3,4,3,4,2,1,2,1
1,38,23,0.0072686332277953625,0,0,5,3,3,4,3,4,2,1,2,1
1,38,27,0.09985771030187607,0,0,5,3,3,5,3,5,2,1,2,1
1,38,28,0.14382480084896088,0,0,5,3,3,5,3,5,2,1,2,1
1,38,29,0.0020065796561539173,0,0,5,3,3,5,3,5,2,1,2,1
1,38,32,0.00026971110492013395,0,0,5,4,3,2,3,2,2,1,2,1
1,38,33,0.06431367993354797,0,0,5,4,3,3,3,3,2,1,2,1
1,38,34,0.0025199083611369133,0,0,5,4,3,4,3,4,2,1,2,1
1,38,36,0.07163316756486893,0,0,5,5,3,1,3,1,2,2,2,2
1,38,45,0.016715409234166145,0,1,5,6,3,5,3,5,2,1,2,5
1,38,46,2.6468200303497724e-05,0,2,5,7,3,0,3,0,2,0,2,4
1,39,3,0.06806962937116623,0,0,5,3,4,1,4,1,2,1,2,1
1,39,4,0.08827090263366699,0,0,5,3,4,1,4,1,2,1,2,1
1,39,5,0.06898124516010284,0,0,5,3,4,1,4,1,2,1,2,1
1,39,7,7.593632471980527e-05,0,0,5,3,4,2,4,2,2,1,2,1
1,39,8,0.0005157720879651606,0,0,5,3,4,2,4,2,2,1,2,1
1,39,11,0.00010951904550893232,0,0,5,3,4,2,4,2,2,1,2,1
1,39,12,0.00015978413284756243,0,0,5,3,4,2,4,2,2,1,2,1
1,39,14,0.0004690087225753814,0,0,5,3,4,3,4,3,2,1,2,1
1,39,16,0.0024003367871046066,0,0,5,3,4,3,4,3,2,1,2,1
1,39,17,0.0005684596253558993,0,0,5,3,4,3,4,3,2,1,2,1
1,39,19,0.00041145741124637425,0,0,5,3,4,4,4,4,2,1,2,1
1,39,20,0.02029019594192505,0,0,5,3,4,4,4,4,2,1,2,1
1,39,21,0.001637361478060484,0,0,5,3,4,4,4,4,2,1,2,1
1,39,22,0.00045187503565102816,0,0,5,3,4,4,4,4,2,1,2,1
1,39,23,0.0017081337282434106,0,0,5,3,4,4,4,4,2,1,2,1
1,39,27,0.013250227086246014,0,0,5,3,4,5,4,5,2,1,2,1
1,39,28,0.01158615481108427,0,0,5,3,4,5,4,5,2,1,2,1
1,39,29,0.0006214464665390551,0,0,5,3,4,5,4,5,2,1,2,1
1,39,32,6.444606697186828e-05,0,0,5,4,4,2,4,2,2,1,2,1
1,39,33,0.034324001520872116,0,0,5,4,4,3,4,3,2,1,2,1
1,39,34,0.0007050619460642338,0,0,5,4,4,4,4,4,2,1,2,1
1,39,36,0.6816114187240601,0,0,5,5,4,1,4,1,2,2,2,2
1,39,45,0.003666324308142066,0,1,5,6,4,5,4,5,2,1,2,5
1,39,46,5.131694342708215e-05,0,2,5,7,4,0,4,0,2,0,2,4
1,40,3,0.04028342291712761,0,0,5,3,5,1,5,1,2,1,2,1
1,40,4,0.154018834233284,0,0,5,3,5,1,5,1,2,1,2,1
1,40,5,0.009958387352526188,0,0,5,3,5,1,5,1,2,1,2,1
1,40,7,2.030772520811297e-05,0,0,5,3,5,2,5,2,2,1,2,1
1,40,8,0.00022733861987944692,0,0,5,3,5,2,5,2,2,1,2,1
1,40,11,3.61357451765798e-05,0,0,5,3,5,2,5,2,2,1,2,1
1,40,12,2.566104376455769e-05,0,0,5,3,5,2,5,2,2,1,2,1
1,40,14,0.00010320477304048836,0,0,5,3,5,3,5,3,2,1,2,1
1,40,16,0.00045505253365263343,0,0,5,3,5,3,5,3,2,1,2,1
1,40,17,5.507153764483519e-05,0,0,5,3,5,3,5,3,2,1,2,1
1,40,19,0.00041498770588077605,0,0,5,3,5,4,5,4,2,1,2,1
1,40,20,0.004230720456689596,0,0,5,3,5,4,5,4,2,1,2,1
1,40,21,0.001009176718071103,0,0,5,3,5,4,5,4,2,1,2,1
1,40,22,0.00015159769100137055,0,0,5,3,5,4,5,4,2,1,2,1
1,40,23,0.000594496086705476,0,0,5,3,5,4,5,4,2,1,2,1
1,40,27,0.0011877755168825388,0,0,5,3,5,5,5,5,2,1,2,1
1,40,28,0.0037880162708461285,0,0,5,3,5,5,5,5,2,1,2,1
1,40,29,0.00036812463076785207,0,0,5,3,5,5,5,5,2,1,2,1
1,40,32,8.12874895927962e-06,0,0,5,4,5,2,5,2,2,1,2,1
1,40,33,0.0006436293479055166,0,0,5,4,5,3,5,3,2,1,2,1
1,40,34,0.0002922712010331452,0,0,5,4,5,4,5,4,2,1,2,1
1,40,36,0.7799366116523743,0,0,5,5,5,1,5,1,2,2,2,2
1,40,45,0.0012730155140161514,0,1,5,6,5,5,5,5,2,1,2,5
1,40,46,0.0009177714819088578,0,2,5,7,5,0,5,0,2,0,2,4
1,41,3,0.008157703094184399,1,0,6,3,1,1,1,1,1,1,5,1
1,41,4,0.005500141531229019,1,0,6,3,1,1,1,1,1,1,5,1
1,41,5,0.0035882177762687206,1,0,6,3,1,1,1,1,1,1,5,1
1,41,7,3.5677050618687645e-05,1,0,6,3,1,2,1,2,1,1,5,1
1,41,8,0.0002931416383944452,1,0,6,3,1,2,1,2,1,1,5,1
1,41,11,6.744085112586617e-05,1,0,6,3,1,2,1,2,1,1,5,1
1,41,12,4.464724042918533e-05,1,0,6,3,1,2,1,2,1,1,5,1
1,41,14,0.0006159883341751993,1,0,6,3,1,3,1,3,1,1,5,1
1,41,16,0.00023343901557382196,1,0,6,3,1,3,1,3,1,1,5,1
1,41,17,0.00023753503046464175,1,0,6,3,1,3,1,3,1,1,5,1
1,41,19,0.00025676406221464276,1,0,6,3,1,4,1,4,1,1,5,1
1,41,20,0.0005487168091349304,1,0,6,3,1,4,1,4,1,1,5,1
1,41,21,0.00017167150508612394,1,0,6,3,1,4,1,4,1,1,5,1
1,41,22,4.205915683996864e-05,1,0,6,3,1,4,1,4,1,1,5,1
1,41,23,8.917869126889855e-05,1,0,6,3,1,4,1,4,1,1,5,1
1,41,27,0.002614431781694293,1,0,6,3,1,5,1,5,1,1,5,1
1,41,28,0.002030627802014351,1,0,6,3,1,5,1,5,1,1,5,1
1,41,29,0.0001914658205350861,1,0,6,3,1,5,1,5,1,1,5,1
1,41,32,0.0001917689514812082,1,0,6,4,1,2,1,2,1,1,5,1
1,41,33,0.007515525445342064,1,0,6,4,1,3,1,3,1,1,5,1
1,41,34,0.000489881553221494,1,0,6,4,1,4,1,4,1,1,5,1
1,41,36,0.9641526937484741,1,0,6,5,1,1,1,1,1,2,5,2
1,41,45,0.0020858985371887684,1,1,6,6,1,5,1,5,1,1,5,5
1,41,46,0.0008455184288322926,1,2,6,7,1,0,1,0,1,0,5,4
1,42,3,0.0015613662544637918,1,0,6,3,2,1,2,1,1,1,5,1
1,42,4,0.0012925151968374848,1,0,6,3,2,1,2,1,1,1,5,1
1,42,5,0.004124658182263374,1,0,6,3,2,1,2,1,1,1,5,1
1,42,7,0.08830633759498596,1,0,6,3,2,2,2,2,1,1,5,1
1,42,8,0.04580055549740791,1,0,6,3,2,2,2,2,1,1,5,1
1,42,11,0.0442839078605175,1,0,6,3,2,2,2,2,1,1,5,1
1,42,12,0.06415147334337234,1,0,6,3,2,2,2,2,1,1,5,1
1,42,14,0.1290643811225891,1,0,6,3,2,3,2,3,1,1,5,1
1,42,16,0.030813006684184074,1,0,6,3,2,3,2,3,1,1,5,1
1,42,17,0.05573556572198868,1,0,6,3,2,3,2,3,1,1,5,1
1,42,19,0.03128816559910774,1,0,6,3,2,4,2,4,1,1,5,1
1,42,20,0.00641685351729393,1,0,6,3,2,4,2,4,1,1,5,1
1,42,21,0.008313873782753944,1,0,6,3,2,4,2,4,1,1,5,1
1,42,22,0.010780387558043003,1,0,6,3,2,4,2,4,1,1,5,1
1,42,23,0.006901021581143141,1,0,6,3,2,4,2,4,1,1,5,1
1,42,27,0.030842822045087814,1,0,6,3,2,5,2,5,1,1,5,1
1,42,28,0.043347232043743134,1,0,6,3,2,5,2,5,1,1,5,1
1,42,29,0.025993406772613525,1,0,6,3,2,5,2,5,1,1,5,1
1,42,32,0.2312782257795334,1,0,6,4,2,2,2,2,1,1,5,1
1,42,33,0.040885671973228455,1,0,6,4,2,3,2,3,1,1,5,1
1,42,34,0.05641321465373039,1,0,6,4,2,4,2,4,1,1,5,1
1,42,36,0.0005657693254761398,1,0,6,5,2,1,2,1,1,2,5,2
1,42,45,0.026816412806510925,1,1,6,6,2,5,2,5,1,1,5,5
1,42,46,0.015023211017251015,1,2,6,7,2,0,2,0,1,0,5,4
1,43,3,0.0018480622675269842,1,0,6,3,3,1,3,1,1,1,5,1
1,43,4,0.004528435878455639,1,0,6,3,3,1,3,1,1,1,5,1
1,43,5,0.0036532660014927387,1,0,6,3,3,1,3,1,1,1,5,1
1,43,7,0.01756207086145878,1,0,6,3,3,2,3,2,1,1,5,1
1,43,8,0.0464833565056324,1,0,6,3,3,2,3,2,1,1,5,1
1,43,11,0.008533942513167858,1,0,6,3,3,2,3,2,1,1,5,1
1,43,12,0.024239342659711838,1,0,6,3,3,2,3,2,1,1,5,1
1,43,14,0.09912450611591339,1,0,6,3,3,3,3,3,1,1,5,1
1,43,16,0.028535114601254463,1,0,6,3,3,3,3,3,1,1,5,1
1,43,17,0.011269224807620049,1,0,6,3,3,3,3,3,1,1,5,1
1,43,19,0.007933798246085644,1,0,6,3,3,4,3,4,1,1,5,1
1,43,20,0.020192313939332962,1,0,6,3,3,4,3,4,1,1,5,1
1,43,21,0.003196826670318842,1,0,6,3,3,4,3,4,1,1,5,1
1,43,22,0.002118714153766632,1,0,6,3,3,4,3,4,1,1,5,1
1,43,23,0.003785070963203907,1,0,6,3,3,4,3,4,1,1,5,1
1,43,27,0.10632339119911194,1,0,6,3,3,5,3,5,1,1,5,1
1,43,28,0.25006747245788574,1,0,6,3,3,5,3,5,1,1,5,1
1,43,29,0.009437364526093006,1,0,6,3,3,5,3,5,1,1,5,1
1,43,32,0.09815693646669388,1,0,6,4,3,2,3,2,1,1,5,1
1,43,33,0.09506133943796158,1,0,6,4,3,3,3,3,1,1,5,1
1,43,34,0.02872966043651104,1,0,6,4,3,4,3,4,1,1,5,1
1,43,36,0.0019490716513246298,1,0,6,5,3,1,3,1,1,2,5,2
1,43,45,0.12631402909755707,1,1,6,6,3,5,3,5,1,1,5,5
1,43,46,0.0009564310894347727,1,2,6,7,3,0,3,0,1,0,5,4
1,44,3,0.004425546620041132,1,0,6,3,4,1,4,1,1,1,5,1
1,44,4,0.04436400905251503,1,0,6,3,4,1,4,1,1,1,5,1
1,44,5,0.010107902809977531,1,0,6,3,4,1,4,1,1,1,5,1
1,44,7,0.0008084523724392056,1,0,6,3,4,2,4,2,1,1,5,1
1,44,8,0.005928420461714268,1,0,6,3,4,2,4,2,1,1,5,1
1,44,11,0.0004829893878195435,1,0,6,3,4,2,4,2,1,1,5,1
1,44,12,0.00367733440361917,1,0,6,3,4,2,4,2,1,1,5,1
1,44,14,0.01810021884739399,1,0,6,3,4,3,4,3,1,1,5,1
1,44,16,0.02505657821893692,1,0,6,3,4,3,4,3,1,1,5,1
1,44,17,0.002532791346311569,1,0,6,3,4,3,4,3,1,1,5,1
1,44,19,0.00166095863096416,1,0,6,3,4,4,4,4,1,1,5,1
1,44,20,0.03598317131400108,1,0,6,3,4,4,4,4,1,1,5,1
1,44,21,0.0034968701656907797,1,0,6,3,4,4,4,4,1,1,5,1
1,44,22,0.0011468786979094148,1,0,6,3,4,4,4,4,1,1,5,1
1,44,23,0.007178347557783127,1,0,6,3,4,4,4,4,1,1,5,1
1,44,27,0.06475900113582611,1,0,6,3,4,5,4,5,1,1,5,1
1,44,28,0.5309320092201233,1,0,6,3,4,5,4,5,1,1,5,1
1,44,29,0.004296151455491781,1,0,6,3,4,5,4,5,1,1,5,1
1,44,32,0.0025057527236640453,1,0,6,4,4,2,4,2,1,1,5,1
1,44,33,0.07206817716360092,1,0,6,4,4,3,4,3,1,1,5,1
1,44,34,0.009553827345371246,1,0,6,4,4,4,4,4,1,1,5,1
1,44,36,0.012998513877391815,1,0,6,5,4,1,4,1,1,2,5,2
1,44,45,0.13766083121299744,1,1,6,6,4,5,4,5,1,1,5,5
1,44,46,0.0002755846653599292,1,2,6,7,4,0,4,0,1,0,5,4
2,0,7,0.04163689166307449,0,0,1,3,0,2,0,2,2,1,4,1
2,0,8,0.028031352907419205,0,0,1,3,0,2,0,2,2,1,4,1
2,0,9,0.028780467808246613,0,0,1,3,0,2,0,2,2,1,4,1
2,0,11,0.045994825661182404,0,0,1,3,0,2,0,2,2,1,4,1
2,0,13,0.053836219012737274,0,0,1,3,0,3,0,3,2,1,4,1
2,0,16,0.011947563849389553,0,0,1,3,0,3,0,3,2,1,4,1
2,0,18,0.06812846660614014,0,0,1,3,0,3,0,3,2,1,4,1
2,0,20,0.08303014189004898,0,0,1,3,0,4,0,4,2,1,4,1
2,0,22,0.027760649099946022,0,0,1,3,0,4,0,4,2,1,4,1
2,0,24,0.15446104109287262,0,0,1,3,0,4,0,4,2,1,4,1
2,0,25,0.05697217211127281,0,0,1,3,0,5,0,5,2,1,4,1
2,0,27,0.08618059009313583,0,0,1,3,0,5,0,5,2,1,4,1
2,0,28,0.022824639454483986,0,0,1,3,0,5,0,5,2,1,4,1
2,0,29,0.02441931702196598,0,0,1,3,0,5,0,5,2,1,4,1
2,0,32,0.039773669093847275,0,0,1,4,0,2,0,2,2,1,4,1
2,0,37,0.0026262335013598204,0,0,1,5,0,2,0,2,2,2,4,2
2,0,39,0.0016874142456799746,0,0,1,5,0,4,0,4,2,2,4,2
2,0,40,0.0028779678978025913,0,0,1,5,0,5,0,5,2,2,4,2
2,0,41,0.02679714560508728,0,1,1,6,0,1,0,1,2,1,4,5
2,0,42,0.03422316908836365,0,1,1,6,0,2,0,2,2,1,4,5
2,0,43,0.07932720333337784,0,1,1,6,0,3,0,3,2,1,4,5
2,0,44,0.048905663192272186,0,1,1,6,0,4,0,4,2,1,4,5
2,0,45,0.029777230694890022,0,1,1,6,0,5,0,5,2,1,4,5
2,1,7,0.0004996297648176551,0,0,3,3,1,2,1,2,1,1,1,1
2,1,8,0.0002728131366893649,0,0,3,3,1,2,1,2,1,1,1,1
2,1,9,8.246951620094478e-05,0,0,3,3,1,2,1,2,1,1,1,1
2,1,11,0.00027209974359720945,0,0,3,3,1,2,1,2,1,1,1,1
2,1,13,0.0004379966121632606,0,0,3,3,1,3,1,3,1,1,1,1
2,1,16,0.0007293911185115576,0,0,3,3,1,3,1,3,1,1,1,1
2,1,18,0.00015543335757683963,0,0,3,3,1,3,1,3,1,1,1,1
2,1,20,0.0023838523775339127,0,0,3,3,1,4,1,4,1,1,1,1
2,1,22,0.0004969636793248355,0,0,3,3,1,4,1,4,1,1,1,1
2,1,24,0.004265803378075361,0,0,3,3,1,4,1,4,1,1,1,1
2,1,25,0.00138147734105587,0,0,3,3,1,5,1,5,1,1,1,1
2,1,27,0.00028913147980347276,0,0,3,3,1,5,1,5,1,1,1,1
2,1,28,0.00016950252756942064,0,0,3,3,1,5,1,5,1,1,1,1
2,1,29,9.170737757813185e-05,0,0,3,3,1,5,1,5,1,1,1,1
2,1,32,0.0002931289200205356,0,0,3,4,1,2,1,2,1,1,1,1
2,1,37,2.824725925165694e-06,0,0,3,5,1,2,1,2,1,2,1,2
2,1,39,2.0411716832313687e-06,0,0,3,5,1,4,1,4,1,2,1,2
2,1,40,1.0261027227898012e-06,0,0,3,5,1,5,1,5,1,2,1,2
2,1,41,0.9803216457366943,0,1,3,6,1,1,1,1,1,1,1,5
2,1,42,0.001990016782656312,0,1,3,6,1,2,1,2,1,1,1,5
2,1,43,0.0003606398531701416,0,1,3,6,1,3,1,3,1,1,1,5
2,1,44,0.003738794708624482,0,1,3,6,1,4,1,4,1,1,1,5
2,1,45,0.001761755207553506,0,1,3,6,1,5,1,5,1,1,1,5
2,2,7,0.00296469172462821,0,0,3,3,1,2,1,2,1,1,1,1
2,2,8,0.0006094012642279267,0,0,3,3,1,2,1,2,1,1,1,1
2,2,9,0.00039637277950532734,0,0,3,3,1,2,1,2,1,1,1,1
2,2,11,0.0009100643219426274,0,0,3,3,1,2,1,2,1,1,1,1
2,2,13,0.009984801523387432,0,0,3,3,1,3,1,3,1,1,1,1
2,2,16,0.009755010716617107,0,0,3,3,1,3,1,3,1,1,1,1
2,2,18,0.0033065772149711847,0,0,3,3,1,3,1,3,1,1,1,1
2,2,20,0.004776889458298683,0,0,3,3,1,4,1,4,1,1,1,1
2,2,22,0.0005163122550584376,0,0,3,3,1,4,1,4,1,1,1,1
2,2,24,0.004278181586414576,0,0,3,3,1,4,1,4,1,1,1,1
2,2,25,0.004031638149172068,0,0,3,3,1,5,1,5,1,1,1,1
2,2,27,0.001275983639061451,0,0,3,3,1,5,1,5,1,1,1,1
2,2,28,0.00042038189712911844,0,0,3,3,1,5,1,5,1,1,1,1
2,2,29,0.0004952989984303713,0,0,3,3,1,5,1,5,1,1,1,1
2,2,32,0.0006284922710619867,0,0,3,4,1,2,1,2,1,1,1,1
2,2,37,8.341515786014497e-05,0,0,3,5,1,2,1,2,1,2,1,2
2,2,39,0.0003062837931793183,0,0,3,5,1,4,1,4,1,2,1,2
2,2,40,6.168873369460925e-05,0,0,3,5,1,5,1,5,1,2,1,2
2,2,41,0.6952024102210999,0,1,3,6,1,1,1,1,1,1,1,5
2,2,42,0.018962817266583443,0,1,3,6,1,2,1,2,1,1,1,5
2,2,43,0.11833386868238449,0,1,3,6,1,3,1,3,1,1,1,5
2,2,44,0.09785755723714828,0,1,3,6,1,4,1,4,1,1,1,5
2,2,45,0.024841973558068275,0,1,3,6,1,5,1,5,1,1,1,5
2,3,7,0.00048108529881574214,0,0,3,3,1,2,1,2,1,1,1,1
2,3,8,0.00022900437761563808,0,0,3,3,1,2,1,2,1,1,1,1
2,3,9,5.610644075204618e-05,0,0,3,3,1,2,1,2,1,1,1,1
2,3,11,0.0003631160070654005,0,0,3,3,1,2,1,2,1,1,1,1
2,3,13,0.002221150789409876,0,0,3,3,1,3,1,3,1,1,1,1
2,3,16,0.0018023968441411853,0,0,3,3,1,3,1,3,1,1,1,1
2,3,18,0.0004113492905162275,0,0,3,3,1,3,1,3,1,1,1,1
2,3,20,0.0004839780740439892,0,0,3,3,1,4,1,4,1,1,1,1
2,3,22,6.555729487445205e-05,0,0,3,3,1,4,1,4,1,1,1,1
2,3,24,0.0004597121151164174,0,0,3,3,1,4,1,4,1,1,1,1
2,3,25,0.0007521718507632613,0,0,3,3,1,5,1,5,1,1,1,1
2,3,27,0.00042226389632560313,0,0,3,3,1,5,1,5,1,1,1,1
2,3,28,0.00031063577625900507,0,0,3,3,1,5,1,5,1,1,1,1
2,3,29,0.00024672001018188894,0,0,3,3,1,5,1,5,1,1,1,1
2,3,32,0.0003312935878057033,0,0,3,4,1,2,1,2,1,1,1,1
2,3,37,3.7166798847465543e-06,0,0,3,5,1,2,1,2,1,2,1,2
2,3,39,4.485659701458644e-06,0,0,3,5,1,4,1,4,1,2,1,2
2,3,40,1.1396136869734619e-05,0,0,3,5,1,5,1,5,1,2,1,2
2,3,41,0.9437096118927002,0,1,3,6,1,1,1,1,1,1,1,5
2,3,42,0.011206728406250477,0,1,3,6,1,2,1,2,1,1,1,5
2,3,43,0.014279522933065891,0,1,3,6,1,3,1,3,1,1,1,5
2,3,44,0.004421658348292112,0,1,3,6,1,4,1,4,1,1,1,5
2,3,45,0.017726605758070946,0,1,3,6,1,5,1,5,1,1,1,5
2,4,7,0.0007483834051527083,0,0,3,3,1,2,1,2,1,1,1,1
2,4,8,0.00030360487289726734,0,0,3,3,1,2,1,2,1,1,1,1
2,4,9,5.685732321580872e-05,0,0,3,3,1,2,1,2,1,1,1,1
2,4,11,0.0002710158296395093,0,0,3,3,1,2,1,2,1,1,1,1
2,4,13,0.0014840783551335335,0,0,3,3,1,3,1,3,1,1,1,1
2,4,16,0.001854587229900062,0,0,3,3,1,3,1,3,1,1,1,1
2,4,18,0.0004787853395100683,0,0,3,3,1,3,1,3,1,1,1,1
2,4,20,0.001262296224012971,0,0,3,3,1,4,1,4,1,1,1,1
2,4,22,0.00012827194586861879,0,0,3,3,1,4,1,4,1,1,1,1
2,4,24,0.0019606039859354496,0,0,3,3,1,4,1,4,1,1,1,1
2,4,25,0.001282995450310409,0,0,3,3,1,5,1,5,1,1,1,1
2,4,27,0.0002963434671983123,0,0,3,3,1,5,1,5,1,1,1,1
2,4,28,0.00010137595381820574,0,0,3,3,1,5,1,5,1,1,1,1
2,4,29,9.299670637119561e-05,0,0,3,3,1,5,1,5,1,1,1,1
2,4,32,0.0001683459267951548,0,0,3,4,1,2,1,2,1,1,1,1
2,4,37,9.336462198916706e-07,0,0,3,5,1,2,1,2,1,2,1,2
2,4,39,7.964370070112636e-07,0,0,3,5,1,4,1,4,1,2,1,2
2,4,40,3.3975959468079964e-07,0,0,3,5,1,5,1,5,1,2,1,2
2,4,41,0.9632423520088196,0,1,3,6,1,1,1,1,1,1,1,5
2,4,42,0.0071424818597733974,0,1,3,6,1,2,1,2,1,1,1,5
2,4,43,0.008841730654239655,0,1,3,6,1,3,1,3,1,1,1,5
2,4,44,0.006009628064930439,0,1,3,6,1,4,1,4,1,1,1,5
2,4,45,0.0042711584828794,0,1,3,6,1,5,1,5,1,1,1,5
2,5,7,5.832516399095766e-05,0,0,3,3,1,2,1,2,1,1,1,1
2,5,8,1.2303320545470342e-05,0,0,3,3,1,2,1,2,1,1,1,1
2,5,9,8.08322147349827e-06,0,0,3,3,1,2,1,2,1,1,1,1
2,5,11,1.9328270354890265e-05,0,0,3,3,1,2,1,2,1,1,1,1
2,5,13,3.785137596423738e-05,0,0,3,3,1,3,1,3,1,1,1,1
2,5,16,0.00010155225027119741,0,0,3,3,1,3,1,3,1,1,1,1
2,5,18,2.0290977772674523e-05,0,0,3,3,1,3,1,3,1,1,1,1
2,5,20,0.00024053518427535892,0,0,3,3,1,4,1,4,1,1,1,1
2,5,22,4.638843165594153e-05,0,0,3,3,1,4,1,4,1,1,1,1
2,5,24,0.00030463797156699,0,0,3,3,1,4,1,4,1,1,1,1
2,5,25,0.00011679782619467005,0,0,3,3,1,5,1,5,1,1,1,1
2,5,27,2.3757995222695172e-05,0,0,3,3,1,5,1,5,1,1,1,1
2,5,28,9.714731277199462e-06,0,0,3,3,1,5,1,5,1,1,1,1
2,5,29,4.829696990782395e-06,0,0,3,3,1,5,1,5,1,1,1,1
2,5,32,6.760867836419493e-05,0,0,3,4,1,2,1,2,1,1,1,1
2,5,37,1.763424393175228e-06,0,0,3,5,1,2,1,2,1,2,1,2
2,5,39,1.4161594208417227e-06,0,0,3,5,1,4,1,4,1,2,1,2
2,5,40,2.700526522403379e-07,0,0,3,5,1,5,1,5,1,2,1,2
2,5,41,0.9898989796638489,0,1,3,6,1,1,1,1,1,1,1,5
2,5,42,0.0015608381945639849,0,1,3,6,1,2,1,2,1,1,1,5
2,5,43,0.0006109734531491995,0,1,3,6,1,3,1,3,1,1,1,5
2,5,44,0.00544550409540534,0,1,3,6,1,4,1,4,1,1,1,5
2,5,45,0.001408116309903562,0,1,3,6,1,5,1,5,1,1,1,5
2,6,7,0.0004894635640084743,0,0,3,3,1,2,1,2,1,1,1,1
2,6,8,8.840267400955781e-05,0,0,3,3,1,2,1,2,1,1,1,1
2,6,9,3.775293953367509e-05,0,0,3,3,1,2,1,2,1,1,1,1
2,6,11,5.7006338465726e-05,0,0,3,3,1,2,1,2,1,1,1,1
2,6,13,0.0010134148178622127,0,0,3,3,1,3,1,3,1,1,1,1
2,6,16,0.0016254076035693288,0,0,3,3,1,3,1,3,1,1,1,1
2,6,18,0.0004482994554564357,0,0,3,3,1,3,1,3,1,1,1,1
2,6,20,0.0016265686135739088,0,0,3,3,1,4,1,4,1,1,1,1
2,6,22,0.00055203668307513,0,0,3,3,1,4,1,4,1,1,1,1
2,6,24,0.004274576436728239,0,0,3,3,1,4,1,4,1,1,1,1
2,6,25,0.0019333797972649336,0,0,3,3,1,5,1,5,1,1,1,1
2,6,27,0.00018990346870850772,0,0,3,3,1,5,1,5,1,1,1,1
2,6,28,0.0001109869044739753,0,0,3,3,1,5,1,5,1,1,1,1
2,6,29,4.361499668448232e-05,0,0,3,3,1,5,1,5,1,1,1,1
2,6,32,0.00039274204755201936,0,0,3,4,1,2,1,2,1,1,1,1
2,6,37,2.475466772011714e-06,0,0,3,5,1,2,1,2,1,2,1,2
2,6,39,4.967961103830021e-06,0,0,3,5,1,4,1,4,1,2,1,2
2,6,40,5.323782943378319e-07,0,0,3,5,1,5,1,5,1,2,1,2
2,6,41,0.913578987121582,0,1,3,6,1,1,1,1,1,1,1,5
2,6,42,0.0059150103479623795,0,1,3,6,1,2,1,2,1,1,1,5
2,6,43,0.011169109493494034,0,1,3,6,1,3,1,3,1,1,1,5
2,6,44,0.04823577031493187,0,1,3,6,1,4,1,4,1,1,1,5
2,6,45,0.00820905715227127,0,1,3,6,1,5,1,5,1,1,1,5
2,10,7,0.006883617024868727,0,0,3,3,2,2,2,2,1,1,1,1
2,10,8,0.008830712176859379,0,0,3,3,2,2,2,2,1,1,1,1
2,10,9,0.0034758190158754587,0,0,3,3,2,2,2,2,1,1,1,1
2,10,11,0.006054319906979799,0,0,3,3,2,2,2,2,1,1,1,1
2,10,13,0.17850416898727417,0,0,3,3,2,3,2,3,1,1,1,1
2,10,16,0.04339250922203064,0,0,3,3,2,3,2,3,1,1,1,1
2,10,18,0.024009672924876213,0,0,3,3,2,3,2,3,1,1,1,1
2,10,20,0.040497008711099625,0,0,3,3,2,4,2,4,1,1,1,1
2,10,22,0.01604103296995163,0,0,3,3,2,4,2,4,1,1,1,1
2,10,24,0.09844687581062317,0,0,3,3,2,4,2,4,1,1,1,1
2,10,25,0.03589882701635361,0,0,3,3,2,5,2,5,1,1,1,1
2,10,27,0.012893986888229847,0,0,3,3,2,5,2,5,1,1,1,1
2,10,28,0.00791997741907835,0,0,3,3,2,5,2,5,1,1,1,1
2,10,29,0.018459515646100044,0,0,3,3,2,5,2,5,1,1,1,1
2,10,32,0.0016026038210839033,0,0,3,4,2,2,2,2,1,1,1,1
2,10,37,5.6035685702227056e-05,0,0,3,5,2,2,2,2,1,2,1,2
2,10,39,0.0004059503262396902,0,0,3,5,2,4,2,4,1,2,1,2
2,10,40,0.00024374636996071786,0,0,3,5,2,5,2,5,1,2,1,2
2,10,41,0.33735063672065735,0,1,3,6,2,1,2,1,1,1,1,5
2,10,42,0.007428910583257675,0,1,3,6,2,2,2,2,1,1,1,5
2,10,43,0.045981258153915405,0,1,3,6,2,3,2,3,1,1,1,5
2,10,44,0.07414820790290833,0,1,3,6,2,4,2,4,1,1,1,5
2,10,45,0.031474627554416656,0,1,3,6,2,5,2,5,1,1,1,5
2,12,7,0.011899088509380817,0,0,3,3,2,2,2,2,1,1,1,1
2,12,8,0.045402977615594864,0,0,3,3,2,2,2,2,1,1,1,1
2,12,9,0.008501829579472542,0,0,3,3,2,2,2,2,1,1,1,1
2,12,11,0.033635448664426804,0,0,3,3,2,2,2,2,1,1,1,1
2,12,13,0.40830427408218384,0,0,3,3,2,3,2,3,1,1,1,1
2,12,16,0.04361298680305481,0,0,3,3,2,3,2,3,1,1,1,1
2,12,18,0.05900883302092552,0,0,3,3,2,3,2,3,1,1,1,1
2,12,20,0.043101564049720764,0,0,3,3,2,4,2,4,1,1,1,1
2,12,22,0.01344070490449667,0,0,3,3,2,4,2,4,1,1,1,1
2,12,24,0.09927499294281006,0,0,3,3,2,4,2,4,1,1,1,1
2,12,25,0.03412684053182602,0,0,3,3,2,5,2,5,1,1,1,1
2,12,27,0.02521510049700737,0,0,3,3,2,5,2,5,1,1,1,1
2,12,28,0.018459675833582878,0,0,3,3,2,5,2,5,1,1,1,1
2,12,29,0.062117889523506165,0,0,3,3,2,5,2,5,1,1,1,1
2,12,32,0.002463806187734008,0,0,3,4,2,2,2,2,1,1,1,1
2,12,37,5.1025890570599586e-05,0,0,3,5,2,2,2,2,1,2,1,2
2,12,39,0.00023076844809111208,0,0,3,5,2,4,2,4,1,2,1,2
2,12,40,0.0002635223791003227,0,0,3,5,2,5,2,5,1,2,1,2
2,12,41,0.06405773758888245,0,1,3,6,2,1,2,1,1,1,1,5
2,12,42,0.0035512633621692657,0,1,3,6,2,2,2,2,1,1,1,5
2,12,43,0.01276694517582655,0,1,3,6,2,3,2,3,1,1,1,5
2,12,44,0.006015338469296694,0,1,3,6,2,4,2,4,1,1,1,5
2,12,45,0.004497291520237923,0,1,3,6,2,5,2,5,1,1,1,5
2,14,7,0.005163420923054218,0,0,3,3,3,2,3,2,1,1,1,1
2,14,8,0.013521323911845684,0,0,3,3,3,2,3,2,1,1,1,1
2,14,9,0.007355302106589079,0,0,3,3,3,2,3,2,1,1,1,1
2,14,11,0.09450957179069519,0,0,3,3,3,2,3,2,1,1,1,1
2,14,13,0.1476292461156845,0,0,3,3,3,3,3,3,1,1,1,1
2,14,16,0.0015434849774464965,0,0,3,3,3,3,3,3,1,1,1,1
2,14,18,0.03218642622232437,0,0,3,3,3,3,3,3,1,1,1,1
2,14,20,0.0006572877173312008,0,0,3,3,3,4,3,4,1,1,1,1
2,14,22,0.00028864809428341687,0,0,3,3,3,4,3,4,1,1,1,1
2,14,24,0.00046992223360575736,0,0,3,3,3,4,3,4,1,1,1,1
2,14,25,0.00298216356895864,0,0,3,3,3,5,3,5,1,1,1,1
2,14,27,0.04667503014206886,0,0,3,3,3,5,3,5,1,1,1,1
2,14,28,0.05380839854478836,0,0,3,3,3,5,3,5,1,1,1,1
2,14,29,0.17678236961364746,0,0,3,3,3,5,3,5,1,1,1,1
2,14,32,0.03289126977324486,0,0,3,4,3,2,3,2,1,1,1,1
2,14,37,0.003200161037966609,0,0,3,5,3,2,3,2,1,2,1,2
2,14,39,0.012415961362421513,0,0,3,5,3,4,3,4,1,2,1,2
2,14,40,0.3585842549800873,0,0,3,5,3,5,3,5,1,2,1,2
2,14,41,0.00043273490155115724,0,1,3,6,3,1,3,1,1,1,1,5
2,14,42,0.0018311215098947287,0,1,3,6,3,2,3,2,1,1,1,5
2,14,43,0.005403201561421156,0,1,3,6,3,3,3,3,1,1,1,5
2,14,44,7.430346158798784e-05,0,1,3,6,3,4,3,4,1,1,1,5
2,14,45,0.0015943408943712711,0,1,3,6,3,5,3,5,1,1,1,5
2,15,7,0.007897704839706421,0,0,3,3,3,2,3,2,1,1,1,1
2,15,8,0.03851614147424698,0,0,3,3,3,2,3,2,1,1,1,1
2,15,9,0.012045074254274368,0,0,3,3,3,2,3,2,1,1,1,1
2,15,11,0.11308977752923965,0,0,3,3,3,2,3,2,1,1,1,1
2,15,13,0.22921885550022125,0,0,3,3,3,3,3,3,1,1,1,1
2,15,16,0.0016963154776021838,0,0,3,3,3,3,3,3,1,1,1,1
2,15,18,0.0667077898979187,0,0,3,3,3,3,3,3,1,1,1,1
2,15,20,0.002071087947115302,0,0,3,3,3,4,3,4,1,1,1,1
2,15,22,0.0023418848868459463,0,0,3,3,3,4,3,4,1,1,1,1
2,15,24,0.0032245514448732138,0,0,3,3,3,4,3,4,1,1,1,1
2,15,25,0.0038156306836754084,0,0,3,3,3,5,3,5,1,1,1,1
2,15,27,0.031168723478913307,0,0,3,3,3,5,3,5,1,1,1,1
2,15,28,0.11061326414346695,0,0,3,3,3,5,3,5,1,1,1,1
2,15,29,0.16729579865932465,0,0,3,3,3,5,3,5,1,1,1,1
2,15,32,0.06499440222978592,0,0,3,4,3,2,3,2,1,1,1,1
2,15,37,0.005542938597500324,0,0,3,5,3,2,3,2,1,2,1,2
2,15,39,0.022607410326600075,0,0,3,5,3,4,3,4,1,2,1,2
2,15,40,0.11404138058423996,0,0,3,5,3,5,3,5,1,2,1,2
2,15,41,3.115112485829741e-05,0,1,3,6,3,1,3,1,1,1,1,5
2,15,42,0.0008227620273828506,0,1,3,6,3,2,3,2,1,1,1,5
2,15,43,0.0019216585205867887,0,1,3,6,3,3,3,3,1,1,1,5
2,15,44,8.107139001367614e-05,0,1,3,6,3,4,3,4,1,1,1,5
2,15,45,0.0002548060438130051,0,1,3,6,3,5,3,5,1,1,1,5
2,17,7,0.014625953510403633,0,0,3,3,3,2,3,2,1,1,1,1
2,17,8,0.07926905900239944,0,0,3,3,3,2,3,2,1,1,1,1
2,17,9,0.03765523433685303,0,0,3,3,3,2,3,2,1,1,1,1
2,17,11,0.1342563033103943,0,0,3,3,3,2,3,2,1,1,1,1
2,17,13,0.1402454525232315,0,0,3,3,3,3,3,3,1,1,1,1
2,17,16,0.003743658075109124,0,0,3,3,3,3,3,3,1,1,1,1
2,17,18,0.05706935003399849,0,0,3,3,3,3,3,3,1,1,1,1
2,17,20,0.002838482614606619,0,0,3,3,3,4,3,4,1,1,1,1
2,17,22,0.0041791158728301525,0,0,3,3,3,4,3,4,1,1,1,1
2,17,24,0.005013720132410526,0,0,3,3,3,4,3,4,1,1,1,1
2,17,25,0.007342671509832144,0,0,3,3,3,5,3,5,1,1,1,1
2,17,27,0.04432723671197891,0,0,3,3,3,5,3,5,1,1,1,1
2,17,28,0.07286138832569122,0,0,3,3,3,5,3,5,1,1,1,1
2,17,29,0.20339716970920563,0,0,3,3,3,5,3,5,1,1,1,1
2,17,32,0.01828845962882042,0,0,3,4,3,2,3,2,1,1,1,1
2,17,37,0.012346313335001469,0,0,3,5,3,2,3,2,1,2,1,2
2,17,39,0.022617321461439133,0,0,3,5,3,4,3,4,1,2,1,2
2,17,40,0.13754209876060486,0,0,3,5,3,5,3,5,1,2,1,2
2,17,41,4.4993608753429726e-05,0,1,3,6,3,1,3,1,1,1,1,5
2,17,42,0.0006182368961162865,0,1,3,6,3,2,3,2,1,1,1,5
2,17,43,0.0013380751479417086,0,1,3,6,3,3,3,3,1,1,1,5
2,17,44,9.066016355063766e-05,0,1,3,6,3,4,3,4,1,1,1,5
2,17,45,0.0002890501345973462,0,1,3,6,3,5,3,5,1,1,1,5
2,19,7,0.004126872401684523,0,0,3,3,4,2,4,2,1,1,1,1
2,19,8,0.005103839561343193,0,0,3,3,4,2,4,2,1,1,1,1
2,19,9,0.0014923007693141699,0,0,3,3,4,2,4,2,1,1,1,1
2,19,11,0.002743709832429886,0,0,3,3,4,2,4,2,1,1,1,1
2,19,13,0.4272935688495636,0,0,3,3,4,3,4,3,1,1,1,1
2,19,16,0.08245421200990677,0,0,3,3,4,3,4,3,1,1,1,1
2,19,18,0.05880368500947952,0,0,3,3,4,3,4,3,1,1,1,1
2,19,20,0.04441346228122711,0,0,3,3,4,4,4,4,1,1,1,1
2,19,22,0.009067896753549576,0,0,3,3,4,4,4,4,1,1,1,1
2,19,24,0.09758684784173965,0,0,3,3,4,4,4,4,1,1,1,1
2,19,25,0.08198243379592896,0,0,3,3,4,5,4,5,1,1,1,1
2,19,27,0.030491357669234276,0,0,3,3,4,5,4,5,1,1,1,1
2,19,28,0.010968933813273907,0,0,3,3,4,5,4,5,1,1,1,1
2,19,29,0.0286391768604517,0,0,3,3,4,5,4,5,1,1,1,1
2,19,32,0.0007192930788733065,0,0,3,4,4,2,4,2,1,1,1,1
2,19,37,3.5934945117332973e-06,0,0,3,5,4,2,4,2,1,2,1,2
2,19,39,0.00010727297922130674,0,0,3,5,4,4,4,4,1,2,1,2
2,19,40,6.434251554310322e-05,0,0,3,5,4,5,4,5,1,2,1,2
2,19,41,0.02111956849694252,0,1,3,6,4,1,4,1,1,1,1,5
2,19,42,0.0013613078044727445,0,1,3,6,4,2,4,2,1,1,1,5
2,19,43,0.05936901271343231,0,1,3,6,4,3,4,3,1,1,1,5
2,19,44,0.015691932290792465,0,1,3,6,4,4,4,4,1,1,1,5
2,19,45,0.01639559678733349,0,1,3,6,4,5,4,5,1,1,1,5
2,21,7,0.016003087162971497,0,0,3,3,4,2,4,2,1,1,1,1
2,21,8,0.03046337515115738,0,0,3,3,4,2,4,2,1,1,1,1
2,21,9,0.008554482832551003,0,0,3,3,4,2,4,2,1,1,1,1
2,21,11,0.02380605787038803,0,0,3,3,4,2,4,2,1,1,1,1
2,21,13,0.4432753324508667,0,0,3,3,4,3,4,3,1,1,1,1
2,21,16,0.02262725494801998,0,0,3,3,4,3,4,3,1,1,1,1
2,21,18,0.06541869789361954,0,0,3,3,4,3,4,3,1,1,1,1
2,21,20,0.02316647581756115,0,0,3,3,4,4,4,4,1,1,1,1
2,21,22,0.017434442415833473,0,0,3,3,4,4,4,4,1,1,1,1
2,21,24,0.0870458334684372,0,0,3,3,4,4,4,4,1,1,1,1
2,21,25,0.04594691842794418,0,0,3,3,4,5,4,5,1,1,1,1
2,21,27,0.03367793187499046,0,0,3,3,4,5,4,5,1,1,1,1
2,21,28,0.03129331022500992,0,0,3,3,4,5,4,5,1,1,1,1
2,21,29,0.06839847564697266,0,0,3,3,4,5,4,5,1,1,1,1
2,21,32,0.009053416550159454,0,0,3,4,4,2,4,2,1,1,1,1
2,21,37,0.00014706554065924138,0,0,3,5,4,2,4,2,1,2,1,2
2,21,39,0.000851971679367125,0,0,3,5,4,4,4,4,1,2,1,2
2,21,40,0.0008508022292517126,0,0,3,5,4,5,4,5,1,2,1,2
2,21,41,0.02284436672925949,0,1,3,6,4,1,4,1,1,1,1,5
2,21,42,0.004998370539397001,0,1,3,6,4,2,4,2,1,1,1,5
2,21,43,0.024787595495581627,0,1,3,6,4,3,4,3,1,1,1,5
2,21,44,0.010608186945319176,0,1,3,6,4,4,4,4,1,1,1,5
2,21,45,0.008746626786887646,0,1,3,6,4,5,4,5,1,1,1,5
2,23,7,0.0015776470536366105,0,0,3,3,4,2,4,2,1,1,1,1
2,23,8,0.0018440611893311143,0,0,3,3,4,2,4,2,1,1,1,1
2,23,9,0.000525888754054904,0,0,3,3,4,2,4,2,1,1,1,1
2,23,11,0.0009191351127810776,0,0,3,3,4,2,4,2,1,1,1,1
2,23,13,0.5643113851547241,0,0,3,3,4,3,4,3,1,1,1,1
2,23,16,0.03227823227643967,0,0,3,3,4,3,4,3,1,1,1,1
2,23,18,0.04065064340829849,0,0,3,3,4,3,4,3,1,1,1,1
2,23,20,0.002793918363749981,0,0,3,3,4,4,4,4,1,1,1,1
2,23,22,0.0005247678491286933,0,0,3,3,4,4,4,4,1,1,1,1
2,23,24,0.00851355865597725,0,0,3,3,4,4,4,4,1,1,1,1
2,23,25,0.016067011281847954,0,0,3,3,4,5,4,5,1,1,1,1
2,23,27,0.009847968816757202,0,0,3,3,4,5,4,5,1,1,1,1
2,23,28,0.0020915952045470476,0,0,3,3,4,5,4,5,1,1,1,1
2,23,29,0.016850367188453674,0,0,3,3,4,5,4,5,1,1,1,1
2,23,32,4.273710146662779e-05,0,0,3,4,4,2,4,2,1,1,1,1
2,23,37,4.423310997481167e-07,0,0,3,5,4,2,4,2,1,2,1,2
2,23,39,9.974663953471463e-06,0,0,3,5,4,4,4,4,1,2,1,2
2,23,40,1.1276351870037615e-05,0,0,3,5,4,5,4,5,1,2,1,2
2,23,41,0.004015186335891485,0,1,3,6,4,1,4,1,1,1,1,5
2,23,42,0.001490528229624033,0,1,3,6,4,2,4,2,1,1,1,5
2,23,43,0.2756570875644684,0,1,3,6,4,3,4,3,1,1,1,5
2,23,44,0.00520286662504077,0,1,3,6,4,4,4,4,1,1,1,5
2,23,45,0.014773599803447723,0,1,3,6,4,5,4,5,1,1,1,5
2,26,7,0.01179677713662386,0,0,3,3,5,2,5,2,1,1,1,1
2,26,8,0.06898770481348038,0,0,3,3,5,2,5,2,1,1,1,1
2,26,9,0.01215849258005619,0,0,3,3,5,2,5,2,1,1,1,1
2,26,11,0.02906384877860546,0,0,3,3,5,2,5,2,1,1,1,1
2,26,13,0.18382641673088074,0,0,3,3,5,3,5,3,1,1,1,1
2,26,16,0.036910004913806915,0,0,3,3,5,3,5,3,1,1,1,1
2,26,18,0.06204455718398094,0,0,3,3,5,3,5,3,1,1,1,1
2,26,20,0.06981609761714935,0,0,3,3,5,4,5,4,1,1,1,1
2,26,22,0.06679634004831314,0,0,3,3,5,4,5,4,1,1,1,1
2,26,24,0.19276843965053558,0,0,3,3,5,4,5,4,1,1,1,1
2,26,25,0.05614473298192024,0,0,3,3,5,5,5,5,1,1,1,1
2,26,27,0.04743771627545357,0,0,3,3,5,5,5,5,1,1,1,1
2,26,28,0.043471045792102814,0,0,3,3,5,5,5,5,1,1,1,1
2,26,29,0.08645922690629959,0,0,3,3,5,5,5,5,1,1,1,1
2,26,32,0.010985535569489002,0,0,3,4,5,2,5,2,1,1,1,1
2,26,37,0.00019245884323026985,0,0,3,5,5,2,5,2,1,2,1,2
2,26,39,0.0008074156357906759,0,0,3,5,5,4,5,4,1,2,1,2
2,26,40,0.00041717561543919146,0,0,3,5,5,5,5,5,1,2,1,2
2,26,41,0.003656539600342512,0,1,3,6,5,1,5,1,1,1,1,5
2,26,42,0.0011387909762561321,0,1,3,6,5,2,5,2,1,1,1,5
2,26,43,0.010273119434714317,0,1,3,6,5,3,5,3,1,1,1,5
2,26,44,0.00271392147988081,0,1,3,6,5,4,5,4,1,1,1,5
2,26,45,0.0021336295176297426,0,1,3,6,5,5,5,5,1,1,1,5
2,30,7,0.008548127487301826,0,0,3,3,5,2,5,2,1,1,1,1
2,30,8,0.046860452741384506,0,0,3,3,5,2,5,2,1,1,1,1
2,30,9,0.011616677045822144,0,0,3,3,5,2,5,2,1,1,1,1
2,30,11,0.017670191824436188,0,0,3,3,5,2,5,2,1,1,1,1
2,30,13,0.11935430765151978,0,0,3,3,5,3,5,3,1,1,1,1
2,30,16,0.02912772260606289,0,0,3,3,5,3,5,3,1,1,1,1
2,30,18,0.03379501774907112,0,0,3,3,5,3,5,3,1,1,1,1
2,30,20,0.08825867623090744,0,0,3,3,5,4,5,4,1,1,1,1
2,30,22,0.1057610958814621,0,0,3,3,5,4,5,4,1,1,1,1
2,30,24,0.317663311958313,0,0,3,3,5,4,5,4,1,1,1,1
2,30,25,0.05281424894928932,0,0,3,3,5,5,5,5,1,1,1,1
2,30,27,0.028030453249812126,0,0,3,3,5,5,5,5,1,1,1,1
2,30,28,0.0577227957546711,0,0,3,3,5,5,5,5,1,1,1,1
2,30,29,0.05093661695718765,0,0,3,3,5,5,5,5,1,1,1,1
2,30,32,0.006115431897342205,0,0,3,4,5,2,5,2,1,1,1,1
2,30,37,8.542600699001923e-05,0,0,3,5,5,2,5,2,1,2,1,2
2,30,39,0.00022718128457199782,0,0,3,5,5,4,5,4,1,2,1,2
2,30,40,0.00017242372268810868,0,0,3,5,5,5,5,5,1,2,1,2
2,30,41,0.01675943098962307,0,1,3,6,5,1,5,1,1,1,1,5
2,30,42,0.0014485069550573826,0,1,3,6,5,2,5,2,1,1,1,5
2,30,43,0.001105773146264255,0,1,3,6,5,3,5,3,1,1,1,5
2,30,44,0.0032457346096634865,0,1,3,6,5,4,5,4,1,1,1,5
2,30,45,0.002680584555491805,0,1,3,6,5,5,5,5,1,1,1,5
2,31,7,0.027163907885551453,0,0,4,3,1,2,1,2,1,1,1,1
2,31,8,0.023771321401000023,0,0,4,3,1,2,1,2,1,1,1,1
2,31,9,0.009028398431837559,0,0,4,3,1,2,1,2,1,1,1,1
2,31,11,0.02686803787946701,0,0,4,3,1,2,1,2,1,1,1,1
2,31,13,0.01932435855269432,0,0,4,3,1,3,1,3,1,1,1,1
2,31,16,0.013843736611306667,0,0,4,3,1,3,1,3,1,1,1,1
2,31,18,0.016934912651777267,0,0,4,3,1,3,1,3,1,1,1,1
2,31,20,0.024720387533307076,0,0,4,3,1,4,1,4,1,1,1,1
2,31,22,0.016279613599181175,0,0,4,3,1,4,1,4,1,1,1,1
2,31,24,0.045145098119974136,0,0,4,3,1,4,1,4,1,1,1,1
2,31,25,0.014922925271093845,0,0,4,3,1,5,1,5,1,1,1,1
2,31,27,0.008843762800097466,0,0,4,3,1,5,1,5,1,1,1,1
2,31,28,0.011202489025890827,0,0,4,3,1,5,1,5,1,1,1,1
2,31,29,0.00560126593336463,0,0,4,3,1,5,1,5,1,1,1,1
2,31,32,0.05690682679414749,0,0,4,4,1,2,1,2,1,1,1,1
2,31,37,0.004032232332974672,0,0,4,5,1,2,1,2,1,2,1,2
2,31,39,0.0018110866658389568,0,0,4,5,1,4,1,4,1,2,1,2
2,31,40,0.0015109149971976876,0,0,4,5,1,5,1,5,1,2,1,2
2,31,41,0.4630345106124878,0,1,4,6,1,1,1,1,1,1,1,5
2,31,42,0.10295989364385605,0,1,4,6,1,2,1,2,1,1,1,5
2,31,43,0.029332850128412247,0,1,4,6,1,3,1,3,1,1,1,5
2,31,44,0.04628613591194153,0,1,4,6,1,4,1,4,1,1,1,5
2,31,45,0.030475551262497902,0,1,4,6,1,5,1,5,1,1,1,5
2,33,7,0.005975822918117046,0,0,4,3,3,2,3,2,1,1,1,1
2,33,8,0.024101153016090393,0,0,4,3,3,2,3,2,1,1,1,1
2,33,9,0.013990525156259537,0,0,4,3,3,2,3,2,1,1,1,1
2,33,11,0.09809616953134537,0,0,4,3,3,2,3,2,1,1,1,1
2,33,13,0.042433254420757294,0,0,4,3,3,3,3,3,1,1,1,1
2,33,16,0.0009053008980117738,0,0,4,3,3,3,3,3,1,1,1,1
2,33,18,0.025705507025122643,0,0,4,3,3,3,3,3,1,1,1,1
2,33,20,0.0015059184515848756,0,0,4,3,3,4,3,4,1,1,1,1
2,33,22,0.0026743970811367035,0,0,4,3,3,4,3,4,1,1,1,1
2,33,24,0.001654290477745235,0,0,4,3,3,4,3,4,1,1,1,1
2,33,25,0.001453980104997754,0,0,4,3,3,5,3,5,1,1,1,1
2,33,27,0.013556006364524364,0,0,4,3,3,5,3,5,1,1,1,1
2,33,28,0.0623076930642128,0,0,4,3,3,5,3,5,1,1,1,1
2,33,29,0.06548412889242172,0,0,4,3,3,5,3,5,1,1,1,1
2,33,32,0.1214061826467514,0,0,4,4,3,2,3,2,1,1,1,1
2,33,37,0.05902700498700142,0,0,4,5,3,2,3,2,1,2,1,2
2,33,39,0.07795894145965576,0,0,4,5,3,4,3,4,1,2,1,2
2,33,40,0.3751305937767029,0,0,4,5,3,5,3,5,1,2,1,2
2,33,41,0.00013688422041013837,0,1,4,6,3,1,3,1,1,1,1,5
2,33,42,0.003766420530155301,0,1,4,6,3,2,3,2,1,1,1,5
2,33,43,0.0018564080819487572,0,1,4,6,3,3,3,3,1,1,1,5
2,33,44,0.00021590659162029624,0,1,4,6,3,4,3,4,1,1,1,5
2,33,45,0.0006576370797120035,0,1,4,6,3,5,3,5,1,1,1,5
2,34,7,0.04017166793346405,0,0,4,3,4,2,4,2,1,1,1,1
2,34,8,0.08060643076896667,0,0,4,3,4,2,4,2,1,1,1,1
2,34,9,0.019515419378876686,0,0,4,3,4,2,4,2,1,1,1,1
2,34,11,0.0689636617898941,0,0,4,3,4,2,4,2,1,1,1,1
2,34,13,0.2941809296607971,0,0,4,3,4,3,4,3,1,1,1,1
2,34,16,0.019401662051677704,0,0,4,3,4,3,4,3,1,1,1,1
2,34,18,0.07407479733228683,0,0,4,3,4,3,4,3,1,1,1,1
2,34,20,0.01074334979057312,0,0,4,3,4,4,4,4,1,1,1,1
2,34,22,0.007459855172783136,0,0,4,3,4,4,4,4,1,1,1,1
2,34,24,0.03220730647444725,0,0,4,3,4,4,4,4,1,1,1,1
2,34,25,0.03591201826930046,0,0,4,3,4,5,4,5,1,1,1,1
2,34,27,0.0534205324947834,0,0,4,3,4,5,4,5,1,1,1,1
2,34,28,0.03737443685531616,0,0,4,3,4,5,4,5,1,1,1,1
2,34,29,0.09362809360027313,0,0,4,3,4,5,4,5,1,1,1,1
2,34,32,0.015513716265559196,0,0,4,4,4,2,4,2,1,1,1,1
2,34,37,0.00041007844265550375,0,0,4,5,4,2,4,2,1,2,1,2
2,34,39,0.00047596628428436816,0,0,4,5,4,4,4,4,1,2,1,2
2,34,40,0.0016367812640964985,0,0,4,5,4,5,4,5,1,2,1,2
2,34,41,0.01503039337694645,0,1,4,6,4,1,4,1,1,1,1,5
2,34,42,0.02430182322859764,0,1,4,6,4,2,4,2,1,1,1,5
2,34,43,0.0537424311041832,0,1,4,6,4,3,4,3,1,1,1,5
2,34,44,0.003888965817168355,0,1,4,6,4,4,4,4,1,1,1,5
2,34,45,0.01733977533876896,0,1,4,6,4,5,4,5,1,1,1,5
2,35,7,0.02377183735370636,0,0,4,3,5,2,5,2,1,1,1,1
2,35,8,0.11430417001247406,0,0,4,3,5,2,5,2,1,1,1,1
2,35,9,0.033712174743413925,0,0,4,3,5,2,5,2,1,1,1,1
2,35,11,0.07729550451040268,0,0,4,3,5,2,5,2,1,1,1,1
2,35,13,0.15491817891597748,0,0,4,3,5,3,5,3,1,1,1,1
2,35,16,0.03279906138777733,0,0,4,3,5,3,5,3,1,1,1,1
2,35,18,0.06609058380126953,0,0,4,3,5,3,5,3,1,1,1,1
2,35,20,0.029455892741680145,0,0,4,3,5,4,5,4,1,1,1,1
2,35,22,0.03408508375287056,0,0,4,3,5,4,5,4,1,1,1,1
2,35,24,0.042937371879816055,0,0,4,3,5,4,5,4,1,1,1,1
2,35,25,0.030517594888806343,0,0,4,3,5,5,5,5,1,1,1,1
2,35,27,0.054093051701784134,0,0,4,3,5,5,5,5,1,1,1,1
2,35,28,0.09467387944459915,0,0,4,3,5,5,5,5,1,1,1,1
2,35,29,0.141835018992424,0,0,4,3,5,5,5,5,1,1,1,1
2,35,32,0.02640463039278984,0,0,4,4,5,2,5,2,1,1,1,1
2,35,37,0.002761484356597066,0,0,4,5,5,2,5,2,1,2,1,2
2,35,39,0.006117436569184065,0,0,4,5,5,4,5,4,1,2,1,2
2,35,40,0.006002368871122599,0,0,4,5,5,5,5,5,1,2,1,2
2,35,41,0.0031029093079268932,0,1,4,6,5,1,5,1,1,1,1,5
2,35,42,0.007282670121639967,0,1,4,6,5,2,5,2,1,1,1,5
2,35,43,0.009914030320942402,0,1,4,6,5,3,5,3,1,1,1,5
2,35,44,0.0015310560120269656,0,1,4,6,5,4,5,4,1,1,1,5
2,35,45,0.006394137628376484,0,1,4,6,5,5,5,5,1,1,1,5
2,36,7,1.2545532399599324e-06,0,0,5,3,1,2,1,2,2,1,2,1
2,36,8,1.312866970692994e-07,0,0,5,3,1,2,1,2,2,1,2,1
2,36,9,2.936851615231717e-07,0,0,5,3,1,2,1,2,2,1,2,1
2,36,11,6.260493137233425e-07,0,0,5,3,1,2,1,2,2,1,2,1
2,36,13,7.314756800269606e-08,0,0,5,3,1,3,1,3,2,1,2,1
2,36,16,5.394999220698082e-07,0,0,5,3,1,3,1,3,2,1,2,1
2,36,18,8.702805587290641e-08,0,0,5,3,1,3,1,3,2,1,2,1
2,36,20,3.9160640881164e-06,0,0,5,3,1,4,1,4,2,1,2,1
2,36,22,3.403028472348524e-07,0,0,5,3,1,4,1,4,2,1,2,1
2,36,24,2.0575585040205624e-06,0,0,5,3,1,4,1,4,2,1,2,1
2,36,25,5.134662615091656e-07,0,0,5,3,1,5,1,5,2,1,2,1
2,36,27,1.311947102067279e-07,0,0,5,3,1,5,1,5,2,1,2,1
2,36,28,1.6908217048694496e-08,0,0,5,3,1,5,1,5,2,1,2,1
2,36,29,1.7417798758856406e-08,0,0,5,3,1,5,1,5,2,1,2,1
2,36,32,1.1604525980146718e-06,0,0,5,4,1,2,1,2,2,1,2,1
2,36,37,4.810821678802313e-07,0,0,5,5,1,2,1,2,2,2,2,2
2,36,39,9.455605720631866e-08,0,0,5,5,1,4,1,4,2,2,2,2
2,36,40,2.326219394888085e-08,0,0,5,5,1,5,1,5,2,2,2,2
2,36,41,0.99932861328125,0,1,5,6,1,1,1,1,2,1,2,5
2,36,42,0.0001234277297044173,0,1,5,6,1,2,1,2,2,1,2,5
2,36,43,6.190091880853288e-06,0,1,5,6,1,3,1,3,2,1,2,5
2,36,44,0.0004939818754792213,0,1,5,6,1,4,1,4,2,1,2,5
2,36,45,3.6029752664035186e-05,0,1,5,6,1,5,1,5,2,1,2,5
2,38,7,0.015896473079919815,0,0,5,3,3,2,3,2,2,1,2,1
2,38,8,0.016462186351418495,0,0,5,3,3,2,3,2,2,1,2,1
2,38,9,0.03414398059248924,0,0,5,3,3,2,3,2,2,1,2,1
2,38,11,0.13585174083709717,0,0,5,3,3,2,3,2,2,1,2,1
2,38,13,0.006854780949652195,0,0,5,3,3,3,3,3,2,1,2,1
2,38,16,0.00045400584349408746,0,0,5,3,3,3,3,3,2,1,2,1
2,38,18,0.009006098844110966,0,0,5,3,3,3,3,3,2,1,2,1
2,38,20,0.0015043249586597085,0,0,5,3,3,4,3,4,2,1,2,1
2,38,22,0.0011497224913910031,0,0,5,3,3,4,3,4,2,1,2,1
2,38,24,0.0012727812863886356,0,0,5,3,3,4,3,4,2,1,2,1
2,38,25,0.0018493906827643514,0,0,5,3,3,5,3,5,2,1,2,1
2,38,27,0.013330885209143162,0,0,5,3,3,5,3,5,2,1,2,1
2,38,28,0.004939856007695198,0,0,5,3,3,5,3,5,2,1,2,1
2,38,29,0.016342217102646828,0,0,5,3,3,5,3,5,2,1,2,1
2,38,32,0.09492536634206772,0,0,5,4,3,2,3,2,2,1,2,1
2,38,37,0.20638132095336914,0,0,5,5,3,2,3,2,2,2,2,2
2,38,39,0.09637593477964401,0,0,5,5,3,4,3,4,2,2,2,2
2,38,40,0.3199573755264282,0,0,5,5,3,5,3,5,2,2,2,2
2,38,41,0.012366603128612041,0,1,5,6,3,1,3,1,2,1,2,5
2,38,42,0.00707707554101944,0,1,5,6,3,2,3,2,2,1,2,5
2,38,43,0.001988581847399473,0,1,5,6,3,3,3,3,2,1,2,5
2,38,44,0.0008969686459749937,0,1,5,6,3,4,3,4,2,1,2,5
2,38,45,0.0009722839458845556,0,1,5,6,3,5,3,5,2,1,2,5
2,46,7,0.0467817597091198,2,0,7,3,0,2,0,2,0,1,4,1
2,46,8,0.016260657459497452,2,0,7,3,0,2,0,2,0,1,4,1
2,46,9,0.016374045982956886,2,0,7,3,0,2,0,2,0,1,4,1
2,46,11,0.008279952220618725,2,0,7,3,0,2,0,2,0,1,4,1
2,46,13,0.03221574425697327,2,0,7,3,0,3,0,3,0,1,4,1
2,46,16,0.07210705429315567,2,0,7,3,0,3,0,3,0,1,4,1
2,46,18,0.043532438576221466,2,0,7,3,0,3,0,3,0,1,4,1
2,46,20,0.021503299474716187,2,0,7,3,0,4,0,4,0,1,4,1
2,46,22,0.01009452622383833,2,0,7,3,0,4,0,4,0,1,4,1
2,46,24,0.02342183142900467,2,0,7,3,0,4,0,4,0,1,4,1
2,46,25,0.09720594435930252,2,0,7,3,0,5,0,5,0,1,4,1
2,46,27,0.05620618909597397,2,0,7,3,0,5,0,5,0,1,4,1
2,46,28,0.006199842784553766,2,0,7,3,0,5,0,5,0,1,4,1
2,46,29,0.014473428018391132,2,0,7,3,0,5,0,5,0,1,4,1
2,46,32,0.007841240614652634,2,0,7,4,0,2,0,2,0,1,4,1
2,46,37,0.002562223933637142,2,0,7,5,0,2,0,2,0,2,4,2
2,46,39,0.005874735303223133,2,0,7,5,0,4,0,4,0,2,4,2
2,46,40,0.0010800660820677876,2,0,7,5,0,5,0,5,0,2,4,2
2,46,41,0.01908130943775177,2,1,7,6,0,1,0,1,0,1,4,5
2,46,42,0.009290957823395729,2,1,7,6,0,2,0,2,0,1,4,5
2,46,43,0.4339507520198822,2,1,7,6,0,3,0,3,0,1,4,5
2,46,44,0.02882905676960945,2,1,7,6,0,4,0,4,0,1,4,5
2,46,45,0.026833219453692436,2,1,7,6,0,5,0,5,0,1,4,5
3,7,0,0.0006719433586113155,0,0,3,1,2,0,2,0,1,2,1,4
3,7,1,0.31251299381256104,0,0,3,3,2,1,2,1,1,1,1,1
3,7,2,0.1927524209022522,0,0,3,3,2,1,2,1,1,1,1,1
3,7,3,0.10204431414604187,0,0,3,3,2,1,2,1,1,1,1,1
3,7,4,0.048614222556352615,0,0,3,3,2,1,2,1,1,1,1,1
3,7,5,0.023189039900898933,0,0,3,3,2,1,2,1,1,1,1,1
3,7,6,0.09391084313392639,0,0,3,3,2,1,2,1,1,1,1,1
3,7,10,0.004363240674138069,0,0,3,3,2,2,2,2,1,1,1,1
3,7,12,0.05850575864315033,0,0,3,3,2,2,2,2,1,1,1,1
3,7,14,0.012911912053823471,0,0,3,3,2,3,2,3,1,1,1,1
3,7,15,0.0070741381496191025,0,0,3,3,2,3,2,3,1,1,1,1
3,7,17,0.004465981386601925,0,0,3,3,2,3,2,3,1,1,1,1
3,7,19,0.006054036784917116,0,0,3,3,2,4,2,4,1,1,1,1
3,7,21,0.020043713971972466,0,0,3,3,2,4,2,4,1,1,1,1
3,7,23,0.025046968832612038,0,0,3,3,2,4,2,4,1,1,1,1
3,7,26,0.018749047070741653,0,0,3,3,2,5,2,5,1,1,1,1
3,7,30,0.042528893798589706,0,0,3,3,2,5,2,5,1,1,1,1
3,7,31,0.0024641447234898806,0,0,3,4,2,1,2,1,1,1,1,1
3,7,33,0.0015285079134628177,0,0,3,4,2,3,2,3,1,1,1,1
3,7,34,0.0006863840972073376,0,0,3,4,2,4,2,4,1,1,1,1
3,7,35,0.00606121588498354,0,0,3,4,2,5,2,5,1,1,1,1
3,7,36,0.0008589475182816386,0,0,3,5,2,1,2,1,1,2,1,2
3,7,38,0.001261537428945303,0,0,3,5,2,3,2,3,1,2,1,2
3,7,46,0.013699985109269619,0,2,3,7,2,0,2,0,1,0,1,4
3,8,0,0.0024314476177096367,0,0,3,1,2,0,2,0,1,2,1,4
3,8,1,0.45493656396865845,0,0,3,3,2,1,2,1,1,1,1,1
3,8,2,0.1355774700641632,0,0,3,3,2,1,2,1,1,1,1,1
3,8,3,0.07015380263328552,0,0,3,3,2,1,2,1,1,1,1,1
3,8,4,0.03110925853252411,0,0,3,3,2,1,2,1,1,1,1,1
3,8,5,0.027823911979794502,0,0,3,3,2,1,2,1,1,1,1,1
3,8,6,0.08373728394508362,0,0,3,3,2,1,2,1,1,1,1,1
3,8,10,0.004324777517467737,0,0,3,3,2,2,2,2,1,1,1,1
3,8,12,0.05811890959739685,0,0,3,3,2,2,2,2,1,1,1,1
3,8,14,0.014939595013856888,0,0,3,3,2,3,2,3,1,1,1,1
3,8,15,0.005770126357674599,0,0,3,3,2,3,2,3,1,1,1,1
3,8,17,0.004911649972200394,0,0,3,3,2,3,2,3,1,1,1,1
3,8,19,0.010871528647840023,0,0,3,3,2,4,2,4,1,1,1,1
3,8,21,0.013124938122928143,0,0,3,3,2,4,2,4,1,1,1,1
3,8,23,0.017910649999976158,0,0,3,3,2,4,2,4,1,1,1,1
3,8,26,0.01614207588136196,0,0,3,3,2,5,2,5,1,1,1,1
3,8,30,0.02656310610473156,0,0,3,3,2,5,2,5,1,1,1,1
3,8,31,0.0038598263636231422,0,0,3,4,2,1,2,1,1,1,1,1
3,8,33,0.0016718623228371143,0,0,3,4,2,3,2,3,1,1,1,1
3,8,34,0.0012059489963576198,0,0,3,4,2,4,2,4,1,1,1,1
3,8,35,0.005413936451077461,0,0,3,4,2,5,2,5,1,1,1,1
3,8,36,0.0013238779501989484,0,0,3,5,2,1,2,1,1,2,1,2
3,8,38,0.002058097394183278,0,0,3,5,2,3,2,3,1,2,1,2
3,8,46,0.006019258871674538,0,2,3,7,2,0,2,0,1,0,1,4
3,9,0,5.599327778327279e-05,0,0,3,1,2,0,2,0,1,2,1,4
3,9,1,0.42361921072006226,0,0,3,3,2,1,2,1,1,1,1,1
3,9,2,0.23788787424564362,0,0,3,3,2,1,2,1,1,1,1,1
3,9,3,0.10267619788646698,0,0,3,3,2,1,2,1,1,1,1,1
3,9,4,0.022544056177139282,0,0,3,3,2,1,2,1,1,1,1,1
3,9,5,0.015519391745328903,0,0,3,3,2,1,2,1,1,1,1,1
3,9,6,0.06435190886259079,0,0,3,3,2,1,2,1,1,1,1,1
3,9,10,0.0004423784266691655,0,0,3,3,2,2,2,2,1,1,1,1
3,9,12,0.049459997564554214,0,0,3,3,2,2,2,2,1,1,1,1
3,9,14,0.003645470831543207,0,0,3,3,2,3,2,3,1,1,1,1
3,9,15,0.0036344740074127913,0,0,3,3,2,3,2,3,1,1,1,1
3,9,17,0.0018650204874575138,0,0,3,3,2,3,2,3,1,1,1,1
3,9,19,0.0012441100552678108,0,0,3,3,2,4,2,4,1,1,1,1
3,9,21,0.007867760956287384,0,0,3,3,2,4,2,4,1,1,1,1
3,9,23,0.008395809680223465,0,0,3,3,2,4,2,4,1,1,1,1
3,9,26,0.011055981740355492,0,0,3,3,2,5,2,5,1,1,1,1
3,9,30,0.04056772589683533,0,0,3,3,2,5,2,5,1,1,1,1
3,9,31,0.0005291050183586776,0,0,3,4,2,1,2,1,1,1,1,1
3,9,33,0.0003936820139642805,0,0,3,4,2,3,2,3,1,1,1,1
3,9,34,3.654653119156137e-05,0,0,3,4,2,4,2,4,1,1,1,1
3,9,35,0.0018763859989121556,0,0,3,4,2,5,2,5,1,1,1,1
3,9,36,0.00011012292088707909,0,0,3,5,2,1,2,1,1,2,1,2
3,9,38,0.00018289720173925161,0,0,3,5,2,3,2,3,1,2,1,2
3,9,46,0.0020378560293465853,0,2,3,7,2,0,2,0,1,0,1,4
3,11,0,0.0008163308957591653,0,0,3,1,2,0,2,0,1,2,1,4
3,11,1,0.5061840415000916,0,0,3,3,2,1,2,1,1,1,1,1
3,11,2,0.07816416025161743,0,0,3,3,2,1,2,1,1,1,1,1
3,11,3,0.052048977464437485,0,0,3,3,2,1,2,1,1,1,1,1
3,11,4,0.024487953633069992,0,0,3,3,2,1,2,1,1,1,1,1
3,11,5,0.006762417498975992,0,0,3,3,2,1,2,1,1,1,1,1
3,11,6,0.03258243203163147,0,0,3,3,2,1,2,1,1,1,1,1
3,11,10,0.005659823305904865,0,0,3,3,2,2,2,2,1,1,1,1
3,11,12,0.2212880551815033,0,0,3,3,2,2,2,2,1,1,1,1
3,11,14,0.013464034534990788,0,0,3,3,2,3,2,3,1,1,1,1
3,11,15,0.0062171295285224915,0,0,3,3,2,3,2,3,1,1,1,1
3,11,17,0.0035417242906987667,0,0,3,3,2,3,2,3,1,1,1,1
3,11,19,0.0026958638336509466,0,0,3,3,2,4,2,4,1,1,1,1
3,11,21,0.001847301609814167,0,0,3,3,2,4,2,4,1,1,1,1
3,11,23,0.009614992886781693,0,0,3,3,2,4,2,4,1,1,1,1
3,11,26,0.008864359930157661,0,0,3,3,2,5,2,5,1,1,1,1
3,11,30,0.014881768263876438,0,0,3,3,2,5,2,5,1,1,1,1
3,11,31,0.0005625927005894482,0,0,3,4,2,1,2,1,1,1,1,1
3,11,33,0.0008547325269319117,0,0,3,4,2,3,2,3,1,1,1,1
3,11,34,0.00023663605679757893,0,0,3,4,2,4,2,4,1,1,1,1
3,11,35,0.0021779306698590517,0,0,3,4,2,5,2,5,1,1,1,1
3,11,36,3.15758770739194e-05,0,0,3,5,2,1,2,1,1,2,1,2
3,11,38,0.00012841566058341414,0,0,3,5,2,3,2,3,1,2,1,2
3,11,46,0.006886737421154976,0,2,3,7,2,0,2,0,1,0,1,4
3,13,0,0.050153207033872604,0,0,3,1,3,0,3,0,1,2,1,4
3,13,1,0.11664069443941116,0,0,3,3,3,1,3,1,1,1,1,1
3,13,2,0.05405648797750473,0,0,3,3,3,1,3,1,1,1,1,1
3,13,3,0.04250629246234894,0,0,3,3,3,1,3,1,1,1,1,1
3,13,4,0.019175348803400993,0,0,3,3,3,1,3,1,1,1,1,1
3,13,5,0.009640078991651535,0,0,3,3,3,1,3,1,1,1,1,1
3,13,6,0.016671955585479736,0,0,3,3,3,1,3,1,1,1,1,1
3,13,10,0.046633295714855194,0,0,3,3,3,2,3,2,1,1,1,1
3,13,12,0.5359606146812439,0,0,3,3,3,2,3,2,1,1,1,1
3,13,14,0.021429620683193207,0,0,3,3,3,3,3,3,1,1,1,1
3,13,15,0.015651803463697433,0,0,3,3,3,3,3,3,1,1,1,1
3,13,17,0.018059000372886658,0,0,3,3,3,3,3,3,1,1,1,1
3,13,19,0.0025676670484244823,0,0,3,3,3,4,3,4,1,1,1,1
3,13,21,0.00011716171138687059,0,0,3,3,3,4,3,4,1,1,1,1
3,13,23,0.0006319953827187419,0,0,3,3,3,4,3,4,1,1,1,1
3,13,26,0.017514197155833244,0,0,3,3,3,5,3,5,1,1,1,1
3,13,30,0.009508172050118446,0,0,3,3,3,5,3,5,1,1,1,1
3,13,31,0.0008394134929403663,0,0,3,4,3,1,3,1,1,1,1,1
3,13,33,0.0022351881489157677,0,0,3,4,3,3,3,3,1,1,1,1
3,13,34,0.00044703693129122257,0,0,3,4,3,4,3,4,1,1,1,1
3,13,35,0.0016239414690062404,0,0,3,4,3,5,3,5,1,1,1,1
3,13,36,0.0019611665047705173,0,0,3,5,3,1,3,1,1,2,1,2
3,13,38,0.001565821934491396,0,0,3,5,3,3,3,3,1,2,1,2
3,13,46,0.014409666880965233,0,2,3,7,3,0,3,0,1,0,1,4
3,16,0,0.06848230957984924,0,0,3,1,3,0,3,0,1,2,1,4
3,16,1,0.2887492775917053,0,0,3,3,3,1,3,1,1,1,1,1
3,16,2,0.11528568714857101,0,0,3,3,3,1,3,1,1,1,1,1
3,16,3,0.07297955453395844,0,0,3,3,3,1,3,1,1,1,1,1
3,16,4,0.0294021163135767,0,0,3,3,3,1,3,1,1,1,1,1
3,16,5,0.024650681763887405,0,0,3,3,3,1,3,1,1,1,1,1
3,16,6,0.05423178896307945,0,0,3,3,3,1,3,1,1,1,1,1
3,16,10,0.02494739182293415,0,0,3,3,3,2,3,2,1,1,1,1
3,16,12,0.22498299181461334,0,0,3,3,3,2,3,2,1,1,1,1
3,16,14,0.011413761414587498,0,0,3,3,3,3,3,3,1,1,1,1
3,16,15,0.006326541304588318,0,0,3,3,3,3,3,3,1,1,1,1
3,16,17,0.006801038049161434,0,0,3,3,3,3,3,3,1,1,1,1
3,16,19,0.005855932366102934,0,0,3,3,3,4,3,4,1,1,1,1
3,16,21,0.0005658519803546369,0,0,3,3,3,4,3,4,1,1,1,1
3,16,23,0.001085752621293068,0,0,3,3,3,4,3,4,1,1,1,1
3,16,26,0.0176281426101923,0,0,3,3,3,5,3,5,1,1,1,1
3,16,30,0.02190171182155609,0,0,3,3,3,5,3,5,1,1,1,1
3,16,31,0.0010912931757047772,0,0,3,4,3,1,3,1,1,1,1,1
3,16,33,0.00041123174014501274,0,0,3,4,3,3,3,3,1,1,1,1
3,16,34,0.0004556483472697437,0,0,3,4,3,4,3,4,1,1,1,1
3,16,35,0.001306723803281784,0,0,3,4,3,5,3,5,1,1,1,1
3,16,36,0.0022213237825781107,0,0,3,5,3,1,3,1,1,2,1,2
3,16,38,0.0008144796593114734,0,0,3,5,3,3,3,3,1,2,1,2
3,16,46,0.01840873248875141,0,2,3,7,3,0,3,0,1,0,1,4
3,18,0,0.001438855309970677,0,0,3,1,3,0,3,0,1,2,1,4
3,18,1,0.45453059673309326,0,0,3,3,3,1,3,1,1,1,1,1
3,18,2,0.07165438681840897,0,0,3,3,3,1,3,1,1,1,1,1
3,18,3,0.06415845453739166,0,0,3,3,3,1,3,1,1,1,1,1
3,18,4,0.026464084163308144,0,0,3,3,3,1,3,1,1,1,1,1
3,18,5,0.019605722278356552,0,0,3,3,3,1,3,1,1,1,1,1
3,18,6,0.08061204105615616,0,0,3,3,3,1,3,1,1,1,1,1
3,18,10,0.007714120205491781,0,0,3,3,3,2,3,2,1,1,1,1
3,18,12,0.17024922370910645,0,0,3,3,3,2,3,2,1,1,1,1
3,18,14,0.010821696370840073,0,0,3,3,3,3,3,3,1,1,1,1
3,18,15,0.0032507837750017643,0,0,3,3,3,3,3,3,1,1,1,1
3,18,17,0.003405193332582712,0,0,3,3,3,3,3,3,1,1,1,1
3,18,19,0.014083405956625938,0,0,3,3,3,4,3,4,1,1,1,1
3,18,21,0.021486932411789894,0,0,3,3,3,4,3,4,1,1,1,1
3,18,23,0.0225036833435297,0,0,3,3,3,4,3,4,1,1,1,1
3,18,26,0.006303037516772747,0,0,3,3,3,5,3,5,1,1,1,1
3,18,30,0.008654719218611717,0,0,3,3,3,5,3,5,1,1,1,1
3,18,31,0.003116254461929202,0,0,3,4,3,1,3,1,1,1,1,1
3,18,33,0.0005626295460388064,0,0,3,4,3,3,3,3,1,1,1,1
3,18,34,0.0019933427684009075,0,0,3,4,3,4,3,4,1,1,1,1
3,18,35,0.002994976472109556,0,0,3,4,3,5,3,5,1,1,1,1
3,18,36,0.000550665077753365,0,0,3,5,3,1,3,1,1,2,1,2
3,18,38,0.0006130487890914083,0,0,3,5,3,3,3,3,1,2,1,2
3,18,46,0.003232360817492008,0,2,3,7,3,0,3,0,1,0,1,4
3,20,0,8.74689212650992e-05,0,0,3,1,4,0,4,0,1,2,1,4
3,20,1,0.046897467225790024,0,0,3,3,4,1,4,1,1,1,1,1
3,20,2,0.015308844856917858,0,0,3,3,4,1,4,1,1,1,1,1
3,20,3,0.02335233986377716,0,0,3,3,4,1,4,1,1,1,1,1
3,20,4,0.025763574987649918,0,0,3,3,4,1,4,1,1,1,1,1
3,20,5,0.004235151689499617,0,0,3,3,4,1,4,1,1,1,1,1
3,20,6,0.030500264838337898,0,0,3,3,4,1,4,1,1,1,1,1
3,20,10,0.004817575681954622,0,0,3,3,4,2,4,2,1,1,1,1
3,20,12,0.046612899750471115,0,0,3,3,4,2,4,2,1,1,1,1
3,20,14,0.0026224686298519373,0,0,3,3,4,3,4,3,1,1,1,1
3,20,15,0.0020832724403589964,0,0,3,3,4,3,4,3,1,1,1,1
3,20,17,0.0011191723169758916,0,0,3,3,4,3,4,3,1,1,1,1
3,20,19,0.014823947101831436,0,0,3,3,4,4,4,4,1,1,1,1
3,20,21,0.5240659117698669,0,0,3,3,4,4,4,4,1,1,1,1
3,20,23,0.19687813520431519,0,0,3,3,4,4,4,4,1,1,1,1
3,20,26,0.007600102573633194,0,0,3,3,4,5,4,5,1,1,1,1
3,20,30,0.03965413197875023,0,0,3,3,4,5,4,5,1,1,1,1
3,20,31,0.0019901911728084087,0,0,3,4,4,1,4,1,1,1,1,1
3,20,33,0.00023385407985188067,0,0,3,4,4,3,4,3,1,1,1,1
3,20,34,0.0029840448405593634,0,0,3,4,4,4,4,4,1,1,1,1
3,20,35,0.00485391216352582,0,0,3,4,4,5,4,5,1,1,1,1
3,20,36,4.402666945679812e-06,0,0,3,5,4,1,4,1,1,2,1,2
3,20,38,7.615645699843299e-06,0,0,3,5,4,3,4,3,1,2,1,2
3,20,46,0.003503375221043825,0,2,3,7,4,0,4,0,1,0,1,4
3,22,0,0.00016703248547855765,0,0,3,1,4,0,4,0,1,2,1,4
3,22,1,0.010603539645671844,0,0,3,3,4,1,4,1,1,1,1,1
3,22,2,0.002027214504778385,0,0,3,3,4,1,4,1,1,1,1,1
3,22,3,0.003649255260825157,0,0,3,3,4,1,4,1,1,1,1,1
3,22,4,0.005310067906975746,0,0,3,3,4,1,4,1,1,1,1,1
3,22,5,0.0006706340936943889,0,0,3,3,4,1,4,1,1,1,1,1
3,22,6,0.005224218592047691,0,0,3,3,4,1,4,1,1,1,1,1
3,22,10,0.004756230860948563,0,0,3,3,4,2,4,2,1,1,1,1
3,22,12,0.03018476627767086,0,0,3,3,4,2,4,2,1,1,1,1
3,22,14,0.0012012331280857325,0,0,3,3,4,3,4,3,1,1,1,1
3,22,15,0.0006158461910672486,0,0,3,3,4,3,4,3,1,1,1,1
3,22,17,0.0004693363152910024,0,0,3,3,4,3,4,3,1,1,1,1
3,22,19,0.023102013394236565,0,0,3,3,4,4,4,4,1,1,1,1
3,22,21,0.7461763620376587,0,0,3,3,4,4,4,4,1,1,1,1
3,22,23,0.13278356194496155,0,0,3,3,4,4,4,4,1,1,1,1
3,22,26,0.001715801889076829,0,0,3,3,4,5,4,5,1,1,1,1
3,22,30,0.007281175814568996,0,0,3,3,4,5,4,5,1,1,1,1
3,22,31,0.0012599924812093377,0,0,3,4,4,1,4,1,1,1,1,1
3,22,33,0.0002827869029715657,0,0,3,4,4,3,4,3,1,1,1,1
3,22,34,0.016193639487028122,0,0,3,4,4,4,4,4,1,1,1,1
3,22,35,0.0034596084151417017,0,0,3,4,4,5,4,5,1,1,1,1
3,22,36,1.2253399290784728e-06,0,0,3,5,4,1,4,1,1,2,1,2
3,22,38,4.411431291373447e-06,0,0,3,5,4,3,4,3,1,2,1,2
3,22,46,0.0028598441276699305,0,2,3,7,4,0,4,0,1,0,1,4
3,24,0,1.8832752175512724e-05,0,0,3,1,4,0,4,0,1,2,1,4
3,24,1,0.004899356048554182,0,0,3,3,4,1,4,1,1,1,1,1
3,24,2,0.0011304204817861319,0,0,3,3,4,1,4,1,1,1,1,1
3,24,3,0.0015949199441820383,0,0,3,3,4,1,4,1,1,1,1,1
3,24,4,0.001536443131044507,0,0,3,3,4,1,4,1,1,1,1,1
3,24,5,0.0003410704666748643,0,0,3,3,4,1,4,1,1,1,1,1
3,24,6,0.0034577082842588425,0,0,3,3,4,1,4,1,1,1,1,1
3,24,10,0.001247703330591321,0,0,3,3,4,2,4,2,1,1,1,1
3,24,12,0.006397808901965618,0,0,3,3,4,2,4,2,1,1,1,1
3,24,14,0.0004063981177750975,0,0,3,3,4,3,4,3,1,1,1,1
3,24,15,0.00016408064402639866,0,0,3,3,4,3,4,3,1,1,1,1
3,24,17,0.00012666822294704616,0,0,3,3,4,3,4,3,1,1,1,1
3,24,19,0.01441272348165512,0,0,3,3,4,4,4,4,1,1,1,1
3,24,21,0.8352653384208679,0,0,3,3,4,4,4,4,1,1,1,1
3,24,23,0.1115606501698494,0,0,3,3,4,4,4,4,1,1,1,1
3,24,26,0.0007676478126086295,0,0,3,3,4,5,4,5,1,1,1,1
3,24,30,0.002162233227863908,0,0,3,3,4,5,4,5,1,1,1,1
3,24,31,0.0005806735716760159,0,0,3,4,4,1,4,1,1,1,1,1
3,24,33,0.00012691922893282026,0,0,3,4,4,3,4,3,1,1,1,1
3,24,34,0.011791636236011982,0,0,3,4,4,4,4,4,1,1,1,1
3,24,35,0.0014559621922671795,0,0,3,4,4,5,4,5,1,1,1,1
3,24,36,1.0610089020701707e-06,0,0,3,5,4,1,4,1,1,2,1,2
3,24,38,3.4058978144457797e-06,0,0,3,5,4,3,4,3,1,2,1,2
3,24,46,0.0005502939457073808,0,2,3,7,4,0,4,0,1,0,1,4
3,25,0,0.0007514433818869293,0,0,3,1,5,0,5,0,1,2,1,4
3,25,1,0.2761707007884979,0,0,3,3,5,1,5,1,1,1,1,1
3,25,2,0.11419318616390228,0,0,3,3,5,1,5,1,1,1,1,1
3,25,3,0.11206696182489395,0,0,3,3,5,1,5,1,1,1,1,1
3,25,4,0.029945868998765945,0,0,3,3,5,1,5,1,1,1,1,1
3,25,5,0.04576916620135307,0,0,3,3,5,1,5,1,1,1,1,1
3,25,6,0.08561509847640991,0,0,3,3,5,1,5,1,1,1,1,1
3,25,10,0.008559450507164001,0,0,3,3,5,2,5,2,1,1,1,1
3,25,12,0.12838223576545715,0,0,3,3,5,2,5,2,1,1,1,1
3,25,14,0.013895365409553051,0,0,3,3,5,3,5,3,1,1,1,1
3,25,15,0.013000051490962505,0,0,3,3,5,3,5,3,1,1,1,1
3,25,17,0.0115960743278265,0,0,3,3,5,3,5,3,1,1,1,1
3,25,19,0.01419510506093502,0,0,3,3,5,4,5,4,1,1,1,1
3,25,21,0.041655756533145905,0,0,3,3,5,4,5,4,1,1,1,1
3,25,23,0.03562821075320244,0,0,3,3,5,4,5,4,1,1,1,1
3,25,26,0.017176449298858643,0,0,3,3,5,5,5,5,1,1,1,1
3,25,30,0.02490151673555374,0,0,3,3,5,5,5,5,1,1,1,1
3,25,31,0.006107802968472242,0,0,3,4,5,1,5,1,1,1,1,1
3,25,33,0.002931831171736121,0,0,3,4,5,3,5,3,1,1,1,1
3,25,34,0.001856488175690174,0,0,3,4,5,4,5,4,1,1,1,1
3,25,35,0.005860084667801857,0,0,3,4,5,5,5,5,1,1,1,1
3,25,36,0.0024990392848849297,0,0,3,5,5,1,5,1,1,2,1,2
3,25,38,0.0034672485198825598,0,0,3,5,5,3,5,3,1,2,1,2
3,25,46,0.003774852491915226,0,2,3,7,5,0,5,0,1,0,1,4
3,27,0,0.000535879225935787,0,0,3,1,5,0,5,0,1,2,1,4
3,27,1,0.23467828333377838,0,0,3,3,5,1,5,1,1,1,1,1
3,27,2,0.09608161449432373,0,0,3,3,5,1,5,1,1,1,1,1
3,27,3,0.13459071516990662,0,0,3,3,5,1,5,1,1,1,1,1
3,27,4,0.024109140038490295,0,0,3,3,5,1,5,1,1,1,1,1
3,27,5,0.07155776768922806,0,0,3,3,5,1,5,1,1,1,1,1
3,27,6,0.1295647919178009,0,0,3,3,5,1,5,1,1,1,1,1
3,27,10,0.015041179955005646,0,0,3,3,5,2,5,2,1,1,1,1
3,27,12,0.1161373034119606,0,0,3,3,5,2,5,2,1,1,1,1
3,27,14,0.018749089911580086,0,0,3,3,5,3,5,3,1,1,1,1
3,27,15,0.013619930483400822,0,0,3,3,5,3,5,3,1,1,1,1
3,27,17,0.011674797162413597,0,0,3,3,5,3,5,3,1,1,1,1
3,27,19,0.016171857714653015,0,0,3,3,5,4,5,4,1,1,1,1
3,27,21,0.03303085267543793,0,0,3,3,5,4,5,4,1,1,1,1
3,27,23,0.031276289373636246,0,0,3,3,5,4,5,4,1,1,1,1
3,27,26,0.013850800693035126,0,0,3,3,5,5,5,5,1,1,1,1
3,27,30,0.012232109904289246,0,0,3,3,5,5,5,5,1,1,1,1
3,27,31,0.006636283826082945,0,0,3,4,5,1,5,1,1,1,1,1
3,27,33,0.0026012558955699205,0,0,3,4,5,3,5,3,1,1,1,1
3,27,34,0.0015438763657584786,0,0,3,4,5,4,5,4,1,1,1,1
3,27,35,0.0028645461425185204,0,0,3,4,5,5,5,5,1,1,1,1
3,27,36,0.005716606974601746,0,0,3,5,5,1,5,1,1,2,1,2
3,27,38,0.006300814915448427,0,0,3,5,5,3,5,3,1,2,1,2
3,27,46,0.0014341301284730434,0,2,3,7,5,0,5,0,1,0,1,4
3,28,0,6.905853297212161e-06,0,0,3,1,5,0,5,0,1,2,1,4
3,28,1,0.007014432922005653,0,0,3,3,5,1,5,1,1,1,1,1
3,28,2,0.005343602038919926,0,0,3,3,5,1,5,1,1,1,1,1
3,28,3,0.0058882576413452625,0,0,3,3,5,1,5,1,1,1,1,1
3,28,4,0.0007571839960291982,0,0,3,3,5,1,5,1,1,1,1,1
3,28,5,0.0034907155204564333,0,0,3,3,5,1,5,1,1,1,1,1
3,28,6,0.011587103828787804,0,0,3,3,5,1,5,1,1,1,1,1
3,28,10,0.0011426997371017933,0,0,3,3,5,2,5,2,1,1,1,1
3,28,12,0.0034719144459813833,0,0,3,3,5,2,5,2,1,1,1,1
3,28,14,0.00070958147989586,0,0,3,3,5,3,5,3,1,1,1,1
3,28,15,0.0004226761811878532,0,0,3,3,5,3,5,3,1,1,1,1
3,28,17,0.0003835578099824488,0,0,3,3,5,3,5,3,1,1,1,1
3,28,19,0.010854595340788364,0,0,3,3,5,4,5,4,1,1,1,1
3,28,21,0.8825327754020691,0,0,3,3,5,4,5,4,1,1,1,1
3,28,23,0.05346844717860222,0,0,3,3,5,4,5,4,1,1,1,1
3,28,26,0.00031289277831092477,0,0,3,3,5,5,5,5,1,1,1,1
3,28,30,0.00044045542017556727,0,0,3,3,5,5,5,5,1,1,1,1
3,28,31,0.001715497113764286,0,0,3,4,5,1,5,1,1,1,1,1
3,28,33,0.0006514873821288347,0,0,3,4,5,3,5,3,1,1,1,1
3,28,34,0.0058006723411381245,0,0,3,4,5,4,5,4,1,1,1,1
3,28,35,0.0008525798912160099,0,0,3,4,5,5,5,5,1,1,1,1
3,28,36,0.0009474489488638937,0,0,3,5,5,1,5,1,1,2,1,2
3,28,38,0.0019310954958200455,0,0,3,5,5,3,5,3,1,2,1,2
3,28,46,0.00027346168644726276,0,2,3,7,5,0,5,0,1,0,1,4
3,29,0,0.00031363184098154306,0,0,3,1,5,0,5,0,1,2,1,4
3,29,1,0.05416261404752731,0,0,3,3,5,1,5,1,1,1,1,1
3,29,2,0.039035264402627945,0,0,3,3,5,1,5,1,1,1,1,1
3,29,3,0.056402795016765594,0,0,3,3,5,1,5,1,1,1,1,1
3,29,4,0.01341612171381712,0,0,3,3,5,1,5,1,1,1,1,1
3,29,5,0.036714959889650345,0,0,3,3,5,1,5,1,1,1,1,1
3,29,6,0.06569626927375793,0,0,3,3,5,1,5,1,1,1,1,1
3,29,10,0.007654232904314995,0,0,3,3,5,2,5,2,1,1,1,1
3,29,12,0.021328169852495193,0,0,3,3,5,2,5,2,1,1,1,1
3,29,14,0.010493091307580471,0,0,3,3,5,3,5,3,1,1,1,1
3,29,15,0.009515645913779736,0,0,3,3,5,3,5,3,1,1,1,1
3,29,17,0.007632899098098278,0,0,3,3,5,3,5,3,1,1,1,1
3,29,19,0.04360686242580414,0,0,3,3,5,4,5,4,1,1,1,1
3,29,21,0.43199270963668823,0,0,3,3,5,4,5,4,1,1,1,1
3,29,23,0.11202935129404068,0,0,3,3,5,4,5,4,1,1,1,1
3,29,26,0.014094102196395397,0,0,3,3,5,5,5,5,1,1,1,1
3,29,30,0.017675111070275307,0,0,3,3,5,5,5,5,1,1,1,1
3,29,31,0.011671033687889576,0,0,3,4,5,1,5,1,1,1,1,1
3,29,33,0.007538896054029465,0,0,3,4,5,3,5,3,1,1,1,1
3,29,34,0.011250469833612442,0,0,3,4,5,4,5,4,1,1,1,1
3,29,35,0.009048737585544586,0,0,3,4,5,5,5,5,1,1,1,1
3,29,36,0.005792039446532726,0,0,3,5,5,1,5,1,1,2,1,2
3,29,38,0.010659080930054188,0,0,3,5,5,3,5,3,1,2,1,2
3,29,46,0.002275958191603422,0,2,3,7,5,0,5,0,1,0,1,4
3,32,0,0.000325697852531448,0,0,4,1,2,0,2,0,1,2,1,4
3,32,1,0.3923753798007965,0,0,4,3,2,1,2,1,1,1,1,1
3,32,2,0.0936250314116478,0,0,4,3,2,1,2,1,1,1,1,1
3,32,3,0.07208561152219772,0,0,4,3,2,1,2,1,1,1,1,1
3,32,4,0.028633328154683113,0,0,4,3,2,1,2,1,1,1,1,1
3,32,5,0.01484951563179493,0,0,4,3,2,1,2,1,1,1,1,1
3,32,6,0.08296645432710648,0,0,4,3,2,1,2,1,1,1,1,1
3,32,10,0.01424799021333456,0,0,4,3,2,2,2,2,1,1,1,1
3,32,12,0.17466327548027039,0,0,4,3,2,2,2,2,1,1,1,1
3,32,14,0.007296730298548937,0,0,4,3,2,3,2,3,1,1,1,1
3,32,15,0.0036594781558960676,0,0,4,3,2,3,2,3,1,1,1,1
3,32,17,0.0015910580987110734,0,0,4,3,2,3,2,3,1,1,1,1
3,32,19,0.007002729456871748,0,0,4,3,2,4,2,4,1,1,1,1
3,32,21,0.027778523042798042,0,0,4,3,2,4,2,4,1,1,1,1
3,32,23,0.04511155188083649,0,0,4,3,2,4,2,4,1,1,1,1
3,32,26,0.0073682162910699844,0,0,4,3,2,5,2,5,1,1,1,1
3,32,30,0.018400773406028748,0,0,4,3,2,5,2,5,1,1,1,1
3,32,31,0.0014816226903349161,0,0,4,4,2,1,2,1,1,1,1,1
3,32,33,0.000275832338957116,0,0,4,4,2,3,2,3,1,1,1,1
3,32,34,0.00045516996760852635,0,0,4,4,2,4,2,4,1,1,1,1
3,32,35,0.0014540035044774413,0,0,4,4,2,5,2,5,1,1,1,1
3,32,36,3.3137795981019735e-05,0,0,4,5,2,1,2,1,1,2,1,2
3,32,38,5.062438503955491e-05,0,0,4,5,2,3,2,3,1,2,1,2
3,32,46,0.004268522374331951,0,2,4,7,2,0,2,0,1,0,1,4
3,37,0,0.0016869665123522282,0,0,5,1,2,0,2,0,2,2,2,4
3,37,1,0.08616507798433304,0,0,5,3,2,1,2,1,2,1,2,1
3,37,2,0.28943687677383423,0,0,5,3,2,1,2,1,2,1,2,1
3,37,3,0.02681526355445385,0,0,5,3,2,1,2,1,2,1,2,1
3,37,4,0.020149311050772667,0,0,5,3,2,1,2,1,2,1,2,1
3,37,5,0.02465873584151268,0,0,5,3,2,1,2,1,2,1,2,1
3,37,6,0.14058595895767212,0,0,5,3,2,1,2,1,2,1,2,1
3,37,10,0.004146712366491556,0,0,5,3,2,2,2,2,2,1,2,1
3,37,12,0.03476247191429138,0,0,5,3,2,2,2,2,2,1,2,1
3,37,14,0.015752030536532402,0,0,5,3,2,3,2,3,2,1,2,1
3,37,15,0.004847678821533918,0,0,5,3,2,3,2,3,2,1,2,1
3,37,17,0.007180269807577133,0,0,5,3,2,3,2,3,2,1,2,1
3,37,19,0.00915362499654293,0,0,5,3,2,4,2,4,2,1,2,1
3,37,21,0.1788412630558014,0,0,5,3,2,4,2,4,2,1,2,1
3,37,23,0.06530024856328964,0,0,5,3,2,4,2,4,2,1,2,1
3,37,26,0.010038075037300587,0,0,5,3,2,5,2,5,2,1,2,1
3,37,30,0.03301027789711952,0,0,5,3,2,5,2,5,2,1,2,1
3,37,31,0.012533145025372505,0,0,5,4,2,1,2,1,2,1,2,1
3,37,33,0.0011388951679691672,0,0,5,4,2,3,2,3,2,1,2,1
3,37,34,0.0024747420102357864,0,0,5,4,2,4,2,4,2,1,2,1
3,37,35,0.015473874285817146,0,0,5,4,2,5,2,5,2,1,2,1
3,37,36,0.007464682217687368,0,0,5,5,2,1,2,1,2,2,2,2
3,37,38,0.00468064472079277,0,0,5,5,2,3,2,3,2,2,2,2
3,37,46,0.00370336277410388,0,2,5,7,2,0,2,0,2,0,2,4
3,39,0,0.0002845545532181859,0,0,5,1,4,0,4,0,2,2,2,4
3,39,1,0.002041308442130685,0,0,5,3,4,1,4,1,2,1,2,1
3,39,2,0.0023987991735339165,0,0,5,3,4,1,4,1,2,1,2,1
3,39,3,0.0015536262653768063,0,0,5,3,4,1,4,1,2,1,2,1
3,39,4,0.0026896679773926735,0,0,5,3,4,1,4,1,2,1,2,1
3,39,5,0.0027647153474390507,0,0,5,3,4,1,4,1,2,1,2,1
3,39,6,0.008619556203484535,0,0,5,3,4,1,4,1,2,1,2,1
3,39,10,0.003510904498398304,0,0,5,3,4,2,4,2,2,1,2,1
3,39,12,0.0017067017033696175,0,0,5,3,4,2,4,2,2,1,2,1
3,39,14,0.0017466048011556268,0,0,5,3,4,3,4,3,2,1,2,1
3,39,15,0.0005784816457889974,0,0,5,3,4,3,4,3,2,1,2,1
3,39,17,0.0006485635531134903,0,0,5,3,4,3,4,3,2,1,2,1
3,39,19,0.019914383068680763,0,0,5,3,4,4,4,4,2,1,2,1
3,39,21,0.7447690963745117,0,0,5,3,4,4,4,4,2,1,2,1
3,39,23,0.14859965443611145,0,0,5,3,4,4,4,4,2,1,2,1
3,39,26,0.001846394152380526,0,0,5,3,4,5,4,5,2,1,2,1
3,39,30,0.004091922659426928,0,0,5,3,4,5,4,5,2,1,2,1
3,39,31,0.009890594519674778,0,0,5,4,4,1,4,1,2,1,2,1
3,39,33,0.0008030334720388055,0,0,5,4,4,3,4,3,2,1,2,1
3,39,34,0.03666584566235542,0,0,5,4,4,4,4,4,2,1,2,1
3,39,35,0.0032304697670042515,0,0,5,4,4,5,4,5,2,1,2,1
3,39,36,0.0002980945573654026,0,0,5,5,4,1,4,1,2,2,2,2
3,39,38,0.0003566099039744586,0,0,5,5,4,3,4,3,2,2,2,2
3,39,46,0.0009904074249789119,0,2,5,7,4,0,4,0,2,0,2,4
3,40,0,0.0001411894481861964,0,0,5,1,5,0,5,0,2,2,2,4
3,40,1,0.0001630111801205203,0,0,5,3,5,1,5,1,2,1,2,1
3,40,2,0.002766964491456747,0,0,5,3,5,1,5,1,2,1,2,1
3,40,3,0.00034702621633186936,0,0,5,3,5,1,5,1,2,1,2,1
3,40,4,5.779477214673534e-05,0,0,5,3,5,1,5,1,2,1,2,1
3,40,5,0.0027037118561565876,0,0,5,3,5,1,5,1,2,1,2,1
3,40,6,0.0018216472817584872,0,0,5,3,5,1,5,1,2,1,2,1
3,40,10,0.00017641940212342888,0,0,5,3,5,2,5,2,2,1,2,1
3,40,12,6.14142554695718e-05,0,0,5,3,5,2,5,2,2,1,2,1
3,40,14,0.00025730786728672683,0,0,5,3,5,3,5,3,2,1,2,1
3,40,15,7.60978800826706e-05,0,0,5,3,5,3,5,3,2,1,2,1
3,40,17,0.00025686193839646876,0,0,5,3,5,3,5,3,2,1,2,1
3,40,19,0.00020624464377760887,0,0,5,3,5,4,5,4,2,1,2,1
3,40,21,0.00047790250391699374,0,0,5,3,5,4,5,4,2,1,2,1
3,40,23,8.048692689044401e-05,0,0,5,3,5,4,5,4,2,1,2,1
3,40,26,0.00013035697338636965,0,0,5,3,5,5,5,5,2,1,2,1
3,40,30,6.4286490669474e-05,0,0,5,3,5,5,5,5,2,1,2,1
3,40,31,0.0007053304580040276,0,0,5,4,5,1,5,1,2,1,2,1
3,40,33,8.649437950225547e-05,0,0,5,4,5,3,5,3,2,1,2,1
3,40,34,7.348580402322114e-05,0,0,5,4,5,4,5,4,2,1,2,1
3,40,35,4.29425599577371e-05,0,0,5,4,5,5,5,5,2,1,2,1
3,40,36,0.854886531829834,0,0,5,5,5,1,5,1,2,2,2,2
3,40,38,0.13440470397472382,0,0,5,5,5,3,5,3,2,2,2,2
3,40,46,1.1518143764988054e-05,0,2,5,7,5,0,5,0,2,0,2,4
3,41,0,0.0010427596280351281,1,0,6,1,1,0,1,0,1,2,5,4
3,41,1,0.00023978402896318585,1,0,6,3,1,1,1,1,1,1,5,1
3,41,2,0.000764992437325418,1,0,6,3,1,1,1,1,1,1,5,1
3,41,3,0.0001854302390711382,1,0,6,3,1,1,1,1,1,1,5,1
3,41,4,0.00011251667456235737,1,0,6,3,1,1,1,1,1,1,5,1
3,41,5,0.0008599076536484063,1,0,6,3,1,1,1,1,1,1,5,1
3,41,6,0.0001917817717185244,1,0,6,3,1,1,1,1,1,1,5,1
3,41,10,1.8583066321298247e-06,1,0,6,3,1,2,1,2,1,1,5,1
3,41,12,3.0652918212581426e-06,1,0,6,3,1,2,1,2,1,1,5,1
3,41,14,0.00026679455186240375,1,0,6,3,1,3,1,3,1,1,5,1
3,41,15,0.00019424087076913565,1,0,6,3,1,3,1,3,1,1,5,1
3,41,17,0.0004003922513220459,1,0,6,3,1,3,1,3,1,1,5,1
3,41,19,2.4044886231422424e-05,1,0,6,3,1,4,1,4,1,1,5,1
3,41,21,3.962658411182929e-06,1,0,6,3,1,4,1,4,1,1,5,1
3,41,23,3.4840477383113466e-06,1,0,6,3,1,4,1,4,1,1,5,1
3,41,26,0.00015191060083452612,1,0,6,3,1,5,1,5,1,1,5,1
3,41,30,0.0001303969620494172,1,0,6,3,1,5,1,5,1,1,5,1
3,41,31,0.0003731340984813869,1,0,6,4,1,1,1,1,1,1,5,1
3,41,33,0.0014810533029958606,1,0,6,4,1,3,1,3,1,1,5,1
3,41,34,1.6056701497291215e-05,1,0,6,4,1,4,1,4,1,1,5,1
3,41,35,0.0003098584711551666,1,0,6,4,1,5,1,5,1,1,5,1
3,41,36,0.5835418701171875,1,0,6,5,1,1,1,1,1,2,5,2
3,41,38,0.4095399081707001,1,0,6,5,1,3,1,3,1,2,5,2
3,41,46,0.00016087936819531024,1,2,6,7,1,0,1,0,1,0,5,4
3,42,0,0.03607422485947609,1,0,6,1,2,0,2,0,1,2,5,4
3,42,1,0.30195146799087524,1,0,6,3,2,1,2,1,1,1,5,1
3,42,2,0.24691128730773926,1,0,6,3,2,1,2,1,1,1,5,1
3,42,3,0.05431216210126877,1,0,6,3,2,1,2,1,1,1,5,1
3,42,4,0.06432383507490158,1,0,6,3,2,1,2,1,1,1,5,1
3,42,5,0.027468999847769737,1,0,6,3,2,1,2,1,1,1,5,1
3,42,6,0.03297514095902443,1,0,6,3,2,1,2,1,1,1,5,1
3,42,10,0.00012907010386697948,1,0,6,3,2,2,2,2,1,1,5,1
3,42,12,0.00613990006968379,1,0,6,3,2,2,2,2,1,1,5,1
3,42,14,0.02357197180390358,1,0,6,3,2,3,2,3,1,1,5,1
3,42,15,0.021055646240711212,1,0,6,3,2,3,2,3,1,1,5,1
3,42,17,0.01921508088707924,1,0,6,3,2,3,2,3,1,1,5,1
3,42,19,0.00021252015721984208,1,0,6,3,2,4,2,4,1,1,5,1
3,42,21,1.8702283341553994e-05,1,0,6,3,2,4,2,4,1,1,5,1
3,42,23,0.00013095972826704383,1,0,6,3,2,4,2,4,1,1,5,1
3,42,26,0.023192107677459717,1,0,6,3,2,5,2,5,1,1,5,1
3,42,30,0.0802508294582367,1,0,6,3,2,5,2,5,1,1,5,1
3,42,31,0.001505010761320591,1,0,6,4,2,1,2,1,1,1,5,1
3,42,33,0.003067017300054431,1,0,6,4,2,3,2,3,1,1,5,1
3,42,34,1.1295691365376115e-05,1,0,6,4,2,4,2,4,1,1,5,1
3,42,35,0.009152150712907314,1,0,6,4,2,5,2,5,1,1,5,1
3,42,36,0.014730983413755894,1,0,6,5,2,1,2,1,1,2,5,2
3,42,38,0.012295747175812721,1,0,6,5,2,3,2,3,1,2,5,2
3,42,46,0.021303895860910416,1,2,6,7,2,0,2,0,1,0,5,4
3,43,0,0.8755573034286499,1,0,6,1,3,0,3,0,1,2,5,4
3,43,1,0.06035489961504936,1,0,6,3,3,1,3,1,1,1,5,1
3,43,2,0.016812853515148163,1,0,6,3,3,1,3,1,1,1,5,1
3,43,3,0.004784673918038607,1,0,6,3,3,1,3,1,1,1,5,1
3,43,4,0.00483454717323184,1,0,6,3,3,1,3,1,1,1,5,1
3,43,5,0.0020671128295361996,1,0,6,3,3,1,3,1,1,1,5,1
3,43,6,0.001333253108896315,1,0,6,3,3,1,3,1,1,1,5,1
3,43,10,0.00011144328163936734,1,0,6,3,3,2,3,2,1,1,5,1
3,43,12,0.008219116367399693,1,0,6,3,3,2,3,2,1,1,5,1
3,43,14,0.001879679854027927,1,0,6,3,3,3,3,3,1,1,5,1
3,43,15,0.0008807716658338904,1,0,6,3,3,3,3,3,1,1,5,1
3,43,17,0.002009481191635132,1,0,6,3,3,3,3,3,1,1,5,1
3,43,19,5.638290895149112e-05,1,0,6,3,3,4,3,4,1,1,5,1
3,43,21,1.370518987187097e-07,1,0,6,3,3,4,3,4,1,1,5,1
3,43,23,7.554274361609714e-07,1,0,6,3,3,4,3,4,1,1,5,1
3,43,26,0.002012944547459483,1,0,6,3,3,5,3,5,1,1,5,1
3,43,30,0.003942305687814951,1,0,6,3,3,5,3,5,1,1,5,1
3,43,31,7.750499207759276e-05,1,0,6,4,3,1,3,1,1,1,5,1
3,43,33,0.00010226969607174397,1,0,6,4,3,3,3,3,1,1,5,1
3,43,34,2.8345655209705e-06,1,0,6,4,3,4,3,4,1,1,5,1
3,43,35,0.00028909218963235617,1,0,6,4,3,5,3,5,1,1,5,1
3,43,36,0.004509568680077791,1,0,6,5,3,1,3,1,1,2,5,2
3,43,38,0.0016428794478997588,1,0,6,5,3,3,3,3,1,2,5,2
3,43,46,0.008518463000655174,1,2,6,7,3,0,3,0,1,0,5,4
3,44,0,0.004324580542743206,1,0,6,1,4,0,4,0,1,2,5,4
3,44,1,0.16697604954242706,1,0,6,3,4,1,4,1,1,1,5,1
3,44,2,0.11819790303707123,1,0,6,3,4,1,4,1,1,1,5,1
3,44,3,0.11211904883384705,1,0,6,3,4,1,4,1,1,1,5,1
3,44,4,0.08488476276397705,1,0,6,3,4,1,4,1,1,1,5,1
3,44,5,0.03585277125239372,1,0,6,3,4,1,4,1,1,1,5,1
3,44,6,0.08574876189231873,1,0,6,3,4,1,4,1,1,1,5,1
3,44,10,0.0023770558182150126,1,0,6,3,4,2,4,2,1,1,5,1
3,44,12,0.04764368385076523,1,0,6,3,4,2,4,2,1,1,5,1
3,44,14,0.012331178411841393,1,0,6,3,4,3,4,3,1,1,5,1
3,44,15,0.010885428637266159,1,0,6,3,4,3,4,3,1,1,5,1
3,44,17,0.008732622489333153,1,0,6,3,4,3,4,3,1,1,5,1
3,44,19,0.011456695385277271,1,0,6,3,4,4,4,4,1,1,5,1
3,44,21,0.038125667721033096,1,0,6,3,4,4,4,4,1,1,5,1
3,44,23,0.01557091623544693,1,0,6,3,4,4,4,4,1,1,5,1
3,44,26,0.03795326501131058,1,0,6,3,4,5,4,5,1,1,5,1
3,44,30,0.16706039011478424,1,0,6,3,4,5,4,5,1,1,5,1
3,44,31,0.0064287628047168255,1,0,6,4,4,1,4,1,1,1,5,1
3,44,33,0.0017940140096470714,1,0,6,4,4,3,4,3,1,1,5,1
3,44,34,0.0008942057611420751,1,0,6,4,4,4,4,4,1,1,5,1
3,44,35,0.015689998865127563,1,0,6,4,4,5,4,5,1,1,5,1
3,44,36,0.0015423836885020137,1,0,6,5,4,1,4,1,1,2,5,2
3,44,38,0.001177487545646727,1,0,6,5,4,3,4,3,1,2,5,2
3,44,46,0.012231947854161263,1,2,6,7,4,0,4,0,1,0,5,4
3,45,0,0.0025570655707269907,1,0,6,1,5,0,5,0,1,2,5,4
3,45,1,0.0022076114546507597,1,0,6,3,5,1,5,1,1,1,5,1
3,45,2,0.0052084894850850105,1,0,6,3,5,1,5,1,1,1,5,1
3,45,3,0.002829892560839653,1,0,6,3,5,1,5,1,1,1,5,1
3,45,4,0.0006893085082992911,1,0,6,3,5,1,5,1,1,1,5,1
3,45,5,0.0047922502271831036,1,0,6,3,5,1,5,1,1,1,5,1
3,45,6,0.002095766831189394,1,0,6,3,5,1,5,1,1,1,5,1
3,45,10,3.7206275010248646e-05,1,0,6,3,5,2,5,2,1,1,5,1
3,45,12,9.085126657737419e-05,1,0,6,3,5,2,5,2,1,1,5,1
3,45,14,0.0006384492735378444,1,0,6,3,5,3,5,3,1,1,5,1
3,45,15,0.0005991465877741575,1,0,6,3,5,3,5,3,1,1,5,1
3,45,17,0.0010612686164677143,1,0,6,3,5,3,5,3,1,1,5,1
3,45,19,0.0002820295048877597,1,0,6,3,5,4,5,4,1,1,5,1
3,45,21,0.00013423748896457255,1,0,6,3,5,4,5,4,1,1,5,1
3,45,23,2.5032832127180882e-05,1,0,6,3,5,4,5,4,1,1,5,1
3,45,26,0.0003379129047971219,1,0,6,3,5,5,5,5,1,1,5,1
3,45,30,0.0005005841376259923,1,0,6,3,5,5,5,5,1,1,5,1
3,45,31,0.0006295325001701713,1,0,6,4,5,1,5,1,1,1,5,1
3,45,33,0.0009656291804276407,1,0,6,4,5,3,5,3,1,1,5,1
3,45,34,8.06330208433792e-05,1,0,6,4,5,4,5,4,1,1,5,1
3,45,35,0.0005867524305358529,1,0,6,4,5,5,5,5,1,1,5,1
3,45,36,0.6891416907310486,1,0,6,5,5,1,5,1,1,2,5,2
3,45,38,0.28294676542282104,1,0,6,5,5,3,5,3,1,2,5,2
3,45,46,0.0015622851205989718,1,2,6,7,5,0,5,0,1,0,5,4
4,1,0,0.020958000794053078,0,0,3,1,1,0,1,0,1,2,1,4
4,1,3,0.00793972983956337,0,0,3,3,1,1,1,1,1,1,1,1
4,1,5,0.024225149303674698,0,0,3,3,1,1,1,1,1,1,1,1
4,1,6,0.01298797968775034,0,0,3,3,1,1,1,1,1,1,1,1
4,1,12,0.003938858397305012,0,0,3,3,1,2,1,2,1,1,1,1
4,1,15,0.0038200155831873417,0,0,3,3,1,3,1,3,1,1,1,1
4,1,17,0.005307476967573166,0,0,3,3,1,3,1,3,1,1,1,1
4,1,19,0.00033128715585917234,0,0,3,3,1,4,1,4,1,1,1,1
4,1,20,0.002734130248427391,0,0,3,3,1,4,1,4,1,1,1,1
4,1,22,0.000723917328286916,0,0,3,3,1,4,1,4,1,1,1,1
4,1,24,0.0008197944262064993,0,0,3,3,1,4,1,4,1,1,1,1
4,1,26,0.0021952290553599596,0,0,3,3,1,5,1,5,1,1,1,1
4,1,27,0.0054450868628919125,0,0,3,3,1,5,1,5,1,1,1,1
4,1,29,0.0022527913097292185,0,0,3,3,1,5,1,5,1,1,1,1
4,1,31,0.1614777147769928,0,0,3,4,1,1,1,1,1,1,1,1
4,1,32,0.020468348637223244,0,0,3,4,1,2,1,2,1,1,1,1
4,1,34,0.004867357201874256,0,0,3,4,1,4,1,4,1,1,1,1
4,1,35,0.11618462204933167,0,0,3,4,1,5,1,5,1,1,1,1
4,1,41,0.06005611643195152,0,1,3,6,1,1,1,1,1,1,1,5
4,1,42,0.009291937574744225,0,1,3,6,1,2,1,2,1,1,1,5
4,1,43,0.15514978766441345,0,1,3,6,1,3,1,3,1,1,1,5
4,1,44,0.0018625600496307015,0,1,3,6,1,4,1,4,1,1,1,5
4,1,46,0.3769618570804596,0,2,3,7,1,0,1,0,1,0,1,4
4,2,0,0.006940232124179602,0,0,3,1,1,0,1,0,1,2,1,4
4,2,3,0.004669212736189365,0,0,3,3,1,1,1,1,1,1,1,1
4,2,5,0.008439106866717339,0,0,3,3,1,1,1,1,1,1,1,1
4,2,6,0.006186310667544603,0,0,3,3,1,1,1,1,1,1,1,1
4,2,12,0.00103341368958354,0,0,3,3,1,2,1,2,1,1,1,1
4,2,15,0.0007612861809320748,0,0,3,3,1,3,1,3,1,1,1,1
4,2,17,0.0013820843305438757,0,0,3,3,1,3,1,3,1,1,1,1
4,2,19,2.263755231979303e-05,0,0,3,3,1,4,1,4,1,1,1,1
4,2,20,0.00027254578890278935,0,0,3,3,1,4,1,4,1,1,1,1
4,2,22,6.191747525008395e-05,0,0,3,3,1,4,1,4,1,1,1,1
4,2,24,5.154373502591625e-05,0,0,3,3,1,4,1,4,1,1,1,1
4,2,26,0.000288936251308769,0,0,3,3,1,5,1,5,1,1,1,1
4,2,27,0.0011960408883169293,0,0,3,3,1,5,1,5,1,1,1,1
4,2,29,0.0005940223927609622,0,0,3,3,1,5,1,5,1,1,1,1
4,2,31,0.21361036598682404,0,0,3,4,1,1,1,1,1,1,1,1
4,2,32,0.013575234450399876,0,0,3,4,1,2,1,2,1,1,1,1
4,2,34,0.0012386348098516464,0,0,3,4,1,4,1,4,1,1,1,1
4,2,35,0.14039307832717896,0,0,3,4,1,5,1,5,1,1,1,1
4,2,41,0.13302618265151978,0,1,3,6,1,1,1,1,1,1,1,5
4,2,42,0.004500304348766804,0,1,3,6,1,2,1,2,1,1,1,5
4,2,43,0.07740337401628494,0,1,3,6,1,3,1,3,1,1,1,5
4,2,44,0.000253410660661757,0,1,3,6,1,4,1,4,1,1,1,5
4,2,46,0.3840999901294708,0,2,3,7,1,0,1,0,1,0,1,4
4,4,0,0.0103403115645051,0,0,3,1,1,0,1,0,1,2,1,4
4,4,3,0.00037560873897746205,0,0,3,3,1,1,1,1,1,1,1,1
4,4,5,0.002321571344509721,0,0,3,3,1,1,1,1,1,1,1,1
4,4,6,0.0008080033003352582,0,0,3,3,1,1,1,1,1,1,1,1
4,4,12,0.0013987614074721932,0,0,3,3,1,2,1,2,1,1,1,1
4,4,15,0.001016690512187779,0,0,3,3,1,3,1,3,1,1,1,1
4,4,17,0.0025435963179916143,0,0,3,3,1,3,1,3,1,1,1,1
4,4,19,4.250683105055941e-06,0,0,3,3,1,4,1,4,1,1,1,1
4,4,20,9.474224498262629e-05,0,0,3,3,1,4,1,4,1,1,1,1
4,4,22,2.0801722712349147e-05,0,0,3,3,1,4,1,4,1,1,1,1
4,4,24,1.6215379218920134e-05,0,0,3,3,1,4,1,4,1,1,1,1
4,4,26,5.413456165115349e-05,0,0,3,3,1,5,1,5,1,1,1,1
4,4,27,0.0007477509789168835,0,0,3,3,1,5,1,5,1,1,1,1
4,4,29,0.00012161509948782623,0,0,3,3,1,5,1,5,1,1,1,1
4,4,31,0.1025765985250473,0,0,3,4,1,1,1,1,1,1,1,1
4,4,32,0.015129019506275654,0,0,3,4,1,2,1,2,1,1,1,1
4,4,34,0.0006445324397645891,0,0,3,4,1,4,1,4,1,1,1,1
4,4,35,0.2476721853017807,0,0,3,4,1,5,1,5,1,1,1,1
4,4,41,0.008778808638453484,0,1,3,6,1,1,1,1,1,1,1,5
4,4,42,0.0031291753984987736,0,1,3,6,1,2,1,2,1,1,1,5
4,4,43,0.05815397948026657,0,1,3,6,1,3,1,3,1,1,1,5
4,4,44,2.3537400920758955e-05,0,1,3,6,1,4,1,4,1,1,1,5
4,4,46,0.5440282821655273,0,2,3,7,1,0,1,0,1,0,1,4
4,7,0,0.02795596607029438,0,0,3,1,2,0,2,0,1,2,1,4
4,7,3,0.043877966701984406,0,0,3,3,2,1,2,1,1,1,1,1
4,7,5,0.11555169522762299,0,0,3,3,2,1,2,1,1,1,1,1
4,7,6,0.04599909111857414,0,0,3,3,2,1,2,1,1,1,1,1
4,7,12,0.0034487019293010235,0,0,3,3,2,2,2,2,1,1,1,1
4,7,15,0.001601717434823513,0,0,3,3,2,3,2,3,1,1,1,1
4,7,17,0.0010100064100697637,0,0,3,3,2,3,2,3,1,1,1,1
4,7,19,0.00011370902939233929,0,0,3,3,2,4,2,4,1,1,1,1
4,7,20,0.00047535853809677064,0,0,3,3,2,4,2,4,1,1,1,1
4,7,22,0.0019261512206867337,0,0,3,3,2,4,2,4,1,1,1,1
4,7,24,0.0011283498024567962,0,0,3,3,2,4,2,4,1,1,1,1
4,7,26,0.014573603868484497,0,0,3,3,2,5,2,5,1,1,1,1
4,7,27,0.009578850120306015,0,0,3,3,2,5,2,5,1,1,1,1
4,7,29,0.0014902619877830148,0,0,3,3,2,5,2,5,1,1,1,1
4,7,31,0.6032916903495789,0,0,3,4,2,1,2,1,1,1,1,1
4,7,32,0.00437575438991189,0,0,3,4,2,2,2,2,1,1,1,1
4,7,34,0.0074385483749210835,0,0,3,4,2,4,2,4,1,1,1,1
4,7,35,0.09669475257396698,0,0,3,4,2,5,2,5,1,1,1,1
4,7,41,0.004035300109535456,0,1,3,6,2,1,2,1,1,1,1,5
4,7,42,1.4947007912269328e-05,0,1,3,6,2,2,2,2,1,1,1,5
4,7,43,0.0014745282242074609,0,1,3,6,2,3,2,3,1,1,1,5
4,7,44,2.6161313144257292e-05,0,1,3,6,2,4,2,4,1,1,1,5
4,7,46,0.013916977681219578,0,2,3,7,2,0,2,0,1,0,1,4
4,8,0,0.09713535010814667,0,0,3,1,2,0,2,0,1,2,1,4
4,8,3,0.012771714478731155,0,0,3,3,2,1,2,1,1,1,1,1
4,8,5,0.042273811995983124,0,0,3,3,2,1,2,1,1,1,1,1
4,8,6,0.020982030779123306,0,0,3,3,2,1,2,1,1,1,1,1
4,8,12,0.005494351033121347,0,0,3,3,2,2,2,2,1,1,1,1
4,8,15,0.00952041894197464,0,0,3,3,2,3,2,3,1,1,1,1
4,8,17,0.008519748225808144,0,0,3,3,2,3,2,3,1,1,1,1
4,8,19,0.000579396728426218,0,0,3,3,2,4,2,4,1,1,1,1
4,8,20,0.005308214575052261,0,0,3,3,2,4,2,4,1,1,1,1
4,8,22,0.0038111708126962185,0,0,3,3,2,4,2,4,1,1,1,1
4,8,24,0.003494619857519865,0,0,3,3,2,4,2,4,1,1,1,1
4,8,26,0.009019844233989716,0,0,3,3,2,5,2,5,1,1,1,1
4,8,27,0.013733207248151302,0,0,3,3,2,5,2,5,1,1,1,1
4,8,29,0.001753639429807663,0,0,3,3,2,5,2,5,1,1,1,1
4,8,31,0.3096213936805725,0,0,3,4,2,1,2,1,1,1,1,1
4,8,32,0.010978832840919495,0,0,3,4,2,2,2,2,1,1,1,1
4,8,34,0.020863015204668045,0,0,3,4,2,4,2,4,1,1,1,1
4,8,35,0.21353779733181,0,0,3,4,2,5,2,5,1,1,1,1
4,8,41,0.002376056043431163,0,1,3,6,2,1,2,1,1,1,1,5
4,8,42,9.178431355394423e-05,0,1,3,6,2,2,2,2,1,1,1,5
4,8,43,0.006949842907488346,0,1,3,6,2,3,2,3,1,1,1,5
4,8,44,0.00010601048415992409,0,1,3,6,2,4,2,4,1,1,1,5
4,8,46,0.20107753574848175,0,2,3,7,2,0,2,0,1,0,1,4
4,9,0,0.04821144789457321,0,0,3,1,2,0,2,0,1,2,1,4
4,9,3,0.04543880373239517,0,0,3,3,2,1,2,1,1,1,1,1
4,9,5,0.19361162185668945,0,0,3,3,2,1,2,1,1,1,1,1
4,9,6,0.06941168755292892,0,0,3,3,2,1,2,1,1,1,1,1
4,9,12,0.014858043752610683,0,0,3,3,2,2,2,2,1,1,1,1
4,9,15,0.0035809616092592478,0,0,3,3,2,3,2,3,1,1,1,1
4,9,17,0.0018692068988457322,0,0,3,3,2,3,2,3,1,1,1,1
4,9,19,0.00045879368553869426,0,0,3,3,2,4,2,4,1,1,1,1
4,9,20,0.0014870789600536227,0,0,3,3,2,4,2,4,1,1,1,1
4,9,22,0.0027207485400140285,0,0,3,3,2,4,2,4,1,1,1,1
4,9,24,0.002074875868856907,0,0,3,3,2,4,2,4,1,1,1,1
4,9,26,0.01992613822221756,0,0,3,3,2,5,2,5,1,1,1,1
4,9,27,0.012881687842309475,0,0,3,3,2,5,2,5,1,1,1,1
4,9,29,0.003031981410458684,0,0,3,3,2,5,2,5,1,1,1,1
4,9,31,0.4034901559352875,0,0,3,4,2,1,2,1,1,1,1,1
4,9,32,0.01730295643210411,0,0,3,4,2,2,2,2,1,1,1,1
4,9,34,0.011452453210949898,0,0,3,4,2,4,2,4,1,1,1,1
4,9,35,0.12506529688835144,0,0,3,4,2,5,2,5,1,1,1,1
4,9,41,0.0065318513661623,0,1,3,6,2,1,2,1,1,1,1,5
4,9,42,0.00035121297696605325,0,1,3,6,2,2,2,2,1,1,1,5
4,9,43,0.003273947862908244,0,1,3,6,2,3,2,3,1,1,1,5
4,9,44,0.0002177432761527598,0,1,3,6,2,4,2,4,1,1,1,5
4,9,46,0.012751532718539238,0,2,3,7,2,0,2,0,1,0,1,4
4,10,0,0.10830817371606827,0,0,3,1,2,0,2,0,1,2,1,4
4,10,3,0.02269853837788105,0,0,3,3,2,1,2,1,1,1,1,1
4,10,5,0.05282580107450485,0,0,3,3,2,1,2,1,1,1,1,1
4,10,6,0.03516899794340134,0,0,3,3,2,1,2,1,1,1,1,1
4,10,12,0.010408474132418633,0,0,3,3,2,2,2,2,1,1,1,1
4,10,15,0.009539667516946793,0,0,3,3,2,3,2,3,1,1,1,1
4,10,17,0.008886829949915409,0,0,3,3,2,3,2,3,1,1,1,1
4,10,19,0.0017555303638800979,0,0,3,3,2,4,2,4,1,1,1,1
4,10,20,0.009506214410066605,0,0,3,3,2,4,2,4,1,1,1,1
4,10,22,0.009322713129222393,0,0,3,3,2,4,2,4,1,1,1,1
4,10,24,0.007574531249701977,0,0,3,3,2,4,2,4,1,1,1,1
4,10,26,0.02148349955677986,0,0,3,3,2,5,2,5,1,1,1,1
4,10,27,0.027177833020687103,0,0,3,3,2,5,2,5,1,1,1,1
4,10,29,0.005511502735316753,0,0,3,3,2,5,2,5,1,1,1,1
4,10,31,0.30946969985961914,0,0,3,4,2,1,2,1,1,1,1,1
4,10,32,0.010495524853467941,0,0,3,4,2,2,2,2,1,1,1,1
4,10,34,0.03343294560909271,0,0,3,4,2,4,2,4,1,1,1,1
4,10,35,0.12624041736125946,0,0,3,4,2,5,2,5,1,1,1,1
4,10,41,0.010306761600077152,0,1,3,6,2,1,2,1,1,1,1,5
4,10,42,0.0004403411876410246,0,1,3,6,2,2,2,2,1,1,1,5
4,10,43,0.02580615133047104,0,1,3,6,2,3,2,3,1,1,1,5
4,10,44,0.0010637511732056737,0,1,3,6,2,4,2,4,1,1,1,5
4,10,46,0.15257644653320312,0,2,3,7,2,0,2,0,1,0,1,4
4,11,0,0.02877776511013508,0,0,3,1,2,0,2,0,1,2,1,4
4,11,3,0.041573986411094666,0,0,3,3,2,1,2,1,1,1,1,1
4,11,5,0.09782172739505768,0,0,3,3,2,1,2,1,1,1,1,1
4,11,6,0.03467720001935959,0,0,3,3,2,1,2,1,1,1,1,1
4,11,12,0.00275989156216383,0,0,3,3,2,2,2,2,1,1,1,1
4,11,15,0.009116997942328453,0,0,3,3,2,3,2,3,1,1,1,1
4,11,17,0.00702017592266202,0,0,3,3,2,3,2,3,1,1,1,1
4,11,19,0.002073548501357436,0,0,3,3,2,4,2,4,1,1,1,1
4,11,20,0.01097937859594822,0,0,3,3,2,4,2,4,1,1,1,1
4,11,22,0.01366573479026556,0,0,3,3,2,4,2,4,1,1,1,1
4,11,24,0.018256843090057373,0,0,3,3,2,4,2,4,1,1,1,1
4,11,26,0.01888236217200756,0,0,3,3,2,5,2,5,1,1,1,1
4,11,27,0.01752563565969467,0,0,3,3,2,5,2,5,1,1,1,1
4,11,29,0.002577482722699642,0,0,3,3,2,5,2,5,1,1,1,1
4,11,31,0.385951429605484,0,0,3,4,2,1,2,1,1,1,1,1
4,11,32,0.011582935228943825,0,0,3,4,2,2,2,2,1,1,1,1
4,11,34,0.03328271955251694,0,0,3,4,2,4,2,4,1,1,1,1
4,11,35,0.14575651288032532,0,0,3,4,2,5,2,5,1,1,1,1
4,11,41,0.004953641444444656,0,1,3,6,2,1,2,1,1,1,1,5
4,11,42,5.025165592087433e-05,0,1,3,6,2,2,2,2,1,1,1,5
4,11,43,0.011760848574340343,0,1,3,6,2,3,2,3,1,1,1,5
4,11,44,0.00047271623043343425,0,1,3,6,2,4,2,4,1,1,1,5
4,11,46,0.10048066824674606,0,2,3,7,2,0,2,0,1,0,1,4
4,13,0,0.017816446721553802,0,0,3,1,3,0,3,0,1,2,1,4
4,13,3,0.002559553598985076,0,0,3,3,3,1,3,1,1,1,1,1
4,13,5,0.0011452158214524388,0,0,3,3,3,1,3,1,1,1,1,1
4,13,6,0.0035715808626264334,0,0,3,3,3,1,3,1,1,1,1,1
4,13,12,0.00015236323815770447,0,0,3,3,3,2,3,2,1,1,1,1
4,13,15,0.0003091151302214712,0,0,3,3,3,3,3,3,1,1,1,1
4,13,17,0.0004293672973290086,0,0,3,3,3,3,3,3,1,1,1,1
4,13,19,2.3678348952671513e-05,0,0,3,3,3,4,3,4,1,1,1,1
4,13,20,0.0004229160840623081,0,0,3,3,3,4,3,4,1,1,1,1
4,13,22,0.00014320657646749169,0,0,3,3,3,4,3,4,1,1,1,1
4,13,24,6.460933946073055e-05,0,0,3,3,3,4,3,4,1,1,1,1
4,13,26,0.000613136391621083,0,0,3,3,3,5,3,5,1,1,1,1
4,13,27,0.0014799745986238122,0,0,3,3,3,5,3,5,1,1,1,1
4,13,29,0.0006324510322883725,0,0,3,3,3,5,3,5,1,1,1,1
4,13,31,0.018126102164387703,0,0,3,4,3,1,3,1,1,1,1,1
4,13,32,8.41695218696259e-05,0,0,3,4,3,2,3,2,1,1,1,1
4,13,34,0.0006891344673931599,0,0,3,4,3,4,3,4,1,1,1,1
4,13,35,0.005182903725653887,0,0,3,4,3,5,3,5,1,1,1,1
4,13,41,0.0014777473406866193,0,1,3,6,3,1,3,1,1,1,1,5
4,13,42,1.6984193280222826e-05,0,1,3,6,3,2,3,2,1,1,1,5
4,13,43,0.0021983308251947165,0,1,3,6,3,3,3,3,1,1,1,5
4,13,44,8.110254384519067e-06,0,1,3,6,3,4,3,4,1,1,1,5
4,13,46,0.9428528547286987,0,2,3,7,3,0,3,0,1,0,1,4
4,14,0,0.06397325545549393,0,0,3,1,3,0,3,0,1,2,1,4
4,14,3,0.00366140715777874,0,0,3,3,3,1,3,1,1,1,1,1
4,14,5,0.004400155507028103,0,0,3,3,3,1,3,1,1,1,1,1
4,14,6,0.005389262922108173,0,0,3,3,3,1,3,1,1,1,1,1
4,14,12,0.0013702935539186,0,0,3,3,3,2,3,2,1,1,1,1
4,14,15,0.001812678063288331,0,0,3,3,3,3,3,3,1,1,1,1
4,14,17,0.0017982169520109892,0,0,3,3,3,3,3,3,1,1,1,1
4,14,19,0.00018905304023064673,0,0,3,3,3,4,3,4,1,1,1,1
4,14,20,0.0023876195773482323,0,0,3,3,3,4,3,4,1,1,1,1
4,14,22,0.0006427780026569963,0,0,3,3,3,4,3,4,1,1,1,1
4,14,24,0.0005144387250766158,0,0,3,3,3,4,3,4,1,1,1,1
4,14,26,0.002359511097893119,0,0,3,3,3,5,3,5,1,1,1,1
4,14,27,0.005583238787949085,0,0,3,3,3,5,3,5,1,1,1,1
4,14,29,0.00171798060182482,0,0,3,3,3,5,3,5,1,1,1,1
4,14,31,0.03769282251596451,0,0,3,4,3,1,3,1,1,1,1,1
4,14,32,0.0011941952398046851,0,0,3,4,3,2,3,2,1,1,1,1
4,14,34,0.0033752324525266886,0,0,3,4,3,4,3,4,1,1,1,1
4,14,35,0.022650545462965965,0,0,3,4,3,5,3,5,1,1,1,1
4,14,41,0.0018994321580976248,0,1,3,6,3,1,3,1,1,1,1,5
4,14,42,0.00019981464720331132,0,1,3,6,3,2,3,2,1,1,1,5
4,14,43,0.006538878194987774,0,1,3,6,3,3,3,3,1,1,1,5
4,14,44,7.201028347481042e-05,0,1,3,6,3,4,3,4,1,1,1,5
4,14,46,0.8305774331092834,0,2,3,7,3,0,3,0,1,0,1,4
4,16,0,0.05936140939593315,0,0,3,1,3,0,3,0,1,2,1,4
4,16,3,0.031116554513573647,0,0,3,3,3,1,3,1,1,1,1,1
4,16,5,0.02379324845969677,0,0,3,3,3,1,3,1,1,1,1,1
4,16,6,0.031366292387247086,0,0,3,3,3,1,3,1,1,1,1,1
4,16,12,0.003930467646569014,0,0,3,3,3,2,3,2,1,1,1,1
4,16,15,0.003520057536661625,0,0,3,3,3,3,3,3,1,1,1,1
4,16,17,0.002408387139439583,0,0,3,3,3,3,3,3,1,1,1,1
4,16,19,0.0008687678491696715,0,0,3,3,3,4,3,4,1,1,1,1
4,16,20,0.0076202466152608395,0,0,3,3,3,4,3,4,1,1,1,1
4,16,22,0.003774701850488782,0,0,3,3,3,4,3,4,1,1,1,1
4,16,24,0.0023886007256805897,0,0,3,3,3,4,3,4,1,1,1,1
4,16,26,0.01355467177927494,0,0,3,3,3,5,3,5,1,1,1,1
4,16,27,0.017137285321950912,0,0,3,3,3,5,3,5,1,1,1,1
4,16,29,0.005839081015437841,0,0,3,3,3,5,3,5,1,1,1,1
4,16,31,0.36148297786712646,0,0,3,4,3,1,3,1,1,1,1,1
4,16,32,0.005296014249324799,0,0,3,4,3,2,3,2,1,1,1,1
4,16,34,0.031158391386270523,0,0,3,4,3,4,3,4,1,1,1,1
4,16,35,0.09083570539951324,0,0,3,4,3,5,3,5,1,1,1,1
4,16,41,0.00699046952649951,0,1,3,6,3,1,3,1,1,1,1,5
4,16,42,0.00012728503497783095,0,1,3,6,3,2,3,2,1,1,1,5
4,16,43,0.011824602261185646,0,1,3,6,3,3,3,3,1,1,1,5
4,16,44,0.0003330199106130749,0,1,3,6,3,4,3,4,1,1,1,5
4,16,46,0.2852718234062195,0,2,3,7,3,0,3,0,1,0,1,4
4,18,0,0.07358521223068237,0,0,3,1,3,0,3,0,1,2,1,4
4,18,3,0.011903195641934872,0,0,3,3,3,1,3,1,1,1,1,1
4,18,5,0.02544417977333069,0,0,3,3,3,1,3,1,1,1,1,1
4,18,6,0.023349188268184662,0,0,3,3,3,1,3,1,1,1,1,1
4,18,12,0.007823350839316845,0,0,3,3,3,2,3,2,1,1,1,1
4,18,15,0.007367754355072975,0,0,3,3,3,3,3,3,1,1,1,1
4,18,17,0.007307867053896189,0,0,3,3,3,3,3,3,1,1,1,1
4,18,19,0.0011289395624771714,0,0,3,3,3,4,3,4,1,1,1,1
4,18,20,0.012162488885223866,0,0,3,3,3,4,3,4,1,1,1,1
4,18,22,0.00360646634362638,0,0,3,3,3,4,3,4,1,1,1,1
4,18,24,0.0025621862150728703,0,0,3,3,3,4,3,4,1,1,1,1
4,18,26,0.01011581625789404,0,0,3,3,3,5,3,5,1,1,1,1
4,18,27,0.015327501110732555,0,0,3,3,3,5,3,5,1,1,1,1
4,18,29,0.004130247049033642,0,0,3,3,3,5,3,5,1,1,1,1
4,18,31,0.2630435824394226,0,0,3,4,3,1,3,1,1,1,1,1
4,18,32,0.011350874789059162,0,0,3,4,3,2,3,2,1,1,1,1
4,18,34,0.024796459823846817,0,0,3,4,3,4,3,4,1,1,1,1
4,18,35,0.15040038526058197,0,0,3,4,3,5,3,5,1,1,1,1
4,18,41,0.006701234262436628,0,1,3,6,3,1,3,1,1,1,1,5
4,18,42,0.0006640107603743672,0,1,3,6,3,2,3,2,1,1,1,5
4,18,43,0.032375268638134,0,1,3,6,3,3,3,3,1,1,1,5
4,18,44,0.0008999051642604172,0,1,3,6,3,4,3,4,1,1,1,5
4,18,46,0.30395403504371643,0,2,3,7,3,0,3,0,1,0,1,4
4,21,0,0.07903659343719482,0,0,3,1,4,0,4,0,1,2,1,4
4,21,3,0.0034656855277717113,0,0,3,3,4,1,4,1,1,1,1,1
4,21,5,0.016110550612211227,0,0,3,3,4,1,4,1,1,1,1,1
4,21,6,0.00655581196770072,0,0,3,3,4,1,4,1,1,1,1,1
4,21,12,0.019072365015745163,0,0,3,3,4,2,4,2,1,1,1,1
4,21,15,0.009906912222504616,0,0,3,3,4,3,4,3,1,1,1,1
4,21,17,0.006569407414644957,0,0,3,3,4,3,4,3,1,1,1,1
4,21,19,0.000440735777374357,0,0,3,3,4,4,4,4,1,1,1,1
4,21,20,0.005155570339411497,0,0,3,3,4,4,4,4,1,1,1,1
4,21,22,0.0015211643185466528,0,0,3,3,4,4,4,4,1,1,1,1
4,21,24,0.0013378069270402193,0,0,3,3,4,4,4,4,1,1,1,1
4,21,26,0.0031362229492515326,0,0,3,3,4,5,4,5,1,1,1,1
4,21,27,0.016738900914788246,0,0,3,3,4,5,4,5,1,1,1,1
4,21,29,0.0021546194329857826,0,0,3,3,4,5,4,5,1,1,1,1
4,21,31,0.19370894134044647,0,0,3,4,4,1,4,1,1,1,1,1
4,21,32,0.032730504870414734,0,0,3,4,4,2,4,2,1,1,1,1
4,21,34,0.022309714928269386,0,0,3,4,4,4,4,4,1,1,1,1
4,21,35,0.3393450975418091,0,0,3,4,4,5,4,5,1,1,1,1
4,21,41,0.0006286171264946461,0,1,3,6,4,1,4,1,1,1,1,5
4,21,42,0.0010671231430023909,0,1,3,6,4,2,4,2,1,1,1,5
4,21,43,0.021977530792355537,0,1,3,6,4,3,4,3,1,1,1,5
4,21,44,0.00015543388144578785,0,1,3,6,4,4,4,4,1,1,1,5
4,21,46,0.21687480807304382,0,2,3,7,4,0,4,0,1,0,1,4
4,23,0,0.02252102456986904,0,0,3,1,4,0,4,0,1,2,1,4
4,23,3,0.05405524745583534,0,0,3,3,4,1,4,1,1,1,1,1
4,23,5,0.09017570316791534,0,0,3,3,4,1,4,1,1,1,1,1
4,23,6,0.05521393194794655,0,0,3,3,4,1,4,1,1,1,1,1
4,23,12,0.002413175068795681,0,0,3,3,4,2,4,2,1,1,1,1
4,23,15,0.003083878895267844,0,0,3,3,4,3,4,3,1,1,1,1
4,23,17,0.002042582258582115,0,0,3,3,4,3,4,3,1,1,1,1
4,23,19,0.0006061889580450952,0,0,3,3,4,4,4,4,1,1,1,1
4,23,20,0.0040649352595210075,0,0,3,3,4,4,4,4,1,1,1,1
4,23,22,0.0014817644841969013,0,0,3,3,4,4,4,4,1,1,1,1
4,23,24,0.0020913889165967703,0,0,3,3,4,4,4,4,1,1,1,1
4,23,26,0.006754009518772364,0,0,3,3,4,5,4,5,1,1,1,1
4,23,27,0.014406689442694187,0,0,3,3,4,5,4,5,1,1,1,1
4,23,29,0.002872250508517027,0,0,3,3,4,5,4,5,1,1,1,1
4,23,31,0.4290643334388733,0,0,3,4,4,1,4,1,1,1,1,1
4,23,32,0.010592621751129627,0,0,3,4,4,2,4,2,1,1,1,1
4,23,34,0.009346461854875088,0,0,3,4,4,4,4,4,1,1,1,1
4,23,35,0.08514372259378433,0,0,3,4,4,5,4,5,1,1,1,1
4,23,41,0.040500108152627945,0,1,3,6,4,1,4,1,1,1,1,5
4,23,42,0.0005292012938298285,0,1,3,6,4,2,4,2,1,1,1,5
4,23,43,0.027896715328097343,0,1,3,6,4,3,4,3,1,1,1,5
4,23,44,0.0006633730372413993,0,1,3,6,4,4,4,4,1,1,1,5
4,23,46,0.13448038697242737,0,2,3,7,4,0,4,0,1,0,1,4
4,25,0,0.002870694501325488,0,0,3,1,5,0,5,0,1,2,1,4
4,25,3,0.02008648030459881,0,0,3,3,5,1,5,1,1,1,1,1
4,25,5,0.05127542465925217,0,0,3,3,5,1,5,1,1,1,1,1
4,25,6,0.01372096873819828,0,0,3,3,5,1,5,1,1,1,1,1
4,25,12,0.0005628697108477354,0,0,3,3,5,2,5,2,1,1,1,1
4,25,15,0.0002870318421628326,0,0,3,3,5,3,5,3,1,1,1,1
4,25,17,0.0002599232248030603,0,0,3,3,5,3,5,3,1,1,1,1
4,25,19,1.5416997484862804e-05,0,0,3,3,5,4,5,4,1,1,1,1
4,25,20,9.685421537142247e-05,0,0,3,3,5,4,5,4,1,1,1,1
4,25,22,0.0001125741473515518,0,0,3,3,5,4,5,4,1,1,1,1
4,25,24,0.00012495130067691207,0,0,3,3,5,4,5,4,1,1,1,1
4,25,26,0.0005245066713541746,0,0,3,3,5,5,5,5,1,1,1,1
4,25,27,0.0019370133522897959,0,0,3,3,5,5,5,5,1,1,1,1
4,25,29,0.00015375901421066374,0,0,3,3,5,5,5,5,1,1,1,1
4,25,31,0.7669739723205566,0,0,3,4,5,1,5,1,1,1,1,1
4,25,32,0.005659306887537241,0,0,3,4,5,2,5,2,1,1,1,1
4,25,34,0.0014307908713817596,0,0,3,4,5,4,5,4,1,1,1,1
4,25,35,0.07694732397794724,0,0,3,4,5,5,5,5,1,1,1,1
4,25,41,0.034947171807289124,0,1,3,6,5,1,5,1,1,1,1,5
4,25,42,5.799044811283238e-05,0,1,3,6,5,2,5,2,1,1,1,5
4,25,43,0.007641962263733149,0,1,3,6,5,3,5,3,1,1,1,5
4,25,44,4.398684177431278e-05,0,1,3,6,5,4,5,4,1,1,1,5
4,25,46,0.01426911074668169,0,2,3,7,5,0,5,0,1,0,1,4
4,28,0,0.005471843294799328,0,0,3,1,5,0,5,0,1,2,1,4
4,28,3,0.023306187242269516,0,0,3,3,5,1,5,1,1,1,1,1
4,28,5,0.08384991437196732,0,0,3,3,5,1,5,1,1,1,1,1
4,28,6,0.021528013050556183,0,0,3,3,5,1,5,1,1,1,1,1
4,28,12,0.00417592516168952,0,0,3,3,5,2,5,2,1,1,1,1
4,28,15,0.0017249704105779529,0,0,3,3,5,3,5,3,1,1,1,1
4,28,17,0.0011052455520257354,0,0,3,3,5,3,5,3,1,1,1,1
4,28,19,0.00020053955086041242,0,0,3,3,5,4,5,4,1,1,1,1
4,28,20,0.0009963356424123049,0,0,3,3,5,4,5,4,1,1,1,1
4,28,22,0.0004840394831262529,0,0,3,3,5,4,5,4,1,1,1,1
4,28,24,0.0006076704594306648,0,0,3,3,5,4,5,4,1,1,1,1
4,28,26,0.0018278099596500397,0,0,3,3,5,5,5,5,1,1,1,1
4,28,27,0.004934854805469513,0,0,3,3,5,5,5,5,1,1,1,1
4,28,29,0.0005166257615201175,0,0,3,3,5,5,5,5,1,1,1,1
4,28,31,0.6512104272842407,0,0,3,4,5,1,5,1,1,1,1,1
4,28,32,0.03048570267856121,0,0,3,4,5,2,5,2,1,1,1,1
4,28,34,0.005958894733339548,0,0,3,4,5,4,5,4,1,1,1,1
4,28,35,0.13690824806690216,0,0,3,4,5,5,5,5,1,1,1,1
4,28,41,0.011890959925949574,0,1,3,6,5,1,5,1,1,1,1,5
4,28,42,0.0003062820469494909,0,1,3,6,5,2,5,2,1,1,1,5
4,28,43,0.006122155115008354,0,1,3,6,5,3,5,3,1,1,1,5
4,28,44,0.00034774947562254965,0,1,3,6,5,4,5,4,1,1,1,5
4,28,46,0.006039592903107405,0,2,3,7,5,0,5,0,1,0,1,4
4,30,0,0.029259268194437027,0,0,3,1,5,0,5,0,1,2,1,4
4,30,3,0.01596049591898918,0,0,3,3,5,1,5,1,1,1,1,1
4,30,5,0.06019054725766182,0,0,3,3,5,1,5,1,1,1,1,1
4,30,6,0.017619825899600983,0,0,3,3,5,1,5,1,1,1,1,1
4,30,12,0.00438693119212985,0,0,3,3,5,2,5,2,1,1,1,1
4,30,15,0.004163662437349558,0,0,3,3,5,3,5,3,1,1,1,1
4,30,17,0.005585659295320511,0,0,3,3,5,3,5,3,1,1,1,1
4,30,19,0.0002687490778043866,0,0,3,3,5,4,5,4,1,1,1,1
4,30,20,0.0021061692386865616,0,0,3,3,5,4,5,4,1,1,1,1
4,30,22,0.0009690145379863679,0,0,3,3,5,4,5,4,1,1,1,1
4,30,24,0.0012681025546044111,0,0,3,3,5,4,5,4,1,1,1,1
4,30,26,0.0011948851170018315,0,0,3,3,5,5,5,5,1,1,1,1
4,30,27,0.008855360560119152,0,0,3,3,5,5,5,5,1,1,1,1
4,30,29,0.0005405469564720988,0,0,3,3,5,5,5,5,1,1,1,1
4,30,31,0.3955881595611572,0,0,3,4,5,1,5,1,1,1,1,1
4,30,32,0.010765976272523403,0,0,3,4,5,2,5,2,1,1,1,1
4,30,34,0.00512624392285943,0,0,3,4,5,4,5,4,1,1,1,1
4,30,35,0.09474773705005646,0,0,3,4,5,5,5,5,1,1,1,1
4,30,41,0.017649296671152115,0,1,3,6,5,1,5,1,1,1,1,5
4,30,42,0.0010787614155560732,0,1,3,6,5,2,5,2,1,1,1,5
4,30,43,0.05185524746775627,0,1,3,6,5,3,5,3,1,1,1,5
4,30,44,0.0004916198668070138,0,1,3,6,5,4,5,4,1,1,1,5
4,30,46,0.27032753825187683,0,2,3,7,5,0,5,0,1,0,1,4
4,33,0,0.009133228100836277,0,0,4,1,3,0,3,0,1,2,1,4
4,33,3,0.0010992519091814756,0,0,4,3,3,1,3,1,1,1,1,1
4,33,5,0.0007440118351951241,0,0,4,3,3,1,3,1,1,1,1,1
4,33,6,0.0011120147537440062,0,0,4,3,3,1,3,1,1,1,1,1
4,33,12,9.991470869863406e-05,0,0,4,3,3,2,3,2,1,1,1,1
4,33,15,0.000434976042015478,0,0,4,3,3,3,3,3,1,1,1,1
4,33,17,0.0005110236234031618,0,0,4,3,3,3,3,3,1,1,1,1
4,33,19,7.54354550736025e-05,0,0,4,3,3,4,3,4,1,1,1,1
4,33,20,0.0016164379194378853,0,0,4,3,3,4,3,4,1,1,1,1
4,33,22,0.00023210549261420965,0,0,4,3,3,4,3,4,1,1,1,1
4,33,24,0.00023331446573138237,0,0,4,3,3,4,3,4,1,1,1,1
4,33,26,0.00020050043531227857,0,0,4,3,3,5,3,5,1,1,1,1
4,33,27,0.0006942981272004545,0,0,4,3,3,5,3,5,1,1,1,1
4,33,29,0.00016557810886297375,0,0,4,3,3,5,3,5,1,1,1,1
4,33,31,0.010276636108756065,0,0,4,4,3,1,3,1,1,1,1,1
4,33,32,0.0001323660253547132,0,0,4,4,3,2,3,2,1,1,1,1
4,33,34,0.0014555511297658086,0,0,4,4,3,4,3,4,1,1,1,1
4,33,35,0.0034457871224731207,0,0,4,4,3,5,3,5,1,1,1,1
4,33,41,0.0003382201830390841,0,1,4,6,3,1,3,1,1,1,1,5
4,33,42,1.4389461284736171e-05,0,1,4,6,3,2,3,2,1,1,1,5
4,33,43,0.002623277483507991,0,1,4,6,3,3,3,3,1,1,1,5
4,33,44,2.2528765839524567e-05,0,1,4,6,3,4,3,4,1,1,1,5
4,33,46,0.9653388261795044,0,2,4,7,3,0,3,0,1,0,1,4
4,36,0,6.253655010368675e-05,0,0,5,1,1,0,1,0,2,2,2,4
4,36,3,0.002345689805224538,0,0,5,3,1,1,1,1,2,1,2,1
4,36,5,0.006120495032519102,0,0,5,3,1,1,1,1,2,1,2,1
4,36,6,0.0018433650257065892,0,0,5,3,1,1,1,1,2,1,2,1
4,36,12,4.9684349505696446e-05,0,0,5,3,1,2,1,2,2,1,2,1
4,36,15,1.650023114052601e-05,0,0,5,3,1,3,1,3,2,1,2,1
4,36,17,4.346834248281084e-05,0,0,5,3,1,3,1,3,2,1,2,1
4,36,19,7.266702937158698e-07,0,0,5,3,1,4,1,4,2,1,2,1
4,36,20,1.3239656482255668e-06,0,0,5,3,1,4,1,4,2,1,2,1
4,36,22,1.1685255003612838e-06,0,0,5,3,1,4,1,4,2,1,2,1
4,36,24,1.6412382137787063e-06,0,0,5,3,1,4,1,4,2,1,2,1
4,36,26,6.042381755833048e-06,0,0,5,3,1,5,1,5,2,1,2,1
4,36,27,3.055560955544934e-05,0,0,5,3,1,5,1,5,2,1,2,1
4,36,29,9.449305252928752e-06,0,0,5,3,1,5,1,5,2,1,2,1
4,36,31,0.017987903207540512,0,0,5,4,1,1,1,1,2,1,2,1
4,36,32,0.0014535696245729923,0,0,5,4,1,2,1,2,2,1,2,1
4,36,34,7.342546723521082e-06,0,0,5,4,1,4,1,4,2,1,2,1
4,36,35,0.0021403434220701456,0,0,5,4,1,5,1,5,2,1,2,1
4,36,41,0.9593230485916138,0,1,5,6,1,1,1,1,2,1,2,5
4,36,42,0.004124158062040806,0,1,5,6,1,2,1,2,2,1,2,5
4,36,43,0.0034556847531348467,0,1,5,6,1,3,1,3,2,1,2,5
4,36,44,6.740455864928663e-05,0,1,5,6,1,4,1,4,2,1,2,5
4,36,46,0.0009078849689103663,0,2,5,7,1,0,1,0,2,0,2,4
4,37,0,0.0597996711730957,0,0,5,1,2,0,2,0,2,2,2,4
4,37,3,0.08059436082839966,0,0,5,3,2,1,2,1,2,1,2,1
4,37,5,0.10932794958353043,0,0,5,3,2,1,2,1,2,1,2,1
4,37,6,0.10030881315469742,0,0,5,3,2,1,2,1,2,1,2,1
4,37,12,0.015192758291959763,0,0,5,3,2,2,2,2,2,1,2,1
4,37,15,0.009650819003582,0,0,5,3,2,3,2,3,2,1,2,1
4,37,17,0.010869325138628483,0,0,5,3,2,3,2,3,2,1,2,1
4,37,19,0.003935911692678928,0,0,5,3,2,4,2,4,2,1,2,1
4,37,20,0.004185766912996769,0,0,5,3,2,4,2,4,2,1,2,1
4,37,22,0.006109393201768398,0,0,5,3,2,4,2,4,2,1,2,1
4,37,24,0.00665703322738409,0,0,5,3,2,4,2,4,2,1,2,1
4,37,26,0.019524676725268364,0,0,5,3,2,5,2,5,2,1,2,1
4,37,27,0.02024179697036743,0,0,5,3,2,5,2,5,2,1,2,1
4,37,29,0.011383146047592163,0,0,5,3,2,5,2,5,2,1,2,1
4,37,31,0.082539863884449,0,0,5,4,2,1,2,1,2,1,2,1
4,37,32,0.015402616001665592,0,0,5,4,2,2,2,2,2,1,2,1
4,37,34,0.006859498098492622,0,0,5,4,2,4,2,4,2,1,2,1
4,37,35,0.027514269575476646,0,0,5,4,2,5,2,5,2,1,2,1
4,37,41,0.3321974575519562,0,1,5,6,2,1,2,1,2,1,2,5
4,37,42,0.017210310325026512,0,1,5,6,2,2,2,2,2,1,2,5
4,37,43,0.014905508607625961,0,1,5,6,2,3,2,3,2,1,2,5
4,37,44,0.006068415008485317,0,1,5,6,2,4,2,4,2,1,2,5
4,37,46,0.03952054679393768,0,2,5,7,2,0,2,0,2,0,2,4
4,38,0,0.002284758258610964,0,0,5,1,3,0,3,0,2,2,2,4
4,38,3,0.0110166622325778,0,0,5,3,3,1,3,1,2,1,2,1
4,38,5,0.009657185524702072,0,0,5,3,3,1,3,1,2,1,2,1
4,38,6,0.01071882713586092,0,0,5,3,3,1,3,1,2,1,2,1
4,38,12,0.00020273758855182678,0,0,5,3,3,2,3,2,2,1,2,1
4,38,15,0.0002837090287357569,0,0,5,3,3,3,3,3,2,1,2,1
4,38,17,0.0006924685440026224,0,0,5,3,3,3,3,3,2,1,2,1
4,38,19,6.153610593173653e-05,0,0,5,3,3,4,3,4,2,1,2,1
4,38,20,0.00012386226444505155,0,0,5,3,3,4,3,4,2,1,2,1
4,38,22,0.00014136280515231192,0,0,5,3,3,4,3,4,2,1,2,1
4,38,24,0.00015139572496991605,0,0,5,3,3,4,3,4,2,1,2,1
4,38,26,0.0003917558933608234,0,0,5,3,3,5,3,5,2,1,2,1
4,38,27,0.0016001507174223661,0,0,5,3,3,5,3,5,2,1,2,1
4,38,29,0.0004812935076188296,0,0,5,3,3,5,3,5,2,1,2,1
4,38,31,0.02674306184053421,0,0,5,4,3,1,3,1,2,1,2,1
4,38,32,0.0005983924493193626,0,0,5,4,3,2,3,2,2,1,2,1
4,38,34,0.00027060226420871913,0,0,5,4,3,4,3,4,2,1,2,1
4,38,35,0.002648470923304558,0,0,5,4,3,5,3,5,2,1,2,1
4,38,41,0.8914903402328491,0,1,5,6,3,1,3,1,2,1,2,5
4,38,42,0.00178637751378119,0,1,5,6,3,2,3,2,2,1,2,5
4,38,43,0.017966145649552345,0,1,5,6,3,3,3,3,2,1,2,5
4,38,44,0.0008747184765525162,0,1,5,6,3,4,3,4,2,1,2,5
4,38,46,0.01981418952345848,0,2,5,7,3,0,3,0,2,0,2,4
4,39,0,0.001749528688378632,0,0,5,1,4,0,4,0,2,2,2,4
4,39,3,0.016748826950788498,0,0,5,3,4,1,4,1,2,1,2,1
4,39,5,0.020077498629689217,0,0,5,3,4,1,4,1,2,1,2,1
4,39,6,0.02002851665019989,0,0,5,3,4,1,4,1,2,1,2,1
4,39,12,0.0005257205339148641,0,0,5,3,4,2,4,2,2,1,2,1
4,39,15,9.5487164799124e-05,0,0,5,3,4,3,4,3,2,1,2,1
4,39,17,0.00013177037180867046,0,0,5,3,4,3,4,3,2,1,2,1
4,39,19,5.734828391723568e-06,0,0,5,3,4,4,4,4,2,1,2,1
4,39,20,1.732608325255569e-05,0,0,5,3,4,4,4,4,2,1,2,1
4,39,22,1.389496355841402e-05,0,0,5,3,4,4,4,4,2,1,2,1
4,39,24,8.986821740109008e-06,0,0,5,3,4,4,4,4,2,1,2,1
4,39,26,0.00027093852986581624,0,0,5,3,4,5,4,5,2,1,2,1
4,39,27,0.000880453793797642,0,0,5,3,4,5,4,5,2,1,2,1
4,39,29,0.00045687227975577116,0,0,5,3,4,5,4,5,2,1,2,1
4,39,31,0.10867419093847275,0,0,5,4,4,1,4,1,2,1,2,1
4,39,32,0.004688065033406019,0,0,5,4,4,2,4,2,2,1,2,1
4,39,34,0.0001378845190629363,0,0,5,4,4,4,4,4,2,1,2,1
4,39,35,0.03166772052645683,0,0,5,4,4,5,4,5,2,1,2,1
4,39,41,0.7740699052810669,0,1,5,6,4,1,4,1,2,1,2,5
4,39,42,0.004476903472095728,0,1,5,6,4,2,4,2,2,1,2,5
4,39,43,0.00602834252640605,0,1,5,6,4,3,4,3,2,1,2,5
4,39,44,8.514262299286202e-05,0,1,5,6,4,4,4,4,2,1,2,5
4,39,46,0.009160312823951244,0,2,5,7,4,0,4,0,2,0,2,4
4,40,0,0.0003489915980026126,0,0,5,1,5,0,5,0,2,2,2,4
4,40,3,0.00919297244399786,0,0,5,3,5,1,5,1,2,1,2,1
4,40,5,0.010671771131455898,0,0,5,3,5,1,5,1,2,1,2,1
4,40,6,0.007600888144224882,0,0,5,3,5,1,5,1,2,1,2,1
4,40,12,0.00034864104236476123,0,0,5,3,5,2,5,2,2,1,2,1
4,40,15,8.729908586246893e-05,0,0,5,3,5,3,5,3,2,1,2,1
4,40,17,0.00014431924500968307,0,0,5,3,5,3,5,3,2,1,2,1
4,40,19,2.5588293283362873e-05,0,0,5,3,5,4,5,4,2,1,2,1
4,40,20,5.546200191020034e-05,0,0,5,3,5,4,5,4,2,1,2,1
4,40,22,1.7862637832877226e-05,0,0,5,3,5,4,5,4,2,1,2,1
4,40,24,2.230762220278848e-05,0,0,5,3,5,4,5,4,2,1,2,1
4,40,26,4.400295074447058e-05,0,0,5,3,5,5,5,5,2,1,2,1
4,40,27,0.0003351256309542805,0,0,5,3,5,5,5,5,2,1,2,1
4,40,29,7.385575008811429e-05,0,0,5,3,5,5,5,5,2,1,2,1
4,40,31,0.06626996397972107,0,0,5,4,5,1,5,1,2,1,2,1
4,40,32,0.002680321456864476,0,0,5,4,5,2,5,2,2,1,2,1
4,40,34,0.0001966047566384077,0,0,5,4,5,4,5,4,2,1,2,1
4,40,35,0.0035205441527068615,0,0,5,4,5,5,5,5,2,1,2,1
4,40,41,0.8782086968421936,0,1,5,6,5,1,5,1,2,1,2,5
4,40,42,0.005758863873779774,0,1,5,6,5,2,5,2,2,1,2,5
4,40,43,0.01099207904189825,0,1,5,6,5,3,5,3,2,1,2,5
4,40,44,0.0017009079456329346,0,1,5,6,5,4,5,4,2,1,2,5
4,40,46,0.001702185021713376,0,2,5,7,5,0,5,0,2,0,2,4
4,45,0,0.008922724984586239,1,0,6,1,5,0,5,0,1,2,5,4
4,45,3,0.05204452574253082,1,0,6,3,5,1,5,1,1,1,5,1
4,45,5,0.04049267992377281,1,0,6,3,5,1,5,1,1,1,5,1
4,45,6,0.049441009759902954,1,0,6,3,5,1,5,1,1,1,5,1
4,45,12,0.003070417558774352,1,0,6,3,5,2,5,2,1,1,5,1
4,45,15,0.0010421180631965399,1,0,6,3,5,3,5,3,1,1,5,1
4,45,17,0.0017238226719200611,1,0,6,3,5,3,5,3,1,1,5,1
4,45,19,0.00029315342544578016,1,0,6,3,5,4,5,4,1,1,5,1
4,45,20,0.0003695271734613925,1,0,6,3,5,4,5,4,1,1,5,1
4,45,22,0.0013693608343601227,1,0,6,3,5,4,5,4,1,1,5,1
4,45,24,0.0005962597206234932,1,0,6,3,5,4,5,4,1,1,5,1
4,45,26,0.00959968101233244,1,0,6,3,5,5,5,5,1,1,5,1
4,45,27,0.010766814462840557,1,0,6,3,5,5,5,5,1,1,5,1
4,45,29,0.00944600347429514,1,0,6,3,5,5,5,5,1,1,5,1
4,45,31,0.10082188248634338,1,0,6,4,5,1,5,1,1,1,5,1
4,45,32,0.005970024969428778,1,0,6,4,5,2,5,2,1,1,5,1
4,45,34,0.002077346434816718,1,0,6,4,5,4,5,4,1,1,5,1
4,45,35,0.03512301295995712,1,0,6,4,5,5,5,5,1,1,5,1
4,45,41,0.6217630505561829,1,1,6,6,5,1,5,1,1,1,5,5
4,45,42,0.005880721379071474,1,1,6,6,5,2,5,2,1,1,5,5
4,45,43,0.019380532205104828,1,1,6,6,5,3,5,3,1,1,5,5
4,45,44,0.0015798091189935803,1,1,6,6,5,4,5,4,1,1,5,5
4,45,46,0.018225932493805885,1,2,6,7,5,0,5,0,1,0,5,4
5,0,1,0.11850466579198837,0,0,1,3,0,1,0,1,2,1,4,1
5,0,2,0.11576066166162491,0,0,1,3,0,1,0,1,2,1,4,1
5,0,4,0.24999430775642395,0,0,1,3,0,1,0,1,2,1,4,1
5,0,7,0.0005181827582418919,0,0,1,3,0,2,0,2,2,1,4,1
5,0,8,0.0019662007689476013,0,0,1,3,0,2,0,2,2,1,4,1
5,0,9,0.005270327907055616,0,0,1,3,0,2,0,2,2,1,4,1
5,0,10,0.0011540435953065753,0,0,1,3,0,2,0,2,2,1,4,1
5,0,11,0.0015642044600099325,0,0,1,3,0,2,0,2,2,1,4,1
5,0,13,0.0004884925438091159,0,0,1,3,0,3,0,3,2,1,4,1
5,0,14,0.0017213550163432956,0,0,1,3,0,3,0,3,2,1,4,1
5,0,16,0.0006875917897559702,0,0,1,3,0,3,0,3,2,1,4,1
5,0,18,0.0011758923064917326,0,0,1,3,0,3,0,3,2,1,4,1
5,0,21,0.007649179548025131,0,0,1,3,0,4,0,4,2,1,4,1
5,0,23,0.01720196194946766,0,0,1,3,0,4,0,4,2,1,4,1
5,0,25,0.029159534722566605,0,0,1,3,0,5,0,5,2,1,4,1
5,0,28,0.27122315764427185,0,0,1,3,0,5,0,5,2,1,4,1
5,0,30,0.032923247665166855,0,0,1,3,0,5,0,5,2,1,4,1
5,0,33,0.0014847780112177134,0,0,1,4,0,3,0,3,2,1,4,1
5,0,36,0.08854089677333832,0,0,1,5,0,1,0,1,2,2,4,2
5,0,37,0.000885352143086493,0,0,1,5,0,2,0,2,2,2,4,2
5,0,38,0.0005660551250912249,0,0,1,5,0,3,0,3,2,2,4,2
5,0,39,0.005395769141614437,0,0,1,5,0,4,0,4,2,2,4,2
5,0,40,0.025065576657652855,0,0,1,5,0,5,0,5,2,2,4,2
5,0,45,0.021098583936691284,0,1,1,6,0,5,0,5,2,1,4,5
5,3,1,0.0011151315411552787,0,0,3,3,1,1,1,1,1,1,1,1
5,3,2,0.0017293639248237014,0,0,3,3,1,1,1,1,1,1,1,1
5,3,4,0.0002765351964626461,0,0,3,3,1,1,1,1,1,1,1,1
5,3,7,1.0420436410640832e-05,0,0,3,3,1,2,1,2,1,1,1,1
5,3,8,0.00041882871300913393,0,0,3,3,1,2,1,2,1,1,1,1
5,3,9,0.0004999382654204965,0,0,3,3,1,2,1,2,1,1,1,1
5,3,10,5.120578134665266e-05,0,0,3,3,1,2,1,2,1,1,1,1
5,3,11,0.00017098087118938565,0,0,3,3,1,2,1,2,1,1,1,1
5,3,13,8.68039860506542e-05,0,0,3,3,1,3,1,3,1,1,1,1
5,3,14,0.0006569070392288268,0,0,3,3,1,3,1,3,1,1,1,1
5,3,16,1.027113466989249e-05,0,0,3,3,1,3,1,3,1,1,1,1
5,3,18,2.877678161894437e-05,0,0,3,3,1,3,1,3,1,1,1,1
5,3,21,5.952668652753346e-05,0,0,3,3,1,4,1,4,1,1,1,1
5,3,23,0.00018578561139293015,0,0,3,3,1,4,1,4,1,1,1,1
5,3,25,0.005438506603240967,0,0,3,3,1,5,1,5,1,1,1,1
5,3,28,0.047246601432561874,0,0,3,3,1,5,1,5,1,1,1,1
5,3,30,0.0011897283839061856,0,0,3,3,1,5,1,5,1,1,1,1
5,3,33,9.018233686219901e-05,0,0,3,4,1,3,1,3,1,1,1,1
5,3,36,0.007247003726661205,0,0,3,5,1,1,1,1,1,2,1,2
5,3,37,0.002033087657764554,0,0,3,5,1,2,1,2,1,2,1,2
5,3,38,0.0020111724734306335,0,0,3,5,1,3,1,3,1,2,1,2
5,3,39,0.0013940718490630388,0,0,3,5,1,4,1,4,1,2,1,2
5,3,40,0.920674204826355,0,0,3,5,1,5,1,5,1,2,1,2
5,3,45,0.007374915760010481,0,1,3,6,1,5,1,5,1,1,1,5
5,5,1,0.029863664880394936,0,0,3,3,1,1,1,1,1,1,1,1
5,5,2,0.020113153383135796,0,0,3,3,1,1,1,1,1,1,1,1
5,5,4,0.004605583380907774,0,0,3,3,1,1,1,1,1,1,1,1
5,5,7,0.0006882372545078397,0,0,3,3,1,2,1,2,1,1,1,1
5,5,8,0.010843737050890923,0,0,3,3,1,2,1,2,1,1,1,1
5,5,9,0.009303544647991657,0,0,3,3,1,2,1,2,1,1,1,1
5,5,10,0.003207913599908352,0,0,3,3,1,2,1,2,1,1,1,1
5,5,11,0.0064035216346383095,0,0,3,3,1,2,1,2,1,1,1,1
5,5,13,0.00552789494395256,0,0,3,3,1,3,1,3,1,1,1,1
5,5,14,0.03472243621945381,0,0,3,3,1,3,1,3,1,1,1,1
5,5,16,0.001352726249024272,0,0,3,3,1,3,1,3,1,1,1,1
5,5,18,0.002493043662980199,0,0,3,3,1,3,1,3,1,1,1,1
5,5,21,0.005577676929533482,0,0,3,3,1,4,1,4,1,1,1,1
5,5,23,0.008098882623016834,0,0,3,3,1,4,1,4,1,1,1,1
5,5,25,0.02598033845424652,0,0,3,3,1,5,1,5,1,1,1,1
5,5,28,0.14809510111808777,0,0,3,3,1,5,1,5,1,1,1,1
5,5,30,0.02799411490559578,0,0,3,3,1,5,1,5,1,1,1,1
5,5,33,0.004637888632714748,0,0,3,4,1,3,1,3,1,1,1,1
5,5,36,0.01682768203318119,0,0,3,5,1,1,1,1,1,2,1,2
5,5,37,0.008044784888625145,0,0,3,5,1,2,1,2,1,2,1,2
5,5,38,0.037550028413534164,0,0,3,5,1,3,1,3,1,2,1,2
5,5,39,0.010691170580685139,0,0,3,5,1,4,1,4,1,2,1,2
5,5,40,0.5584003925323486,0,0,3,5,1,5,1,5,1,2,1,2
5,5,45,0.018976638093590736,0,1,3,6,1,5,1,5,1,1,1,5
5,6,1,0.006985182873904705,0,0,3,3,1,1,1,1,1,1,1,1
5,6,2,0.010964542627334595,0,0,3,3,1,1,1,1,1,1,1,1
5,6,4,0.0008498956449329853,0,0,3,3,1,1,1,1,1,1,1,1
5,6,7,0.00020092348859179765,0,0,3,3,1,2,1,2,1,1,1,1
5,6,8,0.0031703922431916,0,0,3,3,1,2,1,2,1,1,1,1
5,6,9,0.004113897681236267,0,0,3,3,1,2,1,2,1,1,1,1
5,6,10,0.0007311984663829207,0,0,3,3,1,2,1,2,1,1,1,1
5,6,11,0.0031527879182249308,0,0,3,3,1,2,1,2,1,1,1,1
5,6,13,0.0020965111907571554,0,0,3,3,1,3,1,3,1,1,1,1
5,6,14,0.019569408148527145,0,0,3,3,1,3,1,3,1,1,1,1
5,6,16,0.00036551227094605565,0,0,3,3,1,3,1,3,1,1,1,1
5,6,18,0.0018951926613226533,0,0,3,3,1,3,1,3,1,1,1,1
5,6,21,0.000678370997775346,0,0,3,3,1,4,1,4,1,1,1,1
5,6,23,0.0016178421210497618,0,0,3,3,1,4,1,4,1,1,1,1
5,6,25,0.021014612168073654,0,0,3,3,1,5,1,5,1,1,1,1
5,6,28,0.1049230545759201,0,0,3,3,1,5,1,5,1,1,1,1
5,6,30,0.006622748915106058,0,0,3,3,1,5,1,5,1,1,1,1
5,6,33,0.0036551249213516712,0,0,3,4,1,3,1,3,1,1,1,1
5,6,36,0.016964098438620567,0,0,3,5,1,1,1,1,1,2,1,2
5,6,37,0.007480778731405735,0,0,3,5,1,2,1,2,1,2,1,2
5,6,38,0.033755846321582794,0,0,3,5,1,3,1,3,1,2,1,2
5,6,39,0.010094679892063141,0,0,3,5,1,4,1,4,1,2,1,2
5,6,40,0.7278834581375122,0,0,3,5,1,5,1,5,1,2,1,2
5,6,45,0.011213584803044796,0,1,3,6,1,5,1,5,1,1,1,5
5,12,1,0.0005243208725005388,0,0,3,3,2,1,2,1,1,1,1,1
5,12,2,0.0005488344468176365,0,0,3,3,2,1,2,1,1,1,1,1
5,12,4,0.00028861439204774797,0,0,3,3,2,1,2,1,1,1,1,1
5,12,7,0.00011280239414190874,0,0,3,3,2,2,2,2,1,1,1,1
5,12,8,0.0004068262060172856,0,0,3,3,2,2,2,2,1,1,1,1
5,12,9,0.0009035275434143841,0,0,3,3,2,2,2,2,1,1,1,1
5,12,10,0.00019156033522449434,0,0,3,3,2,2,2,2,1,1,1,1
5,12,11,0.0013987296260893345,0,0,3,3,2,2,2,2,1,1,1,1
5,12,13,0.00040377629920840263,0,0,3,3,2,3,2,3,1,1,1,1
5,12,14,8.172612433554605e-05,0,0,3,3,2,3,2,3,1,1,1,1
5,12,16,2.4064573153737e-05,0,0,3,3,2,3,2,3,1,1,1,1
5,12,18,1.1192476449650712e-05,0,0,3,3,2,3,2,3,1,1,1,1
5,12,21,5.5915337725309655e-05,0,0,3,3,2,4,2,4,1,1,1,1
5,12,23,3.7297879316611215e-05,0,0,3,3,2,4,2,4,1,1,1,1
5,12,25,0.008792877197265625,0,0,3,3,2,5,2,5,1,1,1,1
5,12,28,0.010905311442911625,0,0,3,3,2,5,2,5,1,1,1,1
5,12,30,0.0012827619211748242,0,0,3,3,2,5,2,5,1,1,1,1
5,12,33,7.621947588631883e-05,0,0,3,4,2,3,2,3,1,1,1,1
5,12,36,0.029043003916740417,0,0,3,5,2,1,2,1,1,2,1,2
5,12,37,0.07873041182756424,0,0,3,5,2,2,2,2,1,2,1,2
5,12,38,0.016176927834749222,0,0,3,5,2,3,2,3,1,2,1,2
5,12,39,0.0018559859599918127,0,0,3,5,2,4,2,4,1,2,1,2
5,12,40,0.8431332111358643,0,0,3,5,2,5,2,5,1,2,1,2
5,12,45,0.005014267284423113,0,1,3,6,2,5,2,5,1,1,1,5
5,15,1,0.008028212934732437,0,0,3,3,3,1,3,1,1,1,1,1
5,15,2,0.0035867029801011086,0,0,3,3,3,1,3,1,1,1,1,1
5,15,4,0.0015012450749054551,0,0,3,3,3,1,3,1,1,1,1,1
5,15,7,0.00017303663480561227,0,0,3,3,3,2,3,2,1,1,1,1
5,15,8,0.0007056304020807147,0,0,3,3,3,2,3,2,1,1,1,1
5,15,9,0.0007933458546176553,0,0,3,3,3,2,3,2,1,1,1,1
5,15,10,0.0013794979313388467,0,0,3,3,3,2,3,2,1,1,1,1
5,15,11,0.0035321430768817663,0,0,3,3,3,2,3,2,1,1,1,1
5,15,13,0.00558130769059062,0,0,3,3,3,3,3,3,1,1,1,1
5,15,14,0.003905386198312044,0,0,3,3,3,3,3,3,1,1,1,1
5,15,16,0.0008536643581464887,0,0,3,3,3,3,3,3,1,1,1,1
5,15,18,0.000611668627243489,0,0,3,3,3,3,3,3,1,1,1,1
5,15,21,0.0005325252423062921,0,0,3,3,3,4,3,4,1,1,1,1
5,15,23,0.000374050869140774,0,0,3,3,3,4,3,4,1,1,1,1
5,15,25,0.002723787212744355,0,0,3,3,3,5,3,5,1,1,1,1
5,15,28,0.007731851190328598,0,0,3,3,3,5,3,5,1,1,1,1
5,15,30,0.003942594863474369,0,0,3,3,3,5,3,5,1,1,1,1
5,15,33,0.0024195758160203695,0,0,3,4,3,3,3,3,1,1,1,1
5,15,36,0.030698079615831375,0,0,3,5,3,1,3,1,1,2,1,2
5,15,37,0.04589765891432762,0,0,3,5,3,2,3,2,1,2,1,2
5,15,38,0.47991228103637695,0,0,3,5,3,3,3,3,1,2,1,2
5,15,39,0.004318585619330406,0,0,3,5,3,4,3,4,1,2,1,2
5,15,40,0.3897363543510437,0,0,3,5,3,5,3,5,1,2,1,2
5,15,45,0.0010607540607452393,0,1,3,6,3,5,3,5,1,1,1,5
5,17,1,0.00943829771131277,0,0,3,3,3,1,3,1,1,1,1,1
5,17,2,0.0036878264509141445,0,0,3,3,3,1,3,1,1,1,1,1
5,17,4,0.0016153629403561354,0,0,3,3,3,1,3,1,1,1,1,1
5,17,7,0.00017677228606771678,0,0,3,3,3,2,3,2,1,1,1,1
5,17,8,0.001160580781288445,0,0,3,3,3,2,3,2,1,1,1,1
5,17,9,0.0010987408459186554,0,0,3,3,3,2,3,2,1,1,1,1
5,17,10,0.000832177756819874,0,0,3,3,3,2,3,2,1,1,1,1
5,17,11,0.0032060956582427025,0,0,3,3,3,2,3,2,1,1,1,1
5,17,13,0.013748074881732464,0,0,3,3,3,3,3,3,1,1,1,1
5,17,14,0.013900755904614925,0,0,3,3,3,3,3,3,1,1,1,1
5,17,16,0.0018968872027471662,0,0,3,3,3,3,3,3,1,1,1,1
5,17,18,0.0016888940008357167,0,0,3,3,3,3,3,3,1,1,1,1
5,17,21,0.001057422487065196,0,0,3,3,3,4,3,4,1,1,1,1
5,17,23,0.0012361692497506738,0,0,3,3,3,4,3,4,1,1,1,1
5,17,25,0.007421004120260477,0,0,3,3,3,5,3,5,1,1,1,1
5,17,28,0.019962988793849945,0,0,3,3,3,5,3,5,1,1,1,1
5,17,30,0.009765743277966976,0,0,3,3,3,5,3,5,1,1,1,1
5,17,33,0.0051490068435668945,0,0,3,4,3,3,3,3,1,1,1,1
5,17,36,0.015434974804520607,0,0,3,5,3,1,3,1,1,2,1,2
5,17,37,0.019711744040250778,0,0,3,5,3,2,3,2,1,2,1,2
5,17,38,0.3371007442474365,0,0,3,5,3,3,3,3,1,2,1,2
5,17,39,0.00407713558524847,0,0,3,5,3,4,3,4,1,2,1,2
5,17,40,0.5227643251419067,0,0,3,5,3,5,3,5,1,2,1,2
5,17,45,0.003867942839860916,0,1,3,6,3,5,3,5,1,1,1,5
5,19,1,9.889958164421842e-06,0,0,3,3,4,1,4,1,1,1,1,1
5,19,2,5.466587754199281e-05,0,0,3,3,4,1,4,1,1,1,1,1
5,19,4,3.907259724655887e-06,0,0,3,3,4,1,4,1,1,1,1,1
5,19,7,2.2269716737355338e-07,0,0,3,3,4,2,4,2,1,1,1,1
5,19,8,3.940173428418348e-06,0,0,3,3,4,2,4,2,1,1,1,1
5,19,9,6.356258381856605e-06,0,0,3,3,4,2,4,2,1,1,1,1
5,19,10,1.5116871736609028e-06,0,0,3,3,4,2,4,2,1,1,1,1
5,19,11,2.3369375412585214e-05,0,0,3,3,4,2,4,2,1,1,1,1
5,19,13,3.469974399195053e-05,0,0,3,3,4,3,4,3,1,1,1,1
5,19,14,5.508600588655099e-05,0,0,3,3,4,3,4,3,1,1,1,1
5,19,16,2.1537632619583746e-06,0,0,3,3,4,3,4,3,1,1,1,1
5,19,18,1.7976693698074087e-06,0,0,3,3,4,3,4,3,1,1,1,1
5,19,21,5.134576213094988e-07,0,0,3,3,4,4,4,4,1,1,1,1
5,19,23,8.454478006569843e-07,0,0,3,3,4,4,4,4,1,1,1,1
5,19,25,0.00034670287277549505,0,0,3,3,4,5,4,5,1,1,1,1
5,19,28,0.0005070206243544817,0,0,3,3,4,5,4,5,1,1,1,1
5,19,30,1.5872697986196727e-05,0,0,3,3,4,5,4,5,1,1,1,1
5,19,33,2.119498276442755e-05,0,0,3,4,4,3,4,3,1,1,1,1
5,19,36,0.0021402372512966394,0,0,3,5,4,1,4,1,1,2,1,2
5,19,37,0.008212202228605747,0,0,3,5,4,2,4,2,1,2,1,2
5,19,38,0.029926301911473274,0,0,3,5,4,3,4,3,1,2,1,2
5,19,39,0.0003320329124107957,0,0,3,5,4,4,4,4,1,2,1,2
5,19,40,0.9582349061965942,0,0,3,5,4,5,4,5,1,2,1,2
5,19,45,6.463671161327511e-05,0,1,3,6,4,5,4,5,1,1,1,5
5,20,1,1.584653182362672e-05,0,0,3,3,4,1,4,1,1,1,1,1
5,20,2,9.269387373933569e-05,0,0,3,3,4,1,4,1,1,1,1,1
5,20,4,3.0778683139942586e-06,0,0,3,3,4,1,4,1,1,1,1,1
5,20,7,1.3662432962746607e-08,0,0,3,3,4,2,4,2,1,1,1,1
5,20,8,6.888642474223161e-07,0,0,3,3,4,2,4,2,1,1,1,1
5,20,9,1.3658669786309474e-06,0,0,3,3,4,2,4,2,1,1,1,1
5,20,10,1.5642990547348745e-07,0,0,3,3,4,2,4,2,1,1,1,1
5,20,11,1.0654491234163288e-05,0,0,3,3,4,2,4,2,1,1,1,1
5,20,13,1.5146079022088088e-05,0,0,3,3,4,3,4,3,1,1,1,1
5,20,14,7.516241021221504e-05,0,0,3,3,4,3,4,3,1,1,1,1
5,20,16,8.392680683755316e-07,0,0,3,3,4,3,4,3,1,1,1,1
5,20,18,2.0260722521925345e-06,0,0,3,3,4,3,4,3,1,1,1,1
5,20,21,1.5374602924111969e-07,0,0,3,3,4,4,4,4,1,1,1,1
5,20,23,5.819673560836236e-07,0,0,3,3,4,4,4,4,1,1,1,1
5,20,25,0.0001150987736764364,0,0,3,3,4,5,4,5,1,1,1,1
5,20,28,0.0010711925569921732,0,0,3,3,4,5,4,5,1,1,1,1
5,20,30,9.169795703201089e-06,0,0,3,3,4,5,4,5,1,1,1,1
5,20,33,4.134128175792284e-05,0,0,3,4,4,3,4,3,1,1,1,1
5,20,36,0.002745376667007804,0,0,3,5,4,1,4,1,1,2,1,2
5,20,37,0.0011118244146928191,0,0,3,5,4,2,4,2,1,2,1,2
5,20,38,0.04350334033370018,0,0,3,5,4,3,4,3,1,2,1,2
5,20,39,0.00018625847587827593,0,0,3,5,4,4,4,4,1,2,1,2
5,20,40,0.9509901404380798,0,0,3,5,4,5,4,5,1,2,1,2
5,20,45,7.817308869562112e-06,0,1,3,6,4,5,4,5,1,1,1,5
5,22,1,2.13518046621175e-06,0,0,3,3,4,1,4,1,1,1,1,1
5,22,2,8.125468411890324e-06,0,0,3,3,4,1,4,1,1,1,1,1
5,22,4,7.668182320230699e-07,0,0,3,3,4,1,4,1,1,1,1,1
5,22,7,1.7670024021754216e-07,0,0,3,3,4,2,4,2,1,1,1,1
5,22,8,4.471603915590094e-06,0,0,3,3,4,2,4,2,1,1,1,1
5,22,9,3.533921926646144e-06,0,0,3,3,4,2,4,2,1,1,1,1
5,22,10,6.166370098981133e-07,0,0,3,3,4,2,4,2,1,1,1,1
5,22,11,7.657478818146046e-06,0,0,3,3,4,2,4,2,1,1,1,1
5,22,13,1.1410496881580912e-05,0,0,3,3,4,3,4,3,1,1,1,1
5,22,14,1.7611815565032884e-05,0,0,3,3,4,3,4,3,1,1,1,1
5,22,16,3.6402013847691705e-07,0,0,3,3,4,3,4,3,1,1,1,1
5,22,18,2.7066411689702363e-07,0,0,3,3,4,3,4,3,1,1,1,1
5,22,21,9.788161747792401e-08,0,0,3,3,4,4,4,4,1,1,1,1
5,22,23,1.973693883883243e-07,0,0,3,3,4,4,4,4,1,1,1,1
5,22,25,0.0001518517965450883,0,0,3,3,4,5,4,5,1,1,1,1
5,22,28,0.00018612421990837902,0,0,3,3,4,5,4,5,1,1,1,1
5,22,30,7.606421149830567e-06,0,0,3,3,4,5,4,5,1,1,1,1
5,22,33,4.739424184663221e-06,0,0,3,4,4,3,4,3,1,1,1,1
5,22,36,0.0008665004279464483,0,0,3,5,4,1,4,1,1,2,1,2
5,22,37,0.0075973523780703545,0,0,3,5,4,2,4,2,1,2,1,2
5,22,38,0.012867760844528675,0,0,3,5,4,3,4,3,1,2,1,2
5,22,39,0.00015116854046937078,0,0,3,5,4,4,4,4,1,2,1,2
5,22,40,0.9780275225639343,0,0,3,5,4,5,4,5,1,2,1,2
5,22,45,8.212277316488326e-05,0,1,3,6,4,5,4,5,1,1,1,5
5,24,1,5.510232767846901e-06,0,0,3,3,4,1,4,1,1,1,1,1
5,24,2,8.184232683561277e-06,0,0,3,3,4,1,4,1,1,1,1,1
5,24,4,1.4540883057634346e-06,0,0,3,3,4,1,4,1,1,1,1,1
5,24,7,7.700435133983774e-08,0,0,3,3,4,2,4,2,1,1,1,1
5,24,8,2.3782795324223116e-06,0,0,3,3,4,2,4,2,1,1,1,1
5,24,9,3.0253140721470118e-06,0,0,3,3,4,2,4,2,1,1,1,1
5,24,10,4.2439418734829815e-07,0,0,3,3,4,2,4,2,1,1,1,1
5,24,11,1.1598607670748606e-05,0,0,3,3,4,2,4,2,1,1,1,1
5,24,13,1.4271930922404863e-05,0,0,3,3,4,3,4,3,1,1,1,1
5,24,14,2.200796006945893e-05,0,0,3,3,4,3,4,3,1,1,1,1
5,24,16,2.4225028028013185e-07,0,0,3,3,4,3,4,3,1,1,1,1
5,24,18,4.7548437009936606e-07,0,0,3,3,4,3,4,3,1,1,1,1
5,24,21,7.812759861280938e-08,0,0,3,3,4,4,4,4,1,1,1,1
5,24,23,1.677178715908667e-07,0,0,3,3,4,4,4,4,1,1,1,1
5,24,25,6.683218089165166e-05,0,0,3,3,4,5,4,5,1,1,1,1
5,24,28,0.00034785998286679387,0,0,3,3,4,5,4,5,1,1,1,1
5,24,30,7.791175448801368e-06,0,0,3,3,4,5,4,5,1,1,1,1
5,24,33,7.686968274356332e-06,0,0,3,4,4,3,4,3,1,1,1,1
5,24,36,0.0026972403284162283,0,0,3,5,4,1,4,1,1,2,1,2
5,24,37,0.0047753495164215565,0,0,3,5,4,2,4,2,1,2,1,2
5,24,38,0.026897625997662544,0,0,3,5,4,3,4,3,1,2,1,2
5,24,39,0.0001345562923233956,0,0,3,5,4,4,4,4,1,2,1,2
5,24,40,0.9649718999862671,0,0,3,5,4,5,4,5,1,2,1,2
5,24,45,2.3487502403440885e-05,0,1,3,6,4,5,4,5,1,1,1,5
5,26,1,0.02678147703409195,0,0,3,3,5,1,5,1,1,1,1,1
5,26,2,0.6781534552574158,0,0,3,3,5,1,5,1,1,1,1,1
5,26,4,0.006631557364016771,0,0,3,3,5,1,5,1,1,1,1,1
5,26,7,2.0491341274464503e-05,0,0,3,3,5,2,5,2,1,1,1,1
5,26,8,0.000602853309828788,0,0,3,3,5,2,5,2,1,1,1,1
5,26,9,0.00262454547919333,0,0,3,3,5,2,5,2,1,1,1,1
5,26,10,0.00046301938709802926,0,0,3,3,5,2,5,2,1,1,1,1
5,26,11,0.000884333741851151,0,0,3,3,5,2,5,2,1,1,1,1
5,26,13,0.00015370566688943654,0,0,3,3,5,3,5,3,1,1,1,1
5,26,14,0.002386515960097313,0,0,3,3,5,3,5,3,1,1,1,1
5,26,16,0.00018456767429597676,0,0,3,3,5,3,5,3,1,1,1,1
5,26,18,0.0005307807005010545,0,0,3,3,5,3,5,3,1,1,1,1
5,26,21,0.0007137301727198064,0,0,3,3,5,4,5,4,1,1,1,1
5,26,23,0.004023348446935415,0,0,3,3,5,4,5,4,1,1,1,1
5,26,25,0.01060773991048336,0,0,3,3,5,5,5,5,1,1,1,1
5,26,28,0.14939308166503906,0,0,3,3,5,5,5,5,1,1,1,1
5,26,30,0.0022682123817503452,0,0,3,3,5,5,5,5,1,1,1,1
5,26,33,0.001527444925159216,0,0,3,4,5,3,5,3,1,1,1,1
5,26,36,0.00904208142310381,0,0,3,5,5,1,5,1,1,2,1,2
5,26,37,0.000602171232458204,0,0,3,5,5,2,5,2,1,2,1,2
5,26,38,0.0012669827556237578,0,0,3,5,5,3,5,3,1,2,1,2
5,26,39,0.0021541104651987553,0,0,3,5,5,4,5,4,1,2,1,2
5,26,40,0.09801985323429108,0,0,3,5,5,5,5,5,1,2,1,2
5,26,45,0.000964005826972425,0,1,3,6,5,5,5,5,1,1,1,5
5,27,1,0.00301698362454772,0,0,3,3,5,1,5,1,1,1,1,1
5,27,2,0.02948460914194584,0,0,3,3,5,1,5,1,1,1,1,1
5,27,4,0.0011079325340688229,0,0,3,3,5,1,5,1,1,1,1,1
5,27,7,3.506465145619586e-05,0,0,3,3,5,2,5,2,1,1,1,1
5,27,8,0.0004121252859476954,0,0,3,3,5,2,5,2,1,1,1,1
5,27,9,0.0011794660240411758,0,0,3,3,5,2,5,2,1,1,1,1
5,27,10,0.00032035220647230744,0,0,3,3,5,2,5,2,1,1,1,1
5,27,11,0.00048497458919882774,0,0,3,3,5,2,5,2,1,1,1,1
5,27,13,0.00011058001109631732,0,0,3,3,5,3,5,3,1,1,1,1
5,27,14,0.00033477210672572255,0,0,3,3,5,3,5,3,1,1,1,1
5,27,16,4.001465276814997e-05,0,0,3,3,5,3,5,3,1,1,1,1
5,27,18,5.502791464095935e-05,0,0,3,3,5,3,5,3,1,1,1,1
5,27,21,0.00014322185597848147,0,0,3,3,5,4,5,4,1,1,1,1
5,27,23,0.00035966423456557095,0,0,3,3,5,4,5,4,1,1,1,1
5,27,25,0.013204194605350494,0,0,3,3,5,5,5,5,1,1,1,1
5,27,28,0.061905477195978165,0,0,3,3,5,5,5,5,1,1,1,1
5,27,30,0.0014550345949828625,0,0,3,3,5,5,5,5,1,1,1,1
5,27,33,0.00019030192925129086,0,0,3,4,5,3,5,3,1,1,1,1
5,27,36,0.023090187460184097,0,0,3,5,5,1,5,1,1,2,1,2
5,27,37,0.010080700740218163,0,0,3,5,5,2,5,2,1,2,1,2
5,27,38,0.005351556930691004,0,0,3,5,5,3,5,3,1,2,1,2
5,27,39,0.0036526464391499758,0,0,3,5,5,4,5,4,1,2,1,2
5,27,40,0.8351266384124756,0,0,3,5,5,5,5,5,1,2,1,2
5,27,45,0.008858393877744675,0,1,3,6,5,5,5,5,1,1,1,5
5,29,1,0.005037261173129082,0,0,3,3,5,1,5,1,1,1,1,1
5,29,2,0.08344285935163498,0,0,3,3,5,1,5,1,1,1,1,1
5,29,4,0.0025936360470950603,0,0,3,3,5,1,5,1,1,1,1,1
5,29,7,0.0005284908693283796,0,0,3,3,5,2,5,2,1,1,1,1
5,29,8,0.0019282293505966663,0,0,3,3,5,2,5,2,1,1,1,1
5,29,9,0.009580034762620926,0,0,3,3,5,2,5,2,1,1,1,1
5,29,10,0.0012779317330569029,0,0,3,3,5,2,5,2,1,1,1,1
5,29,11,0.0030851420015096664,0,0,3,3,5,2,5,2,1,1,1,1
5,29,13,0.0014921871479600668,0,0,3,3,5,3,5,3,1,1,1,1
5,29,14,0.002503276104107499,0,0,3,3,5,3,5,3,1,1,1,1
5,29,16,0.0006882115849293768,0,0,3,3,5,3,5,3,1,1,1,1
5,29,18,0.0010335613042116165,0,0,3,3,5,3,5,3,1,1,1,1
5,29,21,0.0007153329206630588,0,0,3,3,5,4,5,4,1,1,1,1
5,29,23,0.002107677049934864,0,0,3,3,5,4,5,4,1,1,1,1
5,29,25,0.0990922823548317,0,0,3,3,5,5,5,5,1,1,1,1
5,29,28,0.10603148490190506,0,0,3,3,5,5,5,5,1,1,1,1
5,29,30,0.005824680905789137,0,0,3,3,5,5,5,5,1,1,1,1
5,29,33,0.0020179273560643196,0,0,3,4,5,3,5,3,1,1,1,1
5,29,36,0.023716190829873085,0,0,3,5,5,1,5,1,1,2,1,2
5,29,37,0.02929059788584709,0,0,3,5,5,2,5,2,1,2,1,2
5,29,38,0.010950467549264431,0,0,3,5,5,3,5,3,1,2,1,2
5,29,39,0.015675894916057587,0,0,3,5,5,4,5,4,1,2,1,2
5,29,40,0.5477039217948914,0,0,3,5,5,5,5,5,1,2,1,2
5,29,45,0.04368280619382858,0,1,3,6,5,5,5,5,1,1,1,5
5,31,1,0.00233699893578887,0,0,4,3,1,1,1,1,1,1,1,1
5,31,2,0.01161425281316042,0,0,4,3,1,1,1,1,1,1,1,1
5,31,4,0.0002648303925525397,0,0,4,3,1,1,1,1,1,1,1,1
5,31,7,2.2468564566224813e-05,0,0,4,3,1,2,1,2,1,1,1,1
5,31,8,0.0002326737012481317,0,0,4,3,1,2,1,2,1,1,1,1
5,31,9,0.000770347542129457,0,0,4,3,1,2,1,2,1,1,1,1
5,31,10,0.00015576208534184843,0,0,4,3,1,2,1,2,1,1,1,1
5,31,11,0.0004120410594623536,0,0,4,3,1,2,1,2,1,1,1,1
5,31,13,0.00016932662401814014,0,0,4,3,1,3,1,3,1,1,1,1
5,31,14,0.000813942460808903,0,0,4,3,1,3,1,3,1,1,1,1
5,31,16,4.744152829516679e-05,0,0,4,3,1,3,1,3,1,1,1,1
5,31,18,0.00013390198000706732,0,0,4,3,1,3,1,3,1,1,1,1
5,31,21,8.266542863566428e-05,0,0,4,3,1,4,1,4,1,1,1,1
5,31,23,0.00020313057757448405,0,0,4,3,1,4,1,4,1,1,1,1
5,31,25,0.012806049548089504,0,0,4,3,1,5,1,5,1,1,1,1
5,31,28,0.04613286256790161,0,0,4,3,1,5,1,5,1,1,1,1
5,31,30,0.0009063463076017797,0,0,4,3,1,5,1,5,1,1,1,1
5,31,33,0.00025155447656288743,0,0,4,4,1,3,1,3,1,1,1,1
5,31,36,0.017305366694927216,0,0,4,5,1,1,1,1,1,2,1,2
5,31,37,0.006230495870113373,0,0,4,5,1,2,1,2,1,2,1,2
5,31,38,0.009009089320898056,0,0,4,5,1,3,1,3,1,2,1,2
5,31,39,0.005180950742214918,0,0,4,5,1,4,1,4,1,2,1,2
5,31,40,0.8728200793266296,0,0,4,5,1,5,1,5,1,2,1,2
5,31,45,0.012098333798348904,0,1,4,6,1,5,1,5,1,1,1,5
5,32,1,0.0012136164586991072,0,0,4,3,2,1,2,1,1,1,1,1
5,32,2,0.001709574367851019,0,0,4,3,2,1,2,1,1,1,1,1
5,32,4,0.0007486737449653447,0,0,4,3,2,1,2,1,1,1,1,1
5,32,7,0.000609971524681896,0,0,4,3,2,2,2,2,1,1,1,1
5,32,8,0.0008942572749219835,0,0,4,3,2,2,2,2,1,1,1,1
5,32,9,0.0030875341035425663,0,0,4,3,2,2,2,2,1,1,1,1
5,32,10,0.0010227400343865156,0,0,4,3,2,2,2,2,1,1,1,1
5,32,11,0.0026611394714564085,0,0,4,3,2,2,2,2,1,1,1,1
5,32,13,0.0001746899652061984,0,0,4,3,2,3,2,3,1,1,1,1
5,32,14,3.726926661329344e-05,0,0,4,3,2,3,2,3,1,1,1,1
5,32,16,1.6072050129878335e-05,0,0,4,3,2,3,2,3,1,1,1,1
5,32,18,2.222143484686967e-05,0,0,4,3,2,3,2,3,1,1,1,1
5,32,21,8.567501936340705e-05,0,0,4,3,2,4,2,4,1,1,1,1
5,32,23,7.689804624533281e-05,0,0,4,3,2,4,2,4,1,1,1,1
5,32,25,0.015967467799782753,0,0,4,3,2,5,2,5,1,1,1,1
5,32,28,0.03284340724349022,0,0,4,3,2,5,2,5,1,1,1,1
5,32,30,0.002307615242898464,0,0,4,3,2,5,2,5,1,1,1,1
5,32,33,8.464758866466582e-05,0,0,4,4,2,3,2,3,1,1,1,1
5,32,36,0.10845357179641724,0,0,4,5,2,1,2,1,1,2,1,2
5,32,37,0.15657703578472137,0,0,4,5,2,2,2,2,1,2,1,2
5,32,38,0.0070540644228458405,0,0,4,5,2,3,2,3,1,2,1,2
5,32,39,0.0042946734465658665,0,0,4,5,2,4,2,4,1,2,1,2
5,32,40,0.6389021873474121,0,0,4,5,2,5,2,5,1,2,1,2
5,32,45,0.02115539088845253,0,1,4,6,2,5,2,5,1,1,1,5
5,34,1,7.389564302684448e-07,0,0,4,3,4,1,4,1,1,1,1,1
5,34,2,3.6987755720474524e-06,0,0,4,3,4,1,4,1,1,1,1,1
5,34,4,5.192577532397991e-07,0,0,4,3,4,1,4,1,1,1,1,1
5,34,7,1.023008309175566e-07,0,0,4,3,4,2,4,2,1,1,1,1
5,34,8,1.7159442222691723e-06,0,0,4,3,4,2,4,2,1,1,1,1
5,34,9,1.707610067569476e-06,0,0,4,3,4,2,4,2,1,1,1,1
5,34,10,2.528442450966395e-07,0,0,4,3,4,2,4,2,1,1,1,1
5,34,11,5.799443442811025e-06,0,0,4,3,4,2,4,2,1,1,1,1
5,34,13,6.852802016510395e-06,0,0,4,3,4,3,4,3,1,1,1,1
5,34,14,8.094970326055773e-06,0,0,4,3,4,3,4,3,1,1,1,1
5,34,16,1.8140836743896216e-07,0,0,4,3,4,3,4,3,1,1,1,1
5,34,18,2.0204085160457907e-07,0,0,4,3,4,3,4,3,1,1,1,1
5,34,21,3.052326391639326e-08,0,0,4,3,4,4,4,4,1,1,1,1
5,34,23,6.642475369744716e-08,0,0,4,3,4,4,4,4,1,1,1,1
5,34,25,8.856655040290207e-05,0,0,4,3,4,5,4,5,1,1,1,1
5,34,28,0.00011244505003560334,0,0,4,3,4,5,4,5,1,1,1,1
5,34,30,3.172282731611631e-06,0,0,4,3,4,5,4,5,1,1,1,1
5,34,33,4.313224053476006e-06,0,0,4,4,4,3,4,3,1,1,1,1
5,34,36,0.0014608970377594233,0,0,4,5,4,1,4,1,1,2,1,2
5,34,37,0.011440357193350792,0,0,4,5,4,2,4,2,1,2,1,2
5,34,38,0.016212409362196922,0,0,4,5,4,3,4,3,1,2,1,2
5,34,39,0.000178558737388812,0,0,4,5,4,4,4,4,1,2,1,2
5,34,40,0.9704324007034302,0,0,4,5,4,5,4,5,1,2,1,2
5,34,45,3.698758882819675e-05,0,1,4,6,4,5,4,5,1,1,1,5
5,35,1,0.003158933948725462,0,0,4,3,5,1,5,1,1,1,1,1
5,35,2,0.030398834496736526,0,0,4,3,5,1,5,1,1,1,1,1
5,35,4,0.001444213674403727,0,0,4,3,5,1,5,1,1,1,1,1
5,35,7,5.9796493587782606e-05,0,0,4,3,5,2,5,2,1,1,1,1
5,35,8,0.0007245638989843428,0,0,4,3,5,2,5,2,1,1,1,1
5,35,9,0.0019341373117640615,0,0,4,3,5,2,5,2,1,1,1,1
5,35,10,0.00021295621991157532,0,0,4,3,5,2,5,2,1,1,1,1
5,35,11,0.0004182395350653678,0,0,4,3,5,2,5,2,1,1,1,1
5,35,13,7.64409705880098e-05,0,0,4,3,5,3,5,3,1,1,1,1
5,35,14,0.0002582925371825695,0,0,4,3,5,3,5,3,1,1,1,1
5,35,16,2.2138165149954148e-05,0,0,4,3,5,3,5,3,1,1,1,1
5,35,18,3.2835152524057776e-05,0,0,4,3,5,3,5,3,1,1,1,1
5,35,21,9.8032622190658e-05,0,0,4,3,5,4,5,4,1,1,1,1
5,35,23,0.0002698207972571254,0,0,4,3,5,4,5,4,1,1,1,1
5,35,25,0.044398821890354156,0,0,4,3,5,5,5,5,1,1,1,1
5,35,28,0.08971354365348816,0,0,4,3,5,5,5,5,1,1,1,1
5,35,30,0.002500509610399604,0,0,4,3,5,5,5,5,1,1,1,1
5,35,33,0.00013207770825829357,0,0,4,4,5,3,5,3,1,1,1,1
5,35,36,0.028630876913666725,0,0,4,5,5,1,5,1,1,2,1,2
5,35,37,0.009304897859692574,0,0,4,5,5,2,5,2,1,2,1,2
5,35,38,0.0017462860560044646,0,0,4,5,5,3,5,3,1,2,1,2
5,35,39,0.0029068535659462214,0,0,4,5,5,4,5,4,1,2,1,2
5,35,40,0.7537540793418884,0,0,4,5,5,5,5,5,1,2,1,2
5,35,45,0.02780296839773655,0,1,4,6,5,5,5,5,1,1,1,5
5,41,1,0.0009635428432375193,1,0,6,3,1,1,1,1,1,1,5,1
5,41,2,0.0008623044122941792,1,0,6,3,1,1,1,1,1,1,5,1
5,41,4,0.002441861666738987,1,0,6,3,1,1,1,1,1,1,5,1
5,41,7,0.00031354365637525916,1,0,6,3,1,2,1,2,1,1,5,1
5,41,8,0.0026047970168292522,1,0,6,3,1,2,1,2,1,1,5,1
5,41,9,0.0018100235611200333,1,0,6,3,1,2,1,2,1,1,5,1
5,41,10,0.0006369303446263075,1,0,6,3,1,2,1,2,1,1,5,1
5,41,11,0.002197314752265811,1,0,6,3,1,2,1,2,1,1,5,1
5,41,13,0.0014785390812903643,1,0,6,3,1,3,1,3,1,1,5,1
5,41,14,0.004226323217153549,1,0,6,3,1,3,1,3,1,1,5,1
5,41,16,0.00012059848086209968,1,0,6,3,1,3,1,3,1,1,5,1
5,41,18,0.0005399931687861681,1,0,6,3,1,3,1,3,1,1,5,1
5,41,21,7.804227061569691e-05,1,0,6,3,1,4,1,4,1,1,5,1
5,41,23,0.00014630990335717797,1,0,6,3,1,4,1,4,1,1,5,1
5,41,25,0.002261567860841751,1,0,6,3,1,5,1,5,1,1,5,1
5,41,28,0.0058914790861308575,1,0,6,3,1,5,1,5,1,1,5,1
5,41,30,0.0009429370402358472,1,0,6,3,1,5,1,5,1,1,5,1
5,41,33,0.0021167013328522444,1,0,6,4,1,3,1,3,1,1,5,1
5,41,36,0.11261368542909622,1,0,6,5,1,1,1,1,1,2,5,2
5,41,37,0.11442797631025314,1,0,6,5,1,2,1,2,1,2,5,2
5,41,38,0.059325866401195526,1,0,6,5,1,3,1,3,1,2,5,2
5,41,39,0.012483528815209866,1,0,6,5,1,4,1,4,1,2,5,2
5,41,40,0.6702751517295837,1,0,6,5,1,5,1,5,1,2,5,2
5,41,45,0.0012407011818140745,1,1,6,6,1,5,1,5,1,1,5,5
5,42,1,6.215042958501726e-06,1,0,6,3,2,1,2,1,1,1,5,1
5,42,2,1.1669897503452376e-05,1,0,6,3,2,1,2,1,1,1,5,1
5,42,4,0.00010339287109673023,1,0,6,3,2,1,2,1,1,1,5,1
5,42,7,0.002968840766698122,1,0,6,3,2,2,2,2,1,1,5,1
5,42,8,0.0009704252588562667,1,0,6,3,2,2,2,2,1,1,5,1
5,42,9,0.0007185615249909461,1,0,6,3,2,2,2,2,1,1,5,1
5,42,10,0.0007753049139864743,1,0,6,3,2,2,2,2,1,1,5,1
5,42,11,0.0024398337118327618,1,0,6,3,2,2,2,2,1,1,5,1
5,42,13,0.0003013191744685173,1,0,6,3,2,3,2,3,1,1,5,1
5,42,14,2.6027384592453018e-05,1,0,6,3,2,3,2,3,1,1,5,1
5,42,16,2.1732279492425732e-05,1,0,6,3,2,3,2,3,1,1,5,1
5,42,18,3.236781049054116e-05,1,0,6,3,2,3,2,3,1,1,5,1
5,42,21,6.486296115326695e-06,1,0,6,3,2,4,2,4,1,1,5,1
5,42,23,3.3260319014516426e-06,1,0,6,3,2,4,2,4,1,1,5,1
5,42,25,0.00021590614051092416,1,0,6,3,2,5,2,5,1,1,5,1
5,42,28,3.448981806286611e-05,1,0,6,3,2,5,2,5,1,1,5,1
5,42,30,5.111535938340239e-05,1,0,6,3,2,5,2,5,1,1,5,1
5,42,33,0.00024436827516183257,1,0,6,4,2,3,2,3,1,1,5,1
5,42,36,0.013214041478931904,1,0,6,5,2,1,2,1,1,2,5,2
5,42,37,0.9501397013664246,1,0,6,5,2,2,2,2,1,2,5,2
5,42,38,0.01055966503918171,1,0,6,5,2,3,2,3,1,2,5,2
5,42,39,0.0028736076783388853,1,0,6,5,2,4,2,4,1,2,5,2
5,42,40,0.014179599471390247,1,0,6,5,2,5,2,5,1,2,5,2
5,42,45,0.00010204442514805123,1,1,6,6,2,5,2,5,1,1,5,5
5,43,1,0.000787936442065984,1,0,6,3,3,1,3,1,1,1,5,1
5,43,2,0.00022733556397724897,1,0,6,3,3,1,3,1,1,1,5,1
5,43,4,0.003504345891997218,1,0,6,3,3,1,3,1,1,1,5,1
5,43,7,0.0008469543536193669,1,0,6,3,3,2,3,2,1,1,5,1
5,43,8,0.0014734069118276238,1,0,6,3,3,2,3,2,1,1,5,1
5,43,9,0.000692830013576895,1,0,6,3,3,2,3,2,1,1,5,1
5,43,10,0.0009381971904076636,1,0,6,3,3,2,3,2,1,1,5,1
5,43,11,0.005739425774663687,1,0,6,3,3,2,3,2,1,1,5,1
5,43,13,0.047776054590940475,1,0,6,3,3,3,3,3,1,1,5,1
5,43,14,0.011994833126664162,1,0,6,3,3,3,3,3,1,1,5,1
5,43,16,0.0047185043804347515,1,0,6,3,3,3,3,3,1,1,5,1
5,43,18,0.0033244015648961067,1,0,6,3,3,3,3,3,1,1,5,1
5,43,21,0.00025901218759827316,1,0,6,3,3,4,3,4,1,1,5,1
5,43,23,0.00018813289352692664,1,0,6,3,3,4,3,4,1,1,5,1
5,43,25,0.0002557466796133667,1,0,6,3,3,5,3,5,1,1,5,1
5,43,28,0.0002326164103578776,1,0,6,3,3,5,3,5,1,1,5,1
5,43,30,0.0007480407948605716,1,0,6,3,3,5,3,5,1,1,5,1
5,43,33,0.01708635687828064,1,0,6,4,3,3,3,3,1,1,5,1
5,43,36,0.022585468366742134,1,0,6,5,3,1,3,1,1,2,5,2
5,43,37,0.07822888344526291,1,0,6,5,3,2,3,2,1,2,5,2
5,43,38,0.7741925716400146,1,0,6,5,3,3,3,3,1,2,5,2
5,43,39,0.003313666209578514,1,0,6,5,3,4,3,4,1,2,5,2
5,43,40,0.020832279697060585,1,0,6,5,3,5,3,5,1,2,5,2
5,43,45,5.267186861601658e-05,1,1,6,6,3,5,3,5,1,1,5,5
5,44,1,4.248776974691282e-07,1,0,6,3,4,1,4,1,1,1,5,1
5,44,2,1.3857592193744495e-06,1,0,6,3,4,1,4,1,1,1,5,1
5,44,4,2.18175478039484e-06,1,0,6,3,4,1,4,1,1,1,5,1
5,44,7,8.481246140945586e-07,1,0,6,3,4,2,4,2,1,1,5,1
5,44,8,6.597447736567119e-06,1,0,6,3,4,2,4,2,1,1,5,1
5,44,9,3.4438719467289047e-06,1,0,6,3,4,2,4,2,1,1,5,1
5,44,10,6.071310849620204e-07,1,0,6,3,4,2,4,2,1,1,5,1
5,44,11,2.7833651984110475e-05,1,0,6,3,4,2,4,2,1,1,5,1
5,44,13,0.00016025172953959554,1,0,6,3,4,3,4,3,1,1,5,1
5,44,14,7.557223580079153e-05,1,0,6,3,4,3,4,3,1,1,5,1
5,44,16,3.004380005222629e-06,1,0,6,3,4,3,4,3,1,1,5,1
5,44,18,2.8604681574506685e-06,1,0,6,3,4,3,4,3,1,1,5,1
5,44,21,9.829528835325618e-08,1,0,6,3,4,4,4,4,1,1,5,1
5,44,23,1.9437865717009117e-07,1,0,6,3,4,4,4,4,1,1,5,1
5,44,25,7.500612991861999e-05,1,0,6,3,4,5,4,5,1,1,5,1
5,44,28,5.241428152658045e-05,1,0,6,3,4,5,4,5,1,1,5,1
5,44,30,6.291479621722829e-06,1,0,6,3,4,5,4,5,1,1,5,1
5,44,33,7.188905874500051e-05,1,0,6,4,4,3,4,3,1,1,5,1
5,44,36,0.002802651608362794,1,0,6,5,4,1,4,1,1,2,5,2
5,44,37,0.060563068836927414,1,0,6,5,4,2,4,2,1,2,5,2
5,44,38,0.18799446523189545,1,0,6,5,4,3,4,3,1,2,5,2
5,44,39,0.0005449115415103734,1,0,6,5,4,4,4,4,1,2,5,2
5,44,40,0.7475814819335938,1,0,6,5,4,5,4,5,1,2,5,2
5,44,45,2.263446913275402e-05,1,1,6,6,4,5,4,5,1,1,5,5
5,46,1,0.025743944570422173,2,0,7,3,0,1,0,1,0,1,4,1
5,46,2,0.01420343853533268,2,0,7,3,0,1,0,1,0,1,4,1
5,46,4,0.9252539873123169,2,0,7,3,0,1,0,1,0,1,4,1
5,46,7,0.00027087421040050685,2,0,7,3,0,2,0,2,0,1,4,1
5,46,8,0.00026608657208271325,2,0,7,3,0,2,0,2,0,1,4,1
5,46,9,0.00033057405380532146,2,0,7,3,0,2,0,2,0,1,4,1
5,46,10,0.00028070530970580876,2,0,7,3,0,2,0,2,0,1,4,1
5,46,11,0.0005879407399334013,2,0,7,3,0,2,0,2,0,1,4,1
5,46,13,0.0003792651987168938,2,0,7,3,0,3,0,3,0,1,4,1
5,46,14,0.0002696900919545442,2,0,7,3,0,3,0,3,0,1,4,1
5,46,16,0.001601274125277996,2,0,7,3,0,3,0,3,0,1,4,1
5,46,18,0.0008319533662870526,2,0,7,3,0,3,0,3,0,1,4,1
5,46,21,0.008237929083406925,2,0,7,3,0,4,0,4,0,1,4,1
5,46,23,0.006307241506874561,2,0,7,3,0,4,0,4,0,1,4,1
5,46,25,0.00022652769985143095,2,0,7,3,0,5,0,5,0,1,4,1
5,46,28,0.0015474454266950488,2,0,7,3,0,5,0,5,0,1,4,1
5,46,30,0.004711649846285582,2,0,7,3,0,5,0,5,0,1,4,1
5,46,33,0.0022079776972532272,2,0,7,4,0,3,0,3,0,1,4,1
5,46,36,0.006116906646639109,2,0,7,5,0,1,0,1,0,2,4,2
5,46,37,5.4064166761236265e-05,2,0,7,5,0,2,0,2,0,2,4,2
5,46,38,0.00012424199667293578,2,0,7,5,0,3,0,3,0,2,4,2
5,46,39,0.0003786104789469391,2,0,7,5,0,4,0,4,0,2,4,2
5,46,40,3.6729787098011e-05,2,0,7,5,0,5,0,5,0,2,4,2
5,46,45,3.0294984753709286e-05,2,1,7,6,0,5,0,5,0,1,4,5
6,0,1,9.05693814274855e-05,0,0,1,3,0,1,0,1,2,1,4,1
6,0,3,2.4402052076766267e-05,0,0,1,3,0,1,0,1,2,1,4,1
6,0,7,0.9667000770568848,0,0,1,3,0,2,0,2,2,1,4,1
6,0,13,0.0022498476319015026,0,0,1,3,0,3,0,3,2,1,4,1
6,0,15,0.00046533645945601165,0,0,1,3,0,3,0,3,2,1,4,1
6,0,16,0.004012140445411205,0,0,1,3,0,3,0,3,2,1,4,1
6,0,17,0.007120220456272364,0,0,1,3,0,3,0,3,2,1,4,1
6,0,20,0.0006891601951792836,0,0,1,3,0,4,0,4,2,1,4,1
6,0,25,0.001885065110400319,0,0,1,3,0,5,0,5,2,1,4,1
6,0,27,0.0015092178946360946,0,0,1,3,0,5,0,5,2,1,4,1
6,0,28,0.0016789360670372844,0,0,1,3,0,5,0,5,2,1,4,1
6,0,29,0.002400939119979739,0,0,1,3,0,5,0,5,2,1,4,1
6,0,30,0.0025074537843465805,0,0,1,3,0,5,0,5,2,1,4,1
6,0,31,5.6955061154440045e-05,0,0,1,4,0,1,0,1,2,1,4,1
6,0,33,0.0016576398629695177,0,0,1,4,0,3,0,3,2,1,4,1
6,0,36,2.843250967998756e-07,0,0,1,5,0,1,0,1,2,2,4,2
6,0,37,3.223262683604844e-05,0,0,1,5,0,2,0,2,2,2,4,2
6,0,39,3.7131003409740515e-06,0,0,1,5,0,4,0,4,2,2,4,2
6,0,40,1.0328157031835872e-06,0,0,1,5,0,5,0,5,2,2,4,2
6,0,41,5.9016394516220316e-05,0,1,1,6,0,1,0,1,2,1,4,5
6,0,42,0.0030963425524532795,0,1,1,6,0,2,0,2,2,1,4,5
6,0,43,0.003086620243266225,0,1,1,6,0,3,0,3,2,1,4,5
6,0,44,0.0006721751997247338,0,1,1,6,0,4,0,4,2,1,4,5
6,2,1,0.41675737500190735,0,0,3,3,1,1,1,1,1,1,1,1
6,2,3,0.09500394016504288,0,0,3,3,1,1,1,1,1,1,1,1
6,2,7,0.03389178216457367,0,0,3,3,1,2,1,2,1,1,1,1
6,2,13,0.0035593146458268166,0,0,3,3,1,3,1,3,1,1,1,1
6,2,15,0.005479832179844379,0,0,3,3,1,3,1,3,1,1,1,1
6,2,16,0.005645507015287876,0,0,3,3,1,3,1,3,1,1,1,1
6,2,17,0.011625138111412525,0,0,3,3,1,3,1,3,1,1,1,1
6,2,20,0.010875184088945389,0,0,3,3,1,4,1,4,1,1,1,1
6,2,25,0.02060927450656891,0,0,3,3,1,5,1,5,1,1,1,1
6,2,27,0.017477836459875107,0,0,3,3,1,5,1,5,1,1,1,1
6,2,28,0.009103319607675076,0,0,3,3,1,5,1,5,1,1,1,1
6,2,29,0.01000818982720375,0,0,3,3,1,5,1,5,1,1,1,1
6,2,30,0.020372020080685616,0,0,3,3,1,5,1,5,1,1,1,1
6,2,31,0.115833580493927,0,0,3,4,1,1,1,1,1,1,1,1
6,2,33,0.00516408821567893,0,0,3,4,1,3,1,3,1,1,1,1
6,2,36,0.07185035198926926,0,0,3,5,1,1,1,1,1,2,1,2
6,2,37,0.0032392162829637527,0,0,3,5,1,2,1,2,1,2,1,2
6,2,39,0.00956992618739605,0,0,3,5,1,4,1,4,1,2,1,2
6,2,40,0.04001469165086746,0,0,3,5,1,5,1,5,1,2,1,2
6,2,41,0.07742859423160553,0,1,3,6,1,1,1,1,1,1,1,5
6,2,42,0.008059048093855381,0,1,3,6,1,2,1,2,1,1,1,5
6,2,43,0.0030511566437780857,0,1,3,6,1,3,1,3,1,1,1,5
6,2,44,0.005380601622164249,0,1,3,6,1,4,1,4,1,1,1,5
6,4,1,0.1471337229013443,0,0,3,3,1,1,1,1,1,1,1,1
6,4,3,0.058732978999614716,0,0,3,3,1,1,1,1,1,1,1,1
6,4,7,0.001423132256604731,0,0,3,3,1,2,1,2,1,1,1,1
6,4,13,0.001639949856325984,0,0,3,3,1,3,1,3,1,1,1,1
6,4,15,0.004816744010895491,0,0,3,3,1,3,1,3,1,1,1,1
6,4,16,0.0010489539708942175,0,0,3,3,1,3,1,3,1,1,1,1
6,4,17,0.0033581529278308153,0,0,3,3,1,3,1,3,1,1,1,1
6,4,20,0.0031823322642594576,0,0,3,3,1,4,1,4,1,1,1,1
6,4,25,0.0025721124839037657,0,0,3,3,1,5,1,5,1,1,1,1
6,4,27,0.0013999062357470393,0,0,3,3,1,5,1,5,1,1,1,1
6,4,28,0.0018833762733265758,0,0,3,3,1,5,1,5,1,1,1,1
6,4,29,0.0009825153974816203,0,0,3,3,1,5,1,5,1,1,1,1
6,4,30,0.0008184128673747182,0,0,3,3,1,5,1,5,1,1,1,1
6,4,31,0.043097760528326035,0,0,3,4,1,1,1,1,1,1,1,1
6,4,33,0.0047674220986664295,0,0,3,4,1,3,1,3,1,1,1,1
6,4,36,0.6119957566261292,0,0,3,5,1,1,1,1,1,2,1,2
6,4,37,0.006056951358914375,0,0,3,5,1,2,1,2,1,2,1,2
6,4,39,0.03146158903837204,0,0,3,5,1,4,1,4,1,2,1,2
6,4,40,0.045425236225128174,0,0,3,5,1,5,1,5,1,2,1,2
6,4,41,0.01915866695344448,0,1,3,6,1,1,1,1,1,1,1,5
6,4,42,0.0031586606055498123,0,1,3,6,1,2,1,2,1,1,1,5
6,4,43,0.001467971713282168,0,1,3,6,1,3,1,3,1,1,1,5
6,4,44,0.004417230375111103,0,1,3,6,1,4,1,4,1,1,1,5
6,5,1,0.31726619601249695,0,0,3,3,1,1,1,1,1,1,1,1
6,5,3,0.13388849794864655,0,0,3,3,1,1,1,1,1,1,1,1
6,5,7,0.10464778542518616,0,0,3,3,1,2,1,2,1,1,1,1
6,5,13,0.01712382584810257,0,0,3,3,1,3,1,3,1,1,1,1
6,5,15,0.019519835710525513,0,0,3,3,1,3,1,3,1,1,1,1
6,5,16,0.015210027806460857,0,0,3,3,1,3,1,3,1,1,1,1
6,5,17,0.05221971124410629,0,0,3,3,1,3,1,3,1,1,1,1
6,5,20,0.010061648674309254,0,0,3,3,1,4,1,4,1,1,1,1
6,5,25,0.023945393040776253,0,0,3,3,1,5,1,5,1,1,1,1
6,5,27,0.01668773777782917,0,0,3,3,1,5,1,5,1,1,1,1
6,5,28,0.009279608726501465,0,0,3,3,1,5,1,5,1,1,1,1
6,5,29,0.011305447667837143,0,0,3,3,1,5,1,5,1,1,1,1
6,5,30,0.007639718241989613,0,0,3,3,1,5,1,5,1,1,1,1
6,5,31,0.07774695008993149,0,0,3,4,1,1,1,1,1,1,1,1
6,5,33,0.01975058764219284,0,0,3,4,1,3,1,3,1,1,1,1
6,5,36,0.0927523821592331,0,0,3,5,1,1,1,1,1,2,1,2
6,5,37,0.004212744999676943,0,0,3,5,1,2,1,2,1,2,1,2
6,5,39,0.005184584762901068,0,0,3,5,1,4,1,4,1,2,1,2
6,5,40,0.01464124396443367,0,0,3,5,1,5,1,5,1,2,1,2
6,5,41,0.027534129098057747,0,1,3,6,1,1,1,1,1,1,1,5
6,5,42,0.010878480039536953,0,1,3,6,1,2,1,2,1,1,1,5
6,5,43,0.004391257185488939,0,1,3,6,1,3,1,3,1,1,1,5
6,5,44,0.0041120597161352634,0,1,3,6,1,4,1,4,1,1,1,5
6,6,1,0.1528114676475525,0,0,3,3,1,1,1,1,1,1,1,1
6,6,3,0.040308739989995956,0,0,3,3,1,1,1,1,1,1,1,1
6,6,7,0.04966089129447937,0,0,3,3,1,2,1,2,1,1,1,1
6,6,13,0.02351485751569271,0,0,3,3,1,3,1,3,1,1,1,1
6,6,15,0.03445827588438988,0,0,3,3,1,3,1,3,1,1,1,1
6,6,16,0.01662340946495533,0,0,3,3,1,3,1,3,1,1,1,1
6,6,17,0.04214741289615631,0,0,3,3,1,3,1,3,1,1,1,1
6,6,20,0.019988983869552612,0,0,3,3,1,4,1,4,1,1,1,1
6,6,25,0.040000785142183304,0,0,3,3,1,5,1,5,1,1,1,1
6,6,27,0.015426750294864178,0,0,3,3,1,5,1,5,1,1,1,1
6,6,28,0.020970476791262627,0,0,3,3,1,5,1,5,1,1,1,1
6,6,29,0.01820950396358967,0,0,3,3,1,5,1,5,1,1,1,1
6,6,30,0.010114351287484169,0,0,3,3,1,5,1,5,1,1,1,1
6,6,31,0.08811867237091064,0,0,3,4,1,1,1,1,1,1,1,1
6,6,33,0.04623175039887428,0,0,3,4,1,3,1,3,1,1,1,1
6,6,36,0.09256389737129211,0,0,3,5,1,1,1,1,1,2,1,2
6,6,37,0.007687786128371954,0,0,3,5,1,2,1,2,1,2,1,2
6,6,39,0.039250168949365616,0,0,3,5,1,4,1,4,1,2,1,2
6,6,40,0.02174757607281208,0,0,3,5,1,5,1,5,1,2,1,2
6,6,41,0.07063248753547668,0,1,3,6,1,1,1,1,1,1,1,5
6,6,42,0.035807445645332336,0,1,3,6,1,2,1,2,1,1,1,5
6,6,43,0.03693273663520813,0,1,3,6,1,3,1,3,1,1,1,5
6,6,44,0.07679157704114914,0,1,3,6,1,4,1,4,1,1,1,5
6,8,1,0.014834771864116192,0,0,3,3,2,1,2,1,1,1,1,1
6,8,3,0.005372014828026295,0,0,3,3,2,1,2,1,1,1,1,1
6,8,7,0.0034360720310360193,0,0,3,3,2,2,2,2,1,1,1,1
6,8,13,0.027627333998680115,0,0,3,3,2,3,2,3,1,1,1,1
6,8,15,0.038501862436532974,0,0,3,3,2,3,2,3,1,1,1,1
6,8,16,0.007142840884625912,0,0,3,3,2,3,2,3,1,1,1,1
6,8,17,0.009131730534136295,0,0,3,3,2,3,2,3,1,1,1,1
6,8,20,0.011499011889100075,0,0,3,3,2,4,2,4,1,1,1,1
6,8,25,0.0019862446933984756,0,0,3,3,2,5,2,5,1,1,1,1
6,8,27,0.01652240753173828,0,0,3,3,2,5,2,5,1,1,1,1
6,8,28,0.01032343227416277,0,0,3,3,2,5,2,5,1,1,1,1
6,8,29,0.006384250707924366,0,0,3,3,2,5,2,5,1,1,1,1
6,8,30,0.0027816251385957003,0,0,3,3,2,5,2,5,1,1,1,1
6,8,31,0.01723133586347103,0,0,3,4,2,1,2,1,1,1,1,1
6,8,33,0.03870633617043495,0,0,3,4,2,3,2,3,1,1,1,1
6,8,36,0.09497559815645218,0,0,3,5,2,1,2,1,1,2,1,2
6,8,37,0.011517840437591076,0,0,3,5,2,2,2,2,1,2,1,2
6,8,39,0.06228165328502655,0,0,3,5,2,4,2,4,1,2,1,2
6,8,40,0.015935149043798447,0,0,3,5,2,5,2,5,1,2,1,2
6,8,41,0.057519569993019104,0,1,3,6,2,1,2,1,1,1,1,5
6,8,42,0.055972594767808914,0,1,3,6,2,2,2,2,1,1,1,5
6,8,43,0.2753113806247711,0,1,3,6,2,3,2,3,1,1,1,5
6,8,44,0.21500518918037415,0,1,3,6,2,4,2,4,1,1,1,5
6,9,1,0.0035859779454767704,0,0,3,3,2,1,2,1,1,1,1,1
6,9,3,0.0009624359663575888,0,0,3,3,2,1,2,1,1,1,1,1
6,9,7,0.006958726793527603,0,0,3,3,2,2,2,2,1,1,1,1
6,9,13,0.02743913233280182,0,0,3,3,2,3,2,3,1,1,1,1
6,9,15,0.03273984044790268,0,0,3,3,2,3,2,3,1,1,1,1
6,9,16,0.009463786147534847,0,0,3,3,2,3,2,3,1,1,1,1
6,9,17,0.01734953373670578,0,0,3,3,2,3,2,3,1,1,1,1
6,9,20,0.005234895274043083,0,0,3,3,2,4,2,4,1,1,1,1
6,9,25,0.0017949743196368217,0,0,3,3,2,5,2,5,1,1,1,1
6,9,27,0.007726397830992937,0,0,3,3,2,5,2,5,1,1,1,1
6,9,28,0.006898473482578993,0,0,3,3,2,5,2,5,1,1,1,1
6,9,29,0.005778726655989885,0,0,3,3,2,5,2,5,1,1,1,1
6,9,30,0.0012763896957039833,0,0,3,3,2,5,2,5,1,1,1,1
6,9,31,0.004210745915770531,0,0,3,4,2,1,2,1,1,1,1,1
6,9,33,0.040314000099897385,0,0,3,4,2,3,2,3,1,1,1,1
6,9,36,0.005202712025493383,0,0,3,5,2,1,2,1,1,2,1,2
6,9,37,0.0027455994859337807,0,0,3,5,2,2,2,2,1,2,1,2
6,9,39,0.0037926556542515755,0,0,3,5,2,4,2,4,1,2,1,2
6,9,40,0.0011628090869635344,0,0,3,5,2,5,2,5,1,2,1,2
6,9,41,0.029208216816186905,0,1,3,6,2,1,2,1,1,1,1,5
6,9,42,0.06560291349887848,0,1,3,6,2,2,2,2,1,1,1,5
6,9,43,0.5268895626068115,0,1,3,6,2,3,2,3,1,1,1,5
6,9,44,0.1936621218919754,0,1,3,6,2,4,2,4,1,1,1,5
6,10,1,0.016797909513115883,0,0,3,3,2,1,2,1,1,1,1,1
6,10,3,0.010046269744634628,0,0,3,3,2,1,2,1,1,1,1,1
6,10,7,0.0045537156984210014,0,0,3,3,2,2,2,2,1,1,1,1
6,10,13,0.017619092017412186,0,0,3,3,2,3,2,3,1,1,1,1
6,10,15,0.03052436001598835,0,0,3,3,2,3,2,3,1,1,1,1
6,10,16,0.005644420627504587,0,0,3,3,2,3,2,3,1,1,1,1
6,10,17,0.010554756969213486,0,0,3,3,2,3,2,3,1,1,1,1
6,10,20,0.011278537102043629,0,0,3,3,2,4,2,4,1,1,1,1
6,10,25,0.004511767067015171,0,0,3,3,2,5,2,5,1,1,1,1
6,10,27,0.014777135103940964,0,0,3,3,2,5,2,5,1,1,1,1
6,10,28,0.0073462799191474915,0,0,3,3,2,5,2,5,1,1,1,1
6,10,29,0.008704382926225662,0,0,3,3,2,5,2,5,1,1,1,1
6,10,30,0.002578401006758213,0,0,3,3,2,5,2,5,1,1,1,1
6,10,31,0.029366856440901756,0,0,3,4,2,1,2,1,1,1,1,1
6,10,33,0.029452983289957047,0,0,3,4,2,3,2,3,1,1,1,1
6,10,36,0.2517603635787964,0,0,3,5,2,1,2,1,1,2,1,2
6,10,37,0.019923077896237373,0,0,3,5,2,2,2,2,1,2,1,2
6,10,39,0.1571294665336609,0,0,3,5,2,4,2,4,1,2,1,2
6,10,40,0.031422700732946396,0,0,3,5,2,5,2,5,1,2,1,2
6,10,41,0.045384712517261505,0,1,3,6,2,1,2,1,1,1,1,5
6,10,42,0.031163470819592476,0,1,3,6,2,2,2,2,1,1,1,5
6,10,43,0.10361023992300034,0,1,3,6,2,3,2,3,1,1,1,5
6,10,44,0.15584899485111237,0,1,3,6,2,4,2,4,1,1,1,5
6,11,1,0.00614207936450839,0,0,3,3,2,1,2,1,1,1,1,1
6,11,3,0.0007327764760702848,0,0,3,3,2,1,2,1,1,1,1,1
6,11,7,0.08351881802082062,0,0,3,3,2,2,2,2,1,1,1,1
6,11,13,0.030687600374221802,0,0,3,3,2,3,2,3,1,1,1,1
6,11,15,0.028394393622875214,0,0,3,3,2,3,2,3,1,1,1,1
6,11,16,0.008997033350169659,0,0,3,3,2,3,2,3,1,1,1,1
6,11,17,0.01684662699699402,0,0,3,3,2,3,2,3,1,1,1,1
6,11,20,0.005860649980604649,0,0,3,3,2,4,2,4,1,1,1,1
6,11,25,0.003286936553195119,0,0,3,3,2,5,2,5,1,1,1,1
6,11,27,0.02138383686542511,0,0,3,3,2,5,2,5,1,1,1,1
6,11,28,0.007991909049451351,0,0,3,3,2,5,2,5,1,1,1,1
6,11,29,0.011829348281025887,0,0,3,3,2,5,2,5,1,1,1,1
6,11,30,0.0017119388794526458,0,0,3,3,2,5,2,5,1,1,1,1
6,11,31,0.004751674365252256,0,0,3,4,2,1,2,1,1,1,1,1
6,11,33,0.03697440028190613,0,0,3,4,2,3,2,3,1,1,1,1
6,11,36,0.0014418803621083498,0,0,3,5,2,1,2,1,1,2,1,2
6,11,37,0.0005197477294132113,0,0,3,5,2,2,2,2,1,2,1,2
6,11,39,0.003035785397514701,0,0,3,5,2,4,2,4,1,2,1,2
6,11,40,0.00032069534063339233,0,0,3,5,2,5,2,5,1,2,1,2
6,11,41,0.025950806215405464,0,1,3,6,2,1,2,1,1,1,1,5
6,11,42,0.06420736014842987,0,1,3,6,2,2,2,2,1,1,1,5
6,11,43,0.4315381348133087,0,1,3,6,2,3,2,3,1,1,1,5
6,11,44,0.2038753628730774,0,1,3,6,2,4,2,4,1,1,1,5
6,12,1,0.044979169964790344,0,0,3,3,2,1,2,1,1,1,1,1
6,12,3,0.005413010250777006,0,0,3,3,2,1,2,1,1,1,1,1
6,12,7,0.004056969657540321,0,0,3,3,2,2,2,2,1,1,1,1
6,12,13,0.01548796333372593,0,0,3,3,2,3,2,3,1,1,1,1
6,12,15,0.04229076951742172,0,0,3,3,2,3,2,3,1,1,1,1
6,12,16,0.011422124691307545,0,0,3,3,2,3,2,3,1,1,1,1
6,12,17,0.010469385422766209,0,0,3,3,2,3,2,3,1,1,1,1
6,12,20,0.02296716347336769,0,0,3,3,2,4,2,4,1,1,1,1
6,12,25,0.007991562597453594,0,0,3,3,2,5,2,5,1,1,1,1
6,12,27,0.028656503185629845,0,0,3,3,2,5,2,5,1,1,1,1
6,12,28,0.025539185851812363,0,0,3,3,2,5,2,5,1,1,1,1
6,12,29,0.01678548939526081,0,0,3,3,2,5,2,5,1,1,1,1
6,12,30,0.007951960898935795,0,0,3,3,2,5,2,5,1,1,1,1
6,12,31,0.0174353439360857,0,0,3,4,2,1,2,1,1,1,1,1
6,12,33,0.03213024511933327,0,0,3,4,2,3,2,3,1,1,1,1
6,12,36,0.038110874593257904,0,0,3,5,2,1,2,1,1,2,1,2
6,12,37,0.0034934442956000566,0,0,3,5,2,2,2,2,1,2,1,2
6,12,39,0.09531134366989136,0,0,3,5,2,4,2,4,1,2,1,2
6,12,40,0.018063299357891083,0,0,3,5,2,5,2,5,1,2,1,2
6,12,41,0.14786756038665771,0,1,3,6,2,1,2,1,1,1,1,5
6,12,42,0.02440374344587326,0,1,3,6,2,2,2,2,1,1,1,5
6,12,43,0.1356632262468338,0,1,3,6,2,3,2,3,1,1,1,5
6,12,44,0.243509903550148,0,1,3,6,2,4,2,4,1,1,1,5
6,14,1,0.004054124932736158,0,0,3,3,3,1,3,1,1,1,1,1
6,14,3,0.0027370976749807596,0,0,3,3,3,1,3,1,1,1,1,1
6,14,7,0.7192014455795288,0,0,3,3,3,2,3,2,1,1,1,1
6,14,13,0.028884414583444595,0,0,3,3,3,3,3,3,1,1,1,1
6,14,15,0.008991807699203491,0,0,3,3,3,3,3,3,1,1,1,1
6,14,16,0.021935684606432915,0,0,3,3,3,3,3,3,1,1,1,1
6,14,17,0.039095811545848846,0,0,3,3,3,3,3,3,1,1,1,1
6,14,20,0.007507470902055502,0,0,3,3,3,4,3,4,1,1,1,1
6,14,25,0.012728876434266567,0,0,3,3,3,5,3,5,1,1,1,1
6,14,27,0.022109288722276688,0,0,3,3,3,5,3,5,1,1,1,1
6,14,28,0.010522551834583282,0,0,3,3,3,5,3,5,1,1,1,1
6,14,29,0.021046683192253113,0,0,3,3,3,5,3,5,1,1,1,1
6,14,30,0.012836073525249958,0,0,3,3,3,5,3,5,1,1,1,1
6,14,31,0.003264543367549777,0,0,3,4,3,1,3,1,1,1,1,1
6,14,33,0.015118674375116825,0,0,3,4,3,3,3,3,1,1,1,1
6,14,36,0.0005625663907267153,0,0,3,5,3,1,3,1,1,2,1,2
6,14,37,0.004037357866764069,0,0,3,5,3,2,3,2,1,2,1,2
6,14,39,0.0008059310493990779,0,0,3,5,3,4,3,4,1,2,1,2
6,14,40,0.00044288032222539186,0,0,3,5,3,5,3,5,1,2,1,2
6,14,41,0.0017241864698007703,0,1,3,6,3,1,3,1,1,1,1,5
6,14,42,0.03679311275482178,0,1,3,6,3,2,3,2,1,1,1,5
6,14,43,0.015412835404276848,0,1,3,6,3,3,3,3,1,1,1,5
6,14,44,0.010186653584241867,0,1,3,6,3,4,3,4,1,1,1,5
6,18,1,0.028995515778660774,0,0,3,3,3,1,3,1,1,1,1,1
6,18,3,0.01962956227362156,0,0,3,3,3,1,3,1,1,1,1,1
6,18,7,0.47342124581336975,0,0,3,3,3,2,3,2,1,1,1,1
6,18,13,0.053323838859796524,0,0,3,3,3,3,3,3,1,1,1,1
6,18,15,0.020238054916262627,0,0,3,3,3,3,3,3,1,1,1,1
6,18,16,0.04100737348198891,0,0,3,3,3,3,3,3,1,1,1,1
6,18,17,0.07148468494415283,0,0,3,3,3,3,3,3,1,1,1,1
6,18,20,0.01768503338098526,0,0,3,3,3,4,3,4,1,1,1,1
6,18,25,0.014446376822888851,0,0,3,3,3,5,3,5,1,1,1,1
6,18,27,0.04415107145905495,0,0,3,3,3,5,3,5,1,1,1,1
6,18,28,0.02887406386435032,0,0,3,3,3,5,3,5,1,1,1,1
6,18,29,0.023561175912618637,0,0,3,3,3,5,3,5,1,1,1,1
6,18,30,0.025811154395341873,0,0,3,3,3,5,3,5,1,1,1,1
6,18,31,0.009221464395523071,0,0,3,4,3,1,3,1,1,1,1,1
6,18,33,0.028238095343112946,0,0,3,4,3,3,3,3,1,1,1,1
6,18,36,0.003941495902836323,0,0,3,5,3,1,3,1,1,2,1,2
6,18,37,0.01044896338135004,0,0,3,5,3,2,3,2,1,2,1,2
6,18,39,0.0016923981020227075,0,0,3,5,3,4,3,4,1,2,1,2
6,18,40,0.001977409701794386,0,0,3,5,3,5,3,5,1,2,1,2
6,18,41,0.004748167470097542,0,1,3,6,3,1,3,1,1,1,1,5
6,18,42,0.05813629925251007,0,1,3,6,3,2,3,2,1,1,1,5
6,18,43,0.00877100694924593,0,1,3,6,3,3,3,3,1,1,1,5
6,18,44,0.010195299983024597,0,1,3,6,3,4,3,4,1,1,1,5
6,19,1,0.015065931715071201,0,0,3,3,4,1,4,1,1,1,1,1
6,19,3,0.014933004043996334,0,0,3,3,4,1,4,1,1,1,1,1
6,19,7,0.687372624874115,0,0,3,3,4,2,4,2,1,1,1,1
6,19,13,0.009771820157766342,0,0,3,3,4,3,4,3,1,1,1,1
6,19,15,0.005719111766666174,0,0,3,3,4,3,4,3,1,1,1,1
6,19,16,0.032958175987005234,0,0,3,3,4,3,4,3,1,1,1,1
6,19,17,0.06838012486696243,0,0,3,3,4,3,4,3,1,1,1,1
6,19,20,0.011776155792176723,0,0,3,3,4,4,4,4,1,1,1,1
6,19,25,0.027100028470158577,0,0,3,3,4,5,4,5,1,1,1,1
6,19,27,0.009206531569361687,0,0,3,3,4,5,4,5,1,1,1,1
6,19,28,0.011235032230615616,0,0,3,3,4,5,4,5,1,1,1,1
6,19,29,0.015660161152482033,0,0,3,3,4,5,4,5,1,1,1,1
6,19,30,0.027226701378822327,0,0,3,3,4,5,4,5,1,1,1,1
6,19,31,0.005315548740327358,0,0,3,4,4,1,4,1,1,1,1,1
6,19,33,0.008221733383834362,0,0,3,4,4,3,4,3,1,1,1,1
6,19,36,0.0004995449562557042,0,0,3,5,4,1,4,1,1,2,1,2
6,19,37,0.009980964474380016,0,0,3,5,4,2,4,2,1,2,1,2
6,19,39,0.0002056341036222875,0,0,3,5,4,4,4,4,1,2,1,2
6,19,40,0.0013511352008208632,0,0,3,5,4,5,4,5,1,2,1,2
6,19,41,0.004071919247508049,0,1,3,6,4,1,4,1,1,1,1,5
6,19,42,0.026362324133515358,0,1,3,6,4,2,4,2,1,1,1,5
6,19,43,0.0050828843377530575,0,1,3,6,4,3,4,3,1,1,1,5
6,19,44,0.002503243274986744,0,1,3,6,4,4,4,4,1,1,1,5
6,21,1,0.047329723834991455,0,0,3,3,4,1,4,1,1,1,1,1
6,21,3,0.07967559248209,0,0,3,3,4,1,4,1,1,1,1,1
6,21,7,0.45306357741355896,0,0,3,3,4,2,4,2,1,1,1,1
6,21,13,0.018706869333982468,0,0,3,3,4,3,4,3,1,1,1,1
6,21,15,0.010587328113615513,0,0,3,3,4,3,4,3,1,1,1,1
6,21,16,0.049363795667886734,0,0,3,3,4,3,4,3,1,1,1,1
6,21,17,0.13421832025051117,0,0,3,3,4,3,4,3,1,1,1,1
6,21,20,0.019516892731189728,0,0,3,3,4,4,4,4,1,1,1,1
6,21,25,0.03173127770423889,0,0,3,3,4,5,4,5,1,1,1,1
6,21,27,0.020271962508559227,0,0,3,3,4,5,4,5,1,1,1,1
6,21,28,0.014325723052024841,0,0,3,3,4,5,4,5,1,1,1,1
6,21,29,0.0167551152408123,0,0,3,3,4,5,4,5,1,1,1,1
6,21,30,0.030958734452724457,0,0,3,3,4,5,4,5,1,1,1,1
6,21,31,0.013760310597717762,0,0,3,4,4,1,4,1,1,1,1,1
6,21,33,0.011657738126814365,0,0,3,4,4,3,4,3,1,1,1,1
6,21,36,0.0036824995186179876,0,0,3,5,4,1,4,1,1,2,1,2
6,21,37,0.013482757844030857,0,0,3,5,4,2,4,2,1,2,1,2
6,21,39,0.0005127708427608013,0,0,3,5,4,4,4,4,1,2,1,2
6,21,40,0.005527433939278126,0,0,3,5,4,5,4,5,1,2,1,2
6,21,41,0.005993126425892115,0,1,3,6,4,1,4,1,1,1,1,5
6,21,42,0.014252406544983387,0,1,3,6,4,2,4,2,1,1,1,5
6,21,43,0.0028824324253946543,0,1,3,6,4,3,4,3,1,1,1,5
6,21,44,0.0017436736961826682,0,1,3,6,4,4,4,4,1,1,1,5
6,22,1,0.07754957675933838,0,0,3,3,4,1,4,1,1,1,1,1
6,22,3,0.03107287548482418,0,0,3,3,4,1,4,1,1,1,1,1
6,22,7,0.4029655456542969,0,0,3,3,4,2,4,2,1,1,1,1
6,22,13,0.012192794121801853,0,0,3,3,4,3,4,3,1,1,1,1
6,22,15,0.009424838237464428,0,0,3,3,4,3,4,3,1,1,1,1
6,22,16,0.023965995758771896,0,0,3,3,4,3,4,3,1,1,1,1
6,22,17,0.05550650507211685,0,0,3,3,4,3,4,3,1,1,1,1
6,22,20,0.015810169279575348,0,0,3,3,4,4,4,4,1,1,1,1
6,22,25,0.04576483741402626,0,0,3,3,4,5,4,5,1,1,1,1
6,22,27,0.029612775892019272,0,0,3,3,4,5,4,5,1,1,1,1
6,22,28,0.017939124256372452,0,0,3,3,4,5,4,5,1,1,1,1
6,22,29,0.03746610879898071,0,0,3,3,4,5,4,5,1,1,1,1
6,22,30,0.03785979375243187,0,0,3,3,4,5,4,5,1,1,1,1
6,22,31,0.04055625572800636,0,0,3,4,4,1,4,1,1,1,1,1
6,22,33,0.010823915712535381,0,0,3,4,4,3,4,3,1,1,1,1
6,22,36,0.003304022829979658,0,0,3,5,4,1,4,1,1,2,1,2
6,22,37,0.005571100860834122,0,0,3,5,4,2,4,2,1,2,1,2
6,22,39,0.0006405378808267415,0,0,3,5,4,4,4,4,1,2,1,2
6,22,40,0.004797301720827818,0,0,3,5,4,5,4,5,1,2,1,2
6,22,41,0.04559214040637016,0,1,3,6,4,1,4,1,1,1,1,5
6,22,42,0.06085410341620445,0,1,3,6,4,2,4,2,1,1,1,5
6,22,43,0.015573281794786453,0,1,3,6,4,3,4,3,1,1,1,5
6,22,44,0.015156223438680172,0,1,3,6,4,4,4,4,1,1,1,5
6,23,1,0.1484031230211258,0,0,3,3,4,1,4,1,1,1,1,1
6,23,3,0.10448671877384186,0,0,3,3,4,1,4,1,1,1,1,1
6,23,7,0.07957583665847778,0,0,3,3,4,2,4,2,1,1,1,1
6,23,13,0.02005561627447605,0,0,3,3,4,3,4,3,1,1,1,1
6,23,15,0.022177698090672493,0,0,3,3,4,3,4,3,1,1,1,1
6,23,16,0.03175276890397072,0,0,3,3,4,3,4,3,1,1,1,1
6,23,17,0.05078045651316643,0,0,3,3,4,3,4,3,1,1,1,1
6,23,20,0.03760320693254471,0,0,3,3,4,4,4,4,1,1,1,1
6,23,25,0.03618976101279259,0,0,3,3,4,5,4,5,1,1,1,1
6,23,27,0.02926897443830967,0,0,3,3,4,5,4,5,1,1,1,1
6,23,28,0.027187088504433632,0,0,3,3,4,5,4,5,1,1,1,1
6,23,29,0.028074873611330986,0,0,3,3,4,5,4,5,1,1,1,1
6,23,30,0.037093378603458405,0,0,3,3,4,5,4,5,1,1,1,1
6,23,31,0.059488773345947266,0,0,3,4,4,1,4,1,1,1,1,1
6,23,33,0.018077272921800613,0,0,3,4,4,3,4,3,1,1,1,1
6,23,36,0.03247485309839249,0,0,3,5,4,1,4,1,1,2,1,2
6,23,37,0.027346335351467133,0,0,3,5,4,2,4,2,1,2,1,2
6,23,39,0.0048019313253462315,0,0,3,5,4,4,4,4,1,2,1,2
6,23,40,0.04284321516752243,0,0,3,5,4,5,4,5,1,2,1,2
6,23,41,0.06703735888004303,0,1,3,6,4,1,4,1,1,1,1,5
6,23,42,0.052071597427129745,0,1,3,6,4,2,4,2,1,1,1,5
6,23,43,0.019559776410460472,0,1,3,6,4,3,4,3,1,1,1,5
6,23,44,0.023649388924241066,0,1,3,6,4,4,4,4,1,1,1,5
6,24,1,0.025087710469961166,0,0,3,3,4,1,4,1,1,1,1,1
6,24,3,0.03309183567762375,0,0,3,3,4,1,4,1,1,1,1,1
6,24,7,0.1857646107673645,0,0,3,3,4,2,4,2,1,1,1,1
6,24,13,0.06579798460006714,0,0,3,3,4,3,4,3,1,1,1,1
6,24,15,0.07027250528335571,0,0,3,3,4,3,4,3,1,1,1,1
6,24,16,0.08260972797870636,0,0,3,3,4,3,4,3,1,1,1,1
6,24,17,0.10829140245914459,0,0,3,3,4,3,4,3,1,1,1,1
6,24,20,0.032348889857530594,0,0,3,3,4,4,4,4,1,1,1,1
6,24,25,0.023954235017299652,0,0,3,3,4,5,4,5,1,1,1,1
6,24,27,0.016933418810367584,0,0,3,3,4,5,4,5,1,1,1,1
6,24,28,0.02184106409549713,0,0,3,3,4,5,4,5,1,1,1,1
6,24,29,0.018084848299622536,0,0,3,3,4,5,4,5,1,1,1,1
6,24,30,0.01386883482336998,0,0,3,3,4,5,4,5,1,1,1,1
6,24,31,0.014167173765599728,0,0,3,4,4,1,4,1,1,1,1,1
6,24,33,0.07471218705177307,0,0,3,4,4,3,4,3,1,1,1,1
6,24,36,0.006214268039911985,0,0,3,5,4,1,4,1,1,2,1,2
6,24,37,0.018215550109744072,0,0,3,5,4,2,4,2,1,2,1,2
6,24,39,0.0038835781160742044,0,0,3,5,4,4,4,4,1,2,1,2
6,24,40,0.006583305075764656,0,0,3,5,4,5,4,5,1,2,1,2
6,24,41,0.021131467074155807,0,1,3,6,4,1,4,1,1,1,1,5
6,24,42,0.029498452320694923,0,1,3,6,4,2,4,2,1,1,1,5
6,24,43,0.11643323302268982,0,1,3,6,4,3,4,3,1,1,1,5
6,24,44,0.011213816702365875,0,1,3,6,4,4,4,4,1,1,1,5
6,26,1,0.01588083989918232,0,0,3,3,5,1,5,1,1,1,1,1
6,26,3,0.017249321565032005,0,0,3,3,5,1,5,1,1,1,1,1
6,26,7,0.48326411843299866,0,0,3,3,5,2,5,2,1,1,1,1
6,26,13,0.03533566743135452,0,0,3,3,5,3,5,3,1,1,1,1
6,26,15,0.015775978565216064,0,0,3,3,5,3,5,3,1,1,1,1
6,26,16,0.04017772525548935,0,0,3,3,5,3,5,3,1,1,1,1
6,26,17,0.15142010152339935,0,0,3,3,5,3,5,3,1,1,1,1
6,26,20,0.009528310038149357,0,0,3,3,5,4,5,4,1,1,1,1
6,26,25,0.041135307401418686,0,0,3,3,5,5,5,5,1,1,1,1
6,26,27,0.029471786692738533,0,0,3,3,5,5,5,5,1,1,1,1
6,26,28,0.015028590336441994,0,0,3,3,5,5,5,5,1,1,1,1
6,26,29,0.03545369207859039,0,0,3,3,5,5,5,5,1,1,1,1
6,26,30,0.01577950268983841,0,0,3,3,5,5,5,5,1,1,1,1
6,26,31,0.01359977200627327,0,0,3,4,5,1,5,1,1,1,1,1
6,26,33,0.02000325731933117,0,0,3,4,5,3,5,3,1,1,1,1
6,26,36,0.0017150769708678126,0,0,3,5,5,1,5,1,1,2,1,2
6,26,37,0.00452088238671422,0,0,3,5,5,2,5,2,1,2,1,2
6,26,39,0.00036236486630514264,0,0,3,5,5,4,5,4,1,2,1,2
6,26,40,0.0013308774214237928,0,0,3,5,5,5,5,5,1,2,1,2
6,26,41,0.006493690889328718,0,1,3,6,5,1,5,1,1,1,1,5
6,26,42,0.023841701447963715,0,1,3,6,5,2,5,2,1,1,1,5
6,26,43,0.016394613310694695,0,1,3,6,5,3,5,3,1,1,1,5
6,26,44,0.006237249821424484,0,1,3,6,5,4,5,4,1,1,1,5
6,32,1,0.00021483420277945697,0,0,4,3,2,1,2,1,1,1,1,1
6,32,3,3.949132951674983e-05,0,0,4,3,2,1,2,1,1,1,1,1
6,32,7,0.007868243381381035,0,0,4,3,2,2,2,2,1,1,1,1
6,32,13,0.010792573913931847,0,0,4,3,2,3,2,3,1,1,1,1
6,32,15,0.010396238416433334,0,0,4,3,2,3,2,3,1,1,1,1
6,32,16,0.002420056378468871,0,0,4,3,2,3,2,3,1,1,1,1
6,32,17,0.0041751316748559475,0,0,4,3,2,3,2,3,1,1,1,1
6,32,20,0.0013318787096068263,0,0,4,3,2,4,2,4,1,1,1,1
6,32,25,0.00045299550401978195,0,0,4,3,2,5,2,5,1,1,1,1
6,32,27,0.0008989148773252964,0,0,4,3,2,5,2,5,1,1,1,1
6,32,28,0.0014935642248019576,0,0,4,3,2,5,2,5,1,1,1,1
6,32,29,0.001604478689841926,0,0,4,3,2,5,2,5,1,1,1,1
6,32,30,0.00015190307749435306,0,0,4,3,2,5,2,5,1,1,1,1
6,32,31,0.0002938631223514676,0,0,4,4,2,1,2,1,1,1,1,1
6,32,33,0.017998918890953064,0,0,4,4,2,3,2,3,1,1,1,1
6,32,36,0.00031379639403894544,0,0,4,5,2,1,2,1,1,2,1,2
6,32,37,0.0009636995382606983,0,0,4,5,2,2,2,2,1,2,1,2
6,32,39,0.0009542680345475674,0,0,4,5,2,4,2,4,1,2,1,2
6,32,40,7.40949108148925e-05,0,0,4,5,2,5,2,5,1,2,1,2
6,32,41,0.0020113878417760134,0,1,4,6,2,1,2,1,1,1,1,5
6,32,42,0.050281114876270294,0,1,4,6,2,2,2,2,1,1,1,5
6,32,43,0.6649887561798096,0,1,4,6,2,3,2,3,1,1,1,5
6,32,44,0.22028003633022308,0,1,4,6,2,4,2,4,1,1,1,5
6,34,1,0.020785460248589516,0,0,4,3,4,1,4,1,1,1,1,1
6,34,3,0.009960290044546127,0,0,4,3,4,1,4,1,1,1,1,1
6,34,7,0.3277285695075989,0,0,4,3,4,2,4,2,1,1,1,1
6,34,13,0.01361144706606865,0,0,4,3,4,3,4,3,1,1,1,1
6,34,15,0.010846881195902824,0,0,4,3,4,3,4,3,1,1,1,1
6,34,16,0.02646016702055931,0,0,4,3,4,3,4,3,1,1,1,1
6,34,17,0.07155630737543106,0,0,4,3,4,3,4,3,1,1,1,1
6,34,20,0.011826246976852417,0,0,4,3,4,4,4,4,1,1,1,1
6,34,25,0.030388755723834038,0,0,4,3,4,5,4,5,1,1,1,1
6,34,27,0.011265014298260212,0,0,4,3,4,5,4,5,1,1,1,1
6,34,28,0.01442630309611559,0,0,4,3,4,5,4,5,1,1,1,1
6,34,29,0.029849492013454437,0,0,4,3,4,5,4,5,1,1,1,1
6,34,30,0.016705526039004326,0,0,4,3,4,5,4,5,1,1,1,1
6,34,31,0.010205436497926712,0,0,4,4,4,1,4,1,1,1,1,1
6,34,33,0.013343296013772488,0,0,4,4,4,3,4,3,1,1,1,1
6,34,36,0.001661555259488523,0,0,4,5,4,1,4,1,1,2,1,2
6,34,37,0.02511480823159218,0,0,4,5,4,2,4,2,1,2,1,2
6,34,39,0.00038254246464930475,0,0,4,5,4,4,4,4,1,2,1,2
6,34,40,0.002868864918127656,0,0,4,5,4,5,4,5,1,2,1,2
6,34,41,0.022730175405740738,0,1,4,6,4,1,4,1,1,1,1,5
6,34,42,0.22839759290218353,0,1,4,6,4,2,4,2,1,1,1,5
6,34,43,0.05351942405104637,0,1,4,6,4,3,4,3,1,1,1,5
6,34,44,0.046366024762392044,0,1,4,6,4,4,4,4,1,1,1,5
6,35,1,0.04493357613682747,0,0,4,3,5,1,5,1,1,1,1,1
6,35,3,0.01371530070900917,0,0,4,3,5,1,5,1,1,1,1,1
6,35,7,0.1752132922410965,0,0,4,3,5,2,5,2,1,1,1,1
6,35,13,0.011362429708242416,0,0,4,3,5,3,5,3,1,1,1,1
6,35,15,0.011060689575970173,0,0,4,3,5,3,5,3,1,1,1,1
6,35,16,0.02597985416650772,0,0,4,3,5,3,5,3,1,1,1,1
6,35,17,0.06620759516954422,0,0,4,3,5,3,5,3,1,1,1,1
6,35,20,0.018509505316615105,0,0,4,3,5,4,5,4,1,1,1,1
6,35,25,0.054719749838113785,0,0,4,3,5,5,5,5,1,1,1,1
6,35,27,0.011347251012921333,0,0,4,3,5,5,5,5,1,1,1,1
6,35,28,0.02551944926381111,0,0,4,3,5,5,5,5,1,1,1,1
6,35,29,0.043027572333812714,0,0,4,3,5,5,5,5,1,1,1,1
6,35,30,0.03504742309451103,0,0,4,3,5,5,5,5,1,1,1,1
6,35,31,0.016163019463419914,0,0,4,4,5,1,5,1,1,1,1,1
6,35,33,0.015973659232258797,0,0,4,4,5,3,5,3,1,1,1,1
6,35,36,0.01146874763071537,0,0,4,5,5,1,5,1,1,2,1,2
6,35,37,0.07666151970624924,0,0,4,5,5,2,5,2,1,2,1,2
6,35,39,0.0034058387391269207,0,0,4,5,5,4,5,4,1,2,1,2
6,35,40,0.01351754181087017,0,0,4,5,5,5,5,5,1,2,1,2
6,35,41,0.01987423375248909,0,1,4,6,5,1,5,1,1,1,1,5
6,35,42,0.20672431588172913,0,1,4,6,5,2,5,2,1,1,1,5
6,35,43,0.023096716031432152,0,1,4,6,5,3,5,3,1,1,1,5
6,35,44,0.0764707550406456,0,1,4,6,5,4,5,4,1,1,1,5
6,38,1,0.005406682379543781,0,0,5,3,3,1,3,1,2,1,2,1
6,38,3,0.0005693765706382692,0,0,5,3,3,1,3,1,2,1,2,1
6,38,7,0.846055805683136,0,0,5,3,3,2,3,2,2,1,2,1
6,38,13,0.010571162216365337,0,0,5,3,3,3,3,3,2,1,2,1
6,38,15,0.002438267460092902,0,0,5,3,3,3,3,3,2,1,2,1
6,38,16,0.009385740384459496,0,0,5,3,3,3,3,3,2,1,2,1
6,38,17,0.012985006906092167,0,0,5,3,3,3,3,3,2,1,2,1
6,38,20,0.0011161350412294269,0,0,5,3,3,4,3,4,2,1,2,1
6,38,25,0.007985850796103477,0,0,5,3,3,5,3,5,2,1,2,1
6,38,27,0.03168221935629845,0,0,5,3,3,5,3,5,2,1,2,1
6,38,28,0.016096951439976692,0,0,5,3,3,5,3,5,2,1,2,1
6,38,29,0.024787239730358124,0,0,5,3,3,5,3,5,2,1,2,1
6,38,30,0.016832366585731506,0,0,5,3,3,5,3,5,2,1,2,1
6,38,31,0.0017092778580263257,0,0,5,4,3,1,3,1,2,1,2,1
6,38,33,0.0044597359374165535,0,0,5,4,3,3,3,3,2,1,2,1
6,38,36,5.333538410923211e-06,0,0,5,5,3,1,3,1,2,2,2,2
6,38,37,1.450440140615683e-05,0,0,5,5,3,2,3,2,2,2,2,2
6,38,39,3.450681560934754e-06,0,0,5,5,3,4,3,4,2,2,2,2
6,38,40,3.960854883189313e-06,0,0,5,5,3,5,3,5,2,2,2,2
6,38,41,0.0009445557370781898,0,1,5,6,3,1,3,1,2,1,2,5
6,38,42,0.0054800789803266525,0,1,5,6,3,2,3,2,2,1,2,5
6,38,43,0.0011717714369297028,0,1,5,6,3,3,3,3,2,1,2,5
6,38,44,0.00029455815092660487,0,1,5,6,3,4,3,4,2,1,2,5
6,45,1,0.30994492769241333,1,0,6,3,5,1,5,1,1,1,5,1
6,45,3,0.14314760267734528,1,0,6,3,5,1,5,1,1,1,5,1
6,45,7,0.0005295402370393276,1,0,6,3,5,2,5,2,1,1,5,1
6,45,13,0.00016818773292470723,1,0,6,3,5,3,5,3,1,1,5,1
6,45,15,0.00033630256075412035,1,0,6,3,5,3,5,3,1,1,5,1
6,45,16,0.0003322291886433959,1,0,6,3,5,3,5,3,1,1,5,1
6,45,17,0.0003810917551163584,1,0,6,3,5,3,5,3,1,1,5,1
6,45,20,0.002845938317477703,1,0,6,3,5,4,5,4,1,1,5,1
6,45,25,0.0016987933777272701,1,0,6,3,5,5,5,5,1,1,5,1
6,45,27,0.006732880603522062,1,0,6,3,5,5,5,5,1,1,5,1
6,45,28,0.0021784394048154354,1,0,6,3,5,5,5,5,1,1,5,1
6,45,29,0.001248461427167058,1,0,6,3,5,5,5,5,1,1,5,1
6,45,30,0.014037173241376877,1,0,6,3,5,5,5,5,1,1,5,1
6,45,31,0.07718886435031891,1,0,6,4,5,1,5,1,1,1,5,1
6,45,33,0.00019528984557837248,1,0,6,4,5,3,5,3,1,1,5,1
6,45,36,0.21169373393058777,1,0,6,5,5,1,5,1,1,2,5,2
6,45,37,0.0038521981332451105,1,0,6,5,5,2,5,2,1,2,5,2
6,45,39,0.010489141568541527,1,0,6,5,5,4,5,4,1,2,5,2
6,45,40,0.17921429872512817,1,0,6,5,5,5,5,5,1,2,5,2
6,45,41,0.03264804929494858,1,1,6,6,5,1,5,1,1,1,5,5
6,45,42,0.0007911290158517659,1,1,6,6,5,2,5,2,1,1,5,5
6,45,43,5.617446731775999e-05,1,1,6,6,5,3,5,3,1,1,5,5
6,45,44,0.0002893735945690423,1,1,6,6,5,4,5,4,1,1,5,5
6,46,1,0.00017830925935413688,2,0,7,3,0,1,0,1,0,1,4,1
6,46,3,2.468823004164733e-05,2,0,7,3,0,1,0,1,0,1,4,1
6,46,7,0.0047453842125833035,2,0,7,3,0,2,0,2,0,1,4,1
6,46,13,0.013218305073678493,2,0,7,3,0,3,0,3,0,1,4,1
6,46,15,0.01560969464480877,2,0,7,3,0,3,0,3,0,1,4,1
6,46,16,0.002791672246530652,2,0,7,3,0,3,0,3,0,1,4,1
6,46,17,0.002131112851202488,2,0,7,3,0,3,0,3,0,1,4,1
6,46,20,0.0012473067035898566,2,0,7,3,0,4,0,4,0,1,4,1
6,46,25,0.0004339918668847531,2,0,7,3,0,5,0,5,0,1,4,1
6,46,27,0.0015277147758752108,2,0,7,3,0,5,0,5,0,1,4,1
6,46,28,0.0019091161666437984,2,0,7,3,0,5,0,5,0,1,4,1
6,46,29,0.0019100983627140522,2,0,7,3,0,5,0,5,0,1,4,1
6,46,30,0.00016798300202935934,2,0,7,3,0,5,0,5,0,1,4,1
6,46,31,0.0002851791796274483,2,0,7,4,0,1,0,1,0,1,4,1
6,46,33,0.025079648941755295,2,0,7,4,0,3,0,3,0,1,4,1
6,46,36,0.00011381734657334164,2,0,7,5,0,1,0,1,0,2,4,2
6,46,37,0.000152591586811468,2,0,7,5,0,2,0,2,0,2,4,2
6,46,39,0.0014363162918016315,2,0,7,5,0,4,0,4,0,2,4,2
6,46,40,3.2145406294148415e-05,2,0,7,5,0,5,0,5,0,2,4,2
6,46,41,0.004030910786241293,2,1,7,6,0,1,0,1,0,1,4,5
6,46,42,0.019887439906597137,2,1,7,6,0,2,0,2,0,1,4,5
6,46,43,0.7838324308395386,2,1,7,6,0,3,0,3,0,1,4,5
6,46,44,0.11925401538610458,2,1,7,6,0,4,0,4,0,1,4,5
7,1,0,0.0018972901161760092,0,0,3,1,1,0,1,0,1,2,1,4
7,1,2,0.3279130756855011,0,0,3,3,1,1,1,1,1,1,1,1
7,1,4,0.17360839247703552,0,0,3,3,1,1,1,1,1,1,1,1
7,1,5,0.2563948929309845,0,0,3,3,1,1,1,1,1,1,1,1
7,1,6,0.0737665593624115,0,0,3,3,1,1,1,1,1,1,1,1
7,1,8,0.00474682217463851,0,0,3,3,1,2,1,2,1,1,1,1
7,1,9,0.061057958751916885,0,0,3,3,1,2,1,2,1,1,1,1
7,1,10,0.016824914142489433,0,0,3,3,1,2,1,2,1,1,1,1
7,1,11,0.015596169047057629,0,0,3,3,1,2,1,2,1,1,1,1
7,1,12,0.0027813001070171595,0,0,3,3,1,2,1,2,1,1,1,1
7,1,14,0.016589637845754623,0,0,3,3,1,3,1,3,1,1,1,1
7,1,18,0.001007852260954678,0,0,3,3,1,3,1,3,1,1,1,1
7,1,19,0.0005473554483614862,0,0,3,3,1,4,1,4,1,1,1,1
7,1,21,0.001517171273007989,0,0,3,3,1,4,1,4,1,1,1,1
7,1,22,0.0031221515964716673,0,0,3,3,1,4,1,4,1,1,1,1
7,1,23,0.000249223317950964,0,0,3,3,1,4,1,4,1,1,1,1
7,1,24,0.0011691125109791756,0,0,3,3,1,4,1,4,1,1,1,1
7,1,26,0.007142803631722927,0,0,3,3,1,5,1,5,1,1,1,1
7,1,32,0.0019529194105416536,0,0,3,4,1,2,1,2,1,1,1,1
7,1,34,0.000253060192335397,0,0,3,4,1,4,1,4,1,1,1,1
7,1,35,0.02505742758512497,0,0,3,4,1,5,1,5,1,1,1,1
7,1,38,8.310503471875563e-05,0,0,3,5,1,3,1,3,1,2,1,2
7,1,45,0.006446444429457188,0,1,3,6,1,5,1,5,1,1,1,5
7,1,46,0.00027474580565467477,0,2,3,7,1,0,1,0,1,0,1,4
7,3,0,0.0023822796065360308,0,0,3,1,1,0,1,0,1,2,1,4
7,3,2,0.4217008650302887,0,0,3,3,1,1,1,1,1,1,1,1
7,3,4,0.18649277091026306,0,0,3,3,1,1,1,1,1,1,1,1
7,3,5,0.21834290027618408,0,0,3,3,1,1,1,1,1,1,1,1
7,3,6,0.04793122783303261,0,0,3,3,1,1,1,1,1,1,1,1
7,3,8,0.0006475599948316813,0,0,3,3,1,2,1,2,1,1,1,1
7,3,9,0.012253433465957642,0,0,3,3,1,2,1,2,1,1,1,1
7,3,10,0.003989493474364281,0,0,3,3,1,2,1,2,1,1,1,1
7,3,11,0.0022140739019960165,0,0,3,3,1,2,1,2,1,1,1,1
7,3,12,0.000584576977416873,0,0,3,3,1,2,1,2,1,1,1,1
7,3,14,0.007262735161930323,0,0,3,3,1,3,1,3,1,1,1,1
7,3,18,0.0004871771379839629,0,0,3,3,1,3,1,3,1,1,1,1
7,3,19,0.0001746254274621606,0,0,3,3,1,4,1,4,1,1,1,1
7,3,21,0.0003908186045009643,0,0,3,3,1,4,1,4,1,1,1,1
7,3,22,0.0013766268966719508,0,0,3,3,1,4,1,4,1,1,1,1
7,3,23,4.581599205266684e-05,0,0,3,3,1,4,1,4,1,1,1,1
7,3,24,0.0004091975570190698,0,0,3,3,1,4,1,4,1,1,1,1
7,3,26,0.013897661119699478,0,0,3,3,1,5,1,5,1,1,1,1
7,3,32,0.0005328633706085384,0,0,3,4,1,2,1,2,1,1,1,1
7,3,34,0.00018926449411083013,0,0,3,4,1,4,1,4,1,1,1,1
7,3,35,0.07336445897817612,0,0,3,4,1,5,1,5,1,1,1,1
7,3,38,1.4770322195545305e-05,0,0,3,5,1,3,1,3,1,2,1,2
7,3,45,0.00477847782894969,0,1,3,6,1,5,1,5,1,1,1,5
7,3,46,0.0005362137453630567,0,2,3,7,1,0,1,0,1,0,1,4
7,7,0,0.006865271367132664,0,0,3,1,2,0,2,0,1,2,1,4
7,7,2,0.2593550682067871,0,0,3,3,2,1,2,1,1,1,1,1
7,7,4,0.18687447905540466,0,0,3,3,2,1,2,1,1,1,1,1
7,7,5,0.2337327003479004,0,0,3,3,2,1,2,1,1,1,1,1
7,7,6,0.19462928175926208,0,0,3,3,2,1,2,1,1,1,1,1
7,7,8,0.004308577626943588,0,0,3,3,2,2,2,2,1,1,1,1
7,7,9,0.013394629582762718,0,0,3,3,2,2,2,2,1,1,1,1
7,7,10,0.005911726970225573,0,0,3,3,2,2,2,2,1,1,1,1
7,7,11,0.002235730644315481,0,0,3,3,2,2,2,2,1,1,1,1
7,7,12,0.00241212104447186,0,0,3,3,2,2,2,2,1,1,1,1
7,7,14,0.04410836473107338,0,0,3,3,2,3,2,3,1,1,1,1
7,7,18,0.0015851742355152965,0,0,3,3,2,3,2,3,1,1,1,1
7,7,19,0.0019960207864642143,0,0,3,3,2,4,2,4,1,1,1,1
7,7,21,0.0006325119757093489,0,0,3,3,2,4,2,4,1,1,1,1
7,7,22,0.005496810656040907,0,0,3,3,2,4,2,4,1,1,1,1
7,7,23,0.00038460417999885976,0,0,3,3,2,4,2,4,1,1,1,1
7,7,24,0.0006851469515822828,0,0,3,3,2,4,2,4,1,1,1,1
7,7,26,0.014366915449500084,0,0,3,3,2,5,2,5,1,1,1,1
7,7,32,6.085457789595239e-05,0,0,3,4,2,2,2,2,1,1,1,1
7,7,34,0.0003074083069805056,0,0,3,4,2,4,2,4,1,1,1,1
7,7,35,0.02021070569753647,0,0,3,4,2,5,2,5,1,1,1,1
7,7,38,0.0003090545069426298,0,0,3,5,2,3,2,3,1,2,1,2
7,7,45,4.499060014495626e-05,0,1,3,6,2,5,2,5,1,1,1,5
7,7,46,9.199742635246366e-05,0,2,3,7,2,0,2,0,1,0,1,4
7,13,0,0.023986848071217537,0,0,3,1,3,0,3,0,1,2,1,4
7,13,2,0.34148719906806946,0,0,3,3,3,1,3,1,1,1,1,1
7,13,4,0.2160143256187439,0,0,3,3,3,1,3,1,1,1,1,1
7,13,5,0.19132933020591736,0,0,3,3,3,1,3,1,1,1,1,1
7,13,6,0.06222216412425041,0,0,3,3,3,1,3,1,1,1,1,1
7,13,8,6.0503254644572735e-05,0,0,3,3,3,2,3,2,1,1,1,1
7,13,9,0.0004408594686537981,0,0,3,3,3,2,3,2,1,1,1,1
7,13,10,0.00025412585819140077,0,0,3,3,3,2,3,2,1,1,1,1
7,13,11,0.00012270912702661008,0,0,3,3,3,2,3,2,1,1,1,1
7,13,12,5.567429252550937e-05,0,0,3,3,3,2,3,2,1,1,1,1
7,13,14,0.0034449941013008356,0,0,3,3,3,3,3,3,1,1,1,1
7,13,18,0.00041536003118380904,0,0,3,3,3,3,3,3,1,1,1,1
7,13,19,7.7442527981475e-05,0,0,3,3,3,4,3,4,1,1,1,1
7,13,21,0.0004844993818551302,0,0,3,3,3,4,3,4,1,1,1,1
7,13,22,0.000351549475453794,0,0,3,3,3,4,3,4,1,1,1,1
7,13,23,2.01093153009424e-05,0,0,3,3,3,4,3,4,1,1,1,1
7,13,24,0.00035885508987121284,0,0,3,3,3,4,3,4,1,1,1,1
7,13,26,0.009232883341610432,0,0,3,3,3,5,3,5,1,1,1,1
7,13,32,0.00013319136633072048,0,0,3,4,3,2,3,2,1,1,1,1
7,13,34,0.0003674991603475064,0,0,3,4,3,4,3,4,1,1,1,1
7,13,35,0.10032553225755692,0,0,3,4,3,5,3,5,1,1,1,1
7,13,38,4.139947577641578e-06,0,0,3,5,3,3,3,3,1,2,1,2
7,13,45,0.03592955321073532,0,1,3,6,3,5,3,5,1,1,1,5
7,13,46,0.012880773283541203,0,2,3,7,3,0,3,0,1,0,1,4
7,15,0,0.10374443233013153,0,0,3,1,3,0,3,0,1,2,1,4
7,15,2,0.3017313778400421,0,0,3,3,3,1,3,1,1,1,1,1
7,15,4,0.11194547265768051,0,0,3,3,3,1,3,1,1,1,1,1
7,15,5,0.13498671352863312,0,0,3,3,3,1,3,1,1,1,1,1
7,15,6,0.07741373032331467,0,0,3,3,3,1,3,1,1,1,1,1
7,15,8,0.0007744655595161021,0,0,3,3,3,2,3,2,1,1,1,1
7,15,9,0.003898471826687455,0,0,3,3,3,2,3,2,1,1,1,1
7,15,10,0.002450129482895136,0,0,3,3,3,2,3,2,1,1,1,1
7,15,11,0.0011774221202358603,0,0,3,3,3,2,3,2,1,1,1,1
7,15,12,0.0007807709625922143,0,0,3,3,3,2,3,2,1,1,1,1
7,15,14,0.007228760980069637,0,0,3,3,3,3,3,3,1,1,1,1
7,15,18,0.0008982407161965966,0,0,3,3,3,3,3,3,1,1,1,1
7,15,19,0.00044573427294380963,0,0,3,3,3,4,3,4,1,1,1,1
7,15,21,0.0025563181843608618,0,0,3,3,3,4,3,4,1,1,1,1
7,15,22,0.003004283644258976,0,0,3,3,3,4,3,4,1,1,1,1
7,15,23,0.00018632238788995892,0,0,3,3,3,4,3,4,1,1,1,1
7,15,24,0.001766506233252585,0,0,3,3,3,4,3,4,1,1,1,1
7,15,26,0.009734373539686203,0,0,3,3,3,5,3,5,1,1,1,1
7,15,32,0.0005050532636232674,0,0,3,4,3,2,3,2,1,1,1,1
7,15,34,0.0008219425217248499,0,0,3,4,3,4,3,4,1,1,1,1
7,15,35,0.19663357734680176,0,0,3,4,3,5,3,5,1,1,1,1
7,15,38,2.4113345716614276e-05,0,0,3,5,3,3,3,3,1,2,1,2
7,15,45,0.028276843950152397,0,1,3,6,3,5,3,5,1,1,1,5
7,15,46,0.009014959447085857,0,2,3,7,3,0,3,0,1,0,1,4
7,16,0,0.14548708498477936,0,0,3,1,3,0,3,0,1,2,1,4
7,16,2,0.23161865770816803,0,0,3,3,3,1,3,1,1,1,1,1
7,16,4,0.09152667224407196,0,0,3,3,3,1,3,1,1,1,1,1
7,16,5,0.11574655026197433,0,0,3,3,3,1,3,1,1,1,1,1
7,16,6,0.059053316712379456,0,0,3,3,3,1,3,1,1,1,1,1
7,16,8,0.00045618152944371104,0,0,3,3,3,2,3,2,1,1,1,1
7,16,9,0.0012398147955536842,0,0,3,3,3,2,3,2,1,1,1,1
7,16,10,0.001611498766578734,0,0,3,3,3,2,3,2,1,1,1,1
7,16,11,0.00031139925704337656,0,0,3,3,3,2,3,2,1,1,1,1
7,16,12,0.00029482567333616316,0,0,3,3,3,2,3,2,1,1,1,1
7,16,14,0.01280652079731226,0,0,3,3,3,3,3,3,1,1,1,1
7,16,18,0.0010910925921052694,0,0,3,3,3,3,3,3,1,1,1,1
7,16,19,0.000959735712967813,0,0,3,3,3,4,3,4,1,1,1,1
7,16,21,0.0022531934082508087,0,0,3,3,3,4,3,4,1,1,1,1
7,16,22,0.0021199595648795366,0,0,3,3,3,4,3,4,1,1,1,1
7,16,23,0.00014855273184366524,0,0,3,3,3,4,3,4,1,1,1,1
7,16,24,0.0011774897575378418,0,0,3,3,3,4,3,4,1,1,1,1
7,16,26,0.015422397293150425,0,0,3,3,3,5,3,5,1,1,1,1
7,16,32,0.00012054727994836867,0,0,3,4,3,2,3,2,1,1,1,1
7,16,34,0.0009321152465417981,0,0,3,4,3,4,3,4,1,1,1,1
7,16,35,0.3033437728881836,0,0,3,4,3,5,3,5,1,1,1,1
7,16,38,6.298660446191207e-05,0,0,3,5,3,3,3,3,1,2,1,2
7,16,45,0.008442657068371773,0,1,3,6,3,5,3,5,1,1,1,5
7,16,46,0.003773069940507412,0,2,3,7,3,0,3,0,1,0,1,4
7,17,0,0.01752997748553753,0,0,3,1,3,0,3,0,1,2,1,4
7,17,2,0.3614935874938965,0,0,3,3,3,1,3,1,1,1,1,1
7,17,4,0.16973493993282318,0,0,3,3,3,1,3,1,1,1,1,1
7,17,5,0.1517362892627716,0,0,3,3,3,1,3,1,1,1,1,1
7,17,6,0.059267278760671616,0,0,3,3,3,1,3,1,1,1,1,1
7,17,8,0.00045746599789708853,0,0,3,3,3,2,3,2,1,1,1,1
7,17,9,0.0021423392463475466,0,0,3,3,3,2,3,2,1,1,1,1
7,17,10,0.0019875590223819017,0,0,3,3,3,2,3,2,1,1,1,1
7,17,11,0.0006239847862161696,0,0,3,3,3,2,3,2,1,1,1,1
7,17,12,0.00027639156905934215,0,0,3,3,3,2,3,2,1,1,1,1
7,17,14,0.021288899704813957,0,0,3,3,3,3,3,3,1,1,1,1
7,17,18,0.0014626006595790386,0,0,3,3,3,3,3,3,1,1,1,1
7,17,19,0.0007457619649358094,0,0,3,3,3,4,3,4,1,1,1,1
7,17,21,0.002342918189242482,0,0,3,3,3,4,3,4,1,1,1,1
7,17,22,0.0018535483395680785,0,0,3,3,3,4,3,4,1,1,1,1
7,17,23,0.00012680394866038114,0,0,3,3,3,4,3,4,1,1,1,1
7,17,24,0.0008823446114547551,0,0,3,3,3,4,3,4,1,1,1,1
7,17,26,0.01535350177437067,0,0,3,3,3,5,3,5,1,1,1,1
7,17,32,0.00024151382967829704,0,0,3,4,3,2,3,2,1,1,1,1
7,17,34,0.0007171820616349578,0,0,3,4,3,4,3,4,1,1,1,1
7,17,35,0.17046301066875458,0,0,3,4,3,5,3,5,1,1,1,1
7,17,38,5.9243735449854285e-05,0,0,3,5,3,3,3,3,1,2,1,2
7,17,45,0.017730936408042908,0,1,3,6,3,5,3,5,1,1,1,5
7,17,46,0.0014818545896559954,0,2,3,7,3,0,3,0,1,0,1,4
7,20,0,0.0562337227165699,0,0,3,1,4,0,4,0,1,2,1,4
7,20,2,0.31327390670776367,0,0,3,3,4,1,4,1,1,1,1,1
7,20,4,0.10700003802776337,0,0,3,3,4,1,4,1,1,1,1,1
7,20,5,0.10082979500293732,0,0,3,3,4,1,4,1,1,1,1,1
7,20,6,0.07615770399570465,0,0,3,3,4,1,4,1,1,1,1,1
7,20,8,0.003480378072708845,0,0,3,3,4,2,4,2,1,1,1,1
7,20,9,0.012720580212771893,0,0,3,3,4,2,4,2,1,1,1,1
7,20,10,0.010092999786138535,0,0,3,3,4,2,4,2,1,1,1,1
7,20,11,0.0019394461996853352,0,0,3,3,4,2,4,2,1,1,1,1
7,20,12,0.0037464466877281666,0,0,3,3,4,2,4,2,1,1,1,1
7,20,14,0.01598168909549713,0,0,3,3,4,3,4,3,1,1,1,1
7,20,18,0.002617752645164728,0,0,3,3,4,3,4,3,1,1,1,1
7,20,19,0.002604774432256818,0,0,3,3,4,4,4,4,1,1,1,1
7,20,21,0.013937843963503838,0,0,3,3,4,4,4,4,1,1,1,1
7,20,22,0.008514521643519402,0,0,3,3,4,4,4,4,1,1,1,1
7,20,23,0.0007348747458308935,0,0,3,3,4,4,4,4,1,1,1,1
7,20,24,0.0032722880132496357,0,0,3,3,4,4,4,4,1,1,1,1
7,20,26,0.00864369235932827,0,0,3,3,4,5,4,5,1,1,1,1
7,20,32,0.001880297320894897,0,0,3,4,4,2,4,2,1,1,1,1
7,20,34,0.001055541797541082,0,0,3,4,4,4,4,4,1,1,1,1
7,20,35,0.2113933563232422,0,0,3,4,4,5,4,5,1,1,1,1
7,20,38,0.0002812777820508927,0,0,3,5,4,3,4,3,1,2,1,2
7,20,45,0.03904106095433235,0,1,3,6,4,5,4,5,1,1,1,5
7,20,46,0.004566195420920849,0,2,3,7,4,0,4,0,1,0,1,4
7,25,0,0.0008349706185981631,0,0,3,1,5,0,5,0,1,2,1,4
7,25,2,0.3726247549057007,0,0,3,3,5,1,5,1,1,1,1,1
7,25,4,0.23248736560344696,0,0,3,3,5,1,5,1,1,1,1,1
7,25,5,0.14543265104293823,0,0,3,3,5,1,5,1,1,1,1,1
7,25,6,0.08600100874900818,0,0,3,3,5,1,5,1,1,1,1,1
7,25,8,0.0010947383707389235,0,0,3,3,5,2,5,2,1,1,1,1
7,25,9,0.010342716239392757,0,0,3,3,5,2,5,2,1,1,1,1
7,25,10,0.0038977900985628366,0,0,3,3,5,2,5,2,1,1,1,1
7,25,11,0.0018957416759803891,0,0,3,3,5,2,5,2,1,1,1,1
7,25,12,0.0015157104935497046,0,0,3,3,5,2,5,2,1,1,1,1
7,25,14,0.0209498330950737,0,0,3,3,5,3,5,3,1,1,1,1
7,25,18,0.001260151737369597,0,0,3,3,5,3,5,3,1,1,1,1
7,25,19,0.0004897587932646275,0,0,3,3,5,4,5,4,1,1,1,1
7,25,21,0.0006262327660806477,0,0,3,3,5,4,5,4,1,1,1,1
7,25,22,0.006120549514889717,0,0,3,3,5,4,5,4,1,1,1,1
7,25,23,0.00014707763330079615,0,0,3,3,5,4,5,4,1,1,1,1
7,25,24,0.00036794235347770154,0,0,3,3,5,4,5,4,1,1,1,1
7,25,26,0.013159982860088348,0,0,3,3,5,5,5,5,1,1,1,1
7,25,32,0.0005556768737733364,0,0,3,4,5,2,5,2,1,1,1,1
7,25,34,0.0006573343416675925,0,0,3,4,5,4,5,4,1,1,1,1
7,25,35,0.09861104935407639,0,0,3,4,5,5,5,5,1,1,1,1
7,25,38,4.104970139451325e-05,0,0,3,5,5,3,5,3,1,2,1,2
7,25,45,0.0005968667683191597,0,1,3,6,5,5,5,5,1,1,1,5
7,25,46,0.0002891311014536768,0,2,3,7,5,0,5,0,1,0,1,4
7,27,0,0.009168403223156929,0,0,3,1,5,0,5,0,1,2,1,4
7,27,2,0.23818612098693848,0,0,3,3,5,1,5,1,1,1,1,1
7,27,4,0.15813906490802765,0,0,3,3,5,1,5,1,1,1,1,1
7,27,5,0.08768180012702942,0,0,3,3,5,1,5,1,1,1,1,1
7,27,6,0.06207475811243057,0,0,3,3,5,1,5,1,1,1,1,1
7,27,8,0.0006747290026396513,0,0,3,3,5,2,5,2,1,1,1,1
7,27,9,0.006371370516717434,0,0,3,3,5,2,5,2,1,1,1,1
7,27,10,0.0035918967332690954,0,0,3,3,5,2,5,2,1,1,1,1
7,27,11,0.0014002356911078095,0,0,3,3,5,2,5,2,1,1,1,1
7,27,12,0.0010689786868169904,0,0,3,3,5,2,5,2,1,1,1,1
7,27,14,0.013591698370873928,0,0,3,3,5,3,5,3,1,1,1,1
7,27,18,0.002018879633396864,0,0,3,3,5,3,5,3,1,1,1,1
7,27,19,0.0006083564949221909,0,0,3,3,5,4,5,4,1,1,1,1
7,27,21,0.0018798947567120194,0,0,3,3,5,4,5,4,1,1,1,1
7,27,22,0.007906154729425907,0,0,3,3,5,4,5,4,1,1,1,1
7,27,23,0.00023921768297441304,0,0,3,3,5,4,5,4,1,1,1,1
7,27,24,0.0006678403588011861,0,0,3,3,5,4,5,4,1,1,1,1
7,27,26,0.013721467927098274,0,0,3,3,5,5,5,5,1,1,1,1
7,27,32,0.00044299691217020154,0,0,3,4,5,2,5,2,1,1,1,1
7,27,34,0.0010283194715157151,0,0,3,4,5,4,5,4,1,1,1,1
7,27,35,0.3826426565647125,0,0,3,4,5,5,5,5,1,1,1,1
7,27,38,2.6977570087183267e-05,0,0,3,5,5,3,5,3,1,2,1,2
7,27,45,0.005512832663953304,0,1,3,6,5,5,5,5,1,1,1,5
7,27,46,0.0013554516481235623,0,2,3,7,5,0,5,0,1,0,1,4
7,28,0,0.0017204351024702191,0,0,3,1,5,0,5,0,1,2,1,4
7,28,2,0.17181825637817383,0,0,3,3,5,1,5,1,1,1,1,1
7,28,4,0.2475186586380005,0,0,3,3,5,1,5,1,1,1,1,1
7,28,5,0.11750859022140503,0,0,3,3,5,1,5,1,1,1,1,1
7,28,6,0.04594328626990318,0,0,3,3,5,1,5,1,1,1,1,1
7,28,8,0.0001905967656057328,0,0,3,3,5,2,5,2,1,1,1,1
7,28,9,0.0032436398323625326,0,0,3,3,5,2,5,2,1,1,1,1
7,28,10,0.0017328032990917563,0,0,3,3,5,2,5,2,1,1,1,1
7,28,11,0.00044124556006863713,0,0,3,3,5,2,5,2,1,1,1,1
7,28,12,0.0001582881814101711,0,0,3,3,5,2,5,2,1,1,1,1
7,28,14,0.018601711839437485,0,0,3,3,5,3,5,3,1,1,1,1
7,28,18,0.000999332987703383,0,0,3,3,5,3,5,3,1,1,1,1
7,28,19,0.00023720461467746645,0,0,3,3,5,4,5,4,1,1,1,1
7,28,21,0.00020964114810340106,0,0,3,3,5,4,5,4,1,1,1,1
7,28,22,0.002220605965703726,0,0,3,3,5,4,5,4,1,1,1,1
7,28,23,3.658585774246603e-05,0,0,3,3,5,4,5,4,1,1,1,1
7,28,24,0.00011203281610505655,0,0,3,3,5,4,5,4,1,1,1,1
7,28,26,0.015436180867254734,0,0,3,3,5,5,5,5,1,1,1,1
7,28,32,4.7464214731007814e-05,0,0,3,4,5,2,5,2,1,1,1,1
7,28,34,0.000353012525010854,0,0,3,4,5,4,5,4,1,1,1,1
7,28,35,0.3707973062992096,0,0,3,4,5,5,5,5,1,1,1,1
7,28,38,9.479725122218952e-06,0,0,3,5,5,3,5,3,1,2,1,2
7,28,45,0.0005393290193751454,0,1,3,6,5,5,5,5,1,1,1,5
7,28,46,0.00012440246064215899,0,2,3,7,5,0,5,0,1,0,1,4
7,29,0,0.0019047650275751948,0,0,3,1,5,0,5,0,1,2,1,4
7,29,2,0.31219255924224854,0,0,3,3,5,1,5,1,1,1,1,1
7,29,4,0.26457539200782776,0,0,3,3,5,1,5,1,1,1,1,1
7,29,5,0.1287056803703308,0,0,3,3,5,1,5,1,1,1,1,1
7,29,6,0.08124192804098129,0,0,3,3,5,1,5,1,1,1,1,1
7,29,8,0.0003319036331959069,0,0,3,3,5,2,5,2,1,1,1,1
7,29,9,0.003878952469676733,0,0,3,3,5,2,5,2,1,1,1,1
7,29,10,0.0016637188382446766,0,0,3,3,5,2,5,2,1,1,1,1
7,29,11,0.0005066149169579148,0,0,3,3,5,2,5,2,1,1,1,1
7,29,12,0.0006546177319251001,0,0,3,3,5,2,5,2,1,1,1,1
7,29,14,0.00974958948791027,0,0,3,3,5,3,5,3,1,1,1,1
7,29,18,0.001609574886970222,0,0,3,3,5,3,5,3,1,1,1,1
7,29,19,0.0003950503305532038,0,0,3,3,5,4,5,4,1,1,1,1
7,29,21,0.0012592885177582502,0,0,3,3,5,4,5,4,1,1,1,1
7,29,22,0.005037267226725817,0,0,3,3,5,4,5,4,1,1,1,1
7,29,23,0.00012616960157174617,0,0,3,3,5,4,5,4,1,1,1,1
7,29,24,0.00034281867556273937,0,0,3,3,5,4,5,4,1,1,1,1
7,29,26,0.007553245406597853,0,0,3,3,5,5,5,5,1,1,1,1
7,29,32,0.00036382226971909404,0,0,3,4,5,2,5,2,1,1,1,1
7,29,34,0.0007604811689816415,0,0,3,4,5,4,5,4,1,1,1,1
7,29,35,0.1736520677804947,0,0,3,4,5,5,5,5,1,1,1,1
7,29,38,1.5404290024889633e-05,0,0,3,5,5,3,5,3,1,2,1,2
7,29,45,0.0023247585631906986,0,1,3,6,5,5,5,5,1,1,1,5
7,29,46,0.0011546791065484285,0,2,3,7,5,0,5,0,1,0,1,4
7,30,0,0.0007481647771783173,0,0,3,1,5,0,5,0,1,2,1,4
7,30,2,0.2976914942264557,0,0,3,3,5,1,5,1,1,1,1,1
7,30,4,0.2861061990261078,0,0,3,3,5,1,5,1,1,1,1,1
7,30,5,0.13495835661888123,0,0,3,3,5,1,5,1,1,1,1,1
7,30,6,0.08449051529169083,0,0,3,3,5,1,5,1,1,1,1,1
7,30,8,0.0003202639636583626,0,0,3,3,5,2,5,2,1,1,1,1
7,30,9,0.004707724321633577,0,0,3,3,5,2,5,2,1,1,1,1
7,30,10,0.0018078195862472057,0,0,3,3,5,2,5,2,1,1,1,1
7,30,11,0.0005913962959311903,0,0,3,3,5,2,5,2,1,1,1,1
7,30,12,0.0003249178407713771,0,0,3,3,5,2,5,2,1,1,1,1
7,30,14,0.02149195596575737,0,0,3,3,5,3,5,3,1,1,1,1
7,30,18,0.000676026800647378,0,0,3,3,5,3,5,3,1,1,1,1
7,30,19,0.00016233530186582357,0,0,3,3,5,4,5,4,1,1,1,1
7,30,21,0.00028723504510708153,0,0,3,3,5,4,5,4,1,1,1,1
7,30,22,0.0030648009851574898,0,0,3,3,5,4,5,4,1,1,1,1
7,30,23,3.369040132383816e-05,0,0,3,3,5,4,5,4,1,1,1,1
7,30,24,8.485212310915813e-05,0,0,3,3,5,4,5,4,1,1,1,1
7,30,26,0.00475806649774313,0,0,3,3,5,5,5,5,1,1,1,1
7,30,32,6.116874283179641e-05,0,0,3,4,5,2,5,2,1,1,1,1
7,30,34,0.00016792240785434842,0,0,3,4,5,4,5,4,1,1,1,1
7,30,35,0.15714187920093536,0,0,3,4,5,5,5,5,1,1,1,1
7,30,38,4.792237632500473e-06,0,0,3,5,5,3,5,3,1,2,1,2
7,30,45,0.0002640819875523448,0,1,3,6,5,5,5,5,1,1,1,5
7,30,46,5.404644616646692e-05,0,2,3,7,5,0,5,0,1,0,1,4
7,31,0,0.00015960684686433524,0,0,4,1,1,0,1,0,1,2,1,4
7,31,2,0.004582417197525501,0,0,4,3,1,1,1,1,1,1,1,1
7,31,4,0.012704998254776001,0,0,4,3,1,1,1,1,1,1,1,1
7,31,5,0.005847287829965353,0,0,4,3,1,1,1,1,1,1,1,1
7,31,6,0.0011220612796023488,0,0,4,3,1,1,1,1,1,1,1,1
7,31,8,0.00013190717436373234,0,0,4,3,1,2,1,2,1,1,1,1
7,31,9,0.00178003020118922,0,0,4,3,1,2,1,2,1,1,1,1
7,31,10,0.0006210278952494264,0,0,4,3,1,2,1,2,1,1,1,1
7,31,11,0.000631204224191606,0,0,4,3,1,2,1,2,1,1,1,1
7,31,12,8.429117588093504e-05,0,0,4,3,1,2,1,2,1,1,1,1
7,31,14,0.0008546534809283912,0,0,4,3,1,3,1,3,1,1,1,1
7,31,18,0.0001945689582498744,0,0,4,3,1,3,1,3,1,1,1,1
7,31,19,3.4961423807544634e-05,0,0,4,3,1,4,1,4,1,1,1,1
7,31,21,0.00028341522556729615,0,0,4,3,1,4,1,4,1,1,1,1
7,31,22,3.723401823663153e-05,0,0,4,3,1,4,1,4,1,1,1,1
7,31,23,1.9452239939710125e-05,0,0,4,3,1,4,1,4,1,1,1,1
7,31,24,0.00015093707770574838,0,0,4,3,1,4,1,4,1,1,1,1
7,31,26,0.0006337732193060219,0,0,4,3,1,5,1,5,1,1,1,1
7,31,32,0.007544332183897495,0,0,4,4,1,2,1,2,1,1,1,1
7,31,34,0.00015194380830507725,0,0,4,4,1,4,1,4,1,1,1,1
7,31,35,0.005991191137582064,0,0,4,4,1,5,1,5,1,1,1,1
7,31,38,8.679034363012761e-05,0,0,4,5,1,3,1,3,1,2,1,2
7,31,45,0.9545642137527466,0,1,4,6,1,5,1,5,1,1,1,5
7,31,46,0.0017872470198199153,0,2,4,7,1,0,1,0,1,0,1,4
7,33,0,0.046868883073329926,0,0,4,1,3,0,3,0,1,2,1,4
7,33,2,0.02102050743997097,0,0,4,3,3,1,3,1,1,1,1,1
7,33,4,0.007261095568537712,0,0,4,3,3,1,3,1,1,1,1,1
7,33,5,0.00934822391718626,0,0,4,3,3,1,3,1,1,1,1,1
7,33,6,0.003153851954266429,0,0,4,3,3,1,3,1,1,1,1,1
7,33,8,2.46672843786655e-05,0,0,4,3,3,2,3,2,1,1,1,1
7,33,9,3.5153410863131285e-05,0,0,4,3,3,2,3,2,1,1,1,1
7,33,10,7.845435902709141e-05,0,0,4,3,3,2,3,2,1,1,1,1
7,33,11,5.312288340064697e-05,0,0,4,3,3,2,3,2,1,1,1,1
7,33,12,1.3292599760461599e-05,0,0,4,3,3,2,3,2,1,1,1,1
7,33,14,0.0014212096575647593,0,0,4,3,3,3,3,3,1,1,1,1
7,33,18,0.0002518619876354933,0,0,4,3,3,3,3,3,1,1,1,1
7,33,19,8.881076064426452e-05,0,0,4,3,3,4,3,4,1,1,1,1
7,33,21,0.001665789633989334,0,0,4,3,3,4,3,4,1,1,1,1
7,33,22,6.271788879530504e-05,0,0,4,3,3,4,3,4,1,1,1,1
7,33,23,3.1032668630359694e-05,0,0,4,3,3,4,3,4,1,1,1,1
7,33,24,0.0006102645420469344,0,0,4,3,3,4,3,4,1,1,1,1
7,33,26,0.0011330259731039405,0,0,4,3,3,5,3,5,1,1,1,1
7,33,32,0.0004973224131390452,0,0,4,4,3,2,3,2,1,1,1,1
7,33,34,0.0007743044989183545,0,0,4,4,3,4,3,4,1,1,1,1
7,33,35,0.04643367975950241,0,0,4,4,3,5,3,5,1,1,1,1
7,33,38,2.044189750449732e-05,0,0,4,5,3,3,3,3,1,2,1,2
7,33,45,0.8246580958366394,0,1,4,6,3,5,3,5,1,1,1,5
7,33,46,0.0344940684735775,0,2,4,7,3,0,3,0,1,0,1,4
7,36,0,0.0006524823838844895,0,0,5,1,1,0,1,0,2,2,2,4
7,36,2,0.1636466383934021,0,0,5,3,1,1,1,1,2,1,2,1
7,36,4,0.20098966360092163,0,0,5,3,1,1,1,1,2,1,2,1
7,36,5,0.2525057792663574,0,0,5,3,1,1,1,1,2,1,2,1
7,36,6,0.18372046947479248,0,0,5,3,1,1,1,1,2,1,2,1
7,36,8,0.008667667396366596,0,0,5,3,1,2,1,2,2,1,2,1
7,36,9,0.0907641276717186,0,0,5,3,1,2,1,2,2,1,2,1
7,36,10,0.015359843149781227,0,0,5,3,1,2,1,2,2,1,2,1
7,36,11,0.005749619100242853,0,0,5,3,1,2,1,2,2,1,2,1
7,36,12,0.012975836172699928,0,0,5,3,1,2,1,2,2,1,2,1
7,36,14,0.005045783240348101,0,0,5,3,1,3,1,3,2,1,2,1
7,36,18,0.0023768339306116104,0,0,5,3,1,3,1,3,2,1,2,1
7,36,19,0.0038183655124157667,0,0,5,3,1,4,1,4,2,1,2,1
7,36,21,0.0018193102441728115,0,0,5,3,1,4,1,4,2,1,2,1
7,36,22,0.02466133050620556,0,0,5,3,1,4,1,4,2,1,2,1
7,36,23,0.002160015283152461,0,0,5,3,1,4,1,4,2,1,2,1
7,36,24,0.004102233797311783,0,0,5,3,1,4,1,4,2,1,2,1
7,36,26,0.016965843737125397,0,0,5,3,1,5,1,5,2,1,2,1
7,36,32,0.0002790422295220196,0,0,5,4,1,2,1,2,2,1,2,1
7,36,34,0.0008568402845412493,0,0,5,4,1,4,1,4,2,1,2,1
7,36,35,0.0021694335155189037,0,0,5,4,1,5,1,5,2,1,2,1
7,36,38,0.00012422059080563486,0,0,5,5,1,3,1,3,2,2,2,2
7,36,45,0.00011251374962739646,0,1,5,6,1,5,1,5,2,1,2,5
7,36,46,0.0004761047021020204,0,2,5,7,1,0,1,0,2,0,2,4
7,37,0,0.045946650207042694,0,0,5,1,2,0,2,0,2,2,2,4
7,37,2,0.12813007831573486,0,0,5,3,2,1,2,1,2,1,2,1
7,37,4,0.08036421239376068,0,0,5,3,2,1,2,1,2,1,2,1
7,37,5,0.11038358509540558,0,0,5,3,2,1,2,1,2,1,2,1
7,37,6,0.21916836500167847,0,0,5,3,2,1,2,1,2,1,2,1
7,37,8,0.021209336817264557,0,0,5,3,2,2,2,2,2,1,2,1
7,37,9,0.013157879002392292,0,0,5,3,2,2,2,2,2,1,2,1
7,37,10,0.014537060633301735,0,0,5,3,2,2,2,2,2,1,2,1
7,37,11,0.0038170968182384968,0,0,5,3,2,2,2,2,2,1,2,1
7,37,12,0.027088409289717674,0,0,5,3,2,2,2,2,2,1,2,1
7,37,14,0.055729955434799194,0,0,5,3,2,3,2,3,2,1,2,1
7,37,18,0.01653536781668663,0,0,5,3,2,3,2,3,2,1,2,1
7,37,19,0.04731639847159386,0,0,5,3,2,4,2,4,2,1,2,1
7,37,21,0.01538500003516674,0,0,5,3,2,4,2,4,2,1,2,1
7,37,22,0.07849511504173279,0,0,5,3,2,4,2,4,2,1,2,1
7,37,23,0.01704706996679306,0,0,5,3,2,4,2,4,2,1,2,1
7,37,24,0.010877181775867939,0,0,5,3,2,4,2,4,2,1,2,1
7,37,26,0.03729632496833801,0,0,5,3,2,5,2,5,2,1,2,1
7,37,32,0.0006875430117361248,0,0,5,4,2,2,2,2,2,1,2,1
7,37,34,0.01246233657002449,0,0,5,4,2,4,2,4,2,1,2,1
7,37,35,0.03482212871313095,0,0,5,4,2,5,2,5,2,1,2,1
7,37,38,0.006607588846236467,0,0,5,5,2,3,2,3,2,2,2,2
7,37,45,0.00015368088497780263,0,1,5,6,2,5,2,5,2,1,2,5
7,37,46,0.0027814414352178574,0,2,5,7,2,0,2,0,2,0,2,4
7,39,0,0.10886528342962265,0,0,5,1,4,0,4,0,2,2,2,4
7,39,2,0.07095082104206085,0,0,5,3,4,1,4,1,2,1,2,1
7,39,4,0.05631784349679947,0,0,5,3,4,1,4,1,2,1,2,1
7,39,5,0.061146318912506104,0,0,5,3,4,1,4,1,2,1,2,1
7,39,6,0.08063756674528122,0,0,5,3,4,1,4,1,2,1,2,1
7,39,8,0.017835425212979317,0,0,5,3,4,2,4,2,2,1,2,1
7,39,9,0.011749614961445332,0,0,5,3,4,2,4,2,2,1,2,1
7,39,10,0.014716197736561298,0,0,5,3,4,2,4,2,2,1,2,1
7,39,11,0.021723685786128044,0,0,5,3,4,2,4,2,2,1,2,1
7,39,12,0.019121138378977776,0,0,5,3,4,2,4,2,2,1,2,1
7,39,14,0.03886909410357475,0,0,5,3,4,3,4,3,2,1,2,1
7,39,18,0.03965017944574356,0,0,5,3,4,3,4,3,2,1,2,1
7,39,19,0.020435171201825142,0,0,5,3,4,4,4,4,2,1,2,1
7,39,21,0.050112344324588776,0,0,5,3,4,4,4,4,2,1,2,1
7,39,22,0.030711736530065536,0,0,5,3,4,4,4,4,2,1,2,1
7,39,23,0.027049217373132706,0,0,5,3,4,4,4,4,2,1,2,1
7,39,24,0.027139771729707718,0,0,5,3,4,4,4,4,2,1,2,1
7,39,26,0.03128005564212799,0,0,5,3,4,5,4,5,2,1,2,1
7,39,32,0.023889008909463882,0,0,5,4,4,2,4,2,2,1,2,1
7,39,34,0.0355917327105999,0,0,5,4,4,4,4,4,2,1,2,1
7,39,35,0.047630373388528824,0,0,5,4,4,5,4,5,2,1,2,1
7,39,38,0.011564783751964569,0,0,5,5,4,3,4,3,2,2,2,2
7,39,45,0.055019017308950424,0,1,5,6,4,5,4,5,2,1,2,5
7,39,46,0.09799370169639587,0,2,5,7,4,0,4,0,2,0,2,4
7,40,0,0.0013666677987203002,0,0,5,1,5,0,5,0,2,2,2,4
7,40,2,0.19155897200107574,0,0,5,3,5,1,5,1,2,1,2,1
7,40,4,0.24299484491348267,0,0,5,3,5,1,5,1,2,1,2,1
7,40,5,0.14842292666435242,0,0,5,3,5,1,5,1,2,1,2,1
7,40,6,0.21417024731636047,0,0,5,3,5,1,5,1,2,1,2,1
7,40,8,0.004381293430924416,0,0,5,3,5,2,5,2,2,1,2,1
7,40,9,0.02109028398990631,0,0,5,3,5,2,5,2,2,1,2,1
7,40,10,0.006657443009316921,0,0,5,3,5,2,5,2,2,1,2,1
7,40,11,0.003908311482518911,0,0,5,3,5,2,5,2,2,1,2,1
7,40,12,0.011642182245850563,0,0,5,3,5,2,5,2,2,1,2,1
7,40,14,0.017680494114756584,0,0,5,3,5,3,5,3,2,1,2,1
7,40,18,0.009723181836307049,0,0,5,3,5,3,5,3,2,1,2,1
7,40,19,0.0059895627200603485,0,0,5,3,5,4,5,4,2,1,2,1
7,40,21,0.003508351743221283,0,0,5,3,5,4,5,4,2,1,2,1
7,40,22,0.0672454982995987,0,0,5,3,5,4,5,4,2,1,2,1
7,40,23,0.004025784786790609,0,0,5,3,5,4,5,4,2,1,2,1
7,40,24,0.0021015547681599855,0,0,5,3,5,4,5,4,2,1,2,1
7,40,26,0.023318301886320114,0,0,5,3,5,5,5,5,2,1,2,1
7,40,32,0.0003100345202255994,0,0,5,4,5,2,5,2,2,1,2,1
7,40,34,0.0035491047892719507,0,0,5,4,5,4,5,4,2,1,2,1
7,40,35,0.015364191494882107,0,0,5,4,5,5,5,5,2,1,2,1
7,40,38,0.00029004705720581114,0,0,5,5,5,3,5,3,2,2,2,2
7,40,45,6.324972491711378e-05,0,1,5,6,5,5,5,5,2,1,2,5
7,40,46,0.00063749507535249,0,2,5,7,5,0,5,0,2,0,2,4
7,41,0,0.016904737800359726,1,0,6,1,1,0,1,0,1,2,5,4
7,41,2,0.06142088398337364,1,0,6,3,1,1,1,1,1,1,5,1
7,41,4,0.12947598099708557,1,0,6,3,1,1,1,1,1,1,5,1
7,41,5,0.12355473637580872,1,0,6,3,1,1,1,1,1,1,5,1
7,41,6,0.04557076469063759,1,0,6,3,1,1,1,1,1,1,5,1
7,41,8,0.0018860155250877142,1,0,6,3,1,2,1,2,1,1,5,1
7,41,9,0.015415596775710583,1,0,6,3,1,2,1,2,1,1,5,1
7,41,10,0.0059171635657548904,1,0,6,3,1,2,1,2,1,1,5,1
7,41,11,0.004710974171757698,1,0,6,3,1,2,1,2,1,1,5,1
7,41,12,0.0021848310716450214,1,0,6,3,1,2,1,2,1,1,5,1
7,41,14,0.004337590653449297,1,0,6,3,1,3,1,3,1,1,5,1
7,41,18,0.0032492615282535553,1,0,6,3,1,3,1,3,1,1,5,1
7,41,19,0.0013148515718057752,1,0,6,3,1,4,1,4,1,1,5,1
7,41,21,0.0012570939725264907,1,0,6,3,1,4,1,4,1,1,5,1
7,41,22,0.002202640287578106,1,0,6,3,1,4,1,4,1,1,5,1
7,41,23,0.0010495609603822231,1,0,6,3,1,4,1,4,1,1,5,1
7,41,24,0.008251732215285301,1,0,6,3,1,4,1,4,1,1,5,1
7,41,26,0.057268016040325165,1,0,6,3,1,5,1,5,1,1,5,1
7,41,32,0.010790567845106125,1,0,6,4,1,2,1,2,1,1,5,1
7,41,34,0.009269580245018005,1,0,6,4,1,4,1,4,1,1,5,1
7,41,35,0.06946244835853577,1,0,6,4,1,5,1,5,1,1,5,1
7,41,38,0.0005625786725431681,1,0,6,5,1,3,1,3,1,2,5,2
7,41,45,0.18885014951229095,1,1,6,6,1,5,1,5,1,1,5,5
7,41,46,0.23509228229522705,1,2,6,7,1,0,1,0,1,0,5,4
7,42,0,0.0033232735004276037,1,0,6,1,2,0,2,0,1,2,5,4
7,42,2,0.016068177297711372,1,0,6,3,2,1,2,1,1,1,5,1
7,42,4,0.027110498398542404,1,0,6,3,2,1,2,1,1,1,5,1
7,42,5,0.019902357831597328,1,0,6,3,2,1,2,1,1,1,5,1
7,42,6,0.011130722239613533,1,0,6,3,2,1,2,1,1,1,5,1
7,42,8,0.0037811612710356712,1,0,6,3,2,2,2,2,1,1,5,1
7,42,9,0.006287661846727133,1,0,6,3,2,2,2,2,1,1,5,1
7,42,10,0.003046663710847497,1,0,6,3,2,2,2,2,1,1,5,1
7,42,11,0.006804877892136574,1,0,6,3,2,2,2,2,1,1,5,1
7,42,12,0.002468733349815011,1,0,6,3,2,2,2,2,1,1,5,1
7,42,14,0.016298865899443626,1,0,6,3,2,3,2,3,1,1,5,1
7,42,18,0.0011640099110081792,1,0,6,3,2,3,2,3,1,1,5,1
7,42,19,0.0005735644372180104,1,0,6,3,2,4,2,4,1,1,5,1
7,42,21,0.0007937363698147237,1,0,6,3,2,4,2,4,1,1,5,1
7,42,22,0.0004145813873037696,1,0,6,3,2,4,2,4,1,1,5,1
7,42,23,0.0005206636269576848,1,0,6,3,2,4,2,4,1,1,5,1
7,42,24,0.0030647318344563246,1,0,6,3,2,4,2,4,1,1,5,1
7,42,26,0.006935835815966129,1,0,6,3,2,5,2,5,1,1,5,1
7,42,32,0.10452403128147125,1,0,6,4,2,2,2,2,1,1,5,1
7,42,34,0.006138393189758062,1,0,6,4,2,4,2,4,1,1,5,1
7,42,35,0.023098424077033997,1,0,6,4,2,5,2,5,1,1,5,1
7,42,38,0.004284021910279989,1,0,6,5,2,3,2,3,1,2,5,2
7,42,45,0.6922792196273804,1,1,6,6,2,5,2,5,1,1,5,5
7,42,46,0.03998617082834244,1,2,6,7,2,0,2,0,1,0,5,4
7,43,0,0.039681773632764816,1,0,6,1,3,0,3,0,1,2,5,4
7,43,2,0.011553131975233555,1,0,6,3,3,1,3,1,1,1,5,1
7,43,4,0.020829016342759132,1,0,6,3,3,1,3,1,1,1,5,1
7,43,5,0.015480751171708107,1,0,6,3,3,1,3,1,1,1,5,1
7,43,6,0.006621658336371183,1,0,6,3,3,1,3,1,1,1,5,1
7,43,8,9.885372855933383e-05,1,0,6,3,3,2,3,2,1,1,5,1
7,43,9,0.0003414020757190883,1,0,6,3,3,2,3,2,1,1,5,1
7,43,10,0.0002338340418646112,1,0,6,3,3,2,3,2,1,1,5,1
7,43,11,0.00044624088332057,1,0,6,3,3,2,3,2,1,1,5,1
7,43,12,4.875114973401651e-05,1,0,6,3,3,2,3,2,1,1,5,1
7,43,14,0.0015468387864530087,1,0,6,3,3,3,3,3,1,1,5,1
7,43,18,0.0003504391061142087,1,0,6,3,3,3,3,3,1,1,5,1
7,43,19,5.1462942792568356e-05,1,0,6,3,3,4,3,4,1,1,5,1
7,43,21,0.00018391344929113984,1,0,6,3,3,4,3,4,1,1,5,1
7,43,22,7.285528408829123e-05,1,0,6,3,3,4,3,4,1,1,5,1
7,43,23,4.463857476366684e-05,1,0,6,3,3,4,3,4,1,1,5,1
7,43,24,0.0008968465845100582,1,0,6,3,3,4,3,4,1,1,5,1
7,43,26,0.007615456357598305,1,0,6,3,3,5,3,5,1,1,5,1
7,43,32,0.000906048808246851,1,0,6,4,3,2,3,2,1,1,5,1
7,43,34,0.0009669236605986953,1,0,6,4,3,4,3,4,1,1,5,1
7,43,35,0.034173570573329926,1,0,6,4,3,5,3,5,1,1,5,1
7,43,38,3.0403192795347422e-05,1,0,6,5,3,3,3,3,1,2,5,2
7,43,45,0.7392902374267578,1,1,6,6,3,5,3,5,1,1,5,5
7,43,46,0.11853516101837158,1,2,6,7,3,0,3,0,1,0,5,4
7,44,0,0.01902296580374241,1,0,6,1,4,0,4,0,1,2,5,4
7,44,2,0.0020502021070569754,1,0,6,3,4,1,4,1,1,1,5,1
7,44,4,0.0040300930850207806,1,0,6,3,4,1,4,1,1,1,5,1
7,44,5,0.0019971432629972696,1,0,6,3,4,1,4,1,1,1,5,1
7,44,6,0.0013920569326728582,1,0,6,3,4,1,4,1,1,1,5,1
7,44,8,0.0003288892039563507,1,0,6,3,4,2,4,2,1,1,5,1
7,44,9,0.0005173441604711115,1,0,6,3,4,2,4,2,1,1,5,1
7,44,10,0.0005367178819142282,1,0,6,3,4,2,4,2,1,1,5,1
7,44,11,0.0004858394677285105,1,0,6,3,4,2,4,2,1,1,5,1
7,44,12,0.00025987139088101685,1,0,6,3,4,2,4,2,1,1,5,1
7,44,14,0.0009045691695064306,1,0,6,3,4,3,4,3,1,1,5,1
7,44,18,0.0007668817997910082,1,0,6,3,4,3,4,3,1,1,5,1
7,44,19,0.00017772648425307125,1,0,6,3,4,4,4,4,1,1,5,1
7,44,21,0.0009455319959670305,1,0,6,3,4,4,4,4,1,1,5,1
7,44,22,0.0001416554005118087,1,0,6,3,4,4,4,4,1,1,5,1
7,44,23,0.00016079093620646745,1,0,6,3,4,4,4,4,1,1,5,1
7,44,24,0.0007501532672904432,1,0,6,3,4,4,4,4,1,1,5,1
7,44,26,0.0023769305553287268,1,0,6,3,4,5,4,5,1,1,5,1
7,44,32,0.006506495177745819,1,0,6,4,4,2,4,2,1,1,5,1
7,44,34,0.0009206905961036682,1,0,6,4,4,4,4,4,1,1,5,1
7,44,35,0.01942381262779236,1,0,6,4,4,5,4,5,1,1,5,1
7,44,38,0.0005785434623248875,1,0,6,5,4,3,4,3,1,2,5,2
7,44,45,0.8806577920913696,1,1,6,6,4,5,4,5,1,1,5,5
7,44,46,0.05506797134876251,1,2,6,7,4,0,4,0,1,0,5,4
