method,seed,runtime_sec,converged,n_iter,selected_ckpt_id,support_size,precision,recall,f1,auroc,auprc,fdr,tp,fp,fn,tn,train_mse,val_mse,test_mse,train_r2,val_r2,test_r2,train_nll,val_nll,test_nll,n,p,snr,n_active,sigma2,setting
flow_stagewise,53,563.1549963951111,True,,77,10.0,1.0,1.0,1.0,1.0,1.0,0.0,10.0,0.0,0.0,90.0,6.395542144775391,5.984402656555176,6.511566638946533,0.7273140809526011,0.7052549676520856,0.721700012072608,2.346775531768799,2.315021276473999,2.35573673248291,1000,100,2.5,10,6.473557472229004,simple
