method,seed,runtime_sec,converged,n_iter,support_size,precision,recall,f1,auroc,auprc,fdr,tp,fp,fn,tn,train_mse,val_mse,test_mse,train_r2,val_r2,test_r2,train_nll,val_nll,test_nll,n,p,snr,n_active,sigma2,setting
mf_spike_slab,38,0.050962009001523256,True,22,10.0,1.0,1.0,1.0,1.0,1.0,0.0,10.0,0.0,0.0,90.0,6.8668051215861095,8.804251609701003,8.007175068531557,0.7441357471822094,0.699631823565338,0.6693352677494673,2.382366218151244,2.520959062081466,2.463941175214189,1000,100,2.5,10,7.5600556036293485,block_corr
mf_ard,38,0.10411266202572733,True,71,32.0,0.3125,1.0,0.47619047619047616,1.0,1.0,0.6875,10.0,22.0,0.0,68.0,6.135281531293879,9.561791423428467,9.137121116304655,0.7713930718819202,0.6737873949286943,0.6226729549928961,2.330229550518912,2.5745805124686165,2.5442964621305815,1000,100,2.5,10,7.5600556036293485,block_corr
mf_bayes_lasso,38,0.11369275895413011,True,75,64.0,0.15625,1.0,0.2702702702702703,1.0,1.0,0.84375,10.0,54.0,0.0,36.0,5.867624509397221,10.497036937188723,9.654784785859075,0.7813662490300151,0.6418803116307414,0.6012954882553752,2.3037307546365398,2.6917820216759707,2.621181914299908,1000,100,2.5,10,7.5600556036293485,block_corr
