{
  "sim": "block_corr",
  "n": 1000,
  "p": 100,
  "n_active": 10,
  "active_idx": [
    8,
    10,
    18,
    24,
    25,
    42,
    51,
    54,
    55,
    97
  ],
  "snr": 2.5,
  "sigma2": 4.754016245050782,
  "sigma": 2.18037066689377,
  "rho": 0.8,
  "block_size": 10,
  "beta_low": 0.8,
  "beta_high": 1.8,
  "setting": "block_corr",
  "seed": 94
}