method,seed,runtime_sec,converged,n_iter,support_size,precision,recall,f1,auroc,auprc,fdr,tp,fp,fn,tn,train_mse,val_mse,test_mse,train_r2,val_r2,test_r2,train_nll,val_nll,test_nll,n,p,snr,n_active,sigma2,setting,selected_ckpt_id,rho,block_size
mf_spike_slab,94,0.09019292402081192,True,40,11.0,0.9090909090909091,1.0,0.9523809523809523,1.0,1.0,0.09090909090909091,10.0,1.0,0.0,89.0,4.427782644813242,5.262053480957914,4.711019606430369,0.7081848160142561,0.6880176601205785,0.7382217701867883,2.1629671765418514,2.2555091619053007,2.194385403837783,1000,100,2.5,10,4.754016245050782,block_corr,,,
mf_ard,94,0.09565851406659931,True,66,41.0,0.24390243902439024,1.0,0.39215686274509803,1.0,1.0,0.7560975609756098,10.0,31.0,0.0,59.0,3.840292457133339,5.84365787043637,4.992996906062031,0.7469036445928123,0.6535348676194654,0.7225530775232445,2.0968145947162884,2.322141114926247,2.2264638741652156,1000,100,2.5,10,4.754016245050782,block_corr,,,
mf_bayes_lasso,94,0.11083028395660222,True,75,69.0,0.14492753623188406,1.0,0.25316455696202533,1.0,1.0,0.855072463768116,10.0,59.0,0.0,31.0,3.6843004915936852,6.4590071330303775,5.3659520871921496,0.7571843714883782,0.6170513724436987,0.7018289975422051,2.0710692058927638,2.440514775054816,2.294977103610723,1000,100,2.5,10,4.754016245050782,block_corr,,,
flow_stagewise,94,808.8276035785675,True,,9.0,1.0,0.9,0.9473684210526316,0.95,0.91,0.0,9.0,0.0,1.0,90.0,5.076010227203369,5.619056224822998,5.3316473960876465,0.6654630386465346,0.6668512936846269,0.703735226308524,2.2322945594787598,2.289414882659912,2.2591729164123535,1000,100,2.5,10,4.754016245050782,block_corr,59.0,0.8,10.0
