method,seed,runtime_sec,converged,n_iter,selected_ckpt_id,support_size,precision,recall,f1,auroc,auprc,fdr,tp,fp,fn,tn,train_mse,val_mse,test_mse,train_r2,val_r2,test_r2,train_nll,val_nll,test_nll,n,p,snr,n_active,sigma2,setting
flow_stagewise,68,5705.76201581955,True,,107,10.0,1.0,1.0,1.0,1.0,1.0,0.0,10.0,0.0,0.0,90.0,7.265913009643555,6.0259833335876465,6.99941349029541,0.7292840137147625,0.7451174869073183,0.6494251721029252,2.4119350910186768,2.3200643062591553,2.392188310623169,1000,100,2.5,10,6.748209476470947,simple
