method,seed,runtime_sec,converged,n_iter,selected_ckpt_id,support_size,precision,recall,f1,auroc,auprc,fdr,tp,fp,fn,tn,train_mse,val_mse,test_mse,train_r2,val_r2,test_r2,train_nll,val_nll,test_nll,n,p,snr,n_active,sigma2,setting
flow_stagewise,83,465.36744570732117,True,,51,9.0,1.0,0.9,0.9473684210526316,0.95,0.91,0.0,9.0,0.0,1.0,90.0,6.08232307434082,5.717861175537109,5.794501304626465,0.7043133733861568,0.7161898650922838,0.7497058281667395,2.321631908416748,2.2917354106903076,2.2980239391326904,1000,100,2.5,10,6.095137596130371,simple
