method,seed,runtime_sec,converged,n_iter,selected_ckpt_id,support_size,precision,recall,f1,auroc,auprc,fdr,tp,fp,fn,tn,train_mse,val_mse,test_mse,train_r2,val_r2,test_r2,train_nll,val_nll,test_nll,n,p,snr,n_active,sigma2,noise_x,group_size,setting
flow_stagewise,76,649.0133411884308,True,,123,7.0,0.7142857142857143,0.5,0.588235294117647,0.7388888888888888,0.40714285714285714,0.2857142857142857,5.0,2.0,5.0,88.0,11.984256744384766,12.15591812133789,13.369128227233887,0.38543128446977615,0.37521756209613255,0.39850927703626926,2.8326892852783203,2.8463051319122314,2.951352596282959,1000,100,2.5,10,5.746373811916891,0.15,10,jitter
