method,seed,runtime_sec,converged,n_iter,support_size,precision,recall,f1,auroc,auprc,fdr,tp,fp,fn,tn,train_mse,val_mse,test_mse,train_r2,val_r2,test_r2,train_nll,val_nll,test_nll,n,p,snr,n_active,sigma2,setting
mf_spike_slab,2,0.01839276496320963,True,7,10.0,0.2,0.2,0.20000000000000004,0.6916666666666667,0.19029478458049884,0.8,2.0,8.0,8.0,82.0,7.228474207157311,7.392909273732304,7.661221625121807,0.7058922577720244,0.6801752910842068,0.6603114585140818,2.407986704759476,2.4192283427261128,2.4375715731521015,1000,100,2.5,10,6.7496379109569755,jitter
mf_ard,2,1.4371226530056447,False,1000,20.0,0.2,0.4,0.26666666666666666,0.7705555555555555,0.23843914402407462,0.8,4.0,16.0,6.0,74.0,6.0860937719979775,7.385800041805433,7.829292917608532,0.7523727349683667,0.680482843625086,0.6528593973410621,2.326071944691535,2.4197059377361807,2.4516562405184006,1000,100,2.5,10,6.7496379109569755,jitter
mf_bayes_lasso,2,1.4859227079432458,False,1000,80.0,0.125,1.0,0.2222222222222222,0.8127777777777778,0.28325045688299544,0.875,10.0,70.0,0.0,20.0,5.380683808696395,7.460021586093779,7.766388084687581,0.7810740245774966,0.6772719447869732,0.6556485153163555,2.2606188890701446,2.4475306833967694,2.475069985859406,1000,100,2.5,10,6.7496379109569755,jitter
