method,seed,runtime_sec,converged,n_iter,support_size,precision,recall,f1,auroc,auprc,fdr,tp,fp,fn,tn,train_mse,val_mse,test_mse,train_r2,val_r2,test_r2,train_nll,val_nll,test_nll,n,p,snr,n_active,sigma2,setting
mf_spike_slab,27,0.02456945297308266,True,7,10.0,1.0,1.0,1.0,1.0,1.0,0.0,10.0,0.0,0.0,90.0,6.872179178396826,7.2381209442448675,6.439226454670725,0.7196026363570192,0.7028595683654042,0.6894805997564424,2.3827352259213535,2.408963373356639,2.351704201506634,1000,100,2.5,10,6.906284332275391,simple
mf_ard,27,0.03161599300801754,True,15,37.0,0.2702702702702703,1.0,0.4255319148936171,1.0,1.0,0.7297297297297297,10.0,27.0,0.0,63.0,5.90597122519937,8.362116122700975,7.515582137184364,0.7590256717253503,0.6567171489371673,0.6375754022399853,2.3112497814251274,2.4930106395094476,2.430365009863757,1000,100,2.5,10,6.906284332275391,simple
mf_bayes_lasso,27,0.030369354994036257,True,14,51.0,0.19607843137254902,1.0,0.3278688524590164,1.0,1.0,0.803921568627451,10.0,41.0,0.0,49.0,5.846559252151118,8.870104764394405,8.12848993619974,0.7614497878869205,0.6358631226752443,0.608019093963732,2.301887990587962,2.558001574111588,2.4951820695021563,1000,100,2.5,10,6.906284332275391,simple
