method,seed,runtime_sec,converged,n_iter,selected_ckpt_id,support_size,precision,recall,f1,auroc,auprc,fdr,tp,fp,fn,tn,train_mse,val_mse,test_mse,train_r2,val_r2,test_r2,train_nll,val_nll,test_nll,n,p,snr,n_active,sigma2,setting
flow_stagewise,97,864.1848111152649,True,,125,11.0,0.9090909090909091,1.0,0.9523809523809523,0.9944444444444445,0.9090909090909091,0.09090909090909091,10.0,1.0,0.0,89.0,5.079402446746826,5.507165908813477,4.491692066192627,0.6996990625269432,0.6803143873284199,0.7607375817719142,2.2316277027130127,2.274545669555664,2.1726577281951904,1000,100,2.5,10,4.983172416687012,simple
