method,seed,runtime_sec,converged,n_iter,support_size,precision,recall,f1,auroc,auprc,fdr,tp,fp,fn,tn,train_mse,val_mse,test_mse,train_r2,val_r2,test_r2,train_nll,val_nll,test_nll,n,p,snr,n_active,sigma2,setting
mf_spike_slab,43,0.02314618311356753,True,9,9.0,0.8888888888888888,0.8,0.8421052631578948,0.9866666666666667,0.9276315789473684,0.1111111111111111,8.0,1.0,2.0,89.0,6.727699049960126,7.708351162061767,7.735102295129252,0.6946225657738148,0.7080646235577994,0.7011103115906245,2.372203957870608,2.443321828527329,2.4452618474167362,1000,100,2.5,10,7.3805413246154785,simple
mf_ard,43,0.02373723196797073,True,16,34.0,0.29411764705882354,1.0,0.45454545454545453,0.9755555555555556,0.904945054945055,0.7058823529411765,10.0,24.0,0.0,66.0,5.846930761926096,8.128203266220517,8.50183496568294,0.7346015776098473,0.6921637286062452,0.6714832323030777,2.3061700128881055,2.476847493238267,2.5048014167275254,1000,100,2.5,10,7.3805413246154785,simple
mf_bayes_lasso,43,0.021429583081044257,True,14,49.0,0.20408163265306123,1.0,0.3389830508474576,0.9688888888888889,0.9035714285714286,0.7959183673469388,10.0,39.0,0.0,51.0,5.788401364915953,8.338314012701108,8.988624764932062,0.7372582893552797,0.6842062862714624,0.6526733386692145,2.2968851994953123,2.515251776012762,2.5709423632022914,1000,100,2.5,10,7.3805413246154785,simple
