method,seed,runtime_sec,converged,n_iter,support_size,precision,recall,f1,auroc,auprc,fdr,tp,fp,fn,tn,train_mse,val_mse,test_mse,train_r2,val_r2,test_r2,train_nll,val_nll,test_nll,n,p,snr,n_active,sigma2,setting
mf_spike_slab,69,0.0170483699766919,True,7,10.0,0.2,0.2,0.20000000000000004,0.7822222222222223,0.30023802781596093,0.8,2.0,8.0,8.0,82.0,8.231875037660506,7.64967200178489,7.419750378211961,0.6896260091009092,0.6887595872104679,0.739591708375521,2.4729792142068603,2.4380259108202442,2.424222272280639,1000,100,2.5,10,7.288311026976527,jitter
mf_ard,69,0.6711778120370582,True,471,14.0,0.5,0.7,0.5833333333333334,0.8944444444444444,0.680928472304663,0.5,7.0,7.0,3.0,83.0,7.250840350167327,7.279945945423692,7.577897595705536,0.726614866411629,0.7038025446567553,0.7340412727633473,2.413191244503905,2.414964107063639,2.433112759264121,1000,100,2.5,10,7.288311026976527,jitter
mf_bayes_lasso,69,1.4693813970079646,False,1000,77.0,0.11688311688311688,0.9,0.2068965517241379,0.7677777777777778,0.2600060374328195,0.8831168831168831,9.0,68.0,1.0,22.0,6.3406707875276584,8.152687823264772,8.78035142142088,0.7609318304397465,0.6682935003141234,0.6918391863654878,2.3426838893722643,2.48107419007666,2.5290111312736236,1000,100,2.5,10,7.288311026976527,jitter
