method,seed,runtime_sec,converged,n_iter,selected_ckpt_id,support_size,precision,recall,f1,auroc,auprc,fdr,tp,fp,fn,tn,train_mse,val_mse,test_mse,train_r2,val_r2,test_r2,train_nll,val_nll,test_nll,n,p,snr,n_active,sigma2,setting
flow_stagewise,19,19250.690170764923,True,,113,7.0,1.0,0.7,0.8235294117647058,0.85,0.73,0.0,7.0,0.0,3.0,90.0,6.01114559173584,5.876340389251709,6.7835869789123535,0.7138186820084071,0.7532817199098798,0.6269174049615673,2.315751075744629,2.3044872283935547,2.3802928924560547,1000,100,2.5,10,5.983975410461426,simple
