stage,tau,best_ckpt_id,best_epoch,best_val_mse,best_support_size,n_evals,best_moment_recovery_score,best_active_mean_zerr_median,best_active_sd_logerr_median,best_active_sd_ratio_median,best_active_marg_skl_median,best_active_joint_skl_median,best_softgate_absdiff_median,best_zero_soft_leakage_median
0,0.8,11,275,8.043645858764648,71,13,1.8400169691729444,1.4046817778282348,0.43533519134470977,1.2723157582135833,1.5052955269308925,11.893716009720162,0.6235754146575927,0.13518530130386353
1,0.7444838872816797,22,525,2.740659713745117,7,13,0.8621273512098943,0.5752691564736341,0.2868581947362602,1.24749644945171,0.549582734029435,0.959804496017731,0.1124013215303421,0.024732664227485657
2,0.6928203230275509,26,601,3.280838966369629,5,13,0.828379355709173,0.6967200909526985,0.13165926475647444,1.0435497200983073,0.5371868707409843,1.1731423218806134,0.0807708315551281,0.02188418246805668
3,0.6447419590941251,39,901,3.8782997131347656,7,13,1.8979424239368683,1.4760308145493934,0.42191160938747474,0.6568747471755998,3.0953924030270663,5.5144695622576805,0.057987587228417396,0.04317566007375717
4,0.6,52,1201,4.078727722167969,7,13,2.311115059428176,1.7663993028950686,0.5447157565331073,0.5800650641994471,3.710026701490992,6.190392795510734,0.056408340364694595,0.06537304818630219
