{
  "n": 1000,
  "p": 100,
  "n_active": 10,
  "sigma2": 5.459137916564941,
  "sigma": 2.336479902267456,
  "active_idx": [
    0,
    8,
    31,
    42,
    49,
    50,
    62,
    69,
    83,
    96
  ],
  "snr": 2.5,
  "setting": "simple",
  "seed": 96
}