method,seed,runtime_sec,converged,n_iter,support_size,precision,recall,f1,auroc,auprc,fdr,tp,fp,fn,tn,train_mse,val_mse,test_mse,train_r2,val_r2,test_r2,train_nll,val_nll,test_nll,n,p,snr,n_active,sigma2,setting,selected_ckpt_id
mf_spike_slab,96,0.026017214986495674,True,7,10.0,1.0,1.0,1.0,1.0,1.0,0.0,10.0,0.0,0.0,90.0,5.162161107207903,6.301010576056322,5.5788643596626795,0.7276415356738054,0.6604621436858075,0.6928748003984528,2.23968915055511,2.348122856677086,2.2793648752691436,1000,100,2.5,10,5.459137916564941,simple,
mf_ard,96,0.021099650068208575,True,14,37.0,0.2702702702702703,1.0,0.4255319148936171,1.0,1.0,0.7297297297297297,10.0,27.0,0.0,63.0,4.376279003869112,6.525430014928165,6.256999692824706,0.7691051084607778,0.6483690208017843,0.6555423907668192,2.1617973437623603,2.375003187021194,2.3483736421982333,1000,100,2.5,10,5.459137916564941,simple,
mf_bayes_lasso,96,0.0226977780694142,True,15,44.0,0.22727272727272727,1.0,0.37037037037037035,1.0,1.0,0.7727272727272727,10.0,34.0,0.0,56.0,4.338537033701353,6.7987014033775655,6.711545171997921,0.7710963956023555,0.6336434493547696,0.6305189519414496,2.152734611832714,2.4332972237124957,2.4233577334008425,1000,100,2.5,10,5.459137916564941,simple,
flow_stagewise,96,818.6348524093628,True,,10.0,1.0,1.0,1.0,1.0,1.0,0.0,10.0,0.0,0.0,90.0,5.2279815673828125,6.261655330657959,5.566247940063477,0.7241687980418141,0.6625828800384992,0.6935693225687093,2.246412992477417,2.34108567237854,2.2773940563201904,1000,100,2.5,10,5.459137916564941,simple,123.0
