method,seed,runtime_sec,converged,n_iter,selected_ckpt_id,support_size,precision,recall,f1,auroc,auprc,fdr,tp,fp,fn,tn,train_mse,val_mse,test_mse,train_r2,val_r2,test_r2,train_nll,val_nll,test_nll,n,p,snr,n_active,sigma2,noise_x,group_size,setting
flow_stagewise,59,6766.849431037903,True,,131,6.0,0.6666666666666666,0.4,0.5,0.6888888888888889,0.32666666666666666,0.3333333333333333,4.0,2.0,6.0,88.0,13.952459335327148,17.747785568237305,13.9581298828125,0.49399557390279014,0.4559038437947418,0.407201794429641,2.8280820846557617,3.0670294761657715,2.832534074783325,1000,100,2.5,10,7.920776769104478,0.15,10,jitter
