method,seed,runtime_sec,converged,n_iter,selected_ckpt_id,support_size,precision,recall,f1,auroc,auprc,fdr,tp,fp,fn,tn,train_mse,val_mse,test_mse,train_r2,val_r2,test_r2,train_nll,val_nll,test_nll,n,p,snr,n_active,sigma2,noise_x,group_size,setting
flow_stagewise,58,7488.478554725647,True,,269,12.0,0.4166666666666667,0.5,0.45454545454545453,0.7111111111111111,0.25833333333333336,0.5833333333333334,5.0,7.0,5.0,83.0,23.675464630126953,21.26150894165039,25.85741424560547,0.08779569871569515,0.19256168103256854,-0.08867538598123437,3.330090284347534,3.183755397796631,3.3911333084106445,1000,100,2.5,10,7.053020636963626,0.15,10,jitter
