{
  "n": 1000,
  "p": 100,
  "n_active": 10,
  "sigma2": 5.561379432678223,
  "sigma": 2.35825777053833,
  "active_idx": [
    15,
    32,
    33,
    59,
    75,
    81,
    86,
    89,
    91,
    97
  ],
  "snr": 2.5,
  "setting": "simple",
  "seed": 15
}