method,seed,runtime_sec,converged,n_iter,support_size,precision,recall,f1,auroc,auprc,fdr,tp,fp,fn,tn,train_mse,val_mse,test_mse,train_r2,val_r2,test_r2,train_nll,val_nll,test_nll,n,p,snr,n_active,sigma2,setting,selected_ckpt_id
mf_spike_slab,15,0.0356506840325892,True,9,10.0,1.0,1.0,1.0,1.0,1.0,0.0,10.0,0.0,0.0,90.0,4.900345557442072,6.737986569024514,4.653765070911992,0.7480962275911873,0.6820984419735003,0.7642072444467396,2.213689833524981,2.397494947222003,2.1890262816797272,1000,100,2.5,10,5.561379432678223,simple,
mf_ard,15,0.024234569049440324,True,15,28.0,0.35714285714285715,1.0,0.5263157894736842,1.0,1.0,0.6428571428571429,10.0,18.0,0.0,72.0,4.160594284776749,6.592138744838578,5.21284323497957,0.7861233695639844,0.6889796148681796,0.7358803781639691,2.1365854716701658,2.3900859760311635,2.24628761529577,1000,100,2.5,10,5.561379432678223,simple,
mf_bayes_lasso,15,0.032900047954171896,True,15,41.0,0.24390243902439024,1.0,0.39215686274509803,1.0,1.0,0.7560975609756098,10.0,31.0,0.0,59.0,4.128320947269246,6.655786817548756,5.517185494477574,0.7877823904169152,0.6859766671370329,0.7204602400811766,2.1279026188035095,2.430747615529127,2.294318586748951,1000,100,2.5,10,5.561379432678223,simple,
flow_stagewise,15,555.3738057613373,True,,10.0,1.0,1.0,1.0,1.0,1.0,0.0,10.0,0.0,0.0,90.0,5.0480499267578125,6.652884006500244,4.6419572830200195,0.7405034256400542,0.6861136554584583,0.7648055127677426,2.2307164669036865,2.3749849796295166,2.194232225418091,1000,100,2.5,10,5.561379432678223,simple,35.0
