{
  "sim": "block_corr",
  "n": 1000,
  "p": 100,
  "n_active": 10,
  "active_idx": [
    28,
    32,
    36,
    46,
    48,
    51,
    60,
    76,
    79,
    86
  ],
  "snr": 2.5,
  "sigma2": 5.487152381558995,
  "sigma": 2.3424671569861966,
  "rho": 0.8,
  "block_size": 10,
  "beta_low": 0.8,
  "beta_high": 1.8,
  "setting": "block_corr",
  "seed": 53
}