method,seed,runtime_sec,converged,n_iter,support_size,precision,recall,f1,auroc,auprc,fdr,tp,fp,fn,tn,train_mse,val_mse,test_mse,train_r2,val_r2,test_r2,train_nll,val_nll,test_nll,n,p,snr,n_active,sigma2,setting
mf_spike_slab,12,0.08879764098674059,True,39,8.0,1.0,0.8,0.888888888888889,0.9911111111111112,0.9488235294117647,0.0,8.0,0.0,2.0,90.0,5.060157952666738,6.8376708847933045,5.965419921964841,0.7156977577227015,0.6089293433468231,0.6886276317428475,2.2296784278356365,2.403075611394866,2.3179871388568154,1000,100,2.5,10,5.122529946154223,block_corr
mf_ard,12,0.08422119298484176,True,59,27.0,0.37037037037037035,1.0,0.5405405405405406,1.0,1.0,0.6296296296296297,10.0,17.0,0.0,73.0,4.19525600295031,6.373526076061957,5.6322638003879115,0.7642918067532856,0.6354754316554034,0.706017121825988,2.14073933758898,2.3659392616076618,2.289304040741202,1000,100,2.5,10,5.122529946154223,block_corr
mf_bayes_lasso,12,0.10691921098623425,True,73,57.0,0.17543859649122806,1.0,0.29850746268656714,1.0,1.0,0.8245614035087719,10.0,47.0,0.0,43.0,4.084396510242576,6.751475239530607,6.029124719073646,0.7705203874911503,0.6138591781051023,0.6853024821633396,2.122584519592236,2.4440907447088307,2.3570141291995763,1000,100,2.5,10,5.122529946154223,block_corr
