method,seed,runtime_sec,converged,n_iter,support_size,precision,recall,f1,auroc,auprc,fdr,tp,fp,fn,tn,train_mse,val_mse,test_mse,train_r2,val_r2,test_r2,train_nll,val_nll,test_nll,n,p,snr,n_active,sigma2,setting,selected_ckpt_id,noise_x,group_size
mf_spike_slab,96,0.016691328026354313,True,7,10.0,0.1,0.1,0.10000000000000002,0.7377777777777779,0.21122613926075068,0.9,1.0,9.0,9.0,81.0,7.947382621375012,7.58179372452161,8.940942210428652,0.6900727386924186,0.7173380606119588,0.6959241371995653,2.4553936766681086,2.4326595801566175,2.5171780464393847,1000,100,2.5,10,7.666787625863459,jitter,,,
mf_ard,96,0.7213873260188848,True,510,15.0,0.4,0.6,0.48,0.87,0.4759908452203534,0.6,6.0,9.0,4.0,81.0,7.073826089324945,7.4910753997296595,7.7555334891593235,0.7241391724447657,0.7207201913524446,0.736239147766427,2.400920993133782,2.4269333160118896,2.4434202676698784,1000,100,2.5,10,7.666787625863459,jitter,,,
mf_bayes_lasso,96,1.3317215139977634,False,1000,82.0,0.12195121951219512,1.0,0.21739130434782605,0.768888888888889,0.24216567216567214,0.8780487804878049,10.0,72.0,0.0,18.0,6.185841537375775,7.490027805263662,8.081771147039792,0.7587682614644448,0.7207592474246896,0.7251440086901124,2.330322511910571,2.4324250718921565,2.47875166766689,1000,100,2.5,10,7.666787625863459,jitter,,,
flow_stagewise,96,585.2109382152557,True,,6.0,0.6666666666666666,0.4,0.5,0.6888888888888889,0.32666666666666666,0.3333333333333333,4.0,2.0,6.0,88.0,14.542266845703125,14.473618507385254,14.422313690185547,0.43288936975528114,0.4603993289299214,0.5095061433584822,2.884284257888794,2.879485845565796,2.876626968383789,1000,100,2.5,10,7.666787625863459,jitter,126.0,0.15,10.0
