method,seed,runtime_sec,converged,n_iter,selected_ckpt_id,support_size,precision,recall,f1,auroc,auprc,fdr,tp,fp,fn,tn,train_mse,val_mse,test_mse,train_r2,val_r2,test_r2,train_nll,val_nll,test_nll,n,p,snr,n_active,sigma2,noise_x,group_size,setting
flow_stagewise,47,1878.9495084285736,True,,149,10.0,0.7,0.7,0.7,0.8333333333333334,0.5199999999999999,0.3,7.0,3.0,3.0,87.0,16.629560470581055,14.638566970825195,19.240310668945312,0.37378587222174686,0.4736767122922123,0.2704939050083274,3.0210161209106445,2.8827478885650635,3.1935513019561768,1000,100,2.5,10,7.552632352857278,0.15,10,jitter
