method,seed,runtime_sec,converged,n_iter,support_size,precision,recall,f1,auroc,auprc,fdr,tp,fp,fn,tn,train_mse,val_mse,test_mse,train_r2,val_r2,test_r2,train_nll,val_nll,test_nll,n,p,snr,n_active,sigma2,setting
mf_spike_slab,25,0.01952935301233083,True,7,10.0,0.1,0.1,0.10000000000000002,0.6388888888888888,0.16844153409049478,0.9,1.0,9.0,9.0,81.0,6.873378233384871,7.270277373841854,8.480807351532935,0.7268669321073579,0.656733093225904,0.6440448251781159,2.3828002186865214,2.411337888674999,2.4983768905099026,1000,100,2.5,10,6.736842894654293,jitter
mf_ard,25,0.8208561779465526,True,566,14.0,0.2857142857142857,0.4,0.3333333333333333,0.7444444444444445,0.3229944822756689,0.7142857142857143,4.0,10.0,6.0,80.0,5.872510668884984,7.5610522438640775,7.924245757004972,0.7666392273548823,0.6430041273188682,0.6674047449908846,2.308107879475212,2.4343890911541273,2.461551298820777,1000,100,2.5,10,6.736842894654293,jitter
mf_bayes_lasso,25,1.4126447009621188,False,1000,80.0,0.125,1.0,0.2222222222222222,0.7266666666666667,0.2269135589233806,0.875,10.0,70.0,0.0,20.0,5.32237135232927,7.990871599309762,8.152168917430945,0.7885005645601282,0.6227101614866527,0.6578383882688775,2.2551075626604,2.4986066716561157,2.513324958937651,1000,100,2.5,10,6.736842894654293,jitter
