method,seed,runtime_sec,converged,n_iter,support_size,precision,recall,f1,auroc,auprc,fdr,tp,fp,fn,tn,train_mse,val_mse,test_mse,train_r2,val_r2,test_r2,train_nll,val_nll,test_nll,n,p,snr,n_active,sigma2,setting
mf_spike_slab,26,0.0372593579813838,True,7,10.0,0.4,0.4,0.4000000000000001,0.8666666666666667,0.3422989291410344,0.6,4.0,6.0,6.0,84.0,6.689829843960456,6.100171023319042,5.499044591688778,0.6898592901926139,0.6852443676235027,0.7594375434363321,2.369266128819048,2.3257020987935153,2.281290840961068,1000,100,2.5,10,6.154220529511736,jitter
mf_ard,26,0.4075287680607289,True,285,13.0,0.38461538461538464,0.5,0.4347826086956522,0.8877777777777778,0.45133328627893843,0.6153846153846154,5.0,8.0,5.0,82.0,6.044695745777438,6.2798905581867315,5.558113577289691,0.7197677261017965,0.6759712282915974,0.7568534981451999,2.322507185405182,2.3396098296343557,2.2871244249154494,1000,100,2.5,10,6.154220529511736,jitter
mf_bayes_lasso,26,1.3114681009901688,False,1000,76.0,0.13157894736842105,1.0,0.23255813953488372,0.8566666666666667,0.34185064935064935,0.868421052631579,10.0,66.0,0.0,24.0,5.462999016927329,6.893462434054003,5.959949560999698,0.7467352036888504,0.6443122464271906,0.7392746897239955,2.2681193716492087,2.3955425922413305,2.312386871287825,1000,100,2.5,10,6.154220529511736,jitter
