{
  "sim": "block_corr",
  "n": 1000,
  "p": 100,
  "n_active": 10,
  "active_idx": [
    14,
    27,
    31,
    35,
    39,
    46,
    58,
    61,
    64,
    95
  ],
  "snr": 2.5,
  "sigma2": 7.754778010673317,
  "sigma": 2.784740205238779,
  "rho": 0.8,
  "block_size": 10,
  "beta_low": 0.8,
  "beta_high": 1.8,
  "setting": "block_corr",
  "seed": 46
}