method,seed,runtime_sec,converged,n_iter,support_size,precision,recall,f1,auroc,auprc,fdr,tp,fp,fn,tn,train_mse,val_mse,test_mse,train_r2,val_r2,test_r2,train_nll,val_nll,test_nll,n,p,snr,n_active,sigma2,setting,selected_ckpt_id,rho,block_size
mf_spike_slab,46,0.05106487404555082,True,21,10.0,1.0,1.0,1.0,1.0,1.0,0.0,10.0,0.0,0.0,90.0,6.970759750052004,8.191862609930295,7.851526112466777,0.7355202644272302,0.70429977466659,0.7329201014004054,2.3898396294617865,2.476337916251059,2.4522297719417496,1000,100,2.5,10,7.754778010673317,block_corr,,,
mf_ard,46,0.09591072797775269,True,66,40.0,0.25,1.0,0.4,1.0,1.0,0.75,10.0,30.0,0.0,60.0,6.12676240352603,8.556860053222929,8.535390482023915,0.767542626843557,0.6911245260855265,0.709657563154855,2.3296717363581108,2.5028305419524433,2.5013007082414784,1000,100,2.5,10,7.754778010673317,block_corr,,,
mf_bayes_lasso,46,0.11288187198806554,True,75,68.0,0.14705882352941177,1.0,0.25641025641025644,1.0,1.0,0.8529411764705882,10.0,58.0,0.0,32.0,5.873902757085585,9.275895639922915,9.516997300946988,0.7771364523124514,0.6651696248458272,0.6762669272571571,2.3042642492376886,2.58916716769357,2.609358440643274,1000,100,2.5,10,7.754778010673317,block_corr,,,
flow_stagewise,46,1096.001415014267,True,,10.0,1.0,1.0,1.0,1.0,1.0,0.0,10.0,0.0,0.0,90.0,7.2234649658203125,8.473788261413574,7.730402946472168,0.7259322792104849,0.6941231259678,0.7370402525179208,2.40883469581604,2.489452600479126,2.4415225982666016,1000,100,2.5,10,7.754778010673317,block_corr,115.0,0.8,10.0
