{
  "n": 1000,
  "p": 100,
  "n_active": 10,
  "sigma2": 6.686102867126465,
  "sigma": 2.585749864578247,
  "active_idx": [
    0,
    11,
    13,
    39,
    42,
    47,
    55,
    56,
    85,
    87
  ],
  "snr": 2.5,
  "setting": "simple",
  "seed": 44
}