method,seed,runtime_sec,converged,n_iter,support_size,precision,recall,f1,auroc,auprc,fdr,tp,fp,fn,tn,train_mse,val_mse,test_mse,train_r2,val_r2,test_r2,train_nll,val_nll,test_nll,n,p,snr,n_active,sigma2,setting
mf_spike_slab,73,0.06501618097536266,True,29,9.0,1.0,0.9,0.9473684210526316,0.9966666666666667,0.976923076923077,0.0,9.0,0.0,1.0,90.0,7.9235580767372,7.62377905578042,6.782547330251795,0.7061352045940217,0.7010051957891759,0.7324877885692468,2.453908919050314,2.4352587894782776,2.382923303722328,1000,100,2.5,10,7.600937403945619,block_corr
mf_ard,73,0.14199783699586987,True,98,38.0,0.2631578947368421,1.0,0.4166666666666667,1.0,1.0,0.7368421052631579,10.0,28.0,0.0,62.0,6.813938237442318,7.781856011922904,6.717823025453223,0.7472882073100791,0.6948056209843121,0.7350405966908735,2.3826536379984575,2.444835973543072,2.37647886931415,1000,100,2.5,10,7.600937403945619,block_corr
mf_bayes_lasso,73,0.10791372903622687,True,73,63.0,0.15873015873015872,1.0,0.27397260273972607,0.9977777777777778,0.9833333333333334,0.8412698412698413,10.0,53.0,0.0,37.0,6.528181060364077,8.807040449715549,7.3531752072969905,0.7578862206728417,0.6545992065519073,0.7099815062154855,2.3570618485612145,2.5289312552839114,2.4192821221092937,1000,100,2.5,10,7.600937403945619,block_corr
