method,seed,runtime_sec,converged,n_iter,support_size,precision,recall,f1,auroc,auprc,fdr,tp,fp,fn,tn,train_mse,val_mse,test_mse,train_r2,val_r2,test_r2,train_nll,val_nll,test_nll,n,p,snr,n_active,sigma2,setting,selected_ckpt_id,noise_x,group_size
mf_spike_slab,97,0.01672255399171263,True,7,10.0,0.0,0.0,0.0,0.6577777777777778,0.15299154143928634,1.0,0.0,10.0,10.0,80.0,6.18091697207156,6.6132527086445085,6.082004286257013,0.7005397108681086,0.7092789508397634,0.681790857508284,2.329705455394489,2.364274980730648,2.321796406224882,1000,100,2.5,10,5.854581396713695,jitter,,,
mf_ard,97,0.5022715639788657,True,352,13.0,0.3076923076923077,0.4,0.34782608695652173,0.8533333333333333,0.36401710843901514,0.6923076923076923,4.0,9.0,6.0,81.0,5.433641707175831,6.572679817482975,5.927899444675076,0.7367445762461636,0.7110625502280836,0.6898535893291766,2.269378299569205,2.361283562131514,2.309258341094832,1000,100,2.5,10,5.854581396713695,jitter,,,
mf_bayes_lasso,97,1.470861296984367,False,1000,71.0,0.14084507042253522,1.0,0.2469135802469136,0.8277777777777777,0.2839444193644913,0.8591549295774648,10.0,61.0,0.0,29.0,4.932660265901338,6.756449882143516,6.571828806645683,0.7610167106125779,0.7029839498243032,0.6561633450521529,2.2170686063871647,2.396876462733792,2.3786746265537646,1000,100,2.5,10,5.854581396713695,jitter,,,
flow_stagewise,97,781.8095417022705,True,,3.0,0.6666666666666666,0.2,0.30769230769230765,0.5944444444444444,0.21333333333333335,0.3333333333333333,2.0,1.0,8.0,89.0,12.332311630249023,15.765602111816406,13.17276382446289,0.4025097755890489,0.3069382371760955,0.31080380616234105,2.7657084465026855,3.0123353004455566,2.804969549179077,1000,100,2.5,10,5.854581396713695,jitter,67.0,0.15,10.0
