method,seed,runtime_sec,converged,n_iter,selected_ckpt_id,support_size,precision,recall,f1,auroc,auprc,fdr,tp,fp,fn,tn,train_mse,val_mse,test_mse,train_r2,val_r2,test_r2,train_nll,val_nll,test_nll,n,p,snr,n_active,sigma2,noise_x,group_size,setting
flow_stagewise,36,665.0056345462799,True,,126,8.0,0.75,0.6,0.6666666666666665,0.788888888888889,0.49,0.25,6.0,2.0,4.0,88.0,11.307175636291504,13.034058570861816,12.995072364807129,0.4847968196379614,0.40897057213414545,0.4539917630717306,2.6825177669525146,2.719076156616211,2.772092342376709,1000,100,2.5,10,6.286956665309339,0.15,10,jitter
