{
  "sim": "block_corr",
  "n": 1000,
  "p": 100,
  "n_active": 10,
  "active_idx": [
    13,
    31,
    43,
    52,
    58,
    59,
    70,
    78,
    81,
    93
  ],
  "snr": 2.5,
  "sigma2": 4.3981874429456385,
  "sigma": 2.0971856005002607,
  "rho": 0.8,
  "block_size": 10,
  "beta_low": 0.8,
  "beta_high": 1.8,
  "setting": "block_corr",
  "seed": 39
}