{
  "n": 1000,
  "p": 100,
  "n_active": 10,
  "sigma2": 8.186055183410645,
  "sigma": 2.861128330230713,
  "active_idx": [
    9,
    26,
    42,
    60,
    70,
    71,
    72,
    76,
    79,
    82
  ],
  "snr": 2.5,
  "setting": "simple",
  "seed": 82
}