{
  "n": 1000,
  "p": 100,
  "n_active": 10,
  "sigma2": 4.563392162322998,
  "sigma": 2.136209726333618,
  "active_idx": [
    0,
    9,
    27,
    54,
    61,
    62,
    66,
    70,
    74,
    91
  ],
  "snr": 2.5,
  "setting": "simple",
  "seed": 18
}