method,seed,runtime_sec,converged,n_iter,support_size,precision,recall,f1,auroc,auprc,fdr,tp,fp,fn,tn,train_mse,val_mse,test_mse,train_r2,val_r2,test_r2,train_nll,val_nll,test_nll,n,p,snr,n_active,sigma2,setting,selected_ckpt_id
mf_spike_slab,18,0.027352956938557327,True,8,10.0,1.0,1.0,1.0,1.0,1.0,0.0,10.0,0.0,0.0,90.0,4.018462223510255,4.463618585320655,4.43515338982903,0.7514498347183747,0.7310554714168183,0.6743389980147192,2.1144869102228356,2.168782374022961,2.1653104906040794,1000,100,2.5,10,4.563392162322998,simple,
mf_ard,18,0.028252955991774797,True,14,28.0,0.35714285714285715,1.0,0.5263157894736842,1.0,1.0,0.6428571428571429,10.0,18.0,0.0,72.0,3.4141551437269815,5.1902708962695945,4.899027628106583,0.7888274722838671,0.6872727961105672,0.6402780003547375,2.0379544948162542,2.2628236056576956,2.2259500997183346,1000,100,2.5,10,4.563392162322998,simple,
mf_bayes_lasso,18,0.028747642994858325,True,14,34.0,0.29411764705882354,1.0,0.45454545454545453,1.0,1.0,0.7058823529411765,10.0,24.0,0.0,66.0,3.392284383408837,5.432254060157109,5.088801660918546,0.7901802238563731,0.6726926865665258,0.626343419914282,2.029714447271872,2.3274475504937278,2.277320752139898,1000,100,2.5,10,4.563392162322998,simple,
flow_stagewise,18,2975.9312057495117,True,,7.0,1.0,0.7,0.8235294117647058,0.85,0.73,0.0,7.0,0.0,3.0,90.0,4.687782287597656,5.205979824066162,5.215081214904785,0.7100510098274706,0.6863262900870529,0.6170710333161716,2.191502332687378,2.248281478881836,2.2493419647216797,1000,100,2.5,10,4.563392162322998,simple,109.0
