method,seed,runtime_sec,converged,n_iter,selected_ckpt_id,support_size,precision,recall,f1,auroc,auprc,fdr,tp,fp,fn,tn,train_mse,val_mse,test_mse,train_r2,val_r2,test_r2,train_nll,val_nll,test_nll,n,p,snr,n_active,sigma2,setting
flow_stagewise,16,5604.778080701828,True,,25,10.0,1.0,1.0,1.0,1.0,1.0,0.0,10.0,0.0,0.0,90.0,8.759133338928223,8.393477439880371,8.553991317749023,0.6940138894290371,0.700967142702692,0.682431773472775,2.503988742828369,2.482992649078369,2.492218255996704,1000,100,2.5,10,8.706111907958984,simple
