method,seed,runtime_sec,converged,n_iter,support_size,precision,recall,f1,auroc,auprc,fdr,tp,fp,fn,tn,train_mse,val_mse,test_mse,train_r2,val_r2,test_r2,train_nll,val_nll,test_nll,n,p,snr,n_active,sigma2,setting
mf_spike_slab,59,0.07099314301740378,True,32,10.0,1.0,1.0,1.0,1.0,1.0,0.0,10.0,0.0,0.0,90.0,8.926062171581464,10.71586840383593,10.013725240851127,0.6786178692835436,0.7204191744742752,0.6731784469094574,2.5134693862087922,2.612414754956372,2.573598366386972,1000,100,2.5,10,8.781717523520564,block_corr
mf_ard,59,0.1279114690842107,True,89,39.0,0.2564102564102564,1.0,0.4081632653061224,1.0,1.0,0.7435897435897436,10.0,29.0,0.0,61.0,7.822070206273749,11.300682118420303,10.883087285832026,0.7183670087455176,0.7051611762476699,0.6448047650972653,2.4514201844833745,2.6468031133579886,2.6233480963757536,1000,100,2.5,10,8.781717523520564,block_corr
mf_bayes_lasso,59,0.10479513497557491,True,71,72.0,0.1388888888888889,1.0,0.24390243902439027,0.9988888888888889,0.990909090909091,0.8611111111111112,10.0,62.0,0.0,28.0,7.4983275625665815,12.038365004034418,12.079793553679567,0.7300233358736933,0.6859147668701187,0.6057474321223615,2.426330240267276,2.7247340261149064,2.7274570071950563,1000,100,2.5,10,8.781717523520564,block_corr
