method,seed,runtime_sec,converged,n_iter,support_size,precision,recall,f1,auroc,auprc,fdr,tp,fp,fn,tn,train_mse,val_mse,test_mse,train_r2,val_r2,test_r2,train_nll,val_nll,test_nll,n,p,snr,n_active,sigma2,setting
mf_spike_slab,23,0.019326274981722236,True,7,10.0,0.1,0.1,0.10000000000000002,0.796111111111111,0.2290929706494223,0.9,1.0,9.0,9.0,81.0,9.49776801802094,8.57512468375955,9.663171905715346,0.693280199654873,0.6865914949433639,0.68351355403385,2.544501465751675,2.4964983957202533,2.553107060253499,1000,100,2.5,10,8.861618665335406,jitter
mf_ard,23,0.9632348930463195,True,666,13.0,0.6923076923076923,0.9,0.7826086956521738,0.9855555555555556,0.8517528223410576,0.3076923076923077,9.0,4.0,1.0,86.0,7.9960040291384304,7.501719354529904,9.30059721615412,0.7417779888156073,0.7258229197867629,0.6953885342180113,2.4619536534013258,2.4345809467598185,2.534199968994606,1000,100,2.5,10,8.861618665335406,jitter
mf_bayes_lasso,23,1.3082907469943166,False,1000,88.0,0.11363636363636363,1.0,0.20408163265306123,0.9388888888888889,0.5109533468559838,0.8863636363636364,10.0,78.0,0.0,12.0,7.138238563667625,8.223449836848866,10.836797855656764,0.7694785656051183,0.699444706074514,0.6450751707147127,2.401911601211991,2.475594380719364,2.6530333279589895,1000,100,2.5,10,8.861618665335406,jitter
