method,seed,runtime_sec,converged,n_iter,support_size,precision,recall,f1,auroc,auprc,fdr,tp,fp,fn,tn,train_mse,val_mse,test_mse,train_r2,val_r2,test_r2,train_nll,val_nll,test_nll,n,p,snr,n_active,sigma2,setting
mf_spike_slab,74,0.03531168797053397,True,15,10.0,1.0,1.0,1.0,1.0,1.0,0.0,10.0,0.0,0.0,90.0,6.6261718565101075,6.203166875818713,7.192796749344856,0.7108446902757513,0.7398010041359462,0.6418832347236358,2.364495364988977,2.3329939159725193,2.4066922798903447,1000,100,2.5,10,6.457220734247616,block_corr
mf_ard,74,0.07200652488972992,True,50,34.0,0.29411764705882354,1.0,0.45454545454545453,1.0,1.0,0.7058823529411765,10.0,24.0,0.0,66.0,5.9745993528083545,6.71288780227399,7.329149578384873,0.7392782493798031,0.7184201714274834,0.6350944659353979,2.3169873586288907,2.3710285087017295,2.416137564858665,1000,100,2.5,10,6.457220734247616,block_corr
mf_bayes_lasso,74,0.11068524094298482,True,73,60.0,0.16666666666666666,1.0,0.2857142857142857,1.0,1.0,0.8333333333333334,10.0,50.0,0.0,40.0,5.774520997421152,7.383560853485704,7.891858513822651,0.7480093417924252,0.6902880160346242,0.6070781725833803,2.2957110557864118,2.433175281376746,2.47660039852611,1000,100,2.5,10,6.457220734247616,block_corr
