method,seed,runtime_sec,converged,n_iter,support_size,precision,recall,f1,auroc,auprc,fdr,tp,fp,fn,tn,train_mse,val_mse,test_mse,train_r2,val_r2,test_r2,train_nll,val_nll,test_nll,n,p,snr,n_active,sigma2,setting
mf_spike_slab,62,0.017712790984660387,True,7,10.0,0.0,0.0,0.0,0.7,0.20593134285069767,1.0,0.0,10.0,10.0,80.0,7.534854634044274,6.496576523339159,8.101338031728899,0.7079102517771717,0.7078746382265951,0.6565920781905825,2.4287418752549623,2.360638858176759,2.4658988066293843,1000,100,2.5,10,6.895293999797796,jitter
mf_ard,62,0.701563743990846,True,491,13.0,0.38461538461538464,0.5,0.4347826086956522,0.8761111111111112,0.48105205606832896,0.6153846153846154,5.0,8.0,5.0,82.0,6.324624716665912,6.5348184107175555,7.645515176513106,0.7548249925422559,0.7061550517420554,0.6759139703039381,2.345120994498045,2.359734207208548,2.436952737329868,1000,100,2.5,10,6.895293999797796,jitter
mf_bayes_lasso,62,1.3570283710723743,False,1000,81.0,0.12345679012345678,1.0,0.21978021978021975,0.8205555555555556,0.2687691049016435,0.8765432098765432,10.0,71.0,0.0,19.0,5.470200037868425,7.598588272809321,9.016104472293,0.787946890896833,0.6583215267014733,0.6178160092171865,2.2689371832103142,2.4563837198242204,2.5812239617618955,1000,100,2.5,10,6.895293999797796,jitter
