{
  "n": 1000,
  "p": 100,
  "n_active": 10,
  "sigma2": 4.489195823669434,
  "sigma": 2.118772268295288,
  "active_idx": [
    9,
    21,
    27,
    33,
    37,
    38,
    48,
    56,
    69,
    77
  ],
  "snr": 2.5,
  "setting": "simple",
  "seed": 52
}