method,seed,runtime_sec,converged,n_iter,selected_ckpt_id,support_size,precision,recall,f1,auroc,auprc,fdr,tp,fp,fn,tn,train_mse,val_mse,test_mse,train_r2,val_r2,test_r2,train_nll,val_nll,test_nll,n,p,snr,n_active,sigma2,noise_x,group_size,setting
flow_stagewise,4,823.0378503799438,True,,184,10.0,0.5,0.5,0.5,0.7222222222222221,0.3,0.5,5.0,5.0,5.0,85.0,14.029985427856445,16.7816219329834,14.867431640625,0.42250500047700157,0.33084130709690107,0.44364448538188384,2.8154404163360596,2.9555795192718506,2.867185592651367,1000,100,2.5,10,7.316391909324972,0.15,10,jitter
