method,seed,runtime_sec,converged,n_iter,support_size,precision,recall,f1,auroc,auprc,fdr,tp,fp,fn,tn,train_mse,val_mse,test_mse,train_r2,val_r2,test_r2,train_nll,val_nll,test_nll,n,p,snr,n_active,sigma2,setting,selected_ckpt_id,rho,block_size
mf_spike_slab,20,0.14049109909683466,True,64,12.0,0.8333333333333334,1.0,0.9090909090909091,1.0,1.0,0.16666666666666666,10.0,2.0,0.0,88.0,7.068231254681963,7.085002029531733,7.048464337196013,0.7478699761497378,0.6983533563309967,0.7049859120517461,2.3968307348333684,2.3979950817390514,2.395458374318375,1000,100,2.5,10,7.143281712162583,block_corr,,,
mf_ard,20,0.12105422909371555,True,83,35.0,0.2857142857142857,1.0,0.4444444444444445,1.0,1.0,0.7142857142857143,10.0,25.0,0.0,65.0,6.422836157697213,7.203366064138488,7.160047029787608,0.770891786745963,0.6933139627469966,0.7003156087472373,2.3531021098719935,2.4062962288127316,2.403343980799373,1000,100,2.5,10,7.143281712162583,block_corr,,,
mf_bayes_lasso,20,0.11093300604261458,True,74,69.0,0.14492753623188406,1.0,0.25316455696202533,0.9988888888888889,0.990909090909091,0.855072463768116,10.0,59.0,0.0,31.0,6.147930007119852,7.804840939180536,7.808958464027217,0.7806979308581469,0.6677059422338878,0.6731553642211865,2.3270530803025395,2.459785202099826,2.460115049527879,1000,100,2.5,10,7.143281712162583,block_corr,,,
flow_stagewise,20,777.5654273033142,True,,10.0,1.0,1.0,1.0,1.0,1.0,0.0,10.0,0.0,0.0,90.0,7.407581329345703,6.8939409255981445,6.959557056427002,0.7357650914971874,0.706487854583464,0.7087071355771721,2.4205210208892822,2.384617805480957,2.389225721359253,1000,100,2.5,10,7.143281712162583,block_corr,83.0,0.8,10.0
