method,seed,runtime_sec,converged,n_iter,selected_ckpt_id,support_size,precision,recall,f1,auroc,auprc,fdr,tp,fp,fn,tn,train_mse,val_mse,test_mse,train_r2,val_r2,test_r2,train_nll,val_nll,test_nll,n,p,snr,n_active,sigma2,noise_x,group_size,setting
flow_stagewise,28,2861.3848445415497,True,,159,11.0,0.6363636363636364,0.7,0.6666666666666666,0.8277777777777778,0.47545454545454546,0.36363636363636365,7.0,4.0,3.0,86.0,12.021474838256836,12.07935905456543,12.55935287475586,0.528088289602983,0.5289505578098135,0.4648022645069456,2.7291884422302246,2.7283084392547607,2.771512508392334,1000,100,2.5,10,7.261333341308989,0.15,10,jitter
