method,seed,runtime_sec,converged,n_iter,selected_ckpt_id,support_size,precision,recall,f1,auroc,auprc,fdr,tp,fp,fn,tn,train_mse,val_mse,test_mse,train_r2,val_r2,test_r2,train_nll,val_nll,test_nll,n,p,snr,n_active,sigma2,rho,block_size,setting
flow_stagewise,61,1019.1137661933899,True,,168,11.0,0.9090909090909091,1.0,0.9523809523809523,0.9944444444444445,0.9090909090909091,0.09090909090909091,10.0,1.0,0.0,89.0,9.933012962341309,9.745275497436523,10.237401008605957,0.7022051923907395,0.6559548339041181,0.705214432827493,2.567889928817749,2.5574049949645996,2.5847342014312744,1000,100,2.5,10,9.218261917535447,0.8,10,block_corr
