{
  "n": 1000,
  "p": 100,
  "n_active": 10,
  "sigma2": 7.094236850738525,
  "sigma": 2.6635007858276367,
  "active_idx": [
    24,
    28,
    32,
    66,
    75,
    77,
    80,
    83,
    96,
    97
  ],
  "snr": 2.5,
  "setting": "simple",
  "seed": 56
}