method,seed,runtime_sec,converged,n_iter,support_size,precision,recall,f1,auroc,auprc,fdr,tp,fp,fn,tn,train_mse,val_mse,test_mse,train_r2,val_r2,test_r2,train_nll,val_nll,test_nll,n,p,snr,n_active,sigma2,setting,selected_ckpt_id
mf_spike_slab,56,0.025704286992549896,True,8,10.0,1.0,1.0,1.0,1.0,1.0,0.0,10.0,0.0,0.0,90.0,6.731719371521281,6.688347397495095,7.515780331802673,0.7432700088492518,0.6437847878567553,0.6664966247919261,2.3724782233582045,2.3693280863867034,2.429425122233552,1000,100,2.5,10,7.094236850738525,simple,
mf_ard,56,0.020282294950447977,True,14,33.0,0.30303030303030304,1.0,0.4651162790697675,1.0,1.0,0.696969696969697,10.0,23.0,0.0,67.0,5.805994058029234,7.588942512790427,8.44591218931546,0.7785747264740343,0.5958199228483612,0.6252231840879097,2.3026966621818117,2.436946708313985,2.5014736542838105,1000,100,2.5,10,7.094236850738525,simple,
mf_bayes_lasso,56,0.022140902001410723,True,15,41.0,0.24390243902439024,1.0,0.39215686274509803,1.0,1.0,0.7560975609756098,10.0,31.0,0.0,59.0,5.757315883922862,7.997211539171215,8.800593647247597,0.7804311834232697,0.5740758911465665,0.609484636908243,2.294194734334175,2.4869639644333184,2.5561043951879556,1000,100,2.5,10,7.094236850738525,simple,
flow_stagewise,56,788.0227086544037,True,,8.0,1.0,0.8,0.888888888888889,0.9,0.8200000000000001,0.0,8.0,0.0,2.0,90.0,7.177022933959961,6.477266311645508,7.604011058807373,0.726287303413219,0.6550267868705977,0.6625814863950464,2.4030280113220215,2.3556787967681885,2.432762861251831,1000,100,2.5,10,7.094236850738525,simple,55.0
