{
  "sim": "block_corr",
  "n": 1000,
  "p": 100,
  "n_active": 10,
  "active_idx": [
    8,
    14,
    39,
    40,
    51,
    55,
    64,
    69,
    76,
    90
  ],
  "snr": 2.5,
  "sigma2": 7.923117545366551,
  "sigma": 2.814803287152861,
  "rho": 0.8,
  "block_size": 10,
  "beta_low": 0.8,
  "beta_high": 1.8,
  "setting": "block_corr",
  "seed": 99
}