method,seed,runtime_sec,converged,n_iter,support_size,precision,recall,f1,auroc,auprc,fdr,tp,fp,fn,tn,train_mse,val_mse,test_mse,train_r2,val_r2,test_r2,train_nll,val_nll,test_nll,n,p,snr,n_active,sigma2,setting,selected_ckpt_id,rho,block_size
mf_spike_slab,99,0.037777179037220776,True,14,10.0,0.9,0.9,0.9,0.9988888888888889,0.990909090909091,0.1,9.0,1.0,1.0,89.0,7.9092856611912765,8.039196724883011,8.408880616354324,0.7265795000598394,0.7365318479196057,0.6366413149071002,2.4530052639665434,2.46110456309186,2.4841524878316816,1000,100,2.5,10,7.923117545366551,block_corr,,,
mf_ard,99,0.10569963196758181,True,72,31.0,0.3225806451612903,1.0,0.4878048780487805,0.9988888888888889,0.990909090909091,0.6774193548387096,10.0,21.0,0.0,69.0,6.850055202184992,8.759578928736925,8.62632350350912,0.7631966275805215,0.7129228015762653,0.6272453245055116,2.3852085089874326,2.5074102217160976,2.4988824192244112,1000,100,2.5,10,7.923117545366551,block_corr,,,
mf_bayes_lasso,99,0.10837691696360707,True,74,69.0,0.14492753623188406,1.0,0.25316455696202533,0.9933333333333334,0.8920202020202019,0.855072463768116,10.0,59.0,0.0,31.0,6.5703444195733,9.580670689558527,9.382833081460502,0.7728661053685856,0.6860132064618041,0.5945555601901544,2.360280893877211,2.5858571015062113,2.5710323106501147,1000,100,2.5,10,7.923117545366551,block_corr,,,
flow_stagewise,99,736.3492949008942,True,,11.0,0.9090909090909091,1.0,0.9523809523809523,0.9944444444444445,0.9090909090909091,0.09090909090909091,10.0,1.0,0.0,89.0,9.934883117675781,10.793340682983398,11.502734184265137,0.6565554832980754,0.6462704575850038,0.5029518930368408,2.5804519653320312,2.63443660736084,2.679142475128174,1000,100,2.5,10,7.923117545366551,block_corr,29.0,0.8,10.0
