method,seed,runtime_sec,converged,n_iter,selected_ckpt_id,support_size,precision,recall,f1,auroc,auprc,fdr,tp,fp,fn,tn,train_mse,val_mse,test_mse,train_r2,val_r2,test_r2,train_nll,val_nll,test_nll,n,p,snr,n_active,sigma2,rho,block_size,setting
flow_stagewise,76,596.7026147842407,True,,135,11.0,0.9090909090909091,1.0,0.9523809523809523,0.9944444444444445,0.9090909090909091,0.09090909090909091,10.0,1.0,0.0,89.0,10.118557929992676,10.693120002746582,10.596055030822754,0.6561610894987258,0.6906531658472324,0.6753057654132064,2.5771772861480713,2.6099753379821777,2.601938486099243,1000,100,2.5,10,9.046245739406249,0.8,10,block_corr
