method,seed,runtime_sec,converged,n_iter,support_size,precision,recall,f1,auroc,auprc,fdr,tp,fp,fn,tn,train_mse,val_mse,test_mse,train_r2,val_r2,test_r2,train_nll,val_nll,test_nll,n,p,snr,n_active,sigma2,setting
mf_spike_slab,21,0.059829212026670575,True,24,10.0,1.0,1.0,1.0,1.0,1.0,0.0,10.0,0.0,0.0,90.0,7.5613471693098395,9.120409504696726,7.016833571029274,0.7222050661536495,0.6838001650517608,0.7247302552307033,2.4305142890988938,2.5321420244799713,2.395020080418826,1000,100,2.5,10,7.689100024944534,block_corr
mf_ard,21,0.11530701909214258,True,72,30.0,0.3333333333333333,1.0,0.5,1.0,1.0,0.6666666666666666,10.0,20.0,0.0,70.0,6.82792885787947,9.394427757375928,7.180053849464835,0.7491499857220097,0.6743000953207526,0.7183271385069958,2.3835408394311677,2.548452682002478,2.4061668304998345,1000,100,2.5,10,7.689100024944534,block_corr
mf_bayes_lasso,21,0.12778184795752168,True,78,68.0,0.14705882352941177,1.0,0.25641025641025644,1.0,1.0,0.8529411764705882,10.0,58.0,0.0,32.0,6.568561059934643,9.851868630207164,7.705818919254565,0.7586788512348114,0.6584408591303897,0.6977014224907043,2.3601386270938383,2.606453510237845,2.445456109762615,1000,100,2.5,10,7.689100024944534,block_corr
