method,seed,runtime_sec,converged,n_iter,selected_ckpt_id,support_size,precision,recall,f1,auroc,auprc,fdr,tp,fp,fn,tn,train_mse,val_mse,test_mse,train_r2,val_r2,test_r2,train_nll,val_nll,test_nll,n,p,snr,n_active,sigma2,setting
flow_stagewise,95,865.4147834777832,True,,30,9.0,1.0,0.9,0.9473684210526316,0.95,0.91,0.0,9.0,0.0,1.0,90.0,4.754841327667236,4.509428024291992,5.435338973999023,0.6969709589966409,0.7729666459573773,0.71042371468776,2.199171304702759,2.1746582984924316,2.267141342163086,1000,100,2.5,10,5.005679130554199,simple
