method,seed,runtime_sec,converged,n_iter,support_size,precision,recall,f1,auroc,auprc,fdr,tp,fp,fn,tn,train_mse,val_mse,test_mse,train_r2,val_r2,test_r2,train_nll,val_nll,test_nll,n,p,snr,n_active,sigma2,setting
mf_spike_slab,37,0.029120163060724735,True,9,10.0,1.0,1.0,1.0,1.0,1.0,0.0,10.0,0.0,0.0,90.0,6.5238203982407095,7.452977295140445,6.8086806382432306,0.7306960337659811,0.7118511330713123,0.6736006861996031,2.3568751336833684,2.4260605516706417,2.3780859483889243,1000,100,2.5,10,6.595864295959473,simple
mf_ard,37,0.02192395704332739,True,15,42.0,0.23809523809523808,1.0,0.3846153846153846,0.9988888888888889,0.990909090909091,0.7619047619047619,10.0,32.0,0.0,58.0,5.402564712477678,8.720780445233482,7.609636863026367,0.7769815819426076,0.6628350114971695,0.6352038842281675,2.266909784408195,2.5344832749352757,2.4448831432039366,1000,100,2.5,10,6.595864295959473,simple
mf_bayes_lasso,37,0.0207773270085454,True,14,51.0,0.19607843137254902,1.0,0.3278688524590164,0.9988888888888889,0.990909090909091,0.803921568627451,10.0,41.0,0.0,49.0,5.344680669673155,9.31464117127836,8.051788544073677,0.7793710410873016,0.6398750200002339,0.6140077064431613,2.257014646791622,2.6246909263003357,2.5077323431228256,1000,100,2.5,10,6.595864295959473,simple
