{
  "n": 1000,
  "p": 100,
  "n_active": 10,
  "sigma2": 6.597371578216553,
  "sigma": 2.5685348510742188,
  "active_idx": [
    13,
    21,
    22,
    29,
    38,
    58,
    66,
    69,
    83,
    91
  ],
  "snr": 2.5,
  "setting": "simple",
  "seed": 71
}