method,seed,runtime_sec,converged,n_iter,support_size,precision,recall,f1,auroc,auprc,fdr,tp,fp,fn,tn,train_mse,val_mse,test_mse,train_r2,val_r2,test_r2,train_nll,val_nll,test_nll,n,p,snr,n_active,sigma2,setting,selected_ckpt_id
mf_spike_slab,71,0.02987472602399066,True,8,9.0,1.0,0.9,0.9473684210526316,1.0,1.0,0.0,9.0,0.0,1.0,90.0,6.3949828312679395,8.992115258366875,6.67422709105112,0.7259596438874831,0.6268132574373797,0.7488656645112057,2.346798872062327,2.5457560549060374,2.3681907928870185,1000,100,2.5,10,6.597371578216553,simple,
mf_ard,71,0.021737220988143235,True,15,28.0,0.35714285714285715,1.0,0.5263157894736842,1.0,1.0,0.6428571428571429,10.0,18.0,0.0,72.0,5.438695131171937,9.386859931510696,7.356256084066016,0.7669388660050145,0.6104307407011292,0.7232026333304802,2.270136852665578,2.586915462065835,2.4239911933065508,1000,100,2.5,10,6.597371578216553,simple,
mf_bayes_lasso,71,0.020710221026092768,True,14,46.0,0.21739130434782608,1.0,0.3571428571428571,1.0,1.0,0.782608695652174,10.0,36.0,0.0,54.0,5.3873213266367355,9.730907055694995,7.73508962975942,0.7691403567769435,0.5961522509494649,0.7089480822849907,2.260985064296408,2.660312743670521,2.476827211009913,1000,100,2.5,10,6.597371578216553,simple,
flow_stagewise,71,548.7785999774933,True,,10.0,0.9,0.9,0.9,0.9444444444444444,0.8200000000000001,0.1,9.0,1.0,1.0,89.0,6.540829181671143,9.046417236328125,6.61964225769043,0.7197097935859225,0.6245596285935169,0.75091955822255,2.3579888343811035,2.547879219055176,2.363961935043335,1000,100,2.5,10,6.597371578216553,simple,109.0
