method,seed,runtime_sec,converged,n_iter,selected_ckpt_id,support_size,precision,recall,f1,auroc,auprc,fdr,tp,fp,fn,tn,train_mse,val_mse,test_mse,train_r2,val_r2,test_r2,train_nll,val_nll,test_nll,n,p,snr,n_active,sigma2,setting
flow_stagewise,54,615.3328275680542,True,,57,10.0,1.0,1.0,1.0,1.0,1.0,0.0,10.0,0.0,0.0,90.0,4.656578063964844,3.8492302894592285,4.6753973960876465,0.7161430860339991,0.740481341926538,0.7690517361404439,2.187631130218506,2.1072545051574707,2.1904304027557373,1000,100,2.5,10,4.773862361907959,simple
