method,seed,runtime_sec,converged,n_iter,selected_ckpt_id,support_size,precision,recall,f1,auroc,auprc,fdr,tp,fp,fn,tn,train_mse,val_mse,test_mse,train_r2,val_r2,test_r2,train_nll,val_nll,test_nll,n,p,snr,n_active,sigma2,rho,block_size,setting
flow_stagewise,67,819.8998024463654,True,,136,10.0,1.0,1.0,1.0,1.0,1.0,0.0,10.0,0.0,0.0,90.0,8.052664756774902,9.565459251403809,8.817168235778809,0.713307461093131,0.6522690087700185,0.7185228934861901,2.462190866470337,2.5531771183013916,2.508171796798706,1000,100,2.5,10,8.313138998350302,0.8,10,block_corr
