method,seed,runtime_sec,converged,n_iter,selected_ckpt_id,support_size,precision,recall,f1,auroc,auprc,fdr,tp,fp,fn,tn,train_mse,val_mse,test_mse,train_r2,val_r2,test_r2,train_nll,val_nll,test_nll,n,p,snr,n_active,sigma2,rho,block_size,setting
flow_stagewise,93,936.6115808486938,True,,69,10.0,0.9,0.9,0.9,0.9444444444444444,0.8200000000000001,0.1,9.0,1.0,1.0,89.0,8.014786720275879,9.656017303466797,8.208020210266113,0.687677015329135,0.6409333859647801,0.6776594351397481,2.459963798522949,2.5665152072906494,2.47253155708313,1000,100,2.5,10,7.7021052218853026,0.8,10,block_corr
