method,seed,runtime_sec,converged,n_iter,support_size,precision,recall,f1,auroc,auprc,fdr,tp,fp,fn,tn,train_mse,val_mse,test_mse,train_r2,val_r2,test_r2,train_nll,val_nll,test_nll,n,p,snr,n_active,sigma2,setting,selected_ckpt_id,noise_x,group_size
mf_spike_slab,15,0.02516182605177164,True,8,10.0,0.0,0.0,0.0,0.7455555555555556,0.2101091053943252,1.0,0.0,10.0,10.0,80.0,6.956134780647532,6.763419793075839,7.387111781604922,0.6681111834372413,0.7140386441960742,0.6887738688845203,2.3887842028646236,2.37509220981859,2.419404208991099,1000,100,2.5,10,6.138602054827347,jitter,,,
mf_ard,15,1.011771167977713,True,731,17.0,0.47058823529411764,0.8,0.5925925925925927,0.9322222222222223,0.47824929971988794,0.5294117647058824,8.0,9.0,2.0,81.0,5.6622538586274915,7.289016799216456,7.28754410515154,0.7298444047625459,0.6918160944977207,0.6929687509497828,2.2901003677424168,2.415823855684772,2.4157100393259814,1000,100,2.5,10,6.138602054827347,jitter,,,
mf_bayes_lasso,15,1.3701027570059523,False,1000,69.0,0.14492753623188406,1.0,0.25316455696202533,0.8694444444444444,0.39062950937950935,0.855072463768116,10.0,59.0,0.0,31.0,5.278043498461892,7.796364090468708,7.496291051610756,0.7481757231983628,0.6703651534488637,0.6841740411295725,2.2509081728250098,2.4829251984095153,2.4552789749084614,1000,100,2.5,10,6.138602054827347,jitter,,,
flow_stagewise,15,681.3366851806641,True,,10.0,0.7,0.7,0.7,0.8333333333333334,0.5199999999999999,0.3,7.0,3.0,3.0,87.0,18.309619903564453,25.248802185058594,22.608566284179688,0.12641738196000096,-0.067534044850037,0.04747931149613671,3.315004587173462,3.8770389556884766,3.6650562286376953,1000,100,2.5,10,6.138602054827347,jitter,137.0,0.15,10.0
