method,seed,runtime_sec,converged,n_iter,selected_ckpt_id,support_size,precision,recall,f1,auroc,auprc,fdr,tp,fp,fn,tn,train_mse,val_mse,test_mse,train_r2,val_r2,test_r2,train_nll,val_nll,test_nll,n,p,snr,n_active,sigma2,rho,block_size,setting
flow_stagewise,68,13210.670287847519,True,,120,13.0,0.7692307692307693,1.0,0.8695652173913044,0.9833333333333334,0.7692307692307693,0.23076923076923078,10.0,3.0,0.0,87.0,14.42234992980957,15.245355606079102,15.852639198303223,0.6585070968587295,0.6793543613010521,0.5038491714672744,2.765719175338745,2.7999725341796875,2.826749801635742,1000,100,2.5,10,11.507637976655975,0.8,10,block_corr
