method,seed,runtime_sec,converged,n_iter,support_size,precision,recall,f1,auroc,auprc,fdr,tp,fp,fn,tn,train_mse,val_mse,test_mse,train_r2,val_r2,test_r2,train_nll,val_nll,test_nll,n,p,snr,n_active,sigma2,setting
mf_spike_slab,7,0.01691139698959887,True,7,10.0,0.1,0.1,0.10000000000000002,0.7522222222222222,0.20514234557712818,0.9,1.0,9.0,9.0,81.0,9.550329178018929,10.336861444428562,9.754313543117943,0.6847515108984119,0.6671035979127573,0.6562087481165675,2.5472600346398857,2.587962139867473,2.557815981862423,1000,100,2.5,10,8.481204182241495,jitter
mf_ard,7,0.40975026006344706,True,286,12.0,0.3333333333333333,0.4,0.3636363636363636,0.7766666666666667,0.3611180465961367,0.6666666666666666,4.0,8.0,6.0,82.0,8.545625225479185,9.574079644088158,8.804202222990307,0.7179159596968405,0.6916688219196838,0.6896954674773327,2.49505348124693,2.5484754702239827,2.5084849929024897,1000,100,2.5,10,8.481204182241495,jitter
mf_bayes_lasso,7,1.4595524369506165,False,1000,77.0,0.1038961038961039,0.8,0.18390804597701152,0.715,0.2655413680623765,0.8961038961038961,8.0,69.0,2.0,21.0,7.551759615969157,10.468553145341827,9.157619728519641,0.7507226437312706,0.6628624949769717,0.6772392504276794,2.43005262769752,2.6174521583875467,2.5332266879850573,1000,100,2.5,10,8.481204182241495,jitter
