{
  "n": 1000,
  "p": 100,
  "n_active": 10,
  "sigma2": 5.576591491699219,
  "sigma": 2.361480712890625,
  "active_idx": [
    16,
    31,
    34,
    35,
    37,
    57,
    70,
    82,
    93,
    98
  ],
  "snr": 2.5,
  "setting": "simple",
  "seed": 76
}