method,seed,runtime_sec,converged,n_iter,support_size,precision,recall,f1,auroc,auprc,fdr,tp,fp,fn,tn,train_mse,val_mse,test_mse,train_r2,val_r2,test_r2,train_nll,val_nll,test_nll,n,p,snr,n_active,sigma2,setting
mf_spike_slab,27,0.0541379019850865,True,20,10.0,1.0,1.0,1.0,1.0,1.0,0.0,10.0,0.0,0.0,90.0,7.650546132147685,7.396596407092679,7.111749582439541,0.7094174516797971,0.7164333356360817,0.7360979289757941,2.436370060856373,2.419989964740456,2.401616964473882,1000,100,2.5,10,7.562206470255292,block_corr
mf_ard,27,0.11227395804598927,True,77,32.0,0.3125,1.0,0.47619047619047616,1.0,1.0,0.6875,10.0,22.0,0.0,68.0,6.930608483241032,7.714026871255039,7.880445125213766,0.7367620768918306,0.7042638602536346,0.7075732539470079,2.3909453210952374,2.4405861692150386,2.4511311645783334,1000,100,2.5,10,7.562206470255292,block_corr
mf_bayes_lasso,27,0.10602237703278661,True,71,61.0,0.16393442622950818,1.0,0.28169014084507044,0.9988888888888889,0.990909090909091,0.8360655737704918,10.0,51.0,0.0,39.0,6.721347579699937,8.19709002531212,8.570146308849084,0.7447102109942112,0.6857444494687326,0.681979893461054,2.371621604794827,2.480040977950172,2.507448557459049,1000,100,2.5,10,7.562206470255292,block_corr
