method,seed,runtime_sec,converged,n_iter,support_size,precision,recall,f1,auroc,auprc,fdr,tp,fp,fn,tn,train_mse,val_mse,test_mse,train_r2,val_r2,test_r2,train_nll,val_nll,test_nll,n,p,snr,n_active,sigma2,setting
mf_spike_slab,34,0.08590215200092643,True,35,10.0,1.0,1.0,1.0,1.0,1.0,0.0,10.0,0.0,0.0,90.0,5.29020680200879,5.87587714371957,5.4630935656946455,0.7303940026813422,0.7423559892329474,0.7155547381189529,2.251918378223021,2.3064843729640536,2.268025969074421,1000,100,2.5,10,5.972522601608388,block_corr
mf_ard,34,0.10737083200365305,True,66,33.0,0.30303030303030304,1.0,0.4651162790697675,1.0,1.0,0.696969696969697,10.0,23.0,0.0,67.0,4.663190992366861,6.3393276448343405,5.820084312104343,0.7623487502025331,0.7220347260447209,0.6969674074919869,2.1934905636734774,2.3496767986774354,2.3012925210168884,1000,100,2.5,10,5.972522601608388,block_corr
mf_bayes_lasso,34,0.11562873295042664,True,74,67.0,0.14925373134328357,1.0,0.2597402597402597,1.0,1.0,0.8507462686567164,10.0,57.0,0.0,33.0,4.498381940346256,6.687755702039385,6.163874504508401,0.7707479509332655,0.7067569385882505,0.6790673861698967,2.1708747592872397,2.409970732655283,2.3527589915426,1000,100,2.5,10,5.972522601608388,block_corr
