{
  "n": 1000,
  "p": 100,
  "n_active": 10,
  "sigma2": 6.748209476470947,
  "sigma": 2.597731590270996,
  "active_idx": [
    3,
    10,
    17,
    18,
    30,
    36,
    37,
    38,
    76,
    97
  ],
  "snr": 2.5,
  "setting": "simple",
  "seed": 68
}