method,seed,runtime_sec,converged,n_iter,support_size,precision,recall,f1,auroc,auprc,fdr,tp,fp,fn,tn,train_mse,val_mse,test_mse,train_r2,val_r2,test_r2,train_nll,val_nll,test_nll,n,p,snr,n_active,sigma2,setting,selected_ckpt_id
mf_spike_slab,68,0.028819642961025238,True,7,10.0,1.0,1.0,1.0,1.0,1.0,0.0,10.0,0.0,0.0,90.0,7.210909623696892,5.96847681437152,6.947155369384632,0.7313333268260489,0.7475498329118218,0.6520425729762961,2.4067894412513677,2.3218923575506007,2.388766762812169,1000,100,2.5,10,6.748209476470947,simple,
mf_ard,68,0.022646283032372594,True,15,33.0,0.30303030303030304,1.0,0.4651162790697675,1.0,1.0,0.696969696969697,10.0,23.0,0.0,67.0,6.433959850228469,6.907630522024867,7.6058153289989745,0.760281201886782,0.7078262119960663,0.6190527213543013,2.353841043280754,2.3861323772301106,2.4337294105757996,1000,100,2.5,10,6.748209476470947,simple,
mf_bayes_lasso,68,0.021531498059630394,True,14,46.0,0.21739130434782608,1.0,0.3571428571428571,1.0,1.0,0.782608695652174,10.0,36.0,0.0,54.0,6.372499462095628,7.49230746709256,8.084765659799178,0.7625711152088637,0.6830959839888915,0.595063863193475,2.3449552372498155,2.4320184473162225,2.4780810864981246,1000,100,2.5,10,6.748209476470947,simple,
flow_stagewise,68,5705.76201581955,True,,10.0,1.0,1.0,1.0,1.0,1.0,0.0,10.0,0.0,0.0,90.0,7.265913009643555,6.0259833335876465,6.99941349029541,0.7292840137147625,0.7451174869073183,0.6494251721029252,2.4119350910186768,2.3200643062591553,2.392188310623169,1000,100,2.5,10,6.748209476470947,simple,107.0
