{
  "sim": "block_corr",
  "n": 1000,
  "p": 100,
  "n_active": 10,
  "active_idx": [
    10,
    46,
    54,
    56,
    60,
    64,
    71,
    88,
    90,
    95
  ],
  "snr": 2.5,
  "sigma2": 6.851702400505159,
  "sigma": 2.617575672355082,
  "rho": 0.8,
  "block_size": 10,
  "beta_low": 0.8,
  "beta_high": 1.8,
  "setting": "block_corr",
  "seed": 57
}