method,seed,runtime_sec,converged,n_iter,support_size,precision,recall,f1,auroc,auprc,fdr,tp,fp,fn,tn,train_mse,val_mse,test_mse,train_r2,val_r2,test_r2,train_nll,val_nll,test_nll,n,p,snr,n_active,sigma2,setting
mf_spike_slab,32,0.017831355100497603,True,7,10.0,0.0,0.0,0.0,0.7855555555555556,0.22351092410414442,1.0,0.0,10.0,10.0,80.0,6.70884379610209,6.587938983898994,6.933756346839475,0.6618218372519088,0.6891566704958968,0.6557219894714401,2.370685133102786,2.361777856640616,2.387254848010946,1000,100,2.5,10,6.163720707161894,jitter
mf_ard,32,0.6098275320837274,True,428,19.0,0.42105263157894735,0.8,0.5517241379310345,0.9422222222222223,0.5887950937950938,0.5789473684210527,8.0,11.0,2.0,79.0,5.673620047717921,6.61522828977033,6.832550266458913,0.7140052053406333,0.6878690601039921,0.6607471196121459,2.2910361624233744,2.3637402384069475,2.380520246058142,1000,100,2.5,10,6.163720707161894,jitter
mf_bayes_lasso,32,1.468813863932155,False,1000,69.0,0.14492753623188406,1.0,0.25316455696202533,0.905,0.40837238741650506,0.855072463768116,10.0,59.0,0.0,31.0,5.165939003527755,7.044336301212347,7.215512801907261,0.7395962979348616,0.6676221568889629,0.6417320903529727,2.2402075926120424,2.416606497330292,2.43268155625063,1000,100,2.5,10,6.163720707161894,jitter
