method,seed,runtime_sec,converged,n_iter,selected_ckpt_id,support_size,precision,recall,f1,auroc,auprc,fdr,tp,fp,fn,tn,train_mse,val_mse,test_mse,train_r2,val_r2,test_r2,train_nll,val_nll,test_nll,n,p,snr,n_active,sigma2,noise_x,group_size,setting
flow_stagewise,67,577.4787454605103,True,,74,4.0,0.75,0.3,0.4285714285714285,0.6444444444444445,0.295,0.25,3.0,1.0,7.0,89.0,11.732606887817383,13.009407043457031,12.150961875915527,0.3658482310554937,0.41115334271526927,0.3995066746361894,2.8475747108459473,2.9640870094299316,2.8863134384155273,1000,100,2.5,10,5.383628201969509,0.15,10,jitter
