method,seed,runtime_sec,converged,n_iter,selected_ckpt_id,support_size,precision,recall,f1,auroc,auprc,fdr,tp,fp,fn,tn,train_mse,val_mse,test_mse,train_r2,val_r2,test_r2,train_nll,val_nll,test_nll,n,p,snr,n_active,sigma2,setting
flow_stagewise,71,548.7785999774933,True,,109,10.0,0.9,0.9,0.9,0.9444444444444444,0.8200000000000001,0.1,9.0,1.0,1.0,89.0,6.540829181671143,9.046417236328125,6.61964225769043,0.7197097935859225,0.6245596285935169,0.75091955822255,2.3579888343811035,2.547879219055176,2.363961935043335,1000,100,2.5,10,6.597371578216553,simple
