coupling_layer,target_coord,fixed_coord,mean_attention,target_latent_type,fixed_latent_type,target_parameter_type,fixed_parameter_type,target_group,fixed_group,target_unit,fixed_unit,target_layer,fixed_layer,target_side,fixed_side
0,4,0,0.00011418796930229291,0,0,3,1,4,0,1,0,1,2,1,4
0,4,1,0.0003163742658216506,0,0,3,3,4,1,1,1,1,1,1,1
0,4,2,0.0032822629436850548,0,0,3,3,4,2,1,1,1,1,1,1
0,4,3,0.00010578172805253416,0,0,3,3,4,3,1,1,1,1,1,1
0,4,5,0.0004123045364394784,0,0,3,3,4,5,1,1,1,1,1,1
0,4,6,0.0001247754698852077,0,0,3,3,4,6,1,1,1,1,1,1
0,4,7,0.001933035091497004,0,0,3,3,4,1,1,2,1,1,1,1
0,4,11,0.00031737296376377344,0,0,3,3,4,5,1,2,1,1,1,1
0,4,13,0.9704515337944031,0,0,3,3,4,1,1,3,1,1,1,1
0,4,18,0.0013464340008795261,0,0,3,3,4,6,1,3,1,1,1,1
0,4,23,0.00016810340457595885,0,0,3,3,4,5,1,4,1,1,1,1
0,4,24,0.00011578948760870844,0,0,3,3,4,6,1,4,1,1,1,1
0,4,25,0.0001852230343502015,0,0,3,3,4,1,1,5,1,1,1,1
0,4,26,0.0006318287341855466,0,0,3,3,4,2,1,5,1,1,1,1
0,4,28,0.0005776635371148586,0,0,3,3,4,4,1,5,1,1,1,1
0,4,31,0.00016115950711537153,0,0,3,4,4,1,1,1,1,1,1,1
0,4,32,0.0006104022613726556,0,0,3,4,4,2,1,2,1,1,1,1
0,4,33,0.003776428522542119,0,0,3,4,4,3,1,3,1,1,1,1
0,4,34,0.0027319882065057755,0,0,3,4,4,4,1,4,1,1,1,1
0,4,38,0.012076045386493206,0,0,3,5,4,3,1,3,1,2,1,2
0,4,40,9.369212784804404e-05,0,0,3,5,4,5,1,5,1,2,1,2
0,4,43,0.00026496147620491683,0,1,3,6,4,3,1,0,1,0,1,1
0,4,44,0.00015283410903066397,0,1,3,6,4,4,1,0,1,0,1,1
0,4,46,4.947880006511696e-05,0,1,3,6,4,6,1,0,1,0,1,1
0,8,0,0.14002850651741028,0,0,3,1,2,0,2,0,1,2,1,4
0,8,1,0.0003839308919850737,0,0,3,3,2,1,2,1,1,1,1,1
0,8,2,0.023031940683722496,0,0,3,3,2,2,2,1,1,1,1,1
0,8,3,0.003375130705535412,0,0,3,3,2,3,2,1,1,1,1,1
0,8,5,0.002225753152742982,0,0,3,3,2,5,2,1,1,1,1,1
0,8,6,0.0008781582000665367,0,0,3,3,2,6,2,1,1,1,1,1
0,8,7,0.0005494258366525173,0,0,3,3,2,1,2,2,1,1,1,1
0,8,11,0.004258065018802881,0,0,3,3,2,5,2,2,1,1,1,1
0,8,13,0.014016589149832726,0,0,3,3,2,1,2,3,1,1,1,1
0,8,18,0.01861119642853737,0,0,3,3,2,6,2,3,1,1,1,1
0,8,23,0.012906882911920547,0,0,3,3,2,5,2,4,1,1,1,1
0,8,24,0.009064899757504463,0,0,3,3,2,6,2,4,1,1,1,1
0,8,25,0.003232229733839631,0,0,3,3,2,1,2,5,1,1,1,1
0,8,26,0.041621048003435135,0,0,3,3,2,2,2,5,1,1,1,1
0,8,28,0.005110785830765963,0,0,3,3,2,4,2,5,1,1,1,1
0,8,31,0.0005219499580562115,0,0,3,4,2,1,2,1,1,1,1,1
0,8,32,0.003980863839387894,0,0,3,4,2,2,2,2,1,1,1,1
0,8,33,0.4367709755897522,0,0,3,4,2,3,2,3,1,1,1,1
0,8,34,0.02194858528673649,0,0,3,4,2,4,2,4,1,1,1,1
0,8,38,0.12730346620082855,0,0,3,5,2,3,2,3,1,2,1,2
0,8,40,0.10237416625022888,0,0,3,5,2,5,2,5,1,2,1,2
0,8,43,0.018120694905519485,0,1,3,6,2,3,2,0,1,0,1,1
0,8,44,0.004538689740002155,0,1,3,6,2,4,2,0,1,0,1,1
0,8,46,0.005146040581166744,0,1,3,6,2,6,2,0,1,0,1,1
0,9,0,0.0264765452593565,0,0,3,1,3,0,2,0,1,2,1,4
0,9,1,0.0006851154612377286,0,0,3,3,3,1,2,1,1,1,1,1
0,9,2,0.032161686569452286,0,0,3,3,3,2,2,1,1,1,1,1
0,9,3,0.0025974842719733715,0,0,3,3,3,3,2,1,1,1,1,1
0,9,5,0.009219544008374214,0,0,3,3,3,5,2,1,1,1,1,1
0,9,6,0.0014682477340102196,0,0,3,3,3,6,2,1,1,1,1,1
0,9,7,0.06669872999191284,0,0,3,3,3,1,2,2,1,1,1,1
0,9,11,0.06627855449914932,0,0,3,3,3,5,2,2,1,1,1,1
0,9,13,0.5061486959457397,0,0,3,3,3,1,2,3,1,1,1,1
0,9,18,0.013342677615582943,0,0,3,3,3,6,2,3,1,1,1,1
0,9,23,0.008383654989302158,0,0,3,3,3,5,2,4,1,1,1,1
0,9,24,0.0019512627040967345,0,0,3,3,3,6,2,4,1,1,1,1
0,9,25,0.002476686844602227,0,0,3,3,3,1,2,5,1,1,1,1
0,9,26,0.025843076407909393,0,0,3,3,3,2,2,5,1,1,1,1
0,9,28,0.008254091255366802,0,0,3,3,3,4,2,5,1,1,1,1
0,9,31,0.0009424348827451468,0,0,3,4,3,1,2,1,1,1,1,1
0,9,32,0.018621433526277542,0,0,3,4,3,2,2,2,1,1,1,1
0,9,33,0.04267216473817825,0,0,3,4,3,3,2,3,1,1,1,1
0,9,34,0.03708784282207489,0,0,3,4,3,4,2,4,1,1,1,1
0,9,38,0.09239701181650162,0,0,3,5,3,3,2,3,1,2,1,2
0,9,40,0.015024695545434952,0,0,3,5,3,5,2,5,1,2,1,2
0,9,43,0.015590047463774681,0,1,3,6,3,3,2,0,1,0,1,1
0,9,44,0.004220810253173113,0,1,3,6,3,4,2,0,1,0,1,1
0,9,46,0.001457654987461865,0,1,3,6,3,6,2,0,1,0,1,1
0,10,0,0.7421793937683105,0,0,3,1,4,0,2,0,1,2,1,4
0,10,1,0.00016613758634775877,0,0,3,3,4,1,2,1,1,1,1,1
0,10,2,0.0340815894305706,0,0,3,3,4,2,2,1,1,1,1,1
0,10,3,0.002379999728873372,0,0,3,3,4,3,2,1,1,1,1,1
0,10,5,0.002948405686765909,0,0,3,3,4,5,2,1,1,1,1,1
0,10,6,0.0006546411896124482,0,0,3,3,4,6,2,1,1,1,1,1
0,10,7,0.007317190989851952,0,0,3,3,4,1,2,2,1,1,1,1
0,10,11,0.015131326392292976,0,0,3,3,4,5,2,2,1,1,1,1
0,10,13,0.017750218510627747,0,0,3,3,4,1,2,3,1,1,1,1
0,10,18,0.019325071945786476,0,0,3,3,4,6,2,3,1,1,1,1
0,10,23,0.004526195582002401,0,0,3,3,4,5,2,4,1,1,1,1
0,10,24,0.00795325729995966,0,0,3,3,4,6,2,4,1,1,1,1
0,10,25,0.0007404404459521174,0,0,3,3,4,1,2,5,1,1,1,1
0,10,26,0.022094128653407097,0,0,3,3,4,2,2,5,1,1,1,1
0,10,28,0.003063593525439501,0,0,3,3,4,4,2,5,1,1,1,1
0,10,31,0.00011705445649567991,0,0,3,4,4,1,2,1,1,1,1,1
0,10,32,0.004452078603208065,0,0,3,4,4,2,2,2,1,1,1,1
0,10,33,0.01935400441288948,0,0,3,4,4,3,2,3,1,1,1,1
0,10,34,0.015852484852075577,0,0,3,4,4,4,2,4,1,1,1,1
0,10,38,0.03414057195186615,0,0,3,5,4,3,2,3,1,2,1,2
0,10,40,0.02173547074198723,0,0,3,5,4,5,2,5,1,2,1,2
0,10,43,0.009197819046676159,0,1,3,6,4,3,2,0,1,0,1,1
0,10,44,0.012999420054256916,0,1,3,6,4,4,2,0,1,0,1,1
0,10,46,0.0018402470741420984,0,1,3,6,4,6,2,0,1,0,1,1
0,12,0,0.5546011328697205,0,0,3,1,6,0,2,0,1,2,1,4
0,12,1,0.0001706900366116315,0,0,3,3,6,1,2,1,1,1,1,1
0,12,2,0.025366786867380142,0,0,3,3,6,2,2,1,1,1,1,1
0,12,3,0.0017862330423668027,0,0,3,3,6,3,2,1,1,1,1,1
0,12,5,0.0019293449586257339,0,0,3,3,6,5,2,1,1,1,1,1
0,12,6,0.0006785528385080397,0,0,3,3,6,6,2,1,1,1,1,1
0,12,7,0.0009031947120092809,0,0,3,3,6,1,2,2,1,1,1,1
0,12,11,0.004708119668066502,0,0,3,3,6,5,2,2,1,1,1,1
0,12,13,0.009173705242574215,0,0,3,3,6,1,2,3,1,1,1,1
0,12,18,0.020849257707595825,0,0,3,3,6,6,2,3,1,1,1,1
0,12,23,0.00401987275108695,0,0,3,3,6,5,2,4,1,1,1,1
0,12,24,0.008862728253006935,0,0,3,3,6,6,2,4,1,1,1,1
0,12,25,0.001317608985118568,0,0,3,3,6,1,2,5,1,1,1,1
0,12,26,0.03954944759607315,0,0,3,3,6,2,2,5,1,1,1,1
0,12,28,0.004267700482159853,0,0,3,3,6,4,2,5,1,1,1,1
0,12,31,0.00046062402543611825,0,0,3,4,6,1,2,1,1,1,1,1
0,12,32,0.008281094953417778,0,0,3,4,6,2,2,2,1,1,1,1
0,12,33,0.12028323113918304,0,0,3,4,6,3,2,3,1,1,1,1
0,12,34,0.024205997586250305,0,0,3,4,6,4,2,4,1,1,1,1
0,12,38,0.10421472787857056,0,0,3,5,6,3,2,3,1,2,1,2
0,12,40,0.049657247960567474,0,0,3,5,6,5,2,5,1,2,1,2
0,12,43,0.006067871116101742,0,1,3,6,6,3,2,0,1,0,1,1
0,12,44,0.007041555363684893,0,1,3,6,6,4,2,0,1,0,1,1
0,12,46,0.0016030933475121856,0,1,3,6,6,6,2,0,1,0,1,1
0,14,0,0.00010317208943888545,0,0,3,1,2,0,3,0,1,2,1,4
0,14,1,4.924840141029563e-06,0,0,3,3,2,1,3,1,1,1,1,1
0,14,2,0.00020118025713600218,0,0,3,3,2,2,3,1,1,1,1,1
0,14,3,1.1248489499848802e-05,0,0,3,3,2,3,3,1,1,1,1,1
0,14,5,5.363441232475452e-06,0,0,3,3,2,5,3,1,1,1,1,1
0,14,6,1.6697116507202736e-06,0,0,3,3,2,6,3,1,1,1,1,1
0,14,7,2.568133368185954e-07,0,0,3,3,2,1,3,2,1,1,1,1
0,14,11,3.443053913088079e-07,0,0,3,3,2,5,3,2,1,1,1,1
0,14,13,0.014014209620654583,0,0,3,3,2,1,3,3,1,1,1,1
0,14,18,0.0006109442329034209,0,0,3,3,2,6,3,3,1,1,1,1
0,14,23,3.8561014662263915e-05,0,0,3,3,2,5,3,4,1,1,1,1
0,14,24,2.423537262075115e-05,0,0,3,3,2,6,3,4,1,1,1,1
0,14,25,2.0794985175598413e-05,0,0,3,3,2,1,3,5,1,1,1,1
0,14,26,0.00015166362572927028,0,0,3,3,2,2,3,5,1,1,1,1
0,14,28,2.2698981410940178e-05,0,0,3,3,2,4,3,5,1,1,1,1
0,14,31,3.190383722539991e-05,0,0,3,4,2,1,3,1,1,1,1,1
0,14,32,4.46589219791349e-05,0,0,3,4,2,2,3,2,1,1,1,1
0,14,33,0.34264901280403137,0,0,3,4,2,3,3,3,1,1,1,1
0,14,34,0.0005983239389024675,0,0,3,4,2,4,3,4,1,1,1,1
0,14,38,0.6395998001098633,0,0,3,5,2,3,3,3,1,2,1,2
0,14,40,0.001650495920330286,0,0,3,5,2,5,3,5,1,2,1,2
0,14,43,0.00015282470849342644,0,1,3,6,2,3,3,0,1,0,1,1
0,14,44,3.245945481467061e-05,0,1,3,6,2,4,3,0,1,0,1,1
0,14,46,2.9162905775592662e-05,0,1,3,6,2,6,3,0,1,0,1,1
0,15,0,2.457489972584881e-05,0,0,3,1,3,0,3,0,1,2,1,4
0,15,1,9.582663551555015e-07,0,0,3,3,3,1,3,1,1,1,1,1
0,15,2,5.2663133828900754e-05,0,0,3,3,3,2,3,1,1,1,1,1
0,15,3,6.500260496977717e-06,0,0,3,3,3,3,3,1,1,1,1,1
0,15,5,2.7808916911453707e-06,0,0,3,3,3,5,3,1,1,1,1,1
0,15,6,2.0672109712904785e-06,0,0,3,3,3,6,3,1,1,1,1,1
0,15,7,1.7586182821105467e-07,0,0,3,3,3,1,3,2,1,1,1,1
0,15,11,5.541206746784155e-07,0,0,3,3,3,5,3,2,1,1,1,1
0,15,13,0.001739467610605061,0,0,3,3,3,1,3,3,1,1,1,1
0,15,18,0.0005142301670275629,0,0,3,3,3,6,3,3,1,1,1,1
0,15,23,1.85697808774421e-05,0,0,3,3,3,5,3,4,1,1,1,1
0,15,24,1.863479337771423e-05,0,0,3,3,3,6,3,4,1,1,1,1
0,15,25,2.8294009553064825e-06,0,0,3,3,3,1,3,5,1,1,1,1
0,15,26,6.076112549635582e-05,0,0,3,3,3,2,3,5,1,1,1,1
0,15,28,1.3958699128124863e-05,0,0,3,3,3,4,3,5,1,1,1,1
0,15,31,1.8267313862452284e-05,0,0,3,4,3,1,3,1,1,1,1,1
0,15,32,0.00020226540800649673,0,0,3,4,3,2,3,2,1,1,1,1
0,15,33,0.6230517029762268,0,0,3,4,3,3,3,3,1,1,1,1
0,15,34,0.0011427071876823902,0,0,3,4,3,4,3,4,1,1,1,1
0,15,38,0.37162885069847107,0,0,3,5,3,3,3,3,1,2,1,2
0,15,40,0.0013660952681675553,0,0,3,5,3,5,3,5,1,2,1,2
0,15,43,9.744345879880711e-05,0,1,3,6,3,3,3,0,1,0,1,1
0,15,44,2.636671342770569e-05,0,1,3,6,3,4,3,0,1,0,1,1
0,15,46,7.0792457336210646e-06,0,1,3,6,3,6,3,0,1,0,1,1
0,16,0,0.000282464170595631,0,0,3,1,4,0,3,0,1,2,1,4
0,16,1,2.5591440135031007e-05,0,0,3,3,4,1,3,1,1,1,1,1
0,16,2,0.000647410866804421,0,0,3,3,4,2,3,1,1,1,1,1
0,16,3,4.928813723381609e-05,0,0,3,3,4,3,3,1,1,1,1,1
0,16,5,5.246464570518583e-05,0,0,3,3,4,5,3,1,1,1,1,1
0,16,6,1.2281713679840323e-05,0,0,3,3,4,6,3,1,1,1,1,1
0,16,7,7.596519935759716e-06,0,0,3,3,4,1,3,2,1,1,1,1
0,16,11,7.640071999048814e-06,0,0,3,3,4,5,3,2,1,1,1,1
0,16,13,0.05385911837220192,0,0,3,3,4,1,3,3,1,1,1,1
0,16,18,0.00175382848829031,0,0,3,3,4,6,3,3,1,1,1,1
0,16,23,7.238869147840887e-05,0,0,3,3,4,5,3,4,1,1,1,1
0,16,24,5.451186734717339e-05,0,0,3,3,4,6,3,4,1,1,1,1
0,16,25,4.7504541726084426e-05,0,0,3,3,4,1,3,5,1,1,1,1
0,16,26,0.0003643940726760775,0,0,3,3,4,2,3,5,1,1,1,1
0,16,28,0.00019805070769507438,0,0,3,3,4,4,3,5,1,1,1,1
0,16,31,0.00013033913273829967,0,0,3,4,4,1,3,1,1,1,1,1
0,16,32,0.0002992505324073136,0,0,3,4,4,2,3,2,1,1,1,1
0,16,33,0.34820759296417236,0,0,3,4,4,3,3,3,1,1,1,1
0,16,34,0.002087595406919718,0,0,3,4,4,4,3,4,1,1,1,1
0,16,38,0.586314857006073,0,0,3,5,4,3,3,3,1,2,1,2
0,16,40,0.0038473703898489475,0,0,3,5,4,5,3,5,1,2,1,2
0,16,43,0.0007804291089996696,0,1,3,6,4,3,3,0,1,0,1,1
0,16,44,0.0006947550573386252,0,1,3,6,4,4,3,0,1,0,1,1
0,16,46,0.00020300119649618864,0,1,3,6,4,6,3,0,1,0,1,1
0,17,0,0.0005576433031819761,0,0,3,1,5,0,3,0,1,2,1,4
0,17,1,0.0004996552597731352,0,0,3,3,5,1,3,1,1,1,1,1
0,17,2,0.0030718864873051643,0,0,3,3,5,2,3,1,1,1,1,1
0,17,3,0.001552400877699256,0,0,3,3,5,3,3,1,1,1,1,1
0,17,5,0.0010408023372292519,0,0,3,3,5,5,3,1,1,1,1,1
0,17,6,0.00023619992134626955,0,0,3,3,5,6,3,1,1,1,1,1
0,17,7,0.0002024664281634614,0,0,3,3,5,1,3,2,1,1,1,1
0,17,11,0.00016176873759832233,0,0,3,3,5,5,3,2,1,1,1,1
0,17,13,0.14970578253269196,0,0,3,3,5,1,3,3,1,1,1,1
0,17,18,0.005851173307746649,0,0,3,3,5,6,3,3,1,1,1,1
0,17,23,0.0022627583239227533,0,0,3,3,5,5,3,4,1,1,1,1
0,17,24,0.00034194535692222416,0,0,3,3,5,6,3,4,1,1,1,1
0,17,25,0.0010307405609637499,0,0,3,3,5,1,3,5,1,1,1,1
0,17,26,0.0014916975051164627,0,0,3,3,5,2,3,5,1,1,1,1
0,17,28,0.00045899127144366503,0,0,3,3,5,4,3,5,1,1,1,1
0,17,31,0.0014418410137295723,0,0,3,4,5,1,3,1,1,1,1,1
0,17,32,0.0006792821804992855,0,0,3,4,5,2,3,2,1,1,1,1
0,17,33,0.14843867719173431,0,0,3,4,5,3,3,3,1,1,1,1
0,17,34,0.0026798045728355646,0,0,3,4,5,4,3,4,1,1,1,1
0,17,38,0.627302348613739,0,0,3,5,5,3,3,3,1,2,1,2
0,17,40,0.03358042240142822,0,0,3,5,5,5,3,5,1,2,1,2
0,17,43,0.011365201324224472,0,1,3,6,5,3,3,0,1,0,1,1
0,17,44,0.0023621106520295143,0,1,3,6,5,4,3,0,1,0,1,1
0,17,46,0.003685364034026861,0,1,3,6,5,6,3,0,1,0,1,1
0,19,0,7.3367147912506425e-09,0,0,3,1,1,0,4,0,1,2,1,4
0,19,1,4.0391173570242245e-06,0,0,3,3,1,1,4,1,1,1,1,1
0,19,2,1.7038865962604177e-06,0,0,3,3,1,2,4,1,1,1,1,1
0,19,3,1.520686623734946e-06,0,0,3,3,1,3,4,1,1,1,1,1
0,19,5,1.2716512856059126e-06,0,0,3,3,1,5,4,1,1,1,1,1
0,19,6,1.4857175756333163e-07,0,0,3,3,1,6,4,1,1,1,1,1
0,19,7,5.954050408263356e-08,0,0,3,3,1,1,4,2,1,1,1,1
0,19,11,1.425985640679528e-08,0,0,3,3,1,5,4,2,1,1,1,1
0,19,13,0.05393822118639946,0,0,3,3,1,1,4,3,1,1,1,1
0,19,18,8.986026659840718e-05,0,0,3,3,1,6,4,3,1,1,1,1
0,19,23,1.8743588725556037e-06,0,0,3,3,1,5,4,4,1,1,1,1
0,19,24,5.117946244581617e-08,0,0,3,3,1,6,4,4,1,1,1,1
0,19,25,4.987134616385447e-06,0,0,3,3,1,1,4,5,1,1,1,1
0,19,26,8.874915806700301e-07,0,0,3,3,1,2,4,5,1,1,1,1
0,19,28,1.2647952871702728e-06,0,0,3,3,1,4,4,5,1,1,1,1
0,19,31,0.0005032669869251549,0,0,3,4,1,1,4,1,1,1,1,1
0,19,32,7.705525604251307e-06,0,0,3,4,1,2,4,2,1,1,1,1
0,19,33,0.36557289958000183,0,0,3,4,1,3,4,3,1,1,1,1
0,19,34,2.7056150429416448e-05,0,0,3,4,1,4,4,4,1,1,1,1
0,19,38,0.5796072483062744,0,0,3,5,1,3,4,3,1,2,1,2
0,19,40,0.00013888126704841852,0,0,3,5,1,5,4,5,1,2,1,2
0,19,43,7.961387018440291e-05,0,1,3,6,1,3,4,0,1,0,1,1
0,19,44,2.4172281882783864e-06,0,1,3,6,1,4,4,0,1,0,1,1
0,19,46,1.4879145055601839e-05,0,1,3,6,1,6,4,0,1,0,1,1
0,20,0,0.000894756056368351,0,0,3,1,2,0,4,0,1,2,1,4
0,20,1,0.00016748878988437355,0,0,3,3,2,1,4,1,1,1,1,1
0,20,2,0.0020047035068273544,0,0,3,3,2,2,4,1,1,1,1,1
0,20,3,0.00044126121792942286,0,0,3,3,2,3,4,1,1,1,1,1
0,20,5,0.0001325705525232479,0,0,3,3,2,5,4,1,1,1,1,1
0,20,6,0.00010238077084068209,0,0,3,3,2,6,4,1,1,1,1,1
0,20,7,5.894272544537671e-05,0,0,3,3,2,1,4,2,1,1,1,1
0,20,11,5.350765059120022e-05,0,0,3,3,2,5,4,2,1,1,1,1
0,20,13,0.07138126343488693,0,0,3,3,2,1,4,3,1,1,1,1
0,20,18,0.003973059821873903,0,0,3,3,2,6,4,3,1,1,1,1
0,20,23,0.002751605585217476,0,0,3,3,2,5,4,4,1,1,1,1
0,20,24,0.0011806103866547346,0,0,3,3,2,6,4,4,1,1,1,1
0,20,25,0.00016934447921812534,0,0,3,3,2,1,4,5,1,1,1,1
0,20,26,0.0010283221490681171,0,0,3,3,2,2,4,5,1,1,1,1
0,20,28,0.0002648473309818655,0,0,3,3,2,4,4,5,1,1,1,1
0,20,31,0.00012043757305946201,0,0,3,4,2,1,4,1,1,1,1,1
0,20,32,0.0007957304478622973,0,0,3,4,2,2,4,2,1,1,1,1
0,20,33,0.42575153708457947,0,0,3,4,2,3,4,3,1,1,1,1
0,20,34,0.008730710484087467,0,0,3,4,2,4,4,4,1,1,1,1
0,20,38,0.4742887318134308,0,0,3,5,2,3,4,3,1,2,1,2
0,20,40,0.0035177567042410374,0,0,3,5,2,5,4,5,1,2,1,2
0,20,43,0.0018268722342327237,0,1,3,6,2,3,4,0,1,0,1,1
0,20,44,0.0002563237212598324,0,1,3,6,2,4,4,0,1,0,1,1
0,20,46,0.00010776349517982453,0,1,3,6,2,6,4,0,1,0,1,1
0,21,0,1.1967725185968447e-05,0,0,3,1,3,0,4,0,1,2,1,4
0,21,1,3.0997267458587885e-05,0,0,3,3,3,1,4,1,1,1,1,1
0,21,2,0.00014640911831520498,0,0,3,3,3,2,4,1,1,1,1,1
0,21,3,4.0845872717909515e-05,0,0,3,3,3,3,4,1,1,1,1,1
0,21,5,4.77052599308081e-05,0,0,3,3,3,5,4,1,1,1,1,1
0,21,6,9.870360372588038e-06,0,0,3,3,3,6,4,1,1,1,1,1
0,21,7,2.1550078599830158e-05,0,0,3,3,3,1,4,2,1,1,1,1
0,21,11,1.1730537153198384e-05,0,0,3,3,3,5,4,2,1,1,1,1
0,21,13,0.10104376077651978,0,0,3,3,3,1,4,3,1,1,1,1
0,21,18,0.0006381151615642011,0,0,3,3,3,6,4,3,1,1,1,1
0,21,23,0.00011569787602638826,0,0,3,3,3,5,4,4,1,1,1,1
0,21,24,1.2580248039739672e-05,0,0,3,3,3,6,4,4,1,1,1,1
0,21,25,6.744838901795447e-05,0,0,3,3,3,1,4,5,1,1,1,1
0,21,26,0.00012199629418319091,0,0,3,3,3,2,4,5,1,1,1,1
0,21,28,0.00011698215530486777,0,0,3,3,3,4,4,5,1,1,1,1
0,21,31,0.0002628558431752026,0,0,3,4,3,1,4,1,1,1,1,1
0,21,32,0.00025781881413422525,0,0,3,4,3,2,4,2,1,1,1,1
0,21,33,0.41312527656555176,0,0,3,4,3,3,4,3,1,1,1,1
0,21,34,0.001357202883809805,0,0,3,4,3,4,4,4,1,1,1,1
0,21,38,0.47980570793151855,0,0,3,5,3,3,4,3,1,2,1,2
0,21,40,0.0019000805914402008,0,0,3,5,3,5,4,5,1,2,1,2
0,21,43,0.0007337448187172413,0,1,3,6,3,3,4,0,1,0,1,1
0,21,44,6.930323434062302e-05,0,1,3,6,3,4,4,0,1,0,1,1
0,21,46,5.0619411922525615e-05,0,1,3,6,3,6,4,0,1,0,1,1
0,22,0,4.822654318559216e-06,0,0,3,1,4,0,4,0,1,2,1,4
0,22,1,5.255513679003343e-05,0,0,3,3,4,1,4,1,1,1,1,1
0,22,2,0.00014700458268634975,0,0,3,3,4,2,4,1,1,1,1,1
0,22,3,4.850340337725356e-05,0,0,3,3,4,3,4,1,1,1,1,1
0,22,5,6.436103285523131e-05,0,0,3,3,4,5,4,1,1,1,1,1
0,22,6,6.128420409368118e-06,0,0,3,3,4,6,4,1,1,1,1,1
0,22,7,0.00013215358194429427,0,0,3,3,4,1,4,2,1,1,1,1
0,22,11,1.187911766464822e-05,0,0,3,3,4,5,4,2,1,1,1,1
0,22,13,0.5598199367523193,0,0,3,3,4,1,4,3,1,1,1,1
0,22,18,0.00039476266829296947,0,0,3,3,4,6,4,3,1,1,1,1
0,22,23,6.878562999190763e-05,0,0,3,3,4,5,4,4,1,1,1,1
0,22,24,3.8092962313385215e-06,0,0,3,3,4,6,4,4,1,1,1,1
0,22,25,4.018724575871602e-05,0,0,3,3,4,1,4,5,1,1,1,1
0,22,26,3.112787089776248e-05,0,0,3,3,4,2,4,5,1,1,1,1
0,22,28,3.725176793523133e-05,0,0,3,3,4,4,4,5,1,1,1,1
0,22,31,0.00010289611236657947,0,0,3,4,4,1,4,1,1,1,1,1
0,22,32,7.469025877071545e-05,0,0,3,4,4,2,4,2,1,1,1,1
0,22,33,0.02959991805255413,0,0,3,4,4,3,4,3,1,1,1,1
0,22,34,0.00031303174910135567,0,0,3,4,4,4,4,4,1,1,1,1
0,22,38,0.4059912860393524,0,0,3,5,4,3,4,3,1,2,1,2
0,22,40,0.0008929108153097332,0,0,3,5,4,5,4,5,1,2,1,2
0,22,43,0.0017800016794353724,0,1,3,6,4,3,4,0,1,0,1,1
0,22,44,0.0001890478451969102,0,1,3,6,4,4,4,0,1,0,1,1
0,22,46,0.0001924339885590598,0,1,3,6,4,6,4,0,1,0,1,1
0,27,0,0.004565555602312088,0,0,3,1,3,0,5,0,1,2,1,4
0,27,1,0.0013383816694840789,0,0,3,3,3,1,5,1,1,1,1,1
0,27,2,0.015061079524457455,0,0,3,3,3,2,5,1,1,1,1,1
0,27,3,0.014166084118187428,0,0,3,3,3,3,5,1,1,1,1,1
0,27,5,0.023867519572377205,0,0,3,3,3,5,5,1,1,1,1,1
0,27,6,0.009080501273274422,0,0,3,3,3,6,5,1,1,1,1,1
0,27,7,0.07698600739240646,0,0,3,3,3,1,5,2,1,1,1,1
0,27,11,0.07381048798561096,0,0,3,3,3,5,5,2,1,1,1,1
0,27,13,0.12055288255214691,0,0,3,3,3,1,5,3,1,1,1,1
0,27,18,0.015340324491262436,0,0,3,3,3,6,5,3,1,1,1,1
0,27,23,0.02574344351887703,0,0,3,3,3,5,5,4,1,1,1,1
0,27,24,0.007712704595178366,0,0,3,3,3,6,5,4,1,1,1,1
0,27,25,0.004483538679778576,0,0,3,3,3,1,5,5,1,1,1,1
0,27,26,0.018383609130978584,0,0,3,3,3,2,5,5,1,1,1,1
0,27,28,0.01586839370429516,0,0,3,3,3,4,5,5,1,1,1,1
0,27,31,0.0012064717011526227,0,0,3,4,3,1,5,1,1,1,1,1
0,27,32,0.03882037475705147,0,0,3,4,3,2,5,2,1,1,1,1
0,27,33,0.10696385055780411,0,0,3,4,3,3,5,3,1,1,1,1
0,27,34,0.050726111978292465,0,0,3,4,3,4,5,4,1,1,1,1
0,27,38,0.19262363016605377,0,0,3,5,3,3,5,3,1,2,1,2
0,27,40,0.09988920390605927,0,0,3,5,3,5,5,5,1,2,1,2
0,27,43,0.06493283063173294,0,1,3,6,3,3,5,0,1,0,1,1
0,27,44,0.015291576273739338,0,1,3,6,3,4,5,0,1,0,1,1
0,27,46,0.002585376612842083,0,1,3,6,3,6,5,0,1,0,1,1
0,29,0,0.0006919024745002389,0,0,3,1,5,0,5,0,1,2,1,4
0,29,1,0.0010663457214832306,0,0,3,3,5,1,5,1,1,1,1,1
0,29,2,0.010955206118524075,0,0,3,3,5,2,5,1,1,1,1,1
0,29,3,0.005398930050432682,0,0,3,3,5,3,5,1,1,1,1,1
0,29,5,0.01415480487048626,0,0,3,3,5,5,5,1,1,1,1,1
0,29,6,0.00300388690084219,0,0,3,3,5,6,5,1,1,1,1,1
0,29,7,0.02794530801475048,0,0,3,3,5,1,5,2,1,1,1,1
0,29,11,0.006744261831045151,0,0,3,3,5,5,5,2,1,1,1,1
0,29,13,0.3156171441078186,0,0,3,3,5,1,5,3,1,1,1,1
0,29,18,0.01453747134655714,0,0,3,3,5,6,5,3,1,1,1,1
0,29,23,0.002018105937168002,0,0,3,3,5,5,5,4,1,1,1,1
0,29,24,0.0006312305340543389,0,0,3,3,5,6,5,4,1,1,1,1
0,29,25,0.006498008035123348,0,0,3,3,5,1,5,5,1,1,1,1
0,29,26,0.006475237663835287,0,0,3,3,5,2,5,5,1,1,1,1
0,29,28,0.005054262932389975,0,0,3,3,5,4,5,5,1,1,1,1
0,29,31,0.005015822593122721,0,0,3,4,5,1,5,1,1,1,1,1
0,29,32,0.007729869335889816,0,0,3,4,5,2,5,2,1,1,1,1
0,29,33,0.02564028464257717,0,0,3,4,5,3,5,3,1,1,1,1
0,29,34,0.007975364103913307,0,0,3,4,5,4,5,4,1,1,1,1
0,29,38,0.3655824065208435,0,0,3,5,5,3,5,3,1,2,1,2
0,29,40,0.10517507791519165,0,0,3,5,5,5,5,5,1,2,1,2
0,29,43,0.03895280510187149,0,1,3,6,5,3,5,0,1,0,1,1
0,29,44,0.01069769635796547,0,1,3,6,5,4,5,0,1,0,1,1
0,29,46,0.012438615784049034,0,1,3,6,5,6,5,0,1,0,1,1
0,30,0,0.0002070104528684169,0,0,3,1,6,0,5,0,1,2,1,4
0,30,1,1.7820862922235392e-05,0,0,3,3,6,1,5,1,1,1,1,1
0,30,2,0.00047437468310818076,0,0,3,3,6,2,5,1,1,1,1,1
0,30,3,0.00015975188580341637,0,0,3,3,6,3,5,1,1,1,1,1
0,30,5,0.000527398893609643,0,0,3,3,6,5,5,1,1,1,1,1
0,30,6,7.678254769416526e-05,0,0,3,3,6,6,5,1,1,1,1,1
0,30,7,7.069427374517545e-05,0,0,3,3,6,1,5,2,1,1,1,1
0,30,11,0.0001746650377754122,0,0,3,3,6,5,5,2,1,1,1,1
0,30,13,0.006362783722579479,0,0,3,3,6,1,5,3,1,1,1,1
0,30,18,0.0005088016041554511,0,0,3,3,6,6,5,3,1,1,1,1
0,30,23,0.00011470209574326873,0,0,3,3,6,5,5,4,1,1,1,1
0,30,24,4.37327689724043e-05,0,0,3,3,6,6,5,4,1,1,1,1
0,30,25,0.0002996990515384823,0,0,3,3,6,1,5,5,1,1,1,1
0,30,26,0.0014751882990822196,0,0,3,3,6,2,5,5,1,1,1,1
0,30,28,0.002037993399426341,0,0,3,3,6,4,5,5,1,1,1,1
0,30,31,0.00034101889468729496,0,0,3,4,6,1,5,1,1,1,1,1
0,30,32,0.002098809229210019,0,0,3,4,6,2,5,2,1,1,1,1
0,30,33,0.27232229709625244,0,0,3,4,6,3,5,3,1,1,1,1
0,30,34,0.0026721262838691473,0,0,3,4,6,4,5,4,1,1,1,1
0,30,38,0.5328322649002075,0,0,3,5,6,3,5,3,1,2,1,2
0,30,40,0.173197403550148,0,0,3,5,6,5,5,5,1,2,1,2
0,30,43,0.002332221018150449,0,1,3,6,6,3,5,0,1,0,1,1
0,30,44,0.0014483679551631212,0,1,3,6,6,4,5,0,1,0,1,1
0,30,46,0.00020386352844070643,0,1,3,6,6,6,5,0,1,0,1,1
0,35,0,4.4510361476568505e-05,0,0,4,1,5,0,5,0,1,2,1,4
0,35,1,0.012565315701067448,0,0,4,3,5,1,5,1,1,1,1,1
0,35,2,0.0035646974574774504,0,0,4,3,5,2,5,1,1,1,1,1
0,35,3,0.0036388812586665154,0,0,4,3,5,3,5,1,1,1,1,1
0,35,5,0.014684297144412994,0,0,4,3,5,5,5,1,1,1,1,1
0,35,6,0.004254873376339674,0,0,4,3,5,6,5,1,1,1,1,1
0,35,7,0.11554090678691864,0,0,4,3,5,1,5,2,1,1,1,1
0,35,11,0.012055492959916592,0,0,4,3,5,5,5,2,1,1,1,1
0,35,13,0.6692037582397461,0,0,4,3,5,1,5,3,1,1,1,1
0,35,18,0.007152630481868982,0,0,4,3,5,6,5,3,1,1,1,1
0,35,23,0.0014002752723172307,0,0,4,3,5,5,5,4,1,1,1,1
0,35,24,0.0002684312639757991,0,0,4,3,5,6,5,4,1,1,1,1
0,35,25,0.0105042215436697,0,0,4,3,5,1,5,5,1,1,1,1
0,35,26,0.0012199822813272476,0,0,4,3,5,2,5,5,1,1,1,1
0,35,28,0.0013808157527819276,0,0,4,3,5,4,5,5,1,1,1,1
0,35,31,0.024097615852952003,0,0,4,4,5,1,5,1,1,1,1,1
0,35,32,0.005945595912635326,0,0,4,4,5,2,5,2,1,1,1,1
0,35,33,0.00187172822188586,0,0,4,4,5,3,5,3,1,1,1,1
0,35,34,0.001734843128360808,0,0,4,4,5,4,5,4,1,1,1,1
0,35,38,0.015899796038866043,0,0,4,5,5,3,5,3,1,2,1,2
0,35,40,0.002528083510696888,0,0,4,5,5,5,5,5,1,2,1,2
0,35,43,0.03993310034275055,0,1,4,6,5,3,5,0,1,0,1,1
0,35,44,0.003933951258659363,0,1,4,6,5,4,5,0,1,0,1,1
0,35,46,0.04657677188515663,0,1,4,6,5,6,5,0,1,0,1,1
0,36,0,9.418544664185902e-07,0,0,5,1,1,0,1,0,2,2,2,4
0,36,1,0.0006054851692169905,0,0,5,3,1,1,1,1,2,1,2,1
0,36,2,0.00037433041143231094,0,0,5,3,1,2,1,1,2,1,2,1
0,36,3,2.8081502023269422e-05,0,0,5,3,1,3,1,1,2,1,2,1
0,36,5,7.93112994870171e-05,0,0,5,3,1,5,1,1,2,1,2,1
0,36,6,1.8359796740696765e-05,0,0,5,3,1,6,1,1,2,1,2,1
0,36,7,5.397319910116494e-06,0,0,5,3,1,1,1,2,2,1,2,1
0,36,11,2.6503857952775434e-07,0,0,5,3,1,5,1,2,2,1,2,1
0,36,13,0.6168550848960876,0,0,5,3,1,1,1,3,2,1,2,1
0,36,18,0.0005450190510600805,0,0,5,3,1,6,1,3,2,1,2,1
0,36,23,1.925277047121199e-06,0,0,5,3,1,5,1,4,2,1,2,1
0,36,24,6.328578479042335e-07,0,0,5,3,1,6,1,4,2,1,2,1
0,36,25,0.001798194251023233,0,0,5,3,1,1,1,5,2,1,2,1
0,36,26,0.00012315201456658542,0,0,5,3,1,2,1,5,2,1,2,1
0,36,28,0.000141946118674241,0,0,5,3,1,4,1,5,2,1,2,1
0,36,31,0.06831881403923035,0,0,5,4,1,1,1,1,2,1,2,1
0,36,32,6.121164915384725e-05,0,0,5,4,1,2,1,2,2,1,2,1
0,36,33,0.005318576004356146,0,0,5,4,1,3,1,3,2,1,2,1
0,36,34,5.77839273319114e-05,0,0,5,4,1,4,1,4,2,1,2,1
0,36,38,0.30453622341156006,0,0,5,5,1,3,1,3,2,2,2,2
0,36,40,0.0007974036852829158,0,0,5,5,1,5,1,5,2,2,2,2
0,36,43,3.489182563498616e-05,0,1,5,6,1,3,1,0,2,0,2,1
0,36,44,9.28321333049098e-06,0,1,5,6,1,4,1,0,2,0,2,1
0,36,46,0.0002870780590455979,0,1,5,6,1,6,1,0,2,0,2,1
0,37,0,0.01894303783774376,0,0,5,1,2,0,2,0,2,2,2,4
0,37,1,0.004181141033768654,0,0,5,3,2,1,2,1,2,1,2,1
0,37,2,0.018046388402581215,0,0,5,3,2,2,2,1,2,1,2,1
0,37,3,0.013605868443846703,0,0,5,3,2,3,2,1,2,1,2,1
0,37,5,0.0054692658595740795,0,0,5,3,2,5,2,1,2,1,2,1
0,37,6,0.0071339174173772335,0,0,5,3,2,6,2,1,2,1,2,1
0,37,7,0.00046646103146485984,0,0,5,3,2,1,2,2,2,1,2,1
0,37,11,0.0009435657411813736,0,0,5,3,2,5,2,2,2,1,2,1
0,37,13,0.007482122629880905,0,0,5,3,2,1,2,3,2,1,2,1
0,37,18,0.007065506186336279,0,0,5,3,2,6,2,3,2,1,2,1
0,37,23,0.009431300684809685,0,0,5,3,2,5,2,4,2,1,2,1
0,37,24,0.007136759348213673,0,0,5,3,2,6,2,4,2,1,2,1
0,37,25,0.023675329983234406,0,0,5,3,2,1,2,5,2,1,2,1
0,37,26,0.04644748941063881,0,0,5,3,2,2,2,5,2,1,2,1
0,37,28,0.021793395280838013,0,0,5,3,2,4,2,5,2,1,2,1
0,37,31,0.014263774268329144,0,0,5,4,2,1,2,1,2,1,2,1
0,37,32,0.010807500220835209,0,0,5,4,2,2,2,2,2,1,2,1
0,37,33,0.1000402420759201,0,0,5,4,2,3,2,3,2,1,2,1
0,37,34,0.012249583378434181,0,0,5,4,2,4,2,4,2,1,2,1
0,37,38,0.36288151144981384,0,0,5,5,2,3,2,3,2,2,2,2
0,37,40,0.3016466200351715,0,0,5,5,2,5,2,5,2,2,2,2
0,37,43,0.0033375315833836794,0,1,5,6,2,3,2,0,2,0,2,1
0,37,44,0.0014353377046063542,0,1,5,6,2,4,2,0,2,0,2,1
0,37,46,0.0015165815129876137,0,1,5,6,2,6,2,0,2,0,2,1
0,39,0,2.2606918719247915e-05,0,0,5,1,4,0,4,0,2,2,2,4
0,39,1,0.006167734507471323,0,0,5,3,4,1,4,1,2,1,2,1
0,39,2,0.0013493101578205824,0,0,5,3,4,2,4,1,2,1,2,1
0,39,3,0.0014821934746578336,0,0,5,3,4,3,4,1,2,1,2,1
0,39,5,0.0007667046156711876,0,0,5,3,4,5,4,1,2,1,2,1
0,39,6,0.0005332588916644454,0,0,5,3,4,6,4,1,2,1,2,1
0,39,7,0.0002461253316141665,0,0,5,3,4,1,4,2,2,1,2,1
0,39,11,2.347051486140117e-05,0,0,5,3,4,5,4,2,2,1,2,1
0,39,13,0.38412559032440186,0,0,5,3,4,1,4,3,2,1,2,1
0,39,18,0.001153650926426053,0,0,5,3,4,6,4,3,2,1,2,1
0,39,23,0.000650136498734355,0,0,5,3,4,5,4,4,2,1,2,1
0,39,24,9.862833394436166e-05,0,0,5,3,4,6,4,4,2,1,2,1
0,39,25,0.002000128384679556,0,0,5,3,4,1,4,5,2,1,2,1
0,39,26,0.0004906021058559418,0,0,5,3,4,2,4,5,2,1,2,1
0,39,28,0.0007809966336935759,0,0,5,3,4,4,4,5,2,1,2,1
0,39,31,0.009426909498870373,0,0,5,4,4,1,4,1,2,1,2,1
0,39,32,0.0009418089175596833,0,0,5,4,4,2,4,2,2,1,2,1
0,39,33,0.014035611413419247,0,0,5,4,4,3,4,3,2,1,2,1
0,39,34,0.0008971438510343432,0,0,5,4,4,4,4,4,2,1,2,1
0,39,38,0.5689213275909424,0,0,5,5,4,3,4,3,2,2,2,2
0,39,40,0.0038859464693814516,0,0,5,5,4,5,4,5,2,2,2,2
0,39,43,0.0011603154707700014,0,1,5,6,4,3,4,0,2,0,2,1
0,39,44,0.00028231466421857476,0,1,5,6,4,4,4,0,2,0,2,1
0,39,46,0.0005577211268246174,0,1,5,6,4,6,4,0,2,0,2,1
0,41,0,0.0008303531794808805,1,0,6,1,1,0,0,0,0,2,1,4
0,41,1,2.416306233499199e-05,1,0,6,3,1,1,0,1,0,1,1,1
0,41,2,0.0002442684199195355,1,0,6,3,1,2,0,1,0,1,1,1
0,41,3,0.00010987901623593643,1,0,6,3,1,3,0,1,0,1,1,1
0,41,5,2.9979848477523774e-05,1,0,6,3,1,5,0,1,0,1,1,1
0,41,6,1.086439260689076e-05,1,0,6,3,1,6,0,1,0,1,1,1
0,41,7,1.4015436136105563e-06,1,0,6,3,1,1,0,2,0,1,1,1
0,41,11,8.315951731674431e-07,1,0,6,3,1,5,0,2,0,1,1,1
0,41,13,0.0012904481263831258,1,0,6,3,1,1,0,3,0,1,1,1
0,41,18,0.005144910421222448,1,0,6,3,1,6,0,3,0,1,1,1
0,41,23,3.5101296816719696e-05,1,0,6,3,1,5,0,4,0,1,1,1
0,41,24,7.334531983360648e-05,1,0,6,3,1,6,0,4,0,1,1,1
0,41,25,0.00014777439355384558,1,0,6,3,1,1,0,5,0,1,1,1
0,41,26,0.00018962202011607587,1,0,6,3,1,2,0,5,0,1,1,1
0,41,28,4.839523899136111e-05,1,0,6,3,1,4,0,5,0,1,1,1
0,41,31,0.0011617381824180484,1,0,6,4,1,1,0,1,0,1,1,1
0,41,32,0.00021425416343845427,1,0,6,4,1,2,0,2,0,1,1,1
0,41,33,0.17136846482753754,1,0,6,4,1,3,0,3,0,1,1,1
0,41,34,0.0004271516518201679,1,0,6,4,1,4,0,4,0,1,1,1
0,41,38,0.7993665337562561,1,0,6,5,1,3,0,3,0,2,1,2
0,41,40,0.017430933192372322,1,0,6,5,1,5,0,5,0,2,1,2
0,41,43,0.0007866370142437518,1,1,6,6,1,3,0,0,0,0,1,1
0,41,44,0.00039917585672810674,1,1,6,6,1,4,0,0,0,0,1,1
0,41,46,0.0006644958630204201,1,1,6,6,1,6,0,0,0,0,1,1
0,42,0,0.12222062051296234,1,0,6,1,2,0,0,0,0,2,1,4
0,42,1,0.010771759785711765,1,0,6,3,2,1,0,1,0,1,1,1
0,42,2,0.036012403666973114,1,0,6,3,2,2,0,1,0,1,1,1
0,42,3,0.008611207827925682,1,0,6,3,2,3,0,1,0,1,1,1
0,42,5,0.0018954239785671234,1,0,6,3,2,5,0,1,0,1,1,1
0,42,6,0.0026215799152851105,1,0,6,3,2,6,0,1,0,1,1,1
0,42,7,9.997385495807976e-05,1,0,6,3,2,1,0,2,0,1,1,1
0,42,11,8.221321331802756e-05,1,0,6,3,2,5,0,2,0,1,1,1
0,42,13,0.019974181428551674,1,0,6,3,2,1,0,3,0,1,1,1
0,42,18,0.057219553738832474,1,0,6,3,2,6,0,3,0,1,1,1
0,42,23,0.004546829964965582,1,0,6,3,2,5,0,4,0,1,1,1
0,42,24,0.019052933901548386,1,0,6,3,2,6,0,4,0,1,1,1
0,42,25,0.012865947559475899,1,0,6,3,2,1,0,5,0,1,1,1
0,42,26,0.022078970447182655,1,0,6,3,2,2,0,5,0,1,1,1
0,42,28,0.0046167983673512936,1,0,6,3,2,4,0,5,0,1,1,1
0,42,31,0.027617674320936203,1,0,6,4,2,1,0,1,0,1,1,1
0,42,32,0.005220302380621433,1,0,6,4,2,2,0,2,0,1,1,1
0,42,33,0.09196363389492035,1,0,6,4,2,3,0,3,0,1,1,1
0,42,34,0.010153272189199924,1,0,6,4,2,4,0,4,0,1,1,1
0,42,38,0.48835352063179016,1,0,6,5,2,3,0,3,0,2,1,2
0,42,40,0.03194139152765274,1,0,6,5,2,5,0,5,0,2,1,2
0,42,43,0.003526056185364723,1,1,6,6,2,3,0,0,0,0,1,1
0,42,44,0.006075996905565262,1,1,6,6,2,4,0,0,0,0,1,1
0,42,46,0.012477647513151169,1,1,6,6,2,6,0,0,0,0,1,1
0,45,0,0.03729744628071785,1,0,6,1,5,0,0,0,0,2,1,4
0,45,1,0.1355898082256317,1,0,6,3,5,1,0,1,0,1,1,1
0,45,2,0.03970713913440704,1,0,6,3,5,2,0,1,0,1,1,1
0,45,3,0.09265422821044922,1,0,6,3,5,3,0,1,0,1,1,1
0,45,5,0.01750522293150425,1,0,6,3,5,5,0,1,0,1,1,1
0,45,6,0.025851018726825714,1,0,6,3,5,6,0,1,0,1,1,1
0,45,7,0.017320726066827774,1,0,6,3,5,1,0,2,0,1,1,1
0,45,11,0.005869862623512745,1,0,6,3,5,5,0,2,0,1,1,1
0,45,13,0.10228639841079712,1,0,6,3,5,1,0,3,0,1,1,1
0,45,18,0.08024973422288895,1,0,6,3,5,6,0,3,0,1,1,1
0,45,23,0.09137237817049026,1,0,6,3,5,5,0,4,0,1,1,1
0,45,24,0.05343356728553772,1,0,6,3,5,6,0,4,0,1,1,1
0,45,25,0.019442759454250336,1,0,6,3,5,1,0,5,0,1,1,1
0,45,26,0.009680503979325294,1,0,6,3,5,2,0,5,0,1,1,1
0,45,28,0.0031469198875129223,1,0,6,3,5,4,0,5,0,1,1,1
0,45,31,0.04961889982223511,1,0,6,4,5,1,0,1,0,1,1,1
0,45,32,0.015977729111909866,1,0,6,4,5,2,0,2,0,1,1,1
0,45,33,0.014025832526385784,1,0,6,4,5,3,0,3,0,1,1,1
0,45,34,0.013504337519407272,1,0,6,4,5,4,0,4,0,1,1,1
0,45,38,0.0773806944489479,1,0,6,5,5,3,0,3,0,2,1,2
0,45,40,0.009602945297956467,1,0,6,5,5,5,0,5,0,2,1,2
0,45,43,0.035481613129377365,1,1,6,6,5,3,0,0,0,0,1,1
0,45,44,0.015710093080997467,1,1,6,6,5,4,0,0,0,0,1,1
0,45,46,0.037289880216121674,1,1,6,6,5,6,0,0,0,0,1,1
0,47,0,0.0007254761294461787,2,0,7,1,0,0,0,0,0,2,4,4
0,47,1,0.814548134803772,2,0,7,3,0,1,0,1,0,1,4,1
0,47,2,0.0018067030468955636,2,0,7,3,0,2,0,1,0,1,4,1
0,47,3,0.018175648525357246,2,0,7,3,0,3,0,1,0,1,4,1
0,47,5,0.004826266318559647,2,0,7,3,0,5,0,1,0,1,4,1
0,47,6,0.031921882182359695,2,0,7,3,0,6,0,1,0,1,4,1
0,47,7,0.0454183928668499,2,0,7,3,0,1,0,2,0,1,4,1
0,47,11,0.007300188764929771,2,0,7,3,0,5,0,2,0,1,4,1
0,47,13,0.0017304448410868645,2,0,7,3,0,1,0,3,0,1,4,1
0,47,18,0.0007638526731170714,2,0,7,3,0,6,0,3,0,1,4,1
0,47,23,0.031189540401101112,2,0,7,3,0,5,0,4,0,1,4,1
0,47,24,0.018639113754034042,2,0,7,3,0,6,0,4,0,1,4,1
0,47,25,0.004961207043379545,2,0,7,3,0,1,0,5,0,1,4,1
0,47,26,0.0004060580104123801,2,0,7,3,0,2,0,5,0,1,4,1
0,47,28,0.0010554592590779066,2,0,7,3,0,4,0,5,0,1,4,1
0,47,31,0.009663084521889687,2,0,7,4,0,1,0,1,0,1,4,1
0,47,32,0.002693042391911149,2,0,7,4,0,2,0,2,0,1,4,1
0,47,33,5.3611888688465115e-06,2,0,7,4,0,3,0,3,0,1,4,1
0,47,34,0.0005602878518402576,2,0,7,4,0,4,0,4,0,1,4,1
0,47,38,9.698018402559683e-06,2,0,7,5,0,3,0,3,0,2,4,2
0,47,40,4.501843250181992e-06,2,0,7,5,0,5,0,5,0,2,4,2
0,47,43,0.0007246339228004217,2,1,7,6,0,3,0,0,0,0,4,1
0,47,44,0.0006903969333507121,2,1,7,6,0,4,0,0,0,0,4,1
0,47,46,0.002180900890380144,2,1,7,6,0,6,0,0,0,0,4,1
1,0,4,0.10410249978303909,0,0,1,3,0,4,0,1,2,1,4,1
1,0,8,0.02574561908841133,0,0,1,3,0,2,0,2,2,1,4,1
1,0,9,0.0204559825360775,0,0,1,3,0,3,0,2,2,1,4,1
1,0,10,0.17542928457260132,0,0,1,3,0,4,0,2,2,1,4,1
1,0,12,0.009957509115338326,0,0,1,3,0,6,0,2,2,1,4,1
1,0,14,0.0010487830732017756,0,0,1,3,0,2,0,3,2,1,4,1
1,0,15,0.0021333759650588036,0,0,1,3,0,3,0,3,2,1,4,1
1,0,16,0.006516134832054377,0,0,1,3,0,4,0,3,2,1,4,1
1,0,17,0.0022246153093874454,0,0,1,3,0,5,0,3,2,1,4,1
1,0,19,0.0021885742899030447,0,0,1,3,0,1,0,4,2,1,4,1
1,0,20,0.0012230488937348127,0,0,1,3,0,2,0,4,2,1,4,1
1,0,21,0.0029160636477172375,0,0,1,3,0,3,0,4,2,1,4,1
1,0,22,0.015512283891439438,0,0,1,3,0,4,0,4,2,1,4,1
1,0,27,0.011918933130800724,0,0,1,3,0,3,0,5,2,1,4,1
1,0,29,0.0009292445029132068,0,0,1,3,0,5,0,5,2,1,4,1
1,0,30,0.014447863213717937,0,0,1,3,0,6,0,5,2,1,4,1
1,0,35,0.007888033986091614,0,0,1,4,0,5,0,5,2,1,4,1
1,0,36,0.09242378175258636,0,0,1,5,0,1,0,1,2,2,4,2
1,0,37,0.12366797029972076,0,0,1,5,0,2,0,2,2,2,4,2
1,0,39,0.3668275475502014,0,0,1,5,0,4,0,4,2,2,4,2
1,0,41,0.0009049210348166525,0,1,1,6,0,1,0,0,2,0,4,1
1,0,42,0.0006232493324205279,0,1,1,6,0,2,0,0,2,0,4,1
1,0,45,0.0004948038840666413,0,1,1,6,0,5,0,0,2,0,4,1
1,0,47,0.010419494472444057,0,2,1,7,0,0,0,0,2,0,4,4
1,1,4,0.1499118208885193,0,0,3,3,1,4,1,1,1,1,1,1
1,1,8,0.05059954896569252,0,0,3,3,1,2,1,2,1,1,1,1
1,1,9,0.1073002964258194,0,0,3,3,1,3,1,2,1,1,1,1
1,1,10,0.09115085005760193,0,0,3,3,1,4,1,2,1,1,1,1
1,1,12,0.029420088976621628,0,0,3,3,1,6,1,2,1,1,1,1
1,1,14,0.01348684448748827,0,0,3,3,1,2,1,3,1,1,1,1
1,1,15,0.015789953991770744,0,0,3,3,1,3,1,3,1,1,1,1
1,1,16,0.04628555476665497,0,0,3,3,1,4,1,3,1,1,1,1
1,1,17,0.027809541672468185,0,0,3,3,1,5,1,3,1,1,1,1
1,1,19,0.05543384328484535,0,0,3,3,1,1,1,4,1,1,1,1
1,1,20,0.020717937499284744,0,0,3,3,1,2,1,4,1,1,1,1
1,1,21,0.11435714364051819,0,0,3,3,1,3,1,4,1,1,1,1
1,1,22,0.020248154178261757,0,0,3,3,1,4,1,4,1,1,1,1
1,1,27,0.13180232048034668,0,0,3,3,1,3,1,5,1,1,1,1
1,1,29,0.03920332342386246,0,0,3,3,1,5,1,5,1,1,1,1
1,1,30,0.03251203894615173,0,0,3,3,1,6,1,5,1,1,1,1
1,1,35,0.0028922799974679947,0,0,3,4,1,5,1,5,1,1,1,1
1,1,36,0.012637763284146786,0,0,3,5,1,1,1,1,1,2,1,2
1,1,37,0.006227271165698767,0,0,3,5,1,2,1,2,1,2,1,2
1,1,39,0.02582266367971897,0,0,3,5,1,4,1,4,1,2,1,2
1,1,41,0.0010906517272815108,0,1,3,6,1,1,1,0,1,0,1,1
1,1,42,0.0012686201371252537,0,1,3,6,1,2,1,0,1,0,1,1
1,1,45,0.0014943676069378853,0,1,3,6,1,5,1,0,1,0,1,1
1,1,47,0.002537077758461237,0,2,3,7,1,0,1,0,1,0,1,4
1,2,4,0.027346046641469002,0,0,3,3,2,4,1,1,1,1,1,1
1,2,8,0.06657417118549347,0,0,3,3,2,2,1,2,1,1,1,1
1,2,9,0.16873349249362946,0,0,3,3,2,3,1,2,1,1,1,1
1,2,10,0.11501609534025192,0,0,3,3,2,4,1,2,1,1,1,1
1,2,12,0.12566687166690826,0,0,3,3,2,6,1,2,1,1,1,1
1,2,14,0.021193426102399826,0,0,3,3,2,2,1,3,1,1,1,1
1,2,15,0.04996425658464432,0,0,3,3,2,3,1,3,1,1,1,1
1,2,16,0.04038281738758087,0,0,3,3,2,4,1,3,1,1,1,1
1,2,17,0.03218165785074234,0,0,3,3,2,5,1,3,1,1,1,1
1,2,19,0.04623144865036011,0,0,3,3,2,1,1,4,1,1,1,1
1,2,20,0.034496188163757324,0,0,3,3,2,2,1,4,1,1,1,1
1,2,21,0.08346670120954514,0,0,3,3,2,3,1,4,1,1,1,1
1,2,22,0.029520610347390175,0,0,3,3,2,4,1,4,1,1,1,1
1,2,27,0.012769237160682678,0,0,3,3,2,3,1,5,1,1,1,1
1,2,29,0.003153466619551182,0,0,3,3,2,5,1,5,1,1,1,1
1,2,30,0.01662589982151985,0,0,3,3,2,6,1,5,1,1,1,1
1,2,35,0.0031941263005137444,0,0,3,4,2,5,1,5,1,1,1,1
1,2,36,0.058018192648887634,0,0,3,5,2,1,1,1,1,2,1,2
1,2,37,0.027370426803827286,0,0,3,5,2,2,1,2,1,2,1,2
1,2,39,0.01505817100405693,0,0,3,5,2,4,1,4,1,2,1,2
1,2,41,0.00456801475957036,0,1,3,6,2,1,1,0,1,0,1,1
1,2,42,0.0073440903797745705,0,1,3,6,2,2,1,0,1,0,1,1
1,2,45,0.009397005662322044,0,1,3,6,2,5,1,0,1,0,1,1
1,2,47,0.0017273956909775734,0,2,3,7,2,0,1,0,1,0,1,4
1,3,4,0.015236342325806618,0,0,3,3,3,4,1,1,1,1,1,1
1,3,8,0.0412580631673336,0,0,3,3,3,2,1,2,1,1,1,1
1,3,9,0.06641752272844315,0,0,3,3,3,3,1,2,1,1,1,1
1,3,10,0.021274061873555183,0,0,3,3,3,4,1,2,1,1,1,1
1,3,12,0.060043495148420334,0,0,3,3,3,6,1,2,1,1,1,1
1,3,14,0.04175923392176628,0,0,3,3,3,2,1,3,1,1,1,1
1,3,15,0.01138900313526392,0,0,3,3,3,3,1,3,1,1,1,1
1,3,16,0.03257399797439575,0,0,3,3,3,4,1,3,1,1,1,1
1,3,17,0.008982667699456215,0,0,3,3,3,5,1,3,1,1,1,1
1,3,19,0.060728009790182114,0,0,3,3,3,1,1,4,1,1,1,1
1,3,20,0.07348785549402237,0,0,3,3,3,2,1,4,1,1,1,1
1,3,21,0.09267397969961166,0,0,3,3,3,3,1,4,1,1,1,1
1,3,22,0.009731883183121681,0,0,3,3,3,4,1,4,1,1,1,1
1,3,27,0.03922652453184128,0,0,3,3,3,3,1,5,1,1,1,1
1,3,29,0.007655961439013481,0,0,3,3,3,5,1,5,1,1,1,1
1,3,30,0.0757048949599266,0,0,3,3,3,6,1,5,1,1,1,1
1,3,35,0.005191929172724485,0,0,3,4,3,5,1,5,1,1,1,1
1,3,36,0.012931976467370987,0,0,3,5,3,1,1,1,1,2,1,2
1,3,37,0.020444123074412346,0,0,3,5,3,2,1,2,1,2,1,2
1,3,39,0.025010420009493828,0,0,3,5,3,4,1,4,1,2,1,2
1,3,41,0.06895821541547775,0,1,3,6,3,1,1,0,1,0,1,1
1,3,42,0.10763974487781525,0,1,3,6,3,2,1,0,1,0,1,1
1,3,45,0.09655750542879105,0,1,3,6,3,5,1,0,1,0,1,1
1,3,47,0.0051225884817540646,0,2,3,7,3,0,1,0,1,0,1,4
1,5,4,0.1389012634754181,0,0,3,3,5,4,1,1,1,1,1,1
1,5,8,0.05968291684985161,0,0,3,3,5,2,1,2,1,1,1,1
1,5,9,0.08093008399009705,0,0,3,3,5,3,1,2,1,1,1,1
1,5,10,0.1295153647661209,0,0,3,3,5,4,1,2,1,1,1,1
1,5,12,0.09112778306007385,0,0,3,3,5,6,1,2,1,1,1,1
1,5,14,0.01136149000376463,0,0,3,3,5,2,1,3,1,1,1,1
1,5,15,0.02066083624958992,0,0,3,3,5,3,1,3,1,1,1,1
1,5,16,0.04861448332667351,0,0,3,3,5,4,1,3,1,1,1,1
1,5,17,0.04579063504934311,0,0,3,3,5,5,1,3,1,1,1,1
1,5,19,0.027419375255703926,0,0,3,3,5,1,1,4,1,1,1,1
1,5,20,0.016749048605561256,0,0,3,3,5,2,1,4,1,1,1,1
1,5,21,0.12937653064727783,0,0,3,3,5,3,1,4,1,1,1,1
1,5,22,0.1402188092470169,0,0,3,3,5,4,1,4,1,1,1,1
1,5,27,0.007000884506851435,0,0,3,3,5,3,1,5,1,1,1,1
1,5,29,0.00835825502872467,0,0,3,3,5,5,1,5,1,1,1,1
1,5,30,0.014570913277566433,0,0,3,3,5,6,1,5,1,1,1,1
1,5,35,0.01436610333621502,0,0,3,4,5,5,1,5,1,1,1,1
1,5,36,0.0025396416895091534,0,0,3,5,5,1,1,1,1,2,1,2
1,5,37,0.0016888147220015526,0,0,3,5,5,2,1,2,1,2,1,2
1,5,39,0.0017097943928092718,0,0,3,5,5,4,1,4,1,2,1,2
1,5,41,0.0015302069950848818,0,1,3,6,5,1,1,0,1,0,1,1
1,5,42,0.0028565723914653063,0,1,3,6,5,2,1,0,1,0,1,1
1,5,45,0.003939839079976082,0,1,3,6,5,5,1,0,1,0,1,1
1,5,47,0.0010902914218604565,0,2,3,7,5,0,1,0,1,0,1,4
1,6,4,0.016282718628644943,0,0,3,3,6,4,1,1,1,1,1,1
1,6,8,0.052123166620731354,0,0,3,3,6,2,1,2,1,1,1,1
1,6,9,0.12437734752893448,0,0,3,3,6,3,1,2,1,1,1,1
1,6,10,0.027728227898478508,0,0,3,3,6,4,1,2,1,1,1,1
1,6,12,0.09521521627902985,0,0,3,3,6,6,1,2,1,1,1,1
1,6,14,0.04385148361325264,0,0,3,3,6,2,1,3,1,1,1,1
1,6,15,0.04859006032347679,0,0,3,3,6,3,1,3,1,1,1,1
1,6,16,0.030252637341618538,0,0,3,3,6,4,1,3,1,1,1,1
1,6,17,0.06642213463783264,0,0,3,3,6,5,1,3,1,1,1,1
1,6,19,0.07633228600025177,0,0,3,3,6,1,1,4,1,1,1,1
1,6,20,0.07818320393562317,0,0,3,3,6,2,1,4,1,1,1,1
1,6,21,0.07760492712259293,0,0,3,3,6,3,1,4,1,1,1,1
1,6,22,0.015787826851010323,0,0,3,3,6,4,1,4,1,1,1,1
1,6,27,0.011754598468542099,0,0,3,3,6,3,1,5,1,1,1,1
1,6,29,0.00861951895058155,0,0,3,3,6,5,1,5,1,1,1,1
1,6,30,0.01751128025352955,0,0,3,3,6,6,1,5,1,1,1,1
1,6,35,0.0027264156378805637,0,0,3,4,6,5,1,5,1,1,1,1
1,6,36,0.13757765293121338,0,0,3,5,6,1,1,1,1,2,1,2
1,6,37,0.034624017775058746,0,0,3,5,6,2,1,2,1,2,1,2
1,6,39,0.010886403732001781,0,0,3,5,6,4,1,4,1,2,1,2
1,6,41,0.003996580373495817,0,1,3,6,6,1,1,0,1,0,1,1
1,6,42,0.010275647975504398,0,1,3,6,6,2,1,0,1,0,1,1
1,6,45,0.004449520260095596,0,1,3,6,6,5,1,0,1,0,1,1
1,6,47,0.004827133845537901,0,2,3,7,6,0,1,0,1,0,1,4
1,7,4,0.00035065817064605653,0,0,3,3,1,4,2,1,1,1,1,1
1,7,8,0.006280265748500824,0,0,3,3,1,2,2,2,1,1,1,1
1,7,9,0.0013473699800670147,0,0,3,3,1,3,2,2,1,1,1,1
1,7,10,0.00022343573800753802,0,0,3,3,1,4,2,2,1,1,1,1
1,7,12,0.003216598881408572,0,0,3,3,1,6,2,2,1,1,1,1
1,7,14,0.11520882695913315,0,0,3,3,1,2,2,3,1,1,1,1
1,7,15,0.003641467308625579,0,0,3,3,1,3,2,3,1,1,1,1
1,7,16,0.0021409534383565187,0,0,3,3,1,4,2,3,1,1,1,1
1,7,17,0.0013442884664982557,0,0,3,3,1,5,2,3,1,1,1,1
1,7,19,0.006784630939364433,0,0,3,3,1,1,2,4,1,1,1,1
1,7,20,0.017466867342591286,0,0,3,3,1,2,2,4,1,1,1,1
1,7,21,0.0012209228007122874,0,0,3,3,1,3,2,4,1,1,1,1
1,7,22,0.001943589304573834,0,0,3,3,1,4,2,4,1,1,1,1
1,7,27,0.00041751223034225404,0,0,3,3,1,3,2,5,1,1,1,1
1,7,29,0.000791104685049504,0,0,3,3,1,5,2,5,1,1,1,1
1,7,30,0.0012111502001062036,0,0,3,3,1,6,2,5,1,1,1,1
1,7,35,0.0010177901713177562,0,0,3,4,1,5,2,5,1,1,1,1
1,7,36,0.0014449061127379537,0,0,3,5,1,1,2,1,1,2,1,2
1,7,37,0.0009240536601282656,0,0,3,5,1,2,2,2,1,2,1,2
1,7,39,5.667590448865667e-05,0,0,3,5,1,4,2,4,1,2,1,2
1,7,41,0.2431395947933197,0,1,3,6,1,1,2,0,1,0,1,1
1,7,42,0.5585426092147827,0,1,3,6,1,2,2,0,1,0,1,1
1,7,45,0.02582075260579586,0,1,3,6,1,5,2,0,1,0,1,1
1,7,47,0.005463985726237297,0,2,3,7,1,0,2,0,1,0,1,4
1,11,4,0.004170614760369062,0,0,3,3,5,4,2,1,1,1,1,1
1,11,8,0.008182360790669918,0,0,3,3,5,2,2,2,1,1,1,1
1,11,9,0.0010526435216888785,0,0,3,3,5,3,2,2,1,1,1,1
1,11,10,0.0005164548056200147,0,0,3,3,5,4,2,2,1,1,1,1
1,11,12,0.003151735756546259,0,0,3,3,5,6,2,2,1,1,1,1
1,11,14,0.0923500582575798,0,0,3,3,5,2,2,3,1,1,1,1
1,11,15,0.0013078332412987947,0,0,3,3,5,3,2,3,1,1,1,1
1,11,16,0.004132358822971582,0,0,3,3,5,4,2,3,1,1,1,1
1,11,17,0.0008397034835070372,0,0,3,3,5,5,2,3,1,1,1,1
1,11,19,0.008078059181571007,0,0,3,3,5,1,2,4,1,1,1,1
1,11,20,0.017347268760204315,0,0,3,3,5,2,2,4,1,1,1,1
1,11,21,0.002740055089816451,0,0,3,3,5,3,2,4,1,1,1,1
1,11,22,0.005848148837685585,0,0,3,3,5,4,2,4,1,1,1,1
1,11,27,0.0013766774209216237,0,0,3,3,5,3,2,5,1,1,1,1
1,11,29,0.0017433416796848178,0,0,3,3,5,5,2,5,1,1,1,1
1,11,30,0.007802236825227737,0,0,3,3,5,6,2,5,1,1,1,1
1,11,35,0.0022957641631364822,0,0,3,4,5,5,2,5,1,1,1,1
1,11,36,0.00024017271061893553,0,0,3,5,5,1,2,1,1,2,1,2
1,11,37,0.0004722669254988432,0,0,3,5,5,2,2,2,1,2,1,2
1,11,39,0.00018271623412147164,0,0,3,5,5,4,2,4,1,2,1,2
1,11,41,0.2384447157382965,0,1,3,6,5,1,2,0,1,0,1,1
1,11,42,0.5519919991493225,0,1,3,6,5,2,2,0,1,0,1,1
1,11,45,0.0382092222571373,0,1,3,6,5,5,2,0,1,0,1,1
1,11,47,0.007523315958678722,0,2,3,7,5,0,2,0,1,0,1,4
1,13,4,0.01731494814157486,0,0,3,3,1,4,3,1,1,1,1,1
1,13,8,0.028421949595212936,0,0,3,3,1,2,3,2,1,1,1,1
1,13,9,0.018794531002640724,0,0,3,3,1,3,3,2,1,1,1,1
1,13,10,0.002312383148819208,0,0,3,3,1,4,3,2,1,1,1,1
1,13,12,0.004346550442278385,0,0,3,3,1,6,3,2,1,1,1,1
1,13,14,0.42259645462036133,0,0,3,3,1,2,3,3,1,1,1,1
1,13,15,0.05917634069919586,0,0,3,3,1,3,3,3,1,1,1,1
1,13,16,0.03346836194396019,0,0,3,3,1,4,3,3,1,1,1,1
1,13,17,0.04913744702935219,0,0,3,3,1,5,3,3,1,1,1,1
1,13,19,0.22394591569900513,0,0,3,3,1,1,3,4,1,1,1,1
1,13,20,0.054905422031879425,0,0,3,3,1,2,3,4,1,1,1,1
1,13,21,0.02050454542040825,0,0,3,3,1,3,3,4,1,1,1,1
1,13,22,0.010140588507056236,0,0,3,3,1,4,3,4,1,1,1,1
1,13,27,0.01603124849498272,0,0,3,3,1,3,3,5,1,1,1,1
1,13,29,0.025160757824778557,0,0,3,3,1,5,3,5,1,1,1,1
1,13,30,0.0033754652831703424,0,0,3,3,1,6,3,5,1,1,1,1
1,13,35,0.00017326793749816716,0,0,3,4,1,5,3,5,1,1,1,1
1,13,36,0.0005899534444324672,0,0,3,5,1,1,3,1,1,2,1,2
1,13,37,4.5341072109295055e-05,0,0,3,5,1,2,3,2,1,2,1,2
1,13,39,2.0085135474801064e-05,0,0,3,5,1,4,3,4,1,2,1,2
1,13,41,0.0026877846103161573,0,1,3,6,1,1,3,0,1,0,1,1
1,13,42,0.0054250918328762054,0,1,3,6,1,2,3,0,1,0,1,1
1,13,45,0.001217947923578322,0,1,3,6,1,5,3,0,1,0,1,1
1,13,47,0.00020742823835462332,0,2,3,7,1,0,3,0,1,0,1,4
1,18,4,0.10087481886148453,0,0,3,3,6,4,3,1,1,1,1,1
1,18,8,0.11322684586048126,0,0,3,3,6,2,3,2,1,1,1,1
1,18,9,0.07313583046197891,0,0,3,3,6,3,3,2,1,1,1,1
1,18,10,0.05438089743256569,0,0,3,3,6,4,3,2,1,1,1,1
1,18,12,0.07649513334035873,0,0,3,3,6,6,3,2,1,1,1,1
1,18,14,0.06257788836956024,0,0,3,3,6,2,3,3,1,1,1,1
1,18,15,0.04560205340385437,0,0,3,3,6,3,3,3,1,1,1,1
1,18,16,0.037834521383047104,0,0,3,3,6,4,3,3,1,1,1,1
1,18,17,0.022352010011672974,0,0,3,3,6,5,3,3,1,1,1,1
1,18,19,0.02508438564836979,0,0,3,3,6,1,3,4,1,1,1,1
1,18,20,0.030019117519259453,0,0,3,3,6,2,3,4,1,1,1,1
1,18,21,0.07510877400636673,0,0,3,3,6,3,3,4,1,1,1,1
1,18,22,0.02538590505719185,0,0,3,3,6,4,3,4,1,1,1,1
1,18,27,0.04001368209719658,0,0,3,3,6,3,3,5,1,1,1,1
1,18,29,0.045299068093299866,0,0,3,3,6,5,3,5,1,1,1,1
1,18,30,0.01850786618888378,0,0,3,3,6,6,3,5,1,1,1,1
1,18,35,0.023248838260769844,0,0,3,4,6,5,3,5,1,1,1,1
1,18,36,0.060359347611665726,0,0,3,5,6,1,3,1,1,2,1,2
1,18,37,0.02368081733584404,0,0,3,5,6,2,3,2,1,2,1,2
1,18,39,0.0030919844284653664,0,0,3,5,6,4,3,4,1,2,1,2
1,18,41,0.01263588760048151,0,1,3,6,6,1,3,0,1,0,1,1
1,18,42,0.02103288099169731,0,1,3,6,6,2,3,0,1,0,1,1
1,18,45,0.0031613740138709545,0,1,3,6,6,5,3,0,1,0,1,1
1,18,47,0.006890003569424152,0,2,3,7,6,0,3,0,1,0,1,4
1,23,4,0.061153631657361984,0,0,3,3,5,4,4,1,1,1,1,1
1,23,8,0.17054276168346405,0,0,3,3,5,2,4,2,1,1,1,1
1,23,9,0.042827147990465164,0,0,3,3,5,3,4,2,1,1,1,1
1,23,10,0.039539635181427,0,0,3,3,5,4,4,2,1,1,1,1
1,23,12,0.008235166780650616,0,0,3,3,5,6,4,2,1,1,1,1
1,23,14,0.12540686130523682,0,0,3,3,5,2,4,3,1,1,1,1
1,23,15,0.027709685266017914,0,0,3,3,5,3,4,3,1,1,1,1
1,23,16,0.029377369210124016,0,0,3,3,5,4,4,3,1,1,1,1
1,23,17,0.008069691248238087,0,0,3,3,5,5,4,3,1,1,1,1
1,23,19,0.039975605905056,0,0,3,3,5,1,4,4,1,1,1,1
1,23,20,0.023785432800650597,0,0,3,3,5,2,4,4,1,1,1,1
1,23,21,0.03794516623020172,0,0,3,3,5,3,4,4,1,1,1,1
1,23,22,0.017905138432979584,0,0,3,3,5,4,4,4,1,1,1,1
1,23,27,0.04982922971248627,0,0,3,3,5,3,4,5,1,1,1,1
1,23,29,0.017602045089006424,0,0,3,3,5,5,4,5,1,1,1,1
1,23,30,0.01569967158138752,0,0,3,3,5,6,4,5,1,1,1,1
1,23,35,0.008526172488927841,0,0,3,4,5,5,4,5,1,1,1,1
1,23,36,0.009733011946082115,0,0,3,5,5,1,4,1,1,2,1,2
1,23,37,0.016899792477488518,0,0,3,5,5,2,4,2,1,2,1,2
1,23,39,0.006543299648910761,0,0,3,5,5,4,4,4,1,2,1,2
1,23,41,0.08326593041419983,0,1,3,6,5,1,4,0,1,0,1,1
1,23,42,0.11646373569965363,0,1,3,6,5,2,4,0,1,0,1,1
1,23,45,0.016162538900971413,0,1,3,6,5,5,4,0,1,0,1,1
1,23,47,0.026801444590091705,0,2,3,7,5,0,4,0,1,0,1,4
1,24,4,0.0001517099590273574,0,0,3,3,6,4,4,1,1,1,1,1
1,24,8,0.00905513670295477,0,0,3,3,6,2,4,2,1,1,1,1
1,24,9,0.004279072862118483,0,0,3,3,6,3,4,2,1,1,1,1
1,24,10,0.0014397550839930773,0,0,3,3,6,4,4,2,1,1,1,1
1,24,12,0.00274244649335742,0,0,3,3,6,6,4,2,1,1,1,1
1,24,14,0.0036481001880019903,0,0,3,3,6,2,4,3,1,1,1,1
1,24,15,0.0022137542255222797,0,0,3,3,6,3,4,3,1,1,1,1
1,24,16,0.0005965631571598351,0,0,3,3,6,4,4,3,1,1,1,1
1,24,17,0.00042520591523498297,0,0,3,3,6,5,4,3,1,1,1,1
1,24,19,0.0008727540262043476,0,0,3,3,6,1,4,4,1,1,1,1
1,24,20,0.005609308369457722,0,0,3,3,6,2,4,4,1,1,1,1
1,24,21,0.0029807144310325384,0,0,3,3,6,3,4,4,1,1,1,1
1,24,22,0.00011768299737013876,0,0,3,3,6,4,4,4,1,1,1,1
1,24,27,0.002347556408494711,0,0,3,3,6,3,4,5,1,1,1,1
1,24,29,0.00038932278403081,0,0,3,3,6,5,4,5,1,1,1,1
1,24,30,0.0013816897990182042,0,0,3,3,6,6,4,5,1,1,1,1
1,24,35,0.00202474114485085,0,0,3,4,6,5,4,5,1,1,1,1
1,24,36,0.37958669662475586,0,0,3,5,6,1,4,1,1,2,1,2
1,24,37,0.4430425763130188,0,0,3,5,6,2,4,2,1,2,1,2
1,24,39,0.01731814816594124,0,0,3,5,6,4,4,4,1,2,1,2
1,24,41,0.03701595216989517,0,1,3,6,6,1,4,0,1,0,1,1
1,24,42,0.05708998441696167,0,1,3,6,6,2,4,0,1,0,1,1
1,24,45,0.004795040935277939,0,1,3,6,6,5,4,0,1,0,1,1
1,24,47,0.02087583765387535,0,2,3,7,6,0,4,0,1,0,1,4
1,25,4,0.2014864981174469,0,0,3,3,1,4,5,1,1,1,1,1
1,25,8,0.0553647018969059,0,0,3,3,1,2,5,2,1,1,1,1
1,25,9,0.05542246252298355,0,0,3,3,1,3,5,2,1,1,1,1
1,25,10,0.03188939765095711,0,0,3,3,1,4,5,2,1,1,1,1
1,25,12,0.004194415640085936,0,0,3,3,1,6,5,2,1,1,1,1
1,25,14,0.07211030274629593,0,0,3,3,1,2,5,3,1,1,1,1
1,25,15,0.037922006100416183,0,0,3,3,1,3,5,3,1,1,1,1
1,25,16,0.04885519668459892,0,0,3,3,1,4,5,3,1,1,1,1
1,25,17,0.04500797390937805,0,0,3,3,1,5,5,3,1,1,1,1
1,25,19,0.1607971340417862,0,0,3,3,1,1,5,4,1,1,1,1
1,25,20,0.012320063076913357,0,0,3,3,1,2,5,4,1,1,1,1
1,25,21,0.036378491669893265,0,0,3,3,1,3,5,4,1,1,1,1
1,25,22,0.027733001857995987,0,0,3,3,1,4,5,4,1,1,1,1
1,25,27,0.1281583458185196,0,0,3,3,1,3,5,5,1,1,1,1
1,25,29,0.06623739004135132,0,0,3,3,1,5,5,5,1,1,1,1
1,25,30,0.011217539198696613,0,0,3,3,1,6,5,5,1,1,1,1
1,25,35,0.00038983425474725664,0,0,3,4,1,5,5,5,1,1,1,1
1,25,36,0.00047675397945567966,0,0,3,5,1,1,5,1,1,2,1,2
1,25,37,9.689114085631445e-05,0,0,3,5,1,2,5,2,1,2,1,2
1,25,39,0.00047330043162219226,0,0,3,5,1,4,5,4,1,2,1,2
1,25,41,0.0009220499778166413,0,1,3,6,1,1,5,0,1,0,1,1
1,25,42,0.0011410916922613978,0,1,3,6,1,2,5,0,1,0,1,1
1,25,45,0.0005438768421299756,0,1,3,6,1,5,5,0,1,0,1,1
1,25,47,0.0008613108075223863,0,2,3,7,1,0,5,0,1,0,1,4
1,26,4,0.12488682568073273,0,0,3,3,2,4,5,1,1,1,1,1
1,26,8,0.07588469982147217,0,0,3,3,2,2,5,2,1,1,1,1
1,26,9,0.06979397684335709,0,0,3,3,2,3,5,2,1,1,1,1
1,26,10,0.08509765565395355,0,0,3,3,2,4,5,2,1,1,1,1
1,26,12,0.02747979387640953,0,0,3,3,2,6,5,2,1,1,1,1
1,26,14,0.07301647216081619,0,0,3,3,2,2,5,3,1,1,1,1
1,26,15,0.05295639485120773,0,0,3,3,2,3,5,3,1,1,1,1
1,26,16,0.05678202211856842,0,0,3,3,2,4,5,3,1,1,1,1
1,26,17,0.028986822813749313,0,0,3,3,2,5,5,3,1,1,1,1
1,26,19,0.05060094594955444,0,0,3,3,2,1,5,4,1,1,1,1
1,26,20,0.024800527840852737,0,0,3,3,2,2,5,4,1,1,1,1
1,26,21,0.01937154307961464,0,0,3,3,2,3,5,4,1,1,1,1
1,26,22,0.02583221159875393,0,0,3,3,2,4,5,4,1,1,1,1
1,26,27,0.033642422407865524,0,0,3,3,2,3,5,5,1,1,1,1
1,26,29,0.01574753224849701,0,0,3,3,2,5,5,5,1,1,1,1
1,26,30,0.024058157578110695,0,0,3,3,2,6,5,5,1,1,1,1
1,26,35,0.008853171020746231,0,0,3,4,2,5,5,5,1,1,1,1
1,26,36,0.10514653474092484,0,0,3,5,2,1,5,1,1,2,1,2
1,26,37,0.05710417777299881,0,0,3,5,2,2,5,2,1,2,1,2
1,26,39,0.019746210426092148,0,0,3,5,2,4,5,4,1,2,1,2
1,26,41,0.00479147071018815,0,1,3,6,2,1,5,0,1,0,1,1
1,26,42,0.007519925013184547,0,1,3,6,2,2,5,0,1,0,1,1
1,26,45,0.0025382228195667267,0,1,3,6,2,5,5,0,1,0,1,1
1,26,47,0.005362336989492178,0,2,3,7,2,0,5,0,1,0,1,4
1,28,4,0.008260528557002544,0,0,3,3,4,4,5,1,1,1,1,1
1,28,8,0.020782550796866417,0,0,3,3,4,2,5,2,1,1,1,1
1,28,9,0.007196611259132624,0,0,3,3,4,3,5,2,1,1,1,1
1,28,10,0.0011703053023666143,0,0,3,3,4,4,5,2,1,1,1,1
1,28,12,0.0030899301636964083,0,0,3,3,4,6,5,2,1,1,1,1
1,28,14,0.5856750011444092,0,0,3,3,4,2,5,3,1,1,1,1
1,28,15,0.020573116838932037,0,0,3,3,4,3,5,3,1,1,1,1
1,28,16,0.01878383569419384,0,0,3,3,4,4,5,3,1,1,1,1
1,28,17,0.024098364636301994,0,0,3,3,4,5,5,3,1,1,1,1
1,28,19,0.15187330543994904,0,0,3,3,4,1,5,4,1,1,1,1
1,28,20,0.05178843066096306,0,0,3,3,4,2,5,4,1,1,1,1
1,28,21,0.005681031849235296,0,0,3,3,4,3,5,4,1,1,1,1
1,28,22,0.0035348974633961916,0,0,3,3,4,4,5,4,1,1,1,1
1,28,27,0.006542284041643143,0,0,3,3,4,3,5,5,1,1,1,1
1,28,29,0.0087363226339221,0,0,3,3,4,5,5,5,1,1,1,1
1,28,30,0.01042917650192976,0,0,3,3,4,6,5,5,1,1,1,1
1,28,35,0.00041363161290064454,0,0,3,4,4,5,5,5,1,1,1,1
1,28,36,0.011479143984615803,0,0,3,5,4,1,5,1,1,2,1,2
1,28,37,0.003098837099969387,0,0,3,5,4,2,5,2,1,2,1,2
1,28,39,0.0005053163040429354,0,0,3,5,4,4,5,4,1,2,1,2
1,28,41,0.015981759876012802,0,1,3,6,4,1,5,0,1,0,1,1
1,28,42,0.03462933748960495,0,1,3,6,4,2,5,0,1,0,1,1
1,28,45,0.0029548213351517916,0,1,3,6,4,5,5,0,1,0,1,1
1,28,47,0.0027210749685764313,0,2,3,7,4,0,5,0,1,0,1,4
1,31,4,0.4771201014518738,0,0,4,3,1,4,1,1,1,1,1,1
1,31,8,0.014793474227190018,0,0,4,3,1,2,1,2,1,1,1,1
1,31,9,0.005875657312572002,0,0,4,3,1,3,1,2,1,1,1,1
1,31,10,0.14353153109550476,0,0,4,3,1,4,1,2,1,1,1,1
1,31,12,0.0015732329338788986,0,0,4,3,1,6,1,2,1,1,1,1
1,31,14,0.0033594262786209583,0,0,4,3,1,2,1,3,1,1,1,1
1,31,15,0.0052490318194031715,0,0,4,3,1,3,1,3,1,1,1,1
1,31,16,0.014168007299304008,0,0,4,3,1,4,1,3,1,1,1,1
1,31,17,0.005819880403578281,0,0,4,3,1,5,1,3,1,1,1,1
1,31,19,0.0018577411537989974,0,0,4,3,1,1,1,4,1,1,1,1
1,31,20,0.0006754316273145378,0,0,4,3,1,2,1,4,1,1,1,1
1,31,21,0.0008314831648021936,0,0,4,3,1,3,1,4,1,1,1,1
1,31,22,0.00769918505102396,0,0,4,3,1,4,1,4,1,1,1,1
1,31,27,0.008812790736556053,0,0,4,3,1,3,1,5,1,1,1,1
1,31,29,0.0008165030158124864,0,0,4,3,1,5,1,5,1,1,1,1
1,31,30,0.0027055726386606693,0,0,4,3,1,6,1,5,1,1,1,1
1,31,35,0.028576068580150604,0,0,4,4,1,5,1,5,1,1,1,1
1,31,36,0.24550387263298035,0,0,4,5,1,1,1,1,1,2,1,2
1,31,37,0.02279842086136341,0,0,4,5,1,2,1,2,1,2,1,2
1,31,39,0.00816831924021244,0,0,4,5,1,4,1,4,1,2,1,2
1,31,41,9.820383638725616e-06,0,1,4,6,1,1,1,0,1,0,1,1
1,31,42,6.408767148968764e-06,0,1,4,6,1,2,1,0,1,0,1,1
1,31,45,4.412406724441098e-06,0,1,4,6,1,5,1,0,1,0,1,1
1,31,47,4.34780158684589e-05,0,2,4,7,1,0,1,0,1,0,1,4
1,32,4,0.003720135660842061,0,0,4,3,2,4,2,1,1,1,1,1
1,32,8,0.0026995278894901276,0,0,4,3,2,2,2,2,1,1,1,1
1,32,9,0.0016514885937795043,0,0,4,3,2,3,2,2,1,1,1,1
1,32,10,0.005839373450726271,0,0,4,3,2,4,2,2,1,1,1,1
1,32,12,0.0014913466293364763,0,0,4,3,2,6,2,2,1,1,1,1
1,32,14,0.0013814428821206093,0,0,4,3,2,2,2,3,1,1,1,1
1,32,15,0.0013348659267649055,0,0,4,3,2,3,2,3,1,1,1,1
1,32,16,0.0023255900014191866,0,0,4,3,2,4,2,3,1,1,1,1
1,32,17,0.0007261532009579241,0,0,4,3,2,5,2,3,1,1,1,1
1,32,19,0.0010208231396973133,0,0,4,3,2,1,2,4,1,1,1,1
1,32,20,0.0009992779232561588,0,0,4,3,2,2,2,4,1,1,1,1
1,32,21,0.00022886581427883357,0,0,4,3,2,3,2,4,1,1,1,1
1,32,22,0.0007238677353598177,0,0,4,3,2,4,2,4,1,1,1,1
1,32,27,0.000875379191711545,0,0,4,3,2,3,2,5,1,1,1,1
1,32,29,4.568393705994822e-05,0,0,4,3,2,5,2,5,1,1,1,1
1,32,30,0.001409572665579617,0,0,4,3,2,6,2,5,1,1,1,1
1,32,35,0.0014046705327928066,0,0,4,4,2,5,2,5,1,1,1,1
1,32,36,0.8181707262992859,0,0,4,5,2,1,2,1,1,2,1,2
1,32,37,0.13227947056293488,0,0,4,5,2,2,2,2,1,2,1,2
1,32,39,0.020105460658669472,0,0,4,5,2,4,2,4,1,2,1,2
1,32,41,0.0007357569993473589,0,1,4,6,2,1,2,0,1,0,1,1
1,32,42,0.0003273891343269497,0,1,4,6,2,2,2,0,1,0,1,1
1,32,45,0.0002411275781923905,0,1,4,6,2,5,2,0,1,0,1,1
1,32,47,0.00026200327556580305,0,2,4,7,2,0,2,0,1,0,1,4
1,33,4,0.13407737016677856,0,0,4,3,3,4,3,1,1,1,1,1
1,33,8,0.020639877766370773,0,0,4,3,3,2,3,2,1,1,1,1
1,33,9,0.004031836520880461,0,0,4,3,3,3,3,2,1,1,1,1
1,33,10,0.0038560107350349426,0,0,4,3,3,4,3,2,1,1,1,1
1,33,12,0.007236571982502937,0,0,4,3,3,6,3,2,1,1,1,1
1,33,14,0.39720356464385986,0,0,4,3,3,2,3,3,1,1,1,1
1,33,15,0.017212722450494766,0,0,4,3,3,3,3,3,1,1,1,1
1,33,16,0.05781405791640282,0,0,4,3,3,4,3,3,1,1,1,1
1,33,17,0.025910047814249992,0,0,4,3,3,5,3,3,1,1,1,1
1,33,19,0.07774803042411804,0,0,4,3,3,1,3,4,1,1,1,1
1,33,20,0.07904496043920517,0,0,4,3,3,2,3,4,1,1,1,1
1,33,21,0.005721341818571091,0,0,4,3,3,3,3,4,1,1,1,1
1,33,22,0.021695567294955254,0,0,4,3,3,4,3,4,1,1,1,1
1,33,27,0.02247554063796997,0,0,4,3,3,3,3,5,1,1,1,1
1,33,29,0.024393543601036072,0,0,4,3,3,5,3,5,1,1,1,1
1,33,30,0.03086085617542267,0,0,4,3,3,6,3,5,1,1,1,1
1,33,35,0.0076636760495603085,0,0,4,4,3,5,3,5,1,1,1,1
1,33,36,0.02667791023850441,0,0,4,5,3,1,3,1,1,2,1,2
1,33,37,0.0027095975819975138,0,0,4,5,3,2,3,2,1,2,1,2
1,33,39,0.0009060161537490785,0,0,4,5,3,4,3,4,1,2,1,2
1,33,41,0.012516267597675323,0,1,4,6,3,1,3,0,1,0,1,1
1,33,42,0.015291410498321056,0,1,4,6,3,2,3,0,1,0,1,1
1,33,45,0.002522717695683241,0,1,4,6,3,5,3,0,1,0,1,1
1,33,47,0.0017905801068991423,0,2,4,7,3,0,3,0,1,0,1,4
1,34,4,0.006345911882817745,0,0,4,3,4,4,4,1,1,1,1,1
1,34,8,0.009547119960188866,0,0,4,3,4,2,4,2,1,1,1,1
1,34,9,0.0032102109398692846,0,0,4,3,4,3,4,2,1,1,1,1
1,34,10,0.00412761140614748,0,0,4,3,4,4,4,2,1,1,1,1
1,34,12,0.002249498851597309,0,0,4,3,4,6,4,2,1,1,1,1
1,34,14,0.0048231640830636024,0,0,4,3,4,2,4,3,1,1,1,1
1,34,15,0.0008411055314354599,0,0,4,3,4,3,4,3,1,1,1,1
1,34,16,0.002598245395347476,0,0,4,3,4,4,4,3,1,1,1,1
1,34,17,0.0006537050940096378,0,0,4,3,4,5,4,3,1,1,1,1
1,34,19,0.0027950562071055174,0,0,4,3,4,1,4,4,1,1,1,1
1,34,20,0.0025450235698372126,0,0,4,3,4,2,4,4,1,1,1,1
1,34,21,0.0005814400501549244,0,0,4,3,4,3,4,4,1,1,1,1
1,34,22,0.0007505316170863807,0,0,4,3,4,4,4,4,1,1,1,1
1,34,27,0.0019398991717025638,0,0,4,3,4,3,4,5,1,1,1,1
1,34,29,0.00015132108819670975,0,0,4,3,4,5,4,5,1,1,1,1
1,34,30,0.00614512525498867,0,0,4,3,4,6,4,5,1,1,1,1
1,34,35,0.000781580398324877,0,0,4,4,4,5,4,5,1,1,1,1
1,34,36,0.5984387993812561,0,0,4,5,4,1,4,1,1,2,1,2
1,34,37,0.2962384521961212,0,0,4,5,4,2,4,2,1,2,1,2
1,34,39,0.04286932200193405,0,0,4,5,4,4,4,4,1,2,1,2
1,34,41,0.004912012722343206,0,1,4,6,4,1,4,0,1,0,1,1
1,34,42,0.00396339176222682,0,1,4,6,4,2,4,0,1,0,1,1
1,34,45,0.000515898282174021,0,1,4,6,4,5,4,0,1,0,1,1
1,34,47,0.002975264796987176,0,2,4,7,4,0,4,0,1,0,1,4
1,38,4,0.011846397072076797,0,0,5,3,3,4,3,1,2,1,2,1
1,38,8,0.010087382048368454,0,0,5,3,3,2,3,2,2,1,2,1
1,38,9,0.005789650604128838,0,0,5,3,3,3,3,2,2,1,2,1
1,38,10,0.0029323925264179707,0,0,5,3,3,4,3,2,2,1,2,1
1,38,12,0.029483087360858917,0,0,5,3,3,6,3,2,2,1,2,1
1,38,14,0.1603047251701355,0,0,5,3,3,2,3,3,2,1,2,1
1,38,15,0.0474281832575798,0,0,5,3,3,3,3,3,2,1,2,1
1,38,16,0.02112165279686451,0,0,5,3,3,4,3,3,2,1,2,1
1,38,17,0.045124102383852005,0,0,5,3,3,5,3,3,2,1,2,1
1,38,19,0.03113674744963646,0,0,5,3,3,1,3,4,2,1,2,1
1,38,20,0.10533682256937027,0,0,5,3,3,2,3,4,2,1,2,1
1,38,21,0.03826066851615906,0,0,5,3,3,3,3,4,2,1,2,1
1,38,22,0.0437198206782341,0,0,5,3,3,4,3,4,2,1,2,1
1,38,27,0.007958423346281052,0,0,5,3,3,3,3,5,2,1,2,1
1,38,29,0.22894367575645447,0,0,5,3,3,5,3,5,2,1,2,1
1,38,30,0.025133147835731506,0,0,5,3,3,6,3,5,2,1,2,1
1,38,35,0.026045985519886017,0,0,5,4,3,5,3,5,2,1,2,1
1,38,36,9.773193596629426e-05,0,0,5,5,3,1,3,1,2,2,2,2
1,38,37,0.0002295398444402963,0,0,5,5,3,2,3,2,2,2,2,2
1,38,39,0.0001361718022963032,0,0,5,5,3,4,3,4,2,2,2,2
1,38,41,0.018240496516227722,0,1,5,6,3,1,3,0,2,0,2,1
1,38,42,0.08470047265291214,0,1,5,6,3,2,3,0,2,0,2,1
1,38,45,0.04796246811747551,0,1,5,6,3,5,3,0,2,0,2,1
1,38,47,0.007980196736752987,0,2,5,7,3,0,3,0,2,0,2,4
1,40,4,0.13643762469291687,0,0,5,3,5,4,5,1,2,1,2,1
1,40,8,0.02080106921494007,0,0,5,3,5,2,5,2,2,1,2,1
1,40,9,0.0067129419185221195,0,0,5,3,5,3,5,2,2,1,2,1
1,40,10,0.02564586140215397,0,0,5,3,5,4,5,2,2,1,2,1
1,40,12,0.004275094252079725,0,0,5,3,5,6,5,2,2,1,2,1
1,40,14,0.03345068544149399,0,0,5,3,5,2,5,3,2,1,2,1
1,40,15,0.02450828067958355,0,0,5,3,5,3,5,3,2,1,2,1
1,40,16,0.03774213790893555,0,0,5,3,5,4,5,3,2,1,2,1
1,40,17,0.06278863549232483,0,0,5,3,5,5,5,3,2,1,2,1
1,40,19,0.024473318830132484,0,0,5,3,5,1,5,4,2,1,2,1
1,40,20,0.01482705119997263,0,0,5,3,5,2,5,4,2,1,2,1
1,40,21,0.06072062626481056,0,0,5,3,5,3,5,4,2,1,2,1
1,40,22,0.15174244344234467,0,0,5,3,5,4,5,4,2,1,2,1
1,40,27,0.022643061354756355,0,0,5,3,5,3,5,5,2,1,2,1
1,40,29,0.2107042819261551,0,0,5,3,5,5,5,5,2,1,2,1
1,40,30,0.01984940841794014,0,0,5,3,5,6,5,5,2,1,2,1
1,40,35,0.09713555872440338,0,0,5,4,5,5,5,5,2,1,2,1
1,40,36,3.2069150620372966e-05,0,0,5,5,5,1,5,1,2,2,2,2
1,40,37,0.00011076201917603612,0,0,5,5,5,2,5,2,2,2,2,2
1,40,39,0.00040508570964448154,0,0,5,5,5,4,5,4,2,2,2,2
1,40,41,0.005508527159690857,0,1,5,6,5,1,5,0,2,0,2,1
1,40,42,0.011698114685714245,0,1,5,6,5,2,5,0,2,0,2,1
1,40,45,0.015863120555877686,0,1,5,6,5,5,5,0,2,0,2,1
1,40,47,0.011924147605895996,0,2,5,7,5,0,5,0,2,0,2,4
1,43,4,0.038000453263521194,1,0,6,3,3,4,0,1,0,1,1,1
1,43,8,0.013093997724354267,1,0,6,3,3,2,0,2,0,1,1,1
1,43,9,0.007662652526050806,1,0,6,3,3,3,0,2,0,1,1,1
1,43,10,0.0018585638608783484,1,0,6,3,3,4,0,2,0,1,1,1
1,43,12,0.0034437605645507574,1,0,6,3,3,6,0,2,0,1,1,1
1,43,14,0.42126235365867615,1,0,6,3,3,2,0,3,0,1,1,1
1,43,15,0.019828954711556435,1,0,6,3,3,3,0,3,0,1,1,1
1,43,16,0.07251089066267014,1,0,6,3,3,4,0,3,0,1,1,1
1,43,17,0.028140557929873466,1,0,6,3,3,5,0,3,0,1,1,1
1,43,19,0.17395572364330292,1,0,6,3,3,1,0,4,0,1,1,1
1,43,20,0.0819750651717186,1,0,6,3,3,2,0,4,0,1,1,1
1,43,21,0.00501822168007493,1,0,6,3,3,3,0,4,0,1,1,1
1,43,22,0.007244151085615158,1,0,6,3,3,4,0,4,0,1,1,1
1,43,27,0.020404357463121414,1,0,6,3,3,3,0,5,0,1,1,1
1,43,29,0.021019672974944115,1,0,6,3,3,5,0,5,0,1,1,1
1,43,30,0.022963490337133408,1,0,6,3,3,6,0,5,0,1,1,1
1,43,35,0.0046067493967711926,1,0,6,4,3,5,0,5,0,1,1,1
1,43,36,0.017435399815440178,1,0,6,5,3,1,0,1,0,2,1,2
1,43,37,0.0031438106670975685,1,0,6,5,3,2,0,2,0,2,1,2
1,43,39,0.0008912973571568727,1,0,6,5,3,4,0,4,0,2,1,2
1,43,41,0.012550137005746365,1,1,6,6,3,1,0,0,0,0,1,1
1,43,42,0.016423299908638,1,1,6,6,3,2,0,0,0,0,1,1
1,43,45,0.005956323351711035,1,1,6,6,3,5,0,0,0,0,1,1
1,43,47,0.0006100087193772197,1,2,6,7,3,0,0,0,0,0,1,4
1,44,4,0.01477662194520235,1,0,6,3,4,4,0,1,0,1,1,1
1,44,8,0.004888548050075769,1,0,6,3,4,2,0,2,0,1,1,1
1,44,9,0.0017727225786074996,1,0,6,3,4,3,0,2,0,1,1,1
1,44,10,0.00021218383335508406,1,0,6,3,4,4,0,2,0,1,1,1
1,44,12,0.00046355006634257734,1,0,6,3,4,6,0,2,0,1,1,1
1,44,14,0.5582234263420105,1,0,6,3,4,2,0,3,0,1,1,1
1,44,15,0.004708403255790472,1,0,6,3,4,3,0,3,0,1,1,1
1,44,16,0.027892932295799255,1,0,6,3,4,4,0,3,0,1,1,1
1,44,17,0.02024191990494728,1,0,6,3,4,5,0,3,0,1,1,1
1,44,19,0.3019978702068329,1,0,6,3,4,1,0,4,0,1,1,1
1,44,20,0.03419489040970802,1,0,6,3,4,2,0,4,0,1,1,1
1,44,21,0.0007568204309791327,1,0,6,3,4,3,0,4,0,1,1,1
1,44,22,0.0053382758051157,1,0,6,3,4,4,0,4,0,1,1,1
1,44,27,0.004052828066051006,1,0,6,3,4,3,0,5,0,1,1,1
1,44,29,0.0027359623927623034,1,0,6,3,4,5,0,5,0,1,1,1
1,44,30,0.00348918279632926,1,0,6,3,4,6,0,5,0,1,1,1
1,44,35,8.430232264799997e-05,1,0,6,4,4,5,0,5,0,1,1,1
1,44,36,0.0022239896934479475,1,0,6,5,4,1,0,1,0,2,1,2
1,44,37,5.872076144441962e-05,1,0,6,5,4,2,0,2,0,2,1,2
1,44,39,6.13503871136345e-05,1,0,6,5,4,4,0,4,0,2,1,2
1,44,41,0.005787074565887451,1,1,6,6,4,1,0,0,0,0,1,1
1,44,42,0.004956849385052919,1,1,6,6,4,2,0,0,0,0,1,1
1,44,45,0.000887377536855638,1,1,6,6,4,5,0,0,0,0,1,1
1,44,47,0.00019427831284701824,1,2,6,7,4,0,0,0,0,0,1,4
1,46,4,0.0011792381992563605,1,0,6,3,6,4,0,1,0,1,1,1
1,46,8,0.001998234773054719,1,0,6,3,6,2,0,2,0,1,1,1
1,46,9,0.0011374774621799588,1,0,6,3,6,3,0,2,0,1,1,1
1,46,10,0.0004448160179890692,1,0,6,3,6,4,0,2,0,1,1,1
1,46,12,0.0001990054443012923,1,0,6,3,6,6,0,2,0,1,1,1
1,46,14,0.01270273607224226,1,0,6,3,6,2,0,3,0,1,1,1
1,46,15,0.0031252549961209297,1,0,6,3,6,3,0,3,0,1,1,1
1,46,16,0.00340885273180902,1,0,6,3,6,4,0,3,0,1,1,1
1,46,17,0.0014248995576053858,1,0,6,3,6,5,0,3,0,1,1,1
1,46,19,0.003199530066922307,1,0,6,3,6,1,0,4,0,1,1,1
1,46,20,0.0035841783974319696,1,0,6,3,6,2,0,4,0,1,1,1
1,46,21,0.00013324849714990705,1,0,6,3,6,3,0,4,0,1,1,1
1,46,22,0.00010225641017314047,1,0,6,3,6,4,0,4,0,1,1,1
1,46,27,0.0018937160493806005,1,0,6,3,6,3,0,5,0,1,1,1
1,46,29,0.0005807593697682023,1,0,6,3,6,5,0,5,0,1,1,1
1,46,30,0.0005515464581549168,1,0,6,3,6,6,0,5,0,1,1,1
1,46,35,0.0012288718717172742,1,0,6,4,6,5,0,5,0,1,1,1
1,46,36,0.873018205165863,1,0,6,5,6,1,0,1,0,2,1,2
1,46,37,0.08666978776454926,1,0,6,5,6,2,0,2,0,2,1,2
1,46,39,0.0017793942242860794,1,0,6,5,6,4,0,4,0,2,1,2
1,46,41,0.0006865387549623847,1,1,6,6,6,1,0,0,0,0,1,1
1,46,42,0.0006570423720404506,1,1,6,6,6,2,0,0,0,0,1,1
1,46,45,9.754265192896128e-05,1,1,6,6,6,5,0,0,0,0,1,1
1,46,47,0.00019715362577699125,1,2,6,7,6,0,0,0,0,0,1,4
2,0,2,0.0181866642087698,0,0,1,3,0,2,0,1,2,1,4,1
2,0,3,0.00025330064818263054,0,0,1,3,0,3,0,1,2,1,4,1
2,0,4,0.0018650386482477188,0,0,1,3,0,4,0,1,2,1,4,1
2,0,10,0.027865178883075714,0,0,1,3,0,4,0,2,2,1,4,1
2,0,11,0.009559469297528267,0,0,1,3,0,5,0,2,2,1,4,1
2,0,12,0.0006038410356268287,0,0,1,3,0,6,0,2,2,1,4,1
2,0,15,2.750516614469234e-05,0,0,1,3,0,3,0,3,2,1,4,1
2,0,16,0.00016862341726664454,0,0,1,3,0,4,0,3,2,1,4,1
2,0,18,5.5767581216059625e-05,0,0,1,3,0,6,0,3,2,1,4,1
2,0,20,0.0030851096380501986,0,0,1,3,0,2,0,4,2,1,4,1
2,0,24,0.0021508776117116213,0,0,1,3,0,6,0,4,2,1,4,1
2,0,25,0.005236800294369459,0,0,1,3,0,1,0,5,2,1,4,1
2,0,26,0.0005821037921123207,0,0,1,3,0,2,0,5,2,1,4,1
2,0,28,0.00023167772451415658,0,0,1,3,0,4,0,5,2,1,4,1
2,0,29,0.0004413123242557049,0,0,1,3,0,5,0,5,2,1,4,1
2,0,30,5.8592777349986136e-05,0,0,1,3,0,6,0,5,2,1,4,1
2,0,32,0.0009128690580837429,0,0,1,4,0,2,0,2,2,1,4,1
2,0,37,0.9099001288414001,0,0,1,5,0,2,0,2,2,2,4,2
2,0,39,0.0160562451928854,0,0,1,5,0,4,0,4,2,2,4,2
2,0,40,0.0022557880729436874,0,0,1,5,0,5,0,5,2,2,4,2
2,0,43,2.760280949587468e-06,0,1,1,6,0,3,0,0,2,0,4,1
2,0,44,1.607462218089495e-05,0,1,1,6,0,4,0,0,2,0,4,1
2,0,46,1.0046368288385565e-06,0,1,1,6,0,6,0,0,2,0,4,1
2,0,47,0.0004822104820050299,0,2,1,7,0,0,0,0,2,0,4,4
2,1,2,0.009978457354009151,0,0,3,3,1,2,1,1,1,1,1,1
2,1,3,0.053939368575811386,0,0,3,3,1,3,1,1,1,1,1,1
2,1,4,0.003166808048263192,0,0,3,3,1,4,1,1,1,1,1,1
2,1,10,0.0013477348256856203,0,0,3,3,1,4,1,2,1,1,1,1
2,1,11,0.007153711747378111,0,0,3,3,1,5,1,2,1,1,1,1
2,1,12,0.005785011686384678,0,0,3,3,1,6,1,2,1,1,1,1
2,1,15,0.024396900087594986,0,0,3,3,1,3,1,3,1,1,1,1
2,1,16,0.0002694436989258975,0,0,3,3,1,4,1,3,1,1,1,1
2,1,18,0.002071778289973736,0,0,3,3,1,6,1,3,1,1,1,1
2,1,20,0.05745349079370499,0,0,3,3,1,2,1,4,1,1,1,1
2,1,24,0.008622193709015846,0,0,3,3,1,6,1,4,1,1,1,1
2,1,25,0.011781293898820877,0,0,3,3,1,1,1,5,1,1,1,1
2,1,26,0.2709619104862213,0,0,3,3,1,2,1,5,1,1,1,1
2,1,28,0.003600847674533725,0,0,3,3,1,4,1,5,1,1,1,1
2,1,29,0.01009819284081459,0,0,3,3,1,5,1,5,1,1,1,1
2,1,30,0.027783801779150963,0,0,3,3,1,6,1,5,1,1,1,1
2,1,32,0.4613991677761078,0,0,3,4,1,2,1,2,1,1,1,1
2,1,37,0.008971412666141987,0,0,3,5,1,2,1,2,1,2,1,2
2,1,39,0.0021678416524082422,0,0,3,5,1,4,1,4,1,2,1,2
2,1,40,0.011610893532633781,0,0,3,5,1,5,1,5,1,2,1,2
2,1,43,0.008695917204022408,0,1,3,6,1,3,1,0,1,0,1,1
2,1,44,0.0010741432197391987,0,1,3,6,1,4,1,0,1,0,1,1
2,1,46,0.0067004188895225525,0,1,3,6,1,6,1,0,1,0,1,1
2,1,47,0.0009696289198473096,0,2,3,7,1,0,1,0,1,0,1,4
2,5,2,0.015099854208528996,0,0,3,3,5,2,1,1,1,1,1,1
2,5,3,0.009106707759201527,0,0,3,3,5,3,1,1,1,1,1,1
2,5,4,0.037478264421224594,0,0,3,3,5,4,1,1,1,1,1,1
2,5,10,0.20520122349262238,0,0,3,3,5,4,1,2,1,1,1,1
2,5,11,0.012864036485552788,0,0,3,3,5,5,1,2,1,1,1,1
2,5,12,0.0033244756050407887,0,0,3,3,5,6,1,2,1,1,1,1
2,5,15,0.012128814123570919,0,0,3,3,5,3,1,3,1,1,1,1
2,5,16,0.012546466663479805,0,0,3,3,5,4,1,3,1,1,1,1
2,5,18,0.00034595507895573974,0,0,3,3,5,6,1,3,1,1,1,1
2,5,20,0.04730498418211937,0,0,3,3,5,2,1,4,1,1,1,1
2,5,24,0.021983761340379715,0,0,3,3,5,6,1,4,1,1,1,1
2,5,25,0.08847450464963913,0,0,3,3,5,1,1,5,1,1,1,1
2,5,26,0.0022297557443380356,0,0,3,3,5,2,1,5,1,1,1,1
2,5,28,0.03142429143190384,0,0,3,3,5,4,1,5,1,1,1,1
2,5,29,0.021212656050920486,0,0,3,3,5,5,1,5,1,1,1,1
2,5,30,0.0009400045964866877,0,0,3,3,5,6,1,5,1,1,1,1
2,5,32,0.10572211444377899,0,0,3,4,5,2,1,2,1,1,1,1
2,5,37,0.047088637948036194,0,0,3,5,5,2,1,2,1,2,1,2
2,5,39,0.3194690942764282,0,0,3,5,5,4,1,4,1,2,1,2
2,5,40,0.00280397548340261,0,0,3,5,5,5,1,5,1,2,1,2
2,5,43,6.98365256539546e-05,0,1,3,6,5,3,1,0,1,0,1,1
2,5,44,0.0012823104625567794,0,1,3,6,5,4,1,0,1,0,1,1
2,5,46,4.2885731090791523e-05,0,1,3,6,5,6,1,0,1,0,1,1
2,5,47,0.0018552952678874135,0,2,3,7,5,0,1,0,1,0,1,4
2,6,2,0.0059369816444814205,0,0,3,3,6,2,1,1,1,1,1,1
2,6,3,0.05870748683810234,0,0,3,3,6,3,1,1,1,1,1,1
2,6,4,0.09493975341320038,0,0,3,3,6,4,1,1,1,1,1,1
2,6,10,0.1263856291770935,0,0,3,3,6,4,1,2,1,1,1,1
2,6,11,0.011776326224207878,0,0,3,3,6,5,1,2,1,1,1,1
2,6,12,0.014926319010555744,0,0,3,3,6,6,1,2,1,1,1,1
2,6,15,0.0811774730682373,0,0,3,3,6,3,1,3,1,1,1,1
2,6,16,0.07984482496976852,0,0,3,3,6,4,1,3,1,1,1,1
2,6,18,0.011805412359535694,0,0,3,3,6,6,1,3,1,1,1,1
2,6,20,0.01413388829678297,0,0,3,3,6,2,1,4,1,1,1,1
2,6,24,0.015170409344136715,0,0,3,3,6,6,1,4,1,1,1,1
2,6,25,0.02004246599972248,0,0,3,3,6,1,1,5,1,1,1,1
2,6,26,0.006665925029665232,0,0,3,3,6,2,1,5,1,1,1,1
2,6,28,0.06454430520534515,0,0,3,3,6,4,1,5,1,1,1,1
2,6,29,0.03404005616903305,0,0,3,3,6,5,1,5,1,1,1,1
2,6,30,0.006603843066841364,0,0,3,3,6,6,1,5,1,1,1,1
2,6,32,0.17093771696090698,0,0,3,4,6,2,1,2,1,1,1,1
2,6,37,0.015151778236031532,0,0,3,5,6,2,1,2,1,2,1,2
2,6,39,0.10765384137630463,0,0,3,5,6,4,1,4,1,2,1,2
2,6,40,0.01601434499025345,0,0,3,5,6,5,1,5,1,2,1,2
2,6,43,0.009170737117528915,0,1,3,6,6,3,1,0,1,0,1,1
2,6,44,0.026275455951690674,0,1,3,6,6,4,1,0,1,0,1,1
2,6,46,0.003016767790541053,0,1,3,6,6,6,1,0,1,0,1,1
2,6,47,0.0050782710313797,0,2,3,7,6,0,1,0,1,0,1,4
2,7,2,0.0009663732489570975,0,0,3,3,1,2,2,1,1,1,1,1
2,7,3,0.0004512355662882328,0,0,3,3,1,3,2,1,1,1,1,1
2,7,4,3.308707528049126e-05,0,0,3,3,1,4,2,1,1,1,1,1
2,7,10,2.2909803192305844e-06,0,0,3,3,1,4,2,2,1,1,1,1
2,7,11,2.637834768393077e-05,0,0,3,3,1,5,2,2,1,1,1,1
2,7,12,0.00025712273782119155,0,0,3,3,1,6,2,2,1,1,1,1
2,7,15,0.000189333368325606,0,0,3,3,1,3,2,3,1,1,1,1
2,7,16,6.006422381688026e-07,0,0,3,3,1,4,2,3,1,1,1,1
2,7,18,0.0001755280973156914,0,0,3,3,1,6,2,3,1,1,1,1
2,7,20,0.0017922964179888368,0,0,3,3,1,2,2,4,1,1,1,1
2,7,24,0.00024065651814453304,0,0,3,3,1,6,2,4,1,1,1,1
2,7,25,0.00020775300799869,0,0,3,3,1,1,2,5,1,1,1,1
2,7,26,0.9017854928970337,0,0,3,3,1,2,2,5,1,1,1,1
2,7,28,3.979184111813083e-05,0,0,3,3,1,4,2,5,1,1,1,1
2,7,29,0.00019673185306601226,0,0,3,3,1,5,2,5,1,1,1,1
2,7,30,0.06461790949106216,0,0,3,3,1,6,2,5,1,1,1,1
2,7,32,0.02126520499587059,0,0,3,4,1,2,2,2,1,1,1,1
2,7,37,4.056215038872324e-05,0,0,3,5,1,2,2,2,1,2,1,2
2,7,39,5.921837100686389e-07,0,0,3,5,1,4,2,4,1,2,1,2
2,7,40,0.000111787834612187,0,0,3,5,1,5,2,5,1,2,1,2
2,7,43,0.0007069971761666238,0,1,3,6,1,3,2,0,1,0,1,1
2,7,44,4.53455068054609e-05,0,1,3,6,1,4,2,0,1,0,1,1
2,7,46,0.006819247268140316,0,1,3,6,1,6,2,0,1,0,1,1
2,7,47,2.7261570721748285e-05,0,2,3,7,1,0,2,0,1,0,1,4
2,8,2,0.07735582441091537,0,0,3,3,2,2,2,1,1,1,1,1
2,8,3,0.013143985532224178,0,0,3,3,2,3,2,1,1,1,1,1
2,8,4,0.02351677604019642,0,0,3,3,2,4,2,1,1,1,1,1
2,8,10,0.010436288081109524,0,0,3,3,2,4,2,2,1,1,1,1
2,8,11,0.003391066798940301,0,0,3,3,2,5,2,2,1,1,1,1
2,8,12,0.010271428152918816,0,0,3,3,2,6,2,2,1,1,1,1
2,8,15,0.006629886105656624,0,0,3,3,2,3,2,3,1,1,1,1
2,8,16,0.002381515223532915,0,0,3,3,2,4,2,3,1,1,1,1
2,8,18,0.005870596971362829,0,0,3,3,2,6,2,3,1,1,1,1
2,8,20,0.05819358676671982,0,0,3,3,2,2,2,4,1,1,1,1
2,8,24,0.025513261556625366,0,0,3,3,2,6,2,4,1,1,1,1
2,8,25,0.01574261114001274,0,0,3,3,2,1,2,5,1,1,1,1
2,8,26,0.4798462688922882,0,0,3,3,2,2,2,5,1,1,1,1
2,8,28,0.019513120874762535,0,0,3,3,2,4,2,5,1,1,1,1
2,8,29,0.01805640384554863,0,0,3,3,2,5,2,5,1,1,1,1
2,8,30,0.11787190288305283,0,0,3,3,2,6,2,5,1,1,1,1
2,8,32,0.05549582466483116,0,0,3,4,2,2,2,2,1,1,1,1
2,8,37,0.014638873748481274,0,0,3,5,2,2,2,2,1,2,1,2
2,8,39,0.008967932313680649,0,0,3,5,2,4,2,4,1,2,1,2
2,8,40,0.019589466974139214,0,0,3,5,2,5,2,5,1,2,1,2
2,8,43,0.0020641209557652473,0,1,3,6,2,3,2,0,1,0,1,1
2,8,44,0.002665645908564329,0,1,3,6,2,4,2,0,1,0,1,1
2,8,46,0.005645205266773701,0,1,3,6,2,6,2,0,1,0,1,1
2,8,47,0.003198344958946109,0,2,3,7,2,0,2,0,1,0,1,4
2,9,2,0.04032701998949051,0,0,3,3,3,2,2,1,1,1,1,1
2,9,3,0.012387888506054878,0,0,3,3,3,3,2,1,1,1,1,1
2,9,4,0.04436568170785904,0,0,3,3,3,4,2,1,1,1,1,1
2,9,10,0.0716516375541687,0,0,3,3,3,4,2,2,1,1,1,1
2,9,11,0.01827995292842388,0,0,3,3,3,5,2,2,1,1,1,1
2,9,12,0.018990352749824524,0,0,3,3,3,6,2,2,1,1,1,1
2,9,15,0.048514191061258316,0,0,3,3,3,3,2,3,1,1,1,1
2,9,16,0.05161936953663826,0,0,3,3,3,4,2,3,1,1,1,1
2,9,18,0.009693540632724762,0,0,3,3,3,6,2,3,1,1,1,1
2,9,20,0.03769475966691971,0,0,3,3,3,2,2,4,1,1,1,1
2,9,24,0.04752900078892708,0,0,3,3,3,6,2,4,1,1,1,1
2,9,25,0.1276797205209732,0,0,3,3,3,1,2,5,1,1,1,1
2,9,26,0.02686844952404499,0,0,3,3,3,2,2,5,1,1,1,1
2,9,28,0.09887015074491501,0,0,3,3,3,4,2,5,1,1,1,1
2,9,29,0.05834518373012543,0,0,3,3,3,5,2,5,1,1,1,1
2,9,30,0.026219235733151436,0,0,3,3,3,6,2,5,1,1,1,1
2,9,32,0.08803746104240417,0,0,3,4,3,2,2,2,1,1,1,1
2,9,37,0.008897320367395878,0,0,3,5,3,2,2,2,1,2,1,2
2,9,39,0.039301659911870956,0,0,3,5,3,4,2,4,1,2,1,2
2,9,40,0.003118508728221059,0,0,3,5,3,5,2,5,1,2,1,2
2,9,43,0.008986199274659157,0,1,3,6,3,3,2,0,1,0,1,1
2,9,44,0.0646369457244873,0,1,3,6,3,4,2,0,1,0,1,1
2,9,46,0.017978373914957047,0,1,3,6,3,6,2,0,1,0,1,1
2,9,47,0.03000733256340027,0,2,3,7,3,0,2,0,1,0,1,4
2,13,2,0.0024347552098333836,0,0,3,3,1,2,3,1,1,1,1,1
2,13,3,0.003466249443590641,0,0,3,3,1,3,3,1,1,1,1,1
2,13,4,0.0007154351333156228,0,0,3,3,1,4,3,1,1,1,1,1
2,13,10,0.000305098103126511,0,0,3,3,1,4,3,2,1,1,1,1
2,13,11,0.0008053407655097544,0,0,3,3,1,5,3,2,1,1,1,1
2,13,12,0.0019792066887021065,0,0,3,3,1,6,3,2,1,1,1,1
2,13,15,0.0033017245586961508,0,0,3,3,1,3,3,3,1,1,1,1
2,13,16,3.5438013583188877e-05,0,0,3,3,1,4,3,3,1,1,1,1
2,13,18,0.0005904901772737503,0,0,3,3,1,6,3,3,1,1,1,1
2,13,20,0.012147967703640461,0,0,3,3,1,2,3,4,1,1,1,1
2,13,24,0.003812645561993122,0,0,3,3,1,6,3,4,1,1,1,1
2,13,25,0.009682263247668743,0,0,3,3,1,1,3,5,1,1,1,1
2,13,26,0.08195140957832336,0,0,3,3,1,2,3,5,1,1,1,1
2,13,28,0.0008744099177420139,0,0,3,3,1,4,3,5,1,1,1,1
2,13,29,0.002677178243175149,0,0,3,3,1,5,3,5,1,1,1,1
2,13,30,0.016738440841436386,0,0,3,3,1,6,3,5,1,1,1,1
2,13,32,0.8507509231567383,0,0,3,4,1,2,3,2,1,1,1,1
2,13,37,0.0026938451919704676,0,0,3,5,1,2,3,2,1,2,1,2
2,13,39,0.0003211578296031803,0,0,3,5,1,4,3,4,1,2,1,2
2,13,40,0.0007078952621668577,0,0,3,5,1,5,3,5,1,2,1,2
2,13,43,0.00036546646151691675,0,1,3,6,1,3,3,0,1,0,1,1
2,13,44,0.00026243794127367437,0,1,3,6,1,4,3,0,1,0,1,1
2,13,46,0.0031419615261256695,0,1,3,6,1,6,3,0,1,0,1,1
2,13,47,0.00023765233345329762,0,2,3,7,1,0,3,0,1,0,1,4
2,14,2,0.06961590051651001,0,0,3,3,2,2,3,1,1,1,1,1
2,14,3,0.025209899991750717,0,0,3,3,2,3,3,1,1,1,1,1
2,14,4,0.09914960712194443,0,0,3,3,2,4,3,1,1,1,1,1
2,14,10,0.1756320297718048,0,0,3,3,2,4,3,2,1,1,1,1
2,14,11,0.010550552979111671,0,0,3,3,2,5,3,2,1,1,1,1
2,14,12,0.017936132848262787,0,0,3,3,2,6,3,2,1,1,1,1
2,14,15,0.01341292541474104,0,0,3,3,2,3,3,3,1,1,1,1
2,14,16,0.01390627957880497,0,0,3,3,2,4,3,3,1,1,1,1
2,14,18,0.00807073712348938,0,0,3,3,2,6,3,3,1,1,1,1
2,14,20,0.06001785770058632,0,0,3,3,2,2,3,4,1,1,1,1
2,14,24,0.0353517085313797,0,0,3,3,2,6,3,4,1,1,1,1
2,14,25,0.06292559951543808,0,0,3,3,2,1,3,5,1,1,1,1
2,14,26,0.05478668585419655,0,0,3,3,2,2,3,5,1,1,1,1
2,14,28,0.05144442617893219,0,0,3,3,2,4,3,5,1,1,1,1
2,14,29,0.02821103297173977,0,0,3,3,2,5,3,5,1,1,1,1
2,14,30,0.040030818432569504,0,0,3,3,2,6,3,5,1,1,1,1
2,14,32,0.11089299619197845,0,0,3,4,2,2,3,2,1,1,1,1
2,14,37,0.055408183485269547,0,0,3,5,2,2,3,2,1,2,1,2
2,14,39,0.031562190502882004,0,0,3,5,2,4,3,4,1,2,1,2
2,14,40,0.016847601160407066,0,0,3,5,2,5,3,5,1,2,1,2
2,14,43,0.003014893503859639,0,1,3,6,2,3,3,0,1,0,1,1
2,14,44,0.00686062965542078,0,1,3,6,2,4,3,0,1,0,1,1
2,14,46,0.0025199323426932096,0,1,3,6,2,6,3,0,1,0,1,1
2,14,47,0.006641282234340906,0,2,3,7,2,0,3,0,1,0,1,4
2,17,2,0.0033335816115140915,0,0,3,3,5,2,3,1,1,1,1,1
2,17,3,0.005878269672393799,0,0,3,3,5,3,3,1,1,1,1,1
2,17,4,0.03137066587805748,0,0,3,3,5,4,3,1,1,1,1,1
2,17,10,0.12063692510128021,0,0,3,3,5,4,3,2,1,1,1,1
2,17,11,0.004970647394657135,0,0,3,3,5,5,3,2,1,1,1,1
2,17,12,0.003752016229555011,0,0,3,3,5,6,3,2,1,1,1,1
2,17,15,0.023577164858579636,0,0,3,3,5,3,3,3,1,1,1,1
2,17,16,0.05345000699162483,0,0,3,3,5,4,3,3,1,1,1,1
2,17,18,0.0037288335151970387,0,0,3,3,5,6,3,3,1,1,1,1
2,17,20,0.006755909416824579,0,0,3,3,5,2,3,4,1,1,1,1
2,17,24,0.007736925035715103,0,0,3,3,5,6,3,4,1,1,1,1
2,17,25,0.02156643569469452,0,0,3,3,5,1,3,5,1,1,1,1
2,17,26,0.0017706662183627486,0,0,3,3,5,2,3,5,1,1,1,1
2,17,28,0.09107892960309982,0,0,3,3,5,4,3,5,1,1,1,1
2,17,29,0.03675943613052368,0,0,3,3,5,5,3,5,1,1,1,1
2,17,30,0.0008669020608067513,0,0,3,3,5,6,3,5,1,1,1,1
2,17,32,0.10446074604988098,0,0,3,4,5,2,3,2,1,1,1,1
2,17,37,0.012574967928230762,0,0,3,5,5,2,3,2,1,2,1,2
2,17,39,0.4413360357284546,0,0,3,5,5,4,3,4,1,2,1,2
2,17,40,0.021073883399367332,0,0,3,5,5,5,3,5,1,2,1,2
2,17,43,7.144478877307847e-05,0,1,3,6,5,3,3,0,1,0,1,1
2,17,44,0.00231962651014328,0,1,3,6,5,4,3,0,1,0,1,1
2,17,46,9.187531395582482e-05,0,1,3,6,5,6,3,0,1,0,1,1
2,17,47,0.0008379089995287359,0,2,3,7,5,0,3,0,1,0,1,4
2,19,2,0.03903403505682945,0,0,3,3,1,2,4,1,1,1,1,1
2,19,3,0.004822287242859602,0,0,3,3,1,3,4,1,1,1,1,1
2,19,4,0.00029759504832327366,0,0,3,3,1,4,4,1,1,1,1,1
2,19,10,9.122282062890008e-05,0,0,3,3,1,4,4,2,1,1,1,1
2,19,11,0.0046536545269191265,0,0,3,3,1,5,4,2,1,1,1,1
2,19,12,0.0016619988018646836,0,0,3,3,1,6,4,2,1,1,1,1
2,19,15,0.0010194340720772743,0,0,3,3,1,3,4,3,1,1,1,1
2,19,16,1.6377021893276833e-05,0,0,3,3,1,4,4,3,1,1,1,1
2,19,18,0.0027664692606776953,0,0,3,3,1,6,4,3,1,1,1,1
2,19,20,0.03550996258854866,0,0,3,3,1,2,4,4,1,1,1,1
2,19,24,0.003342786803841591,0,0,3,3,1,6,4,4,1,1,1,1
2,19,25,0.012240700423717499,0,0,3,3,1,1,4,5,1,1,1,1
2,19,26,0.7048631310462952,0,0,3,3,1,2,4,5,1,1,1,1
2,19,28,0.00014383270172402263,0,0,3,3,1,4,4,5,1,1,1,1
2,19,29,0.0036134712863713503,0,0,3,3,1,5,4,5,1,1,1,1
2,19,30,0.11185768991708755,0,0,3,3,1,6,4,5,1,1,1,1
2,19,32,0.011712661013007164,0,0,3,4,1,2,4,2,1,1,1,1
2,19,37,0.004691989626735449,0,0,3,5,1,2,4,2,1,2,1,2
2,19,39,4.270654608262703e-05,0,0,3,5,1,4,4,4,1,2,1,2
2,19,40,0.012916763313114643,0,0,3,5,1,5,4,5,1,2,1,2
2,19,43,0.017602676525712013,0,1,3,6,1,3,4,0,1,0,1,1
2,19,44,0.00028392529929988086,0,1,3,6,1,4,4,0,1,0,1,1
2,19,46,0.02516101486980915,0,1,3,6,1,6,4,0,1,0,1,1
2,19,47,0.0016537702176719904,0,2,3,7,1,0,4,0,1,0,1,4
2,21,2,0.09654853492975235,0,0,3,3,3,2,4,1,1,1,1,1
2,21,3,0.011581791564822197,0,0,3,3,3,3,4,1,1,1,1,1
2,21,4,0.006792871747165918,0,0,3,3,3,4,4,1,1,1,1,1
2,21,10,0.0037106946110725403,0,0,3,3,3,4,4,2,1,1,1,1
2,21,11,0.01381580252200365,0,0,3,3,3,5,4,2,1,1,1,1
2,21,12,0.009330542758107185,0,0,3,3,3,6,4,2,1,1,1,1
2,21,15,0.0069582355208694935,0,0,3,3,3,3,4,3,1,1,1,1
2,21,16,0.0005521500133909285,0,0,3,3,3,4,4,3,1,1,1,1
2,21,18,0.002562551060691476,0,0,3,3,3,6,4,3,1,1,1,1
2,21,20,0.09783931821584702,0,0,3,3,3,2,4,4,1,1,1,1
2,21,24,0.043290875852108,0,0,3,3,3,6,4,4,1,1,1,1
2,21,25,0.09583394229412079,0,0,3,3,3,1,4,5,1,1,1,1
2,21,26,0.24411772191524506,0,0,3,3,3,2,4,5,1,1,1,1
2,21,28,0.0026662934105843306,0,0,3,3,3,4,4,5,1,1,1,1
2,21,29,0.0252323467284441,0,0,3,3,3,5,4,5,1,1,1,1
2,21,30,0.09266126155853271,0,0,3,3,3,6,4,5,1,1,1,1
2,21,32,0.1550145000219345,0,0,3,4,3,2,4,2,1,1,1,1
2,21,37,0.040369924157857895,0,0,3,5,3,2,4,2,1,2,1,2
2,21,39,0.0055965231731534,0,0,3,5,3,4,4,4,1,2,1,2
2,21,40,0.0074782040901482105,0,0,3,5,3,5,4,5,1,2,1,2
2,21,43,0.005172081291675568,0,1,3,6,3,3,4,0,1,0,1,1
2,21,44,0.003907023463398218,0,1,3,6,3,4,4,0,1,0,1,1
2,21,46,0.01958344131708145,0,1,3,6,3,6,4,0,1,0,1,1
2,21,47,0.009383234195411205,0,2,3,7,3,0,4,0,1,0,1,4
2,22,2,0.15442903339862823,0,0,3,3,4,2,4,1,1,1,1,1
2,22,3,0.02211645618081093,0,0,3,3,4,3,4,1,1,1,1,1
2,22,4,0.011677099391818047,0,0,3,3,4,4,4,1,1,1,1,1
2,22,10,0.02177460677921772,0,0,3,3,4,4,4,2,1,1,1,1
2,22,11,0.029645860195159912,0,0,3,3,4,5,4,2,1,1,1,1
2,22,12,0.0016544914105907083,0,0,3,3,4,6,4,2,1,1,1,1
2,22,15,0.0012745738495141268,0,0,3,3,4,3,4,3,1,1,1,1
2,22,16,0.00014803795784246176,0,0,3,3,4,4,4,3,1,1,1,1
2,22,18,0.0002329564158571884,0,0,3,3,4,6,4,3,1,1,1,1
2,22,20,0.10007444024085999,0,0,3,3,4,2,4,4,1,1,1,1
2,22,24,0.01012809295207262,0,0,3,3,4,6,4,4,1,1,1,1
2,22,25,0.11144857108592987,0,0,3,3,4,1,4,5,1,1,1,1
2,22,26,0.02424432337284088,0,0,3,3,4,2,4,5,1,1,1,1
2,22,28,0.0008744951337575912,0,0,3,3,4,4,4,5,1,1,1,1
2,22,29,0.012515042908489704,0,0,3,3,4,5,4,5,1,1,1,1
2,22,30,0.003010380547493696,0,0,3,3,4,6,4,5,1,1,1,1
2,22,32,0.031221723183989525,0,0,3,4,4,2,4,2,1,1,1,1
2,22,37,0.4311074912548065,0,0,3,5,4,2,4,2,1,2,1,2
2,22,39,0.012092655524611473,0,0,3,5,4,4,4,4,1,2,1,2
2,22,40,0.01775727979838848,0,0,3,5,4,5,4,5,1,2,1,2
2,22,43,0.00037291881744749844,0,1,3,6,4,3,4,0,1,0,1,1
2,22,44,6.559734902111813e-05,0,1,3,6,4,4,4,0,1,0,1,1
2,22,46,0.00013524602400138974,0,1,3,6,4,6,4,0,1,0,1,1
2,22,47,0.0019984084647148848,0,2,3,7,4,0,4,0,1,0,1,4
2,23,2,0.0824032872915268,0,0,3,3,5,2,4,1,1,1,1,1
2,23,3,0.003935113083571196,0,0,3,3,5,3,4,1,1,1,1,1
2,23,4,0.021383827552199364,0,0,3,3,5,4,4,1,1,1,1,1
2,23,10,0.04818465933203697,0,0,3,3,5,4,4,2,1,1,1,1
2,23,11,0.025946158915758133,0,0,3,3,5,5,4,2,1,1,1,1
2,23,12,0.0065847462974488735,0,0,3,3,5,6,4,2,1,1,1,1
2,23,15,0.005176232196390629,0,0,3,3,5,3,4,3,1,1,1,1
2,23,16,0.006725708022713661,0,0,3,3,5,4,4,3,1,1,1,1
2,23,18,0.0018289057770743966,0,0,3,3,5,6,4,3,1,1,1,1
2,23,20,0.0764731839299202,0,0,3,3,5,2,4,4,1,1,1,1
2,23,24,0.060025036334991455,0,0,3,3,5,6,4,4,1,1,1,1
2,23,25,0.12037279456853867,0,0,3,3,5,1,4,5,1,1,1,1
2,23,26,0.020965833216905594,0,0,3,3,5,2,4,5,1,1,1,1
2,23,28,0.01442562136799097,0,0,3,3,5,4,4,5,1,1,1,1
2,23,29,0.03693022206425667,0,0,3,3,5,5,4,5,1,1,1,1
2,23,30,0.00997194740921259,0,0,3,3,5,6,4,5,1,1,1,1
2,23,32,0.059921760112047195,0,0,3,4,5,2,4,2,1,1,1,1
2,23,37,0.1473446488380432,0,0,3,5,5,2,4,2,1,2,1,2
2,23,39,0.21826229989528656,0,0,3,5,5,4,4,4,1,2,1,2
2,23,40,0.018865948542952538,0,0,3,5,5,5,4,5,1,2,1,2
2,23,43,0.00019295701349619776,0,1,3,6,5,3,4,0,1,0,1,1
2,23,44,0.002460403135046363,0,1,3,6,5,4,4,0,1,0,1,1
2,23,46,0.000714586116373539,0,1,3,6,5,6,4,0,1,0,1,1
2,23,47,0.010904152877628803,0,2,3,7,5,0,4,0,1,0,1,4
2,27,2,0.10890769958496094,0,0,3,3,3,2,5,1,1,1,1,1
2,27,3,0.015040871687233448,0,0,3,3,3,3,5,1,1,1,1,1
2,27,4,0.0709199532866478,0,0,3,3,3,4,5,1,1,1,1,1
2,27,10,0.06695398688316345,0,0,3,3,3,4,5,2,1,1,1,1
2,27,11,0.02036959119141102,0,0,3,3,3,5,5,2,1,1,1,1
2,27,12,0.011221259832382202,0,0,3,3,3,6,5,2,1,1,1,1
2,27,15,0.042943526059389114,0,0,3,3,3,3,5,3,1,1,1,1
2,27,16,0.06616952270269394,0,0,3,3,3,4,5,3,1,1,1,1
2,27,18,0.007305069360882044,0,0,3,3,3,6,5,3,1,1,1,1
2,27,20,0.03138351812958717,0,0,3,3,3,2,5,4,1,1,1,1
2,27,24,0.043005019426345825,0,0,3,3,3,6,5,4,1,1,1,1
2,27,25,0.0382392592728138,0,0,3,3,3,1,5,5,1,1,1,1
2,27,26,0.02774077095091343,0,0,3,3,3,2,5,5,1,1,1,1
2,27,28,0.07705385982990265,0,0,3,3,3,4,5,5,1,1,1,1
2,27,29,0.06029577553272247,0,0,3,3,3,5,5,5,1,1,1,1
2,27,30,0.011036673560738564,0,0,3,3,3,6,5,5,1,1,1,1
2,27,32,0.024981001392006874,0,0,3,4,3,2,5,2,1,1,1,1
2,27,37,0.02049148641526699,0,0,3,5,3,2,5,2,1,2,1,2
2,27,39,0.1878555864095688,0,0,3,5,3,4,5,4,1,2,1,2
2,27,40,0.021522333845496178,0,0,3,5,3,5,5,5,1,2,1,2
2,27,43,0.002257012762129307,0,1,3,6,3,3,5,0,1,0,1,1
2,27,44,0.0214729905128479,0,1,3,6,3,4,5,0,1,0,1,1
2,27,46,0.003342036623507738,0,1,3,6,3,6,5,0,1,0,1,1
2,27,47,0.019491294398903847,0,2,3,7,3,0,5,0,1,0,1,4
2,31,2,0.014383469708263874,0,0,4,3,1,2,1,1,1,1,1,1
2,31,3,0.02775188907980919,0,0,4,3,1,3,1,1,1,1,1,1
2,31,4,0.004186210222542286,0,0,4,3,1,4,1,1,1,1,1,1
2,31,10,0.003972427919507027,0,0,4,3,1,4,1,2,1,1,1,1
2,31,11,0.023259460926055908,0,0,4,3,1,5,1,2,1,1,1,1
2,31,12,0.009880592115223408,0,0,4,3,1,6,1,2,1,1,1,1
2,31,15,0.012664934620261192,0,0,4,3,1,3,1,3,1,1,1,1
2,31,16,0.00046472204849123955,0,0,4,3,1,4,1,3,1,1,1,1
2,31,18,0.005404553841799498,0,0,4,3,1,6,1,3,1,1,1,1
2,31,20,0.043707460165023804,0,0,4,3,1,2,1,4,1,1,1,1
2,31,24,0.01152291800826788,0,0,4,3,1,6,1,4,1,1,1,1
2,31,25,0.03518877923488617,0,0,4,3,1,1,1,5,1,1,1,1
2,31,26,0.1001228392124176,0,0,4,3,1,2,1,5,1,1,1,1
2,31,28,0.0020144209265708923,0,0,4,3,1,4,1,5,1,1,1,1
2,31,29,0.008443179540336132,0,0,4,3,1,5,1,5,1,1,1,1
2,31,30,0.02836684137582779,0,0,4,3,1,6,1,5,1,1,1,1
2,31,32,0.594164252281189,0,0,4,4,1,2,1,2,1,1,1,1
2,31,37,0.03893287479877472,0,0,4,5,1,2,1,2,1,2,1,2
2,31,39,0.00165330630261451,0,0,4,5,1,4,1,4,1,2,1,2
2,31,40,0.008924989961087704,0,0,4,5,1,5,1,5,1,2,1,2
2,31,43,0.009752188809216022,0,1,4,6,1,3,1,0,1,0,1,1
2,31,44,0.0016613771440461278,0,1,4,6,1,4,1,0,1,0,1,1
2,31,46,0.010727501474320889,0,1,4,6,1,6,1,0,1,0,1,1
2,31,47,0.0028488461393862963,0,2,4,7,1,0,1,0,1,0,1,4
2,33,2,0.002835070714354515,0,0,4,3,3,2,3,1,1,1,1,1
2,33,3,0.03416509926319122,0,0,4,3,3,3,3,1,1,1,1,1
2,33,4,0.025983810424804688,0,0,4,3,3,4,3,1,1,1,1,1
2,33,10,0.040498144924640656,0,0,4,3,3,4,3,2,1,1,1,1
2,33,11,0.016406340524554253,0,0,4,3,3,5,3,2,1,1,1,1
2,33,12,0.012776827439665794,0,0,4,3,3,6,3,2,1,1,1,1
2,33,15,0.13933944702148438,0,0,4,3,3,3,3,3,1,1,1,1
2,33,16,0.05913640558719635,0,0,4,3,3,4,3,3,1,1,1,1
2,33,18,0.05884668976068497,0,0,4,3,3,6,3,3,1,1,1,1
2,33,20,0.003371489467099309,0,0,4,3,3,2,3,4,1,1,1,1
2,33,24,0.008445462211966515,0,0,4,3,3,6,3,4,1,1,1,1
2,33,25,0.016716379672288895,0,0,4,3,3,1,3,5,1,1,1,1
2,33,26,0.00119765882845968,0,0,4,3,3,2,3,5,1,1,1,1
2,33,28,0.05087999626994133,0,0,4,3,3,4,3,5,1,1,1,1
2,33,29,0.018072446808218956,0,0,4,3,3,5,3,5,1,1,1,1
2,33,30,0.0037388165947049856,0,0,4,3,3,6,3,5,1,1,1,1
2,33,32,0.0883992463350296,0,0,4,4,3,2,3,2,1,1,1,1
2,33,37,0.006470225751399994,0,0,4,5,3,2,3,2,1,2,1,2
2,33,39,0.016878312453627586,0,0,4,5,3,4,3,4,1,2,1,2
2,33,40,0.029115725308656693,0,0,4,5,3,5,3,5,1,2,1,2
2,33,43,0.1937013417482376,0,1,4,6,3,3,3,0,1,0,1,1
2,33,44,0.10225404053926468,0,1,4,6,3,4,3,0,1,0,1,1
2,33,46,0.04644651338458061,0,1,4,6,3,6,3,0,1,0,1,1
2,33,47,0.02432437054812908,0,2,4,7,3,0,3,0,1,0,1,4
2,34,2,0.03849778324365616,0,0,4,3,4,2,4,1,1,1,1,1
2,34,3,0.0061872429214417934,0,0,4,3,4,3,4,1,1,1,1,1
2,34,4,0.004867280833423138,0,0,4,3,4,4,4,1,1,1,1,1
2,34,10,0.06221083179116249,0,0,4,3,4,4,4,2,1,1,1,1
2,34,11,0.07875724881887436,0,0,4,3,4,5,4,2,1,1,1,1
2,34,12,0.0015207321848720312,0,0,4,3,4,6,4,2,1,1,1,1
2,34,15,0.0008320086635649204,0,0,4,3,4,3,4,3,1,1,1,1
2,34,16,0.0002616944257169962,0,0,4,3,4,4,4,3,1,1,1,1
2,34,18,0.00035943728289566934,0,0,4,3,4,6,4,3,1,1,1,1
2,34,20,0.037738583981990814,0,0,4,3,4,2,4,4,1,1,1,1
2,34,24,0.005465872585773468,0,0,4,3,4,6,4,4,1,1,1,1
2,34,25,0.1864374577999115,0,0,4,3,4,1,4,5,1,1,1,1
2,34,26,0.0022106317337602377,0,0,4,3,4,2,4,5,1,1,1,1
2,34,28,0.0009160189656540751,0,0,4,3,4,4,4,5,1,1,1,1
2,34,29,0.005812166724354029,0,0,4,3,4,5,4,5,1,1,1,1
2,34,30,0.0006978021701797843,0,0,4,3,4,6,4,5,1,1,1,1
2,34,32,0.02791651524603367,0,0,4,4,4,2,4,2,1,1,1,1
2,34,37,0.5225730538368225,0,0,4,5,4,2,4,2,1,2,1,2
2,34,39,0.00573059031739831,0,0,4,5,4,4,4,4,1,2,1,2
2,34,40,0.007269653026014566,0,0,4,5,4,5,4,5,1,2,1,2
2,34,43,0.00048420383245684206,0,1,4,6,4,3,4,0,1,0,1,1
2,34,44,0.00011029007873730734,0,1,4,6,4,4,4,0,1,0,1,1
2,34,46,8.75179612194188e-05,0,1,4,6,4,6,4,0,1,0,1,1
2,34,47,0.0030554612167179585,0,2,4,7,4,0,4,0,1,0,1,4
2,35,2,0.007519406732171774,0,0,4,3,5,2,5,1,1,1,1,1
2,35,3,0.00852116197347641,0,0,4,3,5,3,5,1,1,1,1,1
2,35,4,0.023853184655308723,0,0,4,3,5,4,5,1,1,1,1,1
2,35,10,0.2602734863758087,0,0,4,3,5,4,5,2,1,1,1,1
2,35,11,0.049166712909936905,0,0,4,3,5,5,5,2,1,1,1,1
2,35,12,0.007657795213162899,0,0,4,3,5,6,5,2,1,1,1,1
2,35,15,0.023937290534377098,0,0,4,3,5,3,5,3,1,1,1,1
2,35,16,0.07984635978937149,0,0,4,3,5,4,5,3,1,1,1,1
2,35,18,0.0030006789602339268,0,0,4,3,5,6,5,3,1,1,1,1
2,35,20,0.007141555193811655,0,0,4,3,5,2,5,4,1,1,1,1
2,35,24,0.011327126063406467,0,0,4,3,5,6,5,4,1,1,1,1
2,35,25,0.018308304250240326,0,0,4,3,5,1,5,5,1,1,1,1
2,35,26,0.0003388206532690674,0,0,4,3,5,2,5,5,1,1,1,1
2,35,28,0.03694530576467514,0,0,4,3,5,4,5,5,1,1,1,1
2,35,29,0.012367830611765385,0,0,4,3,5,5,5,5,1,1,1,1
2,35,30,0.00023669542861171067,0,0,4,3,5,6,5,5,1,1,1,1
2,35,32,0.014040961861610413,0,0,4,4,5,2,5,2,1,1,1,1
2,35,37,0.07983305305242538,0,0,4,5,5,2,5,2,1,2,1,2
2,35,39,0.32292476296424866,0,0,4,5,5,4,5,4,1,2,1,2
2,35,40,0.014811794273555279,0,0,4,5,5,5,5,5,1,2,1,2
2,35,43,0.0007622124394401908,0,1,4,6,5,3,5,0,1,0,1,1
2,35,44,0.00925692729651928,0,1,4,6,5,4,5,0,1,0,1,1
2,35,46,0.00012000883725704625,0,1,4,6,5,6,5,0,1,0,1,1
2,35,47,0.007808690890669823,0,2,4,7,5,0,5,0,1,0,1,4
2,36,2,0.0005941863055340946,0,0,5,3,1,2,1,1,2,1,2,1
2,36,3,0.08462521433830261,0,0,5,3,1,3,1,1,2,1,2,1
2,36,4,0.000589726201724261,0,0,5,3,1,4,1,1,2,1,2,1
2,36,10,0.00024811082403175533,0,0,5,3,1,4,1,2,2,1,2,1
2,36,11,0.003942727576941252,0,0,5,3,1,5,1,2,2,1,2,1
2,36,12,0.004994132090359926,0,0,5,3,1,6,1,2,2,1,2,1
2,36,15,0.07309363037347794,0,0,5,3,1,3,1,3,2,1,2,1
2,36,16,7.59633767302148e-05,0,0,5,3,1,4,1,3,2,1,2,1
2,36,18,0.0012593730352818966,0,0,5,3,1,6,1,3,2,1,2,1
2,36,20,0.007983783259987831,0,0,5,3,1,2,1,4,2,1,2,1
2,36,24,0.0022783558815717697,0,0,5,3,1,6,1,4,2,1,2,1
2,36,25,0.0011035496136173606,0,0,5,3,1,1,1,5,2,1,2,1
2,36,26,0.02494690753519535,0,0,5,3,1,2,1,5,2,1,2,1
2,36,28,0.0026174774393439293,0,0,5,3,1,4,1,5,2,1,2,1
2,36,29,0.001454790704883635,0,0,5,3,1,5,1,5,2,1,2,1
2,36,30,0.002627618843689561,0,0,5,3,1,6,1,5,2,1,2,1
2,36,32,0.700480580329895,0,0,5,4,1,2,1,2,2,1,2,1
2,36,37,0.0031285430304706097,0,0,5,5,1,2,1,2,2,2,2,2
2,36,39,0.00038770175888203084,0,0,5,5,1,4,1,4,2,2,2,2
2,36,40,0.004600020591169596,0,0,5,5,1,5,1,5,2,2,2,2
2,36,43,0.061309412121772766,0,1,5,6,1,3,1,0,2,0,2,1
2,36,44,0.001950391218997538,0,1,5,6,1,4,1,0,2,0,2,1
2,36,46,0.014920810237526894,0,1,5,6,1,6,1,0,2,0,2,1
2,36,47,0.0007864598883315921,0,2,5,7,1,0,1,0,2,0,2,4
2,38,2,0.0001977274368982762,0,0,5,3,3,2,3,1,2,1,2,1
2,38,3,0.07333055138587952,0,0,5,3,3,3,3,1,2,1,2,1
2,38,4,0.0010066241957247257,0,0,5,3,3,4,3,1,2,1,2,1
2,38,10,0.000398821197450161,0,0,5,3,3,4,3,2,2,1,2,1
2,38,11,0.0027342927642166615,0,0,5,3,3,5,3,2,2,1,2,1
2,38,12,0.0035137266386300325,0,0,5,3,3,6,3,2,2,1,2,1
2,38,15,0.23196478188037872,0,0,5,3,3,3,3,3,2,1,2,1
2,38,16,0.0011504455469548702,0,0,5,3,3,4,3,3,2,1,2,1
2,38,18,0.007295773830264807,0,0,5,3,3,6,3,3,2,1,2,1
2,38,20,0.0006233510794118047,0,0,5,3,3,2,3,4,2,1,2,1
2,38,24,0.000883494270965457,0,0,5,3,3,6,3,4,2,1,2,1
2,38,25,0.0007826199871487916,0,0,5,3,3,1,3,5,2,1,2,1
2,38,26,0.00037772406358271837,0,0,5,3,3,2,3,5,2,1,2,1
2,38,28,0.0037368517369031906,0,0,5,3,3,4,3,5,2,1,2,1
2,38,29,0.0018211468122899532,0,0,5,3,3,5,3,5,2,1,2,1
2,38,30,0.00046536943409591913,0,0,5,3,3,6,3,5,2,1,2,1
2,38,32,0.07507462799549103,0,0,5,4,3,2,3,2,2,1,2,1
2,38,37,0.0003657979250419885,0,0,5,5,3,2,3,2,2,2,2,2
2,38,39,0.00048810901353135705,0,0,5,5,3,4,3,4,2,2,2,2
2,38,40,0.004394908901304007,0,0,5,5,3,5,3,5,2,2,2,2
2,38,43,0.4991450607776642,0,1,5,6,3,3,3,0,2,0,2,1
2,38,44,0.01492112036794424,0,1,5,6,3,4,3,0,2,0,2,1
2,38,46,0.07318952679634094,0,1,5,6,3,6,3,0,2,0,2,1
2,38,47,0.0021372786723077297,0,2,5,7,3,0,3,0,2,0,2,4
2,41,2,0.0001622106647118926,1,0,6,3,1,2,0,1,0,1,1,1
2,41,3,0.0017075021751224995,1,0,6,3,1,3,0,1,0,1,1,1
2,41,4,0.0002738033945206553,1,0,6,3,1,4,0,1,0,1,1,1
2,41,10,5.5232394515769556e-05,1,0,6,3,1,4,0,2,0,1,1,1
2,41,11,0.00044552021427080035,1,0,6,3,1,5,0,2,0,1,1,1
2,41,12,0.002885119989514351,1,0,6,3,1,6,0,2,0,1,1,1
2,41,15,0.004974118433892727,1,0,6,3,1,3,0,3,0,1,1,1
2,41,16,0.0016582910902798176,1,0,6,3,1,4,0,3,0,1,1,1
2,41,18,0.03879778832197189,1,0,6,3,1,6,0,3,0,1,1,1
2,41,20,0.00021640665363520384,1,0,6,3,1,2,0,4,0,1,1,1
2,41,24,0.0004392873670440167,1,0,6,3,1,6,0,4,0,1,1,1
2,41,25,0.0002380259829806164,1,0,6,3,1,1,0,5,0,1,1,1
2,41,26,0.0026364936493337154,1,0,6,3,1,2,0,5,0,1,1,1
2,41,28,0.0004949020803906024,1,0,6,3,1,4,0,5,0,1,1,1
2,41,29,0.0006395725649781525,1,0,6,3,1,5,0,5,0,1,1,1
2,41,30,0.015004348009824753,1,0,6,3,1,6,0,5,0,1,1,1
2,41,32,0.0008348890114575624,1,0,6,4,1,2,0,2,0,1,1,1
2,41,37,3.201369327143766e-05,1,0,6,5,1,2,0,2,0,2,1,2
2,41,39,1.8066406482830644e-05,1,0,6,5,1,4,0,4,0,2,1,2
2,41,40,0.0010115884942933917,1,0,6,5,1,5,0,5,0,2,1,2
2,41,43,0.4578818082809448,1,1,6,6,1,3,0,0,0,0,1,1
2,41,44,0.036898642778396606,1,1,6,6,1,4,0,0,0,0,1,1
2,41,46,0.4293563663959503,1,1,6,6,1,6,0,0,0,0,1,1
2,41,47,0.00333830201998353,1,2,6,7,1,0,0,0,0,0,1,4
2,42,2,0.0023428560234606266,1,0,6,3,2,2,0,1,0,1,1,1
2,42,3,0.007988722994923592,1,0,6,3,2,3,0,1,0,1,1,1
2,42,4,0.050783831626176834,1,0,6,3,2,4,0,1,0,1,1,1
2,42,10,0.04387789964675903,1,0,6,3,2,4,0,2,0,1,1,1
2,42,11,0.002951555885374546,1,0,6,3,2,5,0,2,0,1,1,1
2,42,12,0.014076340943574905,1,0,6,3,2,6,0,2,0,1,1,1
2,42,15,0.01700759306550026,1,0,6,3,2,3,0,3,0,1,1,1
2,42,16,0.6379271149635315,1,0,6,3,2,4,0,3,0,1,1,1
2,42,18,0.0580221489071846,1,0,6,3,2,6,0,3,0,1,1,1
2,42,20,0.0013305385364219546,1,0,6,3,2,2,0,4,0,1,1,1
2,42,24,0.005026932340115309,1,0,6,3,2,6,0,4,0,1,1,1
2,42,25,0.0012578542809933424,1,0,6,3,2,1,0,5,0,1,1,1
2,42,26,0.00043198076309636235,1,0,6,3,2,2,0,5,0,1,1,1
2,42,28,0.047352347522974014,1,0,6,3,2,4,0,5,0,1,1,1
2,42,29,0.004263866227120161,1,0,6,3,2,5,0,5,0,1,1,1
2,42,30,0.0018711769953370094,1,0,6,3,2,6,0,5,0,1,1,1
2,42,32,0.0010534151224419475,1,0,6,4,2,2,0,2,0,1,1,1
2,42,37,0.0014327479293569922,1,0,6,5,2,2,0,2,0,2,1,2
2,42,39,0.07248550653457642,1,0,6,5,2,4,0,4,0,2,1,2
2,42,40,0.006840975489467382,1,0,6,5,2,5,0,5,0,2,1,2
2,42,43,0.001839127391576767,1,1,6,6,2,3,0,0,0,0,1,1
2,42,44,0.013278449885547161,1,1,6,6,2,4,0,0,0,0,1,1
2,42,46,0.002223153365775943,1,1,6,6,2,6,0,0,0,0,1,1
2,42,47,0.004334027413278818,1,2,6,7,2,0,0,0,0,0,1,4
2,45,2,0.0006628499832004309,1,0,6,3,5,2,0,1,0,1,1,1
2,45,3,0.0011530094780027866,1,0,6,3,5,3,0,1,0,1,1,1
2,45,4,0.012247090227901936,1,0,6,3,5,4,0,1,0,1,1,1
2,45,10,0.026074478402733803,1,0,6,3,5,4,0,2,0,1,1,1
2,45,11,0.001962552312761545,1,0,6,3,5,5,0,2,0,1,1,1
2,45,12,0.0046783993020653725,1,0,6,3,5,6,0,2,0,1,1,1
2,45,15,0.008042139001190662,1,0,6,3,5,3,0,3,0,1,1,1
2,45,16,0.7974121570587158,1,0,6,3,5,4,0,3,0,1,1,1
2,45,18,0.0376124382019043,1,0,6,3,5,6,0,3,0,1,1,1
2,45,20,0.00021224153169896454,1,0,6,3,5,2,0,4,0,1,1,1
2,45,24,0.0012774381320923567,1,0,6,3,5,6,0,4,0,1,1,1
2,45,25,0.0005667999503202736,1,0,6,3,5,1,0,5,0,1,1,1
2,45,26,8.106409222818911e-05,1,0,6,3,5,2,0,5,0,1,1,1
2,45,28,0.02324697934091091,1,0,6,3,5,4,0,5,0,1,1,1
2,45,29,0.0033397478982806206,1,0,6,3,5,5,0,5,0,1,1,1
2,45,30,0.0005230087554082274,1,0,6,3,5,6,0,5,0,1,1,1
2,45,32,9.473281534155831e-05,1,0,6,4,5,2,0,2,0,1,1,1
2,45,37,0.0003753883356694132,1,0,6,5,5,2,0,2,0,2,1,2
2,45,39,0.023374855518341064,1,0,6,5,5,4,0,4,0,2,1,2
2,45,40,0.004248325247317553,1,0,6,5,5,5,0,5,0,2,1,2
2,45,43,0.002658411394804716,1,1,6,6,5,3,0,0,0,0,1,1
2,45,44,0.04404791444540024,1,1,6,6,5,4,0,0,0,0,1,1
2,45,46,0.0011813972378149629,1,1,6,6,5,6,0,0,0,0,1,1
2,45,47,0.004926700610667467,1,2,6,7,5,0,0,0,0,0,1,4
3,2,0,0.0005024330457672477,0,0,3,1,2,0,1,0,1,2,1,4
3,2,1,0.0361834317445755,0,0,3,3,2,1,1,1,1,1,1,1
3,2,5,0.005222626496106386,0,0,3,3,2,5,1,1,1,1,1,1
3,2,6,0.02837170474231243,0,0,3,3,2,6,1,1,1,1,1,1
3,2,7,0.024716228246688843,0,0,3,3,2,1,1,2,1,1,1,1
3,2,8,0.01710980385541916,0,0,3,3,2,2,1,2,1,1,1,1
3,2,9,0.02261759713292122,0,0,3,3,2,3,1,2,1,1,1,1
3,2,13,0.003969766665250063,0,0,3,3,2,1,1,3,1,1,1,1
3,2,14,0.008472084067761898,0,0,3,3,2,2,1,3,1,1,1,1
3,2,17,0.004145946353673935,0,0,3,3,2,5,1,3,1,1,1,1
3,2,19,0.004818859044462442,0,0,3,3,2,1,1,4,1,1,1,1
3,2,21,0.01188350934535265,0,0,3,3,2,3,1,4,1,1,1,1
3,2,22,0.7251983880996704,0,0,3,3,2,4,1,4,1,1,1,1
3,2,23,0.003844665130600333,0,0,3,3,2,5,1,4,1,1,1,1
3,2,27,0.01027719583362341,0,0,3,3,2,3,1,5,1,1,1,1
3,2,31,0.025151178240776062,0,0,3,4,2,1,1,1,1,1,1,1
3,2,33,0.0005560797872021794,0,0,3,4,2,3,1,3,1,1,1,1
3,2,34,0.06029512360692024,0,0,3,4,2,4,1,4,1,1,1,1
3,2,35,0.00042532465886324644,0,0,3,4,2,5,1,5,1,1,1,1
3,2,36,0.002103914739564061,0,0,3,5,2,1,1,1,1,2,1,2
3,2,38,0.0004691762733273208,0,0,3,5,2,3,1,3,1,2,1,2
3,2,41,0.0030167640652507544,0,1,3,6,2,1,1,0,1,0,1,1
3,2,42,0.0003518685989547521,0,1,3,6,2,2,1,0,1,0,1,1
3,2,45,0.00029636238468810916,0,1,3,6,2,5,1,0,1,0,1,1
3,3,0,0.0034608570858836174,0,0,3,1,3,0,1,0,1,2,1,4
3,3,1,0.11450580507516861,0,0,3,3,3,1,1,1,1,1,1,1
3,3,5,0.010924282483756542,0,0,3,3,3,5,1,1,1,1,1,1
3,3,6,0.1510222852230072,0,0,3,3,3,6,1,1,1,1,1,1
3,3,7,0.0977458730340004,0,0,3,3,3,1,1,2,1,1,1,1
3,3,8,0.05096304044127464,0,0,3,3,3,2,1,2,1,1,1,1
3,3,9,0.04027383029460907,0,0,3,3,3,3,1,2,1,1,1,1
3,3,13,0.005178513005375862,0,0,3,3,3,1,1,3,1,1,1,1
3,3,14,0.018499385565519333,0,0,3,3,3,2,1,3,1,1,1,1
3,3,17,0.043012991547584534,0,0,3,3,3,5,1,3,1,1,1,1
3,3,19,0.012879583053290844,0,0,3,3,3,1,1,4,1,1,1,1
3,3,21,0.02210247702896595,0,0,3,3,3,3,1,4,1,1,1,1
3,3,22,0.2749120593070984,0,0,3,3,3,4,1,4,1,1,1,1
3,3,23,0.020653467625379562,0,0,3,3,3,5,1,4,1,1,1,1
3,3,27,0.02186291478574276,0,0,3,3,3,3,1,5,1,1,1,1
3,3,31,0.04557572305202484,0,0,3,4,3,1,1,1,1,1,1,1
3,3,33,0.006101998966187239,0,0,3,4,3,3,1,3,1,1,1,1
3,3,34,0.03262687847018242,0,0,3,4,3,4,1,4,1,1,1,1
3,3,35,0.015820231288671494,0,0,3,4,3,5,1,5,1,1,1,1
3,3,36,0.0036249959375709295,0,0,3,5,3,1,1,1,1,2,1,2
3,3,38,0.0019225430442020297,0,0,3,5,3,3,1,3,1,2,1,2
3,3,41,0.0010409827809780836,0,1,3,6,3,1,1,0,1,0,1,1
3,3,42,0.00326649216003716,0,1,3,6,3,2,1,0,1,0,1,1
3,3,45,0.0020228896755725145,0,1,3,6,3,5,1,0,1,0,1,1
3,4,0,0.0017023461405187845,0,0,3,1,4,0,1,0,1,2,1,4
3,4,1,0.005268643610179424,0,0,3,3,4,1,1,1,1,1,1,1
3,4,5,0.0016810956876724958,0,0,3,3,4,5,1,1,1,1,1,1
3,4,6,0.01447310671210289,0,0,3,3,4,6,1,1,1,1,1,1
3,4,7,0.00035043840762227774,0,0,3,3,4,1,1,2,1,1,1,1
3,4,8,0.0014141045976430178,0,0,3,3,4,2,1,2,1,1,1,1
3,4,9,0.0015758535591885448,0,0,3,3,4,3,1,2,1,1,1,1
3,4,13,0.00019654305651783943,0,0,3,3,4,1,1,3,1,1,1,1
3,4,14,0.0005278477328829467,0,0,3,3,4,2,1,3,1,1,1,1
3,4,17,0.00025650992756709456,0,0,3,3,4,5,1,3,1,1,1,1
3,4,19,0.0006820011185482144,0,0,3,3,4,1,1,4,1,1,1,1
3,4,21,0.0032114298082888126,0,0,3,3,4,3,1,4,1,1,1,1
3,4,22,0.9571777582168579,0,0,3,3,4,4,1,4,1,1,1,1
3,4,23,0.0015074546681717038,0,0,3,3,4,5,1,4,1,1,1,1
3,4,27,0.0007373878615908325,0,0,3,3,4,3,1,5,1,1,1,1
3,4,31,0.000856820319313556,0,0,3,4,4,1,1,1,1,1,1,1
3,4,33,3.3804140002757777e-06,0,0,3,4,4,3,1,3,1,1,1,1
3,4,34,0.002856951206922531,0,0,3,4,4,4,1,4,1,1,1,1
3,4,35,4.77130088256672e-05,0,0,3,4,4,5,1,5,1,1,1,1
3,4,36,0.0002918646205216646,0,0,3,5,4,1,1,1,1,2,1,2
3,4,38,1.4927193660696503e-05,0,0,3,5,4,3,1,3,1,2,1,2
3,4,41,0.0017544892616569996,0,1,3,6,4,1,1,0,1,0,1,1
3,4,42,0.00244879350066185,0,1,3,6,4,2,1,0,1,0,1,1
3,4,45,0.0009618753683753312,0,1,3,6,4,5,1,0,1,0,1,1
3,10,0,0.0038865841925144196,0,0,3,1,4,0,2,0,1,2,1,4
3,10,1,0.012279758229851723,0,0,3,3,4,1,2,1,1,1,1,1
3,10,5,0.002335457829758525,0,0,3,3,4,5,2,1,1,1,1,1
3,10,6,0.28314071893692017,0,0,3,3,4,6,2,1,1,1,1,1
3,10,7,0.006411146838217974,0,0,3,3,4,1,2,2,1,1,1,1
3,10,8,0.05783458426594734,0,0,3,3,4,2,2,2,1,1,1,1
3,10,9,0.388010174036026,0,0,3,3,4,3,2,2,1,1,1,1
3,10,13,0.00117211090400815,0,0,3,3,4,1,2,3,1,1,1,1
3,10,14,0.012488208711147308,0,0,3,3,4,2,2,3,1,1,1,1
3,10,17,0.004483238328248262,0,0,3,3,4,5,2,3,1,1,1,1
3,10,19,0.009957365691661835,0,0,3,3,4,1,2,4,1,1,1,1
3,10,21,0.07420559972524643,0,0,3,3,4,3,2,4,1,1,1,1
3,10,22,0.09806156903505325,0,0,3,3,4,4,2,4,1,1,1,1
3,10,23,0.009549577720463276,0,0,3,3,4,5,2,4,1,1,1,1
3,10,27,0.012487218715250492,0,0,3,3,4,3,2,5,1,1,1,1
3,10,31,0.0018891943618655205,0,0,3,4,4,1,2,1,1,1,1,1
3,10,33,0.007708908058702946,0,0,3,4,4,3,2,3,1,1,1,1
3,10,34,0.0012724887346848845,0,0,3,4,4,4,2,4,1,1,1,1
3,10,35,0.0005506437155418098,0,0,3,4,4,5,2,5,1,1,1,1
3,10,36,0.002979045733809471,0,0,3,5,4,1,2,1,1,2,1,2
3,10,38,0.0013299931306391954,0,0,3,5,4,3,2,3,1,2,1,2
3,10,41,0.001077591790817678,0,1,3,6,4,1,2,0,1,0,1,1
3,10,42,0.004723051562905312,0,1,3,6,4,2,2,0,1,0,1,1
3,10,45,0.002165798097848892,0,1,3,6,4,5,2,0,1,0,1,1
3,11,0,0.004109804518520832,0,0,3,1,5,0,2,0,1,2,1,4
3,11,1,0.01375025324523449,0,0,3,3,5,1,2,1,1,1,1,1
3,11,5,0.0019635779317468405,0,0,3,3,5,5,2,1,1,1,1,1
3,11,6,0.3047724962234497,0,0,3,3,5,6,2,1,1,1,1,1
3,11,7,0.01302203070372343,0,0,3,3,5,1,2,2,1,1,1,1
3,11,8,0.04521706700325012,0,0,3,3,5,2,2,2,1,1,1,1
3,11,9,0.32470136880874634,0,0,3,3,5,3,2,2,1,1,1,1
3,11,13,0.0010773645481094718,0,0,3,3,5,1,2,3,1,1,1,1
3,11,14,0.009573382325470448,0,0,3,3,5,2,2,3,1,1,1,1
3,11,17,0.007174641825258732,0,0,3,3,5,5,2,3,1,1,1,1
3,11,19,0.0032181742135435343,0,0,3,3,5,1,2,4,1,1,1,1
3,11,21,0.024076122790575027,0,0,3,3,5,3,2,4,1,1,1,1
3,11,22,0.022273676469922066,0,0,3,3,5,4,2,4,1,1,1,1
3,11,23,0.001957233063876629,0,0,3,3,5,5,2,4,1,1,1,1
3,11,27,0.011912667192518711,0,0,3,3,5,3,2,5,1,1,1,1
3,11,31,0.009200096130371094,0,0,3,4,5,1,2,1,1,1,1,1
3,11,33,0.12600433826446533,0,0,3,4,5,3,2,3,1,1,1,1
3,11,34,0.004910738673061132,0,0,3,4,5,4,2,4,1,1,1,1
3,11,35,0.0005751051940023899,0,0,3,4,5,5,2,5,1,1,1,1
3,11,36,0.012652035802602768,0,0,3,5,5,1,2,1,1,2,1,2
3,11,38,0.05547824874520302,0,0,3,5,5,3,2,3,1,2,1,2
3,11,41,0.00010229033068753779,0,1,3,6,5,1,2,0,1,0,1,1
3,11,42,0.0018026053439825773,0,1,3,6,5,2,2,0,1,0,1,1
3,11,45,0.0004750155785586685,0,1,3,6,5,5,2,0,1,0,1,1
3,12,0,0.00019489026453811675,0,0,3,1,6,0,2,0,1,2,1,4
3,12,1,0.003710102289915085,0,0,3,3,6,1,2,1,1,1,1,1
3,12,5,0.00021521945018321276,0,0,3,3,6,5,2,1,1,1,1,1
3,12,6,0.20188142359256744,0,0,3,3,6,6,2,1,1,1,1,1
3,12,7,0.0038010086864233017,0,0,3,3,6,1,2,2,1,1,1,1
3,12,8,0.05970607325434685,0,0,3,3,6,2,2,2,1,1,1,1
3,12,9,0.6387510895729065,0,0,3,3,6,3,2,2,1,1,1,1
3,12,13,1.9083112420048565e-05,0,0,3,3,6,1,2,3,1,1,1,1
3,12,14,0.002817097818478942,0,0,3,3,6,2,2,3,1,1,1,1
3,12,17,0.00032637733966112137,0,0,3,3,6,5,2,3,1,1,1,1
3,12,19,0.00025383452884852886,0,0,3,3,6,1,2,4,1,1,1,1
3,12,21,0.007920724339783192,0,0,3,3,6,3,2,4,1,1,1,1
3,12,22,0.0012408796465024352,0,0,3,3,6,4,2,4,1,1,1,1
3,12,23,0.00032041294616647065,0,0,3,3,6,5,2,4,1,1,1,1
3,12,27,0.0019524798262864351,0,0,3,3,6,3,2,5,1,1,1,1
3,12,31,0.0027013157960027456,0,0,3,4,6,1,2,1,1,1,1,1
3,12,33,0.066010482609272,0,0,3,4,6,3,2,3,1,1,1,1
3,12,34,0.00040954232099466026,0,0,3,4,6,4,2,4,1,1,1,1
3,12,35,6.953398406039923e-05,0,0,3,4,6,5,2,5,1,1,1,1
3,12,36,0.002492086263373494,0,0,3,5,6,1,2,1,1,2,1,2
3,12,38,0.005103673320263624,0,0,3,5,6,3,2,3,1,2,1,2
3,12,41,1.0807170838234015e-06,0,1,3,6,6,1,2,0,1,0,1,1
3,12,42,9.328450687462464e-05,0,1,3,6,6,2,2,0,1,0,1,1
3,12,45,8.141099897329696e-06,0,1,3,6,6,5,2,0,1,0,1,1
3,15,0,0.004412979818880558,0,0,3,1,3,0,3,0,1,2,1,4
3,15,1,0.041488949209451675,0,0,3,3,3,1,3,1,1,1,1,1
3,15,5,0.006119310390204191,0,0,3,3,3,5,3,1,1,1,1,1
3,15,6,0.3445260524749756,0,0,3,3,3,6,3,1,1,1,1,1
3,15,7,0.05977105721831322,0,0,3,3,3,1,3,2,1,1,1,1
3,15,8,0.22920645773410797,0,0,3,3,3,2,3,2,1,1,1,1
3,15,9,0.09038790315389633,0,0,3,3,3,3,3,2,1,1,1,1
3,15,13,0.0015896765980869532,0,0,3,3,3,1,3,3,1,1,1,1
3,15,14,0.058830104768276215,0,0,3,3,3,2,3,3,1,1,1,1
3,15,17,0.07190491259098053,0,0,3,3,3,5,3,3,1,1,1,1
3,15,19,0.005368352867662907,0,0,3,3,3,1,3,4,1,1,1,1
3,15,21,0.00713402358815074,0,0,3,3,3,3,3,4,1,1,1,1
3,15,22,0.012612449936568737,0,0,3,3,3,4,3,4,1,1,1,1
3,15,23,0.007040730677545071,0,0,3,3,3,5,3,4,1,1,1,1
3,15,27,0.015108623541891575,0,0,3,3,3,3,3,5,1,1,1,1
3,15,31,0.00779355363920331,0,0,3,4,3,1,3,1,1,1,1,1
3,15,33,0.01039524469524622,0,0,3,4,3,3,3,3,1,1,1,1
3,15,34,0.0032379745971411467,0,0,3,4,3,4,3,4,1,1,1,1
3,15,35,0.02160886488854885,0,0,3,4,3,5,3,5,1,1,1,1
3,15,36,0.0005302213248796761,0,0,3,5,3,1,3,1,1,2,1,2
3,15,38,0.0004100038786418736,0,0,3,5,3,3,3,3,1,2,1,2
3,15,41,3.46324268321041e-05,0,1,3,6,3,1,3,0,1,0,1,1
3,15,42,0.0003104573115706444,0,1,3,6,3,2,3,0,1,0,1,1
3,15,45,0.00017731980187818408,0,1,3,6,3,5,3,0,1,0,1,1
3,16,0,0.001959968591108918,0,0,3,1,4,0,3,0,1,2,1,4
3,16,1,0.013272671028971672,0,0,3,3,4,1,3,1,1,1,1,1
3,16,5,0.0023460830561816692,0,0,3,3,4,5,3,1,1,1,1,1
3,16,6,0.09679099917411804,0,0,3,3,4,6,3,1,1,1,1,1
3,16,7,0.003769075497984886,0,0,3,3,4,1,3,2,1,1,1,1
3,16,8,0.018545499071478844,0,0,3,3,4,2,3,2,1,1,1,1
3,16,9,0.03365486487746239,0,0,3,3,4,3,3,2,1,1,1,1
3,16,13,0.0009668437414802611,0,0,3,3,4,1,3,3,1,1,1,1
3,16,14,0.004549069795757532,0,0,3,3,4,2,3,3,1,1,1,1
3,16,17,0.001978910295292735,0,0,3,3,4,5,3,3,1,1,1,1
3,16,19,0.004633978474885225,0,0,3,3,4,1,3,4,1,1,1,1
3,16,21,0.024828458204865456,0,0,3,3,4,3,3,4,1,1,1,1
3,16,22,0.7699322700500488,0,0,3,3,4,4,3,4,1,1,1,1
3,16,23,0.007215902209281921,0,0,3,3,4,5,3,4,1,1,1,1
3,16,27,0.005602362100034952,0,0,3,3,4,3,3,5,1,1,1,1
3,16,31,0.0006158395553939044,0,0,3,4,4,1,3,1,1,1,1,1
3,16,33,6.473472603829578e-05,0,0,3,4,4,3,3,3,1,1,1,1
3,16,34,0.001596996677108109,0,0,3,4,4,4,3,4,1,1,1,1
3,16,35,0.0001909502170747146,0,0,3,4,4,5,3,5,1,1,1,1
3,16,36,0.0004673020448535681,0,0,3,5,4,1,3,1,1,2,1,2
3,16,38,4.325295230955817e-05,0,0,3,5,4,3,3,3,1,2,1,2
3,16,41,0.0031018389854580164,0,1,3,6,4,1,3,0,1,0,1,1
3,16,42,0.0022291867062449455,0,1,3,6,4,2,3,0,1,0,1,1
3,16,45,0.0016428702510893345,0,1,3,6,4,5,3,0,1,0,1,1
3,18,0,0.0005845396663062274,0,0,3,1,6,0,3,0,1,2,1,4
3,18,1,0.0071050687693059444,0,0,3,3,6,1,3,1,1,1,1,1
3,18,5,0.0008359694620594382,0,0,3,3,6,5,3,1,1,1,1,1
3,18,6,0.5496777892112732,0,0,3,3,6,6,3,1,1,1,1,1
3,18,7,0.004933726508170366,0,0,3,3,6,1,3,2,1,1,1,1
3,18,8,0.10954350978136063,0,0,3,3,6,2,3,2,1,1,1,1
3,18,9,0.2901894450187683,0,0,3,3,6,3,3,2,1,1,1,1
3,18,13,6.227666744962335e-05,0,0,3,3,6,1,3,3,1,1,1,1
3,18,14,0.0057590720243752,0,0,3,3,6,2,3,3,1,1,1,1
3,18,17,0.0006710914894938469,0,0,3,3,6,5,3,3,1,1,1,1
3,18,19,0.0007148465956561267,0,0,3,3,6,1,3,4,1,1,1,1
3,18,21,0.008860173635184765,0,0,3,3,6,3,3,4,1,1,1,1
3,18,22,0.010939233936369419,0,0,3,3,6,4,3,4,1,1,1,1
3,18,23,0.0004023308865725994,0,0,3,3,6,5,3,4,1,1,1,1
3,18,27,0.0019171920139342546,0,0,3,3,6,3,3,5,1,1,1,1
3,18,31,0.0015563018387183547,0,0,3,4,6,1,3,1,1,1,1,1
3,18,33,0.00294432882219553,0,0,3,4,6,3,3,3,1,1,1,1
3,18,34,0.0010307860793545842,0,0,3,4,6,4,3,4,1,1,1,1
3,18,35,6.624528032261878e-05,0,0,3,4,6,5,3,5,1,1,1,1
3,18,36,0.0014646374620497227,0,0,3,5,6,1,3,1,1,2,1,2
3,18,38,0.0005491588963195682,0,0,3,5,6,3,3,3,1,2,1,2
3,18,41,1.3372200555750169e-05,0,1,3,6,6,1,3,0,1,0,1,1
3,18,42,0.0001625619042897597,0,1,3,6,6,2,3,0,1,0,1,1
3,18,45,1.6538742784177884e-05,0,1,3,6,6,5,3,0,1,0,1,1
3,20,0,0.00018117432773578912,0,0,3,1,2,0,4,0,1,2,1,4
3,20,1,0.011142360046505928,0,0,3,3,2,1,4,1,1,1,1,1
3,20,5,0.0013570883311331272,0,0,3,3,2,5,4,1,1,1,1,1
3,20,6,0.07747312635183334,0,0,3,3,2,6,4,1,1,1,1,1
3,20,7,0.061697740107774734,0,0,3,3,2,1,4,2,1,1,1,1
3,20,8,0.15185844898223877,0,0,3,3,2,2,4,2,1,1,1,1
3,20,9,0.525574803352356,0,0,3,3,2,3,4,2,1,1,1,1
3,20,13,0.0017350278794765472,0,0,3,3,2,1,4,3,1,1,1,1
3,20,14,0.0279401708394289,0,0,3,3,2,2,4,3,1,1,1,1
3,20,17,0.0013735757675021887,0,0,3,3,2,5,4,3,1,1,1,1
3,20,19,0.005038823001086712,0,0,3,3,2,1,4,4,1,1,1,1
3,20,21,0.04769693687558174,0,0,3,3,2,3,4,4,1,1,1,1
3,20,22,0.05366482213139534,0,0,3,3,2,4,4,4,1,1,1,1
3,20,23,0.0026895746123045683,0,0,3,3,2,5,4,4,1,1,1,1
3,20,27,0.007134490180760622,0,0,3,3,2,3,4,5,1,1,1,1
3,20,31,0.0038264382164925337,0,0,3,4,2,1,4,1,1,1,1,1
3,20,33,0.009003194980323315,0,0,3,4,2,3,4,3,1,1,1,1
3,20,34,0.004983304999768734,0,0,3,4,2,4,4,4,1,1,1,1
3,20,35,0.0001341205497737974,0,0,3,4,2,5,4,5,1,1,1,1
3,20,36,0.0014943291898816824,0,0,3,5,2,1,4,1,1,2,1,2
3,20,38,0.00042180781019851565,0,0,3,5,2,3,4,3,1,2,1,2
3,20,41,0.002921507228165865,0,1,3,6,2,1,4,0,1,0,1,1
3,20,42,0.0004385501961223781,0,1,3,6,2,2,4,0,1,0,1,1
3,20,45,0.0002183403557864949,0,1,3,6,2,5,4,0,1,0,1,1
3,24,0,0.0003787890891544521,0,0,3,1,6,0,4,0,1,2,1,4
3,24,1,0.0073548792861402035,0,0,3,3,6,1,4,1,1,1,1,1
3,24,5,0.0009799788240343332,0,0,3,3,6,5,4,1,1,1,1,1
3,24,6,0.10630438476800919,0,0,3,3,6,6,4,1,1,1,1,1
3,24,7,0.015470670536160469,0,0,3,3,6,1,4,2,1,1,1,1
3,24,8,0.09529466927051544,0,0,3,3,6,2,4,2,1,1,1,1
3,24,9,0.6203511357307434,0,0,3,3,6,3,4,2,1,1,1,1
3,24,13,0.00019300637359265238,0,0,3,3,6,1,4,3,1,1,1,1
3,24,14,0.010961071588099003,0,0,3,3,6,2,4,3,1,1,1,1
3,24,17,0.0008725732332095504,0,0,3,3,6,5,4,3,1,1,1,1
3,24,19,0.001336767221800983,0,0,3,3,6,1,4,4,1,1,1,1
3,24,21,0.017059994861483574,0,0,3,3,6,3,4,4,1,1,1,1
3,24,22,0.0028549167327582836,0,0,3,3,6,4,4,4,1,1,1,1
3,24,23,0.0013901295606046915,0,0,3,3,6,5,4,4,1,1,1,1
3,24,27,0.004311594646424055,0,0,3,3,6,3,4,5,1,1,1,1
3,24,31,0.008971752598881721,0,0,3,4,6,1,4,1,1,1,1,1
3,24,33,0.09759330749511719,0,0,3,4,6,3,4,3,1,1,1,1
3,24,34,0.001638669054955244,0,0,3,4,6,4,4,4,1,1,1,1
3,24,35,0.0005429299781098962,0,0,3,4,6,5,4,5,1,1,1,1
3,24,36,0.0033076319377869368,0,0,3,5,6,1,4,1,1,2,1,2
3,24,38,0.0024098344147205353,0,0,3,5,6,3,4,3,1,2,1,2
3,24,41,5.8930796512868255e-05,0,1,3,6,6,1,4,0,1,0,1,1
3,24,42,0.0002933683281298727,0,1,3,6,6,2,4,0,1,0,1,1
3,24,45,6.886950723128393e-05,0,1,3,6,6,5,4,0,1,0,1,1
3,25,0,0.00031257682712748647,0,0,3,1,1,0,5,0,1,2,1,4
3,25,1,0.022264383733272552,0,0,3,3,1,1,5,1,1,1,1,1
3,25,5,0.0021343911066651344,0,0,3,3,1,5,5,1,1,1,1,1
3,25,6,0.2026718109846115,0,0,3,3,1,6,5,1,1,1,1,1
3,25,7,0.019324706867337227,0,0,3,3,1,1,5,2,1,1,1,1
3,25,8,0.08062560856342316,0,0,3,3,1,2,5,2,1,1,1,1
3,25,9,0.37637171149253845,0,0,3,3,1,3,5,2,1,1,1,1
3,25,13,0.000939641788136214,0,0,3,3,1,1,5,3,1,1,1,1
3,25,14,0.010372220538556576,0,0,3,3,1,2,5,3,1,1,1,1
3,25,17,0.002395319752395153,0,0,3,3,1,5,5,3,1,1,1,1
3,25,19,0.0023719167802482843,0,0,3,3,1,1,5,4,1,1,1,1
3,25,21,0.0817345455288887,0,0,3,3,1,3,5,4,1,1,1,1
3,25,22,0.16687972843647003,0,0,3,3,1,4,5,4,1,1,1,1
3,25,23,0.004484632518142462,0,0,3,3,1,5,5,4,1,1,1,1
3,25,27,0.012276063673198223,0,0,3,3,1,3,5,5,1,1,1,1
3,25,31,0.0026521061081439257,0,0,3,4,1,1,5,1,1,1,1,1
3,25,33,0.002272003563120961,0,0,3,4,1,3,5,3,1,1,1,1
3,25,34,0.002779474016278982,0,0,3,4,1,4,5,4,1,1,1,1
3,25,35,0.000165103716426529,0,0,3,4,1,5,5,5,1,1,1,1
3,25,36,0.0006031196098774672,0,0,3,5,1,1,5,1,1,2,1,2
3,25,38,0.0006519735907204449,0,0,3,5,1,3,5,3,1,2,1,2
3,25,41,0.0021030304487794638,0,1,3,6,1,1,5,0,1,0,1,1
3,25,42,0.0027622259221971035,0,1,3,6,1,2,5,0,1,0,1,1
3,25,45,0.0008515724330209196,0,1,3,6,1,5,5,0,1,0,1,1
3,26,0,0.00016075483290478587,0,0,3,1,2,0,5,0,1,2,1,4
3,26,1,0.013499707914888859,0,0,3,3,2,1,5,1,1,1,1,1
3,26,5,0.001310036750510335,0,0,3,3,2,5,5,1,1,1,1,1
3,26,6,0.14024868607521057,0,0,3,3,2,6,5,1,1,1,1,1
3,26,7,0.008544082753360271,0,0,3,3,2,1,5,2,1,1,1,1
3,26,8,0.050196144729852676,0,0,3,3,2,2,5,2,1,1,1,1
3,26,9,0.22804377973079681,0,0,3,3,2,3,5,2,1,1,1,1
3,26,13,0.0004677629331126809,0,0,3,3,2,1,5,3,1,1,1,1
3,26,14,0.007622570730745792,0,0,3,3,2,2,5,3,1,1,1,1
3,26,17,0.0004506682453211397,0,0,3,3,2,5,5,3,1,1,1,1
3,26,19,0.002177892718464136,0,0,3,3,2,1,5,4,1,1,1,1
3,26,21,0.021528156474232674,0,0,3,3,2,3,5,4,1,1,1,1
3,26,22,0.49659857153892517,0,0,3,3,2,4,5,4,1,1,1,1
3,26,23,0.0006825777236372232,0,0,3,3,2,5,5,4,1,1,1,1
3,26,27,0.004074834752827883,0,0,3,3,2,3,5,5,1,1,1,1
3,26,31,0.006571303587406874,0,0,3,4,2,1,5,1,1,1,1,1
3,26,33,0.0008097703102976084,0,0,3,4,2,3,5,3,1,1,1,1
3,26,34,0.013334373012185097,0,0,3,4,2,4,5,4,1,1,1,1
3,26,35,1.2767825865012128e-05,0,0,3,4,2,5,5,5,1,1,1,1
3,26,36,0.0026815631426870823,0,0,3,5,2,1,5,1,1,2,1,2
3,26,38,0.00027297792257741094,0,0,3,5,2,3,5,3,1,2,1,2
3,26,41,0.0005841116653755307,0,1,3,6,2,1,5,0,1,0,1,1
3,26,42,0.00010113116877619177,0,1,3,6,2,2,5,0,1,0,1,1
3,26,45,2.5645647838246077e-05,0,1,3,6,2,5,5,0,1,0,1,1
3,28,0,0.00012163890642113984,0,0,3,1,4,0,5,0,1,2,1,4
3,28,1,0.007851489819586277,0,0,3,3,4,1,5,1,1,1,1,1
3,28,5,0.0007967354613356292,0,0,3,3,4,5,5,1,1,1,1,1
3,28,6,0.06298588961362839,0,0,3,3,4,6,5,1,1,1,1,1
3,28,7,0.0019401166355237365,0,0,3,3,4,1,5,2,1,1,1,1
3,28,8,0.011192986741662025,0,0,3,3,4,2,5,2,1,1,1,1
3,28,9,0.0865371972322464,0,0,3,3,4,3,5,2,1,1,1,1
3,28,13,0.00031220202799886465,0,0,3,3,4,1,5,3,1,1,1,1
3,28,14,0.0013590034795925021,0,0,3,3,4,2,5,3,1,1,1,1
3,28,17,0.00024061686417553574,0,0,3,3,4,5,5,3,1,1,1,1
3,28,19,0.001613642438314855,0,0,3,3,4,1,5,4,1,1,1,1
3,28,21,0.0470925010740757,0,0,3,3,4,3,5,4,1,1,1,1
3,28,22,0.7631139159202576,0,0,3,3,4,4,5,4,1,1,1,1
3,28,23,0.0015717169735580683,0,0,3,3,4,5,5,4,1,1,1,1
3,28,27,0.002533595310524106,0,0,3,3,4,3,5,5,1,1,1,1
3,28,31,0.0012741826940327883,0,0,3,4,4,1,5,1,1,1,1,1
3,28,33,0.00010357268911320716,0,0,3,4,4,3,5,3,1,1,1,1
3,28,34,0.002721742494031787,0,0,3,4,4,4,5,4,1,1,1,1
3,28,35,8.199484909710009e-06,0,0,3,4,4,5,5,5,1,1,1,1
3,28,36,0.00046280742390081286,0,0,3,5,4,1,5,1,1,2,1,2
3,28,38,8.176064147846773e-05,0,0,3,5,4,3,5,3,1,2,1,2
3,28,41,0.004318675957620144,0,1,3,6,4,1,5,0,1,0,1,1
3,28,42,0.0014234393602237105,0,1,3,6,4,2,5,0,1,0,1,1
3,28,45,0.00034177929046563804,0,1,3,6,4,5,5,0,1,0,1,1
3,29,0,0.0004939983482472599,0,0,3,1,5,0,5,0,1,2,1,4
3,29,1,0.02066800184547901,0,0,3,3,5,1,5,1,1,1,1,1
3,29,5,0.002971755340695381,0,0,3,3,5,5,5,1,1,1,1,1
3,29,6,0.22869423031806946,0,0,3,3,5,6,5,1,1,1,1,1
3,29,7,0.010427862405776978,0,0,3,3,5,1,5,2,1,1,1,1
3,29,8,0.05917702987790108,0,0,3,3,5,2,5,2,1,1,1,1
3,29,9,0.38663429021835327,0,0,3,3,5,3,5,2,1,1,1,1
3,29,13,0.0011978531256318092,0,0,3,3,5,1,5,3,1,1,1,1
3,29,14,0.008134488016366959,0,0,3,3,5,2,5,3,1,1,1,1
3,29,17,0.002374156378209591,0,0,3,3,5,5,5,3,1,1,1,1
3,29,19,0.004433656111359596,0,0,3,3,5,1,5,4,1,1,1,1
3,29,21,0.07668069750070572,0,0,3,3,5,3,5,4,1,1,1,1
3,29,22,0.13038288056850433,0,0,3,3,5,4,5,4,1,1,1,1
3,29,23,0.0015205482486635447,0,0,3,3,5,5,5,4,1,1,1,1
3,29,27,0.010808395221829414,0,0,3,3,5,3,5,5,1,1,1,1
3,29,31,0.012629312463104725,0,0,3,4,5,1,5,1,1,1,1,1
3,29,33,0.009459098801016808,0,0,3,4,5,3,5,3,1,1,1,1
3,29,34,0.016176247969269753,0,0,3,4,5,4,5,4,1,1,1,1
3,29,35,7.718760753050447e-05,0,0,3,4,5,5,5,5,1,1,1,1
3,29,36,0.00647428072988987,0,0,3,5,5,1,5,1,1,2,1,2
3,29,38,0.007059368770569563,0,0,3,5,5,3,5,3,1,2,1,2
3,29,41,0.0018554558046162128,0,1,3,6,5,1,5,0,1,0,1,1
3,29,42,0.001434610690921545,0,1,3,6,5,2,5,0,1,0,1,1
3,29,45,0.00023495465575251728,0,1,3,6,5,5,5,0,1,0,1,1
3,30,0,0.0006781126139685512,0,0,3,1,6,0,5,0,1,2,1,4
3,30,1,0.024045459926128387,0,0,3,3,6,1,5,1,1,1,1,1
3,30,5,0.0031868433579802513,0,0,3,3,6,5,5,1,1,1,1,1
3,30,6,0.39418482780456543,0,0,3,3,6,6,5,1,1,1,1,1
3,30,7,0.017859134823083878,0,0,3,3,6,1,5,2,1,1,1,1
3,30,8,0.17911680042743683,0,0,3,3,6,2,5,2,1,1,1,1
3,30,9,0.2348928302526474,0,0,3,3,6,3,5,2,1,1,1,1
3,30,13,0.0002225802600150928,0,0,3,3,6,1,5,3,1,1,1,1
3,30,14,0.007224414497613907,0,0,3,3,6,2,5,3,1,1,1,1
3,30,17,0.0008784548845142126,0,0,3,3,6,5,5,3,1,1,1,1
3,30,19,0.0016538741765543818,0,0,3,3,6,1,5,4,1,1,1,1
3,30,21,0.009203227236866951,0,0,3,3,6,3,5,4,1,1,1,1
3,30,22,0.09861334413290024,0,0,3,3,6,4,5,4,1,1,1,1
3,30,23,0.002381908241659403,0,0,3,3,6,5,5,4,1,1,1,1
3,30,27,0.002317765960469842,0,0,3,3,6,3,5,5,1,1,1,1
3,30,31,0.00805077888071537,0,0,3,4,6,1,5,1,1,1,1,1
3,30,33,0.0009879175340756774,0,0,3,4,6,3,5,3,1,1,1,1
3,30,34,0.012611658312380314,0,0,3,4,6,4,5,4,1,1,1,1
3,30,35,9.696563211036846e-05,0,0,3,4,6,5,5,5,1,1,1,1
3,30,36,0.0010409755632281303,0,0,3,5,6,1,5,1,1,2,1,2
3,30,38,0.00026774537400342524,0,0,3,5,6,3,5,3,1,2,1,2
3,30,41,3.08065464196261e-05,0,1,3,6,6,1,5,0,1,0,1,1
3,30,42,0.000415371498093009,0,1,3,6,6,2,5,0,1,0,1,1
3,30,45,3.7945319490972906e-05,0,1,3,6,6,5,5,0,1,0,1,1
3,32,0,0.0056781284511089325,0,0,4,1,2,0,2,0,1,2,1,4
3,32,1,0.06193763390183449,0,0,4,3,2,1,2,1,1,1,1,1
3,32,5,0.005907231010496616,0,0,4,3,2,5,2,1,1,1,1,1
3,32,6,0.28213733434677124,0,0,4,3,2,6,2,1,1,1,1,1
3,32,7,0.10015010833740234,0,0,4,3,2,1,2,2,1,1,1,1
3,32,8,0.18183404207229614,0,0,4,3,2,2,2,2,1,1,1,1
3,32,9,0.12036922574043274,0,0,4,3,2,3,2,2,1,1,1,1
3,32,13,0.0033664198126643896,0,0,4,3,2,1,2,3,1,1,1,1
3,32,14,0.04910953342914581,0,0,4,3,2,2,2,3,1,1,1,1
3,32,17,0.019992921501398087,0,0,4,3,2,5,2,3,1,1,1,1
3,32,19,0.00944497436285019,0,0,4,3,2,1,2,4,1,1,1,1
3,32,21,0.007011943031102419,0,0,4,3,2,3,2,4,1,1,1,1
3,32,22,0.03282276168465614,0,0,4,3,2,4,2,4,1,1,1,1
3,32,23,0.013742929324507713,0,0,4,3,2,5,2,4,1,1,1,1
3,32,27,0.017976650968194008,0,0,4,3,2,3,2,5,1,1,1,1
3,32,31,0.02571350522339344,0,0,4,4,2,1,2,1,1,1,1,1
3,32,33,0.03152484819293022,0,0,4,4,2,3,2,3,1,1,1,1
3,32,34,0.005800559651106596,0,0,4,4,2,4,2,4,1,1,1,1
3,32,35,0.014199389144778252,0,0,4,4,2,5,2,5,1,1,1,1
3,32,36,0.009034552611410618,0,0,4,5,2,1,2,1,1,2,1,2
3,32,38,0.0016056130407378078,0,0,4,5,2,3,2,3,1,2,1,2
3,32,41,8.645324851386249e-05,0,1,4,6,2,1,2,0,1,0,1,1
3,32,42,0.0003347424790263176,0,1,4,6,2,2,2,0,1,0,1,1
3,32,45,0.00021860231936443597,0,1,4,6,2,5,2,0,1,0,1,1
3,37,0,0.00047332540270872414,0,0,5,1,2,0,2,0,2,2,2,4
3,37,1,0.00025858753360807896,0,0,5,3,2,1,2,1,2,1,2,1
3,37,5,8.028589945752174e-05,0,0,5,3,2,5,2,1,2,1,2,1
3,37,6,0.0033689821138978004,0,0,5,3,2,6,2,1,2,1,2,1
3,37,7,0.0011525667505338788,0,0,5,3,2,1,2,2,2,1,2,1
3,37,8,0.0022906335070729256,0,0,5,3,2,2,2,2,2,1,2,1
3,37,9,0.037878185510635376,0,0,5,3,2,3,2,2,2,1,2,1
3,37,13,0.00013563985703513026,0,0,5,3,2,1,2,3,2,1,2,1
3,37,14,0.0012227409752085805,0,0,5,3,2,2,2,3,2,1,2,1
3,37,17,0.00040659093065187335,0,0,5,3,2,5,2,3,2,1,2,1
3,37,19,0.00017326678789686412,0,0,5,3,2,1,2,4,2,1,2,1
3,37,21,0.0010800602613016963,0,0,5,3,2,3,2,4,2,1,2,1
3,37,22,3.770067633013241e-05,0,0,5,3,2,4,2,4,2,1,2,1
3,37,23,9.253893949789926e-05,0,0,5,3,2,5,2,4,2,1,2,1
3,37,27,0.0012868550838902593,0,0,5,3,2,3,2,5,2,1,2,1
3,37,31,0.0007629832834936678,0,0,5,4,2,1,2,1,2,1,2,1
3,37,33,0.829349160194397,0,0,5,4,2,3,2,3,2,1,2,1
3,37,34,0.000155574205564335,0,0,5,4,2,4,2,4,2,1,2,1
3,37,35,0.00015421517309732735,0,0,5,4,2,5,2,5,2,1,2,1
3,37,36,0.006093216594308615,0,0,5,5,2,1,2,1,2,2,2,2
3,37,38,0.11342273652553558,0,0,5,5,2,3,2,3,2,2,2,2
3,37,41,5.8672208069765475e-06,0,1,5,6,2,1,2,0,2,0,2,1
3,37,42,7.231786730699241e-05,0,1,5,6,2,2,2,0,2,0,2,1
3,37,45,4.596178769133985e-05,0,1,5,6,2,5,2,0,2,0,2,1
3,39,0,9.4212380645331e-05,0,0,5,1,4,0,4,0,2,2,2,4
3,39,1,0.0021629927214235067,0,0,5,3,4,1,4,1,2,1,2,1
3,39,5,0.00031346583273261786,0,0,5,3,4,5,4,1,2,1,2,1
3,39,6,0.0024262545630335808,0,0,5,3,4,6,4,1,2,1,2,1
3,39,7,0.004781398456543684,0,0,5,3,4,1,4,2,2,1,2,1
3,39,8,0.0032342872582376003,0,0,5,3,4,2,4,2,2,1,2,1
3,39,9,0.12765328586101532,0,0,5,3,4,3,4,2,2,1,2,1
3,39,13,0.0010070449206978083,0,0,5,3,4,1,4,3,2,1,2,1
3,39,14,0.0032246492337435484,0,0,5,3,4,2,4,3,2,1,2,1
3,39,17,0.0007952726446092129,0,0,5,3,4,5,4,3,2,1,2,1
3,39,19,0.0014760869089514017,0,0,5,3,4,1,4,4,2,1,2,1
3,39,21,0.03182939812541008,0,0,5,3,4,3,4,4,2,1,2,1
3,39,22,0.001118363463319838,0,0,5,3,4,4,4,4,2,1,2,1
3,39,23,0.0015223282389342785,0,0,5,3,4,5,4,4,2,1,2,1
3,39,27,0.007257971912622452,0,0,5,3,4,3,4,5,2,1,2,1
3,39,31,0.01500234380364418,0,0,5,4,4,1,4,1,2,1,2,1
3,39,33,0.7725658416748047,0,0,5,4,4,3,4,3,2,1,2,1
3,39,34,0.0007408271194435656,0,0,5,4,4,4,4,4,2,1,2,1
3,39,35,0.0010402785846963525,0,0,5,4,4,5,4,5,2,1,2,1
3,39,36,0.004012971185147762,0,0,5,5,4,1,4,1,2,2,2,2
3,39,38,0.010801992379128933,0,0,5,5,4,3,4,3,2,2,2,2
3,39,41,0.0051339431665837765,0,1,5,6,4,1,4,0,2,0,2,1
3,39,42,0.0008148414781317115,0,1,5,6,4,2,4,0,2,0,2,1
3,39,45,0.0009908091742545366,0,1,5,6,4,5,4,0,2,0,2,1
3,40,0,0.0006148244137875736,0,0,5,1,5,0,5,0,2,2,2,4
3,40,1,0.00034380171564407647,0,0,5,3,5,1,5,1,2,1,2,1
3,40,5,9.350454638479277e-05,0,0,5,3,5,5,5,1,2,1,2,1
3,40,6,0.008691110648214817,0,0,5,3,5,6,5,1,2,1,2,1
3,40,7,0.0008102463907562196,0,0,5,3,5,1,5,2,2,1,2,1
3,40,8,0.0017521389527246356,0,0,5,3,5,2,5,2,2,1,2,1
3,40,9,0.035396892577409744,0,0,5,3,5,3,5,2,2,1,2,1
3,40,13,0.00015422106662299484,0,0,5,3,5,1,5,3,2,1,2,1
3,40,14,0.00027423357823863626,0,0,5,3,5,2,5,3,2,1,2,1
3,40,17,0.00018637253378983587,0,0,5,3,5,5,5,3,2,1,2,1
3,40,19,0.00018600511248223484,0,0,5,3,5,1,5,4,2,1,2,1
3,40,21,0.001291054766625166,0,0,5,3,5,3,5,4,2,1,2,1
3,40,22,0.0001859331678133458,0,0,5,3,5,4,5,4,2,1,2,1
3,40,23,3.314805871923454e-05,0,0,5,3,5,5,5,4,2,1,2,1
3,40,27,0.0005511750932782888,0,0,5,3,5,3,5,5,2,1,2,1
3,40,31,0.001635981840081513,0,0,5,4,5,1,5,1,2,1,2,1
3,40,33,0.4127230942249298,0,0,5,4,5,3,5,3,2,1,2,1
3,40,34,0.0013198989909142256,0,0,5,4,5,4,5,4,2,1,2,1
3,40,35,8.411579983658157e-06,0,0,5,4,5,5,5,5,2,1,2,1
3,40,36,0.016372624784708023,0,0,5,5,5,1,5,1,2,2,2,2
3,40,38,0.5172114968299866,0,0,5,5,5,3,5,3,2,2,2,2
3,40,41,1.0283366464136634e-05,0,1,5,6,5,1,5,0,2,0,2,1
3,40,42,0.00013239319378044456,0,1,5,6,5,2,5,0,2,0,2,1
3,40,45,2.132122426701244e-05,0,1,5,6,5,5,5,0,2,0,2,1
3,43,0,0.00014065434515941888,1,0,6,1,3,0,0,0,0,2,1,4
3,43,1,0.006263404153287411,1,0,6,3,3,1,0,1,0,1,1,1
3,43,5,0.002992228837683797,1,0,6,3,3,5,0,1,0,1,1,1
3,43,6,9.635680180508643e-05,1,0,6,3,3,6,0,1,0,1,1,1
3,43,7,0.02314274199306965,1,0,6,3,3,1,0,2,0,1,1,1
3,43,8,0.00264086970128119,1,0,6,3,3,2,0,2,0,1,1,1
3,43,9,0.00016633317864034325,1,0,6,3,3,3,0,2,0,1,1,1
3,43,13,0.002500498667359352,1,0,6,3,3,1,0,3,0,1,1,1
3,43,14,0.0020740493200719357,1,0,6,3,3,2,0,3,0,1,1,1
3,43,17,0.012941271997988224,1,0,6,3,3,5,0,3,0,1,1,1
3,43,19,0.0014414865290746093,1,0,6,3,3,1,0,4,0,1,1,1
3,43,21,0.0009747665608301759,1,0,6,3,3,3,0,4,0,1,1,1
3,43,22,6.759662210242823e-05,1,0,6,3,3,4,0,4,0,1,1,1
3,43,23,0.028595244511961937,1,0,6,3,3,5,0,4,0,1,1,1
3,43,27,0.0023549192119389772,1,0,6,3,3,3,0,5,0,1,1,1
3,43,31,0.002707048086449504,1,0,6,4,3,1,0,1,0,1,1,1
3,43,33,0.0005784308887086809,1,0,6,4,3,3,0,3,0,1,1,1
3,43,34,0.000447759754024446,1,0,6,4,3,4,0,4,0,1,1,1
3,43,35,0.8987423777580261,1,0,6,4,3,5,0,5,0,1,1,1
3,43,36,1.2516336028056685e-05,1,0,6,5,3,1,0,1,0,2,1,2
3,43,38,9.487212082603946e-06,1,0,6,5,3,3,0,3,0,2,1,2
3,43,41,0.005458230618387461,1,1,6,6,3,1,0,0,0,0,1,1
3,43,42,0.0012606850359588861,1,1,6,6,3,2,0,0,0,0,1,1
3,43,45,0.004390757996588945,1,1,6,6,3,5,0,0,0,0,1,1
3,44,0,0.00019692117348313332,1,0,6,1,4,0,0,0,0,2,1,4
3,44,1,0.000472272775368765,1,0,6,3,4,1,0,1,0,1,1,1
3,44,5,0.0013832459226250648,1,0,6,3,4,5,0,1,0,1,1,1
3,44,6,5.861367753823288e-05,1,0,6,3,4,6,0,1,0,1,1,1
3,44,7,0.00026699338923208416,1,0,6,3,4,1,0,2,0,1,1,1
3,44,8,0.00014034351625014096,1,0,6,3,4,2,0,2,0,1,1,1
3,44,9,0.00011883227853104472,1,0,6,3,4,3,0,2,0,1,1,1
3,44,13,0.0014972452772781253,1,0,6,3,4,1,0,3,0,1,1,1
3,44,14,0.00041582013363949955,1,0,6,3,4,2,0,3,0,1,1,1
3,44,17,0.0007615495705977082,1,0,6,3,4,5,0,3,0,1,1,1
3,44,19,0.001061502262018621,1,0,6,3,4,1,0,4,0,1,1,1
3,44,21,0.00473371846601367,1,0,6,3,4,3,0,4,0,1,1,1
3,44,22,0.00130155507940799,1,0,6,3,4,4,0,4,0,1,1,1
3,44,23,0.005427632015198469,1,0,6,3,4,5,0,4,0,1,1,1
3,44,27,0.000565053487662226,1,0,6,3,4,3,0,5,0,1,1,1
3,44,31,0.00014671140525024384,1,0,6,4,4,1,0,1,0,1,1,1
3,44,33,3.339930481160991e-05,1,0,6,4,4,3,0,3,0,1,1,1
3,44,34,0.0001285795879084617,1,0,6,4,4,4,0,4,0,1,1,1
3,44,35,0.0046236696653068066,1,0,6,4,4,5,0,5,0,1,1,1
3,44,36,1.3075214155833237e-05,1,0,6,5,4,1,0,1,0,2,1,2
3,44,38,9.683091775514185e-06,1,0,6,5,4,3,0,3,0,2,1,2
3,44,41,0.7148376703262329,1,1,6,6,4,1,0,0,0,0,1,1
3,44,42,0.0855562761425972,1,1,6,6,4,2,0,0,0,0,1,1
3,44,45,0.176250159740448,1,1,6,6,4,5,0,0,0,0,1,1
3,46,0,0.0036745271645486355,1,0,6,1,6,0,0,0,0,2,1,4
3,46,1,0.07155738025903702,1,0,6,3,6,1,0,1,0,1,1,1
3,46,5,0.036048099398612976,1,0,6,3,6,5,0,1,0,1,1,1
3,46,6,0.04645548760890961,1,0,6,3,6,6,0,1,0,1,1,1
3,46,7,0.1176476776599884,1,0,6,3,6,1,0,2,0,1,1,1
3,46,8,0.18826749920845032,1,0,6,3,6,2,0,2,0,1,1,1
3,46,9,0.13028985261917114,1,0,6,3,6,3,0,2,0,1,1,1
3,46,13,0.005848855245858431,1,0,6,3,6,1,0,3,0,1,1,1
3,46,14,0.028756795451045036,1,0,6,3,6,2,0,3,0,1,1,1
3,46,17,0.006528462748974562,1,0,6,3,6,5,0,3,0,1,1,1
3,46,19,0.013723946176469326,1,0,6,3,6,1,0,4,0,1,1,1
3,46,21,0.052424248307943344,1,0,6,3,6,3,0,4,0,1,1,1
3,46,22,0.013279729522764683,1,0,6,3,6,4,0,4,0,1,1,1
3,46,23,0.07719475775957108,1,0,6,3,6,5,0,4,0,1,1,1
3,46,27,0.022412335500121117,1,0,6,3,6,3,0,5,0,1,1,1
3,46,31,0.035968076437711716,1,0,6,4,6,1,0,1,0,1,1,1
3,46,33,0.015617594122886658,1,0,6,4,6,3,0,3,0,1,1,1
3,46,34,0.014322529546916485,1,0,6,4,6,4,0,4,0,1,1,1
3,46,35,0.06872120499610901,1,0,6,4,6,5,0,5,0,1,1,1
3,46,36,0.004230061545968056,1,0,6,5,6,1,0,1,0,2,1,2
3,46,38,0.0009629247360862792,1,0,6,5,6,3,0,3,0,2,1,2
3,46,41,0.022987203672528267,1,1,6,6,6,1,0,0,0,0,1,1
3,46,42,0.013884746469557285,1,1,6,6,6,2,0,0,0,0,1,1
3,46,45,0.009195842780172825,1,1,6,6,6,5,0,0,0,0,1,1
3,47,0,0.009768526069819927,2,0,7,1,0,0,0,0,0,2,4,4
3,47,1,0.013179763220250607,2,0,7,3,0,1,0,1,0,1,4,1
3,47,5,0.07246750593185425,2,0,7,3,0,5,0,1,0,1,4,1
3,47,6,0.025515248998999596,2,0,7,3,0,6,0,1,0,1,4,1
3,47,7,0.006796981208026409,2,0,7,3,0,1,0,2,0,1,4,1
3,47,8,0.031076297163963318,2,0,7,3,0,2,0,2,0,1,4,1
3,47,9,0.029876932501792908,2,0,7,3,0,3,0,2,0,1,4,1
3,47,13,0.03270099312067032,2,0,7,3,0,1,0,3,0,1,4,1
3,47,14,0.11146910488605499,2,0,7,3,0,2,0,3,0,1,4,1
3,47,17,0.30543088912963867,2,0,7,3,0,5,0,3,0,1,4,1
3,47,19,0.027785873040556908,2,0,7,3,0,1,0,4,0,1,4,1
3,47,21,0.022957447916269302,2,0,7,3,0,3,0,4,0,1,4,1
3,47,22,0.004629780538380146,2,0,7,3,0,4,0,4,0,1,4,1
3,47,23,0.01513723749667406,2,0,7,3,0,5,0,4,0,1,4,1
3,47,27,0.06782501190900803,2,0,7,3,0,3,0,5,0,1,4,1
3,47,31,0.011481926776468754,2,0,7,4,0,1,0,1,0,1,4,1
3,47,33,0.011786363087594509,2,0,7,4,0,3,0,3,0,1,4,1
3,47,34,0.011831896379590034,2,0,7,4,0,4,0,4,0,1,4,1
3,47,35,0.14886826276779175,2,0,7,4,0,5,0,5,0,1,4,1
3,47,36,0.0007940949290059507,2,0,7,5,0,1,0,1,0,2,4,2
3,47,38,0.004765606485307217,2,0,7,5,0,3,0,3,0,2,4,2
3,47,41,0.011475770734250546,2,1,7,6,0,1,0,0,0,0,4,1
3,47,42,0.006779874209314585,2,1,7,6,0,2,0,0,0,0,4,1
3,47,45,0.015598822385072708,2,1,7,6,0,5,0,0,0,0,4,1
4,0,1,0.045885514467954636,0,0,1,3,0,1,0,1,2,1,4,1
4,0,4,0.03263114392757416,0,0,1,3,0,4,0,1,2,1,4,1
4,0,5,0.08863410353660583,0,0,1,3,0,5,0,1,2,1,4,1
4,0,6,0.03609181568026543,0,0,1,3,0,6,0,1,2,1,4,1
4,0,9,0.037650782614946365,0,0,1,3,0,3,0,2,2,1,4,1
4,0,10,0.14396481215953827,0,0,1,3,0,4,0,2,2,1,4,1
4,0,12,0.04896915331482887,0,0,1,3,0,6,0,2,2,1,4,1
4,0,15,0.03056751750409603,0,0,1,3,0,3,0,3,2,1,4,1
4,0,18,0.0033519372809678316,0,0,1,3,0,6,0,3,2,1,4,1
4,0,21,0.2590520679950714,0,0,1,3,0,3,0,4,2,1,4,1
4,0,23,0.15024720132350922,0,0,1,3,0,5,0,4,2,1,4,1
4,0,24,0.018144046887755394,0,0,1,3,0,6,0,4,2,1,4,1
4,0,25,0.0026181323919445276,0,0,1,3,0,1,0,5,2,1,4,1
4,0,28,0.019605763256549835,0,0,1,3,0,4,0,5,2,1,4,1
4,0,30,0.00973506085574627,0,0,1,3,0,6,0,5,2,1,4,1
4,0,31,0.0017060156678780913,0,0,1,4,0,1,0,1,2,1,4,1
4,0,34,0.0046851723454892635,0,0,1,4,0,4,0,4,2,1,4,1
4,0,35,0.004438479896634817,0,0,1,4,0,5,0,5,2,1,4,1
4,0,36,0.010685302317142487,0,0,1,5,0,1,0,1,2,2,4,2
4,0,40,0.03463488817214966,0,0,1,5,0,5,0,5,2,2,4,2
4,0,42,0.008023477159440517,0,1,1,6,0,2,0,0,2,0,4,1
4,0,43,0.002019615611061454,0,1,1,6,0,3,0,0,2,0,4,1
4,0,46,0.0004912908188998699,0,1,1,6,0,6,0,0,2,0,4,1
4,0,47,0.006166912615299225,0,2,1,7,0,0,0,0,2,0,4,4
4,2,1,0.01074240729212761,0,0,3,3,2,1,1,1,1,1,1,1
4,2,4,0.011220715939998627,0,0,3,3,2,4,1,1,1,1,1,1
4,2,5,0.00047974850167520344,0,0,3,3,2,5,1,1,1,1,1,1
4,2,6,0.0027082469314336777,0,0,3,3,2,6,1,1,1,1,1,1
4,2,9,0.016288766637444496,0,0,3,3,2,3,1,2,1,1,1,1
4,2,10,0.013514185324311256,0,0,3,3,2,4,1,2,1,1,1,1
4,2,12,0.006682264618575573,0,0,3,3,2,6,1,2,1,1,1,1
4,2,15,0.11463193595409393,0,0,3,3,2,3,1,3,1,1,1,1
4,2,18,0.004989946726709604,0,0,3,3,2,6,1,3,1,1,1,1
4,2,21,0.03489209711551666,0,0,3,3,2,3,1,4,1,1,1,1
4,2,23,0.0029044519178569317,0,0,3,3,2,5,1,4,1,1,1,1
4,2,24,0.003319531911984086,0,0,3,3,2,6,1,4,1,1,1,1
4,2,25,0.007493339013308287,0,0,3,3,2,1,1,5,1,1,1,1
4,2,28,0.004832977429032326,0,0,3,3,2,4,1,5,1,1,1,1
4,2,30,0.0014007091522216797,0,0,3,3,2,6,1,5,1,1,1,1
4,2,31,0.003262421814724803,0,0,3,4,2,1,1,1,1,1,1,1
4,2,34,0.028575478121638298,0,0,3,4,2,4,1,4,1,1,1,1
4,2,35,0.0005767440889030695,0,0,3,4,2,5,1,5,1,1,1,1
4,2,36,0.6493235230445862,0,0,3,5,2,1,1,1,1,2,1,2
4,2,40,0.0765475183725357,0,0,3,5,2,5,1,5,1,2,1,2
4,2,42,0.00033727110712789,0,1,3,6,2,2,1,0,1,0,1,1
4,2,43,0.0041258190758526325,0,1,3,6,2,3,1,0,1,0,1,1
4,2,46,0.00024066395417321473,0,1,3,6,2,6,1,0,1,0,1,1
4,2,47,0.000909097318071872,0,2,3,7,2,0,1,0,1,0,1,4
4,3,1,0.00015112209075596184,0,0,3,3,3,1,1,1,1,1,1,1
4,3,4,0.0007733763195574284,0,0,3,3,3,4,1,1,1,1,1,1
4,3,5,5.328276893123984e-05,0,0,3,3,3,5,1,1,1,1,1,1
4,3,6,0.0004890926647931337,0,0,3,3,3,6,1,1,1,1,1,1
4,3,9,0.00021154632850084454,0,0,3,3,3,3,1,2,1,1,1,1
4,3,10,0.0005854650516994298,0,0,3,3,3,4,1,2,1,1,1,1
4,3,12,4.618647653842345e-05,0,0,3,3,3,6,1,2,1,1,1,1
4,3,15,0.0012581361224874854,0,0,3,3,3,3,1,3,1,1,1,1
4,3,18,4.773724140250124e-05,0,0,3,3,3,6,1,3,1,1,1,1
4,3,21,0.00015298250946216285,0,0,3,3,3,3,1,4,1,1,1,1
4,3,23,2.3150556444306858e-05,0,0,3,3,3,5,1,4,1,1,1,1
4,3,24,9.220997162628919e-05,0,0,3,3,3,6,1,4,1,1,1,1
4,3,25,3.715310958796181e-05,0,0,3,3,3,1,1,5,1,1,1,1
4,3,28,0.00026875222101807594,0,0,3,3,3,4,1,5,1,1,1,1
4,3,30,8.599830835009925e-06,0,0,3,3,3,6,1,5,1,1,1,1
4,3,31,0.0005325337406247854,0,0,3,4,3,1,1,1,1,1,1,1
4,3,34,0.0030109593644738197,0,0,3,4,3,4,1,4,1,1,1,1
4,3,35,6.062438478693366e-05,0,0,3,4,3,5,1,5,1,1,1,1
4,3,36,0.9792516231536865,0,0,3,5,3,1,1,1,1,2,1,2
4,3,40,0.012548627331852913,0,0,3,5,3,5,1,5,1,2,1,2
4,3,42,4.938594429404475e-05,0,1,3,6,3,2,1,0,1,0,1,1
4,3,43,4.731161243398674e-05,0,1,3,6,3,3,1,0,1,0,1,1
4,3,46,2.481463525327854e-05,0,1,3,6,3,6,1,0,1,0,1,1
4,3,47,0.0002748723200056702,0,2,3,7,3,0,1,0,1,0,1,4
4,7,1,0.024523738771677017,0,0,3,3,1,1,2,1,1,1,1,1
4,7,4,0.08539640158414841,0,0,3,3,1,4,2,1,1,1,1,1
4,7,5,0.05709626525640488,0,0,3,3,1,5,2,1,1,1,1,1
4,7,6,0.05999034643173218,0,0,3,3,1,6,2,1,1,1,1,1
4,7,9,0.0057070194743573666,0,0,3,3,1,3,2,2,1,1,1,1
4,7,10,0.028632698580622673,0,0,3,3,1,4,2,2,1,1,1,1
4,7,12,0.0031244719866663218,0,0,3,3,1,6,2,2,1,1,1,1
4,7,15,0.010263354517519474,0,0,3,3,1,3,2,3,1,1,1,1
4,7,18,0.006119373720139265,0,0,3,3,1,6,2,3,1,1,1,1
4,7,21,0.0032305968925356865,0,0,3,3,1,3,2,4,1,1,1,1
4,7,23,0.004357015714049339,0,0,3,3,1,5,2,4,1,1,1,1
4,7,24,0.0193780604749918,0,0,3,3,1,6,2,4,1,1,1,1
4,7,25,0.011645917780697346,0,0,3,3,1,1,2,5,1,1,1,1
4,7,28,0.07539503276348114,0,0,3,3,1,4,2,5,1,1,1,1
4,7,30,0.006617552135139704,0,0,3,3,1,6,2,5,1,1,1,1
4,7,31,0.1727389246225357,0,0,3,4,1,1,2,1,1,1,1,1
4,7,34,0.06526283174753189,0,0,3,4,1,4,2,4,1,1,1,1
4,7,35,0.11607223749160767,0,0,3,4,1,5,2,5,1,1,1,1
4,7,36,0.1714642196893692,0,0,3,5,1,1,2,1,1,2,1,2
4,7,40,0.017235372215509415,0,0,3,5,1,5,2,5,1,2,1,2
4,7,42,0.016579801216721535,0,1,3,6,1,2,2,0,1,0,1,1
4,7,43,0.005002620629966259,0,1,3,6,1,3,2,0,1,0,1,1
4,7,46,0.022014223039150238,0,1,3,6,1,6,2,0,1,0,1,1
4,7,47,0.012151778675615788,0,2,3,7,1,0,2,0,1,0,1,4
4,8,1,0.03687290474772453,0,0,3,3,2,1,2,1,1,1,1,1
4,8,4,0.020178453996777534,0,0,3,3,2,4,2,1,1,1,1,1
4,8,5,0.0041897972114384174,0,0,3,3,2,5,2,1,1,1,1,1
4,8,6,0.018911564722657204,0,0,3,3,2,6,2,1,1,1,1,1
4,8,9,0.03839892894029617,0,0,3,3,2,3,2,2,1,1,1,1
4,8,10,0.025817763060331345,0,0,3,3,2,4,2,2,1,1,1,1
4,8,12,0.025607388466596603,0,0,3,3,2,6,2,2,1,1,1,1
4,8,15,0.13998351991176605,0,0,3,3,2,3,2,3,1,1,1,1
4,8,18,0.005480077117681503,0,0,3,3,2,6,2,3,1,1,1,1
4,8,21,0.058233872056007385,0,0,3,3,2,3,2,4,1,1,1,1
4,8,23,0.012675217352807522,0,0,3,3,2,5,2,4,1,1,1,1
4,8,24,0.01189025491476059,0,0,3,3,2,6,2,4,1,1,1,1
4,8,25,0.004030429292470217,0,0,3,3,2,1,2,5,1,1,1,1
4,8,28,0.004435229580849409,0,0,3,3,2,4,2,5,1,1,1,1
4,8,30,0.0017797896871343255,0,0,3,3,2,6,2,5,1,1,1,1
4,8,31,0.01790129952132702,0,0,3,4,2,1,2,1,1,1,1,1
4,8,34,0.05393886938691139,0,0,3,4,2,4,2,4,1,1,1,1
4,8,35,0.0018390081822872162,0,0,3,4,2,5,2,5,1,1,1,1
4,8,36,0.3616690933704376,0,0,3,5,2,1,2,1,1,2,1,2
4,8,40,0.13060742616653442,0,0,3,5,2,5,2,5,1,2,1,2
4,8,42,0.003062204224988818,0,1,3,6,2,2,2,0,1,0,1,1
4,8,43,0.010546731762588024,0,1,3,6,2,3,2,0,1,0,1,1
4,8,46,0.0008799895294941962,0,1,3,6,2,6,2,0,1,0,1,1
4,8,47,0.011070139706134796,0,2,3,7,2,0,2,0,1,0,1,4
4,11,1,0.005854178685694933,0,0,3,3,5,1,2,1,1,1,1,1
4,11,4,0.011069263331592083,0,0,3,3,5,4,2,1,1,1,1,1
4,11,5,0.0012491781963035464,0,0,3,3,5,5,2,1,1,1,1,1
4,11,6,0.0028078085742890835,0,0,3,3,5,6,2,1,1,1,1,1
4,11,9,0.0010721712606027722,0,0,3,3,5,3,2,2,1,1,1,1
4,11,10,0.002617169637233019,0,0,3,3,5,4,2,2,1,1,1,1
4,11,12,0.00016302660515066236,0,0,3,3,5,6,2,2,1,1,1,1
4,11,15,0.010109664872288704,0,0,3,3,5,3,2,3,1,1,1,1
4,11,18,0.0006359433173201978,0,0,3,3,5,6,2,3,1,1,1,1
4,11,21,0.0016554013127461076,0,0,3,3,5,3,2,4,1,1,1,1
4,11,23,0.0008287692326121032,0,0,3,3,5,5,2,4,1,1,1,1
4,11,24,0.001687516923993826,0,0,3,3,5,6,2,4,1,1,1,1
4,11,25,0.00024188349198084325,0,0,3,3,5,1,2,5,1,1,1,1
4,11,28,0.004668078850954771,0,0,3,3,5,4,2,5,1,1,1,1
4,11,30,7.940703653730452e-05,0,0,3,3,5,6,2,5,1,1,1,1
4,11,31,0.009496423415839672,0,0,3,4,5,1,2,1,1,1,1,1
4,11,34,0.05972869321703911,0,0,3,4,5,4,2,4,1,1,1,1
4,11,35,0.0011214361293241382,0,0,3,4,5,5,2,5,1,1,1,1
4,11,36,0.8700547218322754,0,0,3,5,5,1,2,1,1,2,1,2
4,11,40,0.013257661834359169,0,0,3,5,5,5,2,5,1,2,1,2
4,11,42,0.00041854596929624677,0,1,3,6,5,2,2,0,1,0,1,1
4,11,43,0.00010801036842167377,0,1,3,6,5,3,2,0,1,0,1,1
4,11,46,7.941194053273648e-05,0,1,3,6,5,6,2,0,1,0,1,1
4,11,47,0.000995822250843048,0,2,3,7,5,0,2,0,1,0,1,4
4,13,1,7.41174299037084e-05,0,0,3,3,1,1,3,1,1,1,1,1
4,13,4,0.0007219827966764569,0,0,3,3,1,4,3,1,1,1,1,1
4,13,5,2.4948560167104006e-05,0,0,3,3,1,5,3,1,1,1,1,1
4,13,6,5.4331670980900526e-05,0,0,3,3,1,6,3,1,1,1,1,1
4,13,9,4.443362922756933e-05,0,0,3,3,1,3,3,2,1,1,1,1
4,13,10,0.0003581370983738452,0,0,3,3,1,4,3,2,1,1,1,1
4,13,12,3.4724921533779707e-06,0,0,3,3,1,6,3,2,1,1,1,1
4,13,15,0.00015492064994759858,0,0,3,3,1,3,3,3,1,1,1,1
4,13,18,1.0933627891063225e-05,0,0,3,3,1,6,3,3,1,1,1,1
4,13,21,5.954532389296219e-05,0,0,3,3,1,3,3,4,1,1,1,1
4,13,23,1.869709012680687e-05,0,0,3,3,1,5,3,4,1,1,1,1
4,13,24,7.05768252373673e-05,0,0,3,3,1,6,3,4,1,1,1,1
4,13,25,0.0001696753897704184,0,0,3,3,1,1,3,5,1,1,1,1
4,13,28,0.0014175156829878688,0,0,3,3,1,4,3,5,1,1,1,1
4,13,30,1.3302994375408161e-05,0,0,3,3,1,6,3,5,1,1,1,1
4,13,31,0.0025855174753814936,0,0,3,4,1,1,3,1,1,1,1,1
4,13,34,0.0036768841091543436,0,0,3,4,1,4,3,4,1,1,1,1
4,13,35,0.0002978744450956583,0,0,3,4,1,5,3,5,1,1,1,1
4,13,36,0.9817468523979187,0,0,3,5,1,1,3,1,1,2,1,2
4,13,40,0.008358996361494064,0,0,3,5,1,5,3,5,1,2,1,2
4,13,42,2.2541111320606433e-05,0,1,3,6,1,2,3,0,1,0,1,1
4,13,43,2.79787891486194e-05,0,1,3,6,1,3,3,0,1,0,1,1
4,13,46,9.383341421198566e-06,0,1,3,6,1,6,3,0,1,0,1,1
4,13,47,8.53665333124809e-05,0,2,3,7,1,0,3,0,1,0,1,4
4,14,1,0.0804930329322815,0,0,3,3,2,1,3,1,1,1,1,1
4,14,4,0.01835898868739605,0,0,3,3,2,4,3,1,1,1,1,1
4,14,5,0.015373644419014454,0,0,3,3,2,5,3,1,1,1,1,1
4,14,6,0.00535587640479207,0,0,3,3,2,6,3,1,1,1,1,1
4,14,9,0.015796981751918793,0,0,3,3,2,3,3,2,1,1,1,1
4,14,10,0.013618466444313526,0,0,3,3,2,4,3,2,1,1,1,1
4,14,12,0.0022886639926582575,0,0,3,3,2,6,3,2,1,1,1,1
4,14,15,0.027973521500825882,0,0,3,3,2,3,3,3,1,1,1,1
4,14,18,0.0031325246673077345,0,0,3,3,2,6,3,3,1,1,1,1
4,14,21,0.07552672177553177,0,0,3,3,2,3,3,4,1,1,1,1
4,14,23,0.12077661603689194,0,0,3,3,2,5,3,4,1,1,1,1
4,14,24,0.02515357732772827,0,0,3,3,2,6,3,4,1,1,1,1
4,14,25,0.011126450262963772,0,0,3,3,2,1,3,5,1,1,1,1
4,14,28,0.032194048166275024,0,0,3,3,2,4,3,5,1,1,1,1
4,14,30,0.0039268117398023605,0,0,3,3,2,6,3,5,1,1,1,1
4,14,31,0.02472362294793129,0,0,3,4,2,1,3,1,1,1,1,1
4,14,34,0.06569298356771469,0,0,3,4,2,4,3,4,1,1,1,1
4,14,35,0.014993513002991676,0,0,3,4,2,5,3,5,1,1,1,1
4,14,36,0.20270974934101105,0,0,3,5,2,1,3,1,1,2,1,2
4,14,40,0.2331756055355072,0,0,3,5,2,5,3,5,1,2,1,2
4,14,42,0.0015249488642439246,0,1,3,6,2,2,3,0,1,0,1,1
4,14,43,0.0016447202069684863,0,1,3,6,2,3,3,0,1,0,1,1
4,14,46,0.00011412943422328681,0,1,3,6,2,6,3,0,1,0,1,1
4,14,47,0.004324938636273146,0,2,3,7,2,0,3,0,1,0,1,4
4,16,1,1.1515034202602692e-05,0,0,3,3,4,1,3,1,1,1,1,1
4,16,4,6.513123662443832e-05,0,0,3,3,4,4,3,1,1,1,1,1
4,16,5,1.04744765394571e-06,0,0,3,3,4,5,3,1,1,1,1,1
4,16,6,9.390970262757037e-06,0,0,3,3,4,6,3,1,1,1,1,1
4,16,9,1.7230237062904052e-05,0,0,3,3,4,3,3,2,1,1,1,1
4,16,10,6.46616899757646e-05,0,0,3,3,4,4,3,2,1,1,1,1
4,16,12,1.678173589425569e-06,0,0,3,3,4,6,3,2,1,1,1,1
4,16,15,0.00010833693522727117,0,0,3,3,4,3,3,3,1,1,1,1
4,16,18,1.6032522580644581e-06,0,0,3,3,4,6,3,3,1,1,1,1
4,16,21,1.6113039237097837e-05,0,0,3,3,4,3,3,4,1,1,1,1
4,16,23,2.1270052457111888e-06,0,0,3,3,4,5,3,4,1,1,1,1
4,16,24,1.0208130333921872e-05,0,0,3,3,4,6,3,4,1,1,1,1
4,16,25,4.951466326019727e-05,0,0,3,3,4,1,3,5,1,1,1,1
4,16,28,7.395469583570957e-05,0,0,3,3,4,4,3,5,1,1,1,1
4,16,30,1.4632051943408442e-06,0,0,3,3,4,6,3,5,1,1,1,1
4,16,31,0.00047688279300928116,0,0,3,4,4,1,3,1,1,1,1,1
4,16,34,0.0008411883027292788,0,0,3,4,4,4,3,4,1,1,1,1
4,16,35,2.4278942873934284e-05,0,0,3,4,4,5,3,5,1,1,1,1
4,16,36,0.9925723075866699,0,0,3,5,4,1,3,1,1,2,1,2
4,16,40,0.00562905240803957,0,0,3,5,4,5,3,5,1,2,1,2
4,16,42,8.673479783283256e-07,0,1,3,6,4,2,3,0,1,0,1,1
4,16,43,8.610896657046396e-06,0,1,3,6,4,3,3,0,1,0,1,1
4,16,46,8.722543611838773e-07,0,1,3,6,4,6,3,0,1,0,1,1
4,16,47,1.2052012607455254e-05,0,2,3,7,4,0,3,0,1,0,1,4
4,17,1,1.7964421203942038e-06,0,0,3,3,5,1,3,1,1,1,1,1
4,17,4,5.141938527231105e-05,0,0,3,3,5,4,3,1,1,1,1,1
4,17,5,4.695802147125505e-07,0,0,3,3,5,5,3,1,1,1,1,1
4,17,6,3.482903366602841e-06,0,0,3,3,5,6,3,1,1,1,1,1
4,17,9,6.792298790969653e-06,0,0,3,3,5,3,3,2,1,1,1,1
4,17,10,1.1990496204816736e-05,0,0,3,3,5,4,3,2,1,1,1,1
4,17,12,2.8238301297278667e-07,0,0,3,3,5,6,3,2,1,1,1,1
4,17,15,3.37009369104635e-05,0,0,3,3,5,3,3,3,1,1,1,1
4,17,18,5.221716946834931e-06,0,0,3,3,5,6,3,3,1,1,1,1
4,17,21,3.335382871227921e-06,0,0,3,3,5,3,3,4,1,1,1,1
4,17,23,4.0685227986614336e-07,0,0,3,3,5,5,3,4,1,1,1,1
4,17,24,2.3570348730572732e-06,0,0,3,3,5,6,3,4,1,1,1,1
4,17,25,2.5123874365817755e-05,0,0,3,3,5,1,3,5,1,1,1,1
4,17,28,6.913964170962572e-05,0,0,3,3,5,4,3,5,1,1,1,1
4,17,30,1.3954100950286374e-06,0,0,3,3,5,6,3,5,1,1,1,1
4,17,31,0.00011706503573805094,0,0,3,4,5,1,3,1,1,1,1,1
4,17,34,0.00040206959238275886,0,0,3,4,5,4,3,4,1,1,1,1
4,17,35,6.998224762355676e-06,0,0,3,4,5,5,3,5,1,1,1,1
4,17,36,0.9969117641448975,0,0,3,5,5,1,3,1,1,2,1,2
4,17,40,0.002245410345494747,0,0,3,5,5,5,3,5,1,2,1,2
4,17,42,6.836349712102674e-06,0,1,3,6,5,2,3,0,1,0,1,1
4,17,43,8.738369615457486e-06,0,1,3,6,5,3,3,0,1,0,1,1
4,17,46,4.395757059683092e-06,0,1,3,6,5,6,3,0,1,0,1,1
4,17,47,7.958577771205455e-05,0,2,3,7,5,0,3,0,1,0,1,4
4,19,1,0.013583369553089142,0,0,3,3,1,1,4,1,1,1,1,1
4,19,4,0.047091707587242126,0,0,3,3,1,4,4,1,1,1,1,1
4,19,5,0.03225715458393097,0,0,3,3,1,5,4,1,1,1,1,1
4,19,6,0.0220883060246706,0,0,3,3,1,6,4,1,1,1,1,1
4,19,9,0.00448424369096756,0,0,3,3,1,3,4,2,1,1,1,1
4,19,10,0.030078193172812462,0,0,3,3,1,4,4,2,1,1,1,1
4,19,12,0.002138521522283554,0,0,3,3,1,6,4,2,1,1,1,1
4,19,15,0.007115825545042753,0,0,3,3,1,3,4,3,1,1,1,1
4,19,18,0.00048121041618287563,0,0,3,3,1,6,4,3,1,1,1,1
4,19,21,0.005460485816001892,0,0,3,3,1,3,4,4,1,1,1,1
4,19,23,0.002630283124744892,0,0,3,3,1,5,4,4,1,1,1,1
4,19,24,0.005494007375091314,0,0,3,3,1,6,4,4,1,1,1,1
4,19,25,0.006868140771985054,0,0,3,3,1,1,4,5,1,1,1,1
4,19,28,0.06840830296278,0,0,3,3,1,4,4,5,1,1,1,1
4,19,30,0.003256757277995348,0,0,3,3,1,6,4,5,1,1,1,1
4,19,31,0.044401224702596664,0,0,3,4,1,1,4,1,1,1,1,1
4,19,34,0.03415092080831528,0,0,3,4,1,4,4,4,1,1,1,1
4,19,35,0.04560105875134468,0,0,3,4,1,5,4,5,1,1,1,1
4,19,36,0.5630250573158264,0,0,3,5,1,1,4,1,1,2,1,2
4,19,40,0.03262675553560257,0,0,3,5,1,5,4,5,1,2,1,2
4,19,42,0.008409788832068443,0,1,3,6,1,2,4,0,1,0,1,1
4,19,43,0.0006944949855096638,0,1,3,6,1,3,4,0,1,0,1,1
4,19,46,0.0016773308161646128,0,1,3,6,1,6,4,0,1,0,1,1
4,19,47,0.017976537346839905,0,2,3,7,1,0,4,0,1,0,1,4
4,20,1,0.02131190150976181,0,0,3,3,2,1,4,1,1,1,1,1
4,20,4,0.008587767370045185,0,0,3,3,2,4,4,1,1,1,1,1
4,20,5,0.0013329890789464116,0,0,3,3,2,5,4,1,1,1,1,1
4,20,6,0.0026034547481685877,0,0,3,3,2,6,4,1,1,1,1,1
4,20,9,0.00840980838984251,0,0,3,3,2,3,4,2,1,1,1,1
4,20,10,0.009540323168039322,0,0,3,3,2,4,4,2,1,1,1,1
4,20,12,0.0018798667006194592,0,0,3,3,2,6,4,2,1,1,1,1
4,20,15,0.044537827372550964,0,0,3,3,2,3,4,3,1,1,1,1
4,20,18,0.0011482236441224813,0,0,3,3,2,6,4,3,1,1,1,1
4,20,21,0.05226927995681763,0,0,3,3,2,3,4,4,1,1,1,1
4,20,23,0.015349078923463821,0,0,3,3,2,5,4,4,1,1,1,1
4,20,24,0.0030859506223350763,0,0,3,3,2,6,4,4,1,1,1,1
4,20,25,0.0009318876545876265,0,0,3,3,2,1,4,5,1,1,1,1
4,20,28,0.0044831265695393085,0,0,3,3,2,4,4,5,1,1,1,1
4,20,30,0.00039221433689817786,0,0,3,3,2,6,4,5,1,1,1,1
4,20,31,0.0014760439516976476,0,0,3,4,2,1,4,1,1,1,1,1
4,20,34,0.02216976322233677,0,0,3,4,2,4,4,4,1,1,1,1
4,20,35,0.00027684253291226923,0,0,3,4,2,5,4,5,1,1,1,1
4,20,36,0.6873968243598938,0,0,3,5,2,1,4,1,1,2,1,2
4,20,40,0.11144126951694489,0,0,3,5,2,5,4,5,1,2,1,2
4,20,42,0.000204160634893924,0,1,3,6,2,2,4,0,1,0,1,1
4,20,43,0.00021817856759298593,0,1,3,6,2,3,4,0,1,0,1,1
4,20,46,1.03699421742931e-05,0,1,3,6,2,6,4,0,1,0,1,1
4,20,47,0.0009426934993825853,0,2,3,7,2,0,4,0,1,0,1,4
4,22,1,0.00013913892325945199,0,0,3,3,4,1,4,1,1,1,1,1
4,22,4,0.00033028959296643734,0,0,3,3,4,4,4,1,1,1,1,1
4,22,5,5.011310713598505e-05,0,0,3,3,4,5,4,1,1,1,1,1
4,22,6,0.00045078073162585497,0,0,3,3,4,6,4,1,1,1,1,1
4,22,9,9.868973575066775e-05,0,0,3,3,4,3,4,2,1,1,1,1
4,22,10,0.0003972878912463784,0,0,3,3,4,4,4,2,1,1,1,1
4,22,12,3.3460040867794305e-05,0,0,3,3,4,6,4,2,1,1,1,1
4,22,15,0.0005339052295312285,0,0,3,3,4,3,4,3,1,1,1,1
4,22,18,9.718707588035613e-06,0,0,3,3,4,6,4,3,1,1,1,1
4,22,21,0.00010225608275504783,0,0,3,3,4,3,4,4,1,1,1,1
4,22,23,1.8741644453257322e-05,0,0,3,3,4,5,4,4,1,1,1,1
4,22,24,8.460513345198706e-05,0,0,3,3,4,6,4,4,1,1,1,1
4,22,25,1.9960176359745674e-05,0,0,3,3,4,1,4,5,1,1,1,1
4,22,28,0.00012475074618123472,0,0,3,3,4,4,4,5,1,1,1,1
4,22,30,3.7560935197689105e-06,0,0,3,3,4,6,4,5,1,1,1,1
4,22,31,0.00048271584091708064,0,0,3,4,4,1,4,1,1,1,1,1
4,22,34,0.0021625354420393705,0,0,3,4,4,4,4,4,1,1,1,1
4,22,35,6.128332461230457e-05,0,0,3,4,4,5,4,5,1,1,1,1
4,22,36,0.9803301095962524,0,0,3,5,4,1,4,1,1,2,1,2
4,22,40,0.014231101609766483,0,0,3,5,4,5,4,5,1,2,1,2
4,22,42,2.9511604225263e-05,0,1,3,6,4,2,4,0,1,0,1,1
4,22,43,2.8400609153322875e-05,0,1,3,6,4,3,4,0,1,0,1,1
4,22,46,1.6644871720927767e-05,0,1,3,6,4,6,4,0,1,0,1,1
4,22,47,0.00026039069052785635,0,2,3,7,4,0,4,0,1,0,1,4
4,26,1,0.005009835120290518,0,0,3,3,2,1,5,1,1,1,1,1
4,26,4,0.0038852619472891092,0,0,3,3,2,4,5,1,1,1,1,1
4,26,5,0.0006160979392006993,0,0,3,3,2,5,5,1,1,1,1,1
4,26,6,0.0009202933288179338,0,0,3,3,2,6,5,1,1,1,1,1
4,26,9,0.003859414253383875,0,0,3,3,2,3,5,2,1,1,1,1
4,26,10,0.0032628735061734915,0,0,3,3,2,4,5,2,1,1,1,1
4,26,12,0.00025434428243897855,0,0,3,3,2,6,5,2,1,1,1,1
4,26,15,0.013952917419373989,0,0,3,3,2,3,5,3,1,1,1,1
4,26,18,0.00022877583978697658,0,0,3,3,2,6,5,3,1,1,1,1
4,26,21,0.009258360601961613,0,0,3,3,2,3,5,4,1,1,1,1
4,26,23,0.002485381904989481,0,0,3,3,2,5,5,4,1,1,1,1
4,26,24,0.0017554393270984292,0,0,3,3,2,6,5,4,1,1,1,1
4,26,25,0.0006037731072865427,0,0,3,3,2,1,5,5,1,1,1,1
4,26,28,0.0034033791162073612,0,0,3,3,2,4,5,5,1,1,1,1
4,26,30,0.00010007880337070674,0,0,3,3,2,6,5,5,1,1,1,1
4,26,31,0.003677199361845851,0,0,3,4,2,1,5,1,1,1,1,1
4,26,34,0.03947945684194565,0,0,3,4,2,4,5,4,1,1,1,1
4,26,35,0.0009407256729900837,0,0,3,4,2,5,5,5,1,1,1,1
4,26,36,0.8517241477966309,0,0,3,5,2,1,5,1,1,2,1,2
4,26,40,0.05403876677155495,0,0,3,5,2,5,5,5,1,2,1,2
4,26,42,9.055218106368557e-05,0,1,3,6,2,2,5,0,1,0,1,1
4,26,43,0.00010522231605136767,0,1,3,6,2,3,5,0,1,0,1,1
4,26,46,7.681503120693378e-06,0,1,3,6,2,6,5,0,1,0,1,1
4,26,47,0.0003398968547116965,0,2,3,7,2,0,5,0,1,0,1,4
4,27,1,0.003254661103710532,0,0,3,3,3,1,5,1,1,1,1,1
4,27,4,0.004681894090026617,0,0,3,3,3,4,5,1,1,1,1,1
4,27,5,0.00031188130378723145,0,0,3,3,3,5,5,1,1,1,1,1
4,27,6,0.0008449825108982623,0,0,3,3,3,6,5,1,1,1,1,1
4,27,9,0.0008737269090488553,0,0,3,3,3,3,5,2,1,1,1,1
4,27,10,0.001514438190497458,0,0,3,3,3,4,5,2,1,1,1,1
4,27,12,0.00012295761553104967,0,0,3,3,3,6,5,2,1,1,1,1
4,27,15,0.004622337874025106,0,0,3,3,3,3,5,3,1,1,1,1
4,27,18,4.664291554945521e-05,0,0,3,3,3,6,5,3,1,1,1,1
4,27,21,0.00276820152066648,0,0,3,3,3,3,5,4,1,1,1,1
4,27,23,0.0006404660525731742,0,0,3,3,3,5,5,4,1,1,1,1
4,27,24,0.0012975465506315231,0,0,3,3,3,6,5,4,1,1,1,1
4,27,25,0.00025726822786964476,0,0,3,3,3,1,5,5,1,1,1,1
4,27,28,0.0018702406669035554,0,0,3,3,3,4,5,5,1,1,1,1
4,27,30,5.3517036576522514e-05,0,0,3,3,3,6,5,5,1,1,1,1
4,27,31,0.005504420027136803,0,0,3,4,3,1,5,1,1,1,1,1
4,27,34,0.03928857669234276,0,0,3,4,3,4,5,4,1,1,1,1
4,27,35,0.0002656225406099111,0,0,3,4,3,5,5,5,1,1,1,1
4,27,36,0.9171113967895508,0,0,3,5,3,1,5,1,1,2,1,2
4,27,40,0.014461110346019268,0,0,3,5,3,5,5,5,1,2,1,2
4,27,42,5.601065277005546e-05,0,1,3,6,3,2,5,0,1,0,1,1
4,27,43,3.982037742389366e-05,0,1,3,6,3,3,5,0,1,0,1,1
4,27,46,4.971368070982862e-06,0,1,3,6,3,6,5,0,1,0,1,1
4,27,47,0.00010778951400425285,0,2,3,7,3,0,5,0,1,0,1,4
4,29,1,9.008420420286711e-06,0,0,3,3,5,1,5,1,1,1,1,1
4,29,4,7.67585588619113e-05,0,0,3,3,5,4,5,1,1,1,1,1
4,29,5,6.221501394065854e-07,0,0,3,3,5,5,5,1,1,1,1,1
4,29,6,3.5315993045514915e-06,0,0,3,3,5,6,5,1,1,1,1,1
4,29,9,4.042579348606523e-06,0,0,3,3,5,3,5,2,1,1,1,1
4,29,10,1.946757038240321e-05,0,0,3,3,5,4,5,2,1,1,1,1
4,29,12,2.1530163962779625e-07,0,0,3,3,5,6,5,2,1,1,1,1
4,29,15,7.204528810689226e-05,0,0,3,3,5,3,5,3,1,1,1,1
4,29,18,4.774419153363851e-07,0,0,3,3,5,6,5,3,1,1,1,1
4,29,21,8.425060514127836e-06,0,0,3,3,5,3,5,4,1,1,1,1
4,29,23,1.0293121022186824e-06,0,0,3,3,5,5,5,4,1,1,1,1
4,29,24,3.248797838750761e-06,0,0,3,3,5,6,5,4,1,1,1,1
4,29,25,2.3491481897508493e-06,0,0,3,3,5,1,5,5,1,1,1,1
4,29,28,3.834631206700578e-05,0,0,3,3,5,4,5,5,1,1,1,1
4,29,30,1.9354057201326214e-07,0,0,3,3,5,6,5,5,1,1,1,1
4,29,31,7.90740450611338e-05,0,0,3,4,5,1,5,1,1,1,1,1
4,29,34,0.0008861728711053729,0,0,3,4,5,4,5,4,1,1,1,1
4,29,35,1.8184005057264585e-06,0,0,3,4,5,5,5,5,1,1,1,1
4,29,36,0.997806966304779,0,0,3,5,5,1,5,1,1,2,1,2
4,29,40,0.0009851264767348766,0,0,3,5,5,5,5,5,1,2,1,2
4,29,42,2.3967172069205844e-07,0,1,3,6,5,2,5,0,1,0,1,1
4,29,43,2.071356277610903e-07,0,1,3,6,5,3,5,0,1,0,1,1
4,29,46,2.715863089974846e-08,0,1,3,6,5,6,5,0,1,0,1,1
4,29,47,1.295302126891329e-06,0,2,3,7,5,0,5,0,1,0,1,4
4,32,1,0.04087040573358536,0,0,4,3,2,1,2,1,1,1,1,1
4,32,4,0.02121576853096485,0,0,4,3,2,4,2,1,1,1,1,1
4,32,5,0.003459228202700615,0,0,4,3,2,5,2,1,1,1,1,1
4,32,6,0.010301489382982254,0,0,4,3,2,6,2,1,1,1,1,1
4,32,9,0.05311752110719681,0,0,4,3,2,3,2,2,1,1,1,1
4,32,10,0.017264164984226227,0,0,4,3,2,4,2,2,1,1,1,1
4,32,12,0.031914811581373215,0,0,4,3,2,6,2,2,1,1,1,1
4,32,15,0.21098466217517853,0,0,4,3,2,3,2,3,1,1,1,1
4,32,18,0.23165461421012878,0,0,4,3,2,6,2,3,1,1,1,1
4,32,21,0.04371941089630127,0,0,4,3,2,3,2,4,1,1,1,1
4,32,23,0.027884334325790405,0,0,4,3,2,5,2,4,1,1,1,1
4,32,24,0.006422793492674828,0,0,4,3,2,6,2,4,1,1,1,1
4,32,25,0.02296757511794567,0,0,4,3,2,1,2,5,1,1,1,1
4,32,28,0.010183979757130146,0,0,4,3,2,4,2,5,1,1,1,1
4,32,30,0.014109145849943161,0,0,4,3,2,6,2,5,1,1,1,1
4,32,31,0.0076437597163021564,0,0,4,4,2,1,2,1,1,1,1,1
4,32,34,0.015367641113698483,0,0,4,4,2,4,2,4,1,1,1,1
4,32,35,0.001844321028329432,0,0,4,4,2,5,2,5,1,1,1,1
4,32,36,0.07957214117050171,0,0,4,5,2,1,2,1,1,2,1,2
4,32,40,0.08321785181760788,0,0,4,5,2,5,2,5,1,2,1,2
4,32,42,0.005930996034294367,0,1,4,6,2,2,2,0,1,0,1,1
4,32,43,0.03137899935245514,0,1,4,6,2,3,2,0,1,0,1,1
4,32,46,0.003452794626355171,0,1,4,6,2,6,2,0,1,0,1,1
4,32,47,0.02552173286676407,0,2,4,7,2,0,2,0,1,0,1,4
4,33,1,0.0038580503314733505,0,0,4,3,3,1,3,1,1,1,1,1
4,33,4,0.011737697757780552,0,0,4,3,3,4,3,1,1,1,1,1
4,33,5,0.0016594812041148543,0,0,4,3,3,5,3,1,1,1,1,1
4,33,6,0.0027416469529271126,0,0,4,3,3,6,3,1,1,1,1,1
4,33,9,0.0009980702307075262,0,0,4,3,3,3,3,2,1,1,1,1
4,33,10,0.003119059605523944,0,0,4,3,3,4,3,2,1,1,1,1
4,33,12,0.0006518370355479419,0,0,4,3,3,6,3,2,1,1,1,1
4,33,15,0.0026670123916119337,0,0,4,3,3,3,3,3,1,1,1,1
4,33,18,0.001065271208062768,0,0,4,3,3,6,3,3,1,1,1,1
4,33,21,0.0011378948111087084,0,0,4,3,3,3,3,4,1,1,1,1
4,33,23,0.0013337715063244104,0,0,4,3,3,5,3,4,1,1,1,1
4,33,24,0.0029395748861134052,0,0,4,3,3,6,3,4,1,1,1,1
4,33,25,0.00602858979254961,0,0,4,3,3,1,3,5,1,1,1,1
4,33,28,0.010587240569293499,0,0,4,3,3,4,3,5,1,1,1,1
4,33,30,0.0024999165907502174,0,0,4,3,3,6,3,5,1,1,1,1
4,33,31,0.057582635432481766,0,0,4,4,3,1,3,1,1,1,1,1
4,33,34,0.025060633197426796,0,0,4,4,3,4,3,4,1,1,1,1
4,33,35,0.0038220074493438005,0,0,4,4,3,5,3,5,1,1,1,1
4,33,36,0.7798665761947632,0,0,4,5,3,1,3,1,1,2,1,2
4,33,40,0.055459972470998764,0,0,4,5,3,5,3,5,1,2,1,2
4,33,42,0.004899539519101381,0,1,4,6,3,2,3,0,1,0,1,1
4,33,43,0.0033495821990072727,0,1,4,6,3,3,3,0,1,0,1,1
4,33,46,0.002307851566001773,0,1,4,6,3,6,3,0,1,0,1,1
4,33,47,0.014626333490014076,0,2,4,7,3,0,3,0,1,0,1,4
4,37,1,0.013351437635719776,0,0,5,3,2,1,2,1,2,1,2,1
4,37,4,0.0009217978804372251,0,0,5,3,2,4,2,1,2,1,2,1
4,37,5,0.000197288827621378,0,0,5,3,2,5,2,1,2,1,2,1
4,37,6,0.00024160751490853727,0,0,5,3,2,6,2,1,2,1,2,1
4,37,9,0.007833682000637054,0,0,5,3,2,3,2,2,2,1,2,1
4,37,10,0.004957756493240595,0,0,5,3,2,4,2,2,2,1,2,1
4,37,12,0.6832740902900696,0,0,5,3,2,6,2,2,2,1,2,1
4,37,15,0.01957160234451294,0,0,5,3,2,3,2,3,2,1,2,1
4,37,18,0.011204034090042114,0,0,5,3,2,6,2,3,2,1,2,1
4,37,21,0.1605064570903778,0,0,5,3,2,3,2,4,2,1,2,1
4,37,23,0.04116698354482651,0,0,5,3,2,5,2,4,2,1,2,1
4,37,24,0.0012513709953054786,0,0,5,3,2,6,2,4,2,1,2,1
4,37,25,0.002707813633605838,0,0,5,3,2,1,2,5,2,1,2,1
4,37,28,8.753262227401137e-05,0,0,5,3,2,4,2,5,2,1,2,1
4,37,30,0.05088985338807106,0,0,5,3,2,6,2,5,2,1,2,1
4,37,31,2.910875764428056e-06,0,0,5,4,2,1,2,1,2,1,2,1
4,37,34,7.698199624428526e-06,0,0,5,4,2,4,2,4,2,1,2,1
4,37,35,9.357817134514335e-07,0,0,5,4,2,5,2,5,2,1,2,1
4,37,36,4.2537095623629284e-08,0,0,5,5,2,1,2,1,2,2,2,2
4,37,40,1.4178796845953912e-05,0,0,5,5,2,5,2,5,2,2,2,2
4,37,42,8.552047802368179e-06,0,1,5,6,2,2,2,0,2,0,2,1
4,37,43,0.0017966422019526362,0,1,5,6,2,3,2,0,2,0,2,1
4,37,46,5.296143626765115e-06,0,1,5,6,2,6,2,0,2,0,2,1
4,37,47,1.694373281679873e-07,0,2,5,7,2,0,2,0,2,0,2,4
4,38,1,0.14175790548324585,0,0,5,3,3,1,3,1,2,1,2,1
4,38,4,0.004274950362741947,0,0,5,3,3,4,3,1,2,1,2,1
4,38,5,0.001604466000571847,0,0,5,3,3,5,3,1,2,1,2,1
4,38,6,0.0006846465403214097,0,0,5,3,3,6,3,1,2,1,2,1
4,38,9,0.0037558353506028652,0,0,5,3,3,3,3,2,2,1,2,1
4,38,10,0.01953924633562565,0,0,5,3,3,4,3,2,2,1,2,1
4,38,12,0.09505775570869446,0,0,5,3,3,6,3,2,2,1,2,1
4,38,15,0.027989007532596588,0,0,5,3,3,3,3,3,2,1,2,1
4,38,18,0.0005246879882179201,0,0,5,3,3,6,3,3,2,1,2,1
4,38,21,0.3098723590373993,0,0,5,3,3,3,3,4,2,1,2,1
4,38,23,0.3681086301803589,0,0,5,3,3,5,3,4,2,1,2,1
4,38,24,0.00465376116335392,0,0,5,3,3,6,3,4,2,1,2,1
4,38,25,0.0032060579396784306,0,0,5,3,3,1,3,5,2,1,2,1
4,38,28,0.0009280067752115428,0,0,5,3,3,4,3,5,2,1,2,1
4,38,30,0.017467333003878593,0,0,5,3,3,6,3,5,2,1,2,1
4,38,31,2.9453203751472756e-05,0,0,5,4,3,1,3,1,2,1,2,1
4,38,34,4.8812722525326535e-05,0,0,5,4,3,4,3,4,2,1,2,1
4,38,35,1.1900518984475639e-05,0,0,5,4,3,5,3,5,2,1,2,1
4,38,36,4.002111381851137e-06,0,0,5,5,3,1,3,1,2,2,2,2
4,38,40,0.00046032341197133064,0,0,5,5,3,5,3,5,2,2,2,2
4,38,42,1.6772651179053355e-07,0,1,5,6,3,2,3,0,2,0,2,1
4,38,43,2.0114526705583557e-05,0,1,5,6,3,3,3,0,2,0,2,1
4,38,46,2.0610798401321517e-08,0,1,5,6,3,6,3,0,2,0,2,1
4,38,47,1.2507519464577399e-08,0,2,5,7,3,0,3,0,2,0,2,4
4,39,1,0.04546346142888069,0,0,5,3,4,1,4,1,2,1,2,1
4,39,4,0.0030761731322854757,0,0,5,3,4,4,4,1,2,1,2,1
4,39,5,0.0005158020067028701,0,0,5,3,4,5,4,1,2,1,2,1
4,39,6,0.0010117156198248267,0,0,5,3,4,6,4,1,2,1,2,1
4,39,9,0.006302876863628626,0,0,5,3,4,3,4,2,2,1,2,1
4,39,10,0.031610265374183655,0,0,5,3,4,4,4,2,2,1,2,1
4,39,12,0.43819451332092285,0,0,5,3,4,6,4,2,2,1,2,1
4,39,15,0.05827074125409126,0,0,5,3,4,3,4,3,2,1,2,1
4,39,18,0.00041056962800212204,0,0,5,3,4,6,4,3,2,1,2,1
4,39,21,0.3227955400943756,0,0,5,3,4,3,4,4,2,1,2,1
4,39,23,0.062087446451187134,0,0,5,3,4,5,4,4,2,1,2,1
4,39,24,0.001602714299224317,0,0,5,3,4,6,4,4,2,1,2,1
4,39,25,0.0041214097291231155,0,0,5,3,4,1,4,5,2,1,2,1
4,39,28,0.00045379073708318174,0,0,5,3,4,4,4,5,2,1,2,1
4,39,30,0.0212923102080822,0,0,5,3,4,6,4,5,2,1,2,1
4,39,31,8.040021384658758e-06,0,0,5,4,4,1,4,1,2,1,2,1
4,39,34,2.77113686024677e-05,0,0,5,4,4,4,4,4,2,1,2,1
4,39,35,2.789083282550564e-06,0,0,5,4,4,5,4,5,2,1,2,1
4,39,36,4.8981808504322544e-05,0,0,5,5,4,1,4,1,2,2,2,2
4,39,40,0.0026368126273155212,0,0,5,5,4,5,4,5,2,2,2,2
4,39,42,4.2829128688026685e-07,0,1,5,6,4,2,4,0,2,0,2,1
4,39,43,6.56989068374969e-05,0,1,5,6,4,3,4,0,2,0,2,1
4,39,46,8.545509899704484e-08,0,1,5,6,4,6,4,0,2,0,2,1
4,39,47,1.1038110869776574e-07,0,2,5,7,4,0,4,0,2,0,2,4
4,41,1,3.885087789967656e-05,1,0,6,3,1,1,0,1,0,1,1,1
4,41,4,0.0002975176612380892,1,0,6,3,1,4,0,1,0,1,1,1
4,41,5,8.78665377967991e-06,1,0,6,3,1,5,0,1,0,1,1,1
4,41,6,0.00017536236555315554,1,0,6,3,1,6,0,1,0,1,1,1
4,41,9,0.0003725621791090816,1,0,6,3,1,3,0,2,0,1,1,1
4,41,10,0.0014854315668344498,1,0,6,3,1,4,0,2,0,1,1,1
4,41,12,6.873589154565707e-05,1,0,6,3,1,6,0,2,0,1,1,1
4,41,15,0.0014505678554996848,1,0,6,3,1,3,0,3,0,1,1,1
4,41,18,2.2071582861826755e-05,1,0,6,3,1,6,0,3,0,1,1,1
4,41,21,0.00024594852584414184,1,0,6,3,1,3,0,4,0,1,1,1
4,41,23,6.6482975853432436e-06,1,0,6,3,1,5,0,4,0,1,1,1
4,41,24,6.186936661833897e-05,1,0,6,3,1,6,0,4,0,1,1,1
4,41,25,1.980071101570502e-05,1,0,6,3,1,1,0,5,0,1,1,1
4,41,28,0.00010936074249912053,1,0,6,3,1,4,0,5,0,1,1,1
4,41,30,1.4436694755204371e-06,1,0,6,3,1,6,0,5,0,1,1,1
4,41,31,0.001624029828235507,1,0,6,4,1,1,0,1,0,1,1,1
4,41,34,0.00881761685013771,1,0,6,4,1,4,0,4,0,1,1,1
4,41,35,9.837429388426244e-05,1,0,6,4,1,5,0,5,0,1,1,1
4,41,36,0.9793746471405029,1,0,6,5,1,1,0,1,0,2,1,2
4,41,40,0.002974921138957143,1,0,6,5,1,5,0,5,0,2,1,2
4,41,42,0.00020078338275197893,1,1,6,6,1,2,0,0,0,0,1,1
4,41,43,0.0004590895550791174,1,1,6,6,1,3,0,0,0,0,1,1
4,41,46,0.00023317031445913017,1,1,6,6,1,6,0,0,0,0,1,1
4,41,47,0.0018522797618061304,1,2,6,7,1,0,0,0,0,0,1,4
4,44,1,4.445592639967799e-05,1,0,6,3,4,1,0,1,0,1,1,1
4,44,4,5.169000360183418e-05,1,0,6,3,4,4,0,1,0,1,1,1
4,44,5,1.0226717677142005e-06,1,0,6,3,4,5,0,1,0,1,1,1
4,44,6,5.334751767804846e-05,1,0,6,3,4,6,0,1,0,1,1,1
4,44,9,6.086828943807632e-05,1,0,6,3,4,3,0,2,0,1,1,1
4,44,10,0.0001596569491084665,1,0,6,3,4,4,0,2,0,1,1,1
4,44,12,3.329741593915969e-05,1,0,6,3,4,6,0,2,0,1,1,1
4,44,15,0.0010525728575885296,1,0,6,3,4,3,0,3,0,1,1,1
4,44,18,2.801489472403773e-06,1,0,6,3,4,6,0,3,0,1,1,1
4,44,21,0.0001297494163736701,1,0,6,3,4,3,0,4,0,1,1,1
4,44,23,2.674899405974429e-06,1,0,6,3,4,5,0,4,0,1,1,1
4,44,24,3.6595323763322085e-05,1,0,6,3,4,6,0,4,0,1,1,1
4,44,25,1.308897390117636e-05,1,0,6,3,4,1,0,5,0,1,1,1
4,44,28,1.1980175258941017e-05,1,0,6,3,4,4,0,5,0,1,1,1
4,44,30,4.7104379063966917e-07,1,0,6,3,4,6,0,5,0,1,1,1
4,44,31,0.00014480738900601864,1,0,6,4,4,1,0,1,0,1,1,1
4,44,34,0.0027849106118083,1,0,6,4,4,4,0,4,0,1,1,1
4,44,35,5.6993176258401945e-06,1,0,6,4,4,5,0,5,0,1,1,1
4,44,36,0.9910919666290283,1,0,6,5,4,1,0,1,0,2,1,2
4,44,40,0.004235027823597193,1,0,6,5,4,5,0,5,0,2,1,2
4,44,42,2.0598265564331086e-06,1,1,6,6,4,2,0,0,0,0,1,1
4,44,43,4.590373646351509e-05,1,1,6,6,4,3,0,0,0,0,1,1
4,44,46,7.023757007118547e-06,1,1,6,6,4,6,0,0,0,0,1,1
4,44,47,2.813030732795596e-05,1,2,6,7,4,0,0,0,0,0,1,4
4,45,1,4.4032788082404295e-07,1,0,6,3,5,1,0,1,0,1,1,1
4,45,4,1.1075058864662424e-05,1,0,6,3,5,4,0,1,0,1,1,1
4,45,5,1.8216293540262996e-07,1,0,6,3,5,5,0,1,0,1,1,1
4,45,6,1.2242470802448224e-05,1,0,6,3,5,6,0,1,0,1,1,1
4,45,9,2.4302726160385646e-05,1,0,6,3,5,3,0,2,0,1,1,1
4,45,10,1.6082049114629626e-05,1,0,6,3,5,4,0,2,0,1,1,1
4,45,12,2.046222334683989e-06,1,0,6,3,5,6,0,2,0,1,1,1
4,45,15,0.00011509652540553361,1,0,6,3,5,3,0,3,0,1,1,1
4,45,18,1.5640211131540127e-05,1,0,6,3,5,6,0,3,0,1,1,1
4,45,21,2.992964937220677e-06,1,0,6,3,5,3,0,4,0,1,1,1
4,45,23,4.86035958147113e-08,1,0,6,3,5,5,0,4,0,1,1,1
4,45,24,1.6280347381325555e-06,1,0,6,3,5,6,0,4,0,1,1,1
4,45,25,2.120536464644829e-06,1,0,6,3,5,1,0,5,0,1,1,1
4,45,28,3.772705440496793e-06,1,0,6,3,5,4,0,5,0,1,1,1
4,45,30,1.0941120365259849e-07,1,0,6,3,5,6,0,5,0,1,1,1
4,45,31,4.719192656921223e-05,1,0,6,4,5,1,0,1,0,1,1,1
4,45,34,0.0006843109731562436,1,0,6,4,5,4,0,4,0,1,1,1
4,45,35,3.62097171091591e-06,1,0,6,4,5,5,0,5,0,1,1,1
4,45,36,0.9931877851486206,1,0,6,5,5,1,0,1,0,2,1,2
4,45,40,0.0010604106355458498,1,0,6,5,5,5,0,5,0,2,1,2
4,45,42,0.00013342070451471955,1,1,6,6,5,2,0,0,0,0,1,1
4,45,43,0.00024810698232613504,1,1,6,6,5,3,0,0,0,0,1,1
4,45,46,0.0006919533479958773,1,1,6,6,5,6,0,0,0,0,1,1
4,45,47,0.003735716687515378,1,2,6,7,5,0,0,0,0,0,1,4
5,1,0,0.0013233167119324207,0,0,3,1,1,0,1,0,1,2,1,4
5,1,2,0.0011919863754883409,0,0,3,3,1,2,1,1,1,1,1,1
5,1,3,0.026801822707057,0,0,3,3,1,3,1,1,1,1,1,1
5,1,7,0.0026163712609559298,0,0,3,3,1,1,1,2,1,1,1,1
5,1,8,0.0011379704810678959,0,0,3,3,1,2,1,2,1,1,1,1
5,1,11,0.00037010229425504804,0,0,3,3,1,5,1,2,1,1,1,1
5,1,13,9.662382944952697e-05,0,0,3,3,1,1,1,3,1,1,1,1
5,1,14,2.1210067643551156e-05,0,0,3,3,1,2,1,3,1,1,1,1
5,1,16,0.0013204030692577362,0,0,3,3,1,4,1,3,1,1,1,1
5,1,17,0.0006535383872687817,0,0,3,3,1,5,1,3,1,1,1,1
5,1,19,0.00012199802586110309,0,0,3,3,1,1,1,4,1,1,1,1
5,1,20,9.712548489915207e-05,0,0,3,3,1,2,1,4,1,1,1,1
5,1,22,0.002702451776713133,0,0,3,3,1,4,1,4,1,1,1,1
5,1,26,0.007985986769199371,0,0,3,3,1,2,1,5,1,1,1,1
5,1,27,0.004575447179377079,0,0,3,3,1,3,1,5,1,1,1,1
5,1,29,0.0004180858959443867,0,0,3,3,1,5,1,5,1,1,1,1
5,1,32,0.0008340965723618865,0,0,3,4,1,2,1,2,1,1,1,1
5,1,33,0.0005990056088194251,0,0,3,4,1,3,1,3,1,1,1,1
5,1,37,0.8767647743225098,0,0,3,5,1,2,1,2,1,2,1,2
5,1,38,0.04628417268395424,0,0,3,5,1,3,1,3,1,2,1,2
5,1,39,0.02039935439825058,0,0,3,5,1,4,1,4,1,2,1,2
5,1,41,0.0007832222036086023,0,1,3,6,1,1,1,0,1,0,1,1
5,1,44,0.0015271856682375073,0,1,3,6,1,4,1,0,1,0,1,1
5,1,45,0.0013740630820393562,0,1,3,6,1,5,1,0,1,0,1,1
5,4,0,0.001324438606388867,0,0,3,1,4,0,1,0,1,2,1,4
5,4,2,0.001157822785899043,0,0,3,3,4,2,1,1,1,1,1,1
5,4,3,0.002897869097068906,0,0,3,3,4,3,1,1,1,1,1,1
5,4,7,0.000516184838488698,0,0,3,3,4,1,1,2,1,1,1,1
5,4,8,0.00040462560718879104,0,0,3,3,4,2,1,2,1,1,1,1
5,4,11,0.00015609398542437702,0,0,3,3,4,5,1,2,1,1,1,1
5,4,13,6.428162305383012e-05,0,0,3,3,4,1,1,3,1,1,1,1
5,4,14,0.00016706433962099254,0,0,3,3,4,2,1,3,1,1,1,1
5,4,16,0.0006890408112667501,0,0,3,3,4,4,1,3,1,1,1,1
5,4,17,0.0003047943173442036,0,0,3,3,4,5,1,3,1,1,1,1
5,4,19,3.2959378586383536e-05,0,0,3,3,4,1,1,4,1,1,1,1
5,4,20,8.458299998892471e-05,0,0,3,3,4,2,1,4,1,1,1,1
5,4,22,0.00038889903225935996,0,0,3,3,4,4,1,4,1,1,1,1
5,4,26,0.0020509108435362577,0,0,3,3,4,2,1,5,1,1,1,1
5,4,27,0.000683535123243928,0,0,3,3,4,3,1,5,1,1,1,1
5,4,29,0.00012623955262824893,0,0,3,3,4,5,1,5,1,1,1,1
5,4,32,0.00036371825262904167,0,0,3,4,4,2,1,2,1,1,1,1
5,4,33,0.0007191053591668606,0,0,3,4,4,3,1,3,1,1,1,1
5,4,37,0.8512417674064636,0,0,3,5,4,2,1,2,1,2,1,2
5,4,38,0.11028549075126648,0,0,3,5,4,3,1,3,1,2,1,2
5,4,39,0.026011960580945015,0,0,3,5,4,4,1,4,1,2,1,2
5,4,41,0.00010434041178086773,0,1,3,6,4,1,1,0,1,0,1,1
5,4,44,0.00014105220907367766,0,1,3,6,4,4,1,0,1,0,1,1
5,4,45,8.298583270516247e-05,0,1,3,6,4,5,1,0,1,0,1,1
5,5,0,0.0003704715636558831,0,0,3,1,5,0,1,0,1,2,1,4
5,5,2,0.000318320031510666,0,0,3,3,5,2,1,1,1,1,1,1
5,5,3,0.0008072239579632878,0,0,3,3,5,3,1,1,1,1,1,1
5,5,7,0.0002668636152520776,0,0,3,3,5,1,1,2,1,1,1,1
5,5,8,0.00012353656347841024,0,0,3,3,5,2,1,2,1,1,1,1
5,5,11,5.622557728202082e-05,0,0,3,3,5,5,1,2,1,1,1,1
5,5,13,9.982992924051359e-05,0,0,3,3,5,1,1,3,1,1,1,1
5,5,14,7.129813457140699e-05,0,0,3,3,5,2,1,3,1,1,1,1
5,5,16,0.00016575888730585575,0,0,3,3,5,4,1,3,1,1,1,1
5,5,17,0.00017718005983624607,0,0,3,3,5,5,1,3,1,1,1,1
5,5,19,4.289028947823681e-05,0,0,3,3,5,1,1,4,1,1,1,1
5,5,20,7.430556433973834e-05,0,0,3,3,5,2,1,4,1,1,1,1
5,5,22,0.00027882601716555655,0,0,3,3,5,4,1,4,1,1,1,1
5,5,26,0.0002779320057015866,0,0,3,3,5,2,1,5,1,1,1,1
5,5,27,0.00014802542864345014,0,0,3,3,5,3,1,5,1,1,1,1
5,5,29,3.697045394801535e-05,0,0,3,3,5,5,1,5,1,1,1,1
5,5,32,0.00013431465777102858,0,0,3,4,5,2,1,2,1,1,1,1
5,5,33,0.0002724526566453278,0,0,3,4,5,3,1,3,1,1,1,1
5,5,37,0.8309243321418762,0,0,3,5,5,2,1,2,1,2,1,2
5,5,38,0.11068367958068848,0,0,3,5,5,3,1,3,1,2,1,2
5,5,39,0.05426853522658348,0,0,3,5,5,4,1,4,1,2,1,2
5,5,41,0.00018223014194518328,0,1,3,6,5,1,1,0,1,0,1,1
5,5,44,9.237448830390349e-05,0,1,3,6,5,4,1,0,1,0,1,1
5,5,45,0.00012646307004615664,0,1,3,6,5,5,1,0,1,0,1,1
5,6,0,0.0005066202720627189,0,0,3,1,6,0,1,0,1,2,1,4
5,6,2,0.0015314746415242553,0,0,3,3,6,2,1,1,1,1,1,1
5,6,3,0.014031645841896534,0,0,3,3,6,3,1,1,1,1,1,1
5,6,7,0.0011427903082221746,0,0,3,3,6,1,1,2,1,1,1,1
5,6,8,0.0012424171436578035,0,0,3,3,6,2,1,2,1,1,1,1
5,6,11,0.0005784367676824331,0,0,3,3,6,5,1,2,1,1,1,1
5,6,13,0.00022319248819258064,0,0,3,3,6,1,1,3,1,1,1,1
5,6,14,3.784366344916634e-05,0,0,3,3,6,2,1,3,1,1,1,1
5,6,16,0.0002848372678272426,0,0,3,3,6,4,1,3,1,1,1,1
5,6,17,0.0005470227333717048,0,0,3,3,6,5,1,3,1,1,1,1
5,6,19,0.0002824127150233835,0,0,3,3,6,1,1,4,1,1,1,1
5,6,20,0.0004894594894722104,0,0,3,3,6,2,1,4,1,1,1,1
5,6,22,0.0039581977762281895,0,0,3,3,6,4,1,4,1,1,1,1
5,6,26,0.00204189564101398,0,0,3,3,6,2,1,5,1,1,1,1
5,6,27,0.0010648655006662011,0,0,3,3,6,3,1,5,1,1,1,1
5,6,29,0.0003788867325056344,0,0,3,3,6,5,1,5,1,1,1,1
5,6,32,0.0009667865233495831,0,0,3,4,6,2,1,2,1,1,1,1
5,6,33,0.0007254778756760061,0,0,3,4,6,3,1,3,1,1,1,1
5,6,37,0.8585693836212158,0,0,3,5,6,2,1,2,1,2,1,2
5,6,38,0.05751673877239227,0,0,3,5,6,3,1,3,1,2,1,2
5,6,39,0.03794446587562561,0,0,3,5,6,4,1,4,1,2,1,2
5,6,41,0.0030670766718685627,0,1,3,6,6,1,1,0,1,0,1,1
5,6,44,0.0025391466915607452,0,1,3,6,6,4,1,0,1,0,1,1
5,6,45,0.01032874546945095,0,1,3,6,6,5,1,0,1,0,1,1
5,9,0,0.011796049773693085,0,0,3,1,3,0,2,0,1,2,1,4
5,9,2,0.011540917679667473,0,0,3,3,3,2,2,1,1,1,1,1
5,9,3,0.0789232850074768,0,0,3,3,3,3,2,1,1,1,1,1
5,9,7,0.35351380705833435,0,0,3,3,3,1,2,2,1,1,1,1
5,9,8,0.009015423245728016,0,0,3,3,3,2,2,2,1,1,1,1
5,9,11,0.03236907720565796,0,0,3,3,3,5,2,2,1,1,1,1
5,9,13,0.04350795969367027,0,0,3,3,3,1,2,3,1,1,1,1
5,9,14,0.0034563776571303606,0,0,3,3,3,2,2,3,1,1,1,1
5,9,16,0.09502965211868286,0,0,3,3,3,4,2,3,1,1,1,1
5,9,17,0.08708112686872482,0,0,3,3,3,5,2,3,1,1,1,1
5,9,19,0.014725340530276299,0,0,3,3,3,1,2,4,1,1,1,1
5,9,20,0.00455716997385025,0,0,3,3,3,2,2,4,1,1,1,1
5,9,22,0.025966769084334373,0,0,3,3,3,4,2,4,1,1,1,1
5,9,26,0.04051314666867256,0,0,3,3,3,2,2,5,1,1,1,1
5,9,27,0.02530672587454319,0,0,3,3,3,3,2,5,1,1,1,1
5,9,29,0.011602405458688736,0,0,3,3,3,5,2,5,1,1,1,1
5,9,32,0.018842292949557304,0,0,3,4,3,2,2,2,1,1,1,1
5,9,33,0.01863442361354828,0,0,3,4,3,3,2,3,1,1,1,1
5,9,37,0.0669098049402237,0,0,3,5,3,2,2,2,1,2,1,2
5,9,38,0.020021965727210045,0,0,3,5,3,3,2,3,1,2,1,2
5,9,39,0.010537825524806976,0,0,3,5,3,4,2,4,1,2,1,2
5,9,41,0.006582947447896004,0,1,3,6,3,1,2,0,1,0,1,1
5,9,44,0.004107293207198381,0,1,3,6,3,4,2,0,1,0,1,1
5,9,45,0.005458254367113113,0,1,3,6,3,5,2,0,1,0,1,1
5,10,0,0.017451658844947815,0,0,3,1,4,0,2,0,1,2,1,4
5,10,2,0.03882909566164017,0,0,3,3,4,2,2,1,1,1,1,1
5,10,3,0.04704732075333595,0,0,3,3,4,3,2,1,1,1,1,1
5,10,7,0.03951301798224449,0,0,3,3,4,1,2,2,1,1,1,1
5,10,8,0.004911808297038078,0,0,3,3,4,2,2,2,1,1,1,1
5,10,11,0.006865853909403086,0,0,3,3,4,5,2,2,1,1,1,1
5,10,13,0.03175576403737068,0,0,3,3,4,1,2,3,1,1,1,1
5,10,14,0.019952958449721336,0,0,3,3,4,2,2,3,1,1,1,1
5,10,16,0.20218904316425323,0,0,3,3,4,4,2,3,1,1,1,1
5,10,17,0.05210241675376892,0,0,3,3,4,5,2,3,1,1,1,1
5,10,19,0.0026901240926235914,0,0,3,3,4,1,2,4,1,1,1,1
5,10,20,0.002415271243080497,0,0,3,3,4,2,2,4,1,1,1,1
5,10,22,0.006214925087988377,0,0,3,3,4,4,2,4,1,1,1,1
5,10,26,0.043517909944057465,0,0,3,3,4,2,2,5,1,1,1,1
5,10,27,0.028955314308404922,0,0,3,3,4,3,2,5,1,1,1,1
5,10,29,0.00303672649897635,0,0,3,3,4,5,2,5,1,1,1,1
5,10,32,0.008822731673717499,0,0,3,4,4,2,2,2,1,1,1,1
5,10,33,0.023451723158359528,0,0,3,4,4,3,2,3,1,1,1,1
5,10,37,0.26156702637672424,0,0,3,5,4,2,2,2,1,2,1,2
5,10,38,0.1383792757987976,0,0,3,5,4,3,2,3,1,2,1,2
5,10,39,0.018467949703335762,0,0,3,5,4,4,2,4,1,2,1,2
5,10,41,0.0005590540822595358,0,1,3,6,4,1,2,0,1,0,1,1
5,10,44,0.000960283970925957,0,1,3,6,4,4,2,0,1,0,1,1
5,10,45,0.0003430370124988258,0,1,3,6,4,5,2,0,1,0,1,1
5,12,0,0.01439721416682005,0,0,3,1,6,0,2,0,1,2,1,4
5,12,2,0.004585688468068838,0,0,3,3,6,2,2,1,1,1,1,1
5,12,3,0.025198208168148994,0,0,3,3,6,3,2,1,1,1,1,1
5,12,7,0.07444754242897034,0,0,3,3,6,1,2,2,1,1,1,1
5,12,8,0.007002849131822586,0,0,3,3,6,2,2,2,1,1,1,1
5,12,11,0.012455325573682785,0,0,3,3,6,5,2,2,1,1,1,1
5,12,13,0.01013518963009119,0,0,3,3,6,1,2,3,1,1,1,1
5,12,14,0.0003976553853135556,0,0,3,3,6,2,2,3,1,1,1,1
5,12,16,0.03373388200998306,0,0,3,3,6,4,2,3,1,1,1,1
5,12,17,0.021250758320093155,0,0,3,3,6,5,2,3,1,1,1,1
5,12,19,0.012030497193336487,0,0,3,3,6,1,2,4,1,1,1,1
5,12,20,0.0034701682161539793,0,0,3,3,6,2,2,4,1,1,1,1
5,12,22,0.035172075033187866,0,0,3,3,6,4,2,4,1,1,1,1
5,12,26,0.021489853039383888,0,0,3,3,6,2,2,5,1,1,1,1
5,12,27,0.012491358444094658,0,0,3,3,6,3,2,5,1,1,1,1
5,12,29,0.005190598778426647,0,0,3,3,6,5,2,5,1,1,1,1
5,12,32,0.014199391938745975,0,0,3,4,6,2,2,2,1,1,1,1
5,12,33,0.006974963471293449,0,0,3,4,6,3,2,3,1,1,1,1
5,12,37,0.05172741040587425,0,0,3,5,6,2,2,2,1,2,1,2
5,12,38,0.017693456262350082,0,0,3,5,6,3,2,3,1,2,1,2
5,12,39,0.01505284197628498,0,0,3,5,6,4,2,4,1,2,1,2
5,12,41,0.11551794409751892,0,1,3,6,6,1,2,0,1,0,1,1
5,12,44,0.13853056728839874,0,1,3,6,6,4,2,0,1,0,1,1
5,12,45,0.34685462713241577,0,1,3,6,6,5,2,0,1,0,1,1
5,15,0,0.0012908413773402572,0,0,3,1,3,0,3,0,1,2,1,4
5,15,2,0.0010494625894352794,0,0,3,3,3,2,3,1,1,1,1,1
5,15,3,0.0012360470136627555,0,0,3,3,3,3,3,1,1,1,1,1
5,15,7,0.02033788152039051,0,0,3,3,3,1,3,2,1,1,1,1
5,15,8,0.001998351654037833,0,0,3,3,3,2,3,2,1,1,1,1
5,15,11,0.00542119424790144,0,0,3,3,3,5,3,2,1,1,1,1
5,15,13,0.005360073875635862,0,0,3,3,3,1,3,3,1,1,1,1
5,15,14,0.0006616698228754103,0,0,3,3,3,2,3,3,1,1,1,1
5,15,16,0.008238752372562885,0,0,3,3,3,4,3,3,1,1,1,1
5,15,17,0.007013626396656036,0,0,3,3,3,5,3,3,1,1,1,1
5,15,19,0.005832263268530369,0,0,3,3,3,1,3,4,1,1,1,1
5,15,20,0.0028822615277022123,0,0,3,3,3,2,3,4,1,1,1,1
5,15,22,0.02691730670630932,0,0,3,3,3,4,3,4,1,1,1,1
5,15,26,0.003160392865538597,0,0,3,3,3,2,3,5,1,1,1,1
5,15,27,0.0011988159967586398,0,0,3,3,3,3,3,5,1,1,1,1
5,15,29,0.008288294076919556,0,0,3,3,3,5,3,5,1,1,1,1
5,15,32,0.0026050449814647436,0,0,3,4,3,2,3,2,1,1,1,1
5,15,33,0.0007022295612841845,0,0,3,4,3,3,3,3,1,1,1,1
5,15,37,0.021990226581692696,0,0,3,5,3,2,3,2,1,2,1,2
5,15,38,0.005240846890956163,0,0,3,5,3,3,3,3,1,2,1,2
5,15,39,0.031728923320770264,0,0,3,5,3,4,3,4,1,2,1,2
5,15,41,0.11938174068927765,0,1,3,6,3,1,3,0,1,0,1,1
5,15,44,0.1424700766801834,0,1,3,6,3,4,3,0,1,0,1,1
5,15,45,0.5749933123588562,0,1,3,6,3,5,3,0,1,0,1,1
5,18,0,0.0012420782586559653,0,0,3,1,6,0,3,0,1,2,1,4
5,18,2,0.0045941672287881374,0,0,3,3,6,2,3,1,1,1,1,1
5,18,3,0.0062517886981368065,0,0,3,3,6,3,3,1,1,1,1,1
5,18,7,0.029454829171299934,0,0,3,3,6,1,3,2,1,1,1,1
5,18,8,0.005090818274766207,0,0,3,3,6,2,3,2,1,1,1,1
5,18,11,0.012397253885865211,0,0,3,3,6,5,3,2,1,1,1,1
5,18,13,0.0076534743420779705,0,0,3,3,6,1,3,3,1,1,1,1
5,18,14,0.0004371666582301259,0,0,3,3,6,2,3,3,1,1,1,1
5,18,16,0.005098927300423384,0,0,3,3,6,4,3,3,1,1,1,1
5,18,17,0.010578779503703117,0,0,3,3,6,5,3,3,1,1,1,1
5,18,19,0.011573931202292442,0,0,3,3,6,1,3,4,1,1,1,1
5,18,20,0.006126984488219023,0,0,3,3,6,2,3,4,1,1,1,1
5,18,22,0.038863230496644974,0,0,3,3,6,4,3,4,1,1,1,1
5,18,26,0.002107728738337755,0,0,3,3,6,2,3,5,1,1,1,1
5,18,27,0.0025345906615257263,0,0,3,3,6,3,3,5,1,1,1,1
5,18,29,0.0061367228627204895,0,0,3,3,6,5,3,5,1,1,1,1
5,18,32,0.007869495078921318,0,0,3,4,6,2,3,2,1,1,1,1
5,18,33,0.006032212171703577,0,0,3,4,6,3,3,3,1,1,1,1
5,18,37,0.029881995171308517,0,0,3,5,6,2,3,2,1,2,1,2
5,18,38,0.012312236241996288,0,0,3,5,6,3,3,3,1,2,1,2
5,18,39,0.05129939317703247,0,0,3,5,6,4,3,4,1,2,1,2
5,18,41,0.11927935481071472,0,1,3,6,6,1,3,0,1,0,1,1
5,18,44,0.09072969108819962,0,1,3,6,6,4,3,0,1,0,1,1
5,18,45,0.5324532389640808,0,1,3,6,6,5,3,0,1,0,1,1
5,21,0,0.0019351424416527152,0,0,3,1,3,0,4,0,1,2,1,4
5,21,2,0.0008237818256020546,0,0,3,3,3,2,4,1,1,1,1,1
5,21,3,0.010777776129543781,0,0,3,3,3,3,4,1,1,1,1,1
5,21,7,0.005305098835378885,0,0,3,3,3,1,4,2,1,1,1,1
5,21,8,0.0008432588656432927,0,0,3,3,3,2,4,2,1,1,1,1
5,21,11,0.0027084494940936565,0,0,3,3,3,5,4,2,1,1,1,1
5,21,13,0.0025664232671260834,0,0,3,3,3,1,4,3,1,1,1,1
5,21,14,0.000917983241379261,0,0,3,3,3,2,4,3,1,1,1,1
5,21,16,0.0006354236975312233,0,0,3,3,3,4,4,3,1,1,1,1
5,21,17,0.002651928225532174,0,0,3,3,3,5,4,3,1,1,1,1
5,21,19,0.002591454889625311,0,0,3,3,3,1,4,4,1,1,1,1
5,21,20,0.0012591902632266283,0,0,3,3,3,2,4,4,1,1,1,1
5,21,22,0.007087513338774443,0,0,3,3,3,4,4,4,1,1,1,1
5,21,26,0.0020456300117075443,0,0,3,3,3,2,4,5,1,1,1,1
5,21,27,0.003392197424545884,0,0,3,3,3,3,4,5,1,1,1,1
5,21,29,0.0015022601000964642,0,0,3,3,3,5,4,5,1,1,1,1
5,21,32,0.0015607846435159445,0,0,3,4,3,2,4,2,1,1,1,1
5,21,33,0.0027483191806823015,0,0,3,4,3,3,4,3,1,1,1,1
5,21,37,0.5555756092071533,0,0,3,5,3,2,4,2,1,2,1,2
5,21,38,0.2075057476758957,0,0,3,5,3,3,4,3,1,2,1,2
5,21,39,0.140874445438385,0,0,3,5,3,4,4,4,1,2,1,2
5,21,41,0.023239027708768845,0,1,3,6,3,1,4,0,1,0,1,1
5,21,44,0.008569451980292797,0,1,3,6,3,4,4,0,1,0,1,1
5,21,45,0.012882751412689686,0,1,3,6,3,5,4,0,1,0,1,1
5,23,0,0.0008117433171719313,0,0,3,1,5,0,4,0,1,2,1,4
5,23,2,0.0005780257633887231,0,0,3,3,5,2,4,1,1,1,1,1
5,23,3,0.002524611074477434,0,0,3,3,5,3,4,1,1,1,1,1
5,23,7,0.0025029343087226152,0,0,3,3,5,1,4,2,1,1,1,1
5,23,8,0.00032100934186019003,0,0,3,3,5,2,4,2,1,1,1,1
5,23,11,0.0007232482312247157,0,0,3,3,5,5,4,2,1,1,1,1
5,23,13,0.0006250218721106648,0,0,3,3,5,1,4,3,1,1,1,1
5,23,14,0.00011338801414240152,0,0,3,3,5,2,4,3,1,1,1,1
5,23,16,0.0006011090590618551,0,0,3,3,5,4,4,3,1,1,1,1
5,23,17,0.0012431277427822351,0,0,3,3,5,5,4,3,1,1,1,1
5,23,19,0.00045916016097180545,0,0,3,3,5,1,4,4,1,1,1,1
5,23,20,0.0003151681157760322,0,0,3,3,5,2,4,4,1,1,1,1
5,23,22,0.0026105239521712065,0,0,3,3,5,4,4,4,1,1,1,1
5,23,26,0.0007152733742259443,0,0,3,3,5,2,4,5,1,1,1,1
5,23,27,0.0007902681827545166,0,0,3,3,5,3,4,5,1,1,1,1
5,23,29,0.00047793964040465653,0,0,3,3,5,5,4,5,1,1,1,1
5,23,32,0.0005851121968589723,0,0,3,4,5,2,4,2,1,1,1,1
5,23,33,0.0006305833230726421,0,0,3,4,5,3,4,3,1,1,1,1
5,23,37,0.7061747312545776,0,0,3,5,5,2,4,2,1,2,1,2
5,23,38,0.0846085399389267,0,0,3,5,5,3,4,3,1,2,1,2
5,23,39,0.18339450657367706,0,0,3,5,5,4,4,4,1,2,1,2
5,23,41,0.0023839962668716908,0,1,3,6,5,1,4,0,1,0,1,1
5,23,44,0.0019048177637159824,0,1,3,6,5,4,4,0,1,0,1,1
5,23,45,0.004905517678707838,0,1,3,6,5,5,4,0,1,0,1,1
5,24,0,0.0016279708361253142,0,0,3,1,6,0,4,0,1,2,1,4
5,24,2,0.001788936322554946,0,0,3,3,6,2,4,1,1,1,1,1
5,24,3,0.016473647207021713,0,0,3,3,6,3,4,1,1,1,1,1
5,24,7,0.007800501771271229,0,0,3,3,6,1,4,2,1,1,1,1
5,24,8,0.0018572863191366196,0,0,3,3,6,2,4,2,1,1,1,1
5,24,11,0.001987993251532316,0,0,3,3,6,5,4,2,1,1,1,1
5,24,13,0.0031964126974344254,0,0,3,3,6,1,4,3,1,1,1,1
5,24,14,0.0001060332142515108,0,0,3,3,6,2,4,3,1,1,1,1
5,24,16,0.0011677929433062673,0,0,3,3,6,4,4,3,1,1,1,1
5,24,17,0.003014221554622054,0,0,3,3,6,5,4,3,1,1,1,1
5,24,19,0.005551220383495092,0,0,3,3,6,1,4,4,1,1,1,1
5,24,20,0.001614534412510693,0,0,3,3,6,2,4,4,1,1,1,1
5,24,22,0.018031129613518715,0,0,3,3,6,4,4,4,1,1,1,1
5,24,26,0.001938862376846373,0,0,3,3,6,2,4,5,1,1,1,1
5,24,27,0.0036769420839846134,0,0,3,3,6,3,4,5,1,1,1,1
5,24,29,0.0011633115354925394,0,0,3,3,6,5,4,5,1,1,1,1
5,24,32,0.0023103239946067333,0,0,3,4,6,2,4,2,1,1,1,1
5,24,33,0.002676762407645583,0,0,3,4,6,3,4,3,1,1,1,1
5,24,37,0.3145723342895508,0,0,3,5,6,2,4,2,1,2,1,2
5,24,38,0.11669393628835678,0,0,3,5,6,3,4,3,1,2,1,2
5,24,39,0.10685073584318161,0,0,3,5,6,4,4,4,1,2,1,2
5,24,41,0.12437071651220322,0,1,3,6,6,1,4,0,1,0,1,1
5,24,44,0.05767001956701279,0,1,3,6,6,4,4,0,1,0,1,1
5,24,45,0.2038583606481552,0,1,3,6,6,5,4,0,1,0,1,1
5,25,0,0.004434965085238218,0,0,3,1,1,0,5,0,1,2,1,4
5,25,2,0.014422133564949036,0,0,3,3,1,2,5,1,1,1,1,1
5,25,3,0.3566298484802246,0,0,3,3,1,3,5,1,1,1,1,1
5,25,7,0.06917766481637955,0,0,3,3,1,1,5,2,1,1,1,1
5,25,8,0.018825260922312737,0,0,3,3,1,2,5,2,1,1,1,1
5,25,11,0.025604384019970894,0,0,3,3,1,5,5,2,1,1,1,1
5,25,13,0.0019300183048471808,0,0,3,3,1,1,5,3,1,1,1,1
5,25,14,0.0001684757589828223,0,0,3,3,1,2,5,3,1,1,1,1
5,25,16,0.006288294680416584,0,0,3,3,1,4,5,3,1,1,1,1
5,25,17,0.012140890583395958,0,0,3,3,1,5,5,3,1,1,1,1
5,25,19,0.0034759955015033484,0,0,3,3,1,1,5,4,1,1,1,1
5,25,20,0.0029489914886653423,0,0,3,3,1,2,5,4,1,1,1,1
5,25,22,0.05418464168906212,0,0,3,3,1,4,5,4,1,1,1,1
5,25,26,0.033604614436626434,0,0,3,3,1,2,5,5,1,1,1,1
5,25,27,0.03533792123198509,0,0,3,3,1,3,5,5,1,1,1,1
5,25,29,0.018824279308319092,0,0,3,3,1,5,5,5,1,1,1,1
5,25,32,0.01442442461848259,0,0,3,4,1,2,5,2,1,1,1,1
5,25,33,0.004994245246052742,0,0,3,4,1,3,5,3,1,1,1,1
5,25,37,0.2420666664838791,0,0,3,5,1,2,5,2,1,2,1,2
5,25,38,0.011702275834977627,0,0,3,5,1,3,5,3,1,2,1,2
5,25,39,0.02360607497394085,0,0,3,5,1,4,5,4,1,2,1,2
5,25,41,0.004867651965469122,0,1,3,6,1,1,5,0,1,0,1,1
5,25,44,0.010202419944107533,0,1,3,6,1,4,5,0,1,0,1,1
5,25,45,0.030137723311781883,0,1,3,6,1,5,5,0,1,0,1,1
5,28,0,0.0045196604914963245,0,0,3,1,4,0,5,0,1,2,1,4
5,28,2,0.13760071992874146,0,0,3,3,4,2,5,1,1,1,1,1
5,28,3,0.07306285947561264,0,0,3,3,4,3,5,1,1,1,1,1
5,28,7,0.052800726145505905,0,0,3,3,4,1,5,2,1,1,1,1
5,28,8,0.06229660287499428,0,0,3,3,4,2,5,2,1,1,1,1
5,28,11,0.05609465762972832,0,0,3,3,4,5,5,2,1,1,1,1
5,28,13,0.02097664400935173,0,0,3,3,4,1,5,3,1,1,1,1
5,28,14,0.026252998039126396,0,0,3,3,4,2,5,3,1,1,1,1
5,28,16,0.04466020315885544,0,0,3,3,4,4,5,3,1,1,1,1
5,28,17,0.06118367612361908,0,0,3,3,4,5,5,3,1,1,1,1
5,28,19,0.014427425339818,0,0,3,3,4,1,5,4,1,1,1,1
5,28,20,0.03334039822220802,0,0,3,3,4,2,5,4,1,1,1,1
5,28,22,0.05680932104587555,0,0,3,3,4,4,5,4,1,1,1,1
5,28,26,0.026203688234090805,0,0,3,3,4,2,5,5,1,1,1,1
5,28,27,0.02888321690261364,0,0,3,3,4,3,5,5,1,1,1,1
5,28,29,0.0777088925242424,0,0,3,3,4,5,5,5,1,1,1,1
5,28,32,0.031246725469827652,0,0,3,4,4,2,5,2,1,1,1,1
5,28,33,0.02220134437084198,0,0,3,4,4,3,5,3,1,1,1,1
5,28,37,0.08365663886070251,0,0,3,5,4,2,5,2,1,2,1,2
5,28,38,0.01493246853351593,0,0,3,5,4,3,5,3,1,2,1,2
5,28,39,0.05714872106909752,0,0,3,5,4,4,5,4,1,2,1,2
5,28,41,0.002007107250392437,0,1,3,6,4,1,5,0,1,0,1,1
5,28,44,0.002873862162232399,0,1,3,6,4,4,5,0,1,0,1,1
5,28,45,0.00911159347742796,0,1,3,6,4,5,5,0,1,0,1,1
5,30,0,0.0015048894565552473,0,0,3,1,6,0,5,0,1,2,1,4
5,30,2,0.00841503869742155,0,0,3,3,6,2,5,1,1,1,1,1
5,30,3,0.024023201316595078,0,0,3,3,6,3,5,1,1,1,1,1
5,30,7,0.032265499234199524,0,0,3,3,6,1,5,2,1,1,1,1
5,30,8,0.008138300850987434,0,0,3,3,6,2,5,2,1,1,1,1
5,30,11,0.017081554979085922,0,0,3,3,6,5,5,2,1,1,1,1
5,30,13,0.007971578277647495,0,0,3,3,6,1,5,3,1,1,1,1
5,30,14,0.000786959077231586,0,0,3,3,6,2,5,3,1,1,1,1
5,30,16,0.017638225108385086,0,0,3,3,6,4,5,3,1,1,1,1
5,30,17,0.01756264641880989,0,0,3,3,6,5,5,3,1,1,1,1
5,30,19,0.007712344639003277,0,0,3,3,6,1,5,4,1,1,1,1
5,30,20,0.005829337518662214,0,0,3,3,6,2,5,4,1,1,1,1
5,30,22,0.06246968358755112,0,0,3,3,6,4,5,4,1,1,1,1
5,30,26,0.014488616026937962,0,0,3,3,6,2,5,5,1,1,1,1
5,30,27,0.008226515725255013,0,0,3,3,6,3,5,5,1,1,1,1
5,30,29,0.012952093966305256,0,0,3,3,6,5,5,5,1,1,1,1
5,30,32,0.008566929958760738,0,0,3,4,6,2,5,2,1,1,1,1
5,30,33,0.0033559519797563553,0,0,3,4,6,3,5,3,1,1,1,1
5,30,37,0.03170788288116455,0,0,3,5,6,2,5,2,1,2,1,2
5,30,38,0.006721257697790861,0,0,3,5,6,3,5,3,1,2,1,2
5,30,39,0.01057351753115654,0,0,3,5,6,4,5,4,1,2,1,2
5,30,41,0.06194532662630081,0,1,3,6,6,1,5,0,1,0,1,1
5,30,44,0.11601217836141586,0,1,3,6,6,4,5,0,1,0,1,1
5,30,45,0.5140502452850342,0,1,3,6,6,5,5,0,1,0,1,1
5,31,0,9.796261292649433e-05,0,0,4,1,1,0,1,0,1,2,1,4
5,31,2,0.00017832960293162614,0,0,4,3,1,2,1,1,1,1,1,1
5,31,3,0.0042121196165680885,0,0,4,3,1,3,1,1,1,1,1,1
5,31,7,0.0001272476074518636,0,0,4,3,1,1,1,2,1,1,1,1
5,31,8,0.00019061904458794743,0,0,4,3,1,2,1,2,1,1,1,1
5,31,11,3.605675738072023e-05,0,0,4,3,1,5,1,2,1,1,1,1
5,31,13,4.859808541368693e-06,0,0,4,3,1,1,1,3,1,1,1,1
5,31,14,1.8434823232382769e-06,0,0,4,3,1,2,1,3,1,1,1,1
5,31,16,1.9244740542490035e-05,0,0,4,3,1,4,1,3,1,1,1,1
5,31,17,2.2134470782475546e-05,0,0,4,3,1,5,1,3,1,1,1,1
5,31,19,1.6377416613977402e-05,0,0,4,3,1,1,1,4,1,1,1,1
5,31,20,3.157752507831901e-05,0,0,4,3,1,2,1,4,1,1,1,1
5,31,22,0.0008699208265170455,0,0,4,3,1,4,1,4,1,1,1,1
5,31,26,0.0006707755383104086,0,0,4,3,1,2,1,5,1,1,1,1
5,31,27,0.0002393029280938208,0,0,4,3,1,3,1,5,1,1,1,1
5,31,29,6.873562961118296e-05,0,0,4,3,1,5,1,5,1,1,1,1
5,31,32,6.283359107328579e-05,0,0,4,4,1,2,1,2,1,1,1,1
5,31,33,3.608801125665195e-05,0,0,4,4,1,3,1,3,1,1,1,1
5,31,37,0.9563995599746704,0,0,4,5,1,2,1,2,1,2,1,2
5,31,38,0.015486710704863071,0,0,4,5,1,3,1,3,1,2,1,2
5,31,39,0.01950640231370926,0,0,4,5,1,4,1,4,1,2,1,2
5,31,41,0.0003994845028501004,0,1,4,6,1,1,1,0,1,0,1,1
5,31,44,0.000443676661234349,0,1,4,6,1,4,1,0,1,0,1,1
5,31,45,0.0008784762467257679,0,1,4,6,1,5,1,0,1,0,1,1
5,34,0,0.0011512611526995897,0,0,4,1,4,0,4,0,1,2,1,4
5,34,2,0.008693086914718151,0,0,4,3,4,2,4,1,1,1,1,1
5,34,3,0.08420436084270477,0,0,4,3,4,3,4,1,1,1,1,1
5,34,7,0.001033686799928546,0,0,4,3,4,1,4,2,1,1,1,1
5,34,8,0.004537694621831179,0,0,4,3,4,2,4,2,1,1,1,1
5,34,11,0.0013085686368867755,0,0,4,3,4,5,4,2,1,1,1,1
5,34,13,0.00021284291869960725,0,0,4,3,4,1,4,3,1,1,1,1
5,34,14,0.00025801770971156657,0,0,4,3,4,2,4,3,1,1,1,1
5,34,16,0.00026819936465471983,0,0,4,3,4,4,4,3,1,1,1,1
5,34,17,0.0005231929826550186,0,0,4,3,4,5,4,3,1,1,1,1
5,34,19,0.0006927070207893848,0,0,4,3,4,1,4,4,1,1,1,1
5,34,20,0.0015335794305428863,0,0,4,3,4,2,4,4,1,1,1,1
5,34,22,0.00713217630982399,0,0,4,3,4,4,4,4,1,1,1,1
5,34,26,0.010031611658632755,0,0,4,3,4,2,4,5,1,1,1,1
5,34,27,0.004669055808335543,0,0,4,3,4,3,4,5,1,1,1,1
5,34,29,0.0017299213213846087,0,0,4,3,4,5,4,5,1,1,1,1
5,34,32,0.0012167590903118253,0,0,4,4,4,2,4,2,1,1,1,1
5,34,33,0.0014055526116862893,0,0,4,4,4,3,4,3,1,1,1,1
5,34,37,0.7926685214042664,0,0,4,5,4,2,4,2,1,2,1,2
5,34,38,0.051079146564006805,0,0,4,5,4,3,4,3,1,2,1,2
5,34,39,0.018163222819566727,0,0,4,5,4,4,4,4,1,2,1,2
5,34,41,0.002392269903793931,0,1,4,6,4,1,4,0,1,0,1,1
5,34,44,0.00143718090839684,0,1,4,6,4,4,4,0,1,0,1,1
5,34,45,0.0036579077132046223,0,1,4,6,4,5,4,0,1,0,1,1
5,35,0,0.0008794390014372766,0,0,4,1,5,0,5,0,1,2,1,4
5,35,2,0.0057449969463050365,0,0,4,3,5,2,5,1,1,1,1,1
5,35,3,0.0024736456107348204,0,0,4,3,5,3,5,1,1,1,1,1
5,35,7,0.0001759889564709738,0,0,4,3,5,1,5,2,1,1,1,1
5,35,8,0.001908978447318077,0,0,4,3,5,2,5,2,1,1,1,1
5,35,11,0.0002327433758182451,0,0,4,3,5,5,5,2,1,1,1,1
5,35,13,0.00014938948152121156,0,0,4,3,5,1,5,3,1,1,1,1
5,35,14,0.0005223816842772067,0,0,4,3,5,2,5,3,1,1,1,1
5,35,16,0.00024411469348706305,0,0,4,3,5,4,5,3,1,1,1,1
5,35,17,0.00019918408361263573,0,0,4,3,5,5,5,3,1,1,1,1
5,35,19,0.00011106943566119298,0,0,4,3,5,1,5,4,1,1,1,1
5,35,20,0.0011732170823961496,0,0,4,3,5,2,5,4,1,1,1,1
5,35,22,0.001544552156701684,0,0,4,3,5,4,5,4,1,1,1,1
5,35,26,0.0012164805084466934,0,0,4,3,5,2,5,5,1,1,1,1
5,35,27,0.00036519314744509757,0,0,4,3,5,3,5,5,1,1,1,1
5,35,29,0.000617743469774723,0,0,4,3,5,5,5,5,1,1,1,1
5,35,32,0.0005293399444781244,0,0,4,4,5,2,5,2,1,1,1,1
5,35,33,0.0002624564804136753,0,0,4,4,5,3,5,3,1,1,1,1
5,35,37,0.8581674695014954,0,0,4,5,5,2,5,2,1,2,1,2
5,35,38,0.024512937292456627,0,0,4,5,5,3,5,3,1,2,1,2
5,35,39,0.09812580794095993,0,0,4,5,5,4,5,4,1,2,1,2
5,35,41,0.00013226857117842883,0,1,4,6,5,1,5,0,1,0,1,1
5,35,44,0.00019788426288869232,0,1,4,6,5,4,5,0,1,0,1,1
5,35,45,0.0005128626944497228,0,1,4,6,5,5,5,0,1,0,1,1
5,36,0,0.0016284394077956676,0,0,5,1,1,0,1,0,2,2,2,4
5,36,2,0.001243956619873643,0,0,5,3,1,2,1,1,2,1,2,1
5,36,3,0.0017085415311157703,0,0,5,3,1,3,1,1,2,1,2,1
5,36,7,0.0007425633957609534,0,0,5,3,1,1,1,2,2,1,2,1
5,36,8,0.002948595443740487,0,0,5,3,1,2,1,2,2,1,2,1
5,36,11,0.0013315040851011872,0,0,5,3,1,5,1,2,2,1,2,1
5,36,13,0.0005875022034160793,0,0,5,3,1,1,1,3,2,1,2,1
5,36,14,0.00035187267349101603,0,0,5,3,1,2,1,3,2,1,2,1
5,36,16,0.0006586724193766713,0,0,5,3,1,4,1,3,2,1,2,1
5,36,17,0.00041080033406615257,0,0,5,3,1,5,1,3,2,1,2,1
5,36,19,0.003612025175243616,0,0,5,3,1,1,1,4,2,1,2,1
5,36,20,0.0024027491454035044,0,0,5,3,1,2,1,4,2,1,2,1
5,36,22,0.009394151158630848,0,0,5,3,1,4,1,4,2,1,2,1
5,36,26,0.003018241608515382,0,0,5,3,1,2,1,5,2,1,2,1
5,36,27,0.001958792330697179,0,0,5,3,1,3,1,5,2,1,2,1
5,36,29,0.002671157941222191,0,0,5,3,1,5,1,5,2,1,2,1
5,36,32,0.0020162456203252077,0,0,5,4,1,2,1,2,2,1,2,1
5,36,33,0.0010130328591912985,0,0,5,4,1,3,1,3,2,1,2,1
5,36,37,0.0072039952501654625,0,0,5,5,1,2,1,2,2,2,2,2
5,36,38,0.00353094469755888,0,0,5,5,1,3,1,3,2,2,2,2
5,36,39,0.006827719043940306,0,0,5,5,1,4,1,4,2,2,2,2
5,36,41,0.21868379414081573,0,1,5,6,1,1,1,0,2,0,2,1
5,36,44,0.24971771240234375,0,1,5,6,1,4,1,0,2,0,2,1
5,36,45,0.47633692622184753,0,1,5,6,1,5,1,0,2,0,2,1
5,40,0,0.041487377136945724,0,0,5,1,5,0,5,0,2,2,2,4
5,40,2,0.048266973346471786,0,0,5,3,5,2,5,1,2,1,2,1
5,40,3,0.0004755321133416146,0,0,5,3,5,3,5,1,2,1,2,1
5,40,7,0.001136232283897698,0,0,5,3,5,1,5,2,2,1,2,1
5,40,8,0.019291941076517105,0,0,5,3,5,2,5,2,2,1,2,1
5,40,11,0.004696723539382219,0,0,5,3,5,5,5,2,2,1,2,1
5,40,13,0.014323266223073006,0,0,5,3,5,1,5,3,2,1,2,1
5,40,14,0.4892730712890625,0,0,5,3,5,2,5,3,2,1,2,1
5,40,16,0.19443948566913605,0,0,5,3,5,4,5,3,2,1,2,1
5,40,17,0.009318538941442966,0,0,5,3,5,5,5,3,2,1,2,1
5,40,19,0.003363299649208784,0,0,5,3,5,1,5,4,2,1,2,1
5,40,20,0.022200478240847588,0,0,5,3,5,2,5,4,2,1,2,1
5,40,22,0.002865592250600457,0,0,5,3,5,4,5,4,2,1,2,1
5,40,26,0.058942727744579315,0,0,5,3,5,2,5,5,2,1,2,1
5,40,27,0.003459752071648836,0,0,5,3,5,3,5,5,2,1,2,1
5,40,29,0.017928000539541245,0,0,5,3,5,5,5,5,2,1,2,1
5,40,32,0.014889874495565891,0,0,5,4,5,2,5,2,2,1,2,1
5,40,33,0.005401809234172106,0,0,5,4,5,3,5,3,2,1,2,1
5,40,37,0.009231964126229286,0,0,5,5,5,2,5,2,2,2,2,2
5,40,38,0.0075965626165270805,0,0,5,5,5,3,5,3,2,2,2,2
5,40,39,0.004622481297701597,0,0,5,5,5,4,5,4,2,2,2,2
5,40,41,0.003063126699998975,0,1,5,6,5,1,5,0,2,0,2,1
5,40,44,0.0138831976801157,0,1,5,6,5,4,5,0,2,0,2,1
5,40,45,0.009842075407505035,0,1,5,6,5,5,5,0,2,0,2,1
5,42,0,0.003161749104037881,1,0,6,1,2,0,0,0,0,2,1,4
5,42,2,0.002525442047044635,1,0,6,3,2,2,0,1,0,1,1,1
5,42,3,0.003994299564510584,1,0,6,3,2,3,0,1,0,1,1,1
5,42,7,0.11932829767465591,1,0,6,3,2,1,0,2,0,1,1,1
5,42,8,0.001565973274409771,1,0,6,3,2,2,0,2,0,1,1,1
5,42,11,0.037964049726724625,1,0,6,3,2,5,0,2,0,1,1,1
5,42,13,0.10047327727079391,1,0,6,3,2,1,0,3,0,1,1,1
5,42,14,0.07510245591402054,1,0,6,3,2,2,0,3,0,1,1,1
5,42,16,0.3231258690357208,1,0,6,3,2,4,0,3,0,1,1,1
5,42,17,0.1657359004020691,1,0,6,3,2,5,0,3,0,1,1,1
5,42,19,0.04441095516085625,1,0,6,3,2,1,0,4,0,1,1,1
5,42,20,0.002379324520006776,1,0,6,3,2,2,0,4,0,1,1,1
5,42,22,0.006341196596622467,1,0,6,3,2,4,0,4,0,1,1,1
5,42,26,0.016229381784796715,1,0,6,3,2,2,0,5,0,1,1,1
5,42,27,0.03763502091169357,1,0,6,3,2,3,0,5,0,1,1,1
5,42,29,0.027671905234456062,1,0,6,3,2,5,0,5,0,1,1,1
5,42,32,0.003896007314324379,1,0,6,4,2,2,0,2,0,1,1,1
5,42,33,0.009719187393784523,1,0,6,4,2,3,0,3,0,1,1,1
5,42,37,1.9464645447442308e-05,1,0,6,5,2,2,0,2,0,2,1,2
5,42,38,0.00032503687543794513,1,0,6,5,2,3,0,3,0,2,1,2
5,42,39,5.219024023972452e-05,1,0,6,5,2,4,0,4,0,2,1,2
5,42,41,0.008082890883088112,1,1,6,6,2,1,0,0,0,0,1,1
5,42,44,0.007655330002307892,1,1,6,6,2,4,0,0,0,0,1,1
5,42,45,0.002604780253022909,1,1,6,6,2,5,0,0,0,0,1,1
5,43,0,0.005422928370535374,1,0,6,1,3,0,0,0,0,2,1,4
5,43,2,0.004823856055736542,1,0,6,3,3,2,0,1,0,1,1,1
5,43,3,0.004195152781903744,1,0,6,3,3,3,0,1,0,1,1,1
5,43,7,0.05879660323262215,1,0,6,3,3,1,0,2,0,1,1,1
5,43,8,0.003834392409771681,1,0,6,3,3,2,0,2,0,1,1,1
5,43,11,0.04716670140624046,1,0,6,3,3,5,0,2,0,1,1,1
5,43,13,0.0871509462594986,1,0,6,3,3,1,0,3,0,1,1,1
5,43,14,0.3858027160167694,1,0,6,3,3,2,0,3,0,1,1,1
5,43,16,0.09639835357666016,1,0,6,3,3,4,0,3,0,1,1,1
5,43,17,0.11931315064430237,1,0,6,3,3,5,0,3,0,1,1,1
5,43,19,0.04205528274178505,1,0,6,3,3,1,0,4,0,1,1,1
5,43,20,0.010171348229050636,1,0,6,3,3,2,0,4,0,1,1,1
5,43,22,0.010522497817873955,1,0,6,3,3,4,0,4,0,1,1,1
5,43,26,0.01054166816174984,1,0,6,3,3,2,0,5,0,1,1,1
5,43,27,0.025967204943299294,1,0,6,3,3,3,0,5,0,1,1,1
5,43,29,0.06152568757534027,1,0,6,3,3,5,0,5,0,1,1,1
5,43,32,0.005005831364542246,1,0,6,4,3,2,0,2,0,1,1,1
5,43,33,0.008200381882488728,1,0,6,4,3,3,0,3,0,1,1,1
5,43,37,0.0001492403243901208,1,0,6,5,3,2,0,2,0,2,1,2
5,43,38,0.0010743597522377968,1,0,6,5,3,3,0,3,0,2,1,2
5,43,39,0.0007289890199899673,1,0,6,5,3,4,0,4,0,2,1,2
5,43,41,0.005048792343586683,1,1,6,6,3,1,0,0,0,0,1,1
5,43,44,0.004132980480790138,1,1,6,6,3,4,0,0,0,0,1,1
5,43,45,0.0019710450433194637,1,1,6,6,3,5,0,0,0,0,1,1
5,46,0,0.005947091616690159,1,0,6,1,6,0,0,0,0,2,1,4
5,46,2,0.01357452105730772,1,0,6,3,6,2,0,1,0,1,1,1
5,46,3,0.016408180817961693,1,0,6,3,6,3,0,1,0,1,1,1
5,46,7,0.14915135502815247,1,0,6,3,6,1,0,2,0,1,1,1
5,46,8,0.006442458834499121,1,0,6,3,6,2,0,2,0,1,1,1
5,46,11,0.04606442153453827,1,0,6,3,6,5,0,2,0,1,1,1
5,46,13,0.12233327329158783,1,0,6,3,6,1,0,3,0,1,1,1
5,46,14,0.08928291499614716,1,0,6,3,6,2,0,3,0,1,1,1
5,46,16,0.10929777473211288,1,0,6,3,6,4,0,3,0,1,1,1
5,46,17,0.15417610108852386,1,0,6,3,6,5,0,3,0,1,1,1
5,46,19,0.05319751054048538,1,0,6,3,6,1,0,4,0,1,1,1
5,46,20,0.012436356395483017,1,0,6,3,6,2,0,4,0,1,1,1
5,46,22,0.03453190624713898,1,0,6,3,6,4,0,4,0,1,1,1
5,46,26,0.012526354752480984,1,0,6,3,6,2,0,5,0,1,1,1
5,46,27,0.030749762430787086,1,0,6,3,6,3,0,5,0,1,1,1
5,46,29,0.04434042423963547,1,0,6,3,6,5,0,5,0,1,1,1
5,46,32,0.008091920986771584,1,0,6,4,6,2,0,2,0,1,1,1
5,46,33,0.017237277701497078,1,0,6,4,6,3,0,3,0,1,1,1
5,46,37,0.005847427994012833,1,0,6,5,6,2,0,2,0,2,1,2
5,46,38,0.015659425407648087,1,0,6,5,6,3,0,3,0,2,1,2
5,46,39,0.013182244263589382,1,0,6,5,6,4,0,4,0,2,1,2
5,46,41,0.0183192677795887,1,1,6,6,6,1,0,0,0,0,1,1
5,46,44,0.011396382935345173,1,1,6,6,6,4,0,0,0,0,1,1
5,46,45,0.009805522859096527,1,1,6,6,6,5,0,0,0,0,1,1
5,47,0,0.007170420605689287,2,0,7,1,0,0,0,0,0,2,4,4
5,47,2,0.00751745468005538,2,0,7,3,0,2,0,1,0,1,4,1
5,47,3,0.004114947281777859,2,0,7,3,0,3,0,1,0,1,4,1
5,47,7,0.06773223727941513,2,0,7,3,0,1,0,2,0,1,4,1
5,47,8,0.0008627771749161184,2,0,7,3,0,2,0,2,0,1,4,1
5,47,11,0.029731428250670433,2,0,7,3,0,5,0,2,0,1,4,1
5,47,13,0.05045243352651596,2,0,7,3,0,1,0,3,0,1,4,1
5,47,14,0.110011026263237,2,0,7,3,0,2,0,3,0,1,4,1
5,47,16,0.355832040309906,2,0,7,3,0,4,0,3,0,1,4,1
5,47,17,0.27716270089149475,2,0,7,3,0,5,0,3,0,1,4,1
5,47,19,0.012911658734083176,2,0,7,3,0,1,0,4,0,1,4,1
5,47,20,0.005639229901134968,2,0,7,3,0,2,0,4,0,1,4,1
5,47,22,0.019567200914025307,2,0,7,3,0,4,0,4,0,1,4,1
5,47,26,0.00453382171690464,2,0,7,3,0,2,0,5,0,1,4,1
5,47,27,0.023150498047471046,2,0,7,3,0,3,0,5,0,1,4,1
5,47,29,0.010215308517217636,2,0,7,3,0,5,0,5,0,1,4,1
5,47,32,0.0017780319321900606,2,0,7,4,0,2,0,2,0,1,4,1
5,47,33,0.0033549824729561806,2,0,7,4,0,3,0,3,0,1,4,1
5,47,37,0.00029876205371692777,2,0,7,5,0,2,0,2,0,2,4,2
5,47,38,0.0006385008455254138,2,0,7,5,0,3,0,3,0,2,4,2
5,47,39,0.0024518996942788363,2,0,7,5,0,4,0,4,0,2,4,2
5,47,41,0.0006140739424154162,2,1,7,6,0,1,0,0,0,0,4,1
5,47,44,0.002564108930528164,2,1,7,6,0,4,0,0,0,0,4,1
5,47,45,0.001694389502517879,2,1,7,6,0,5,0,0,0,0,4,1
6,1,0,0.6688244342803955,0,0,3,1,1,0,1,0,1,2,1,4
6,1,3,0.000299056206131354,0,0,3,3,1,3,1,1,1,1,1,1
6,1,4,0.0017096023075282574,0,0,3,3,1,4,1,1,1,1,1,1
6,1,5,0.0026488329749554396,0,0,3,3,1,5,1,1,1,1,1,1
6,1,9,0.0007209748146124184,0,0,3,3,1,3,1,2,1,1,1,1
6,1,11,0.0017182475421577692,0,0,3,3,1,5,1,2,1,1,1,1
6,1,12,0.0006794133223593235,0,0,3,3,1,6,1,2,1,1,1,1
6,1,14,0.005562498699873686,0,0,3,3,1,2,1,3,1,1,1,1
6,1,16,0.001671679550781846,0,0,3,3,1,4,1,3,1,1,1,1
6,1,17,0.0023166623432189226,0,0,3,3,1,5,1,3,1,1,1,1
6,1,20,0.010439412668347359,0,0,3,3,1,2,1,4,1,1,1,1
6,1,21,0.0014113534707576036,0,0,3,3,1,3,1,4,1,1,1,1
6,1,22,0.003150569275021553,0,0,3,3,1,4,1,4,1,1,1,1
6,1,25,0.0034151002764701843,0,0,3,3,1,1,1,5,1,1,1,1
6,1,27,0.0007629548199474812,0,0,3,3,1,3,1,5,1,1,1,1
6,1,30,0.005063273012638092,0,0,3,3,1,6,1,5,1,1,1,1
6,1,33,0.0027364983689039946,0,0,3,4,1,3,1,3,1,1,1,1
6,1,34,0.007734173908829689,0,0,3,4,1,4,1,4,1,1,1,1
6,1,35,0.0025387657806277275,0,0,3,4,1,5,1,5,1,1,1,1
6,1,39,0.04311056062579155,0,0,3,5,1,4,1,4,1,2,1,2
6,1,40,0.19620613753795624,0,0,3,5,1,5,1,5,1,2,1,2
6,1,41,0.022406281903386116,0,1,3,6,1,1,1,0,1,0,1,1
6,1,44,0.008273913525044918,0,1,3,6,1,4,1,0,1,0,1,1
6,1,46,0.006599794141948223,0,1,3,6,1,6,1,0,1,0,1,1
6,2,0,0.08985144644975662,0,0,3,1,2,0,1,0,1,2,1,4
6,2,3,0.003938988782465458,0,0,3,3,2,3,1,1,1,1,1,1
6,2,4,0.010140270926058292,0,0,3,3,2,4,1,1,1,1,1,1
6,2,5,0.009583829902112484,0,0,3,3,2,5,1,1,1,1,1,1
6,2,9,0.0013929472770541906,0,0,3,3,2,3,1,2,1,1,1,1
6,2,11,0.010224667377769947,0,0,3,3,2,5,1,2,1,1,1,1
6,2,12,0.0018845308804884553,0,0,3,3,2,6,1,2,1,1,1,1
6,2,14,0.006905780639499426,0,0,3,3,2,2,1,3,1,1,1,1
6,2,16,0.0016333800740540028,0,0,3,3,2,4,1,3,1,1,1,1
6,2,17,0.024975061416625977,0,0,3,3,2,5,1,3,1,1,1,1
6,2,20,0.03379560634493828,0,0,3,3,2,2,1,4,1,1,1,1
6,2,21,0.003930927719920874,0,0,3,3,2,3,1,4,1,1,1,1
6,2,22,0.013523795641958714,0,0,3,3,2,4,1,4,1,1,1,1
6,2,25,0.0073911468498408794,0,0,3,3,2,1,1,5,1,1,1,1
6,2,27,0.0018363043200224638,0,0,3,3,2,3,1,5,1,1,1,1
6,2,30,0.007058358751237392,0,0,3,3,2,6,1,5,1,1,1,1
6,2,33,0.01881353184580803,0,0,3,4,2,3,1,3,1,1,1,1
6,2,34,0.013751366175711155,0,0,3,4,2,4,1,4,1,1,1,1
6,2,35,0.01316238846629858,0,0,3,4,2,5,1,5,1,1,1,1
6,2,39,0.07924856245517731,0,0,3,5,2,4,1,4,1,2,1,2
6,2,40,0.266610324382782,0,0,3,5,2,5,1,5,1,2,1,2
6,2,41,0.10485578328371048,0,1,3,6,2,1,1,0,1,0,1,1
6,2,44,0.11158981919288635,0,1,3,6,2,4,1,0,1,0,1,1
6,2,46,0.16390085220336914,0,1,3,6,2,6,1,0,1,0,1,1
6,6,0,0.8142633438110352,0,0,3,1,6,0,1,0,1,2,1,4
6,6,3,4.384908243082464e-05,0,0,3,3,6,3,1,1,1,1,1,1
6,6,4,0.0010155722266063094,0,0,3,3,6,4,1,1,1,1,1,1
6,6,5,0.00019550010620150715,0,0,3,3,6,5,1,1,1,1,1,1
6,6,9,0.0001005163139780052,0,0,3,3,6,3,1,2,1,1,1,1
6,6,11,0.00017412847955711186,0,0,3,3,6,5,1,2,1,1,1,1
6,6,12,5.7043551350943744e-05,0,0,3,3,6,6,1,2,1,1,1,1
6,6,14,0.00011455132334958762,0,0,3,3,6,2,1,3,1,1,1,1
6,6,16,0.00018458794511388987,0,0,3,3,6,4,1,3,1,1,1,1
6,6,17,0.00020109862089157104,0,0,3,3,6,5,1,3,1,1,1,1
6,6,20,0.0008908089948818088,0,0,3,3,6,2,1,4,1,1,1,1
6,6,21,0.00012923353642690927,0,0,3,3,6,3,1,4,1,1,1,1
6,6,22,0.0005804191459901631,0,0,3,3,6,4,1,4,1,1,1,1
6,6,25,0.00045482636778615415,0,0,3,3,6,1,1,5,1,1,1,1
6,6,27,4.2500738345552236e-05,0,0,3,3,6,3,1,5,1,1,1,1
6,6,30,0.0005961500573903322,0,0,3,3,6,6,1,5,1,1,1,1
6,6,33,0.0008617762359790504,0,0,3,4,6,3,1,3,1,1,1,1
6,6,34,0.0061345286667346954,0,0,3,4,6,4,1,4,1,1,1,1
6,6,35,0.0005133377853780985,0,0,3,4,6,5,1,5,1,1,1,1
6,6,39,0.01836164854466915,0,0,3,5,6,4,1,4,1,2,1,2
6,6,40,0.04730602726340294,0,0,3,5,6,5,1,5,1,2,1,2
6,6,41,0.06910780072212219,0,1,3,6,6,1,1,0,1,0,1,1
6,6,44,0.02737722359597683,0,1,3,6,6,4,1,0,1,0,1,1
6,6,46,0.011293687857687473,0,1,3,6,6,6,1,0,1,0,1,1
6,7,0,0.9990195631980896,0,0,3,1,1,0,2,0,1,2,1,4
6,7,3,2.4725386182922193e-08,0,0,3,3,1,3,2,1,1,1,1,1
6,7,4,2.0986485083085427e-07,0,0,3,3,1,4,2,1,1,1,1,1
6,7,5,4.6473797965518315e-07,0,0,3,3,1,5,2,1,1,1,1,1
6,7,9,6.732054913527463e-08,0,0,3,3,1,3,2,2,1,1,1,1
6,7,11,3.1855319093665457e-07,0,0,3,3,1,5,2,2,1,1,1,1
6,7,12,1.0518708393192355e-07,0,0,3,3,1,6,2,2,1,1,1,1
6,7,14,5.299849021866976e-07,0,0,3,3,1,2,2,3,1,1,1,1
6,7,16,9.743835107656196e-07,0,0,3,3,1,4,2,3,1,1,1,1
6,7,17,9.52107370721933e-08,0,0,3,3,1,5,2,3,1,1,1,1
6,7,20,7.444760740327183e-06,0,0,3,3,1,2,2,4,1,1,1,1
6,7,21,2.807517205383192e-07,0,0,3,3,1,3,2,4,1,1,1,1
6,7,22,8.018867561077059e-07,0,0,3,3,1,4,2,4,1,1,1,1
6,7,25,3.2290409990309854e-07,0,0,3,3,1,1,2,5,1,1,1,1
6,7,27,9.600386263741711e-09,0,0,3,3,1,3,2,5,1,1,1,1
6,7,30,3.991451364981913e-07,0,0,3,3,1,6,2,5,1,1,1,1
6,7,33,5.8198718733137866e-08,0,0,3,4,1,3,2,3,1,1,1,1
6,7,34,1.759559495440044e-06,0,0,3,4,1,4,2,4,1,1,1,1
6,7,35,8.647809579542809e-08,0,0,3,4,1,5,2,5,1,1,1,1
6,7,39,0.0002444737474434078,0,0,3,5,1,4,2,4,1,2,1,2
6,7,40,0.0006547189550474286,0,0,3,5,1,5,2,5,1,2,1,2
6,7,41,3.728327646967955e-05,0,1,3,6,1,1,2,0,1,0,1,1
6,7,44,2.933567520813085e-05,0,1,3,6,1,4,2,0,1,0,1,1
6,7,46,1.2490870631154394e-06,0,1,3,6,1,6,2,0,1,0,1,1
6,8,0,0.988567054271698,0,0,3,1,2,0,2,0,1,2,1,4
6,8,3,1.0396016705271904e-06,0,0,3,3,2,3,2,1,1,1,1,1
6,8,4,8.913399369703257e-07,0,0,3,3,2,4,2,1,1,1,1,1
6,8,5,1.5134206478251144e-05,0,0,3,3,2,5,2,1,1,1,1,1
6,8,9,2.370477858448794e-07,0,0,3,3,2,3,2,2,1,1,1,1
6,8,11,8.840407645038795e-06,0,0,3,3,2,5,2,2,1,1,1,1
6,8,12,1.0350980801376863e-06,0,0,3,3,2,6,2,2,1,1,1,1
6,8,14,1.7075209370887023e-06,0,0,3,3,2,2,2,3,1,1,1,1
6,8,16,4.2963188207068015e-06,0,0,3,3,2,4,2,3,1,1,1,1
6,8,17,5.983967184874928e-06,0,0,3,3,2,5,2,3,1,1,1,1
6,8,20,5.9079815400764346e-05,0,0,3,3,2,2,2,4,1,1,1,1
6,8,21,8.878744210960576e-07,0,0,3,3,2,3,2,4,1,1,1,1
6,8,22,6.464836587838363e-06,0,0,3,3,2,4,2,4,1,1,1,1
6,8,25,1.7856333442978212e-06,0,0,3,3,2,1,2,5,1,1,1,1
6,8,27,7.685653002909021e-08,0,0,3,3,2,3,2,5,1,1,1,1
6,8,30,1.2236873772053514e-06,0,0,3,3,2,6,2,5,1,1,1,1
6,8,33,2.8308020318945637e-06,0,0,3,4,2,3,2,3,1,1,1,1
6,8,34,4.0001973502512556e-06,0,0,3,4,2,4,2,4,1,1,1,1
6,8,35,3.0199460070434725e-06,0,0,3,4,2,5,2,5,1,1,1,1
6,8,39,0.0007837122539058328,0,0,3,5,2,4,2,4,1,2,1,2
6,8,40,0.004311725962907076,0,0,3,5,2,5,2,5,1,2,1,2
6,8,41,0.0025251719634979963,0,1,3,6,2,1,2,0,1,0,1,1
6,8,44,0.0034491349942982197,0,1,3,6,2,4,2,0,1,0,1,1
6,8,46,0.00024501641746610403,0,1,3,6,2,6,2,0,1,0,1,1
6,10,0,0.9975898861885071,0,0,3,1,4,0,2,0,1,2,1,4
6,10,3,3.789506664020337e-08,0,0,3,3,4,3,2,1,1,1,1,1
6,10,4,5.911118350354627e-08,0,0,3,3,4,4,2,1,1,1,1,1
6,10,5,5.891488967790792e-07,0,0,3,3,4,5,2,1,1,1,1,1
6,10,9,1.0982078890720004e-07,0,0,3,3,4,3,2,2,1,1,1,1
6,10,11,4.879766493104398e-07,0,0,3,3,4,5,2,2,1,1,1,1
6,10,12,1.8554617042809696e-07,0,0,3,3,4,6,2,2,1,1,1,1
6,10,14,2.491552208994108e-07,0,0,3,3,4,2,2,3,1,1,1,1
6,10,16,4.2308883507757855e-07,0,0,3,3,4,4,2,3,1,1,1,1
6,10,17,1.0631343627665046e-07,0,0,3,3,4,5,2,3,1,1,1,1
6,10,20,4.915272256766912e-06,0,0,3,3,4,2,2,4,1,1,1,1
6,10,21,3.2798709526105085e-07,0,0,3,3,4,3,2,4,1,1,1,1
6,10,22,1.135129991780559e-06,0,0,3,3,4,4,2,4,1,1,1,1
6,10,25,2.6555710519460263e-07,0,0,3,3,4,1,2,5,1,1,1,1
6,10,27,1.2045968666996032e-08,0,0,3,3,4,3,2,5,1,1,1,1
6,10,30,2.7701480576070026e-07,0,0,3,3,4,6,2,5,1,1,1,1
6,10,33,3.078459798189215e-08,0,0,3,4,4,3,2,3,1,1,1,1
6,10,34,8.764906169744791e-07,0,0,3,4,4,4,2,4,1,1,1,1
6,10,35,1.2104987945349421e-07,0,0,3,4,4,5,2,5,1,1,1,1
6,10,39,0.0004906794638372958,0,0,3,5,4,4,2,4,1,2,1,2
6,10,40,0.0008047387236729264,0,0,3,5,4,5,2,5,1,2,1,2
6,10,41,0.00045379926450550556,0,1,3,6,4,1,2,0,1,0,1,1
6,10,44,0.0006366595043800771,0,1,3,6,4,4,2,0,1,0,1,1
6,10,46,1.5383844583993778e-05,0,1,3,6,4,6,2,0,1,0,1,1
6,13,0,0.7529645562171936,0,0,3,1,1,0,3,0,1,2,1,4
6,13,3,0.0046422709710896015,0,0,3,3,1,3,3,1,1,1,1,1
6,13,4,0.0022528243716806173,0,0,3,3,1,4,3,1,1,1,1,1
6,13,5,0.004031706601381302,0,0,3,3,1,5,3,1,1,1,1,1
6,13,9,0.006212886422872543,0,0,3,3,1,3,3,2,1,1,1,1
6,13,11,0.003694958286359906,0,0,3,3,1,5,3,2,1,1,1,1
6,13,12,0.002622100291773677,0,0,3,3,1,6,3,2,1,1,1,1
6,13,14,0.03869428485631943,0,0,3,3,1,2,3,3,1,1,1,1
6,13,16,0.011653129011392593,0,0,3,3,1,4,3,3,1,1,1,1
6,13,17,0.013535243459045887,0,0,3,3,1,5,3,3,1,1,1,1
6,13,20,0.01787717267870903,0,0,3,3,1,2,3,4,1,1,1,1
6,13,21,0.005808755289763212,0,0,3,3,1,3,3,4,1,1,1,1
6,13,22,0.0033541538286954165,0,0,3,3,1,4,3,4,1,1,1,1
6,13,25,0.004218252841383219,0,0,3,3,1,1,3,5,1,1,1,1
6,13,27,0.009735328145325184,0,0,3,3,1,3,3,5,1,1,1,1
6,13,30,0.004004655871540308,0,0,3,3,1,6,3,5,1,1,1,1
6,13,33,0.011096259579062462,0,0,3,4,1,3,3,3,1,1,1,1
6,13,34,0.0023128408938646317,0,0,3,4,1,4,3,4,1,1,1,1
6,13,35,0.005677022505551577,0,0,3,4,1,5,3,5,1,1,1,1
6,13,39,0.00689967954531312,0,0,3,5,1,4,3,4,1,2,1,2
6,13,40,0.048657748848199844,0,0,3,5,1,5,3,5,1,2,1,2
6,13,41,0.014749996364116669,0,1,3,6,1,1,3,0,1,0,1,1
6,13,44,0.012105850502848625,0,1,3,6,1,4,3,0,1,0,1,1
6,13,46,0.013198583386838436,0,1,3,6,1,6,3,0,1,0,1,1
6,15,0,0.5758827328681946,0,0,3,1,3,0,3,0,1,2,1,4
6,15,3,0.003109333338215947,0,0,3,3,3,3,3,1,1,1,1,1
6,15,4,0.003132019890472293,0,0,3,3,3,4,3,1,1,1,1,1
6,15,5,0.0022731281351298094,0,0,3,3,3,5,3,1,1,1,1,1
6,15,9,0.007490844465792179,0,0,3,3,3,3,3,2,1,1,1,1
6,15,11,0.005113064777106047,0,0,3,3,3,5,3,2,1,1,1,1
6,15,12,0.003916793502867222,0,0,3,3,3,6,3,2,1,1,1,1
6,15,14,0.01883009634912014,0,0,3,3,3,2,3,3,1,1,1,1
6,15,16,0.00634403619915247,0,0,3,3,3,4,3,3,1,1,1,1
6,15,17,0.011186819523572922,0,0,3,3,3,5,3,3,1,1,1,1
6,15,20,0.016990823671221733,0,0,3,3,3,2,3,4,1,1,1,1
6,15,21,0.005742249079048634,0,0,3,3,3,3,3,4,1,1,1,1
6,15,22,0.0046988921239972115,0,0,3,3,3,4,3,4,1,1,1,1
6,15,25,0.0026582961436361074,0,0,3,3,3,1,3,5,1,1,1,1
6,15,27,0.0026679786387830973,0,0,3,3,3,3,3,5,1,1,1,1
6,15,30,0.0038116020150482655,0,0,3,3,3,6,3,5,1,1,1,1
6,15,33,0.030313773080706596,0,0,3,4,3,3,3,3,1,1,1,1
6,15,34,0.009190309792757034,0,0,3,4,3,4,3,4,1,1,1,1
6,15,35,0.004333683755248785,0,0,3,4,3,5,3,5,1,1,1,1
6,15,39,0.036712709814310074,0,0,3,5,3,4,3,4,1,2,1,2
6,15,40,0.10238095372915268,0,0,3,5,3,5,3,5,1,2,1,2
6,15,41,0.041517361998558044,0,1,3,6,3,1,3,0,1,0,1,1
6,15,44,0.04499688372015953,0,1,3,6,3,4,3,0,1,0,1,1
6,15,46,0.05670589953660965,0,1,3,6,3,6,3,0,1,0,1,1
6,18,0,0.2352578043937683,0,0,3,1,6,0,3,0,1,2,1,4
6,18,3,0.0006473237299360335,0,0,3,3,6,3,3,1,1,1,1,1
6,18,4,0.001427601557224989,0,0,3,3,6,4,3,1,1,1,1,1
6,18,5,0.0012787323212251067,0,0,3,3,6,5,3,1,1,1,1,1
6,18,9,0.003945034928619862,0,0,3,3,6,3,3,2,1,1,1,1
6,18,11,0.0033502732403576374,0,0,3,3,6,5,3,2,1,1,1,1
6,18,12,0.0025948025286197662,0,0,3,3,6,6,3,2,1,1,1,1
6,18,14,0.001435023732483387,0,0,3,3,6,2,3,3,1,1,1,1
6,18,16,0.0016241514822468162,0,0,3,3,6,4,3,3,1,1,1,1
6,18,17,0.0022056654561311007,0,0,3,3,6,5,3,3,1,1,1,1
6,18,20,0.0034956042654812336,0,0,3,3,6,2,3,4,1,1,1,1
6,18,21,0.001973698614165187,0,0,3,3,6,3,3,4,1,1,1,1
6,18,22,0.003403562121093273,0,0,3,3,6,4,3,4,1,1,1,1
6,18,25,0.0016494266455993056,0,0,3,3,6,1,3,5,1,1,1,1
6,18,27,0.00041784014320001006,0,0,3,3,6,3,3,5,1,1,1,1
6,18,30,0.002544452203437686,0,0,3,3,6,6,3,5,1,1,1,1
6,18,33,0.017906202003359795,0,0,3,4,6,3,3,3,1,1,1,1
6,18,34,0.04090677201747894,0,0,3,4,6,4,3,4,1,1,1,1
6,18,35,0.004154643509536982,0,0,3,4,6,5,3,5,1,1,1,1
6,18,39,0.03625057265162468,0,0,3,5,6,4,3,4,1,2,1,2
6,18,40,0.0641229897737503,0,0,3,5,6,5,3,5,1,2,1,2
6,18,41,0.324728786945343,0,1,3,6,6,1,3,0,1,0,1,1
6,18,44,0.15994615852832794,0,1,3,6,6,4,3,0,1,0,1,1
6,18,46,0.08473293483257294,0,1,3,6,6,6,3,0,1,0,1,1
6,19,0,0.9511814117431641,0,0,3,1,1,0,4,0,1,2,1,4
6,19,3,3.773437856580131e-05,0,0,3,3,1,3,4,1,1,1,1,1
6,19,4,6.78294527460821e-05,0,0,3,3,1,4,4,1,1,1,1,1
6,19,5,0.00039072983781807125,0,0,3,3,1,5,4,1,1,1,1,1
6,19,9,9.220466017723083e-05,0,0,3,3,1,3,4,2,1,1,1,1
6,19,11,0.0002593050303403288,0,0,3,3,1,5,4,2,1,1,1,1
6,19,12,0.0001430273987352848,0,0,3,3,1,6,4,2,1,1,1,1
6,19,14,0.0005336691974662244,0,0,3,3,1,2,4,3,1,1,1,1
6,19,16,0.0001881364587461576,0,0,3,3,1,4,4,3,1,1,1,1
6,19,17,8.308182441396639e-05,0,0,3,3,1,5,4,3,1,1,1,1
6,19,20,0.0020741375628858805,0,0,3,3,1,2,4,4,1,1,1,1
6,19,21,0.00045222064363770187,0,0,3,3,1,3,4,4,1,1,1,1
6,19,22,0.0006742225959897041,0,0,3,3,1,4,4,4,1,1,1,1
6,19,25,0.0003500744351185858,0,0,3,3,1,1,4,5,1,1,1,1
6,19,27,4.0511295082978904e-05,0,0,3,3,1,3,4,5,1,1,1,1
6,19,30,0.0003058240399695933,0,0,3,3,1,6,4,5,1,1,1,1
6,19,33,6.9257516770449e-06,0,0,3,4,1,3,4,3,1,1,1,1
6,19,34,0.00025163328973576427,0,0,3,4,1,4,4,4,1,1,1,1
6,19,35,7.83217474236153e-05,0,0,3,4,1,5,4,5,1,1,1,1
6,19,39,0.013582021929323673,0,0,3,5,1,4,4,4,1,2,1,2
6,19,40,0.02500954270362854,0,0,3,5,1,5,4,5,1,2,1,2
6,19,41,0.001974354963749647,0,1,3,6,1,1,4,0,1,0,1,1
6,19,44,0.0020270042587071657,0,1,3,6,1,4,4,0,1,0,1,1
6,19,46,0.00019649401656351984,0,1,3,6,1,6,4,0,1,0,1,1
6,23,0,0.7749449610710144,0,0,3,1,5,0,4,0,1,2,1,4
6,23,3,0.0007984659750945866,0,0,3,3,5,3,4,1,1,1,1,1
6,23,4,0.0034533063881099224,0,0,3,3,5,4,4,1,1,1,1,1
6,23,5,0.009153458289802074,0,0,3,3,5,5,4,1,1,1,1,1
6,23,9,0.0017705796053633094,0,0,3,3,5,3,4,2,1,1,1,1
6,23,11,0.0027259928174316883,0,0,3,3,5,5,4,2,1,1,1,1
6,23,12,0.0029991373885422945,0,0,3,3,5,6,4,2,1,1,1,1
6,23,14,0.0018901099683716893,0,0,3,3,5,2,4,3,1,1,1,1
6,23,16,0.0025555661413818598,0,0,3,3,5,4,4,3,1,1,1,1
6,23,17,0.0011808740673586726,0,0,3,3,5,5,4,3,1,1,1,1
6,23,20,0.0029905817937105894,0,0,3,3,5,2,4,4,1,1,1,1
6,23,21,0.003580222837626934,0,0,3,3,5,3,4,4,1,1,1,1
6,23,22,0.010593991726636887,0,0,3,3,5,4,4,4,1,1,1,1
6,23,25,0.002982478588819504,0,0,3,3,5,1,4,5,1,1,1,1
6,23,27,0.0011116411769762635,0,0,3,3,5,3,4,5,1,1,1,1
6,23,30,0.004774808883666992,0,0,3,3,5,6,4,5,1,1,1,1
6,23,33,6.84420665493235e-05,0,0,3,4,5,3,4,3,1,1,1,1
6,23,34,0.0030339641962200403,0,0,3,4,5,4,4,4,1,1,1,1
6,23,35,0.0014828809071332216,0,0,3,4,5,5,4,5,1,1,1,1
6,23,39,0.032165106385946274,0,0,3,5,5,4,4,4,1,2,1,2
6,23,40,0.045932136476039886,0,0,3,5,5,5,4,5,1,2,1,2
6,23,41,0.037288449704647064,0,1,3,6,5,1,4,0,1,0,1,1
6,23,44,0.04172145947813988,0,1,3,6,5,4,4,0,1,0,1,1
6,23,46,0.010800632648169994,0,1,3,6,5,6,4,0,1,0,1,1
6,24,0,0.09591351449489594,0,0,3,1,6,0,4,0,1,2,1,4
6,24,3,0.0018850305350497365,0,0,3,3,6,3,4,1,1,1,1,1
6,24,4,0.0008406106499023736,0,0,3,3,6,4,4,1,1,1,1,1
6,24,5,0.005463041830807924,0,0,3,3,6,5,4,1,1,1,1,1
6,24,9,0.0016994212055578828,0,0,3,3,6,3,4,2,1,1,1,1
6,24,11,0.0055488767102360725,0,0,3,3,6,5,4,2,1,1,1,1
6,24,12,0.0021690463181585073,0,0,3,3,6,6,4,2,1,1,1,1
6,24,14,0.0022888300009071827,0,0,3,3,6,2,4,3,1,1,1,1
6,24,16,0.00018949709192384034,0,0,3,3,6,4,4,3,1,1,1,1
6,24,17,0.016671722754836082,0,0,3,3,6,5,4,3,1,1,1,1
6,24,20,0.02778567560017109,0,0,3,3,6,2,4,4,1,1,1,1
6,24,21,0.0030325015541166067,0,0,3,3,6,3,4,4,1,1,1,1
6,24,22,0.012909234501421452,0,0,3,3,6,4,4,4,1,1,1,1
6,24,25,0.016313934698700905,0,0,3,3,6,1,4,5,1,1,1,1
6,24,27,0.0016584424301981926,0,0,3,3,6,3,4,5,1,1,1,1
6,24,30,0.004674294497817755,0,0,3,3,6,6,4,5,1,1,1,1
6,24,33,0.004344371147453785,0,0,3,4,6,3,4,3,1,1,1,1
6,24,34,0.011839272454380989,0,0,3,4,6,4,4,4,1,1,1,1
6,24,35,0.022189835086464882,0,0,3,4,6,5,4,5,1,1,1,1
6,24,39,0.04926556721329689,0,0,3,5,6,4,4,4,1,2,1,2
6,24,40,0.2463015615940094,0,0,3,5,6,5,4,5,1,2,1,2
6,24,41,0.3076474666595459,0,1,3,6,6,1,4,0,1,0,1,1
6,24,44,0.0934784784913063,0,1,3,6,6,4,4,0,1,0,1,1
6,24,46,0.06588978320360184,0,1,3,6,6,6,4,0,1,0,1,1
6,26,0,0.9828625917434692,0,0,3,1,2,0,5,0,1,2,1,4
6,26,3,5.6491517170798033e-05,0,0,3,3,2,3,5,1,1,1,1,1
6,26,4,5.2047227654838935e-05,0,0,3,3,2,4,5,1,1,1,1,1
6,26,5,0.000469669874291867,0,0,3,3,2,5,5,1,1,1,1,1
6,26,9,3.35959302901756e-05,0,0,3,3,2,3,5,2,1,1,1,1
6,26,11,0.00011023918341379613,0,0,3,3,2,5,5,2,1,1,1,1
6,26,12,7.757495041005313e-05,0,0,3,3,2,6,5,2,1,1,1,1
6,26,14,0.0002311349380761385,0,0,3,3,2,2,5,3,1,1,1,1
6,26,16,0.00016716890968382359,0,0,3,3,2,4,5,3,1,1,1,1
6,26,17,0.00012293273175600916,0,0,3,3,2,5,5,3,1,1,1,1
6,26,20,0.0004743118479382247,0,0,3,3,2,2,5,4,1,1,1,1
6,26,21,0.00010683314030757174,0,0,3,3,2,3,5,4,1,1,1,1
6,26,22,0.0002905065775848925,0,0,3,3,2,4,5,4,1,1,1,1
6,26,25,8.618833089713007e-05,0,0,3,3,2,1,5,5,1,1,1,1
6,26,27,4.7574354539392516e-05,0,0,3,3,2,3,5,5,1,1,1,1
6,26,30,8.914302452467382e-05,0,0,3,3,2,6,5,5,1,1,1,1
6,26,33,2.3742811663396424e-06,0,0,3,4,2,3,5,3,1,1,1,1
6,26,34,1.2282825082365889e-05,0,0,3,4,2,4,5,4,1,1,1,1
6,26,35,3.489330629236065e-05,0,0,3,4,2,5,5,5,1,1,1,1
6,26,39,0.0021480077411979437,0,0,3,5,2,4,5,4,1,2,1,2
6,26,40,0.008177933283150196,0,0,3,5,2,5,5,5,1,2,1,2
6,26,41,0.0011436230270192027,0,1,3,6,2,1,5,0,1,0,1,1
6,26,44,0.0026508739683777094,0,1,3,6,2,4,5,0,1,0,1,1
6,26,46,0.0005518450634554029,0,1,3,6,2,6,5,0,1,0,1,1
6,28,0,0.9984307885169983,0,0,3,1,4,0,5,0,1,2,1,4
6,28,3,1.0944759054609676e-07,0,0,3,3,4,3,5,1,1,1,1,1
6,28,4,2.577183124685689e-07,0,0,3,3,4,4,5,1,1,1,1,1
6,28,5,2.2718313630321063e-06,0,0,3,3,4,5,5,1,1,1,1,1
6,28,9,3.50417593608654e-07,0,0,3,3,4,3,5,2,1,1,1,1
6,28,11,1.01867146895529e-06,0,0,3,3,4,5,5,2,1,1,1,1
6,28,12,6.442523954319768e-07,0,0,3,3,4,6,5,2,1,1,1,1
6,28,14,1.3731978469877504e-06,0,0,3,3,4,2,5,3,1,1,1,1
6,28,16,2.5682295472506667e-06,0,0,3,3,4,4,5,3,1,1,1,1
6,28,17,3.2676615546733956e-07,0,0,3,3,4,5,5,3,1,1,1,1
6,28,20,5.944081294728676e-06,0,0,3,3,4,2,5,4,1,1,1,1
6,28,21,9.578257049724925e-07,0,0,3,3,4,3,5,4,1,1,1,1
6,28,22,1.971183110072161e-06,0,0,3,3,4,4,5,4,1,1,1,1
6,28,25,4.4637715745921014e-07,0,0,3,3,4,1,5,5,1,1,1,1
6,28,27,4.494123473364198e-08,0,0,3,3,4,3,5,5,1,1,1,1
6,28,30,9.71246549852367e-07,0,0,3,3,4,6,5,5,1,1,1,1
6,28,33,5.255156665384675e-08,0,0,3,4,4,3,5,3,1,1,1,1
6,28,34,1.4084614576859167e-06,0,0,3,4,4,4,5,4,1,1,1,1
6,28,35,2.0008467060961266e-07,0,0,3,4,4,5,5,5,1,1,1,1
6,28,39,0.00024906813632696867,0,0,3,5,4,4,5,4,1,2,1,2
6,28,40,0.0007538486970588565,0,0,3,5,4,5,5,5,1,2,1,2
6,28,41,0.0002135218383045867,0,1,3,6,4,1,5,0,1,0,1,1
6,28,44,0.00031692301854491234,0,1,3,6,4,4,5,0,1,0,1,1
6,28,46,1.4110288248048164e-05,0,1,3,6,4,6,5,0,1,0,1,1
6,29,0,0.44359147548675537,0,0,3,1,5,0,5,0,1,2,1,4
6,29,3,0.0028944602236151695,0,0,3,3,5,3,5,1,1,1,1,1
6,29,4,0.014409712515771389,0,0,3,3,5,4,5,1,1,1,1,1
6,29,5,0.009984202682971954,0,0,3,3,5,5,5,1,1,1,1,1
6,29,9,0.0037133521400392056,0,0,3,3,5,3,5,2,1,1,1,1
6,29,11,0.006108105648308992,0,0,3,3,5,5,5,2,1,1,1,1
6,29,12,0.0026178343687206507,0,0,3,3,5,6,5,2,1,1,1,1
6,29,14,0.011634781956672668,0,0,3,3,5,2,5,3,1,1,1,1
6,29,16,0.004923681262880564,0,0,3,3,5,4,5,3,1,1,1,1
6,29,17,0.011621511541306973,0,0,3,3,5,5,5,3,1,1,1,1
6,29,20,0.022619450464844704,0,0,3,3,5,2,5,4,1,1,1,1
6,29,21,0.006717689801007509,0,0,3,3,5,3,5,4,1,1,1,1
6,29,22,0.016125354915857315,0,0,3,3,5,4,5,4,1,1,1,1
6,29,25,0.010977635160088539,0,0,3,3,5,1,5,5,1,1,1,1
6,29,27,0.005287910811603069,0,0,3,3,5,3,5,5,1,1,1,1
6,29,30,0.008355963975191116,0,0,3,3,5,6,5,5,1,1,1,1
6,29,33,0.004159820266067982,0,0,3,4,5,3,5,3,1,1,1,1
6,29,34,0.012263044714927673,0,0,3,4,5,4,5,4,1,1,1,1
6,29,35,0.010988416150212288,0,0,3,4,5,5,5,5,1,1,1,1
6,29,39,0.03953161835670471,0,0,3,5,5,4,5,4,1,2,1,2
6,29,40,0.14753852784633636,0,0,3,5,5,5,5,5,1,2,1,2
6,29,41,0.08244571834802628,0,1,3,6,5,1,5,0,1,0,1,1
6,29,44,0.056719742715358734,0,1,3,6,5,4,5,0,1,0,1,1
6,29,46,0.06477012485265732,0,1,3,6,5,6,5,0,1,0,1,1
6,31,0,0.9717125296592712,0,0,4,1,1,0,1,0,1,2,1,4
6,31,3,1.9384340703254566e-05,0,0,4,3,1,3,1,1,1,1,1,1
6,31,4,0.0004241315182298422,0,0,4,3,1,4,1,1,1,1,1,1
6,31,5,0.00021216869936324656,0,0,4,3,1,5,1,1,1,1,1,1
6,31,9,8.755999442655593e-05,0,0,4,3,1,3,1,2,1,1,1,1
6,31,11,0.0001287388731725514,0,0,4,3,1,5,1,2,1,1,1,1
6,31,12,7.13886838639155e-05,0,0,4,3,1,6,1,2,1,1,1,1
6,31,14,0.00030480121495202184,0,0,4,3,1,2,1,3,1,1,1,1
6,31,16,0.0007456076564267278,0,0,4,3,1,4,1,3,1,1,1,1
6,31,17,2.76407299679704e-05,0,0,4,3,1,5,1,3,1,1,1,1
6,31,20,0.0002428615844110027,0,0,4,3,1,2,1,4,1,1,1,1
6,31,21,0.00015608849935233593,0,0,4,3,1,3,1,4,1,1,1,1
6,31,22,0.0002335825120098889,0,0,4,3,1,4,1,4,1,1,1,1
6,31,25,7.385172648355365e-05,0,0,4,3,1,1,1,5,1,1,1,1
6,31,27,3.6747507692780346e-05,0,0,4,3,1,3,1,5,1,1,1,1
6,31,30,0.00032164534786716104,0,0,4,3,1,6,1,5,1,1,1,1
6,31,33,3.782167550525628e-05,0,0,4,4,1,3,1,3,1,1,1,1
6,31,34,0.0003724411071743816,0,0,4,4,1,4,1,4,1,1,1,1
6,31,35,3.690579978865571e-05,0,0,4,4,1,5,1,5,1,1,1,1
6,31,39,0.0045800162479281425,0,0,4,5,1,4,1,4,1,2,1,2
6,31,40,0.016718627884984016,0,0,4,5,1,5,1,5,1,2,1,2
6,31,41,0.0013217588420957327,0,1,4,6,1,1,1,0,1,0,1,1
6,31,44,0.001735309837386012,0,1,4,6,1,4,1,0,1,0,1,1
6,31,46,0.0003986563242506236,0,1,4,6,1,6,1,0,1,0,1,1
6,32,0,0.995331883430481,0,0,4,1,2,0,2,0,1,2,1,4
6,32,3,2.616086476336932e-07,0,0,4,3,2,3,2,1,1,1,1,1
6,32,4,2.174296724888336e-07,0,0,4,3,2,4,2,1,1,1,1,1
6,32,5,1.0281960385327693e-06,0,0,4,3,2,5,2,1,1,1,1,1
6,32,9,4.171522505203029e-07,0,0,4,3,2,3,2,2,1,1,1,1
6,32,11,1.8277389699505875e-06,0,0,4,3,2,5,2,2,1,1,1,1
6,32,12,6.173664814923541e-07,0,0,4,3,2,6,2,2,1,1,1,1
6,32,14,8.52303855936043e-07,0,0,4,3,2,2,2,3,1,1,1,1
6,32,16,1.0347708894187235e-06,0,0,4,3,2,4,2,3,1,1,1,1
6,32,17,3.537251132001984e-07,0,0,4,3,2,5,2,3,1,1,1,1
6,32,20,2.1163852579775266e-05,0,0,4,3,2,2,2,4,1,1,1,1
6,32,21,1.3089025969748036e-06,0,0,4,3,2,3,2,4,1,1,1,1
6,32,22,3.198689910277608e-06,0,0,4,3,2,4,2,4,1,1,1,1
6,32,25,1.1082897799497005e-06,0,0,4,3,2,1,2,5,1,1,1,1
6,32,27,6.045203804205812e-08,0,0,4,3,2,3,2,5,1,1,1,1
6,32,30,9.155594966614444e-07,0,0,4,3,2,6,2,5,1,1,1,1
6,32,33,2.0599391348241625e-07,0,0,4,4,2,3,2,3,1,1,1,1
6,32,34,1.9072228951699799e-06,0,0,4,4,2,4,2,4,1,1,1,1
6,32,35,3.2902957514124864e-07,0,0,4,4,2,5,2,5,1,1,1,1
6,32,39,0.0011764647206291556,0,0,4,5,2,4,2,4,1,2,1,2
6,32,40,0.0020600128918886185,0,0,4,5,2,5,2,5,1,2,1,2
6,32,41,0.0004137199721299112,0,1,4,6,2,1,2,0,1,0,1,1
6,32,44,0.0009617063333280385,0,1,4,6,2,4,2,0,1,0,1,1
6,32,46,1.9890283510903828e-05,0,1,4,6,2,6,2,0,1,0,1,1
6,36,0,0.0002957129036076367,0,0,5,1,1,0,1,0,2,2,2,4
6,36,3,0.0003378156980033964,0,0,5,3,1,3,1,1,2,1,2,1
6,36,4,0.0038829504046589136,0,0,5,3,1,4,1,1,2,1,2,1
6,36,5,4.1235482058255e-05,0,0,5,3,1,5,1,1,2,1,2,1
6,36,9,0.00032961100805550814,0,0,5,3,1,3,1,2,2,1,2,1
6,36,11,0.0003272651229053736,0,0,5,3,1,5,1,2,2,1,2,1
6,36,12,5.272564521874301e-05,0,0,5,3,1,6,1,2,2,1,2,1
6,36,14,0.0005831151502206922,0,0,5,3,1,2,1,3,2,1,2,1
6,36,16,0.00020862164092250168,0,0,5,3,1,4,1,3,2,1,2,1
6,36,17,0.005702943075448275,0,0,5,3,1,5,1,3,2,1,2,1
6,36,20,0.003534981282427907,0,0,5,3,1,2,1,4,2,1,2,1
6,36,21,0.00022670053294859827,0,0,5,3,1,3,1,4,2,1,2,1
6,36,22,0.0003808960609603673,0,0,5,3,1,4,1,4,2,1,2,1
6,36,25,0.0012750067980960011,0,0,5,3,1,1,1,5,2,1,2,1
6,36,27,0.0001608808961464092,0,0,5,3,1,3,1,5,2,1,2,1
6,36,30,0.0007787272916175425,0,0,5,3,1,6,1,5,2,1,2,1
6,36,33,0.7487150430679321,0,0,5,4,1,3,1,3,2,1,2,1
6,36,34,0.12955035269260406,0,0,5,4,1,4,1,4,2,1,2,1
6,36,35,0.006772838998585939,0,0,5,4,1,5,1,5,2,1,2,1
6,36,39,0.001703309011645615,0,0,5,5,1,4,1,4,2,2,2,2
6,36,40,0.0017261189641430974,0,0,5,5,1,5,1,5,2,2,2,2
6,36,41,0.040217116475105286,0,1,5,6,1,1,1,0,2,0,2,1
6,36,44,0.007187361363321543,0,1,5,6,1,4,1,0,2,0,2,1
6,36,46,0.0460086464881897,0,1,5,6,1,6,1,0,2,0,2,1
6,37,0,0.0015715673798695207,0,0,5,1,2,0,2,0,2,2,2,4
6,37,3,5.538542245631106e-05,0,0,5,3,2,3,2,1,2,1,2,1
6,37,4,0.00021774231572635472,0,0,5,3,2,4,2,1,2,1,2,1
6,37,5,2.071522976621054e-05,0,0,5,3,2,5,2,1,2,1,2,1
6,37,9,7.100652965164045e-06,0,0,5,3,2,3,2,2,2,1,2,1
6,37,11,0.00010522308730287477,0,0,5,3,2,5,2,2,2,1,2,1
6,37,12,3.4540660180937266e-06,0,0,5,3,2,6,2,2,2,1,2,1
6,37,14,7.04782769389567e-06,0,0,5,3,2,2,2,3,2,1,2,1
6,37,16,9.892832167679444e-06,0,0,5,3,2,4,2,3,2,1,2,1
6,37,17,0.000623145722784102,0,0,5,3,2,5,2,3,2,1,2,1
6,37,20,0.0006082911277189851,0,0,5,3,2,2,2,4,2,1,2,1
6,37,21,1.4042357179278042e-05,0,0,5,3,2,3,2,4,2,1,2,1
6,37,22,0.00010741697042249143,0,0,5,3,2,4,2,4,2,1,2,1
6,37,25,8.386441186303273e-05,0,0,5,3,2,1,2,5,2,1,2,1
6,37,27,2.791322003758978e-06,0,0,5,3,2,3,2,5,2,1,2,1
6,37,30,2.2611709937336855e-05,0,0,5,3,2,6,2,5,2,1,2,1
6,37,33,0.010097631253302097,0,0,5,4,2,3,2,3,2,1,2,1
6,37,34,0.005329088307917118,0,0,5,4,2,4,2,4,2,1,2,1
6,37,35,0.0008094799122773111,0,0,5,4,2,5,2,5,2,1,2,1
6,37,39,0.0008868321310728788,0,0,5,5,2,4,2,4,2,2,2,2
6,37,40,0.0017223359318450093,0,0,5,5,2,5,2,5,2,2,2,2
6,37,41,0.4910481870174408,0,1,5,6,2,1,2,0,2,0,2,1
6,37,44,0.2933846712112427,0,1,5,6,2,4,2,0,2,0,2,1
6,37,46,0.19326163828372955,0,1,5,6,2,6,2,0,2,0,2,1
6,38,0,6.663658859906718e-05,0,0,5,1,3,0,3,0,2,2,2,4
6,38,3,0.0017039297381415963,0,0,5,3,3,3,3,1,2,1,2,1
6,38,4,0.00318339467048645,0,0,5,3,3,4,3,1,2,1,2,1
6,38,5,0.00013048503024037927,0,0,5,3,3,5,3,1,2,1,2,1
6,38,9,0.002516553271561861,0,0,5,3,3,3,3,2,2,1,2,1
6,38,11,0.0013214219361543655,0,0,5,3,3,5,3,2,2,1,2,1
6,38,12,0.0006011195364408195,0,0,5,3,3,6,3,2,2,1,2,1
6,38,14,0.0033066871110349894,0,0,5,3,3,2,3,3,2,1,2,1
6,38,16,0.0011170330690219998,0,0,5,3,3,4,3,3,2,1,2,1
6,38,17,0.01784367300570011,0,0,5,3,3,5,3,3,2,1,2,1
6,38,20,0.0019810774829238653,0,0,5,3,3,2,3,4,2,1,2,1
6,38,21,0.0008670801180414855,0,0,5,3,3,3,3,4,2,1,2,1
6,38,22,0.0006147589883767068,0,0,5,3,3,4,3,4,2,1,2,1
6,38,25,0.000677736708894372,0,0,5,3,3,1,3,5,2,1,2,1
6,38,27,0.0006361648556776345,0,0,5,3,3,3,3,5,2,1,2,1
6,38,30,0.0005832331953570247,0,0,5,3,3,6,3,5,2,1,2,1
6,38,33,0.7272941470146179,0,0,5,4,3,3,3,3,2,1,2,1
6,38,34,0.03785465657711029,0,0,5,4,3,4,3,4,2,1,2,1
6,38,35,0.007543366868048906,0,0,5,4,3,5,3,5,2,1,2,1
6,38,39,0.00048708810936659575,0,0,5,5,3,4,3,4,2,2,2,2
6,38,40,0.00044211995555087924,0,0,5,5,3,5,3,5,2,2,2,2
6,38,41,0.02582772634923458,0,1,5,6,3,1,3,0,2,0,2,1
6,38,44,0.012169656343758106,0,1,5,6,3,4,3,0,2,0,2,1
6,38,46,0.15122997760772705,0,1,5,6,3,6,3,0,2,0,2,1
6,42,0,0.9968810081481934,1,0,6,1,2,0,0,0,0,2,1,4
6,42,3,3.386827529539005e-07,1,0,6,3,2,3,0,1,0,1,1,1
6,42,4,8.507986990480276e-07,1,0,6,3,2,4,0,1,0,1,1,1
6,42,5,4.416238255089411e-07,1,0,6,3,2,5,0,1,0,1,1,1
6,42,9,2.1559469587373314e-07,1,0,6,3,2,3,0,2,0,1,1,1
6,42,11,5.316757665241312e-07,1,0,6,3,2,5,0,2,0,1,1,1
6,42,12,2.3673187854456046e-07,1,0,6,3,2,6,0,2,0,1,1,1
6,42,14,9.171399995011598e-08,1,0,6,3,2,2,0,3,0,1,1,1
6,42,16,1.2512963394328835e-06,1,0,6,3,2,4,0,3,0,1,1,1
6,42,17,1.6991041462688372e-08,1,0,6,3,2,5,0,3,0,1,1,1
6,42,20,1.4551885669789044e-06,1,0,6,3,2,2,0,4,0,1,1,1
6,42,21,1.4254542293201666e-06,1,0,6,3,2,3,0,4,0,1,1,1
6,42,22,2.922001613114844e-06,1,0,6,3,2,4,0,4,0,1,1,1
6,42,25,3.6760042121386505e-07,1,0,6,3,2,1,0,5,0,1,1,1
6,42,27,5.914044365340487e-08,1,0,6,3,2,3,0,5,0,1,1,1
6,42,30,1.496725190008874e-06,1,0,6,3,2,6,0,5,0,1,1,1
6,42,33,1.2660488213356302e-09,1,0,6,4,2,3,0,3,0,1,1,1
6,42,34,3.528249976625375e-07,1,0,6,4,2,4,0,4,0,1,1,1
6,42,35,1.6083882670159255e-08,1,0,6,4,2,5,0,5,0,1,1,1
6,42,39,0.0003402880684006959,1,0,6,5,2,4,0,4,0,2,1,2
6,42,40,0.00019107732805423439,1,0,6,5,2,5,0,5,0,2,1,2
6,42,41,9.250265429727733e-05,1,1,6,6,2,1,0,0,0,0,1,1
6,42,44,0.00247991387732327,1,1,6,6,2,4,0,0,0,0,1,1
6,42,46,3.4484867228457006e-06,1,1,6,6,2,6,0,0,0,0,1,1
6,43,0,0.9786849021911621,1,0,6,1,3,0,0,0,0,2,1,4
6,43,3,0.00010022136120824143,1,0,6,3,3,3,0,1,0,1,1,1
6,43,4,0.00044239588896743953,1,0,6,3,3,4,0,1,0,1,1,1
6,43,5,7.138479850254953e-05,1,0,6,3,3,5,0,1,0,1,1,1
6,43,9,6.686089909635484e-05,1,0,6,3,3,3,0,2,0,1,1,1
6,43,11,5.973859879304655e-05,1,0,6,3,3,5,0,2,0,1,1,1
6,43,12,3.5749213566305116e-05,1,0,6,3,3,6,0,2,0,1,1,1
6,43,14,0.0002824067778419703,1,0,6,3,3,2,0,3,0,1,1,1
6,43,16,0.00029913996695540845,1,0,6,3,3,4,0,3,0,1,1,1
6,43,17,2.5466735678492114e-05,1,0,6,3,3,5,0,3,0,1,1,1
6,43,20,0.0005004521226510406,1,0,6,3,3,2,0,4,0,1,1,1
6,43,21,0.00034290971234440804,1,0,6,3,3,3,0,4,0,1,1,1
6,43,22,0.00048324099043384194,1,0,6,3,3,4,0,4,0,1,1,1
6,43,25,0.00024018694239202887,1,0,6,3,3,1,0,5,0,1,1,1
6,43,27,0.0002250664692837745,1,0,6,3,3,3,0,5,0,1,1,1
6,43,30,0.0005348078557290137,1,0,6,3,3,6,0,5,0,1,1,1
6,43,33,1.4804775219090516e-06,1,0,6,4,3,3,0,3,0,1,1,1
6,43,34,3.1270577892428264e-05,1,0,6,4,3,4,0,4,0,1,1,1
6,43,35,1.0407250556454528e-05,1,0,6,4,3,5,0,5,0,1,1,1
6,43,39,0.006831621751189232,1,0,6,5,3,4,0,4,0,2,1,2
6,43,40,0.005715754348784685,1,0,6,5,3,5,0,5,0,2,1,2
6,43,41,0.0004727856139652431,1,1,6,6,3,1,0,0,0,0,1,1
6,43,44,0.004326166119426489,1,1,6,6,3,4,0,0,0,0,1,1
6,43,46,0.00021591983386315405,1,1,6,6,3,6,0,0,0,0,1,1
6,45,0,0.9752033352851868,1,0,6,1,5,0,0,0,0,2,1,4
6,45,3,1.7926713553606533e-05,1,0,6,3,5,3,0,1,0,1,1,1
6,45,4,0.0003918652073480189,1,0,6,3,5,4,0,1,0,1,1,1
6,45,5,0.00014495041978079826,1,0,6,3,5,5,0,1,0,1,1,1
6,45,9,2.3418413547915407e-05,1,0,6,3,5,3,0,2,0,1,1,1
6,45,11,4.49270082754083e-05,1,0,6,3,5,5,0,2,0,1,1,1
6,45,12,2.126405161106959e-05,1,0,6,3,5,6,0,2,0,1,1,1
6,45,14,4.546516720438376e-05,1,0,6,3,5,2,0,3,0,1,1,1
6,45,16,0.00010080382344312966,1,0,6,3,5,4,0,3,0,1,1,1
6,45,17,5.124124527355889e-06,1,0,6,3,5,5,0,3,0,1,1,1
6,45,20,9.76782466750592e-05,1,0,6,3,5,2,0,4,0,1,1,1
6,45,21,0.00014819236821494997,1,0,6,3,5,3,0,4,0,1,1,1
6,45,22,0.00040812816587276757,1,0,6,3,5,4,0,4,0,1,1,1
6,45,25,0.00013900717021897435,1,0,6,3,5,1,0,5,0,1,1,1
6,45,27,4.93944862682838e-05,1,0,6,3,5,3,0,5,0,1,1,1
6,45,30,0.0005900099058635533,1,0,6,3,5,6,0,5,0,1,1,1
6,45,33,2.3001128113264713e-07,1,0,6,4,5,3,0,3,0,1,1,1
6,45,34,5.57462808501441e-05,1,0,6,4,5,4,0,4,0,1,1,1
6,45,35,9.016543117468245e-06,1,0,6,4,5,5,0,5,0,1,1,1
6,45,39,0.004882013890892267,1,0,6,5,5,4,0,4,0,2,1,2
6,45,40,0.011154038831591606,1,0,6,5,5,5,0,5,0,2,1,2
6,45,41,0.0011237269500270486,1,1,6,6,5,1,0,0,0,0,1,1
6,45,44,0.0052003622986376286,1,1,6,6,5,4,0,0,0,0,1,1
6,45,46,0.00014413842291105539,1,1,6,6,5,6,0,0,0,0,1,1
6,47,0,0.0013887555105611682,2,0,7,1,0,0,0,0,0,2,4,4
6,47,3,0.005597417708486319,2,0,7,3,0,3,0,1,0,1,4,1
6,47,4,0.03690934553742409,2,0,7,3,0,4,0,1,0,1,4,1
6,47,5,0.002750117564573884,2,0,7,3,0,5,0,1,0,1,4,1
6,47,9,0.019037367776036263,2,0,7,3,0,3,0,2,0,1,4,1
6,47,11,0.007726524956524372,2,0,7,3,0,5,0,2,0,1,4,1
6,47,12,0.027733104303479195,2,0,7,3,0,6,0,2,0,1,4,1
6,47,14,0.019169416278600693,2,0,7,3,0,2,0,3,0,1,4,1
6,47,16,0.8479551672935486,2,0,7,3,0,4,0,3,0,1,4,1
6,47,17,0.0003692970785778016,2,0,7,3,0,5,0,3,0,1,4,1
6,47,20,0.0012985814828425646,2,0,7,3,0,2,0,4,0,1,4,1
6,47,21,0.01610986702144146,2,0,7,3,0,3,0,4,0,1,4,1
6,47,22,0.0008482435951009393,2,0,7,3,0,4,0,4,0,1,4,1
6,47,25,0.0001240069541381672,2,0,7,3,0,1,0,5,0,1,4,1
6,47,27,0.00045034068170934916,2,0,7,3,0,3,0,5,0,1,4,1
6,47,30,0.0012670892756432295,2,0,7,3,0,6,0,5,0,1,4,1
6,47,33,0.00579681945964694,2,0,7,4,0,3,0,3,0,1,4,1
6,47,34,0.00449841283261776,2,0,7,4,0,4,0,4,0,1,4,1
6,47,35,6.806786404922605e-05,2,0,7,4,0,5,0,5,0,1,4,1
6,47,39,0.0007191883632913232,2,0,7,5,0,4,0,4,0,2,4,2
6,47,40,0.00010895004379563034,2,0,7,5,0,5,0,5,0,2,4,2
6,47,41,4.035659003420733e-06,2,1,7,6,0,1,0,0,0,0,4,1
6,47,44,4.034222729387693e-05,2,1,7,6,0,4,0,0,0,0,4,1
6,47,46,2.924406544480007e-05,2,1,7,6,0,6,0,0,0,0,4,1
7,0,1,0.0011462854454293847,0,0,1,3,0,1,0,1,2,1,4,1
7,0,2,0.002475637709721923,0,0,1,3,0,2,0,1,2,1,4,1
7,0,6,0.002605566056445241,0,0,1,3,0,6,0,1,2,1,4,1
7,0,7,0.007107677403837442,0,0,1,3,0,1,0,2,2,1,4,1
7,0,8,0.020174793899059296,0,0,1,3,0,2,0,2,2,1,4,1
7,0,10,0.006627910770475864,0,0,1,3,0,4,0,2,2,1,4,1
7,0,13,0.004370989743620157,0,0,1,3,0,1,0,3,2,1,4,1
7,0,15,0.031514476984739304,0,0,1,3,0,3,0,3,2,1,4,1
7,0,18,0.019717885181307793,0,0,1,3,0,6,0,3,2,1,4,1
7,0,19,0.015539516694843769,0,0,1,3,0,1,0,4,2,1,4,1
7,0,23,0.003421079134568572,0,0,1,3,0,5,0,4,2,1,4,1
7,0,24,0.035422421991825104,0,0,1,3,0,6,0,4,2,1,4,1
7,0,26,0.021254492923617363,0,0,1,3,0,2,0,5,2,1,4,1
7,0,28,0.01180604100227356,0,0,1,3,0,4,0,5,2,1,4,1
7,0,29,0.009663762524724007,0,0,1,3,0,5,0,5,2,1,4,1
7,0,31,0.005289742257446051,0,0,1,4,0,1,0,1,2,1,4,1
7,0,32,0.04236189275979996,0,0,1,4,0,2,0,2,2,1,4,1
7,0,36,0.0018925424665212631,0,0,1,5,0,1,0,1,2,2,4,2
7,0,37,0.03037431836128235,0,0,1,5,0,2,0,2,2,2,4,2
7,0,38,0.042833227664232254,0,0,1,5,0,3,0,3,2,2,4,2
7,0,42,0.22657790780067444,0,1,1,6,0,2,0,0,2,0,4,1
7,0,43,0.1583009660243988,0,1,1,6,0,3,0,0,2,0,4,1
7,0,45,0.07709812372922897,0,1,1,6,0,5,0,0,2,0,4,1
7,0,47,0.22242258489131927,0,2,1,7,0,0,0,0,2,0,4,4
7,3,1,0.12799149751663208,0,0,3,3,3,1,1,1,1,1,1,1
7,3,2,0.061799243092536926,0,0,3,3,3,2,1,1,1,1,1,1
7,3,6,0.15159036219120026,0,0,3,3,3,6,1,1,1,1,1,1
7,3,7,0.011969076469540596,0,0,3,3,3,1,1,2,1,1,1,1
7,3,8,0.006231585051864386,0,0,3,3,3,2,1,2,1,1,1,1
7,3,10,0.00071423762710765,0,0,3,3,3,4,1,2,1,1,1,1
7,3,13,0.009576467797160149,0,0,3,3,3,1,1,3,1,1,1,1
7,3,15,0.006688229739665985,0,0,3,3,3,3,1,3,1,1,1,1
7,3,18,0.011125384829938412,0,0,3,3,3,6,1,3,1,1,1,1
7,3,19,0.05016756430268288,0,0,3,3,3,1,1,4,1,1,1,1
7,3,23,0.009747873991727829,0,0,3,3,3,5,1,4,1,1,1,1
7,3,24,0.0505090206861496,0,0,3,3,3,6,1,4,1,1,1,1
7,3,26,0.04438455030322075,0,0,3,3,3,2,1,5,1,1,1,1
7,3,28,0.003658150788396597,0,0,3,3,3,4,1,5,1,1,1,1
7,3,29,0.025774016976356506,0,0,3,3,3,5,1,5,1,1,1,1
7,3,31,0.03169488534331322,0,0,3,4,3,1,1,1,1,1,1,1
7,3,32,0.010161306709051132,0,0,3,4,3,2,1,2,1,1,1,1
7,3,36,0.27516981959342957,0,0,3,5,3,1,1,1,1,2,1,2
7,3,37,0.027493996545672417,0,0,3,5,3,2,1,2,1,2,1,2
7,3,38,0.011655800975859165,0,0,3,5,3,3,1,3,1,2,1,2
7,3,42,0.02992437221109867,0,1,3,6,3,2,1,0,1,0,1,1
7,3,43,0.007515607867389917,0,1,3,6,3,3,1,0,1,0,1,1
7,3,45,0.014390479773283005,0,1,3,6,3,5,1,0,1,0,1,1
7,3,47,0.020066440105438232,0,2,3,7,3,0,1,0,1,0,1,4
7,4,1,0.0019331666408106685,0,0,3,3,4,1,1,1,1,1,1,1
7,4,2,0.008570368401706219,0,0,3,3,4,2,1,1,1,1,1,1
7,4,6,0.8463755249977112,0,0,3,3,4,6,1,1,1,1,1,1
7,4,7,0.0008097423706203699,0,0,3,3,4,1,1,2,1,1,1,1
7,4,8,0.0005394440377131104,0,0,3,3,4,2,1,2,1,1,1,1
7,4,10,0.0014467020519077778,0,0,3,3,4,4,1,2,1,1,1,1
7,4,13,0.0013475953601300716,0,0,3,3,4,1,1,3,1,1,1,1
7,4,15,0.01864383928477764,0,0,3,3,4,3,1,3,1,1,1,1
7,4,18,0.016839707270264626,0,0,3,3,4,6,1,3,1,1,1,1
7,4,19,7.698087574681267e-05,0,0,3,3,4,1,1,4,1,1,1,1
7,4,23,0.0001764813350746408,0,0,3,3,4,5,1,4,1,1,1,1
7,4,24,0.023029256612062454,0,0,3,3,4,6,1,4,1,1,1,1
7,4,26,0.0028770859353244305,0,0,3,3,4,2,1,5,1,1,1,1
7,4,28,0.0021114402916282415,0,0,3,3,4,4,1,5,1,1,1,1
7,4,29,0.0006798467948101461,0,0,3,3,4,5,1,5,1,1,1,1
7,4,31,0.0014248578809201717,0,0,3,4,4,1,1,1,1,1,1,1
7,4,32,0.000650623464025557,0,0,3,4,4,2,1,2,1,1,1,1
7,4,36,0.0036758347414433956,0,0,3,5,4,1,1,1,1,2,1,2
7,4,37,0.006149887572973967,0,0,3,5,4,2,1,2,1,2,1,2
7,4,38,0.044882941991090775,0,0,3,5,4,3,1,3,1,2,1,2
7,4,42,0.0005266820080578327,0,1,3,6,4,2,1,0,1,0,1,1
7,4,43,0.0009024080354720354,0,1,3,6,4,3,1,0,1,0,1,1
7,4,45,0.0009717260254547,0,1,3,6,4,5,1,0,1,0,1,1
7,4,47,0.015358355827629566,0,2,3,7,4,0,1,0,1,0,1,4
7,5,1,0.033295888453722,0,0,3,3,5,1,1,1,1,1,1,1
7,5,2,0.029109450057148933,0,0,3,3,5,2,1,1,1,1,1,1
7,5,6,0.6341570615768433,0,0,3,3,5,6,1,1,1,1,1,1
7,5,7,0.006985368672758341,0,0,3,3,5,1,1,2,1,1,1,1
7,5,8,0.0010599128436297178,0,0,3,3,5,2,1,2,1,1,1,1
7,5,10,0.0008133360533975065,0,0,3,3,5,4,1,2,1,1,1,1
7,5,13,0.007421793416142464,0,0,3,3,5,1,1,3,1,1,1,1
7,5,15,0.012543252669274807,0,0,3,3,5,3,1,3,1,1,1,1
7,5,18,0.01059966254979372,0,0,3,3,5,6,1,3,1,1,1,1
7,5,19,0.013958362862467766,0,0,3,3,5,1,1,4,1,1,1,1
7,5,23,0.0038968068547546864,0,0,3,3,5,5,1,4,1,1,1,1
7,5,24,0.04447644203901291,0,0,3,3,5,6,1,4,1,1,1,1
7,5,26,0.015600505284965038,0,0,3,3,5,2,1,5,1,1,1,1
7,5,28,0.002295693149790168,0,0,3,3,5,4,1,5,1,1,1,1
7,5,29,0.01041652262210846,0,0,3,3,5,5,1,5,1,1,1,1
7,5,31,0.03517643362283707,0,0,3,4,5,1,1,1,1,1,1,1
7,5,32,0.0023988212924450636,0,0,3,4,5,2,1,2,1,1,1,1
7,5,36,0.06390800327062607,0,0,3,5,5,1,1,1,1,2,1,2
7,5,37,0.004289210774004459,0,0,3,5,5,2,1,2,1,2,1,2
7,5,38,0.009060418233275414,0,0,3,5,5,3,1,3,1,2,1,2
7,5,42,0.01721888966858387,0,1,3,6,5,2,1,0,1,0,1,1
7,5,43,0.008565164171159267,0,1,3,6,5,3,1,0,1,0,1,1
7,5,45,0.015469190664589405,0,1,3,6,5,5,1,0,1,0,1,1
7,5,47,0.01728340983390808,0,2,3,7,5,0,1,0,1,0,1,4
7,9,1,0.027467265725135803,0,0,3,3,3,1,2,1,1,1,1,1
7,9,2,0.07532186806201935,0,0,3,3,3,2,2,1,1,1,1,1
7,9,6,0.053740132600069046,0,0,3,3,3,6,2,1,1,1,1,1
7,9,7,0.005768937990069389,0,0,3,3,3,1,2,2,1,1,1,1
7,9,8,0.026581084355711937,0,0,3,3,3,2,2,2,1,1,1,1
7,9,10,0.012190216220915318,0,0,3,3,3,4,2,2,1,1,1,1
7,9,13,0.008354460820555687,0,0,3,3,3,1,2,3,1,1,1,1
7,9,15,0.0022865876089781523,0,0,3,3,3,3,2,3,1,1,1,1
7,9,18,0.012113130651414394,0,0,3,3,3,6,2,3,1,1,1,1
7,9,19,0.05405643954873085,0,0,3,3,3,1,2,4,1,1,1,1
7,9,23,0.16211463510990143,0,0,3,3,3,5,2,4,1,1,1,1
7,9,24,0.032583173364400864,0,0,3,3,3,6,2,4,1,1,1,1
7,9,26,0.09826982021331787,0,0,3,3,3,2,2,5,1,1,1,1
7,9,28,0.020588595420122147,0,0,3,3,3,4,2,5,1,1,1,1
7,9,29,0.15104539692401886,0,0,3,3,3,5,2,5,1,1,1,1
7,9,31,0.0027351591270416975,0,0,3,4,3,1,2,1,1,1,1,1
7,9,32,0.05972890555858612,0,0,3,4,3,2,2,2,1,1,1,1
7,9,36,0.05369769036769867,0,0,3,5,3,1,2,1,1,2,1,2
7,9,37,0.0468081533908844,0,0,3,5,3,2,2,2,1,2,1,2
7,9,38,0.0024237637408077717,0,0,3,5,3,3,2,3,1,2,1,2
7,9,42,0.03247031942009926,0,1,3,6,3,2,2,0,1,0,1,1
7,9,43,0.003605350386351347,0,1,3,6,3,3,2,0,1,0,1,1
7,9,45,0.054883163422346115,0,1,3,6,3,5,2,0,1,0,1,1
7,9,47,0.0011659110896289349,0,2,3,7,3,0,2,0,1,0,1,4
7,11,1,0.02796068787574768,0,0,3,3,5,1,2,1,1,1,1,1
7,11,2,0.06711071729660034,0,0,3,3,5,2,2,1,1,1,1,1
7,11,6,0.24939705431461334,0,0,3,3,5,6,2,1,1,1,1,1
7,11,7,0.004055671393871307,0,0,3,3,5,1,2,2,1,1,1,1
7,11,8,0.0019134823232889175,0,0,3,3,5,2,2,2,1,1,1,1
7,11,10,0.0029432466253638268,0,0,3,3,5,4,2,2,1,1,1,1
7,11,13,0.009482110850512981,0,0,3,3,5,1,2,3,1,1,1,1
7,11,15,0.003001372329890728,0,0,3,3,5,3,2,3,1,1,1,1
7,11,18,0.00575250992551446,0,0,3,3,5,6,2,3,1,1,1,1
7,11,19,0.12253672629594803,0,0,3,3,5,1,2,4,1,1,1,1
7,11,23,0.09754591435194016,0,0,3,3,5,5,2,4,1,1,1,1
7,11,24,0.027490660548210144,0,0,3,3,5,6,2,4,1,1,1,1
7,11,26,0.0366249643266201,0,0,3,3,5,2,2,5,1,1,1,1
7,11,28,0.003397169290110469,0,0,3,3,5,4,2,5,1,1,1,1
7,11,29,0.062434617429971695,0,0,3,3,5,5,2,5,1,1,1,1
7,11,31,0.010153069160878658,0,0,3,4,5,1,2,1,1,1,1,1
7,11,32,0.012301692739129066,0,0,3,4,5,2,2,2,1,1,1,1
7,11,36,0.062180712819099426,0,0,3,5,5,1,2,1,1,2,1,2
7,11,37,0.00426174933090806,0,0,3,5,5,2,2,2,1,2,1,2
7,11,38,0.0009953269036486745,0,0,3,5,5,3,2,3,1,2,1,2
7,11,42,0.06515994668006897,0,1,3,6,5,2,2,0,1,0,1,1
7,11,43,0.0069187539629638195,0,1,3,6,5,3,2,0,1,0,1,1
7,11,45,0.11570663005113602,0,1,3,6,5,5,2,0,1,0,1,1
7,11,47,0.0006752689369022846,0,2,3,7,5,0,2,0,1,0,1,4
7,12,1,0.07134175300598145,0,0,3,3,6,1,2,1,1,1,1,1
7,12,2,0.11670439690351486,0,0,3,3,6,2,2,1,1,1,1,1
7,12,6,0.16635774075984955,0,0,3,3,6,6,2,1,1,1,1,1
7,12,7,0.023654701188206673,0,0,3,3,6,1,2,2,1,1,1,1
7,12,8,0.020500268787145615,0,0,3,3,6,2,2,2,1,1,1,1
7,12,10,0.007362894248217344,0,0,3,3,6,4,2,2,1,1,1,1
7,12,13,0.018327349796891212,0,0,3,3,6,1,2,3,1,1,1,1
7,12,15,0.016398634761571884,0,0,3,3,6,3,2,3,1,1,1,1
7,12,18,0.02518238127231598,0,0,3,3,6,6,2,3,1,1,1,1
7,12,19,0.04365776479244232,0,0,3,3,6,1,2,4,1,1,1,1
7,12,23,0.009311225265264511,0,0,3,3,6,5,2,4,1,1,1,1
7,12,24,0.044877517968416214,0,0,3,3,6,6,2,4,1,1,1,1
7,12,26,0.05126532167196274,0,0,3,3,6,2,2,5,1,1,1,1
7,12,28,0.008978311903774738,0,0,3,3,6,4,2,5,1,1,1,1
7,12,29,0.014154219999909401,0,0,3,3,6,5,2,5,1,1,1,1
7,12,31,0.028738725930452347,0,0,3,4,6,1,2,1,1,1,1,1
7,12,32,0.013570486567914486,0,0,3,4,6,2,2,2,1,1,1,1
7,12,36,0.12326253205537796,0,0,3,5,6,1,2,1,1,2,1,2
7,12,37,0.03701008856296539,0,0,3,5,6,2,2,2,1,2,1,2
7,12,38,0.017061149701476097,0,0,3,5,6,3,2,3,1,2,1,2
7,12,42,0.07170217484235764,0,1,3,6,6,2,2,0,1,0,1,1
7,12,43,0.02517075650393963,0,1,3,6,6,3,2,0,1,0,1,1
7,12,45,0.02413199283182621,0,1,3,6,6,5,2,0,1,0,1,1
7,12,47,0.02127772383391857,0,2,3,7,6,0,2,0,1,0,1,4
7,14,1,0.002446499653160572,0,0,3,3,2,1,3,1,1,1,1,1
7,14,2,0.0018936970736831427,0,0,3,3,2,2,3,1,1,1,1,1
7,14,6,0.056003037840127945,0,0,3,3,2,6,3,1,1,1,1,1
7,14,7,0.0008884576964192092,0,0,3,3,2,1,3,2,1,1,1,1
7,14,8,0.0010511293075978756,0,0,3,3,2,2,3,2,1,1,1,1
7,14,10,0.0009728509467095137,0,0,3,3,2,4,3,2,1,1,1,1
7,14,13,0.0016911481507122517,0,0,3,3,2,1,3,3,1,1,1,1
7,14,15,0.0177016519010067,0,0,3,3,2,3,3,3,1,1,1,1
7,14,18,0.05365823209285736,0,0,3,3,2,6,3,3,1,1,1,1
7,14,19,6.117587327025831e-05,0,0,3,3,2,1,3,4,1,1,1,1
7,14,23,0.00016032786516007036,0,0,3,3,2,5,3,4,1,1,1,1
7,14,24,0.02322196774184704,0,0,3,3,2,6,3,4,1,1,1,1
7,14,26,0.0014925046125426888,0,0,3,3,2,2,3,5,1,1,1,1
7,14,28,0.005325329955667257,0,0,3,3,2,4,3,5,1,1,1,1
7,14,29,0.0006041176384314895,0,0,3,3,2,5,3,5,1,1,1,1
7,14,31,0.0009549277019686997,0,0,3,4,2,1,3,1,1,1,1,1
7,14,32,0.0004279772692825645,0,0,3,4,2,2,3,2,1,1,1,1
7,14,36,0.006954643409699202,0,0,3,5,2,1,3,1,1,2,1,2
7,14,37,0.021624192595481873,0,0,3,5,2,2,3,2,1,2,1,2
7,14,38,0.7598265409469604,0,0,3,5,2,3,3,3,1,2,1,2
7,14,42,0.0002378257631789893,0,1,3,6,2,2,3,0,1,0,1,1
7,14,43,0.0011474044295027852,0,1,3,6,2,3,3,0,1,0,1,1
7,14,45,0.0002349726128159091,0,1,3,6,2,5,3,0,1,0,1,1
7,14,47,0.041419096291065216,0,2,3,7,2,0,3,0,1,0,1,4
7,16,1,0.010039327666163445,0,0,3,3,4,1,3,1,1,1,1,1
7,16,2,0.01255103014409542,0,0,3,3,4,2,3,1,1,1,1,1
7,16,6,0.3950839042663574,0,0,3,3,4,6,3,1,1,1,1,1
7,16,7,0.005907274316996336,0,0,3,3,4,1,3,2,1,1,1,1
7,16,8,0.0027047013863921165,0,0,3,3,4,2,3,2,1,1,1,1
7,16,10,0.009507112205028534,0,0,3,3,4,4,3,2,1,1,1,1
7,16,13,0.01651105470955372,0,0,3,3,4,1,3,3,1,1,1,1
7,16,15,0.033416491001844406,0,0,3,3,4,3,3,3,1,1,1,1
7,16,18,0.10674361884593964,0,0,3,3,4,6,3,3,1,1,1,1
7,16,19,0.000993725610896945,0,0,3,3,4,1,3,4,1,1,1,1
7,16,23,0.005066073499619961,0,0,3,3,4,5,3,4,1,1,1,1
7,16,24,0.062210578471422195,0,0,3,3,4,6,3,4,1,1,1,1
7,16,26,0.007941254414618015,0,0,3,3,4,2,3,5,1,1,1,1
7,16,28,0.029310934245586395,0,0,3,3,4,4,3,5,1,1,1,1
7,16,29,0.008741741999983788,0,0,3,3,4,5,3,5,1,1,1,1
7,16,31,0.005752106197178364,0,0,3,4,4,1,3,1,1,1,1,1
7,16,32,0.0019943451043218374,0,0,3,4,4,2,3,2,1,1,1,1
7,16,36,0.02070346660912037,0,0,3,5,4,1,3,1,1,2,1,2
7,16,37,0.020409051328897476,0,0,3,5,4,2,3,2,1,2,1,2
7,16,38,0.19493521749973297,0,0,3,5,4,3,3,3,1,2,1,2
7,16,42,0.001440416439436376,0,1,3,6,4,2,3,0,1,0,1,1
7,16,43,0.0028281935956329107,0,1,3,6,4,3,3,0,1,0,1,1
7,16,45,0.00468433415517211,0,1,3,6,4,5,3,0,1,0,1,1
7,16,47,0.04052415490150452,0,2,3,7,4,0,3,0,1,0,1,4
7,17,1,0.03627203404903412,0,0,3,3,5,1,3,1,1,1,1,1
7,17,2,0.026960579678416252,0,0,3,3,5,2,3,1,1,1,1,1
7,17,6,0.19052763283252716,0,0,3,3,5,6,3,1,1,1,1,1
7,17,7,0.015165789984166622,0,0,3,3,5,1,3,2,1,1,1,1
7,17,8,0.003278503892943263,0,0,3,3,5,2,3,2,1,1,1,1
7,17,10,0.006276579573750496,0,0,3,3,5,4,3,2,1,1,1,1
7,17,13,0.023741357028484344,0,0,3,3,5,1,3,3,1,1,1,1
7,17,15,0.009728942066431046,0,0,3,3,5,3,3,3,1,1,1,1
7,17,18,0.016849976032972336,0,0,3,3,5,6,3,3,1,1,1,1
7,17,19,0.08182676881551743,0,0,3,3,5,1,3,4,1,1,1,1
7,17,23,0.11962950229644775,0,0,3,3,5,5,3,4,1,1,1,1
7,17,24,0.03738256171345711,0,0,3,3,5,6,3,4,1,1,1,1
7,17,26,0.032537732273340225,0,0,3,3,5,2,3,5,1,1,1,1
7,17,28,0.014816018752753735,0,0,3,3,5,4,3,5,1,1,1,1
7,17,29,0.11855623126029968,0,0,3,3,5,5,3,5,1,1,1,1
7,17,31,0.040711089968681335,0,0,3,4,5,1,3,1,1,1,1,1
7,17,32,0.011599397286772728,0,0,3,4,5,2,3,2,1,1,1,1
7,17,36,0.05477448180317879,0,0,3,5,5,1,3,1,1,2,1,2
7,17,37,0.0048454212956130505,0,0,3,5,5,2,3,2,1,2,1,2
7,17,38,0.004518108442425728,0,0,3,5,5,3,3,3,1,2,1,2
7,17,42,0.03984906151890755,0,1,3,6,5,2,3,0,1,0,1,1
7,17,43,0.014743538573384285,0,1,3,6,5,3,3,0,1,0,1,1
7,17,45,0.09092504531145096,0,1,3,6,5,5,3,0,1,0,1,1
7,17,47,0.00448383716866374,0,2,3,7,5,0,3,0,1,0,1,4
7,20,1,0.0013779032742604613,0,0,3,3,2,1,4,1,1,1,1,1
7,20,2,0.0030441421549767256,0,0,3,3,2,2,4,1,1,1,1,1
7,20,6,0.019857387989759445,0,0,3,3,2,6,4,1,1,1,1,1
7,20,7,0.0005337675102055073,0,0,3,3,2,1,4,2,1,1,1,1
7,20,8,0.00035393598955124617,0,0,3,3,2,2,4,2,1,1,1,1
7,20,10,0.00016928960394579917,0,0,3,3,2,4,4,2,1,1,1,1
7,20,13,0.0016460949555039406,0,0,3,3,2,1,4,3,1,1,1,1
7,20,15,0.0055329445749521255,0,0,3,3,2,3,4,3,1,1,1,1
7,20,18,0.023524951189756393,0,0,3,3,2,6,4,3,1,1,1,1
7,20,19,0.0005138913984410465,0,0,3,3,2,1,4,4,1,1,1,1
7,20,23,0.0005813456955365837,0,0,3,3,2,5,4,4,1,1,1,1
7,20,24,0.024419110268354416,0,0,3,3,2,6,4,4,1,1,1,1
7,20,26,0.002144254744052887,0,0,3,3,2,2,4,5,1,1,1,1
7,20,28,0.0011160197900608182,0,0,3,3,2,4,4,5,1,1,1,1
7,20,29,0.00044600560795515776,0,0,3,3,2,5,4,5,1,1,1,1
7,20,31,0.00040266147698275745,0,0,3,4,2,1,4,1,1,1,1,1
7,20,32,0.00012288450670894235,0,0,3,4,2,2,4,2,1,1,1,1
7,20,36,0.028556648641824722,0,0,3,5,2,1,4,1,1,2,1,2
7,20,37,0.014599788002669811,0,0,3,5,2,2,4,2,1,2,1,2
7,20,38,0.8616701364517212,0,0,3,5,2,3,4,3,1,2,1,2
7,20,42,0.0012556139845401049,0,1,3,6,2,2,4,0,1,0,1,1
7,20,43,0.0010499963536858559,0,1,3,6,2,3,4,0,1,0,1,1
7,20,45,0.0007726924959570169,0,1,3,6,2,5,4,0,1,0,1,1
7,20,47,0.0063085234723985195,0,2,3,7,2,0,4,0,1,0,1,4
7,21,1,0.04269393905997276,0,0,3,3,3,1,4,1,1,1,1,1
7,21,2,0.04575769603252411,0,0,3,3,3,2,4,1,1,1,1,1
7,21,6,0.23597721755504608,0,0,3,3,3,6,4,1,1,1,1,1
7,21,7,0.009753531776368618,0,0,3,3,3,1,4,2,1,1,1,1
7,21,8,0.0049321409314870834,0,0,3,3,3,2,4,2,1,1,1,1
7,21,10,0.001420215587131679,0,0,3,3,3,4,4,2,1,1,1,1
7,21,13,0.010050238110125065,0,0,3,3,3,1,4,3,1,1,1,1
7,21,15,0.003511043032631278,0,0,3,3,3,3,4,3,1,1,1,1
7,21,18,0.026906751096248627,0,0,3,3,3,6,4,3,1,1,1,1
7,21,19,0.008131573908030987,0,0,3,3,3,1,4,4,1,1,1,1
7,21,23,0.039192505180835724,0,0,3,3,3,5,4,4,1,1,1,1
7,21,24,0.07814405113458633,0,0,3,3,3,6,4,4,1,1,1,1
7,21,26,0.0430222786962986,0,0,3,3,3,2,4,5,1,1,1,1
7,21,28,0.012670373544096947,0,0,3,3,3,4,4,5,1,1,1,1
7,21,29,0.04885884001851082,0,0,3,3,3,5,4,5,1,1,1,1
7,21,31,0.006010454148054123,0,0,3,4,3,1,4,1,1,1,1,1
7,21,32,0.0062102386727929115,0,0,3,4,3,2,4,2,1,1,1,1
7,21,36,0.23567825555801392,0,0,3,5,3,1,4,1,1,2,1,2
7,21,37,0.052440181374549866,0,0,3,5,3,2,4,2,1,2,1,2
7,21,38,0.06871852278709412,0,0,3,5,3,3,4,3,1,2,1,2
7,21,42,0.004090264439582825,0,1,3,6,3,2,4,0,1,0,1,1
7,21,43,0.000958274700678885,0,1,3,6,3,3,4,0,1,0,1,1
7,21,45,0.007799725513905287,0,1,3,6,3,5,4,0,1,0,1,1
7,21,47,0.007072010077536106,0,2,3,7,3,0,4,0,1,0,1,4
7,22,1,0.004451218992471695,0,0,3,3,4,1,4,1,1,1,1,1
7,22,2,0.01980939880013466,0,0,3,3,4,2,4,1,1,1,1,1
7,22,6,0.7349817156791687,0,0,3,3,4,6,4,1,1,1,1,1
7,22,7,0.001254016300663352,0,0,3,3,4,1,4,2,1,1,1,1
7,22,8,0.00038265695911832154,0,0,3,3,4,2,4,2,1,1,1,1
7,22,10,0.0002161219745175913,0,0,3,3,4,4,4,2,1,1,1,1
7,22,13,0.0016308169579133391,0,0,3,3,4,1,4,3,1,1,1,1
7,22,15,0.0016880646580830216,0,0,3,3,4,3,4,3,1,1,1,1
7,22,18,0.010091142728924751,0,0,3,3,4,6,4,3,1,1,1,1
7,22,19,0.00019390312081668526,0,0,3,3,4,1,4,4,1,1,1,1
7,22,23,0.0022558525670319796,0,0,3,3,4,5,4,4,1,1,1,1
7,22,24,0.023505039513111115,0,0,3,3,4,6,4,4,1,1,1,1
7,22,26,0.005502905230969191,0,0,3,3,4,2,4,5,1,1,1,1
7,22,28,0.0015396969392895699,0,0,3,3,4,4,4,5,1,1,1,1
7,22,29,0.0033711905125528574,0,0,3,3,4,5,4,5,1,1,1,1
7,22,31,0.0007927640108391643,0,0,3,4,4,1,4,1,1,1,1,1
7,22,32,0.0007416228763759136,0,0,3,4,4,2,4,2,1,1,1,1
7,22,36,0.07337314635515213,0,0,3,5,4,1,4,1,1,2,1,2
7,22,37,0.02639223076403141,0,0,3,5,4,2,4,2,1,2,1,2
7,22,38,0.083439402282238,0,0,3,5,4,3,4,3,1,2,1,2
7,22,42,0.0003597707545850426,0,1,3,6,4,2,4,0,1,0,1,1
7,22,43,5.5558706662850454e-05,0,1,3,6,4,3,4,0,1,0,1,1
7,22,45,0.0013562423409894109,0,1,3,6,4,5,4,0,1,0,1,1
7,22,47,0.00261607114225626,0,2,3,7,4,0,4,0,1,0,1,4
7,25,1,0.013955531641840935,0,0,3,3,1,1,5,1,1,1,1,1
7,25,2,0.04935599863529205,0,0,3,3,1,2,5,1,1,1,1,1
7,25,6,0.6946908831596375,0,0,3,3,1,6,5,1,1,1,1,1
7,25,7,0.0027565460186451674,0,0,3,3,1,1,5,2,1,1,1,1
7,25,8,0.0012245667167007923,0,0,3,3,1,2,5,2,1,1,1,1
7,25,10,0.0018039087299257517,0,0,3,3,1,4,5,2,1,1,1,1
7,25,13,0.00776991993188858,0,0,3,3,1,1,5,3,1,1,1,1
7,25,15,0.015046362765133381,0,0,3,3,1,3,5,3,1,1,1,1
7,25,18,0.014715630561113358,0,0,3,3,1,6,5,3,1,1,1,1
7,25,19,0.003059697337448597,0,0,3,3,1,1,5,4,1,1,1,1
7,25,23,0.0041932654567062855,0,0,3,3,1,5,5,4,1,1,1,1
7,25,24,0.037149980664253235,0,0,3,3,1,6,5,4,1,1,1,1
7,25,26,0.020739035680890083,0,0,3,3,1,2,5,5,1,1,1,1
7,25,28,0.0027776712086051702,0,0,3,3,1,4,5,5,1,1,1,1
7,25,29,0.0043361918069422245,0,0,3,3,1,5,5,5,1,1,1,1
7,25,31,0.015176763758063316,0,0,3,4,1,1,5,1,1,1,1,1
7,25,32,0.0027086271438747644,0,0,3,4,1,2,5,2,1,1,1,1
7,25,36,0.04266001284122467,0,0,3,5,1,1,5,1,1,2,1,2
7,25,37,0.007124367170035839,0,0,3,5,1,2,5,2,1,2,1,2
7,25,38,0.027157559990882874,0,0,3,5,1,3,5,3,1,2,1,2
7,25,42,0.004665141925215721,0,1,3,6,1,2,5,0,1,0,1,1
7,25,43,0.004616186022758484,0,1,3,6,1,3,5,0,1,0,1,1
7,25,45,0.007195378188043833,0,1,3,6,1,5,5,0,1,0,1,1
7,25,47,0.01512057799845934,0,2,3,7,1,0,5,0,1,0,1,4
7,27,1,0.012861105613410473,0,0,3,3,3,1,5,1,1,1,1,1
7,27,2,0.03993058577179909,0,0,3,3,3,2,5,1,1,1,1,1
7,27,6,0.3550390601158142,0,0,3,3,3,6,5,1,1,1,1,1
7,27,7,0.004763956647366285,0,0,3,3,3,1,5,2,1,1,1,1
7,27,8,0.003500287886708975,0,0,3,3,3,2,5,2,1,1,1,1
7,27,10,0.0004824524512514472,0,0,3,3,3,4,5,2,1,1,1,1
7,27,13,0.0032057729549705982,0,0,3,3,3,1,5,3,1,1,1,1
7,27,15,0.006154539529234171,0,0,3,3,3,3,5,3,1,1,1,1
7,27,18,0.016610343009233475,0,0,3,3,3,6,5,3,1,1,1,1
7,27,19,0.004828410688787699,0,0,3,3,3,1,5,4,1,1,1,1
7,27,23,0.0014216664712876081,0,0,3,3,3,5,5,4,1,1,1,1
7,27,24,0.06980889290571213,0,0,3,3,3,6,5,4,1,1,1,1
7,27,26,0.07133214920759201,0,0,3,3,3,2,5,5,1,1,1,1
7,27,28,0.0031130071729421616,0,0,3,3,3,4,5,5,1,1,1,1
7,27,29,0.006088597234338522,0,0,3,3,3,5,5,5,1,1,1,1
7,27,31,0.015233025886118412,0,0,3,4,3,1,5,1,1,1,1,1
7,27,32,0.02936246246099472,0,0,3,4,3,2,5,2,1,1,1,1
7,27,36,0.025197092443704605,0,0,3,5,3,1,5,1,1,2,1,2
7,27,37,0.026243707165122032,0,0,3,5,3,2,5,2,1,2,1,2
7,27,38,0.0154607854783535,0,0,3,5,3,3,5,3,1,2,1,2
7,27,42,0.06775089353322983,0,1,3,6,3,2,5,0,1,0,1,1
7,27,43,0.024585338309407234,0,1,3,6,3,3,5,0,1,0,1,1
7,27,45,0.015918411314487457,0,1,3,6,3,5,5,0,1,0,1,1
7,27,47,0.18110740184783936,0,2,3,7,3,0,5,0,1,0,1,4
7,30,1,0.020814446732401848,0,0,3,3,6,1,5,1,1,1,1,1
7,30,2,0.021552780643105507,0,0,3,3,6,2,5,1,1,1,1,1
7,30,6,0.15998610854148865,0,0,3,3,6,6,5,1,1,1,1,1
7,30,7,0.00887973140925169,0,0,3,3,6,1,5,2,1,1,1,1
7,30,8,0.002253094920888543,0,0,3,3,6,2,5,2,1,1,1,1
7,30,10,0.0004049316339660436,0,0,3,3,6,4,5,2,1,1,1,1
7,30,13,0.0062874844297766685,0,0,3,3,6,1,5,3,1,1,1,1
7,30,15,0.016022853553295135,0,0,3,3,6,3,5,3,1,1,1,1
7,30,18,0.011448421515524387,0,0,3,3,6,6,5,3,1,1,1,1
7,30,19,0.003590397071093321,0,0,3,3,6,1,5,4,1,1,1,1
7,30,23,0.0003823972656391561,0,0,3,3,6,5,5,4,1,1,1,1
7,30,24,0.029073216021060944,0,0,3,3,6,6,5,4,1,1,1,1
7,30,26,0.02430042438209057,0,0,3,3,6,2,5,5,1,1,1,1
7,30,28,0.0019523450173437595,0,0,3,3,6,4,5,5,1,1,1,1
7,30,29,0.0014933206839486957,0,0,3,3,6,5,5,5,1,1,1,1
7,30,31,0.07846126705408096,0,0,3,4,6,1,5,1,1,1,1,1
7,30,32,0.004203615244477987,0,0,3,4,6,2,5,2,1,1,1,1
7,30,36,0.02187606319785118,0,0,3,5,6,1,5,1,1,2,1,2
7,30,37,0.005664632190018892,0,0,3,5,6,2,5,2,1,2,1,2
7,30,38,0.014391448348760605,0,0,3,5,6,3,5,3,1,2,1,2
7,30,42,0.02020091749727726,0,1,3,6,6,2,5,0,1,0,1,1
7,30,43,0.037345319986343384,0,1,3,6,6,3,5,0,1,0,1,1
7,30,45,0.00406494690105319,0,1,3,6,6,5,5,0,1,0,1,1
7,30,47,0.5053499937057495,0,2,3,7,6,0,5,0,1,0,1,4
7,33,1,0.020858583971858025,0,0,4,3,3,1,3,1,1,1,1,1
7,33,2,0.007048231549561024,0,0,4,3,3,2,3,1,1,1,1,1
7,33,6,0.005384686402976513,0,0,4,3,3,6,3,1,1,1,1,1
7,33,7,0.0435057207942009,0,0,4,3,3,1,3,2,1,1,1,1
7,33,8,0.14570167660713196,0,0,4,3,3,2,3,2,1,1,1,1
7,33,10,0.13444985449314117,0,0,4,3,3,4,3,2,1,1,1,1
7,33,13,0.016808446496725082,0,0,4,3,3,1,3,3,1,1,1,1
7,33,15,0.004177135415375233,0,0,4,3,3,3,3,3,1,1,1,1
7,33,18,0.01636078953742981,0,0,4,3,3,6,3,3,1,1,1,1
7,33,19,0.017252696678042412,0,0,4,3,3,1,3,4,1,1,1,1
7,33,23,0.056813061237335205,0,0,4,3,3,5,3,4,1,1,1,1
7,33,24,0.007419513072818518,0,0,4,3,3,6,3,4,1,1,1,1
7,33,26,0.03131996840238571,0,0,4,3,3,2,3,5,1,1,1,1
7,33,28,0.11927769333124161,0,0,4,3,3,4,3,5,1,1,1,1
7,33,29,0.15009866654872894,0,0,4,3,3,5,3,5,1,1,1,1
7,33,31,0.013284453190863132,0,0,4,4,3,1,3,1,1,1,1,1
7,33,32,0.14157260954380035,0,0,4,4,3,2,3,2,1,1,1,1
7,33,36,0.00322995288297534,0,0,4,5,3,1,3,1,1,2,1,2
7,33,37,0.02168136276304722,0,0,4,5,3,2,3,2,1,2,1,2
7,33,38,0.0009222062071785331,0,0,4,5,3,3,3,3,1,2,1,2
7,33,42,0.011212545447051525,0,1,4,6,3,2,3,0,1,0,1,1
7,33,43,0.00678602047264576,0,1,4,6,3,3,3,0,1,0,1,1
7,33,45,0.017999814823269844,0,1,4,6,3,5,3,0,1,0,1,1
7,33,47,0.0068343933671712875,0,2,4,7,3,0,3,0,1,0,1,4
7,34,1,0.003568766638636589,0,0,4,3,4,1,4,1,1,1,1,1
7,34,2,0.02166072279214859,0,0,4,3,4,2,4,1,1,1,1,1
7,34,6,0.20026303827762604,0,0,4,3,4,6,4,1,1,1,1,1
7,34,7,0.009124144911766052,0,0,4,3,4,1,4,2,1,1,1,1
7,34,8,0.024428296834230423,0,0,4,3,4,2,4,2,1,1,1,1
7,34,10,0.09666388481855392,0,0,4,3,4,4,4,2,1,1,1,1
7,34,13,0.01420405600219965,0,0,4,3,4,1,4,3,1,1,1,1
7,34,15,0.014851055108010769,0,0,4,3,4,3,4,3,1,1,1,1
7,34,18,0.11836372315883636,0,0,4,3,4,6,4,3,1,1,1,1
7,34,19,0.0007439352921210229,0,0,4,3,4,1,4,4,1,1,1,1
7,34,23,0.021767040714621544,0,0,4,3,4,5,4,4,1,1,1,1
7,34,24,0.035776786506175995,0,0,4,3,4,6,4,4,1,1,1,1
7,34,26,0.024885311722755432,0,0,4,3,4,2,4,5,1,1,1,1
7,34,28,0.11530840396881104,0,0,4,3,4,4,4,5,1,1,1,1
7,34,29,0.028004908934235573,0,0,4,3,4,5,4,5,1,1,1,1
7,34,31,0.0012122612679377198,0,0,4,4,4,1,4,1,1,1,1,1
7,34,32,0.015266153030097485,0,0,4,4,4,2,4,2,1,1,1,1
7,34,36,0.010179036296904087,0,0,4,5,4,1,4,1,1,2,1,2
7,34,37,0.11611755937337875,0,0,4,5,4,2,4,2,1,2,1,2
7,34,38,0.10838446766138077,0,0,4,5,4,3,4,3,1,2,1,2
7,34,42,0.0021535248961299658,0,1,4,6,4,2,4,0,1,0,1,1
7,34,43,0.0010334743419662118,0,1,4,6,4,3,4,0,1,0,1,1
7,34,45,0.009074080735445023,0,1,4,6,4,5,4,0,1,0,1,1
7,34,47,0.006965326610952616,0,2,4,7,4,0,4,0,1,0,1,4
7,35,1,0.012363784946501255,0,0,4,3,5,1,5,1,1,1,1,1
7,35,2,0.012169084511697292,0,0,4,3,5,2,5,1,1,1,1,1
7,35,6,0.1945723444223404,0,0,4,3,5,6,5,1,1,1,1,1
7,35,7,0.023318607360124588,0,0,4,3,5,1,5,2,1,1,1,1
7,35,8,0.005872710142284632,0,0,4,3,5,2,5,2,1,1,1,1
7,35,10,0.013977947644889355,0,0,4,3,5,4,5,2,1,1,1,1
7,35,13,0.02038664184510708,0,0,4,3,5,1,5,3,1,1,1,1
7,35,15,0.005245190113782883,0,0,4,3,5,3,5,3,1,1,1,1
7,35,18,0.01767522096633911,0,0,4,3,5,6,5,3,1,1,1,1
7,35,19,0.02689983695745468,0,0,4,3,5,1,5,4,1,1,1,1
7,35,23,0.05499746650457382,0,0,4,3,5,5,5,4,1,1,1,1
7,35,24,0.02106618881225586,0,0,4,3,5,6,5,4,1,1,1,1
7,35,26,0.04047039896249771,0,0,4,3,5,2,5,5,1,1,1,1
7,35,28,0.025223666802048683,0,0,4,3,5,4,5,5,1,1,1,1
7,35,29,0.10912112146615982,0,0,4,3,5,5,5,5,1,1,1,1
7,35,31,0.06113862618803978,0,0,4,4,5,1,5,1,1,1,1,1
7,35,32,0.06420093029737473,0,0,4,4,5,2,5,2,1,1,1,1
7,35,36,0.004261204041540623,0,0,4,5,5,1,5,1,1,2,1,2
7,35,37,0.002932074712589383,0,0,4,5,5,2,5,2,1,2,1,2
7,35,38,0.0005752292927354574,0,0,4,5,5,3,5,3,1,2,1,2
7,35,42,0.07144013047218323,0,1,4,6,5,2,5,0,1,0,1,1
7,35,43,0.02330605685710907,0,1,4,6,5,3,5,0,1,0,1,1
7,35,45,0.16570691764354706,0,1,4,6,5,5,5,0,1,0,1,1
7,35,47,0.023078318685293198,0,2,4,7,5,0,5,0,1,0,1,4
7,39,1,0.00014439565711654723,0,0,5,3,4,1,4,1,2,1,2,1
7,39,2,0.0008004192495718598,0,0,5,3,4,2,4,1,2,1,2,1
7,39,6,0.008745347149670124,0,0,5,3,4,6,4,1,2,1,2,1
7,39,7,0.000641065591480583,0,0,5,3,4,1,4,2,2,1,2,1
7,39,8,0.0012729634763672948,0,0,5,3,4,2,4,2,2,1,2,1
7,39,10,0.00041117644286714494,0,0,5,3,4,4,4,2,2,1,2,1
7,39,13,0.00025391249801032245,0,0,5,3,4,1,4,3,2,1,2,1
7,39,15,0.004629374016076326,0,0,5,3,4,3,4,3,2,1,2,1
7,39,18,0.00864719320088625,0,0,5,3,4,6,4,3,2,1,2,1
7,39,19,2.4639477942400845e-06,0,0,5,3,4,1,4,4,2,1,2,1
7,39,23,6.703198596369475e-05,0,0,5,3,4,5,4,4,2,1,2,1
7,39,24,0.005713294725865126,0,0,5,3,4,6,4,4,2,1,2,1
7,39,26,0.0009206074755638838,0,0,5,3,4,2,4,5,2,1,2,1
7,39,28,0.0021787122823297977,0,0,5,3,4,4,4,5,2,1,2,1
7,39,29,0.000193221538211219,0,0,5,3,4,5,4,5,2,1,2,1
7,39,31,0.000137389128212817,0,0,5,4,4,1,4,1,2,1,2,1
7,39,32,0.0009563012281432748,0,0,5,4,4,2,4,2,2,1,2,1
7,39,36,0.000991675304248929,0,0,5,5,4,1,4,1,2,2,2,2
7,39,37,0.04348311945796013,0,0,5,5,4,2,4,2,2,2,2,2
7,39,38,0.8851470351219177,0,0,5,5,4,3,4,3,2,2,2,2
7,39,42,5.433841215563007e-05,0,1,5,6,4,2,4,0,2,0,2,1
7,39,43,0.00012218227493576705,0,1,5,6,4,3,4,0,2,0,2,1
7,39,45,8.755123417358845e-05,0,1,5,6,4,5,4,0,2,0,2,1
7,39,47,0.034398991614580154,0,2,5,7,4,0,4,0,2,0,2,4
7,40,1,0.049162205308675766,0,0,5,3,5,1,5,1,2,1,2,1
7,40,2,0.010962451808154583,0,0,5,3,5,2,5,1,2,1,2,1
7,40,6,0.1396103799343109,0,0,5,3,5,6,5,1,2,1,2,1
7,40,7,0.020568881183862686,0,0,5,3,5,1,5,2,2,1,2,1
7,40,8,0.010883674025535583,0,0,5,3,5,2,5,2,2,1,2,1
7,40,10,0.0020894547924399376,0,0,5,3,5,4,5,2,2,1,2,1
7,40,13,0.008280311711132526,0,0,5,3,5,1,5,3,2,1,2,1
7,40,15,0.00532250152900815,0,0,5,3,5,3,5,3,2,1,2,1
7,40,18,0.028184330090880394,0,0,5,3,5,6,5,3,2,1,2,1
7,40,19,0.003123845439404249,0,0,5,3,5,1,5,4,2,1,2,1
7,40,23,0.0020063859410583973,0,0,5,3,5,5,5,4,2,1,2,1
7,40,24,0.059737078845500946,0,0,5,3,5,6,5,4,2,1,2,1
7,40,26,0.0302974134683609,0,0,5,3,5,2,5,5,2,1,2,1
7,40,28,0.008351519703865051,0,0,5,3,5,4,5,5,2,1,2,1
7,40,29,0.009225861169397831,0,0,5,3,5,5,5,5,2,1,2,1
7,40,31,0.04120156168937683,0,0,5,4,5,1,5,1,2,1,2,1
7,40,32,0.10015923529863358,0,0,5,4,5,2,5,2,2,1,2,1
7,40,36,0.0026191212236881256,0,0,5,5,5,1,5,1,2,2,2,2
7,40,37,0.00937897339463234,0,0,5,5,5,2,5,2,2,2,2,2
7,40,38,0.0043676369823515415,0,0,5,5,5,3,5,3,2,2,2,2
7,40,42,0.012208830565214157,0,1,5,6,5,2,5,0,2,0,2,1
7,40,43,0.012894270941615105,0,1,5,6,5,3,5,0,2,0,2,1
7,40,45,0.007048955652862787,0,1,5,6,5,5,5,0,2,0,2,1
7,40,47,0.42231568694114685,0,2,5,7,5,0,5,0,2,0,2,4
7,41,1,0.0033711253199726343,1,0,6,3,1,1,0,1,0,1,1,1
7,41,2,0.00798017531633377,1,0,6,3,1,2,0,1,0,1,1,1
7,41,6,0.8699413537979126,1,0,6,3,1,6,0,1,0,1,1,1
7,41,7,0.00037471880204975605,1,0,6,3,1,1,0,2,0,1,1,1
7,41,8,5.462881745188497e-05,1,0,6,3,1,2,0,2,0,1,1,1
7,41,10,2.4854478397173807e-05,1,0,6,3,1,4,0,2,0,1,1,1
7,41,13,0.00023205240722745657,1,0,6,3,1,1,0,3,0,1,1,1
7,41,15,0.007947898469865322,1,0,6,3,1,3,0,3,0,1,1,1
7,41,18,0.0019628300797194242,1,0,6,3,1,6,0,3,0,1,1,1
7,41,19,5.1209786761319265e-05,1,0,6,3,1,1,0,4,0,1,1,1
7,41,23,2.9250832085381262e-05,1,0,6,3,1,5,0,4,0,1,1,1
7,41,24,0.025835610926151276,1,0,6,3,1,6,0,4,0,1,1,1
7,41,26,0.0010749675566330552,1,0,6,3,1,2,0,5,0,1,1,1
7,41,28,0.00019649742171168327,1,0,6,3,1,4,0,5,0,1,1,1
7,41,29,0.00026870978763327,1,0,6,3,1,5,0,5,0,1,1,1
7,41,31,0.0005930137704126537,1,0,6,4,1,1,0,1,0,1,1,1
7,41,32,0.0001695833052508533,1,0,6,4,1,2,0,2,0,1,1,1
7,41,36,0.014903410337865353,1,0,6,5,1,1,0,1,0,2,1,2
7,41,37,0.004749405197799206,1,0,6,5,1,2,0,2,0,2,1,2
7,41,38,0.049245450645685196,1,0,6,5,1,3,0,3,0,2,1,2
7,41,42,0.00017738048336468637,1,1,6,6,1,2,0,0,0,0,1,1
7,41,43,0.00016265484737232327,1,1,6,6,1,3,0,0,0,0,1,1
7,41,45,0.00017745594959706068,1,1,6,6,1,5,0,0,0,0,1,1
7,41,47,0.01047460362315178,1,2,6,7,1,0,0,0,0,0,1,4
7,44,1,0.0002284422080265358,1,0,6,3,4,1,0,1,0,1,1,1
7,44,2,0.002394299488514662,1,0,6,3,4,2,0,1,0,1,1,1
7,44,6,0.08976485580205917,1,0,6,3,4,6,0,1,0,1,1,1
7,44,7,0.00027365286950953305,1,0,6,3,4,1,0,2,0,1,1,1
7,44,8,0.0003074767591897398,1,0,6,3,4,2,0,2,0,1,1,1
7,44,10,0.0011782645015046,1,0,6,3,4,4,0,2,0,1,1,1
7,44,13,0.0005268309614621103,1,0,6,3,4,1,0,3,0,1,1,1
7,44,15,0.0409972220659256,1,0,6,3,4,3,0,3,0,1,1,1
7,44,18,0.018960803747177124,1,0,6,3,4,6,0,3,0,1,1,1
7,44,19,2.3306143702939153e-05,1,0,6,3,4,1,0,4,0,1,1,1
7,44,23,0.00010199645475950092,1,0,6,3,4,5,0,4,0,1,1,1
7,44,24,0.012624644674360752,1,0,6,3,4,6,0,4,0,1,1,1
7,44,26,0.0007954371394589543,1,0,6,3,4,2,0,5,0,1,1,1
7,44,28,0.0023433752357959747,1,0,6,3,4,4,0,5,0,1,1,1
7,44,29,0.0002524896990507841,1,0,6,3,4,5,0,5,0,1,1,1
7,44,31,0.00020134799706283957,1,0,6,4,4,1,0,1,0,1,1,1
7,44,32,0.0002989412460010499,1,0,6,4,4,2,0,2,0,1,1,1
7,44,36,0.002379385521635413,1,0,6,5,4,1,0,1,0,2,1,2
7,44,37,0.014348125085234642,1,0,6,5,4,2,0,2,0,2,1,2
7,44,38,0.8009422421455383,1,0,6,5,4,3,0,3,0,2,1,2
7,44,42,0.0004664315201807767,1,1,6,6,4,2,0,0,0,0,1,1
7,44,43,0.0016066384268924594,1,1,6,6,4,3,0,0,0,0,1,1
7,44,45,0.0005643835756927729,1,1,6,6,4,5,0,0,0,0,1,1
7,44,47,0.008418896235525608,1,2,6,7,4,0,0,0,0,0,1,4
7,46,1,0.011278487741947174,1,0,6,3,6,1,0,1,0,1,1,1
7,46,2,0.016373664140701294,1,0,6,3,6,2,0,1,0,1,1,1
7,46,6,0.2703186571598053,1,0,6,3,6,6,0,1,0,1,1,1
7,46,7,0.011880355887115002,1,0,6,3,6,1,0,2,0,1,1,1
7,46,8,0.0019339026184752584,1,0,6,3,6,2,0,2,0,1,1,1
7,46,10,0.0011824123794212937,1,0,6,3,6,4,0,2,0,1,1,1
7,46,13,0.004464379046112299,1,0,6,3,6,1,0,3,0,1,1,1
7,46,15,0.0709991604089737,1,0,6,3,6,3,0,3,0,1,1,1
7,46,18,0.01987212523818016,1,0,6,3,6,6,0,3,0,1,1,1
7,46,19,0.0017121781129390001,1,0,6,3,6,1,0,4,0,1,1,1
7,46,23,0.0006263896939344704,1,0,6,3,6,5,0,4,0,1,1,1
7,46,24,0.0491967648267746,1,0,6,3,6,6,0,4,0,1,1,1
7,46,26,0.007158429827541113,1,0,6,3,6,2,0,5,0,1,1,1
7,46,28,0.005362870637327433,1,0,6,3,6,4,0,5,0,1,1,1
7,46,29,0.0035640413407236338,1,0,6,3,6,5,0,5,0,1,1,1
7,46,31,0.01683536171913147,1,0,6,4,6,1,0,1,0,1,1,1
7,46,32,0.0030863883439451456,1,0,6,4,6,2,0,2,0,1,1,1
7,46,36,0.04491513967514038,1,0,6,5,6,1,0,1,0,2,1,2
7,46,37,0.02811763994395733,1,0,6,5,6,2,0,2,0,2,1,2
7,46,38,0.2714344561100006,1,0,6,5,6,3,0,3,0,2,1,2
7,46,42,0.011265620589256287,1,1,6,6,6,2,0,0,0,0,1,1
7,46,43,0.01636434905230999,1,1,6,6,6,3,0,0,0,0,1,1
7,46,45,0.004864008631557226,1,1,6,6,6,5,0,0,0,0,1,1
7,46,47,0.12719351053237915,1,2,6,7,6,0,0,0,0,0,1,4
