coupling_layer,target_coord,fixed_coord,mean_attention,target_latent_type,fixed_latent_type,target_parameter_type,fixed_parameter_type,target_group,fixed_group,target_unit,fixed_unit,target_layer,fixed_layer,target_side,fixed_side
0,4,0,0.006153860595077276,0,0,3,1,4,0,1,0,1,2,1,4
0,4,1,0.042290929704904556,0,0,3,3,4,1,1,1,1,1,1,1
0,4,2,0.014525139704346657,0,0,3,3,4,2,1,1,1,1,1,1
0,4,3,0.001164776156656444,0,0,3,3,4,3,1,1,1,1,1,1
0,4,5,0.015513159334659576,0,0,3,3,4,5,1,1,1,1,1,1
0,4,6,0.011464269831776619,0,0,3,3,4,6,1,1,1,1,1,1
0,4,7,0.11108990758657455,0,0,3,3,4,1,1,2,1,1,1,1
0,4,11,0.6658127307891846,0,0,3,3,4,5,1,2,1,1,1,1
0,4,13,0.06783196330070496,0,0,3,3,4,1,1,3,1,1,1,1
0,4,18,0.004267522133886814,0,0,3,3,4,6,1,3,1,1,1,1
0,4,23,0.01658616028726101,0,0,3,3,4,5,1,4,1,1,1,1
0,4,24,0.008088279515504837,0,0,3,3,4,6,1,4,1,1,1,1
0,4,25,0.002177936490625143,0,0,3,3,4,1,1,5,1,1,1,1
0,4,26,0.0034376252442598343,0,0,3,3,4,2,1,5,1,1,1,1
0,4,28,0.002175698522478342,0,0,3,3,4,4,1,5,1,1,1,1
0,4,31,0.02154562436044216,0,0,3,4,4,1,1,1,1,1,1,1
0,4,32,0.0026158993132412434,0,0,3,4,4,2,1,2,1,1,1,1
0,4,33,0.00014782602374907583,0,0,3,4,4,3,1,3,1,1,1,1
0,4,34,0.0029493519105017185,0,0,3,4,4,4,1,4,1,1,1,1
0,4,38,2.358844085392775e-06,0,0,3,5,4,3,1,3,1,2,1,2
0,4,40,6.923683940840419e-06,0,0,3,5,4,5,1,5,1,2,1,2
0,4,43,1.8188384274253622e-05,0,1,3,6,4,3,1,0,1,0,1,1
0,4,44,0.00010879516776185483,0,1,3,6,4,4,1,0,1,0,1,1
0,4,46,2.450902138662059e-05,0,1,3,6,4,6,1,0,1,0,1,1
0,8,0,0.0021460948046296835,0,0,3,1,2,0,2,0,1,2,1,4
0,8,1,0.21119946241378784,0,0,3,3,2,1,2,1,1,1,1,1
0,8,2,0.01396222971379757,0,0,3,3,2,2,2,1,1,1,1,1
0,8,3,0.0008954558870755136,0,0,3,3,2,3,2,1,1,1,1,1
0,8,5,0.002352015348151326,0,0,3,3,2,5,2,1,1,1,1,1
0,8,6,0.007616410031914711,0,0,3,3,2,6,2,1,1,1,1,1
0,8,7,0.1495133936405182,0,0,3,3,2,1,2,2,1,1,1,1
0,8,11,0.008754372596740723,0,0,3,3,2,5,2,2,1,1,1,1
0,8,13,0.4546979069709778,0,0,3,3,2,1,2,3,1,1,1,1
0,8,18,0.02014974318444729,0,0,3,3,2,6,2,3,1,1,1,1
0,8,23,0.007154632359743118,0,0,3,3,2,5,2,4,1,1,1,1
0,8,24,0.007521286606788635,0,0,3,3,2,6,2,4,1,1,1,1
0,8,25,0.010798522271215916,0,0,3,3,2,1,2,5,1,1,1,1
0,8,26,0.0024016140960156918,0,0,3,3,2,2,2,5,1,1,1,1
0,8,28,0.0016541096847504377,0,0,3,3,2,4,2,5,1,1,1,1
0,8,31,0.09110286086797714,0,0,3,4,2,1,2,1,1,1,1,1
0,8,32,0.002406099811196327,0,0,3,4,2,2,2,2,1,1,1,1
0,8,33,0.000264436355791986,0,0,3,4,2,3,2,3,1,1,1,1
0,8,34,0.0016098599880933762,0,0,3,4,2,4,2,4,1,1,1,1
0,8,38,8.63742570800241e-06,0,0,3,5,2,3,2,3,1,2,1,2
0,8,40,1.0553603715379722e-06,0,0,3,5,2,5,2,5,1,2,1,2
0,8,43,0.00025026604998856783,0,1,3,6,2,3,2,0,1,0,1,1
0,8,44,0.0011345988605171442,0,1,3,6,2,4,2,0,1,0,1,1
0,8,46,0.0024050241336226463,0,1,3,6,2,6,2,0,1,0,1,1
0,9,0,0.27035394310951233,0,0,3,1,3,0,2,0,1,2,1,4
0,9,1,0.08620787411928177,0,0,3,3,3,1,2,1,1,1,1,1
0,9,2,0.055208105593919754,0,0,3,3,3,2,2,1,1,1,1,1
0,9,3,0.002171258209273219,0,0,3,3,3,3,2,1,1,1,1,1
0,9,5,0.006305315997451544,0,0,3,3,3,5,2,1,1,1,1,1
0,9,6,0.021509403362870216,0,0,3,3,3,6,2,1,1,1,1,1
0,9,7,0.005321341101080179,0,0,3,3,3,1,2,2,1,1,1,1
0,9,11,0.0021156782750040293,0,0,3,3,3,5,2,2,1,1,1,1
0,9,13,0.2329629808664322,0,0,3,3,3,1,2,3,1,1,1,1
0,9,18,0.12127527594566345,0,0,3,3,3,6,2,3,1,1,1,1
0,9,23,0.002850128570571542,0,0,3,3,3,5,2,4,1,1,1,1
0,9,24,0.007063249126076698,0,0,3,3,3,6,2,4,1,1,1,1
0,9,25,0.028407197445631027,0,0,3,3,3,1,2,5,1,1,1,1
0,9,26,0.009405015967786312,0,0,3,3,3,2,2,5,1,1,1,1
0,9,28,0.009014144539833069,0,0,3,3,3,4,2,5,1,1,1,1
0,9,31,0.02317199669778347,0,0,3,4,3,1,2,1,1,1,1,1
0,9,32,0.0009521101601421833,0,0,3,4,3,2,2,2,1,1,1,1
0,9,33,0.0017822862137109041,0,0,3,4,3,3,2,3,1,1,1,1
0,9,34,0.00031266448786482215,0,0,3,4,3,4,2,4,1,1,1,1
0,9,38,0.0002280308835906908,0,0,3,5,3,3,2,3,1,2,1,2
0,9,40,6.345844303723425e-05,0,0,3,5,3,5,2,5,1,2,1,2
0,9,43,0.001651430269703269,0,1,3,6,3,3,2,0,1,0,1,1
0,9,44,0.036592934280633926,0,1,3,6,3,4,2,0,1,0,1,1
0,9,46,0.07507432252168655,0,1,3,6,3,6,2,0,1,0,1,1
0,10,0,0.9193947911262512,0,0,3,1,4,0,2,0,1,2,1,4
0,10,1,0.008822203613817692,0,0,3,3,4,1,2,1,1,1,1,1
0,10,2,0.016565801575779915,0,0,3,3,4,2,2,1,1,1,1,1
0,10,3,0.0010328050702810287,0,0,3,3,4,3,2,1,1,1,1,1
0,10,5,0.0033276050817221403,0,0,3,3,4,5,2,1,1,1,1,1
0,10,6,0.0042247227393090725,0,0,3,3,4,6,2,1,1,1,1,1
0,10,7,0.0002782937081065029,0,0,3,3,4,1,2,2,1,1,1,1
0,10,11,0.006041260436177254,0,0,3,3,4,5,2,2,1,1,1,1
0,10,13,0.002182289492338896,0,0,3,3,4,1,2,3,1,1,1,1
0,10,18,0.009530718438327312,0,0,3,3,4,6,2,3,1,1,1,1
0,10,23,0.0013703879667446017,0,0,3,3,4,5,2,4,1,1,1,1
0,10,24,0.001976056257262826,0,0,3,3,4,6,2,4,1,1,1,1
0,10,25,0.0011169788194820285,0,0,3,3,4,1,2,5,1,1,1,1
0,10,26,0.0035611686762422323,0,0,3,3,4,2,2,5,1,1,1,1
0,10,28,0.0019297297112643719,0,0,3,3,4,4,2,5,1,1,1,1
0,10,31,0.009308043867349625,0,0,3,4,4,1,2,1,1,1,1,1
0,10,32,0.001958600478246808,0,0,3,4,4,2,2,2,1,1,1,1
0,10,33,0.0005360713112168014,0,0,3,4,4,3,2,3,1,1,1,1
0,10,34,9.739068627823144e-05,0,0,3,4,4,4,2,4,1,1,1,1
0,10,38,5.1063794671790674e-05,0,0,3,5,4,3,2,3,1,2,1,2
0,10,40,0.0001360370370093733,0,0,3,5,4,5,2,5,1,2,1,2
0,10,43,0.00021956725686322898,0,1,3,6,4,3,2,0,1,0,1,1
0,10,44,0.004345099441707134,0,1,3,6,4,4,2,0,1,0,1,1
0,10,46,0.001993633573874831,0,1,3,6,4,6,2,0,1,0,1,1
0,12,0,0.09602891653776169,0,0,3,1,6,0,2,0,1,2,1,4
0,12,1,0.1116209551692009,0,0,3,3,6,1,2,1,1,1,1,1
0,12,2,0.04481138288974762,0,0,3,3,6,2,2,1,1,1,1,1
0,12,3,0.0020119273103773594,0,0,3,3,6,3,2,1,1,1,1,1
0,12,5,0.008628614246845245,0,0,3,3,6,5,2,1,1,1,1,1
0,12,6,0.009720361791551113,0,0,3,3,6,6,2,1,1,1,1,1
0,12,7,0.005928322207182646,0,0,3,3,6,1,2,2,1,1,1,1
0,12,11,0.011796296574175358,0,0,3,3,6,5,2,2,1,1,1,1
0,12,13,0.3362354040145874,0,0,3,3,6,1,2,3,1,1,1,1
0,12,18,0.1014084443449974,0,0,3,3,6,6,2,3,1,1,1,1
0,12,23,0.014870789833366871,0,0,3,3,6,5,2,4,1,1,1,1
0,12,24,0.017451537773013115,0,0,3,3,6,6,2,4,1,1,1,1
0,12,25,0.018193578347563744,0,0,3,3,6,1,2,5,1,1,1,1
0,12,26,0.011041262187063694,0,0,3,3,6,2,2,5,1,1,1,1
0,12,28,0.006382005754858255,0,0,3,3,6,4,2,5,1,1,1,1
0,12,31,0.16545996069908142,0,0,3,4,6,1,2,1,1,1,1,1
0,12,32,0.005081715062260628,0,0,3,4,6,2,2,2,1,1,1,1
0,12,33,0.005352351814508438,0,0,3,4,6,3,2,3,1,1,1,1
0,12,34,0.002266109688207507,0,0,3,4,6,4,2,4,1,1,1,1
0,12,38,0.0002175289555452764,0,0,3,5,6,3,2,3,1,2,1,2
0,12,40,9.429324563825503e-05,0,0,3,5,6,5,2,5,1,2,1,2
0,12,43,0.002335974248126149,0,1,3,6,6,3,2,0,1,0,1,1
0,12,44,0.012724379077553749,0,1,3,6,6,4,2,0,1,0,1,1
0,12,46,0.010337598621845245,0,1,3,6,6,6,2,0,1,0,1,1
0,14,0,2.880287865991704e-07,0,0,3,1,2,0,3,0,1,2,1,4
0,14,1,0.0099669573828578,0,0,3,3,2,1,3,1,1,1,1,1
0,14,2,0.0002389438304817304,0,0,3,3,2,2,3,1,1,1,1,1
0,14,3,4.5776760089211166e-05,0,0,3,3,2,3,3,1,1,1,1,1
0,14,5,8.033126505324617e-05,0,0,3,3,2,5,3,1,1,1,1,1
0,14,6,9.849962953012437e-05,0,0,3,3,2,6,3,1,1,1,1,1
0,14,7,0.5825011134147644,0,0,3,3,2,1,3,2,1,1,1,1
0,14,11,0.0008904297137632966,0,0,3,3,2,5,3,2,1,1,1,1
0,14,13,0.395406037569046,0,0,3,3,2,1,3,3,1,1,1,1
0,14,18,0.00011590193025767803,0,0,3,3,2,6,3,3,1,1,1,1
0,14,23,0.0003358656249474734,0,0,3,3,2,5,3,4,1,1,1,1
0,14,24,0.0004969669389538467,0,0,3,3,2,6,3,4,1,1,1,1
0,14,25,0.0018747466383501887,0,0,3,3,2,1,3,5,1,1,1,1
0,14,26,9.766334551386535e-05,0,0,3,3,2,2,3,5,1,1,1,1
0,14,28,0.00013170810416340828,0,0,3,3,2,4,3,5,1,1,1,1
0,14,31,0.005295018199831247,0,0,3,4,2,1,3,1,1,1,1,1
0,14,32,0.00014282498159445822,0,0,3,4,2,2,3,2,1,1,1,1
0,14,33,6.549630052177235e-05,0,0,3,4,2,3,3,3,1,1,1,1
0,14,34,0.001704887836240232,0,0,3,4,2,4,3,4,1,1,1,1
0,14,38,1.601533426764945e-06,0,0,3,5,2,3,3,3,1,2,1,2
0,14,40,4.34624958245422e-08,0,0,3,5,2,5,3,5,1,2,1,2
0,14,43,0.0004211405466776341,0,1,3,6,2,3,3,0,1,0,1,1
0,14,44,3.4138931368943304e-05,0,1,3,6,2,4,3,0,1,0,1,1
0,14,46,5.352348307496868e-05,0,1,3,6,2,6,3,0,1,0,1,1
0,15,0,2.299535663041752e-05,0,0,3,1,3,0,3,0,1,2,1,4
0,15,1,0.01524963416159153,0,0,3,3,3,1,3,1,1,1,1,1
0,15,2,0.0016853652196004987,0,0,3,3,3,2,3,1,1,1,1,1
0,15,3,8.895957580534741e-05,0,0,3,3,3,3,3,1,1,1,1,1
0,15,5,0.0004386122163850814,0,0,3,3,3,5,3,1,1,1,1,1
0,15,6,0.000337108998792246,0,0,3,3,3,6,3,1,1,1,1,1
0,15,7,0.022999566048383713,0,0,3,3,3,1,3,2,1,1,1,1
0,15,11,0.0006575983134098351,0,0,3,3,3,5,3,2,1,1,1,1
0,15,13,0.9229282140731812,0,0,3,3,3,1,3,3,1,1,1,1
0,15,18,0.0038802919443696737,0,0,3,3,3,6,3,3,1,1,1,1
0,15,23,0.001728940405882895,0,0,3,3,3,5,3,4,1,1,1,1
0,15,24,0.0011882439721375704,0,0,3,3,3,6,3,4,1,1,1,1
0,15,25,0.008481322787702084,0,0,3,3,3,1,3,5,1,1,1,1
0,15,26,0.0008255640859715641,0,0,3,3,3,2,3,5,1,1,1,1
0,15,28,0.0020225809421390295,0,0,3,3,3,4,3,5,1,1,1,1
0,15,31,0.005988973192870617,0,0,3,4,3,1,3,1,1,1,1,1
0,15,32,0.00041358169983141124,0,0,3,4,3,2,3,2,1,1,1,1
0,15,33,0.005639990791678429,0,0,3,4,3,3,3,3,1,1,1,1
0,15,34,0.005056800786405802,0,0,3,4,3,4,3,4,1,1,1,1
0,15,38,9.413480438524857e-05,0,0,3,5,3,3,3,3,1,2,1,2
0,15,40,3.1127237889450043e-06,0,0,3,5,3,5,3,5,1,2,1,2
0,15,43,0.0001336287969024852,0,1,3,6,3,3,3,0,1,0,1,1
0,15,44,6.215150642674416e-05,0,1,3,6,3,4,3,0,1,0,1,1
0,15,46,7.255087984958664e-05,0,1,3,6,3,6,3,0,1,0,1,1
0,16,0,0.0007085757679305971,0,0,3,1,4,0,3,0,1,2,1,4
0,16,1,0.03656546026468277,0,0,3,3,4,1,3,1,1,1,1,1
0,16,2,0.010895712301135063,0,0,3,3,4,2,3,1,1,1,1,1
0,16,3,0.0011123871663585305,0,0,3,3,4,3,3,1,1,1,1,1
0,16,5,0.00898510031402111,0,0,3,3,4,5,3,1,1,1,1,1
0,16,6,0.006145788356661797,0,0,3,3,4,6,3,1,1,1,1,1
0,16,7,0.31851840019226074,0,0,3,3,4,1,3,2,1,1,1,1
0,16,11,0.2813916504383087,0,0,3,3,4,5,3,2,1,1,1,1
0,16,13,0.26695626974105835,0,0,3,3,4,1,3,3,1,1,1,1
0,16,18,0.00477483170107007,0,0,3,3,4,6,3,3,1,1,1,1
0,16,23,0.022939538583159447,0,0,3,3,4,5,3,4,1,1,1,1
0,16,24,0.016494352370500565,0,0,3,3,4,6,3,4,1,1,1,1
0,16,25,0.00605220440775156,0,0,3,3,4,1,3,5,1,1,1,1
0,16,26,0.0031235194765031338,0,0,3,3,4,2,3,5,1,1,1,1
0,16,28,0.0010517468908801675,0,0,3,3,4,4,3,5,1,1,1,1
0,16,31,0.007229074835777283,0,0,3,4,4,1,3,1,1,1,1,1
0,16,32,0.0007973946048878133,0,0,3,4,4,2,3,2,1,1,1,1
0,16,33,6.905547343194485e-05,0,0,3,4,4,3,3,3,1,1,1,1
0,16,34,0.0060732802376151085,0,0,3,4,4,4,3,4,1,1,1,1
0,16,38,3.3471249025751604e-06,0,0,3,5,4,3,3,3,1,2,1,2
0,16,40,3.889908839482814e-06,0,0,3,5,4,5,3,5,1,2,1,2
0,16,43,2.4022321667871438e-05,0,1,3,6,4,3,3,0,1,0,1,1
0,16,44,6.840647984063253e-05,0,1,3,6,4,4,3,0,1,0,1,1
0,16,46,1.579536183271557e-05,0,1,3,6,4,6,3,0,1,0,1,1
0,17,0,0.00036621408071368933,0,0,3,1,5,0,3,0,1,2,1,4
0,17,1,0.020944518968462944,0,0,3,3,5,1,3,1,1,1,1,1
0,17,2,0.00315952324308455,0,0,3,3,5,2,3,1,1,1,1,1
0,17,3,9.952374239219353e-05,0,0,3,3,5,3,3,1,1,1,1,1
0,17,5,0.001117679406888783,0,0,3,3,5,5,3,1,1,1,1,1
0,17,6,0.0008211539243347943,0,0,3,3,5,6,3,1,1,1,1,1
0,17,7,0.02141902782022953,0,0,3,3,5,1,3,2,1,1,1,1
0,17,11,0.005568051245063543,0,0,3,3,5,5,3,2,1,1,1,1
0,17,13,0.9107122421264648,0,0,3,3,5,1,3,3,1,1,1,1
0,17,18,0.008387141861021519,0,0,3,3,5,6,3,3,1,1,1,1
0,17,23,0.004843763075768948,0,0,3,3,5,5,3,4,1,1,1,1
0,17,24,0.0011915581999346614,0,0,3,3,5,6,3,4,1,1,1,1
0,17,25,0.0038081295788288116,0,0,3,3,5,1,3,5,1,1,1,1
0,17,26,0.0008714763098396361,0,0,3,3,5,2,3,5,1,1,1,1
0,17,28,0.0014306609518826008,0,0,3,3,5,4,3,5,1,1,1,1
0,17,31,0.009359875693917274,0,0,3,4,5,1,3,1,1,1,1,1
0,17,32,0.0006952097173780203,0,0,3,4,5,2,3,2,1,1,1,1
0,17,33,0.002474357606843114,0,0,3,4,5,3,3,3,1,1,1,1
0,17,34,0.0025954300072044134,0,0,3,4,5,4,3,4,1,1,1,1
0,17,38,1.8462544176145457e-05,0,0,3,5,5,3,3,3,1,2,1,2
0,17,40,1.6305516510328744e-06,0,0,3,5,5,5,3,5,1,2,1,2
0,17,43,2.7413214411353692e-05,0,1,3,6,5,3,3,0,1,0,1,1
0,17,44,5.403162867878564e-05,0,1,3,6,5,4,3,0,1,0,1,1
0,17,46,3.247582571930252e-05,0,1,3,6,5,6,3,0,1,0,1,1
0,19,0,5.5218913885823895e-09,0,0,3,1,1,0,4,0,1,2,1,4
0,19,1,0.00019128830172121525,0,0,3,3,1,1,4,1,1,1,1,1
0,19,2,4.2882638808805496e-06,0,0,3,3,1,2,4,1,1,1,1,1
0,19,3,1.9905753561033634e-06,0,0,3,3,1,3,4,1,1,1,1,1
0,19,5,1.8914832253358327e-05,0,0,3,3,1,5,4,1,1,1,1,1
0,19,6,1.8072577177008498e-06,0,0,3,3,1,6,4,1,1,1,1,1
0,19,7,0.0012607303215190768,0,0,3,3,1,1,4,2,1,1,1,1
0,19,11,7.408981764456257e-05,0,0,3,3,1,5,4,2,1,1,1,1
0,19,13,0.9778028130531311,0,0,3,3,1,1,4,3,1,1,1,1
0,19,18,0.00010857021698029712,0,0,3,3,1,6,4,3,1,1,1,1
0,19,23,0.003024796722456813,0,0,3,3,1,5,4,4,1,1,1,1
0,19,24,8.184857870219275e-05,0,0,3,3,1,6,4,4,1,1,1,1
0,19,25,0.00036352366441860795,0,0,3,3,1,1,4,5,1,1,1,1
0,19,26,1.8852504581445828e-05,0,0,3,3,1,2,4,5,1,1,1,1
0,19,28,4.896011887467466e-05,0,0,3,3,1,4,4,5,1,1,1,1
0,19,31,4.6293371269712225e-05,0,0,3,4,1,1,4,1,1,1,1,1
0,19,32,4.333031938585918e-06,0,0,3,4,1,2,4,2,1,1,1,1
0,19,33,0.005381576716899872,0,0,3,4,1,3,4,3,1,1,1,1
0,19,34,0.011478882282972336,0,0,3,4,1,4,4,4,1,1,1,1
0,19,38,8.522814459865913e-05,0,0,3,5,1,3,4,3,1,2,1,2
0,19,40,7.902912102508708e-07,0,0,3,5,1,5,4,5,1,2,1,2
0,19,43,2.8628655002194137e-08,0,1,3,6,1,3,4,0,1,0,1,1
0,19,44,8.330975020953701e-09,0,1,3,6,1,4,4,0,1,0,1,1
0,19,46,1.090152190741378e-09,0,1,3,6,1,6,4,0,1,0,1,1
0,20,0,2.7703563887371274e-09,0,0,3,1,2,0,4,0,1,2,1,4
0,20,1,0.000643499952275306,0,0,3,3,2,1,4,1,1,1,1,1
0,20,2,2.138345007551834e-05,0,0,3,3,2,2,4,1,1,1,1,1
0,20,3,5.376025910663884e-06,0,0,3,3,2,3,4,1,1,1,1,1
0,20,5,1.2873076229880098e-05,0,0,3,3,2,5,4,1,1,1,1,1
0,20,6,1.7008461554723908e-06,0,0,3,3,2,6,4,1,1,1,1,1
0,20,7,0.030740592628717422,0,0,3,3,2,1,4,2,1,1,1,1
0,20,11,5.851410605828278e-05,0,0,3,3,2,5,4,2,1,1,1,1
0,20,13,0.9652372002601624,0,0,3,3,2,1,4,3,1,1,1,1
0,20,18,0.0002058842364931479,0,0,3,3,2,6,4,3,1,1,1,1
0,20,23,0.0006745730061084032,0,0,3,3,2,5,4,4,1,1,1,1
0,20,24,0.00046204793034121394,0,0,3,3,2,6,4,4,1,1,1,1
0,20,25,0.0007472280994988978,0,0,3,3,2,1,4,5,1,1,1,1
0,20,26,1.7515079889562912e-05,0,0,3,3,2,2,4,5,1,1,1,1
0,20,28,6.2233175412984565e-06,0,0,3,3,2,4,4,5,1,1,1,1
0,20,31,5.206991045270115e-05,0,0,3,4,2,1,4,1,1,1,1,1
0,20,32,1.151337073679315e-06,0,0,3,4,2,2,4,2,1,1,1,1
0,20,33,7.888965228630695e-06,0,0,3,4,2,3,4,3,1,1,1,1
0,20,34,0.0011001667007803917,0,0,3,4,2,4,4,4,1,1,1,1
0,20,38,1.2020079793728655e-06,0,0,3,5,2,3,4,3,1,2,1,2
0,20,40,7.162896498158489e-09,0,0,3,5,2,5,4,5,1,2,1,2
0,20,43,2.073230689347838e-06,0,1,3,6,2,3,4,0,1,0,1,1
0,20,44,7.135866439966776e-07,0,1,3,6,2,4,4,0,1,0,1,1
0,20,46,2.261868985442561e-07,0,1,3,6,2,6,4,0,1,0,1,1
0,21,0,1.2248278835613746e-07,0,0,3,1,3,0,4,0,1,2,1,4
0,21,1,0.0011749978875741363,0,0,3,3,3,1,4,1,1,1,1,1
0,21,2,7.362569886026904e-05,0,0,3,3,3,2,4,1,1,1,1,1
0,21,3,9.018474884214811e-06,0,0,3,3,3,3,4,1,1,1,1,1
0,21,5,3.591083441278897e-05,0,0,3,3,3,5,4,1,1,1,1,1
0,21,6,2.005031637963839e-05,0,0,3,3,3,6,4,1,1,1,1,1
0,21,7,0.00850602425634861,0,0,3,3,3,1,4,2,1,1,1,1
0,21,11,6.912956450833008e-05,0,0,3,3,3,5,4,2,1,1,1,1
0,21,13,0.9808945655822754,0,0,3,3,3,1,4,3,1,1,1,1
0,21,18,0.0008364538662135601,0,0,3,3,3,6,4,3,1,1,1,1
0,21,23,0.001335764885880053,0,0,3,3,3,5,4,4,1,1,1,1
0,21,24,0.0004503951349761337,0,0,3,3,3,6,4,4,1,1,1,1
0,21,25,0.0017496389336884022,0,0,3,3,3,1,4,5,1,1,1,1
0,21,26,7.36705114832148e-05,0,0,3,3,3,2,4,5,1,1,1,1
0,21,28,7.39140305086039e-05,0,0,3,3,3,4,4,5,1,1,1,1
0,21,31,0.0003432223747950047,0,0,3,4,3,1,4,1,1,1,1,1
0,21,32,1.689406235527713e-05,0,0,3,4,3,2,4,2,1,1,1,1
0,21,33,0.0005260038306005299,0,0,3,4,3,3,4,3,1,1,1,1
0,21,34,0.0037734778597950935,0,0,3,4,3,4,4,4,1,1,1,1
0,21,38,1.7219235814991407e-05,0,0,3,5,3,3,4,3,1,2,1,2
0,21,40,2.443802031848463e-07,0,0,3,5,3,5,4,5,1,2,1,2
0,21,43,1.2949452866450883e-05,0,1,3,6,3,3,4,0,1,0,1,1
0,21,44,3.191563564541866e-06,0,1,3,6,3,4,4,0,1,0,1,1
0,21,46,2.774670292637893e-06,0,1,3,6,3,6,4,0,1,0,1,1
0,22,0,6.325238791760057e-05,0,0,3,1,4,0,4,0,1,2,1,4
0,22,1,0.02071051299571991,0,0,3,3,4,1,4,1,1,1,1,1
0,22,2,0.002874875906854868,0,0,3,3,4,2,4,1,1,1,1,1
0,22,3,0.00021559851302299649,0,0,3,3,4,3,4,1,1,1,1,1
0,22,5,0.002380652818828821,0,0,3,3,4,5,4,1,1,1,1,1
0,22,6,0.0012572717387229204,0,0,3,3,4,6,4,1,1,1,1,1
0,22,7,0.11403991281986237,0,0,3,3,4,1,4,2,1,1,1,1
0,22,11,0.02757345698773861,0,0,3,3,4,5,4,2,1,1,1,1
0,22,13,0.7773908972740173,0,0,3,3,4,1,4,3,1,1,1,1
0,22,18,0.005744411144405603,0,0,3,3,4,6,4,3,1,1,1,1
0,22,23,0.01547317486256361,0,0,3,3,4,5,4,4,1,1,1,1
0,22,24,0.0033237184397876263,0,0,3,3,4,6,4,4,1,1,1,1
0,22,25,0.004020152147859335,0,0,3,3,4,1,4,5,1,1,1,1
0,22,26,0.0012874288950115442,0,0,3,3,4,2,4,5,1,1,1,1
0,22,28,0.001802791259251535,0,0,3,3,4,4,4,5,1,1,1,1
0,22,31,0.004577052313834429,0,0,3,4,4,1,4,1,1,1,1,1
0,22,32,0.000779738649725914,0,0,3,4,4,2,4,2,1,1,1,1
0,22,33,0.0015230027493089437,0,0,3,4,4,3,4,3,1,1,1,1
0,22,34,0.014913443475961685,0,0,3,4,4,4,4,4,1,1,1,1
0,22,38,1.8362397895543836e-05,0,0,3,5,4,3,4,3,1,2,1,2
0,22,40,2.1232960989436833e-06,0,0,3,5,4,5,4,5,1,2,1,2
0,22,43,9.043028512678575e-06,0,1,3,6,4,3,4,0,1,0,1,1
0,22,44,1.3299938473210204e-05,0,1,3,6,4,4,4,0,1,0,1,1
0,22,46,5.625307949230773e-06,0,1,3,6,4,6,4,0,1,0,1,1
0,27,0,0.047412604093551636,0,0,3,1,3,0,5,0,1,2,1,4
0,27,1,0.28458863496780396,0,0,3,3,3,1,5,1,1,1,1,1
0,27,2,0.03674480691552162,0,0,3,3,3,2,5,1,1,1,1,1
0,27,3,0.006267113611102104,0,0,3,3,3,3,5,1,1,1,1,1
0,27,5,0.022380899637937546,0,0,3,3,3,5,5,1,1,1,1,1
0,27,6,0.10136422514915466,0,0,3,3,3,6,5,1,1,1,1,1
0,27,7,0.031756870448589325,0,0,3,3,3,1,5,2,1,1,1,1
0,27,11,0.00869330856949091,0,0,3,3,3,5,5,2,1,1,1,1
0,27,13,0.03551393002271652,0,0,3,3,3,1,5,3,1,1,1,1
0,27,18,0.014492619782686234,0,0,3,3,3,6,5,3,1,1,1,1
0,27,23,0.0009778864914551377,0,0,3,3,3,5,5,4,1,1,1,1
0,27,24,0.0021523539908230305,0,0,3,3,3,6,5,4,1,1,1,1
0,27,25,0.03626079484820366,0,0,3,3,3,1,5,5,1,1,1,1
0,27,26,0.00704391160979867,0,0,3,3,3,2,5,5,1,1,1,1
0,27,28,0.04288477078080177,0,0,3,3,3,4,5,5,1,1,1,1
0,27,31,0.20276157557964325,0,0,3,4,3,1,5,1,1,1,1,1
0,27,32,0.010411681607365608,0,0,3,4,3,2,5,2,1,1,1,1
0,27,33,0.005744016729295254,0,0,3,4,3,3,5,3,1,1,1,1
0,27,34,0.0008797610062174499,0,0,3,4,3,4,5,4,1,1,1,1
0,27,38,0.0014232794055715203,0,0,3,5,3,3,5,3,1,2,1,2
0,27,40,0.0005449142772704363,0,0,3,5,3,5,5,5,1,2,1,2
0,27,43,0.00352707551792264,0,1,3,6,3,3,5,0,1,0,1,1
0,27,44,0.011187396012246609,0,1,3,6,3,4,5,0,1,0,1,1
0,27,46,0.08498577773571014,0,1,3,6,3,6,5,0,1,0,1,1
0,29,0,0.9640325903892517,0,0,3,1,5,0,5,0,1,2,1,4
0,29,1,0.004157812334597111,0,0,3,3,5,1,5,1,1,1,1,1
0,29,2,0.007647989317774773,0,0,3,3,5,2,5,1,1,1,1,1
0,29,3,0.0003447305643931031,0,0,3,3,5,3,5,1,1,1,1,1
0,29,5,0.0018038854468613863,0,0,3,3,5,5,5,1,1,1,1,1
0,29,6,0.006612696684896946,0,0,3,3,5,6,5,1,1,1,1,1
0,29,7,0.00014217423449736089,0,0,3,3,5,1,5,2,1,1,1,1
0,29,11,0.0012980481842532754,0,0,3,3,5,5,5,2,1,1,1,1
0,29,13,0.00029815867310389876,0,0,3,3,5,1,5,3,1,1,1,1
0,29,18,0.002043793210759759,0,0,3,3,5,6,5,3,1,1,1,1
0,29,23,7.633875793544576e-05,0,0,3,3,5,5,5,4,1,1,1,1
0,29,24,0.00012706195411738008,0,0,3,3,5,6,5,4,1,1,1,1
0,29,25,0.0005792046431452036,0,0,3,3,5,1,5,5,1,1,1,1
0,29,26,0.0010933040175586939,0,0,3,3,5,2,5,5,1,1,1,1
0,29,28,0.0038742306642234325,0,0,3,3,5,4,5,5,1,1,1,1
0,29,31,0.0012269598664715886,0,0,3,4,5,1,5,1,1,1,1,1
0,29,32,0.0006140501354821026,0,0,3,4,5,2,5,2,1,1,1,1
0,29,33,0.0002752878062892705,0,0,3,4,5,3,5,3,1,1,1,1
0,29,34,1.0505706086405553e-05,0,0,3,4,5,4,5,4,1,1,1,1
0,29,38,4.23112724092789e-05,0,0,3,5,5,3,5,3,1,2,1,2
0,29,40,0.00010568810830591246,0,0,3,5,5,5,5,5,1,2,1,2
0,29,43,4.800579699804075e-05,0,1,3,6,5,3,5,0,1,0,1,1
0,29,44,0.0012683626264333725,0,1,3,6,5,4,5,0,1,0,1,1
0,29,46,0.0022767665795981884,0,1,3,6,5,6,5,0,1,0,1,1
0,30,0,0.09431261569261551,0,0,3,1,6,0,5,0,1,2,1,4
0,30,1,0.21604906022548676,0,0,3,3,6,1,5,1,1,1,1,1
0,30,2,0.03955749794840813,0,0,3,3,6,2,5,1,1,1,1,1
0,30,3,0.003403319977223873,0,0,3,3,6,3,5,1,1,1,1,1
0,30,5,0.02103927917778492,0,0,3,3,6,5,5,1,1,1,1,1
0,30,6,0.0609511137008667,0,0,3,3,6,6,5,1,1,1,1,1
0,30,7,0.010538199916481972,0,0,3,3,6,1,5,2,1,1,1,1
0,30,11,0.02303665317595005,0,0,3,3,6,5,5,2,1,1,1,1
0,30,13,0.008392785675823689,0,0,3,3,6,1,5,3,1,1,1,1
0,30,18,0.008011028170585632,0,0,3,3,6,6,5,3,1,1,1,1
0,30,23,0.0010215407237410545,0,0,3,3,6,5,5,4,1,1,1,1
0,30,24,0.001965609146282077,0,0,3,3,6,6,5,4,1,1,1,1
0,30,25,0.007137938402593136,0,0,3,3,6,1,5,5,1,1,1,1
0,30,26,0.0063284048810601234,0,0,3,3,6,2,5,5,1,1,1,1
0,30,28,0.043355271220207214,0,0,3,3,6,4,5,5,1,1,1,1
0,30,31,0.3893074095249176,0,0,3,4,6,1,5,1,1,1,1,1
0,30,32,0.020221298560500145,0,0,3,4,6,2,5,2,1,1,1,1
0,30,33,0.004599756095558405,0,0,3,4,6,3,5,3,1,1,1,1
0,30,34,0.0009240339859388769,0,0,3,4,6,4,5,4,1,1,1,1
0,30,38,0.00024378996749874204,0,0,3,5,6,3,5,3,1,2,1,2
0,30,40,0.00022507141693495214,0,0,3,5,6,5,5,5,1,2,1,2
0,30,43,0.0020425277762115,0,1,3,6,6,3,5,0,1,0,1,1
0,30,44,0.007805569097399712,0,1,3,6,6,4,5,0,1,0,1,1
0,30,46,0.029530592262744904,0,1,3,6,6,6,5,0,1,0,1,1
0,35,0,0.9812964200973511,0,0,4,1,5,0,5,0,1,2,1,4
0,35,1,0.0008581189904361963,0,0,4,3,5,1,5,1,1,1,1,1
0,35,2,0.0015745797427371144,0,0,4,3,5,2,5,1,1,1,1,1
0,35,3,5.640712333843112e-05,0,0,4,3,5,3,5,1,1,1,1,1
0,35,5,0.00021393547649495304,0,0,4,3,5,5,5,1,1,1,1,1
0,35,6,0.004387854132801294,0,0,4,3,5,6,5,1,1,1,1,1
0,35,7,2.078766374324914e-05,0,0,4,3,5,1,5,2,1,1,1,1
0,35,11,0.00017059865058399737,0,0,4,3,5,5,5,2,1,1,1,1
0,35,13,8.206957318179775e-06,0,0,4,3,5,1,5,3,1,1,1,1
0,35,18,0.00019565020920708776,0,0,4,3,5,6,5,3,1,1,1,1
0,35,23,6.284421942837071e-06,0,0,4,3,5,5,5,4,1,1,1,1
0,35,24,4.246157004672568e-06,0,0,4,3,5,6,5,4,1,1,1,1
0,35,25,3.24225657095667e-05,0,0,4,3,5,1,5,5,1,1,1,1
0,35,26,0.00019735988462343812,0,0,4,3,5,2,5,5,1,1,1,1
0,35,28,0.003053341992199421,0,0,4,3,5,4,5,5,1,1,1,1
0,35,31,0.0011874503688886762,0,0,4,4,5,1,5,1,1,1,1,1
0,35,32,0.0030286565888673067,0,0,4,4,5,2,5,2,1,1,1,1
0,35,33,0.0008202653261832893,0,0,4,4,5,3,5,3,1,1,1,1
0,35,34,2.498453341104323e-06,0,0,4,4,5,4,5,4,1,1,1,1
0,35,38,8.945001354732085e-06,0,0,4,5,5,3,5,3,1,2,1,2
0,35,40,3.011209992109798e-05,0,0,4,5,5,5,5,5,1,2,1,2
0,35,43,2.4360479073948227e-05,0,1,4,6,5,3,5,0,1,0,1,1
0,35,44,0.0003496150020509958,0,1,4,6,5,4,5,0,1,0,1,1
0,35,46,0.0024722793605178595,0,1,4,6,5,6,5,0,1,0,1,1
0,36,0,1.5409093975904398e-05,0,0,5,1,1,0,1,0,2,2,2,4
0,36,1,0.009872405789792538,0,0,5,3,1,1,1,1,2,1,2,1
0,36,2,0.0008243040647357702,0,0,5,3,1,2,1,1,2,1,2,1
0,36,3,0.00043920028838329017,0,0,5,3,1,3,1,1,2,1,2,1
0,36,5,0.0020360928028821945,0,0,5,3,1,5,1,1,2,1,2,1
0,36,6,0.005211802199482918,0,0,5,3,1,6,1,1,2,1,2,1
0,36,7,0.9010635018348694,0,0,5,3,1,1,1,2,2,1,2,1
0,36,11,0.06314937025308609,0,0,5,3,1,5,1,2,2,1,2,1
0,36,13,0.0034668922889977694,0,0,5,3,1,1,1,3,2,1,2,1
0,36,18,0.00011306352098472416,0,0,5,3,1,6,1,3,2,1,2,1
0,36,23,0.0006540516624227166,0,0,5,3,1,5,1,4,2,1,2,1
0,36,24,0.0007099602371454239,0,0,5,3,1,6,1,4,2,1,2,1
0,36,25,0.0007288759225048125,0,0,5,3,1,1,1,5,2,1,2,1
0,36,26,0.0005152509547770023,0,0,5,3,1,2,1,5,2,1,2,1
0,36,28,0.001921465271152556,0,0,5,3,1,4,1,5,2,1,2,1
0,36,31,0.003735945327207446,0,0,5,4,1,1,1,1,2,1,2,1
0,36,32,0.002644769847393036,0,0,5,4,1,2,1,2,2,1,2,1
0,36,33,6.345425208564848e-05,0,0,5,4,1,3,1,3,2,1,2,1
0,36,34,0.002636156976222992,0,0,5,4,1,4,1,4,2,1,2,1
0,36,38,3.857241154037183e-06,0,0,5,5,1,3,1,3,2,2,2,2
0,36,40,4.1285188672191e-06,0,0,5,5,1,5,1,5,2,2,2,2
0,36,43,7.737168198218569e-05,0,1,5,6,1,3,1,0,2,0,2,1
0,36,44,2.810171281453222e-05,0,1,5,6,1,4,1,0,2,0,2,1
0,36,46,8.458834781777114e-05,0,1,5,6,1,6,1,0,2,0,2,1
0,37,0,3.7232550766930217e-06,0,0,5,1,2,0,2,0,2,2,2,4
0,37,1,0.015809232369065285,0,0,5,3,2,1,2,1,2,1,2,1
0,37,2,0.0004683166043832898,0,0,5,3,2,2,2,1,2,1,2,1
0,37,3,0.0003593942092265934,0,0,5,3,2,3,2,1,2,1,2,1
0,37,5,0.0002191468665841967,0,0,5,3,2,5,2,1,2,1,2,1
0,37,6,0.0014140201965346932,0,0,5,3,2,6,2,1,2,1,2,1
0,37,7,0.9454888105392456,0,0,5,3,2,1,2,2,2,1,2,1
0,37,11,0.001586184836924076,0,0,5,3,2,5,2,2,2,1,2,1
0,37,13,0.00666102534160018,0,0,5,3,2,1,2,3,2,1,2,1
0,37,18,0.00016157889331225306,0,0,5,3,2,6,2,3,2,1,2,1
0,37,23,0.00036447314778342843,0,0,5,3,2,5,2,4,2,1,2,1
0,37,24,0.0010603173868730664,0,0,5,3,2,6,2,4,2,1,2,1
0,37,25,0.001409062184393406,0,0,5,3,2,1,2,5,2,1,2,1
0,37,26,0.00025342919980175793,0,0,5,3,2,2,2,5,2,1,2,1
0,37,28,0.00030994502594694495,0,0,5,3,2,4,2,5,2,1,2,1
0,37,31,0.010367661714553833,0,0,5,4,2,1,2,1,2,1,2,1
0,37,32,0.0022018500603735447,0,0,5,4,2,2,2,2,2,1,2,1
0,37,33,1.8372980775893666e-05,0,0,5,4,2,3,2,3,2,1,2,1
0,37,34,0.001717604580335319,0,0,5,4,2,4,2,4,2,1,2,1
0,37,38,7.308889053092571e-06,0,0,5,5,2,3,2,3,2,2,2,2
0,37,40,8.524183385816286e-07,0,0,5,5,2,5,2,5,2,2,2,2
0,37,43,0.0037874283734709024,0,1,5,6,2,3,2,0,2,0,2,1
0,37,44,0.0005883480189368129,0,1,5,6,2,4,2,0,2,0,2,1
0,37,46,0.005742032080888748,0,1,5,6,2,6,2,0,2,0,2,1
0,39,0,5.225552213161677e-10,0,0,5,1,4,0,4,0,2,2,2,4
0,39,1,0.00030800074455328286,0,0,5,3,4,1,4,1,2,1,2,1
0,39,2,6.071602001611609e-06,0,0,5,3,4,2,4,1,2,1,2,1
0,39,3,4.947654360876186e-06,0,0,5,3,4,3,4,1,2,1,2,1
0,39,5,7.618373274453916e-06,0,0,5,3,4,5,4,1,2,1,2,1
0,39,6,1.5927858839859255e-05,0,0,5,3,4,6,4,1,2,1,2,1
0,39,7,0.9949473738670349,0,0,5,3,4,1,4,2,2,1,2,1
0,39,11,0.00047070151777006686,0,0,5,3,4,5,4,2,2,1,2,1
0,39,13,0.0022966943215578794,0,0,5,3,4,1,4,3,2,1,2,1
0,39,18,2.0750289877469186e-06,0,0,5,3,4,6,4,3,2,1,2,1
0,39,23,6.747583393007517e-05,0,0,5,3,4,5,4,4,2,1,2,1
0,39,24,7.309905777219683e-05,0,0,5,3,4,6,4,4,2,1,2,1
0,39,25,5.2023460739292204e-05,0,0,5,3,4,1,4,5,2,1,2,1
0,39,26,4.826267286262009e-06,0,0,5,3,4,2,4,5,2,1,2,1
0,39,28,4.851416633755434e-06,0,0,5,3,4,4,4,5,2,1,2,1
0,39,31,4.822214395971969e-05,0,0,5,4,4,1,4,1,2,1,2,1
0,39,32,2.8150388970971107e-05,0,0,5,4,4,2,4,2,2,1,2,1
0,39,33,3.3120758757831936e-07,0,0,5,4,4,3,4,3,2,1,2,1
0,39,34,0.0016510222340002656,0,0,5,4,4,4,4,4,2,1,2,1
0,39,38,5.868269425945982e-08,0,0,5,5,4,3,4,3,2,2,2,2
0,39,40,2.3920205816096995e-09,0,0,5,5,4,5,4,5,2,2,2,2
0,39,43,9.863267223408911e-06,0,1,5,6,4,3,4,0,2,0,2,1
0,39,44,1.8675554258607008e-07,0,1,5,6,4,4,4,0,2,0,2,1
0,39,46,7.118089797586435e-07,0,1,5,6,4,6,4,0,2,0,2,1
0,41,0,6.972252322157146e-07,1,0,6,1,1,0,0,0,0,2,1,4
0,41,1,8.29379860078916e-06,1,0,6,3,1,1,0,1,0,1,1,1
0,41,2,4.074869593750918e-06,1,0,6,3,1,2,0,1,0,1,1,1
0,41,3,2.127755806213827e-06,1,0,6,3,1,3,0,1,0,1,1,1
0,41,5,3.07453456116491e-06,1,0,6,3,1,5,0,1,0,1,1,1
0,41,6,2.6706247808760963e-06,1,0,6,3,1,6,0,1,0,1,1,1
0,41,7,2.0172071799606783e-06,1,0,6,3,1,1,0,2,0,1,1,1
0,41,11,4.6093873606878333e-07,1,0,6,3,1,5,0,2,0,1,1,1
0,41,13,0.0003657696070149541,1,0,6,3,1,1,0,3,0,1,1,1
0,41,18,3.885434853145853e-05,1,0,6,3,1,6,0,3,0,1,1,1
0,41,23,3.393742008483969e-05,1,0,6,3,1,5,0,4,0,1,1,1
0,41,24,2.653445108080632e-06,1,0,6,3,1,6,0,4,0,1,1,1
0,41,25,3.142006607959047e-05,1,0,6,3,1,1,0,5,0,1,1,1
0,41,26,1.9583732864703052e-05,1,0,6,3,1,2,0,5,0,1,1,1
0,41,28,0.00041430123383179307,1,0,6,3,1,4,0,5,0,1,1,1
0,41,31,0.00016710841737221926,1,0,6,4,1,1,0,1,0,1,1,1
0,41,32,0.0005510323098860681,1,0,6,4,1,2,0,2,0,1,1,1
0,41,33,0.9860796332359314,1,0,6,4,1,3,0,3,0,1,1,1
0,41,34,0.0018345469143241644,1,0,6,4,1,4,0,4,0,1,1,1
0,41,38,0.009546278044581413,1,0,6,5,1,3,0,3,0,2,1,2
0,41,40,0.0004889436531811953,1,0,6,5,1,5,0,5,0,2,1,2
0,41,43,0.0003751211042981595,1,1,6,6,1,3,0,0,0,0,1,1
0,41,44,6.42177974441438e-06,1,1,6,6,1,4,0,0,0,0,1,1
0,41,46,2.013102130149491e-05,1,1,6,6,1,6,0,0,0,0,1,1
0,42,0,2.7220653464610223e-07,1,0,6,1,2,0,0,0,0,2,1,4
0,42,1,0.00022494020231533796,1,0,6,3,2,1,0,1,0,1,1,1
0,42,2,8.560396963730454e-05,1,0,6,3,2,2,0,1,0,1,1,1
0,42,3,3.3420437830500305e-05,1,0,6,3,2,3,0,1,0,1,1,1
0,42,5,1.0838796697498765e-05,1,0,6,3,2,5,0,1,0,1,1,1
0,42,6,1.8632994397194125e-05,1,0,6,3,2,6,0,1,0,1,1,1
0,42,7,0.007305101025849581,1,0,6,3,2,1,0,2,0,1,1,1
0,42,11,8.788987543084659e-06,1,0,6,3,2,5,0,2,0,1,1,1
0,42,13,0.012715655378997326,1,0,6,3,2,1,0,3,0,1,1,1
0,42,18,0.0005066118901595473,1,0,6,3,2,6,0,3,0,1,1,1
0,42,23,0.0004845932999160141,1,0,6,3,2,5,0,4,0,1,1,1
0,42,24,0.0003719304804690182,1,0,6,3,2,6,0,4,0,1,1,1
0,42,25,0.000643124629277736,1,0,6,3,2,1,0,5,0,1,1,1
0,42,26,0.00018592704145703465,1,0,6,3,2,2,0,5,0,1,1,1
0,42,28,0.00042705683154053986,1,0,6,3,2,4,0,5,0,1,1,1
0,42,31,0.0012711267918348312,1,0,6,4,2,1,0,1,0,1,1,1
0,42,32,0.005317801143974066,1,0,6,4,2,2,0,2,0,1,1,1
0,42,33,0.03064265102148056,1,0,6,4,2,3,0,3,0,1,1,1
0,42,34,0.05269961804151535,1,0,6,4,2,4,0,4,0,1,1,1
0,42,38,0.002453924622386694,1,0,6,5,2,3,0,3,0,2,1,2
0,42,40,2.6551771952654235e-05,1,0,6,5,2,5,0,5,0,2,1,2
0,42,43,0.8658998012542725,1,1,6,6,2,3,0,0,0,0,1,1
0,42,44,0.0018168111564591527,1,1,6,6,2,4,0,0,0,0,1,1
0,42,46,0.016849135980010033,1,1,6,6,2,6,0,0,0,0,1,1
0,45,0,5.013154077460058e-05,1,0,6,1,5,0,0,0,0,2,1,4
0,45,1,0.0002594160905573517,1,0,6,3,5,1,0,1,0,1,1,1
0,45,2,0.0002688629610929638,1,0,6,3,5,2,0,1,0,1,1,1
0,45,3,3.645665492513217e-05,1,0,6,3,5,3,0,1,0,1,1,1
0,45,5,7.151842146413401e-05,1,0,6,3,5,5,0,1,0,1,1,1
0,45,6,8.747221727389842e-05,1,0,6,3,5,6,0,1,0,1,1,1
0,45,7,0.0001562692050356418,1,0,6,3,5,1,0,2,0,1,1,1
0,45,11,2.4959656002465636e-05,1,0,6,3,5,5,0,2,0,1,1,1
0,45,13,0.013176687993109226,1,0,6,3,5,1,0,3,0,1,1,1
0,45,18,0.0056280288845300674,1,0,6,3,5,6,0,3,0,1,1,1
0,45,23,0.001966954907402396,1,0,6,3,5,5,0,4,0,1,1,1
0,45,24,0.00019846358918584883,1,0,6,3,5,6,0,4,0,1,1,1
0,45,25,0.0007078837370499969,1,0,6,3,5,1,0,5,0,1,1,1
0,45,26,0.0005263618077151477,1,0,6,3,5,2,0,5,0,1,1,1
0,45,28,0.0023372669238597155,1,0,6,3,5,4,0,5,0,1,1,1
0,45,31,0.0012831476051360369,1,0,6,4,5,1,0,1,0,1,1,1
0,45,32,0.009221896529197693,1,0,6,4,5,2,0,2,0,1,1,1
0,45,33,0.9148834943771362,1,0,6,4,5,3,0,3,0,1,1,1
0,45,34,0.02914769947528839,1,0,6,4,5,4,0,4,0,1,1,1
0,45,38,0.014519781805574894,1,0,6,5,5,3,0,3,0,2,1,2
0,45,40,0.0005656745051965117,1,0,6,5,5,5,0,5,0,2,1,2
0,45,43,0.003984106704592705,1,1,6,6,5,3,0,0,0,0,1,1
0,45,44,0.00018239926430396736,1,1,6,6,5,4,0,0,0,0,1,1
0,45,46,0.0007154421764425933,1,1,6,6,5,6,0,0,0,0,1,1
0,47,0,1.7262545952689834e-05,2,0,7,1,0,0,0,0,0,2,4,4
0,47,1,0.002099667675793171,2,0,7,3,0,1,0,1,0,1,4,1
0,47,2,0.0014570580096915364,2,0,7,3,0,2,0,1,0,1,4,1
0,47,3,0.00301166670396924,2,0,7,3,0,3,0,1,0,1,4,1
0,47,5,0.008241604082286358,2,0,7,3,0,5,0,1,0,1,4,1
0,47,6,0.0019632678013294935,2,0,7,3,0,6,0,1,0,1,4,1
0,47,7,0.1928391456604004,2,0,7,3,0,1,0,2,0,1,4,1
0,47,11,0.1826014220714569,2,0,7,3,0,5,0,2,0,1,4,1
0,47,13,0.06278590857982635,2,0,7,3,0,1,0,3,0,1,4,1
0,47,18,0.012418225407600403,2,0,7,3,0,6,0,3,0,1,4,1
0,47,23,0.36215493083000183,2,0,7,3,0,5,0,4,0,1,4,1
0,47,24,0.09573491662740707,2,0,7,3,0,6,0,4,0,1,4,1
0,47,25,0.003606405109167099,2,0,7,3,0,1,0,5,0,1,4,1
0,47,26,0.002404432976618409,2,0,7,3,0,2,0,5,0,1,4,1
0,47,28,0.00010741878941189498,2,0,7,3,0,4,0,5,0,1,4,1
0,47,31,0.0005174718098714948,2,0,7,4,0,1,0,1,0,1,4,1
0,47,32,0.0006398336263373494,2,0,7,4,0,2,0,2,0,1,4,1
0,47,33,1.8494072719477117e-05,2,0,7,4,0,3,0,3,0,1,4,1
0,47,34,0.06690225750207901,2,0,7,4,0,4,0,4,0,1,4,1
0,47,38,8.336584141943604e-05,2,0,7,5,0,3,0,3,0,2,4,2
0,47,40,0.00017261375614907593,2,0,7,5,0,5,0,5,0,2,4,2
0,47,43,6.541672337334603e-05,2,1,7,6,0,3,0,0,0,0,4,1
0,47,44,0.0001342120231129229,2,1,7,6,0,4,0,0,0,0,4,1
0,47,46,2.2889236788614653e-05,2,1,7,6,0,6,0,0,0,0,4,1
1,0,4,5.495053846971132e-05,0,0,1,3,0,4,0,1,2,1,4,1
1,0,8,0.0003698818327393383,0,0,1,3,0,2,0,2,2,1,4,1
1,0,9,0.0009785593720152974,0,0,1,3,0,3,0,2,2,1,4,1
1,0,10,0.0007743988535366952,0,0,1,3,0,4,0,2,2,1,4,1
1,0,12,0.0014341574860736728,0,0,1,3,0,6,0,2,2,1,4,1
1,0,14,0.00019087536202277988,0,0,1,3,0,2,0,3,2,1,4,1
1,0,15,8.345345850102603e-05,0,0,1,3,0,3,0,3,2,1,4,1
1,0,16,0.0005565864266827703,0,0,1,3,0,4,0,3,2,1,4,1
1,0,17,0.00020028695871587843,0,0,1,3,0,5,0,3,2,1,4,1
1,0,19,0.0006977299926802516,0,0,1,3,0,1,0,4,2,1,4,1
1,0,20,0.00023954932112246752,0,0,1,3,0,2,0,4,2,1,4,1
1,0,21,7.202992856036872e-05,0,0,1,3,0,3,0,4,2,1,4,1
1,0,22,3.165879752486944e-05,0,0,1,3,0,4,0,4,2,1,4,1
1,0,27,0.04245729371905327,0,0,1,3,0,3,0,5,2,1,4,1
1,0,29,0.004479583818465471,0,0,1,3,0,5,0,5,2,1,4,1
1,0,30,0.00415510218590498,0,0,1,3,0,6,0,5,2,1,4,1
1,0,35,0.019417520612478256,0,0,1,4,0,5,0,5,2,1,4,1
1,0,36,0.28656885027885437,0,0,1,5,0,1,0,1,2,2,4,2
1,0,37,0.25395670533180237,0,0,1,5,0,2,0,2,2,2,4,2
1,0,39,0.1955059915781021,0,0,1,5,0,4,0,4,2,2,4,2
1,0,41,0.08241642266511917,0,1,1,6,0,1,0,0,2,0,4,1
1,0,42,0.023571986705064774,0,1,1,6,0,2,0,0,2,0,4,1
1,0,45,0.030095620080828667,0,1,1,6,0,5,0,0,2,0,4,1
1,0,47,0.05169076845049858,0,2,1,7,0,0,0,0,2,0,4,4
1,1,4,0.0037671716418117285,0,0,3,3,1,4,1,1,1,1,1,1
1,1,8,0.010151197202503681,0,0,3,3,1,2,1,2,1,1,1,1
1,1,9,0.03869330883026123,0,0,3,3,1,3,1,2,1,1,1,1
1,1,10,0.030423706397414207,0,0,3,3,1,4,1,2,1,1,1,1
1,1,12,0.009670802392065525,0,0,3,3,1,6,1,2,1,1,1,1
1,1,14,0.02431226521730423,0,0,3,3,1,2,1,3,1,1,1,1
1,1,15,0.014460339210927486,0,0,3,3,1,3,1,3,1,1,1,1
1,1,16,0.033620864152908325,0,0,3,3,1,4,1,3,1,1,1,1
1,1,17,0.005331564694643021,0,0,3,3,1,5,1,3,1,1,1,1
1,1,19,0.011067623272538185,0,0,3,3,1,1,1,4,1,1,1,1
1,1,20,0.010507585480809212,0,0,3,3,1,2,1,4,1,1,1,1
1,1,21,0.012109056115150452,0,0,3,3,1,3,1,4,1,1,1,1
1,1,22,0.004450407810509205,0,0,3,3,1,4,1,4,1,1,1,1
1,1,27,0.02537364326417446,0,0,3,3,1,3,1,5,1,1,1,1
1,1,29,0.004857764579355717,0,0,3,3,1,5,1,5,1,1,1,1
1,1,30,0.011280477978289127,0,0,3,3,1,6,1,5,1,1,1,1
1,1,35,0.01886296272277832,0,0,3,4,1,5,1,5,1,1,1,1
1,1,36,0.19901250302791595,0,0,3,5,1,1,1,1,1,2,1,2
1,1,37,0.1373795121908188,0,0,3,5,1,2,1,2,1,2,1,2
1,1,39,0.33194929361343384,0,0,3,5,1,4,1,4,1,2,1,2
1,1,41,0.011980901472270489,0,1,3,6,1,1,1,0,1,0,1,1
1,1,42,0.034002598375082016,0,1,3,6,1,2,1,0,1,0,1,1
1,1,45,0.013853596523404121,0,1,3,6,1,5,1,0,1,0,1,1
1,1,47,0.0028811378870159388,0,2,3,7,1,0,1,0,1,0,1,4
1,2,4,2.1989144443068653e-05,0,0,3,3,2,4,1,1,1,1,1,1
1,2,8,0.00023036531638354063,0,0,3,3,2,2,1,2,1,1,1,1
1,2,9,0.002582855522632599,0,0,3,3,2,3,1,2,1,1,1,1
1,2,10,0.004441204946488142,0,0,3,3,2,4,1,2,1,1,1,1
1,2,12,0.0002368046116316691,0,0,3,3,2,6,1,2,1,1,1,1
1,2,14,5.425448762252927e-05,0,0,3,3,2,2,1,3,1,1,1,1
1,2,15,0.0001687353797024116,0,0,3,3,2,3,1,3,1,1,1,1
1,2,16,0.0003014615213032812,0,0,3,3,2,4,1,3,1,1,1,1
1,2,17,7.246763561852276e-05,0,0,3,3,2,5,1,3,1,1,1,1
1,2,19,0.00013356255658436567,0,0,3,3,2,1,1,4,1,1,1,1
1,2,20,9.639251220505685e-05,0,0,3,3,2,2,1,4,1,1,1,1
1,2,21,7.90882550063543e-05,0,0,3,3,2,3,1,4,1,1,1,1
1,2,22,6.465566548286006e-05,0,0,3,3,2,4,1,4,1,1,1,1
1,2,27,0.002317032078281045,0,0,3,3,2,3,1,5,1,1,1,1
1,2,29,0.0003717999788932502,0,0,3,3,2,5,1,5,1,1,1,1
1,2,30,0.00019030907424166799,0,0,3,3,2,6,1,5,1,1,1,1
1,2,35,0.00033832815825007856,0,0,3,4,2,5,1,5,1,1,1,1
1,2,36,0.035528022795915604,0,0,3,5,2,1,1,1,1,2,1,2
1,2,37,0.2442823201417923,0,0,3,5,2,2,1,2,1,2,1,2
1,2,39,0.7066550254821777,0,0,3,5,2,4,1,4,1,2,1,2
1,2,41,0.00030456637614406645,0,1,3,6,2,1,1,0,1,0,1,1
1,2,42,0.0005482565029524267,0,1,3,6,2,2,1,0,1,0,1,1
1,2,45,0.00036849058233201504,0,1,3,6,2,5,1,0,1,0,1,1
1,2,47,0.0006118705496191978,0,2,3,7,2,0,1,0,1,0,1,4
1,3,4,0.0003444761678110808,0,0,3,3,3,4,1,1,1,1,1,1
1,3,8,0.0018049036152660847,0,0,3,3,3,2,1,2,1,1,1,1
1,3,9,0.03127544745802879,0,0,3,3,3,3,1,2,1,1,1,1
1,3,10,0.01202460192143917,0,0,3,3,3,4,1,2,1,1,1,1
1,3,12,0.041514839977025986,0,0,3,3,3,6,1,2,1,1,1,1
1,3,14,0.0011414921609684825,0,0,3,3,3,2,1,3,1,1,1,1
1,3,15,0.00456387409940362,0,0,3,3,3,3,1,3,1,1,1,1
1,3,16,0.006091920658946037,0,0,3,3,3,4,1,3,1,1,1,1
1,3,17,0.0034540784545242786,0,0,3,3,3,5,1,3,1,1,1,1
1,3,19,0.004082861356437206,0,0,3,3,3,1,1,4,1,1,1,1
1,3,20,0.0019884146749973297,0,0,3,3,3,2,1,4,1,1,1,1
1,3,21,0.003572427434846759,0,0,3,3,3,3,1,4,1,1,1,1
1,3,22,0.0015863641165196896,0,0,3,3,3,4,1,4,1,1,1,1
1,3,27,0.05406206473708153,0,0,3,3,3,3,1,5,1,1,1,1
1,3,29,0.00938898790627718,0,0,3,3,3,5,1,5,1,1,1,1
1,3,30,0.0020031179301440716,0,0,3,3,3,6,1,5,1,1,1,1
1,3,35,0.0015535400016233325,0,0,3,4,3,5,1,5,1,1,1,1
1,3,36,0.19439932703971863,0,0,3,5,3,1,1,1,1,2,1,2
1,3,37,0.07971671968698502,0,0,3,5,3,2,1,2,1,2,1,2
1,3,39,0.5162315964698792,0,0,3,5,3,4,1,4,1,2,1,2
1,3,41,0.012082953006029129,0,1,3,6,3,1,1,0,1,0,1,1
1,3,42,0.0012179556069895625,0,1,3,6,3,2,1,0,1,0,1,1
1,3,45,0.01218064408749342,0,1,3,6,3,5,1,0,1,0,1,1
1,3,47,0.0037175416946411133,0,2,3,7,3,0,1,0,1,0,1,4
1,5,4,1.3943060821475228e-06,0,0,3,3,5,4,1,1,1,1,1,1
1,5,8,2.1345507775549777e-05,0,0,3,3,5,2,1,2,1,1,1,1
1,5,9,0.0006806928431615233,0,0,3,3,5,3,1,2,1,1,1,1
1,5,10,0.000556141952984035,0,0,3,3,5,4,1,2,1,1,1,1
1,5,12,0.0002524432784412056,0,0,3,3,5,6,1,2,1,1,1,1
1,5,14,3.3321142836939543e-05,0,0,3,3,5,2,1,3,1,1,1,1
1,5,15,3.830505738733336e-05,0,0,3,3,5,3,1,3,1,1,1,1
1,5,16,0.00014668790390715003,0,0,3,3,5,4,1,3,1,1,1,1
1,5,17,5.08780540258158e-05,0,0,3,3,5,5,1,3,1,1,1,1
1,5,19,8.641331805847585e-05,0,0,3,3,5,1,1,4,1,1,1,1
1,5,20,0.00029314091079868376,0,0,3,3,5,2,1,4,1,1,1,1
1,5,21,4.8657399020157754e-05,0,0,3,3,5,3,1,4,1,1,1,1
1,5,22,2.5229011953342706e-05,0,0,3,3,5,4,1,4,1,1,1,1
1,5,27,0.0006401411374099553,0,0,3,3,5,3,1,5,1,1,1,1
1,5,29,0.00015053404786158353,0,0,3,3,5,5,1,5,1,1,1,1
1,5,30,0.0018782764673233032,0,0,3,3,5,6,1,5,1,1,1,1
1,5,35,0.0023408718407154083,0,0,3,4,5,5,1,5,1,1,1,1
1,5,36,0.01107766106724739,0,0,3,5,5,1,1,1,1,2,1,2
1,5,37,0.11056957393884659,0,0,3,5,5,2,1,2,1,2,1,2
1,5,39,0.8644083738327026,0,0,3,5,5,4,1,4,1,2,1,2
1,5,41,0.00091336335754022,0,1,3,6,5,1,1,0,1,0,1,1
1,5,42,0.002736625261604786,0,1,3,6,5,2,1,0,1,0,1,1
1,5,45,0.0022340542636811733,0,1,3,6,5,5,1,0,1,0,1,1
1,5,47,0.0008162097074091434,0,2,3,7,5,0,1,0,1,0,1,4
1,6,4,0.00010551077866693959,0,0,3,3,6,4,1,1,1,1,1,1
1,6,8,0.00051069789333269,0,0,3,3,6,2,1,2,1,1,1,1
1,6,9,0.006196813657879829,0,0,3,3,6,3,1,2,1,1,1,1
1,6,10,0.005375842563807964,0,0,3,3,6,4,1,2,1,1,1,1
1,6,12,0.0017163492739200592,0,0,3,3,6,6,1,2,1,1,1,1
1,6,14,0.0007612307672388852,0,0,3,3,6,2,1,3,1,1,1,1
1,6,15,0.00048313968000002205,0,0,3,3,6,3,1,3,1,1,1,1
1,6,16,0.000626197608653456,0,0,3,3,6,4,1,3,1,1,1,1
1,6,17,0.00033105045440606773,0,0,3,3,6,5,1,3,1,1,1,1
1,6,19,0.00022093769803177565,0,0,3,3,6,1,1,4,1,1,1,1
1,6,20,0.0012614789884537458,0,0,3,3,6,2,1,4,1,1,1,1
1,6,21,0.0010504352394491434,0,0,3,3,6,3,1,4,1,1,1,1
1,6,22,0.0002765540557447821,0,0,3,3,6,4,1,4,1,1,1,1
1,6,27,0.0012047202326357365,0,0,3,3,6,3,1,5,1,1,1,1
1,6,29,0.00032119808020070195,0,0,3,3,6,5,1,5,1,1,1,1
1,6,30,0.0018344835843890905,0,0,3,3,6,6,1,5,1,1,1,1
1,6,35,0.030973035842180252,0,0,3,4,6,5,1,5,1,1,1,1
1,6,36,0.06913111358880997,0,0,3,5,6,1,1,1,1,2,1,2
1,6,37,0.4257017970085144,0,0,3,5,6,2,1,2,1,2,1,2
1,6,39,0.44687846302986145,0,0,3,5,6,4,1,4,1,2,1,2
1,6,41,0.0007315105176530778,0,1,3,6,6,1,1,0,1,0,1,1
1,6,42,0.0013188881566748023,0,1,3,6,6,2,1,0,1,0,1,1
1,6,45,0.0006516928551718593,0,1,3,6,6,5,1,0,1,0,1,1
1,6,47,0.0023374452721327543,0,2,3,7,6,0,1,0,1,0,1,4
1,7,4,7.1608976526249535e-09,0,0,3,3,1,4,2,1,1,1,1,1
1,7,8,1.8787991962199158e-07,0,0,3,3,1,2,2,2,1,1,1,1
1,7,9,1.6017087546060793e-05,0,0,3,3,1,3,2,2,1,1,1,1
1,7,10,6.595397280761972e-06,0,0,3,3,1,4,2,2,1,1,1,1
1,7,12,4.18600984630757e-06,0,0,3,3,1,6,2,2,1,1,1,1
1,7,14,5.567274001805345e-07,0,0,3,3,1,2,2,3,1,1,1,1
1,7,15,1.4247264061850728e-06,0,0,3,3,1,3,2,3,1,1,1,1
1,7,16,1.116518433263991e-06,0,0,3,3,1,4,2,3,1,1,1,1
1,7,17,1.493376089456433e-06,0,0,3,3,1,5,2,3,1,1,1,1
1,7,19,2.202130531259172e-07,0,0,3,3,1,1,2,4,1,1,1,1
1,7,20,3.9672519847044896e-07,0,0,3,3,1,2,2,4,1,1,1,1
1,7,21,9.071141704453112e-08,0,0,3,3,1,3,2,4,1,1,1,1
1,7,22,1.4900624023539422e-07,0,0,3,3,1,4,2,4,1,1,1,1
1,7,27,7.485827518394217e-05,0,0,3,3,1,3,2,5,1,1,1,1
1,7,29,1.7229252989636734e-05,0,0,3,3,1,5,2,5,1,1,1,1
1,7,30,6.599658081540838e-05,0,0,3,3,1,6,2,5,1,1,1,1
1,7,35,0.00038127947482280433,0,0,3,4,1,5,2,5,1,1,1,1
1,7,36,0.009070595726370811,0,0,3,5,1,1,2,1,1,2,1,2
1,7,37,0.1058221235871315,0,0,3,5,1,2,2,2,1,2,1,2
1,7,39,0.8843205571174622,0,0,3,5,1,4,2,4,1,2,1,2
1,7,41,5.016072464059107e-06,0,1,3,6,1,1,2,0,1,0,1,1
1,7,42,8.759671800362412e-06,0,1,3,6,1,2,2,0,1,0,1,1
1,7,45,1.3604022569779772e-05,0,1,3,6,1,5,2,0,1,0,1,1
1,7,47,0.00018727112910710275,0,2,3,7,1,0,2,0,1,0,1,4
1,11,4,1.7940749330591643e-08,0,0,3,3,5,4,2,1,1,1,1,1
1,11,8,5.056322720520257e-07,0,0,3,3,5,2,2,2,1,1,1,1
1,11,9,6.291768659139052e-05,0,0,3,3,5,3,2,2,1,1,1,1
1,11,10,3.387665856280364e-05,0,0,3,3,5,4,2,2,1,1,1,1
1,11,12,2.9390628697001375e-05,0,0,3,3,5,6,2,2,1,1,1,1
1,11,14,1.6463864938032202e-07,0,0,3,3,5,2,2,3,1,1,1,1
1,11,15,9.876413287202013e-07,0,0,3,3,5,3,2,3,1,1,1,1
1,11,16,2.213755124103045e-06,0,0,3,3,5,4,2,3,1,1,1,1
1,11,17,1.5523405636486132e-06,0,0,3,3,5,5,2,3,1,1,1,1
1,11,19,7.747829045001708e-07,0,0,3,3,5,1,2,4,1,1,1,1
1,11,20,9.069152042684436e-07,0,0,3,3,5,2,2,4,1,1,1,1
1,11,21,3.901140246398427e-07,0,0,3,3,5,3,2,4,1,1,1,1
1,11,22,6.181588787512737e-07,0,0,3,3,5,4,2,4,1,1,1,1
1,11,27,0.00019511760910972953,0,0,3,3,5,3,2,5,1,1,1,1
1,11,29,2.251070509373676e-05,0,0,3,3,5,5,2,5,1,1,1,1
1,11,30,2.309256342414301e-05,0,0,3,3,5,6,2,5,1,1,1,1
1,11,35,6.563174247276038e-05,0,0,3,4,5,5,2,5,1,1,1,1
1,11,36,0.006965803448110819,0,0,3,5,5,1,2,1,1,2,1,2
1,11,37,0.058767374604940414,0,0,3,5,5,2,2,2,1,2,1,2
1,11,39,0.9334595203399658,0,0,3,5,5,4,2,4,1,2,1,2
1,11,41,3.945527714677155e-05,0,1,3,6,5,1,2,0,1,0,1,1
1,11,42,1.596977745066397e-05,0,1,3,6,5,2,2,0,1,0,1,1
1,11,45,0.00010606607247609645,0,1,3,6,5,5,2,0,1,0,1,1
1,11,47,0.0002054516808129847,0,2,3,7,5,0,2,0,1,0,1,4
1,13,4,1.4900505448167678e-05,0,0,3,3,1,4,3,1,1,1,1,1
1,13,8,0.00024099519941955805,0,0,3,3,1,2,3,2,1,1,1,1
1,13,9,0.004147079307585955,0,0,3,3,1,3,3,2,1,1,1,1
1,13,10,0.0071830423548817635,0,0,3,3,1,4,3,2,1,1,1,1
1,13,12,0.00013835633581038564,0,0,3,3,1,6,3,2,1,1,1,1
1,13,14,0.00011617042036959901,0,0,3,3,1,2,3,3,1,1,1,1
1,13,15,0.000142797885928303,0,0,3,3,1,3,3,3,1,1,1,1
1,13,16,0.00024837322416715324,0,0,3,3,1,4,3,3,1,1,1,1
1,13,17,4.8765963583718985e-05,0,0,3,3,1,5,3,3,1,1,1,1
1,13,19,6.143249629531056e-05,0,0,3,3,1,1,3,4,1,1,1,1
1,13,20,0.00015843597066123039,0,0,3,3,1,2,3,4,1,1,1,1
1,13,21,7.911163993412629e-05,0,0,3,3,1,3,3,4,1,1,1,1
1,13,22,7.769600779283792e-05,0,0,3,3,1,4,3,4,1,1,1,1
1,13,27,0.0003804994630627334,0,0,3,3,1,3,3,5,1,1,1,1
1,13,29,5.022198456572369e-05,0,0,3,3,1,5,3,5,1,1,1,1
1,13,30,0.0005084992735646665,0,0,3,3,1,6,3,5,1,1,1,1
1,13,35,0.006485113874077797,0,0,3,4,1,5,3,5,1,1,1,1
1,13,36,0.011941839940845966,0,0,3,5,1,1,3,1,1,2,1,2
1,13,37,0.4746895432472229,0,0,3,5,1,2,3,2,1,2,1,2
1,13,39,0.48260340094566345,0,0,3,5,1,4,3,4,1,2,1,2
1,13,41,0.0004109795263502747,0,1,3,6,1,1,3,0,1,0,1,1
1,13,42,0.007689022924751043,0,1,3,6,1,2,3,0,1,0,1,1
1,13,45,0.0008379770442843437,0,1,3,6,1,5,3,0,1,0,1,1
1,13,47,0.0017459156224504113,0,2,3,7,1,0,3,0,1,0,1,4
1,18,4,9.581315680406988e-06,0,0,3,3,6,4,3,1,1,1,1,1
1,18,8,0.00016303094162140042,0,0,3,3,6,2,3,2,1,1,1,1
1,18,9,0.0037293825298547745,0,0,3,3,6,3,3,2,1,1,1,1
1,18,10,0.006264894735068083,0,0,3,3,6,4,3,2,1,1,1,1
1,18,12,0.000693440088070929,0,0,3,3,6,6,3,2,1,1,1,1
1,18,14,0.0002188826765632257,0,0,3,3,6,2,3,3,1,1,1,1
1,18,15,0.00038652311195619404,0,0,3,3,6,3,3,3,1,1,1,1
1,18,16,0.0005043659475632012,0,0,3,3,6,4,3,3,1,1,1,1
1,18,17,0.000305597553960979,0,0,3,3,6,5,3,3,1,1,1,1
1,18,19,0.0001876833412097767,0,0,3,3,6,1,3,4,1,1,1,1
1,18,20,0.0016580624505877495,0,0,3,3,6,2,3,4,1,1,1,1
1,18,21,0.00021324239787645638,0,0,3,3,6,3,3,4,1,1,1,1
1,18,22,0.00072903634281829,0,0,3,3,6,4,3,4,1,1,1,1
1,18,27,0.00011505867587402463,0,0,3,3,6,3,3,5,1,1,1,1
1,18,29,0.00012774730566889048,0,0,3,3,6,5,3,5,1,1,1,1
1,18,30,0.012916859239339828,0,0,3,3,6,6,3,5,1,1,1,1
1,18,35,0.0029264597687870264,0,0,3,4,6,5,3,5,1,1,1,1
1,18,36,0.001235434552654624,0,0,3,5,6,1,3,1,1,2,1,2
1,18,37,0.2347615361213684,0,0,3,5,6,2,3,2,1,2,1,2
1,18,39,0.7118015289306641,0,0,3,5,6,4,3,4,1,2,1,2
1,18,41,0.0006546766380779445,0,1,3,6,6,1,3,0,1,0,1,1
1,18,42,0.014734924770891666,0,1,3,6,6,2,3,0,1,0,1,1
1,18,45,0.002511066384613514,0,1,3,6,6,5,3,0,1,0,1,1
1,18,47,0.0031510931439697742,0,2,3,7,6,0,3,0,1,0,1,4
1,23,4,1.627235945989014e-07,0,0,3,3,5,4,4,1,1,1,1,1
1,23,8,2.037593731074594e-06,0,0,3,3,5,2,4,2,1,1,1,1
1,23,9,6.755097274435684e-05,0,0,3,3,5,3,4,2,1,1,1,1
1,23,10,0.000138141171191819,0,0,3,3,5,4,4,2,1,1,1,1
1,23,12,5.082243205833947e-06,0,0,3,3,5,6,4,2,1,1,1,1
1,23,14,8.68938855091983e-07,0,0,3,3,5,2,4,3,1,1,1,1
1,23,15,2.294000523761497e-06,0,0,3,3,5,3,4,3,1,1,1,1
1,23,16,2.288713631060091e-06,0,0,3,3,5,4,4,3,1,1,1,1
1,23,17,4.955755230184877e-06,0,0,3,3,5,5,4,3,1,1,1,1
1,23,19,1.2437290024536196e-06,0,0,3,3,5,1,4,4,1,1,1,1
1,23,20,9.959937415260356e-06,0,0,3,3,5,2,4,4,1,1,1,1
1,23,21,2.1311786895239493e-06,0,0,3,3,5,3,4,4,1,1,1,1
1,23,22,2.1723606096202275e-06,0,0,3,3,5,4,4,4,1,1,1,1
1,23,27,4.0642764361109585e-05,0,0,3,3,5,3,4,5,1,1,1,1
1,23,29,2.4096656488836743e-05,0,0,3,3,5,5,4,5,1,1,1,1
1,23,30,9.580366895534098e-05,0,0,3,3,5,6,4,5,1,1,1,1
1,23,35,0.0031876645516604185,0,0,3,4,5,5,4,5,1,1,1,1
1,23,36,0.002733911620453,0,0,3,5,5,1,4,1,1,2,1,2
1,23,37,0.2208745926618576,0,0,3,5,5,2,4,2,1,2,1,2
1,23,39,0.7720542550086975,0,0,3,5,5,4,4,4,1,2,1,2
1,23,41,6.21302888248465e-06,0,1,3,6,5,1,4,0,1,0,1,1
1,23,42,4.10184366046451e-05,0,1,3,6,5,2,4,0,1,0,1,1
1,23,45,2.35380393860396e-05,0,1,3,6,5,5,4,0,1,0,1,1
1,23,47,0.0006789357285015285,0,2,3,7,5,0,4,0,1,0,1,4
1,24,4,4.097171935057986e-09,0,0,3,3,6,4,4,1,1,1,1,1
1,24,8,1.1819504663890257e-07,0,0,3,3,6,2,4,2,1,1,1,1
1,24,9,3.38836662194808e-06,0,0,3,3,6,3,4,2,1,1,1,1
1,24,10,6.957554887776496e-06,0,0,3,3,6,4,4,2,1,1,1,1
1,24,12,6.900406219756405e-07,0,0,3,3,6,6,4,2,1,1,1,1
1,24,14,8.279512542230805e-08,0,0,3,3,6,2,4,3,1,1,1,1
1,24,15,1.6488445453433087e-07,0,0,3,3,6,3,4,3,1,1,1,1
1,24,16,1.1306440228509018e-07,0,0,3,3,6,4,4,3,1,1,1,1
1,24,17,2.7509909727996273e-07,0,0,3,3,6,5,4,3,1,1,1,1
1,24,19,1.70812306521384e-08,0,0,3,3,6,1,4,4,1,1,1,1
1,24,20,1.9462623868093942e-07,0,0,3,3,6,2,4,4,1,1,1,1
1,24,21,3.884646559981775e-08,0,0,3,3,6,3,4,4,1,1,1,1
1,24,22,1.6003731673208677e-07,0,0,3,3,6,4,4,4,1,1,1,1
1,24,27,5.907596687393379e-07,0,0,3,3,6,3,4,5,1,1,1,1
1,24,29,9.12960331334034e-07,0,0,3,3,6,5,4,5,1,1,1,1
1,24,30,7.479269697796553e-06,0,0,3,3,6,6,4,5,1,1,1,1
1,24,35,1.9214719941373914e-05,0,0,3,4,6,5,4,5,1,1,1,1
1,24,36,0.0012714439071714878,0,0,3,5,6,1,4,1,1,2,1,2
1,24,37,0.271615594625473,0,0,3,5,6,2,4,2,1,2,1,2
1,24,39,0.7270506620407104,0,0,3,5,6,4,4,4,1,2,1,2
1,24,41,2.4647640373132162e-08,0,1,3,6,6,1,4,0,1,0,1,1
1,24,42,1.2649485370275215e-07,0,1,3,6,6,2,4,0,1,0,1,1
1,24,45,5.1226926700564945e-08,0,1,3,6,6,5,4,0,1,0,1,1
1,24,47,2.17648375837598e-05,0,2,3,7,6,0,4,0,1,0,1,4
1,25,4,2.778876842057798e-05,0,0,3,3,1,4,5,1,1,1,1,1
1,25,8,0.00020753122225869447,0,0,3,3,1,2,5,2,1,1,1,1
1,25,9,0.0007356521091423929,0,0,3,3,1,3,5,2,1,1,1,1
1,25,10,0.0023341202177107334,0,0,3,3,1,4,5,2,1,1,1,1
1,25,12,2.8539156119222753e-05,0,0,3,3,1,6,5,2,1,1,1,1
1,25,14,0.00013277512334752828,0,0,3,3,1,2,5,3,1,1,1,1
1,25,15,4.408229506225325e-05,0,0,3,3,1,3,5,3,1,1,1,1
1,25,16,9.969770326279104e-05,0,0,3,3,1,4,5,3,1,1,1,1
1,25,17,2.8872831535409205e-05,0,0,3,3,1,5,5,3,1,1,1,1
1,25,19,3.4106993552995846e-05,0,0,3,3,1,1,5,4,1,1,1,1
1,25,20,6.468419451266527e-05,0,0,3,3,1,2,5,4,1,1,1,1
1,25,21,3.7987989344401285e-05,0,0,3,3,1,3,5,4,1,1,1,1
1,25,22,1.273019370273687e-05,0,0,3,3,1,4,5,4,1,1,1,1
1,25,27,0.0006040608277544379,0,0,3,3,1,3,5,5,1,1,1,1
1,25,29,8.720599726075307e-05,0,0,3,3,1,5,5,5,1,1,1,1
1,25,30,0.00019475545559544116,0,0,3,3,1,6,5,5,1,1,1,1
1,25,35,0.01606522873044014,0,0,3,4,1,5,5,5,1,1,1,1
1,25,36,0.04510540887713432,0,0,3,5,1,1,5,1,1,2,1,2
1,25,37,0.7723538875579834,0,0,3,5,1,2,5,2,1,2,1,2
1,25,39,0.15870536863803864,0,0,3,5,1,4,5,4,1,2,1,2
1,25,41,0.00014668951916974038,0,1,3,6,1,1,5,0,1,0,1,1
1,25,42,0.0010589627781882882,0,1,3,6,1,2,5,0,1,0,1,1
1,25,45,8.329324191436172e-05,0,1,3,6,1,5,5,0,1,0,1,1
1,25,47,0.0018064647447317839,0,2,3,7,1,0,5,0,1,0,1,4
1,26,4,1.0763454156403895e-05,0,0,3,3,2,4,5,1,1,1,1,1
1,26,8,9.308938024332747e-05,0,0,3,3,2,2,5,2,1,1,1,1
1,26,9,0.00033376546343788505,0,0,3,3,2,3,5,2,1,1,1,1
1,26,10,0.0005085312877781689,0,0,3,3,2,4,5,2,1,1,1,1
1,26,12,4.190744220977649e-05,0,0,3,3,2,6,5,2,1,1,1,1
1,26,14,0.00012581476767081767,0,0,3,3,2,2,5,3,1,1,1,1
1,26,15,4.157404327997938e-05,0,0,3,3,2,3,5,3,1,1,1,1
1,26,16,0.00010632954945322126,0,0,3,3,2,4,5,3,1,1,1,1
1,26,17,3.809825284406543e-05,0,0,3,3,2,5,5,3,1,1,1,1
1,26,19,4.9194259190699086e-05,0,0,3,3,2,1,5,4,1,1,1,1
1,26,20,6.296634091995656e-05,0,0,3,3,2,2,5,4,1,1,1,1
1,26,21,2.0139244952588342e-05,0,0,3,3,2,3,5,4,1,1,1,1
1,26,22,7.27767292119097e-06,0,0,3,3,2,4,5,4,1,1,1,1
1,26,27,0.0019682981073856354,0,0,3,3,2,3,5,5,1,1,1,1
1,26,29,0.0002976758114527911,0,0,3,3,2,5,5,5,1,1,1,1
1,26,30,0.0008135038078762591,0,0,3,3,2,6,5,5,1,1,1,1
1,26,35,0.027978628873825073,0,0,3,4,2,5,5,5,1,1,1,1
1,26,36,0.08989500999450684,0,0,3,5,2,1,5,1,1,2,1,2
1,26,37,0.6159776449203491,0,0,3,5,2,2,5,2,1,2,1,2
1,26,39,0.25240591168403625,0,0,3,5,2,4,5,4,1,2,1,2
1,26,41,0.0007619790267199278,0,1,3,6,2,1,5,0,1,0,1,1
1,26,42,0.002985006431117654,0,1,3,6,2,2,5,0,1,0,1,1
1,26,45,0.0004731508088298142,0,1,3,6,2,5,5,0,1,0,1,1
1,26,47,0.005003364756703377,0,2,3,7,2,0,5,0,1,0,1,4
1,28,4,4.2119725662814744e-07,0,0,3,3,4,4,5,1,1,1,1,1
1,28,8,2.826087893481599e-06,0,0,3,3,4,2,5,2,1,1,1,1
1,28,9,1.4039886991668027e-05,0,0,3,3,4,3,5,2,1,1,1,1
1,28,10,5.419290027930401e-05,0,0,3,3,4,4,5,2,1,1,1,1
1,28,12,9.494242476648651e-07,0,0,3,3,4,6,5,2,1,1,1,1
1,28,14,5.284855888021411e-06,0,0,3,3,4,2,5,3,1,1,1,1
1,28,15,1.5092358580659493e-06,0,0,3,3,4,3,5,3,1,1,1,1
1,28,16,2.0564243641274516e-06,0,0,3,3,4,4,5,3,1,1,1,1
1,28,17,2.138272748197778e-06,0,0,3,3,4,5,5,3,1,1,1,1
1,28,19,3.644515800260706e-07,0,0,3,3,4,1,5,4,1,1,1,1
1,28,20,1.0189592103415634e-06,0,0,3,3,4,2,5,4,1,1,1,1
1,28,21,6.163720058793842e-07,0,0,3,3,4,3,5,4,1,1,1,1
1,28,22,1.9693403885412408e-07,0,0,3,3,4,4,5,4,1,1,1,1
1,28,27,9.998443420045078e-05,0,0,3,3,4,3,5,5,1,1,1,1
1,28,29,2.5156392439384945e-05,0,0,3,3,4,5,5,5,1,1,1,1
1,28,30,3.5802713682642207e-05,0,0,3,3,4,6,5,5,1,1,1,1
1,28,35,0.023225856944918633,0,0,3,4,4,5,5,5,1,1,1,1
1,28,36,0.051301147788763046,0,0,3,5,4,1,5,1,1,2,1,2
1,28,37,0.693950355052948,0,0,3,5,4,2,5,2,1,2,1,2
1,28,39,0.23045620322227478,0,0,3,5,4,4,5,4,1,2,1,2
1,28,41,6.210855644894764e-06,0,1,3,6,4,1,5,0,1,0,1,1
1,28,42,2.288128416694235e-05,0,1,3,6,4,2,5,0,1,0,1,1
1,28,45,4.3977852328680456e-06,0,1,3,6,4,5,5,0,1,0,1,1
1,28,47,0.0007865595980547369,0,2,3,7,4,0,5,0,1,0,1,4
1,31,4,0.0015598466852679849,0,0,4,3,1,4,1,1,1,1,1,1
1,31,8,0.01821085251867771,0,0,4,3,1,2,1,2,1,1,1,1
1,31,9,0.017019491642713547,0,0,4,3,1,3,1,2,1,1,1,1
1,31,10,0.019806720316410065,0,0,4,3,1,4,1,2,1,1,1,1
1,31,12,0.004085035528987646,0,0,4,3,1,6,1,2,1,1,1,1
1,31,14,0.006376968696713448,0,0,4,3,1,2,1,3,1,1,1,1
1,31,15,0.0018974649719893932,0,0,4,3,1,3,1,3,1,1,1,1
1,31,16,0.0037015045527368784,0,0,4,3,1,4,1,3,1,1,1,1
1,31,17,0.0004572438192553818,0,0,4,3,1,5,1,3,1,1,1,1
1,31,19,0.005893724504858255,0,0,4,3,1,1,1,4,1,1,1,1
1,31,20,0.004357925150543451,0,0,4,3,1,2,1,4,1,1,1,1
1,31,21,0.003550900612026453,0,0,4,3,1,3,1,4,1,1,1,1
1,31,22,0.0023673693649470806,0,0,4,3,1,4,1,4,1,1,1,1
1,31,27,0.0025735809467732906,0,0,4,3,1,3,1,5,1,1,1,1
1,31,29,0.0002912399941124022,0,0,4,3,1,5,1,5,1,1,1,1
1,31,30,0.0008183036115951836,0,0,4,3,1,6,1,5,1,1,1,1
1,31,35,0.003834149334579706,0,0,4,4,1,5,1,5,1,1,1,1
1,31,36,0.0070830537006258965,0,0,4,5,1,1,1,1,1,2,1,2
1,31,37,0.025098027661442757,0,0,4,5,1,2,1,2,1,2,1,2
1,31,39,0.006098155397921801,0,0,4,5,1,4,1,4,1,2,1,2
1,31,41,0.21198466420173645,0,1,4,6,1,1,1,0,1,0,1,1
1,31,42,0.571449875831604,0,1,4,6,1,2,1,0,1,0,1,1
1,31,45,0.06630919873714447,0,1,4,6,1,5,1,0,1,0,1,1
1,31,47,0.015175002627074718,0,2,4,7,1,0,1,0,1,0,1,4
1,32,4,7.532667223131284e-05,0,0,4,3,2,4,2,1,1,1,1,1
1,32,8,0.0023568053729832172,0,0,4,3,2,2,2,2,1,1,1,1
1,32,9,0.015410961583256721,0,0,4,3,2,3,2,2,1,1,1,1
1,32,10,0.010595697909593582,0,0,4,3,2,4,2,2,1,1,1,1
1,32,12,0.006398041732609272,0,0,4,3,2,6,2,2,1,1,1,1
1,32,14,0.0007203416898846626,0,0,4,3,2,2,2,3,1,1,1,1
1,32,15,0.0023798265028744936,0,0,4,3,2,3,2,3,1,1,1,1
1,32,16,0.0009168655960820615,0,0,4,3,2,4,2,3,1,1,1,1
1,32,17,0.0006598690524697304,0,0,4,3,2,5,2,3,1,1,1,1
1,32,19,0.0007925495156086981,0,0,4,3,2,1,2,4,1,1,1,1
1,32,20,0.0003232899180147797,0,0,4,3,2,2,2,4,1,1,1,1
1,32,21,0.0004432080313563347,0,0,4,3,2,3,2,4,1,1,1,1
1,32,22,0.0010517035843804479,0,0,4,3,2,4,2,4,1,1,1,1
1,32,27,0.007395735010504723,0,0,4,3,2,3,2,5,1,1,1,1
1,32,29,0.0019036275334656239,0,0,4,3,2,5,2,5,1,1,1,1
1,32,30,0.0007146639400161803,0,0,4,3,2,6,2,5,1,1,1,1
1,32,35,0.00044197298120707273,0,0,4,4,2,5,2,5,1,1,1,1
1,32,36,0.06320636719465256,0,0,4,5,2,1,2,1,1,2,1,2
1,32,37,0.28081265091896057,0,0,4,5,2,2,2,2,1,2,1,2
1,32,39,0.5666194558143616,0,0,4,5,2,4,2,4,1,2,1,2
1,32,41,0.013311117887496948,0,1,4,6,2,1,2,0,1,0,1,1
1,32,42,0.005234936717897654,0,1,4,6,2,2,2,0,1,0,1,1
1,32,45,0.005991154816001654,0,1,4,6,2,5,2,0,1,0,1,1
1,32,47,0.012243918143212795,0,2,4,7,2,0,2,0,1,0,1,4
1,33,4,0.02209586091339588,0,0,4,3,3,4,3,1,1,1,1,1
1,33,8,0.024951275438070297,0,0,4,3,3,2,3,2,1,1,1,1
1,33,9,0.2889966368675232,0,0,4,3,3,3,3,2,1,1,1,1
1,33,10,0.12730222940444946,0,0,4,3,3,4,3,2,1,1,1,1
1,33,12,0.15894393622875214,0,0,4,3,3,6,3,2,1,1,1,1
1,33,14,0.008566725067794323,0,0,4,3,3,2,3,3,1,1,1,1
1,33,15,0.01124843955039978,0,0,4,3,3,3,3,3,1,1,1,1
1,33,16,0.023660197854042053,0,0,4,3,3,4,3,3,1,1,1,1
1,33,17,0.005861921235918999,0,0,4,3,3,5,3,3,1,1,1,1
1,33,19,0.014647320844233036,0,0,4,3,3,1,3,4,1,1,1,1
1,33,20,0.022785652428865433,0,0,4,3,3,2,3,4,1,1,1,1
1,33,21,0.054919566959142685,0,0,4,3,3,3,3,4,1,1,1,1
1,33,22,0.026838082820177078,0,0,4,3,3,4,3,4,1,1,1,1
1,33,27,0.02200964093208313,0,0,4,3,3,3,3,5,1,1,1,1
1,33,29,0.0025482706259936094,0,0,4,3,3,5,3,5,1,1,1,1
1,33,30,0.006307927891612053,0,0,4,3,3,6,3,5,1,1,1,1
1,33,35,0.0176100991666317,0,0,4,4,3,5,3,5,1,1,1,1
1,33,36,0.012792041525244713,0,0,4,5,3,1,3,1,1,2,1,2
1,33,37,0.018059466034173965,0,0,4,5,3,2,3,2,1,2,1,2
1,33,39,0.01739143393933773,0,0,4,5,3,4,3,4,1,2,1,2
1,33,41,0.0461118258535862,0,1,4,6,3,1,3,0,1,0,1,1
1,33,42,0.02231517806649208,0,1,4,6,3,2,3,0,1,0,1,1
1,33,45,0.03914637491106987,0,1,4,6,3,5,3,0,1,0,1,1
1,33,47,0.004889864474534988,0,2,4,7,3,0,3,0,1,0,1,4
1,34,4,8.06654156804143e-08,0,0,4,3,4,4,4,1,1,1,1,1
1,34,8,2.844749815267278e-06,0,0,4,3,4,2,4,2,1,1,1,1
1,34,9,2.280399712617509e-05,0,0,4,3,4,3,4,2,1,1,1,1
1,34,10,3.1199975637719035e-05,0,0,4,3,4,4,4,2,1,1,1,1
1,34,12,1.430167776561575e-05,0,0,4,3,4,6,4,2,1,1,1,1
1,34,14,3.1813526675250614e-06,0,0,4,3,4,2,4,3,1,1,1,1
1,34,15,5.403040631790645e-06,0,0,4,3,4,3,4,3,1,1,1,1
1,34,16,1.6491336509716348e-06,0,0,4,3,4,4,4,3,1,1,1,1
1,34,17,4.21900540459319e-06,0,0,4,3,4,5,4,3,1,1,1,1
1,34,19,7.06513333170733e-07,0,0,4,3,4,1,4,4,1,1,1,1
1,34,20,2.236491809526342e-06,0,0,4,3,4,2,4,4,1,1,1,1
1,34,21,1.0182317282669828e-06,0,0,4,3,4,3,4,4,1,1,1,1
1,34,22,1.2857385627285112e-06,0,0,4,3,4,4,4,4,1,1,1,1
1,34,27,2.528114964661654e-05,0,0,4,3,4,3,4,5,1,1,1,1
1,34,29,2.735245470830705e-05,0,0,4,3,4,5,4,5,1,1,1,1
1,34,30,2.5666857254691422e-05,0,0,4,3,4,6,4,5,1,1,1,1
1,34,35,8.998333214549348e-05,0,0,4,4,4,5,4,5,1,1,1,1
1,34,36,0.01787073351442814,0,0,4,5,4,1,4,1,1,2,1,2
1,34,37,0.3554564118385315,0,0,4,5,4,2,4,2,1,2,1,2
1,34,39,0.6260305047035217,0,0,4,5,4,4,4,4,1,2,1,2
1,34,41,5.4229667512117885e-06,0,1,4,6,4,1,4,0,1,0,1,1
1,34,42,3.0922319638193585e-06,0,1,4,6,4,2,4,0,1,0,1,1
1,34,45,3.008675321325427e-06,0,1,4,6,4,5,4,0,1,0,1,1
1,34,47,0.0003709688317030668,0,2,4,7,4,0,4,0,1,0,1,4
1,38,4,0.9535965919494629,0,0,5,3,3,4,3,1,2,1,2,1
1,38,8,0.003628561506047845,0,0,5,3,3,2,3,2,2,1,2,1
1,38,9,0.0006517788278870285,0,0,5,3,3,3,3,2,2,1,2,1
1,38,10,0.0007692791405133903,0,0,5,3,3,4,3,2,2,1,2,1
1,38,12,0.0002089724875986576,0,0,5,3,3,6,3,2,2,1,2,1
1,38,14,0.0044537694193422794,0,0,5,3,3,2,3,3,2,1,2,1
1,38,15,0.0011472009355202317,0,0,5,3,3,3,3,3,2,1,2,1
1,38,16,0.0018898851703852415,0,0,5,3,3,4,3,3,2,1,2,1
1,38,17,0.001978259766474366,0,0,5,3,3,5,3,3,2,1,2,1
1,38,19,0.0032235109247267246,0,0,5,3,3,1,3,4,2,1,2,1
1,38,20,0.004769719205796719,0,0,5,3,3,2,3,4,2,1,2,1
1,38,21,0.018249018117785454,0,0,5,3,3,3,3,4,2,1,2,1
1,38,22,0.003324635326862335,0,0,5,3,3,4,3,4,2,1,2,1
1,38,27,8.918213279685006e-05,0,0,5,3,3,3,3,5,2,1,2,1
1,38,29,9.69840184552595e-05,0,0,5,3,3,5,3,5,2,1,2,1
1,38,30,7.109485159162432e-05,0,0,5,3,3,6,3,5,2,1,2,1
1,38,35,0.0017526152078062296,0,0,5,4,3,5,3,5,2,1,2,1
1,38,36,3.786941533689969e-07,0,0,5,5,3,1,3,1,2,2,2,2
1,38,37,2.225570483460615e-08,0,0,5,5,3,2,3,2,2,2,2,2
1,38,39,3.4568790052702525e-09,0,0,5,5,3,4,3,4,2,2,2,2
1,38,41,1.6279527699225582e-05,0,1,5,6,3,1,3,0,2,0,2,1
1,38,42,4.652303323382512e-05,0,1,5,6,3,2,3,0,2,0,2,1
1,38,45,3.107585871475749e-05,0,1,5,6,3,5,3,0,2,0,2,1
1,38,47,4.478081336856121e-06,0,2,5,7,3,0,3,0,2,0,2,4
1,40,4,0.2557937502861023,0,0,5,3,5,4,5,1,2,1,2,1
1,40,8,0.006127801723778248,0,0,5,3,5,2,5,2,2,1,2,1
1,40,9,0.0024932436645030975,0,0,5,3,5,3,5,2,2,1,2,1
1,40,10,0.0106050418689847,0,0,5,3,5,4,5,2,2,1,2,1
1,40,12,0.00021185888908803463,0,0,5,3,5,6,5,2,2,1,2,1
1,40,14,0.008401933126151562,0,0,5,3,5,2,5,3,2,1,2,1
1,40,15,0.0009373443317599595,0,0,5,3,5,3,5,3,2,1,2,1
1,40,16,0.0026700813323259354,0,0,5,3,5,4,5,3,2,1,2,1
1,40,17,0.009828596375882626,0,0,5,3,5,5,5,3,2,1,2,1
1,40,19,0.0043224492110311985,0,0,5,3,5,1,5,4,2,1,2,1
1,40,20,0.020183369517326355,0,0,5,3,5,2,5,4,2,1,2,1
1,40,21,0.030427981168031693,0,0,5,3,5,3,5,4,2,1,2,1
1,40,22,0.0022630607709288597,0,0,5,3,5,4,5,4,2,1,2,1
1,40,27,0.00527636194601655,0,0,5,3,5,3,5,5,2,1,2,1
1,40,29,0.006732233799993992,0,0,5,3,5,5,5,5,2,1,2,1
1,40,30,0.0051744114607572556,0,0,5,3,5,6,5,5,2,1,2,1
1,40,35,0.6251445412635803,0,0,5,4,5,5,5,5,2,1,2,1
1,40,36,0.0010464726947247982,0,0,5,5,5,1,5,1,2,2,2,2
1,40,37,0.0004952340386807919,0,0,5,5,5,2,5,2,2,2,2,2
1,40,39,0.0001361787144560367,0,0,5,5,5,4,5,4,2,2,2,2
1,40,41,7.451515557477251e-05,0,1,5,6,5,1,5,0,2,0,2,1
1,40,42,0.0006296706269495189,0,1,5,6,5,2,5,0,2,0,2,1
1,40,45,0.00021892634686082602,0,1,5,6,5,5,5,0,2,0,2,1
1,40,47,0.0008053642231971025,0,2,5,7,5,0,5,0,2,0,2,4
1,43,4,1.7989590332945227e-06,1,0,6,3,3,4,0,1,0,1,1,1
1,43,8,5.04273411934264e-05,1,0,6,3,3,2,0,2,0,1,1,1
1,43,9,0.0006602102657780051,1,0,6,3,3,3,0,2,0,1,1,1
1,43,10,0.0005716016166843474,1,0,6,3,3,4,0,2,0,1,1,1
1,43,12,0.0003193466691300273,1,0,6,3,3,6,0,2,0,1,1,1
1,43,14,6.130641850177199e-05,1,0,6,3,3,2,0,3,0,1,1,1
1,43,15,5.968367986497469e-05,1,0,6,3,3,3,0,3,0,1,1,1
1,43,16,1.7104654034483247e-05,1,0,6,3,3,4,0,3,0,1,1,1
1,43,17,7.394245767500252e-05,1,0,6,3,3,5,0,3,0,1,1,1
1,43,19,1.006152160698548e-05,1,0,6,3,3,1,0,4,0,1,1,1
1,43,20,3.9802056562621146e-05,1,0,6,3,3,2,0,4,0,1,1,1
1,43,21,2.2441463443101384e-05,1,0,6,3,3,3,0,4,0,1,1,1
1,43,22,1.9825009076157585e-05,1,0,6,3,3,4,0,4,0,1,1,1
1,43,27,0.00014494670904241502,1,0,6,3,3,3,0,5,0,1,1,1
1,43,29,8.205428457586095e-05,1,0,6,3,3,5,0,5,0,1,1,1
1,43,30,0.00012204745871713385,1,0,6,3,3,6,0,5,0,1,1,1
1,43,35,0.0037417630665004253,1,0,6,4,3,5,0,5,0,1,1,1
1,43,36,0.01799851842224598,1,0,6,5,3,1,0,1,0,2,1,2
1,43,37,0.8272733688354492,1,0,6,5,3,2,0,2,0,2,1,2
1,43,39,0.14076296985149384,1,0,6,5,3,4,0,4,0,2,1,2
1,43,41,7.221865962492302e-05,1,1,6,6,3,1,0,0,0,0,1,1
1,43,42,3.0299648642539978e-05,1,1,6,6,3,2,0,0,0,0,1,1
1,43,45,2.831005804182496e-05,1,1,6,6,3,5,0,0,0,0,1,1
1,43,47,0.007836191914975643,1,2,6,7,3,0,0,0,0,0,1,4
1,44,4,9.596386185695138e-12,1,0,6,3,4,4,0,1,0,1,1,1
1,44,8,1.8080927866037655e-09,1,0,6,3,4,2,0,2,0,1,1,1
1,44,9,6.200072988349348e-08,1,0,6,3,4,3,0,2,0,1,1,1
1,44,10,1.1239941954954702e-07,1,0,6,3,4,4,0,2,0,1,1,1
1,44,12,9.660501731900695e-09,1,0,6,3,4,6,0,2,0,1,1,1
1,44,14,4.235878758862555e-09,1,0,6,3,4,2,0,3,0,1,1,1
1,44,15,1.522123316277657e-09,1,0,6,3,4,3,0,3,0,1,1,1
1,44,16,6.843587918581306e-10,1,0,6,3,4,4,0,3,0,1,1,1
1,44,17,3.30532912151682e-09,1,0,6,3,4,5,0,3,0,1,1,1
1,44,19,1.4484367871769877e-10,1,0,6,3,4,1,0,4,0,1,1,1
1,44,20,1.8493134801289557e-09,1,0,6,3,4,2,0,4,0,1,1,1
1,44,21,4.740884906873077e-10,1,0,6,3,4,3,0,4,0,1,1,1
1,44,22,1.872642457767526e-10,1,0,6,3,4,4,0,4,0,1,1,1
1,44,27,1.552054555986615e-07,1,0,6,3,4,3,0,5,0,1,1,1
1,44,29,4.061994474113817e-08,1,0,6,3,4,5,0,5,0,1,1,1
1,44,30,1.581942825623628e-07,1,0,6,3,4,6,0,5,0,1,1,1
1,44,35,0.0005191153031773865,1,0,6,4,4,5,0,5,0,1,1,1
1,44,36,0.0026080140378326178,1,0,6,5,4,1,0,1,0,2,1,2
1,44,37,0.8860313296318054,1,0,6,5,4,2,0,2,0,2,1,2
1,44,39,0.11072295904159546,1,0,6,5,4,4,0,4,0,2,1,2
1,44,41,4.7671896652445866e-08,1,1,6,6,4,1,0,0,0,0,1,1
1,44,42,5.505383171566791e-08,1,1,6,6,4,2,0,0,0,0,1,1
1,44,45,1.748353994912577e-08,1,1,6,6,4,5,0,0,0,0,1,1
1,44,47,0.00011743188224500045,1,2,6,7,4,0,0,0,0,0,1,4
1,46,4,8.384523630944329e-10,1,0,6,3,6,4,0,1,0,1,1,1
1,46,8,2.1140569117505947e-07,1,0,6,3,6,2,0,2,0,1,1,1
1,46,9,5.287566182232695e-06,1,0,6,3,6,3,0,2,0,1,1,1
1,46,10,6.430437679227907e-06,1,0,6,3,6,4,0,2,0,1,1,1
1,46,12,3.022381861228496e-06,1,0,6,3,6,6,0,2,0,1,1,1
1,46,14,1.8471796181529498e-07,1,0,6,3,6,2,0,3,0,1,1,1
1,46,15,2.0458230665099109e-07,1,0,6,3,6,3,0,3,0,1,1,1
1,46,16,3.067416542990031e-08,1,0,6,3,6,4,0,3,0,1,1,1
1,46,17,4.216628326503269e-07,1,0,6,3,6,5,0,3,0,1,1,1
1,46,19,1.552612793886965e-08,1,0,6,3,6,1,0,4,0,1,1,1
1,46,20,2.477610792084306e-07,1,0,6,3,6,2,0,4,0,1,1,1
1,46,21,3.4966650019896406e-08,1,0,6,3,6,3,0,4,0,1,1,1
1,46,22,1.145433685678654e-07,1,0,6,3,6,4,0,4,0,1,1,1
1,46,27,2.951489648239658e-07,1,0,6,3,6,3,0,5,0,1,1,1
1,46,29,4.4442305124903214e-07,1,0,6,3,6,5,0,5,0,1,1,1
1,46,30,7.476795872207731e-06,1,0,6,3,6,6,0,5,0,1,1,1
1,46,35,0.0002595066907815635,1,0,6,4,6,5,0,5,0,1,1,1
1,46,36,0.0005195811972953379,1,0,6,5,6,1,0,1,0,2,1,2
1,46,37,0.9324847459793091,1,0,6,5,6,2,0,2,0,2,1,2
1,46,39,0.06393995881080627,1,0,6,5,6,4,0,4,0,2,1,2
1,46,41,8.824137580631941e-07,1,1,6,6,6,1,0,0,0,0,1,1
1,46,42,1.1002099427059875e-06,1,1,6,6,6,2,0,0,0,0,1,1
1,46,45,3.549767484400945e-07,1,1,6,6,6,5,0,0,0,0,1,1
1,46,47,0.0027695349417626858,1,2,6,7,6,0,0,0,0,0,1,4
2,0,2,0.005101579241454601,0,0,1,3,0,2,0,1,2,1,4,1
2,0,3,0.0011450453894212842,0,0,1,3,0,3,0,1,2,1,4,1
2,0,4,0.0002045809233095497,0,0,1,3,0,4,0,1,2,1,4,1
2,0,10,0.05338665843009949,0,0,1,3,0,4,0,2,2,1,4,1
2,0,11,0.009163852781057358,0,0,1,3,0,5,0,2,2,1,4,1
2,0,12,0.026212073862552643,0,0,1,3,0,6,0,2,2,1,4,1
2,0,15,0.011423110961914062,0,0,1,3,0,3,0,3,2,1,4,1
2,0,16,0.018662214279174805,0,0,1,3,0,4,0,3,2,1,4,1
2,0,18,0.020658567547798157,0,0,1,3,0,6,0,3,2,1,4,1
2,0,20,0.021810544654726982,0,0,1,3,0,2,0,4,2,1,4,1
2,0,24,0.357002317905426,0,0,1,3,0,6,0,4,2,1,4,1
2,0,25,0.006500025279819965,0,0,1,3,0,1,0,5,2,1,4,1
2,0,26,0.004877173341810703,0,0,1,3,0,2,0,5,2,1,4,1
2,0,28,0.008921409957110882,0,0,1,3,0,4,0,5,2,1,4,1
2,0,29,0.00795438140630722,0,0,1,3,0,5,0,5,2,1,4,1
2,0,30,0.008716310374438763,0,0,1,3,0,6,0,5,2,1,4,1
2,0,32,0.019371218979358673,0,0,1,4,0,2,0,2,2,1,4,1
2,0,37,0.04911712929606438,0,0,1,5,0,2,0,2,2,2,4,2
2,0,39,0.28032031655311584,0,0,1,5,0,4,0,4,2,2,4,2
2,0,40,0.0768745094537735,0,0,1,5,0,5,0,5,2,2,4,2
2,0,43,0.0014814637834206223,0,1,1,6,0,3,0,0,2,0,4,1
2,0,44,0.002274575410410762,0,1,1,6,0,4,0,0,2,0,4,1
2,0,46,0.008623634465038776,0,1,1,6,0,6,0,0,2,0,4,1
2,0,47,0.0001974150218302384,0,2,1,7,0,0,0,0,2,0,4,4
2,1,2,0.0035127855371683836,0,0,3,3,1,2,1,1,1,1,1,1
2,1,3,0.007303821854293346,0,0,3,3,1,3,1,1,1,1,1,1
2,1,4,0.004993345122784376,0,0,3,3,1,4,1,1,1,1,1,1
2,1,10,0.015981877222657204,0,0,3,3,1,4,1,2,1,1,1,1
2,1,11,0.011950612999498844,0,0,3,3,1,5,1,2,1,1,1,1
2,1,12,0.005485763773322105,0,0,3,3,1,6,1,2,1,1,1,1
2,1,15,0.05652156099677086,0,0,3,3,1,3,1,3,1,1,1,1
2,1,16,0.0206473246216774,0,0,3,3,1,4,1,3,1,1,1,1
2,1,18,0.011842728592455387,0,0,3,3,1,6,1,3,1,1,1,1
2,1,20,0.006243265699595213,0,0,3,3,1,2,1,4,1,1,1,1
2,1,24,0.0029882914386689663,0,0,3,3,1,6,1,4,1,1,1,1
2,1,25,0.00484579848125577,0,0,3,3,1,1,1,5,1,1,1,1
2,1,26,0.0051466175355017185,0,0,3,3,1,2,1,5,1,1,1,1
2,1,28,0.03946782276034355,0,0,3,3,1,4,1,5,1,1,1,1
2,1,29,0.008693186566233635,0,0,3,3,1,5,1,5,1,1,1,1
2,1,30,0.0027802882250398397,0,0,3,3,1,6,1,5,1,1,1,1
2,1,32,0.007999120280146599,0,0,3,4,1,2,1,2,1,1,1,1
2,1,37,0.0030024040024727583,0,0,3,5,1,2,1,2,1,2,1,2
2,1,39,0.31138718128204346,0,0,3,5,1,4,1,4,1,2,1,2
2,1,40,0.4650609493255615,0,0,3,5,1,5,1,5,1,2,1,2
2,1,43,0.0008424722473137081,0,1,3,6,1,3,1,0,1,0,1,1
2,1,44,0.0022947692777961493,0,1,3,6,1,4,1,0,1,0,1,1
2,1,46,0.0005628956714645028,0,1,3,6,1,6,1,0,1,0,1,1
2,1,47,0.0004446502134669572,0,2,3,7,1,0,1,0,1,0,1,4
2,5,2,0.0015849776100367308,0,0,3,3,5,2,1,1,1,1,1,1
2,5,3,0.002642135601490736,0,0,3,3,5,3,1,1,1,1,1,1
2,5,4,0.004521901253610849,0,0,3,3,5,4,1,1,1,1,1,1
2,5,10,0.035405609756708145,0,0,3,3,5,4,1,2,1,1,1,1
2,5,11,0.018604125827550888,0,0,3,3,5,5,1,2,1,1,1,1
2,5,12,0.00789732951670885,0,0,3,3,5,6,1,2,1,1,1,1
2,5,15,0.04690942540764809,0,0,3,3,5,3,1,3,1,1,1,1
2,5,16,0.01583148166537285,0,0,3,3,5,4,1,3,1,1,1,1
2,5,18,0.004791095852851868,0,0,3,3,5,6,1,3,1,1,1,1
2,5,20,0.007356096990406513,0,0,3,3,5,2,1,4,1,1,1,1
2,5,24,0.0018352499464526772,0,0,3,3,5,6,1,4,1,1,1,1
2,5,25,0.013635559007525444,0,0,3,3,5,1,1,5,1,1,1,1
2,5,26,0.0067600067704916,0,0,3,3,5,2,1,5,1,1,1,1
2,5,28,0.09317001700401306,0,0,3,3,5,4,1,5,1,1,1,1
2,5,29,0.010472463443875313,0,0,3,3,5,5,1,5,1,1,1,1
2,5,30,0.0009382318239659071,0,0,3,3,5,6,1,5,1,1,1,1
2,5,32,0.002312604570761323,0,0,3,4,5,2,1,2,1,1,1,1
2,5,37,0.012925000861287117,0,0,3,5,5,2,1,2,1,2,1,2
2,5,39,0.26975947618484497,0,0,3,5,5,4,1,4,1,2,1,2
2,5,40,0.4241727292537689,0,0,3,5,5,5,1,5,1,2,1,2
2,5,43,0.0034406420309096575,0,1,3,6,5,3,1,0,1,0,1,1
2,5,44,0.010207070969045162,0,1,3,6,5,4,1,0,1,0,1,1
2,5,46,0.0007207247545011342,0,1,3,6,5,6,1,0,1,0,1,1
2,5,47,0.004106133244931698,0,2,3,7,5,0,1,0,1,0,1,4
2,6,2,0.004000344779342413,0,0,3,3,6,2,1,1,1,1,1,1
2,6,3,0.016123471781611443,0,0,3,3,6,3,1,1,1,1,1,1
2,6,4,0.005237204488366842,0,0,3,3,6,4,1,1,1,1,1,1
2,6,10,0.007580516394227743,0,0,3,3,6,4,1,2,1,1,1,1
2,6,11,0.030148500576615334,0,0,3,3,6,5,1,2,1,1,1,1
2,6,12,0.005025233142077923,0,0,3,3,6,6,1,2,1,1,1,1
2,6,15,0.055044908076524734,0,0,3,3,6,3,1,3,1,1,1,1
2,6,16,0.014270822517573833,0,0,3,3,6,4,1,3,1,1,1,1
2,6,18,0.009545593522489071,0,0,3,3,6,6,1,3,1,1,1,1
2,6,20,0.024309661239385605,0,0,3,3,6,2,1,4,1,1,1,1
2,6,24,0.01973610743880272,0,0,3,3,6,6,1,4,1,1,1,1
2,6,25,0.00836601760238409,0,0,3,3,6,1,1,5,1,1,1,1
2,6,26,0.009361797012388706,0,0,3,3,6,2,1,5,1,1,1,1
2,6,28,0.022853683680295944,0,0,3,3,6,4,1,5,1,1,1,1
2,6,29,0.03545396775007248,0,0,3,3,6,5,1,5,1,1,1,1
2,6,30,0.00803525373339653,0,0,3,3,6,6,1,5,1,1,1,1
2,6,32,0.022626003250479698,0,0,3,4,6,2,1,2,1,1,1,1
2,6,37,0.005854277405887842,0,0,3,5,6,2,1,2,1,2,1,2
2,6,39,0.36888617277145386,0,0,3,5,6,4,1,4,1,2,1,2
2,6,40,0.3063267469406128,0,0,3,5,6,5,1,5,1,2,1,2
2,6,43,0.003032771870493889,0,1,3,6,6,3,1,0,1,0,1,1
2,6,44,0.004239077679812908,0,1,3,6,6,4,1,0,1,0,1,1
2,6,46,0.002247806405648589,0,1,3,6,6,6,1,0,1,0,1,1
2,6,47,0.011693811044096947,0,2,3,7,6,0,1,0,1,0,1,4
2,7,2,0.0014119511470198631,0,0,3,3,1,2,2,1,1,1,1,1
2,7,3,0.006804217584431171,0,0,3,3,1,3,2,1,1,1,1,1
2,7,4,0.0006833748775534332,0,0,3,3,1,4,2,1,1,1,1,1
2,7,10,0.007392601575702429,0,0,3,3,1,4,2,2,1,1,1,1
2,7,11,0.00760947959497571,0,0,3,3,1,5,2,2,1,1,1,1
2,7,12,0.012280462309718132,0,0,3,3,1,6,2,2,1,1,1,1
2,7,15,0.09985256940126419,0,0,3,3,1,3,2,3,1,1,1,1
2,7,16,0.07316885888576508,0,0,3,3,1,4,2,3,1,1,1,1
2,7,18,0.031835127621889114,0,0,3,3,1,6,2,3,1,1,1,1
2,7,20,0.001139132771641016,0,0,3,3,1,2,2,4,1,1,1,1
2,7,24,0.007262536324560642,0,0,3,3,1,6,2,4,1,1,1,1
2,7,25,0.0003649228310678154,0,0,3,3,1,1,2,5,1,1,1,1
2,7,26,0.00033882545540109277,0,0,3,3,1,2,2,5,1,1,1,1
2,7,28,0.0029336889274418354,0,0,3,3,1,4,2,5,1,1,1,1
2,7,29,0.0007070450228638947,0,0,3,3,1,5,2,5,1,1,1,1
2,7,30,0.0011813569581136107,0,0,3,3,1,6,2,5,1,1,1,1
2,7,32,0.002776420908048749,0,0,3,4,1,2,2,2,1,1,1,1
2,7,37,0.0005162337329238653,0,0,3,5,1,2,2,2,1,2,1,2
2,7,39,0.616184651851654,0,0,3,5,1,4,2,4,1,2,1,2
2,7,40,0.12148407101631165,0,0,3,5,1,5,2,5,1,2,1,2
2,7,43,0.0007237408426590264,0,1,3,6,1,3,2,0,1,0,1,1
2,7,44,0.0025404919870197773,0,1,3,6,1,4,2,0,1,0,1,1
2,7,46,0.0006635619211010635,0,1,3,6,1,6,2,0,1,0,1,1
2,7,47,0.0001449825067538768,0,2,3,7,1,0,2,0,1,0,1,4
2,8,2,0.04142842814326286,0,0,3,3,2,2,2,1,1,1,1,1
2,8,3,0.13142162561416626,0,0,3,3,2,3,2,1,1,1,1,1
2,8,4,0.06567986309528351,0,0,3,3,2,4,2,1,1,1,1,1
2,8,10,0.013217716477811337,0,0,3,3,2,4,2,2,1,1,1,1
2,8,11,0.060899242758750916,0,0,3,3,2,5,2,2,1,1,1,1
2,8,12,0.05193093791604042,0,0,3,3,2,6,2,2,1,1,1,1
2,8,15,0.18994399905204773,0,0,3,3,2,3,2,3,1,1,1,1
2,8,16,0.05399777367711067,0,0,3,3,2,4,2,3,1,1,1,1
2,8,18,0.04363788664340973,0,0,3,3,2,6,2,3,1,1,1,1
2,8,20,0.005031471140682697,0,0,3,3,2,2,2,4,1,1,1,1
2,8,24,0.005301257595419884,0,0,3,3,2,6,2,4,1,1,1,1
2,8,25,0.00629457226023078,0,0,3,3,2,1,2,5,1,1,1,1
2,8,26,0.008458630181849003,0,0,3,3,2,2,2,5,1,1,1,1
2,8,28,0.015180780552327633,0,0,3,3,2,4,2,5,1,1,1,1
2,8,29,0.008951830677688122,0,0,3,3,2,5,2,5,1,1,1,1
2,8,30,0.01267615333199501,0,0,3,3,2,6,2,5,1,1,1,1
2,8,32,0.012319824658334255,0,0,3,4,2,2,2,2,1,1,1,1
2,8,37,0.003022251883521676,0,0,3,5,2,2,2,2,1,2,1,2
2,8,39,0.06890232115983963,0,0,3,5,2,4,2,4,1,2,1,2
2,8,40,0.04348165541887283,0,0,3,5,2,5,2,5,1,2,1,2
2,8,43,0.017834044992923737,0,1,3,6,2,3,2,0,1,0,1,1
2,8,44,0.020627235993742943,0,1,3,6,2,4,2,0,1,0,1,1
2,8,46,0.013687974773347378,0,1,3,6,2,6,2,0,1,0,1,1
2,8,47,0.10607224702835083,0,2,3,7,2,0,2,0,1,0,1,4
2,9,2,0.02030637487769127,0,0,3,3,3,2,2,1,1,1,1,1
2,9,3,0.02139238640666008,0,0,3,3,3,3,2,1,1,1,1,1
2,9,4,0.012981155887246132,0,0,3,3,3,4,2,1,1,1,1,1
2,9,10,0.039666153490543365,0,0,3,3,3,4,2,2,1,1,1,1
2,9,11,0.07001502811908722,0,0,3,3,3,5,2,2,1,1,1,1
2,9,12,0.02622370794415474,0,0,3,3,3,6,2,2,1,1,1,1
2,9,15,0.030523631721735,0,0,3,3,3,3,2,3,1,1,1,1
2,9,16,0.0609896294772625,0,0,3,3,3,4,2,3,1,1,1,1
2,9,18,0.04179541394114494,0,0,3,3,3,6,2,3,1,1,1,1
2,9,20,0.09183129668235779,0,0,3,3,3,2,2,4,1,1,1,1
2,9,24,0.0888122096657753,0,0,3,3,3,6,2,4,1,1,1,1
2,9,25,0.021407635882496834,0,0,3,3,3,1,2,5,1,1,1,1
2,9,26,0.014719781465828419,0,0,3,3,3,2,2,5,1,1,1,1
2,9,28,0.024801619350910187,0,0,3,3,3,4,2,5,1,1,1,1
2,9,29,0.01570689119398594,0,0,3,3,3,5,2,5,1,1,1,1
2,9,30,0.014311805367469788,0,0,3,3,3,6,2,5,1,1,1,1
2,9,32,0.0057343123480677605,0,0,3,4,3,2,2,2,1,1,1,1
2,9,37,0.015409701503813267,0,0,3,5,3,2,2,2,1,2,1,2
2,9,39,0.12293121218681335,0,0,3,5,3,4,2,4,1,2,1,2
2,9,40,0.14584030210971832,0,0,3,5,3,5,2,5,1,2,1,2
2,9,43,0.03132166713476181,0,1,3,6,3,3,2,0,1,0,1,1
2,9,44,0.009158583357930183,0,1,3,6,3,4,2,0,1,0,1,1
2,9,46,0.00935641024261713,0,1,3,6,3,6,2,0,1,0,1,1
2,9,47,0.06476307660341263,0,2,3,7,3,0,2,0,1,0,1,4
2,13,2,0.0004276448453310877,0,0,3,3,1,2,3,1,1,1,1,1
2,13,3,0.0014699079329147935,0,0,3,3,1,3,3,1,1,1,1,1
2,13,4,0.0006473344983533025,0,0,3,3,1,4,3,1,1,1,1,1
2,13,10,0.004161900375038385,0,0,3,3,1,4,3,2,1,1,1,1
2,13,11,0.006748011335730553,0,0,3,3,1,5,3,2,1,1,1,1
2,13,12,0.0014395758043974638,0,0,3,3,1,6,3,2,1,1,1,1
2,13,15,0.03513620048761368,0,0,3,3,1,3,3,3,1,1,1,1
2,13,16,0.01687701977789402,0,0,3,3,1,4,3,3,1,1,1,1
2,13,18,0.00323025556281209,0,0,3,3,1,6,3,3,1,1,1,1
2,13,20,0.0018236569594591856,0,0,3,3,1,2,3,4,1,1,1,1
2,13,24,0.003020800882950425,0,0,3,3,1,6,3,4,1,1,1,1
2,13,25,0.0017795460298657417,0,0,3,3,1,1,3,5,1,1,1,1
2,13,26,0.0007993068429641426,0,0,3,3,1,2,3,5,1,1,1,1
2,13,28,0.009538843296468258,0,0,3,3,1,4,3,5,1,1,1,1
2,13,29,0.0036542362067848444,0,0,3,3,1,5,3,5,1,1,1,1
2,13,30,0.000406415929319337,0,0,3,3,1,6,3,5,1,1,1,1
2,13,32,0.0017926552100107074,0,0,3,4,1,2,3,2,1,1,1,1
2,13,37,0.000984398415312171,0,0,3,5,1,2,3,2,1,2,1,2
2,13,39,0.6335520148277283,0,0,3,5,1,4,3,4,1,2,1,2
2,13,40,0.2598128318786621,0,0,3,5,1,5,3,5,1,2,1,2
2,13,43,0.0009170260746032,0,1,3,6,1,3,3,0,1,0,1,1
2,13,44,0.00845463015139103,0,1,3,6,1,4,3,0,1,0,1,1
2,13,46,0.00031869838130660355,0,1,3,6,1,6,3,0,1,0,1,1
2,13,47,0.0030069537460803986,0,2,3,7,1,0,3,0,1,0,1,4
2,14,2,0.000546908238902688,0,0,3,3,2,2,3,1,1,1,1,1
2,14,3,0.0022426845971494913,0,0,3,3,2,3,3,1,1,1,1,1
2,14,4,0.001792660215869546,0,0,3,3,2,4,3,1,1,1,1,1
2,14,10,0.009173148311674595,0,0,3,3,2,4,3,2,1,1,1,1
2,14,11,0.018913796171545982,0,0,3,3,2,5,3,2,1,1,1,1
2,14,12,0.001850350759923458,0,0,3,3,2,6,3,2,1,1,1,1
2,14,15,0.04626601189374924,0,0,3,3,2,3,3,3,1,1,1,1
2,14,16,0.015146042220294476,0,0,3,3,2,4,3,3,1,1,1,1
2,14,18,0.002419357653707266,0,0,3,3,2,6,3,3,1,1,1,1
2,14,20,0.002521906280890107,0,0,3,3,2,2,3,4,1,1,1,1
2,14,24,0.0016829116502776742,0,0,3,3,2,6,3,4,1,1,1,1
2,14,25,0.006084388587623835,0,0,3,3,2,1,3,5,1,1,1,1
2,14,26,0.0017631659284234047,0,0,3,3,2,2,3,5,1,1,1,1
2,14,28,0.024962805211544037,0,0,3,3,2,4,3,5,1,1,1,1
2,14,29,0.010164107196033001,0,0,3,3,2,5,3,5,1,1,1,1
2,14,30,0.00044444220839068294,0,0,3,3,2,6,3,5,1,1,1,1
2,14,32,0.0019319640705361962,0,0,3,4,2,2,3,2,1,1,1,1
2,14,37,0.0026355935260653496,0,0,3,5,2,2,3,2,1,2,1,2
2,14,39,0.49058598279953003,0,0,3,5,2,4,3,4,1,2,1,2
2,14,40,0.3207658529281616,0,0,3,5,2,5,3,5,1,2,1,2
2,14,43,0.001404017792083323,0,1,3,6,2,3,3,0,1,0,1,1
2,14,44,0.01575622893869877,0,1,3,6,2,4,3,0,1,0,1,1
2,14,46,0.00043742640991695225,0,1,3,6,2,6,3,0,1,0,1,1
2,14,47,0.020508652552962303,0,2,3,7,2,0,3,0,1,0,1,4
2,17,2,0.013443857431411743,0,0,3,3,5,2,3,1,1,1,1,1
2,17,3,0.0038410399574786425,0,0,3,3,5,3,3,1,1,1,1,1
2,17,4,0.03648054972290993,0,0,3,3,5,4,3,1,1,1,1,1
2,17,10,0.055341579020023346,0,0,3,3,5,4,3,2,1,1,1,1
2,17,11,0.05362650007009506,0,0,3,3,5,5,3,2,1,1,1,1
2,17,12,0.005923783872276545,0,0,3,3,5,6,3,2,1,1,1,1
2,17,15,0.0074817887507379055,0,0,3,3,5,3,3,3,1,1,1,1
2,17,16,0.012233917601406574,0,0,3,3,5,4,3,3,1,1,1,1
2,17,18,0.003151864279061556,0,0,3,3,5,6,3,3,1,1,1,1
2,17,20,0.04188672453165054,0,0,3,3,5,2,3,4,1,1,1,1
2,17,24,0.006473718676716089,0,0,3,3,5,6,3,4,1,1,1,1
2,17,25,0.20540830492973328,0,0,3,3,5,1,3,5,1,1,1,1
2,17,26,0.020570607855916023,0,0,3,3,5,2,3,5,1,1,1,1
2,17,28,0.1033003181219101,0,0,3,3,5,4,3,5,1,1,1,1
2,17,29,0.03448682650923729,0,0,3,3,5,5,3,5,1,1,1,1
2,17,30,0.008191429078578949,0,0,3,3,5,6,3,5,1,1,1,1
2,17,32,0.008789388462901115,0,0,3,4,5,2,3,2,1,1,1,1
2,17,37,0.019269246608018875,0,0,3,5,5,2,3,2,1,2,1,2
2,17,39,0.04044417291879654,0,0,3,5,5,4,3,4,1,2,1,2
2,17,40,0.019043244421482086,0,0,3,5,5,5,3,5,1,2,1,2
2,17,43,0.0031937698367983103,0,1,3,6,5,3,3,0,1,0,1,1
2,17,44,0.016871871426701546,0,1,3,6,5,4,3,0,1,0,1,1
2,17,46,0.004293988924473524,0,1,3,6,5,6,3,0,1,0,1,1
2,17,47,0.2762514352798462,0,2,3,7,5,0,3,0,1,0,1,4
2,19,2,0.005434517748653889,0,0,3,3,1,2,4,1,1,1,1,1
2,19,3,0.0017623763997107744,0,0,3,3,1,3,4,1,1,1,1,1
2,19,4,0.0010029254481196404,0,0,3,3,1,4,4,1,1,1,1,1
2,19,10,0.003170799231156707,0,0,3,3,1,4,4,2,1,1,1,1
2,19,11,0.02691526524722576,0,0,3,3,1,5,4,2,1,1,1,1
2,19,12,0.0023658592253923416,0,0,3,3,1,6,4,2,1,1,1,1
2,19,15,0.010005616582930088,0,0,3,3,1,3,4,3,1,1,1,1
2,19,16,0.006496259942650795,0,0,3,3,1,4,4,3,1,1,1,1
2,19,18,0.005780527368187904,0,0,3,3,1,6,4,3,1,1,1,1
2,19,20,0.0010479596676304936,0,0,3,3,1,2,4,4,1,1,1,1
2,19,24,0.005579169373959303,0,0,3,3,1,6,4,4,1,1,1,1
2,19,25,0.007617689203470945,0,0,3,3,1,1,4,5,1,1,1,1
2,19,26,0.0023301267065107822,0,0,3,3,1,2,4,5,1,1,1,1
2,19,28,0.004527842625975609,0,0,3,3,1,4,4,5,1,1,1,1
2,19,29,0.010615971870720387,0,0,3,3,1,5,4,5,1,1,1,1
2,19,30,0.0017118534306064248,0,0,3,3,1,6,4,5,1,1,1,1
2,19,32,0.0008504941943101585,0,0,3,4,1,2,4,2,1,1,1,1
2,19,37,0.002275112085044384,0,0,3,5,1,2,4,2,1,2,1,2
2,19,39,0.033299557864665985,0,0,3,5,1,4,4,4,1,2,1,2
2,19,40,0.13276562094688416,0,0,3,5,1,5,4,5,1,2,1,2
2,19,43,0.008487269282341003,0,1,3,6,1,3,4,0,1,0,1,1
2,19,44,0.027637876570224762,0,1,3,6,1,4,4,0,1,0,1,1
2,19,46,0.00924699380993843,0,1,3,6,1,6,4,0,1,0,1,1
2,19,47,0.6890720725059509,0,2,3,7,1,0,4,0,1,0,1,4
2,21,2,0.013959554024040699,0,0,3,3,3,2,4,1,1,1,1,1
2,21,3,0.0079885208979249,0,0,3,3,3,3,4,1,1,1,1,1
2,21,4,0.006379414815455675,0,0,3,3,3,4,4,1,1,1,1,1
2,21,10,0.001766069675795734,0,0,3,3,3,4,4,2,1,1,1,1
2,21,11,0.0217275470495224,0,0,3,3,3,5,4,2,1,1,1,1
2,21,12,0.005019437987357378,0,0,3,3,3,6,4,2,1,1,1,1
2,21,15,0.004352191463112831,0,0,3,3,3,3,4,3,1,1,1,1
2,21,16,0.0074313245713710785,0,0,3,3,3,4,4,3,1,1,1,1
2,21,18,0.009104966185986996,0,0,3,3,3,6,4,3,1,1,1,1
2,21,20,0.0014453479088842869,0,0,3,3,3,2,4,4,1,1,1,1
2,21,24,0.0027053700760006905,0,0,3,3,3,6,4,4,1,1,1,1
2,21,25,0.003647159319370985,0,0,3,3,3,1,4,5,1,1,1,1
2,21,26,0.0016849510138854384,0,0,3,3,3,2,4,5,1,1,1,1
2,21,28,0.0011718793539330363,0,0,3,3,3,4,4,5,1,1,1,1
2,21,29,0.0017197380075231194,0,0,3,3,3,5,4,5,1,1,1,1
2,21,30,0.0023047372233122587,0,0,3,3,3,6,4,5,1,1,1,1
2,21,32,0.0002297077007824555,0,0,3,4,3,2,4,2,1,1,1,1
2,21,37,0.0010581371607258916,0,0,3,5,3,2,4,2,1,2,1,2
2,21,39,0.002443398581817746,0,0,3,5,3,4,4,4,1,2,1,2
2,21,40,0.01012423075735569,0,0,3,5,3,5,4,5,1,2,1,2
2,21,43,0.03462556004524231,0,1,3,6,3,3,4,0,1,0,1,1
2,21,44,0.010959540493786335,0,1,3,6,3,4,4,0,1,0,1,1
2,21,46,0.008839888498187065,0,1,3,6,3,6,4,0,1,0,1,1
2,21,47,0.8393113017082214,0,2,3,7,3,0,4,0,1,0,1,4
2,22,2,0.000921372789889574,0,0,3,3,4,2,4,1,1,1,1,1
2,22,3,7.813340198481455e-05,0,0,3,3,4,3,4,1,1,1,1,1
2,22,4,9.142844646703452e-05,0,0,3,3,4,4,4,1,1,1,1,1
2,22,10,6.51595983072184e-05,0,0,3,3,4,4,4,2,1,1,1,1
2,22,11,0.0018066320335492492,0,0,3,3,4,5,4,2,1,1,1,1
2,22,12,0.00015290976443793625,0,0,3,3,4,6,4,2,1,1,1,1
2,22,15,3.241510421503335e-05,0,0,3,3,4,3,4,3,1,1,1,1
2,22,16,3.558329262887128e-05,0,0,3,3,4,4,4,3,1,1,1,1
2,22,18,8.946755406213924e-05,0,0,3,3,4,6,4,3,1,1,1,1
2,22,20,6.713756010867655e-05,0,0,3,3,4,2,4,4,1,1,1,1
2,22,24,0.00020169831987004727,0,0,3,3,4,6,4,4,1,1,1,1
2,22,25,0.0007281518192030489,0,0,3,3,4,1,4,5,1,1,1,1
2,22,26,0.00010983118409058079,0,0,3,3,4,2,4,5,1,1,1,1
2,22,28,2.9899432774982415e-05,0,0,3,3,4,4,4,5,1,1,1,1
2,22,29,0.00021347332221921533,0,0,3,3,4,5,4,5,1,1,1,1
2,22,30,0.00025172653840854764,0,0,3,3,4,6,4,5,1,1,1,1
2,22,32,9.487851457379293e-06,0,0,3,4,4,2,4,2,1,1,1,1
2,22,37,6.536103319376707e-05,0,0,3,5,4,2,4,2,1,2,1,2
2,22,39,5.875549959455384e-06,0,0,3,5,4,4,4,4,1,2,1,2
2,22,40,3.5436078178463504e-05,0,0,3,5,4,5,4,5,1,2,1,2
2,22,43,0.0016568683786317706,0,1,3,6,4,3,4,0,1,0,1,1
2,22,44,0.0007866708328947425,0,1,3,6,4,4,4,0,1,0,1,1
2,22,46,0.003782201325520873,0,1,3,6,4,6,4,0,1,0,1,1
2,22,47,0.988783597946167,0,2,3,7,4,0,4,0,1,0,1,4
2,23,2,0.009812045842409134,0,0,3,3,5,2,4,1,1,1,1,1
2,23,3,0.0022908479440957308,0,0,3,3,5,3,4,1,1,1,1,1
2,23,4,0.014533215202391148,0,0,3,3,5,4,4,1,1,1,1,1
2,23,10,0.005577432457357645,0,0,3,3,5,4,4,2,1,1,1,1
2,23,11,0.015582690946757793,0,0,3,3,5,5,4,2,1,1,1,1
2,23,12,0.003256260184571147,0,0,3,3,5,6,4,2,1,1,1,1
2,23,15,0.00332308909855783,0,0,3,3,5,3,4,3,1,1,1,1
2,23,16,0.004535272717475891,0,0,3,3,5,4,4,3,1,1,1,1
2,23,18,0.0011622350430116057,0,0,3,3,5,6,4,3,1,1,1,1
2,23,20,0.0009676719200797379,0,0,3,3,5,2,4,4,1,1,1,1
2,23,24,0.00031035393476486206,0,0,3,3,5,6,4,4,1,1,1,1
2,23,25,0.016152217984199524,0,0,3,3,5,1,4,5,1,1,1,1
2,23,26,0.0017254467820748687,0,0,3,3,5,2,4,5,1,1,1,1
2,23,28,0.004528865683823824,0,0,3,3,5,4,4,5,1,1,1,1
2,23,29,0.0021290057338774204,0,0,3,3,5,5,4,5,1,1,1,1
2,23,30,0.00043358138645999134,0,0,3,3,5,6,4,5,1,1,1,1
2,23,32,0.00011975911911576986,0,0,3,4,5,2,4,2,1,1,1,1
2,23,37,0.0012054723920300603,0,0,3,5,5,2,4,2,1,2,1,2
2,23,39,0.0010413279524073005,0,0,3,5,5,4,4,4,1,2,1,2
2,23,40,0.0026299310848116875,0,0,3,5,5,5,4,5,1,2,1,2
2,23,43,0.010076109319925308,0,1,3,6,5,3,4,0,1,0,1,1
2,23,44,0.016570257022976875,0,1,3,6,5,4,4,0,1,0,1,1
2,23,46,0.002691238420084119,0,1,3,6,5,6,4,0,1,0,1,1
2,23,47,0.8793455362319946,0,2,3,7,5,0,4,0,1,0,1,4
2,27,2,0.003628390608355403,0,0,3,3,3,2,5,1,1,1,1,1
2,27,3,0.001637541106902063,0,0,3,3,3,3,5,1,1,1,1,1
2,27,4,0.0020364955998957157,0,0,3,3,3,4,5,1,1,1,1,1
2,27,10,0.00032741864561103284,0,0,3,3,3,4,5,2,1,1,1,1
2,27,11,0.005360622890293598,0,0,3,3,3,5,5,2,1,1,1,1
2,27,12,0.0007959188660606742,0,0,3,3,3,6,5,2,1,1,1,1
2,27,15,0.0010655535152181983,0,0,3,3,3,3,5,3,1,1,1,1
2,27,16,0.0005325560341589153,0,0,3,3,3,4,5,3,1,1,1,1
2,27,18,0.0005870059248991311,0,0,3,3,3,6,5,3,1,1,1,1
2,27,20,0.0008303381619043648,0,0,3,3,3,2,5,4,1,1,1,1
2,27,24,0.0007294485112652183,0,0,3,3,3,6,5,4,1,1,1,1
2,27,25,0.0019256382947787642,0,0,3,3,3,1,5,5,1,1,1,1
2,27,26,0.0010638395324349403,0,0,3,3,3,2,5,5,1,1,1,1
2,27,28,0.0004583402187563479,0,0,3,3,3,4,5,5,1,1,1,1
2,27,29,0.0014745607040822506,0,0,3,3,3,5,5,5,1,1,1,1
2,27,30,0.0006707704160362482,0,0,3,3,3,6,5,5,1,1,1,1
2,27,32,0.00011202916357433423,0,0,3,4,3,2,5,2,1,1,1,1
2,27,37,0.00032600818667560816,0,0,3,5,3,2,5,2,1,2,1,2
2,27,39,0.00038649761700071394,0,0,3,5,3,4,5,4,1,2,1,2
2,27,40,0.0011782996589317918,0,0,3,5,3,5,5,5,1,2,1,2
2,27,43,0.016050729900598526,0,1,3,6,3,3,5,0,1,0,1,1
2,27,44,0.007197726052254438,0,1,3,6,3,4,5,0,1,0,1,1
2,27,46,0.004379096906632185,0,1,3,6,3,6,5,0,1,0,1,1
2,27,47,0.9472446441650391,0,2,3,7,3,0,5,0,1,0,1,4
2,31,2,0.0004988079308532178,0,0,4,3,1,2,1,1,1,1,1,1
2,31,3,0.00026661393349058926,0,0,4,3,1,3,1,1,1,1,1,1
2,31,4,0.00018446805188432336,0,0,4,3,1,4,1,1,1,1,1,1
2,31,10,0.0003004533937200904,0,0,4,3,1,4,1,2,1,1,1,1
2,31,11,0.00480593740940094,0,0,4,3,1,5,1,2,1,1,1,1
2,31,12,0.00026752360281534493,0,0,4,3,1,6,1,2,1,1,1,1
2,31,15,0.0022188383154571056,0,0,4,3,1,3,1,3,1,1,1,1
2,31,16,0.0007690140046179295,0,0,4,3,1,4,1,3,1,1,1,1
2,31,18,0.0005483489367179573,0,0,4,3,1,6,1,3,1,1,1,1
2,31,20,0.0006516279536299407,0,0,4,3,1,2,1,4,1,1,1,1
2,31,24,0.003759414656087756,0,0,4,3,1,6,1,4,1,1,1,1
2,31,25,0.0018151751719415188,0,0,4,3,1,1,1,5,1,1,1,1
2,31,26,0.0007750859367661178,0,0,4,3,1,2,1,5,1,1,1,1
2,31,28,0.0012316086795181036,0,0,4,3,1,4,1,5,1,1,1,1
2,31,29,0.0034709491301327944,0,0,4,3,1,5,1,5,1,1,1,1
2,31,30,0.000543020258191973,0,0,4,3,1,6,1,5,1,1,1,1
2,31,32,0.0004887725226581097,0,0,4,4,1,2,1,2,1,1,1,1
2,31,37,0.0006909426883794367,0,0,4,5,1,2,1,2,1,2,1,2
2,31,39,0.05799304321408272,0,0,4,5,1,4,1,4,1,2,1,2
2,31,40,0.04303976520895958,0,0,4,5,1,5,1,5,1,2,1,2
2,31,43,0.004462622106075287,0,1,4,6,1,3,1,0,1,0,1,1
2,31,44,0.03228640928864479,0,1,4,6,1,4,1,0,1,0,1,1
2,31,46,0.0021914339158684015,0,1,4,6,1,6,1,0,1,0,1,1
2,31,47,0.8367396593093872,0,2,4,7,1,0,1,0,1,0,1,4
2,33,2,6.351247429847717e-05,0,0,4,3,3,2,3,1,1,1,1,1
2,33,3,2.6695173801272176e-05,0,0,4,3,3,3,3,1,1,1,1,1
2,33,4,0.00011114905646536499,0,0,4,3,3,4,3,1,1,1,1,1
2,33,10,1.6915051674004644e-05,0,0,4,3,3,4,3,2,1,1,1,1
2,33,11,0.0002955313539132476,0,0,4,3,3,5,3,2,1,1,1,1
2,33,12,3.845665560220368e-06,0,0,4,3,3,6,3,2,1,1,1,1
2,33,15,2.216617576777935e-05,0,0,4,3,3,3,3,3,1,1,1,1
2,33,16,2.960781057481654e-05,0,0,4,3,3,4,3,3,1,1,1,1
2,33,18,1.9034001752515906e-06,0,0,4,3,3,6,3,3,1,1,1,1
2,33,20,6.507444777525961e-05,0,0,4,3,3,2,3,4,1,1,1,1
2,33,24,3.216887125745416e-05,0,0,4,3,3,6,3,4,1,1,1,1
2,33,25,0.00031698105158284307,0,0,4,3,3,1,3,5,1,1,1,1
2,33,26,2.4446850147796795e-05,0,0,4,3,3,2,3,5,1,1,1,1
2,33,28,3.1134077289607376e-05,0,0,4,3,3,4,3,5,1,1,1,1
2,33,29,9.863603918347508e-05,0,0,4,3,3,5,3,5,1,1,1,1
2,33,30,3.275790277257329e-06,0,0,4,3,3,6,3,5,1,1,1,1
2,33,32,2.2585584247281076e-06,0,0,4,4,3,2,3,2,1,1,1,1
2,33,37,6.2937788243289106e-06,0,0,4,5,3,2,3,2,1,2,1,2
2,33,39,7.854476280044764e-05,0,0,4,5,3,4,3,4,1,2,1,2
2,33,40,6.049679723219015e-05,0,0,4,5,3,5,3,5,1,2,1,2
2,33,43,7.737355190329254e-05,0,1,4,6,3,3,3,0,1,0,1,1
2,33,44,0.00018570057000033557,0,1,4,6,3,4,3,0,1,0,1,1
2,33,46,1.0442000530019868e-05,0,1,4,6,3,6,3,0,1,0,1,1
2,33,47,0.9984357953071594,0,2,4,7,3,0,3,0,1,0,1,4
2,34,2,5.719241016777232e-05,0,0,4,3,4,2,4,1,1,1,1,1
2,34,3,1.000235897663515e-06,0,0,4,3,4,3,4,1,1,1,1,1
2,34,4,3.815365744230803e-06,0,0,4,3,4,4,4,1,1,1,1,1
2,34,10,3.0615285595558817e-06,0,0,4,3,4,4,4,2,1,1,1,1
2,34,11,8.629106014268473e-05,0,0,4,3,4,5,4,2,1,1,1,1
2,34,12,2.5000315417855745e-06,0,0,4,3,4,6,4,2,1,1,1,1
2,34,15,2.963425060897862e-07,0,0,4,3,4,3,4,3,1,1,1,1
2,34,16,1.1192674946869374e-06,0,0,4,3,4,4,4,3,1,1,1,1
2,34,18,2.5021959118021186e-06,0,0,4,3,4,6,4,3,1,1,1,1
2,34,20,8.227652870118618e-06,0,0,4,3,4,2,4,4,1,1,1,1
2,34,24,3.254145121900365e-05,0,0,4,3,4,6,4,4,1,1,1,1
2,34,25,6.674522592220455e-05,0,0,4,3,4,1,4,5,1,1,1,1
2,34,26,7.305249255296076e-06,0,0,4,3,4,2,4,5,1,1,1,1
2,34,28,1.101077145904128e-06,0,0,4,3,4,4,4,5,1,1,1,1
2,34,29,9.347769264422823e-06,0,0,4,3,4,5,4,5,1,1,1,1
2,34,30,7.584946615679655e-06,0,0,4,3,4,6,4,5,1,1,1,1
2,34,32,1.4252775315526378e-07,0,0,4,4,4,2,4,2,1,1,1,1
2,34,37,7.737931809970178e-06,0,0,4,5,4,2,4,2,1,2,1,2
2,34,39,1.043867428052181e-06,0,0,4,5,4,4,4,4,1,2,1,2
2,34,40,3.4288182177988347e-06,0,0,4,5,4,5,4,5,1,2,1,2
2,34,43,0.00028886148356832564,0,1,4,6,4,3,4,0,1,0,1,1
2,34,44,0.00017399201169610023,0,1,4,6,4,4,4,0,1,0,1,1
2,34,46,0.00016101225628517568,0,1,4,6,4,6,4,0,1,0,1,1
2,34,47,0.9990733861923218,0,2,4,7,4,0,4,0,1,0,1,4
2,35,2,4.821686161449179e-05,0,0,4,3,5,2,5,1,1,1,1,1
2,35,3,1.8566597645985894e-05,0,0,4,3,5,3,5,1,1,1,1,1
2,35,4,0.00020087834855075926,0,0,4,3,5,4,5,1,1,1,1,1
2,35,10,5.7947045206674375e-06,0,0,4,3,5,4,5,2,1,1,1,1
2,35,11,6.642891821684316e-05,0,0,4,3,5,5,5,2,1,1,1,1
2,35,12,9.838203368417453e-06,0,0,4,3,5,6,5,2,1,1,1,1
2,35,15,1.099931887438288e-05,0,0,4,3,5,3,5,3,1,1,1,1
2,35,16,1.1891189387824852e-05,0,0,4,3,5,4,5,3,1,1,1,1
2,35,18,3.347357505845139e-06,0,0,4,3,5,6,5,3,1,1,1,1
2,35,20,1.1887752407346852e-05,0,0,4,3,5,2,5,4,1,1,1,1
2,35,24,6.90178967488464e-06,0,0,4,3,5,6,5,4,1,1,1,1
2,35,25,5.021256583859213e-05,0,0,4,3,5,1,5,5,1,1,1,1
2,35,26,1.9012879420188256e-05,0,0,4,3,5,2,5,5,1,1,1,1
2,35,28,1.1568575246201362e-05,0,0,4,3,5,4,5,5,1,1,1,1
2,35,29,1.1861056009365711e-05,0,0,4,3,5,5,5,5,1,1,1,1
2,35,30,3.6341250506666256e-06,0,0,4,3,5,6,5,5,1,1,1,1
2,35,32,9.220357242156751e-07,0,0,4,4,5,2,5,2,1,1,1,1
2,35,37,8.743808393774088e-06,0,0,4,5,5,2,5,2,1,2,1,2
2,35,39,1.2437008990673348e-05,0,0,4,5,5,4,5,4,1,2,1,2
2,35,40,5.442163910629461e-06,0,0,4,5,5,5,5,5,1,2,1,2
2,35,43,0.0008262338233180344,0,1,4,6,5,3,5,0,1,0,1,1
2,35,44,0.0010963197564706206,0,1,4,6,5,4,5,0,1,0,1,1
2,35,46,4.9740378017304465e-05,0,1,4,6,5,6,5,0,1,0,1,1
2,35,47,0.9975094795227051,0,2,4,7,5,0,5,0,1,0,1,4
2,36,2,0.0003107907541561872,0,0,5,3,1,2,1,1,2,1,2,1
2,36,3,0.0007404847419820726,0,0,5,3,1,3,1,1,2,1,2,1
2,36,4,0.0026226050686091185,0,0,5,3,1,4,1,1,2,1,2,1
2,36,10,0.01512979343533516,0,0,5,3,1,4,1,2,2,1,2,1
2,36,11,0.014212251640856266,0,0,5,3,1,5,1,2,2,1,2,1
2,36,12,0.0002622408210299909,0,0,5,3,1,6,1,2,2,1,2,1
2,36,15,0.016321171075105667,0,0,5,3,1,3,1,3,2,1,2,1
2,36,16,0.004957278724759817,0,0,5,3,1,4,1,3,2,1,2,1
2,36,18,0.00017352227587252855,0,0,5,3,1,6,1,3,2,1,2,1
2,36,20,0.00565957510843873,0,0,5,3,1,2,1,4,2,1,2,1
2,36,24,0.0002952093200292438,0,0,5,3,1,6,1,4,2,1,2,1
2,36,25,0.0048971036449074745,0,0,5,3,1,1,1,5,2,1,2,1
2,36,26,0.0008724203216843307,0,0,5,3,1,2,1,5,2,1,2,1
2,36,28,0.018296850845217705,0,0,5,3,1,4,1,5,2,1,2,1
2,36,29,0.008685540407896042,0,0,5,3,1,5,1,5,2,1,2,1
2,36,30,1.5707733837189153e-05,0,0,5,3,1,6,1,5,2,1,2,1
2,36,32,0.00020484266860876232,0,0,5,4,1,2,1,2,2,1,2,1
2,36,37,0.001406901516020298,0,0,5,5,1,2,1,2,2,2,2,2
2,36,39,0.7608727812767029,0,0,5,5,1,4,1,4,2,2,2,2
2,36,40,0.12555456161499023,0,0,5,5,1,5,1,5,2,2,2,2
2,36,43,0.0001604966091690585,0,1,5,6,1,3,1,0,2,0,2,1
2,36,44,0.002052996540442109,0,1,5,6,1,4,1,0,2,0,2,1
2,36,46,1.4517534509650432e-05,0,1,5,6,1,6,1,0,2,0,2,1
2,36,47,0.016280412673950195,0,2,5,7,1,0,1,0,2,0,2,4
2,38,2,0.0004647781315725297,0,0,5,3,3,2,3,1,2,1,2,1
2,38,3,0.002080013742670417,0,0,5,3,3,3,3,1,2,1,2,1
2,38,4,0.009506825357675552,0,0,5,3,3,4,3,1,2,1,2,1
2,38,10,0.001604884979315102,0,0,5,3,3,4,3,2,2,1,2,1
2,38,11,0.0068398998118937016,0,0,5,3,3,5,3,2,2,1,2,1
2,38,12,5.158717976883054e-05,0,0,5,3,3,6,3,2,2,1,2,1
2,38,15,0.0036230096593499184,0,0,5,3,3,3,3,3,2,1,2,1
2,38,16,0.0024333903566002846,0,0,5,3,3,4,3,3,2,1,2,1
2,38,18,4.2550575017230585e-05,0,0,5,3,3,6,3,3,2,1,2,1
2,38,20,0.0028480880428105593,0,0,5,3,3,2,3,4,2,1,2,1
2,38,24,0.0001736015547066927,0,0,5,3,3,6,3,4,2,1,2,1
2,38,25,0.004893954377621412,0,0,5,3,3,1,3,5,2,1,2,1
2,38,26,0.0007872512796893716,0,0,5,3,3,2,3,5,2,1,2,1
2,38,28,0.002803228562697768,0,0,5,3,3,4,3,5,2,1,2,1
2,38,29,0.007576642092317343,0,0,5,3,3,5,3,5,2,1,2,1
2,38,30,1.1505175280035473e-05,0,0,5,3,3,6,3,5,2,1,2,1
2,38,32,9.243635577149689e-05,0,0,5,4,3,2,3,2,2,1,2,1
2,38,37,0.00037055983557365835,0,0,5,5,3,2,3,2,2,2,2,2
2,38,39,0.03183235973119736,0,0,5,5,3,4,3,4,2,2,2,2
2,38,40,0.011345482431352139,0,0,5,5,3,5,3,5,2,2,2,2
2,38,43,0.000772884814068675,0,1,5,6,3,3,3,0,2,0,2,1
2,38,44,0.0053931656293570995,0,1,5,6,3,4,3,0,2,0,2,1
2,38,46,1.8499957150197588e-05,0,1,5,6,3,6,3,0,2,0,2,1
2,38,47,0.9044327139854431,0,2,5,7,3,0,3,0,2,0,2,4
2,41,2,0.005627925042062998,1,0,6,3,1,2,0,1,0,1,1,1
2,41,3,0.014056874439120293,1,0,6,3,1,3,0,1,0,1,1,1
2,41,4,0.01769372634589672,1,0,6,3,1,4,0,1,0,1,1,1
2,41,10,0.009198611602187157,1,0,6,3,1,4,0,2,0,1,1,1
2,41,11,0.010104287415742874,1,0,6,3,1,5,0,2,0,1,1,1
2,41,12,0.0030670517589896917,1,0,6,3,1,6,0,2,0,1,1,1
2,41,15,0.03404657915234566,1,0,6,3,1,3,0,3,0,1,1,1
2,41,16,0.040984101593494415,1,0,6,3,1,4,0,3,0,1,1,1
2,41,18,0.008527260273694992,1,0,6,3,1,6,0,3,0,1,1,1
2,41,20,0.010731508024036884,1,0,6,3,1,2,0,4,0,1,1,1
2,41,24,0.013682464137673378,1,0,6,3,1,6,0,4,0,1,1,1
2,41,25,0.008102810010313988,1,0,6,3,1,1,0,5,0,1,1,1
2,41,26,0.00925482902675867,1,0,6,3,1,2,0,5,0,1,1,1
2,41,28,0.02013530395925045,1,0,6,3,1,4,0,5,0,1,1,1
2,41,29,0.024725578725337982,1,0,6,3,1,5,0,5,0,1,1,1
2,41,30,0.001920742099173367,1,0,6,3,1,6,0,5,0,1,1,1
2,41,32,0.015749691054224968,1,0,6,4,1,2,0,2,0,1,1,1
2,41,37,0.014370589517056942,1,0,6,5,1,2,0,2,0,2,1,2
2,41,39,0.5027311444282532,1,0,6,5,1,4,0,4,0,2,1,2
2,41,40,0.19189952313899994,1,0,6,5,1,5,0,5,0,2,1,2
2,41,43,0.004518310073763132,1,1,6,6,1,3,0,0,0,0,1,1
2,41,44,0.01426851935684681,1,1,6,6,1,4,0,0,0,0,1,1
2,41,46,0.0013329581124708056,1,1,6,6,1,6,0,0,0,0,1,1
2,41,47,0.023269452154636383,1,2,6,7,1,0,0,0,0,0,1,4
2,42,2,0.0018298954237252474,1,0,6,3,2,2,0,1,0,1,1,1
2,42,3,0.0007835141732357442,1,0,6,3,2,3,0,1,0,1,1,1
2,42,4,0.009056991897523403,1,0,6,3,2,4,0,1,0,1,1,1
2,42,10,0.0008274336578324437,1,0,6,3,2,4,0,2,0,1,1,1
2,42,11,0.0015729835722595453,1,0,6,3,2,5,0,2,0,1,1,1
2,42,12,0.0005429958109743893,1,0,6,3,2,6,0,2,0,1,1,1
2,42,15,0.0006313450867310166,1,0,6,3,2,3,0,3,0,1,1,1
2,42,16,0.0007270968053489923,1,0,6,3,2,4,0,3,0,1,1,1
2,42,18,0.00012742963735945523,1,0,6,3,2,6,0,3,0,1,1,1
2,42,20,0.0007168297888711095,1,0,6,3,2,2,0,4,0,1,1,1
2,42,24,0.0005985986790619791,1,0,6,3,2,6,0,4,0,1,1,1
2,42,25,0.005767529830336571,1,0,6,3,2,1,0,5,0,1,1,1
2,42,26,0.0018913648091256618,1,0,6,3,2,2,0,5,0,1,1,1
2,42,28,0.0023273401893675327,1,0,6,3,2,4,0,5,0,1,1,1
2,42,29,0.0019252006895840168,1,0,6,3,2,5,0,5,0,1,1,1
2,42,30,0.00043608740088529885,1,0,6,3,2,6,0,5,0,1,1,1
2,42,32,0.0011206273920834064,1,0,6,4,2,2,0,2,0,1,1,1
2,42,37,0.0016804570332169533,1,0,6,5,2,2,0,2,0,2,1,2
2,42,39,0.000993965077213943,1,0,6,5,2,4,0,4,0,2,1,2
2,42,40,0.00022316061949823052,1,0,6,5,2,5,0,5,0,2,1,2
2,42,43,0.0010830898536369205,1,1,6,6,2,3,0,0,0,0,1,1
2,42,44,0.004618655890226364,1,1,6,6,2,4,0,0,0,0,1,1
2,42,46,0.0010895481100305915,1,1,6,6,2,6,0,0,0,0,1,1
2,42,47,0.959427535533905,1,2,6,7,2,0,0,0,0,0,1,4
2,45,2,0.04499167576432228,1,0,6,3,5,2,0,1,0,1,1,1
2,45,3,0.01584729552268982,1,0,6,3,5,3,0,1,0,1,1,1
2,45,4,0.4303547441959381,1,0,6,3,5,4,0,1,0,1,1,1
2,45,10,0.02137681096792221,1,0,6,3,5,4,0,2,0,1,1,1
2,45,11,0.00941311102360487,1,0,6,3,5,5,0,2,0,1,1,1
2,45,12,0.005433971062302589,1,0,6,3,5,6,0,2,0,1,1,1
2,45,15,0.004922271240502596,1,0,6,3,5,3,0,3,0,1,1,1
2,45,16,0.024104362353682518,1,0,6,3,5,4,0,3,0,1,1,1
2,45,18,0.003373490646481514,1,0,6,3,5,6,0,3,0,1,1,1
2,45,20,0.00939138326793909,1,0,6,3,5,2,0,4,0,1,1,1
2,45,24,0.0017856261692941189,1,0,6,3,5,6,0,4,0,1,1,1
2,45,25,0.05395253002643585,1,0,6,3,5,1,0,5,0,1,1,1
2,45,26,0.015380891971290112,1,0,6,3,5,2,0,5,0,1,1,1
2,45,28,0.026638787239789963,1,0,6,3,5,4,0,5,0,1,1,1
2,45,29,0.007664019241929054,1,0,6,3,5,5,0,5,0,1,1,1
2,45,30,0.0029970419127494097,1,0,6,3,5,6,0,5,0,1,1,1
2,45,32,0.004060599021613598,1,0,6,4,5,2,0,2,0,1,1,1
2,45,37,0.009083992801606655,1,0,6,5,5,2,0,2,0,2,1,2
2,45,39,0.004922937136143446,1,0,6,5,5,4,0,4,0,2,1,2
2,45,40,0.0036244927905499935,1,0,6,5,5,5,0,5,0,2,1,2
2,45,43,0.00862202513962984,1,1,6,6,5,3,0,0,0,0,1,1
2,45,44,0.017062250524759293,1,1,6,6,5,4,0,0,0,0,1,1
2,45,46,0.0020189390052109957,1,1,6,6,5,6,0,0,0,0,1,1
2,45,47,0.2729763388633728,1,2,6,7,5,0,0,0,0,0,1,4
3,2,0,0.007986181415617466,0,0,3,1,2,0,1,0,1,2,1,4
3,2,1,2.1551375539274886e-05,0,0,3,3,2,1,1,1,1,1,1,1
3,2,5,7.418996392516419e-05,0,0,3,3,2,5,1,1,1,1,1,1
3,2,6,0.0005884155398234725,0,0,3,3,2,6,1,1,1,1,1,1
3,2,7,5.806043918710202e-05,0,0,3,3,2,1,1,2,1,1,1,1
3,2,8,0.0014610852813348174,0,0,3,3,2,2,1,2,1,1,1,1
3,2,9,9.285871783504263e-05,0,0,3,3,2,3,1,2,1,1,1,1
3,2,13,0.00026166948373429477,0,0,3,3,2,1,1,3,1,1,1,1
3,2,14,0.0025736147072166204,0,0,3,3,2,2,1,3,1,1,1,1
3,2,17,0.0023497159127146006,0,0,3,3,2,5,1,3,1,1,1,1
3,2,19,0.003718206426128745,0,0,3,3,2,1,1,4,1,1,1,1
3,2,21,0.0006429433124139905,0,0,3,3,2,3,1,4,1,1,1,1
3,2,22,4.7958230425138026e-05,0,0,3,3,2,4,1,4,1,1,1,1
3,2,23,0.0005492710624821484,0,0,3,3,2,5,1,4,1,1,1,1
3,2,27,0.00013132797903381288,0,0,3,3,2,3,1,5,1,1,1,1
3,2,31,1.92788365893648e-06,0,0,3,4,2,1,1,1,1,1,1,1
3,2,33,0.0010729077039286494,0,0,3,4,2,3,1,3,1,1,1,1
3,2,34,2.228523590019904e-05,0,0,3,4,2,4,1,4,1,1,1,1
3,2,35,0.0003518303856253624,0,0,3,4,2,5,1,5,1,1,1,1
3,2,36,2.4966602722997777e-05,0,0,3,5,2,1,1,1,1,2,1,2
3,2,38,0.0001284460158785805,0,0,3,5,2,3,1,3,1,2,1,2
3,2,41,0.022087328135967255,0,1,3,6,2,1,1,0,1,0,1,1
3,2,42,0.8882308006286621,0,1,3,6,2,2,1,0,1,0,1,1
3,2,45,0.06752286851406097,0,1,3,6,2,5,1,0,1,0,1,1
3,3,0,0.012941301800310612,0,0,3,1,3,0,1,0,1,2,1,4
3,3,1,0.0007347699720412493,0,0,3,3,3,1,1,1,1,1,1,1
3,3,5,0.002017274033278227,0,0,3,3,3,5,1,1,1,1,1,1
3,3,6,0.0029496781062334776,0,0,3,3,3,6,1,1,1,1,1,1
3,3,7,0.0002739234478212893,0,0,3,3,3,1,1,2,1,1,1,1
3,3,8,0.0012499409494921565,0,0,3,3,3,2,1,2,1,1,1,1
3,3,9,0.00011769864067900926,0,0,3,3,3,3,1,2,1,1,1,1
3,3,13,0.000755398184992373,0,0,3,3,3,1,1,3,1,1,1,1
3,3,14,0.0009907768107950687,0,0,3,3,3,2,1,3,1,1,1,1
3,3,17,0.004388666246086359,0,0,3,3,3,5,1,3,1,1,1,1
3,3,19,0.0038776155561208725,0,0,3,3,3,1,1,4,1,1,1,1
3,3,21,0.000668007938656956,0,0,3,3,3,3,1,4,1,1,1,1
3,3,22,0.001372442115098238,0,0,3,3,3,4,1,4,1,1,1,1
3,3,23,0.0013738499255850911,0,0,3,3,3,5,1,4,1,1,1,1
3,3,27,0.000249633303610608,0,0,3,3,3,3,1,5,1,1,1,1
3,3,31,2.7177988158655353e-05,0,0,3,4,3,1,1,1,1,1,1,1
3,3,33,0.00017815489263739437,0,0,3,4,3,3,1,3,1,1,1,1
3,3,34,0.0003197291516698897,0,0,3,4,3,4,1,4,1,1,1,1
3,3,35,0.0008026233408600092,0,0,3,4,3,5,1,5,1,1,1,1
3,3,36,0.0014894686173647642,0,0,3,5,3,1,1,1,1,2,1,2
3,3,38,0.00039183261105790734,0,0,3,5,3,3,1,3,1,2,1,2
3,3,41,0.2652975916862488,0,1,3,6,3,1,1,0,1,0,1,1
3,3,42,0.23025235533714294,0,1,3,6,3,2,1,0,1,0,1,1
3,3,45,0.46727970242500305,0,1,3,6,3,5,1,0,1,0,1,1
3,4,0,0.00036538077984005213,0,0,3,1,4,0,1,0,1,2,1,4
3,4,1,0.00011530591291375458,0,0,3,3,4,1,1,1,1,1,1,1
3,4,5,7.725792966084555e-05,0,0,3,3,4,5,1,1,1,1,1,1
3,4,6,0.0003197370679117739,0,0,3,3,4,6,1,1,1,1,1,1
3,4,7,0.00023299551685340703,0,0,3,3,4,1,1,2,1,1,1,1
3,4,8,0.003091107588261366,0,0,3,3,4,2,1,2,1,1,1,1
3,4,9,0.0005064329598098993,0,0,3,3,4,3,1,2,1,1,1,1
3,4,13,0.001625683973543346,0,0,3,3,4,1,1,3,1,1,1,1
3,4,14,0.001213248004205525,0,0,3,3,4,2,1,3,1,1,1,1
3,4,17,0.0011737343156710267,0,0,3,3,4,5,1,3,1,1,1,1
3,4,19,0.010638818144798279,0,0,3,3,4,1,1,4,1,1,1,1
3,4,21,0.0008803946548141539,0,0,3,3,4,3,1,4,1,1,1,1
3,4,22,0.0005324188969098032,0,0,3,3,4,4,1,4,1,1,1,1
3,4,23,0.0003434965037740767,0,0,3,3,4,5,1,4,1,1,1,1
3,4,27,0.0002962082508020103,0,0,3,3,4,3,1,5,1,1,1,1
3,4,31,0.00017295536235906184,0,0,3,4,4,1,1,1,1,1,1,1
3,4,33,0.004466926213353872,0,0,3,4,4,3,1,3,1,1,1,1
3,4,34,0.00022940659255255014,0,0,3,4,4,4,1,4,1,1,1,1
3,4,35,0.00013557483907788992,0,0,3,4,4,5,1,5,1,1,1,1
3,4,36,0.00014273259148467332,0,0,3,5,4,1,1,1,1,2,1,2
3,4,38,0.000136488102725707,0,0,3,5,4,3,1,3,1,2,1,2
3,4,41,0.8492524027824402,0,1,3,6,4,1,1,0,1,0,1,1
3,4,42,0.07907272130250931,0,1,3,6,4,2,1,0,1,0,1,1
3,4,45,0.0449780598282814,0,1,3,6,4,5,1,0,1,0,1,1
3,10,0,0.0070744589902460575,0,0,3,1,4,0,2,0,1,2,1,4
3,10,1,0.005228465422987938,0,0,3,3,4,1,2,1,1,1,1,1
3,10,5,0.005677646026015282,0,0,3,3,4,5,2,1,1,1,1,1
3,10,6,0.0051562972366809845,0,0,3,3,4,6,2,1,1,1,1,1
3,10,7,0.0017068167217075825,0,0,3,3,4,1,2,2,1,1,1,1
3,10,8,0.003529499750584364,0,0,3,3,4,2,2,2,1,1,1,1
3,10,9,0.00015497561253141612,0,0,3,3,4,3,2,2,1,1,1,1
3,10,13,0.004452876280993223,0,0,3,3,4,1,2,3,1,1,1,1
3,10,14,0.0006841600988991559,0,0,3,3,4,2,2,3,1,1,1,1
3,10,17,0.004436104092746973,0,0,3,3,4,5,2,3,1,1,1,1
3,10,19,0.00642796978354454,0,0,3,3,4,1,2,4,1,1,1,1
3,10,21,0.000443887198343873,0,0,3,3,4,3,2,4,1,1,1,1
3,10,22,0.027465637773275375,0,0,3,3,4,4,2,4,1,1,1,1
3,10,23,0.0018725532572716475,0,0,3,3,4,5,2,4,1,1,1,1
3,10,27,0.00016371796664316207,0,0,3,3,4,3,2,5,1,1,1,1
3,10,31,0.0008999205892905593,0,0,3,4,4,1,2,1,1,1,1,1
3,10,33,5.1734816224779934e-05,0,0,3,4,4,3,2,3,1,1,1,1
3,10,34,0.006067065056413412,0,0,3,4,4,4,2,4,1,1,1,1
3,10,35,0.000483938492834568,0,0,3,4,4,5,2,5,1,1,1,1
3,10,36,0.010277842171490192,0,0,3,5,4,1,2,1,1,2,1,2
3,10,38,0.00034119360498152673,0,0,3,5,4,3,2,3,1,2,1,2
3,10,41,0.6264446973800659,0,1,3,6,4,1,2,0,1,0,1,1
3,10,42,0.07708393782377243,0,1,3,6,4,2,2,0,1,0,1,1
3,10,45,0.20387473702430725,0,1,3,6,4,5,2,0,1,0,1,1
3,11,0,0.018520144745707512,0,0,3,1,5,0,2,0,1,2,1,4
3,11,1,0.010302744805812836,0,0,3,3,5,1,2,1,1,1,1,1
3,11,5,0.025128990411758423,0,0,3,3,5,5,2,1,1,1,1,1
3,11,6,0.024630777537822723,0,0,3,3,5,6,2,1,1,1,1,1
3,11,7,0.005194318015128374,0,0,3,3,5,1,2,2,1,1,1,1
3,11,8,0.009087445214390755,0,0,3,3,5,2,2,2,1,1,1,1
3,11,9,0.00403999350965023,0,0,3,3,5,3,2,2,1,1,1,1
3,11,13,0.02147899568080902,0,0,3,3,5,1,2,3,1,1,1,1
3,11,14,0.017675118520855904,0,0,3,3,5,2,2,3,1,1,1,1
3,11,17,0.05868872255086899,0,0,3,3,5,5,2,3,1,1,1,1
3,11,19,0.055237822234630585,0,0,3,3,5,1,2,4,1,1,1,1
3,11,21,0.022849921137094498,0,0,3,3,5,3,2,4,1,1,1,1
3,11,22,0.056296948343515396,0,0,3,3,5,4,2,4,1,1,1,1
3,11,23,0.028612755239009857,0,0,3,3,5,5,2,4,1,1,1,1
3,11,27,0.009633200243115425,0,0,3,3,5,3,2,5,1,1,1,1
3,11,31,0.003792727831751108,0,0,3,4,5,1,2,1,1,1,1,1
3,11,33,0.014880373142659664,0,0,3,4,5,3,2,3,1,1,1,1
3,11,34,0.023164136335253716,0,0,3,4,5,4,2,4,1,1,1,1
3,11,35,0.050936050713062286,0,0,3,4,5,5,2,5,1,1,1,1
3,11,36,0.01739775761961937,0,0,3,5,5,1,2,1,1,2,1,2
3,11,38,0.011678988113999367,0,0,3,5,5,3,2,3,1,2,1,2
3,11,41,0.14806689321994781,0,1,3,6,5,1,2,0,1,0,1,1
3,11,42,0.10673531144857407,0,1,3,6,5,2,2,0,1,0,1,1
3,11,45,0.2559696435928345,0,1,3,6,5,5,2,0,1,0,1,1
3,12,0,0.01640639640390873,0,0,3,1,6,0,2,0,1,2,1,4
3,12,1,0.003569663967937231,0,0,3,3,6,1,2,1,1,1,1,1
3,12,5,0.021573714911937714,0,0,3,3,6,5,2,1,1,1,1,1
3,12,6,0.030893543735146523,0,0,3,3,6,6,2,1,1,1,1,1
3,12,7,0.0003006197221111506,0,0,3,3,6,1,2,2,1,1,1,1
3,12,8,0.0015466579934582114,0,0,3,3,6,2,2,2,1,1,1,1
3,12,9,0.00019359462021384388,0,0,3,3,6,3,2,2,1,1,1,1
3,12,13,0.0011563291773200035,0,0,3,3,6,1,2,3,1,1,1,1
3,12,14,0.0010099400533363223,0,0,3,3,6,2,2,3,1,1,1,1
3,12,17,0.00949840433895588,0,0,3,3,6,5,2,3,1,1,1,1
3,12,19,0.003315255744382739,0,0,3,3,6,1,2,4,1,1,1,1
3,12,21,0.0015818987740203738,0,0,3,3,6,3,2,4,1,1,1,1
3,12,22,0.06009228155016899,0,0,3,3,6,4,2,4,1,1,1,1
3,12,23,0.0038096352946013212,0,0,3,3,6,5,2,4,1,1,1,1
3,12,27,0.0004730059881694615,0,0,3,3,6,3,2,5,1,1,1,1
3,12,31,8.218653238145635e-05,0,0,3,4,6,1,2,1,1,1,1,1
3,12,33,4.670507041737437e-05,0,0,3,4,6,3,2,3,1,1,1,1
3,12,34,0.003404842223972082,0,0,3,4,6,4,2,4,1,1,1,1
3,12,35,0.0019354582764208317,0,0,3,4,6,5,2,5,1,1,1,1
3,12,36,0.026667769998311996,0,0,3,5,6,1,2,1,1,2,1,2
3,12,38,0.0023115486837923527,0,0,3,5,6,3,2,3,1,2,1,2
3,12,41,0.276706337928772,0,1,3,6,6,1,2,0,1,0,1,1
3,12,42,0.09564714878797531,0,1,3,6,6,2,2,0,1,0,1,1
3,12,45,0.43777740001678467,0,1,3,6,6,5,2,0,1,0,1,1
3,15,0,0.0027480602730065584,0,0,3,1,3,0,3,0,1,2,1,4
3,15,1,0.00010837140871444717,0,0,3,3,3,1,3,1,1,1,1,1
3,15,5,0.0006005493341945112,0,0,3,3,3,5,3,1,1,1,1,1
3,15,6,0.0001439556072000414,0,0,3,3,3,6,3,1,1,1,1,1
3,15,7,6.114096322562546e-05,0,0,3,3,3,1,3,2,1,1,1,1
3,15,8,7.325824844883755e-05,0,0,3,3,3,2,3,2,1,1,1,1
3,15,9,7.4144832069578115e-06,0,0,3,3,3,3,3,2,1,1,1,1
3,15,13,4.367492510937154e-05,0,0,3,3,3,1,3,3,1,1,1,1
3,15,14,6.040035077603534e-05,0,0,3,3,3,2,3,3,1,1,1,1
3,15,17,0.0008814613102003932,0,0,3,3,3,5,3,3,1,1,1,1
3,15,19,0.000642988074105233,0,0,3,3,3,1,3,4,1,1,1,1
3,15,21,6.0978232795605436e-05,0,0,3,3,3,3,3,4,1,1,1,1
3,15,22,0.00018111095414496958,0,0,3,3,3,4,3,4,1,1,1,1
3,15,23,0.00010600716632325202,0,0,3,3,3,5,3,4,1,1,1,1
3,15,27,1.4881296920066234e-05,0,0,3,3,3,3,3,5,1,1,1,1
3,15,31,2.6117361358046765e-06,0,0,3,4,3,1,3,1,1,1,1,1
3,15,33,2.47849129664246e-06,0,0,3,4,3,3,3,3,1,1,1,1
3,15,34,1.172086012957152e-05,0,0,3,4,3,4,3,4,1,1,1,1
3,15,35,8.473335765302181e-05,0,0,3,4,3,5,3,5,1,1,1,1
3,15,36,0.0005500483093783259,0,0,3,5,3,1,3,1,1,2,1,2
3,15,38,2.5910328986356035e-05,0,0,3,5,3,3,3,3,1,2,1,2
3,15,41,0.1878795474767685,0,1,3,6,3,1,3,0,1,0,1,1
3,15,42,0.20474004745483398,0,1,3,6,3,2,3,0,1,0,1,1
3,15,45,0.6009684205055237,0,1,3,6,3,5,3,0,1,0,1,1
3,16,0,0.0004478120827116072,0,0,3,1,4,0,3,0,1,2,1,4
3,16,1,4.1547278669895604e-05,0,0,3,3,4,1,3,1,1,1,1,1
3,16,5,2.8893218768644147e-05,0,0,3,3,4,5,3,1,1,1,1,1
3,16,6,0.0002647168003022671,0,0,3,3,4,6,3,1,1,1,1,1
3,16,7,1.213886480400106e-05,0,0,3,3,4,1,3,2,1,1,1,1
3,16,8,0.0001162492626463063,0,0,3,3,4,2,3,2,1,1,1,1
3,16,9,1.9035149307455868e-05,0,0,3,3,4,3,3,2,1,1,1,1
3,16,13,3.2519976230105385e-05,0,0,3,3,4,1,3,3,1,1,1,1
3,16,14,1.6527630577911623e-05,0,0,3,3,4,2,3,3,1,1,1,1
3,16,17,0.0001539343356853351,0,0,3,3,4,5,3,3,1,1,1,1
3,16,19,0.0015655996976420283,0,0,3,3,4,1,3,4,1,1,1,1
3,16,21,5.728300675400533e-05,0,0,3,3,4,3,3,4,1,1,1,1
3,16,22,0.001796881784684956,0,0,3,3,4,4,3,4,1,1,1,1
3,16,23,8.824904216453433e-05,0,0,3,3,4,5,3,4,1,1,1,1
3,16,27,1.7557613318786025e-05,0,0,3,3,4,3,3,5,1,1,1,1
3,16,31,1.563841919960396e-06,0,0,3,4,4,1,3,1,1,1,1,1
3,16,33,7.774023288220633e-06,0,0,3,4,4,3,3,3,1,1,1,1
3,16,34,0.00019048538524657488,0,0,3,4,4,4,3,4,1,1,1,1
3,16,35,8.744896149437409e-06,0,0,3,4,4,5,3,5,1,1,1,1
3,16,36,5.242058978183195e-05,0,0,3,5,4,1,3,1,1,2,1,2
3,16,38,6.192752607603325e-06,0,0,3,5,4,3,3,3,1,2,1,2
3,16,41,0.8778835535049438,0,1,3,6,4,1,3,0,1,0,1,1
3,16,42,0.021844133734703064,0,1,3,6,4,2,3,0,1,0,1,1
3,16,45,0.09534527361392975,0,1,3,6,4,5,3,0,1,0,1,1
3,18,0,0.0023011136800050735,0,0,3,1,6,0,3,0,1,2,1,4
3,18,1,0.00018679870117921382,0,0,3,3,6,1,3,1,1,1,1,1
3,18,5,0.0031552754808217287,0,0,3,3,6,5,3,1,1,1,1,1
3,18,6,0.0007928508566692472,0,0,3,3,6,6,3,1,1,1,1,1
3,18,7,1.5979461750248447e-05,0,0,3,3,6,1,3,2,1,1,1,1
3,18,8,0.00013121460506226867,0,0,3,3,6,2,3,2,1,1,1,1
3,18,9,9.310453606303781e-06,0,0,3,3,6,3,3,2,1,1,1,1
3,18,13,4.9710481107467785e-05,0,0,3,3,6,1,3,3,1,1,1,1
3,18,14,5.844177940161899e-05,0,0,3,3,6,2,3,3,1,1,1,1
3,18,17,0.002028665505349636,0,0,3,3,6,5,3,3,1,1,1,1
3,18,19,0.0011306068627163768,0,0,3,3,6,1,3,4,1,1,1,1
3,18,21,0.000251415534876287,0,0,3,3,6,3,3,4,1,1,1,1
3,18,22,0.0010350174270570278,0,0,3,3,6,4,3,4,1,1,1,1
3,18,23,0.0005340166972018778,0,0,3,3,6,5,3,4,1,1,1,1
3,18,27,7.56621957407333e-05,0,0,3,3,6,3,3,5,1,1,1,1
3,18,31,8.887412263902661e-07,0,0,3,4,6,1,3,1,1,1,1,1
3,18,33,1.6724724218875053e-06,0,0,3,4,6,3,3,3,1,1,1,1
3,18,34,4.8823818360688165e-05,0,0,3,4,6,4,3,4,1,1,1,1
3,18,35,0.0003480921732261777,0,0,3,4,6,5,3,5,1,1,1,1
3,18,36,0.0013273938093334436,0,0,3,5,6,1,3,1,1,2,1,2
3,18,38,0.00012102221808163449,0,0,3,5,6,3,3,3,1,2,1,2
3,18,41,0.33262693881988525,0,1,3,6,6,1,3,0,1,0,1,1
3,18,42,0.05930441990494728,0,1,3,6,6,2,3,0,1,0,1,1
3,18,45,0.5944648385047913,0,1,3,6,6,5,3,0,1,0,1,1
3,20,0,0.029032520949840546,0,0,3,1,2,0,4,0,1,2,1,4
3,20,1,9.169209079118446e-05,0,0,3,3,2,1,4,1,1,1,1,1
3,20,5,0.0006710797315463424,0,0,3,3,2,5,4,1,1,1,1,1
3,20,6,0.012371720746159554,0,0,3,3,2,6,4,1,1,1,1,1
3,20,7,2.4900609787437133e-05,0,0,3,3,2,1,4,2,1,1,1,1
3,20,8,0.0008549524354748428,0,0,3,3,2,2,4,2,1,1,1,1
3,20,9,7.269995694514364e-05,0,0,3,3,2,3,4,2,1,1,1,1
3,20,13,4.879685729974881e-05,0,0,3,3,2,1,4,3,1,1,1,1
3,20,14,0.000573085097130388,0,0,3,3,2,2,4,3,1,1,1,1
3,20,17,0.0014843549579381943,0,0,3,3,2,5,4,3,1,1,1,1
3,20,19,0.002446710364893079,0,0,3,3,2,1,4,4,1,1,1,1
3,20,21,0.00021436465613078326,0,0,3,3,2,3,4,4,1,1,1,1
3,20,22,0.0007877208990976214,0,0,3,3,2,4,4,4,1,1,1,1
3,20,23,0.000674176262691617,0,0,3,3,2,5,4,4,1,1,1,1
3,20,27,9.080606105271727e-05,0,0,3,3,2,3,4,5,1,1,1,1
3,20,31,5.333376975613646e-07,0,0,3,4,2,1,4,1,1,1,1,1
3,20,33,4.649917900678702e-05,0,0,3,4,2,3,4,3,1,1,1,1
3,20,34,0.00015369115862995386,0,0,3,4,2,4,4,4,1,1,1,1
3,20,35,0.0002602777967695147,0,0,3,4,2,5,4,5,1,1,1,1
3,20,36,0.00012633195728994906,0,0,3,5,2,1,4,1,1,2,1,2
3,20,38,5.1711886044358835e-05,0,0,3,5,2,3,4,3,1,2,1,2
3,20,41,0.11889469623565674,0,1,3,6,2,1,4,0,1,0,1,1
3,20,42,0.4069768786430359,0,1,3,6,2,2,4,0,1,0,1,1
3,20,45,0.4240493178367615,0,1,3,6,2,5,4,0,1,0,1,1
3,24,0,0.009470558725297451,0,0,3,1,6,0,4,0,1,2,1,4
3,24,1,0.0018425340531393886,0,0,3,3,6,1,4,1,1,1,1,1
3,24,5,0.019857877865433693,0,0,3,3,6,5,4,1,1,1,1,1
3,24,6,0.005463258363306522,0,0,3,3,6,6,4,1,1,1,1,1
3,24,7,0.0002615017001517117,0,0,3,3,6,1,4,2,1,1,1,1
3,24,8,0.00020077702356502414,0,0,3,3,6,2,4,2,1,1,1,1
3,24,9,4.539887231658213e-05,0,0,3,3,6,3,4,2,1,1,1,1
3,24,13,0.0006168193649500608,0,0,3,3,6,1,4,3,1,1,1,1
3,24,14,9.929719817591831e-05,0,0,3,3,6,2,4,3,1,1,1,1
3,24,17,0.0024079852737486362,0,0,3,3,6,5,4,3,1,1,1,1
3,24,19,0.004895673133432865,0,0,3,3,6,1,4,4,1,1,1,1
3,24,21,0.00019650417380034924,0,0,3,3,6,3,4,4,1,1,1,1
3,24,22,0.002309942850843072,0,0,3,3,6,4,4,4,1,1,1,1
3,24,23,0.0006787054589949548,0,0,3,3,6,5,4,4,1,1,1,1
3,24,27,0.0005806530825793743,0,0,3,3,6,3,4,5,1,1,1,1
3,24,31,0.00023451028391718864,0,0,3,4,6,1,4,1,1,1,1,1
3,24,33,8.547587640350685e-05,0,0,3,4,6,3,4,3,1,1,1,1
3,24,34,0.0005729033728130162,0,0,3,4,6,4,4,4,1,1,1,1
3,24,35,0.007554894313216209,0,0,3,4,6,5,4,5,1,1,1,1
3,24,36,0.0790054202079773,0,0,3,5,6,1,4,1,1,2,1,2
3,24,38,0.0011037413496524096,0,0,3,5,6,3,4,3,1,2,1,2
3,24,41,0.4652974307537079,0,1,3,6,6,1,4,0,1,0,1,1
3,24,42,0.018120691180229187,0,1,3,6,6,2,4,0,1,0,1,1
3,24,45,0.37909749150276184,0,1,3,6,6,5,4,0,1,0,1,1
3,25,0,0.014345673844218254,0,0,3,1,1,0,5,0,1,2,1,4
3,25,1,0.0013181377435103059,0,0,3,3,1,1,5,1,1,1,1,1
3,25,5,0.00477700587362051,0,0,3,3,1,5,5,1,1,1,1,1
3,25,6,0.011026695370674133,0,0,3,3,1,6,5,1,1,1,1,1
3,25,7,0.00026852168957702816,0,0,3,3,1,1,5,2,1,1,1,1
3,25,8,0.001023127231746912,0,0,3,3,1,2,5,2,1,1,1,1
3,25,9,0.0002944431034848094,0,0,3,3,1,3,5,2,1,1,1,1
3,25,13,0.0009073388064280152,0,0,3,3,1,1,5,3,1,1,1,1
3,25,14,0.00026781708584167063,0,0,3,3,1,2,5,3,1,1,1,1
3,25,17,0.005327895749360323,0,0,3,3,1,5,5,3,1,1,1,1
3,25,19,0.01849258877336979,0,0,3,3,1,1,5,4,1,1,1,1
3,25,21,0.002371070673689246,0,0,3,3,1,3,5,4,1,1,1,1
3,25,22,0.03807628154754639,0,0,3,3,1,4,5,4,1,1,1,1
3,25,23,0.004183365497738123,0,0,3,3,1,5,5,4,1,1,1,1
3,25,27,0.001394346123561263,0,0,3,3,1,3,5,5,1,1,1,1
3,25,31,3.89408232877031e-05,0,0,3,4,1,1,5,1,1,1,1,1
3,25,33,0.00016188946028705686,0,0,3,4,1,3,5,3,1,1,1,1
3,25,34,0.005998570006340742,0,0,3,4,1,4,5,4,1,1,1,1
3,25,35,0.0034220421221107244,0,0,3,4,1,5,5,5,1,1,1,1
3,25,36,0.006494037341326475,0,0,3,5,1,1,5,1,1,2,1,2
3,25,38,0.0014700046740472317,0,0,3,5,1,3,5,3,1,2,1,2
3,25,41,0.5625544190406799,0,1,3,6,1,1,5,0,1,0,1,1
3,25,42,0.03635035827755928,0,1,3,6,1,2,5,0,1,0,1,1
3,25,45,0.27943548560142517,0,1,3,6,1,5,5,0,1,0,1,1
3,26,0,0.0060717142187058926,0,0,3,1,2,0,5,0,1,2,1,4
3,26,1,6.648517683061073e-06,0,0,3,3,2,1,5,1,1,1,1,1
3,26,5,4.4626005546888337e-05,0,0,3,3,2,5,5,1,1,1,1,1
3,26,6,0.00031516063609160483,0,0,3,3,2,6,5,1,1,1,1,1
3,26,7,2.9203458780102665e-06,0,0,3,3,2,1,5,2,1,1,1,1
3,26,8,0.00022886093938723207,0,0,3,3,2,2,5,2,1,1,1,1
3,26,9,5.356175279302988e-06,0,0,3,3,2,3,5,2,1,1,1,1
3,26,13,1.4562591786670964e-05,0,0,3,3,2,1,5,3,1,1,1,1
3,26,14,0.00014879753871355206,0,0,3,3,2,2,5,3,1,1,1,1
3,26,17,0.0008638029103167355,0,0,3,3,2,5,5,3,1,1,1,1
3,26,19,0.00128063908778131,0,0,3,3,2,1,5,4,1,1,1,1
3,26,21,7.599272794323042e-05,0,0,3,3,2,3,5,4,1,1,1,1
3,26,22,3.436328188399784e-05,0,0,3,3,2,4,5,4,1,1,1,1
3,26,23,0.0002393692557234317,0,0,3,3,2,5,5,4,1,1,1,1
3,26,27,2.0046340068802238e-05,0,0,3,3,2,3,5,5,1,1,1,1
3,26,31,2.9485141439522522e-08,0,0,3,4,2,1,5,1,1,1,1,1
3,26,33,7.044893209240399e-06,0,0,3,4,2,3,5,3,1,1,1,1
3,26,34,7.484791694878368e-06,0,0,3,4,2,4,5,4,1,1,1,1
3,26,35,5.592512388830073e-05,0,0,3,4,2,5,5,5,1,1,1,1
3,26,36,3.110848183496273e-06,0,0,3,5,2,1,5,1,1,2,1,2
3,26,38,4.444082605914446e-06,0,0,3,5,2,3,5,3,1,2,1,2
3,26,41,0.09039135277271271,0,1,3,6,2,1,5,0,1,0,1,1
3,26,42,0.636542558670044,0,1,3,6,2,2,5,0,1,0,1,1
3,26,45,0.26363587379455566,0,1,3,6,2,5,5,0,1,0,1,1
3,28,0,0.006296089850366116,0,0,3,1,4,0,5,0,1,2,1,4
3,28,1,0.0009079078445211053,0,0,3,3,4,1,5,1,1,1,1,1
3,28,5,0.0012499954318627715,0,0,3,3,4,5,5,1,1,1,1,1
3,28,6,0.0050725191831588745,0,0,3,3,4,6,5,1,1,1,1,1
3,28,7,0.0003199570346623659,0,0,3,3,4,1,5,2,1,1,1,1
3,28,8,0.0019976485054939985,0,0,3,3,4,2,5,2,1,1,1,1
3,28,9,0.00013731548096984625,0,0,3,3,4,3,5,2,1,1,1,1
3,28,13,0.002584831789135933,0,0,3,3,4,1,5,3,1,1,1,1
3,28,14,0.00037962538772262633,0,0,3,3,4,2,5,3,1,1,1,1
3,28,17,0.0027758057694882154,0,0,3,3,4,5,5,3,1,1,1,1
3,28,19,0.018915491178631783,0,0,3,3,4,1,5,4,1,1,1,1
3,28,21,0.000832621764857322,0,0,3,3,4,3,5,4,1,1,1,1
3,28,22,0.008124249055981636,0,0,3,3,4,4,5,4,1,1,1,1
3,28,23,0.0019784795586019754,0,0,3,3,4,5,5,4,1,1,1,1
3,28,27,0.0005174762336537242,0,0,3,3,4,3,5,5,1,1,1,1
3,28,31,8.508579048793763e-05,0,0,3,4,4,1,5,1,1,1,1,1
3,28,33,0.00042241704068146646,0,0,3,4,4,3,5,3,1,1,1,1
3,28,34,0.00353099568746984,0,0,3,4,4,4,5,4,1,1,1,1
3,28,35,0.0013359026052057743,0,0,3,4,4,5,5,5,1,1,1,1
3,28,36,0.003396370215341449,0,0,3,5,4,1,5,1,1,2,1,2
3,28,38,0.0006345293368212879,0,0,3,5,4,3,5,3,1,2,1,2
3,28,41,0.7604783773422241,0,1,3,6,4,1,5,0,1,0,1,1
3,28,42,0.04711829870939255,0,1,3,6,4,2,5,0,1,0,1,1
3,28,45,0.13090769946575165,0,1,3,6,4,5,5,0,1,0,1,1
3,29,0,0.08514078706502914,0,0,3,1,5,0,5,0,1,2,1,4
3,29,1,0.004187997430562973,0,0,3,3,5,1,5,1,1,1,1,1
3,29,5,0.05589595064520836,0,0,3,3,5,5,5,1,1,1,1,1
3,29,6,0.031922634690999985,0,0,3,3,5,6,5,1,1,1,1,1
3,29,7,0.0021236243192106485,0,0,3,3,5,1,5,2,1,1,1,1
3,29,8,0.004500658717006445,0,0,3,3,5,2,5,2,1,1,1,1
3,29,9,0.002559213899075985,0,0,3,3,5,3,5,2,1,1,1,1
3,29,13,0.005991554353386164,0,0,3,3,5,1,5,3,1,1,1,1
3,29,14,0.007167077157646418,0,0,3,3,5,2,5,3,1,1,1,1
3,29,17,0.03490829095244408,0,0,3,3,5,5,5,3,1,1,1,1
3,29,19,0.04824400320649147,0,0,3,3,5,1,5,4,1,1,1,1
3,29,21,0.012560061179101467,0,0,3,3,5,3,5,4,1,1,1,1
3,29,22,0.0030443775467574596,0,0,3,3,5,4,5,4,1,1,1,1
3,29,23,0.02214083820581436,0,0,3,3,5,5,5,4,1,1,1,1
3,29,27,0.040048010647296906,0,0,3,3,5,3,5,5,1,1,1,1
3,29,31,0.0008705556974746287,0,0,3,4,5,1,5,1,1,1,1,1
3,29,33,0.02181658335030079,0,0,3,4,5,3,5,3,1,1,1,1
3,29,34,0.003669582773000002,0,0,3,4,5,4,5,4,1,1,1,1
3,29,35,0.266804963350296,0,0,3,4,5,5,5,5,1,1,1,1
3,29,36,0.033622074872255325,0,0,3,5,5,1,5,1,1,2,1,2
3,29,38,0.03585565835237503,0,0,3,5,5,3,5,3,1,2,1,2
3,29,41,0.05292275920510292,0,1,3,6,5,1,5,0,1,0,1,1
3,29,42,0.0541180856525898,0,1,3,6,5,2,5,0,1,0,1,1
3,29,45,0.16988490521907806,0,1,3,6,5,5,5,0,1,0,1,1
3,30,0,0.01844077743589878,0,0,3,1,6,0,5,0,1,2,1,4
3,30,1,0.000931144692003727,0,0,3,3,6,1,5,1,1,1,1,1
3,30,5,0.004187677521258593,0,0,3,3,6,5,5,1,1,1,1,1
3,30,6,0.008050618693232536,0,0,3,3,6,6,5,1,1,1,1,1
3,30,7,0.0004285575414542109,0,0,3,3,6,1,5,2,1,1,1,1
3,30,8,0.005634192377328873,0,0,3,3,6,2,5,2,1,1,1,1
3,30,9,0.000587743881624192,0,0,3,3,6,3,5,2,1,1,1,1
3,30,13,0.0013742541195824742,0,0,3,3,6,1,5,3,1,1,1,1
3,30,14,0.002321224194020033,0,0,3,3,6,2,5,3,1,1,1,1
3,30,17,0.009437662549316883,0,0,3,3,6,5,5,3,1,1,1,1
3,30,19,0.016823500394821167,0,0,3,3,6,1,5,4,1,1,1,1
3,30,21,0.006212412845343351,0,0,3,3,6,3,5,4,1,1,1,1
3,30,22,0.009446224197745323,0,0,3,3,6,4,5,4,1,1,1,1
3,30,23,0.0062503572553396225,0,0,3,3,6,5,5,4,1,1,1,1
3,30,27,0.001451788586564362,0,0,3,3,6,3,5,5,1,1,1,1
3,30,31,2.61795794358477e-05,0,0,3,4,6,1,5,1,1,1,1,1
3,30,33,0.00039731612196192145,0,0,3,4,6,3,5,3,1,1,1,1
3,30,34,0.0017322914209216833,0,0,3,4,6,4,5,4,1,1,1,1
3,30,35,0.001717437757179141,0,0,3,4,6,5,5,5,1,1,1,1
3,30,36,0.003646613098680973,0,0,3,5,6,1,5,1,1,2,1,2
3,30,38,0.003475458361208439,0,0,3,5,6,3,5,3,1,2,1,2
3,30,41,0.3363591432571411,0,1,3,6,6,1,5,0,1,0,1,1
3,30,42,0.27544742822647095,0,1,3,6,6,2,5,0,1,0,1,1
3,30,45,0.2856203019618988,0,1,3,6,6,5,5,0,1,0,1,1
3,32,0,0.0023279129527509212,0,0,4,1,2,0,2,0,1,2,1,4
3,32,1,0.0001417623134329915,0,0,4,3,2,1,2,1,1,1,1,1
3,32,5,0.00039830105379223824,0,0,4,3,2,5,2,1,1,1,1,1
3,32,6,0.00012899083958473057,0,0,4,3,2,6,2,1,1,1,1,1
3,32,7,2.6036243070848286e-05,0,0,4,3,2,1,2,2,1,1,1,1
3,32,8,3.978264794568531e-05,0,0,4,3,2,2,2,2,1,1,1,1
3,32,9,1.0117538522536051e-06,0,0,4,3,2,3,2,2,1,1,1,1
3,32,13,0.0001419916225131601,0,0,4,3,2,1,2,3,1,1,1,1
3,32,14,3.1983450753614306e-05,0,0,4,3,2,2,2,3,1,1,1,1
3,32,17,0.0014298176392912865,0,0,4,3,2,5,2,3,1,1,1,1
3,32,19,0.001067915465682745,0,0,4,3,2,1,2,4,1,1,1,1
3,32,21,2.734567351581063e-05,0,0,4,3,2,3,2,4,1,1,1,1
3,32,22,0.00024350802414119244,0,0,4,3,2,4,2,4,1,1,1,1
3,32,23,0.00016054869047366083,0,0,4,3,2,5,2,4,1,1,1,1
3,32,27,8.726902706257533e-06,0,0,4,3,2,3,2,5,1,1,1,1
3,32,31,3.9105548239604104e-06,0,0,4,4,2,1,2,1,1,1,1,1
3,32,33,1.338447987109248e-06,0,0,4,4,2,3,2,3,1,1,1,1
3,32,34,3.285202546976507e-05,0,0,4,4,2,4,2,4,1,1,1,1
3,32,35,0.0002583318273536861,0,0,4,4,2,5,2,5,1,1,1,1
3,32,36,0.0003247082349844277,0,0,4,5,2,1,2,1,1,2,1,2
3,32,38,7.12947030478972e-06,0,0,4,5,2,3,2,3,1,2,1,2
3,32,41,0.296918660402298,0,1,4,6,2,1,2,0,1,0,1,1
3,32,42,0.1400550901889801,0,1,4,6,2,2,2,0,1,0,1,1
3,32,45,0.5562227964401245,0,1,4,6,2,5,2,0,1,0,1,1
3,37,0,0.022324373945593834,0,0,5,1,2,0,2,0,2,2,2,4
3,37,1,0.0010690308408811688,0,0,5,3,2,1,2,1,2,1,2,1
3,37,5,0.006156100891530514,0,0,5,3,2,5,2,1,2,1,2,1
3,37,6,0.00414979737251997,0,0,5,3,2,6,2,1,2,1,2,1
3,37,7,0.0009689825237728655,0,0,5,3,2,1,2,2,2,1,2,1
3,37,8,0.0006242888048291206,0,0,5,3,2,2,2,2,2,1,2,1
3,37,9,0.000645166845060885,0,0,5,3,2,3,2,2,2,1,2,1
3,37,13,0.0021365080028772354,0,0,5,3,2,1,2,3,2,1,2,1
3,37,14,0.019217457622289658,0,0,5,3,2,2,2,3,2,1,2,1
3,37,17,0.0282977856695652,0,0,5,3,2,5,2,3,2,1,2,1
3,37,19,0.012078576721251011,0,0,5,3,2,1,2,4,2,1,2,1
3,37,21,0.0004843856149818748,0,0,5,3,2,3,2,4,2,1,2,1
3,37,22,0.00012935305130667984,0,0,5,3,2,4,2,4,2,1,2,1
3,37,23,0.0016901049530133605,0,0,5,3,2,5,2,4,2,1,2,1
3,37,27,0.002980191260576248,0,0,5,3,2,3,2,5,2,1,2,1
3,37,31,0.008752519264817238,0,0,5,4,2,1,2,1,2,1,2,1
3,37,33,0.026756444945931435,0,0,5,4,2,3,2,3,2,1,2,1
3,37,34,0.00020829078857786953,0,0,5,4,2,4,2,4,2,1,2,1
3,37,35,0.13426467776298523,0,0,5,4,2,5,2,5,2,1,2,1
3,37,36,0.0008579587447457016,0,0,5,5,2,1,2,1,2,2,2,2
3,37,38,0.00011699146853061393,0,0,5,5,2,3,2,3,2,2,2,2
3,37,41,0.03446587920188904,0,1,5,6,2,1,2,0,2,0,2,1
3,37,42,0.38443291187286377,0,1,5,6,2,2,2,0,2,0,2,1
3,37,45,0.3071920871734619,0,1,5,6,2,5,2,0,2,0,2,1
3,39,0,0.002971361391246319,0,0,5,1,4,0,4,0,2,2,2,4
3,39,1,0.0002929023758042604,0,0,5,3,4,1,4,1,2,1,2,1
3,39,5,0.0006622024229727685,0,0,5,3,4,5,4,1,2,1,2,1
3,39,6,0.0009198116022162139,0,0,5,3,4,6,4,1,2,1,2,1
3,39,7,0.00032795825973153114,0,0,5,3,4,1,4,2,2,1,2,1
3,39,8,0.00038829364348202944,0,0,5,3,4,2,4,2,2,1,2,1
3,39,9,0.00018804913270287216,0,0,5,3,4,3,4,2,2,1,2,1
3,39,13,0.0006443038582801819,0,0,5,3,4,1,4,3,2,1,2,1
3,39,14,0.0002486368175595999,0,0,5,3,4,2,4,3,2,1,2,1
3,39,17,0.001319700269959867,0,0,5,3,4,5,4,3,2,1,2,1
3,39,19,0.012782263569533825,0,0,5,3,4,1,4,4,2,1,2,1
3,39,21,0.00018001539865508676,0,0,5,3,4,3,4,4,2,1,2,1
3,39,22,0.0005307969404384494,0,0,5,3,4,4,4,4,2,1,2,1
3,39,23,0.00026080472161993384,0,0,5,3,4,5,4,4,2,1,2,1
3,39,27,0.0007392671541310847,0,0,5,3,4,3,4,5,2,1,2,1
3,39,31,0.0004252357466612011,0,0,5,4,4,1,4,1,2,1,2,1
3,39,33,0.0006560617475770414,0,0,5,4,4,3,4,3,2,1,2,1
3,39,34,0.0002561556757427752,0,0,5,4,4,4,4,4,2,1,2,1
3,39,35,0.001895963097922504,0,0,5,4,4,5,4,5,2,1,2,1
3,39,36,0.0009105183416977525,0,0,5,5,4,1,4,1,2,2,2,2
3,39,38,5.717002204619348e-05,0,0,5,5,4,3,4,3,2,2,2,2
3,39,41,0.8365776538848877,0,1,5,6,4,1,4,0,2,0,2,1
3,39,42,0.04255657643079758,0,1,5,6,4,2,4,0,2,0,2,1
3,39,45,0.09420807659626007,0,1,5,6,4,5,4,0,2,0,2,1
3,40,0,0.007746740244328976,0,0,5,1,5,0,5,0,2,2,2,4
3,40,1,0.00017516984371468425,0,0,5,3,5,1,5,1,2,1,2,1
3,40,5,0.0014157345285639167,0,0,5,3,5,5,5,1,2,1,2,1
3,40,6,0.0012177624739706516,0,0,5,3,5,6,5,1,2,1,2,1
3,40,7,0.000432181783253327,0,0,5,3,5,1,5,2,2,1,2,1
3,40,8,4.249052290106192e-05,0,0,5,3,5,2,5,2,2,1,2,1
3,40,9,0.00021352864860091358,0,0,5,3,5,3,5,2,2,1,2,1
3,40,13,0.0008550616330467165,0,0,5,3,5,1,5,3,2,1,2,1
3,40,14,0.004011400509625673,0,0,5,3,5,2,5,3,2,1,2,1
3,40,17,0.0027309150900691748,0,0,5,3,5,5,5,3,2,1,2,1
3,40,19,0.0020179611165076494,0,0,5,3,5,1,5,4,2,1,2,1
3,40,21,9.045828483067453e-05,0,0,5,3,5,3,5,4,2,1,2,1
3,40,22,2.8807112357753795e-06,0,0,5,3,5,4,5,4,2,1,2,1
3,40,23,0.0005332125001586974,0,0,5,3,5,5,5,4,2,1,2,1
3,40,27,0.004959020763635635,0,0,5,3,5,3,5,5,2,1,2,1
3,40,31,0.00898235384374857,0,0,5,4,5,1,5,1,2,1,2,1
3,40,33,0.3289550542831421,0,0,5,4,5,3,5,3,2,1,2,1
3,40,34,0.0001028270780807361,0,0,5,4,5,4,5,4,2,1,2,1
3,40,35,0.6328935623168945,0,0,5,4,5,5,5,5,2,1,2,1
3,40,36,0.0003497557481750846,0,0,5,5,5,1,5,1,2,2,2,2
3,40,38,0.0002973862283397466,0,0,5,5,5,3,5,3,2,2,2,2
3,40,41,1.6803955077193677e-05,0,1,5,6,5,1,5,0,2,0,2,1
3,40,42,0.0010884860530495644,0,1,5,6,5,2,5,0,2,0,2,1
3,40,45,0.0008690039394423366,0,1,5,6,5,5,5,0,2,0,2,1
3,43,0,2.5061372070922516e-05,1,0,6,1,3,0,0,0,0,2,1,4
3,43,1,0.009795873425900936,1,0,6,3,3,1,0,1,0,1,1,1
3,43,5,0.005325603764504194,1,0,6,3,3,5,0,1,0,1,1,1
3,43,6,0.0005143465241417289,1,0,6,3,3,6,0,1,0,1,1,1
3,43,7,0.0029994358774274588,1,0,6,3,3,1,0,2,0,1,1,1
3,43,8,5.55432379769627e-05,1,0,6,3,3,2,0,2,0,1,1,1
3,43,9,0.0027713158633559942,1,0,6,3,3,3,0,2,0,1,1,1
3,43,13,0.0001762656174832955,1,0,6,3,3,1,0,3,0,1,1,1
3,43,14,1.634433283470571e-05,1,0,6,3,3,2,0,3,0,1,1,1
3,43,17,1.927463563333731e-05,1,0,6,3,3,5,0,3,0,1,1,1
3,43,19,2.0274535927455872e-05,1,0,6,3,3,1,0,4,0,1,1,1
3,43,21,0.0003754270146600902,1,0,6,3,3,3,0,4,0,1,1,1
3,43,22,0.004583386238664389,1,0,6,3,3,4,0,4,0,1,1,1
3,43,23,4.173230627202429e-05,1,0,6,3,3,5,0,4,0,1,1,1
3,43,27,0.0007085215765982866,1,0,6,3,3,3,0,5,0,1,1,1
3,43,31,0.01880023255944252,1,0,6,4,3,1,0,1,0,1,1,1
3,43,33,7.23666453268379e-05,1,0,6,4,3,3,0,3,0,1,1,1
3,43,34,0.0006875308463349938,1,0,6,4,3,4,0,4,0,1,1,1
3,43,35,7.182878471212462e-05,1,0,6,4,3,5,0,5,0,1,1,1
3,43,36,0.9269117712974548,1,0,6,5,3,1,0,1,0,2,1,2
3,43,38,0.025637852028012276,1,0,6,5,3,3,0,3,0,2,1,2
3,43,41,0.0003476871643215418,1,1,6,6,3,1,0,0,0,0,1,1
3,43,42,8.881678468242171e-07,1,1,6,6,3,2,0,0,0,0,1,1
3,43,45,4.105291372979991e-05,1,1,6,6,3,5,0,0,0,0,1,1
3,44,0,0.00010456476593390107,1,0,6,1,4,0,0,0,0,2,1,4
3,44,1,0.021690918132662773,1,0,6,3,4,1,0,1,0,1,1,1
3,44,5,0.006288051605224609,1,0,6,3,4,5,0,1,0,1,1,1
3,44,6,0.0023186581674963236,1,0,6,3,4,6,0,1,0,1,1,1
3,44,7,0.016429651528596878,1,0,6,3,4,1,0,2,0,1,1,1
3,44,8,0.004312422126531601,1,0,6,3,4,2,0,2,0,1,1,1
3,44,9,0.005677743349224329,1,0,6,3,4,3,0,2,0,1,1,1
3,44,13,0.02460630238056183,1,0,6,3,4,1,0,3,0,1,1,1
3,44,14,0.00033294662716798484,1,0,6,3,4,2,0,3,0,1,1,1
3,44,17,0.00023524877906311303,1,0,6,3,4,5,0,3,0,1,1,1
3,44,19,0.0012634111335501075,1,0,6,3,4,1,0,4,0,1,1,1
3,44,21,0.0007303470047190785,1,0,6,3,4,3,0,4,0,1,1,1
3,44,22,0.037289950996637344,1,0,6,3,4,4,0,4,0,1,1,1
3,44,23,0.00044859093031845987,1,0,6,3,4,5,0,4,0,1,1,1
3,44,27,0.002438568277284503,1,0,6,3,4,3,0,5,0,1,1,1
3,44,31,0.6493842601776123,1,0,6,4,4,1,0,1,0,1,1,1
3,44,33,0.0014642641181126237,1,0,6,4,4,3,0,3,0,1,1,1
3,44,34,0.072173111140728,1,0,6,4,4,4,0,4,0,1,1,1
3,44,35,0.0007561997626908123,1,0,6,4,4,5,0,5,0,1,1,1
3,44,36,0.13145673274993896,1,0,6,5,4,1,0,1,0,2,1,2
3,44,38,0.007434123195707798,1,0,6,5,4,3,0,3,0,2,1,2
3,44,41,0.013083660043776035,1,1,6,6,4,1,0,0,0,0,1,1
3,44,42,1.0984194886987098e-05,1,1,6,6,4,2,0,0,0,0,1,1
3,44,45,6.926830974407494e-05,1,1,6,6,4,5,0,0,0,0,1,1
3,46,0,1.0860600923479069e-05,1,0,6,1,6,0,0,0,0,2,1,4
3,46,1,0.004699275363236666,1,0,6,3,6,1,0,1,0,1,1,1
3,46,5,0.004584725014865398,1,0,6,3,6,5,0,1,0,1,1,1
3,46,6,0.0002141191653208807,1,0,6,3,6,6,0,1,0,1,1,1
3,46,7,0.0006742625846527517,1,0,6,3,6,1,0,2,0,1,1,1
3,46,8,2.303312976437155e-05,1,0,6,3,6,2,0,2,0,1,1,1
3,46,9,0.00022516943863593042,1,0,6,3,6,3,0,2,0,1,1,1
3,46,13,0.0002896972873713821,1,0,6,3,6,1,0,3,0,1,1,1
3,46,14,4.1721859815879725e-06,1,0,6,3,6,2,0,3,0,1,1,1
3,46,17,3.121679037576541e-05,1,0,6,3,6,5,0,3,0,1,1,1
3,46,19,7.007364911260083e-05,1,0,6,3,6,1,0,4,0,1,1,1
3,46,21,0.00014820969954598695,1,0,6,3,6,3,0,4,0,1,1,1
3,46,22,0.0016991258598864079,1,0,6,3,6,4,0,4,0,1,1,1
3,46,23,3.847245898214169e-05,1,0,6,3,6,5,0,4,0,1,1,1
3,46,27,0.00047271567746065557,1,0,6,3,6,3,0,5,0,1,1,1
3,46,31,0.009579586796462536,1,0,6,4,6,1,0,1,0,1,1,1
3,46,33,4.585337228490971e-05,1,0,6,4,6,3,0,3,0,1,1,1
3,46,34,0.00030241257627494633,1,0,6,4,6,4,0,4,0,1,1,1
3,46,35,0.0002800070506054908,1,0,6,4,6,5,0,5,0,1,1,1
3,46,36,0.9649581909179688,1,0,6,5,6,1,0,1,0,2,1,2
3,46,38,0.008754304610192776,1,0,6,5,6,3,0,3,0,2,1,2
3,46,41,0.0027491706423461437,1,1,6,6,6,1,0,0,0,0,1,1
3,46,42,1.2750759879054385e-06,1,1,6,6,6,2,0,0,0,0,1,1
3,46,45,0.00014519989781547338,1,1,6,6,6,5,0,0,0,0,1,1
3,47,0,0.0007512025185860693,2,0,7,1,0,0,0,0,0,2,4,4
3,47,1,0.03883184865117073,2,0,7,3,0,1,0,1,0,1,4,1
3,47,5,0.019165489822626114,2,0,7,3,0,5,0,1,0,1,4,1
3,47,6,0.0006555769359692931,2,0,7,3,0,6,0,1,0,1,4,1
3,47,7,0.05541996657848358,2,0,7,3,0,1,0,2,0,1,4,1
3,47,8,0.003887548577040434,2,0,7,3,0,2,0,2,0,1,4,1
3,47,9,0.0016974443569779396,2,0,7,3,0,3,0,2,0,1,4,1
3,47,13,0.017521675676107407,2,0,7,3,0,1,0,3,0,1,4,1
3,47,14,0.0003521802427712828,2,0,7,3,0,2,0,3,0,1,4,1
3,47,17,0.003219961654394865,2,0,7,3,0,5,0,3,0,1,4,1
3,47,19,0.0042493464425206184,2,0,7,3,0,1,0,4,0,1,4,1
3,47,21,0.012903411872684956,2,0,7,3,0,3,0,4,0,1,4,1
3,47,22,0.06890880316495895,2,0,7,3,0,4,0,4,0,1,4,1
3,47,23,0.00617697648704052,2,0,7,3,0,5,0,4,0,1,4,1
3,47,27,0.0018438249826431274,2,0,7,3,0,3,0,5,0,1,4,1
3,47,31,0.010322809219360352,2,0,7,4,0,1,0,1,0,1,4,1
3,47,33,0.00011192723468411714,2,0,7,4,0,3,0,3,0,1,4,1
3,47,34,0.010817646980285645,2,0,7,4,0,4,0,4,0,1,4,1
3,47,35,0.0011246685171499848,2,0,7,4,0,5,0,5,0,1,4,1
3,47,36,0.633743405342102,2,0,7,5,0,1,0,1,0,2,4,2
3,47,38,0.09754187613725662,2,0,7,5,0,3,0,3,0,2,4,2
3,47,41,0.007271825801581144,2,1,7,6,0,1,0,0,0,0,4,1
3,47,42,0.0007119744550436735,2,1,7,6,0,2,0,0,0,0,4,1
3,47,45,0.002768947510048747,2,1,7,6,0,5,0,0,0,0,4,1
4,0,1,0.0005302486242726445,0,0,1,3,0,1,0,1,2,1,4,1
4,0,4,0.0006147261592559516,0,0,1,3,0,4,0,1,2,1,4,1
4,0,5,0.00028429931262508035,0,0,1,3,0,5,0,1,2,1,4,1
4,0,6,0.0008334268932230771,0,0,1,3,0,6,0,1,2,1,4,1
4,0,9,0.0027666480746120214,0,0,1,3,0,3,0,2,2,1,4,1
4,0,10,0.0003991975972894579,0,0,1,3,0,4,0,2,2,1,4,1
4,0,12,0.00036764127435162663,0,0,1,3,0,6,0,2,2,1,4,1
4,0,15,0.0006565378280356526,0,0,1,3,0,3,0,3,2,1,4,1
4,0,18,0.0002545872121118009,0,0,1,3,0,6,0,3,2,1,4,1
4,0,21,0.00034944224171340466,0,0,1,3,0,3,0,4,2,1,4,1
4,0,23,0.00025661615654826164,0,0,1,3,0,5,0,4,2,1,4,1
4,0,24,0.00033333071041852236,0,0,1,3,0,6,0,4,2,1,4,1
4,0,25,0.005617174785584211,0,0,1,3,0,1,0,5,2,1,4,1
4,0,28,0.002095345640555024,0,0,1,3,0,4,0,5,2,1,4,1
4,0,30,0.0011191568337380886,0,0,1,3,0,6,0,5,2,1,4,1
4,0,31,0.019356200471520424,0,0,1,4,0,1,0,1,2,1,4,1
4,0,34,0.01109721977263689,0,0,1,4,0,4,0,4,2,1,4,1
4,0,35,0.005341260693967342,0,0,1,4,0,5,0,5,2,1,4,1
4,0,36,0.8051784634590149,0,0,1,5,0,1,0,1,2,2,4,2
4,0,40,0.13913853466510773,0,0,1,5,0,5,0,5,2,2,4,2
4,0,42,0.00048361235531046987,0,1,1,6,0,2,0,0,2,0,4,1
4,0,43,0.0007441226043738425,0,1,1,6,0,3,0,0,2,0,4,1
4,0,46,0.00042260135523974895,0,1,1,6,0,6,0,0,2,0,4,1
4,0,47,0.001759359030984342,0,2,1,7,0,0,0,0,2,0,4,4
4,2,1,0.04818504676222801,0,0,3,3,2,1,1,1,1,1,1,1
4,2,4,0.001076088985428214,0,0,3,3,2,4,1,1,1,1,1,1
4,2,5,0.0014056777581572533,0,0,3,3,2,5,1,1,1,1,1,1
4,2,6,0.007841916754841805,0,0,3,3,2,6,1,1,1,1,1,1
4,2,9,0.7348048090934753,0,0,3,3,2,3,1,2,1,1,1,1
4,2,10,0.012723310850560665,0,0,3,3,2,4,1,2,1,1,1,1
4,2,12,0.020438481122255325,0,0,3,3,2,6,1,2,1,1,1,1
4,2,15,0.007058787625283003,0,0,3,3,2,3,1,3,1,1,1,1
4,2,18,0.00115318619646132,0,0,3,3,2,6,1,3,1,1,1,1
4,2,21,0.009575659409165382,0,0,3,3,2,3,1,4,1,1,1,1
4,2,23,0.006207314319908619,0,0,3,3,2,5,1,4,1,1,1,1
4,2,24,0.0041621094569563866,0,0,3,3,2,6,1,4,1,1,1,1
4,2,25,0.04347170889377594,0,0,3,3,2,1,1,5,1,1,1,1
4,2,28,0.0004927054978907108,0,0,3,3,2,4,1,5,1,1,1,1
4,2,30,0.006615129299461842,0,0,3,3,2,6,1,5,1,1,1,1
4,2,31,0.0340118482708931,0,0,3,4,2,1,1,1,1,1,1,1
4,2,34,0.002051656600087881,0,0,3,4,2,4,1,4,1,1,1,1
4,2,35,0.007854536175727844,0,0,3,4,2,5,1,5,1,1,1,1
4,2,36,0.012025163508951664,0,0,3,5,2,1,1,1,1,2,1,2
4,2,40,0.0011304115178063512,0,0,3,5,2,5,1,5,1,2,1,2
4,2,42,0.005287690553814173,0,1,3,6,2,2,1,0,1,0,1,1
4,2,43,0.029003039002418518,0,1,3,6,2,3,1,0,1,0,1,1
4,2,46,0.0018266511615365744,0,1,3,6,2,6,1,0,1,0,1,1
4,2,47,0.001597066642716527,0,2,3,7,2,0,1,0,1,0,1,4
4,3,1,0.01365096215158701,0,0,3,3,3,1,1,1,1,1,1,1
4,3,4,0.0003243235987611115,0,0,3,3,3,4,1,1,1,1,1,1
4,3,5,0.0001660534180700779,0,0,3,3,3,5,1,1,1,1,1,1
4,3,6,0.003592914203181863,0,0,3,3,3,6,1,1,1,1,1,1
4,3,9,0.8889227509498596,0,0,3,3,3,3,1,2,1,1,1,1
4,3,10,0.00558704137802124,0,0,3,3,3,4,1,2,1,1,1,1
4,3,12,0.02224196493625641,0,0,3,3,3,6,1,2,1,1,1,1
4,3,15,0.002549773547798395,0,0,3,3,3,3,1,3,1,1,1,1
4,3,18,0.0005224864580668509,0,0,3,3,3,6,1,3,1,1,1,1
4,3,21,0.00558736314997077,0,0,3,3,3,3,1,4,1,1,1,1
4,3,23,0.002963383449241519,0,0,3,3,3,5,1,4,1,1,1,1
4,3,24,0.0019694482907652855,0,0,3,3,3,6,1,4,1,1,1,1
4,3,25,0.030608173459768295,0,0,3,3,3,1,1,5,1,1,1,1
4,3,28,0.00016728790069464594,0,0,3,3,3,4,1,5,1,1,1,1
4,3,30,0.004217661451548338,0,0,3,3,3,6,1,5,1,1,1,1
4,3,31,0.00535077229142189,0,0,3,4,3,1,1,1,1,1,1,1
4,3,34,0.0007486327667720616,0,0,3,4,3,4,1,4,1,1,1,1
4,3,35,0.0011899282690137625,0,0,3,4,3,5,1,5,1,1,1,1
4,3,36,0.0025029387325048447,0,0,3,5,3,1,1,1,1,2,1,2
4,3,40,0.0006003549788147211,0,0,3,5,3,5,1,5,1,2,1,2
4,3,42,0.0001403354835929349,0,1,3,6,3,2,1,0,1,0,1,1
4,3,43,0.006158841773867607,0,1,3,6,3,3,1,0,1,0,1,1
4,3,46,0.00018213424482382834,0,1,3,6,3,6,1,0,1,0,1,1
4,3,47,5.4992873629089445e-05,0,2,3,7,3,0,1,0,1,0,1,4
4,7,1,0.01849021390080452,0,0,3,3,1,1,2,1,1,1,1,1
4,7,4,0.0005703174974769354,0,0,3,3,1,4,2,1,1,1,1,1
4,7,5,0.000176896239281632,0,0,3,3,1,5,2,1,1,1,1,1
4,7,6,0.007097644731402397,0,0,3,3,1,6,2,1,1,1,1,1
4,7,9,0.6830244660377502,0,0,3,3,1,3,2,2,1,1,1,1
4,7,10,0.0034868083894252777,0,0,3,3,1,4,2,2,1,1,1,1
4,7,12,0.19603461027145386,0,0,3,3,1,6,2,2,1,1,1,1
4,7,15,0.004086589906364679,0,0,3,3,1,3,2,3,1,1,1,1
4,7,18,0.004097918514162302,0,0,3,3,1,6,2,3,1,1,1,1
4,7,21,0.002656753407791257,0,0,3,3,1,3,2,4,1,1,1,1
4,7,23,0.002897105645388365,0,0,3,3,1,5,2,4,1,1,1,1
4,7,24,0.00671160314232111,0,0,3,3,1,6,2,4,1,1,1,1
4,7,25,0.03378735110163689,0,0,3,3,1,1,2,5,1,1,1,1
4,7,28,0.00018264507525600493,0,0,3,3,1,4,2,5,1,1,1,1
4,7,30,0.031224263831973076,0,0,3,3,1,6,2,5,1,1,1,1
4,7,31,0.0012370271142572165,0,0,3,4,1,1,2,1,1,1,1,1
4,7,34,0.0006438010022975504,0,0,3,4,1,4,2,4,1,1,1,1
4,7,35,0.0006805123994126916,0,0,3,4,1,5,2,5,1,1,1,1
4,7,36,0.0005211153766140342,0,0,3,5,1,1,2,1,1,2,1,2
4,7,40,0.0005114825326018035,0,0,3,5,1,5,2,5,1,2,1,2
4,7,42,8.563414303353056e-05,0,1,3,6,1,2,2,0,1,0,1,1
4,7,43,0.0014583943411707878,0,1,3,6,1,3,2,0,1,0,1,1
4,7,46,0.00032049897708930075,0,1,3,6,1,6,2,0,1,0,1,1
4,7,47,1.602949487278238e-05,0,2,3,7,1,0,2,0,1,0,1,4
4,8,1,0.010986333712935448,0,0,3,3,2,1,2,1,1,1,1,1
4,8,4,0.00039780032238923013,0,0,3,3,2,4,2,1,1,1,1,1
4,8,5,0.0002331783907720819,0,0,3,3,2,5,2,1,1,1,1,1
4,8,6,0.004454202484339476,0,0,3,3,2,6,2,1,1,1,1,1
4,8,9,0.8295902609825134,0,0,3,3,2,3,2,2,1,1,1,1
4,8,10,0.0033743807580322027,0,0,3,3,2,4,2,2,1,1,1,1
4,8,12,0.08518029749393463,0,0,3,3,2,6,2,2,1,1,1,1
4,8,15,0.007525905035436153,0,0,3,3,2,3,2,3,1,1,1,1
4,8,18,0.0034769722260534763,0,0,3,3,2,6,2,3,1,1,1,1
4,8,21,0.003306384664028883,0,0,3,3,2,3,2,4,1,1,1,1
4,8,23,0.001759347040206194,0,0,3,3,2,5,2,4,1,1,1,1
4,8,24,0.00282884668558836,0,0,3,3,2,6,2,4,1,1,1,1
4,8,25,0.026703212410211563,0,0,3,3,2,1,2,5,1,1,1,1
4,8,28,0.00017285806825384498,0,0,3,3,2,4,2,5,1,1,1,1
4,8,30,0.008690732531249523,0,0,3,3,2,6,2,5,1,1,1,1
4,8,31,0.004442249890416861,0,0,3,4,2,1,2,1,1,1,1,1
4,8,34,0.0004037976323161274,0,0,3,4,2,4,2,4,1,1,1,1
4,8,35,0.0022754648234695196,0,0,3,4,2,5,2,5,1,1,1,1
4,8,36,0.0015152054838836193,0,0,3,5,2,1,2,1,1,2,1,2
4,8,40,0.0005519791739061475,0,0,3,5,2,5,2,5,1,2,1,2
4,8,42,5.228670488577336e-05,0,1,3,6,2,2,2,0,1,0,1,1
4,8,43,0.0019154615001752973,0,1,3,6,2,3,2,0,1,0,1,1
4,8,46,0.00013259155093692243,0,1,3,6,2,6,2,0,1,0,1,1
4,8,47,3.0435459848376922e-05,0,2,3,7,2,0,2,0,1,0,1,4
4,11,1,0.001250554108992219,0,0,3,3,5,1,2,1,1,1,1,1
4,11,4,2.9742372134933248e-05,0,0,3,3,5,4,2,1,1,1,1,1
4,11,5,2.6265261112712324e-05,0,0,3,3,5,5,2,1,1,1,1,1
4,11,6,0.0002317235921509564,0,0,3,3,5,6,2,1,1,1,1,1
4,11,9,0.9474464058876038,0,0,3,3,5,3,2,2,1,1,1,1
4,11,10,0.00016070737910922617,0,0,3,3,5,4,2,2,1,1,1,1
4,11,12,0.02535075694322586,0,0,3,3,5,6,2,2,1,1,1,1
4,11,15,0.0024925428442656994,0,0,3,3,5,3,2,3,1,1,1,1
4,11,18,7.680270937271416e-05,0,0,3,3,5,6,2,3,1,1,1,1
4,11,21,0.004386699292808771,0,0,3,3,5,3,2,4,1,1,1,1
4,11,23,0.0014483717968687415,0,0,3,3,5,5,2,4,1,1,1,1
4,11,24,0.0008438728982582688,0,0,3,3,5,6,2,4,1,1,1,1
4,11,25,0.007143200375139713,0,0,3,3,5,1,2,5,1,1,1,1
4,11,28,3.3343387713102857e-06,0,0,3,3,5,4,2,5,1,1,1,1
4,11,30,0.005275184754282236,0,0,3,3,5,6,2,5,1,1,1,1
4,11,31,0.0005915198707953095,0,0,3,4,5,1,2,1,1,1,1,1
4,11,34,0.0004229090118315071,0,0,3,4,5,4,2,4,1,1,1,1
4,11,35,0.0002056205994449556,0,0,3,4,5,5,2,5,1,1,1,1
4,11,36,0.00046583471703343093,0,0,3,5,5,1,2,1,1,2,1,2
4,11,40,0.0010408272501081228,0,0,3,5,5,5,2,5,1,2,1,2
4,11,42,4.815037300431868e-06,0,1,3,6,5,2,2,0,1,0,1,1
4,11,43,0.0010920383501797915,0,1,3,6,5,3,2,0,1,0,1,1
4,11,46,9.002348633657675e-06,0,1,3,6,5,6,2,0,1,0,1,1
4,11,47,1.7388802007189952e-06,0,2,3,7,5,0,2,0,1,0,1,4
4,13,1,0.01387697085738182,0,0,3,3,1,1,3,1,1,1,1,1
4,13,4,0.0005793512682430446,0,0,3,3,1,4,3,1,1,1,1,1
4,13,5,0.0007457362953573465,0,0,3,3,1,5,3,1,1,1,1,1
4,13,6,0.008184547536075115,0,0,3,3,1,6,3,1,1,1,1,1
4,13,9,0.8083786964416504,0,0,3,3,1,3,3,2,1,1,1,1
4,13,10,0.0033218206372112036,0,0,3,3,1,4,3,2,1,1,1,1
4,13,12,0.048708342015743256,0,0,3,3,1,6,3,2,1,1,1,1
4,13,15,0.006191748194396496,0,0,3,3,1,3,3,3,1,1,1,1
4,13,18,0.00358262425288558,0,0,3,3,1,6,3,3,1,1,1,1
4,13,21,0.0031490877736359835,0,0,3,3,1,3,3,4,1,1,1,1
4,13,23,0.007840153761208057,0,0,3,3,1,5,3,4,1,1,1,1
4,13,24,0.007093676831573248,0,0,3,3,1,6,3,4,1,1,1,1
4,13,25,0.016542838886380196,0,0,3,3,1,1,3,5,1,1,1,1
4,13,28,0.0004820576577913016,0,0,3,3,1,4,3,5,1,1,1,1
4,13,30,0.011341726407408714,0,0,3,3,1,6,3,5,1,1,1,1
4,13,31,0.007573201786726713,0,0,3,4,1,1,3,1,1,1,1,1
4,13,34,0.002134722890332341,0,0,3,4,1,4,3,4,1,1,1,1
4,13,35,0.002182676224038005,0,0,3,4,1,5,3,5,1,1,1,1
4,13,36,0.00042963778832927346,0,0,3,5,1,1,3,1,1,2,1,2
4,13,40,0.0009048092761076987,0,0,3,5,1,5,3,5,1,2,1,2
4,13,42,0.003790478687733412,0,1,3,6,1,2,3,0,1,0,1,1
4,13,43,0.04064401239156723,0,1,3,6,1,3,3,0,1,0,1,1
4,13,46,0.0020160721614956856,0,1,3,6,1,6,3,0,1,0,1,1
4,13,47,0.000304677989333868,0,2,3,7,1,0,3,0,1,0,1,4
4,14,1,0.06640294939279556,0,0,3,3,2,1,3,1,1,1,1,1
4,14,4,0.0013354277471080422,0,0,3,3,2,4,3,1,1,1,1,1
4,14,5,0.009917818009853363,0,0,3,3,2,5,3,1,1,1,1,1
4,14,6,0.01570800133049488,0,0,3,3,2,6,3,1,1,1,1,1
4,14,9,0.4752786159515381,0,0,3,3,2,3,3,2,1,1,1,1
4,14,10,0.0037570749409496784,0,0,3,3,2,4,3,2,1,1,1,1
4,14,12,0.05224379152059555,0,0,3,3,2,6,3,2,1,1,1,1
4,14,15,0.04130043834447861,0,0,3,3,2,3,3,3,1,1,1,1
4,14,18,0.009584560990333557,0,0,3,3,2,6,3,3,1,1,1,1
4,14,21,0.026339039206504822,0,0,3,3,2,3,3,4,1,1,1,1
4,14,23,0.038549575954675674,0,0,3,3,2,5,3,4,1,1,1,1
4,14,24,0.012103395536541939,0,0,3,3,2,6,3,4,1,1,1,1
4,14,25,0.047098495066165924,0,0,3,3,2,1,3,5,1,1,1,1
4,14,28,0.0010201808763667941,0,0,3,3,2,4,3,5,1,1,1,1
4,14,30,0.02406908944249153,0,0,3,3,2,6,3,5,1,1,1,1
4,14,31,0.07335807383060455,0,0,3,4,2,1,3,1,1,1,1,1
4,14,34,0.003404836868867278,0,0,3,4,2,4,3,4,1,1,1,1
4,14,35,0.019458061084151268,0,0,3,4,2,5,3,5,1,1,1,1
4,14,36,0.006920643616467714,0,0,3,5,2,1,3,1,1,2,1,2
4,14,40,0.005712334532290697,0,0,3,5,2,5,3,5,1,2,1,2
4,14,42,0.0074393898248672485,0,1,3,6,2,2,3,0,1,0,1,1
4,14,43,0.053544435650110245,0,1,3,6,2,3,3,0,1,0,1,1
4,14,46,0.004097543191164732,0,1,3,6,2,6,3,0,1,0,1,1
4,14,47,0.0013563783140853047,0,2,3,7,2,0,3,0,1,0,1,4
4,16,1,0.0024979133158922195,0,0,3,3,4,1,3,1,1,1,1,1
4,16,4,0.0005659523885697126,0,0,3,3,4,4,3,1,1,1,1,1
4,16,5,0.007861039601266384,0,0,3,3,4,5,3,1,1,1,1,1
4,16,6,0.003116222331300378,0,0,3,3,4,6,3,1,1,1,1,1
4,16,9,0.02059757150709629,0,0,3,3,4,3,3,2,1,1,1,1
4,16,10,0.0013558360515162349,0,0,3,3,4,4,3,2,1,1,1,1
4,16,12,0.00278961262665689,0,0,3,3,4,6,3,2,1,1,1,1
4,16,15,0.0019700597040355206,0,0,3,3,4,3,3,3,1,1,1,1
4,16,18,0.002153867157176137,0,0,3,3,4,6,3,3,1,1,1,1
4,16,21,0.005584804806858301,0,0,3,3,4,3,3,4,1,1,1,1
4,16,23,0.014714688062667847,0,0,3,3,4,5,3,4,1,1,1,1
4,16,24,0.00564994290471077,0,0,3,3,4,6,3,4,1,1,1,1
4,16,25,0.003631981322541833,0,0,3,3,4,1,3,5,1,1,1,1
4,16,28,0.0014992173528298736,0,0,3,3,4,4,3,5,1,1,1,1
4,16,30,0.004263800103217363,0,0,3,3,4,6,3,5,1,1,1,1
4,16,31,0.002263685455545783,0,0,3,4,4,1,3,1,1,1,1,1
4,16,34,0.0009504520567134023,0,0,3,4,4,4,3,4,1,1,1,1
4,16,35,0.0031659461092203856,0,0,3,4,4,5,3,5,1,1,1,1
4,16,36,8.682074985699728e-05,0,0,3,5,4,1,3,1,1,2,1,2
4,16,40,0.000704833772033453,0,0,3,5,4,5,3,5,1,2,1,2
4,16,42,0.32994309067726135,0,1,3,6,4,2,3,0,1,0,1,1
4,16,43,0.47964122891426086,0,1,3,6,4,3,3,0,1,0,1,1
4,16,46,0.09042026102542877,0,1,3,6,4,6,3,0,1,0,1,1
4,16,47,0.01457112468779087,0,2,3,7,4,0,3,0,1,0,1,4
4,17,1,0.01045988779515028,0,0,3,3,5,1,3,1,1,1,1,1
4,17,4,0.0006258319481275976,0,0,3,3,5,4,3,1,1,1,1,1
4,17,5,0.0008064693538472056,0,0,3,3,5,5,3,1,1,1,1,1
4,17,6,0.0036029834300279617,0,0,3,3,5,6,3,1,1,1,1,1
4,17,9,0.8398136496543884,0,0,3,3,5,3,3,2,1,1,1,1
4,17,10,0.003906064899638295,0,0,3,3,5,4,3,2,1,1,1,1
4,17,12,0.014424288645386696,0,0,3,3,5,6,3,2,1,1,1,1
4,17,15,0.0057657212018966675,0,0,3,3,5,3,3,3,1,1,1,1
4,17,18,0.0007026269449852407,0,0,3,3,5,6,3,3,1,1,1,1
4,17,21,0.00828365609049797,0,0,3,3,5,3,3,4,1,1,1,1
4,17,23,0.010717381723225117,0,0,3,3,5,5,3,4,1,1,1,1
4,17,24,0.004699743818491697,0,0,3,3,5,6,3,4,1,1,1,1
4,17,25,0.020162539556622505,0,0,3,3,5,1,3,5,1,1,1,1
4,17,28,0.0004737784620374441,0,0,3,3,5,4,3,5,1,1,1,1
4,17,30,0.005460178479552269,0,0,3,3,5,6,3,5,1,1,1,1
4,17,31,0.010418693535029888,0,0,3,4,5,1,3,1,1,1,1,1
4,17,34,0.002682638354599476,0,0,3,4,5,4,3,4,1,1,1,1
4,17,35,0.0027387370355427265,0,0,3,4,5,5,3,5,1,1,1,1
4,17,36,0.0009610468987375498,0,0,3,5,5,1,3,1,1,2,1,2
4,17,40,0.0009969949023798108,0,0,3,5,5,5,3,5,1,2,1,2
4,17,42,0.005647354293614626,0,1,3,6,5,2,3,0,1,0,1,1
4,17,43,0.04481843486428261,0,1,3,6,5,3,3,0,1,0,1,1
4,17,46,0.0010964785469695926,0,1,3,6,5,6,3,0,1,0,1,1
4,17,47,0.0007346823113039136,0,2,3,7,5,0,3,0,1,0,1,4
4,19,1,0.14482589066028595,0,0,3,3,1,1,4,1,1,1,1,1
4,19,4,0.00528796948492527,0,0,3,3,1,4,4,1,1,1,1,1
4,19,5,0.0015612118877470493,0,0,3,3,1,5,4,1,1,1,1,1
4,19,6,0.08621495217084885,0,0,3,3,1,6,4,1,1,1,1,1
4,19,9,0.2720626890659332,0,0,3,3,1,3,4,2,1,1,1,1
4,19,10,0.038068465888500214,0,0,3,3,1,4,4,2,1,1,1,1
4,19,12,0.13526299595832825,0,0,3,3,1,6,4,2,1,1,1,1
4,19,15,0.005147547926753759,0,0,3,3,1,3,4,3,1,1,1,1
4,19,18,0.011195695959031582,0,0,3,3,1,6,4,3,1,1,1,1
4,19,21,0.00553122628480196,0,0,3,3,1,3,4,4,1,1,1,1
4,19,23,0.017144542187452316,0,0,3,3,1,5,4,4,1,1,1,1
4,19,24,0.029153766110539436,0,0,3,3,1,6,4,4,1,1,1,1
4,19,25,0.10747956484556198,0,0,3,3,1,1,4,5,1,1,1,1
4,19,28,0.0026214325334876776,0,0,3,3,1,4,4,5,1,1,1,1
4,19,30,0.05878855660557747,0,0,3,3,1,6,4,5,1,1,1,1
4,19,31,0.019638540223240852,0,0,3,4,1,1,4,1,1,1,1,1
4,19,34,0.00595783581957221,0,0,3,4,1,4,4,4,1,1,1,1
4,19,35,0.004243146628141403,0,0,3,4,1,5,4,5,1,1,1,1
4,19,36,0.0104332584887743,0,0,3,5,1,1,4,1,1,2,1,2
4,19,40,0.0014059459790587425,0,0,3,5,1,5,4,5,1,2,1,2
4,19,42,0.007996315136551857,0,1,3,6,1,2,4,0,1,0,1,1
4,19,43,0.014427772723138332,0,1,3,6,1,3,4,0,1,0,1,1
4,19,46,0.011957424692809582,0,1,3,6,1,6,4,0,1,0,1,1
4,19,47,0.0035936040803790092,0,2,3,7,1,0,4,0,1,0,1,4
4,20,1,0.004016293212771416,0,0,3,3,2,1,4,1,1,1,1,1
4,20,4,6.966541695874184e-05,0,0,3,3,2,4,4,1,1,1,1,1
4,20,5,1.8647999240783975e-05,0,0,3,3,2,5,4,1,1,1,1,1
4,20,6,0.0010663277935236692,0,0,3,3,2,6,4,1,1,1,1,1
4,20,9,0.9447022080421448,0,0,3,3,2,3,4,2,1,1,1,1
4,20,10,0.0015853344229981303,0,0,3,3,2,4,4,2,1,1,1,1
4,20,12,0.006486211437731981,0,0,3,3,2,6,4,2,1,1,1,1
4,20,15,0.0013738450361415744,0,0,3,3,2,3,4,3,1,1,1,1
4,20,18,0.00021935379481874406,0,0,3,3,2,6,4,3,1,1,1,1
4,20,21,0.0006805776502005756,0,0,3,3,2,3,4,4,1,1,1,1
4,20,23,0.0002718140895012766,0,0,3,3,2,5,4,4,1,1,1,1
4,20,24,0.000255406805081293,0,0,3,3,2,6,4,4,1,1,1,1
4,20,25,0.02140066586434841,0,0,3,3,2,1,4,5,1,1,1,1
4,20,28,9.208925621351227e-05,0,0,3,3,2,4,4,5,1,1,1,1
4,20,30,0.000707286293618381,0,0,3,3,2,6,4,5,1,1,1,1
4,20,31,0.00847358163446188,0,0,3,4,2,1,4,1,1,1,1,1
4,20,34,0.00022391339007299393,0,0,3,4,2,4,4,4,1,1,1,1
4,20,35,0.0013358088908717036,0,0,3,4,2,5,4,5,1,1,1,1
4,20,36,0.006083603482693434,0,0,3,5,2,1,4,1,1,2,1,2
4,20,40,0.0002788727870211005,0,0,3,5,2,5,4,5,1,2,1,2
4,20,42,8.210426130972337e-06,0,1,3,6,2,2,4,0,1,0,1,1
4,20,43,0.0006314400816336274,0,1,3,6,2,3,4,0,1,0,1,1
4,20,46,1.2705618246400263e-05,0,1,3,6,2,6,4,0,1,0,1,1
4,20,47,6.570019650098402e-06,0,2,3,7,2,0,4,0,1,0,1,4
4,22,1,0.027295010164380074,0,0,3,3,4,1,4,1,1,1,1,1
4,22,4,0.000918240868486464,0,0,3,3,4,4,4,1,1,1,1,1
4,22,5,0.0012889971258118749,0,0,3,3,4,5,4,1,1,1,1,1
4,22,6,0.006970934569835663,0,0,3,3,4,6,4,1,1,1,1,1
4,22,9,0.7216289043426514,0,0,3,3,4,3,4,2,1,1,1,1
4,22,10,0.010012098588049412,0,0,3,3,4,4,4,2,1,1,1,1
4,22,12,0.026240816339850426,0,0,3,3,4,6,4,2,1,1,1,1
4,22,15,0.006223774515092373,0,0,3,3,4,3,4,3,1,1,1,1
4,22,18,0.000653624243568629,0,0,3,3,4,6,4,3,1,1,1,1
4,22,21,0.03437357395887375,0,0,3,3,4,3,4,4,1,1,1,1
4,22,23,0.013951899483799934,0,0,3,3,4,5,4,4,1,1,1,1
4,22,24,0.008567877113819122,0,0,3,3,4,6,4,4,1,1,1,1
4,22,25,0.05055904760956764,0,0,3,3,4,1,4,5,1,1,1,1
4,22,28,0.0004431417619343847,0,0,3,3,4,4,4,5,1,1,1,1
4,22,30,0.011142895556986332,0,0,3,3,4,6,4,5,1,1,1,1
4,22,31,0.015834227204322815,0,0,3,4,4,1,4,1,1,1,1,1
4,22,34,0.0025902383495122194,0,0,3,4,4,4,4,4,1,1,1,1
4,22,35,0.006697189062833786,0,0,3,4,4,5,4,5,1,1,1,1
4,22,36,0.005861559417098761,0,0,3,5,4,1,4,1,1,2,1,2
4,22,40,0.001682406640611589,0,0,3,5,4,5,4,5,1,2,1,2
4,22,42,0.001550235552713275,0,1,3,6,4,2,4,0,1,0,1,1
4,22,43,0.04234647750854492,0,1,3,6,4,3,4,0,1,0,1,1
4,22,46,0.0027729610446840525,0,1,3,6,4,6,4,0,1,0,1,1
4,22,47,0.000393889204133302,0,2,3,7,4,0,4,0,1,0,1,4
4,26,1,0.008517961949110031,0,0,3,3,2,1,5,1,1,1,1,1
4,26,4,9.508406947134063e-05,0,0,3,3,2,4,5,1,1,1,1,1
4,26,5,0.00023908066214062274,0,0,3,3,2,5,5,1,1,1,1,1
4,26,6,0.00397734297439456,0,0,3,3,2,6,5,1,1,1,1,1
4,26,9,0.8563889265060425,0,0,3,3,2,3,5,2,1,1,1,1
4,26,10,0.0008644462795928121,0,0,3,3,2,4,5,2,1,1,1,1
4,26,12,0.01527196541428566,0,0,3,3,2,6,5,2,1,1,1,1
4,26,15,0.008442006073892117,0,0,3,3,2,3,5,3,1,1,1,1
4,26,18,0.0018930488731712103,0,0,3,3,2,6,5,3,1,1,1,1
4,26,21,0.0031595530454069376,0,0,3,3,2,3,5,4,1,1,1,1
4,26,23,0.005353660322725773,0,0,3,3,2,5,5,4,1,1,1,1
4,26,24,0.002353548537939787,0,0,3,3,2,6,5,4,1,1,1,1
4,26,25,0.02468995563685894,0,0,3,3,2,1,5,5,1,1,1,1
4,26,28,0.00033160363091155887,0,0,3,3,2,4,5,5,1,1,1,1
4,26,30,0.005476279649883509,0,0,3,3,2,6,5,5,1,1,1,1
4,26,31,0.019642796367406845,0,0,3,4,2,1,5,1,1,1,1,1
4,26,34,0.0017440738156437874,0,0,3,4,2,4,5,4,1,1,1,1
4,26,35,0.0061220647767186165,0,0,3,4,2,5,5,5,1,1,1,1
4,26,36,0.0027041377034038305,0,0,3,5,2,1,5,1,1,2,1,2
4,26,40,0.0007058207993395627,0,0,3,5,2,5,5,5,1,2,1,2
4,26,42,0.0010518962517380714,0,1,3,6,2,2,5,0,1,0,1,1
4,26,43,0.029238101094961166,0,1,3,6,2,3,5,0,1,0,1,1
4,26,46,0.0016712895594537258,0,1,3,6,2,6,5,0,1,0,1,1
4,26,47,6.523999036289752e-05,0,2,3,7,2,0,5,0,1,0,1,4
4,27,1,0.005393526051193476,0,0,3,3,3,1,5,1,1,1,1,1
4,27,4,0.00023842019436415285,0,0,3,3,3,4,5,1,1,1,1,1
4,27,5,0.0005196150741539896,0,0,3,3,3,5,5,1,1,1,1,1
4,27,6,0.001351303537376225,0,0,3,3,3,6,5,1,1,1,1,1
4,27,9,0.8914752006530762,0,0,3,3,3,3,5,2,1,1,1,1
4,27,10,0.0010244656587019563,0,0,3,3,3,4,5,2,1,1,1,1
4,27,12,0.023383596912026405,0,0,3,3,3,6,5,2,1,1,1,1
4,27,15,0.008765261620283127,0,0,3,3,3,3,5,3,1,1,1,1
4,27,18,0.00034707761369645596,0,0,3,3,3,6,5,3,1,1,1,1
4,27,21,0.01373395137488842,0,0,3,3,3,3,5,4,1,1,1,1
4,27,23,0.008294745348393917,0,0,3,3,3,5,5,4,1,1,1,1
4,27,24,0.0026333024725317955,0,0,3,3,3,6,5,4,1,1,1,1
4,27,25,0.017888283357024193,0,0,3,3,3,1,5,5,1,1,1,1
4,27,28,0.00011761021596612409,0,0,3,3,3,4,5,5,1,1,1,1
4,27,30,0.008015172556042671,0,0,3,3,3,6,5,5,1,1,1,1
4,27,31,0.0018999100429937243,0,0,3,4,3,1,5,1,1,1,1,1
4,27,34,0.0010575572960078716,0,0,3,4,3,4,5,4,1,1,1,1
4,27,35,0.000895171775482595,0,0,3,4,3,5,5,5,1,1,1,1
4,27,36,0.0011346692917868495,0,0,3,5,3,1,5,1,1,2,1,2
4,27,40,0.006633655168116093,0,0,3,5,3,5,5,5,1,2,1,2
4,27,42,0.00014289589307736605,0,1,3,6,3,2,5,0,1,0,1,1
4,27,43,0.0049361796118319035,0,1,3,6,3,3,5,0,1,0,1,1
4,27,46,9.571370901539922e-05,0,1,3,6,3,6,5,0,1,0,1,1
4,27,47,2.2944421289139427e-05,0,2,3,7,3,0,5,0,1,0,1,4
4,29,1,0.0016560773365199566,0,0,3,3,5,1,5,1,1,1,1,1
4,29,4,1.3265897905512247e-05,0,0,3,3,5,4,5,1,1,1,1,1
4,29,5,2.661902726686094e-05,0,0,3,3,5,5,5,1,1,1,1,1
4,29,6,0.00029620874556712806,0,0,3,3,5,6,5,1,1,1,1,1
4,29,9,0.977118730545044,0,0,3,3,5,3,5,2,1,1,1,1
4,29,10,0.00018153106793761253,0,0,3,3,5,4,5,2,1,1,1,1
4,29,12,0.005625080782920122,0,0,3,3,5,6,5,2,1,1,1,1
4,29,15,0.0030278118792921305,0,0,3,3,5,3,5,3,1,1,1,1
4,29,18,6.683971878373995e-05,0,0,3,3,5,6,5,3,1,1,1,1
4,29,21,0.0013029157416895032,0,0,3,3,5,3,5,4,1,1,1,1
4,29,23,0.0015041520819067955,0,0,3,3,5,5,5,4,1,1,1,1
4,29,24,0.00032622681464999914,0,0,3,3,5,6,5,4,1,1,1,1
4,29,25,0.0022285492159426212,0,0,3,3,5,1,5,5,1,1,1,1
4,29,28,4.832827926293248e-06,0,0,3,3,5,4,5,5,1,1,1,1
4,29,30,0.0008355426252819598,0,0,3,3,5,6,5,5,1,1,1,1
4,29,31,0.001139006926678121,0,0,3,4,5,1,5,1,1,1,1,1
4,29,34,0.00037718360545113683,0,0,3,4,5,4,5,4,1,1,1,1
4,29,35,0.00015765814168844372,0,0,3,4,5,5,5,5,1,1,1,1
4,29,36,0.00023981041158549488,0,0,3,5,5,1,5,1,1,2,1,2
4,29,40,0.0003229533031117171,0,0,3,5,5,5,5,5,1,2,1,2
4,29,42,3.8934522308409214e-05,0,1,3,6,5,2,5,0,1,0,1,1
4,29,43,0.0034916577860713005,0,1,3,6,5,3,5,0,1,0,1,1
4,29,46,1.4036300854058936e-05,0,1,3,6,5,6,5,0,1,0,1,1
4,29,47,4.335290213930421e-06,0,2,3,7,5,0,5,0,1,0,1,4
4,32,1,0.03521369770169258,0,0,4,3,2,1,2,1,1,1,1,1
4,32,4,0.001766208210028708,0,0,4,3,2,4,2,1,1,1,1,1
4,32,5,0.005959795787930489,0,0,4,3,2,5,2,1,1,1,1,1
4,32,6,0.018834823742508888,0,0,4,3,2,6,2,1,1,1,1,1
4,32,9,0.21049197018146515,0,0,4,3,2,3,2,2,1,1,1,1
4,32,10,0.00417851097881794,0,0,4,3,2,4,2,2,1,1,1,1
4,32,12,0.12362423539161682,0,0,4,3,2,6,2,2,1,1,1,1
4,32,15,0.009703385643661022,0,0,4,3,2,3,2,3,1,1,1,1
4,32,18,0.024077042937278748,0,0,4,3,2,6,2,3,1,1,1,1
4,32,21,0.03220685198903084,0,0,4,3,2,3,2,4,1,1,1,1
4,32,23,0.030111370608210564,0,0,4,3,2,5,2,4,1,1,1,1
4,32,24,0.025049278512597084,0,0,4,3,2,6,2,4,1,1,1,1
4,32,25,0.1307305246591568,0,0,4,3,2,1,2,5,1,1,1,1
4,32,28,0.0013345822226256132,0,0,4,3,2,4,2,5,1,1,1,1
4,32,30,0.1380288451910019,0,0,4,3,2,6,2,5,1,1,1,1
4,32,31,0.017252778634428978,0,0,4,4,2,1,2,1,1,1,1,1
4,32,34,0.0022694163490086794,0,0,4,4,2,4,2,4,1,1,1,1
4,32,35,0.014262095093727112,0,0,4,4,2,5,2,5,1,1,1,1
4,32,36,0.006209897808730602,0,0,4,5,2,1,2,1,1,2,1,2
4,32,40,0.006076107732951641,0,0,4,5,2,5,2,5,1,2,1,2
4,32,42,0.010064397007226944,0,1,4,6,2,2,2,0,1,0,1,1
4,32,43,0.10850589722394943,0,1,4,6,2,3,2,0,1,0,1,1
4,32,46,0.04107050970196724,0,1,4,6,2,6,2,0,1,0,1,1
4,32,47,0.0029777123127132654,0,2,4,7,2,0,2,0,1,0,1,4
4,33,1,0.03445442020893097,0,0,4,3,3,1,3,1,1,1,1,1
4,33,4,0.002356278710067272,0,0,4,3,3,4,3,1,1,1,1,1
4,33,5,0.013293554075062275,0,0,4,3,3,5,3,1,1,1,1,1
4,33,6,0.02230503410100937,0,0,4,3,3,6,3,1,1,1,1,1
4,33,9,0.09802457690238953,0,0,4,3,3,3,3,2,1,1,1,1
4,33,10,0.0037322835996747017,0,0,4,3,3,4,3,2,1,1,1,1
4,33,12,0.07917891442775726,0,0,4,3,3,6,3,2,1,1,1,1
4,33,15,0.010513665154576302,0,0,4,3,3,3,3,3,1,1,1,1
4,33,18,0.0137100201100111,0,0,4,3,3,6,3,3,1,1,1,1
4,33,21,0.03589247912168503,0,0,4,3,3,3,3,4,1,1,1,1
4,33,23,0.11448396742343903,0,0,4,3,3,5,3,4,1,1,1,1
4,33,24,0.042359963059425354,0,0,4,3,3,6,3,4,1,1,1,1
4,33,25,0.04150428995490074,0,0,4,3,3,1,3,5,1,1,1,1
4,33,28,0.0008893903577700257,0,0,4,3,3,4,3,5,1,1,1,1
4,33,30,0.10990281403064728,0,0,4,3,3,6,3,5,1,1,1,1
4,33,31,0.01118289865553379,0,0,4,4,3,1,3,1,1,1,1,1
4,33,34,0.00307578407227993,0,0,4,4,3,4,3,4,1,1,1,1
4,33,35,0.004066961817443371,0,0,4,4,3,5,3,5,1,1,1,1
4,33,36,0.0011180146830156446,0,0,4,5,3,1,3,1,1,2,1,2
4,33,40,0.005320441443473101,0,0,4,5,3,5,3,5,1,2,1,2
4,33,42,0.07759879529476166,0,1,4,6,3,2,3,0,1,0,1,1
4,33,43,0.2122950702905655,0,1,4,6,3,3,3,0,1,0,1,1
4,33,46,0.04413478076457977,0,1,4,6,3,6,3,0,1,0,1,1
4,33,47,0.018605338409543037,0,2,4,7,3,0,3,0,1,0,1,4
4,37,1,0.009822188876569271,0,0,5,3,2,1,2,1,2,1,2,1
4,37,4,0.0004669141198974103,0,0,5,3,2,4,2,1,2,1,2,1
4,37,5,0.0002710320404730737,0,0,5,3,2,5,2,1,2,1,2,1
4,37,6,0.0007800636230967939,0,0,5,3,2,6,2,1,2,1,2,1
4,37,9,0.0006818562978878617,0,0,5,3,2,3,2,2,2,1,2,1
4,37,10,0.0006742550176568329,0,0,5,3,2,4,2,2,2,1,2,1
4,37,12,0.0005658070440404117,0,0,5,3,2,6,2,2,2,1,2,1
4,37,15,0.00016134958423208445,0,0,5,3,2,3,2,3,2,1,2,1
4,37,18,0.00012466221232898533,0,0,5,3,2,6,2,3,2,1,2,1
4,37,21,0.0002190543746110052,0,0,5,3,2,3,2,4,2,1,2,1
4,37,23,0.00013565314293373376,0,0,5,3,2,5,2,4,2,1,2,1
4,37,24,0.00015601767518091947,0,0,5,3,2,6,2,4,2,1,2,1
4,37,25,0.006021284032613039,0,0,5,3,2,1,2,5,2,1,2,1
4,37,28,0.00011525133595569059,0,0,5,3,2,4,2,5,2,1,2,1
4,37,30,0.002090043155476451,0,0,5,3,2,6,2,5,2,1,2,1
4,37,31,0.009215512312948704,0,0,5,4,2,1,2,1,2,1,2,1
4,37,34,0.00040678735240362585,0,0,5,4,2,4,2,4,2,1,2,1
4,37,35,0.00046305160503834486,0,0,5,4,2,5,2,5,2,1,2,1
4,37,36,0.9224740266799927,0,0,5,5,2,1,2,1,2,2,2,2
4,37,40,0.04337548837065697,0,0,5,5,2,5,2,5,2,2,2,2
4,37,42,0.00037097951280884445,0,1,5,6,2,2,2,0,2,0,2,1
4,37,43,0.00010183487029280514,0,1,5,6,2,3,2,0,2,0,2,1
4,37,46,0.00018225547682959586,0,1,5,6,2,6,2,0,2,0,2,1
4,37,47,0.0011242579203099012,0,2,5,7,2,0,2,0,2,0,2,4
4,38,1,0.0021057622507214546,0,0,5,3,3,1,3,1,2,1,2,1
4,38,4,0.00017763511277735233,0,0,5,3,3,4,3,1,2,1,2,1
4,38,5,0.004533441737294197,0,0,5,3,3,5,3,1,2,1,2,1
4,38,6,6.480601587099954e-05,0,0,5,3,3,6,3,1,2,1,2,1
4,38,9,1.6896163288038224e-05,0,0,5,3,3,3,3,2,2,1,2,1
4,38,10,4.7408197133336216e-05,0,0,5,3,3,4,3,2,2,1,2,1
4,38,12,2.94937526632566e-05,0,0,5,3,3,6,3,2,2,1,2,1
4,38,15,7.186075526988134e-05,0,0,5,3,3,3,3,3,2,1,2,1
4,38,18,6.195250080054393e-06,0,0,5,3,3,6,3,3,2,1,2,1
4,38,21,0.0015314103802666068,0,0,5,3,3,3,3,4,2,1,2,1
4,38,23,0.0004856880404986441,0,0,5,3,3,5,3,4,2,1,2,1
4,38,24,6.574606231879443e-05,0,0,5,3,3,6,3,4,2,1,2,1
4,38,25,0.00042428969754837453,0,0,5,3,3,1,3,5,2,1,2,1
4,38,28,1.0038751497631893e-05,0,0,5,3,3,4,3,5,2,1,2,1
4,38,30,0.0008496253867633641,0,0,5,3,3,6,3,5,2,1,2,1
4,38,31,0.0018137198640033603,0,0,5,4,3,1,3,1,2,1,2,1
4,38,34,0.00029822741635143757,0,0,5,4,3,4,3,4,2,1,2,1
4,38,35,0.00012738707300741225,0,0,5,4,3,5,3,5,2,1,2,1
4,38,36,0.39241915941238403,0,0,5,5,3,1,3,1,2,2,2,2
4,38,40,0.5874175429344177,0,0,5,5,3,5,3,5,2,2,2,2
4,38,42,0.0020003009121865034,0,1,5,6,3,2,3,0,2,0,2,1
4,38,43,0.00040521728806197643,0,1,5,6,3,3,3,0,2,0,2,1
4,38,46,0.00028375559486448765,0,1,5,6,3,6,3,0,2,0,2,1
4,38,47,0.004814602434635162,0,2,5,7,3,0,3,0,2,0,2,4
4,39,1,0.0015736081404611468,0,0,5,3,4,1,4,1,2,1,2,1
4,39,4,7.319072028622031e-05,0,0,5,3,4,4,4,1,2,1,2,1
4,39,5,0.0002473282511346042,0,0,5,3,4,5,4,1,2,1,2,1
4,39,6,0.0001322284952038899,0,0,5,3,4,6,4,1,2,1,2,1
4,39,9,0.00011062745761591941,0,0,5,3,4,3,4,2,2,1,2,1
4,39,10,0.00017180068243760616,0,0,5,3,4,4,4,2,2,1,2,1
4,39,12,4.2863506678259e-05,0,0,5,3,4,6,4,2,2,1,2,1
4,39,15,1.4724647371622268e-05,0,0,5,3,4,3,4,3,2,1,2,1
4,39,18,8.069845534919295e-06,0,0,5,3,4,6,4,3,2,1,2,1
4,39,21,0.00041489553404971957,0,0,5,3,4,3,4,4,2,1,2,1
4,39,23,0.00011554703814908862,0,0,5,3,4,5,4,4,2,1,2,1
4,39,24,5.551535650738515e-05,0,0,5,3,4,6,4,4,2,1,2,1
4,39,25,0.002302660373970866,0,0,5,3,4,1,4,5,2,1,2,1
4,39,28,2.655581738508772e-05,0,0,5,3,4,4,4,5,2,1,2,1
4,39,30,0.0009261258528567851,0,0,5,3,4,6,4,5,2,1,2,1
4,39,31,0.0034136094618588686,0,0,5,4,4,1,4,1,2,1,2,1
4,39,34,0.00013695310917682946,0,0,5,4,4,4,4,4,2,1,2,1
4,39,35,0.00020788000256288797,0,0,5,4,4,5,4,5,2,1,2,1
4,39,36,0.8631086349487305,0,0,5,5,4,1,4,1,2,2,2,2
4,39,40,0.11700019240379333,0,0,5,5,4,5,4,5,2,2,2,2
4,39,42,0.0027320291846990585,0,1,5,6,4,2,4,0,2,0,2,1
4,39,43,0.0018448448972776532,0,1,5,6,4,3,4,0,2,0,2,1
4,39,46,0.0017904113046824932,0,1,5,6,4,6,4,0,2,0,2,1
4,39,47,0.003549184650182724,0,2,5,7,4,0,4,0,2,0,2,4
4,41,1,0.00011137494584545493,1,0,6,3,1,1,0,1,0,1,1,1
4,41,4,7.565299893030897e-05,1,0,6,3,1,4,0,1,0,1,1,1
4,41,5,2.0659201709349873e-06,1,0,6,3,1,5,0,1,0,1,1,1
4,41,6,0.0002173648972529918,1,0,6,3,1,6,0,1,0,1,1,1
4,41,9,0.9783533215522766,1,0,6,3,1,3,0,2,0,1,1,1
4,41,10,0.00298490421846509,1,0,6,3,1,4,0,2,0,1,1,1
4,41,12,0.012546807527542114,1,0,6,3,1,6,0,2,0,1,1,1
4,41,15,0.0011893539922311902,1,0,6,3,1,3,0,3,0,1,1,1
4,41,18,0.0002841425593942404,1,0,6,3,1,6,0,3,0,1,1,1
4,41,21,0.0009148960234597325,1,0,6,3,1,3,0,4,0,1,1,1
4,41,23,0.00014283381460700184,1,0,6,3,1,5,0,4,0,1,1,1
4,41,24,0.0005465132417157292,1,0,6,3,1,6,0,4,0,1,1,1
4,41,25,0.001418862957507372,1,0,6,3,1,1,0,5,0,1,1,1
4,41,28,6.260353256948292e-05,1,0,6,3,1,4,0,5,0,1,1,1
4,41,30,0.00020726738148368895,1,0,6,3,1,6,0,5,0,1,1,1
4,41,31,6.635354657191783e-05,1,0,6,4,1,1,0,1,0,1,1,1
4,41,34,0.00010835667490027845,1,0,6,4,1,4,0,4,0,1,1,1
4,41,35,0.0002206289500463754,1,0,6,4,1,5,0,5,0,1,1,1
4,41,36,3.171110620314721e-06,1,0,6,5,1,1,0,1,0,2,1,2
4,41,40,1.1603286793615553e-06,1,0,6,5,1,5,0,5,0,2,1,2
4,41,42,8.571999501327809e-07,1,1,6,6,1,2,0,0,0,0,1,1
4,41,43,0.000532386009581387,1,1,6,6,1,3,0,0,0,0,1,1
4,41,46,7.93947128840955e-06,1,1,6,6,1,6,0,0,0,0,1,1
4,41,47,6.258658800106787e-07,1,2,6,7,1,0,0,0,0,0,1,4
4,44,1,1.6495388990733773e-05,1,0,6,3,4,1,0,1,0,1,1,1
4,44,4,3.47886816598475e-05,1,0,6,3,4,4,0,1,0,1,1,1
4,44,5,3.4170982416981133e-06,1,0,6,3,4,5,0,1,0,1,1,1
4,44,6,3.386002572369762e-05,1,0,6,3,4,6,0,1,0,1,1,1
4,44,9,0.9776517748832703,1,0,6,3,4,3,0,2,0,1,1,1
4,44,10,0.0013037259923294187,1,0,6,3,4,4,0,2,0,1,1,1
4,44,12,0.004437742289155722,1,0,6,3,4,6,0,2,0,1,1,1
4,44,15,0.0011664393823593855,1,0,6,3,4,3,0,3,0,1,1,1
4,44,18,0.00010266700701322407,1,0,6,3,4,6,0,3,0,1,1,1
4,44,21,0.009040458127856255,1,0,6,3,4,3,0,4,0,1,1,1
4,44,23,0.0002681268088053912,1,0,6,3,4,5,0,4,0,1,1,1
4,44,24,0.0003283435944467783,1,0,6,3,4,6,0,4,0,1,1,1
4,44,25,0.002058940939605236,1,0,6,3,4,1,0,5,0,1,1,1
4,44,28,5.825964763062075e-05,1,0,6,3,4,4,0,5,0,1,1,1
4,44,30,0.0002048299793386832,1,0,6,3,4,6,0,5,0,1,1,1
4,44,31,1.8279491996509023e-05,1,0,6,4,4,1,0,1,0,1,1,1
4,44,34,3.133127756882459e-05,1,0,6,4,4,4,0,4,0,1,1,1
4,44,35,0.00023943555424921215,1,0,6,4,4,5,0,5,0,1,1,1
4,44,36,2.291236114615458e-06,1,0,6,5,4,1,0,1,0,2,1,2
4,44,40,6.785608547943411e-06,1,0,6,5,4,5,0,5,0,2,1,2
4,44,42,8.2865733475046e-07,1,1,6,6,4,2,0,0,0,0,1,1
4,44,43,0.002977947238832712,1,1,6,6,4,3,0,0,0,0,1,1
4,44,46,1.2594917279784568e-05,1,1,6,6,4,6,0,0,0,0,1,1
4,44,47,6.51452864985913e-07,1,2,6,7,4,0,0,0,0,0,1,4
4,45,1,2.744740959315095e-05,1,0,6,3,5,1,0,1,0,1,1,1
4,45,4,2.0121266061323695e-05,1,0,6,3,5,4,0,1,0,1,1,1
4,45,5,5.179159074941708e-07,1,0,6,3,5,5,0,1,0,1,1,1
4,45,6,4.654589429264888e-05,1,0,6,3,5,6,0,1,0,1,1,1
4,45,9,0.9936662912368774,1,0,6,3,5,3,0,2,0,1,1,1
4,45,10,0.0011165236355736852,1,0,6,3,5,4,0,2,0,1,1,1
4,45,12,0.00252179685048759,1,0,6,3,5,6,0,2,0,1,1,1
4,45,15,0.0006582281785085797,1,0,6,3,5,3,0,3,0,1,1,1
4,45,18,8.909821917768568e-05,1,0,6,3,5,6,0,3,0,1,1,1
4,45,21,0.0004870644479524344,1,0,6,3,5,3,0,4,0,1,1,1
4,45,23,7.747465133434162e-05,1,0,6,3,5,5,0,4,0,1,1,1
4,45,24,0.00010283802112098783,1,0,6,3,5,6,0,4,0,1,1,1
4,45,25,0.0006866724579595029,1,0,6,3,5,1,0,5,0,1,1,1
4,45,28,2.9173306757002138e-05,1,0,6,3,5,4,0,5,0,1,1,1
4,45,30,3.399479464860633e-05,1,0,6,3,5,6,0,5,0,1,1,1
4,45,31,3.248095526942052e-05,1,0,6,4,5,1,0,1,0,1,1,1
4,45,34,2.5868155717034824e-05,1,0,6,4,5,4,0,4,0,1,1,1
4,45,35,6.8481414928101e-05,1,0,6,4,5,5,0,5,0,1,1,1
4,45,36,7.133365897971089e-07,1,0,6,5,5,1,0,1,0,2,1,2
4,45,40,2.796088267587038e-07,1,0,6,5,5,5,0,5,0,2,1,2
4,45,42,3.1241984288499225e-07,1,1,6,6,5,2,0,0,0,0,1,1
4,45,43,0.0003070026286877692,1,1,6,6,5,3,0,0,0,0,1,1
4,45,46,8.438758527518075e-07,1,1,6,6,5,6,0,0,0,0,1,1
4,45,47,3.426747241519479e-07,1,2,6,7,5,0,0,0,0,0,1,4
5,1,0,0.04527943208813667,0,0,3,1,1,0,1,0,1,2,1,4
5,1,2,0.00025542822550050914,0,0,3,3,1,2,1,1,1,1,1,1
5,1,3,0.00011968534090556204,0,0,3,3,1,3,1,1,1,1,1,1
5,1,7,0.00026981093105860054,0,0,3,3,1,1,1,2,1,1,1,1
5,1,8,0.00033885729499161243,0,0,3,3,1,2,1,2,1,1,1,1
5,1,11,0.0009775568032637239,0,0,3,3,1,5,1,2,1,1,1,1
5,1,13,1.8504224499338306e-05,0,0,3,3,1,1,1,3,1,1,1,1
5,1,14,4.668875044444576e-05,0,0,3,3,1,2,1,3,1,1,1,1
5,1,16,0.0009491826058365405,0,0,3,3,1,4,1,3,1,1,1,1
5,1,17,2.3572663849336095e-05,0,0,3,3,1,5,1,3,1,1,1,1
5,1,19,0.0005489532486535609,0,0,3,3,1,1,1,4,1,1,1,1
5,1,20,0.00031651832978241146,0,0,3,3,1,2,1,4,1,1,1,1
5,1,22,0.0029159672558307648,0,0,3,3,1,4,1,4,1,1,1,1
5,1,26,0.0024511273950338364,0,0,3,3,1,2,1,5,1,1,1,1
5,1,27,0.0007981559028849006,0,0,3,3,1,3,1,5,1,1,1,1
5,1,29,0.0003745907742995769,0,0,3,3,1,5,1,5,1,1,1,1
5,1,32,0.0026062398683279753,0,0,3,4,1,2,1,2,1,1,1,1
5,1,33,0.0009204007801599801,0,0,3,4,1,3,1,3,1,1,1,1
5,1,37,0.00031622365349903703,0,0,3,5,1,2,1,2,1,2,1,2
5,1,38,0.00010083927918458357,0,0,3,5,1,3,1,3,1,2,1,2
5,1,39,0.0003639782371465117,0,0,3,5,1,4,1,4,1,2,1,2
5,1,41,0.17249728739261627,0,1,3,6,1,1,1,0,1,0,1,1
5,1,44,0.6598905920982361,0,1,3,6,1,4,1,0,1,0,1,1
5,1,45,0.10761971771717072,0,1,3,6,1,5,1,0,1,0,1,1
5,4,0,8.093907672446221e-05,0,0,3,1,4,0,1,0,1,2,1,4
5,4,2,4.512634177444852e-07,0,0,3,3,4,2,1,1,1,1,1,1
5,4,3,9.873191686438076e-08,0,0,3,3,4,3,1,1,1,1,1,1
5,4,7,5.455110567709198e-07,0,0,3,3,4,1,1,2,1,1,1,1
5,4,8,2.91104271354925e-07,0,0,3,3,4,2,1,2,1,1,1,1
5,4,11,2.0710085664177313e-06,0,0,3,3,4,5,1,2,1,1,1,1
5,4,13,1.0279727291617746e-07,0,0,3,3,4,1,1,3,1,1,1,1
5,4,14,6.583231879631057e-07,0,0,3,3,4,2,1,3,1,1,1,1
5,4,16,4.9952166591538116e-05,0,0,3,3,4,4,1,3,1,1,1,1
5,4,17,2.5465240582889237e-07,0,0,3,3,4,5,1,3,1,1,1,1
5,4,19,8.364896530110855e-06,0,0,3,3,4,1,1,4,1,1,1,1
5,4,20,6.772630172235949e-07,0,0,3,3,4,2,1,4,1,1,1,1
5,4,22,4.734619869850576e-05,0,0,3,3,4,4,1,4,1,1,1,1
5,4,26,8.450362656731158e-06,0,0,3,3,4,2,1,5,1,1,1,1
5,4,27,3.192591066181194e-06,0,0,3,3,4,3,1,5,1,1,1,1
5,4,29,2.7915416467294563e-06,0,0,3,3,4,5,1,5,1,1,1,1
5,4,32,1.1910101420653518e-06,0,0,3,4,4,2,1,2,1,1,1,1
5,4,33,7.492360509786522e-07,0,0,3,4,4,3,1,3,1,1,1,1
5,4,37,3.767162013446068e-07,0,0,3,5,4,2,1,2,1,2,1,2
5,4,38,8.755334306442819e-07,0,0,3,5,4,3,1,3,1,2,1,2
5,4,39,9.772445082489867e-06,0,0,3,5,4,4,1,4,1,2,1,2
5,4,41,0.004886415787041187,0,1,3,6,4,1,1,0,1,0,1,1
5,4,44,0.9902373552322388,0,1,3,6,4,4,1,0,1,0,1,1
5,4,45,0.0046570803970098495,0,1,3,6,4,5,1,0,1,0,1,1
5,5,0,0.0005515990196727216,0,0,3,1,5,0,1,0,1,2,1,4
5,5,2,3.157996980007738e-05,0,0,3,3,5,2,1,1,1,1,1,1
5,5,3,0.00011637219722615555,0,0,3,3,5,3,1,1,1,1,1,1
5,5,7,0.00012091451935702935,0,0,3,3,5,1,1,2,1,1,1,1
5,5,8,0.00023724779020994902,0,0,3,3,5,2,1,2,1,1,1,1
5,5,11,0.003649193560704589,0,0,3,3,5,5,1,2,1,1,1,1
5,5,13,5.3945768740959466e-06,0,0,3,3,5,1,1,3,1,1,1,1
5,5,14,7.809142516634893e-06,0,0,3,3,5,2,1,3,1,1,1,1
5,5,16,7.20838870620355e-05,0,0,3,3,5,4,1,3,1,1,1,1
5,5,17,4.595056816469878e-05,0,0,3,3,5,5,1,3,1,1,1,1
5,5,19,0.0001023608710966073,0,0,3,3,5,1,1,4,1,1,1,1
5,5,20,0.00011807121336460114,0,0,3,3,5,2,1,4,1,1,1,1
5,5,22,0.004401878919452429,0,0,3,3,5,4,1,4,1,1,1,1
5,5,26,8.538487600162625e-05,0,0,3,3,5,2,1,5,1,1,1,1
5,5,27,6.716277857776731e-05,0,0,3,3,5,3,1,5,1,1,1,1
5,5,29,0.0004297811829019338,0,0,3,3,5,5,1,5,1,1,1,1
5,5,32,0.0002849714073818177,0,0,3,4,5,2,1,2,1,1,1,1
5,5,33,0.00022077599714975804,0,0,3,4,5,3,1,3,1,1,1,1
5,5,37,1.2283460819162428e-05,0,0,3,5,5,2,1,2,1,2,1,2
5,5,38,4.8871552280616015e-06,0,0,3,5,5,3,1,3,1,2,1,2
5,5,39,4.28936182288453e-05,0,0,3,5,5,4,1,4,1,2,1,2
5,5,41,0.04316414147615433,0,1,3,6,5,1,1,0,1,0,1,1
5,5,44,0.1304912269115448,0,1,3,6,5,4,1,0,1,0,1,1
5,5,45,0.8157354593276978,0,1,3,6,5,5,1,0,1,0,1,1
5,6,0,0.06586507707834244,0,0,3,1,6,0,1,0,1,2,1,4
5,6,2,0.000999693525955081,0,0,3,3,6,2,1,1,1,1,1,1
5,6,3,0.0031479450408369303,0,0,3,3,6,3,1,1,1,1,1,1
5,6,7,0.018366392701864243,0,0,3,3,6,1,1,2,1,1,1,1
5,6,8,0.004355933051556349,0,0,3,3,6,2,1,2,1,1,1,1
5,6,11,0.041836585849523544,0,0,3,3,6,5,1,2,1,1,1,1
5,6,13,0.005954311694949865,0,0,3,3,6,1,1,3,1,1,1,1
5,6,14,0.0023581061977893114,0,0,3,3,6,2,1,3,1,1,1,1
5,6,16,0.012041978538036346,0,0,3,3,6,4,1,3,1,1,1,1
5,6,17,0.0034995581954717636,0,0,3,3,6,5,1,3,1,1,1,1
5,6,19,0.017725881189107895,0,0,3,3,6,1,1,4,1,1,1,1
5,6,20,0.010040534660220146,0,0,3,3,6,2,1,4,1,1,1,1
5,6,22,0.02357598766684532,0,0,3,3,6,4,1,4,1,1,1,1
5,6,26,0.00803679134696722,0,0,3,3,6,2,1,5,1,1,1,1
5,6,27,0.0065855598077178,0,0,3,3,6,3,1,5,1,1,1,1
5,6,29,0.0028696181252598763,0,0,3,3,6,5,1,5,1,1,1,1
5,6,32,0.02750452049076557,0,0,3,4,6,2,1,2,1,1,1,1
5,6,33,0.014902417548000813,0,0,3,4,6,3,1,3,1,1,1,1
5,6,37,0.0006703015533275902,0,0,3,5,6,2,1,2,1,2,1,2
5,6,38,0.00044459401397034526,0,0,3,5,6,3,1,3,1,2,1,2
5,6,39,0.002360064536333084,0,0,3,5,6,4,1,4,1,2,1,2
5,6,41,0.26073840260505676,0,1,3,6,6,1,1,0,1,0,1,1
5,6,44,0.37520527839660645,0,1,3,6,6,4,1,0,1,0,1,1
5,6,45,0.0909145176410675,0,1,3,6,6,5,1,0,1,0,1,1
5,9,0,0.8533867001533508,0,0,3,1,3,0,2,0,1,2,1,4
5,9,2,0.0077186888083815575,0,0,3,3,3,2,2,1,1,1,1,1
5,9,3,0.005143245682120323,0,0,3,3,3,3,2,1,1,1,1,1
5,9,7,0.0010858988389372826,0,0,3,3,3,1,2,2,1,1,1,1
5,9,8,0.007084044627845287,0,0,3,3,3,2,2,2,1,1,1,1
5,9,11,0.002138293581083417,0,0,3,3,3,5,2,2,1,1,1,1
5,9,13,5.2697621867991984e-05,0,0,3,3,3,1,2,3,1,1,1,1
5,9,14,0.0001574633934069425,0,0,3,3,3,2,2,3,1,1,1,1
5,9,16,9.949241939466447e-05,0,0,3,3,3,4,2,3,1,1,1,1
5,9,17,0.0001531969610368833,0,0,3,3,3,5,2,3,1,1,1,1
5,9,19,0.00014202925376594067,0,0,3,3,3,1,2,4,1,1,1,1
5,9,20,0.004884653724730015,0,0,3,3,3,2,2,4,1,1,1,1
5,9,22,0.00013690843479707837,0,0,3,3,3,4,2,4,1,1,1,1
5,9,26,0.002824414288625121,0,0,3,3,3,2,2,5,1,1,1,1
5,9,27,0.00042518755071796477,0,0,3,3,3,3,2,5,1,1,1,1
5,9,29,0.00015837325190659612,0,0,3,3,3,5,2,5,1,1,1,1
5,9,32,0.02066856250166893,0,0,3,4,3,2,2,2,1,1,1,1
5,9,33,0.0026469738222658634,0,0,3,4,3,3,2,3,1,1,1,1
5,9,37,0.0853426605463028,0,0,3,5,3,2,2,2,1,2,1,2
5,9,38,0.0032769993413239717,0,0,3,5,3,3,2,3,1,2,1,2
5,9,39,0.0022715702652931213,0,0,3,5,3,4,2,4,1,2,1,2
5,9,41,0.00013548176502808928,0,1,3,6,3,1,2,0,1,0,1,1
5,9,44,7.240767445182428e-06,0,1,3,6,3,4,2,0,1,0,1,1
5,9,45,5.9154532209504396e-05,0,1,3,6,3,5,2,0,1,0,1,1
5,10,0,0.5342912673950195,0,0,3,1,4,0,2,0,1,2,1,4
5,10,2,0.017604857683181763,0,0,3,3,4,2,2,1,1,1,1,1
5,10,3,0.0039105224423110485,0,0,3,3,4,3,2,1,1,1,1,1
5,10,7,0.02105758525431156,0,0,3,3,4,1,2,2,1,1,1,1
5,10,8,0.009975398890674114,0,0,3,3,4,2,2,2,1,1,1,1
5,10,11,0.023102056235074997,0,0,3,3,4,5,2,2,1,1,1,1
5,10,13,0.0019230811158195138,0,0,3,3,4,1,2,3,1,1,1,1
5,10,14,0.00317220576107502,0,0,3,3,4,2,2,3,1,1,1,1
5,10,16,0.015956556424498558,0,0,3,3,4,4,2,3,1,1,1,1
5,10,17,0.003633896354585886,0,0,3,3,4,5,2,3,1,1,1,1
5,10,19,0.028442082926630974,0,0,3,3,4,1,2,4,1,1,1,1
5,10,20,0.016312409192323685,0,0,3,3,4,2,2,4,1,1,1,1
5,10,22,0.012521510943770409,0,0,3,3,4,4,2,4,1,1,1,1
5,10,26,0.02427726797759533,0,0,3,3,4,2,2,5,1,1,1,1
5,10,27,0.007932561449706554,0,0,3,3,4,3,2,5,1,1,1,1
5,10,29,0.01163389626890421,0,0,3,3,4,5,2,5,1,1,1,1
5,10,32,0.038776881992816925,0,0,3,4,4,2,2,2,1,1,1,1
5,10,33,0.005616598296910524,0,0,3,4,4,3,2,3,1,1,1,1
5,10,37,0.03617352619767189,0,0,3,5,4,2,2,2,1,2,1,2
5,10,38,0.006067725829780102,0,0,3,5,4,3,2,3,1,2,1,2
5,10,39,0.04251980409026146,0,0,3,5,4,4,2,4,1,2,1,2
5,10,41,0.02995854802429676,0,1,3,6,4,1,2,0,1,0,1,1
5,10,44,0.09027395397424698,0,1,3,6,4,4,2,0,1,0,1,1
5,10,45,0.014865662902593613,0,1,3,6,4,5,2,0,1,0,1,1
5,12,0,0.07581446319818497,0,0,3,1,6,0,2,0,1,2,1,4
5,12,2,0.00665451493114233,0,0,3,3,6,2,2,1,1,1,1,1
5,12,3,0.01214098371565342,0,0,3,3,6,3,2,1,1,1,1,1
5,12,7,0.007863858714699745,0,0,3,3,6,1,2,2,1,1,1,1
5,12,8,0.05959545075893402,0,0,3,3,6,2,2,2,1,1,1,1
5,12,11,0.0421455055475235,0,0,3,3,6,5,2,2,1,1,1,1
5,12,13,0.0030968610662966967,0,0,3,3,6,1,2,3,1,1,1,1
5,12,14,0.0012795131187886,0,0,3,3,6,2,2,3,1,1,1,1
5,12,16,0.003026416292414069,0,0,3,3,6,4,2,3,1,1,1,1
5,12,17,0.004632823169231415,0,0,3,3,6,5,2,3,1,1,1,1
5,12,19,0.010526071302592754,0,0,3,3,6,1,2,4,1,1,1,1
5,12,20,0.08786223083734512,0,0,3,3,6,2,2,4,1,1,1,1
5,12,22,0.03379424661397934,0,0,3,3,6,4,2,4,1,1,1,1
5,12,26,0.017753807827830315,0,0,3,3,6,2,2,5,1,1,1,1
5,12,27,0.0066726673394441605,0,0,3,3,6,3,2,5,1,1,1,1
5,12,29,0.0021297461353242397,0,0,3,3,6,5,2,5,1,1,1,1
5,12,32,0.08240512013435364,0,0,3,4,6,2,2,2,1,1,1,1
5,12,33,0.028593460097908974,0,0,3,4,6,3,2,3,1,1,1,1
5,12,37,0.008984554558992386,0,0,3,5,6,2,2,2,1,2,1,2
5,12,38,0.0016298021655529737,0,0,3,5,6,3,2,3,1,2,1,2
5,12,39,0.007276932243257761,0,0,3,5,6,4,2,4,1,2,1,2
5,12,41,0.19930289685726166,0,1,3,6,6,1,2,0,1,0,1,1
5,12,44,0.0563843697309494,0,1,3,6,6,4,2,0,1,0,1,1
5,12,45,0.24043338000774384,0,1,3,6,6,5,2,0,1,0,1,1
5,15,0,0.00014145442401058972,0,0,3,1,3,0,3,0,1,2,1,4
5,15,2,0.0005508653121069074,0,0,3,3,3,2,3,1,1,1,1,1
5,15,3,0.00018986742361448705,0,0,3,3,3,3,3,1,1,1,1,1
5,15,7,9.87086896202527e-05,0,0,3,3,3,1,3,2,1,1,1,1
5,15,8,0.004188794642686844,0,0,3,3,3,2,3,2,1,1,1,1
5,15,11,0.0015202786307781935,0,0,3,3,3,5,3,2,1,1,1,1
5,15,13,1.0135194315807894e-05,0,0,3,3,3,1,3,3,1,1,1,1
5,15,14,2.7333349862601608e-05,0,0,3,3,3,2,3,3,1,1,1,1
5,15,16,0.0001283397141378373,0,0,3,3,3,4,3,3,1,1,1,1
5,15,17,0.00022465999063570052,0,0,3,3,3,5,3,3,1,1,1,1
5,15,19,0.0002396242634858936,0,0,3,3,3,1,3,4,1,1,1,1
5,15,20,0.0010690854396671057,0,0,3,3,3,2,3,4,1,1,1,1
5,15,22,0.0028413415420800447,0,0,3,3,3,4,3,4,1,1,1,1
5,15,26,0.00037462753243744373,0,0,3,3,3,2,3,5,1,1,1,1
5,15,27,5.735201921197586e-05,0,0,3,3,3,3,3,5,1,1,1,1
5,15,29,0.0008371254662051797,0,0,3,3,3,5,3,5,1,1,1,1
5,15,32,0.0003998306638095528,0,0,3,4,3,2,3,2,1,1,1,1
5,15,33,0.00010339461005060002,0,0,3,4,3,3,3,3,1,1,1,1
5,15,37,6.0254889831412584e-05,0,0,3,5,3,2,3,2,1,2,1,2
5,15,38,1.029680970532354e-05,0,0,3,5,3,3,3,3,1,2,1,2
5,15,39,7.458207983290777e-05,0,0,3,5,3,4,3,4,1,2,1,2
5,15,41,0.01445847563445568,0,1,3,6,3,1,3,0,1,0,1,1
5,15,44,0.03992924839258194,0,1,3,6,3,4,3,0,1,0,1,1
5,15,45,0.9324645400047302,0,1,3,6,3,5,3,0,1,0,1,1
5,18,0,0.003927928861230612,0,0,3,1,6,0,3,0,1,2,1,4
5,18,2,0.0009008224005810916,0,0,3,3,6,2,3,1,1,1,1,1
5,18,3,0.0018878361443057656,0,0,3,3,6,3,3,1,1,1,1,1
5,18,7,0.0020025274716317654,0,0,3,3,6,1,3,2,1,1,1,1
5,18,8,0.010885311290621758,0,0,3,3,6,2,3,2,1,1,1,1
5,18,11,0.03668733686208725,0,0,3,3,6,5,3,2,1,1,1,1
5,18,13,0.000720220326911658,0,0,3,3,6,1,3,3,1,1,1,1
5,18,14,0.0015813009813427925,0,0,3,3,6,2,3,3,1,1,1,1
5,18,16,0.005634812638163567,0,0,3,3,6,4,3,3,1,1,1,1
5,18,17,0.0033031878992915154,0,0,3,3,6,5,3,3,1,1,1,1
5,18,19,0.002340508159250021,0,0,3,3,6,1,3,4,1,1,1,1
5,18,20,0.0050591835752129555,0,0,3,3,6,2,3,4,1,1,1,1
5,18,22,0.012482604011893272,0,0,3,3,6,4,3,4,1,1,1,1
5,18,26,0.004716177936643362,0,0,3,3,6,2,3,5,1,1,1,1
5,18,27,0.0016083888476714492,0,0,3,3,6,3,3,5,1,1,1,1
5,18,29,0.008045435883104801,0,0,3,3,6,5,3,5,1,1,1,1
5,18,32,0.008337410166859627,0,0,3,4,6,2,3,2,1,1,1,1
5,18,33,0.0018043796299025416,0,0,3,4,6,3,3,3,1,1,1,1
5,18,37,0.00019872153643518686,0,0,3,5,6,2,3,2,1,2,1,2
5,18,38,4.641316263587214e-05,0,0,3,5,6,3,3,3,1,2,1,2
5,18,39,0.0007839540485292673,0,0,3,5,6,4,3,4,1,2,1,2
5,18,41,0.061789389699697495,0,1,3,6,6,1,3,0,1,0,1,1
5,18,44,0.3552497327327728,0,1,3,6,6,4,3,0,1,0,1,1
5,18,45,0.4700063169002533,0,1,3,6,6,5,3,0,1,0,1,1
5,21,0,0.0007195980288088322,0,0,3,1,3,0,4,0,1,2,1,4
5,21,2,0.0007781542371958494,0,0,3,3,3,2,4,1,1,1,1,1
5,21,3,0.0031131561845541,0,0,3,3,3,3,4,1,1,1,1,1
5,21,7,0.00010800013114931062,0,0,3,3,3,1,4,2,1,1,1,1
5,21,8,0.004151391796767712,0,0,3,3,3,2,4,2,1,1,1,1
5,21,11,0.0035671552177518606,0,0,3,3,3,5,4,2,1,1,1,1
5,21,13,6.096744527894771e-06,0,0,3,3,3,1,4,3,1,1,1,1
5,21,14,2.8958014809177257e-05,0,0,3,3,3,2,4,3,1,1,1,1
5,21,16,6.449560169130564e-05,0,0,3,3,3,4,4,3,1,1,1,1
5,21,17,0.0004390726680867374,0,0,3,3,3,5,4,3,1,1,1,1
5,21,19,2.2542471924680285e-05,0,0,3,3,3,1,4,4,1,1,1,1
5,21,20,0.0004614857607521117,0,0,3,3,3,2,4,4,1,1,1,1
5,21,22,0.001942980568856001,0,0,3,3,3,4,4,4,1,1,1,1
5,21,26,0.00029819036717526615,0,0,3,3,3,2,4,5,1,1,1,1
5,21,27,0.0001230988564202562,0,0,3,3,3,3,4,5,1,1,1,1
5,21,29,0.0010547295678406954,0,0,3,3,3,5,4,5,1,1,1,1
5,21,32,0.0003345738223288208,0,0,3,4,3,2,4,2,1,1,1,1
5,21,33,0.0004641595878638327,0,0,3,4,3,3,4,3,1,1,1,1
5,21,37,0.00043833471136167645,0,0,3,5,3,2,4,2,1,2,1,2
5,21,38,0.00013627219595946372,0,0,3,5,3,3,4,3,1,2,1,2
5,21,39,0.00012234941823408008,0,0,3,5,3,4,4,4,1,2,1,2
5,21,41,0.007226395886391401,0,1,3,6,3,1,4,0,1,0,1,1
5,21,44,0.003434557467699051,0,1,3,6,3,4,4,0,1,0,1,1
5,21,45,0.9709648489952087,0,1,3,6,3,5,4,0,1,0,1,1
5,23,0,0.00023689051158726215,0,0,3,1,5,0,4,0,1,2,1,4
5,23,2,8.184489706763998e-05,0,0,3,3,5,2,4,1,1,1,1,1
5,23,3,0.00024975553969852626,0,0,3,3,5,3,4,1,1,1,1,1
5,23,7,3.6826615541940555e-05,0,0,3,3,5,1,4,2,1,1,1,1
5,23,8,0.0007036739261820912,0,0,3,3,5,2,4,2,1,1,1,1
5,23,11,0.001807857071980834,0,0,3,3,5,5,4,2,1,1,1,1
5,23,13,9.52300524659222e-06,0,0,3,3,5,1,4,3,1,1,1,1
5,23,14,2.4946846679085866e-05,0,0,3,3,5,2,4,3,1,1,1,1
5,23,16,0.00012491471716202796,0,0,3,3,5,4,4,3,1,1,1,1
5,23,17,0.00011821030784631148,0,0,3,3,5,5,4,3,1,1,1,1
5,23,19,4.0506114601157606e-05,0,0,3,3,5,1,4,4,1,1,1,1
5,23,20,0.0002130855864379555,0,0,3,3,5,2,4,4,1,1,1,1
5,23,22,0.003681353060528636,0,0,3,3,5,4,4,4,1,1,1,1
5,23,26,0.00014218145224731416,0,0,3,3,5,2,4,5,1,1,1,1
5,23,27,8.66719929035753e-05,0,0,3,3,5,3,4,5,1,1,1,1
5,23,29,0.00042094013770110905,0,0,3,3,5,5,4,5,1,1,1,1
5,23,32,0.00022533889568876475,0,0,3,4,5,2,4,2,1,1,1,1
5,23,33,0.0002942462160717696,0,0,3,4,5,3,4,3,1,1,1,1
5,23,37,2.5018307496793568e-05,0,0,3,5,5,2,4,2,1,2,1,2
5,23,38,1.3371063687372953e-05,0,0,3,5,5,3,4,3,1,2,1,2
5,23,39,7.525301043642685e-05,0,0,3,5,5,4,4,4,1,2,1,2
5,23,41,0.022050609812140465,0,1,3,6,5,1,4,0,1,0,1,1
5,23,44,0.06638264656066895,0,1,3,6,5,4,4,0,1,0,1,1
5,23,45,0.9029540419578552,0,1,3,6,5,5,4,0,1,0,1,1
5,24,0,0.0019445873331278563,0,0,3,1,6,0,4,0,1,2,1,4
5,24,2,1.3981950360175688e-05,0,0,3,3,6,2,4,1,1,1,1,1
5,24,3,0.00016153437900356948,0,0,3,3,6,3,4,1,1,1,1,1
5,24,7,3.489256778266281e-05,0,0,3,3,6,1,4,2,1,1,1,1
5,24,8,0.00015089227235876024,0,0,3,3,6,2,4,2,1,1,1,1
5,24,11,0.0012331438483670354,0,0,3,3,6,5,4,2,1,1,1,1
5,24,13,5.577507181442343e-06,0,0,3,3,6,1,4,3,1,1,1,1
5,24,14,1.5977664588717744e-05,0,0,3,3,6,2,4,3,1,1,1,1
5,24,16,0.00014139687118586153,0,0,3,3,6,4,4,3,1,1,1,1
5,24,17,2.5128039851551875e-05,0,0,3,3,6,5,4,3,1,1,1,1
5,24,19,1.848258398240432e-05,0,0,3,3,6,1,4,4,1,1,1,1
5,24,20,6.0804559325333685e-05,0,0,3,3,6,2,4,4,1,1,1,1
5,24,22,0.0016022929921746254,0,0,3,3,6,4,4,4,1,1,1,1
5,24,26,0.00014295637083705515,0,0,3,3,6,2,4,5,1,1,1,1
5,24,27,0.00010039939661510289,0,0,3,3,6,3,4,5,1,1,1,1
5,24,29,8.029428863665089e-05,0,0,3,3,6,5,4,5,1,1,1,1
5,24,32,0.0002873008488677442,0,0,3,4,6,2,4,2,1,1,1,1
5,24,33,0.0003353926003910601,0,0,3,4,6,3,4,3,1,1,1,1
5,24,37,8.490126674587373e-06,0,0,3,5,6,2,4,2,1,2,1,2
5,24,38,6.648853741353378e-06,0,0,3,5,6,3,4,3,1,2,1,2
5,24,39,2.2448657546192408e-05,0,0,3,5,6,4,4,4,1,2,1,2
5,24,41,0.11123128235340118,0,1,3,6,6,1,4,0,1,0,1,1
5,24,44,0.25835901498794556,0,1,3,6,6,4,4,0,1,0,1,1
5,24,45,0.6240172982215881,0,1,3,6,6,5,4,0,1,0,1,1
5,25,0,0.007918719202280045,0,0,3,1,1,0,5,0,1,2,1,4
5,25,2,0.0014696541475132108,0,0,3,3,1,2,5,1,1,1,1,1
5,25,3,0.0017891837051138282,0,0,3,3,1,3,5,1,1,1,1,1
5,25,7,0.0029625226743519306,0,0,3,3,1,1,5,2,1,1,1,1
5,25,8,0.010704061016440392,0,0,3,3,1,2,5,2,1,1,1,1
5,25,11,0.03761822357773781,0,0,3,3,1,5,5,2,1,1,1,1
5,25,13,0.0009430263889953494,0,0,3,3,1,1,5,3,1,1,1,1
5,25,14,0.0006805029697716236,0,0,3,3,1,2,5,3,1,1,1,1
5,25,16,0.0036493358202278614,0,0,3,3,1,4,5,3,1,1,1,1
5,25,17,0.0025280520785599947,0,0,3,3,1,5,5,3,1,1,1,1
5,25,19,0.006241511553525925,0,0,3,3,1,1,5,4,1,1,1,1
5,25,20,0.008174682036042213,0,0,3,3,1,2,5,4,1,1,1,1
5,25,22,0.019192369654774666,0,0,3,3,1,4,5,4,1,1,1,1
5,25,26,0.006267143413424492,0,0,3,3,1,2,5,5,1,1,1,1
5,25,27,0.002664709696546197,0,0,3,3,1,3,5,5,1,1,1,1
5,25,29,0.006275580730289221,0,0,3,3,1,5,5,5,1,1,1,1
5,25,32,0.013752050697803497,0,0,3,4,1,2,5,2,1,1,1,1
5,25,33,0.004852509591728449,0,0,3,4,1,3,5,3,1,1,1,1
5,25,37,0.0003213843738194555,0,0,3,5,1,2,5,2,1,2,1,2
5,25,38,6.33925519650802e-05,0,0,3,5,1,3,5,3,1,2,1,2
5,25,39,0.0012664576061069965,0,0,3,5,1,4,5,4,1,2,1,2
5,25,41,0.12309746444225311,0,1,3,6,1,1,5,0,1,0,1,1
5,25,44,0.3615567684173584,0,1,3,6,1,4,5,0,1,0,1,1
5,25,45,0.37601080536842346,0,1,3,6,1,5,5,0,1,0,1,1
5,28,0,1.0860419934033416e-05,0,0,3,1,4,0,5,0,1,2,1,4
5,28,2,3.3145453926408663e-05,0,0,3,3,4,2,5,1,1,1,1,1
5,28,3,1.241676181962248e-05,0,0,3,3,4,3,5,1,1,1,1,1
5,28,7,7.057091715978459e-05,0,0,3,3,4,1,5,2,1,1,1,1
5,28,8,0.00012198898912174627,0,0,3,3,4,2,5,2,1,1,1,1
5,28,11,0.003033614018931985,0,0,3,3,4,5,5,2,1,1,1,1
5,28,13,1.1506795090099331e-05,0,0,3,3,4,1,5,3,1,1,1,1
5,28,14,3.2741925679147243e-05,0,0,3,3,4,2,5,3,1,1,1,1
5,28,16,0.0004090298607479781,0,0,3,3,4,4,5,3,1,1,1,1
5,28,17,0.0003687809803523123,0,0,3,3,4,5,5,3,1,1,1,1
5,28,19,0.0005390414735302329,0,0,3,3,4,1,5,4,1,1,1,1
5,28,20,9.214873716700822e-05,0,0,3,3,4,2,5,4,1,1,1,1
5,28,22,0.002830847166478634,0,0,3,3,4,4,5,4,1,1,1,1
5,28,26,5.7468179875286296e-05,0,0,3,3,4,2,5,5,1,1,1,1
5,28,27,3.4033968404401094e-05,0,0,3,3,4,3,5,5,1,1,1,1
5,28,29,0.0035251753870397806,0,0,3,3,4,5,5,5,1,1,1,1
5,28,32,2.9901799280196428e-05,0,0,3,4,4,2,5,2,1,1,1,1
5,28,33,1.3264818335301243e-05,0,0,3,4,4,3,5,3,1,1,1,1
5,28,37,5.597152608061151e-07,0,0,3,5,4,2,5,2,1,2,1,2
5,28,38,2.1649537984558265e-07,0,0,3,5,4,3,5,3,1,2,1,2
5,28,39,4.17103547079023e-05,0,0,3,5,4,4,5,4,1,2,1,2
5,28,41,0.00421043811365962,0,1,3,6,4,1,5,0,1,0,1,1
5,28,44,0.5968968272209167,0,1,3,6,4,4,5,0,1,0,1,1
5,28,45,0.38762351870536804,0,1,3,6,4,5,5,0,1,0,1,1
5,30,0,2.072186134682852e-06,0,0,3,1,6,0,5,0,1,2,1,4
5,30,2,1.9417751900618896e-05,0,0,3,3,6,2,5,1,1,1,1,1
5,30,3,8.008474651433062e-06,0,0,3,3,6,3,5,1,1,1,1,1
5,30,7,1.0057369763671886e-05,0,0,3,3,6,1,5,2,1,1,1,1
5,30,8,0.00021795461361762136,0,0,3,3,6,2,5,2,1,1,1,1
5,30,11,0.00034420660813339055,0,0,3,3,6,5,5,2,1,1,1,1
5,30,13,6.532079169119243e-06,0,0,3,3,6,1,5,3,1,1,1,1
5,30,14,9.644785677664913e-06,0,0,3,3,6,2,5,3,1,1,1,1
5,30,16,8.353831799468026e-05,0,0,3,3,6,4,5,3,1,1,1,1
5,30,17,0.00011301652557449415,0,0,3,3,6,5,5,3,1,1,1,1
5,30,19,0.0001533830800326541,0,0,3,3,6,1,5,4,1,1,1,1
5,30,20,0.00011950200860155746,0,0,3,3,6,2,5,4,1,1,1,1
5,30,22,0.001215337309986353,0,0,3,3,6,4,5,4,1,1,1,1
5,30,26,3.848816777463071e-05,0,0,3,3,6,2,5,5,1,1,1,1
5,30,27,1.5856261597946286e-05,0,0,3,3,6,3,5,5,1,1,1,1
5,30,29,0.00024231770657934248,0,0,3,3,6,5,5,5,1,1,1,1
5,30,32,1.5947576684993692e-05,0,0,3,4,6,2,5,2,1,1,1,1
5,30,33,7.278248176589841e-06,0,0,3,4,6,3,5,3,1,1,1,1
5,30,37,2.1111380021920922e-07,0,0,3,5,6,2,5,2,1,2,1,2
5,30,38,9.044587301332285e-08,0,0,3,5,6,3,5,3,1,2,1,2
5,30,39,7.927854312583804e-06,0,0,3,5,6,4,5,4,1,2,1,2
5,30,41,0.010072662495076656,0,1,3,6,6,1,5,0,1,0,1,1
5,30,44,0.31424468755722046,0,1,3,6,6,4,5,0,1,0,1,1
5,30,45,0.6730512976646423,0,1,3,6,6,5,5,0,1,0,1,1
5,31,0,0.9408698678016663,0,0,4,1,1,0,1,0,1,2,1,4
5,31,2,0.003663012059405446,0,0,4,3,1,2,1,1,1,1,1,1
5,31,3,0.0005998594569973648,0,0,4,3,1,3,1,1,1,1,1,1
5,31,7,0.0008375373436138034,0,0,4,3,1,1,1,2,1,1,1,1
5,31,8,0.0011755700688809156,0,0,4,3,1,2,1,2,1,1,1,1
5,31,11,0.00047863624058663845,0,0,4,3,1,5,1,2,1,1,1,1
5,31,13,0.00015221224748529494,0,0,4,3,1,1,1,3,1,1,1,1
5,31,14,0.00028423278126865625,0,0,4,3,1,2,1,3,1,1,1,1
5,31,16,0.0007787575013935566,0,0,4,3,1,4,1,3,1,1,1,1
5,31,17,3.798275429289788e-05,0,0,4,3,1,5,1,3,1,1,1,1
5,31,19,0.0006863116868771613,0,0,4,3,1,1,1,4,1,1,1,1
5,31,20,0.002371240872889757,0,0,4,3,1,2,1,4,1,1,1,1
5,31,22,0.000287150643998757,0,0,4,3,1,4,1,4,1,1,1,1
5,31,26,0.006633936893194914,0,0,4,3,1,2,1,5,1,1,1,1
5,31,27,0.0012325630523264408,0,0,4,3,1,3,1,5,1,1,1,1
5,31,29,0.00012281887757126242,0,0,4,3,1,5,1,5,1,1,1,1
5,31,32,0.019580574706196785,0,0,4,4,1,2,1,2,1,1,1,1
5,31,33,0.003715259488672018,0,0,4,4,1,3,1,3,1,1,1,1
5,31,37,0.010181382298469543,0,0,4,5,1,2,1,2,1,2,1,2
5,31,38,0.001264469581656158,0,0,4,5,1,3,1,3,1,2,1,2
5,31,39,0.000614615622907877,0,0,4,5,1,4,1,4,1,2,1,2
5,31,41,0.00330903846770525,0,1,4,6,1,1,1,0,1,0,1,1
5,31,44,0.0007609509048052132,0,1,4,6,1,4,1,0,1,0,1,1
5,31,45,0.0003618047048803419,0,1,4,6,1,5,1,0,1,0,1,1
5,34,0,0.5870697498321533,0,0,4,1,4,0,4,0,1,2,1,4
5,34,2,0.06631684303283691,0,0,4,3,4,2,4,1,1,1,1,1
5,34,3,0.008480691350996494,0,0,4,3,4,3,4,1,1,1,1,1
5,34,7,0.02257109247148037,0,0,4,3,4,1,4,2,1,1,1,1
5,34,8,0.010248769074678421,0,0,4,3,4,2,4,2,1,1,1,1
5,34,11,0.0219668447971344,0,0,4,3,4,5,4,2,1,1,1,1
5,34,13,0.000919323181733489,0,0,4,3,4,1,4,3,1,1,1,1
5,34,14,0.007489326875656843,0,0,4,3,4,2,4,3,1,1,1,1
5,34,16,0.013926447369158268,0,0,4,3,4,4,4,3,1,1,1,1
5,34,17,0.0031530398409813643,0,0,4,3,4,5,4,3,1,1,1,1
5,34,19,0.010718989185988903,0,0,4,3,4,1,4,4,1,1,1,1
5,34,20,0.009104159660637379,0,0,4,3,4,2,4,4,1,1,1,1
5,34,22,0.00259763072244823,0,0,4,3,4,4,4,4,1,1,1,1
5,34,26,0.06100888550281525,0,0,4,3,4,2,4,5,1,1,1,1
5,34,27,0.012483099475502968,0,0,4,3,4,3,4,5,1,1,1,1
5,34,29,0.03385385498404503,0,0,4,3,4,5,4,5,1,1,1,1
5,34,32,0.060792192816734314,0,0,4,4,4,2,4,2,1,1,1,1
5,34,33,0.015064685605466366,0,0,4,4,4,3,4,3,1,1,1,1
5,34,37,0.02868535742163658,0,0,4,5,4,2,4,2,1,2,1,2
5,34,38,0.0029934102203696966,0,0,4,5,4,3,4,3,1,2,1,2
5,34,39,0.004179003182798624,0,0,4,5,4,4,4,4,1,2,1,2
5,34,41,0.0060412888415157795,0,1,4,6,4,1,4,0,1,0,1,1
5,34,44,0.005634657107293606,0,1,4,6,4,4,4,0,1,0,1,1
5,34,45,0.004700229503214359,0,1,4,6,4,5,4,0,1,0,1,1
5,35,0,0.3436261713504791,0,0,4,1,5,0,5,0,1,2,1,4
5,35,2,0.017274240031838417,0,0,4,3,5,2,5,1,1,1,1,1
5,35,3,0.006470779422670603,0,0,4,3,5,3,5,1,1,1,1,1
5,35,7,0.019774673506617546,0,0,4,3,5,1,5,2,1,1,1,1
5,35,8,0.01544195506721735,0,0,4,3,5,2,5,2,1,1,1,1
5,35,11,0.18393400311470032,0,0,4,3,5,5,5,2,1,1,1,1
5,35,13,0.002515210770070553,0,0,4,3,5,1,5,3,1,1,1,1
5,35,14,0.006468535866588354,0,0,4,3,5,2,5,3,1,1,1,1
5,35,16,0.017375802621245384,0,0,4,3,5,4,5,3,1,1,1,1
5,35,17,0.009635909460484982,0,0,4,3,5,5,5,3,1,1,1,1
5,35,19,0.021892821416258812,0,0,4,3,5,1,5,4,1,1,1,1
5,35,20,0.02397836185991764,0,0,4,3,5,2,5,4,1,1,1,1
5,35,22,0.0226892177015543,0,0,4,3,5,4,5,4,1,1,1,1
5,35,26,0.012632145546376705,0,0,4,3,5,2,5,5,1,1,1,1
5,35,27,0.004823088645935059,0,0,4,3,5,3,5,5,1,1,1,1
5,35,29,0.04611518234014511,0,0,4,3,5,5,5,5,1,1,1,1
5,35,32,0.048080019652843475,0,0,4,4,5,2,5,2,1,1,1,1
5,35,33,0.009364490397274494,0,0,4,4,5,3,5,3,1,1,1,1
5,35,37,0.004998783115297556,0,0,4,5,5,2,5,2,1,2,1,2
5,35,38,0.0005520549020729959,0,0,4,5,5,3,5,3,1,2,1,2
5,35,39,0.011311737820506096,0,0,4,5,5,4,5,4,1,2,1,2
5,35,41,0.01563054881989956,0,1,4,6,5,1,5,0,1,0,1,1
5,35,44,0.08331232517957687,0,1,4,6,5,4,5,0,1,0,1,1
5,35,45,0.07210193574428558,0,1,4,6,5,5,5,0,1,0,1,1
5,36,0,0.20511335134506226,0,0,5,1,1,0,1,0,2,2,2,4
5,36,2,0.062496017664670944,0,0,5,3,1,2,1,1,2,1,2,1
5,36,3,0.01510985754430294,0,0,5,3,1,3,1,1,2,1,2,1
5,36,7,0.0034623907413333654,0,0,5,3,1,1,1,2,2,1,2,1
5,36,8,0.025371789932250977,0,0,5,3,1,2,1,2,2,1,2,1
5,36,11,0.0023140497505664825,0,0,5,3,1,5,1,2,2,1,2,1
5,36,13,0.0036612513940781355,0,0,5,3,1,1,1,3,2,1,2,1
5,36,14,0.049924056977033615,0,0,5,3,1,2,1,3,2,1,2,1
5,36,16,0.02862788550555706,0,0,5,3,1,4,1,3,2,1,2,1
5,36,17,0.003163978923112154,0,0,5,3,1,5,1,3,2,1,2,1
5,36,19,0.00771877309307456,0,0,5,3,1,1,1,4,2,1,2,1
5,36,20,0.022812653332948685,0,0,5,3,1,2,1,4,2,1,2,1
5,36,22,0.004335248842835426,0,0,5,3,1,4,1,4,2,1,2,1
5,36,26,0.14896757900714874,0,0,5,3,1,2,1,5,2,1,2,1
5,36,27,0.04063793271780014,0,0,5,3,1,3,1,5,2,1,2,1
5,36,29,0.007070593070238829,0,0,5,3,1,5,1,5,2,1,2,1
5,36,32,0.03546464815735817,0,0,5,4,1,2,1,2,2,1,2,1
5,36,33,0.013872278854250908,0,0,5,4,1,3,1,3,2,1,2,1
5,36,37,0.14621509611606598,0,0,5,5,1,2,1,2,2,2,2,2
5,36,38,0.09601940959692001,0,0,5,5,1,3,1,3,2,2,2,2
5,36,39,0.03325026109814644,0,0,5,5,1,4,1,4,2,2,2,2
5,36,41,0.017076119780540466,0,1,5,6,1,1,1,0,2,0,2,1
5,36,44,0.02337033301591873,0,1,5,6,1,4,1,0,2,0,2,1
5,36,45,0.003944248426705599,0,1,5,6,1,5,1,0,2,0,2,1
5,40,0,0.009800754487514496,0,0,5,1,5,0,5,0,2,2,2,4
5,40,2,0.04896721616387367,0,0,5,3,5,2,5,1,2,1,2,1
5,40,3,0.0035791718401014805,0,0,5,3,5,3,5,1,2,1,2,1
5,40,7,0.0034185885451734066,0,0,5,3,5,1,5,2,2,1,2,1
5,40,8,0.011272856034338474,0,0,5,3,5,2,5,2,2,1,2,1
5,40,11,0.0034554824233055115,0,0,5,3,5,5,5,2,2,1,2,1
5,40,13,0.004952377174049616,0,0,5,3,5,1,5,3,2,1,2,1
5,40,14,0.2963532507419586,0,0,5,3,5,2,5,3,2,1,2,1
5,40,16,0.14826883375644684,0,0,5,3,5,4,5,3,2,1,2,1
5,40,17,0.02179182693362236,0,0,5,3,5,5,5,3,2,1,2,1
5,40,19,0.025458449497818947,0,0,5,3,5,1,5,4,2,1,2,1
5,40,20,0.00787617452442646,0,0,5,3,5,2,5,4,2,1,2,1
5,40,22,0.004791625775396824,0,0,5,3,5,4,5,4,2,1,2,1
5,40,26,0.0549873448908329,0,0,5,3,5,2,5,5,2,1,2,1
5,40,27,0.01519378088414669,0,0,5,3,5,3,5,5,2,1,2,1
5,40,29,0.07381754368543625,0,0,5,3,5,5,5,5,2,1,2,1
5,40,32,0.0030293138697743416,0,0,5,4,5,2,5,2,2,1,2,1
5,40,33,0.0008654605480842292,0,0,5,4,5,3,5,3,2,1,2,1
5,40,37,0.013033774681389332,0,0,5,5,5,2,5,2,2,2,2,2
5,40,38,0.01817178912460804,0,0,5,5,5,3,5,3,2,2,2,2
5,40,39,0.07377557456493378,0,0,5,5,5,4,5,4,2,2,2,2
5,40,41,0.0020265886560082436,0,1,5,6,5,1,5,0,2,0,2,1
5,40,44,0.15331964194774628,0,1,5,6,5,4,5,0,2,0,2,1
5,40,45,0.001792767085134983,0,1,5,6,5,5,5,0,2,0,2,1
5,42,0,9.35142185909399e-10,1,0,6,1,2,0,0,0,0,2,1,4
5,42,2,1.2301069546083454e-05,1,0,6,3,2,2,0,1,0,1,1,1
5,42,3,5.376450644689612e-07,1,0,6,3,2,3,0,1,0,1,1,1
5,42,7,1.8437663129589055e-07,1,0,6,3,2,1,0,2,0,1,1,1
5,42,8,4.398344754008576e-05,1,0,6,3,2,2,0,2,0,1,1,1
5,42,11,7.906293831183575e-06,1,0,6,3,2,5,0,2,0,1,1,1
5,42,13,6.074192526739353e-08,1,0,6,3,2,1,0,3,0,1,1,1
5,42,14,4.403609352721105e-07,1,0,6,3,2,2,0,3,0,1,1,1
5,42,16,5.88585908189998e-06,1,0,6,3,2,4,0,3,0,1,1,1
5,42,17,6.76264098729007e-05,1,0,6,3,2,5,0,3,0,1,1,1
5,42,19,4.709333097707713e-06,1,0,6,3,2,1,0,4,0,1,1,1
5,42,20,6.8632953116321005e-06,1,0,6,3,2,2,0,4,0,1,1,1
5,42,22,0.0002023199194809422,1,0,6,3,2,4,0,4,0,1,1,1
5,42,26,2.1803223262395477e-06,1,0,6,3,2,2,0,5,0,1,1,1
5,42,27,5.663181354975677e-07,1,0,6,3,2,3,0,5,0,1,1,1
5,42,29,0.0002783770323731005,1,0,6,3,2,5,0,5,0,1,1,1
5,42,32,7.93224401718362e-08,1,0,6,4,2,2,0,2,0,1,1,1
5,42,33,7.628297993278466e-08,1,0,6,4,2,3,0,3,0,1,1,1
5,42,37,9.094816277865903e-08,1,0,6,5,2,2,0,2,0,2,1,2
5,42,38,4.0606160212064424e-08,1,0,6,5,2,3,0,3,0,2,1,2
5,42,39,3.25261657962983e-06,1,0,6,5,2,4,0,4,0,2,1,2
5,42,41,0.00013751165533903986,1,1,6,6,2,1,0,0,0,0,1,1
5,42,44,0.015872137621045113,1,1,6,6,2,4,0,0,0,0,1,1
5,42,45,0.9833530187606812,1,1,6,6,2,5,0,0,0,0,1,1
5,43,0,3.3328712012448136e-10,1,0,6,1,3,0,0,0,0,2,1,4
5,43,2,1.2837642316299025e-05,1,0,6,3,3,2,0,1,0,1,1,1
5,43,3,9.764429478309467e-07,1,0,6,3,3,3,0,1,0,1,1,1
5,43,7,6.414389730480252e-08,1,0,6,3,3,1,0,2,0,1,1,1
5,43,8,8.675752178533003e-05,1,0,6,3,3,2,0,2,0,1,1,1
5,43,11,2.951931492134463e-05,1,0,6,3,3,5,0,2,0,1,1,1
5,43,13,3.6129794267480975e-08,1,0,6,3,3,1,0,3,0,1,1,1
5,43,14,1.3665182052591263e-07,1,0,6,3,3,2,0,3,0,1,1,1
5,43,16,7.99394342720916e-07,1,0,6,3,3,4,0,3,0,1,1,1
5,43,17,8.404755499213934e-05,1,0,6,3,3,5,0,3,0,1,1,1
5,43,19,6.399546919055865e-07,1,0,6,3,3,1,0,4,0,1,1,1
5,43,20,4.904869456368033e-06,1,0,6,3,3,2,0,4,0,1,1,1
5,43,22,6.854079401819035e-05,1,0,6,3,3,4,0,4,0,1,1,1
5,43,26,3.696175951972691e-07,1,0,6,3,3,2,0,5,0,1,1,1
5,43,27,1.1077303696538365e-07,1,0,6,3,3,3,0,5,0,1,1,1
5,43,29,0.00047065410763025284,1,0,6,3,3,5,0,5,0,1,1,1
5,43,32,6.266204621852012e-08,1,0,6,4,3,2,0,2,0,1,1,1
5,43,33,4.744803661083097e-08,1,0,6,4,3,3,0,3,0,1,1,1
5,43,37,2.5032845130112946e-08,1,0,6,5,3,2,0,2,0,2,1,2
5,43,38,2.0908434983368807e-09,1,0,6,5,3,3,0,3,0,2,1,2
5,43,39,4.997153268959664e-07,1,0,6,5,3,4,0,4,0,2,1,2
5,43,41,7.968998033902608e-06,1,1,6,6,3,1,0,0,0,0,1,1
5,43,44,0.00043495712452568114,1,1,6,6,3,4,0,0,0,0,1,1
5,43,45,0.998795747756958,1,1,6,6,3,5,0,0,0,0,1,1
5,46,0,7.654764322406749e-11,1,0,6,1,6,0,0,0,0,2,1,4
5,46,2,3.0423004204749304e-07,1,0,6,3,6,2,0,1,0,1,1,1
5,46,3,2.9723119965296974e-08,1,0,6,3,6,3,0,1,0,1,1,1
5,46,7,5.529041668950185e-09,1,0,6,3,6,1,0,2,0,1,1,1
5,46,8,5.084495114715537e-06,1,0,6,3,6,2,0,2,0,1,1,1
5,46,11,2.15138584280794e-06,1,0,6,3,6,5,0,2,0,1,1,1
5,46,13,2.9707059034933536e-09,1,0,6,3,6,1,0,3,0,1,1,1
5,46,14,5.6143449889134445e-09,1,0,6,3,6,2,0,3,0,1,1,1
5,46,16,1.0680200546175911e-07,1,0,6,3,6,4,0,3,0,1,1,1
5,46,17,1.7305765140918083e-06,1,0,6,3,6,5,0,3,0,1,1,1
5,46,19,9.744733375782744e-08,1,0,6,3,6,1,0,4,0,1,1,1
5,46,20,4.4012756461597746e-07,1,0,6,3,6,2,0,4,0,1,1,1
5,46,22,1.3140712326276116e-05,1,0,6,3,6,4,0,4,0,1,1,1
5,46,26,4.6135625098031596e-08,1,0,6,3,6,2,0,5,0,1,1,1
5,46,27,1.2090835888045603e-08,1,0,6,3,6,3,0,5,0,1,1,1
5,46,29,1.3299314559844788e-05,1,0,6,3,6,5,0,5,0,1,1,1
5,46,32,1.1401166233326876e-08,1,0,6,4,6,2,0,2,0,1,1,1
5,46,33,4.5421471028816995e-09,1,0,6,4,6,3,0,3,0,1,1,1
5,46,37,4.618074533890848e-10,1,0,6,5,6,2,0,2,0,2,1,2
5,46,38,3.950657162521409e-11,1,0,6,5,6,3,0,3,0,2,1,2
5,46,39,1.2742855659553243e-08,1,0,6,5,6,4,0,4,0,2,1,2
5,46,41,2.0141033019172028e-05,1,1,6,6,6,1,0,0,0,0,1,1
5,46,44,0.0012650672579184175,1,1,6,6,6,4,0,0,0,0,1,1
5,46,45,0.99867844581604,1,1,6,6,6,5,0,0,0,0,1,1
5,47,0,7.306028004805398e-10,2,0,7,1,0,0,0,0,0,2,4,4
5,47,2,9.358062925457489e-06,2,0,7,3,0,2,0,1,0,1,4,1
5,47,3,1.3821614857079112e-06,2,0,7,3,0,3,0,1,0,1,4,1
5,47,7,3.343604362271435e-07,2,0,7,3,0,1,0,2,0,1,4,1
5,47,8,6.241676601348445e-05,2,0,7,3,0,2,0,2,0,1,4,1
5,47,11,7.101975643308833e-05,2,0,7,3,0,5,0,2,0,1,4,1
5,47,13,2.081580078083789e-06,2,0,7,3,0,1,0,3,0,1,4,1
5,47,14,1.291330590902362e-06,2,0,7,3,0,2,0,3,0,1,4,1
5,47,16,5.354388576961355e-06,2,0,7,3,0,4,0,3,0,1,4,1
5,47,17,0.00024872657377272844,2,0,7,3,0,5,0,3,0,1,4,1
5,47,19,1.2079242878826335e-05,2,0,7,3,0,1,0,4,0,1,4,1
5,47,20,1.7039032172760926e-05,2,0,7,3,0,2,0,4,0,1,4,1
5,47,22,0.0016138408100232482,2,0,7,3,0,4,0,4,0,1,4,1
5,47,26,2.619819383653521e-07,2,0,7,3,0,2,0,5,0,1,4,1
5,47,27,7.961896812958003e-07,2,0,7,3,0,3,0,5,0,1,4,1
5,47,29,0.0008866647258400917,2,0,7,3,0,5,0,5,0,1,4,1
5,47,32,1.3170122770134185e-07,2,0,7,4,0,2,0,2,0,1,4,1
5,47,33,1.2817476147120033e-07,2,0,7,4,0,3,0,3,0,1,4,1
5,47,37,6.237707594891617e-08,2,0,7,5,0,2,0,2,0,2,4,2
5,47,38,2.4372074136636e-08,2,0,7,5,0,3,0,3,0,2,4,2
5,47,39,1.7436315829399973e-05,2,0,7,5,0,4,0,4,0,2,4,2
5,47,41,3.748863673536107e-05,2,1,7,6,0,1,0,0,0,0,4,1
5,47,44,0.00587902357801795,2,1,7,6,0,4,0,0,0,0,4,1
5,47,45,0.9911330938339233,2,1,7,6,0,5,0,0,0,0,4,1
6,1,0,0.9989222884178162,0,0,3,1,1,0,1,0,1,2,1,4
6,1,3,1.5607115528837312e-06,0,0,3,3,1,3,1,1,1,1,1,1
6,1,4,7.572871709271567e-06,0,0,3,3,1,4,1,1,1,1,1,1
6,1,5,2.5205479232681682e-06,0,0,3,3,1,5,1,1,1,1,1,1
6,1,9,1.6247442999883788e-06,0,0,3,3,1,3,1,2,1,1,1,1
6,1,11,1.9150720618199557e-06,0,0,3,3,1,5,1,2,1,1,1,1
6,1,12,1.996130123416151e-07,0,0,3,3,1,6,1,2,1,1,1,1
6,1,14,5.523986601474462e-07,0,0,3,3,1,2,1,3,1,1,1,1
6,1,16,1.1238358638365753e-05,0,0,3,3,1,4,1,3,1,1,1,1
6,1,17,5.34374407834548e-07,0,0,3,3,1,5,1,3,1,1,1,1
6,1,20,1.595367575646378e-05,0,0,3,3,1,2,1,4,1,1,1,1
6,1,21,1.4056399777473416e-06,0,0,3,3,1,3,1,4,1,1,1,1
6,1,22,8.077849088294897e-06,0,0,3,3,1,4,1,4,1,1,1,1
6,1,25,4.712561349151656e-06,0,0,3,3,1,1,1,5,1,1,1,1
6,1,27,3.993744485342177e-06,0,0,3,3,1,3,1,5,1,1,1,1
6,1,30,1.7253229316338548e-06,0,0,3,3,1,6,1,5,1,1,1,1
6,1,33,3.1285620138987724e-07,0,0,3,4,1,3,1,3,1,1,1,1
6,1,34,8.340929298356059e-07,0,0,3,4,1,4,1,4,1,1,1,1
6,1,35,4.89511603518622e-06,0,0,3,4,1,5,1,5,1,1,1,1
6,1,39,0.00021509703947231174,0,0,3,5,1,4,1,4,1,2,1,2
6,1,40,0.0006896288832649589,0,0,3,5,1,5,1,5,1,2,1,2
6,1,41,4.095576878171414e-05,0,1,3,6,1,1,1,0,1,0,1,1
6,1,44,6.0002032114425674e-05,0,1,3,6,1,4,1,0,1,0,1,1
6,1,46,2.249201770609943e-06,0,1,3,6,1,6,1,0,1,0,1,1
6,2,0,0.7948004603385925,0,0,3,1,2,0,1,0,1,2,1,4
6,2,3,1.7097010641009547e-05,0,0,3,3,2,3,1,1,1,1,1,1
6,2,4,6.197656330186874e-05,0,0,3,3,2,4,1,1,1,1,1,1
6,2,5,5.676188084180467e-05,0,0,3,3,2,5,1,1,1,1,1,1
6,2,9,0.0001292019005632028,0,0,3,3,2,3,1,2,1,1,1,1
6,2,11,0.00021026498870924115,0,0,3,3,2,5,1,2,1,1,1,1
6,2,12,1.77920373971574e-05,0,0,3,3,2,6,1,2,1,1,1,1
6,2,14,2.2576186893275008e-05,0,0,3,3,2,2,1,3,1,1,1,1
6,2,16,0.00029108309536240995,0,0,3,3,2,4,1,3,1,1,1,1
6,2,17,0.00019562419038265944,0,0,3,3,2,5,1,3,1,1,1,1
6,2,20,0.000273836893029511,0,0,3,3,2,2,1,4,1,1,1,1
6,2,21,0.00015652763249818236,0,0,3,3,2,3,1,4,1,1,1,1
6,2,22,0.00033959641586989164,0,0,3,3,2,4,1,4,1,1,1,1
6,2,25,0.0052795703522861,0,0,3,3,2,1,1,5,1,1,1,1
6,2,27,0.0005749666597694159,0,0,3,3,2,3,1,5,1,1,1,1
6,2,30,0.0002662126789800823,0,0,3,3,2,6,1,5,1,1,1,1
6,2,33,0.00010457927419338375,0,0,3,4,2,3,1,3,1,1,1,1
6,2,34,0.0008032175246626139,0,0,3,4,2,4,1,4,1,1,1,1
6,2,35,0.0019475972512736917,0,0,3,4,2,5,1,5,1,1,1,1
6,2,39,0.005355438683182001,0,0,3,5,2,4,1,4,1,2,1,2
6,2,40,0.05647483840584755,0,0,3,5,2,5,1,5,1,2,1,2
6,2,41,0.1270919144153595,0,1,3,6,2,1,1,0,1,0,1,1
6,2,44,0.005047173704952002,0,1,3,6,2,4,1,0,1,0,1,1
6,2,46,0.00048180000158026814,0,1,3,6,2,6,1,0,1,0,1,1
6,6,0,0.9922212362289429,0,0,3,1,6,0,1,0,1,2,1,4
6,6,3,4.1158088492920797e-07,0,0,3,3,6,3,1,1,1,1,1,1
6,6,4,6.56563770462526e-07,0,0,3,3,6,4,1,1,1,1,1,1
6,6,5,1.934474539666553e-06,0,0,3,3,6,5,1,1,1,1,1,1
6,6,9,1.0406805586171686e-06,0,0,3,3,6,3,1,2,1,1,1,1
6,6,11,2.7720707294065505e-06,0,0,3,3,6,5,1,2,1,1,1,1
6,6,12,2.1866067356768326e-07,0,0,3,3,6,6,1,2,1,1,1,1
6,6,14,8.086389584605058e-07,0,0,3,3,6,2,1,3,1,1,1,1
6,6,16,5.40249402547488e-06,0,0,3,3,6,4,1,3,1,1,1,1
6,6,17,1.6947964240898727e-06,0,0,3,3,6,5,1,3,1,1,1,1
6,6,20,4.507228368311189e-05,0,0,3,3,6,2,1,4,1,1,1,1
6,6,21,4.136409643251682e-06,0,0,3,3,6,3,1,4,1,1,1,1
6,6,22,4.080411144968821e-06,0,0,3,3,6,4,1,4,1,1,1,1
6,6,25,6.72793757985346e-05,0,0,3,3,6,1,1,5,1,1,1,1
6,6,27,5.332873115548864e-06,0,0,3,3,6,3,1,5,1,1,1,1
6,6,30,1.71354095073184e-05,0,0,3,3,6,6,1,5,1,1,1,1
6,6,33,7.362580163317034e-07,0,0,3,4,6,3,1,3,1,1,1,1
6,6,34,3.6290930438553914e-06,0,0,3,4,6,4,1,4,1,1,1,1
6,6,35,1.3310367648955435e-05,0,0,3,4,6,5,1,5,1,1,1,1
6,6,39,0.00025093156727962196,0,0,3,5,6,4,1,4,1,2,1,2
6,6,40,0.007246423978358507,0,0,3,5,6,5,1,5,1,2,1,2
6,6,41,9.705671982374042e-05,0,1,3,6,6,1,1,0,1,0,1,1
6,6,44,7.6069513852417e-06,0,1,3,6,6,4,1,0,1,0,1,1
6,6,46,4.638705206616578e-07,0,1,3,6,6,6,1,0,1,0,1,1
6,7,0,0.9998647570610046,0,0,3,1,1,0,2,0,1,2,1,4
6,7,3,5.910580469503657e-08,0,0,3,3,1,3,2,1,1,1,1,1
6,7,4,1.0073985379221995e-07,0,0,3,3,1,4,2,1,1,1,1,1
6,7,5,6.13794881587637e-08,0,0,3,3,1,5,2,1,1,1,1,1
6,7,9,2.335631954508699e-08,0,0,3,3,1,3,2,2,1,1,1,1
6,7,11,1.6303854266652706e-08,0,0,3,3,1,5,2,2,1,1,1,1
6,7,12,7.986947991867055e-09,0,0,3,3,1,6,2,2,1,1,1,1
6,7,14,6.446545341987076e-08,0,0,3,3,1,2,2,3,1,1,1,1
6,7,16,8.30546525776299e-07,0,0,3,3,1,4,2,3,1,1,1,1
6,7,17,2.2954174117018056e-09,0,0,3,3,1,5,2,3,1,1,1,1
6,7,20,7.133617145882454e-07,0,0,3,3,1,2,2,4,1,1,1,1
6,7,21,2.3576154362103807e-08,0,0,3,3,1,3,2,4,1,1,1,1
6,7,22,6.422626341873183e-08,0,0,3,3,1,4,2,4,1,1,1,1
6,7,25,3.862423625378142e-08,0,0,3,3,1,1,2,5,1,1,1,1
6,7,27,8.782799909567984e-08,0,0,3,3,1,3,2,5,1,1,1,1
6,7,30,1.4677500814741506e-07,0,0,3,3,1,6,2,5,1,1,1,1
6,7,33,2.733983484048963e-09,0,0,3,4,1,3,2,3,1,1,1,1
6,7,34,1.8989403383073977e-09,0,0,3,4,1,4,2,4,1,1,1,1
6,7,35,1.777995883855965e-08,0,0,3,4,1,5,2,5,1,1,1,1
6,7,39,8.110078852041624e-06,0,0,3,5,1,4,2,4,1,2,1,2
6,7,40,0.00012580837938003242,0,0,3,5,1,5,2,5,1,2,1,2
6,7,41,1.3961711431420554e-07,0,1,3,6,1,1,2,0,1,0,1,1
6,7,44,2.3817653982405318e-07,0,1,3,6,1,4,2,0,1,0,1,1
6,7,46,1.4889669053275156e-08,0,1,3,6,1,6,2,0,1,0,1,1
6,8,0,0.9877687096595764,0,0,3,1,2,0,2,0,1,2,1,4
6,8,3,7.162115707615158e-06,0,0,3,3,2,3,2,1,1,1,1,1
6,8,4,2.469275386829395e-06,0,0,3,3,2,4,2,1,1,1,1,1
6,8,5,8.970844646682963e-06,0,0,3,3,2,5,2,1,1,1,1,1
6,8,9,6.795920853619464e-06,0,0,3,3,2,3,2,2,1,1,1,1
6,8,11,4.3130171434313525e-06,0,0,3,3,2,5,2,2,1,1,1,1
6,8,12,1.647320095798932e-05,0,0,3,3,2,6,2,2,1,1,1,1
6,8,14,4.595375230564969e-06,0,0,3,3,2,2,2,3,1,1,1,1
6,8,16,3.805421511060558e-05,0,0,3,3,2,4,2,3,1,1,1,1
6,8,17,6.698398919979809e-07,0,0,3,3,2,5,2,3,1,1,1,1
6,8,20,3.355503940838389e-05,0,0,3,3,2,2,2,4,1,1,1,1
6,8,21,7.100642051227624e-06,0,0,3,3,2,3,2,4,1,1,1,1
6,8,22,5.004376362194307e-06,0,0,3,3,2,4,2,4,1,1,1,1
6,8,25,2.4197783204726875e-05,0,0,3,3,2,1,2,5,1,1,1,1
6,8,27,2.152464548998978e-05,0,0,3,3,2,3,2,5,1,1,1,1
6,8,30,4.224479926051572e-05,0,0,3,3,2,6,2,5,1,1,1,1
6,8,33,4.51076857643784e-07,0,0,3,4,2,3,2,3,1,1,1,1
6,8,34,1.2431095797182934e-07,0,0,3,4,2,4,2,4,1,1,1,1
6,8,35,4.330134743213421e-06,0,0,3,4,2,5,2,5,1,1,1,1
6,8,39,0.00019446398073341697,0,0,3,5,2,4,2,4,1,2,1,2
6,8,40,0.011804294772446156,0,0,3,5,2,5,2,5,1,2,1,2
6,8,41,3.748112703760853e-06,0,1,3,6,2,1,2,0,1,0,1,1
6,8,44,7.778490953569417e-07,0,1,3,6,2,4,2,0,1,0,1,1
6,8,46,3.7953478226882e-07,0,1,3,6,2,6,2,0,1,0,1,1
6,10,0,0.9995251893997192,0,0,3,1,4,0,2,0,1,2,1,4
6,10,3,1.1356841866927425e-07,0,0,3,3,4,3,2,1,1,1,1,1
6,10,4,1.3326044268069381e-07,0,0,3,3,4,4,2,1,1,1,1,1
6,10,5,1.1038439140520495e-07,0,0,3,3,4,5,2,1,1,1,1,1
6,10,9,6.116960094004753e-08,0,0,3,3,4,3,2,2,1,1,1,1
6,10,11,7.380922539823587e-08,0,0,3,3,4,5,2,2,1,1,1,1
6,10,12,6.514805761526077e-08,0,0,3,3,4,6,2,2,1,1,1,1
6,10,14,1.2555061346120056e-07,0,0,3,3,4,2,2,3,1,1,1,1
6,10,16,5.687603561455035e-07,0,0,3,3,4,4,2,3,1,1,1,1
6,10,17,6.0851754746238385e-09,0,0,3,3,4,5,2,3,1,1,1,1
6,10,20,6.2824001361150295e-06,0,0,3,3,4,2,2,4,1,1,1,1
6,10,21,1.4456978192356473e-07,0,0,3,3,4,3,2,4,1,1,1,1
6,10,22,3.338677743158769e-07,0,0,3,3,4,4,2,4,1,1,1,1
6,10,25,4.044149193305202e-07,0,0,3,3,4,1,2,5,1,1,1,1
6,10,27,2.350606820300527e-07,0,0,3,3,4,3,2,5,1,1,1,1
6,10,30,5.752810352532833e-07,0,0,3,3,4,6,2,5,1,1,1,1
6,10,33,2.672501775435876e-09,0,0,3,4,4,3,2,3,1,1,1,1
6,10,34,3.720101560134026e-09,0,0,3,4,4,4,2,4,1,1,1,1
6,10,35,7.92513006331319e-08,0,0,3,4,4,5,2,5,1,1,1,1
6,10,39,1.3961536751594394e-05,0,0,3,5,4,4,2,4,1,2,1,2
6,10,40,0.0004508928977884352,0,0,3,5,4,5,2,5,1,2,1,2
6,10,41,1.621738299206754e-08,0,1,3,6,4,1,2,0,1,0,1,1
6,10,44,2.5182540497326045e-08,0,1,3,6,4,4,2,0,1,0,1,1
6,10,46,1.5562254818135557e-09,0,1,3,6,4,6,2,0,1,0,1,1
6,13,0,0.982003390789032,0,0,3,1,1,0,3,0,1,2,1,4
6,13,3,0.00020808048429898918,0,0,3,3,1,3,3,1,1,1,1,1
6,13,4,0.00011826496483990923,0,0,3,3,1,4,3,1,1,1,1,1
6,13,5,0.00017722994380164891,0,0,3,3,1,5,3,1,1,1,1,1
6,13,9,7.18829978723079e-05,0,0,3,3,1,3,3,2,1,1,1,1
6,13,11,0.00012281606905162334,0,0,3,3,1,5,3,2,1,1,1,1
6,13,12,5.511601557373069e-05,0,0,3,3,1,6,3,2,1,1,1,1
6,13,14,0.0005209954106248915,0,0,3,3,1,2,3,3,1,1,1,1
6,13,16,0.0008234417764469981,0,0,3,3,1,4,3,3,1,1,1,1
6,13,17,5.518819307326339e-05,0,0,3,3,1,5,3,3,1,1,1,1
6,13,20,0.0009594738949090242,0,0,3,3,1,2,3,4,1,1,1,1
6,13,21,0.00014312258281279355,0,0,3,3,1,3,3,4,1,1,1,1
6,13,22,8.575364336138591e-05,0,0,3,3,1,4,3,4,1,1,1,1
6,13,25,0.0002809911093208939,0,0,3,3,1,1,3,5,1,1,1,1
6,13,27,0.00039676789310760796,0,0,3,3,1,3,3,5,1,1,1,1
6,13,30,0.0004396025324240327,0,0,3,3,1,6,3,5,1,1,1,1
6,13,33,5.895906360819936e-05,0,0,3,4,1,3,3,3,1,1,1,1
6,13,34,8.594619430368766e-06,0,0,3,4,1,4,3,4,1,1,1,1
6,13,35,0.00013668074097950011,0,0,3,4,1,5,3,5,1,1,1,1
6,13,39,0.0013277624966576695,0,0,3,5,1,4,3,4,1,2,1,2
6,13,40,0.011297100223600864,0,0,3,5,1,5,3,5,1,2,1,2
6,13,41,0.0003906696510966867,0,1,3,6,1,1,3,0,1,0,1,1
6,13,44,0.0001896050089271739,0,1,3,6,1,4,3,0,1,0,1,1
6,13,46,0.0001288858475163579,0,1,3,6,1,6,3,0,1,0,1,1
6,15,0,0.9866076707839966,0,0,3,1,3,0,3,0,1,2,1,4
6,15,3,8.37491427319037e-08,0,0,3,3,3,3,3,1,1,1,1,1
6,15,4,3.6910414280555415e-08,0,0,3,3,3,4,3,1,1,1,1,1
6,15,5,8.44664270971407e-07,0,0,3,3,3,5,3,1,1,1,1,1
6,15,9,1.0870984112898441e-07,0,0,3,3,3,3,3,2,1,1,1,1
6,15,11,6.004207762089209e-07,0,0,3,3,3,5,3,2,1,1,1,1
6,15,12,6.311095290811863e-08,0,0,3,3,3,6,3,2,1,1,1,1
6,15,14,8.892062055565475e-07,0,0,3,3,3,2,3,3,1,1,1,1
6,15,16,1.7939877352546318e-06,0,0,3,3,3,4,3,3,1,1,1,1
6,15,17,5.199001975597639e-07,0,0,3,3,3,5,3,3,1,1,1,1
6,15,20,8.847050048643723e-05,0,0,3,3,3,2,3,4,1,1,1,1
6,15,21,5.371112479224394e-07,0,0,3,3,3,3,3,4,1,1,1,1
6,15,22,4.665209587528807e-07,0,0,3,3,3,4,3,4,1,1,1,1
6,15,25,5.222448817221448e-05,0,0,3,3,3,1,3,5,1,1,1,1
6,15,27,2.2498215912492014e-06,0,0,3,3,3,3,3,5,1,1,1,1
6,15,30,9.70556266111089e-06,0,0,3,3,3,6,3,5,1,1,1,1
6,15,33,1.145411232528204e-07,0,0,3,4,3,3,3,3,1,1,1,1
6,15,34,5.964739102637395e-08,0,0,3,4,3,4,3,4,1,1,1,1
6,15,35,4.538446319202194e-06,0,0,3,4,3,5,3,5,1,1,1,1
6,15,39,8.708357199793682e-05,0,0,3,5,3,4,3,4,1,2,1,2
6,15,40,0.013071054592728615,0,0,3,5,3,5,3,5,1,2,1,2
6,15,41,6.954684795346111e-05,0,1,3,6,3,1,3,0,1,0,1,1
6,15,44,8.867945666679589e-07,0,1,3,6,3,4,3,0,1,0,1,1
6,15,46,3.3696016998874256e-07,0,1,3,6,3,6,3,0,1,0,1,1
6,18,0,0.9233063459396362,0,0,3,1,6,0,3,0,1,2,1,4
6,18,3,0.000296557234833017,0,0,3,3,6,3,3,1,1,1,1,1
6,18,4,0.00017439626390114427,0,0,3,3,6,4,3,1,1,1,1,1
6,18,5,0.0007078456110320985,0,0,3,3,6,5,3,1,1,1,1,1
6,18,9,0.0001380363100906834,0,0,3,3,6,3,3,2,1,1,1,1
6,18,11,0.0002766205871012062,0,0,3,3,6,5,3,2,1,1,1,1
6,18,12,1.1734512554539833e-05,0,0,3,3,6,6,3,2,1,1,1,1
6,18,14,0.0011315036099404097,0,0,3,3,6,2,3,3,1,1,1,1
6,18,16,0.0007457153405994177,0,0,3,3,6,4,3,3,1,1,1,1
6,18,17,0.0009017994161695242,0,0,3,3,6,5,3,3,1,1,1,1
6,18,20,0.010594306513667107,0,0,3,3,6,2,3,4,1,1,1,1
6,18,21,0.0008496832451783121,0,0,3,3,6,3,3,4,1,1,1,1
6,18,22,0.0001580298994667828,0,0,3,3,6,4,3,4,1,1,1,1
6,18,25,0.004509632010012865,0,0,3,3,6,1,3,5,1,1,1,1
6,18,27,0.004355780780315399,0,0,3,3,6,3,3,5,1,1,1,1
6,18,30,0.0022396070417016745,0,0,3,3,6,6,3,5,1,1,1,1
6,18,33,0.0008455000352114439,0,0,3,4,6,3,3,3,1,1,1,1
6,18,34,0.00013346153718885034,0,0,3,4,6,4,3,4,1,1,1,1
6,18,35,0.003559770528227091,0,0,3,4,6,5,3,5,1,1,1,1
6,18,39,0.0006377517129294574,0,0,3,5,6,4,3,4,1,2,1,2
6,18,40,0.03726367652416229,0,0,3,5,6,5,3,5,1,2,1,2
6,18,41,0.006553357467055321,0,1,3,6,6,1,3,0,1,0,1,1
6,18,44,0.0003777671081479639,0,1,3,6,6,4,3,0,1,0,1,1
6,18,46,0.00023087750014383346,0,1,3,6,6,6,3,0,1,0,1,1
6,19,0,0.9941824078559875,0,0,3,1,1,0,4,0,1,2,1,4
6,19,3,1.076849457604112e-06,0,0,3,3,1,3,4,1,1,1,1,1
6,19,4,9.165493679574865e-07,0,0,3,3,1,4,4,1,1,1,1,1
6,19,5,3.5673060665430967e-06,0,0,3,3,1,5,4,1,1,1,1,1
6,19,9,3.280886460288457e-07,0,0,3,3,1,3,4,2,1,1,1,1
6,19,11,1.21656000828807e-06,0,0,3,3,1,5,4,2,1,1,1,1
6,19,12,7.832777981775507e-08,0,0,3,3,1,6,4,2,1,1,1,1
6,19,14,3.1047361517266836e-06,0,0,3,3,1,2,4,3,1,1,1,1
6,19,16,1.4464946616499219e-05,0,0,3,3,1,4,4,3,1,1,1,1
6,19,17,1.1506898545121658e-06,0,0,3,3,1,5,4,3,1,1,1,1
6,19,20,2.877188308048062e-05,0,0,3,3,1,2,4,4,1,1,1,1
6,19,21,1.06483412309899e-06,0,0,3,3,1,3,4,4,1,1,1,1
6,19,22,2.4316243525390746e-06,0,0,3,3,1,4,4,4,1,1,1,1
6,19,25,1.1092202839790843e-05,0,0,3,3,1,1,4,5,1,1,1,1
6,19,27,4.371132035885239e-06,0,0,3,3,1,3,4,5,1,1,1,1
6,19,30,7.108149475243408e-06,0,0,3,3,1,6,4,5,1,1,1,1
6,19,33,2.52845069326213e-07,0,0,3,4,1,3,4,3,1,1,1,1
6,19,34,2.1418289009034197e-07,0,0,3,4,1,4,4,4,1,1,1,1
6,19,35,2.4653966193000088e-06,0,0,3,4,1,5,4,5,1,1,1,1
6,19,39,0.00011354706657584757,0,0,3,5,1,4,4,4,1,2,1,2
6,19,40,0.005598752293735743,0,0,3,5,1,5,4,5,1,2,1,2
6,19,41,1.4766188542125747e-05,0,1,3,6,1,1,4,0,1,0,1,1
6,19,44,6.49685080134077e-06,0,1,3,6,1,4,4,0,1,0,1,1
6,19,46,5.090950594421884e-07,0,1,3,6,1,6,4,0,1,0,1,1
6,23,0,0.9872590899467468,0,0,3,1,5,0,4,0,1,2,1,4
6,23,3,4.380936843517702e-06,0,0,3,3,5,3,4,1,1,1,1,1
6,23,4,3.592108896555146e-06,0,0,3,3,5,4,4,1,1,1,1,1
6,23,5,2.0087694792891853e-05,0,0,3,3,5,5,4,1,1,1,1,1
6,23,9,2.513404524506768e-06,0,0,3,3,5,3,4,2,1,1,1,1
6,23,11,4.343920863902895e-06,0,0,3,3,5,5,4,2,1,1,1,1
6,23,12,1.1243390645176987e-06,0,0,3,3,5,6,4,2,1,1,1,1
6,23,14,2.2719329990650294e-06,0,0,3,3,5,2,4,3,1,1,1,1
6,23,16,7.293587259482592e-06,0,0,3,3,5,4,4,3,1,1,1,1
6,23,17,1.3929443412052933e-06,0,0,3,3,5,5,4,3,1,1,1,1
6,23,20,0.00013460280024446547,0,0,3,3,5,2,4,4,1,1,1,1
6,23,21,1.4284137250797357e-05,0,0,3,3,5,3,4,4,1,1,1,1
6,23,22,1.3499635315383784e-05,0,0,3,3,5,4,4,4,1,1,1,1
6,23,25,2.3819817215553485e-05,0,0,3,3,5,1,4,5,1,1,1,1
6,23,27,1.3396677786658984e-05,0,0,3,3,5,3,4,5,1,1,1,1
6,23,30,4.6311044570757076e-05,0,0,3,3,5,6,4,5,1,1,1,1
6,23,33,7.707729992034729e-07,0,0,3,4,5,3,4,3,1,1,1,1
6,23,34,2.072490360660595e-06,0,0,3,4,5,4,4,4,1,1,1,1
6,23,35,1.9728129700524732e-05,0,0,3,4,5,5,4,5,1,1,1,1
6,23,39,0.00021427801402751356,0,0,3,5,5,4,4,4,1,2,1,2
6,23,40,0.012206323444843292,0,0,3,5,5,5,4,5,1,2,1,2
6,23,41,2.6550001166469883e-06,0,1,3,6,5,1,4,0,1,0,1,1
6,23,44,2.163053750336985e-06,0,1,3,6,5,4,4,0,1,0,1,1
6,23,46,8.805526618971271e-08,0,1,3,6,5,6,4,0,1,0,1,1
6,24,0,0.9496573209762573,0,0,3,1,6,0,4,0,1,2,1,4
6,24,3,2.9864462703699246e-05,0,0,3,3,6,3,4,1,1,1,1,1
6,24,4,1.9716731912922114e-05,0,0,3,3,6,4,4,1,1,1,1,1
6,24,5,0.0001289750071009621,0,0,3,3,6,5,4,1,1,1,1,1
6,24,9,4.3071999243693426e-05,0,0,3,3,6,3,4,2,1,1,1,1
6,24,11,7.03523910488002e-05,0,0,3,3,6,5,4,2,1,1,1,1
6,24,12,1.9726890968740918e-05,0,0,3,3,6,6,4,2,1,1,1,1
6,24,14,0.00010686799214454368,0,0,3,3,6,2,4,3,1,1,1,1
6,24,16,0.0001564709236845374,0,0,3,3,6,4,4,3,1,1,1,1
6,24,17,9.719052468426526e-05,0,0,3,3,6,5,4,3,1,1,1,1
6,24,20,0.002843302907422185,0,0,3,3,6,2,4,4,1,1,1,1
6,24,21,0.00010300989379175007,0,0,3,3,6,3,4,4,1,1,1,1
6,24,22,0.00011587476183194667,0,0,3,3,6,4,4,4,1,1,1,1
6,24,25,0.0017606099136173725,0,0,3,3,6,1,4,5,1,1,1,1
6,24,27,0.000352611270500347,0,0,3,3,6,3,4,5,1,1,1,1
6,24,30,0.0006337833474390209,0,0,3,3,6,6,4,5,1,1,1,1
6,24,33,2.9556620575021952e-05,0,0,3,4,6,3,4,3,1,1,1,1
6,24,34,4.3624862883007154e-05,0,0,3,4,6,4,4,4,1,1,1,1
6,24,35,0.0004561989044304937,0,0,3,4,6,5,4,5,1,1,1,1
6,24,39,0.0011189861688762903,0,0,3,5,6,4,4,4,1,2,1,2
6,24,40,0.040629494935274124,0,0,3,5,6,5,4,5,1,2,1,2
6,24,41,0.0014604490716010332,0,1,3,6,6,1,4,0,1,0,1,1
6,24,44,9.740199311636388e-05,0,1,3,6,6,4,4,0,1,0,1,1
6,24,46,2.6151645215577446e-05,0,1,3,6,6,6,4,0,1,0,1,1
6,26,0,0.9621801972389221,0,0,3,1,2,0,5,0,1,2,1,4
6,26,3,1.7071630509235547e-07,0,0,3,3,2,3,5,1,1,1,1,1
6,26,4,3.925924119130286e-08,0,0,3,3,2,4,5,1,1,1,1,1
6,26,5,2.3120192054193467e-06,0,0,3,3,2,5,5,1,1,1,1,1
6,26,9,8.204494150731989e-08,0,0,3,3,2,3,5,2,1,1,1,1
6,26,11,7.288257961590716e-07,0,0,3,3,2,5,5,2,1,1,1,1
6,26,12,1.053643643444957e-07,0,0,3,3,2,6,5,2,1,1,1,1
6,26,14,1.6030088545448962e-06,0,0,3,3,2,2,5,3,1,1,1,1
6,26,16,2.075275006063748e-06,0,0,3,3,2,4,5,3,1,1,1,1
6,26,17,5.203622208682646e-07,0,0,3,3,2,5,5,3,1,1,1,1
6,26,20,8.33302692626603e-05,0,0,3,3,2,2,5,4,1,1,1,1
6,26,21,1.0431550663270173e-06,0,0,3,3,2,3,5,4,1,1,1,1
6,26,22,7.511357580369804e-07,0,0,3,3,2,4,5,4,1,1,1,1
6,26,25,1.508854802523274e-05,0,0,3,3,2,1,5,5,1,1,1,1
6,26,27,9.724005849420791e-07,0,0,3,3,2,3,5,5,1,1,1,1
6,26,30,1.4674763406219427e-05,0,0,3,3,2,6,5,5,1,1,1,1
6,26,33,4.9206548169422604e-08,0,0,3,4,2,3,5,3,1,1,1,1
6,26,34,4.892815397283812e-08,0,0,3,4,2,4,5,4,1,1,1,1
6,26,35,1.0895257673837477e-06,0,0,3,4,2,5,5,5,1,1,1,1
6,26,39,0.00010643131099641323,0,0,3,5,2,4,5,4,1,2,1,2
6,26,40,0.03758762776851654,0,0,3,5,2,5,5,5,1,2,1,2
6,26,41,9.59744056672207e-07,0,1,3,6,2,1,5,0,1,0,1,1
6,26,44,1.1045536041365267e-07,0,1,3,6,2,4,5,0,1,0,1,1
6,26,46,1.4732548514473365e-08,0,1,3,6,2,6,5,0,1,0,1,1
6,28,0,0.9931541681289673,0,0,3,1,4,0,5,0,1,2,1,4
6,28,3,1.5487868267882732e-06,0,0,3,3,4,3,5,1,1,1,1,1
6,28,4,6.924696549504006e-07,0,0,3,3,4,4,5,1,1,1,1,1
6,28,5,3.5762602692557266e-06,0,0,3,3,4,5,5,1,1,1,1,1
6,28,9,2.6164292421526625e-07,0,0,3,3,4,3,5,2,1,1,1,1
6,28,11,1.2529818604889442e-06,0,0,3,3,4,5,5,2,1,1,1,1
6,28,12,4.926232577417977e-07,0,0,3,3,4,6,5,2,1,1,1,1
6,28,14,6.117531938798493e-06,0,0,3,3,4,2,5,3,1,1,1,1
6,28,16,7.381864179478725e-06,0,0,3,3,4,4,5,3,1,1,1,1
6,28,17,3.0423137786783627e-07,0,0,3,3,4,5,5,3,1,1,1,1
6,28,20,0.00017348553228657693,0,0,3,3,4,2,5,4,1,1,1,1
6,28,21,1.055848088071798e-06,0,0,3,3,4,3,5,4,1,1,1,1
6,28,22,3.207367626600899e-06,0,0,3,3,4,4,5,4,1,1,1,1
6,28,25,1.4870731320115738e-05,0,0,3,3,4,1,5,5,1,1,1,1
6,28,27,2.518054770916933e-06,0,0,3,3,4,3,5,5,1,1,1,1
6,28,30,1.1387784070393536e-05,0,0,3,3,4,6,5,5,1,1,1,1
6,28,33,8.830083686461876e-08,0,0,3,4,4,3,5,3,1,1,1,1
6,28,34,5.0462240608339926e-08,0,0,3,4,4,4,5,4,1,1,1,1
6,28,35,2.008999217650853e-06,0,0,3,4,4,5,5,5,1,1,1,1
6,28,39,0.00028090423438698053,0,0,3,5,4,4,5,4,1,2,1,2
6,28,40,0.006319224368780851,0,0,3,5,4,5,5,5,1,2,1,2
6,28,41,9.965251592802815e-06,0,1,3,6,4,1,5,0,1,0,1,1
6,28,44,4.238803740008734e-06,0,1,3,6,4,4,5,0,1,0,1,1
6,28,46,1.285026428377023e-06,0,1,3,6,4,6,5,0,1,0,1,1
6,29,0,0.9793729186058044,0,0,3,1,5,0,5,0,1,2,1,4
6,29,3,1.4936936167941894e-05,0,0,3,3,5,3,5,1,1,1,1,1
6,29,4,2.666954605956562e-05,0,0,3,3,5,4,5,1,1,1,1,1
6,29,5,5.782166772405617e-05,0,0,3,3,5,5,5,1,1,1,1,1
6,29,9,1.7628379282541573e-05,0,0,3,3,5,3,5,2,1,1,1,1
6,29,11,6.595679587917402e-05,0,0,3,3,5,5,5,2,1,1,1,1
6,29,12,1.5067943422764074e-05,0,0,3,3,5,6,5,2,1,1,1,1
6,29,14,4.0335165977012366e-05,0,0,3,3,5,2,5,3,1,1,1,1
6,29,16,7.010467379586771e-05,0,0,3,3,5,4,5,3,1,1,1,1
6,29,17,2.0059005692019127e-05,0,0,3,3,5,5,5,3,1,1,1,1
6,29,20,0.001584523357450962,0,0,3,3,5,2,5,4,1,1,1,1
6,29,21,6.688912253594026e-05,0,0,3,3,5,3,5,4,1,1,1,1
6,29,22,0.00020696193678304553,0,0,3,3,5,4,5,4,1,1,1,1
6,29,25,0.00022189006267581135,0,0,3,3,5,1,5,5,1,1,1,1
6,29,27,3.118439417448826e-05,0,0,3,3,5,3,5,5,1,1,1,1
6,29,30,0.00014909502351656556,0,0,3,3,5,6,5,5,1,1,1,1
6,29,33,8.845012416713871e-06,0,0,3,4,5,3,5,3,1,1,1,1
6,29,34,6.782630225643516e-05,0,0,3,4,5,4,5,4,1,1,1,1
6,29,35,8.875654748408124e-05,0,0,3,4,5,5,5,5,1,1,1,1
6,29,39,0.0033786483108997345,0,0,3,5,5,4,5,4,1,2,1,2
6,29,40,0.014351464807987213,0,0,3,5,5,5,5,5,1,2,1,2
6,29,41,6.385497545124963e-05,0,1,3,6,5,1,5,0,1,0,1,1
6,29,44,7.488796836696565e-05,0,1,3,6,5,4,5,0,1,0,1,1
6,29,46,3.7025890833319863e-06,0,1,3,6,5,6,5,0,1,0,1,1
6,31,0,0.9982420206069946,0,0,4,1,1,0,1,0,1,2,1,4
6,31,3,9.242946248377848e-07,0,0,4,3,1,3,1,1,1,1,1,1
6,31,4,3.954899057134753e-06,0,0,4,3,1,4,1,1,1,1,1,1
6,31,5,2.2998899567028275e-06,0,0,4,3,1,5,1,1,1,1,1,1
6,31,9,1.111476535697875e-06,0,0,4,3,1,3,1,2,1,1,1,1
6,31,11,1.5754221749375574e-06,0,0,4,3,1,5,1,2,1,1,1,1
6,31,12,1.5630790528575744e-07,0,0,4,3,1,6,1,2,1,1,1,1
6,31,14,4.636070229935285e-07,0,0,4,3,1,2,1,3,1,1,1,1
6,31,16,6.625076821364928e-06,0,0,4,3,1,4,1,3,1,1,1,1
6,31,17,3.7738479363724764e-07,0,0,4,3,1,5,1,3,1,1,1,1
6,31,20,2.6919708034256473e-05,0,0,4,3,1,2,1,4,1,1,1,1
6,31,21,3.525207603161107e-06,0,0,4,3,1,3,1,4,1,1,1,1
6,31,22,4.167693987255916e-06,0,0,4,3,1,4,1,4,1,1,1,1
6,31,25,9.043980753631331e-06,0,0,4,3,1,1,1,5,1,1,1,1
6,31,27,5.40176552021876e-06,0,0,4,3,1,3,1,5,1,1,1,1
6,31,30,9.376331945532002e-06,0,0,4,3,1,6,1,5,1,1,1,1
6,31,33,9.123699555857456e-07,0,0,4,4,1,3,1,3,1,1,1,1
6,31,34,1.6733222309994744e-06,0,0,4,4,1,4,1,4,1,1,1,1
6,31,35,7.919961717561819e-06,0,0,4,4,1,5,1,5,1,1,1,1
6,31,39,5.112968210596591e-05,0,0,4,5,1,4,1,4,1,2,1,2
6,31,40,0.0016185706481337547,0,0,4,5,1,5,1,5,1,2,1,2
6,31,41,1.050715127348667e-06,0,1,4,6,1,1,1,0,1,0,1,1
6,31,44,7.684415663788968e-07,0,1,4,6,1,4,1,0,1,0,1,1
6,31,46,1.9386005689625563e-08,0,1,4,6,1,6,1,0,1,0,1,1
6,32,0,0.9796262979507446,0,0,4,1,2,0,2,0,1,2,1,4
6,32,3,1.2550149222079199e-05,0,0,4,3,2,3,2,1,1,1,1,1
6,32,4,7.951918632898014e-06,0,0,4,3,2,4,2,1,1,1,1,1
6,32,5,3.609599662013352e-05,0,0,4,3,2,5,2,1,1,1,1,1
6,32,9,1.1864168300235178e-05,0,0,4,3,2,3,2,2,1,1,1,1
6,32,11,9.883118764264509e-06,0,0,4,3,2,5,2,2,1,1,1,1
6,32,12,4.665533651859732e-06,0,0,4,3,2,6,2,2,1,1,1,1
6,32,14,7.244019070640206e-05,0,0,4,3,2,2,2,3,1,1,1,1
6,32,16,0.00010914997983491048,0,0,4,3,2,4,2,3,1,1,1,1
6,32,17,1.0929643394774757e-05,0,0,4,3,2,5,2,3,1,1,1,1
6,32,20,0.0011183309834450483,0,0,4,3,2,2,2,4,1,1,1,1
6,32,21,2.148924977518618e-05,0,0,4,3,2,3,2,4,1,1,1,1
6,32,22,1.491153034294257e-05,0,0,4,3,2,4,2,4,1,1,1,1
6,32,25,0.00011101416021119803,0,0,4,3,2,1,2,5,1,1,1,1
6,32,27,0.00010059015039587393,0,0,4,3,2,3,2,5,1,1,1,1
6,32,30,0.00026996235828846693,0,0,4,3,2,6,2,5,1,1,1,1
6,32,33,6.035295427864185e-06,0,0,4,4,2,3,2,3,1,1,1,1
6,32,34,2.0054803826496936e-06,0,0,4,4,2,4,2,4,1,1,1,1
6,32,35,2.5413268303964287e-05,0,0,4,4,2,5,2,5,1,1,1,1
6,32,39,0.000127560124383308,0,0,4,5,2,4,2,4,1,2,1,2
6,32,40,0.01829913817346096,0,0,4,5,2,5,2,5,1,2,1,2
6,32,41,1.2373971003398765e-06,0,1,4,6,2,1,2,0,1,0,1,1
6,32,44,3.41933883873935e-07,0,1,4,6,2,4,2,0,1,0,1,1
6,32,46,1.0376862746852566e-07,0,1,4,6,2,6,2,0,1,0,1,1
6,36,0,1.0975235454679932e-05,0,0,5,1,1,0,1,0,2,2,2,4
6,36,3,5.10415429744171e-06,0,0,5,3,1,3,1,1,2,1,2,1
6,36,4,9.780816981219687e-06,0,0,5,3,1,4,1,1,2,1,2,1
6,36,5,2.9717198231082875e-06,0,0,5,3,1,5,1,1,2,1,2,1
6,36,9,1.4069687495066319e-05,0,0,5,3,1,3,1,2,2,1,2,1
6,36,11,1.9639943275251426e-05,0,0,5,3,1,5,1,2,2,1,2,1
6,36,12,2.5232181997125736e-06,0,0,5,3,1,6,1,2,2,1,2,1
6,36,14,2.129765334757394e-06,0,0,5,3,1,2,1,3,2,1,2,1
6,36,16,1.53858054545708e-05,0,0,5,3,1,4,1,3,2,1,2,1
6,36,17,3.354583532200195e-05,0,0,5,3,1,5,1,3,2,1,2,1
6,36,20,2.936714338375168e-07,0,0,5,3,1,2,1,4,2,1,2,1
6,36,21,6.676110388070811e-06,0,0,5,3,1,3,1,4,2,1,2,1
6,36,22,6.621191459998954e-06,0,0,5,3,1,4,1,4,2,1,2,1
6,36,25,7.059587369440123e-05,0,0,5,3,1,1,1,5,2,1,2,1
6,36,27,2.4622800992801785e-05,0,0,5,3,1,3,1,5,2,1,2,1
6,36,30,2.877582346627605e-06,0,0,5,3,1,6,1,5,2,1,2,1
6,36,33,2.198916263296269e-05,0,0,5,4,1,3,1,3,2,1,2,1
6,36,34,3.219258724129759e-05,0,0,5,4,1,4,1,4,2,1,2,1
6,36,35,6.833047518739477e-05,0,0,5,4,1,5,1,5,2,1,2,1
6,36,39,7.945702964207157e-05,0,0,5,5,1,4,1,4,2,2,2,2
6,36,40,1.926999721035827e-05,0,0,5,5,1,5,1,5,2,2,2,2
6,36,41,0.8490513563156128,0,1,5,6,1,1,1,0,2,0,2,1
6,36,44,0.04560307040810585,0,1,5,6,1,4,1,0,2,0,2,1
6,36,46,0.10489656776189804,0,1,5,6,1,6,1,0,2,0,2,1
6,37,0,0.0024584925267845392,0,0,5,1,2,0,2,0,2,2,2,4
6,37,3,4.320128937251866e-05,0,0,5,3,2,3,2,1,2,1,2,1
6,37,4,1.6973035599221475e-05,0,0,5,3,2,4,2,1,2,1,2,1
6,37,5,3.36003940901719e-05,0,0,5,3,2,5,2,1,2,1,2,1
6,37,9,9.394915832672268e-05,0,0,5,3,2,3,2,2,2,1,2,1
6,37,11,0.0001787761430023238,0,0,5,3,2,5,2,2,2,1,2,1
6,37,12,7.842730701668188e-05,0,0,5,3,2,6,2,2,2,1,2,1
6,37,14,5.464797141030431e-05,0,0,5,3,2,2,2,3,2,1,2,1
6,37,16,0.000245190312853083,0,0,5,3,2,4,2,3,2,1,2,1
6,37,17,0.00019274979422334582,0,0,5,3,2,5,2,3,2,1,2,1
6,37,20,1.5695104593760334e-05,0,0,5,3,2,2,2,4,2,1,2,1
6,37,21,0.00012028604396618903,0,0,5,3,2,3,2,4,2,1,2,1
6,37,22,3.697192732943222e-05,0,0,5,3,2,4,2,4,2,1,2,1
6,37,25,0.014669068157672882,0,0,5,3,2,1,2,5,2,1,2,1
6,37,27,0.002170753199607134,0,0,5,3,2,3,2,5,2,1,2,1
6,37,30,0.0003917650901712477,0,0,5,3,2,6,2,5,2,1,2,1
6,37,33,0.0001540352386655286,0,0,5,4,2,3,2,3,2,1,2,1
6,37,34,2.5888661184580997e-05,0,0,5,4,2,4,2,4,2,1,2,1
6,37,35,0.002025680150836706,0,0,5,4,2,5,2,5,2,1,2,1
6,37,39,0.0005233082920312881,0,0,5,5,2,4,2,4,2,2,2,2
6,37,40,0.019493507221341133,0,0,5,5,2,5,2,5,2,2,2,2
6,37,41,0.9357078075408936,0,1,5,6,2,1,2,0,2,0,2,1
6,37,44,0.002715399255976081,0,1,5,6,2,4,2,0,2,0,2,1
6,37,46,0.01855400949716568,0,1,5,6,2,6,2,0,2,0,2,1
6,38,0,0.00028763985028490424,0,0,5,1,3,0,3,0,2,2,2,4
6,38,3,1.2662715676015068e-07,0,0,5,3,3,3,3,1,2,1,2,1
6,38,4,1.405936878029479e-08,0,0,5,3,3,4,3,1,2,1,2,1
6,38,5,7.556948276032927e-07,0,0,5,3,3,5,3,1,2,1,2,1
6,38,9,1.4727453390150913e-07,0,0,5,3,3,3,3,2,2,1,2,1
6,38,11,1.58059447130654e-06,0,0,5,3,3,5,3,2,2,1,2,1
6,38,12,3.5854817781455495e-08,0,0,5,3,3,6,3,2,2,1,2,1
6,38,14,3.907321570295608e-06,0,0,5,3,3,2,3,3,2,1,2,1
6,38,16,3.577181360014947e-06,0,0,5,3,3,4,3,3,2,1,2,1
6,38,17,2.065239277726505e-05,0,0,5,3,3,5,3,3,2,1,2,1
6,38,20,4.6259565351647325e-06,0,0,5,3,3,2,3,4,2,1,2,1
6,38,21,5.881743732061295e-07,0,0,5,3,3,3,3,4,2,1,2,1
6,38,22,1.474863324801845e-07,0,0,5,3,3,4,3,4,2,1,2,1
6,38,25,0.004054763354361057,0,0,5,3,3,1,3,5,2,1,2,1
6,38,27,7.823184569133446e-05,0,0,5,3,3,3,3,5,2,1,2,1
6,38,30,2.0719853637274355e-05,0,0,5,3,3,6,3,5,2,1,2,1
6,38,33,5.526245331566315e-06,0,0,5,4,3,3,3,3,2,1,2,1
6,38,34,2.1356549950724002e-07,0,0,5,4,3,4,3,4,2,1,2,1
6,38,35,0.00014646346971858293,0,0,5,4,3,5,3,5,2,1,2,1
6,38,39,1.432399767509196e-05,0,0,5,5,3,4,3,4,2,2,2,2
6,38,40,0.00671617966145277,0,0,5,5,3,5,3,5,2,2,2,2
6,38,41,0.987088680267334,0,1,5,6,3,1,3,0,2,0,2,1
6,38,44,6.886941991979256e-05,0,1,5,6,3,4,3,0,2,0,2,1
6,38,46,0.001482645282521844,0,1,5,6,3,6,3,0,2,0,2,1
6,42,0,0.9521021246910095,1,0,6,1,2,0,0,0,0,2,1,4
6,42,3,1.4086629107623594e-07,1,0,6,3,2,3,0,1,0,1,1,1
6,42,4,5.632037982650218e-07,1,0,6,3,2,4,0,1,0,1,1,1
6,42,5,1.171698500002094e-06,1,0,6,3,2,5,0,1,0,1,1,1
6,42,9,8.616997320132214e-07,1,0,6,3,2,3,0,2,0,1,1,1
6,42,11,1.7214673562193639e-06,1,0,6,3,2,5,0,2,0,1,1,1
6,42,12,9.654041832618532e-07,1,0,6,3,2,6,0,2,0,1,1,1
6,42,14,6.410304820292367e-08,1,0,6,3,2,2,0,3,0,1,1,1
6,42,16,1.1321941201458685e-05,1,0,6,3,2,4,0,3,0,1,1,1
6,42,17,1.9199322309759737e-07,1,0,6,3,2,5,0,3,0,1,1,1
6,42,20,2.397212711002794e-06,1,0,6,3,2,2,0,4,0,1,1,1
6,42,21,5.051267066846776e-07,1,0,6,3,2,3,0,4,0,1,1,1
6,42,22,2.7848657282447675e-06,1,0,6,3,2,4,0,4,0,1,1,1
6,42,25,3.602450306061655e-05,1,0,6,3,2,1,0,5,0,1,1,1
6,42,27,1.7811572661230457e-06,1,0,6,3,2,3,0,5,0,1,1,1
6,42,30,9.27249129745178e-06,1,0,6,3,2,6,0,5,0,1,1,1
6,42,33,1.8459989803432109e-07,1,0,6,4,2,3,0,3,0,1,1,1
6,42,34,3.47747800333309e-07,1,0,6,4,2,4,0,4,0,1,1,1
6,42,35,4.482593340071617e-06,1,0,6,4,2,5,0,5,0,1,1,1
6,42,39,0.0005716789164580405,1,0,6,5,2,4,0,4,0,2,1,2
6,42,40,0.04723869636654854,1,0,6,5,2,5,0,5,0,2,1,2
6,42,41,1.1651135537249502e-05,1,1,6,6,2,1,0,0,0,0,1,1
6,42,44,1.0079099865833996e-06,1,1,6,6,2,4,0,0,0,0,1,1
6,42,46,9.05353729763192e-08,1,1,6,6,2,6,0,0,0,0,1,1
6,43,0,0.9648736119270325,1,0,6,1,3,0,0,0,0,2,1,4
6,43,3,9.860776778447544e-11,1,0,6,3,3,3,0,1,0,1,1,1
6,43,4,2.076934318973045e-10,1,0,6,3,3,4,0,1,0,1,1,1
6,43,5,3.434148743153287e-09,1,0,6,3,3,5,0,1,0,1,1,1
6,43,9,6.755909165434559e-10,1,0,6,3,3,3,0,2,0,1,1,1
6,43,11,9.887211049885991e-09,1,0,6,3,3,5,0,2,0,1,1,1
6,43,12,1.1407047528777525e-09,1,0,6,3,3,6,0,2,0,1,1,1
6,43,14,1.3535528253783013e-10,1,0,6,3,3,2,0,3,0,1,1,1
6,43,16,3.7045737144580926e-08,1,0,6,3,3,4,0,3,0,1,1,1
6,43,17,9.915231968804505e-10,1,0,6,3,3,5,0,3,0,1,1,1
6,43,20,4.427638344850493e-08,1,0,6,3,3,2,0,4,0,1,1,1
6,43,21,1.0918768111878308e-09,1,0,6,3,3,3,0,4,0,1,1,1
6,43,22,1.0356977497849584e-08,1,0,6,3,3,4,0,4,0,1,1,1
6,43,25,2.00361887436884e-06,1,0,6,3,3,1,0,5,0,1,1,1
6,43,27,3.2811862116233215e-09,1,0,6,3,3,3,0,5,0,1,1,1
6,43,30,5.6414073412724974e-08,1,0,6,3,3,6,0,5,0,1,1,1
6,43,33,1.023674686684295e-10,1,0,6,4,3,3,0,3,0,1,1,1
6,43,34,3.4254546421585985e-10,1,0,6,4,3,4,0,4,0,1,1,1
6,43,35,2.7988962258973515e-08,1,0,6,4,3,5,0,5,0,1,1,1
6,43,39,0.00010779308649944142,1,0,6,5,3,4,0,4,0,2,1,2
6,43,40,0.03501376509666443,1,0,6,5,3,5,0,5,0,2,1,2
6,43,41,3.2054879284260096e-06,1,1,6,6,3,1,0,0,0,0,1,1
6,43,44,2.7155001802725565e-08,1,1,6,6,3,4,0,0,0,0,1,1
6,43,46,2.3791542069773186e-09,1,1,6,6,3,6,0,0,0,0,1,1
6,45,0,0.9701014161109924,1,0,6,1,5,0,0,0,0,2,1,4
6,45,3,4.607397130484969e-09,1,0,6,3,5,3,0,1,0,1,1,1
6,45,4,1.2848092367789832e-08,1,0,6,3,5,4,0,1,0,1,1,1
6,45,5,1.2778207292285515e-07,1,0,6,3,5,5,0,1,0,1,1,1
6,45,9,1.0212953149846271e-08,1,0,6,3,5,3,0,2,0,1,1,1
6,45,11,7.969374848926236e-08,1,0,6,3,5,5,0,2,0,1,1,1
6,45,12,5.187286600261132e-09,1,0,6,3,5,6,0,2,0,1,1,1
6,45,14,8.835714382371407e-09,1,0,6,3,5,2,0,3,0,1,1,1
6,45,16,2.9063195938761055e-07,1,0,6,3,5,4,0,3,0,1,1,1
6,45,17,1.3922609731764624e-08,1,0,6,3,5,5,0,3,0,1,1,1
6,45,20,1.7420610447516083e-06,1,0,6,3,5,2,0,4,0,1,1,1
6,45,21,2.39701556381533e-08,1,0,6,3,5,3,0,4,0,1,1,1
6,45,22,2.0705681436083978e-07,1,0,6,3,5,4,0,4,0,1,1,1
6,45,25,4.899256964563392e-06,1,0,6,3,5,1,0,5,0,1,1,1
6,45,27,8.945873730681342e-08,1,0,6,3,5,3,0,5,0,1,1,1
6,45,30,9.97947381620179e-07,1,0,6,3,5,6,0,5,0,1,1,1
6,45,33,8.358484571147073e-09,1,0,6,4,5,3,0,3,0,1,1,1
6,45,34,3.294744388426807e-08,1,0,6,4,5,4,0,4,0,1,1,1
6,45,35,8.548842629352293e-07,1,0,6,4,5,5,0,5,0,1,1,1
6,45,39,0.00032900497899390757,1,0,6,5,5,4,0,4,0,2,1,2
6,45,40,0.029547113925218582,1,0,6,5,5,5,0,5,0,2,1,2
6,45,41,1.2484036233217921e-05,1,1,6,6,5,1,0,0,0,0,1,1
6,45,44,8.406553320128296e-07,1,1,6,6,5,4,0,0,0,0,1,1
6,45,46,3.984827046110695e-08,1,1,6,6,5,6,0,0,0,0,1,1
6,47,0,0.00013828327064402401,2,0,7,1,0,0,0,0,0,2,4,4
6,47,3,0.011854504235088825,2,0,7,3,0,3,0,1,0,1,4,1
6,47,4,0.6949406266212463,2,0,7,3,0,4,0,1,0,1,4,1
6,47,5,0.0003736005164682865,2,0,7,3,0,5,0,1,0,1,4,1
6,47,9,0.003605631412938237,2,0,7,3,0,3,0,2,0,1,4,1
6,47,11,0.0002716996241360903,2,0,7,3,0,5,0,2,0,1,4,1
6,47,12,0.0004201996198389679,2,0,7,3,0,6,0,2,0,1,4,1
6,47,14,0.0003545137296896428,2,0,7,3,0,2,0,3,0,1,4,1
6,47,16,0.003558824770152569,2,0,7,3,0,4,0,3,0,1,4,1
6,47,17,3.568510874174535e-05,2,0,7,3,0,5,0,3,0,1,4,1
6,47,20,2.409380249446258e-05,2,0,7,3,0,2,0,4,0,1,4,1
6,47,21,0.0004940946237184107,2,0,7,3,0,3,0,4,0,1,4,1
6,47,22,0.0044459025375545025,2,0,7,3,0,4,0,4,0,1,4,1
6,47,25,5.725846222048858e-06,2,0,7,3,0,1,0,5,0,1,4,1
6,47,27,0.0011942844139412045,2,0,7,3,0,3,0,5,0,1,4,1
6,47,30,2.532465077820234e-05,2,0,7,3,0,6,0,5,0,1,4,1
6,47,33,0.0030021697748452425,2,0,7,4,0,3,0,3,0,1,4,1
6,47,34,0.006020381581038237,2,0,7,4,0,4,0,4,0,1,4,1
6,47,35,0.00033919612178578973,2,0,7,4,0,5,0,5,0,1,4,1
6,47,39,7.69789912737906e-05,2,0,7,5,0,4,0,4,0,2,4,2
6,47,40,9.905628530759714e-07,2,0,7,5,0,5,0,5,0,2,4,2
6,47,41,0.0010866823140531778,2,1,7,6,0,1,0,0,0,0,4,1
6,47,44,0.24733030796051025,2,1,7,6,0,4,0,0,0,0,4,1
6,47,46,0.020400062203407288,2,1,7,6,0,6,0,0,0,0,4,1
7,0,1,0.0009906740160658956,0,0,1,3,0,1,0,1,2,1,4,1
7,0,2,0.008839722722768784,0,0,1,3,0,2,0,1,2,1,4,1
7,0,6,0.002440946875140071,0,0,1,3,0,6,0,1,2,1,4,1
7,0,7,0.0011877557262778282,0,0,1,3,0,1,0,2,2,1,4,1
7,0,8,0.08979916572570801,0,0,1,3,0,2,0,2,2,1,4,1
7,0,10,0.002506557386368513,0,0,1,3,0,4,0,2,2,1,4,1
7,0,13,0.00024724460672587156,0,0,1,3,0,1,0,3,2,1,4,1
7,0,15,0.0024776591453701258,0,0,1,3,0,3,0,3,2,1,4,1
7,0,18,0.0006387898465618491,0,0,1,3,0,6,0,3,2,1,4,1
7,0,19,0.0010247521568089724,0,0,1,3,0,1,0,4,2,1,4,1
7,0,23,0.0019412030233070254,0,0,1,3,0,5,0,4,2,1,4,1
7,0,24,0.00270843505859375,0,0,1,3,0,6,0,4,2,1,4,1
7,0,26,0.013432271778583527,0,0,1,3,0,2,0,5,2,1,4,1
7,0,28,0.0017746767261996865,0,0,1,3,0,4,0,5,2,1,4,1
7,0,29,0.003243538783863187,0,0,1,3,0,5,0,5,2,1,4,1
7,0,31,0.0006725084385834634,0,0,1,4,0,1,0,1,2,1,4,1
7,0,32,0.020507831126451492,0,0,1,4,0,2,0,2,2,1,4,1
7,0,36,0.006546525284647942,0,0,1,5,0,1,0,1,2,2,4,2
7,0,37,0.7713186144828796,0,0,1,5,0,2,0,2,2,2,4,2
7,0,38,0.02042314223945141,0,0,1,5,0,3,0,3,2,2,4,2
7,0,42,0.0026299210730940104,0,1,1,6,0,2,0,0,2,0,4,1
7,0,43,0.004693413618952036,0,1,1,6,0,3,0,0,2,0,4,1
7,0,45,0.0006121776532381773,0,1,1,6,0,5,0,0,2,0,4,1
7,0,47,0.039342787116765976,0,2,1,7,0,0,0,0,2,0,4,4
7,3,1,0.0033899731934070587,0,0,3,3,3,1,1,1,1,1,1,1
7,3,2,0.008858870714902878,0,0,3,3,3,2,1,1,1,1,1,1
7,3,6,0.09027241170406342,0,0,3,3,3,6,1,1,1,1,1,1
7,3,7,0.04860915243625641,0,0,3,3,3,1,1,2,1,1,1,1
7,3,8,0.02285868115723133,0,0,3,3,3,2,1,2,1,1,1,1
7,3,10,0.3939615488052368,0,0,3,3,3,4,1,2,1,1,1,1
7,3,13,0.012046909891068935,0,0,3,3,3,1,1,3,1,1,1,1
7,3,15,0.010752277448773384,0,0,3,3,3,3,1,3,1,1,1,1
7,3,18,0.020966775715351105,0,0,3,3,3,6,1,3,1,1,1,1
7,3,19,0.00516270287334919,0,0,3,3,3,1,1,4,1,1,1,1
7,3,23,0.003623439697548747,0,0,3,3,3,5,1,4,1,1,1,1
7,3,24,0.005302869714796543,0,0,3,3,3,6,1,4,1,1,1,1
7,3,26,0.008556597866117954,0,0,3,3,3,2,1,5,1,1,1,1
7,3,28,0.08301032334566116,0,0,3,3,3,4,1,5,1,1,1,1
7,3,29,0.0043106684461236,0,0,3,3,3,5,1,5,1,1,1,1
7,3,31,0.002813283121213317,0,0,3,4,3,1,1,1,1,1,1,1
7,3,32,0.01564505696296692,0,0,3,4,3,2,1,2,1,1,1,1
7,3,36,0.00436773058027029,0,0,3,5,3,1,1,1,1,2,1,2
7,3,37,0.01020842231810093,0,0,3,5,3,2,1,2,1,2,1,2
7,3,38,0.002427834551781416,0,0,3,5,3,3,1,3,1,2,1,2
7,3,42,0.05512331426143646,0,1,3,6,3,2,1,0,1,0,1,1
7,3,43,0.08330444246530533,0,1,3,6,3,3,1,0,1,0,1,1
7,3,45,0.05692141875624657,0,1,3,6,3,5,1,0,1,0,1,1
7,3,47,0.04750538989901543,0,2,3,7,3,0,1,0,1,0,1,4
7,4,1,0.005333689507097006,0,0,3,3,4,1,1,1,1,1,1,1
7,4,2,0.001148718292824924,0,0,3,3,4,2,1,1,1,1,1,1
7,4,6,0.006906867492944002,0,0,3,3,4,6,1,1,1,1,1,1
7,4,7,0.0007712928345426917,0,0,3,3,4,1,1,2,1,1,1,1
7,4,8,5.65283844480291e-05,0,0,3,3,4,2,1,2,1,1,1,1
7,4,10,0.00423692911863327,0,0,3,3,4,4,1,2,1,1,1,1
7,4,13,0.0067342245019972324,0,0,3,3,4,1,1,3,1,1,1,1
7,4,15,0.0002980387944262475,0,0,3,3,4,3,1,3,1,1,1,1
7,4,18,0.0003576661110855639,0,0,3,3,4,6,1,3,1,1,1,1
7,4,19,0.004083176143467426,0,0,3,3,4,1,1,4,1,1,1,1
7,4,23,0.0003732007462531328,0,0,3,3,4,5,1,4,1,1,1,1
7,4,24,0.00014156043471302837,0,0,3,3,4,6,1,4,1,1,1,1
7,4,26,0.0005192788667045534,0,0,3,3,4,2,1,5,1,1,1,1
7,4,28,0.018524188548326492,0,0,3,3,4,4,1,5,1,1,1,1
7,4,29,0.0003834071394521743,0,0,3,3,4,5,1,5,1,1,1,1
7,4,31,0.00013466070231515914,0,0,3,4,4,1,1,1,1,1,1,1
7,4,32,3.965250652981922e-05,0,0,3,4,4,2,1,2,1,1,1,1
7,4,36,0.946462869644165,0,0,3,5,4,1,1,1,1,2,1,2
7,4,37,0.001207460300065577,0,0,3,5,4,2,1,2,1,2,1,2
7,4,38,0.0012430886272341013,0,0,3,5,4,3,1,3,1,2,1,2
7,4,42,0.0001307536440435797,0,1,3,6,4,2,1,0,1,0,1,1
7,4,43,0.00016430747928097844,0,1,3,6,4,3,1,0,1,0,1,1
7,4,45,0.0006989461835473776,0,1,3,6,4,5,1,0,1,0,1,1
7,4,47,4.982122845831327e-05,0,2,3,7,4,0,1,0,1,0,1,4
7,5,1,0.007074504159390926,0,0,3,3,5,1,1,1,1,1,1,1
7,5,2,0.00044033725862391293,0,0,3,3,5,2,1,1,1,1,1,1
7,5,6,0.002925410633906722,0,0,3,3,5,6,1,1,1,1,1,1
7,5,7,0.014403832145035267,0,0,3,3,5,1,1,2,1,1,1,1
7,5,8,3.104752249782905e-05,0,0,3,3,5,2,1,2,1,1,1,1
7,5,10,0.2453702986240387,0,0,3,3,5,4,1,2,1,1,1,1
7,5,13,0.05210195854306221,0,0,3,3,5,1,1,3,1,1,1,1
7,5,15,0.005108917597681284,0,0,3,3,5,3,1,3,1,1,1,1
7,5,18,0.0008695413707755506,0,0,3,3,5,6,1,3,1,1,1,1
7,5,19,0.007398449350148439,0,0,3,3,5,1,1,4,1,1,1,1
7,5,23,0.0007023383514024317,0,0,3,3,5,5,1,4,1,1,1,1
7,5,24,0.00013472445425577462,0,0,3,3,5,6,1,4,1,1,1,1
7,5,26,0.0003644223033916205,0,0,3,3,5,2,1,5,1,1,1,1
7,5,28,0.6400855183601379,0,0,3,3,5,4,1,5,1,1,1,1
7,5,29,0.0008400693186558783,0,0,3,3,5,5,1,5,1,1,1,1
7,5,31,0.0002088697365252301,0,0,3,4,5,1,1,1,1,1,1,1
7,5,32,4.057271871715784e-05,0,0,3,4,5,2,1,2,1,1,1,1
7,5,36,0.02039754018187523,0,0,3,5,5,1,1,1,1,2,1,2
7,5,37,1.5601090126438066e-05,0,0,3,5,5,2,1,2,1,2,1,2
7,5,38,0.0001581698888912797,0,0,3,5,5,3,1,3,1,2,1,2
7,5,42,0.00011425335833337158,0,1,3,6,5,2,1,0,1,0,1,1
7,5,43,0.0005710020777769387,0,1,3,6,5,3,1,0,1,0,1,1
7,5,45,0.0005409387522377074,0,1,3,6,5,5,1,0,1,0,1,1
7,5,47,0.00010184515849687159,0,2,3,7,5,0,1,0,1,0,1,4
7,9,1,0.00010857913730433211,0,0,3,3,3,1,2,1,1,1,1,1
7,9,2,2.2400732632377185e-05,0,0,3,3,3,2,2,1,1,1,1,1
7,9,6,0.0008976763347163796,0,0,3,3,3,6,2,1,1,1,1,1
7,9,7,5.842627433594316e-05,0,0,3,3,3,1,2,2,1,1,1,1
7,9,8,0.0030557734426110983,0,0,3,3,3,2,2,2,1,1,1,1
7,9,10,0.2871130704879761,0,0,3,3,3,4,2,2,1,1,1,1
7,9,13,4.741453813039698e-05,0,0,3,3,3,1,2,3,1,1,1,1
7,9,15,4.464159792405553e-05,0,0,3,3,3,3,2,3,1,1,1,1
7,9,18,0.0010160935344174504,0,0,3,3,3,6,2,3,1,1,1,1
7,9,19,0.00017023739928845316,0,0,3,3,3,1,2,4,1,1,1,1
7,9,23,0.0006241993978619576,0,0,3,3,3,5,2,4,1,1,1,1
7,9,24,2.6934980269288644e-05,0,0,3,3,3,6,2,4,1,1,1,1
7,9,26,0.00010082654625875875,0,0,3,3,3,2,2,5,1,1,1,1
7,9,28,0.5389112830162048,0,0,3,3,3,4,2,5,1,1,1,1
7,9,29,0.001852754270657897,0,0,3,3,3,5,2,5,1,1,1,1
7,9,31,1.6591449139014003e-06,0,0,3,4,3,1,2,1,1,1,1,1
7,9,32,0.00011730474943760782,0,0,3,4,3,2,2,2,1,1,1,1
7,9,36,0.08347473293542862,0,0,3,5,3,1,2,1,1,2,1,2
7,9,37,0.07441902160644531,0,0,3,5,3,2,2,2,1,2,1,2
7,9,38,0.003687639255076647,0,0,3,5,3,3,2,3,1,2,1,2
7,9,42,3.0613377020927146e-05,0,1,3,6,3,2,2,0,1,0,1,1
7,9,43,0.0005253718118183315,0,1,3,6,3,3,2,0,1,0,1,1
7,9,45,0.0033618593588471413,0,1,3,6,3,5,2,0,1,0,1,1
7,9,47,0.0003316056972835213,0,2,3,7,3,0,2,0,1,0,1,4
7,11,1,0.001677099266089499,0,0,3,3,5,1,2,1,1,1,1,1
7,11,2,0.00010419546015327796,0,0,3,3,5,2,2,1,1,1,1,1
7,11,6,0.002924037631601095,0,0,3,3,5,6,2,1,1,1,1,1
7,11,7,0.0013111360603943467,0,0,3,3,5,1,2,2,1,1,1,1
7,11,8,0.0006129808025434613,0,0,3,3,5,2,2,2,1,1,1,1
7,11,10,0.8842377066612244,0,0,3,3,5,4,2,2,1,1,1,1
7,11,13,0.002637397265061736,0,0,3,3,5,1,2,3,1,1,1,1
7,11,15,0.00011590665963012725,0,0,3,3,5,3,2,3,1,1,1,1
7,11,18,0.00064716802444309,0,0,3,3,5,6,2,3,1,1,1,1
7,11,19,5.108519326313399e-05,0,0,3,3,5,1,2,4,1,1,1,1
7,11,23,1.4916594409442041e-05,0,0,3,3,5,5,2,4,1,1,1,1
7,11,24,3.278508665971458e-05,0,0,3,3,5,6,2,4,1,1,1,1
7,11,26,1.4506548723147716e-05,0,0,3,3,5,2,2,5,1,1,1,1
7,11,28,0.047688309103250504,0,0,3,3,5,4,2,5,1,1,1,1
7,11,29,3.318274684716016e-05,0,0,3,3,5,5,2,5,1,1,1,1
7,11,31,8.1172380305361e-05,0,0,3,4,5,1,2,1,1,1,1,1
7,11,32,2.091503301926423e-05,0,0,3,4,5,2,2,2,1,1,1,1
7,11,36,0.055900536477565765,0,0,3,5,5,1,2,1,1,2,1,2
7,11,37,0.0009591883863322437,0,0,3,5,5,2,2,2,1,2,1,2
7,11,38,0.0005603429162874818,0,0,3,5,5,3,2,3,1,2,1,2
7,11,42,1.1348536645527929e-05,0,1,3,6,5,2,2,0,1,0,1,1
7,11,43,0.0002019904786720872,0,1,3,6,5,3,2,0,1,0,1,1
7,11,45,0.00014367036055773497,0,1,3,6,5,5,2,0,1,0,1,1
7,11,47,1.78185582626611e-05,0,2,3,7,5,0,2,0,1,0,1,4
7,12,1,0.034339118748903275,0,0,3,3,6,1,2,1,1,1,1,1
7,12,2,0.003436875529587269,0,0,3,3,6,2,2,1,1,1,1,1
7,12,6,0.1124686598777771,0,0,3,3,6,6,2,1,1,1,1,1
7,12,7,0.0023564514704048634,0,0,3,3,6,1,2,2,1,1,1,1
7,12,8,0.058399759232997894,0,0,3,3,6,2,2,2,1,1,1,1
7,12,10,0.21643488109111786,0,0,3,3,6,4,2,2,1,1,1,1
7,12,13,0.0032040828373283148,0,0,3,3,6,1,2,3,1,1,1,1
7,12,15,0.0002509686164557934,0,0,3,3,6,3,2,3,1,1,1,1
7,12,18,0.0023488705046474934,0,0,3,3,6,6,2,3,1,1,1,1
7,12,19,0.00016233237693086267,0,0,3,3,6,1,2,4,1,1,1,1
7,12,23,0.001310145715251565,0,0,3,3,6,5,2,4,1,1,1,1
7,12,24,0.00022678004461340606,0,0,3,3,6,6,2,4,1,1,1,1
7,12,26,0.0004519545764196664,0,0,3,3,6,2,2,5,1,1,1,1
7,12,28,0.011476211249828339,0,0,3,3,6,4,2,5,1,1,1,1
7,12,29,0.0008760988130234182,0,0,3,3,6,5,2,5,1,1,1,1
7,12,31,0.013758720830082893,0,0,3,4,6,1,2,1,1,1,1,1
7,12,32,0.0019327753689140081,0,0,3,4,6,2,2,2,1,1,1,1
7,12,36,0.4327686131000519,0,0,3,5,6,1,2,1,1,2,1,2
7,12,37,0.08493854105472565,0,0,3,5,6,2,2,2,1,2,1,2
7,12,38,0.01524331234395504,0,0,3,5,6,3,2,3,1,2,1,2
7,12,42,0.00012858024274464697,0,1,3,6,6,2,2,0,1,0,1,1
7,12,43,0.000255301536526531,0,1,3,6,6,3,2,0,1,0,1,1
7,12,45,0.002711022272706032,0,1,3,6,6,5,2,0,1,0,1,1
7,12,47,0.0005197489517740905,0,2,3,7,6,0,2,0,1,0,1,4
7,14,1,0.00769064761698246,0,0,3,3,2,1,3,1,1,1,1,1
7,14,2,0.0003843476006295532,0,0,3,3,2,2,3,1,1,1,1,1
7,14,6,0.002442775061354041,0,0,3,3,2,6,3,1,1,1,1,1
7,14,7,0.00288202497176826,0,0,3,3,2,1,3,2,1,1,1,1
7,14,8,0.00038043956737965345,0,0,3,3,2,2,3,2,1,1,1,1
7,14,10,0.24626514315605164,0,0,3,3,2,4,3,2,1,1,1,1
7,14,13,0.003384089795872569,0,0,3,3,2,1,3,3,1,1,1,1
7,14,15,0.0010063943918794394,0,0,3,3,2,3,3,3,1,1,1,1
7,14,18,0.00039635729626752436,0,0,3,3,2,6,3,3,1,1,1,1
7,14,19,0.003773965174332261,0,0,3,3,2,1,3,4,1,1,1,1
7,14,23,0.00015736845671199262,0,0,3,3,2,5,3,4,1,1,1,1
7,14,24,0.0003471026720944792,0,0,3,3,2,6,3,4,1,1,1,1
7,14,26,0.00045191304525360465,0,0,3,3,2,2,3,5,1,1,1,1
7,14,28,0.43795907497406006,0,0,3,3,2,4,3,5,1,1,1,1
7,14,29,0.00046429160283878446,0,0,3,3,2,5,3,5,1,1,1,1
7,14,31,5.770942516392097e-05,0,0,3,4,2,1,3,1,1,1,1,1
7,14,32,0.00016918453911785036,0,0,3,4,2,2,3,2,1,1,1,1
7,14,36,0.27909088134765625,0,0,3,5,2,1,3,1,1,2,1,2
7,14,37,0.008411982096731663,0,0,3,5,2,2,3,2,1,2,1,2
7,14,38,0.0029381467029452324,0,0,3,5,2,3,3,3,1,2,1,2
7,14,42,2.612818389025051e-05,0,1,3,6,2,2,3,0,1,0,1,1
7,14,43,0.0011019852245226502,0,1,3,6,2,3,3,0,1,0,1,1
7,14,45,0.00010771337110782042,0,1,3,6,2,5,3,0,1,0,1,1
7,14,47,0.00011017019278369844,0,2,3,7,2,0,3,0,1,0,1,4
7,16,1,0.0130250109359622,0,0,3,3,4,1,3,1,1,1,1,1
7,16,2,0.0004794897686224431,0,0,3,3,4,2,3,1,1,1,1,1
7,16,6,0.007161315996199846,0,0,3,3,4,6,3,1,1,1,1,1
7,16,7,0.00154059287160635,0,0,3,3,4,1,3,2,1,1,1,1
7,16,8,0.0003062808245886117,0,0,3,3,4,2,3,2,1,1,1,1
7,16,10,0.10700435936450958,0,0,3,3,4,4,3,2,1,1,1,1
7,16,13,0.0043114423751831055,0,0,3,3,4,1,3,3,1,1,1,1
7,16,15,0.0033383886329829693,0,0,3,3,4,3,3,3,1,1,1,1
7,16,18,0.0018708427669480443,0,0,3,3,4,6,3,3,1,1,1,1
7,16,19,0.0013934352900832891,0,0,3,3,4,1,3,4,1,1,1,1
7,16,23,0.0010046216193586588,0,0,3,3,4,5,3,4,1,1,1,1
7,16,24,0.0003677304775919765,0,0,3,3,4,6,3,4,1,1,1,1
7,16,26,0.001300186151638627,0,0,3,3,4,2,3,5,1,1,1,1
7,16,28,0.735877275466919,0,0,3,3,4,4,3,5,1,1,1,1
7,16,29,0.0027329365257173777,0,0,3,3,4,5,3,5,1,1,1,1
7,16,31,0.00032695222762413323,0,0,3,4,4,1,3,1,1,1,1,1
7,16,32,0.00037068434176035225,0,0,3,4,4,2,3,2,1,1,1,1
7,16,36,0.10824645310640335,0,0,3,5,4,1,3,1,1,2,1,2
7,16,37,0.001662298571318388,0,0,3,5,4,2,3,2,1,2,1,2
7,16,38,0.004473051056265831,0,0,3,5,4,3,3,3,1,2,1,2
7,16,42,8.920352411223575e-05,0,1,3,6,4,2,3,0,1,0,1,1
7,16,43,0.0019040702609345317,0,1,3,6,4,3,3,0,1,0,1,1
7,16,45,0.0007559293881058693,0,1,3,6,4,5,3,0,1,0,1,1
7,16,47,0.0004579083761200309,0,2,3,7,4,0,3,0,1,0,1,4
7,17,1,0.003449466545134783,0,0,3,3,5,1,3,1,1,1,1,1
7,17,2,6.354595097946003e-05,0,0,3,3,5,2,3,1,1,1,1,1
7,17,6,0.0021436430979520082,0,0,3,3,5,6,3,1,1,1,1,1
7,17,7,0.00044870408601127565,0,0,3,3,5,1,3,2,1,1,1,1
7,17,8,0.0006934869452379644,0,0,3,3,5,2,3,2,1,1,1,1
7,17,10,0.2693536579608917,0,0,3,3,5,4,3,2,1,1,1,1
7,17,13,0.0007520627113990486,0,0,3,3,5,1,3,3,1,1,1,1
7,17,15,0.0007947402773424983,0,0,3,3,5,3,3,3,1,1,1,1
7,17,18,0.0008778870105743408,0,0,3,3,5,6,3,3,1,1,1,1
7,17,19,6.132321868790314e-05,0,0,3,3,5,1,3,4,1,1,1,1
7,17,23,0.0004043293884024024,0,0,3,3,5,5,3,4,1,1,1,1
7,17,24,3.132321216980927e-05,0,0,3,3,5,6,3,4,1,1,1,1
7,17,26,0.0001769012160366401,0,0,3,3,5,2,3,5,1,1,1,1
7,17,28,0.695913553237915,0,0,3,3,5,4,3,5,1,1,1,1
7,17,29,0.0019678985700011253,0,0,3,3,5,5,3,5,1,1,1,1
7,17,31,9.389944898430258e-05,0,0,3,4,5,1,3,1,1,1,1,1
7,17,32,0.00010764432227006182,0,0,3,4,5,2,3,2,1,1,1,1
7,17,36,0.019750311970710754,0,0,3,5,5,1,3,1,1,2,1,2
7,17,37,0.0009887469932436943,0,0,3,5,5,2,3,2,1,2,1,2
7,17,38,0.0011628121137619019,0,0,3,5,5,3,3,3,1,2,1,2
7,17,42,6.465769274655031e-06,0,1,3,6,5,2,3,0,1,0,1,1
7,17,43,0.00021959790319669992,0,1,3,6,5,3,3,0,1,0,1,1
7,17,45,0.00026176110259257257,0,1,3,6,5,5,3,0,1,0,1,1
7,17,47,0.0002765190729405731,0,2,3,7,5,0,3,0,1,0,1,4
7,20,1,0.018771911039948463,0,0,3,3,2,1,4,1,1,1,1,1
7,20,2,0.0025967273395508528,0,0,3,3,2,2,4,1,1,1,1,1
7,20,6,0.002530095400288701,0,0,3,3,2,6,4,1,1,1,1,1
7,20,7,0.010498300194740295,0,0,3,3,2,1,4,2,1,1,1,1
7,20,8,0.0004145159327890724,0,0,3,3,2,2,4,2,1,1,1,1
7,20,10,0.1910502165555954,0,0,3,3,2,4,4,2,1,1,1,1
7,20,13,0.01621333882212639,0,0,3,3,2,1,4,3,1,1,1,1
7,20,15,0.001992576289921999,0,0,3,3,2,3,4,3,1,1,1,1
7,20,18,0.00025707442546263337,0,0,3,3,2,6,4,3,1,1,1,1
7,20,19,0.021255891770124435,0,0,3,3,2,1,4,4,1,1,1,1
7,20,23,0.0023609348572790623,0,0,3,3,2,5,4,4,1,1,1,1
7,20,24,0.00023915078782010823,0,0,3,3,2,6,4,4,1,1,1,1
7,20,26,0.0021917785052210093,0,0,3,3,2,2,4,5,1,1,1,1
7,20,28,0.4504117965698242,0,0,3,3,2,4,4,5,1,1,1,1
7,20,29,0.0030523748137056828,0,0,3,3,2,5,4,5,1,1,1,1
7,20,31,0.00029646934126503766,0,0,3,4,2,1,4,1,1,1,1,1
7,20,32,0.0003151838609483093,0,0,3,4,2,2,4,2,1,1,1,1
7,20,36,0.27104565501213074,0,0,3,5,2,1,4,1,1,2,1,2
7,20,37,0.0011447949800640345,0,0,3,5,2,2,4,2,1,2,1,2
7,20,38,0.0007990180747583508,0,0,3,5,2,3,4,3,1,2,1,2
7,20,42,0.00024700636276975274,0,1,3,6,2,2,4,0,1,0,1,1
7,20,43,0.0013956842012703419,0,1,3,6,2,3,4,0,1,0,1,1
7,20,45,0.0007641538395546377,0,1,3,6,2,5,4,0,1,0,1,1
7,20,47,0.0001555636408738792,0,2,3,7,2,0,4,0,1,0,1,4
7,21,1,0.0007125590345822275,0,0,3,3,3,1,4,1,1,1,1,1
7,21,2,0.003920217044651508,0,0,3,3,3,2,4,1,1,1,1,1
7,21,6,0.008946367539465427,0,0,3,3,3,6,4,1,1,1,1,1
7,21,7,0.017011044546961784,0,0,3,3,3,1,4,2,1,1,1,1
7,21,8,0.0012659310596063733,0,0,3,3,3,2,4,2,1,1,1,1
7,21,10,0.22680483758449554,0,0,3,3,3,4,4,2,1,1,1,1
7,21,13,0.010231011547148228,0,0,3,3,3,1,4,3,1,1,1,1
7,21,15,0.0019177929498255253,0,0,3,3,3,3,4,3,1,1,1,1
7,21,18,0.004900408908724785,0,0,3,3,3,6,4,3,1,1,1,1
7,21,19,0.0822276771068573,0,0,3,3,3,1,4,4,1,1,1,1
7,21,23,0.012765016406774521,0,0,3,3,3,5,4,4,1,1,1,1
7,21,24,0.001892442349344492,0,0,3,3,3,6,4,4,1,1,1,1
7,21,26,0.007245113141834736,0,0,3,3,3,2,4,5,1,1,1,1
7,21,28,0.32228386402130127,0,0,3,3,3,4,4,5,1,1,1,1
7,21,29,0.006005408708006144,0,0,3,3,3,5,4,5,1,1,1,1
7,21,31,8.366169640794396e-05,0,0,3,4,3,1,4,1,1,1,1,1
7,21,32,0.0014807723928242922,0,0,3,4,3,2,4,2,1,1,1,1
7,21,36,0.022530773654580116,0,0,3,5,3,1,4,1,1,2,1,2
7,21,37,0.002380018588155508,0,0,3,5,3,2,4,2,1,2,1,2
7,21,38,0.0006274505867622793,0,0,3,5,3,3,4,3,1,2,1,2
7,21,42,0.07473619282245636,0,1,3,6,3,2,4,0,1,0,1,1
7,21,43,0.05253186449408531,0,1,3,6,3,3,4,0,1,0,1,1
7,21,45,0.1308193951845169,0,1,3,6,3,5,4,0,1,0,1,1
7,21,47,0.0066801100037992,0,2,3,7,3,0,4,0,1,0,1,4
7,22,1,0.0026950123719871044,0,0,3,3,4,1,4,1,1,1,1,1
7,22,2,0.003921093884855509,0,0,3,3,4,2,4,1,1,1,1,1
7,22,6,0.0070846001617610455,0,0,3,3,4,6,4,1,1,1,1,1
7,22,7,0.0029075383208692074,0,0,3,3,4,1,4,2,1,1,1,1
7,22,8,0.00041141873225569725,0,0,3,3,4,2,4,2,1,1,1,1
7,22,10,0.025541720911860466,0,0,3,3,4,4,4,2,1,1,1,1
7,22,13,0.015281757339835167,0,0,3,3,4,1,4,3,1,1,1,1
7,22,15,0.0002927632594946772,0,0,3,3,4,3,4,3,1,1,1,1
7,22,18,0.0013173907063901424,0,0,3,3,4,6,4,3,1,1,1,1
7,22,19,0.027566902339458466,0,0,3,3,4,1,4,4,1,1,1,1
7,22,23,0.0028755003586411476,0,0,3,3,4,5,4,4,1,1,1,1
7,22,24,0.0004969879519194365,0,0,3,3,4,6,4,4,1,1,1,1
7,22,26,0.0006745560094714165,0,0,3,3,4,2,4,5,1,1,1,1
7,22,28,0.016190199181437492,0,0,3,3,4,4,4,5,1,1,1,1
7,22,29,0.0005241792532615364,0,0,3,3,4,5,4,5,1,1,1,1
7,22,31,0.00019594676268752664,0,0,3,4,4,1,4,1,1,1,1,1
7,22,32,0.00010943504457827657,0,0,3,4,4,2,4,2,1,1,1,1
7,22,36,0.8751229047775269,0,0,3,5,4,1,4,1,1,2,1,2
7,22,37,0.0030415738001465797,0,0,3,5,4,2,4,2,1,2,1,2
7,22,38,0.0029342935886234045,0,0,3,5,4,3,4,3,1,2,1,2
7,22,42,0.002135909628123045,0,1,3,6,4,2,4,0,1,0,1,1
7,22,43,0.000791295722592622,0,1,3,6,4,3,4,0,1,0,1,1
7,22,45,0.007816094905138016,0,1,3,6,4,5,4,0,1,0,1,1
7,22,47,7.07320577930659e-05,0,2,3,7,4,0,4,0,1,0,1,4
7,25,1,0.002163518685847521,0,0,3,3,1,1,5,1,1,1,1,1
7,25,2,0.0003138706088066101,0,0,3,3,1,2,5,1,1,1,1,1
7,25,6,0.00685785012319684,0,0,3,3,1,6,5,1,1,1,1,1
7,25,7,0.0022102887742221355,0,0,3,3,1,1,5,2,1,1,1,1
7,25,8,0.00010878668399527669,0,0,3,3,1,2,5,2,1,1,1,1
7,25,10,0.09746699035167694,0,0,3,3,1,4,5,2,1,1,1,1
7,25,13,0.009733506478369236,0,0,3,3,1,1,5,3,1,1,1,1
7,25,15,0.0005153536912985146,0,0,3,3,1,3,5,3,1,1,1,1
7,25,18,0.005204393062740564,0,0,3,3,1,6,5,3,1,1,1,1
7,25,19,0.022498775273561478,0,0,3,3,1,1,5,4,1,1,1,1
7,25,23,0.00503198616206646,0,0,3,3,1,5,5,4,1,1,1,1
7,25,24,0.00029800066840834916,0,0,3,3,1,6,5,4,1,1,1,1
7,25,26,0.0009600514895282686,0,0,3,3,1,2,5,5,1,1,1,1
7,25,28,0.6528947353363037,0,0,3,3,1,4,5,5,1,1,1,1
7,25,29,0.011177029460668564,0,0,3,3,1,5,5,5,1,1,1,1
7,25,31,0.00014770563575439155,0,0,3,4,1,1,5,1,1,1,1,1
7,25,32,0.00021873987861908972,0,0,3,4,1,2,5,2,1,1,1,1
7,25,36,0.07795041054487228,0,0,3,5,1,1,5,1,1,2,1,2
7,25,37,0.00022745612659491599,0,0,3,5,1,2,5,2,1,2,1,2
7,25,38,0.0002927448367699981,0,0,3,5,1,3,5,3,1,2,1,2
7,25,42,0.0018852638313546777,0,1,3,6,1,2,5,0,1,0,1,1
7,25,43,0.003108998527750373,0,1,3,6,1,3,5,0,1,0,1,1
7,25,45,0.09852888435125351,0,1,3,6,1,5,5,0,1,0,1,1
7,25,47,0.00020446143753360957,0,2,3,7,1,0,5,0,1,0,1,4
7,27,1,0.00011533855285961181,0,0,3,3,3,1,5,1,1,1,1,1
7,27,2,0.0004536816559266299,0,0,3,3,3,2,5,1,1,1,1,1
7,27,6,0.036704227328300476,0,0,3,3,3,6,5,1,1,1,1,1
7,27,7,0.0007963075186125934,0,0,3,3,3,1,5,2,1,1,1,1
7,27,8,0.0027509641367942095,0,0,3,3,3,2,5,2,1,1,1,1
7,27,10,0.10953505337238312,0,0,3,3,3,4,5,2,1,1,1,1
7,27,13,0.0007822273764759302,0,0,3,3,3,1,5,3,1,1,1,1
7,27,15,8.533339132554829e-05,0,0,3,3,3,3,5,3,1,1,1,1
7,27,18,0.01666577160358429,0,0,3,3,3,6,5,3,1,1,1,1
7,27,19,0.007649652194231749,0,0,3,3,3,1,5,4,1,1,1,1
7,27,23,0.002043991582468152,0,0,3,3,3,5,5,4,1,1,1,1
7,27,24,0.002096397802233696,0,0,3,3,3,6,5,4,1,1,1,1
7,27,26,0.0012590804835781455,0,0,3,3,3,2,5,5,1,1,1,1
7,27,28,0.06219825521111488,0,0,3,3,3,4,5,5,1,1,1,1
7,27,29,0.00126670952886343,0,0,3,3,3,5,5,5,1,1,1,1
7,27,31,5.889964086236432e-05,0,0,3,4,3,1,5,1,1,1,1,1
7,27,32,0.0019106721738353372,0,0,3,4,3,2,5,2,1,1,1,1
7,27,36,0.02881774865090847,0,0,3,5,3,1,5,1,1,2,1,2
7,27,37,0.04160324111580849,0,0,3,5,3,2,5,2,1,2,1,2
7,27,38,0.0024577993899583817,0,0,3,5,3,3,5,3,1,2,1,2
7,27,42,0.048185043036937714,0,1,3,6,3,2,5,0,1,0,1,1
7,27,43,0.03753272444009781,0,1,3,6,3,3,5,0,1,0,1,1
7,27,45,0.5860562324523926,0,1,3,6,3,5,5,0,1,0,1,1
7,27,47,0.008974382653832436,0,2,3,7,3,0,5,0,1,0,1,4
7,30,1,0.006277512758970261,0,0,3,3,6,1,5,1,1,1,1,1
7,30,2,0.00015638953482266515,0,0,3,3,6,2,5,1,1,1,1,1
7,30,6,0.01583815924823284,0,0,3,3,6,6,5,1,1,1,1,1
7,30,7,0.0003783943539019674,0,0,3,3,6,1,5,2,1,1,1,1
7,30,8,0.0029862960800528526,0,0,3,3,6,2,5,2,1,1,1,1
7,30,10,0.39482614398002625,0,0,3,3,6,4,5,2,1,1,1,1
7,30,13,0.0007145449053496122,0,0,3,3,6,1,5,3,1,1,1,1
7,30,15,0.00020144484005868435,0,0,3,3,6,3,5,3,1,1,1,1
7,30,18,0.0012228279374539852,0,0,3,3,6,6,5,3,1,1,1,1
7,30,19,0.00032880788785405457,0,0,3,3,6,1,5,4,1,1,1,1
7,30,23,0.0007096785702742636,0,0,3,3,6,5,5,4,1,1,1,1
7,30,24,9.189380216412246e-05,0,0,3,3,6,6,5,4,1,1,1,1
7,30,26,0.000304167449939996,0,0,3,3,6,2,5,5,1,1,1,1
7,30,28,0.33566659688949585,0,0,3,3,6,4,5,5,1,1,1,1
7,30,29,0.0014369378332048655,0,0,3,3,6,5,5,5,1,1,1,1
7,30,31,0.000443516590166837,0,0,3,4,6,1,5,1,1,1,1,1
7,30,32,0.0008026562863960862,0,0,3,4,6,2,5,2,1,1,1,1
7,30,36,0.20690837502479553,0,0,3,5,6,1,5,1,1,2,1,2
7,30,37,0.01959352381527424,0,0,3,5,6,2,5,2,1,2,1,2
7,30,38,0.0072466121055185795,0,0,3,5,6,3,5,3,1,2,1,2
7,30,42,4.656902819988318e-05,0,1,3,6,6,2,5,0,1,0,1,1
7,30,43,0.0007554036565124989,0,1,3,6,6,3,5,0,1,0,1,1
7,30,45,0.0027793189510703087,0,1,3,6,6,5,5,0,1,0,1,1
7,30,47,0.0002844840637408197,0,2,3,7,6,0,5,0,1,0,1,4
7,33,1,8.574531966587529e-05,0,0,4,3,3,1,3,1,1,1,1,1
7,33,2,0.0002922138955909759,0,0,4,3,3,2,3,1,1,1,1,1
7,33,6,0.000613466021604836,0,0,4,3,3,6,3,1,1,1,1,1
7,33,7,9.683812822913751e-05,0,0,4,3,3,1,3,2,1,1,1,1
7,33,8,0.011976438574492931,0,0,4,3,3,2,3,2,1,1,1,1
7,33,10,0.0013387351064011455,0,0,4,3,3,4,3,2,1,1,1,1
7,33,13,1.8878654373111203e-05,0,0,4,3,3,1,3,3,1,1,1,1
7,33,15,9.297904034610838e-05,0,0,4,3,3,3,3,3,1,1,1,1
7,33,18,0.0002495396474841982,0,0,4,3,3,6,3,3,1,1,1,1
7,33,19,0.00011390123836463317,0,0,4,3,3,1,3,4,1,1,1,1
7,33,23,0.00015772621554788202,0,0,4,3,3,5,3,4,1,1,1,1
7,33,24,0.000515341991558671,0,0,4,3,3,6,3,4,1,1,1,1
7,33,26,0.0004846887895837426,0,0,4,3,3,2,3,5,1,1,1,1
7,33,28,0.0006599647458642721,0,0,4,3,3,4,3,5,1,1,1,1
7,33,29,0.00011494800128275529,0,0,4,3,3,5,3,5,1,1,1,1
7,33,31,1.215833799506072e-05,0,0,4,4,3,1,3,1,1,1,1,1
7,33,32,0.000671468791551888,0,0,4,4,3,2,3,2,1,1,1,1
7,33,36,0.009848476387560368,0,0,4,5,3,1,3,1,1,2,1,2
7,33,37,0.9403445720672607,0,0,4,5,3,2,3,2,1,2,1,2
7,33,38,0.01538421306759119,0,0,4,5,3,3,3,3,1,2,1,2
7,33,42,0.00041817681631073356,0,1,4,6,3,2,3,0,1,0,1,1
7,33,43,0.0010487469844520092,0,1,4,6,3,3,3,0,1,0,1,1
7,33,45,0.0002336380275664851,0,1,4,6,3,5,3,0,1,0,1,1
7,33,47,0.015226663090288639,0,2,4,7,3,0,3,0,1,0,1,4
7,34,1,0.0004044054076075554,0,0,4,3,4,1,4,1,1,1,1,1
7,34,2,0.00604676129296422,0,0,4,3,4,2,4,1,1,1,1,1
7,34,6,0.000825334049295634,0,0,4,3,4,6,4,1,1,1,1,1
7,34,7,0.0010047348914667964,0,0,4,3,4,1,4,2,1,1,1,1
7,34,8,0.0005760295316576958,0,0,4,3,4,2,4,2,1,1,1,1
7,34,10,0.0003251543384976685,0,0,4,3,4,4,4,2,1,1,1,1
7,34,13,0.001247966312803328,0,0,4,3,4,1,4,3,1,1,1,1
7,34,15,5.86807873332873e-05,0,0,4,3,4,3,4,3,1,1,1,1
7,34,18,0.00013829575618728995,0,0,4,3,4,6,4,3,1,1,1,1
7,34,19,0.021891294047236443,0,0,4,3,4,1,4,4,1,1,1,1
7,34,23,0.00037314541987143457,0,0,4,3,4,5,4,4,1,1,1,1
7,34,24,0.0015892467927187681,0,0,4,3,4,6,4,4,1,1,1,1
7,34,26,0.0008430684101767838,0,0,4,3,4,2,4,5,1,1,1,1
7,34,28,0.0001374838757328689,0,0,4,3,4,4,4,5,1,1,1,1
7,34,29,3.1830441002966836e-05,0,0,4,3,4,5,4,5,1,1,1,1
7,34,31,2.5806239136727527e-05,0,0,4,4,4,1,4,1,1,1,1,1
7,34,32,8.055070065893233e-05,0,0,4,4,4,2,4,2,1,1,1,1
7,34,36,0.8292078375816345,0,0,4,5,4,1,4,1,1,2,1,2
7,34,37,0.11991259455680847,0,0,4,5,4,2,4,2,1,2,1,2
7,34,38,0.009311087429523468,0,0,4,5,4,3,4,3,1,2,1,2
7,34,42,0.0045141237787902355,0,1,4,6,4,2,4,0,1,0,1,1
7,34,43,0.0007223421707749367,0,1,4,6,4,3,4,0,1,0,1,1
7,34,45,0.00045447147567756474,0,1,4,6,4,5,4,0,1,0,1,1
7,34,47,0.00027796209906227887,0,2,4,7,4,0,4,0,1,0,1,4
7,35,1,0.0026649856008589268,0,0,4,3,5,1,5,1,1,1,1,1
7,35,2,0.002032275777310133,0,0,4,3,5,2,5,1,1,1,1,1
7,35,6,0.022679993882775307,0,0,4,3,5,6,5,1,1,1,1,1
7,35,7,0.0012521427124738693,0,0,4,3,5,1,5,2,1,1,1,1
7,35,8,0.01408611610531807,0,0,4,3,5,2,5,2,1,1,1,1
7,35,10,0.04683954641222954,0,0,4,3,5,4,5,2,1,1,1,1
7,35,13,0.0016043521463871002,0,0,4,3,5,1,5,3,1,1,1,1
7,35,15,0.0005424990667961538,0,0,4,3,5,3,5,3,1,1,1,1
7,35,18,0.007650514133274555,0,0,4,3,5,6,5,3,1,1,1,1
7,35,19,0.0012594418367370963,0,0,4,3,5,1,5,4,1,1,1,1
7,35,23,0.0010668194154277444,0,0,4,3,5,5,5,4,1,1,1,1
7,35,24,0.0033447800669819117,0,0,4,3,5,6,5,4,1,1,1,1
7,35,26,0.0023246733471751213,0,0,4,3,5,2,5,5,1,1,1,1
7,35,28,0.023684628307819366,0,0,4,3,5,4,5,5,1,1,1,1
7,35,29,0.0007574044866487384,0,0,4,3,5,5,5,5,1,1,1,1
7,35,31,0.00038589927135035396,0,0,4,4,5,1,5,1,1,1,1,1
7,35,32,0.0014832658926025033,0,0,4,4,5,2,5,2,1,1,1,1
7,35,36,0.2869768738746643,0,0,4,5,5,1,5,1,1,2,1,2
7,35,37,0.48129191994667053,0,0,4,5,5,2,5,2,1,2,1,2
7,35,38,0.062827467918396,0,0,4,5,5,3,5,3,1,2,1,2
7,35,42,0.0031294168438762426,0,1,4,6,5,2,5,0,1,0,1,1
7,35,43,0.007969100959599018,0,1,4,6,5,3,5,0,1,0,1,1
7,35,45,0.006018718238919973,0,1,4,6,5,5,5,0,1,0,1,1
7,35,47,0.018127109855413437,0,2,4,7,5,0,5,0,1,0,1,4
7,39,1,3.3037249522749335e-05,0,0,5,3,4,1,4,1,2,1,2,1
7,39,2,0.0003168588154949248,0,0,5,3,4,2,4,1,2,1,2,1
7,39,6,5.340253665053751e-06,0,0,5,3,4,6,4,1,2,1,2,1
7,39,7,9.87929743132554e-05,0,0,5,3,4,1,4,2,2,1,2,1
7,39,8,1.2864280733992928e-06,0,0,5,3,4,2,4,2,2,1,2,1
7,39,10,6.553436378453625e-06,0,0,5,3,4,4,4,2,2,1,2,1
7,39,13,0.00020073085033800453,0,0,5,3,4,1,4,3,2,1,2,1
7,39,15,0.00019121258810628206,0,0,5,3,4,3,4,3,2,1,2,1
7,39,18,1.8923099560197443e-05,0,0,5,3,4,6,4,3,2,1,2,1
7,39,19,0.9702244400978088,0,0,5,3,4,1,4,4,2,1,2,1
7,39,23,0.00536569207906723,0,0,5,3,4,5,4,4,2,1,2,1
7,39,24,0.001224710256792605,0,0,5,3,4,6,4,4,2,1,2,1
7,39,26,0.001513034338131547,0,0,5,3,4,2,4,5,2,1,2,1
7,39,28,0.0014532319037243724,0,0,5,3,4,4,4,5,2,1,2,1
7,39,29,0.0006279630470089614,0,0,5,3,4,5,4,5,2,1,2,1
7,39,31,6.136875185802637e-07,0,0,5,4,4,1,4,1,2,1,2,1
7,39,32,2.8711523555102758e-05,0,0,5,4,4,2,4,2,2,1,2,1
7,39,36,0.015951549634337425,0,0,5,5,4,1,4,1,2,2,2,2
7,39,37,0.0004022488137707114,0,0,5,5,4,2,4,2,2,2,2,2
7,39,38,0.00041956163477152586,0,0,5,5,4,3,4,3,2,2,2,2
7,39,42,0.0011919316602870822,0,1,5,6,4,2,4,0,2,0,2,1
7,39,43,0.0003613172739278525,0,1,5,6,4,3,4,0,2,0,2,1
7,39,45,0.0003091378603130579,0,1,5,6,4,5,4,0,2,0,2,1
7,39,47,5.303175566950813e-05,0,2,5,7,4,0,4,0,2,0,2,4
7,40,1,7.073691813275218e-05,0,0,5,3,5,1,5,1,2,1,2,1
7,40,2,7.383006050076801e-06,0,0,5,3,5,2,5,1,2,1,2,1
7,40,6,4.278710184735246e-05,0,0,5,3,5,6,5,1,2,1,2,1
7,40,7,3.689558798214421e-05,0,0,5,3,5,1,5,2,2,1,2,1
7,40,8,9.817814316193108e-06,0,0,5,3,5,2,5,2,2,1,2,1
7,40,10,0.006605913862586021,0,0,5,3,5,4,5,2,2,1,2,1
7,40,13,2.4353617845918052e-05,0,0,5,3,5,1,5,3,2,1,2,1
7,40,15,0.0021856490056961775,0,0,5,3,5,3,5,3,2,1,2,1
7,40,18,5.956597306067124e-05,0,0,5,3,5,6,5,3,2,1,2,1
7,40,19,0.0011563253356143832,0,0,5,3,5,1,5,4,2,1,2,1
7,40,23,0.0002653556293807924,0,0,5,3,5,5,5,4,2,1,2,1
7,40,24,0.00014931494661141187,0,0,5,3,5,6,5,4,2,1,2,1
7,40,26,0.00030824056011624634,0,0,5,3,5,2,5,5,2,1,2,1
7,40,28,0.9791550636291504,0,0,5,3,5,4,5,5,2,1,2,1
7,40,29,0.0009225082467310131,0,0,5,3,5,5,5,5,2,1,2,1
7,40,31,1.336761783932161e-06,0,0,5,4,5,1,5,1,2,1,2,1
7,40,32,0.00018115021521225572,0,0,5,4,5,2,5,2,2,1,2,1
7,40,36,0.00318865105509758,0,0,5,5,5,1,5,1,2,2,2,2
7,40,37,0.0008035974460653961,0,0,5,5,5,2,5,2,2,2,2,2
7,40,38,0.0011631670640781522,0,0,5,5,5,3,5,3,2,2,2,2
7,40,42,2.4041413780651055e-05,0,1,5,6,5,2,5,0,2,0,2,1
7,40,43,0.0018618726171553135,0,1,5,6,5,3,5,0,2,0,2,1
7,40,45,0.00012309622252359986,0,1,5,6,5,5,5,0,2,0,2,1
7,40,47,0.0016525144455954432,0,2,5,7,5,0,5,0,2,0,2,4
7,41,1,0.0061538005247712135,1,0,6,3,1,1,0,1,0,1,1,1
7,41,2,0.0005968122277408838,1,0,6,3,1,2,0,1,0,1,1,1
7,41,6,0.001298857037909329,1,0,6,3,1,6,0,1,0,1,1,1
7,41,7,0.003976855892688036,1,0,6,3,1,1,0,2,0,1,1,1
7,41,8,3.34436407456451e-07,1,0,6,3,1,2,0,2,0,1,1,1
7,41,10,0.00015986974176485091,1,0,6,3,1,4,0,2,0,1,1,1
7,41,13,0.9811402559280396,1,0,6,3,1,1,0,3,0,1,1,1
7,41,15,7.789170922478661e-05,1,0,6,3,1,3,0,3,0,1,1,1
7,41,18,0.0013624168932437897,1,0,6,3,1,6,0,3,0,1,1,1
7,41,19,0.0014077506493777037,1,0,6,3,1,1,0,4,0,1,1,1
7,41,23,7.593268946948228e-06,1,0,6,3,1,5,0,4,0,1,1,1
7,41,24,8.877266373019665e-05,1,0,6,3,1,6,0,4,0,1,1,1
7,41,26,4.323904249758925e-06,1,0,6,3,1,2,0,5,0,1,1,1
7,41,28,1.0902437679760624e-05,1,0,6,3,1,4,0,5,0,1,1,1
7,41,29,1.7607692370802397e-06,1,0,6,3,1,5,0,5,0,1,1,1
7,41,31,0.0010241282870993018,1,0,6,4,1,1,0,1,0,1,1,1
7,41,32,8.571455367700764e-08,1,0,6,4,1,2,0,2,0,1,1,1
7,41,36,0.0025897659361362457,1,0,6,5,1,1,0,1,0,2,1,2
7,41,37,1.2845439378850187e-08,1,0,6,5,1,2,0,2,0,2,1,2
7,41,38,5.7239440138801e-06,1,0,6,5,1,3,0,3,0,2,1,2
7,41,42,4.4640019041253254e-05,1,1,6,6,1,2,0,0,0,0,1,1
7,41,43,3.986530828115065e-06,1,1,6,6,1,3,0,0,0,0,1,1
7,41,45,4.3215717596467584e-05,1,1,6,6,1,5,0,0,0,0,1,1
7,41,47,3.4079491229022096e-08,1,2,6,7,1,0,0,0,0,0,1,4
7,44,1,0.013655213639140129,1,0,6,3,4,1,0,1,0,1,1,1
7,44,2,0.0013678593095391989,1,0,6,3,4,2,0,1,0,1,1,1
7,44,6,0.0016689508920535445,1,0,6,3,4,6,0,1,0,1,1,1
7,44,7,0.0013725662138313055,1,0,6,3,4,1,0,2,0,1,1,1
7,44,8,1.434779551345855e-05,1,0,6,3,4,2,0,2,0,1,1,1
7,44,10,0.004292282275855541,1,0,6,3,4,4,0,2,0,1,1,1
7,44,13,0.019206425175070763,1,0,6,3,4,1,0,3,0,1,1,1
7,44,15,0.0003961609036196023,1,0,6,3,4,3,0,3,0,1,1,1
7,44,18,0.0002087635948555544,1,0,6,3,4,6,0,3,0,1,1,1
7,44,19,0.00499358307570219,1,0,6,3,4,1,0,4,0,1,1,1
7,44,23,5.778724153060466e-05,1,0,6,3,4,5,0,4,0,1,1,1
7,44,24,0.0005290216067805886,1,0,6,3,4,6,0,4,0,1,1,1
7,44,26,9.214142482960597e-05,1,0,6,3,4,2,0,5,0,1,1,1
7,44,28,0.003317977301776409,1,0,6,3,4,4,0,5,0,1,1,1
7,44,29,3.06766560242977e-05,1,0,6,3,4,5,0,5,0,1,1,1
7,44,31,0.0008186293998733163,1,0,6,4,4,1,0,1,0,1,1,1
7,44,32,2.3580005290568806e-05,1,0,6,4,4,2,0,2,0,1,1,1
7,44,36,0.9456118941307068,1,0,6,5,4,1,0,1,0,2,1,2
7,44,37,0.00020920882525388151,1,0,6,5,4,2,0,2,0,2,1,2
7,44,38,0.0016587511636316776,1,0,6,5,4,3,0,3,0,2,1,2
7,44,42,8.993244409793988e-05,1,1,6,6,4,2,0,0,0,0,1,1
7,44,43,0.00025409460067749023,1,1,6,6,4,3,0,0,0,0,1,1
7,44,45,0.0001264498569071293,1,1,6,6,4,5,0,0,0,0,1,1
7,44,47,3.5642947295855265e-06,1,2,6,7,4,0,0,0,0,0,1,4
7,46,1,0.25202298164367676,1,0,6,3,6,1,0,1,0,1,1,1
7,46,2,0.01814831979572773,1,0,6,3,6,2,0,1,0,1,1,1
7,46,6,0.12984606623649597,1,0,6,3,6,6,0,1,0,1,1,1
7,46,7,0.009216271340847015,1,0,6,3,6,1,0,2,0,1,1,1
7,46,8,0.003676965367048979,1,0,6,3,6,2,0,2,0,1,1,1
7,46,10,0.040547020733356476,1,0,6,3,6,4,0,2,0,1,1,1
7,46,13,0.1080191433429718,1,0,6,3,6,1,0,3,0,1,1,1
7,46,15,0.006996552459895611,1,0,6,3,6,3,0,3,0,1,1,1
7,46,18,0.008887608535587788,1,0,6,3,6,6,0,3,0,1,1,1
7,46,19,0.0002285064256284386,1,0,6,3,6,1,0,4,0,1,1,1
7,46,23,0.00017244314949493855,1,0,6,3,6,5,0,4,0,1,1,1
7,46,24,0.003502038074657321,1,0,6,3,6,6,0,4,0,1,1,1
7,46,26,0.0005396665656007826,1,0,6,3,6,2,0,5,0,1,1,1
7,46,28,0.0015235429164022207,1,0,6,3,6,4,0,5,0,1,1,1
7,46,29,0.00011983917647739872,1,0,6,3,6,5,0,5,0,1,1,1
7,46,31,0.2936455011367798,1,0,6,4,6,1,0,1,0,1,1,1
7,46,32,0.0012325047282502055,1,0,6,4,6,2,0,2,0,1,1,1
7,46,36,0.09950602799654007,1,0,6,5,6,1,0,1,0,2,1,2
7,46,37,0.0010474853916093707,1,0,6,5,6,2,0,2,0,2,1,2
7,46,38,0.016836091876029968,1,0,6,5,6,3,0,3,0,2,1,2
7,46,42,0.0008822077070362866,1,1,6,6,6,2,0,0,0,0,1,1
7,46,43,0.0021011752542108297,1,1,6,6,6,3,0,0,0,0,1,1
7,46,45,0.0008552907384000719,1,1,6,6,6,5,0,0,0,0,1,1
7,46,47,0.00044653992517851293,1,2,6,7,6,0,0,0,0,0,1,4
