coupling_layer,target_coord,fixed_coord,mean_attention,target_latent_type,fixed_latent_type,target_parameter_type,fixed_parameter_type,target_group,fixed_group,target_unit,fixed_unit,target_layer,fixed_layer,target_side,fixed_side
0,4,0,0.9803891181945801,0,0,3,1,4,0,1,0,1,2,1,4
0,4,1,0.00013657909585162997,0,0,3,3,4,1,1,1,1,1,1,1
0,4,2,0.0007572169415652752,0,0,3,3,4,2,1,1,1,1,1,1
0,4,3,0.00011060277029173449,0,0,3,3,4,3,1,1,1,1,1,1
0,4,5,9.514434168522712e-06,0,0,3,3,4,5,1,1,1,1,1,1
0,4,6,0.00018778612138703465,0,0,3,3,4,6,1,1,1,1,1,1
0,4,7,1.633830470382236e-05,0,0,3,3,4,1,1,2,1,1,1,1
0,4,11,1.1807193232016289e-06,0,0,3,3,4,5,1,2,1,1,1,1
0,4,13,0.0004045704554300755,0,0,3,3,4,1,1,3,1,1,1,1
0,4,18,0.0013024152722209692,0,0,3,3,4,6,1,3,1,1,1,1
0,4,23,1.7952732378034852e-05,0,0,3,3,4,5,1,4,1,1,1,1
0,4,24,0.0008110891212709248,0,0,3,3,4,6,1,4,1,1,1,1
0,4,25,4.703546073869802e-05,0,0,3,3,4,1,1,5,1,1,1,1
0,4,26,0.00015531355165876448,0,0,3,3,4,2,1,5,1,1,1,1
0,4,28,1.6698118997737765e-05,0,0,3,3,4,4,1,5,1,1,1,1
0,4,31,0.00012772959598805755,0,0,3,4,4,1,1,1,1,1,1,1
0,4,32,0.00023557458189316094,0,0,3,4,4,2,1,2,1,1,1,1
0,4,33,0.00041572615737095475,0,0,3,4,4,3,1,3,1,1,1,1
0,4,34,0.0001073169696610421,0,0,3,4,4,4,1,4,1,1,1,1
0,4,38,0.012716678902506828,0,0,3,5,4,3,1,3,1,2,1,2
0,4,40,0.00013066502287983894,0,0,3,5,4,5,1,5,1,2,1,2
0,4,43,2.802720155159477e-05,0,1,3,6,4,3,1,0,1,0,1,1
0,4,44,0.00043311738409101963,0,1,3,6,4,4,1,0,1,0,1,1
0,4,46,0.0014415039913728833,0,1,3,6,4,6,1,0,1,0,1,1
0,8,0,0.33345815539360046,0,0,3,1,2,0,2,0,1,2,1,4
0,8,1,1.1993564839940518e-05,0,0,3,3,2,1,2,1,1,1,1,1
0,8,2,3.725747956195846e-05,0,0,3,3,2,2,2,1,1,1,1,1
0,8,3,7.680269845877774e-06,0,0,3,3,2,3,2,1,1,1,1,1
0,8,5,4.876816888099711e-07,0,0,3,3,2,5,2,1,1,1,1,1
0,8,6,2.7327927455189638e-05,0,0,3,3,2,6,2,1,1,1,1,1
0,8,7,5.553319169848692e-06,0,0,3,3,2,1,2,2,1,1,1,1
0,8,11,2.0299514957855536e-08,0,0,3,3,2,5,2,2,1,1,1,1
0,8,13,0.00023954550852067769,0,0,3,3,2,1,2,3,1,1,1,1
0,8,18,0.00017343056970275939,0,0,3,3,2,6,2,3,1,1,1,1
0,8,23,2.2336011795687227e-07,0,0,3,3,2,5,2,4,1,1,1,1
0,8,24,2.26855518121738e-05,0,0,3,3,2,6,2,4,1,1,1,1
0,8,25,3.2697218557586893e-05,0,0,3,3,2,1,2,5,1,1,1,1
0,8,26,0.00011977205576840788,0,0,3,3,2,2,2,5,1,1,1,1
0,8,28,1.1420752343838103e-05,0,0,3,3,2,4,2,5,1,1,1,1
0,8,31,0.00022623433324042708,0,0,3,4,2,1,2,1,1,1,1,1
0,8,32,0.00019586058624554425,0,0,3,4,2,2,2,2,1,1,1,1
0,8,33,0.0007329051732085645,0,0,3,4,2,3,2,3,1,1,1,1
0,8,34,3.178365886924439e-06,0,0,3,4,2,4,2,4,1,1,1,1
0,8,38,0.6513760089874268,0,0,3,5,2,3,2,3,1,2,1,2
0,8,40,0.00044605141738429666,0,0,3,5,2,5,2,5,1,2,1,2
0,8,43,5.3227115131448954e-05,0,1,3,6,2,3,2,0,1,0,1,1
0,8,44,0.0006167303072288632,0,1,3,6,2,4,2,0,1,0,1,1
0,8,46,0.012200843542814255,0,1,3,6,2,6,2,0,1,0,1,1
0,9,0,0.03326587751507759,0,0,3,1,3,0,2,0,1,2,1,4
0,9,1,1.6106318980746437e-06,0,0,3,3,3,1,2,1,1,1,1,1
0,9,2,9.202819455822464e-06,0,0,3,3,3,2,2,1,1,1,1,1
0,9,3,2.0131740257056663e-06,0,0,3,3,3,3,2,1,1,1,1,1
0,9,5,3.056038906379399e-07,0,0,3,3,3,5,2,1,1,1,1,1
0,9,6,2.54229439633491e-06,0,0,3,3,3,6,2,1,1,1,1,1
0,9,7,3.8396765944526123e-07,0,0,3,3,3,1,2,2,1,1,1,1
0,9,11,8.008661289693464e-09,0,0,3,3,3,5,2,2,1,1,1,1
0,9,13,7.183969137258828e-05,0,0,3,3,3,1,2,3,1,1,1,1
0,9,18,0.00011510351760080084,0,0,3,3,3,6,2,3,1,1,1,1
0,9,23,3.152971146391792e-07,0,0,3,3,3,5,2,4,1,1,1,1
0,9,24,1.9094520666840253e-06,0,0,3,3,3,6,2,4,1,1,1,1
0,9,25,2.4927143385866657e-05,0,0,3,3,3,1,2,5,1,1,1,1
0,9,26,3.117385494988412e-05,0,0,3,3,3,2,2,5,1,1,1,1
0,9,28,5.320079708326375e-06,0,0,3,3,3,4,2,5,1,1,1,1
0,9,31,7.550740701844916e-05,0,0,3,4,3,1,2,1,1,1,1,1
0,9,32,2.225362550234422e-05,0,0,3,4,3,2,2,2,1,1,1,1
0,9,33,0.0010198767995461822,0,0,3,4,3,3,2,3,1,1,1,1
0,9,34,1.6015850405892706e-06,0,0,3,4,3,4,2,4,1,1,1,1
0,9,38,0.9522935152053833,0,0,3,5,3,3,2,3,1,2,1,2
0,9,40,0.0015954888658598065,0,0,3,5,3,5,2,5,1,2,1,2
0,9,43,0.00018716762133408338,0,1,3,6,3,3,2,0,1,0,1,1
0,9,44,0.00039475096855312586,0,1,3,6,3,4,2,0,1,0,1,1
0,9,46,0.010877554304897785,0,1,3,6,3,6,2,0,1,0,1,1
0,10,0,0.055556632578372955,0,0,3,1,4,0,2,0,1,2,1,4
0,10,1,1.6744628510423354e-06,0,0,3,3,4,1,2,1,1,1,1,1
0,10,2,1.0695532182580791e-05,0,0,3,3,4,2,2,1,1,1,1,1
0,10,3,2.7943794975726632e-06,0,0,3,3,4,3,2,1,1,1,1,1
0,10,5,2.6436833877596655e-07,0,0,3,3,4,5,2,1,1,1,1,1
0,10,6,5.971409791527549e-06,0,0,3,3,4,6,2,1,1,1,1,1
0,10,7,8.736380436857871e-07,0,0,3,3,4,1,2,2,1,1,1,1
0,10,11,1.3110998509091587e-08,0,0,3,3,4,5,2,2,1,1,1,1
0,10,13,4.704569801106118e-05,0,0,3,3,4,1,2,3,1,1,1,1
0,10,18,4.500762588577345e-05,0,0,3,3,4,6,2,3,1,1,1,1
0,10,23,2.204106692715868e-07,0,0,3,3,4,5,2,4,1,1,1,1
0,10,24,3.079985162912635e-06,0,0,3,3,4,6,2,4,1,1,1,1
0,10,25,1.6835901988088153e-05,0,0,3,3,4,1,2,5,1,1,1,1
0,10,26,8.089801849564537e-05,0,0,3,3,4,2,2,5,1,1,1,1
0,10,28,5.270785095490282e-06,0,0,3,3,4,4,2,5,1,1,1,1
0,10,31,9.348244202556089e-05,0,0,3,4,4,1,2,1,1,1,1,1
0,10,32,6.736444629495963e-05,0,0,3,4,4,2,2,2,1,1,1,1
0,10,33,0.0004829810932278633,0,0,3,4,4,3,2,3,1,1,1,1
0,10,34,2.381239710302907e-06,0,0,3,4,4,4,2,4,1,1,1,1
0,10,38,0.940437912940979,0,0,3,5,4,3,2,3,1,2,1,2
0,10,40,0.0009779268875718117,0,0,3,5,4,5,2,5,1,2,1,2
0,10,43,2.2517842808156274e-05,0,1,3,6,4,3,2,0,1,0,1,1
0,10,44,0.00012393403449095786,0,1,3,6,4,4,2,0,1,0,1,1
0,10,46,0.002014308236539364,0,1,3,6,4,6,2,0,1,0,1,1
0,12,0,0.28278788924217224,0,0,3,1,6,0,2,0,1,2,1,4
0,12,1,5.939538709753833e-07,0,0,3,3,6,1,2,1,1,1,1,1
0,12,2,8.878671906131785e-06,0,0,3,3,6,2,2,1,1,1,1,1
0,12,3,1.326204710494494e-06,0,0,3,3,6,3,2,1,1,1,1,1
0,12,5,1.2999541354474786e-07,0,0,3,3,6,5,2,1,1,1,1,1
0,12,6,2.164747002098011e-06,0,0,3,3,6,6,2,1,1,1,1,1
0,12,7,1.27316681641787e-07,0,0,3,3,6,1,2,2,1,1,1,1
0,12,11,3.964604644579595e-09,0,0,3,3,6,5,2,2,1,1,1,1
0,12,13,4.374629133963026e-05,0,0,3,3,6,1,2,3,1,1,1,1
0,12,18,7.710616773692891e-05,0,0,3,3,6,6,2,3,1,1,1,1
0,12,23,1.3186725311697955e-07,0,0,3,3,6,5,2,4,1,1,1,1
0,12,24,2.7873609269590816e-06,0,0,3,3,6,6,2,4,1,1,1,1
0,12,25,6.526495326397708e-06,0,0,3,3,6,1,2,5,1,1,1,1
0,12,26,2.5416182324988768e-05,0,0,3,3,6,2,2,5,1,1,1,1
0,12,28,1.664920773691847e-06,0,0,3,3,6,4,2,5,1,1,1,1
0,12,31,1.0282524272042792e-05,0,0,3,4,6,1,2,1,1,1,1,1
0,12,32,1.054077802109532e-05,0,0,3,4,6,2,2,2,1,1,1,1
0,12,33,0.0002264773938804865,0,0,3,4,6,3,2,3,1,1,1,1
0,12,34,8.21618471036345e-07,0,0,3,4,6,4,2,4,1,1,1,1
0,12,38,0.7160375714302063,0,0,3,5,6,3,2,3,1,2,1,2
0,12,40,0.00048800476361066103,0,0,3,5,6,5,2,5,1,2,1,2
0,12,43,1.8432950810165494e-06,0,1,3,6,6,3,2,0,1,0,1,1
0,12,44,2.4131064492394216e-05,0,1,3,6,6,4,2,0,1,0,1,1
0,12,46,0.00024160215980373323,0,1,3,6,6,6,2,0,1,0,1,1
0,14,0,0.16886478662490845,0,0,3,1,2,0,3,0,1,2,1,4
0,14,1,0.10898004472255707,0,0,3,3,2,1,3,1,1,1,1,1
0,14,2,0.032224103808403015,0,0,3,3,2,2,3,1,1,1,1,1
0,14,3,0.010205412283539772,0,0,3,3,2,3,3,1,1,1,1,1
0,14,5,0.006032116245478392,0,0,3,3,2,5,3,1,1,1,1,1
0,14,6,0.017031077295541763,0,0,3,3,2,6,3,1,1,1,1,1
0,14,7,0.007671299856156111,0,0,3,3,2,1,3,2,1,1,1,1
0,14,11,0.0004373292322270572,0,0,3,3,2,5,3,2,1,1,1,1
0,14,13,0.07255399227142334,0,0,3,3,2,1,3,3,1,1,1,1
0,14,18,0.023004822432994843,0,0,3,3,2,6,3,3,1,1,1,1
0,14,23,0.0013713635271415114,0,0,3,3,2,5,3,4,1,1,1,1
0,14,24,0.008915417827665806,0,0,3,3,2,6,3,4,1,1,1,1
0,14,25,0.039430420845746994,0,0,3,3,2,1,3,5,1,1,1,1
0,14,26,0.010792860761284828,0,0,3,3,2,2,3,5,1,1,1,1
0,14,28,0.010693267919123173,0,0,3,3,2,4,3,5,1,1,1,1
0,14,31,0.12624363601207733,0,0,3,4,2,1,3,1,1,1,1,1
0,14,32,0.006306551396846771,0,0,3,4,2,2,3,2,1,1,1,1
0,14,33,0.006151801440864801,0,0,3,4,2,3,3,3,1,1,1,1
0,14,34,0.0009291953174397349,0,0,3,4,2,4,3,4,1,1,1,1
0,14,38,0.10904975980520248,0,0,3,5,2,3,3,3,1,2,1,2
0,14,40,0.012729914858937263,0,0,3,5,2,5,3,5,1,2,1,2
0,14,43,0.007556634489446878,0,1,3,6,2,3,3,0,1,0,1,1
0,14,44,0.022276995703577995,0,1,3,6,2,4,3,0,1,0,1,1
0,14,46,0.19054727256298065,0,1,3,6,2,6,3,0,1,0,1,1
0,15,0,0.12515102326869965,0,0,3,1,3,0,3,0,1,2,1,4
0,15,1,0.0014296012232080102,0,0,3,3,3,1,3,1,1,1,1,1
0,15,2,0.0017793768784031272,0,0,3,3,3,2,3,1,1,1,1,1
0,15,3,0.0010145059786736965,0,0,3,3,3,3,3,1,1,1,1,1
0,15,5,0.0002480164112057537,0,0,3,3,3,5,3,1,1,1,1,1
0,15,6,0.00041346423677168787,0,0,3,3,3,6,3,1,1,1,1,1
0,15,7,0.00023527118901256472,0,0,3,3,3,1,3,2,1,1,1,1
0,15,11,2.683624734345358e-05,0,0,3,3,3,5,3,2,1,1,1,1
0,15,13,0.006608115509152412,0,0,3,3,3,1,3,3,1,1,1,1
0,15,18,0.0066391280852258205,0,0,3,3,3,6,3,3,1,1,1,1
0,15,23,0.00011656020797090605,0,0,3,3,3,5,3,4,1,1,1,1
0,15,24,0.00047186436131596565,0,0,3,3,3,6,3,4,1,1,1,1
0,15,25,0.0015022894367575645,0,0,3,3,3,1,3,5,1,1,1,1
0,15,26,0.0013297024415805936,0,0,3,3,3,2,3,5,1,1,1,1
0,15,28,0.0005927330930717289,0,0,3,3,3,4,3,5,1,1,1,1
0,15,31,0.016253814101219177,0,0,3,4,3,1,3,1,1,1,1,1
0,15,32,0.005917763337492943,0,0,3,4,3,2,3,2,1,1,1,1
0,15,33,0.020947374403476715,0,0,3,4,3,3,3,3,1,1,1,1
0,15,34,0.00036411595647223294,0,0,3,4,3,4,3,4,1,1,1,1
0,15,38,0.7434965372085571,0,0,3,5,3,3,3,3,1,2,1,2
0,15,40,0.01461641862988472,0,0,3,5,3,5,3,5,1,2,1,2
0,15,43,0.004846601281315088,0,1,3,6,3,3,3,0,1,0,1,1
0,15,44,0.011915674433112144,0,1,3,6,3,4,3,0,1,0,1,1
0,15,46,0.03408332169055939,0,1,3,6,3,6,3,0,1,0,1,1
0,16,0,0.8169155120849609,0,0,3,1,4,0,3,0,1,2,1,4
0,16,1,0.0003349619801156223,0,0,3,3,4,1,3,1,1,1,1,1
0,16,2,0.0006353831267915666,0,0,3,3,4,2,3,1,1,1,1,1
0,16,3,0.00020707397197838873,0,0,3,3,4,3,3,1,1,1,1,1
0,16,5,2.1280453438521363e-05,0,0,3,3,4,5,3,1,1,1,1,1
0,16,6,0.00022522885410580784,0,0,3,3,4,6,3,1,1,1,1,1
0,16,7,3.937405926990323e-05,0,0,3,3,4,1,3,2,1,1,1,1
0,16,11,2.1880575786781264e-06,0,0,3,3,4,5,3,2,1,1,1,1
0,16,13,0.0008657685248181224,0,0,3,3,4,1,3,3,1,1,1,1
0,16,18,0.0007002755883149803,0,0,3,3,4,6,3,3,1,1,1,1
0,16,23,1.1689843631756958e-05,0,0,3,3,4,5,3,4,1,1,1,1
0,16,24,0.0002700482145883143,0,0,3,3,4,6,3,4,1,1,1,1
0,16,25,0.00020659982692450285,0,0,3,3,4,1,3,5,1,1,1,1
0,16,26,0.0006381609127856791,0,0,3,3,4,2,3,5,1,1,1,1
0,16,28,7.591570465592667e-05,0,0,3,3,4,4,3,5,1,1,1,1
0,16,31,0.002019415143877268,0,0,3,4,4,1,3,1,1,1,1,1
0,16,32,0.0012411997886374593,0,0,3,4,4,2,3,2,1,1,1,1
0,16,33,0.001007035025395453,0,0,3,4,4,3,3,3,1,1,1,1
0,16,34,4.551462552626617e-05,0,0,3,4,4,4,3,4,1,1,1,1
0,16,38,0.1664787381887436,0,0,3,5,4,3,3,3,1,2,1,2
0,16,40,0.0021981564350426197,0,0,3,5,4,5,3,5,1,2,1,2
0,16,43,9.236439655069262e-05,0,1,3,6,4,3,3,0,1,0,1,1
0,16,44,0.001678683329373598,0,1,3,6,4,4,3,0,1,0,1,1
0,16,46,0.004089282359927893,0,1,3,6,4,6,3,0,1,0,1,1
0,17,0,0.0278211310505867,0,0,3,1,5,0,3,0,1,2,1,4
0,17,1,6.4356472648796625e-06,0,0,3,3,5,1,3,1,1,1,1,1
0,17,2,2.6943407647195272e-05,0,0,3,3,5,2,3,1,1,1,1,1
0,17,3,6.804383701819461e-06,0,0,3,3,5,3,3,1,1,1,1,1
0,17,5,9.80700974650972e-07,0,0,3,3,5,5,3,1,1,1,1,1
0,17,6,3.3997644095506985e-06,0,0,3,3,5,6,3,1,1,1,1,1
0,17,7,4.586649140492227e-07,0,0,3,3,5,1,3,2,1,1,1,1
0,17,11,8.965051812026559e-09,0,0,3,3,5,5,3,2,1,1,1,1
0,17,13,0.00012998607417102903,0,0,3,3,5,1,3,3,1,1,1,1
0,17,18,0.00016067232354544103,0,0,3,3,5,6,3,3,1,1,1,1
0,17,23,8.882766451279167e-07,0,0,3,3,5,5,3,4,1,1,1,1
0,17,24,3.569031832739711e-06,0,0,3,3,5,6,3,4,1,1,1,1
0,17,25,4.531964805210009e-05,0,0,3,3,5,1,3,5,1,1,1,1
0,17,26,3.333750646561384e-05,0,0,3,3,5,2,3,5,1,1,1,1
0,17,28,8.549290214432403e-06,0,0,3,3,5,4,3,5,1,1,1,1
0,17,31,8.848383004078642e-05,0,0,3,4,5,1,3,1,1,1,1,1
0,17,32,1.6601708921371028e-05,0,0,3,4,5,2,3,2,1,1,1,1
0,17,33,0.0004735907423309982,0,0,3,4,5,3,3,3,1,1,1,1
0,17,34,1.8788986153595033e-06,0,0,3,4,5,4,3,4,1,1,1,1
0,17,38,0.9606618881225586,0,0,3,5,5,3,3,3,1,2,1,2
0,17,40,0.0021371536422520876,0,0,3,5,5,5,3,5,1,2,1,2
0,17,43,0.00026044034166261554,0,1,3,6,5,3,3,0,1,0,1,1
0,17,44,0.0006457892013713717,0,1,3,6,5,4,3,0,1,0,1,1
0,17,46,0.007465349975973368,0,1,3,6,5,6,3,0,1,0,1,1
0,19,0,0.11639030277729034,0,0,3,1,1,0,4,0,1,2,1,4
0,19,1,4.1193459765054286e-05,0,0,3,3,1,1,4,1,1,1,1,1
0,19,2,0.00024726008996367455,0,0,3,3,1,2,4,1,1,1,1,1
0,19,3,0.0001921813964145258,0,0,3,3,1,3,4,1,1,1,1,1
0,19,5,4.281681322026998e-05,0,0,3,3,1,5,4,1,1,1,1,1
0,19,6,3.555964940460399e-05,0,0,3,3,1,6,4,1,1,1,1,1
0,19,7,1.035026889439905e-05,0,0,3,3,1,1,4,2,1,1,1,1
0,19,11,5.950458671577508e-06,0,0,3,3,1,5,4,2,1,1,1,1
0,19,13,0.0009491788223385811,0,0,3,3,1,1,4,3,1,1,1,1
0,19,18,0.003952710889279842,0,0,3,3,1,6,4,3,1,1,1,1
0,19,23,2.911421142925974e-05,0,0,3,3,1,5,4,4,1,1,1,1
0,19,24,9.213478188030422e-05,0,0,3,3,1,6,4,4,1,1,1,1
0,19,25,0.0002310078707523644,0,0,3,3,1,1,4,5,1,1,1,1
0,19,26,0.0006658347556367517,0,0,3,3,1,2,4,5,1,1,1,1
0,19,28,0.00020396814215928316,0,0,3,3,1,4,4,5,1,1,1,1
0,19,31,0.0004683168954215944,0,0,3,4,1,1,4,1,1,1,1,1
0,19,32,0.001333888852968812,0,0,3,4,1,2,4,2,1,1,1,1
0,19,33,0.01711614802479744,0,0,3,4,1,3,4,3,1,1,1,1
0,19,34,0.00014257967995945364,0,0,3,4,1,4,4,4,1,1,1,1
0,19,38,0.8308618068695068,0,0,3,5,1,3,4,3,1,2,1,2
0,19,40,0.012550482526421547,0,0,3,5,1,5,4,5,1,2,1,2
0,19,43,0.0014137940015643835,0,1,3,6,1,3,4,0,1,0,1,1
0,19,44,0.008987443521618843,0,1,3,6,1,4,4,0,1,0,1,1
0,19,46,0.004035575315356255,0,1,3,6,1,6,4,0,1,0,1,1
0,20,0,0.8788861036300659,0,0,3,1,2,0,4,0,1,2,1,4
0,20,1,0.0016107516130432487,0,0,3,3,2,1,4,1,1,1,1,1
0,20,2,0.003836322110146284,0,0,3,3,2,2,4,1,1,1,1,1
0,20,3,0.000564270478207618,0,0,3,3,2,3,4,1,1,1,1,1
0,20,5,0.00013755583495367318,0,0,3,3,2,5,4,1,1,1,1,1
0,20,6,0.0005045431316830218,0,0,3,3,2,6,4,1,1,1,1,1
0,20,7,0.00014146875764708966,0,0,3,3,2,1,4,2,1,1,1,1
0,20,11,1.2896155567432288e-05,0,0,3,3,2,5,4,2,1,1,1,1
0,20,13,0.013508472591638565,0,0,3,3,2,1,4,3,1,1,1,1
0,20,18,0.011665025725960732,0,0,3,3,2,6,4,3,1,1,1,1
0,20,23,5.917523958487436e-05,0,0,3,3,2,5,4,4,1,1,1,1
0,20,24,0.0018436217214912176,0,0,3,3,2,6,4,4,1,1,1,1
0,20,25,0.0006231563747860491,0,0,3,3,2,1,4,5,1,1,1,1
0,20,26,0.0008983725565485656,0,0,3,3,2,2,4,5,1,1,1,1
0,20,28,0.00027799326926469803,0,0,3,3,2,4,4,5,1,1,1,1
0,20,31,0.0035747841466218233,0,0,3,4,2,1,4,1,1,1,1,1
0,20,32,0.0015008286572992802,0,0,3,4,2,2,4,2,1,1,1,1
0,20,33,0.004782023373991251,0,0,3,4,2,3,4,3,1,1,1,1
0,20,34,0.0003469328221399337,0,0,3,4,2,4,4,4,1,1,1,1
0,20,38,0.06705030798912048,0,0,3,5,2,3,4,3,1,2,1,2
0,20,40,0.0008862210088409483,0,0,3,5,2,5,4,5,1,2,1,2
0,20,43,0.00010717488476075232,0,1,3,6,2,3,4,0,1,0,1,1
0,20,44,0.00275418721139431,0,1,3,6,2,4,4,0,1,0,1,1
0,20,46,0.004428226035088301,0,1,3,6,2,6,4,0,1,0,1,1
0,21,0,0.13166557252407074,0,0,3,1,3,0,4,0,1,2,1,4
0,21,1,0.00015745511336717755,0,0,3,3,3,1,4,1,1,1,1,1
0,21,2,0.0005042250268161297,0,0,3,3,3,2,4,1,1,1,1,1
0,21,3,0.0001829750690376386,0,0,3,3,3,3,4,1,1,1,1,1
0,21,5,3.4530323318904266e-05,0,0,3,3,3,5,4,1,1,1,1,1
0,21,6,4.317540879128501e-05,0,0,3,3,3,6,4,1,1,1,1,1
0,21,7,1.2390221854730044e-05,0,0,3,3,3,1,4,2,1,1,1,1
0,21,11,1.9090612113359384e-06,0,0,3,3,3,5,4,2,1,1,1,1
0,21,13,0.0018745064735412598,0,0,3,3,3,1,4,3,1,1,1,1
0,21,18,0.0035019374918192625,0,0,3,3,3,6,4,3,1,1,1,1
0,21,23,3.0648941901745275e-05,0,0,3,3,3,5,4,4,1,1,1,1
0,21,24,0.00013545107503887266,0,0,3,3,3,6,4,4,1,1,1,1
0,21,25,0.00039676905726082623,0,0,3,3,3,1,4,5,1,1,1,1
0,21,26,0.00041337194852530956,0,0,3,3,3,2,4,5,1,1,1,1
0,21,28,0.00012915089610032737,0,0,3,3,3,4,4,5,1,1,1,1
0,21,31,0.001777965808287263,0,0,3,4,3,1,4,1,1,1,1,1
0,21,32,0.00045188324293121696,0,0,3,4,3,2,4,2,1,1,1,1
0,21,33,0.009945202618837357,0,0,3,4,3,3,4,3,1,1,1,1
0,21,34,0.00017576107347849756,0,0,3,4,3,4,4,4,1,1,1,1
0,21,38,0.8311396837234497,0,0,3,5,3,3,4,3,1,2,1,2
0,21,40,0.005665259435772896,0,0,3,5,3,5,4,5,1,2,1,2
0,21,43,0.0007608460728079081,0,1,3,6,3,3,4,0,1,0,1,1
0,21,44,0.0026729137171059847,0,1,3,6,3,4,4,0,1,0,1,1
0,21,46,0.008326892741024494,0,1,3,6,3,6,4,0,1,0,1,1
0,22,0,0.012063206173479557,0,0,3,1,4,0,4,0,1,2,1,4
0,22,1,6.851549187558703e-06,0,0,3,3,4,1,4,1,1,1,1,1
0,22,2,2.0124662114540115e-05,0,0,3,3,4,2,4,1,1,1,1,1
0,22,3,1.0421956176287495e-05,0,0,3,3,4,3,4,1,1,1,1,1
0,22,5,8.457594162791793e-07,0,0,3,3,4,5,4,1,1,1,1,1
0,22,6,2.286975131937652e-06,0,0,3,3,4,6,4,1,1,1,1,1
0,22,7,3.228664127163938e-07,0,0,3,3,4,1,4,2,1,1,1,1
0,22,11,1.8417750879962114e-08,0,0,3,3,4,5,4,2,1,1,1,1
0,22,13,4.78878355352208e-05,0,0,3,3,4,1,4,3,1,1,1,1
0,22,18,0.00012562019401229918,0,0,3,3,4,6,4,3,1,1,1,1
0,22,23,9.238938787348161e-07,0,0,3,3,4,5,4,4,1,1,1,1
0,22,24,3.6382664347911486e-06,0,0,3,3,4,6,4,4,1,1,1,1
0,22,25,2.6484405680093914e-05,0,0,3,3,4,1,4,5,1,1,1,1
0,22,26,4.379062738735229e-05,0,0,3,3,4,2,4,5,1,1,1,1
0,22,28,7.138862201827578e-06,0,0,3,3,4,4,4,5,1,1,1,1
0,22,31,0.0002995571121573448,0,0,3,4,4,1,4,1,1,1,1,1
0,22,32,6.006116745993495e-05,0,0,3,4,4,2,4,2,1,1,1,1
0,22,33,0.0016386958304792643,0,0,3,4,4,3,4,3,1,1,1,1
0,22,34,1.237867763848044e-05,0,0,3,4,4,4,4,4,1,1,1,1
0,22,38,0.9762510061264038,0,0,3,5,4,3,4,3,1,2,1,2
0,22,40,0.0010555305052548647,0,0,3,5,4,5,4,5,1,2,1,2
0,22,43,0.0004065850516781211,0,1,3,6,4,3,4,0,1,0,1,1
0,22,44,0.0007231459021568298,0,1,3,6,4,4,4,0,1,0,1,1
0,22,46,0.007193163502961397,0,1,3,6,4,6,4,0,1,0,1,1
0,27,0,0.0030447219032794237,0,0,3,1,3,0,5,0,1,2,1,4
0,27,1,0.0010151900351047516,0,0,3,3,3,1,5,1,1,1,1,1
0,27,2,0.0019157202914357185,0,0,3,3,3,2,5,1,1,1,1,1
0,27,3,0.0013813700061291456,0,0,3,3,3,3,5,1,1,1,1,1
0,27,5,0.000482645642478019,0,0,3,3,3,5,5,1,1,1,1,1
0,27,6,0.00019720217096619308,0,0,3,3,3,6,5,1,1,1,1,1
0,27,7,0.00017199524154420942,0,0,3,3,3,1,5,2,1,1,1,1
0,27,11,3.069702870561741e-05,0,0,3,3,3,5,5,2,1,1,1,1
0,27,13,0.006625027861446142,0,0,3,3,3,1,5,3,1,1,1,1
0,27,18,0.00407473323866725,0,0,3,3,3,6,5,3,1,1,1,1
0,27,23,0.00039216841105371714,0,0,3,3,3,5,5,4,1,1,1,1
0,27,24,0.00026712671387940645,0,0,3,3,3,6,5,4,1,1,1,1
0,27,25,0.002793720690533519,0,0,3,3,3,1,5,5,1,1,1,1
0,27,26,0.0016403348417952657,0,0,3,3,3,2,5,5,1,1,1,1
0,27,28,0.0007735613035038114,0,0,3,3,3,4,5,5,1,1,1,1
0,27,31,0.013111807405948639,0,0,3,4,3,1,5,1,1,1,1,1
0,27,32,0.0015929903602227569,0,0,3,4,3,2,5,2,1,1,1,1
0,27,33,0.011684561148285866,0,0,3,4,3,3,5,3,1,1,1,1
0,27,34,0.0012685961555689573,0,0,3,4,3,4,5,4,1,1,1,1
0,27,38,0.9156543612480164,0,0,3,5,3,3,5,3,1,2,1,2
0,27,40,0.023913420736789703,0,0,3,5,3,5,5,5,1,2,1,2
0,27,43,0.0024623253848403692,0,1,3,6,3,3,5,0,1,0,1,1
0,27,44,0.0008602161542512476,0,1,3,6,3,4,5,0,1,0,1,1
0,27,46,0.004644704516977072,0,1,3,6,3,6,5,0,1,0,1,1
0,29,0,0.00023236600100062788,0,0,3,1,5,0,5,0,1,2,1,4
0,29,1,0.0003206332912668586,0,0,3,3,5,1,5,1,1,1,1,1
0,29,2,0.0006786657613702118,0,0,3,3,5,2,5,1,1,1,1,1
0,29,3,0.0004890369600616395,0,0,3,3,5,3,5,1,1,1,1,1
0,29,5,0.00027156941359862685,0,0,3,3,5,5,5,1,1,1,1,1
0,29,6,8.540078852092847e-05,0,0,3,3,5,6,5,1,1,1,1,1
0,29,7,3.770615148823708e-05,0,0,3,3,5,1,5,2,1,1,1,1
0,29,11,8.507855454809032e-06,0,0,3,3,5,5,5,2,1,1,1,1
0,29,13,0.0012463268358260393,0,0,3,3,5,1,5,3,1,1,1,1
0,29,18,0.0016772616654634476,0,0,3,3,5,6,5,3,1,1,1,1
0,29,23,0.00020472327014431357,0,0,3,3,5,5,5,4,1,1,1,1
0,29,24,4.1646875615697354e-05,0,0,3,3,5,6,5,4,1,1,1,1
0,29,25,0.0011108688777312636,0,0,3,3,5,1,5,5,1,1,1,1
0,29,26,0.0005734986625611782,0,0,3,3,5,2,5,5,1,1,1,1
0,29,28,0.00046674031182192266,0,0,3,3,5,4,5,5,1,1,1,1
0,29,31,0.004198238719254732,0,0,3,4,5,1,5,1,1,1,1,1
0,29,32,0.0006652800366282463,0,0,3,4,5,2,5,2,1,1,1,1
0,29,33,0.0088810371235013,0,0,3,4,5,3,5,3,1,1,1,1
0,29,34,0.0003479872248135507,0,0,3,4,5,4,5,4,1,1,1,1
0,29,38,0.9396979808807373,0,0,3,5,5,3,5,3,1,2,1,2
0,29,40,0.011112697422504425,0,0,3,5,5,5,5,5,1,2,1,2
0,29,43,0.012546179816126823,0,1,3,6,5,3,5,0,1,0,1,1
0,29,44,0.0008958895923569798,0,1,3,6,5,4,5,0,1,0,1,1
0,29,46,0.014208877459168434,0,1,3,6,5,6,5,0,1,0,1,1
0,30,0,0.004055494908243418,0,0,3,1,6,0,5,0,1,2,1,4
0,30,1,6.981142632866977e-07,0,0,3,3,6,1,5,1,1,1,1,1
0,30,2,1.1239498235227074e-05,0,0,3,3,6,2,5,1,1,1,1,1
0,30,3,3.941063368984032e-06,0,0,3,3,6,3,5,1,1,1,1,1
0,30,5,8.92361981641443e-07,0,0,3,3,6,5,5,1,1,1,1,1
0,30,6,6.07067931923666e-07,0,0,3,3,6,6,5,1,1,1,1,1
0,30,7,7.515316724493459e-08,0,0,3,3,6,1,5,2,1,1,1,1
0,30,11,1.4163938466538184e-08,0,0,3,3,6,5,5,2,1,1,1,1
0,30,13,8.174999675247818e-05,0,0,3,3,6,1,5,3,1,1,1,1
0,30,18,3.4117878385586664e-05,0,0,3,3,6,6,5,3,1,1,1,1
0,30,23,6.375983616635494e-07,0,0,3,3,6,5,5,4,1,1,1,1
0,30,24,6.275397481658729e-07,0,0,3,3,6,6,5,4,1,1,1,1
0,30,25,1.1504854228405748e-05,0,0,3,3,6,1,5,5,1,1,1,1
0,30,26,2.5174371330649592e-05,0,0,3,3,6,2,5,5,1,1,1,1
0,30,28,2.8198737709317356e-06,0,0,3,3,6,4,5,5,1,1,1,1
0,30,31,3.8056976336520165e-05,0,0,3,4,6,1,5,1,1,1,1,1
0,30,32,1.3136062989360653e-05,0,0,3,4,6,2,5,2,1,1,1,1
0,30,33,0.00024144827330019325,0,0,3,4,6,3,5,3,1,1,1,1
0,30,34,2.8049512366123963e-06,0,0,3,4,6,4,5,4,1,1,1,1
0,30,38,0.9913128614425659,0,0,3,5,6,3,5,3,1,2,1,2
0,30,40,0.004139181226491928,0,0,3,5,6,5,5,5,1,2,1,2
0,30,43,2.3190054889710154e-06,0,1,3,6,6,3,5,0,1,0,1,1
0,30,44,5.9746153056039475e-06,0,1,3,6,6,4,5,0,1,0,1,1
0,30,46,1.541313213238027e-05,0,1,3,6,6,6,5,0,1,0,1,1
0,35,0,9.94878209894523e-05,0,0,4,1,5,0,5,0,1,2,1,4
0,35,1,0.003619230818003416,0,0,4,3,5,1,5,1,1,1,1,1
0,35,2,0.0024940052535384893,0,0,4,3,5,2,5,1,1,1,1,1
0,35,3,0.0009535271674394608,0,0,4,3,5,3,5,1,1,1,1,1
0,35,5,0.0003298219235148281,0,0,4,3,5,5,5,1,1,1,1,1
0,35,6,0.0007520948420278728,0,0,4,3,5,6,5,1,1,1,1,1
0,35,7,0.001120532164350152,0,0,4,3,5,1,5,2,1,1,1,1
0,35,11,2.6981415430782363e-05,0,0,4,3,5,5,5,2,1,1,1,1
0,35,13,0.0023621730506420135,0,0,4,3,5,1,5,3,1,1,1,1
0,35,18,0.002978808246552944,0,0,4,3,5,6,5,3,1,1,1,1
0,35,23,0.0008303349604830146,0,0,4,3,5,5,5,4,1,1,1,1
0,35,24,0.0006757861701771617,0,0,4,3,5,6,5,4,1,1,1,1
0,35,25,0.001387762720696628,0,0,4,3,5,1,5,5,1,1,1,1
0,35,26,0.0004303696914575994,0,0,4,3,5,2,5,5,1,1,1,1
0,35,28,0.00047269422793760896,0,0,4,3,5,4,5,5,1,1,1,1
0,35,31,0.012706196866929531,0,0,4,4,5,1,5,1,1,1,1,1
0,35,32,0.0017598316771909595,0,0,4,4,5,2,5,2,1,1,1,1
0,35,33,0.006081992760300636,0,0,4,4,5,3,5,3,1,1,1,1
0,35,34,0.0014440452214330435,0,0,4,4,5,4,5,4,1,1,1,1
0,35,38,0.01983395218849182,0,0,4,5,5,3,5,3,1,2,1,2
0,35,40,0.0009305650019086897,0,0,4,5,5,5,5,5,1,2,1,2
0,35,43,0.26429083943367004,0,1,4,6,5,3,5,0,1,0,1,1
0,35,44,0.007502779830247164,0,1,4,6,5,4,5,0,1,0,1,1
0,35,46,0.6669155955314636,0,1,4,6,5,6,5,0,1,0,1,1
0,36,0,0.0007336855633184314,0,0,5,1,1,0,1,0,2,2,2,4
0,36,1,0.3116180896759033,0,0,5,3,1,1,1,1,2,1,2,1
0,36,2,0.19722765684127808,0,0,5,3,1,2,1,1,2,1,2,1
0,36,3,0.04281669482588768,0,0,5,3,1,3,1,1,2,1,2,1
0,36,5,0.10500834882259369,0,0,5,3,1,5,1,1,2,1,2,1
0,36,6,0.0819278284907341,0,0,5,3,1,6,1,1,2,1,2,1
0,36,7,0.034004852175712585,0,0,5,3,1,1,1,2,2,1,2,1
0,36,11,0.05609295517206192,0,0,5,3,1,5,1,2,2,1,2,1
0,36,13,0.011423970572650433,0,0,5,3,1,1,1,3,2,1,2,1
0,36,18,0.017255837097764015,0,0,5,3,1,6,1,3,2,1,2,1
0,36,23,0.0268483255058527,0,0,5,3,1,5,1,4,2,1,2,1
0,36,24,0.051197636872529984,0,0,5,3,1,6,1,4,2,1,2,1
0,36,25,0.005167305935174227,0,0,5,3,1,1,1,5,2,1,2,1
0,36,26,0.00166114023886621,0,0,5,3,1,2,1,5,2,1,2,1
0,36,28,0.005262271035462618,0,0,5,3,1,4,1,5,2,1,2,1
0,36,31,0.012781312689185143,0,0,5,4,1,1,1,1,2,1,2,1
0,36,32,0.005067317746579647,0,0,5,4,1,2,1,2,2,1,2,1
0,36,33,0.0006281110108830035,0,0,5,4,1,3,1,3,2,1,2,1
0,36,34,0.029068849980831146,0,0,5,4,1,4,1,4,2,1,2,1
0,36,38,2.4777944418019615e-05,0,0,5,5,1,3,1,3,2,2,2,2
0,36,40,3.194326927768998e-05,0,0,5,5,1,5,1,5,2,2,2,2
0,36,43,0.0018188499379903078,0,1,5,6,1,3,1,0,2,0,2,1
0,36,44,0.0003240919904783368,0,1,5,6,1,4,1,0,2,0,2,1
0,36,46,0.002008301904425025,0,1,5,6,1,6,1,0,2,0,2,1
0,37,0,0.0021073343232274055,0,0,5,1,2,0,2,0,2,2,2,4
0,37,1,0.30099499225616455,0,0,5,3,2,1,2,1,2,1,2,1
0,37,2,0.05606846883893013,0,0,5,3,2,2,2,1,2,1,2,1
0,37,3,0.030372928828001022,0,0,5,3,2,3,2,1,2,1,2,1
0,37,5,0.04291091486811638,0,0,5,3,2,5,2,1,2,1,2,1
0,37,6,0.1366334706544876,0,0,5,3,2,6,2,1,2,1,2,1
0,37,7,0.12963587045669556,0,0,5,3,2,1,2,2,2,1,2,1
0,37,11,0.011891258880496025,0,0,5,3,2,5,2,2,2,1,2,1
0,37,13,0.03637000918388367,0,0,5,3,2,1,2,3,2,1,2,1
0,37,18,0.006383741740137339,0,0,5,3,2,6,2,3,2,1,2,1
0,37,23,0.004229942336678505,0,0,5,3,2,5,2,4,2,1,2,1
0,37,24,0.013993588276207447,0,0,5,3,2,6,2,4,2,1,2,1
0,37,25,0.026663072407245636,0,0,5,3,2,1,2,5,2,1,2,1
0,37,26,0.005269450135529041,0,0,5,3,2,2,2,5,2,1,2,1
0,37,28,0.011026982218027115,0,0,5,3,2,4,2,5,2,1,2,1
0,37,31,0.1273769587278366,0,0,5,4,2,1,2,1,2,1,2,1
0,37,32,0.020749330520629883,0,0,5,4,2,2,2,2,2,1,2,1
0,37,33,0.0011843157699331641,0,0,5,4,2,3,2,3,2,1,2,1
0,37,34,0.002951704664155841,0,0,5,4,2,4,2,4,2,1,2,1
0,37,38,0.0017653648974373937,0,0,5,5,2,3,2,3,2,2,2,2
0,37,40,0.001357800210826099,0,0,5,5,2,5,2,5,2,2,2,2
0,37,43,0.006129538174718618,0,1,5,6,2,3,2,0,2,0,2,1
0,37,44,0.0010267621837556362,0,1,5,6,2,4,2,0,2,0,2,1
0,37,46,0.022906111553311348,0,1,5,6,2,6,2,0,2,0,2,1
0,39,0,0.0004340896266512573,0,0,5,1,4,0,4,0,2,2,2,4
0,39,1,0.6794947385787964,0,0,5,3,4,1,4,1,2,1,2,1
0,39,2,0.041271310299634933,0,0,5,3,4,2,4,1,2,1,2,1
0,39,3,0.017148777842521667,0,0,5,3,4,3,4,1,2,1,2,1
0,39,5,0.015655366703867912,0,0,5,3,4,5,4,1,2,1,2,1
0,39,6,0.03582964837551117,0,0,5,3,4,6,4,1,2,1,2,1
0,39,7,0.04296117275953293,0,0,5,3,4,1,4,2,2,1,2,1
0,39,11,0.007168901618570089,0,0,5,3,4,5,4,2,2,1,2,1
0,39,13,0.007279923651367426,0,0,5,3,4,1,4,3,2,1,2,1
0,39,18,0.0024596620351076126,0,0,5,3,4,6,4,3,2,1,2,1
0,39,23,0.00545364897698164,0,0,5,3,4,5,4,4,2,1,2,1
0,39,24,0.020483173429965973,0,0,5,3,4,6,4,4,2,1,2,1
0,39,25,0.004397568758577108,0,0,5,3,4,1,4,5,2,1,2,1
0,39,26,0.0006753113120794296,0,0,5,3,4,2,4,5,2,1,2,1
0,39,28,0.0016539428615942597,0,0,5,3,4,4,4,5,2,1,2,1
0,39,31,0.08777725696563721,0,0,5,4,4,1,4,1,2,1,2,1
0,39,32,0.004856678191572428,0,0,5,4,4,2,4,2,2,1,2,1
0,39,33,0.00017340680642519146,0,0,5,4,4,3,4,3,2,1,2,1
0,39,34,0.003261033445596695,0,0,5,4,4,4,4,4,2,1,2,1
0,39,38,1.1155368156323675e-05,0,0,5,5,4,3,4,3,2,2,2,2
0,39,40,3.5106240829918534e-05,0,0,5,5,4,5,4,5,2,2,2,2
0,39,43,0.004022149369120598,0,1,5,6,4,3,4,0,2,0,2,1
0,39,44,0.0020457436330616474,0,1,5,6,4,4,4,0,2,0,2,1
0,39,46,0.015450479462742805,0,1,5,6,4,6,4,0,2,0,2,1
0,41,0,0.00040582611109130085,1,0,6,1,1,0,0,0,0,2,1,4
0,41,1,0.0005309346597641706,1,0,6,3,1,1,0,1,0,1,1,1
0,41,2,0.00035834009759128094,1,0,6,3,1,2,0,1,0,1,1,1
0,41,3,0.0024523355532437563,1,0,6,3,1,3,0,1,0,1,1,1
0,41,5,0.0016725335735827684,1,0,6,3,1,5,0,1,0,1,1,1
0,41,6,0.0004561863315757364,1,0,6,3,1,6,0,1,0,1,1,1
0,41,7,0.0005572024383582175,1,0,6,3,1,1,0,2,0,1,1,1
0,41,11,0.001520188176073134,1,0,6,3,1,5,0,2,0,1,1,1
0,41,13,0.00027390316245146096,1,0,6,3,1,1,0,3,0,1,1,1
0,41,18,0.0013483940856531262,1,0,6,3,1,6,0,3,0,1,1,1
0,41,23,0.002976605435833335,1,0,6,3,1,5,0,4,0,1,1,1
0,41,24,0.00017361821664962918,1,0,6,3,1,6,0,4,0,1,1,1
0,41,25,0.004773564636707306,1,0,6,3,1,1,0,5,0,1,1,1
0,41,26,0.0026608197949826717,1,0,6,3,1,2,0,5,0,1,1,1
0,41,28,0.0035883786622434855,1,0,6,3,1,4,0,5,0,1,1,1
0,41,31,0.007786210626363754,1,0,6,4,1,1,0,1,0,1,1,1
0,41,32,0.005091019906103611,1,0,6,4,1,2,0,2,0,1,1,1
0,41,33,0.04439850524067879,1,0,6,4,1,3,0,3,0,1,1,1
0,41,34,0.003358048154041171,1,0,6,4,1,4,0,4,0,1,1,1
0,41,38,0.2833714485168457,1,0,6,5,1,3,0,3,0,2,1,2
0,41,40,0.09302666783332825,1,0,6,5,1,5,0,5,0,2,1,2
0,41,43,0.4689047932624817,1,1,6,6,1,3,0,0,0,0,1,1
0,41,44,0.015826094895601273,1,1,6,6,1,4,0,0,0,0,1,1
0,41,46,0.05448838695883751,1,1,6,6,1,6,0,0,0,0,1,1
0,42,0,0.00014376151375472546,1,0,6,1,2,0,0,0,0,2,1,4
0,42,1,0.021997012197971344,1,0,6,3,2,1,0,1,0,1,1,1
0,42,2,0.0007373783155344427,1,0,6,3,2,2,0,1,0,1,1,1
0,42,3,0.0015943918842822313,1,0,6,3,2,3,0,1,0,1,1,1
0,42,5,0.002485521137714386,1,0,6,3,2,5,0,1,0,1,1,1
0,42,6,0.006040125619620085,1,0,6,3,2,6,0,1,0,1,1,1
0,42,7,0.009612690657377243,1,0,6,3,2,1,0,2,0,1,1,1
0,42,11,0.0015153966378420591,1,0,6,3,2,5,0,2,0,1,1,1
0,42,13,0.0003825065214186907,1,0,6,3,2,1,0,3,0,1,1,1
0,42,18,0.00022610751329921186,1,0,6,3,2,6,0,3,0,1,1,1
0,42,23,0.0026777994353324175,1,0,6,3,2,5,0,4,0,1,1,1
0,42,24,0.0006619610940106213,1,0,6,3,2,6,0,4,0,1,1,1
0,42,25,0.01253142487257719,1,0,6,3,2,1,0,5,0,1,1,1
0,42,26,0.0007384702912531793,1,0,6,3,2,2,0,5,0,1,1,1
0,42,28,0.003440207103267312,1,0,6,3,2,4,0,5,0,1,1,1
0,42,31,0.02005549892783165,1,0,6,4,2,1,0,1,0,1,1,1
0,42,32,0.0005490538314916193,1,0,6,4,2,2,0,2,0,1,1,1
0,42,33,0.0004079060163348913,1,0,6,4,2,3,0,3,0,1,1,1
0,42,34,0.0002795135951600969,1,0,6,4,2,4,0,4,0,1,1,1
0,42,38,0.0003447120834607631,1,0,6,5,2,3,0,3,0,2,1,2
0,42,40,0.0019139250507578254,1,0,6,5,2,5,0,5,0,2,1,2
0,42,43,0.3254091739654541,1,1,6,6,2,3,0,0,0,0,1,1
0,42,44,0.026341672986745834,1,1,6,6,2,4,0,0,0,0,1,1
0,42,46,0.5599139332771301,1,1,6,6,2,6,0,0,0,0,1,1
0,45,0,0.001376908621750772,1,0,6,1,5,0,0,0,0,2,1,4
0,45,1,0.0010515121975913644,1,0,6,3,5,1,0,1,0,1,1,1
0,45,2,0.0003626523248385638,1,0,6,3,5,2,0,1,0,1,1,1
0,45,3,0.000707933446392417,1,0,6,3,5,3,0,1,0,1,1,1
0,45,5,0.0002053687785519287,1,0,6,3,5,5,0,1,0,1,1,1
0,45,6,0.00044195825466886163,1,0,6,3,5,6,0,1,0,1,1,1
0,45,7,0.0004874846199527383,1,0,6,3,5,1,0,2,0,1,1,1
0,45,11,8.31014767754823e-05,1,0,6,3,5,5,0,2,0,1,1,1
0,45,13,0.0002386275737080723,1,0,6,3,5,1,0,3,0,1,1,1
0,45,18,0.0010857480810955167,1,0,6,3,5,6,0,3,0,1,1,1
0,45,23,0.001017632195726037,1,0,6,3,5,5,0,4,0,1,1,1
0,45,24,0.0004943078383803368,1,0,6,3,5,6,0,4,0,1,1,1
0,45,25,0.0013905351515859365,1,0,6,3,5,1,0,5,0,1,1,1
0,45,26,0.0004416922456584871,1,0,6,3,5,2,0,5,0,1,1,1
0,45,28,0.000540421053301543,1,0,6,3,5,4,0,5,0,1,1,1
0,45,31,0.0034989938139915466,1,0,6,4,5,1,0,1,0,1,1,1
0,45,32,0.0009926485363394022,1,0,6,4,5,2,0,2,0,1,1,1
0,45,33,0.007682287599891424,1,0,6,4,5,3,0,3,0,1,1,1
0,45,34,0.0010310203069821,1,0,6,4,5,4,0,4,0,1,1,1
0,45,38,0.022053584456443787,1,0,6,5,5,3,0,3,0,2,1,2
0,45,40,0.0034862058237195015,1,0,6,5,5,5,0,5,0,2,1,2
0,45,43,0.42628586292266846,1,1,6,6,5,3,0,0,0,0,1,1
0,45,44,0.04695940017700195,1,1,6,6,5,4,0,0,0,0,1,1
0,45,46,0.478083997964859,1,1,6,6,5,6,0,0,0,0,1,1
0,47,0,0.9865049123764038,2,0,7,1,0,0,0,0,0,2,4,4
0,47,1,0.0008393098250962794,2,0,7,3,0,1,0,1,0,1,4,1
0,47,2,0.0010862993076443672,2,0,7,3,0,2,0,1,0,1,4,1
0,47,3,0.0004197921371087432,2,0,7,3,0,3,0,1,0,1,4,1
0,47,5,3.968716919189319e-05,2,0,7,3,0,5,0,1,0,1,4,1
0,47,6,0.000713295245077461,2,0,7,3,0,6,0,1,0,1,4,1
0,47,7,0.0004017152823507786,2,0,7,3,0,1,0,2,0,1,4,1
0,47,11,2.6123645511688665e-05,2,0,7,3,0,5,0,2,0,1,4,1
0,47,13,0.0007189009338617325,2,0,7,3,0,1,0,3,0,1,4,1
0,47,18,0.0022311483044177294,2,0,7,3,0,6,0,3,0,1,4,1
0,47,23,7.653287320863456e-05,2,0,7,3,0,5,0,4,0,1,4,1
0,47,24,0.0031303493306040764,2,0,7,3,0,6,0,4,0,1,4,1
0,47,25,0.0002031735930358991,2,0,7,3,0,1,0,5,0,1,4,1
0,47,26,0.00019507340039126575,2,0,7,3,0,2,0,5,0,1,4,1
0,47,28,3.269864828325808e-05,2,0,7,3,0,4,0,5,0,1,4,1
0,47,31,0.0002638536971062422,2,0,7,4,0,1,0,1,0,1,4,1
0,47,32,0.00045547643094323575,2,0,7,4,0,2,0,2,0,1,4,1
0,47,33,0.00011507798626553267,2,0,7,4,0,3,0,3,0,1,4,1
0,47,34,0.00010511756408959627,2,0,7,4,0,4,0,4,0,1,4,1
0,47,38,0.0007863733335398138,2,0,7,5,0,3,0,3,0,2,4,2
0,47,40,0.00017991947242990136,2,0,7,5,0,5,0,5,0,2,4,2
0,47,43,2.6661531592253596e-05,2,1,7,6,0,3,0,0,0,0,4,1
0,47,44,0.000947711116168648,2,1,7,6,0,4,0,0,0,0,4,1
0,47,46,0.0005016041686758399,2,1,7,6,0,6,0,0,0,0,4,1
1,0,4,0.005134683568030596,0,0,1,3,0,4,0,1,2,1,4,1
1,0,8,0.0435858778655529,0,0,1,3,0,2,0,2,2,1,4,1
1,0,9,0.0711602196097374,0,0,1,3,0,3,0,2,2,1,4,1
1,0,10,0.06755572557449341,0,0,1,3,0,4,0,2,2,1,4,1
1,0,12,0.2051326185464859,0,0,1,3,0,6,0,2,2,1,4,1
1,0,14,0.007473743055015802,0,0,1,3,0,2,0,3,2,1,4,1
1,0,15,0.008365345187485218,0,0,1,3,0,3,0,3,2,1,4,1
1,0,16,0.02629348635673523,0,0,1,3,0,4,0,3,2,1,4,1
1,0,17,0.016720062121748924,0,0,1,3,0,5,0,3,2,1,4,1
1,0,19,0.06189212203025818,0,0,1,3,0,1,0,4,2,1,4,1
1,0,20,0.011194084770977497,0,0,1,3,0,2,0,4,2,1,4,1
1,0,21,0.029050312936306,0,0,1,3,0,3,0,4,2,1,4,1
1,0,22,0.033466242253780365,0,0,1,3,0,4,0,4,2,1,4,1
1,0,27,0.009187834337353706,0,0,1,3,0,3,0,5,2,1,4,1
1,0,29,0.004550379700958729,0,0,1,3,0,5,0,5,2,1,4,1
1,0,30,0.04676321521401405,0,0,1,3,0,6,0,5,2,1,4,1
1,0,35,0.0063260565511882305,0,0,1,4,0,5,0,5,2,1,4,1
1,0,36,0.026620864868164062,0,0,1,5,0,1,0,1,2,2,4,2
1,0,37,0.04626478627324104,0,0,1,5,0,2,0,2,2,2,4,2
1,0,39,0.0448429211974144,0,0,1,5,0,4,0,4,2,2,4,2
1,0,41,0.10741295665502548,0,1,1,6,0,1,0,0,2,0,4,1
1,0,42,0.03399186581373215,0,1,1,6,0,2,0,0,2,0,4,1
1,0,45,0.04396963119506836,0,1,1,6,0,5,0,0,2,0,4,1
1,0,47,0.04304507002234459,0,2,1,7,0,0,0,0,2,0,4,4
1,1,4,0.08346064388751984,0,0,3,3,1,4,1,1,1,1,1,1
1,1,8,0.045310284942388535,0,0,3,3,1,2,1,2,1,1,1,1
1,1,9,0.03942320868372917,0,0,3,3,1,3,1,2,1,1,1,1
1,1,10,0.016687771305441856,0,0,3,3,1,4,1,2,1,1,1,1
1,1,12,0.05995160713791847,0,0,3,3,1,6,1,2,1,1,1,1
1,1,14,0.061039071530103683,0,0,3,3,1,2,1,3,1,1,1,1
1,1,15,0.008010702207684517,0,0,3,3,1,3,1,3,1,1,1,1
1,1,16,0.09701431542634964,0,0,3,3,1,4,1,3,1,1,1,1
1,1,17,0.02619008533656597,0,0,3,3,1,5,1,3,1,1,1,1
1,1,19,0.06202351301908493,0,0,3,3,1,1,1,4,1,1,1,1
1,1,20,0.04791717603802681,0,0,3,3,1,2,1,4,1,1,1,1
1,1,21,0.018891872838139534,0,0,3,3,1,3,1,4,1,1,1,1
1,1,22,0.0953805148601532,0,0,3,3,1,4,1,4,1,1,1,1
1,1,27,0.07252216339111328,0,0,3,3,1,3,1,5,1,1,1,1
1,1,29,0.011480981484055519,0,0,3,3,1,5,1,5,1,1,1,1
1,1,30,0.04753366857767105,0,0,3,3,1,6,1,5,1,1,1,1
1,1,35,0.006082900334149599,0,0,3,4,1,5,1,5,1,1,1,1
1,1,36,0.005088786594569683,0,0,3,5,1,1,1,1,1,2,1,2
1,1,37,0.0009407701436430216,0,0,3,5,1,2,1,2,1,2,1,2
1,1,39,0.0014704291243106127,0,0,3,5,1,4,1,4,1,2,1,2
1,1,41,0.1355464607477188,0,1,3,6,1,1,1,0,1,0,1,1
1,1,42,0.025005435571074486,0,1,3,6,1,2,1,0,1,0,1,1
1,1,45,0.029221801087260246,0,1,3,6,1,5,1,0,1,0,1,1
1,1,47,0.0038058857899159193,0,2,3,7,1,0,1,0,1,0,1,4
1,2,4,0.010238772258162498,0,0,3,3,2,4,1,1,1,1,1,1
1,2,8,0.020536335185170174,0,0,3,3,2,2,1,2,1,1,1,1
1,2,9,0.012976003810763359,0,0,3,3,2,3,1,2,1,1,1,1
1,2,10,0.003822129452601075,0,0,3,3,2,4,1,2,1,1,1,1
1,2,12,0.0422574058175087,0,0,3,3,2,6,1,2,1,1,1,1
1,2,14,0.027322812005877495,0,0,3,3,2,2,1,3,1,1,1,1
1,2,15,0.004249123390763998,0,0,3,3,2,3,1,3,1,1,1,1
1,2,16,0.03025463968515396,0,0,3,3,2,4,1,3,1,1,1,1
1,2,17,0.003799819154664874,0,0,3,3,2,5,1,3,1,1,1,1
1,2,19,0.0149296335875988,0,0,3,3,2,1,1,4,1,1,1,1
1,2,20,0.02099435217678547,0,0,3,3,2,2,1,4,1,1,1,1
1,2,21,0.002963962033390999,0,0,3,3,2,3,1,4,1,1,1,1
1,2,22,0.024883529171347618,0,0,3,3,2,4,1,4,1,1,1,1
1,2,27,0.026642749086022377,0,0,3,3,2,3,1,5,1,1,1,1
1,2,29,0.009786735288798809,0,0,3,3,2,5,1,5,1,1,1,1
1,2,30,0.033457525074481964,0,0,3,3,2,6,1,5,1,1,1,1
1,2,35,0.0033872066996991634,0,0,3,4,2,5,1,5,1,1,1,1
1,2,36,0.047088589519262314,0,0,3,5,2,1,1,1,1,2,1,2
1,2,37,0.016232570633292198,0,0,3,5,2,2,1,2,1,2,1,2
1,2,39,0.02809394709765911,0,0,3,5,2,4,1,4,1,2,1,2
1,2,41,0.33985593914985657,0,1,3,6,2,1,1,0,1,0,1,1
1,2,42,0.20224392414093018,0,1,3,6,2,2,1,0,1,0,1,1
1,2,45,0.05854633077979088,0,1,3,6,2,5,1,0,1,0,1,1
1,2,47,0.01543581485748291,0,2,3,7,2,0,1,0,1,0,1,4
1,3,4,0.03661512956023216,0,0,3,3,3,4,1,1,1,1,1,1
1,3,8,0.0359664224088192,0,0,3,3,3,2,1,2,1,1,1,1
1,3,9,0.034053441137075424,0,0,3,3,3,3,1,2,1,1,1,1
1,3,10,0.008805312216281891,0,0,3,3,3,4,1,2,1,1,1,1
1,3,12,0.09950865060091019,0,0,3,3,3,6,1,2,1,1,1,1
1,3,14,0.08744695037603378,0,0,3,3,3,2,1,3,1,1,1,1
1,3,15,0.01979134790599346,0,0,3,3,3,3,1,3,1,1,1,1
1,3,16,0.039703093469142914,0,0,3,3,3,4,1,3,1,1,1,1
1,3,17,0.014474916271865368,0,0,3,3,3,5,1,3,1,1,1,1
1,3,19,0.024405790492892265,0,0,3,3,3,1,1,4,1,1,1,1
1,3,20,0.05419742688536644,0,0,3,3,3,2,1,4,1,1,1,1
1,3,21,0.013823502697050571,0,0,3,3,3,3,1,4,1,1,1,1
1,3,22,0.036620352417230606,0,0,3,3,3,4,1,4,1,1,1,1
1,3,27,0.03483634814620018,0,0,3,3,3,3,1,5,1,1,1,1
1,3,29,0.027602598071098328,0,0,3,3,3,5,1,5,1,1,1,1
1,3,30,0.09038078039884567,0,0,3,3,3,6,1,5,1,1,1,1
1,3,35,0.024540234357118607,0,0,3,4,3,5,1,5,1,1,1,1
1,3,36,0.05694365128874779,0,0,3,5,3,1,1,1,1,2,1,2
1,3,37,0.02305731177330017,0,0,3,5,3,2,1,2,1,2,1,2
1,3,39,0.0296031441539526,0,0,3,5,3,4,1,4,1,2,1,2
1,3,41,0.07356229424476624,0,1,3,6,3,1,1,0,1,0,1,1
1,3,42,0.08818335086107254,0,1,3,6,3,2,1,0,1,0,1,1
1,3,45,0.032796766608953476,0,1,3,6,3,5,1,0,1,0,1,1
1,3,47,0.01308095920830965,0,2,3,7,3,0,1,0,1,0,1,4
1,5,4,0.011715171858668327,0,0,3,3,5,4,1,1,1,1,1,1
1,5,8,0.03261064738035202,0,0,3,3,5,2,1,2,1,1,1,1
1,5,9,0.04704025760293007,0,0,3,3,5,3,1,2,1,1,1,1
1,5,10,0.021377529948949814,0,0,3,3,5,4,1,2,1,1,1,1
1,5,12,0.16863709688186646,0,0,3,3,5,6,1,2,1,1,1,1
1,5,14,0.011830629780888557,0,0,3,3,5,2,1,3,1,1,1,1
1,5,15,0.003499418031424284,0,0,3,3,5,3,1,3,1,1,1,1
1,5,16,0.03437315300107002,0,0,3,3,5,4,1,3,1,1,1,1
1,5,17,0.004612409044057131,0,0,3,3,5,5,1,3,1,1,1,1
1,5,19,0.01855846494436264,0,0,3,3,5,1,1,4,1,1,1,1
1,5,20,0.013212940655648708,0,0,3,3,5,2,1,4,1,1,1,1
1,5,21,0.005432139150798321,0,0,3,3,5,3,1,4,1,1,1,1
1,5,22,0.03727217763662338,0,0,3,3,5,4,1,4,1,1,1,1
1,5,27,0.021875277161598206,0,0,3,3,5,3,1,5,1,1,1,1
1,5,29,0.0038517832290381193,0,0,3,3,5,5,1,5,1,1,1,1
1,5,30,0.01987798698246479,0,0,3,3,5,6,1,5,1,1,1,1
1,5,35,0.004873030818998814,0,0,3,4,5,5,1,5,1,1,1,1
1,5,36,0.05336873233318329,0,0,3,5,5,1,1,1,1,2,1,2
1,5,37,0.03265661746263504,0,0,3,5,5,2,1,2,1,2,1,2
1,5,39,0.026898924261331558,0,0,3,5,5,4,1,4,1,2,1,2
1,5,41,0.32396408915519714,0,1,3,6,5,1,1,0,1,0,1,1
1,5,42,0.04828948900103569,0,1,3,6,5,2,1,0,1,0,1,1
1,5,45,0.0346338227391243,0,1,3,6,5,5,1,0,1,0,1,1
1,5,47,0.019538190215826035,0,2,3,7,5,0,1,0,1,0,1,4
1,6,4,0.0004598601663019508,0,0,3,3,6,4,1,1,1,1,1,1
1,6,8,0.002182081574574113,0,0,3,3,6,2,1,2,1,1,1,1
1,6,9,0.004840870853513479,0,0,3,3,6,3,1,2,1,1,1,1
1,6,10,0.002547505544498563,0,0,3,3,6,4,1,2,1,1,1,1
1,6,12,0.006846622563898563,0,0,3,3,6,6,1,2,1,1,1,1
1,6,14,0.001522138132713735,0,0,3,3,6,2,1,3,1,1,1,1
1,6,15,0.0016271807253360748,0,0,3,3,6,3,1,3,1,1,1,1
1,6,16,0.002419176045805216,0,0,3,3,6,4,1,3,1,1,1,1
1,6,17,0.0014435016782954335,0,0,3,3,6,5,1,3,1,1,1,1
1,6,19,0.0026365730445832014,0,0,3,3,6,1,1,4,1,1,1,1
1,6,20,0.004053645301610231,0,0,3,3,6,2,1,4,1,1,1,1
1,6,21,0.0019353495445102453,0,0,3,3,6,3,1,4,1,1,1,1
1,6,22,0.003908458165824413,0,0,3,3,6,4,1,4,1,1,1,1
1,6,27,0.008956813253462315,0,0,3,3,6,3,1,5,1,1,1,1
1,6,29,0.009118187241256237,0,0,3,3,6,5,1,5,1,1,1,1
1,6,30,0.0031765413004904985,0,0,3,3,6,6,1,5,1,1,1,1
1,6,35,0.008170324377715588,0,0,3,4,6,5,1,5,1,1,1,1
1,6,36,0.05910958722233772,0,0,3,5,6,1,1,1,1,2,1,2
1,6,37,0.11860548704862595,0,0,3,5,6,2,1,2,1,2,1,2
1,6,39,0.49280741810798645,0,0,3,5,6,4,1,4,1,2,1,2
1,6,41,0.1069561094045639,0,1,3,6,6,1,1,0,1,0,1,1
1,6,42,0.04553569480776787,0,1,3,6,6,2,1,0,1,0,1,1
1,6,45,0.02466338500380516,0,1,3,6,6,5,1,0,1,0,1,1
1,6,47,0.08647724241018295,0,2,3,7,6,0,1,0,1,0,1,4
1,7,4,0.00021912161901127547,0,0,3,3,1,4,2,1,1,1,1,1
1,7,8,0.0017200574511662126,0,0,3,3,1,2,2,2,1,1,1,1
1,7,9,0.0006176228635013103,0,0,3,3,1,3,2,2,1,1,1,1
1,7,10,0.00067995919380337,0,0,3,3,1,4,2,2,1,1,1,1
1,7,12,0.0017036417266353965,0,0,3,3,1,6,2,2,1,1,1,1
1,7,14,0.0003290752647444606,0,0,3,3,1,2,2,3,1,1,1,1
1,7,15,0.00019908102694898844,0,0,3,3,1,3,2,3,1,1,1,1
1,7,16,0.000420926051447168,0,0,3,3,1,4,2,3,1,1,1,1
1,7,17,0.00028474678401835263,0,0,3,3,1,5,2,3,1,1,1,1
1,7,19,0.0004739683645311743,0,0,3,3,1,1,2,4,1,1,1,1
1,7,20,0.000997999683022499,0,0,3,3,1,2,2,4,1,1,1,1
1,7,21,0.0006826304597780108,0,0,3,3,1,3,2,4,1,1,1,1
1,7,22,0.00026209530187770724,0,0,3,3,1,4,2,4,1,1,1,1
1,7,27,0.0009513800032436848,0,0,3,3,1,3,2,5,1,1,1,1
1,7,29,0.0012947865761816502,0,0,3,3,1,5,2,5,1,1,1,1
1,7,30,0.0007259547710418701,0,0,3,3,1,6,2,5,1,1,1,1
1,7,35,0.0011095973895862699,0,0,3,4,1,5,2,5,1,1,1,1
1,7,36,0.4865221381187439,0,0,3,5,1,1,2,1,1,2,1,2
1,7,37,0.22526025772094727,0,0,3,5,1,2,2,2,1,2,1,2
1,7,39,0.2725084722042084,0,0,3,5,1,4,2,4,1,2,1,2
1,7,41,0.0003197279875166714,0,1,3,6,1,1,2,0,1,0,1,1
1,7,42,0.0009503877954557538,0,1,3,6,1,2,2,0,1,0,1,1
1,7,45,0.00021975865820422769,0,1,3,6,1,5,2,0,1,0,1,1
1,7,47,0.0015460067661479115,0,2,3,7,1,0,2,0,1,0,1,4
1,11,4,0.00032210376230068505,0,0,3,3,5,4,2,1,1,1,1,1
1,11,8,0.0012341461842879653,0,0,3,3,5,2,2,2,1,1,1,1
1,11,9,0.0013255772646516562,0,0,3,3,5,3,2,2,1,1,1,1
1,11,10,0.0005625454359687865,0,0,3,3,5,4,2,2,1,1,1,1
1,11,12,0.00213693012483418,0,0,3,3,5,6,2,2,1,1,1,1
1,11,14,0.0002992935187648982,0,0,3,3,5,2,2,3,1,1,1,1
1,11,15,0.00027146702632308006,0,0,3,3,5,3,2,3,1,1,1,1
1,11,16,0.00028946195379830897,0,0,3,3,5,4,2,3,1,1,1,1
1,11,17,0.00010971588199026883,0,0,3,3,5,5,2,3,1,1,1,1
1,11,19,0.0002842181420419365,0,0,3,3,5,1,2,4,1,1,1,1
1,11,20,0.0007761786109767854,0,0,3,3,5,2,2,4,1,1,1,1
1,11,21,0.00043132712016813457,0,0,3,3,5,3,2,4,1,1,1,1
1,11,22,0.0003705856797751039,0,0,3,3,5,4,2,4,1,1,1,1
1,11,27,0.00040483326301909983,0,0,3,3,5,3,2,5,1,1,1,1
1,11,29,0.0006557738524861634,0,0,3,3,5,5,2,5,1,1,1,1
1,11,30,0.0003512492112349719,0,0,3,3,5,6,2,5,1,1,1,1
1,11,35,0.0010853662388399243,0,0,3,4,5,5,2,5,1,1,1,1
1,11,36,0.4236897826194763,0,0,3,5,5,1,2,1,1,2,1,2
1,11,37,0.2302253097295761,0,0,3,5,5,2,2,2,1,2,1,2
1,11,39,0.3325883150100708,0,0,3,5,5,4,2,4,1,2,1,2
1,11,41,0.00023241332382895052,0,1,3,6,5,1,2,0,1,0,1,1
1,11,42,0.0013309064088389277,0,1,3,6,5,2,2,0,1,0,1,1
1,11,45,0.00012643428635783494,0,1,3,6,5,5,2,0,1,0,1,1
1,11,47,0.0008956219535320997,0,2,3,7,5,0,2,0,1,0,1,4
1,13,4,0.019680753350257874,0,0,3,3,1,4,3,1,1,1,1,1
1,13,8,0.06274192035198212,0,0,3,3,1,2,3,2,1,1,1,1
1,13,9,0.009784102439880371,0,0,3,3,1,3,3,2,1,1,1,1
1,13,10,0.0038318431470543146,0,0,3,3,1,4,3,2,1,1,1,1
1,13,12,0.026095787063241005,0,0,3,3,1,6,3,2,1,1,1,1
1,13,14,0.029682625085115433,0,0,3,3,1,2,3,3,1,1,1,1
1,13,15,0.0008933468488976359,0,0,3,3,1,3,3,3,1,1,1,1
1,13,16,0.03970525786280632,0,0,3,3,1,4,3,3,1,1,1,1
1,13,17,0.0029166052117943764,0,0,3,3,1,5,3,3,1,1,1,1
1,13,19,0.017528263852000237,0,0,3,3,1,1,3,4,1,1,1,1
1,13,20,0.058094173669815063,0,0,3,3,1,2,3,4,1,1,1,1
1,13,21,0.006002242676913738,0,0,3,3,1,3,3,4,1,1,1,1
1,13,22,0.03570801764726639,0,0,3,3,1,4,3,4,1,1,1,1
1,13,27,0.04027458652853966,0,0,3,3,1,3,3,5,1,1,1,1
1,13,29,0.007862155325710773,0,0,3,3,1,5,3,5,1,1,1,1
1,13,30,0.017191525548696518,0,0,3,3,1,6,3,5,1,1,1,1
1,13,35,0.0017314928118139505,0,0,3,4,1,5,3,5,1,1,1,1
1,13,36,0.052399758249521255,0,0,3,5,1,1,3,1,1,2,1,2
1,13,37,0.00929910410195589,0,0,3,5,1,2,3,2,1,2,1,2
1,13,39,0.012463700026273727,0,0,3,5,1,4,3,4,1,2,1,2
1,13,41,0.2952321767807007,0,1,3,6,1,1,3,0,1,0,1,1
1,13,42,0.21957078576087952,0,1,3,6,1,2,3,0,1,0,1,1
1,13,45,0.024439170956611633,0,1,3,6,1,5,3,0,1,0,1,1
1,13,47,0.006870015524327755,0,2,3,7,1,0,3,0,1,0,1,4
1,18,4,0.00012968925875611603,0,0,3,3,6,4,3,1,1,1,1,1
1,18,8,0.002489951206371188,0,0,3,3,6,2,3,2,1,1,1,1
1,18,9,0.008415252901613712,0,0,3,3,6,3,3,2,1,1,1,1
1,18,10,0.003579864976927638,0,0,3,3,6,4,3,2,1,1,1,1
1,18,12,0.014764283783733845,0,0,3,3,6,6,3,2,1,1,1,1
1,18,14,0.0004366119101177901,0,0,3,3,6,2,3,3,1,1,1,1
1,18,15,0.00038443520315922797,0,0,3,3,6,3,3,3,1,1,1,1
1,18,16,0.0010884224902838469,0,0,3,3,6,4,3,3,1,1,1,1
1,18,17,0.000818943721242249,0,0,3,3,6,5,3,3,1,1,1,1
1,18,19,0.0016725294990465045,0,0,3,3,6,1,3,4,1,1,1,1
1,18,20,0.0009521316387690604,0,0,3,3,6,2,3,4,1,1,1,1
1,18,21,0.0018901519943028688,0,0,3,3,6,3,3,4,1,1,1,1
1,18,22,0.0011746695963665843,0,0,3,3,6,4,3,4,1,1,1,1
1,18,27,0.0029861440416425467,0,0,3,3,6,3,3,5,1,1,1,1
1,18,29,0.0010806608479470015,0,0,3,3,6,5,3,5,1,1,1,1
1,18,30,0.0010060956701636314,0,0,3,3,6,6,3,5,1,1,1,1
1,18,35,0.0019140909425914288,0,0,3,4,6,5,3,5,1,1,1,1
1,18,36,0.2243497669696808,0,0,3,5,6,1,3,1,1,2,1,2
1,18,37,0.1997002363204956,0,0,3,5,6,2,3,2,1,2,1,2
1,18,39,0.5127249956130981,0,0,3,5,6,4,3,4,1,2,1,2
1,18,41,0.00733165442943573,0,1,3,6,6,1,3,0,1,0,1,1
1,18,42,0.001755197998136282,0,1,3,6,6,2,3,0,1,0,1,1
1,18,45,0.0013385384809225798,0,1,3,6,6,5,3,0,1,0,1,1
1,18,47,0.008015627972781658,0,2,3,7,6,0,3,0,1,0,1,4
1,23,4,3.9152961761601546e-08,0,0,3,3,5,4,4,1,1,1,1,1
1,23,8,4.845257080887677e-06,0,0,3,3,5,2,4,2,1,1,1,1
1,23,9,4.335457197157666e-05,0,0,3,3,5,3,4,2,1,1,1,1
1,23,10,6.639195817115251e-06,0,0,3,3,5,4,4,2,1,1,1,1
1,23,12,7.096004992490634e-05,0,0,3,3,5,6,4,2,1,1,1,1
1,23,14,3.053935870411806e-06,0,0,3,3,5,2,4,3,1,1,1,1
1,23,15,1.3760342881141696e-05,0,0,3,3,5,3,4,3,1,1,1,1
1,23,16,2.020472265940043e-06,0,0,3,3,5,4,4,3,1,1,1,1
1,23,17,2.568035824879189e-06,0,0,3,3,5,5,4,3,1,1,1,1
1,23,19,3.7398767744889483e-06,0,0,3,3,5,1,4,4,1,1,1,1
1,23,20,2.9574212021543644e-06,0,0,3,3,5,2,4,4,1,1,1,1
1,23,21,3.718115522133303e-06,0,0,3,3,5,3,4,4,1,1,1,1
1,23,22,1.038197410707653e-06,0,0,3,3,5,4,4,4,1,1,1,1
1,23,27,2.210409911640454e-05,0,0,3,3,5,3,4,5,1,1,1,1
1,23,29,4.874013029620983e-05,0,0,3,3,5,5,4,5,1,1,1,1
1,23,30,7.61225555834244e-06,0,0,3,3,5,6,4,5,1,1,1,1
1,23,35,3.57544886355754e-05,0,0,3,4,5,5,4,5,1,1,1,1
1,23,36,0.05791046842932701,0,0,3,5,5,1,4,1,1,2,1,2
1,23,37,0.19789910316467285,0,0,3,5,5,2,4,2,1,2,1,2
1,23,39,0.7417407035827637,0,0,3,5,5,4,4,4,1,2,1,2
1,23,41,0.0002121732395607978,0,1,3,6,5,1,4,0,1,0,1,1
1,23,42,0.00020070181926712394,0,1,3,6,5,2,4,0,1,0,1,1
1,23,45,5.5567823437741026e-05,0,1,3,6,5,5,4,0,1,0,1,1
1,23,47,0.0017082473495975137,0,2,3,7,5,0,4,0,1,0,1,4
1,24,4,2.0327475813708418e-10,0,0,3,3,6,4,4,1,1,1,1,1
1,24,8,8.461351796995586e-08,0,0,3,3,6,2,4,2,1,1,1,1
1,24,9,2.277541852890863e-06,0,0,3,3,6,3,4,2,1,1,1,1
1,24,10,5.165494485481759e-07,0,0,3,3,6,4,4,2,1,1,1,1
1,24,12,2.7917049010284245e-06,0,0,3,3,6,6,4,2,1,1,1,1
1,24,14,2.3749159083763516e-08,0,0,3,3,6,2,4,3,1,1,1,1
1,24,15,4.6205417447708896e-07,0,0,3,3,6,3,4,3,1,1,1,1
1,24,16,2.503120022367966e-08,0,0,3,3,6,4,4,3,1,1,1,1
1,24,17,1.1309499825529201e-07,0,0,3,3,6,5,4,3,1,1,1,1
1,24,19,6.478592240455328e-08,0,0,3,3,6,1,4,4,1,1,1,1
1,24,20,3.9489751912924476e-08,0,0,3,3,6,2,4,4,1,1,1,1
1,24,21,1.249686505389036e-07,0,0,3,3,6,3,4,4,1,1,1,1
1,24,22,9.005956869145848e-09,0,0,3,3,6,4,4,4,1,1,1,1
1,24,27,1.603222131052462e-06,0,0,3,3,6,3,4,5,1,1,1,1
1,24,29,4.539428118732758e-06,0,0,3,3,6,5,4,5,1,1,1,1
1,24,30,1.1339099614815495e-07,0,0,3,3,6,6,4,5,1,1,1,1
1,24,35,8.225593774113804e-06,0,0,3,4,6,5,4,5,1,1,1,1
1,24,36,0.023714207112789154,0,0,3,5,6,1,4,1,1,2,1,2
1,24,37,0.14786390960216522,0,0,3,5,6,2,4,2,1,2,1,2
1,24,39,0.828241765499115,0,0,3,5,6,4,4,4,1,2,1,2
1,24,41,2.3417699139827164e-06,0,1,3,6,6,1,4,0,1,0,1,1
1,24,42,9.137476126852562e-07,0,1,3,6,6,2,4,0,1,0,1,1
1,24,45,1.1293370789644541e-06,0,1,3,6,6,5,4,0,1,0,1,1
1,24,47,0.0001553715846966952,0,2,3,7,6,0,4,0,1,0,1,4
1,25,4,0.027957506477832794,0,0,3,3,1,4,5,1,1,1,1,1
1,25,8,0.03746376186609268,0,0,3,3,1,2,5,2,1,1,1,1
1,25,9,0.0209190770983696,0,0,3,3,1,3,5,2,1,1,1,1
1,25,10,0.007675808388739824,0,0,3,3,1,4,5,2,1,1,1,1
1,25,12,0.04125230759382248,0,0,3,3,1,6,5,2,1,1,1,1
1,25,14,0.030940037220716476,0,0,3,3,1,2,5,3,1,1,1,1
1,25,15,0.0042540207505226135,0,0,3,3,1,3,5,3,1,1,1,1
1,25,16,0.037250638008117676,0,0,3,3,1,4,5,3,1,1,1,1
1,25,17,0.007391301915049553,0,0,3,3,1,5,5,3,1,1,1,1
1,25,19,0.0336749441921711,0,0,3,3,1,1,5,4,1,1,1,1
1,25,20,0.05637069046497345,0,0,3,3,1,2,5,4,1,1,1,1
1,25,21,0.0222427137196064,0,0,3,3,1,3,5,4,1,1,1,1
1,25,22,0.05525706335902214,0,0,3,3,1,4,5,4,1,1,1,1
1,25,27,0.03813272342085838,0,0,3,3,1,3,5,5,1,1,1,1
1,25,29,0.0099639268592,0,0,3,3,1,5,5,5,1,1,1,1
1,25,30,0.04980197176337242,0,0,3,3,1,6,5,5,1,1,1,1
1,25,35,0.006805207580327988,0,0,3,4,1,5,5,5,1,1,1,1
1,25,36,0.007460258901119232,0,0,3,5,1,1,5,1,1,2,1,2
1,25,37,0.003136030863970518,0,0,3,5,1,2,5,2,1,2,1,2
1,25,39,0.009514590725302696,0,0,3,5,1,4,5,4,1,2,1,2
1,25,41,0.23373566567897797,0,1,3,6,1,1,5,0,1,0,1,1
1,25,42,0.17644010484218597,0,1,3,6,1,2,5,0,1,0,1,1
1,25,45,0.06587029248476028,0,1,3,6,1,5,5,0,1,0,1,1
1,25,47,0.016489485278725624,0,2,3,7,1,0,5,0,1,0,1,4
1,26,4,0.16609476506710052,0,0,3,3,2,4,5,1,1,1,1,1
1,26,8,0.07307364046573639,0,0,3,3,2,2,5,2,1,1,1,1
1,26,9,0.024670209735631943,0,0,3,3,2,3,5,2,1,1,1,1
1,26,10,0.04976138845086098,0,0,3,3,2,4,5,2,1,1,1,1
1,26,12,0.09279847145080566,0,0,3,3,2,6,5,2,1,1,1,1
1,26,14,0.027905955910682678,0,0,3,3,2,2,5,3,1,1,1,1
1,26,15,0.00943935289978981,0,0,3,3,2,3,5,3,1,1,1,1
1,26,16,0.08789151161909103,0,0,3,3,2,4,5,3,1,1,1,1
1,26,17,0.022589832544326782,0,0,3,3,2,5,5,3,1,1,1,1
1,26,19,0.07403535395860672,0,0,3,3,2,1,5,4,1,1,1,1
1,26,20,0.030762242153286934,0,0,3,3,2,2,5,4,1,1,1,1
1,26,21,0.018340393900871277,0,0,3,3,2,3,5,4,1,1,1,1
1,26,22,0.12268903106451035,0,0,3,3,2,4,5,4,1,1,1,1
1,26,27,0.008489520289003849,0,0,3,3,2,3,5,5,1,1,1,1
1,26,29,0.0043525127694010735,0,0,3,3,2,5,5,5,1,1,1,1
1,26,30,0.055503807961940765,0,0,3,3,2,6,5,5,1,1,1,1
1,26,35,0.004387581255286932,0,0,3,4,2,5,5,5,1,1,1,1
1,26,36,0.06104173883795738,0,0,3,5,2,1,5,1,1,2,1,2
1,26,37,0.013237706385552883,0,0,3,5,2,2,5,2,1,2,1,2
1,26,39,0.011289546266198158,0,0,3,5,2,4,5,4,1,2,1,2
1,26,41,0.017445802688598633,0,1,3,6,2,1,5,0,1,0,1,1
1,26,42,0.012855514883995056,0,1,3,6,2,2,5,0,1,0,1,1
1,26,45,0.008736169897019863,0,1,3,6,2,5,5,0,1,0,1,1
1,26,47,0.0026080007664859295,0,2,3,7,2,0,5,0,1,0,1,4
1,28,4,0.009274334646761417,0,0,3,3,4,4,5,1,1,1,1,1
1,28,8,0.0040110256522893906,0,0,3,3,4,2,5,2,1,1,1,1
1,28,9,0.002212552120909095,0,0,3,3,4,3,5,2,1,1,1,1
1,28,10,0.002688870532438159,0,0,3,3,4,4,5,2,1,1,1,1
1,28,12,0.007564367726445198,0,0,3,3,4,6,5,2,1,1,1,1
1,28,14,0.003321316558867693,0,0,3,3,4,2,5,3,1,1,1,1
1,28,15,0.002103901468217373,0,0,3,3,4,3,5,3,1,1,1,1
1,28,16,0.0030730431899428368,0,0,3,3,4,4,5,3,1,1,1,1
1,28,17,0.0016014942666515708,0,0,3,3,4,5,5,3,1,1,1,1
1,28,19,0.002289990894496441,0,0,3,3,4,1,5,4,1,1,1,1
1,28,20,0.019818181172013283,0,0,3,3,4,2,5,4,1,1,1,1
1,28,21,0.005357715301215649,0,0,3,3,4,3,5,4,1,1,1,1
1,28,22,0.0060372077859938145,0,0,3,3,4,4,5,4,1,1,1,1
1,28,27,0.01377433817833662,0,0,3,3,4,3,5,5,1,1,1,1
1,28,29,0.022244421765208244,0,0,3,3,4,5,5,5,1,1,1,1
1,28,30,0.020155243575572968,0,0,3,3,4,6,5,5,1,1,1,1
1,28,35,0.1043870598077774,0,0,3,4,4,5,5,5,1,1,1,1
1,28,36,0.09882010519504547,0,0,3,5,4,1,5,1,1,2,1,2
1,28,37,0.09767275303602219,0,0,3,5,4,2,5,2,1,2,1,2
1,28,39,0.4404444098472595,0,0,3,5,4,4,5,4,1,2,1,2
1,28,41,0.014965502545237541,0,1,3,6,4,1,5,0,1,0,1,1
1,28,42,0.05214535444974899,0,1,3,6,4,2,5,0,1,0,1,1
1,28,45,0.019013315439224243,0,1,3,6,4,5,5,0,1,0,1,1
1,28,47,0.047023627907037735,0,2,3,7,4,0,5,0,1,0,1,4
1,31,4,0.8930885195732117,0,0,4,3,1,4,1,1,1,1,1,1
1,31,8,0.008638424798846245,0,0,4,3,1,2,1,2,1,1,1,1
1,31,9,0.0020679382141679525,0,0,4,3,1,3,1,2,1,1,1,1
1,31,10,0.005687800236046314,0,0,4,3,1,4,1,2,1,1,1,1
1,31,12,0.0032423329539597034,0,0,4,3,1,6,1,2,1,1,1,1
1,31,14,0.007105621974915266,0,0,4,3,1,2,1,3,1,1,1,1
1,31,15,0.0010871662525460124,0,0,4,3,1,3,1,3,1,1,1,1
1,31,16,0.010174736380577087,0,0,4,3,1,4,1,3,1,1,1,1
1,31,17,0.0039174845442175865,0,0,4,3,1,5,1,3,1,1,1,1
1,31,19,0.004101228900253773,0,0,4,3,1,1,1,4,1,1,1,1
1,31,20,0.008717772550880909,0,0,4,3,1,2,1,4,1,1,1,1
1,31,21,0.00844667199999094,0,0,4,3,1,3,1,4,1,1,1,1
1,31,22,0.034508731216192245,0,0,4,3,1,4,1,4,1,1,1,1
1,31,27,0.0009748896700330079,0,0,4,3,1,3,1,5,1,1,1,1
1,31,29,0.00026994096697308123,0,0,4,3,1,5,1,5,1,1,1,1
1,31,30,0.004067329224199057,0,0,4,3,1,6,1,5,1,1,1,1
1,31,35,0.0028652239125221968,0,0,4,4,1,5,1,5,1,1,1,1
1,31,36,0.0005568351480178535,0,0,4,5,1,1,1,1,1,2,1,2
1,31,37,3.619803464971483e-05,0,0,4,5,1,2,1,2,1,2,1,2
1,31,39,2.7000654881703667e-05,0,0,4,5,1,4,1,4,1,2,1,2
1,31,41,7.485107198590413e-05,0,1,4,6,1,1,1,0,1,0,1,1
1,31,42,0.00020266533829271793,0,1,4,6,1,2,1,0,1,0,1,1
1,31,45,0.00011753645958378911,0,1,4,6,1,5,1,0,1,0,1,1
1,31,47,2.2967993572819978e-05,0,2,4,7,1,0,1,0,1,0,1,4
1,32,4,0.029334474354982376,0,0,4,3,2,4,2,1,1,1,1,1
1,32,8,0.008643635548651218,0,0,4,3,2,2,2,2,1,1,1,1
1,32,9,0.00318851787596941,0,0,4,3,2,3,2,2,1,1,1,1
1,32,10,0.002208949998021126,0,0,4,3,2,4,2,2,1,1,1,1
1,32,12,0.005115661770105362,0,0,4,3,2,6,2,2,1,1,1,1
1,32,14,0.01427283976227045,0,0,4,3,2,2,2,3,1,1,1,1
1,32,15,0.008742659352719784,0,0,4,3,2,3,2,3,1,1,1,1
1,32,16,0.005317434668540955,0,0,4,3,2,4,2,3,1,1,1,1
1,32,17,0.0019114511087536812,0,0,4,3,2,5,2,3,1,1,1,1
1,32,19,0.0021593323908746243,0,0,4,3,2,1,2,4,1,1,1,1
1,32,20,0.006368218921124935,0,0,4,3,2,2,2,4,1,1,1,1
1,32,21,0.00218125618994236,0,0,4,3,2,3,2,4,1,1,1,1
1,32,22,0.003523733699694276,0,0,4,3,2,4,2,4,1,1,1,1
1,32,27,0.0028615000192075968,0,0,4,3,2,3,2,5,1,1,1,1
1,32,29,0.004427028354257345,0,0,4,3,2,5,2,5,1,1,1,1
1,32,30,0.005932147614657879,0,0,4,3,2,6,2,5,1,1,1,1
1,32,35,0.0056809247471392155,0,0,4,4,2,5,2,5,1,1,1,1
1,32,36,0.6994574069976807,0,0,4,5,2,1,2,1,1,2,1,2
1,32,37,0.09271476417779922,0,0,4,5,2,2,2,2,1,2,1,2
1,32,39,0.08945105224847794,0,0,4,5,2,4,2,4,1,2,1,2
1,32,41,0.0003086664655711502,0,1,4,6,2,1,2,0,1,0,1,1
1,32,42,0.004851099569350481,0,1,4,6,2,2,2,0,1,0,1,1
1,32,45,0.0006783076678402722,0,1,4,6,2,5,2,0,1,0,1,1
1,32,47,0.0006685563130304217,0,2,4,7,2,0,2,0,1,0,1,4
1,33,4,0.22557738423347473,0,0,4,3,3,4,3,1,1,1,1,1
1,33,8,0.09678950160741806,0,0,4,3,3,2,3,2,1,1,1,1
1,33,9,0.022701876237988472,0,0,4,3,3,3,3,2,1,1,1,1
1,33,10,0.02660554274916649,0,0,4,3,3,4,3,2,1,1,1,1
1,33,12,0.024922369047999382,0,0,4,3,3,6,3,2,1,1,1,1
1,33,14,0.06408625841140747,0,0,4,3,3,2,3,3,1,1,1,1
1,33,15,0.021286077797412872,0,0,4,3,3,3,3,3,1,1,1,1
1,33,16,0.040091682225465775,0,0,4,3,3,4,3,3,1,1,1,1
1,33,17,0.018075013533234596,0,0,4,3,3,5,3,3,1,1,1,1
1,33,19,0.02993726171553135,0,0,4,3,3,1,3,4,1,1,1,1
1,33,20,0.08490263670682907,0,0,4,3,3,2,3,4,1,1,1,1
1,33,21,0.04331846535205841,0,0,4,3,3,3,3,4,1,1,1,1
1,33,22,0.10026049613952637,0,0,4,3,3,4,3,4,1,1,1,1
1,33,27,0.005133696366101503,0,0,4,3,3,3,3,5,1,1,1,1
1,33,29,0.01096267718821764,0,0,4,3,3,5,3,5,1,1,1,1
1,33,30,0.012042193673551083,0,0,4,3,3,6,3,5,1,1,1,1
1,33,35,0.011892587877810001,0,0,4,4,3,5,3,5,1,1,1,1
1,33,36,0.08445298671722412,0,0,4,5,3,1,3,1,1,2,1,2
1,33,37,0.02865522727370262,0,0,4,5,3,2,3,2,1,2,1,2
1,33,39,0.02251403033733368,0,0,4,5,3,4,3,4,1,2,1,2
1,33,41,0.003284862032160163,0,1,4,6,3,1,3,0,1,0,1,1
1,33,42,0.01782354526221752,0,1,4,6,3,2,3,0,1,0,1,1
1,33,45,0.0025662248954176903,0,1,4,6,3,5,3,0,1,0,1,1
1,33,47,0.0021174827124923468,0,2,4,7,3,0,3,0,1,0,1,4
1,34,4,0.000259482825640589,0,0,4,3,4,4,4,1,1,1,1,1
1,34,8,0.00024045491591095924,0,0,4,3,4,2,4,2,1,1,1,1
1,34,9,0.0006293346523307264,0,0,4,3,4,3,4,2,1,1,1,1
1,34,10,0.00027545742341317236,0,0,4,3,4,4,4,2,1,1,1,1
1,34,12,0.0011573854135349393,0,0,4,3,4,6,4,2,1,1,1,1
1,34,14,0.0005844284896738827,0,0,4,3,4,2,4,3,1,1,1,1
1,34,15,0.001885814475826919,0,0,4,3,4,3,4,3,1,1,1,1
1,34,16,0.0002055146178463474,0,0,4,3,4,4,4,3,1,1,1,1
1,34,17,0.00034311405033804476,0,0,4,3,4,5,4,3,1,1,1,1
1,34,19,0.00011986889148829505,0,0,4,3,4,1,4,4,1,1,1,1
1,34,20,0.00042727551772259176,0,0,4,3,4,2,4,4,1,1,1,1
1,34,21,0.0002855182683560997,0,0,4,3,4,3,4,4,1,1,1,1
1,34,22,0.0001049914862960577,0,0,4,3,4,4,4,4,1,1,1,1
1,34,27,0.0014668350340798497,0,0,4,3,4,3,4,5,1,1,1,1
1,34,29,0.003696938743814826,0,0,4,3,4,5,4,5,1,1,1,1
1,34,30,0.0007625887519679964,0,0,4,3,4,6,4,5,1,1,1,1
1,34,35,0.010906949639320374,0,0,4,4,4,5,4,5,1,1,1,1
1,34,36,0.3915635049343109,0,0,4,5,4,1,4,1,1,2,1,2
1,34,37,0.241263285279274,0,0,4,5,4,2,4,2,1,2,1,2
1,34,39,0.33985385298728943,0,0,4,5,4,4,4,4,1,2,1,2
1,34,41,0.0001738408609526232,0,1,4,6,4,1,4,0,1,0,1,1
1,34,42,0.0005083200521767139,0,1,4,6,4,2,4,0,1,0,1,1
1,34,45,0.0003036305424757302,0,1,4,6,4,5,4,0,1,0,1,1
1,34,47,0.0029815861489623785,0,2,4,7,4,0,4,0,1,0,1,4
1,38,4,0.6377291679382324,0,0,5,3,3,4,3,1,2,1,2,1
1,38,8,0.010500665754079819,0,0,5,3,3,2,3,2,2,1,2,1
1,38,9,0.0006371400086209178,0,0,5,3,3,3,3,2,2,1,2,1
1,38,10,0.002326953923329711,0,0,5,3,3,4,3,2,2,1,2,1
1,38,12,0.0005495133809745312,0,0,5,3,3,6,3,2,2,1,2,1
1,38,14,0.060916170477867126,0,0,5,3,3,2,3,3,2,1,2,1
1,38,15,0.009492271579802036,0,0,5,3,3,3,3,3,2,1,2,1
1,38,16,0.023141656070947647,0,0,5,3,3,4,3,3,2,1,2,1
1,38,17,0.052396997809410095,0,0,5,3,3,5,3,3,2,1,2,1
1,38,19,0.02147863060235977,0,0,5,3,3,1,3,4,2,1,2,1
1,38,20,0.051325343549251556,0,0,5,3,3,2,3,4,2,1,2,1
1,38,21,0.04842277988791466,0,0,5,3,3,3,3,4,2,1,2,1
1,38,22,0.05988522991538048,0,0,5,3,3,4,3,4,2,1,2,1
1,38,27,0.0019227759912610054,0,0,5,3,3,3,3,5,2,1,2,1
1,38,29,0.004137504380196333,0,0,5,3,3,5,3,5,2,1,2,1
1,38,30,0.010037576779723167,0,0,5,3,3,6,3,5,2,1,2,1
1,38,35,0.0023699894081801176,0,0,5,4,3,5,3,5,2,1,2,1
1,38,36,3.063482654397376e-05,0,0,5,5,3,1,3,1,2,2,2,2
1,38,37,4.359792455943534e-06,0,0,5,5,3,2,3,2,2,2,2,2
1,38,39,3.402640004424029e-06,0,0,5,5,3,4,3,4,2,2,2,2
1,38,41,0.0004131007590331137,0,1,5,6,3,1,3,0,2,0,2,1
1,38,42,0.0012862433213740587,0,1,5,6,3,2,3,0,2,0,2,1
1,38,45,0.0008519819239154458,0,1,5,6,3,5,3,0,2,0,2,1
1,38,47,0.0001393682905472815,0,2,5,7,3,0,3,0,2,0,2,4
1,40,4,0.6038344502449036,0,0,5,3,5,4,5,1,2,1,2,1
1,40,8,0.006976972334086895,0,0,5,3,5,2,5,2,2,1,2,1
1,40,9,0.003033950226381421,0,0,5,3,5,3,5,2,2,1,2,1
1,40,10,0.0071284715086221695,0,0,5,3,5,4,5,2,2,1,2,1
1,40,12,0.010683895088732243,0,0,5,3,5,6,5,2,2,1,2,1
1,40,14,0.05615716427564621,0,0,5,3,5,2,5,3,2,1,2,1
1,40,15,0.021618494763970375,0,0,5,3,5,3,5,3,2,1,2,1
1,40,16,0.035498786717653275,0,0,5,3,5,4,5,3,2,1,2,1
1,40,17,0.02200973406434059,0,0,5,3,5,5,5,3,2,1,2,1
1,40,19,0.015450507402420044,0,0,5,3,5,1,5,4,2,1,2,1
1,40,20,0.025377115234732628,0,0,5,3,5,2,5,4,2,1,2,1
1,40,21,0.009709194302558899,0,0,5,3,5,3,5,4,2,1,2,1
1,40,22,0.05376695096492767,0,0,5,3,5,4,5,4,2,1,2,1
1,40,27,0.005579187534749508,0,0,5,3,5,3,5,5,2,1,2,1
1,40,29,0.004913054406642914,0,0,5,3,5,5,5,5,2,1,2,1
1,40,30,0.08431147783994675,0,0,5,3,5,6,5,5,2,1,2,1
1,40,35,0.013064042665064335,0,0,5,4,5,5,5,5,2,1,2,1
1,40,36,0.0005724848597310483,0,0,5,5,5,1,5,1,2,2,2,2
1,40,37,0.00018393193022347987,0,0,5,5,5,2,5,2,2,2,2,2
1,40,39,0.00013022749044466764,0,0,5,5,5,4,5,4,2,2,2,2
1,40,41,0.005085663869976997,0,1,5,6,5,1,5,0,2,0,2,1
1,40,42,0.00569294486194849,0,1,5,6,5,2,5,0,2,0,2,1
1,40,45,0.007617413066327572,0,1,5,6,5,5,5,0,2,0,2,1
1,40,47,0.0016038190806284547,0,2,5,7,5,0,5,0,2,0,2,4
1,43,4,0.8211054801940918,1,0,6,3,3,4,0,1,0,1,1,1
1,43,8,0.0370946004986763,1,0,6,3,3,2,0,2,0,1,1,1
1,43,9,0.0016815087292343378,1,0,6,3,3,3,0,2,0,1,1,1
1,43,10,0.005260012112557888,1,0,6,3,3,4,0,2,0,1,1,1
1,43,12,0.0010639072861522436,1,0,6,3,3,6,0,2,0,1,1,1
1,43,14,0.023141248151659966,1,0,6,3,3,2,0,3,0,1,1,1
1,43,15,0.010949107818305492,1,0,6,3,3,3,0,3,0,1,1,1
1,43,16,0.02838153764605522,1,0,6,3,3,4,0,3,0,1,1,1
1,43,17,0.004101459868252277,1,0,6,3,3,5,0,3,0,1,1,1
1,43,19,0.0071371435187757015,1,0,6,3,3,1,0,4,0,1,1,1
1,43,20,0.006440323777496815,1,0,6,3,3,2,0,4,0,1,1,1
1,43,21,0.0010534445755183697,1,0,6,3,3,3,0,4,0,1,1,1
1,43,22,0.03931018337607384,1,0,6,3,3,4,0,4,0,1,1,1
1,43,27,0.00036783606628887355,1,0,6,3,3,3,0,5,0,1,1,1
1,43,29,0.0005915548535995185,1,0,6,3,3,5,0,5,0,1,1,1
1,43,30,0.001182372565381229,1,0,6,3,3,6,0,5,0,1,1,1
1,43,35,0.00011141382856294513,1,0,6,4,3,5,0,5,0,1,1,1
1,43,36,0.009861239232122898,1,0,6,5,3,1,0,1,0,2,1,2
1,43,37,0.0004396232252474874,1,0,6,5,3,2,0,2,0,2,1,2
1,43,39,7.892784924479201e-05,1,0,6,5,3,4,0,4,0,2,1,2
1,43,41,2.9837177862646058e-05,1,1,6,6,3,1,0,0,0,0,1,1
1,43,42,0.000535694882273674,1,1,6,6,3,2,0,0,0,0,1,1
1,43,45,7.383427146123722e-05,1,1,6,6,3,5,0,0,0,0,1,1
1,43,47,7.753801583021414e-06,1,2,6,7,3,0,0,0,0,0,1,4
1,44,4,0.9097645878791809,1,0,6,3,4,4,0,1,0,1,1,1
1,44,8,0.017193201929330826,1,0,6,3,4,2,0,2,0,1,1,1
1,44,9,0.00043120112968608737,1,0,6,3,4,3,0,2,0,1,1,1
1,44,10,0.0026401642244309187,1,0,6,3,4,4,0,2,0,1,1,1
1,44,12,0.0004005270602647215,1,0,6,3,4,6,0,2,0,1,1,1
1,44,14,0.00563511997461319,1,0,6,3,4,2,0,3,0,1,1,1
1,44,15,0.0011368313571438193,1,0,6,3,4,3,0,3,0,1,1,1
1,44,16,0.017010312527418137,1,0,6,3,4,4,0,3,0,1,1,1
1,44,17,0.0010755193652585149,1,0,6,3,4,5,0,3,0,1,1,1
1,44,19,0.0031706986483186483,1,0,6,3,4,1,0,4,0,1,1,1
1,44,20,0.002980573568493128,1,0,6,3,4,2,0,4,0,1,1,1
1,44,21,0.00028077178285457194,1,0,6,3,4,3,0,4,0,1,1,1
1,44,22,0.035430584102869034,1,0,6,3,4,4,0,4,0,1,1,1
1,44,27,0.000211979218875058,1,0,6,3,4,3,0,5,0,1,1,1
1,44,29,0.00010378194565419108,1,0,6,3,4,5,0,5,0,1,1,1
1,44,30,0.0011163270100951195,1,0,6,3,4,6,0,5,0,1,1,1
1,44,35,2.879441308323294e-05,1,0,6,4,4,5,0,5,0,1,1,1
1,44,36,0.0007835692376829684,1,0,6,5,4,1,0,1,0,2,1,2
1,44,37,3.191136784153059e-05,1,0,6,5,4,2,0,2,0,2,1,2
1,44,39,7.68936843087431e-06,1,0,6,5,4,4,0,4,0,2,1,2
1,44,41,3.0158540539559908e-05,1,1,6,6,4,1,0,0,0,0,1,1
1,44,42,0.0004631849587894976,1,1,6,6,4,2,0,0,0,0,1,1
1,44,45,6.832634971942753e-05,1,1,6,6,4,5,0,0,0,0,1,1
1,44,47,3.9416800063918345e-06,1,2,6,7,4,0,0,0,0,0,1,4
1,46,4,0.0025097206234931946,1,0,6,3,6,4,0,1,0,1,1,1
1,46,8,0.005336153320968151,1,0,6,3,6,2,0,2,0,1,1,1
1,46,9,0.002199589740484953,1,0,6,3,6,3,0,2,0,1,1,1
1,46,10,0.005405276082456112,1,0,6,3,6,4,0,2,0,1,1,1
1,46,12,0.003302945988252759,1,0,6,3,6,6,0,2,0,1,1,1
1,46,14,0.0006796177476644516,1,0,6,3,6,2,0,3,0,1,1,1
1,46,15,0.001063767820596695,1,0,6,3,6,3,0,3,0,1,1,1
1,46,16,0.0033861775882542133,1,0,6,3,6,4,0,3,0,1,1,1
1,46,17,0.0005423568072728813,1,0,6,3,6,5,0,3,0,1,1,1
1,46,19,0.0013529720017686486,1,0,6,3,6,1,0,4,0,1,1,1
1,46,20,0.00036316888872534037,1,0,6,3,6,2,0,4,0,1,1,1
1,46,21,8.665211498737335e-05,1,0,6,3,6,3,0,4,0,1,1,1
1,46,22,0.002099292352795601,1,0,6,3,6,4,0,4,0,1,1,1
1,46,27,0.00036234641447663307,1,0,6,3,6,3,0,5,0,1,1,1
1,46,29,0.0003468909999355674,1,0,6,3,6,5,0,5,0,1,1,1
1,46,30,0.00039066228782758117,1,0,6,3,6,6,0,5,0,1,1,1
1,46,35,8.237321162596345e-05,1,0,6,4,6,5,0,5,0,1,1,1
1,46,36,0.7282946109771729,1,0,6,5,6,1,0,1,0,2,1,2
1,46,37,0.19549842178821564,1,0,6,5,6,2,0,2,0,2,1,2
1,46,39,0.045682672411203384,1,0,6,5,6,4,0,4,0,2,1,2
1,46,41,0.00024799644597806036,1,1,6,6,6,1,0,0,0,0,1,1
1,46,42,0.00042239102185703814,1,1,6,6,6,2,0,0,0,0,1,1
1,46,45,0.000126875689602457,1,1,6,6,6,5,0,0,0,0,1,1
1,46,47,0.00021700173965655267,1,2,6,7,6,0,0,0,0,0,1,4
2,0,2,0.0006559239118359983,0,0,1,3,0,2,0,1,2,1,4,1
2,0,3,0.000726930913515389,0,0,1,3,0,3,0,1,2,1,4,1
2,0,4,0.0020212894305586815,0,0,1,3,0,4,0,1,2,1,4,1
2,0,10,0.0040358612313866615,0,0,1,3,0,4,0,2,2,1,4,1
2,0,11,0.0013384813209995627,0,0,1,3,0,5,0,2,2,1,4,1
2,0,12,0.00030837397207506,0,0,1,3,0,6,0,2,2,1,4,1
2,0,15,0.00029416251345537603,0,0,1,3,0,3,0,3,2,1,4,1
2,0,16,0.00030132787651382387,0,0,1,3,0,4,0,3,2,1,4,1
2,0,18,7.984679541550577e-05,0,0,1,3,0,6,0,3,2,1,4,1
2,0,20,0.005318580660969019,0,0,1,3,0,2,0,4,2,1,4,1
2,0,24,0.004050731658935547,0,0,1,3,0,6,0,4,2,1,4,1
2,0,25,0.0012554180575534701,0,0,1,3,0,1,0,5,2,1,4,1
2,0,26,0.0008638050057925284,0,0,1,3,0,2,0,5,2,1,4,1
2,0,28,0.0006830822676420212,0,0,1,3,0,4,0,5,2,1,4,1
2,0,29,0.0006186259561218321,0,0,1,3,0,5,0,5,2,1,4,1
2,0,30,0.0001381382899126038,0,0,1,3,0,6,0,5,2,1,4,1
2,0,32,0.0021437944378703833,0,0,1,4,0,2,0,2,2,1,4,1
2,0,37,0.12051957100629807,0,0,1,5,0,2,0,2,2,2,4,2
2,0,39,0.8293595910072327,0,0,1,5,0,4,0,4,2,2,4,2
2,0,40,0.024849195033311844,0,0,1,5,0,5,0,5,2,2,4,2
2,0,43,1.2961139873368666e-05,0,1,1,6,0,3,0,0,2,0,4,1
2,0,44,0.0002377511846134439,0,1,1,6,0,4,0,0,2,0,4,1
2,0,46,3.7233021430438384e-06,0,1,1,6,0,6,0,0,2,0,4,1
2,0,47,0.00018242378428112715,0,2,1,7,0,0,0,0,2,0,4,4
2,1,2,0.03179815784096718,0,0,3,3,1,2,1,1,1,1,1,1
2,1,3,0.041179291903972626,0,0,3,3,1,3,1,1,1,1,1,1
2,1,4,0.04734136536717415,0,0,3,3,1,4,1,1,1,1,1,1
2,1,10,0.03800112381577492,0,0,3,3,1,4,1,2,1,1,1,1
2,1,11,0.005613543093204498,0,0,3,3,1,5,1,2,1,1,1,1
2,1,12,0.1719648689031601,0,0,3,3,1,6,1,2,1,1,1,1
2,1,15,0.04561531916260719,0,0,3,3,1,3,1,3,1,1,1,1
2,1,16,0.19057047367095947,0,0,3,3,1,4,1,3,1,1,1,1
2,1,18,0.1708623766899109,0,0,3,3,1,6,1,3,1,1,1,1
2,1,20,0.002948431996628642,0,0,3,3,1,2,1,4,1,1,1,1
2,1,24,0.012392168864607811,0,0,3,3,1,6,1,4,1,1,1,1
2,1,25,0.0046320161782205105,0,0,3,3,1,1,1,5,1,1,1,1
2,1,26,0.004403165075927973,0,0,3,3,1,2,1,5,1,1,1,1
2,1,28,0.009923121891915798,0,0,3,3,1,4,1,5,1,1,1,1
2,1,29,0.0028966753743588924,0,0,3,3,1,5,1,5,1,1,1,1
2,1,30,0.03997580707073212,0,0,3,3,1,6,1,5,1,1,1,1
2,1,32,0.031419724225997925,0,0,3,4,1,2,1,2,1,1,1,1
2,1,37,0.005315443035215139,0,0,3,5,1,2,1,2,1,2,1,2
2,1,39,0.01661858521401882,0,0,3,5,1,4,1,4,1,2,1,2
2,1,40,0.003917493391782045,0,0,3,5,1,5,1,5,1,2,1,2
2,1,43,0.05121329054236412,0,1,3,6,1,3,1,0,1,0,1,1
2,1,44,0.030619962140917778,0,1,3,6,1,4,1,0,1,0,1,1
2,1,46,0.037979431450366974,0,1,3,6,1,6,1,0,1,0,1,1
2,1,47,0.0027980736922472715,0,2,3,7,1,0,1,0,1,0,1,4
2,5,2,0.010292884893715382,0,0,3,3,5,2,1,1,1,1,1,1
2,5,3,0.005358694586902857,0,0,3,3,5,3,1,1,1,1,1,1
2,5,4,0.04445572942495346,0,0,3,3,5,4,1,1,1,1,1,1
2,5,10,0.015099842101335526,0,0,3,3,5,4,1,2,1,1,1,1
2,5,11,0.002771689323708415,0,0,3,3,5,5,1,2,1,1,1,1
2,5,12,0.02732042223215103,0,0,3,3,5,6,1,2,1,1,1,1
2,5,15,0.0076493374072015285,0,0,3,3,5,3,1,3,1,1,1,1
2,5,16,0.0322134830057621,0,0,3,3,5,4,1,3,1,1,1,1
2,5,18,0.07051346451044083,0,0,3,3,5,6,1,3,1,1,1,1
2,5,20,0.0024505374021828175,0,0,3,3,5,2,1,4,1,1,1,1
2,5,24,0.011430051177740097,0,0,3,3,5,6,1,4,1,1,1,1
2,5,25,0.006087004207074642,0,0,3,3,5,1,1,5,1,1,1,1
2,5,26,0.017978021875023842,0,0,3,3,5,2,1,5,1,1,1,1
2,5,28,0.01285664550960064,0,0,3,3,5,4,1,5,1,1,1,1
2,5,29,0.003451658645644784,0,0,3,3,5,5,1,5,1,1,1,1
2,5,30,0.07206577807664871,0,0,3,3,5,6,1,5,1,1,1,1
2,5,32,0.04453641176223755,0,0,3,4,5,2,1,2,1,1,1,1
2,5,37,0.017120158299803734,0,0,3,5,5,2,1,2,1,2,1,2
2,5,39,0.08898689597845078,0,0,3,5,5,4,1,4,1,2,1,2
2,5,40,0.00875156931579113,0,0,3,5,5,5,1,5,1,2,1,2
2,5,43,0.12445758283138275,0,1,3,6,5,3,1,0,1,0,1,1
2,5,44,0.2418178915977478,0,1,3,6,5,4,1,0,1,0,1,1
2,5,46,0.08662279695272446,0,1,3,6,5,6,1,0,1,0,1,1
2,5,47,0.04571153596043587,0,2,3,7,5,0,1,0,1,0,1,4
2,6,2,0.01707615703344345,0,0,3,3,6,2,1,1,1,1,1,1
2,6,3,0.00266947690397501,0,0,3,3,6,3,1,1,1,1,1,1
2,6,4,0.0017291991971433163,0,0,3,3,6,4,1,1,1,1,1,1
2,6,10,0.014210700988769531,0,0,3,3,6,4,1,2,1,1,1,1
2,6,11,0.004290234763175249,0,0,3,3,6,5,1,2,1,1,1,1
2,6,12,0.032844264060258865,0,0,3,3,6,6,1,2,1,1,1,1
2,6,15,0.006880425848066807,0,0,3,3,6,3,1,3,1,1,1,1
2,6,16,0.012523505836725235,0,0,3,3,6,4,1,3,1,1,1,1
2,6,18,0.10717988014221191,0,0,3,3,6,6,1,3,1,1,1,1
2,6,20,0.007560417987406254,0,0,3,3,6,2,1,4,1,1,1,1
2,6,24,0.04119697958230972,0,0,3,3,6,6,1,4,1,1,1,1
2,6,25,0.018958956003189087,0,0,3,3,6,1,1,5,1,1,1,1
2,6,26,0.028709815815091133,0,0,3,3,6,2,1,5,1,1,1,1
2,6,28,0.002572901314124465,0,0,3,3,6,4,1,5,1,1,1,1
2,6,29,0.0025930169504135847,0,0,3,3,6,5,1,5,1,1,1,1
2,6,30,0.09453189373016357,0,0,3,3,6,6,1,5,1,1,1,1
2,6,32,0.06036235764622688,0,0,3,4,6,2,1,2,1,1,1,1
2,6,37,0.15942902863025665,0,0,3,5,6,2,1,2,1,2,1,2
2,6,39,0.01898280531167984,0,0,3,5,6,4,1,4,1,2,1,2
2,6,40,0.011993277817964554,0,0,3,5,6,5,1,5,1,2,1,2
2,6,43,0.0975198820233345,0,1,3,6,6,3,1,0,1,0,1,1
2,6,44,0.04319478198885918,0,1,3,6,6,4,1,0,1,0,1,1
2,6,46,0.2105637788772583,0,1,3,6,6,6,1,0,1,0,1,1
2,6,47,0.002426177728921175,0,2,3,7,6,0,1,0,1,0,1,4
2,7,2,0.021037505939602852,0,0,3,3,1,2,2,1,1,1,1,1
2,7,3,0.01892872340977192,0,0,3,3,1,3,2,1,1,1,1,1
2,7,4,0.3962287902832031,0,0,3,3,1,4,2,1,1,1,1,1
2,7,10,0.18692639470100403,0,0,3,3,1,4,2,2,1,1,1,1
2,7,11,0.0012568461243063211,0,0,3,3,1,5,2,2,1,1,1,1
2,7,12,0.028587719425559044,0,0,3,3,1,6,2,2,1,1,1,1
2,7,15,0.003550829365849495,0,0,3,3,1,3,2,3,1,1,1,1
2,7,16,0.2632763683795929,0,0,3,3,1,4,2,3,1,1,1,1
2,7,18,0.016169248148798943,0,0,3,3,1,6,2,3,1,1,1,1
2,7,20,0.0026922067627310753,0,0,3,3,1,2,2,4,1,1,1,1
2,7,24,0.0013644126011058688,0,0,3,3,1,6,2,4,1,1,1,1
2,7,25,0.0009427056647837162,0,0,3,3,1,1,2,5,1,1,1,1
2,7,26,0.0029999965336173773,0,0,3,3,1,2,2,5,1,1,1,1
2,7,28,0.005491982214152813,0,0,3,3,1,4,2,5,1,1,1,1
2,7,29,0.0009503157343715429,0,0,3,3,1,5,2,5,1,1,1,1
2,7,30,0.0081049595028162,0,0,3,3,1,6,2,5,1,1,1,1
2,7,32,0.0026903306134045124,0,0,3,4,1,2,2,2,1,1,1,1
2,7,37,0.000790693040471524,0,0,3,5,1,2,2,2,1,2,1,2
2,7,39,0.0006918010185472667,0,0,3,5,1,4,2,4,1,2,1,2
2,7,40,1.9213181076338515e-05,0,0,3,5,1,5,2,5,1,2,1,2
2,7,43,0.01574852503836155,0,1,3,6,1,3,2,0,1,0,1,1
2,7,44,0.004668927751481533,0,1,3,6,1,4,2,0,1,0,1,1
2,7,46,0.015489930287003517,0,1,3,6,1,6,2,0,1,0,1,1
2,7,47,0.001391395926475525,0,2,3,7,1,0,2,0,1,0,1,4
2,8,2,0.005200993735343218,0,0,3,3,2,2,2,1,1,1,1,1
2,8,3,0.0014794376911595464,0,0,3,3,2,3,2,1,1,1,1,1
2,8,4,0.9371480941772461,0,0,3,3,2,4,2,1,1,1,1,1
2,8,10,0.03999538719654083,0,0,3,3,2,4,2,2,1,1,1,1
2,8,11,0.00010963858221657574,0,0,3,3,2,5,2,2,1,1,1,1
2,8,12,0.00032242227462120354,0,0,3,3,2,6,2,2,1,1,1,1
2,8,15,6.798609683755785e-05,0,0,3,3,2,3,2,3,1,1,1,1
2,8,16,0.011132408864796162,0,0,3,3,2,4,2,3,1,1,1,1
2,8,18,0.00012627054820768535,0,0,3,3,2,6,2,3,1,1,1,1
2,8,20,0.0011203255271539092,0,0,3,3,2,2,2,4,1,1,1,1
2,8,24,4.514288229984231e-05,0,0,3,3,2,6,2,4,1,1,1,1
2,8,25,0.00014556123642250896,0,0,3,3,2,1,2,5,1,1,1,1
2,8,26,0.0004590580938383937,0,0,3,3,2,2,2,5,1,1,1,1
2,8,28,0.0006361749256029725,0,0,3,3,2,4,2,5,1,1,1,1
2,8,29,0.0002012862532865256,0,0,3,3,2,5,2,5,1,1,1,1
2,8,30,5.3344236221164465e-05,0,0,3,3,2,6,2,5,1,1,1,1
2,8,32,3.996481609647162e-05,0,0,3,4,2,2,2,2,1,1,1,1
2,8,37,0.0003360570699442178,0,0,3,5,2,2,2,2,1,2,1,2
2,8,39,0.0008914626087062061,0,0,3,5,2,4,2,4,1,2,1,2
2,8,40,5.0240769269294105e-06,0,0,3,5,2,5,2,5,1,2,1,2
2,8,43,3.322086195112206e-05,0,1,3,6,2,3,2,0,1,0,1,1
2,8,44,0.0002869432501029223,0,1,3,6,2,4,2,0,1,0,1,1
2,8,46,3.917220055882353e-06,0,1,3,6,2,6,2,0,1,0,1,1
2,8,47,0.0001599404204171151,0,2,3,7,2,0,2,0,1,0,1,4
2,9,2,0.031899310648441315,0,0,3,3,3,2,2,1,1,1,1,1
2,9,3,0.01228228211402893,0,0,3,3,3,3,2,1,1,1,1,1
2,9,4,0.13433481752872467,0,0,3,3,3,4,2,1,1,1,1,1
2,9,10,0.06223300099372864,0,0,3,3,3,4,2,2,1,1,1,1
2,9,11,0.006769629195332527,0,0,3,3,3,5,2,2,1,1,1,1
2,9,12,0.04282553493976593,0,0,3,3,3,6,2,2,1,1,1,1
2,9,15,0.015332436189055443,0,0,3,3,3,3,2,3,1,1,1,1
2,9,16,0.11428068578243256,0,0,3,3,3,4,2,3,1,1,1,1
2,9,18,0.06001685932278633,0,0,3,3,3,6,2,3,1,1,1,1
2,9,20,0.006669522728770971,0,0,3,3,3,2,2,4,1,1,1,1
2,9,24,0.0057807727716863155,0,0,3,3,3,6,2,4,1,1,1,1
2,9,25,0.01777729205787182,0,0,3,3,3,1,2,5,1,1,1,1
2,9,26,0.026099152863025665,0,0,3,3,3,2,2,5,1,1,1,1
2,9,28,0.024709556251764297,0,0,3,3,3,4,2,5,1,1,1,1
2,9,29,0.01307116448879242,0,0,3,3,3,5,2,5,1,1,1,1
2,9,30,0.0476657934486866,0,0,3,3,3,6,2,5,1,1,1,1
2,9,32,0.015270782634615898,0,0,3,4,3,2,2,2,1,1,1,1
2,9,37,0.004785698372870684,0,0,3,5,3,2,2,2,1,2,1,2
2,9,39,0.009940622374415398,0,0,3,5,3,4,2,4,1,2,1,2
2,9,40,0.0042795902118086815,0,0,3,5,3,5,2,5,1,2,1,2
2,9,43,0.13432300090789795,0,1,3,6,3,3,2,0,1,0,1,1
2,9,44,0.054564207792282104,0,1,3,6,3,4,2,0,1,0,1,1
2,9,46,0.13306258618831635,0,1,3,6,3,6,2,0,1,0,1,1
2,9,47,0.022025614976882935,0,2,3,7,3,0,2,0,1,0,1,4
2,13,2,0.002336764009669423,0,0,3,3,1,2,3,1,1,1,1,1
2,13,3,0.002072294009849429,0,0,3,3,1,3,3,1,1,1,1,1
2,13,4,0.002178817056119442,0,0,3,3,1,4,3,1,1,1,1,1
2,13,10,0.0012548229424282908,0,0,3,3,1,4,3,2,1,1,1,1
2,13,11,0.0010925761889666319,0,0,3,3,1,5,3,2,1,1,1,1
2,13,12,0.004490427207201719,0,0,3,3,1,6,3,2,1,1,1,1
2,13,15,0.001612360472790897,0,0,3,3,1,3,3,3,1,1,1,1
2,13,16,0.003641280811280012,0,0,3,3,1,4,3,3,1,1,1,1
2,13,18,0.013693591579794884,0,0,3,3,1,6,3,3,1,1,1,1
2,13,20,0.00043616321636363864,0,0,3,3,1,2,3,4,1,1,1,1
2,13,24,0.0008799484930932522,0,0,3,3,1,6,3,4,1,1,1,1
2,13,25,0.00074005126953125,0,0,3,3,1,1,3,5,1,1,1,1
2,13,26,0.005905601195991039,0,0,3,3,1,2,3,5,1,1,1,1
2,13,28,0.0017260684398934245,0,0,3,3,1,4,3,5,1,1,1,1
2,13,29,0.0013926131650805473,0,0,3,3,1,5,3,5,1,1,1,1
2,13,30,0.028870470821857452,0,0,3,3,1,6,3,5,1,1,1,1
2,13,32,0.0018658821936696768,0,0,3,4,1,2,3,2,1,1,1,1
2,13,37,0.00014051432663109154,0,0,3,5,1,2,3,2,1,2,1,2
2,13,39,3.618234768509865e-05,0,0,3,5,1,4,3,4,1,2,1,2
2,13,40,8.37606712593697e-05,0,0,3,5,1,5,3,5,1,2,1,2
2,13,43,0.22401803731918335,0,1,3,6,1,3,3,0,1,0,1,1
2,13,44,0.023946374654769897,0,1,3,6,1,4,3,0,1,0,1,1
2,13,46,0.6614718437194824,0,1,3,6,1,6,3,0,1,0,1,1
2,13,47,0.01611408218741417,0,2,3,7,1,0,3,0,1,0,1,4
2,14,2,0.061257291585206985,0,0,3,3,2,2,3,1,1,1,1,1
2,14,3,0.021585259586572647,0,0,3,3,2,3,3,1,1,1,1,1
2,14,4,0.6159588694572449,0,0,3,3,2,4,3,1,1,1,1,1
2,14,10,0.052195075899362564,0,0,3,3,2,4,3,2,1,1,1,1
2,14,11,0.0014867945574223995,0,0,3,3,2,5,3,2,1,1,1,1
2,14,12,0.013032411225140095,0,0,3,3,2,6,3,2,1,1,1,1
2,14,15,0.004192364867776632,0,0,3,3,2,3,3,3,1,1,1,1
2,14,16,0.0750807374715805,0,0,3,3,2,4,3,3,1,1,1,1
2,14,18,0.010301037691533566,0,0,3,3,2,6,3,3,1,1,1,1
2,14,20,0.0063993362709879875,0,0,3,3,2,2,3,4,1,1,1,1
2,14,24,0.0030465908348560333,0,0,3,3,2,6,3,4,1,1,1,1
2,14,25,0.0026797724422067404,0,0,3,3,2,1,3,5,1,1,1,1
2,14,26,0.017582375556230545,0,0,3,3,2,2,3,5,1,1,1,1
2,14,28,0.00911413598805666,0,0,3,3,2,4,3,5,1,1,1,1
2,14,29,0.002083040773868561,0,0,3,3,2,5,3,5,1,1,1,1
2,14,30,0.004842119757086039,0,0,3,3,2,6,3,5,1,1,1,1
2,14,32,0.005636884365230799,0,0,3,4,2,2,3,2,1,1,1,1
2,14,37,0.02781326323747635,0,0,3,5,2,2,3,2,1,2,1,2
2,14,39,0.04325859248638153,0,0,3,5,2,4,3,4,1,2,1,2
2,14,40,0.0009570901747792959,0,0,3,5,2,5,3,5,1,2,1,2
2,14,43,0.001648626523092389,0,1,3,6,2,3,3,0,1,0,1,1
2,14,44,0.014599660411477089,0,1,3,6,2,4,3,0,1,0,1,1
2,14,46,0.0005804212996736169,0,1,3,6,2,6,3,0,1,0,1,1
2,14,47,0.00466817757114768,0,2,3,7,2,0,3,0,1,0,1,4
2,17,2,0.03833436593413353,0,0,3,3,5,2,3,1,1,1,1,1
2,17,3,0.006955820135772228,0,0,3,3,5,3,3,1,1,1,1,1
2,17,4,0.22878707945346832,0,0,3,3,5,4,3,1,1,1,1,1
2,17,10,0.017807556316256523,0,0,3,3,5,4,3,2,1,1,1,1
2,17,11,0.0016150460578501225,0,0,3,3,5,5,3,2,1,1,1,1
2,17,12,0.004639473278075457,0,0,3,3,5,6,3,2,1,1,1,1
2,17,15,0.0012051904341205955,0,0,3,3,5,3,3,3,1,1,1,1
2,17,16,0.008109786547720432,0,0,3,3,5,4,3,3,1,1,1,1
2,17,18,0.004048231989145279,0,0,3,3,5,6,3,3,1,1,1,1
2,17,20,0.013024363666772842,0,0,3,3,5,2,3,4,1,1,1,1
2,17,24,0.00676438445225358,0,0,3,3,5,6,3,4,1,1,1,1
2,17,25,0.013338986784219742,0,0,3,3,5,1,3,5,1,1,1,1
2,17,26,0.14775590598583221,0,0,3,3,5,2,3,5,1,1,1,1
2,17,28,0.01302859652787447,0,0,3,3,5,4,3,5,1,1,1,1
2,17,29,0.006060290616005659,0,0,3,3,5,5,3,5,1,1,1,1
2,17,30,0.022002408280968666,0,0,3,3,5,6,3,5,1,1,1,1
2,17,32,0.008287015371024609,0,0,3,4,5,2,3,2,1,1,1,1
2,17,37,0.16534647345542908,0,0,3,5,5,2,3,2,1,2,1,2
2,17,39,0.11142123490571976,0,0,3,5,5,4,3,4,1,2,1,2
2,17,40,0.0071975295431911945,0,0,3,5,5,5,3,5,1,2,1,2
2,17,43,0.013833864592015743,0,1,3,6,5,3,3,0,1,0,1,1
2,17,44,0.08967583626508713,0,1,3,6,5,4,3,0,1,0,1,1
2,17,46,0.005905659403651953,0,1,3,6,5,6,3,0,1,0,1,1
2,17,47,0.064855195581913,0,2,3,7,5,0,3,0,1,0,1,4
2,19,2,0.02232799306511879,0,0,3,3,1,2,4,1,1,1,1,1
2,19,3,0.013967182487249374,0,0,3,3,1,3,4,1,1,1,1,1
2,19,4,0.5017362833023071,0,0,3,3,1,4,4,1,1,1,1,1
2,19,10,0.017522212117910385,0,0,3,3,1,4,4,2,1,1,1,1
2,19,11,0.005890920292586088,0,0,3,3,1,5,4,2,1,1,1,1
2,19,12,0.0038804062642157078,0,0,3,3,1,6,4,2,1,1,1,1
2,19,15,0.005851037800312042,0,0,3,3,1,3,4,3,1,1,1,1
2,19,16,0.0679577961564064,0,0,3,3,1,4,4,3,1,1,1,1
2,19,18,0.015129654668271542,0,0,3,3,1,6,4,3,1,1,1,1
2,19,20,0.012437628582119942,0,0,3,3,1,2,4,4,1,1,1,1
2,19,24,0.001588416751474142,0,0,3,3,1,6,4,4,1,1,1,1
2,19,25,0.004512700717896223,0,0,3,3,1,1,4,5,1,1,1,1
2,19,26,0.016304312273859978,0,0,3,3,1,2,4,5,1,1,1,1
2,19,28,0.03098624385893345,0,0,3,3,1,4,4,5,1,1,1,1
2,19,29,0.01291314885020256,0,0,3,3,1,5,4,5,1,1,1,1
2,19,30,0.007299900520592928,0,0,3,3,1,6,4,5,1,1,1,1
2,19,32,0.0010322631569579244,0,0,3,4,1,2,4,2,1,1,1,1
2,19,37,0.00018164115317631513,0,0,3,5,1,2,4,2,1,2,1,2
2,19,39,0.0004852746787946671,0,0,3,5,1,4,4,4,1,2,1,2
2,19,40,0.00037006690399721265,0,0,3,5,1,5,4,5,1,2,1,2
2,19,43,0.014371474273502827,0,1,3,6,1,3,4,0,1,0,1,1
2,19,44,0.021160012111067772,0,1,3,6,1,4,4,0,1,0,1,1
2,19,46,0.009667683392763138,0,1,3,6,1,6,4,0,1,0,1,1
2,19,47,0.21242591738700867,0,2,3,7,1,0,4,0,1,0,1,4
2,21,2,0.030054492875933647,0,0,3,3,3,2,4,1,1,1,1,1
2,21,3,0.00779014453291893,0,0,3,3,3,3,4,1,1,1,1,1
2,21,4,0.7380167245864868,0,0,3,3,3,4,4,1,1,1,1,1
2,21,10,0.06400907784700394,0,0,3,3,3,4,4,2,1,1,1,1
2,21,11,0.002070230431854725,0,0,3,3,3,5,4,2,1,1,1,1
2,21,12,0.0023569129407405853,0,0,3,3,3,6,4,2,1,1,1,1
2,21,15,0.0004669628688134253,0,0,3,3,3,3,4,3,1,1,1,1
2,21,16,0.028496814891695976,0,0,3,3,3,4,4,3,1,1,1,1
2,21,18,0.004525792319327593,0,0,3,3,3,6,4,3,1,1,1,1
2,21,20,0.004809538833796978,0,0,3,3,3,2,4,4,1,1,1,1
2,21,24,0.0005437866784632206,0,0,3,3,3,6,4,4,1,1,1,1
2,21,25,0.002260887296870351,0,0,3,3,3,1,4,5,1,1,1,1
2,21,26,0.02816743031144142,0,0,3,3,3,2,4,5,1,1,1,1
2,21,28,0.009527133777737617,0,0,3,3,3,4,4,5,1,1,1,1
2,21,29,0.006176420021802187,0,0,3,3,3,5,4,5,1,1,1,1
2,21,30,0.006997936405241489,0,0,3,3,3,6,4,5,1,1,1,1
2,21,32,0.0005083602154627442,0,0,3,4,3,2,4,2,1,1,1,1
2,21,37,0.0015100539894774556,0,0,3,5,3,2,4,2,1,2,1,2
2,21,39,0.0005210303934291005,0,0,3,5,3,4,4,4,1,2,1,2
2,21,40,0.00014812956214882433,0,0,3,5,3,5,4,5,1,2,1,2
2,21,43,0.017529800534248352,0,1,3,6,3,3,4,0,1,0,1,1
2,21,44,0.01933061145246029,0,1,3,6,3,4,4,0,1,0,1,1
2,21,46,0.005799365695565939,0,1,3,6,3,6,4,0,1,0,1,1
2,21,47,0.01838241145014763,0,2,3,7,3,0,4,0,1,0,1,4
2,22,2,0.0029480038210749626,0,0,3,3,4,2,4,1,1,1,1,1
2,22,3,0.002026186091825366,0,0,3,3,4,3,4,1,1,1,1,1
2,22,4,0.9842280745506287,0,0,3,3,4,4,4,1,1,1,1,1
2,22,10,0.002458508824929595,0,0,3,3,4,4,4,2,1,1,1,1
2,22,11,0.00016483331273775548,0,0,3,3,4,5,4,2,1,1,1,1
2,22,12,1.2441569197108038e-05,0,0,3,3,4,6,4,2,1,1,1,1
2,22,15,2.343999221920967e-05,0,0,3,3,4,3,4,3,1,1,1,1
2,22,16,0.0007184231071732938,0,0,3,3,4,4,4,3,1,1,1,1
2,22,18,8.71578413352836e-06,0,0,3,3,4,6,4,3,1,1,1,1
2,22,20,0.0010716489050537348,0,0,3,3,4,2,4,4,1,1,1,1
2,22,24,1.0267808647768106e-05,0,0,3,3,4,6,4,4,1,1,1,1
2,22,25,6.991047848714516e-05,0,0,3,3,4,1,4,5,1,1,1,1
2,22,26,0.0008147546323016286,0,0,3,3,4,2,4,5,1,1,1,1
2,22,28,0.0014533394714817405,0,0,3,3,4,4,4,5,1,1,1,1
2,22,29,0.0006562995840795338,0,0,3,3,4,5,4,5,1,1,1,1
2,22,30,8.74254692462273e-06,0,0,3,3,4,6,4,5,1,1,1,1
2,22,32,4.7284606807806995e-06,0,0,3,4,4,2,4,2,1,1,1,1
2,22,37,9.831771603785455e-05,0,0,3,5,4,2,4,2,1,2,1,2
2,22,39,0.0004775230190716684,0,0,3,5,4,4,4,4,1,2,1,2
2,22,40,2.4089795260806568e-05,0,0,3,5,4,5,4,5,1,2,1,2
2,22,43,2.8896579351567198e-06,0,1,3,6,4,3,4,0,1,0,1,1
2,22,44,0.00019167279242537916,0,1,3,6,4,4,4,0,1,0,1,1
2,22,46,1.2185900288841367e-07,0,1,3,6,4,6,4,0,1,0,1,1
2,22,47,0.0025267538148909807,0,2,3,7,4,0,4,0,1,0,1,4
2,23,2,0.012278960086405277,0,0,3,3,5,2,4,1,1,1,1,1
2,23,3,0.004587083123624325,0,0,3,3,5,3,4,1,1,1,1,1
2,23,4,0.7532859444618225,0,0,3,3,5,4,4,1,1,1,1,1
2,23,10,0.015760300680994987,0,0,3,3,5,4,4,2,1,1,1,1
2,23,11,0.0017440378433093429,0,0,3,3,5,5,4,2,1,1,1,1
2,23,12,0.0005726390518248081,0,0,3,3,5,6,4,2,1,1,1,1
2,23,15,0.0003476517158560455,0,0,3,3,5,3,4,3,1,1,1,1
2,23,16,0.004399483557790518,0,0,3,3,5,4,4,3,1,1,1,1
2,23,18,0.00044209740008227527,0,0,3,3,5,6,4,3,1,1,1,1
2,23,20,0.010549572296440601,0,0,3,3,5,2,4,4,1,1,1,1
2,23,24,0.0010402081534266472,0,0,3,3,5,6,4,4,1,1,1,1
2,23,25,0.0019665551371872425,0,0,3,3,5,1,4,5,1,1,1,1
2,23,26,0.034594256430864334,0,0,3,3,5,2,4,5,1,1,1,1
2,23,28,0.009553078562021255,0,0,3,3,5,4,4,5,1,1,1,1
2,23,29,0.005446907598525286,0,0,3,3,5,5,4,5,1,1,1,1
2,23,30,0.001697842264547944,0,0,3,3,5,6,4,5,1,1,1,1
2,23,32,0.0008090277551673353,0,0,3,4,5,2,4,2,1,1,1,1
2,23,37,0.015220114961266518,0,0,3,5,5,2,4,2,1,2,1,2
2,23,39,0.05242462456226349,0,0,3,5,5,4,4,4,1,2,1,2
2,23,40,0.001570813707076013,0,0,3,5,5,5,4,5,1,2,1,2
2,23,43,0.0006903296452946961,0,1,3,6,5,3,4,0,1,0,1,1
2,23,44,0.013223218731582165,0,1,3,6,5,4,4,0,1,0,1,1
2,23,46,0.00014532470959238708,0,1,3,6,5,6,4,0,1,0,1,1
2,23,47,0.057649627327919006,0,2,3,7,5,0,4,0,1,0,1,4
2,27,2,0.02788320928812027,0,0,3,3,3,2,5,1,1,1,1,1
2,27,3,0.002445880090817809,0,0,3,3,3,3,5,1,1,1,1,1
2,27,4,0.17320974171161652,0,0,3,3,3,4,5,1,1,1,1,1
2,27,10,0.14106065034866333,0,0,3,3,3,4,5,2,1,1,1,1
2,27,11,0.0033417982049286366,0,0,3,3,3,5,5,2,1,1,1,1
2,27,12,0.0032960555981844664,0,0,3,3,3,6,5,2,1,1,1,1
2,27,15,0.0003851389919873327,0,0,3,3,3,3,5,3,1,1,1,1
2,27,16,0.022905169054865837,0,0,3,3,3,4,5,3,1,1,1,1
2,27,18,0.002908987458795309,0,0,3,3,3,6,5,3,1,1,1,1
2,27,20,0.016534799709916115,0,0,3,3,3,2,5,4,1,1,1,1
2,27,24,0.0046747601591050625,0,0,3,3,3,6,5,4,1,1,1,1
2,27,25,0.011664630845189095,0,0,3,3,3,1,5,5,1,1,1,1
2,27,26,0.10292543470859528,0,0,3,3,3,2,5,5,1,1,1,1
2,27,28,0.016903270035982132,0,0,3,3,3,4,5,5,1,1,1,1
2,27,29,0.014614054933190346,0,0,3,3,3,5,5,5,1,1,1,1
2,27,30,0.0022914137225598097,0,0,3,3,3,6,5,5,1,1,1,1
2,27,32,0.0041736094281077385,0,0,3,4,3,2,5,2,1,1,1,1
2,27,37,0.34540799260139465,0,0,3,5,3,2,5,2,1,2,1,2
2,27,39,0.08648499101400375,0,0,3,5,3,4,5,4,1,2,1,2
2,27,40,0.011211774311959743,0,0,3,5,3,5,5,5,1,2,1,2
2,27,43,0.00032965518767014146,0,1,3,6,3,3,5,0,1,0,1,1
2,27,44,0.003090333193540573,0,1,3,6,3,4,5,0,1,0,1,1
2,27,46,0.0002574388636276126,0,1,3,6,3,6,5,0,1,0,1,1
2,27,47,0.0019997633062303066,0,2,3,7,3,0,5,0,1,0,1,4
2,31,2,0.00016376901476178318,0,0,4,3,1,2,1,1,1,1,1,1
2,31,3,7.513496530009434e-05,0,0,4,3,1,3,1,1,1,1,1,1
2,31,4,4.088844889338361e-06,0,0,4,3,1,4,1,1,1,1,1,1
2,31,10,1.7635178664932027e-05,0,0,4,3,1,4,1,2,1,1,1,1
2,31,11,0.0004588664451148361,0,0,4,3,1,5,1,2,1,1,1,1
2,31,12,0.00049364980077371,0,0,4,3,1,6,1,2,1,1,1,1
2,31,15,0.0009419532143510878,0,0,4,3,1,3,1,3,1,1,1,1
2,31,16,8.786704711383209e-05,0,0,4,3,1,4,1,3,1,1,1,1
2,31,18,0.005846052430570126,0,0,4,3,1,6,1,3,1,1,1,1
2,31,20,0.00017702717741485685,0,0,4,3,1,2,1,4,1,1,1,1
2,31,24,0.0009452094091102481,0,0,4,3,1,6,1,4,1,1,1,1
2,31,25,0.0007154648192226887,0,0,4,3,1,1,1,5,1,1,1,1
2,31,26,0.001895065768621862,0,0,4,3,1,2,1,5,1,1,1,1
2,31,28,0.00012737105134874582,0,0,4,3,1,4,1,5,1,1,1,1
2,31,29,0.0003205707180313766,0,0,4,3,1,5,1,5,1,1,1,1
2,31,30,0.011585126630961895,0,0,4,3,1,6,1,5,1,1,1,1
2,31,32,0.0010898459004238248,0,0,4,4,1,2,1,2,1,1,1,1
2,31,37,6.386084714904428e-05,0,0,4,5,1,2,1,2,1,2,1,2
2,31,39,1.067231823981274e-05,0,0,4,5,1,4,1,4,1,2,1,2
2,31,40,0.00042649058741517365,0,0,4,5,1,5,1,5,1,2,1,2
2,31,43,0.07950910180807114,0,1,4,6,1,3,1,0,1,0,1,1
2,31,44,0.004158930387347937,0,1,4,6,1,4,1,0,1,0,1,1
2,31,46,0.8862279653549194,0,1,4,6,1,6,1,0,1,0,1,1
2,31,47,0.004658116493374109,0,2,4,7,1,0,1,0,1,0,1,4
2,33,2,0.02395126223564148,0,0,4,3,3,2,3,1,1,1,1,1
2,33,3,0.003148492192849517,0,0,4,3,3,3,3,1,1,1,1,1
2,33,4,0.0011188933858647943,0,0,4,3,3,4,3,1,1,1,1,1
2,33,10,0.0017075662035495043,0,0,4,3,3,4,3,2,1,1,1,1
2,33,11,0.008062433451414108,0,0,4,3,3,5,3,2,1,1,1,1
2,33,12,0.002513472456485033,0,0,4,3,3,6,3,2,1,1,1,1
2,33,15,0.001793256844393909,0,0,4,3,3,3,3,3,1,1,1,1
2,33,16,0.0009361981647089124,0,0,4,3,3,4,3,3,1,1,1,1
2,33,18,0.008349460549652576,0,0,4,3,3,6,3,3,1,1,1,1
2,33,20,0.01763881929218769,0,0,4,3,3,2,3,4,1,1,1,1
2,33,24,0.016514914110302925,0,0,4,3,3,6,3,4,1,1,1,1
2,33,25,0.03907495737075806,0,0,4,3,3,1,3,5,1,1,1,1
2,33,26,0.4253404140472412,0,0,4,3,3,2,3,5,1,1,1,1
2,33,28,0.009115147404372692,0,0,4,3,3,4,3,5,1,1,1,1
2,33,29,0.02679116278886795,0,0,4,3,3,5,3,5,1,1,1,1
2,33,30,0.0408145897090435,0,0,4,3,3,6,3,5,1,1,1,1
2,33,32,0.006180080119520426,0,0,4,4,3,2,3,2,1,1,1,1
2,33,37,0.12109995633363724,0,0,4,5,3,2,3,2,1,2,1,2
2,33,39,0.002188381738960743,0,0,4,5,3,4,3,4,1,2,1,2
2,33,40,0.07175513356924057,0,0,4,5,3,5,3,5,1,2,1,2
2,33,43,0.028550349175930023,0,1,4,6,3,3,3,0,1,0,1,1
2,33,44,0.025533923879265785,0,1,4,6,3,4,3,0,1,0,1,1
2,33,46,0.06809915602207184,0,1,4,6,3,6,3,0,1,0,1,1
2,33,47,0.04972179979085922,0,2,4,7,3,0,3,0,1,0,1,4
2,34,2,0.004665710031986237,0,0,4,3,4,2,4,1,1,1,1,1
2,34,3,0.0032297309953719378,0,0,4,3,4,3,4,1,1,1,1,1
2,34,4,0.00441940501332283,0,0,4,3,4,4,4,1,1,1,1,1
2,34,10,0.00018346629804000258,0,0,4,3,4,4,4,2,1,1,1,1
2,34,11,0.004431913606822491,0,0,4,3,4,5,4,2,1,1,1,1
2,34,12,0.0003978476161137223,0,0,4,3,4,6,4,2,1,1,1,1
2,34,15,0.006192265078425407,0,0,4,3,4,3,4,3,1,1,1,1
2,34,16,0.0005326906102709472,0,0,4,3,4,4,4,3,1,1,1,1
2,34,18,0.0010019955225288868,0,0,4,3,4,6,4,3,1,1,1,1
2,34,20,0.0056365602649748325,0,0,4,3,4,2,4,4,1,1,1,1
2,34,24,0.0013280519051477313,0,0,4,3,4,6,4,4,1,1,1,1
2,34,25,0.006792729254812002,0,0,4,3,4,1,4,5,1,1,1,1
2,34,26,0.039676398038864136,0,0,4,3,4,2,4,5,1,1,1,1
2,34,28,0.006424283143132925,0,0,4,3,4,4,4,5,1,1,1,1
2,34,29,0.011471733450889587,0,0,4,3,4,5,4,5,1,1,1,1
2,34,30,0.005562035832554102,0,0,4,3,4,6,4,5,1,1,1,1
2,34,32,0.0006746939034201205,0,0,4,4,4,2,4,2,1,1,1,1
2,34,37,0.000789069221355021,0,0,4,5,4,2,4,2,1,2,1,2
2,34,39,0.0019039766630157828,0,0,4,5,4,4,4,4,1,2,1,2
2,34,40,0.01919899880886078,0,0,4,5,4,5,4,5,1,2,1,2
2,34,43,0.025307288393378258,0,1,4,6,4,3,4,0,1,0,1,1
2,34,44,0.045447349548339844,0,1,4,6,4,4,4,0,1,0,1,1
2,34,46,0.015308612026274204,0,1,4,6,4,6,4,0,1,0,1,1
2,34,47,0.7894234657287598,0,2,4,7,4,0,4,0,1,0,1,4
2,35,2,0.003441399894654751,0,0,4,3,5,2,5,1,1,1,1,1
2,35,3,0.0004983399994671345,0,0,4,3,5,3,5,1,1,1,1,1
2,35,4,0.0003105511423200369,0,0,4,3,5,4,5,1,1,1,1,1
2,35,10,0.0010036055464297533,0,0,4,3,5,4,5,2,1,1,1,1
2,35,11,0.003805021056905389,0,0,4,3,5,5,5,2,1,1,1,1
2,35,12,0.0012587453238666058,0,0,4,3,5,6,5,2,1,1,1,1
2,35,15,0.0011476759100332856,0,0,4,3,5,3,5,3,1,1,1,1
2,35,16,0.00030760830850340426,0,0,4,3,5,4,5,3,1,1,1,1
2,35,18,0.0014637548010796309,0,0,4,3,5,6,5,3,1,1,1,1
2,35,20,0.009045370854437351,0,0,4,3,5,2,5,4,1,1,1,1
2,35,24,0.015711981803178787,0,0,4,3,5,6,5,4,1,1,1,1
2,35,25,0.022012218832969666,0,0,4,3,5,1,5,5,1,1,1,1
2,35,26,0.16520650684833527,0,0,4,3,5,2,5,5,1,1,1,1
2,35,28,0.0024235029704868793,0,0,4,3,5,4,5,5,1,1,1,1
2,35,29,0.01054548379033804,0,0,4,3,5,5,5,5,1,1,1,1
2,35,30,0.009014648385345936,0,0,4,3,5,6,5,5,1,1,1,1
2,35,32,0.005774364806711674,0,0,4,4,5,2,5,2,1,1,1,1
2,35,37,0.39848074316978455,0,0,4,5,5,2,5,2,1,2,1,2
2,35,39,0.04822784289717674,0,0,4,5,5,4,5,4,1,2,1,2
2,35,40,0.22640924155712128,0,0,4,5,5,5,5,5,1,2,1,2
2,35,43,0.009835271164774895,0,1,4,6,5,3,5,0,1,0,1,1
2,35,44,0.025830727070569992,0,1,4,6,5,4,5,0,1,0,1,1
2,35,46,0.015839379280805588,0,1,4,6,5,6,5,0,1,0,1,1
2,35,47,0.02240605838596821,0,2,4,7,5,0,5,0,1,0,1,4
2,36,2,0.016892896965146065,0,0,5,3,1,2,1,1,2,1,2,1
2,36,3,0.020842229947447777,0,0,5,3,1,3,1,1,2,1,2,1
2,36,4,0.000509647885337472,0,0,5,3,1,4,1,1,2,1,2,1
2,36,10,0.0025278651155531406,0,0,5,3,1,4,1,2,2,1,2,1
2,36,11,0.016704365611076355,0,0,5,3,1,5,1,2,2,1,2,1
2,36,12,0.050159379839897156,0,0,5,3,1,6,1,2,2,1,2,1
2,36,15,0.055937860161066055,0,0,5,3,1,3,1,3,2,1,2,1
2,36,16,0.006296583916991949,0,0,5,3,1,4,1,3,2,1,2,1
2,36,18,0.025488093495368958,0,0,5,3,1,6,1,3,2,1,2,1
2,36,20,0.015300415456295013,0,0,5,3,1,2,1,4,2,1,2,1
2,36,24,0.08930898457765579,0,0,5,3,1,6,1,4,2,1,2,1
2,36,25,0.015810571610927582,0,0,5,3,1,1,1,5,2,1,2,1
2,36,26,0.01226709596812725,0,0,5,3,1,2,1,5,2,1,2,1
2,36,28,0.006255340296775103,0,0,5,3,1,4,1,5,2,1,2,1
2,36,29,0.007301357574760914,0,0,5,3,1,5,1,5,2,1,2,1
2,36,30,0.009690334089100361,0,0,5,3,1,6,1,5,2,1,2,1
2,36,32,0.05830498784780502,0,0,5,4,1,2,1,2,2,1,2,1
2,36,37,0.13565650582313538,0,0,5,5,1,2,1,2,2,2,2,2
2,36,39,0.11773540824651718,0,0,5,5,1,4,1,4,2,2,2,2
2,36,40,0.33179739117622375,0,0,5,5,1,5,1,5,2,2,2,2
2,36,43,0.0006789565086364746,0,1,5,6,1,3,1,0,2,0,2,1
2,36,44,0.0015487268101423979,0,1,5,6,1,4,1,0,2,0,2,1
2,36,46,0.0019577923230826855,0,1,5,6,1,6,1,0,2,0,2,1
2,36,47,0.0010272064246237278,0,2,5,7,1,0,1,0,2,0,2,4
2,38,2,0.02542201243340969,0,0,5,3,3,2,3,1,2,1,2,1
2,38,3,0.009199443273246288,0,0,5,3,3,3,3,1,2,1,2,1
2,38,4,4.3053874833276495e-05,0,0,5,3,3,4,3,1,2,1,2,1
2,38,10,0.0003911351377610117,0,0,5,3,3,4,3,2,2,1,2,1
2,38,11,0.011097532697021961,0,0,5,3,3,5,3,2,2,1,2,1
2,38,12,0.011268570087850094,0,0,5,3,3,6,3,2,2,1,2,1
2,38,15,0.011684481985867023,0,0,5,3,3,3,3,3,2,1,2,1
2,38,16,0.00048214662820100784,0,0,5,3,3,4,3,3,2,1,2,1
2,38,18,0.008157135918736458,0,0,5,3,3,6,3,3,2,1,2,1
2,38,20,0.006452837958931923,0,0,5,3,3,2,3,4,2,1,2,1
2,38,24,0.02526557818055153,0,0,5,3,3,6,3,4,2,1,2,1
2,38,25,0.015088311396539211,0,0,5,3,3,1,3,5,2,1,2,1
2,38,26,0.06816793233156204,0,0,5,3,3,2,3,5,2,1,2,1
2,38,28,0.0033767784480005503,0,0,5,3,3,4,3,5,2,1,2,1
2,38,29,0.013565334491431713,0,0,5,3,3,5,3,5,2,1,2,1
2,38,30,0.010849261656403542,0,0,5,3,3,6,3,5,2,1,2,1
2,38,32,0.010856881737709045,0,0,5,4,3,2,3,2,2,1,2,1
2,38,37,0.21843671798706055,0,0,5,5,3,2,3,2,2,2,2,2
2,38,39,0.004286617506295443,0,0,5,5,3,4,3,4,2,2,2,2
2,38,40,0.5408363938331604,0,0,5,5,3,5,3,5,2,2,2,2
2,38,43,0.0007436705054715276,0,1,5,6,3,3,3,0,2,0,2,1
2,38,44,0.0008872568141669035,0,1,5,6,3,4,3,0,2,0,2,1
2,38,46,0.002709552412852645,0,1,5,6,3,6,3,0,2,0,2,1
2,38,47,0.000731289794202894,0,2,5,7,3,0,3,0,2,0,2,4
2,41,2,3.047669815714471e-05,1,0,6,3,1,2,0,1,0,1,1,1
2,41,3,7.053966783132637e-06,1,0,6,3,1,3,0,1,0,1,1,1
2,41,4,8.572617105073732e-08,1,0,6,3,1,4,0,1,0,1,1,1
2,41,10,2.01424554688856e-05,1,0,6,3,1,4,0,2,0,1,1,1
2,41,11,0.00016466226952616125,1,0,6,3,1,5,0,2,0,1,1,1
2,41,12,0.0005306349485181272,1,0,6,3,1,6,0,2,0,1,1,1
2,41,15,7.19385061529465e-05,1,0,6,3,1,3,0,3,0,1,1,1
2,41,16,2.3687654902460054e-05,1,0,6,3,1,4,0,3,0,1,1,1
2,41,18,0.005360403563827276,1,0,6,3,1,6,0,3,0,1,1,1
2,41,20,5.373272506403737e-05,1,0,6,3,1,2,0,4,0,1,1,1
2,41,24,0.0021864096634089947,1,0,6,3,1,6,0,4,0,1,1,1
2,41,25,0.0004131137393414974,1,0,6,3,1,1,0,5,0,1,1,1
2,41,26,0.0008009608136489987,1,0,6,3,1,2,0,5,0,1,1,1
2,41,28,2.9513812478398904e-05,1,0,6,3,1,4,0,5,0,1,1,1
2,41,29,0.00010463363287271932,1,0,6,3,1,5,0,5,0,1,1,1
2,41,30,0.011640729382634163,1,0,6,3,1,6,0,5,0,1,1,1
2,41,32,0.0018498094286769629,1,0,6,4,1,2,0,2,0,1,1,1
2,41,37,0.0007386573706753552,1,0,6,5,1,2,0,2,0,2,1,2
2,41,39,3.752587417693576e-06,1,0,6,5,1,4,0,4,0,2,1,2
2,41,40,0.00031155836768448353,1,0,6,5,1,5,0,5,0,2,1,2
2,41,43,0.03224877268075943,1,1,6,6,1,3,0,0,0,0,1,1
2,41,44,0.0006452828529290855,1,1,6,6,1,4,0,0,0,0,1,1
2,41,46,0.9426733255386353,1,1,6,6,1,6,0,0,0,0,1,1
2,41,47,9.04170228750445e-05,1,2,6,7,1,0,0,0,0,0,1,4
2,42,2,0.004022803623229265,1,0,6,3,2,2,0,1,0,1,1,1
2,42,3,0.00027522232267074287,1,0,6,3,2,3,0,1,0,1,1,1
2,42,4,0.0006156989838927984,1,0,6,3,2,4,0,1,0,1,1,1
2,42,10,0.0026794886216521263,1,0,6,3,2,4,0,2,0,1,1,1
2,42,11,0.001429163501597941,1,0,6,3,2,5,0,2,0,1,1,1
2,42,12,0.0019443926867097616,1,0,6,3,2,6,0,2,0,1,1,1
2,42,15,0.00022728620388079435,1,0,6,3,2,3,0,3,0,1,1,1
2,42,16,0.0003518421435728669,1,0,6,3,2,4,0,3,0,1,1,1
2,42,18,0.002732175402343273,1,0,6,3,2,6,0,3,0,1,1,1
2,42,20,0.010672341100871563,1,0,6,3,2,2,0,4,0,1,1,1
2,42,24,0.023221397772431374,1,0,6,3,2,6,0,4,0,1,1,1
2,42,25,0.007991078309714794,1,0,6,3,2,1,0,5,0,1,1,1
2,42,26,0.0397263802587986,1,0,6,3,2,2,0,5,0,1,1,1
2,42,28,0.0007263640873134136,1,0,6,3,2,4,0,5,0,1,1,1
2,42,29,0.0017626972403377295,1,0,6,3,2,5,0,5,0,1,1,1
2,42,30,0.006439696531742811,1,0,6,3,2,6,0,5,0,1,1,1
2,42,32,0.017012078315019608,1,0,6,4,2,2,0,2,0,1,1,1
2,42,37,0.7566834688186646,1,0,6,5,2,2,0,2,0,2,1,2
2,42,39,0.10113995522260666,1,0,6,5,2,4,0,4,0,2,1,2
2,42,40,0.015385816805064678,1,0,6,5,2,5,0,5,0,2,1,2
2,42,43,0.0004037393373437226,1,1,6,6,2,3,0,0,0,0,1,1
2,42,44,0.0022765230387449265,1,1,6,6,2,4,0,0,0,0,1,1
2,42,46,0.0015909757930785418,1,1,6,6,2,6,0,0,0,0,1,1
2,42,47,0.0006889842334203422,1,2,6,7,2,0,0,0,0,0,1,4
2,45,2,0.00021226343233138323,1,0,6,3,5,2,0,1,0,1,1,1
2,45,3,4.7730794904055074e-05,1,0,6,3,5,3,0,1,0,1,1,1
2,45,4,6.440317065425916e-06,1,0,6,3,5,4,0,1,0,1,1,1
2,45,10,0.00035631662467494607,1,0,6,3,5,4,0,2,0,1,1,1
2,45,11,0.0002592008386272937,1,0,6,3,5,5,0,2,0,1,1,1
2,45,12,0.00043646368430927396,1,0,6,3,5,6,0,2,0,1,1,1
2,45,15,3.7516485463129357e-05,1,0,6,3,5,3,0,3,0,1,1,1
2,45,16,2.4790675524855033e-05,1,0,6,3,5,4,0,3,0,1,1,1
2,45,18,0.00040565524250268936,1,0,6,3,5,6,0,3,0,1,1,1
2,45,20,0.0004954434116370976,1,0,6,3,5,2,0,4,0,1,1,1
2,45,24,0.007751807104796171,1,0,6,3,5,6,0,4,0,1,1,1
2,45,25,0.0012858016416430473,1,0,6,3,5,1,0,5,0,1,1,1
2,45,26,0.007804349530488253,1,0,6,3,5,2,0,5,0,1,1,1
2,45,28,0.00013796822167932987,1,0,6,3,5,4,0,5,0,1,1,1
2,45,29,0.0003192346484865993,1,0,6,3,5,5,0,5,0,1,1,1
2,45,30,0.003911906387656927,1,0,6,3,5,6,0,5,0,1,1,1
2,45,32,0.005833967588841915,1,0,6,4,5,2,0,2,0,1,1,1
2,45,37,0.9340651631355286,1,0,6,5,5,2,0,2,0,2,1,2
2,45,39,0.014030705206096172,1,0,6,5,5,4,0,4,0,2,1,2
2,45,40,0.016515864059329033,1,0,6,5,5,5,0,5,0,2,1,2
2,45,43,0.0012512649409472942,1,1,6,6,5,3,0,0,0,0,1,1
2,45,44,0.001980461413040757,1,1,6,6,5,4,0,0,0,0,1,1
2,45,46,0.002682233229279518,1,1,6,6,5,6,0,0,0,0,1,1
2,45,47,0.00014802056830376387,1,2,6,7,5,0,0,0,0,0,1,4
3,2,0,0.0007355306879617274,0,0,3,1,2,0,1,0,1,2,1,4
3,2,1,3.8103622500784695e-05,0,0,3,3,2,1,1,1,1,1,1,1
3,2,5,9.752118785399944e-05,0,0,3,3,2,5,1,1,1,1,1,1
3,2,6,6.200889038154855e-05,0,0,3,3,2,6,1,1,1,1,1,1
3,2,7,1.2752933798765298e-05,0,0,3,3,2,1,1,2,1,1,1,1
3,2,8,9.355391375720501e-05,0,0,3,3,2,2,1,2,1,1,1,1
3,2,9,7.675894266867545e-06,0,0,3,3,2,3,1,2,1,1,1,1
3,2,13,2.0979328837711364e-05,0,0,3,3,2,1,1,3,1,1,1,1
3,2,14,0.0001954859762918204,0,0,3,3,2,2,1,3,1,1,1,1
3,2,17,2.7505440812092274e-05,0,0,3,3,2,5,1,3,1,1,1,1
3,2,19,1.4240531527320854e-06,0,0,3,3,2,1,1,4,1,1,1,1
3,2,21,1.5740351955173537e-05,0,0,3,3,2,3,1,4,1,1,1,1
3,2,22,0.00020446414418984205,0,0,3,3,2,4,1,4,1,1,1,1
3,2,23,9.344318641524296e-06,0,0,3,3,2,5,1,4,1,1,1,1
3,2,27,1.0289611054759007e-05,0,0,3,3,2,3,1,5,1,1,1,1
3,2,31,2.7986070563201793e-06,0,0,3,4,2,1,1,1,1,1,1,1
3,2,33,2.573856818344211e-06,0,0,3,4,2,3,1,3,1,1,1,1
3,2,34,2.304989266121993e-06,0,0,3,4,2,4,1,4,1,1,1,1
3,2,35,6.839650723122759e-06,0,0,3,4,2,5,1,5,1,1,1,1
3,2,36,2.3968984805833315e-06,0,0,3,5,2,1,1,1,1,2,1,2
3,2,38,3.210825298083364e-06,0,0,3,5,2,3,1,3,1,2,1,2
3,2,41,0.0116123016923666,0,1,3,6,2,1,1,0,1,0,1,1
3,2,42,0.9453346133232117,0,1,3,6,2,2,1,0,1,0,1,1
3,2,45,0.041500043123960495,0,1,3,6,2,5,1,0,1,0,1,1
3,3,0,0.00015454152890015393,0,0,3,1,3,0,1,0,1,2,1,4
3,3,1,9.70449109445326e-05,0,0,3,3,3,1,1,1,1,1,1,1
3,3,5,4.355302007752471e-05,0,0,3,3,3,5,1,1,1,1,1,1
3,3,6,5.7211134844692424e-05,0,0,3,3,3,6,1,1,1,1,1,1
3,3,7,5.6502889492549e-05,0,0,3,3,3,1,1,2,1,1,1,1
3,3,8,2.5791978259803727e-05,0,0,3,3,3,2,1,2,1,1,1,1
3,3,9,2.7799031158792786e-05,0,0,3,3,3,3,1,2,1,1,1,1
3,3,13,8.135777898132801e-05,0,0,3,3,3,1,1,3,1,1,1,1
3,3,14,0.0007755019469186664,0,0,3,3,3,2,1,3,1,1,1,1
3,3,17,9.311866597272456e-05,0,0,3,3,3,5,1,3,1,1,1,1
3,3,19,2.7824915378005244e-05,0,0,3,3,3,1,1,4,1,1,1,1
3,3,21,0.00024939619470387697,0,0,3,3,3,3,1,4,1,1,1,1
3,3,22,2.2195330529939383e-05,0,0,3,3,3,4,1,4,1,1,1,1
3,3,23,3.590845153667033e-05,0,0,3,3,3,5,1,4,1,1,1,1
3,3,27,0.00014899835514370352,0,0,3,3,3,3,1,5,1,1,1,1
3,3,31,6.515504355775192e-05,0,0,3,4,3,1,1,1,1,1,1,1
3,3,33,0.0004659496480599046,0,0,3,4,3,3,1,3,1,1,1,1
3,3,34,4.586659542837879e-06,0,0,3,4,3,4,1,4,1,1,1,1
3,3,35,9.28480312722968e-06,0,0,3,4,3,5,1,5,1,1,1,1
3,3,36,3.276075949543156e-05,0,0,3,5,3,1,1,1,1,2,1,2
3,3,38,0.00017019592633005232,0,0,3,5,3,3,1,3,1,2,1,2
3,3,41,0.20579540729522705,0,1,3,6,3,1,1,0,1,0,1,1
3,3,42,0.6871628761291504,0,1,3,6,3,2,1,0,1,0,1,1
3,3,45,0.10439728200435638,0,1,3,6,3,5,1,0,1,0,1,1
3,4,0,0.00018663621449377388,0,0,3,1,4,0,1,0,1,2,1,4
3,4,1,0.0005474651698023081,0,0,3,3,4,1,1,1,1,1,1,1
3,4,5,0.00016394638805650175,0,0,3,3,4,5,1,1,1,1,1,1
3,4,6,0.0003217429621145129,0,0,3,3,4,6,1,1,1,1,1,1
3,4,7,0.0005068217287771404,0,0,3,3,4,1,1,2,1,1,1,1
3,4,8,6.988006498431787e-05,0,0,3,3,4,2,1,2,1,1,1,1
3,4,9,0.00031494873110204935,0,0,3,3,4,3,1,2,1,1,1,1
3,4,13,0.00022897307644598186,0,0,3,3,4,1,1,3,1,1,1,1
3,4,14,0.0016232230700552464,0,0,3,3,4,2,1,3,1,1,1,1
3,4,17,0.0001926404220284894,0,0,3,3,4,5,1,3,1,1,1,1
3,4,19,0.00013181311078369617,0,0,3,3,4,1,1,4,1,1,1,1
3,4,21,0.0011052101617679,0,0,3,3,4,3,1,4,1,1,1,1
3,4,22,3.034219116671011e-05,0,0,3,3,4,4,1,4,1,1,1,1
3,4,23,0.00011116549285361543,0,0,3,3,4,5,1,4,1,1,1,1
3,4,27,0.00116266671102494,0,0,3,3,4,3,1,5,1,1,1,1
3,4,31,0.00041896040784195065,0,0,3,4,4,1,1,1,1,1,1,1
3,4,33,0.0035737240687012672,0,0,3,4,4,3,1,3,1,1,1,1
3,4,34,1.8311575331608765e-05,0,0,3,4,4,4,1,4,1,1,1,1
3,4,35,3.302532422821969e-05,0,0,3,4,4,5,1,5,1,1,1,1
3,4,36,0.00017682460020296276,0,0,3,5,4,1,1,1,1,2,1,2
3,4,38,0.0009606665698811412,0,0,3,5,4,3,1,3,1,2,1,2
3,4,41,0.6578274369239807,0,1,3,6,4,1,1,0,1,0,1,1
3,4,42,0.2240886390209198,0,1,3,6,4,2,1,0,1,0,1,1
3,4,45,0.10620501637458801,0,1,3,6,4,5,1,0,1,0,1,1
3,10,0,4.765869380207732e-05,0,0,3,1,4,0,2,0,1,2,1,4
3,10,1,0.0005686738877557218,0,0,3,3,4,1,2,1,1,1,1,1
3,10,5,0.00011332227586535737,0,0,3,3,4,5,2,1,1,1,1,1
3,10,6,0.00031369272619485855,0,0,3,3,4,6,2,1,1,1,1,1
3,10,7,0.0009089046507142484,0,0,3,3,4,1,2,2,1,1,1,1
3,10,8,0.00014732453564647585,0,0,3,3,4,2,2,2,1,1,1,1
3,10,9,0.002002095803618431,0,0,3,3,4,3,2,2,1,1,1,1
3,10,13,0.0015508270589634776,0,0,3,3,4,1,2,3,1,1,1,1
3,10,14,0.004575334023684263,0,0,3,3,4,2,2,3,1,1,1,1
3,10,17,0.0032206738833338022,0,0,3,3,4,5,2,3,1,1,1,1
3,10,19,0.001418137107975781,0,0,3,3,4,1,2,4,1,1,1,1
3,10,21,0.0029205065220594406,0,0,3,3,4,3,2,4,1,1,1,1
3,10,22,1.0605853276501875e-05,0,0,3,3,4,4,2,4,1,1,1,1
3,10,23,0.0002093122311634943,0,0,3,3,4,5,2,4,1,1,1,1
3,10,27,0.004042087122797966,0,0,3,3,4,3,2,5,1,1,1,1
3,10,31,0.008596791885793209,0,0,3,4,4,1,2,1,1,1,1,1
3,10,33,0.7883181571960449,0,0,3,4,4,3,2,3,1,1,1,1
3,10,34,0.00048302888171747327,0,0,3,4,4,4,2,4,1,1,1,1
3,10,35,0.0001335325068794191,0,0,3,4,4,5,2,5,1,1,1,1
3,10,36,0.0047012437134981155,0,0,3,5,4,1,2,1,1,2,1,2
3,10,38,0.17177928984165192,0,0,3,5,4,3,2,3,1,2,1,2
3,10,41,0.001237676595337689,0,1,3,6,4,1,2,0,1,0,1,1
3,10,42,0.0006453287205658853,0,1,3,6,4,2,2,0,1,0,1,1
3,10,45,0.002055512275546789,0,1,3,6,4,5,2,0,1,0,1,1
3,11,0,0.01348169706761837,0,0,3,1,5,0,2,0,1,2,1,4
3,11,1,0.016036270186305046,0,0,3,3,5,1,2,1,1,1,1,1
3,11,5,0.038175471127033234,0,0,3,3,5,5,2,1,1,1,1,1
3,11,6,0.014705004170536995,0,0,3,3,5,6,2,1,1,1,1,1
3,11,7,0.006000802386552095,0,0,3,3,5,1,2,2,1,1,1,1
3,11,8,0.006690453737974167,0,0,3,3,5,2,2,2,1,1,1,1
3,11,9,0.014978418126702309,0,0,3,3,5,3,2,2,1,1,1,1
3,11,13,0.018813926726579666,0,0,3,3,5,1,2,3,1,1,1,1
3,11,14,0.10973410308361053,0,0,3,3,5,2,2,3,1,1,1,1
3,11,17,0.04514487087726593,0,0,3,3,5,5,2,3,1,1,1,1
3,11,19,0.010839682072401047,0,0,3,3,5,1,2,4,1,1,1,1
3,11,21,0.025012070313096046,0,0,3,3,5,3,2,4,1,1,1,1
3,11,22,0.0039859339594841,0,0,3,3,5,4,2,4,1,1,1,1
3,11,23,0.01348793227225542,0,0,3,3,5,5,2,4,1,1,1,1
3,11,27,0.05775710567831993,0,0,3,3,5,3,2,5,1,1,1,1
3,11,31,0.016839705407619476,0,0,3,4,5,1,2,1,1,1,1,1
3,11,33,0.055421967059373856,0,0,3,4,5,3,2,3,1,1,1,1
3,11,34,0.002031298354268074,0,0,3,4,5,4,2,4,1,1,1,1
3,11,35,0.009483272209763527,0,0,3,4,5,5,2,5,1,1,1,1
3,11,36,0.03470515087246895,0,0,3,5,5,1,2,1,1,2,1,2
3,11,38,0.050286971032619476,0,0,3,5,5,3,2,3,1,2,1,2
3,11,41,0.06471079587936401,0,1,3,6,5,1,2,0,1,0,1,1
3,11,42,0.15418535470962524,0,1,3,6,5,2,2,0,1,0,1,1
3,11,45,0.21749189496040344,0,1,3,6,5,5,2,0,1,0,1,1
3,12,0,0.023621903732419014,0,0,3,1,6,0,2,0,1,2,1,4
3,12,1,0.05546120926737785,0,0,3,3,6,1,2,1,1,1,1,1
3,12,5,0.14305658638477325,0,0,3,3,6,5,2,1,1,1,1,1
3,12,6,0.04813521355390549,0,0,3,3,6,6,2,1,1,1,1,1
3,12,7,0.019041094928979874,0,0,3,3,6,1,2,2,1,1,1,1
3,12,8,0.020328758284449577,0,0,3,3,6,2,2,2,1,1,1,1
3,12,9,0.039471570402383804,0,0,3,3,6,3,2,2,1,1,1,1
3,12,13,0.018420588225126266,0,0,3,3,6,1,2,3,1,1,1,1
3,12,14,0.0418851412832737,0,0,3,3,6,2,2,3,1,1,1,1
3,12,17,0.04553738608956337,0,0,3,3,6,5,2,3,1,1,1,1
3,12,19,0.009784398600459099,0,0,3,3,6,1,2,4,1,1,1,1
3,12,21,0.01012001559138298,0,0,3,3,6,3,2,4,1,1,1,1
3,12,22,0.009963971562683582,0,0,3,3,6,4,2,4,1,1,1,1
3,12,23,0.008923599496483803,0,0,3,3,6,5,2,4,1,1,1,1
3,12,27,0.057408154010772705,0,0,3,3,6,3,2,5,1,1,1,1
3,12,31,0.039033740758895874,0,0,3,4,6,1,2,1,1,1,1,1
3,12,33,0.020168712362647057,0,0,3,4,6,3,2,3,1,1,1,1
3,12,34,0.0032470521982759237,0,0,3,4,6,4,2,4,1,1,1,1
3,12,35,0.011100098490715027,0,0,3,4,6,5,2,5,1,1,1,1
3,12,36,0.06773936003446579,0,0,3,5,6,1,2,1,1,2,1,2
3,12,38,0.02627018466591835,0,0,3,5,6,3,2,3,1,2,1,2
3,12,41,0.04213382303714752,0,1,3,6,6,1,2,0,1,0,1,1
3,12,42,0.09910038113594055,0,1,3,6,6,2,2,0,1,0,1,1
3,12,45,0.1400468796491623,0,1,3,6,6,5,2,0,1,0,1,1
3,15,0,0.0036035936791449785,0,0,3,1,3,0,3,0,1,2,1,4
3,15,1,0.0006712509784847498,0,0,3,3,3,1,3,1,1,1,1,1
3,15,5,0.0003458589781075716,0,0,3,3,3,5,3,1,1,1,1,1
3,15,6,0.0009423543233424425,0,0,3,3,3,6,3,1,1,1,1,1
3,15,7,0.0001323948090430349,0,0,3,3,3,1,3,2,1,1,1,1
3,15,8,5.8796711527975276e-05,0,0,3,3,3,2,3,2,1,1,1,1
3,15,9,8.94860495463945e-05,0,0,3,3,3,3,3,2,1,1,1,1
3,15,13,3.336476220283657e-05,0,0,3,3,3,1,3,3,1,1,1,1
3,15,14,0.00017279110033996403,0,0,3,3,3,2,3,3,1,1,1,1
3,15,17,0.0001337735156994313,0,0,3,3,3,5,3,3,1,1,1,1
3,15,19,2.9035474653937854e-05,0,0,3,3,3,1,3,4,1,1,1,1
3,15,21,0.00022231467301025987,0,0,3,3,3,3,3,4,1,1,1,1
3,15,22,0.000616200384683907,0,0,3,3,3,4,3,4,1,1,1,1
3,15,23,0.0001027401740429923,0,0,3,3,3,5,3,4,1,1,1,1
3,15,27,0.00022679840913042426,0,0,3,3,3,3,3,5,1,1,1,1
3,15,31,0.0001740165607770905,0,0,3,4,3,1,3,1,1,1,1,1
3,15,33,0.00025590253062546253,0,0,3,4,3,3,3,3,1,1,1,1
3,15,34,0.00013753052917309105,0,0,3,4,3,4,3,4,1,1,1,1
3,15,35,4.693998926086351e-05,0,0,3,4,3,5,3,5,1,1,1,1
3,15,36,0.00031831723754294217,0,0,3,5,3,1,3,1,1,2,1,2
3,15,38,0.0007460375200025737,0,0,3,5,3,3,3,3,1,2,1,2
3,15,41,0.13731646537780762,0,1,3,6,3,1,3,0,1,0,1,1
3,15,42,0.586594820022583,0,1,3,6,3,2,3,0,1,0,1,1
3,15,45,0.2670290470123291,0,1,3,6,3,5,3,0,1,0,1,1
3,16,0,0.0001663459843257442,0,0,3,1,4,0,3,0,1,2,1,4
3,16,1,0.0003983756178058684,0,0,3,3,4,1,3,1,1,1,1,1
3,16,5,8.081573469098657e-05,0,0,3,3,4,5,3,1,1,1,1,1
3,16,6,0.00025888613890856504,0,0,3,3,4,6,3,1,1,1,1,1
3,16,7,0.001029066159389913,0,0,3,3,4,1,3,2,1,1,1,1
3,16,8,0.00015315906784962863,0,0,3,3,4,2,3,2,1,1,1,1
3,16,9,0.00200982135720551,0,0,3,3,4,3,3,2,1,1,1,1
3,16,13,0.0009188036201521754,0,0,3,3,4,1,3,3,1,1,1,1
3,16,14,0.0068886373192071915,0,0,3,3,4,2,3,3,1,1,1,1
3,16,17,0.0009027095511555672,0,0,3,3,4,5,3,3,1,1,1,1
3,16,19,0.0003523568157106638,0,0,3,3,4,1,3,4,1,1,1,1
3,16,21,0.001794958719983697,0,0,3,3,4,3,3,4,1,1,1,1
3,16,22,7.256592198245926e-06,0,0,3,3,4,4,3,4,1,1,1,1
3,16,23,5.338826304068789e-05,0,0,3,3,4,5,3,4,1,1,1,1
3,16,27,0.007162409368902445,0,0,3,3,4,3,3,5,1,1,1,1
3,16,31,0.01722126640379429,0,0,3,4,4,1,3,1,1,1,1,1
3,16,33,0.9082498550415039,0,0,3,4,4,3,3,3,1,1,1,1
3,16,34,0.00013153543113730848,0,0,3,4,4,4,3,4,1,1,1,1
3,16,35,7.729134085820988e-05,0,0,3,4,4,5,3,5,1,1,1,1
3,16,36,0.0012317447690293193,0,0,3,5,4,1,3,1,1,2,1,2
3,16,38,0.04370012506842613,0,0,3,5,4,3,3,3,1,2,1,2
3,16,41,0.0029626775067299604,0,1,3,6,4,1,3,0,1,0,1,1
3,16,42,0.0016513351583853364,0,1,3,6,4,2,3,0,1,0,1,1
3,16,45,0.0025970579590648413,0,1,3,6,4,5,3,0,1,0,1,1
3,18,0,0.041515007615089417,0,0,3,1,6,0,3,0,1,2,1,4
3,18,1,0.017794519662857056,0,0,3,3,6,1,3,1,1,1,1,1
3,18,5,0.1430031955242157,0,0,3,3,6,5,3,1,1,1,1,1
3,18,6,0.0154335405677557,0,0,3,3,6,6,3,1,1,1,1,1
3,18,7,0.003024894976988435,0,0,3,3,6,1,3,2,1,1,1,1
3,18,8,0.010378865525126457,0,0,3,3,6,2,3,2,1,1,1,1
3,18,9,0.005032888147979975,0,0,3,3,6,3,3,2,1,1,1,1
3,18,13,0.014829268679022789,0,0,3,3,6,1,3,3,1,1,1,1
3,18,14,0.031846776604652405,0,0,3,3,6,2,3,3,1,1,1,1
3,18,17,0.04621325060725212,0,0,3,3,6,5,3,3,1,1,1,1
3,18,19,0.005435042083263397,0,0,3,3,6,1,3,4,1,1,1,1
3,18,21,0.004635300487279892,0,0,3,3,6,3,3,4,1,1,1,1
3,18,22,0.008367198519408703,0,0,3,3,6,4,3,4,1,1,1,1
3,18,23,0.010871578007936478,0,0,3,3,6,5,3,4,1,1,1,1
3,18,27,0.030084267258644104,0,0,3,3,6,3,3,5,1,1,1,1
3,18,31,0.015790008008480072,0,0,3,4,6,1,3,1,1,1,1,1
3,18,33,0.013702326454222202,0,0,3,4,6,3,3,3,1,1,1,1
3,18,34,0.0015997658483684063,0,0,3,4,6,4,3,4,1,1,1,1
3,18,35,0.011644839309155941,0,0,3,4,6,5,3,5,1,1,1,1
3,18,36,0.05270662531256676,0,0,3,5,6,1,3,1,1,2,1,2
3,18,38,0.021266823634505272,0,0,3,5,6,3,3,3,1,2,1,2
3,18,41,0.0225631482899189,0,1,3,6,6,1,3,0,1,0,1,1
3,18,42,0.19297467172145844,0,1,3,6,6,2,3,0,1,0,1,1
3,18,45,0.27928626537323,0,1,3,6,6,5,3,0,1,0,1,1
3,20,0,0.018212605267763138,0,0,3,1,2,0,4,0,1,2,1,4
3,20,1,0.006645792629569769,0,0,3,3,2,1,4,1,1,1,1,1
3,20,5,0.01672627404332161,0,0,3,3,2,5,4,1,1,1,1,1
3,20,6,0.009039394557476044,0,0,3,3,2,6,4,1,1,1,1,1
3,20,7,0.012437633238732815,0,0,3,3,2,1,4,2,1,1,1,1
3,20,8,0.017016245052218437,0,0,3,3,2,2,4,2,1,1,1,1
3,20,9,0.02132062427699566,0,0,3,3,2,3,4,2,1,1,1,1
3,20,13,0.04035569727420807,0,0,3,3,2,1,4,3,1,1,1,1
3,20,14,0.062164876610040665,0,0,3,3,2,2,4,3,1,1,1,1
3,20,17,0.041051097214221954,0,0,3,3,2,5,4,3,1,1,1,1
3,20,19,0.00984912645071745,0,0,3,3,2,1,4,4,1,1,1,1
3,20,21,0.00876043550670147,0,0,3,3,2,3,4,4,1,1,1,1
3,20,22,0.0027257923502475023,0,0,3,3,2,4,4,4,1,1,1,1
3,20,23,0.0017635630210861564,0,0,3,3,2,5,4,4,1,1,1,1
3,20,27,0.06242396682500839,0,0,3,3,2,3,4,5,1,1,1,1
3,20,31,0.23565803468227386,0,0,3,4,2,1,4,1,1,1,1,1
3,20,33,0.34295010566711426,0,0,3,4,2,3,4,3,1,1,1,1
3,20,34,0.003349380102008581,0,0,3,4,2,4,4,4,1,1,1,1
3,20,35,0.009290576912462711,0,0,3,4,2,5,4,5,1,1,1,1
3,20,36,0.03207129240036011,0,0,3,5,2,1,4,1,1,2,1,2
3,20,38,0.0381786935031414,0,0,3,5,2,3,4,3,1,2,1,2
3,20,41,0.001140240696258843,0,1,3,6,2,1,4,0,1,0,1,1
3,20,42,0.002643610816448927,0,1,3,6,2,2,4,0,1,0,1,1
3,20,45,0.004224979784339666,0,1,3,6,2,5,4,0,1,0,1,1
3,24,0,0.0015617223689332604,0,0,3,1,6,0,4,0,1,2,1,4
3,24,1,0.004267952870577574,0,0,3,3,6,1,4,1,1,1,1,1
3,24,5,0.005568469408899546,0,0,3,3,6,5,4,1,1,1,1,1
3,24,6,0.004693718161433935,0,0,3,3,6,6,4,1,1,1,1,1
3,24,7,0.0020034818444401026,0,0,3,3,6,1,4,2,1,1,1,1
3,24,8,0.0016737519763410091,0,0,3,3,6,2,4,2,1,1,1,1
3,24,9,0.02540827915072441,0,0,3,3,6,3,4,2,1,1,1,1
3,24,13,0.0036186943762004375,0,0,3,3,6,1,4,3,1,1,1,1
3,24,14,0.030494941398501396,0,0,3,3,6,2,4,3,1,1,1,1
3,24,17,0.01619573123753071,0,0,3,3,6,5,4,3,1,1,1,1
3,24,19,0.012484223581850529,0,0,3,3,6,1,4,4,1,1,1,1
3,24,21,0.015439026989042759,0,0,3,3,6,3,4,4,1,1,1,1
3,24,22,0.001100541790947318,0,0,3,3,6,4,4,4,1,1,1,1
3,24,23,0.007762644439935684,0,0,3,3,6,5,4,4,1,1,1,1
3,24,27,0.10217869281768799,0,0,3,3,6,3,4,5,1,1,1,1
3,24,31,0.01884942315518856,0,0,3,4,6,1,4,1,1,1,1,1
3,24,33,0.5428860187530518,0,0,3,4,6,3,4,3,1,1,1,1
3,24,34,0.00894157774746418,0,0,3,4,6,4,4,4,1,1,1,1
3,24,35,0.0033730173017829657,0,0,3,4,6,5,4,5,1,1,1,1
3,24,36,0.01657894067466259,0,0,3,5,6,1,4,1,1,2,1,2
3,24,38,0.16385933756828308,0,0,3,5,6,3,4,3,1,2,1,2
3,24,41,0.0009477109415456653,0,1,3,6,6,1,4,0,1,0,1,1
3,24,42,0.0011680764146149158,0,1,3,6,6,2,4,0,1,0,1,1
3,24,45,0.00894433818757534,0,1,3,6,6,5,4,0,1,0,1,1
3,25,0,0.02269003912806511,0,0,3,1,1,0,5,0,1,2,1,4
3,25,1,0.01832377165555954,0,0,3,3,1,1,5,1,1,1,1,1
3,25,5,0.3540276885032654,0,0,3,3,1,5,5,1,1,1,1,1
3,25,6,0.09834032505750656,0,0,3,3,1,6,5,1,1,1,1,1
3,25,7,0.039454758167266846,0,0,3,3,1,1,5,2,1,1,1,1
3,25,8,0.07128065824508667,0,0,3,3,1,2,5,2,1,1,1,1
3,25,9,0.046299733221530914,0,0,3,3,1,3,5,2,1,1,1,1
3,25,13,0.01046015415340662,0,0,3,3,1,1,5,3,1,1,1,1
3,25,14,0.04765157401561737,0,0,3,3,1,2,5,3,1,1,1,1
3,25,17,0.10242189466953278,0,0,3,3,1,5,5,3,1,1,1,1
3,25,19,0.003051147796213627,0,0,3,3,1,1,5,4,1,1,1,1
3,25,21,0.0019947336986660957,0,0,3,3,1,3,5,4,1,1,1,1
3,25,22,0.00617661839351058,0,0,3,3,1,4,5,4,1,1,1,1
3,25,23,0.001282258308492601,0,0,3,3,1,5,5,4,1,1,1,1
3,25,27,0.035423681139945984,0,0,3,3,1,3,5,5,1,1,1,1
3,25,31,0.0875922292470932,0,0,3,4,1,1,5,1,1,1,1,1
3,25,33,0.009710724465548992,0,0,3,4,1,3,5,3,1,1,1,1
3,25,34,0.0020434875041246414,0,0,3,4,1,4,5,4,1,1,1,1
3,25,35,0.014238230884075165,0,0,3,4,1,5,5,5,1,1,1,1
3,25,36,0.01892409287393093,0,0,3,5,1,1,5,1,1,2,1,2
3,25,38,0.0013404851779341698,0,0,3,5,1,3,5,3,1,2,1,2
3,25,41,0.000327515066601336,0,1,3,6,1,1,5,0,1,0,1,1
3,25,42,0.0022666777949780226,0,1,3,6,1,2,5,0,1,0,1,1
3,25,45,0.004677494056522846,0,1,3,6,1,5,5,0,1,0,1,1
3,26,0,0.06868518143892288,0,0,3,1,2,0,5,0,1,2,1,4
3,26,1,0.013779100961983204,0,0,3,3,2,1,5,1,1,1,1,1
3,26,5,0.04641977697610855,0,0,3,3,2,5,5,1,1,1,1,1
3,26,6,0.017084145918488503,0,0,3,3,2,6,5,1,1,1,1,1
3,26,7,0.0026348205283284187,0,0,3,3,2,1,5,2,1,1,1,1
3,26,8,0.01630028896033764,0,0,3,3,2,2,5,2,1,1,1,1
3,26,9,0.006030173506587744,0,0,3,3,2,3,5,2,1,1,1,1
3,26,13,0.0043409401550889015,0,0,3,3,2,1,5,3,1,1,1,1
3,26,14,0.013913549482822418,0,0,3,3,2,2,5,3,1,1,1,1
3,26,17,0.008208689279854298,0,0,3,3,2,5,5,3,1,1,1,1
3,26,19,0.0005482639535330236,0,0,3,3,2,1,5,4,1,1,1,1
3,26,21,0.0016751255607232451,0,0,3,3,2,3,5,4,1,1,1,1
3,26,22,0.012539135292172432,0,0,3,3,2,4,5,4,1,1,1,1
3,26,23,0.001515932846814394,0,0,3,3,2,5,5,4,1,1,1,1
3,26,27,0.006831414066255093,0,0,3,3,2,3,5,5,1,1,1,1
3,26,31,0.006031151860952377,0,0,3,4,2,1,5,1,1,1,1,1
3,26,33,0.0034187198616564274,0,0,3,4,2,3,5,3,1,1,1,1
3,26,34,0.0013768459903076291,0,0,3,4,2,4,5,4,1,1,1,1
3,26,35,0.0021974537521600723,0,0,3,4,2,5,5,5,1,1,1,1
3,26,36,0.010128066875040531,0,0,3,5,2,1,5,1,1,2,1,2
3,26,38,0.0119674913585186,0,0,3,5,2,3,5,3,1,2,1,2
3,26,41,0.019257662817835808,0,1,3,6,2,1,5,0,1,0,1,1
3,26,42,0.5346153974533081,0,1,3,6,2,2,5,0,1,0,1,1
3,26,45,0.19050073623657227,0,1,3,6,2,5,5,0,1,0,1,1
3,28,0,0.00012720629456453025,0,0,3,1,4,0,5,0,1,2,1,4
3,28,1,0.0013054731534793973,0,0,3,3,4,1,5,1,1,1,1,1
3,28,5,0.0008658589795231819,0,0,3,3,4,5,5,1,1,1,1,1
3,28,6,0.0007019763579592109,0,0,3,3,4,6,5,1,1,1,1,1
3,28,7,0.0028332406654953957,0,0,3,3,4,1,5,2,1,1,1,1
3,28,8,0.001127896481193602,0,0,3,3,4,2,5,2,1,1,1,1
3,28,9,0.007043587043881416,0,0,3,3,4,3,5,2,1,1,1,1
3,28,13,0.0062657855451107025,0,0,3,3,4,1,5,3,1,1,1,1
3,28,14,0.044261980801820755,0,0,3,3,4,2,5,3,1,1,1,1
3,28,17,0.010816849768161774,0,0,3,3,4,5,5,3,1,1,1,1
3,28,19,0.00328607065603137,0,0,3,3,4,1,5,4,1,1,1,1
3,28,21,0.007191997487097979,0,0,3,3,4,3,5,4,1,1,1,1
3,28,22,5.5400392739102244e-05,0,0,3,3,4,4,5,4,1,1,1,1
3,28,23,0.00047062107478268445,0,0,3,3,4,5,5,4,1,1,1,1
3,28,27,0.022460097447037697,0,0,3,3,4,3,5,5,1,1,1,1
3,28,31,0.011302751488983631,0,0,3,4,4,1,5,1,1,1,1,1
3,28,33,0.8088525533676147,0,0,3,4,4,3,5,3,1,1,1,1
3,28,34,0.00028298425604589283,0,0,3,4,4,4,5,4,1,1,1,1
3,28,35,0.0004544054390862584,0,0,3,4,4,5,5,5,1,1,1,1
3,28,36,0.0010702147847041488,0,0,3,5,4,1,5,1,1,2,1,2
3,28,38,0.01618078537285328,0,0,3,5,4,3,5,3,1,2,1,2
3,28,41,0.013134368695318699,0,1,3,6,4,1,5,0,1,0,1,1
3,28,42,0.015369118191301823,0,1,3,6,4,2,5,0,1,0,1,1
3,28,45,0.024538878351449966,0,1,3,6,4,5,5,0,1,0,1,1
3,29,0,0.015933653339743614,0,0,3,1,5,0,5,0,1,2,1,4
3,29,1,0.026200972497463226,0,0,3,3,5,1,5,1,1,1,1,1
3,29,5,0.08396382629871368,0,0,3,3,5,5,5,1,1,1,1,1
3,29,6,0.023007648065686226,0,0,3,3,5,6,5,1,1,1,1,1
3,29,7,0.013276983052492142,0,0,3,3,5,1,5,2,1,1,1,1
3,29,8,0.02076181396842003,0,0,3,3,5,2,5,2,1,1,1,1
3,29,9,0.024112476035952568,0,0,3,3,5,3,5,2,1,1,1,1
3,29,13,0.026517892256379128,0,0,3,3,5,1,5,3,1,1,1,1
3,29,14,0.0865115374326706,0,0,3,3,5,2,5,3,1,1,1,1
3,29,17,0.04947533831000328,0,0,3,3,5,5,5,3,1,1,1,1
3,29,19,0.007666566874831915,0,0,3,3,5,1,5,4,1,1,1,1
3,29,21,0.01120846625417471,0,0,3,3,5,3,5,4,1,1,1,1
3,29,22,0.0056593939661979675,0,0,3,3,5,4,5,4,1,1,1,1
3,29,23,0.006518032401800156,0,0,3,3,5,5,5,4,1,1,1,1
3,29,27,0.05590508133172989,0,0,3,3,5,3,5,5,1,1,1,1
3,29,31,0.0271252803504467,0,0,3,4,5,1,5,1,1,1,1,1
3,29,33,0.07970892637968063,0,0,3,4,5,3,5,3,1,1,1,1
3,29,34,0.003430059412494302,0,0,3,4,5,4,5,4,1,1,1,1
3,29,35,0.011696450412273407,0,0,3,4,5,5,5,5,1,1,1,1
3,29,36,0.028967348858714104,0,0,3,5,5,1,5,1,1,2,1,2
3,29,38,0.0418546162545681,0,0,3,5,5,3,5,3,1,2,1,2
3,29,41,0.03175044432282448,0,1,3,6,5,1,5,0,1,0,1,1
3,29,42,0.11886455118656158,0,1,3,6,5,2,5,0,1,0,1,1
3,29,45,0.19988253712654114,0,1,3,6,5,5,5,0,1,0,1,1
3,30,0,0.14085379242897034,0,0,3,1,6,0,5,0,1,2,1,4
3,30,1,0.022517429664731026,0,0,3,3,6,1,5,1,1,1,1,1
3,30,5,0.5444608330726624,0,0,3,3,6,5,5,1,1,1,1,1
3,30,6,0.04832879453897476,0,0,3,3,6,6,5,1,1,1,1,1
3,30,7,0.0017396141774952412,0,0,3,3,6,1,5,2,1,1,1,1
3,30,8,0.0030475561507046223,0,0,3,3,6,2,5,2,1,1,1,1
3,30,9,0.001508302055299282,0,0,3,3,6,3,5,2,1,1,1,1
3,30,13,0.0008029822492972016,0,0,3,3,6,1,5,3,1,1,1,1
3,30,14,0.0005069869803264737,0,0,3,3,6,2,5,3,1,1,1,1
3,30,17,0.005872530397027731,0,0,3,3,6,5,5,3,1,1,1,1
3,30,19,0.0007068541599437594,0,0,3,3,6,1,5,4,1,1,1,1
3,30,21,0.00043077932787127793,0,0,3,3,6,3,5,4,1,1,1,1
3,30,22,0.05763208866119385,0,0,3,3,6,4,5,4,1,1,1,1
3,30,23,0.0041494001634418964,0,0,3,3,6,5,5,4,1,1,1,1
3,30,27,0.005310718435794115,0,0,3,3,6,3,5,5,1,1,1,1
3,30,31,0.00354072917252779,0,0,3,4,6,1,5,1,1,1,1,1
3,30,33,4.4001884816680104e-05,0,0,3,4,6,3,5,3,1,1,1,1
3,30,34,0.0014211590168997645,0,0,3,4,6,4,5,4,1,1,1,1
3,30,35,0.024434281513094902,0,0,3,4,6,5,5,5,1,1,1,1
3,30,36,0.028150390833616257,0,0,3,5,6,1,5,1,1,2,1,2
3,30,38,0.0002890034520532936,0,0,3,5,6,3,5,3,1,2,1,2
3,30,41,0.009240414947271347,0,1,3,6,6,1,5,0,1,0,1,1
3,30,42,0.015559115447103977,0,1,3,6,6,2,5,0,1,0,1,1
3,30,45,0.07945259660482407,0,1,3,6,6,5,5,0,1,0,1,1
3,32,0,0.0070800925604999065,0,0,4,1,2,0,2,0,1,2,1,4
3,32,1,0.0027109647635370493,0,0,4,3,2,1,2,1,1,1,1,1
3,32,5,0.0021296946797519922,0,0,4,3,2,5,2,1,1,1,1,1
3,32,6,0.0032578972168266773,0,0,4,3,2,6,2,1,1,1,1,1
3,32,7,0.0014533241046592593,0,0,4,3,2,1,2,2,1,1,1,1
3,32,8,0.014284712262451649,0,0,4,3,2,2,2,2,1,1,1,1
3,32,9,0.005140994675457478,0,0,4,3,2,3,2,2,1,1,1,1
3,32,13,0.0028231951873749495,0,0,4,3,2,1,2,3,1,1,1,1
3,32,14,0.057318899780511856,0,0,4,3,2,2,2,3,1,1,1,1
3,32,17,0.007332029286772013,0,0,4,3,2,5,2,3,1,1,1,1
3,32,19,0.001070209196768701,0,0,4,3,2,1,2,4,1,1,1,1
3,32,21,0.005209712311625481,0,0,4,3,2,3,2,4,1,1,1,1
3,32,22,0.009506495669484138,0,0,4,3,2,4,2,4,1,1,1,1
3,32,23,0.002310391515493393,0,0,4,3,2,5,2,4,1,1,1,1
3,32,27,0.0023434096947312355,0,0,4,3,2,3,2,5,1,1,1,1
3,32,31,0.0008976836106739938,0,0,4,4,2,1,2,1,1,1,1,1
3,32,33,0.006095977034419775,0,0,4,4,2,3,2,3,1,1,1,1
3,32,34,0.005410118959844112,0,0,4,4,2,4,2,4,1,1,1,1
3,32,35,0.0007276705000549555,0,0,4,4,2,5,2,5,1,1,1,1
3,32,36,0.0005820654914714396,0,0,4,5,2,1,2,1,1,2,1,2
3,32,38,0.00975547544658184,0,0,4,5,2,3,2,3,1,2,1,2
3,32,41,0.0046739052049815655,0,1,4,6,2,1,2,0,1,0,1,1
3,32,42,0.7852186560630798,0,1,4,6,2,2,2,0,1,0,1,1
3,32,45,0.06266625225543976,0,1,4,6,2,5,2,0,1,0,1,1
3,37,0,0.0003057141730096191,0,0,5,1,2,0,2,0,2,2,2,4
3,37,1,0.003973387647420168,0,0,5,3,2,1,2,1,2,1,2,1
3,37,5,0.001538510201498866,0,0,5,3,2,5,2,1,2,1,2,1
3,37,6,0.0026297741569578648,0,0,5,3,2,6,2,1,2,1,2,1
3,37,7,0.0048514422960579395,0,0,5,3,2,1,2,2,2,1,2,1
3,37,8,0.07597095519304276,0,0,5,3,2,2,2,2,2,1,2,1
3,37,9,0.16158193349838257,0,0,5,3,2,3,2,2,2,1,2,1
3,37,13,0.03584035858511925,0,0,5,3,2,1,2,3,2,1,2,1
3,37,14,0.3685477375984192,0,0,5,3,2,2,2,3,2,1,2,1
3,37,17,0.032625701278448105,0,0,5,3,2,5,2,3,2,1,2,1
3,37,19,0.023290930315852165,0,0,5,3,2,1,2,4,2,1,2,1
3,37,21,0.02953323908150196,0,0,5,3,2,3,2,4,2,1,2,1
3,37,22,0.005283936858177185,0,0,5,3,2,4,2,4,2,1,2,1
3,37,23,0.008853149600327015,0,0,5,3,2,5,2,4,2,1,2,1
3,37,27,0.015669159591197968,0,0,5,3,2,3,2,5,2,1,2,1
3,37,31,0.0019233915954828262,0,0,5,4,2,1,2,1,2,1,2,1
3,37,33,0.11182815581560135,0,0,5,4,2,3,2,3,2,1,2,1
3,37,34,0.01783912442624569,0,0,5,4,2,4,2,4,2,1,2,1
3,37,35,0.0009225931135006249,0,0,5,4,2,5,2,5,2,1,2,1
3,37,36,0.0012539270101115108,0,0,5,5,2,1,2,1,2,2,2,2
3,37,38,0.08484584838151932,0,0,5,5,2,3,2,3,2,2,2,2
3,37,41,0.00015620295016560704,0,1,5,6,2,1,2,0,2,0,2,1
3,37,42,0.009135054424405098,0,1,5,6,2,2,2,0,2,0,2,1
3,37,45,0.0015993674751371145,0,1,5,6,2,5,2,0,2,0,2,1
3,39,0,3.7716051792813232e-06,0,0,5,1,4,0,4,0,2,2,2,4
3,39,1,5.220843377173878e-05,0,0,5,3,4,1,4,1,2,1,2,1
3,39,5,6.521211162180407e-06,0,0,5,3,4,5,4,1,2,1,2,1
3,39,6,7.08351144567132e-05,0,0,5,3,4,6,4,1,2,1,2,1
3,39,7,0.00018651231948751956,0,0,5,3,4,1,4,2,2,1,2,1
3,39,8,4.061395156895742e-05,0,0,5,3,4,2,4,2,2,1,2,1
3,39,9,0.0043172286823391914,0,0,5,3,4,3,4,2,2,1,2,1
3,39,13,0.00035108529846183956,0,0,5,3,4,1,4,3,2,1,2,1
3,39,14,0.0027746320702135563,0,0,5,3,4,2,4,3,2,1,2,1
3,39,17,0.0004689908819273114,0,0,5,3,4,5,4,3,2,1,2,1
3,39,19,0.0018465613247826695,0,0,5,3,4,1,4,4,2,1,2,1
3,39,21,0.003519709687680006,0,0,5,3,4,3,4,4,2,1,2,1
3,39,22,1.8740138330031186e-06,0,0,5,3,4,4,4,4,2,1,2,1
3,39,23,0.0002443417615722865,0,0,5,3,4,5,4,4,2,1,2,1
3,39,27,0.005175268277525902,0,0,5,3,4,3,4,5,2,1,2,1
3,39,31,0.0006731766043230891,0,0,5,4,4,1,4,1,2,1,2,1
3,39,33,0.9206563830375671,0,0,5,4,4,3,4,3,2,1,2,1
3,39,34,0.00010994449257850647,0,0,5,4,4,4,4,4,2,1,2,1
3,39,35,1.1947003258683253e-05,0,0,5,4,4,5,4,5,2,1,2,1
3,39,36,0.0003918992879334837,0,0,5,5,4,1,4,1,2,2,2,2
3,39,38,0.058762870728969574,0,0,5,5,4,3,4,3,2,2,2,2
3,39,41,0.00016180692182388157,0,1,5,6,4,1,4,0,2,0,2,1
3,39,42,2.661955659277737e-05,0,1,5,6,4,2,4,0,2,0,2,1
3,39,45,0.00014498704695142806,0,1,5,6,4,5,4,0,2,0,2,1
3,40,0,0.00012252443411853164,0,0,5,1,5,0,5,0,2,2,2,4
3,40,1,0.00624464638531208,0,0,5,3,5,1,5,1,2,1,2,1
3,40,5,0.004206761252135038,0,0,5,3,5,5,5,1,2,1,2,1
3,40,6,0.0032792866695672274,0,0,5,3,5,6,5,1,2,1,2,1
3,40,7,0.008131017908453941,0,0,5,3,5,1,5,2,2,1,2,1
3,40,8,0.04602612927556038,0,0,5,3,5,2,5,2,2,1,2,1
3,40,9,0.3310508131980896,0,0,5,3,5,3,5,2,2,1,2,1
3,40,13,0.018291478976607323,0,0,5,3,5,1,5,3,2,1,2,1
3,40,14,0.1301240473985672,0,0,5,3,5,2,5,3,2,1,2,1
3,40,17,0.01727939583361149,0,0,5,3,5,5,5,3,2,1,2,1
3,40,19,0.09430895745754242,0,0,5,3,5,1,5,4,2,1,2,1
3,40,21,0.05800468102097511,0,0,5,3,5,3,5,4,2,1,2,1
3,40,22,0.021759508177638054,0,0,5,3,5,4,5,4,2,1,2,1
3,40,23,0.03795187175273895,0,0,5,3,5,5,5,4,2,1,2,1
3,40,27,0.08368167281150818,0,0,5,3,5,3,5,5,2,1,2,1
3,40,31,0.0013123140670359135,0,0,5,4,5,1,5,1,2,1,2,1
3,40,33,0.06580539047718048,0,0,5,4,5,3,5,3,2,1,2,1
3,40,34,0.0575997531414032,0,0,5,4,5,4,5,4,2,1,2,1
3,40,35,0.005394744221121073,0,0,5,4,5,5,5,5,2,1,2,1
3,40,36,0.00023824781237635761,0,0,5,5,5,1,5,1,2,2,2,2
3,40,38,0.0052906121127307415,0,0,5,5,5,3,5,3,2,2,2,2
3,40,41,0.0005578186246566474,0,1,5,6,5,1,5,0,2,0,2,1
3,40,42,0.0015153532149270177,0,1,5,6,5,2,5,0,2,0,2,1
3,40,45,0.0018232950242236257,0,1,5,6,5,5,5,0,2,0,2,1
3,43,0,0.00245210574939847,1,0,6,1,3,0,0,0,0,2,1,4
3,43,1,0.0026610451750457287,1,0,6,3,3,1,0,1,0,1,1,1
3,43,5,0.0002514554944355041,1,0,6,3,3,5,0,1,0,1,1,1
3,43,6,0.0017906961729750037,1,0,6,3,3,6,0,1,0,1,1,1
3,43,7,0.0027025446761399508,1,0,6,3,3,1,0,2,0,1,1,1
3,43,8,8.860999514581636e-05,1,0,6,3,3,2,0,2,0,1,1,1
3,43,9,0.0005500539555214345,1,0,6,3,3,3,0,2,0,1,1,1
3,43,13,0.00021487091726157814,1,0,6,3,3,1,0,3,0,1,1,1
3,43,14,0.00013603761908598244,1,0,6,3,3,2,0,3,0,1,1,1
3,43,17,0.00046501815086230636,1,0,6,3,3,5,0,3,0,1,1,1
3,43,19,0.0006577243329957128,1,0,6,3,3,1,0,4,0,1,1,1
3,43,21,0.0024768924340605736,1,0,6,3,3,3,0,4,0,1,1,1
3,43,22,0.000797235406935215,1,0,6,3,3,4,0,4,0,1,1,1
3,43,23,0.00042479002149775624,1,0,6,3,3,5,0,4,0,1,1,1
3,43,27,0.0008909459575079381,1,0,6,3,3,3,0,5,0,1,1,1
3,43,31,0.004156004637479782,1,0,6,4,3,1,0,1,0,1,1,1
3,43,33,0.0035972625482827425,1,0,6,4,3,3,0,3,0,1,1,1
3,43,34,0.0011579700512811542,1,0,6,4,3,4,0,4,0,1,1,1
3,43,35,0.0007969992584548891,1,0,6,4,3,5,0,5,0,1,1,1
3,43,36,0.001162330387160182,1,0,6,5,3,1,0,1,0,2,1,2
3,43,38,0.0010605036513879895,1,0,6,5,3,3,0,3,0,2,1,2
3,43,41,0.8347958326339722,1,1,6,6,3,1,0,0,0,0,1,1
3,43,42,0.06272801756858826,1,1,6,6,3,2,0,0,0,0,1,1
3,43,45,0.07398471981287003,1,1,6,6,3,5,0,0,0,0,1,1
3,44,0,8.501359616275295e-07,1,0,6,1,4,0,0,0,0,2,1,4
3,44,1,3.243784885853529e-05,1,0,6,3,4,1,0,1,0,1,1,1
3,44,5,3.465301233518403e-06,1,0,6,3,4,5,0,1,0,1,1,1
3,44,6,1.2684500688919798e-05,1,0,6,3,4,6,0,1,0,1,1,1
3,44,7,0.00048379856161773205,1,0,6,3,4,1,0,2,0,1,1,1
3,44,8,1.7446402125642635e-05,1,0,6,3,4,2,0,2,0,1,1,1
3,44,9,0.00046225482947193086,1,0,6,3,4,3,0,2,0,1,1,1
3,44,13,0.0005815760232508183,1,0,6,3,4,1,0,3,0,1,1,1
3,44,14,0.0011552892392501235,1,0,6,3,4,2,0,3,0,1,1,1
3,44,17,0.0005370195140130818,1,0,6,3,4,5,0,3,0,1,1,1
3,44,19,0.0013476316817104816,1,0,6,3,4,1,0,4,0,1,1,1
3,44,21,0.001428513671271503,1,0,6,3,4,3,0,4,0,1,1,1
3,44,22,4.507322444169404e-07,1,0,6,3,4,4,0,4,0,1,1,1
3,44,23,2.581728585937526e-05,1,0,6,3,4,5,0,4,0,1,1,1
3,44,27,0.0015219355700537562,1,0,6,3,4,3,0,5,0,1,1,1
3,44,31,0.0040391008369624615,1,0,6,4,4,1,0,1,0,1,1,1
3,44,33,0.9846554398536682,1,0,6,4,4,3,0,3,0,1,1,1
3,44,34,5.839380537508987e-05,1,0,6,4,4,4,0,4,0,1,1,1
3,44,35,4.063175947521813e-05,1,0,6,4,4,5,0,5,0,1,1,1
3,44,36,9.372879867441952e-05,1,0,6,5,4,1,0,1,0,2,1,2
3,44,38,0.0031481455080211163,1,0,6,5,4,3,0,3,0,2,1,2
3,44,41,0.0002760746283456683,1,1,6,6,4,1,0,0,0,0,1,1
3,44,42,1.2368155694275629e-05,1,1,6,6,4,2,0,0,0,0,1,1
3,44,45,6.484612094936892e-05,1,1,6,6,4,5,0,0,0,0,1,1
3,46,0,0.008867673575878143,1,0,6,1,6,0,0,0,0,2,1,4
3,46,1,0.024769632145762444,1,0,6,3,6,1,0,1,0,1,1,1
3,46,5,0.06080981343984604,1,0,6,3,6,5,0,1,0,1,1,1
3,46,6,0.0319959931075573,1,0,6,3,6,6,0,1,0,1,1,1
3,46,7,0.035917382687330246,1,0,6,3,6,1,0,2,0,1,1,1
3,46,8,0.011321594938635826,1,0,6,3,6,2,0,2,0,1,1,1
3,46,9,0.0339798629283905,1,0,6,3,6,3,0,2,0,1,1,1
3,46,13,0.01825791969895363,1,0,6,3,6,1,0,3,0,1,1,1
3,46,14,0.03734534978866577,1,0,6,3,6,2,0,3,0,1,1,1
3,46,17,0.07717712968587875,1,0,6,3,6,5,0,3,0,1,1,1
3,46,19,0.06763631850481033,1,0,6,3,6,1,0,4,0,1,1,1
3,46,21,0.036912985146045685,1,0,6,3,6,3,0,4,0,1,1,1
3,46,22,0.005392872262746096,1,0,6,3,6,4,0,4,0,1,1,1
3,46,23,0.0471959225833416,1,0,6,3,6,5,0,4,0,1,1,1
3,46,27,0.11291758716106415,1,0,6,3,6,3,0,5,0,1,1,1
3,46,31,0.0778689756989479,1,0,6,4,6,1,0,1,0,1,1,1
3,46,33,0.126534566283226,1,0,6,4,6,3,0,3,0,1,1,1
3,46,34,0.01842540316283703,1,0,6,4,6,4,0,4,0,1,1,1
3,46,35,0.05728011205792427,1,0,6,4,6,5,0,5,0,1,1,1
3,46,36,0.04939461871981621,1,0,6,5,6,1,0,1,0,2,1,2
3,46,38,0.021392012014985085,1,0,6,5,6,3,0,3,0,2,1,2
3,46,41,0.014417794533073902,1,1,6,6,6,1,0,0,0,0,1,1
3,46,42,0.0037645541597157717,1,1,6,6,6,2,0,0,0,0,1,1
3,46,45,0.020423803478479385,1,1,6,6,6,5,0,0,0,0,1,1
3,47,0,0.007169804535806179,2,0,7,1,0,0,0,0,0,2,4,4
3,47,1,0.0003384840383660048,2,0,7,3,0,1,0,1,0,1,4,1
3,47,5,0.000536805484443903,2,0,7,3,0,5,0,1,0,1,4,1
3,47,6,0.0002729755942709744,2,0,7,3,0,6,0,1,0,1,4,1
3,47,7,2.70045184151968e-05,2,0,7,3,0,1,0,2,0,1,4,1
3,47,8,3.281348472228274e-05,2,0,7,3,0,2,0,2,0,1,4,1
3,47,9,1.45025906022056e-05,2,0,7,3,0,3,0,2,0,1,4,1
3,47,13,0.00011115874076494947,2,0,7,3,0,1,0,3,0,1,4,1
3,47,14,3.89114829886239e-05,2,0,7,3,0,2,0,3,0,1,4,1
3,47,17,0.00043467184877954423,2,0,7,3,0,5,0,3,0,1,4,1
3,47,19,0.0003685890987981111,2,0,7,3,0,1,0,4,0,1,4,1
3,47,21,0.0005205068737268448,2,0,7,3,0,3,0,4,0,1,4,1
3,47,22,0.009963490068912506,2,0,7,3,0,4,0,4,0,1,4,1
3,47,23,0.0026858276687562466,2,0,7,3,0,5,0,4,0,1,4,1
3,47,27,0.00020074957865290344,2,0,7,3,0,3,0,5,0,1,4,1
3,47,31,5.060245530330576e-05,2,0,7,4,0,1,0,1,0,1,4,1
3,47,33,0.00013208566815592349,2,0,7,4,0,3,0,3,0,1,4,1
3,47,34,0.0008321745553985238,2,0,7,4,0,4,0,4,0,1,4,1
3,47,35,0.0015096493298187852,2,0,7,4,0,5,0,5,0,1,4,1
3,47,36,0.00026014860486611724,2,0,7,5,0,1,0,1,0,2,4,2
3,47,38,0.0001521450321888551,2,0,7,5,0,3,0,3,0,2,4,2
3,47,41,0.16624128818511963,2,1,7,6,0,1,0,0,0,0,4,1
3,47,42,0.27379393577575684,2,1,7,6,0,2,0,0,0,0,4,1
3,47,45,0.534311830997467,2,1,7,6,0,5,0,0,0,0,4,1
4,0,1,0.0007540287915617228,0,0,1,3,0,1,0,1,2,1,4,1
4,0,4,9.240991494152695e-05,0,0,1,3,0,4,0,1,2,1,4,1
4,0,5,5.87959038966801e-06,0,0,1,3,0,5,0,1,2,1,4,1
4,0,6,6.02520776737947e-05,0,0,1,3,0,6,0,1,2,1,4,1
4,0,9,7.504401651203807e-07,0,0,1,3,0,3,0,2,2,1,4,1
4,0,10,5.9763497120002285e-06,0,0,1,3,0,4,0,2,2,1,4,1
4,0,12,2.0464916815399192e-05,0,0,1,3,0,6,0,2,2,1,4,1
4,0,15,3.2525069855182664e-06,0,0,1,3,0,3,0,3,2,1,4,1
4,0,18,0.00020308312377892435,0,0,1,3,0,6,0,3,2,1,4,1
4,0,21,1.2259422987881408e-07,0,0,1,3,0,3,0,4,2,1,4,1
4,0,23,1.2124278327974025e-06,0,0,1,3,0,5,0,4,2,1,4,1
4,0,24,0.00016096407489385456,0,0,1,3,0,6,0,4,2,1,4,1
4,0,25,0.00023376199533231556,0,0,1,3,0,1,0,5,2,1,4,1
4,0,28,2.326262620044872e-05,0,0,1,3,0,4,0,5,2,1,4,1
4,0,30,5.8260015066480264e-05,0,0,1,3,0,6,0,5,2,1,4,1
4,0,31,0.9765015244483948,0,0,1,4,0,1,0,1,2,1,4,1
4,0,34,0.0012569582322612405,0,0,1,4,0,4,0,4,2,1,4,1
4,0,35,0.00028003810439258814,0,0,1,4,0,5,0,5,2,1,4,1
4,0,36,0.020102892071008682,0,0,1,5,0,1,0,1,2,2,4,2
4,0,40,9.418189438292757e-05,0,0,1,5,0,5,0,5,2,2,4,2
4,0,42,4.672958311857656e-06,0,1,1,6,0,2,0,0,2,0,4,1
4,0,43,5.899233656236902e-06,0,1,1,6,0,3,0,0,2,0,4,1
4,0,46,0.00011745666415663436,0,1,1,6,0,6,0,0,2,0,4,1
4,0,47,1.268484083993826e-05,0,2,1,7,0,0,0,0,2,0,4,4
4,2,1,0.8281697630882263,0,0,3,3,2,1,1,1,1,1,1,1
4,2,4,0.010523770935833454,0,0,3,3,2,4,1,1,1,1,1,1
4,2,5,0.002730476902797818,0,0,3,3,2,5,1,1,1,1,1,1
4,2,6,0.016975149512290955,0,0,3,3,2,6,1,1,1,1,1,1
4,2,9,0.0020184617023915052,0,0,3,3,2,3,1,2,1,1,1,1
4,2,10,0.0027492314111441374,0,0,3,3,2,4,1,2,1,1,1,1
4,2,12,0.007577312644571066,0,0,3,3,2,6,1,2,1,1,1,1
4,2,15,0.001353257684968412,0,0,3,3,2,3,1,3,1,1,1,1
4,2,18,0.014120467007160187,0,0,3,3,2,6,1,3,1,1,1,1
4,2,21,0.0007727901684120297,0,0,3,3,2,3,1,4,1,1,1,1
4,2,23,0.00423472560942173,0,0,3,3,2,5,1,4,1,1,1,1
4,2,24,0.008424860425293446,0,0,3,3,2,6,1,4,1,1,1,1
4,2,25,0.057014890015125275,0,0,3,3,2,1,1,5,1,1,1,1
4,2,28,0.005679445806890726,0,0,3,3,2,4,1,5,1,1,1,1
4,2,30,0.0206789318472147,0,0,3,3,2,6,1,5,1,1,1,1
4,2,31,0.006096598692238331,0,0,3,4,2,1,1,1,1,1,1,1
4,2,34,0.0007462050998583436,0,0,3,4,2,4,1,4,1,1,1,1
4,2,35,0.00045619768206961453,0,0,3,4,2,5,1,5,1,1,1,1
4,2,36,0.008020333014428616,0,0,3,5,2,1,1,1,1,2,1,2
4,2,40,0.0014651730889454484,0,0,3,5,2,5,1,5,1,2,1,2
4,2,42,3.571377237676643e-05,0,1,3,6,2,2,1,0,1,0,1,1
4,2,43,4.0909380913944915e-05,0,1,3,6,2,3,1,0,1,0,1,1
4,2,46,0.00010365582420490682,0,1,3,6,2,6,1,0,1,0,1,1
4,2,47,1.1527276001288556e-05,0,2,3,7,2,0,1,0,1,0,1,4
4,3,1,0.21601270139217377,0,0,3,3,3,1,1,1,1,1,1,1
4,3,4,0.07139177620410919,0,0,3,3,3,4,1,1,1,1,1,1
4,3,5,0.01563839055597782,0,0,3,3,3,5,1,1,1,1,1,1
4,3,6,0.02290845848619938,0,0,3,3,3,6,1,1,1,1,1,1
4,3,9,0.031233204528689384,0,0,3,3,3,3,1,2,1,1,1,1
4,3,10,0.04631660878658295,0,0,3,3,3,4,1,2,1,1,1,1
4,3,12,0.08272629976272583,0,0,3,3,3,6,1,2,1,1,1,1
4,3,15,0.04377816244959831,0,0,3,3,3,3,1,3,1,1,1,1
4,3,18,0.07225891947746277,0,0,3,3,3,6,1,3,1,1,1,1
4,3,21,0.012486180290579796,0,0,3,3,3,3,1,4,1,1,1,1
4,3,23,0.01718166656792164,0,0,3,3,3,5,1,4,1,1,1,1
4,3,24,0.04582837596535683,0,0,3,3,3,6,1,4,1,1,1,1
4,3,25,0.106124147772789,0,0,3,3,3,1,1,5,1,1,1,1
4,3,28,0.04552760347723961,0,0,3,3,3,4,1,5,1,1,1,1
4,3,30,0.06392306089401245,0,0,3,3,3,6,1,5,1,1,1,1
4,3,31,0.0052801319397985935,0,0,3,4,3,1,1,1,1,1,1,1
4,3,34,0.007362638134509325,0,0,3,4,3,4,1,4,1,1,1,1
4,3,35,0.0036047527100890875,0,0,3,4,3,5,1,5,1,1,1,1
4,3,36,0.020660730078816414,0,0,3,5,3,1,1,1,1,2,1,2
4,3,40,0.03137383982539177,0,0,3,5,3,5,1,5,1,2,1,2
4,3,42,0.0026597909163683653,0,1,3,6,3,2,1,0,1,0,1,1
4,3,43,0.014541390351951122,0,1,3,6,3,3,1,0,1,0,1,1
4,3,46,0.021082555875182152,0,1,3,6,3,6,1,0,1,0,1,1
4,3,47,9.854972449829802e-05,0,2,3,7,3,0,1,0,1,0,1,4
4,7,1,0.5224668383598328,0,0,3,3,1,1,2,1,1,1,1,1
4,7,4,0.0704410970211029,0,0,3,3,1,4,2,1,1,1,1,1
4,7,5,0.0121119050309062,0,0,3,3,1,5,2,1,1,1,1,1
4,7,6,0.019866468384861946,0,0,3,3,1,6,2,1,1,1,1,1
4,7,9,0.008713305927813053,0,0,3,3,1,3,2,2,1,1,1,1
4,7,10,0.04520570859313011,0,0,3,3,1,4,2,2,1,1,1,1
4,7,12,0.03046232834458351,0,0,3,3,1,6,2,2,1,1,1,1
4,7,15,0.01172588486224413,0,0,3,3,1,3,2,3,1,1,1,1
4,7,18,0.056907638907432556,0,0,3,3,1,6,2,3,1,1,1,1
4,7,21,0.0019393585389479995,0,0,3,3,1,3,2,4,1,1,1,1
4,7,23,0.013068660162389278,0,0,3,3,1,5,2,4,1,1,1,1
4,7,24,0.03504270315170288,0,0,3,3,1,6,2,4,1,1,1,1
4,7,25,0.045763593167066574,0,0,3,3,1,1,2,5,1,1,1,1
4,7,28,0.04475301504135132,0,0,3,3,1,4,2,5,1,1,1,1
4,7,30,0.03349943086504936,0,0,3,3,1,6,2,5,1,1,1,1
4,7,31,0.013060486875474453,0,0,3,4,1,1,2,1,1,1,1,1
4,7,34,0.003050572006031871,0,0,3,4,1,4,2,4,1,1,1,1
4,7,35,0.0010098614729940891,0,0,3,4,1,5,2,5,1,1,1,1
4,7,36,0.006566544529050589,0,0,3,5,1,1,2,1,1,2,1,2
4,7,40,0.0019148561405017972,0,0,3,5,1,5,2,5,1,2,1,2
4,7,42,0.0024835935328155756,0,1,3,6,1,2,2,0,1,0,1,1
4,7,43,0.004736756905913353,0,1,3,6,1,3,2,0,1,0,1,1
4,7,46,0.015202022157609463,0,1,3,6,1,6,2,0,1,0,1,1
4,7,47,7.653718967048917e-06,0,2,3,7,1,0,2,0,1,0,1,4
4,8,1,0.29501035809516907,0,0,3,3,2,1,2,1,1,1,1,1
4,8,4,0.08394692093133926,0,0,3,3,2,4,2,1,1,1,1,1
4,8,5,0.011162807233631611,0,0,3,3,2,5,2,1,1,1,1,1
4,8,6,0.06114908307790756,0,0,3,3,2,6,2,1,1,1,1,1
4,8,9,0.012475291267037392,0,0,3,3,2,3,2,2,1,1,1,1
4,8,10,0.023354684934020042,0,0,3,3,2,4,2,2,1,1,1,1
4,8,12,0.04160794988274574,0,0,3,3,2,6,2,2,1,1,1,1
4,8,15,0.011390380561351776,0,0,3,3,2,3,2,3,1,1,1,1
4,8,18,0.08546873182058334,0,0,3,3,2,6,2,3,1,1,1,1
4,8,21,0.0033198269084095955,0,0,3,3,2,3,2,4,1,1,1,1
4,8,23,0.02025766298174858,0,0,3,3,2,5,2,4,1,1,1,1
4,8,24,0.08687295019626617,0,0,3,3,2,6,2,4,1,1,1,1
4,8,25,0.06384185701608658,0,0,3,3,2,1,2,5,1,1,1,1
4,8,28,0.02305939607322216,0,0,3,3,2,4,2,5,1,1,1,1
4,8,30,0.09214773774147034,0,0,3,3,2,6,2,5,1,1,1,1
4,8,31,0.0134215597063303,0,0,3,4,2,1,2,1,1,1,1,1
4,8,34,0.0065353382378816605,0,0,3,4,2,4,2,4,1,1,1,1
4,8,35,0.0009751941543072462,0,0,3,4,2,5,2,5,1,1,1,1
4,8,36,0.016918998211622238,0,0,3,5,2,1,2,1,1,2,1,2
4,8,40,0.007288931403309107,0,0,3,5,2,5,2,5,1,2,1,2
4,8,42,0.003066851757466793,0,1,3,6,2,2,2,0,1,0,1,1
4,8,43,0.006283805705606937,0,1,3,6,2,3,2,0,1,0,1,1
4,8,46,0.030347321182489395,0,1,3,6,2,6,2,0,1,0,1,1
4,8,47,9.640877397032455e-05,0,2,3,7,2,0,2,0,1,0,1,4
4,11,1,0.634247362613678,0,0,3,3,5,1,2,1,1,1,1,1
4,11,4,0.03708884119987488,0,0,3,3,5,4,2,1,1,1,1,1
4,11,5,0.004003893584012985,0,0,3,3,5,5,2,1,1,1,1,1
4,11,6,0.01597403921186924,0,0,3,3,5,6,2,1,1,1,1,1
4,11,9,0.0033861591946333647,0,0,3,3,5,3,2,2,1,1,1,1
4,11,10,0.03041563741862774,0,0,3,3,5,4,2,2,1,1,1,1
4,11,12,0.02562808245420456,0,0,3,3,5,6,2,2,1,1,1,1
4,11,15,0.01413639634847641,0,0,3,3,5,3,2,3,1,1,1,1
4,11,18,0.06520290672779083,0,0,3,3,5,6,2,3,1,1,1,1
4,11,21,0.0010439121397212148,0,0,3,3,5,3,2,4,1,1,1,1
4,11,23,0.015108576975762844,0,0,3,3,5,5,2,4,1,1,1,1
4,11,24,0.023535899817943573,0,0,3,3,5,6,2,4,1,1,1,1
4,11,25,0.04337283596396446,0,0,3,3,5,1,2,5,1,1,1,1
4,11,28,0.016015026718378067,0,0,3,3,5,4,2,5,1,1,1,1
4,11,30,0.021999778226017952,0,0,3,3,5,6,2,5,1,1,1,1
4,11,31,0.024128271266818047,0,0,3,4,5,1,2,1,1,1,1,1
4,11,34,0.0015651356661692262,0,0,3,4,5,4,2,4,1,1,1,1
4,11,35,0.0002347571135032922,0,0,3,4,5,5,2,5,1,1,1,1
4,11,36,0.004346634726971388,0,0,3,5,5,1,2,1,1,2,1,2
4,11,40,0.0002893232158385217,0,0,3,5,5,5,2,5,1,2,1,2
4,11,42,0.001454395824111998,0,1,3,6,5,2,2,0,1,0,1,1
4,11,43,0.0021533346734941006,0,1,3,6,5,3,2,0,1,0,1,1
4,11,46,0.014666493982076645,0,1,3,6,5,6,2,0,1,0,1,1
4,11,47,2.882239186874358e-06,0,2,3,7,5,0,2,0,1,0,1,4
4,13,1,0.49289846420288086,0,0,3,3,1,1,3,1,1,1,1,1
4,13,4,0.0407882034778595,0,0,3,3,1,4,3,1,1,1,1,1
4,13,5,0.011336509138345718,0,0,3,3,1,5,3,1,1,1,1,1
4,13,6,0.023238515481352806,0,0,3,3,1,6,3,1,1,1,1,1
4,13,9,0.01222474966198206,0,0,3,3,1,3,3,2,1,1,1,1
4,13,10,0.040444668382406235,0,0,3,3,1,4,3,2,1,1,1,1
4,13,12,0.03166915103793144,0,0,3,3,1,6,3,2,1,1,1,1
4,13,15,0.01779031567275524,0,0,3,3,1,3,3,3,1,1,1,1
4,13,18,0.08520451933145523,0,0,3,3,1,6,3,3,1,1,1,1
4,13,21,0.004258319735527039,0,0,3,3,1,3,3,4,1,1,1,1
4,13,23,0.018249642103910446,0,0,3,3,1,5,3,4,1,1,1,1
4,13,24,0.025343280285596848,0,0,3,3,1,6,3,4,1,1,1,1
4,13,25,0.07394047826528549,0,0,3,3,1,1,3,5,1,1,1,1
4,13,28,0.03976552188396454,0,0,3,3,1,4,3,5,1,1,1,1
4,13,30,0.03267792984843254,0,0,3,3,1,6,3,5,1,1,1,1
4,13,31,0.009077099151909351,0,0,3,4,1,1,3,1,1,1,1,1
4,13,34,0.0021002849098294973,0,0,3,4,1,4,3,4,1,1,1,1
4,13,35,0.000981967314146459,0,0,3,4,1,5,3,5,1,1,1,1
4,13,36,0.008156935684382915,0,0,3,5,1,1,3,1,1,2,1,2
4,13,40,0.0028301109559834003,0,0,3,5,1,5,3,5,1,2,1,2
4,13,42,0.0031544072553515434,0,1,3,6,1,2,3,0,1,0,1,1
4,13,43,0.006082747131586075,0,1,3,6,1,3,3,0,1,0,1,1
4,13,46,0.017766349017620087,0,1,3,6,1,6,3,0,1,0,1,1
4,13,47,2.0195304387016222e-05,0,2,3,7,1,0,3,0,1,0,1,4
4,14,1,0.9096221923828125,0,0,3,3,2,1,3,1,1,1,1,1
4,14,4,0.0015238733030855656,0,0,3,3,2,4,3,1,1,1,1,1
4,14,5,0.0015765554271638393,0,0,3,3,2,5,3,1,1,1,1,1
4,14,6,0.007281602825969458,0,0,3,3,2,6,3,1,1,1,1,1
4,14,9,0.0030422192066907883,0,0,3,3,2,3,3,2,1,1,1,1
4,14,10,0.0031550107523798943,0,0,3,3,2,4,3,2,1,1,1,1
4,14,12,0.006300964392721653,0,0,3,3,2,6,3,2,1,1,1,1
4,14,15,0.002453977009281516,0,0,3,3,2,3,3,3,1,1,1,1
4,14,18,0.017215441912412643,0,0,3,3,2,6,3,3,1,1,1,1
4,14,21,0.002024694113060832,0,0,3,3,2,3,3,4,1,1,1,1
4,14,23,0.007661566603928804,0,0,3,3,2,5,3,4,1,1,1,1
4,14,24,0.0008012324688024819,0,0,3,3,2,6,3,4,1,1,1,1
4,14,25,0.02937174215912819,0,0,3,3,2,1,3,5,1,1,1,1
4,14,28,0.002820381196215749,0,0,3,3,2,4,3,5,1,1,1,1
4,14,30,0.004683618433773518,0,0,3,3,2,6,3,5,1,1,1,1
4,14,31,5.2476574637694284e-05,0,0,3,4,2,1,3,1,1,1,1,1
4,14,34,1.3232165656518191e-05,0,0,3,4,2,4,3,4,1,1,1,1
4,14,35,3.4890010283561423e-05,0,0,3,4,2,5,3,5,1,1,1,1
4,14,36,0.00019665704166982323,0,0,3,5,2,1,3,1,1,2,1,2
4,14,40,0.0001478672056691721,0,0,3,5,2,5,3,5,1,2,1,2
4,14,42,4.565385552268708e-06,0,1,3,6,2,2,3,0,1,0,1,1
4,14,43,6.959212441870477e-06,0,1,3,6,2,3,3,0,1,0,1,1
4,14,46,7.952302439662162e-06,0,1,3,6,2,6,3,0,1,0,1,1
4,14,47,6.208792910911143e-07,0,2,3,7,2,0,3,0,1,0,1,4
4,16,1,0.003443431109189987,0,0,3,3,4,1,3,1,1,1,1,1
4,16,4,0.03081108257174492,0,0,3,3,4,4,3,1,1,1,1,1
4,16,5,0.01302378997206688,0,0,3,3,4,5,3,1,1,1,1,1
4,16,6,0.005784804467111826,0,0,3,3,4,6,3,1,1,1,1,1
4,16,9,0.03311029449105263,0,0,3,3,4,3,3,2,1,1,1,1
4,16,10,0.024544503539800644,0,0,3,3,4,4,3,2,1,1,1,1
4,16,12,0.02700938656926155,0,0,3,3,4,6,3,2,1,1,1,1
4,16,15,0.07963573187589645,0,0,3,3,4,3,3,3,1,1,1,1
4,16,18,0.015213318169116974,0,0,3,3,4,6,3,3,1,1,1,1
4,16,21,0.032904524356126785,0,0,3,3,4,3,3,4,1,1,1,1
4,16,23,0.014771156944334507,0,0,3,3,4,5,3,4,1,1,1,1
4,16,24,0.02356436848640442,0,0,3,3,4,6,3,4,1,1,1,1
4,16,25,0.029021987691521645,0,0,3,3,4,1,3,5,1,1,1,1
4,16,28,0.036828670650720596,0,0,3,3,4,4,3,5,1,1,1,1
4,16,30,0.03011465072631836,0,0,3,3,4,6,3,5,1,1,1,1
4,16,31,0.0009403072181157768,0,0,3,4,4,1,3,1,1,1,1,1
4,16,34,0.00830306950956583,0,0,3,4,4,4,3,4,1,1,1,1
4,16,35,0.00905159953981638,0,0,3,4,4,5,3,5,1,1,1,1
4,16,36,0.005829658359289169,0,0,3,5,4,1,3,1,1,2,1,2
4,16,40,0.08565762639045715,0,0,3,5,4,5,3,5,1,2,1,2
4,16,42,0.05161154270172119,0,1,3,6,4,2,3,0,1,0,1,1
4,16,43,0.2528814375400543,0,1,3,6,4,3,3,0,1,0,1,1
4,16,46,0.18421253561973572,0,1,3,6,4,6,3,0,1,0,1,1
4,16,47,0.0017305795336142182,0,2,3,7,4,0,3,0,1,0,1,4
4,17,1,0.037002645432949066,0,0,3,3,5,1,3,1,1,1,1,1
4,17,4,0.029616456478834152,0,0,3,3,5,4,3,1,1,1,1,1
4,17,5,0.005128858610987663,0,0,3,3,5,5,3,1,1,1,1,1
4,17,6,0.01847713254392147,0,0,3,3,5,6,3,1,1,1,1,1
4,17,9,0.05816773697733879,0,0,3,3,5,3,3,2,1,1,1,1
4,17,10,0.022293396294116974,0,0,3,3,5,4,3,2,1,1,1,1
4,17,12,0.09445998817682266,0,0,3,3,5,6,3,2,1,1,1,1
4,17,15,0.027994785457849503,0,0,3,3,5,3,3,3,1,1,1,1
4,17,18,0.029893312603235245,0,0,3,3,5,6,3,3,1,1,1,1
4,17,21,0.012048771604895592,0,0,3,3,5,3,3,4,1,1,1,1
4,17,23,0.016415568068623543,0,0,3,3,5,5,3,4,1,1,1,1
4,17,24,0.03960932046175003,0,0,3,3,5,6,3,4,1,1,1,1
4,17,25,0.11539232730865479,0,0,3,3,5,1,3,5,1,1,1,1
4,17,28,0.01392507366836071,0,0,3,3,5,4,3,5,1,1,1,1
4,17,30,0.12019819766283035,0,0,3,3,5,6,3,5,1,1,1,1
4,17,31,0.0012892765225842595,0,0,3,4,5,1,3,1,1,1,1,1
4,17,34,0.0037621185183525085,0,0,3,4,5,4,3,4,1,1,1,1
4,17,35,0.002112627262249589,0,0,3,4,5,5,3,5,1,1,1,1
4,17,36,0.005803871434181929,0,0,3,5,5,1,3,1,1,2,1,2
4,17,40,0.01119183748960495,0,0,3,5,5,5,3,5,1,2,1,2
4,17,42,0.024553241208195686,0,1,3,6,5,2,3,0,1,0,1,1
4,17,43,0.12071791291236877,0,1,3,6,5,3,3,0,1,0,1,1
4,17,46,0.18949981033802032,0,1,3,6,5,6,3,0,1,0,1,1
4,17,47,0.0004458310722839087,0,2,3,7,5,0,3,0,1,0,1,4
4,19,1,0.08954960852861404,0,0,3,3,1,1,4,1,1,1,1,1
4,19,4,0.03080824762582779,0,0,3,3,1,4,4,1,1,1,1,1
4,19,5,0.005303001031279564,0,0,3,3,1,5,4,1,1,1,1,1
4,19,6,0.003860440570861101,0,0,3,3,1,6,4,1,1,1,1,1
4,19,9,0.006046154536306858,0,0,3,3,1,3,4,2,1,1,1,1
4,19,10,0.016770128160715103,0,0,3,3,1,4,4,2,1,1,1,1
4,19,12,0.008814639411866665,0,0,3,3,1,6,4,2,1,1,1,1
4,19,15,0.009433455765247345,0,0,3,3,1,3,4,3,1,1,1,1
4,19,18,0.02342960610985756,0,0,3,3,1,6,4,3,1,1,1,1
4,19,21,0.0024184086360037327,0,0,3,3,1,3,4,4,1,1,1,1
4,19,23,0.0030415046494454145,0,0,3,3,1,5,4,4,1,1,1,1
4,19,24,0.017395105212926865,0,0,3,3,1,6,4,4,1,1,1,1
4,19,25,0.040758177638053894,0,0,3,3,1,1,4,5,1,1,1,1
4,19,28,0.0509348027408123,0,0,3,3,1,4,4,5,1,1,1,1
4,19,30,0.013572289608418941,0,0,3,3,1,6,4,5,1,1,1,1
4,19,31,0.20836883783340454,0,0,3,4,1,1,4,1,1,1,1,1
4,19,34,0.07952658087015152,0,0,3,4,1,4,4,4,1,1,1,1
4,19,35,0.013793149963021278,0,0,3,4,1,5,4,5,1,1,1,1
4,19,36,0.29561305046081543,0,0,3,5,1,1,4,1,1,2,1,2
4,19,40,0.04774853587150574,0,0,3,5,1,5,4,5,1,2,1,2
4,19,42,0.00598064623773098,0,1,3,6,1,2,4,0,1,0,1,1
4,19,43,0.011442367918789387,0,1,3,6,1,3,4,0,1,0,1,1
4,19,46,0.01505306176841259,0,1,3,6,1,6,4,0,1,0,1,1
4,19,47,0.0003380240814294666,0,2,3,7,1,0,4,0,1,0,1,4
4,20,1,0.3897135853767395,0,0,3,3,2,1,4,1,1,1,1,1
4,20,4,0.01138273160904646,0,0,3,3,2,4,4,1,1,1,1,1
4,20,5,0.0012510757660493255,0,0,3,3,2,5,4,1,1,1,1,1
4,20,6,0.009245213121175766,0,0,3,3,2,6,4,1,1,1,1,1
4,20,9,0.004041053354740143,0,0,3,3,2,3,4,2,1,1,1,1
4,20,10,0.002910712966695428,0,0,3,3,2,4,4,2,1,1,1,1
4,20,12,0.007726209703832865,0,0,3,3,2,6,4,2,1,1,1,1
4,20,15,0.0011805837275460362,0,0,3,3,2,3,4,3,1,1,1,1
4,20,18,0.018950358033180237,0,0,3,3,2,6,4,3,1,1,1,1
4,20,21,0.0005906594451516867,0,0,3,3,2,3,4,4,1,1,1,1
4,20,23,0.0007460967754013836,0,0,3,3,2,5,4,4,1,1,1,1
4,20,24,0.006135446950793266,0,0,3,3,2,6,4,4,1,1,1,1
4,20,25,0.12439090013504028,0,0,3,3,2,1,4,5,1,1,1,1
4,20,28,0.016555752605199814,0,0,3,3,2,4,4,5,1,1,1,1
4,20,30,0.017896465957164764,0,0,3,3,2,6,4,5,1,1,1,1
4,20,31,0.0391744002699852,0,0,3,4,2,1,4,1,1,1,1,1
4,20,34,0.011915566399693489,0,0,3,4,2,4,4,4,1,1,1,1
4,20,35,0.0027421843260526657,0,0,3,4,2,5,4,5,1,1,1,1
4,20,36,0.31119510531425476,0,0,3,5,2,1,4,1,1,2,1,2
4,20,40,0.02101021632552147,0,0,3,5,2,5,4,5,1,2,1,2
4,20,42,0.00017261765606235713,0,1,3,6,2,2,4,0,1,0,1,1
4,20,43,0.0004262418660800904,0,1,3,6,2,3,4,0,1,0,1,1
4,20,46,0.000517712498549372,0,1,3,6,2,6,4,0,1,0,1,1
4,20,47,0.0001291713851969689,0,2,3,7,2,0,4,0,1,0,1,4
4,22,1,0.3553648591041565,0,0,3,3,4,1,4,1,1,1,1,1
4,22,4,0.03231656923890114,0,0,3,3,4,4,4,1,1,1,1,1
4,22,5,0.007154036778956652,0,0,3,3,4,5,4,1,1,1,1,1
4,22,6,0.011643029749393463,0,0,3,3,4,6,4,1,1,1,1,1
4,22,9,0.0039443145506083965,0,0,3,3,4,3,4,2,1,1,1,1
4,22,10,0.014631480909883976,0,0,3,3,4,4,4,2,1,1,1,1
4,22,12,0.029751911759376526,0,0,3,3,4,6,4,2,1,1,1,1
4,22,15,0.03567490354180336,0,0,3,3,4,3,4,3,1,1,1,1
4,22,18,0.05604832246899605,0,0,3,3,4,6,4,3,1,1,1,1
4,22,21,0.0013850274262949824,0,0,3,3,4,3,4,4,1,1,1,1
4,22,23,0.0037662149406969547,0,0,3,3,4,5,4,4,1,1,1,1
4,22,24,0.011556698009371758,0,0,3,3,4,6,4,4,1,1,1,1
4,22,25,0.05264732241630554,0,0,3,3,4,1,4,5,1,1,1,1
4,22,28,0.011918402276933193,0,0,3,3,4,4,4,5,1,1,1,1
4,22,30,0.017256159335374832,0,0,3,3,4,6,4,5,1,1,1,1
4,22,31,0.1575799435377121,0,0,3,4,4,1,4,1,1,1,1,1
4,22,34,0.01566212810575962,0,0,3,4,4,4,4,4,1,1,1,1
4,22,35,0.0044605303555727005,0,0,3,4,4,5,4,5,1,1,1,1
4,22,36,0.13697774708271027,0,0,3,5,4,1,4,1,1,2,1,2
4,22,40,0.032475028187036514,0,0,3,5,4,5,4,5,1,2,1,2
4,22,42,0.0004538104694802314,0,1,3,6,4,2,4,0,1,0,1,1
4,22,43,0.0015582486521452665,0,1,3,6,4,3,4,0,1,0,1,1
4,22,46,0.005748591851443052,0,1,3,6,4,6,4,0,1,0,1,1
4,22,47,2.4686018150532618e-05,0,2,3,7,4,0,4,0,1,0,1,4
4,26,1,0.20001614093780518,0,0,3,3,2,1,5,1,1,1,1,1
4,26,4,0.06447397917509079,0,0,3,3,2,4,5,1,1,1,1,1
4,26,5,0.00431640213355422,0,0,3,3,2,5,5,1,1,1,1,1
4,26,6,0.020231109112501144,0,0,3,3,2,6,5,1,1,1,1,1
4,26,9,0.017848804593086243,0,0,3,3,2,3,5,2,1,1,1,1
4,26,10,0.01819276250898838,0,0,3,3,2,4,5,2,1,1,1,1
4,26,12,0.0413702130317688,0,0,3,3,2,6,5,2,1,1,1,1
4,26,15,0.009435826912522316,0,0,3,3,2,3,5,3,1,1,1,1
4,26,18,0.030947919934988022,0,0,3,3,2,6,5,3,1,1,1,1
4,26,21,0.03031441941857338,0,0,3,3,2,3,5,4,1,1,1,1
4,26,23,0.02264743112027645,0,0,3,3,2,5,5,4,1,1,1,1
4,26,24,0.08719947934150696,0,0,3,3,2,6,5,4,1,1,1,1
4,26,25,0.24411813914775848,0,0,3,3,2,1,5,5,1,1,1,1
4,26,28,0.05733373016119003,0,0,3,3,2,4,5,5,1,1,1,1
4,26,30,0.0939319059252739,0,0,3,3,2,6,5,5,1,1,1,1
4,26,31,0.003992416895925999,0,0,3,4,2,1,5,1,1,1,1,1
4,26,34,0.0056342873722314835,0,0,3,4,2,4,5,4,1,1,1,1
4,26,35,0.00214642402715981,0,0,3,4,2,5,5,5,1,1,1,1
4,26,36,0.02495153620839119,0,0,3,5,2,1,5,1,1,2,1,2
4,26,40,0.012331413105130196,0,0,3,5,2,5,5,5,1,2,1,2
4,26,42,0.0016792314127087593,0,1,3,6,2,2,5,0,1,0,1,1
4,26,43,0.0029078731313347816,0,1,3,6,2,3,5,0,1,0,1,1
4,26,46,0.0033208925742655993,0,1,3,6,2,6,5,0,1,0,1,1
4,26,47,0.000657767232041806,0,2,3,7,2,0,5,0,1,0,1,4
4,27,1,0.2634950578212738,0,0,3,3,3,1,5,1,1,1,1,1
4,27,4,0.05210050195455551,0,0,3,3,3,4,5,1,1,1,1,1
4,27,5,0.005322495009750128,0,0,3,3,3,5,5,1,1,1,1,1
4,27,6,0.02414694055914879,0,0,3,3,3,6,5,1,1,1,1,1
4,27,9,0.010020450688898563,0,0,3,3,3,3,5,2,1,1,1,1
4,27,10,0.022161908447742462,0,0,3,3,3,4,5,2,1,1,1,1
4,27,12,0.08992262184619904,0,0,3,3,3,6,5,2,1,1,1,1
4,27,15,0.06176095828413963,0,0,3,3,3,3,5,3,1,1,1,1
4,27,18,0.08468784391880035,0,0,3,3,3,6,5,3,1,1,1,1
4,27,21,0.0038882079534232616,0,0,3,3,3,3,5,4,1,1,1,1
4,27,23,0.01896686479449272,0,0,3,3,3,5,5,4,1,1,1,1
4,27,24,0.0455009788274765,0,0,3,3,3,6,5,4,1,1,1,1
4,27,25,0.10670332610607147,0,0,3,3,3,1,5,5,1,1,1,1
4,27,28,0.009076746180653572,0,0,3,3,3,4,5,5,1,1,1,1
4,27,30,0.07951726019382477,0,0,3,3,3,6,5,5,1,1,1,1
4,27,31,0.027613217011094093,0,0,3,4,3,1,5,1,1,1,1,1
4,27,34,0.004647971596568823,0,0,3,4,3,4,5,4,1,1,1,1
4,27,35,0.0011563424486666918,0,0,3,4,3,5,5,5,1,1,1,1
4,27,36,0.017801733687520027,0,0,3,5,3,1,5,1,1,2,1,2
4,27,40,0.007718998473137617,0,0,3,5,3,5,5,5,1,2,1,2
4,27,42,0.0026949881576001644,0,1,3,6,3,2,5,0,1,0,1,1
4,27,43,0.008307811804115772,0,1,3,6,3,3,5,0,1,0,1,1
4,27,46,0.05275731906294823,0,1,3,6,3,6,5,0,1,0,1,1
4,27,47,2.944168954854831e-05,0,2,3,7,3,0,5,0,1,0,1,4
4,29,1,0.03158004581928253,0,0,3,3,5,1,5,1,1,1,1,1
4,29,4,0.08345731347799301,0,0,3,3,5,4,5,1,1,1,1,1
4,29,5,0.003498121164739132,0,0,3,3,5,5,5,1,1,1,1,1
4,29,6,0.008541708812117577,0,0,3,3,5,6,5,1,1,1,1,1
4,29,9,0.003324301214888692,0,0,3,3,5,3,5,2,1,1,1,1
4,29,10,0.02148861438035965,0,0,3,3,5,4,5,2,1,1,1,1
4,29,12,0.014666940085589886,0,0,3,3,5,6,5,2,1,1,1,1
4,29,15,0.01512130256742239,0,0,3,3,5,3,5,3,1,1,1,1
4,29,18,0.02014020085334778,0,0,3,3,5,6,5,3,1,1,1,1
4,29,21,0.004229462239891291,0,0,3,3,5,3,5,4,1,1,1,1
4,29,23,0.014208758249878883,0,0,3,3,5,5,5,4,1,1,1,1
4,29,24,0.07268086820840836,0,0,3,3,5,6,5,4,1,1,1,1
4,29,25,0.03289348632097244,0,0,3,3,5,1,5,5,1,1,1,1
4,29,28,0.02335137128829956,0,0,3,3,5,4,5,5,1,1,1,1
4,29,30,0.03961246460676193,0,0,3,3,5,6,5,5,1,1,1,1
4,29,31,0.021975474432110786,0,0,3,4,5,1,5,1,1,1,1,1
4,29,34,0.012368849478662014,0,0,3,4,5,4,5,4,1,1,1,1
4,29,35,0.0006513215485028923,0,0,3,4,5,5,5,5,1,1,1,1
4,29,36,0.027891086414456367,0,0,3,5,5,1,5,1,1,2,1,2
4,29,40,0.004105528350919485,0,0,3,5,5,5,5,5,1,2,1,2
4,29,42,0.06665103882551193,0,1,3,6,5,2,5,0,1,0,1,1
4,29,43,0.07516638934612274,0,1,3,6,5,3,5,0,1,0,1,1
4,29,46,0.4020501673221588,0,1,3,6,5,6,5,0,1,0,1,1
4,29,47,0.00034525588853284717,0,2,3,7,5,0,5,0,1,0,1,4
4,32,1,0.22336837649345398,0,0,4,3,2,1,2,1,1,1,1,1
4,32,4,0.0430976077914238,0,0,4,3,2,4,2,1,1,1,1,1
4,32,5,0.032884880900382996,0,0,4,3,2,5,2,1,1,1,1,1
4,32,6,0.03626510873436928,0,0,4,3,2,6,2,1,1,1,1,1
4,32,9,0.06611915677785873,0,0,4,3,2,3,2,2,1,1,1,1
4,32,10,0.07800498604774475,0,0,4,3,2,4,2,2,1,1,1,1
4,32,12,0.03683416545391083,0,0,4,3,2,6,2,2,1,1,1,1
4,32,15,0.041215814650058746,0,0,4,3,2,3,2,3,1,1,1,1
4,32,18,0.06589361280202866,0,0,4,3,2,6,2,3,1,1,1,1
4,32,21,0.04421117901802063,0,0,4,3,2,3,2,4,1,1,1,1
4,32,23,0.08930731564760208,0,0,4,3,2,5,2,4,1,1,1,1
4,32,24,0.030268704518675804,0,0,4,3,2,6,2,4,1,1,1,1
4,32,25,0.05390424281358719,0,0,4,3,2,1,2,5,1,1,1,1
4,32,28,0.08159712702035904,0,0,4,3,2,4,2,5,1,1,1,1
4,32,30,0.042252909392118454,0,0,4,3,2,6,2,5,1,1,1,1
4,32,31,0.0008410437731072307,0,0,4,4,2,1,2,1,1,1,1,1
4,32,34,0.0016972682205960155,0,0,4,4,2,4,2,4,1,1,1,1
4,32,35,0.0012252515880391002,0,0,4,4,2,5,2,5,1,1,1,1
4,32,36,0.0022273387294262648,0,0,4,5,2,1,2,1,1,2,1,2
4,32,40,0.004855656996369362,0,0,4,5,2,5,2,5,1,2,1,2
4,32,42,0.008316350169479847,0,1,4,6,2,2,2,0,1,0,1,1
4,32,43,0.008398587815463543,0,1,4,6,2,3,2,0,1,0,1,1
4,32,46,0.007081669755280018,0,1,4,6,2,6,2,0,1,0,1,1
4,32,47,0.00013150218001101166,0,2,4,7,2,0,2,0,1,0,1,4
4,33,1,0.04714803025126457,0,0,4,3,3,1,3,1,1,1,1,1
4,33,4,0.018721571192145348,0,0,4,3,3,4,3,1,1,1,1,1
4,33,5,0.021343229338526726,0,0,4,3,3,5,3,1,1,1,1,1
4,33,6,0.01839538849890232,0,0,4,3,3,6,3,1,1,1,1,1
4,33,9,0.022509543225169182,0,0,4,3,3,3,3,2,1,1,1,1
4,33,10,0.043957628309726715,0,0,4,3,3,4,3,2,1,1,1,1
4,33,12,0.06021048128604889,0,0,4,3,3,6,3,2,1,1,1,1
4,33,15,0.16506129503250122,0,0,4,3,3,3,3,3,1,1,1,1
4,33,18,0.06469716131687164,0,0,4,3,3,6,3,3,1,1,1,1
4,33,21,0.012570260092616081,0,0,4,3,3,3,3,4,1,1,1,1
4,33,23,0.04907320812344551,0,0,4,3,3,5,3,4,1,1,1,1
4,33,24,0.012406067922711372,0,0,4,3,3,6,3,4,1,1,1,1
4,33,25,0.03330913186073303,0,0,4,3,3,1,3,5,1,1,1,1
4,33,28,0.011645099148154259,0,0,4,3,3,4,3,5,1,1,1,1
4,33,30,0.026728253811597824,0,0,4,3,3,6,3,5,1,1,1,1
4,33,31,0.003266693325713277,0,0,4,4,3,1,3,1,1,1,1,1
4,33,34,0.0015540117165073752,0,0,4,4,3,4,3,4,1,1,1,1
4,33,35,0.002859788481146097,0,0,4,4,3,5,3,5,1,1,1,1
4,33,36,0.002081685932353139,0,0,4,5,3,1,3,1,1,2,1,2
4,33,40,0.004941242281347513,0,0,4,5,3,5,3,5,1,2,1,2
4,33,42,0.05191655829548836,0,1,4,6,3,2,3,0,1,0,1,1
4,33,43,0.12529805302619934,0,1,4,6,3,3,3,0,1,0,1,1
4,33,46,0.19939176738262177,0,1,4,6,3,6,3,0,1,0,1,1
4,33,47,0.0009138094610534608,0,2,4,7,3,0,3,0,1,0,1,4
4,37,1,0.2671421468257904,0,0,5,3,2,1,2,1,2,1,2,1
4,37,4,0.00010012976417783648,0,0,5,3,2,4,2,1,2,1,2,1
4,37,5,0.0002204416086897254,0,0,5,3,2,5,2,1,2,1,2,1
4,37,6,0.0004197778180241585,0,0,5,3,2,6,2,1,2,1,2,1
4,37,9,1.0306761168976664e-06,0,0,5,3,2,3,2,2,2,1,2,1
4,37,10,8.99505084817065e-06,0,0,5,3,2,4,2,2,2,1,2,1
4,37,12,7.847677807149012e-06,0,0,5,3,2,6,2,2,2,1,2,1
4,37,15,8.37316383694997e-06,0,0,5,3,2,3,2,3,2,1,2,1
4,37,18,0.00023457250790670514,0,0,5,3,2,6,2,3,2,1,2,1
4,37,21,3.259674201672169e-07,0,0,5,3,2,3,2,4,2,1,2,1
4,37,23,2.9566619559773244e-05,0,0,5,3,2,5,2,4,2,1,2,1
4,37,24,4.90896672999952e-05,0,0,5,3,2,6,2,4,2,1,2,1
4,37,25,0.0006127443048171699,0,0,5,3,2,1,2,5,2,1,2,1
4,37,28,3.931445098714903e-05,0,0,5,3,2,4,2,5,2,1,2,1
4,37,30,0.00010189213207922876,0,0,5,3,2,6,2,5,2,1,2,1
4,37,31,0.7143635153770447,0,0,5,4,2,1,2,1,2,1,2,1
4,37,34,0.00014604647003579885,0,0,5,4,2,4,2,4,2,1,2,1
4,37,35,0.00013687497994396836,0,0,5,4,2,5,2,5,2,1,2,1
4,37,36,0.016292573884129524,0,0,5,5,2,1,2,1,2,2,2,2
4,37,40,8.032566984184086e-05,0,0,5,5,2,5,2,5,2,2,2,2
4,37,42,1.291536023018125e-06,0,1,5,6,2,2,2,0,2,0,2,1
4,37,43,7.699463111521254e-08,0,1,5,6,2,3,2,0,2,0,2,1
4,37,46,5.607208777291817e-07,0,1,5,6,2,6,2,0,2,0,2,1
4,37,47,2.4634121018607402e-06,0,2,5,7,2,0,2,0,2,0,2,4
4,38,1,0.9740757346153259,0,0,5,3,3,1,3,1,2,1,2,1
4,38,4,0.00011103796714451164,0,0,5,3,3,4,3,1,2,1,2,1
4,38,5,0.0014929218450561166,0,0,5,3,3,5,3,1,2,1,2,1
4,38,6,0.00030827263253740966,0,0,5,3,3,6,3,1,2,1,2,1
4,38,9,9.777179911907297e-06,0,0,5,3,3,3,3,2,2,1,2,1
4,38,10,6.404765008483082e-05,0,0,5,3,3,4,3,2,2,1,2,1
4,38,12,4.093618554179557e-05,0,0,5,3,3,6,3,2,2,1,2,1
4,38,15,0.0004635438381228596,0,0,5,3,3,3,3,3,2,1,2,1
4,38,18,0.0008253894629888237,0,0,5,3,3,6,3,3,2,1,2,1
4,38,21,1.034463093674276e-05,0,0,5,3,3,3,3,4,2,1,2,1
4,38,23,0.00039616640424355865,0,0,5,3,3,5,3,4,2,1,2,1
4,38,24,1.8833312424249016e-05,0,0,5,3,3,6,3,4,2,1,2,1
4,38,25,0.0021118526346981525,0,0,5,3,3,1,3,5,2,1,2,1
4,38,28,0.0001347383949905634,0,0,5,3,3,4,3,5,2,1,2,1
4,38,30,0.00016477351891808212,0,0,5,3,3,6,3,5,2,1,2,1
4,38,31,0.015573793090879917,0,0,5,4,3,1,3,1,2,1,2,1
4,38,34,2.790442704281304e-05,0,0,5,4,3,4,3,4,2,1,2,1
4,38,35,0.00016896805027499795,0,0,5,4,3,5,3,5,2,1,2,1
4,38,36,0.003474645782262087,0,0,5,5,3,1,3,1,2,2,2,2
4,38,40,0.0005235841381363571,0,0,5,5,3,5,3,5,2,2,2,2
4,38,42,1.3129583749105223e-06,0,1,5,6,3,2,3,0,2,0,2,1
4,38,43,3.165701514262764e-07,0,1,5,6,3,3,3,0,2,0,2,1
4,38,46,5.429923248811974e-07,0,1,5,6,3,6,3,0,2,0,2,1
4,38,47,4.771794692715048e-07,0,2,5,7,3,0,3,0,2,0,2,4
4,39,1,0.008481561206281185,0,0,5,3,4,1,4,1,2,1,2,1
4,39,4,0.0001794647832866758,0,0,5,3,4,4,4,1,2,1,2,1
4,39,5,0.0007375834393315017,0,0,5,3,4,5,4,1,2,1,2,1
4,39,6,9.802852582652122e-05,0,0,5,3,4,6,4,1,2,1,2,1
4,39,9,1.4382127119461074e-05,0,0,5,3,4,3,4,2,2,1,2,1
4,39,10,2.6193059966317378e-05,0,0,5,3,4,4,4,2,2,1,2,1
4,39,12,1.9245228031650186e-05,0,0,5,3,4,6,4,2,2,1,2,1
4,39,15,0.0003714559134095907,0,0,5,3,4,3,4,3,2,1,2,1
4,39,18,0.00013419732567854226,0,0,5,3,4,6,4,3,2,1,2,1
4,39,21,6.248874797165627e-06,0,0,5,3,4,3,4,4,2,1,2,1
4,39,23,1.584515666763764e-05,0,0,5,3,4,5,4,4,2,1,2,1
4,39,24,2.260198198200669e-05,0,0,5,3,4,6,4,4,2,1,2,1
4,39,25,0.0008473372436128557,0,0,5,3,4,1,4,5,2,1,2,1
4,39,28,0.00018086143245454878,0,0,5,3,4,4,4,5,2,1,2,1
4,39,30,9.949734521796927e-05,0,0,5,3,4,6,4,5,2,1,2,1
4,39,31,0.30197766423225403,0,0,5,4,4,1,4,1,2,1,2,1
4,39,34,0.004369095433503389,0,0,5,4,4,4,4,4,2,1,2,1
4,39,35,0.0052936184220016,0,0,5,4,4,5,4,5,2,1,2,1
4,39,36,0.5851308107376099,0,0,5,5,4,1,4,1,2,2,2,2
4,39,40,0.09141241014003754,0,0,5,5,4,5,4,5,2,2,2,2
4,39,42,0.0001472027797717601,0,1,5,6,4,2,4,0,2,0,2,1
4,39,43,3.3954271202674136e-05,0,1,5,6,4,3,4,0,2,0,2,1
4,39,46,1.964862531167455e-05,0,1,5,6,4,6,4,0,2,0,2,1
4,39,47,0.0003810562484432012,0,2,5,7,4,0,4,0,2,0,2,4
4,41,1,0.00014671319513581693,1,0,6,3,1,1,0,1,0,1,1,1
4,41,4,0.0007394083659164608,1,0,6,3,1,4,0,1,0,1,1,1
4,41,5,8.299120236188173e-05,1,0,6,3,1,5,0,1,0,1,1,1
4,41,6,0.0008751321583986282,1,0,6,3,1,6,0,1,0,1,1,1
4,41,9,1.2934418919030577e-05,1,0,6,3,1,3,0,2,0,1,1,1
4,41,10,9.488840441918e-05,1,0,6,3,1,4,0,2,0,1,1,1
4,41,12,0.00018387322779744864,1,0,6,3,1,6,0,2,0,1,1,1
4,41,15,2.664135718077887e-05,1,0,6,3,1,3,0,3,0,1,1,1
4,41,18,0.0007946948171593249,1,0,6,3,1,6,0,3,0,1,1,1
4,41,21,2.3470372525480343e-06,1,0,6,3,1,3,0,4,0,1,1,1
4,41,23,9.655882422521245e-06,1,0,6,3,1,5,0,4,0,1,1,1
4,41,24,0.0008454055641777813,1,0,6,3,1,6,0,4,0,1,1,1
4,41,25,0.0002380630321567878,1,0,6,3,1,1,0,5,0,1,1,1
4,41,28,0.00018476624973118305,1,0,6,3,1,4,0,5,0,1,1,1
4,41,30,0.00022919267939869314,1,0,6,3,1,6,0,5,0,1,1,1
4,41,31,0.9347373843193054,1,0,6,4,1,1,0,1,0,1,1,1
4,41,34,0.010732419788837433,1,0,6,4,1,4,0,4,0,1,1,1
4,41,35,0.0028539535123854876,1,0,6,4,1,5,0,5,0,1,1,1
4,41,36,0.020625445991754532,1,0,6,5,1,1,0,1,0,2,1,2
4,41,40,0.00024592404952272773,1,0,6,5,1,5,0,5,0,2,1,2
4,41,42,0.0006730873719789088,1,1,6,6,1,2,0,0,0,0,1,1
4,41,43,0.0009569856338202953,1,1,6,6,1,3,0,0,0,0,1,1
4,41,46,0.022787034511566162,1,1,6,6,1,6,0,0,0,0,1,1
4,41,47,0.0019216998480260372,1,2,6,7,1,0,0,0,0,0,1,4
4,44,1,1.83094380190596e-05,1,0,6,3,4,1,0,1,0,1,1,1
4,44,4,2.3603335648658685e-05,1,0,6,3,4,4,0,1,0,1,1,1
4,44,5,4.43403541794396e-06,1,0,6,3,4,5,0,1,0,1,1,1
4,44,6,6.35375763522461e-05,1,0,6,3,4,6,0,1,0,1,1,1
4,44,9,2.409840362815885e-07,1,0,6,3,4,3,0,2,0,1,1,1
4,44,10,2.970162086057826e-06,1,0,6,3,4,4,0,2,0,1,1,1
4,44,12,1.5151249499467667e-05,1,0,6,3,4,6,0,2,0,1,1,1
4,44,15,7.076035672071157e-06,1,0,6,3,4,3,0,3,0,1,1,1
4,44,18,9.339887037640437e-05,1,0,6,3,4,6,0,3,0,1,1,1
4,44,21,6.728015033985457e-09,1,0,6,3,4,3,0,4,0,1,1,1
4,44,23,7.248006284044095e-08,1,0,6,3,4,5,0,4,0,1,1,1
4,44,24,8.625217560620513e-06,1,0,6,3,4,6,0,4,0,1,1,1
4,44,25,5.923528533458011e-06,1,0,6,3,4,1,0,5,0,1,1,1
4,44,28,1.5427511925736326e-06,1,0,6,3,4,4,0,5,0,1,1,1
4,44,30,3.4879633403761545e-06,1,0,6,3,4,6,0,5,0,1,1,1
4,44,31,0.9954766631126404,1,0,6,4,4,1,0,1,0,1,1,1
4,44,34,0.0003458141873124987,1,0,6,4,4,4,0,4,0,1,1,1
4,44,35,0.00016370175580959767,1,0,6,4,4,5,0,5,0,1,1,1
4,44,36,0.0033408356830477715,1,0,6,5,4,1,0,1,0,2,1,2
4,44,40,2.774908898572903e-05,1,0,6,5,4,5,0,5,0,2,1,2
4,44,42,7.5349512371758465e-06,1,1,6,6,4,2,0,0,0,0,1,1
4,44,43,7.277599706867477e-06,1,1,6,6,4,3,0,0,0,0,1,1
4,44,46,0.0003768212045542896,1,1,6,6,4,6,0,0,0,0,1,1
4,44,47,5.706150204787264e-06,1,2,6,7,4,0,0,0,0,0,1,4
4,45,1,1.0672731150407344e-05,1,0,6,3,5,1,0,1,0,1,1,1
4,45,4,0.0007958581554703414,1,0,6,3,5,4,0,1,0,1,1,1
4,45,5,6.509076047223061e-05,1,0,6,3,5,5,0,1,0,1,1,1
4,45,6,0.0008309657569043338,1,0,6,3,5,6,0,1,0,1,1,1
4,45,9,2.6788125978782773e-05,1,0,6,3,5,3,0,2,0,1,1,1
4,45,10,0.00014245837519410998,1,0,6,3,5,4,0,2,0,1,1,1
4,45,12,0.000320323248161003,1,0,6,3,5,6,0,2,0,1,1,1
4,45,15,4.736373739433475e-05,1,0,6,3,5,3,0,3,0,1,1,1
4,45,18,0.0007482466171495616,1,0,6,3,5,6,0,3,0,1,1,1
4,45,21,1.94929589270032e-06,1,0,6,3,5,3,0,4,0,1,1,1
4,45,23,5.635029538098024e-06,1,0,6,3,5,5,0,4,0,1,1,1
4,45,24,0.0012485135812312365,1,0,6,3,5,6,0,4,0,1,1,1
4,45,25,6.601920176763088e-05,1,0,6,3,5,1,0,5,0,1,1,1
4,45,28,0.00010850273247342557,1,0,6,3,5,4,0,5,0,1,1,1
4,45,30,0.00017063484119717032,1,0,6,3,5,6,0,5,0,1,1,1
4,45,31,0.583288311958313,1,0,6,4,5,1,0,1,0,1,1,1
4,45,34,0.018705405294895172,1,0,6,4,5,4,0,4,0,1,1,1
4,45,35,0.002601123647764325,1,0,6,4,5,5,0,5,0,1,1,1
4,45,36,0.009663165546953678,1,0,6,5,5,1,0,1,0,2,1,2
4,45,40,0.00024322702665813267,1,0,6,5,5,5,0,5,0,2,1,2
4,45,42,0.0066977799870073795,1,1,6,6,5,2,0,0,0,0,1,1
4,45,43,0.014112558215856552,1,1,6,6,5,3,0,0,0,0,1,1
4,45,46,0.3529647886753082,1,1,6,6,5,6,0,0,0,0,1,1
4,45,47,0.0071346270851790905,1,2,6,7,5,0,0,0,0,0,1,4
5,1,0,1.8843091311282478e-05,0,0,3,1,1,0,1,0,1,2,1,4
5,1,2,0.0002164608595194295,0,0,3,3,1,2,1,1,1,1,1,1
5,1,3,0.00046373603981919587,0,0,3,3,1,3,1,1,1,1,1,1
5,1,7,0.00011669392551993951,0,0,3,3,1,1,1,2,1,1,1,1
5,1,8,4.3214542529312894e-05,0,0,3,3,1,2,1,2,1,1,1,1
5,1,11,7.492463919334114e-05,0,0,3,3,1,5,1,2,1,1,1,1
5,1,13,0.00016882031923159957,0,0,3,3,1,1,1,3,1,1,1,1
5,1,14,0.0005749458214268088,0,0,3,3,1,2,1,3,1,1,1,1
5,1,16,0.00045372318709269166,0,0,3,3,1,4,1,3,1,1,1,1
5,1,17,0.00044273966341279447,0,0,3,3,1,5,1,3,1,1,1,1
5,1,19,0.0020386194810271263,0,0,3,3,1,1,1,4,1,1,1,1
5,1,20,7.744473259663209e-05,0,0,3,3,1,2,1,4,1,1,1,1
5,1,22,0.0018220077035948634,0,0,3,3,1,4,1,4,1,1,1,1
5,1,26,0.0001467098481953144,0,0,3,3,1,2,1,5,1,1,1,1
5,1,27,0.0022947315592318773,0,0,3,3,1,3,1,5,1,1,1,1
5,1,29,0.00017495280189905316,0,0,3,3,1,5,1,5,1,1,1,1
5,1,32,3.7836718547623605e-05,0,0,3,4,1,2,1,2,1,1,1,1
5,1,33,0.0002002292894758284,0,0,3,4,1,3,1,3,1,1,1,1
5,1,37,4.090353104402311e-05,0,0,3,5,1,2,1,2,1,2,1,2
5,1,38,0.000683230406139046,0,0,3,5,1,3,1,3,1,2,1,2
5,1,39,8.264294592663646e-05,0,0,3,5,1,4,1,4,1,2,1,2
5,1,41,0.5200750827789307,0,1,3,6,1,1,1,0,1,0,1,1
5,1,44,0.4326809346675873,0,1,3,6,1,4,1,0,1,0,1,1
5,1,45,0.03707079961895943,0,1,3,6,1,5,1,0,1,0,1,1
5,4,0,0.00028516020392999053,0,0,3,1,4,0,1,0,1,2,1,4
5,4,2,2.427999788778834e-05,0,0,3,3,4,2,1,1,1,1,1,1
5,4,3,1.8216323951492086e-05,0,0,3,3,4,3,1,1,1,1,1,1
5,4,7,3.7296797472663457e-06,0,0,3,3,4,1,1,2,1,1,1,1
5,4,8,4.281143446860369e-06,0,0,3,3,4,2,1,2,1,1,1,1
5,4,11,6.426568234019214e-06,0,0,3,3,4,5,1,2,1,1,1,1
5,4,13,9.980392860597931e-06,0,0,3,3,4,1,1,3,1,1,1,1
5,4,14,9.136048902291805e-05,0,0,3,3,4,2,1,3,1,1,1,1
5,4,16,0.0004731608787551522,0,0,3,3,4,4,1,3,1,1,1,1
5,4,17,6.989835674175993e-05,0,0,3,3,4,5,1,3,1,1,1,1
5,4,19,0.00010988672875100747,0,0,3,3,4,1,1,4,1,1,1,1
5,4,20,1.2546073776320554e-05,0,0,3,3,4,2,1,4,1,1,1,1
5,4,22,0.000697301235049963,0,0,3,3,4,4,1,4,1,1,1,1
5,4,26,6.702337122987956e-05,0,0,3,3,4,2,1,5,1,1,1,1
5,4,27,0.00028914312133565545,0,0,3,3,4,3,1,5,1,1,1,1
5,4,29,2.0905070414301008e-05,0,0,3,3,4,5,1,5,1,1,1,1
5,4,32,1.9687543044710765e-06,0,0,3,4,4,2,1,2,1,1,1,1
5,4,33,2.422028046566993e-06,0,0,3,4,4,3,1,3,1,1,1,1
5,4,37,0.00012439563579391688,0,0,3,5,4,2,1,2,1,2,1,2
5,4,38,0.00046986277448013425,0,0,3,5,4,3,1,3,1,2,1,2
5,4,39,0.0008791189175099134,0,0,3,5,4,4,1,4,1,2,1,2
5,4,41,0.01960514485836029,0,1,3,6,4,1,1,0,1,0,1,1
5,4,44,0.9622176289558411,0,1,3,6,4,4,1,0,1,0,1,1
5,4,45,0.01451655849814415,0,1,3,6,4,5,1,0,1,0,1,1
5,5,0,0.0004207899619359523,0,0,3,1,5,0,1,0,1,2,1,4
5,5,2,0.007153143174946308,0,0,3,3,5,2,1,1,1,1,1,1
5,5,3,0.0031982518266886473,0,0,3,3,5,3,1,1,1,1,1,1
5,5,7,0.0008704612264409661,0,0,3,3,5,1,1,2,1,1,1,1
5,5,8,0.0008448493317700922,0,0,3,3,5,2,1,2,1,1,1,1
5,5,11,0.0002927978930529207,0,0,3,3,5,5,1,2,1,1,1,1
5,5,13,0.006310525815933943,0,0,3,3,5,1,1,3,1,1,1,1
5,5,14,0.005331750959157944,0,0,3,3,5,2,1,3,1,1,1,1
5,5,16,0.02186863124370575,0,0,3,3,5,4,1,3,1,1,1,1
5,5,17,0.0023682480677962303,0,0,3,3,5,5,1,3,1,1,1,1
5,5,19,0.022033099085092545,0,0,3,3,5,1,1,4,1,1,1,1
5,5,20,0.003708095522597432,0,0,3,3,5,2,1,4,1,1,1,1
5,5,22,0.07317772507667542,0,0,3,3,5,4,1,4,1,1,1,1
5,5,26,0.006062193773686886,0,0,3,3,5,2,1,5,1,1,1,1
5,5,27,0.03352179750800133,0,0,3,3,5,3,1,5,1,1,1,1
5,5,29,0.0003979798057116568,0,0,3,3,5,5,1,5,1,1,1,1
5,5,32,0.0005068706232123077,0,0,3,4,5,2,1,2,1,1,1,1
5,5,33,0.005853325594216585,0,0,3,4,5,3,1,3,1,1,1,1
5,5,37,0.0010130897862836719,0,0,3,5,5,2,1,2,1,2,1,2
5,5,38,0.010983592830598354,0,0,3,5,5,3,1,3,1,2,1,2
5,5,39,0.001737298327498138,0,0,3,5,5,4,1,4,1,2,1,2
5,5,41,0.18464766442775726,0,1,3,6,5,1,1,0,1,0,1,1
5,5,44,0.588196337223053,0,1,3,6,5,4,1,0,1,0,1,1
5,5,45,0.019501280039548874,0,1,3,6,5,5,1,0,1,0,1,1
5,6,0,0.0035361535847187042,0,0,3,1,6,0,1,0,1,2,1,4
5,6,2,0.06559251248836517,0,0,3,3,6,2,1,1,1,1,1,1
5,6,3,0.017666075378656387,0,0,3,3,6,3,1,1,1,1,1,1
5,6,7,0.0031224398408085108,0,0,3,3,6,1,1,2,1,1,1,1
5,6,8,0.010519742034375668,0,0,3,3,6,2,1,2,1,1,1,1
5,6,11,0.0012050885707139969,0,0,3,3,6,5,1,2,1,1,1,1
5,6,13,0.029663968831300735,0,0,3,3,6,1,1,3,1,1,1,1
5,6,14,0.009502287022769451,0,0,3,3,6,2,1,3,1,1,1,1
5,6,16,0.037930361926555634,0,0,3,3,6,4,1,3,1,1,1,1
5,6,17,0.01083341334015131,0,0,3,3,6,5,1,3,1,1,1,1
5,6,19,0.05590818077325821,0,0,3,3,6,1,1,4,1,1,1,1
5,6,20,0.02078484557569027,0,0,3,3,6,2,1,4,1,1,1,1
5,6,22,0.06848739087581635,0,0,3,3,6,4,1,4,1,1,1,1
5,6,26,0.023701179772615433,0,0,3,3,6,2,1,5,1,1,1,1
5,6,27,0.04135073348879814,0,0,3,3,6,3,1,5,1,1,1,1
5,6,29,0.001381067791953683,0,0,3,3,6,5,1,5,1,1,1,1
5,6,32,0.00231685908511281,0,0,3,4,6,2,1,2,1,1,1,1
5,6,33,0.009515032172203064,0,0,3,4,6,3,1,3,1,1,1,1
5,6,37,0.031058993190526962,0,0,3,5,6,2,1,2,1,2,1,2
5,6,38,0.06048109754920006,0,0,3,5,6,3,1,3,1,2,1,2
5,6,39,0.01742757484316826,0,0,3,5,6,4,1,4,1,2,1,2
5,6,41,0.18200846016407013,0,1,3,6,6,1,1,0,1,0,1,1
5,6,44,0.25660067796707153,0,1,3,6,6,4,1,0,1,0,1,1
5,6,45,0.03940584138035774,0,1,3,6,6,5,1,0,1,0,1,1
5,9,0,0.0008382241940125823,0,0,3,1,3,0,2,0,1,2,1,4
5,9,2,0.10360977798700333,0,0,3,3,3,2,2,1,1,1,1,1
5,9,3,0.1254013180732727,0,0,3,3,3,3,2,1,1,1,1,1
5,9,7,0.021237071603536606,0,0,3,3,3,1,2,2,1,1,1,1
5,9,8,0.034342337399721146,0,0,3,3,3,2,2,2,1,1,1,1
5,9,11,0.013802877627313137,0,0,3,3,3,5,2,2,1,1,1,1
5,9,13,0.0119160246104002,0,0,3,3,3,1,2,3,1,1,1,1
5,9,14,0.0020552314817905426,0,0,3,3,3,2,2,3,1,1,1,1
5,9,16,0.004099627025425434,0,0,3,3,3,4,2,3,1,1,1,1
5,9,17,0.0286286398768425,0,0,3,3,3,5,2,3,1,1,1,1
5,9,19,0.11806216835975647,0,0,3,3,3,1,2,4,1,1,1,1
5,9,20,0.01416268851608038,0,0,3,3,3,2,2,4,1,1,1,1
5,9,22,0.023393819108605385,0,0,3,3,3,4,2,4,1,1,1,1
5,9,26,0.0242852121591568,0,0,3,3,3,2,2,5,1,1,1,1
5,9,27,0.11200199276208878,0,0,3,3,3,3,2,5,1,1,1,1
5,9,29,0.06891831755638123,0,0,3,3,3,5,2,5,1,1,1,1
5,9,32,0.005773862823843956,0,0,3,4,3,2,2,2,1,1,1,1
5,9,33,0.019787946715950966,0,0,3,4,3,3,2,3,1,1,1,1
5,9,37,0.13509079813957214,0,0,3,5,3,2,2,2,1,2,1,2
5,9,38,0.07360851764678955,0,0,3,5,3,3,2,3,1,2,1,2
5,9,39,0.03515539690852165,0,0,3,5,3,4,2,4,1,2,1,2
5,9,41,0.0157781932502985,0,1,3,6,3,1,2,0,1,0,1,1
5,9,44,0.0022347467020154,0,1,3,6,3,4,2,0,1,0,1,1
5,9,45,0.005815089680254459,0,1,3,6,3,5,2,0,1,0,1,1
5,10,0,0.009480452165007591,0,0,3,1,4,0,2,0,1,2,1,4
5,10,2,0.005156680941581726,0,0,3,3,4,2,2,1,1,1,1,1
5,10,3,0.0021648688707500696,0,0,3,3,4,3,2,1,1,1,1,1
5,10,7,0.0007890430861152709,0,0,3,3,4,1,2,2,1,1,1,1
5,10,8,0.0018626594683155417,0,0,3,3,4,2,2,2,1,1,1,1
5,10,11,0.0010670478222891688,0,0,3,3,4,5,2,2,1,1,1,1
5,10,13,0.002009887481108308,0,0,3,3,4,1,2,3,1,1,1,1
5,10,14,0.0016620296519249678,0,0,3,3,4,2,2,3,1,1,1,1
5,10,16,0.009506814181804657,0,0,3,3,4,4,2,3,1,1,1,1
5,10,17,0.008296539075672626,0,0,3,3,4,5,2,3,1,1,1,1
5,10,19,0.016273383051156998,0,0,3,3,4,1,2,4,1,1,1,1
5,10,20,0.0021490766666829586,0,0,3,3,4,2,2,4,1,1,1,1
5,10,22,0.01654767617583275,0,0,3,3,4,4,2,4,1,1,1,1
5,10,26,0.006939002778381109,0,0,3,3,4,2,2,5,1,1,1,1
5,10,27,0.016336973756551743,0,0,3,3,4,3,2,5,1,1,1,1
5,10,29,0.013134734705090523,0,0,3,3,4,5,2,5,1,1,1,1
5,10,32,0.00017265685892198235,0,0,3,4,4,2,2,2,1,1,1,1
5,10,33,0.00017913250485435128,0,0,3,4,4,3,2,3,1,1,1,1
5,10,37,0.14540541172027588,0,0,3,5,4,2,2,2,1,2,1,2
5,10,38,0.090580515563488,0,0,3,5,4,3,2,3,1,2,1,2
5,10,39,0.41115307807922363,0,0,3,5,4,4,2,4,1,2,1,2
5,10,41,0.023414134979248047,0,1,3,6,4,1,2,0,1,0,1,1
5,10,44,0.16645316779613495,0,1,3,6,4,4,2,0,1,0,1,1
5,10,45,0.049265045672655106,0,1,3,6,4,5,2,0,1,0,1,1
5,12,0,0.0024885411839932203,0,0,3,1,6,0,2,0,1,2,1,4
5,12,2,0.07806906849145889,0,0,3,3,6,2,2,1,1,1,1,1
5,12,3,0.050638820976018906,0,0,3,3,6,3,2,1,1,1,1,1
5,12,7,0.0027976292185485363,0,0,3,3,6,1,2,2,1,1,1,1
5,12,8,0.005452346988022327,0,0,3,3,6,2,2,2,1,1,1,1
5,12,11,0.0019095673924311996,0,0,3,3,6,5,2,2,1,1,1,1
5,12,13,0.021626871079206467,0,0,3,3,6,1,2,3,1,1,1,1
5,12,14,0.007090474478900433,0,0,3,3,6,2,2,3,1,1,1,1
5,12,16,0.034932348877191544,0,0,3,3,6,4,2,3,1,1,1,1
5,12,17,0.0130486860871315,0,0,3,3,6,5,2,3,1,1,1,1
5,12,19,0.04280204698443413,0,0,3,3,6,1,2,4,1,1,1,1
5,12,20,0.012178505770862103,0,0,3,3,6,2,2,4,1,1,1,1
5,12,22,0.11056237667798996,0,0,3,3,6,4,2,4,1,1,1,1
5,12,26,0.018060190603137016,0,0,3,3,6,2,2,5,1,1,1,1
5,12,27,0.1955493688583374,0,0,3,3,6,3,2,5,1,1,1,1
5,12,29,0.0023217336274683475,0,0,3,3,6,5,2,5,1,1,1,1
5,12,32,0.0027706625405699015,0,0,3,4,6,2,2,2,1,1,1,1
5,12,33,0.054229363799095154,0,0,3,4,6,3,2,3,1,1,1,1
5,12,37,0.012963979505002499,0,0,3,5,6,2,2,2,1,2,1,2
5,12,38,0.08251801133155823,0,0,3,5,6,3,2,3,1,2,1,2
5,12,39,0.013052986934781075,0,0,3,5,6,4,2,4,1,2,1,2
5,12,41,0.08318813890218735,0,1,3,6,6,1,2,0,1,0,1,1
5,12,44,0.12854115664958954,0,1,3,6,6,4,2,0,1,0,1,1
5,12,45,0.02320738509297371,0,1,3,6,6,5,2,0,1,0,1,1
5,15,0,3.361780909472145e-05,0,0,3,1,3,0,3,0,1,2,1,4
5,15,2,0.008019988425076008,0,0,3,3,3,2,3,1,1,1,1,1
5,15,3,0.020590635016560555,0,0,3,3,3,3,3,1,1,1,1,1
5,15,7,0.00038028295966796577,0,0,3,3,3,1,3,2,1,1,1,1
5,15,8,0.00022242244449444115,0,0,3,3,3,2,3,2,1,1,1,1
5,15,11,0.0003718087391462177,0,0,3,3,3,5,3,2,1,1,1,1
5,15,13,0.0011072588386014104,0,0,3,3,3,1,3,3,1,1,1,1
5,15,14,0.0005723112262785435,0,0,3,3,3,2,3,3,1,1,1,1
5,15,16,0.0009999938774853945,0,0,3,3,3,4,3,3,1,1,1,1
5,15,17,0.0006036480772309005,0,0,3,3,3,5,3,3,1,1,1,1
5,15,19,0.0012099816231057048,0,0,3,3,3,1,3,4,1,1,1,1
5,15,20,0.002214016392827034,0,0,3,3,3,2,3,4,1,1,1,1
5,15,22,0.020785657688975334,0,0,3,3,3,4,3,4,1,1,1,1
5,15,26,0.00041044698446057737,0,0,3,3,3,2,3,5,1,1,1,1
5,15,27,0.03958651423454285,0,0,3,3,3,3,3,5,1,1,1,1
5,15,29,4.5013024646323174e-05,0,0,3,3,3,5,3,5,1,1,1,1
5,15,32,0.00153701554518193,0,0,3,4,3,2,3,2,1,1,1,1
5,15,33,0.8972755670547485,0,0,3,4,3,3,3,3,1,1,1,1
5,15,37,1.8165466826758347e-05,0,0,3,5,3,2,3,2,1,2,1,2
5,15,38,0.0029803442303091288,0,0,3,5,3,3,3,3,1,2,1,2
5,15,39,2.4845423467922956e-05,0,0,3,5,3,4,3,4,1,2,1,2
5,15,41,0.0006272607715800405,0,1,3,6,3,1,3,0,1,0,1,1
5,15,44,0.000177310430444777,0,1,3,6,3,4,3,0,1,0,1,1
5,15,45,0.0002056500961771235,0,1,3,6,3,5,3,0,1,0,1,1
5,18,0,0.00508557865396142,0,0,3,1,6,0,3,0,1,2,1,4
5,18,2,0.03400072082877159,0,0,3,3,6,2,3,1,1,1,1,1
5,18,3,0.007205327041447163,0,0,3,3,6,3,3,1,1,1,1,1
5,18,7,0.0005681891343556345,0,0,3,3,6,1,3,2,1,1,1,1
5,18,8,0.0017172422958537936,0,0,3,3,6,2,3,2,1,1,1,1
5,18,11,0.00041371671250090003,0,0,3,3,6,5,3,2,1,1,1,1
5,18,13,0.008636629208922386,0,0,3,3,6,1,3,3,1,1,1,1
5,18,14,0.017255006358027458,0,0,3,3,6,2,3,3,1,1,1,1
5,18,16,0.05002003535628319,0,0,3,3,6,4,3,3,1,1,1,1
5,18,17,0.0031541672069579363,0,0,3,3,6,5,3,3,1,1,1,1
5,18,19,0.007690187077969313,0,0,3,3,6,1,3,4,1,1,1,1
5,18,20,0.019872251898050308,0,0,3,3,6,2,3,4,1,1,1,1
5,18,22,0.11244753748178482,0,0,3,3,6,4,3,4,1,1,1,1
5,18,26,0.010131273418664932,0,0,3,3,6,2,3,5,1,1,1,1
5,18,27,0.06515546888113022,0,0,3,3,6,3,3,5,1,1,1,1
5,18,29,9.526217036182061e-05,0,0,3,3,6,5,3,5,1,1,1,1
5,18,32,0.0024245998356491327,0,0,3,4,6,2,3,2,1,1,1,1
5,18,33,0.04730524867773056,0,0,3,4,6,3,3,3,1,1,1,1
5,18,37,0.0015946718631312251,0,0,3,5,6,2,3,2,1,2,1,2
5,18,38,0.03825068846344948,0,0,3,5,6,3,3,3,1,2,1,2
5,18,39,0.002854845952242613,0,0,3,5,6,4,3,4,1,2,1,2
5,18,41,0.08505413681268692,0,1,3,6,6,1,3,0,1,0,1,1
5,18,44,0.4610086679458618,0,1,3,6,6,4,3,0,1,0,1,1
5,18,45,0.018058834597468376,0,1,3,6,6,5,3,0,1,0,1,1
5,21,0,4.1613689973019063e-05,0,0,3,1,3,0,4,0,1,2,1,4
5,21,2,0.1519666314125061,0,0,3,3,3,2,4,1,1,1,1,1
5,21,3,0.09908776730298996,0,0,3,3,3,3,4,1,1,1,1,1
5,21,7,0.028333621099591255,0,0,3,3,3,1,4,2,1,1,1,1
5,21,8,0.021192939952015877,0,0,3,3,3,2,4,2,1,1,1,1
5,21,11,0.0108179971575737,0,0,3,3,3,5,4,2,1,1,1,1
5,21,13,0.0088567566126585,0,0,3,3,3,1,4,3,1,1,1,1
5,21,14,0.01740400306880474,0,0,3,3,3,2,4,3,1,1,1,1
5,21,16,0.010870398953557014,0,0,3,3,3,4,4,3,1,1,1,1
5,21,17,0.016244323924183846,0,0,3,3,3,5,4,3,1,1,1,1
5,21,19,0.010951346717774868,0,0,3,3,3,1,4,4,1,1,1,1
5,21,20,0.014209654182195663,0,0,3,3,3,2,4,4,1,1,1,1
5,21,22,0.029097510501742363,0,0,3,3,3,4,4,4,1,1,1,1
5,21,26,0.0056709409691393375,0,0,3,3,3,2,4,5,1,1,1,1
5,21,27,0.04526834189891815,0,0,3,3,3,3,4,5,1,1,1,1
5,21,29,0.0063854483887553215,0,0,3,3,3,5,4,5,1,1,1,1
5,21,32,0.02951379492878914,0,0,3,4,3,2,4,2,1,1,1,1
5,21,33,0.47527334094047546,0,0,3,4,3,3,4,3,1,1,1,1
5,21,37,1.1592903319979087e-05,0,0,3,5,3,2,4,2,1,2,1,2
5,21,38,0.0001501064543845132,0,0,3,5,3,3,4,3,1,2,1,2
5,21,39,5.128168140799971e-06,0,0,3,5,3,4,4,4,1,2,1,2
5,21,41,0.011828824877738953,0,1,3,6,3,1,4,0,1,0,1,1
5,21,44,0.0012430055066943169,0,1,3,6,3,4,4,0,1,0,1,1
5,21,45,0.0055748652666807175,0,1,3,6,3,5,4,0,1,0,1,1
5,23,0,0.00010651636694092304,0,0,3,1,5,0,4,0,1,2,1,4
5,23,2,0.10824384540319443,0,0,3,3,5,2,4,1,1,1,1,1
5,23,3,0.09781569987535477,0,0,3,3,5,3,4,1,1,1,1,1
5,23,7,0.016809122636914253,0,0,3,3,5,1,4,2,1,1,1,1
5,23,8,0.010214443318545818,0,0,3,3,5,2,4,2,1,1,1,1
5,23,11,0.003674642648547888,0,0,3,3,5,5,4,2,1,1,1,1
5,23,13,0.02562791295349598,0,0,3,3,5,1,4,3,1,1,1,1
5,23,14,0.011771955527365208,0,0,3,3,5,2,4,3,1,1,1,1
5,23,16,0.015528098680078983,0,0,3,3,5,4,4,3,1,1,1,1
5,23,17,0.007479442749172449,0,0,3,3,5,5,4,3,1,1,1,1
5,23,19,0.03860718756914139,0,0,3,3,5,1,4,4,1,1,1,1
5,23,20,0.014155196025967598,0,0,3,3,5,2,4,4,1,1,1,1
5,23,22,0.09771287441253662,0,0,3,3,5,4,4,4,1,1,1,1
5,23,26,0.01057479903101921,0,0,3,3,5,2,4,5,1,1,1,1
5,23,27,0.08966130018234253,0,0,3,3,5,3,4,5,1,1,1,1
5,23,29,0.0013671241467818618,0,0,3,3,5,5,4,5,1,1,1,1
5,23,32,0.013067586347460747,0,0,3,4,5,2,4,2,1,1,1,1
5,23,33,0.28276491165161133,0,0,3,4,5,3,4,3,1,1,1,1
5,23,37,0.00012844942102674395,0,0,3,5,5,2,4,2,1,2,1,2
5,23,38,0.0012341877445578575,0,0,3,5,5,3,4,3,1,2,1,2
5,23,39,6.229426799109206e-05,0,0,3,5,5,4,4,4,1,2,1,2
5,23,41,0.1144663468003273,0,1,3,6,5,1,4,0,1,0,1,1
5,23,44,0.030873624607920647,0,1,3,6,5,4,4,0,1,0,1,1
5,23,45,0.008052541874349117,0,1,3,6,5,5,4,0,1,0,1,1
5,24,0,0.00035057804780080914,0,0,3,1,6,0,4,0,1,2,1,4
5,24,2,0.039863329380750656,0,0,3,3,6,2,4,1,1,1,1,1
5,24,3,0.008403316140174866,0,0,3,3,6,3,4,1,1,1,1,1
5,24,7,0.0018270474392920732,0,0,3,3,6,1,4,2,1,1,1,1
5,24,8,0.0028441776521503925,0,0,3,3,6,2,4,2,1,1,1,1
5,24,11,0.0007743934984318912,0,0,3,3,6,5,4,2,1,1,1,1
5,24,13,0.0077103739604353905,0,0,3,3,6,1,4,3,1,1,1,1
5,24,14,0.009087808430194855,0,0,3,3,6,2,4,3,1,1,1,1
5,24,16,0.02646663412451744,0,0,3,3,6,4,4,3,1,1,1,1
5,24,17,0.003094027517363429,0,0,3,3,6,5,4,3,1,1,1,1
5,24,19,0.022735517472028732,0,0,3,3,6,1,4,4,1,1,1,1
5,24,20,0.012985444627702236,0,0,3,3,6,2,4,4,1,1,1,1
5,24,22,0.24387642741203308,0,0,3,3,6,4,4,4,1,1,1,1
5,24,26,0.005362608470022678,0,0,3,3,6,2,4,5,1,1,1,1
5,24,27,0.04595787078142166,0,0,3,3,6,3,4,5,1,1,1,1
5,24,29,0.0005138134583830833,0,0,3,3,6,5,4,5,1,1,1,1
5,24,32,0.0016722679138183594,0,0,3,4,6,2,4,2,1,1,1,1
5,24,33,0.050799109041690826,0,0,3,4,6,3,4,3,1,1,1,1
5,24,37,8.836567576508969e-05,0,0,3,5,6,2,4,2,1,2,1,2
5,24,38,0.0020687333308160305,0,0,3,5,6,3,4,3,1,2,1,2
5,24,39,0.0002376440679654479,0,0,3,5,6,4,4,4,1,2,1,2
5,24,41,0.1674138456583023,0,1,3,6,6,1,4,0,1,0,1,1
5,24,44,0.31247851252555847,0,1,3,6,6,4,4,0,1,0,1,1
5,24,45,0.03338830918073654,0,1,3,6,6,5,4,0,1,0,1,1
5,25,0,0.00013239702093414962,0,0,3,1,1,0,5,0,1,2,1,4
5,25,2,0.002601043088361621,0,0,3,3,1,2,5,1,1,1,1,1
5,25,3,0.0014893230982124805,0,0,3,3,1,3,5,1,1,1,1,1
5,25,7,0.0003239119832869619,0,0,3,3,1,1,5,2,1,1,1,1
5,25,8,0.0002721408673096448,0,0,3,3,1,2,5,2,1,1,1,1
5,25,11,0.00019973157031927258,0,0,3,3,1,5,5,2,1,1,1,1
5,25,13,0.004500374663621187,0,0,3,3,1,1,5,3,1,1,1,1
5,25,14,0.003212878480553627,0,0,3,3,1,2,5,3,1,1,1,1
5,25,16,0.005280583631247282,0,0,3,3,1,4,5,3,1,1,1,1
5,25,17,0.0033279908820986748,0,0,3,3,1,5,5,3,1,1,1,1
5,25,19,0.008974037133157253,0,0,3,3,1,1,5,4,1,1,1,1
5,25,20,0.00103718729224056,0,0,3,3,1,2,5,4,1,1,1,1
5,25,22,0.003377173561602831,0,0,3,3,1,4,5,4,1,1,1,1
5,25,26,0.0008699988247826695,0,0,3,3,1,2,5,5,1,1,1,1
5,25,27,0.007894196547567844,0,0,3,3,1,3,5,5,1,1,1,1
5,25,29,0.00017758937610778958,0,0,3,3,1,5,5,5,1,1,1,1
5,25,32,0.00015047049964778125,0,0,3,4,1,2,5,2,1,1,1,1
5,25,33,0.002026091329753399,0,0,3,4,1,3,5,3,1,1,1,1
5,25,37,0.000292910379357636,0,0,3,5,1,2,5,2,1,2,1,2
5,25,38,0.005225892178714275,0,0,3,5,1,3,5,3,1,2,1,2
5,25,39,0.0002640633611008525,0,0,3,5,1,4,5,4,1,2,1,2
5,25,41,0.6875854730606079,0,1,3,6,1,1,5,0,1,0,1,1
5,25,44,0.2356545627117157,0,1,3,6,1,4,5,0,1,0,1,1
5,25,45,0.025129759684205055,0,1,3,6,1,5,5,0,1,0,1,1
5,28,0,0.0003921544412150979,0,0,3,1,4,0,5,0,1,2,1,4
5,28,2,9.679415234131739e-05,0,0,3,3,4,2,5,1,1,1,1,1
5,28,3,4.385722422739491e-05,0,0,3,3,4,3,5,1,1,1,1,1
5,28,7,1.84241434908472e-05,0,0,3,3,4,1,5,2,1,1,1,1
5,28,8,2.4804856366245076e-05,0,0,3,3,4,2,5,2,1,1,1,1
5,28,11,2.863918780349195e-05,0,0,3,3,4,5,5,2,1,1,1,1
5,28,13,0.00011507925955811515,0,0,3,3,4,1,5,3,1,1,1,1
5,28,14,0.00021309003932401538,0,0,3,3,4,2,5,3,1,1,1,1
5,28,16,0.002203134121373296,0,0,3,3,4,4,5,3,1,1,1,1
5,28,17,0.0004732853558380157,0,0,3,3,4,5,5,3,1,1,1,1
5,28,19,0.0018329150043427944,0,0,3,3,4,1,5,4,1,1,1,1
5,28,20,7.429181277984753e-05,0,0,3,3,4,2,5,4,1,1,1,1
5,28,22,0.002597181126475334,0,0,3,3,4,4,5,4,1,1,1,1
5,28,26,0.001078661996871233,0,0,3,3,4,2,5,5,1,1,1,1
5,28,27,0.0028509933035820723,0,0,3,3,4,3,5,5,1,1,1,1
5,28,29,0.00038572674384340644,0,0,3,3,4,5,5,5,1,1,1,1
5,28,32,3.881780685333069e-06,0,0,3,4,4,2,5,2,1,1,1,1
5,28,33,4.244441242917674e-06,0,0,3,4,4,3,5,3,1,1,1,1
5,28,37,0.005774811841547489,0,0,3,5,4,2,5,2,1,2,1,2
5,28,38,0.011577991768717766,0,0,3,5,4,3,5,3,1,2,1,2
5,28,39,0.032036129385232925,0,0,3,5,4,4,5,4,1,2,1,2
5,28,41,0.013335399329662323,0,1,3,6,4,1,5,0,1,0,1,1
5,28,44,0.917582631111145,0,1,3,6,4,4,5,0,1,0,1,1
5,28,45,0.007256474811583757,0,1,3,6,4,5,5,0,1,0,1,1
5,30,0,0.002237253123894334,0,0,3,1,6,0,5,0,1,2,1,4
5,30,2,0.013094648718833923,0,0,3,3,6,2,5,1,1,1,1,1
5,30,3,0.011360811069607735,0,0,3,3,6,3,5,1,1,1,1,1
5,30,7,0.0001578558440087363,0,0,3,3,6,1,5,2,1,1,1,1
5,30,8,0.00020735524594783783,0,0,3,3,6,2,5,2,1,1,1,1
5,30,11,0.0003248661814723164,0,0,3,3,6,5,5,2,1,1,1,1
5,30,13,0.0033894709777086973,0,0,3,3,6,1,5,3,1,1,1,1
5,30,14,0.0018832862842828035,0,0,3,3,6,2,5,3,1,1,1,1
5,30,16,0.040467843413352966,0,0,3,3,6,4,5,3,1,1,1,1
5,30,17,0.007349119056016207,0,0,3,3,6,5,5,3,1,1,1,1
5,30,19,0.005333479028195143,0,0,3,3,6,1,5,4,1,1,1,1
5,30,20,0.0014881156384944916,0,0,3,3,6,2,5,4,1,1,1,1
5,30,22,0.06976630538702011,0,0,3,3,6,4,5,4,1,1,1,1
5,30,26,0.0028085866943001747,0,0,3,3,6,2,5,5,1,1,1,1
5,30,27,0.1055486723780632,0,0,3,3,6,3,5,5,1,1,1,1
5,30,29,0.00014808638661634177,0,0,3,3,6,5,5,5,1,1,1,1
5,30,32,0.00016736568068154156,0,0,3,4,6,2,5,2,1,1,1,1
5,30,33,0.020107747986912727,0,0,3,4,6,3,5,3,1,1,1,1
5,30,37,0.0012444674503058195,0,0,3,5,6,2,5,2,1,2,1,2
5,30,38,0.05722975358366966,0,0,3,5,6,3,5,3,1,2,1,2
5,30,39,0.004744544159621,0,0,3,5,6,4,5,4,1,2,1,2
5,30,41,0.04724760726094246,0,1,3,6,6,1,5,0,1,0,1,1
5,30,44,0.5698103308677673,0,1,3,6,6,4,5,0,1,0,1,1
5,30,45,0.033881984651088715,0,1,3,6,6,5,5,0,1,0,1,1
5,31,0,0.00039001074037514627,0,0,4,1,1,0,1,0,1,2,1,4
5,31,2,0.007932789623737335,0,0,4,3,1,2,1,1,1,1,1,1
5,31,3,0.0037546728271991014,0,0,4,3,1,3,1,1,1,1,1,1
5,31,7,0.002382812788709998,0,0,4,3,1,1,1,2,1,1,1,1
5,31,8,0.003288235515356064,0,0,4,3,1,2,1,2,1,1,1,1
5,31,11,0.0003787724126596004,0,0,4,3,1,5,1,2,1,1,1,1
5,31,13,0.0026220560539513826,0,0,4,3,1,1,1,3,1,1,1,1
5,31,14,0.006218211259692907,0,0,4,3,1,2,1,3,1,1,1,1
5,31,16,0.0010263303993269801,0,0,4,3,1,4,1,3,1,1,1,1
5,31,17,0.0006036621052771807,0,0,4,3,1,5,1,3,1,1,1,1
5,31,19,0.012960292398929596,0,0,4,3,1,1,1,4,1,1,1,1
5,31,20,0.00838786642998457,0,0,4,3,1,2,1,4,1,1,1,1
5,31,22,0.005082838702946901,0,0,4,3,1,4,1,4,1,1,1,1
5,31,26,0.001072465442121029,0,0,4,3,1,2,1,5,1,1,1,1
5,31,27,0.0019648103043437004,0,0,4,3,1,3,1,5,1,1,1,1
5,31,29,0.0002563147572800517,0,0,4,3,1,5,1,5,1,1,1,1
5,31,32,0.0038082117680460215,0,0,4,4,1,2,1,2,1,1,1,1
5,31,33,0.005031598266214132,0,0,4,4,1,3,1,3,1,1,1,1
5,31,37,0.000783531810157001,0,0,4,5,1,2,1,2,1,2,1,2
5,31,38,0.0016716310055926442,0,0,4,5,1,3,1,3,1,2,1,2
5,31,39,0.00015352402988355607,0,0,4,5,1,4,1,4,1,2,1,2
5,31,41,0.8914100527763367,0,1,4,6,1,1,1,0,1,0,1,1
5,31,44,0.01791982538998127,0,1,4,6,1,4,1,0,1,0,1,1
5,31,45,0.020899273455142975,0,1,4,6,1,5,1,0,1,0,1,1
5,34,0,0.0014881009701639414,0,0,4,1,4,0,4,0,1,2,1,4
5,34,2,0.006334579549729824,0,0,4,3,4,2,4,1,1,1,1,1
5,34,3,0.0012235534377396107,0,0,4,3,4,3,4,1,1,1,1,1
5,34,7,0.004697910975664854,0,0,4,3,4,1,4,2,1,1,1,1
5,34,8,0.015120506286621094,0,0,4,3,4,2,4,2,1,1,1,1
5,34,11,0.003331940621137619,0,0,4,3,4,5,4,2,1,1,1,1
5,34,13,0.00611546216532588,0,0,4,3,4,1,4,3,1,1,1,1
5,34,14,0.03287086635828018,0,0,4,3,4,2,4,3,1,1,1,1
5,34,16,0.02095472440123558,0,0,4,3,4,4,4,3,1,1,1,1
5,34,17,0.011396078392863274,0,0,4,3,4,5,4,3,1,1,1,1
5,34,19,0.02436290681362152,0,0,4,3,4,1,4,4,1,1,1,1
5,34,20,0.012021024711430073,0,0,4,3,4,2,4,4,1,1,1,1
5,34,22,0.008333365432918072,0,0,4,3,4,4,4,4,1,1,1,1
5,34,26,0.017857976257801056,0,0,4,3,4,2,4,5,1,1,1,1
5,34,27,0.0031444316264241934,0,0,4,3,4,3,4,5,1,1,1,1
5,34,29,0.016710691154003143,0,0,4,3,4,5,4,5,1,1,1,1
5,34,32,0.0036956993862986565,0,0,4,4,4,2,4,2,1,1,1,1
5,34,33,0.0005899783573113382,0,0,4,4,4,3,4,3,1,1,1,1
5,34,37,0.0023416453041136265,0,0,4,5,4,2,4,2,1,2,1,2
5,34,38,0.0022076566237956285,0,0,4,5,4,3,4,3,1,2,1,2
5,34,39,0.001647746772505343,0,0,4,5,4,4,4,4,1,2,1,2
5,34,41,0.2696814239025116,0,1,4,6,4,1,4,0,1,0,1,1
5,34,44,0.39483311772346497,0,1,4,6,4,4,4,0,1,0,1,1
5,34,45,0.13903886079788208,0,1,4,6,4,5,4,0,1,0,1,1
5,35,0,0.001761381863616407,0,0,4,1,5,0,5,0,1,2,1,4
5,35,2,0.04906511306762695,0,0,4,3,5,2,5,1,1,1,1,1
5,35,3,0.020373856648802757,0,0,4,3,5,3,5,1,1,1,1,1
5,35,7,0.02585948444902897,0,0,4,3,5,1,5,2,1,1,1,1
5,35,8,0.018615376204252243,0,0,4,3,5,2,5,2,1,1,1,1
5,35,11,0.00810015294700861,0,0,4,3,5,5,5,2,1,1,1,1
5,35,13,0.06208743900060654,0,0,4,3,5,1,5,3,1,1,1,1
5,35,14,0.018118226900696754,0,0,4,3,5,2,5,3,1,1,1,1
5,35,16,0.02709006890654564,0,0,4,3,5,4,5,3,1,1,1,1
5,35,17,0.030306383967399597,0,0,4,3,5,5,5,3,1,1,1,1
5,35,19,0.19656312465667725,0,0,4,3,5,1,5,4,1,1,1,1
5,35,20,0.03253283351659775,0,0,4,3,5,2,5,4,1,1,1,1
5,35,22,0.08987998217344284,0,0,4,3,5,4,5,4,1,1,1,1
5,35,26,0.022842390462756157,0,0,4,3,5,2,5,5,1,1,1,1
5,35,27,0.09515254944562912,0,0,4,3,5,3,5,5,1,1,1,1
5,35,29,0.05860057845711708,0,0,4,3,5,5,5,5,1,1,1,1
5,35,32,0.0037936698645353317,0,0,4,4,5,2,5,2,1,1,1,1
5,35,33,0.017418723553419113,0,0,4,4,5,3,5,3,1,1,1,1
5,35,37,0.026774408295750618,0,0,4,5,5,2,5,2,1,2,1,2
5,35,38,0.04795323684811592,0,0,4,5,5,3,5,3,1,2,1,2
5,35,39,0.0380190871655941,0,0,4,5,5,4,5,4,1,2,1,2
5,35,41,0.06825561076402664,0,1,4,6,5,1,5,0,1,0,1,1
5,35,44,0.020661041140556335,0,1,4,6,5,4,5,0,1,0,1,1
5,35,45,0.020175322890281677,0,1,4,6,5,5,5,0,1,0,1,1
5,36,0,0.003574018133804202,0,0,5,1,1,0,1,0,2,2,2,4
5,36,2,0.005341204348951578,0,0,5,3,1,2,1,1,2,1,2,1
5,36,3,0.18319399654865265,0,0,5,3,1,3,1,1,2,1,2,1
5,36,7,0.021159397438168526,0,0,5,3,1,1,1,2,2,1,2,1
5,36,8,0.0008751723216846585,0,0,5,3,1,2,1,2,2,1,2,1
5,36,11,0.04344157502055168,0,0,5,3,1,5,1,2,2,1,2,1
5,36,13,0.007166110444813967,0,0,5,3,1,1,1,3,2,1,2,1
5,36,14,0.0056815859861671925,0,0,5,3,1,2,1,3,2,1,2,1
5,36,16,0.00601146649569273,0,0,5,3,1,4,1,3,2,1,2,1
5,36,17,0.0250715184956789,0,0,5,3,1,5,1,3,2,1,2,1
5,36,19,0.0023204078897833824,0,0,5,3,1,1,1,4,2,1,2,1
5,36,20,0.000862168031744659,0,0,5,3,1,2,1,4,2,1,2,1
5,36,22,0.005817609839141369,0,0,5,3,1,4,1,4,2,1,2,1
5,36,26,0.0008567330660298467,0,0,5,3,1,2,1,5,2,1,2,1
5,36,27,0.035652708262205124,0,0,5,3,1,3,1,5,2,1,2,1
5,36,29,0.004106949549168348,0,0,5,3,1,5,1,5,2,1,2,1
5,36,32,0.017447926104068756,0,0,5,4,1,2,1,2,2,1,2,1
5,36,33,0.6001424193382263,0,0,5,4,1,3,1,3,2,1,2,1
5,36,37,0.0001375349092995748,0,0,5,5,1,2,1,2,2,2,2,2
5,36,38,0.0026854146271944046,0,0,5,5,1,3,1,3,2,2,2,2
5,36,39,0.0002305507950950414,0,0,5,5,1,4,1,4,2,2,2,2
5,36,41,0.013366933912038803,0,1,5,6,1,1,1,0,2,0,2,1
5,36,44,0.002844385802745819,0,1,5,6,1,4,1,0,2,0,2,1
5,36,45,0.012011891230940819,0,1,5,6,1,5,1,0,2,0,2,1
5,40,0,0.006346290465444326,0,0,5,1,5,0,5,0,2,2,2,4
5,40,2,0.0008605567854829133,0,0,5,3,5,2,5,1,2,1,2,1
5,40,3,0.13712425529956818,0,0,5,3,5,3,5,1,2,1,2,1
5,40,7,0.010046093724668026,0,0,5,3,5,1,5,2,2,1,2,1
5,40,8,0.00022676348453387618,0,0,5,3,5,2,5,2,2,1,2,1
5,40,11,0.06751115620136261,0,0,5,3,5,5,5,2,2,1,2,1
5,40,13,0.0058079976588487625,0,0,5,3,5,1,5,3,2,1,2,1
5,40,14,0.00021565989300142974,0,0,5,3,5,2,5,3,2,1,2,1
5,40,16,0.005057534668594599,0,0,5,3,5,4,5,3,2,1,2,1
5,40,17,0.10888845473527908,0,0,5,3,5,5,5,3,2,1,2,1
5,40,19,0.0019895604345947504,0,0,5,3,5,1,5,4,2,1,2,1
5,40,20,5.939494803897105e-05,0,0,5,3,5,2,5,4,2,1,2,1
5,40,22,0.003803103929385543,0,0,5,3,5,4,5,4,2,1,2,1
5,40,26,0.001642161631025374,0,0,5,3,5,2,5,5,2,1,2,1
5,40,27,0.10045063495635986,0,0,5,3,5,3,5,5,2,1,2,1
5,40,29,0.09692085534334183,0,0,5,3,5,5,5,5,2,1,2,1
5,40,32,0.0005047862068749964,0,0,5,4,5,2,5,2,2,1,2,1
5,40,33,0.02021622657775879,0,0,5,4,5,3,5,3,2,1,2,1
5,40,37,0.033204201608896255,0,0,5,5,5,2,5,2,2,2,2,2
5,40,38,0.10374127328395844,0,0,5,5,5,3,5,3,2,2,2,2
5,40,39,0.2934996485710144,0,0,5,5,5,4,5,4,2,2,2,2
5,40,41,3.382449358468875e-05,0,1,5,6,5,1,5,0,2,0,2,1
5,40,44,0.0004510988655965775,0,1,5,6,5,4,5,0,2,0,2,1
5,40,45,0.0013986848061904311,0,1,5,6,5,5,5,0,2,0,2,1
5,42,0,0.008146749809384346,1,0,6,1,2,0,0,0,0,2,1,4
5,42,2,9.169583063339815e-05,1,0,6,3,2,2,0,1,0,1,1,1
5,42,3,3.5652032238431275e-05,1,0,6,3,2,3,0,1,0,1,1,1
5,42,7,7.805419954820536e-06,1,0,6,3,2,1,0,2,0,1,1,1
5,42,8,7.159971573855728e-05,1,0,6,3,2,2,0,2,0,1,1,1
5,42,11,0.00014559667033609003,1,0,6,3,2,5,0,2,0,1,1,1
5,42,13,6.0787446273025125e-05,1,0,6,3,2,1,0,3,0,1,1,1
5,42,14,0.0005171694792807102,1,0,6,3,2,2,0,3,0,1,1,1
5,42,16,0.00707244873046875,1,0,6,3,2,4,0,3,0,1,1,1
5,42,17,0.001209210604429245,1,0,6,3,2,5,0,3,0,1,1,1
5,42,19,9.396981477038935e-05,1,0,6,3,2,1,0,4,0,1,1,1
5,42,20,9.130353282671422e-05,1,0,6,3,2,2,0,4,0,1,1,1
5,42,22,0.0004660947306547314,1,0,6,3,2,4,0,4,0,1,1,1
5,42,26,0.0013128772843629122,1,0,6,3,2,2,0,5,0,1,1,1
5,42,27,0.0002683198545128107,1,0,6,3,2,3,0,5,0,1,1,1
5,42,29,0.00025236772489733994,1,0,6,3,2,5,0,5,0,1,1,1
5,42,32,2.9323138733161613e-05,1,0,6,4,2,2,0,2,0,1,1,1
5,42,33,7.890072083682753e-06,1,0,6,4,2,3,0,3,0,1,1,1
5,42,37,0.0006656610639765859,1,0,6,5,2,2,0,2,0,2,1,2
5,42,38,0.0011515795486047864,1,0,6,5,2,3,0,3,0,2,1,2
5,42,39,0.003414772218093276,1,0,6,5,2,4,0,4,0,2,1,2
5,42,41,0.0016051813727244735,1,1,6,6,2,1,0,0,0,0,1,1
5,42,44,0.943185031414032,1,1,6,6,2,4,0,0,0,0,1,1
5,42,45,0.03009650856256485,1,1,6,6,2,5,0,0,0,0,1,1
5,43,0,0.007752554956823587,1,0,6,1,3,0,0,0,0,2,1,4
5,43,2,0.001299257972277701,1,0,6,3,3,2,0,1,0,1,1,1
5,43,3,0.00013523772940970957,1,0,6,3,3,3,0,1,0,1,1,1
5,43,7,0.00010890280100284144,1,0,6,3,3,1,0,2,0,1,1,1
5,43,8,0.0006098616286180913,1,0,6,3,3,2,0,2,0,1,1,1
5,43,11,0.0006323335110209882,1,0,6,3,3,5,0,2,0,1,1,1
5,43,13,0.0005987048498354852,1,0,6,3,3,1,0,3,0,1,1,1
5,43,14,0.010774352587759495,1,0,6,3,3,2,0,3,0,1,1,1
5,43,16,0.032347388565540314,1,0,6,3,3,4,0,3,0,1,1,1
5,43,17,0.002927020424976945,1,0,6,3,3,5,0,3,0,1,1,1
5,43,19,0.0009651913424022496,1,0,6,3,3,1,0,4,0,1,1,1
5,43,20,0.0025034991558641195,1,0,6,3,3,2,0,4,0,1,1,1
5,43,22,0.005485003814101219,1,0,6,3,3,4,0,4,0,1,1,1
5,43,26,0.003713080193847418,1,0,6,3,3,2,0,5,0,1,1,1
5,43,27,0.001546535873785615,1,0,6,3,3,3,0,5,0,1,1,1
5,43,29,0.0007479461492039263,1,0,6,3,3,5,0,5,0,1,1,1
5,43,32,0.0004997503710910678,1,0,6,4,3,2,0,2,0,1,1,1
5,43,33,0.00037980967317707837,1,0,6,4,3,3,0,3,0,1,1,1
5,43,37,0.0001307147613260895,1,0,6,5,3,2,0,2,0,2,1,2
5,43,38,0.0010523524833843112,1,0,6,5,3,3,0,3,0,2,1,2
5,43,39,0.0006470280350185931,1,0,6,5,3,4,0,4,0,2,1,2
5,43,41,0.022030849009752274,1,1,6,6,3,1,0,0,0,0,1,1
5,43,44,0.8228846192359924,1,1,6,6,3,4,0,0,0,0,1,1
5,43,45,0.08022815734148026,1,1,6,6,3,5,0,0,0,0,1,1
5,46,0,0.002020742744207382,1,0,6,1,6,0,0,0,0,2,1,4
5,46,2,0.0003454794641584158,1,0,6,3,6,2,0,1,0,1,1,1
5,46,3,3.444832373133977e-06,1,0,6,3,6,3,0,1,0,1,1,1
5,46,7,6.987619372011977e-07,1,0,6,3,6,1,0,2,0,1,1,1
5,46,8,1.797369259293191e-05,1,0,6,3,6,2,0,2,0,1,1,1
5,46,11,3.930387265427271e-06,1,0,6,3,6,5,0,2,0,1,1,1
5,46,13,2.19369976548478e-05,1,0,6,3,6,1,0,3,0,1,1,1
5,46,14,0.0009788630995899439,1,0,6,3,6,2,0,3,0,1,1,1
5,46,16,0.006474141031503677,1,0,6,3,6,4,0,3,0,1,1,1
5,46,17,6.0365644458215684e-05,1,0,6,3,6,5,0,3,0,1,1,1
5,46,19,5.4620919399894774e-05,1,0,6,3,6,1,0,4,0,1,1,1
5,46,20,0.00038672893424518406,1,0,6,3,6,2,0,4,0,1,1,1
5,46,22,0.00485605513677001,1,0,6,3,6,4,0,4,0,1,1,1
5,46,26,0.00018490143702365458,1,0,6,3,6,2,0,5,0,1,1,1
5,46,27,0.0002970729547087103,1,0,6,3,6,3,0,5,0,1,1,1
5,46,29,8.17768341221381e-06,1,0,6,3,6,5,0,5,0,1,1,1
5,46,32,6.068862148822518e-06,1,0,6,4,6,2,0,2,0,1,1,1
5,46,33,1.6308062185999006e-05,1,0,6,4,6,3,0,3,0,1,1,1
5,46,37,6.201474661793327e-06,1,0,6,5,6,2,0,2,0,2,1,2
5,46,38,0.00016681542911101133,1,0,6,5,6,3,0,3,0,2,1,2
5,46,39,0.0001772282994352281,1,0,6,5,6,4,0,4,0,2,1,2
5,46,41,0.004214074462652206,1,1,6,6,6,1,0,0,0,0,1,1
5,46,44,0.9505574703216553,1,1,6,6,6,4,0,0,0,0,1,1
5,46,45,0.029141230508685112,1,1,6,6,6,5,0,0,0,0,1,1
5,47,0,0.00021101009042467922,2,0,7,1,0,0,0,0,0,2,4,4
5,47,2,0.000199268659343943,2,0,7,3,0,2,0,1,0,1,4,1
5,47,3,1.104864350054413e-05,2,0,7,3,0,3,0,1,0,1,4,1
5,47,7,1.2763793165504467e-05,2,0,7,3,0,1,0,2,0,1,4,1
5,47,8,3.920436211046763e-05,2,0,7,3,0,2,0,2,0,1,4,1
5,47,11,5.487570888362825e-06,2,0,7,3,0,5,0,2,0,1,4,1
5,47,13,1.1651416116364999e-06,2,0,7,3,0,1,0,3,0,1,4,1
5,47,14,0.002430886961519718,2,0,7,3,0,2,0,3,0,1,4,1
5,47,16,0.00014103524154052138,2,0,7,3,0,4,0,3,0,1,4,1
5,47,17,5.489172053785296e-06,2,0,7,3,0,5,0,3,0,1,4,1
5,47,19,0.00021884817397221923,2,0,7,3,0,1,0,4,0,1,4,1
5,47,20,0.00033751933369785547,2,0,7,3,0,2,0,4,0,1,4,1
5,47,22,0.0026865373365581036,2,0,7,3,0,4,0,4,0,1,4,1
5,47,26,0.00017518717504572123,2,0,7,3,0,2,0,5,0,1,4,1
5,47,27,0.0005723795620724559,2,0,7,3,0,3,0,5,0,1,4,1
5,47,29,4.544276453088969e-05,2,0,7,3,0,5,0,5,0,1,4,1
5,47,32,9.892982052406296e-05,2,0,7,4,0,2,0,2,0,1,4,1
5,47,33,5.549451543629402e-06,2,0,7,4,0,3,0,3,0,1,4,1
5,47,37,1.5653777154511772e-05,2,0,7,5,0,2,0,2,0,2,4,2
5,47,38,4.915863974019885e-05,2,0,7,5,0,3,0,3,0,2,4,2
5,47,39,4.3303818529238924e-05,2,0,7,5,0,4,0,4,0,2,4,2
5,47,41,0.28273308277130127,2,1,7,6,0,1,0,0,0,0,4,1
5,47,44,0.69303297996521,2,1,7,6,0,4,0,0,0,0,4,1
5,47,45,0.016927942633628845,2,1,7,6,0,5,0,0,0,0,4,1
6,1,0,0.0008603021269664168,0,0,3,1,1,0,1,0,1,2,1,4
6,1,3,0.00932962168008089,0,0,3,3,1,3,1,1,1,1,1,1
6,1,4,0.01417189184576273,0,0,3,3,1,4,1,1,1,1,1,1
6,1,5,0.038727786391973495,0,0,3,3,1,5,1,1,1,1,1,1
6,1,9,0.08543609827756882,0,0,3,3,1,3,1,2,1,1,1,1
6,1,11,0.05098796635866165,0,0,3,3,1,5,1,2,1,1,1,1
6,1,12,0.5972630381584167,0,0,3,3,1,6,1,2,1,1,1,1
6,1,14,0.007422909140586853,0,0,3,3,1,2,1,3,1,1,1,1
6,1,16,0.01033142488449812,0,0,3,3,1,4,1,3,1,1,1,1
6,1,17,0.027971137315034866,0,0,3,3,1,5,1,3,1,1,1,1
6,1,20,0.0003616964677348733,0,0,3,3,1,2,1,4,1,1,1,1
6,1,21,0.011070886626839638,0,0,3,3,1,3,1,4,1,1,1,1
6,1,22,0.005720567423850298,0,0,3,3,1,4,1,4,1,1,1,1
6,1,25,0.002397384727373719,0,0,3,3,1,1,1,5,1,1,1,1
6,1,27,0.0035787986125797033,0,0,3,3,1,3,1,5,1,1,1,1
6,1,30,0.0325869657099247,0,0,3,3,1,6,1,5,1,1,1,1
6,1,33,0.03252877667546272,0,0,3,4,1,3,1,3,1,1,1,1
6,1,34,0.014037190936505795,0,0,3,4,1,4,1,4,1,1,1,1
6,1,35,0.008396146818995476,0,0,3,4,1,5,1,5,1,1,1,1
6,1,39,0.01990474946796894,0,0,3,5,1,4,1,4,1,2,1,2
6,1,40,0.010920400731265545,0,0,3,5,1,5,1,5,1,2,1,2
6,1,41,0.003494804259389639,0,1,3,6,1,1,1,0,1,0,1,1
6,1,44,0.0055806501768529415,0,1,3,6,1,4,1,0,1,0,1,1
6,1,46,0.006919137202203274,0,1,3,6,1,6,1,0,1,0,1,1
6,2,0,0.13444888591766357,0,0,3,1,2,0,1,0,1,2,1,4
6,2,3,0.0026398624759167433,0,0,3,3,2,3,1,1,1,1,1,1
6,2,4,0.0013094405876472592,0,0,3,3,2,4,1,1,1,1,1,1
6,2,5,0.14000308513641357,0,0,3,3,2,5,1,1,1,1,1,1
6,2,9,0.0029441569931805134,0,0,3,3,2,3,1,2,1,1,1,1
6,2,11,0.03079192526638508,0,0,3,3,2,5,1,2,1,1,1,1
6,2,12,0.0545877106487751,0,0,3,3,2,6,1,2,1,1,1,1
6,2,14,0.03466776758432388,0,0,3,3,2,2,1,3,1,1,1,1
6,2,16,0.02587813325226307,0,0,3,3,2,4,1,3,1,1,1,1
6,2,17,0.15071627497673035,0,0,3,3,2,5,1,3,1,1,1,1
6,2,20,0.0010693351505324244,0,0,3,3,2,2,1,4,1,1,1,1
6,2,21,0.0007516031619161367,0,0,3,3,2,3,1,4,1,1,1,1
6,2,22,0.000704352161847055,0,0,3,3,2,4,1,4,1,1,1,1
6,2,25,0.0007605397258885205,0,0,3,3,2,1,1,5,1,1,1,1
6,2,27,0.00015332431939896196,0,0,3,3,2,3,1,5,1,1,1,1
6,2,30,0.008969633840024471,0,0,3,3,2,6,1,5,1,1,1,1
6,2,33,0.01598263718187809,0,0,3,4,2,3,1,3,1,1,1,1
6,2,34,0.00047603194252587855,0,0,3,4,2,4,1,4,1,1,1,1
6,2,35,0.0023908717557787895,0,0,3,4,2,5,1,5,1,1,1,1
6,2,39,0.08243162930011749,0,0,3,5,2,4,1,4,1,2,1,2
6,2,40,0.2290152758359909,0,0,3,5,2,5,1,5,1,2,1,2
6,2,41,0.011576501652598381,0,1,3,6,2,1,1,0,1,0,1,1
6,2,44,0.010891057550907135,0,1,3,6,2,4,1,0,1,0,1,1
6,2,46,0.05684000998735428,0,1,3,6,2,6,1,0,1,0,1,1
6,6,0,0.0016127825947478414,0,0,3,1,6,0,1,0,1,2,1,4
6,6,3,0.018437234684824944,0,0,3,3,6,3,1,1,1,1,1,1
6,6,4,0.014541322365403175,0,0,3,3,6,4,1,1,1,1,1,1
6,6,5,0.19713684916496277,0,0,3,3,6,5,1,1,1,1,1,1
6,6,9,0.0449691042304039,0,0,3,3,6,3,1,2,1,1,1,1
6,6,11,0.0376146137714386,0,0,3,3,6,5,1,2,1,1,1,1
6,6,12,0.13047891855239868,0,0,3,3,6,6,1,2,1,1,1,1
6,6,14,0.1219298467040062,0,0,3,3,6,2,1,3,1,1,1,1
6,6,16,0.010991399176418781,0,0,3,3,6,4,1,3,1,1,1,1
6,6,17,0.025012396275997162,0,0,3,3,6,5,1,3,1,1,1,1
6,6,20,0.006467406637966633,0,0,3,3,6,2,1,4,1,1,1,1
6,6,21,0.03176375478506088,0,0,3,3,6,3,1,4,1,1,1,1
6,6,22,0.005771256517618895,0,0,3,3,6,4,1,4,1,1,1,1
6,6,25,0.009489121846854687,0,0,3,3,6,1,1,5,1,1,1,1
6,6,27,0.018344588577747345,0,0,3,3,6,3,1,5,1,1,1,1
6,6,30,0.2134828120470047,0,0,3,3,6,6,1,5,1,1,1,1
6,6,33,0.026499440893530846,0,0,3,4,6,3,1,3,1,1,1,1
6,6,34,0.004888789728283882,0,0,3,4,6,4,1,4,1,1,1,1
6,6,35,0.02337670885026455,0,0,3,4,6,5,1,5,1,1,1,1
6,6,39,0.01230543665587902,0,0,3,5,6,4,1,4,1,2,1,2
6,6,40,0.0215982086956501,0,0,3,5,6,5,1,5,1,2,1,2
6,6,41,0.0037813892122358084,0,1,3,6,6,1,1,0,1,0,1,1
6,6,44,0.0015239868080243468,0,1,3,6,6,4,1,0,1,0,1,1
6,6,46,0.01798253133893013,0,1,3,6,6,6,1,0,1,0,1,1
6,7,0,6.906153430463746e-05,0,0,3,1,1,0,2,0,1,2,1,4
6,7,3,0.0039984071627259254,0,0,3,3,1,3,2,1,1,1,1,1
6,7,4,0.0005270956316962838,0,0,3,3,1,4,2,1,1,1,1,1
6,7,5,0.030299756675958633,0,0,3,3,1,5,2,1,1,1,1,1
6,7,9,0.03858216851949692,0,0,3,3,1,3,2,2,1,1,1,1
6,7,11,0.047976262867450714,0,0,3,3,1,5,2,2,1,1,1,1
6,7,12,0.670575737953186,0,0,3,3,1,6,2,2,1,1,1,1
6,7,14,0.013369658030569553,0,0,3,3,1,2,2,3,1,1,1,1
6,7,16,0.007483342196792364,0,0,3,3,1,4,2,3,1,1,1,1
6,7,17,0.08314787596464157,0,0,3,3,1,5,2,3,1,1,1,1
6,7,20,0.00035338400630280375,0,0,3,3,1,2,2,4,1,1,1,1
6,7,21,0.007231986150145531,0,0,3,3,1,3,2,4,1,1,1,1
6,7,22,0.0009996247244998813,0,0,3,3,1,4,2,4,1,1,1,1
6,7,25,0.0016590236919000745,0,0,3,3,1,1,2,5,1,1,1,1
6,7,27,0.0024172086268663406,0,0,3,3,1,3,2,5,1,1,1,1
6,7,30,0.05134079232811928,0,0,3,3,1,6,2,5,1,1,1,1
6,7,33,0.010244804434478283,0,0,3,4,1,3,2,3,1,1,1,1
6,7,34,0.0005989224882796407,0,0,3,4,1,4,2,4,1,1,1,1
6,7,35,0.000996994087472558,0,0,3,4,1,5,2,5,1,1,1,1
6,7,39,0.019255632534623146,0,0,3,5,1,4,2,4,1,2,1,2
6,7,40,0.00875236839056015,0,0,3,5,1,5,2,5,1,2,1,2
6,7,41,6.011177902109921e-06,0,1,3,6,1,1,2,0,1,0,1,1
6,7,44,1.0598718290566467e-05,0,1,3,6,1,4,2,0,1,0,1,1
6,7,46,0.00010297562403138727,0,1,3,6,1,6,2,0,1,0,1,1
6,8,0,0.009782788343727589,0,0,3,1,2,0,2,0,1,2,1,4
6,8,3,0.0020325668156147003,0,0,3,3,2,3,2,1,1,1,1,1
6,8,4,8.982886356534436e-05,0,0,3,3,2,4,2,1,1,1,1,1
6,8,5,0.025137601420283318,0,0,3,3,2,5,2,1,1,1,1,1
6,8,9,0.006601773202419281,0,0,3,3,2,3,2,2,1,1,1,1
6,8,11,0.033815111964941025,0,0,3,3,2,5,2,2,1,1,1,1
6,8,12,0.18269577622413635,0,0,3,3,2,6,2,2,1,1,1,1
6,8,14,0.05441008135676384,0,0,3,3,2,2,2,3,1,1,1,1
6,8,16,0.03368259593844414,0,0,3,3,2,4,2,3,1,1,1,1
6,8,17,0.5247029662132263,0,0,3,3,2,5,2,3,1,1,1,1
6,8,20,0.0019460013136267662,0,0,3,3,2,2,2,4,1,1,1,1
6,8,21,0.0015014174859970808,0,0,3,3,2,3,2,4,1,1,1,1
6,8,22,0.00046015350380912423,0,0,3,3,2,4,2,4,1,1,1,1
6,8,25,0.0012171646812930703,0,0,3,3,2,1,2,5,1,1,1,1
6,8,27,0.0005852991598658264,0,0,3,3,2,3,2,5,1,1,1,1
6,8,30,0.017715822905302048,0,0,3,3,2,6,2,5,1,1,1,1
6,8,33,0.0047742645256221294,0,0,3,4,2,3,2,3,1,1,1,1
6,8,34,8.392842573812231e-05,0,0,3,4,2,4,2,4,1,1,1,1
6,8,35,0.00041554414201527834,0,0,3,4,2,5,2,5,1,1,1,1
6,8,39,0.049292098730802536,0,0,3,5,2,4,2,4,1,2,1,2
6,8,40,0.04786308854818344,0,0,3,5,2,5,2,5,1,2,1,2
6,8,41,0.000107623178337235,0,1,3,6,2,1,2,0,1,0,1,1
6,8,44,7.906461542006582e-05,0,1,3,6,2,4,2,0,1,0,1,1
6,8,46,0.0010077966144308448,0,1,3,6,2,6,2,0,1,0,1,1
6,10,0,0.00012449271162040532,0,0,3,1,4,0,2,0,1,2,1,4
6,10,3,0.005900401156395674,0,0,3,3,4,3,2,1,1,1,1,1
6,10,4,0.0016368039650842547,0,0,3,3,4,4,2,1,1,1,1,1
6,10,5,0.09003077447414398,0,0,3,3,4,5,2,1,1,1,1,1
6,10,9,0.04069191962480545,0,0,3,3,4,3,2,2,1,1,1,1
6,10,11,0.07314630597829819,0,0,3,3,4,5,2,2,1,1,1,1
6,10,12,0.6671075224876404,0,0,3,3,4,6,2,2,1,1,1,1
6,10,14,0.021475663408637047,0,0,3,3,4,2,2,3,1,1,1,1
6,10,16,0.014106343500316143,0,0,3,3,4,4,2,3,1,1,1,1
6,10,17,0.046023618429899216,0,0,3,3,4,5,2,3,1,1,1,1
6,10,20,0.0023546195589005947,0,0,3,3,4,2,2,4,1,1,1,1
6,10,21,0.005357223097234964,0,0,3,3,4,3,2,4,1,1,1,1
6,10,22,0.000744236633181572,0,0,3,3,4,4,2,4,1,1,1,1
6,10,25,0.0005702449125237763,0,0,3,3,4,1,2,5,1,1,1,1
6,10,27,0.0005618852446787059,0,0,3,3,4,3,2,5,1,1,1,1
6,10,30,0.020694345235824585,0,0,3,3,4,6,2,5,1,1,1,1
6,10,33,0.002556523075327277,0,0,3,4,4,3,2,3,1,1,1,1
6,10,34,0.00023539223184343427,0,0,3,4,4,4,2,4,1,1,1,1
6,10,35,0.0014349210541695356,0,0,3,4,4,5,2,5,1,1,1,1
6,10,39,0.0035382371861487627,0,0,3,5,4,4,2,4,1,2,1,2
6,10,40,0.0010266221361234784,0,0,3,5,4,5,2,5,1,2,1,2
6,10,41,3.491074312478304e-05,0,1,3,6,4,1,2,0,1,0,1,1
6,10,44,2.7438285542302765e-05,0,1,3,6,4,4,2,0,1,0,1,1
6,10,46,0.000620082370005548,0,1,3,6,4,6,2,0,1,0,1,1
6,13,0,0.012802427634596825,0,0,3,1,1,0,3,0,1,2,1,4
6,13,3,0.004931692965328693,0,0,3,3,1,3,3,1,1,1,1,1
6,13,4,0.00023883474932517856,0,0,3,3,1,4,3,1,1,1,1,1
6,13,5,0.008084578439593315,0,0,3,3,1,5,3,1,1,1,1,1
6,13,9,0.04399462044239044,0,0,3,3,1,3,3,2,1,1,1,1
6,13,11,0.027840986847877502,0,0,3,3,1,5,3,2,1,1,1,1
6,13,12,0.23700100183486938,0,0,3,3,1,6,3,2,1,1,1,1
6,13,14,0.04606404900550842,0,0,3,3,1,2,3,3,1,1,1,1
6,13,16,0.04398125037550926,0,0,3,3,1,4,3,3,1,1,1,1
6,13,17,0.2078123390674591,0,0,3,3,1,5,3,3,1,1,1,1
6,13,20,0.0016724381130188704,0,0,3,3,1,2,3,4,1,1,1,1
6,13,21,0.007429103832691908,0,0,3,3,1,3,3,4,1,1,1,1
6,13,22,0.002785935765132308,0,0,3,3,1,4,3,4,1,1,1,1
6,13,25,0.010064051486551762,0,0,3,3,1,1,3,5,1,1,1,1
6,13,27,0.022232335060834885,0,0,3,3,1,3,3,5,1,1,1,1
6,13,30,0.08442321419715881,0,0,3,3,1,6,3,5,1,1,1,1
6,13,33,0.012229856103658676,0,0,3,4,1,3,3,3,1,1,1,1
6,13,34,0.0015796486986801028,0,0,3,4,1,4,3,4,1,1,1,1
6,13,35,0.0010586994467303157,0,0,3,4,1,5,3,5,1,1,1,1
6,13,39,0.1434277594089508,0,0,3,5,1,4,3,4,1,2,1,2
6,13,40,0.07891926169395447,0,0,3,5,1,5,3,5,1,2,1,2
6,13,41,0.0005529969348572195,0,1,3,6,1,1,3,0,1,0,1,1
6,13,44,0.00025360999279655516,0,1,3,6,1,4,3,0,1,0,1,1
6,13,46,0.0006190703716129065,0,1,3,6,1,6,3,0,1,0,1,1
6,15,0,0.005693135317414999,0,0,3,1,3,0,3,0,1,2,1,4
6,15,3,0.002718399278819561,0,0,3,3,3,3,3,1,1,1,1,1
6,15,4,0.00012101711035938933,0,0,3,3,3,4,3,1,1,1,1,1
6,15,5,0.08495617657899857,0,0,3,3,3,5,3,1,1,1,1,1
6,15,9,0.01594318263232708,0,0,3,3,3,3,3,2,1,1,1,1
6,15,11,0.018675854429602623,0,0,3,3,3,5,3,2,1,1,1,1
6,15,12,0.3900989294052124,0,0,3,3,3,6,3,2,1,1,1,1
6,15,14,0.1600969284772873,0,0,3,3,3,2,3,3,1,1,1,1
6,15,16,0.037354208528995514,0,0,3,3,3,4,3,3,1,1,1,1
6,15,17,0.06628978252410889,0,0,3,3,3,5,3,3,1,1,1,1
6,15,20,0.0023031816817820072,0,0,3,3,3,2,3,4,1,1,1,1
6,15,21,0.0026651835069060326,0,0,3,3,3,3,3,4,1,1,1,1
6,15,22,0.00037869089283049107,0,0,3,3,3,4,3,4,1,1,1,1
6,15,25,0.0007177838124334812,0,0,3,3,3,1,3,5,1,1,1,1
6,15,27,0.0009024834143929183,0,0,3,3,3,3,3,5,1,1,1,1
6,15,30,0.06564082205295563,0,0,3,3,3,6,3,5,1,1,1,1
6,15,33,0.00287180976010859,0,0,3,4,3,3,3,3,1,1,1,1
6,15,34,0.00010655079677235335,0,0,3,4,3,4,3,4,1,1,1,1
6,15,35,0.0006787823513150215,0,0,3,4,3,5,3,5,1,1,1,1
6,15,39,0.10517077893018723,0,0,3,5,3,4,3,4,1,2,1,2
6,15,40,0.03338681906461716,0,0,3,5,3,5,3,5,1,2,1,2
6,15,41,0.00017466726421844214,0,1,3,6,3,1,3,0,1,0,1,1
6,15,44,9.400991984875873e-05,0,1,3,6,3,4,3,0,1,0,1,1
6,15,46,0.0029610630590468645,0,1,3,6,3,6,3,0,1,0,1,1
6,18,0,0.1581893116235733,0,0,3,1,6,0,3,0,1,2,1,4
6,18,3,0.0016524160746484995,0,0,3,3,6,3,3,1,1,1,1,1
6,18,4,5.313707151799463e-05,0,0,3,3,6,4,3,1,1,1,1,1
6,18,5,0.04560783505439758,0,0,3,3,6,5,3,1,1,1,1,1
6,18,9,0.013591115362942219,0,0,3,3,6,3,3,2,1,1,1,1
6,18,11,0.004432508256286383,0,0,3,3,6,5,3,2,1,1,1,1
6,18,12,0.0477055162191391,0,0,3,3,6,6,3,2,1,1,1,1
6,18,14,0.1838090568780899,0,0,3,3,6,2,3,3,1,1,1,1
6,18,16,0.024835901334881783,0,0,3,3,6,4,3,3,1,1,1,1
6,18,17,0.04195551201701164,0,0,3,3,6,5,3,3,1,1,1,1
6,18,20,0.005705546122044325,0,0,3,3,6,2,3,4,1,1,1,1
6,18,21,0.004320962820202112,0,0,3,3,6,3,3,4,1,1,1,1
6,18,22,0.0007820954779163003,0,0,3,3,6,4,3,4,1,1,1,1
6,18,25,0.0009632472065277398,0,0,3,3,6,1,3,5,1,1,1,1
6,18,27,0.004045211244374514,0,0,3,3,6,3,3,5,1,1,1,1
6,18,30,0.036744121462106705,0,0,3,3,6,6,3,5,1,1,1,1
6,18,33,0.0037876188289374113,0,0,3,4,6,3,3,3,1,1,1,1
6,18,34,0.0002895884099416435,0,0,3,4,6,4,3,4,1,1,1,1
6,18,35,0.0006129620014689863,0,0,3,4,6,5,3,5,1,1,1,1
6,18,39,0.2016499787569046,0,0,3,5,6,4,3,4,1,2,1,2
6,18,40,0.204390287399292,0,0,3,5,6,5,3,5,1,2,1,2
6,18,41,0.006340709514915943,0,1,3,6,6,1,3,0,1,0,1,1
6,18,44,0.0016929727280512452,0,1,3,6,6,4,3,0,1,0,1,1
6,18,46,0.006842354312539101,0,1,3,6,6,6,3,0,1,0,1,1
6,19,0,0.0022456569131463766,0,0,3,1,1,0,4,0,1,2,1,4
6,19,3,0.0012419933918863535,0,0,3,3,1,3,4,1,1,1,1,1
6,19,4,0.0006988698150962591,0,0,3,3,1,4,4,1,1,1,1,1
6,19,5,0.0005034664645791054,0,0,3,3,1,5,4,1,1,1,1,1
6,19,9,0.14514175057411194,0,0,3,3,1,3,4,2,1,1,1,1
6,19,11,0.006902675144374371,0,0,3,3,1,5,4,2,1,1,1,1
6,19,12,0.2768208682537079,0,0,3,3,1,6,4,2,1,1,1,1
6,19,14,0.0008436042116954923,0,0,3,3,1,2,4,3,1,1,1,1
6,19,16,0.007817529141902924,0,0,3,3,1,4,4,3,1,1,1,1
6,19,17,0.011104041710495949,0,0,3,3,1,5,4,3,1,1,1,1
6,19,20,9.295801282860339e-05,0,0,3,3,1,2,4,4,1,1,1,1
6,19,21,0.004782308824360371,0,0,3,3,1,3,4,4,1,1,1,1
6,19,22,0.0055254981853067875,0,0,3,3,1,4,4,4,1,1,1,1
6,19,25,0.002412742003798485,0,0,3,3,1,1,4,5,1,1,1,1
6,19,27,0.004327469505369663,0,0,3,3,1,3,4,5,1,1,1,1
6,19,30,0.007137368433177471,0,0,3,3,1,6,4,5,1,1,1,1
6,19,33,0.024351781234145164,0,0,3,4,1,3,4,3,1,1,1,1
6,19,34,0.0369512215256691,0,0,3,4,1,4,4,4,1,1,1,1
6,19,35,0.0005163344321772456,0,0,3,4,1,5,4,5,1,1,1,1
6,19,39,0.44107678532600403,0,0,3,5,1,4,4,4,1,2,1,2
6,19,40,0.01689356379210949,0,0,3,5,1,5,4,5,1,2,1,2
6,19,41,0.0004951113369315863,0,1,3,6,1,1,4,0,1,0,1,1
6,19,44,0.0018028015037998557,0,1,3,6,1,4,4,0,1,0,1,1
6,19,46,0.0003138264291919768,0,1,3,6,1,6,4,0,1,0,1,1
6,23,0,0.0015099624870344996,0,0,3,1,5,0,4,0,1,2,1,4
6,23,3,0.03273743763566017,0,0,3,3,5,3,4,1,1,1,1,1
6,23,4,0.015343054197728634,0,0,3,3,5,4,4,1,1,1,1,1
6,23,5,0.016251882538199425,0,0,3,3,5,5,4,1,1,1,1,1
6,23,9,0.25067463517189026,0,0,3,3,5,3,4,2,1,1,1,1
6,23,11,0.03223884478211403,0,0,3,3,5,5,4,2,1,1,1,1
6,23,12,0.2449890375137329,0,0,3,3,5,6,4,2,1,1,1,1
6,23,14,0.02290814183652401,0,0,3,3,5,2,4,3,1,1,1,1
6,23,16,0.03066444583237171,0,0,3,3,5,4,4,3,1,1,1,1
6,23,17,0.03533649072051048,0,0,3,3,5,5,4,3,1,1,1,1
6,23,20,0.012468363158404827,0,0,3,3,5,2,4,4,1,1,1,1
6,23,21,0.051911722868680954,0,0,3,3,5,3,4,4,1,1,1,1
6,23,22,0.01275549829006195,0,0,3,3,5,4,4,4,1,1,1,1
6,23,25,0.005287099629640579,0,0,3,3,5,1,4,5,1,1,1,1
6,23,27,0.023455414921045303,0,0,3,3,5,3,4,5,1,1,1,1
6,23,30,0.05790705606341362,0,0,3,3,5,6,4,5,1,1,1,1
6,23,33,0.05271479859948158,0,0,3,4,5,3,4,3,1,1,1,1
6,23,34,0.03576453775167465,0,0,3,4,5,4,4,4,1,1,1,1
6,23,35,0.010887977667152882,0,0,3,4,5,5,4,5,1,1,1,1
6,23,39,0.040270958095788956,0,0,3,5,5,4,4,4,1,2,1,2
6,23,40,0.008414935320615768,0,0,3,5,5,5,4,5,1,2,1,2
6,23,41,0.000918070669285953,0,1,3,6,5,1,4,0,1,0,1,1
6,23,44,0.0016181180253624916,0,1,3,6,5,4,4,0,1,0,1,1
6,23,46,0.002971817972138524,0,1,3,6,5,6,4,0,1,0,1,1
6,24,0,0.015597919002175331,0,0,3,1,6,0,4,0,1,2,1,4
6,24,3,0.010606961324810982,0,0,3,3,6,3,4,1,1,1,1,1
6,24,4,0.0013546039117500186,0,0,3,3,6,4,4,1,1,1,1,1
6,24,5,0.095800019800663,0,0,3,3,6,5,4,1,1,1,1,1
6,24,9,0.03609713912010193,0,0,3,3,6,3,4,2,1,1,1,1
6,24,11,0.037476230412721634,0,0,3,3,6,5,4,2,1,1,1,1
6,24,12,0.24568407237529755,0,0,3,3,6,6,4,2,1,1,1,1
6,24,14,0.08390003442764282,0,0,3,3,6,2,4,3,1,1,1,1
6,24,16,0.0312640443444252,0,0,3,3,6,4,4,3,1,1,1,1
6,24,17,0.11874612420797348,0,0,3,3,6,5,4,3,1,1,1,1
6,24,20,0.008926146663725376,0,0,3,3,6,2,4,4,1,1,1,1
6,24,21,0.007193398661911488,0,0,3,3,6,3,4,4,1,1,1,1
6,24,22,0.0018746876157820225,0,0,3,3,6,4,4,4,1,1,1,1
6,24,25,0.0032701820600777864,0,0,3,3,6,1,4,5,1,1,1,1
6,24,27,0.003419525921344757,0,0,3,3,6,3,4,5,1,1,1,1
6,24,30,0.07694973051548004,0,0,3,3,6,6,4,5,1,1,1,1
6,24,33,0.02315690740942955,0,0,3,4,6,3,4,3,1,1,1,1
6,24,34,0.0008045377326197922,0,0,3,4,6,4,4,4,1,1,1,1
6,24,35,0.002123456448316574,0,0,3,4,6,5,4,5,1,1,1,1
6,24,39,0.10977105796337128,0,0,3,5,6,4,4,4,1,2,1,2
6,24,40,0.08329575508832932,0,0,3,5,6,5,4,5,1,2,1,2
6,24,41,0.0002512079954613,0,1,3,6,6,1,4,0,1,0,1,1
6,24,44,0.00018730369629338384,0,1,3,6,6,4,4,0,1,0,1,1
6,24,46,0.0022489679977297783,0,1,3,6,6,6,4,0,1,0,1,1
6,26,0,0.00614875229075551,0,0,3,1,2,0,5,0,1,2,1,4
6,26,3,0.002269396558403969,0,0,3,3,2,3,5,1,1,1,1,1
6,26,4,0.00016226789739448577,0,0,3,3,2,4,5,1,1,1,1,1
6,26,5,0.000998231815174222,0,0,3,3,2,5,5,1,1,1,1,1
6,26,9,0.04866931214928627,0,0,3,3,2,3,5,2,1,1,1,1
6,26,11,0.009046126157045364,0,0,3,3,2,5,5,2,1,1,1,1
6,26,12,0.11818263679742813,0,0,3,3,2,6,5,2,1,1,1,1
6,26,14,0.00812119897454977,0,0,3,3,2,2,5,3,1,1,1,1
6,26,16,0.013709217309951782,0,0,3,3,2,4,5,3,1,1,1,1
6,26,17,0.09664759039878845,0,0,3,3,2,5,5,3,1,1,1,1
6,26,20,0.0004633229982573539,0,0,3,3,2,2,5,4,1,1,1,1
6,26,21,0.003107838099822402,0,0,3,3,2,3,5,4,1,1,1,1
6,26,22,0.0028551695868372917,0,0,3,3,2,4,5,4,1,1,1,1
6,26,25,0.0044697355479002,0,0,3,3,2,1,5,5,1,1,1,1
6,26,27,0.007261745631694794,0,0,3,3,2,3,5,5,1,1,1,1
6,26,30,0.017339933663606644,0,0,3,3,2,6,5,5,1,1,1,1
6,26,33,0.024981128051877022,0,0,3,4,2,3,5,3,1,1,1,1
6,26,34,0.007319869939237833,0,0,3,4,2,4,5,4,1,1,1,1
6,26,35,0.0006377449026331306,0,0,3,4,2,5,5,5,1,1,1,1
6,26,39,0.5544406175613403,0,0,3,5,2,4,5,4,1,2,1,2
6,26,40,0.07181140780448914,0,0,3,5,2,5,5,5,1,2,1,2
6,26,41,0.00035306031350046396,0,1,3,6,2,1,5,0,1,0,1,1
6,26,44,0.0006779873510822654,0,1,3,6,2,4,5,0,1,0,1,1
6,26,46,0.00032579401158727705,0,1,3,6,2,6,5,0,1,0,1,1
6,28,0,0.0015664373058825731,0,0,3,1,4,0,5,0,1,2,1,4
6,28,3,0.01691131666302681,0,0,3,3,4,3,5,1,1,1,1,1
6,28,4,0.0052104368805885315,0,0,3,3,4,4,5,1,1,1,1,1
6,28,5,0.09977104514837265,0,0,3,3,4,5,5,1,1,1,1,1
6,28,9,0.059741001576185226,0,0,3,3,4,3,5,2,1,1,1,1
6,28,11,0.08263232558965683,0,0,3,3,4,5,5,2,1,1,1,1
6,28,12,0.42837926745414734,0,0,3,3,4,6,5,2,1,1,1,1
6,28,14,0.050017546862363815,0,0,3,3,4,2,5,3,1,1,1,1
6,28,16,0.025383589789271355,0,0,3,3,4,4,5,3,1,1,1,1
6,28,17,0.07308880984783173,0,0,3,3,4,5,5,3,1,1,1,1
6,28,20,0.008746977895498276,0,0,3,3,4,2,5,4,1,1,1,1
6,28,21,0.012778888456523418,0,0,3,3,4,3,5,4,1,1,1,1
6,28,22,0.004178653936833143,0,0,3,3,4,4,5,4,1,1,1,1
6,28,25,0.0065897624008357525,0,0,3,3,4,1,5,5,1,1,1,1
6,28,27,0.005407142452895641,0,0,3,3,4,3,5,5,1,1,1,1
6,28,30,0.07400324195623398,0,0,3,3,4,6,5,5,1,1,1,1
6,28,33,0.008994475938379765,0,0,3,4,4,3,5,3,1,1,1,1
6,28,34,0.0015221037901937962,0,0,3,4,4,4,5,4,1,1,1,1
6,28,35,0.005495015997439623,0,0,3,4,4,5,5,5,1,1,1,1
6,28,39,0.018609920516610146,0,0,3,5,4,4,5,4,1,2,1,2
6,28,40,0.007333539891988039,0,0,3,5,4,5,5,5,1,2,1,2
6,28,41,0.0004553381004370749,0,1,3,6,4,1,5,0,1,0,1,1
6,28,44,0.00027293062885291874,0,1,3,6,4,4,5,0,1,0,1,1
6,28,46,0.0029103164561092854,0,1,3,6,4,6,5,0,1,0,1,1
6,29,0,0.0015775291249155998,0,0,3,1,5,0,5,0,1,2,1,4
6,29,3,0.08603693544864655,0,0,3,3,5,3,5,1,1,1,1,1
6,29,4,0.06448179483413696,0,0,3,3,5,4,5,1,1,1,1,1
6,29,5,0.10789258778095245,0,0,3,3,5,5,5,1,1,1,1,1
6,29,9,0.07296206802129745,0,0,3,3,5,3,5,2,1,1,1,1
6,29,11,0.057272445410490036,0,0,3,3,5,5,5,2,1,1,1,1
6,29,12,0.09386630356311798,0,0,3,3,5,6,5,2,1,1,1,1
6,29,14,0.025121353566646576,0,0,3,3,5,2,5,3,1,1,1,1
6,29,16,0.009113761596381664,0,0,3,3,5,4,5,3,1,1,1,1
6,29,17,0.042002882808446884,0,0,3,3,5,5,5,3,1,1,1,1
6,29,20,0.019614633172750473,0,0,3,3,5,2,5,4,1,1,1,1
6,29,21,0.04437623172998428,0,0,3,3,5,3,5,4,1,1,1,1
6,29,22,0.01964585669338703,0,0,3,3,5,4,5,4,1,1,1,1
6,29,25,0.02352990210056305,0,0,3,3,5,1,5,5,1,1,1,1
6,29,27,0.03703179582953453,0,0,3,3,5,3,5,5,1,1,1,1
6,29,30,0.13941217958927155,0,0,3,3,5,6,5,5,1,1,1,1
6,29,33,0.053677719086408615,0,0,3,4,5,3,5,3,1,1,1,1
6,29,34,0.017905591055750847,0,0,3,4,5,4,5,4,1,1,1,1
6,29,35,0.048703163862228394,0,0,3,4,5,5,5,5,1,1,1,1
6,29,39,0.010997349396348,0,0,3,5,5,4,5,4,1,2,1,2
6,29,40,0.017857078462839127,0,0,3,5,5,5,5,5,1,2,1,2
6,29,41,0.0013657697709277272,0,1,3,6,5,1,5,0,1,0,1,1
6,29,44,0.0017989050829783082,0,1,3,6,5,4,5,0,1,0,1,1
6,29,46,0.0037561485078185797,0,1,3,6,5,6,5,0,1,0,1,1
6,31,0,0.0004015523591078818,0,0,4,1,1,0,1,0,1,2,1,4
6,31,3,0.004511785693466663,0,0,4,3,1,3,1,1,1,1,1,1
6,31,4,0.001798106823116541,0,0,4,3,1,4,1,1,1,1,1,1
6,31,5,0.015396508388221264,0,0,4,3,1,5,1,1,1,1,1,1
6,31,9,0.13015809655189514,0,0,4,3,1,3,1,2,1,1,1,1
6,31,11,0.016394365578889847,0,0,4,3,1,5,1,2,1,1,1,1
6,31,12,0.6671164631843567,0,0,4,3,1,6,1,2,1,1,1,1
6,31,14,0.008739358745515347,0,0,4,3,1,2,1,3,1,1,1,1
6,31,16,0.01399906910955906,0,0,4,3,1,4,1,3,1,1,1,1
6,31,17,0.01552669145166874,0,0,4,3,1,5,1,3,1,1,1,1
6,31,20,0.00022727757459506392,0,0,4,3,1,2,1,4,1,1,1,1
6,31,21,0.014521365985274315,0,0,4,3,1,3,1,4,1,1,1,1
6,31,22,0.002010071650147438,0,0,4,3,1,4,1,4,1,1,1,1
6,31,25,0.0008855272317305207,0,0,4,3,1,1,1,5,1,1,1,1
6,31,27,0.0065360586158931255,0,0,4,3,1,3,1,5,1,1,1,1
6,31,30,0.04749626666307449,0,0,4,3,1,6,1,5,1,1,1,1
6,31,33,0.015941878780722618,0,0,4,4,1,3,1,3,1,1,1,1
6,31,34,0.011038092896342278,0,0,4,4,1,4,1,4,1,1,1,1
6,31,35,0.003588409163057804,0,0,4,4,1,5,1,5,1,1,1,1
6,31,39,0.011160497553646564,0,0,4,5,1,4,1,4,1,2,1,2
6,31,40,0.005764900241047144,0,0,4,5,1,5,1,5,1,2,1,2
6,31,41,0.002620041137561202,0,1,4,6,1,1,1,0,1,0,1,1
6,31,44,0.0016015779692679644,0,1,4,6,1,4,1,0,1,0,1,1
6,31,46,0.0025660849642008543,0,1,4,6,1,6,1,0,1,0,1,1
6,32,0,0.002594436751678586,0,0,4,1,2,0,2,0,1,2,1,4
6,32,3,0.002615282079204917,0,0,4,3,2,3,2,1,1,1,1,1
6,32,4,0.00034376647090539336,0,0,4,3,2,4,2,1,1,1,1,1
6,32,5,0.011234587989747524,0,0,4,3,2,5,2,1,1,1,1,1
6,32,9,0.06613456457853317,0,0,4,3,2,3,2,2,1,1,1,1
6,32,11,0.01818273402750492,0,0,4,3,2,5,2,2,1,1,1,1
6,32,12,0.6560762524604797,0,0,4,3,2,6,2,2,1,1,1,1
6,32,14,0.010117441415786743,0,0,4,3,2,2,2,3,1,1,1,1
6,32,16,0.020586924627423286,0,0,4,3,2,4,2,3,1,1,1,1
6,32,17,0.054155100136995316,0,0,4,3,2,5,2,3,1,1,1,1
6,32,20,0.0005821490194648504,0,0,4,3,2,2,2,4,1,1,1,1
6,32,21,0.004684812389314175,0,0,4,3,2,3,2,4,1,1,1,1
6,32,22,0.0018500678706914186,0,0,4,3,2,4,2,4,1,1,1,1
6,32,25,0.0007277457625605166,0,0,4,3,2,1,2,5,1,1,1,1
6,32,27,0.0014660214073956013,0,0,4,3,2,3,2,5,1,1,1,1
6,32,30,0.0114709148183465,0,0,4,3,2,6,2,5,1,1,1,1
6,32,33,0.010740958154201508,0,0,4,4,2,3,2,3,1,1,1,1
6,32,34,0.003087293356657028,0,0,4,4,2,4,2,4,1,1,1,1
6,32,35,0.0007290574721992016,0,0,4,4,2,5,2,5,1,1,1,1
6,32,39,0.10306871682405472,0,0,4,5,2,4,2,4,1,2,1,2
6,32,40,0.016353018581867218,0,0,4,5,2,5,2,5,1,2,1,2
6,32,41,0.0006607252871617675,0,1,4,6,2,1,2,0,1,0,1,1
6,32,44,0.0010669006733223796,0,1,4,6,2,4,2,0,1,0,1,1
6,32,46,0.0014704209752380848,0,1,4,6,2,6,2,0,1,0,1,1
6,36,0,0.030139585956931114,0,0,5,1,1,0,1,0,2,2,2,4
6,36,3,0.00010054696031147614,0,0,5,3,1,3,1,1,2,1,2,1
6,36,4,0.0003064774500671774,0,0,5,3,1,4,1,1,2,1,2,1
6,36,5,0.0005527796456590295,0,0,5,3,1,5,1,1,2,1,2,1
6,36,9,2.9020962756476365e-05,0,0,5,3,1,3,1,2,2,1,2,1
6,36,11,0.00013325551117304713,0,0,5,3,1,5,1,2,2,1,2,1
6,36,12,6.678773206658661e-05,0,0,5,3,1,6,1,2,2,1,2,1
6,36,14,0.0016195910284295678,0,0,5,3,1,2,1,3,2,1,2,1
6,36,16,0.00032027089037001133,0,0,5,3,1,4,1,3,2,1,2,1
6,36,17,0.0004060136270709336,0,0,5,3,1,5,1,3,2,1,2,1
6,36,20,0.00011227729555685073,0,0,5,3,1,2,1,4,2,1,2,1
6,36,21,2.7467418476589955e-05,0,0,5,3,1,3,1,4,2,1,2,1
6,36,22,0.0002197820576839149,0,0,5,3,1,4,1,4,2,1,2,1
6,36,25,0.00034664239501580596,0,0,5,3,1,1,1,5,2,1,2,1
6,36,27,5.303829675540328e-05,0,0,5,3,1,3,1,5,2,1,2,1
6,36,30,0.0003298322553746402,0,0,5,3,1,6,1,5,2,1,2,1
6,36,33,0.00025478971656411886,0,0,5,4,1,3,1,3,2,1,2,1
6,36,34,0.00034489569952711463,0,0,5,4,1,4,1,4,2,1,2,1
6,36,35,0.00081809819675982,0,0,5,4,1,5,1,5,2,1,2,1
6,36,39,0.0013468823162838817,0,0,5,5,1,4,1,4,2,2,2,2
6,36,40,0.002729104831814766,0,0,5,5,1,5,1,5,2,2,2,2
6,36,41,0.5176403522491455,0,1,5,6,1,1,1,0,2,0,2,1
6,36,44,0.16807350516319275,0,1,5,6,1,4,1,0,2,0,2,1
6,36,46,0.27402904629707336,0,1,5,6,1,6,1,0,2,0,2,1
6,37,0,0.7957500219345093,0,0,5,1,2,0,2,0,2,2,2,4
6,37,3,6.689793372061104e-05,0,0,5,3,2,3,2,1,2,1,2,1
6,37,4,1.539671757200267e-05,0,0,5,3,2,4,2,1,2,1,2,1
6,37,5,0.0001564606063766405,0,0,5,3,2,5,2,1,2,1,2,1
6,37,9,6.213388405740261e-05,0,0,5,3,2,3,2,2,2,1,2,1
6,37,11,0.0001293778041144833,0,0,5,3,2,5,2,2,2,1,2,1
6,37,12,9.639016934670508e-05,0,0,5,3,2,6,2,2,2,1,2,1
6,37,14,0.00462677888572216,0,0,5,3,2,2,2,3,2,1,2,1
6,37,16,0.001035307883284986,0,0,5,3,2,4,2,3,2,1,2,1
6,37,17,0.00607345113530755,0,0,5,3,2,5,2,3,2,1,2,1
6,37,20,0.0010833489941433072,0,0,5,3,2,2,2,4,2,1,2,1
6,37,21,3.374980587977916e-05,0,0,5,3,2,3,2,4,2,1,2,1
6,37,22,0.0002530805068090558,0,0,5,3,2,4,2,4,2,1,2,1
6,37,25,0.00054710335098207,0,0,5,3,2,1,2,5,2,1,2,1
6,37,27,7.417137385345995e-05,0,0,5,3,2,3,2,5,2,1,2,1
6,37,30,0.0004179312672931701,0,0,5,3,2,6,2,5,2,1,2,1
6,37,33,0.00020561166456900537,0,0,5,4,2,3,2,3,2,1,2,1
6,37,34,0.00012448770576156676,0,0,5,4,2,4,2,4,2,1,2,1
6,37,35,0.00019471888663247228,0,0,5,4,2,5,2,5,2,1,2,1
6,37,39,0.02442135289311409,0,0,5,5,2,4,2,4,2,2,2,2
6,37,40,0.021435337141156197,0,0,5,5,2,5,2,5,2,2,2,2
6,37,41,0.07110223174095154,0,1,5,6,2,1,2,0,2,0,2,1
6,37,44,0.03293377533555031,0,1,5,6,2,4,2,0,2,0,2,1
6,37,46,0.03916081786155701,0,1,5,6,2,6,2,0,2,0,2,1
6,38,0,0.6020016074180603,0,0,5,1,3,0,3,0,2,2,2,4
6,38,3,5.384922133089276e-06,0,0,5,3,3,3,3,1,2,1,2,1
6,38,4,2.2413562419387745e-06,0,0,5,3,3,4,3,1,2,1,2,1
6,38,5,4.007541429018602e-05,0,0,5,3,3,5,3,1,2,1,2,1
6,38,9,5.191801392356865e-06,0,0,5,3,3,3,3,2,2,1,2,1
6,38,11,4.31669923273148e-06,0,0,5,3,3,5,3,2,2,1,2,1
6,38,12,6.982650575082516e-06,0,0,5,3,3,6,3,2,2,1,2,1
6,38,14,0.0012563728960230947,0,0,5,3,3,2,3,3,2,1,2,1
6,38,16,0.00017472472973167896,0,0,5,3,3,4,3,3,2,1,2,1
6,38,17,6.442690209951252e-05,0,0,5,3,3,5,3,3,2,1,2,1
6,38,20,0.00011973242362728342,0,0,5,3,3,2,3,4,2,1,2,1
6,38,21,3.8586417758779135e-06,0,0,5,3,3,3,3,4,2,1,2,1
6,38,22,1.885564051917754e-05,0,0,5,3,3,4,3,4,2,1,2,1
6,38,25,3.277839641668834e-05,0,0,5,3,3,1,3,5,2,1,2,1
6,38,27,9.715776286611799e-06,0,0,5,3,3,3,3,5,2,1,2,1
6,38,30,0.00015234758029691875,0,0,5,3,3,6,3,5,2,1,2,1
6,38,33,6.2068434090178926e-06,0,0,5,4,3,3,3,3,2,1,2,1
6,38,34,1.707955561869312e-05,0,0,5,4,3,4,3,4,2,1,2,1
6,38,35,4.937147969030775e-05,0,0,5,4,3,5,3,5,2,1,2,1
6,38,39,0.00208227033726871,0,0,5,5,3,4,3,4,2,2,2,2
6,38,40,0.002266968134790659,0,0,5,5,3,5,3,5,2,2,2,2
6,38,41,0.25800466537475586,0,1,5,6,3,1,3,0,2,0,2,1
6,38,44,0.03586374968290329,0,1,5,6,3,4,3,0,2,0,2,1
6,38,46,0.0978110134601593,0,1,5,6,3,6,3,0,2,0,2,1
6,42,0,1.5251148965944594e-07,1,0,6,1,2,0,0,0,0,2,1,4
6,42,3,0.0005163837922737002,1,0,6,3,2,3,0,1,0,1,1,1
6,42,4,0.00013661249249707907,1,0,6,3,2,4,0,1,0,1,1,1
6,42,5,0.000340220081852749,1,0,6,3,2,5,0,1,0,1,1,1
6,42,9,0.09978680312633514,1,0,6,3,2,3,0,2,0,1,1,1
6,42,11,0.009717878885567188,1,0,6,3,2,5,0,2,0,1,1,1
6,42,12,0.8521581888198853,1,0,6,3,2,6,0,2,0,1,1,1
6,42,14,0.000591110554523766,1,0,6,3,2,2,0,3,0,1,1,1
6,42,16,0.0023437808267772198,1,0,6,3,2,4,0,3,0,1,1,1
6,42,17,0.008571292273700237,1,0,6,3,2,5,0,3,0,1,1,1
6,42,20,6.808352191001177e-05,1,0,6,3,2,2,0,4,0,1,1,1
6,42,21,0.014289282262325287,1,0,6,3,2,3,0,4,0,1,1,1
6,42,22,0.0011667580110952258,1,0,6,3,2,4,0,4,0,1,1,1
6,42,25,6.587875395780429e-05,1,0,6,3,2,1,0,5,0,1,1,1
6,42,27,0.0004424164944794029,1,0,6,3,2,3,0,5,0,1,1,1
6,42,30,0.0007214162615127861,1,0,6,3,2,6,0,5,0,1,1,1
6,42,33,0.0021368893794715405,1,0,6,4,2,3,0,3,0,1,1,1
6,42,34,0.0035497278440743685,1,0,6,4,2,4,0,4,0,1,1,1
6,42,35,0.00011620149598456919,1,0,6,4,2,5,0,5,0,1,1,1
6,42,39,0.0032300075981765985,1,0,6,5,2,4,0,4,0,2,1,2
6,42,40,3.2062296668300405e-05,1,0,6,5,2,5,0,5,0,2,1,2
6,42,41,2.8362458692754444e-07,1,1,6,6,2,1,0,0,0,0,1,1
6,42,44,6.407202818081714e-06,1,1,6,6,2,4,0,0,0,0,1,1
6,42,46,1.2497156603785697e-05,1,1,6,6,2,6,0,0,0,0,1,1
6,43,0,8.24258776788156e-08,1,0,6,1,3,0,0,0,0,2,1,4
6,43,3,0.00044019758934155107,1,0,6,3,3,3,0,1,0,1,1,1
6,43,4,0.0003563199716154486,1,0,6,3,3,4,0,1,0,1,1,1
6,43,5,0.0008723209029994905,1,0,6,3,3,5,0,1,0,1,1,1
6,43,9,0.04187299683690071,1,0,6,3,3,3,0,2,0,1,1,1
6,43,11,0.011422869749367237,1,0,6,3,3,5,0,2,0,1,1,1
6,43,12,0.9216386079788208,1,0,6,3,3,6,0,2,0,1,1,1
6,43,14,0.0010188639862462878,1,0,6,3,3,2,0,3,0,1,1,1
6,43,16,0.002343245316296816,1,0,6,3,3,4,0,3,0,1,1,1
6,43,17,0.004194810055196285,1,0,6,3,3,5,0,3,0,1,1,1
6,43,20,1.7420612493879162e-05,1,0,6,3,3,2,0,4,0,1,1,1
6,43,21,0.008403250947594643,1,0,6,3,3,3,0,4,0,1,1,1
6,43,22,0.0005865187267772853,1,0,6,3,3,4,0,4,0,1,1,1
6,43,25,5.864892227691598e-05,1,0,6,3,3,1,0,5,0,1,1,1
6,43,27,0.0002834850747603923,1,0,6,3,3,3,0,5,0,1,1,1
6,43,30,0.0023489741142839193,1,0,6,3,3,6,0,5,0,1,1,1
6,43,33,0.0009195180027745664,1,0,6,4,3,3,0,3,0,1,1,1
6,43,34,0.002116101561114192,1,0,6,4,3,4,0,4,0,1,1,1
6,43,35,0.0003364937729202211,1,0,6,4,3,5,0,5,0,1,1,1
6,43,39,0.0005914737121202052,1,0,6,5,3,4,0,4,0,2,1,2
6,43,40,1.3413540727924556e-05,1,0,6,5,3,5,0,5,0,2,1,2
6,43,41,2.193180534959538e-06,1,1,6,6,3,1,0,0,0,0,1,1
6,43,44,1.673883161856793e-05,1,1,6,6,3,4,0,0,0,0,1,1
6,43,46,0.00014495747745968401,1,1,6,6,3,6,0,0,0,0,1,1
6,45,0,4.698578379702667e-07,1,0,6,1,5,0,0,0,0,2,1,4
6,45,3,0.0017216812120750546,1,0,6,3,5,3,0,1,0,1,1,1
6,45,4,0.0010807046201080084,1,0,6,3,5,4,0,1,0,1,1,1
6,45,5,0.005561483558267355,1,0,6,3,5,5,0,1,0,1,1,1
6,45,9,0.06325782835483551,1,0,6,3,5,3,0,2,0,1,1,1
6,45,11,0.01972530223429203,1,0,6,3,5,5,0,2,0,1,1,1
6,45,12,0.8615586757659912,1,0,6,3,5,6,0,2,0,1,1,1
6,45,14,0.0012433085357770324,1,0,6,3,5,2,0,3,0,1,1,1
6,45,16,0.0019965253304690123,1,0,6,3,5,4,0,3,0,1,1,1
6,45,17,0.005732751917093992,1,0,6,3,5,5,0,3,0,1,1,1
6,45,20,8.603894093539566e-05,1,0,6,3,5,2,0,4,0,1,1,1
6,45,21,0.02092316560447216,1,0,6,3,5,3,0,4,0,1,1,1
6,45,22,0.0019310594070702791,1,0,6,3,5,4,0,4,0,1,1,1
6,45,25,0.0002160899603040889,1,0,6,3,5,1,0,5,0,1,1,1
6,45,27,0.0008187413914129138,1,0,6,3,5,3,0,5,0,1,1,1
6,45,30,0.003811020404100418,1,0,6,3,5,6,0,5,0,1,1,1
6,45,33,0.0031267558224499226,1,0,6,4,5,3,0,3,0,1,1,1
6,45,34,0.004055136814713478,1,0,6,4,5,4,0,4,0,1,1,1
6,45,35,0.0012199366465210915,1,0,6,4,5,5,0,5,0,1,1,1
6,45,39,0.0016718171536922455,1,0,6,5,5,4,0,4,0,2,1,2
6,45,40,0.00012099740706617013,1,0,6,5,5,5,0,5,0,2,1,2
6,45,41,3.475820676612784e-06,1,1,6,6,5,1,0,0,0,0,1,1
6,45,44,4.05639257223811e-05,1,1,6,6,5,4,0,0,0,0,1,1
6,45,46,9.58444579737261e-05,1,1,6,6,5,6,0,0,0,0,1,1
6,47,0,7.259626727318391e-05,2,0,7,1,0,0,0,0,0,2,4,4
6,47,3,0.04718255624175072,2,0,7,3,0,3,0,1,0,1,4,1
6,47,4,0.5711907744407654,2,0,7,3,0,4,0,1,0,1,4,1
6,47,5,0.01929536834359169,2,0,7,3,0,5,0,1,0,1,4,1
6,47,9,0.01245869230479002,2,0,7,3,0,3,0,2,0,1,4,1
6,47,11,0.028521843254566193,2,0,7,3,0,5,0,2,0,1,4,1
6,47,12,0.006635785568505526,2,0,7,3,0,6,0,2,0,1,4,1
6,47,14,0.0004801960021723062,2,0,7,3,0,2,0,3,0,1,4,1
6,47,16,0.001258695381693542,2,0,7,3,0,4,0,3,0,1,4,1
6,47,17,0.003914461005479097,2,0,7,3,0,5,0,3,0,1,4,1
6,47,20,0.0025392333045601845,2,0,7,3,0,2,0,4,0,1,4,1
6,47,21,0.033177267760038376,2,0,7,3,0,3,0,4,0,1,4,1
6,47,22,0.026980694383382797,2,0,7,3,0,4,0,4,0,1,4,1
6,47,25,0.008994515053927898,2,0,7,3,0,1,0,5,0,1,4,1
6,47,27,0.011625094339251518,2,0,7,3,0,3,0,5,0,1,4,1
6,47,30,0.010782772675156593,2,0,7,3,0,6,0,5,0,1,4,1
6,47,33,0.019416464492678642,2,0,7,4,0,3,0,3,0,1,4,1
6,47,34,0.08064447343349457,2,0,7,4,0,4,0,4,0,1,4,1
6,47,35,0.10533541440963745,2,0,7,4,0,5,0,5,0,1,4,1
6,47,39,0.0001664439041633159,2,0,7,5,0,4,0,4,0,2,4,2
6,47,40,0.0007806276553310454,2,0,7,5,0,5,0,5,0,2,4,2
6,47,41,0.0010075148893520236,2,1,7,6,0,1,0,0,0,0,4,1
6,47,44,0.005255124066025019,2,1,7,6,0,4,0,0,0,0,4,1
6,47,46,0.002283180132508278,2,1,7,6,0,6,0,0,0,0,4,1
7,0,1,0.015883218497037888,0,0,1,3,0,1,0,1,2,1,4,1
7,0,2,0.1431048959493637,0,0,1,3,0,2,0,1,2,1,4,1
7,0,6,0.08621742576360703,0,0,1,3,0,6,0,1,2,1,4,1
7,0,7,0.06333810091018677,0,0,1,3,0,1,0,2,2,1,4,1
7,0,8,0.12387266755104065,0,0,1,3,0,2,0,2,2,1,4,1
7,0,10,0.1384686529636383,0,0,1,3,0,4,0,2,2,1,4,1
7,0,13,0.006542503368109465,0,0,1,3,0,1,0,3,2,1,4,1
7,0,15,0.03988944739103317,0,0,1,3,0,3,0,3,2,1,4,1
7,0,18,0.0016852559056133032,0,0,1,3,0,6,0,3,2,1,4,1
7,0,19,0.04153656214475632,0,0,1,3,0,1,0,4,2,1,4,1
7,0,23,0.00817251205444336,0,0,1,3,0,5,0,4,2,1,4,1
7,0,24,0.031197113916277885,0,0,1,3,0,6,0,4,2,1,4,1
7,0,26,0.04213596507906914,0,0,1,3,0,2,0,5,2,1,4,1
7,0,28,0.0075670648366212845,0,0,1,3,0,4,0,5,2,1,4,1
7,0,29,0.023274898529052734,0,0,1,3,0,5,0,5,2,1,4,1
7,0,31,0.009348465129733086,0,0,1,4,0,1,0,1,2,1,4,1
7,0,32,0.11816147714853287,0,0,1,4,0,2,0,2,2,1,4,1
7,0,36,0.0038123494014143944,0,0,1,5,0,1,0,1,2,2,4,2
7,0,37,0.014128470793366432,0,0,1,5,0,2,0,2,2,2,4,2
7,0,38,0.0020872661843895912,0,0,1,5,0,3,0,3,2,2,4,2
7,0,42,0.03871360793709755,0,1,1,6,0,2,0,0,2,0,4,1
7,0,43,0.01241984497755766,0,1,1,6,0,3,0,0,2,0,4,1
7,0,45,0.02809712663292885,0,1,1,6,0,5,0,0,2,0,4,1
7,0,47,0.0003449722134973854,0,2,1,7,0,0,0,0,2,0,4,4
7,3,1,0.019472932443022728,0,0,3,3,3,1,1,1,1,1,1,1
7,3,2,0.007564631290733814,0,0,3,3,3,2,1,1,1,1,1,1
7,3,6,0.015910571441054344,0,0,3,3,3,6,1,1,1,1,1,1
7,3,7,0.006436441093683243,0,0,3,3,3,1,1,2,1,1,1,1
7,3,8,0.002641701605170965,0,0,3,3,3,2,1,2,1,1,1,1
7,3,10,0.007525602821260691,0,0,3,3,3,4,1,2,1,1,1,1
7,3,13,0.017954697832465172,0,0,3,3,3,1,1,3,1,1,1,1
7,3,15,0.054485857486724854,0,0,3,3,3,3,1,3,1,1,1,1
7,3,18,0.017020661383867264,0,0,3,3,3,6,1,3,1,1,1,1
7,3,19,0.0010197306983172894,0,0,3,3,3,1,1,4,1,1,1,1
7,3,23,0.1371694654226303,0,0,3,3,3,5,1,4,1,1,1,1
7,3,24,0.013138554990291595,0,0,3,3,3,6,1,4,1,1,1,1
7,3,26,0.007200945168733597,0,0,3,3,3,2,1,5,1,1,1,1
7,3,28,0.03843499720096588,0,0,3,3,3,4,1,5,1,1,1,1
7,3,29,0.029657140374183655,0,0,3,3,3,5,1,5,1,1,1,1
7,3,31,0.08278372883796692,0,0,3,4,3,1,1,1,1,1,1,1
7,3,32,0.0015174931613728404,0,0,3,4,3,2,1,2,1,1,1,1
7,3,36,0.07469753175973892,0,0,3,5,3,1,1,1,1,2,1,2
7,3,37,0.003907202742993832,0,0,3,5,3,2,1,2,1,2,1,2
7,3,38,0.12429755181074142,0,0,3,5,3,3,1,3,1,2,1,2
7,3,42,0.01010588277131319,0,1,3,6,3,2,1,0,1,0,1,1
7,3,43,0.14980381727218628,0,1,3,6,3,3,1,0,1,0,1,1
7,3,45,0.11075369268655777,0,1,3,6,3,5,1,0,1,0,1,1
7,3,47,0.06649919599294662,0,2,3,7,3,0,1,0,1,0,1,4
7,4,1,0.001153770019300282,0,0,3,3,4,1,1,1,1,1,1,1
7,4,2,0.0002539651468396187,0,0,3,3,4,2,1,1,1,1,1,1
7,4,6,0.012940126471221447,0,0,3,3,4,6,1,1,1,1,1,1
7,4,7,0.0018960622837767005,0,0,3,3,4,1,1,2,1,1,1,1
7,4,8,0.0002917362144216895,0,0,3,3,4,2,1,2,1,1,1,1
7,4,10,0.0013841444160789251,0,0,3,3,4,4,1,2,1,1,1,1
7,4,13,0.0024822296109050512,0,0,3,3,4,1,1,3,1,1,1,1
7,4,15,0.0489853098988533,0,0,3,3,4,3,1,3,1,1,1,1
7,4,18,0.10075324773788452,0,0,3,3,4,6,1,3,1,1,1,1
7,4,19,0.00023261047317646444,0,0,3,3,4,1,1,4,1,1,1,1
7,4,23,0.00609376048669219,0,0,3,3,4,5,1,4,1,1,1,1
7,4,24,0.024242494255304337,0,0,3,3,4,6,1,4,1,1,1,1
7,4,26,0.0017101136036217213,0,0,3,3,4,2,1,5,1,1,1,1
7,4,28,0.0500248558819294,0,0,3,3,4,4,1,5,1,1,1,1
7,4,29,0.00387466698884964,0,0,3,3,4,5,1,5,1,1,1,1
7,4,31,0.00441306596621871,0,0,3,4,4,1,1,1,1,1,1,1
7,4,32,0.0003532877017278224,0,0,3,4,4,2,1,2,1,1,1,1
7,4,36,0.029377279803156853,0,0,3,5,4,1,1,1,1,2,1,2
7,4,37,0.005754420533776283,0,0,3,5,4,2,1,2,1,2,1,2
7,4,38,0.5797205567359924,0,0,3,5,4,3,1,3,1,2,1,2
7,4,42,0.0009451740770600736,0,1,3,6,4,2,1,0,1,0,1,1
7,4,43,0.03159323334693909,0,1,3,6,4,3,1,0,1,0,1,1
7,4,45,0.006677639205008745,0,1,3,6,4,5,1,0,1,0,1,1
7,4,47,0.08484596014022827,0,2,3,7,4,0,1,0,1,0,1,4
7,5,1,9.955034329323098e-05,0,0,3,3,5,1,1,1,1,1,1,1
7,5,2,5.336160484148422e-06,0,0,3,3,5,2,1,1,1,1,1,1
7,5,6,0.0004887864924967289,0,0,3,3,5,6,1,1,1,1,1,1
7,5,7,6.766469596186653e-05,0,0,3,3,5,1,1,2,1,1,1,1
7,5,8,1.0793637557071634e-05,0,0,3,3,5,2,1,2,1,1,1,1
7,5,10,0.00015886110486462712,0,0,3,3,5,4,1,2,1,1,1,1
7,5,13,0.00040378887206315994,0,0,3,3,5,1,1,3,1,1,1,1
7,5,15,0.004959736485034227,0,0,3,3,5,3,1,3,1,1,1,1
7,5,18,0.020942790433764458,0,0,3,3,5,6,1,3,1,1,1,1
7,5,19,6.1554233070637565e-06,0,0,3,3,5,1,1,4,1,1,1,1
7,5,23,0.00040064644417725503,0,0,3,3,5,5,1,4,1,1,1,1
7,5,24,0.002625779714435339,0,0,3,3,5,6,1,4,1,1,1,1
7,5,26,7.03159676049836e-05,0,0,3,3,5,2,1,5,1,1,1,1
7,5,28,0.009570230729877949,0,0,3,3,5,4,1,5,1,1,1,1
7,5,29,0.00020631567167583853,0,0,3,3,5,5,1,5,1,1,1,1
7,5,31,0.00026653672102838755,0,0,3,4,5,1,1,1,1,1,1,1
7,5,32,1.2077026440238114e-05,0,0,3,4,5,2,1,2,1,1,1,1
7,5,36,0.02189239114522934,0,0,3,5,5,1,1,1,1,2,1,2
7,5,37,0.002905648434534669,0,0,3,5,5,2,1,2,1,2,1,2
7,5,38,0.9251893758773804,0,0,3,5,5,3,1,3,1,2,1,2
7,5,42,3.819967605522834e-05,0,1,3,6,5,2,1,0,1,0,1,1
7,5,43,0.0028358553536236286,0,1,3,6,5,3,1,0,1,0,1,1
7,5,45,0.0007579897646792233,0,1,3,6,5,5,1,0,1,0,1,1
7,5,47,0.006085359025746584,0,2,3,7,5,0,1,0,1,0,1,4
7,9,1,0.026870667934417725,0,0,3,3,3,1,2,1,1,1,1,1
7,9,2,0.0034449584782123566,0,0,3,3,3,2,2,1,1,1,1,1
7,9,6,0.24854575097560883,0,0,3,3,3,6,2,1,1,1,1,1
7,9,7,0.0561688058078289,0,0,3,3,3,1,2,2,1,1,1,1
7,9,8,0.006899676751345396,0,0,3,3,3,2,2,2,1,1,1,1
7,9,10,0.008461592718958855,0,0,3,3,3,4,2,2,1,1,1,1
7,9,13,0.0368160754442215,0,0,3,3,3,1,2,3,1,1,1,1
7,9,15,0.022231578826904297,0,0,3,3,3,3,2,3,1,1,1,1
7,9,18,0.21677424013614655,0,0,3,3,3,6,2,3,1,1,1,1
7,9,19,0.016636669635772705,0,0,3,3,3,1,2,4,1,1,1,1
7,9,23,0.02034357376396656,0,0,3,3,3,5,2,4,1,1,1,1
7,9,24,0.15049484372138977,0,0,3,3,3,6,2,4,1,1,1,1
7,9,26,0.008437548764050007,0,0,3,3,3,2,2,5,1,1,1,1
7,9,28,0.027742397040128708,0,0,3,3,3,4,2,5,1,1,1,1
7,9,29,0.010782300494611263,0,0,3,3,3,5,2,5,1,1,1,1
7,9,31,0.040449921041727066,0,0,3,4,3,1,2,1,1,1,1,1
7,9,32,0.0036590625531971455,0,0,3,4,3,2,2,2,1,1,1,1
7,9,36,0.0018988004885613918,0,0,3,5,3,1,2,1,1,2,1,2
7,9,37,0.0014880277449265122,0,0,3,5,3,2,2,2,1,2,1,2
7,9,38,0.0011661819880828261,0,0,3,5,3,3,2,3,1,2,1,2
7,9,42,0.0010247098980471492,0,1,3,6,3,2,2,0,1,0,1,1
7,9,43,0.0013723799493163824,0,1,3,6,3,3,2,0,1,0,1,1
7,9,45,0.005567238200455904,0,1,3,6,3,5,2,0,1,0,1,1
7,9,47,0.08272293210029602,0,2,3,7,3,0,2,0,1,0,1,4
7,11,1,0.00859946571290493,0,0,3,3,5,1,2,1,1,1,1,1
7,11,2,0.001092398539185524,0,0,3,3,5,2,2,1,1,1,1,1
7,11,6,0.09579082578420639,0,0,3,3,5,6,2,1,1,1,1,1
7,11,7,0.012967105023562908,0,0,3,3,5,1,2,2,1,1,1,1
7,11,8,0.0018017051042988896,0,0,3,3,5,2,2,2,1,1,1,1
7,11,10,0.01054169051349163,0,0,3,3,5,4,2,2,1,1,1,1
7,11,13,0.04229951277375221,0,0,3,3,5,1,2,3,1,1,1,1
7,11,15,0.01608404889702797,0,0,3,3,5,3,2,3,1,1,1,1
7,11,18,0.46323567628860474,0,0,3,3,5,6,2,3,1,1,1,1
7,11,19,0.0028924299404025078,0,0,3,3,5,1,2,4,1,1,1,1
7,11,23,0.005992001388221979,0,0,3,3,5,5,2,4,1,1,1,1
7,11,24,0.09043527394533157,0,0,3,3,5,6,2,4,1,1,1,1
7,11,26,0.0028131958097219467,0,0,3,3,5,2,2,5,1,1,1,1
7,11,28,0.025330469012260437,0,0,3,3,5,4,2,5,1,1,1,1
7,11,29,0.0036686419043689966,0,0,3,3,5,5,2,5,1,1,1,1
7,11,31,0.02308858558535576,0,0,3,4,5,1,2,1,1,1,1,1
7,11,32,0.0004003795038443059,0,0,3,4,5,2,2,2,1,1,1,1
7,11,36,0.029401259496808052,0,0,3,5,5,1,2,1,1,2,1,2
7,11,37,0.01071193814277649,0,0,3,5,5,2,2,2,1,2,1,2
7,11,38,0.06911298632621765,0,0,3,5,5,3,2,3,1,2,1,2
7,11,42,0.0020591323263943195,0,1,3,6,5,2,2,0,1,0,1,1
7,11,43,0.004690186120569706,0,1,3,6,5,3,2,0,1,0,1,1
7,11,45,0.013175947591662407,0,1,3,6,5,5,2,0,1,0,1,1
7,11,47,0.06381521373987198,0,2,3,7,5,0,2,0,1,0,1,4
7,12,1,0.015143436379730701,0,0,3,3,6,1,2,1,1,1,1,1
7,12,2,0.011050574481487274,0,0,3,3,6,2,2,1,1,1,1,1
7,12,6,0.13837456703186035,0,0,3,3,6,6,2,1,1,1,1,1
7,12,7,0.01665528304874897,0,0,3,3,6,1,2,2,1,1,1,1
7,12,8,0.0020075482316315174,0,0,3,3,6,2,2,2,1,1,1,1
7,12,10,0.011973031796514988,0,0,3,3,6,4,2,2,1,1,1,1
7,12,13,0.06096925586462021,0,0,3,3,6,1,2,3,1,1,1,1
7,12,15,0.05216609314084053,0,0,3,3,6,3,2,3,1,1,1,1
7,12,18,0.0913621112704277,0,0,3,3,6,6,2,3,1,1,1,1
7,12,19,0.003651957493275404,0,0,3,3,6,1,2,4,1,1,1,1
7,12,23,0.016560304909944534,0,0,3,3,6,5,2,4,1,1,1,1
7,12,24,0.10551837086677551,0,0,3,3,6,6,2,4,1,1,1,1
7,12,26,0.0036430521868169308,0,0,3,3,6,2,2,5,1,1,1,1
7,12,28,0.016654765233397484,0,0,3,3,6,4,2,5,1,1,1,1
7,12,29,0.011059646494686604,0,0,3,3,6,5,2,5,1,1,1,1
7,12,31,0.02220122702419758,0,0,3,4,6,1,2,1,1,1,1,1
7,12,32,0.002318769693374634,0,0,3,4,6,2,2,2,1,1,1,1
7,12,36,0.0259606521576643,0,0,3,5,6,1,2,1,1,2,1,2
7,12,37,0.00855631660670042,0,0,3,5,6,2,2,2,1,2,1,2
7,12,38,0.03210332617163658,0,0,3,5,6,3,2,3,1,2,1,2
7,12,42,0.016411274671554565,0,1,3,6,6,2,2,0,1,0,1,1
7,12,43,0.041741590946912766,0,1,3,6,6,3,2,0,1,0,1,1
7,12,45,0.07591655850410461,0,1,3,6,6,5,2,0,1,0,1,1
7,12,47,0.2180003523826599,0,2,3,7,6,0,2,0,1,0,1,4
7,14,1,0.007786626927554607,0,0,3,3,2,1,3,1,1,1,1,1
7,14,2,0.00327339512296021,0,0,3,3,2,2,3,1,1,1,1,1
7,14,6,0.027814645320177078,0,0,3,3,2,6,3,1,1,1,1,1
7,14,7,0.005208831280469894,0,0,3,3,2,1,3,2,1,1,1,1
7,14,8,0.0004549895238596946,0,0,3,3,2,2,3,2,1,1,1,1
7,14,10,0.0018175619188696146,0,0,3,3,2,4,3,2,1,1,1,1
7,14,13,0.0325615331530571,0,0,3,3,2,1,3,3,1,1,1,1
7,14,15,0.03869854286313057,0,0,3,3,2,3,3,3,1,1,1,1
7,14,18,0.13799971342086792,0,0,3,3,2,6,3,3,1,1,1,1
7,14,19,0.0034844118636101484,0,0,3,3,2,1,3,4,1,1,1,1
7,14,23,0.03314480185508728,0,0,3,3,2,5,3,4,1,1,1,1
7,14,24,0.017167070880532265,0,0,3,3,2,6,3,4,1,1,1,1
7,14,26,0.0021008343901485205,0,0,3,3,2,2,3,5,1,1,1,1
7,14,28,0.018863419070839882,0,0,3,3,2,4,3,5,1,1,1,1
7,14,29,0.0073782168328762054,0,0,3,3,2,5,3,5,1,1,1,1
7,14,31,0.01237635686993599,0,0,3,4,2,1,3,1,1,1,1,1
7,14,32,0.0001264736201846972,0,0,3,4,2,2,3,2,1,1,1,1
7,14,36,0.015575887635350227,0,0,3,5,2,1,3,1,1,2,1,2
7,14,37,0.0003180179337505251,0,0,3,5,2,2,3,2,1,2,1,2
7,14,38,0.01756228506565094,0,0,3,5,2,3,3,3,1,2,1,2
7,14,42,0.025946469977498055,0,1,3,6,2,2,3,0,1,0,1,1
7,14,43,0.18765996396541595,0,1,3,6,2,3,3,0,1,0,1,1
7,14,45,0.047751832753419876,0,1,3,6,2,5,3,0,1,0,1,1
7,14,47,0.35492804646492004,0,2,3,7,2,0,3,0,1,0,1,4
7,16,1,0.0031402036547660828,0,0,3,3,4,1,3,1,1,1,1,1
7,16,2,0.0027242370415478945,0,0,3,3,4,2,3,1,1,1,1,1
7,16,6,0.023959146812558174,0,0,3,3,4,6,3,1,1,1,1,1
7,16,7,0.01570824347436428,0,0,3,3,4,1,3,2,1,1,1,1
7,16,8,0.002397183096036315,0,0,3,3,4,2,3,2,1,1,1,1
7,16,10,0.003153943456709385,0,0,3,3,4,4,3,2,1,1,1,1
7,16,13,0.014041412621736526,0,0,3,3,4,1,3,3,1,1,1,1
7,16,15,0.013594474643468857,0,0,3,3,4,3,3,3,1,1,1,1
7,16,18,0.08731921017169952,0,0,3,3,4,6,3,3,1,1,1,1
7,16,19,0.0018304705154150724,0,0,3,3,4,1,3,4,1,1,1,1
7,16,23,0.007277629803866148,0,0,3,3,4,5,3,4,1,1,1,1
7,16,24,0.021746061742305756,0,0,3,3,4,6,3,4,1,1,1,1
7,16,26,0.005153065547347069,0,0,3,3,4,2,3,5,1,1,1,1
7,16,28,0.0180987436324358,0,0,3,3,4,4,3,5,1,1,1,1
7,16,29,0.01329796016216278,0,0,3,3,4,5,3,5,1,1,1,1
7,16,31,0.007681128568947315,0,0,3,4,4,1,3,1,1,1,1,1
7,16,32,0.0009642501827329397,0,0,3,4,4,2,3,2,1,1,1,1
7,16,36,0.012362174689769745,0,0,3,5,4,1,3,1,1,2,1,2
7,16,37,0.007829484529793262,0,0,3,5,4,2,3,2,1,2,1,2
7,16,38,0.017744343727827072,0,0,3,5,4,3,3,3,1,2,1,2
7,16,42,0.010939400643110275,0,1,3,6,4,2,3,0,1,0,1,1
7,16,43,0.033089518547058105,0,1,3,6,4,3,3,0,1,0,1,1
7,16,45,0.021544668823480606,0,1,3,6,4,5,3,0,1,0,1,1
7,16,47,0.6544034481048584,0,2,3,7,4,0,3,0,1,0,1,4
7,17,1,0.001153244636952877,0,0,3,3,5,1,3,1,1,1,1,1
7,17,2,0.00019473547581583261,0,0,3,3,5,2,3,1,1,1,1,1
7,17,6,0.02046503871679306,0,0,3,3,5,6,3,1,1,1,1,1
7,17,7,0.004650099668651819,0,0,3,3,5,1,3,2,1,1,1,1
7,17,8,0.0015260126674547791,0,0,3,3,5,2,3,2,1,1,1,1
7,17,10,0.020705658942461014,0,0,3,3,5,4,3,2,1,1,1,1
7,17,13,0.009798184968531132,0,0,3,3,5,1,3,3,1,1,1,1
7,17,15,0.007162544410675764,0,0,3,3,5,3,3,3,1,1,1,1
7,17,18,0.22544491291046143,0,0,3,3,5,6,3,3,1,1,1,1
7,17,19,0.0007752765668556094,0,0,3,3,5,1,3,4,1,1,1,1
7,17,23,0.006450094282627106,0,0,3,3,5,5,3,4,1,1,1,1
7,17,24,0.020946815609931946,0,0,3,3,5,6,3,4,1,1,1,1
7,17,26,0.002538147149607539,0,0,3,3,5,2,3,5,1,1,1,1
7,17,28,0.10635416954755783,0,0,3,3,5,4,3,5,1,1,1,1
7,17,29,0.005760611034929752,0,0,3,3,5,5,3,5,1,1,1,1
7,17,31,0.0062934476882219315,0,0,3,4,5,1,3,1,1,1,1,1
7,17,32,0.00024733084137551486,0,0,3,4,5,2,3,2,1,1,1,1
7,17,36,0.04046466946601868,0,0,3,5,5,1,3,1,1,2,1,2
7,17,37,0.03174077346920967,0,0,3,5,5,2,3,2,1,2,1,2
7,17,38,0.42014679312705994,0,0,3,5,5,3,3,3,1,2,1,2
7,17,42,0.0007471198914572597,0,1,3,6,5,2,3,0,1,0,1,1
7,17,43,0.00406723003834486,0,1,3,6,5,3,3,0,1,0,1,1
7,17,45,0.01199866272509098,0,1,3,6,5,5,3,0,1,0,1,1
7,17,47,0.05036811903119087,0,2,3,7,5,0,3,0,1,0,1,4
7,20,1,0.010720375925302505,0,0,3,3,2,1,4,1,1,1,1,1
7,20,2,0.006307962816208601,0,0,3,3,2,2,4,1,1,1,1,1
7,20,6,0.02326490916311741,0,0,3,3,2,6,4,1,1,1,1,1
7,20,7,0.005668437574058771,0,0,3,3,2,1,4,2,1,1,1,1
7,20,8,0.0002766931429505348,0,0,3,3,2,2,4,2,1,1,1,1
7,20,10,0.000831349054351449,0,0,3,3,2,4,4,2,1,1,1,1
7,20,13,0.036085180938243866,0,0,3,3,2,1,4,3,1,1,1,1
7,20,15,0.03247429430484772,0,0,3,3,2,3,4,3,1,1,1,1
7,20,18,0.06181514263153076,0,0,3,3,2,6,4,3,1,1,1,1
7,20,19,0.0025571424048393965,0,0,3,3,2,1,4,4,1,1,1,1
7,20,23,0.021116577088832855,0,0,3,3,2,5,4,4,1,1,1,1
7,20,24,0.05977434292435646,0,0,3,3,2,6,4,4,1,1,1,1
7,20,26,0.001934143714606762,0,0,3,3,2,2,4,5,1,1,1,1
7,20,28,0.0034409279469400644,0,0,3,3,2,4,4,5,1,1,1,1
7,20,29,0.006231706589460373,0,0,3,3,2,5,4,5,1,1,1,1
7,20,31,0.016700252890586853,0,0,3,4,2,1,4,1,1,1,1,1
7,20,32,0.0007909545092843473,0,0,3,4,2,2,4,2,1,1,1,1
7,20,36,0.020424382761120796,0,0,3,5,2,1,4,1,1,2,1,2
7,20,37,0.0008267650846391916,0,0,3,5,2,2,4,2,1,2,1,2
7,20,38,0.012991164810955524,0,0,3,5,2,3,4,3,1,2,1,2
7,20,42,0.1292666643857956,0,1,3,6,2,2,4,0,1,0,1,1
7,20,43,0.2509593665599823,0,1,3,6,2,3,4,0,1,0,1,1
7,20,45,0.20248685777187347,0,1,3,6,2,5,4,0,1,0,1,1
7,20,47,0.09305457770824432,0,2,3,7,2,0,4,0,1,0,1,4
7,21,1,0.10977919399738312,0,0,3,3,3,1,4,1,1,1,1,1
7,21,2,0.011739390902221203,0,0,3,3,3,2,4,1,1,1,1,1
7,21,6,0.059552546590566635,0,0,3,3,3,6,4,1,1,1,1,1
7,21,7,0.031043866649270058,0,0,3,3,3,1,4,2,1,1,1,1
7,21,8,0.00120729417540133,0,0,3,3,3,2,4,2,1,1,1,1
7,21,10,0.003799749305471778,0,0,3,3,3,4,4,2,1,1,1,1
7,21,13,0.07355671375989914,0,0,3,3,3,1,4,3,1,1,1,1
7,21,15,0.007662453688681126,0,0,3,3,3,3,4,3,1,1,1,1
7,21,18,0.021299874410033226,0,0,3,3,3,6,4,3,1,1,1,1
7,21,19,0.006613488774746656,0,0,3,3,3,1,4,4,1,1,1,1
7,21,23,0.06774178147315979,0,0,3,3,3,5,4,4,1,1,1,1
7,21,24,0.0387275405228138,0,0,3,3,3,6,4,4,1,1,1,1
7,21,26,0.005011127796024084,0,0,3,3,3,2,4,5,1,1,1,1
7,21,28,0.0055520012974739075,0,0,3,3,3,4,4,5,1,1,1,1
7,21,29,0.02211003564298153,0,0,3,3,3,5,4,5,1,1,1,1
7,21,31,0.29354801774024963,0,0,3,4,3,1,4,1,1,1,1,1
7,21,32,0.0019651465117931366,0,0,3,4,3,2,4,2,1,1,1,1
7,21,36,0.0487830750644207,0,0,3,5,3,1,4,1,1,2,1,2
7,21,37,0.0014424067921936512,0,0,3,5,3,2,4,2,1,2,1,2
7,21,38,0.002036683028563857,0,0,3,5,3,3,4,3,1,2,1,2
7,21,42,0.014356872998178005,0,1,3,6,3,2,4,0,1,0,1,1
7,21,43,0.011886860243976116,0,1,3,6,3,3,4,0,1,0,1,1
7,21,45,0.1261996477842331,0,1,3,6,3,5,4,0,1,0,1,1
7,21,47,0.03438433259725571,0,2,3,7,3,0,4,0,1,0,1,4
7,22,1,0.009762216359376907,0,0,3,3,4,1,4,1,1,1,1,1
7,22,2,0.00533511396497488,0,0,3,3,4,2,4,1,1,1,1,1
7,22,6,0.33549147844314575,0,0,3,3,4,6,4,1,1,1,1,1
7,22,7,0.011530931107699871,0,0,3,3,4,1,4,2,1,1,1,1
7,22,8,0.0006640171050094068,0,0,3,3,4,2,4,2,1,1,1,1
7,22,10,0.0026474196929484606,0,0,3,3,4,4,4,2,1,1,1,1
7,22,13,0.022693675011396408,0,0,3,3,4,1,4,3,1,1,1,1
7,22,15,0.082882359623909,0,0,3,3,4,3,4,3,1,1,1,1
7,22,18,0.12064756453037262,0,0,3,3,4,6,4,3,1,1,1,1
7,22,19,0.0007841772749088705,0,0,3,3,4,1,4,4,1,1,1,1
7,22,23,0.004962524864822626,0,0,3,3,4,5,4,4,1,1,1,1
7,22,24,0.1738509237766266,0,0,3,3,4,6,4,4,1,1,1,1
7,22,26,0.00137509114574641,0,0,3,3,4,2,4,5,1,1,1,1
7,22,28,0.004711911082267761,0,0,3,3,4,4,4,5,1,1,1,1
7,22,29,0.0029583980794996023,0,0,3,3,4,5,4,5,1,1,1,1
7,22,31,0.01556158997118473,0,0,3,4,4,1,4,1,1,1,1,1
7,22,32,0.00045553958625532687,0,0,3,4,4,2,4,2,1,1,1,1
7,22,36,0.01132374070584774,0,0,3,5,4,1,4,1,1,2,1,2
7,22,37,0.0015991086838766932,0,0,3,5,4,2,4,2,1,2,1,2
7,22,38,0.016439778730273247,0,0,3,5,4,3,4,3,1,2,1,2
7,22,42,0.007294490467756987,0,1,3,6,4,2,4,0,1,0,1,1
7,22,43,0.031249405816197395,0,1,3,6,4,3,4,0,1,0,1,1
7,22,45,0.03953006491065025,0,1,3,6,4,5,4,0,1,0,1,1
7,22,47,0.09624849259853363,0,2,3,7,4,0,4,0,1,0,1,4
7,25,1,0.00502134719863534,0,0,3,3,1,1,5,1,1,1,1,1
7,25,2,0.00024381722323596478,0,0,3,3,1,2,5,1,1,1,1,1
7,25,6,0.019091496244072914,0,0,3,3,1,6,5,1,1,1,1,1
7,25,7,0.001312391133978963,0,0,3,3,1,1,5,2,1,1,1,1
7,25,8,0.0001889094855869189,0,0,3,3,1,2,5,2,1,1,1,1
7,25,10,0.0022230022586882114,0,0,3,3,1,4,5,2,1,1,1,1
7,25,13,0.012215975672006607,0,0,3,3,1,1,5,3,1,1,1,1
7,25,15,0.027515200898051262,0,0,3,3,1,3,5,3,1,1,1,1
7,25,18,0.20457570254802704,0,0,3,3,1,6,5,3,1,1,1,1
7,25,19,0.0006026323535479605,0,0,3,3,1,1,5,4,1,1,1,1
7,25,23,0.020436571910977364,0,0,3,3,1,5,5,4,1,1,1,1
7,25,24,0.015453305095434189,0,0,3,3,1,6,5,4,1,1,1,1
7,25,26,0.00108374806586653,0,0,3,3,1,2,5,5,1,1,1,1
7,25,28,0.06071292608976364,0,0,3,3,1,4,5,5,1,1,1,1
7,25,29,0.0034805734176188707,0,0,3,3,1,5,5,5,1,1,1,1
7,25,31,0.019609985873103142,0,0,3,4,1,1,5,1,1,1,1,1
7,25,32,7.62815834605135e-05,0,0,3,4,1,2,5,2,1,1,1,1
7,25,36,0.06238222122192383,0,0,3,5,1,1,5,1,1,2,1,2
7,25,37,0.001641884446144104,0,0,3,5,1,2,5,2,1,2,1,2
7,25,38,0.44898879528045654,0,0,3,5,1,3,5,3,1,2,1,2
7,25,42,0.0005462893168441951,0,1,3,6,1,2,5,0,1,0,1,1
7,25,43,0.016510428860783577,0,1,3,6,1,3,5,0,1,0,1,1
7,25,45,0.008333682082593441,0,1,3,6,1,5,5,0,1,0,1,1
7,25,47,0.06775268912315369,0,2,3,7,1,0,5,0,1,0,1,4
7,27,1,0.034576985985040665,0,0,3,3,3,1,5,1,1,1,1,1
7,27,2,0.012572023086249828,0,0,3,3,3,2,5,1,1,1,1,1
7,27,6,0.09191170334815979,0,0,3,3,3,6,5,1,1,1,1,1
7,27,7,0.04382004961371422,0,0,3,3,3,1,5,2,1,1,1,1
7,27,8,0.009217745624482632,0,0,3,3,3,2,5,2,1,1,1,1
7,27,10,0.03554708883166313,0,0,3,3,3,4,5,2,1,1,1,1
7,27,13,0.03627055510878563,0,0,3,3,3,1,5,3,1,1,1,1
7,27,15,0.058220457285642624,0,0,3,3,3,3,5,3,1,1,1,1
7,27,18,0.038000885397195816,0,0,3,3,3,6,5,3,1,1,1,1
7,27,19,0.03139147907495499,0,0,3,3,3,1,5,4,1,1,1,1
7,27,23,0.20096105337142944,0,0,3,3,3,5,5,4,1,1,1,1
7,27,24,0.03705574572086334,0,0,3,3,3,6,5,4,1,1,1,1
7,27,26,0.015415231697261333,0,0,3,3,3,2,5,5,1,1,1,1
7,27,28,0.08443553745746613,0,0,3,3,3,4,5,5,1,1,1,1
7,27,29,0.03751290962100029,0,0,3,3,3,5,5,5,1,1,1,1
7,27,31,0.07776747643947601,0,0,3,4,3,1,5,1,1,1,1,1
7,27,32,0.004667155910283327,0,0,3,4,3,2,5,2,1,1,1,1
7,27,36,0.010141930542886257,0,0,3,5,3,1,5,1,1,2,1,2
7,27,37,0.0008196579874493182,0,0,3,5,3,2,5,2,1,2,1,2
7,27,38,0.003664914285764098,0,0,3,5,3,3,5,3,1,2,1,2
7,27,42,0.008894500322639942,0,1,3,6,3,2,5,0,1,0,1,1
7,27,43,0.029916903004050255,0,1,3,6,3,3,5,0,1,0,1,1
7,27,45,0.06898531317710876,0,1,3,6,3,5,5,0,1,0,1,1
7,27,47,0.028232673183083534,0,2,3,7,3,0,5,0,1,0,1,4
7,30,1,0.0021140954922884703,0,0,3,3,6,1,5,1,1,1,1,1
7,30,2,0.00144853291567415,0,0,3,3,6,2,5,1,1,1,1,1
7,30,6,0.007448297925293446,0,0,3,3,6,6,5,1,1,1,1,1
7,30,7,0.001904689590446651,0,0,3,3,6,1,5,2,1,1,1,1
7,30,8,0.0005390782025642693,0,0,3,3,6,2,5,2,1,1,1,1
7,30,10,0.0022625268902629614,0,0,3,3,6,4,5,2,1,1,1,1
7,30,13,0.013481526635587215,0,0,3,3,6,1,5,3,1,1,1,1
7,30,15,0.09586445987224579,0,0,3,3,6,3,5,3,1,1,1,1
7,30,18,0.05602326989173889,0,0,3,3,6,6,5,3,1,1,1,1
7,30,19,0.001644220552407205,0,0,3,3,6,1,5,4,1,1,1,1
7,30,23,0.02761581540107727,0,0,3,3,6,5,5,4,1,1,1,1
7,30,24,0.0065534417517483234,0,0,3,3,6,6,5,4,1,1,1,1
7,30,26,0.0014922006521373987,0,0,3,3,6,2,5,5,1,1,1,1
7,30,28,0.047062989324331284,0,0,3,3,6,4,5,5,1,1,1,1
7,30,29,0.003466119058430195,0,0,3,3,6,5,5,5,1,1,1,1
7,30,31,0.003750958014279604,0,0,3,4,6,1,5,1,1,1,1,1
7,30,32,0.00020230302470736206,0,0,3,4,6,2,5,2,1,1,1,1
7,30,36,0.006488241720944643,0,0,3,5,6,1,5,1,1,2,1,2
7,30,37,0.00033947054180316627,0,0,3,5,6,2,5,2,1,2,1,2
7,30,38,0.05564463511109352,0,0,3,5,6,3,5,3,1,2,1,2
7,30,42,0.005657247733324766,0,1,3,6,6,2,5,0,1,0,1,1
7,30,43,0.23086705803871155,0,1,3,6,6,3,5,0,1,0,1,1
7,30,45,0.013256234116852283,0,1,3,6,6,5,5,0,1,0,1,1
7,30,47,0.4148726761341095,0,2,3,7,6,0,5,0,1,0,1,4
7,33,1,0.013779154978692532,0,0,4,3,3,1,3,1,1,1,1,1
7,33,2,0.002398850629106164,0,0,4,3,3,2,3,1,1,1,1,1
7,33,6,0.04741685464978218,0,0,4,3,3,6,3,1,1,1,1,1
7,33,7,0.026953455060720444,0,0,4,3,3,1,3,2,1,1,1,1
7,33,8,0.007449054159224033,0,0,4,3,3,2,3,2,1,1,1,1
7,33,10,0.04753829166293144,0,0,4,3,3,4,3,2,1,1,1,1
7,33,13,0.02785778045654297,0,0,4,3,3,1,3,3,1,1,1,1
7,33,15,0.04195301979780197,0,0,4,3,3,3,3,3,1,1,1,1
7,33,18,0.09459898620843887,0,0,4,3,3,6,3,3,1,1,1,1
7,33,19,0.012311023660004139,0,0,4,3,3,1,3,4,1,1,1,1
7,33,23,0.06887467205524445,0,0,4,3,3,5,3,4,1,1,1,1
7,33,24,0.05329987034201622,0,0,4,3,3,6,3,4,1,1,1,1
7,33,26,0.016287723556160927,0,0,4,3,3,2,3,5,1,1,1,1
7,33,28,0.29387661814689636,0,0,4,3,3,4,3,5,1,1,1,1
7,33,29,0.03596175089478493,0,0,4,3,3,5,3,5,1,1,1,1
7,33,31,0.04127899557352066,0,0,4,4,3,1,3,1,1,1,1,1
7,33,32,0.005823752377182245,0,0,4,4,3,2,3,2,1,1,1,1
7,33,36,0.018345430493354797,0,0,4,5,3,1,3,1,1,2,1,2
7,33,37,0.011382224969565868,0,0,4,5,3,2,3,2,1,2,1,2
7,33,38,0.058645639568567276,0,0,4,5,3,3,3,3,1,2,1,2
7,33,42,0.0012292288010939956,0,1,4,6,3,2,3,0,1,0,1,1
7,33,43,0.00764519814401865,0,1,4,6,3,3,3,0,1,0,1,1
7,33,45,0.012422515079379082,0,1,4,6,3,5,3,0,1,0,1,1
7,33,47,0.05267016589641571,0,2,4,7,3,0,3,0,1,0,1,4
7,34,1,0.0072830235585570335,0,0,4,3,4,1,4,1,1,1,1,1
7,34,2,0.0017018081853166223,0,0,4,3,4,2,4,1,1,1,1,1
7,34,6,0.1911507099866867,0,0,4,3,4,6,4,1,1,1,1,1
7,34,7,0.014124827459454536,0,0,4,3,4,1,4,2,1,1,1,1
7,34,8,0.00028709592879749835,0,0,4,3,4,2,4,2,1,1,1,1
7,34,10,0.002293934812769294,0,0,4,3,4,4,4,2,1,1,1,1
7,34,13,0.012892227619886398,0,0,4,3,4,1,4,3,1,1,1,1
7,34,15,0.14133897423744202,0,0,4,3,4,3,4,3,1,1,1,1
7,34,18,0.14299768209457397,0,0,4,3,4,6,4,3,1,1,1,1
7,34,19,0.0011418956564739347,0,0,4,3,4,1,4,4,1,1,1,1
7,34,23,0.007448691874742508,0,0,4,3,4,5,4,4,1,1,1,1
7,34,24,0.24079972505569458,0,0,4,3,4,6,4,4,1,1,1,1
7,34,26,0.0022924018558114767,0,0,4,3,4,2,4,5,1,1,1,1
7,34,28,0.022046172991394997,0,0,4,3,4,4,4,5,1,1,1,1
7,34,29,0.005672532133758068,0,0,4,3,4,5,4,5,1,1,1,1
7,34,31,0.01991438679397106,0,0,4,4,4,1,4,1,1,1,1,1
7,34,32,0.0007420656038448215,0,0,4,4,4,2,4,2,1,1,1,1
7,34,36,0.017883246764540672,0,0,4,5,4,1,4,1,1,2,1,2
7,34,37,0.0017789654666557908,0,0,4,5,4,2,4,2,1,2,1,2
7,34,38,0.04832350090146065,0,0,4,5,4,3,4,3,1,2,1,2
7,34,42,0.002850701566785574,0,1,4,6,4,2,4,0,1,0,1,1
7,34,43,0.03243890404701233,0,1,4,6,4,3,4,0,1,0,1,1
7,34,45,0.019378086552023888,0,1,4,6,4,5,4,0,1,0,1,1
7,34,47,0.06321855634450912,0,2,4,7,4,0,4,0,1,0,1,4
7,35,1,0.00030953288660384715,0,0,4,3,5,1,5,1,1,1,1,1
7,35,2,3.850632856483571e-05,0,0,4,3,5,2,5,1,1,1,1,1
7,35,6,0.004420507699251175,0,0,4,3,5,6,5,1,1,1,1,1
7,35,7,0.0004904750967398286,0,0,4,3,5,1,5,2,1,1,1,1
7,35,8,0.00027048392803408206,0,0,4,3,5,2,5,2,1,1,1,1
7,35,10,0.0034451009705662727,0,0,4,3,5,4,5,2,1,1,1,1
7,35,13,0.0008521668496541679,0,0,4,3,5,1,5,3,1,1,1,1
7,35,15,0.007781291380524635,0,0,4,3,5,3,5,3,1,1,1,1
7,35,18,0.048964813351631165,0,0,4,3,5,6,5,3,1,1,1,1
7,35,19,9.239601058652624e-05,0,0,4,3,5,1,5,4,1,1,1,1
7,35,23,0.007008447777479887,0,0,4,3,5,5,5,4,1,1,1,1
7,35,24,0.005789204966276884,0,0,4,3,5,6,5,4,1,1,1,1
7,35,26,0.0010394270066171885,0,0,4,3,5,2,5,5,1,1,1,1
7,35,28,0.09446157515048981,0,0,4,3,5,4,5,5,1,1,1,1
7,35,29,0.002356790006160736,0,0,4,3,5,5,5,5,1,1,1,1
7,35,31,0.004716705530881882,0,0,4,4,5,1,5,1,1,1,1,1
7,35,32,9.936894639395177e-05,0,0,4,4,5,2,5,2,1,1,1,1
7,35,36,0.008947947062551975,0,0,4,5,5,1,5,1,1,2,1,2
7,35,37,0.0042974562384188175,0,0,4,5,5,2,5,2,1,2,1,2
7,35,38,0.790669322013855,0,0,4,5,5,3,5,3,1,2,1,2
7,35,42,4.4846226955996826e-05,0,1,4,6,5,2,5,0,1,0,1,1
7,35,43,0.0019638098310679197,0,1,4,6,5,3,5,0,1,0,1,1
7,35,45,0.001228036475367844,0,1,4,6,5,5,5,0,1,0,1,1
7,35,47,0.010712023824453354,0,2,4,7,5,0,5,0,1,0,1,4
7,39,1,0.010750900022685528,0,0,5,3,4,1,4,1,2,1,2,1
7,39,2,0.003709603101015091,0,0,5,3,4,2,4,1,2,1,2,1
7,39,6,0.21867015957832336,0,0,5,3,4,6,4,1,2,1,2,1
7,39,7,0.01330921333283186,0,0,5,3,4,1,4,2,2,1,2,1
7,39,8,0.0021625705994665623,0,0,5,3,4,2,4,2,2,1,2,1
7,39,10,0.012898542918264866,0,0,5,3,4,4,4,2,2,1,2,1
7,39,13,0.010790804401040077,0,0,5,3,4,1,4,3,2,1,2,1
7,39,15,0.09808701276779175,0,0,5,3,4,3,4,3,2,1,2,1
7,39,18,0.1565234512090683,0,0,5,3,4,6,4,3,2,1,2,1
7,39,19,0.006884938571602106,0,0,5,3,4,1,4,4,2,1,2,1
7,39,23,0.007714495528489351,0,0,5,3,4,5,4,4,2,1,2,1
7,39,24,0.27803462743759155,0,0,5,3,4,6,4,4,2,1,2,1
7,39,26,0.003964416682720184,0,0,5,3,4,2,4,5,2,1,2,1
7,39,28,0.05038981884717941,0,0,5,3,4,4,4,5,2,1,2,1
7,39,29,0.023489292711019516,0,0,5,3,4,5,4,5,2,1,2,1
7,39,31,0.0006667154957540333,0,0,5,4,4,1,4,1,2,1,2,1
7,39,32,0.0050382898189127445,0,0,5,4,4,2,4,2,2,1,2,1
7,39,36,0.018393123522400856,0,0,5,5,4,1,4,1,2,2,2,2
7,39,37,0.010461485013365746,0,0,5,5,4,2,4,2,2,2,2,2
7,39,38,0.0116054005920887,0,0,5,5,4,3,4,3,2,2,2,2
7,39,42,0.0046713026240468025,0,1,5,6,4,2,4,0,2,0,2,1
7,39,43,0.009984901174902916,0,1,5,6,4,3,4,0,2,0,2,1
7,39,45,0.026182951405644417,0,1,5,6,4,5,4,0,2,0,2,1
7,39,47,0.015615885145962238,0,2,5,7,4,0,4,0,2,0,2,4
7,40,1,1.5636798707419075e-05,0,0,5,3,5,1,5,1,2,1,2,1
7,40,2,8.456280738755595e-06,0,0,5,3,5,2,5,1,2,1,2,1
7,40,6,0.0003226165135856718,0,0,5,3,5,6,5,1,2,1,2,1
7,40,7,0.0003768549649976194,0,0,5,3,5,1,5,2,2,1,2,1
7,40,8,0.0012821467826142907,0,0,5,3,5,2,5,2,2,1,2,1
7,40,10,0.005927287507802248,0,0,5,3,5,4,5,2,2,1,2,1
7,40,13,0.0002007239672821015,0,0,5,3,5,1,5,3,2,1,2,1
7,40,15,0.022476423531770706,0,0,5,3,5,3,5,3,2,1,2,1
7,40,18,0.01956850476562977,0,0,5,3,5,6,5,3,2,1,2,1
7,40,19,0.0009100137976929545,0,0,5,3,5,1,5,4,2,1,2,1
7,40,23,0.0022961313370615244,0,0,5,3,5,5,5,4,2,1,2,1
7,40,24,0.0012508807703852654,0,0,5,3,5,6,5,4,2,1,2,1
7,40,26,0.0009118521120399237,0,0,5,3,5,2,5,5,2,1,2,1
7,40,28,0.9234033226966858,0,0,5,3,5,4,5,5,2,1,2,1
7,40,29,0.007367129437625408,0,0,5,3,5,5,5,5,2,1,2,1
7,40,31,5.290274316394061e-07,0,0,5,4,5,1,5,1,2,1,2,1
7,40,32,0.00022214310592971742,0,0,5,4,5,2,5,2,2,1,2,1
7,40,36,9.782261622603983e-05,0,0,5,5,5,1,5,1,2,2,2,2
7,40,37,0.0005262824706733227,0,0,5,5,5,2,5,2,2,2,2,2
7,40,38,0.003276366740465164,0,0,5,5,5,3,5,3,2,2,2,2
7,40,42,2.9082917535561137e-05,0,1,5,6,5,2,5,0,2,0,2,1
7,40,43,0.0023618622217327356,0,1,5,6,5,3,5,0,2,0,2,1
7,40,45,0.00023015013721305877,0,1,5,6,5,5,5,0,2,0,2,1
7,40,47,0.006937280297279358,0,2,5,7,5,0,5,0,2,0,2,4
7,41,1,0.0007340529118664563,1,0,6,3,1,1,0,1,0,1,1,1
7,41,2,0.0002854545891750604,1,0,6,3,1,2,0,1,0,1,1,1
7,41,6,0.0007742338930256665,1,0,6,3,1,6,0,1,0,1,1,1
7,41,7,0.0004114745242986828,1,0,6,3,1,1,0,2,0,1,1,1
7,41,8,0.001410963130183518,1,0,6,3,1,2,0,2,0,1,1,1
7,41,10,0.0001353337720502168,1,0,6,3,1,4,0,2,0,1,1,1
7,41,13,0.0004770043888129294,1,0,6,3,1,1,0,3,0,1,1,1
7,41,15,0.0021421026904135942,1,0,6,3,1,3,0,3,0,1,1,1
7,41,18,0.022489257156848907,1,0,6,3,1,6,0,3,0,1,1,1
7,41,19,9.101889736484736e-05,1,0,6,3,1,1,0,4,0,1,1,1
7,41,23,0.0002064959262497723,1,0,6,3,1,5,0,4,0,1,1,1
7,41,24,0.0016565883997827768,1,0,6,3,1,6,0,4,0,1,1,1
7,41,26,0.0019117690389975905,1,0,6,3,1,2,0,5,0,1,1,1
7,41,28,0.0012754435883834958,1,0,6,3,1,4,0,5,0,1,1,1
7,41,29,0.00033050280762836337,1,0,6,3,1,5,0,5,0,1,1,1
7,41,31,0.0027751722373068333,1,0,6,4,1,1,0,1,0,1,1,1
7,41,32,0.0008615822880528867,1,0,6,4,1,2,0,2,0,1,1,1
7,41,36,0.017240429297089577,1,0,6,5,1,1,0,1,0,2,1,2
7,41,37,0.05294544994831085,1,0,6,5,1,2,0,2,0,2,1,2
7,41,38,0.8633744120597839,1,0,6,5,1,3,0,3,0,2,1,2
7,41,42,0.0007757630082778633,1,1,6,6,1,2,0,0,0,0,1,1
7,41,43,0.0031082185450941324,1,1,6,6,1,3,0,0,0,0,1,1
7,41,45,0.00021098816068843007,1,1,6,6,1,5,0,0,0,0,1,1
7,41,47,0.024376606568694115,1,2,6,7,1,0,0,0,0,0,1,4
7,44,1,0.016229279339313507,1,0,6,3,4,1,0,1,0,1,1,1
7,44,2,0.04505566135048866,1,0,6,3,4,2,0,1,0,1,1,1
7,44,6,0.014190483838319778,1,0,6,3,4,6,0,1,0,1,1,1
7,44,7,0.03884707763791084,1,0,6,3,4,1,0,2,0,1,1,1
7,44,8,0.08088960498571396,1,0,6,3,4,2,0,2,0,1,1,1
7,44,10,0.00976771954447031,1,0,6,3,4,4,0,2,0,1,1,1
7,44,13,0.014145972207188606,1,0,6,3,4,1,0,3,0,1,1,1
7,44,15,0.016766907647252083,1,0,6,3,4,3,0,3,0,1,1,1
7,44,18,0.06394834071397781,1,0,6,3,4,6,0,3,0,1,1,1
7,44,19,0.05047181621193886,1,0,6,3,4,1,0,4,0,1,1,1
7,44,23,0.01735662668943405,1,0,6,3,4,5,0,4,0,1,1,1
7,44,24,0.027980873361229897,1,0,6,3,4,6,0,4,0,1,1,1
7,44,26,0.0651516318321228,1,0,6,3,4,2,0,5,0,1,1,1
7,44,28,0.012940564192831516,1,0,6,3,4,4,0,5,0,1,1,1
7,44,29,0.022278202697634697,1,0,6,3,4,5,0,5,0,1,1,1
7,44,31,0.02263054996728897,1,0,6,4,4,1,0,1,0,1,1,1
7,44,32,0.07680252939462662,1,0,6,4,4,2,0,2,0,1,1,1
7,44,36,0.015336055308580399,1,0,6,5,4,1,0,1,0,2,1,2
7,44,37,0.05523864924907684,1,0,6,5,4,2,0,2,0,2,1,2
7,44,38,0.02223723940551281,1,0,6,5,4,3,0,3,0,2,1,2
7,44,42,0.15000614523887634,1,1,6,6,4,2,0,0,0,0,1,1
7,44,43,0.051551301032304764,1,1,6,6,4,3,0,0,0,0,1,1
7,44,45,0.021419066935777664,1,1,6,6,4,5,0,0,0,0,1,1
7,44,47,0.08875791728496552,1,2,6,7,4,0,0,0,0,0,1,4
7,46,1,0.006928646005690098,1,0,6,3,6,1,0,1,0,1,1,1
7,46,2,0.07811295241117477,1,0,6,3,6,2,0,1,0,1,1,1
7,46,6,0.0020541830454021692,1,0,6,3,6,6,0,1,0,1,1,1
7,46,7,0.014154663309454918,1,0,6,3,6,1,0,2,0,1,1,1
7,46,8,0.1649523377418518,1,0,6,3,6,2,0,2,0,1,1,1
7,46,10,0.025064285844564438,1,0,6,3,6,4,0,2,0,1,1,1
7,46,13,0.012818394228816032,1,0,6,3,6,1,0,3,0,1,1,1
7,46,15,0.001596837304532528,1,0,6,3,6,3,0,3,0,1,1,1
7,46,18,0.0037197668571025133,1,0,6,3,6,6,0,3,0,1,1,1
7,46,19,0.021542591974139214,1,0,6,3,6,1,0,4,0,1,1,1
7,46,23,0.009640892036259174,1,0,6,3,6,5,0,4,0,1,1,1
7,46,24,0.00385301630012691,1,0,6,3,6,6,0,4,0,1,1,1
7,46,26,0.028396040201187134,1,0,6,3,6,2,0,5,0,1,1,1
7,46,28,0.0036872175987809896,1,0,6,3,6,4,0,5,0,1,1,1
7,46,29,0.016597535461187363,1,0,6,3,6,5,0,5,0,1,1,1
7,46,31,0.007313275709748268,1,0,6,4,6,1,0,1,0,1,1,1
7,46,32,0.1897125393152237,1,0,6,4,6,2,0,2,0,1,1,1
7,46,36,0.005774496588855982,1,0,6,5,6,1,0,1,0,2,1,2
7,46,37,0.23154833912849426,1,0,6,5,6,2,0,2,0,2,1,2
7,46,38,0.004846490453928709,1,0,6,5,6,3,0,3,0,2,1,2
7,46,42,0.07439083606004715,1,1,6,6,6,2,0,0,0,0,1,1
7,46,43,0.00787140429019928,1,1,6,6,6,3,0,0,0,0,1,1
7,46,45,0.016650384292006493,1,1,6,6,6,5,0,0,0,0,1,1
7,46,47,0.06877265870571136,1,2,6,7,6,0,0,0,0,0,1,4
