method,seed,runtime_sec,converged,n_iter,support_size,precision,recall,f1,auroc,auprc,fdr,tp,fp,fn,tn,train_mse,val_mse,test_mse,train_r2,val_r2,test_r2,train_nll,val_nll,test_nll,n,p,snr,n_active,sigma2,setting
mf_spike_slab,36,0.055400373064912856,True,25,10.0,1.0,1.0,1.0,1.0,1.0,0.0,10.0,0.0,0.0,90.0,6.426518875427842,6.579028392054465,5.7907706235269645,0.7220787246518093,0.651842901539728,0.6972940896154227,2.3491979867449775,2.3609087763824617,2.3003806132125657,1000,100,2.5,10,6.560019449128856,block_corr
mf_ard,36,0.10328167804982513,True,72,28.0,0.35714285714285715,1.0,0.5263157894736842,1.0,1.0,0.6428571428571429,10.0,18.0,0.0,72.0,5.756074527693392,7.015974206527976,6.488884714081321,0.751072765093329,0.6287200666945127,0.6608009740920786,2.2984123973210027,2.394050757792576,2.3540396555387666,1000,100,2.5,10,6.560019449128856,block_corr
mf_bayes_lasso,36,0.10392774792853743,True,71,58.0,0.1724137931034483,1.0,0.29411764705882354,1.0,1.0,0.8275862068965517,10.0,48.0,0.0,42.0,5.607907215441119,7.38201811614593,7.108600458993953,0.7574804096026316,0.6093493058636958,0.6284060424086717,2.2810643832459117,2.4373260209508465,2.41324370971143,1000,100,2.5,10,6.560019449128856,block_corr
