method,seed,runtime_sec,converged,n_iter,support_size,precision,recall,f1,auroc,auprc,fdr,tp,fp,fn,tn,train_mse,val_mse,test_mse,train_r2,val_r2,test_r2,train_nll,val_nll,test_nll,n,p,snr,n_active,sigma2,setting
mf_spike_slab,48,0.017133093089796603,True,7,10.0,0.0,0.0,0.0,0.6622222222222223,0.16308246428172127,1.0,0.0,10.0,10.0,80.0,6.860708921407251,7.2292627253833635,7.501779015293858,0.7127123605989724,0.627044443117446,0.6339346512961902,2.381877239749391,2.4084281013933713,2.428060356524331,1000,100,2.5,10,6.524447312627318,jitter
mf_ard,48,0.37524271197617054,True,261,15.0,0.3333333333333333,0.5,0.4,0.8538888888888889,0.3617481374834316,0.6666666666666666,5.0,10.0,5.0,80.0,6.2542081452187555,6.953336372326825,7.018174478678867,0.7381091786657479,0.6412794032471204,0.6575331687904804,2.3395010722310037,2.3886713686442884,2.3932314890693975,1000,100,2.5,10,6.524447312627318,jitter
mf_bayes_lasso,48,1.342335712048225,False,1000,71.0,0.1267605633802817,0.9,0.22222222222222224,0.7977777777777779,0.3337629395693912,0.8732394366197183,9.0,62.0,1.0,28.0,5.752469152518683,7.375902900801634,7.2894160584862515,0.7591191664759708,0.6194793192089666,0.6442973558862698,2.293881029800663,2.431820875485315,2.4244722653585673,1000,100,2.5,10,6.524447312627318,jitter
