method,seed,runtime_sec,converged,n_iter,selected_ckpt_id,support_size,precision,recall,f1,auroc,auprc,fdr,tp,fp,fn,tn,train_mse,val_mse,test_mse,train_r2,val_r2,test_r2,train_nll,val_nll,test_nll,n,p,snr,n_active,sigma2,setting
flow_stagewise,94,611.6482844352722,True,,125,10.0,1.0,1.0,1.0,1.0,1.0,0.0,10.0,0.0,0.0,90.0,7.013347148895264,8.341388702392578,7.841757297515869,0.7026051413898781,0.7000948879865314,0.7477251756625507,2.3935346603393555,2.4833297729492188,2.4495468139648438,1000,100,2.5,10,7.394736289978027,simple
