method,seed,runtime_sec,converged,n_iter,support_size,precision,recall,f1,auroc,auprc,fdr,tp,fp,fn,tn,train_mse,val_mse,test_mse,train_r2,val_r2,test_r2,train_nll,val_nll,test_nll,n,p,snr,n_active,sigma2,setting,selected_ckpt_id,noise_x,group_size
mf_spike_slab,24,0.026987898047082126,True,7,10.0,0.1,0.1,0.10000000000000002,0.6805555555555556,0.15486688408515034,0.9,1.0,9.0,9.0,81.0,8.35761056500481,8.696390973845233,9.204746017489976,0.6952874260544841,0.7099293425502906,0.6773146896011943,2.4805586849298153,2.5005914788066916,2.5306515753762144,1000,100,2.5,10,8.059572365923135,jitter,,,
mf_ard,24,0.26588028902187943,True,189,13.0,0.46153846153846156,0.6,0.5217391304347826,0.765,0.43612211551287183,0.5384615384615384,6.0,7.0,4.0,83.0,7.424599319641947,8.374046278902181,8.519610045557751,0.7293043565974144,0.7206812438699037,0.7013330941664322,2.4249815912033843,2.481509182394243,2.4901756687244734,1000,100,2.5,10,8.059572365923135,jitter,,,
mf_bayes_lasso,24,1.3775451049441472,False,1000,74.0,0.12162162162162163,0.9,0.2142857142857143,0.6888888888888889,0.2512520504127681,0.8783783783783784,9.0,65.0,1.0,25.0,6.659347578353482,9.136736160742197,8.917163645331216,0.7572048941961249,0.6952415004037985,0.6873962939006446,2.3671298107392658,2.548184528013083,2.5321375340205203,1000,100,2.5,10,8.059572365923135,jitter,,,
flow_stagewise,24,867.4176859855652,True,,10.0,0.4,0.4,0.4000000000000001,0.6666666666666666,0.22000000000000003,0.6,4.0,6.0,6.0,84.0,18.58429718017578,19.969804763793945,21.270658493041992,0.3224296464386023,0.3339013613372279,0.25432712539948765,2.9643900394439697,3.0750627517700195,3.1074881553649902,1000,100,2.5,10,8.059572365923135,jitter,134.0,0.15,10.0
