method,N,D_SKL_A,D_JS_0,Normalized_L1_PIP,RMSE_PIP,AUROC,AUPRC,MCMCBR,BR,Time_s,BRREL,D_SKL_A_sd,D_JS_0_sd,Normalized_L1_PIP_sd,RMSE_PIP_sd,AUROC_sd,AUPRC_sd,MCMCBR_sd,BR_sd,Time_s_sd
Mean-field,100,28.51465047011535,0.5704052039780478,0.777744,0.8134793251430753,0.8496833333333333,0.4602957415663534,0.008651375940625,0.6879746945,18.853357906341554,79.52199733563985,1.4591134458772956,0.18653530621999415,0.15681537602217463,0.17318863006482024,0.054224874764928946,0.13964227210087232,0.008069777299860982,0.23249343459565203,55.17678837282305
Affine coupling,100,0.5624368849679178,0.0006014251013450786,0.030530924999999997,0.12355251430524387,0.9910166666666665,0.9759648518164304,0.008651375940625,0.02973876848125,1729.975286810398,3.4374611258774617,0.5318733610250606,0.0016323422273741453,0.012924816131026131,0.029513959194777995,0.02217574474666435,0.04525430108205775,0.008069777299860982,0.011020986488220495,652.4991291609322
LaST-Flow,100,0.370576262160597,0.0019636187308488865,0.034245375,0.1100448314812402,0.9963222222222222,0.9885376528435426,0.008651375940625,0.0254554154125,1796.058636841774,2.942354555761107,0.21432970288313238,0.000558950039210679,0.00633939202949791,0.02283567254419945,0.01133852019245159,0.026789101936483574,0.008069777299860982,0.010369372417421767,1031.6316388386415
