method,N,D_SKL_A,D_JS_0,Normalized_L1_PIP,RMSE_PIP,AUROC,AUPRC,MCMCBR,BR,Time_s,BRREL,D_SKL_A_sd,D_JS_0_sd,Normalized_L1_PIP_sd,RMSE_PIP_sd,AUROC_sd,AUPRC_sd,MCMCBR_sd,BR_sd,Time_s_sd
Semantic-Affine,100,0.3712735940114809,0.002382202316531657,0.03495085,0.1084758964178913,0.995411111111111,0.9880109839362128,0.008651375940625,0.025040021337500003,3076.3532924294473,2.894339756976396,0.20886565983070404,0.0007156405815214547,0.0062602523433786415,0.022956137071651273,0.015699315662898384,0.027165025406548908,0.008069777299860982,0.010356564390125998,1235.357962333215
LaST-Flow,100,0.370576262160597,0.0019636187308488865,0.034245375,0.1100448314812402,0.9963222222222222,0.9885376528435426,0.008651375940625,0.0254554154125,1796.058636841774,2.942354555761107,0.21432970288313238,0.000558950039210679,0.00633939202949791,0.02283567254419945,0.01133852019245159,0.026789101936483574,0.008069777299860982,0.010369372417421767,1031.6316388386415
