method,seed,runtime_sec,converged,n_iter,support_size,precision,recall,f1,auroc,auprc,fdr,tp,fp,fn,tn,train_mse,val_mse,test_mse,train_r2,val_r2,test_r2,train_nll,val_nll,test_nll,n,p,snr,n_active,sigma2,setting
mf_spike_slab,54,0.019808109034784138,True,8,10.0,1.0,1.0,1.0,1.0,1.0,0.0,10.0,0.0,0.0,90.0,4.521498428432521,3.8373331569088247,4.84668249938382,0.724377298900093,0.7412834771835728,0.7605908491065816,2.1734508962060324,2.0992254191884085,2.20873029986699,1000,100,2.5,10,4.773862361907959,simple
mf_ard,54,0.022041768999770284,True,15,24.0,0.4166666666666667,1.0,0.5882352941176471,1.0,1.0,0.5833333333333334,10.0,14.0,0.0,76.0,3.9126373130907224,5.010311406314515,5.295130260197919,0.7614924163465422,0.6622002072102143,0.7384390993993938,2.105887568741659,2.227531535114659,2.2590950887213905,1000,100,2.5,10,4.773862361907959,simple
mf_bayes_lasso,54,0.022422582958824933,True,15,32.0,0.3125,1.0,0.47619047619047616,1.0,1.0,0.6875,10.0,22.0,0.0,68.0,3.888076778578987,5.375662772201005,5.549072014449151,0.7629895839270977,0.6375678828528141,0.7258952655977362,2.097917894746284,2.2874281399594647,2.3095195203311385,1000,100,2.5,10,4.773862361907959,simple
