method,seed,runtime_sec,converged,n_iter,selected_ckpt_id,support_size,precision,recall,f1,auroc,auprc,fdr,tp,fp,fn,tn,train_mse,val_mse,test_mse,train_r2,val_r2,test_r2,train_nll,val_nll,test_nll,n,p,snr,n_active,sigma2,setting
flow_stagewise,77,558.0489039421082,True,,77,9.0,1.0,0.9,0.9473684210526316,0.95,0.91,0.0,9.0,0.0,1.0,90.0,6.712393760681152,6.998638153076172,7.301015853881836,0.7364181617008027,0.7336511103962989,0.6920756824515031,2.370929002761841,2.3924033641815186,2.415085792541504,1000,100,2.5,10,6.664811134338379,simple
