method,seed,runtime_sec,converged,n_iter,selected_ckpt_id,support_size,precision,recall,f1,auroc,auprc,fdr,tp,fp,fn,tn,train_mse,val_mse,test_mse,train_r2,val_r2,test_r2,train_nll,val_nll,test_nll,n,p,snr,n_active,sigma2,rho,block_size,setting
flow_stagewise,11,953.2107915878296,True,,25,9.0,1.0,0.9,0.9473684210526316,0.95,0.91,0.0,9.0,0.0,1.0,90.0,8.033053398132324,9.401107788085938,8.654343605041504,0.7070426581524871,0.6162252889876003,0.664043425999209,2.462332248687744,2.5537683963775635,2.5041050910949707,1000,100,2.5,10,7.417045598519077,0.8,10,block_corr
