method,seed,runtime_sec,converged,n_iter,support_size,precision,recall,f1,auroc,auprc,fdr,tp,fp,fn,tn,train_mse,val_mse,test_mse,train_r2,val_r2,test_r2,train_nll,val_nll,test_nll,n,p,snr,n_active,sigma2,setting
mf_spike_slab,93,0.20525028696283698,True,95,10.0,0.9,0.9,0.9,0.9933333333333334,0.9625,0.1,9.0,1.0,1.0,89.0,7.145570620954246,9.038185321663105,7.3486076969217,0.7215489426574213,0.663907949376703,0.7114097637000869,2.4022305408348212,2.53288132626982,2.4162465756028264,1000,100,2.5,10,7.7021052218853026,block_corr
mf_ard,93,0.10790693806484342,True,76,30.0,0.3333333333333333,1.0,0.5,0.9922222222222223,0.9588235294117647,0.6666666666666666,10.0,20.0,0.0,70.0,6.438918349284276,9.181298871450545,7.148647035632049,0.7490860117954716,0.6585861591380415,0.7192625021877381,2.354297916177004,2.540891859396128,2.402588469997285,1000,100,2.5,10,7.7021052218853026,block_corr
mf_bayes_lasso,93,0.09853447100613266,True,68,66.0,0.15151515151515152,1.0,0.2631578947368421,0.981111111111111,0.9284615384615384,0.8484848484848485,10.0,56.0,0.0,34.0,6.212489788310158,9.770564756563664,7.234667518425295,0.7579095579557895,0.6366738423795734,0.7158843559483716,2.332260291558559,2.6149784504371008,2.4134806729398566,1000,100,2.5,10,7.7021052218853026,block_corr
