method,seed,runtime_sec,converged,n_iter,selected_ckpt_id,support_size,precision,recall,f1,auroc,auprc,fdr,tp,fp,fn,tn,train_mse,val_mse,test_mse,train_r2,val_r2,test_r2,train_nll,val_nll,test_nll,n,p,snr,n_active,sigma2,setting
flow_stagewise,40,603.5731279850006,True,,18,10.0,1.0,1.0,1.0,1.0,1.0,0.0,10.0,0.0,0.0,90.0,5.683047771453857,4.861922264099121,5.472603797912598,0.7154027702643609,0.7332257487406733,0.6897927323397361,2.2877092361450195,2.2147324085235596,2.268991708755493,1000,100,2.5,10,5.6221537590026855,simple
