method,seed,runtime_sec,converged,n_iter,support_size,precision,recall,f1,auroc,auprc,fdr,tp,fp,fn,tn,train_mse,val_mse,test_mse,train_r2,val_r2,test_r2,train_nll,val_nll,test_nll,n,p,snr,n_active,sigma2,setting
mf_spike_slab,52,0.019354799995198846,True,8,9.0,1.0,0.9,0.9473684210526316,1.0,1.0,0.0,9.0,0.0,1.0,90.0,4.140768401231041,4.75103616205904,5.0912633956671325,0.7226768674517576,0.7201833362937866,0.7194099202447648,2.129469365742648,2.201769067953395,2.2420765022515416,1000,100,2.5,10,4.489195823669434,simple
mf_ard,52,0.020601026015356183,True,14,26.0,0.38461538461538464,1.0,0.5555555555555556,1.0,1.0,0.6153846153846154,10.0,16.0,0.0,74.0,3.5667788402701506,5.102589929799819,5.4615925932815195,0.7611191486110566,0.6994782523821665,0.699000310484102,2.0597267049236483,2.246111322973207,2.2896795552694735,1000,100,2.5,10,4.489195823669434,simple
mf_bayes_lasso,52,0.021107604959979653,True,14,36.0,0.2777777777777778,1.0,0.4347826086956522,1.0,1.0,0.7222222222222222,10.0,26.0,0.0,64.0,3.5458456197699686,5.317244609986504,5.60266984386966,0.7625211266308144,0.6868359666975359,0.691225250755732,2.0518475340587643,2.299368512725891,2.3392515281375776,1000,100,2.5,10,4.489195823669434,simple
