method,seed,runtime_sec,converged,n_iter,selected_ckpt_id,support_size,precision,recall,f1,auroc,auprc,fdr,tp,fp,fn,tn,train_mse,val_mse,test_mse,train_r2,val_r2,test_r2,train_nll,val_nll,test_nll,n,p,snr,n_active,sigma2,setting
flow_stagewise,86,575.482926607132,True,,37,8.0,1.0,0.8,0.888888888888889,0.9,0.8200000000000001,0.0,8.0,0.0,2.0,90.0,5.902480125427246,5.31864070892334,6.234675884246826,0.6608982724856591,0.7225326080809759,0.6575040524920521,2.3153176307678223,2.2560622692108154,2.34897518157959,1000,100,2.5,10,4.92563533782959,simple
