method,seed,runtime_sec,converged,n_iter,support_size,precision,recall,f1,auroc,auprc,fdr,tp,fp,fn,tn,train_mse,val_mse,test_mse,train_r2,val_r2,test_r2,train_nll,val_nll,test_nll,n,p,snr,n_active,sigma2,setting,selected_ckpt_id,noise_x,group_size
mf_spike_slab,18,0.01874190801754594,True,8,10.0,0.1,0.1,0.10000000000000002,0.6994444444444443,0.2193049825278741,0.9,1.0,9.0,9.0,81.0,7.2379114837124,6.315937943635101,6.346603177421173,0.6700652973969117,0.7434991190867826,0.691366601685382,2.4086381892381765,2.3456799428953117,2.3477739610627997,1000,100,2.5,10,6.121499556948821,jitter,,,
mf_ard,18,0.7256898459745571,True,517,15.0,0.3333333333333333,0.5,0.4,0.7872222222222223,0.3000759046240169,0.6666666666666666,5.0,10.0,5.0,80.0,6.361723623245471,6.965650602417834,6.563787180967272,0.7100056561341145,0.7171131933849344,0.6808050090979527,2.348043477165817,2.3897864805124316,2.3620099665877152,1000,100,2.5,10,6.121499556948821,jitter,,,
mf_bayes_lasso,18,1.3864354561083019,False,1000,72.0,0.125,0.9,0.21951219512195125,0.7077777777777777,0.21433783872957216,0.875,9.0,63.0,1.0,27.0,5.832496305205796,7.356477815777264,6.81066994028901,0.7341300818306402,0.7012410417890536,0.6687991749746163,2.3008339174834216,2.428074543052544,2.382503822518253,1000,100,2.5,10,6.121499556948821,jitter,,,
flow_stagewise,18,6933.383264780045,True,,8.0,0.625,0.5,0.5555555555555556,0.7333333333333333,0.3625,0.375,5.0,3.0,5.0,87.0,12.30388069152832,11.430102348327637,13.966469764709473,0.43913691313071,0.5358042675386017,0.3208147469569632,2.808239698410034,2.7255194187164307,2.915919542312622,1000,100,2.5,10,6.121499556948821,jitter,159.0,0.15,10.0
