method,seed,runtime_sec,converged,n_iter,support_size,precision,recall,f1,auroc,auprc,fdr,tp,fp,fn,tn,train_mse,val_mse,test_mse,train_r2,val_r2,test_r2,train_nll,val_nll,test_nll,n,p,snr,n_active,sigma2,setting,selected_ckpt_id,rho,block_size
mf_spike_slab,45,0.09340954408980906,True,41,10.0,1.0,1.0,1.0,1.0,1.0,0.0,10.0,0.0,0.0,90.0,6.031383051877116,5.807906159540005,5.167867499050208,0.7313216626951906,0.6864701986248484,0.7249749345239924,2.3175241308584615,2.299361276186921,2.247342792069523,1000,100,2.5,10,5.834752268745477,block_corr,,,
mf_ard,45,0.07221963896881789,True,49,32.0,0.3125,1.0,0.47619047619047616,1.0,1.0,0.6875,10.0,22.0,0.0,68.0,5.494322091902457,6.429386714302176,5.253988250923886,0.7552459673722759,0.6529206422889493,0.7203917354719163,2.2751821993791634,2.3494969036291042,2.2560815534069754,1000,100,2.5,10,5.834752268745477,block_corr,,,
mf_bayes_lasso,45,0.09777434100396931,True,66,60.0,0.16666666666666666,1.0,0.2857142857142857,1.0,1.0,0.8333333333333334,10.0,50.0,0.0,40.0,5.325703104177248,7.000328030788441,5.687359214189537,0.7627573903527695,0.6220993596033173,0.6973284743551325,2.255257652628959,2.4103385214531023,2.288749297752003,1000,100,2.5,10,5.834752268745477,block_corr,,,
flow_stagewise,45,855.2943706512451,True,,10.0,1.0,1.0,1.0,1.0,1.0,0.0,10.0,0.0,0.0,90.0,6.4495697021484375,6.160014629364014,5.8517231941223145,0.7126928101201101,0.6674622258744112,0.6885812848696922,2.3535351753234863,2.3287150859832764,2.302306890487671,1000,100,2.5,10,5.834752268745477,block_corr,148.0,0.8,10.0
