{
  "sim": "block_corr",
  "n": 1000,
  "p": 100,
  "n_active": 10,
  "active_idx": [
    6,
    22,
    23,
    40,
    51,
    54,
    61,
    84,
    95,
    99
  ],
  "snr": 2.5,
  "sigma2": 7.279949661783107,
  "sigma": 2.6981381843380645,
  "rho": 0.8,
  "block_size": 10,
  "beta_low": 0.8,
  "beta_high": 1.8,
  "setting": "block_corr",
  "seed": 8
}