method,seed,runtime_sec,converged,n_iter,selected_ckpt_id,support_size,precision,recall,f1,auroc,auprc,fdr,tp,fp,fn,tn,train_mse,val_mse,test_mse,train_r2,val_r2,test_r2,train_nll,val_nll,test_nll,n,p,snr,n_active,sigma2,noise_x,group_size,setting
flow_stagewise,17,1040.0760746002197,True,,144,12.0,0.4166666666666667,0.5,0.45454545454545453,0.7111111111111111,0.25833333333333336,0.5833333333333334,5.0,7.0,5.0,83.0,13.47718620300293,19.293842315673828,14.465071678161621,0.5678721883505817,0.45459813113910763,0.4343883461093858,2.739344358444214,3.0452873706817627,2.7988409996032715,1000,100,2.5,10,8.410273367490424,0.15,10,jitter
