method,seed,runtime_sec,converged,n_iter,selected_ckpt_id,support_size,precision,recall,f1,auroc,auprc,fdr,tp,fp,fn,tn,train_mse,val_mse,test_mse,train_r2,val_r2,test_r2,train_nll,val_nll,test_nll,n,p,snr,n_active,sigma2,rho,block_size,setting
flow_stagewise,25,622.5894680023193,True,,177,10.0,1.0,1.0,1.0,1.0,1.0,0.0,10.0,0.0,0.0,90.0,9.533483505249023,7.985927104949951,10.754961013793945,0.6565571483754667,0.7073356445005292,0.6501507885845093,2.548156976699829,2.45851993560791,2.625429153442383,1000,100,2.5,10,8.205195953916412,0.8,10,block_corr
