method,seed,runtime_sec,converged,n_iter,selected_ckpt_id,support_size,precision,recall,f1,auroc,auprc,fdr,tp,fp,fn,tn,train_mse,val_mse,test_mse,train_r2,val_r2,test_r2,train_nll,val_nll,test_nll,n,p,snr,n_active,sigma2,rho,block_size,setting
flow_stagewise,19,785.6971673965454,True,,125,9.0,1.0,0.9,0.9473684210526316,0.95,0.91,0.0,9.0,0.0,1.0,90.0,7.3443684577941895,8.118340492248535,7.835799694061279,0.6591119586931671,0.6269681149476839,0.7045327169309894,2.4166903495788574,2.472419500350952,2.451824426651001,1000,100,2.5,10,6.934336180615742,0.8,10,block_corr
