method,seed,runtime_sec,converged,n_iter,support_size,precision,recall,f1,auroc,auprc,fdr,tp,fp,fn,tn,train_mse,val_mse,test_mse,train_r2,val_r2,test_r2,train_nll,val_nll,test_nll,n,p,snr,n_active,sigma2,setting
mf_spike_slab,86,0.03202047699596733,True,7,10.0,1.0,1.0,1.0,1.0,1.0,0.0,10.0,0.0,0.0,90.0,5.317090746963759,4.806940962782729,5.595059733756229,0.6945293082180286,0.749227399029256,0.6926407537732551,2.2544752882618067,2.2073210871603006,2.280168537400853,1000,100,2.5,10,4.92563533782959,simple
mf_ard,86,0.02205260202754289,True,15,35.0,0.2857142857142857,1.0,0.4444444444444445,1.0,1.0,0.7142857142857143,10.0,25.0,0.0,65.0,4.50984182648998,5.613610638255252,6.40241465290882,0.7409063399281206,0.7071443665541983,0.6482894847615834,2.176780775525423,2.2831148897298563,2.3591061437723972,1000,100,2.5,10,4.92563533782959,simple
mf_bayes_lasso,86,0.022416315972805023,True,15,49.0,0.20408163265306123,1.0,0.3389830508474576,1.0,1.0,0.7959183673469388,10.0,39.0,0.0,51.0,4.470835420706809,5.995801535141761,6.799245804256632,0.7431472860254422,0.6872059054785107,0.6264899456392958,2.1677485223147905,2.3366871949493793,2.425694292927046,1000,100,2.5,10,4.92563533782959,simple
