method,seed,runtime_sec,converged,n_iter,support_size,precision,recall,f1,auroc,auprc,fdr,tp,fp,fn,tn,train_mse,val_mse,test_mse,train_r2,val_r2,test_r2,train_nll,val_nll,test_nll,n,p,snr,n_active,sigma2,setting
mf_spike_slab,44,0.029296481050550938,True,8,10.0,0.0,0.0,0.0,0.7477777777777778,0.212262213377774,1.0,0.0,10.0,10.0,80.0,6.826514805639813,6.393825490318124,6.11248127076371,0.6988722123939699,0.6958435926054443,0.6719536715211285,2.3793790506823917,2.3480520506481715,2.3276825382439745,1000,100,2.5,10,5.839000338781614,jitter
mf_ard,44,1.0493228379637003,True,725,15.0,0.5333333333333333,0.8,0.64,0.866111111111111,0.665124716553288,0.4666666666666667,8.0,7.0,2.0,83.0,6.0814519695022895,6.088502435939802,5.741622808146874,0.7317380494808843,0.7103679119593374,0.6918570056431768,2.3255410849791063,2.326050651496014,2.3009802188817683,1000,100,2.5,10,5.839000338781614,jitter
mf_bayes_lasso,44,1.339330512098968,False,1000,79.0,0.12658227848101267,1.0,0.22471910112359553,0.9033333333333333,0.62548435171386,0.8734177215189873,10.0,69.0,0.0,21.0,5.442105814738305,6.464795965226185,6.180884633729559,0.7599405654908757,0.6924675034844934,0.6682825809962571,2.266230881477176,2.3574991819993243,2.3321619821521216,1000,100,2.5,10,5.839000338781614,jitter
