{
  "n": 1000,
  "p": 100,
  "n_active": 10,
  "sigma2": 4.289952278137207,
  "sigma": 2.0712199211120605,
  "active_idx": [
    14,
    27,
    31,
    35,
    39,
    46,
    58,
    61,
    64,
    95
  ],
  "snr": 2.5,
  "setting": "simple",
  "seed": 46
}