{
  "n": 1000,
  "p": 100,
  "n_active": 10,
  "sigma2": 6.7504119873046875,
  "sigma": 2.5981554985046387,
  "active_idx": [
    1,
    15,
    23,
    32,
    71,
    78,
    84,
    94,
    96,
    98
  ],
  "snr": 2.5,
  "setting": "simple",
  "seed": 36
}