method,seed,runtime_sec,converged,n_iter,support_size,precision,recall,f1,auroc,auprc,fdr,tp,fp,fn,tn,train_mse,val_mse,test_mse,train_r2,val_r2,test_r2,train_nll,val_nll,test_nll,n,p,snr,n_active,sigma2,setting,selected_ckpt_id
mf_spike_slab,36,0.028108638944104314,True,8,10.0,1.0,1.0,1.0,1.0,1.0,0.0,10.0,0.0,0.0,90.0,6.64048743825024,6.7891683189918055,5.924409921236897,0.7160316007950855,0.6936398710693832,0.7198251978227985,2.365612637045041,2.3766068474470954,2.312662272163162,1000,100,2.5,10,6.7504119873046875,simple,
mf_ard,36,0.025498886941932142,True,16,35.0,0.2857142857142857,1.0,0.4444444444444445,1.0,1.0,0.7142857142857143,10.0,25.0,0.0,65.0,5.713188761419169,7.82219522379588,6.613171334440844,0.7556858465553847,0.647024698065163,0.6872525711380778,2.2946872014056043,2.455946761788174,2.363501971140305,1000,100,2.5,10,6.7504119873046875,simple,
mf_bayes_lasso,36,0.02281106892041862,True,15,47.0,0.2127659574468085,1.0,0.3508771929824561,1.0,1.0,0.7872340425531915,10.0,37.0,0.0,53.0,5.659689493853599,8.35517832489824,7.032429646630134,0.7579736456831598,0.622973921313202,0.6674251763020607,2.2856461670046953,2.5214940186642556,2.4057571510274665,1000,100,2.5,10,6.7504119873046875,simple,
flow_stagewise,36,730.9199373722076,True,,10.0,1.0,1.0,1.0,1.0,1.0,0.0,10.0,0.0,0.0,90.0,6.755653381347656,6.745821475982666,5.949338912963867,0.7111067486414998,0.6955958995888638,0.7186462537688378,2.3741281032562256,2.373401403427124,2.3144075870513916,1000,100,2.5,10,6.7504119873046875,simple,97.0
