{
  "n": 1000,
  "p": 100,
  "n_active": 10,
  "sigma2": 6.658728122711182,
  "sigma": 2.580451250076294,
  "active_idx": [
    35,
    36,
    42,
    56,
    63,
    72,
    74,
    75,
    80,
    95
  ],
  "snr": 2.5,
  "setting": "simple",
  "seed": 17
}