method,seed,runtime_sec,converged,n_iter,support_size,precision,recall,f1,auroc,auprc,fdr,tp,fp,fn,tn,train_mse,val_mse,test_mse,train_r2,val_r2,test_r2,train_nll,val_nll,test_nll,n,p,snr,n_active,sigma2,setting,selected_ckpt_id,noise_x,group_size
mf_spike_slab,55,0.01688426802866161,True,7,10.0,0.1,0.1,0.10000000000000002,0.7472222222222222,0.2253838484294197,0.9,1.0,9.0,9.0,81.0,5.284860099114936,5.487688880022972,6.055764871307956,0.6988491469301048,0.6941123119885758,0.6858763967550139,2.2513949280040153,2.2703638457332675,2.3234913491102853,1000,100,2.5,10,4.981604561289752,jitter,,,
mf_ard,55,0.412419933010824,True,283,12.0,0.5833333333333334,0.7,0.6363636363636365,0.8994444444444445,0.642756093544137,0.4166666666666667,7.0,5.0,3.0,85.0,4.825391990758075,4.935101571521516,5.950014235401272,0.7250313372237045,0.724913922268869,0.6913618757163662,2.210223229362598,2.220158614853203,2.312069899945844,1000,100,2.5,10,4.981604561289752,jitter,,,
mf_bayes_lasso,55,1.3921817840309814,False,1000,78.0,0.10256410256410256,0.8,0.18181818181818182,0.7766666666666667,0.44396859815784284,0.8974358974358975,8.0,70.0,2.0,20.0,4.374475512705529,5.492563675423066,6.478206918302352,0.7507262240290409,0.6938405874198068,0.663963554895385,2.1570116664582306,2.281411645072659,2.391075625449325,1000,100,2.5,10,4.981604561289752,jitter,,,
flow_stagewise,55,1265.7646429538727,True,,5.0,0.8,0.4,0.5333333333333333,0.6944444444444444,0.38000000000000006,0.2,4.0,1.0,6.0,89.0,10.344708442687988,10.36901569366455,10.786528587341309,0.41052029895663456,0.4220236640821947,0.4404830260324153,2.714303970336914,2.7116100788116455,2.759925603866577,1000,100,2.5,10,4.981604561289752,jitter,22.0,0.15,10.0
