method,seed,runtime_sec,converged,n_iter,support_size,precision,recall,f1,auroc,auprc,fdr,tp,fp,fn,tn,train_mse,val_mse,test_mse,train_r2,val_r2,test_r2,train_nll,val_nll,test_nll,n,p,snr,n_active,sigma2,setting
mf_spike_slab,34,0.023388906964100897,True,7,10.0,0.1,0.1,0.10000000000000002,0.7188888888888888,0.19868183308336432,0.9,1.0,9.0,9.0,81.0,5.520665424424225,5.370963471870022,6.038140752974913,0.6848240990972934,0.688957614228527,0.6725264780553049,2.2732218777090627,2.2598213864776384,2.319543408486766,1000,100,2.5,10,4.799431793256914,jitter
mf_ard,34,1.4010050659999251,False,1000,17.0,0.47058823529411764,0.8,0.5925925925925927,0.8300000000000001,0.496709726443769,0.5294117647058824,8.0,9.0,2.0,81.0,4.719828818852824,5.1069197220855,5.519545663251016,0.7305440221920998,0.7042488740390183,0.7006520497242723,2.1992819347286345,2.2350543668098304,2.273186581573892,1000,100,2.5,10,4.799431793256914,jitter
mf_bayes_lasso,34,1.30683739494998,False,1000,80.0,0.1125,0.9,0.2,0.7533333333333334,0.25818332062039157,0.8875,9.0,71.0,1.0,19.0,4.1866486505067995,5.684980341041041,5.96301366799418,0.760983385381627,0.6707723190443399,0.6766009327787986,2.1351573157154804,2.308298614648565,2.340427049012914,1000,100,2.5,10,4.799431793256914,jitter
