method,seed,runtime_sec,converged,n_iter,selected_ckpt_id,support_size,precision,recall,f1,auroc,auprc,fdr,tp,fp,fn,tn,train_mse,val_mse,test_mse,train_r2,val_r2,test_r2,train_nll,val_nll,test_nll,n,p,snr,n_active,sigma2,noise_x,group_size,setting
flow_stagewise,9,824.9668841362,True,,107,9.0,0.7777777777777778,0.7,0.7368421052631577,0.8388888888888888,0.5744444444444444,0.2222222222222222,7.0,2.0,3.0,88.0,25.91205596923828,33.31578826904297,34.65195083618164,0.14236780971174956,-0.03216014814053958,-0.3403599717978778,3.517465114593506,3.9516632556915283,4.032430648803711,1000,100,2.5,10,8.413251482049697,0.15,10,jitter
