{
  "n": 1000,
  "p": 100,
  "n_active": 10,
  "sigma2": 5.146209716796875,
  "sigma": 2.2685258388519287,
  "active_idx": [
    2,
    19,
    47,
    50,
    51,
    72,
    80,
    85,
    92,
    99
  ],
  "snr": 2.5,
  "setting": "simple",
  "seed": 78
}