method,seed,runtime_sec,converged,n_iter,support_size,precision,recall,f1,auroc,auprc,fdr,tp,fp,fn,tn,train_mse,val_mse,test_mse,train_r2,val_r2,test_r2,train_nll,val_nll,test_nll,n,p,snr,n_active,sigma2,setting,selected_ckpt_id
mf_spike_slab,78,0.019386169034987688,True,8,10.0,1.0,1.0,1.0,1.0,1.0,0.0,10.0,0.0,0.0,90.0,5.4088393936938735,5.2820110728831215,6.170621540173813,0.703081747673706,0.668890371857472,0.6178193417434596,2.263065282943747,2.2515847490867604,2.33202200860568,1000,100,2.5,10,5.146209716796875,simple,
mf_ard,78,0.022133399033918977,True,15,36.0,0.2777777777777778,1.0,0.4347826086956522,1.0,1.0,0.7222222222222222,10.0,26.0,0.0,64.0,4.50501599719915,5.749894889698848,7.054124273044971,0.7526971353318622,0.6395604756376218,0.5630991399255663,2.1762680657664792,2.296283447467547,2.422020648259607,1000,100,2.5,10,5.146209716796875,simple,
mf_bayes_lasso,78,0.02072162297554314,True,14,48.0,0.20833333333333334,1.0,0.3448275862068966,1.0,1.0,0.7916666666666666,10.0,38.0,0.0,52.0,4.465971429074853,6.050165638646446,7.396705990248306,0.7548404869987314,0.6207376192190628,0.5418811628814355,2.1672050767956588,2.342866012306809,2.49217506572764,1000,100,2.5,10,5.146209716796875,simple,
flow_stagewise,78,756.1772813796997,True,,10.0,1.0,1.0,1.0,1.0,1.0,0.0,10.0,0.0,0.0,90.0,5.530354976654053,5.284367084503174,6.1401190757751465,0.6964111407198268,0.6687427032125416,0.6197085371294444,2.2736639976501465,2.255563259124756,2.3321304321289062,1000,100,2.5,10,5.146209716796875,simple,65.0
