method,seed,runtime_sec,converged,n_iter,support_size,precision,recall,f1,auroc,auprc,fdr,tp,fp,fn,tn,train_mse,val_mse,test_mse,train_r2,val_r2,test_r2,train_nll,val_nll,test_nll,n,p,snr,n_active,sigma2,setting,selected_ckpt_id,noise_x,group_size
mf_spike_slab,99,0.022947277990169823,True,7,10.0,0.1,0.1,0.10000000000000002,0.8016666666666665,0.24238008723302842,0.9,1.0,9.0,9.0,81.0,7.576441573322198,6.699981903279632,7.540497514652624,0.6969667341325514,0.7054252701341208,0.6530564576556938,2.4314940277269748,2.3743216184707747,2.429149358025873,1000,100,2.5,10,6.635077243182879,jitter,,,
mf_ard,99,0.7511241819011047,True,525,15.0,0.6,0.9,0.7200000000000001,0.9711111111111111,0.8434920634920635,0.4,9.0,6.0,1.0,84.0,6.529251981959894,6.05991049984658,6.9327447642712965,0.7388509457089062,0.7335669671540592,0.6810195849794625,2.3609520771966115,2.3292975109603553,2.38816550172925,1000,100,2.5,10,6.635077243182879,jitter,,,
mf_bayes_lasso,99,1.455239261034876,False,1000,72.0,0.1388888888888889,1.0,0.24390243902439027,0.8266666666666667,0.3107531618708089,0.8611111111111112,10.0,62.0,0.0,28.0,5.934817530302886,6.75053101561906,7.515960419018445,0.7626264096237902,0.7032028027711779,0.6541854265150588,2.3095326336524304,2.3764482237019866,2.439238849444673,1000,100,2.5,10,6.635077243182879,jitter,,,
flow_stagewise,99,785.2062609195709,True,,6.0,1.0,0.6,0.7499999999999999,0.8,0.64,0.0,6.0,0.0,4.0,90.0,17.4788761138916,18.971376419067383,17.598556518554688,0.3009012229939555,0.16589510620495407,0.19027806032097183,3.1189374923706055,3.2403039932250977,3.149902582168579,1000,100,2.5,10,6.635077243182879,jitter,173.0,0.15,10.0
