method,seed,runtime_sec,converged,n_iter,support_size,precision,recall,f1,auroc,auprc,fdr,tp,fp,fn,tn,train_mse,val_mse,test_mse,train_r2,val_r2,test_r2,train_nll,val_nll,test_nll,n,p,snr,n_active,sigma2,setting
mf_spike_slab,95,0.0196611121064052,True,7,10.0,0.0,0.0,0.0,0.6633333333333333,0.17269639997303407,1.0,0.0,10.0,10.0,80.0,7.212762264017606,8.062947538384002,6.883415171778413,0.7014710683670676,0.5846330006988494,0.6368550404363233,2.4068984060406513,2.46515118908841,2.3843322839375394,1000,100,2.5,10,6.234898510986921,jitter
mf_ard,95,0.8273158069932833,True,568,15.0,0.3333333333333333,0.5,0.4,0.731111111111111,0.2597709852186713,0.6666666666666666,5.0,10.0,5.0,80.0,6.1712534894515905,7.938828479943742,6.461304401812199,0.744578062660864,0.5910270595234896,0.6591241313839742,2.3328965968059387,2.4587330440310917,2.3535457780413616,1000,100,2.5,10,6.234898510986921,jitter
mf_bayes_lasso,95,1.1964413470122963,False,1000,83.0,0.12048192771084337,1.0,0.21505376344086022,0.7366666666666667,0.23894437459092632,0.8795180722891566,10.0,73.0,0.0,17.0,5.51680534432659,8.72042504951616,6.609560397324235,0.7716650091623416,0.5507626995953291,0.6513026625125301,2.273080027018233,2.5544905130312827,2.3690691764354193,1000,100,2.5,10,6.234898510986921,jitter
