method,seed,runtime_sec,converged,n_iter,selected_ckpt_id,support_size,precision,recall,f1,auroc,auprc,fdr,tp,fp,fn,tn,train_mse,val_mse,test_mse,train_r2,val_r2,test_r2,train_nll,val_nll,test_nll,n,p,snr,n_active,sigma2,setting
flow_stagewise,75,539.3358824253082,True,,103,8.0,1.0,0.8,0.888888888888889,0.9,0.8200000000000001,0.0,8.0,0.0,2.0,90.0,5.703681945800781,5.352752208709717,5.746904373168945,0.7073865204365628,0.7340238704198008,0.714676828537699,2.290339946746826,2.2598700523376465,2.2932181358337402,1000,100,2.5,10,5.607346534729004,simple
