method,seed,runtime_sec,converged,n_iter,support_size,precision,recall,f1,auroc,auprc,fdr,tp,fp,fn,tn,train_mse,val_mse,test_mse,train_r2,val_r2,test_r2,train_nll,val_nll,test_nll,n,p,snr,n_active,sigma2,setting
mf_spike_slab,40,0.08735302498098463,True,39,10.0,1.0,1.0,1.0,1.0,1.0,0.0,10.0,0.0,0.0,90.0,7.724372306459951,6.73808379468658,7.660326082403007,0.7321026585933461,0.7549751580232856,0.7072320681939477,2.4411984621541394,2.3784155018435507,2.437121550079213,1000,100,2.5,10,7.870176656115932,block_corr
mf_ard,40,0.10330324596725404,True,72,42.0,0.23809523809523808,1.0,0.3846153846153846,1.0,1.0,0.7619047619047619,10.0,32.0,0.0,58.0,6.728367759588017,7.506823807556724,8.126711117398308,0.7666461735288937,0.7270205635251853,0.6894074246145407,2.376406442345961,2.4269951195639625,2.4672790625186605,1000,100,2.5,10,7.870176656115932,block_corr
mf_bayes_lasso,40,0.11781153501942754,True,80,75.0,0.13333333333333333,1.0,0.23529411764705882,1.0,1.0,0.8666666666666667,10.0,65.0,0.0,25.0,6.380587298182752,8.116907139670618,9.09492438880677,0.7787079252554038,0.7048353879472691,0.6524035433217347,2.3456413322966614,2.4793965316211937,2.554736851402912,1000,100,2.5,10,7.870176656115932,block_corr
