method,seed,runtime_sec,converged,n_iter,support_size,precision,recall,f1,auroc,auprc,fdr,tp,fp,fn,tn,train_mse,val_mse,test_mse,train_r2,val_r2,test_r2,train_nll,val_nll,test_nll,n,p,snr,n_active,sigma2,setting
mf_spike_slab,67,0.041739289998076856,True,18,10.0,1.0,1.0,1.0,1.0,1.0,0.0,10.0,0.0,0.0,90.0,7.516634104537504,9.179625955236483,8.596225969927193,0.7323913457854887,0.6662951093894257,0.7255761845036403,2.4275695835613185,2.5363258929320103,2.498172711806988,1000,100,2.5,10,8.313138998350302,block_corr
mf_ard,67,0.13698161498177797,True,95,29.0,0.3448275862068966,1.0,0.5128205128205129,1.0,1.0,0.6551724137931034,10.0,19.0,0.0,71.0,6.630237407629493,9.897376215964977,9.156702677041928,0.7639490116051602,0.6402028945856753,0.707683663180755,2.3689192161695973,2.58486899686951,2.53591231100952,1000,100,2.5,10,8.313138998350302,block_corr
mf_bayes_lasso,67,0.10607908596284688,True,72,65.0,0.15384615384615385,1.0,0.2666666666666667,1.0,1.0,0.8461538461538461,10.0,55.0,0.0,35.0,6.419965073377308,10.781042072711815,9.610163112149372,0.7714351677230697,0.6080791872036999,0.6932075031526028,2.3486949786144042,2.683558739184137,2.593653210809896,1000,100,2.5,10,8.313138998350302,block_corr
