{
  "sim": "block_corr",
  "n": 1000,
  "p": 100,
  "n_active": 10,
  "active_idx": [
    35,
    36,
    42,
    56,
    63,
    72,
    74,
    75,
    80,
    95
  ],
  "snr": 2.5,
  "sigma2": 4.3871236207023845,
  "sigma": 2.094546161034028,
  "rho": 0.8,
  "block_size": 10,
  "beta_low": 0.8,
  "beta_high": 1.8,
  "setting": "block_corr",
  "seed": 17
}