method,seed,runtime_sec,converged,n_iter,support_size,precision,recall,f1,auroc,auprc,fdr,tp,fp,fn,tn,train_mse,val_mse,test_mse,train_r2,val_r2,test_r2,train_nll,val_nll,test_nll,n,p,snr,n_active,sigma2,setting,selected_ckpt_id,rho,block_size
mf_spike_slab,17,0.08237755310256034,True,35,10.0,1.0,1.0,1.0,1.0,1.0,0.0,10.0,0.0,0.0,90.0,4.7610005882566595,4.720215029771031,4.412278831263934,0.7081486352074613,0.6743457525248647,0.7318475568503019,2.199227007237641,2.195009476322608,2.163166576892429,1000,100,2.5,10,4.3871236207023845,block_corr,,,
mf_ard,17,0.08329483191482723,True,58,30.0,0.3333333333333333,1.0,0.5,1.0,1.0,0.6666666666666666,10.0,20.0,0.0,70.0,4.180975738029733,4.8117575073044705,4.6668239315719315,0.7437044056834952,0.6680301087575493,0.7163777977644233,2.1390447327420703,2.2044705744721655,2.189437798242509,1000,100,2.5,10,4.3871236207023845,block_corr,,,
mf_bayes_lasso,17,0.10783059103414416,True,73,63.0,0.15873015873015872,1.0,0.27397260273972607,1.0,1.0,0.8412698412698413,10.0,53.0,0.0,37.0,4.073533187166119,5.114458176329983,5.015943124074532,0.7502906798342867,0.6471463655467014,0.6951603797361967,2.1212548153629998,2.2470375832589458,2.235133271150868,1000,100,2.5,10,4.3871236207023845,block_corr,,,
flow_stagewise,17,1462.5739495754242,True,,10.0,1.0,1.0,1.0,1.0,1.0,0.0,10.0,0.0,0.0,90.0,4.991337299346924,4.833522319793701,4.523697376251221,0.6940288850345533,0.6665285350848884,0.7250761846747527,2.2297043800354004,2.2058119773864746,2.181767463684082,1000,100,2.5,10,4.3871236207023845,block_corr,155.0,0.8,10.0
