{
  "n": 1000,
  "p": 100,
  "n_active": 10,
  "sigma2": 7.544136047363281,
  "sigma": 2.74665904045105,
  "active_idx": [
    7,
    10,
    12,
    16,
    58,
    62,
    70,
    87,
    97,
    98
  ],
  "snr": 2.5,
  "setting": "simple",
  "seed": 26
}