method,seed,runtime_sec,converged,n_iter,support_size,precision,recall,f1,auroc,auprc,fdr,tp,fp,fn,tn,train_mse,val_mse,test_mse,train_r2,val_r2,test_r2,train_nll,val_nll,test_nll,n,p,snr,n_active,sigma2,setting,selected_ckpt_id
mf_spike_slab,26,0.02650320203974843,True,9,10.0,1.0,1.0,1.0,1.0,1.0,0.0,10.0,0.0,0.0,90.0,7.0958788093921745,6.7848878228506235,6.416338502327078,0.7121059068374467,0.7286419846804009,0.7060945285269422,2.398813573718052,2.3773726372008896,2.3519634037286745,1000,100,2.5,10,7.544136047363281,simple,
mf_ard,26,0.022516541997902095,True,15,30.0,0.3333333333333333,1.0,0.5,1.0,1.0,0.6666666666666666,10.0,20.0,0.0,70.0,6.203615287616288,7.54723690139281,7.157130876805488,0.7483068347794077,0.698152234763354,0.6721619465713986,2.335710553586891,2.4305583100771257,2.4030202883260214,1000,100,2.5,10,7.544136047363281,simple,
mf_bayes_lasso,26,0.019671836053021252,True,13,44.0,0.22727272727272727,1.0,0.37037037037037035,1.0,1.0,0.7727272727272727,10.0,34.0,0.0,56.0,6.14832995685999,8.100555709411069,7.537454522821497,0.7505498719832295,0.6760225404333808,0.6547409204746384,2.327049978533592,2.4843531811848423,2.438980549484073,1000,100,2.5,10,7.544136047363281,simple,
flow_stagewise,26,826.9660875797272,True,,10.0,1.0,1.0,1.0,1.0,1.0,0.0,10.0,0.0,0.0,90.0,7.281428337097168,6.803586006164551,6.316709995269775,0.7045777637607091,0.7278941679445663,0.7106580668970376,2.411914110183716,2.380244493484497,2.34797739982605,1000,100,2.5,10,7.544136047363281,simple,37.0
