method,seed,runtime_sec,converged,n_iter,support_size,precision,recall,f1,auroc,auprc,fdr,tp,fp,fn,tn,train_mse,val_mse,test_mse,train_r2,val_r2,test_r2,train_nll,val_nll,test_nll,n,p,snr,n_active,sigma2,setting
mf_spike_slab,60,0.01816942694131285,True,7,10.0,0.1,0.1,0.10000000000000002,0.7066666666666667,0.1920355300253002,0.9,1.0,9.0,9.0,81.0,6.849817786896796,7.443555417356749,7.578945097724931,0.6655196023868117,0.7072400257100685,0.6925685162652827,2.3810837261796354,2.423918700132286,2.4336863367692563,1000,100,2.5,10,6.506603373989437,jitter
mf_ard,60,0.8368125449633226,True,581,19.0,0.3157894736842105,0.6,0.41379310344827586,0.8433333333333334,0.4901841248050673,0.6842105263157895,6.0,13.0,4.0,77.0,5.781163936524502,6.809515372592889,7.15508161615544,0.7177025619784017,0.7321772414351003,0.7097620672621079,2.30037512049659,2.3783627672683276,2.404569662298521,1000,100,2.5,10,6.506603373989437,jitter
mf_bayes_lasso,60,1.2979622608982027,False,1000,75.0,0.13333333333333333,1.0,0.23529411764705882,0.8016666666666667,0.28071990602357777,0.8666666666666667,10.0,65.0,0.0,25.0,5.135775672054109,6.864450415767399,7.2241397667592055,0.7492172285039675,0.7300166097308096,0.7069608001424312,2.237278455575333,2.4005829741519467,2.434562122927313,1000,100,2.5,10,6.506603373989437,jitter
