method,seed,runtime_sec,converged,n_iter,selected_ckpt_id,support_size,precision,recall,f1,auroc,auprc,fdr,tp,fp,fn,tn,train_mse,val_mse,test_mse,train_r2,val_r2,test_r2,train_nll,val_nll,test_nll,n,p,snr,n_active,sigma2,setting
flow_stagewise,66,878.4877228736877,True,,121,9.0,1.0,0.9,0.9473684210526316,0.95,0.91,0.0,9.0,0.0,1.0,90.0,6.204500198364258,7.0997314453125,5.672059535980225,0.70317098722202,0.6857498319903548,0.7312264005024534,2.3317298889160156,2.402096748352051,2.2898788452148438,1000,100,2.5,10,6.361078262329102,simple
