method,seed,runtime_sec,converged,n_iter,selected_ckpt_id,support_size,precision,recall,f1,auroc,auprc,fdr,tp,fp,fn,tn,train_mse,val_mse,test_mse,train_r2,val_r2,test_r2,train_nll,val_nll,test_nll,n,p,snr,n_active,sigma2,noise_x,group_size,setting
flow_stagewise,23,1061.704225063324,True,,149,11.0,0.6363636363636364,0.7,0.6666666666666666,0.8277777777777778,0.47545454545454546,0.36363636363636365,7.0,4.0,3.0,86.0,26.826444625854492,20.840499877929688,24.715131759643555,0.13367001876871587,0.2383096575205137,0.19053450071388733,3.4223921298980713,3.1282620429992676,3.3130462169647217,1000,100,2.5,10,8.861618665335406,0.15,10,jitter
