method,seed,runtime_sec,converged,n_iter,selected_ckpt_id,support_size,precision,recall,f1,auroc,auprc,fdr,tp,fp,fn,tn,train_mse,val_mse,test_mse,train_r2,val_r2,test_r2,train_nll,val_nll,test_nll,n,p,snr,n_active,sigma2,setting
flow_stagewise,28,640.8206572532654,True,,61,8.0,1.0,0.8,0.888888888888889,0.9,0.8200000000000001,0.0,8.0,0.0,2.0,90.0,7.586876392364502,6.898677825927734,7.026652812957764,0.7262091402687292,0.647940462448271,0.7432601160813167,2.43234920501709,2.385528326034546,2.394435405731201,1000,100,2.5,10,7.367515563964844,simple
