{
  "sim": "block_corr",
  "n": 1000,
  "p": 100,
  "n_active": 10,
  "active_idx": [
    2,
    8,
    27,
    30,
    42,
    45,
    69,
    78,
    89,
    95
  ],
  "snr": 2.5,
  "sigma2": 6.127078197991905,
  "sigma": 2.4752935579425532,
  "rho": 0.8,
  "block_size": 10,
  "beta_low": 0.8,
  "beta_high": 1.8,
  "setting": "block_corr",
  "seed": 29
}