{
  "n": 1000,
  "p": 100,
  "n_active": 10,
  "sigma2": 5.983975410461426,
  "sigma": 2.446216583251953,
  "active_idx": [
    9,
    15,
    18,
    21,
    44,
    49,
    52,
    62,
    76,
    95
  ],
  "snr": 2.5,
  "setting": "simple",
  "seed": 19
}