method,seed,runtime_sec,converged,n_iter,support_size,precision,recall,f1,auroc,auprc,fdr,tp,fp,fn,tn,train_mse,val_mse,test_mse,train_r2,val_r2,test_r2,train_nll,val_nll,test_nll,n,p,snr,n_active,sigma2,setting,selected_ckpt_id,rho,block_size
mf_spike_slab,61,0.09661633206997067,True,40,11.0,0.9090909090909091,1.0,0.9523809523809523,1.0,1.0,0.09090909090909091,10.0,1.0,0.0,89.0,8.928285544198229,9.398900558618681,9.141366818811044,0.7323271951226844,0.6681832005550957,0.7367746972553146,2.51361788727755,2.53954355925257,2.52535630415835,1000,100,2.5,10,9.218261917535447,block_corr,,,
mf_ard,61,0.13273691199719906,True,90,40.0,0.25,1.0,0.4,1.0,1.0,0.75,10.0,30.0,0.0,60.0,7.920192356624329,9.525755353663937,9.639850725051529,0.7625501455155475,0.6637047456737364,0.722420872522727,2.4576496512915296,2.5467173296679166,2.5530467043867673,1000,100,2.5,10,9.218261917535447,block_corr,,,
mf_bayes_lasso,61,0.11178915400523692,True,74,76.0,0.13157894736842105,1.0,0.23255813953488372,1.0,1.0,0.868421052631579,10.0,66.0,0.0,24.0,7.5368024693098565,9.855049984897406,10.603629320332919,0.7740442947551794,0.6520793975887326,0.6946689052786441,2.428897314673697,2.580326639538084,2.6292242928776153,1000,100,2.5,10,9.218261917535447,block_corr,,,
flow_stagewise,61,1019.1137661933899,True,,11.0,0.9090909090909091,1.0,0.9523809523809523,0.9944444444444445,0.9090909090909091,0.09090909090909091,10.0,1.0,0.0,89.0,9.933012962341309,9.745275497436523,10.237401008605957,0.7022051923907395,0.6559548339041181,0.705214432827493,2.567889928817749,2.5574049949645996,2.5847342014312744,1000,100,2.5,10,9.218261917535447,block_corr,168.0,0.8,10.0
