{
  "sim": "block_corr",
  "n": 1000,
  "p": 100,
  "n_active": 10,
  "active_idx": [
    1,
    10,
    11,
    16,
    22,
    49,
    65,
    72,
    90,
    94
  ],
  "snr": 2.5,
  "sigma2": 6.194373631324609,
  "sigma": 2.4888498611456273,
  "rho": 0.8,
  "block_size": 10,
  "beta_low": 0.8,
  "beta_high": 1.8,
  "setting": "block_corr",
  "seed": 54
}