method,seed,runtime_sec,converged,n_iter,support_size,precision,recall,f1,auroc,auprc,fdr,tp,fp,fn,tn,train_mse,val_mse,test_mse,train_r2,val_r2,test_r2,train_nll,val_nll,test_nll,n,p,snr,n_active,sigma2,setting,selected_ckpt_id,rho,block_size
mf_spike_slab,54,0.08193469396792352,True,36,10.0,1.0,1.0,1.0,1.0,1.0,0.0,10.0,0.0,0.0,90.0,5.821079366899982,4.891092438895385,6.270496663081229,0.7292883578075273,0.7625566479804311,0.7115802010795156,2.299727086638397,2.220921298119572,2.3378100782730775,1000,100,2.5,10,6.194373631324609,block_corr,,,
mf_ard,54,0.11256476200651377,True,77,34.0,0.29411764705882354,1.0,0.45454545454545453,1.0,1.0,0.7058823529411765,10.0,24.0,0.0,66.0,5.08170547094378,5.570864123258628,6.8403748235666,0.7636732388498113,0.7295563991894578,0.6853679003180635,2.236365644831022,2.2782558746810513,2.3869733527044055,1000,100,2.5,10,6.194373631324609,block_corr,,,
mf_bayes_lasso,54,0.11898580100387335,True,77,71.0,0.14084507042253522,1.0,0.2469135802469136,0.9966666666666666,0.9733333333333334,0.8591549295774648,10.0,61.0,0.0,29.0,4.889111394634933,6.370075536739648,7.393485741294731,0.7726299039952096,0.6907578200662856,0.6599268310944524,2.212503418142287,2.3616322676146186,2.464686745440559,1000,100,2.5,10,6.194373631324609,block_corr,,,
flow_stagewise,54,1286.0658659934998,True,,11.0,0.9090909090909091,1.0,0.9523809523809523,0.9944444444444445,0.9090909090909091,0.09090909090909091,10.0,1.0,0.0,89.0,6.455626010894775,5.1764044761657715,7.159701347351074,0.6997785165018491,0.7487058725226952,0.6706800314293258,2.3513829708099365,2.2500057220458984,2.4044840335845947,1000,100,2.5,10,6.194373631324609,block_corr,101.0,0.8,10.0
