method,seed,runtime_sec,converged,n_iter,support_size,precision,recall,f1,auroc,auprc,fdr,tp,fp,fn,tn,train_mse,val_mse,test_mse,train_r2,val_r2,test_r2,train_nll,val_nll,test_nll,n,p,snr,n_active,sigma2,setting
mf_spike_slab,72,0.020349325030110776,True,8,9.0,1.0,0.9,0.9473684210526316,1.0,1.0,0.0,9.0,0.0,1.0,90.0,5.921732917413801,6.222443183953674,6.3190381572867516,0.7140886360001115,0.7093549597091884,0.6869897199672352,2.308330646545441,2.333276476798707,2.3412896445425693,1000,100,2.5,10,5.802898406982422,simple
mf_ard,72,0.021848915959708393,True,15,26.0,0.38461538461538464,1.0,0.5555555555555556,0.9944444444444445,0.9666666666666667,0.6153846153846154,10.0,16.0,0.0,74.0,5.098824012275395,6.226129557366072,7.102297908743219,0.7538200813045596,0.7091827723356281,0.6481913541338102,2.237916194316023,2.334327411932482,2.4092604750768505,1000,100,2.5,10,5.802898406982422,simple
mf_bayes_lasso,72,0.020832882029935718,True,14,45.0,0.2222222222222222,1.0,0.3636363636363636,0.99,0.9526315789473685,0.7777777777777778,10.0,35.0,0.0,55.0,5.055922774145283,6.388771112998091,7.509059724219037,0.7558914262439766,0.7015859233018706,0.6280426184244202,2.2292368031829475,2.3599296780578207,2.4697799401034364,1000,100,2.5,10,5.802898406982422,simple
