method,seed,runtime_sec,converged,n_iter,selected_ckpt_id,support_size,precision,recall,f1,auroc,auprc,fdr,tp,fp,fn,tn,train_mse,val_mse,test_mse,train_r2,val_r2,test_r2,train_nll,val_nll,test_nll,n,p,snr,n_active,sigma2,rho,block_size,setting
flow_stagewise,2,779.6072282791138,True,,114,12.0,0.8333333333333334,1.0,0.9090909090909091,0.9888888888888888,0.8333333333333334,0.16666666666666666,10.0,2.0,0.0,88.0,7.18864107131958,8.30421257019043,8.403373718261719,0.7325052689491239,0.6339102389481464,0.675339504798757,2.4060556888580322,2.4793596267700195,2.4853928089141846,1000,100,2.5,10,7.549981645164252,0.8,10,block_corr
