method,seed,runtime_sec,converged,n_iter,selected_ckpt_id,support_size,precision,recall,f1,auroc,auprc,fdr,tp,fp,fn,tn,train_mse,val_mse,test_mse,train_r2,val_r2,test_r2,train_nll,val_nll,test_nll,n,p,snr,n_active,sigma2,noise_x,group_size,setting
flow_stagewise,86,817.472174167633,True,,100,11.0,0.5454545454545454,0.6,0.5714285714285713,0.7722222222222223,0.3672727272727272,0.45454545454545453,6.0,5.0,4.0,85.0,14.413631439208984,14.831090927124023,13.201504707336426,0.3692390413400112,0.3827127061510208,0.5074730641329993,2.8715004920959473,2.8794028759002686,2.7974700927734375,1000,100,2.5,10,6.89012178517938,0.15,10,jitter
