method,seed,runtime_sec,converged,n_iter,selected_ckpt_id,support_size,precision,recall,f1,auroc,auprc,fdr,tp,fp,fn,tn,train_mse,val_mse,test_mse,train_r2,val_r2,test_r2,train_nll,val_nll,test_nll,n,p,snr,n_active,sigma2,rho,block_size,setting
flow_stagewise,5,1185.5238609313965,True,,92,10.0,1.0,1.0,1.0,1.0,1.0,0.0,10.0,0.0,0.0,90.0,4.447031021118164,3.8220136165618896,4.788963794708252,0.7279115371041345,0.7090444613696479,0.6594467832110892,2.1655538082122803,2.098360300064087,2.2023091316223145,1000,100,2.5,10,4.651063766371011,0.8,10,block_corr
