method,seed,runtime_sec,converged,n_iter,selected_ckpt_id,support_size,precision,recall,f1,auroc,auprc,fdr,tp,fp,fn,tn,train_mse,val_mse,test_mse,train_r2,val_r2,test_r2,train_nll,val_nll,test_nll,n,p,snr,n_active,sigma2,setting
flow_stagewise,24,570.7714147567749,True,,89,9.0,1.0,0.9,0.9473684210526316,0.95,0.91,0.0,9.0,0.0,1.0,90.0,8.125813484191895,7.270983695983887,8.337780952453613,0.719657382857216,0.7392149957145795,0.624315961567782,2.466514825820923,2.413212776184082,2.4797205924987793,1000,100,2.5,10,8.020822525024414,simple
