{
  "n": 1000,
  "p": 100,
  "n_active": 10,
  "sigma2": 5.6221537590026855,
  "sigma": 2.371108055114746,
  "active_idx": [
    5,
    8,
    18,
    20,
    21,
    23,
    32,
    76,
    77,
    96
  ],
  "snr": 2.5,
  "setting": "simple",
  "seed": 40
}