method,seed,runtime_sec,converged,n_iter,support_size,precision,recall,f1,auroc,auprc,fdr,tp,fp,fn,tn,train_mse,val_mse,test_mse,train_r2,val_r2,test_r2,train_nll,val_nll,test_nll,n,p,snr,n_active,sigma2,setting,selected_ckpt_id
mf_spike_slab,40,0.01990756602026522,True,8,10.0,1.0,1.0,1.0,1.0,1.0,0.0,10.0,0.0,0.0,90.0,5.570020270716365,4.811915453959454,5.430152994841087,0.721062971766683,0.7359696445905988,0.6921989940427141,2.277699253707505,2.2107077058270734,2.265339583775862,1000,100,2.5,10,5.6221537590026855,simple,
mf_ard,40,0.02259798999875784,True,15,35.0,0.2857142857142857,1.0,0.4444444444444445,1.0,1.0,0.7142857142857143,10.0,25.0,0.0,65.0,4.7390344636390695,6.003495709893623,6.214745128359677,0.7626773107213947,0.6705874986482285,0.6477254316601015,2.2014898247337236,2.3175494588607144,2.3369391635980743,1000,100,2.5,10,5.6221537590026855,simple,
mf_bayes_lasso,40,0.02183182304725051,True,14,44.0,0.22727272727272727,1.0,0.37037037037037035,1.0,1.0,0.7727272727272727,10.0,34.0,0.0,56.0,4.699686169668132,6.511972896051545,6.620535197595018,0.7646478055585513,0.6426872968547038,0.6247237608716767,2.1927090818755777,2.3836877247169155,2.3951280121232457,1000,100,2.5,10,5.6221537590026855,simple,
flow_stagewise,40,603.5731279850006,True,,10.0,1.0,1.0,1.0,1.0,1.0,0.0,10.0,0.0,0.0,90.0,5.683047771453857,4.861922264099121,5.472603797912598,0.7154027702643609,0.7332257487406733,0.6897927323397361,2.2877092361450195,2.2147324085235596,2.268991708755493,1000,100,2.5,10,5.6221537590026855,simple,18.0
