method,seed,runtime_sec,converged,n_iter,selected_ckpt_id,support_size,precision,recall,f1,auroc,auprc,fdr,tp,fp,fn,tn,train_mse,val_mse,test_mse,train_r2,val_r2,test_r2,train_nll,val_nll,test_nll,n,p,snr,n_active,sigma2,rho,block_size,setting
flow_stagewise,37,1219.827718257904,True,,127,10.0,1.0,1.0,1.0,1.0,1.0,0.0,10.0,0.0,0.0,90.0,7.654438495635986,8.827300071716309,7.769904613494873,0.6974014375546514,0.626047882546554,0.6742518408430723,2.438162088394165,2.5167882442474365,2.4412615299224854,1000,100,2.5,10,7.211318389537865,0.8,10,block_corr
