method,seed,runtime_sec,converged,n_iter,selected_ckpt_id,support_size,precision,recall,f1,auroc,auprc,fdr,tp,fp,fn,tn,train_mse,val_mse,test_mse,train_r2,val_r2,test_r2,train_nll,val_nll,test_nll,n,p,snr,n_active,sigma2,noise_x,group_size,setting
flow_stagewise,68,1004.4009301662445,True,,119,11.0,0.2727272727272727,0.3,0.28571428571428564,0.6055555555555555,0.1518181818181818,0.7272727272727273,3.0,8.0,7.0,82.0,12.02342700958252,12.380687713623047,14.391801834106445,0.5395596243448464,0.3499210336389007,0.3962341875740767,2.7178843021392822,2.752220392227173,2.854111671447754,1000,100,2.5,10,6.796378461753706,0.15,10,jitter
