method,seed,runtime_sec,converged,n_iter,support_size,precision,recall,f1,auroc,auprc,fdr,tp,fp,fn,tn,train_mse,val_mse,test_mse,train_r2,val_r2,test_r2,train_nll,val_nll,test_nll,n,p,snr,n_active,sigma2,setting
mf_spike_slab,19,0.037609815946780145,True,11,10.0,0.0,0.0,0.0,0.6255555555555555,0.15789235319906186,1.0,0.0,10.0,10.0,80.0,8.275385108655987,9.40286419418111,8.41358089847403,0.7132130795585911,0.6636159303218858,0.7324755388077853,2.4756165260370064,2.542933117656113,2.4838675611702463,1000,100,2.5,10,8.245313060062239,jitter
mf_ard,19,0.30676715809386224,True,213,13.0,0.38461538461538464,0.5,0.4347826086956522,0.731111111111111,0.3646089325565892,0.6153846153846154,5.0,8.0,5.0,82.0,7.333134414349561,8.646644640773653,8.406784373275903,0.7458671701363536,0.6906694116539663,0.7326916461660611,2.418807560144699,2.4979534702748416,2.483500625680817,1000,100,2.5,10,8.245313060062239,jitter
mf_bayes_lasso,19,1.4057923409854993,False,1000,80.0,0.1,0.8,0.1777777777777778,0.6533333333333334,0.28284440985028536,0.9,8.0,72.0,2.0,18.0,6.5290756154170575,9.024858273300707,8.810995984078689,0.7737321629762,0.6771389555833656,0.7198390338607269,2.3572763464205493,2.5429820569555606,2.527069033339034,1000,100,2.5,10,8.245313060062239,jitter
