method,seed,runtime_sec,converged,n_iter,selected_ckpt_id,support_size,precision,recall,f1,auroc,auprc,fdr,tp,fp,fn,tn,train_mse,val_mse,test_mse,train_r2,val_r2,test_r2,train_nll,val_nll,test_nll,n,p,snr,n_active,sigma2,setting
flow_stagewise,41,735.5392677783966,True,,72,9.0,1.0,0.9,0.9473684210526316,0.95,0.91,0.0,9.0,0.0,1.0,90.0,7.7828474044799805,8.222453117370605,8.266446113586426,0.7321365511727712,0.7286236706119003,0.7087779513063439,2.4447762966156006,2.4726927280426025,2.475553035736084,1000,100,2.5,10,7.871706962585449,simple
