method,seed,runtime_sec,converged,n_iter,support_size,precision,recall,f1,auroc,auprc,fdr,tp,fp,fn,tn,train_mse,val_mse,test_mse,train_r2,val_r2,test_r2,train_nll,val_nll,test_nll,n,p,snr,n_active,sigma2,setting,selected_ckpt_id,noise_x,group_size
mf_spike_slab,80,0.021943398052826524,True,7,10.0,0.1,0.1,0.10000000000000002,0.7233333333333334,0.18967025557098943,0.9,1.0,9.0,9.0,81.0,8.824956586597692,8.652128342383376,9.167424800951347,0.6866878669388613,0.6524958549151862,0.6930577193735925,2.507764733858233,2.4980870637608303,2.5269415438317893,1000,100,2.5,10,7.958686063989836,jitter,,,
mf_ard,80,0.26738719001878053,True,185,15.0,0.3333333333333333,0.5,0.4,0.8,0.3484283259695631,0.6666666666666666,5.0,10.0,5.0,80.0,7.613624664756724,8.673055314153883,8.26202527238771,0.7296937428944914,0.65165534387021,0.7233721645105253,2.4375219680277973,2.499063553696163,2.475187105962639,1000,100,2.5,10,7.958686063989836,jitter,,,
mf_bayes_lasso,80,1.4768711099168286,False,1000,82.0,0.10975609756097561,0.9,0.1956521739130435,0.7972222222222223,0.30119723754506367,0.8902439024390244,9.0,73.0,1.0,17.0,6.843816463499067,8.93598064352675,8.84824878826918,0.7570242172392929,0.6410952090468178,0.7037443206145148,2.380795975805281,2.529529904196211,2.5232929637103494,1000,100,2.5,10,7.958686063989836,jitter,,,
flow_stagewise,80,2106.9229624271393,True,,13.0,0.38461538461538464,0.5,0.4347826086956522,0.7055555555555556,0.24230769230769234,0.6153846153846154,5.0,8.0,5.0,82.0,20.26585578918457,25.726295471191406,20.081680297851562,0.2805020664411597,-0.03327111311756825,0.3276283002013488,3.106797695159912,3.373720645904541,3.0813488960266113,1000,100,2.5,10,7.958686063989836,jitter,156.0,0.15,10.0
