method,seed,runtime_sec,converged,n_iter,selected_ckpt_id,support_size,precision,recall,f1,auroc,auprc,fdr,tp,fp,fn,tn,train_mse,val_mse,test_mse,train_r2,val_r2,test_r2,train_nll,val_nll,test_nll,n,p,snr,n_active,sigma2,setting
flow_stagewise,13,817.8378827571869,True,,69,9.0,1.0,0.9,0.9473684210526316,0.95,0.91,0.0,9.0,0.0,1.0,90.0,5.4048686027526855,6.343021869659424,5.381663799285889,0.7063440840437034,0.6984088322587296,0.7206409520714849,2.261857271194458,2.3494272232055664,2.2606842517852783,1000,100,2.5,10,5.3703203201293945,simple
