method,seed,runtime_sec,converged,n_iter,selected_ckpt_id,support_size,precision,recall,f1,auroc,auprc,fdr,tp,fp,fn,tn,train_mse,val_mse,test_mse,train_r2,val_r2,test_r2,train_nll,val_nll,test_nll,n,p,snr,n_active,sigma2,setting
flow_stagewise,49,481.4049458503723,True,,35,10.0,1.0,1.0,1.0,1.0,1.0,0.0,10.0,0.0,0.0,90.0,6.78701114654541,7.05351448059082,7.720413684844971,0.727923849548197,0.7418754434796717,0.7100970923273235,2.3788084983825684,2.3965890407562256,2.4411067962646484,1000,100,2.5,10,7.491982936859131,simple
