{
  "sim": "block_corr",
  "n": 1000,
  "p": 100,
  "n_active": 10,
  "active_idx": [
    11,
    16,
    22,
    29,
    34,
    35,
    39,
    46,
    62,
    76
  ],
  "snr": 2.5,
  "sigma2": 6.346265184078511,
  "sigma": 2.5191794664292004,
  "rho": 0.8,
  "block_size": 10,
  "beta_low": 0.8,
  "beta_high": 1.8,
  "setting": "block_corr",
  "seed": 10
}