method,seed,runtime_sec,converged,n_iter,support_size,precision,recall,f1,auroc,auprc,fdr,tp,fp,fn,tn,train_mse,val_mse,test_mse,train_r2,val_r2,test_r2,train_nll,val_nll,test_nll,n,p,snr,n_active,sigma2,setting,selected_ckpt_id,rho,block_size
mf_spike_slab,10,0.07974615704733878,True,35,10.0,1.0,1.0,1.0,1.0,1.0,0.0,10.0,0.0,0.0,90.0,6.880346018007196,5.86576619298404,6.7540674882270935,0.6953928356332353,0.6958966420008212,0.6991760308931063,2.383332035886094,2.3107289101375796,2.37429557000057,1000,100,2.5,10,6.346265184078511,block_corr,,,
mf_ard,10,0.12747436697827652,True,90,30.0,0.3333333333333333,1.0,0.5,1.0,1.0,0.6666666666666666,10.0,20.0,0.0,70.0,6.112330455022232,6.0923024862382205,7.125468464162002,0.7293944748266887,0.6841521494280212,0.6826339522263383,2.3283762276956157,2.326943104237789,2.400872438498249,1000,100,2.5,10,6.346265184078511,block_corr,,,
mf_bayes_lasso,10,0.11483073304407299,True,78,68.0,0.14705882352941177,1.0,0.25641025641025644,1.0,1.0,0.8529411764705882,10.0,58.0,0.0,32.0,5.876254788609585,6.431562740366494,7.6056846683692605,0.7398460333869337,0.6665636232028431,0.6612452786854119,2.3044544294569547,2.3510003925138228,2.449415399380137,1000,100,2.5,10,6.346265184078511,block_corr,,,
flow_stagewise,10,666.2959167957306,True,,10.0,1.0,1.0,1.0,1.0,1.0,0.0,10.0,0.0,0.0,90.0,7.4209465980529785,6.571289539337158,7.332262992858887,0.6714593131790195,0.6593196557453034,0.6734233732171488,2.4275238513946533,2.3606185913085938,2.4204893112182617,1000,100,2.5,10,6.346265184078511,block_corr,57.0,0.8,10.0
