method,seed,runtime_sec,converged,n_iter,selected_ckpt_id,support_size,precision,recall,f1,auroc,auprc,fdr,tp,fp,fn,tn,train_mse,val_mse,test_mse,train_r2,val_r2,test_r2,train_nll,val_nll,test_nll,n,p,snr,n_active,sigma2,rho,block_size,setting
flow_stagewise,35,494.98355889320374,True,,120,9.0,0.8888888888888888,0.8,0.8421052631578948,0.8944444444444445,0.7311111111111112,0.1111111111111111,8.0,1.0,2.0,89.0,8.536195755004883,9.183028221130371,7.737142562866211,0.6976239328617748,0.6565793493377314,0.6742373734009625,2.4962594509124756,2.538118362426758,2.4440441131591797,1000,100,2.5,10,7.352059603948108,0.8,10,block_corr
