{
  "n": 1000,
  "p": 100,
  "n_active": 10,
  "sigma2": 8.923020362854004,
  "sigma": 2.987142562866211,
  "active_idx": [
    12,
    20,
    31,
    36,
    55,
    70,
    73,
    74,
    85,
    91
  ],
  "snr": 2.5,
  "setting": "simple",
  "seed": 58
}