{
  "n": 1000,
  "p": 100,
  "n_active": 10,
  "sigma2": 7.068822383880615,
  "sigma": 2.6587257385253906,
  "active_idx": [
    1,
    9,
    17,
    22,
    38,
    55,
    83,
    88,
    91,
    97
  ],
  "snr": 2.5,
  "setting": "simple",
  "seed": 67
}