method,seed,runtime_sec,converged,n_iter,support_size,precision,recall,f1,auroc,auprc,fdr,tp,fp,fn,tn,train_mse,val_mse,test_mse,train_r2,val_r2,test_r2,train_nll,val_nll,test_nll,n,p,snr,n_active,sigma2,setting,selected_ckpt_id
mf_spike_slab,67,0.021473077940754592,True,8,10.0,1.0,1.0,1.0,1.0,1.0,0.0,10.0,0.0,0.0,90.0,6.461043250065893,7.859800987131414,7.063230049756234,0.7272817718388627,0.665949938581303,0.7086613692812479,2.3519333567649587,2.4580345152037357,2.3976115434520455,1000,100,2.5,10,7.068822383880615,simple,
mf_ard,67,0.019898875034414232,True,15,35.0,0.2857142857142857,1.0,0.4444444444444445,1.0,1.0,0.7142857142857143,10.0,25.0,0.0,65.0,5.5963678201516815,8.121620806792249,7.627343444111295,0.7637793995521996,0.6548223124516426,0.6853932578472754,2.284376677051738,2.4814340036579217,2.4428632243311976,1000,100,2.5,10,7.068822383880615,simple,
mf_bayes_lasso,67,0.02020105195697397,True,15,47.0,0.2127659574468085,1.0,0.3508771929824561,1.0,1.0,0.7872340425531915,10.0,37.0,0.0,53.0,5.5391858842236115,8.517255076283226,7.967278108064528,0.7661930277613852,0.6380074271588488,0.6713718966807377,2.2748864558223274,2.5410711213019965,2.4919132858503725,1000,100,2.5,10,7.068822383880615,simple,
flow_stagewise,67,490.28290009498596,True,,9.0,1.0,0.9,0.9473684210526316,0.95,0.91,0.0,9.0,0.0,1.0,90.0,6.755839824676514,7.997264385223389,7.153491973876953,0.7148384987001852,0.6601075850221445,0.7049383426552456,2.3746554851531982,2.4624440670013428,2.4027774333953857,1000,100,2.5,10,7.068822383880615,simple,52.0
