method,seed,runtime_sec,converged,n_iter,selected_ckpt_id,support_size,precision,recall,f1,auroc,auprc,fdr,tp,fp,fn,tn,train_mse,val_mse,test_mse,train_r2,val_r2,test_r2,train_nll,val_nll,test_nll,n,p,snr,n_active,sigma2,setting
flow_stagewise,23,695.544664144516,True,,105,9.0,1.0,0.9,0.9473684210526316,0.95,0.91,0.0,9.0,0.0,1.0,90.0,5.189285755157471,5.795928478240967,6.7156195640563965,0.7001935630563074,0.6779054669634335,0.6595890492754882,2.2423572540283203,2.2995336055755615,2.3862144947052,1000,100,2.5,10,5.304982662200928,simple
