method,seed,runtime_sec,converged,n_iter,selected_ckpt_id,support_size,precision,recall,f1,auroc,auprc,fdr,tp,fp,fn,tn,train_mse,val_mse,test_mse,train_r2,val_r2,test_r2,train_nll,val_nll,test_nll,n,p,snr,n_active,sigma2,rho,block_size,setting
flow_stagewise,99,736.3492949008942,True,,29,11.0,0.9090909090909091,1.0,0.9523809523809523,0.9944444444444445,0.9090909090909091,0.09090909090909091,10.0,1.0,0.0,89.0,9.934883117675781,10.793340682983398,11.502734184265137,0.6565554832980754,0.6462704575850038,0.5029518930368408,2.5804519653320312,2.63443660736084,2.679142475128174,1000,100,2.5,10,7.923117545366551,0.8,10,block_corr
