method,seed,runtime_sec,converged,n_iter,selected_ckpt_id,support_size,precision,recall,f1,auroc,auprc,fdr,tp,fp,fn,tn,train_mse,val_mse,test_mse,train_r2,val_r2,test_r2,train_nll,val_nll,test_nll,n,p,snr,n_active,sigma2,noise_x,group_size,setting
flow_stagewise,64,718.6262474060059,True,,165,9.0,0.5555555555555556,0.5,0.5263157894736842,0.7277777777777777,0.3277777777777778,0.4444444444444444,5.0,4.0,5.0,86.0,15.50220012664795,14.433758735656738,16.934572219848633,0.40122968375770596,0.49989878818197864,0.3617181487841369,2.986091136932373,2.9115798473358154,3.086745500564575,1000,100,2.5,10,7.140474572131588,0.15,10,jitter
