method,seed,runtime_sec,converged,n_iter,support_size,precision,recall,f1,auroc,auprc,fdr,tp,fp,fn,tn,train_mse,val_mse,test_mse,train_r2,val_r2,test_r2,train_nll,val_nll,test_nll,n,p,snr,n_active,sigma2,setting
mf_spike_slab,87,0.02152930002193898,True,9,10.0,1.0,1.0,1.0,1.0,1.0,0.0,10.0,0.0,0.0,90.0,4.530310031022329,4.856443284663559,4.855349599044655,0.6947532738050239,0.6927030181177962,0.7569867764234016,2.174442680250301,2.209691038151284,2.2095728330259377,1000,100,2.5,10,4.743706703186035,simple
mf_ard,87,0.02029642602428794,True,14,27.0,0.37037037037037035,1.0,0.5405405405405406,1.0,1.0,0.6296296296296297,10.0,17.0,0.0,73.0,3.890973097895308,5.055158939940773,5.683984843454214,0.7378310111863924,0.680129058629322,0.7155130745188527,2.103150202991967,2.232807637395739,2.302841089437155,1000,100,2.5,10,4.743706703186035,simple
mf_bayes_lasso,87,0.020616726018488407,True,14,40.0,0.25,1.0,0.4,1.0,1.0,0.75,10.0,30.0,0.0,60.0,3.863964462506452,5.235672003760673,5.967978649141824,0.73965081986946,0.668706888853894,0.7012990104667993,2.094807081319265,2.2706589630681813,2.364540127773133,1000,100,2.5,10,4.743706703186035,simple
