method,seed,runtime_sec,converged,n_iter,support_size,precision,recall,f1,auroc,auprc,fdr,tp,fp,fn,tn,train_mse,val_mse,test_mse,train_r2,val_r2,test_r2,train_nll,val_nll,test_nll,n,p,snr,n_active,sigma2,setting
mf_spike_slab,20,0.01912654098123312,True,7,10.0,0.3,0.3,0.3,0.8066666666666666,0.32689584924879045,0.7,3.0,7.0,7.0,83.0,9.338568591963947,7.655885284187393,8.936987276204654,0.6757929219106369,0.7233672840581007,0.655403884667239,2.5360484864615063,2.44699355212644,2.514795053008013,1000,100,2.5,10,8.08363314428528,jitter
mf_ard,20,1.1670566269895062,True,789,12.0,0.5833333333333334,0.7,0.6363636363636365,0.9283333333333333,0.6758852258852259,0.4166666666666667,7.0,5.0,3.0,85.0,8.565214215189599,7.854353540911458,8.601093709521924,0.7026414651699739,0.7161959628002927,0.6683554101273144,2.496229093096161,2.4594087905858384,2.4980875358023567,1000,100,2.5,10,8.08363314428528,jitter
mf_bayes_lasso,20,1.3691357469651848,False,1000,80.0,0.125,1.0,0.2222222222222222,0.7988888888888888,0.26820271984993926,0.875,10.0,70.0,0.0,20.0,7.640524129090906,8.831701228712667,9.34988207497767,0.7347439301248533,0.680881125226328,0.6394833133045474,2.4358500766035593,2.511737273900471,2.5447494029352544,1000,100,2.5,10,8.08363314428528,jitter
