{
  "sim": "block_corr",
  "n": 1000,
  "p": 100,
  "n_active": 10,
  "active_idx": [
    19,
    20,
    57,
    61,
    63,
    66,
    70,
    81,
    83,
    86
  ],
  "snr": 2.5,
  "sigma2": 6.5273694222548055,
  "sigma": 2.554871703678055,
  "rho": 0.8,
  "block_size": 10,
  "beta_low": 0.8,
  "beta_high": 1.8,
  "setting": "block_corr",
  "seed": 13
}