method,seed,runtime_sec,converged,n_iter,support_size,precision,recall,f1,auroc,auprc,fdr,tp,fp,fn,tn,train_mse,val_mse,test_mse,train_r2,val_r2,test_r2,train_nll,val_nll,test_nll,n,p,snr,n_active,sigma2,setting,selected_ckpt_id,rho,block_size
mf_spike_slab,13,0.0798612100770697,True,25,10.0,1.0,1.0,1.0,1.0,1.0,0.0,10.0,0.0,0.0,90.0,6.421791702471231,7.619973851839743,6.592778872969194,0.7307219442170474,0.6514632464931789,0.7013225555581674,2.3488485137560553,2.4406844550903184,2.3619540067456133,1000,100,2.5,10,6.5273694222548055,block_corr,,,
mf_ard,13,0.09627133305184543,True,67,34.0,0.29411764705882354,1.0,0.45454545454545453,1.0,1.0,0.7058823529411765,10.0,24.0,0.0,66.0,5.810270783746517,7.699569011756364,7.005870675424372,0.7563641904458418,0.6478225727623237,0.6826079579272573,2.3030891279776173,2.4451873517401936,2.3930127929762945,1000,100,2.5,10,6.5273694222548055,block_corr,,,
mf_bayes_lasso,13,0.09906777401920408,True,68,67.0,0.14925373134328357,1.0,0.2597402597402597,1.0,1.0,0.8507462686567164,10.0,57.0,0.0,33.0,5.601517396924191,8.082496378211463,7.532960221253913,0.7651176207571972,0.6303075177597461,0.6587288378211902,2.2805083108579707,2.4988158329836,2.450460777318599,1000,100,2.5,10,6.5273694222548055,block_corr,,,
flow_stagewise,13,899.1006789207458,True,,9.0,1.0,0.9,0.9473684210526316,0.95,0.91,0.0,9.0,0.0,1.0,90.0,7.5011515617370605,8.844494819641113,7.2953925132751465,0.6854623110248328,0.5954537891464922,0.6694915408896541,2.4309098720550537,2.5331451892852783,2.415153741836548,1000,100,2.5,10,6.5273694222548055,block_corr,139.0,0.8,10.0
