method,seed,runtime_sec,converged,n_iter,selected_ckpt_id,support_size,precision,recall,f1,auroc,auprc,fdr,tp,fp,fn,tn,train_mse,val_mse,test_mse,train_r2,val_r2,test_r2,train_nll,val_nll,test_nll,n,p,snr,n_active,sigma2,noise_x,group_size,setting
flow_stagewise,21,810.9474196434021,True,,75,8.0,0.875,0.7,0.7777777777777777,0.8444444444444446,0.6425,0.125,7.0,1.0,3.0,89.0,6.516720771789551,7.387030124664307,7.214554309844971,0.5998366864229404,0.5669906848817912,0.5179333237792692,2.3707990646362305,2.451658248901367,2.465292453765869,1000,100,2.5,10,4.732837624663649,0.15,10,jitter
