{
  "n": 1000,
  "p": 100,
  "n_active": 10,
  "sigma2": 6.595864295959473,
  "sigma": 2.568241596221924,
  "active_idx": [
    4,
    8,
    15,
    27,
    45,
    69,
    79,
    89,
    90,
    99
  ],
  "snr": 2.5,
  "setting": "simple",
  "seed": 37
}