method,seed,runtime_sec,converged,n_iter,selected_ckpt_id,support_size,precision,recall,f1,auroc,auprc,fdr,tp,fp,fn,tn,train_mse,val_mse,test_mse,train_r2,val_r2,test_r2,train_nll,val_nll,test_nll,n,p,snr,n_active,sigma2,noise_x,group_size,setting
flow_stagewise,62,1072.3061890602112,True,,104,8.0,0.625,0.5,0.5555555555555556,0.7333333333333333,0.3625,0.375,5.0,3.0,5.0,87.0,20.367961883544922,16.315387725830078,21.35211181640625,0.21043297273461292,0.26636153207316426,0.0949045605055886,3.156920909881592,2.9084622859954834,3.206338882446289,1000,100,2.5,10,6.895293999797796,0.15,10,jitter
