method,seed,runtime_sec,converged,n_iter,selected_ckpt_id,support_size,precision,recall,f1,auroc,auprc,fdr,tp,fp,fn,tn,train_mse,val_mse,test_mse,train_r2,val_r2,test_r2,train_nll,val_nll,test_nll,n,p,snr,n_active,sigma2,rho,block_size,setting
flow_stagewise,32,847.5468728542328,True,,102,11.0,0.9090909090909091,1.0,0.9523809523809523,0.9944444444444445,0.9090909090909091,0.09090909090909091,10.0,1.0,0.0,89.0,8.021964073181152,9.424471855163574,8.624905586242676,0.6919179294501461,0.6447173910562511,0.6771534829067581,2.459275245666504,2.5283095836639404,2.4956655502319336,1000,100,2.5,10,7.92951145426503,0.8,10,block_corr
