{
  "n": 1000,
  "p": 100,
  "n_active": 10,
  "sigma2": 4.92563533782959,
  "sigma": 2.219377279281616,
  "active_idx": [
    1,
    17,
    19,
    24,
    31,
    67,
    76,
    86,
    87,
    94
  ],
  "snr": 2.5,
  "setting": "simple",
  "seed": 86
}