method,seed,runtime_sec,converged,n_iter,selected_ckpt_id,support_size,precision,recall,f1,auroc,auprc,fdr,tp,fp,fn,tn,train_mse,val_mse,test_mse,train_r2,val_r2,test_r2,train_nll,val_nll,test_nll,n,p,snr,n_active,sigma2,noise_x,group_size,setting
flow_stagewise,50,8294.592090129852,True,,229,11.0,0.5454545454545454,0.6,0.5714285714285713,0.7722222222222223,0.3672727272727272,0.45454545454545453,6.0,5.0,4.0,85.0,24.83489227294922,24.919843673706055,26.92886734008789,-0.10861533646167754,-0.19770572783039997,-0.2538338333104091,3.1147782802581787,3.1043403148651123,3.1626672744750977,1000,100,2.5,10,6.307892923934451,0.15,10,jitter
