method,seed,runtime_sec,converged,n_iter,support_size,precision,recall,f1,auroc,auprc,fdr,tp,fp,fn,tn,train_mse,val_mse,test_mse,train_r2,val_r2,test_r2,train_nll,val_nll,test_nll,n,p,snr,n_active,sigma2,setting
mf_spike_slab,1,0.026986112003214657,True,7,10.0,0.2,0.2,0.20000000000000004,0.6766666666666666,0.21979305793714254,0.8,2.0,8.0,8.0,82.0,5.7733350714388205,8.329169359684071,6.428326409952194,0.6981572276091779,0.629233405348834,0.6783028694917682,2.2955969461122767,2.5143944043569078,2.3516688286666687,1000,100,2.5,10,6.155039240524346,jitter
mf_ard,1,1.4026741619454697,False,1000,19.0,0.42105263157894735,0.8,0.5517241379310345,0.8566666666666667,0.5336589504344735,0.5789473684210527,8.0,11.0,2.0,79.0,5.258326369481462,7.902942220585194,6.231383812406673,0.7250830256930687,0.6482065799941379,0.6881586024562838,2.2531081366502934,2.473152589422189,2.3340710834823395,1000,100,2.5,10,6.155039240524346,jitter
mf_bayes_lasso,1,1.2054439899511635,False,1000,79.0,0.10126582278481013,0.8,0.1797752808988764,0.7844444444444444,0.37750579632602105,0.8987341772151899,8.0,71.0,2.0,19.0,4.621959045271398,8.399893978841252,6.666249293110203,0.7583537219235275,0.6260851530957543,0.666396332095708,2.1846079754266934,2.5802605056572667,2.3987007597931065,1000,100,2.5,10,6.155039240524346,jitter
