method,seed,runtime_sec,converged,n_iter,support_size,precision,recall,f1,auroc,auprc,fdr,tp,fp,fn,tn,train_mse,val_mse,test_mse,train_r2,val_r2,test_r2,train_nll,val_nll,test_nll,n,p,snr,n_active,sigma2,setting
mf_spike_slab,52,0.0845286650583148,True,36,10.0,1.0,1.0,1.0,1.0,1.0,0.0,10.0,0.0,0.0,90.0,5.906052560691823,6.274049736065729,6.916969193233854,0.7145371382641306,0.7015508908308274,0.7057120006057962,2.3069756785439712,2.3376988738391646,2.391374666381829,1000,100,2.5,10,6.334862048586773,block_corr
mf_ard,52,0.10473070607986301,True,74,36.0,0.2777777777777778,1.0,0.4347826086956522,1.0,1.0,0.7222222222222222,10.0,26.0,0.0,64.0,5.209803861516829,6.68958459065542,7.286577674219127,0.7481895895594656,0.6817843903410175,0.6899867114813794,2.2487981133112576,2.372435616159428,2.4223151237216154,1000,100,2.5,10,6.334862048586773,block_corr
mf_bayes_lasso,52,0.10781354107894003,True,74,68.0,0.14705882352941177,1.0,0.25641025641025644,1.0,1.0,0.8529411764705882,10.0,58.0,0.0,32.0,4.99292335527338,7.014816530763248,7.522763878999831,0.758672281565804,0.666313492454988,0.6799379800575913,2.223020870154142,2.422090755191442,2.4721018148479237,1000,100,2.5,10,6.334862048586773,block_corr
