method,seed,runtime_sec,converged,n_iter,support_size,precision,recall,f1,auroc,auprc,fdr,tp,fp,fn,tn,train_mse,val_mse,test_mse,train_r2,val_r2,test_r2,train_nll,val_nll,test_nll,n,p,snr,n_active,sigma2,setting
mf_spike_slab,46,0.022367674973793328,True,7,10.0,0.0,0.0,0.0,0.8255555555555556,0.2473127495029023,1.0,0.0,10.0,10.0,80.0,9.725481544127373,10.416227678038917,10.819852960781066,0.6642615582605247,0.6655783139217437,0.6892168842032802,2.556347710912505,2.5914444977176796,2.6119526841585654,1000,100,2.5,10,8.392136852553497,jitter
mf_ard,46,0.43994951294735074,True,305,14.0,0.5714285714285714,0.8,0.6666666666666666,0.9555555555555556,0.6736363636363636,0.42857142857142855,8.0,6.0,2.0,84.0,8.263012627757853,9.819483157504676,9.645314910382194,0.7147482136355289,0.6847372949735666,0.7229536268603094,2.4783035867302226,2.5618213328507613,2.55247574026328,1000,100,2.5,10,8.392136852553497,jitter
mf_bayes_lasso,46,1.4541892829583958,False,1000,75.0,0.13333333333333333,1.0,0.23529411764705882,0.9344444444444444,0.5681888004468649,0.8666666666666667,10.0,65.0,0.0,25.0,7.5006605486268745,10.059415554378269,9.97059079395009,0.7410657690123973,0.6770340650531574,0.7136105929988341,2.4265950992414167,2.592871455297255,2.587099328830152,1000,100,2.5,10,8.392136852553497,jitter
