method,seed,runtime_sec,converged,n_iter,selected_ckpt_id,support_size,precision,recall,f1,auroc,auprc,fdr,tp,fp,fn,tn,train_mse,val_mse,test_mse,train_r2,val_r2,test_r2,train_nll,val_nll,test_nll,n,p,snr,n_active,sigma2,setting
flow_stagewise,51,747.021627664566,True,,113,11.0,0.9090909090909091,1.0,0.9523809523809523,0.9944444444444445,0.9090909090909091,0.09090909090909091,10.0,1.0,0.0,89.0,7.368100643157959,6.405385971069336,6.731417179107666,0.720266660405002,0.7747872014143624,0.7160774053741008,2.4180667400360107,2.352248191833496,2.3745598793029785,1000,100,2.5,10,7.338034152984619,simple
