{
  "n": 1000,
  "p": 100,
  "n_active": 10,
  "sigma2": 9.101583480834961,
  "sigma": 3.016883134841919,
  "active_idx": [
    5,
    12,
    21,
    28,
    40,
    44,
    58,
    80,
    91,
    98
  ],
  "snr": 2.5,
  "setting": "simple",
  "seed": 11
}