method,seed,runtime_sec,converged,n_iter,support_size,precision,recall,f1,auroc,auprc,fdr,tp,fp,fn,tn,train_mse,val_mse,test_mse,train_r2,val_r2,test_r2,train_nll,val_nll,test_nll,n,p,snr,n_active,sigma2,setting,selected_ckpt_id
mf_spike_slab,11,0.017862436012364924,True,7,10.0,1.0,1.0,1.0,1.0,1.0,0.0,10.0,0.0,0.0,90.0,9.10379605458827,9.705935827263337,9.272206014928436,0.7081567835242653,0.7087472681865634,0.7318089456802224,2.5233378143022174,2.5559269994372738,2.5324525475006747,1000,100,2.5,10,9.101583480834961,simple,
mf_ard,11,0.021793514024466276,True,15,31.0,0.3225806451612903,1.0,0.4878048780487805,1.0,1.0,0.6774193548387096,10.0,21.0,0.0,69.0,8.239645368509809,9.63963712180503,10.153095499048181,0.7358591303510864,0.7107367393126949,0.7063299303191619,2.4771361901556954,2.552146029611317,2.5796564991219406,1000,100,2.5,10,9.101583480834961,simple,
mf_bayes_lasso,11,0.020687511074356735,True,14,52.0,0.19230769230769232,1.0,0.32258064516129037,1.0,1.0,0.8076923076923077,10.0,42.0,0.0,48.0,8.151659055942819,9.859494218931927,10.739093147471067,0.7386797348891734,0.7041393352821723,0.6893804226284985,2.4680651410245553,2.5719865242650393,2.6255099200420933,1000,100,2.5,10,9.101583480834961,simple,
flow_stagewise,11,594.6272113323212,True,,10.0,1.0,1.0,1.0,1.0,1.0,0.0,10.0,0.0,0.0,90.0,9.210834503173828,9.714481353759766,9.339818954467773,0.7047254164163059,0.7084908291551992,0.7298532690410302,2.5291647911071777,2.556831121444702,2.5362439155578613,1000,100,2.5,10,9.101583480834961,simple,55.0
