method,seed,runtime_sec,converged,n_iter,selected_ckpt_id,support_size,precision,recall,f1,auroc,auprc,fdr,tp,fp,fn,tn,train_mse,val_mse,test_mse,train_r2,val_r2,test_r2,train_nll,val_nll,test_nll,n,p,snr,n_active,sigma2,setting
flow_stagewise,91,519.8040652275085,True,,75,10.0,1.0,1.0,1.0,1.0,1.0,0.0,10.0,0.0,0.0,90.0,8.240697860717773,8.902251243591309,9.974306106567383,0.7412115105224915,0.7419376076185246,0.7185564633645554,2.477963924407959,2.5129647254943848,2.569685697555542,1000,100,2.5,10,9.450226783752441,simple
