method,seed,runtime_sec,converged,n_iter,selected_ckpt_id,support_size,precision,recall,f1,auroc,auprc,fdr,tp,fp,fn,tn,train_mse,val_mse,test_mse,train_r2,val_r2,test_r2,train_nll,val_nll,test_nll,n,p,snr,n_active,sigma2,rho,block_size,setting
flow_stagewise,49,11552.736723184586,True,,46,10.0,1.0,1.0,1.0,1.0,1.0,0.0,10.0,0.0,0.0,90.0,5.23130464553833,5.2228922843933105,5.863710403442383,0.7206344260278861,0.7008865337844721,0.6987460103951111,2.2462692260742188,2.245464324951172,2.30656361579895,1000,100,2.5,10,5.243960738987934,0.8,10,block_corr
