{
  "sim": "block_corr",
  "n": 1000,
  "p": 100,
  "n_active": 10,
  "active_idx": [
    5,
    14,
    22,
    30,
    38,
    71,
    72,
    86,
    94,
    98
  ],
  "snr": 2.5,
  "sigma2": 6.485938310805499,
  "sigma": 2.546750539571063,
  "rho": 0.8,
  "block_size": 10,
  "beta_low": 0.8,
  "beta_high": 1.8,
  "setting": "block_corr",
  "seed": 16
}