method,seed,runtime_sec,converged,n_iter,support_size,precision,recall,f1,auroc,auprc,fdr,tp,fp,fn,tn,train_mse,val_mse,test_mse,train_r2,val_r2,test_r2,train_nll,val_nll,test_nll,n,p,snr,n_active,sigma2,setting,selected_ckpt_id,rho,block_size
mf_spike_slab,16,0.09443176398053765,True,43,10.0,0.9,0.9,0.9,0.9977777777777778,0.9833333333333334,0.1,9.0,1.0,1.0,89.0,6.462544788325775,6.574177172506875,6.59322572823914,0.6983984323453518,0.7197617268242018,0.6864831054499523,2.352038282986078,2.3605139781291387,2.3619602408107663,1000,100,2.5,10,6.485938310805499,block_corr,,,
mf_ard,16,0.07617140293586999,True,54,34.0,0.29411764705882354,1.0,0.45454545454545453,1.0,1.0,0.7058823529411765,10.0,24.0,0.0,66.0,5.701372677842696,7.033418358844808,6.383487941959054,0.7339216989989772,0.7001855952941973,0.6964564238429046,2.2936592801394604,2.3957099713616987,2.3459174985993148,1000,100,2.5,10,6.485938310805499,block_corr,,,
mf_bayes_lasso,16,0.10212845797650516,True,71,65.0,0.15384615384615385,1.0,0.2666666666666667,0.9988888888888889,0.990909090909091,0.8461538461538461,10.0,55.0,0.0,35.0,5.487650668905854,7.506414788956112,6.59379878246041,0.7438959266521602,0.6800231172662187,0.6864558559385193,2.2702359062253685,2.451655626486151,2.3696418146893365,1000,100,2.5,10,6.485938310805499,block_corr,,,
flow_stagewise,16,1469.9462504386902,True,,10.0,1.0,1.0,1.0,1.0,1.0,0.0,10.0,0.0,0.0,90.0,6.59439754486084,6.460699558258057,6.317441463470459,0.6922449925978028,0.724598952742274,0.6995970323582633,2.3621208667755127,2.3518130779266357,2.340770959854126,1000,100,2.5,10,6.485938310805499,block_corr,92.0,0.8,10.0
