method,seed,runtime_sec,converged,n_iter,support_size,precision,recall,f1,auroc,auprc,fdr,tp,fp,fn,tn,train_mse,val_mse,test_mse,train_r2,val_r2,test_r2,train_nll,val_nll,test_nll,n,p,snr,n_active,sigma2,setting
mf_spike_slab,60,0.026108997990377247,True,10,10.0,1.0,1.0,1.0,1.0,1.0,0.0,10.0,0.0,0.0,90.0,7.586987643024177,7.908720728216033,7.824148346819569,0.7182193358964546,0.7618188636361112,0.7321580689375431,2.4323477371979108,2.452968677120605,2.447548152853243,1000,100,2.5,10,8.557168960571289,simple
mf_ard,60,0.024817073950544,True,16,37.0,0.2702702702702703,1.0,0.4255319148936171,1.0,1.0,0.7297297297297297,10.0,27.0,0.0,63.0,6.507843261510575,8.900788972609014,9.032503263701864,0.7582987501243266,0.7319414725990213,0.6907927854587184,2.3596082834829586,2.520736877465809,2.5296058369381482,1000,100,2.5,10,8.557168960571289,simple
mf_bayes_lasso,60,0.019877908984199166,True,13,47.0,0.2127659574468085,1.0,0.3508771929824561,0.9977777777777778,0.980909090909091,0.7872340425531915,10.0,37.0,0.0,53.0,6.441947096746231,9.537089369271236,9.702188241515486,0.760746133188967,0.7127784806621462,0.6678676427198246,2.350374857389618,2.588418209140323,2.6011157478829356,1000,100,2.5,10,8.557168960571289,simple
