method,seed,runtime_sec,converged,n_iter,support_size,precision,recall,f1,auroc,auprc,fdr,tp,fp,fn,tn,train_mse,val_mse,test_mse,train_r2,val_r2,test_r2,train_nll,val_nll,test_nll,n,p,snr,n_active,sigma2,setting,selected_ckpt_id,rho,block_size
mf_spike_slab,58,0.08600165706593543,True,39,10.0,1.0,1.0,1.0,1.0,1.0,0.0,10.0,0.0,0.0,90.0,7.002940070545531,8.029950303577893,8.095886089899716,0.7245069451782546,0.7198651712877868,0.7203437121660681,2.392153416579169,2.46444993716742,2.4690914955277914,1000,100,2.5,10,7.958627042950954,block_corr,,,
mf_ard,58,0.11124402203131467,True,78,42.0,0.23809523809523808,1.0,0.3846153846153846,1.0,1.0,0.7619047619047619,10.0,32.0,0.0,58.0,5.918817421042194,8.739176625659116,8.780843398046686,0.7671559265352881,0.6951229267229742,0.6966832238644747,2.3125423506495166,2.5201294347217673,2.5231962369108216,1000,100,2.5,10,7.958627042950954,block_corr,,,
mf_bayes_lasso,58,0.11989201093092561,True,79,72.0,0.1388888888888889,1.0,0.24390243902439027,1.0,1.0,0.8611111111111112,10.0,62.0,0.0,28.0,5.660032702512907,9.569961445528408,9.459023733172437,0.7773364210034159,0.6661399623941546,0.6732568326211675,2.285732862471111,2.6250083802114488,2.6153820027835395,1000,100,2.5,10,7.958627042950954,block_corr,,,
flow_stagewise,58,589.4208312034607,True,,10.0,1.0,1.0,1.0,1.0,1.0,0.0,10.0,0.0,0.0,90.0,7.3941731452941895,8.051692008972168,8.48591136932373,0.7091159666839951,0.7191066769690119,0.7068710531908434,2.422792673110962,2.462911605834961,2.4910192489624023,1000,100,2.5,10,7.958627042950954,block_corr,98.0,0.8,10.0
