method,seed,runtime_sec,converged,n_iter,support_size,precision,recall,f1,auroc,auprc,fdr,tp,fp,fn,tn,train_mse,val_mse,test_mse,train_r2,val_r2,test_r2,train_nll,val_nll,test_nll,n,p,snr,n_active,sigma2,setting
mf_spike_slab,44,0.0730403270572424,True,32,11.0,0.9090909090909091,1.0,0.9523809523809523,1.0,1.0,0.09090909090909091,10.0,1.0,0.0,89.0,5.730114119240543,5.939019524241787,5.655031792736261,0.7521845759334028,0.7337805919483529,0.7479744176088032,2.2918913442703066,2.3097858443961794,2.285459913254562,1000,100,2.5,10,6.330290539806214,block_corr
mf_ard,44,0.14075002109166235,True,98,41.0,0.24390243902439024,1.0,0.39215686274509803,1.0,1.0,0.7560975609756098,10.0,31.0,0.0,59.0,4.874580701865971,6.666186738715684,5.7103207043773025,0.7891846028469898,0.7011849716440872,0.7455103783837707,2.215787170578432,2.3751797253604754,2.290139863856952,1000,100,2.5,10,6.330290539806214,block_corr
mf_bayes_lasso,44,0.10875391901936382,True,74,72.0,0.1388888888888889,1.0,0.24390243902439027,0.9944444444444445,0.9090909090909091,0.8611111111111112,10.0,62.0,0.0,28.0,4.644221499845717,7.2983854439651745,5.966198900449061,0.7991471554503677,0.672846360464993,0.7341067552478182,2.186853464543121,2.466840192714535,2.326308349359694,1000,100,2.5,10,6.330290539806214,block_corr
