method,seed,runtime_sec,converged,n_iter,support_size,precision,recall,f1,auroc,auprc,fdr,tp,fp,fn,tn,train_mse,val_mse,test_mse,train_r2,val_r2,test_r2,train_nll,val_nll,test_nll,n,p,snr,n_active,sigma2,setting
mf_spike_slab,22,0.08118368900613859,True,37,10.0,1.0,1.0,1.0,1.0,1.0,0.0,10.0,0.0,0.0,90.0,7.233072121987619,7.756674731857577,7.737077767633773,0.7317258758959782,0.6923383323006691,0.725118359657248,2.4083178683600766,2.4440167711352303,2.442680662209632,1000,100,2.5,10,7.5948997380279035,block_corr
mf_ard,22,0.11919371999101713,True,84,31.0,0.3225806451612903,1.0,0.4878048780487805,1.0,1.0,0.6774193548387096,10.0,21.0,0.0,69.0,6.474466923354734,8.327274795478443,8.431729613493772,0.7598624880811847,0.6697059836162609,0.7004388818761278,2.357056798691817,2.482419062747684,2.489486548089775,1000,100,2.5,10,7.5948997380279035,block_corr
mf_bayes_lasso,22,0.106400960998144,True,74,62.0,0.16129032258064516,1.0,0.27777777777777773,0.9988888888888889,0.990909090909091,0.8387096774193549,10.0,52.0,0.0,38.0,6.2461806518547895,8.994505597963474,9.245698819508952,0.7683296094507406,0.6432408618302727,0.6715203163326968,2.334973505208303,2.5518809736752344,2.5717060259706797,1000,100,2.5,10,7.5948997380279035,block_corr
