method,seed,runtime_sec,converged,n_iter,selected_ckpt_id,support_size,precision,recall,f1,auroc,auprc,fdr,tp,fp,fn,tn,train_mse,val_mse,test_mse,train_r2,val_r2,test_r2,train_nll,val_nll,test_nll,n,p,snr,n_active,sigma2,noise_x,group_size,setting
flow_stagewise,29,916.7189486026764,True,,142,6.0,0.8333333333333334,0.5,0.625,0.7444444444444445,0.4666666666666667,0.16666666666666666,5.0,1.0,5.0,89.0,11.395371437072754,12.329171180725098,13.798027038574219,0.4870143791407099,0.3963332171629985,0.40172219159381484,2.7232508659362793,2.7963171005249023,2.9138295650482178,1000,100,2.5,10,6.429021012241466,0.15,10,jitter
