method,seed,runtime_sec,converged,n_iter,selected_ckpt_id,support_size,precision,recall,f1,auroc,auprc,fdr,tp,fp,fn,tn,train_mse,val_mse,test_mse,train_r2,val_r2,test_r2,train_nll,val_nll,test_nll,n,p,snr,n_active,sigma2,setting
flow_stagewise,93,1128.7566967010498,True,,50,9.0,1.0,0.9,0.9473684210526316,0.95,0.91,0.0,9.0,0.0,1.0,90.0,6.213552474975586,6.9146904945373535,6.193736553192139,0.7107501564027067,0.6993331311376596,0.7059587365897046,2.3323092460632324,2.388456106185913,2.330724000930786,1000,100,2.5,10,6.243438243865967,simple
