{
  "selected_ckpt_id": 39,
  "runtime_sec": 401.2115914821625,
  "stage_summaries": [
    {
      "stage": 0,
      "tau": 0.8,
      "best_ckpt_id": 4,
      "best_epoch": 100,
      "best_val_mse": 13.596334457397461,
      "best_support_size": 100,
      "best_checkpoint_score": 9.17438123086276,
      "n_evals": 5
    },
    {
      "stage": 1,
      "tau": 0.8,
      "best_ckpt_id": 39,
      "best_epoch": 950,
      "best_val_mse": 1.4764540195465088,
      "best_support_size": 9,
      "best_checkpoint_score": 1.442409859684447,
      "n_evals": 41
    }
  ],
  "checkpoint_meta": {
    "support_idx": [
      12,
      18,
      25,
      31,
      38,
      49,
      52,
      81,
      97
    ],
    "support_size": 9,
    "loss": 248.47914123535156,
    "loss_ema": 248.86921753023643,
    "log_grad_ema": 5.433495436001458,
    "val_mse": 1.4764540195465088,
    "val_rmse": 1.2150942430719145,
    "val_mae": 0.9983838200569153,
    "val_r2": 0.9297148555721131,
    "val_heldout_loglik": -1.615163803100586,
    "val_nll": 1.615163803100586,
    "dS": 0,
    "churn": 0.0,
    "pred_improve_rel": 0.0628500769747508,
    "loss_improve_rel": 0.0022030866619723037,
    "grad_slope": 0.016143295606955377,
    "pip_mean": 0.08687499910593033,
    "pip_q50": 0.0,
    "pip_q90": 0.015625,
    "expected_support": 8.6875,
    "gate_mean": 0.12195274233818054,
    "expected_gate_mass": 12.195274353027344,
    "beta_abs_mean": 0.18121160566806793,
    "beta_abs_q90": 0.3124721050262451,
    "beta_mean_abs_j_median": 0.015303554013371468,
    "beta_mean_abs_j_q90": 0.20053893327713013,
    "beta_soft_sd_j_mean": 0.07333304733037949,
    "beta_soft_sd_j_median": 0.06423313170671463,
    "beta_l2_draw_mean": 4.803600788116455,
    "beta_l2_draw_sd": 0.16138072311878204,
    "pip_mean_vec": [
      0.0,
      0.0,
      0.0,
      0.0,
      0.0,
      0.0,
      0.0,
      0.0,
      0.0,
      0.0,
      0.0,
      0.0,
      0.953125,
      0.0,
      0.0,
      0.0,
      0.0,
      0.0,
      1.0,
      0.0,
      0.0,
      0.0,
      0.0,
      0.0,
      0.0,
      0.796875,
      0.0,
      0.0,
      0.0,
      0.015625,
      0.0,
      1.0,
      0.0,
      0.0,
      0.0,
      0.0,
      0.0,
      0.0,
      1.0,
      0.0,
      0.0,
      0.0,
      0.0,
      0.0,
      0.015625,
      0.015625,
      0.0,
      0.0,
      0.0,
      1.0,
      0.0,
      0.0,
      0.859375,
      0.0,
      0.0,
      0.0,
      0.0,
      0.0,
      0.0,
      0.015625,
      0.0,
      0.0,
      0.0,
      0.0,
      0.0,
      0.0,
      0.0,
      0.0,
      0.0,
      0.0,
      0.0,
      0.0,
      0.0,
      0.0,
      0.0,
      0.0,
      0.0,
      0.0,
      0.0,
      0.0,
      0.0,
      1.0,
      0.0,
      0.0,
      0.0,
      0.0,
      0.0,
      0.0,
      0.0,
      0.015625,
      0.0,
      0.0,
      0.0,
      0.0,
      0.0,
      0.0,
      0.0,
      1.0,
      0.0,
      0.0
    ],
    "gate_mean_vec": [
      0.06113085150718689,
      0.04349254071712494,
      0.059313055127859116,
      0.10129325836896896,
      0.0702761709690094,
      0.06155986338853836,
      0.07249855995178223,
      0.06073899567127228,
      0.06337381154298782,
      0.0846758484840393,
      0.06115363910794258,
      0.05641743168234825,
      0.6102170944213867,
      0.04938427358865738,
      0.08272157609462738,
      0.06681707501411438,
      0.06251566857099533,
      0.049032025039196014,
      0.6751148700714111,
      0.07584229111671448,
      0.05082545056939125,
      0.06388837099075317,
      0.06245671957731247,
      0.07052960246801376,
      0.05532136186957359,
      0.5470978617668152,
      0.058589063584804535,
      0.062341392040252686,
      0.06280506402254105,
      0.06914080679416656,
      0.09865390509366989,
      0.703757643699646,
      0.09470689296722412,
      0.05866699665784836,
      0.0939468964934349,
      0.06614134460687637,
      0.057474635541439056,
      0.0723535344004631,
      0.6879693269729614,
      0.0682440996170044,
      0.06923837959766388,
      0.062134720385074615,
      0.06134672835469246,
      0.06926363706588745,
      0.07191984355449677,
      0.12615656852722168,
      0.05213019251823425,
      0.05456677824258804,
      0.06114750728011131,
      0.7057392597198486,
      0.06293658912181854,
      0.07389229536056519,
      0.5669888854026794,
      0.05711265653371811,
      0.0705697238445282,
      0.05932898446917534,
      0.05578846484422684,
      0.06011045351624489,
      0.04483456909656525,
      0.0926046296954155,
      0.07192452996969223,
      0.0596652626991272,
      0.06733910739421844,
      0.06829769164323807,
      0.09338240325450897,
      0.06599636375904083,
      0.049772582948207855,
      0.07079315930604935,
      0.05747978761792183,
      0.05684572085738182,
      0.06263666599988937,
      0.07554824650287628,
      0.17819887399673462,
      0.061000093817710876,
      0.06577841192483902,
      0.06904102116823196,
      0.05877326801419258,
      0.07013599574565887,
      0.06853941828012466,
      0.059308089315891266,
      0.06685187667608261,
      0.7315722107887268,
      0.06958551704883575,
      0.06788758188486099,
      0.060841042548418045,
      0.0670187920331955,
      0.07302632927894592,
      0.052130069583654404,
      0.06183430552482605,
      0.2371295988559723,
      0.05780250206589699,
      0.06788237392902374,
      0.060819461941719055,
      0.05648168921470642,
      0.06215757876634598,
      0.06040322780609131,
      0.07703816145658493,
      0.6732059121131897,
      0.051341719925403595,
      0.05951743572950363
    ],
    "softgate_mean_vec": [
      0.0,
      0.0,
      0.0,
      0.0,
      0.0,
      0.0,
      0.0,
      0.0,
      0.0,
      0.0,
      0.0,
      0.0,
      0.953125,
      0.0,
      0.0,
      0.0,
      0.0,
      0.0,
      1.0,
      0.0,
      0.0,
      0.0,
      0.0,
      0.0,
      0.0,
      0.796875,
      0.0,
      0.0,
      0.0,
      0.015625,
      0.0,
      1.0,
      0.0,
      0.0,
      0.0,
      0.0,
      0.0,
      0.0,
      1.0,
      0.0,
      0.0,
      0.0,
      0.0,
      0.0,
      0.015625,
      0.015625,
      0.0,
      0.0,
      0.0,
      1.0,
      0.0,
      0.0,
      0.859375,
      0.0,
      0.0,
      0.0,
      0.0,
      0.0,
      0.0,
      0.015625,
      0.0,
      0.0,
      0.0,
      0.0,
      0.0,
      0.0,
      0.0,
      0.0,
      0.0,
      0.0,
      0.0,
      0.0,
      0.0,
      0.0,
      0.0,
      0.0,
      0.0,
      0.0,
      0.0,
      0.0,
      0.0,
      1.0,
      0.0,
      0.0,
      0.0,
      0.0,
      0.0,
      0.0,
      0.0,
      0.015625,
      0.0,
      0.0,
      0.0,
      0.0,
      0.0,
      0.0,
      0.0,
      1.0,
      0.0,
      0.0
    ],
    "expected_support_soft": 8.6875,
    "softgate_mean": 0.08687499910593033,
    "softgate_sd": 0.27576297521591187,
    "softgate_mean_j_sum": 8.6875,
    "pip_hard_mean": 0.08687499910593033,
    "expected_support_hard": 8.6875,
    "pip_churn": 0.005,
    "softgate_churn": 0.005,
    "checkpoint_score": 1.442409859684447,
    "ckpt_id": 39,
    "stage": 1,
    "is_warmup": false,
    "epoch": 950,
    "epoch_in_stage": 850,
    "tau": 0.8,
    "lr": 1e-05,
    "grad_norm": 179.6167755126953,
    "log_grad": 5.190825556365242,
    "alert": false,
    "best_so_far": true
  },
  "selection_metrics": {
    "precision": 1.0,
    "recall": 0.9,
    "f1": 0.9473684210526316,
    "fdr": 0.0,
    "tp": 9.0,
    "fp": 0.0,
    "fn": 1.0,
    "tn": 90.0,
    "support_size": 9.0
  },
  "recovery_metrics": {
    "joint_skl_median": 0.401712541956314,
    "joint_skl_mean": 0.49202389541739383,
    "active_marg_skl_median": 0.17608421449989653,
    "active_marg_skl_mean": 0.30198374062456346,
    "zero_js_median": 0.00017331804278615496,
    "zero_js_mean": 0.00026032016156008587,
    "pip_js_median": 0.0008239769509455965,