split,mse,rmse,mae,r2,heldout_loglik,nll
train,1.12775719165802,1.0619591289960362,0.8685278296470642,0.9480542932162253,-1.4871234893798828,1.4871234893798828
val,1.5591446161270142,1.2486571251256344,1.0188729763031006,0.9257784508845671,-1.6578534841537476,1.6578534841537476
test,1.0847764015197754,1.0415259965645483,0.9114651679992676,0.9355917389945371,-1.5038446187973022,1.5038446187973022
