{
  "joint_skl_median": 0.401712541956314,
  "joint_skl_mean": 0.49202389541739383,
  "active_marg_skl_median": 0.17608421449989653,
  "active_marg_skl_mean": 0.30198374062456346,
  "zero_js_median": 0.00017331804278615496,
  "zero_js_mean": 0.00026032016156008587,
  "pip_js_median": 0.0008239769509455965,
  "pip_js_mean": 0.025012892214342903,
  "all_pip_js_median": 0.00017331804278615496,
  "pip_absdiff_median": 0.000625,
  "pip_absdiff_mean": 0.0076124999999999995,
  "expected_support": 8.549249999999999,
  "active_joint_skl_median": 0.401712541956314,
  "active_joint_skl_mean": 0.49202389541739383
}