method,seed,runtime_sec,converged,n_iter,support_size,precision,recall,f1,auroc,auprc,fdr,tp,fp,fn,tn,train_mse,val_mse,test_mse,train_r2,val_r2,test_r2,train_nll,val_nll,test_nll,n,p,snr,n_active,sigma2,setting,selected_ckpt_id,rho,block_size
mf_spike_slab,60,0.05850933899637312,True,26,10.0,0.9,0.9,0.9,0.9988888888888889,0.990909090909091,0.1,9.0,1.0,1.0,89.0,6.910254547392227,6.841316642875919,7.331503398570706,0.7334789996608313,0.673752020887753,0.7540901068767251,2.385483499942385,2.3805595799098187,2.415571383691772,1000,100,2.5,10,7.465190175831229,block_corr,,,
mf_ard,60,0.11561512004118413,True,80,37.0,0.2702702702702703,1.0,0.4255319148936171,1.0,1.0,0.7297297297297297,10.0,27.0,0.0,63.0,5.980095080584889,7.001423931193841,7.696470834803949,0.7693542383902054,0.6661168415821355,0.7418485380799229,2.3175613430765876,2.392116539438357,2.442853731821001,1000,100,2.5,10,7.465190175831229,block_corr,,,
mf_bayes_lasso,60,0.10898674395866692,True,75,71.0,0.14084507042253522,1.0,0.2469135802469136,0.9988888888888889,0.990909090909091,0.8591549295774648,10.0,61.0,0.0,29.0,5.707836818855056,7.626609752253938,8.333002409883026,0.7798549433597817,0.6363030467619697,0.7204982906493889,2.289924286258888,2.4552965626521575,2.5161780561244904,1000,100,2.5,10,7.465190175831229,block_corr,,,
flow_stagewise,60,907.1864266395569,True,,10.0,1.0,1.0,1.0,1.0,1.0,0.0,10.0,0.0,0.0,90.0,7.535118579864502,6.809615612030029,7.965961933135986,0.7093786795911017,0.6752638172920521,0.7328093887480589,2.428743839263916,2.3801662921905518,2.457611322402954,1000,100,2.5,10,7.465190175831229,block_corr,147.0,0.8,10.0
