method,seed,runtime_sec,converged,n_iter,support_size,precision,recall,f1,auroc,auprc,fdr,tp,fp,fn,tn,train_mse,val_mse,test_mse,train_r2,val_r2,test_r2,train_nll,val_nll,test_nll,n,p,snr,n_active,sigma2,setting
mf_spike_slab,68,0.023882876033894718,True,7,10.0,0.2,0.2,0.20000000000000004,0.8277777777777777,0.26412946282511496,0.8,2.0,8.0,8.0,82.0,8.074804360111518,7.203322815796287,6.164362357194466,0.6907732009201395,0.6217715101457579,0.7413922680395495,2.4633467083731726,2.4100092271368867,2.3464214961890555,1000,100,2.5,10,6.796378461753706,jitter
mf_ard,68,1.4160270370775834,False,1000,17.0,0.29411764705882354,0.5,0.37037037037037035,0.76,0.3228349007314525,0.7058823529411765,5.0,12.0,5.0,78.0,6.875002919501991,7.259417102508234,6.455569076516809,0.7367199189414249,0.6188261392530381,0.7291755447433108,2.386719309059649,2.411355600010435,2.3598386822586828,1000,100,2.5,10,6.796378461753706,jitter
mf_bayes_lasso,68,1.2251639399910346,False,1000,81.0,0.1111111111111111,0.9,0.1978021978021978,0.6822222222222222,0.1950857221607041,0.8888888888888888,9.0,72.0,1.0,18.0,6.136992614481586,7.93394298770493,7.148216504235597,0.7649822215473867,0.583408469734455,0.7001175546461618,2.3263328134193384,2.468369848788048,2.406263369952756,1000,100,2.5,10,6.796378461753706,jitter
