method,seed,runtime_sec,converged,n_iter,selected_ckpt_id,support_size,precision,recall,f1,auroc,auprc,fdr,tp,fp,fn,tn,train_mse,val_mse,test_mse,train_r2,val_r2,test_r2,train_nll,val_nll,test_nll,n,p,snr,n_active,sigma2,rho,block_size,setting
flow_stagewise,34,500.043349981308,True,,120,11.0,0.9090909090909091,1.0,0.9523809523809523,0.9944444444444445,0.9090909090909091,0.09090909090909091,10.0,1.0,0.0,89.0,5.664186477661133,5.989575386047363,5.648922920227051,0.7113348083690831,0.7373705950726517,0.705879221775678,2.286710500717163,2.313950538635254,2.2854323387145996,1000,100,2.5,10,5.972522601608388,0.8,10,block_corr
