method,seed,runtime_sec,converged,n_iter,selected_ckpt_id,support_size,precision,recall,f1,auroc,auprc,fdr,tp,fp,fn,tn,train_mse,val_mse,test_mse,train_r2,val_r2,test_r2,train_nll,val_nll,test_nll,n,p,snr,n_active,sigma2,noise_x,group_size,setting
flow_stagewise,51,2830.2932353019714,True,,28,10.0,0.6,0.6,0.6,0.7777777777777778,0.4,0.4,6.0,4.0,4.0,86.0,16.905467987060547,17.846559524536133,17.197561264038086,0.4160905650126786,0.28572982192763563,0.47638689675514123,3.0099194049835205,3.0669994354248047,3.0285143852233887,1000,100,2.5,10,7.850457388060202,0.15,10,jitter
