{
  "n": 1000,
  "p": 100,
  "n_active": 10,
  "sigma2": 5.722992420196533,
  "sigma": 2.392277717590332,
  "active_idx": [
    3,
    8,
    13,
    45,
    55,
    60,
    73,
    89,
    93,
    95
  ],
  "snr": 2.5,
  "setting": "simple",
  "seed": 20
}