method,seed,runtime_sec,converged,n_iter,support_size,precision,recall,f1,auroc,auprc,fdr,tp,fp,fn,tn,train_mse,val_mse,test_mse,train_r2,val_r2,test_r2,train_nll,val_nll,test_nll,n,p,snr,n_active,sigma2,setting,selected_ckpt_id,noise_x,group_size
mf_spike_slab,85,0.017256116960197687,True,7,10.0,0.2,0.2,0.20000000000000004,0.788888888888889,0.2591044739574151,0.8,2.0,8.0,8.0,82.0,9.441066506235194,10.105811134379174,9.773693651065964,0.6996064015200973,0.7068665222747077,0.6704562930887719,2.54150663571711,2.5763048686185197,2.558919092117803,1000,100,2.5,10,9.455005804182354,jitter,,,
mf_ard,85,0.2619997609872371,True,181,14.0,0.5,0.7,0.5833333333333334,0.9083333333333333,0.7147916666666666,0.5,7.0,7.0,3.0,83.0,8.6534604947715,9.126343401190896,9.296037628008676,0.7246662614217017,0.7352773820395855,0.686561620520393,2.5013244286717424,2.5255812897774037,2.534285874431392,1000,100,2.5,10,9.455005804182354,jitter,,,
mf_bayes_lasso,85,1.4536489809397608,False,1000,80.0,0.125,1.0,0.2222222222222222,0.8266666666666667,0.36113729113729115,0.875,10.0,70.0,0.0,20.0,7.858851637241164,9.961269566996629,10.147477503034258,0.749948936206367,0.7110591567658244,0.6578532669904702,2.4499103812108802,2.5804045982320347,2.5919622711725343,1000,100,2.5,10,9.455005804182354,jitter,,,
flow_stagewise,85,906.8790633678436,True,,12.0,0.5,0.6,0.5454545454545454,0.7666666666666667,0.33999999999999997,0.5,6.0,6.0,4.0,84.0,19.158151626586914,21.832792282104492,19.97173500061035,0.39043053924993154,0.366708620709557,0.3266046950018624,2.8991191387176514,2.998061180114746,2.97476863861084,1000,100,2.5,10,9.455005804182354,jitter,79.0,0.15,10.0
