method,seed,runtime_sec,converged,n_iter,selected_ckpt_id,support_size,precision,recall,f1,auroc,auprc,fdr,tp,fp,fn,tn,train_mse,val_mse,test_mse,train_r2,val_r2,test_r2,train_nll,val_nll,test_nll,n,p,snr,n_active,sigma2,noise_x,group_size,setting
flow_stagewise,85,906.8790633678436,True,,79,12.0,0.5,0.6,0.5454545454545454,0.7666666666666667,0.33999999999999997,0.5,6.0,6.0,4.0,84.0,19.158151626586914,21.832792282104492,19.97173500061035,0.39043053924993154,0.366708620709557,0.3266046950018624,2.8991191387176514,2.998061180114746,2.97476863861084,1000,100,2.5,10,9.455005804182354,0.15,10,jitter
