{
  "n": 1000,
  "p": 100,
  "n_active": 10,
  "sigma2": 6.473557472229004,
  "sigma": 2.544318675994873,
  "active_idx": [
    28,
    32,
    36,
    46,
    48,
    51,
    60,
    76,
    79,
    86
  ],
  "snr": 2.5,
  "setting": "simple",
  "seed": 53
}