{
  "n": 1000,
  "p": 100,
  "n_active": 10,
  "sigma2": 6.3364152908325195,
  "sigma": 2.517223834991455,
  "active_idx": [
    10,
    46,
    54,
    56,
    60,
    64,
    71,
    88,
    90,
    95
  ],
  "snr": 2.5,
  "setting": "simple",
  "seed": 57
}