method,seed,runtime_sec,converged,n_iter,support_size,precision,recall,f1,auroc,auprc,fdr,tp,fp,fn,tn,train_mse,val_mse,test_mse,train_r2,val_r2,test_r2,train_nll,val_nll,test_nll,n,p,snr,n_active,sigma2,setting,selected_ckpt_id,noise_x,group_size
mf_spike_slab,75,0.0173556050285697,True,7,10.0,0.2,0.2,0.20000000000000004,0.7533333333333334,0.22074455737499207,0.8,2.0,8.0,8.0,82.0,9.041165681233903,9.278200917275855,9.488002207028087,0.6859893539029329,0.6739294737889621,0.6953049379331733,2.5198669297482152,2.5328225606070562,2.5442896661274244,1000,100,2.5,10,8.096286238150746,jitter,,,
mf_ard,75,0.6630044699413702,True,375,15.0,0.3333333333333333,0.5,0.4,0.8066666666666666,0.3383230395083843,0.6666666666666666,5.0,10.0,5.0,80.0,7.719352128511262,9.353691255575733,9.72793835151075,0.731897541225704,0.6712764622242462,0.6875996953710386,2.444429040458048,2.5380476614904737,2.559485376874402,1000,100,2.5,10,8.096286238150746,jitter,,,
mf_bayes_lasso,75,1.531944097019732,False,1000,77.0,0.11688311688311688,0.9,0.2068965517241379,0.7133333333333334,0.20391718697273573,0.8831168831168831,9.0,68.0,1.0,22.0,6.964547879891114,9.264485168050834,9.970646585238839,0.758112807944904,0.6744114962852472,0.6798054307064361,2.3895356013163336,2.5502533405359564,2.5995993236107346,1000,100,2.5,10,8.096286238150746,jitter,,,
flow_stagewise,75,908.313889503479,True,,9.0,0.4444444444444444,0.4,0.4210526315789474,0.6722222222222222,0.23777777777777778,0.5555555555555556,4.0,5.0,6.0,85.0,13.07031536102295,14.964386940002441,13.500070571899414,0.5460520945566287,0.4740957033279374,0.566462469595455,2.7390925884246826,2.8486523628234863,2.767672061920166,1000,100,2.5,10,8.096286238150746,jitter,58.0,0.15,10.0
