method,seed,runtime_sec,converged,n_iter,selected_ckpt_id,support_size,precision,recall,f1,auroc,auprc,fdr,tp,fp,fn,tn,train_mse,val_mse,test_mse,train_r2,val_r2,test_r2,train_nll,val_nll,test_nll,n,p,snr,n_active,sigma2,noise_x,group_size,setting
flow_stagewise,44,1818.25164270401,True,,42,8.0,0.75,0.6,0.6666666666666665,0.788888888888889,0.49,0.25,6.0,2.0,4.0,88.0,9.10668659210205,9.044417381286621,9.697775840759277,0.598290385050165,0.5697540906593404,0.4795370691748201,2.5797667503356934,2.574965238571167,2.6302967071533203,1000,100,2.5,10,5.839000338781614,0.15,10,jitter
