method,seed,runtime_sec,converged,n_iter,support_size,precision,recall,f1,auroc,auprc,fdr,tp,fp,fn,tn,train_mse,val_mse,test_mse,train_r2,val_r2,test_r2,train_nll,val_nll,test_nll,n,p,snr,n_active,sigma2,setting,selected_ckpt_id,noise_x,group_size
mf_spike_slab,53,0.016751257004216313,True,7,10.0,0.0,0.0,0.0,0.7666666666666667,0.230870758560632,1.0,0.0,10.0,10.0,80.0,8.33952029051127,8.198883137900031,8.385431788624269,0.6839422071675976,0.6527043364313667,0.7324796867208501,2.479475119938731,2.47114072659195,2.4821959122564725,1000,100,2.5,10,7.842672766087155,jitter,,,
mf_ard,53,0.27983574103564024,True,199,11.0,0.6363636363636364,0.7,0.6666666666666666,0.9111111111111112,0.6683333333333333,0.36363636363636365,7.0,4.0,3.0,86.0,7.225412369152249,7.6482019477837095,7.433630727013806,0.7261655579522314,0.6760305853996129,0.7628449827008241,2.411387564297463,2.4372518573390436,2.4241253915679466,1000,100,2.5,10,7.842672766087155,jitter,,,
mf_bayes_lasso,53,1.4460820750100538,False,1000,80.0,0.1125,0.9,0.2,0.8705555555555556,0.46246646026831784,0.8875,9.0,71.0,1.0,19.0,6.566912440618676,8.032550530873396,7.854330557988899,0.7511219135629276,0.6597500025493999,0.7494234018668327,2.3601434284356193,2.4687439662378736,2.45553826079732,1000,100,2.5,10,7.842672766087155,jitter,,,
flow_stagewise,53,618.9894568920135,True,,9.0,0.7777777777777778,0.7,0.7368421052631577,0.8388888888888888,0.5744444444444444,0.2222222222222222,7.0,2.0,3.0,88.0,8.708806991577148,9.346170425415039,8.1200590133667,0.6699466850765341,0.6041065328362644,0.7409458728784437,2.50386381149292,2.5444464683532715,2.4664113521575928,1000,100,2.5,10,7.842672766087155,jitter,118.0,0.15,10.0
