{
  "n": 1000,
  "p": 100,
  "n_active": 10,
  "sigma2": 8.302413940429688,
  "sigma": 2.8813910484313965,
  "active_idx": [
    0,
    7,
    9,
    23,
    33,
    50,
    63,
    86,
    96,
    97
  ],
  "snr": 2.5,
  "setting": "simple",
  "seed": 90
}