method,seed,runtime_sec,converged,n_iter,support_size,precision,recall,f1,auroc,auprc,fdr,tp,fp,fn,tn,train_mse,val_mse,test_mse,train_r2,val_r2,test_r2,train_nll,val_nll,test_nll,n,p,snr,n_active,sigma2,setting,selected_ckpt_id
mf_spike_slab,90,0.019821921945549548,True,8,10.0,1.0,1.0,1.0,1.0,1.0,0.0,10.0,0.0,0.0,90.0,8.69902127113917,6.975669872917783,7.56861867101539,0.7065196208158713,0.7786003622980431,0.7370762742742873,2.5006459817078506,2.4035808198181887,2.436977764364162,1000,100,2.5,10,8.302413940429688,simple,
mf_ard,90,0.025092547992244363,True,17,41.0,0.24390243902439024,1.0,0.39215686274509803,1.0,1.0,0.7560975609756098,10.0,31.0,0.0,59.0,7.449654982463045,8.419014704304669,8.936514083740695,0.748669706522297,0.7327902783104554,0.6895574106678855,2.427037867191459,2.484197666866698,2.5147128205234086,1000,100,2.5,10,8.302413940429688,simple,
mf_bayes_lasso,90,0.022658594069071114,True,15,54.0,0.18518518518518517,1.0,0.3125,1.0,1.0,0.8148148148148148,10.0,44.0,0.0,46.0,7.368681897790666,9.025614493571268,9.759429821044685,0.7514015094289298,0.7135375074625809,0.6609704146762825,2.4175805131202295,2.5289466313243834,2.578267988576653,1000,100,2.5,10,8.302413940429688,simple,
flow_stagewise,90,1414.251940727234,True,,10.0,1.0,1.0,1.0,1.0,1.0,0.0,10.0,0.0,0.0,90.0,8.855000495910645,6.881176948547363,7.6811370849609375,0.7012573082107075,0.7815994391152055,0.7331675429924918,2.5104546546936035,2.3916444778442383,2.439807415008545,1000,100,2.5,10,8.302413940429688,simple,94.0
