{
  "n": 1000,
  "p": 100,
  "n_active": 10,
  "sigma2": 4.892764091491699,
  "sigma": 2.2119593620300293,
  "active_idx": [
    11,
    15,
    35,
    37,
    50,
    54,
    57,
    68,
    70,
    90
  ],
  "snr": 2.5,
  "setting": "simple",
  "seed": 55
}