method,seed,runtime_sec,converged,n_iter,support_size,precision,recall,f1,auroc,auprc,fdr,tp,fp,fn,tn,train_mse,val_mse,test_mse,train_r2,val_r2,test_r2,train_nll,val_nll,test_nll,n,p,snr,n_active,sigma2,setting,selected_ckpt_id
mf_spike_slab,55,0.021440237993374467,True,9,10.0,1.0,1.0,1.0,1.0,1.0,0.0,10.0,0.0,0.0,90.0,4.475682847229391,5.357557628485527,5.738887921058772,0.7398951722634606,0.6953008467373439,0.6235437610031733,2.168365645258254,2.2649498705284223,2.3067137259680486,1000,100,2.5,10,4.892764091491699,simple,
mf_ard,55,0.02166667301207781,True,15,29.0,0.3448275862068966,1.0,0.5128205128205129,1.0,1.0,0.6551724137931034,10.0,19.0,0.0,71.0,3.777216335521722,5.894238700068111,6.179921296652217,0.7804866345963932,0.664778306538456,0.5946131096066303,2.088352340100253,2.3310910445489195,2.3638475352406068,1000,100,2.5,10,4.892764091491699,simple,
mf_bayes_lasso,55,0.022131764912046492,True,15,36.0,0.2777777777777778,1.0,0.4347826086956522,1.0,1.0,0.7222222222222222,10.0,26.0,0.0,64.0,3.7520370371559806,6.161205065608597,6.43682404683294,0.7819499324411014,0.6495951893103191,0.5777609521065525,2.080109426639154,2.39819333129737,2.4345834712587027,1000,100,2.5,10,4.892764091491699,simple,
flow_stagewise,55,490.6569809913635,True,,8.0,1.0,0.8,0.888888888888889,0.9,0.8200000000000001,0.0,8.0,0.0,2.0,90.0,4.888049125671387,5.740976333618164,6.3669328689575195,0.7159304646626727,0.6734947547156949,0.582345621852653,2.2123100757598877,2.2993133068084717,2.363288640975952,1000,100,2.5,10,4.892764091491699,simple,20.0
