method,seed,runtime_sec,converged,n_iter,support_size,precision,recall,f1,auroc,auprc,fdr,tp,fp,fn,tn,train_mse,val_mse,test_mse,train_r2,val_r2,test_r2,train_nll,val_nll,test_nll,n,p,snr,n_active,sigma2,setting
mf_spike_slab,19,0.029362677014432847,True,11,9.0,1.0,0.9,0.9473684210526316,1.0,1.0,0.0,9.0,0.0,1.0,90.0,5.5570772196516165,5.940964346844425,6.367313981369294,0.7354361720508346,0.7505684624395743,0.6498115228750532,2.2767081094328834,2.3102037659411723,2.347404442647653,1000,100,2.5,10,5.983975410461426,simple
mf_ard,19,0.024037709925323725,True,15,27.0,0.37037037037037035,1.0,0.5405405405405406,1.0,1.0,0.6296296296296297,10.0,17.0,0.0,73.0,4.817552154412255,6.53514427897163,7.060074376788152,0.7706438134764737,0.7256218030412969,0.6117112016730452,2.209607978687089,2.3649245483140353,2.412392361493323,1000,100,2.5,10,5.983975410461426,simple
mf_bayes_lasso,19,0.027252429048530757,True,14,39.0,0.2564102564102564,1.0,0.4081632653061224,1.0,1.0,0.7435897435897436,10.0,29.0,0.0,61.0,4.7815782757523735,6.832095903598514,7.303630284078036,0.7723564740475344,0.7131542816108589,0.5983161543236937,2.2013440290403827,2.4138428933643525,2.46270885724629,1000,100,2.5,10,5.983975410461426,simple
