method,seed,runtime_sec,converged,n_iter,support_size,precision,recall,f1,auroc,auprc,fdr,tp,fp,fn,tn,train_mse,val_mse,test_mse,train_r2,val_r2,test_r2,train_nll,val_nll,test_nll,n,p,snr,n_active,sigma2,setting
mf_spike_slab,4,0.07523561106063426,True,26,10.0,1.0,1.0,1.0,1.0,1.0,0.0,10.0,0.0,0.0,90.0,5.578515259536786,4.996102825671022,4.82323659399138,0.7004474850305489,0.7367110858386642,0.7296830637295866,2.2784434648143344,2.2269284427581497,2.211638233930296,1000,100,2.5,10,5.091664868209633,block_corr
mf_ard,4,0.1014378780964762,True,69,40.0,0.25,1.0,0.4,1.0,1.0,0.75,10.0,30.0,0.0,60.0,4.813918069388899,5.348655227357915,5.249987236700149,0.7415044689396317,0.7181319768283034,0.7057659441687978,2.209448381645311,2.257677932944206,2.2487787703442823,1000,100,2.5,10,5.091664868209633,block_corr
mf_bayes_lasso,4,0.11028724594507366,True,74,69.0,0.14492753623188406,1.0,0.25316455696202533,1.0,1.0,0.855072463768116,10.0,59.0,0.0,31.0,4.623130044531366,5.938390773935639,5.956379479778002,0.7517493154647757,0.6870535869074681,0.6661763898865407,2.1845598235024055,2.3241962470262365,2.326106042165325,1000,100,2.5,10,5.091664868209633,block_corr
