method,seed,runtime_sec,converged,n_iter,support_size,precision,recall,f1,auroc,auprc,fdr,tp,fp,fn,tn,train_mse,val_mse,test_mse,train_r2,val_r2,test_r2,train_nll,val_nll,test_nll,n,p,snr,n_active,sigma2,setting
mf_spike_slab,89,0.017727399012073874,True,7,10.0,0.3,0.3,0.3,0.7955555555555556,0.3452919467303029,0.7,3.0,7.0,7.0,83.0,7.763473744323235,8.510111834548624,7.711633038889406,0.6950765174969318,0.6946579869417944,0.6845165755196139,2.443687118036355,2.4912180331781313,2.4403869432888796,1000,100,2.5,10,7.35773319222011,jitter
mf_ard,89,0.9128316779388115,True,641,16.0,0.3125,0.5,0.38461538461538464,0.8122222222222222,0.4137983217331044,0.6875,5.0,11.0,5.0,79.0,6.928716102136306,8.518413738684098,7.449022703477263,0.7278630272069453,0.694360115401417,0.6952599819423471,2.3905399124550155,2.491751278792973,2.4236663012887667,1000,100,2.5,10,7.35773319222011,jitter
mf_bayes_lasso,89,1.438733885064721,False,1000,85.0,0.11764705882352941,1.0,0.21052631578947367,0.7022222222222223,0.2056028977305573,0.8823529411764706,10.0,75.0,0.0,15.0,6.186262023163324,9.355391121615549,8.134166831452541,0.7570241592999843,0.6643294455398341,0.667230689746229,2.330322135729036,2.578973613803701,2.483155735965269,1000,100,2.5,10,7.35773319222011,jitter
