method,seed,runtime_sec,converged,n_iter,selected_ckpt_id,support_size,precision,recall,f1,auroc,auprc,fdr,tp,fp,fn,tn,train_mse,val_mse,test_mse,train_r2,val_r2,test_r2,train_nll,val_nll,test_nll,n,p,snr,n_active,sigma2,noise_x,group_size,setting
flow_stagewise,78,1460.282924413681,True,,192,7.0,0.7142857142857143,0.5,0.588235294117647,0.7388888888888888,0.40714285714285714,0.2857142857142857,5.0,2.0,5.0,88.0,11.457194328308105,12.368965148925781,12.405240058898926,0.43181350393968354,0.46010870869475606,0.4207189957521712,2.7081620693206787,2.775010347366333,2.7832601070404053,1000,100,2.5,10,5.858018246615189,0.15,10,jitter
