{
  "sim": "block_corr",
  "n": 1000,
  "p": 100,
  "n_active": 10,
  "active_idx": [
    13,
    18,
    35,
    45,
    51,
    80,
    82,
    84,
    86,
    97
  ],
  "snr": 2.5,
  "sigma2": 7.5600556036293485,
  "sigma": 2.74955552837715,
  "rho": 0.8,
  "block_size": 10,
  "beta_low": 0.8,
  "beta_high": 1.8,
  "setting": "block_corr",
  "seed": 38
}