method,seed,runtime_sec,converged,n_iter,support_size,precision,recall,f1,auroc,auprc,fdr,tp,fp,fn,tn,train_mse,val_mse,test_mse,train_r2,val_r2,test_r2,train_nll,val_nll,test_nll,n,p,snr,n_active,sigma2,setting
mf_spike_slab,7,0.025891746976412833,True,8,10.0,1.0,1.0,1.0,1.0,1.0,0.0,10.0,0.0,0.0,90.0,7.0401240440810415,6.614005802087922,5.810145600378737,0.6961261655899432,0.7250076837782485,0.7118684739570011,2.39487704305803,2.365286813237367,2.3094656683809505,1000,100,2.5,10,6.689099311828613,simple
mf_ard,7,0.02209279895760119,True,15,34.0,0.29411764705882354,1.0,0.45454545454545453,1.0,1.0,0.7058823529411765,10.0,24.0,0.0,66.0,5.9865989711734695,7.477194460316311,6.433183087596924,0.7415996120160349,0.6891186544115617,0.6809713580633014,2.318026353381211,2.426854057019338,2.3506312580824686,1000,100,2.5,10,6.689099311828613,simple
mf_bayes_lasso,7,0.021263725007884204,True,14,43.0,0.23255813953488372,1.0,0.37735849056603776,1.0,1.0,0.7674418604651163,10.0,33.0,0.0,57.0,5.928908507014239,8.010555219339587,6.902716675040631,0.7440897133897031,0.6669429692225193,0.6576866697983843,2.3088798307755876,2.4828176091640466,2.3902490796112046,1000,100,2.5,10,6.689099311828613,simple
