method,seed,runtime_sec,converged,n_iter,support_size,precision,recall,f1,auroc,auprc,fdr,tp,fp,fn,tn,train_mse,val_mse,test_mse,train_r2,val_r2,test_r2,train_nll,val_nll,test_nll,n,p,snr,n_active,sigma2,setting
mf_spike_slab,47,0.01723010395653546,True,7,10.0,0.0,0.0,0.0,0.7544444444444445,0.2222270546641256,1.0,0.0,10.0,10.0,80.0,8.50980828907081,7.790531679261035,8.084343154111199,0.6795488056494885,0.7198948612125217,0.6934780419612118,2.4895819952702256,2.4478095429564104,2.4648728335667864,1000,100,2.5,10,7.552632352857278,jitter
mf_ard,47,0.5514645240036771,True,380,17.0,0.5294117647058824,0.9,0.6666666666666667,0.9827777777777778,0.8413888888888889,0.47058823529411764,9.0,8.0,1.0,82.0,7.047982974926464,7.110330302872875,7.796500279662903,0.7345963051861104,0.7443512024201235,0.7043917500759564,2.3990983181196377,2.4029989671174197,2.4459279637630233,1000,100,2.5,10,7.552632352857278,jitter
mf_bayes_lasso,47,1.3463295720284805,False,1000,78.0,0.11538461538461539,0.9,0.20454545454545456,0.8311111111111111,0.35430900621118017,0.8846153846153846,9.0,69.0,1.0,21.0,6.1273371645421655,8.323590148350688,8.429076048634313,0.7692647770822801,0.700728978495726,0.6804073199723922,2.3256486681063975,2.498433518759644,2.506732364867492,1000,100,2.5,10,7.552632352857278,jitter
