method,seed,runtime_sec,converged,n_iter,support_size,precision,recall,f1,auroc,auprc,fdr,tp,fp,fn,tn,train_mse,val_mse,test_mse,train_r2,val_r2,test_r2,train_nll,val_nll,test_nll,n,p,snr,n_active,sigma2,setting
mf_spike_slab,46,0.02015534893143922,True,7,10.0,1.0,1.0,1.0,1.0,1.0,0.0,10.0,0.0,0.0,90.0,3.9387980940544405,4.424962772560876,4.38133326401277,0.7287856215479107,0.7615165345016514,0.6604645022081462,2.1044265338554675,2.16527108767226,2.1598107609594868,1000,100,2.5,10,4.289952278137207,simple
mf_ard,46,0.02021059300750494,True,14,21.0,0.47619047619047616,1.0,0.6451612903225806,1.0,1.0,0.5238095238095238,10.0,11.0,0.0,79.0,3.455831979721241,4.62960363110413,4.603551792289816,0.7620412877142022,0.7504874109504698,0.6432434706018868,2.0439507677210016,2.1909195308890106,2.187657562068856,1000,100,2.5,10,4.289952278137207,simple
mf_bayes_lasso,46,0.02215397695545107,True,15,23.0,0.43478260869565216,1.0,0.6060606060606061,1.0,1.0,0.5652173913043478,10.0,13.0,0.0,77.0,3.4385980570660135,4.739224344532858,4.716879269205808,0.7632279663683542,0.7445794002004145,0.6344610523356888,2.0364920793169667,2.2238602808316705,2.220641249648706,1000,100,2.5,10,4.289952278137207,simple
