method,seed,runtime_sec,converged,n_iter,support_size,precision,recall,f1,auroc,auprc,fdr,tp,fp,fn,tn,train_mse,val_mse,test_mse,train_r2,val_r2,test_r2,train_nll,val_nll,test_nll,n,p,snr,n_active,sigma2,setting,selected_ckpt_id,noise_x,group_size
mf_spike_slab,31,0.02045968803577125,True,8,10.0,0.2,0.2,0.20000000000000004,0.7677777777777778,0.23750708405725157,0.8,2.0,8.0,8.0,82.0,7.91380845818079,8.523613315905628,7.682128817013076,0.698814441314528,0.6311810706522007,0.7107503296148041,2.453276971833714,2.4913581704133705,2.4388090017767223,1000,100,2.5,10,7.24105984911021,jitter,,,
mf_ard,31,0.46878879296127707,True,319,14.0,0.42857142857142855,0.6,0.5,0.89,0.5827777777777777,0.5714285714285714,6.0,8.0,4.0,82.0,7.039300679549018,8.677657685727466,7.6159385717027535,0.7320966612815435,0.6245155313504909,0.7132425433090508,2.398448032465023,2.5011344989816666,2.4345896715470867,1000,100,2.5,10,7.24105984911021,jitter,,,
mf_bayes_lasso,31,1.4779007110046223,False,1000,79.0,0.10126582278481013,0.8,0.1797752808988764,0.7511111111111112,0.3161892502996622,0.8987341772151899,8.0,71.0,2.0,19.0,6.206354399586709,9.114842826294721,8.124994538076692,0.7637971240879309,0.6055984184437035,0.6940754251848158,2.331945534758641,2.559375971249553,2.4819743814127277,1000,100,2.5,10,7.24105984911021,jitter,,,
flow_stagewise,31,861.7190852165222,True,,10.0,0.5,0.5,0.5,0.7222222222222221,0.3,0.5,5.0,5.0,5.0,85.0,17.950878143310547,19.769214630126953,17.81747055053711,0.3168212803002438,0.14458107135503828,0.32913158635696804,2.960002899169922,3.0878546237945557,2.9824419021606445,1000,100,2.5,10,7.24105984911021,jitter,146.0,0.15,10.0
