method,seed,runtime_sec,converged,n_iter,support_size,precision,recall,f1,auroc,auprc,fdr,tp,fp,fn,tn,train_mse,val_mse,test_mse,train_r2,val_r2,test_r2,train_nll,val_nll,test_nll,n,p,snr,n_active,sigma2,setting
mf_spike_slab,82,0.030064233927987516,True,8,10.0,1.0,1.0,1.0,1.0,1.0,0.0,10.0,0.0,0.0,90.0,7.3342498177813615,7.164590101424258,7.623054726335974,0.7229239374096037,0.784581478015143,0.7263712730987621,2.415284170859174,2.403907716229314,2.434649851821041,1000,100,2.5,10,8.186055183410645,simple
mf_ard,82,0.024761007050983608,True,17,34.0,0.29411764705882354,1.0,0.45454545454545453,1.0,1.0,0.7058823529411765,10.0,24.0,0.0,66.0,6.349748470401553,8.222403757818128,8.027216996589468,0.7601168015367019,0.7527760779615564,0.7118639120156898,2.347346539583117,2.476508531184279,2.463045983654107,1000,100,2.5,10,8.186055183410645,simple
mf_bayes_lasso,82,0.02378236106596887,True,16,46.0,0.21739130434782608,1.0,0.3571428571428571,1.0,1.0,0.782608695652174,10.0,36.0,0.0,54.0,6.287937680498829,8.768216989764875,8.328967050385057,0.7624519129274167,0.736365051225725,0.7010326263924587,2.3382796430939483,2.5335573380402523,2.4989742508262656,1000,100,2.5,10,8.186055183410645,simple
