method,seed,runtime_sec,converged,n_iter,selected_ckpt_id,support_size,precision,recall,f1,auroc,auprc,fdr,tp,fp,fn,tn,train_mse,val_mse,test_mse,train_r2,val_r2,test_r2,train_nll,val_nll,test_nll,n,p,snr,n_active,sigma2,rho,block_size,setting
flow_stagewise,56,655.5576446056366,True,,71,10.0,1.0,1.0,1.0,1.0,1.0,0.0,10.0,0.0,0.0,90.0,5.932760238647461,5.607961654663086,6.158880233764648,0.7196872515600625,0.7108427440760126,0.7087029236088553,2.3092215061187744,2.2815074920654297,2.328510284423828,1000,100,2.5,10,5.858727509797761,0.8,10,block_corr
