method,seed,runtime_sec,converged,n_iter,support_size,precision,recall,f1,auroc,auprc,fdr,tp,fp,fn,tn,train_mse,val_mse,test_mse,train_r2,val_r2,test_r2,train_nll,val_nll,test_nll,n,p,snr,n_active,sigma2,setting
mf_spike_slab,89,0.050009213970042765,True,19,10.0,1.0,1.0,1.0,1.0,1.0,0.0,10.0,0.0,0.0,90.0,7.029485139054338,8.61299598499019,6.328302693122258,0.750619221794892,0.6586672559235817,0.7403010732087143,2.3940368113918744,2.5052245552917745,2.344802608528347,1000,100,2.5,10,7.9764375685525595,block_corr
mf_ard,89,0.07431992702186108,True,51,31.0,0.3225806451612903,1.0,0.4878048780487805,1.0,1.0,0.6774193548387096,10.0,21.0,0.0,69.0,6.438139848681794,9.238932025489685,6.7057473820847004,0.7715980197841954,0.6338614314819644,0.7248116149131828,2.3541838632027794,2.5449408610501036,2.3724101386458383,1000,100,2.5,10,7.9764375685525595,block_corr
mf_bayes_lasso,89,0.11041022499557585,True,75,66.0,0.15151515151515152,1.0,0.2631578947368421,1.0,1.0,0.8484848484848485,10.0,56.0,0.0,34.0,6.179423968028933,9.962949396528353,7.628068969919979,0.7807763260719173,0.6051686471771422,0.6869616671258276,2.3295966346887695,2.631620894390729,2.4452363845821945,1000,100,2.5,10,7.9764375685525595,block_corr
