method,seed,runtime_sec,converged,n_iter,selected_ckpt_id,support_size,precision,recall,f1,auroc,auprc,fdr,tp,fp,fn,tn,train_mse,val_mse,test_mse,train_r2,val_r2,test_r2,train_nll,val_nll,test_nll,n,p,snr,n_active,sigma2,noise_x,group_size,setting
flow_stagewise,3,957.1218807697296,True,,77,10.0,0.7,0.7,0.7,0.8333333333333334,0.5199999999999999,0.3,7.0,3.0,3.0,87.0,11.517862319946289,10.905462265014648,12.564506530761719,0.5011030395910561,0.6136744905133167,0.4086331560220937,2.6570141315460205,2.6299920082092285,2.733771562576294,1000,100,2.5,10,7.005801678514534,0.15,10,jitter
