method,seed,runtime_sec,converged,n_iter,support_size,precision,recall,f1,auroc,auprc,fdr,tp,fp,fn,tn,train_mse,val_mse,test_mse,train_r2,val_r2,test_r2,train_nll,val_nll,test_nll,n,p,snr,n_active,sigma2,setting,selected_ckpt_id,noise_x,group_size
mf_spike_slab,86,0.016781426966190338,True,7,10.0,0.2,0.2,0.20000000000000004,0.7838888888888889,0.22662627765520582,0.8,2.0,8.0,8.0,82.0,7.724747848139304,7.847986299304828,6.942778712078035,0.6619540585137305,0.6733576813035834,0.7409760645357232,2.4411868324503643,2.4490714238704157,2.39115774588993,1000,100,2.5,10,6.89012178517938,jitter,,,
mf_ard,86,0.8837936960626394,True,618,15.0,0.5333333333333333,0.8,0.64,0.9033333333333333,0.5617021845593274,0.4666666666666667,8.0,7.0,2.0,83.0,6.702651624432819,7.46011508360953,6.547321573422315,0.7066824415010983,0.6895013324796224,0.7557299359480223,2.374084159282351,2.423827163075128,2.363883557229619,1000,100,2.5,10,6.89012178517938,jitter,,,
mf_bayes_lasso,86,1.2889880369184539,False,1000,75.0,0.13333333333333333,1.0,0.23529411764705882,0.8444444444444444,0.33187243276757344,0.8666666666666667,10.0,65.0,0.0,25.0,6.050297599767985,7.324635681263976,7.134158983034765,0.7352303805128939,0.695140142797331,0.7338359736572405,2.3191941143947714,2.421541982755811,2.4062439356211582,1000,100,2.5,10,6.89012178517938,jitter,,,
flow_stagewise,86,817.472174167633,True,,11.0,0.5454545454545454,0.6,0.5714285714285713,0.7722222222222223,0.3672727272727272,0.45454545454545453,6.0,5.0,4.0,85.0,14.413631439208984,14.831090927124023,13.201504707336426,0.3692390413400112,0.3827127061510208,0.5074730641329993,2.8715004920959473,2.8794028759002686,2.7974700927734375,1000,100,2.5,10,6.89012178517938,jitter,100.0,0.15,10.0
