{
  "sim": "block_corr",
  "n": 1000,
  "p": 100,
  "n_active": 10,
  "active_idx": [
    1,
    15,
    23,
    32,
    71,
    78,
    84,
    94,
    96,
    98
  ],
  "snr": 2.5,
  "sigma2": 6.560019449128856,
  "sigma": 2.561253491774849,
  "rho": 0.8,
  "block_size": 10,
  "beta_low": 0.8,
  "beta_high": 1.8,
  "setting": "block_corr",
  "seed": 36
}