method,seed,runtime_sec,converged,n_iter,support_size,precision,recall,f1,auroc,auprc,fdr,tp,fp,fn,tn,train_mse,val_mse,test_mse,train_r2,val_r2,test_r2,train_nll,val_nll,test_nll,n,p,snr,n_active,sigma2,setting
mf_spike_slab,29,0.06669160397723317,True,29,10.0,1.0,1.0,1.0,1.0,1.0,0.0,10.0,0.0,0.0,90.0,5.998868355624775,5.423139778593583,6.07082789065376,0.7341399304398719,0.7463465561073872,0.7369681962001484,2.3147715487279314,2.267444173109264,2.320686933302418,1000,100,2.5,10,6.127078197991905,block_corr
mf_ard,29,0.11198050598613918,True,77,34.0,0.29411764705882354,1.0,0.45454545454545453,1.0,1.0,0.7058823529411765,10.0,24.0,0.0,66.0,5.327248559963121,5.908707059566231,6.392386363289656,0.7639050252889936,0.7236353928166218,0.7230359769694304,2.2598613302921517,2.3074332036515584,2.3470052979609592,1000,100,2.5,10,6.127078197991905,block_corr
mf_bayes_lasso,29,0.10269808198790997,True,69,66.0,0.15151515151515152,1.0,0.2631578947368421,1.0,1.0,0.8484848484848485,10.0,56.0,0.0,34.0,5.155076258747956,6.484533310585863,6.954707035367294,0.7715354211009757,0.6967025978642518,0.6986722125283011,2.23898498823363,2.3660196643957123,2.4109465514921835,1000,100,2.5,10,6.127078197991905,block_corr
