method,seed,runtime_sec,converged,n_iter,support_size,precision,recall,f1,auroc,auprc,fdr,tp,fp,fn,tn,train_mse,val_mse,test_mse,train_r2,val_r2,test_r2,train_nll,val_nll,test_nll,n,p,snr,n_active,sigma2,setting
mf_spike_slab,97,0.0498894079355523,True,20,11.0,0.8181818181818182,0.9,0.8571428571428572,0.9911111111111112,0.9413888888888888,0.18181818181818182,9.0,2.0,1.0,88.0,6.8496899489715934,8.323304471695389,7.258735151087052,0.6960943614183818,0.6781851871144509,0.7080202672363589,2.3810958559583715,2.4870672148420874,2.4105113341886737,1000,100,2.5,10,6.896149405858519,block_corr
mf_ard,97,0.09648362908046693,True,66,26.0,0.38461538461538464,1.0,0.5555555555555556,1.0,1.0,0.6153846153846154,10.0,16.0,0.0,74.0,6.186971525776407,8.086343756528354,7.05840837506239,0.725497716475522,0.6873471093380136,0.7160783320798355,2.334360441390923,2.4688147937157394,2.3960484429662325,1000,100,2.5,10,6.896149405858519,block_corr
mf_bayes_lasso,97,0.11053008201997727,True,71,65.0,0.15384615384615385,1.0,0.2666666666666667,1.0,1.0,0.8461538461538461,10.0,55.0,0.0,35.0,5.965961057095425,8.605653415607708,7.4898805461627305,0.7353034636141644,0.6672683604066725,0.6987225357061437,2.312017545455512,2.530327219613369,2.43804979539868,1000,100,2.5,10,6.896149405858519,block_corr
