method,seed,runtime_sec,converged,n_iter,support_size,precision,recall,f1,auroc,auprc,fdr,tp,fp,fn,tn,train_mse,val_mse,test_mse,train_r2,val_r2,test_r2,train_nll,val_nll,test_nll,n,p,snr,n_active,sigma2,setting
mf_spike_slab,70,0.019227060955017805,True,8,10.0,0.3,0.3,0.3,0.8355555555555556,0.34035198955973606,0.7,3.0,7.0,7.0,83.0,7.701677468536551,7.993739658225678,7.501775622941858,0.7076564187424985,0.7206675043654545,0.6937269473998394,2.4396907881335164,2.458434148315807,2.426861902966716,1000,100,2.5,10,7.139204123707913,jitter
mf_ard,70,0.2917761889984831,True,202,13.0,0.6153846153846154,0.8,0.6956521739130435,0.9177777777777778,0.7256959706959707,0.38461538461538464,8.0,5.0,2.0,85.0,6.904950924605543,7.818729591089108,6.816232158255852,0.7378989070948394,0.7267830398850685,0.7217154530780638,2.388825664354082,2.4471998487990345,2.3831581150660743,1000,100,2.5,10,7.139204123707913,jitter
mf_bayes_lasso,70,1.4406735630473122,False,1000,84.0,0.10714285714285714,0.9,0.19148936170212766,0.8094444444444444,0.318013098013098,0.8928571428571429,9.0,75.0,1.0,15.0,6.152082855090799,8.912915000777442,7.638966923975147,0.7664765966378662,0.6885479266285792,0.6881258736448268,2.3275847142295536,2.5449341016839773,2.4446412118846754,1000,100,2.5,10,7.139204123707913,jitter
