{
  "n": 1000,
  "p": 100,
  "n_active": 10,
  "sigma2": 6.906284332275391,
  "sigma": 2.627980947494507,
  "active_idx": [
    2,
    12,
    16,
    36,
    47,
    55,
    57,
    63,
    65,
    84
  ],
  "snr": 2.5,
  "setting": "simple",
  "seed": 27
}