{
  "sim": "block_corr",
  "n": 1000,
  "p": 100,
  "n_active": 10,
  "active_idx": [
    0,
    8,
    31,
    42,
    49,
    50,
    62,
    69,
    83,
    96
  ],
  "snr": 2.5,
  "sigma2": 6.540731958221832,
  "sigma": 2.55748547566195,
  "rho": 0.8,
  "block_size": 10,
  "beta_low": 0.8,
  "beta_high": 1.8,
  "setting": "block_corr",
  "seed": 96
}