method,seed,runtime_sec,converged,n_iter,support_size,precision,recall,f1,auroc,auprc,fdr,tp,fp,fn,tn,train_mse,val_mse,test_mse,train_r2,val_r2,test_r2,train_nll,val_nll,test_nll,n,p,snr,n_active,sigma2,setting,selected_ckpt_id,rho,block_size
mf_spike_slab,96,0.04347073601093143,True,19,10.0,1.0,1.0,1.0,1.0,1.0,0.0,10.0,0.0,0.0,90.0,6.210570226992751,7.5250770475029825,6.442500270355913,0.7101837147176541,0.690019573995156,0.7345088702826301,2.3321095637003273,2.43652939060468,2.3505332756233286,1000,100,2.5,10,6.540731958221832,block_corr,,,
mf_ard,96,0.10415144101716578,True,73,38.0,0.2631578947368421,1.0,0.4166666666666667,1.0,1.0,0.7368421052631579,10.0,28.0,0.0,62.0,5.4493692434112155,8.085398044647171,6.773259963558469,0.7457051617590299,0.6669382765814837,0.7208784844187166,2.271212531100231,2.481984019926504,2.3770681340427675,1000,100,2.5,10,6.540731958221832,block_corr,,,
mf_bayes_lasso,96,0.10138285905122757,True,70,71.0,0.14084507042253522,1.0,0.2469135802469136,1.0,1.0,0.8591549295774648,10.0,61.0,0.0,29.0,5.2205005302074206,8.696602326759983,7.279243443645248,0.756385321205547,0.6417609445024477,0.7000272434238686,2.2453031705846267,2.5727707343437305,2.439247872359016,1000,100,2.5,10,6.540731958221832,block_corr,,,
flow_stagewise,96,6310.556658506393,True,,10.0,1.0,1.0,1.0,1.0,1.0,0.0,10.0,0.0,0.0,90.0,7.176894664764404,8.533404350280762,7.8027119636535645,0.6650901783759195,0.6484835730893936,0.678455484216153,2.4065916538238525,2.510287284851074,2.4544312953948975,1000,100,2.5,10,6.540731958221832,block_corr,115.0,0.8,10.0
