method,seed,runtime_sec,converged,n_iter,support_size,precision,recall,f1,auroc,auprc,fdr,tp,fp,fn,tn,train_mse,val_mse,test_mse,train_r2,val_r2,test_r2,train_nll,val_nll,test_nll,n,p,snr,n_active,sigma2,setting
mf_spike_slab,90,0.07578819699119776,True,34,10.0,1.0,1.0,1.0,1.0,1.0,0.0,10.0,0.0,0.0,90.0,11.23745239527465,8.690015017642644,9.567129595535645,0.6925723359986318,0.7654203754833773,0.7560808372526897,2.6286079594706298,2.516748017305447,2.555262795653621,1000,100,2.5,10,10.565967475718802,block_corr
mf_ard,90,0.1661687990417704,True,116,36.0,0.2777777777777778,1.0,0.4347826086956522,1.0,1.0,0.7222222222222222,10.0,26.0,0.0,64.0,10.317857873764995,9.022953861478257,9.78867135473753,0.7177300662057958,0.7564329722607827,0.7504325098334285,2.589317690435069,2.5336440069506527,2.5665656080528954,1000,100,2.5,10,10.565967475718802,block_corr
mf_bayes_lasso,90,0.100254888064228,True,68,75.0,0.13333333333333333,1.0,0.23529411764705882,1.0,1.0,0.8666666666666667,10.0,65.0,0.0,25.0,9.971651118244766,9.716996493789965,10.532964767169211,0.7272013885631508,0.737697876894932,0.7314563452288024,2.5688432769469434,2.5562174902874215,2.5966732305382867,1000,100,2.5,10,10.565967475718802,block_corr
