{
  "sim": "block_corr",
  "n": 1000,
  "p": 100,
  "n_active": 10,
  "active_idx": [
    11,
    17,
    40,
    59,
    62,
    65,
    79,
    92,
    93,
    95
  ],
  "snr": 2.5,
  "sigma2": 5.91836631162639,
  "sigma": 2.4327692680618913,
  "rho": 0.8,
  "block_size": 10,
  "beta_low": 0.8,
  "beta_high": 1.8,
  "setting": "block_corr",
  "seed": 50
}