method,seed,runtime_sec,converged,n_iter,support_size,precision,recall,f1,auroc,auprc,fdr,tp,fp,fn,tn,train_mse,val_mse,test_mse,train_r2,val_r2,test_r2,train_nll,val_nll,test_nll,n,p,snr,n_active,sigma2,setting,selected_ckpt_id,rho,block_size
mf_spike_slab,50,0.10099750699009746,True,40,10.0,1.0,1.0,1.0,1.0,1.0,0.0,10.0,0.0,0.0,90.0,5.458174814456144,5.769242196390105,4.916735613671787,0.7027526833583804,0.6813066557891021,0.7771755634165393,2.267560122785843,2.2956008903955114,2.2187527849365076,1000,100,2.5,10,5.91836631162639,block_corr,,,
mf_ard,50,0.11670194996986538,True,81,37.0,0.2702702702702703,1.0,0.4255319148936171,1.0,1.0,0.7297297297297297,10.0,27.0,0.0,63.0,4.616433290608242,6.643937242927743,5.526349883671709,0.7485931735909285,0.6329884399720905,0.7495480953321758,2.188579444539101,2.3790510371451616,2.274060541836695,1000,100,2.5,10,5.91836631162639,block_corr,,,
mf_bayes_lasso,50,0.11314824898727238,True,77,74.0,0.13513513513513514,1.0,0.2380952380952381,1.0,1.0,0.8648648648648649,10.0,64.0,0.0,26.0,4.444955178555436,7.226308862902445,6.2273434727475605,0.7579317181416578,0.600818190773784,0.7177793540762683,2.16489465838398,2.4725095247604845,2.362024976629601,1000,100,2.5,10,5.91836631162639,block_corr,,,
flow_stagewise,50,897.8084163665771,True,,10.0,1.0,1.0,1.0,1.0,1.0,0.0,10.0,0.0,0.0,90.0,5.969563007354736,6.104349136352539,5.567671298980713,0.674902941536236,0.6627953214520883,0.7476754070630847,2.312291145324707,2.3236794471740723,2.2783336639404297,1000,100,2.5,10,5.91836631162639,block_corr,39.0,0.8,10.0
