{
  "n": 1000,
  "p": 100,
  "n_active": 10,
  "sigma2": 3.003310203552246,
  "sigma": 1.7330061197280884,
  "active_idx": [
    11,
    16,
    22,
    29,
    34,
    35,
    39,
    46,
    62,
    76
  ],
  "snr": 2.5,
  "setting": "simple",
  "seed": 10
}