method,seed,runtime_sec,converged,n_iter,selected_ckpt_id,support_size,precision,recall,f1,auroc,auprc,fdr,tp,fp,fn,tn,train_mse,val_mse,test_mse,train_r2,val_r2,test_r2,train_nll,val_nll,test_nll,n,p,snr,n_active,sigma2,noise_x,group_size,setting
flow_stagewise,79,6031.752436876297,True,,94,11.0,0.45454545454545453,0.5,0.47619047619047616,0.7166666666666667,0.2772727272727273,0.5454545454545454,5.0,6.0,5.0,84.0,20.071550369262695,16.755083084106445,19.326366424560547,0.3010761037190104,0.5200585478496847,0.3078476919977644,2.9538304805755615,2.841512441635132,2.9396777153015137,1000,100,2.5,10,8.064726634071969,0.15,10,jitter
