{
  "n": 1000,
  "p": 100,
  "n_active": 10,
  "sigma2": 6.689099311828613,
  "sigma": 2.586329221725464,
  "active_idx": [
    2,
    11,
    13,
    19,
    24,
    61,
    83,
    87,
    88,
    91
  ],
  "snr": 2.5,
  "setting": "simple",
  "seed": 7
}