method,seed,runtime_sec,converged,n_iter,selected_ckpt_id,support_size,precision,recall,f1,auroc,auprc,fdr,tp,fp,fn,tn,train_mse,val_mse,test_mse,train_r2,val_r2,test_r2,train_nll,val_nll,test_nll,n,p,snr,n_active,sigma2,noise_x,group_size,setting
flow_stagewise,56,2009.3613402843475,True,,134,10.0,0.6,0.6,0.6,0.7777777777777778,0.4,0.4,6.0,4.0,4.0,86.0,9.764357566833496,11.773534774780273,11.260736465454102,0.5894904250920157,0.514908317788747,0.46887026973123147,2.5891339778900146,2.720041513442993,2.6584439277648926,1000,100,2.5,10,6.6077984928498195,0.15,10,jitter
