{
  "sim": "block_corr",
  "n": 1000,
  "p": 100,
  "n_active": 10,
  "active_idx": [
    1,
    30,
    37,
    38,
    48,
    49,
    56,
    66,
    67,
    73
  ],
  "snr": 2.5,
  "sigma2": 7.7021052218853026,
  "sigma": 2.7752666938305772,
  "rho": 0.8,
  "block_size": 10,
  "beta_low": 0.8,
  "beta_high": 1.8,
  "setting": "block_corr",
  "seed": 93
}