method,seed,runtime_sec,converged,n_iter,support_size,precision,recall,f1,auroc,auprc,fdr,tp,fp,fn,tn,train_mse,val_mse,test_mse,train_r2,val_r2,test_r2,train_nll,val_nll,test_nll,n,p,snr,n_active,sigma2,setting
mf_spike_slab,100,0.028490114025771618,True,7,10.0,1.0,1.0,1.0,1.0,1.0,0.0,10.0,0.0,0.0,90.0,5.465465941443914,4.770980091751531,4.084853401543841,0.7017018347054846,0.7308996697213002,0.7614561737971762,2.2682333666619003,2.205757657440141,2.1440339353431526,1000,100,2.5,10,5.302104473114014,simple
mf_ard,100,0.020462324959225953,True,14,27.0,0.37037037037037035,1.0,0.5405405405405406,1.0,1.0,0.6296296296296297,10.0,17.0,0.0,73.0,4.785100010744244,5.583852090381312,4.416010553765344,0.7388353400700776,0.6850507835178629,0.7421175375231076,2.2062165308938986,2.278948568223437,2.1726083202271727,1000,100,2.5,10,5.302104473114014,simple
mf_bayes_lasso,100,0.02250548789743334,True,15,33.0,0.30303030303030304,1.0,0.4651162790697675,1.0,1.0,0.696969696969697,10.0,23.0,0.0,67.0,4.756070437091702,5.872445688180201,4.633674165186608,0.7404197372015593,0.6687730730704298,0.7294066013916104,2.1986649441816684,2.315105954718835,2.1858986762330415,1000,100,2.5,10,5.302104473114014,simple
