{
  "sim": "block_corr",
  "n": 1000,
  "p": 100,
  "n_active": 10,
  "active_idx": [
    3,
    10,
    17,
    18,
    30,
    36,
    37,
    38,
    76,
    97
  ],
  "snr": 2.5,
  "sigma2": 11.507637976655975,
  "sigma": 3.3922909628532714,
  "rho": 0.8,
  "block_size": 10,
  "beta_low": 0.8,
  "beta_high": 1.8,
  "setting": "block_corr",
  "seed": 68
}