method,seed,runtime_sec,converged,n_iter,support_size,precision,recall,f1,auroc,auprc,fdr,tp,fp,fn,tn,train_mse,val_mse,test_mse,train_r2,val_r2,test_r2,train_nll,val_nll,test_nll,n,p,snr,n_active,sigma2,setting,selected_ckpt_id,rho,block_size
mf_spike_slab,68,0.09770601091440767,True,42,10.0,0.9,0.9,0.9,0.9955555555555556,0.9714285714285714,0.1,9.0,1.0,1.0,89.0,12.371719697401025,11.221379984997302,11.968955258908755,0.7070620103307054,0.7639880073899558,0.625399503958555,2.6766925088447358,2.630838875859571,2.660637935971206,1000,100,2.5,10,11.507637976655975,block_corr,,,
mf_ard,68,0.09739787201397121,True,69,39.0,0.2564102564102564,1.0,0.4081632653061224,1.0,1.0,0.7435897435897436,10.0,29.0,0.0,61.0,11.126194487190851,11.261454180283813,12.291985091888273,0.7365535976027676,0.7631451528841411,0.6152894205759436,2.6270131828695695,2.632407776885431,2.6735086825712084,1000,100,2.5,10,11.507637976655975,block_corr,,,
mf_bayes_lasso,68,0.12232802901417017,True,80,92.0,0.10869565217391304,1.0,0.19607843137254902,0.9988888888888889,0.990909090909091,0.8913043478260869,10.0,82.0,0.0,8.0,10.48490213919557,12.848372328933674,13.643893376129688,0.75173813910604,0.7297685347790028,0.5729778317259119,2.5939614115565903,2.7050105205178068,2.7423885690477103,1000,100,2.5,10,11.507637976655975,block_corr,,,
flow_stagewise,68,13210.670287847519,True,,13.0,0.7692307692307693,1.0,0.8695652173913044,0.9833333333333334,0.7692307692307693,0.23076923076923078,10.0,3.0,0.0,87.0,14.42234992980957,15.245355606079102,15.852639198303223,0.6585070968587295,0.6793543613010521,0.5038491714672744,2.765719175338745,2.7999725341796875,2.826749801635742,1000,100,2.5,10,11.507637976655975,block_corr,120.0,0.8,10.0
