{
  "sim": "block_corr",
  "n": 1000,
  "p": 100,
  "n_active": 10,
  "active_idx": [
    2,
    11,
    25,
    45,
    46,
    48,
    50,
    52,
    66,
    70
  ],
  "snr": 2.5,
  "sigma2": 7.852898716210579,
  "sigma": 2.8023023955687902,
  "rho": 0.8,
  "block_size": 10,
  "beta_low": 0.8,
  "beta_high": 1.8,
  "setting": "block_corr",
  "seed": 81
}