method,seed,runtime_sec,converged,n_iter,selected_ckpt_id,support_size,precision,recall,f1,auroc,auprc,fdr,tp,fp,fn,tn,train_mse,val_mse,test_mse,train_r2,val_r2,test_r2,train_nll,val_nll,test_nll,n,p,snr,n_active,sigma2,noise_x,group_size,setting
flow_stagewise,18,6933.383264780045,True,,159,8.0,0.625,0.5,0.5555555555555556,0.7333333333333333,0.3625,0.375,5.0,3.0,5.0,87.0,12.30388069152832,11.430102348327637,13.966469764709473,0.43913691313071,0.5358042675386017,0.3208147469569632,2.808239698410034,2.7255194187164307,2.915919542312622,1000,100,2.5,10,6.121499556948821,0.15,10,jitter
