method,seed,runtime_sec,converged,n_iter,selected_ckpt_id,support_size,precision,recall,f1,auroc,auprc,fdr,tp,fp,fn,tn,train_mse,val_mse,test_mse,train_r2,val_r2,test_r2,train_nll,val_nll,test_nll,n,p,snr,n_active,sigma2,rho,block_size,setting
flow_stagewise,50,897.8084163665771,True,,39,10.0,1.0,1.0,1.0,1.0,1.0,0.0,10.0,0.0,0.0,90.0,5.969563007354736,6.104349136352539,5.567671298980713,0.674902941536236,0.6627953214520883,0.7476754070630847,2.312291145324707,2.3236794471740723,2.2783336639404297,1000,100,2.5,10,5.91836631162639,0.8,10,block_corr
