method,seed,runtime_sec,converged,n_iter,support_size,precision,recall,f1,auroc,auprc,fdr,tp,fp,fn,tn,train_mse,val_mse,test_mse,train_r2,val_r2,test_r2,train_nll,val_nll,test_nll,n,p,snr,n_active,sigma2,setting
mf_spike_slab,39,0.08105490496382117,True,32,10.0,1.0,1.0,1.0,1.0,1.0,0.0,10.0,0.0,0.0,90.0,4.455943753899592,4.1741107910475,4.814816850868311,0.7037797609810137,0.7559324707671862,0.7107047491963105,2.166120301555204,2.1349926301004474,2.205756842800581,1000,100,2.5,10,4.3981874429456385,block_corr
mf_ard,39,0.1137053599813953,True,74,41.0,0.24390243902439024,1.0,0.39215686274509803,1.0,1.0,0.7560975609756098,10.0,31.0,0.0,59.0,3.8175800363610346,4.4794736193335725,5.236739956997219,0.746216619126908,0.7380773742567692,0.6853537639796201,2.0938036881119024,2.1687420541826143,2.254478346971572,1000,100,2.5,10,4.3981874429456385,block_corr
mf_bayes_lasso,39,0.11233978311065584,True,71,62.0,0.16129032258064516,1.0,0.27777777777777773,0.9988888888888889,0.990909090909091,0.8387096774193549,10.0,52.0,0.0,38.0,3.6932120889203968,4.751302428144625,5.477365563792447,0.7544842959989344,0.7221830702811523,0.6708959253070939,2.0722533144128024,2.213177689611969,2.3098802016312505,1000,100,2.5,10,4.3981874429456385,block_corr
