method,seed,runtime_sec,converged,n_iter,support_size,precision,recall,f1,auroc,auprc,fdr,tp,fp,fn,tn,train_mse,val_mse,test_mse,train_r2,val_r2,test_r2,train_nll,val_nll,test_nll,n,p,snr,n_active,sigma2,setting
mf_spike_slab,93,0.017184561933390796,True,7,10.0,0.1,0.1,0.10000000000000002,0.7844444444444444,0.21142650030834614,0.9,1.0,9.0,9.0,81.0,8.0058877374448,7.556907117917851,7.573431053840937,0.6638955527233041,0.7108240764405535,0.7004007677483975,2.459061046584902,2.4313456275324437,2.432365644407531,1000,100,2.5,10,6.884339061381505,jitter
mf_ard,93,0.39279806695412844,True,279,12.0,0.5,0.6,0.5454545454545454,0.9144444444444445,0.5082224328453167,0.5,6.0,6.0,4.0,84.0,7.032498585238706,6.880717658538397,7.41636145237952,0.7047605303143812,0.7366994389884913,0.7066143229617958,2.3979459653544515,2.3884206386977986,2.4220360752277124,1000,100,2.5,10,6.884339061381505,jitter
mf_bayes_lasso,93,1.4118503020145,False,1000,77.0,0.12987012987012986,1.0,0.22988505747126434,0.8577777777777778,0.32121848739495795,0.8701298701298701,10.0,67.0,0.0,23.0,6.317173793079381,7.510724598107807,7.515343784411666,0.7347914090597235,0.7125913170073599,0.702698656406904,2.3407558645583437,2.432702903230664,2.4330587494166207,1000,100,2.5,10,6.884339061381505,jitter
