method,seed,runtime_sec,converged,n_iter,selected_ckpt_id,support_size,precision,recall,f1,auroc,auprc,fdr,tp,fp,fn,tn,train_mse,val_mse,test_mse,train_r2,val_r2,test_r2,train_nll,val_nll,test_nll,n,p,snr,n_active,sigma2,noise_x,group_size,setting
flow_stagewise,2,1945.3047063350677,True,,53,7.0,0.2857142857142857,0.2,0.23529411764705882,0.5722222222222222,0.13714285714285715,0.7142857142857143,2.0,5.0,8.0,85.0,15.766432762145996,17.560382843017578,16.48564910888672,0.35850499264891944,0.24032016523676158,0.2690477788434268,2.9131810665130615,3.1110198497772217,2.9249041080474854,1000,100,2.5,10,6.7496379109569755,0.15,10,jitter
