method,seed,runtime_sec,converged,n_iter,support_size,precision,recall,f1,auroc,auprc,fdr,tp,fp,fn,tn,train_mse,val_mse,test_mse,train_r2,val_r2,test_r2,train_nll,val_nll,test_nll,n,p,snr,n_active,sigma2,setting,selected_ckpt_id,noise_x,group_size
mf_spike_slab,94,0.0183218230959028,True,6,10.0,0.1,0.1,0.10000000000000002,0.73,0.20515444201395974,0.9,1.0,9.0,9.0,81.0,6.07843533339229,6.0243558120921925,6.231127352381379,0.6821279909245599,0.6877151751119098,0.7048539612769773,2.3213456358900757,2.3169484159903813,2.3337610635470147,1000,100,2.5,10,5.809236547471171,jitter,,,
mf_ard,94,0.9124344940064475,True,637,14.0,0.5,0.7,0.5833333333333334,0.8944444444444444,0.5508654353776304,0.5,7.0,7.0,3.0,83.0,5.297913667974086,5.8093577154290275,5.624240309665538,0.7229454013772805,0.6988600418930124,0.7336000125900604,2.256803199455642,2.2990771367806464,2.283776065924596,1000,100,2.5,10,5.809236547471171,jitter,,,
mf_bayes_lasso,94,1.4183097829809412,False,1000,71.0,0.11267605633802817,0.8,0.19753086419753088,0.7477777777777778,0.3643126481361776,0.8873239436619719,8.0,63.0,2.0,27.0,4.851609431604693,5.978756000678401,5.865570648286654,0.7462848985492352,0.6900789347513558,0.7221690644743094,2.2087626161460143,2.3219320787321034,2.3105678729985777,1000,100,2.5,10,5.809236547471171,jitter,,,
flow_stagewise,94,748.9087443351746,True,,4.0,0.75,0.3,0.4285714285714285,0.6444444444444445,0.295,0.25,3.0,1.0,7.0,89.0,12.5995512008667,12.42186164855957,13.829319953918457,0.3411059362701856,0.356087404142281,0.34495496434163886,2.8824257850646973,2.8672471046447754,2.9882519245147705,1000,100,2.5,10,5.809236547471171,jitter,182.0,0.15,10.0
