method,seed,runtime_sec,converged,n_iter,support_size,precision,recall,f1,auroc,auprc,fdr,tp,fp,fn,tn,train_mse,val_mse,test_mse,train_r2,val_r2,test_r2,train_nll,val_nll,test_nll,n,p,snr,n_active,sigma2,setting
mf_spike_slab,84,0.08987531799357384,True,36,10.0,1.0,1.0,1.0,1.0,1.0,0.0,10.0,0.0,0.0,90.0,7.12140468245677,8.119683214053628,8.891254105574326,0.7464399881086283,0.7419468958720847,0.6650047207616085,2.400539528700717,2.469657825938924,2.5230794558072627,1000,100,2.5,10,7.878160024667442,block_corr
mf_ard,84,0.1207416879478842,True,84,39.0,0.2564102564102564,1.0,0.4081632653061224,1.0,1.0,0.7435897435897436,10.0,29.0,0.0,61.0,6.168620381772399,8.253447027528955,9.311091906102329,0.7803641939898895,0.7376957241973634,0.6491865156408556,2.3330555220302047,2.4806516451536744,2.5555280306970753,1000,100,2.5,10,7.878160024667442,block_corr
mf_bayes_lasso,84,0.10465328092686832,True,72,75.0,0.13333333333333333,1.0,0.23529411764705882,1.0,1.0,0.8666666666666667,10.0,65.0,0.0,25.0,5.93568880391633,8.709204297409963,9.86324076543429,0.7886578012604548,0.7232112209081096,0.6283832342233214,2.3094939827141663,2.5394088769735714,2.635074530596112,1000,100,2.5,10,7.878160024667442,block_corr
