method,seed,runtime_sec,converged,n_iter,selected_ckpt_id,support_size,precision,recall,f1,auroc,auprc,fdr,tp,fp,fn,tn,train_mse,val_mse,test_mse,train_r2,val_r2,test_r2,train_nll,val_nll,test_nll,n,p,snr,n_active,sigma2,setting
flow_stagewise,31,502.1484022140503,True,,99,9.0,1.0,0.9,0.9473684210526316,0.95,0.91,0.0,9.0,0.0,1.0,90.0,6.022443771362305,6.1628947257995605,7.508307456970215,0.710151108505564,0.6874075669675501,0.6967979400734294,2.3172757625579834,2.328378677368164,2.434734344482422,1000,100,2.5,10,6.325023174285889,simple
