method,seed,runtime_sec,converged,n_iter,selected_ckpt_id,support_size,precision,recall,f1,auroc,auprc,fdr,tp,fp,fn,tn,train_mse,val_mse,test_mse,train_r2,val_r2,test_r2,train_nll,val_nll,test_nll,n,p,snr,n_active,sigma2,noise_x,group_size,setting
flow_stagewise,15,681.3366851806641,True,,137,10.0,0.7,0.7,0.7,0.8333333333333334,0.5199999999999999,0.3,7.0,3.0,3.0,87.0,18.309619903564453,25.248802185058594,22.608566284179688,0.12641738196000096,-0.067534044850037,0.04747931149613671,3.315004587173462,3.8770389556884766,3.6650562286376953,1000,100,2.5,10,6.138602054827347,0.15,10,jitter
