{
  "n": 1000,
  "p": 100,
  "n_active": 10,
  "sigma2": 7.496785640716553,
  "sigma": 2.7380259037017822,
  "active_idx": [
    17,
    19,
    22,
    31,
    33,
    40,
    46,
    58,
    61,
    98
  ],
  "snr": 2.5,
  "setting": "simple",
  "seed": 92
}