method,seed,runtime_sec,converged,n_iter,support_size,precision,recall,f1,auroc,auprc,fdr,tp,fp,fn,tn,train_mse,val_mse,test_mse,train_r2,val_r2,test_r2,train_nll,val_nll,test_nll,n,p,snr,n_active,sigma2,setting,selected_ckpt_id
mf_spike_slab,92,0.024086661054752767,True,9,10.0,1.0,1.0,1.0,1.0,1.0,0.0,10.0,0.0,0.0,90.0,7.838911353654869,7.874657557006026,8.854914467009971,0.6975190955250483,0.7637345893027874,0.6191764272656395,2.448688491584322,2.4509046615508585,2.511677994654234,1000,100,2.5,10,7.496785640716553,simple,
mf_ard,92,0.022169859032146633,True,15,34.0,0.29411764705882354,1.0,0.45454545454545453,1.0,1.0,0.7058823529411765,10.0,24.0,0.0,66.0,6.848435780975221,9.398270565265065,9.62210963293769,0.7357386815833595,0.7180212296380654,0.5861816416963804,2.385039049692022,2.548392813925905,2.5627329407891084,1000,100,2.5,10,7.496785640716553,simple,
mf_bayes_lasso,92,0.022830531001091003,True,15,50.0,0.2,1.0,0.33333333333333337,1.0,1.0,0.8,10.0,40.0,0.0,50.0,6.776359657860308,10.181237554183937,10.173141871570868,0.7385198905966088,0.694529666244976,0.5624833816409156,2.3756807490562,2.6245528724437865,2.623961136180832,1000,100,2.5,10,7.496785640716553,simple,
flow_stagewise,92,506.3892114162445,True,,10.0,1.0,1.0,1.0,1.0,1.0,0.0,10.0,0.0,0.0,90.0,8.157341957092285,7.725740909576416,8.79879379272461,0.6852317907996135,0.7682025879276435,0.6215900315255367,2.4702308177948,2.44144606590271,2.513012647628784,1000,100,2.5,10,7.496785640716553,simple,90.0
