method,seed,runtime_sec,converged,n_iter,selected_ckpt_id,support_size,precision,recall,f1,auroc,auprc,fdr,tp,fp,fn,tn,train_mse,val_mse,test_mse,train_r2,val_r2,test_r2,train_nll,val_nll,test_nll,n,p,snr,n_active,sigma2,noise_x,group_size,setting
flow_stagewise,96,585.2109382152557,True,,126,6.0,0.6666666666666666,0.4,0.5,0.6888888888888889,0.32666666666666666,0.3333333333333333,4.0,2.0,6.0,88.0,14.542266845703125,14.473618507385254,14.422313690185547,0.43288936975528114,0.4603993289299214,0.5095061433584822,2.884284257888794,2.879485845565796,2.876626968383789,1000,100,2.5,10,7.666787625863459,0.15,10,jitter
