coupling_layer,target_coord,fixed_coord,mean_attention,target_latent_type,fixed_latent_type,target_parameter_type,fixed_parameter_type,target_group,fixed_group,target_unit,fixed_unit,target_layer,fixed_layer,target_side,fixed_side
0,3,0,0.011140719056129456,0,0,3,1,1,0,1,0,1,2,1,4
0,3,1,0.12970151007175446,0,0,3,3,1,1,1,1,1,1,1,1
0,3,2,0.06164603680372238,0,0,3,3,1,1,1,1,1,1,1,1
0,3,6,0.1422150582075119,0,0,3,3,1,1,1,1,1,1,1,1
0,3,9,0.08999936282634735,0,0,3,3,1,2,1,2,1,1,1,1
0,3,10,0.047266241163015366,0,0,3,3,1,2,1,2,1,1,1,1
0,3,13,0.0167147945612669,0,0,3,3,1,3,1,3,1,1,1,1
0,3,15,0.011414305306971073,0,0,3,3,1,3,1,3,1,1,1,1
0,3,18,0.04296359792351723,0,0,3,3,1,3,1,3,1,1,1,1
0,3,24,0.010221682488918304,0,0,3,3,1,4,1,4,1,1,1,1
0,3,25,0.023030074313282967,0,0,3,3,1,5,1,5,1,1,1,1
0,3,26,0.0377880297601223,0,0,3,3,1,5,1,5,1,1,1,1
0,3,30,0.03660791739821434,0,0,3,3,1,5,1,5,1,1,1,1
0,3,31,0.20149195194244385,0,0,3,4,1,1,1,1,1,1,1,1
0,3,35,0.026217002421617508,0,0,3,4,1,5,1,5,1,1,1,1
0,3,37,0.00796947255730629,0,0,3,5,1,2,1,2,1,2,1,2
0,3,38,0.0021858937107026577,0,0,3,5,1,3,1,3,1,2,1,2
0,3,39,0.003911579493433237,0,0,3,5,1,4,1,4,1,2,1,2
0,3,40,0.002441724529489875,0,0,3,5,1,5,1,5,1,2,1,2
0,3,41,0.012078891508281231,0,1,3,6,1,1,1,1,1,1,1,5
0,3,42,0.015876255929470062,0,1,3,6,1,2,1,2,1,1,1,5
0,3,43,0.06111091002821922,0,1,3,6,1,3,1,3,1,1,1,5
0,3,44,0.006007008720189333,0,1,3,6,1,4,1,4,1,1,1,5
0,4,0,0.012132992036640644,0,0,3,1,1,0,1,0,1,2,1,4
0,4,1,0.24623481929302216,0,0,3,3,1,1,1,1,1,1,1,1
0,4,2,0.07367705553770065,0,0,3,3,1,1,1,1,1,1,1,1
0,4,6,0.23558762669563293,0,0,3,3,1,1,1,1,1,1,1,1
0,4,9,0.031537581235170364,0,0,3,3,1,2,1,2,1,1,1,1
0,4,10,0.02974005788564682,0,0,3,3,1,2,1,2,1,1,1,1
0,4,13,0.05803944543004036,0,0,3,3,1,3,1,3,1,1,1,1
0,4,15,0.01856449991464615,0,0,3,3,1,3,1,3,1,1,1,1
0,4,18,0.062214478850364685,0,0,3,3,1,3,1,3,1,1,1,1
0,4,24,0.028943894430994987,0,0,3,3,1,4,1,4,1,1,1,1
0,4,25,0.0020676753483712673,0,0,3,3,1,5,1,5,1,1,1,1
0,4,26,0.002722865669056773,0,0,3,3,1,5,1,5,1,1,1,1
0,4,30,0.0020908790174871683,0,0,3,3,1,5,1,5,1,1,1,1
0,4,31,0.09818274527788162,0,0,3,4,1,1,1,1,1,1,1,1
0,4,35,0.0017495090141892433,0,0,3,4,1,5,1,5,1,1,1,1
0,4,37,0.0028140933718532324,0,0,3,5,1,2,1,2,1,2,1,2
0,4,38,0.0027429205365478992,0,0,3,5,1,3,1,3,1,2,1,2
0,4,39,0.013688403181731701,0,0,3,5,1,4,1,4,1,2,1,2
0,4,40,0.00018361685215495527,0,0,3,5,1,5,1,5,1,2,1,2
0,4,41,0.008982621133327484,0,1,3,6,1,1,1,1,1,1,1,5
0,4,42,0.0021822648122906685,0,1,3,6,1,2,1,2,1,1,1,5
0,4,43,0.06435143947601318,0,1,3,6,1,3,1,3,1,1,1,5
0,4,44,0.0015684133395552635,0,1,3,6,1,4,1,4,1,1,1,5
0,5,0,0.01632007211446762,0,0,3,1,1,0,1,0,1,2,1,4
0,5,1,0.3176875114440918,0,0,3,3,1,1,1,1,1,1,1,1
0,5,2,0.022917956113815308,0,0,3,3,1,1,1,1,1,1,1,1
0,5,6,0.1005738154053688,0,0,3,3,1,1,1,1,1,1,1,1
0,5,9,0.014912191778421402,0,0,3,3,1,2,1,2,1,1,1,1
0,5,10,0.021590981632471085,0,0,3,3,1,2,1,2,1,1,1,1
0,5,13,0.015646543353796005,0,0,3,3,1,3,1,3,1,1,1,1
0,5,15,0.009383460506796837,0,0,3,3,1,3,1,3,1,1,1,1
0,5,18,0.051666900515556335,0,0,3,3,1,3,1,3,1,1,1,1
0,5,24,0.004705056082457304,0,0,3,3,1,4,1,4,1,1,1,1
0,5,25,0.0009628978441469371,0,0,3,3,1,5,1,5,1,1,1,1
0,5,26,0.002015812089666724,0,0,3,3,1,5,1,5,1,1,1,1
0,5,30,0.0016296238172799349,0,0,3,3,1,5,1,5,1,1,1,1
0,5,31,0.1475871205329895,0,0,3,4,1,1,1,1,1,1,1,1
0,5,35,0.0023358596954494715,0,0,3,4,1,5,1,5,1,1,1,1
0,5,37,0.003456189064309001,0,0,3,5,1,2,1,2,1,2,1,2
0,5,38,0.001230918918736279,0,0,3,5,1,3,1,3,1,2,1,2
0,5,39,0.012542258016765118,0,0,3,5,1,4,1,4,1,2,1,2
0,5,40,0.00027115404373034835,0,0,3,5,1,5,1,5,1,2,1,2
0,5,41,0.056939683854579926,0,1,3,6,1,1,1,1,1,1,1,5
0,5,42,0.004821479320526123,0,1,3,6,1,2,1,2,1,1,1,5
0,5,43,0.17146384716033936,0,1,3,6,1,3,1,3,1,1,1,5
0,5,44,0.01933896169066429,0,1,3,6,1,4,1,4,1,1,1,5
0,7,0,0.00017115614900831133,0,0,3,1,2,0,2,0,1,2,1,4
0,7,1,0.11199664324522018,0,0,3,3,2,1,2,1,1,1,1,1
0,7,2,0.021143894642591476,0,0,3,3,2,1,2,1,1,1,1,1
0,7,6,0.008960596285760403,0,0,3,3,2,1,2,1,1,1,1,1
0,7,9,0.002607847796753049,0,0,3,3,2,2,2,2,1,1,1,1
0,7,10,0.005825744476169348,0,0,3,3,2,2,2,2,1,1,1,1
0,7,13,0.15692511200904846,0,0,3,3,2,3,2,3,1,1,1,1
0,7,15,0.3532804548740387,0,0,3,3,2,3,2,3,1,1,1,1
0,7,18,0.25156572461128235,0,0,3,3,2,3,2,3,1,1,1,1
0,7,24,0.008696209639310837,0,0,3,3,2,4,2,4,1,1,1,1
0,7,25,0.0004782778269145638,0,0,3,3,2,5,2,5,1,1,1,1
0,7,26,0.0003252485184930265,0,0,3,3,2,5,2,5,1,1,1,1
0,7,30,0.00019489492115098983,0,0,3,3,2,5,2,5,1,1,1,1
0,7,31,0.04692358896136284,0,0,3,4,2,1,2,1,1,1,1,1
0,7,35,0.00021850304619874805,0,0,3,4,2,5,2,5,1,1,1,1
0,7,37,0.00014586481847800314,0,0,3,5,2,2,2,2,1,2,1,2
0,7,38,0.002979344455525279,0,0,3,5,2,3,2,3,1,2,1,2
0,7,39,0.0037238234654068947,0,0,3,5,2,4,2,4,1,2,1,2
0,7,40,5.487062935571885e-06,0,0,3,5,2,5,2,5,1,2,1,2
0,7,41,0.0001258541742572561,0,1,3,6,2,1,2,1,1,1,1,5
0,7,42,1.9829503798973747e-05,0,1,3,6,2,2,2,2,1,1,1,5
0,7,43,0.0236688032746315,0,1,3,6,2,3,2,3,1,1,1,5
0,7,44,1.7082475096685812e-05,0,1,3,6,2,4,2,4,1,1,1,5
0,8,0,3.940258829970844e-05,0,0,3,1,2,0,2,0,1,2,1,4
0,8,1,0.1091046929359436,0,0,3,3,2,1,2,1,1,1,1,1
0,8,2,0.009312178939580917,0,0,3,3,2,1,2,1,1,1,1,1
0,8,6,0.009833508171141148,0,0,3,3,2,1,2,1,1,1,1,1
0,8,9,0.001460657105781138,0,0,3,3,2,2,2,2,1,1,1,1
0,8,10,0.0025452261324971914,0,0,3,3,2,2,2,2,1,1,1,1
0,8,13,0.09195785969495773,0,0,3,3,2,3,2,3,1,1,1,1
0,8,15,0.20355689525604248,0,0,3,3,2,3,2,3,1,1,1,1
0,8,18,0.45920151472091675,0,0,3,3,2,3,2,3,1,1,1,1
0,8,24,0.0010968338465318084,0,0,3,3,2,4,2,4,1,1,1,1
0,8,25,7.576700591016561e-05,0,0,3,3,2,5,2,5,1,1,1,1
0,8,26,0.00011908692249562591,0,0,3,3,2,5,2,5,1,1,1,1
0,8,30,8.205573249142617e-05,0,0,3,3,2,5,2,5,1,1,1,1
0,8,31,0.08814232051372528,0,0,3,4,2,1,2,1,1,1,1,1
0,8,35,0.00013875447621103376,0,0,3,4,2,5,2,5,1,1,1,1
0,8,37,7.616007496835664e-05,0,0,3,5,2,2,2,2,1,2,1,2
0,8,38,0.002913496922701597,0,0,3,5,2,3,2,3,1,2,1,2
0,8,39,0.0023400781210511923,0,0,3,5,2,4,2,4,1,2,1,2
0,8,40,2.235293550256756e-06,0,0,3,5,2,5,2,5,1,2,1,2
0,8,41,0.00014436282799579203,0,1,3,6,2,1,2,1,1,1,1,5
0,8,42,9.286261956731323e-06,0,1,3,6,2,2,2,2,1,1,1,5
0,8,43,0.017831258475780487,0,1,3,6,2,3,2,3,1,1,1,5
0,8,44,1.6840873286128044e-05,0,1,3,6,2,4,2,4,1,1,1,5
0,11,0,4.812084080185741e-05,0,0,3,1,2,0,2,0,1,2,1,4
0,11,1,0.07015107572078705,0,0,3,3,2,1,2,1,1,1,1,1
0,11,2,0.0741402730345726,0,0,3,3,2,1,2,1,1,1,1,1
0,11,6,0.007239169906824827,0,0,3,3,2,1,2,1,1,1,1,1
0,11,9,0.0038357519078999758,0,0,3,3,2,2,2,2,1,1,1,1
0,11,10,0.006570578087121248,0,0,3,3,2,2,2,2,1,1,1,1
0,11,13,0.11512456834316254,0,0,3,3,2,3,2,3,1,1,1,1
0,11,15,0.29542455077171326,0,0,3,3,2,3,2,3,1,1,1,1
0,11,18,0.2795403003692627,0,0,3,3,2,3,2,3,1,1,1,1
0,11,24,0.010735800489783287,0,0,3,3,2,4,2,4,1,1,1,1
0,11,25,0.0032352993730455637,0,0,3,3,2,5,2,5,1,1,1,1
0,11,26,0.0013979112263768911,0,0,3,3,2,5,2,5,1,1,1,1
0,11,30,0.0009917622664943337,0,0,3,3,2,5,2,5,1,1,1,1
0,11,31,0.11953794211149216,0,0,3,4,2,1,2,1,1,1,1,1
0,11,35,0.001424408983439207,0,0,3,4,2,5,2,5,1,1,1,1
0,11,37,0.00013418500020634383,0,0,3,5,2,2,2,2,1,2,1,2
0,11,38,0.002090905327349901,0,0,3,5,2,3,2,3,1,2,1,2
0,11,39,0.0032070663291960955,0,0,3,5,2,4,2,4,1,2,1,2
0,11,40,1.5576280929963104e-05,0,0,3,5,2,5,2,5,1,2,1,2
0,11,41,6.601381028303877e-05,0,1,3,6,2,1,2,1,1,1,1,5
0,11,42,1.738720129651483e-05,0,1,3,6,2,2,2,2,1,1,1,5
0,11,43,0.0050659505650401115,0,1,3,6,2,3,2,3,1,1,1,5
0,11,44,5.473399141919799e-06,0,1,3,6,2,4,2,4,1,1,1,5
0,12,0,0.0015395085792988539,0,0,3,1,2,0,2,0,1,2,1,4
0,12,1,0.10063154250383377,0,0,3,3,2,1,2,1,1,1,1,1
0,12,2,0.025522077456116676,0,0,3,3,2,1,2,1,1,1,1,1
0,12,6,0.031546417623758316,0,0,3,3,2,1,2,1,1,1,1,1
0,12,9,0.008250998333096504,0,0,3,3,2,2,2,2,1,1,1,1
0,12,10,0.0117497518658638,0,0,3,3,2,2,2,2,1,1,1,1
0,12,13,0.22810938954353333,0,0,3,3,2,3,2,3,1,1,1,1
0,12,15,0.20065836608409882,0,0,3,3,2,3,2,3,1,1,1,1
0,12,18,0.24363645911216736,0,0,3,3,2,3,2,3,1,1,1,1
0,12,24,0.011913549154996872,0,0,3,3,2,4,2,4,1,1,1,1
0,12,25,0.0006447633495554328,0,0,3,3,2,5,2,5,1,1,1,1
0,12,26,0.0007175732171162963,0,0,3,3,2,5,2,5,1,1,1,1
0,12,30,0.000475508626550436,0,0,3,3,2,5,2,5,1,1,1,1
0,12,31,0.05490104854106903,0,0,3,4,2,1,2,1,1,1,1,1
0,12,35,0.0003989909018855542,0,0,3,4,2,5,2,5,1,1,1,1
0,12,37,0.0007509468123316765,0,0,3,5,2,2,2,2,1,2,1,2
0,12,38,0.010098673403263092,0,0,3,5,2,3,2,3,1,2,1,2
0,12,39,0.008798371069133282,0,0,3,5,2,4,2,4,1,2,1,2
0,12,40,2.2493193682748824e-05,0,0,3,5,2,5,2,5,1,2,1,2
0,12,41,0.0010049870470538735,0,1,3,6,2,1,2,1,1,1,1,5
0,12,42,0.0002379526849836111,0,1,3,6,2,2,2,2,1,1,1,5
0,12,43,0.0582069493830204,0,1,3,6,2,3,2,3,1,1,1,5
0,12,44,0.00018383933638688177,0,1,3,6,2,4,2,4,1,1,1,5
0,14,0,0.0003906709607690573,0,0,3,1,3,0,3,0,1,2,1,4
0,14,1,0.5540753602981567,0,0,3,3,3,1,3,1,1,1,1,1
0,14,2,0.04829755797982216,0,0,3,3,3,1,3,1,1,1,1,1
0,14,6,0.06792252510786057,0,0,3,3,3,1,3,1,1,1,1,1
0,14,9,0.001068927114829421,0,0,3,3,3,2,3,2,1,1,1,1
0,14,10,0.0024930492509156466,0,0,3,3,3,2,3,2,1,1,1,1
0,14,13,0.0030249953269958496,0,0,3,3,3,3,3,3,1,1,1,1
0,14,15,0.0025467542000114918,0,0,3,3,3,3,3,3,1,1,1,1
0,14,18,0.013263113796710968,0,0,3,3,3,3,3,3,1,1,1,1
0,14,24,0.0009942353935912251,0,0,3,3,3,4,3,4,1,1,1,1
0,14,25,0.000248932366957888,0,0,3,3,3,5,3,5,1,1,1,1
0,14,26,0.0004725587787106633,0,0,3,3,3,5,3,5,1,1,1,1
0,14,30,0.000198898691451177,0,0,3,3,3,5,3,5,1,1,1,1
0,14,31,0.23893845081329346,0,0,3,4,3,1,3,1,1,1,1,1
0,14,35,0.00046757905511185527,0,0,3,4,3,5,3,5,1,1,1,1
0,14,37,0.0001853963331086561,0,0,3,5,3,2,3,2,1,2,1,2
0,14,38,7.99461777205579e-05,0,0,3,5,3,3,3,3,1,2,1,2
0,14,39,0.003980530891567469,0,0,3,5,3,4,3,4,1,2,1,2
0,14,40,1.4478893717750907e-05,0,0,3,5,3,5,3,5,1,2,1,2
0,14,41,0.05653011426329613,0,1,3,6,3,1,3,1,1,1,1,5
0,14,42,0.00011376689508324489,0,1,3,6,3,2,3,2,1,1,1,5
0,14,43,0.0034885851200670004,0,1,3,6,3,3,3,3,1,1,1,5
0,14,44,0.0012035327963531017,0,1,3,6,3,4,3,4,1,1,1,5
0,16,0,0.005358727648854256,0,0,3,1,3,0,3,0,1,2,1,4
0,16,1,0.4546068012714386,0,0,3,3,3,1,3,1,1,1,1,1
0,16,2,0.04010573402047157,0,0,3,3,3,1,3,1,1,1,1,1
0,16,6,0.06420634686946869,0,0,3,3,3,1,3,1,1,1,1,1
0,16,9,0.011305560357868671,0,0,3,3,3,2,3,2,1,1,1,1
0,16,10,0.01826939731836319,0,0,3,3,3,2,3,2,1,1,1,1
0,16,13,0.008121957071125507,0,0,3,3,3,3,3,3,1,1,1,1
0,16,15,0.010443681851029396,0,0,3,3,3,3,3,3,1,1,1,1
0,16,18,0.018867265433073044,0,0,3,3,3,3,3,3,1,1,1,1
0,16,24,0.005823701154440641,0,0,3,3,3,4,3,4,1,1,1,1
0,16,25,0.001872646389529109,0,0,3,3,3,5,3,5,1,1,1,1
0,16,26,0.0014520375989377499,0,0,3,3,3,5,3,5,1,1,1,1
0,16,30,0.0007054182351566851,0,0,3,3,3,5,3,5,1,1,1,1
0,16,31,0.20749525725841522,0,0,3,4,3,1,3,1,1,1,1,1
0,16,35,0.003254632232710719,0,0,3,4,3,5,3,5,1,1,1,1
0,16,37,0.005991435144096613,0,0,3,5,3,2,3,2,1,2,1,2
0,16,38,0.0037765144370496273,0,0,3,5,3,3,3,3,1,2,1,2
0,16,39,0.02281067706644535,0,0,3,5,3,4,3,4,1,2,1,2
0,16,40,0.0004731882072519511,0,0,3,5,3,5,3,5,1,2,1,2
0,16,41,0.06162186339497566,0,1,3,6,3,1,3,1,1,1,1,5
0,16,42,0.00300072249956429,0,1,3,6,3,2,3,2,1,1,1,5
0,16,43,0.04206138849258423,0,1,3,6,3,3,3,3,1,1,1,5
0,16,44,0.00837498065084219,0,1,3,6,3,4,3,4,1,1,1,5
0,17,0,0.0011964553268626332,0,0,3,1,3,0,3,0,1,2,1,4
0,17,1,0.42088139057159424,0,0,3,3,3,1,3,1,1,1,1,1
0,17,2,0.039255984127521515,0,0,3,3,3,1,3,1,1,1,1,1
0,17,6,0.022546952590346336,0,0,3,3,3,1,3,1,1,1,1,1
0,17,9,0.0018277898197993636,0,0,3,3,3,2,3,2,1,1,1,1
0,17,10,0.004742024466395378,0,0,3,3,3,2,3,2,1,1,1,1
0,17,13,0.010701394639909267,0,0,3,3,3,3,3,3,1,1,1,1
0,17,15,0.005146942567080259,0,0,3,3,3,3,3,3,1,1,1,1
0,17,18,0.00778734777122736,0,0,3,3,3,3,3,3,1,1,1,1
0,17,24,0.0023784569930285215,0,0,3,3,3,4,3,4,1,1,1,1
0,17,25,0.0015847800532355905,0,0,3,3,3,5,3,5,1,1,1,1
0,17,26,0.0007752140518277884,0,0,3,3,3,5,3,5,1,1,1,1
0,17,30,0.0005028833402320743,0,0,3,3,3,5,3,5,1,1,1,1
0,17,31,0.3785310685634613,0,0,3,4,3,1,3,1,1,1,1,1
0,17,35,0.0035129468888044357,0,0,3,4,3,5,3,5,1,1,1,1
0,17,37,0.0007745265029370785,0,0,3,5,3,2,3,2,1,2,1,2
0,17,38,0.00036526768235489726,0,0,3,5,3,3,3,3,1,2,1,2
0,17,39,0.008286256343126297,0,0,3,5,3,4,3,4,1,2,1,2
0,17,40,0.0001707081391941756,0,0,3,5,3,5,3,5,1,2,1,2
0,17,41,0.04151732474565506,0,1,3,6,3,1,3,1,1,1,1,5
0,17,42,0.0016702692955732346,0,1,3,6,3,2,3,2,1,1,1,5
0,17,43,0.04010390117764473,0,1,3,6,3,3,3,3,1,1,1,5
0,17,44,0.005740521941334009,0,1,3,6,3,4,3,4,1,1,1,5
0,19,0,5.2500505262287334e-05,0,0,3,1,4,0,4,0,1,2,1,4
0,19,1,0.49550166726112366,0,0,3,3,4,1,4,1,1,1,1,1
0,19,2,0.039247192442417145,0,0,3,3,4,1,4,1,1,1,1,1
0,19,6,0.009697657078504562,0,0,3,3,4,1,4,1,1,1,1,1
0,19,9,0.0002564240130595863,0,0,3,3,4,2,4,2,1,1,1,1
0,19,10,0.000774803978856653,0,0,3,3,4,2,4,2,1,1,1,1
0,19,13,0.0004195959772914648,0,0,3,3,4,3,4,3,1,1,1,1
0,19,15,0.0002610360970720649,0,0,3,3,4,3,4,3,1,1,1,1
0,19,18,0.0006425956380553544,0,0,3,3,4,3,4,3,1,1,1,1
0,19,24,0.0005033203633502126,0,0,3,3,4,4,4,4,1,1,1,1
0,19,25,0.0013120557414367795,0,0,3,3,4,5,4,5,1,1,1,1
0,19,26,0.0002629859955050051,0,0,3,3,4,5,4,5,1,1,1,1
0,19,30,9.257198689738289e-05,0,0,3,3,4,5,4,5,1,1,1,1
0,19,31,0.4384946823120117,0,0,3,4,4,1,4,1,1,1,1,1
0,19,35,0.0015079930890351534,0,0,3,4,4,5,4,5,1,1,1,1
0,19,37,5.4148604249348864e-05,0,0,3,5,4,2,4,2,1,2,1,2
0,19,38,1.1476408872113097e-05,0,0,3,5,4,3,4,3,1,2,1,2
0,19,39,0.0009947418002411723,0,0,3,5,4,4,4,4,1,2,1,2
0,19,40,2.5597926651244052e-05,0,0,3,5,4,5,4,5,1,2,1,2
0,19,41,0.007104140240699053,0,1,3,6,4,1,4,1,1,1,1,5
0,19,42,8.542933210264891e-05,0,1,3,6,4,2,4,2,1,1,1,5
0,19,43,0.0023017865605652332,0,1,3,6,4,3,4,3,1,1,1,5
0,19,44,0.00039579119766131043,0,1,3,6,4,4,4,4,1,1,1,5
0,20,0,6.861137808300555e-05,0,0,3,1,4,0,4,0,1,2,1,4
0,20,1,0.21798528730869293,0,0,3,3,4,1,4,1,1,1,1,1
0,20,2,0.5058996081352234,0,0,3,3,4,1,4,1,1,1,1,1
0,20,6,0.04139542952179909,0,0,3,3,4,1,4,1,1,1,1,1
0,20,9,0.0028168384451419115,0,0,3,3,4,2,4,2,1,1,1,1
0,20,10,0.0016879128525033593,0,0,3,3,4,2,4,2,1,1,1,1
0,20,13,0.0002817099157255143,0,0,3,3,4,3,4,3,1,1,1,1
0,20,15,0.000275001279078424,0,0,3,3,4,3,4,3,1,1,1,1
0,20,18,0.0015061614103615284,0,0,3,3,4,3,4,3,1,1,1,1
0,20,24,0.006057111546397209,0,0,3,3,4,4,4,4,1,1,1,1
0,20,25,0.00888766162097454,0,0,3,3,4,5,4,5,1,1,1,1
0,20,26,0.003412311663851142,0,0,3,3,4,5,4,5,1,1,1,1
0,20,30,0.002937144134193659,0,0,3,3,4,5,4,5,1,1,1,1
0,20,31,0.166886106133461,0,0,3,4,4,1,4,1,1,1,1,1
0,20,35,0.004127493128180504,0,0,3,4,4,5,4,5,1,1,1,1
0,20,37,0.00015529898519162089,0,0,3,5,4,2,4,2,1,2,1,2
0,20,38,3.552604994183639e-06,0,0,3,5,4,3,4,3,1,2,1,2
0,20,39,0.0019319020211696625,0,0,3,5,4,4,4,4,1,2,1,2
0,20,40,5.455333666759543e-05,0,0,3,5,4,5,4,5,1,2,1,2
0,20,41,0.03276882320642471,0,1,3,6,4,1,4,1,1,1,1,5
0,20,42,0.00017516464868094772,0,1,3,6,4,2,4,2,1,1,1,5
0,20,43,0.00041250791400671005,0,1,3,6,4,3,4,3,1,1,1,5
0,20,44,0.0002741567441262305,0,1,3,6,4,4,4,4,1,1,1,5
0,21,0,0.0004939934588037431,0,0,3,1,4,0,4,0,1,2,1,4
0,21,1,0.4928544759750366,0,0,3,3,4,1,4,1,1,1,1,1
0,21,2,0.23633849620819092,0,0,3,3,4,1,4,1,1,1,1,1
0,21,6,0.03508184477686882,0,0,3,3,4,1,4,1,1,1,1,1
0,21,9,0.00021828820172231644,0,0,3,3,4,2,4,2,1,1,1,1
0,21,10,0.0003976224979851395,0,0,3,3,4,2,4,2,1,1,1,1
0,21,13,8.948432514443994e-05,0,0,3,3,4,3,4,3,1,1,1,1
0,21,15,4.130010711378418e-05,0,0,3,3,4,3,4,3,1,1,1,1
0,21,18,0.0001386618969263509,0,0,3,3,4,3,4,3,1,1,1,1
0,21,24,0.00375698902644217,0,0,3,3,4,4,4,4,1,1,1,1
0,21,25,0.002756042405962944,0,0,3,3,4,5,4,5,1,1,1,1
0,21,26,0.0005144317983649671,0,0,3,3,4,5,4,5,1,1,1,1
0,21,30,0.0003119883476756513,0,0,3,3,4,5,4,5,1,1,1,1
0,21,31,0.06874103099107742,0,0,3,4,4,1,4,1,1,1,1,1
0,21,35,0.000897300080396235,0,0,3,4,4,5,4,5,1,1,1,1
0,21,37,0.0001287830964429304,0,0,3,5,4,2,4,2,1,2,1,2
0,21,38,2.7866165055456804e-06,0,0,3,5,4,3,4,3,1,2,1,2
0,21,39,0.007063562050461769,0,0,3,5,4,4,4,4,1,2,1,2
0,21,40,0.00011113257642136887,0,0,3,5,4,5,4,5,1,2,1,2
0,21,41,0.14833001792430878,0,1,3,6,4,1,4,1,1,1,1,5
0,21,42,8.435871859546751e-05,0,1,3,6,4,2,4,2,1,1,1,5
0,21,43,0.0003457851998973638,0,1,3,6,4,3,4,3,1,1,1,5
0,21,44,0.0013018931495025754,0,1,3,6,4,4,4,4,1,1,1,5
0,22,0,9.926770871970803e-05,0,0,3,1,4,0,4,0,1,2,1,4
0,22,1,0.23539970815181732,0,0,3,3,4,1,4,1,1,1,1,1
0,22,2,0.04679561033844948,0,0,3,3,4,1,4,1,1,1,1,1
0,22,6,0.03554312139749527,0,0,3,3,4,1,4,1,1,1,1,1
0,22,9,0.0002932696952484548,0,0,3,3,4,2,4,2,1,1,1,1
0,22,10,0.0001710251090116799,0,0,3,3,4,2,4,2,1,1,1,1
0,22,13,3.369263140484691e-05,0,0,3,3,4,3,4,3,1,1,1,1
0,22,15,1.2199000593682285e-05,0,0,3,3,4,3,4,3,1,1,1,1
0,22,18,9.877278353087604e-05,0,0,3,3,4,3,4,3,1,1,1,1
0,22,24,0.0002955037634819746,0,0,3,3,4,4,4,4,1,1,1,1
0,22,25,0.0002056611847365275,0,0,3,3,4,5,4,5,1,1,1,1
0,22,26,0.00021449290215969086,0,0,3,3,4,5,4,5,1,1,1,1
0,22,30,0.00021342610125429928,0,0,3,3,4,5,4,5,1,1,1,1
0,22,31,0.055313821882009506,0,0,3,4,4,1,4,1,1,1,1,1
0,22,35,0.0003663960669655353,0,0,3,4,4,5,4,5,1,1,1,1
0,22,37,7.00536766089499e-05,0,0,3,5,4,2,4,2,1,2,1,2
0,22,38,4.2994608406843327e-07,0,0,3,5,4,3,4,3,1,2,1,2
0,22,39,0.0007346183992922306,0,0,3,5,4,4,4,4,1,2,1,2
0,22,40,1.3758250133832917e-05,0,0,3,5,4,5,4,5,1,2,1,2
0,22,41,0.6185758709907532,0,1,3,6,4,1,4,1,1,1,1,5
0,22,42,0.00030201947083696723,0,1,3,6,4,2,4,2,1,1,1,5
0,22,43,0.0006667437264695764,0,1,3,6,4,3,4,3,1,1,1,5
0,22,44,0.004579999949783087,0,1,3,6,4,4,4,4,1,1,1,5
0,23,0,0.0007692879880778491,0,0,3,1,4,0,4,0,1,2,1,4
0,23,1,0.529191792011261,0,0,3,3,4,1,4,1,1,1,1,1
0,23,2,0.2157706916332245,0,0,3,3,4,1,4,1,1,1,1,1
0,23,6,0.053113508969545364,0,0,3,3,4,1,4,1,1,1,1,1
0,23,9,0.0009416418033652008,0,0,3,3,4,2,4,2,1,1,1,1
0,23,10,0.001499264850281179,0,0,3,3,4,2,4,2,1,1,1,1
0,23,13,0.0003878168645314872,0,0,3,3,4,3,4,3,1,1,1,1
0,23,15,0.0005440813838504255,0,0,3,3,4,3,4,3,1,1,1,1
0,23,18,0.0020713554695248604,0,0,3,3,4,3,4,3,1,1,1,1
0,23,24,0.005811918992549181,0,0,3,3,4,4,4,4,1,1,1,1
0,23,25,0.004616063553839922,0,0,3,3,4,5,4,5,1,1,1,1
0,23,26,0.0015297196805477142,0,0,3,3,4,5,4,5,1,1,1,1
0,23,30,0.0012661367654800415,0,0,3,3,4,5,4,5,1,1,1,1
0,23,31,0.08480767905712128,0,0,3,4,4,1,4,1,1,1,1,1
0,23,35,0.0022065762896090746,0,0,3,4,4,5,4,5,1,1,1,1
0,23,37,0.00048485377919860184,0,0,3,5,4,2,4,2,1,2,1,2
0,23,38,3.6010351323056966e-05,0,0,3,5,4,3,4,3,1,2,1,2
0,23,39,0.013995805755257607,0,0,3,5,4,4,4,4,1,2,1,2
0,23,40,0.00038332416443154216,0,0,3,5,4,5,4,5,1,2,1,2
0,23,41,0.07834445685148239,0,1,3,6,4,1,4,1,1,1,1,5
0,23,42,9.190472337650135e-05,0,1,3,6,4,2,4,2,1,1,1,5
0,23,43,0.0008242487674579024,0,1,3,6,4,3,4,3,1,1,1,5
0,23,44,0.001312362146563828,0,1,3,6,4,4,4,4,1,1,1,5
0,27,0,0.010984435677528381,0,0,3,1,5,0,5,0,1,2,1,4
0,27,1,0.2702479660511017,0,0,3,3,5,1,5,1,1,1,1,1
0,27,2,0.01608419418334961,0,0,3,3,5,1,5,1,1,1,1,1
0,27,6,0.0236709862947464,0,0,3,3,5,1,5,1,1,1,1,1
0,27,9,0.0009495964040979743,0,0,3,3,5,2,5,2,1,1,1,1
0,27,10,0.006330965086817741,0,0,3,3,5,2,5,2,1,1,1,1
0,27,13,0.130160853266716,0,0,3,3,5,3,5,3,1,1,1,1
0,27,15,0.11224192380905151,0,0,3,3,5,3,5,3,1,1,1,1
0,27,18,0.1239030584692955,0,0,3,3,5,3,5,3,1,1,1,1
0,27,24,0.004760625772178173,0,0,3,3,5,4,5,4,1,1,1,1
0,27,25,0.0006359131657518446,0,0,3,3,5,5,5,5,1,1,1,1
0,27,26,0.0013637547381222248,0,0,3,3,5,5,5,5,1,1,1,1
0,27,30,0.0005510244518518448,0,0,3,3,5,5,5,5,1,1,1,1
0,27,31,0.12221302837133408,0,0,3,4,5,1,5,1,1,1,1,1
0,27,35,0.0009928821818903089,0,0,3,4,5,5,5,5,1,1,1,1
0,27,37,0.0010610896861180663,0,0,3,5,5,2,5,2,1,2,1,2
0,27,38,0.007060763891786337,0,0,3,5,5,3,5,3,1,2,1,2
0,27,39,0.02966107241809368,0,0,3,5,5,4,5,4,1,2,1,2
0,27,40,0.00021111812384333462,0,0,3,5,5,5,5,5,1,2,1,2
0,27,41,0.04789856821298599,0,1,3,6,5,1,5,1,1,1,1,5
0,27,42,0.0007371872197836637,0,1,3,6,5,2,5,2,1,1,1,5
0,27,43,0.07493653893470764,0,1,3,6,5,3,5,3,1,1,1,5
0,27,44,0.013342528603971004,0,1,3,6,5,4,5,4,1,1,1,5
0,28,0,0.006616022903472185,0,0,3,1,5,0,5,0,1,2,1,4
0,28,1,0.20457910001277924,0,0,3,3,5,1,5,1,1,1,1,1
0,28,2,0.002547093667089939,0,0,3,3,5,1,5,1,1,1,1,1
0,28,6,0.015624796971678734,0,0,3,3,5,1,5,1,1,1,1,1
0,28,9,0.0010790856322273612,0,0,3,3,5,2,5,2,1,1,1,1
0,28,10,0.003753477241843939,0,0,3,3,5,2,5,2,1,1,1,1
0,28,13,0.08293844014406204,0,0,3,3,5,3,5,3,1,1,1,1
0,28,15,0.07603540271520615,0,0,3,3,5,3,5,3,1,1,1,1
0,28,18,0.049061644822359085,0,0,3,3,5,3,5,3,1,1,1,1
0,28,24,0.0014065888244658709,0,0,3,3,5,4,5,4,1,1,1,1
0,28,25,0.00027793418848887086,0,0,3,3,5,5,5,5,1,1,1,1
0,28,26,0.00027817589580081403,0,0,3,3,5,5,5,5,1,1,1,1
0,28,30,0.00014037925575394183,0,0,3,3,5,5,5,5,1,1,1,1
0,28,31,0.11121559143066406,0,0,3,4,5,1,5,1,1,1,1,1
0,28,35,0.0007947369012981653,0,0,3,4,5,5,5,5,1,1,1,1
0,28,37,0.0033877042587846518,0,0,3,5,5,2,5,2,1,2,1,2
0,28,38,0.09923040866851807,0,0,3,5,5,3,5,3,1,2,1,2
0,28,39,0.027113037183880806,0,0,3,5,5,4,5,4,1,2,1,2
0,28,40,0.0008503184653818607,0,0,3,5,5,5,5,5,1,2,1,2
0,28,41,0.009468767791986465,0,1,3,6,5,1,5,1,1,1,1,5
0,28,42,0.0017124409787356853,0,1,3,6,5,2,5,2,1,1,1,5
0,28,43,0.28794875741004944,0,1,3,6,5,3,5,3,1,1,1,5
0,28,44,0.013940015807747841,0,1,3,6,5,4,5,4,1,1,1,5
0,29,0,0.010167712345719337,0,0,3,1,5,0,5,0,1,2,1,4
0,29,1,0.23420897126197815,0,0,3,3,5,1,5,1,1,1,1,1
0,29,2,0.032908760011196136,0,0,3,3,5,1,5,1,1,1,1,1
0,29,6,0.03195246309041977,0,0,3,3,5,1,5,1,1,1,1,1
0,29,9,0.0028145317919552326,0,0,3,3,5,2,5,2,1,1,1,1
0,29,10,0.0037354459054768085,0,0,3,3,5,2,5,2,1,1,1,1
0,29,13,0.062105126678943634,0,0,3,3,5,3,5,3,1,1,1,1
0,29,15,0.055246297270059586,0,0,3,3,5,3,5,3,1,1,1,1
0,29,18,0.03792724385857582,0,0,3,3,5,3,5,3,1,1,1,1
0,29,24,0.013674089685082436,0,0,3,3,5,4,5,4,1,1,1,1
0,29,25,0.002418855670839548,0,0,3,3,5,5,5,5,1,1,1,1
0,29,26,0.0009558236342854798,0,0,3,3,5,5,5,5,1,1,1,1
0,29,30,0.0007582709076814353,0,0,3,3,5,5,5,5,1,1,1,1
0,29,31,0.0927547737956047,0,0,3,4,5,1,5,1,1,1,1,1
0,29,35,0.001637849723920226,0,0,3,4,5,5,5,5,1,1,1,1
0,29,37,0.007631175220012665,0,0,3,5,5,2,5,2,1,2,1,2
0,29,38,0.08322238177061081,0,0,3,5,5,3,5,3,1,2,1,2
0,29,39,0.15078605711460114,0,0,3,5,5,4,5,4,1,2,1,2
0,29,40,0.0024789765011519194,0,0,3,5,5,5,5,5,1,2,1,2
0,29,41,0.026453739032149315,0,1,3,6,5,1,5,1,1,1,1,5
0,29,42,0.0024961328599601984,0,1,3,6,5,2,5,2,1,1,1,5
0,29,43,0.13215039670467377,0,1,3,6,5,3,5,3,1,1,1,5
0,29,44,0.011515194550156593,0,1,3,6,5,4,5,4,1,1,1,5
0,32,0,9.297694487031549e-05,0,0,4,1,2,0,2,0,1,2,1,4
0,32,1,0.007074134889990091,0,0,4,3,2,1,2,1,1,1,1,1
0,32,2,0.0018947561038658023,0,0,4,3,2,1,2,1,1,1,1,1
0,32,6,0.0004594846395775676,0,0,4,3,2,1,2,1,1,1,1,1
0,32,9,0.0007685327436774969,0,0,4,3,2,2,2,2,1,1,1,1
0,32,10,0.0032476941123604774,0,0,4,3,2,2,2,2,1,1,1,1
0,32,13,0.13559892773628235,0,0,4,3,2,3,2,3,1,1,1,1
0,32,15,0.37996065616607666,0,0,4,3,2,3,2,3,1,1,1,1
0,32,18,0.4419666528701782,0,0,4,3,2,3,2,3,1,1,1,1
0,32,24,0.0012988772941753268,0,0,4,3,2,4,2,4,1,1,1,1
0,32,25,5.388775753090158e-05,0,0,4,3,2,5,2,5,1,1,1,1
0,32,26,0.00015766292926855385,0,0,4,3,2,5,2,5,1,1,1,1
0,32,30,9.299041266785935e-05,0,0,4,3,2,5,2,5,1,1,1,1
0,32,31,0.0059342277236282825,0,0,4,4,2,1,2,1,1,1,1,1
0,32,35,5.6238084653159603e-05,0,0,4,4,2,5,2,5,1,1,1,1
0,32,37,2.212566505477298e-05,0,0,4,5,2,2,2,2,1,2,1,2
0,32,38,0.0003448128409218043,0,0,4,5,2,3,2,3,1,2,1,2
0,32,39,0.0005773127195425332,0,0,4,5,2,4,2,4,1,2,1,2
0,32,40,2.8582792310771765e-07,0,0,4,5,2,5,2,5,1,2,1,2
0,32,41,5.386134216678329e-05,0,1,4,6,2,1,2,1,1,1,1,5
0,32,42,1.0729216228355654e-05,0,1,4,6,2,2,2,2,1,1,1,5
0,32,43,0.020316043868660927,0,1,4,6,2,3,2,3,1,1,1,5
0,32,44,1.7223190297954716e-05,0,1,4,6,2,4,2,4,1,1,1,5
0,33,0,0.00635871384292841,0,0,4,1,3,0,3,0,1,2,1,4
0,33,1,0.5387642979621887,0,0,4,3,3,1,3,1,1,1,1,1
0,33,2,0.07264968007802963,0,0,4,3,3,1,3,1,1,1,1,1
0,33,6,0.03837062045931816,0,0,4,3,3,1,3,1,1,1,1,1
0,33,9,0.0020297993905842304,0,0,4,3,3,2,3,2,1,1,1,1
0,33,10,0.00999437179416418,0,0,4,3,3,2,3,2,1,1,1,1
0,33,13,0.005653723608702421,0,0,4,3,3,3,3,3,1,1,1,1
0,33,15,0.00638944748789072,0,0,4,3,3,3,3,3,1,1,1,1
0,33,18,0.008404446765780449,0,0,4,3,3,3,3,3,1,1,1,1
0,33,24,0.007210275623947382,0,0,4,3,3,4,3,4,1,1,1,1
0,33,25,0.003922846633940935,0,0,4,3,3,5,3,5,1,1,1,1
0,33,26,0.0038306722417473793,0,0,4,3,3,5,3,5,1,1,1,1
0,33,30,0.0010723043233156204,0,0,4,3,3,5,3,5,1,1,1,1
0,33,31,0.18943434953689575,0,0,4,4,3,1,3,1,1,1,1,1
0,33,35,0.0030925569590181112,0,0,4,4,3,5,3,5,1,1,1,1
0,33,37,0.0010356855345889926,0,0,4,5,3,2,3,2,1,2,1,2
0,33,38,0.00028686251607723534,0,0,4,5,3,3,3,3,1,2,1,2
0,33,39,0.012641399167478085,0,0,4,5,3,4,3,4,1,2,1,2
0,33,40,0.0003081659378949553,0,0,4,5,3,5,3,5,1,2,1,2
0,33,41,0.07329397648572922,0,1,4,6,3,1,3,1,1,1,1,5
0,33,42,0.0008195994887501001,0,1,4,6,3,2,3,2,1,1,1,5
0,33,43,0.008393199183046818,0,1,4,6,3,3,3,3,1,1,1,5
0,33,44,0.006043008994311094,0,1,4,6,3,4,3,4,1,1,1,5
0,34,0,0.0008710204856470227,0,0,4,1,4,0,4,0,1,2,1,4
0,34,1,0.5644838213920593,0,0,4,3,4,1,4,1,1,1,1,1
0,34,2,0.09076061099767685,0,0,4,3,4,1,4,1,1,1,1,1
0,34,6,0.013384656049311161,0,0,4,3,4,1,4,1,1,1,1,1
0,34,9,0.00022076789173297584,0,0,4,3,4,2,4,2,1,1,1,1
0,34,10,0.0013290412025526166,0,0,4,3,4,2,4,2,1,1,1,1
0,34,13,0.0007283121813088655,0,0,4,3,4,3,4,3,1,1,1,1
0,34,15,0.0008191317319869995,0,0,4,3,4,3,4,3,1,1,1,1
0,34,18,0.0019960624631494284,0,0,4,3,4,3,4,3,1,1,1,1
0,34,24,0.0030807433649897575,0,0,4,3,4,4,4,4,1,1,1,1
0,34,25,0.001409005606546998,0,0,4,3,4,5,4,5,1,1,1,1
0,34,26,0.0007508433773182333,0,0,4,3,4,5,4,5,1,1,1,1
0,34,30,0.00024175693397410214,0,0,4,3,4,5,4,5,1,1,1,1
0,34,31,0.15084631741046906,0,0,4,4,4,1,4,1,1,1,1,1
0,34,35,0.0011431589955464005,0,0,4,4,4,5,4,5,1,1,1,1
0,34,37,0.0001592064945725724,0,0,4,5,4,2,4,2,1,2,1,2
0,34,38,1.6767700799391605e-05,0,0,4,5,4,3,4,3,1,2,1,2
0,34,39,0.012321478687226772,0,0,4,5,4,4,4,4,1,2,1,2
0,34,40,7.343764445977286e-05,0,0,4,5,4,5,4,5,1,2,1,2
0,34,41,0.14879213273525238,0,1,4,6,4,1,4,1,1,1,1,5
0,34,42,0.00013022200437262654,0,1,4,6,4,2,4,2,1,1,1,5
0,34,43,0.0020457778591662645,0,1,4,6,4,3,4,3,1,1,1,5
0,34,44,0.004395367577672005,0,1,4,6,4,4,4,4,1,1,1,5
0,36,0,0.7095206379890442,0,0,5,1,1,0,1,0,2,2,2,4
0,36,1,0.00014942440611775964,0,0,5,3,1,1,1,1,2,1,2,1
0,36,2,0.00010920885688392445,0,0,5,3,1,1,1,1,2,1,2,1
0,36,6,0.0005802479572594166,0,0,5,3,1,1,1,1,2,1,2,1
0,36,9,0.0008859464433044195,0,0,5,3,1,2,1,2,2,1,2,1
0,36,10,0.0011328619439154863,0,0,5,3,1,2,1,2,2,1,2,1
0,36,13,3.0804254492977634e-05,0,0,5,3,1,3,1,3,2,1,2,1
0,36,15,7.482383807655424e-06,0,0,5,3,1,3,1,3,2,1,2,1
0,36,18,3.930618186132051e-05,0,0,5,3,1,3,1,3,2,1,2,1
0,36,24,0.0002034133649431169,0,0,5,3,1,4,1,4,2,1,2,1
0,36,25,0.0003747589362319559,0,0,5,3,1,5,1,5,2,1,2,1
0,36,26,0.0012424996821209788,0,0,5,3,1,5,1,5,2,1,2,1
0,36,30,0.0021975720301270485,0,0,5,3,1,5,1,5,2,1,2,1
0,36,31,9.600575867807493e-05,0,0,5,4,1,1,1,1,2,1,2,1
0,36,35,0.0007715135579928756,0,0,5,4,1,5,1,5,2,1,2,1
0,36,37,0.006156043149530888,0,0,5,5,1,2,1,2,2,2,2,2
0,36,38,4.275688843335956e-05,0,0,5,5,1,3,1,3,2,2,2,2
0,36,39,0.001169022754766047,0,0,5,5,1,4,1,4,2,2,2,2
0,36,40,0.0047125257551670074,0,0,5,5,1,5,1,5,2,2,2,2
0,36,41,0.05377267301082611,0,1,5,6,1,1,1,1,2,1,2,5
0,36,42,0.0440756157040596,0,1,5,6,1,2,1,2,2,1,2,5
0,36,43,0.005480794236063957,0,1,5,6,1,3,1,3,2,1,2,5
0,36,44,0.16724881529808044,0,1,5,6,1,4,1,4,2,1,2,5
0,45,0,0.01384721975773573,1,0,6,1,5,0,5,0,1,2,5,4
0,45,1,0.004462244920432568,1,0,6,3,5,1,5,1,1,1,5,1
0,45,2,0.012746866792440414,1,0,6,3,5,1,5,1,1,1,5,1
0,45,6,0.0014410342555493116,1,0,6,3,5,1,5,1,1,1,5,1
0,45,9,0.0038113812915980816,1,0,6,3,5,2,5,2,1,1,5,1
0,45,10,0.023499853909015656,1,0,6,3,5,2,5,2,1,1,5,1
0,45,13,0.4790898263454437,1,0,6,3,5,3,5,3,1,1,5,1
0,45,15,0.27473726868629456,1,0,6,3,5,3,5,3,1,1,5,1
0,45,18,0.02670702151954174,1,0,6,3,5,3,5,3,1,1,5,1
0,45,24,0.04588165879249573,1,0,6,3,5,4,5,4,1,1,5,1
0,45,25,0.027564218267798424,1,0,6,3,5,5,5,5,1,1,5,1
0,45,26,0.009469443000853062,1,0,6,3,5,5,5,5,1,1,5,1
0,45,30,0.003501706290990114,1,0,6,3,5,5,5,5,1,1,5,1
0,45,31,0.00947042927145958,1,0,6,4,5,1,5,1,1,1,5,1
0,45,35,0.005392805673182011,1,0,6,4,5,5,5,5,1,1,5,1
0,45,37,0.0023104073479771614,1,0,6,5,5,2,5,2,1,2,5,2
0,45,38,0.020009497180581093,1,0,6,5,5,3,5,3,1,2,5,2
0,45,39,0.005022804718464613,1,0,6,5,5,4,5,4,1,2,5,2
0,45,40,0.0005064102588221431,1,0,6,5,5,5,5,5,1,2,5,2
0,45,41,0.0026183263398706913,1,1,6,6,5,1,5,1,1,1,5,5
0,45,42,0.005736914463341236,1,1,6,6,5,2,5,2,1,1,5,5
0,45,43,0.020349932834506035,1,1,6,6,5,3,5,3,1,1,5,5
0,45,44,0.0018226493848487735,1,1,6,6,5,4,5,4,1,1,5,5
0,46,0,0.0033728736452758312,2,0,7,1,0,0,0,0,0,2,4,4
0,46,1,0.04316704347729683,2,0,7,3,0,1,0,1,0,1,4,1
0,46,2,0.2813453674316406,2,0,7,3,0,1,0,1,0,1,4,1
0,46,6,0.07545113563537598,2,0,7,3,0,1,0,1,0,1,4,1
0,46,9,0.003178064478561282,2,0,7,3,0,2,0,2,0,1,4,1
0,46,10,0.0019289837218821049,2,0,7,3,0,2,0,2,0,1,4,1
0,46,13,2.900852450693492e-05,2,0,7,3,0,3,0,3,0,1,4,1
0,46,15,3.739868043339811e-05,2,0,7,3,0,3,0,3,0,1,4,1
0,46,18,0.0008958976832218468,2,0,7,3,0,3,0,3,0,1,4,1
0,46,24,0.007087065372616053,2,0,7,3,0,4,0,4,0,1,4,1
0,46,25,0.012914394028484821,2,0,7,3,0,5,0,5,0,1,4,1
0,46,26,0.0559329017996788,2,0,7,3,0,5,0,5,0,1,4,1
0,46,30,0.09724226593971252,2,0,7,3,0,5,0,5,0,1,4,1
0,46,31,0.007159941829741001,2,0,7,4,0,1,0,1,0,1,4,1
0,46,35,0.012016024440526962,2,0,7,4,0,5,0,5,0,1,4,1
0,46,37,0.0006490202504210174,2,0,7,5,0,2,0,2,0,2,4,2
0,46,38,7.985478305272409e-07,2,0,7,5,0,3,0,3,0,2,4,2
0,46,39,0.004271937999874353,2,0,7,5,0,4,0,4,0,2,4,2
0,46,40,0.0028865488711744547,2,0,7,5,0,5,0,5,0,2,4,2
0,46,41,0.3851672410964966,2,1,7,6,0,1,0,1,0,1,4,5
0,46,42,0.0003194680321030319,2,1,7,6,0,2,0,2,0,1,4,5
0,46,43,3.2531374017708004e-05,2,1,7,6,0,3,0,3,0,1,4,5
0,46,44,0.004914324730634689,2,1,7,6,0,4,0,4,0,1,4,5
1,0,3,0.00011391993757570162,0,0,1,3,0,1,0,1,2,1,4,1
1,0,4,0.00013354464317671955,0,0,1,3,0,1,0,1,2,1,4,1
1,0,5,0.002312015276402235,0,0,1,3,0,1,0,1,2,1,4,1
1,0,7,1.3669441614183597e-05,0,0,1,3,0,2,0,2,2,1,4,1
1,0,8,9.176502317131963e-06,0,0,1,3,0,2,0,2,2,1,4,1
1,0,11,3.2661546356393956e-06,0,0,1,3,0,2,0,2,2,1,4,1
1,0,12,8.118079858832061e-05,0,0,1,3,0,2,0,2,2,1,4,1
1,0,14,6.1907062445243355e-06,0,0,1,3,0,3,0,3,2,1,4,1
1,0,16,0.0006607204559259117,0,0,1,3,0,3,0,3,2,1,4,1
1,0,17,0.00011447742144810036,0,0,1,3,0,3,0,3,2,1,4,1
1,0,19,0.0008983834413811564,0,0,1,3,0,4,0,4,2,1,4,1
1,0,20,0.0025593894533813,0,0,1,3,0,4,0,4,2,1,4,1
1,0,21,0.001073702471330762,0,0,1,3,0,4,0,4,2,1,4,1
1,0,22,0.0031435724813491106,0,0,1,3,0,4,0,4,2,1,4,1
1,0,23,0.0015389329055324197,0,0,1,3,0,4,0,4,2,1,4,1
1,0,27,3.205760367563926e-05,0,0,1,3,0,5,0,5,2,1,4,1
1,0,28,3.368114266777411e-05,0,0,1,3,0,5,0,5,2,1,4,1
1,0,29,3.6800385714741424e-05,0,0,1,3,0,5,0,5,2,1,4,1
1,0,32,0.0003925237397197634,0,0,1,4,0,2,0,2,2,1,4,1
1,0,33,0.007461099419742823,0,0,1,4,0,3,0,3,2,1,4,1
1,0,34,0.7692388892173767,0,0,1,4,0,4,0,4,2,1,4,1
1,0,36,0.1972842812538147,0,0,1,5,0,1,0,1,2,2,4,2
1,0,45,0.0010063507361337543,0,1,1,6,0,5,0,5,2,1,4,5
1,0,46,0.011852500960230827,0,2,1,7,0,0,0,0,2,0,4,4
1,1,3,0.009071732871234417,0,0,3,3,1,1,1,1,1,1,1,1
1,1,4,0.04628374055027962,0,0,3,3,1,1,1,1,1,1,1,1
1,1,5,0.04687541350722313,0,0,3,3,1,1,1,1,1,1,1,1
1,1,7,0.00655573233962059,0,0,3,3,1,2,1,2,1,1,1,1
1,1,8,0.0008282055496238172,0,0,3,3,1,2,1,2,1,1,1,1
1,1,11,0.004686354193836451,0,0,3,3,1,2,1,2,1,1,1,1
1,1,12,0.0009649156127125025,0,0,3,3,1,2,1,2,1,1,1,1
1,1,14,0.014158871956169605,0,0,3,3,1,3,1,3,1,1,1,1
1,1,16,0.011263066902756691,0,0,3,3,1,3,1,3,1,1,1,1
1,1,17,0.014598689042031765,0,0,3,3,1,3,1,3,1,1,1,1
1,1,19,0.002996241208165884,0,0,3,3,1,4,1,4,1,1,1,1
1,1,20,0.00023856648476794362,0,0,3,3,1,4,1,4,1,1,1,1
1,1,21,0.0029637122061103582,0,0,3,3,1,4,1,4,1,1,1,1
1,1,22,0.00036678180913440883,0,0,3,3,1,4,1,4,1,1,1,1
1,1,23,0.008454591035842896,0,0,3,3,1,4,1,4,1,1,1,1
1,1,27,0.0007271443028002977,0,0,3,3,1,5,1,5,1,1,1,1
1,1,28,0.0014779230114072561,0,0,3,3,1,5,1,5,1,1,1,1
1,1,29,0.0004938229103572667,0,0,3,3,1,5,1,5,1,1,1,1
1,1,32,0.0004614279023371637,0,0,3,4,1,2,1,2,1,1,1,1
1,1,33,0.0341809056699276,0,0,3,4,1,3,1,3,1,1,1,1
1,1,34,0.0014457489596679807,0,0,3,4,1,4,1,4,1,1,1,1
1,1,36,0.7888890504837036,0,0,3,5,1,1,1,1,1,2,1,2
1,1,45,2.7914531528949738e-05,0,1,3,6,1,5,1,5,1,1,1,5
1,1,46,0.001989928772673011,0,2,3,7,1,0,1,0,1,0,1,4
1,2,3,0.0377233661711216,0,0,3,3,1,1,1,1,1,1,1,1
1,2,4,0.1359710395336151,0,0,3,3,1,1,1,1,1,1,1,1
1,2,5,0.058016493916511536,0,0,3,3,1,1,1,1,1,1,1,1
1,2,7,0.1366501748561859,0,0,3,3,1,2,1,2,1,1,1,1
1,2,8,0.01578383333981037,0,0,3,3,1,2,1,2,1,1,1,1
1,2,11,0.05431198701262474,0,0,3,3,1,2,1,2,1,1,1,1
1,2,12,0.021830158308148384,0,0,3,3,1,2,1,2,1,1,1,1
1,2,14,0.1609596610069275,0,0,3,3,1,3,1,3,1,1,1,1
1,2,16,0.0567159540951252,0,0,3,3,1,3,1,3,1,1,1,1
1,2,17,0.05886007472872734,0,0,3,3,1,3,1,3,1,1,1,1
1,2,19,0.01797906495630741,0,0,3,3,1,4,1,4,1,1,1,1
1,2,20,0.005443776026368141,0,0,3,3,1,4,1,4,1,1,1,1
1,2,21,0.0237791296094656,0,0,3,3,1,4,1,4,1,1,1,1
1,2,22,0.0028688055463135242,0,0,3,3,1,4,1,4,1,1,1,1
1,2,23,0.04499823972582817,0,0,3,3,1,4,1,4,1,1,1,1
1,2,27,0.0051390258595347404,0,0,3,3,1,5,1,5,1,1,1,1
1,2,28,0.012143172323703766,0,0,3,3,1,5,1,5,1,1,1,1
1,2,29,0.004507206846028566,0,0,3,3,1,5,1,5,1,1,1,1
1,2,32,0.004400542471557856,0,0,3,4,1,2,1,2,1,1,1,1
1,2,33,0.04728461429476738,0,0,3,4,1,3,1,3,1,1,1,1
1,2,34,0.0049482667818665504,0,0,3,4,1,4,1,4,1,1,1,1
1,2,36,0.07977154105901718,0,0,3,5,1,1,1,1,1,2,1,2
1,2,45,0.0006978745223022997,0,1,3,6,1,5,1,5,1,1,1,5
1,2,46,0.009215901605784893,0,2,3,7,1,0,1,0,1,0,1,4
1,6,3,0.09646381437778473,0,0,3,3,1,1,1,1,1,1,1,1
1,6,4,0.3527458906173706,0,0,3,3,1,1,1,1,1,1,1,1
1,6,5,0.10994202643632889,0,0,3,3,1,1,1,1,1,1,1,1
1,6,7,0.026481861248612404,0,0,3,3,1,2,1,2,1,1,1,1
1,6,8,0.011531015858054161,0,0,3,3,1,2,1,2,1,1,1,1
1,6,11,0.02146291919052601,0,0,3,3,1,2,1,2,1,1,1,1
1,6,12,0.0027724590618163347,0,0,3,3,1,2,1,2,1,1,1,1
1,6,14,0.11117050796747208,0,0,3,3,1,3,1,3,1,1,1,1
1,6,16,0.04611048474907875,0,0,3,3,1,3,1,3,1,1,1,1
1,6,17,0.05387099087238312,0,0,3,3,1,3,1,3,1,1,1,1
1,6,19,0.009766667149960995,0,0,3,3,1,4,1,4,1,1,1,1
1,6,20,0.0026994410436600447,0,0,3,3,1,4,1,4,1,1,1,1
1,6,21,0.019449811428785324,0,0,3,3,1,4,1,4,1,1,1,1
1,6,22,0.001690293662250042,0,0,3,3,1,4,1,4,1,1,1,1
1,6,23,0.0372772142291069,0,0,3,3,1,4,1,4,1,1,1,1
1,6,27,0.0033148210495710373,0,0,3,3,1,5,1,5,1,1,1,1
1,6,28,0.007342599797993898,0,0,3,3,1,5,1,5,1,1,1,1
1,6,29,0.0013950022403150797,0,0,3,3,1,5,1,5,1,1,1,1
1,6,32,0.0011817669728770852,0,0,3,4,1,2,1,2,1,1,1,1
1,6,33,0.014663980342447758,0,0,3,4,1,3,1,3,1,1,1,1
1,6,34,0.0016857858281582594,0,0,3,4,1,4,1,4,1,1,1,1
1,6,36,0.055480122566223145,0,0,3,5,1,1,1,1,1,2,1,2
1,6,45,0.00046348405885510147,0,1,3,6,1,5,1,5,1,1,1,5
1,6,46,0.011036979965865612,0,2,3,7,1,0,1,0,1,0,1,4
1,9,3,2.1510638248400937e-07,0,0,3,3,2,1,2,1,1,1,1,1
1,9,4,1.5948885447869543e-06,0,0,3,3,2,1,2,1,1,1,1,1
1,9,5,1.4772439271837357e-06,0,0,3,3,2,1,2,1,1,1,1,1
1,9,7,1.019488649944833e-06,0,0,3,3,2,2,2,2,1,1,1,1
1,9,8,1.9466856571170865e-08,0,0,3,3,2,2,2,2,1,1,1,1
1,9,11,5.017216608393937e-06,0,0,3,3,2,2,2,2,1,1,1,1
1,9,12,8.933465522886763e-08,0,0,3,3,2,2,2,2,1,1,1,1
1,9,14,2.1617428558329266e-07,0,0,3,3,2,3,2,3,1,1,1,1
1,9,16,2.6568136490823235e-07,0,0,3,3,2,3,2,3,1,1,1,1
1,9,17,1.2816290109185502e-06,0,0,3,3,2,3,2,3,1,1,1,1
1,9,19,1.6985449065032299e-06,0,0,3,3,2,4,2,4,1,1,1,1
1,9,20,6.11009625117731e-08,0,0,3,3,2,4,2,4,1,1,1,1
1,9,21,1.081293135030137e-06,0,0,3,3,2,4,2,4,1,1,1,1
1,9,22,7.375917476792893e-08,0,0,3,3,2,4,2,4,1,1,1,1
1,9,23,3.4987408525921637e-06,0,0,3,3,2,4,2,4,1,1,1,1
1,9,27,2.708668311868223e-08,0,0,3,3,2,5,2,5,1,1,1,1
1,9,28,6.508210503852752e-08,0,0,3,3,2,5,2,5,1,1,1,1
1,9,29,8.332403211852579e-08,0,0,3,3,2,5,2,5,1,1,1,1
1,9,32,2.7608230084297247e-06,0,0,3,4,2,2,2,2,1,1,1,1
1,9,33,0.00024236283206846565,0,0,3,4,2,3,2,3,1,1,1,1
1,9,34,3.258144033679855e-06,0,0,3,4,2,4,2,4,1,1,1,1
1,9,36,0.9974625110626221,0,0,3,5,2,1,2,1,1,2,1,2
1,9,45,1.304023333759119e-09,0,1,3,6,2,5,2,5,1,1,1,5
1,9,46,0.0022710373159497976,0,2,3,7,2,0,2,0,1,0,1,4
1,10,3,6.31090486535868e-08,0,0,3,3,2,1,2,1,1,1,1,1
1,10,4,1.1393858585506678e-06,0,0,3,3,2,1,2,1,1,1,1,1
1,10,5,8.458774232167343e-07,0,0,3,3,2,1,2,1,1,1,1,1
1,10,7,1.504707682897788e-07,0,0,3,3,2,2,2,2,1,1,1,1
1,10,8,7.586821837435309e-09,0,0,3,3,2,2,2,2,1,1,1,1
1,10,11,6.490091664090869e-07,0,0,3,3,2,2,2,2,1,1,1,1
1,10,12,1.0793541171949528e-08,0,0,3,3,2,2,2,2,1,1,1,1
1,10,14,2.057356240925401e-08,0,0,3,3,2,3,2,3,1,1,1,1
1,10,16,1.7625049864022913e-08,0,0,3,3,2,3,2,3,1,1,1,1
1,10,17,5.913687317615768e-08,0,0,3,3,2,3,2,3,1,1,1,1
1,10,19,3.5755488170252647e-07,0,0,3,3,2,4,2,4,1,1,1,1
1,10,20,6.136843033743844e-09,0,0,3,3,2,4,2,4,1,1,1,1
1,10,21,1.3579557389675756e-07,0,0,3,3,2,4,2,4,1,1,1,1
1,10,22,1.5564820543545466e-08,0,0,3,3,2,4,2,4,1,1,1,1
1,10,23,6.9473355779337e-07,0,0,3,3,2,4,2,4,1,1,1,1
1,10,27,3.11770058658567e-08,0,0,3,3,2,5,2,5,1,1,1,1
1,10,28,4.0789462474322136e-08,0,0,3,3,2,5,2,5,1,1,1,1
1,10,29,4.9302983029519964e-08,0,0,3,3,2,5,2,5,1,1,1,1
1,10,32,1.2948369487730815e-07,0,0,3,4,2,2,2,2,1,1,1,1
1,10,33,6.792507065256359e-06,0,0,3,4,2,3,2,3,1,1,1,1
1,10,34,1.59451502668162e-07,0,0,3,4,2,4,2,4,1,1,1,1
1,10,36,0.9999117851257324,0,0,3,5,2,1,2,1,1,2,1,2
1,10,45,9.117314681006405e-10,0,1,3,6,2,5,2,5,1,1,1,5
1,10,46,7.731217192485929e-05,0,2,3,7,2,0,2,0,1,0,1,4
1,13,3,0.00032764257048256695,0,0,3,3,3,1,3,1,1,1,1,1
1,13,4,0.0008438749355264008,0,0,3,3,3,1,3,1,1,1,1,1
1,13,5,0.0012786902952939272,0,0,3,3,3,1,3,1,1,1,1,1
1,13,7,4.34685789514333e-05,0,0,3,3,3,2,3,2,1,1,1,1
1,13,8,1.0205260878137778e-05,0,0,3,3,3,2,3,2,1,1,1,1
1,13,11,0.0001585605787113309,0,0,3,3,3,2,3,2,1,1,1,1
1,13,12,7.042062406981131e-06,0,0,3,3,3,2,3,2,1,1,1,1
1,13,14,0.00014928230666555464,0,0,3,3,3,3,3,3,1,1,1,1
1,13,16,0.0005685064825229347,0,0,3,3,3,3,3,3,1,1,1,1
1,13,17,0.0012880738358944654,0,0,3,3,3,3,3,3,1,1,1,1
1,13,19,0.00016930652782320976,0,0,3,3,3,4,3,4,1,1,1,1
1,13,20,2.5489092877251096e-05,0,0,3,3,3,4,3,4,1,1,1,1
1,13,21,0.00025529335835017264,0,0,3,3,3,4,3,4,1,1,1,1
1,13,22,2.7572570616030134e-05,0,0,3,3,3,4,3,4,1,1,1,1
1,13,23,0.00044253861415199935,0,0,3,3,3,4,3,4,1,1,1,1
1,13,27,1.5688514395151287e-05,0,0,3,3,3,5,3,5,1,1,1,1
1,13,28,2.7145451895194128e-05,0,0,3,3,3,5,3,5,1,1,1,1
1,13,29,1.2673505807470065e-05,0,0,3,3,3,5,3,5,1,1,1,1
1,13,32,0.00013544857210945338,0,0,3,4,3,2,3,2,1,1,1,1
1,13,33,0.017430467531085014,0,0,3,4,3,3,3,3,1,1,1,1
1,13,34,0.0007463950314559042,0,0,3,4,3,4,3,4,1,1,1,1
1,13,36,0.9375588297843933,0,0,3,5,3,1,3,1,1,2,1,2
1,13,45,1.263039166587987e-06,0,1,3,6,3,5,3,5,1,1,1,5
1,13,46,0.03847695514559746,0,2,3,7,3,0,3,0,1,0,1,4
1,15,3,5.786747010461113e-07,0,0,3,3,3,1,3,1,1,1,1,1
1,15,4,2.264450813527219e-06,0,0,3,3,3,1,3,1,1,1,1,1
1,15,5,9.874190254777204e-06,0,0,3,3,3,1,3,1,1,1,1,1
1,15,7,1.8150322489418613e-07,0,0,3,3,3,2,3,2,1,1,1,1
1,15,8,1.148085715385605e-08,0,0,3,3,3,2,3,2,1,1,1,1
1,15,11,6.056767460904666e-07,0,0,3,3,3,2,3,2,1,1,1,1
1,15,12,2.5900693145786136e-08,0,0,3,3,3,2,3,2,1,1,1,1
1,15,14,3.3702767154863977e-07,0,0,3,3,3,3,3,3,1,1,1,1
1,15,16,2.042183950834442e-06,0,0,3,3,3,3,3,3,1,1,1,1
1,15,17,4.056696980114793e-06,0,0,3,3,3,3,3,3,1,1,1,1
1,15,19,9.326690246780345e-07,0,0,3,3,3,4,3,4,1,1,1,1
1,15,20,3.867204512175704e-08,0,0,3,3,3,4,3,4,1,1,1,1
1,15,21,8.17583270418254e-07,0,0,3,3,3,4,3,4,1,1,1,1
1,15,22,9.090880581652527e-08,0,0,3,3,3,4,3,4,1,1,1,1
1,15,23,1.812761752262304e-06,0,0,3,3,3,4,3,4,1,1,1,1
1,15,27,3.366787382219627e-08,0,0,3,3,3,5,3,5,1,1,1,1
1,15,28,4.133177000653632e-08,0,0,3,3,3,5,3,5,1,1,1,1
1,15,29,3.3681928357509605e-08,0,0,3,3,3,5,3,5,1,1,1,1
1,15,32,7.049581540741201e-07,0,0,3,4,3,2,3,2,1,1,1,1
1,15,33,0.0006133588613010943,0,0,3,4,3,3,3,3,1,1,1,1
1,15,34,1.025858182401862e-05,0,0,3,4,3,4,3,4,1,1,1,1
1,15,36,0.9988132119178772,0,0,3,5,3,1,3,1,1,2,1,2
1,15,45,7.876831964459541e-10,0,1,3,6,3,5,3,5,1,1,1,5
1,15,46,0.0005391067825257778,0,2,3,7,3,0,3,0,1,0,1,4
1,18,3,2.8007345463265665e-05,0,0,3,3,3,1,3,1,1,1,1,1
1,18,4,9.984750067815185e-05,0,0,3,3,3,1,3,1,1,1,1,1
1,18,5,7.980990631040186e-05,0,0,3,3,3,1,3,1,1,1,1,1
1,18,7,4.481421274249442e-05,0,0,3,3,3,2,3,2,1,1,1,1
1,18,8,1.7783034991225577e-06,0,0,3,3,3,2,3,2,1,1,1,1
1,18,11,0.000254346668953076,0,0,3,3,3,2,3,2,1,1,1,1
1,18,12,5.410882295109332e-06,0,0,3,3,3,2,3,2,1,1,1,1
1,18,14,3.8374768337234855e-05,0,0,3,3,3,3,3,3,1,1,1,1
1,18,16,9.711189341032878e-05,0,0,3,3,3,3,3,3,1,1,1,1
1,18,17,0.00036796415224671364,0,0,3,3,3,3,3,3,1,1,1,1
1,18,19,3.626953548518941e-05,0,0,3,3,3,4,3,4,1,1,1,1
1,18,20,1.800682298380707e-06,0,0,3,3,3,4,3,4,1,1,1,1
1,18,21,7.556065975222737e-05,0,0,3,3,3,4,3,4,1,1,1,1
1,18,22,3.288758307462558e-06,0,0,3,3,3,4,3,4,1,1,1,1
1,18,23,6.875547114759684e-05,0,0,3,3,3,4,3,4,1,1,1,1
1,18,27,8.521544714312768e-07,0,0,3,3,3,5,3,5,1,1,1,1
1,18,28,3.3961330245801946e-06,0,0,3,3,3,5,3,5,1,1,1,1
1,18,29,1.2928311434734496e-06,0,0,3,3,3,5,3,5,1,1,1,1
1,18,32,4.7517965867882594e-05,0,0,3,4,3,2,3,2,1,1,1,1
1,18,33,0.005891361739486456,0,0,3,4,3,3,3,3,1,1,1,1
1,18,34,8.315117156598717e-05,0,0,3,4,3,4,3,4,1,1,1,1
1,18,36,0.9503422975540161,0,0,3,5,3,1,3,1,1,2,1,2
1,18,45,1.609147659564769e-08,0,1,3,6,3,5,3,5,1,1,1,5
1,18,46,0.0424269363284111,0,2,3,7,3,0,3,0,1,0,1,4
1,24,3,0.010563424788415432,0,0,3,3,4,1,4,1,1,1,1,1
1,24,4,0.01705140620470047,0,0,3,3,4,1,4,1,1,1,1,1
1,24,5,0.034062910825014114,0,0,3,3,4,1,4,1,1,1,1,1
1,24,7,0.0008741377969272435,0,0,3,3,4,2,4,2,1,1,1,1
1,24,8,0.00028415274573490024,0,0,3,3,4,2,4,2,1,1,1,1
1,24,11,0.0008984922314994037,0,0,3,3,4,2,4,2,1,1,1,1
1,24,12,0.00043601804645732045,0,0,3,3,4,2,4,2,1,1,1,1
1,24,14,0.08993307501077652,0,0,3,3,4,3,4,3,1,1,1,1
1,24,16,0.07875772565603256,0,0,3,3,4,3,4,3,1,1,1,1
1,24,17,0.08594979345798492,0,0,3,3,4,3,4,3,1,1,1,1
1,24,19,0.006598884239792824,0,0,3,3,4,4,4,4,1,1,1,1
1,24,20,0.004209382459521294,0,0,3,3,4,4,4,4,1,1,1,1
1,24,21,0.009384138509631157,0,0,3,3,4,4,4,4,1,1,1,1
1,24,22,0.0025549314450472593,0,0,3,3,4,4,4,4,1,1,1,1
1,24,23,0.03822135552763939,0,0,3,3,4,4,4,4,1,1,1,1
1,24,27,0.0011271827388554811,0,0,3,3,4,5,4,5,1,1,1,1
1,24,28,0.0015021360013633966,0,0,3,3,4,5,4,5,1,1,1,1
1,24,29,0.0007728473865427077,0,0,3,3,4,5,4,5,1,1,1,1
1,24,32,0.0032360467594116926,0,0,3,4,4,2,4,2,1,1,1,1
1,24,33,0.4622596502304077,0,0,3,4,4,3,4,3,1,1,1,1
1,24,34,0.0470166839659214,0,0,3,4,4,4,4,4,1,1,1,1
1,24,36,0.10294327139854431,0,0,3,5,4,1,4,1,1,2,1,2
1,24,45,0.00034558805054984987,0,1,3,6,4,5,4,5,1,1,1,5
1,24,46,0.0010169349843636155,0,2,3,7,4,0,4,0,1,0,1,4
1,25,3,0.0006315229111351073,0,0,3,3,5,1,5,1,1,1,1,1
1,25,4,0.00588258309289813,0,0,3,3,5,1,5,1,1,1,1,1
1,25,5,0.0018448272021487355,0,0,3,3,5,1,5,1,1,1,1,1
1,25,7,0.0008729897090233862,0,0,3,3,5,2,5,2,1,1,1,1
1,25,8,0.00015069097571540624,0,0,3,3,5,2,5,2,1,1,1,1
1,25,11,0.0008741723722778261,0,0,3,3,5,2,5,2,1,1,1,1
1,25,12,5.635025445371866e-05,0,0,3,3,5,2,5,2,1,1,1,1
1,25,14,0.0003580519696697593,0,0,3,3,5,3,5,3,1,1,1,1
1,25,16,0.00012581782357301563,0,0,3,3,5,3,5,3,1,1,1,1
1,25,17,0.00014353301958180964,0,0,3,3,5,3,5,3,1,1,1,1
1,25,19,0.0006462354212999344,0,0,3,3,5,4,5,4,1,1,1,1
1,25,20,8.017606160137802e-05,0,0,3,3,5,4,5,4,1,1,1,1
1,25,21,0.0004009307886008173,0,0,3,3,5,4,5,4,1,1,1,1
1,25,22,5.111822611070238e-05,0,0,3,3,5,4,5,4,1,1,1,1
1,25,23,0.0011772498255595565,0,0,3,3,5,4,5,4,1,1,1,1
1,25,27,0.0004052548320032656,0,0,3,3,5,5,5,5,1,1,1,1
1,25,28,0.0003559062606655061,0,0,3,3,5,5,5,5,1,1,1,1
1,25,29,0.00033240451011806726,0,0,3,3,5,5,5,5,1,1,1,1
1,25,32,6.989883695496246e-05,0,0,3,4,5,2,5,2,1,1,1,1
1,25,33,0.0005567424232140183,0,0,3,4,5,3,5,3,1,1,1,1
1,25,34,7.26705402485095e-05,0,0,3,4,5,4,5,4,1,1,1,1
1,25,36,0.9800604581832886,0,0,3,5,5,1,5,1,1,2,1,2
1,25,45,6.966399087104946e-05,0,1,3,6,5,5,5,5,1,1,1,5
1,25,46,0.0047812508419156075,0,2,3,7,5,0,5,0,1,0,1,4
1,26,3,4.545281990431249e-05,0,0,3,3,5,1,5,1,1,1,1,1
1,26,4,0.000901451800018549,0,0,3,3,5,1,5,1,1,1,1,1
1,26,5,0.00026880938094109297,0,0,3,3,5,1,5,1,1,1,1,1
1,26,7,0.00010288019984727725,0,0,3,3,5,2,5,2,1,1,1,1
1,26,8,1.1394119610486086e-05,0,0,3,3,5,2,5,2,1,1,1,1
1,26,11,0.00011361143697286025,0,0,3,3,5,2,5,2,1,1,1,1
1,26,12,3.852397640002891e-06,0,0,3,3,5,2,5,2,1,1,1,1
1,26,14,3.477183054201305e-05,0,0,3,3,5,3,5,3,1,1,1,1
1,26,16,1.6832582332426682e-05,0,0,3,3,5,3,5,3,1,1,1,1
1,26,17,2.16557764360914e-05,0,0,3,3,5,3,5,3,1,1,1,1
1,26,19,8.292801794596016e-05,0,0,3,3,5,4,5,4,1,1,1,1
1,26,20,1.30450825963635e-05,0,0,3,3,5,4,5,4,1,1,1,1
1,26,21,5.552945003728382e-05,0,0,3,3,5,4,5,4,1,1,1,1
1,26,22,3.587269247873337e-06,0,0,3,3,5,4,5,4,1,1,1,1
1,26,23,0.0003528172383084893,0,0,3,3,5,4,5,4,1,1,1,1
1,26,27,3.1965813832357526e-05,0,0,3,3,5,5,5,5,1,1,1,1
1,26,28,3.174637822667137e-05,0,0,3,3,5,5,5,5,1,1,1,1
1,26,29,2.9275317501742393e-05,0,0,3,3,5,5,5,5,1,1,1,1
1,26,32,1.694244383543264e-05,0,0,3,4,5,2,5,2,1,1,1,1
1,26,33,0.00033237136085517704,0,0,3,4,5,3,5,3,1,1,1,1
1,26,34,2.2640546376351267e-05,0,0,3,4,5,4,5,4,1,1,1,1
1,26,36,0.9913021922111511,0,0,3,5,5,1,5,1,1,2,1,2
1,26,45,5.010200766264461e-06,0,1,3,6,5,5,5,5,1,1,1,5
1,26,46,0.006199063267558813,0,2,3,7,5,0,5,0,1,0,1,4
1,30,3,3.779680992010981e-05,0,0,3,3,5,1,5,1,1,1,1,1
1,30,4,0.0005868455627933145,0,0,3,3,5,1,5,1,1,1,1,1
1,30,5,0.00020680839952547103,0,0,3,3,5,1,5,1,1,1,1,1
1,30,7,0.00011954062210861593,0,0,3,3,5,2,5,2,1,1,1,1
1,30,8,6.175495855131885e-06,0,0,3,3,5,2,5,2,1,1,1,1
1,30,11,0.0001064389871316962,0,0,3,3,5,2,5,2,1,1,1,1
1,30,12,4.422598067321815e-06,0,0,3,3,5,2,5,2,1,1,1,1
1,30,14,8.012339822016656e-05,0,0,3,3,5,3,5,3,1,1,1,1
1,30,16,3.676978303701617e-05,0,0,3,3,5,3,5,3,1,1,1,1
1,30,17,3.81570789613761e-05,0,0,3,3,5,3,5,3,1,1,1,1
1,30,19,0.00010424136416986585,0,0,3,3,5,4,5,4,1,1,1,1
1,30,20,9.388352737005334e-06,0,0,3,3,5,4,5,4,1,1,1,1
1,30,21,5.955039887339808e-05,0,0,3,3,5,4,5,4,1,1,1,1
1,30,22,4.5651399886992294e-06,0,0,3,3,5,4,5,4,1,1,1,1
1,30,23,0.0002553364902269095,0,0,3,3,5,4,5,4,1,1,1,1
1,30,27,2.6832884032046422e-05,0,0,3,3,5,5,5,5,1,1,1,1
1,30,28,3.5139211831847206e-05,0,0,3,3,5,5,5,5,1,1,1,1
1,30,29,3.775675577344373e-05,0,0,3,3,5,5,5,5,1,1,1,1
1,30,32,1.8143631677958183e-05,0,0,3,4,5,2,5,2,1,1,1,1
1,30,33,0.0010439027100801468,0,0,3,4,5,3,5,3,1,1,1,1
1,30,34,4.6102657506708056e-05,0,0,3,4,5,4,5,4,1,1,1,1
1,30,36,0.9917222857475281,0,0,3,5,5,1,5,1,1,2,1,2
1,30,45,2.3047423383104615e-06,0,1,3,6,5,5,5,5,1,1,1,5
1,30,46,0.0054113976657390594,0,2,3,7,5,0,5,0,1,0,1,4
1,31,3,0.011049666441977024,0,0,4,3,1,1,1,1,1,1,1,1
1,31,4,0.0168649610131979,0,0,4,3,1,1,1,1,1,1,1,1
1,31,5,0.013765965588390827,0,0,4,3,1,1,1,1,1,1,1,1
1,31,7,0.003219770733267069,0,0,4,3,1,2,1,2,1,1,1,1
1,31,8,0.0017317404272034764,0,0,4,3,1,2,1,2,1,1,1,1
1,31,11,0.014890574850142002,0,0,4,3,1,2,1,2,1,1,1,1
1,31,12,0.001341682975180447,0,0,4,3,1,2,1,2,1,1,1,1
1,31,14,0.008678273297846317,0,0,4,3,1,3,1,3,1,1,1,1
1,31,16,0.0059446548111736774,0,0,4,3,1,3,1,3,1,1,1,1
1,31,17,0.01826888509094715,0,0,4,3,1,3,1,3,1,1,1,1
1,31,19,0.003153028665110469,0,0,4,3,1,4,1,4,1,1,1,1
1,31,20,0.00036268250551074743,0,0,4,3,1,4,1,4,1,1,1,1
1,31,21,0.004037472419440746,0,0,4,3,1,4,1,4,1,1,1,1
1,31,22,0.0008718906901776791,0,0,4,3,1,4,1,4,1,1,1,1
1,31,23,0.004521683324128389,0,0,4,3,1,4,1,4,1,1,1,1
1,31,27,0.002094395225867629,0,0,4,3,1,5,1,5,1,1,1,1
1,31,28,0.002289603929966688,0,0,4,3,1,5,1,5,1,1,1,1
1,31,29,0.0011006760178133845,0,0,4,3,1,5,1,5,1,1,1,1
1,31,32,0.0016665528528392315,0,0,4,4,1,2,1,2,1,1,1,1
1,31,33,0.015954559668898582,0,0,4,4,1,3,1,3,1,1,1,1
1,31,34,0.0007502654334530234,0,0,4,4,1,4,1,4,1,1,1,1
1,31,36,0.8631861209869385,0,0,4,5,1,1,1,1,1,2,1,2
1,31,45,0.00010033074067905545,0,1,4,6,1,5,1,5,1,1,1,5
1,31,46,0.004154162015765905,0,2,4,7,1,0,1,0,1,0,1,4
1,35,3,0.000653204508125782,0,0,4,3,5,1,5,1,1,1,1,1
1,35,4,0.004957748111337423,0,0,4,3,5,1,5,1,1,1,1,1
1,35,5,0.000749353610444814,0,0,4,3,5,1,5,1,1,1,1,1
1,35,7,0.0004375058924779296,0,0,4,3,5,2,5,2,1,1,1,1
1,35,8,0.00023607969342265278,0,0,4,3,5,2,5,2,1,1,1,1
1,35,11,0.0017710232641547918,0,0,4,3,5,2,5,2,1,1,1,1
1,35,12,5.271508052828722e-05,0,0,4,3,5,2,5,2,1,1,1,1
1,35,14,0.00037390421493910253,0,0,4,3,5,3,5,3,1,1,1,1
1,35,16,0.0001452933211112395,0,0,4,3,5,3,5,3,1,1,1,1
1,35,17,0.0001884717494249344,0,0,4,3,5,3,5,3,1,1,1,1
1,35,19,0.0005824650288559496,0,0,4,3,5,4,5,4,1,1,1,1
1,35,20,6.757989467587322e-05,0,0,4,3,5,4,5,4,1,1,1,1
1,35,21,0.0006106994114816189,0,0,4,3,5,4,5,4,1,1,1,1
1,35,22,7.969118451001123e-05,0,0,4,3,5,4,5,4,1,1,1,1
1,35,23,0.0008718360331840813,0,0,4,3,5,4,5,4,1,1,1,1
1,35,27,0.0010370035888627172,0,0,4,3,5,5,5,5,1,1,1,1
1,35,28,0.0007526085246354342,0,0,4,3,5,5,5,5,1,1,1,1
1,35,29,0.000612662872299552,0,0,4,3,5,5,5,5,1,1,1,1
1,35,32,6.968533125473186e-05,0,0,4,4,5,2,5,2,1,1,1,1
1,35,33,0.00024646450765430927,0,0,4,4,5,3,5,3,1,1,1,1
1,35,34,3.956391810788773e-05,0,0,4,4,5,4,5,4,1,1,1,1
1,35,36,0.9772074818611145,0,0,4,5,5,1,5,1,1,2,1,2
1,35,45,0.00011316231393720955,0,1,4,6,5,5,5,5,1,1,1,5
1,35,46,0.008144432678818703,0,2,4,7,5,0,5,0,1,0,1,4
1,37,3,1.7705118807498366e-05,0,0,5,3,2,1,2,1,2,1,2,1
1,37,4,3.125983857898973e-05,0,0,5,3,2,1,2,1,2,1,2,1
1,37,5,0.0004108361026737839,0,0,5,3,2,1,2,1,2,1,2,1
1,37,7,2.0218815279804403e-06,0,0,5,3,2,2,2,2,2,1,2,1
1,37,8,2.8435758281375456e-07,0,0,5,3,2,2,2,2,2,1,2,1
1,37,11,4.963106903232983e-07,0,0,5,3,2,2,2,2,2,1,2,1
1,37,12,9.96677272269153e-07,0,0,5,3,2,2,2,2,2,1,2,1
1,37,14,1.4551002323059947e-06,0,0,5,3,2,3,2,3,2,1,2,1
1,37,16,2.4173852580133826e-05,0,0,5,3,2,3,2,3,2,1,2,1
1,37,17,1.262743171537295e-05,0,0,5,3,2,3,2,3,2,1,2,1
1,37,19,8.051707118283957e-05,0,0,5,3,2,4,2,4,2,1,2,1
1,37,20,3.7530458939727396e-05,0,0,5,3,2,4,2,4,2,1,2,1
1,37,21,6.27164336037822e-05,0,0,5,3,2,4,2,4,2,1,2,1
1,37,22,8.137051190715283e-05,0,0,5,3,2,4,2,4,2,1,2,1
1,37,23,6.295703497016802e-05,0,0,5,3,2,4,2,4,2,1,2,1
1,37,27,2.334337978027179e-06,0,0,5,3,2,5,2,5,2,1,2,1
1,37,28,1.1910867669939762e-06,0,0,5,3,2,5,2,5,2,1,2,1
1,37,29,2.0308634702814743e-06,0,0,5,3,2,5,2,5,2,1,2,1
1,37,32,1.5818115571164526e-05,0,0,5,4,2,2,2,2,2,1,2,1
1,37,33,0.001916353008709848,0,0,5,4,2,3,2,3,2,1,2,1
1,37,34,0.009696266613900661,0,0,5,4,2,4,2,4,2,1,2,1
1,37,36,0.9860775470733643,0,0,5,5,2,1,2,1,2,2,2,2
1,37,45,4.783929853147129e-06,0,1,5,6,2,5,2,5,2,1,2,5
1,37,46,0.0014570866478607059,0,2,5,7,2,0,2,0,2,0,2,4
1,38,3,2.437994407955557e-05,0,0,5,3,3,1,3,1,2,1,2,1
1,38,4,2.0900939489365555e-05,0,0,5,3,3,1,3,1,2,1,2,1
1,38,5,0.00043942895717918873,0,0,5,3,3,1,3,1,2,1,2,1
1,38,7,1.7812398027672316e-06,0,0,5,3,3,2,3,2,2,1,2,1
1,38,8,1.211873694728638e-07,0,0,5,3,3,2,3,2,2,1,2,1
1,38,11,8.513362104167754e-07,0,0,5,3,3,2,3,2,2,1,2,1
1,38,12,1.8836765320884297e-06,0,0,5,3,3,2,3,2,2,1,2,1
1,38,14,8.062987944867928e-06,0,0,5,3,3,3,3,3,2,1,2,1
1,38,16,0.0009977451991289854,0,0,5,3,3,3,3,3,2,1,2,1
1,38,17,0.00031310776830650866,0,0,5,3,3,3,3,3,2,1,2,1
1,38,19,0.00011818032362498343,0,0,5,3,3,4,3,4,2,1,2,1
1,38,20,8.046288712648675e-05,0,0,5,3,3,4,3,4,2,1,2,1
1,38,21,0.0002232222177553922,0,0,5,3,3,4,3,4,2,1,2,1
1,38,22,0.00010796670540003106,0,0,5,3,3,4,3,4,2,1,2,1
1,38,23,0.00016212491027545184,0,0,5,3,3,4,3,4,2,1,2,1
1,38,27,4.069766532666108e-07,0,0,5,3,3,5,3,5,2,1,2,1
1,38,28,6.769929541405872e-07,0,0,5,3,3,5,3,5,2,1,2,1
1,38,29,8.304567131744989e-07,0,0,5,3,3,5,3,5,2,1,2,1
1,38,32,6.941902393009514e-05,0,0,5,4,3,2,3,2,2,1,2,1
1,38,33,0.10375982522964478,0,0,5,4,3,3,3,3,2,1,2,1
1,38,34,0.23256507515907288,0,0,5,4,3,4,3,4,2,1,2,1
1,38,36,0.5960984826087952,0,0,5,5,3,1,3,1,2,2,2,2
1,38,45,1.01427895060624e-06,0,1,5,6,3,5,3,5,2,1,2,5
1,38,46,0.06500350683927536,0,2,5,7,3,0,3,0,2,0,2,4
1,39,3,5.921749834669754e-05,0,0,5,3,4,1,4,1,2,1,2,1
1,39,4,0.0001463909720769152,0,0,5,3,4,1,4,1,2,1,2,1
1,39,5,0.0008833363535813987,0,0,5,3,4,1,4,1,2,1,2,1
1,39,7,3.885990281560225e-06,0,0,5,3,4,2,4,2,2,1,2,1
1,39,8,1.874538043011853e-06,0,0,5,3,4,2,4,2,2,1,2,1
1,39,11,5.166357368580066e-07,0,0,5,3,4,2,4,2,2,1,2,1
1,39,12,1.0210250366071705e-05,0,0,5,3,4,2,4,2,2,1,2,1
1,39,14,5.3331452363636345e-05,0,0,5,3,4,3,4,3,2,1,2,1
1,39,16,0.0019305413588881493,0,0,5,3,4,3,4,3,2,1,2,1
1,39,17,0.0002195666020270437,0,0,5,3,4,3,4,3,2,1,2,1
1,39,19,0.0006016691331751645,0,0,5,3,4,4,4,4,2,1,2,1
1,39,20,0.004400988575071096,0,0,5,3,4,4,4,4,2,1,2,1
1,39,21,0.0019260941771790385,0,0,5,3,4,4,4,4,2,1,2,1
1,39,22,0.0029246516060084105,0,0,5,3,4,4,4,4,2,1,2,1
1,39,23,0.0025275740772485733,0,0,5,3,4,4,4,4,2,1,2,1
1,39,27,1.5973535482771695e-05,0,0,5,3,4,5,4,5,2,1,2,1
1,39,28,1.1389613973733503e-05,0,0,5,3,4,5,4,5,2,1,2,1
1,39,29,1.455353503843071e-05,0,0,5,3,4,5,4,5,2,1,2,1
1,39,32,9.838333789957687e-05,0,0,5,4,4,2,4,2,2,1,2,1
1,39,33,0.010452005080878735,0,0,5,4,4,3,4,3,2,1,2,1
1,39,34,0.9655826091766357,0,0,5,4,4,4,4,4,2,1,2,1
1,39,36,0.006264096591621637,0,0,5,5,4,1,4,1,2,2,2,2
1,39,45,0.0005642367177642882,0,1,5,6,4,5,4,5,2,1,2,5
1,39,46,0.0013073199661448598,0,2,5,7,4,0,4,0,2,0,2,4
1,40,3,1.9055047232541256e-05,0,0,5,3,5,1,5,1,2,1,2,1
1,40,4,0.00012918931315653026,0,0,5,3,5,1,5,1,2,1,2,1
1,40,5,0.0001303734170505777,0,0,5,3,5,1,5,1,2,1,2,1
1,40,7,1.6614163541817106e-05,0,0,5,3,5,2,5,2,2,1,2,1
1,40,8,2.5972683488362236e-06,0,0,5,3,5,2,5,2,2,1,2,1
1,40,11,1.1330058441672008e-05,0,0,5,3,5,2,5,2,2,1,2,1
1,40,12,5.161356511962367e-06,0,0,5,3,5,2,5,2,2,1,2,1
1,40,14,3.6735343655891484e-06,0,0,5,3,5,3,5,3,2,1,2,1
1,40,16,1.977270767383743e-05,0,0,5,3,5,3,5,3,2,1,2,1
1,40,17,1.0040442248282488e-05,0,0,5,3,5,3,5,3,2,1,2,1
1,40,19,0.00018983024347107857,0,0,5,3,5,4,5,4,2,1,2,1
1,40,20,0.00010989975271513686,0,0,5,3,5,4,5,4,2,1,2,1
1,40,21,0.00025170098524540663,0,0,5,3,5,4,5,4,2,1,2,1
1,40,22,8.852746395859867e-05,0,0,5,3,5,4,5,4,2,1,2,1
1,40,23,0.00028712343191727996,0,0,5,3,5,4,5,4,2,1,2,1
1,40,27,1.5451691069756635e-05,0,0,5,3,5,5,5,5,2,1,2,1
1,40,28,1.0734985153249e-05,0,0,5,3,5,5,5,5,2,1,2,1
1,40,29,1.997704202949535e-05,0,0,5,3,5,5,5,5,2,1,2,1
1,40,32,3.170161653542891e-05,0,0,5,4,5,2,5,2,2,1,2,1
1,40,33,0.00031042154296301305,0,0,5,4,5,3,5,3,2,1,2,1
1,40,34,0.001833128510043025,0,0,5,4,5,4,5,4,2,1,2,1
1,40,36,0.9766445159912109,0,0,5,5,5,1,5,1,2,2,2,2
1,40,45,4.838871245738119e-05,0,1,5,6,5,5,5,5,2,1,2,5
1,40,46,0.01981067657470703,0,2,5,7,5,0,5,0,2,0,2,4
1,41,3,0.12199392914772034,1,0,6,3,1,1,1,1,1,1,5,1
1,41,4,0.18019485473632812,1,0,6,3,1,1,1,1,1,1,5,1
1,41,5,0.056503187865018845,1,0,6,3,1,1,1,1,1,1,5,1
1,41,7,0.07182950526475906,1,0,6,3,1,2,1,2,1,1,5,1
1,41,8,0.07399866729974747,1,0,6,3,1,2,1,2,1,1,5,1
1,41,11,0.10959010571241379,1,0,6,3,1,2,1,2,1,1,5,1
1,41,12,0.025899605825543404,1,0,6,3,1,2,1,2,1,1,5,1
1,41,14,0.06717188656330109,1,0,6,3,1,3,1,3,1,1,5,1
1,41,16,0.0065041640773415565,1,0,6,3,1,3,1,3,1,1,5,1
1,41,17,0.013591607101261616,1,0,6,3,1,3,1,3,1,1,5,1
1,41,19,0.026237275451421738,1,0,6,3,1,4,1,4,1,1,5,1
1,41,20,0.0026425656396895647,1,0,6,3,1,4,1,4,1,1,5,1
1,41,21,0.01597934029996395,1,0,6,3,1,4,1,4,1,1,5,1
1,41,22,0.014343754388391972,1,0,6,3,1,4,1,4,1,1,5,1
1,41,23,0.01121657807379961,1,0,6,3,1,4,1,4,1,1,5,1
1,41,27,0.0716085433959961,1,0,6,3,1,5,1,5,1,1,5,1
1,41,28,0.06163141131401062,1,0,6,3,1,5,1,5,1,1,5,1
1,41,29,0.03634197637438774,1,0,6,3,1,5,1,5,1,1,5,1
1,41,32,0.0027819813694804907,1,0,6,4,1,2,1,2,1,1,5,1
1,41,33,0.001384624745696783,1,0,6,4,1,3,1,3,1,1,5,1
1,41,34,0.0003138941538054496,1,0,6,4,1,4,1,4,1,1,5,1
1,41,36,0.02280471846461296,1,0,6,5,1,1,1,1,1,2,5,2
1,41,45,0.005014657974243164,1,1,6,6,1,5,1,5,1,1,5,5
1,41,46,0.0004211542836856097,1,2,6,7,1,0,1,0,1,0,5,4
1,42,3,0.00013256641977932304,1,0,6,3,2,1,2,1,1,1,5,1
1,42,4,0.00040021954919211566,1,0,6,3,2,1,2,1,1,1,5,1
1,42,5,0.0008004744886420667,1,0,6,3,2,1,2,1,1,1,5,1
1,42,7,0.00014507508603855968,1,0,6,3,2,2,2,2,1,1,5,1
1,42,8,2.5398971047252417e-05,1,0,6,3,2,2,2,2,1,1,5,1
1,42,11,0.00026671148953028023,1,0,6,3,2,2,2,2,1,1,5,1
1,42,12,3.396920146769844e-05,1,0,6,3,2,2,2,2,1,1,5,1
1,42,14,2.846292954927776e-05,1,0,6,3,2,3,2,3,1,1,5,1
1,42,16,1.1033045666408725e-05,1,0,6,3,2,3,2,3,1,1,5,1
1,42,17,3.558968455763534e-05,1,0,6,3,2,3,2,3,1,1,5,1
1,42,19,0.00019950249406974763,1,0,6,3,2,4,2,4,1,1,5,1
1,42,20,6.237998604774475e-06,1,0,6,3,2,4,2,4,1,1,5,1
1,42,21,4.356310819275677e-05,1,0,6,3,2,4,2,4,1,1,5,1
1,42,22,3.8377456803573295e-05,1,0,6,3,2,4,2,4,1,1,5,1
1,42,23,0.0001141908869612962,1,0,6,3,2,4,2,4,1,1,5,1
1,42,27,6.429203494917601e-05,1,0,6,3,2,5,2,5,1,1,5,1
1,42,28,5.646880890708417e-05,1,0,6,3,2,5,2,5,1,1,5,1
1,42,29,7.663091673748568e-05,1,0,6,3,2,5,2,5,1,1,5,1
1,42,32,6.66306441416964e-05,1,0,6,4,2,2,2,2,1,1,5,1
1,42,33,0.0003849887871183455,1,0,6,4,2,3,2,3,1,1,5,1
1,42,34,2.2279586119111627e-05,1,0,6,4,2,4,2,4,1,1,5,1
1,42,36,0.9968462586402893,1,0,6,5,2,1,2,1,1,2,5,2
1,42,45,3.545026629581116e-06,1,1,6,6,2,5,2,5,1,1,5,5
1,42,46,0.00019734665693249553,1,2,6,7,2,0,2,0,1,0,5,4
1,43,3,0.0003015264810528606,1,0,6,3,3,1,3,1,1,1,5,1
1,43,4,0.00020343971846159548,1,0,6,3,3,1,3,1,1,1,5,1
1,43,5,0.0002783126838039607,1,0,6,3,3,1,3,1,1,1,5,1
1,43,7,9.989672980736941e-05,1,0,6,3,3,2,3,2,1,1,5,1
1,43,8,2.3767795937601477e-05,1,0,6,3,3,2,3,2,1,1,5,1
1,43,11,0.0011835433542728424,1,0,6,3,3,2,3,2,1,1,5,1
1,43,12,5.1682200137292966e-05,1,0,6,3,3,2,3,2,1,1,5,1
1,43,14,9.956592111848295e-05,1,0,6,3,3,3,3,3,1,1,5,1
1,43,16,0.00011839558283099905,1,0,6,3,3,3,3,3,1,1,5,1
1,43,17,0.0004995392519049346,1,0,6,3,3,3,3,3,1,1,5,1
1,43,19,0.0003639667120296508,1,0,6,3,3,4,3,4,1,1,5,1
1,43,20,1.3975253750686534e-05,1,0,6,3,3,4,3,4,1,1,5,1
1,43,21,0.00024253013543784618,1,0,6,3,3,4,3,4,1,1,5,1
1,43,22,0.00012462795712053776,1,0,6,3,3,4,3,4,1,1,5,1
1,43,23,9.744890849106014e-05,1,0,6,3,3,4,3,4,1,1,5,1
1,43,27,6.560418842127547e-05,1,0,6,3,3,5,3,5,1,1,5,1
1,43,28,9.378295362694189e-05,1,0,6,3,3,5,3,5,1,1,5,1
1,43,29,0.0001055350003298372,1,0,6,3,3,5,3,5,1,1,5,1
1,43,32,0.0003641977964434773,1,0,6,4,3,2,3,2,1,1,5,1
1,43,33,0.0028114644810557365,1,0,6,4,3,3,3,3,1,1,5,1
1,43,34,0.0001514605392003432,1,0,6,4,3,4,3,4,1,1,5,1
1,43,36,0.9815962314605713,1,0,6,5,3,1,3,1,1,2,5,2
1,43,45,2.928835101556615e-06,1,1,6,6,3,5,3,5,1,1,5,5
1,43,46,0.011106366291642189,1,2,6,7,3,0,3,0,1,0,5,4
1,44,3,0.05828480422496796,1,0,6,3,4,1,4,1,1,1,5,1
1,44,4,0.016273848712444305,1,0,6,3,4,1,4,1,1,1,5,1
1,44,5,0.07127948105335236,1,0,6,3,4,1,4,1,1,1,5,1
1,44,7,0.0010691509814932942,1,0,6,3,4,2,4,2,1,1,5,1
1,44,8,0.004290560260415077,1,0,6,3,4,2,4,2,1,1,5,1
1,44,11,0.0012502503814175725,1,0,6,3,4,2,4,2,1,1,5,1
1,44,12,0.0034473452251404524,1,0,6,3,4,2,4,2,1,1,5,1
1,44,14,0.17042164504528046,1,0,6,3,4,3,4,3,1,1,5,1
1,44,16,0.0563860684633255,1,0,6,3,4,3,4,3,1,1,5,1
1,44,17,0.07673807442188263,1,0,6,3,4,3,4,3,1,1,5,1
1,44,19,0.024444693699479103,1,0,6,3,4,4,4,4,1,1,5,1
1,44,20,0.02892138622701168,1,0,6,3,4,4,4,4,1,1,5,1
1,44,21,0.011459078639745712,1,0,6,3,4,4,4,4,1,1,5,1
1,44,22,0.059233009815216064,1,0,6,3,4,4,4,4,1,1,5,1
1,44,23,0.03014753945171833,1,0,6,3,4,4,4,4,1,1,5,1
1,44,27,0.07247470319271088,1,0,6,3,4,5,4,5,1,1,5,1
1,44,28,0.027904294431209564,1,0,6,3,4,5,4,5,1,1,5,1
1,44,29,0.036631990224123,1,0,6,3,4,5,4,5,1,1,5,1
1,44,32,0.016757166013121605,1,0,6,4,4,2,4,2,1,1,5,1
1,44,33,0.10706952959299088,1,0,6,4,4,3,4,3,1,1,5,1
1,44,34,0.05597499758005142,1,0,6,4,4,4,4,4,1,1,5,1
1,44,36,0.0023957856465131044,1,0,6,5,4,1,4,1,1,2,5,2
1,44,45,0.0671335905790329,1,1,6,6,4,5,4,5,1,1,5,5
1,44,46,1.1064693353546318e-05,1,2,6,7,4,0,4,0,1,0,5,4
2,0,7,0.002743511227890849,0,0,1,3,0,2,0,2,2,1,4,1
2,0,8,0.011627450585365295,0,0,1,3,0,2,0,2,2,1,4,1
2,0,9,0.002668736269697547,0,0,1,3,0,2,0,2,2,1,4,1
2,0,11,0.007778440602123737,0,0,1,3,0,2,0,2,2,1,4,1
2,0,13,0.0018207444809377193,0,0,1,3,0,3,0,3,2,1,4,1
2,0,16,0.04733207821846008,0,0,1,3,0,3,0,3,2,1,4,1
2,0,18,0.10331600159406662,0,0,1,3,0,3,0,3,2,1,4,1
2,0,20,0.0096993213519454,0,0,1,3,0,4,0,4,2,1,4,1
2,0,22,0.07603185623884201,0,0,1,3,0,4,0,4,2,1,4,1
2,0,24,0.10123375058174133,0,0,1,3,0,4,0,4,2,1,4,1
2,0,25,0.001695773215033114,0,0,1,3,0,5,0,5,2,1,4,1
2,0,27,0.0047342111356556416,0,0,1,3,0,5,0,5,2,1,4,1
2,0,28,0.0011086257873103023,0,0,1,3,0,5,0,5,2,1,4,1
2,0,29,0.005733249243348837,0,0,1,3,0,5,0,5,2,1,4,1
2,0,32,0.0011308686807751656,0,0,1,4,0,2,0,2,2,1,4,1
2,0,37,0.000644091865979135,0,0,1,5,0,2,0,2,2,2,4,2
2,0,39,0.5864705443382263,0,0,1,5,0,4,0,4,2,2,4,2
2,0,40,0.02370445616543293,0,0,1,5,0,5,0,5,2,2,4,2
2,0,41,0.0022218874655663967,0,1,1,6,0,1,0,1,2,1,4,5
2,0,42,6.556705920957029e-05,0,1,1,6,0,2,0,2,2,1,4,5
2,0,43,0.000851491407956928,0,1,1,6,0,3,0,3,2,1,4,5
2,0,44,0.007230707909911871,0,1,1,6,0,4,0,4,2,1,4,5
2,0,45,0.00015628914115950465,0,1,1,6,0,5,0,5,2,1,4,5
2,1,7,0.004394852090626955,0,0,3,3,1,2,1,2,1,1,1,1
2,1,8,0.0024578848388046026,0,0,3,3,1,2,1,2,1,1,1,1
2,1,9,0.0009682101081125438,0,0,3,3,1,2,1,2,1,1,1,1
2,1,11,0.0002966567990370095,0,0,3,3,1,2,1,2,1,1,1,1
2,1,13,0.0015247217379510403,0,0,3,3,1,3,1,3,1,1,1,1
2,1,16,0.005394736770540476,0,0,3,3,1,3,1,3,1,1,1,1
2,1,18,0.0018724707188084722,0,0,3,3,1,3,1,3,1,1,1,1
2,1,20,0.0068634673953056335,0,0,3,3,1,4,1,4,1,1,1,1
2,1,22,0.007164862006902695,0,0,3,3,1,4,1,4,1,1,1,1
2,1,24,0.0013797859428450465,0,0,3,3,1,4,1,4,1,1,1,1
2,1,25,0.00980125367641449,0,0,3,3,1,5,1,5,1,1,1,1
2,1,27,0.8199372291564941,0,0,3,3,1,5,1,5,1,1,1,1
2,1,28,0.024436837062239647,0,0,3,3,1,5,1,5,1,1,1,1
2,1,29,0.027455374598503113,0,0,3,3,1,5,1,5,1,1,1,1
2,1,32,0.00014326524978969246,0,0,3,4,1,2,1,2,1,1,1,1
2,1,37,0.000458351569250226,0,0,3,5,1,2,1,2,1,2,1,2
2,1,39,0.0001411066623404622,0,0,3,5,1,4,1,4,1,2,1,2
2,1,40,0.0021202396601438522,0,0,3,5,1,5,1,5,1,2,1,2
2,1,41,0.0012011959915980697,0,1,3,6,1,1,1,1,1,1,1,5
2,1,42,0.0006255496409721673,0,1,3,6,1,2,1,2,1,1,1,5
2,1,43,0.0012815471272915602,0,1,3,6,1,3,1,3,1,1,1,5
2,1,44,0.012690044939517975,0,1,3,6,1,4,1,4,1,1,1,5
2,1,45,0.06739038228988647,0,1,3,6,1,5,1,5,1,1,1,5
2,2,7,0.012227514758706093,0,0,3,3,1,2,1,2,1,1,1,1
2,2,8,0.02163219265639782,0,0,3,3,1,2,1,2,1,1,1,1
2,2,9,0.009062672965228558,0,0,3,3,1,2,1,2,1,1,1,1
2,2,11,0.003530832240357995,0,0,3,3,1,2,1,2,1,1,1,1
2,2,13,0.00614637928083539,0,0,3,3,1,3,1,3,1,1,1,1
2,2,16,0.024643009528517723,0,0,3,3,1,3,1,3,1,1,1,1
2,2,18,0.008730653673410416,0,0,3,3,1,3,1,3,1,1,1,1
2,2,20,0.03897109255194664,0,0,3,3,1,4,1,4,1,1,1,1
2,2,22,0.07264281064271927,0,0,3,3,1,4,1,4,1,1,1,1
2,2,24,0.02493479661643505,0,0,3,3,1,4,1,4,1,1,1,1
2,2,25,0.012903940863907337,0,0,3,3,1,5,1,5,1,1,1,1
2,2,27,0.26269665360450745,0,0,3,3,1,5,1,5,1,1,1,1
2,2,28,0.02709328569471836,0,0,3,3,1,5,1,5,1,1,1,1
2,2,29,0.0218769833445549,0,0,3,3,1,5,1,5,1,1,1,1
2,2,32,0.007826489396393299,0,0,3,4,1,2,1,2,1,1,1,1
2,2,37,0.012302831746637821,0,0,3,5,1,2,1,2,1,2,1,2
2,2,39,0.02030777744948864,0,0,3,5,1,4,1,4,1,2,1,2
2,2,40,0.02116180770099163,0,0,3,5,1,5,1,5,1,2,1,2
2,2,41,0.06693993508815765,0,1,3,6,1,1,1,1,1,1,1,5
2,2,42,0.015373137779533863,0,1,3,6,1,2,1,2,1,1,1,5
2,2,43,0.01946309581398964,0,1,3,6,1,3,1,3,1,1,1,5
2,2,44,0.1868729144334793,0,1,3,6,1,4,1,4,1,1,1,5
2,2,45,0.10265900939702988,0,1,3,6,1,5,1,5,1,1,1,5
2,3,7,0.015388728119432926,0,0,3,3,1,2,1,2,1,1,1,1
2,3,8,0.019937539473176003,0,0,3,3,1,2,1,2,1,1,1,1
2,3,9,0.012470780871808529,0,0,3,3,1,2,1,2,1,1,1,1
2,3,11,0.004673969931900501,0,0,3,3,1,2,1,2,1,1,1,1
2,3,13,0.006011606194078922,0,0,3,3,1,3,1,3,1,1,1,1
2,3,16,0.08795248717069626,0,0,3,3,1,3,1,3,1,1,1,1
2,3,18,0.028880810365080833,0,0,3,3,1,3,1,3,1,1,1,1
2,3,20,0.12650525569915771,0,0,3,3,1,4,1,4,1,1,1,1
2,3,22,0.08924643695354462,0,0,3,3,1,4,1,4,1,1,1,1
2,3,24,0.07382448762655258,0,0,3,3,1,4,1,4,1,1,1,1
2,3,25,0.005488513503223658,0,0,3,3,1,5,1,5,1,1,1,1
2,3,27,0.09130848944187164,0,0,3,3,1,5,1,5,1,1,1,1
2,3,28,0.008568388409912586,0,0,3,3,1,5,1,5,1,1,1,1
2,3,29,0.003536058124154806,0,0,3,3,1,5,1,5,1,1,1,1
2,3,32,0.026377586647868156,0,0,3,4,1,2,1,2,1,1,1,1
2,3,37,0.029145391657948494,0,0,3,5,1,2,1,2,1,2,1,2
2,3,39,0.09206905961036682,0,0,3,5,1,4,1,4,1,2,1,2
2,3,40,0.009339750744402409,0,0,3,5,1,5,1,5,1,2,1,2
2,3,41,0.027028165757656097,0,1,3,6,1,1,1,1,1,1,1,5
2,3,42,0.01750081032514572,0,1,3,6,1,2,1,2,1,1,1,5
2,3,43,0.013991462998092175,0,1,3,6,1,3,1,3,1,1,1,5
2,3,44,0.19848744571208954,0,1,3,6,1,4,1,4,1,1,1,5
2,3,45,0.012266777455806732,0,1,3,6,1,5,1,5,1,1,1,5
2,4,7,0.00580583093687892,0,0,3,3,1,2,1,2,1,1,1,1
2,4,8,0.009567014873027802,0,0,3,3,1,2,1,2,1,1,1,1
2,4,9,0.004340307787060738,0,0,3,3,1,2,1,2,1,1,1,1
2,4,11,0.0017878784565255046,0,0,3,3,1,2,1,2,1,1,1,1
2,4,13,0.0006632089498452842,0,0,3,3,1,3,1,3,1,1,1,1
2,4,16,0.007788052782416344,0,0,3,3,1,3,1,3,1,1,1,1
2,4,18,0.0024585409555584192,0,0,3,3,1,3,1,3,1,1,1,1
2,4,20,0.038803018629550934,0,0,3,3,1,4,1,4,1,1,1,1
2,4,22,0.06939873099327087,0,0,3,3,1,4,1,4,1,1,1,1
2,4,24,0.009913891553878784,0,0,3,3,1,4,1,4,1,1,1,1
2,4,25,0.00726421270519495,0,0,3,3,1,5,1,5,1,1,1,1
2,4,27,0.3459218740463257,0,0,3,3,1,5,1,5,1,1,1,1
2,4,28,0.018483199179172516,0,0,3,3,1,5,1,5,1,1,1,1
2,4,29,0.0062309810891747475,0,0,3,3,1,5,1,5,1,1,1,1
2,4,32,0.011600024998188019,0,0,3,4,1,2,1,2,1,1,1,1
2,4,37,0.010926912538707256,0,0,3,5,1,2,1,2,1,2,1,2
2,4,39,0.009768780320882797,0,0,3,5,1,4,1,4,1,2,1,2
2,4,40,0.0065575260668993,0,0,3,5,1,5,1,5,1,2,1,2
2,4,41,0.059502556920051575,0,1,3,6,1,1,1,1,1,1,1,5
2,4,42,0.012623533606529236,0,1,3,6,1,2,1,2,1,1,1,5
2,4,43,0.005629223305732012,0,1,3,6,1,3,1,3,1,1,1,5
2,4,44,0.21604838967323303,0,1,3,6,1,4,1,4,1,1,1,5
2,4,45,0.13891620934009552,0,1,3,6,1,5,1,5,1,1,1,5
2,5,7,0.0056803543120622635,0,0,3,3,1,2,1,2,1,1,1,1
2,5,8,0.0014665398048236966,0,0,3,3,1,2,1,2,1,1,1,1
2,5,9,0.0006831324426457286,0,0,3,3,1,2,1,2,1,1,1,1
2,5,11,0.00022439405438490212,0,0,3,3,1,2,1,2,1,1,1,1
2,5,13,0.0018490495858713984,0,0,3,3,1,3,1,3,1,1,1,1
2,5,16,0.004136492032557726,0,0,3,3,1,3,1,3,1,1,1,1
2,5,18,0.001197130884975195,0,0,3,3,1,3,1,3,1,1,1,1
2,5,20,0.007453937083482742,0,0,3,3,1,4,1,4,1,1,1,1
2,5,22,0.003335573012009263,0,0,3,3,1,4,1,4,1,1,1,1
2,5,24,0.0010511268628761172,0,0,3,3,1,4,1,4,1,1,1,1
2,5,25,0.012864150106906891,0,0,3,3,1,5,1,5,1,1,1,1
2,5,27,0.8277884125709534,0,0,3,3,1,5,1,5,1,1,1,1
2,5,28,0.025372155010700226,0,0,3,3,1,5,1,5,1,1,1,1
2,5,29,0.013535362668335438,0,0,3,3,1,5,1,5,1,1,1,1
2,5,32,0.00034152044099755585,0,0,3,4,1,2,1,2,1,1,1,1
2,5,37,0.0006676635821349919,0,0,3,5,1,2,1,2,1,2,1,2
2,5,39,6.653111631749198e-05,0,0,3,5,1,4,1,4,1,2,1,2
2,5,40,0.001013253815472126,0,0,3,5,1,5,1,5,1,2,1,2
2,5,41,0.0014240364544093609,0,1,3,6,1,1,1,1,1,1,1,5
2,5,42,0.0018290973966941237,0,1,3,6,1,2,1,2,1,1,1,5
2,5,43,0.0015271661104634404,0,1,3,6,1,3,1,3,1,1,1,5
2,5,44,0.013296741060912609,0,1,3,6,1,4,1,4,1,1,1,5
2,5,45,0.07319607585668564,0,1,3,6,1,5,1,5,1,1,1,5
2,6,7,0.008686571381986141,0,0,3,3,1,2,1,2,1,1,1,1
2,6,8,0.012668832205235958,0,0,3,3,1,2,1,2,1,1,1,1
2,6,9,0.007120073307305574,0,0,3,3,1,2,1,2,1,1,1,1
2,6,11,0.003329677041620016,0,0,3,3,1,2,1,2,1,1,1,1
2,6,13,0.0018928978824988008,0,0,3,3,1,3,1,3,1,1,1,1
2,6,16,0.006446097046136856,0,0,3,3,1,3,1,3,1,1,1,1
2,6,18,0.0027367735747247934,0,0,3,3,1,3,1,3,1,1,1,1
2,6,20,0.028099151328206062,0,0,3,3,1,4,1,4,1,1,1,1
2,6,22,0.03219493106007576,0,0,3,3,1,4,1,4,1,1,1,1
2,6,24,0.00878415908664465,0,0,3,3,1,4,1,4,1,1,1,1
2,6,25,0.020526394248008728,0,0,3,3,1,5,1,5,1,1,1,1
2,6,27,0.30138081312179565,0,0,3,3,1,5,1,5,1,1,1,1
2,6,28,0.04191108047962189,0,0,3,3,1,5,1,5,1,1,1,1
2,6,29,0.0284230075776577,0,0,3,3,1,5,1,5,1,1,1,1
2,6,32,0.01298819575458765,0,0,3,4,1,2,1,2,1,1,1,1
2,6,37,0.027978071942925453,0,0,3,5,1,2,1,2,1,2,1,2
2,6,39,0.007511996664106846,0,0,3,5,1,4,1,4,1,2,1,2
2,6,40,0.028258172795176506,0,0,3,5,1,5,1,5,1,2,1,2
2,6,41,0.049684084951877594,0,1,3,6,1,1,1,1,1,1,1,5
2,6,42,0.017265070229768753,0,1,3,6,1,2,1,2,1,1,1,5
2,6,43,0.008499765768647194,0,1,3,6,1,3,1,3,1,1,1,5
2,6,44,0.10776679217815399,0,1,3,6,1,4,1,4,1,1,1,5
2,6,45,0.2358473688364029,0,1,3,6,1,5,1,5,1,1,1,5
2,10,7,0.009610257111489773,0,0,3,3,2,2,2,2,1,1,1,1
2,10,8,0.01838272623717785,0,0,3,3,2,2,2,2,1,1,1,1
2,10,9,0.01719982549548149,0,0,3,3,2,2,2,2,1,1,1,1
2,10,11,0.004300600849092007,0,0,3,3,2,2,2,2,1,1,1,1
2,10,13,0.022283975034952164,0,0,3,3,2,3,2,3,1,1,1,1
2,10,16,0.14859531819820404,0,0,3,3,2,3,2,3,1,1,1,1
2,10,18,0.2347186952829361,0,0,3,3,2,3,2,3,1,1,1,1
2,10,20,0.114321768283844,0,0,3,3,2,4,2,4,1,1,1,1
2,10,22,0.16654281318187714,0,0,3,3,2,4,2,4,1,1,1,1
2,10,24,0.11506471037864685,0,0,3,3,2,4,2,4,1,1,1,1
2,10,25,0.004408563952893019,0,0,3,3,2,5,2,5,1,1,1,1
2,10,27,0.04979207366704941,0,0,3,3,2,5,2,5,1,1,1,1
2,10,28,0.0038556265644729137,0,0,3,3,2,5,2,5,1,1,1,1
2,10,29,0.020913442596793175,0,0,3,3,2,5,2,5,1,1,1,1
2,10,32,0.0016290233470499516,0,0,3,4,2,2,2,2,1,1,1,1
2,10,37,0.0005916345398873091,0,0,3,5,2,2,2,2,1,2,1,2
2,10,39,0.027709074318408966,0,0,3,5,2,4,2,4,1,2,1,2
2,10,40,0.002572209108620882,0,0,3,5,2,5,2,5,1,2,1,2
2,10,41,0.0007479688501916826,0,1,3,6,2,1,2,1,1,1,1,5
2,10,42,0.00018800440011546016,0,1,3,6,2,2,2,2,1,1,1,5
2,10,43,0.008478817529976368,0,1,3,6,2,3,2,3,1,1,1,5
2,10,44,0.02699347771704197,0,1,3,6,2,4,2,4,1,1,1,5
2,10,45,0.001099573913961649,0,1,3,6,2,5,2,5,1,1,1,5
2,12,7,0.01391770038753748,0,0,3,3,2,2,2,2,1,1,1,1
2,12,8,0.029760660603642464,0,0,3,3,2,2,2,2,1,1,1,1
2,12,9,0.020725108683109283,0,0,3,3,2,2,2,2,1,1,1,1
2,12,11,0.00294472835958004,0,0,3,3,2,2,2,2,1,1,1,1
2,12,13,0.011362207122147083,0,0,3,3,2,3,2,3,1,1,1,1
2,12,16,0.03966467082500458,0,0,3,3,2,3,2,3,1,1,1,1
2,12,18,0.028122682124376297,0,0,3,3,2,3,2,3,1,1,1,1
2,12,20,0.10427526384592056,0,0,3,3,2,4,2,4,1,1,1,1
2,12,22,0.08271001279354095,0,0,3,3,2,4,2,4,1,1,1,1
2,12,24,0.06838862597942352,0,0,3,3,2,4,2,4,1,1,1,1
2,12,25,0.011836133897304535,0,0,3,3,2,5,2,5,1,1,1,1
2,12,27,0.32721322774887085,0,0,3,3,2,5,2,5,1,1,1,1
2,12,28,0.01296941190958023,0,0,3,3,2,5,2,5,1,1,1,1
2,12,29,0.08483944088220596,0,0,3,3,2,5,2,5,1,1,1,1
2,12,32,0.009694739244878292,0,0,3,4,2,2,2,2,1,1,1,1
2,12,37,0.004215745721012354,0,0,3,5,2,2,2,2,1,2,1,2
2,12,39,0.008378439582884312,0,0,3,5,2,4,2,4,1,2,1,2
2,12,40,0.007161061279475689,0,0,3,5,2,5,2,5,1,2,1,2
2,12,41,0.008453033864498138,0,1,3,6,2,1,2,1,1,1,1,5
2,12,42,0.0018332540057599545,0,1,3,6,2,2,2,2,1,1,1,5
2,12,43,0.012895242311060429,0,1,3,6,2,3,2,3,1,1,1,5
2,12,44,0.07761898636817932,0,1,3,6,2,4,2,4,1,1,1,5
2,12,45,0.031019316986203194,0,1,3,6,2,5,2,5,1,1,1,5
2,14,7,0.0429777167737484,0,0,3,3,3,2,3,2,1,1,1,1
2,14,8,0.01320137083530426,0,0,3,3,3,2,3,2,1,1,1,1
2,14,9,0.004160895943641663,0,0,3,3,3,2,3,2,1,1,1,1
2,14,11,0.005977066233754158,0,0,3,3,3,2,3,2,1,1,1,1
2,14,13,0.009795617312192917,0,0,3,3,3,3,3,3,1,1,1,1
2,14,16,0.016364721581339836,0,0,3,3,3,3,3,3,1,1,1,1
2,14,18,0.011706290766596794,0,0,3,3,3,3,3,3,1,1,1,1
2,14,20,0.004873400088399649,0,0,3,3,3,4,3,4,1,1,1,1
2,14,22,0.022102966904640198,0,0,3,3,3,4,3,4,1,1,1,1
2,14,24,0.009272837080061436,0,0,3,3,3,4,3,4,1,1,1,1
2,14,25,0.03139711916446686,0,0,3,3,3,5,3,5,1,1,1,1
2,14,27,0.31829679012298584,0,0,3,3,3,5,3,5,1,1,1,1
2,14,28,0.035934582352638245,0,0,3,3,3,5,3,5,1,1,1,1
2,14,29,0.35855862498283386,0,0,3,3,3,5,3,5,1,1,1,1
2,14,32,0.0010182305704802275,0,0,3,4,3,2,3,2,1,1,1,1
2,14,37,0.0011154580861330032,0,0,3,5,3,2,3,2,1,2,1,2
2,14,39,0.004636783618479967,0,0,3,5,3,4,3,4,1,2,1,2
2,14,40,0.03436949476599693,0,0,3,5,3,5,3,5,1,2,1,2
2,14,41,0.010079956613481045,0,1,3,6,3,1,3,1,1,1,1,5
2,14,42,0.0012848778860643506,0,1,3,6,3,2,3,2,1,1,1,5
2,14,43,0.004431728273630142,0,1,3,6,3,3,3,3,1,1,1,5
2,14,44,0.008875090628862381,0,1,3,6,3,4,3,4,1,1,1,5
2,14,45,0.04956861585378647,0,1,3,6,3,5,3,5,1,1,1,5
2,15,7,0.04049033299088478,0,0,3,3,3,2,3,2,1,1,1,1
2,15,8,0.03773656487464905,0,0,3,3,3,2,3,2,1,1,1,1
2,15,9,0.01574806496500969,0,0,3,3,3,2,3,2,1,1,1,1
2,15,11,0.019998682662844658,0,0,3,3,3,2,3,2,1,1,1,1
2,15,13,0.039070431143045425,0,0,3,3,3,3,3,3,1,1,1,1
2,15,16,0.04801453277468681,0,0,3,3,3,3,3,3,1,1,1,1
2,15,18,0.05790123715996742,0,0,3,3,3,3,3,3,1,1,1,1
2,15,20,0.022575845941901207,0,0,3,3,3,4,3,4,1,1,1,1
2,15,22,0.0892806127667427,0,0,3,3,3,4,3,4,1,1,1,1
2,15,24,0.09347902238368988,0,0,3,3,3,4,3,4,1,1,1,1
2,15,25,0.01273791491985321,0,0,3,3,3,5,3,5,1,1,1,1
2,15,27,0.043904032558202744,0,0,3,3,3,5,3,5,1,1,1,1
2,15,28,0.009842926636338234,0,0,3,3,3,5,3,5,1,1,1,1
2,15,29,0.06501206755638123,0,0,3,3,3,5,3,5,1,1,1,1
2,15,32,0.011319092474877834,0,0,3,4,3,2,3,2,1,1,1,1
2,15,37,0.0021419019903987646,0,0,3,5,3,2,3,2,1,2,1,2
2,15,39,0.11107677966356277,0,0,3,5,3,4,3,4,1,2,1,2
2,15,40,0.019319726154208183,0,0,3,5,3,5,3,5,1,2,1,2
2,15,41,0.16160020232200623,0,1,3,6,3,1,3,1,1,1,1,5
2,15,42,0.006313126999884844,0,1,3,6,3,2,3,2,1,1,1,5
2,15,43,0.032365892082452774,0,1,3,6,3,3,3,3,1,1,1,5
2,15,44,0.04434914141893387,0,1,3,6,3,4,3,4,1,1,1,5
2,15,45,0.015722088515758514,0,1,3,6,3,5,3,5,1,1,1,5
2,17,7,0.06180135905742645,0,0,3,3,3,2,3,2,1,1,1,1
2,17,8,0.033366065472364426,0,0,3,3,3,2,3,2,1,1,1,1
2,17,9,0.014379472471773624,0,0,3,3,3,2,3,2,1,1,1,1
2,17,11,0.029410986229777336,0,0,3,3,3,2,3,2,1,1,1,1
2,17,13,0.08594897389411926,0,0,3,3,3,3,3,3,1,1,1,1
2,17,16,0.04576753079891205,0,0,3,3,3,3,3,3,1,1,1,1
2,17,18,0.08932959288358688,0,0,3,3,3,3,3,3,1,1,1,1
2,17,20,0.008714236319065094,0,0,3,3,3,4,3,4,1,1,1,1
2,17,22,0.0486103780567646,0,0,3,3,3,4,3,4,1,1,1,1
2,17,24,0.04788338765501976,0,0,3,3,3,4,3,4,1,1,1,1
2,17,25,0.028365792706608772,0,0,3,3,3,5,3,5,1,1,1,1
2,17,27,0.05025586113333702,0,0,3,3,3,5,3,5,1,1,1,1
2,17,28,0.012536900117993355,0,0,3,3,3,5,3,5,1,1,1,1
2,17,29,0.3328759968280792,0,0,3,3,3,5,3,5,1,1,1,1
2,17,32,0.004432531073689461,0,0,3,4,3,2,3,2,1,1,1,1
2,17,37,0.0004285782342776656,0,0,3,5,3,2,3,2,1,2,1,2
2,17,39,0.019842879846692085,0,0,3,5,3,4,3,4,1,2,1,2
2,17,40,0.011120809242129326,0,0,3,5,3,5,3,5,1,2,1,2
2,17,41,0.03722226247191429,0,1,3,6,3,1,3,1,1,1,1,5
2,17,42,0.0019448439124971628,0,1,3,6,3,2,3,2,1,1,1,5
2,17,43,0.017957182601094246,0,1,3,6,3,3,3,3,1,1,1,5
2,17,44,0.007253102492541075,0,1,3,6,3,4,3,4,1,1,1,5
2,17,45,0.010551266372203827,0,1,3,6,3,5,3,5,1,1,1,5
2,19,7,0.02468934841454029,0,0,3,3,4,2,4,2,1,1,1,1
2,19,8,0.01355994213372469,0,0,3,3,4,2,4,2,1,1,1,1
2,19,9,0.009661061689257622,0,0,3,3,4,2,4,2,1,1,1,1
2,19,11,0.009719428606331348,0,0,3,3,4,2,4,2,1,1,1,1
2,19,13,0.012200484983623028,0,0,3,3,4,3,4,3,1,1,1,1
2,19,16,0.0030195037834346294,0,0,3,3,4,3,4,3,1,1,1,1
2,19,18,0.005770924035459757,0,0,3,3,4,3,4,3,1,1,1,1
2,19,20,0.005742887035012245,0,0,3,3,4,4,4,4,1,1,1,1
2,19,22,0.017768174409866333,0,0,3,3,4,4,4,4,1,1,1,1
2,19,24,0.004563267342746258,0,0,3,3,4,4,4,4,1,1,1,1
2,19,25,0.04111893102526665,0,0,3,3,4,5,4,5,1,1,1,1
2,19,27,0.15476399660110474,0,0,3,3,4,5,4,5,1,1,1,1
2,19,28,0.04839623346924782,0,0,3,3,4,5,4,5,1,1,1,1
2,19,29,0.3571403920650482,0,0,3,3,4,5,4,5,1,1,1,1
2,19,32,0.003524838713929057,0,0,3,4,4,2,4,2,1,1,1,1
2,19,37,0.0010193180060014129,0,0,3,5,4,2,4,2,1,2,1,2
2,19,39,0.0011764764785766602,0,0,3,5,4,4,4,4,1,2,1,2
2,19,40,0.011668242514133453,0,0,3,5,4,5,4,5,1,2,1,2
2,19,41,0.0436694361269474,0,1,3,6,4,1,4,1,1,1,1,5
2,19,42,0.0030053555965423584,0,1,3,6,4,2,4,2,1,1,1,5
2,19,43,0.012636288069188595,0,1,3,6,4,3,4,3,1,1,1,5
2,19,44,0.010661645792424679,0,1,3,6,4,4,4,4,1,1,1,5
2,19,45,0.2045239806175232,0,1,3,6,4,5,4,5,1,1,1,5
2,21,7,0.034609511494636536,0,0,3,3,4,2,4,2,1,1,1,1
2,21,8,0.004112204536795616,0,0,3,3,4,2,4,2,1,1,1,1
2,21,9,0.004389108158648014,0,0,3,3,4,2,4,2,1,1,1,1
2,21,11,0.005242988932877779,0,0,3,3,4,2,4,2,1,1,1,1
2,21,13,0.0277117732912302,0,0,3,3,4,3,4,3,1,1,1,1
2,21,16,0.0013226523296907544,0,0,3,3,4,3,4,3,1,1,1,1
2,21,18,0.0028376749251037836,0,0,3,3,4,3,4,3,1,1,1,1
2,21,20,0.0021993997506797314,0,0,3,3,4,4,4,4,1,1,1,1
2,21,22,0.0034053679555654526,0,0,3,3,4,4,4,4,1,1,1,1
2,21,24,0.0009327362640760839,0,0,3,3,4,4,4,4,1,1,1,1
2,21,25,0.05827001854777336,0,0,3,3,4,5,4,5,1,1,1,1
2,21,27,0.15280093252658844,0,0,3,3,4,5,4,5,1,1,1,1
2,21,28,0.05084420368075371,0,0,3,3,4,5,4,5,1,1,1,1
2,21,29,0.4496690332889557,0,0,3,3,4,5,4,5,1,1,1,1
2,21,32,0.0011221589520573616,0,0,3,4,4,2,4,2,1,1,1,1
2,21,37,0.0002274129947181791,0,0,3,5,4,2,4,2,1,2,1,2
2,21,39,7.5581505370792e-05,0,0,3,5,4,4,4,4,1,2,1,2
2,21,40,0.0033725982066243887,0,0,3,5,4,5,4,5,1,2,1,2
2,21,41,0.033066969364881516,0,1,3,6,4,1,4,1,1,1,1,5
2,21,42,0.001799180987291038,0,1,3,6,4,2,4,2,1,1,1,5
2,21,43,0.008897661231458187,0,1,3,6,4,3,4,3,1,1,1,5
2,21,44,0.0019242120906710625,0,1,3,6,4,4,4,4,1,1,1,5
2,21,45,0.1511666625738144,0,1,3,6,4,5,4,5,1,1,1,5
2,23,7,0.016908228397369385,0,0,3,3,4,2,4,2,1,1,1,1
2,23,8,0.009966414421796799,0,0,3,3,4,2,4,2,1,1,1,1
2,23,9,0.009097890928387642,0,0,3,3,4,2,4,2,1,1,1,1
2,23,11,0.005622460972517729,0,0,3,3,4,2,4,2,1,1,1,1
2,23,13,0.018284872174263,0,0,3,3,4,3,4,3,1,1,1,1
2,23,16,0.001263426966033876,0,0,3,3,4,3,4,3,1,1,1,1
2,23,18,0.0025709629990160465,0,0,3,3,4,3,4,3,1,1,1,1
2,23,20,0.005565585568547249,0,0,3,3,4,4,4,4,1,1,1,1
2,23,22,0.010026823729276657,0,0,3,3,4,4,4,4,1,1,1,1
2,23,24,0.0027615316212177277,0,0,3,3,4,4,4,4,1,1,1,1
2,23,25,0.03804236650466919,0,0,3,3,4,5,4,5,1,1,1,1
2,23,27,0.16165898740291595,0,0,3,3,4,5,4,5,1,1,1,1
2,23,28,0.05992559716105461,0,0,3,3,4,5,4,5,1,1,1,1
2,23,29,0.3242272436618805,0,0,3,3,4,5,4,5,1,1,1,1
2,23,32,0.003196781501173973,0,0,3,4,4,2,4,2,1,1,1,1
2,23,37,0.0007583405822515488,0,0,3,5,4,2,4,2,1,2,1,2
2,23,39,0.00043220262159593403,0,0,3,5,4,4,4,4,1,2,1,2
2,23,40,0.00828242115676403,0,0,3,5,4,5,4,5,1,2,1,2
2,23,41,0.06570177525281906,0,1,3,6,4,1,4,1,1,1,1,5
2,23,42,0.002538580447435379,0,1,3,6,4,2,4,2,1,1,1,5
2,23,43,0.010913809761404991,0,1,3,6,4,3,4,3,1,1,1,5
2,23,44,0.008186431601643562,0,1,3,6,4,4,4,4,1,1,1,5
2,23,45,0.23406706750392914,0,1,3,6,4,5,4,5,1,1,1,5
2,26,7,0.044037576764822006,0,0,3,3,5,2,5,2,1,1,1,1
2,26,8,0.00755492877215147,0,0,3,3,5,2,5,2,1,1,1,1
2,26,9,0.005241046659648418,0,0,3,3,5,2,5,2,1,1,1,1
2,26,11,0.011102830991148949,0,0,3,3,5,2,5,2,1,1,1,1
2,26,13,0.019720274955034256,0,0,3,3,5,3,5,3,1,1,1,1
2,26,16,0.007071554195135832,0,0,3,3,5,3,5,3,1,1,1,1
2,26,18,0.012185310013592243,0,0,3,3,5,3,5,3,1,1,1,1
2,26,20,0.009845002554357052,0,0,3,3,5,4,5,4,1,1,1,1
2,26,22,0.03588930144906044,0,0,3,3,5,4,5,4,1,1,1,1
2,26,24,0.004301799926906824,0,0,3,3,5,4,5,4,1,1,1,1
2,26,25,0.06268411129713058,0,0,3,3,5,5,5,5,1,1,1,1
2,26,27,0.28672948479652405,0,0,3,3,5,5,5,5,1,1,1,1
2,26,28,0.08109311014413834,0,0,3,3,5,5,5,5,1,1,1,1
2,26,29,0.14953891932964325,0,0,3,3,5,5,5,5,1,1,1,1
2,26,32,0.0012357549276202917,0,0,3,4,5,2,5,2,1,1,1,1
2,26,37,0.00048221609904430807,0,0,3,5,5,2,5,2,1,2,1,2
2,26,39,0.002491525374352932,0,0,3,5,5,4,5,4,1,2,1,2
2,26,40,0.0069708204828202724,0,0,3,5,5,5,5,5,1,2,1,2
2,26,41,0.03499222546815872,0,1,3,6,5,1,5,1,1,1,1,5
2,26,42,0.004972382448613644,0,1,3,6,5,2,5,2,1,1,1,5
2,26,43,0.01281673088669777,0,1,3,6,5,3,5,3,1,1,1,5
2,26,44,0.014838241040706635,0,1,3,6,5,4,5,4,1,1,1,5
2,26,45,0.1842048317193985,0,1,3,6,5,5,5,5,1,1,1,5
2,30,7,0.03503512591123581,0,0,3,3,5,2,5,2,1,1,1,1
2,30,8,0.017439382150769234,0,0,3,3,5,2,5,2,1,1,1,1
2,30,9,0.017363371327519417,0,0,3,3,5,2,5,2,1,1,1,1
2,30,11,0.033485107123851776,0,0,3,3,5,2,5,2,1,1,1,1
2,30,13,0.05490933358669281,0,0,3,3,5,3,5,3,1,1,1,1
2,30,16,0.022338146343827248,0,0,3,3,5,3,5,3,1,1,1,1
2,30,18,0.06645219027996063,0,0,3,3,5,3,5,3,1,1,1,1
2,30,20,0.052865009754896164,0,0,3,3,5,4,5,4,1,1,1,1
2,30,22,0.12945213913917542,0,0,3,3,5,4,5,4,1,1,1,1
2,30,24,0.029177293181419373,0,0,3,3,5,4,5,4,1,1,1,1
2,30,25,0.05364731326699257,0,0,3,3,5,5,5,5,1,1,1,1
2,30,27,0.07670091837644577,0,0,3,3,5,5,5,5,1,1,1,1
2,30,28,0.04462093859910965,0,0,3,3,5,5,5,5,1,1,1,1
2,30,29,0.03337826579809189,0,0,3,3,5,5,5,5,1,1,1,1
2,30,32,0.008124932646751404,0,0,3,4,5,2,5,2,1,1,1,1
2,30,37,0.0011300985934212804,0,0,3,5,5,2,5,2,1,2,1,2
2,30,39,0.02332758530974388,0,0,3,5,5,4,5,4,1,2,1,2
2,30,40,0.004957633092999458,0,0,3,5,5,5,5,5,1,2,1,2
2,30,41,0.10643122345209122,0,1,3,6,5,1,5,1,1,1,1,5
2,30,42,0.014665397815406322,0,1,3,6,5,2,5,2,1,1,1,5
2,30,43,0.056531112641096115,0,1,3,6,5,3,5,3,1,1,1,5
2,30,44,0.05239132419228554,0,1,3,6,5,4,5,4,1,1,1,5
2,30,45,0.0655762255191803,0,1,3,6,5,5,5,5,1,1,1,5
2,31,7,0.0062721665017306805,0,0,4,3,1,2,1,2,1,1,1,1
2,31,8,0.01485245767980814,0,0,4,3,1,2,1,2,1,1,1,1
2,31,9,0.009497113525867462,0,0,4,3,1,2,1,2,1,1,1,1
2,31,11,0.0017555917147547007,0,0,4,3,1,2,1,2,1,1,1,1
2,31,13,0.0014011284802109003,0,0,4,3,1,3,1,3,1,1,1,1
2,31,16,0.014319077134132385,0,0,4,3,1,3,1,3,1,1,1,1
2,31,18,0.002210069913417101,0,0,4,3,1,3,1,3,1,1,1,1
2,31,20,0.04575776681303978,0,0,4,3,1,4,1,4,1,1,1,1
2,31,22,0.04998777061700821,0,0,4,3,1,4,1,4,1,1,1,1
2,31,24,0.01690874807536602,0,0,4,3,1,4,1,4,1,1,1,1
2,31,25,0.0047284625470638275,0,0,4,3,1,5,1,5,1,1,1,1
2,31,27,0.15554693341255188,0,0,4,3,1,5,1,5,1,1,1,1
2,31,28,0.010143512859940529,0,0,4,3,1,5,1,5,1,1,1,1
2,31,29,0.005734682083129883,0,0,4,3,1,5,1,5,1,1,1,1
2,31,32,0.02320888824760914,0,0,4,4,1,2,1,2,1,1,1,1
2,31,37,0.056789033114910126,0,0,4,5,1,2,1,2,1,2,1,2
2,31,39,0.015803372487425804,0,0,4,5,1,4,1,4,1,2,1,2
2,31,40,0.012642492540180683,0,0,4,5,1,5,1,5,1,2,1,2
2,31,41,0.09804031997919083,0,1,4,6,1,1,1,1,1,1,1,5
2,31,42,0.040009889751672745,0,1,4,6,1,2,1,2,1,1,1,5
2,31,43,0.01615944132208824,0,1,4,6,1,3,1,3,1,1,1,5
2,31,44,0.2943096458911896,0,1,4,6,1,4,1,4,1,1,1,5
2,31,45,0.10392101854085922,0,1,4,6,1,5,1,5,1,1,1,5
2,33,7,0.029993325471878052,0,0,4,3,3,2,3,2,1,1,1,1
2,33,8,0.016350386664271355,0,0,4,3,3,2,3,2,1,1,1,1
2,33,9,0.00814516469836235,0,0,4,3,3,2,3,2,1,1,1,1
2,33,11,0.00733008049428463,0,0,4,3,3,2,3,2,1,1,1,1
2,33,13,0.023102324455976486,0,0,4,3,3,3,3,3,1,1,1,1
2,33,16,0.009003511629998684,0,0,4,3,3,3,3,3,1,1,1,1
2,33,18,0.0070413099601864815,0,0,4,3,3,3,3,3,1,1,1,1
2,33,20,0.008424428291618824,0,0,4,3,3,4,3,4,1,1,1,1
2,33,22,0.020839499309659004,0,0,4,3,3,4,3,4,1,1,1,1
2,33,24,0.015470225363969803,0,0,4,3,3,4,3,4,1,1,1,1
2,33,25,0.03395157307386398,0,0,4,3,3,5,3,5,1,1,1,1
2,33,27,0.18873733282089233,0,0,4,3,3,5,3,5,1,1,1,1
2,33,28,0.02112087607383728,0,0,4,3,3,5,3,5,1,1,1,1
2,33,29,0.20190657675266266,0,0,4,3,3,5,3,5,1,1,1,1
2,33,32,0.00714667234569788,0,0,4,4,3,2,3,2,1,1,1,1
2,33,37,0.0013803273905068636,0,0,4,5,3,2,3,2,1,2,1,2
2,33,39,0.0030025371816009283,0,0,4,5,3,4,3,4,1,2,1,2
2,33,40,0.008726882748305798,0,0,4,5,3,5,3,5,1,2,1,2
2,33,41,0.21662649512290955,0,1,4,6,3,1,3,1,1,1,1,5
2,33,42,0.01031704805791378,0,1,4,6,3,2,3,2,1,1,1,5
2,33,43,0.021611563861370087,0,1,4,6,3,3,3,3,1,1,1,5
2,33,44,0.023416297510266304,0,1,4,6,3,4,3,4,1,1,1,5
2,33,45,0.11635562777519226,0,1,4,6,3,5,3,5,1,1,1,5
2,34,7,0.001459399121813476,0,0,4,3,4,2,4,2,1,1,1,1
2,34,8,0.0004857196763623506,0,0,4,3,4,2,4,2,1,1,1,1
2,34,9,0.00029532465850934386,0,0,4,3,4,2,4,2,1,1,1,1
2,34,11,0.00019604127737693489,0,0,4,3,4,2,4,2,1,1,1,1
2,34,13,0.0004681974241975695,0,0,4,3,4,3,4,3,1,1,1,1
2,34,16,6.022019806550816e-05,0,0,4,3,4,3,4,3,1,1,1,1
2,34,18,4.1320890886709094e-05,0,0,4,3,4,3,4,3,1,1,1,1
2,34,20,0.0002647650253493339,0,0,4,3,4,4,4,4,1,1,1,1
2,34,22,0.0004318514547776431,0,0,4,3,4,4,4,4,1,1,1,1
2,34,24,4.4208893086761236e-05,0,0,4,3,4,4,4,4,1,1,1,1
2,34,25,0.014206912368535995,0,0,4,3,4,5,4,5,1,1,1,1
2,34,27,0.17334029078483582,0,0,4,3,4,5,4,5,1,1,1,1
2,34,28,0.041925013065338135,0,0,4,3,4,5,4,5,1,1,1,1
2,34,29,0.028842691332101822,0,0,4,3,4,5,4,5,1,1,1,1
2,34,32,0.00011441636161180213,0,0,4,4,4,2,4,2,1,1,1,1
2,34,37,0.0002351164584979415,0,0,4,5,4,2,4,2,1,2,1,2
2,34,39,3.567648491298314e-06,0,0,4,5,4,4,4,4,1,2,1,2
2,34,40,0.0012186887906864285,0,0,4,5,4,5,4,5,1,2,1,2
2,34,41,0.005940692964941263,0,1,4,6,4,1,4,1,1,1,1,5
2,34,42,0.0020893693435937166,0,1,4,6,4,2,4,2,1,1,1,5
2,34,43,0.0015097047435119748,0,1,4,6,4,3,4,3,1,1,1,5
2,34,44,0.003094624262303114,0,1,4,6,4,4,4,4,1,1,1,5
2,34,45,0.7237316370010376,0,1,4,6,4,5,4,5,1,1,1,5
2,35,7,0.017954185605049133,0,0,4,3,5,2,5,2,1,1,1,1
2,35,8,0.010730432346463203,0,0,4,3,5,2,5,2,1,1,1,1
2,35,9,0.012968762777745724,0,0,4,3,5,2,5,2,1,1,1,1
2,35,11,0.009680339135229588,0,0,4,3,5,2,5,2,1,1,1,1
2,35,13,0.03854203596711159,0,0,4,3,5,3,5,3,1,1,1,1
2,35,16,0.0069828759878873825,0,0,4,3,5,3,5,3,1,1,1,1
2,35,18,0.01754528470337391,0,0,4,3,5,3,5,3,1,1,1,1
2,35,20,0.06616663932800293,0,0,4,3,5,4,5,4,1,1,1,1
2,35,22,0.09813323616981506,0,0,4,3,5,4,5,4,1,1,1,1
2,35,24,0.012322256341576576,0,0,4,3,5,4,5,4,1,1,1,1
2,35,25,0.038492802530527115,0,0,4,3,5,5,5,5,1,1,1,1
2,35,27,0.07534273713827133,0,0,4,3,5,5,5,5,1,1,1,1
2,35,28,0.01992814987897873,0,0,4,3,5,5,5,5,1,1,1,1
2,35,29,0.0105155473574996,0,0,4,3,5,5,5,5,1,1,1,1
2,35,32,0.014727789908647537,0,0,4,4,5,2,5,2,1,1,1,1
2,35,37,0.00032561426633037627,0,0,4,5,5,2,5,2,1,2,1,2
2,35,39,0.0016558946808800101,0,0,4,5,5,4,5,4,1,2,1,2
2,35,40,0.0003495037090033293,0,0,4,5,5,5,5,5,1,2,1,2
2,35,41,0.19269467890262604,0,1,4,6,5,1,5,1,1,1,1,5
2,35,42,0.029568664729595184,0,1,4,6,5,2,5,2,1,1,1,5
2,35,43,0.14132153987884521,0,1,4,6,5,3,5,3,1,1,1,5
2,35,44,0.058820389211177826,0,1,4,6,5,4,5,4,1,1,1,5
2,35,45,0.1252308189868927,0,1,4,6,5,5,5,5,1,1,1,5
2,36,7,8.721487392904237e-05,0,0,5,3,1,2,1,2,2,1,2,1
2,36,8,5.45826114830561e-05,0,0,5,3,1,2,1,2,2,1,2,1
2,36,9,1.0442430721013807e-05,0,0,5,3,1,2,1,2,2,1,2,1
2,36,11,1.641832113818964e-06,0,0,5,3,1,2,1,2,2,1,2,1
2,36,13,3.601981234169216e-06,0,0,5,3,1,3,1,3,2,1,2,1
2,36,16,7.253191870404407e-05,0,0,5,3,1,3,1,3,2,1,2,1
2,36,18,3.3591791179787833e-06,0,0,5,3,1,3,1,3,2,1,2,1
2,36,20,0.00027381055406294763,0,0,5,3,1,4,1,4,2,1,2,1
2,36,22,0.00016003710334189236,0,0,5,3,1,4,1,4,2,1,2,1
2,36,24,5.8921737036143895e-06,0,0,5,3,1,4,1,4,2,1,2,1
2,36,25,0.0008901813416741788,0,0,5,3,1,5,1,5,2,1,2,1
2,36,27,0.8482785224914551,0,0,5,3,1,5,1,5,2,1,2,1
2,36,28,0.018498655408620834,0,0,5,3,1,5,1,5,2,1,2,1
2,36,29,0.0003920786257367581,0,0,5,3,1,5,1,5,2,1,2,1
2,36,32,2.22412268158223e-06,0,0,5,4,1,2,1,2,2,1,2,1
2,36,37,0.0006955078570172191,0,0,5,5,1,2,1,2,2,2,2,2
2,36,39,1.527712811366655e-06,0,0,5,5,1,4,1,4,2,2,2,2
2,36,40,0.0012322919210419059,0,0,5,5,1,5,1,5,2,2,2,2
2,36,41,2.3342219719779678e-05,0,1,5,6,1,1,1,1,2,1,2,5
2,36,42,0.00017944962019100785,0,1,5,6,1,2,1,2,2,1,2,5
2,36,43,2.2826523490948603e-05,0,1,5,6,1,3,1,3,2,1,2,5
2,36,44,0.004528104327619076,0,1,5,6,1,4,1,4,2,1,2,5
2,36,45,0.12458271533250809,0,1,5,6,1,5,1,5,2,1,2,5
2,38,7,0.006078215781599283,0,0,5,3,3,2,3,2,2,1,2,1
2,38,8,0.002568075666204095,0,0,5,3,3,2,3,2,2,1,2,1
2,38,9,0.0003466820635367185,0,0,5,3,3,2,3,2,2,1,2,1
2,38,11,0.00022239852114580572,0,0,5,3,3,2,3,2,2,1,2,1
2,38,13,0.006896031089127064,0,0,5,3,3,3,3,3,2,1,2,1
2,38,16,0.04315809905529022,0,0,5,3,3,3,3,3,2,1,2,1
2,38,18,0.012845753692090511,0,0,5,3,3,3,3,3,2,1,2,1
2,38,20,0.0029345103539526463,0,0,5,3,3,4,3,4,2,1,2,1
2,38,22,0.005778624210506678,0,0,5,3,3,4,3,4,2,1,2,1
2,38,24,0.0022653539199382067,0,0,5,3,3,4,3,4,2,1,2,1
2,38,25,0.016171706840395927,0,0,5,3,3,5,3,5,2,1,2,1
2,38,27,0.7970365881919861,0,0,5,3,3,5,3,5,2,1,2,1
2,38,28,0.040284354239702225,0,0,5,3,3,5,3,5,2,1,2,1
2,38,29,0.0354604609310627,0,0,5,3,3,5,3,5,2,1,2,1
2,38,32,4.531089871306904e-06,0,0,5,4,3,2,3,2,2,1,2,1
2,38,37,0.00013061414938420057,0,0,5,5,3,2,3,2,2,2,2,2
2,38,39,0.0002571421500761062,0,0,5,5,3,4,3,4,2,2,2,2
2,38,40,0.011462322436273098,0,0,5,5,3,5,3,5,2,2,2,2
2,38,41,5.813356619910337e-05,0,1,5,6,3,1,3,1,2,1,2,5
2,38,42,0.0001006439997581765,0,1,5,6,3,2,3,2,2,1,2,5
2,38,43,0.0012699818471446633,0,1,5,6,3,3,3,3,2,1,2,5
2,38,44,0.0048555838875472546,0,1,5,6,3,4,3,4,2,1,2,5
2,38,45,0.00981331430375576,0,1,5,6,3,5,3,5,2,1,2,5
2,46,7,0.0033322058152407408,2,0,7,3,0,2,0,2,0,1,4,1
2,46,8,0.005481057334691286,2,0,7,3,0,2,0,2,0,1,4,1
2,46,9,0.007182776927947998,2,0,7,3,0,2,0,2,0,1,4,1
2,46,11,0.0017391180153936148,2,0,7,3,0,2,0,2,0,1,4,1
2,46,13,0.08263901621103287,2,0,7,3,0,3,0,3,0,1,4,1
2,46,16,0.040851857513189316,2,0,7,3,0,3,0,3,0,1,4,1
2,46,18,0.02959735132753849,2,0,7,3,0,3,0,3,0,1,4,1
2,46,20,0.030885236337780952,2,0,7,3,0,4,0,4,0,1,4,1
2,46,22,0.0171672236174345,2,0,7,3,0,4,0,4,0,1,4,1
2,46,24,0.16629238426685333,2,0,7,3,0,4,0,4,0,1,4,1
2,46,25,0.0006746823783032596,2,0,7,3,0,5,0,5,0,1,4,1
2,46,27,0.0038497946225106716,2,0,7,3,0,5,0,5,0,1,4,1
2,46,28,0.00046161701902747154,2,0,7,3,0,5,0,5,0,1,4,1
2,46,29,0.0005055421497672796,2,0,7,3,0,5,0,5,0,1,4,1
2,46,32,0.003717816900461912,2,0,7,4,0,2,0,2,0,1,4,1
2,46,37,0.0004281211586203426,2,0,7,5,0,2,0,2,0,2,4,2
2,46,39,0.03159328177571297,2,0,7,5,0,4,0,4,0,2,4,2
2,46,40,0.00015326272114180028,2,0,7,5,0,5,0,5,0,2,4,2
2,46,41,0.34252530336380005,2,1,7,6,0,1,0,1,0,1,4,5
2,46,42,0.017485151067376137,2,1,7,6,0,2,0,2,0,1,4,5
2,46,43,0.07694993913173676,2,1,7,6,0,3,0,3,0,1,4,5
2,46,44,0.1349252313375473,2,1,7,6,0,4,0,4,0,1,4,5
2,46,45,0.0015624682419002056,2,1,7,6,0,5,0,5,0,1,4,5
3,7,0,0.02974250540137291,0,0,3,1,2,0,2,0,1,2,1,4
3,7,1,0.002386727835983038,0,0,3,3,2,1,2,1,1,1,1,1
3,7,2,0.0007368215592578053,0,0,3,3,2,1,2,1,1,1,1,1
3,7,3,0.01203237846493721,0,0,3,3,2,1,2,1,1,1,1,1
3,7,4,0.00456905085593462,0,0,3,3,2,1,2,1,1,1,1,1
3,7,5,0.005666984245181084,0,0,3,3,2,1,2,1,1,1,1,1
3,7,6,0.0007104670512489974,0,0,3,3,2,1,2,1,1,1,1,1
3,7,10,0.024298161268234253,0,0,3,3,2,2,2,2,1,1,1,1
3,7,12,0.05881575495004654,0,0,3,3,2,2,2,2,1,1,1,1
3,7,14,0.005057487636804581,0,0,3,3,2,3,2,3,1,1,1,1
3,7,15,0.007752517703920603,0,0,3,3,2,3,2,3,1,1,1,1
3,7,17,0.016480349004268646,0,0,3,3,2,3,2,3,1,1,1,1
3,7,19,0.008504047989845276,0,0,3,3,2,4,2,4,1,1,1,1
3,7,21,0.07846589386463165,0,0,3,3,2,4,2,4,1,1,1,1
3,7,23,0.011315378360450268,0,0,3,3,2,4,2,4,1,1,1,1
3,7,26,0.015244286507368088,0,0,3,3,2,5,2,5,1,1,1,1
3,7,30,0.0993773490190506,0,0,3,3,2,5,2,5,1,1,1,1
3,7,31,0.0007256576791405678,0,0,3,4,2,1,2,1,1,1,1,1
3,7,33,0.009597986936569214,0,0,3,4,2,3,2,3,1,1,1,1
3,7,34,0.09517199546098709,0,0,3,4,2,4,2,4,1,1,1,1
3,7,35,0.019948512315750122,0,0,3,4,2,5,2,5,1,1,1,1
3,7,36,0.022394726052880287,0,0,3,5,2,1,2,1,1,2,1,2
3,7,38,0.44599369168281555,0,0,3,5,2,3,2,3,1,2,1,2
3,7,46,0.0250114593654871,0,2,3,7,2,0,2,0,1,0,1,4
3,8,0,0.010151070542633533,0,0,3,1,2,0,2,0,1,2,1,4
3,8,1,9.17126308195293e-05,0,0,3,3,2,1,2,1,1,1,1,1
3,8,2,0.0001103107861126773,0,0,3,3,2,1,2,1,1,1,1,1
3,8,3,0.0019907329697161913,0,0,3,3,2,1,2,1,1,1,1,1
3,8,4,0.001995207043364644,0,0,3,3,2,1,2,1,1,1,1,1
3,8,5,0.0009011814836412668,0,0,3,3,2,1,2,1,1,1,1,1
3,8,6,0.00026916858041659,0,0,3,3,2,1,2,1,1,1,1,1
3,8,10,0.033982180058956146,0,0,3,3,2,2,2,2,1,1,1,1
3,8,12,0.03465662896633148,0,0,3,3,2,2,2,2,1,1,1,1
3,8,14,0.0014603558229282498,0,0,3,3,2,3,2,3,1,1,1,1
3,8,15,0.0019495267188176513,0,0,3,3,2,3,2,3,1,1,1,1
3,8,17,0.0017484582494944334,0,0,3,3,2,3,2,3,1,1,1,1
3,8,19,0.008938060142099857,0,0,3,3,2,4,2,4,1,1,1,1
3,8,21,0.05317430570721626,0,0,3,3,2,4,2,4,1,1,1,1
3,8,23,0.011960861273109913,0,0,3,3,2,4,2,4,1,1,1,1
3,8,26,0.004223471507430077,0,0,3,3,2,5,2,5,1,1,1,1
3,8,30,0.031087372452020645,0,0,3,3,2,5,2,5,1,1,1,1
3,8,31,0.00017394153110217303,0,0,3,4,2,1,2,1,1,1,1,1
3,8,33,0.0009402247378602624,0,0,3,4,2,3,2,3,1,1,1,1
3,8,34,0.1139114573597908,0,0,3,4,2,4,2,4,1,1,1,1
3,8,35,0.0023839683271944523,0,0,3,4,2,5,2,5,1,1,1,1
3,8,36,0.000567831564694643,0,0,3,5,2,1,2,1,1,2,1,2
3,8,38,0.0036063131410628557,0,0,3,5,2,3,2,3,1,2,1,2
3,8,46,0.6797258853912354,0,2,3,7,2,0,2,0,1,0,1,4
3,9,0,0.0035852903965860605,0,0,3,1,2,0,2,0,1,2,1,4
3,9,1,0.0045929779298603535,0,0,3,3,2,1,2,1,1,1,1,1
3,9,2,0.004256932996213436,0,0,3,3,2,1,2,1,1,1,1,1
3,9,3,0.023945534601807594,0,0,3,3,2,1,2,1,1,1,1,1
3,9,4,0.011814191937446594,0,0,3,3,2,1,2,1,1,1,1,1
3,9,5,0.006294784601777792,0,0,3,3,2,1,2,1,1,1,1,1
3,9,6,0.0027095165569335222,0,0,3,3,2,1,2,1,1,1,1,1
3,9,10,0.01860046200454235,0,0,3,3,2,2,2,2,1,1,1,1
3,9,12,0.04881829023361206,0,0,3,3,2,2,2,2,1,1,1,1
3,9,14,0.01010771282017231,0,0,3,3,2,3,2,3,1,1,1,1
3,9,15,0.02563685178756714,0,0,3,3,2,3,2,3,1,1,1,1
3,9,17,0.026676826179027557,0,0,3,3,2,3,2,3,1,1,1,1
3,9,19,0.02199047990143299,0,0,3,3,2,4,2,4,1,1,1,1
3,9,21,0.31507807970046997,0,0,3,3,2,4,2,4,1,1,1,1
3,9,23,0.014850147999823093,0,0,3,3,2,4,2,4,1,1,1,1
3,9,26,0.02113032154738903,0,0,3,3,2,5,2,5,1,1,1,1
3,9,30,0.11508698016405106,0,0,3,3,2,5,2,5,1,1,1,1
3,9,31,0.0017019466031342745,0,0,3,4,2,1,2,1,1,1,1,1
3,9,33,0.0105472132563591,0,0,3,4,2,3,2,3,1,1,1,1
3,9,34,0.09192879498004913,0,0,3,4,2,4,2,4,1,1,1,1
3,9,35,0.08149582892656326,0,0,3,4,2,5,2,5,1,1,1,1
3,9,36,0.006207384634763002,0,0,3,5,2,1,2,1,1,2,1,2
3,9,38,0.08633534610271454,0,0,3,5,2,3,2,3,1,2,1,2
3,9,46,0.04660786688327789,0,2,3,7,2,0,2,0,1,0,1,4
3,11,0,0.002063094638288021,0,0,3,1,2,0,2,0,1,2,1,4
3,11,1,0.0007123049581423402,0,0,3,3,2,1,2,1,1,1,1,1
3,11,2,0.0022742825094610453,0,0,3,3,2,1,2,1,1,1,1,1
3,11,3,0.011942011304199696,0,0,3,3,2,1,2,1,1,1,1,1
3,11,4,0.009386568330228329,0,0,3,3,2,1,2,1,1,1,1,1
3,11,5,0.004202268552035093,0,0,3,3,2,1,2,1,1,1,1,1
3,11,6,0.0017173030646517873,0,0,3,3,2,1,2,1,1,1,1,1
3,11,10,0.014807398431003094,0,0,3,3,2,2,2,2,1,1,1,1
3,11,12,0.03558117151260376,0,0,3,3,2,2,2,2,1,1,1,1
3,11,14,0.001108952914364636,0,0,3,3,2,3,2,3,1,1,1,1
3,11,15,0.002127022948116064,0,0,3,3,2,3,2,3,1,1,1,1
3,11,17,0.0036017459351569414,0,0,3,3,2,3,2,3,1,1,1,1
3,11,19,0.010090935975313187,0,0,3,3,2,4,2,4,1,1,1,1
3,11,21,0.18286755681037903,0,0,3,3,2,4,2,4,1,1,1,1
3,11,23,0.010940473526716232,0,0,3,3,2,4,2,4,1,1,1,1
3,11,26,0.010232079774141312,0,0,3,3,2,5,2,5,1,1,1,1
3,11,30,0.038545019924640656,0,0,3,3,2,5,2,5,1,1,1,1
3,11,31,0.0007284436724148691,0,0,3,4,2,1,2,1,1,1,1,1
3,11,33,0.0008142610313370824,0,0,3,4,2,3,2,3,1,1,1,1
3,11,34,0.017930835485458374,0,0,3,4,2,4,2,4,1,1,1,1
3,11,35,0.009317833930253983,0,0,3,4,2,5,2,5,1,1,1,1
3,11,36,0.008355594240128994,0,0,3,5,2,1,2,1,1,2,1,2
3,11,38,0.01635740138590336,0,0,3,5,2,3,2,3,1,2,1,2
3,11,46,0.604295015335083,0,2,3,7,2,0,2,0,1,0,1,4
3,13,0,0.0013034987496212125,0,0,3,1,3,0,3,0,1,2,1,4
3,13,1,0.0027428248431533575,0,0,3,3,3,1,3,1,1,1,1,1
3,13,2,0.0012956553837284446,0,0,3,3,3,1,3,1,1,1,1,1
3,13,3,0.0042228540405631065,0,0,3,3,3,1,3,1,1,1,1,1
3,13,4,0.0016015549190342426,0,0,3,3,3,1,3,1,1,1,1,1
3,13,5,0.003492470132187009,0,0,3,3,3,1,3,1,1,1,1,1
3,13,6,0.0003693466424010694,0,0,3,3,3,1,3,1,1,1,1,1
3,13,10,0.0006056301645003259,0,0,3,3,3,2,3,2,1,1,1,1
3,13,12,0.001106749288737774,0,0,3,3,3,2,3,2,1,1,1,1
3,13,14,0.003481135005131364,0,0,3,3,3,3,3,3,1,1,1,1
3,13,15,0.0039875018410384655,0,0,3,3,3,3,3,3,1,1,1,1
3,13,17,0.010781403630971909,0,0,3,3,3,3,3,3,1,1,1,1
3,13,19,0.005573425441980362,0,0,3,3,3,4,3,4,1,1,1,1
3,13,21,0.012680502608418465,0,0,3,3,3,4,3,4,1,1,1,1
3,13,23,0.0024289232678711414,0,0,3,3,3,4,3,4,1,1,1,1
3,13,26,0.005099829751998186,0,0,3,3,3,5,3,5,1,1,1,1
3,13,30,0.013349125161767006,0,0,3,3,3,5,3,5,1,1,1,1
3,13,31,0.00045693235006183386,0,0,3,4,3,1,3,1,1,1,1,1
3,13,33,0.0021456561516970396,0,0,3,4,3,3,3,3,1,1,1,1
3,13,34,0.004990364424884319,0,0,3,4,3,4,3,4,1,1,1,1
3,13,35,0.006564537528902292,0,0,3,4,3,5,3,5,1,1,1,1
3,13,36,0.03734671697020531,0,0,3,5,3,1,3,1,1,2,1,2
3,13,38,0.8742740154266357,0,0,3,5,3,3,3,3,1,2,1,2
3,13,46,9.973156556952745e-05,0,2,3,7,3,0,3,0,1,0,1,4
3,16,0,0.0025386223569512367,0,0,3,1,3,0,3,0,1,2,1,4
3,16,1,0.027760792523622513,0,0,3,3,3,1,3,1,1,1,1,1
3,16,2,0.01594500057399273,0,0,3,3,3,1,3,1,1,1,1,1
3,16,3,0.02891993336379528,0,0,3,3,3,1,3,1,1,1,1,1
3,16,4,0.015838023275136948,0,0,3,3,3,1,3,1,1,1,1,1
3,16,5,0.02100234106183052,0,0,3,3,3,1,3,1,1,1,1,1
3,16,6,0.003225951222702861,0,0,3,3,3,1,3,1,1,1,1,1
3,16,10,0.0037818066775798798,0,0,3,3,3,2,3,2,1,1,1,1
3,16,12,0.014158101752400398,0,0,3,3,3,2,3,2,1,1,1,1
3,16,14,0.01864863932132721,0,0,3,3,3,3,3,3,1,1,1,1
3,16,15,0.027564628049731255,0,0,3,3,3,3,3,3,1,1,1,1
3,16,17,0.040297165513038635,0,0,3,3,3,3,3,3,1,1,1,1
3,16,19,0.027446113526821136,0,0,3,3,3,4,3,4,1,1,1,1
3,16,21,0.07797957211732864,0,0,3,3,3,4,3,4,1,1,1,1
3,16,23,0.008849037811160088,0,0,3,3,3,4,3,4,1,1,1,1
3,16,26,0.019555680453777313,0,0,3,3,3,5,3,5,1,1,1,1
3,16,30,0.09191042184829712,0,0,3,3,3,5,3,5,1,1,1,1
3,16,31,0.0041585625149309635,0,0,3,4,3,1,3,1,1,1,1,1
3,16,33,0.009549252688884735,0,0,3,4,3,3,3,3,1,1,1,1
3,16,34,0.025993620976805687,0,0,3,4,3,4,3,4,1,1,1,1
3,16,35,0.04837450385093689,0,0,3,4,3,5,3,5,1,1,1,1
3,16,36,0.05517197772860527,0,0,3,5,3,1,3,1,1,2,1,2
3,16,38,0.4107300341129303,0,0,3,5,3,3,3,3,1,2,1,2
3,16,46,0.0006003083544783294,0,2,3,7,3,0,3,0,1,0,1,4
3,18,0,0.00017076042422559112,0,0,3,1,3,0,3,0,1,2,1,4
3,18,1,0.0198147464543581,0,0,3,3,3,1,3,1,1,1,1,1
3,18,2,0.012088659219443798,0,0,3,3,3,1,3,1,1,1,1,1
3,18,3,0.011088581755757332,0,0,3,3,3,1,3,1,1,1,1,1
3,18,4,0.005790798459202051,0,0,3,3,3,1,3,1,1,1,1,1
3,18,5,0.018871577456593513,0,0,3,3,3,1,3,1,1,1,1,1
3,18,6,0.0030532837845385075,0,0,3,3,3,1,3,1,1,1,1,1
3,18,10,0.000653090130072087,0,0,3,3,3,2,3,2,1,1,1,1
3,18,12,0.0019134305184707046,0,0,3,3,3,2,3,2,1,1,1,1
3,18,14,0.013074272312223911,0,0,3,3,3,3,3,3,1,1,1,1
3,18,15,0.014825861901044846,0,0,3,3,3,3,3,3,1,1,1,1
3,18,17,0.056159522384405136,0,0,3,3,3,3,3,3,1,1,1,1
3,18,19,0.019520901143550873,0,0,3,3,3,4,3,4,1,1,1,1
3,18,21,0.056612320244312286,0,0,3,3,3,4,3,4,1,1,1,1
3,18,23,0.005185730755329132,0,0,3,3,3,4,3,4,1,1,1,1
3,18,26,0.011123917996883392,0,0,3,3,3,5,3,5,1,1,1,1
3,18,30,0.03786154463887215,0,0,3,3,3,5,3,5,1,1,1,1
3,18,31,0.0015246515395119786,0,0,3,4,3,1,3,1,1,1,1,1
3,18,33,0.002646575216203928,0,0,3,4,3,3,3,3,1,1,1,1
3,18,34,0.0024585830979049206,0,0,3,4,3,4,3,4,1,1,1,1
3,18,35,0.015002305619418621,0,0,3,4,3,5,3,5,1,1,1,1
3,18,36,0.06552094221115112,0,0,3,5,3,1,3,1,1,2,1,2
3,18,38,0.6250044703483582,0,0,3,5,3,3,3,3,1,2,1,2
3,18,46,3.362292773090303e-05,0,2,3,7,3,0,3,0,1,0,1,4
3,20,0,0.055296361446380615,0,0,3,1,4,0,4,0,1,2,1,4
3,20,1,7.40161121939309e-05,0,0,3,3,4,1,4,1,1,1,1,1
3,20,2,5.634187800751533e-06,0,0,3,3,4,1,4,1,1,1,1,1
3,20,3,0.0004457057802937925,0,0,3,3,4,1,4,1,1,1,1,1
3,20,4,0.00020184970344416797,0,0,3,3,4,1,4,1,1,1,1,1
3,20,5,0.0002683721831999719,0,0,3,3,4,1,4,1,1,1,1,1
3,20,6,2.894586941692978e-05,0,0,3,3,4,1,4,1,1,1,1,1
3,20,10,0.019527310505509377,0,0,3,3,4,2,4,2,1,1,1,1
3,20,12,0.013597564771771431,0,0,3,3,4,2,4,2,1,1,1,1
3,20,14,0.007120906375348568,0,0,3,3,4,3,4,3,1,1,1,1
3,20,15,0.003634928958490491,0,0,3,3,4,3,4,3,1,1,1,1
3,20,17,0.0051457565277814865,0,0,3,3,4,3,4,3,1,1,1,1
3,20,19,0.018291013315320015,0,0,3,3,4,4,4,4,1,1,1,1
3,20,21,0.0296272374689579,0,0,3,3,4,4,4,4,1,1,1,1
3,20,23,0.014099420048296452,0,0,3,3,4,4,4,4,1,1,1,1
3,20,26,0.0016596348723396659,0,0,3,3,4,5,4,5,1,1,1,1
3,20,30,0.011461704969406128,0,0,3,3,4,5,4,5,1,1,1,1
3,20,31,2.0005283658974804e-05,0,0,3,4,4,1,4,1,1,1,1,1
3,20,33,0.004243967588990927,0,0,3,4,4,3,4,3,1,1,1,1
3,20,34,0.7709731459617615,0,0,3,4,4,4,4,4,1,1,1,1
3,20,35,0.0008013577316887677,0,0,3,4,4,5,4,5,1,1,1,1
3,20,36,0.00023443848476745188,0,0,3,5,4,1,4,1,1,2,1,2
3,20,38,0.04048110917210579,0,0,3,5,4,3,4,3,1,2,1,2
3,20,46,0.002759102499112487,0,2,3,7,4,0,4,0,1,0,1,4
3,22,0,0.004471210762858391,0,0,3,1,4,0,4,0,1,2,1,4
3,22,1,0.00010151950846193358,0,0,3,3,4,1,4,1,1,1,1,1
3,22,2,2.3498327209381387e-05,0,0,3,3,4,1,4,1,1,1,1,1
3,22,3,0.0005627180216833949,0,0,3,3,4,1,4,1,1,1,1,1
3,22,4,0.00020032632164657116,0,0,3,3,4,1,4,1,1,1,1,1
3,22,5,0.0004866208473686129,0,0,3,3,4,1,4,1,1,1,1,1
3,22,6,6.055911217117682e-05,0,0,3,3,4,1,4,1,1,1,1,1
3,22,10,0.0025934132281690836,0,0,3,3,4,2,4,2,1,1,1,1
3,22,12,0.00481040682643652,0,0,3,3,4,2,4,2,1,1,1,1
3,22,14,0.002195649780333042,0,0,3,3,4,3,4,3,1,1,1,1
3,22,15,0.0010615307837724686,0,0,3,3,4,3,4,3,1,1,1,1
3,22,17,0.004707601387053728,0,0,3,3,4,3,4,3,1,1,1,1
3,22,19,0.00330574088729918,0,0,3,3,4,4,4,4,1,1,1,1
3,22,21,0.010445013642311096,0,0,3,3,4,4,4,4,1,1,1,1
3,22,23,0.002804799238219857,0,0,3,3,4,4,4,4,1,1,1,1
3,22,26,0.001585078425705433,0,0,3,3,4,5,4,5,1,1,1,1
3,22,30,0.010258736088871956,0,0,3,3,4,5,4,5,1,1,1,1
3,22,31,4.1623909055488184e-05,0,0,3,4,4,1,4,1,1,1,1,1
3,22,33,0.0017658034339547157,0,0,3,4,4,3,4,3,1,1,1,1
3,22,34,0.010347521863877773,0,0,3,4,4,4,4,4,1,1,1,1
3,22,35,0.000779486377723515,0,0,3,4,4,5,4,5,1,1,1,1
3,22,36,0.011098192073404789,0,0,3,5,4,1,4,1,1,2,1,2
3,22,38,0.9253039360046387,0,0,3,5,4,3,4,3,1,2,1,2
3,22,46,0.000989011605270207,0,2,3,7,4,0,4,0,1,0,1,4
3,24,0,0.002768500242382288,0,0,3,1,4,0,4,0,1,2,1,4
3,24,1,0.00032696666312403977,0,0,3,3,4,1,4,1,1,1,1,1
3,24,2,0.00016856002912390977,0,0,3,3,4,1,4,1,1,1,1,1
3,24,3,0.003507338697090745,0,0,3,3,4,1,4,1,1,1,1,1
3,24,4,0.0015088132349774241,0,0,3,3,4,1,4,1,1,1,1,1
3,24,5,0.0015332845505326986,0,0,3,3,4,1,4,1,1,1,1,1
3,24,6,0.00070472079096362,0,0,3,3,4,1,4,1,1,1,1,1
3,24,10,0.12617629766464233,0,0,3,3,4,2,4,2,1,1,1,1
3,24,12,0.15596996247768402,0,0,3,3,4,2,4,2,1,1,1,1
3,24,14,0.019252002239227295,0,0,3,3,4,3,4,3,1,1,1,1
3,24,15,0.012917964719235897,0,0,3,3,4,3,4,3,1,1,1,1
3,24,17,0.028759291395545006,0,0,3,3,4,3,4,3,1,1,1,1
3,24,19,0.047865282744169235,0,0,3,3,4,4,4,4,1,1,1,1
3,24,21,0.23135919868946075,0,0,3,3,4,4,4,4,1,1,1,1
3,24,23,0.03866126015782356,0,0,3,3,4,4,4,4,1,1,1,1
3,24,26,0.0026073637418448925,0,0,3,3,4,5,4,5,1,1,1,1
3,24,30,0.007258848287165165,0,0,3,3,4,5,4,5,1,1,1,1
3,24,31,0.00017679815937299281,0,0,3,4,4,1,4,1,1,1,1,1
3,24,33,0.006463383324444294,0,0,3,4,4,3,4,3,1,1,1,1
3,24,34,0.28026944398880005,0,0,3,4,4,4,4,4,1,1,1,1
3,24,35,0.0015148211969062686,0,0,3,4,4,5,4,5,1,1,1,1
3,24,36,0.000621681334450841,0,0,3,5,4,1,4,1,1,2,1,2
3,24,38,0.027266275137662888,0,0,3,5,4,3,4,3,1,2,1,2
3,24,46,0.0023419056087732315,0,2,3,7,4,0,4,0,1,0,1,4
3,25,0,5.101827628095634e-05,0,0,3,1,5,0,5,0,1,2,1,4
3,25,1,0.012247697450220585,0,0,3,3,5,1,5,1,1,1,1,1
3,25,2,0.021075772121548653,0,0,3,3,5,1,5,1,1,1,1,1
3,25,3,0.010178464464843273,0,0,3,3,5,1,5,1,1,1,1,1
3,25,4,0.01987648569047451,0,0,3,3,5,1,5,1,1,1,1,1
3,25,5,0.02845294401049614,0,0,3,3,5,1,5,1,1,1,1,1
3,25,6,0.006794794462621212,0,0,3,3,5,1,5,1,1,1,1,1
3,25,10,0.07974410802125931,0,0,3,3,5,2,5,2,1,1,1,1
3,25,12,0.03784554451704025,0,0,3,3,5,2,5,2,1,1,1,1
3,25,14,0.014815237373113632,0,0,3,3,5,3,5,3,1,1,1,1
3,25,15,0.019368989393115044,0,0,3,3,5,3,5,3,1,1,1,1
3,25,17,0.05296097323298454,0,0,3,3,5,3,5,3,1,1,1,1
3,25,19,0.15839479863643646,0,0,3,3,5,4,5,4,1,1,1,1
3,25,21,0.41285574436187744,0,0,3,3,5,4,5,4,1,1,1,1
3,25,23,0.08434423059225082,0,0,3,3,5,4,5,4,1,1,1,1
3,25,26,0.006757910363376141,0,0,3,3,5,5,5,5,1,1,1,1
3,25,30,0.004066766705363989,0,0,3,3,5,5,5,5,1,1,1,1
3,25,31,0.000437516049714759,0,0,3,4,5,1,5,1,1,1,1,1
3,25,33,0.0005916210939176381,0,0,3,4,5,3,5,3,1,1,1,1
3,25,34,0.02810528688132763,0,0,3,4,5,4,5,4,1,1,1,1
3,25,35,0.0004213707579765469,0,0,3,4,5,5,5,5,1,1,1,1
3,25,36,0.00023291785328183323,0,0,3,5,5,1,5,1,1,2,1,2
3,25,38,0.00026156011153943837,0,0,3,5,5,3,5,3,1,2,1,2
3,25,46,0.0001186615409096703,0,2,3,7,5,0,5,0,1,0,1,4
3,27,0,0.0005261466722004116,0,0,3,1,5,0,5,0,1,2,1,4
3,27,1,0.01742975227534771,0,0,3,3,5,1,5,1,1,1,1,1
3,27,2,0.02557441033422947,0,0,3,3,5,1,5,1,1,1,1,1
3,27,3,0.020679278299212456,0,0,3,3,5,1,5,1,1,1,1,1
3,27,4,0.029262637719511986,0,0,3,3,5,1,5,1,1,1,1,1
3,27,5,0.0543774850666523,0,0,3,3,5,1,5,1,1,1,1,1
3,27,6,0.013170362450182438,0,0,3,3,5,1,5,1,1,1,1,1
3,27,10,0.06455357372760773,0,0,3,3,5,2,5,2,1,1,1,1
3,27,12,0.07953964918851852,0,0,3,3,5,2,5,2,1,1,1,1
3,27,14,0.026624459773302078,0,0,3,3,5,3,5,3,1,1,1,1
3,27,15,0.023342585191130638,0,0,3,3,5,3,5,3,1,1,1,1
3,27,17,0.0758296325802803,0,0,3,3,5,3,5,3,1,1,1,1
3,27,19,0.11816014349460602,0,0,3,3,5,4,5,4,1,1,1,1
3,27,21,0.2679334282875061,0,0,3,3,5,4,5,4,1,1,1,1
3,27,23,0.07905546575784683,0,0,3,3,5,4,5,4,1,1,1,1
3,27,26,0.015337729826569557,0,0,3,3,5,5,5,5,1,1,1,1
3,27,30,0.04205533117055893,0,0,3,3,5,5,5,5,1,1,1,1
3,27,31,0.002340439474210143,0,0,3,4,5,1,5,1,1,1,1,1
3,27,33,0.002117506694048643,0,0,3,4,5,3,5,3,1,1,1,1
3,27,34,0.019825557246804237,0,0,3,4,5,4,5,4,1,1,1,1
3,27,35,0.0026861317455768585,0,0,3,4,5,5,5,5,1,1,1,1
3,27,36,0.008918162435293198,0,0,3,5,5,1,5,1,1,2,1,2
3,27,38,0.010054739192128181,0,0,3,5,5,3,5,3,1,2,1,2
3,27,46,0.0006054827244952321,0,2,3,7,5,0,5,0,1,0,1,4
3,28,0,0.0011758492328226566,0,0,3,1,5,0,5,0,1,2,1,4
3,28,1,0.014984694309532642,0,0,3,3,5,1,5,1,1,1,1,1
3,28,2,0.009248639456927776,0,0,3,3,5,1,5,1,1,1,1,1
3,28,3,0.01958131603896618,0,0,3,3,5,1,5,1,1,1,1,1
3,28,4,0.01421215571463108,0,0,3,3,5,1,5,1,1,1,1,1
3,28,5,0.025979511439800262,0,0,3,3,5,1,5,1,1,1,1,1
3,28,6,0.009171952493488789,0,0,3,3,5,1,5,1,1,1,1,1
3,28,10,0.05297659710049629,0,0,3,3,5,2,5,2,1,1,1,1
3,28,12,0.060543954372406006,0,0,3,3,5,2,5,2,1,1,1,1
3,28,14,0.03669298440217972,0,0,3,3,5,3,5,3,1,1,1,1
3,28,15,0.02319897897541523,0,0,3,3,5,3,5,3,1,1,1,1
3,28,17,0.09863165766000748,0,0,3,3,5,3,5,3,1,1,1,1
3,28,19,0.13847944140434265,0,0,3,3,5,4,5,4,1,1,1,1
3,28,21,0.30669376254081726,0,0,3,3,5,4,5,4,1,1,1,1
3,28,23,0.07351614534854889,0,0,3,3,5,4,5,4,1,1,1,1
3,28,26,0.009818845428526402,0,0,3,3,5,5,5,5,1,1,1,1
3,28,30,0.010697356425225735,0,0,3,3,5,5,5,5,1,1,1,1
3,28,31,0.0012706643901765347,0,0,3,4,5,1,5,1,1,1,1,1
3,28,33,0.0033980701118707657,0,0,3,4,5,3,5,3,1,1,1,1
3,28,34,0.050649192184209824,0,0,3,4,5,4,5,4,1,1,1,1
3,28,35,0.002522015944123268,0,0,3,4,5,5,5,5,1,1,1,1
3,28,36,0.006559424102306366,0,0,3,5,5,1,5,1,1,2,1,2
3,28,38,0.02983725629746914,0,0,3,5,5,3,5,3,1,2,1,2
3,28,46,0.00015947474457789212,0,2,3,7,5,0,5,0,1,0,1,4
3,29,0,0.0009855262469500303,0,0,3,1,5,0,5,0,1,2,1,4
3,29,1,0.03043922409415245,0,0,3,3,5,1,5,1,1,1,1,1
3,29,2,0.02311359904706478,0,0,3,3,5,1,5,1,1,1,1,1
3,29,3,0.03364269807934761,0,0,3,3,5,1,5,1,1,1,1,1
3,29,4,0.03288545086979866,0,0,3,3,5,1,5,1,1,1,1,1
3,29,5,0.0529063381254673,0,0,3,3,5,1,5,1,1,1,1,1
3,29,6,0.005933916196227074,0,0,3,3,5,1,5,1,1,1,1,1
3,29,10,0.02129269391298294,0,0,3,3,5,2,5,2,1,1,1,1
3,29,12,0.03056546486914158,0,0,3,3,5,2,5,2,1,1,1,1
3,29,14,0.00827191211283207,0,0,3,3,5,3,5,3,1,1,1,1
3,29,15,0.01601460576057434,0,0,3,3,5,3,5,3,1,1,1,1
3,29,17,0.020053742453455925,0,0,3,3,5,3,5,3,1,1,1,1
3,29,19,0.11829055845737457,0,0,3,3,5,4,5,4,1,1,1,1
3,29,21,0.3510056138038635,0,0,3,3,5,4,5,4,1,1,1,1
3,29,23,0.05698874592781067,0,0,3,3,5,4,5,4,1,1,1,1
3,29,26,0.014653898775577545,0,0,3,3,5,5,5,5,1,1,1,1
3,29,30,0.008296996355056763,0,0,3,3,5,5,5,5,1,1,1,1
3,29,31,0.0018262062221765518,0,0,3,4,5,1,5,1,1,1,1,1
3,29,33,0.0007969333091750741,0,0,3,4,5,3,5,3,1,1,1,1
3,29,34,0.16358612477779388,0,0,3,4,5,4,5,4,1,1,1,1
3,29,35,0.006134370341897011,0,0,3,4,5,5,5,5,1,1,1,1
3,29,36,0.001263739075511694,0,0,3,5,5,1,5,1,1,2,1,2
3,29,38,0.0006351791089400649,0,0,3,5,5,3,5,3,1,2,1,2
3,29,46,0.000416430935729295,0,2,3,7,5,0,5,0,1,0,1,4
3,32,0,0.004477759823203087,0,0,4,1,2,0,2,0,1,2,1,4
3,32,1,0.012718027457594872,0,0,4,3,2,1,2,1,1,1,1,1
3,32,2,0.036592718213796616,0,0,4,3,2,1,2,1,1,1,1,1
3,32,3,0.07407072186470032,0,0,4,3,2,1,2,1,1,1,1,1
3,32,4,0.05778685584664345,0,0,4,3,2,1,2,1,1,1,1,1
3,32,5,0.01938478648662567,0,0,4,3,2,1,2,1,1,1,1,1
3,32,6,0.008857747539877892,0,0,4,3,2,1,2,1,1,1,1,1
3,32,10,0.007653798442333937,0,0,4,3,2,2,2,2,1,1,1,1
3,32,12,0.036275289952754974,0,0,4,3,2,2,2,2,1,1,1,1
3,32,14,0.0010653823846951127,0,0,4,3,2,3,2,3,1,1,1,1
3,32,15,0.0031999913044273853,0,0,4,3,2,3,2,3,1,1,1,1
3,32,17,0.0032500200904905796,0,0,4,3,2,3,2,3,1,1,1,1
3,32,19,0.009238955564796925,0,0,4,3,2,4,2,4,1,1,1,1
3,32,21,0.1411675363779068,0,0,4,3,2,4,2,4,1,1,1,1
3,32,23,0.008604316040873528,0,0,4,3,2,4,2,4,1,1,1,1
3,32,26,0.024234533309936523,0,0,4,3,2,5,2,5,1,1,1,1
3,32,30,0.12082795053720474,0,0,4,3,2,5,2,5,1,1,1,1
3,32,31,0.009511522948741913,0,0,4,4,2,1,2,1,1,1,1,1
3,32,33,0.0008788784616626799,0,0,4,4,2,3,2,3,1,1,1,1
3,32,34,0.016076693311333656,0,0,4,4,2,4,2,4,1,1,1,1
3,32,35,0.07862512022256851,0,0,4,4,2,5,2,5,1,1,1,1
3,32,36,0.039212193340063095,0,0,4,5,2,1,2,1,1,2,1,2
3,32,38,0.010196872055530548,0,0,4,5,2,3,2,3,1,2,1,2
3,32,46,0.27609217166900635,0,2,4,7,2,0,2,0,1,0,1,4
3,37,0,0.4895190894603729,0,0,5,1,2,0,2,0,2,2,2,4
3,37,1,0.0008039159583859146,0,0,5,3,2,1,2,1,2,1,2,1
3,37,2,4.6255005145212635e-05,0,0,5,3,2,1,2,1,2,1,2,1
3,37,3,0.0009525046916678548,0,0,5,3,2,1,2,1,2,1,2,1
3,37,4,0.00041613407665863633,0,0,5,3,2,1,2,1,2,1,2,1
3,37,5,0.0002995406975969672,0,0,5,3,2,1,2,1,2,1,2,1
3,37,6,8.454886847175658e-05,0,0,5,3,2,1,2,1,2,1,2,1
3,37,10,5.676463115378283e-05,0,0,5,3,2,2,2,2,2,1,2,1
3,37,12,0.0002859325904864818,0,0,5,3,2,2,2,2,2,1,2,1
3,37,14,0.0003423216112423688,0,0,5,3,2,3,2,3,2,1,2,1
3,37,15,0.0007819758029654622,0,0,5,3,2,3,2,3,2,1,2,1
3,37,17,6.961792678339407e-05,0,0,5,3,2,3,2,3,2,1,2,1
3,37,19,0.000863084860611707,0,0,5,3,2,4,2,4,2,1,2,1
3,37,21,0.000818930973764509,0,0,5,3,2,4,2,4,2,1,2,1
3,37,23,0.00037260635872371495,0,0,5,3,2,4,2,4,2,1,2,1
3,37,26,0.00047917832853272557,0,0,5,3,2,5,2,5,2,1,2,1
3,37,30,0.0016456935554742813,0,0,5,3,2,5,2,5,2,1,2,1
3,37,31,0.002813848899677396,0,0,5,4,2,1,2,1,2,1,2,1
3,37,33,0.0042568533681333065,0,0,5,4,2,3,2,3,2,1,2,1
3,37,34,0.4193980097770691,0,0,5,4,2,4,2,4,2,1,2,1
3,37,35,0.046930812299251556,0,0,5,4,2,5,2,5,2,1,2,1
3,37,36,0.00018649152480065823,0,0,5,5,2,1,2,1,2,2,2,2
3,37,38,0.00015155650908127427,0,0,5,5,2,3,2,3,2,2,2,2
3,37,46,0.028424307703971863,0,2,5,7,2,0,2,0,2,0,2,4
3,39,0,0.054610297083854675,0,0,5,1,4,0,4,0,2,2,2,4
3,39,1,8.217706636060029e-05,0,0,5,3,4,1,4,1,2,1,2,1
3,39,2,3.0003134270373266e-06,0,0,5,3,4,1,4,1,2,1,2,1
3,39,3,0.00021673964511137456,0,0,5,3,4,1,4,1,2,1,2,1
3,39,4,7.221255509648472e-05,0,0,5,3,4,1,4,1,2,1,2,1
3,39,5,8.951285417424515e-05,0,0,5,3,4,1,4,1,2,1,2,1
3,39,6,3.512651892378926e-05,0,0,5,3,4,1,4,1,2,1,2,1
3,39,10,0.00032900107908062637,0,0,5,3,4,2,4,2,2,1,2,1
3,39,12,0.0006608038092963398,0,0,5,3,4,2,4,2,2,1,2,1
3,39,14,0.0009448766941204667,0,0,5,3,4,3,4,3,2,1,2,1
3,39,15,0.0007492000586353242,0,0,5,3,4,3,4,3,2,1,2,1
3,39,17,0.00023416893964167684,0,0,5,3,4,3,4,3,2,1,2,1
3,39,19,0.0031805727630853653,0,0,5,3,4,4,4,4,2,1,2,1
3,39,21,0.0027539751026779413,0,0,5,3,4,4,4,4,2,1,2,1
3,39,23,0.0012359570246189833,0,0,5,3,4,4,4,4,2,1,2,1
3,39,26,7.523017848143354e-05,0,0,5,3,4,5,4,5,2,1,2,1
3,39,30,0.0002809714060276747,0,0,5,3,4,5,4,5,2,1,2,1
3,39,31,0.00015665307000745088,0,0,5,4,4,1,4,1,2,1,2,1
3,39,33,0.0014990465715527534,0,0,5,4,4,3,4,3,2,1,2,1
3,39,34,0.9308061003684998,0,0,5,4,4,4,4,4,2,1,2,1
3,39,35,0.0013854773715138435,0,0,5,4,4,5,4,5,2,1,2,1
3,39,36,7.936774636618793e-06,0,0,5,5,4,1,4,1,2,2,2,2
3,39,38,4.928085036226548e-05,0,0,5,5,4,3,4,3,2,2,2,2
3,39,46,0.0005414115148596466,0,2,5,7,4,0,4,0,2,0,2,4
3,40,0,0.020563416182994843,0,0,5,1,5,0,5,0,2,2,2,4
3,40,1,0.04214569926261902,0,0,5,3,5,1,5,1,2,1,2,1
3,40,2,0.009183128364384174,0,0,5,3,5,1,5,1,2,1,2,1
3,40,3,0.02757442370057106,0,0,5,3,5,1,5,1,2,1,2,1
3,40,4,0.014983132481575012,0,0,5,3,5,1,5,1,2,1,2,1
3,40,5,0.024495931342244148,0,0,5,3,5,1,5,1,2,1,2,1
3,40,6,0.010145638138055801,0,0,5,3,5,1,5,1,2,1,2,1
3,40,10,0.0030531410593539476,0,0,5,3,5,2,5,2,2,1,2,1
3,40,12,0.010746198706328869,0,0,5,3,5,2,5,2,2,1,2,1
3,40,14,0.03027152828872204,0,0,5,3,5,3,5,3,2,1,2,1
3,40,15,0.02151205576956272,0,0,5,3,5,3,5,3,2,1,2,1
3,40,17,0.012655400671064854,0,0,5,3,5,3,5,3,2,1,2,1
3,40,19,0.11979194730520248,0,0,5,3,5,4,5,4,2,1,2,1
3,40,21,0.06492061167955399,0,0,5,3,5,4,5,4,2,1,2,1
3,40,23,0.025305427610874176,0,0,5,3,5,4,5,4,2,1,2,1
3,40,26,0.0030857028905302286,0,0,5,3,5,5,5,5,2,1,2,1
3,40,30,0.009353674948215485,0,0,5,3,5,5,5,5,2,1,2,1
3,40,31,0.028285088017582893,0,0,5,4,5,1,5,1,2,1,2,1
3,40,33,0.009297921322286129,0,0,5,4,5,3,5,3,2,1,2,1
3,40,34,0.4866236448287964,0,0,5,4,5,4,5,4,2,1,2,1
3,40,35,0.022467534989118576,0,0,5,4,5,5,5,5,2,1,2,1
3,40,36,0.0024256182368844748,0,0,5,5,5,1,5,1,2,2,2,2
3,40,38,0.0009088673396036029,0,0,5,5,5,3,5,3,2,2,2,2
3,40,46,0.00020427710842341185,0,2,5,7,5,0,5,0,2,0,2,4
3,41,0,0.962152361869812,1,0,6,1,1,0,1,0,1,2,5,4
3,41,1,0.00441331509500742,1,0,6,3,1,1,1,1,1,1,5,1
3,41,2,0.00019431924738455564,1,0,6,3,1,1,1,1,1,1,5,1
3,41,3,0.0020820859353989363,1,0,6,3,1,1,1,1,1,1,5,1
3,41,4,0.000679597316775471,1,0,6,3,1,1,1,1,1,1,5,1
3,41,5,0.00032254986581392586,1,0,6,3,1,1,1,1,1,1,5,1
3,41,6,0.0001530460867797956,1,0,6,3,1,1,1,1,1,1,5,1
3,41,10,8.589991921326146e-05,1,0,6,3,1,2,1,2,1,1,5,1
3,41,12,0.00015856149548199028,1,0,6,3,1,2,1,2,1,1,5,1
3,41,14,6.639978528255597e-05,1,0,6,3,1,3,1,3,1,1,5,1
3,41,15,0.00010187269072048366,1,0,6,3,1,3,1,3,1,1,5,1
3,41,17,2.8997987101320177e-05,1,0,6,3,1,3,1,3,1,1,5,1
3,41,19,8.541845454601571e-05,1,0,6,3,1,4,1,4,1,1,5,1
3,41,21,6.975526048336178e-05,1,0,6,3,1,4,1,4,1,1,5,1
3,41,23,0.00014360842760652304,1,0,6,3,1,4,1,4,1,1,5,1
3,41,26,0.0009839520789682865,1,0,6,3,1,5,1,5,1,1,5,1
3,41,30,0.0005628004437312484,1,0,6,3,1,5,1,5,1,1,5,1
3,41,31,0.0009503396577201784,1,0,6,4,1,1,1,1,1,1,5,1
3,41,33,0.000385495979571715,1,0,6,4,1,3,1,3,1,1,5,1
3,41,34,0.013037445954978466,1,0,6,4,1,4,1,4,1,1,5,1
3,41,35,0.011489356867969036,1,0,6,4,1,5,1,5,1,1,5,1
3,41,36,0.0005047628073953092,1,0,6,5,1,1,1,1,1,2,5,2
3,41,38,0.00017478872905485332,1,0,6,5,1,3,1,3,1,2,5,2
3,41,46,0.0011736281448975205,1,2,6,7,1,0,1,0,1,0,5,4
3,42,0,0.05670453980565071,1,0,6,1,2,0,2,0,1,2,5,4
3,42,1,0.0857815220952034,1,0,6,3,2,1,2,1,1,1,5,1
3,42,2,0.02024362049996853,1,0,6,3,2,1,2,1,1,1,5,1
3,42,3,0.044976066797971725,1,0,6,3,2,1,2,1,1,1,5,1
3,42,4,0.01795862428843975,1,0,6,3,2,1,2,1,1,1,5,1
3,42,5,0.0179805476218462,1,0,6,3,2,1,2,1,1,1,5,1
3,42,6,0.005119999870657921,1,0,6,3,2,1,2,1,1,1,5,1
3,42,10,0.0004607385490089655,1,0,6,3,2,2,2,2,1,1,5,1
3,42,12,0.001959787681698799,1,0,6,3,2,2,2,2,1,1,5,1
3,42,14,0.0009499068255536258,1,0,6,3,2,3,2,3,1,1,5,1
3,42,15,0.005749998148530722,1,0,6,3,2,3,2,3,1,1,5,1
3,42,17,0.0014826891710981727,1,0,6,3,2,3,2,3,1,1,5,1
3,42,19,0.001981580164283514,1,0,6,3,2,4,2,4,1,1,5,1
3,42,21,0.012263298965990543,1,0,6,3,2,4,2,4,1,1,5,1
3,42,23,0.0018838983960449696,1,0,6,3,2,4,2,4,1,1,5,1
3,42,26,0.022845670580863953,1,0,6,3,2,5,2,5,1,1,5,1
3,42,30,0.020964214578270912,1,0,6,3,2,5,2,5,1,1,5,1
3,42,31,0.030418111011385918,1,0,6,4,2,1,2,1,1,1,5,1
3,42,33,0.00800715759396553,1,0,6,4,2,3,2,3,1,1,5,1
3,42,34,0.05723242834210396,1,0,6,4,2,4,2,4,1,1,5,1
3,42,35,0.5306700468063354,1,0,6,4,2,5,2,5,1,1,5,1
3,42,36,0.005870236549526453,1,0,6,5,2,1,2,1,1,2,5,2
3,42,38,0.0011670829262584448,1,0,6,5,2,3,2,3,1,2,5,2
3,42,46,0.047328390181064606,1,2,6,7,2,0,2,0,1,0,5,4
3,43,0,0.000738381699193269,1,0,6,1,3,0,3,0,1,2,5,4
3,43,1,0.7233657836914062,1,0,6,3,3,1,3,1,1,1,5,1
3,43,2,0.15013627707958221,1,0,6,3,3,1,3,1,1,1,5,1
3,43,3,0.02469147928059101,1,0,6,3,3,1,3,1,1,1,5,1
3,43,4,0.014194688759744167,1,0,6,3,3,1,3,1,1,1,5,1
3,43,5,0.03551214933395386,1,0,6,3,3,1,3,1,1,1,5,1
3,43,6,0.0035185834858566523,1,0,6,3,3,1,3,1,1,1,5,1
3,43,10,2.510756894480437e-05,1,0,6,3,3,2,3,2,1,1,5,1
3,43,12,0.0001177001977339387,1,0,6,3,3,2,3,2,1,1,5,1
3,43,14,0.0004298615094739944,1,0,6,3,3,3,3,3,1,1,5,1
3,43,15,0.0012501075398176908,1,0,6,3,3,3,3,3,1,1,5,1
3,43,17,0.0010271844221279025,1,0,6,3,3,3,3,3,1,1,5,1
3,43,19,0.0012644213857129216,1,0,6,3,3,4,3,4,1,1,5,1
3,43,21,0.00170553894713521,1,0,6,3,3,4,3,4,1,1,5,1
3,43,23,0.00044861563947051764,1,0,6,3,3,4,3,4,1,1,5,1
3,43,26,0.004455397836863995,1,0,6,3,3,5,3,5,1,1,5,1
3,43,30,0.0023187045007944107,1,0,6,3,3,5,3,5,1,1,5,1
3,43,31,0.00884296651929617,1,0,6,4,3,1,3,1,1,1,5,1
3,43,33,0.00034827744821086526,1,0,6,4,3,3,3,3,1,1,5,1
3,43,34,0.0007899331976659596,1,0,6,4,3,4,3,4,1,1,5,1
3,43,35,0.01821153052151203,1,0,6,4,3,5,3,5,1,1,5,1
3,43,36,0.0063769700936973095,1,0,6,5,3,1,3,1,1,2,5,2
3,43,38,0.0002281325141666457,1,0,6,5,3,3,3,3,1,2,5,2
3,43,46,2.639829745021416e-06,1,2,6,7,3,0,3,0,1,0,5,4
3,44,0,0.35672837495803833,1,0,6,1,4,0,4,0,1,2,5,4
3,44,1,0.010771739296615124,1,0,6,3,4,1,4,1,1,1,5,1
3,44,2,0.00039568342617712915,1,0,6,3,4,1,4,1,1,1,5,1
3,44,3,0.006062584929168224,1,0,6,3,4,1,4,1,1,1,5,1
3,44,4,0.0027957684360444546,1,0,6,3,4,1,4,1,1,1,5,1
3,44,5,0.004704420920461416,1,0,6,3,4,1,4,1,1,1,5,1
3,44,6,0.00019336164405103773,1,0,6,3,4,1,4,1,1,1,5,1
3,44,10,0.0024918413255363703,1,0,6,3,4,2,4,2,1,1,5,1
3,44,12,0.0023980920668691397,1,0,6,3,4,2,4,2,1,1,5,1
3,44,14,0.0010597420623525977,1,0,6,3,4,3,4,3,1,1,5,1
3,44,15,0.0020727578084915876,1,0,6,3,4,3,4,3,1,1,5,1
3,44,17,0.0018296694615855813,1,0,6,3,4,3,4,3,1,1,5,1
3,44,19,0.006651800591498613,1,0,6,3,4,4,4,4,1,1,5,1
3,44,21,0.01571817137300968,1,0,6,3,4,4,4,4,1,1,5,1
3,44,23,0.007379494141787291,1,0,6,3,4,4,4,4,1,1,5,1
3,44,26,0.007552807684987783,1,0,6,3,4,5,4,5,1,1,5,1
3,44,30,0.012162180617451668,1,0,6,3,4,5,4,5,1,1,5,1
3,44,31,0.0003997597668785602,1,0,6,4,4,1,4,1,1,1,5,1
3,44,33,0.0024847795721143484,1,0,6,4,4,3,4,3,1,1,5,1
3,44,34,0.5408648252487183,1,0,6,4,4,4,4,4,1,1,5,1
3,44,35,0.0091384993866086,1,0,6,4,4,5,4,5,1,1,5,1
3,44,36,0.0009071584208868444,1,0,6,5,4,1,4,1,1,2,5,2
3,44,38,0.0024680427741259336,1,0,6,5,4,3,4,3,1,2,5,2
3,44,46,0.0027686862740665674,1,2,6,7,4,0,4,0,1,0,5,4
3,45,0,0.012254266999661922,1,0,6,1,5,0,5,0,1,2,5,4
3,45,1,0.7548910975456238,1,0,6,3,5,1,5,1,1,1,5,1
3,45,2,0.06682150810956955,1,0,6,3,5,1,5,1,1,1,5,1
3,45,3,0.021382402628660202,1,0,6,3,5,1,5,1,1,1,5,1
3,45,4,0.02298797108232975,1,0,6,3,5,1,5,1,1,1,5,1
3,45,5,0.05569039657711983,1,0,6,3,5,1,5,1,1,1,5,1
3,45,6,0.005854248534888029,1,0,6,3,5,1,5,1,1,1,5,1
3,45,10,0.0007780248997732997,1,0,6,3,5,2,5,2,1,1,5,1
3,45,12,0.0010079963831230998,1,0,6,3,5,2,5,2,1,1,5,1
3,45,14,0.0013179694069549441,1,0,6,3,5,3,5,3,1,1,5,1
3,45,15,0.003311464563012123,1,0,6,3,5,3,5,3,1,1,5,1
3,45,17,0.003816348034888506,1,0,6,3,5,3,5,3,1,1,5,1
3,45,19,0.0031208214350044727,1,0,6,3,5,4,5,4,1,1,5,1
3,45,21,0.003307315753772855,1,0,6,3,5,4,5,4,1,1,5,1
3,45,23,0.0032818568870425224,1,0,6,3,5,4,5,4,1,1,5,1
3,45,26,0.009857616387307644,1,0,6,3,5,5,5,5,1,1,5,1
3,45,30,0.00535137252882123,1,0,6,3,5,5,5,5,1,1,5,1
3,45,31,0.005276896525174379,1,0,6,4,5,1,5,1,1,1,5,1
3,45,33,0.0009333451162092388,1,0,6,4,5,3,5,3,1,1,5,1
3,45,34,0.0060221953317523,1,0,6,4,5,4,5,4,1,1,5,1
3,45,35,0.010268665850162506,1,0,6,4,5,5,5,5,1,1,5,1
3,45,36,0.0022780681028962135,1,0,6,5,5,1,5,1,1,2,5,2
3,45,38,0.000168879734701477,1,0,6,5,5,3,5,3,1,2,5,2
3,45,46,1.8835931768990122e-05,1,2,6,7,5,0,5,0,1,0,5,4
4,1,0,0.0021322653628885746,0,0,3,1,1,0,1,0,1,2,1,4
4,1,3,0.034626543521881104,0,0,3,3,1,1,1,1,1,1,1,1
4,1,5,0.022868279367685318,0,0,3,3,1,1,1,1,1,1,1,1
4,1,6,0.018198393285274506,0,0,3,3,1,1,1,1,1,1,1,1
4,1,12,0.00906133558601141,0,0,3,3,1,2,1,2,1,1,1,1
4,1,15,0.021587178111076355,0,0,3,3,1,3,1,3,1,1,1,1
4,1,17,0.0025087790563702583,0,0,3,3,1,3,1,3,1,1,1,1
4,1,19,0.001976440194994211,0,0,3,3,1,4,1,4,1,1,1,1
4,1,20,0.0033036600798368454,0,0,3,3,1,4,1,4,1,1,1,1
4,1,22,0.011071968823671341,0,0,3,3,1,4,1,4,1,1,1,1
4,1,24,0.0011184483300894499,0,0,3,3,1,4,1,4,1,1,1,1
4,1,26,0.00029667449416592717,0,0,3,3,1,5,1,5,1,1,1,1
4,1,27,0.000322104460792616,0,0,3,3,1,5,1,5,1,1,1,1
4,1,29,0.0020336960442364216,0,0,3,3,1,5,1,5,1,1,1,1
4,1,31,0.8362331390380859,0,0,3,4,1,1,1,1,1,1,1,1
4,1,32,0.0042549059726297855,0,0,3,4,1,2,1,2,1,1,1,1
4,1,34,0.004314516671001911,0,0,3,4,1,4,1,4,1,1,1,1
4,1,35,0.00927683711051941,0,0,3,4,1,5,1,5,1,1,1,1
4,1,41,0.0058249314315617085,0,1,3,6,1,1,1,1,1,1,1,5
4,1,42,0.00042489133193157613,0,1,3,6,1,2,1,2,1,1,1,5
4,1,43,0.0038703125901520252,0,1,3,6,1,3,1,3,1,1,1,5
4,1,44,0.0010445121442899108,0,1,3,6,1,4,1,4,1,1,1,5
4,1,46,0.0036503265146166086,0,2,3,7,1,0,1,0,1,0,1,4
4,2,0,0.11478926986455917,0,0,3,1,1,0,1,0,1,2,1,4
4,2,3,0.03363809734582901,0,0,3,3,1,1,1,1,1,1,1,1
4,2,5,0.09080743044614792,0,0,3,3,1,1,1,1,1,1,1,1
4,2,6,0.07189781963825226,0,0,3,3,1,1,1,1,1,1,1,1
4,2,12,0.009406529366970062,0,0,3,3,1,2,1,2,1,1,1,1
4,2,15,0.018298542127013206,0,0,3,3,1,3,1,3,1,1,1,1
4,2,17,0.013268077746033669,0,0,3,3,1,3,1,3,1,1,1,1
4,2,19,0.019354015588760376,0,0,3,3,1,4,1,4,1,1,1,1
4,2,20,0.06844432651996613,0,0,3,3,1,4,1,4,1,1,1,1
4,2,22,0.05125502124428749,0,0,3,3,1,4,1,4,1,1,1,1
4,2,24,0.02949441224336624,0,0,3,3,1,4,1,4,1,1,1,1
4,2,26,0.008309152908623219,0,0,3,3,1,5,1,5,1,1,1,1
4,2,27,0.013233455829322338,0,0,3,3,1,5,1,5,1,1,1,1
4,2,29,0.012607892043888569,0,0,3,3,1,5,1,5,1,1,1,1
4,2,31,0.1365966796875,0,0,3,4,1,1,1,1,1,1,1,1
4,2,32,0.013255184516310692,0,0,3,4,1,2,1,2,1,1,1,1
4,2,34,0.041195210069417953,0,0,3,4,1,4,1,4,1,1,1,1
4,2,35,0.018892597407102585,0,0,3,4,1,5,1,5,1,1,1,1
4,2,41,0.008767846040427685,0,1,3,6,1,1,1,1,1,1,1,5
4,2,42,0.004541812464594841,0,1,3,6,1,2,1,2,1,1,1,5
4,2,43,0.013009964488446712,0,1,3,6,1,3,1,3,1,1,1,5
4,2,44,0.016701696440577507,0,1,3,6,1,4,1,4,1,1,1,5
4,2,46,0.19223494827747345,0,2,3,7,1,0,1,0,1,0,1,4
4,4,0,0.008653336204588413,0,0,3,1,1,0,1,0,1,2,1,4
4,4,3,0.016008229926228523,0,0,3,3,1,1,1,1,1,1,1,1
4,4,5,0.02419148199260235,0,0,3,3,1,1,1,1,1,1,1,1
4,4,6,0.011522243730723858,0,0,3,3,1,1,1,1,1,1,1,1
4,4,12,0.03774839639663696,0,0,3,3,1,2,1,2,1,1,1,1
4,4,15,0.012491496279835701,0,0,3,3,1,3,1,3,1,1,1,1
4,4,17,0.00128065119497478,0,0,3,3,1,3,1,3,1,1,1,1
4,4,19,0.002898867940530181,0,0,3,3,1,4,1,4,1,1,1,1
4,4,20,0.007242643274366856,0,0,3,3,1,4,1,4,1,1,1,1
4,4,22,0.023601874709129333,0,0,3,3,1,4,1,4,1,1,1,1
4,4,24,0.002020962070673704,0,0,3,3,1,4,1,4,1,1,1,1
4,4,26,0.0003623373922891915,0,0,3,3,1,5,1,5,1,1,1,1
4,4,27,0.0010429875692352653,0,0,3,3,1,5,1,5,1,1,1,1
4,4,29,0.0027415743097662926,0,0,3,3,1,5,1,5,1,1,1,1
4,4,31,0.7623136043548584,0,0,3,4,1,1,1,1,1,1,1,1
4,4,32,0.016774505376815796,0,0,3,4,1,2,1,2,1,1,1,1
4,4,34,0.015447540208697319,0,0,3,4,1,4,1,4,1,1,1,1
4,4,35,0.01276738103479147,0,0,3,4,1,5,1,5,1,1,1,1
4,4,41,0.0021930315997451544,0,1,3,6,1,1,1,1,1,1,1,5
4,4,42,0.0013584737898781896,0,1,3,6,1,2,1,2,1,1,1,5
4,4,43,0.0020608173217624426,0,1,3,6,1,3,1,3,1,1,1,5
4,4,44,0.0008843903779052198,0,1,3,6,1,4,1,4,1,1,1,5
4,4,46,0.034393060952425,0,2,3,7,1,0,1,0,1,0,1,4
4,7,0,0.08935364335775375,0,0,3,1,2,0,2,0,1,2,1,4
4,7,3,0.02420872636139393,0,0,3,3,2,1,2,1,1,1,1,1
4,7,5,0.06713709235191345,0,0,3,3,2,1,2,1,1,1,1,1
4,7,6,0.030152451246976852,0,0,3,3,2,1,2,1,1,1,1,1
4,7,12,0.012315958738327026,0,0,3,3,2,2,2,2,1,1,1,1
4,7,15,0.010991282761096954,0,0,3,3,2,3,2,3,1,1,1,1
4,7,17,0.010710794478654861,0,0,3,3,2,3,2,3,1,1,1,1
4,7,19,0.006594005972146988,0,0,3,3,2,4,2,4,1,1,1,1
4,7,20,0.048656150698661804,0,0,3,3,2,4,2,4,1,1,1,1
4,7,22,0.11206616461277008,0,0,3,3,2,4,2,4,1,1,1,1
4,7,24,0.03278911113739014,0,0,3,3,2,4,2,4,1,1,1,1
4,7,26,0.0015876626130193472,0,0,3,3,2,5,2,5,1,1,1,1
4,7,27,0.003212932264432311,0,0,3,3,2,5,2,5,1,1,1,1
4,7,29,0.0046873148530721664,0,0,3,3,2,5,2,5,1,1,1,1
4,7,31,0.26924166083335876,0,0,3,4,2,1,2,1,1,1,1,1
4,7,32,0.012199698947370052,0,0,3,4,2,2,2,2,1,1,1,1
4,7,34,0.023286649957299232,0,0,3,4,2,4,2,4,1,1,1,1
4,7,35,0.008716265670955181,0,0,3,4,2,5,2,5,1,1,1,1
4,7,41,0.07665712386369705,0,1,3,6,2,1,2,1,1,1,1,5
4,7,42,0.0331248939037323,0,1,3,6,2,2,2,2,1,1,1,5
4,7,43,0.020954180508852005,0,1,3,6,2,3,2,3,1,1,1,5
4,7,44,0.0798037201166153,0,1,3,6,2,4,2,4,1,1,1,5
4,7,46,0.02155221626162529,0,2,3,7,2,0,2,0,1,0,1,4
4,8,0,0.012312258593738079,0,0,3,1,2,0,2,0,1,2,1,4
4,8,3,0.007179168984293938,0,0,3,3,2,1,2,1,1,1,1,1
4,8,5,0.02302854135632515,0,0,3,3,2,1,2,1,1,1,1,1
4,8,6,0.009449546225368977,0,0,3,3,2,1,2,1,1,1,1,1
4,8,12,0.017576588317751884,0,0,3,3,2,2,2,2,1,1,1,1
4,8,15,0.008841823786497116,0,0,3,3,2,3,2,3,1,1,1,1
4,8,17,0.0031435636337846518,0,0,3,3,2,3,2,3,1,1,1,1
4,8,19,0.0012386738089844584,0,0,3,3,2,4,2,4,1,1,1,1
4,8,20,0.014015930704772472,0,0,3,3,2,4,2,4,1,1,1,1
4,8,22,0.04907361418008804,0,0,3,3,2,4,2,4,1,1,1,1
4,8,24,0.008553334511816502,0,0,3,3,2,4,2,4,1,1,1,1
4,8,26,0.00015915014955680817,0,0,3,3,2,5,2,5,1,1,1,1
4,8,27,0.0007003072532825172,0,0,3,3,2,5,2,5,1,1,1,1
4,8,29,0.0009892008965834975,0,0,3,3,2,5,2,5,1,1,1,1
4,8,31,0.29311513900756836,0,0,3,4,2,1,2,1,1,1,1,1
4,8,32,0.00814476516097784,0,0,3,4,2,2,2,2,1,1,1,1
4,8,34,0.008586687967181206,0,0,3,4,2,4,2,4,1,1,1,1
4,8,35,0.003944166470319033,0,0,3,4,2,5,2,5,1,1,1,1
4,8,41,0.28716525435447693,0,1,3,6,2,1,2,1,1,1,1,5
4,8,42,0.06545897573232651,0,1,3,6,2,2,2,2,1,1,1,5
4,8,43,0.0277260635048151,0,1,3,6,2,3,2,3,1,1,1,5
4,8,44,0.14817821979522705,0,1,3,6,2,4,2,4,1,1,1,5
4,8,46,0.0014191856607794762,0,2,3,7,2,0,2,0,1,0,1,4
4,9,0,0.019709674641489983,0,0,3,1,2,0,2,0,1,2,1,4
4,9,3,0.021362707018852234,0,0,3,3,2,1,2,1,1,1,1,1
4,9,5,0.03949195519089699,0,0,3,3,2,1,2,1,1,1,1,1
4,9,6,0.014438318088650703,0,0,3,3,2,1,2,1,1,1,1,1
4,9,12,0.019664477556943893,0,0,3,3,2,2,2,2,1,1,1,1
4,9,15,0.007433261256664991,0,0,3,3,2,3,2,3,1,1,1,1
4,9,17,0.00490896450355649,0,0,3,3,2,3,2,3,1,1,1,1
4,9,19,0.003046943573281169,0,0,3,3,2,4,2,4,1,1,1,1
4,9,20,0.022775011137127876,0,0,3,3,2,4,2,4,1,1,1,1
4,9,22,0.10118133574724197,0,0,3,3,2,4,2,4,1,1,1,1
4,9,24,0.013271311298012733,0,0,3,3,2,4,2,4,1,1,1,1
4,9,26,0.0004236492095515132,0,0,3,3,2,5,2,5,1,1,1,1
4,9,27,0.0011656534625217319,0,0,3,3,2,5,2,5,1,1,1,1
4,9,29,0.0024737538769841194,0,0,3,3,2,5,2,5,1,1,1,1
4,9,31,0.4213295876979828,0,0,3,4,2,1,2,1,1,1,1,1
4,9,32,0.015220144763588905,0,0,3,4,2,2,2,2,1,1,1,1
4,9,34,0.018590208142995834,0,0,3,4,2,4,2,4,1,1,1,1
4,9,35,0.0065337857231497765,0,0,3,4,2,5,2,5,1,1,1,1
4,9,41,0.11886486411094666,0,1,3,6,2,1,2,1,1,1,1,5
4,9,42,0.053303226828575134,0,1,3,6,2,2,2,2,1,1,1,5
4,9,43,0.017602110281586647,0,1,3,6,2,3,2,3,1,1,1,5
4,9,44,0.06864560395479202,0,1,3,6,2,4,2,4,1,1,1,5
4,9,46,0.00856375228613615,0,2,3,7,2,0,2,0,1,0,1,4
4,10,0,0.02603844553232193,0,0,3,1,2,0,2,0,1,2,1,4
4,10,3,0.021685220301151276,0,0,3,3,2,1,2,1,1,1,1,1
4,10,5,0.06663336604833603,0,0,3,3,2,1,2,1,1,1,1,1
4,10,6,0.03228643909096718,0,0,3,3,2,1,2,1,1,1,1,1
4,10,12,0.01284821517765522,0,0,3,3,2,2,2,2,1,1,1,1
4,10,15,0.005955264903604984,0,0,3,3,2,3,2,3,1,1,1,1
4,10,17,0.0032761984039098024,0,0,3,3,2,3,2,3,1,1,1,1
4,10,19,0.0033735192846506834,0,0,3,3,2,4,2,4,1,1,1,1
4,10,20,0.026112904772162437,0,0,3,3,2,4,2,4,1,1,1,1
4,10,22,0.06660278141498566,0,0,3,3,2,4,2,4,1,1,1,1
4,10,24,0.011944519355893135,0,0,3,3,2,4,2,4,1,1,1,1
4,10,26,0.0009422839502803981,0,0,3,3,2,5,2,5,1,1,1,1
4,10,27,0.0020547290332615376,0,0,3,3,2,5,2,5,1,1,1,1
4,10,29,0.0042694490402936935,0,0,3,3,2,5,2,5,1,1,1,1
4,10,31,0.5379488468170166,0,0,3,4,2,1,2,1,1,1,1,1
4,10,32,0.01070092897862196,0,0,3,4,2,2,2,2,1,1,1,1
4,10,34,0.01666179485619068,0,0,3,4,2,4,2,4,1,1,1,1
4,10,35,0.007354044821113348,0,0,3,4,2,5,2,5,1,1,1,1
4,10,41,0.06194590777158737,0,1,3,6,2,1,2,1,1,1,1,5
4,10,42,0.015392347238957882,0,1,3,6,2,2,2,2,1,1,1,5
4,10,43,0.008509831503033638,0,1,3,6,2,3,2,3,1,1,1,5
4,10,44,0.04119113087654114,0,1,3,6,2,4,2,4,1,1,1,5
4,10,46,0.01627233996987343,0,2,3,7,2,0,2,0,1,0,1,4
4,11,0,0.0551433190703392,0,0,3,1,2,0,2,0,1,2,1,4
4,11,3,0.033157847821712494,0,0,3,3,2,1,2,1,1,1,1,1
4,11,5,0.05118461698293686,0,0,3,3,2,1,2,1,1,1,1,1
4,11,6,0.02094092033803463,0,0,3,3,2,1,2,1,1,1,1,1
4,11,12,0.00929211638867855,0,0,3,3,2,2,2,2,1,1,1,1
4,11,15,0.016576310619711876,0,0,3,3,2,3,2,3,1,1,1,1
4,11,17,0.009420642629265785,0,0,3,3,2,3,2,3,1,1,1,1
4,11,19,0.007441007997840643,0,0,3,3,2,4,2,4,1,1,1,1
4,11,20,0.06762292236089706,0,0,3,3,2,4,2,4,1,1,1,1
4,11,22,0.19980496168136597,0,0,3,3,2,4,2,4,1,1,1,1
4,11,24,0.0341922789812088,0,0,3,3,2,4,2,4,1,1,1,1
4,11,26,0.0007371318060904741,0,0,3,3,2,5,2,5,1,1,1,1
4,11,27,0.002365035004913807,0,0,3,3,2,5,2,5,1,1,1,1
4,11,29,0.0032734894193708897,0,0,3,3,2,5,2,5,1,1,1,1
4,11,31,0.2271001935005188,0,0,3,4,2,1,2,1,1,1,1,1
4,11,32,0.009609008207917213,0,0,3,4,2,2,2,2,1,1,1,1
4,11,34,0.03413445129990578,0,0,3,4,2,4,2,4,1,1,1,1
4,11,35,0.014350160956382751,0,0,3,4,2,5,2,5,1,1,1,1
4,11,41,0.08227483928203583,0,1,3,6,2,1,2,1,1,1,1,5
4,11,42,0.023831041529774666,0,1,3,6,2,2,2,2,1,1,1,5
4,11,43,0.012963898479938507,0,1,3,6,2,3,2,3,1,1,1,5
4,11,44,0.08031529933214188,0,1,3,6,2,4,2,4,1,1,1,5
4,11,46,0.004268522374331951,0,2,3,7,2,0,2,0,1,0,1,4
4,13,0,0.021094385534524918,0,0,3,1,3,0,3,0,1,2,1,4
4,13,3,0.23334358632564545,0,0,3,3,3,1,3,1,1,1,1,1
4,13,5,0.0760083720088005,0,0,3,3,3,1,3,1,1,1,1,1
4,13,6,0.30855485796928406,0,0,3,3,3,1,3,1,1,1,1,1
4,13,12,0.005176253151148558,0,0,3,3,3,2,3,2,1,1,1,1
4,13,15,0.015218176878988743,0,0,3,3,3,3,3,3,1,1,1,1
4,13,17,0.011058860458433628,0,0,3,3,3,3,3,3,1,1,1,1
4,13,19,0.048413585871458054,0,0,3,3,3,4,3,4,1,1,1,1
4,13,20,0.00991038791835308,0,0,3,3,3,4,3,4,1,1,1,1
4,13,22,0.009975208900868893,0,0,3,3,3,4,3,4,1,1,1,1
4,13,24,0.004415716510266066,0,0,3,3,3,4,3,4,1,1,1,1
4,13,26,0.03874833881855011,0,0,3,3,3,5,3,5,1,1,1,1
4,13,27,0.0038993002381175756,0,0,3,3,3,5,3,5,1,1,1,1
4,13,29,0.024282822385430336,0,0,3,3,3,5,3,5,1,1,1,1
4,13,31,0.05628535524010658,0,0,3,4,3,1,3,1,1,1,1,1
4,13,32,0.0015193750150501728,0,0,3,4,3,2,3,2,1,1,1,1
4,13,34,0.0008659064769744873,0,0,3,4,3,4,3,4,1,1,1,1
4,13,35,0.01220839936286211,0,0,3,4,3,5,3,5,1,1,1,1
4,13,41,0.009144632145762444,0,1,3,6,3,1,3,1,1,1,1,5
4,13,42,0.00017338187899440527,0,1,3,6,3,2,3,2,1,1,1,5
4,13,43,0.0013251298805698752,0,1,3,6,3,3,3,3,1,1,1,5
4,13,44,0.0010963734239339828,0,1,3,6,3,4,3,4,1,1,1,5
4,13,46,0.10728158801794052,0,2,3,7,3,0,3,0,1,0,1,4
4,14,0,0.06797890365123749,0,0,3,1,3,0,3,0,1,2,1,4
4,14,3,0.05152340605854988,0,0,3,3,3,1,3,1,1,1,1,1
4,14,5,0.07704265415668488,0,0,3,3,3,1,3,1,1,1,1,1
4,14,6,0.18061932921409607,0,0,3,3,3,1,3,1,1,1,1,1
4,14,12,0.006068848539143801,0,0,3,3,3,2,3,2,1,1,1,1
4,14,15,0.026050690561532974,0,0,3,3,3,3,3,3,1,1,1,1
4,14,17,0.05162525549530983,0,0,3,3,3,3,3,3,1,1,1,1
4,14,19,0.08310770243406296,0,0,3,3,3,4,3,4,1,1,1,1
4,14,20,0.08084888756275177,0,0,3,3,3,4,3,4,1,1,1,1
4,14,22,0.03675948828458786,0,0,3,3,3,4,3,4,1,1,1,1
4,14,24,0.031764619052410126,0,0,3,3,3,4,3,4,1,1,1,1
4,14,26,0.03086135722696781,0,0,3,3,3,5,3,5,1,1,1,1
4,14,27,0.008370977826416492,0,0,3,3,3,5,3,5,1,1,1,1
4,14,29,0.015213226899504662,0,0,3,3,3,5,3,5,1,1,1,1
4,14,31,0.04256388545036316,0,0,3,4,3,1,3,1,1,1,1,1
4,14,32,0.003269384615123272,0,0,3,4,3,2,3,2,1,1,1,1
4,14,34,0.00717372028157115,0,0,3,4,3,4,3,4,1,1,1,1
4,14,35,0.01264187227934599,0,0,3,4,3,5,3,5,1,1,1,1
4,14,41,0.06463807076215744,0,1,3,6,3,1,3,1,1,1,1,5
4,14,42,0.0067223357036709785,0,1,3,6,3,2,3,2,1,1,1,5
4,14,43,0.023328442126512527,0,1,3,6,3,3,3,3,1,1,1,5
4,14,44,0.03472621738910675,0,1,3,6,3,4,3,4,1,1,1,5
4,14,46,0.05710099637508392,0,2,3,7,3,0,3,0,1,0,1,4
4,16,0,0.03569807857275009,0,0,3,1,3,0,3,0,1,2,1,4
4,16,3,0.13338717818260193,0,0,3,3,3,1,3,1,1,1,1,1
4,16,5,0.07194655388593674,0,0,3,3,3,1,3,1,1,1,1,1
4,16,6,0.2972978353500366,0,0,3,3,3,1,3,1,1,1,1,1
4,16,12,0.003061378840357065,0,0,3,3,3,2,3,2,1,1,1,1
4,16,15,0.01809263788163662,0,0,3,3,3,3,3,3,1,1,1,1
4,16,17,0.02648608572781086,0,0,3,3,3,3,3,3,1,1,1,1
4,16,19,0.055626578629016876,0,0,3,3,3,4,3,4,1,1,1,1
4,16,20,0.02454732544720173,0,0,3,3,3,4,3,4,1,1,1,1
4,16,22,0.009421040304005146,0,0,3,3,3,4,3,4,1,1,1,1
4,16,24,0.015017985366284847,0,0,3,3,3,4,3,4,1,1,1,1
4,16,26,0.06349478662014008,0,0,3,3,3,5,3,5,1,1,1,1
4,16,27,0.008532900363206863,0,0,3,3,3,5,3,5,1,1,1,1
4,16,29,0.017650170251727104,0,0,3,3,3,5,3,5,1,1,1,1
4,16,31,0.028108227998018265,0,0,3,4,3,1,3,1,1,1,1,1
4,16,32,0.0019251414341852069,0,0,3,4,3,2,3,2,1,1,1,1
4,16,34,0.0030119684524834156,0,0,3,4,3,4,3,4,1,1,1,1
4,16,35,0.011745995841920376,0,0,3,4,3,5,3,5,1,1,1,1
4,16,41,0.017156127840280533,0,1,3,6,3,1,3,1,1,1,1,5
4,16,42,0.000576854043174535,0,1,3,6,3,2,3,2,1,1,1,5
4,16,43,0.006246208678930998,0,1,3,6,3,3,3,3,1,1,1,5
4,16,44,0.009482325054705143,0,1,3,6,3,4,3,4,1,1,1,5
4,16,46,0.14148685336112976,0,2,3,7,3,0,3,0,1,0,1,4
4,18,0,0.06337130069732666,0,0,3,1,3,0,3,0,1,2,1,4
4,18,3,0.12225544452667236,0,0,3,3,3,1,3,1,1,1,1,1
4,18,5,0.10213571786880493,0,0,3,3,3,1,3,1,1,1,1,1
4,18,6,0.20790553092956543,0,0,3,3,3,1,3,1,1,1,1,1
4,18,12,0.0035168658941984177,0,0,3,3,3,2,3,2,1,1,1,1
4,18,15,0.017460517585277557,0,0,3,3,3,3,3,3,1,1,1,1
4,18,17,0.03211624547839165,0,0,3,3,3,3,3,3,1,1,1,1
4,18,19,0.034600332379341125,0,0,3,3,3,4,3,4,1,1,1,1
4,18,20,0.04496999830007553,0,0,3,3,3,4,3,4,1,1,1,1
4,18,22,0.03633730486035347,0,0,3,3,3,4,3,4,1,1,1,1
4,18,24,0.0217327568680048,0,0,3,3,3,4,3,4,1,1,1,1
4,18,26,0.016090355813503265,0,0,3,3,3,5,3,5,1,1,1,1
4,18,27,0.004439645446836948,0,0,3,3,3,5,3,5,1,1,1,1
4,18,29,0.010915148071944714,0,0,3,3,3,5,3,5,1,1,1,1
4,18,31,0.06645528972148895,0,0,3,4,3,1,3,1,1,1,1,1
4,18,32,0.0027067731134593487,0,0,3,4,3,2,3,2,1,1,1,1
4,18,34,0.004621382337063551,0,0,3,4,3,4,3,4,1,1,1,1
4,18,35,0.010274096392095089,0,0,3,4,3,5,3,5,1,1,1,1
4,18,41,0.05205618217587471,0,1,3,6,3,1,3,1,1,1,1,5
4,18,42,0.0028874773997813463,0,1,3,6,3,2,3,2,1,1,1,5
4,18,43,0.014675325714051723,0,1,3,6,3,3,3,3,1,1,1,5
4,18,44,0.025115713477134705,0,1,3,6,3,4,3,4,1,1,1,5
4,18,46,0.1033606007695198,0,2,3,7,3,0,3,0,1,0,1,4
4,21,0,0.00783418770879507,0,0,3,1,4,0,4,0,1,2,1,4
4,21,3,0.020746203139424324,0,0,3,3,4,1,4,1,1,1,1,1
4,21,5,0.015335545875132084,0,0,3,3,4,1,4,1,1,1,1,1
4,21,6,0.015049276873469353,0,0,3,3,4,1,4,1,1,1,1,1
4,21,12,0.3535131812095642,0,0,3,3,4,2,4,2,1,1,1,1
4,21,15,0.10072331130504608,0,0,3,3,4,3,4,3,1,1,1,1
4,21,17,0.003956419415771961,0,0,3,3,4,3,4,3,1,1,1,1
4,21,19,0.012936791405081749,0,0,3,3,4,4,4,4,1,1,1,1
4,21,20,0.014962282963097095,0,0,3,3,4,4,4,4,1,1,1,1
4,21,22,0.03255569562315941,0,0,3,3,4,4,4,4,1,1,1,1
4,21,24,0.0030718815978616476,0,0,3,3,4,4,4,4,1,1,1,1
4,21,26,0.0006978012970648706,0,0,3,3,4,5,4,5,1,1,1,1
4,21,27,0.0030373670160770416,0,0,3,3,4,5,4,5,1,1,1,1
4,21,29,0.0043294960632920265,0,0,3,3,4,5,4,5,1,1,1,1
4,21,31,0.30154484510421753,0,0,3,4,4,1,4,1,1,1,1,1
4,21,32,0.03048894554376602,0,0,3,4,4,2,4,2,1,1,1,1
4,21,34,0.013166298158466816,0,0,3,4,4,4,4,4,1,1,1,1
4,21,35,0.048007603734731674,0,0,3,4,4,5,4,5,1,1,1,1
4,21,41,0.0034611141309142113,0,1,3,6,4,1,4,1,1,1,1,5
4,21,42,0.0032493514008820057,0,1,3,6,4,2,4,2,1,1,1,5
4,21,43,0.003054106142371893,0,1,3,6,4,3,4,3,1,1,1,5
4,21,44,0.0010225854348391294,0,1,3,6,4,4,4,4,1,1,1,5
4,21,46,0.007255920208990574,0,2,3,7,4,0,4,0,1,0,1,4
4,23,0,0.0007877802127040923,0,0,3,1,4,0,4,0,1,2,1,4
4,23,3,0.008513656444847584,0,0,3,3,4,1,4,1,1,1,1,1
4,23,5,0.006236855871975422,0,0,3,3,4,1,4,1,1,1,1,1
4,23,6,0.003361170180141926,0,0,3,3,4,1,4,1,1,1,1,1
4,23,12,0.13416361808776855,0,0,3,3,4,2,4,2,1,1,1,1
4,23,15,0.019422465935349464,0,0,3,3,4,3,4,3,1,1,1,1
4,23,17,0.0002497553068678826,0,0,3,3,4,3,4,3,1,1,1,1
4,23,19,0.0005436644423753023,0,0,3,3,4,4,4,4,1,1,1,1
4,23,20,0.0008454829803667963,0,0,3,3,4,4,4,4,1,1,1,1
4,23,22,0.006425944156944752,0,0,3,3,4,4,4,4,1,1,1,1
4,23,24,0.0002147746563423425,0,0,3,3,4,4,4,4,1,1,1,1
4,23,26,3.0343097023433074e-05,0,0,3,3,4,5,4,5,1,1,1,1
4,23,27,0.00019313824304845184,0,0,3,3,4,5,4,5,1,1,1,1
4,23,29,0.0007102692034095526,0,0,3,3,4,5,4,5,1,1,1,1
4,23,31,0.7945749759674072,0,0,3,4,4,1,4,1,1,1,1,1
4,23,32,0.010087926872074604,0,0,3,4,4,2,4,2,1,1,1,1
4,23,34,0.0018012162763625383,0,0,3,4,4,4,4,4,1,1,1,1
4,23,35,0.006917617283761501,0,0,3,4,4,5,4,5,1,1,1,1
4,23,41,0.0024995459243655205,0,1,3,6,4,1,4,1,1,1,1,5
4,23,42,0.000725013145711273,0,1,3,6,4,2,4,2,1,1,1,5
4,23,43,0.0007586180581711233,0,1,3,6,4,3,4,3,1,1,1,5
4,23,44,0.00023369600239675492,0,1,3,6,4,4,4,4,1,1,1,5
4,23,46,0.0007024760125204921,0,2,3,7,4,0,4,0,1,0,1,4
4,25,0,0.2560069262981415,0,0,3,1,5,0,5,0,1,2,1,4
4,25,3,0.01980958878993988,0,0,3,3,5,1,5,1,1,1,1,1
4,25,5,0.019256550818681717,0,0,3,3,5,1,5,1,1,1,1,1
4,25,6,0.03739115223288536,0,0,3,3,5,1,5,1,1,1,1,1
4,25,12,0.0004952726303599775,0,0,3,3,5,2,5,2,1,1,1,1
4,25,15,0.0014887270517647266,0,0,3,3,5,3,5,3,1,1,1,1
4,25,17,0.005121150054037571,0,0,3,3,5,3,5,3,1,1,1,1
4,25,19,0.004048194736242294,0,0,3,3,5,4,5,4,1,1,1,1
4,25,20,0.016528695821762085,0,0,3,3,5,4,5,4,1,1,1,1
4,25,22,0.010340887121856213,0,0,3,3,5,4,5,4,1,1,1,1
4,25,24,0.01601395569741726,0,0,3,3,5,4,5,4,1,1,1,1
4,25,26,0.002088873414322734,0,0,3,3,5,5,5,5,1,1,1,1
4,25,27,0.0012367177987471223,0,0,3,3,5,5,5,5,1,1,1,1
4,25,29,0.0006464664475060999,0,0,3,3,5,5,5,5,1,1,1,1
4,25,31,0.005300601944327354,0,0,3,4,5,1,5,1,1,1,1,1
4,25,32,0.00021316834317985922,0,0,3,4,5,2,5,2,1,1,1,1
4,25,34,0.0018036351539194584,0,0,3,4,5,4,5,4,1,1,1,1
4,25,35,0.0007353194523602724,0,0,3,4,5,5,5,5,1,1,1,1
4,25,41,0.0019433553097769618,0,1,3,6,5,1,5,1,1,1,1,5
4,25,42,0.0002962858125101775,0,1,3,6,5,2,5,2,1,1,1,5
4,25,43,0.0011710954131558537,0,1,3,6,5,3,5,3,1,1,1,5
4,25,44,0.01344189140945673,0,1,3,6,5,4,5,4,1,1,1,5
4,25,46,0.5846219062805176,0,2,3,7,5,0,5,0,1,0,1,4
4,28,0,0.2717760503292084,0,0,3,1,5,0,5,0,1,2,1,4
4,28,3,0.014244106598198414,0,0,3,3,5,1,5,1,1,1,1,1
4,28,5,0.02304026111960411,0,0,3,3,5,1,5,1,1,1,1,1
4,28,6,0.04548979923129082,0,0,3,3,5,1,5,1,1,1,1,1
4,28,12,0.0004020382184535265,0,0,3,3,5,2,5,2,1,1,1,1
4,28,15,0.0032497018110007048,0,0,3,3,5,3,5,3,1,1,1,1
4,28,17,0.019261451438069344,0,0,3,3,5,3,5,3,1,1,1,1
4,28,19,0.008346043527126312,0,0,3,3,5,4,5,4,1,1,1,1
4,28,20,0.06256035715341568,0,0,3,3,5,4,5,4,1,1,1,1
4,28,22,0.031526580452919006,0,0,3,3,5,4,5,4,1,1,1,1
4,28,24,0.070707306265831,0,0,3,3,5,4,5,4,1,1,1,1
4,28,26,0.002234879182651639,0,0,3,3,5,5,5,5,1,1,1,1
4,28,27,0.0017322812927886844,0,0,3,3,5,5,5,5,1,1,1,1
4,28,29,0.0007871257839724422,0,0,3,3,5,5,5,5,1,1,1,1
4,28,31,0.006237853318452835,0,0,3,4,5,1,5,1,1,1,1,1
4,28,32,0.0003777397214435041,0,0,3,4,5,2,5,2,1,1,1,1
4,28,34,0.009444997645914555,0,0,3,4,5,4,5,4,1,1,1,1
4,28,35,0.0014561343705281615,0,0,3,4,5,5,5,5,1,1,1,1
4,28,41,0.014662174507975578,0,1,3,6,5,1,5,1,1,1,1,5
4,28,42,0.0016979166539385915,0,1,3,6,5,2,5,2,1,1,1,5
4,28,43,0.01002353336662054,0,1,3,6,5,3,5,3,1,1,1,5
4,28,44,0.22626079618930817,0,1,3,6,5,4,5,4,1,1,1,5
4,28,46,0.1744810938835144,0,2,3,7,5,0,5,0,1,0,1,4
4,30,0,0.3538263142108917,0,0,3,1,5,0,5,0,1,2,1,4
4,30,3,0.01430401112884283,0,0,3,3,5,1,5,1,1,1,1,1
4,30,5,0.035733018070459366,0,0,3,3,5,1,5,1,1,1,1,1
4,30,6,0.04558959975838661,0,0,3,3,5,1,5,1,1,1,1,1
4,30,12,0.0004029706178698689,0,0,3,3,5,2,5,2,1,1,1,1
4,30,15,0.0016605086857452989,0,0,3,3,5,3,5,3,1,1,1,1
4,30,17,0.013049108907580376,0,0,3,3,5,3,5,3,1,1,1,1
4,30,19,0.010841364040970802,0,0,3,3,5,4,5,4,1,1,1,1
4,30,20,0.07093924283981323,0,0,3,3,5,4,5,4,1,1,1,1
4,30,22,0.035949815064668655,0,0,3,3,5,4,5,4,1,1,1,1
4,30,24,0.04473495855927467,0,0,3,3,5,4,5,4,1,1,1,1
4,30,26,0.004539349116384983,0,0,3,3,5,5,5,5,1,1,1,1
4,30,27,0.0033322435338050127,0,0,3,3,5,5,5,5,1,1,1,1
4,30,29,0.002054317854344845,0,0,3,3,5,5,5,5,1,1,1,1
4,30,31,0.006150944158434868,0,0,3,4,5,1,5,1,1,1,1,1
4,30,32,0.00041334962588734925,0,0,3,4,5,2,5,2,1,1,1,1
4,30,34,0.006353956181555986,0,0,3,4,5,4,5,4,1,1,1,1
4,30,35,0.0012558382004499435,0,0,3,4,5,5,5,5,1,1,1,1
4,30,41,0.004036010708659887,0,1,3,6,5,1,5,1,1,1,1,5
4,30,42,0.0015505000483244658,0,1,3,6,5,2,5,2,1,1,1,5
4,30,43,0.003282625926658511,0,1,3,6,5,3,5,3,1,1,1,5
4,30,44,0.031931616365909576,0,1,3,6,5,4,5,4,1,1,1,5
4,30,46,0.3080683648586273,0,2,3,7,5,0,5,0,1,0,1,4
4,33,0,0.03627415746450424,0,0,4,1,3,0,3,0,1,2,1,4
4,33,3,0.06859103590250015,0,0,4,3,3,1,3,1,1,1,1,1
4,33,5,0.03067941777408123,0,0,4,3,3,1,3,1,1,1,1,1
4,33,6,0.04555881768465042,0,0,4,3,3,1,3,1,1,1,1,1
4,33,12,0.024964816868305206,0,0,4,3,3,2,3,2,1,1,1,1
4,33,15,0.07362490892410278,0,0,4,3,3,3,3,3,1,1,1,1
4,33,17,0.08708637207746506,0,0,4,3,3,3,3,3,1,1,1,1
4,33,19,0.07929134368896484,0,0,4,3,3,4,3,4,1,1,1,1
4,33,20,0.040745362639427185,0,0,4,3,3,4,3,4,1,1,1,1
4,33,22,0.04388653486967087,0,0,4,3,3,4,3,4,1,1,1,1
4,33,24,0.02678234502673149,0,0,4,3,3,4,3,4,1,1,1,1
4,33,26,0.04640723392367363,0,0,4,3,3,5,3,5,1,1,1,1
4,33,27,0.024524496868252754,0,0,4,3,3,5,3,5,1,1,1,1
4,33,29,0.034250080585479736,0,0,4,3,3,5,3,5,1,1,1,1
4,33,31,0.014572803862392902,0,0,4,4,3,1,3,1,1,1,1,1
4,33,32,0.01929956115782261,0,0,4,4,3,2,3,2,1,1,1,1
4,33,34,0.018427018076181412,0,0,4,4,3,4,3,4,1,1,1,1
4,33,35,0.04058874770998955,0,0,4,4,3,5,3,5,1,1,1,1
4,33,41,0.07789769768714905,0,1,4,6,3,1,3,1,1,1,1,5
4,33,42,0.041447848081588745,0,1,4,6,3,2,3,2,1,1,1,5
4,33,43,0.0628865584731102,0,1,4,6,3,3,3,3,1,1,1,5
4,33,44,0.03454718738794327,0,1,4,6,3,4,3,4,1,1,1,5
4,33,46,0.027665583416819572,0,2,4,7,3,0,3,0,1,0,1,4
4,36,0,0.0022297229152172804,0,0,5,1,1,0,1,0,2,2,2,4
4,36,3,0.03770963102579117,0,0,5,3,1,1,1,1,2,1,2,1
4,36,5,0.04294820502400398,0,0,5,3,1,1,1,1,2,1,2,1
4,36,6,0.010463030077517033,0,0,5,3,1,1,1,1,2,1,2,1
4,36,12,0.001659069093875587,0,0,5,3,1,2,1,2,2,1,2,1
4,36,15,0.008656144142150879,0,0,5,3,1,3,1,3,2,1,2,1
4,36,17,0.02856628969311714,0,0,5,3,1,3,1,3,2,1,2,1
4,36,19,0.0006732270703651011,0,0,5,3,1,4,1,4,2,1,2,1
4,36,20,0.002751500578597188,0,0,5,3,1,4,1,4,2,1,2,1
4,36,22,0.020797837525606155,0,0,5,3,1,4,1,4,2,1,2,1
4,36,24,0.001905721379444003,0,0,5,3,1,4,1,4,2,1,2,1
4,36,26,0.0016309712082147598,0,0,5,3,1,5,1,5,2,1,2,1
4,36,27,0.0012499449076130986,0,0,5,3,1,5,1,5,2,1,2,1
4,36,29,0.021455584093928337,0,0,5,3,1,5,1,5,2,1,2,1
4,36,31,0.6012482643127441,0,0,5,4,1,1,1,1,2,1,2,1
4,36,32,0.006426080130040646,0,0,5,4,1,2,1,2,2,1,2,1
4,36,34,0.019336629658937454,0,0,5,4,1,4,1,4,2,1,2,1
4,36,35,0.003892499255016446,0,0,5,4,1,5,1,5,2,1,2,1
4,36,41,0.010469538159668446,0,1,5,6,1,1,1,1,2,1,2,5
4,36,42,0.011897321790456772,0,1,5,6,1,2,1,2,2,1,2,5
4,36,43,0.13920991122722626,0,1,5,6,1,3,1,3,2,1,2,5
4,36,44,0.004502244759351015,0,1,5,6,1,4,1,4,2,1,2,5
4,36,46,0.02032100409269333,0,2,5,7,1,0,1,0,2,0,2,4
4,37,0,0.00034523700014688075,0,0,5,1,2,0,2,0,2,2,2,4
4,37,3,0.002486620331183076,0,0,5,3,2,1,2,1,2,1,2,1
4,37,5,0.009545504115521908,0,0,5,3,2,1,2,1,2,1,2,1
4,37,6,0.0008355635218322277,0,0,5,3,2,1,2,1,2,1,2,1
4,37,12,0.0030519564170390368,0,0,5,3,2,2,2,2,2,1,2,1
4,37,15,0.0013397156726568937,0,0,5,3,2,3,2,3,2,1,2,1
4,37,17,0.003176732687279582,0,0,5,3,2,3,2,3,2,1,2,1
4,37,19,0.00021798795205540955,0,0,5,3,2,4,2,4,2,1,2,1
4,37,20,0.0044296556152403355,0,0,5,3,2,4,2,4,2,1,2,1
4,37,22,0.04041159898042679,0,0,5,3,2,4,2,4,2,1,2,1
4,37,24,0.0028076614253222942,0,0,5,3,2,4,2,4,2,1,2,1
4,37,26,0.00013086597027722746,0,0,5,3,2,5,2,5,2,1,2,1
4,37,27,0.0005102403229102492,0,0,5,3,2,5,2,5,2,1,2,1
4,37,29,0.0032747050281614065,0,0,5,3,2,5,2,5,2,1,2,1
4,37,31,0.4580303728580475,0,0,5,4,2,1,2,1,2,1,2,1
4,37,32,0.025805272161960602,0,0,5,4,2,2,2,2,2,1,2,1
4,37,34,0.044618941843509674,0,0,5,4,2,4,2,4,2,1,2,1
4,37,35,0.003082185983657837,0,0,5,4,2,5,2,5,2,1,2,1
4,37,41,0.05656791850924492,0,1,5,6,2,1,2,1,2,1,2,5
4,37,42,0.24938321113586426,0,1,5,6,2,2,2,2,2,1,2,5
4,37,43,0.06073407828807831,0,1,5,6,2,3,2,3,2,1,2,5
4,37,44,0.028904171660542488,0,1,5,6,2,4,2,4,2,1,2,5
4,37,46,0.00030982616590335965,0,2,5,7,2,0,2,0,2,0,2,4
4,38,0,0.002821010770276189,0,0,5,1,3,0,3,0,2,2,2,4
4,38,3,0.02647337131202221,0,0,5,3,3,1,3,1,2,1,2,1
4,38,5,0.025585312396287918,0,0,5,3,3,1,3,1,2,1,2,1
4,38,6,0.014888759702444077,0,0,5,3,3,1,3,1,2,1,2,1
4,38,12,0.006337233819067478,0,0,5,3,3,2,3,2,2,1,2,1
4,38,15,0.019044987857341766,0,0,5,3,3,3,3,3,2,1,2,1
4,38,17,0.09420087933540344,0,0,5,3,3,3,3,3,2,1,2,1
4,38,19,0.027177564799785614,0,0,5,3,3,4,3,4,2,1,2,1
4,38,20,0.03765883669257164,0,0,5,3,3,4,3,4,2,1,2,1
4,38,22,0.08156368881464005,0,0,5,3,3,4,3,4,2,1,2,1
4,38,24,0.01718166097998619,0,0,5,3,3,4,3,4,2,1,2,1
4,38,26,0.009585916064679623,0,0,5,3,3,5,3,5,2,1,2,1
4,38,27,0.003906922414898872,0,0,5,3,3,5,3,5,2,1,2,1
4,38,29,0.02772214077413082,0,0,5,3,3,5,3,5,2,1,2,1
4,38,31,0.12773540616035461,0,0,5,4,3,1,3,1,2,1,2,1
4,38,32,0.018510019406676292,0,0,5,4,3,2,3,2,2,1,2,1
4,38,34,0.06608399748802185,0,0,5,4,3,4,3,4,2,1,2,1
4,38,35,0.019326873123645782,0,0,5,4,3,5,3,5,2,1,2,1
4,38,41,0.08263928443193436,0,1,5,6,3,1,3,1,2,1,2,5
4,38,42,0.1012711152434349,0,1,5,6,3,2,3,2,2,1,2,5
4,38,43,0.15053103864192963,0,1,5,6,3,3,3,3,2,1,2,5
4,38,44,0.03467131406068802,0,1,5,6,3,4,3,4,2,1,2,5
4,38,46,0.005082639865577221,0,2,5,7,3,0,3,0,2,0,2,4
4,39,0,4.573600017465651e-05,0,0,5,1,4,0,4,0,2,2,2,4
4,39,3,0.014060868881642818,0,0,5,3,4,1,4,1,2,1,2,1
4,39,5,0.0032351550180464983,0,0,5,3,4,1,4,1,2,1,2,1
4,39,6,0.001522049424238503,0,0,5,3,4,1,4,1,2,1,2,1
4,39,12,0.008201598189771175,0,0,5,3,4,2,4,2,2,1,2,1
4,39,15,0.004844581708312035,0,0,5,3,4,3,4,3,2,1,2,1
4,39,17,0.0008510326151736081,0,0,5,3,4,3,4,3,2,1,2,1
4,39,19,9.969333041226491e-05,0,0,5,3,4,4,4,4,2,1,2,1
4,39,20,0.000148417690070346,0,0,5,3,4,4,4,4,2,1,2,1
4,39,22,0.003183169523254037,0,0,5,3,4,4,4,4,2,1,2,1
4,39,24,8.583840826759115e-05,0,0,5,3,4,4,4,4,2,1,2,1
4,39,26,3.6699635529657826e-05,0,0,5,3,4,5,4,5,2,1,2,1
4,39,27,4.4732245441991836e-05,0,0,5,3,4,5,4,5,2,1,2,1
4,39,29,0.0012761553516611457,0,0,5,3,4,5,4,5,2,1,2,1
4,39,31,0.9480294585227966,0,0,5,4,4,1,4,1,2,1,2,1
4,39,32,0.0027922694571316242,0,0,5,4,4,2,4,2,2,1,2,1
4,39,34,0.0024625055957585573,0,0,5,4,4,4,4,4,2,1,2,1
4,39,35,0.0020059177186340094,0,0,5,4,4,5,4,5,2,1,2,1
4,39,41,0.0023072403855621815,0,1,5,6,4,1,4,1,2,1,2,5
4,39,42,0.0006204478559084237,0,1,5,6,4,2,4,2,2,1,2,5
4,39,43,0.0033913091756403446,0,1,5,6,4,3,4,3,2,1,2,5
4,39,44,0.0003330714534968138,0,1,5,6,4,4,4,4,2,1,2,5
4,39,46,0.0004217691603116691,0,2,5,7,4,0,4,0,2,0,2,4
4,40,0,0.02547152154147625,0,0,5,1,5,0,5,0,2,2,2,4
4,40,3,0.05174883455038071,0,0,5,3,5,1,5,1,2,1,2,1
4,40,5,0.03757335990667343,0,0,5,3,5,1,5,1,2,1,2,1
4,40,6,0.02377924881875515,0,0,5,3,5,1,5,1,2,1,2,1
4,40,12,0.0005723825306631625,0,0,5,3,5,2,5,2,2,1,2,1
4,40,15,0.0028168819844722748,0,0,5,3,5,3,5,3,2,1,2,1
4,40,17,0.06164560094475746,0,0,5,3,5,3,5,3,2,1,2,1
4,40,19,0.010939261876046658,0,0,5,3,5,4,5,4,2,1,2,1
4,40,20,0.05801955610513687,0,0,5,3,5,4,5,4,2,1,2,1
4,40,22,0.1603996455669403,0,0,5,3,5,4,5,4,2,1,2,1
4,40,24,0.04618862643837929,0,0,5,3,5,4,5,4,2,1,2,1
4,40,26,0.007164532784372568,0,0,5,3,5,5,5,5,2,1,2,1
4,40,27,0.0024889090564101934,0,0,5,3,5,5,5,5,2,1,2,1
4,40,29,0.011899431236088276,0,0,5,3,5,5,5,5,2,1,2,1
4,40,31,0.06054699793457985,0,0,5,4,5,1,5,1,2,1,2,1
4,40,32,0.002670661546289921,0,0,5,4,5,2,5,2,2,1,2,1
4,40,34,0.10003103315830231,0,0,5,4,5,4,5,4,2,1,2,1
4,40,35,0.004665053449571133,0,0,5,4,5,5,5,5,2,1,2,1
4,40,41,0.03733450174331665,0,1,5,6,5,1,5,1,2,1,2,5
4,40,42,0.025062862783670425,0,1,5,6,5,2,5,2,2,1,2,5
4,40,43,0.03925662487745285,0,1,5,6,5,3,5,3,2,1,2,5
4,40,44,0.164567232131958,0,1,5,6,5,4,5,4,2,1,2,5
4,40,46,0.0651574358344078,0,2,5,7,5,0,5,0,2,0,2,4
4,45,0,0.17869539558887482,1,0,6,1,5,0,5,0,1,2,5,4
4,45,3,0.011674933135509491,1,0,6,3,5,1,5,1,1,1,5,1
4,45,5,0.012080696411430836,1,0,6,3,5,1,5,1,1,1,5,1
4,45,6,0.020322127267718315,1,0,6,3,5,1,5,1,1,1,5,1
4,45,12,0.011059051379561424,1,0,6,3,5,2,5,2,1,1,5,1
4,45,15,0.020913200452923775,1,0,6,3,5,3,5,3,1,1,5,1
4,45,17,0.015308906324207783,1,0,6,3,5,3,5,3,1,1,5,1
4,45,19,0.013853946700692177,1,0,6,3,5,4,5,4,1,1,5,1
4,45,20,0.05690054967999458,1,0,6,3,5,4,5,4,1,1,5,1
4,45,22,0.0404261015355587,1,0,6,3,5,4,5,4,1,1,5,1
4,45,24,0.11362610757350922,1,0,6,3,5,4,5,4,1,1,5,1
4,45,26,0.014297853223979473,1,0,6,3,5,5,5,5,1,1,5,1
4,45,27,0.05207623541355133,1,0,6,3,5,5,5,5,1,1,5,1
4,45,29,0.008197841234505177,1,0,6,3,5,5,5,5,1,1,5,1
4,45,31,0.002291180891916156,1,0,6,4,5,1,5,1,1,1,5,1
4,45,32,0.011967563070356846,1,0,6,4,5,2,5,2,1,1,5,1
4,45,34,0.052881304174661636,1,0,6,4,5,4,5,4,1,1,5,1
4,45,35,0.03392212837934494,1,0,6,4,5,5,5,5,1,1,5,1
4,45,41,0.016877759248018265,1,1,6,6,5,1,5,1,1,1,5,5
4,45,42,0.00995433609932661,1,1,6,6,5,2,5,2,1,1,5,5
4,45,43,0.010127967223525047,1,1,6,6,5,3,5,3,1,1,5,5
4,45,44,0.2636590301990509,1,1,6,6,5,4,5,4,1,1,5,5
4,45,46,0.028885548934340477,1,2,6,7,5,0,5,0,1,0,5,4
5,0,1,5.493727439898066e-05,0,0,1,3,0,1,0,1,2,1,4,1
5,0,2,1.697428888292052e-05,0,0,1,3,0,1,0,1,2,1,4,1
5,0,4,0.00026442226953804493,0,0,1,3,0,1,0,1,2,1,4,1
5,0,7,2.489188773324713e-06,0,0,1,3,0,2,0,2,2,1,4,1
5,0,8,0.00010424732317915186,0,0,1,3,0,2,0,2,2,1,4,1
5,0,9,2.8299646146479063e-05,0,0,1,3,0,2,0,2,2,1,4,1
5,0,10,0.0015833030920475721,0,0,1,3,0,2,0,2,2,1,4,1
5,0,11,0.00017000151274260134,0,0,1,3,0,2,0,2,2,1,4,1
5,0,13,2.2354481188813224e-05,0,0,1,3,0,3,0,3,2,1,4,1
5,0,14,1.5530990822298918e-06,0,0,1,3,0,3,0,3,2,1,4,1
5,0,16,3.797607860178687e-05,0,0,1,3,0,3,0,3,2,1,4,1
5,0,18,5.983387836749898e-06,0,0,1,3,0,3,0,3,2,1,4,1
5,0,21,1.6999682657115045e-06,0,0,1,3,0,4,0,4,2,1,4,1
5,0,23,1.0750761248345952e-05,0,0,1,3,0,4,0,4,2,1,4,1
5,0,25,5.912356755288783e-07,0,0,1,3,0,5,0,5,2,1,4,1
5,0,28,1.002319095277926e-06,0,0,1,3,0,5,0,5,2,1,4,1
5,0,30,2.290511105229598e-07,0,0,1,3,0,5,0,5,2,1,4,1
5,0,33,0.00016742431034799665,0,0,1,4,0,3,0,3,2,1,4,1
5,0,36,0.8695801496505737,0,0,1,5,0,1,0,1,2,2,4,2
5,0,37,0.10055991262197495,0,0,1,5,0,2,0,2,2,2,4,2
5,0,38,0.025211721658706665,0,0,1,5,0,3,0,3,2,2,4,2
5,0,39,0.0014699103776365519,0,0,1,5,0,4,0,4,2,2,4,2
5,0,40,0.0007011079578660429,0,0,1,5,0,5,0,5,2,2,4,2
5,0,45,3.76343155039649e-06,0,1,1,6,0,5,0,5,2,1,4,5
5,3,1,8.115102536976337e-05,0,0,3,3,1,1,1,1,1,1,1,1
5,3,2,1.4172097507980652e-05,0,0,3,3,1,1,1,1,1,1,1,1
5,3,4,0.00020286455401219428,0,0,3,3,1,1,1,1,1,1,1,1
5,3,7,3.7033084936410887e-06,0,0,3,3,1,2,1,2,1,1,1,1
5,3,8,2.960692290798761e-05,0,0,3,3,1,2,1,2,1,1,1,1
5,3,9,1.750079172779806e-05,0,0,3,3,1,2,1,2,1,1,1,1
5,3,10,0.00024389036116190255,0,0,3,3,1,2,1,2,1,1,1,1
5,3,11,0.0002209034573752433,0,0,3,3,1,2,1,2,1,1,1,1
5,3,13,2.2173375327838585e-05,0,0,3,3,1,3,1,3,1,1,1,1
5,3,14,1.1941898492295877e-06,0,0,3,3,1,3,1,3,1,1,1,1
5,3,16,7.525700311816763e-06,0,0,3,3,1,3,1,3,1,1,1,1
5,3,18,2.0149043393757893e-06,0,0,3,3,1,3,1,3,1,1,1,1
5,3,21,5.676318437508598e-07,0,0,3,3,1,4,1,4,1,1,1,1
5,3,23,1.6003529026420438e-06,0,0,3,3,1,4,1,4,1,1,1,1
5,3,25,1.160517157927643e-07,0,0,3,3,1,5,1,5,1,1,1,1
5,3,28,1.6577844519360951e-07,0,0,3,3,1,5,1,5,1,1,1,1
5,3,30,1.327967567021915e-07,0,0,3,3,1,5,1,5,1,1,1,1
5,3,33,2.9453227398335002e-05,0,0,3,4,1,3,1,3,1,1,1,1
5,3,36,0.9572635293006897,0,0,3,5,1,1,1,1,1,2,1,2
5,3,37,0.03294558450579643,0,0,3,5,1,2,1,2,1,2,1,2
5,3,38,0.008764558471739292,0,0,3,5,1,3,1,3,1,2,1,2
5,3,39,7.293100497918203e-05,0,0,3,5,1,4,1,4,1,2,1,2
5,3,40,7.446041126968339e-05,0,0,3,5,1,5,1,5,1,2,1,2
5,3,45,8.083198821395854e-08,0,1,3,6,1,5,1,5,1,1,1,5
5,5,1,0.00011045004066545516,0,0,3,3,1,1,1,1,1,1,1,1
5,5,2,3.510442184051499e-05,0,0,3,3,1,1,1,1,1,1,1,1
5,5,4,0.00037195379263721406,0,0,3,3,1,1,1,1,1,1,1,1
5,5,7,6.131502686912427e-06,0,0,3,3,1,2,1,2,1,1,1,1
5,5,8,1.3201455658418126e-05,0,0,3,3,1,2,1,2,1,1,1,1
5,5,9,2.441045035084244e-05,0,0,3,3,1,2,1,2,1,1,1,1
5,5,10,0.0003608774277381599,0,0,3,3,1,2,1,2,1,1,1,1
5,5,11,0.0001780452294042334,0,0,3,3,1,2,1,2,1,1,1,1
5,5,13,1.1148098565172404e-05,0,0,3,3,1,3,1,3,1,1,1,1
5,5,14,1.7647262211539783e-06,0,0,3,3,1,3,1,3,1,1,1,1
5,5,16,1.4900015230523422e-05,0,0,3,3,1,3,1,3,1,1,1,1
5,5,18,2.2065053144615376e-06,0,0,3,3,1,3,1,3,1,1,1,1
5,5,21,9.1847226713071e-07,0,0,3,3,1,4,1,4,1,1,1,1
5,5,23,5.891815817449242e-06,0,0,3,3,1,4,1,4,1,1,1,1
5,5,25,2.6067959879583213e-07,0,0,3,3,1,5,1,5,1,1,1,1
5,5,28,2.0331671635176463e-07,0,0,3,3,1,5,1,5,1,1,1,1
5,5,30,2.2291837353805022e-07,0,0,3,3,1,5,1,5,1,1,1,1
5,5,33,0.00010602324618957937,0,0,3,4,1,3,1,3,1,1,1,1
5,5,36,0.9797812104225159,0,0,3,5,1,1,1,1,1,2,1,2
5,5,37,0.015042785555124283,0,0,3,5,1,2,1,2,1,2,1,2
5,5,38,0.003796969074755907,0,0,3,5,1,3,1,3,1,2,1,2
5,5,39,0.00010407484660390764,0,0,3,5,1,4,1,4,1,2,1,2
5,5,40,3.1459901947528124e-05,0,0,3,5,1,5,1,5,1,2,1,2
5,5,45,3.292807448929125e-08,0,1,3,6,1,5,1,5,1,1,1,5
5,6,1,0.0006751609616912901,0,0,3,3,1,1,1,1,1,1,1,1
5,6,2,0.00010193096386501566,0,0,3,3,1,1,1,1,1,1,1,1
5,6,4,0.001265744329430163,0,0,3,3,1,1,1,1,1,1,1,1
5,6,7,0.00010419960744911805,0,0,3,3,1,2,1,2,1,1,1,1
5,6,8,0.00014101917622610927,0,0,3,3,1,2,1,2,1,1,1,1
5,6,9,0.0003348546742927283,0,0,3,3,1,2,1,2,1,1,1,1
5,6,10,0.0010848974343389273,0,0,3,3,1,2,1,2,1,1,1,1
5,6,11,0.0012173583963885903,0,0,3,3,1,2,1,2,1,1,1,1
5,6,13,0.00033616594737395644,0,0,3,3,1,3,1,3,1,1,1,1
5,6,14,4.911844007438049e-05,0,0,3,3,1,3,1,3,1,1,1,1
5,6,16,0.00020571188360918313,0,0,3,3,1,3,1,3,1,1,1,1
5,6,18,4.7755136620253325e-05,0,0,3,3,1,3,1,3,1,1,1,1
5,6,21,0.00010553685569902882,0,0,3,3,1,4,1,4,1,1,1,1
5,6,23,0.0003392648068256676,0,0,3,3,1,4,1,4,1,1,1,1
5,6,25,8.037274710659403e-06,0,0,3,3,1,5,1,5,1,1,1,1
5,6,28,7.587732852698537e-06,0,0,3,3,1,5,1,5,1,1,1,1
5,6,30,5.608811989077367e-06,0,0,3,3,1,5,1,5,1,1,1,1
5,6,33,0.0006135493167676032,0,0,3,4,1,3,1,3,1,1,1,1
5,6,36,0.8753322958946228,0,0,3,5,1,1,1,1,1,2,1,2
5,6,37,0.08152130991220474,0,0,3,5,1,2,1,2,1,2,1,2
5,6,38,0.030043767765164375,0,0,3,5,1,3,1,3,1,2,1,2
5,6,39,0.005855204537510872,0,0,3,5,1,4,1,4,1,2,1,2
5,6,40,0.0006026928313076496,0,0,3,5,1,5,1,5,1,2,1,2
5,6,45,1.917607960422174e-06,0,1,3,6,1,5,1,5,1,1,1,5
5,12,1,0.17069685459136963,0,0,3,3,2,1,2,1,1,1,1,1
5,12,2,0.052644599229097366,0,0,3,3,2,1,2,1,1,1,1,1
5,12,4,0.10570595413446426,0,0,3,3,2,1,2,1,1,1,1,1
5,12,7,0.016731880605220795,0,0,3,3,2,2,2,2,1,1,1,1
5,12,8,0.006332009565085173,0,0,3,3,2,2,2,2,1,1,1,1
5,12,9,0.0074300095438957214,0,0,3,3,2,2,2,2,1,1,1,1
5,12,10,0.014505051076412201,0,0,3,3,2,2,2,2,1,1,1,1
5,12,11,0.028024720028042793,0,0,3,3,2,2,2,2,1,1,1,1
5,12,13,0.01832062005996704,0,0,3,3,2,3,2,3,1,1,1,1
5,12,14,0.01030610129237175,0,0,3,3,2,3,2,3,1,1,1,1
5,12,16,0.008234184235334396,0,0,3,3,2,3,2,3,1,1,1,1
5,12,18,0.0036150659434497356,0,0,3,3,2,3,2,3,1,1,1,1
5,12,21,0.006769232917577028,0,0,3,3,2,4,2,4,1,1,1,1
5,12,23,0.009145894087851048,0,0,3,3,2,4,2,4,1,1,1,1
5,12,25,0.00151994195766747,0,0,3,3,2,5,2,5,1,1,1,1
5,12,28,0.0013603301486000419,0,0,3,3,2,5,2,5,1,1,1,1
5,12,30,0.020788535475730896,0,0,3,3,2,5,2,5,1,1,1,1
5,12,33,0.004572573117911816,0,0,3,4,2,3,2,3,1,1,1,1
5,12,36,0.46071407198905945,0,0,3,5,2,1,2,1,1,2,1,2
5,12,37,0.023589683696627617,0,0,3,5,2,2,2,2,1,2,1,2
5,12,38,0.01430866215378046,0,0,3,5,2,3,2,3,1,2,1,2
5,12,39,0.00885811448097229,0,0,3,5,2,4,2,4,1,2,1,2
5,12,40,0.005553200840950012,0,0,3,5,2,5,2,5,1,2,1,2
5,12,45,0.00027303359820507467,0,1,3,6,2,5,2,5,1,1,1,5
5,15,1,0.00041678251000121236,0,0,3,3,3,1,3,1,1,1,1,1
5,15,2,0.0006721793324686587,0,0,3,3,3,1,3,1,1,1,1,1
5,15,4,0.0010558866197243333,0,0,3,3,3,1,3,1,1,1,1,1
5,15,7,0.0003654833126347512,0,0,3,3,3,2,3,2,1,1,1,1
5,15,8,0.000365493877325207,0,0,3,3,3,2,3,2,1,1,1,1
5,15,9,0.0005136291147209704,0,0,3,3,3,2,3,2,1,1,1,1
5,15,10,0.002483261749148369,0,0,3,3,3,2,3,2,1,1,1,1
5,15,11,0.0025684635620564222,0,0,3,3,3,2,3,2,1,1,1,1
5,15,13,0.0003231882583349943,0,0,3,3,3,3,3,3,1,1,1,1
5,15,14,0.00015717722999397665,0,0,3,3,3,3,3,3,1,1,1,1
5,15,16,0.00027416463126428425,0,0,3,3,3,3,3,3,1,1,1,1
5,15,18,8.968125621322542e-05,0,0,3,3,3,3,3,3,1,1,1,1
5,15,21,4.796128996531479e-05,0,0,3,3,3,4,3,4,1,1,1,1
5,15,23,0.00010433992429170758,0,0,3,3,3,4,3,4,1,1,1,1
5,15,25,7.218549581011757e-05,0,0,3,3,3,5,3,5,1,1,1,1
5,15,28,3.926152567146346e-05,0,0,3,3,3,5,3,5,1,1,1,1
5,15,30,0.00012541114119812846,0,0,3,3,3,5,3,5,1,1,1,1
5,15,33,0.0006730707245878875,0,0,3,4,3,3,3,3,1,1,1,1
5,15,36,0.7511312961578369,0,0,3,5,3,1,3,1,1,2,1,2
5,15,37,0.16582398116588593,0,0,3,5,3,2,3,2,1,2,1,2
5,15,38,0.05588959529995918,0,0,3,5,3,3,3,3,1,2,1,2
5,15,39,0.0042599765583872795,0,0,3,5,3,4,3,4,1,2,1,2
5,15,40,0.012528281658887863,0,0,3,5,3,5,3,5,1,2,1,2
5,15,45,1.957644235517364e-05,0,1,3,6,3,5,3,5,1,1,1,5
5,17,1,0.006780722644180059,0,0,3,3,3,1,3,1,1,1,1,1
5,17,2,0.0013585623819380999,0,0,3,3,3,1,3,1,1,1,1,1
5,17,4,0.004960143007338047,0,0,3,3,3,1,3,1,1,1,1,1
5,17,7,0.0001343231269856915,0,0,3,3,3,2,3,2,1,1,1,1
5,17,8,6.92523317411542e-05,0,0,3,3,3,2,3,2,1,1,1,1
5,17,9,5.8610716223483905e-05,0,0,3,3,3,2,3,2,1,1,1,1
5,17,10,0.0010061550419777632,0,0,3,3,3,2,3,2,1,1,1,1
5,17,11,0.0005078031681478024,0,0,3,3,3,2,3,2,1,1,1,1
5,17,13,0.0004811800899915397,0,0,3,3,3,3,3,3,1,1,1,1
5,17,14,0.0005514233489520848,0,0,3,3,3,3,3,3,1,1,1,1
5,17,16,0.0001683403825154528,0,0,3,3,3,3,3,3,1,1,1,1
5,17,18,0.00014183067833073437,0,0,3,3,3,3,3,3,1,1,1,1
5,17,21,1.7674426999292336e-05,0,0,3,3,3,4,3,4,1,1,1,1
5,17,23,6.956353172427043e-05,0,0,3,3,3,4,3,4,1,1,1,1
5,17,25,0.00023686824715696275,0,0,3,3,3,5,3,5,1,1,1,1
5,17,28,3.3910226193256676e-05,0,0,3,3,3,5,3,5,1,1,1,1
5,17,30,0.00013904127990826964,0,0,3,3,3,5,3,5,1,1,1,1
5,17,33,0.0028805527836084366,0,0,3,4,3,3,3,3,1,1,1,1
5,17,36,0.8840305209159851,0,0,3,5,3,1,3,1,1,2,1,2
5,17,37,0.026304781436920166,0,0,3,5,3,2,3,2,1,2,1,2
5,17,38,0.06253509968519211,0,0,3,5,3,3,3,3,1,2,1,2
5,17,39,0.0006188295665197074,0,0,3,5,3,4,3,4,1,2,1,2
5,17,40,0.006911015138030052,0,0,3,5,3,5,3,5,1,2,1,2
5,17,45,4.341762632975588e-06,0,1,3,6,3,5,3,5,1,1,1,5
5,19,1,0.04565443471074104,0,0,3,3,4,1,4,1,1,1,1,1
5,19,2,0.005592587869614363,0,0,3,3,4,1,4,1,1,1,1,1
5,19,4,0.04304173216223717,0,0,3,3,4,1,4,1,1,1,1,1
5,19,7,0.00019016143050976098,0,0,3,3,4,2,4,2,1,1,1,1
5,19,8,0.0021439706906676292,0,0,3,3,4,2,4,2,1,1,1,1
5,19,9,0.00053784204646945,0,0,3,3,4,2,4,2,1,1,1,1
5,19,10,0.009686431847512722,0,0,3,3,4,2,4,2,1,1,1,1
5,19,11,0.0027105046901851892,0,0,3,3,4,2,4,2,1,1,1,1
5,19,13,0.0003874804242514074,0,0,3,3,4,3,4,3,1,1,1,1
5,19,14,0.00017172680236399174,0,0,3,3,4,3,4,3,1,1,1,1
5,19,16,0.0003518633602652699,0,0,3,3,4,3,4,3,1,1,1,1
5,19,18,0.00015286811685655266,0,0,3,3,4,3,4,3,1,1,1,1
5,19,21,7.593322516186163e-05,0,0,3,3,4,4,4,4,1,1,1,1
5,19,23,7.410530088236555e-05,0,0,3,3,4,4,4,4,1,1,1,1
5,19,25,0.0001521707745268941,0,0,3,3,4,5,4,5,1,1,1,1
5,19,28,9.142122871708125e-05,0,0,3,3,4,5,4,5,1,1,1,1
5,19,30,0.00038081742241047323,0,0,3,3,4,5,4,5,1,1,1,1
5,19,33,0.0007163210539147258,0,0,3,4,4,3,4,3,1,1,1,1
5,19,36,0.8684998154640198,0,0,3,5,4,1,4,1,1,2,1,2
5,19,37,0.012627535499632359,0,0,3,5,4,2,4,2,1,2,1,2
5,19,38,0.0043863519094884396,0,0,3,5,4,3,4,3,1,2,1,2
5,19,39,0.000562119937967509,0,0,3,5,4,4,4,4,1,2,1,2
5,19,40,0.0017876240890473127,0,0,3,5,4,5,4,5,1,2,1,2
5,19,45,2.399009645159822e-05,0,1,3,6,4,5,4,5,1,1,1,5
5,20,1,0.07543029636144638,0,0,3,3,4,1,4,1,1,1,1,1
5,20,2,0.14102822542190552,0,0,3,3,4,1,4,1,1,1,1,1
5,20,4,0.122846320271492,0,0,3,3,4,1,4,1,1,1,1,1
5,20,7,0.021585294976830482,0,0,3,3,4,2,4,2,1,1,1,1
5,20,8,0.10848015546798706,0,0,3,3,4,2,4,2,1,1,1,1
5,20,9,0.04055902734398842,0,0,3,3,4,2,4,2,1,1,1,1
5,20,10,0.13994890451431274,0,0,3,3,4,2,4,2,1,1,1,1
5,20,11,0.11719625443220139,0,0,3,3,4,2,4,2,1,1,1,1
5,20,13,0.007335082162171602,0,0,3,3,4,3,4,3,1,1,1,1
5,20,14,0.011163772083818913,0,0,3,3,4,3,4,3,1,1,1,1
5,20,16,0.022293349727988243,0,0,3,3,4,3,4,3,1,1,1,1
5,20,18,0.01709815114736557,0,0,3,3,4,3,4,3,1,1,1,1
5,20,21,0.0022072179708629847,0,0,3,3,4,4,4,4,1,1,1,1
5,20,23,0.0018368599703535438,0,0,3,3,4,4,4,4,1,1,1,1
5,20,25,0.009194837883114815,0,0,3,3,4,5,4,5,1,1,1,1
5,20,28,0.012625006027519703,0,0,3,3,4,5,4,5,1,1,1,1
5,20,30,0.06920891255140305,0,0,3,3,4,5,4,5,1,1,1,1
5,20,33,0.006992933806031942,0,0,3,4,4,3,4,3,1,1,1,1
5,20,36,0.052431292831897736,0,0,3,5,4,1,4,1,1,2,1,2
5,20,37,0.008004100061953068,0,0,3,5,4,2,4,2,1,2,1,2
5,20,38,0.0022987753618508577,0,0,3,5,4,3,4,3,1,2,1,2
5,20,39,0.0005718342727050185,0,0,3,5,4,4,4,4,1,2,1,2
5,20,40,0.003911212552338839,0,0,3,5,4,5,4,5,1,2,1,2
5,20,45,0.005752380937337875,0,1,3,6,4,5,4,5,1,1,1,5
5,22,1,0.02828226238489151,0,0,3,3,4,1,4,1,1,1,1,1
5,22,2,0.0651845633983612,0,0,3,3,4,1,4,1,1,1,1,1
5,22,4,0.10240056365728378,0,0,3,3,4,1,4,1,1,1,1,1
5,22,7,0.0099785840138793,0,0,3,3,4,2,4,2,1,1,1,1
5,22,8,0.0716734454035759,0,0,3,3,4,2,4,2,1,1,1,1
5,22,9,0.03962494060397148,0,0,3,3,4,2,4,2,1,1,1,1
5,22,10,0.1483333259820938,0,0,3,3,4,2,4,2,1,1,1,1
5,22,11,0.0907081812620163,0,0,3,3,4,2,4,2,1,1,1,1
5,22,13,0.0012796232476830482,0,0,3,3,4,3,4,3,1,1,1,1
5,22,14,0.0014098002575337887,0,0,3,3,4,3,4,3,1,1,1,1
5,22,16,0.00821032002568245,0,0,3,3,4,3,4,3,1,1,1,1
5,22,18,0.0023004922550171614,0,0,3,3,4,3,4,3,1,1,1,1
5,22,21,0.0015984214842319489,0,0,3,3,4,4,4,4,1,1,1,1
5,22,23,0.0007003768114373088,0,0,3,3,4,4,4,4,1,1,1,1
5,22,25,0.005372956395149231,0,0,3,3,4,5,4,5,1,1,1,1
5,22,28,0.004515679553151131,0,0,3,3,4,5,4,5,1,1,1,1
5,22,30,0.02718247100710869,0,0,3,3,4,5,4,5,1,1,1,1
5,22,33,0.0025486713275313377,0,0,3,4,4,3,4,3,1,1,1,1
5,22,36,0.3381856679916382,0,0,3,5,4,1,4,1,1,2,1,2
5,22,37,0.03602537512779236,0,0,3,5,4,2,4,2,1,2,1,2
5,22,38,0.0023557122331112623,0,0,3,5,4,3,4,3,1,2,1,2
5,22,39,0.0016398351872339845,0,0,3,5,4,4,4,4,1,2,1,2
5,22,40,0.009682122617959976,0,0,3,5,4,5,4,5,1,2,1,2
5,22,45,0.0008063188870437443,0,1,3,6,4,5,4,5,1,1,1,5
5,24,1,0.1262589693069458,0,0,3,3,4,1,4,1,1,1,1,1
5,24,2,0.09124089777469635,0,0,3,3,4,1,4,1,1,1,1,1
5,24,4,0.1172795444726944,0,0,3,3,4,1,4,1,1,1,1,1
5,24,7,0.005420252215117216,0,0,3,3,4,2,4,2,1,1,1,1
5,24,8,0.018909333273768425,0,0,3,3,4,2,4,2,1,1,1,1
5,24,9,0.0062282150611281395,0,0,3,3,4,2,4,2,1,1,1,1
5,24,10,0.022823890671133995,0,0,3,3,4,2,4,2,1,1,1,1
5,24,11,0.019168443977832794,0,0,3,3,4,2,4,2,1,1,1,1
5,24,13,0.012939533218741417,0,0,3,3,4,3,4,3,1,1,1,1
5,24,14,0.011929525062441826,0,0,3,3,4,3,4,3,1,1,1,1
5,24,16,0.011335749179124832,0,0,3,3,4,3,4,3,1,1,1,1
5,24,18,0.011889422312378883,0,0,3,3,4,3,4,3,1,1,1,1
5,24,21,0.006488668732345104,0,0,3,3,4,4,4,4,1,1,1,1
5,24,23,0.003572366200387478,0,0,3,3,4,4,4,4,1,1,1,1
5,24,25,0.008398412726819515,0,0,3,3,4,5,4,5,1,1,1,1
5,24,28,0.009842922911047935,0,0,3,3,4,5,4,5,1,1,1,1
5,24,30,0.04788241162896156,0,0,3,3,4,5,4,5,1,1,1,1
5,24,33,0.004962315782904625,0,0,3,4,4,3,4,3,1,1,1,1
5,24,36,0.31426793336868286,0,0,3,5,4,1,4,1,1,2,1,2
5,24,37,0.030214468017220497,0,0,3,5,4,2,4,2,1,2,1,2
5,24,38,0.037033114582300186,0,0,3,5,4,3,4,3,1,2,1,2
5,24,39,0.010172474198043346,0,0,3,5,4,4,4,4,1,2,1,2
5,24,40,0.06886423379182816,0,0,3,5,4,5,4,5,1,2,1,2
5,24,45,0.0028765739407390356,0,1,3,6,4,5,4,5,1,1,1,5
5,26,1,0.001079017762094736,0,0,3,3,5,1,5,1,1,1,1,1
5,26,2,5.6755103287287056e-05,0,0,3,3,5,1,5,1,1,1,1,1
5,26,4,0.0011691141407936811,0,0,3,3,5,1,5,1,1,1,1,1
5,26,7,3.251656380598433e-05,0,0,3,3,5,2,5,2,1,1,1,1
5,26,8,0.0002016605285461992,0,0,3,3,5,2,5,2,1,1,1,1
5,26,9,8.522602001903579e-05,0,0,3,3,5,2,5,2,1,1,1,1
5,26,10,0.000953711976762861,0,0,3,3,5,2,5,2,1,1,1,1
5,26,11,0.00036055626696906984,0,0,3,3,5,2,5,2,1,1,1,1
5,26,13,0.000135892114485614,0,0,3,3,5,3,5,3,1,1,1,1
5,26,14,2.7783589757746086e-05,0,0,3,3,5,3,5,3,1,1,1,1
5,26,16,2.8137579647591338e-05,0,0,3,3,5,3,5,3,1,1,1,1
5,26,18,1.0222594937658869e-05,0,0,3,3,5,3,5,3,1,1,1,1
5,26,21,7.787330105202273e-06,0,0,3,3,5,4,5,4,1,1,1,1
5,26,23,1.2678490747930482e-05,0,0,3,3,5,4,5,4,1,1,1,1
5,26,25,1.174970020656474e-05,0,0,3,3,5,5,5,5,1,1,1,1
5,26,28,3.9972337617655285e-06,0,0,3,3,5,5,5,5,1,1,1,1
5,26,30,5.612412223854335e-06,0,0,3,3,5,5,5,5,1,1,1,1
5,26,33,0.00040427694329991937,0,0,3,4,5,3,5,3,1,1,1,1
5,26,36,0.8643292188644409,0,0,3,5,5,1,5,1,1,2,1,2
5,26,37,0.08365083485841751,0,0,3,5,5,2,5,2,1,2,1,2
5,26,38,0.04344618692994118,0,0,3,5,5,3,5,3,1,2,1,2
5,26,39,0.0008634654222987592,0,0,3,5,5,4,5,4,1,2,1,2
5,26,40,0.003119195345789194,0,0,3,5,5,5,5,5,1,2,1,2
5,26,45,4.542400347418152e-06,0,1,3,6,5,5,5,5,1,1,1,5
5,27,1,0.07144563645124435,0,0,3,3,5,1,5,1,1,1,1,1
5,27,2,0.008259567432105541,0,0,3,3,5,1,5,1,1,1,1,1
5,27,4,0.03640139847993851,0,0,3,3,5,1,5,1,1,1,1,1
5,27,7,0.006024632602930069,0,0,3,3,5,2,5,2,1,1,1,1
5,27,8,0.00823679007589817,0,0,3,3,5,2,5,2,1,1,1,1
5,27,9,0.004306349437683821,0,0,3,3,5,2,5,2,1,1,1,1
5,27,10,0.018276505172252655,0,0,3,3,5,2,5,2,1,1,1,1
5,27,11,0.017859112471342087,0,0,3,3,5,2,5,2,1,1,1,1
5,27,13,0.015059513971209526,0,0,3,3,5,3,5,3,1,1,1,1
5,27,14,0.008743580430746078,0,0,3,3,5,3,5,3,1,1,1,1
5,27,16,0.00541401794180274,0,0,3,3,5,3,5,3,1,1,1,1
5,27,18,0.0030798467341810465,0,0,3,3,5,3,5,3,1,1,1,1
5,27,21,0.005988198332488537,0,0,3,3,5,4,5,4,1,1,1,1
5,27,23,0.0050944010727107525,0,0,3,3,5,4,5,4,1,1,1,1
5,27,25,0.009285726584494114,0,0,3,3,5,5,5,5,1,1,1,1
5,27,28,0.003198971040546894,0,0,3,3,5,5,5,5,1,1,1,1
5,27,30,0.005199352279305458,0,0,3,3,5,5,5,5,1,1,1,1
5,27,33,0.016493242233991623,0,0,3,4,5,3,5,3,1,1,1,1
5,27,36,0.4841645061969757,0,0,3,5,5,1,5,1,1,2,1,2
5,27,37,0.13029290735721588,0,0,3,5,5,2,5,2,1,2,1,2
5,27,38,0.06619942933320999,0,0,3,5,5,3,5,3,1,2,1,2
5,27,39,0.021816430613398552,0,0,3,5,5,4,5,4,1,2,1,2
5,27,40,0.047115202993154526,0,0,3,5,5,5,5,5,1,2,1,2
5,27,45,0.0020447135902941227,0,1,3,6,5,5,5,5,1,1,1,5
5,29,1,0.007183847948908806,0,0,3,3,5,1,5,1,1,1,1,1
5,29,2,0.0013721438590437174,0,0,3,3,5,1,5,1,1,1,1,1
5,29,4,0.00786473136395216,0,0,3,3,5,1,5,1,1,1,1,1
5,29,7,0.0005723231588490307,0,0,3,3,5,2,5,2,1,1,1,1
5,29,8,0.0007969412254169583,0,0,3,3,5,2,5,2,1,1,1,1
5,29,9,0.0006256746128201485,0,0,3,3,5,2,5,2,1,1,1,1
5,29,10,0.002902919426560402,0,0,3,3,5,2,5,2,1,1,1,1
5,29,11,0.0015987695660442114,0,0,3,3,5,2,5,2,1,1,1,1
5,29,13,0.0013958453200757504,0,0,3,3,5,3,5,3,1,1,1,1
5,29,14,0.000415994058130309,0,0,3,3,5,3,5,3,1,1,1,1
5,29,16,0.0007457495667040348,0,0,3,3,5,3,5,3,1,1,1,1
5,29,18,0.0001146646827692166,0,0,3,3,5,3,5,3,1,1,1,1
5,29,21,0.00044833606807515025,0,0,3,3,5,4,5,4,1,1,1,1
5,29,23,0.00047534724581055343,0,0,3,3,5,4,5,4,1,1,1,1
5,29,25,0.000277087528957054,0,0,3,3,5,5,5,5,1,1,1,1
5,29,28,0.00013274831871967763,0,0,3,3,5,5,5,5,1,1,1,1
5,29,30,0.00013993859465699643,0,0,3,3,5,5,5,5,1,1,1,1
5,29,33,0.0027436085510998964,0,0,3,4,5,3,5,3,1,1,1,1
5,29,36,0.796751856803894,0,0,3,5,5,1,5,1,1,2,1,2
5,29,37,0.10560853779315948,0,0,3,5,5,2,5,2,1,2,1,2
5,29,38,0.041658561676740646,0,0,3,5,5,3,5,3,1,2,1,2
5,29,39,0.011277982033789158,0,0,3,5,5,4,5,4,1,2,1,2
5,29,40,0.014796963892877102,0,0,3,5,5,5,5,5,1,2,1,2
5,29,45,9.93867579381913e-05,0,1,3,6,5,5,5,5,1,1,1,5
5,31,1,1.2135134056734387e-05,0,0,4,3,1,1,1,1,1,1,1,1
5,31,2,4.4657128455583006e-05,0,0,4,3,1,1,1,1,1,1,1,1
5,31,4,0.00023053363838698715,0,0,4,3,1,1,1,1,1,1,1,1
5,31,7,6.109098649176303e-06,0,0,4,3,1,2,1,2,1,1,1,1
5,31,8,1.921651892189402e-05,0,0,4,3,1,2,1,2,1,1,1,1
5,31,9,4.285942850401625e-05,0,0,4,3,1,2,1,2,1,1,1,1
5,31,10,0.0008939745021052659,0,0,4,3,1,2,1,2,1,1,1,1
5,31,11,0.0002510137564968318,0,0,4,3,1,2,1,2,1,1,1,1
5,31,13,3.844950697384775e-06,0,0,4,3,1,3,1,3,1,1,1,1
5,31,14,4.2392258592371945e-07,0,0,4,3,1,3,1,3,1,1,1,1
5,31,16,6.064969056751579e-05,0,0,4,3,1,3,1,3,1,1,1,1
5,31,18,2.5002868824230973e-06,0,0,4,3,1,3,1,3,1,1,1,1
5,31,21,2.7559526643017307e-06,0,0,4,3,1,4,1,4,1,1,1,1
5,31,23,1.8236647520097904e-05,0,0,4,3,1,4,1,4,1,1,1,1
5,31,25,4.29649702482493e-07,0,0,4,3,1,5,1,5,1,1,1,1
5,31,28,5.913879590480065e-07,0,0,4,3,1,5,1,5,1,1,1,1
5,31,30,3.66651562444531e-07,0,0,4,3,1,5,1,5,1,1,1,1
5,31,33,7.094482862157747e-05,0,0,4,4,1,3,1,3,1,1,1,1
5,31,36,0.9702780842781067,0,0,4,5,1,1,1,1,1,2,1,2
5,31,37,0.025991247966885567,0,0,4,5,1,2,1,2,1,2,1,2
5,31,38,0.0012877556728199124,0,0,4,5,1,3,1,3,1,2,1,2
5,31,39,0.0007168676820583642,0,0,4,5,1,4,1,4,1,2,1,2
5,31,40,6.459326687036082e-05,0,0,4,5,1,5,1,5,1,2,1,2
5,31,45,7.239228239086515e-08,0,1,4,6,1,5,1,5,1,1,1,5
5,32,1,0.02279822528362274,0,0,4,3,2,1,2,1,1,1,1,1
5,32,2,0.022980181500315666,0,0,4,3,2,1,2,1,1,1,1,1
5,32,4,0.06162139028310776,0,0,4,3,2,1,2,1,1,1,1,1
5,32,7,0.004925321321934462,0,0,4,3,2,2,2,2,1,1,1,1
5,32,8,0.01107886340469122,0,0,4,3,2,2,2,2,1,1,1,1
5,32,9,0.008576744236052036,0,0,4,3,2,2,2,2,1,1,1,1
5,32,10,0.053424593061208725,0,0,4,3,2,2,2,2,1,1,1,1
5,32,11,0.030936796218156815,0,0,4,3,2,2,2,2,1,1,1,1
5,32,13,0.005048297345638275,0,0,4,3,2,3,2,3,1,1,1,1
5,32,14,0.0012961042812094092,0,0,4,3,2,3,2,3,1,1,1,1
5,32,16,0.015952030196785927,0,0,4,3,2,3,2,3,1,1,1,1
5,32,18,0.0022640135139226913,0,0,4,3,2,3,2,3,1,1,1,1
5,32,21,0.005362184718251228,0,0,4,3,2,4,2,4,1,1,1,1
5,32,23,0.013144290074706078,0,0,4,3,2,4,2,4,1,1,1,1
5,32,25,0.0009590155677869916,0,0,4,3,2,5,2,5,1,1,1,1
5,32,28,0.001522602397017181,0,0,4,3,2,5,2,5,1,1,1,1
5,32,30,0.0057999202981591225,0,0,4,3,2,5,2,5,1,1,1,1
5,32,33,0.0025340833235532045,0,0,4,4,2,3,2,3,1,1,1,1
5,32,36,0.5924432277679443,0,0,4,5,2,1,2,1,1,2,1,2
5,32,37,0.06869453191757202,0,0,4,5,2,2,2,2,1,2,1,2
5,32,38,0.008949652314186096,0,0,4,5,2,3,2,3,1,2,1,2
5,32,39,0.05359945073723793,0,0,4,5,2,4,2,4,1,2,1,2
5,32,40,0.005367579869925976,0,0,4,5,2,5,2,5,1,2,1,2
5,32,45,0.0007206628797575831,0,1,4,6,2,5,2,5,1,1,1,5
5,34,1,0.00039582455065101385,0,0,4,3,4,1,4,1,1,1,1,1
5,34,2,0.0022357350680977106,0,0,4,3,4,1,4,1,1,1,1,1
5,34,4,0.007089418824762106,0,0,4,3,4,1,4,1,1,1,1,1
5,34,7,0.00011070256732637063,0,0,4,3,4,2,4,2,1,1,1,1
5,34,8,0.0018404499860480428,0,0,4,3,4,2,4,2,1,1,1,1
5,34,9,0.0007906481623649597,0,0,4,3,4,2,4,2,1,1,1,1
5,34,10,0.028345350176095963,0,0,4,3,4,2,4,2,1,1,1,1
5,34,11,0.0021597519516944885,0,0,4,3,4,2,4,2,1,1,1,1
5,34,13,2.90574535029009e-05,0,0,4,3,4,3,4,3,1,1,1,1
5,34,14,1.0229711733700242e-05,0,0,4,3,4,3,4,3,1,1,1,1
5,34,16,0.0006156364688649774,0,0,4,3,4,3,4,3,1,1,1,1
5,34,18,5.5343927670037374e-05,0,0,4,3,4,3,4,3,1,1,1,1
5,34,21,2.7070704163634218e-05,0,0,4,3,4,4,4,4,1,1,1,1
5,34,23,8.096384408418089e-05,0,0,4,3,4,4,4,4,1,1,1,1
5,34,25,5.428086660685949e-05,0,0,4,3,4,5,4,5,1,1,1,1
5,34,28,5.3216455853544176e-05,0,0,4,3,4,5,4,5,1,1,1,1
5,34,30,0.00019554422760847956,0,0,4,3,4,5,4,5,1,1,1,1
5,34,33,0.00035928349825553596,0,0,4,4,4,3,4,3,1,1,1,1
5,34,36,0.8953621983528137,0,0,4,5,4,1,4,1,1,2,1,2
5,34,37,0.05108863487839699,0,0,4,5,4,2,4,2,1,2,1,2
5,34,38,0.0032500147353857756,0,0,4,5,4,3,4,3,1,2,1,2
5,34,39,0.002430529100820422,0,0,4,5,4,4,4,4,1,2,1,2
5,34,40,0.0033963557798415422,0,0,4,5,4,5,4,5,1,2,1,2
5,34,45,2.4074732209555805e-05,0,1,4,6,4,5,4,5,1,1,1,5
5,35,1,0.002706637140363455,0,0,4,3,5,1,5,1,1,1,1,1
5,35,2,0.00036931337672285736,0,0,4,3,5,1,5,1,1,1,1,1
5,35,4,0.004481546115130186,0,0,4,3,5,1,5,1,1,1,1,1
5,35,7,5.887650331715122e-05,0,0,4,3,5,2,5,2,1,1,1,1
5,35,8,0.0002874922938644886,0,0,4,3,5,2,5,2,1,1,1,1
5,35,9,0.00010113090684171766,0,0,4,3,5,2,5,2,1,1,1,1
5,35,10,0.0038733684923499823,0,0,4,3,5,2,5,2,1,1,1,1
5,35,11,0.000592479424085468,0,0,4,3,5,2,5,2,1,1,1,1
5,35,13,0.00016409199452027678,0,0,4,3,5,3,5,3,1,1,1,1
5,35,14,5.067109304945916e-05,0,0,4,3,5,3,5,3,1,1,1,1
5,35,16,0.00022707883908879012,0,0,4,3,5,3,5,3,1,1,1,1
5,35,18,5.658451482304372e-05,0,0,4,3,5,3,5,3,1,1,1,1
5,35,21,3.930932507500984e-05,0,0,4,3,5,4,5,4,1,1,1,1
5,35,23,0.00011405228724470362,0,0,4,3,5,4,5,4,1,1,1,1
5,35,25,0.00013641892292071134,0,0,4,3,5,5,5,5,1,1,1,1
5,35,28,3.5417200706433505e-05,0,0,4,3,5,5,5,5,1,1,1,1
5,35,30,3.992678830400109e-05,0,0,4,3,5,5,5,5,1,1,1,1
5,35,33,0.0018378269160166383,0,0,4,4,5,3,5,3,1,1,1,1
5,35,36,0.9301018118858337,0,0,4,5,5,1,5,1,1,2,1,2
5,35,37,0.03705311939120293,0,0,4,5,5,2,5,2,1,2,1,2
5,35,38,0.011484458111226559,0,0,4,5,5,3,5,3,1,2,1,2
5,35,39,0.0027679691556841135,0,0,4,5,5,4,5,4,1,2,1,2
5,35,40,0.0034029558300971985,0,0,4,5,5,5,5,5,1,2,1,2
5,35,45,1.7719405150273815e-05,0,1,4,6,5,5,5,5,1,1,1,5
5,41,1,0.0003514169075060636,1,0,6,3,1,1,1,1,1,1,5,1
5,41,2,0.002949584275484085,1,0,6,3,1,1,1,1,1,1,5,1
5,41,4,0.005294232163578272,1,0,6,3,1,1,1,1,1,1,5,1
5,41,7,0.0008679931052029133,1,0,6,3,1,2,1,2,1,1,5,1
5,41,8,0.0037122871726751328,1,0,6,3,1,2,1,2,1,1,5,1
5,41,9,0.00326476339250803,1,0,6,3,1,2,1,2,1,1,5,1
5,41,10,0.011482717469334602,1,0,6,3,1,2,1,2,1,1,5,1
5,41,11,0.006597306579351425,1,0,6,3,1,2,1,2,1,1,5,1
5,41,13,0.00044585089199244976,1,0,6,3,1,3,1,3,1,1,5,1
5,41,14,6.0795977333327755e-05,1,0,6,3,1,3,1,3,1,1,5,1
5,41,16,0.0014924700371921062,1,0,6,3,1,3,1,3,1,1,5,1
5,41,18,0.00021706732513848692,1,0,6,3,1,3,1,3,1,1,5,1
5,41,21,0.00033255238668061793,1,0,6,3,1,4,1,4,1,1,5,1
5,41,23,0.0005095622618682683,1,0,6,3,1,4,1,4,1,1,5,1
5,41,25,7.720398571109399e-05,1,0,6,3,1,5,1,5,1,1,5,1
5,41,28,0.00016980772488750517,1,0,6,3,1,5,1,5,1,1,5,1
5,41,30,0.0003883303143084049,1,0,6,3,1,5,1,5,1,1,5,1
5,41,33,0.0004790256207343191,1,0,6,4,1,3,1,3,1,1,5,1
5,41,36,0.7163548469543457,1,0,6,5,1,1,1,1,1,2,5,2
5,41,37,0.1862879991531372,1,0,6,5,1,2,1,2,1,2,5,2
5,41,38,0.032581888139247894,1,0,6,5,1,3,1,3,1,2,5,2
5,41,39,0.01641504466533661,1,0,6,5,1,4,1,4,1,2,5,2
5,41,40,0.009560361504554749,1,0,6,5,1,5,1,5,1,2,5,2
5,41,45,0.00010674387885956094,1,1,6,6,1,5,1,5,1,1,5,5
5,42,1,0.01896897703409195,1,0,6,3,2,1,2,1,1,1,5,1
5,42,2,0.23415669798851013,1,0,6,3,2,1,2,1,1,1,5,1
5,42,4,0.0824858769774437,1,0,6,3,2,1,2,1,1,1,5,1
5,42,7,0.04243508353829384,1,0,6,3,2,2,2,2,1,1,5,1
5,42,8,0.014753728173673153,1,0,6,3,2,2,2,2,1,1,5,1
5,42,9,0.01335749588906765,1,0,6,3,2,2,2,2,1,1,5,1
5,42,10,0.019839199259877205,1,0,6,3,2,2,2,2,1,1,5,1
5,42,11,0.022152390331029892,1,0,6,3,2,2,2,2,1,1,5,1
5,42,13,0.026608847081661224,1,0,6,3,2,3,2,3,1,1,5,1
5,42,14,0.009003588929772377,1,0,6,3,2,3,2,3,1,1,5,1
5,42,16,0.06696733832359314,1,0,6,3,2,3,2,3,1,1,5,1
5,42,18,0.008886116556823254,1,0,6,3,2,3,2,3,1,1,5,1
5,42,21,0.034184087067842484,1,0,6,3,2,4,2,4,1,1,5,1
5,42,23,0.05797691270709038,1,0,6,3,2,4,2,4,1,1,5,1
5,42,25,0.0022564681712538004,1,0,6,3,2,5,2,5,1,1,5,1
5,42,28,0.008290420286357403,1,0,6,3,2,5,2,5,1,1,5,1
5,42,30,0.13020998239517212,1,0,6,3,2,5,2,5,1,1,5,1
5,42,33,0.003614157671108842,1,0,6,4,2,3,2,3,1,1,5,1
5,42,36,0.08178441226482391,1,0,6,5,2,1,2,1,1,2,5,2
5,42,37,0.02151316963136196,1,0,6,5,2,2,2,2,1,2,5,2
5,42,38,0.012292885221540928,1,0,6,5,2,3,2,3,1,2,5,2
5,42,39,0.05980348587036133,1,0,6,5,2,4,2,4,1,2,5,2
5,42,40,0.02219918929040432,1,0,6,5,2,5,2,5,1,2,5,2
5,42,45,0.0062594227492809296,1,1,6,6,2,5,2,5,1,1,5,5
5,43,1,1.044768032443244e-05,1,0,6,3,3,1,3,1,1,1,5,1
5,43,2,6.599722837563604e-05,1,0,6,3,3,1,3,1,1,1,5,1
5,43,4,9.357178350910544e-05,1,0,6,3,3,1,3,1,1,1,5,1
5,43,7,1.7520687833894044e-05,1,0,6,3,3,2,3,2,1,1,5,1
5,43,8,0.0001520670048194006,1,0,6,3,3,2,3,2,1,1,5,1
5,43,9,3.445778202149086e-05,1,0,6,3,3,2,3,2,1,1,5,1
5,43,10,0.001217639073729515,1,0,6,3,3,2,3,2,1,1,5,1
5,43,11,0.0004509013961069286,1,0,6,3,3,2,3,2,1,1,5,1
5,43,13,3.049615588679444e-05,1,0,6,3,3,3,3,3,1,1,5,1
5,43,14,6.792257408960722e-06,1,0,6,3,3,3,3,3,1,1,5,1
5,43,16,2.170954212488141e-05,1,0,6,3,3,3,3,3,1,1,5,1
5,43,18,1.898866321425885e-05,1,0,6,3,3,3,3,3,1,1,5,1
5,43,21,8.023072837204381e-07,1,0,6,3,3,4,3,4,1,1,5,1
5,43,23,3.269108219683403e-06,1,0,6,3,3,4,3,4,1,1,5,1
5,43,25,9.26971097214846e-06,1,0,6,3,3,5,3,5,1,1,5,1
5,43,28,5.225034783506999e-06,1,0,6,3,3,5,3,5,1,1,5,1
5,43,30,2.5949892005883157e-05,1,0,6,3,3,5,3,5,1,1,5,1
5,43,33,7.903942605480552e-05,1,0,6,4,3,3,3,3,1,1,5,1
5,43,36,0.5756508111953735,1,0,6,5,3,1,3,1,1,2,5,2
5,43,37,0.24886910617351532,1,0,6,5,3,2,3,2,1,2,5,2
5,43,38,0.14399738609790802,1,0,6,5,3,3,3,3,1,2,5,2
5,43,39,0.0010653900681063533,1,0,6,5,3,4,3,4,1,2,5,2
5,43,40,0.028159821406006813,1,0,6,5,3,5,3,5,1,2,5,2
5,43,45,1.2885933756479062e-05,1,1,6,6,3,5,3,5,1,1,5,5
5,44,1,0.0003034082765225321,1,0,6,3,4,1,4,1,1,1,5,1
5,44,2,0.009002645500004292,1,0,6,3,4,1,4,1,1,1,5,1
5,44,4,0.009807897731661797,1,0,6,3,4,1,4,1,1,1,5,1
5,44,7,0.0012722668470814824,1,0,6,3,4,2,4,2,1,1,5,1
5,44,8,0.014288241975009441,1,0,6,3,4,2,4,2,1,1,5,1
5,44,9,0.0074753593653440475,1,0,6,3,4,2,4,2,1,1,5,1
5,44,10,0.048820942640304565,1,0,6,3,4,2,4,2,1,1,5,1
5,44,11,0.008397162891924381,1,0,6,3,4,2,4,2,1,1,5,1
5,44,13,0.0001686314062681049,1,0,6,3,4,3,4,3,1,1,5,1
5,44,14,9.288472938351333e-05,1,0,6,3,4,3,4,3,1,1,5,1
5,44,16,0.0025975811295211315,1,0,6,3,4,3,4,3,1,1,5,1
5,44,18,0.00027619278989732265,1,0,6,3,4,3,4,3,1,1,5,1
5,44,21,0.0002317180624231696,1,0,6,3,4,4,4,4,1,1,5,1
5,44,23,0.00028554725577123463,1,0,6,3,4,4,4,4,1,1,5,1
5,44,25,0.00044701065053232014,1,0,6,3,4,5,4,5,1,1,5,1
5,44,28,0.0006318098166957498,1,0,6,3,4,5,4,5,1,1,5,1
5,44,30,0.005663747899234295,1,0,6,3,4,5,4,5,1,1,5,1
5,44,33,0.0005082829156890512,1,0,6,4,4,3,4,3,1,1,5,1
5,44,36,0.5557698011398315,1,0,6,5,4,1,4,1,1,2,5,2
5,44,37,0.20499353110790253,1,0,6,5,4,2,4,2,1,2,5,2
5,44,38,0.023570312187075615,1,0,6,5,4,3,4,3,1,2,5,2
5,44,39,0.01783876307308674,1,0,6,5,4,4,4,4,1,2,5,2
5,44,40,0.08703704178333282,1,0,6,5,4,5,4,5,1,2,5,2
5,44,45,0.0005188164650462568,1,1,6,6,4,5,4,5,1,1,5,5
5,46,1,0.0007137858192436397,2,0,7,3,0,1,0,1,0,1,4,1
5,46,2,0.0001675704843364656,2,0,7,3,0,1,0,1,0,1,4,1
5,46,4,0.0010903141228482127,2,0,7,3,0,1,0,1,0,1,4,1
5,46,7,2.83403969660867e-05,2,0,7,3,0,2,0,2,0,1,4,1
5,46,8,0.00013362130266614258,2,0,7,3,0,2,0,2,0,1,4,1
5,46,9,5.638612128677778e-05,2,0,7,3,0,2,0,2,0,1,4,1
5,46,10,0.0024483625311404467,2,0,7,3,0,2,0,2,0,1,4,1
5,46,11,0.00041172801866196096,2,0,7,3,0,2,0,2,0,1,4,1
5,46,13,0.00030738048371858895,2,0,7,3,0,3,0,3,0,1,4,1
5,46,14,7.846020889701322e-05,2,0,7,3,0,3,0,3,0,1,4,1
5,46,16,0.0002607677015475929,2,0,7,3,0,3,0,3,0,1,4,1
5,46,18,0.00010698066034819931,2,0,7,3,0,3,0,3,0,1,4,1
5,46,21,1.0057183317258023e-05,2,0,7,3,0,4,0,4,0,1,4,1
5,46,23,0.00011609987268457189,2,0,7,3,0,4,0,4,0,1,4,1
5,46,25,1.6761405277065933e-05,2,0,7,3,0,5,0,5,0,1,4,1
5,46,28,1.1779437045333907e-05,2,0,7,3,0,5,0,5,0,1,4,1
5,46,30,4.208167865726864e-06,2,0,7,3,0,5,0,5,0,1,4,1
5,46,33,0.004265358671545982,2,0,7,4,0,3,0,3,0,1,4,1
5,46,36,0.8294041752815247,2,0,7,5,0,1,0,1,0,2,4,2
5,46,37,0.06702165305614471,2,0,7,5,0,2,0,2,0,2,4,2
5,46,38,0.08879438787698746,2,0,7,5,0,3,0,3,0,2,4,2
5,46,39,0.00241202674806118,2,0,7,5,0,4,0,4,0,2,4,2
5,46,40,0.002111457521095872,2,0,7,5,0,5,0,5,0,2,4,2
5,46,45,2.8826345442212187e-05,2,1,7,6,0,5,0,5,0,1,4,5
6,0,1,0.0006952544790692627,0,0,1,3,0,1,0,1,2,1,4,1
6,0,3,0.00014252062828745693,0,0,1,3,0,1,0,1,2,1,4,1
6,0,7,0.006347840651869774,0,0,1,3,0,2,0,2,2,1,4,1
6,0,13,0.0009895965922623873,0,0,1,3,0,3,0,3,2,1,4,1
6,0,15,0.001843786332756281,0,0,1,3,0,3,0,3,2,1,4,1
6,0,16,0.0004630117036867887,0,0,1,3,0,3,0,3,2,1,4,1
6,0,17,0.004665299318730831,0,0,1,3,0,3,0,3,2,1,4,1
6,0,20,0.008673680946230888,0,0,1,3,0,4,0,4,2,1,4,1
6,0,25,0.0016247472958639264,0,0,1,3,0,5,0,5,2,1,4,1
6,0,27,0.00024058173585217446,0,0,1,3,0,5,0,5,2,1,4,1
6,0,28,0.0005665720091201365,0,0,1,3,0,5,0,5,2,1,4,1
6,0,29,0.0017468519508838654,0,0,1,3,0,5,0,5,2,1,4,1
6,0,30,0.0031741440761834383,0,0,1,3,0,5,0,5,2,1,4,1
6,0,31,0.0012395995436236262,0,0,1,4,0,1,0,1,2,1,4,1
6,0,33,0.0004030370037071407,0,0,1,4,0,3,0,3,2,1,4,1
6,0,36,0.006171724759042263,0,0,1,5,0,1,0,1,2,2,4,2
6,0,37,0.10713475942611694,0,0,1,5,0,2,0,2,2,2,4,2
6,0,39,0.8247062563896179,0,0,1,5,0,4,0,4,2,2,4,2
6,0,40,0.027034178376197815,0,0,1,5,0,5,0,5,2,2,4,2
6,0,41,0.00013846319052390754,0,1,1,6,0,1,0,1,2,1,4,5
6,0,42,2.4013890651986003e-05,0,1,1,6,0,2,0,2,2,1,4,5
6,0,43,5.9298810811014846e-05,0,1,1,6,0,3,0,3,2,1,4,5
6,0,44,0.0019150171428918839,0,1,1,6,0,4,0,4,2,1,4,5
6,2,1,0.00019593941397033632,0,0,3,3,1,1,1,1,1,1,1,1
6,2,3,0.0007016860181465745,0,0,3,3,1,1,1,1,1,1,1,1
6,2,7,0.0004531111044343561,0,0,3,3,1,2,1,2,1,1,1,1
6,2,13,0.00016334424435626715,0,0,3,3,1,3,1,3,1,1,1,1
6,2,15,6.49407011223957e-05,0,0,3,3,1,3,1,3,1,1,1,1
6,2,16,0.00027252157451584935,0,0,3,3,1,3,1,3,1,1,1,1
6,2,17,0.0004797260044142604,0,0,3,3,1,3,1,3,1,1,1,1
6,2,20,0.003452267497777939,0,0,3,3,1,4,1,4,1,1,1,1
6,2,25,0.0004717011470347643,0,0,3,3,1,5,1,5,1,1,1,1
6,2,27,0.00040043110493570566,0,0,3,3,1,5,1,5,1,1,1,1
6,2,28,0.00014599079440813512,0,0,3,3,1,5,1,5,1,1,1,1
6,2,29,0.00014192721573635936,0,0,3,3,1,5,1,5,1,1,1,1
6,2,30,0.00021297685452736914,0,0,3,3,1,5,1,5,1,1,1,1
6,2,31,7.71260674810037e-05,0,0,3,4,1,1,1,1,1,1,1,1
6,2,33,0.00010115376790054142,0,0,3,4,1,3,1,3,1,1,1,1
6,2,36,0.003659497480839491,0,0,3,5,1,1,1,1,1,2,1,2
6,2,37,0.021344291046261787,0,0,3,5,1,2,1,2,1,2,1,2
6,2,39,0.8700065016746521,0,0,3,5,1,4,1,4,1,2,1,2
6,2,40,0.009831307455897331,0,0,3,5,1,5,1,5,1,2,1,2
6,2,41,0.00191696104593575,0,1,3,6,1,1,1,1,1,1,1,5
6,2,42,0.06049806624650955,0,1,3,6,1,2,1,2,1,1,1,5
6,2,43,0.003547101281583309,0,1,3,6,1,3,1,3,1,1,1,5
6,2,44,0.02186114527285099,0,1,3,6,1,4,1,4,1,1,1,5
6,4,1,0.0004753272223751992,0,0,3,3,1,1,1,1,1,1,1,1
6,4,3,0.0008233292028307915,0,0,3,3,1,1,1,1,1,1,1,1
6,4,7,0.003971181809902191,0,0,3,3,1,2,1,2,1,1,1,1
6,4,13,9.144970681518316e-05,0,0,3,3,1,3,1,3,1,1,1,1
6,4,15,4.765838457387872e-05,0,0,3,3,1,3,1,3,1,1,1,1
6,4,16,0.00015353018534369767,0,0,3,3,1,3,1,3,1,1,1,1
6,4,17,0.0002027854061452672,0,0,3,3,1,3,1,3,1,1,1,1
6,4,20,0.0031722416169941425,0,0,3,3,1,4,1,4,1,1,1,1
6,4,25,0.0005700733745470643,0,0,3,3,1,5,1,5,1,1,1,1
6,4,27,0.0005393688916228712,0,0,3,3,1,5,1,5,1,1,1,1
6,4,28,0.00022894055291544646,0,0,3,3,1,5,1,5,1,1,1,1
6,4,29,0.00024661567294970155,0,0,3,3,1,5,1,5,1,1,1,1
6,4,30,0.00019241851987317204,0,0,3,3,1,5,1,5,1,1,1,1
6,4,31,6.289222801569849e-05,0,0,3,4,1,1,1,1,1,1,1,1
6,4,33,6.913875404279679e-05,0,0,3,4,1,3,1,3,1,1,1,1
6,4,36,0.0025777022819966078,0,0,3,5,1,1,1,1,1,2,1,2
6,4,37,0.023241136223077774,0,0,3,5,1,2,1,2,1,2,1,2
6,4,39,0.05610513314604759,0,0,3,5,1,4,1,4,1,2,1,2
6,4,40,0.005787360947579145,0,0,3,5,1,5,1,5,1,2,1,2
6,4,41,0.007882261648774147,0,1,3,6,1,1,1,1,1,1,1,5
6,4,42,0.8244860172271729,0,1,3,6,1,2,1,2,1,1,1,5
6,4,43,0.01751546747982502,0,1,3,6,1,3,1,3,1,1,1,5
6,4,44,0.0515575185418129,0,1,3,6,1,4,1,4,1,1,1,5
6,5,1,0.00024825584841892123,0,0,3,3,1,1,1,1,1,1,1,1
6,5,3,0.0005556156393140554,0,0,3,3,1,1,1,1,1,1,1,1
6,5,7,0.0020526351872831583,0,0,3,3,1,2,1,2,1,1,1,1
6,5,13,7.951149018481374e-05,0,0,3,3,1,3,1,3,1,1,1,1
6,5,15,9.007524931803346e-05,0,0,3,3,1,3,1,3,1,1,1,1
6,5,16,0.0002059242979157716,0,0,3,3,1,3,1,3,1,1,1,1
6,5,17,0.00021361596009228379,0,0,3,3,1,3,1,3,1,1,1,1
6,5,20,0.0005520635168068111,0,0,3,3,1,4,1,4,1,1,1,1
6,5,25,0.0008916447404772043,0,0,3,3,1,5,1,5,1,1,1,1
6,5,27,0.0018973515834659338,0,0,3,3,1,5,1,5,1,1,1,1
6,5,28,0.0006278990767896175,0,0,3,3,1,5,1,5,1,1,1,1
6,5,29,0.0004125191771890968,0,0,3,3,1,5,1,5,1,1,1,1
6,5,30,0.0005293168942444026,0,0,3,3,1,5,1,5,1,1,1,1
6,5,31,4.560167508316226e-05,0,0,3,4,1,1,1,1,1,1,1,1
6,5,33,0.00039790061418898404,0,0,3,4,1,3,1,3,1,1,1,1
6,5,36,0.0008707239176146686,0,0,3,5,1,1,1,1,1,2,1,2
6,5,37,0.006946819834411144,0,0,3,5,1,2,1,2,1,2,1,2
6,5,39,0.005187782924622297,0,0,3,5,1,4,1,4,1,2,1,2
6,5,40,0.005184701643884182,0,0,3,5,1,5,1,5,1,2,1,2
6,5,41,0.018510812893509865,0,1,3,6,1,1,1,1,1,1,1,5
6,5,42,0.8681632876396179,0,1,3,6,1,2,1,2,1,1,1,5
6,5,43,0.06301248073577881,0,1,3,6,1,3,1,3,1,1,1,5
6,5,44,0.0233236625790596,0,1,3,6,1,4,1,4,1,1,1,5
6,6,1,8.170033106580377e-05,0,0,3,3,1,1,1,1,1,1,1,1
6,6,3,0.0003327046288177371,0,0,3,3,1,1,1,1,1,1,1,1
6,6,7,0.00018534253467805684,0,0,3,3,1,2,1,2,1,1,1,1
6,6,13,0.0004388892266433686,0,0,3,3,1,3,1,3,1,1,1,1
6,6,15,0.00013769489305559546,0,0,3,3,1,3,1,3,1,1,1,1
6,6,16,0.000530014920514077,0,0,3,3,1,3,1,3,1,1,1,1
6,6,17,0.0009775719372555614,0,0,3,3,1,3,1,3,1,1,1,1
6,6,20,0.00505161564797163,0,0,3,3,1,4,1,4,1,1,1,1
6,6,25,0.0007227305904962122,0,0,3,3,1,5,1,5,1,1,1,1
6,6,27,0.00044605255243368447,0,0,3,3,1,5,1,5,1,1,1,1
6,6,28,0.00041316592250950634,0,0,3,3,1,5,1,5,1,1,1,1
6,6,29,0.00018571640248410404,0,0,3,3,1,5,1,5,1,1,1,1
6,6,30,0.0006679605576209724,0,0,3,3,1,5,1,5,1,1,1,1
6,6,31,4.323959001339972e-05,0,0,3,4,1,1,1,1,1,1,1,1
6,6,33,0.00032285996712744236,0,0,3,4,1,3,1,3,1,1,1,1
6,6,36,0.0014452009927481413,0,0,3,5,1,1,1,1,1,2,1,2
6,6,37,0.009810506366193295,0,0,3,5,1,2,1,2,1,2,1,2
6,6,39,0.934998631477356,0,0,3,5,1,4,1,4,1,2,1,2
6,6,40,0.009442372247576714,0,0,3,5,1,5,1,5,1,2,1,2
6,6,41,0.0010308852652087808,0,1,3,6,1,1,1,1,1,1,1,5
6,6,42,0.015225791372358799,0,1,3,6,1,2,1,2,1,1,1,5
6,6,43,0.004528871271759272,0,1,3,6,1,3,1,3,1,1,1,5
6,6,44,0.012979917228221893,0,1,3,6,1,4,1,4,1,1,1,5
6,8,1,5.268304084893316e-05,0,0,3,3,2,1,2,1,1,1,1,1
6,8,3,0.0001444671070203185,0,0,3,3,2,1,2,1,1,1,1,1
6,8,7,0.005181773565709591,0,0,3,3,2,2,2,2,1,1,1,1
6,8,13,2.0952664272044785e-05,0,0,3,3,2,3,2,3,1,1,1,1
6,8,15,2.6419455025461502e-05,0,0,3,3,2,3,2,3,1,1,1,1
6,8,16,4.96021966682747e-05,0,0,3,3,2,3,2,3,1,1,1,1
6,8,17,7.80065092840232e-05,0,0,3,3,2,3,2,3,1,1,1,1
6,8,20,0.0033593354746699333,0,0,3,3,2,4,2,4,1,1,1,1
6,8,25,0.0007135745836421847,0,0,3,3,2,5,2,5,1,1,1,1
6,8,27,0.00068334472598508,0,0,3,3,2,5,2,5,1,1,1,1
6,8,28,0.0002275568404002115,0,0,3,3,2,5,2,5,1,1,1,1
6,8,29,0.0003153121506329626,0,0,3,3,2,5,2,5,1,1,1,1
6,8,30,9.304755076300353e-05,0,0,3,3,2,5,2,5,1,1,1,1
6,8,31,1.2440247701306362e-05,0,0,3,4,2,1,2,1,1,1,1,1
6,8,33,6.197828042786568e-05,0,0,3,4,2,3,2,3,1,1,1,1
6,8,36,0.004408275708556175,0,0,3,5,2,1,2,1,1,2,1,2
6,8,37,0.5854219794273376,0,0,3,5,2,2,2,2,1,2,1,2
6,8,39,0.178275465965271,0,0,3,5,2,4,2,4,1,2,1,2
6,8,40,0.10252279043197632,0,0,3,5,2,5,2,5,1,2,1,2
6,8,41,0.0008321779314428568,0,1,3,6,2,1,2,1,1,1,1,5
6,8,42,0.10542409121990204,0,1,3,6,2,2,2,2,1,1,1,5
6,8,43,0.002643353072926402,0,1,3,6,2,3,2,3,1,1,1,5
6,8,44,0.009451345540583134,0,1,3,6,2,4,2,4,1,1,1,5
6,9,1,0.0001748462818795815,0,0,3,3,2,1,2,1,1,1,1,1
6,9,3,0.00029189090128056705,0,0,3,3,2,1,2,1,1,1,1,1
6,9,7,0.007793388329446316,0,0,3,3,2,2,2,2,1,1,1,1
6,9,13,2.0975743609596975e-05,0,0,3,3,2,3,2,3,1,1,1,1
6,9,15,5.789285933133215e-05,0,0,3,3,2,3,2,3,1,1,1,1
6,9,16,6.756094080628827e-05,0,0,3,3,2,3,2,3,1,1,1,1
6,9,17,9.665235120337456e-05,0,0,3,3,2,3,2,3,1,1,1,1
6,9,20,0.003256849478930235,0,0,3,3,2,4,2,4,1,1,1,1
6,9,25,0.0012633848236873746,0,0,3,3,2,5,2,5,1,1,1,1
6,9,27,0.002977520227432251,0,0,3,3,2,5,2,5,1,1,1,1
6,9,28,0.0008552102954126894,0,0,3,3,2,5,2,5,1,1,1,1
6,9,29,0.0007950175786390901,0,0,3,3,2,5,2,5,1,1,1,1
6,9,30,0.00020029267761856318,0,0,3,3,2,5,2,5,1,1,1,1
6,9,31,2.7810456231236458e-05,0,0,3,4,2,1,2,1,1,1,1,1
6,9,33,0.00024202733766287565,0,0,3,4,2,3,2,3,1,1,1,1
6,9,36,0.0023743442725390196,0,0,3,5,2,1,2,1,1,2,1,2
6,9,37,0.20205964148044586,0,0,3,5,2,2,2,2,1,2,1,2
6,9,39,0.03823384642601013,0,0,3,5,2,4,2,4,1,2,1,2
6,9,40,0.08972606807947159,0,0,3,5,2,5,2,5,1,2,1,2
6,9,41,0.0028166044503450394,0,1,3,6,2,1,2,1,1,1,1,5
6,9,42,0.6206092238426208,0,1,3,6,2,2,2,2,1,1,1,5
6,9,43,0.010900143533945084,0,1,3,6,2,3,2,3,1,1,1,5
6,9,44,0.015158627182245255,0,1,3,6,2,4,2,4,1,1,1,5
6,10,1,0.00015109451487660408,0,0,3,3,2,1,2,1,1,1,1,1
6,10,3,0.00045988353667780757,0,0,3,3,2,1,2,1,1,1,1,1
6,10,7,0.0032739730086177588,0,0,3,3,2,2,2,2,1,1,1,1
6,10,13,0.00014252540131565183,0,0,3,3,2,3,2,3,1,1,1,1
6,10,15,0.000113056150439661,0,0,3,3,2,3,2,3,1,1,1,1
6,10,16,0.0004930752329528332,0,0,3,3,2,3,2,3,1,1,1,1
6,10,17,0.0003483117325231433,0,0,3,3,2,3,2,3,1,1,1,1
6,10,20,0.0048144301399588585,0,0,3,3,2,4,2,4,1,1,1,1
6,10,25,0.0005178635474294424,0,0,3,3,2,5,2,5,1,1,1,1
6,10,27,0.0004782748583238572,0,0,3,3,2,5,2,5,1,1,1,1
6,10,28,0.00027438541292212903,0,0,3,3,2,5,2,5,1,1,1,1
6,10,29,0.0002167307393392548,0,0,3,3,2,5,2,5,1,1,1,1
6,10,30,6.024054528097622e-05,0,0,3,3,2,5,2,5,1,1,1,1
6,10,31,1.446840997232357e-05,0,0,3,4,2,1,2,1,1,1,1,1
6,10,33,0.00024623374338261783,0,0,3,4,2,3,2,3,1,1,1,1
6,10,36,0.0029275836423039436,0,0,3,5,2,1,2,1,1,2,1,2
6,10,37,0.0923834964632988,0,0,3,5,2,2,2,2,1,2,1,2
6,10,39,0.0678262859582901,0,0,3,5,2,4,2,4,1,2,1,2
6,10,40,0.020528361201286316,0,0,3,5,2,5,2,5,1,2,1,2
6,10,41,0.003880939679220319,0,1,3,6,2,1,2,1,1,1,1,5
6,10,42,0.6986961960792542,0,1,3,6,2,2,2,2,1,1,1,5
6,10,43,0.04569530859589577,0,1,3,6,2,3,2,3,1,1,1,5
6,10,44,0.05645718425512314,0,1,3,6,2,4,2,4,1,1,1,5
6,11,1,0.0002582841261755675,0,0,3,3,2,1,2,1,1,1,1,1
6,11,3,0.0006437904085032642,0,0,3,3,2,1,2,1,1,1,1,1
6,11,7,0.009479413740336895,0,0,3,3,2,2,2,2,1,1,1,1
6,11,13,0.0001216789532918483,0,0,3,3,2,3,2,3,1,1,1,1
6,11,15,0.00016268790932372212,0,0,3,3,2,3,2,3,1,1,1,1
6,11,16,0.0003211484581697732,0,0,3,3,2,3,2,3,1,1,1,1
6,11,17,0.0004511064908001572,0,0,3,3,2,3,2,3,1,1,1,1
6,11,20,0.010896560736000538,0,0,3,3,2,4,2,4,1,1,1,1
6,11,25,0.004220397677272558,0,0,3,3,2,5,2,5,1,1,1,1
6,11,27,0.003374787513166666,0,0,3,3,2,5,2,5,1,1,1,1
6,11,28,0.001477590063586831,0,0,3,3,2,5,2,5,1,1,1,1
6,11,29,0.0015464953612536192,0,0,3,3,2,5,2,5,1,1,1,1
6,11,30,0.0006048813229426742,0,0,3,3,2,5,2,5,1,1,1,1
6,11,31,6.202665099408478e-05,0,0,3,4,2,1,2,1,1,1,1,1
6,11,33,0.0002861661487258971,0,0,3,4,2,3,2,3,1,1,1,1
6,11,36,0.006832462269812822,0,0,3,5,2,1,2,1,1,2,1,2
6,11,37,0.41944146156311035,0,0,3,5,2,2,2,2,1,2,1,2
6,11,39,0.285081148147583,0,0,3,5,2,4,2,4,1,2,1,2
6,11,40,0.16500194370746613,0,0,3,5,2,5,2,5,1,2,1,2
6,11,41,0.0012563676573336124,0,1,3,6,2,1,2,1,1,1,1,5
6,11,42,0.07201894372701645,0,1,3,6,2,2,2,2,1,1,1,5
6,11,43,0.005611196160316467,0,1,3,6,2,3,2,3,1,1,1,5
6,11,44,0.010849318467080593,0,1,3,6,2,4,2,4,1,1,1,5
6,12,1,0.00010575709166005254,0,0,3,3,2,1,2,1,1,1,1,1
6,12,3,0.00035496384953148663,0,0,3,3,2,1,2,1,1,1,1,1
6,12,7,0.0037295068614184856,0,0,3,3,2,2,2,2,1,1,1,1
6,12,13,4.261982758180238e-05,0,0,3,3,2,3,2,3,1,1,1,1
6,12,15,7.700593414483592e-05,0,0,3,3,2,3,2,3,1,1,1,1
6,12,16,0.00014334094885271043,0,0,3,3,2,3,2,3,1,1,1,1
6,12,17,0.00013869533722754568,0,0,3,3,2,3,2,3,1,1,1,1
6,12,20,0.005565339233726263,0,0,3,3,2,4,2,4,1,1,1,1
6,12,25,0.001346801989711821,0,0,3,3,2,5,2,5,1,1,1,1
6,12,27,0.0014468178851529956,0,0,3,3,2,5,2,5,1,1,1,1
6,12,28,0.0012769405730068684,0,0,3,3,2,5,2,5,1,1,1,1
6,12,29,0.0008830372244119644,0,0,3,3,2,5,2,5,1,1,1,1
6,12,30,0.0002120835124514997,0,0,3,3,2,5,2,5,1,1,1,1
6,12,31,3.1116691388888285e-05,0,0,3,4,2,1,2,1,1,1,1,1
6,12,33,0.0004231452476233244,0,0,3,4,2,3,2,3,1,1,1,1
6,12,36,0.0028475788421928883,0,0,3,5,2,1,2,1,1,2,1,2
6,12,37,0.2078876942396164,0,0,3,5,2,2,2,2,1,2,1,2
6,12,39,0.0673302412033081,0,0,3,5,2,4,2,4,1,2,1,2
6,12,40,0.09889117628335953,0,0,3,5,2,5,2,5,1,2,1,2
6,12,41,0.003522692946717143,0,1,3,6,2,1,2,1,1,1,1,5
6,12,42,0.5201687216758728,0,1,3,6,2,2,2,2,1,1,1,5
6,12,43,0.03939496725797653,0,1,3,6,2,3,2,3,1,1,1,5
6,12,44,0.044179413467645645,0,1,3,6,2,4,2,4,1,1,1,5
6,14,1,0.006471782457083464,0,0,3,3,3,1,3,1,1,1,1,1
6,14,3,0.008704070933163166,0,0,3,3,3,1,3,1,1,1,1,1
6,14,7,0.05623456463217735,0,0,3,3,3,2,3,2,1,1,1,1
6,14,13,0.0035031968727707863,0,0,3,3,3,3,3,3,1,1,1,1
6,14,15,0.00034215592313557863,0,0,3,3,3,3,3,3,1,1,1,1
6,14,16,0.0015966373030096292,0,0,3,3,3,3,3,3,1,1,1,1
6,14,17,0.0008709016256034374,0,0,3,3,3,3,3,3,1,1,1,1
6,14,20,0.02269776165485382,0,0,3,3,3,4,3,4,1,1,1,1
6,14,25,0.0021514235995709896,0,0,3,3,3,5,3,5,1,1,1,1
6,14,27,0.0012783370912075043,0,0,3,3,3,5,3,5,1,1,1,1
6,14,28,0.0004535148909781128,0,0,3,3,3,5,3,5,1,1,1,1
6,14,29,0.0005875914939679205,0,0,3,3,3,5,3,5,1,1,1,1
6,14,30,0.0005196089041419327,0,0,3,3,3,5,3,5,1,1,1,1
6,14,31,0.00023341996711678803,0,0,3,4,3,1,3,1,1,1,1,1
6,14,33,3.558441312634386e-05,0,0,3,4,3,3,3,3,1,1,1,1
6,14,36,0.0114131486043334,0,0,3,5,3,1,3,1,1,2,1,2
6,14,37,0.028975356370210648,0,0,3,5,3,2,3,2,1,2,1,2
6,14,39,0.02457185462117195,0,0,3,5,3,4,3,4,1,2,1,2
6,14,40,0.0021256895270198584,0,0,3,5,3,5,3,5,1,2,1,2
6,14,41,0.006618528626859188,0,1,3,6,3,1,3,1,1,1,1,5
6,14,42,0.7949792146682739,0,1,3,6,3,2,3,2,1,1,1,5
6,14,43,0.0022072498686611652,0,1,3,6,3,3,3,3,1,1,1,5
6,14,44,0.023429227992892265,0,1,3,6,3,4,3,4,1,1,1,5
6,18,1,0.004249120131134987,0,0,3,3,3,1,3,1,1,1,1,1
6,18,3,0.00923673715442419,0,0,3,3,3,1,3,1,1,1,1,1
6,18,7,0.052011262625455856,0,0,3,3,3,2,3,2,1,1,1,1
6,18,13,0.0038913628086447716,0,0,3,3,3,3,3,3,1,1,1,1
6,18,15,0.0011563316220417619,0,0,3,3,3,3,3,3,1,1,1,1
6,18,16,0.004009700380265713,0,0,3,3,3,3,3,3,1,1,1,1
6,18,17,0.0020011833403259516,0,0,3,3,3,3,3,3,1,1,1,1
6,18,20,0.018924931064248085,0,0,3,3,3,4,3,4,1,1,1,1
6,18,25,0.005686061456799507,0,0,3,3,3,5,3,5,1,1,1,1
6,18,27,0.006748374551534653,0,0,3,3,3,5,3,5,1,1,1,1
6,18,28,0.001604388584382832,0,0,3,3,3,5,3,5,1,1,1,1
6,18,29,0.0012041664449498057,0,0,3,3,3,5,3,5,1,1,1,1
6,18,30,0.0012611218262463808,0,0,3,3,3,5,3,5,1,1,1,1
6,18,31,0.00031036746804602444,0,0,3,4,3,1,3,1,1,1,1,1
6,18,33,0.00045165946357883513,0,0,3,4,3,3,3,3,1,1,1,1
6,18,36,0.01683901995420456,0,0,3,5,3,1,3,1,1,2,1,2
6,18,37,0.07000482082366943,0,0,3,5,3,2,3,2,1,2,1,2
6,18,39,0.038210973143577576,0,0,3,5,3,4,3,4,1,2,1,2
6,18,40,0.011896394193172455,0,0,3,5,3,5,3,5,1,2,1,2
6,18,41,0.009099048562347889,0,1,3,6,3,1,3,1,1,1,1,5
6,18,42,0.7139626741409302,0,1,3,6,3,2,3,2,1,1,1,5
6,18,43,0.008160530589520931,0,1,3,6,3,3,3,3,1,1,1,5
6,18,44,0.01907978020608425,0,1,3,6,3,4,3,4,1,1,1,5
6,19,1,2.3676051569054835e-05,0,0,3,3,4,1,4,1,1,1,1,1
6,19,3,8.094465738395229e-05,0,0,3,3,4,1,4,1,1,1,1,1
6,19,7,0.00019784510368481278,0,0,3,3,4,2,4,2,1,1,1,1
6,19,13,4.866617746301927e-05,0,0,3,3,4,3,4,3,1,1,1,1
6,19,15,4.153982808929868e-05,0,0,3,3,4,3,4,3,1,1,1,1
6,19,16,0.000166992555023171,0,0,3,3,4,3,4,3,1,1,1,1
6,19,17,6.762965494999662e-05,0,0,3,3,4,3,4,3,1,1,1,1
6,19,20,0.00013799098087474704,0,0,3,3,4,4,4,4,1,1,1,1
6,19,25,6.961107828828972e-06,0,0,3,3,4,5,4,5,1,1,1,1
6,19,27,1.1171907317475416e-05,0,0,3,3,4,5,4,5,1,1,1,1
6,19,28,3.1570461942465045e-06,0,0,3,3,4,5,4,5,1,1,1,1
6,19,29,2.991566589116701e-06,0,0,3,3,4,5,4,5,1,1,1,1
6,19,30,2.4385553842876107e-06,0,0,3,3,4,5,4,5,1,1,1,1
6,19,31,1.5438987475135946e-06,0,0,3,4,4,1,4,1,1,1,1,1
6,19,33,7.620100222993642e-05,0,0,3,4,4,3,4,3,1,1,1,1
6,19,36,0.00059568538563326,0,0,3,5,4,1,4,1,1,2,1,2
6,19,37,0.002824716968461871,0,0,3,5,4,2,4,2,1,2,1,2
6,19,39,0.0031714895740151405,0,0,3,5,4,4,4,4,1,2,1,2
6,19,40,0.0001322700409218669,0,0,3,5,4,5,4,5,1,2,1,2
6,19,41,0.014294681139290333,0,1,3,6,4,1,4,1,1,1,1,5
6,19,42,0.8115612864494324,0,1,3,6,4,2,4,2,1,1,1,5
6,19,43,0.05486345663666725,0,1,3,6,4,3,4,3,1,1,1,5
6,19,44,0.11168628185987473,0,1,3,6,4,4,4,4,1,1,1,5
6,21,1,6.266869604587555e-05,0,0,3,3,4,1,4,1,1,1,1,1
6,21,3,0.00033950796932913363,0,0,3,3,4,1,4,1,1,1,1,1
6,21,7,0.00046432644012384117,0,0,3,3,4,2,4,2,1,1,1,1
6,21,13,9.714630141388625e-05,0,0,3,3,4,3,4,3,1,1,1,1
6,21,15,2.4666342142154463e-05,0,0,3,3,4,3,4,3,1,1,1,1
6,21,16,0.00012610561680048704,0,0,3,3,4,3,4,3,1,1,1,1
6,21,17,0.00010230914631392807,0,0,3,3,4,3,4,3,1,1,1,1
6,21,20,0.0005576477851718664,0,0,3,3,4,4,4,4,1,1,1,1
6,21,25,4.6788853069301695e-05,0,0,3,3,4,5,4,5,1,1,1,1
6,21,27,6.0230158851481974e-05,0,0,3,3,4,5,4,5,1,1,1,1
6,21,28,9.850568858382758e-06,0,0,3,3,4,5,4,5,1,1,1,1
6,21,29,1.4758301404071972e-05,0,0,3,3,4,5,4,5,1,1,1,1
6,21,30,2.47692678385647e-05,0,0,3,3,4,5,4,5,1,1,1,1
6,21,31,3.008386556757614e-06,0,0,3,4,4,1,4,1,1,1,1,1
6,21,33,2.6064630219480023e-05,0,0,3,4,4,3,4,3,1,1,1,1
6,21,36,0.0019567867275327444,0,0,3,5,4,1,4,1,1,2,1,2
6,21,37,0.014456854201853275,0,0,3,5,4,2,4,2,1,2,1,2
6,21,39,0.06132318079471588,0,0,3,5,4,4,4,4,1,2,1,2
6,21,40,0.0007302095764316618,0,0,3,5,4,5,4,5,1,2,1,2
6,21,41,0.014746938832104206,0,1,3,6,4,1,4,1,1,1,1,5
6,21,42,0.7865080237388611,0,1,3,6,4,2,4,2,1,1,1,5
6,21,43,0.014480289071798325,0,1,3,6,4,3,4,3,1,1,1,5
6,21,44,0.10383789241313934,0,1,3,6,4,4,4,4,1,1,1,5
6,22,1,4.401288606459275e-05,0,0,3,3,4,1,4,1,1,1,1,1
6,22,3,0.0002197973954025656,0,0,3,3,4,1,4,1,1,1,1,1
6,22,7,0.00036432998604141176,0,0,3,3,4,2,4,2,1,1,1,1
6,22,13,3.5576453228713945e-05,0,0,3,3,4,3,4,3,1,1,1,1
6,22,15,1.921770308399573e-05,0,0,3,3,4,3,4,3,1,1,1,1
6,22,16,4.7345165512524545e-05,0,0,3,3,4,3,4,3,1,1,1,1
6,22,17,8.781614451436326e-05,0,0,3,3,4,3,4,3,1,1,1,1
6,22,20,0.000989172258414328,0,0,3,3,4,4,4,4,1,1,1,1
6,22,25,8.962475112639368e-05,0,0,3,3,4,5,4,5,1,1,1,1
6,22,27,8.158147829817608e-05,0,0,3,3,4,5,4,5,1,1,1,1
6,22,28,1.528799293737393e-05,0,0,3,3,4,5,4,5,1,1,1,1
6,22,29,2.2595473637920804e-05,0,0,3,3,4,5,4,5,1,1,1,1
6,22,30,4.90590427943971e-05,0,0,3,3,4,5,4,5,1,1,1,1
6,22,31,1.9289605916128494e-05,0,0,3,4,4,1,4,1,1,1,1,1
6,22,33,2.9568662284873426e-05,0,0,3,4,4,3,4,3,1,1,1,1
6,22,36,0.005651773884892464,0,0,3,5,4,1,4,1,1,2,1,2
6,22,37,0.058529507368803024,0,0,3,5,4,2,4,2,1,2,1,2
6,22,39,0.8767150044441223,0,0,3,5,4,4,4,4,1,2,1,2
6,22,40,0.00537123205140233,0,0,3,5,4,5,4,5,1,2,1,2
6,22,41,0.001542194397188723,0,1,3,6,4,1,4,1,1,1,1,5
6,22,42,0.029200268909335136,0,1,3,6,4,2,4,2,1,1,1,5
6,22,43,0.0009811300551518798,0,1,3,6,4,3,4,3,1,1,1,5
6,22,44,0.019894424825906754,0,1,3,6,4,4,4,4,1,1,1,5
6,23,1,1.1820863619504962e-05,0,0,3,3,4,1,4,1,1,1,1,1
6,23,3,4.670756243285723e-05,0,0,3,3,4,1,4,1,1,1,1,1
6,23,7,0.0003546476655174047,0,0,3,3,4,2,4,2,1,1,1,1
6,23,13,4.480513234739192e-05,0,0,3,3,4,3,4,3,1,1,1,1
6,23,15,1.036386765917996e-05,0,0,3,3,4,3,4,3,1,1,1,1
6,23,16,7.110030855983496e-05,0,0,3,3,4,3,4,3,1,1,1,1
6,23,17,0.0001283783931285143,0,0,3,3,4,3,4,3,1,1,1,1
6,23,20,0.0006452446104958653,0,0,3,3,4,4,4,4,1,1,1,1
6,23,25,3.272491812822409e-05,0,0,3,3,4,5,4,5,1,1,1,1
6,23,27,2.3768945538904518e-05,0,0,3,3,4,5,4,5,1,1,1,1
6,23,28,2.6249783786624903e-06,0,0,3,3,4,5,4,5,1,1,1,1
6,23,29,2.9130419534340035e-06,0,0,3,3,4,5,4,5,1,1,1,1
6,23,30,1.246892315975856e-05,0,0,3,3,4,5,4,5,1,1,1,1
6,23,31,6.058058374946995e-07,0,0,3,4,4,1,4,1,1,1,1,1
6,23,33,5.929031885898439e-06,0,0,3,4,4,3,4,3,1,1,1,1
6,23,36,0.0012167152017354965,0,0,3,5,4,1,4,1,1,2,1,2
6,23,37,0.023691948503255844,0,0,3,5,4,2,4,2,1,2,1,2
6,23,39,0.9115262627601624,0,0,3,5,4,4,4,4,1,2,1,2
6,23,40,0.001210917136631906,0,0,3,5,4,5,4,5,1,2,1,2
6,23,41,0.0004816354194190353,0,1,3,6,4,1,4,1,1,1,1,5
6,23,42,0.050736039876937866,0,1,3,6,4,2,4,2,1,1,1,5
6,23,43,0.0009078859002329409,0,1,3,6,4,3,4,3,1,1,1,5
6,23,44,0.008833933621644974,0,1,3,6,4,4,4,4,1,1,1,5
6,24,1,8.365917892660946e-06,0,0,3,3,4,1,4,1,1,1,1,1
6,24,3,3.90557361242827e-05,0,0,3,3,4,1,4,1,1,1,1,1
6,24,7,0.00038867484545335174,0,0,3,3,4,2,4,2,1,1,1,1
6,24,13,6.4756004576338455e-06,0,0,3,3,4,3,4,3,1,1,1,1
6,24,15,2.8962660962861264e-06,0,0,3,3,4,3,4,3,1,1,1,1
6,24,16,1.6584552213316783e-05,0,0,3,3,4,3,4,3,1,1,1,1
6,24,17,1.9243494534748606e-05,0,0,3,3,4,3,4,3,1,1,1,1
6,24,20,0.0001356481807306409,0,0,3,3,4,4,4,4,1,1,1,1
6,24,25,6.307406238192925e-06,0,0,3,3,4,5,4,5,1,1,1,1
6,24,27,1.2274823347979691e-05,0,0,3,3,4,5,4,5,1,1,1,1
6,24,28,1.0167159416596405e-06,0,0,3,3,4,5,4,5,1,1,1,1
6,24,29,1.7964929384106654e-06,0,0,3,3,4,5,4,5,1,1,1,1
6,24,30,1.751411900841049e-06,0,0,3,3,4,5,4,5,1,1,1,1
6,24,31,6.080598495827871e-07,0,0,3,4,4,1,4,1,1,1,1,1
6,24,33,6.395467607944738e-06,0,0,3,4,4,3,4,3,1,1,1,1
6,24,36,0.0009131185943260789,0,0,3,5,4,1,4,1,1,2,1,2
6,24,37,0.02080499567091465,0,0,3,5,4,2,4,2,1,2,1,2
6,24,39,0.038041289895772934,0,0,3,5,4,4,4,4,1,2,1,2
6,24,40,0.0006079228478483856,0,0,3,5,4,5,4,5,1,2,1,2
6,24,41,0.0027976820711046457,0,1,3,6,4,1,4,1,1,1,1,5
6,24,42,0.8965305685997009,0,1,3,6,4,2,4,2,1,1,1,5
6,24,43,0.006848409306257963,0,1,3,6,4,3,4,3,1,1,1,5
6,24,44,0.03280877321958542,0,1,3,6,4,4,4,4,1,1,1,5
6,26,1,0.0771842673420906,0,0,3,3,5,1,5,1,1,1,1,1
6,26,3,0.029139166697859764,0,0,3,3,5,1,5,1,1,1,1,1
6,26,7,0.1351100504398346,0,0,3,3,5,2,5,2,1,1,1,1
6,26,13,0.029087528586387634,0,0,3,3,5,3,5,3,1,1,1,1
6,26,15,0.03823890537023544,0,0,3,3,5,3,5,3,1,1,1,1
6,26,16,0.02120518498122692,0,0,3,3,5,3,5,3,1,1,1,1
6,26,17,0.016320940107107162,0,0,3,3,5,3,5,3,1,1,1,1
6,26,20,0.1077534481883049,0,0,3,3,5,4,5,4,1,1,1,1
6,26,25,0.04029809311032295,0,0,3,3,5,5,5,5,1,1,1,1
6,26,27,0.024423543363809586,0,0,3,3,5,5,5,5,1,1,1,1
6,26,28,0.058489907532930374,0,0,3,3,5,5,5,5,1,1,1,1
6,26,29,0.04777097329497337,0,0,3,3,5,5,5,5,1,1,1,1
6,26,30,0.027693230658769608,0,0,3,3,5,5,5,5,1,1,1,1
6,26,31,0.011847203597426414,0,0,3,4,5,1,5,1,1,1,1,1
6,26,33,0.00933961383998394,0,0,3,4,5,3,5,3,1,1,1,1
6,26,36,0.010889598168432713,0,0,3,5,5,1,5,1,1,2,1,2
6,26,37,0.021524138748645782,0,0,3,5,5,2,5,2,1,2,1,2
6,26,39,0.009245749562978745,0,0,3,5,5,4,5,4,1,2,1,2
6,26,40,0.012505494058132172,0,0,3,5,5,5,5,5,1,2,1,2
6,26,41,0.029108775779604912,0,1,3,6,5,1,5,1,1,1,1,5
6,26,42,0.1439560055732727,0,1,3,6,5,2,5,2,1,1,1,5
6,26,43,0.02636185847222805,0,1,3,6,5,3,5,3,1,1,1,5
6,26,44,0.07250621169805527,0,1,3,6,5,4,5,4,1,1,1,5
6,32,1,5.6314489484066144e-05,0,0,4,3,2,1,2,1,1,1,1,1
6,32,3,0.00017406267579644918,0,0,4,3,2,1,2,1,1,1,1,1
6,32,7,0.0015816657105460763,0,0,4,3,2,2,2,2,1,1,1,1
6,32,13,6.920912710484117e-06,0,0,4,3,2,3,2,3,1,1,1,1
6,32,15,4.2949024646077305e-05,0,0,4,3,2,3,2,3,1,1,1,1
6,32,16,4.915696626994759e-05,0,0,4,3,2,3,2,3,1,1,1,1
6,32,17,5.040940231992863e-05,0,0,4,3,2,3,2,3,1,1,1,1
6,32,20,0.0007518779602833092,0,0,4,3,2,4,2,4,1,1,1,1
6,32,25,0.0020635437685996294,0,0,4,3,2,5,2,5,1,1,1,1
6,32,27,0.00518657686188817,0,0,4,3,2,5,2,5,1,1,1,1
6,32,28,0.0019383927574381232,0,0,4,3,2,5,2,5,1,1,1,1
6,32,29,0.0009075639536604285,0,0,4,3,2,5,2,5,1,1,1,1
6,32,30,0.0002956276875920594,0,0,4,3,2,5,2,5,1,1,1,1
6,32,31,1.9407547370065004e-05,0,0,4,4,2,1,2,1,1,1,1,1
6,32,33,0.0007130502490326762,0,0,4,4,2,3,2,3,1,1,1,1
6,32,36,0.0013246879680082202,0,0,4,5,2,1,2,1,1,2,1,2
6,32,37,0.1362561732530594,0,0,4,5,2,2,2,2,1,2,1,2
6,32,39,0.021495869383215904,0,0,4,5,2,4,2,4,1,2,1,2
6,32,40,0.1826002597808838,0,0,4,5,2,5,2,5,1,2,1,2
6,32,41,0.006555337458848953,0,1,4,6,2,1,2,1,1,1,1,5
6,32,42,0.5781144499778748,0,1,4,6,2,2,2,2,1,1,1,5
6,32,43,0.04182702302932739,0,1,4,6,2,3,2,3,1,1,1,5
6,32,44,0.017988646402955055,0,1,4,6,2,4,2,4,1,1,1,5
6,34,1,0.0007559200166724622,0,0,4,3,4,1,4,1,1,1,1,1
6,34,3,0.004464615602046251,0,0,4,3,4,1,4,1,1,1,1,1
6,34,7,0.0029805090744048357,0,0,4,3,4,2,4,2,1,1,1,1
6,34,13,0.0025750407949090004,0,0,4,3,4,3,4,3,1,1,1,1
6,34,15,0.002821369795128703,0,0,4,3,4,3,4,3,1,1,1,1
6,34,16,0.009256165474653244,0,0,4,3,4,3,4,3,1,1,1,1
6,34,17,0.0036380132660269737,0,0,4,3,4,3,4,3,1,1,1,1
6,34,20,0.0018418057588860393,0,0,4,3,4,4,4,4,1,1,1,1
6,34,25,0.0008282927446998656,0,0,4,3,4,5,4,5,1,1,1,1
6,34,27,0.0027850137557834387,0,0,4,3,4,5,4,5,1,1,1,1
6,34,28,0.0005302413483150303,0,0,4,3,4,5,4,5,1,1,1,1
6,34,29,0.0004559315857477486,0,0,4,3,4,5,4,5,1,1,1,1
6,34,30,0.00036134745460003614,0,0,4,3,4,5,4,5,1,1,1,1
6,34,31,0.00015480178990401328,0,0,4,4,4,1,4,1,1,1,1,1
6,34,33,0.013187265023589134,0,0,4,4,4,3,4,3,1,1,1,1
6,34,36,0.0043355249799788,0,0,4,5,4,1,4,1,1,2,1,2
6,34,37,0.014660963788628578,0,0,4,5,4,2,4,2,1,2,1,2
6,34,39,0.004650614224374294,0,0,4,5,4,4,4,4,1,2,1,2
6,34,40,0.0027976627461612225,0,0,4,5,4,5,4,5,1,2,1,2
6,34,41,0.04744783043861389,0,1,4,6,4,1,4,1,1,1,1,5
6,34,42,0.4497602880001068,0,1,4,6,4,2,4,2,1,1,1,5
6,34,43,0.34159183502197266,0,1,4,6,4,3,4,3,1,1,1,5
6,34,44,0.08811911940574646,0,1,4,6,4,4,4,4,1,1,1,5
6,35,1,0.046031080186367035,0,0,4,3,5,1,5,1,1,1,1,1
6,35,3,0.030727798119187355,0,0,4,3,5,1,5,1,1,1,1,1
6,35,7,0.02191808633506298,0,0,4,3,5,2,5,2,1,1,1,1
6,35,13,0.0236833393573761,0,0,4,3,5,3,5,3,1,1,1,1
6,35,15,0.05772341415286064,0,0,4,3,5,3,5,3,1,1,1,1
6,35,16,0.0334644578397274,0,0,4,3,5,3,5,3,1,1,1,1
6,35,17,0.02709371969103813,0,0,4,3,5,3,5,3,1,1,1,1
6,35,20,0.04128120839595795,0,0,4,3,5,4,5,4,1,1,1,1
6,35,25,0.02476556971669197,0,0,4,3,5,5,5,5,1,1,1,1
6,35,27,0.017103323712944984,0,0,4,3,5,5,5,5,1,1,1,1
6,35,28,0.0502452477812767,0,0,4,3,5,5,5,5,1,1,1,1
6,35,29,0.034667275846004486,0,0,4,3,5,5,5,5,1,1,1,1
6,35,30,0.023213284090161324,0,0,4,3,5,5,5,5,1,1,1,1
6,35,31,0.023077482357621193,0,0,4,4,5,1,5,1,1,1,1,1
6,35,33,0.06060086190700531,0,0,4,4,5,3,5,3,1,1,1,1
6,35,36,0.012228121981024742,0,0,4,5,5,1,5,1,1,2,1,2
6,35,37,0.013678555376827717,0,0,4,5,5,2,5,2,1,2,1,2
6,35,39,0.014590823091566563,0,0,4,5,5,4,5,4,1,2,1,2
6,35,40,0.014109769836068153,0,0,4,5,5,5,5,5,1,2,1,2
6,35,41,0.06265701353549957,0,1,4,6,5,1,5,1,1,1,1,5
6,35,42,0.05543599650263786,0,1,4,6,5,2,5,2,1,1,1,5
6,35,43,0.14089752733707428,0,1,4,6,5,3,5,3,1,1,1,5
6,35,44,0.17080585658550262,0,1,4,6,5,4,5,4,1,1,1,5
6,38,1,0.093976691365242,0,0,5,3,3,1,3,1,2,1,2,1
6,38,3,0.03127020224928856,0,0,5,3,3,1,3,1,2,1,2,1
6,38,7,0.17089180648326874,0,0,5,3,3,2,3,2,2,1,2,1
6,38,13,0.16597053408622742,0,0,5,3,3,3,3,3,2,1,2,1
6,38,15,0.10182177275419235,0,0,5,3,3,3,3,3,2,1,2,1
6,38,16,0.08353497087955475,0,0,5,3,3,3,3,3,2,1,2,1
6,38,17,0.09111247956752777,0,0,5,3,3,3,3,3,2,1,2,1
6,38,20,0.02802654728293419,0,0,5,3,3,4,3,4,2,1,2,1
6,38,25,0.01625136099755764,0,0,5,3,3,5,3,5,2,1,2,1
6,38,27,0.01668054237961769,0,0,5,3,3,5,3,5,2,1,2,1
6,38,28,0.007744696456938982,0,0,5,3,3,5,3,5,2,1,2,1
6,38,29,0.01964080147445202,0,0,5,3,3,5,3,5,2,1,2,1
6,38,30,0.024669665843248367,0,0,5,3,3,5,3,5,2,1,2,1
6,38,31,0.033428944647312164,0,0,5,4,3,1,3,1,2,1,2,1
6,38,33,0.011373133398592472,0,0,5,4,3,3,3,3,2,1,2,1
6,38,36,0.020672626793384552,0,0,5,5,3,1,3,1,2,2,2,2
6,38,37,0.011954719200730324,0,0,5,5,3,2,3,2,2,2,2,2
6,38,39,0.004947782959789038,0,0,5,5,3,4,3,4,2,2,2,2
6,38,40,0.0025349438656121492,0,0,5,5,3,5,3,5,2,2,2,2
6,38,41,0.024510841816663742,0,1,5,6,3,1,3,1,2,1,2,5
6,38,42,0.02012438327074051,0,1,5,6,3,2,3,2,2,1,2,5
6,38,43,0.005209682043641806,0,1,5,6,3,3,3,3,2,1,2,5
6,38,44,0.013650680892169476,0,1,5,6,3,4,3,4,2,1,2,5
6,45,1,0.12003698945045471,1,0,6,3,5,1,5,1,1,1,5,1
6,45,3,0.02259465679526329,1,0,6,3,5,1,5,1,1,1,5,1
6,45,7,0.0172885749489069,1,0,6,3,5,2,5,2,1,1,5,1
6,45,13,0.018222471699118614,1,0,6,3,5,3,5,3,1,1,5,1
6,45,15,0.041609350591897964,1,0,6,3,5,3,5,3,1,1,5,1
6,45,16,0.007621050346642733,1,0,6,3,5,3,5,3,1,1,5,1
6,45,17,0.0025737707037478685,1,0,6,3,5,3,5,3,1,1,5,1
6,45,20,0.018405498936772346,1,0,6,3,5,4,5,4,1,1,5,1
6,45,25,0.02759433165192604,1,0,6,3,5,5,5,5,1,1,5,1
6,45,27,0.01939385011792183,1,0,6,3,5,5,5,5,1,1,5,1
6,45,28,0.3962993323802948,1,0,6,3,5,5,5,5,1,1,5,1
6,45,29,0.13995110988616943,1,0,6,3,5,5,5,5,1,1,5,1
6,45,30,0.03584209457039833,1,0,6,3,5,5,5,5,1,1,5,1
6,45,31,0.10579724609851837,1,0,6,4,5,1,5,1,1,1,5,1
6,45,33,0.01710338704288006,1,0,6,4,5,3,5,3,1,1,5,1
6,45,36,0.00019436106958892196,1,0,6,5,5,1,5,1,1,2,5,2
6,45,37,4.131506284466013e-05,1,0,6,5,5,2,5,2,1,2,5,2
6,45,39,1.8102541616826784e-06,1,0,6,5,5,4,5,4,1,2,5,2
6,45,40,0.00019721574790310115,1,0,6,5,5,5,5,5,1,2,5,2
6,45,41,0.002497589448466897,1,1,6,6,5,1,5,1,1,1,5,5
6,45,42,0.0023225394543260336,1,1,6,6,5,2,5,2,1,1,5,5
6,45,43,0.0028019212186336517,1,1,6,6,5,3,5,3,1,1,5,5
6,45,44,0.0016097864136099815,1,1,6,6,5,4,5,4,1,1,5,5
6,46,1,8.25210281618638e-06,2,0,7,3,0,1,0,1,0,1,4,1
6,46,3,9.876097237793147e-07,2,0,7,3,0,1,0,1,0,1,4,1
6,46,7,0.0002416023053228855,2,0,7,3,0,2,0,2,0,1,4,1
6,46,13,1.4756942618987523e-06,2,0,7,3,0,3,0,3,0,1,4,1
6,46,15,7.643468052265234e-06,2,0,7,3,0,3,0,3,0,1,4,1
6,46,16,9.099834983317123e-07,2,0,7,3,0,3,0,3,0,1,4,1
6,46,17,2.8809385185013525e-05,2,0,7,3,0,3,0,3,0,1,4,1
6,46,20,0.0002492750936653465,2,0,7,3,0,4,0,4,0,1,4,1
6,46,25,4.6161938371369615e-05,2,0,7,3,0,5,0,5,0,1,4,1
6,46,27,1.0278000445396174e-05,2,0,7,3,0,5,0,5,0,1,4,1
6,46,28,1.3281695828482043e-05,2,0,7,3,0,5,0,5,0,1,4,1
6,46,29,2.267917079734616e-05,2,0,7,3,0,5,0,5,0,1,4,1
6,46,30,9.454302198719233e-05,2,0,7,3,0,5,0,5,0,1,4,1
6,46,31,2.0323675926192664e-05,2,0,7,4,0,1,0,1,0,1,4,1
6,46,33,4.187368631392019e-06,2,0,7,4,0,3,0,3,0,1,4,1
6,46,36,0.0003136469458695501,2,0,7,5,0,1,0,1,0,2,4,2
6,46,37,0.025246867910027504,2,0,7,5,0,2,0,2,0,2,4,2
6,46,39,0.9623209238052368,2,0,7,5,0,4,0,4,0,2,4,2
6,46,40,0.01129072718322277,2,0,7,5,0,5,0,5,0,2,4,2
6,46,41,2.9009102036070544e-06,2,1,7,6,0,1,0,1,0,1,4,5
6,46,42,3.310526381028467e-06,2,1,7,6,0,2,0,2,0,1,4,5
6,46,43,7.289627319551073e-07,2,1,7,6,0,3,0,3,0,1,4,5
6,46,44,7.071039726724848e-05,2,1,7,6,0,4,0,4,0,1,4,5
7,1,0,0.00015091014211066067,0,0,3,1,1,0,1,0,1,2,1,4
7,1,2,0.0001141563116107136,0,0,3,3,1,1,1,1,1,1,1,1
7,1,4,0.000556554296053946,0,0,3,3,1,1,1,1,1,1,1,1
7,1,5,0.0004088289279025048,0,0,3,3,1,1,1,1,1,1,1,1
7,1,6,0.0031758714467287064,0,0,3,3,1,1,1,1,1,1,1,1
7,1,8,0.4612240195274353,0,0,3,3,1,2,1,2,1,1,1,1
7,1,9,0.028980514034628868,0,0,3,3,1,2,1,2,1,1,1,1
7,1,10,0.3724708557128906,0,0,3,3,1,2,1,2,1,1,1,1
7,1,11,0.07100408524274826,0,0,3,3,1,2,1,2,1,1,1,1
7,1,12,0.006727094762027264,0,0,3,3,1,2,1,2,1,1,1,1
7,1,14,0.015859685838222504,0,0,3,3,1,3,1,3,1,1,1,1
7,1,18,0.00789183285087347,0,0,3,3,1,3,1,3,1,1,1,1
7,1,19,0.0013633270282298326,0,0,3,3,1,4,1,4,1,1,1,1
7,1,21,0.011552903801202774,0,0,3,3,1,4,1,4,1,1,1,1
7,1,22,0.0029278204310685396,0,0,3,3,1,4,1,4,1,1,1,1
7,1,23,0.0025420987512916327,0,0,3,3,1,4,1,4,1,1,1,1
7,1,24,0.0012414060765877366,0,0,3,3,1,4,1,4,1,1,1,1
7,1,26,0.0028196428902447224,0,0,3,3,1,5,1,5,1,1,1,1
7,1,32,0.007891706191003323,0,0,3,4,1,2,1,2,1,1,1,1
7,1,34,5.967501056147739e-05,0,0,3,4,1,4,1,4,1,1,1,1
7,1,35,5.5738546507200226e-05,0,0,3,4,1,5,1,5,1,1,1,1
7,1,38,0.0001502792874816805,0,0,3,5,1,3,1,3,1,2,1,2
7,1,45,2.9457885830197483e-05,0,1,3,6,1,5,1,5,1,1,1,5
7,1,46,0.0008011292084120214,0,2,3,7,1,0,1,0,1,0,1,4
7,3,0,0.000311592360958457,0,0,3,1,1,0,1,0,1,2,1,4
7,3,2,0.0003875535330735147,0,0,3,3,1,1,1,1,1,1,1,1
7,3,4,0.0012339107925072312,0,0,3,3,1,1,1,1,1,1,1,1
7,3,5,0.0007756855338811874,0,0,3,3,1,1,1,1,1,1,1,1
7,3,6,0.005978609900921583,0,0,3,3,1,1,1,1,1,1,1,1
7,3,8,0.35011598467826843,0,0,3,3,1,2,1,2,1,1,1,1
7,3,9,0.02586641162633896,0,0,3,3,1,2,1,2,1,1,1,1
7,3,10,0.31342095136642456,0,0,3,3,1,2,1,2,1,1,1,1
7,3,11,0.14687174558639526,0,0,3,3,1,2,1,2,1,1,1,1
7,3,12,0.027298107743263245,0,0,3,3,1,2,1,2,1,1,1,1
7,3,14,0.02101908065378666,0,0,3,3,1,3,1,3,1,1,1,1
7,3,18,0.009120997041463852,0,0,3,3,1,3,1,3,1,1,1,1
7,3,19,0.003317407099530101,0,0,3,3,1,4,1,4,1,1,1,1
7,3,21,0.025102993473410606,0,0,3,3,1,4,1,4,1,1,1,1
7,3,22,0.012538189999759197,0,0,3,3,1,4,1,4,1,1,1,1
7,3,23,0.004885166417807341,0,0,3,3,1,4,1,4,1,1,1,1
7,3,24,0.0032114607747644186,0,0,3,3,1,4,1,4,1,1,1,1
7,3,26,0.010400704108178616,0,0,3,3,1,5,1,5,1,1,1,1
7,3,32,0.0328044667840004,0,0,3,4,1,2,1,2,1,1,1,1
7,3,34,0.0005444885464385152,0,0,3,4,1,4,1,4,1,1,1,1
7,3,35,0.00024482893059030175,0,0,3,4,1,5,1,5,1,1,1,1
7,3,38,0.0006290031014941633,0,0,3,5,1,3,1,3,1,2,1,2
7,3,45,0.0006456816918216646,0,1,3,6,1,5,1,5,1,1,1,5
7,3,46,0.0032749169040471315,0,2,3,7,1,0,1,0,1,0,1,4
7,7,0,0.0011843123938888311,0,0,3,1,2,0,2,0,1,2,1,4
7,7,2,0.002176199108362198,0,0,3,3,2,1,2,1,1,1,1,1
7,7,4,0.003967673517763615,0,0,3,3,2,1,2,1,1,1,1,1
7,7,5,0.002444328274577856,0,0,3,3,2,1,2,1,1,1,1,1
7,7,6,0.014957478269934654,0,0,3,3,2,1,2,1,1,1,1,1
7,7,8,0.08505211770534515,0,0,3,3,2,2,2,2,1,1,1,1
7,7,9,0.015577923506498337,0,0,3,3,2,2,2,2,1,1,1,1
7,7,10,0.0773564800620079,0,0,3,3,2,2,2,2,1,1,1,1
7,7,11,0.07485004514455795,0,0,3,3,2,2,2,2,1,1,1,1
7,7,12,0.04737260937690735,0,0,3,3,2,2,2,2,1,1,1,1
7,7,14,0.04022517800331116,0,0,3,3,2,3,2,3,1,1,1,1
7,7,18,0.026223864406347275,0,0,3,3,2,3,2,3,1,1,1,1
7,7,19,0.028341608121991158,0,0,3,3,2,4,2,4,1,1,1,1
7,7,21,0.07093250006437302,0,0,3,3,2,4,2,4,1,1,1,1
7,7,22,0.008083951659500599,0,0,3,3,2,4,2,4,1,1,1,1
7,7,23,0.08671826124191284,0,0,3,3,2,4,2,4,1,1,1,1
7,7,24,0.059433579444885254,0,0,3,3,2,4,2,4,1,1,1,1
7,7,26,0.037386853247880936,0,0,3,3,2,5,2,5,1,1,1,1
7,7,32,0.030537961050868034,0,0,3,4,2,2,2,2,1,1,1,1
7,7,34,0.11744450777769089,0,0,3,4,2,4,2,4,1,1,1,1
7,7,35,0.0746016651391983,0,0,3,4,2,5,2,5,1,1,1,1
7,7,38,0.0036425977014005184,0,0,3,5,2,3,2,3,1,2,1,2
7,7,45,0.002367117442190647,0,1,3,6,2,5,2,5,1,1,1,5
7,7,46,0.08912105113267899,0,2,3,7,2,0,2,0,1,0,1,4
7,13,0,0.02485075406730175,0,0,3,1,3,0,3,0,1,2,1,4
7,13,2,0.018636971712112427,0,0,3,3,3,1,3,1,1,1,1,1
7,13,4,0.026066452264785767,0,0,3,3,3,1,3,1,1,1,1,1
7,13,5,0.03052418678998947,0,0,3,3,3,1,3,1,1,1,1,1
7,13,6,0.04963218793272972,0,0,3,3,3,1,3,1,1,1,1,1
7,13,8,0.03894408792257309,0,0,3,3,3,2,3,2,1,1,1,1
7,13,9,0.009648945182561874,0,0,3,3,3,2,3,2,1,1,1,1
7,13,10,0.013933354988694191,0,0,3,3,3,2,3,2,1,1,1,1
7,13,11,0.08060075342655182,0,0,3,3,3,2,3,2,1,1,1,1
7,13,12,0.07514533400535583,0,0,3,3,3,2,3,2,1,1,1,1
7,13,14,0.015847165137529373,0,0,3,3,3,3,3,3,1,1,1,1
7,13,18,0.00494628818705678,0,0,3,3,3,3,3,3,1,1,1,1
7,13,19,0.016106270253658295,0,0,3,3,3,4,3,4,1,1,1,1
7,13,21,0.027932144701480865,0,0,3,3,3,4,3,4,1,1,1,1
7,13,22,0.016407271847128868,0,0,3,3,3,4,3,4,1,1,1,1
7,13,23,0.012700107879936695,0,0,3,3,3,4,3,4,1,1,1,1
7,13,24,0.011989250779151917,0,0,3,3,3,4,3,4,1,1,1,1
7,13,26,0.09999241679906845,0,0,3,3,3,5,3,5,1,1,1,1
7,13,32,0.016049852594733238,0,0,3,4,3,2,3,2,1,1,1,1
7,13,34,0.010119928047060966,0,0,3,4,3,4,3,4,1,1,1,1
7,13,35,0.018722429871559143,0,0,3,4,3,5,3,5,1,1,1,1
7,13,38,0.05271001532673836,0,0,3,5,3,3,3,3,1,2,1,2
7,13,45,0.014347021467983723,0,1,3,6,3,5,3,5,1,1,1,5
7,13,46,0.314147025346756,0,2,3,7,3,0,3,0,1,0,1,4
7,15,0,0.00675017386674881,0,0,3,1,3,0,3,0,1,2,1,4
7,15,2,0.006963911931961775,0,0,3,3,3,1,3,1,1,1,1,1
7,15,4,0.017234986647963524,0,0,3,3,3,1,3,1,1,1,1,1
7,15,5,0.01575480028986931,0,0,3,3,3,1,3,1,1,1,1,1
7,15,6,0.027614107355475426,0,0,3,3,3,1,3,1,1,1,1,1
7,15,8,0.1335621029138565,0,0,3,3,3,2,3,2,1,1,1,1
7,15,9,0.054877590388059616,0,0,3,3,3,2,3,2,1,1,1,1
7,15,10,0.05180509388446808,0,0,3,3,3,2,3,2,1,1,1,1
7,15,11,0.20110578835010529,0,0,3,3,3,2,3,2,1,1,1,1
7,15,12,0.14231884479522705,0,0,3,3,3,2,3,2,1,1,1,1
7,15,14,0.031431302428245544,0,0,3,3,3,3,3,3,1,1,1,1
7,15,18,0.008519305847585201,0,0,3,3,3,3,3,3,1,1,1,1
7,15,19,0.00840417668223381,0,0,3,3,3,4,3,4,1,1,1,1
7,15,21,0.0111527806147933,0,0,3,3,3,4,3,4,1,1,1,1
7,15,22,0.006512909196317196,0,0,3,3,3,4,3,4,1,1,1,1
7,15,23,0.01590455323457718,0,0,3,3,3,4,3,4,1,1,1,1
7,15,24,0.00879713799804449,0,0,3,3,3,4,3,4,1,1,1,1
7,15,26,0.051550887525081635,0,0,3,3,3,5,3,5,1,1,1,1
7,15,32,0.05311281606554985,0,0,3,4,3,2,3,2,1,1,1,1
7,15,34,0.012793156318366528,0,0,3,4,3,4,3,4,1,1,1,1
7,15,35,0.04293800890445709,0,0,3,4,3,5,3,5,1,1,1,1
7,15,38,0.013270971365272999,0,0,3,5,3,3,3,3,1,2,1,2
7,15,45,0.0015373571077361703,0,1,3,6,3,5,3,5,1,1,1,5
7,15,46,0.07608728110790253,0,2,3,7,3,0,3,0,1,0,1,4
7,16,0,0.007896590046584606,0,0,3,1,3,0,3,0,1,2,1,4
7,16,2,0.010986044071614742,0,0,3,3,3,1,3,1,1,1,1,1
7,16,4,0.02010616660118103,0,0,3,3,3,1,3,1,1,1,1,1
7,16,5,0.02364363893866539,0,0,3,3,3,1,3,1,1,1,1,1
7,16,6,0.0272078737616539,0,0,3,3,3,1,3,1,1,1,1,1
7,16,8,0.0927627757191658,0,0,3,3,3,2,3,2,1,1,1,1
7,16,9,0.05169636756181717,0,0,3,3,3,2,3,2,1,1,1,1
7,16,10,0.04958949610590935,0,0,3,3,3,2,3,2,1,1,1,1
7,16,11,0.1767481118440628,0,0,3,3,3,2,3,2,1,1,1,1
7,16,12,0.10043664276599884,0,0,3,3,3,2,3,2,1,1,1,1
7,16,14,0.03081989847123623,0,0,3,3,3,3,3,3,1,1,1,1
7,16,18,0.009357030503451824,0,0,3,3,3,3,3,3,1,1,1,1
7,16,19,0.025828592479228973,0,0,3,3,3,4,3,4,1,1,1,1
7,16,21,0.03955117240548134,0,0,3,3,3,4,3,4,1,1,1,1
7,16,22,0.028800373896956444,0,0,3,3,3,4,3,4,1,1,1,1
7,16,23,0.03324292600154877,0,0,3,3,3,4,3,4,1,1,1,1
7,16,24,0.021412882953882217,0,0,3,3,3,4,3,4,1,1,1,1
7,16,26,0.06144963204860687,0,0,3,3,3,5,3,5,1,1,1,1
7,16,32,0.0600849911570549,0,0,3,4,3,2,3,2,1,1,1,1
7,16,34,0.030607525259256363,0,0,3,4,3,4,3,4,1,1,1,1
7,16,35,0.039248887449502945,0,0,3,4,3,5,3,5,1,1,1,1
7,16,38,0.006750832311809063,0,0,3,5,3,3,3,3,1,2,1,2
7,16,45,0.00470466073602438,0,1,3,6,3,5,3,5,1,1,1,5
7,16,46,0.04706672206521034,0,2,3,7,3,0,3,0,1,0,1,4
7,17,0,0.004446692299097776,0,0,3,1,3,0,3,0,1,2,1,4
7,17,2,0.01746373623609543,0,0,3,3,3,1,3,1,1,1,1,1
7,17,4,0.01787344552576542,0,0,3,3,3,1,3,1,1,1,1,1
7,17,5,0.027456415817141533,0,0,3,3,3,1,3,1,1,1,1,1
7,17,6,0.022613177075982094,0,0,3,3,3,1,3,1,1,1,1,1
7,17,8,0.02651512250304222,0,0,3,3,3,2,3,2,1,1,1,1
7,17,9,0.03203712776303291,0,0,3,3,3,2,3,2,1,1,1,1
7,17,10,0.011309664696455002,0,0,3,3,3,2,3,2,1,1,1,1
7,17,11,0.10051137208938599,0,0,3,3,3,2,3,2,1,1,1,1
7,17,12,0.07684168964624405,0,0,3,3,3,2,3,2,1,1,1,1
7,17,14,0.015101129189133644,0,0,3,3,3,3,3,3,1,1,1,1
7,17,18,0.004490738268941641,0,0,3,3,3,3,3,3,1,1,1,1
7,17,19,0.03769446164369583,0,0,3,3,3,4,3,4,1,1,1,1
7,17,21,0.05135606974363327,0,0,3,3,3,4,3,4,1,1,1,1
7,17,22,0.04733705893158913,0,0,3,3,3,4,3,4,1,1,1,1
7,17,23,0.09017196297645569,0,0,3,3,3,4,3,4,1,1,1,1
7,17,24,0.04541700705885887,0,0,3,3,3,4,3,4,1,1,1,1
7,17,26,0.07336965203285217,0,0,3,3,3,5,3,5,1,1,1,1
7,17,32,0.03660081326961517,0,0,3,4,3,2,3,2,1,1,1,1
7,17,34,0.12510377168655396,0,0,3,4,3,4,3,4,1,1,1,1
7,17,35,0.0347747802734375,0,0,3,4,3,5,3,5,1,1,1,1
7,17,38,0.0029602856375277042,0,0,3,5,3,3,3,3,1,2,1,2
7,17,45,0.003925272263586521,0,1,3,6,3,5,3,5,1,1,1,5
7,17,46,0.09462857991456985,0,2,3,7,3,0,3,0,1,0,1,4
7,20,0,7.740813998680096e-06,0,0,3,1,4,0,4,0,1,2,1,4
7,20,2,5.914027951803291e-07,0,0,3,3,4,1,4,1,1,1,1,1
7,20,4,2.4747114366618916e-06,0,0,3,3,4,1,4,1,1,1,1,1
7,20,5,4.139860720897559e-06,0,0,3,3,4,1,4,1,1,1,1,1
7,20,6,1.982844332815148e-05,0,0,3,3,4,1,4,1,1,1,1,1
7,20,8,0.16613765060901642,0,0,3,3,4,2,4,2,1,1,1,1
7,20,9,0.015023666433990002,0,0,3,3,4,2,4,2,1,1,1,1
7,20,10,0.7970898151397705,0,0,3,3,4,2,4,2,1,1,1,1
7,20,11,0.005221312399953604,0,0,3,3,4,2,4,2,1,1,1,1
7,20,12,0.002262290334329009,0,0,3,3,4,2,4,2,1,1,1,1
7,20,14,0.0008331416174769402,0,0,3,3,4,3,4,3,1,1,1,1
7,20,18,0.00029627131880261004,0,0,3,3,4,3,4,3,1,1,1,1
7,20,19,1.3442000636132434e-05,0,0,3,3,4,4,4,4,1,1,1,1
7,20,21,6.2392427935265e-05,0,0,3,3,4,4,4,4,1,1,1,1
7,20,22,0.0005409826408140361,0,0,3,3,4,4,4,4,1,1,1,1
7,20,23,1.1131954124721233e-05,0,0,3,3,4,4,4,4,1,1,1,1
7,20,24,5.1748093028436415e-06,0,0,3,3,4,4,4,4,1,1,1,1
7,20,26,3.6552632082020864e-05,0,0,3,3,4,5,4,5,1,1,1,1
7,20,32,0.012405439279973507,0,0,3,4,4,2,4,2,1,1,1,1
7,20,34,2.941633283626288e-07,0,0,3,4,4,4,4,4,1,1,1,1
7,20,35,2.1004152586101554e-06,0,0,3,4,4,5,4,5,1,1,1,1
7,20,38,1.5725305274827406e-05,0,0,3,5,4,3,4,3,1,2,1,2
7,20,45,6.803110409236979e-06,0,1,3,6,4,5,4,5,1,1,1,5
7,20,46,1.012563757285534e-06,0,2,3,7,4,0,4,0,1,0,1,4
7,25,0,0.004098221193999052,0,0,3,1,5,0,5,0,1,2,1,4
7,25,2,0.0006051431410014629,0,0,3,3,5,1,5,1,1,1,1,1
7,25,4,0.0018880744464695454,0,0,3,3,5,1,5,1,1,1,1,1
7,25,5,0.003054758533835411,0,0,3,3,5,1,5,1,1,1,1,1
7,25,6,0.006771571934223175,0,0,3,3,5,1,5,1,1,1,1,1
7,25,8,0.41484108567237854,0,0,3,3,5,2,5,2,1,1,1,1
7,25,9,0.06179759278893471,0,0,3,3,5,2,5,2,1,1,1,1
7,25,10,0.2763623893260956,0,0,3,3,5,2,5,2,1,1,1,1
7,25,11,0.04268593341112137,0,0,3,3,5,2,5,2,1,1,1,1
7,25,12,0.013234585523605347,0,0,3,3,5,2,5,2,1,1,1,1
7,25,14,0.055060457438230515,0,0,3,3,5,3,5,3,1,1,1,1
7,25,18,0.022133542224764824,0,0,3,3,5,3,5,3,1,1,1,1
7,25,19,0.001862752134911716,0,0,3,3,5,4,5,4,1,1,1,1
7,25,21,0.009263500571250916,0,0,3,3,5,4,5,4,1,1,1,1
7,25,22,0.005889478139579296,0,0,3,3,5,4,5,4,1,1,1,1
7,25,23,0.002957809017971158,0,0,3,3,5,4,5,4,1,1,1,1
7,25,24,0.003229312365874648,0,0,3,3,5,4,5,4,1,1,1,1
7,25,26,0.008645535446703434,0,0,3,3,5,5,5,5,1,1,1,1
7,25,32,0.04305913671851158,0,0,3,4,5,2,5,2,1,1,1,1
7,25,34,0.0007120016380213201,0,0,3,4,5,4,5,4,1,1,1,1
7,25,35,0.011294852010905743,0,0,3,4,5,5,5,5,1,1,1,1
7,25,38,0.0045153116807341576,0,0,3,5,5,3,5,3,1,2,1,2
7,25,45,0.0005883692065253854,0,1,3,6,5,5,5,5,1,1,1,5
7,25,46,0.00544864172115922,0,2,3,7,5,0,5,0,1,0,1,4
7,27,0,0.04718008637428284,0,0,3,1,5,0,5,0,1,2,1,4
7,27,2,0.014761858619749546,0,0,3,3,5,1,5,1,1,1,1,1
7,27,4,0.011259718798100948,0,0,3,3,5,1,5,1,1,1,1,1
7,27,5,0.025844112038612366,0,0,3,3,5,1,5,1,1,1,1,1
7,27,6,0.04464910179376602,0,0,3,3,5,1,5,1,1,1,1,1
7,27,8,0.05840170383453369,0,0,3,3,5,2,5,2,1,1,1,1
7,27,9,0.021581392735242844,0,0,3,3,5,2,5,2,1,1,1,1
7,27,10,0.08462998270988464,0,0,3,3,5,2,5,2,1,1,1,1
7,27,11,0.01851656287908554,0,0,3,3,5,2,5,2,1,1,1,1
7,27,12,0.025312870740890503,0,0,3,3,5,2,5,2,1,1,1,1
7,27,14,0.04414817690849304,0,0,3,3,5,3,5,3,1,1,1,1
7,27,18,0.05754461884498596,0,0,3,3,5,3,5,3,1,1,1,1
7,27,19,0.06458853930234909,0,0,3,3,5,4,5,4,1,1,1,1
7,27,21,0.06526045501232147,0,0,3,3,5,4,5,4,1,1,1,1
7,27,22,0.026767592877149582,0,0,3,3,5,4,5,4,1,1,1,1
7,27,23,0.06474676728248596,0,0,3,3,5,4,5,4,1,1,1,1
7,27,24,0.06205645203590393,0,0,3,3,5,4,5,4,1,1,1,1
7,27,26,0.03721947595477104,0,0,3,3,5,5,5,5,1,1,1,1
7,27,32,0.0080405930057168,0,0,3,4,5,2,5,2,1,1,1,1
7,27,34,0.017249274998903275,0,0,3,4,5,4,5,4,1,1,1,1
7,27,35,0.023635830730199814,0,0,3,4,5,5,5,5,1,1,1,1
7,27,38,0.05497075989842415,0,0,3,5,5,3,5,3,1,2,1,2
7,27,45,0.009287789463996887,0,1,3,6,5,5,5,5,1,1,1,5
7,27,46,0.11234645545482635,0,2,3,7,5,0,5,0,1,0,1,4
7,28,0,0.020476216450333595,0,0,3,1,5,0,5,0,1,2,1,4
7,28,2,0.009167823940515518,0,0,3,3,5,1,5,1,1,1,1,1
7,28,4,0.006332993507385254,0,0,3,3,5,1,5,1,1,1,1,1
7,28,5,0.016187993809580803,0,0,3,3,5,1,5,1,1,1,1,1
7,28,6,0.03826313093304634,0,0,3,3,5,1,5,1,1,1,1,1
7,28,8,0.07276181876659393,0,0,3,3,5,2,5,2,1,1,1,1
7,28,9,0.021811380982398987,0,0,3,3,5,2,5,2,1,1,1,1
7,28,10,0.04304806888103485,0,0,3,3,5,2,5,2,1,1,1,1
7,28,11,0.014180961064994335,0,0,3,3,5,2,5,2,1,1,1,1
7,28,12,0.010933288373053074,0,0,3,3,5,2,5,2,1,1,1,1
7,28,14,0.050714075565338135,0,0,3,3,5,3,5,3,1,1,1,1
7,28,18,0.02491919882595539,0,0,3,3,5,3,5,3,1,1,1,1
7,28,19,0.024182070046663284,0,0,3,3,5,4,5,4,1,1,1,1
7,28,21,0.059121839702129364,0,0,3,3,5,4,5,4,1,1,1,1
7,28,22,0.027001651003956795,0,0,3,3,5,4,5,4,1,1,1,1
7,28,23,0.0698767676949501,0,0,3,3,5,4,5,4,1,1,1,1
7,28,24,0.07752157747745514,0,0,3,3,5,4,5,4,1,1,1,1
7,28,26,0.047905854880809784,0,0,3,3,5,5,5,5,1,1,1,1
7,28,32,0.005519142374396324,0,0,3,4,5,2,5,2,1,1,1,1
7,28,34,0.012240936979651451,0,0,3,4,5,4,5,4,1,1,1,1
7,28,35,0.0074080778285861015,0,0,3,4,5,5,5,5,1,1,1,1
7,28,38,0.019120020791888237,0,0,3,5,5,3,5,3,1,2,1,2
7,28,45,0.005816967226564884,0,1,3,6,5,5,5,5,1,1,1,5
7,28,46,0.3154881000518799,0,2,3,7,5,0,5,0,1,0,1,4
7,29,0,0.06701454520225525,0,0,3,1,5,0,5,0,1,2,1,4
7,29,2,0.01184594351798296,0,0,3,3,5,1,5,1,1,1,1,1
7,29,4,0.012373091652989388,0,0,3,3,5,1,5,1,1,1,1,1
7,29,5,0.02168390154838562,0,0,3,3,5,1,5,1,1,1,1,1
7,29,6,0.0473424531519413,0,0,3,3,5,1,5,1,1,1,1,1
7,29,8,0.11382728815078735,0,0,3,3,5,2,5,2,1,1,1,1
7,29,9,0.07321494072675705,0,0,3,3,5,2,5,2,1,1,1,1
7,29,10,0.14786209166049957,0,0,3,3,5,2,5,2,1,1,1,1
7,29,11,0.02493598498404026,0,0,3,3,5,2,5,2,1,1,1,1
7,29,12,0.027696216478943825,0,0,3,3,5,2,5,2,1,1,1,1
7,29,14,0.07612772285938263,0,0,3,3,5,3,5,3,1,1,1,1
7,29,18,0.06631864607334137,0,0,3,3,5,3,5,3,1,1,1,1
7,29,19,0.011315655894577503,0,0,3,3,5,4,5,4,1,1,1,1
7,29,21,0.013358693569898605,0,0,3,3,5,4,5,4,1,1,1,1
7,29,22,0.0066401041112840176,0,0,3,3,5,4,5,4,1,1,1,1
7,29,23,0.023079805076122284,0,0,3,3,5,4,5,4,1,1,1,1
7,29,24,0.020169202238321304,0,0,3,3,5,4,5,4,1,1,1,1
7,29,26,0.02284044399857521,0,0,3,3,5,5,5,5,1,1,1,1
7,29,32,0.016124090179800987,0,0,3,4,5,2,5,2,1,1,1,1
7,29,34,0.008503557182848454,0,0,3,4,5,4,5,4,1,1,1,1
7,29,35,0.0428437776863575,0,0,3,4,5,5,5,5,1,1,1,1
7,29,38,0.05231234431266785,0,0,3,5,5,3,5,3,1,2,1,2
7,29,45,0.0047071948647499084,0,1,3,6,5,5,5,5,1,1,1,5
7,29,46,0.08786220848560333,0,2,3,7,5,0,5,0,1,0,1,4
7,30,0,0.16726073622703552,0,0,3,1,5,0,5,0,1,2,1,4
7,30,2,0.018043532967567444,0,0,3,3,5,1,5,1,1,1,1,1
7,30,4,0.01722126081585884,0,0,3,3,5,1,5,1,1,1,1,1
7,30,5,0.06770024448633194,0,0,3,3,5,1,5,1,1,1,1,1
7,30,6,0.09227380901575089,0,0,3,3,5,1,5,1,1,1,1,1
7,30,8,0.06900753080844879,0,0,3,3,5,2,5,2,1,1,1,1
7,30,9,0.008497328497469425,0,0,3,3,5,2,5,2,1,1,1,1
7,30,10,0.05990131199359894,0,0,3,3,5,2,5,2,1,1,1,1
7,30,11,0.011543708853423595,0,0,3,3,5,2,5,2,1,1,1,1
7,30,12,0.011237883940339088,0,0,3,3,5,2,5,2,1,1,1,1
7,30,14,0.023772107437253,0,0,3,3,5,3,5,3,1,1,1,1
7,30,18,0.013229232281446457,0,0,3,3,5,3,5,3,1,1,1,1
7,30,19,0.01697215437889099,0,0,3,3,5,4,5,4,1,1,1,1
7,30,21,0.02570251189172268,0,0,3,3,5,4,5,4,1,1,1,1
7,30,22,0.011668186634778976,0,0,3,3,5,4,5,4,1,1,1,1
7,30,23,0.010646183043718338,0,0,3,3,5,4,5,4,1,1,1,1
7,30,24,0.014575149863958359,0,0,3,3,5,4,5,4,1,1,1,1
7,30,26,0.03973955288529396,0,0,3,3,5,5,5,5,1,1,1,1
7,30,32,0.0032097541261464357,0,0,3,4,5,2,5,2,1,1,1,1
7,30,34,0.0016513074515387416,0,0,3,4,5,4,5,4,1,1,1,1
7,30,35,0.009443793445825577,0,0,3,4,5,5,5,5,1,1,1,1
7,30,38,0.06937102228403091,0,0,3,5,5,3,5,3,1,2,1,2
7,30,45,0.017885787412524223,0,1,3,6,5,5,5,5,1,1,1,5
7,30,46,0.21944554150104523,0,2,3,7,5,0,5,0,1,0,1,4
7,31,0,0.10672114789485931,0,0,4,1,1,0,1,0,1,2,1,4
7,31,2,0.010035338811576366,0,0,4,3,1,1,1,1,1,1,1,1
7,31,4,0.007068065460771322,0,0,4,3,1,1,1,1,1,1,1,1
7,31,5,0.024655640125274658,0,0,4,3,1,1,1,1,1,1,1,1
7,31,6,0.06729121506214142,0,0,4,3,1,1,1,1,1,1,1,1
7,31,8,0.06643818318843842,0,0,4,3,1,2,1,2,1,1,1,1
7,31,9,0.012814569287002087,0,0,4,3,1,2,1,2,1,1,1,1
7,31,10,0.057229526340961456,0,0,4,3,1,2,1,2,1,1,1,1
7,31,11,0.01096170675009489,0,0,4,3,1,2,1,2,1,1,1,1
7,31,12,0.00709356227889657,0,0,4,3,1,2,1,2,1,1,1,1
7,31,14,0.026802849024534225,0,0,4,3,1,3,1,3,1,1,1,1
7,31,18,0.020456165075302124,0,0,4,3,1,3,1,3,1,1,1,1
7,31,19,0.019231950864195824,0,0,4,3,1,4,1,4,1,1,1,1
7,31,21,0.03980999439954758,0,0,4,3,1,4,1,4,1,1,1,1
7,31,22,0.011590239591896534,0,0,4,3,1,4,1,4,1,1,1,1
7,31,23,0.013968459330499172,0,0,4,3,1,4,1,4,1,1,1,1
7,31,24,0.025551436468958855,0,0,4,3,1,4,1,4,1,1,1,1
7,31,26,0.0467793233692646,0,0,4,3,1,5,1,5,1,1,1,1
7,31,32,0.00203607021830976,0,0,4,4,1,2,1,2,1,1,1,1
7,31,34,0.0034858700819313526,0,0,4,4,1,4,1,4,1,1,1,1
7,31,35,0.01002022996544838,0,0,4,4,1,5,1,5,1,1,1,1
7,31,38,0.039051271975040436,0,0,4,5,1,3,1,3,1,2,1,2
7,31,45,0.008640668354928493,0,1,4,6,1,5,1,5,1,1,1,5
7,31,46,0.362266480922699,0,2,4,7,1,0,1,0,1,0,1,4
7,33,0,0.1599782556295395,0,0,4,1,3,0,3,0,1,2,1,4
7,33,2,0.02424188330769539,0,0,4,3,3,1,3,1,1,1,1,1
7,33,4,0.0262453593313694,0,0,4,3,3,1,3,1,1,1,1,1
7,33,5,0.03830349072813988,0,0,4,3,3,1,3,1,1,1,1,1
7,33,6,0.03089115582406521,0,0,4,3,3,1,3,1,1,1,1,1
7,33,8,0.00266979425214231,0,0,4,3,3,2,3,2,1,1,1,1
7,33,9,0.0032299065496772528,0,0,4,3,3,2,3,2,1,1,1,1
7,33,10,0.00139767793007195,0,0,4,3,3,2,3,2,1,1,1,1
7,33,11,0.005640512332320213,0,0,4,3,3,2,3,2,1,1,1,1
7,33,12,0.013486988842487335,0,0,4,3,3,2,3,2,1,1,1,1
7,33,14,0.0038367172237485647,0,0,4,3,3,3,3,3,1,1,1,1
7,33,18,0.0015835125232115388,0,0,4,3,3,3,3,3,1,1,1,1
7,33,19,0.0026308344677090645,0,0,4,3,3,4,3,4,1,1,1,1
7,33,21,0.001117334351874888,0,0,4,3,3,4,3,4,1,1,1,1
7,33,22,0.0005050339386798441,0,0,4,3,3,4,3,4,1,1,1,1
7,33,23,0.0017288088565692306,0,0,4,3,3,4,3,4,1,1,1,1
7,33,24,0.002265900606289506,0,0,4,3,3,4,3,4,1,1,1,1
7,33,26,0.019350150600075722,0,0,4,3,3,5,3,5,1,1,1,1
7,33,32,0.0013890134869143367,0,0,4,4,3,2,3,2,1,1,1,1
7,33,34,0.00558730773627758,0,0,4,4,3,4,3,4,1,1,1,1
7,33,35,0.1493532657623291,0,0,4,4,3,5,3,5,1,1,1,1
7,33,38,0.1487644463777542,0,0,4,5,3,3,3,3,1,2,1,2
7,33,45,0.007186499424278736,0,1,4,6,3,5,3,5,1,1,1,5
7,33,46,0.34861627221107483,0,2,4,7,3,0,3,0,1,0,1,4
7,36,0,3.53546638507396e-05,0,0,5,1,1,0,1,0,2,2,2,4
7,36,2,0.00045979497372172773,0,0,5,3,1,1,1,1,2,1,2,1
7,36,4,0.00012797984527423978,0,0,5,3,1,1,1,1,2,1,2,1
7,36,5,0.0008153587114065886,0,0,5,3,1,1,1,1,2,1,2,1
7,36,6,0.000364391366019845,0,0,5,3,1,1,1,1,2,1,2,1
7,36,8,4.0244001866085455e-05,0,0,5,3,1,2,1,2,2,1,2,1
7,36,9,3.133354539386346e-06,0,0,5,3,1,2,1,2,2,1,2,1
7,36,10,1.2313478691794444e-05,0,0,5,3,1,2,1,2,2,1,2,1
7,36,11,2.5191066015395336e-05,0,0,5,3,1,2,1,2,2,1,2,1
7,36,12,1.2579885151353665e-06,0,0,5,3,1,2,1,2,2,1,2,1
7,36,14,5.4301865020534024e-05,0,0,5,3,1,3,1,3,2,1,2,1
7,36,18,6.63747705402784e-05,0,0,5,3,1,3,1,3,2,1,2,1
7,36,19,0.048275116831064224,0,0,5,3,1,4,1,4,2,1,2,1
7,36,21,0.8319823145866394,0,0,5,3,1,4,1,4,2,1,2,1
7,36,22,0.06739555299282074,0,0,5,3,1,4,1,4,2,1,2,1
7,36,23,0.01336777862161398,0,0,5,3,1,4,1,4,2,1,2,1
7,36,24,0.03371791914105415,0,0,5,3,1,4,1,4,2,1,2,1
7,36,26,0.0012862907024100423,0,0,5,3,1,5,1,5,2,1,2,1
7,36,32,2.375742496951716e-06,0,0,5,4,1,2,1,2,2,1,2,1
7,36,34,0.0007383302436210215,0,0,5,4,1,4,1,4,2,1,2,1
7,36,35,1.4758886663912563e-06,0,0,5,4,1,5,1,5,2,1,2,1
7,36,38,1.1978028169323807e-06,0,0,5,5,1,3,1,3,2,2,2,2
7,36,45,0.0004209046601317823,0,1,5,6,1,5,1,5,2,1,2,5
7,36,46,0.0008048416348174214,0,2,5,7,1,0,1,0,2,0,2,4
7,37,0,5.6438202591380104e-05,0,0,5,1,2,0,2,0,2,2,2,4
7,37,2,0.0008865725831128657,0,0,5,3,2,1,2,1,2,1,2,1
7,37,4,0.00020944072457496077,0,0,5,3,2,1,2,1,2,1,2,1
7,37,5,0.000520986330229789,0,0,5,3,2,1,2,1,2,1,2,1
7,37,6,0.00016949832206591964,0,0,5,3,2,1,2,1,2,1,2,1
7,37,8,7.575462859676918e-06,0,0,5,3,2,2,2,2,2,1,2,1
7,37,9,1.0816143003467005e-05,0,0,5,3,2,2,2,2,2,1,2,1
7,37,10,2.3538391360489186e-06,0,0,5,3,2,2,2,2,2,1,2,1
7,37,11,1.9587698261602782e-05,0,0,5,3,2,2,2,2,2,1,2,1
7,37,12,6.853262675576843e-06,0,0,5,3,2,2,2,2,2,1,2,1
7,37,14,4.756707130582072e-05,0,0,5,3,2,3,2,3,2,1,2,1
7,37,18,6.835751992184669e-05,0,0,5,3,2,3,2,3,2,1,2,1
7,37,19,0.04585183784365654,0,0,5,3,2,4,2,4,2,1,2,1
7,37,21,0.09821531921625137,0,0,5,3,2,4,2,4,2,1,2,1
7,37,22,0.024245670065283775,0,0,5,3,2,4,2,4,2,1,2,1
7,37,23,0.05159704387187958,0,0,5,3,2,4,2,4,2,1,2,1
7,37,24,0.17090167105197906,0,0,5,3,2,4,2,4,2,1,2,1
7,37,26,0.002255865139886737,0,0,5,3,2,5,2,5,2,1,2,1
7,37,32,2.2110663849161938e-05,0,0,5,4,2,2,2,2,2,1,2,1
7,37,34,0.5935311913490295,0,0,5,4,2,4,2,4,2,1,2,1
7,37,35,0.0029436256736516953,0,0,5,4,2,5,2,5,2,1,2,1
7,37,38,5.0989083320018835e-06,0,0,5,5,2,3,2,3,2,2,2,2
7,37,45,0.0033860928378999233,0,1,5,6,2,5,2,5,2,1,2,5
7,37,46,0.00503836665302515,0,2,5,7,2,0,2,0,2,0,2,4
7,39,0,0.00011565471504582092,0,0,5,1,4,0,4,0,2,2,2,4
7,39,2,0.00011913774505956098,0,0,5,3,4,1,4,1,2,1,2,1
7,39,4,6.0119964473415166e-05,0,0,5,3,4,1,4,1,2,1,2,1
7,39,5,0.0005373898893594742,0,0,5,3,4,1,4,1,2,1,2,1
7,39,6,9.584491635905579e-05,0,0,5,3,4,1,4,1,2,1,2,1
7,39,8,0.008264237083494663,0,0,5,3,4,2,4,2,2,1,2,1
7,39,9,0.011661102995276451,0,0,5,3,4,2,4,2,2,1,2,1
7,39,10,0.010562274605035782,0,0,5,3,4,2,4,2,2,1,2,1
7,39,11,0.001093909377232194,0,0,5,3,4,2,4,2,2,1,2,1
7,39,12,0.00027212745044380426,0,0,5,3,4,2,4,2,2,1,2,1
7,39,14,0.0013078355696052313,0,0,5,3,4,3,4,3,2,1,2,1
7,39,18,0.0008245533099398017,0,0,5,3,4,3,4,3,2,1,2,1
7,39,19,0.006866942159831524,0,0,5,3,4,4,4,4,2,1,2,1
7,39,21,0.02598457969725132,0,0,5,3,4,4,4,4,2,1,2,1
7,39,22,0.8985368609428406,0,0,5,3,4,4,4,4,2,1,2,1
7,39,23,0.00541538093239069,0,0,5,3,4,4,4,4,2,1,2,1
7,39,24,0.008970971219241619,0,0,5,3,4,4,4,4,2,1,2,1
7,39,26,0.0010146505665034056,0,0,5,3,4,5,4,5,2,1,2,1
7,39,32,0.013867761939764023,0,0,5,4,4,2,4,2,2,1,2,1
7,39,34,0.0019843517802655697,0,0,5,4,4,4,4,4,2,1,2,1
7,39,35,9.008911001728848e-05,0,0,5,4,4,5,4,5,2,1,2,1
7,39,38,5.509104539669352e-06,0,0,5,5,4,3,4,3,2,2,2,2
7,39,45,0.0023369966074824333,0,1,5,6,4,5,4,5,2,1,2,5
7,39,46,1.270534448849503e-05,0,2,5,7,4,0,4,0,2,0,2,4
7,40,0,0.0029010518919676542,0,0,5,1,5,0,5,0,2,2,2,4
7,40,2,0.012013769708573818,0,0,5,3,5,1,5,1,2,1,2,1
7,40,4,0.00105481396894902,0,0,5,3,5,1,5,1,2,1,2,1
7,40,5,0.010272123850882053,0,0,5,3,5,1,5,1,2,1,2,1
7,40,6,0.0011922261910513043,0,0,5,3,5,1,5,1,2,1,2,1
7,40,8,7.631897460669279e-06,0,0,5,3,5,2,5,2,2,1,2,1
7,40,9,8.293151950056199e-06,0,0,5,3,5,2,5,2,2,1,2,1
7,40,10,4.606953552865889e-06,0,0,5,3,5,2,5,2,2,1,2,1
7,40,11,8.196850103558972e-06,0,0,5,3,5,2,5,2,2,1,2,1
7,40,12,5.63663297725725e-06,0,0,5,3,5,2,5,2,2,1,2,1
7,40,14,0.0001373842969769612,0,0,5,3,5,3,5,3,2,1,2,1
7,40,18,0.000377795600797981,0,0,5,3,5,3,5,3,2,1,2,1
7,40,19,0.14126329123973846,0,0,5,3,5,4,5,4,2,1,2,1
7,40,21,0.26989153027534485,0,0,5,3,5,4,5,4,2,1,2,1
7,40,22,0.14391425251960754,0,0,5,3,5,4,5,4,2,1,2,1
7,40,23,0.04839038848876953,0,0,5,3,5,4,5,4,2,1,2,1
7,40,24,0.21552316844463348,0,0,5,3,5,4,5,4,2,1,2,1
7,40,26,0.003469291143119335,0,0,5,3,5,5,5,5,2,1,2,1
7,40,32,1.298854112974368e-05,0,0,5,4,5,2,5,2,2,1,2,1
7,40,34,0.08785980939865112,0,0,5,4,5,4,5,4,2,1,2,1
7,40,35,0.0007557238568551838,0,0,5,4,5,5,5,5,2,1,2,1
7,40,38,0.0001329340593656525,0,0,5,5,5,3,5,3,2,2,2,2
7,40,45,0.05310172587633133,0,1,5,6,5,5,5,5,2,1,2,5
7,40,46,0.0077016642317175865,0,2,5,7,5,0,5,0,2,0,2,4
7,41,0,0.005106806755065918,1,0,6,1,1,0,1,0,1,2,5,4
7,41,2,0.006071333307772875,1,0,6,3,1,1,1,1,1,1,5,1
7,41,4,0.006193371489644051,1,0,6,3,1,1,1,1,1,1,5,1
7,41,5,0.006730775814503431,1,0,6,3,1,1,1,1,1,1,5,1
7,41,6,0.00742290960624814,1,0,6,3,1,1,1,1,1,1,5,1
7,41,8,0.09377957880496979,1,0,6,3,1,2,1,2,1,1,5,1
7,41,9,0.1789119839668274,1,0,6,3,1,2,1,2,1,1,5,1
7,41,10,0.32818180322647095,1,0,6,3,1,2,1,2,1,1,5,1
7,41,11,0.04276670515537262,1,0,6,3,1,2,1,2,1,1,5,1
7,41,12,0.029682109132409096,1,0,6,3,1,2,1,2,1,1,5,1
7,41,14,0.0394916832447052,1,0,6,3,1,3,1,3,1,1,5,1
7,41,18,0.051773425191640854,1,0,6,3,1,3,1,3,1,1,5,1
7,41,19,0.012286570854485035,1,0,6,3,1,4,1,4,1,1,5,1
7,41,21,0.027147721499204636,1,0,6,3,1,4,1,4,1,1,5,1
7,41,22,0.041829533874988556,1,0,6,3,1,4,1,4,1,1,5,1
7,41,23,0.016317781060934067,1,0,6,3,1,4,1,4,1,1,5,1
7,41,24,0.008552629500627518,1,0,6,3,1,4,1,4,1,1,5,1
7,41,26,0.005247372668236494,1,0,6,3,1,5,1,5,1,1,5,1
7,41,32,0.07664655894041061,1,0,6,4,1,2,1,2,1,1,5,1
7,41,34,0.0029433490708470345,1,0,6,4,1,4,1,4,1,1,5,1
7,41,35,0.0026139540132135153,1,0,6,4,1,5,1,5,1,1,5,1
7,41,38,0.0060287779197096825,1,0,6,5,1,3,1,3,1,2,5,2
7,41,45,0.002639360725879669,1,1,6,6,1,5,1,5,1,1,5,5
7,41,46,0.0016339190769940615,1,2,6,7,1,0,1,0,1,0,5,4
7,42,0,0.00245574745349586,1,0,6,1,2,0,2,0,1,2,5,4
7,42,2,0.004590450320392847,1,0,6,3,2,1,2,1,1,1,5,1
7,42,4,0.0030245892703533173,1,0,6,3,2,1,2,1,1,1,5,1
7,42,5,0.0010001182090491056,1,0,6,3,2,1,2,1,1,1,5,1
7,42,6,0.002353407209739089,1,0,6,3,2,1,2,1,1,1,5,1
7,42,8,0.0007703246083110571,1,0,6,3,2,2,2,2,1,1,5,1
7,42,9,0.002982823411002755,1,0,6,3,2,2,2,2,1,1,5,1
7,42,10,0.0016354216495528817,1,0,6,3,2,2,2,2,1,1,5,1
7,42,11,0.0022702969145029783,1,0,6,3,2,2,2,2,1,1,5,1
7,42,12,0.004960733000189066,1,0,6,3,2,2,2,2,1,1,5,1
7,42,14,0.003922059200704098,1,0,6,3,2,3,2,3,1,1,5,1
7,42,18,0.005252335220575333,1,0,6,3,2,3,2,3,1,1,5,1
7,42,19,0.01473033893853426,1,0,6,3,2,4,2,4,1,1,5,1
7,42,21,0.011094705201685429,1,0,6,3,2,4,2,4,1,1,5,1
7,42,22,0.002760960953310132,1,0,6,3,2,4,2,4,1,1,5,1
7,42,23,0.02792351320385933,1,0,6,3,2,4,2,4,1,1,5,1
7,42,24,0.0411621555685997,1,0,6,3,2,4,2,4,1,1,5,1
7,42,26,0.006715217139571905,1,0,6,3,2,5,2,5,1,1,5,1
7,42,32,0.004083993379026651,1,0,6,4,2,2,2,2,1,1,5,1
7,42,34,0.5047658085823059,1,0,6,4,2,4,2,4,1,1,5,1
7,42,35,0.269593745470047,1,0,6,4,2,5,2,5,1,1,5,1
7,42,38,0.00860125757753849,1,0,6,5,2,3,2,3,1,2,5,2
7,42,45,0.018928147852420807,1,1,6,6,2,5,2,5,1,1,5,5
7,42,46,0.054421838372945786,1,2,6,7,2,0,2,0,1,0,5,4
7,43,0,0.03708343207836151,1,0,6,1,3,0,3,0,1,2,5,4
7,43,2,0.04785667732357979,1,0,6,3,3,1,3,1,1,1,5,1
7,43,4,0.02786579355597496,1,0,6,3,3,1,3,1,1,1,5,1
7,43,5,0.025847699493169785,1,0,6,3,3,1,3,1,1,1,5,1
7,43,6,0.005961006507277489,1,0,6,3,3,1,3,1,1,1,5,1
7,43,8,0.0006766243022866547,1,0,6,3,3,2,3,2,1,1,5,1
7,43,9,0.02417403645813465,1,0,6,3,3,2,3,2,1,1,5,1
7,43,10,0.0012520941672846675,1,0,6,3,3,2,3,2,1,1,5,1
7,43,11,0.004848894663155079,1,0,6,3,3,2,3,2,1,1,5,1
7,43,12,0.018988657742738724,1,0,6,3,3,2,3,2,1,1,5,1
7,43,14,0.005796683952212334,1,0,6,3,3,3,3,3,1,1,5,1
7,43,18,0.008450486697256565,1,0,6,3,3,3,3,3,1,1,5,1
7,43,19,0.004493266809731722,1,0,6,3,3,4,3,4,1,1,5,1
7,43,21,0.001234677154570818,1,0,6,3,3,4,3,4,1,1,5,1
7,43,22,0.0035907060373574495,1,0,6,3,3,4,3,4,1,1,5,1
7,43,23,0.00603112205862999,1,0,6,3,3,4,3,4,1,1,5,1
7,43,24,0.007236468140035868,1,0,6,3,3,4,3,4,1,1,5,1
7,43,26,0.005129678640514612,1,0,6,3,3,5,3,5,1,1,5,1
7,43,32,0.015566397458314896,1,0,6,4,3,2,3,2,1,1,5,1
7,43,34,0.11696583777666092,1,0,6,4,3,4,3,4,1,1,5,1
7,43,35,0.539135754108429,1,0,6,4,3,5,3,5,1,1,5,1
7,43,38,0.06253209710121155,1,0,6,5,3,3,3,3,1,2,5,2
7,43,45,0.013190182857215405,1,1,6,6,3,5,3,5,1,1,5,5
7,43,46,0.016091739758849144,1,2,6,7,3,0,3,0,1,0,5,4
7,44,0,4.373352930997498e-05,1,0,6,1,4,0,4,0,1,2,5,4
7,44,2,1.4318605963126174e-06,1,0,6,3,4,1,4,1,1,1,5,1
7,44,4,4.7462799557251856e-06,1,0,6,3,4,1,4,1,1,1,5,1
7,44,5,5.880224762222497e-06,1,0,6,3,4,1,4,1,1,1,5,1
7,44,6,9.97684219328221e-06,1,0,6,3,4,1,4,1,1,1,5,1
7,44,8,0.07192505151033401,1,0,6,3,4,2,4,2,1,1,5,1
7,44,9,0.14211753010749817,1,0,6,3,4,2,4,2,1,1,5,1
7,44,10,0.7167680859565735,1,0,6,3,4,2,4,2,1,1,5,1
7,44,11,0.003097510663792491,1,0,6,3,4,2,4,2,1,1,5,1
7,44,12,0.0026759987231343985,1,0,6,3,4,2,4,2,1,1,5,1
7,44,14,0.0017362830694764853,1,0,6,3,4,3,4,3,1,1,5,1
7,44,18,0.0009682044037617743,1,0,6,3,4,3,4,3,1,1,5,1
7,44,19,4.454899681149982e-06,1,0,6,3,4,4,4,4,1,1,5,1
7,44,21,1.0078064406116027e-05,1,0,6,3,4,4,4,4,1,1,5,1
7,44,22,0.0003469822695478797,1,0,6,3,4,4,4,4,1,1,5,1
7,44,23,4.5423616938933264e-06,1,0,6,3,4,4,4,4,1,1,5,1
7,44,24,3.455440491961781e-06,1,0,6,3,4,4,4,4,1,1,5,1
7,44,26,1.4217396710591856e-05,1,0,6,3,4,5,4,5,1,1,5,1
7,44,32,0.060078445822000504,1,0,6,4,4,2,4,2,1,1,5,1
7,44,34,1.1606972520894487e-06,1,0,6,4,4,4,4,4,1,1,5,1
7,44,35,7.124085095711052e-05,1,0,6,4,4,5,4,5,1,1,5,1
7,44,38,9.285847772844136e-05,1,0,6,5,4,3,4,3,1,2,5,2
7,44,45,1.735607656883076e-05,1,1,6,6,4,5,4,5,1,1,5,5
7,44,46,3.9311061073021847e-07,1,2,6,7,4,0,4,0,1,0,5,4
