{
  "sim": "block_corr",
  "n": 1000,
  "p": 100,
  "n_active": 10,
  "active_idx": [
    2,
    12,
    16,
    36,
    47,
    55,
    57,
    63,
    65,
    84
  ],
  "snr": 2.5,
  "sigma2": 7.562206470255292,
  "sigma": 2.749946630437633,
  "rho": 0.8,
  "block_size": 10,
  "beta_low": 0.8,
  "beta_high": 1.8,
  "setting": "block_corr",
  "seed": 27
}