method,seed,runtime_sec,converged,n_iter,selected_ckpt_id,support_size,precision,recall,f1,auroc,auprc,fdr,tp,fp,fn,tn,train_mse,val_mse,test_mse,train_r2,val_r2,test_r2,train_nll,val_nll,test_nll,n,p,snr,n_active,sigma2,noise_x,group_size,setting
flow_stagewise,34,975.9565970897675,True,,155,9.0,0.5555555555555556,0.5,0.5263157894736842,0.7277777777777777,0.3277777777777778,0.4444444444444444,5.0,4.0,5.0,86.0,10.037714958190918,11.946672439575195,11.65233039855957,0.4269447931018975,0.30814620675672555,0.36804560383505447,2.630263566970825,2.731473684310913,2.7348639965057373,1000,100,2.5,10,4.799431793256914,0.15,10,jitter
