method,seed,runtime_sec,converged,n_iter,support_size,precision,recall,f1,auroc,auprc,fdr,tp,fp,fn,tn,train_mse,val_mse,test_mse,train_r2,val_r2,test_r2,train_nll,val_nll,test_nll,n,p,snr,n_active,sigma2,setting,selected_ckpt_id,noise_x,group_size
mf_spike_slab,91,0.016925205942243338,True,7,10.0,0.2,0.2,0.20000000000000004,0.81,0.2645710708916585,0.8,2.0,8.0,8.0,82.0,6.258494793112983,7.133621672961222,7.276199827235145,0.7062637011647981,0.6834029335301997,0.6668652312628052,2.3359420361510517,2.4050491695596894,2.416308299813206,1000,100,2.5,10,6.467147282808035,jitter,,,
mf_ard,91,0.5015904179308563,True,347,15.0,0.26666666666666666,0.4,0.32,0.8222222222222222,0.27337194337194337,0.7333333333333333,4.0,11.0,6.0,79.0,5.469326727390603,7.451475776690513,7.1419809647154615,0.7433025283024853,0.6692962593302616,0.6730103304611945,2.272693925508118,2.4314738143612726,2.40668175754628,1000,100,2.5,10,6.467147282808035,jitter,,,
mf_bayes_lasso,91,1.4605151889845729,False,1000,79.0,0.12658227848101267,1.0,0.22471910112359553,0.79,0.2498820908371725,0.8734177215189873,10.0,69.0,0.0,21.0,4.8587565223539455,7.544641867586872,7.509831907739961,0.7719590404727721,0.66516145762301,0.6561685804070608,2.209545312235565,2.47790583900177,2.4744277980728056,1000,100,2.5,10,6.467147282808035,jitter,,,
flow_stagewise,91,481.39794278144836,True,,5.0,0.2,0.1,0.13333333333333333,0.5277777777777779,0.11000000000000001,0.8,1.0,4.0,9.0,86.0,10.495147705078125,12.393996238708496,10.449082374572754,0.5074205631807209,0.4499423567424191,0.5215974740016123,2.637648582458496,2.7890028953552246,2.6359853744506836,1000,100,2.5,10,6.467147282808035,jitter,68.0,0.15,10.0
