method,seed,runtime_sec,converged,n_iter,selected_ckpt_id,support_size,precision,recall,f1,auroc,auprc,fdr,tp,fp,fn,tn,train_mse,val_mse,test_mse,train_r2,val_r2,test_r2,train_nll,val_nll,test_nll,n,p,snr,n_active,sigma2,noise_x,group_size,setting
flow_stagewise,52,2928.933967590332,True,,178,6.0,0.5,0.3,0.37499999999999994,0.6333333333333334,0.21999999999999997,0.5,3.0,3.0,7.0,87.0,10.519694328308105,11.587132453918457,11.034236907958984,0.46022029973545087,0.3938503277884754,0.41954574129413036,2.7169153690338135,2.8058197498321533,2.7482504844665527,1000,100,2.5,10,5.302517234101482,0.15,10,jitter
