{
  "n": 1000,
  "p": 100,
  "n_active": 10,
  "sigma2": 7.5420074462890625,
  "sigma": 2.7462716102600098,
  "active_idx": [
    2,
    4,
    6,
    14,
    19,
    31,
    42,
    57,
    76,
    97
  ],
  "snr": 2.5,
  "setting": "simple",
  "seed": 21
}