method,seed,runtime_sec,converged,n_iter,support_size,precision,recall,f1,auroc,auprc,fdr,tp,fp,fn,tn,train_mse,val_mse,test_mse,train_r2,val_r2,test_r2,train_nll,val_nll,test_nll,n,p,snr,n_active,sigma2,setting,selected_ckpt_id
mf_spike_slab,21,0.024388226098380983,True,10,11.0,0.9090909090909091,1.0,0.9523809523809523,0.9988888888888889,0.990909090909091,0.09090909090909091,10.0,1.0,0.0,89.0,7.248919101460874,9.050510616024173,7.147063194141736,0.7278404987945549,0.6673534439650299,0.7216262514460857,2.40953481572439,2.5305877510900916,2.402690891080181,1000,100,2.5,10,7.5420074462890625,simple,
mf_ard,21,0.022096931003034115,True,15,26.0,0.38461538461538464,1.0,0.5555555555555556,0.9966666666666667,0.9769230769230769,0.6153846153846154,10.0,16.0,0.0,74.0,6.437329051177954,9.33994077088337,7.767720805054764,0.7583115166355165,0.6567155972941341,0.697452016375659,2.3540933457975273,2.5518986949904945,2.4447560423106367,1000,100,2.5,10,7.5420074462890625,simple,
mf_bayes_lasso,21,0.02285932097584009,True,15,38.0,0.2631578947368421,1.0,0.4166666666666667,0.9966666666666667,0.976923076923077,0.7368421052631579,10.0,28.0,0.0,62.0,6.387904014054322,9.658232945338025,8.091373414820659,0.7601671717010996,0.6450169429156991,0.6848459447959871,2.3461576966779716,2.600089673115786,2.4784273737737674,1000,100,2.5,10,7.5420074462890625,simple,
flow_stagewise,21,658.7692241668701,True,,9.0,1.0,0.9,0.9473684210526316,0.95,0.91,0.0,9.0,0.0,1.0,90.0,7.632418632507324,8.90478229522705,7.221760272979736,0.7134420903283303,0.6727096374275869,0.7187168458297385,2.435175895690918,2.5195250511169434,2.4079532623291016,1000,100,2.5,10,7.5420074462890625,simple,72.0
