method,seed,runtime_sec,converged,n_iter,selected_ckpt_id,support_size,precision,recall,f1,auroc,auprc,fdr,tp,fp,fn,tn,train_mse,val_mse,test_mse,train_r2,val_r2,test_r2,train_nll,val_nll,test_nll,n,p,snr,n_active,sigma2,rho,block_size,setting
flow_stagewise,83,715.281950712204,True,,17,10.0,1.0,1.0,1.0,1.0,1.0,0.0,10.0,0.0,0.0,90.0,7.953001976013184,7.9080023765563965,7.804821014404297,0.7052214625546324,0.6916747156090592,0.6908704042200573,2.455580472946167,2.452853202819824,2.446398973464966,1000,100,2.5,10,7.944997331588693,0.8,10,block_corr
