method,seed,runtime_sec,converged,n_iter,selected_ckpt_id,support_size,precision,recall,f1,auroc,auprc,fdr,tp,fp,fn,tn,train_mse,val_mse,test_mse,train_r2,val_r2,test_r2,train_nll,val_nll,test_nll,n,p,snr,n_active,sigma2,rho,block_size,setting
flow_stagewise,78,3118.867701768875,True,,69,10.0,1.0,1.0,1.0,1.0,1.0,0.0,10.0,0.0,0.0,90.0,7.502931118011475,7.1965532302856445,8.578696250915527,0.7072201236994391,0.7364510307411841,0.6297681326567415,2.4289793968200684,2.4058964252471924,2.5007266998291016,1000,100,2.5,10,6.848592285473536,0.8,10,block_corr
