method,seed,runtime_sec,converged,n_iter,support_size,precision,recall,f1,auroc,auprc,fdr,tp,fp,fn,tn,train_mse,val_mse,test_mse,train_r2,val_r2,test_r2,train_nll,val_nll,test_nll,n,p,snr,n_active,sigma2,setting
mf_spike_slab,63,0.0801924840779975,True,35,10.0,1.0,1.0,1.0,1.0,1.0,0.0,10.0,0.0,0.0,90.0,8.154239212630094,8.685423853468661,9.146695842995912,0.7397312203718424,0.7322817259412984,0.6607857522640332,2.468250389496516,2.500396724450974,2.5283120720352774,1000,100,2.5,10,9.092046904855849,block_corr
mf_ard,63,0.09518428693991154,True,63,35.0,0.2857142857142857,1.0,0.4444444444444445,1.0,1.0,0.7142857142857143,10.0,25.0,0.0,65.0,7.3815973713214165,9.09097573427347,9.871630560270862,0.7643925706073845,0.7197810522376238,0.63390083239798,2.4223918203561703,2.5242135304617195,2.5707144170459695,1000,100,2.5,10,9.092046904855849,block_corr
mf_bayes_lasso,63,0.11346378002781421,True,74,73.0,0.136986301369863,1.0,0.24096385542168672,0.9988888888888889,0.990909090909091,0.863013698630137,10.0,63.0,0.0,27.0,7.1108557513675485,9.631807463687128,10.854473697354392,0.7730341604825993,0.7031105316507691,0.5974511240977369,2.399789632287233,2.5748231946545674,2.659714795481034,1000,100,2.5,10,9.092046904855849,block_corr
