method,seed,runtime_sec,converged,n_iter,support_size,precision,recall,f1,auroc,auprc,fdr,tp,fp,fn,tn,train_mse,val_mse,test_mse,train_r2,val_r2,test_r2,train_nll,val_nll,test_nll,n,p,snr,n_active,sigma2,setting
mf_spike_slab,58,0.01984028599690646,True,8,10.0,1.0,1.0,1.0,1.0,1.0,0.0,10.0,0.0,0.0,90.0,7.719673215023636,9.679816689570533,9.326775818255168,0.7210560527730379,0.7204754948174582,0.7170116501437851,2.4409246404000884,2.5653589251539675,2.5429471023045362,1000,100,2.5,10,8.923020362854004,simple
mf_ard,58,0.02390913898125291,True,16,36.0,0.2777777777777778,1.0,0.4347826086956522,1.0,1.0,0.7222222222222222,10.0,26.0,0.0,64.0,6.6926777963308055,11.256496659697905,10.585439875799512,0.7581656748897698,0.6749456358733389,0.6788218971564086,2.3735771128503833,2.672559640733108,2.628597717701226,1000,100,2.5,10,8.923020362854004,simple
mf_bayes_lasso,58,0.024519384023733437,True,16,48.0,0.20833333333333334,1.0,0.3448275862068966,1.0,1.0,0.7916666666666666,10.0,38.0,0.0,52.0,6.623466842529069,11.920192357332702,11.199646351391912,0.7606665549279594,0.6557800651375794,0.660185952604306,2.3642740597547593,2.760050689846737,2.7062107713422847,1000,100,2.5,10,8.923020362854004,simple
