method,seed,runtime_sec,converged,n_iter,selected_ckpt_id,support_size,precision,recall,f1,auroc,auprc,fdr,tp,fp,fn,tn,train_mse,val_mse,test_mse,train_r2,val_r2,test_r2,train_nll,val_nll,test_nll,n,p,snr,n_active,sigma2,setting
flow_stagewise,10,667.1828870773315,True,,14,9.0,1.0,0.9,0.9473684210526316,0.95,0.91,0.0,9.0,0.0,1.0,90.0,3.4811947345733643,3.010676383972168,3.403238296508789,0.6553392860207458,0.732650868470106,0.663777440622514,2.048153877258301,1.9700610637664795,2.0353639125823975,1000,100,2.5,10,3.003310203552246,simple
