{
  "sim": "block_corr",
  "n": 1000,
  "p": 100,
  "n_active": 10,
  "active_idx": [
    11,
    12,
    40,
    43,
    44,
    59,
    76,
    78,
    81,
    98
  ],
  "snr": 2.5,
  "sigma2": 7.5948997380279035,
  "sigma": 2.755884565439544,
  "rho": 0.8,
  "block_size": 10,
  "beta_low": 0.8,
  "beta_high": 1.8,
  "setting": "block_corr",
  "seed": 22
}