{
  "n": 1000,
  "p": 100,
  "n_active": 10,
  "sigma2": 7.553615570068359,
  "sigma": 2.7483842372894287,
  "active_idx": [
    3,
    4,
    12,
    18,
    39,
    46,
    48,
    54,
    77,
    98
  ],
  "snr": 2.5,
  "setting": "simple",
  "seed": 80
}