method,seed,runtime_sec,converged,n_iter,selected_ckpt_id,support_size,precision,recall,f1,auroc,auprc,fdr,tp,fp,fn,tn,train_mse,val_mse,test_mse,train_r2,val_r2,test_r2,train_nll,val_nll,test_nll,n,p,snr,n_active,sigma2,rho,block_size,setting
flow_stagewise,85,765.9944870471954,True,,126,10.0,1.0,1.0,1.0,1.0,1.0,0.0,10.0,0.0,0.0,90.0,7.331781387329102,7.776812553405762,8.473498344421387,0.6968260887590578,0.6860836657556137,0.709404041062864,2.415817975997925,2.4478931427001953,2.498075485229492,1000,100,2.5,10,6.938568320476401,0.8,10,block_corr
