method,seed,runtime_sec,converged,n_iter,support_size,precision,recall,f1,auroc,auprc,fdr,tp,fp,fn,tn,train_mse,val_mse,test_mse,train_r2,val_r2,test_r2,train_nll,val_nll,test_nll,n,p,snr,n_active,sigma2,setting,selected_ckpt_id,noise_x,group_size
mf_spike_slab,61,0.028336459072306752,True,7,10.0,0.1,0.1,0.10000000000000002,0.7255555555555555,0.18084949634857359,0.9,1.0,9.0,9.0,81.0,9.299896518696302,9.17096490543696,10.170006671031652,0.691361643584391,0.709653597807784,0.6434003665615864,2.5339742782575168,2.5271230468894443,2.580210618738011,1000,100,2.5,10,8.785292752559112,jitter,,,
mf_ard,61,0.4982588879065588,True,336,16.0,0.375,0.6,0.4615384615384615,0.8911111111111112,0.4722330447330447,0.625,6.0,10.0,4.0,80.0,8.145312857003706,9.19517773850023,9.148811556718435,0.7296791456095718,0.7088870362693539,0.6792074033918043,2.4711981924351716,2.5282781318299556,2.525757256150888,1000,100,2.5,10,8.785292752559112,jitter,,,
mf_bayes_lasso,61,1.3965537439798936,False,1000,74.0,0.12162162162162163,0.9,0.2142857142857143,0.8211111111111112,0.41758400362524073,0.8783783783783784,9.0,65.0,1.0,25.0,7.4559001354073855,8.903241966222922,9.566277502845262,0.7525588850623425,0.7181295207871685,0.66456943822843,2.4235898184811138,2.5183040453867793,2.5616931722157763,1000,100,2.5,10,8.785292752559112,jitter,,,
flow_stagewise,61,1125.4657609462738,True,,7.0,0.5714285714285714,0.4,0.47058823529411764,0.6833333333333333,0.2885714285714286,0.42857142857142855,4.0,3.0,6.0,87.0,16.237321853637695,20.56159019470215,17.4107608795166,0.46112733504772185,0.3490343447822124,0.3895116279985543,2.8702497482299805,3.0630736351013184,2.9053969383239746,1000,100,2.5,10,8.785292752559112,jitter,116.0,0.15,10.0
