method,seed,runtime_sec,converged,n_iter,selected_ckpt_id,support_size,precision,recall,f1,auroc,auprc,fdr,tp,fp,fn,tn,train_mse,val_mse,test_mse,train_r2,val_r2,test_r2,train_nll,val_nll,test_nll,n,p,snr,n_active,sigma2,rho,block_size,setting
flow_stagewise,15,5127.228436470032,True,,206,9.0,1.0,0.9,0.9473684210526316,0.95,0.91,0.0,9.0,0.0,1.0,90.0,5.212177276611328,7.124337196350098,4.093267917633057,0.6660588118500901,0.5818874243493857,0.7093168861653787,2.252086877822876,2.4691240787506104,2.124964475631714,1000,100,2.5,10,4.383803027354862,0.8,10,block_corr
