method,seed,runtime_sec,converged,n_iter,selected_ckpt_id,support_size,precision,recall,f1,auroc,auprc,fdr,tp,fp,fn,tn,train_mse,val_mse,test_mse,train_r2,val_r2,test_r2,train_nll,val_nll,test_nll,n,p,snr,n_active,sigma2,noise_x,group_size,setting
flow_stagewise,61,1125.4657609462738,True,,116,7.0,0.5714285714285714,0.4,0.47058823529411764,0.6833333333333333,0.2885714285714286,0.42857142857142855,4.0,3.0,6.0,87.0,16.237321853637695,20.56159019470215,17.4107608795166,0.46112733504772185,0.3490343447822124,0.3895116279985543,2.8702497482299805,3.0630736351013184,2.9053969383239746,1000,100,2.5,10,8.785292752559112,0.15,10,jitter
