{
  "n": 1000,
  "p": 100,
  "n_active": 10,
  "sigma2": 7.491982936859131,
  "sigma": 2.7371487617492676,
  "active_idx": [
    1,
    3,
    9,
    23,
    34,
    36,
    44,
    49,
    72,
    91
  ],
  "snr": 2.5,
  "setting": "simple",
  "seed": 49
}