method,seed,runtime_sec,converged,n_iter,support_size,precision,recall,f1,auroc,auprc,fdr,tp,fp,fn,tn,train_mse,val_mse,test_mse,train_r2,val_r2,test_r2,train_nll,val_nll,test_nll,n,p,snr,n_active,sigma2,setting,selected_ckpt_id
mf_spike_slab,49,0.017402986995875835,True,7,10.0,1.0,1.0,1.0,1.0,1.0,0.0,10.0,0.0,0.0,90.0,6.65964472470241,6.897776694215846,7.754154890515646,0.7330296871632226,0.7475747038334062,0.7088301214064876,2.3670604986174855,2.3846042052823764,2.4476954731234395,1000,100,2.5,10,7.491982936859131,simple,
mf_ard,49,0.021001757006160915,True,14,33.0,0.30303030303030304,1.0,0.4651162790697675,1.0,1.0,0.696969696969697,10.0,23.0,0.0,67.0,5.775974114135457,7.602898417807966,8.713403441906717,0.7684540722618237,0.7217706559783206,0.6728101697556421,2.300133180740918,2.4383468522409846,2.522360719860687,1000,100,2.5,10,7.491982936859131,simple,
mf_bayes_lasso,49,0.024037480005063117,True,13,47.0,0.2127659574468085,1.0,0.3508771929824561,1.0,1.0,0.7872340425531915,10.0,37.0,0.0,53.0,5.715021172009853,8.051911106744113,9.248213329593344,0.7708975398491014,0.7053389612436521,0.6527279645034887,2.2905117520195133,2.492957623654554,2.596593846586546,1000,100,2.5,10,7.491982936859131,simple,
flow_stagewise,49,481.4049458503723,True,,10.0,1.0,1.0,1.0,1.0,1.0,0.0,10.0,0.0,0.0,90.0,6.78701114654541,7.05351448059082,7.720413684844971,0.727923849548197,0.7418754434796717,0.7100970923273235,2.3788084983825684,2.3965890407562256,2.4411067962646484,1000,100,2.5,10,7.491982936859131,simple,35.0
