coupling_layer,target_coord,fixed_coord,mean_attention,target_latent_type,fixed_latent_type,target_parameter_type,fixed_parameter_type,target_group,fixed_group,target_unit,fixed_unit,target_layer,fixed_layer,target_side,fixed_side
0,3,0,0.0002892670745495707,0,0,3,1,1,0,1,0,1,2,1,4
0,3,1,0.001811472699046135,0,0,3,3,1,1,1,1,1,1,1,1
0,3,2,0.005691367667168379,0,0,3,3,1,1,1,1,1,1,1,1
0,3,6,0.017881499603390694,0,0,3,3,1,1,1,1,1,1,1,1
0,3,9,0.1312292516231537,0,0,3,3,1,2,1,2,1,1,1,1
0,3,10,0.015217822045087814,0,0,3,3,1,2,1,2,1,1,1,1
0,3,13,0.007599115837365389,0,0,3,3,1,3,1,3,1,1,1,1
0,3,15,0.0011450767051428556,0,0,3,3,1,3,1,3,1,1,1,1
0,3,18,0.0013071851572021842,0,0,3,3,1,3,1,3,1,1,1,1
0,3,24,0.001684335176832974,0,0,3,3,1,4,1,4,1,1,1,1
0,3,25,0.0025727148167788982,0,0,3,3,1,5,1,5,1,1,1,1
0,3,26,0.000777446199208498,0,0,3,3,1,5,1,5,1,1,1,1
0,3,30,0.002428047824651003,0,0,3,3,1,5,1,5,1,1,1,1
0,3,31,0.0026407053228467703,0,0,3,4,1,1,1,1,1,1,1,1
0,3,35,0.00023050674644764513,0,0,3,4,1,5,1,5,1,1,1,1
0,3,37,0.6665210723876953,0,0,3,5,1,2,1,2,1,2,1,2
0,3,38,0.01012400258332491,0,0,3,5,1,3,1,3,1,2,1,2
0,3,39,0.02639070153236389,0,0,3,5,1,4,1,4,1,2,1,2
0,3,40,0.00788781139999628,0,0,3,5,1,5,1,5,1,2,1,2
0,3,41,0.0036233915016055107,0,1,3,6,1,1,1,1,1,1,1,5
0,3,42,0.09139905124902725,0,1,3,6,1,2,1,2,1,1,1,5
0,3,43,0.0007231102208606899,0,1,3,6,1,3,1,3,1,1,1,5
0,3,44,0.0008254536660388112,0,1,3,6,1,4,1,4,1,1,1,5
0,4,0,0.0002820845111273229,0,0,3,1,1,0,1,0,1,2,1,4
0,4,1,0.00011304442887194455,0,0,3,3,1,1,1,1,1,1,1,1
0,4,2,0.0002799399953801185,0,0,3,3,1,1,1,1,1,1,1,1
0,4,6,0.0004719783319160342,0,0,3,3,1,1,1,1,1,1,1,1
0,4,9,0.00943254865705967,0,0,3,3,1,2,1,2,1,1,1,1
0,4,10,0.00029921584064140916,0,0,3,3,1,2,1,2,1,1,1,1
0,4,13,0.009174183011054993,0,0,3,3,1,3,1,3,1,1,1,1
0,4,15,0.001469146809540689,0,0,3,3,1,3,1,3,1,1,1,1
0,4,18,0.002139075193554163,0,0,3,3,1,3,1,3,1,1,1,1
0,4,24,0.0006080226157791913,0,0,3,3,1,4,1,4,1,1,1,1
0,4,25,0.00042662452324293554,0,0,3,3,1,5,1,5,1,1,1,1
0,4,26,0.00012155549484305084,0,0,3,3,1,5,1,5,1,1,1,1
0,4,30,0.0002638217993080616,0,0,3,3,1,5,1,5,1,1,1,1
0,4,31,0.0006182674551382661,0,0,3,4,1,1,1,1,1,1,1,1
0,4,35,0.00014758353063371032,0,0,3,4,1,5,1,5,1,1,1,1
0,4,37,0.6422317028045654,0,0,3,5,1,2,1,2,1,2,1,2
0,4,38,0.28747719526290894,0,0,3,5,1,3,1,3,1,2,1,2
0,4,39,0.03732600435614586,0,0,3,5,1,4,1,4,1,2,1,2
0,4,40,0.0034610158763825893,0,0,3,5,1,5,1,5,1,2,1,2
0,4,41,6.660789222223684e-05,0,1,3,6,1,1,1,1,1,1,1,5
0,4,42,0.0026928111910820007,0,1,3,6,1,2,1,2,1,1,1,5
0,4,43,0.0008578483248129487,0,1,3,6,1,3,1,3,1,1,1,5
0,4,44,3.959310561185703e-05,0,1,3,6,1,4,1,4,1,1,1,5
0,5,0,0.0006682786624878645,0,0,3,1,1,0,1,0,1,2,1,4
0,5,1,0.0029257831629365683,0,0,3,3,1,1,1,1,1,1,1,1
0,5,2,0.004448150750249624,0,0,3,3,1,1,1,1,1,1,1,1
0,5,6,0.012122810818254948,0,0,3,3,1,1,1,1,1,1,1,1
0,5,9,0.07147668302059174,0,0,3,3,1,2,1,2,1,1,1,1
0,5,10,0.004664618521928787,0,0,3,3,1,2,1,2,1,1,1,1
0,5,13,0.015898263081908226,0,0,3,3,1,3,1,3,1,1,1,1
0,5,15,0.005622516386210918,0,0,3,3,1,3,1,3,1,1,1,1
0,5,18,0.004401325713843107,0,0,3,3,1,3,1,3,1,1,1,1
0,5,24,0.005963481962680817,0,0,3,3,1,4,1,4,1,1,1,1
0,5,25,0.0033655152656137943,0,0,3,3,1,5,1,5,1,1,1,1
0,5,26,0.0010269035119563341,0,0,3,3,1,5,1,5,1,1,1,1
0,5,30,0.0017587057081982493,0,0,3,3,1,5,1,5,1,1,1,1
0,5,31,0.013073815032839775,0,0,3,4,1,1,1,1,1,1,1,1
0,5,35,0.0007563746185041964,0,0,3,4,1,5,1,5,1,1,1,1
0,5,37,0.6712198257446289,0,0,3,5,1,2,1,2,1,2,1,2
0,5,38,0.08387400209903717,0,0,3,5,1,3,1,3,1,2,1,2
0,5,39,0.07366520166397095,0,0,3,5,1,4,1,4,1,2,1,2
0,5,40,0.008796575479209423,0,0,3,5,1,5,1,5,1,2,1,2
0,5,41,0.0019968440756201744,0,1,3,6,1,1,1,1,1,1,1,5
0,5,42,0.009833100251853466,0,1,3,6,1,2,1,2,1,1,1,5
0,5,43,0.0019535378087311983,0,1,3,6,1,3,1,3,1,1,1,5
0,5,44,0.00048782798694446683,0,1,3,6,1,4,1,4,1,1,1,5
0,7,0,0.0009157977183349431,0,0,3,1,2,0,2,0,1,2,1,4
0,7,1,5.548500212171348e-06,0,0,3,3,2,1,2,1,1,1,1,1
0,7,2,2.3904112822492607e-05,0,0,3,3,2,1,2,1,1,1,1,1
0,7,6,1.3294587006384972e-05,0,0,3,3,2,1,2,1,1,1,1,1
0,7,9,9.804382898437325e-06,0,0,3,3,2,2,2,2,1,1,1,1
0,7,10,1.4866367337162956e-06,0,0,3,3,2,2,2,2,1,1,1,1
0,7,13,0.0015869621420279145,0,0,3,3,2,3,2,3,1,1,1,1
0,7,15,0.0004959828802384436,0,0,3,3,2,3,2,3,1,1,1,1
0,7,18,0.0016336067346855998,0,0,3,3,2,3,2,3,1,1,1,1
0,7,24,7.91178536019288e-05,0,0,3,3,2,4,2,4,1,1,1,1
0,7,25,0.0003064255288336426,0,0,3,3,2,5,2,5,1,1,1,1
0,7,26,0.000265577546088025,0,0,3,3,2,5,2,5,1,1,1,1
0,7,30,0.0005819068755954504,0,0,3,3,2,5,2,5,1,1,1,1
0,7,31,3.597611066652462e-05,0,0,3,4,2,1,2,1,1,1,1,1
0,7,35,9.258699719794095e-05,0,0,3,4,2,5,2,5,1,1,1,1
0,7,37,0.00985494814813137,0,0,3,5,2,2,2,2,1,2,1,2
0,7,38,0.9404228329658508,0,0,3,5,2,3,2,3,1,2,1,2
0,7,39,0.02768741548061371,0,0,3,5,2,4,2,4,1,2,1,2
0,7,40,0.011471850797533989,0,0,3,5,2,5,2,5,1,2,1,2
0,7,41,5.704539034923073e-06,0,1,3,6,2,1,2,1,1,1,1,5
0,7,42,3.440379077801481e-05,0,1,3,6,2,2,2,2,1,1,1,5
0,7,43,0.004222359042614698,0,1,3,6,2,3,2,3,1,1,1,5
0,7,44,0.0002531670907046646,0,1,3,6,2,4,2,4,1,1,1,5
0,8,0,0.0011876474600285292,0,0,3,1,2,0,2,0,1,2,1,4
0,8,1,1.048548256221693e-05,0,0,3,3,2,1,2,1,1,1,1,1
0,8,2,6.226535333553329e-05,0,0,3,3,2,1,2,1,1,1,1,1
0,8,6,7.852830094634555e-06,0,0,3,3,2,1,2,1,1,1,1,1
0,8,9,0.00016767761553637683,0,0,3,3,2,2,2,2,1,1,1,1
0,8,10,5.3359108278527856e-05,0,0,3,3,2,2,2,2,1,1,1,1
0,8,13,0.014279614202678204,0,0,3,3,2,3,2,3,1,1,1,1
0,8,15,0.0028444251511245966,0,0,3,3,2,3,2,3,1,1,1,1
0,8,18,0.010640800930559635,0,0,3,3,2,3,2,3,1,1,1,1
0,8,24,5.5972941481741145e-05,0,0,3,3,2,4,2,4,1,1,1,1
0,8,25,0.00011437790089985356,0,0,3,3,2,5,2,5,1,1,1,1
0,8,26,0.00010494158777873963,0,0,3,3,2,5,2,5,1,1,1,1
0,8,30,0.0003654543834272772,0,0,3,3,2,5,2,5,1,1,1,1
0,8,31,9.212394070345908e-05,0,0,3,4,2,1,2,1,1,1,1,1
0,8,35,0.00018347227887716144,0,0,3,4,2,5,2,5,1,1,1,1
0,8,37,0.058393217623233795,0,0,3,5,2,2,2,2,1,2,1,2
0,8,38,0.7985078692436218,0,0,3,5,2,3,2,3,1,2,1,2
0,8,39,0.001778627629391849,0,0,3,5,2,4,2,4,1,2,1,2
0,8,40,0.0035695116966962814,0,0,3,5,2,5,2,5,1,2,1,2
0,8,41,7.558990910183638e-05,0,1,3,6,2,1,2,1,1,1,1,5
0,8,42,0.006507954094558954,0,1,3,6,2,2,2,2,1,1,1,5
0,8,43,0.10068736225366592,0,1,3,6,2,3,2,3,1,1,1,5
0,8,44,0.0003104001225437969,0,1,3,6,2,4,2,4,1,1,1,5
0,11,0,0.00011480897956062108,0,0,3,1,2,0,2,0,1,2,1,4
0,11,1,5.16492605129315e-07,0,0,3,3,2,1,2,1,1,1,1,1
0,11,2,3.131101493636379e-06,0,0,3,3,2,1,2,1,1,1,1,1
0,11,6,5.937093305874441e-07,0,0,3,3,2,1,2,1,1,1,1,1
0,11,9,6.728830612701131e-06,0,0,3,3,2,2,2,2,1,1,1,1
0,11,10,1.2402381344145397e-06,0,0,3,3,2,2,2,2,1,1,1,1
0,11,13,0.00267624668776989,0,0,3,3,2,3,2,3,1,1,1,1
0,11,15,0.0002501052513252944,0,0,3,3,2,3,2,3,1,1,1,1
0,11,18,0.001288588740862906,0,0,3,3,2,3,2,3,1,1,1,1
0,11,24,2.980058161483612e-05,0,0,3,3,2,4,2,4,1,1,1,1
0,11,25,1.5064462786540389e-05,0,0,3,3,2,5,2,5,1,1,1,1
0,11,26,7.578583790746052e-06,0,0,3,3,2,5,2,5,1,1,1,1
0,11,30,2.8723170544253662e-05,0,0,3,3,2,5,2,5,1,1,1,1
0,11,31,3.929649665224133e-06,0,0,3,4,2,1,2,1,1,1,1,1
0,11,35,3.648210395112983e-06,0,0,3,4,2,5,2,5,1,1,1,1
0,11,37,0.006809157785028219,0,0,3,5,2,2,2,2,1,2,1,2
0,11,38,0.9771026968955994,0,0,3,5,2,3,2,3,1,2,1,2
0,11,39,0.0026423591189086437,0,0,3,5,2,4,2,4,1,2,1,2
0,11,40,0.0008190080989152193,0,0,3,5,2,5,2,5,1,2,1,2
0,11,41,1.1324941624479834e-06,0,1,3,6,2,1,2,1,1,1,1,5
0,11,42,7.658894173800945e-05,0,1,3,6,2,2,2,2,1,1,1,5
0,11,43,0.008087905123829842,0,1,3,6,2,3,2,3,1,1,1,5
0,11,44,3.0776056519243866e-05,0,1,3,6,2,4,2,4,1,1,1,5
0,12,0,3.375179221620783e-05,0,0,3,1,2,0,2,0,1,2,1,4
0,12,1,2.369451550521262e-07,0,0,3,3,2,1,2,1,1,1,1,1
0,12,2,2.0093086732231313e-06,0,0,3,3,2,1,2,1,1,1,1,1
0,12,6,4.104303457097558e-07,0,0,3,3,2,1,2,1,1,1,1,1
0,12,9,8.725597581360489e-06,0,0,3,3,2,2,2,2,1,1,1,1
0,12,10,2.617110567371128e-06,0,0,3,3,2,2,2,2,1,1,1,1
0,12,13,0.0026283334009349346,0,0,3,3,2,3,2,3,1,1,1,1
0,12,15,0.00022377904679160565,0,0,3,3,2,3,2,3,1,1,1,1
0,12,18,0.0013305990723893046,0,0,3,3,2,3,2,3,1,1,1,1
0,12,24,5.1456304390740115e-06,0,0,3,3,2,4,2,4,1,1,1,1
0,12,25,9.133643288805615e-06,0,0,3,3,2,5,2,5,1,1,1,1
0,12,26,5.905888428969774e-06,0,0,3,3,2,5,2,5,1,1,1,1
0,12,30,2.0195184333715588e-05,0,0,3,3,2,5,2,5,1,1,1,1
0,12,31,4.339402039477136e-06,0,0,3,4,2,1,2,1,1,1,1,1
0,12,35,4.857935891777743e-06,0,0,3,4,2,5,2,5,1,1,1,1
0,12,37,0.012106058187782764,0,0,3,5,2,2,2,2,1,2,1,2
0,12,38,0.9783769845962524,0,0,3,5,2,3,2,3,1,2,1,2
0,12,39,0.000682185753248632,0,0,3,5,2,4,2,4,1,2,1,2
0,12,40,0.000540164124686271,0,0,3,5,2,5,2,5,1,2,1,2
0,12,41,9.157424756267574e-07,0,1,3,6,2,1,2,1,1,1,1,5
0,12,42,0.00031506066443398595,0,1,3,6,2,2,2,2,1,1,1,5
0,12,43,0.0036803162656724453,0,1,3,6,2,3,2,3,1,1,1,5
0,12,44,1.8470680515747517e-05,0,1,3,6,2,4,2,4,1,1,1,5
0,14,0,5.9818689805979375e-06,0,0,3,1,3,0,3,0,1,2,1,4
0,14,1,7.086546460755017e-09,0,0,3,3,3,1,3,1,1,1,1,1
0,14,2,1.3715673929937111e-08,0,0,3,3,3,1,3,1,1,1,1,1
0,14,6,8.194198208855141e-09,0,0,3,3,3,1,3,1,1,1,1,1
0,14,9,6.19982243321715e-09,0,0,3,3,3,2,3,2,1,1,1,1
0,14,10,2.345168947925913e-09,0,0,3,3,3,2,3,2,1,1,1,1
0,14,13,3.068671503569931e-05,0,0,3,3,3,3,3,3,1,1,1,1
0,14,15,2.928635467469576e-06,0,0,3,3,3,3,3,3,1,1,1,1
0,14,18,9.412677172804251e-06,0,0,3,3,3,3,3,3,1,1,1,1
0,14,24,1.8381211930318386e-07,0,0,3,3,3,4,3,4,1,1,1,1
0,14,25,2.4300541667798825e-07,0,0,3,3,3,5,3,5,1,1,1,1
0,14,26,3.2769065683169174e-08,0,0,3,3,3,5,3,5,1,1,1,1
0,14,30,6.547085718011658e-08,0,0,3,3,3,5,3,5,1,1,1,1
0,14,31,1.5688991084061854e-07,0,0,3,4,3,1,3,1,1,1,1,1
0,14,35,2.47279842824355e-07,0,0,3,4,3,5,3,5,1,1,1,1
0,14,37,0.00023112243798095733,0,0,3,5,3,2,3,2,1,2,1,2
0,14,38,0.9982094764709473,0,0,3,5,3,3,3,3,1,2,1,2
0,14,39,0.0012682962696999311,0,0,3,5,3,4,3,4,1,2,1,2
0,14,40,0.00018782319966703653,0,0,3,5,3,5,3,5,1,2,1,2
0,14,41,7.143035496426364e-09,0,1,3,6,3,1,3,1,1,1,1,5
0,14,42,9.428287484070097e-08,0,1,3,6,3,2,3,2,1,1,1,5
0,14,43,5.346277612261474e-05,0,1,3,6,3,3,3,3,1,1,1,5
0,14,44,2.238356842099165e-07,0,1,3,6,3,4,3,4,1,1,1,5
0,16,0,9.923778270604089e-05,0,0,3,1,3,0,3,0,1,2,1,4
0,16,1,5.586547047187196e-08,0,0,3,3,3,1,3,1,1,1,1,1
0,16,2,1.1258099164024316e-07,0,0,3,3,3,1,3,1,1,1,1,1
0,16,6,6.344255609747051e-08,0,0,3,3,3,1,3,1,1,1,1,1
0,16,9,9.275934331753888e-08,0,0,3,3,3,2,3,2,1,1,1,1
0,16,10,1.3616969773977416e-08,0,0,3,3,3,2,3,2,1,1,1,1
0,16,13,6.443812162615359e-05,0,0,3,3,3,3,3,3,1,1,1,1
0,16,15,1.0178655429626815e-05,0,0,3,3,3,3,3,3,1,1,1,1
0,16,18,3.0193546990631148e-05,0,0,3,3,3,3,3,3,1,1,1,1
0,16,24,1.4283250493463129e-06,0,0,3,3,3,4,3,4,1,1,1,1
0,16,25,8.251624308286409e-07,0,0,3,3,3,5,3,5,1,1,1,1
0,16,26,2.54154741696766e-07,0,0,3,3,3,5,3,5,1,1,1,1
0,16,30,1.9871198730925244e-07,0,0,3,3,3,5,3,5,1,1,1,1
0,16,31,9.474885018789792e-07,0,0,3,4,3,1,3,1,1,1,1,1
0,16,35,8.149473273988406e-07,0,0,3,4,3,5,3,5,1,1,1,1
0,16,37,0.0023720550816506147,0,0,3,5,3,2,3,2,1,2,1,2
0,16,38,0.9893664121627808,0,0,3,5,3,3,3,3,1,2,1,2
0,16,39,0.007531189359724522,0,0,3,5,3,4,3,4,1,2,1,2
0,16,40,0.00041638422408141196,0,0,3,5,3,5,3,5,1,2,1,2
0,16,41,6.399297092229972e-08,0,1,3,6,3,1,3,1,1,1,1,5
0,16,42,1.6865405427779478e-07,0,1,3,6,3,2,3,2,1,1,1,5
0,16,43,0.00010446502710692585,0,1,3,6,3,3,3,3,1,1,1,5
0,16,44,4.6034807610340067e-07,0,1,3,6,3,4,3,4,1,1,1,5
0,17,0,4.789303147845203e-06,0,0,3,1,3,0,3,0,1,2,1,4
0,17,1,9.288396163320556e-10,0,0,3,3,3,1,3,1,1,1,1,1
0,17,2,1.74836900512787e-09,0,0,3,3,3,1,3,1,1,1,1,1
0,17,6,6.390386553256633e-10,0,0,3,3,3,1,3,1,1,1,1,1
0,17,9,8.394285266888346e-10,0,0,3,3,3,2,3,2,1,1,1,1
0,17,10,3.2819541528894547e-10,0,0,3,3,3,2,3,2,1,1,1,1
0,17,13,1.1908387932635378e-05,0,0,3,3,3,3,3,3,1,1,1,1
0,17,15,1.2603135246536112e-06,0,0,3,3,3,3,3,3,1,1,1,1
0,17,18,4.517146408034023e-06,0,0,3,3,3,3,3,3,1,1,1,1
0,17,24,6.213590353354448e-08,0,0,3,3,3,4,3,4,1,1,1,1
0,17,25,4.755844429382705e-08,0,0,3,3,3,5,3,5,1,1,1,1
0,17,26,8.52308534859958e-09,0,0,3,3,3,5,3,5,1,1,1,1
0,17,30,7.859192407977389e-09,0,0,3,3,3,5,3,5,1,1,1,1
0,17,31,2.5690958693758148e-08,0,0,3,4,3,1,3,1,1,1,1,1
0,17,35,7.582870864553115e-08,0,0,3,4,3,5,3,5,1,1,1,1
0,17,37,6.97651703376323e-05,0,0,3,5,3,2,3,2,1,2,1,2
0,17,38,0.9993394613265991,0,0,3,5,3,3,3,3,1,2,1,2
0,17,39,0.0004831611877307296,0,0,3,5,3,4,3,4,1,2,1,2
0,17,40,5.130749923409894e-05,0,0,3,5,3,5,3,5,1,2,1,2
0,17,41,8.396943140809299e-10,0,1,3,6,3,1,3,1,1,1,1,5
0,17,42,5.652381229737102e-09,0,1,3,6,3,2,3,2,1,1,1,5
0,17,43,2.6086341677000746e-05,0,1,3,6,3,3,3,3,1,1,1,5
0,17,44,2.8988253575334966e-08,0,1,3,6,3,4,3,4,1,1,1,5
0,19,0,0.0027121936436742544,0,0,3,1,4,0,4,0,1,2,1,4
0,19,1,6.708558794343844e-05,0,0,3,3,4,1,4,1,1,1,1,1
0,19,2,2.533946098992601e-05,0,0,3,3,4,1,4,1,1,1,1,1
0,19,6,3.625315730459988e-05,0,0,3,3,4,1,4,1,1,1,1,1
0,19,9,0.00012621990754269063,0,0,3,3,4,2,4,2,1,1,1,1
0,19,10,0.00013039725308772177,0,0,3,3,4,2,4,2,1,1,1,1
0,19,13,0.011389179155230522,0,0,3,3,4,3,4,3,1,1,1,1
0,19,15,0.0013132499298080802,0,0,3,3,4,3,4,3,1,1,1,1
0,19,18,0.002485367702320218,0,0,3,3,4,3,4,3,1,1,1,1
0,19,24,0.0004381430335342884,0,0,3,3,4,4,4,4,1,1,1,1
0,19,25,6.801474228268489e-05,0,0,3,3,4,5,4,5,1,1,1,1
0,19,26,9.367631719214842e-06,0,0,3,3,4,5,4,5,1,1,1,1
0,19,30,4.9562113417778164e-05,0,0,3,3,4,5,4,5,1,1,1,1
0,19,31,7.324934267671779e-05,0,0,3,4,4,1,4,1,1,1,1,1
0,19,35,6.084829874453135e-05,0,0,3,4,4,5,4,5,1,1,1,1
0,19,37,0.024068670347332954,0,0,3,5,4,2,4,2,1,2,1,2
0,19,38,0.9277322888374329,0,0,3,5,4,3,4,3,1,2,1,2
0,19,39,0.015921158716082573,0,0,3,5,4,4,4,4,1,2,1,2
0,19,40,0.007319979835301638,0,0,3,5,4,5,4,5,1,2,1,2
0,19,41,2.075498559861444e-05,0,1,3,6,4,1,4,1,1,1,1,5
0,19,42,0.0003902282624039799,0,1,3,6,4,2,4,2,1,1,1,5
0,19,43,0.005369856022298336,0,1,3,6,4,3,4,3,1,1,1,5
0,19,44,0.00019255442020948976,0,1,3,6,4,4,4,4,1,1,1,5
0,20,0,7.830996764823794e-05,0,0,3,1,4,0,4,0,1,2,1,4
0,20,1,6.6969541876460426e-06,0,0,3,3,4,1,4,1,1,1,1,1
0,20,2,5.115316071169218e-06,0,0,3,3,4,1,4,1,1,1,1,1
0,20,6,8.578886991017498e-06,0,0,3,3,4,1,4,1,1,1,1,1
0,20,9,8.60081345308572e-05,0,0,3,3,4,2,4,2,1,1,1,1
0,20,10,3.2904088584473357e-05,0,0,3,3,4,2,4,2,1,1,1,1
0,20,13,0.004860547836869955,0,0,3,3,4,3,4,3,1,1,1,1
0,20,15,0.0007654315559193492,0,0,3,3,4,3,4,3,1,1,1,1
0,20,18,0.0020043111871927977,0,0,3,3,4,3,4,3,1,1,1,1
0,20,24,4.209806866128929e-05,0,0,3,3,4,4,4,4,1,1,1,1
0,20,25,5.893565685255453e-05,0,0,3,3,4,5,4,5,1,1,1,1
0,20,26,1.0061077773571014e-05,0,0,3,3,4,5,4,5,1,1,1,1
0,20,30,0.00017323228530585766,0,0,3,3,4,5,4,5,1,1,1,1
0,20,31,2.0744411813211627e-05,0,0,3,4,4,1,4,1,1,1,1,1
0,20,35,4.34393878094852e-05,0,0,3,4,4,5,4,5,1,1,1,1
0,20,37,0.0265483595430851,0,0,3,5,4,2,4,2,1,2,1,2
0,20,38,0.9586086273193359,0,0,3,5,4,3,4,3,1,2,1,2
0,20,39,0.00195706938393414,0,0,3,5,4,4,4,4,1,2,1,2
0,20,40,0.0028382460586726665,0,0,3,5,4,5,4,5,1,2,1,2
0,20,41,1.084375526261283e-06,0,1,3,6,4,1,4,1,1,1,1,5
0,20,42,0.00016073588631115854,0,1,3,6,4,2,4,2,1,1,1,5
0,20,43,0.001675634179264307,0,1,3,6,4,3,4,3,1,1,1,5
0,20,44,1.3983363714942243e-05,0,1,3,6,4,4,4,4,1,1,1,5
0,21,0,0.0004308350326027721,0,0,3,1,4,0,4,0,1,2,1,4
0,21,1,4.740865915664472e-05,0,0,3,3,4,1,4,1,1,1,1,1
0,21,2,1.3227037925389595e-05,0,0,3,3,4,1,4,1,1,1,1,1
0,21,6,2.892595875891857e-05,0,0,3,3,4,1,4,1,1,1,1,1
0,21,9,0.0013257707469165325,0,0,3,3,4,2,4,2,1,1,1,1
0,21,10,0.0005601141019724309,0,0,3,3,4,2,4,2,1,1,1,1
0,21,13,0.011321717873215675,0,0,3,3,4,3,4,3,1,1,1,1
0,21,15,0.003973726648837328,0,0,3,3,4,3,4,3,1,1,1,1
0,21,18,0.00847391877323389,0,0,3,3,4,3,4,3,1,1,1,1
0,21,24,0.00032253770041279495,0,0,3,3,4,4,4,4,1,1,1,1
0,21,25,0.00019715145754162222,0,0,3,3,4,5,4,5,1,1,1,1
0,21,26,6.065257184673101e-05,0,0,3,3,4,5,4,5,1,1,1,1
0,21,30,0.00041610829066485167,0,0,3,3,4,5,4,5,1,1,1,1
0,21,31,0.00012789873289875686,0,0,3,4,4,1,4,1,1,1,1,1
0,21,35,0.00038257951382547617,0,0,3,4,4,5,4,5,1,1,1,1
0,21,37,0.0603666827082634,0,0,3,5,4,2,4,2,1,2,1,2
0,21,38,0.9037187695503235,0,0,3,5,4,3,4,3,1,2,1,2
0,21,39,0.0028049268294125795,0,0,3,5,4,4,4,4,1,2,1,2
0,21,40,0.0034577446058392525,0,0,3,5,4,5,4,5,1,2,1,2
0,21,41,2.56176758739457e-06,0,1,3,6,4,1,4,1,1,1,1,5
0,21,42,0.0004030316777061671,0,1,3,6,4,2,4,2,1,1,1,5
0,21,43,0.0015325791900977492,0,1,3,6,4,3,4,3,1,1,1,5
0,21,44,3.074773485423066e-05,0,1,3,6,4,4,4,4,1,1,1,5
0,22,0,0.0001951540180016309,0,0,3,1,4,0,4,0,1,2,1,4
0,22,1,1.6107262581499526e-06,0,0,3,3,4,1,4,1,1,1,1,1
0,22,2,6.196742106112652e-07,0,0,3,3,4,1,4,1,1,1,1,1
0,22,6,5.897582013858482e-07,0,0,3,3,4,1,4,1,1,1,1,1
0,22,9,6.717202268191613e-06,0,0,3,3,4,2,4,2,1,1,1,1
0,22,10,4.970347163180122e-06,0,0,3,3,4,2,4,2,1,1,1,1
0,22,13,0.003328573890030384,0,0,3,3,4,3,4,3,1,1,1,1
0,22,15,0.0005817427299916744,0,0,3,3,4,3,4,3,1,1,1,1
0,22,18,0.001339277601800859,0,0,3,3,4,3,4,3,1,1,1,1
0,22,24,1.5904928659438156e-05,0,0,3,3,4,4,4,4,1,1,1,1
0,22,25,8.7834687292343e-06,0,0,3,3,4,5,4,5,1,1,1,1
0,22,26,1.947976898009074e-06,0,0,3,3,4,5,4,5,1,1,1,1
0,22,30,1.098754091799492e-05,0,0,3,3,4,5,4,5,1,1,1,1
0,22,31,4.905931746179704e-06,0,0,3,4,4,1,4,1,1,1,1,1
0,22,35,3.5801491321763024e-05,0,0,3,4,4,5,4,5,1,1,1,1
0,22,37,0.002848735311999917,0,0,3,5,4,2,4,2,1,2,1,2
0,22,38,0.9893134236335754,0,0,3,5,4,3,4,3,1,2,1,2
0,22,39,0.0004535687912721187,0,0,3,5,4,4,4,4,1,2,1,2
0,22,40,0.0006447850028052926,0,0,3,5,4,5,4,5,1,2,1,2
0,22,41,1.803509519504587e-07,0,1,3,6,4,1,4,1,1,1,1,5
0,22,42,1.1999797607131768e-05,0,1,3,6,4,2,4,2,1,1,1,5
0,22,43,0.001186968176625669,0,1,3,6,4,3,4,3,1,1,1,5
0,22,44,3.0518851872329833e-06,0,1,3,6,4,4,4,4,1,1,1,5
0,23,0,0.0007535676704719663,0,0,3,1,4,0,4,0,1,2,1,4
0,23,1,0.00018115784041583538,0,0,3,3,4,1,4,1,1,1,1,1
0,23,2,0.0001961742527782917,0,0,3,3,4,1,4,1,1,1,1,1
0,23,6,0.00023372567375190556,0,0,3,3,4,1,4,1,1,1,1,1
0,23,9,0.0009507450740784407,0,0,3,3,4,2,4,2,1,1,1,1
0,23,10,0.000354212912498042,0,0,3,3,4,2,4,2,1,1,1,1
0,23,13,0.04198899865150452,0,0,3,3,4,3,4,3,1,1,1,1
0,23,15,0.005337022710591555,0,0,3,3,4,3,4,3,1,1,1,1
0,23,18,0.008226611651480198,0,0,3,3,4,3,4,3,1,1,1,1
0,23,24,0.0007124505355022848,0,0,3,3,4,4,4,4,1,1,1,1
0,23,25,0.0008265671785920858,0,0,3,3,4,5,4,5,1,1,1,1
0,23,26,0.00012219078780617565,0,0,3,3,4,5,4,5,1,1,1,1
0,23,30,0.001522747683338821,0,0,3,3,4,5,4,5,1,1,1,1
0,23,31,0.00039763812674209476,0,0,3,4,4,1,4,1,1,1,1,1
0,23,35,0.0005099648260511458,0,0,3,4,4,5,4,5,1,1,1,1
0,23,37,0.05946860834956169,0,0,3,5,4,2,4,2,1,2,1,2
0,23,38,0.8152941465377808,0,0,3,5,4,3,4,3,1,2,1,2
0,23,39,0.014262956567108631,0,0,3,5,4,4,4,4,1,2,1,2
0,23,40,0.017201246693730354,0,0,3,5,4,5,4,5,1,2,1,2
0,23,41,0.00011076986993430182,0,1,3,6,4,1,4,1,1,1,1,5
0,23,42,0.005152284167706966,0,1,3,6,4,2,4,2,1,1,1,5
0,23,43,0.025174932554364204,0,1,3,6,4,3,4,3,1,1,1,5
0,23,44,0.001020903349854052,0,1,3,6,4,4,4,4,1,1,1,5
0,27,0,5.781129948445596e-05,0,0,3,1,5,0,5,0,1,2,1,4
0,27,1,0.0021593570709228516,0,0,3,3,5,1,5,1,1,1,1,1
0,27,2,0.0041703758761286736,0,0,3,3,5,1,5,1,1,1,1,1
0,27,6,0.013268734328448772,0,0,3,3,5,1,5,1,1,1,1,1
0,27,9,0.22762444615364075,0,0,3,3,5,2,5,2,1,1,1,1
0,27,10,0.019555142149329185,0,0,3,3,5,2,5,2,1,1,1,1
0,27,13,0.0009497037972323596,0,0,3,3,5,3,5,3,1,1,1,1
0,27,15,0.0005525276064872742,0,0,3,3,5,3,5,3,1,1,1,1
0,27,18,0.0005578839336521924,0,0,3,3,5,3,5,3,1,1,1,1
0,27,24,0.0013698204420506954,0,0,3,3,5,4,5,4,1,1,1,1
0,27,25,0.0020683505572378635,0,0,3,3,5,5,5,5,1,1,1,1
0,27,26,0.0006899660220369697,0,0,3,3,5,5,5,5,1,1,1,1
0,27,30,0.005451780743896961,0,0,3,3,5,5,5,5,1,1,1,1
0,27,31,0.005688992794603109,0,0,3,4,5,1,5,1,1,1,1,1
0,27,35,0.00012983976921532303,0,0,3,4,5,5,5,5,1,1,1,1
0,27,37,0.5779141783714294,0,0,3,5,5,2,5,2,1,2,1,2
0,27,38,0.0011485525174066424,0,0,3,5,5,3,5,3,1,2,1,2
0,27,39,0.012890800833702087,0,0,3,5,5,4,5,4,1,2,1,2
0,27,40,0.005198952741920948,0,0,3,5,5,5,5,5,1,2,1,2
0,27,41,0.00546519597992301,0,1,3,6,5,1,5,1,1,1,1,5
0,27,42,0.11052428930997849,0,1,3,6,5,2,5,2,1,1,1,5
0,27,43,0.0006329691968858242,0,1,3,6,5,3,5,3,1,1,1,5
0,27,44,0.0019299504347145557,0,1,3,6,5,4,5,4,1,1,1,5
0,28,0,1.4859938346489798e-05,0,0,3,1,5,0,5,0,1,2,1,4
0,28,1,0.0010235399240627885,0,0,3,3,5,1,5,1,1,1,1,1
0,28,2,0.0012247049016878009,0,0,3,3,5,1,5,1,1,1,1,1
0,28,6,0.004287505056709051,0,0,3,3,5,1,5,1,1,1,1,1
0,28,9,0.435944527387619,0,0,3,3,5,2,5,2,1,1,1,1
0,28,10,0.038061365485191345,0,0,3,3,5,2,5,2,1,1,1,1
0,28,13,0.0011293140705674887,0,0,3,3,5,3,5,3,1,1,1,1
0,28,15,0.000954934221226722,0,0,3,3,5,3,5,3,1,1,1,1
0,28,18,0.0012601246125996113,0,0,3,3,5,3,5,3,1,1,1,1
0,28,24,0.0010901432251557708,0,0,3,3,5,4,5,4,1,1,1,1
0,28,25,0.0009261836530640721,0,0,3,3,5,5,5,5,1,1,1,1
0,28,26,0.00042249137186445296,0,0,3,3,5,5,5,5,1,1,1,1
0,28,30,0.003559513483196497,0,0,3,3,5,5,5,5,1,1,1,1
0,28,31,0.0035690830554813147,0,0,3,4,5,1,5,1,1,1,1,1
0,28,35,0.0001267566840397194,0,0,3,4,5,5,5,5,1,1,1,1
0,28,37,0.4384901821613312,0,0,3,5,5,2,5,2,1,2,1,2
0,28,38,0.0014625722542405128,0,0,3,5,5,3,5,3,1,2,1,2
0,28,39,0.001802182523533702,0,0,3,5,5,4,5,4,1,2,1,2
0,28,40,0.0008482334087602794,0,0,3,5,5,5,5,5,1,2,1,2
0,28,41,0.0004970866139046848,0,1,3,6,5,1,5,1,1,1,1,5
0,28,42,0.06294196844100952,0,1,3,6,5,2,5,2,1,1,1,5
0,28,43,0.0001822057383833453,0,1,3,6,5,3,5,3,1,1,1,5
0,28,44,0.00018060015281662345,0,1,3,6,5,4,5,4,1,1,1,5
0,29,0,0.00042875923099927604,0,0,3,1,5,0,5,0,1,2,1,4
0,29,1,0.004848954733461142,0,0,3,3,5,1,5,1,1,1,1,1
0,29,2,0.004297926090657711,0,0,3,3,5,1,5,1,1,1,1,1
0,29,6,0.010177407413721085,0,0,3,3,5,1,5,1,1,1,1,1
0,29,9,0.08991411328315735,0,0,3,3,5,2,5,2,1,1,1,1
0,29,10,0.022722050547599792,0,0,3,3,5,2,5,2,1,1,1,1
0,29,13,0.01121401134878397,0,0,3,3,5,3,5,3,1,1,1,1
0,29,15,0.011119788512587547,0,0,3,3,5,3,5,3,1,1,1,1
0,29,18,0.012762261554598808,0,0,3,3,5,3,5,3,1,1,1,1
0,29,24,0.0027406159788370132,0,0,3,3,5,4,5,4,1,1,1,1
0,29,25,0.005514565855264664,0,0,3,3,5,5,5,5,1,1,1,1
0,29,26,0.0024827169254422188,0,0,3,3,5,5,5,5,1,1,1,1
0,29,30,0.021901709958910942,0,0,3,3,5,5,5,5,1,1,1,1
0,29,31,0.030895572155714035,0,0,3,4,5,1,5,1,1,1,1,1
0,29,35,0.002497202018275857,0,0,3,4,5,5,5,5,1,1,1,1
0,29,37,0.5703052282333374,0,0,3,5,5,2,5,2,1,2,1,2
0,29,38,0.05632256716489792,0,0,3,5,5,3,5,3,1,2,1,2
0,29,39,0.015281670726835728,0,0,3,5,5,4,5,4,1,2,1,2
0,29,40,0.0190233513712883,0,0,3,5,5,5,5,5,1,2,1,2
0,29,41,0.004154881462454796,0,1,3,6,5,1,5,1,1,1,1,5
0,29,42,0.08796465396881104,0,1,3,6,5,2,5,2,1,1,1,5
0,29,43,0.009110921062529087,0,1,3,6,5,3,5,3,1,1,1,5
0,29,44,0.004319071304053068,0,1,3,6,5,4,5,4,1,1,1,5
0,32,0,8.156736294040456e-05,0,0,4,1,2,0,2,0,1,2,1,4
0,32,1,1.4029191106601502e-06,0,0,4,3,2,1,2,1,1,1,1,1
0,32,2,7.682426257815678e-06,0,0,4,3,2,1,2,1,1,1,1,1
0,32,6,1.2175149777249317e-06,0,0,4,3,2,1,2,1,1,1,1,1
0,32,9,6.7586684053821955e-06,0,0,4,3,2,2,2,2,1,1,1,1
0,32,10,2.707859039219329e-06,0,0,4,3,2,2,2,2,1,1,1,1
0,32,13,0.004665553569793701,0,0,4,3,2,3,2,3,1,1,1,1
0,32,15,0.0007877426687628031,0,0,4,3,2,3,2,3,1,1,1,1
0,32,18,0.0029258651193231344,0,0,4,3,2,3,2,3,1,1,1,1
0,32,24,6.472567747550784e-06,0,0,4,3,2,4,2,4,1,1,1,1
0,32,25,8.962367246567737e-06,0,0,4,3,2,5,2,5,1,1,1,1
0,32,26,5.83996688874322e-06,0,0,4,3,2,5,2,5,1,1,1,1
0,32,30,1.9087688997387886e-05,0,0,4,3,2,5,2,5,1,1,1,1
0,32,31,5.015323404222727e-05,0,0,4,4,2,1,2,1,1,1,1,1
0,32,35,3.0491217330563813e-05,0,0,4,4,2,5,2,5,1,1,1,1
0,32,37,0.007555730640888214,0,0,4,5,2,2,2,2,1,2,1,2
0,32,38,0.969793438911438,0,0,4,5,2,3,2,3,1,2,1,2
0,32,39,0.00036389337037689984,0,0,4,5,2,4,2,4,1,2,1,2
0,32,40,0.00028328585904091597,0,0,4,5,2,5,2,5,1,2,1,2
0,32,41,7.669579645153135e-06,0,1,4,6,2,1,2,1,1,1,1,5
0,32,42,0.0001776745484676212,0,1,4,6,2,2,2,2,1,1,1,5
0,32,43,0.013207792304456234,0,1,4,6,2,3,2,3,1,1,1,5
0,32,44,8.112250725389458e-06,0,1,4,6,2,4,2,4,1,1,1,5
0,33,0,8.352112490683794e-05,0,0,4,1,3,0,3,0,1,2,1,4
0,33,1,3.1997984706322313e-07,0,0,4,3,3,1,3,1,1,1,1,1
0,33,2,4.867710003964021e-07,0,0,4,3,3,1,3,1,1,1,1,1
0,33,6,2.289406353384038e-07,0,0,4,3,3,1,3,1,1,1,1,1
0,33,9,6.732324209224316e-07,0,0,4,3,3,2,3,2,1,1,1,1
0,33,10,9.235655085149119e-08,0,0,4,3,3,2,3,2,1,1,1,1
0,33,13,0.00029698858270421624,0,0,4,3,3,3,3,3,1,1,1,1
0,33,15,0.00016606549615971744,0,0,4,3,3,3,3,3,1,1,1,1
0,33,18,0.0004072313313372433,0,0,4,3,3,3,3,3,1,1,1,1
0,33,24,4.9872001000039745e-06,0,0,4,3,3,4,3,4,1,1,1,1
0,33,25,3.784013188123936e-06,0,0,4,3,3,5,3,5,1,1,1,1
0,33,26,2.64436675934121e-06,0,0,4,3,3,5,3,5,1,1,1,1
0,33,30,2.8002432372886688e-06,0,0,4,3,3,5,3,5,1,1,1,1
0,33,31,1.1767610885726754e-05,0,0,4,4,3,1,3,1,1,1,1,1
0,33,35,1.2695313671429176e-05,0,0,4,4,3,5,3,5,1,1,1,1
0,33,37,0.0024495867546647787,0,0,4,5,3,2,3,2,1,2,1,2
0,33,38,0.9946622848510742,0,0,4,5,3,3,3,3,1,2,1,2
0,33,39,0.0013517638435587287,0,0,4,5,3,4,3,4,1,2,1,2
0,33,40,0.00020287303777877241,0,0,4,5,3,5,3,5,1,2,1,2
0,33,41,1.337166963821801e-07,0,1,4,6,3,1,3,1,1,1,1,5
0,33,42,3.6269784686737694e-07,0,1,4,6,3,2,3,2,1,1,1,5
0,33,43,0.0003382610157132149,0,1,4,6,3,3,3,3,1,1,1,5
0,33,44,6.316667509054241e-07,0,1,4,6,3,4,3,4,1,1,1,5
0,34,0,0.00012827715545427054,0,0,4,1,4,0,4,0,1,2,1,4
0,34,1,2.7487587885843823e-06,0,0,4,3,4,1,4,1,1,1,1,1
0,34,2,2.1614507659251103e-06,0,0,4,3,4,1,4,1,1,1,1,1
0,34,6,1.9122237517876783e-06,0,0,4,3,4,1,4,1,1,1,1,1
0,34,9,3.0056592095206724e-06,0,0,4,3,4,2,4,2,1,1,1,1
0,34,10,9.482376412961457e-07,0,0,4,3,4,2,4,2,1,1,1,1
0,34,13,0.0011763920774683356,0,0,4,3,4,3,4,3,1,1,1,1
0,34,15,0.0006111412076279521,0,0,4,3,4,3,4,3,1,1,1,1
0,34,18,0.0008271964616142213,0,0,4,3,4,3,4,3,1,1,1,1
0,34,24,3.598517650971189e-06,0,0,4,3,4,4,4,4,1,1,1,1
0,34,25,3.156462844344787e-05,0,0,4,3,4,5,4,5,1,1,1,1
0,34,26,9.782859706319869e-06,0,0,4,3,4,5,4,5,1,1,1,1
0,34,30,5.391774539020844e-05,0,0,4,3,4,5,4,5,1,1,1,1
0,34,31,4.019545667688362e-05,0,0,4,4,4,1,4,1,1,1,1,1
0,34,35,0.000297766673611477,0,0,4,4,4,5,4,5,1,1,1,1
0,34,37,0.0035961715038865805,0,0,4,5,4,2,4,2,1,2,1,2
0,34,38,0.9892510175704956,0,0,4,5,4,3,4,3,1,2,1,2
0,34,39,0.000630634487606585,0,0,4,5,4,4,4,4,1,2,1,2
0,34,40,0.0016076314495876431,0,0,4,5,4,5,4,5,1,2,1,2
0,34,41,1.0112541986018186e-06,0,1,4,6,4,1,4,1,1,1,1,5
0,34,42,1.1215527592867147e-05,0,1,4,6,4,2,4,2,1,1,1,5
0,34,43,0.0017081687692552805,0,1,4,6,4,3,4,3,1,1,1,5
0,34,44,3.903142442140961e-06,0,1,4,6,4,4,4,4,1,1,1,5
0,36,0,5.769825293100439e-06,0,0,5,1,1,0,1,0,2,2,2,4
0,36,1,0.011872492730617523,0,0,5,3,1,1,1,1,2,1,2,1
0,36,2,0.07728809118270874,0,0,5,3,1,1,1,1,2,1,2,1
0,36,6,0.8362540006637573,0,0,5,3,1,1,1,1,2,1,2,1
0,36,9,0.013389337807893753,0,0,5,3,1,2,1,2,2,1,2,1
0,36,10,0.0010849953396245837,0,0,5,3,1,2,1,2,2,1,2,1
0,36,13,0.00019565543334465474,0,0,5,3,1,3,1,3,2,1,2,1
0,36,15,9.20568490982987e-05,0,0,5,3,1,3,1,3,2,1,2,1
0,36,18,2.711455090320669e-05,0,0,5,3,1,3,1,3,2,1,2,1
0,36,24,0.01659395545721054,0,0,5,3,1,4,1,4,2,1,2,1
0,36,25,0.014245796017348766,0,0,5,3,1,5,1,5,2,1,2,1
0,36,26,0.009160577319562435,0,0,5,3,1,5,1,5,2,1,2,1
0,36,30,0.0051369317807257175,0,0,5,3,1,5,1,5,2,1,2,1
0,36,31,0.0035098218359053135,0,0,5,4,1,1,1,1,2,1,2,1
0,36,35,7.299416756723076e-05,0,0,5,4,1,5,1,5,2,1,2,1
0,36,37,9.130141552304849e-05,0,0,5,5,1,2,1,2,2,2,2,2
0,36,38,7.697795467720425e-07,0,0,5,5,1,3,1,3,2,2,2,2
0,36,39,0.0024868289474397898,0,0,5,5,1,4,1,4,2,2,2,2
0,36,40,8.629030344309285e-05,0,0,5,5,1,5,1,5,2,2,2,2
0,36,41,0.006366889923810959,0,1,5,6,1,1,1,1,2,1,2,5
0,36,42,0.00019786432676482946,0,1,5,6,1,2,1,2,2,1,2,5
0,36,43,1.573391045894823e-06,0,1,5,6,1,3,1,3,2,1,2,5
0,36,44,0.0018391328630968928,0,1,5,6,1,4,1,4,2,1,2,5
0,45,0,0.00023204645549412817,1,0,6,1,5,0,5,0,1,2,5,4
0,45,1,0.010339956730604172,1,0,6,3,5,1,5,1,1,1,5,1
0,45,2,0.04016371816396713,1,0,6,3,5,1,5,1,1,1,5,1
0,45,6,0.02791629731655121,1,0,6,3,5,1,5,1,1,1,5,1
0,45,9,8.222002361435443e-05,1,0,6,3,5,2,5,2,1,1,5,1
0,45,10,6.174347799969837e-05,1,0,6,3,5,2,5,2,1,1,5,1
0,45,13,1.3127218153385911e-05,1,0,6,3,5,3,5,3,1,1,5,1
0,45,15,6.307637522695586e-05,1,0,6,3,5,3,5,3,1,1,5,1
0,45,18,1.9695920855156146e-05,1,0,6,3,5,3,5,3,1,1,5,1
0,45,24,0.0002836371131706983,1,0,6,3,5,4,5,4,1,1,5,1
0,45,25,0.0014247045619413257,1,0,6,3,5,5,5,5,1,1,5,1
0,45,26,0.0012562681222334504,1,0,6,3,5,5,5,5,1,1,5,1
0,45,30,0.0017814846942201257,1,0,6,3,5,5,5,5,1,1,5,1
0,45,31,0.02889963798224926,1,0,6,4,5,1,5,1,1,1,5,1
0,45,35,0.00033792515750974417,1,0,6,4,5,5,5,5,1,1,5,1
0,45,37,0.0001087537530111149,1,0,6,5,5,2,5,2,1,2,5,2
0,45,38,2.404916813247837e-06,1,0,6,5,5,3,5,3,1,2,5,2
0,45,39,0.0016438727034255862,1,0,6,5,5,4,5,4,1,2,5,2
0,45,40,0.0013208219315856695,1,0,6,5,5,5,5,5,1,2,5,2
0,45,41,0.8273466229438782,1,1,6,6,5,1,5,1,1,1,5,5
0,45,42,0.0017124759033322334,1,1,6,6,5,2,5,2,1,1,5,5
0,45,43,0.0020872224122285843,1,1,6,6,5,3,5,3,1,1,5,5
0,45,44,0.05290273576974869,1,1,6,6,5,4,5,4,1,1,5,5
0,46,0,5.0261370176940545e-08,2,0,7,1,0,0,0,0,0,2,4,4
0,46,1,0.0008726996602490544,2,0,7,3,0,1,0,1,0,1,4,1
0,46,2,5.5791035265428945e-05,2,0,7,3,0,1,0,1,0,1,4,1
0,46,6,0.0002504689618945122,2,0,7,3,0,1,0,1,0,1,4,1
0,46,9,0.07526671886444092,2,0,7,3,0,2,0,2,0,1,4,1
0,46,10,0.9221001267433167,2,0,7,3,0,2,0,2,0,1,4,1
0,46,13,5.314248483045958e-06,2,0,7,3,0,3,0,3,0,1,4,1
0,46,15,5.700181282008998e-05,2,0,7,3,0,3,0,3,0,1,4,1
0,46,18,2.3658563804929145e-05,2,0,7,3,0,3,0,3,0,1,4,1
0,46,24,4.091371374670416e-05,2,0,7,3,0,4,0,4,0,1,4,1
0,46,25,1.0701373867050279e-05,2,0,7,3,0,5,0,5,0,1,4,1
0,46,26,3.528327579260804e-05,2,0,7,3,0,5,0,5,0,1,4,1
0,46,30,2.1037014448666014e-05,2,0,7,3,0,5,0,5,0,1,4,1
0,46,31,0.0002648223307915032,2,0,7,4,0,1,0,1,0,1,4,1
0,46,35,0.00020801900245714933,2,0,7,4,0,5,0,5,0,1,4,1
0,46,37,5.374667466639949e-07,2,0,7,5,0,2,0,2,0,2,4,2
0,46,38,4.5458026232125803e-10,2,0,7,5,0,3,0,3,0,2,4,2
0,46,39,3.064771214589257e-10,2,0,7,5,0,4,0,4,0,2,4,2
0,46,40,6.00529048710996e-09,2,0,7,5,0,5,0,5,0,2,4,2
0,46,41,3.0158533263602294e-05,2,1,7,6,0,1,0,1,0,1,4,5
0,46,42,0.0007554491749033332,2,1,7,6,0,2,0,2,0,1,4,5
0,46,43,4.002084708076836e-08,2,1,7,6,0,3,0,3,0,1,4,5
0,46,44,2.1457074694808398e-07,2,1,7,6,0,4,0,4,0,1,4,5
1,0,3,0.000933024799451232,0,0,1,3,0,1,0,1,2,1,4,1
1,0,4,2.10580401471816e-05,0,0,1,3,0,1,0,1,2,1,4,1
1,0,5,5.64335823582951e-05,0,0,1,3,0,1,0,1,2,1,4,1
1,0,7,0.8020758628845215,0,0,1,3,0,2,0,2,2,1,4,1
1,0,8,0.0020686350762844086,0,0,1,3,0,2,0,2,2,1,4,1
1,0,11,0.19030186533927917,0,0,1,3,0,2,0,2,2,1,4,1
1,0,12,0.0016855085268616676,0,0,1,3,0,2,0,2,2,1,4,1
1,0,14,0.0002615981793496758,0,0,1,3,0,3,0,3,2,1,4,1
1,0,16,0.00021083152387291193,0,0,1,3,0,3,0,3,2,1,4,1
1,0,17,0.001968660159036517,0,0,1,3,0,3,0,3,2,1,4,1
1,0,19,8.444409104413353e-06,0,0,1,3,0,4,0,4,2,1,4,1
1,0,20,1.2760528989019804e-06,0,0,1,3,0,4,0,4,2,1,4,1
1,0,21,1.1695972261804854e-06,0,0,1,3,0,4,0,4,2,1,4,1
1,0,22,2.7800251700682566e-05,0,0,1,3,0,4,0,4,2,1,4,1
1,0,23,6.015386588842375e-08,0,0,1,3,0,4,0,4,2,1,4,1
1,0,27,3.4655697618291015e-06,0,0,1,3,0,5,0,5,2,1,4,1
1,0,28,1.65203445590123e-07,0,0,1,3,0,5,0,5,2,1,4,1
1,0,29,1.0382174878031947e-05,0,0,1,3,0,5,0,5,2,1,4,1
1,0,32,8.139591227518395e-05,0,0,1,4,0,2,0,2,2,1,4,1
1,0,33,0.00027603094349615276,0,0,1,4,0,3,0,3,2,1,4,1
1,0,34,1.1159372093061393e-07,0,0,1,4,0,4,0,4,2,1,4,1
1,0,36,5.856681582372403e-06,0,0,1,5,0,1,0,1,2,2,4,2
1,0,45,1.2517814562684748e-10,0,1,1,6,0,5,0,5,2,1,4,5
1,0,46,8.205341828215751e-07,0,2,1,7,0,0,0,0,2,0,4,4
1,1,3,5.335598689271137e-05,0,0,3,3,1,1,1,1,1,1,1,1
1,1,4,0.0003680475056171417,0,0,3,3,1,1,1,1,1,1,1,1
1,1,5,9.294398296333384e-06,0,0,3,3,1,1,1,1,1,1,1,1
1,1,7,0.10888341069221497,0,0,3,3,1,2,1,2,1,1,1,1
1,1,8,0.003324837191030383,0,0,3,3,1,2,1,2,1,1,1,1
1,1,11,0.5750753879547119,0,0,3,3,1,2,1,2,1,1,1,1
1,1,12,0.0562153086066246,0,0,3,3,1,2,1,2,1,1,1,1
1,1,14,0.005639886483550072,0,0,3,3,1,3,1,3,1,1,1,1
1,1,16,0.00046512382687069476,0,0,3,3,1,3,1,3,1,1,1,1
1,1,17,0.00419614976271987,0,0,3,3,1,3,1,3,1,1,1,1
1,1,19,1.5113678273337428e-05,0,0,3,3,1,4,1,4,1,1,1,1
1,1,20,2.6539648388279602e-05,0,0,3,3,1,4,1,4,1,1,1,1
1,1,21,5.430822784546763e-05,0,0,3,3,1,4,1,4,1,1,1,1
1,1,22,9.675694309407845e-05,0,0,3,3,1,4,1,4,1,1,1,1
1,1,23,2.1375746655394323e-05,0,0,3,3,1,4,1,4,1,1,1,1
1,1,27,2.2067182726459578e-05,0,0,3,3,1,5,1,5,1,1,1,1
1,1,28,0.00017145137826446444,0,0,3,3,1,5,1,5,1,1,1,1
1,1,29,1.9830866222037002e-05,0,0,3,3,1,5,1,5,1,1,1,1
1,1,32,0.1224089115858078,0,0,3,4,1,2,1,2,1,1,1,1
1,1,33,0.11629322171211243,0,0,3,4,1,3,1,3,1,1,1,1
1,1,34,8.095975317701232e-06,0,0,3,4,1,4,1,4,1,1,1,1
1,1,36,1.3991270861879457e-05,0,0,3,5,1,1,1,1,1,2,1,2
1,1,45,0.006485752295702696,0,1,3,6,1,5,1,5,1,1,1,5
1,1,46,0.00013157891226001084,0,2,3,7,1,0,1,0,1,0,1,4
1,2,3,5.074050568509847e-05,0,0,3,3,1,1,1,1,1,1,1,1
1,2,4,0.00016629497986286879,0,0,3,3,1,1,1,1,1,1,1,1
1,2,5,2.03047657123534e-05,0,0,3,3,1,1,1,1,1,1,1,1
1,2,7,0.006153575610369444,0,0,3,3,1,2,1,2,1,1,1,1
1,2,8,0.00035557046066969633,0,0,3,3,1,2,1,2,1,1,1,1
1,2,11,0.034050289541482925,0,0,3,3,1,2,1,2,1,1,1,1
1,2,12,0.009645328857004642,0,0,3,3,1,2,1,2,1,1,1,1
1,2,14,0.01330576092004776,0,0,3,3,1,3,1,3,1,1,1,1
1,2,16,0.0006642316002398729,0,0,3,3,1,3,1,3,1,1,1,1
1,2,17,0.007307962980121374,0,0,3,3,1,3,1,3,1,1,1,1
1,2,19,1.9133711248287e-05,0,0,3,3,1,4,1,4,1,1,1,1
1,2,20,0.00012431491632014513,0,0,3,3,1,4,1,4,1,1,1,1
1,2,21,0.00020289552048780024,0,0,3,3,1,4,1,4,1,1,1,1
1,2,22,0.00011330164852552116,0,0,3,3,1,4,1,4,1,1,1,1
1,2,23,8.551916835131124e-05,0,0,3,3,1,4,1,4,1,1,1,1
1,2,27,0.00013115088222548366,0,0,3,3,1,5,1,5,1,1,1,1
1,2,28,0.0012061295565217733,0,0,3,3,1,5,1,5,1,1,1,1
1,2,29,5.567334301304072e-05,0,0,3,3,1,5,1,5,1,1,1,1
1,2,32,0.05962710082530975,0,0,3,4,1,2,1,2,1,1,1,1
1,2,33,0.717652440071106,0,0,3,4,1,3,1,3,1,1,1,1
1,2,34,0.00014695932622998953,0,0,3,4,1,4,1,4,1,1,1,1
1,2,36,0.00013081035285722464,0,0,3,5,1,1,1,1,1,2,1,2
1,2,45,0.1481781154870987,0,1,3,6,1,5,1,5,1,1,1,5
1,2,46,0.0006065476918593049,0,2,3,7,1,0,1,0,1,0,1,4
1,6,3,1.8455039025866427e-06,0,0,3,3,1,1,1,1,1,1,1,1
1,6,4,3.098438537563197e-05,0,0,3,3,1,1,1,1,1,1,1,1
1,6,5,1.096046730708622e-06,0,0,3,3,1,1,1,1,1,1,1,1
1,6,7,1.4939788343326654e-05,0,0,3,3,1,2,1,2,1,1,1,1
1,6,8,6.93380025040824e-06,0,0,3,3,1,2,1,2,1,1,1,1
1,6,11,0.0002617531281430274,0,0,3,3,1,2,1,2,1,1,1,1
1,6,12,0.0002419346710667014,0,0,3,3,1,2,1,2,1,1,1,1
1,6,14,2.2692449419992045e-05,0,0,3,3,1,3,1,3,1,1,1,1
1,6,16,5.161469744052738e-06,0,0,3,3,1,3,1,3,1,1,1,1
1,6,17,9.101126124733128e-06,0,0,3,3,1,3,1,3,1,1,1,1
1,6,19,2.118577867804561e-06,0,0,3,3,1,4,1,4,1,1,1,1
1,6,20,1.3119782124704216e-05,0,0,3,3,1,4,1,4,1,1,1,1
1,6,21,3.592571374610998e-05,0,0,3,3,1,4,1,4,1,1,1,1
1,6,22,8.860911293595564e-06,0,0,3,3,1,4,1,4,1,1,1,1
1,6,23,2.9871252991142683e-05,0,0,3,3,1,4,1,4,1,1,1,1
1,6,27,1.1868810361193027e-05,0,0,3,3,1,5,1,5,1,1,1,1
1,6,28,0.0002689985267352313,0,0,3,3,1,5,1,5,1,1,1,1
1,6,29,6.305364877334796e-06,0,0,3,3,1,5,1,5,1,1,1,1
1,6,32,0.0031218172516673803,0,0,3,4,1,2,1,2,1,1,1,1
1,6,33,0.0016119175124913454,0,0,3,4,1,3,1,3,1,1,1,1
1,6,34,2.032154588960111e-05,0,0,3,4,1,4,1,4,1,1,1,1
1,6,36,1.8438684492139146e-05,0,0,3,5,1,1,1,1,1,2,1,2
1,6,45,0.9941487312316895,0,1,3,6,1,5,1,5,1,1,1,5
1,6,46,0.00010551079321885481,0,2,3,7,1,0,1,0,1,0,1,4
1,9,3,1.47848666642858e-08,0,0,3,3,2,1,2,1,1,1,1,1
1,9,4,9.901161774905631e-07,0,0,3,3,2,1,2,1,1,1,1,1
1,9,5,1.8865064177475688e-08,0,0,3,3,2,1,2,1,1,1,1,1
1,9,7,7.191810169615565e-08,0,0,3,3,2,2,2,2,1,1,1,1
1,9,8,5.99062843775755e-08,0,0,3,3,2,2,2,2,1,1,1,1
1,9,11,1.2633828418984194e-06,0,0,3,3,2,2,2,2,1,1,1,1
1,9,12,4.634472588804783e-06,0,0,3,3,2,2,2,2,1,1,1,1
1,9,14,2.630737014897022e-07,0,0,3,3,2,3,2,3,1,1,1,1
1,9,16,2.2858365866795793e-08,0,0,3,3,2,3,2,3,1,1,1,1
1,9,17,6.161093324408284e-08,0,0,3,3,2,3,2,3,1,1,1,1
1,9,19,4.3016967765652225e-08,0,0,3,3,2,4,2,4,1,1,1,1
1,9,20,2.2653064490896213e-07,0,0,3,3,2,4,2,4,1,1,1,1
1,9,21,9.442904911338701e-07,0,0,3,3,2,4,2,4,1,1,1,1
1,9,22,2.3616532018877479e-07,0,0,3,3,2,4,2,4,1,1,1,1
1,9,23,6.917783252902154e-07,0,0,3,3,2,4,2,4,1,1,1,1
1,9,27,3.328265165691846e-07,0,0,3,3,2,5,2,5,1,1,1,1
1,9,28,8.622238965472206e-06,0,0,3,3,2,5,2,5,1,1,1,1
1,9,29,1.0212983170276857e-07,0,0,3,3,2,5,2,5,1,1,1,1
1,9,32,8.899708336684853e-05,0,0,3,4,2,2,2,2,1,1,1,1
1,9,33,2.3723930553387618e-06,0,0,3,4,2,3,2,3,1,1,1,1
1,9,34,3.605202607559477e-07,0,0,3,4,2,4,2,4,1,1,1,1
1,9,36,4.6182455548660073e-07,0,0,3,5,2,1,2,1,1,2,1,2
1,9,45,0.9998809695243835,0,1,3,6,2,5,2,5,1,1,1,5
1,9,46,3.2187147098738933e-06,0,2,3,7,2,0,2,0,1,0,1,4
1,10,3,7.261689205506627e-08,0,0,3,3,2,1,2,1,1,1,1,1
1,10,4,2.9127691959729418e-05,0,0,3,3,2,1,2,1,1,1,1,1
1,10,5,1.0114659687587846e-07,0,0,3,3,2,1,2,1,1,1,1,1
1,10,7,2.5909973828674993e-06,0,0,3,3,2,2,2,2,1,1,1,1
1,10,8,3.374835387148778e-06,0,0,3,3,2,2,2,2,1,1,1,1
1,10,11,5.337182301445864e-05,0,0,3,3,2,2,2,2,1,1,1,1
1,10,12,0.00017206159827765077,0,0,3,3,2,2,2,2,1,1,1,1
1,10,14,6.314702432064223e-07,0,0,3,3,2,3,2,3,1,1,1,1
1,10,16,1.2571067031785788e-07,0,0,3,3,2,3,2,3,1,1,1,1
1,10,17,4.762712535466562e-08,0,0,3,3,2,3,2,3,1,1,1,1
1,10,19,2.0430270808446949e-07,0,0,3,3,2,4,2,4,1,1,1,1
1,10,20,4.6280061383185966e-07,0,0,3,3,2,4,2,4,1,1,1,1
1,10,21,1.84041243755928e-06,0,0,3,3,2,4,2,4,1,1,1,1
1,10,22,2.8672334337898064e-06,0,0,3,3,2,4,2,4,1,1,1,1
1,10,23,2.525325271562906e-06,0,0,3,3,2,4,2,4,1,1,1,1
1,10,27,3.5870391457137885e-07,0,0,3,3,2,5,2,5,1,1,1,1
1,10,28,8.874560990079772e-06,0,0,3,3,2,5,2,5,1,1,1,1
1,10,29,3.830618879874237e-07,0,0,3,3,2,5,2,5,1,1,1,1
1,10,32,0.0007052689325064421,0,0,3,4,2,2,2,2,1,1,1,1
1,10,33,4.94964808694931e-07,0,0,3,4,2,3,2,3,1,1,1,1
1,10,34,1.7572871513493737e-07,0,0,3,4,2,4,2,4,1,1,1,1
1,10,36,1.5031744169391459e-06,0,0,3,5,2,1,2,1,1,2,1,2
1,10,45,0.9990068674087524,0,1,3,6,2,5,2,5,1,1,1,5
1,10,46,7.1773483796278015e-06,0,2,3,7,2,0,2,0,1,0,1,4
1,13,3,3.467447884375474e-09,0,0,3,3,3,1,3,1,1,1,1,1
1,13,4,3.6786158830182103e-07,0,0,3,3,3,1,3,1,1,1,1,1
1,13,5,4.271330400484885e-09,0,0,3,3,3,1,3,1,1,1,1,1
1,13,7,2.4217907679258133e-09,0,0,3,3,3,2,3,2,1,1,1,1
1,13,8,3.8239895694403e-09,0,0,3,3,3,2,3,2,1,1,1,1
1,13,11,6.489381831897845e-08,0,0,3,3,3,2,3,2,1,1,1,1
1,13,12,1.8615801877785998e-07,0,0,3,3,3,2,3,2,1,1,1,1
1,13,14,6.731723800612599e-08,0,0,3,3,3,3,3,3,1,1,1,1
1,13,16,4.425519506412456e-09,0,0,3,3,3,3,3,3,1,1,1,1
1,13,17,2.129823251095786e-08,0,0,3,3,3,3,3,3,1,1,1,1
1,13,19,2.6728857349667123e-08,0,0,3,3,3,4,3,4,1,1,1,1
1,13,20,4.807126430250719e-08,0,0,3,3,3,4,3,4,1,1,1,1
1,13,21,6.282793378886709e-07,0,0,3,3,3,4,3,4,1,1,1,1
1,13,22,3.0802500106119624e-08,0,0,3,3,3,4,3,4,1,1,1,1
1,13,23,3.8564459714507393e-07,0,0,3,3,3,4,3,4,1,1,1,1
1,13,27,1.0130105465577799e-07,0,0,3,3,3,5,3,5,1,1,1,1
1,13,28,4.67828522232594e-06,0,0,3,3,3,5,3,5,1,1,1,1
1,13,29,1.575836350298232e-08,0,0,3,3,3,5,3,5,1,1,1,1
1,13,32,1.0644699614204e-05,0,0,3,4,3,2,3,2,1,1,1,1
1,13,33,3.6115525290369987e-06,0,0,3,4,3,3,3,3,1,1,1,1
1,13,34,5.671314511346282e-07,0,0,3,4,3,4,3,4,1,1,1,1
1,13,36,7.280615221816333e-08,0,0,3,5,3,1,3,1,1,2,1,2
1,13,45,0.9999861717224121,0,1,3,6,3,5,3,5,1,1,1,5
1,13,46,1.692726641522313e-06,0,2,3,7,3,0,3,0,1,0,1,4
1,15,3,9.96206050984938e-09,0,0,3,3,3,1,3,1,1,1,1,1
1,15,4,1.7002985259750858e-06,0,0,3,3,3,1,3,1,1,1,1,1
1,15,5,1.3205783133685145e-08,0,0,3,3,3,1,3,1,1,1,1,1
1,15,7,4.78219632782384e-08,0,0,3,3,3,2,3,2,1,1,1,1
1,15,8,5.902657917999932e-08,0,0,3,3,3,2,3,2,1,1,1,1
1,15,11,1.9774788597715087e-06,0,0,3,3,3,2,3,2,1,1,1,1
1,15,12,4.8254050852847286e-06,0,0,3,3,3,2,3,2,1,1,1,1
1,15,14,2.7544603042883864e-08,0,0,3,3,3,3,3,3,1,1,1,1
1,15,16,4.03442745877669e-09,0,0,3,3,3,3,3,3,1,1,1,1
1,15,17,6.641176497623746e-09,0,0,3,3,3,3,3,3,1,1,1,1
1,15,19,5.316234918950613e-08,0,0,3,3,3,4,3,4,1,1,1,1
1,15,20,1.0056972143956955e-07,0,0,3,3,3,4,3,4,1,1,1,1
1,15,21,6.435255954784225e-07,0,0,3,3,3,4,3,4,1,1,1,1
1,15,22,9.872353956552615e-08,0,0,3,3,3,4,3,4,1,1,1,1
1,15,23,4.683613212819182e-07,0,0,3,3,3,4,3,4,1,1,1,1
1,15,27,1.4477171816906775e-07,0,0,3,3,3,5,3,5,1,1,1,1
1,15,28,3.707319137902232e-06,0,0,3,3,3,5,3,5,1,1,1,1
1,15,29,4.1085147728381344e-08,0,0,3,3,3,5,3,5,1,1,1,1
1,15,32,7.130213634809479e-05,0,0,3,4,3,2,3,2,1,1,1,1
1,15,33,4.1017625562744797e-07,0,0,3,4,3,3,3,3,1,1,1,1
1,15,34,2.0157303026735462e-07,0,0,3,4,3,4,3,4,1,1,1,1
1,15,36,6.383473305504594e-08,0,0,3,5,3,1,3,1,1,2,1,2
1,15,45,0.999915599822998,0,1,3,6,3,5,3,5,1,1,1,5
1,15,46,1.3788965134153841e-06,0,2,3,7,3,0,3,0,1,0,1,4
1,18,3,1.2268683291516425e-10,0,0,3,3,3,1,3,1,1,1,1,1
1,18,4,2.0194541150431178e-08,0,0,3,3,3,1,3,1,1,1,1,1
1,18,5,1.4527147540466245e-10,0,0,3,3,3,1,3,1,1,1,1,1
1,18,7,1.0396358079978185e-10,0,0,3,3,3,2,3,2,1,1,1,1
1,18,8,2.1040084952073101e-10,0,0,3,3,3,2,3,2,1,1,1,1
1,18,11,5.207120512551455e-09,0,0,3,3,3,2,3,2,1,1,1,1
1,18,12,1.9338781243050107e-08,0,0,3,3,3,2,3,2,1,1,1,1
1,18,14,1.7484700354231109e-09,0,0,3,3,3,3,3,3,1,1,1,1
1,18,16,2.2252254205934463e-10,0,0,3,3,3,3,3,3,1,1,1,1
1,18,17,8.082737257275596e-10,0,0,3,3,3,3,3,3,1,1,1,1
1,18,19,2.124901143929492e-09,0,0,3,3,3,4,3,4,1,1,1,1
1,18,20,4.590929858494519e-09,0,0,3,3,3,4,3,4,1,1,1,1
1,18,21,8.173988419457601e-08,0,0,3,3,3,4,3,4,1,1,1,1
1,18,22,3.3990408265793803e-09,0,0,3,3,3,4,3,4,1,1,1,1
1,18,23,5.879202902292491e-08,0,0,3,3,3,4,3,4,1,1,1,1
1,18,27,9.728455374613532e-09,0,0,3,3,3,5,3,5,1,1,1,1
1,18,28,6.908348950673826e-07,0,0,3,3,3,5,3,5,1,1,1,1
1,18,29,1.6122390089634564e-09,0,0,3,3,3,5,3,5,1,1,1,1
1,18,32,2.159565838155686e-06,0,0,3,4,3,2,3,2,1,1,1,1
1,18,33,3.1812015777177294e-07,0,0,3,4,3,3,3,3,1,1,1,1
1,18,34,4.517120899549809e-08,0,0,3,4,3,4,3,4,1,1,1,1
1,18,36,6.071543712238281e-09,0,0,3,5,3,1,3,1,1,2,1,2
1,18,45,0.9999995827674866,0,1,3,6,3,5,3,5,1,1,1,5
1,18,46,1.148979436038644e-07,0,2,3,7,3,0,3,0,1,0,1,4
1,24,3,1.755373801870519e-07,0,0,3,3,4,1,4,1,1,1,1,1
1,24,4,6.102537554397713e-06,0,0,3,3,4,1,4,1,1,1,1,1
1,24,5,3.6878475384583e-07,0,0,3,3,4,1,4,1,1,1,1,1
1,24,7,7.447529526416474e-08,0,0,3,3,4,2,4,2,1,1,1,1
1,24,8,2.8798692142117943e-07,0,0,3,3,4,2,4,2,1,1,1,1
1,24,11,1.35518018851144e-06,0,0,3,3,4,2,4,2,1,1,1,1
1,24,12,2.9543500659201527e-06,0,0,3,3,4,2,4,2,1,1,1,1
1,24,14,7.797291800670791e-06,0,0,3,3,4,3,4,3,1,1,1,1
1,24,16,4.849097763326427e-07,0,0,3,3,4,3,4,3,1,1,1,1
1,24,17,1.435989929632342e-06,0,0,3,3,4,3,4,3,1,1,1,1
1,24,19,1.3934294429418514e-06,0,0,3,3,4,4,4,4,1,1,1,1
1,24,20,2.6377883841632865e-06,0,0,3,3,4,4,4,4,1,1,1,1
1,24,21,1.527835956949275e-05,0,0,3,3,4,4,4,4,1,1,1,1
1,24,22,1.7345823835057672e-06,0,0,3,3,4,4,4,4,1,1,1,1
1,24,23,2.7449777917354368e-05,0,0,3,3,4,4,4,4,1,1,1,1
1,24,27,3.6116935007157736e-06,0,0,3,3,4,5,4,5,1,1,1,1
1,24,28,0.00010297052358509973,0,0,3,3,4,5,4,5,1,1,1,1
1,24,29,8.722821007722814e-07,0,0,3,3,4,5,4,5,1,1,1,1
1,24,32,0.00016137132479343563,0,0,3,4,4,2,4,2,1,1,1,1
1,24,33,0.0001256481045857072,0,0,3,4,4,3,4,3,1,1,1,1
1,24,34,1.966472336789593e-05,0,0,3,4,4,4,4,4,1,1,1,1
1,24,36,2.4029357064137002e-06,0,0,3,5,4,1,4,1,1,2,1,2
1,24,45,0.9995001554489136,0,1,3,6,4,5,4,5,1,1,1,5
1,24,46,1.442174834664911e-05,0,2,3,7,4,0,4,0,1,0,1,4
1,25,3,2.470595973136369e-05,0,0,3,3,5,1,5,1,1,1,1,1
1,25,4,0.0005140600260347128,0,0,3,3,5,1,5,1,1,1,1,1
1,25,5,3.777851134145749e-06,0,0,3,3,5,1,5,1,1,1,1,1
1,25,7,0.20006664097309113,0,0,3,3,5,2,5,2,1,1,1,1
1,25,8,0.009952488355338573,0,0,3,3,5,2,5,2,1,1,1,1
1,25,11,0.39710310101509094,0,0,3,3,5,2,5,2,1,1,1,1
1,25,12,0.31311604380607605,0,0,3,3,5,2,5,2,1,1,1,1
1,25,14,0.00045606328058056533,0,0,3,3,5,3,5,3,1,1,1,1
1,25,16,0.0006554965511895716,0,0,3,3,5,3,5,3,1,1,1,1
1,25,17,0.0001509865978732705,0,0,3,3,5,3,5,3,1,1,1,1
1,25,19,2.5777997507248074e-05,0,0,3,3,5,4,5,4,1,1,1,1
1,25,20,8.53448364068754e-05,0,0,3,3,5,4,5,4,1,1,1,1
1,25,21,4.0208775317296386e-05,0,0,3,3,5,4,5,4,1,1,1,1
1,25,22,0.00020926800789311528,0,0,3,3,5,4,5,4,1,1,1,1
1,25,23,7.104552059900016e-05,0,0,3,3,5,4,5,4,1,1,1,1
1,25,27,5.403924296842888e-05,0,0,3,3,5,5,5,5,1,1,1,1
1,25,28,0.000586459063924849,0,0,3,3,5,5,5,5,1,1,1,1
1,25,29,0.00015884352615103126,0,0,3,3,5,5,5,5,1,1,1,1
1,25,32,0.06815573573112488,0,0,3,4,5,2,5,2,1,1,1,1
1,25,33,0.0023257588036358356,0,0,3,4,5,3,5,3,1,1,1,1
1,25,34,1.0601439498714171e-05,0,0,3,4,5,4,5,4,1,1,1,1
1,25,36,1.7474176274845377e-05,0,0,3,5,5,1,5,1,1,2,1,2
1,25,45,0.005920185707509518,0,1,3,6,5,5,5,5,1,1,1,5
1,25,46,0.00029566604644060135,0,2,3,7,5,0,5,0,1,0,1,4
1,26,3,3.982400448876433e-05,0,0,3,3,5,1,5,1,1,1,1,1
1,26,4,0.0021376379299908876,0,0,3,3,5,1,5,1,1,1,1,1
1,26,5,9.005530046124477e-06,0,0,3,3,5,1,5,1,1,1,1,1
1,26,7,0.04399951547384262,0,0,3,3,5,2,5,2,1,1,1,1
1,26,8,0.008792000822722912,0,0,3,3,5,2,5,2,1,1,1,1
1,26,11,0.29045370221138,0,0,3,3,5,2,5,2,1,1,1,1
1,26,12,0.236545130610466,0,0,3,3,5,2,5,2,1,1,1,1
1,26,14,0.0015132586704567075,0,0,3,3,5,3,5,3,1,1,1,1
1,26,16,0.001117930980399251,0,0,3,3,5,3,5,3,1,1,1,1
1,26,17,0.00024984244373627007,0,0,3,3,5,3,5,3,1,1,1,1
1,26,19,0.00010619903332553804,0,0,3,3,5,4,5,4,1,1,1,1
1,26,20,0.00024465101887471974,0,0,3,3,5,4,5,4,1,1,1,1
1,26,21,0.000303959270240739,0,0,3,3,5,4,5,4,1,1,1,1
1,26,22,0.0010908760596066713,0,0,3,3,5,4,5,4,1,1,1,1
1,26,23,0.0005688415258191526,0,0,3,3,5,4,5,4,1,1,1,1
1,26,27,0.00010640044638421386,0,0,3,3,5,5,5,5,1,1,1,1
1,26,28,0.003869312349706888,0,0,3,3,5,5,5,5,1,1,1,1
1,26,29,0.00027138894074596465,0,0,3,3,5,5,5,5,1,1,1,1
1,26,32,0.1816481202840805,0,0,3,4,5,2,5,2,1,1,1,1
1,26,33,0.011642838828265667,0,0,3,4,5,3,5,3,1,1,1,1
1,26,34,6.460950680775568e-05,0,0,3,4,5,4,5,4,1,1,1,1
1,26,36,3.778493555728346e-05,0,0,3,5,5,1,5,1,1,2,1,2
1,26,45,0.21444180607795715,0,1,3,6,5,5,5,5,1,1,1,5
1,26,46,0.0007453789003193378,0,2,3,7,5,0,5,0,1,0,1,4
1,30,3,4.319693471188657e-05,0,0,3,3,5,1,5,1,1,1,1,1
1,30,4,0.0013798750005662441,0,0,3,3,5,1,5,1,1,1,1,1
1,30,5,8.017357686185278e-06,0,0,3,3,5,1,5,1,1,1,1,1
1,30,7,0.09488048404455185,0,0,3,3,5,2,5,2,1,1,1,1
1,30,8,0.009721867740154266,0,0,3,3,5,2,5,2,1,1,1,1
1,30,11,0.4257081151008606,0,0,3,3,5,2,5,2,1,1,1,1
1,30,12,0.303049772977829,0,0,3,3,5,2,5,2,1,1,1,1
1,30,14,0.0006773769855499268,0,0,3,3,5,3,5,3,1,1,1,1
1,30,16,0.001123877358622849,0,0,3,3,5,3,5,3,1,1,1,1
1,30,17,0.0001221330458065495,0,0,3,3,5,3,5,3,1,1,1,1
1,30,19,5.825251355418004e-05,0,0,3,3,5,4,5,4,1,1,1,1
1,30,20,0.0001678189728409052,0,0,3,3,5,4,5,4,1,1,1,1
1,30,21,0.00012775325740221888,0,0,3,3,5,4,5,4,1,1,1,1
1,30,22,0.0005563970771618187,0,0,3,3,5,4,5,4,1,1,1,1
1,30,23,0.00029115285724401474,0,0,3,3,5,4,5,4,1,1,1,1
1,30,27,9.885765757644549e-05,0,0,3,3,5,5,5,5,1,1,1,1
1,30,28,0.00253993715159595,0,0,3,3,5,5,5,5,1,1,1,1
1,30,29,0.00031543319346383214,0,0,3,3,5,5,5,5,1,1,1,1
1,30,32,0.11355184018611908,0,0,3,4,5,2,5,2,1,1,1,1
1,30,33,0.006947842426598072,0,0,3,4,5,3,5,3,1,1,1,1
1,30,34,4.178860399406403e-05,0,0,3,4,5,4,5,4,1,1,1,1
1,30,36,3.065102646360174e-05,0,0,3,5,5,1,5,1,1,2,1,2
1,30,45,0.03804459422826767,0,1,3,6,5,5,5,5,1,1,1,5
1,30,46,0.0005131044308654964,0,2,3,7,5,0,5,0,1,0,1,4
1,31,3,0.00010477277828613296,0,0,4,3,1,1,1,1,1,1,1,1
1,31,4,0.00019097505719400942,0,0,4,3,1,1,1,1,1,1,1,1
1,31,5,4.1685012547532097e-05,0,0,4,3,1,1,1,1,1,1,1,1
1,31,7,0.009903555735945702,0,0,4,3,1,2,1,2,1,1,1,1
1,31,8,0.0006486244383268058,0,0,4,3,1,2,1,2,1,1,1,1
1,31,11,0.029986204579472542,0,0,4,3,1,2,1,2,1,1,1,1
1,31,12,0.005239025689661503,0,0,4,3,1,2,1,2,1,1,1,1
1,31,14,0.018130218610167503,0,0,4,3,1,3,1,3,1,1,1,1
1,31,16,0.00275024794973433,0,0,4,3,1,3,1,3,1,1,1,1
1,31,17,0.023312941193580627,0,0,4,3,1,3,1,3,1,1,1,1
1,31,19,4.455778980627656e-05,0,0,4,3,1,4,1,4,1,1,1,1
1,31,20,9.714405314298347e-05,0,0,4,3,1,4,1,4,1,1,1,1
1,31,21,0.0002814629697240889,0,0,4,3,1,4,1,4,1,1,1,1
1,31,22,0.00027947878697887063,0,0,4,3,1,4,1,4,1,1,1,1
1,31,23,0.00011017463111784309,0,0,4,3,1,4,1,4,1,1,1,1
1,31,27,0.00011914940841961652,0,0,4,3,1,5,1,5,1,1,1,1
1,31,28,0.0005272368434816599,0,0,4,3,1,5,1,5,1,1,1,1
1,31,29,7.225577428471297e-05,0,0,4,3,1,5,1,5,1,1,1,1
1,31,32,0.017897529527544975,0,0,4,4,1,2,1,2,1,1,1,1
1,31,33,0.8835934996604919,0,0,4,4,1,3,1,3,1,1,1,1
1,31,34,0.000111683904833626,0,0,4,4,1,4,1,4,1,1,1,1
1,31,36,0.00016479265468660742,0,0,4,5,1,1,1,1,1,2,1,2
1,31,45,0.006093825213611126,0,1,4,6,1,5,1,5,1,1,1,5
1,31,46,0.000299101579003036,0,2,4,7,1,0,1,0,1,0,1,4
1,35,3,4.101933882338926e-05,0,0,4,3,5,1,5,1,1,1,1,1
1,35,4,0.0014363026712089777,0,0,4,3,5,1,5,1,1,1,1,1
1,35,5,3.45832813763991e-05,0,0,4,3,5,1,5,1,1,1,1,1
1,35,7,0.0018505787011235952,0,0,4,3,5,2,5,2,1,1,1,1
1,35,8,0.0010931581491604447,0,0,4,3,5,2,5,2,1,1,1,1
1,35,11,0.005572870839387178,0,0,4,3,5,2,5,2,1,1,1,1
1,35,12,0.018184693530201912,0,0,4,3,5,2,5,2,1,1,1,1
1,35,14,0.0005361884832382202,0,0,4,3,5,3,5,3,1,1,1,1
1,35,16,0.00046593660954385996,0,0,4,3,5,3,5,3,1,1,1,1
1,35,17,0.00019393573165871203,0,0,4,3,5,3,5,3,1,1,1,1
1,35,19,9.835828677751124e-05,0,0,4,3,5,4,5,4,1,1,1,1
1,35,20,0.0003942333278246224,0,0,4,3,5,4,5,4,1,1,1,1
1,35,21,0.0005209985538385808,0,0,4,3,5,4,5,4,1,1,1,1
1,35,22,0.00037340307608246803,0,0,4,3,5,4,5,4,1,1,1,1
1,35,23,0.0008466072613373399,0,0,4,3,5,4,5,4,1,1,1,1
1,35,27,0.00029597856337204576,0,0,4,3,5,5,5,5,1,1,1,1
1,35,28,0.0040695625357329845,0,0,4,3,5,5,5,5,1,1,1,1
1,35,29,0.00030039940611459315,0,0,4,3,5,5,5,5,1,1,1,1
1,35,32,0.02224527671933174,0,0,4,4,5,2,5,2,1,1,1,1
1,35,33,0.0018341807881370187,0,0,4,4,5,3,5,3,1,1,1,1
1,35,34,0.00037230958696454763,0,0,4,4,5,4,5,4,1,1,1,1
1,35,36,0.00020058071822859347,0,0,4,5,5,1,5,1,1,2,1,2
1,35,45,0.9354586601257324,0,1,4,6,5,5,5,5,1,1,1,5
1,35,46,0.003580539720132947,0,2,4,7,5,0,5,0,1,0,1,4
1,37,3,0.00027444036095403135,0,0,5,3,2,1,2,1,2,1,2,1
1,37,4,0.00010326274787075818,0,0,5,3,2,1,2,1,2,1,2,1
1,37,5,4.293341044103727e-05,0,0,5,3,2,1,2,1,2,1,2,1
1,37,7,0.02806883677840233,0,0,5,3,2,2,2,2,2,1,2,1
1,37,8,0.0005703988135792315,0,0,5,3,2,2,2,2,2,1,2,1
1,37,11,0.031382620334625244,0,0,5,3,2,2,2,2,2,1,2,1
1,37,12,0.002077222103253007,0,0,5,3,2,2,2,2,2,1,2,1
1,37,14,0.007318408228456974,0,0,5,3,2,3,2,3,2,1,2,1
1,37,16,0.0032332702539861202,0,0,5,3,2,3,2,3,2,1,2,1
1,37,17,0.02593768760561943,0,0,5,3,2,3,2,3,2,1,2,1
1,37,19,0.00010984925756929442,0,0,5,3,2,4,2,4,2,1,2,1
1,37,20,4.838265886064619e-05,0,0,5,3,2,4,2,4,2,1,2,1
1,37,21,0.0001682726142462343,0,0,5,3,2,4,2,4,2,1,2,1
1,37,22,0.00015671081200707704,0,0,5,3,2,4,2,4,2,1,2,1
1,37,23,3.952399856643751e-05,0,0,5,3,2,4,2,4,2,1,2,1
1,37,27,0.00016652059275656939,0,0,5,3,2,5,2,5,2,1,2,1
1,37,28,0.00033868267200887203,0,0,5,3,2,5,2,5,2,1,2,1
1,37,29,0.0001094694307539612,0,0,5,3,2,5,2,5,2,1,2,1
1,37,32,0.004337755497545004,0,0,5,4,2,2,2,2,2,1,2,1
1,37,33,0.8951162695884705,0,0,5,4,2,3,2,3,2,1,2,1
1,37,34,0.00016125565161928535,0,0,5,4,2,4,2,4,2,1,2,1
1,37,36,5.1009064918616787e-05,0,0,5,5,2,1,2,1,2,2,2,2
1,37,45,8.769093983573839e-05,0,1,5,6,2,5,2,5,2,1,2,5
1,37,46,9.909673099173233e-05,0,2,5,7,2,0,2,0,2,0,2,4
1,38,3,3.9528149500256404e-06,0,0,5,3,3,1,3,1,2,1,2,1
1,38,4,1.7962538834126462e-07,0,0,5,3,3,1,3,1,2,1,2,1
1,38,5,2.8797850859518803e-07,0,0,5,3,3,1,3,1,2,1,2,1
1,38,7,5.70773863728391e-06,0,0,5,3,3,2,3,2,2,1,2,1
1,38,8,1.26459184457417e-07,0,0,5,3,3,2,3,2,2,1,2,1
1,38,11,1.2028728633595165e-05,0,0,5,3,3,2,3,2,2,1,2,1
1,38,12,6.106531031946361e-07,0,0,5,3,3,2,3,2,2,1,2,1
1,38,14,2.259293250972405e-05,0,0,5,3,3,3,3,3,2,1,2,1
1,38,16,1.7187239791383035e-05,0,0,5,3,3,3,3,3,2,1,2,1
1,38,17,0.0005952970241196454,0,0,5,3,3,3,3,3,2,1,2,1
1,38,19,3.4338982004555874e-06,0,0,5,3,3,4,3,4,2,1,2,1
1,38,20,2.0251220576028572e-06,0,0,5,3,3,4,3,4,2,1,2,1
1,38,21,1.3126707017363515e-05,0,0,5,3,3,4,3,4,2,1,2,1
1,38,22,3.1269055966731685e-07,0,0,5,3,3,4,3,4,2,1,2,1
1,38,23,1.915033180921455e-06,0,0,5,3,3,4,3,4,2,1,2,1
1,38,27,1.7743281205184758e-05,0,0,5,3,3,5,3,5,2,1,2,1
1,38,28,8.811594307189807e-05,0,0,5,3,3,5,3,5,2,1,2,1
1,38,29,2.0187001155136386e-06,0,0,5,3,3,5,3,5,2,1,2,1
1,38,32,1.1698783055180684e-05,0,0,5,4,3,2,3,2,2,1,2,1
1,38,33,0.9990773797035217,0,0,5,4,3,3,3,3,2,1,2,1
1,38,34,0.00011090638872701675,0,0,5,4,3,4,3,4,2,1,2,1
1,38,36,2.921433690517006e-07,0,0,5,5,3,1,3,1,2,2,2,2
1,38,45,8.965377674030606e-06,0,1,5,6,3,5,3,5,2,1,2,5
1,38,46,3.585458443922107e-06,0,2,5,7,3,0,3,0,2,0,2,4
1,39,3,7.981655653566122e-05,0,0,5,3,4,1,4,1,2,1,2,1
1,39,4,1.5645002349629067e-05,0,0,5,3,4,1,4,1,2,1,2,1
1,39,5,4.589909167407313e-06,0,0,5,3,4,1,4,1,2,1,2,1
1,39,7,0.013349666260182858,0,0,5,3,4,2,4,2,2,1,2,1
1,39,8,0.0002438942901790142,0,0,5,3,4,2,4,2,2,1,2,1
1,39,11,0.00430289376527071,0,0,5,3,4,2,4,2,2,1,2,1
1,39,12,0.00023692959803156555,0,0,5,3,4,2,4,2,2,1,2,1
1,39,14,0.002211563987657428,0,0,5,3,4,3,4,3,2,1,2,1
1,39,16,0.0035107689909636974,0,0,5,3,4,3,4,3,2,1,2,1
1,39,17,0.013442423194646835,0,0,5,3,4,3,4,3,2,1,2,1
1,39,19,4.422097117640078e-05,0,0,5,3,4,4,4,4,2,1,2,1
1,39,20,1.4909348465153016e-05,0,0,5,3,4,4,4,4,2,1,2,1
1,39,21,2.397766184003558e-05,0,0,5,3,4,4,4,4,2,1,2,1
1,39,22,1.3789828699373174e-05,0,0,5,3,4,4,4,4,2,1,2,1
1,39,23,1.6559350115130655e-05,0,0,5,3,4,4,4,4,2,1,2,1
1,39,27,4.001069828518666e-05,0,0,5,3,4,5,4,5,2,1,2,1
1,39,28,0.00011170872312504798,0,0,5,3,4,5,4,5,2,1,2,1
1,39,29,3.3165517379529774e-05,0,0,5,3,4,5,4,5,2,1,2,1
1,39,32,0.00024065775505732745,0,0,5,4,4,2,4,2,2,1,2,1
1,39,33,0.9619638919830322,0,0,5,4,4,3,4,3,2,1,2,1
1,39,34,6.814733205828816e-05,0,0,5,4,4,4,4,4,2,1,2,1
1,39,36,3.3180754144268576e-06,0,0,5,5,4,1,4,1,2,2,2,2
1,39,45,2.2690980472361844e-07,0,1,5,6,4,5,4,5,2,1,2,5
1,39,46,2.7242471333011054e-05,0,2,5,7,4,0,4,0,2,0,2,4
1,40,3,9.032037269207649e-06,0,0,5,3,5,1,5,1,2,1,2,1
1,40,4,3.838632096631045e-07,0,0,5,3,5,1,5,1,2,1,2,1
1,40,5,8.837376697101718e-08,0,0,5,3,5,1,5,1,2,1,2,1
1,40,7,0.8739571571350098,0,0,5,3,5,2,5,2,2,1,2,1
1,40,8,0.0006205402896739542,0,0,5,3,5,2,5,2,2,1,2,1
1,40,11,0.06757427752017975,0,0,5,3,5,2,5,2,2,1,2,1
1,40,12,0.0008081044070422649,0,0,5,3,5,2,5,2,2,1,2,1
1,40,14,0.0002355768665438518,0,0,5,3,5,3,5,3,2,1,2,1
1,40,16,0.0014137367252260447,0,0,5,3,5,3,5,3,2,1,2,1
1,40,17,0.002600366249680519,0,0,5,3,5,3,5,3,2,1,2,1
1,40,19,7.80158359248162e-07,0,0,5,3,5,4,5,4,2,1,2,1
1,40,20,3.4738835097414267e-07,0,0,5,3,5,4,5,4,2,1,2,1
1,40,21,1.1146250500360111e-07,0,0,5,3,5,4,5,4,2,1,2,1
1,40,22,8.87747660271998e-07,0,0,5,3,5,4,5,4,2,1,2,1
1,40,23,4.458307500954106e-08,0,0,5,3,5,4,5,4,2,1,2,1
1,40,27,4.861170737058274e-07,0,0,5,3,5,5,5,5,2,1,2,1
1,40,28,5.944843337601924e-07,0,0,5,3,5,5,5,5,2,1,2,1
1,40,29,2.2230301510717254e-06,0,0,5,3,5,5,5,5,2,1,2,1
1,40,32,3.39736943715252e-05,0,0,5,4,5,2,5,2,2,1,2,1
1,40,33,0.0527409203350544,0,0,5,4,5,3,5,3,2,1,2,1
1,40,34,1.6444882078303635e-07,0,0,5,4,5,4,5,4,2,1,2,1
1,40,36,1.7937392016165177e-08,0,0,5,5,5,1,5,1,2,2,2,2
1,40,45,3.417016669615691e-12,0,1,5,6,5,5,5,5,2,1,2,5
1,40,46,2.4107021090458147e-07,0,2,5,7,5,0,5,0,2,0,2,4
1,41,3,0.0005480093532241881,1,0,6,3,1,1,1,1,1,1,5,1
1,41,4,0.0014686707872897387,1,0,6,3,1,1,1,1,1,1,5,1
1,41,5,0.00020879886869806796,1,0,6,3,1,1,1,1,1,1,5,1
1,41,7,0.0065964325331151485,1,0,6,3,1,2,1,2,1,1,5,1
1,41,8,0.0017645820043981075,1,0,6,3,1,2,1,2,1,1,5,1
1,41,11,0.011625422164797783,1,0,6,3,1,2,1,2,1,1,5,1
1,41,12,0.006228398997336626,1,0,6,3,1,2,1,2,1,1,5,1
1,41,14,0.01486677024513483,1,0,6,3,1,3,1,3,1,1,5,1
1,41,16,0.011309590190649033,1,0,6,3,1,3,1,3,1,1,5,1
1,41,17,0.0281621553003788,1,0,6,3,1,3,1,3,1,1,5,1
1,41,19,0.0005784189561381936,1,0,6,3,1,4,1,4,1,1,5,1
1,41,20,0.0011851669987663627,1,0,6,3,1,4,1,4,1,1,5,1
1,41,21,0.0033675963059067726,1,0,6,3,1,4,1,4,1,1,5,1
1,41,22,0.0012591128470376134,1,0,6,3,1,4,1,4,1,1,5,1
1,41,23,0.0024606769438833,1,0,6,3,1,4,1,4,1,1,5,1
1,41,27,0.0010008964454755187,1,0,6,3,1,5,1,5,1,1,5,1
1,41,28,0.005269149783998728,1,0,6,3,1,5,1,5,1,1,5,1
1,41,29,0.001016235793940723,1,0,6,3,1,5,1,5,1,1,5,1
1,41,32,0.02310752682387829,1,0,6,4,1,2,1,2,1,1,5,1
1,41,33,0.7964985370635986,1,0,6,4,1,3,1,3,1,1,5,1
1,41,34,0.0036314581520855427,1,0,6,4,1,4,1,4,1,1,5,1
1,41,36,0.0028292308561503887,1,0,6,5,1,1,1,1,1,2,5,2
1,41,45,0.06515949219465256,1,1,6,6,1,5,1,5,1,1,5,5
1,41,46,0.009857339784502983,1,2,6,7,1,0,1,0,1,0,5,4
1,42,3,1.2041732588841114e-06,1,0,6,3,2,1,2,1,1,1,5,1
1,42,4,1.011439053399954e-05,1,0,6,3,2,1,2,1,1,1,5,1
1,42,5,3.5422503970039543e-06,1,0,6,3,2,1,2,1,1,1,5,1
1,42,7,5.4445403740999154e-09,1,0,6,3,2,2,2,2,1,1,5,1
1,42,8,4.99970802536609e-08,1,0,6,3,2,2,2,2,1,1,5,1
1,42,11,2.485625394399449e-08,1,0,6,3,2,2,2,2,1,1,5,1
1,42,12,2.3089955902833026e-07,1,0,6,3,2,2,2,2,1,1,5,1
1,42,14,2.7177261472388636e-06,1,0,6,3,2,3,2,3,1,1,5,1
1,42,16,7.308976250897103e-07,1,0,6,3,2,3,2,3,1,1,5,1
1,42,17,1.9118031104881084e-06,1,0,6,3,2,3,2,3,1,1,5,1
1,42,19,5.860115834366297e-06,1,0,6,3,2,4,2,4,1,1,5,1
1,42,20,1.1951909073104616e-05,1,0,6,3,2,4,2,4,1,1,5,1
1,42,21,0.00010819538874784485,1,0,6,3,2,4,2,4,1,1,5,1
1,42,22,5.951069397269748e-06,1,0,6,3,2,4,2,4,1,1,5,1
1,42,23,6.624666275456548e-05,1,0,6,3,2,4,2,4,1,1,5,1
1,42,27,2.4249589841929264e-05,1,0,6,3,2,5,2,5,1,1,5,1
1,42,28,0.0001551900786580518,1,0,6,3,2,5,2,5,1,1,5,1
1,42,29,6.529327038151678e-06,1,0,6,3,2,5,2,5,1,1,5,1
1,42,32,6.342005235637771e-06,1,0,6,4,2,2,2,2,1,1,5,1
1,42,33,1.3363041944103315e-05,1,0,6,4,2,3,2,3,1,1,5,1
1,42,34,0.00023530240287072957,1,0,6,4,2,4,2,4,1,1,5,1
1,42,36,0.00018302445823792368,1,0,6,5,2,1,2,1,1,2,5,2
1,42,45,0.9988675713539124,1,1,6,6,2,5,2,5,1,1,5,5
1,42,46,0.00028962516807951033,1,2,6,7,2,0,2,0,1,0,5,4
1,43,3,1.7133061191998422e-08,1,0,6,3,3,1,3,1,1,1,5,1
1,43,4,4.0101096487887844e-07,1,0,6,3,3,1,3,1,1,1,5,1
1,43,5,4.83872604206681e-08,1,0,6,3,3,1,3,1,1,1,5,1
1,43,7,5.844524170184329e-11,1,0,6,3,3,2,3,2,1,1,5,1
1,43,8,7.126546019975422e-10,1,0,6,3,3,2,3,2,1,1,5,1
1,43,11,8.322169064989282e-10,1,0,6,3,3,2,3,2,1,1,5,1
1,43,12,6.556145404346125e-09,1,0,6,3,3,2,3,2,1,1,5,1
1,43,14,1.6317338591420594e-08,1,0,6,3,3,3,3,3,1,1,5,1
1,43,16,2.831715084639086e-09,1,0,6,3,3,3,3,3,1,1,5,1
1,43,17,1.5761939309300033e-08,1,0,6,3,3,3,3,3,1,1,5,1
1,43,19,1.962709035296939e-07,1,0,6,3,3,4,3,4,1,1,5,1
1,43,20,2.8609770197363105e-07,1,0,6,3,3,4,3,4,1,1,5,1
1,43,21,4.585652732203016e-06,1,0,6,3,3,4,3,4,1,1,5,1
1,43,22,5.659344992636761e-08,1,0,6,3,3,4,3,4,1,1,5,1
1,43,23,2.059211055893684e-06,1,0,6,3,3,4,3,4,1,1,5,1
1,43,27,5.919100090068241e-07,1,0,6,3,3,5,3,5,1,1,5,1
1,43,28,7.982555871421937e-06,1,0,6,3,3,5,3,5,1,1,5,1
1,43,29,7.951904024139367e-08,1,0,6,3,3,5,3,5,1,1,5,1
1,43,32,6.468221727118362e-07,1,0,6,4,3,2,3,2,1,1,5,1
1,43,33,3.82878596383307e-07,1,0,6,4,3,3,3,3,1,1,5,1
1,43,34,1.2734489246213343e-05,1,0,6,4,3,4,3,4,1,1,5,1
1,43,36,1.0143138524654205e-06,1,0,6,5,3,1,3,1,1,2,5,2
1,43,45,0.9999507069587708,1,1,6,6,3,5,3,5,1,1,5,5
1,43,46,1.0327283234801143e-05,1,2,6,7,3,0,3,0,1,0,5,4
1,44,3,0.0002635804994497448,1,0,6,3,4,1,4,1,1,1,5,1
1,44,4,0.001463957829400897,1,0,6,3,4,1,4,1,1,1,5,1
1,44,5,0.00043973809806630015,1,0,6,3,4,1,4,1,1,1,5,1
1,44,7,1.535231785965152e-05,1,0,6,3,4,2,4,2,1,1,5,1
1,44,8,0.00013407913502305746,1,0,6,3,4,2,4,2,1,1,5,1
1,44,11,5.267388769425452e-05,1,0,6,3,4,2,4,2,1,1,5,1
1,44,12,0.000145251106005162,1,0,6,3,4,2,4,2,1,1,5,1
1,44,14,0.0019814693368971348,1,0,6,3,4,3,4,3,1,1,5,1
1,44,16,0.0006101999897509813,1,0,6,3,4,3,4,3,1,1,5,1
1,44,17,0.0006965264328755438,1,0,6,3,4,3,4,3,1,1,5,1
1,44,19,0.0028360041324049234,1,0,6,3,4,4,4,4,1,1,5,1
1,44,20,0.003014518413692713,1,0,6,3,4,4,4,4,1,1,5,1
1,44,21,0.0070965904742479324,1,0,6,3,4,4,4,4,1,1,5,1
1,44,22,0.0011843823594972491,1,0,6,3,4,4,4,4,1,1,5,1
1,44,23,0.018808061257004738,1,0,6,3,4,4,4,4,1,1,5,1
1,44,27,0.002532865619286895,1,0,6,3,4,5,4,5,1,1,5,1
1,44,28,0.022399289533495903,1,0,6,3,4,5,4,5,1,1,5,1
1,44,29,0.0011687858495861292,1,0,6,3,4,5,4,5,1,1,5,1
1,44,32,0.002508969511836767,1,0,6,4,4,2,4,2,1,1,5,1
1,44,33,0.009926441125571728,1,0,6,4,4,3,4,3,1,1,5,1
1,44,34,0.020819371566176414,1,0,6,4,4,4,4,4,1,1,5,1
1,44,36,0.0016282879514619708,1,0,6,5,4,1,4,1,1,2,5,2
1,44,45,0.8958248496055603,1,1,6,6,4,5,4,5,1,1,5,5
1,44,46,0.00444846972823143,1,2,6,7,4,0,4,0,1,0,5,4
2,0,7,9.678218339104205e-05,0,0,1,3,0,2,0,2,2,1,4,1
2,0,8,0.00010054242011392489,0,0,1,3,0,2,0,2,2,1,4,1
2,0,9,0.0005319640622474253,0,0,1,3,0,2,0,2,2,1,4,1
2,0,11,0.0004489159327931702,0,0,1,3,0,2,0,2,2,1,4,1
2,0,13,0.00021359809034038335,0,0,1,3,0,3,0,3,2,1,4,1
2,0,16,0.0009539467864669859,0,0,1,3,0,3,0,3,2,1,4,1
2,0,18,0.0005903377314098179,0,0,1,3,0,3,0,3,2,1,4,1
2,0,20,0.0032514443155378103,0,0,1,3,0,4,0,4,2,1,4,1
2,0,22,0.0009373357170261443,0,0,1,3,0,4,0,4,2,1,4,1
2,0,24,0.0010972953168675303,0,0,1,3,0,4,0,4,2,1,4,1
2,0,25,0.0032564287539571524,0,0,1,3,0,5,0,5,2,1,4,1
2,0,27,0.0006362692802213132,0,0,1,3,0,5,0,5,2,1,4,1
2,0,28,0.0003556618466973305,0,0,1,3,0,5,0,5,2,1,4,1
2,0,29,0.0023721486795693636,0,0,1,3,0,5,0,5,2,1,4,1
2,0,32,5.725294613512233e-05,0,0,1,4,0,2,0,2,2,1,4,1
2,0,37,0.005960244219750166,0,0,1,5,0,2,0,2,2,2,4,2
2,0,39,0.004334150813519955,0,0,1,5,0,4,0,4,2,2,4,2
2,0,40,0.9734543561935425,0,0,1,5,0,5,0,5,2,2,4,2
2,0,41,3.521165808706428e-06,0,1,1,6,0,1,0,1,2,1,4,5
2,0,42,1.0378280421718955e-05,0,1,1,6,0,2,0,2,2,1,4,5
2,0,43,8.245589560829103e-05,0,1,1,6,0,3,0,3,2,1,4,5
2,0,44,2.339549973839894e-05,0,1,1,6,0,4,0,4,2,1,4,5
2,0,45,0.0012312103062868118,0,1,1,6,0,5,0,5,2,1,4,5
2,1,7,0.000413726840633899,0,0,3,3,1,2,1,2,1,1,1,1
2,1,8,0.0006590354605577886,0,0,3,3,1,2,1,2,1,1,1,1
2,1,9,0.00018918997375294566,0,0,3,3,1,2,1,2,1,1,1,1
2,1,11,0.0005384145770221949,0,0,3,3,1,2,1,2,1,1,1,1
2,1,13,0.001870564417913556,0,0,3,3,1,3,1,3,1,1,1,1
2,1,16,0.00019400140445213765,0,0,3,3,1,3,1,3,1,1,1,1
2,1,18,0.0006377844838425517,0,0,3,3,1,3,1,3,1,1,1,1
2,1,20,0.00029816688038408756,0,0,3,3,1,4,1,4,1,1,1,1
2,1,22,0.0002544548478908837,0,0,3,3,1,4,1,4,1,1,1,1
2,1,24,0.00022073279251344502,0,0,3,3,1,4,1,4,1,1,1,1
2,1,25,0.006257505621761084,0,0,3,3,1,5,1,5,1,1,1,1
2,1,27,0.03316503390669823,0,0,3,3,1,5,1,5,1,1,1,1
2,1,28,0.025727951899170876,0,0,3,3,1,5,1,5,1,1,1,1
2,1,29,0.013448720797896385,0,0,3,3,1,5,1,5,1,1,1,1
2,1,32,0.0009561341139487922,0,0,3,4,1,2,1,2,1,1,1,1
2,1,37,7.15381684130989e-05,0,0,3,5,1,2,1,2,1,2,1,2
2,1,39,5.225502900430001e-05,0,0,3,5,1,4,1,4,1,2,1,2
2,1,40,0.000280829583061859,0,0,3,5,1,5,1,5,1,2,1,2
2,1,41,0.8565431833267212,0,1,3,6,1,1,1,1,1,1,1,5
2,1,42,0.0026679071597754955,0,1,3,6,1,2,1,2,1,1,1,5
2,1,43,0.002599327592179179,0,1,3,6,1,3,1,3,1,1,1,5
2,1,44,0.011317536234855652,0,1,3,6,1,4,1,4,1,1,1,5
2,1,45,0.041636232286691666,0,1,3,6,1,5,1,5,1,1,1,5
2,2,7,0.0030520677100867033,0,0,3,3,1,2,1,2,1,1,1,1
2,2,8,0.02484779991209507,0,0,3,3,1,2,1,2,1,1,1,1
2,2,9,0.001803017221391201,0,0,3,3,1,2,1,2,1,1,1,1
2,2,11,0.0027238032780587673,0,0,3,3,1,2,1,2,1,1,1,1
2,2,13,0.015050714835524559,0,0,3,3,1,3,1,3,1,1,1,1
2,2,16,0.0008559770067222416,0,0,3,3,1,3,1,3,1,1,1,1
2,2,18,0.0038843746297061443,0,0,3,3,1,3,1,3,1,1,1,1
2,2,20,0.0038108397275209427,0,0,3,3,1,4,1,4,1,1,1,1
2,2,22,0.007917742244899273,0,0,3,3,1,4,1,4,1,1,1,1
2,2,24,0.003965252079069614,0,0,3,3,1,4,1,4,1,1,1,1
2,2,25,0.03371112421154976,0,0,3,3,1,5,1,5,1,1,1,1
2,2,27,0.38309985399246216,0,0,3,3,1,5,1,5,1,1,1,1
2,2,28,0.368134468793869,0,0,3,3,1,5,1,5,1,1,1,1
2,2,29,0.10265806317329407,0,0,3,3,1,5,1,5,1,1,1,1
2,2,32,0.007469263859093189,0,0,3,4,1,2,1,2,1,1,1,1
2,2,37,9.020229481393471e-05,0,0,3,5,1,2,1,2,1,2,1,2
2,2,39,0.0002082062856061384,0,0,3,5,1,4,1,4,1,2,1,2
2,2,40,0.0002586051996331662,0,0,3,5,1,5,1,5,1,2,1,2
2,2,41,0.029531000182032585,0,1,3,6,1,1,1,1,1,1,1,5
2,2,42,0.00019063110812567174,0,1,3,6,1,2,1,2,1,1,1,5
2,2,43,8.598670683568344e-05,0,1,3,6,1,3,1,3,1,1,1,5
2,2,44,0.002727662678807974,0,1,3,6,1,4,1,4,1,1,1,5
2,2,45,0.003923497162759304,0,1,3,6,1,5,1,5,1,1,1,5
2,3,7,0.0008776444010436535,0,0,3,3,1,2,1,2,1,1,1,1
2,3,8,0.005126303061842918,0,0,3,3,1,2,1,2,1,1,1,1
2,3,9,0.0010413305135443807,0,0,3,3,1,2,1,2,1,1,1,1
2,3,11,0.0012102831387892365,0,0,3,3,1,2,1,2,1,1,1,1
2,3,13,0.004178373608738184,0,0,3,3,1,3,1,3,1,1,1,1
2,3,16,0.00026899497606791556,0,0,3,3,1,3,1,3,1,1,1,1
2,3,18,0.0015687361592426896,0,0,3,3,1,3,1,3,1,1,1,1
2,3,20,0.00038655250682495534,0,0,3,3,1,4,1,4,1,1,1,1
2,3,22,0.0005521017592400312,0,0,3,3,1,4,1,4,1,1,1,1
2,3,24,0.0004146803403273225,0,0,3,3,1,4,1,4,1,1,1,1
2,3,25,0.022681327536702156,0,0,3,3,1,5,1,5,1,1,1,1
2,3,27,0.6853970885276794,0,0,3,3,1,5,1,5,1,1,1,1
2,3,28,0.12949253618717194,0,0,3,3,1,5,1,5,1,1,1,1
2,3,29,0.06841462850570679,0,0,3,3,1,5,1,5,1,1,1,1
2,3,32,0.005211506504565477,0,0,3,4,1,2,1,2,1,1,1,1
2,3,37,0.00018800470570567995,0,0,3,5,1,2,1,2,1,2,1,2
2,3,39,6.746565486537293e-05,0,0,3,5,1,4,1,4,1,2,1,2
2,3,40,0.0005900078685954213,0,0,3,5,1,5,1,5,1,2,1,2
2,3,41,0.06087077036499977,0,1,3,6,1,1,1,1,1,1,1,5
2,3,42,0.00019228202290832996,0,1,3,6,1,2,1,2,1,1,1,5
2,3,43,0.0002695811272133142,0,1,3,6,1,3,1,3,1,1,1,5
2,3,44,0.0006427970947697759,0,1,3,6,1,4,1,4,1,1,1,5
2,3,45,0.010357247665524483,0,1,3,6,1,5,1,5,1,1,1,5
2,4,7,0.003183006774634123,0,0,3,3,1,2,1,2,1,1,1,1
2,4,8,0.010658378712832928,0,0,3,3,1,2,1,2,1,1,1,1
2,4,9,0.0017786527751013637,0,0,3,3,1,2,1,2,1,1,1,1
2,4,11,0.003934680949896574,0,0,3,3,1,2,1,2,1,1,1,1
2,4,13,0.012802083045244217,0,0,3,3,1,3,1,3,1,1,1,1
2,4,16,0.0003831175563391298,0,0,3,3,1,3,1,3,1,1,1,1
2,4,18,0.002793573308736086,0,0,3,3,1,3,1,3,1,1,1,1
2,4,20,0.0029616523534059525,0,0,3,3,1,4,1,4,1,1,1,1
2,4,22,0.007138501387089491,0,0,3,3,1,4,1,4,1,1,1,1
2,4,24,0.0022827531211078167,0,0,3,3,1,4,1,4,1,1,1,1
2,4,25,0.025568727403879166,0,0,3,3,1,5,1,5,1,1,1,1
2,4,27,0.24821193516254425,0,0,3,3,1,5,1,5,1,1,1,1
2,4,28,0.3621595501899719,0,0,3,3,1,5,1,5,1,1,1,1
2,4,29,0.16767403483390808,0,0,3,3,1,5,1,5,1,1,1,1
2,4,32,0.004875520709902048,0,0,3,4,1,2,1,2,1,1,1,1
2,4,37,0.00038642215076833963,0,0,3,5,1,2,1,2,1,2,1,2
2,4,39,0.0005222129402682185,0,0,3,5,1,4,1,4,1,2,1,2
2,4,40,0.0012794921640306711,0,0,3,5,1,5,1,5,1,2,1,2
2,4,41,0.10061623901128769,0,1,3,6,1,1,1,1,1,1,1,5
2,4,42,0.0011107348836958408,0,1,3,6,1,2,1,2,1,1,1,5
2,4,43,0.0007082454394549131,0,1,3,6,1,3,1,3,1,1,1,5
2,4,44,0.011256148107349873,0,1,3,6,1,4,1,4,1,1,1,5
2,4,45,0.02771426923573017,0,1,3,6,1,5,1,5,1,1,1,5
2,5,7,0.0038802900817245245,0,0,3,3,1,2,1,2,1,1,1,1
2,5,8,0.01950107142329216,0,0,3,3,1,2,1,2,1,1,1,1
2,5,9,0.003302975557744503,0,0,3,3,1,2,1,2,1,1,1,1
2,5,11,0.0019114601891487837,0,0,3,3,1,2,1,2,1,1,1,1
2,5,13,0.013196396641433239,0,0,3,3,1,3,1,3,1,1,1,1
2,5,16,0.0020592440851032734,0,0,3,3,1,3,1,3,1,1,1,1
2,5,18,0.0037353355437517166,0,0,3,3,1,3,1,3,1,1,1,1
2,5,20,0.0020873546600341797,0,0,3,3,1,4,1,4,1,1,1,1
2,5,22,0.004410771653056145,0,0,3,3,1,4,1,4,1,1,1,1
2,5,24,0.0038856524042785168,0,0,3,3,1,4,1,4,1,1,1,1
2,5,25,0.11174168437719345,0,0,3,3,1,5,1,5,1,1,1,1
2,5,27,0.43318554759025574,0,0,3,3,1,5,1,5,1,1,1,1
2,5,28,0.19189798831939697,0,0,3,3,1,5,1,5,1,1,1,1
2,5,29,0.12290831655263901,0,0,3,3,1,5,1,5,1,1,1,1
2,5,32,0.005036915186792612,0,0,3,4,1,2,1,2,1,1,1,1
2,5,37,0.00021314635523594916,0,0,3,5,1,2,1,2,1,2,1,2
2,5,39,0.00025566460681147873,0,0,3,5,1,4,1,4,1,2,1,2
2,5,40,0.00041360314935445786,0,0,3,5,1,5,1,5,1,2,1,2
2,5,41,0.06106466054916382,0,1,3,6,1,1,1,1,1,1,1,5
2,5,42,0.0007055052556097507,0,1,3,6,1,2,1,2,1,1,1,5
2,5,43,0.000486408214783296,0,1,3,6,1,3,1,3,1,1,1,5
2,5,44,0.0022594097536057234,0,1,3,6,1,4,1,4,1,1,1,5
2,5,45,0.011860404163599014,0,1,3,6,1,5,1,5,1,1,1,5
2,6,7,0.002449417021125555,0,0,3,3,1,2,1,2,1,1,1,1
2,6,8,0.023714128881692886,0,0,3,3,1,2,1,2,1,1,1,1
2,6,9,0.0012356099905446172,0,0,3,3,1,2,1,2,1,1,1,1
2,6,11,0.0005609665531665087,0,0,3,3,1,2,1,2,1,1,1,1
2,6,13,0.005239687394350767,0,0,3,3,1,3,1,3,1,1,1,1
2,6,16,9.680758375907317e-05,0,0,3,3,1,3,1,3,1,1,1,1
2,6,18,0.0007712324731983244,0,0,3,3,1,3,1,3,1,1,1,1
2,6,20,0.0008349086856469512,0,0,3,3,1,4,1,4,1,1,1,1
2,6,22,0.004991374909877777,0,0,3,3,1,4,1,4,1,1,1,1
2,6,24,0.0010815791320055723,0,0,3,3,1,4,1,4,1,1,1,1
2,6,25,0.0288511011749506,0,0,3,3,1,5,1,5,1,1,1,1
2,6,27,0.3710225224494934,0,0,3,3,1,5,1,5,1,1,1,1
2,6,28,0.4474504590034485,0,0,3,3,1,5,1,5,1,1,1,1
2,6,29,0.1023683175444603,0,0,3,3,1,5,1,5,1,1,1,1
2,6,32,0.0021822345443069935,0,0,3,4,1,2,1,2,1,1,1,1
2,6,37,1.2118813174311072e-05,0,0,3,5,1,2,1,2,1,2,1,2
2,6,39,1.1736297892639413e-05,0,0,3,5,1,4,1,4,1,2,1,2
2,6,40,1.4597573681385256e-05,0,0,3,5,1,5,1,5,1,2,1,2
2,6,41,0.004132626578211784,0,1,3,6,1,1,1,1,1,1,1,5
2,6,42,7.78513858676888e-05,0,1,3,6,1,2,1,2,1,1,1,5
2,6,43,8.190668268071022e-06,0,1,3,6,1,3,1,3,1,1,1,5
2,6,44,0.0005458250525407493,0,1,3,6,1,4,1,4,1,1,1,5
2,6,45,0.0023467065766453743,0,1,3,6,1,5,1,5,1,1,1,5
2,10,7,0.00355598796159029,0,0,3,3,2,2,2,2,1,1,1,1
2,10,8,0.017002567648887634,0,0,3,3,2,2,2,2,1,1,1,1
2,10,9,0.0011672822292894125,0,0,3,3,2,2,2,2,1,1,1,1
2,10,11,0.004289836622774601,0,0,3,3,2,2,2,2,1,1,1,1
2,10,13,0.009724901057779789,0,0,3,3,2,3,2,3,1,1,1,1
2,10,16,0.00262876832857728,0,0,3,3,2,3,2,3,1,1,1,1
2,10,18,0.0038225448224693537,0,0,3,3,2,3,2,3,1,1,1,1
2,10,20,0.00530997896566987,0,0,3,3,2,4,2,4,1,1,1,1
2,10,22,0.0076829250901937485,0,0,3,3,2,4,2,4,1,1,1,1
2,10,24,0.006253720726817846,0,0,3,3,2,4,2,4,1,1,1,1
2,10,25,0.026093298569321632,0,0,3,3,2,5,2,5,1,1,1,1
2,10,27,0.13729794323444366,0,0,3,3,2,5,2,5,1,1,1,1
2,10,28,0.23671577870845795,0,0,3,3,2,5,2,5,1,1,1,1
2,10,29,0.0596429705619812,0,0,3,3,2,5,2,5,1,1,1,1
2,10,32,0.028228063136339188,0,0,3,4,2,2,2,2,1,1,1,1
2,10,37,0.0005560946301557124,0,0,3,5,2,2,2,2,1,2,1,2
2,10,39,0.0011700508184731007,0,0,3,5,2,4,2,4,1,2,1,2
2,10,40,0.0007407293887808919,0,0,3,5,2,5,2,5,1,2,1,2
2,10,41,0.3883817493915558,0,1,3,6,2,1,2,1,1,1,1,5
2,10,42,0.0024647654499858618,0,1,3,6,2,2,2,2,1,1,1,5
2,10,43,0.0009426677715964615,0,1,3,6,2,3,2,3,1,1,1,5
2,10,44,0.03738170489668846,0,1,3,6,2,4,2,4,1,1,1,5
2,10,45,0.0189454797655344,0,1,3,6,2,5,2,5,1,1,1,5
2,12,7,0.0017527082236483693,0,0,3,3,2,2,2,2,1,1,1,1
2,12,8,0.003993181046098471,0,0,3,3,2,2,2,2,1,1,1,1
2,12,9,0.0005494616343639791,0,0,3,3,2,2,2,2,1,1,1,1
2,12,11,0.0027127626817673445,0,0,3,3,2,2,2,2,1,1,1,1
2,12,13,0.009649820625782013,0,0,3,3,2,3,2,3,1,1,1,1
2,12,16,0.005770387127995491,0,0,3,3,2,3,2,3,1,1,1,1
2,12,18,0.0029393199365586042,0,0,3,3,2,3,2,3,1,1,1,1
2,12,20,0.030358683317899704,0,0,3,3,2,4,2,4,1,1,1,1
2,12,22,0.028027845546603203,0,0,3,3,2,4,2,4,1,1,1,1
2,12,24,0.02841329574584961,0,0,3,3,2,4,2,4,1,1,1,1
2,12,25,0.029632726684212685,0,0,3,3,2,5,2,5,1,1,1,1
2,12,27,0.01619533821940422,0,0,3,3,2,5,2,5,1,1,1,1
2,12,28,0.38660791516304016,0,0,3,3,2,5,2,5,1,1,1,1
2,12,29,0.03433500602841377,0,0,3,3,2,5,2,5,1,1,1,1
2,12,32,0.013139985501766205,0,0,3,4,2,2,2,2,1,1,1,1
2,12,37,0.0004179395327810198,0,0,3,5,2,2,2,2,1,2,1,2
2,12,39,0.018747685477137566,0,0,3,5,2,4,2,4,1,2,1,2
2,12,40,0.012561111710965633,0,0,3,5,2,5,2,5,1,2,1,2
2,12,41,0.06397034972906113,0,1,3,6,2,1,2,1,1,1,1,5
2,12,42,0.002897600643336773,0,1,3,6,2,2,2,2,1,1,1,5
2,12,43,0.0034172828309237957,0,1,3,6,2,3,2,3,1,1,1,5
2,12,44,0.24790500104427338,0,1,3,6,2,4,2,4,1,1,1,5
2,12,45,0.05600448325276375,0,1,3,6,2,5,2,5,1,1,1,5
2,14,7,0.0018742651445791125,0,0,3,3,3,2,3,2,1,1,1,1
2,14,8,0.007357893045991659,0,0,3,3,3,2,3,2,1,1,1,1
2,14,9,0.005225781816989183,0,0,3,3,3,2,3,2,1,1,1,1
2,14,11,0.0042386604472994804,0,0,3,3,3,2,3,2,1,1,1,1
2,14,13,0.019687455147504807,0,0,3,3,3,3,3,3,1,1,1,1
2,14,16,0.06577426940202713,0,0,3,3,3,3,3,3,1,1,1,1
2,14,18,0.02141803875565529,0,0,3,3,3,3,3,3,1,1,1,1
2,14,20,0.17454546689987183,0,0,3,3,3,4,3,4,1,1,1,1
2,14,22,0.07483871281147003,0,0,3,3,3,4,3,4,1,1,1,1
2,14,24,0.20122653245925903,0,0,3,3,3,4,3,4,1,1,1,1
2,14,25,0.03357486054301262,0,0,3,3,3,5,3,5,1,1,1,1
2,14,27,0.009104530327022076,0,0,3,3,3,5,3,5,1,1,1,1
2,14,28,0.04019669070839882,0,0,3,3,3,5,3,5,1,1,1,1
2,14,29,0.019033826887607574,0,0,3,3,3,5,3,5,1,1,1,1
2,14,32,0.014623667113482952,0,0,3,4,3,2,3,2,1,1,1,1
2,14,37,0.013787711039185524,0,0,3,5,3,2,3,2,1,2,1,2
2,14,39,0.1437893956899643,0,0,3,5,3,4,3,4,1,2,1,2
2,14,40,0.04870777949690819,0,0,3,5,3,5,3,5,1,2,1,2
2,14,41,0.002969438210129738,0,1,3,6,3,1,3,1,1,1,1,5
2,14,42,0.00281060510315001,0,1,3,6,3,2,3,2,1,1,1,5
2,14,43,0.013204241171479225,0,1,3,6,3,3,3,3,1,1,1,5
2,14,44,0.060466568917036057,0,1,3,6,3,4,3,4,1,1,1,5
2,14,45,0.0215437114238739,0,1,3,6,3,5,3,5,1,1,1,5
2,15,7,0.009898241609334946,0,0,3,3,3,2,3,2,1,1,1,1
2,15,8,0.03446449711918831,0,0,3,3,3,2,3,2,1,1,1,1
2,15,9,0.02614808827638626,0,0,3,3,3,2,3,2,1,1,1,1
2,15,11,0.03048946149647236,0,0,3,3,3,2,3,2,1,1,1,1
2,15,13,0.03942878171801567,0,0,3,3,3,3,3,3,1,1,1,1
2,15,16,0.020580656826496124,0,0,3,3,3,3,3,3,1,1,1,1
2,15,18,0.0268907081335783,0,0,3,3,3,3,3,3,1,1,1,1
2,15,20,0.1650785356760025,0,0,3,3,3,4,3,4,1,1,1,1
2,15,22,0.11735375970602036,0,0,3,3,3,4,3,4,1,1,1,1
2,15,24,0.11496154963970184,0,0,3,3,3,4,3,4,1,1,1,1
2,15,25,0.014678687788546085,0,0,3,3,3,5,3,5,1,1,1,1
2,15,27,0.024720989167690277,0,0,3,3,3,5,3,5,1,1,1,1
2,15,28,0.08153633028268814,0,0,3,3,3,5,3,5,1,1,1,1
2,15,29,0.039583977311849594,0,0,3,3,3,5,3,5,1,1,1,1
2,15,32,0.01888325810432434,0,0,3,4,3,2,3,2,1,1,1,1
2,15,37,0.00783295463770628,0,0,3,5,3,2,3,2,1,2,1,2
2,15,39,0.012261133641004562,0,0,3,5,3,4,3,4,1,2,1,2
2,15,40,0.008864004164934158,0,0,3,5,3,5,3,5,1,2,1,2
2,15,41,0.06100119650363922,0,1,3,6,3,1,3,1,1,1,1,5
2,15,42,0.011806812137365341,0,1,3,6,3,2,3,2,1,1,1,5
2,15,43,0.014690723270177841,0,1,3,6,3,3,3,3,1,1,1,5
2,15,44,0.07971876114606857,0,1,3,6,3,4,3,4,1,1,1,5
2,15,45,0.039126861840486526,0,1,3,6,3,5,3,5,1,1,1,5
2,17,7,0.0025278283283114433,0,0,3,3,3,2,3,2,1,1,1,1
2,17,8,0.009334374219179153,0,0,3,3,3,2,3,2,1,1,1,1
2,17,9,0.002711029490455985,0,0,3,3,3,2,3,2,1,1,1,1
2,17,11,0.006856794469058514,0,0,3,3,3,2,3,2,1,1,1,1
2,17,13,0.028131363913416862,0,0,3,3,3,3,3,3,1,1,1,1
2,17,16,0.01843065395951271,0,0,3,3,3,3,3,3,1,1,1,1
2,17,18,0.025551820173859596,0,0,3,3,3,3,3,3,1,1,1,1
2,17,20,0.16755607724189758,0,0,3,3,3,4,3,4,1,1,1,1
2,17,22,0.08891750872135162,0,0,3,3,3,4,3,4,1,1,1,1
2,17,24,0.11203090101480484,0,0,3,3,3,4,3,4,1,1,1,1
2,17,25,0.031187299638986588,0,0,3,3,3,5,3,5,1,1,1,1
2,17,27,0.026919974014163017,0,0,3,3,3,5,3,5,1,1,1,1
2,17,28,0.1450577825307846,0,0,3,3,3,5,3,5,1,1,1,1
2,17,29,0.03270217031240463,0,0,3,3,3,5,3,5,1,1,1,1
2,17,32,0.030713578686118126,0,0,3,4,3,2,3,2,1,1,1,1
2,17,37,0.0026874698232859373,0,0,3,5,3,2,3,2,1,2,1,2
2,17,39,0.04553590714931488,0,0,3,5,3,4,3,4,1,2,1,2
2,17,40,0.023058662191033363,0,0,3,5,3,5,3,5,1,2,1,2
2,17,41,0.021113011986017227,0,1,3,6,3,1,3,1,1,1,1,5
2,17,42,0.002134864218533039,0,1,3,6,3,2,3,2,1,1,1,5
2,17,43,0.0047092861495912075,0,1,3,6,3,3,3,3,1,1,1,5
2,17,44,0.13809886574745178,0,1,3,6,3,4,3,4,1,1,1,5
2,17,45,0.03403271362185478,0,1,3,6,3,5,3,5,1,1,1,5
2,19,7,0.0007118906360119581,0,0,3,3,4,2,4,2,1,1,1,1
2,19,8,0.0022965201642364264,0,0,3,3,4,2,4,2,1,1,1,1
2,19,9,0.0005016464274376631,0,0,3,3,4,2,4,2,1,1,1,1
2,19,11,0.0006097383447922766,0,0,3,3,4,2,4,2,1,1,1,1
2,19,13,0.0038700406439602375,0,0,3,3,4,3,4,3,1,1,1,1
2,19,16,0.0003305193386040628,0,0,3,3,4,3,4,3,1,1,1,1
2,19,18,0.0007340422016568482,0,0,3,3,4,3,4,3,1,1,1,1
2,19,20,0.014118959195911884,0,0,3,3,4,4,4,4,1,1,1,1
2,19,22,0.027519207447767258,0,0,3,3,4,4,4,4,1,1,1,1
2,19,24,0.00923412200063467,0,0,3,3,4,4,4,4,1,1,1,1
2,19,25,0.022647539153695107,0,0,3,3,4,5,4,5,1,1,1,1
2,19,27,0.028243135660886765,0,0,3,3,4,5,4,5,1,1,1,1
2,19,28,0.5970083475112915,0,0,3,3,4,5,4,5,1,1,1,1
2,19,29,0.05724776163697243,0,0,3,3,4,5,4,5,1,1,1,1
2,19,32,0.0022582144010812044,0,0,3,4,4,2,4,2,1,1,1,1
2,19,37,9.96050366666168e-05,0,0,3,5,4,2,4,2,1,2,1,2
2,19,39,0.0006047660717740655,0,0,3,5,4,4,4,4,1,2,1,2
2,19,40,0.0017290168907493353,0,0,3,5,4,5,4,5,1,2,1,2
2,19,41,0.017896011471748352,0,1,3,6,4,1,4,1,1,1,1,5
2,19,42,0.0007881770143285394,0,1,3,6,4,2,4,2,1,1,1,5
2,19,43,0.00035032990854233503,0,1,3,6,4,3,4,3,1,1,1,5
2,19,44,0.0883457362651825,0,1,3,6,4,4,4,4,1,1,1,5
2,19,45,0.1228545755147934,0,1,3,6,4,5,4,5,1,1,1,5
2,21,7,0.0005520551931113005,0,0,3,3,4,2,4,2,1,1,1,1
2,21,8,0.0023356019519269466,0,0,3,3,4,2,4,2,1,1,1,1
2,21,9,0.00052554503781721,0,0,3,3,4,2,4,2,1,1,1,1
2,21,11,0.00016154424520209432,0,0,3,3,4,2,4,2,1,1,1,1
2,21,13,0.004302619490772486,0,0,3,3,4,3,4,3,1,1,1,1
2,21,16,0.0010277366964146495,0,0,3,3,4,3,4,3,1,1,1,1
2,21,18,0.00048782641533762217,0,0,3,3,4,3,4,3,1,1,1,1
2,21,20,0.03189757093787193,0,0,3,3,4,4,4,4,1,1,1,1
2,21,22,0.0970127284526825,0,0,3,3,4,4,4,4,1,1,1,1
2,21,24,0.05354566499590874,0,0,3,3,4,4,4,4,1,1,1,1
2,21,25,0.06029801070690155,0,0,3,3,4,5,4,5,1,1,1,1
2,21,27,0.009860922582447529,0,0,3,3,4,5,4,5,1,1,1,1
2,21,28,0.5508238077163696,0,0,3,3,4,5,4,5,1,1,1,1
2,21,29,0.04104700684547424,0,0,3,3,4,5,4,5,1,1,1,1
2,21,32,0.0009486619383096695,0,0,3,4,4,2,4,2,1,1,1,1
2,21,37,2.7050125936511904e-05,0,0,3,5,4,2,4,2,1,2,1,2
2,21,39,0.0011399055365473032,0,0,3,5,4,4,4,4,1,2,1,2
2,21,40,0.0002737414324656129,0,0,3,5,4,5,4,5,1,2,1,2
2,21,41,0.00381137290969491,0,1,3,6,4,1,4,1,1,1,1,5
2,21,42,0.00041097105713561177,0,1,3,6,4,2,4,2,1,1,1,5
2,21,43,0.00022105973039288074,0,1,3,6,4,3,4,3,1,1,1,5
2,21,44,0.10238167643547058,0,1,3,6,4,4,4,4,1,1,1,5
2,21,45,0.03690687194466591,0,1,3,6,4,5,4,5,1,1,1,5
2,23,7,0.0006393797812052071,0,0,3,3,4,2,4,2,1,1,1,1
2,23,8,0.001846719766035676,0,0,3,3,4,2,4,2,1,1,1,1
2,23,9,0.0005038957460783422,0,0,3,3,4,2,4,2,1,1,1,1
2,23,11,0.0009134038118645549,0,0,3,3,4,2,4,2,1,1,1,1
2,23,13,0.003997179213911295,0,0,3,3,4,3,4,3,1,1,1,1
2,23,16,0.0033776091877371073,0,0,3,3,4,3,4,3,1,1,1,1
2,23,18,0.0013011691626161337,0,0,3,3,4,3,4,3,1,1,1,1
2,23,20,0.09675872325897217,0,0,3,3,4,4,4,4,1,1,1,1
2,23,22,0.1326374113559723,0,0,3,3,4,4,4,4,1,1,1,1
2,23,24,0.0641937330365181,0,0,3,3,4,4,4,4,1,1,1,1
2,23,25,0.024283360689878464,0,0,3,3,4,5,4,5,1,1,1,1
2,23,27,0.00589587539434433,0,0,3,3,4,5,4,5,1,1,1,1
2,23,28,0.41746315360069275,0,0,3,3,4,5,4,5,1,1,1,1
2,23,29,0.034241996705532074,0,0,3,3,4,5,4,5,1,1,1,1
2,23,32,0.0037087707314640284,0,0,3,4,4,2,4,2,1,1,1,1
2,23,37,0.0006385477026924491,0,0,3,5,4,2,4,2,1,2,1,2
2,23,39,0.027970124036073685,0,0,3,5,4,4,4,4,1,2,1,2
2,23,40,0.03212263435125351,0,0,3,5,4,5,4,5,1,2,1,2
2,23,41,0.001933727995492518,0,1,3,6,4,1,4,1,1,1,1,5
2,23,42,0.0002790680155158043,0,1,3,6,4,2,4,2,1,1,1,5
2,23,43,0.0002535154635552317,0,1,3,6,4,3,4,3,1,1,1,5
2,23,44,0.11157519370317459,0,1,3,6,4,4,4,4,1,1,1,5
2,23,45,0.03346474841237068,0,1,3,6,4,5,4,5,1,1,1,5
2,26,7,0.0010286008473485708,0,0,3,3,5,2,5,2,1,1,1,1
2,26,8,0.005942228250205517,0,0,3,3,5,2,5,2,1,1,1,1
2,26,9,0.0034605434630066156,0,0,3,3,5,2,5,2,1,1,1,1
2,26,11,0.003543965285643935,0,0,3,3,5,2,5,2,1,1,1,1
2,26,13,0.00819876417517662,0,0,3,3,5,3,5,3,1,1,1,1
2,26,16,0.002378174103796482,0,0,3,3,5,3,5,3,1,1,1,1
2,26,18,0.006435203365981579,0,0,3,3,5,3,5,3,1,1,1,1
2,26,20,0.039832230657339096,0,0,3,3,5,4,5,4,1,1,1,1
2,26,22,0.018744133412837982,0,0,3,3,5,4,5,4,1,1,1,1
2,26,24,0.02256625145673752,0,0,3,3,5,4,5,4,1,1,1,1
2,26,25,0.06275974214076996,0,0,3,3,5,5,5,5,1,1,1,1
2,26,27,0.1483641266822815,0,0,3,3,5,5,5,5,1,1,1,1
2,26,28,0.26655927300453186,0,0,3,3,5,5,5,5,1,1,1,1
2,26,29,0.10481106489896774,0,0,3,3,5,5,5,5,1,1,1,1
2,26,32,0.011778845451772213,0,0,3,4,5,2,5,2,1,1,1,1
2,26,37,0.0014591574436053634,0,0,3,5,5,2,5,2,1,2,1,2
2,26,39,0.0019001741893589497,0,0,3,5,5,4,5,4,1,2,1,2
2,26,40,0.03836055099964142,0,0,3,5,5,5,5,5,1,2,1,2
2,26,41,0.015801098197698593,0,1,3,6,5,1,5,1,1,1,1,5
2,26,42,0.0010547940619289875,0,1,3,6,5,2,5,2,1,1,1,5
2,26,43,0.002711940323933959,0,1,3,6,5,3,5,3,1,1,1,5
2,26,44,0.014402453787624836,0,1,3,6,5,4,5,4,1,1,1,5
2,26,45,0.21790646016597748,0,1,3,6,5,5,5,5,1,1,1,5
2,30,7,0.0006633129669353366,0,0,3,3,5,2,5,2,1,1,1,1
2,30,8,0.005531377159059048,0,0,3,3,5,2,5,2,1,1,1,1
2,30,9,0.00037820052239112556,0,0,3,3,5,2,5,2,1,1,1,1
2,30,11,0.0010821004398167133,0,0,3,3,5,2,5,2,1,1,1,1
2,30,13,0.005213359370827675,0,0,3,3,5,3,5,3,1,1,1,1
2,30,16,0.0013293258380144835,0,0,3,3,5,3,5,3,1,1,1,1
2,30,18,0.0018282331293448806,0,0,3,3,5,3,5,3,1,1,1,1
2,30,20,0.007303241174668074,0,0,3,3,5,4,5,4,1,1,1,1
2,30,22,0.007713003549724817,0,0,3,3,5,4,5,4,1,1,1,1
2,30,24,0.0046610343270003796,0,0,3,3,5,4,5,4,1,1,1,1
2,30,25,0.02432839944958687,0,0,3,3,5,5,5,5,1,1,1,1
2,30,27,0.11169446259737015,0,0,3,3,5,5,5,5,1,1,1,1
2,30,28,0.740897536277771,0,0,3,3,5,5,5,5,1,1,1,1
2,30,29,0.04984179511666298,0,0,3,3,5,5,5,5,1,1,1,1
2,30,32,0.007589632645249367,0,0,3,4,5,2,5,2,1,1,1,1
2,30,37,9.196887549478561e-05,0,0,3,5,5,2,5,2,1,2,1,2
2,30,39,0.0008789466810412705,0,0,3,5,5,4,5,4,1,2,1,2
2,30,40,0.004792146384716034,0,0,3,5,5,5,5,5,1,2,1,2
2,30,41,0.005560031160712242,0,1,3,6,5,1,5,1,1,1,1,5
2,30,42,7.198625098681077e-05,0,1,3,6,5,2,5,2,1,1,1,5
2,30,43,5.356526526156813e-05,0,1,3,6,5,3,5,3,1,1,1,5
2,30,44,0.005039759911596775,0,1,3,6,5,4,5,4,1,1,1,5
2,30,45,0.013457302004098892,0,1,3,6,5,5,5,5,1,1,1,5
2,31,7,0.002099802251905203,0,0,4,3,1,2,1,2,1,1,1,1
2,31,8,0.002845600713044405,0,0,4,3,1,2,1,2,1,1,1,1
2,31,9,0.0024532785173505545,0,0,4,3,1,2,1,2,1,1,1,1
2,31,11,0.001543880789540708,0,0,4,3,1,2,1,2,1,1,1,1
2,31,13,0.001801178907044232,0,0,4,3,1,3,1,3,1,1,1,1
2,31,16,0.0006323057459667325,0,0,4,3,1,3,1,3,1,1,1,1
2,31,18,0.0009411973296664655,0,0,4,3,1,3,1,3,1,1,1,1
2,31,20,0.0004467083199415356,0,0,4,3,1,4,1,4,1,1,1,1
2,31,22,0.0006855843821540475,0,0,4,3,1,4,1,4,1,1,1,1
2,31,24,0.0009841875871643424,0,0,4,3,1,4,1,4,1,1,1,1
2,31,25,0.015417390502989292,0,0,4,3,1,5,1,5,1,1,1,1
2,31,27,0.042504895478487015,0,0,4,3,1,5,1,5,1,1,1,1
2,31,28,0.008848867379128933,0,0,4,3,1,5,1,5,1,1,1,1
2,31,29,0.013421820476651192,0,0,4,3,1,5,1,5,1,1,1,1
2,31,32,0.0034779589623212814,0,0,4,4,1,2,1,2,1,1,1,1
2,31,37,0.0004473936278373003,0,0,4,5,1,2,1,2,1,2,1,2
2,31,39,7.218187965918332e-05,0,0,4,5,1,4,1,4,1,2,1,2
2,31,40,0.00019648298621177673,0,0,4,5,1,5,1,5,1,2,1,2
2,31,41,0.8658486008644104,0,1,4,6,1,1,1,1,1,1,1,5
2,31,42,0.008178086020052433,0,1,4,6,1,2,1,2,1,1,1,5
2,31,43,0.004155916161835194,0,1,4,6,1,3,1,3,1,1,1,5
2,31,44,0.0037968100514262915,0,1,4,6,1,4,1,4,1,1,1,5
2,31,45,0.01920030452311039,0,1,4,6,1,5,1,5,1,1,1,5
2,33,7,0.006762267556041479,0,0,4,3,3,2,3,2,1,1,1,1
2,33,8,0.013023195788264275,0,0,4,3,3,2,3,2,1,1,1,1
2,33,9,0.017474839463829994,0,0,4,3,3,2,3,2,1,1,1,1
2,33,11,0.012366498820483685,0,0,4,3,3,2,3,2,1,1,1,1
2,33,13,0.012127216905355453,0,0,4,3,3,3,3,3,1,1,1,1
2,33,16,0.04884323105216026,0,0,4,3,3,3,3,3,1,1,1,1
2,33,18,0.010480554774403572,0,0,4,3,3,3,3,3,1,1,1,1
2,33,20,0.033238429576158524,0,0,4,3,3,4,3,4,1,1,1,1
2,33,22,0.016861973330378532,0,0,4,3,3,4,3,4,1,1,1,1
2,33,24,0.05432640016078949,0,0,4,3,3,4,3,4,1,1,1,1
2,33,25,0.004822764545679092,0,0,4,3,3,5,3,5,1,1,1,1
2,33,27,0.002248395001515746,0,0,4,3,3,5,3,5,1,1,1,1
2,33,28,0.0028951631393283606,0,0,4,3,3,5,3,5,1,1,1,1
2,33,29,0.003962366841733456,0,0,4,3,3,5,3,5,1,1,1,1
2,33,32,0.0060930862091481686,0,0,4,4,3,2,3,2,1,1,1,1
2,33,37,0.0065294671803712845,0,0,4,5,3,2,3,2,1,2,1,2
2,33,39,0.004039472434669733,0,0,4,5,3,4,3,4,1,2,1,2
2,33,40,0.00046650576405227184,0,0,4,5,3,5,3,5,1,2,1,2
2,33,41,0.47405144572257996,0,1,4,6,3,1,3,1,1,1,1,5
2,33,42,0.08340173959732056,0,1,4,6,3,2,3,2,1,1,1,5
2,33,43,0.09614615887403488,0,1,4,6,3,3,3,3,1,1,1,5
2,33,44,0.07830578833818436,0,1,4,6,3,4,3,4,1,1,1,5
2,33,45,0.011533134616911411,0,1,4,6,3,5,3,5,1,1,1,5
2,34,7,0.008274338208138943,0,0,4,3,4,2,4,2,1,1,1,1
2,34,8,0.007959064096212387,0,0,4,3,4,2,4,2,1,1,1,1
2,34,9,0.012107644230127335,0,0,4,3,4,2,4,2,1,1,1,1
2,34,11,0.007697904948145151,0,0,4,3,4,2,4,2,1,1,1,1
2,34,13,0.005752303637564182,0,0,4,3,4,3,4,3,1,1,1,1
2,34,16,0.021983521059155464,0,0,4,3,4,3,4,3,1,1,1,1
2,34,18,0.002984856953844428,0,0,4,3,4,3,4,3,1,1,1,1
2,34,20,0.05047553777694702,0,0,4,3,4,4,4,4,1,1,1,1
2,34,22,0.05886005982756615,0,0,4,3,4,4,4,4,1,1,1,1
2,34,24,0.06373457610607147,0,0,4,3,4,4,4,4,1,1,1,1
2,34,25,0.03549341857433319,0,0,4,3,4,5,4,5,1,1,1,1
2,34,27,0.008317130617797375,0,0,4,3,4,5,4,5,1,1,1,1
2,34,28,0.048196762800216675,0,0,4,3,4,5,4,5,1,1,1,1
2,34,29,0.0401461236178875,0,0,4,3,4,5,4,5,1,1,1,1
2,34,32,0.009243969805538654,0,0,4,4,4,2,4,2,1,1,1,1
2,34,37,0.0387505404651165,0,0,4,5,4,2,4,2,1,2,1,2
2,34,39,0.022693684324622154,0,0,4,5,4,4,4,4,1,2,1,2
2,34,40,0.029671097174286842,0,0,4,5,4,5,4,5,1,2,1,2
2,34,41,0.1308111548423767,0,1,4,6,4,1,4,1,1,1,1,5
2,34,42,0.04573741927742958,0,1,4,6,4,2,4,2,1,1,1,5
2,34,43,0.02301764115691185,0,1,4,6,4,3,4,3,1,1,1,5
2,34,44,0.22788462042808533,0,1,4,6,4,4,4,4,1,1,1,5
2,34,45,0.10020691156387329,0,1,4,6,4,5,4,5,1,1,1,5
2,35,7,0.00116115587297827,0,0,4,3,5,2,5,2,1,1,1,1
2,35,8,0.0017341638449579477,0,0,4,3,5,2,5,2,1,1,1,1
2,35,9,0.0028437587898224592,0,0,4,3,5,2,5,2,1,1,1,1
2,35,11,0.00416934909299016,0,0,4,3,5,2,5,2,1,1,1,1
2,35,13,0.002775335218757391,0,0,4,3,5,3,5,3,1,1,1,1
2,35,16,0.016649967059493065,0,0,4,3,5,3,5,3,1,1,1,1
2,35,18,0.0041175298392772675,0,0,4,3,5,3,5,3,1,1,1,1
2,35,20,0.004270628094673157,0,0,4,3,5,4,5,4,1,1,1,1
2,35,22,0.0014166627079248428,0,0,4,3,5,4,5,4,1,1,1,1
2,35,24,0.005850928835570812,0,0,4,3,5,4,5,4,1,1,1,1
2,35,25,0.003871108638122678,0,0,4,3,5,5,5,5,1,1,1,1
2,35,27,0.004746972117573023,0,0,4,3,5,5,5,5,1,1,1,1
2,35,28,0.003114349441602826,0,0,4,3,5,5,5,5,1,1,1,1
2,35,29,0.002597522921860218,0,0,4,3,5,5,5,5,1,1,1,1
2,35,32,0.009220845997333527,0,0,4,4,5,2,5,2,1,1,1,1
2,35,37,0.009251526556909084,0,0,4,5,5,2,5,2,1,2,1,2
2,35,39,0.003333684289827943,0,0,4,5,5,4,5,4,1,2,1,2
2,35,40,0.005965351592749357,0,0,4,5,5,5,5,5,1,2,1,2
2,35,41,0.7824289798736572,0,1,4,6,5,1,5,1,1,1,1,5
2,35,42,0.024424390867352486,0,1,4,6,5,2,5,2,1,1,1,5
2,35,43,0.04863562062382698,0,1,4,6,5,3,5,3,1,1,1,5
2,35,44,0.02612224593758583,0,1,4,6,5,4,5,4,1,1,1,5
2,35,45,0.031297121196985245,0,1,4,6,5,5,5,5,1,1,1,5
2,36,7,0.05618906393647194,0,0,5,3,1,2,1,2,2,1,2,1
2,36,8,0.2849561274051666,0,0,5,3,1,2,1,2,2,1,2,1
2,36,9,0.01201693806797266,0,0,5,3,1,2,1,2,2,1,2,1
2,36,11,0.0629381537437439,0,0,5,3,1,2,1,2,2,1,2,1
2,36,13,0.018921397626399994,0,0,5,3,1,3,1,3,2,1,2,1
2,36,16,0.004601663909852505,0,0,5,3,1,3,1,3,2,1,2,1
2,36,18,0.004323109518736601,0,0,5,3,1,3,1,3,2,1,2,1
2,36,20,0.0018481335137039423,0,0,5,3,1,4,1,4,2,1,2,1
2,36,22,0.002664126455783844,0,0,5,3,1,4,1,4,2,1,2,1
2,36,24,0.0013881894992664456,0,0,5,3,1,4,1,4,2,1,2,1
2,36,25,0.02206355705857277,0,0,5,3,1,5,1,5,2,1,2,1
2,36,27,0.26574423909187317,0,0,5,3,1,5,1,5,2,1,2,1
2,36,28,0.025789156556129456,0,0,5,3,1,5,1,5,2,1,2,1
2,36,29,0.22318702936172485,0,0,5,3,1,5,1,5,2,1,2,1
2,36,32,0.0016246570739895105,0,0,5,4,1,2,1,2,2,1,2,1
2,36,37,0.00174334819894284,0,0,5,5,1,2,1,2,2,2,2,2
2,36,39,0.00028695122455246747,0,0,5,5,1,4,1,4,2,2,2,2
2,36,40,0.0006659631035290658,0,0,5,5,1,5,1,5,2,2,2,2
2,36,41,0.008305196650326252,0,1,5,6,1,1,1,1,2,1,2,5
2,36,42,0.0003034082765225321,0,1,5,6,1,2,1,2,2,1,2,5
2,36,43,0.00014408168499357998,0,1,5,6,1,3,1,3,2,1,2,5
2,36,44,0.0001669127232162282,0,1,5,6,1,4,1,4,2,1,2,5
2,36,45,0.0001286015467485413,0,1,5,6,1,5,1,5,2,1,2,5
2,38,7,0.00680135190486908,0,0,5,3,3,2,3,2,2,1,2,1
2,38,8,0.031083323061466217,0,0,5,3,3,2,3,2,2,1,2,1
2,38,9,0.013044637627899647,0,0,5,3,3,2,3,2,2,1,2,1
2,38,11,0.01490860152989626,0,0,5,3,3,2,3,2,2,1,2,1
2,38,13,0.018668629229068756,0,0,5,3,3,3,3,3,2,1,2,1
2,38,16,0.2304306924343109,0,0,5,3,3,3,3,3,2,1,2,1
2,38,18,0.01968822255730629,0,0,5,3,3,3,3,3,2,1,2,1
2,38,20,0.22697819769382477,0,0,5,3,3,4,3,4,2,1,2,1
2,38,22,0.049046069383621216,0,0,5,3,3,4,3,4,2,1,2,1
2,38,24,0.10335984826087952,0,0,5,3,3,4,3,4,2,1,2,1
2,38,25,0.044593408703804016,0,0,5,3,3,5,3,5,2,1,2,1
2,38,27,0.006931351963430643,0,0,5,3,3,5,3,5,2,1,2,1
2,38,28,0.008291657082736492,0,0,5,3,3,5,3,5,2,1,2,1
2,38,29,0.031870655715465546,0,0,5,3,3,5,3,5,2,1,2,1
2,38,32,0.0007915549213066697,0,0,5,4,3,2,3,2,2,1,2,1
2,38,37,0.009276839904487133,0,0,5,5,3,2,3,2,2,2,2,2
2,38,39,0.047998301684856415,0,0,5,5,3,4,3,4,2,2,2,2
2,38,40,0.1346687376499176,0,0,5,5,3,5,3,5,2,2,2,2
2,38,41,2.5099085178226233e-05,0,1,5,6,3,1,3,1,2,1,2,5
2,38,42,8.847298886394128e-05,0,1,5,6,3,2,3,2,2,1,2,5
2,38,43,0.0005795256001874804,0,1,5,6,3,3,3,3,2,1,2,5
2,38,44,0.0005133108352310956,0,1,5,6,3,4,3,4,2,1,2,5
2,38,45,0.00036182356416247785,0,1,5,6,3,5,3,5,2,1,2,5
2,46,7,0.0031990688294172287,2,0,7,3,0,2,0,2,0,1,4,1
2,46,8,0.006133971270173788,2,0,7,3,0,2,0,2,0,1,4,1
2,46,9,0.017674535512924194,2,0,7,3,0,2,0,2,0,1,4,1
2,46,11,0.0022800748702138662,2,0,7,3,0,2,0,2,0,1,4,1
2,46,13,0.029038062319159508,2,0,7,3,0,3,0,3,0,1,4,1
2,46,16,0.0184184443205595,2,0,7,3,0,3,0,3,0,1,4,1
2,46,18,0.03828738257288933,2,0,7,3,0,3,0,3,0,1,4,1
2,46,20,0.06036243215203285,2,0,7,3,0,4,0,4,0,1,4,1
2,46,22,0.04622616618871689,2,0,7,3,0,4,0,4,0,1,4,1
2,46,24,0.10289140045642853,2,0,7,3,0,4,0,4,0,1,4,1
2,46,25,0.3604058027267456,2,0,7,3,0,5,0,5,0,1,4,1
2,46,27,0.049545787274837494,2,0,7,3,0,5,0,5,0,1,4,1
2,46,28,0.01228839997202158,2,0,7,3,0,5,0,5,0,1,4,1
2,46,29,0.06177219748497009,2,0,7,3,0,5,0,5,0,1,4,1
2,46,32,0.002385987900197506,2,0,7,4,0,2,0,2,0,1,4,1
2,46,37,0.01423261221498251,2,0,7,5,0,2,0,2,0,2,4,2
2,46,39,0.023702917620539665,2,0,7,5,0,4,0,4,0,2,4,2
2,46,40,0.07479916512966156,2,0,7,5,0,5,0,5,0,2,4,2
2,46,41,0.0009905591141432524,2,1,7,6,0,1,0,1,0,1,4,5
2,46,42,0.001798975165002048,2,1,7,6,0,2,0,2,0,1,4,5
2,46,43,0.008527847006917,2,1,7,6,0,3,0,3,0,1,4,5
2,46,44,0.006373574025928974,2,1,7,6,0,4,0,4,0,1,4,5
2,46,45,0.05866444110870361,2,1,7,6,0,5,0,5,0,1,4,5
3,7,0,0.13453902304172516,0,0,3,1,2,0,2,0,1,2,1,4
3,7,1,0.0050913202576339245,0,0,3,3,2,1,2,1,1,1,1,1
3,7,2,0.011763492599129677,0,0,3,3,2,1,2,1,1,1,1,1
3,7,3,0.005696010310202837,0,0,3,3,2,1,2,1,1,1,1,1
3,7,4,0.007752829231321812,0,0,3,3,2,1,2,1,1,1,1,1
3,7,5,0.02762899361550808,0,0,3,3,2,1,2,1,1,1,1,1
3,7,6,0.009209237061440945,0,0,3,3,2,1,2,1,1,1,1,1
3,7,10,0.0009688396821729839,0,0,3,3,2,2,2,2,1,1,1,1
3,7,12,0.0003950938116759062,0,0,3,3,2,2,2,2,1,1,1,1
3,7,14,0.001903568976558745,0,0,3,3,2,3,2,3,1,1,1,1
3,7,15,0.0026490353047847748,0,0,3,3,2,3,2,3,1,1,1,1
3,7,17,0.0029506683349609375,0,0,3,3,2,3,2,3,1,1,1,1
3,7,19,0.02762359194457531,0,0,3,3,2,4,2,4,1,1,1,1
3,7,21,0.07899963110685349,0,0,3,3,2,4,2,4,1,1,1,1
3,7,23,0.03703974932432175,0,0,3,3,2,4,2,4,1,1,1,1
3,7,26,0.010744991712272167,0,0,3,3,2,5,2,5,1,1,1,1
3,7,30,0.03179077059030533,0,0,3,3,2,5,2,5,1,1,1,1
3,7,31,0.0052172415889799595,0,0,3,4,2,1,2,1,1,1,1,1
3,7,33,0.00033736322075128555,0,0,3,4,2,3,2,3,1,1,1,1
3,7,34,0.04966859146952629,0,0,3,4,2,4,2,4,1,1,1,1
3,7,35,0.01318841241300106,0,0,3,4,2,5,2,5,1,1,1,1
3,7,36,0.24657604098320007,0,0,3,5,2,1,2,1,1,2,1,2
3,7,38,0.05877011641860008,0,0,3,5,2,3,2,3,1,2,1,2
3,7,46,0.22949546575546265,0,2,3,7,2,0,2,0,1,0,1,4
3,8,0,0.047502003610134125,0,0,3,1,2,0,2,0,1,2,1,4
3,8,1,0.0007318262360058725,0,0,3,3,2,1,2,1,1,1,1,1
3,8,2,0.0038079710211604834,0,0,3,3,2,1,2,1,1,1,1,1
3,8,3,0.0007798172882758081,0,0,3,3,2,1,2,1,1,1,1,1
3,8,4,0.0027453964576125145,0,0,3,3,2,1,2,1,1,1,1,1
3,8,5,0.003133348422124982,0,0,3,3,2,1,2,1,1,1,1,1
3,8,6,0.002291106153279543,0,0,3,3,2,1,2,1,1,1,1,1
3,8,10,9.449305798625574e-05,0,0,3,3,2,2,2,2,1,1,1,1
3,8,12,2.247089105367195e-05,0,0,3,3,2,2,2,2,1,1,1,1
3,8,14,0.00012050108489347622,0,0,3,3,2,3,2,3,1,1,1,1
3,8,15,0.00010604064300423488,0,0,3,3,2,3,2,3,1,1,1,1
3,8,17,8.246175275417045e-05,0,0,3,3,2,3,2,3,1,1,1,1
3,8,19,0.005403709597885609,0,0,3,3,2,4,2,4,1,1,1,1
3,8,21,0.006804489530622959,0,0,3,3,2,4,2,4,1,1,1,1
3,8,23,0.006240283604711294,0,0,3,3,2,4,2,4,1,1,1,1
3,8,26,0.0015207534888759255,0,0,3,3,2,5,2,5,1,1,1,1
3,8,30,0.0023578933905810118,0,0,3,3,2,5,2,5,1,1,1,1
3,8,31,0.001349107944406569,0,0,3,4,2,1,2,1,1,1,1,1
3,8,33,6.288587610470131e-05,0,0,3,4,2,3,2,3,1,1,1,1
3,8,34,0.026987925171852112,0,0,3,4,2,4,2,4,1,1,1,1
3,8,35,0.0033648191019892693,0,0,3,4,2,5,2,5,1,1,1,1
3,8,36,0.3664519786834717,0,0,3,5,2,1,2,1,1,2,1,2
3,8,38,0.02385319024324417,0,0,3,5,2,3,2,3,1,2,1,2
3,8,46,0.4941859245300293,0,2,3,7,2,0,2,0,1,0,1,4
3,9,0,0.03329452872276306,0,0,3,1,2,0,2,0,1,2,1,4
3,9,1,0.0025835977867245674,0,0,3,3,2,1,2,1,1,1,1,1
3,9,2,0.015084684826433659,0,0,3,3,2,1,2,1,1,1,1,1
3,9,3,0.004099832847714424,0,0,3,3,2,1,2,1,1,1,1,1
3,9,4,0.0053931595757603645,0,0,3,3,2,1,2,1,1,1,1,1
3,9,5,0.016795659437775612,0,0,3,3,2,1,2,1,1,1,1,1
3,9,6,0.011852161958813667,0,0,3,3,2,1,2,1,1,1,1,1
3,9,10,0.0006469985237345099,0,0,3,3,2,2,2,2,1,1,1,1
3,9,12,0.0002238324232166633,0,0,3,3,2,2,2,2,1,1,1,1
3,9,14,0.0019079332705587149,0,0,3,3,2,3,2,3,1,1,1,1
3,9,15,0.002609427785500884,0,0,3,3,2,3,2,3,1,1,1,1
3,9,17,0.003317059250548482,0,0,3,3,2,3,2,3,1,1,1,1
3,9,19,0.033800750970840454,0,0,3,3,2,4,2,4,1,1,1,1
3,9,21,0.0898497998714447,0,0,3,3,2,4,2,4,1,1,1,1
3,9,23,0.04718746989965439,0,0,3,3,2,4,2,4,1,1,1,1
3,9,26,0.004920638632029295,0,0,3,3,2,5,2,5,1,1,1,1
3,9,30,0.005365185905247927,0,0,3,3,2,5,2,5,1,1,1,1
3,9,31,0.009500358253717422,0,0,3,4,2,1,2,1,1,1,1,1
3,9,33,0.0004574615159071982,0,0,3,4,2,3,2,3,1,1,1,1
3,9,34,0.13046520948410034,0,0,3,4,2,4,2,4,1,1,1,1
3,9,35,0.007232284173369408,0,0,3,4,2,5,2,5,1,1,1,1
3,9,36,0.43304115533828735,0,0,3,5,2,1,2,1,1,2,1,2
3,9,38,0.07490774244070053,0,0,3,5,2,3,2,3,1,2,1,2
3,9,46,0.06546299159526825,0,2,3,7,2,0,2,0,1,0,1,4
3,11,0,0.05645747855305672,0,0,3,1,2,0,2,0,1,2,1,4
3,11,1,0.0019411956891417503,0,0,3,3,2,1,2,1,1,1,1,1
3,11,2,0.006267571821808815,0,0,3,3,2,1,2,1,1,1,1,1
3,11,3,0.0014814070891588926,0,0,3,3,2,1,2,1,1,1,1,1
3,11,4,0.004455666057765484,0,0,3,3,2,1,2,1,1,1,1,1
3,11,5,0.010670705698430538,0,0,3,3,2,1,2,1,1,1,1,1
3,11,6,0.005670732352882624,0,0,3,3,2,1,2,1,1,1,1,1
3,11,10,0.0005743579822592437,0,0,3,3,2,2,2,2,1,1,1,1
3,11,12,0.00023047981085255742,0,0,3,3,2,2,2,2,1,1,1,1
3,11,14,0.001071321894414723,0,0,3,3,2,3,2,3,1,1,1,1
3,11,15,0.0009997091256082058,0,0,3,3,2,3,2,3,1,1,1,1
3,11,17,0.0007830300601199269,0,0,3,3,2,3,2,3,1,1,1,1
3,11,19,0.029539722949266434,0,0,3,3,2,4,2,4,1,1,1,1
3,11,21,0.05467372015118599,0,0,3,3,2,4,2,4,1,1,1,1
3,11,23,0.044331956654787064,0,0,3,3,2,4,2,4,1,1,1,1
3,11,26,0.0013580642407760024,0,0,3,3,2,5,2,5,1,1,1,1
3,11,30,0.001426180824637413,0,0,3,3,2,5,2,5,1,1,1,1
3,11,31,0.012038297951221466,0,0,3,4,2,1,2,1,1,1,1,1
3,11,33,0.0005602022865787148,0,0,3,4,2,3,2,3,1,1,1,1
3,11,34,0.2195606231689453,0,0,3,4,2,4,2,4,1,1,1,1
3,11,35,0.008731513284146786,0,0,3,4,2,5,2,5,1,1,1,1
3,11,36,0.37837475538253784,0,0,3,5,2,1,2,1,1,2,1,2
3,11,38,0.05334535241127014,0,0,3,5,2,3,2,3,1,2,1,2
3,11,46,0.10545621067285538,0,2,3,7,2,0,2,0,1,0,1,4
3,13,0,0.1548982411623001,0,0,3,1,3,0,3,0,1,2,1,4
3,13,1,0.013496209867298603,0,0,3,3,3,1,3,1,1,1,1,1
3,13,2,0.02202765643596649,0,0,3,3,3,1,3,1,1,1,1,1
3,13,3,0.028567345812916756,0,0,3,3,3,1,3,1,1,1,1,1
3,13,4,0.016524724662303925,0,0,3,3,3,1,3,1,1,1,1,1
3,13,5,0.031982991844415665,0,0,3,3,3,1,3,1,1,1,1,1
3,13,6,0.01669791340827942,0,0,3,3,3,1,3,1,1,1,1,1
3,13,10,0.00433391984552145,0,0,3,3,3,2,3,2,1,1,1,1
3,13,12,0.0054085091687738895,0,0,3,3,3,2,3,2,1,1,1,1
3,13,14,0.008935687132179737,0,0,3,3,3,3,3,3,1,1,1,1
3,13,15,0.013480269350111485,0,0,3,3,3,3,3,3,1,1,1,1
3,13,17,0.014843114651739597,0,0,3,3,3,3,3,3,1,1,1,1
3,13,19,0.02054612897336483,0,0,3,3,3,4,3,4,1,1,1,1
3,13,21,0.013515437953174114,0,0,3,3,3,4,3,4,1,1,1,1
3,13,23,0.013440210372209549,0,0,3,3,3,4,3,4,1,1,1,1
3,13,26,0.0201667882502079,0,0,3,3,3,5,3,5,1,1,1,1
3,13,30,0.011456296779215336,0,0,3,3,3,5,3,5,1,1,1,1
3,13,31,0.013448945246636868,0,0,3,4,3,1,3,1,1,1,1,1
3,13,33,0.015562559477984905,0,0,3,4,3,3,3,3,1,1,1,1
3,13,34,0.03145996108651161,0,0,3,4,3,4,3,4,1,1,1,1
3,13,35,0.027121054008603096,0,0,3,4,3,5,3,5,1,1,1,1
3,13,36,0.1539076715707779,0,0,3,5,3,1,3,1,1,2,1,2
3,13,38,0.11266601085662842,0,0,3,5,3,3,3,3,1,2,1,2
3,13,46,0.2355121374130249,0,2,3,7,3,0,3,0,1,0,1,4
3,16,0,0.23362687230110168,0,0,3,1,3,0,3,0,1,2,1,4
3,16,1,0.006186769809573889,0,0,3,3,3,1,3,1,1,1,1,1
3,16,2,0.01090930588543415,0,0,3,3,3,1,3,1,1,1,1,1
3,16,3,0.0060576689429581165,0,0,3,3,3,1,3,1,1,1,1,1
3,16,4,0.0065523190423846245,0,0,3,3,3,1,3,1,1,1,1,1
3,16,5,0.01211473997682333,0,0,3,3,3,1,3,1,1,1,1,1
3,16,6,0.008055058307945728,0,0,3,3,3,1,3,1,1,1,1,1
3,16,10,0.0013455947628244758,0,0,3,3,3,2,3,2,1,1,1,1
3,16,12,0.0010872520506381989,0,0,3,3,3,2,3,2,1,1,1,1
3,16,14,0.0009794170036911964,0,0,3,3,3,3,3,3,1,1,1,1
3,16,15,0.0009573121787980199,0,0,3,3,3,3,3,3,1,1,1,1
3,16,17,0.000999724492430687,0,0,3,3,3,3,3,3,1,1,1,1
3,16,19,0.019593479111790657,0,0,3,3,3,4,3,4,1,1,1,1
3,16,21,0.010067292489111423,0,0,3,3,3,4,3,4,1,1,1,1
3,16,23,0.00953979417681694,0,0,3,3,3,4,3,4,1,1,1,1
3,16,26,0.008540929295122623,0,0,3,3,3,5,3,5,1,1,1,1
3,16,30,0.00394556624814868,0,0,3,3,3,5,3,5,1,1,1,1
3,16,31,0.005031356122344732,0,0,3,4,3,1,3,1,1,1,1,1
3,16,33,0.0007940096547827125,0,0,3,4,3,3,3,3,1,1,1,1
3,16,34,0.053638167679309845,0,0,3,4,3,4,3,4,1,1,1,1
3,16,35,0.009602283127605915,0,0,3,4,3,5,3,5,1,1,1,1
3,16,36,0.29950761795043945,0,0,3,5,3,1,3,1,1,2,1,2
3,16,38,0.04799716919660568,0,0,3,5,3,3,3,3,1,2,1,2
3,16,46,0.24287037551403046,0,2,3,7,3,0,3,0,1,0,1,4
3,18,0,0.044459860771894455,0,0,3,1,3,0,3,0,1,2,1,4
3,18,1,0.0012803011341020465,0,0,3,3,3,1,3,1,1,1,1,1
3,18,2,0.003367593977600336,0,0,3,3,3,1,3,1,1,1,1,1
3,18,3,0.002031016396358609,0,0,3,3,3,1,3,1,1,1,1,1
3,18,4,0.0030097709968686104,0,0,3,3,3,1,3,1,1,1,1,1
3,18,5,0.0020223725587129593,0,0,3,3,3,1,3,1,1,1,1,1
3,18,6,0.0035513851325958967,0,0,3,3,3,1,3,1,1,1,1,1
3,18,10,0.00030967220664024353,0,0,3,3,3,2,3,2,1,1,1,1
3,18,12,0.0001528317079646513,0,0,3,3,3,2,3,2,1,1,1,1
3,18,14,0.0003342636045999825,0,0,3,3,3,3,3,3,1,1,1,1
3,18,15,0.00027815790963359177,0,0,3,3,3,3,3,3,1,1,1,1
3,18,17,0.0001611899206181988,0,0,3,3,3,3,3,3,1,1,1,1
3,18,19,0.00870554056018591,0,0,3,3,3,4,3,4,1,1,1,1
3,18,21,0.004611979704350233,0,0,3,3,3,4,3,4,1,1,1,1
3,18,23,0.007620966527611017,0,0,3,3,3,4,3,4,1,1,1,1
3,18,26,0.0018853660440072417,0,0,3,3,3,5,3,5,1,1,1,1
3,18,30,0.00026581453857943416,0,0,3,3,3,5,3,5,1,1,1,1
3,18,31,0.002429999178275466,0,0,3,4,3,1,3,1,1,1,1,1
3,18,33,0.0007569199078716338,0,0,3,4,3,3,3,3,1,1,1,1
3,18,34,0.09910515695810318,0,0,3,4,3,4,3,4,1,1,1,1
3,18,35,0.0036340621300041676,0,0,3,4,3,5,3,5,1,1,1,1
3,18,36,0.5230693817138672,0,0,3,5,3,1,3,1,1,2,1,2
3,18,38,0.053312573581933975,0,0,3,5,3,3,3,3,1,2,1,2
3,18,46,0.2336435616016388,0,2,3,7,3,0,3,0,1,0,1,4
3,20,0,0.07030845433473587,0,0,3,1,4,0,4,0,1,2,1,4
3,20,1,0.0017197768902406096,0,0,3,3,4,1,4,1,1,1,1,1
3,20,2,0.0205139871686697,0,0,3,3,4,1,4,1,1,1,1,1
3,20,3,0.0017027216963469982,0,0,3,3,4,1,4,1,1,1,1,1
3,20,4,0.0026538758538663387,0,0,3,3,4,1,4,1,1,1,1,1
3,20,5,0.018850449472665787,0,0,3,3,4,1,4,1,1,1,1,1
3,20,6,0.0069681983441114426,0,0,3,3,4,1,4,1,1,1,1,1
3,20,10,0.0003770429757423699,0,0,3,3,4,2,4,2,1,1,1,1
3,20,12,0.00018757078214548528,0,0,3,3,4,2,4,2,1,1,1,1
3,20,14,0.00037726113805547357,0,0,3,3,4,3,4,3,1,1,1,1
3,20,15,0.0008718570461496711,0,0,3,3,4,3,4,3,1,1,1,1
3,20,17,0.0006613825680688024,0,0,3,3,4,3,4,3,1,1,1,1
3,20,19,0.012019561603665352,0,0,3,3,4,4,4,4,1,1,1,1
3,20,21,0.02166382595896721,0,0,3,3,4,4,4,4,1,1,1,1
3,20,23,0.016738126054406166,0,0,3,3,4,4,4,4,1,1,1,1
3,20,26,0.002860380569472909,0,0,3,3,4,5,4,5,1,1,1,1
3,20,30,0.006563146598637104,0,0,3,3,4,5,4,5,1,1,1,1
3,20,31,0.004060451872646809,0,0,3,4,4,1,4,1,1,1,1,1
3,20,33,0.0002957713440991938,0,0,3,4,4,3,4,3,1,1,1,1
3,20,34,0.01858440227806568,0,0,3,4,4,4,4,4,1,1,1,1
3,20,35,0.002044913824647665,0,0,3,4,4,5,4,5,1,1,1,1
3,20,36,0.6317518353462219,0,0,3,5,4,1,4,1,1,2,1,2
3,20,38,0.02995781973004341,0,0,3,5,4,3,4,3,1,2,1,2
3,20,46,0.12826740741729736,0,2,3,7,4,0,4,0,1,0,1,4
3,22,0,0.02555808424949646,0,0,3,1,4,0,4,0,1,2,1,4
3,22,1,6.528147787321359e-05,0,0,3,3,4,1,4,1,1,1,1,1
3,22,2,0.0016384508926421404,0,0,3,3,4,1,4,1,1,1,1,1
3,22,3,4.252828875905834e-05,0,0,3,3,4,1,4,1,1,1,1,1
3,22,4,0.00013241027772892267,0,0,3,3,4,1,4,1,1,1,1,1
3,22,5,0.001186941983178258,0,0,3,3,4,1,4,1,1,1,1,1
3,22,6,0.0004997901269234717,0,0,3,3,4,1,4,1,1,1,1,1
3,22,10,2.3305842660192866e-06,0,0,3,3,4,2,4,2,1,1,1,1
3,22,12,6.262257556954864e-07,0,0,3,3,4,2,4,2,1,1,1,1
3,22,14,2.6968027668772265e-06,0,0,3,3,4,3,4,3,1,1,1,1
3,22,15,5.2648365453933366e-06,0,0,3,3,4,3,4,3,1,1,1,1
3,22,17,3.0173241611919366e-06,0,0,3,3,4,3,4,3,1,1,1,1
3,22,19,0.0006709796725772321,0,0,3,3,4,4,4,4,1,1,1,1
3,22,21,0.0012662914814427495,0,0,3,3,4,4,4,4,1,1,1,1
3,22,23,0.0009482983150519431,0,0,3,3,4,4,4,4,1,1,1,1
3,22,26,5.695564686902799e-05,0,0,3,3,4,5,4,5,1,1,1,1
3,22,30,8.322388748638332e-05,0,0,3,3,4,5,4,5,1,1,1,1
3,22,31,0.0002754329761955887,0,0,3,4,4,1,4,1,1,1,1,1
3,22,33,3.546202833604184e-06,0,0,3,4,4,3,4,3,1,1,1,1
3,22,34,0.003043078351765871,0,0,3,4,4,4,4,4,1,1,1,1
3,22,35,6.225343531696126e-05,0,0,3,4,4,5,4,5,1,1,1,1
3,22,36,0.8993297815322876,0,0,3,5,4,1,4,1,1,2,1,2
3,22,38,0.005564420949667692,0,0,3,5,4,3,4,3,1,2,1,2
3,22,46,0.05955820530653,0,2,3,7,4,0,4,0,1,0,1,4
3,24,0,0.00824835617095232,0,0,3,1,4,0,4,0,1,2,1,4
3,24,1,5.4047042794991285e-05,0,0,3,3,4,1,4,1,1,1,1,1
3,24,2,0.0021771984174847603,0,0,3,3,4,1,4,1,1,1,1,1
3,24,3,8.882016118150204e-05,0,0,3,3,4,1,4,1,1,1,1,1
3,24,4,0.00020247783686500043,0,0,3,3,4,1,4,1,1,1,1,1
3,24,5,0.000505599076859653,0,0,3,3,4,1,4,1,1,1,1,1
3,24,6,0.000443982396973297,0,0,3,3,4,1,4,1,1,1,1,1
3,24,10,9.92812374533969e-07,0,0,3,3,4,2,4,2,1,1,1,1
3,24,12,1.939690577046349e-07,0,0,3,3,4,2,4,2,1,1,1,1
3,24,14,2.390175950495177e-06,0,0,3,3,4,3,4,3,1,1,1,1
3,24,15,3.3808464650064707e-06,0,0,3,3,4,3,4,3,1,1,1,1
3,24,17,2.486533048795536e-06,0,0,3,3,4,3,4,3,1,1,1,1
3,24,19,0.0002389982546446845,0,0,3,3,4,4,4,4,1,1,1,1
3,24,21,0.00042267944081686437,0,0,3,3,4,4,4,4,1,1,1,1
3,24,23,0.0003766434092540294,0,0,3,3,4,4,4,4,1,1,1,1
3,24,26,9.55611903918907e-05,0,0,3,3,4,5,4,5,1,1,1,1
3,24,30,0.0001701692963251844,0,0,3,3,4,5,4,5,1,1,1,1
3,24,31,9.859135025180876e-05,0,0,3,4,4,1,4,1,1,1,1,1
3,24,33,1.0769048230940825e-06,0,0,3,4,4,3,4,3,1,1,1,1
3,24,34,0.0010156770003959537,0,0,3,4,4,4,4,4,1,1,1,1
3,24,35,6.703843973809853e-05,0,0,3,4,4,5,4,5,1,1,1,1
3,24,36,0.8290027976036072,0,0,3,5,4,1,4,1,1,2,1,2
3,24,38,0.006285830866545439,0,0,3,5,4,3,4,3,1,2,1,2
3,24,46,0.15049485862255096,0,2,3,7,4,0,4,0,1,0,1,4
3,25,0,0.0550633929669857,0,0,3,1,5,0,5,0,1,2,1,4
3,25,1,0.010720420628786087,0,0,3,3,5,1,5,1,1,1,1,1
3,25,2,0.020150398835539818,0,0,3,3,5,1,5,1,1,1,1,1
3,25,3,0.02377723902463913,0,0,3,3,5,1,5,1,1,1,1,1
3,25,4,0.028252186253666878,0,0,3,3,5,1,5,1,1,1,1,1
3,25,5,0.021380193531513214,0,0,3,3,5,1,5,1,1,1,1,1
3,25,6,0.02895268425345421,0,0,3,3,5,1,5,1,1,1,1,1
3,25,10,0.005269716493785381,0,0,3,3,5,2,5,2,1,1,1,1
3,25,12,0.001032626605592668,0,0,3,3,5,2,5,2,1,1,1,1
3,25,14,0.004995563067495823,0,0,3,3,5,3,5,3,1,1,1,1
3,25,15,0.007714048493653536,0,0,3,3,5,3,5,3,1,1,1,1
3,25,17,0.006069781258702278,0,0,3,3,5,3,5,3,1,1,1,1
3,25,19,0.04081869125366211,0,0,3,3,5,4,5,4,1,1,1,1
3,25,21,0.021115131676197052,0,0,3,3,5,4,5,4,1,1,1,1
3,25,23,0.04602580890059471,0,0,3,3,5,4,5,4,1,1,1,1
3,25,26,0.02123824879527092,0,0,3,3,5,5,5,5,1,1,1,1
3,25,30,0.013941408134996891,0,0,3,3,5,5,5,5,1,1,1,1
3,25,31,0.008173609152436256,0,0,3,4,5,1,5,1,1,1,1,1
3,25,33,0.010113808326423168,0,0,3,4,5,3,5,3,1,1,1,1
3,25,34,0.062450457364320755,0,0,3,4,5,4,5,4,1,1,1,1
3,25,35,0.012540052644908428,0,0,3,4,5,5,5,5,1,1,1,1
3,25,36,0.1646745353937149,0,0,3,5,5,1,5,1,1,2,1,2
3,25,38,0.041857317090034485,0,0,3,5,5,3,5,3,1,2,1,2
3,25,46,0.34367305040359497,0,2,3,7,5,0,5,0,1,0,1,4
3,27,0,0.0731186717748642,0,0,3,1,5,0,5,0,1,2,1,4
3,27,1,0.00329004880040884,0,0,3,3,5,1,5,1,1,1,1,1
3,27,2,0.007403536234050989,0,0,3,3,5,1,5,1,1,1,1,1
3,27,3,0.0020438586361706257,0,0,3,3,5,1,5,1,1,1,1,1
3,27,4,0.008072901517152786,0,0,3,3,5,1,5,1,1,1,1,1
3,27,5,0.00809957180172205,0,0,3,3,5,1,5,1,1,1,1,1
3,27,6,0.011242742650210857,0,0,3,3,5,1,5,1,1,1,1,1
3,27,10,0.004297572188079357,0,0,3,3,5,2,5,2,1,1,1,1
3,27,12,0.0006383812287822366,0,0,3,3,5,2,5,2,1,1,1,1
3,27,14,0.0016640974208712578,0,0,3,3,5,3,5,3,1,1,1,1
3,27,15,0.001446648151613772,0,0,3,3,5,3,5,3,1,1,1,1
3,27,17,0.001533054281026125,0,0,3,3,5,3,5,3,1,1,1,1
3,27,19,0.06195702776312828,0,0,3,3,5,4,5,4,1,1,1,1
3,27,21,0.017333919182419777,0,0,3,3,5,4,5,4,1,1,1,1
3,27,23,0.0419403612613678,0,0,3,3,5,4,5,4,1,1,1,1
3,27,26,0.0060024261474609375,0,0,3,3,5,5,5,5,1,1,1,1
3,27,30,0.0013301442377269268,0,0,3,3,5,5,5,5,1,1,1,1
3,27,31,0.011732503771781921,0,0,3,4,5,1,5,1,1,1,1,1
3,27,33,0.006139758974313736,0,0,3,4,5,3,5,3,1,1,1,1
3,27,34,0.3477223217487335,0,0,3,4,5,4,5,4,1,1,1,1
3,27,35,0.006691424176096916,0,0,3,4,5,5,5,5,1,1,1,1
3,27,36,0.24103716015815735,0,0,3,5,5,1,5,1,1,2,1,2
3,27,38,0.030651617795228958,0,0,3,5,5,3,5,3,1,2,1,2
3,27,46,0.10461050271987915,0,2,3,7,5,0,5,0,1,0,1,4
3,28,0,0.00949774868786335,0,0,3,1,5,0,5,0,1,2,1,4
3,28,1,0.00035210044006817043,0,0,3,3,5,1,5,1,1,1,1,1
3,28,2,0.003598463721573353,0,0,3,3,5,1,5,1,1,1,1,1
3,28,3,0.0012891568476334214,0,0,3,3,5,1,5,1,1,1,1,1
3,28,4,0.0027765710838139057,0,0,3,3,5,1,5,1,1,1,1,1
3,28,5,0.0026182453148066998,0,0,3,3,5,1,5,1,1,1,1,1
3,28,6,0.0020078737288713455,0,0,3,3,5,1,5,1,1,1,1,1
3,28,10,7.032589928712696e-05,0,0,3,3,5,2,5,2,1,1,1,1
3,28,12,5.0502881094871555e-06,0,0,3,3,5,2,5,2,1,1,1,1
3,28,14,8.395963232032955e-05,0,0,3,3,5,3,5,3,1,1,1,1
3,28,15,0.00020018340728711337,0,0,3,3,5,3,5,3,1,1,1,1
3,28,17,0.0001626484445296228,0,0,3,3,5,3,5,3,1,1,1,1
3,28,19,0.001992741134017706,0,0,3,3,5,4,5,4,1,1,1,1
3,28,21,0.0007894094451330602,0,0,3,3,5,4,5,4,1,1,1,1
3,28,23,0.001415466656908393,0,0,3,3,5,4,5,4,1,1,1,1
3,28,26,0.002639169804751873,0,0,3,3,5,5,5,5,1,1,1,1
3,28,30,0.005920620635151863,0,0,3,3,5,5,5,5,1,1,1,1
3,28,31,0.0003035937261302024,0,0,3,4,5,1,5,1,1,1,1,1
3,28,33,0.0002958317054435611,0,0,3,4,5,3,5,3,1,1,1,1
3,28,34,0.0017041076207533479,0,0,3,4,5,4,5,4,1,1,1,1
3,28,35,0.000984744168817997,0,0,3,4,5,5,5,5,1,1,1,1
3,28,36,0.023292411118745804,0,0,3,5,5,1,5,1,1,2,1,2
3,28,38,0.002395271323621273,0,0,3,5,5,3,5,3,1,2,1,2
3,28,46,0.9356043338775635,0,2,3,7,5,0,5,0,1,0,1,4
3,29,0,0.024186067283153534,0,0,3,1,5,0,5,0,1,2,1,4
3,29,1,0.001183976884931326,0,0,3,3,5,1,5,1,1,1,1,1
3,29,2,0.010980562306940556,0,0,3,3,5,1,5,1,1,1,1,1
3,29,3,0.0008536747191101313,0,0,3,3,5,1,5,1,1,1,1,1
3,29,4,0.004793314728885889,0,0,3,3,5,1,5,1,1,1,1,1
3,29,5,0.004877042956650257,0,0,3,3,5,1,5,1,1,1,1,1
3,29,6,0.006145463790744543,0,0,3,3,5,1,5,1,1,1,1,1
3,29,10,0.0005410474259406328,0,0,3,3,5,2,5,2,1,1,1,1
3,29,12,7.36499932827428e-05,0,0,3,3,5,2,5,2,1,1,1,1
3,29,14,0.0005081833805888891,0,0,3,3,5,3,5,3,1,1,1,1
3,29,15,0.000390382920159027,0,0,3,3,5,3,5,3,1,1,1,1
3,29,17,0.00046177825424820185,0,0,3,3,5,3,5,3,1,1,1,1
3,29,19,0.010142316110432148,0,0,3,3,5,4,5,4,1,1,1,1
3,29,21,0.005625678226351738,0,0,3,3,5,4,5,4,1,1,1,1
3,29,23,0.009543202817440033,0,0,3,3,5,4,5,4,1,1,1,1
3,29,26,0.0012301099486649036,0,0,3,3,5,5,5,5,1,1,1,1
3,29,30,0.0006709699518978596,0,0,3,3,5,5,5,5,1,1,1,1
3,29,31,0.008190310560166836,0,0,3,4,5,1,5,1,1,1,1,1
3,29,33,0.0007863864302635193,0,0,3,4,5,3,5,3,1,1,1,1
3,29,34,0.062439024448394775,0,0,3,4,5,4,5,4,1,1,1,1
3,29,35,0.0021752240136265755,0,0,3,4,5,5,5,5,1,1,1,1
3,29,36,0.7290787696838379,0,0,3,5,5,1,5,1,1,2,1,2
3,29,38,0.03662968799471855,0,0,3,5,5,3,5,3,1,2,1,2
3,29,46,0.0784936249256134,0,2,3,7,5,0,5,0,1,0,1,4
3,32,0,0.1075541153550148,0,0,4,1,2,0,2,0,1,2,1,4
3,32,1,0.0003297495422884822,0,0,4,3,2,1,2,1,1,1,1,1
3,32,2,0.009624901227653027,0,0,4,3,2,1,2,1,1,1,1,1
3,32,3,0.00018757444922812283,0,0,4,3,2,1,2,1,1,1,1,1
3,32,4,0.0008969131740741432,0,0,4,3,2,1,2,1,1,1,1,1
3,32,5,0.007522313855588436,0,0,4,3,2,1,2,1,1,1,1,1
3,32,6,0.003118701046332717,0,0,4,3,2,1,2,1,1,1,1,1
3,32,10,1.8303409888176247e-05,0,0,4,3,2,2,2,2,1,1,1,1
3,32,12,7.140587968024192e-06,0,0,4,3,2,2,2,2,1,1,1,1
3,32,14,2.4315873815794475e-05,0,0,4,3,2,3,2,3,1,1,1,1
3,32,15,3.0292567316791974e-05,0,0,4,3,2,3,2,3,1,1,1,1
3,32,17,3.1145562388701364e-05,0,0,4,3,2,3,2,3,1,1,1,1
3,32,19,0.004598456900566816,0,0,4,3,2,4,2,4,1,1,1,1
3,32,21,0.011156235821545124,0,0,4,3,2,4,2,4,1,1,1,1
3,32,23,0.003567469771951437,0,0,4,3,2,4,2,4,1,1,1,1
3,32,26,0.001011016545817256,0,0,4,3,2,5,2,5,1,1,1,1
3,32,30,0.001274039619602263,0,0,4,3,2,5,2,5,1,1,1,1
3,32,31,0.004342005122452974,0,0,4,4,2,1,2,1,1,1,1,1
3,32,33,1.4375666978594381e-05,0,0,4,4,2,3,2,3,1,1,1,1
3,32,34,0.018436744809150696,0,0,4,4,2,4,2,4,1,1,1,1
3,32,35,0.0028826359193772078,0,0,4,4,2,5,2,5,1,1,1,1
3,32,36,0.5926750898361206,0,0,4,5,2,1,2,1,1,2,1,2
3,32,38,0.013633104972541332,0,0,4,5,2,3,2,3,1,2,1,2
3,32,46,0.21706274151802063,0,2,4,7,2,0,2,0,1,0,1,4
3,37,0,0.006173617206513882,0,0,5,1,2,0,2,0,2,2,2,4
3,37,1,0.004490561317652464,0,0,5,3,2,1,2,1,2,1,2,1
3,37,2,0.05680576711893082,0,0,5,3,2,1,2,1,2,1,2,1
3,37,3,0.003787190420553088,0,0,5,3,2,1,2,1,2,1,2,1
3,37,4,0.01386362686753273,0,0,5,3,2,1,2,1,2,1,2,1
3,37,5,0.028596390038728714,0,0,5,3,2,1,2,1,2,1,2,1
3,37,6,0.03727560490369797,0,0,5,3,2,1,2,1,2,1,2,1
3,37,10,0.00452770572155714,0,0,5,3,2,2,2,2,2,1,2,1
3,37,12,0.0025199567899107933,0,0,5,3,2,2,2,2,2,1,2,1
3,37,14,0.005767475813627243,0,0,5,3,2,3,2,3,2,1,2,1
3,37,15,0.006687914486974478,0,0,5,3,2,3,2,3,2,1,2,1
3,37,17,0.008561195805668831,0,0,5,3,2,3,2,3,2,1,2,1
3,37,19,0.0498957522213459,0,0,5,3,2,4,2,4,2,1,2,1
3,37,21,0.18084122240543365,0,0,5,3,2,4,2,4,2,1,2,1
3,37,23,0.025211144238710403,0,0,5,3,2,4,2,4,2,1,2,1
3,37,26,0.0058126808144152164,0,0,5,3,2,5,2,5,2,1,2,1
3,37,30,0.007045476697385311,0,0,5,3,2,5,2,5,2,1,2,1
3,37,31,0.15219442546367645,0,0,5,4,2,1,2,1,2,1,2,1
3,37,33,0.0043309894390404224,0,0,5,4,2,3,2,3,2,1,2,1
3,37,34,0.19999836385250092,0,0,5,4,2,4,2,4,2,1,2,1
3,37,35,0.02687002718448639,0,0,5,4,2,5,2,5,2,1,2,1
3,37,36,0.12329936772584915,0,0,5,5,2,1,2,1,2,2,2,2
3,37,38,0.031106265261769295,0,0,5,5,2,3,2,3,2,2,2,2
3,37,46,0.014337394386529922,0,2,5,7,2,0,2,0,2,0,2,4
3,39,0,0.0027643528301268816,0,0,5,1,4,0,4,0,2,2,2,4
3,39,1,0.00033379418891854584,0,0,5,3,4,1,4,1,2,1,2,1
3,39,2,0.032747529447078705,0,0,5,3,4,1,4,1,2,1,2,1
3,39,3,0.00029082721448503435,0,0,5,3,4,1,4,1,2,1,2,1
3,39,4,0.0003703003458213061,0,0,5,3,4,1,4,1,2,1,2,1
3,39,5,0.004910859279334545,0,0,5,3,4,1,4,1,2,1,2,1
3,39,6,0.005364739336073399,0,0,5,3,4,1,4,1,2,1,2,1
3,39,10,2.1127900254214182e-05,0,0,5,3,4,2,4,2,2,1,2,1
3,39,12,7.569507579319179e-05,0,0,5,3,4,2,4,2,2,1,2,1
3,39,14,6.575777661055326e-05,0,0,5,3,4,3,4,3,2,1,2,1
3,39,15,0.0001524691906524822,0,0,5,3,4,3,4,3,2,1,2,1
3,39,17,0.00010619605018291622,0,0,5,3,4,3,4,3,2,1,2,1
3,39,19,0.0016801150050014257,0,0,5,3,4,4,4,4,2,1,2,1
3,39,21,0.022697698324918747,0,0,5,3,4,4,4,4,2,1,2,1
3,39,23,0.003643159056082368,0,0,5,3,4,4,4,4,2,1,2,1
3,39,26,0.0001873279397841543,0,0,5,3,4,5,4,5,2,1,2,1
3,39,30,0.0003065906057599932,0,0,5,3,4,5,4,5,2,1,2,1
3,39,31,0.012486528605222702,0,0,5,4,4,1,4,1,2,1,2,1
3,39,33,4.122536120121367e-05,0,0,5,4,4,3,4,3,2,1,2,1
3,39,34,0.008340924978256226,0,0,5,4,4,4,4,4,2,1,2,1
3,39,35,0.0006927184876985848,0,0,5,4,4,5,4,5,2,1,2,1
3,39,36,0.8782761693000793,0,0,5,5,4,1,4,1,2,2,2,2
3,39,38,0.021747885271906853,0,0,5,5,4,3,4,3,2,2,2,2
3,39,46,0.002696220064535737,0,2,5,7,4,0,4,0,2,0,2,4
3,40,0,0.01445479691028595,0,0,5,1,5,0,5,0,2,2,2,4
3,40,1,0.012704400345683098,0,0,5,3,5,1,5,1,2,1,2,1
3,40,2,0.03945106640458107,0,0,5,3,5,1,5,1,2,1,2,1
3,40,3,0.010820440948009491,0,0,5,3,5,1,5,1,2,1,2,1
3,40,4,0.024569829925894737,0,0,5,3,5,1,5,1,2,1,2,1
3,40,5,0.02191249094903469,0,0,5,3,5,1,5,1,2,1,2,1
3,40,6,0.04855700582265854,0,0,5,3,5,1,5,1,2,1,2,1
3,40,10,0.013124528340995312,0,0,5,3,5,2,5,2,2,1,2,1
3,40,12,0.0057388292625546455,0,0,5,3,5,2,5,2,2,1,2,1
3,40,14,0.008519135415554047,0,0,5,3,5,3,5,3,2,1,2,1
3,40,15,0.00961157213896513,0,0,5,3,5,3,5,3,2,1,2,1
3,40,17,0.008950591087341309,0,0,5,3,5,3,5,3,2,1,2,1
3,40,19,0.0895143449306488,0,0,5,3,5,4,5,4,2,1,2,1
3,40,21,0.07806657999753952,0,0,5,3,5,4,5,4,2,1,2,1
3,40,23,0.06049397587776184,0,0,5,3,5,4,5,4,2,1,2,1
3,40,26,0.00982079841196537,0,0,5,3,5,5,5,5,2,1,2,1
3,40,30,0.0071049840189516544,0,0,5,3,5,5,5,5,2,1,2,1
3,40,31,0.06200304627418518,0,0,5,4,5,1,5,1,2,1,2,1
3,40,33,0.02238030917942524,0,0,5,4,5,3,5,3,2,1,2,1
3,40,34,0.2725650668144226,0,0,5,4,5,4,5,4,2,1,2,1
3,40,35,0.016636930406093597,0,0,5,4,5,5,5,5,2,1,2,1
3,40,36,0.10000299662351608,0,0,5,5,5,1,5,1,2,2,2,2
3,40,38,0.0264584943652153,0,0,5,5,5,3,5,3,2,2,2,2
3,40,46,0.03653772175312042,0,2,5,7,5,0,5,0,2,0,2,4
3,41,0,1.0646055670804344e-05,1,0,6,1,1,0,1,0,1,2,5,4
3,41,1,0.005212458781898022,1,0,6,3,1,1,1,1,1,1,5,1
3,41,2,0.00013845400826539844,1,0,6,3,1,1,1,1,1,1,5,1
3,41,3,0.012691552750766277,1,0,6,3,1,1,1,1,1,1,5,1
3,41,4,0.015459273010492325,1,0,6,3,1,1,1,1,1,1,5,1
3,41,5,0.00027198606403544545,1,0,6,3,1,1,1,1,1,1,5,1
3,41,6,0.002308758208528161,1,0,6,3,1,1,1,1,1,1,5,1
3,41,10,0.1156301200389862,1,0,6,3,1,2,1,2,1,1,5,1
3,41,12,0.09946923702955246,1,0,6,3,1,2,1,2,1,1,5,1
3,41,14,0.317256897687912,1,0,6,3,1,3,1,3,1,1,5,1
3,41,15,0.09060461819171906,1,0,6,3,1,3,1,3,1,1,5,1
3,41,17,0.057834442704916,1,0,6,3,1,3,1,3,1,1,5,1
3,41,19,0.004409894347190857,1,0,6,3,1,4,1,4,1,1,5,1
3,41,21,0.017200546339154243,1,0,6,3,1,4,1,4,1,1,5,1
3,41,23,0.012459018267691135,1,0,6,3,1,4,1,4,1,1,5,1
3,41,26,0.004496426321566105,1,0,6,3,1,5,1,5,1,1,5,1
3,41,30,0.002170233754441142,1,0,6,3,1,5,1,5,1,1,5,1
3,41,31,0.006155550479888916,1,0,6,4,1,1,1,1,1,1,5,1
3,41,33,0.17885740101337433,1,0,6,4,1,3,1,3,1,1,5,1
3,41,34,0.020156072452664375,1,0,6,4,1,4,1,4,1,1,5,1
3,41,35,0.034980203956365585,1,0,6,4,1,5,1,5,1,1,5,1
3,41,36,2.0676225176430307e-05,1,0,6,5,1,1,1,1,1,2,5,2
3,41,38,0.0021354244090616703,1,0,6,5,1,3,1,3,1,2,5,2
3,41,46,6.994667637627572e-05,1,2,6,7,1,0,1,0,1,0,5,4
3,42,0,1.4492362424789462e-05,1,0,6,1,2,0,2,0,1,2,5,4
3,42,1,0.0023685486521571875,1,0,6,3,2,1,2,1,1,1,5,1
3,42,2,0.0004234141088090837,1,0,6,3,2,1,2,1,1,1,5,1
3,42,3,0.0008195583359338343,1,0,6,3,2,1,2,1,1,1,5,1
3,42,4,0.004779621493071318,1,0,6,3,2,1,2,1,1,1,5,1
3,42,5,0.00030909880297258496,1,0,6,3,2,1,2,1,1,1,5,1
3,42,6,0.003929703962057829,1,0,6,3,2,1,2,1,1,1,5,1
3,42,10,0.07411466538906097,1,0,6,3,2,2,2,2,1,1,5,1
3,42,12,0.03970671445131302,1,0,6,3,2,2,2,2,1,1,5,1
3,42,14,0.08162149786949158,1,0,6,3,2,3,2,3,1,1,5,1
3,42,15,0.009756947867572308,1,0,6,3,2,3,2,3,1,1,5,1
3,42,17,0.02093762345612049,1,0,6,3,2,3,2,3,1,1,5,1
3,42,19,0.03588230907917023,1,0,6,3,2,4,2,4,1,1,5,1
3,42,21,0.10805679112672806,1,0,6,3,2,4,2,4,1,1,5,1
3,42,23,0.056090742349624634,1,0,6,3,2,4,2,4,1,1,5,1
3,42,26,0.0019524453673511744,1,0,6,3,2,5,2,5,1,1,5,1
3,42,30,0.0005527270259335637,1,0,6,3,2,5,2,5,1,1,5,1
3,42,31,0.04323049634695053,1,0,6,4,2,1,2,1,1,1,5,1
3,42,33,0.009988495148718357,1,0,6,4,2,3,2,3,1,1,5,1
3,42,34,0.4843926727771759,1,0,6,4,2,4,2,4,1,1,5,1
3,42,35,0.019860034808516502,1,0,6,4,2,5,2,5,1,1,5,1
3,42,36,7.711044600000605e-05,1,0,6,5,2,1,2,1,1,2,5,2
3,42,38,0.0011286531807854772,1,0,6,5,2,3,2,3,1,2,5,2
3,42,46,5.760932253906503e-06,1,2,6,7,2,0,2,0,1,0,5,4
3,43,0,0.00025350789655931294,1,0,6,1,3,0,3,0,1,2,5,4
3,43,1,0.014362066984176636,1,0,6,3,3,1,3,1,1,1,5,1
3,43,2,0.0011196661507710814,1,0,6,3,3,1,3,1,1,1,5,1
3,43,3,0.02555851824581623,1,0,6,3,3,1,3,1,1,1,5,1
3,43,4,0.01628858782351017,1,0,6,3,3,1,3,1,1,1,5,1
3,43,5,0.0004886707756668329,1,0,6,3,3,1,3,1,1,1,5,1
3,43,6,0.013537140563130379,1,0,6,3,3,1,3,1,1,1,5,1
3,43,10,0.06880014389753342,1,0,6,3,3,2,3,2,1,1,5,1
3,43,12,0.11458566784858704,1,0,6,3,3,2,3,2,1,1,5,1
3,43,14,0.05702144652605057,1,0,6,3,3,3,3,3,1,1,5,1
3,43,15,0.010908719152212143,1,0,6,3,3,3,3,3,1,1,5,1
3,43,17,0.008176765404641628,1,0,6,3,3,3,3,3,1,1,5,1
3,43,19,0.03331630304455757,1,0,6,3,3,4,3,4,1,1,5,1
3,43,21,0.022664764896035194,1,0,6,3,3,4,3,4,1,1,5,1
3,43,23,0.03253788873553276,1,0,6,3,3,4,3,4,1,1,5,1
3,43,26,0.007524874992668629,1,0,6,3,3,5,3,5,1,1,5,1
3,43,30,0.0001814272254705429,1,0,6,3,3,5,3,5,1,1,5,1
3,43,31,0.0185222290456295,1,0,6,4,3,1,3,1,1,1,5,1
3,43,33,0.03435782343149185,1,0,6,4,3,3,3,3,1,1,5,1
3,43,34,0.4817425608634949,1,0,6,4,3,4,3,4,1,1,5,1
3,43,35,0.0243697427213192,1,0,6,4,3,5,3,5,1,1,5,1
3,43,36,0.0020481538958847523,1,0,6,5,3,1,3,1,1,2,5,2
3,43,38,0.011406375095248222,1,0,6,5,3,3,3,3,1,2,5,2
3,43,46,0.00022708620235789567,1,2,6,7,3,0,3,0,1,0,5,4
3,44,0,0.00043859618017449975,1,0,6,1,4,0,4,0,1,2,5,4
3,44,1,0.002185095101594925,1,0,6,3,4,1,4,1,1,1,5,1
3,44,2,0.002015802776440978,1,0,6,3,4,1,4,1,1,1,5,1
3,44,3,0.002319358754903078,1,0,6,3,4,1,4,1,1,1,5,1
3,44,4,0.005680187605321407,1,0,6,3,4,1,4,1,1,1,5,1
3,44,5,0.0011351305292919278,1,0,6,3,4,1,4,1,1,1,5,1
3,44,6,0.00872343871742487,1,0,6,3,4,1,4,1,1,1,5,1
3,44,10,0.011158112436532974,1,0,6,3,4,2,4,2,1,1,5,1
3,44,12,0.007003039587289095,1,0,6,3,4,2,4,2,1,1,5,1
3,44,14,0.014290140941739082,1,0,6,3,4,3,4,3,1,1,5,1
3,44,15,0.005928379949182272,1,0,6,3,4,3,4,3,1,1,5,1
3,44,17,0.004554615821689367,1,0,6,3,4,3,4,3,1,1,5,1
3,44,19,0.033179547637701035,1,0,6,3,4,4,4,4,1,1,5,1
3,44,21,0.08337678015232086,1,0,6,3,4,4,4,4,1,1,5,1
3,44,23,0.07780938595533371,1,0,6,3,4,4,4,4,1,1,5,1
3,44,26,0.0023446958512067795,1,0,6,3,4,5,4,5,1,1,5,1
3,44,30,0.0003085518255829811,1,0,6,3,4,5,4,5,1,1,5,1
3,44,31,0.023777570575475693,1,0,6,4,4,1,4,1,1,1,5,1
3,44,33,0.012399740517139435,1,0,6,4,4,3,4,3,1,1,5,1
3,44,34,0.6258089542388916,1,0,6,4,4,4,4,4,1,1,5,1
3,44,35,0.008995515294373035,1,0,6,4,4,5,4,5,1,1,5,1
3,44,36,0.031857769936323166,1,0,6,5,4,1,4,1,1,2,5,2
3,44,38,0.03414544090628624,1,0,6,5,4,3,4,3,1,2,5,2
3,44,46,0.0005648029618896544,1,2,6,7,4,0,4,0,1,0,5,4
3,45,0,0.0012064857874065638,1,0,6,1,5,0,5,0,1,2,5,4
3,45,1,0.021705443039536476,1,0,6,3,5,1,5,1,1,1,5,1
3,45,2,0.0007322392193600535,1,0,6,3,5,1,5,1,1,1,5,1
3,45,3,0.026780126616358757,1,0,6,3,5,1,5,1,1,1,5,1
3,45,4,0.049333978444337845,1,0,6,3,5,1,5,1,1,1,5,1
3,45,5,0.0020435452461242676,1,0,6,3,5,1,5,1,1,1,5,1
3,45,6,0.013358265161514282,1,0,6,3,5,1,5,1,1,1,5,1
3,45,10,0.23474951088428497,1,0,6,3,5,2,5,2,1,1,5,1
3,45,12,0.0223335362970829,1,0,6,3,5,2,5,2,1,1,5,1
3,45,14,0.07634658366441727,1,0,6,3,5,3,5,3,1,1,5,1
3,45,15,0.03017362952232361,1,0,6,3,5,3,5,3,1,1,5,1
3,45,17,0.03434509411454201,1,0,6,3,5,3,5,3,1,1,5,1
3,45,19,0.080266572535038,1,0,6,3,5,4,5,4,1,1,5,1
3,45,21,0.025637242943048477,1,0,6,3,5,4,5,4,1,1,5,1
3,45,23,0.05875450000166893,1,0,6,3,5,4,5,4,1,1,5,1
3,45,26,0.05285637825727463,1,0,6,3,5,5,5,5,1,1,5,1
3,45,30,0.018026690930128098,1,0,6,3,5,5,5,5,1,1,5,1
3,45,31,0.00427859416231513,1,0,6,4,5,1,5,1,1,1,5,1
3,45,33,0.09040569514036179,1,0,6,4,5,3,5,3,1,1,5,1
3,45,34,0.1274758130311966,1,0,6,4,5,4,5,4,1,1,5,1
3,45,35,0.023009270429611206,1,0,6,4,5,5,5,5,1,1,5,1
3,45,36,0.00023092605988495052,1,0,6,5,5,1,5,1,1,2,5,2
3,45,38,0.0019145292462781072,1,0,6,5,5,3,5,3,1,2,5,2
3,45,46,0.004035450052469969,1,2,6,7,5,0,5,0,1,0,5,4
4,1,0,4.7107620048336685e-05,0,0,3,1,1,0,1,0,1,2,1,4
4,1,3,0.15802492201328278,0,0,3,3,1,1,1,1,1,1,1,1
4,1,5,0.12067537009716034,0,0,3,3,1,1,1,1,1,1,1,1
4,1,6,0.12643463909626007,0,0,3,3,1,1,1,1,1,1,1,1
4,1,12,0.036500412970781326,0,0,3,3,1,2,1,2,1,1,1,1
4,1,15,0.04933598265051842,0,0,3,3,1,3,1,3,1,1,1,1
4,1,17,0.025272564962506294,0,0,3,3,1,3,1,3,1,1,1,1
4,1,19,0.02684856578707695,0,0,3,3,1,4,1,4,1,1,1,1
4,1,20,0.02838423103094101,0,0,3,3,1,4,1,4,1,1,1,1
4,1,22,0.017248790711164474,0,0,3,3,1,4,1,4,1,1,1,1
4,1,24,0.006502544041723013,0,0,3,3,1,4,1,4,1,1,1,1
4,1,26,0.0063285063952207565,0,0,3,3,1,5,1,5,1,1,1,1
4,1,27,0.021566540002822876,0,0,3,3,1,5,1,5,1,1,1,1
4,1,29,0.0028133252635598183,0,0,3,3,1,5,1,5,1,1,1,1
4,1,31,0.3075210154056549,0,0,3,4,1,1,1,1,1,1,1,1
4,1,32,0.007344663143157959,0,0,3,4,1,2,1,2,1,1,1,1
4,1,34,0.010178877972066402,0,0,3,4,1,4,1,4,1,1,1,1
4,1,35,0.04165840148925781,0,0,3,4,1,5,1,5,1,1,1,1
4,1,41,0.003146580420434475,0,1,3,6,1,1,1,1,1,1,1,5
4,1,42,0.0008753414731472731,0,1,3,6,1,2,1,2,1,1,1,5
4,1,43,0.0016730678034946322,0,1,3,6,1,3,1,3,1,1,1,5
4,1,44,0.0013829704839736223,0,1,3,6,1,4,1,4,1,1,1,5
4,1,46,0.00023535579384770244,0,2,3,7,1,0,1,0,1,0,1,4
4,2,0,5.119801244291011e-06,0,0,3,1,1,0,1,0,1,2,1,4
4,2,3,0.17506906390190125,0,0,3,3,1,1,1,1,1,1,1,1
4,2,5,0.15916065871715546,0,0,3,3,1,1,1,1,1,1,1,1
4,2,6,0.18823520839214325,0,0,3,3,1,1,1,1,1,1,1,1
4,2,12,0.04812777414917946,0,0,3,3,1,2,1,2,1,1,1,1
4,2,15,0.004093552473932505,0,0,3,3,1,3,1,3,1,1,1,1
4,2,17,0.012287583202123642,0,0,3,3,1,3,1,3,1,1,1,1
4,2,19,0.006935976445674896,0,0,3,3,1,4,1,4,1,1,1,1
4,2,20,0.002009728690609336,0,0,3,3,1,4,1,4,1,1,1,1
4,2,22,0.009705283679068089,0,0,3,3,1,4,1,4,1,1,1,1
4,2,24,0.0008942738058976829,0,0,3,3,1,4,1,4,1,1,1,1
4,2,26,0.005734175909310579,0,0,3,3,1,5,1,5,1,1,1,1
4,2,27,0.011335414834320545,0,0,3,3,1,5,1,5,1,1,1,1
4,2,29,0.0067014433443546295,0,0,3,3,1,5,1,5,1,1,1,1
4,2,31,0.1991003453731537,0,0,3,4,1,1,1,1,1,1,1,1
4,2,32,0.002725562546402216,0,0,3,4,1,2,1,2,1,1,1,1
4,2,34,0.0015246585244312882,0,0,3,4,1,4,1,4,1,1,1,1
4,2,35,0.1599835753440857,0,0,3,4,1,5,1,5,1,1,1,1
4,2,41,0.004862440750002861,0,1,3,6,1,1,1,1,1,1,1,5
4,2,42,0.0009198557818308473,0,1,3,6,1,2,1,2,1,1,1,5
4,2,43,0.0003892329696100205,0,1,3,6,1,3,1,3,1,1,1,5
4,2,44,0.00012477749260142446,0,1,3,6,1,4,1,4,1,1,1,5
4,2,46,7.395979628199711e-05,0,2,3,7,1,0,1,0,1,0,1,4
4,4,0,1.2126151887059677e-05,0,0,3,1,1,0,1,0,1,2,1,4
4,4,3,0.140025332570076,0,0,3,3,1,1,1,1,1,1,1,1
4,4,5,0.054598670452833176,0,0,3,3,1,1,1,1,1,1,1,1
4,4,6,0.2863776981830597,0,0,3,3,1,1,1,1,1,1,1,1
4,4,12,0.01110025029629469,0,0,3,3,1,2,1,2,1,1,1,1
4,4,15,0.011092049069702625,0,0,3,3,1,3,1,3,1,1,1,1
4,4,17,0.01137417834252119,0,0,3,3,1,3,1,3,1,1,1,1
4,4,19,0.008469787426292896,0,0,3,3,1,4,1,4,1,1,1,1
4,4,20,0.010774945840239525,0,0,3,3,1,4,1,4,1,1,1,1
4,4,22,0.018110118806362152,0,0,3,3,1,4,1,4,1,1,1,1
4,4,24,0.002204440301284194,0,0,3,3,1,4,1,4,1,1,1,1
4,4,26,0.0011068779276683927,0,0,3,3,1,5,1,5,1,1,1,1
4,4,27,0.007040551397949457,0,0,3,3,1,5,1,5,1,1,1,1
4,4,29,0.0006881633889861405,0,0,3,3,1,5,1,5,1,1,1,1
4,4,31,0.38206496834754944,0,0,3,4,1,1,1,1,1,1,1,1
4,4,32,0.001145492889918387,0,0,3,4,1,2,1,2,1,1,1,1
4,4,34,0.00433692242950201,0,0,3,4,1,4,1,4,1,1,1,1
4,4,35,0.024444272741675377,0,0,3,4,1,5,1,5,1,1,1,1
4,4,41,0.016426708549261093,0,1,3,6,1,1,1,1,1,1,1,5
4,4,42,0.0005623286124318838,0,1,3,6,1,2,1,2,1,1,1,5
4,4,43,0.006665825843811035,0,1,3,6,1,3,1,3,1,1,1,5
4,4,44,0.0007410816033370793,0,1,3,6,1,4,1,4,1,1,1,5
4,4,46,0.0006373518262989819,0,2,3,7,1,0,1,0,1,0,1,4
4,7,0,0.0018282559467479587,0,0,3,1,2,0,2,0,1,2,1,4
4,7,3,0.13173608481884003,0,0,3,3,2,1,2,1,1,1,1,1
4,7,5,0.16535703837871552,0,0,3,3,2,1,2,1,1,1,1,1
4,7,6,0.05932283028960228,0,0,3,3,2,1,2,1,1,1,1,1
4,7,12,0.04432987794280052,0,0,3,3,2,2,2,2,1,1,1,1
4,7,15,0.019973086193203926,0,0,3,3,2,3,2,3,1,1,1,1
4,7,17,0.01851416938006878,0,0,3,3,2,3,2,3,1,1,1,1
4,7,19,0.025518707931041718,0,0,3,3,2,4,2,4,1,1,1,1
4,7,20,0.02514643780887127,0,0,3,3,2,4,2,4,1,1,1,1
4,7,22,0.026990022510290146,0,0,3,3,2,4,2,4,1,1,1,1
4,7,24,0.03281622752547264,0,0,3,3,2,4,2,4,1,1,1,1
4,7,26,0.01624726876616478,0,0,3,3,2,5,2,5,1,1,1,1
4,7,27,0.04092412441968918,0,0,3,3,2,5,2,5,1,1,1,1
4,7,29,0.008157216012477875,0,0,3,3,2,5,2,5,1,1,1,1
4,7,31,0.2925976514816284,0,0,3,4,2,1,2,1,1,1,1,1
4,7,32,0.010149572044610977,0,0,3,4,2,2,2,2,1,1,1,1
4,7,34,0.013746712356805801,0,0,3,4,2,4,2,4,1,1,1,1
4,7,35,0.03971027955412865,0,0,3,4,2,5,2,5,1,1,1,1
4,7,41,0.013430710881948471,0,1,3,6,2,1,2,1,1,1,1,5
4,7,42,0.0014102605637162924,0,1,3,6,2,2,2,2,1,1,1,5
4,7,43,0.005158568732440472,0,1,3,6,2,3,2,3,1,1,1,5
4,7,44,0.0029906602576375008,0,1,3,6,2,4,2,4,1,1,1,5
4,7,46,0.0039444598369300365,0,2,3,7,2,0,2,0,1,0,1,4
4,8,0,0.000318880018312484,0,0,3,1,2,0,2,0,1,2,1,4
4,8,3,0.09292270988225937,0,0,3,3,2,1,2,1,1,1,1,1
4,8,5,0.09414628148078918,0,0,3,3,2,1,2,1,1,1,1,1
4,8,6,0.34150198101997375,0,0,3,3,2,1,2,1,1,1,1,1
4,8,12,0.03907433897256851,0,0,3,3,2,2,2,2,1,1,1,1
4,8,15,0.05356861650943756,0,0,3,3,2,3,2,3,1,1,1,1
4,8,17,0.03697438910603523,0,0,3,3,2,3,2,3,1,1,1,1
4,8,19,0.030044136568903923,0,0,3,3,2,4,2,4,1,1,1,1
4,8,20,0.020693719387054443,0,0,3,3,2,4,2,4,1,1,1,1
4,8,22,0.06015559285879135,0,0,3,3,2,4,2,4,1,1,1,1
4,8,24,0.006099289748817682,0,0,3,3,2,4,2,4,1,1,1,1
4,8,26,0.007120032329112291,0,0,3,3,2,5,2,5,1,1,1,1
4,8,27,0.01885933242738247,0,0,3,3,2,5,2,5,1,1,1,1
4,8,29,0.006053481251001358,0,0,3,3,2,5,2,5,1,1,1,1
4,8,31,0.07804170250892639,0,0,3,4,2,1,2,1,1,1,1,1
4,8,32,0.006995039060711861,0,0,3,4,2,2,2,2,1,1,1,1
4,8,34,0.007236919365823269,0,0,3,4,2,4,2,4,1,1,1,1
4,8,35,0.09179508686065674,0,0,3,4,2,5,2,5,1,1,1,1
4,8,41,0.0039027812890708447,0,1,3,6,2,1,2,1,1,1,1,5
4,8,42,0.0016635169740766287,0,1,3,6,2,2,2,2,1,1,1,5
4,8,43,0.0016755308024585247,0,1,3,6,2,3,2,3,1,1,1,5
4,8,44,0.000516613363288343,0,1,3,6,2,4,2,4,1,1,1,5
4,8,46,0.0006398994592018425,0,2,3,7,2,0,2,0,1,0,1,4
4,9,0,0.001179904560558498,0,0,3,1,2,0,2,0,1,2,1,4
4,9,3,0.14186863601207733,0,0,3,3,2,1,2,1,1,1,1,1
4,9,5,0.06255152076482773,0,0,3,3,2,1,2,1,1,1,1,1
4,9,6,0.09120167046785355,0,0,3,3,2,1,2,1,1,1,1,1
4,9,12,0.03702153265476227,0,0,3,3,2,2,2,2,1,1,1,1
4,9,15,0.04854538291692734,0,0,3,3,2,3,2,3,1,1,1,1
4,9,17,0.03608318790793419,0,0,3,3,2,3,2,3,1,1,1,1
4,9,19,0.04489197954535484,0,0,3,3,2,4,2,4,1,1,1,1
4,9,20,0.06350703537464142,0,0,3,3,2,4,2,4,1,1,1,1
4,9,22,0.05207258462905884,0,0,3,3,2,4,2,4,1,1,1,1
4,9,24,0.030914589762687683,0,0,3,3,2,4,2,4,1,1,1,1
4,9,26,0.004907427355647087,0,0,3,3,2,5,2,5,1,1,1,1
4,9,27,0.022606927901506424,0,0,3,3,2,5,2,5,1,1,1,1
4,9,29,0.004292786121368408,0,0,3,3,2,5,2,5,1,1,1,1
4,9,31,0.2367594689130783,0,0,3,4,2,1,2,1,1,1,1,1
4,9,32,0.016275012865662575,0,0,3,4,2,2,2,2,1,1,1,1
4,9,34,0.021828720346093178,0,0,3,4,2,4,2,4,1,1,1,1
4,9,35,0.03407196328043938,0,0,3,4,2,5,2,5,1,1,1,1
4,9,41,0.014412136748433113,0,1,3,6,2,1,2,1,1,1,1,5
4,9,42,0.0026190034113824368,0,1,3,6,2,2,2,2,1,1,1,5
4,9,43,0.01831689663231373,0,1,3,6,2,3,2,3,1,1,1,5
4,9,44,0.007960899733006954,0,1,3,6,2,4,2,4,1,1,1,5
4,9,46,0.0061109052039682865,0,2,3,7,2,0,2,0,1,0,1,4
4,10,0,0.002238876186311245,0,0,3,1,2,0,2,0,1,2,1,4
4,10,3,0.05708808824419975,0,0,3,3,2,1,2,1,1,1,1,1
4,10,5,0.05833065137267113,0,0,3,3,2,1,2,1,1,1,1,1
4,10,6,0.17547670006752014,0,0,3,3,2,1,2,1,1,1,1,1
4,10,12,0.0301678329706192,0,0,3,3,2,2,2,2,1,1,1,1
4,10,15,0.06557697802782059,0,0,3,3,2,3,2,3,1,1,1,1
4,10,17,0.08178655058145523,0,0,3,3,2,3,2,3,1,1,1,1
4,10,19,0.018182994797825813,0,0,3,3,2,4,2,4,1,1,1,1
4,10,20,0.015297743491828442,0,0,3,3,2,4,2,4,1,1,1,1
4,10,22,0.024769926443696022,0,0,3,3,2,4,2,4,1,1,1,1
4,10,24,0.0034726690500974655,0,0,3,3,2,4,2,4,1,1,1,1
4,10,26,0.0033111730590462685,0,0,3,3,2,5,2,5,1,1,1,1
4,10,27,0.006853882689028978,0,0,3,3,2,5,2,5,1,1,1,1
4,10,29,0.003015155205503106,0,0,3,3,2,5,2,5,1,1,1,1
4,10,31,0.09211374819278717,0,0,3,4,2,1,2,1,1,1,1,1
4,10,32,0.01728239841759205,0,0,3,4,2,2,2,2,1,1,1,1
4,10,34,0.004738880321383476,0,0,3,4,2,4,2,4,1,1,1,1
4,10,35,0.062131788581609726,0,0,3,4,2,5,2,5,1,1,1,1
4,10,41,0.126298725605011,0,1,3,6,2,1,2,1,1,1,1,5
4,10,42,0.06850495934486389,0,1,3,6,2,2,2,2,1,1,1,5
4,10,43,0.05234825983643532,0,1,3,6,2,3,2,3,1,1,1,5
4,10,44,0.010646834038197994,0,1,3,6,2,4,2,4,1,1,1,5
4,10,46,0.02036507986485958,0,2,3,7,2,0,2,0,1,0,1,4
4,11,0,0.008596778847277164,0,0,3,1,2,0,2,0,1,2,1,4
4,11,3,0.024862030521035194,0,0,3,3,2,1,2,1,1,1,1,1
4,11,5,0.013874262571334839,0,0,3,3,2,1,2,1,1,1,1,1
4,11,6,0.017778512090444565,0,0,3,3,2,1,2,1,1,1,1,1
4,11,12,0.014100496657192707,0,0,3,3,2,2,2,2,1,1,1,1
4,11,15,0.0756026953458786,0,0,3,3,2,3,2,3,1,1,1,1
4,11,17,0.05056510120630264,0,0,3,3,2,3,2,3,1,1,1,1
4,11,19,0.0047943852841854095,0,0,3,3,2,4,2,4,1,1,1,1
4,11,20,0.0203391220420599,0,0,3,3,2,4,2,4,1,1,1,1
4,11,22,0.0064549692906439304,0,0,3,3,2,4,2,4,1,1,1,1
4,11,24,0.003569000167772174,0,0,3,3,2,4,2,4,1,1,1,1
4,11,26,0.0020398537162691355,0,0,3,3,2,5,2,5,1,1,1,1
4,11,27,0.008879327215254307,0,0,3,3,2,5,2,5,1,1,1,1
4,11,29,0.0016617710934951901,0,0,3,3,2,5,2,5,1,1,1,1
4,11,31,0.10211890935897827,0,0,3,4,2,1,2,1,1,1,1,1
4,11,32,0.03538813814520836,0,0,3,4,2,2,2,2,1,1,1,1
4,11,34,0.01353909820318222,0,0,3,4,2,4,2,4,1,1,1,1
4,11,35,0.02735665813088417,0,0,3,4,2,5,2,5,1,1,1,1
4,11,41,0.11715816706418991,0,1,3,6,2,1,2,1,1,1,1,5
4,11,42,0.08110181987285614,0,1,3,6,2,2,2,2,1,1,1,5
4,11,43,0.2661612629890442,0,1,3,6,2,3,2,3,1,1,1,5
4,11,44,0.047615837305784225,0,1,3,6,2,4,2,4,1,1,1,5
4,11,46,0.05644184723496437,0,2,3,7,2,0,2,0,1,0,1,4
4,13,0,0.0004483499506022781,0,0,3,1,3,0,3,0,1,2,1,4
4,13,3,0.08063048124313354,0,0,3,3,3,1,3,1,1,1,1,1
4,13,5,0.08287752419710159,0,0,3,3,3,1,3,1,1,1,1,1
4,13,6,0.2573944926261902,0,0,3,3,3,1,3,1,1,1,1,1
4,13,12,0.02835957333445549,0,0,3,3,3,2,3,2,1,1,1,1
4,13,15,0.02633131667971611,0,0,3,3,3,3,3,3,1,1,1,1
4,13,17,0.030960813164711,0,0,3,3,3,3,3,3,1,1,1,1
4,13,19,0.007510027382522821,0,0,3,3,3,4,3,4,1,1,1,1
4,13,20,0.005328543484210968,0,0,3,3,3,4,3,4,1,1,1,1
4,13,22,0.02681117132306099,0,0,3,3,3,4,3,4,1,1,1,1
4,13,24,0.003339573508128524,0,0,3,3,3,4,3,4,1,1,1,1
4,13,26,0.011800970882177353,0,0,3,3,3,5,3,5,1,1,1,1
4,13,27,0.04402564838528633,0,0,3,3,3,5,3,5,1,1,1,1
4,13,29,0.014147572219371796,0,0,3,3,3,5,3,5,1,1,1,1
4,13,31,0.13103975355625153,0,0,3,4,3,1,3,1,1,1,1,1
4,13,32,0.0037641411181539297,0,0,3,4,3,2,3,2,1,1,1,1
4,13,34,0.004653465934097767,0,0,3,4,3,4,3,4,1,1,1,1
4,13,35,0.21687357127666473,0,0,3,4,3,5,3,5,1,1,1,1
4,13,41,0.014838938601315022,0,1,3,6,3,1,3,1,1,1,1,5
4,13,42,0.0014389982679858804,0,1,3,6,3,2,3,2,1,1,1,5
4,13,43,0.006494396366178989,0,1,3,6,3,3,3,3,1,1,1,5
4,13,44,0.00033095909748226404,0,1,3,6,3,4,3,4,1,1,1,5
4,13,46,0.000599697872530669,0,2,3,7,3,0,3,0,1,0,1,4
4,14,0,0.0033516460098326206,0,0,3,1,3,0,3,0,1,2,1,4
4,14,3,0.07701258361339569,0,0,3,3,3,1,3,1,1,1,1,1
4,14,5,0.05323692411184311,0,0,3,3,3,1,3,1,1,1,1,1
4,14,6,0.09057144820690155,0,0,3,3,3,1,3,1,1,1,1,1
4,14,12,0.026421181857585907,0,0,3,3,3,2,3,2,1,1,1,1
4,14,15,0.07940284162759781,0,0,3,3,3,3,3,3,1,1,1,1
4,14,17,0.09745071083307266,0,0,3,3,3,3,3,3,1,1,1,1
4,14,19,0.013108521699905396,0,0,3,3,3,4,3,4,1,1,1,1
4,14,20,0.028011690825223923,0,0,3,3,3,4,3,4,1,1,1,1
4,14,22,0.03147849068045616,0,0,3,3,3,4,3,4,1,1,1,1
4,14,24,0.012675851583480835,0,0,3,3,3,4,3,4,1,1,1,1
4,14,26,0.00536482036113739,0,0,3,3,3,5,3,5,1,1,1,1
4,14,27,0.02989327162504196,0,0,3,3,3,5,3,5,1,1,1,1
4,14,29,0.0040664938278496265,0,0,3,3,3,5,3,5,1,1,1,1
4,14,31,0.22686932981014252,0,0,3,4,3,1,3,1,1,1,1,1
4,14,32,0.00824667140841484,0,0,3,4,3,2,3,2,1,1,1,1
4,14,34,0.01613657735288143,0,0,3,4,3,4,3,4,1,1,1,1
4,14,35,0.042142536491155624,0,0,3,4,3,5,3,5,1,1,1,1
4,14,41,0.041800595819950104,0,1,3,6,3,1,3,1,1,1,1,5
4,14,42,0.004752162843942642,0,1,3,6,3,2,3,2,1,1,1,5
4,14,43,0.08270105719566345,0,1,3,6,3,3,3,3,1,1,1,5
4,14,44,0.008280863985419273,0,1,3,6,3,4,3,4,1,1,1,5
4,14,46,0.01702391728758812,0,2,3,7,3,0,3,0,1,0,1,4
4,16,0,0.01743459515273571,0,0,3,1,3,0,3,0,1,2,1,4
4,16,3,0.022838298231363297,0,0,3,3,3,1,3,1,1,1,1,1
4,16,5,0.021055806428194046,0,0,3,3,3,1,3,1,1,1,1,1
4,16,6,0.025643058121204376,0,0,3,3,3,1,3,1,1,1,1,1
4,16,12,0.012164177373051643,0,0,3,3,3,2,3,2,1,1,1,1
4,16,15,0.05568148195743561,0,0,3,3,3,3,3,3,1,1,1,1
4,16,17,0.05520438402891159,0,0,3,3,3,3,3,3,1,1,1,1
4,16,19,0.017813904210925102,0,0,3,3,3,4,3,4,1,1,1,1
4,16,20,0.032179273664951324,0,0,3,3,3,4,3,4,1,1,1,1
4,16,22,0.029072782024741173,0,0,3,3,3,4,3,4,1,1,1,1
4,16,24,0.025290578603744507,0,0,3,3,3,4,3,4,1,1,1,1
4,16,26,0.0078118485398590565,0,0,3,3,3,5,3,5,1,1,1,1
4,16,27,0.029850006103515625,0,0,3,3,3,5,3,5,1,1,1,1
4,16,29,0.006568171549588442,0,0,3,3,3,5,3,5,1,1,1,1
4,16,31,0.13405342400074005,0,0,3,4,3,1,3,1,1,1,1,1
4,16,32,0.01858522742986679,0,0,3,4,3,2,3,2,1,1,1,1
4,16,34,0.040453504770994186,0,0,3,4,3,4,3,4,1,1,1,1
4,16,35,0.04381492733955383,0,0,3,4,3,5,3,5,1,1,1,1
4,16,41,0.07119949907064438,0,1,3,6,3,1,3,1,1,1,1,5
4,16,42,0.010160457342863083,0,1,3,6,3,2,3,2,1,1,1,5
4,16,43,0.26239535212516785,0,1,3,6,3,3,3,3,1,1,1,5
4,16,44,0.04041663557291031,0,1,3,6,3,4,3,4,1,1,1,5
4,16,46,0.02031283639371395,0,2,3,7,3,0,3,0,1,0,1,4
4,18,0,0.002580119762569666,0,0,3,1,3,0,3,0,1,2,1,4
4,18,3,0.07216465473175049,0,0,3,3,3,1,3,1,1,1,1,1
4,18,5,0.0413043238222599,0,0,3,3,3,1,3,1,1,1,1,1
4,18,6,0.05654824152588844,0,0,3,3,3,1,3,1,1,1,1,1
4,18,12,0.044895101338624954,0,0,3,3,3,2,3,2,1,1,1,1
4,18,15,0.0918029248714447,0,0,3,3,3,3,3,3,1,1,1,1
4,18,17,0.05717741325497627,0,0,3,3,3,3,3,3,1,1,1,1
4,18,19,0.029879041016101837,0,0,3,3,3,4,3,4,1,1,1,1
4,18,20,0.0711117684841156,0,0,3,3,3,4,3,4,1,1,1,1
4,18,22,0.03846636414527893,0,0,3,3,3,4,3,4,1,1,1,1
4,18,24,0.02452823333442211,0,0,3,3,3,4,3,4,1,1,1,1
4,18,26,0.0043514184653759,0,0,3,3,3,5,3,5,1,1,1,1
4,18,27,0.03027890808880329,0,0,3,3,3,5,3,5,1,1,1,1
4,18,29,0.0037837123963981867,0,0,3,3,3,5,3,5,1,1,1,1
4,18,31,0.1879715919494629,0,0,3,4,3,1,3,1,1,1,1,1
4,18,32,0.019646232947707176,0,0,3,4,3,2,3,2,1,1,1,1
4,18,34,0.039831556379795074,0,0,3,4,3,4,3,4,1,1,1,1
4,18,35,0.017177097499370575,0,0,3,4,3,5,3,5,1,1,1,1
4,18,41,0.025840098038315773,0,1,3,6,3,1,3,1,1,1,1,5
4,18,42,0.011887958273291588,0,1,3,6,3,2,3,2,1,1,1,5
4,18,43,0.08314007520675659,0,1,3,6,3,3,3,3,1,1,1,5
4,18,44,0.03677038848400116,0,1,3,6,3,4,3,4,1,1,1,5
4,18,46,0.008862876333296299,0,2,3,7,3,0,3,0,1,0,1,4
4,21,0,0.0006900878506712615,0,0,3,1,4,0,4,0,1,2,1,4
4,21,3,0.04844678193330765,0,0,3,3,4,1,4,1,1,1,1,1
4,21,5,0.019210096448659897,0,0,3,3,4,1,4,1,1,1,1,1
4,21,6,0.2382066249847412,0,0,3,3,4,1,4,1,1,1,1,1
4,21,12,0.001835813163779676,0,0,3,3,4,2,4,2,1,1,1,1
4,21,15,0.0831640213727951,0,0,3,3,4,3,4,3,1,1,1,1
4,21,17,0.041829656809568405,0,0,3,3,4,3,4,3,1,1,1,1
4,21,19,0.026394188404083252,0,0,3,3,4,4,4,4,1,1,1,1
4,21,20,0.04477670416235924,0,0,3,3,4,4,4,4,1,1,1,1
4,21,22,0.05915544182062149,0,0,3,3,4,4,4,4,1,1,1,1
4,21,24,0.01492178626358509,0,0,3,3,4,4,4,4,1,1,1,1
4,21,26,0.0009510787203907967,0,0,3,3,4,5,4,5,1,1,1,1
4,21,27,0.00741199916228652,0,0,3,3,4,5,4,5,1,1,1,1
4,21,29,0.00032377467141486704,0,0,3,3,4,5,4,5,1,1,1,1
4,21,31,0.2526916265487671,0,0,3,4,4,1,4,1,1,1,1,1
4,21,32,0.0010074038291350007,0,0,3,4,4,2,4,2,1,1,1,1
4,21,34,0.011140314862132072,0,0,3,4,4,4,4,4,1,1,1,1
4,21,35,0.01655512861907482,0,0,3,4,4,5,4,5,1,1,1,1
4,21,41,0.025832921266555786,0,1,3,6,4,1,4,1,1,1,1,5
4,21,42,0.00019948999397456646,0,1,3,6,4,2,4,2,1,1,1,5
4,21,43,0.09544891864061356,0,1,3,6,4,3,4,3,1,1,1,5
4,21,44,0.0028863733168691397,0,1,3,6,4,4,4,4,1,1,1,5
4,21,46,0.006919750943779945,0,2,3,7,4,0,4,0,1,0,1,4
4,23,0,0.000335087941493839,0,0,3,1,4,0,4,0,1,2,1,4
4,23,3,0.031768906861543655,0,0,3,3,4,1,4,1,1,1,1,1
4,23,5,0.032745640724897385,0,0,3,3,4,1,4,1,1,1,1,1
4,23,6,0.334790974855423,0,0,3,3,4,1,4,1,1,1,1,1
4,23,12,0.0020613856613636017,0,0,3,3,4,2,4,2,1,1,1,1
4,23,15,0.07116583734750748,0,0,3,3,4,3,4,3,1,1,1,1
4,23,17,0.053703777492046356,0,0,3,3,4,3,4,3,1,1,1,1
4,23,19,0.007822827436029911,0,0,3,3,4,4,4,4,1,1,1,1
4,23,20,0.016688592731952667,0,0,3,3,4,4,4,4,1,1,1,1
4,23,22,0.046729858964681625,0,0,3,3,4,4,4,4,1,1,1,1
4,23,24,0.005927233956754208,0,0,3,3,4,4,4,4,1,1,1,1
4,23,26,0.00019825708295684308,0,0,3,3,4,5,4,5,1,1,1,1
4,23,27,0.002330189337953925,0,0,3,3,4,5,4,5,1,1,1,1
4,23,29,4.994304617866874e-05,0,0,3,3,4,5,4,5,1,1,1,1
4,23,31,0.2847171127796173,0,0,3,4,4,1,4,1,1,1,1,1
4,23,32,0.001064400072209537,0,0,3,4,4,2,4,2,1,1,1,1
4,23,34,0.006004061084240675,0,0,3,4,4,4,4,4,1,1,1,1
4,23,35,0.027553515508770943,0,0,3,4,4,5,4,5,1,1,1,1
4,23,41,0.020942842587828636,0,1,3,6,4,1,4,1,1,1,1,5
4,23,42,0.0001321498566539958,0,1,3,6,4,2,4,2,1,1,1,5
4,23,43,0.04499433562159538,0,1,3,6,4,3,4,3,1,1,1,5
4,23,44,0.00032723406911827624,0,1,3,6,4,4,4,4,1,1,1,5
4,23,46,0.00794566422700882,0,2,3,7,4,0,4,0,1,0,1,4
4,25,0,1.3095175745547749e-05,0,0,3,1,5,0,5,0,1,2,1,4
4,25,3,0.03137602657079697,0,0,3,3,5,1,5,1,1,1,1,1
4,25,5,0.01015906035900116,0,0,3,3,5,1,5,1,1,1,1,1
4,25,6,0.05291116237640381,0,0,3,3,5,1,5,1,1,1,1,1
4,25,12,0.0009283247636631131,0,0,3,3,5,2,5,2,1,1,1,1
4,25,15,0.00648024445399642,0,0,3,3,5,3,5,3,1,1,1,1
4,25,17,0.005781116429716349,0,0,3,3,5,3,5,3,1,1,1,1
4,25,19,0.00041556282667443156,0,0,3,3,5,4,5,4,1,1,1,1
4,25,20,0.0026723649352788925,0,0,3,3,5,4,5,4,1,1,1,1
4,25,22,0.001885957783088088,0,0,3,3,5,4,5,4,1,1,1,1
4,25,24,0.00029380054911598563,0,0,3,3,5,4,5,4,1,1,1,1
4,25,26,4.205140794510953e-05,0,0,3,3,5,5,5,5,1,1,1,1
4,25,27,0.0007356023415923119,0,0,3,3,5,5,5,5,1,1,1,1
4,25,29,1.7094194845412858e-05,0,0,3,3,5,5,5,5,1,1,1,1
4,25,31,0.7436351180076599,0,0,3,4,5,1,5,1,1,1,1,1
4,25,32,0.001078699016943574,0,0,3,4,5,2,5,2,1,1,1,1
4,25,34,0.0012743277475237846,0,0,3,4,5,4,5,4,1,1,1,1
4,25,35,0.03310073912143707,0,0,3,4,5,5,5,5,1,1,1,1
4,25,41,0.05839088559150696,0,1,3,6,5,1,5,1,1,1,1,5
4,25,42,0.00026207431801594794,0,1,3,6,5,2,5,2,1,1,1,5
4,25,43,0.045222777873277664,0,1,3,6,5,3,5,3,1,1,1,5
4,25,44,0.000298764934996143,0,1,3,6,5,4,5,4,1,1,1,5
4,25,46,0.0030252423603087664,0,2,3,7,5,0,5,0,1,0,1,4
4,28,0,4.3777308746939525e-06,0,0,3,1,5,0,5,0,1,2,1,4
4,28,3,0.09004316478967667,0,0,3,3,5,1,5,1,1,1,1,1
4,28,5,0.04149389639496803,0,0,3,3,5,1,5,1,1,1,1,1
4,28,6,0.40621277689933777,0,0,3,3,5,1,5,1,1,1,1,1
4,28,12,0.009428211487829685,0,0,3,3,5,2,5,2,1,1,1,1
4,28,15,0.012044028379023075,0,0,3,3,5,3,5,3,1,1,1,1
4,28,17,0.010265208780765533,0,0,3,3,5,3,5,3,1,1,1,1
4,28,19,0.012906055897474289,0,0,3,3,5,4,5,4,1,1,1,1
4,28,20,0.019403139129281044,0,0,3,3,5,4,5,4,1,1,1,1
4,28,22,0.057999953627586365,0,0,3,3,5,4,5,4,1,1,1,1
4,28,24,0.00392557680606842,0,0,3,3,5,4,5,4,1,1,1,1
4,28,26,0.00011514706420712173,0,0,3,3,5,5,5,5,1,1,1,1
4,28,27,0.0015548599185422063,0,0,3,3,5,5,5,5,1,1,1,1
4,28,29,8.360029460163787e-05,0,0,3,3,5,5,5,5,1,1,1,1
4,28,31,0.28983041644096375,0,0,3,4,5,1,5,1,1,1,1,1
4,28,32,0.0014241564786061645,0,0,3,4,5,2,5,2,1,1,1,1
4,28,34,0.003918296657502651,0,0,3,4,5,4,5,4,1,1,1,1
4,28,35,0.03279386833310127,0,0,3,4,5,5,5,5,1,1,1,1
4,28,41,0.0037018156144768,0,1,3,6,5,1,5,1,1,1,1,5
4,28,42,8.824187534628436e-05,0,1,3,6,5,2,5,2,1,1,1,5
4,28,43,0.0023950100876390934,0,1,3,6,5,3,5,3,1,1,1,5
4,28,44,0.00016784131003078073,0,1,3,6,5,4,5,4,1,1,1,5
4,28,46,0.00020041315292473882,0,2,3,7,5,0,5,0,1,0,1,4
4,30,0,1.4411143638426438e-06,0,0,3,1,5,0,5,0,1,2,1,4
4,30,3,0.031180502846837044,0,0,3,3,5,1,5,1,1,1,1,1
4,30,5,0.0242389515042305,0,0,3,3,5,1,5,1,1,1,1,1
4,30,6,0.6758823394775391,0,0,3,3,5,1,5,1,1,1,1,1
4,30,12,0.0035287034697830677,0,0,3,3,5,2,5,2,1,1,1,1
4,30,15,0.008544599637389183,0,0,3,3,5,3,5,3,1,1,1,1
4,30,17,0.007000695448368788,0,0,3,3,5,3,5,3,1,1,1,1
4,30,19,0.0018991258693858981,0,0,3,3,5,4,5,4,1,1,1,1
4,30,20,0.0012403962900862098,0,0,3,3,5,4,5,4,1,1,1,1
4,30,22,0.009801143780350685,0,0,3,3,5,4,5,4,1,1,1,1
4,30,24,0.00017102601123042405,0,0,3,3,5,4,5,4,1,1,1,1
4,30,26,0.0001461891079088673,0,0,3,3,5,5,5,5,1,1,1,1
4,30,27,0.0007728832424618304,0,0,3,3,5,5,5,5,1,1,1,1
4,30,29,0.00012389713083393872,0,0,3,3,5,5,5,5,1,1,1,1
4,30,31,0.06614469736814499,0,0,3,4,5,1,5,1,1,1,1,1
4,30,32,0.0007373860571533442,0,0,3,4,5,2,5,2,1,1,1,1
4,30,34,0.0004092431045137346,0,0,3,4,5,4,5,4,1,1,1,1
4,30,35,0.15984328091144562,0,0,3,4,5,5,5,5,1,1,1,1
4,30,41,0.006897573824971914,0,1,3,6,5,1,5,1,1,1,1,5
4,30,42,0.0002606389462016523,0,1,3,6,5,2,5,2,1,1,1,5
4,30,43,0.001127765979617834,0,1,3,6,5,3,5,3,1,1,1,5
4,30,44,1.4396218830370344e-05,0,1,3,6,5,4,5,4,1,1,1,5
4,30,46,3.3125423215096816e-05,0,2,3,7,5,0,5,0,1,0,1,4
4,33,0,0.007218003273010254,0,0,4,1,3,0,3,0,1,2,1,4
4,33,3,0.010859115980565548,0,0,4,3,3,1,3,1,1,1,1,1
4,33,5,0.009078999981284142,0,0,4,3,3,1,3,1,1,1,1,1
4,33,6,0.03475339710712433,0,0,4,3,3,1,3,1,1,1,1,1
4,33,12,0.0051613450050354,0,0,4,3,3,2,3,2,1,1,1,1
4,33,15,0.06450318545103073,0,0,4,3,3,3,3,3,1,1,1,1
4,33,17,0.11107480525970459,0,0,4,3,3,3,3,3,1,1,1,1
4,33,19,0.0020565229933708906,0,0,4,3,3,4,3,4,1,1,1,1
4,33,20,0.004309437237679958,0,0,4,3,3,4,3,4,1,1,1,1
4,33,22,0.005919809453189373,0,0,4,3,3,4,3,4,1,1,1,1
4,33,24,0.0006836020038463175,0,0,4,3,3,4,3,4,1,1,1,1
4,33,26,0.001720029511488974,0,0,4,3,3,5,3,5,1,1,1,1
4,33,27,0.006105272565037012,0,0,4,3,3,5,3,5,1,1,1,1
4,33,29,0.0018928006757050753,0,0,4,3,3,5,3,5,1,1,1,1
4,33,31,0.06097964569926262,0,0,4,4,3,1,3,1,1,1,1,1
4,33,32,0.011852746829390526,0,0,4,4,3,2,3,2,1,1,1,1
4,33,34,0.005195381119847298,0,0,4,4,3,4,3,4,1,1,1,1
4,33,35,0.08268037438392639,0,0,4,4,3,5,3,5,1,1,1,1
4,33,41,0.14343968033790588,0,1,4,6,3,1,3,1,1,1,1,5
4,33,42,0.05133671686053276,0,1,4,6,3,2,3,2,1,1,1,5
4,33,43,0.3233507573604584,0,1,4,6,3,3,3,3,1,1,1,5
4,33,44,0.009104639291763306,0,1,4,6,3,4,3,4,1,1,1,5
4,33,46,0.046723872423172,0,2,4,7,3,0,3,0,1,0,1,4
4,36,0,0.0006864691385999322,0,0,5,1,1,0,1,0,2,2,2,4
4,36,3,0.1208408921957016,0,0,5,3,1,1,1,1,2,1,2,1
4,36,5,0.04157325625419617,0,0,5,3,1,1,1,1,2,1,2,1
4,36,6,0.010877064429223537,0,0,5,3,1,1,1,1,2,1,2,1
4,36,12,0.004111480433493853,0,0,5,3,1,2,1,2,2,1,2,1
4,36,15,0.001351005514152348,0,0,5,3,1,3,1,3,2,1,2,1
4,36,17,0.002241328125819564,0,0,5,3,1,3,1,3,2,1,2,1
4,36,19,0.0005125264287926257,0,0,5,3,1,4,1,4,2,1,2,1
4,36,20,0.00128751655574888,0,0,5,3,1,4,1,4,2,1,2,1
4,36,22,0.0008029935415834188,0,0,5,3,1,4,1,4,2,1,2,1
4,36,24,0.000741048133932054,0,0,5,3,1,4,1,4,2,1,2,1
4,36,26,0.036268629133701324,0,0,5,3,1,5,1,5,2,1,2,1
4,36,27,0.030184010043740273,0,0,5,3,1,5,1,5,2,1,2,1
4,36,29,0.014541028998792171,0,0,5,3,1,5,1,5,2,1,2,1
4,36,31,0.4245579242706299,0,0,5,4,1,1,1,1,2,1,2,1
4,36,32,0.007074522320181131,0,0,5,4,1,2,1,2,2,1,2,1
4,36,34,0.007178184110671282,0,0,5,4,1,4,1,4,2,1,2,1
4,36,35,0.26516836881637573,0,0,5,4,1,5,1,5,2,1,2,1
4,36,41,0.010323824360966682,0,1,5,6,1,1,1,1,2,1,2,5
4,36,42,0.0005541723221540451,0,1,5,6,1,2,1,2,2,1,2,5
4,36,43,0.0013895832234993577,0,1,5,6,1,3,1,3,2,1,2,5
4,36,44,0.00020575513190124184,0,1,5,6,1,4,1,4,2,1,2,5
4,36,46,0.017528481781482697,0,2,5,7,1,0,1,0,2,0,2,4
4,37,0,0.18246997892856598,0,0,5,1,2,0,2,0,2,2,2,4
4,37,3,0.0013722267467528582,0,0,5,3,2,1,2,1,2,1,2,1
4,37,5,0.0014728161040693521,0,0,5,3,2,1,2,1,2,1,2,1
4,37,6,0.0003905894700437784,0,0,5,3,2,1,2,1,2,1,2,1
4,37,12,0.00039527795161120594,0,0,5,3,2,2,2,2,2,1,2,1
4,37,15,0.0005259818281047046,0,0,5,3,2,3,2,3,2,1,2,1
4,37,17,0.0017412555171176791,0,0,5,3,2,3,2,3,2,1,2,1
4,37,19,6.979925092309713e-05,0,0,5,3,2,4,2,4,2,1,2,1
4,37,20,0.00011154045205330476,0,0,5,3,2,4,2,4,2,1,2,1
4,37,22,0.0001418900938006118,0,0,5,3,2,4,2,4,2,1,2,1
4,37,24,0.0002343032683711499,0,0,5,3,2,4,2,4,2,1,2,1
4,37,26,0.0063085095025599,0,0,5,3,2,5,2,5,2,1,2,1
4,37,27,0.002096925163641572,0,0,5,3,2,5,2,5,2,1,2,1
4,37,29,0.004254084080457687,0,0,5,3,2,5,2,5,2,1,2,1
4,37,31,0.002389843575656414,0,0,5,4,2,1,2,1,2,1,2,1
4,37,32,0.002382689155638218,0,0,5,4,2,2,2,2,2,1,2,1
4,37,34,0.0005421978421509266,0,0,5,4,2,4,2,4,2,1,2,1
4,37,35,0.0077253347262740135,0,0,5,4,2,5,2,5,2,1,2,1
4,37,41,0.024714123457670212,0,1,5,6,2,1,2,1,2,1,2,5
4,37,42,0.007447270210832357,0,1,5,6,2,2,2,2,2,1,2,5
4,37,43,0.007667934987694025,0,1,5,6,2,3,2,3,2,1,2,5
4,37,44,0.0005412579630501568,0,1,5,6,2,4,2,4,2,1,2,5
4,37,46,0.7450045347213745,0,2,5,7,2,0,2,0,2,0,2,4
4,38,0,0.0445886105298996,0,0,5,1,3,0,3,0,2,2,2,4
4,38,3,0.0004708329797722399,0,0,5,3,3,1,3,1,2,1,2,1
4,38,5,0.00019374968542251736,0,0,5,3,3,1,3,1,2,1,2,1
4,38,6,0.00011207161151105538,0,0,5,3,3,1,3,1,2,1,2,1
4,38,12,2.726337879721541e-05,0,0,5,3,3,2,3,2,2,1,2,1
4,38,15,0.00014256537542678416,0,0,5,3,3,3,3,3,2,1,2,1
4,38,17,0.0003945148491766304,0,0,5,3,3,3,3,3,2,1,2,1
4,38,19,8.169984539563302e-06,0,0,5,3,3,4,3,4,2,1,2,1
4,38,20,3.141405977657996e-05,0,0,5,3,3,4,3,4,2,1,2,1
4,38,22,2.4323962861672044e-05,0,0,5,3,3,4,3,4,2,1,2,1
4,38,24,3.8061654777266085e-05,0,0,5,3,3,4,3,4,2,1,2,1
4,38,26,0.0007149691809900105,0,0,5,3,3,5,3,5,2,1,2,1
4,38,27,0.0004250534111633897,0,0,5,3,3,5,3,5,2,1,2,1
4,38,29,0.0003869450883939862,0,0,5,3,3,5,3,5,2,1,2,1
4,38,31,0.0025173272006213665,0,0,5,4,3,1,3,1,2,1,2,1
4,38,32,0.0007198714301921427,0,0,5,4,3,2,3,2,2,1,2,1
4,38,34,0.0002877064107451588,0,0,5,4,3,4,3,4,2,1,2,1
4,38,35,0.0047981818206608295,0,0,5,4,3,5,3,5,2,1,2,1
4,38,41,0.022202784195542336,0,1,5,6,3,1,3,1,2,1,2,5
4,38,42,0.0012559618335217237,0,1,5,6,3,2,3,2,2,1,2,5
4,38,43,0.015592637471854687,0,1,5,6,3,3,3,3,2,1,2,5
4,38,44,0.00019213781342841685,0,1,5,6,3,4,3,4,2,1,2,5
4,38,46,0.9048752188682556,0,2,5,7,3,0,3,0,2,0,2,4
4,39,0,0.00951189361512661,0,0,5,1,4,0,4,0,2,2,2,4
4,39,3,0.001610776293091476,0,0,5,3,4,1,4,1,2,1,2,1
4,39,5,0.0011641676537692547,0,0,5,3,4,1,4,1,2,1,2,1
4,39,6,0.002291552722454071,0,0,5,3,4,1,4,1,2,1,2,1
4,39,12,3.4267723094671965e-05,0,0,5,3,4,2,4,2,2,1,2,1
4,39,15,0.0005379168433137238,0,0,5,3,4,3,4,3,2,1,2,1
4,39,17,0.0018393697682768106,0,0,5,3,4,3,4,3,2,1,2,1
4,39,19,6.034802208887413e-05,0,0,5,3,4,4,4,4,2,1,2,1
4,39,20,0.00018051084771286696,0,0,5,3,4,4,4,4,2,1,2,1
4,39,22,0.00045695886365137994,0,0,5,3,4,4,4,4,2,1,2,1
4,39,24,0.0002515825326554477,0,0,5,3,4,4,4,4,2,1,2,1
4,39,26,0.00015902947052381933,0,0,5,3,4,5,4,5,2,1,2,1
4,39,27,0.0003203207452315837,0,0,5,3,4,5,4,5,2,1,2,1
4,39,29,3.262289828853682e-05,0,0,5,3,4,5,4,5,2,1,2,1
4,39,31,0.016436366364359856,0,0,5,4,4,1,4,1,2,1,2,1
4,39,32,9.841691644396633e-05,0,0,5,4,4,2,4,2,2,1,2,1
4,39,34,0.00046555246808566153,0,0,5,4,4,4,4,4,2,1,2,1
4,39,35,0.002268807264044881,0,0,5,4,4,5,4,5,2,1,2,1
4,39,41,0.024172963574528694,0,1,5,6,4,1,4,1,2,1,2,5
4,39,42,7.246679888339713e-05,0,1,5,6,4,2,4,2,2,1,2,5
4,39,43,0.023672811686992645,0,1,5,6,4,3,4,3,2,1,2,5
4,39,44,8.465287100989372e-05,0,1,5,6,4,4,4,4,2,1,2,5
4,39,46,0.9142758250236511,0,2,5,7,4,0,4,0,2,0,2,4
4,40,0,0.00036802704562433064,0,0,5,1,5,0,5,0,2,2,2,4
4,40,3,0.01343345083296299,0,0,5,3,5,1,5,1,2,1,2,1
4,40,5,0.011221115477383137,0,0,5,3,5,1,5,1,2,1,2,1
4,40,6,0.015565569512546062,0,0,5,3,5,1,5,1,2,1,2,1
4,40,12,0.00022569522843696177,0,0,5,3,5,2,5,2,2,1,2,1
4,40,15,0.00015641876962035894,0,0,5,3,5,3,5,3,2,1,2,1
4,40,17,0.0007661858107894659,0,0,5,3,5,3,5,3,2,1,2,1
4,40,19,4.1513754695188254e-05,0,0,5,3,5,4,5,4,2,1,2,1
4,40,20,2.341487561352551e-05,0,0,5,3,5,4,5,4,2,1,2,1
4,40,22,0.00030173917184583843,0,0,5,3,5,4,5,4,2,1,2,1
4,40,24,4.188083403278142e-05,0,0,5,3,5,4,5,4,2,1,2,1
4,40,26,0.0025806801859289408,0,0,5,3,5,5,5,5,2,1,2,1
4,40,27,0.0016310536302626133,0,0,5,3,5,5,5,5,2,1,2,1
4,40,29,0.0013965391553938389,0,0,5,3,5,5,5,5,2,1,2,1
4,40,31,0.06655992567539215,0,0,5,4,5,1,5,1,2,1,2,1
4,40,32,0.0007459208136424422,0,0,5,4,5,2,5,2,2,1,2,1
4,40,34,0.00022952700965106487,0,0,5,4,5,4,5,4,2,1,2,1
4,40,35,0.8576103448867798,0,0,5,4,5,5,5,5,2,1,2,1
4,40,41,0.014589284546673298,0,1,5,6,5,1,5,1,2,1,2,5
4,40,42,7.110391015885398e-05,0,1,5,6,5,2,5,2,2,1,2,5
4,40,43,0.0005975188687443733,0,1,5,6,5,3,5,3,2,1,2,5
4,40,44,1.2559120250443812e-06,0,1,5,6,5,4,5,4,2,1,2,5
4,40,46,0.01184117142111063,0,2,5,7,5,0,5,0,2,0,2,4
4,45,0,0.047864142805337906,1,0,6,1,5,0,5,0,1,2,5,4
4,45,3,0.007003746926784515,1,0,6,3,5,1,5,1,1,1,5,1
4,45,5,0.020587053149938583,1,0,6,3,5,1,5,1,1,1,5,1
4,45,6,0.03933475911617279,1,0,6,3,5,1,5,1,1,1,5,1
4,45,12,0.011034068651497364,1,0,6,3,5,2,5,2,1,1,5,1
4,45,15,0.060971252620220184,1,0,6,3,5,3,5,3,1,1,5,1
4,45,17,0.03854791074991226,1,0,6,3,5,3,5,3,1,1,5,1
4,45,19,0.00707273418083787,1,0,6,3,5,4,5,4,1,1,5,1
4,45,20,0.03814273327589035,1,0,6,3,5,4,5,4,1,1,5,1
4,45,22,0.034167997539043427,1,0,6,3,5,4,5,4,1,1,5,1
4,45,24,0.023098140954971313,1,0,6,3,5,4,5,4,1,1,5,1
4,45,26,0.0027735093608498573,1,0,6,3,5,5,5,5,1,1,5,1
4,45,27,0.013485020026564598,1,0,6,3,5,5,5,5,1,1,5,1
4,45,29,0.0017717378214001656,1,0,6,3,5,5,5,5,1,1,5,1
4,45,31,0.09275113791227341,1,0,6,4,5,1,5,1,1,1,5,1
4,45,32,0.0344172865152359,1,0,6,4,5,2,5,2,1,1,5,1
4,45,34,0.058134809136390686,1,0,6,4,5,4,5,4,1,1,5,1
4,45,35,0.04380866140127182,1,0,6,4,5,5,5,5,1,1,5,1
4,45,41,0.0996011346578598,1,1,6,6,5,1,5,1,1,1,5,5
4,45,42,0.015329452231526375,1,1,6,6,5,2,5,2,1,1,5,5
4,45,43,0.24632030725479126,1,1,6,6,5,3,5,3,1,1,5,5
4,45,44,0.017523568123579025,1,1,6,6,5,4,5,4,1,1,5,5
4,45,46,0.04625886306166649,1,2,6,7,5,0,5,0,1,0,5,4
5,0,1,0.014714616350829601,0,0,1,3,0,1,0,1,2,1,4,1
5,0,2,0.021885020658373833,0,0,1,3,0,1,0,1,2,1,4,1
5,0,4,0.05959228798747063,0,0,1,3,0,1,0,1,2,1,4,1
5,0,7,0.001338327070698142,0,0,1,3,0,2,0,2,2,1,4,1
5,0,8,0.0008412488386966288,0,0,1,3,0,2,0,2,2,1,4,1
5,0,9,0.0034429323859512806,0,0,1,3,0,2,0,2,2,1,4,1
5,0,10,0.003602939657866955,0,0,1,3,0,2,0,2,2,1,4,1
5,0,11,0.00024482698063366115,0,0,1,3,0,2,0,2,2,1,4,1
5,0,13,0.000188684745808132,0,0,1,3,0,3,0,3,2,1,4,1
5,0,14,0.00033409413299523294,0,0,1,3,0,3,0,3,2,1,4,1
5,0,16,0.00043490156531333923,0,0,1,3,0,3,0,3,2,1,4,1
5,0,18,0.0005175865953788161,0,0,1,3,0,3,0,3,2,1,4,1
5,0,21,0.001364163588732481,0,0,1,3,0,4,0,4,2,1,4,1
5,0,23,0.006016327068209648,0,0,1,3,0,4,0,4,2,1,4,1
5,0,25,0.012042061425745487,0,0,1,3,0,5,0,5,2,1,4,1
5,0,28,0.8525830507278442,0,0,1,3,0,5,0,5,2,1,4,1
5,0,30,0.01339428499341011,0,0,1,3,0,5,0,5,2,1,4,1
5,0,33,0.0004111322923563421,0,0,1,4,0,3,0,3,2,1,4,1
5,0,36,0.00212920643389225,0,0,1,5,0,1,0,1,2,2,4,2
5,0,37,1.0846841178135946e-05,0,0,1,5,0,2,0,2,2,2,4,2
5,0,38,2.2489618913823506e-06,0,0,1,5,0,3,0,3,2,2,4,2
5,0,39,3.0450552003458142e-05,0,0,1,5,0,4,0,4,2,2,4,2
5,0,40,3.5114055208396167e-05,0,0,1,5,0,5,0,5,2,2,4,2
5,0,45,0.004843808710575104,0,1,1,6,0,5,0,5,2,1,4,5
5,3,1,0.04645245149731636,0,0,3,3,1,1,1,1,1,1,1,1
5,3,2,0.5314887762069702,0,0,3,3,1,1,1,1,1,1,1,1
5,3,4,0.09900912642478943,0,0,3,3,1,1,1,1,1,1,1,1
5,3,7,0.04048122838139534,0,0,3,3,1,2,1,2,1,1,1,1
5,3,8,0.06195230782032013,0,0,3,3,1,2,1,2,1,1,1,1
5,3,9,0.016056004911661148,0,0,3,3,1,2,1,2,1,1,1,1
5,3,10,0.12128390371799469,0,0,3,3,1,2,1,2,1,1,1,1
5,3,11,0.007936563342809677,0,0,3,3,1,2,1,2,1,1,1,1
5,3,13,5.639819573843852e-05,0,0,3,3,1,3,1,3,1,1,1,1
5,3,14,0.00033027035533450544,0,0,3,3,1,3,1,3,1,1,1,1
5,3,16,0.0009489702642895281,0,0,3,3,1,3,1,3,1,1,1,1
5,3,18,0.0004268338961992413,0,0,3,3,1,3,1,3,1,1,1,1
5,3,21,0.0014176322147250175,0,0,3,3,1,4,1,4,1,1,1,1
5,3,23,0.0041678668931126595,0,0,3,3,1,4,1,4,1,1,1,1
5,3,25,0.003284892998635769,0,0,3,3,1,5,1,5,1,1,1,1
5,3,28,0.015259094536304474,0,0,3,3,1,5,1,5,1,1,1,1
5,3,30,0.002731895772740245,0,0,3,3,1,5,1,5,1,1,1,1
5,3,33,0.00037084019277244806,0,0,3,4,1,3,1,3,1,1,1,1
5,3,36,0.04182024672627449,0,0,3,5,1,1,1,1,1,2,1,2
5,3,37,0.0009369312319904566,0,0,3,5,1,2,1,2,1,2,1,2
5,3,38,1.0186104191234335e-05,0,0,3,5,1,3,1,3,1,2,1,2
5,3,39,0.00018650988931767642,0,0,3,5,1,4,1,4,1,2,1,2
5,3,40,0.0001540138036943972,0,0,3,5,1,5,1,5,1,2,1,2
5,3,45,0.0032369079999625683,0,1,3,6,1,5,1,5,1,1,1,5
5,5,1,0.018639974296092987,0,0,3,3,1,1,1,1,1,1,1,1
5,5,2,0.8015063405036926,0,0,3,3,1,1,1,1,1,1,1,1
5,5,4,0.03466859087347984,0,0,3,3,1,1,1,1,1,1,1,1
5,5,7,0.012164226733148098,0,0,3,3,1,2,1,2,1,1,1,1
5,5,8,0.006730497349053621,0,0,3,3,1,2,1,2,1,1,1,1
5,5,9,0.0020861378870904446,0,0,3,3,1,2,1,2,1,1,1,1
5,5,10,0.03696748614311218,0,0,3,3,1,2,1,2,1,1,1,1
5,5,11,0.002107205567881465,0,0,3,3,1,2,1,2,1,1,1,1
5,5,13,9.976505452868878e-07,0,0,3,3,1,3,1,3,1,1,1,1
5,5,14,4.279603672330268e-06,0,0,3,3,1,3,1,3,1,1,1,1
5,5,16,1.7943115381058306e-05,0,0,3,3,1,3,1,3,1,1,1,1
5,5,18,1.585030804562848e-05,0,0,3,3,1,3,1,3,1,1,1,1
5,5,21,4.139773591305129e-05,0,0,3,3,1,4,1,4,1,1,1,1
5,5,23,0.00017645320622250438,0,0,3,3,1,4,1,4,1,1,1,1
5,5,25,0.00012734219490084797,0,0,3,3,1,5,1,5,1,1,1,1
5,5,28,0.007371882908046246,0,0,3,3,1,5,1,5,1,1,1,1
5,5,30,0.00025486265076324344,0,0,3,3,1,5,1,5,1,1,1,1
5,5,33,1.656073254707735e-05,0,0,3,4,1,3,1,3,1,1,1,1
5,5,36,0.07681583613157272,0,0,3,5,1,1,1,1,1,2,1,2
5,5,37,0.00015100513701327145,0,0,3,5,1,2,1,2,1,2,1,2
5,5,38,3.0215247193154937e-07,0,0,3,5,1,3,1,3,1,2,1,2
5,5,39,1.1412433195800986e-05,0,0,3,5,1,4,1,4,1,2,1,2
5,5,40,1.4370851204148494e-05,0,0,3,5,1,5,1,5,1,2,1,2
5,5,45,0.00010858372843358666,0,1,3,6,1,5,1,5,1,1,1,5
5,6,1,0.012979507446289062,0,0,3,3,1,1,1,1,1,1,1,1
5,6,2,0.2188228815793991,0,0,3,3,1,1,1,1,1,1,1,1
5,6,4,0.03731786459684372,0,0,3,3,1,1,1,1,1,1,1,1
5,6,7,0.0987747386097908,0,0,3,3,1,2,1,2,1,1,1,1
5,6,8,0.1747971624135971,0,0,3,3,1,2,1,2,1,1,1,1
5,6,9,0.017564231529831886,0,0,3,3,1,2,1,2,1,1,1,1
5,6,10,0.35172751545906067,0,0,3,3,1,2,1,2,1,1,1,1
5,6,11,0.005818445701152086,0,0,3,3,1,2,1,2,1,1,1,1
5,6,13,3.7684145354432985e-05,0,0,3,3,1,3,1,3,1,1,1,1
5,6,14,0.00026378838811069727,0,0,3,3,1,3,1,3,1,1,1,1
5,6,16,0.0005733675207011402,0,0,3,3,1,3,1,3,1,1,1,1
5,6,18,0.00029081618413329124,0,0,3,3,1,3,1,3,1,1,1,1
5,6,21,0.00022813354735262692,0,0,3,3,1,4,1,4,1,1,1,1
5,6,23,0.0012878273846581578,0,0,3,3,1,4,1,4,1,1,1,1
5,6,25,0.004205526318401098,0,0,3,3,1,5,1,5,1,1,1,1
5,6,28,0.0428958460688591,0,0,3,3,1,5,1,5,1,1,1,1
5,6,30,0.002752075670287013,0,0,3,3,1,5,1,5,1,1,1,1
5,6,33,0.0004262107249815017,0,0,3,4,1,3,1,3,1,1,1,1
5,6,36,0.02634868398308754,0,0,3,5,1,1,1,1,1,2,1,2
5,6,37,0.0005941641866229475,0,0,3,5,1,2,1,2,1,2,1,2
5,6,38,2.055387767541106e-06,0,0,3,5,1,3,1,3,1,2,1,2
5,6,39,2.3546275770058855e-05,0,0,3,5,1,4,1,4,1,2,1,2
5,6,40,7.618552626809105e-05,0,0,3,5,1,5,1,5,1,2,1,2
5,6,45,0.002191337291151285,0,1,3,6,1,5,1,5,1,1,1,5
5,12,1,3.276371717220172e-05,0,0,3,3,2,1,2,1,1,1,1,1
5,12,2,0.0021215847227722406,0,0,3,3,2,1,2,1,1,1,1,1
5,12,4,0.00011042649566661566,0,0,3,3,2,1,2,1,1,1,1,1
5,12,7,4.97195178468246e-05,0,0,3,3,2,2,2,2,1,1,1,1
5,12,8,3.460072264260816e-07,0,0,3,3,2,2,2,2,1,1,1,1
5,12,9,1.7189536265505012e-06,0,0,3,3,2,2,2,2,1,1,1,1
5,12,10,2.0938987290719524e-06,0,0,3,3,2,2,2,2,1,1,1,1
5,12,11,4.181268195679877e-06,0,0,3,3,2,2,2,2,1,1,1,1
5,12,13,3.296296711141622e-07,0,0,3,3,2,3,2,3,1,1,1,1
5,12,14,5.75304852645786e-08,0,0,3,3,2,3,2,3,1,1,1,1
5,12,16,1.3660236675150372e-07,0,0,3,3,2,3,2,3,1,1,1,1
5,12,18,1.905413284930546e-07,0,0,3,3,2,3,2,3,1,1,1,1
5,12,21,6.180300715641351e-07,0,0,3,3,2,4,2,4,1,1,1,1
5,12,23,5.4715433179808315e-06,0,0,3,3,2,4,2,4,1,1,1,1
5,12,25,1.2388310324240592e-06,0,0,3,3,2,5,2,5,1,1,1,1
5,12,28,8.274304855149239e-05,0,0,3,3,2,5,2,5,1,1,1,1
5,12,30,8.168372573891247e-07,0,0,3,3,2,5,2,5,1,1,1,1
5,12,33,1.4016808336236863e-06,0,0,3,4,2,3,2,3,1,1,1,1
5,12,36,0.991254985332489,0,0,3,5,2,1,2,1,1,2,1,2
5,12,37,0.0005503492429852486,0,0,3,5,2,2,2,2,1,2,1,2
5,12,38,0.00010991554154315963,0,0,3,5,2,3,2,3,1,2,1,2
5,12,39,0.0006346338195726275,0,0,3,5,2,4,2,4,1,2,1,2
5,12,40,0.0022460652980953455,0,0,3,5,2,5,2,5,1,2,1,2
5,12,45,0.0027884161099791527,0,1,3,6,2,5,2,5,1,1,1,5
5,15,1,9.139789654000197e-06,0,0,3,3,3,1,3,1,1,1,1,1
5,15,2,0.0014788900734856725,0,0,3,3,3,1,3,1,1,1,1,1
5,15,4,3.3307467674603686e-05,0,0,3,3,3,1,3,1,1,1,1,1
5,15,7,0.0002452572516631335,0,0,3,3,3,2,3,2,1,1,1,1
5,15,8,8.050710675888695e-06,0,0,3,3,3,2,3,2,1,1,1,1
5,15,9,2.547969643273973e-06,0,0,3,3,3,2,3,2,1,1,1,1
5,15,10,1.4183151506586e-05,0,0,3,3,3,2,3,2,1,1,1,1
5,15,11,5.083016276330454e-06,0,0,3,3,3,2,3,2,1,1,1,1
5,15,13,1.2527334547485225e-07,0,0,3,3,3,3,3,3,1,1,1,1
5,15,14,3.4430236439675355e-08,0,0,3,3,3,3,3,3,1,1,1,1
5,15,16,1.2833592677452543e-07,0,0,3,3,3,3,3,3,1,1,1,1
5,15,18,8.618598457132975e-08,0,0,3,3,3,3,3,3,1,1,1,1
5,15,21,8.257406136635836e-08,0,0,3,3,3,4,3,4,1,1,1,1
5,15,23,8.606355663687282e-07,0,0,3,3,3,4,3,4,1,1,1,1
5,15,25,6.990979727561353e-06,0,0,3,3,3,5,3,5,1,1,1,1
5,15,28,0.0003627081459853798,0,0,3,3,3,5,3,5,1,1,1,1
5,15,30,1.4762169939785963e-06,0,0,3,3,3,5,3,5,1,1,1,1
5,15,33,1.5694731700932607e-06,0,0,3,4,3,3,3,3,1,1,1,1
5,15,36,0.9917515516281128,0,0,3,5,3,1,3,1,1,2,1,2
5,15,37,0.0024040325079113245,0,0,3,5,3,2,3,2,1,2,1,2
5,15,38,7.812433068465907e-06,0,0,3,5,3,3,3,3,1,2,1,2
5,15,39,0.0001129344163928181,0,0,3,5,3,4,3,4,1,2,1,2
5,15,40,0.0031245630234479904,0,0,3,5,3,5,3,5,1,2,1,2
5,15,45,0.0004283759044483304,0,1,3,6,3,5,3,5,1,1,1,5
5,17,1,3.22530759149231e-05,0,0,3,3,3,1,3,1,1,1,1,1
5,17,2,0.00337259192019701,0,0,3,3,3,1,3,1,1,1,1,1
5,17,4,0.000351650727679953,0,0,3,3,3,1,3,1,1,1,1,1
5,17,7,0.003917050547897816,0,0,3,3,3,2,3,2,1,1,1,1
5,17,8,7.076956535456702e-05,0,0,3,3,3,2,3,2,1,1,1,1
5,17,9,4.609554525814019e-05,0,0,3,3,3,2,3,2,1,1,1,1
5,17,10,0.0001222272403538227,0,0,3,3,3,2,3,2,1,1,1,1
5,17,11,5.707357922801748e-05,0,0,3,3,3,2,3,2,1,1,1,1
5,17,13,2.752235104708234e-06,0,0,3,3,3,3,3,3,1,1,1,1
5,17,14,9.551039283905993e-07,0,0,3,3,3,3,3,3,1,1,1,1
5,17,16,2.6684851945901755e-06,0,0,3,3,3,3,3,3,1,1,1,1
5,17,18,1.1652543889795197e-06,0,0,3,3,3,3,3,3,1,1,1,1
5,17,21,3.012746901731589e-06,0,0,3,3,3,4,3,4,1,1,1,1
5,17,23,3.488151196506806e-05,0,0,3,3,3,4,3,4,1,1,1,1
5,17,25,9.712517930893227e-05,0,0,3,3,3,5,3,5,1,1,1,1
5,17,28,0.0019684331491589546,0,0,3,3,3,5,3,5,1,1,1,1
5,17,30,2.503938230802305e-05,0,0,3,3,3,5,3,5,1,1,1,1
5,17,33,2.144629615941085e-05,0,0,3,4,3,3,3,3,1,1,1,1
5,17,36,0.9757208228111267,0,0,3,5,3,1,3,1,1,2,1,2
5,17,37,0.004378951154649258,0,0,3,5,3,2,3,2,1,2,1,2
5,17,38,2.7719543140847236e-05,0,0,3,5,3,3,3,3,1,2,1,2
5,17,39,0.0006017408450134099,0,0,3,5,3,4,3,4,1,2,1,2
5,17,40,0.005291971378028393,0,0,3,5,3,5,3,5,1,2,1,2
5,17,45,0.003851596498861909,0,1,3,6,3,5,3,5,1,1,1,5
5,19,1,4.898837141809054e-05,0,0,3,3,4,1,4,1,1,1,1,1
5,19,2,0.002925852546468377,0,0,3,3,4,1,4,1,1,1,1,1
5,19,4,0.0001470668357796967,0,0,3,3,4,1,4,1,1,1,1,1
5,19,7,0.0007037161267362535,0,0,3,3,4,2,4,2,1,1,1,1
5,19,8,1.4152195035421755e-05,0,0,3,3,4,2,4,2,1,1,1,1
5,19,9,1.0935470527329016e-05,0,0,3,3,4,2,4,2,1,1,1,1
5,19,10,1.2884675015811808e-05,0,0,3,3,4,2,4,2,1,1,1,1
5,19,11,2.823302202159539e-05,0,0,3,3,4,2,4,2,1,1,1,1
5,19,13,3.97534540752531e-06,0,0,3,3,4,3,4,3,1,1,1,1
5,19,14,1.2868928251918987e-06,0,0,3,3,4,3,4,3,1,1,1,1
5,19,16,1.1735320413208683e-06,0,0,3,3,4,3,4,3,1,1,1,1
5,19,18,6.851562375231879e-07,0,0,3,3,4,3,4,3,1,1,1,1
5,19,21,2.9440727189467e-07,0,0,3,3,4,4,4,4,1,1,1,1
5,19,23,7.629724677826744e-06,0,0,3,3,4,4,4,4,1,1,1,1
5,19,25,1.4454006304731593e-05,0,0,3,3,4,5,4,5,1,1,1,1
5,19,28,0.001245935563929379,0,0,3,3,4,5,4,5,1,1,1,1
5,19,30,8.667471774970181e-06,0,0,3,3,4,5,4,5,1,1,1,1
5,19,33,1.569097730680369e-05,0,0,3,4,4,3,4,3,1,1,1,1
5,19,36,0.9621444344520569,0,0,3,5,4,1,4,1,1,2,1,2
5,19,37,0.0013637072406709194,0,0,3,5,4,2,4,2,1,2,1,2
5,19,38,8.72086820891127e-05,0,0,3,5,4,3,4,3,1,2,1,2
5,19,39,0.00014916484360583127,0,0,3,5,4,4,4,4,1,2,1,2
5,19,40,0.018992679193615913,0,0,3,5,4,5,4,5,1,2,1,2
5,19,45,0.012071325443685055,0,1,3,6,4,5,4,5,1,1,1,5
5,20,1,0.0032248576171696186,0,0,3,3,4,1,4,1,1,1,1,1
5,20,2,0.1647498458623886,0,0,3,3,4,1,4,1,1,1,1,1
5,20,4,0.006698471959680319,0,0,3,3,4,1,4,1,1,1,1,1
5,20,7,0.014118283987045288,0,0,3,3,4,2,4,2,1,1,1,1
5,20,8,0.002243957482278347,0,0,3,3,4,2,4,2,1,1,1,1
5,20,9,0.0004046774411108345,0,0,3,3,4,2,4,2,1,1,1,1
5,20,10,0.0020332238636910915,0,0,3,3,4,2,4,2,1,1,1,1
5,20,11,0.0012840915005654097,0,0,3,3,4,2,4,2,1,1,1,1
5,20,13,3.061741153942421e-05,0,0,3,3,4,3,4,3,1,1,1,1
5,20,14,2.964625855383929e-05,0,0,3,3,4,3,4,3,1,1,1,1
5,20,16,4.570913370116614e-05,0,0,3,3,4,3,4,3,1,1,1,1
5,20,18,1.124799655372044e-05,0,0,3,3,4,3,4,3,1,1,1,1
5,20,21,8.593039638071787e-06,0,0,3,3,4,4,4,4,1,1,1,1
5,20,23,0.00010029313853010535,0,0,3,3,4,4,4,4,1,1,1,1
5,20,25,0.0005636169225908816,0,0,3,3,4,5,4,5,1,1,1,1
5,20,28,0.026795919984579086,0,0,3,3,4,5,4,5,1,1,1,1
5,20,30,0.00035369748366065323,0,0,3,3,4,5,4,5,1,1,1,1
5,20,33,0.00013843292254023254,0,0,3,4,4,3,4,3,1,1,1,1
5,20,36,0.7543207406997681,0,0,3,5,4,1,4,1,1,2,1,2
5,20,37,0.003275505732744932,0,0,3,5,4,2,4,2,1,2,1,2
5,20,38,3.33682655764278e-05,0,0,3,5,4,3,4,3,1,2,1,2
5,20,39,0.00011177120904903859,0,0,3,5,4,4,4,4,1,2,1,2
5,20,40,0.012804720550775528,0,0,3,5,4,5,4,5,1,2,1,2
5,20,45,0.006618725135922432,0,1,3,6,4,5,4,5,1,1,1,5
5,22,1,0.01326423604041338,0,0,3,3,4,1,4,1,1,1,1,1
5,22,2,0.3933410942554474,0,0,3,3,4,1,4,1,1,1,1,1
5,22,4,0.03060026466846466,0,0,3,3,4,1,4,1,1,1,1,1
5,22,7,0.00828227587044239,0,0,3,3,4,2,4,2,1,1,1,1
5,22,8,0.001244070939719677,0,0,3,3,4,2,4,2,1,1,1,1
5,22,9,0.0006243242532946169,0,0,3,3,4,2,4,2,1,1,1,1
5,22,10,0.0012193339643999934,0,0,3,3,4,2,4,2,1,1,1,1
5,22,11,0.0017369301058351994,0,0,3,3,4,2,4,2,1,1,1,1
5,22,13,3.4858261642511934e-05,0,0,3,3,4,3,4,3,1,1,1,1
5,22,14,5.9551206504693255e-05,0,0,3,3,4,3,4,3,1,1,1,1
5,22,16,7.757618732284755e-05,0,0,3,3,4,3,4,3,1,1,1,1
5,22,18,2.3900922315078788e-05,0,0,3,3,4,3,4,3,1,1,1,1
5,22,21,3.67367611033842e-05,0,0,3,3,4,4,4,4,1,1,1,1
5,22,23,0.00033909050398506224,0,0,3,3,4,4,4,4,1,1,1,1
5,22,25,0.0006814154330641031,0,0,3,3,4,5,4,5,1,1,1,1
5,22,28,0.03998514264822006,0,0,3,3,4,5,4,5,1,1,1,1
5,22,30,0.0010480679338797927,0,0,3,3,4,5,4,5,1,1,1,1
5,22,33,0.000143179961014539,0,0,3,4,4,3,4,3,1,1,1,1
5,22,36,0.49273863434791565,0,0,3,5,4,1,4,1,1,2,1,2
5,22,37,0.0007335112313739955,0,0,3,5,4,2,4,2,1,2,1,2
5,22,38,1.983236870728433e-05,0,0,3,5,4,3,4,3,1,2,1,2
5,22,39,0.00010215108341071755,0,0,3,5,4,4,4,4,1,2,1,2
5,22,40,0.0060966224409639835,0,0,3,5,4,5,4,5,1,2,1,2
5,22,45,0.007567369844764471,0,1,3,6,4,5,4,5,1,1,1,5
5,24,1,4.1754112316993997e-05,0,0,3,3,4,1,4,1,1,1,1,1
5,24,2,0.004566348623484373,0,0,3,3,4,1,4,1,1,1,1,1
5,24,4,0.00026510609313845634,0,0,3,3,4,1,4,1,1,1,1,1
5,24,7,0.0008494083886034787,0,0,3,3,4,2,4,2,1,1,1,1
5,24,8,6.348868191707879e-05,0,0,3,3,4,2,4,2,1,1,1,1
5,24,9,1.10317505459534e-05,0,0,3,3,4,2,4,2,1,1,1,1
5,24,10,6.79813529131934e-05,0,0,3,3,4,2,4,2,1,1,1,1
5,24,11,1.8841421479010023e-05,0,0,3,3,4,2,4,2,1,1,1,1
5,24,13,4.669086138164857e-06,0,0,3,3,4,3,4,3,1,1,1,1
5,24,14,2.556440222178935e-06,0,0,3,3,4,3,4,3,1,1,1,1
5,24,16,4.435026312421542e-06,0,0,3,3,4,3,4,3,1,1,1,1
5,24,18,1.5118837382033234e-06,0,0,3,3,4,3,4,3,1,1,1,1
5,24,21,4.688507715400192e-07,0,0,3,3,4,4,4,4,1,1,1,1
5,24,23,7.83195355325006e-06,0,0,3,3,4,4,4,4,1,1,1,1
5,24,25,8.288100070785731e-05,0,0,3,3,4,5,4,5,1,1,1,1
5,24,28,0.0024541981983929873,0,0,3,3,4,5,4,5,1,1,1,1
5,24,30,1.3377126379054971e-05,0,0,3,3,4,5,4,5,1,1,1,1
5,24,33,3.428646959946491e-05,0,0,3,4,4,3,4,3,1,1,1,1
5,24,36,0.9648268818855286,0,0,3,5,4,1,4,1,1,2,1,2
5,24,37,0.004274493549019098,0,0,3,5,4,2,4,2,1,2,1,2
5,24,38,8.822685049381107e-05,0,0,3,5,4,3,4,3,1,2,1,2
5,24,39,0.00013914750888943672,0,0,3,5,4,4,4,4,1,2,1,2
5,24,40,0.016965720802545547,0,0,3,5,4,5,4,5,1,2,1,2
5,24,45,0.0052157300524413586,0,1,3,6,4,5,4,5,1,1,1,5
5,26,1,0.1694715917110443,0,0,3,3,5,1,5,1,1,1,1,1
5,26,2,0.7097616195678711,0,0,3,3,5,1,5,1,1,1,1,1
5,26,4,0.034508198499679565,0,0,3,3,5,1,5,1,1,1,1,1
5,26,7,0.003299195785075426,0,0,3,3,5,2,5,2,1,1,1,1
5,26,8,0.0007978866342455149,0,0,3,3,5,2,5,2,1,1,1,1
5,26,9,0.0014452742179855704,0,0,3,3,5,2,5,2,1,1,1,1
5,26,10,0.006170246750116348,0,0,3,3,5,2,5,2,1,1,1,1
5,26,11,0.0016904185758903623,0,0,3,3,5,2,5,2,1,1,1,1
5,26,13,7.57778650495311e-07,0,0,3,3,5,3,5,3,1,1,1,1
5,26,14,4.324663677834906e-06,0,0,3,3,5,3,5,3,1,1,1,1
5,26,16,8.593151505920105e-06,0,0,3,3,5,3,5,3,1,1,1,1
5,26,18,1.571612483530771e-05,0,0,3,3,5,3,5,3,1,1,1,1
5,26,21,8.795141911832616e-05,0,0,3,3,5,4,5,4,1,1,1,1
5,26,23,0.000252601777901873,0,0,3,3,5,4,5,4,1,1,1,1
5,26,25,2.149387182726059e-05,0,0,3,3,5,5,5,5,1,1,1,1
5,26,28,0.006004746071994305,0,0,3,3,5,5,5,5,1,1,1,1
5,26,30,0.0006380518898367882,0,0,3,3,5,5,5,5,1,1,1,1
5,26,33,4.2453871174075175e-06,0,0,3,4,5,3,5,3,1,1,1,1
5,26,36,0.0652143582701683,0,0,3,5,5,1,5,1,1,2,1,2
5,26,37,3.6528814234770834e-05,0,0,3,5,5,2,5,2,1,2,1,2
5,26,38,1.2036878160870401e-06,0,0,3,5,5,3,5,3,1,2,1,2
5,26,39,2.9584045478259213e-05,0,0,3,5,5,4,5,4,1,2,1,2
5,26,40,1.59303963300772e-05,0,0,3,5,5,5,5,5,1,2,1,2
5,26,45,0.0005195805570110679,0,1,3,6,5,5,5,5,1,1,1,5
5,27,1,0.15644770860671997,0,0,3,3,5,1,5,1,1,1,1,1
5,27,2,0.6940773725509644,0,0,3,3,5,1,5,1,1,1,1,1
5,27,4,0.09020586311817169,0,0,3,3,5,1,5,1,1,1,1,1
5,27,7,0.0012130920076742768,0,0,3,3,5,2,5,2,1,1,1,1
5,27,8,0.00021707046835217625,0,0,3,3,5,2,5,2,1,1,1,1
5,27,9,0.0008926999289542437,0,0,3,3,5,2,5,2,1,1,1,1
5,27,10,0.0010581879178062081,0,0,3,3,5,2,5,2,1,1,1,1
5,27,11,0.0010366174392402172,0,0,3,3,5,2,5,2,1,1,1,1
5,27,13,1.8436697928336798e-06,0,0,3,3,5,3,5,3,1,1,1,1
5,27,14,7.91586353443563e-06,0,0,3,3,5,3,5,3,1,1,1,1
5,27,16,1.4115891644905787e-05,0,0,3,3,5,3,5,3,1,1,1,1
5,27,18,1.880995296232868e-05,0,0,3,3,5,3,5,3,1,1,1,1
5,27,21,0.00019353341485839337,0,0,3,3,5,4,5,4,1,1,1,1
5,27,23,0.0005019065574742854,0,0,3,3,5,4,5,4,1,1,1,1
5,27,25,8.009814337128773e-05,0,0,3,3,5,5,5,5,1,1,1,1
5,27,28,0.018447164446115494,0,0,3,3,5,5,5,5,1,1,1,1
5,27,30,0.0014606098411604762,0,0,3,3,5,5,5,5,1,1,1,1
5,27,33,7.429513516399311e-06,0,0,3,4,5,3,5,3,1,1,1,1
5,27,36,0.03321126848459244,0,0,3,5,5,1,5,1,1,2,1,2
5,27,37,6.003499493090203e-06,0,0,3,5,5,2,5,2,1,2,1,2
5,27,38,4.2022486468340503e-07,0,0,3,5,5,3,5,3,1,2,1,2
5,27,39,1.7180282156914473e-05,0,0,3,5,5,4,5,4,1,2,1,2
5,27,40,2.4791283067315817e-05,0,0,3,5,5,5,5,5,1,2,1,2
5,27,45,0.0008591985097154975,0,1,3,6,5,5,5,5,1,1,1,5
5,29,1,0.30259478092193604,0,0,3,3,5,1,5,1,1,1,1,1
5,29,2,0.5724480748176575,0,0,3,3,5,1,5,1,1,1,1,1
5,29,4,0.05276605486869812,0,0,3,3,5,1,5,1,1,1,1,1
5,29,7,0.0003671322774607688,0,0,3,3,5,2,5,2,1,1,1,1
5,29,8,0.00011601630103541538,0,0,3,3,5,2,5,2,1,1,1,1
5,29,9,0.00036908601759932935,0,0,3,3,5,2,5,2,1,1,1,1
5,29,10,0.0003109675017185509,0,0,3,3,5,2,5,2,1,1,1,1
5,29,11,0.000499013636726886,0,0,3,3,5,2,5,2,1,1,1,1
5,29,13,8.414402827838785e-07,0,0,3,3,5,3,5,3,1,1,1,1
5,29,14,6.036723789293319e-06,0,0,3,3,5,3,5,3,1,1,1,1
5,29,16,8.847332537698094e-06,0,0,3,3,5,3,5,3,1,1,1,1
5,29,18,8.907775736588519e-06,0,0,3,3,5,3,5,3,1,1,1,1
5,29,21,0.00021675779134966433,0,0,3,3,5,4,5,4,1,1,1,1
5,29,23,0.00034937451709993184,0,0,3,3,5,4,5,4,1,1,1,1
5,29,25,5.370135841076262e-05,0,0,3,3,5,5,5,5,1,1,1,1
5,29,28,0.005463269539177418,0,0,3,3,5,5,5,5,1,1,1,1
5,29,30,0.0007171329343691468,0,0,3,3,5,5,5,5,1,1,1,1
5,29,33,2.301051608810667e-06,0,0,3,4,5,3,5,3,1,1,1,1
5,29,36,0.06037864089012146,0,0,3,5,5,1,5,1,1,2,1,2
5,29,37,1.351240643998608e-05,0,0,3,5,5,2,5,2,1,2,1,2
5,29,38,9.344977343062055e-07,0,0,3,5,5,3,5,3,1,2,1,2
5,29,39,7.458653999492526e-05,0,0,3,5,5,4,5,4,1,2,1,2
5,29,40,9.688948921393603e-05,0,0,3,5,5,5,5,5,1,2,1,2
5,29,45,0.0031372939702123404,0,1,3,6,5,5,5,5,1,1,1,5
5,31,1,0.13314874470233917,0,0,4,3,1,1,1,1,1,1,1,1
5,31,2,0.6925541162490845,0,0,4,3,1,1,1,1,1,1,1,1
5,31,4,0.06973451375961304,0,0,4,3,1,1,1,1,1,1,1,1
5,31,7,0.008083030581474304,0,0,4,3,1,2,1,2,1,1,1,1
5,31,8,0.009982479736208916,0,0,4,3,1,2,1,2,1,1,1,1
5,31,9,0.004402993246912956,0,0,4,3,1,2,1,2,1,1,1,1
5,31,10,0.013370976783335209,0,0,4,3,1,2,1,2,1,1,1,1
5,31,11,0.002471637213602662,0,0,4,3,1,2,1,2,1,1,1,1
5,31,13,6.315402970358264e-06,0,0,4,3,1,3,1,3,1,1,1,1
5,31,14,4.0250670281238854e-05,0,0,4,3,1,3,1,3,1,1,1,1
5,31,16,0.00010742786980699748,0,0,4,3,1,3,1,3,1,1,1,1
5,31,18,5.135419269208796e-05,0,0,4,3,1,3,1,3,1,1,1,1
5,31,21,0.0005418456275947392,0,0,4,3,1,4,1,4,1,1,1,1
5,31,23,0.001132292440161109,0,0,4,3,1,4,1,4,1,1,1,1
5,31,25,0.0009709526202641428,0,0,4,3,1,5,1,5,1,1,1,1
5,31,28,0.009633352980017662,0,0,4,3,1,5,1,5,1,1,1,1
5,31,30,0.0014145970344543457,0,0,4,3,1,5,1,5,1,1,1,1
5,31,33,2.2432670448324643e-05,0,0,4,4,1,3,1,3,1,1,1,1
5,31,36,0.047391846776008606,0,0,4,5,1,1,1,1,1,2,1,2
5,31,37,0.0003257732605561614,0,0,4,5,1,2,1,2,1,2,1,2
5,31,38,2.5723775252117775e-06,0,0,4,5,1,3,1,3,1,2,1,2
5,31,39,0.00011354238813510165,0,0,4,5,1,4,1,4,1,2,1,2
5,31,40,0.000156840163981542,0,0,4,5,1,5,1,5,1,2,1,2
5,31,45,0.004340086132287979,0,1,4,6,1,5,1,5,1,1,1,5
5,32,1,0.0018208023393526673,0,0,4,3,2,1,2,1,1,1,1,1
5,32,2,0.020662928000092506,0,0,4,3,2,1,2,1,1,1,1,1
5,32,4,0.0038582792039960623,0,0,4,3,2,1,2,1,1,1,1,1
5,32,7,7.132872997317463e-05,0,0,4,3,2,2,2,2,1,1,1,1
5,32,8,5.62793275094009e-06,0,0,4,3,2,2,2,2,1,1,1,1
5,32,9,1.6128580682561733e-05,0,0,4,3,2,2,2,2,1,1,1,1
5,32,10,1.517846521892352e-05,0,0,4,3,2,2,2,2,1,1,1,1
5,32,11,1.263883041247027e-05,0,0,4,3,2,2,2,2,1,1,1,1
5,32,13,2.508416173441219e-06,0,0,4,3,2,3,2,3,1,1,1,1
5,32,14,1.3457336081046378e-06,0,0,4,3,2,3,2,3,1,1,1,1
5,32,16,5.432546458905563e-06,0,0,4,3,2,3,2,3,1,1,1,1
5,32,18,3.384104729775572e-06,0,0,4,3,2,3,2,3,1,1,1,1
5,32,21,9.003480954561383e-05,0,0,4,3,2,4,2,4,1,1,1,1
5,32,23,0.0001417607709299773,0,0,4,3,2,4,2,4,1,1,1,1
5,32,25,0.00018139350868295878,0,0,4,3,2,5,2,5,1,1,1,1
5,32,28,0.0014310060068964958,0,0,4,3,2,5,2,5,1,1,1,1
5,32,30,2.8424499760149047e-05,0,0,4,3,2,5,2,5,1,1,1,1
5,32,33,5.5098339544201735e-06,0,0,4,4,2,3,2,3,1,1,1,1
5,32,36,0.9424988031387329,0,0,4,5,2,1,2,1,1,2,1,2
5,32,37,0.0028186035342514515,0,0,4,5,2,2,2,2,1,2,1,2
5,32,38,0.0001694864477030933,0,0,4,5,2,3,2,3,1,2,1,2
5,32,39,0.008791656233370304,0,0,4,5,2,4,2,4,1,2,1,2
5,32,40,0.007093438878655434,0,0,4,5,2,5,2,5,1,2,1,2
5,32,45,0.010273582302033901,0,1,4,6,2,5,2,5,1,1,1,5
5,34,1,0.004604208283126354,0,0,4,3,4,1,4,1,1,1,1,1
5,34,2,0.0745338425040245,0,0,4,3,4,1,4,1,1,1,1,1
5,34,4,0.0075767310336232185,0,0,4,3,4,1,4,1,1,1,1,1
5,34,7,0.00035295961424708366,0,0,4,3,4,2,4,2,1,1,1,1
5,34,8,0.00010376713908044621,0,0,4,3,4,2,4,2,1,1,1,1
5,34,9,5.446871364256367e-05,0,0,4,3,4,2,4,2,1,1,1,1
5,34,10,4.538263237918727e-05,0,0,4,3,4,2,4,2,1,1,1,1
5,34,11,8.27979965833947e-05,0,0,4,3,4,2,4,2,1,1,1,1
5,34,13,1.2546751349873375e-05,0,0,4,3,4,3,4,3,1,1,1,1
5,34,14,1.2937246538058389e-05,0,0,4,3,4,3,4,3,1,1,1,1
5,34,16,2.6051397071569227e-05,0,0,4,3,4,3,4,3,1,1,1,1
5,34,18,4.211031864542747e-06,0,0,4,3,4,3,4,3,1,1,1,1
5,34,21,4.3442672904348e-05,0,0,4,3,4,4,4,4,1,1,1,1
5,34,23,0.00019207784498576075,0,0,4,3,4,4,4,4,1,1,1,1
5,34,25,0.0008950926130637527,0,0,4,3,4,5,4,5,1,1,1,1
5,34,28,0.008612379431724548,0,0,4,3,4,5,4,5,1,1,1,1
5,34,30,0.0001461572537664324,0,0,4,3,4,5,4,5,1,1,1,1
5,34,33,2.5600857043173164e-05,0,0,4,4,4,3,4,3,1,1,1,1
5,34,36,0.8226376175880432,0,0,4,5,4,1,4,1,1,2,1,2
5,34,37,0.003104712348431349,0,0,4,5,4,2,4,2,1,2,1,2
5,34,38,6.874567043269053e-05,0,0,4,5,4,3,4,3,1,2,1,2
5,34,39,0.0017064640996977687,0,0,4,5,4,4,4,4,1,2,1,2
5,34,40,0.046538785099983215,0,0,4,5,4,5,4,5,1,2,1,2
5,34,45,0.02861836738884449,0,1,4,6,4,5,4,5,1,1,1,5
5,35,1,0.3718610405921936,0,0,4,3,5,1,5,1,1,1,1,1
5,35,2,0.4648667275905609,0,0,4,3,5,1,5,1,1,1,1,1
5,35,4,0.08810676634311676,0,0,4,3,5,1,5,1,1,1,1,1
5,35,7,0.0012391608906909823,0,0,4,3,5,2,5,2,1,1,1,1
5,35,8,0.0006686663255095482,0,0,4,3,5,2,5,2,1,1,1,1
5,35,9,0.002173116896301508,0,0,4,3,5,2,5,2,1,1,1,1
5,35,10,0.0017510622274130583,0,0,4,3,5,2,5,2,1,1,1,1
5,35,11,0.0025661673862487078,0,0,4,3,5,2,5,2,1,1,1,1
5,35,13,1.634661566640716e-05,0,0,4,3,5,3,5,3,1,1,1,1
5,35,14,5.5802694987505674e-05,0,0,4,3,5,3,5,3,1,1,1,1
5,35,16,0.00011074478970840573,0,0,4,3,5,3,5,3,1,1,1,1
5,35,18,0.00011368656123522669,0,0,4,3,5,3,5,3,1,1,1,1
5,35,21,0.0036849461030215025,0,0,4,3,5,4,5,4,1,1,1,1
5,35,23,0.0027035304810851812,0,0,4,3,5,4,5,4,1,1,1,1
5,35,25,0.0004936180193908513,0,0,4,3,5,5,5,5,1,1,1,1
5,35,28,0.007402204908430576,0,0,4,3,5,5,5,5,1,1,1,1
5,35,30,0.003291324945166707,0,0,4,3,5,5,5,5,1,1,1,1
5,35,33,2.5289913537562825e-05,0,0,4,4,5,3,5,3,1,1,1,1
5,35,36,0.041813526302576065,0,0,4,5,5,1,5,1,1,2,1,2
5,35,37,0.00018643088696990162,0,0,4,5,5,2,5,2,1,2,1,2
5,35,38,2.7670763302012347e-05,0,0,4,5,5,3,5,3,1,2,1,2
5,35,39,0.0010620710672810674,0,0,4,5,5,4,5,4,1,2,1,2
5,35,40,0.0004487743426579982,0,0,4,5,5,5,5,5,1,2,1,2
5,35,45,0.005330861080437899,0,1,4,6,5,5,5,5,1,1,1,5
5,41,1,0.09582886844873428,1,0,6,3,1,1,1,1,1,1,5,1
5,41,2,0.15347665548324585,1,0,6,3,1,1,1,1,1,1,5,1
5,41,4,0.06787244975566864,1,0,6,3,1,1,1,1,1,1,5,1
5,41,7,0.0033050342462956905,1,0,6,3,1,2,1,2,1,1,5,1
5,41,8,0.012898335233330727,1,0,6,3,1,2,1,2,1,1,5,1
5,41,9,0.01234742347151041,1,0,6,3,1,2,1,2,1,1,5,1
5,41,10,0.025321707129478455,1,0,6,3,1,2,1,2,1,1,5,1
5,41,11,0.029747454449534416,1,0,6,3,1,2,1,2,1,1,5,1
5,41,13,0.010630706325173378,1,0,6,3,1,3,1,3,1,1,5,1
5,41,14,0.020083436742424965,1,0,6,3,1,3,1,3,1,1,5,1
5,41,16,0.014734305441379547,1,0,6,3,1,3,1,3,1,1,5,1
5,41,18,0.0069869086146354675,1,0,6,3,1,3,1,3,1,1,5,1
5,41,21,0.0046919165179133415,1,0,6,3,1,4,1,4,1,1,5,1
5,41,23,0.00894551444798708,1,0,6,3,1,4,1,4,1,1,5,1
5,41,25,0.11176702380180359,1,0,6,3,1,5,1,5,1,1,5,1
5,41,28,0.341265469789505,1,0,6,3,1,5,1,5,1,1,5,1
5,41,30,0.05321234092116356,1,0,6,3,1,5,1,5,1,1,5,1
5,41,33,0.014368836767971516,1,0,6,4,1,3,1,3,1,1,5,1
5,41,36,0.001372446771711111,1,0,6,5,1,1,1,1,1,2,5,2
5,41,37,0.00040400458965450525,1,0,6,5,1,2,1,2,1,2,5,2
5,41,38,0.00019692401110660285,1,0,6,5,1,3,1,3,1,2,5,2
5,41,39,0.00012227194383740425,1,0,6,5,1,4,1,4,1,2,5,2
5,41,40,0.005024157464504242,1,0,6,5,1,5,1,5,1,2,5,2
5,41,45,0.005395698826760054,1,1,6,6,1,5,1,5,1,1,5,5
5,42,1,1.7589394701644778e-05,1,0,6,3,2,1,2,1,1,1,5,1
5,42,2,6.555161235155538e-05,1,0,6,3,2,1,2,1,1,1,5,1
5,42,4,1.033644821291091e-05,1,0,6,3,2,1,2,1,1,1,5,1
5,42,7,4.6551014065698837e-07,1,0,6,3,2,2,2,2,1,1,5,1
5,42,8,3.7675039976647895e-08,1,0,6,3,2,2,2,2,1,1,5,1
5,42,9,1.309801689330925e-07,1,0,6,3,2,2,2,2,1,1,5,1
5,42,10,4.161867295238153e-08,1,0,6,3,2,2,2,2,1,1,5,1
5,42,11,1.4678552133773337e-06,1,0,6,3,2,2,2,2,1,1,5,1
5,42,13,2.864850284822751e-05,1,0,6,3,2,3,2,3,1,1,5,1
5,42,14,3.840681074507302e-06,1,0,6,3,2,3,2,3,1,1,5,1
5,42,16,3.4377717383904383e-06,1,0,6,3,2,3,2,3,1,1,5,1
5,42,18,8.482969064971257e-07,1,0,6,3,2,3,2,3,1,1,5,1
5,42,21,2.46536910708528e-06,1,0,6,3,2,4,2,4,1,1,5,1
5,42,23,4.462393007997889e-06,1,0,6,3,2,4,2,4,1,1,5,1
5,42,25,0.000277020619250834,1,0,6,3,2,5,2,5,1,1,5,1
5,42,28,0.0003919032751582563,1,0,6,3,2,5,2,5,1,1,5,1
5,42,30,9.291894457419403e-06,1,0,6,3,2,5,2,5,1,1,5,1
5,42,33,1.913836422318127e-05,1,0,6,4,2,3,2,3,1,1,5,1
5,42,36,0.018175391480326653,1,0,6,5,2,1,2,1,1,2,5,2
5,42,37,0.001087130163796246,1,0,6,5,2,2,2,2,1,2,5,2
5,42,38,0.0025691187474876642,1,0,6,5,2,3,2,3,1,2,5,2
5,42,39,0.002852464560419321,1,0,6,5,2,4,2,4,1,2,5,2
5,42,40,0.9558777809143066,1,0,6,5,2,5,2,5,1,2,5,2
5,42,45,0.018601275980472565,1,1,6,6,2,5,2,5,1,1,5,5
5,43,1,1.9356207303644624e-06,1,0,6,3,3,1,3,1,1,1,5,1
5,43,2,1.0426153494336177e-05,1,0,6,3,3,1,3,1,1,1,5,1
5,43,4,1.1676421536321868e-06,1,0,6,3,3,1,3,1,1,1,5,1
5,43,7,2.7052469704358373e-06,1,0,6,3,3,2,3,2,1,1,5,1
5,43,8,3.152595411393122e-07,1,0,6,3,3,2,3,2,1,1,5,1
5,43,9,3.728539468283998e-07,1,0,6,3,3,2,3,2,1,1,5,1
5,43,10,1.7585274747489166e-07,1,0,6,3,3,2,3,2,1,1,5,1
5,43,11,3.413005515540135e-06,1,0,6,3,3,2,3,2,1,1,5,1
5,43,13,2.6347510356572457e-05,1,0,6,3,3,3,3,3,1,1,5,1
5,43,14,1.9215567590435967e-06,1,0,6,3,3,3,3,3,1,1,5,1
5,43,16,1.7985610156756593e-06,1,0,6,3,3,3,3,3,1,1,5,1
5,43,18,7.350370765379921e-07,1,0,6,3,3,3,3,3,1,1,5,1
5,43,21,8.365053645320586e-07,1,0,6,3,3,4,3,4,1,1,5,1
5,43,23,1.704993564999313e-06,1,0,6,3,3,4,3,4,1,1,5,1
5,43,25,0.00014296271547209471,1,0,6,3,3,5,3,5,1,1,5,1
5,43,28,0.00013786173076368868,1,0,6,3,3,5,3,5,1,1,5,1
5,43,30,8.385356522921938e-06,1,0,6,3,3,5,3,5,1,1,5,1
5,43,33,2.3236418201122433e-05,1,0,6,4,3,3,3,3,1,1,5,1
5,43,36,0.009232661686837673,1,0,6,5,3,1,3,1,1,2,5,2
5,43,37,0.006296318490058184,1,0,6,5,3,2,3,2,1,2,5,2
5,43,38,0.004553104285150766,1,0,6,5,3,3,3,3,1,2,5,2
5,43,39,0.0024609474930912256,1,0,6,5,3,4,3,4,1,2,5,2
5,43,40,0.9724594354629517,1,0,6,5,3,5,3,5,1,2,5,2
5,43,45,0.004631388932466507,1,1,6,6,3,5,3,5,1,1,5,5
5,44,1,0.00010694348020479083,1,0,6,3,4,1,4,1,1,1,5,1
5,44,2,0.0007621761178597808,1,0,6,3,4,1,4,1,1,1,5,1
5,44,4,0.00011061428813263774,1,0,6,3,4,1,4,1,1,1,5,1
5,44,7,5.903136116103269e-05,1,0,6,3,4,2,4,2,1,1,5,1
5,44,8,1.9388920918572694e-05,1,0,6,3,4,2,4,2,1,1,5,1
5,44,9,8.101732419163454e-06,1,0,6,3,4,2,4,2,1,1,5,1
5,44,10,5.842860900884261e-06,1,0,6,3,4,2,4,2,1,1,5,1
5,44,11,0.00014058106171432883,1,0,6,3,4,2,4,2,1,1,5,1
5,44,13,0.0005030399188399315,1,0,6,3,4,3,4,3,1,1,5,1
5,44,14,0.00017603272863198072,1,0,6,3,4,3,4,3,1,1,5,1
5,44,16,0.0001105962073779665,1,0,6,3,4,3,4,3,1,1,5,1
5,44,18,1.653964864090085e-05,1,0,6,3,4,3,4,3,1,1,5,1
5,44,21,1.2626179341168609e-05,1,0,6,3,4,4,4,4,1,1,5,1
5,44,23,3.162132270517759e-05,1,0,6,3,4,4,4,4,1,1,5,1
5,44,25,0.0014523635618388653,1,0,6,3,4,5,4,5,1,1,5,1
5,44,28,0.0015822678105905652,1,0,6,3,4,5,4,5,1,1,5,1
5,44,30,0.0001901603100122884,1,0,6,3,4,5,4,5,1,1,5,1
5,44,33,0.0004791960818693042,1,0,6,4,4,3,4,3,1,1,5,1
5,44,36,0.01619851030409336,1,0,6,5,4,1,4,1,1,2,5,2
5,44,37,0.002922557294368744,1,0,6,5,4,2,4,2,1,2,5,2
5,44,38,0.002323772758245468,1,0,6,5,4,3,4,3,1,2,5,2
5,44,39,0.0008704984793439507,1,0,6,5,4,4,4,4,1,2,5,2
5,44,40,0.9601635932922363,1,0,6,5,4,5,4,5,1,2,5,2
5,44,45,0.011754270642995834,1,1,6,6,4,5,4,5,1,1,5,5
5,46,1,4.049565632158192e-06,2,0,7,3,0,1,0,1,0,1,4,1
5,46,2,1.2181226338725537e-05,2,0,7,3,0,1,0,1,0,1,4,1
5,46,4,4.911390078632394e-06,2,0,7,3,0,1,0,1,0,1,4,1
5,46,7,0.00019837013678625226,2,0,7,3,0,2,0,2,0,1,4,1
5,46,8,1.0015743100666441e-05,2,0,7,3,0,2,0,2,0,1,4,1
5,46,9,4.410400288179517e-05,2,0,7,3,0,2,0,2,0,1,4,1
5,46,10,7.855200237827376e-05,2,0,7,3,0,2,0,2,0,1,4,1
5,46,11,0.00048426134162582457,2,0,7,3,0,2,0,2,0,1,4,1
5,46,13,0.03177772834897041,2,0,7,3,0,3,0,3,0,1,4,1
5,46,14,0.0007798504666425288,2,0,7,3,0,3,0,3,0,1,4,1
5,46,16,0.00029426804394461215,2,0,7,3,0,3,0,3,0,1,4,1
5,46,18,0.001831117202527821,2,0,7,3,0,3,0,3,0,1,4,1
5,46,21,7.907776307547465e-06,2,0,7,3,0,4,0,4,0,1,4,1
5,46,23,2.9966578949824907e-05,2,0,7,3,0,4,0,4,0,1,4,1
5,46,25,7.572271715616807e-05,2,0,7,3,0,5,0,5,0,1,4,1
5,46,28,0.000574298610445112,2,0,7,3,0,5,0,5,0,1,4,1
5,46,30,0.0001000870979623869,2,0,7,3,0,5,0,5,0,1,4,1
5,46,33,0.02654130756855011,2,0,7,4,0,3,0,3,0,1,4,1
5,46,36,0.0009862303268164396,2,0,7,5,0,1,0,1,0,2,4,2
5,46,37,0.0052292547188699245,2,0,7,5,0,2,0,2,0,2,4,2
5,46,38,0.8969234228134155,2,0,7,5,0,3,0,3,0,2,4,2
5,46,39,0.0008855538326315582,2,0,7,5,0,4,0,4,0,2,4,2
5,46,40,0.032785434275865555,2,0,7,5,0,5,0,5,0,2,4,2
5,46,45,0.00034216567291878164,2,1,7,6,0,5,0,5,0,1,4,5
6,0,1,0.007909419946372509,0,0,1,3,0,1,0,1,2,1,4,1
6,0,3,0.016373980790376663,0,0,1,3,0,1,0,1,2,1,4,1
6,0,7,7.551342423539609e-05,0,0,1,3,0,2,0,2,2,1,4,1
6,0,13,5.678714660461992e-05,0,0,1,3,0,3,0,3,2,1,4,1
6,0,15,0.00014437867503147572,0,0,1,3,0,3,0,3,2,1,4,1
6,0,16,5.035309732193127e-05,0,0,1,3,0,3,0,3,2,1,4,1
6,0,17,3.119387474725954e-05,0,0,1,3,0,3,0,3,2,1,4,1
6,0,20,0.00047064811224117875,0,0,1,3,0,4,0,4,2,1,4,1
6,0,25,0.0003347532474435866,0,0,1,3,0,5,0,5,2,1,4,1
6,0,27,0.0013274552766233683,0,0,1,3,0,5,0,5,2,1,4,1
6,0,28,0.0005264281062409282,0,0,1,3,0,5,0,5,2,1,4,1
6,0,29,0.0009413964580744505,0,0,1,3,0,5,0,5,2,1,4,1
6,0,30,0.0003282029938418418,0,0,1,3,0,5,0,5,2,1,4,1
6,0,31,0.9146366119384766,0,0,1,4,0,1,0,1,2,1,4,1
6,0,33,0.0008527509053237736,0,0,1,4,0,3,0,3,2,1,4,1
6,0,36,0.003401590511202812,0,0,1,5,0,1,0,1,2,2,4,2
6,0,37,5.6658009270904586e-05,0,0,1,5,0,2,0,2,2,2,4,2
6,0,39,0.0002789254649542272,0,0,1,5,0,4,0,4,2,2,4,2
6,0,40,0.00018719515355769545,0,0,1,5,0,5,0,5,2,2,4,2
6,0,41,0.05034080520272255,0,1,1,6,0,1,0,1,2,1,4,5
6,0,42,0.001257323194295168,0,1,1,6,0,2,0,2,2,1,4,5
6,0,43,8.429020817857236e-05,0,1,1,6,0,3,0,3,2,1,4,5
6,0,44,0.0003340168041177094,0,1,1,6,0,4,0,4,2,1,4,5
6,2,1,0.17979350686073303,0,0,3,3,1,1,1,1,1,1,1,1
6,2,3,0.2544303834438324,0,0,3,3,1,1,1,1,1,1,1,1
6,2,7,0.009559635072946548,0,0,3,3,1,2,1,2,1,1,1,1
6,2,13,0.00029123955755494535,0,0,3,3,1,3,1,3,1,1,1,1
6,2,15,0.00037071938277222216,0,0,3,3,1,3,1,3,1,1,1,1
6,2,16,0.00040783907752484083,0,0,3,3,1,3,1,3,1,1,1,1
6,2,17,0.0023265124764293432,0,0,3,3,1,3,1,3,1,1,1,1
6,2,20,0.0063787163235247135,0,0,3,3,1,4,1,4,1,1,1,1
6,2,25,0.008912497200071812,0,0,3,3,1,5,1,5,1,1,1,1
6,2,27,0.008840741589665413,0,0,3,3,1,5,1,5,1,1,1,1
6,2,28,0.002380560850724578,0,0,3,3,1,5,1,5,1,1,1,1
6,2,29,0.002434896305203438,0,0,3,3,1,5,1,5,1,1,1,1
6,2,30,0.021473998203873634,0,0,3,3,1,5,1,5,1,1,1,1
6,2,31,0.029150165617465973,0,0,3,4,1,1,1,1,1,1,1,1
6,2,33,0.00012988025264348835,0,0,3,4,1,3,1,3,1,1,1,1
6,2,36,0.33223241567611694,0,0,3,5,1,1,1,1,1,2,1,2
6,2,37,0.006042044144123793,0,0,3,5,1,2,1,2,1,2,1,2
6,2,39,0.014964981004595757,0,0,3,5,1,4,1,4,1,2,1,2
6,2,40,0.0645146518945694,0,0,3,5,1,5,1,5,1,2,1,2
6,2,41,0.049462661147117615,0,1,3,6,1,1,1,1,1,1,1,5
6,2,42,0.0035599905531853437,0,1,3,6,1,2,1,2,1,1,1,5
6,2,43,0.000278342078672722,0,1,3,6,1,3,1,3,1,1,1,5
6,2,44,0.00206340872682631,0,1,3,6,1,4,1,4,1,1,1,5
6,4,1,0.02108321152627468,0,0,3,3,1,1,1,1,1,1,1,1
6,4,3,0.047072142362594604,0,0,3,3,1,1,1,1,1,1,1,1
6,4,7,0.0019054058939218521,0,0,3,3,1,2,1,2,1,1,1,1
6,4,13,0.00010515316535020247,0,0,3,3,1,3,1,3,1,1,1,1
6,4,15,5.690418038284406e-05,0,0,3,3,1,3,1,3,1,1,1,1
6,4,16,4.6632929297629744e-05,0,0,3,3,1,3,1,3,1,1,1,1
6,4,17,0.0005417587817646563,0,0,3,3,1,3,1,3,1,1,1,1
6,4,20,0.0001832061243476346,0,0,3,3,1,4,1,4,1,1,1,1
6,4,25,0.0002549932396505028,0,0,3,3,1,5,1,5,1,1,1,1
6,4,27,0.0006414937088266015,0,0,3,3,1,5,1,5,1,1,1,1
6,4,28,0.00021805064170621336,0,0,3,3,1,5,1,5,1,1,1,1
6,4,29,6.104064959799871e-05,0,0,3,3,1,5,1,5,1,1,1,1
6,4,30,0.0011230454547330737,0,0,3,3,1,5,1,5,1,1,1,1
6,4,31,0.0017906223656609654,0,0,3,4,1,1,1,1,1,1,1,1
6,4,33,3.934106644010171e-05,0,0,3,4,1,3,1,3,1,1,1,1
6,4,36,0.9026331901550293,0,0,3,5,1,1,1,1,1,2,1,2
6,4,37,0.002489368664100766,0,0,3,5,1,2,1,2,1,2,1,2
6,4,39,0.0037307937163859606,0,0,3,5,1,4,1,4,1,2,1,2
6,4,40,0.010453592985868454,0,0,3,5,1,5,1,5,1,2,1,2
6,4,41,0.0034312254283577204,0,1,3,6,1,1,1,1,1,1,1,5
6,4,42,0.0018423660658299923,0,1,3,6,1,2,1,2,1,1,1,5
6,4,43,3.973582715843804e-05,0,1,3,6,1,3,1,3,1,1,1,5
6,4,44,0.00025673603522591293,0,1,3,6,1,4,1,4,1,1,1,5
6,5,1,0.01743501052260399,0,0,3,3,1,1,1,1,1,1,1,1
6,5,3,0.05592489615082741,0,0,3,3,1,1,1,1,1,1,1,1
6,5,7,0.0003342697164043784,0,0,3,3,1,2,1,2,1,1,1,1
6,5,13,3.9721086068311706e-05,0,0,3,3,1,3,1,3,1,1,1,1
6,5,15,2.3152944777393714e-05,0,0,3,3,1,3,1,3,1,1,1,1
6,5,16,1.211178914672928e-05,0,0,3,3,1,3,1,3,1,1,1,1
6,5,17,0.00014379007916431874,0,0,3,3,1,3,1,3,1,1,1,1
6,5,20,8.615168917458504e-05,0,0,3,3,1,4,1,4,1,1,1,1
6,5,25,8.954828081186861e-05,0,0,3,3,1,5,1,5,1,1,1,1
6,5,27,0.00044838900794275105,0,0,3,3,1,5,1,5,1,1,1,1
6,5,28,0.0001794206036720425,0,0,3,3,1,5,1,5,1,1,1,1
6,5,29,2.9599452318507247e-05,0,0,3,3,1,5,1,5,1,1,1,1
6,5,30,0.0003819913254119456,0,0,3,3,1,5,1,5,1,1,1,1
6,5,31,0.008883384987711906,0,0,3,4,1,1,1,1,1,1,1,1
6,5,33,3.820558049483225e-05,0,0,3,4,1,3,1,3,1,1,1,1
6,5,36,0.9047467708587646,0,0,3,5,1,1,1,1,1,2,1,2
6,5,37,0.0010164666455239058,0,0,3,5,1,2,1,2,1,2,1,2
6,5,39,0.002353332005441189,0,0,3,5,1,4,1,4,1,2,1,2
6,5,40,0.004109760746359825,0,0,3,5,1,5,1,5,1,2,1,2
6,5,41,0.003117780201137066,0,1,3,6,1,1,1,1,1,1,1,5
6,5,42,0.0005376632907427847,0,1,3,6,1,2,1,2,1,1,1,5
6,5,43,8.439301382168196e-06,0,1,3,6,1,3,1,3,1,1,1,5
6,5,44,5.963622606941499e-05,0,1,3,6,1,4,1,4,1,1,1,5
6,6,1,0.0500328354537487,0,0,3,3,1,1,1,1,1,1,1,1
6,6,3,0.47263556718826294,0,0,3,3,1,1,1,1,1,1,1,1
6,6,7,0.008508528582751751,0,0,3,3,1,2,1,2,1,1,1,1
6,6,13,0.0002952476788777858,0,0,3,3,1,3,1,3,1,1,1,1
6,6,15,0.00013902256614528596,0,0,3,3,1,3,1,3,1,1,1,1
6,6,16,0.0002014999627135694,0,0,3,3,1,3,1,3,1,1,1,1
6,6,17,0.002463966840878129,0,0,3,3,1,3,1,3,1,1,1,1
6,6,20,0.0016661921981722116,0,0,3,3,1,4,1,4,1,1,1,1
6,6,25,0.0013959156349301338,0,0,3,3,1,5,1,5,1,1,1,1
6,6,27,0.0022933396976441145,0,0,3,3,1,5,1,5,1,1,1,1
6,6,28,0.0009392351494170725,0,0,3,3,1,5,1,5,1,1,1,1
6,6,29,0.00047256177640520036,0,0,3,3,1,5,1,5,1,1,1,1
6,6,30,0.004168441519141197,0,0,3,3,1,5,1,5,1,1,1,1
6,6,31,0.015082068741321564,0,0,3,4,1,1,1,1,1,1,1,1
6,6,33,0.0001160159008577466,0,0,3,4,1,3,1,3,1,1,1,1
6,6,36,0.4080180823802948,0,0,3,5,1,1,1,1,1,2,1,2
6,6,37,0.0013020902406424284,0,0,3,5,1,2,1,2,1,2,1,2
6,6,39,0.0032647238112986088,0,0,3,5,1,4,1,4,1,2,1,2
6,6,40,0.00657435180619359,0,0,3,5,1,5,1,5,1,2,1,2
6,6,41,0.015899507328867912,0,1,3,6,1,1,1,1,1,1,1,5
6,6,42,0.003403215669095516,0,1,3,6,1,2,1,2,1,1,1,5
6,6,43,0.00010900766937993467,0,1,3,6,1,3,1,3,1,1,1,5
6,6,44,0.0010186503641307354,0,1,3,6,1,4,1,4,1,1,1,5
6,8,1,0.0612691305577755,0,0,3,3,2,1,2,1,1,1,1,1
6,8,3,0.5610341429710388,0,0,3,3,2,1,2,1,1,1,1,1
6,8,7,0.14002573490142822,0,0,3,3,2,2,2,2,1,1,1,1
6,8,13,0.00223800097592175,0,0,3,3,2,3,2,3,1,1,1,1
6,8,15,0.0015907877823337913,0,0,3,3,2,3,2,3,1,1,1,1
6,8,16,0.00263721845112741,0,0,3,3,2,3,2,3,1,1,1,1
6,8,17,0.005709781777113676,0,0,3,3,2,3,2,3,1,1,1,1
6,8,20,0.004109035711735487,0,0,3,3,2,4,2,4,1,1,1,1
6,8,25,0.008488400839269161,0,0,3,3,2,5,2,5,1,1,1,1
6,8,27,0.005219895858317614,0,0,3,3,2,5,2,5,1,1,1,1
6,8,28,0.007455836981534958,0,0,3,3,2,5,2,5,1,1,1,1
6,8,29,0.004145280923694372,0,0,3,3,2,5,2,5,1,1,1,1
6,8,30,0.011758221313357353,0,0,3,3,2,5,2,5,1,1,1,1
6,8,31,0.0361432284116745,0,0,3,4,2,1,2,1,1,1,1,1
6,8,33,0.008163944818079472,0,0,3,4,2,3,2,3,1,1,1,1
6,8,36,0.04943722486495972,0,0,3,5,2,1,2,1,1,2,1,2
6,8,37,0.0023008103016763926,0,0,3,5,2,2,2,2,1,2,1,2
6,8,39,0.0017112294444814324,0,0,3,5,2,4,2,4,1,2,1,2
6,8,40,0.0021402561105787754,0,0,3,5,2,5,2,5,1,2,1,2
6,8,41,0.045828066766262054,0,1,3,6,2,1,2,1,1,1,1,5
6,8,42,0.028907597064971924,0,1,3,6,2,2,2,2,1,1,1,5
6,8,43,0.0018863643053919077,0,1,3,6,2,3,2,3,1,1,1,5
6,8,44,0.007799583487212658,0,1,3,6,2,4,2,4,1,1,1,5
6,9,1,0.03342515602707863,0,0,3,3,2,1,2,1,1,1,1,1
6,9,3,0.575428307056427,0,0,3,3,2,1,2,1,1,1,1,1
6,9,7,0.16375985741615295,0,0,3,3,2,2,2,2,1,1,1,1
6,9,13,0.0019345406908541918,0,0,3,3,2,3,2,3,1,1,1,1
6,9,15,0.00129009410738945,0,0,3,3,2,3,2,3,1,1,1,1
6,9,16,0.0025288541801273823,0,0,3,3,2,3,2,3,1,1,1,1
6,9,17,0.004718739073723555,0,0,3,3,2,3,2,3,1,1,1,1
6,9,20,0.001814098795875907,0,0,3,3,2,4,2,4,1,1,1,1
6,9,25,0.005128943361341953,0,0,3,3,2,5,2,5,1,1,1,1
6,9,27,0.003416352206841111,0,0,3,3,2,5,2,5,1,1,1,1
6,9,28,0.005729924887418747,0,0,3,3,2,5,2,5,1,1,1,1
6,9,29,0.0034196001943200827,0,0,3,3,2,5,2,5,1,1,1,1
6,9,30,0.006370880175381899,0,0,3,3,2,5,2,5,1,1,1,1
6,9,31,0.07858206331729889,0,0,3,4,2,1,2,1,1,1,1,1
6,9,33,0.020359262824058533,0,0,3,4,2,3,2,3,1,1,1,1
6,9,36,0.020276350900530815,0,0,3,5,2,1,2,1,1,2,1,2
6,9,37,0.0014123384607955813,0,0,3,5,2,2,2,2,1,2,1,2
6,9,39,0.0003743373672477901,0,0,3,5,2,4,2,4,1,2,1,2
6,9,40,0.00041285870247520506,0,0,3,5,2,5,2,5,1,2,1,2
6,9,41,0.03722088411450386,0,1,3,6,2,1,2,1,1,1,1,5
6,9,42,0.028812572360038757,0,1,3,6,2,2,2,2,1,1,1,5
6,9,43,0.0010829647071659565,0,1,3,6,2,3,2,3,1,1,1,5
6,9,44,0.002500656060874462,0,1,3,6,2,4,2,4,1,1,1,5
6,10,1,0.03484511002898216,0,0,3,3,2,1,2,1,1,1,1,1
6,10,3,0.21425718069076538,0,0,3,3,2,1,2,1,1,1,1,1
6,10,7,0.08116839081048965,0,0,3,3,2,2,2,2,1,1,1,1
6,10,13,0.005720576271414757,0,0,3,3,2,3,2,3,1,1,1,1
6,10,15,0.0029225656762719154,0,0,3,3,2,3,2,3,1,1,1,1
6,10,16,0.0036518145352602005,0,0,3,3,2,3,2,3,1,1,1,1
6,10,17,0.008062702603638172,0,0,3,3,2,3,2,3,1,1,1,1
6,10,20,0.0033909312915056944,0,0,3,3,2,4,2,4,1,1,1,1
6,10,25,0.004966625478118658,0,0,3,3,2,5,2,5,1,1,1,1
6,10,27,0.006028402596712112,0,0,3,3,2,5,2,5,1,1,1,1
6,10,28,0.004901469219475985,0,0,3,3,2,5,2,5,1,1,1,1
6,10,29,0.0023853813763707876,0,0,3,3,2,5,2,5,1,1,1,1
6,10,30,0.014384506270289421,0,0,3,3,2,5,2,5,1,1,1,1
6,10,31,0.01974528655409813,0,0,3,4,2,1,2,1,1,1,1,1
6,10,33,0.012338599190115929,0,0,3,4,2,3,2,3,1,1,1,1
6,10,36,0.267304003238678,0,0,3,5,2,1,2,1,1,2,1,2
6,10,37,0.02139112912118435,0,0,3,5,2,2,2,2,1,2,1,2
6,10,39,0.010160023346543312,0,0,3,5,2,4,2,4,1,2,1,2
6,10,40,0.003511830698698759,0,0,3,5,2,5,2,5,1,2,1,2
6,10,41,0.06685251742601395,0,1,3,6,2,1,2,1,1,1,1,5
6,10,42,0.184519425034523,0,1,3,6,2,2,2,2,1,1,1,5
6,10,43,0.0046795145608484745,0,1,3,6,2,3,2,3,1,1,1,5
6,10,44,0.02281193993985653,0,1,3,6,2,4,2,4,1,1,1,5
6,11,1,0.0300429854542017,0,0,3,3,2,1,2,1,1,1,1,1
6,11,3,0.4738156795501709,0,0,3,3,2,1,2,1,1,1,1,1
6,11,7,0.061911098659038544,0,0,3,3,2,2,2,2,1,1,1,1
6,11,13,0.005692056845873594,0,0,3,3,2,3,2,3,1,1,1,1
6,11,15,0.001808826345950365,0,0,3,3,2,3,2,3,1,1,1,1
6,11,16,0.002283320529386401,0,0,3,3,2,3,2,3,1,1,1,1
6,11,17,0.007384565658867359,0,0,3,3,2,3,2,3,1,1,1,1
6,11,20,0.006729546468704939,0,0,3,3,2,4,2,4,1,1,1,1
6,11,25,0.0061586895026266575,0,0,3,3,2,5,2,5,1,1,1,1
6,11,27,0.006178060080856085,0,0,3,3,2,5,2,5,1,1,1,1
6,11,28,0.005843759514391422,0,0,3,3,2,5,2,5,1,1,1,1
6,11,29,0.0029553009662777185,0,0,3,3,2,5,2,5,1,1,1,1
6,11,30,0.012002288363873959,0,0,3,3,2,5,2,5,1,1,1,1
6,11,31,0.17604362964630127,0,0,3,4,2,1,2,1,1,1,1,1
6,11,33,0.021252794191241264,0,0,3,4,2,3,2,3,1,1,1,1
6,11,36,0.1169348880648613,0,0,3,5,2,1,2,1,1,2,1,2
6,11,37,0.003566741943359375,0,0,3,5,2,2,2,2,1,2,1,2
6,11,39,0.0053686900064349174,0,0,3,5,2,4,2,4,1,2,1,2
6,11,40,0.0011551107745617628,0,0,3,5,2,5,2,5,1,2,1,2
6,11,41,0.027437765151262283,0,1,3,6,2,1,2,1,1,1,1,5
6,11,42,0.018371347337961197,0,1,3,6,2,2,2,2,1,1,1,5
6,11,43,0.0008570483769290149,0,1,3,6,2,3,2,3,1,1,1,5
6,11,44,0.006205938756465912,0,1,3,6,2,4,2,4,1,1,1,5
6,12,1,0.048118919134140015,0,0,3,3,2,1,2,1,1,1,1,1
6,12,3,0.4391452968120575,0,0,3,3,2,1,2,1,1,1,1,1
6,12,7,0.04911571741104126,0,0,3,3,2,2,2,2,1,1,1,1
6,12,13,0.002695370465517044,0,0,3,3,2,3,2,3,1,1,1,1
6,12,15,0.0012626057723537087,0,0,3,3,2,3,2,3,1,1,1,1
6,12,16,0.002237039851024747,0,0,3,3,2,3,2,3,1,1,1,1
6,12,17,0.00839771144092083,0,0,3,3,2,3,2,3,1,1,1,1
6,12,20,0.005942325107753277,0,0,3,3,2,4,2,4,1,1,1,1
6,12,25,0.0038950606249272823,0,0,3,3,2,5,2,5,1,1,1,1
6,12,27,0.005160170141607523,0,0,3,3,2,5,2,5,1,1,1,1
6,12,28,0.002729199593886733,0,0,3,3,2,5,2,5,1,1,1,1
6,12,29,0.0022216420620679855,0,0,3,3,2,5,2,5,1,1,1,1
6,12,30,0.01503563579171896,0,0,3,3,2,5,2,5,1,1,1,1
6,12,31,0.059988316148519516,0,0,3,4,2,1,2,1,1,1,1,1
6,12,33,0.007511245086789131,0,0,3,4,2,3,2,3,1,1,1,1
6,12,36,0.2061993032693863,0,0,3,5,2,1,2,1,1,2,1,2
6,12,37,0.007484362926334143,0,0,3,5,2,2,2,2,1,2,1,2
6,12,39,0.00793848093599081,0,0,3,5,2,4,2,4,1,2,1,2
6,12,40,0.0038081819657236338,0,0,3,5,2,5,2,5,1,2,1,2
6,12,41,0.062405336648225784,0,1,3,6,2,1,2,1,1,1,1,5
6,12,42,0.04794420301914215,0,1,3,6,2,2,2,2,1,1,1,5
6,12,43,0.0021261218935251236,0,1,3,6,2,3,2,3,1,1,1,5
6,12,44,0.008637890219688416,0,1,3,6,2,4,2,4,1,1,1,5
6,14,1,0.10840342938899994,0,0,3,3,3,1,3,1,1,1,1,1
6,14,3,0.2408723384141922,0,0,3,3,3,1,3,1,1,1,1,1
6,14,7,0.0026845205575227737,0,0,3,3,3,2,3,2,1,1,1,1
6,14,13,0.0005412431200966239,0,0,3,3,3,3,3,3,1,1,1,1
6,14,15,0.0006749864551238716,0,0,3,3,3,3,3,3,1,1,1,1
6,14,16,0.00027551825041882694,0,0,3,3,3,3,3,3,1,1,1,1
6,14,17,0.0006419767159968615,0,0,3,3,3,3,3,3,1,1,1,1
6,14,20,0.0034523133654147387,0,0,3,3,3,4,3,4,1,1,1,1
6,14,25,0.002908621681854129,0,0,3,3,3,5,3,5,1,1,1,1
6,14,27,0.009689213708043098,0,0,3,3,3,5,3,5,1,1,1,1
6,14,28,0.006127291824668646,0,0,3,3,3,5,3,5,1,1,1,1
6,14,29,0.0022321573924273252,0,0,3,3,3,5,3,5,1,1,1,1
6,14,30,0.0049164206720888615,0,0,3,3,3,5,3,5,1,1,1,1
6,14,31,0.13430601358413696,0,0,3,4,3,1,3,1,1,1,1,1
6,14,33,0.0007372168474830687,0,0,3,4,3,3,3,3,1,1,1,1
6,14,36,0.3227742910385132,0,0,3,5,3,1,3,1,1,2,1,2
6,14,37,0.006162854842841625,0,0,3,5,3,2,3,2,1,2,1,2
6,14,39,0.02413604035973549,0,0,3,5,3,4,3,4,1,2,1,2
6,14,40,0.016082899644970894,0,0,3,5,3,5,3,5,1,2,1,2
6,14,41,0.0975222960114479,0,1,3,6,3,1,3,1,1,1,1,5
6,14,42,0.010563990101218224,0,1,3,6,3,2,3,2,1,1,1,5
6,14,43,0.0004878216714132577,0,1,3,6,3,3,3,3,1,1,1,5
6,14,44,0.003806712571531534,0,1,3,6,3,4,3,4,1,1,1,5
6,18,1,0.06466733664274216,0,0,3,3,3,1,3,1,1,1,1,1
6,18,3,0.29006093740463257,0,0,3,3,3,1,3,1,1,1,1,1
6,18,7,0.0020997184328734875,0,0,3,3,3,2,3,2,1,1,1,1
6,18,13,0.00032486041891388595,0,0,3,3,3,3,3,3,1,1,1,1
6,18,15,0.00040113271097652614,0,0,3,3,3,3,3,3,1,1,1,1
6,18,16,0.00017089674656745046,0,0,3,3,3,3,3,3,1,1,1,1
6,18,17,0.0004108375287614763,0,0,3,3,3,3,3,3,1,1,1,1
6,18,20,0.0008331534336321056,0,0,3,3,3,4,3,4,1,1,1,1
6,18,25,0.0009178276523016393,0,0,3,3,3,5,3,5,1,1,1,1
6,18,27,0.004138718359172344,0,0,3,3,3,5,3,5,1,1,1,1
6,18,28,0.0028808575589209795,0,0,3,3,3,5,3,5,1,1,1,1
6,18,29,0.0009328915039077401,0,0,3,3,3,5,3,5,1,1,1,1
6,18,30,0.0014933127677068114,0,0,3,3,3,5,3,5,1,1,1,1
6,18,31,0.12227935343980789,0,0,3,4,3,1,3,1,1,1,1,1
6,18,33,0.0010504248784855008,0,0,3,4,3,3,3,3,1,1,1,1
6,18,36,0.38461607694625854,0,0,3,5,3,1,3,1,1,2,1,2
6,18,37,0.002358577214181423,0,0,3,5,3,2,3,2,1,2,1,2
6,18,39,0.009339938871562481,0,0,3,5,3,4,3,4,1,2,1,2
6,18,40,0.006932930089533329,0,0,3,5,3,5,3,5,1,2,1,2
6,18,41,0.08984789252281189,0,1,3,6,3,1,3,1,1,1,1,5
6,18,42,0.011746547184884548,0,1,3,6,3,2,3,2,1,1,1,5
6,18,43,0.00043759815162047744,0,1,3,6,3,3,3,3,1,1,1,5
6,18,44,0.00205790251493454,0,1,3,6,3,4,3,4,1,1,1,5
6,19,1,0.04772201180458069,0,0,3,3,4,1,4,1,1,1,1,1
6,19,3,0.07545637339353561,0,0,3,3,4,1,4,1,1,1,1,1
6,19,7,0.00447204802185297,0,0,3,3,4,2,4,2,1,1,1,1
6,19,13,0.005151418037712574,0,0,3,3,4,3,4,3,1,1,1,1
6,19,15,0.004594548139721155,0,0,3,3,4,3,4,3,1,1,1,1
6,19,16,0.0033678398467600346,0,0,3,3,4,3,4,3,1,1,1,1
6,19,17,0.0036851277109235525,0,0,3,3,4,3,4,3,1,1,1,1
6,19,20,0.0021597128361463547,0,0,3,3,4,4,4,4,1,1,1,1
6,19,25,0.0019683334976434708,0,0,3,3,4,5,4,5,1,1,1,1
6,19,27,0.010859000496566296,0,0,3,3,4,5,4,5,1,1,1,1
6,19,28,0.007680939044803381,0,0,3,3,4,5,4,5,1,1,1,1
6,19,29,0.003358533838763833,0,0,3,3,4,5,4,5,1,1,1,1
6,19,30,0.005051780492067337,0,0,3,3,4,5,4,5,1,1,1,1
6,19,31,0.1495000272989273,0,0,3,4,4,1,4,1,1,1,1,1
6,19,33,0.040206506848335266,0,0,3,4,4,3,4,3,1,1,1,1
6,19,36,0.4108125865459442,0,0,3,5,4,1,4,1,1,2,1,2
6,19,37,0.05085963010787964,0,0,3,5,4,2,4,2,1,2,1,2
6,19,39,0.025228425860404968,0,0,3,5,4,4,4,4,1,2,1,2
6,19,40,0.01197562925517559,0,0,3,5,4,5,4,5,1,2,1,2
6,19,41,0.08561466634273529,0,1,3,6,4,1,4,1,1,1,1,5
6,19,42,0.040791597217321396,0,1,3,6,4,2,4,2,1,1,1,5
6,19,43,0.005379773210734129,0,1,3,6,4,3,4,3,1,1,1,5
6,19,44,0.004103217739611864,0,1,3,6,4,4,4,4,1,1,1,5
6,21,1,0.06844929605722427,0,0,3,3,4,1,4,1,1,1,1,1
6,21,3,0.12690827250480652,0,0,3,3,4,1,4,1,1,1,1,1
6,21,7,0.055481377989053726,0,0,3,3,4,2,4,2,1,1,1,1
6,21,13,0.026920942589640617,0,0,3,3,4,3,4,3,1,1,1,1
6,21,15,0.02478211186826229,0,0,3,3,4,3,4,3,1,1,1,1
6,21,16,0.025545502081513405,0,0,3,3,4,3,4,3,1,1,1,1
6,21,17,0.043262921273708344,0,0,3,3,4,3,4,3,1,1,1,1
6,21,20,0.01899903453886509,0,0,3,3,4,4,4,4,1,1,1,1
6,21,25,0.015006990171968937,0,0,3,3,4,5,4,5,1,1,1,1
6,21,27,0.019702032208442688,0,0,3,3,4,5,4,5,1,1,1,1
6,21,28,0.023779187351465225,0,0,3,3,4,5,4,5,1,1,1,1
6,21,29,0.009222452528774738,0,0,3,3,4,5,4,5,1,1,1,1
6,21,30,0.01936349645256996,0,0,3,3,4,5,4,5,1,1,1,1
6,21,31,0.0298220906406641,0,0,3,4,4,1,4,1,1,1,1,1
6,21,33,0.06270959228277206,0,0,3,4,4,3,4,3,1,1,1,1
6,21,36,0.19340117275714874,0,0,3,5,4,1,4,1,1,2,1,2
6,21,37,0.09672535955905914,0,0,3,5,4,2,4,2,1,2,1,2
6,21,39,0.03245419263839722,0,0,3,5,4,4,4,4,1,2,1,2
6,21,40,0.024953896179795265,0,0,3,5,4,5,4,5,1,2,1,2
6,21,41,0.0277313943952322,0,1,3,6,4,1,4,1,1,1,1,5
6,21,42,0.03247644752264023,0,1,3,6,4,2,4,2,1,1,1,5
6,21,43,0.010807686485350132,0,1,3,6,4,3,4,3,1,1,1,5
6,21,44,0.011494673788547516,0,1,3,6,4,4,4,4,1,1,1,5
6,22,1,0.08513998985290527,0,0,3,3,4,1,4,1,1,1,1,1
6,22,3,0.07221723347902298,0,0,3,3,4,1,4,1,1,1,1,1
6,22,7,0.006708095781505108,0,0,3,3,4,2,4,2,1,1,1,1
6,22,13,0.0037783822044730186,0,0,3,3,4,3,4,3,1,1,1,1
6,22,15,0.003963767550885677,0,0,3,3,4,3,4,3,1,1,1,1
6,22,16,0.002637019380927086,0,0,3,3,4,3,4,3,1,1,1,1
6,22,17,0.004926614463329315,0,0,3,3,4,3,4,3,1,1,1,1
6,22,20,0.005033074878156185,0,0,3,3,4,4,4,4,1,1,1,1
6,22,25,0.007003781385719776,0,0,3,3,4,5,4,5,1,1,1,1
6,22,27,0.018309935927391052,0,0,3,3,4,5,4,5,1,1,1,1
6,22,28,0.009204104542732239,0,0,3,3,4,5,4,5,1,1,1,1
6,22,29,0.004334662109613419,0,0,3,3,4,5,4,5,1,1,1,1
6,22,30,0.020355595275759697,0,0,3,3,4,5,4,5,1,1,1,1
6,22,31,0.05657787248492241,0,0,3,4,4,1,4,1,1,1,1,1
6,22,33,0.005627061706036329,0,0,3,4,4,3,4,3,1,1,1,1
6,22,36,0.38621705770492554,0,0,3,5,4,1,4,1,1,2,1,2
6,22,37,0.09985660761594772,0,0,3,5,4,2,4,2,1,2,1,2
6,22,39,0.0470782071352005,0,0,3,5,4,4,4,4,1,2,1,2
6,22,40,0.07986383885145187,0,0,3,5,4,5,4,5,1,2,1,2
6,22,41,0.05959707871079445,0,1,3,6,4,1,4,1,1,1,1,5
6,22,42,0.015274634584784508,0,1,3,6,4,2,4,2,1,1,1,5
6,22,43,0.0030141505412757397,0,1,3,6,4,3,4,3,1,1,1,5
6,22,44,0.003281000070273876,0,1,3,6,4,4,4,4,1,1,1,5
6,23,1,0.031294211745262146,0,0,3,3,4,1,4,1,1,1,1,1
6,23,3,0.03338482230901718,0,0,3,3,4,1,4,1,1,1,1,1
6,23,7,0.004084307700395584,0,0,3,3,4,2,4,2,1,1,1,1
6,23,13,0.004097580909729004,0,0,3,3,4,3,4,3,1,1,1,1
6,23,15,0.0021293528843671083,0,0,3,3,4,3,4,3,1,1,1,1
6,23,16,0.0023130911868065596,0,0,3,3,4,3,4,3,1,1,1,1
6,23,17,0.006861948873847723,0,0,3,3,4,3,4,3,1,1,1,1
6,23,20,0.0019313266966491938,0,0,3,3,4,4,4,4,1,1,1,1
6,23,25,0.0017510990146547556,0,0,3,3,4,5,4,5,1,1,1,1
6,23,27,0.007722534239292145,0,0,3,3,4,5,4,5,1,1,1,1
6,23,28,0.0050839632749557495,0,0,3,3,4,5,4,5,1,1,1,1
6,23,29,0.001464089727960527,0,0,3,3,4,5,4,5,1,1,1,1
6,23,30,0.008873998187482357,0,0,3,3,4,5,4,5,1,1,1,1
6,23,31,0.010252786800265312,0,0,3,4,4,1,4,1,1,1,1,1
6,23,33,0.004466942511498928,0,0,3,4,4,3,4,3,1,1,1,1
6,23,36,0.6635914444923401,0,0,3,5,4,1,4,1,1,2,1,2
6,23,37,0.07278535515069962,0,0,3,5,4,2,4,2,1,2,1,2
6,23,39,0.04484781622886658,0,0,3,5,4,4,4,4,1,2,1,2
6,23,40,0.05288584157824516,0,0,3,5,4,5,4,5,1,2,1,2
6,23,41,0.017235178500413895,0,1,3,6,4,1,4,1,1,1,1,5
6,23,42,0.015740634873509407,0,1,3,6,4,2,4,2,1,1,1,5
6,23,43,0.003930207807570696,0,1,3,6,4,3,4,3,1,1,1,5
6,23,44,0.003271285444498062,0,1,3,6,4,4,4,4,1,1,1,5
6,24,1,0.017919283360242844,0,0,3,3,4,1,4,1,1,1,1,1
6,24,3,0.0544232502579689,0,0,3,3,4,1,4,1,1,1,1,1
6,24,7,0.04724578559398651,0,0,3,3,4,2,4,2,1,1,1,1
6,24,13,0.03897726908326149,0,0,3,3,4,3,4,3,1,1,1,1
6,24,15,0.026972273364663124,0,0,3,3,4,3,4,3,1,1,1,1
6,24,16,0.05346042290329933,0,0,3,3,4,3,4,3,1,1,1,1
6,24,17,0.07725118845701218,0,0,3,3,4,3,4,3,1,1,1,1
6,24,20,0.006742414087057114,0,0,3,3,4,4,4,4,1,1,1,1
6,24,25,0.0055149313993752,0,0,3,3,4,5,4,5,1,1,1,1
6,24,27,0.010838476940989494,0,0,3,3,4,5,4,5,1,1,1,1
6,24,28,0.023341596126556396,0,0,3,3,4,5,4,5,1,1,1,1
6,24,29,0.005751938559114933,0,0,3,3,4,5,4,5,1,1,1,1
6,24,30,0.012710245326161385,0,0,3,3,4,5,4,5,1,1,1,1
6,24,31,0.003531211521476507,0,0,3,4,4,1,4,1,1,1,1,1
6,24,33,0.10619200766086578,0,0,3,4,4,3,4,3,1,1,1,1
6,24,36,0.10720037668943405,0,0,3,5,4,1,4,1,1,2,1,2
6,24,37,0.14334158599376678,0,0,3,5,4,2,4,2,1,2,1,2
6,24,39,0.02029499039053917,0,0,3,5,4,4,4,4,1,2,1,2
6,24,40,0.01327512413263321,0,0,3,5,4,5,4,5,1,2,1,2
6,24,41,0.020804956555366516,0,1,3,6,4,1,4,1,1,1,1,5
6,24,42,0.11719541996717453,0,1,3,6,4,2,4,2,1,1,1,5
6,24,43,0.06342232972383499,0,1,3,6,4,3,4,3,1,1,1,5
6,24,44,0.023592837154865265,0,1,3,6,4,4,4,4,1,1,1,5
6,26,1,0.15892721712589264,0,0,3,3,5,1,5,1,1,1,1,1
6,26,3,0.39271530508995056,0,0,3,3,5,1,5,1,1,1,1,1
6,26,7,0.039599835872650146,0,0,3,3,5,2,5,2,1,1,1,1
6,26,13,0.0015491934027522802,0,0,3,3,5,3,5,3,1,1,1,1
6,26,15,0.001322299474850297,0,0,3,3,5,3,5,3,1,1,1,1
6,26,16,0.0010355486301705241,0,0,3,3,5,3,5,3,1,1,1,1
6,26,17,0.0038728767540305853,0,0,3,3,5,3,5,3,1,1,1,1
6,26,20,0.0047273775562644005,0,0,3,3,5,4,5,4,1,1,1,1
6,26,25,0.005574732553213835,0,0,3,3,5,5,5,5,1,1,1,1
6,26,27,0.012897875159978867,0,0,3,3,5,5,5,5,1,1,1,1
6,26,28,0.011352317407727242,0,0,3,3,5,5,5,5,1,1,1,1
6,26,29,0.003391325008124113,0,0,3,3,5,5,5,5,1,1,1,1
6,26,30,0.007824626751244068,0,0,3,3,5,5,5,5,1,1,1,1
6,26,31,0.08818089962005615,0,0,3,4,5,1,5,1,1,1,1,1
6,26,33,0.0029402929358184338,0,0,3,4,5,3,5,3,1,1,1,1
6,26,36,0.19157202541828156,0,0,3,5,5,1,5,1,1,2,1,2
6,26,37,0.018511788919568062,0,0,3,5,5,2,5,2,1,2,1,2
6,26,39,0.01133307907730341,0,0,3,5,5,4,5,4,1,2,1,2
6,26,40,0.016232548281550407,0,0,3,5,5,5,5,5,1,2,1,2
6,26,41,0.017624659463763237,0,1,3,6,5,1,5,1,1,1,1,5
6,26,42,0.00758326007053256,0,1,3,6,5,2,5,2,1,1,1,5
6,26,43,0.00036521910806186497,0,1,3,6,5,3,5,3,1,1,1,5
6,26,44,0.0008656191057525575,0,1,3,6,5,4,5,4,1,1,1,5
6,32,1,0.005495245568454266,0,0,4,3,2,1,2,1,1,1,1,1
6,32,3,0.4695112407207489,0,0,4,3,2,1,2,1,1,1,1,1
6,32,7,0.1330268681049347,0,0,4,3,2,2,2,2,1,1,1,1
6,32,13,0.017520124092698097,0,0,4,3,2,3,2,3,1,1,1,1
6,32,15,0.002775783184915781,0,0,4,3,2,3,2,3,1,1,1,1
6,32,16,0.019592542201280594,0,0,4,3,2,3,2,3,1,1,1,1
6,32,17,0.06240009143948555,0,0,4,3,2,3,2,3,1,1,1,1
6,32,20,0.013622492551803589,0,0,4,3,2,4,2,4,1,1,1,1
6,32,25,0.0011119572445750237,0,0,4,3,2,5,2,5,1,1,1,1
6,32,27,0.00214118929579854,0,0,4,3,2,5,2,5,1,1,1,1
6,32,28,0.003966501448303461,0,0,4,3,2,5,2,5,1,1,1,1
6,32,29,0.002051576506346464,0,0,4,3,2,5,2,5,1,1,1,1
6,32,30,0.0014478929806500673,0,0,4,3,2,5,2,5,1,1,1,1
6,32,31,0.01541471853852272,0,0,4,4,2,1,2,1,1,1,1,1
6,32,33,0.11960433423519135,0,0,4,4,2,3,2,3,1,1,1,1
6,32,36,0.00977256242185831,0,0,4,5,2,1,2,1,1,2,1,2
6,32,37,0.00011955600348301232,0,0,4,5,2,2,2,2,1,2,1,2
6,32,39,0.0005365243996493518,0,0,4,5,2,4,2,4,1,2,1,2
6,32,40,2.281496927025728e-05,0,0,4,5,2,5,2,5,1,2,1,2
6,32,41,0.003075815737247467,0,1,4,6,2,1,2,1,1,1,1,5
6,32,42,0.052160799503326416,0,1,4,6,2,2,2,2,1,1,1,5
6,32,43,0.00487067736685276,0,1,4,6,2,3,2,3,1,1,1,5
6,32,44,0.059758782386779785,0,1,4,6,2,4,2,4,1,1,1,5
6,34,1,0.086187444627285,0,0,4,3,4,1,4,1,1,1,1,1
6,34,3,0.16034141182899475,0,0,4,3,4,1,4,1,1,1,1,1
6,34,7,0.009372028522193432,0,0,4,3,4,2,4,2,1,1,1,1
6,34,13,0.019794905558228493,0,0,4,3,4,3,4,3,1,1,1,1
6,34,15,0.013982320204377174,0,0,4,3,4,3,4,3,1,1,1,1
6,34,16,0.017167657613754272,0,0,4,3,4,3,4,3,1,1,1,1
6,34,17,0.01985042914748192,0,0,4,3,4,3,4,3,1,1,1,1
6,34,20,0.019824612885713577,0,0,4,3,4,4,4,4,1,1,1,1
6,34,25,0.004241383634507656,0,0,4,3,4,5,4,5,1,1,1,1
6,34,27,0.0154572119936347,0,0,4,3,4,5,4,5,1,1,1,1
6,34,28,0.016772761940956116,0,0,4,3,4,5,4,5,1,1,1,1
6,34,29,0.006370575167238712,0,0,4,3,4,5,4,5,1,1,1,1
6,34,30,0.009354974143207073,0,0,4,3,4,5,4,5,1,1,1,1
6,34,31,0.08547601103782654,0,0,4,4,4,1,4,1,1,1,1,1
6,34,33,0.10169662535190582,0,0,4,4,4,3,4,3,1,1,1,1
6,34,36,0.23573803901672363,0,0,4,5,4,1,4,1,1,2,1,2
6,34,37,0.015161950141191483,0,0,4,5,4,2,4,2,1,2,1,2
6,34,39,0.026126539334654808,0,0,4,5,4,4,4,4,1,2,1,2
6,34,40,0.013757062144577503,0,0,4,5,4,5,4,5,1,2,1,2
6,34,41,0.0487675704061985,0,1,4,6,4,1,4,1,1,1,1,5
6,34,42,0.027064304798841476,0,1,4,6,4,2,4,2,1,1,1,5
6,34,43,0.01835761032998562,0,1,4,6,4,3,4,3,1,1,1,5
6,34,44,0.029136372730135918,0,1,4,6,4,4,4,4,1,1,1,5
6,35,1,0.10363214462995529,0,0,4,3,5,1,5,1,1,1,1,1
6,35,3,0.41241851449012756,0,0,4,3,5,1,5,1,1,1,1,1
6,35,7,0.020888356491923332,0,0,4,3,5,2,5,2,1,1,1,1
6,35,13,0.002745135687291622,0,0,4,3,5,3,5,3,1,1,1,1
6,35,15,0.0016461826162412763,0,0,4,3,5,3,5,3,1,1,1,1
6,35,16,0.002708104904741049,0,0,4,3,5,3,5,3,1,1,1,1
6,35,17,0.003293097484856844,0,0,4,3,5,3,5,3,1,1,1,1
6,35,20,0.016790183261036873,0,0,4,3,5,4,5,4,1,1,1,1
6,35,25,0.004102334845811129,0,0,4,3,5,5,5,5,1,1,1,1
6,35,27,0.011802283115684986,0,0,4,3,5,5,5,5,1,1,1,1
6,35,28,0.003573091235011816,0,0,4,3,5,5,5,5,1,1,1,1
6,35,29,0.00787875335663557,0,0,4,3,5,5,5,5,1,1,1,1
6,35,30,0.004160027485340834,0,0,4,3,5,5,5,5,1,1,1,1
6,35,31,0.1832701414823532,0,0,4,4,5,1,5,1,1,1,1,1
6,35,33,0.006775353569537401,0,0,4,4,5,3,5,3,1,1,1,1
6,35,36,0.06300432235002518,0,0,4,5,5,1,5,1,1,2,1,2
6,35,37,0.00045228912495076656,0,0,4,5,5,2,5,2,1,2,1,2
6,35,39,0.005604048725217581,0,0,4,5,5,4,5,4,1,2,1,2
6,35,40,0.0015493500977754593,0,0,4,5,5,5,5,5,1,2,1,2
6,35,41,0.06736749410629272,0,1,4,6,5,1,5,1,1,1,1,5
6,35,42,0.029694154858589172,0,1,4,6,5,2,5,2,1,1,1,5
6,35,43,0.002506328048184514,0,1,4,6,5,3,5,3,1,1,1,5
6,35,44,0.04413815960288048,0,1,4,6,5,4,5,4,1,1,1,5
6,38,1,0.0006437380216084421,0,0,5,3,3,1,3,1,2,1,2,1
6,38,3,0.009827306494116783,0,0,5,3,3,1,3,1,2,1,2,1
6,38,7,1.0478030390004278e-06,0,0,5,3,3,2,3,2,2,1,2,1
6,38,13,2.3844286261009984e-06,0,0,5,3,3,3,3,3,2,1,2,1
6,38,15,1.8805078525474528e-06,0,0,5,3,3,3,3,3,2,1,2,1
6,38,16,4.684476095917489e-07,0,0,5,3,3,3,3,3,2,1,2,1
6,38,17,4.058558999986417e-07,0,0,5,3,3,3,3,3,2,1,2,1
6,38,20,9.461136301069928e-07,0,0,5,3,3,4,3,4,2,1,2,1
6,38,25,3.4725979958238895e-07,0,0,5,3,3,5,3,5,2,1,2,1
6,38,27,1.6792015230748802e-05,0,0,5,3,3,5,3,5,2,1,2,1
6,38,28,6.075777946534799e-06,0,0,5,3,3,5,3,5,2,1,2,1
6,38,29,3.973403181589674e-06,0,0,5,3,3,5,3,5,2,1,2,1
6,38,30,7.515633342336514e-07,0,0,5,3,3,5,3,5,2,1,2,1
6,38,31,0.9392953515052795,0,0,5,4,3,1,3,1,2,1,2,1
6,38,33,0.0005212862160988152,0,0,5,4,3,3,3,3,2,1,2,1
6,38,36,0.03413768112659454,0,0,5,5,3,1,3,1,2,2,2,2
6,38,37,2.602809445306775e-06,0,0,5,5,3,2,3,2,2,2,2,2
6,38,39,2.370115544181317e-05,0,0,5,5,3,4,3,4,2,2,2,2
6,38,40,1.6407446992161567e-06,0,0,5,5,3,5,3,5,2,2,2,2
6,38,41,0.015157850459218025,0,1,5,6,3,1,3,1,2,1,2,5
6,38,42,0.0003453135723248124,0,1,5,6,3,2,3,2,2,1,2,5
6,38,43,2.1491587176569737e-06,0,1,5,6,3,3,3,3,2,1,2,5
6,38,44,6.617902272409992e-06,0,1,5,6,3,4,3,4,2,1,2,5
6,45,1,0.025472095236182213,1,0,6,3,5,1,5,1,1,1,5,1
6,45,3,0.0020144423469901085,1,0,6,3,5,1,5,1,1,1,5,1
6,45,7,0.003456838894635439,1,0,6,3,5,2,5,2,1,1,5,1
6,45,13,0.0013966686092317104,1,0,6,3,5,3,5,3,1,1,5,1
6,45,15,0.003762118751183152,1,0,6,3,5,3,5,3,1,1,5,1
6,45,16,0.001662320690229535,1,0,6,3,5,3,5,3,1,1,5,1
6,45,17,0.002207346959039569,1,0,6,3,5,3,5,3,1,1,5,1
6,45,20,0.006505102850496769,1,0,6,3,5,4,5,4,1,1,5,1
6,45,25,0.027645427733659744,1,0,6,3,5,5,5,5,1,1,5,1
6,45,27,0.012198076583445072,1,0,6,3,5,5,5,5,1,1,5,1
6,45,28,0.006999458651989698,1,0,6,3,5,5,5,5,1,1,5,1
6,45,29,0.006847853772342205,1,0,6,3,5,5,5,5,1,1,5,1
6,45,30,0.018728019669651985,1,0,6,3,5,5,5,5,1,1,5,1
6,45,31,0.000886635622009635,1,0,6,4,5,1,5,1,1,1,5,1
6,45,33,0.00021302794630173594,1,0,6,4,5,3,5,3,1,1,5,1
6,45,36,0.02361726202070713,1,0,6,5,5,1,5,1,1,2,5,2
6,45,37,0.027003897354006767,1,0,6,5,5,2,5,2,1,2,5,2
6,45,39,0.08164401352405548,1,0,6,5,5,4,5,4,1,2,5,2
6,45,40,0.7385721206665039,1,0,6,5,5,5,5,5,1,2,5,2
6,45,41,0.0035096807405352592,1,1,6,6,5,1,5,1,1,1,5,5
6,45,42,0.0005592158413492143,1,1,6,6,5,2,5,2,1,1,5,5
6,45,43,0.002383573679253459,1,1,6,6,5,3,5,3,1,1,5,5
6,45,44,0.0027142225299030542,1,1,6,6,5,4,5,4,1,1,5,5
6,46,1,0.027301719412207603,2,0,7,3,0,1,0,1,0,1,4,1
6,46,3,0.03889969736337662,2,0,7,3,0,1,0,1,0,1,4,1
6,46,7,0.005024890415370464,2,0,7,3,0,2,0,2,0,1,4,1
6,46,13,0.010814284905791283,2,0,7,3,0,3,0,3,0,1,4,1
6,46,15,0.004807777237147093,2,0,7,3,0,3,0,3,0,1,4,1
6,46,16,0.002253937069326639,2,0,7,3,0,3,0,3,0,1,4,1
6,46,17,0.011227547191083431,2,0,7,3,0,3,0,3,0,1,4,1
6,46,20,0.007562135811895132,2,0,7,3,0,4,0,4,0,1,4,1
6,46,25,0.004884305875748396,2,0,7,3,0,5,0,5,0,1,4,1
6,46,27,0.014118175953626633,2,0,7,3,0,5,0,5,0,1,4,1
6,46,28,0.015586502850055695,2,0,7,3,0,5,0,5,0,1,4,1
6,46,29,0.002236357657238841,2,0,7,3,0,5,0,5,0,1,4,1
6,46,30,0.01883278414607048,2,0,7,3,0,5,0,5,0,1,4,1
6,46,31,0.10066138207912445,2,0,7,4,0,1,0,1,0,1,4,1
6,46,33,0.010406052693724632,2,0,7,4,0,3,0,3,0,1,4,1
6,46,36,0.576433539390564,2,0,7,5,0,1,0,1,0,2,4,2
6,46,37,0.035322949290275574,2,0,7,5,0,2,0,2,0,2,4,2
6,46,39,0.05695905163884163,2,0,7,5,0,4,0,4,0,2,4,2
6,46,40,0.030873019248247147,2,0,7,5,0,5,0,5,0,2,4,2
6,46,41,0.008966618217527866,2,1,7,6,0,1,0,1,0,1,4,5
6,46,42,0.011508360505104065,2,1,7,6,0,2,0,2,0,1,4,5
6,46,43,0.0014083093265071511,2,1,7,6,0,3,0,3,0,1,4,5
6,46,44,0.003910301718860865,2,1,7,6,0,4,0,4,0,1,4,5
7,1,0,0.00455281650647521,0,0,3,1,1,0,1,0,1,2,1,4
7,1,2,0.0021177867893129587,0,0,3,3,1,1,1,1,1,1,1,1
7,1,4,0.0032489465083926916,0,0,3,3,1,1,1,1,1,1,1,1
7,1,5,0.006889247801154852,0,0,3,3,1,1,1,1,1,1,1,1
7,1,6,0.0037851002998650074,0,0,3,3,1,1,1,1,1,1,1,1
7,1,8,0.001254244358278811,0,0,3,3,1,2,1,2,1,1,1,1
7,1,9,0.008211198262870312,0,0,3,3,1,2,1,2,1,1,1,1
7,1,10,0.002397169591858983,0,0,3,3,1,2,1,2,1,1,1,1
7,1,11,0.004055703990161419,0,0,3,3,1,2,1,2,1,1,1,1
7,1,12,0.0024462416768074036,0,0,3,3,1,2,1,2,1,1,1,1
7,1,14,0.006288180127739906,0,0,3,3,1,3,1,3,1,1,1,1
7,1,18,0.013671680353581905,0,0,3,3,1,3,1,3,1,1,1,1
7,1,19,0.013888660818338394,0,0,3,3,1,4,1,4,1,1,1,1
7,1,21,0.00746455742046237,0,0,3,3,1,4,1,4,1,1,1,1
7,1,22,0.04259146749973297,0,0,3,3,1,4,1,4,1,1,1,1
7,1,23,0.06251906603574753,0,0,3,3,1,4,1,4,1,1,1,1
7,1,24,0.012925855815410614,0,0,3,3,1,4,1,4,1,1,1,1
7,1,26,0.15226241946220398,0,0,3,3,1,5,1,5,1,1,1,1
7,1,32,0.0010454385774210095,0,0,3,4,1,2,1,2,1,1,1,1
7,1,34,0.1834355890750885,0,0,3,4,1,4,1,4,1,1,1,1
7,1,35,0.4249306917190552,0,0,3,4,1,5,1,5,1,1,1,1
7,1,38,0.00019796060223598033,0,0,3,5,1,3,1,3,1,2,1,2
7,1,45,0.01630754955112934,0,1,3,6,1,5,1,5,1,1,1,5
7,1,46,0.023512551560997963,0,2,3,7,1,0,1,0,1,0,1,4
7,3,0,0.00794819463044405,0,0,3,1,1,0,1,0,1,2,1,4
7,3,2,0.0006100086611695588,0,0,3,3,1,1,1,1,1,1,1,1
7,3,4,0.0006086560315452516,0,0,3,3,1,1,1,1,1,1,1,1
7,3,5,0.0014220902230590582,0,0,3,3,1,1,1,1,1,1,1,1
7,3,6,0.0006395181990228593,0,0,3,3,1,1,1,1,1,1,1,1
7,3,8,0.0010061848443001509,0,0,3,3,1,2,1,2,1,1,1,1
7,3,9,0.005110129714012146,0,0,3,3,1,2,1,2,1,1,1,1
7,3,10,0.0024252934381365776,0,0,3,3,1,2,1,2,1,1,1,1
7,3,11,0.005723542999476194,0,0,3,3,1,2,1,2,1,1,1,1
7,3,12,0.0013550663134083152,0,0,3,3,1,2,1,2,1,1,1,1
7,3,14,0.003593328408896923,0,0,3,3,1,3,1,3,1,1,1,1
7,3,18,0.008770852349698544,0,0,3,3,1,3,1,3,1,1,1,1
7,3,19,0.00618539284914732,0,0,3,3,1,4,1,4,1,1,1,1
7,3,21,0.0039858645759522915,0,0,3,3,1,4,1,4,1,1,1,1
7,3,22,0.012670932337641716,0,0,3,3,1,4,1,4,1,1,1,1
7,3,23,0.035398636013269424,0,0,3,3,1,4,1,4,1,1,1,1
7,3,24,0.007883837446570396,0,0,3,3,1,4,1,4,1,1,1,1
7,3,26,0.09556770324707031,0,0,3,3,1,5,1,5,1,1,1,1
7,3,32,0.001234689261764288,0,0,3,4,1,2,1,2,1,1,1,1
7,3,34,0.1306612491607666,0,0,3,4,1,4,1,4,1,1,1,1
7,3,35,0.6202259659767151,0,0,3,4,1,5,1,5,1,1,1,1
7,3,38,0.00043944179196842015,0,0,3,5,1,3,1,3,1,2,1,2
7,3,45,0.0335356704890728,0,1,3,6,1,5,1,5,1,1,1,5
7,3,46,0.012997576966881752,0,2,3,7,1,0,1,0,1,0,1,4
7,7,0,0.07493967562913895,0,0,3,1,2,0,2,0,1,2,1,4
7,7,2,0.0007528093992732465,0,0,3,3,2,1,2,1,1,1,1,1
7,7,4,0.00022900370822753757,0,0,3,3,2,1,2,1,1,1,1,1
7,7,5,0.0021872397046536207,0,0,3,3,2,1,2,1,1,1,1,1
7,7,6,0.00037422290188260376,0,0,3,3,2,1,2,1,1,1,1,1
7,7,8,0.0027215545997023582,0,0,3,3,2,2,2,2,1,1,1,1
7,7,9,0.0002924814762081951,0,0,3,3,2,2,2,2,1,1,1,1
7,7,10,0.0013686912134289742,0,0,3,3,2,2,2,2,1,1,1,1
7,7,11,0.0008489619940519333,0,0,3,3,2,2,2,2,1,1,1,1
7,7,12,0.001594562316313386,0,0,3,3,2,2,2,2,1,1,1,1
7,7,14,0.0003767908492591232,0,0,3,3,2,3,2,3,1,1,1,1
7,7,18,0.0026140862610191107,0,0,3,3,2,3,2,3,1,1,1,1
7,7,19,0.007752235047519207,0,0,3,3,2,4,2,4,1,1,1,1
7,7,21,0.014300000853836536,0,0,3,3,2,4,2,4,1,1,1,1
7,7,22,0.03722704201936722,0,0,3,3,2,4,2,4,1,1,1,1
7,7,23,0.015104435384273529,0,0,3,3,2,4,2,4,1,1,1,1
7,7,24,0.0031465585343539715,0,0,3,3,2,4,2,4,1,1,1,1
7,7,26,0.15895631909370422,0,0,3,3,2,5,2,5,1,1,1,1
7,7,32,0.001767215202562511,0,0,3,4,2,2,2,2,1,1,1,1
7,7,34,0.07829780876636505,0,0,3,4,2,4,2,4,1,1,1,1
7,7,35,0.5717082619667053,0,0,3,4,2,5,2,5,1,1,1,1
7,7,38,0.00011812974116764963,0,0,3,5,2,3,2,3,1,2,1,2
7,7,45,0.0006137829623185098,0,1,3,6,2,5,2,5,1,1,1,5
7,7,46,0.0227087140083313,0,2,3,7,2,0,2,0,1,0,1,4
7,13,0,0.058825764805078506,0,0,3,1,3,0,3,0,1,2,1,4
7,13,2,0.0035050753504037857,0,0,3,3,3,1,3,1,1,1,1,1
7,13,4,0.0016073451843112707,0,0,3,3,3,1,3,1,1,1,1,1
7,13,5,0.014018643647432327,0,0,3,3,3,1,3,1,1,1,1,1
7,13,6,0.002536194398999214,0,0,3,3,3,1,3,1,1,1,1,1
7,13,8,0.0056318058632314205,0,0,3,3,3,2,3,2,1,1,1,1
7,13,9,0.002214558655396104,0,0,3,3,3,2,3,2,1,1,1,1
7,13,10,0.005426904186606407,0,0,3,3,3,2,3,2,1,1,1,1
7,13,11,0.016115959733724594,0,0,3,3,3,2,3,2,1,1,1,1
7,13,12,0.0019891872070729733,0,0,3,3,3,2,3,2,1,1,1,1
7,13,14,0.0062507325783371925,0,0,3,3,3,3,3,3,1,1,1,1
7,13,18,0.010627452284097672,0,0,3,3,3,3,3,3,1,1,1,1
7,13,19,0.002446137834340334,0,0,3,3,3,4,3,4,1,1,1,1
7,13,21,0.004663265775889158,0,0,3,3,3,4,3,4,1,1,1,1
7,13,22,0.0043879784643650055,0,0,3,3,3,4,3,4,1,1,1,1
7,13,23,0.011502031236886978,0,0,3,3,3,4,3,4,1,1,1,1
7,13,24,0.0026689330115914345,0,0,3,3,3,4,3,4,1,1,1,1
7,13,26,0.15224705636501312,0,0,3,3,3,5,3,5,1,1,1,1
7,13,32,0.0037147889379411936,0,0,3,4,3,2,3,2,1,1,1,1
7,13,34,0.07097132503986359,0,0,3,4,3,4,3,4,1,1,1,1
7,13,35,0.5751627087593079,0,0,3,4,3,5,3,5,1,1,1,1
7,13,38,0.001024142955429852,0,0,3,5,3,3,3,3,1,2,1,2
7,13,45,0.0069585153833031654,0,1,3,6,3,5,3,5,1,1,1,5
7,13,46,0.03550327196717262,0,2,3,7,3,0,3,0,1,0,1,4
7,15,0,0.001745195360854268,0,0,3,1,3,0,3,0,1,2,1,4
7,15,2,0.0427287295460701,0,0,3,3,3,1,3,1,1,1,1,1
7,15,4,0.016162345185875893,0,0,3,3,3,1,3,1,1,1,1,1
7,15,5,0.12162934988737106,0,0,3,3,3,1,3,1,1,1,1,1
7,15,6,0.045186955481767654,0,0,3,3,3,1,3,1,1,1,1,1
7,15,8,0.0026814360171556473,0,0,3,3,3,2,3,2,1,1,1,1
7,15,9,0.0013158256188035011,0,0,3,3,3,2,3,2,1,1,1,1
7,15,10,0.0024687182158231735,0,0,3,3,3,2,3,2,1,1,1,1
7,15,11,0.001214546151459217,0,0,3,3,3,2,3,2,1,1,1,1
7,15,12,0.0003722983819898218,0,0,3,3,3,2,3,2,1,1,1,1
7,15,14,0.010904086753726006,0,0,3,3,3,3,3,3,1,1,1,1
7,15,18,0.00657851854339242,0,0,3,3,3,3,3,3,1,1,1,1
7,15,19,0.0006747962906956673,0,0,3,3,3,4,3,4,1,1,1,1
7,15,21,0.0021255682222545147,0,0,3,3,3,4,3,4,1,1,1,1
7,15,22,0.002024857560172677,0,0,3,3,3,4,3,4,1,1,1,1
7,15,23,0.00388098182156682,0,0,3,3,3,4,3,4,1,1,1,1
7,15,24,0.0016853627748787403,0,0,3,3,3,4,3,4,1,1,1,1
7,15,26,0.2684088945388794,0,0,3,3,3,5,3,5,1,1,1,1
7,15,32,0.0002930380287580192,0,0,3,4,3,2,3,2,1,1,1,1
7,15,34,0.00880235992372036,0,0,3,4,3,4,3,4,1,1,1,1
7,15,35,0.44548219442367554,0,0,3,4,3,5,3,5,1,1,1,1
7,15,38,9.292437425756361e-06,0,0,3,5,3,3,3,3,1,2,1,2
7,15,45,0.011926205828785896,0,1,3,6,3,5,3,5,1,1,1,5
7,15,46,0.0016988724237307906,0,2,3,7,3,0,3,0,1,0,1,4
7,16,0,0.017206458374857903,0,0,3,1,3,0,3,0,1,2,1,4
7,16,2,0.004944471642374992,0,0,3,3,3,1,3,1,1,1,1,1
7,16,4,0.001917514018714428,0,0,3,3,3,1,3,1,1,1,1,1
7,16,5,0.01389062125235796,0,0,3,3,3,1,3,1,1,1,1,1
7,16,6,0.003108227625489235,0,0,3,3,3,1,3,1,1,1,1,1
7,16,8,0.0021063494496047497,0,0,3,3,3,2,3,2,1,1,1,1
7,16,9,0.0007635693182237446,0,0,3,3,3,2,3,2,1,1,1,1
7,16,10,0.0016733609372749925,0,0,3,3,3,2,3,2,1,1,1,1
7,16,11,0.0010000623296946287,0,0,3,3,3,2,3,2,1,1,1,1
7,16,12,0.00041720326407812536,0,0,3,3,3,2,3,2,1,1,1,1
7,16,14,0.0013212544145062566,0,0,3,3,3,3,3,3,1,1,1,1
7,16,18,0.004350184462964535,0,0,3,3,3,3,3,3,1,1,1,1
7,16,19,0.0015088071813806891,0,0,3,3,3,4,3,4,1,1,1,1
7,16,21,0.003678827313706279,0,0,3,3,3,4,3,4,1,1,1,1
7,16,22,0.0028650450985878706,0,0,3,3,3,4,3,4,1,1,1,1
7,16,23,0.007093637250363827,0,0,3,3,3,4,3,4,1,1,1,1
7,16,24,0.002232473576441407,0,0,3,3,3,4,3,4,1,1,1,1
7,16,26,0.2854781746864319,0,0,3,3,3,5,3,5,1,1,1,1
7,16,32,0.0006938917795196176,0,0,3,4,3,2,3,2,1,1,1,1
7,16,34,0.026000499725341797,0,0,3,4,3,4,3,4,1,1,1,1
7,16,35,0.5850659012794495,0,0,3,4,3,5,3,5,1,1,1,1
7,16,38,7.421008922392502e-05,0,0,3,5,3,3,3,3,1,2,1,2
7,16,45,0.019505394622683525,0,1,3,6,3,5,3,5,1,1,1,5
7,16,46,0.0131037263199687,0,2,3,7,3,0,3,0,1,0,1,4
7,17,0,0.0012061957968398929,0,0,3,1,3,0,3,0,1,2,1,4
7,17,2,0.03479279577732086,0,0,3,3,3,1,3,1,1,1,1,1
7,17,4,0.02115694060921669,0,0,3,3,3,1,3,1,1,1,1,1
7,17,5,0.16751018166542053,0,0,3,3,3,1,3,1,1,1,1,1
7,17,6,0.047513872385025024,0,0,3,3,3,1,3,1,1,1,1,1
7,17,8,0.0023525382857769728,0,0,3,3,3,2,3,2,1,1,1,1
7,17,9,0.0037779591511934996,0,0,3,3,3,2,3,2,1,1,1,1
7,17,10,0.0018384304130449891,0,0,3,3,3,2,3,2,1,1,1,1
7,17,11,0.001818954711779952,0,0,3,3,3,2,3,2,1,1,1,1
7,17,12,0.0007958062924444675,0,0,3,3,3,2,3,2,1,1,1,1
7,17,14,0.008884255774319172,0,0,3,3,3,3,3,3,1,1,1,1
7,17,18,0.00860991608351469,0,0,3,3,3,3,3,3,1,1,1,1
7,17,19,0.004008130170404911,0,0,3,3,3,4,3,4,1,1,1,1
7,17,21,0.007992882281541824,0,0,3,3,3,4,3,4,1,1,1,1
7,17,22,0.005174361169338226,0,0,3,3,3,4,3,4,1,1,1,1
7,17,23,0.013665195554494858,0,0,3,3,3,4,3,4,1,1,1,1
7,17,24,0.0033888653852045536,0,0,3,3,3,4,3,4,1,1,1,1
7,17,26,0.264936625957489,0,0,3,3,3,5,3,5,1,1,1,1
7,17,32,0.0009215530008077621,0,0,3,4,3,2,3,2,1,1,1,1
7,17,34,0.04527132958173752,0,0,3,4,3,4,3,4,1,1,1,1
7,17,35,0.3290785551071167,0,0,3,4,3,5,3,5,1,1,1,1
7,17,38,4.4366144720697775e-05,0,0,3,5,3,3,3,3,1,2,1,2
7,17,45,0.017479754984378815,0,1,3,6,3,5,3,5,1,1,1,5
7,17,46,0.007780758198350668,0,2,3,7,3,0,3,0,1,0,1,4
7,20,0,0.0074282921850681305,0,0,3,1,4,0,4,0,1,2,1,4
7,20,2,0.07410236448049545,0,0,3,3,4,1,4,1,1,1,1,1
7,20,4,0.049521010369062424,0,0,3,3,4,1,4,1,1,1,1,1
7,20,5,0.27933090925216675,0,0,3,3,4,1,4,1,1,1,1,1
7,20,6,0.09962643682956696,0,0,3,3,4,1,4,1,1,1,1,1
7,20,8,0.018306706100702286,0,0,3,3,4,2,4,2,1,1,1,1
7,20,9,0.008390869945287704,0,0,3,3,4,2,4,2,1,1,1,1
7,20,10,0.008258575573563576,0,0,3,3,4,2,4,2,1,1,1,1
7,20,11,0.01892153173685074,0,0,3,3,4,2,4,2,1,1,1,1
7,20,12,0.008561660535633564,0,0,3,3,4,2,4,2,1,1,1,1
7,20,14,0.03424438461661339,0,0,3,3,4,3,4,3,1,1,1,1
7,20,18,0.024661989882588387,0,0,3,3,4,3,4,3,1,1,1,1
7,20,19,0.0034126462414860725,0,0,3,3,4,4,4,4,1,1,1,1
7,20,21,0.00601887097582221,0,0,3,3,4,4,4,4,1,1,1,1
7,20,22,0.011571415700018406,0,0,3,3,4,4,4,4,1,1,1,1
7,20,23,0.016371972858905792,0,0,3,3,4,4,4,4,1,1,1,1
7,20,24,0.0021860338747501373,0,0,3,3,4,4,4,4,1,1,1,1
7,20,26,0.1654886156320572,0,0,3,3,4,5,4,5,1,1,1,1
7,20,32,0.002766169374808669,0,0,3,4,4,2,4,2,1,1,1,1
7,20,34,0.0269578006118536,0,0,3,4,4,4,4,4,1,1,1,1
7,20,35,0.11387511342763901,0,0,3,4,4,5,4,5,1,1,1,1
7,20,38,0.00019000346946995705,0,0,3,5,4,3,4,3,1,2,1,2
7,20,45,0.0013088937848806381,0,1,3,6,4,5,4,5,1,1,1,5
7,20,46,0.018497969955205917,0,2,3,7,4,0,4,0,1,0,1,4
7,25,0,0.0009396329405717552,0,0,3,1,5,0,5,0,1,2,1,4
7,25,2,0.08176577836275101,0,0,3,3,5,1,5,1,1,1,1,1
7,25,4,0.08106367290019989,0,0,3,3,5,1,5,1,1,1,1,1
7,25,5,0.2600831687450409,0,0,3,3,5,1,5,1,1,1,1,1
7,25,6,0.19981174170970917,0,0,3,3,5,1,5,1,1,1,1,1
7,25,8,0.007569117471575737,0,0,3,3,5,2,5,2,1,1,1,1
7,25,9,0.015479033812880516,0,0,3,3,5,2,5,2,1,1,1,1
7,25,10,0.0027166393119841814,0,0,3,3,5,2,5,2,1,1,1,1
7,25,11,0.005033554974943399,0,0,3,3,5,2,5,2,1,1,1,1
7,25,12,0.013386487029492855,0,0,3,3,5,2,5,2,1,1,1,1
7,25,14,0.05045539140701294,0,0,3,3,5,3,5,3,1,1,1,1
7,25,18,0.01792074181139469,0,0,3,3,5,3,5,3,1,1,1,1
7,25,19,0.010414721444249153,0,0,3,3,5,4,5,4,1,1,1,1
7,25,21,0.0069436500780284405,0,0,3,3,5,4,5,4,1,1,1,1
7,25,22,0.06326671689748764,0,0,3,3,5,4,5,4,1,1,1,1
7,25,23,0.039559256285429,0,0,3,3,5,4,5,4,1,1,1,1
7,25,24,0.007134329993277788,0,0,3,3,5,4,5,4,1,1,1,1
7,25,26,0.048511818051338196,0,0,3,3,5,5,5,5,1,1,1,1
7,25,32,0.0009321180987171829,0,0,3,4,5,2,5,2,1,1,1,1
7,25,34,0.024146951735019684,0,0,3,4,5,4,5,4,1,1,1,1
7,25,35,0.052756257355213165,0,0,3,4,5,5,5,5,1,1,1,1
7,25,38,2.3114587747841142e-05,0,0,3,5,5,3,5,3,1,2,1,2
7,25,45,0.0006362955318763852,0,1,3,6,5,5,5,5,1,1,1,5
7,25,46,0.009449879638850689,0,2,3,7,5,0,5,0,1,0,1,4
7,27,0,0.0001170695832115598,0,0,3,1,5,0,5,0,1,2,1,4
7,27,2,0.08299309015274048,0,0,3,3,5,1,5,1,1,1,1,1
7,27,4,0.0784190446138382,0,0,3,3,5,1,5,1,1,1,1,1
7,27,5,0.3998354375362396,0,0,3,3,5,1,5,1,1,1,1,1
7,27,6,0.25163641571998596,0,0,3,3,5,1,5,1,1,1,1,1
7,27,8,0.0025053315330296755,0,0,3,3,5,2,5,2,1,1,1,1
7,27,9,0.005460597109049559,0,0,3,3,5,2,5,2,1,1,1,1
7,27,10,0.0016848094528540969,0,0,3,3,5,2,5,2,1,1,1,1
7,27,11,0.0018922367598861456,0,0,3,3,5,2,5,2,1,1,1,1
7,27,12,0.0016949239652603865,0,0,3,3,5,2,5,2,1,1,1,1
7,27,14,0.014971901662647724,0,0,3,3,5,3,5,3,1,1,1,1
7,27,18,0.00798152294009924,0,0,3,3,5,3,5,3,1,1,1,1
7,27,19,0.0024391503538936377,0,0,3,3,5,4,5,4,1,1,1,1
7,27,21,0.005393947474658489,0,0,3,3,5,4,5,4,1,1,1,1
7,27,22,0.0090169757604599,0,0,3,3,5,4,5,4,1,1,1,1
7,27,23,0.007064002566039562,0,0,3,3,5,4,5,4,1,1,1,1
7,27,24,0.0018471943913027644,0,0,3,3,5,4,5,4,1,1,1,1
7,27,26,0.0638824850320816,0,0,3,3,5,5,5,5,1,1,1,1
7,27,32,0.0006204064120538533,0,0,3,4,5,2,5,2,1,1,1,1
7,27,34,0.01604429818689823,0,0,3,4,5,4,5,4,1,1,1,1
7,27,35,0.040375757962465286,0,0,3,4,5,5,5,5,1,1,1,1
7,27,38,8.480413271172438e-06,0,0,3,5,5,3,5,3,1,2,1,2
7,27,45,0.0018170444527640939,0,1,3,6,5,5,5,5,1,1,1,5
7,27,46,0.002297603525221348,0,2,3,7,5,0,5,0,1,0,1,4
7,28,0,3.081786780967377e-05,0,0,3,1,5,0,5,0,1,2,1,4
7,28,2,0.09068359434604645,0,0,3,3,5,1,5,1,1,1,1,1
7,28,4,0.08825989067554474,0,0,3,3,5,1,5,1,1,1,1,1
7,28,5,0.24568575620651245,0,0,3,3,5,1,5,1,1,1,1,1
7,28,6,0.23616530001163483,0,0,3,3,5,1,5,1,1,1,1,1
7,28,8,0.010146929882466793,0,0,3,3,5,2,5,2,1,1,1,1
7,28,9,0.043649472296237946,0,0,3,3,5,2,5,2,1,1,1,1
7,28,10,0.007435004226863384,0,0,3,3,5,2,5,2,1,1,1,1
7,28,11,0.005798619240522385,0,0,3,3,5,2,5,2,1,1,1,1
7,28,12,0.008254696615040302,0,0,3,3,5,2,5,2,1,1,1,1
7,28,14,0.02699500508606434,0,0,3,3,5,3,5,3,1,1,1,1
7,28,18,0.012488815002143383,0,0,3,3,5,3,5,3,1,1,1,1
7,28,19,0.006897284649312496,0,0,3,3,5,4,5,4,1,1,1,1
7,28,21,0.011434604413807392,0,0,3,3,5,4,5,4,1,1,1,1
7,28,22,0.024297872558236122,0,0,3,3,5,4,5,4,1,1,1,1
7,28,23,0.024175867438316345,0,0,3,3,5,4,5,4,1,1,1,1
7,28,24,0.00469249440357089,0,0,3,3,5,4,5,4,1,1,1,1
7,28,26,0.10789903998374939,0,0,3,3,5,5,5,5,1,1,1,1
7,28,32,0.000762103358283639,0,0,3,4,5,2,5,2,1,1,1,1
7,28,34,0.007976614870131016,0,0,3,4,5,4,5,4,1,1,1,1
7,28,35,0.031002068892121315,0,0,3,4,5,5,5,5,1,1,1,1
7,28,38,6.891478278703289e-06,0,0,3,5,5,3,5,3,1,2,1,2
7,28,45,0.004653487354516983,0,1,3,6,5,5,5,5,1,1,1,5
7,28,46,0.0006078273290768266,0,2,3,7,5,0,5,0,1,0,1,4
7,29,0,5.435249113361351e-05,0,0,3,1,5,0,5,0,1,2,1,4
7,29,2,0.05482500046491623,0,0,3,3,5,1,5,1,1,1,1,1
7,29,4,0.03364543244242668,0,0,3,3,5,1,5,1,1,1,1,1
7,29,5,0.4842228889465332,0,0,3,3,5,1,5,1,1,1,1,1
7,29,6,0.1859552562236786,0,0,3,3,5,1,5,1,1,1,1,1
7,29,8,0.00124136614613235,0,0,3,3,5,2,5,2,1,1,1,1
7,29,9,0.0031590666621923447,0,0,3,3,5,2,5,2,1,1,1,1
7,29,10,0.0009987568482756615,0,0,3,3,5,2,5,2,1,1,1,1
7,29,11,0.0006622288492508233,0,0,3,3,5,2,5,2,1,1,1,1
7,29,12,0.0006786422454752028,0,0,3,3,5,2,5,2,1,1,1,1
7,29,14,0.007817378267645836,0,0,3,3,5,3,5,3,1,1,1,1
7,29,18,0.004076392389833927,0,0,3,3,5,3,5,3,1,1,1,1
7,29,19,0.004086402244865894,0,0,3,3,5,4,5,4,1,1,1,1
7,29,21,0.01570880226790905,0,0,3,3,5,4,5,4,1,1,1,1
7,29,22,0.00969828013330698,0,0,3,3,5,4,5,4,1,1,1,1
7,29,23,0.005485793575644493,0,0,3,3,5,4,5,4,1,1,1,1
7,29,24,0.0016144455876201391,0,0,3,3,5,4,5,4,1,1,1,1
7,29,26,0.09057921171188354,0,0,3,3,5,5,5,5,1,1,1,1
7,29,32,0.0004981326637789607,0,0,3,4,5,2,5,2,1,1,1,1
7,29,34,0.02948497049510479,0,0,3,4,5,4,5,4,1,1,1,1
7,29,35,0.061977725476026535,0,0,3,4,5,5,5,5,1,1,1,1
7,29,38,2.125683295162162e-06,0,0,3,5,5,3,5,3,1,2,1,2
7,29,45,0.0018240377539768815,0,1,3,6,5,5,5,5,1,1,1,5
7,29,46,0.0017030977178364992,0,2,3,7,5,0,5,0,1,0,1,4
7,30,0,2.3897391656646505e-05,0,0,3,1,5,0,5,0,1,2,1,4
7,30,2,0.06749077141284943,0,0,3,3,5,1,5,1,1,1,1,1
7,30,4,0.07700277864933014,0,0,3,3,5,1,5,1,1,1,1,1
7,30,5,0.49100589752197266,0,0,3,3,5,1,5,1,1,1,1,1
7,30,6,0.26660069823265076,0,0,3,3,5,1,5,1,1,1,1,1
7,30,8,0.0011778997723013163,0,0,3,3,5,2,5,2,1,1,1,1
7,30,9,0.003877958282828331,0,0,3,3,5,2,5,2,1,1,1,1
7,30,10,0.0005105807795189321,0,0,3,3,5,2,5,2,1,1,1,1
7,30,11,0.0006958986632525921,0,0,3,3,5,2,5,2,1,1,1,1
7,30,12,0.0014095624210312963,0,0,3,3,5,2,5,2,1,1,1,1
7,30,14,0.007051434833556414,0,0,3,3,5,3,5,3,1,1,1,1
7,30,18,0.004050135146826506,0,0,3,3,5,3,5,3,1,1,1,1
7,30,19,0.001227629603818059,0,0,3,3,5,4,5,4,1,1,1,1
7,30,21,0.0018699782667681575,0,0,3,3,5,4,5,4,1,1,1,1
7,30,22,0.007380849216133356,0,0,3,3,5,4,5,4,1,1,1,1
7,30,23,0.005216293036937714,0,0,3,3,5,4,5,4,1,1,1,1
7,30,24,0.0006479090079665184,0,0,3,3,5,4,5,4,1,1,1,1
7,30,26,0.039930522441864014,0,0,3,3,5,5,5,5,1,1,1,1
7,30,32,0.0001509560679551214,0,0,3,4,5,2,5,2,1,1,1,1
7,30,34,0.007237445563077927,0,0,3,4,5,4,5,4,1,1,1,1
7,30,35,0.012906369753181934,0,0,3,4,5,5,5,5,1,1,1,1
7,30,38,6.159058898447256e-07,0,0,3,5,5,3,5,3,1,2,1,2
7,30,45,0.00020456132187973708,0,1,3,6,5,5,5,5,1,1,1,5
7,30,46,0.002329705050215125,0,2,3,7,5,0,5,0,1,0,1,4
7,31,0,0.012737137265503407,0,0,4,1,1,0,1,0,1,2,1,4
7,31,2,0.0007588854641653597,0,0,4,3,1,1,1,1,1,1,1,1
7,31,4,0.0003838806296698749,0,0,4,3,1,1,1,1,1,1,1,1
7,31,5,0.00194374134298414,0,0,4,3,1,1,1,1,1,1,1,1
7,31,6,0.0007117161876522005,0,0,4,3,1,1,1,1,1,1,1,1
7,31,8,0.0007539893267676234,0,0,4,3,1,2,1,2,1,1,1,1
7,31,9,0.00036226611700840294,0,0,4,3,1,2,1,2,1,1,1,1
7,31,10,0.0016726378817111254,0,0,4,3,1,2,1,2,1,1,1,1
7,31,11,0.0006166206439957023,0,0,4,3,1,2,1,2,1,1,1,1
7,31,12,0.0001879634364740923,0,0,4,3,1,2,1,2,1,1,1,1
7,31,14,0.003233448602259159,0,0,4,3,1,3,1,3,1,1,1,1
7,31,18,0.0022424233611673117,0,0,4,3,1,3,1,3,1,1,1,1
7,31,19,0.003222575644031167,0,0,4,3,1,4,1,4,1,1,1,1
7,31,21,0.007849304936826229,0,0,4,3,1,4,1,4,1,1,1,1
7,31,22,0.0020224677864462137,0,0,4,3,1,4,1,4,1,1,1,1
7,31,23,0.0064638233743608,0,0,4,3,1,4,1,4,1,1,1,1
7,31,24,0.007116695865988731,0,0,4,3,1,4,1,4,1,1,1,1
7,31,26,0.21712884306907654,0,0,4,3,1,5,1,5,1,1,1,1
7,31,32,0.00041748443618416786,0,0,4,4,1,2,1,2,1,1,1,1
7,31,34,0.02784358337521553,0,0,4,4,1,4,1,4,1,1,1,1
7,31,35,0.6418476104736328,0,0,4,4,1,5,1,5,1,1,1,1
7,31,38,0.000334561918862164,0,0,4,5,1,3,1,3,1,2,1,2
7,31,45,0.05819503217935562,0,1,4,6,1,5,1,5,1,1,1,5
7,31,46,0.001953463302925229,0,2,4,7,1,0,1,0,1,0,1,4
7,33,0,0.020343858748674393,0,0,4,1,3,0,3,0,1,2,1,4
7,33,2,0.0010110919829457998,0,0,4,3,3,1,3,1,1,1,1,1
7,33,4,0.0001708041236270219,0,0,4,3,3,1,3,1,1,1,1,1
7,33,5,0.0034126718528568745,0,0,4,3,3,1,3,1,1,1,1,1
7,33,6,0.0004908473929390311,0,0,4,3,3,1,3,1,1,1,1,1
7,33,8,0.00025797856505960226,0,0,4,3,3,2,3,2,1,1,1,1
7,33,9,2.079087971651461e-05,0,0,4,3,3,2,3,2,1,1,1,1
7,33,10,0.000265470240265131,0,0,4,3,3,2,3,2,1,1,1,1
7,33,11,9.366952872369438e-05,0,0,4,3,3,2,3,2,1,1,1,1
7,33,12,1.4598252164432779e-05,0,0,4,3,3,2,3,2,1,1,1,1
7,33,14,0.0008456336800009012,0,0,4,3,3,3,3,3,1,1,1,1
7,33,18,0.000556505867280066,0,0,4,3,3,3,3,3,1,1,1,1
7,33,19,0.0002443536068312824,0,0,4,3,3,4,3,4,1,1,1,1
7,33,21,0.0008994688396342099,0,0,4,3,3,4,3,4,1,1,1,1
7,33,22,0.00019949932175222784,0,0,4,3,3,4,3,4,1,1,1,1
7,33,23,0.0006472634267993271,0,0,4,3,3,4,3,4,1,1,1,1
7,33,24,0.0006832278450019658,0,0,4,3,3,4,3,4,1,1,1,1
7,33,26,0.1426548808813095,0,0,4,3,3,5,3,5,1,1,1,1
7,33,32,6.842777656856924e-05,0,0,4,4,3,2,3,2,1,1,1,1
7,33,34,0.005273787770420313,0,0,4,4,3,4,3,4,1,1,1,1
7,33,35,0.8116133809089661,0,0,4,4,3,5,3,5,1,1,1,1
7,33,38,2.3409549612551928e-05,0,0,4,5,3,3,3,3,1,2,1,2
7,33,45,0.008851688355207443,0,1,4,6,3,5,3,5,1,1,1,5
7,33,46,0.001356337801553309,0,2,4,7,3,0,3,0,1,0,1,4
7,36,0,0.97679203748703,0,0,5,1,1,0,1,0,2,2,2,4
7,36,2,6.705525379402388e-08,0,0,5,3,1,1,1,1,2,1,2,1
7,36,4,8.79942252396404e-09,0,0,5,3,1,1,1,1,2,1,2,1
7,36,5,3.058315556359048e-08,0,0,5,3,1,1,1,1,2,1,2,1
7,36,6,1.20507417378235e-08,0,0,5,3,1,1,1,1,2,1,2,1
7,36,8,9.297012866227305e-07,0,0,5,3,1,2,1,2,2,1,2,1
7,36,9,3.508283441533422e-07,0,0,5,3,1,2,1,2,2,1,2,1
7,36,10,2.710318767640274e-06,0,0,5,3,1,2,1,2,2,1,2,1
7,36,11,3.4290237636014353e-06,0,0,5,3,1,2,1,2,2,1,2,1
7,36,12,5.405931347013393e-07,0,0,5,3,1,2,1,2,2,1,2,1
7,36,14,6.523697493321379e-07,0,0,5,3,1,3,1,3,2,1,2,1
7,36,18,8.168522981577553e-06,0,0,5,3,1,3,1,3,2,1,2,1
7,36,19,4.475094465306029e-05,0,0,5,3,1,4,1,4,2,1,2,1
7,36,21,2.5396579076186754e-05,0,0,5,3,1,4,1,4,2,1,2,1
7,36,22,2.1597415980068035e-05,0,0,5,3,1,4,1,4,2,1,2,1
7,36,23,1.6798454453237355e-05,0,0,5,3,1,4,1,4,2,1,2,1
7,36,24,9.795858932193369e-05,0,0,5,3,1,4,1,4,2,1,2,1
7,36,26,2.0642888557631522e-05,0,0,5,3,1,5,1,5,2,1,2,1
7,36,32,2.9442097002174705e-05,0,0,5,4,1,2,1,2,2,1,2,1
7,36,34,0.00128095131367445,0,0,5,4,1,4,1,4,2,1,2,1
7,36,35,0.010417534969747066,0,0,5,4,1,5,1,5,2,1,2,1
7,36,38,0.001410317257978022,0,0,5,5,1,3,1,3,2,2,2,2
7,36,45,0.004121288191527128,0,1,5,6,1,5,1,5,2,1,2,5
7,36,46,0.005704467184841633,0,2,5,7,1,0,1,0,2,0,2,4
7,37,0,0.9877399802207947,0,0,5,1,2,0,2,0,2,2,2,4
7,37,2,4.411276677274145e-07,0,0,5,3,2,1,2,1,2,1,2,1
7,37,4,6.462899904136066e-08,0,0,5,3,2,1,2,1,2,1,2,1
7,37,5,2.778729992769513e-07,0,0,5,3,2,1,2,1,2,1,2,1
7,37,6,6.658603268760999e-08,0,0,5,3,2,1,2,1,2,1,2,1
7,37,8,1.1823917702713516e-05,0,0,5,3,2,2,2,2,2,1,2,1
7,37,9,2.545703523537668e-07,0,0,5,3,2,2,2,2,2,1,2,1
7,37,10,4.4082917156629264e-06,0,0,5,3,2,2,2,2,2,1,2,1
7,37,11,4.660897047870094e-06,0,0,5,3,2,2,2,2,2,1,2,1
7,37,12,6.852479600638617e-06,0,0,5,3,2,2,2,2,2,1,2,1
7,37,14,5.000957798984018e-07,0,0,5,3,2,3,2,3,2,1,2,1
7,37,18,1.001430609903764e-05,0,0,5,3,2,3,2,3,2,1,2,1
7,37,19,6.012535232002847e-05,0,0,5,3,2,4,2,4,2,1,2,1
7,37,21,5.848332148161717e-05,0,0,5,3,2,4,2,4,2,1,2,1
7,37,22,0.00010718533303588629,0,0,5,3,2,4,2,4,2,1,2,1
7,37,23,3.4056844015140086e-05,0,0,5,3,2,4,2,4,2,1,2,1
7,37,24,6.050223237252794e-05,0,0,5,3,2,4,2,4,2,1,2,1
7,37,26,3.666096745291725e-05,0,0,5,3,2,5,2,5,2,1,2,1
7,37,32,9.256567136617377e-05,0,0,5,4,2,2,2,2,2,1,2,1
7,37,34,0.0006408378249034286,0,0,5,4,2,4,2,4,2,1,2,1
7,37,35,0.00240719853900373,0,0,5,4,2,5,2,5,2,1,2,1
7,37,38,0.0006765374564565718,0,0,5,5,2,3,2,3,2,2,2,2
7,37,45,4.0374157833866775e-05,0,1,5,6,2,5,2,5,2,1,2,5
7,37,46,0.00800570659339428,0,2,5,7,2,0,2,0,2,0,2,4
7,39,0,0.05582467466592789,0,0,5,1,4,0,4,0,2,2,2,4
7,39,2,0.010236351750791073,0,0,5,3,4,1,4,1,2,1,2,1
7,39,4,0.004035728983581066,0,0,5,3,4,1,4,1,2,1,2,1
7,39,5,0.005041467025876045,0,0,5,3,4,1,4,1,2,1,2,1
7,39,6,0.0035094590857625008,0,0,5,3,4,1,4,1,2,1,2,1
7,39,8,0.10980859398841858,0,0,5,3,4,2,4,2,2,1,2,1
7,39,9,0.055691830813884735,0,0,5,3,4,2,4,2,2,1,2,1
7,39,10,0.10766243934631348,0,0,5,3,4,2,4,2,2,1,2,1
7,39,11,0.17344345152378082,0,0,5,3,4,2,4,2,2,1,2,1
7,39,12,0.07491942495107651,0,0,5,3,4,2,4,2,2,1,2,1
7,39,14,0.013668242841959,0,0,5,3,4,3,4,3,2,1,2,1
7,39,18,0.03285076469182968,0,0,5,3,4,3,4,3,2,1,2,1
7,39,19,0.013287178240716457,0,0,5,3,4,4,4,4,2,1,2,1
7,39,21,0.018254095688462257,0,0,5,3,4,4,4,4,2,1,2,1
7,39,22,0.03342604264616966,0,0,5,3,4,4,4,4,2,1,2,1
7,39,23,0.02780785784125328,0,0,5,3,4,4,4,4,2,1,2,1
7,39,24,0.013260913081467152,0,0,5,3,4,4,4,4,2,1,2,1
7,39,26,0.01926797814667225,0,0,5,3,4,5,4,5,2,1,2,1
7,39,32,0.08661632239818573,0,0,5,4,4,2,4,2,2,1,2,1
7,39,34,0.01937240920960903,0,0,5,4,4,4,4,4,2,1,2,1
7,39,35,0.0711384043097496,0,0,5,4,4,5,4,5,2,1,2,1
7,39,38,0.025645554065704346,0,0,5,5,4,3,4,3,2,2,2,2
7,39,45,0.015745559707283974,0,1,5,6,4,5,4,5,2,1,2,5
7,39,46,0.009485258720815182,0,2,5,7,4,0,4,0,2,0,2,4
7,40,0,0.045408945530653,0,0,5,1,5,0,5,0,2,2,2,4
7,40,2,0.02330910414457321,0,0,5,3,5,1,5,1,2,1,2,1
7,40,4,0.007410360965877771,0,0,5,3,5,1,5,1,2,1,2,1
7,40,5,0.02157239243388176,0,0,5,3,5,1,5,1,2,1,2,1
7,40,6,0.017083821818232536,0,0,5,3,5,1,5,1,2,1,2,1
7,40,8,0.012570303864777088,0,0,5,3,5,2,5,2,2,1,2,1
7,40,9,0.007454430218786001,0,0,5,3,5,2,5,2,2,1,2,1
7,40,10,0.006112630013376474,0,0,5,3,5,2,5,2,2,1,2,1
7,40,11,0.002808141754940152,0,0,5,3,5,2,5,2,2,1,2,1
7,40,12,0.008431656286120415,0,0,5,3,5,2,5,2,2,1,2,1
7,40,14,0.004203690215945244,0,0,5,3,5,3,5,3,2,1,2,1
7,40,18,0.012042423710227013,0,0,5,3,5,3,5,3,2,1,2,1
7,40,19,0.04331878200173378,0,0,5,3,5,4,5,4,2,1,2,1
7,40,21,0.09824030101299286,0,0,5,3,5,4,5,4,2,1,2,1
7,40,22,0.09340265393257141,0,0,5,3,5,4,5,4,2,1,2,1
7,40,23,0.03395441174507141,0,0,5,3,5,4,5,4,2,1,2,1
7,40,24,0.053676582872867584,0,0,5,3,5,4,5,4,2,1,2,1
7,40,26,0.027960434556007385,0,0,5,3,5,5,5,5,2,1,2,1
7,40,32,0.02576620504260063,0,0,5,4,5,2,5,2,2,1,2,1
7,40,34,0.0996604636311531,0,0,5,4,5,4,5,4,2,1,2,1
7,40,35,0.20242398977279663,0,0,5,4,5,5,5,5,2,1,2,1
7,40,38,0.0015797216910868883,0,0,5,5,5,3,5,3,2,2,2,2
7,40,45,0.1082363873720169,0,1,5,6,5,5,5,5,2,1,2,5
7,40,46,0.043372128158807755,0,2,5,7,5,0,5,0,2,0,2,4
7,41,0,0.9616499543190002,1,0,6,1,1,0,1,0,1,2,5,4
7,41,2,1.1955086165471585e-06,1,0,6,3,1,1,1,1,1,1,5,1
7,41,4,4.847375976169133e-07,1,0,6,3,1,1,1,1,1,1,5,1
7,41,5,5.34311539013288e-07,1,0,6,3,1,1,1,1,1,1,5,1
7,41,6,6.176442752803268e-07,1,0,6,3,1,1,1,1,1,1,5,1
7,41,8,1.9408254956942983e-05,1,0,6,3,1,2,1,2,1,1,5,1
7,41,9,6.950112947379239e-06,1,0,6,3,1,2,1,2,1,1,5,1
7,41,10,6.118492456153035e-05,1,0,6,3,1,2,1,2,1,1,5,1
7,41,11,3.528630986693315e-05,1,0,6,3,1,2,1,2,1,1,5,1
7,41,12,7.618783911311766e-06,1,0,6,3,1,2,1,2,1,1,5,1
7,41,14,1.6320607755915262e-05,1,0,6,3,1,3,1,3,1,1,5,1
7,41,18,6.451252556871623e-05,1,0,6,3,1,3,1,3,1,1,5,1
7,41,19,0.00015329435700550675,1,0,6,3,1,4,1,4,1,1,5,1
7,41,21,7.555483898613602e-05,1,0,6,3,1,4,1,4,1,1,5,1
7,41,22,7.539726357208565e-05,1,0,6,3,1,4,1,4,1,1,5,1
7,41,23,7.652262138435617e-05,1,0,6,3,1,4,1,4,1,1,5,1
7,41,24,0.0005437901709228754,1,0,6,3,1,4,1,4,1,1,5,1
7,41,26,0.00038924708496779203,1,0,6,3,1,5,1,5,1,1,5,1
7,41,32,1.581026299390942e-05,1,0,6,4,1,2,1,2,1,1,5,1
7,41,34,0.00038895022589713335,1,0,6,4,1,4,1,4,1,1,5,1
7,41,35,0.008132888935506344,1,0,6,4,1,5,1,5,1,1,5,1
7,41,38,0.004783233627676964,1,0,6,5,1,3,1,3,1,2,5,2
7,41,45,0.01966700702905655,1,1,6,6,1,5,1,5,1,1,5,5
7,41,46,0.0038339467719197273,1,2,6,7,1,0,1,0,1,0,5,4
7,42,0,0.9868039488792419,1,0,6,1,2,0,2,0,1,2,5,4
7,42,2,1.1102835060228244e-06,1,0,6,3,2,1,2,1,1,1,5,1
7,42,4,4.663019694817194e-07,1,0,6,3,2,1,2,1,1,1,5,1
7,42,5,5.774363103228097e-07,1,0,6,3,2,1,2,1,1,1,5,1
7,42,6,3.617232664510084e-07,1,0,6,3,2,1,2,1,1,1,5,1
7,42,8,1.7490405298303813e-05,1,0,6,3,2,2,2,2,1,1,5,1
7,42,9,1.2509507314462098e-06,1,0,6,3,2,2,2,2,1,1,5,1
7,42,10,1.3554254110204056e-05,1,0,6,3,2,2,2,2,1,1,5,1
7,42,11,3.280569944763556e-05,1,0,6,3,2,2,2,2,1,1,5,1
7,42,12,1.5002265172370244e-05,1,0,6,3,2,2,2,2,1,1,5,1
7,42,14,1.1360863027221058e-05,1,0,6,3,2,3,2,3,1,1,5,1
7,42,18,3.293872578069568e-05,1,0,6,3,2,3,2,3,1,1,5,1
7,42,19,3.6978726711822674e-05,1,0,6,3,2,4,2,4,1,1,5,1
7,42,21,1.3360953744268045e-05,1,0,6,3,2,4,2,4,1,1,5,1
7,42,22,3.089683741563931e-05,1,0,6,3,2,4,2,4,1,1,5,1
7,42,23,3.438625208218582e-05,1,0,6,3,2,4,2,4,1,1,5,1
7,42,24,7.182863191701472e-05,1,0,6,3,2,4,2,4,1,1,5,1
7,42,26,4.5018216042080894e-05,1,0,6,3,2,5,2,5,1,1,5,1
7,42,32,3.0477696782327257e-05,1,0,6,4,2,2,2,2,1,1,5,1
7,42,34,0.0001905451063066721,1,0,6,4,2,4,2,4,1,1,5,1
7,42,35,0.001111361081711948,1,0,6,4,2,5,2,5,1,1,5,1
7,42,38,0.006524252239614725,1,0,6,5,2,3,2,3,1,2,5,2
7,42,45,8.822936069918796e-05,1,1,6,6,2,5,2,5,1,1,5,5
7,42,46,0.004891738761216402,1,2,6,7,2,0,2,0,1,0,5,4
7,43,0,0.9238971471786499,1,0,6,1,3,0,3,0,1,2,5,4
7,43,2,8.76334343047347e-06,1,0,6,3,3,1,3,1,1,1,5,1
7,43,4,1.8109221855411306e-06,1,0,6,3,3,1,3,1,1,1,5,1
7,43,5,7.934487257443834e-06,1,0,6,3,3,1,3,1,1,1,5,1
7,43,6,2.434214593449724e-06,1,0,6,3,3,1,3,1,1,1,5,1
7,43,8,3.5403201763983816e-05,1,0,6,3,3,2,3,2,1,1,5,1
7,43,9,3.768224360101158e-06,1,0,6,3,3,2,3,2,1,1,5,1
7,43,10,5.0317743443883955e-05,1,0,6,3,3,2,3,2,1,1,5,1
7,43,11,2.9702157917199656e-05,1,0,6,3,3,2,3,2,1,1,5,1
7,43,12,4.427246494742576e-06,1,0,6,3,3,2,3,2,1,1,5,1
7,43,14,1.5569530660286546e-05,1,0,6,3,3,3,3,3,1,1,5,1
7,43,18,7.892167923273519e-05,1,0,6,3,3,3,3,3,1,1,5,1
7,43,19,5.1786588301183656e-05,1,0,6,3,3,4,3,4,1,1,5,1
7,43,21,5.8821893617277965e-05,1,0,6,3,3,4,3,4,1,1,5,1
7,43,22,2.6958687158185057e-05,1,0,6,3,3,4,3,4,1,1,5,1
7,43,23,7.314228423638269e-05,1,0,6,3,3,4,3,4,1,1,5,1
7,43,24,0.0003039988805539906,1,0,6,3,3,4,3,4,1,1,5,1
7,43,26,0.0019543664529919624,1,0,6,3,3,5,3,5,1,1,5,1
7,43,32,3.094205021625385e-05,1,0,6,4,3,2,3,2,1,1,5,1
7,43,34,0.0006388940964825451,1,0,6,4,3,4,3,4,1,1,5,1
7,43,35,0.039626091718673706,1,0,6,4,3,5,3,5,1,1,5,1
7,43,38,0.0008332963334396482,1,0,6,5,3,3,3,3,1,2,5,2
7,43,45,0.020466912537813187,1,1,6,6,3,5,3,5,1,1,5,5
7,43,46,0.011798099614679813,1,2,6,7,3,0,3,0,1,0,5,4
7,44,0,0.8871498703956604,1,0,6,1,4,0,4,0,1,2,5,4
7,44,2,0.0009840488201007247,1,0,6,3,4,1,4,1,1,1,5,1
7,44,4,0.00024962963652797043,1,0,6,3,4,1,4,1,1,1,5,1
7,44,5,0.0006491385865956545,1,0,6,3,4,1,4,1,1,1,5,1
7,44,6,0.0002991787623614073,1,0,6,3,4,1,4,1,1,1,5,1
7,44,8,0.007392915431410074,1,0,6,3,4,2,4,2,1,1,5,1
7,44,9,0.0007412097766064107,1,0,6,3,4,2,4,2,1,1,5,1
7,44,10,0.006553797982633114,1,0,6,3,4,2,4,2,1,1,5,1
7,44,11,0.014630207791924477,1,0,6,3,4,2,4,2,1,1,5,1
7,44,12,0.001108408672735095,1,0,6,3,4,2,4,2,1,1,5,1
7,44,14,0.005777353886514902,1,0,6,3,4,3,4,3,1,1,5,1
7,44,18,0.003418572247028351,1,0,6,3,4,3,4,3,1,1,5,1
7,44,19,0.0003416669787839055,1,0,6,3,4,4,4,4,1,1,5,1
7,44,21,0.0003929718513973057,1,0,6,3,4,4,4,4,1,1,5,1
7,44,22,0.00021285093680489808,1,0,6,3,4,4,4,4,1,1,5,1
7,44,23,0.0008252599509432912,1,0,6,3,4,4,4,4,1,1,5,1
7,44,24,0.0008994067902676761,1,0,6,3,4,4,4,4,1,1,5,1
7,44,26,0.00514353858307004,1,0,6,3,4,5,4,5,1,1,5,1
7,44,32,0.0014475520001724362,1,0,6,4,4,2,4,2,1,1,5,1
7,44,34,0.0009042420424520969,1,0,6,4,4,4,4,4,1,1,5,1
7,44,35,0.02174971252679825,1,0,6,4,4,5,4,5,1,1,5,1
7,44,38,0.020897675305604935,1,0,6,5,4,3,4,3,1,2,5,2
7,44,45,0.0077198948711156845,1,1,6,6,4,5,4,5,1,1,5,5
7,44,46,0.01051096711307764,1,2,6,7,4,0,4,0,1,0,5,4
