coupling_layer,target_coord,fixed_coord,mean_attention,target_latent_type,fixed_latent_type,target_parameter_type,fixed_parameter_type,target_group,fixed_group,target_unit,fixed_unit,target_layer,fixed_layer,target_side,fixed_side
0,3,0,0.0004245628952048719,0,0,3,1,1,0,1,0,1,2,1,4
0,3,1,0.0025037506129592657,0,0,3,3,1,1,1,1,1,1,1,1
0,3,2,0.0009409046033397317,0,0,3,3,1,1,1,1,1,1,1,1
0,3,6,0.0003515802673064172,0,0,3,3,1,1,1,1,1,1,1,1
0,3,9,0.024957874789834023,0,0,3,3,1,2,1,2,1,1,1,1
0,3,10,0.028844835236668587,0,0,3,3,1,2,1,2,1,1,1,1
0,3,13,0.000981747405603528,0,0,3,3,1,3,1,3,1,1,1,1
0,3,15,0.0018632079008966684,0,0,3,3,1,3,1,3,1,1,1,1
0,3,18,0.00026142242131754756,0,0,3,3,1,3,1,3,1,1,1,1
0,3,24,0.0022041923366487026,0,0,3,3,1,4,1,4,1,1,1,1
0,3,25,0.08221382647752762,0,0,3,3,1,5,1,5,1,1,1,1
0,3,26,0.1390046328306198,0,0,3,3,1,5,1,5,1,1,1,1
0,3,30,0.038115087896585464,0,0,3,3,1,5,1,5,1,1,1,1
0,3,31,0.00019275580416433513,0,0,3,4,1,1,1,1,1,1,1,1
0,3,35,0.4599059224128723,0,0,3,4,1,5,1,5,1,1,1,1
0,3,37,0.00581603916361928,0,0,3,5,1,2,1,2,1,2,1,2
0,3,38,0.0018108857329934835,0,0,3,5,1,3,1,3,1,2,1,2
0,3,39,0.0011013081530109048,0,0,3,5,1,4,1,4,1,2,1,2
0,3,40,0.10451842099428177,0,0,3,5,1,5,1,5,1,2,1,2
0,3,41,0.0002564063179306686,0,1,3,6,1,1,1,1,1,1,1,5
0,3,42,0.043014563620090485,0,1,3,6,1,2,1,2,1,1,1,5
0,3,43,0.002186086028814316,0,1,3,6,1,3,1,3,1,1,1,5
0,3,44,0.05853036046028137,0,1,3,6,1,4,1,4,1,1,1,5
0,4,0,0.0006142992642708123,0,0,3,1,1,0,1,0,1,2,1,4
0,4,1,0.006556144915521145,0,0,3,3,1,1,1,1,1,1,1,1
0,4,2,0.0020966017618775368,0,0,3,3,1,1,1,1,1,1,1,1
0,4,6,0.0005956829409115016,0,0,3,3,1,1,1,1,1,1,1,1
0,4,9,0.017751039937138557,0,0,3,3,1,2,1,2,1,1,1,1
0,4,10,0.02401784248650074,0,0,3,3,1,2,1,2,1,1,1,1
0,4,13,0.0024277346674352884,0,0,3,3,1,3,1,3,1,1,1,1
0,4,15,0.0025728726759552956,0,0,3,3,1,3,1,3,1,1,1,1
0,4,18,0.00043633385212160647,0,0,3,3,1,3,1,3,1,1,1,1
0,4,24,0.0018694561440497637,0,0,3,3,1,4,1,4,1,1,1,1
0,4,25,0.04922904819250107,0,0,3,3,1,5,1,5,1,1,1,1
0,4,26,0.030489126220345497,0,0,3,3,1,5,1,5,1,1,1,1
0,4,30,0.014471583999693394,0,0,3,3,1,5,1,5,1,1,1,1
0,4,31,0.002080572070553899,0,0,3,4,1,1,1,1,1,1,1,1
0,4,35,0.3203432559967041,0,0,3,4,1,5,1,5,1,1,1,1
0,4,37,0.022952500730752945,0,0,3,5,1,2,1,2,1,2,1,2
0,4,38,0.011029408313333988,0,0,3,5,1,3,1,3,1,2,1,2
0,4,39,0.003964744508266449,0,0,3,5,1,4,1,4,1,2,1,2
0,4,40,0.36865755915641785,0,0,3,5,1,5,1,5,1,2,1,2
0,4,41,0.0007696007960475981,0,1,3,6,1,1,1,1,1,1,1,5
0,4,42,0.05228270962834358,0,1,3,6,1,2,1,2,1,1,1,5
0,4,43,0.0027809436433017254,0,1,3,6,1,3,1,3,1,1,1,5
0,4,44,0.0620112419128418,0,1,3,6,1,4,1,4,1,1,1,5
0,5,0,0.0009217739570885897,0,0,3,1,1,0,1,0,1,2,1,4
0,5,1,0.005099960137158632,0,0,3,3,1,1,1,1,1,1,1,1
0,5,2,0.0025015592109411955,0,0,3,3,1,1,1,1,1,1,1,1
0,5,6,0.0011566316243261099,0,0,3,3,1,1,1,1,1,1,1,1
0,5,9,0.02830430306494236,0,0,3,3,1,2,1,2,1,1,1,1
0,5,10,0.021859217435121536,0,0,3,3,1,2,1,2,1,1,1,1
0,5,13,0.0005986804608255625,0,0,3,3,1,3,1,3,1,1,1,1
0,5,15,0.000208190584089607,0,0,3,3,1,3,1,3,1,1,1,1
0,5,18,5.2529459935612977e-05,0,0,3,3,1,3,1,3,1,1,1,1
0,5,24,0.0005346768884919584,0,0,3,3,1,4,1,4,1,1,1,1
0,5,25,0.006485728081315756,0,0,3,3,1,5,1,5,1,1,1,1
0,5,26,0.007842306047677994,0,0,3,3,1,5,1,5,1,1,1,1
0,5,30,0.004893075209110975,0,0,3,3,1,5,1,5,1,1,1,1
0,5,31,0.0018708930583670735,0,0,3,4,1,1,1,1,1,1,1,1
0,5,35,0.043139975517988205,0,0,3,4,1,5,1,5,1,1,1,1
0,5,37,0.02456601709127426,0,0,3,5,1,2,1,2,1,2,1,2
0,5,38,0.0013404585188254714,0,0,3,5,1,3,1,3,1,2,1,2
0,5,39,0.005087662488222122,0,0,3,5,1,4,1,4,1,2,1,2
0,5,40,0.16133180260658264,0,0,3,5,1,5,1,5,1,2,1,2
0,5,41,0.009239884093403816,0,1,3,6,1,1,1,1,1,1,1,5
0,5,42,0.4988025724887848,0,1,3,6,1,2,1,2,1,1,1,5
0,5,43,0.004366207402199507,0,1,3,6,1,3,1,3,1,1,1,5
0,5,44,0.16979588568210602,0,1,3,6,1,4,1,4,1,1,1,5
0,7,0,0.01580636389553547,0,0,3,1,2,0,2,0,1,2,1,4
0,7,1,0.01101910974830389,0,0,3,3,2,1,2,1,1,1,1,1
0,7,2,0.004876375198364258,0,0,3,3,2,1,2,1,1,1,1,1
0,7,6,0.005753238219767809,0,0,3,3,2,1,2,1,1,1,1,1
0,7,9,0.0009833098156377673,0,0,3,3,2,2,2,2,1,1,1,1
0,7,10,0.002777785761281848,0,0,3,3,2,2,2,2,1,1,1,1
0,7,13,0.0020857935305684805,0,0,3,3,2,3,2,3,1,1,1,1
0,7,15,0.0011092080967500806,0,0,3,3,2,3,2,3,1,1,1,1
0,7,18,0.00023345838417299092,0,0,3,3,2,3,2,3,1,1,1,1
0,7,24,0.0037484150379896164,0,0,3,3,2,4,2,4,1,1,1,1
0,7,25,0.003243125043809414,0,0,3,3,2,5,2,5,1,1,1,1
0,7,26,0.014948483556509018,0,0,3,3,2,5,2,5,1,1,1,1
0,7,30,0.0020046092104166746,0,0,3,3,2,5,2,5,1,1,1,1
0,7,31,0.004181127995252609,0,0,3,4,2,1,2,1,1,1,1,1
0,7,35,0.023874765262007713,0,0,3,4,2,5,2,5,1,1,1,1
0,7,37,0.05272695794701576,0,0,3,5,2,2,2,2,1,2,1,2
0,7,38,0.06478752940893173,0,0,3,5,2,3,2,3,1,2,1,2
0,7,39,0.21454764902591705,0,0,3,5,2,4,2,4,1,2,1,2
0,7,40,0.3629104793071747,0,0,3,5,2,5,2,5,1,2,1,2
0,7,41,0.002976606599986553,0,1,3,6,2,1,2,1,1,1,1,5
0,7,42,0.007646788842976093,0,1,3,6,2,2,2,2,1,1,1,5
0,7,43,0.005530429072678089,0,1,3,6,2,3,2,3,1,1,1,5
0,7,44,0.1922284960746765,0,1,3,6,2,4,2,4,1,1,1,5
0,8,0,0.012611999176442623,0,0,3,1,2,0,2,0,1,2,1,4
0,8,1,0.0009308398002758622,0,0,3,3,2,1,2,1,1,1,1,1
0,8,2,0.0004010436241514981,0,0,3,3,2,1,2,1,1,1,1,1
0,8,6,0.0005922977579757571,0,0,3,3,2,1,2,1,1,1,1,1
0,8,9,0.004062800668179989,0,0,3,3,2,2,2,2,1,1,1,1
0,8,10,0.006918732542544603,0,0,3,3,2,2,2,2,1,1,1,1
0,8,13,0.0001639712427277118,0,0,3,3,2,3,2,3,1,1,1,1
0,8,15,0.0001009760017041117,0,0,3,3,2,3,2,3,1,1,1,1
0,8,18,4.7231460484908894e-05,0,0,3,3,2,3,2,3,1,1,1,1
0,8,24,0.0006720006349496543,0,0,3,3,2,4,2,4,1,1,1,1
0,8,25,0.002201326657086611,0,0,3,3,2,5,2,5,1,1,1,1
0,8,26,0.01632418856024742,0,0,3,3,2,5,2,5,1,1,1,1
0,8,30,0.002212711377069354,0,0,3,3,2,5,2,5,1,1,1,1
0,8,31,0.00017163703159894794,0,0,3,4,2,1,2,1,1,1,1,1
0,8,35,0.016546189785003662,0,0,3,4,2,5,2,5,1,1,1,1
0,8,37,0.12307684123516083,0,0,3,5,2,2,2,2,1,2,1,2
0,8,38,0.013759198598563671,0,0,3,5,2,3,2,3,1,2,1,2
0,8,39,0.0860462561249733,0,0,3,5,2,4,2,4,1,2,1,2
0,8,40,0.5811512470245361,0,0,3,5,2,5,2,5,1,2,1,2
0,8,41,0.0003479364968370646,0,1,3,6,2,1,2,1,1,1,1,5
0,8,42,0.013044917024672031,0,1,3,6,2,2,2,2,1,1,1,5
0,8,43,0.0008765438105911016,0,1,3,6,2,3,2,3,1,1,1,5
0,8,44,0.11773887276649475,0,1,3,6,2,4,2,4,1,1,1,5
0,11,0,0.008642666041851044,0,0,3,1,2,0,2,0,1,2,1,4
0,11,1,0.0033088340424001217,0,0,3,3,2,1,2,1,1,1,1,1
0,11,2,0.0013128055725246668,0,0,3,3,2,1,2,1,1,1,1,1
0,11,6,0.000950021087191999,0,0,3,3,2,1,2,1,1,1,1,1
0,11,9,0.0008186417981050909,0,0,3,3,2,2,2,2,1,1,1,1
0,11,10,0.0018852291395887733,0,0,3,3,2,2,2,2,1,1,1,1
0,11,13,0.0002150754298781976,0,0,3,3,2,3,2,3,1,1,1,1
0,11,15,0.00014562869910150766,0,0,3,3,2,3,2,3,1,1,1,1
0,11,18,3.628646663855761e-05,0,0,3,3,2,3,2,3,1,1,1,1
0,11,24,0.0008169058710336685,0,0,3,3,2,4,2,4,1,1,1,1
0,11,25,0.0013473855797201395,0,0,3,3,2,5,2,5,1,1,1,1
0,11,26,0.011509605683386326,0,0,3,3,2,5,2,5,1,1,1,1
0,11,30,0.001080363872461021,0,0,3,3,2,5,2,5,1,1,1,1
0,11,31,0.0005774472374469042,0,0,3,4,2,1,2,1,1,1,1,1
0,11,35,0.017194589599967003,0,0,3,4,2,5,2,5,1,1,1,1
0,11,37,0.04894948750734329,0,0,3,5,2,2,2,2,1,2,1,2
0,11,38,0.01955205760896206,0,0,3,5,2,3,2,3,1,2,1,2
0,11,39,0.09274621307849884,0,0,3,5,2,4,2,4,1,2,1,2
0,11,40,0.5156480073928833,0,0,3,5,2,5,2,5,1,2,1,2
0,11,41,0.0009540459141135216,0,1,3,6,2,1,2,1,1,1,1,5
0,11,42,0.014709281735122204,0,1,3,6,2,2,2,2,1,1,1,5
0,11,43,0.002265775576233864,0,1,3,6,2,3,2,3,1,1,1,5
0,11,44,0.2553332448005676,0,1,3,6,2,4,2,4,1,1,1,5
0,12,0,0.029760805889964104,0,0,3,1,2,0,2,0,1,2,1,4
0,12,1,0.0033313315361738205,0,0,3,3,2,1,2,1,1,1,1,1
0,12,2,0.0013662398559972644,0,0,3,3,2,1,2,1,1,1,1,1
0,12,6,0.0016407176153734326,0,0,3,3,2,1,2,1,1,1,1,1
0,12,9,0.0015942467143759131,0,0,3,3,2,2,2,2,1,1,1,1
0,12,10,0.0026408652774989605,0,0,3,3,2,2,2,2,1,1,1,1
0,12,13,0.0002251457772217691,0,0,3,3,2,3,2,3,1,1,1,1
0,12,15,0.00020546057203318924,0,0,3,3,2,3,2,3,1,1,1,1
0,12,18,3.2214080420089886e-05,0,0,3,3,2,3,2,3,1,1,1,1
0,12,24,0.0013529378920793533,0,0,3,3,2,4,2,4,1,1,1,1
0,12,25,0.0011690874816849828,0,0,3,3,2,5,2,5,1,1,1,1
0,12,26,0.012815938331186771,0,0,3,3,2,5,2,5,1,1,1,1
0,12,30,0.0011613050010055304,0,0,3,3,2,5,2,5,1,1,1,1
0,12,31,0.0010970463044941425,0,0,3,4,2,1,2,1,1,1,1,1
0,12,35,0.015603895299136639,0,0,3,4,2,5,2,5,1,1,1,1
0,12,37,0.08342625945806503,0,0,3,5,2,2,2,2,1,2,1,2
0,12,38,0.01883552595973015,0,0,3,5,2,3,2,3,1,2,1,2
0,12,39,0.16668707132339478,0,0,3,5,2,4,2,4,1,2,1,2
0,12,40,0.43440675735473633,0,0,3,5,2,5,2,5,1,2,1,2
0,12,41,0.002956609707325697,0,1,3,6,2,1,2,1,1,1,1,5
0,12,42,0.012834922410547733,0,1,3,6,2,2,2,2,1,1,1,5
0,12,43,0.003603280521929264,0,1,3,6,2,3,2,3,1,1,1,5
0,12,44,0.2032521814107895,0,1,3,6,2,4,2,4,1,1,1,5
0,14,0,0.0003843520244117826,0,0,3,1,3,0,3,0,1,2,1,4
0,14,1,0.000645794440060854,0,0,3,3,3,1,3,1,1,1,1,1
0,14,2,0.0003815345116890967,0,0,3,3,3,1,3,1,1,1,1,1
0,14,6,0.00019448756938800216,0,0,3,3,3,1,3,1,1,1,1,1
0,14,9,0.011440375819802284,0,0,3,3,3,2,3,2,1,1,1,1
0,14,10,0.00441961083561182,0,0,3,3,3,2,3,2,1,1,1,1
0,14,13,9.695165499579161e-05,0,0,3,3,3,3,3,3,1,1,1,1
0,14,15,1.9336179320816882e-05,0,0,3,3,3,3,3,3,1,1,1,1
0,14,18,8.822716154099908e-06,0,0,3,3,3,3,3,3,1,1,1,1
0,14,24,0.00013214109640102834,0,0,3,3,3,4,3,4,1,1,1,1
0,14,25,0.00016788870561867952,0,0,3,3,3,5,3,5,1,1,1,1
0,14,26,0.0003826686879619956,0,0,3,3,3,5,3,5,1,1,1,1
0,14,30,0.00022365858603734523,0,0,3,3,3,5,3,5,1,1,1,1
0,14,31,0.00019370675727259368,0,0,3,4,3,1,3,1,1,1,1,1
0,14,35,0.0014416951453313231,0,0,3,4,3,5,3,5,1,1,1,1
0,14,37,0.040974605828523636,0,0,3,5,3,2,3,2,1,2,1,2
0,14,38,0.0010823660995811224,0,0,3,5,3,3,3,3,1,2,1,2
0,14,39,0.005613596178591251,0,0,3,5,3,4,3,4,1,2,1,2
0,14,40,0.042308833450078964,0,0,3,5,3,5,3,5,1,2,1,2
0,14,41,0.006471255328506231,0,1,3,6,3,1,3,1,1,1,1,5
0,14,42,0.8231530785560608,0,1,3,6,3,2,3,2,1,1,1,5
0,14,43,0.0038711102679371834,0,1,3,6,3,3,3,3,1,1,1,5
0,14,44,0.05639301985502243,0,1,3,6,3,4,3,4,1,1,1,5
0,16,0,0.0004541327361948788,0,0,3,1,3,0,3,0,1,2,1,4
0,16,1,0.0067292614839971066,0,0,3,3,3,1,3,1,1,1,1,1
0,16,2,0.004403707105666399,0,0,3,3,3,1,3,1,1,1,1,1
0,16,6,0.0016086887335404754,0,0,3,3,3,1,3,1,1,1,1,1
0,16,9,0.026357993483543396,0,0,3,3,3,2,3,2,1,1,1,1
0,16,10,0.02438248135149479,0,0,3,3,3,2,3,2,1,1,1,1
0,16,13,0.00030624266946688294,0,0,3,3,3,3,3,3,1,1,1,1
0,16,15,0.00010123199172085151,0,0,3,3,3,3,3,3,1,1,1,1
0,16,18,0.00011060084943892434,0,0,3,3,3,3,3,3,1,1,1,1
0,16,24,0.0001415950246155262,0,0,3,3,3,4,3,4,1,1,1,1
0,16,25,0.0004469428677111864,0,0,3,3,3,5,3,5,1,1,1,1
0,16,26,0.0007979365182109177,0,0,3,3,3,5,3,5,1,1,1,1
0,16,30,0.0009937490103766322,0,0,3,3,3,5,3,5,1,1,1,1
0,16,31,0.01781279593706131,0,0,3,4,3,1,3,1,1,1,1,1
0,16,35,0.011027899570763111,0,0,3,4,3,5,3,5,1,1,1,1
0,16,37,0.013879440724849701,0,0,3,5,3,2,3,2,1,2,1,2
0,16,38,0.0004714748647529632,0,0,3,5,3,3,3,3,1,2,1,2
0,16,39,0.00047191858175210655,0,0,3,5,3,4,3,4,1,2,1,2
0,16,40,0.014691625721752644,0,0,3,5,3,5,3,5,1,2,1,2
0,16,41,0.015505150891840458,0,1,3,6,3,1,3,1,1,1,1,5
0,16,42,0.8309181928634644,0,1,3,6,3,2,3,2,1,1,1,5
0,16,43,0.0018761437386274338,0,1,3,6,3,3,3,3,1,1,1,5
0,16,44,0.026511000469326973,0,1,3,6,3,4,3,4,1,1,1,5
0,17,0,7.723375892965123e-05,0,0,3,1,3,0,3,0,1,2,1,4
0,17,1,0.0007720811408944428,0,0,3,3,3,1,3,1,1,1,1,1
0,17,2,0.0005148767959326506,0,0,3,3,3,1,3,1,1,1,1,1
0,17,6,0.0001426163944415748,0,0,3,3,3,1,3,1,1,1,1,1
0,17,9,0.012654424645006657,0,0,3,3,3,2,3,2,1,1,1,1
0,17,10,0.0061408160254359245,0,0,3,3,3,2,3,2,1,1,1,1
0,17,13,3.2983858545776457e-05,0,0,3,3,3,3,3,3,1,1,1,1
0,17,15,5.658568170474609e-06,0,0,3,3,3,3,3,3,1,1,1,1
0,17,18,6.903615030751098e-06,0,0,3,3,3,3,3,3,1,1,1,1
0,17,24,1.765488923410885e-05,0,0,3,3,3,4,3,4,1,1,1,1
0,17,25,5.2519379096338525e-05,0,0,3,3,3,5,3,5,1,1,1,1
0,17,26,9.126846271101385e-05,0,0,3,3,3,5,3,5,1,1,1,1
0,17,30,0.00010439859033795074,0,0,3,3,3,5,3,5,1,1,1,1
0,17,31,0.0010707182809710503,0,0,3,4,3,1,3,1,1,1,1,1
0,17,35,0.001636726432479918,0,0,3,4,3,5,3,5,1,1,1,1
0,17,37,0.01917283982038498,0,0,3,5,3,2,3,2,1,2,1,2
0,17,38,0.00018626263772603124,0,0,3,5,3,3,3,3,1,2,1,2
0,17,39,0.00038056555786170065,0,0,3,5,3,4,3,4,1,2,1,2
0,17,40,0.013831841759383678,0,0,3,5,3,5,3,5,1,2,1,2
0,17,41,0.0035295772831887007,0,1,3,6,3,1,3,1,1,1,1,5
0,17,42,0.925818920135498,0,1,3,6,3,2,3,2,1,1,1,5
0,17,43,0.0007396080181933939,0,1,3,6,3,3,3,3,1,1,1,5
0,17,44,0.013019314967095852,0,1,3,6,3,4,3,4,1,1,1,5
0,19,0,0.005167627241462469,0,0,3,1,4,0,4,0,1,2,1,4
0,19,1,0.0008081668056547642,0,0,3,3,4,1,4,1,1,1,1,1
0,19,2,0.0006629881681874394,0,0,3,3,4,1,4,1,1,1,1,1
0,19,6,0.0003970868419855833,0,0,3,3,4,1,4,1,1,1,1,1
0,19,9,0.0010505937971174717,0,0,3,3,4,2,4,2,1,1,1,1
0,19,10,0.0007137106731534004,0,0,3,3,4,2,4,2,1,1,1,1
0,19,13,0.0019236557418480515,0,0,3,3,4,3,4,3,1,1,1,1
0,19,15,0.0007518241181969643,0,0,3,3,4,3,4,3,1,1,1,1
0,19,18,0.0003378680266905576,0,0,3,3,4,3,4,3,1,1,1,1
0,19,24,0.004896749742329121,0,0,3,3,4,4,4,4,1,1,1,1
0,19,25,0.003854374634101987,0,0,3,3,4,5,4,5,1,1,1,1
0,19,26,0.0014511649496853352,0,0,3,3,4,5,4,5,1,1,1,1
0,19,30,0.00060648174257949,0,0,3,3,4,5,4,5,1,1,1,1
0,19,31,0.00016245926963165402,0,0,3,4,4,1,4,1,1,1,1,1
0,19,35,0.002400732133537531,0,0,3,4,4,5,4,5,1,1,1,1
0,19,37,0.0435229167342186,0,0,3,5,4,2,4,2,1,2,1,2
0,19,38,0.21738964319229126,0,0,3,5,4,3,4,3,1,2,1,2
0,19,39,0.4435591995716095,0,0,3,5,4,4,4,4,1,2,1,2
0,19,40,0.24166719615459442,0,0,3,5,4,5,4,5,1,2,1,2
0,19,41,0.0004482328367885202,0,1,3,6,4,1,4,1,1,1,1,5
0,19,42,0.006174130365252495,0,1,3,6,4,2,4,2,1,1,1,5
0,19,43,0.006980733014643192,0,1,3,6,4,3,4,3,1,1,1,5
0,19,44,0.015072335489094257,0,1,3,6,4,4,4,4,1,1,1,5
0,20,0,0.007795789744704962,0,0,3,1,4,0,4,0,1,2,1,4
0,20,1,1.9920973500120454e-05,0,0,3,3,4,1,4,1,1,1,1,1
0,20,2,7.0244450398604386e-06,0,0,3,3,4,1,4,1,1,1,1,1
0,20,6,1.7688907973933965e-05,0,0,3,3,4,1,4,1,1,1,1,1
0,20,9,6.802993993915152e-06,0,0,3,3,4,2,4,2,1,1,1,1
0,20,10,8.372485353902448e-06,0,0,3,3,4,2,4,2,1,1,1,1
0,20,13,1.6919331756071188e-05,0,0,3,3,4,3,4,3,1,1,1,1
0,20,15,1.487897588958731e-05,0,0,3,3,4,3,4,3,1,1,1,1
0,20,18,3.806208724199678e-06,0,0,3,3,4,3,4,3,1,1,1,1
0,20,24,0.000871211348567158,0,0,3,3,4,4,4,4,1,1,1,1
0,20,25,0.00019591214368119836,0,0,3,3,4,5,4,5,1,1,1,1
0,20,26,0.00021811024635098875,0,0,3,3,4,5,4,5,1,1,1,1
0,20,30,1.908699414343573e-05,0,0,3,3,4,5,4,5,1,1,1,1
0,20,31,5.203594923841592e-07,0,0,3,4,4,1,4,1,1,1,1,1
0,20,35,0.00010100429062731564,0,0,3,4,4,5,4,5,1,1,1,1
0,20,37,0.0022362638264894485,0,0,3,5,4,2,4,2,1,2,1,2
0,20,38,0.021137209609150887,0,0,3,5,4,3,4,3,1,2,1,2
0,20,39,0.9319378137588501,0,0,3,5,4,4,4,4,1,2,1,2
0,20,40,0.03411324322223663,0,0,3,5,4,5,4,5,1,2,1,2
0,20,41,1.5596659750372055e-06,0,1,3,6,4,1,4,1,1,1,1,5
0,20,42,3.064004431507783e-06,0,1,3,6,4,2,4,2,1,1,1,5
0,20,43,0.00011042183177778497,0,1,3,6,4,3,4,3,1,1,1,5
0,20,44,0.0011635057162493467,0,1,3,6,4,4,4,4,1,1,1,5
0,21,0,0.01680460199713707,0,0,3,1,4,0,4,0,1,2,1,4
0,21,1,0.002890679519623518,0,0,3,3,4,1,4,1,1,1,1,1
0,21,2,0.0017637931741774082,0,0,3,3,4,1,4,1,1,1,1,1
0,21,6,0.0017360813217237592,0,0,3,3,4,1,4,1,1,1,1,1
0,21,9,0.00020763151405844837,0,0,3,3,4,2,4,2,1,1,1,1
0,21,10,0.000345073698554188,0,0,3,3,4,2,4,2,1,1,1,1
0,21,13,0.0010957111371681094,0,0,3,3,4,3,4,3,1,1,1,1
0,21,15,0.0005677987355738878,0,0,3,3,4,3,4,3,1,1,1,1
0,21,18,0.00020897403010167181,0,0,3,3,4,3,4,3,1,1,1,1
0,21,24,0.004381073173135519,0,0,3,3,4,4,4,4,1,1,1,1
0,21,25,0.001568224630318582,0,0,3,3,4,5,4,5,1,1,1,1
0,21,26,0.0012781787663698196,0,0,3,3,4,5,4,5,1,1,1,1
0,21,30,0.0003386804601177573,0,0,3,3,4,5,4,5,1,1,1,1
0,21,31,0.0008667553192935884,0,0,3,4,4,1,4,1,1,1,1,1
0,21,35,0.002089261543005705,0,0,3,4,4,5,4,5,1,1,1,1
0,21,37,0.01767367124557495,0,0,3,5,4,2,4,2,1,2,1,2
0,21,38,0.08947770297527313,0,0,3,5,4,3,4,3,1,2,1,2
0,21,39,0.692473828792572,0,0,3,5,4,4,4,4,1,2,1,2
0,21,40,0.1365051567554474,0,0,3,5,4,5,4,5,1,2,1,2
0,21,41,0.0010448565008118749,0,1,3,6,4,1,4,1,1,1,1,5
0,21,42,0.0010314518585801125,0,1,3,6,4,2,4,2,1,1,1,5
0,21,43,0.005103005561977625,0,1,3,6,4,3,4,3,1,1,1,5
0,21,44,0.02054769918322563,0,1,3,6,4,4,4,4,1,1,1,5
0,22,0,0.0069009349681437016,0,0,3,1,4,0,4,0,1,2,1,4
0,22,1,8.094687655102462e-05,0,0,3,3,4,1,4,1,1,1,1,1
0,22,2,4.80152084492147e-05,0,0,3,3,4,1,4,1,1,1,1,1
0,22,6,7.456306047970429e-05,0,0,3,3,4,1,4,1,1,1,1,1
0,22,9,1.95820139197167e-05,0,0,3,3,4,2,4,2,1,1,1,1
0,22,10,2.9312024707905948e-05,0,0,3,3,4,2,4,2,1,1,1,1
0,22,13,0.000549524906091392,0,0,3,3,4,3,4,3,1,1,1,1
0,22,15,0.0003052217361982912,0,0,3,3,4,3,4,3,1,1,1,1
0,22,18,0.0001459930936107412,0,0,3,3,4,3,4,3,1,1,1,1
0,22,24,0.004255623556673527,0,0,3,3,4,4,4,4,1,1,1,1
0,22,25,0.0006627553375437856,0,0,3,3,4,5,4,5,1,1,1,1
0,22,26,0.00025868930970318615,0,0,3,3,4,5,4,5,1,1,1,1
0,22,30,6.612473225686699e-05,0,0,3,3,4,5,4,5,1,1,1,1
0,22,31,4.16038074035896e-06,0,0,3,4,4,1,4,1,1,1,1,1
0,22,35,0.00014641926100011915,0,0,3,4,4,5,4,5,1,1,1,1
0,22,37,0.003801050130277872,0,0,3,5,4,2,4,2,1,2,1,2
0,22,38,0.1577230989933014,0,0,3,5,4,3,4,3,1,2,1,2
0,22,39,0.7796372175216675,0,0,3,5,4,4,4,4,1,2,1,2
0,22,40,0.0420699343085289,0,0,3,5,4,5,4,5,1,2,1,2
0,22,41,1.8230100977234542e-05,0,1,3,6,4,1,4,1,1,1,1,5
0,22,42,2.186339406762272e-05,0,1,3,6,4,2,4,2,1,1,1,5
0,22,43,0.0013799903681501746,0,1,3,6,4,3,4,3,1,1,1,5
0,22,44,0.0018007786711677909,0,1,3,6,4,4,4,4,1,1,1,5
0,23,0,0.004337978549301624,0,0,3,1,4,0,4,0,1,2,1,4
0,23,1,0.0005367257981561124,0,0,3,3,4,1,4,1,1,1,1,1
0,23,2,0.00041642668657004833,0,0,3,3,4,1,4,1,1,1,1,1
0,23,6,0.00036761153023689985,0,0,3,3,4,1,4,1,1,1,1,1
0,23,9,0.0004341186140663922,0,0,3,3,4,2,4,2,1,1,1,1
0,23,10,0.0005214257398620248,0,0,3,3,4,2,4,2,1,1,1,1
0,23,13,0.003706564661115408,0,0,3,3,4,3,4,3,1,1,1,1
0,23,15,0.002085703192278743,0,0,3,3,4,3,4,3,1,1,1,1
0,23,18,0.0006256277556531131,0,0,3,3,4,3,4,3,1,1,1,1
0,23,24,0.008984950371086597,0,0,3,3,4,4,4,4,1,1,1,1
0,23,25,0.0066840266808867455,0,0,3,3,4,5,4,5,1,1,1,1
0,23,26,0.004540446680039167,0,0,3,3,4,5,4,5,1,1,1,1
0,23,30,0.0011506122536957264,0,0,3,3,4,5,4,5,1,1,1,1
0,23,31,4.356652789283544e-05,0,0,3,4,4,1,4,1,1,1,1,1
0,23,35,0.003273341339081526,0,0,3,4,4,5,4,5,1,1,1,1
0,23,37,0.025731291621923447,0,0,3,5,4,2,4,2,1,2,1,2
0,23,38,0.2630864679813385,0,0,3,5,4,3,4,3,1,2,1,2
0,23,39,0.4214094579219818,0,0,3,5,4,4,4,4,1,2,1,2
0,23,40,0.22097575664520264,0,0,3,5,4,5,4,5,1,2,1,2
0,23,41,0.00022950288257561624,0,1,3,6,4,1,4,1,1,1,1,5
0,23,42,0.0012405929155647755,0,1,3,6,4,2,4,2,1,1,1,5
0,23,43,0.00979677028954029,0,1,3,6,4,3,4,3,1,1,1,5
0,23,44,0.01982090063393116,0,1,3,6,4,4,4,4,1,1,1,5
0,27,0,0.016366269439458847,0,0,3,1,5,0,5,0,1,2,1,4
0,27,1,0.07460025697946548,0,0,3,3,5,1,5,1,1,1,1,1
0,27,2,0.031645067036151886,0,0,3,3,5,1,5,1,1,1,1,1
0,27,6,0.02097924053668976,0,0,3,3,5,1,5,1,1,1,1,1
0,27,9,0.0030882731080055237,0,0,3,3,5,2,5,2,1,1,1,1
0,27,10,0.018985223025083542,0,0,3,3,5,2,5,2,1,1,1,1
0,27,13,0.0010789112420752645,0,0,3,3,5,3,5,3,1,1,1,1
0,27,15,0.001696998719125986,0,0,3,3,5,3,5,3,1,1,1,1
0,27,18,0.0007204886060208082,0,0,3,3,5,3,5,3,1,1,1,1
0,27,24,0.0017388915875926614,0,0,3,3,5,4,5,4,1,1,1,1
0,27,25,0.006986281368881464,0,0,3,3,5,5,5,5,1,1,1,1
0,27,26,0.05184097960591316,0,0,3,3,5,5,5,5,1,1,1,1
0,27,30,0.007708557415753603,0,0,3,3,5,5,5,5,1,1,1,1
0,27,31,0.10712673515081406,0,0,3,4,5,1,5,1,1,1,1,1
0,27,35,0.3852772116661072,0,0,3,4,5,5,5,5,1,1,1,1
0,27,37,0.02527945674955845,0,0,3,5,5,2,5,2,1,2,1,2
0,27,38,0.007870173081755638,0,0,3,5,5,3,5,3,1,2,1,2
0,27,39,0.011529642157256603,0,0,3,5,5,4,5,4,1,2,1,2
0,27,40,0.16482605040073395,0,0,3,5,5,5,5,5,1,2,1,2
0,27,41,0.0018057221313938498,0,1,3,6,5,1,5,1,1,1,1,5
0,27,42,0.004839747212827206,0,1,3,6,5,2,5,2,1,1,1,5
0,27,43,0.0014922431437298656,0,1,3,6,5,3,5,3,1,1,1,5
0,27,44,0.052517931908369064,0,1,3,6,5,4,5,4,1,1,1,5
0,28,0,0.04332058131694794,0,0,3,1,5,0,5,0,1,2,1,4
0,28,1,0.20086683332920074,0,0,3,3,5,1,5,1,1,1,1,1
0,28,2,0.10272415727376938,0,0,3,3,5,1,5,1,1,1,1,1
0,28,6,0.05732685700058937,0,0,3,3,5,1,5,1,1,1,1,1
0,28,9,0.0009060670854523778,0,0,3,3,5,2,5,2,1,1,1,1
0,28,10,0.004048054572194815,0,0,3,3,5,2,5,2,1,1,1,1
0,28,13,0.0005138588021509349,0,0,3,3,5,3,5,3,1,1,1,1
0,28,15,0.0009629122214391828,0,0,3,3,5,3,5,3,1,1,1,1
0,28,18,0.0010818326845765114,0,0,3,3,5,3,5,3,1,1,1,1
0,28,24,0.0010395883582532406,0,0,3,3,5,4,5,4,1,1,1,1
0,28,25,0.002459308598190546,0,0,3,3,5,5,5,5,1,1,1,1
0,28,26,0.014833556488156319,0,0,3,3,5,5,5,5,1,1,1,1
0,28,30,0.0030402089469134808,0,0,3,3,5,5,5,5,1,1,1,1
0,28,31,0.4657493233680725,0,0,3,4,5,1,5,1,1,1,1,1
0,28,35,0.06777998059988022,0,0,3,4,5,5,5,5,1,1,1,1
0,28,37,0.0032212238293141127,0,0,3,5,5,2,5,2,1,2,1,2
0,28,38,0.0009580871555954218,0,0,3,5,5,3,5,3,1,2,1,2
0,28,39,0.004660345613956451,0,0,3,5,5,4,5,4,1,2,1,2
0,28,40,0.012779628857970238,0,0,3,5,5,5,5,5,1,2,1,2
0,28,41,0.0028414460830390453,0,1,3,6,5,1,5,1,1,1,1,5
0,28,42,0.0006415919633582234,0,1,3,6,5,2,5,2,1,1,1,5
0,28,43,0.0005816076882183552,0,1,3,6,5,3,5,3,1,1,1,5
0,28,44,0.007662927731871605,0,1,3,6,5,4,5,4,1,1,1,5
0,29,0,0.014480224810540676,0,0,3,1,5,0,5,0,1,2,1,4
0,29,1,0.14295551180839539,0,0,3,3,5,1,5,1,1,1,1,1
0,29,2,0.06163464114069939,0,0,3,3,5,1,5,1,1,1,1,1
0,29,6,0.025707269087433815,0,0,3,3,5,1,5,1,1,1,1,1
0,29,9,0.0015285351546481252,0,0,3,3,5,2,5,2,1,1,1,1
0,29,10,0.0047370376996695995,0,0,3,3,5,2,5,2,1,1,1,1
0,29,13,0.0026084817945957184,0,0,3,3,5,3,5,3,1,1,1,1
0,29,15,0.0016494505107402802,0,0,3,3,5,3,5,3,1,1,1,1
0,29,18,0.0008466954459436238,0,0,3,3,5,3,5,3,1,1,1,1
0,29,24,0.002680945210158825,0,0,3,3,5,4,5,4,1,1,1,1
0,29,25,0.0065140207298099995,0,0,3,3,5,5,5,5,1,1,1,1
0,29,26,0.009898584336042404,0,0,3,3,5,5,5,5,1,1,1,1
0,29,30,0.0024734274484217167,0,0,3,3,5,5,5,5,1,1,1,1
0,29,31,0.17260755598545074,0,0,3,4,5,1,5,1,1,1,1,1
0,29,35,0.09624820947647095,0,0,3,4,5,5,5,5,1,1,1,1
0,29,37,0.03295622393488884,0,0,3,5,5,2,5,2,1,2,1,2
0,29,38,0.02733057364821434,0,0,3,5,5,3,5,3,1,2,1,2
0,29,39,0.0842394232749939,0,0,3,5,5,4,5,4,1,2,1,2
0,29,40,0.2442450225353241,0,0,3,5,5,5,5,5,1,2,1,2
0,29,41,0.0039274077862501144,0,1,3,6,5,1,5,1,1,1,1,5
0,29,42,0.005569720175117254,0,1,3,6,5,2,5,2,1,1,1,5
0,29,43,0.0033591461833566427,0,1,3,6,5,3,5,3,1,1,1,5
0,29,44,0.05180208757519722,0,1,3,6,5,4,5,4,1,1,1,5
0,32,0,0.014676610939204693,0,0,4,1,2,0,2,0,1,2,1,4
0,32,1,0.0044759297743439674,0,0,4,3,2,1,2,1,1,1,1,1
0,32,2,0.0015702096279710531,0,0,4,3,2,1,2,1,1,1,1,1
0,32,6,0.0017719035968184471,0,0,4,3,2,1,2,1,1,1,1,1
0,32,9,0.02598492056131363,0,0,4,3,2,2,2,2,1,1,1,1
0,32,10,0.019320623949170113,0,0,4,3,2,2,2,2,1,1,1,1
0,32,13,0.00038884274545125663,0,0,4,3,2,3,2,3,1,1,1,1
0,32,15,0.00030570325907319784,0,0,4,3,2,3,2,3,1,1,1,1
0,32,18,0.00012142378545831889,0,0,4,3,2,3,2,3,1,1,1,1
0,32,24,0.0029072007164359093,0,0,4,3,2,4,2,4,1,1,1,1
0,32,25,0.006614979822188616,0,0,4,3,2,5,2,5,1,1,1,1
0,32,26,0.025791672989726067,0,0,4,3,2,5,2,5,1,1,1,1
0,32,30,0.005007747560739517,0,0,4,3,2,5,2,5,1,1,1,1
0,32,31,0.001043139141984284,0,0,4,4,2,1,2,1,1,1,1,1
0,32,35,0.05315318703651428,0,0,4,4,2,5,2,5,1,1,1,1
0,32,37,0.09057358652353287,0,0,4,5,2,2,2,2,1,2,1,2
0,32,38,0.009882163256406784,0,0,4,5,2,3,2,3,1,2,1,2
0,32,39,0.12181762605905533,0,0,4,5,2,4,2,4,1,2,1,2
0,32,40,0.3217511773109436,0,0,4,5,2,5,2,5,1,2,1,2
0,32,41,0.0019964720122516155,0,1,4,6,2,1,2,1,1,1,1,5
0,32,42,0.07129223644733429,0,1,4,6,2,2,2,2,1,1,1,5
0,32,43,0.0033764149993658066,0,1,4,6,2,3,2,3,1,1,1,5
0,32,44,0.21617630124092102,0,1,4,6,2,4,2,4,1,1,1,5
0,33,0,0.008122118189930916,0,0,4,1,3,0,3,0,1,2,1,4
0,33,1,0.006901847198605537,0,0,4,3,3,1,3,1,1,1,1,1
0,33,2,0.003991452977061272,0,0,4,3,3,1,3,1,1,1,1,1
0,33,6,0.0049365912564098835,0,0,4,3,3,1,3,1,1,1,1,1
0,33,9,0.05053934454917908,0,0,4,3,3,2,3,2,1,1,1,1
0,33,10,0.03817521780729294,0,0,4,3,3,2,3,2,1,1,1,1
0,33,13,0.00016427091031800956,0,0,4,3,3,3,3,3,1,1,1,1
0,33,15,2.9879574867663905e-05,0,0,4,3,3,3,3,3,1,1,1,1
0,33,18,9.444483293918893e-05,0,0,4,3,3,3,3,3,1,1,1,1
0,33,24,0.00027220157789997756,0,0,4,3,3,4,3,4,1,1,1,1
0,33,25,0.00016683597641531378,0,0,4,3,3,5,3,5,1,1,1,1
0,33,26,0.00040493038250133395,0,0,4,3,3,5,3,5,1,1,1,1
0,33,30,0.0005179206491447985,0,0,4,3,3,5,3,5,1,1,1,1
0,33,31,0.0132062416523695,0,0,4,4,3,1,3,1,1,1,1,1
0,33,35,0.002579135587438941,0,0,4,4,3,5,3,5,1,1,1,1
0,33,37,0.06317312270402908,0,0,4,5,3,2,3,2,1,2,1,2
0,33,38,0.0007883121725171804,0,0,4,5,3,3,3,3,1,2,1,2
0,33,39,0.008924033492803574,0,0,4,5,3,4,3,4,1,2,1,2
0,33,40,0.019955530762672424,0,0,4,5,3,5,3,5,1,2,1,2
0,33,41,0.022767089307308197,0,1,4,6,3,1,3,1,1,1,1,5
0,33,42,0.7171964645385742,0,1,4,6,3,2,3,2,1,1,1,5
0,33,43,0.0016519975615665317,0,1,4,6,3,3,3,3,1,1,1,5
0,33,44,0.03544081002473831,0,1,4,6,3,4,3,4,1,1,1,5
0,34,0,0.00036831299075856805,0,0,4,1,4,0,4,0,1,2,1,4
0,34,1,6.8558692873921245e-06,0,0,4,3,4,1,4,1,1,1,1,1
0,34,2,2.506032160454197e-06,0,0,4,3,4,1,4,1,1,1,1,1
0,34,6,7.1279264375334606e-06,0,0,4,3,4,1,4,1,1,1,1,1
0,34,9,3.426422699703835e-05,0,0,4,3,4,2,4,2,1,1,1,1
0,34,10,9.267671885027084e-06,0,0,4,3,4,2,4,2,1,1,1,1
0,34,13,9.297609358327463e-05,0,0,4,3,4,3,4,3,1,1,1,1
0,34,15,1.4691792785015423e-05,0,0,4,3,4,3,4,3,1,1,1,1
0,34,18,6.258906068978831e-06,0,0,4,3,4,3,4,3,1,1,1,1
0,34,24,0.000529145821928978,0,0,4,3,4,4,4,4,1,1,1,1
0,34,25,8.736347081139684e-05,0,0,4,3,4,5,4,5,1,1,1,1
0,34,26,1.2413912372721825e-05,0,0,4,3,4,5,4,5,1,1,1,1
0,34,30,5.001249974156963e-06,0,0,4,3,4,5,4,5,1,1,1,1
0,34,31,3.820296967660397e-07,0,0,4,4,4,1,4,1,1,1,1,1
0,34,35,1.1046181498386431e-05,0,0,4,4,4,5,4,5,1,1,1,1
0,34,37,0.008167973719537258,0,0,4,5,4,2,4,2,1,2,1,2
0,34,38,0.03421347588300705,0,0,4,5,4,3,4,3,1,2,1,2
0,34,39,0.9420300722122192,0,0,4,5,4,4,4,4,1,2,1,2
0,34,40,0.01386364083737135,0,0,4,5,4,5,4,5,1,2,1,2
0,34,41,3.4743968626571586e-06,0,1,4,6,4,1,4,1,1,1,1,5
0,34,42,1.5344416169682518e-05,0,1,4,6,4,2,4,2,1,1,1,5
0,34,43,0.00016198691446334124,0,1,4,6,4,3,4,3,1,1,1,5
0,34,44,0.0003559949982445687,0,1,4,6,4,4,4,4,1,1,1,5
0,36,0,5.949657497694716e-05,0,0,5,1,1,0,1,0,2,2,2,4
0,36,1,0.0009553838171996176,0,0,5,3,1,1,1,1,2,1,2,1
0,36,2,0.0007225456065498292,0,0,5,3,1,1,1,1,2,1,2,1
0,36,6,0.00017185691103804857,0,0,5,3,1,1,1,1,2,1,2,1
0,36,9,0.012744187377393246,0,0,5,3,1,2,1,2,2,1,2,1
0,36,10,0.0044610281474888325,0,0,5,3,1,2,1,2,2,1,2,1
0,36,13,0.0004914223682135344,0,0,5,3,1,3,1,3,2,1,2,1
0,36,15,0.00010423743515275419,0,0,5,3,1,3,1,3,2,1,2,1
0,36,18,3.036346060980577e-05,0,0,5,3,1,3,1,3,2,1,2,1
0,36,24,0.00014631373051088303,0,0,5,3,1,4,1,4,2,1,2,1
0,36,25,0.002541071269661188,0,0,5,3,1,5,1,5,2,1,2,1
0,36,26,0.0014495779760181904,0,0,5,3,1,5,1,5,2,1,2,1
0,36,30,0.00138186221010983,0,0,5,3,1,5,1,5,2,1,2,1
0,36,31,9.03127875062637e-05,0,0,5,4,1,1,1,1,2,1,2,1
0,36,35,0.0023952287156134844,0,0,5,4,1,5,1,5,2,1,2,1
0,36,37,0.006792454980313778,0,0,5,5,1,2,1,2,2,2,2,2
0,36,38,0.00031936823506839573,0,0,5,5,1,3,1,3,2,2,2,2
0,36,39,0.0007501781801693141,0,0,5,5,1,4,1,4,2,2,2,2
0,36,40,0.024780316278338432,0,0,5,5,1,5,1,5,2,2,2,2
0,36,41,0.007232103496789932,0,1,5,6,1,1,1,1,2,1,2,5
0,36,42,0.8982875347137451,0,1,5,6,1,2,1,2,2,1,2,5
0,36,43,0.005657419562339783,0,1,5,6,1,3,1,3,2,1,2,5
0,36,44,0.028435643762350082,0,1,5,6,1,4,1,4,2,1,2,5
0,45,0,3.512230978230946e-05,1,0,6,1,5,0,5,0,1,2,5,4
0,45,1,0.001760059385560453,1,0,6,3,5,1,5,1,1,1,5,1
0,45,2,0.0016700774431228638,1,0,6,3,5,1,5,1,1,1,5,1
0,45,6,0.0008457175572402775,1,0,6,3,5,1,5,1,1,1,5,1
0,45,9,0.013991798274219036,1,0,6,3,5,2,5,2,1,1,5,1
0,45,10,0.006589602679014206,1,0,6,3,5,2,5,2,1,1,5,1
0,45,13,0.005370522383600473,1,0,6,3,5,3,5,3,1,1,5,1
0,45,15,0.0005701396148651838,1,0,6,3,5,3,5,3,1,1,5,1
0,45,18,0.00018621800700202584,1,0,6,3,5,3,5,3,1,1,5,1
0,45,24,0.0003013350651599467,1,0,6,3,5,4,5,4,1,1,5,1
0,45,25,0.0008354582823812962,1,0,6,3,5,5,5,5,1,1,5,1
0,45,26,0.0009168501710519195,1,0,6,3,5,5,5,5,1,1,5,1
0,45,30,0.0010236252564936876,1,0,6,3,5,5,5,5,1,1,5,1
0,45,31,0.0008583070011809468,1,0,6,4,5,1,5,1,1,1,5,1
0,45,35,0.0018538356525823474,1,0,6,4,5,5,5,5,1,1,5,1
0,45,37,0.031042879447340965,1,0,6,5,5,2,5,2,1,2,5,2
0,45,38,0.0018618851900100708,1,0,6,5,5,3,5,3,1,2,5,2
0,45,39,0.0014867557911202312,1,0,6,5,5,4,5,4,1,2,5,2
0,45,40,0.01772591471672058,1,0,6,5,5,5,5,5,1,2,5,2
0,45,41,0.04353189095854759,1,1,6,6,5,1,5,1,1,1,5,5
0,45,42,0.7967105507850647,1,1,6,6,5,2,5,2,1,1,5,5
0,45,43,0.021678445860743523,1,1,6,6,5,3,5,3,1,1,5,5
0,45,44,0.04915251582860947,1,1,6,6,5,4,5,4,1,1,5,5
0,46,0,0.9489539265632629,2,0,7,1,0,0,0,0,0,2,4,4
0,46,1,0.004344655200839043,2,0,7,3,0,1,0,1,0,1,4,1
0,46,2,0.005357447545975447,2,0,7,3,0,1,0,1,0,1,4,1
0,46,6,0.006004167255014181,2,0,7,3,0,1,0,1,0,1,4,1
0,46,9,0.0007855781586840749,2,0,7,3,0,2,0,2,0,1,4,1
0,46,10,0.0008492395281791687,2,0,7,3,0,2,0,2,0,1,4,1
0,46,13,2.591294833109714e-05,2,0,7,3,0,3,0,3,0,1,4,1
0,46,15,0.0001420452317688614,2,0,7,3,0,3,0,3,0,1,4,1
0,46,18,0.0005074634682387114,2,0,7,3,0,3,0,3,0,1,4,1
0,46,24,0.0007061103824526072,2,0,7,3,0,4,0,4,0,1,4,1
0,46,25,0.00044152376358397305,2,0,7,3,0,5,0,5,0,1,4,1
0,46,26,0.0006030822405591607,2,0,7,3,0,5,0,5,0,1,4,1
0,46,30,0.0009217859478667378,2,0,7,3,0,5,0,5,0,1,4,1
0,46,31,0.0212109237909317,2,0,7,4,0,1,0,1,0,1,4,1
0,46,35,0.000562670233193785,2,0,7,4,0,5,0,5,0,1,4,1
0,46,37,0.000722158350981772,2,0,7,5,0,2,0,2,0,2,4,2
0,46,38,0.00011705292854458094,2,0,7,5,0,3,0,3,0,2,4,2
0,46,39,0.0026697160210460424,2,0,7,5,0,4,0,4,0,2,4,2
0,46,40,0.0008413618779741228,2,0,7,5,0,5,0,5,0,2,4,2
0,46,41,0.003710430581122637,2,1,7,6,0,1,0,1,0,1,4,5
0,46,42,9.43550476222299e-05,2,1,7,6,0,2,0,2,0,1,4,5
0,46,43,0.00021228418336249888,2,1,7,6,0,3,0,3,0,1,4,5
0,46,44,0.00021618969913106412,2,1,7,6,0,4,0,4,0,1,4,5
1,0,3,0.00011352785804774612,0,0,1,3,0,1,0,1,2,1,4,1
1,0,4,0.005826388951390982,0,0,1,3,0,1,0,1,2,1,4,1
1,0,5,4.697855547419749e-05,0,0,1,3,0,1,0,1,2,1,4,1
1,0,7,0.00013773029786534607,0,0,1,3,0,2,0,2,2,1,4,1
1,0,8,0.00025653588818386197,0,0,1,3,0,2,0,2,2,1,4,1
1,0,11,0.0003536503354553133,0,0,1,3,0,2,0,2,2,1,4,1
1,0,12,0.00039341094088740647,0,0,1,3,0,2,0,2,2,1,4,1
1,0,14,0.00016048134420998394,0,0,1,3,0,3,0,3,2,1,4,1
1,0,16,2.440220669086557e-06,0,0,1,3,0,3,0,3,2,1,4,1
1,0,17,4.970835561834974e-06,0,0,1,3,0,3,0,3,2,1,4,1
1,0,19,6.284607661655173e-05,0,0,1,3,0,4,0,4,2,1,4,1
1,0,20,0.00040554458973929286,0,0,1,3,0,4,0,4,2,1,4,1
1,0,21,0.00010884000948863104,0,0,1,3,0,4,0,4,2,1,4,1
1,0,22,9.79139149421826e-05,0,0,1,3,0,4,0,4,2,1,4,1
1,0,23,0.000349214649759233,0,0,1,3,0,4,0,4,2,1,4,1
1,0,27,1.9450691979727708e-05,0,0,1,3,0,5,0,5,2,1,4,1
1,0,28,1.5080918274179567e-06,0,0,1,3,0,5,0,5,2,1,4,1
1,0,29,1.1048546184611041e-05,0,0,1,3,0,5,0,5,2,1,4,1
1,0,32,0.0029492960311472416,0,0,1,4,0,2,0,2,2,1,4,1
1,0,33,0.005987930111587048,0,0,1,4,0,3,0,3,2,1,4,1
1,0,34,0.0012083605397492647,0,0,1,4,0,4,0,4,2,1,4,1
1,0,36,0.9747582674026489,0,0,1,5,0,1,0,1,2,2,4,2
1,0,45,0.0063930293545126915,0,1,1,6,0,5,0,5,2,1,4,5
1,0,46,0.00035081012174487114,0,2,1,7,0,0,0,0,2,0,4,4
1,1,3,0.0034282938577234745,0,0,3,3,1,1,1,1,1,1,1,1
1,1,4,0.0028215430211275816,0,0,3,3,1,1,1,1,1,1,1,1
1,1,5,0.03228273615241051,0,0,3,3,1,1,1,1,1,1,1,1
1,1,7,0.00015737503417767584,0,0,3,3,1,2,1,2,1,1,1,1
1,1,8,0.00019325771427247673,0,0,3,3,1,2,1,2,1,1,1,1
1,1,11,0.0004936549812555313,0,0,3,3,1,2,1,2,1,1,1,1
1,1,12,0.003389950143173337,0,0,3,3,1,2,1,2,1,1,1,1
1,1,14,0.0042761508375406265,0,0,3,3,1,3,1,3,1,1,1,1
1,1,16,0.0023118359968066216,0,0,3,3,1,3,1,3,1,1,1,1
1,1,17,0.004330562427639961,0,0,3,3,1,3,1,3,1,1,1,1
1,1,19,0.007168585434556007,0,0,3,3,1,4,1,4,1,1,1,1
1,1,20,0.002235310385003686,0,0,3,3,1,4,1,4,1,1,1,1
1,1,21,0.020686760544776917,0,0,3,3,1,4,1,4,1,1,1,1
1,1,22,0.01105643529444933,0,0,3,3,1,4,1,4,1,1,1,1
1,1,23,0.0018032818334177136,0,0,3,3,1,4,1,4,1,1,1,1
1,1,27,0.004158640746027231,0,0,3,3,1,5,1,5,1,1,1,1
1,1,28,0.003956896718591452,0,0,3,3,1,5,1,5,1,1,1,1
1,1,29,0.0016903092619031668,0,0,3,3,1,5,1,5,1,1,1,1
1,1,32,0.0009572902345098555,0,0,3,4,1,2,1,2,1,1,1,1
1,1,33,0.00628711748868227,0,0,3,4,1,3,1,3,1,1,1,1
1,1,34,0.015023029409348965,0,0,3,4,1,4,1,4,1,1,1,1
1,1,36,0.002106637926772237,0,0,3,5,1,1,1,1,1,2,1,2
1,1,45,0.8690882325172424,0,1,3,6,1,5,1,5,1,1,1,5
1,1,46,9.582299389876425e-05,0,2,3,7,1,0,1,0,1,0,1,4
1,2,3,0.0301190335303545,0,0,3,3,1,1,1,1,1,1,1,1
1,2,4,0.034340277314186096,0,0,3,3,1,1,1,1,1,1,1,1
1,2,5,0.5220440030097961,0,0,3,3,1,1,1,1,1,1,1,1
1,2,7,0.00043623981764540076,0,0,3,3,1,2,1,2,1,1,1,1
1,2,8,0.0003293056506663561,0,0,3,3,1,2,1,2,1,1,1,1
1,2,11,0.0013072905130684376,0,0,3,3,1,2,1,2,1,1,1,1
1,2,12,0.012792171910405159,0,0,3,3,1,2,1,2,1,1,1,1
1,2,14,0.06603440642356873,0,0,3,3,1,3,1,3,1,1,1,1
1,2,16,0.004396400880068541,0,0,3,3,1,3,1,3,1,1,1,1
1,2,17,0.010553764179348946,0,0,3,3,1,3,1,3,1,1,1,1
1,2,19,0.011663551442325115,0,0,3,3,1,4,1,4,1,1,1,1
1,2,20,0.014277298003435135,0,0,3,3,1,4,1,4,1,1,1,1
1,2,21,0.06753035634756088,0,0,3,3,1,4,1,4,1,1,1,1
1,2,22,0.08638826012611389,0,0,3,3,1,4,1,4,1,1,1,1
1,2,23,0.007702421862632036,0,0,3,3,1,4,1,4,1,1,1,1
1,2,27,0.001566684921272099,0,0,3,3,1,5,1,5,1,1,1,1
1,2,28,0.0011322310892865062,0,0,3,3,1,5,1,5,1,1,1,1
1,2,29,0.00109389191493392,0,0,3,3,1,5,1,5,1,1,1,1
1,2,32,0.001238635159097612,0,0,3,4,1,2,1,2,1,1,1,1
1,2,33,0.011604517698287964,0,0,3,4,1,3,1,3,1,1,1,1
1,2,34,0.040655236691236496,0,0,3,4,1,4,1,4,1,1,1,1
1,2,36,0.003196671837940812,0,0,3,5,1,1,1,1,1,2,1,2
1,2,45,0.06915760040283203,0,1,3,6,1,5,1,5,1,1,1,5
1,2,46,0.0004394427814986557,0,2,3,7,1,0,1,0,1,0,1,4
1,6,3,0.05019700899720192,0,0,3,3,1,1,1,1,1,1,1,1
1,6,4,0.03908931463956833,0,0,3,3,1,1,1,1,1,1,1,1
1,6,5,0.2024415284395218,0,0,3,3,1,1,1,1,1,1,1,1
1,6,7,0.04032982513308525,0,0,3,3,1,2,1,2,1,1,1,1
1,6,8,0.015000734478235245,0,0,3,3,1,2,1,2,1,1,1,1
1,6,11,0.07313545048236847,0,0,3,3,1,2,1,2,1,1,1,1
1,6,12,0.19127510488033295,0,0,3,3,1,2,1,2,1,1,1,1
1,6,14,0.16361765563488007,0,0,3,3,1,3,1,3,1,1,1,1
1,6,16,0.009039398282766342,0,0,3,3,1,3,1,3,1,1,1,1
1,6,17,0.014208946377038956,0,0,3,3,1,3,1,3,1,1,1,1
1,6,19,0.0073796603828668594,0,0,3,3,1,4,1,4,1,1,1,1
1,6,20,0.004675033036619425,0,0,3,3,1,4,1,4,1,1,1,1
1,6,21,0.016946347430348396,0,0,3,3,1,4,1,4,1,1,1,1
1,6,22,0.03339710831642151,0,0,3,3,1,4,1,4,1,1,1,1
1,6,23,0.0034356159158051014,0,0,3,3,1,4,1,4,1,1,1,1
1,6,27,0.0044298237189650536,0,0,3,3,1,5,1,5,1,1,1,1
1,6,28,0.001915819477289915,0,0,3,3,1,5,1,5,1,1,1,1
1,6,29,0.004667948000133038,0,0,3,3,1,5,1,5,1,1,1,1
1,6,32,0.03542613238096237,0,0,3,4,1,2,1,2,1,1,1,1
1,6,33,0.019390307366847992,0,0,3,4,1,3,1,3,1,1,1,1
1,6,34,0.026838282123208046,0,0,3,4,1,4,1,4,1,1,1,1
1,6,36,0.018517492339015007,0,0,3,5,1,1,1,1,1,2,1,2
1,6,45,0.017978455871343613,0,1,3,6,1,5,1,5,1,1,1,5
1,6,46,0.006667046342045069,0,2,3,7,1,0,1,0,1,0,1,4
1,9,3,0.002131053013727069,0,0,3,3,2,1,2,1,1,1,1,1
1,9,4,0.0029581894632428885,0,0,3,3,2,1,2,1,1,1,1,1
1,9,5,0.001643518335185945,0,0,3,3,2,1,2,1,1,1,1,1
1,9,7,0.16365070641040802,0,0,3,3,2,2,2,2,1,1,1,1
1,9,8,0.009873970411717892,0,0,3,3,2,2,2,2,1,1,1,1
1,9,11,0.1997905820608139,0,0,3,3,2,2,2,2,1,1,1,1
1,9,12,0.5854456424713135,0,0,3,3,2,2,2,2,1,1,1,1
1,9,14,0.016159363090991974,0,0,3,3,2,3,2,3,1,1,1,1
1,9,16,0.0007932235021144152,0,0,3,3,2,3,2,3,1,1,1,1
1,9,17,0.0004787471843883395,0,0,3,3,2,3,2,3,1,1,1,1
1,9,19,0.00034329324262216687,0,0,3,3,2,4,2,4,1,1,1,1
1,9,20,0.0007449969998560846,0,0,3,3,2,4,2,4,1,1,1,1
1,9,21,0.0005293977446854115,0,0,3,3,2,4,2,4,1,1,1,1
1,9,22,0.001104102935642004,0,0,3,3,2,4,2,4,1,1,1,1
1,9,23,0.00018336121866013855,0,0,3,3,2,4,2,4,1,1,1,1
1,9,27,7.577596261398867e-05,0,0,3,3,2,5,2,5,1,1,1,1
1,9,28,0.00010600076348055154,0,0,3,3,2,5,2,5,1,1,1,1
1,9,29,0.00028626472339965403,0,0,3,3,2,5,2,5,1,1,1,1
1,9,32,0.011885831132531166,0,0,3,4,2,2,2,2,1,1,1,1
1,9,33,0.0005293329013511539,0,0,3,4,2,3,2,3,1,1,1,1
1,9,34,0.0003523312625475228,0,0,3,4,2,4,2,4,1,1,1,1
1,9,36,0.00035834856680594385,0,0,3,5,2,1,2,1,1,2,1,2
1,9,45,7.731178629910573e-05,0,1,3,6,2,5,2,5,1,1,1,5
1,9,46,0.0004985292907804251,0,2,3,7,2,0,2,0,1,0,1,4
1,10,3,0.009638556279242039,0,0,3,3,2,1,2,1,1,1,1,1
1,10,4,0.005777416285127401,0,0,3,3,2,1,2,1,1,1,1,1
1,10,5,0.008097177371382713,0,0,3,3,2,1,2,1,1,1,1,1
1,10,7,0.3043762743473053,0,0,3,3,2,2,2,2,1,1,1,1
1,10,8,0.006846882402896881,0,0,3,3,2,2,2,2,1,1,1,1
1,10,11,0.22307194769382477,0,0,3,3,2,2,2,2,1,1,1,1
1,10,12,0.357662171125412,0,0,3,3,2,2,2,2,1,1,1,1
1,10,14,0.043470535427331924,0,0,3,3,2,3,2,3,1,1,1,1
1,10,16,0.0033535801339894533,0,0,3,3,2,3,2,3,1,1,1,1
1,10,17,0.003322512609884143,0,0,3,3,2,3,2,3,1,1,1,1
1,10,19,0.0005836443742737174,0,0,3,3,2,4,2,4,1,1,1,1
1,10,20,0.0015268706483766437,0,0,3,3,2,4,2,4,1,1,1,1
1,10,21,0.0021227276884019375,0,0,3,3,2,4,2,4,1,1,1,1
1,10,22,0.0036502648144960403,0,0,3,3,2,4,2,4,1,1,1,1
1,10,23,0.0006433622911572456,0,0,3,3,2,4,2,4,1,1,1,1
1,10,27,0.00049057841533795,0,0,3,3,2,5,2,5,1,1,1,1
1,10,28,0.0008905055583454669,0,0,3,3,2,5,2,5,1,1,1,1
1,10,29,0.0007227499154396355,0,0,3,3,2,5,2,5,1,1,1,1
1,10,32,0.01775277405977249,0,0,3,4,2,2,2,2,1,1,1,1
1,10,33,0.002117263386026025,0,0,3,4,2,3,2,3,1,1,1,1
1,10,34,0.0011548838810995221,0,0,3,4,2,4,2,4,1,1,1,1
1,10,36,0.00013420662435237318,0,0,3,5,2,1,2,1,1,2,1,2
1,10,45,0.00014744153304491192,0,1,3,6,2,5,2,5,1,1,1,5
1,10,46,0.002446040278300643,0,2,3,7,2,0,2,0,1,0,1,4
1,13,3,0.000882490596268326,0,0,3,3,3,1,3,1,1,1,1,1
1,13,4,0.0005968192708678544,0,0,3,3,3,1,3,1,1,1,1,1
1,13,5,0.001212352653965354,0,0,3,3,3,1,3,1,1,1,1,1
1,13,7,0.1072579175233841,0,0,3,3,3,2,3,2,1,1,1,1
1,13,8,0.011257362551987171,0,0,3,3,3,2,3,2,1,1,1,1
1,13,11,0.1248345822095871,0,0,3,3,3,2,3,2,1,1,1,1
1,13,12,0.6815112233161926,0,0,3,3,3,2,3,2,1,1,1,1
1,13,14,0.011332384310662746,0,0,3,3,3,3,3,3,1,1,1,1
1,13,16,0.01246592216193676,0,0,3,3,3,3,3,3,1,1,1,1
1,13,17,0.002917919307947159,0,0,3,3,3,3,3,3,1,1,1,1
1,13,19,0.0006511269020847976,0,0,3,3,3,4,3,4,1,1,1,1
1,13,20,0.0002175473200622946,0,0,3,3,3,4,3,4,1,1,1,1
1,13,21,0.00037550972774624825,0,0,3,3,3,4,3,4,1,1,1,1
1,13,22,0.0006974551943130791,0,0,3,3,3,4,3,4,1,1,1,1
1,13,23,0.0002313659933861345,0,0,3,3,3,4,3,4,1,1,1,1
1,13,27,0.0009632983710616827,0,0,3,3,3,5,3,5,1,1,1,1
1,13,28,0.004833028186112642,0,0,3,3,3,5,3,5,1,1,1,1
1,13,29,0.0010930495336651802,0,0,3,3,3,5,3,5,1,1,1,1
1,13,32,0.03203125298023224,0,0,3,4,3,2,3,2,1,1,1,1
1,13,33,0.0025926544331014156,0,0,3,4,3,3,3,3,1,1,1,1
1,13,34,0.00028642741381190717,0,0,3,4,3,4,3,4,1,1,1,1
1,13,36,9.330920147476718e-05,0,0,3,5,3,1,3,1,1,2,1,2
1,13,45,0.0016259057447314262,0,1,3,6,3,5,3,5,1,1,1,5
1,13,46,3.85996863769833e-05,0,2,3,7,3,0,3,0,1,0,1,4
1,15,3,0.00025744165759533644,0,0,3,3,3,1,3,1,1,1,1,1
1,15,4,0.00017855403712019324,0,0,3,3,3,1,3,1,1,1,1,1
1,15,5,0.00012698982027359307,0,0,3,3,3,1,3,1,1,1,1,1
1,15,7,0.3187585771083832,0,0,3,3,3,2,3,2,1,1,1,1
1,15,8,0.012346887029707432,0,0,3,3,3,2,3,2,1,1,1,1
1,15,11,0.26779499650001526,0,0,3,3,3,2,3,2,1,1,1,1
1,15,12,0.3651251196861267,0,0,3,3,3,2,3,2,1,1,1,1
1,15,14,0.0017166587058454752,0,0,3,3,3,3,3,3,1,1,1,1
1,15,16,0.0015728253638371825,0,0,3,3,3,3,3,3,1,1,1,1
1,15,17,0.0002863035479094833,0,0,3,3,3,3,3,3,1,1,1,1
1,15,19,4.106154301553033e-05,0,0,3,3,3,4,3,4,1,1,1,1
1,15,20,1.8219590856460854e-05,0,0,3,3,3,4,3,4,1,1,1,1
1,15,21,1.9753877495531924e-05,0,0,3,3,3,4,3,4,1,1,1,1
1,15,22,4.43872413598001e-05,0,0,3,3,3,4,3,4,1,1,1,1
1,15,23,2.209436752309557e-05,0,0,3,3,3,4,3,4,1,1,1,1
1,15,27,0.00015404487203340977,0,0,3,3,3,5,3,5,1,1,1,1
1,15,28,0.0005416225758381188,0,0,3,3,3,5,3,5,1,1,1,1
1,15,29,0.00020983545982744545,0,0,3,3,3,5,3,5,1,1,1,1
1,15,32,0.030070381239056587,0,0,3,4,3,2,3,2,1,1,1,1
1,15,33,0.0004813164414372295,0,0,3,4,3,3,3,3,1,1,1,1
1,15,34,3.035697591258213e-05,0,0,3,4,3,4,3,4,1,1,1,1
1,15,36,5.132013393449597e-05,0,0,3,5,3,1,3,1,1,2,1,2
1,15,45,7.275642565218732e-05,0,1,3,6,3,5,3,5,1,1,1,5
1,15,46,7.859134348109365e-05,0,2,3,7,3,0,3,0,1,0,1,4
1,18,3,0.0014937701635062695,0,0,3,3,3,1,3,1,1,1,1,1
1,18,4,0.0010209932224825025,0,0,3,3,3,1,3,1,1,1,1,1
1,18,5,0.0018220659112557769,0,0,3,3,3,1,3,1,1,1,1,1
1,18,7,0.11603885143995285,0,0,3,3,3,2,3,2,1,1,1,1
1,18,8,0.025132326409220695,0,0,3,3,3,2,3,2,1,1,1,1
1,18,11,0.2090354710817337,0,0,3,3,3,2,3,2,1,1,1,1
1,18,12,0.5798797607421875,0,0,3,3,3,2,3,2,1,1,1,1
1,18,14,0.0074873450212180614,0,0,3,3,3,3,3,3,1,1,1,1
1,18,16,0.0028649328742176294,0,0,3,3,3,3,3,3,1,1,1,1
1,18,17,0.0012139881728217006,0,0,3,3,3,3,3,3,1,1,1,1
1,18,19,0.0015697572380304337,0,0,3,3,3,4,3,4,1,1,1,1
1,18,20,0.0005745908711105585,0,0,3,3,3,4,3,4,1,1,1,1
1,18,21,0.0008016869542188942,0,0,3,3,3,4,3,4,1,1,1,1
1,18,22,0.0009978420566767454,0,0,3,3,3,4,3,4,1,1,1,1
1,18,23,0.0002158977440558374,0,0,3,3,3,4,3,4,1,1,1,1
1,18,27,0.0010984995169565082,0,0,3,3,3,5,3,5,1,1,1,1
1,18,28,0.0022320523858070374,0,0,3,3,3,5,3,5,1,1,1,1
1,18,29,0.002685747342184186,0,0,3,3,3,5,3,5,1,1,1,1
1,18,32,0.03731094300746918,0,0,3,4,3,2,3,2,1,1,1,1
1,18,33,0.0009066569618880749,0,0,3,4,3,3,3,3,1,1,1,1
1,18,34,0.0008663542685098946,0,0,3,4,3,4,3,4,1,1,1,1
1,18,36,0.0007400900358334184,0,0,3,5,3,1,3,1,1,2,1,2
1,18,45,0.00355724454857409,0,1,3,6,3,5,3,5,1,1,1,5
1,18,46,0.0004529350553639233,0,2,3,7,3,0,3,0,1,0,1,4
1,24,3,0.007072152104228735,0,0,3,3,4,1,4,1,1,1,1,1
1,24,4,0.0010286475298926234,0,0,3,3,4,1,4,1,1,1,1,1
1,24,5,0.007668130099773407,0,0,3,3,4,1,4,1,1,1,1,1
1,24,7,0.13753171265125275,0,0,3,3,4,2,4,2,1,1,1,1
1,24,8,0.029460221529006958,0,0,3,3,4,2,4,2,1,1,1,1
1,24,11,0.12183946371078491,0,0,3,3,4,2,4,2,1,1,1,1
1,24,12,0.5156400203704834,0,0,3,3,4,2,4,2,1,1,1,1
1,24,14,0.02802290953695774,0,0,3,3,4,3,4,3,1,1,1,1
1,24,16,0.015985241159796715,0,0,3,3,4,3,4,3,1,1,1,1
1,24,17,0.01765488274395466,0,0,3,3,4,3,4,3,1,1,1,1
1,24,19,0.0059035224840044975,0,0,3,3,4,4,4,4,1,1,1,1
1,24,20,0.0007072627195157111,0,0,3,3,4,4,4,4,1,1,1,1
1,24,21,0.0023688399232923985,0,0,3,3,4,4,4,4,1,1,1,1
1,24,22,0.0032486780546605587,0,0,3,3,4,4,4,4,1,1,1,1
1,24,23,0.0005562033620662987,0,0,3,3,4,4,4,4,1,1,1,1
1,24,27,0.010216317139565945,0,0,3,3,4,5,4,5,1,1,1,1
1,24,28,0.010878677479922771,0,0,3,3,4,5,4,5,1,1,1,1
1,24,29,0.01348563190549612,0,0,3,3,4,5,4,5,1,1,1,1
1,24,32,0.045351848006248474,0,0,3,4,4,2,4,2,1,1,1,1
1,24,33,0.01133872102946043,0,0,3,4,4,3,4,3,1,1,1,1
1,24,34,0.003170657902956009,0,0,3,4,4,4,4,4,1,1,1,1
1,24,36,0.0019142115488648415,0,0,3,5,4,1,4,1,1,2,1,2
1,24,45,0.008696045726537704,0,1,3,6,4,5,4,5,1,1,1,5
1,24,46,0.0002599119325168431,0,2,3,7,4,0,4,0,1,0,1,4
1,25,3,0.015260950662195683,0,0,3,3,5,1,5,1,1,1,1,1
1,25,4,0.011743743903934956,0,0,3,3,5,1,5,1,1,1,1,1
1,25,5,0.06256509572267532,0,0,3,3,5,1,5,1,1,1,1,1
1,25,7,0.0007160843233577907,0,0,3,3,5,2,5,2,1,1,1,1
1,25,8,0.00332518108189106,0,0,3,3,5,2,5,2,1,1,1,1
1,25,11,0.0041079893708229065,0,0,3,3,5,2,5,2,1,1,1,1
1,25,12,0.01134544424712658,0,0,3,3,5,2,5,2,1,1,1,1
1,25,14,0.013853898271918297,0,0,3,3,5,3,5,3,1,1,1,1
1,25,16,0.00039803850813768804,0,0,3,3,5,3,5,3,1,1,1,1
1,25,17,0.0013502903748303652,0,0,3,3,5,3,5,3,1,1,1,1
1,25,19,0.031189048662781715,0,0,3,3,5,4,5,4,1,1,1,1
1,25,20,0.011465036310255527,0,0,3,3,5,4,5,4,1,1,1,1
1,25,21,0.0505855567753315,0,0,3,3,5,4,5,4,1,1,1,1
1,25,22,0.03508605435490608,0,0,3,3,5,4,5,4,1,1,1,1
1,25,23,0.0025841910392045975,0,0,3,3,5,4,5,4,1,1,1,1
1,25,27,0.003929725848138332,0,0,3,3,5,5,5,5,1,1,1,1
1,25,28,0.0007733306265436113,0,0,3,3,5,5,5,5,1,1,1,1
1,25,29,0.009881171397864819,0,0,3,3,5,5,5,5,1,1,1,1
1,25,32,0.005341186188161373,0,0,3,4,5,2,5,2,1,1,1,1
1,25,33,0.0022360191214829683,0,0,3,4,5,3,5,3,1,1,1,1
1,25,34,0.07932983338832855,0,0,3,4,5,4,5,4,1,1,1,1
1,25,36,0.24399080872535706,0,0,3,5,5,1,5,1,1,2,1,2
1,25,45,0.39452046155929565,0,1,3,6,5,5,5,5,1,1,1,5
1,25,46,0.004420907236635685,0,2,3,7,5,0,5,0,1,0,1,4
1,26,3,0.018863823264837265,0,0,3,3,5,1,5,1,1,1,1,1
1,26,4,0.006158402189612389,0,0,3,3,5,1,5,1,1,1,1,1
1,26,5,0.12714989483356476,0,0,3,3,5,1,5,1,1,1,1,1
1,26,7,0.000357105047442019,0,0,3,3,5,2,5,2,1,1,1,1
1,26,8,0.0012169781839475036,0,0,3,3,5,2,5,2,1,1,1,1
1,26,11,0.00130091467872262,0,0,3,3,5,2,5,2,1,1,1,1
1,26,12,0.004368620924651623,0,0,3,3,5,2,5,2,1,1,1,1
1,26,14,0.04013666883111,0,0,3,3,5,3,5,3,1,1,1,1
1,26,16,0.0014054381754249334,0,0,3,3,5,3,5,3,1,1,1,1
1,26,17,0.007857921533286572,0,0,3,3,5,3,5,3,1,1,1,1
1,26,19,0.032486747950315475,0,0,3,3,5,4,5,4,1,1,1,1
1,26,20,0.01020527072250843,0,0,3,3,5,4,5,4,1,1,1,1
1,26,21,0.11410306394100189,0,0,3,3,5,4,5,4,1,1,1,1
1,26,22,0.06285462528467178,0,0,3,3,5,4,5,4,1,1,1,1
1,26,23,0.002776994137093425,0,0,3,3,5,4,5,4,1,1,1,1
1,26,27,0.009594685398042202,0,0,3,3,5,5,5,5,1,1,1,1
1,26,28,0.002845137845724821,0,0,3,3,5,5,5,5,1,1,1,1
1,26,29,0.010794702917337418,0,0,3,3,5,5,5,5,1,1,1,1
1,26,32,0.002690881723538041,0,0,3,4,5,2,5,2,1,1,1,1
1,26,33,0.003393311984837055,0,0,3,4,5,3,5,3,1,1,1,1
1,26,34,0.10164546221494675,0,0,3,4,5,4,5,4,1,1,1,1
1,26,36,0.03679491579532623,0,0,3,5,5,1,5,1,1,2,1,2
1,26,45,0.3977033495903015,0,1,3,6,5,5,5,5,1,1,1,5
1,26,46,0.0032951124012470245,0,2,3,7,5,0,5,0,1,0,1,4
1,30,3,0.01775221899151802,0,0,3,3,5,1,5,1,1,1,1,1
1,30,4,0.023422913625836372,0,0,3,3,5,1,5,1,1,1,1,1
1,30,5,0.06504804641008377,0,0,3,3,5,1,5,1,1,1,1,1
1,30,7,0.0010083930101245642,0,0,3,3,5,2,5,2,1,1,1,1
1,30,8,0.004063975531607866,0,0,3,3,5,2,5,2,1,1,1,1
1,30,11,0.0043998220935463905,0,0,3,3,5,2,5,2,1,1,1,1
1,30,12,0.013544606044888496,0,0,3,3,5,2,5,2,1,1,1,1
1,30,14,0.0182964988052845,0,0,3,3,5,3,5,3,1,1,1,1
1,30,16,0.0007843211060389876,0,0,3,3,5,3,5,3,1,1,1,1
1,30,17,0.0023650217335671186,0,0,3,3,5,3,5,3,1,1,1,1
1,30,19,0.032637495547533035,0,0,3,3,5,4,5,4,1,1,1,1
1,30,20,0.018554920330643654,0,0,3,3,5,4,5,4,1,1,1,1
1,30,21,0.07219474762678146,0,0,3,3,5,4,5,4,1,1,1,1
1,30,22,0.05296727269887924,0,0,3,3,5,4,5,4,1,1,1,1
1,30,23,0.006337333936244249,0,0,3,3,5,4,5,4,1,1,1,1
1,30,27,0.0045985267497599125,0,0,3,3,5,5,5,5,1,1,1,1
1,30,28,0.000835314451251179,0,0,3,3,5,5,5,5,1,1,1,1
1,30,29,0.009079542011022568,0,0,3,3,5,5,5,5,1,1,1,1
1,30,32,0.005535391625016928,0,0,3,4,5,2,5,2,1,1,1,1
1,30,33,0.004917951300740242,0,0,3,4,5,3,5,3,1,1,1,1
1,30,34,0.08154478669166565,0,0,3,4,5,4,5,4,1,1,1,1
1,30,36,0.2089100480079651,0,0,3,5,5,1,5,1,1,2,1,2
1,30,45,0.34824973344802856,0,1,3,6,5,5,5,5,1,1,1,5
1,30,46,0.0029513579793274403,0,2,3,7,5,0,5,0,1,0,1,4
1,31,3,0.0030886195600032806,0,0,4,3,1,1,1,1,1,1,1,1
1,31,4,0.0040749493055045605,0,0,4,3,1,1,1,1,1,1,1,1
1,31,5,0.03643735870718956,0,0,4,3,1,1,1,1,1,1,1,1
1,31,7,7.146536063373787e-06,0,0,4,3,1,2,1,2,1,1,1,1
1,31,8,5.093911386211403e-05,0,0,4,3,1,2,1,2,1,1,1,1
1,31,11,3.061261304537766e-05,0,0,4,3,1,2,1,2,1,1,1,1
1,31,12,0.0002657487930264324,0,0,4,3,1,2,1,2,1,1,1,1
1,31,14,0.004580432083457708,0,0,4,3,1,3,1,3,1,1,1,1
1,31,16,0.0007087162230163813,0,0,4,3,1,3,1,3,1,1,1,1
1,31,17,0.0020310438703745604,0,0,4,3,1,3,1,3,1,1,1,1
1,31,19,0.013281278312206268,0,0,4,3,1,4,1,4,1,1,1,1
1,31,20,0.005081359762698412,0,0,4,3,1,4,1,4,1,1,1,1
1,31,21,0.0361638218164444,0,0,4,3,1,4,1,4,1,1,1,1
1,31,22,0.018107324838638306,0,0,4,3,1,4,1,4,1,1,1,1
1,31,23,0.004367383662611246,0,0,4,3,1,4,1,4,1,1,1,1
1,31,27,0.00327506847679615,0,0,4,3,1,5,1,5,1,1,1,1
1,31,28,0.0016612757463008165,0,0,4,3,1,5,1,5,1,1,1,1
1,31,29,0.0014844927936792374,0,0,4,3,1,5,1,5,1,1,1,1
1,31,32,0.00031476575531996787,0,0,4,4,1,2,1,2,1,1,1,1
1,31,33,0.005327087361365557,0,0,4,4,1,3,1,3,1,1,1,1
1,31,34,0.04497545585036278,0,0,4,4,1,4,1,4,1,1,1,1
1,31,36,0.010176127776503563,0,0,4,5,1,1,1,1,1,2,1,2
1,31,45,0.8044015169143677,0,1,4,6,1,5,1,5,1,1,1,5
1,31,46,0.00010799979645526037,0,2,4,7,1,0,1,0,1,0,1,4
1,35,3,0.002447812119498849,0,0,4,3,5,1,5,1,1,1,1,1
1,35,4,0.003340632189065218,0,0,4,3,5,1,5,1,1,1,1,1
1,35,5,0.012984560802578926,0,0,4,3,5,1,5,1,1,1,1,1
1,35,7,1.4294325865193969e-06,0,0,4,3,5,2,5,2,1,1,1,1
1,35,8,7.202626147773117e-05,0,0,4,3,5,2,5,2,1,1,1,1
1,35,11,7.729435310466215e-06,0,0,4,3,5,2,5,2,1,1,1,1
1,35,12,1.1420048394938931e-05,0,0,4,3,5,2,5,2,1,1,1,1
1,35,14,0.0006663447711616755,0,0,4,3,5,3,5,3,1,1,1,1
1,35,16,6.183894583955407e-05,0,0,4,3,5,3,5,3,1,1,1,1
1,35,17,0.0003170742420479655,0,0,4,3,5,3,5,3,1,1,1,1
1,35,19,0.0322139710187912,0,0,4,3,5,4,5,4,1,1,1,1
1,35,20,0.014167750254273415,0,0,4,3,5,4,5,4,1,1,1,1
1,35,21,0.06863316148519516,0,0,4,3,5,4,5,4,1,1,1,1
1,35,22,0.01841113530099392,0,0,4,3,5,4,5,4,1,1,1,1
1,35,23,0.005220499821007252,0,0,4,3,5,4,5,4,1,1,1,1
1,35,27,0.003195247845724225,0,0,4,3,5,5,5,5,1,1,1,1
1,35,28,0.00047491054283455014,0,0,4,3,5,5,5,5,1,1,1,1
1,35,29,0.005160629283636808,0,0,4,3,5,5,5,5,1,1,1,1
1,35,32,8.173373498721048e-05,0,0,4,4,5,2,5,2,1,1,1,1
1,35,33,0.00036764977267012,0,0,4,4,5,3,5,3,1,1,1,1
1,35,34,0.0834406390786171,0,0,4,4,5,4,5,4,1,1,1,1
1,35,36,0.14090758562088013,0,0,4,5,5,1,5,1,1,2,1,2
1,35,45,0.6048035621643066,0,1,4,6,5,5,5,5,1,1,1,5
1,35,46,0.0030111370142549276,0,2,4,7,5,0,5,0,1,0,1,4
1,37,3,0.00029929931042715907,0,0,5,3,2,1,2,1,2,1,2,1
1,37,4,0.001763241016305983,0,0,5,3,2,1,2,1,2,1,2,1
1,37,5,0.00011380523210391402,0,0,5,3,2,1,2,1,2,1,2,1
1,37,7,0.14464180171489716,0,0,5,3,2,2,2,2,2,1,2,1
1,37,8,0.030965931713581085,0,0,5,3,2,2,2,2,2,1,2,1
1,37,11,0.20351621508598328,0,0,5,3,2,2,2,2,2,1,2,1
1,37,12,0.5872400403022766,0,0,5,3,2,2,2,2,2,1,2,1
1,37,14,0.0008293758146464825,0,0,5,3,2,3,2,3,2,1,2,1
1,37,16,0.0024132216349244118,0,0,5,3,2,3,2,3,2,1,2,1
1,37,17,0.00022296096722129732,0,0,5,3,2,3,2,3,2,1,2,1
1,37,19,0.00021774093329440802,0,0,5,3,2,4,2,4,2,1,2,1
1,37,20,0.0004625490109901875,0,0,5,3,2,4,2,4,2,1,2,1
1,37,21,5.19198874826543e-05,0,0,5,3,2,4,2,4,2,1,2,1
1,37,22,0.00018219648336526006,0,0,5,3,2,4,2,4,2,1,2,1
1,37,23,0.0004392834089230746,0,0,5,3,2,4,2,4,2,1,2,1
1,37,27,0.00011100638948846608,0,0,5,3,2,5,2,5,2,1,2,1
1,37,28,0.00043874146649613976,0,0,5,3,2,5,2,5,2,1,2,1
1,37,29,0.0002690670662559569,0,0,5,3,2,5,2,5,2,1,2,1
1,37,32,0.023744896054267883,0,0,5,4,2,2,2,2,2,1,2,1
1,37,33,0.0012417072430253029,0,0,5,4,2,3,2,3,2,1,2,1
1,37,34,4.2176481656497344e-05,0,0,5,4,2,4,2,4,2,1,2,1
1,37,36,0.0006382471765391529,0,0,5,5,2,1,2,1,2,2,2,2
1,37,45,9.884618339128792e-05,0,1,5,6,2,5,2,5,2,1,2,5
1,37,46,5.5907294154167175e-05,0,2,5,7,2,0,2,0,2,0,2,4
1,38,3,7.497712431359105e-06,0,0,5,3,3,1,3,1,2,1,2,1
1,38,4,3.8460653740912676e-05,0,0,5,3,3,1,3,1,2,1,2,1
1,38,5,4.380187874630792e-06,0,0,5,3,3,1,3,1,2,1,2,1
1,38,7,0.06383264809846878,0,0,5,3,3,2,3,2,2,1,2,1
1,38,8,0.02112959697842598,0,0,5,3,3,2,3,2,2,1,2,1
1,38,11,0.08936768770217896,0,0,5,3,3,2,3,2,2,1,2,1
1,38,12,0.8118689060211182,0,0,5,3,3,2,3,2,2,1,2,1
1,38,14,4.269134296919219e-05,0,0,5,3,3,3,3,3,2,1,2,1
1,38,16,0.0014404637040570378,0,0,5,3,3,3,3,3,2,1,2,1
1,38,17,4.286313196644187e-05,0,0,5,3,3,3,3,3,2,1,2,1
1,38,19,2.5137082047876902e-05,0,0,5,3,3,4,3,4,2,1,2,1
1,38,20,8.650806194054894e-06,0,0,5,3,3,4,3,4,2,1,2,1
1,38,21,1.0455798928887816e-06,0,0,5,3,3,4,3,4,2,1,2,1
1,38,22,4.2719266275526024e-06,0,0,5,3,3,4,3,4,2,1,2,1
1,38,23,1.6595255146967247e-05,0,0,5,3,3,4,3,4,2,1,2,1
1,38,27,3.3301927032880485e-05,0,0,5,3,3,5,3,5,2,1,2,1
1,38,28,0.00019992946181446314,0,0,5,3,3,5,3,5,2,1,2,1
1,38,29,6.180573836900294e-05,0,0,5,3,3,5,3,5,2,1,2,1
1,38,32,0.011570822447538376,0,0,5,4,3,2,3,2,2,1,2,1
1,38,33,0.00023998126562219113,0,0,5,4,3,3,3,3,2,1,2,1
1,38,34,1.0820840543601662e-06,0,0,5,4,3,4,3,4,2,1,2,1
1,38,36,2.7924954338232055e-05,0,0,5,5,3,1,3,1,2,2,2,2
1,38,45,3.4477325243642554e-05,0,1,5,6,3,5,3,5,2,1,2,5
1,38,46,1.1142282119180891e-07,0,2,5,7,3,0,3,0,2,0,2,4
1,39,3,0.0004220032715238631,0,0,5,3,4,1,4,1,2,1,2,1
1,39,4,0.0002829951699823141,0,0,5,3,4,1,4,1,2,1,2,1
1,39,5,0.000597463920712471,0,0,5,3,4,1,4,1,2,1,2,1
1,39,7,0.025880930945277214,0,0,5,3,4,2,4,2,2,1,2,1
1,39,8,0.020740868523716927,0,0,5,3,4,2,4,2,2,1,2,1
1,39,11,0.07077542692422867,0,0,5,3,4,2,4,2,2,1,2,1
1,39,12,0.7999035120010376,0,0,5,3,4,2,4,2,2,1,2,1
1,39,14,0.0011076165828853846,0,0,5,3,4,3,4,3,2,1,2,1
1,39,16,0.011390016414225101,0,0,5,3,4,3,4,3,2,1,2,1
1,39,17,0.001655349275097251,0,0,5,3,4,3,4,3,2,1,2,1
1,39,19,0.0019689244218170643,0,0,5,3,4,4,4,4,2,1,2,1
1,39,20,0.00018615533190313727,0,0,5,3,4,4,4,4,2,1,2,1
1,39,21,0.0001899631170090288,0,0,5,3,4,4,4,4,2,1,2,1
1,39,22,0.0006718146032653749,0,0,5,3,4,4,4,4,2,1,2,1
1,39,23,0.00036771176382899284,0,0,5,3,4,4,4,4,2,1,2,1
1,39,27,0.002086491324007511,0,0,5,3,4,5,4,5,2,1,2,1
1,39,28,0.007750260177999735,0,0,5,3,4,5,4,5,2,1,2,1
1,39,29,0.003025613259524107,0,0,5,3,4,5,4,5,2,1,2,1
1,39,32,0.030882244929671288,0,0,5,4,4,2,4,2,2,1,2,1
1,39,33,0.004864594899117947,0,0,5,4,4,3,4,3,2,1,2,1
1,39,34,0.00018197250028606504,0,0,5,4,4,4,4,4,2,1,2,1
1,39,36,0.0009855845710262656,0,0,5,5,4,1,4,1,2,2,2,2
1,39,45,0.01408043596893549,0,1,5,6,4,5,4,5,2,1,2,5
1,39,46,2.299673724337481e-06,0,2,5,7,4,0,4,0,2,0,2,4
1,40,3,0.0009435925749130547,0,0,5,3,5,1,5,1,2,1,2,1
1,40,4,0.010021028108894825,0,0,5,3,5,1,5,1,2,1,2,1
1,40,5,0.003160711145028472,0,0,5,3,5,1,5,1,2,1,2,1
1,40,7,0.0003030415391549468,0,0,5,3,5,2,5,2,2,1,2,1
1,40,8,0.006060667801648378,0,0,5,3,5,2,5,2,2,1,2,1
1,40,11,0.002054300159215927,0,0,5,3,5,2,5,2,2,1,2,1
1,40,12,0.010156683623790741,0,0,5,3,5,2,5,2,2,1,2,1
1,40,14,0.0006130782421678305,0,0,5,3,5,3,5,3,2,1,2,1
1,40,16,0.0005862425896339118,0,0,5,3,5,3,5,3,2,1,2,1
1,40,17,0.0002117351978085935,0,0,5,3,5,3,5,3,2,1,2,1
1,40,19,0.006600778084248304,0,0,5,3,5,4,5,4,2,1,2,1
1,40,20,0.005156281869858503,0,0,5,3,5,4,5,4,2,1,2,1
1,40,21,0.0013455357402563095,0,0,5,3,5,4,5,4,2,1,2,1
1,40,22,0.002434686291962862,0,0,5,3,5,4,5,4,2,1,2,1
1,40,23,0.004344713408499956,0,0,5,3,5,4,5,4,2,1,2,1
1,40,27,0.0006200737552717328,0,0,5,3,5,5,5,5,2,1,2,1
1,40,28,0.00032552110496908426,0,0,5,3,5,5,5,5,2,1,2,1
1,40,29,0.0010689676273614168,0,0,5,3,5,5,5,5,2,1,2,1
1,40,32,0.006671368610113859,0,0,5,4,5,2,5,2,2,1,2,1
1,40,33,0.0064403582364320755,0,0,5,4,5,3,5,3,2,1,2,1
1,40,34,0.0035844151861965656,0,0,5,4,5,4,5,4,2,1,2,1
1,40,36,0.8071416616439819,0,0,5,5,5,1,5,1,2,2,2,2
1,40,45,0.12005321681499481,0,1,5,6,5,5,5,5,2,1,2,5
1,40,46,0.00010163577098865062,0,2,5,7,5,0,5,0,2,0,2,4
1,41,3,0.005210519302636385,1,0,6,3,1,1,1,1,1,1,5,1
1,41,4,0.005065127741545439,1,0,6,3,1,1,1,1,1,1,5,1
1,41,5,0.13647224009037018,1,0,6,3,1,1,1,1,1,1,5,1
1,41,7,2.9856873879907653e-05,1,0,6,3,1,2,1,2,1,1,5,1
1,41,8,0.00019030150724574924,1,0,6,3,1,2,1,2,1,1,5,1
1,41,11,8.826592238619924e-05,1,0,6,3,1,2,1,2,1,1,5,1
1,41,12,0.0004183306300546974,1,0,6,3,1,2,1,2,1,1,5,1
1,41,14,0.008936315774917603,1,0,6,3,1,3,1,3,1,1,5,1
1,41,16,0.024644460529088974,1,0,6,3,1,3,1,3,1,1,5,1
1,41,17,0.026707051321864128,1,0,6,3,1,3,1,3,1,1,5,1
1,41,19,0.02150759845972061,1,0,6,3,1,4,1,4,1,1,5,1
1,41,20,0.0060686576180160046,1,0,6,3,1,4,1,4,1,1,5,1
1,41,21,0.047605812549591064,1,0,6,3,1,4,1,4,1,1,5,1
1,41,22,0.043854471296072006,1,0,6,3,1,4,1,4,1,1,5,1
1,41,23,0.01041825208812952,1,0,6,3,1,4,1,4,1,1,5,1
1,41,27,0.0140567347407341,1,0,6,3,1,5,1,5,1,1,5,1
1,41,28,0.026561325415968895,1,0,6,3,1,5,1,5,1,1,5,1
1,41,29,0.0044294483959674835,1,0,6,3,1,5,1,5,1,1,5,1
1,41,32,0.0004022199136670679,1,0,6,4,1,2,1,2,1,1,5,1
1,41,33,0.006378507241606712,1,0,6,4,1,3,1,3,1,1,5,1
1,41,34,0.02601584978401661,1,0,6,4,1,4,1,4,1,1,5,1
1,41,36,0.0009038553689606488,1,0,6,5,1,1,1,1,1,2,5,2
1,41,45,0.5832933783531189,1,1,6,6,1,5,1,5,1,1,5,5
1,41,46,0.0007412334089167416,1,2,6,7,1,0,1,0,1,0,5,4
1,42,3,0.03113395720720291,1,0,6,3,2,1,2,1,1,1,5,1
1,42,4,0.01649891957640648,1,0,6,3,2,1,2,1,1,1,5,1
1,42,5,0.0560947023332119,1,0,6,3,2,1,2,1,1,1,5,1
1,42,7,0.07412277907133102,1,0,6,3,2,2,2,2,1,1,5,1
1,42,8,0.02132853865623474,1,0,6,3,2,2,2,2,1,1,5,1
1,42,11,0.04324006289243698,1,0,6,3,2,2,2,2,1,1,5,1
1,42,12,0.04964591935276985,1,0,6,3,2,2,2,2,1,1,5,1
1,42,14,0.13587358593940735,1,0,6,3,2,3,2,3,1,1,5,1
1,42,16,0.17474570870399475,1,0,6,3,2,3,2,3,1,1,5,1
1,42,17,0.1212792694568634,1,0,6,3,2,3,2,3,1,1,5,1
1,42,19,0.010647203773260117,1,0,6,3,2,4,2,4,1,1,5,1
1,42,20,0.023980408906936646,1,0,6,3,2,4,2,4,1,1,5,1
1,42,21,0.02899138629436493,1,0,6,3,2,4,2,4,1,1,5,1
1,42,22,0.045699574053287506,1,0,6,3,2,4,2,4,1,1,5,1
1,42,23,0.018294312059879303,1,0,6,3,2,4,2,4,1,1,5,1
1,42,27,0.016728287562727928,1,0,6,3,2,5,2,5,1,1,5,1
1,42,28,0.06103334575891495,1,0,6,3,2,5,2,5,1,1,5,1
1,42,29,0.016280880197882652,1,0,6,3,2,5,2,5,1,1,5,1
1,42,32,0.009515153244137764,1,0,6,4,2,2,2,2,1,1,5,1
1,42,33,0.003633903805166483,1,0,6,4,2,3,2,3,1,1,5,1
1,42,34,0.006007645279169083,1,0,6,4,2,4,2,4,1,1,5,1
1,42,36,8.745643572183326e-05,1,0,6,5,2,1,2,1,1,2,5,2
1,42,45,0.0003494584816507995,1,1,6,6,2,5,2,5,1,1,5,5
1,42,46,0.034787606447935104,1,2,6,7,2,0,2,0,1,0,5,4
1,43,3,0.00435294583439827,1,0,6,3,3,1,3,1,1,1,5,1
1,43,4,0.0063290465623140335,1,0,6,3,3,1,3,1,1,1,5,1
1,43,5,0.011317052878439426,1,0,6,3,3,1,3,1,1,1,5,1
1,43,7,0.08437349647283554,1,0,6,3,3,2,3,2,1,1,5,1
1,43,8,0.08212938904762268,1,0,6,3,3,2,3,2,1,1,5,1
1,43,11,0.07231717556715012,1,0,6,3,3,2,3,2,1,1,5,1
1,43,12,0.10860788822174072,1,0,6,3,3,2,3,2,1,1,5,1
1,43,14,0.021832868456840515,1,0,6,3,3,3,3,3,1,1,5,1
1,43,16,0.2534255087375641,1,0,6,3,3,3,3,3,1,1,5,1
1,43,17,0.05990474671125412,1,0,6,3,3,3,3,3,1,1,5,1
1,43,19,0.013995517045259476,1,0,6,3,3,4,3,4,1,1,5,1
1,43,20,0.005746692884713411,1,0,6,3,3,4,3,4,1,1,5,1
1,43,21,0.005113257560878992,1,0,6,3,3,4,3,4,1,1,5,1
1,43,22,0.008210817351937294,1,0,6,3,3,4,3,4,1,1,5,1
1,43,23,0.009450801648199558,1,0,6,3,3,4,3,4,1,1,5,1
1,43,27,0.0282590351998806,1,0,6,3,3,5,3,5,1,1,5,1
1,43,28,0.11135454475879669,1,0,6,3,3,5,3,5,1,1,5,1
1,43,29,0.022318756207823753,1,0,6,3,3,5,3,5,1,1,5,1
1,43,32,0.049393873661756516,1,0,6,4,3,2,3,2,1,1,5,1
1,43,33,0.012997446581721306,1,0,6,4,3,3,3,3,1,1,5,1
1,43,34,0.003950811922550201,1,0,6,4,3,4,3,4,1,1,5,1
1,43,36,0.0007930439314804971,1,0,6,5,3,1,3,1,1,2,5,2
1,43,45,0.01550144050270319,1,1,6,6,3,5,3,5,1,1,5,5
1,43,46,0.008323951624333858,1,2,6,7,3,0,3,0,1,0,5,4
1,44,3,0.006604443769901991,1,0,6,3,4,1,4,1,1,1,5,1
1,44,4,0.0008575983811169863,1,0,6,3,4,1,4,1,1,1,5,1
1,44,5,0.028814474120736122,1,0,6,3,4,1,4,1,1,1,5,1
1,44,7,0.001957594882696867,1,0,6,3,4,2,4,2,1,1,5,1
1,44,8,0.007751353085041046,1,0,6,3,4,2,4,2,1,1,5,1
1,44,11,0.002643660409376025,1,0,6,3,4,2,4,2,1,1,5,1
1,44,12,0.007128381170332432,1,0,6,3,4,2,4,2,1,1,5,1
1,44,14,0.018888866528868675,1,0,6,3,4,3,4,3,1,1,5,1
1,44,16,0.08895251899957657,1,0,6,3,4,3,4,3,1,1,5,1
1,44,17,0.12376369535923004,1,0,6,3,4,3,4,3,1,1,5,1
1,44,19,0.04575498402118683,1,0,6,3,4,4,4,4,1,1,5,1
1,44,20,0.004186856094747782,1,0,6,3,4,4,4,4,1,1,5,1
1,44,21,0.02431574836373329,1,0,6,3,4,4,4,4,1,1,5,1
1,44,22,0.017999902367591858,1,0,6,3,4,4,4,4,1,1,5,1
1,44,23,0.003966817166656256,1,0,6,3,4,4,4,4,1,1,5,1
1,44,27,0.12083784490823746,1,0,6,3,4,5,4,5,1,1,5,1
1,44,28,0.23614194989204407,1,0,6,3,4,5,4,5,1,1,5,1
1,44,29,0.07090427726507187,1,0,6,3,4,5,4,5,1,1,5,1
1,44,32,0.005957718472927809,1,0,6,4,4,2,4,2,1,1,5,1
1,44,33,0.007754998281598091,1,0,6,4,4,3,4,3,1,1,5,1
1,44,34,0.01775531843304634,1,0,6,4,4,4,4,4,1,1,5,1
1,44,36,0.001463061897084117,1,0,6,5,4,1,4,1,1,2,5,2
1,44,45,0.15315386652946472,1,1,6,6,4,5,4,5,1,1,5,5
1,44,46,0.0024443184956908226,1,2,6,7,4,0,4,0,1,0,5,4
2,0,7,0.24631071090698242,0,0,1,3,0,2,0,2,2,1,4,1
2,0,8,0.3136730492115021,0,0,1,3,0,2,0,2,2,1,4,1
2,0,9,0.06519564241170883,0,0,1,3,0,2,0,2,2,1,4,1
2,0,11,0.1565440595149994,0,0,1,3,0,2,0,2,2,1,4,1
2,0,13,0.020990123972296715,0,0,1,3,0,3,0,3,2,1,4,1
2,0,16,0.012875809334218502,0,0,1,3,0,3,0,3,2,1,4,1
2,0,18,0.012099172919988632,0,0,1,3,0,3,0,3,2,1,4,1
2,0,20,0.01721528358757496,0,0,1,3,0,4,0,4,2,1,4,1
2,0,22,0.02755093201994896,0,0,1,3,0,4,0,4,2,1,4,1
2,0,24,0.032030459493398666,0,0,1,3,0,4,0,4,2,1,4,1
2,0,25,0.0046043419279158115,0,0,1,3,0,5,0,5,2,1,4,1
2,0,27,0.005374018102884293,0,0,1,3,0,5,0,5,2,1,4,1
2,0,28,0.001154941157437861,0,0,1,3,0,5,0,5,2,1,4,1
2,0,29,0.008903962559998035,0,0,1,3,0,5,0,5,2,1,4,1
2,0,32,0.008290237747132778,0,0,1,4,0,2,0,2,2,1,4,1
2,0,37,0.005139525514096022,0,0,1,5,0,2,0,2,2,2,4,2
2,0,39,0.001515123643912375,0,0,1,5,0,4,0,4,2,2,4,2
2,0,40,0.000269346812274307,0,0,1,5,0,5,0,5,2,2,4,2
2,0,41,0.00230774050578475,0,1,1,6,0,1,0,1,2,1,4,5
2,0,42,0.026193296536803246,0,1,1,6,0,2,0,2,2,1,4,5
2,0,43,0.020778963342308998,0,1,1,6,0,3,0,3,2,1,4,5
2,0,44,0.010519652627408504,0,1,1,6,0,4,0,4,2,1,4,5
2,0,45,0.00046373321674764156,0,1,1,6,0,5,0,5,2,1,4,5
2,1,7,0.0028816398698836565,0,0,3,3,1,2,1,2,1,1,1,1
2,1,8,0.0020025186240673065,0,0,3,3,1,2,1,2,1,1,1,1
2,1,9,0.00624043308198452,0,0,3,3,1,2,1,2,1,1,1,1
2,1,11,0.0008494742796756327,0,0,3,3,1,2,1,2,1,1,1,1
2,1,13,0.01179596409201622,0,0,3,3,1,3,1,3,1,1,1,1
2,1,16,0.0013565027620643377,0,0,3,3,1,3,1,3,1,1,1,1
2,1,18,0.007285444065928459,0,0,3,3,1,3,1,3,1,1,1,1
2,1,20,0.0431126244366169,0,0,3,3,1,4,1,4,1,1,1,1
2,1,22,0.14262555539608002,0,0,3,3,1,4,1,4,1,1,1,1
2,1,24,0.609683632850647,0,0,3,3,1,4,1,4,1,1,1,1
2,1,25,0.027934815734624863,0,0,3,3,1,5,1,5,1,1,1,1
2,1,27,0.006696655880659819,0,0,3,3,1,5,1,5,1,1,1,1
2,1,28,0.006840665824711323,0,0,3,3,1,5,1,5,1,1,1,1
2,1,29,0.0018208085093647242,0,0,3,3,1,5,1,5,1,1,1,1
2,1,32,0.003810797818005085,0,0,3,4,1,2,1,2,1,1,1,1
2,1,37,2.2611213353229687e-05,0,0,3,5,1,2,1,2,1,2,1,2
2,1,39,0.0033398710656911135,0,0,3,5,1,4,1,4,1,2,1,2
2,1,40,1.0902069334406406e-05,0,0,3,5,1,5,1,5,1,2,1,2
2,1,41,0.017844757065176964,0,1,3,6,1,1,1,1,1,1,1,5
2,1,42,0.0005477863014675677,0,1,3,6,1,2,1,2,1,1,1,5
2,1,43,0.000652513699606061,0,1,3,6,1,3,1,3,1,1,1,5
2,1,44,0.102217897772789,0,1,3,6,1,4,1,4,1,1,1,5
2,1,45,0.00042615534039214253,0,1,3,6,1,5,1,5,1,1,1,5
2,2,7,0.012966029345989227,0,0,3,3,1,2,1,2,1,1,1,1
2,2,8,0.0074391127564013,0,0,3,3,1,2,1,2,1,1,1,1
2,2,9,0.015634765848517418,0,0,3,3,1,2,1,2,1,1,1,1
2,2,11,0.010496217757463455,0,0,3,3,1,2,1,2,1,1,1,1
2,2,13,0.011889128014445305,0,0,3,3,1,3,1,3,1,1,1,1
2,2,16,0.008212462067604065,0,0,3,3,1,3,1,3,1,1,1,1
2,2,18,0.010626908391714096,0,0,3,3,1,3,1,3,1,1,1,1
2,2,20,0.006162652745842934,0,0,3,3,1,4,1,4,1,1,1,1
2,2,22,0.005825944244861603,0,0,3,3,1,4,1,4,1,1,1,1
2,2,24,0.021310437470674515,0,0,3,3,1,4,1,4,1,1,1,1
2,2,25,0.007547998335212469,0,0,3,3,1,5,1,5,1,1,1,1
2,2,27,0.00772904884070158,0,0,3,3,1,5,1,5,1,1,1,1
2,2,28,0.005462133791297674,0,0,3,3,1,5,1,5,1,1,1,1
2,2,29,0.006549037992954254,0,0,3,3,1,5,1,5,1,1,1,1
2,2,32,0.03433230146765709,0,0,3,4,1,2,1,2,1,1,1,1
2,2,37,0.01797947660088539,0,0,3,5,1,2,1,2,1,2,1,2
2,2,39,0.016502754762768745,0,0,3,5,1,4,1,4,1,2,1,2
2,2,40,0.0013675810769200325,0,0,3,5,1,5,1,5,1,2,1,2
2,2,41,0.5919665098190308,0,1,3,6,1,1,1,1,1,1,1,5
2,2,42,0.09384443610906601,0,1,3,6,1,2,1,2,1,1,1,5
2,2,43,0.02416067197918892,0,1,3,6,1,3,1,3,1,1,1,5
2,2,44,0.07612553238868713,0,1,3,6,1,4,1,4,1,1,1,5
2,2,45,0.005868916865438223,0,1,3,6,1,5,1,5,1,1,1,5
2,3,7,0.0007347624632529914,0,0,3,3,1,2,1,2,1,1,1,1
2,3,8,0.00042347097769379616,0,0,3,3,1,2,1,2,1,1,1,1
2,3,9,0.0009529076633043587,0,0,3,3,1,2,1,2,1,1,1,1
2,3,11,0.0007375142886303365,0,0,3,3,1,2,1,2,1,1,1,1
2,3,13,0.0007072975859045982,0,0,3,3,1,3,1,3,1,1,1,1
2,3,16,0.000771144637838006,0,0,3,3,1,3,1,3,1,1,1,1
2,3,18,0.0005477913073264062,0,0,3,3,1,3,1,3,1,1,1,1
2,3,20,0.00018876470858231187,0,0,3,3,1,4,1,4,1,1,1,1
2,3,22,0.00021535601990763098,0,0,3,3,1,4,1,4,1,1,1,1
2,3,24,0.001015725894831121,0,0,3,3,1,4,1,4,1,1,1,1
2,3,25,0.00020549383771140128,0,0,3,3,1,5,1,5,1,1,1,1
2,3,27,0.0002782178344205022,0,0,3,3,1,5,1,5,1,1,1,1
2,3,28,0.00024213915457949042,0,0,3,3,1,5,1,5,1,1,1,1
2,3,29,0.00018901025759987533,0,0,3,3,1,5,1,5,1,1,1,1
2,3,32,0.00613658269867301,0,0,3,4,1,2,1,2,1,1,1,1
2,3,37,0.0029742501210421324,0,0,3,5,1,2,1,2,1,2,1,2
2,3,39,0.0017072866903617978,0,0,3,5,1,4,1,4,1,2,1,2
2,3,40,0.00012110873649362475,0,0,3,5,1,5,1,5,1,2,1,2
2,3,41,0.8283748626708984,0,1,3,6,1,1,1,1,1,1,1,5
2,3,42,0.0942026749253273,0,1,3,6,1,2,1,2,1,1,1,5
2,3,43,0.01605934649705887,0,1,3,6,1,3,1,3,1,1,1,5
2,3,44,0.041163958609104156,0,1,3,6,1,4,1,4,1,1,1,5
2,3,45,0.002049857983365655,0,1,3,6,1,5,1,5,1,1,1,5
2,4,7,0.04319663345813751,0,0,3,3,1,2,1,2,1,1,1,1
2,4,8,0.02138759009540081,0,0,3,3,1,2,1,2,1,1,1,1
2,4,9,0.03288935497403145,0,0,3,3,1,2,1,2,1,1,1,1
2,4,11,0.012745460495352745,0,0,3,3,1,2,1,2,1,1,1,1
2,4,13,0.034557439386844635,0,0,3,3,1,3,1,3,1,1,1,1
2,4,16,0.008421476930379868,0,0,3,3,1,3,1,3,1,1,1,1
2,4,18,0.0167024377733469,0,0,3,3,1,3,1,3,1,1,1,1
2,4,20,0.023546816781163216,0,0,3,3,1,4,1,4,1,1,1,1
2,4,22,0.07407999783754349,0,0,3,3,1,4,1,4,1,1,1,1
2,4,24,0.35624170303344727,0,0,3,3,1,4,1,4,1,1,1,1
2,4,25,0.03142513707280159,0,0,3,3,1,5,1,5,1,1,1,1
2,4,27,0.008816983550786972,0,0,3,3,1,5,1,5,1,1,1,1
2,4,28,0.008393844589591026,0,0,3,3,1,5,1,5,1,1,1,1
2,4,29,0.0055950116366147995,0,0,3,3,1,5,1,5,1,1,1,1
2,4,32,0.0382794626057148,0,0,3,4,1,2,1,2,1,1,1,1
2,4,37,0.002337770303711295,0,0,3,5,1,2,1,2,1,2,1,2
2,4,39,0.027765199542045593,0,0,3,5,1,4,1,4,1,2,1,2
2,4,40,0.000129903361084871,0,0,3,5,1,5,1,5,1,2,1,2
2,4,41,0.090839684009552,0,1,3,6,1,1,1,1,1,1,1,5
2,4,42,0.026239309459924698,0,1,3,6,1,2,1,2,1,1,1,5
2,4,43,0.0056119938381016254,0,1,3,6,1,3,1,3,1,1,1,5
2,4,44,0.12980465590953827,0,1,3,6,1,4,1,4,1,1,1,5
2,4,45,0.0009924029000103474,0,1,3,6,1,5,1,5,1,1,1,5
2,5,7,0.03022700361907482,0,0,3,3,1,2,1,2,1,1,1,1
2,5,8,0.012469925917685032,0,0,3,3,1,2,1,2,1,1,1,1
2,5,9,0.04375297948718071,0,0,3,3,1,2,1,2,1,1,1,1
2,5,11,0.017723919823765755,0,0,3,3,1,2,1,2,1,1,1,1
2,5,13,0.021761057898402214,0,0,3,3,1,3,1,3,1,1,1,1
2,5,16,0.00802673026919365,0,0,3,3,1,3,1,3,1,1,1,1
2,5,18,0.01730121485888958,0,0,3,3,1,3,1,3,1,1,1,1
2,5,20,0.024385245516896248,0,0,3,3,1,4,1,4,1,1,1,1
2,5,22,0.028085432946681976,0,0,3,3,1,4,1,4,1,1,1,1
2,5,24,0.10332787036895752,0,0,3,3,1,4,1,4,1,1,1,1
2,5,25,0.03981894254684448,0,0,3,3,1,5,1,5,1,1,1,1
2,5,27,0.015496783889830112,0,0,3,3,1,5,1,5,1,1,1,1
2,5,28,0.012096291407942772,0,0,3,3,1,5,1,5,1,1,1,1
2,5,29,0.009301497600972652,0,0,3,3,1,5,1,5,1,1,1,1
2,5,32,0.027998927980661392,0,0,3,4,1,2,1,2,1,1,1,1
2,5,37,0.008187377825379372,0,0,3,5,1,2,1,2,1,2,1,2
2,5,39,0.018295608460903168,0,0,3,5,1,4,1,4,1,2,1,2
2,5,40,0.004334699362516403,0,0,3,5,1,5,1,5,1,2,1,2
2,5,41,0.40193048119544983,0,1,3,6,1,1,1,1,1,1,1,5
2,5,42,0.03554213419556618,0,1,3,6,1,2,1,2,1,1,1,5
2,5,43,0.009651175700128078,0,1,3,6,1,3,1,3,1,1,1,5
2,5,44,0.09382562339305878,0,1,3,6,1,4,1,4,1,1,1,5
2,5,45,0.01645907759666443,0,1,3,6,1,5,1,5,1,1,1,5
2,6,7,0.016122668981552124,0,0,3,3,1,2,1,2,1,1,1,1
2,6,8,0.009972207248210907,0,0,3,3,1,2,1,2,1,1,1,1
2,6,9,0.014378990978002548,0,0,3,3,1,2,1,2,1,1,1,1
2,6,11,0.016908712685108185,0,0,3,3,1,2,1,2,1,1,1,1
2,6,13,0.021800117567181587,0,0,3,3,1,3,1,3,1,1,1,1
2,6,16,0.012212948873639107,0,0,3,3,1,3,1,3,1,1,1,1
2,6,18,0.028408899903297424,0,0,3,3,1,3,1,3,1,1,1,1
2,6,20,0.016492851078510284,0,0,3,3,1,4,1,4,1,1,1,1
2,6,22,0.027276059612631798,0,0,3,3,1,4,1,4,1,1,1,1
2,6,24,0.08253495395183563,0,0,3,3,1,4,1,4,1,1,1,1
2,6,25,0.007992916740477085,0,0,3,3,1,5,1,5,1,1,1,1
2,6,27,0.01434548944234848,0,0,3,3,1,5,1,5,1,1,1,1
2,6,28,0.011975034140050411,0,0,3,3,1,5,1,5,1,1,1,1
2,6,29,0.005644485354423523,0,0,3,3,1,5,1,5,1,1,1,1
2,6,32,0.10394986718893051,0,0,3,4,1,2,1,2,1,1,1,1
2,6,37,0.011096875183284283,0,0,3,5,1,2,1,2,1,2,1,2
2,6,39,0.019007429480552673,0,0,3,5,1,4,1,4,1,2,1,2
2,6,40,0.0016000696923583746,0,0,3,5,1,5,1,5,1,2,1,2
2,6,41,0.3780909478664398,0,1,3,6,1,1,1,1,1,1,1,5
2,6,42,0.043483804911375046,0,1,3,6,1,2,1,2,1,1,1,5
2,6,43,0.019399123266339302,0,1,3,6,1,3,1,3,1,1,1,5
2,6,44,0.13190849125385284,0,1,3,6,1,4,1,4,1,1,1,5
2,6,45,0.005396891385316849,0,1,3,6,1,5,1,5,1,1,1,5
2,10,7,0.0006260177469812334,0,0,3,3,2,2,2,2,1,1,1,1
2,10,8,0.0001631020859349519,0,0,3,3,2,2,2,2,1,1,1,1
2,10,9,0.0012398740509524941,0,0,3,3,2,2,2,2,1,1,1,1
2,10,11,0.0002550800272729248,0,0,3,3,2,2,2,2,1,1,1,1
2,10,13,0.000960244913585484,0,0,3,3,2,3,2,3,1,1,1,1
2,10,16,0.0012732625473290682,0,0,3,3,2,3,2,3,1,1,1,1
2,10,18,0.0009253237512893975,0,0,3,3,2,3,2,3,1,1,1,1
2,10,20,0.0005005152779631317,0,0,3,3,2,4,2,4,1,1,1,1
2,10,22,0.0005097020766697824,0,0,3,3,2,4,2,4,1,1,1,1
2,10,24,0.001054988126270473,0,0,3,3,2,4,2,4,1,1,1,1
2,10,25,0.003024949226528406,0,0,3,3,2,5,2,5,1,1,1,1
2,10,27,0.0011971790809184313,0,0,3,3,2,5,2,5,1,1,1,1
2,10,28,0.0033371681347489357,0,0,3,3,2,5,2,5,1,1,1,1
2,10,29,0.0005979080451652408,0,0,3,3,2,5,2,5,1,1,1,1
2,10,32,0.0037339271511882544,0,0,3,4,2,2,2,2,1,1,1,1
2,10,37,0.0008885087445378304,0,0,3,5,2,2,2,2,1,2,1,2
2,10,39,0.0014278523158282042,0,0,3,5,2,4,2,4,1,2,1,2
2,10,40,0.0007204526336863637,0,0,3,5,2,5,2,5,1,2,1,2
2,10,41,0.7217838764190674,0,1,3,6,2,1,2,1,1,1,1,5
2,10,42,0.07916741818189621,0,1,3,6,2,2,2,2,1,1,1,5
2,10,43,0.03445117548108101,0,1,3,6,2,3,2,3,1,1,1,5
2,10,44,0.07852693647146225,0,1,3,6,2,4,2,4,1,1,1,5
2,10,45,0.06363429129123688,0,1,3,6,2,5,2,5,1,1,1,5
2,12,7,0.0013919706689193845,0,0,3,3,2,2,2,2,1,1,1,1
2,12,8,0.0002396145573584363,0,0,3,3,2,2,2,2,1,1,1,1
2,12,9,0.003227206179872155,0,0,3,3,2,2,2,2,1,1,1,1
2,12,11,0.0002925443113781512,0,0,3,3,2,2,2,2,1,1,1,1
2,12,13,0.003446174319833517,0,0,3,3,2,3,2,3,1,1,1,1
2,12,16,0.001059435773640871,0,0,3,3,2,3,2,3,1,1,1,1
2,12,18,0.0016319629503414035,0,0,3,3,2,3,2,3,1,1,1,1
2,12,20,0.0037943623028695583,0,0,3,3,2,4,2,4,1,1,1,1
2,12,22,0.006845340132713318,0,0,3,3,2,4,2,4,1,1,1,1
2,12,24,0.015172642655670643,0,0,3,3,2,4,2,4,1,1,1,1
2,12,25,0.050011035054922104,0,0,3,3,2,5,2,5,1,1,1,1
2,12,27,0.004088644403964281,0,0,3,3,2,5,2,5,1,1,1,1
2,12,28,0.043953124433755875,0,0,3,3,2,5,2,5,1,1,1,1
2,12,29,0.0012817966053262353,0,0,3,3,2,5,2,5,1,1,1,1
2,12,32,0.003074877429753542,0,0,3,4,2,2,2,2,1,1,1,1
2,12,37,5.73632241867017e-05,0,0,3,5,2,2,2,2,1,2,1,2
2,12,39,0.0035983368288725615,0,0,3,5,2,4,2,4,1,2,1,2
2,12,40,0.0010387263027951121,0,0,3,5,2,5,2,5,1,2,1,2
2,12,41,0.41041299700737,0,1,3,6,2,1,2,1,1,1,1,5
2,12,42,0.025836311280727386,0,1,3,6,2,2,2,2,1,1,1,5
2,12,43,0.007999778725206852,0,1,3,6,2,3,2,3,1,1,1,5
2,12,44,0.20335181057453156,0,1,3,6,2,4,2,4,1,1,1,5
2,12,45,0.2081938087940216,0,1,3,6,2,5,2,5,1,1,1,5
2,14,7,0.002355001401156187,0,0,3,3,3,2,3,2,1,1,1,1
2,14,8,0.0003464095061644912,0,0,3,3,3,2,3,2,1,1,1,1
2,14,9,0.001309113809838891,0,0,3,3,3,2,3,2,1,1,1,1
2,14,11,0.0012909029610455036,0,0,3,3,3,2,3,2,1,1,1,1
2,14,13,0.0007674794760532677,0,0,3,3,3,3,3,3,1,1,1,1
2,14,16,0.0002348947455175221,0,0,3,3,3,3,3,3,1,1,1,1
2,14,18,0.0006058954168111086,0,0,3,3,3,3,3,3,1,1,1,1
2,14,20,0.0006413127412088215,0,0,3,3,3,4,3,4,1,1,1,1
2,14,22,0.00033568195067346096,0,0,3,3,3,4,3,4,1,1,1,1
2,14,24,0.0006697805947624147,0,0,3,3,3,4,3,4,1,1,1,1
2,14,25,0.0015318287769332528,0,0,3,3,3,5,3,5,1,1,1,1
2,14,27,0.0010949168354272842,0,0,3,3,3,5,3,5,1,1,1,1
2,14,28,0.00692486809566617,0,0,3,3,3,5,3,5,1,1,1,1
2,14,29,0.0003193932643625885,0,0,3,3,3,5,3,5,1,1,1,1
2,14,32,0.004608334973454475,0,0,3,4,3,2,3,2,1,1,1,1
2,14,37,6.705303530907258e-05,0,0,3,5,3,2,3,2,1,2,1,2
2,14,39,0.00011760428606066853,0,0,3,5,3,4,3,4,1,2,1,2
2,14,40,0.0002573673555161804,0,0,3,5,3,5,3,5,1,2,1,2
2,14,41,0.586689293384552,0,1,3,6,3,1,3,1,1,1,1,5
2,14,42,0.23983845114707947,0,1,3,6,3,2,3,2,1,1,1,5
2,14,43,0.021342668682336807,0,1,3,6,3,3,3,3,1,1,1,5
2,14,44,0.06794025748968124,0,1,3,6,3,4,3,4,1,1,1,5
2,14,45,0.06071159616112709,0,1,3,6,3,5,3,5,1,1,1,5
2,15,7,0.002327465917915106,0,0,3,3,3,2,3,2,1,1,1,1
2,15,8,0.00036592662218026817,0,0,3,3,3,2,3,2,1,1,1,1
2,15,9,0.0011598172131925821,0,0,3,3,3,2,3,2,1,1,1,1
2,15,11,0.0009462872403673828,0,0,3,3,3,2,3,2,1,1,1,1
2,15,13,0.0018098592991009355,0,0,3,3,3,3,3,3,1,1,1,1
2,15,16,0.0009323909762315452,0,0,3,3,3,3,3,3,1,1,1,1
2,15,18,0.0015491551021113992,0,0,3,3,3,3,3,3,1,1,1,1
2,15,20,0.0009170431294478476,0,0,3,3,3,4,3,4,1,1,1,1
2,15,22,0.0010497915791347623,0,0,3,3,3,4,3,4,1,1,1,1
2,15,24,0.0010327486088499427,0,0,3,3,3,4,3,4,1,1,1,1
2,15,25,0.004182410892099142,0,0,3,3,3,5,3,5,1,1,1,1
2,15,27,0.0014928465243428946,0,0,3,3,3,5,3,5,1,1,1,1
2,15,28,0.016382738947868347,0,0,3,3,3,5,3,5,1,1,1,1
2,15,29,0.0009215227328240871,0,0,3,3,3,5,3,5,1,1,1,1
2,15,32,0.004018828272819519,0,0,3,4,3,2,3,2,1,1,1,1
2,15,37,0.00025979449856095016,0,0,3,5,3,2,3,2,1,2,1,2
2,15,39,0.001268622581847012,0,0,3,5,3,4,3,4,1,2,1,2
2,15,40,0.0010753117967396975,0,0,3,5,3,5,3,5,1,2,1,2
2,15,41,0.16975627839565277,0,1,3,6,3,1,3,1,1,1,1,5
2,15,42,0.3579418957233429,0,1,3,6,3,2,3,2,1,1,1,5
2,15,43,0.07923290878534317,0,1,3,6,3,3,3,3,1,1,1,5
2,15,44,0.13415975868701935,0,1,3,6,3,4,3,4,1,1,1,5
2,15,45,0.21721671521663666,0,1,3,6,3,5,3,5,1,1,1,5
2,17,7,0.015757929533720016,0,0,3,3,3,2,3,2,1,1,1,1
2,17,8,0.0031324143055826426,0,0,3,3,3,2,3,2,1,1,1,1
2,17,9,0.00459105521440506,0,0,3,3,3,2,3,2,1,1,1,1
2,17,11,0.00656284810975194,0,0,3,3,3,2,3,2,1,1,1,1
2,17,13,0.019095195457339287,0,0,3,3,3,3,3,3,1,1,1,1
2,17,16,0.006688378285616636,0,0,3,3,3,3,3,3,1,1,1,1
2,17,18,0.012113860808312893,0,0,3,3,3,3,3,3,1,1,1,1
2,17,20,0.005684706382453442,0,0,3,3,3,4,3,4,1,1,1,1
2,17,22,0.004253049846738577,0,0,3,3,3,4,3,4,1,1,1,1
2,17,24,0.004706890322268009,0,0,3,3,3,4,3,4,1,1,1,1
2,17,25,0.018135761842131615,0,0,3,3,3,5,3,5,1,1,1,1
2,17,27,0.009506956674158573,0,0,3,3,3,5,3,5,1,1,1,1
2,17,28,0.11616126447916031,0,0,3,3,3,5,3,5,1,1,1,1
2,17,29,0.005127847194671631,0,0,3,3,3,5,3,5,1,1,1,1
2,17,32,0.017216211184859276,0,0,3,4,3,2,3,2,1,1,1,1
2,17,37,0.0002981606812682003,0,0,3,5,3,2,3,2,1,2,1,2
2,17,39,0.002954698633402586,0,0,3,5,3,4,3,4,1,2,1,2
2,17,40,0.002520025009289384,0,0,3,5,3,5,3,5,1,2,1,2
2,17,41,0.11571163684129715,0,1,3,6,3,1,3,1,1,1,1,5
2,17,42,0.2692362368106842,0,1,3,6,3,2,3,2,1,1,1,5
2,17,43,0.09253804385662079,0,1,3,6,3,3,3,3,1,1,1,5
2,17,44,0.10455509275197983,0,1,3,6,3,4,3,4,1,1,1,5
2,17,45,0.1634518951177597,0,1,3,6,3,5,3,5,1,1,1,5
2,19,7,0.004734779242426157,0,0,3,3,4,2,4,2,1,1,1,1
2,19,8,0.0014970531919971108,0,0,3,3,4,2,4,2,1,1,1,1
2,19,9,0.0066366116516292095,0,0,3,3,4,2,4,2,1,1,1,1
2,19,11,0.0037502669729292393,0,0,3,3,4,2,4,2,1,1,1,1
2,19,13,0.0026505254209041595,0,0,3,3,4,3,4,3,1,1,1,1
2,19,16,0.0005695801810361445,0,0,3,3,4,3,4,3,1,1,1,1
2,19,18,0.0043847826309502125,0,0,3,3,4,3,4,3,1,1,1,1
2,19,20,0.01346162986010313,0,0,3,3,4,4,4,4,1,1,1,1
2,19,22,0.02765858732163906,0,0,3,3,4,4,4,4,1,1,1,1
2,19,24,0.06947754323482513,0,0,3,3,4,4,4,4,1,1,1,1
2,19,25,0.004932886455208063,0,0,3,3,4,5,4,5,1,1,1,1
2,19,27,0.003927090670913458,0,0,3,3,4,5,4,5,1,1,1,1
2,19,28,0.008444071747362614,0,0,3,3,4,5,4,5,1,1,1,1
2,19,29,0.000987220904789865,0,0,3,3,4,5,4,5,1,1,1,1
2,19,32,0.026310333982110023,0,0,3,4,4,2,4,2,1,1,1,1
2,19,37,0.0004989315057173371,0,0,3,5,4,2,4,2,1,2,1,2
2,19,39,0.004898065701127052,0,0,3,5,4,4,4,4,1,2,1,2
2,19,40,0.00020996254170313478,0,0,3,5,4,5,4,5,1,2,1,2
2,19,41,0.3616940379142761,0,1,3,6,4,1,4,1,1,1,1,5
2,19,42,0.03723277896642685,0,1,3,6,4,2,4,2,1,1,1,5
2,19,43,0.006057922262698412,0,1,3,6,4,3,4,3,1,1,1,5
2,19,44,0.4030262231826782,0,1,3,6,4,4,4,4,1,1,1,5
2,19,45,0.00695898337289691,0,1,3,6,4,5,4,5,1,1,1,5
2,21,7,0.00020642044546548277,0,0,3,3,4,2,4,2,1,1,1,1
2,21,8,3.9321297663263977e-05,0,0,3,3,4,2,4,2,1,1,1,1
2,21,9,0.00038505325210280716,0,0,3,3,4,2,4,2,1,1,1,1
2,21,11,0.00012741159298457205,0,0,3,3,4,2,4,2,1,1,1,1
2,21,13,0.00010153484618058428,0,0,3,3,4,3,4,3,1,1,1,1
2,21,16,4.936816549161449e-05,0,0,3,3,4,3,4,3,1,1,1,1
2,21,18,6.898998253745958e-05,0,0,3,3,4,3,4,3,1,1,1,1
2,21,20,0.0001300592120969668,0,0,3,3,4,4,4,4,1,1,1,1
2,21,22,0.0002011848264373839,0,0,3,3,4,4,4,4,1,1,1,1
2,21,24,0.0007932190201245248,0,0,3,3,4,4,4,4,1,1,1,1
2,21,25,0.0004008418181911111,0,0,3,3,4,5,4,5,1,1,1,1
2,21,27,0.00012621996575035155,0,0,3,3,4,5,4,5,1,1,1,1
2,21,28,0.0004946974804624915,0,0,3,3,4,5,4,5,1,1,1,1
2,21,29,6.416127143893391e-05,0,0,3,3,4,5,4,5,1,1,1,1
2,21,32,0.0010476611787453294,0,0,3,4,4,2,4,2,1,1,1,1
2,21,37,0.00026212824741378427,0,0,3,5,4,2,4,2,1,2,1,2
2,21,39,0.0009414410451427102,0,0,3,5,4,4,4,4,1,2,1,2
2,21,40,8.373383752768859e-05,0,0,3,5,4,5,4,5,1,2,1,2
2,21,41,0.8111810088157654,0,1,3,6,4,1,4,1,1,1,1,5
2,21,42,0.06168438121676445,0,1,3,6,4,2,4,2,1,1,1,5
2,21,43,0.0036996365524828434,0,1,3,6,4,3,4,3,1,1,1,5
2,21,44,0.10794011503458023,0,1,3,6,4,4,4,4,1,1,1,5
2,21,45,0.009972053579986095,0,1,3,6,4,5,4,5,1,1,1,5
2,23,7,0.010269353166222572,0,0,3,3,4,2,4,2,1,1,1,1
2,23,8,0.0014136630343273282,0,0,3,3,4,2,4,2,1,1,1,1
2,23,9,0.006314235273748636,0,0,3,3,4,2,4,2,1,1,1,1
2,23,11,0.005099574103951454,0,0,3,3,4,2,4,2,1,1,1,1
2,23,13,0.0014967501629143953,0,0,3,3,4,3,4,3,1,1,1,1
2,23,16,0.00025694776559248567,0,0,3,3,4,3,4,3,1,1,1,1
2,23,18,0.001366761396639049,0,0,3,3,4,3,4,3,1,1,1,1
2,23,20,0.005261874292045832,0,0,3,3,4,4,4,4,1,1,1,1
2,23,22,0.006415390409529209,0,0,3,3,4,4,4,4,1,1,1,1
2,23,24,0.014021863229572773,0,0,3,3,4,4,4,4,1,1,1,1
2,23,25,0.0049248142167925835,0,0,3,3,4,5,4,5,1,1,1,1
2,23,27,0.0014373265439644456,0,0,3,3,4,5,4,5,1,1,1,1
2,23,28,0.00948508083820343,0,0,3,3,4,5,4,5,1,1,1,1
2,23,29,0.0005832244060002267,0,0,3,3,4,5,4,5,1,1,1,1
2,23,32,0.014498049393296242,0,0,3,4,4,2,4,2,1,1,1,1
2,23,37,0.0004127735155634582,0,0,3,5,4,2,4,2,1,2,1,2
2,23,39,0.002286340342834592,0,0,3,5,4,4,4,4,1,2,1,2
2,23,40,0.0004868044634349644,0,0,3,5,4,5,4,5,1,2,1,2
2,23,41,0.39029380679130554,0,1,3,6,4,1,4,1,1,1,1,5
2,23,42,0.24809692800045013,0,1,3,6,4,2,4,2,1,1,1,5
2,23,43,0.005883215460926294,0,1,3,6,4,3,4,3,1,1,1,5
2,23,44,0.24871979653835297,0,1,3,6,4,4,4,4,1,1,1,5
2,23,45,0.020975632593035698,0,1,3,6,4,5,4,5,1,1,1,5
2,26,7,0.0034317709505558014,0,0,3,3,5,2,5,2,1,1,1,1
2,26,8,0.0004426930390764028,0,0,3,3,5,2,5,2,1,1,1,1
2,26,9,0.0022306879982352257,0,0,3,3,5,2,5,2,1,1,1,1
2,26,11,0.0009549976675771177,0,0,3,3,5,2,5,2,1,1,1,1
2,26,13,0.0030923958402127028,0,0,3,3,5,3,5,3,1,1,1,1
2,26,16,0.0016668327152729034,0,0,3,3,5,3,5,3,1,1,1,1
2,26,18,0.0017307394882664084,0,0,3,3,5,3,5,3,1,1,1,1
2,26,20,0.0021283088717609644,0,0,3,3,5,4,5,4,1,1,1,1
2,26,22,0.0031958711333572865,0,0,3,3,5,4,5,4,1,1,1,1
2,26,24,0.002516973065212369,0,0,3,3,5,4,5,4,1,1,1,1
2,26,25,0.02225399762392044,0,0,3,3,5,5,5,5,1,1,1,1
2,26,27,0.0027752998284995556,0,0,3,3,5,5,5,5,1,1,1,1
2,26,28,0.0497179850935936,0,0,3,3,5,5,5,5,1,1,1,1
2,26,29,0.0011254899436607957,0,0,3,3,5,5,5,5,1,1,1,1
2,26,32,0.0025085685774683952,0,0,3,4,5,2,5,2,1,1,1,1
2,26,37,0.00010568134894128889,0,0,3,5,5,2,5,2,1,2,1,2
2,26,39,0.0011144262971356511,0,0,3,5,5,4,5,4,1,2,1,2
2,26,40,0.009585297666490078,0,0,3,5,5,5,5,5,1,2,1,2
2,26,41,0.06969060003757477,0,1,3,6,5,1,5,1,1,1,1,5
2,26,42,0.051146309822797775,0,1,3,6,5,2,5,2,1,1,1,5
2,26,43,0.01719633862376213,0,1,3,6,5,3,5,3,1,1,1,5
2,26,44,0.058633189648389816,0,1,3,6,5,4,5,4,1,1,1,5
2,26,45,0.6927558183670044,0,1,3,6,5,5,5,5,1,1,1,5
2,30,7,0.023243021219968796,0,0,3,3,5,2,5,2,1,1,1,1
2,30,8,0.004767707549035549,0,0,3,3,5,2,5,2,1,1,1,1
2,30,9,0.012478586286306381,0,0,3,3,5,2,5,2,1,1,1,1
2,30,11,0.010299247689545155,0,0,3,3,5,2,5,2,1,1,1,1
2,30,13,0.027227818965911865,0,0,3,3,5,3,5,3,1,1,1,1
2,30,16,0.003937669564038515,0,0,3,3,5,3,5,3,1,1,1,1
2,30,18,0.020656270906329155,0,0,3,3,5,3,5,3,1,1,1,1
2,30,20,0.03688296675682068,0,0,3,3,5,4,5,4,1,1,1,1
2,30,22,0.04876627400517464,0,0,3,3,5,4,5,4,1,1,1,1
2,30,24,0.04278883710503578,0,0,3,3,5,4,5,4,1,1,1,1
2,30,25,0.10006209462881088,0,0,3,3,5,5,5,5,1,1,1,1
2,30,27,0.03305801749229431,0,0,3,3,5,5,5,5,1,1,1,1
2,30,28,0.34122234582901,0,0,3,3,5,5,5,5,1,1,1,1
2,30,29,0.012454956769943237,0,0,3,3,5,5,5,5,1,1,1,1
2,30,32,0.011294284835457802,0,0,3,4,5,2,5,2,1,1,1,1
2,30,37,7.151853787945583e-05,0,0,3,5,5,2,5,2,1,2,1,2
2,30,39,0.0023743747733533382,0,0,3,5,5,4,5,4,1,2,1,2
2,30,40,0.005354820750653744,0,0,3,5,5,5,5,5,1,2,1,2
2,30,41,0.03805193677544594,0,1,3,6,5,1,5,1,1,1,1,5
2,30,42,0.020876934751868248,0,1,3,6,5,2,5,2,1,1,1,5
2,30,43,0.007674150634557009,0,1,3,6,5,3,5,3,1,1,1,5
2,30,44,0.06420890241861343,0,1,3,6,5,4,5,4,1,1,1,5
2,30,45,0.13224734365940094,0,1,3,6,5,5,5,5,1,1,1,5
2,31,7,0.00025345763424411416,0,0,4,3,1,2,1,2,1,1,1,1
2,31,8,0.00038140147808007896,0,0,4,3,1,2,1,2,1,1,1,1
2,31,9,0.0007673082873225212,0,0,4,3,1,2,1,2,1,1,1,1
2,31,11,0.0005285140359774232,0,0,4,3,1,2,1,2,1,1,1,1
2,31,13,0.00042613950790837407,0,0,4,3,1,3,1,3,1,1,1,1
2,31,16,0.0009571097907610238,0,0,4,3,1,3,1,3,1,1,1,1
2,31,18,0.00026659262948669493,0,0,4,3,1,3,1,3,1,1,1,1
2,31,20,0.00014151344657875597,0,0,4,3,1,4,1,4,1,1,1,1
2,31,22,0.00015545162023045123,0,0,4,3,1,4,1,4,1,1,1,1
2,31,24,0.00045866548316553235,0,0,4,3,1,4,1,4,1,1,1,1
2,31,25,0.00017713602574076504,0,0,4,3,1,5,1,5,1,1,1,1
2,31,27,0.00033341217203997076,0,0,4,3,1,5,1,5,1,1,1,1
2,31,28,0.0002196315908804536,0,0,4,3,1,5,1,5,1,1,1,1
2,31,29,0.0002715749142225832,0,0,4,3,1,5,1,5,1,1,1,1
2,31,32,0.002926964545622468,0,0,4,4,1,2,1,2,1,1,1,1
2,31,37,0.009506230242550373,0,0,4,5,1,2,1,2,1,2,1,2
2,31,39,0.0027368708979338408,0,0,4,5,1,4,1,4,1,2,1,2
2,31,40,0.00125945545732975,0,0,4,5,1,5,1,5,1,2,1,2
2,31,41,0.8222054243087769,0,1,4,6,1,1,1,1,1,1,1,5
2,31,42,0.06934654712677002,0,1,4,6,1,2,1,2,1,1,1,5
2,31,43,0.03386145830154419,0,1,4,6,1,3,1,3,1,1,1,5
2,31,44,0.03888241946697235,0,1,4,6,1,4,1,4,1,1,1,5
2,31,45,0.013936823233962059,0,1,4,6,1,5,1,5,1,1,1,5
2,33,7,0.00020955281797796488,0,0,4,3,3,2,3,2,1,1,1,1
2,33,8,6.519117596326396e-05,0,0,4,3,3,2,3,2,1,1,1,1
2,33,9,0.00023122165293898433,0,0,4,3,3,2,3,2,1,1,1,1
2,33,11,0.00014601030852645636,0,0,4,3,3,2,3,2,1,1,1,1
2,33,13,0.00018928837380371988,0,0,4,3,3,3,3,3,1,1,1,1
2,33,16,0.00024457633844576776,0,0,4,3,3,3,3,3,1,1,1,1
2,33,18,0.00010528751590754837,0,0,4,3,3,3,3,3,1,1,1,1
2,33,20,6.714706250932068e-05,0,0,4,3,3,4,3,4,1,1,1,1
2,33,22,4.642219209927134e-05,0,0,4,3,3,4,3,4,1,1,1,1
2,33,24,6.13483862252906e-05,0,0,4,3,3,4,3,4,1,1,1,1
2,33,25,0.00033591390820220113,0,0,4,3,3,5,3,5,1,1,1,1
2,33,27,0.0001905728131532669,0,0,4,3,3,5,3,5,1,1,1,1
2,33,28,0.001046824618242681,0,0,4,3,3,5,3,5,1,1,1,1
2,33,29,0.0001746495981933549,0,0,4,3,3,5,3,5,1,1,1,1
2,33,32,0.000548657844774425,0,0,4,4,3,2,3,2,1,1,1,1
2,33,37,0.0002894122735597193,0,0,4,5,3,2,3,2,1,2,1,2
2,33,39,0.00026878295466303825,0,0,4,5,3,4,3,4,1,2,1,2
2,33,40,0.00041971731116063893,0,0,4,5,3,5,3,5,1,2,1,2
2,33,41,0.42780739068984985,0,1,4,6,3,1,3,1,1,1,1,5
2,33,42,0.30281078815460205,0,1,4,6,3,2,3,2,1,1,1,5
2,33,43,0.07972073554992676,0,1,4,6,3,3,3,3,1,1,1,5
2,33,44,0.06056826934218407,0,1,4,6,3,4,3,4,1,1,1,5
2,33,45,0.12445226311683655,0,1,4,6,3,5,3,5,1,1,1,5
2,34,7,8.825894838082604e-06,0,0,4,3,4,2,4,2,1,1,1,1
2,34,8,5.040429641667288e-06,0,0,4,3,4,2,4,2,1,1,1,1
2,34,9,2.2521304344991222e-05,0,0,4,3,4,2,4,2,1,1,1,1
2,34,11,1.5115537280507851e-05,0,0,4,3,4,2,4,2,1,1,1,1
2,34,13,6.018648491590284e-06,0,0,4,3,4,3,4,3,1,1,1,1
2,34,16,9.660047908255365e-06,0,0,4,3,4,3,4,3,1,1,1,1
2,34,18,2.5140252546407282e-06,0,0,4,3,4,3,4,3,1,1,1,1
2,34,20,6.365979970723856e-06,0,0,4,3,4,4,4,4,1,1,1,1
2,34,22,7.074032509990502e-06,0,0,4,3,4,4,4,4,1,1,1,1
2,34,24,1.9147186321788467e-05,0,0,4,3,4,4,4,4,1,1,1,1
2,34,25,6.203977136465255e-06,0,0,4,3,4,5,4,5,1,1,1,1
2,34,27,4.906955382466549e-06,0,0,4,3,4,5,4,5,1,1,1,1
2,34,28,1.4624220966652501e-05,0,0,4,3,4,5,4,5,1,1,1,1
2,34,29,4.235031610733131e-06,0,0,4,3,4,5,4,5,1,1,1,1
2,34,32,5.914398570894264e-05,0,0,4,4,4,2,4,2,1,1,1,1
2,34,37,0.00011646123311948031,0,0,4,5,4,2,4,2,1,2,1,2
2,34,39,7.80368281994015e-05,0,0,4,5,4,4,4,4,1,2,1,2
2,34,40,2.820807640091516e-05,0,0,4,5,4,5,4,5,1,2,1,2
2,34,41,0.8429916501045227,0,1,4,6,4,1,4,1,1,1,1,5
2,34,42,0.07440916448831558,0,1,4,6,4,2,4,2,1,1,1,5
2,34,43,0.00787214282900095,0,1,4,6,4,3,4,3,1,1,1,5
2,34,44,0.06690701842308044,0,1,4,6,4,4,4,4,1,1,1,5
2,34,45,0.0074051315896213055,0,1,4,6,4,5,4,5,1,1,1,5
2,35,7,0.0007804328924976289,0,0,4,3,5,2,5,2,1,1,1,1
2,35,8,0.0003588210965972394,0,0,4,3,5,2,5,2,1,1,1,1
2,35,9,0.000833287718705833,0,0,4,3,5,2,5,2,1,1,1,1
2,35,11,0.0007874217117205262,0,0,4,3,5,2,5,2,1,1,1,1
2,35,13,0.0006208178820088506,0,0,4,3,5,3,5,3,1,1,1,1
2,35,16,0.0005997385596856475,0,0,4,3,5,3,5,3,1,1,1,1
2,35,18,0.00046891887905076146,0,0,4,3,5,3,5,3,1,1,1,1
2,35,20,0.0008227030048146844,0,0,4,3,5,4,5,4,1,1,1,1
2,35,22,0.0005151482182554901,0,0,4,3,5,4,5,4,1,1,1,1
2,35,24,0.000384702900191769,0,0,4,3,5,4,5,4,1,1,1,1
2,35,25,0.0008326261886395514,0,0,4,3,5,5,5,5,1,1,1,1
2,35,27,0.0006369831971824169,0,0,4,3,5,5,5,5,1,1,1,1
2,35,28,0.004048286005854607,0,0,4,3,5,5,5,5,1,1,1,1
2,35,29,0.0005754895973950624,0,0,4,3,5,5,5,5,1,1,1,1
2,35,32,0.0015592710115015507,0,0,4,4,5,2,5,2,1,1,1,1
2,35,37,0.0003974710707552731,0,0,4,5,5,2,5,2,1,2,1,2
2,35,39,0.0006040679872967303,0,0,4,5,5,4,5,4,1,2,1,2
2,35,40,0.0014045221032574773,0,0,4,5,5,5,5,5,1,2,1,2
2,35,41,0.29182952642440796,0,1,4,6,5,1,5,1,1,1,1,5
2,35,42,0.31724900007247925,0,1,4,6,5,2,5,2,1,1,1,5
2,35,43,0.08394697308540344,0,1,4,6,5,3,5,3,1,1,1,5
2,35,44,0.1407429575920105,0,1,4,6,5,4,5,4,1,1,1,5
2,35,45,0.15000078082084656,0,1,4,6,5,5,5,5,1,1,1,5
2,36,7,0.005081169307231903,0,0,5,3,1,2,1,2,2,1,2,1
2,36,8,0.006142539903521538,0,0,5,3,1,2,1,2,2,1,2,1
2,36,9,0.01182534359395504,0,0,5,3,1,2,1,2,2,1,2,1
2,36,11,0.0033220292534679174,0,0,5,3,1,2,1,2,2,1,2,1
2,36,13,0.10649645328521729,0,0,5,3,1,3,1,3,2,1,2,1
2,36,16,0.16022340953350067,0,0,5,3,1,3,1,3,2,1,2,1
2,36,18,0.03593173250555992,0,0,5,3,1,3,1,3,2,1,2,1
2,36,20,0.009268068708479404,0,0,5,3,1,4,1,4,2,1,2,1
2,36,22,0.029221951961517334,0,0,5,3,1,4,1,4,2,1,2,1
2,36,24,0.08758287876844406,0,0,5,3,1,4,1,4,2,1,2,1
2,36,25,0.049484193325042725,0,0,5,3,1,5,1,5,2,1,2,1
2,36,27,0.01124458760023117,0,0,5,3,1,5,1,5,2,1,2,1
2,36,28,0.006188683211803436,0,0,5,3,1,5,1,5,2,1,2,1
2,36,29,0.034925080835819244,0,0,5,3,1,5,1,5,2,1,2,1
2,36,32,0.0021013524383306503,0,0,5,4,1,2,1,2,2,1,2,1
2,36,37,0.0271177776157856,0,0,5,5,1,2,1,2,2,2,2,2
2,36,39,0.3026381731033325,0,0,5,5,1,4,1,4,2,2,2,2
2,36,40,0.016773486509919167,0,0,5,5,1,5,1,5,2,2,2,2
2,36,41,0.043347153812646866,0,1,5,6,1,1,1,1,2,1,2,5
2,36,42,0.0016495840391144156,0,1,5,6,1,2,1,2,2,1,2,5
2,36,43,0.012932684272527695,0,1,5,6,1,3,1,3,2,1,2,5
2,36,44,0.02729995734989643,0,1,5,6,1,4,1,4,2,1,2,5
2,36,45,0.00920176412910223,0,1,5,6,1,5,1,5,2,1,2,5
2,38,7,0.0009438531706109643,0,0,5,3,3,2,3,2,2,1,2,1
2,38,8,0.000314167671604082,0,0,5,3,3,2,3,2,2,1,2,1
2,38,9,0.0006233958411030471,0,0,5,3,3,2,3,2,2,1,2,1
2,38,11,0.00048027170123532414,0,0,5,3,3,2,3,2,2,1,2,1
2,38,13,0.010003799572587013,0,0,5,3,3,3,3,3,2,1,2,1
2,38,16,0.015637584030628204,0,0,5,3,3,3,3,3,2,1,2,1
2,38,18,0.0024628308601677418,0,0,5,3,3,3,3,3,2,1,2,1
2,38,20,0.0008544268202967942,0,0,5,3,3,4,3,4,2,1,2,1
2,38,22,0.0008188484935089946,0,0,5,3,3,4,3,4,2,1,2,1
2,38,24,0.0006887533236294985,0,0,5,3,3,4,3,4,2,1,2,1
2,38,25,0.011862100102007389,0,0,5,3,3,5,3,5,2,1,2,1
2,38,27,0.001994463847950101,0,0,5,3,3,5,3,5,2,1,2,1
2,38,28,0.02145017869770527,0,0,5,3,3,5,3,5,2,1,2,1
2,38,29,0.004076490178704262,0,0,5,3,3,5,3,5,2,1,2,1
2,38,32,0.0002695587172638625,0,0,5,4,3,2,3,2,2,1,2,1
2,38,37,0.0005065674195066094,0,0,5,5,3,2,3,2,2,2,2,2
2,38,39,0.004699817858636379,0,0,5,5,3,4,3,4,2,2,2,2
2,38,40,0.030422473326325417,0,0,5,5,3,5,3,5,2,2,2,2
2,38,41,0.0444091372191906,0,1,5,6,3,1,3,1,2,1,2,5
2,38,42,0.022010894492268562,0,1,5,6,3,2,3,2,2,1,2,5
2,38,43,0.07366941124200821,0,1,5,6,3,3,3,3,2,1,2,5
2,38,44,0.03168271481990814,0,1,5,6,3,4,3,4,2,1,2,5
2,38,45,0.7201183438301086,0,1,5,6,3,5,3,5,2,1,2,5
2,46,7,0.15944063663482666,2,0,7,3,0,2,0,2,0,1,4,1
2,46,8,0.40117695927619934,2,0,7,3,0,2,0,2,0,1,4,1
2,46,9,0.04783540964126587,2,0,7,3,0,2,0,2,0,1,4,1
2,46,11,0.16580840945243835,2,0,7,3,0,2,0,2,0,1,4,1
2,46,13,0.015034985728561878,2,0,7,3,0,3,0,3,0,1,4,1
2,46,16,0.013111427426338196,2,0,7,3,0,3,0,3,0,1,4,1
2,46,18,0.02555699273943901,2,0,7,3,0,3,0,3,0,1,4,1
2,46,20,0.016390640288591385,2,0,7,3,0,4,0,4,0,1,4,1
2,46,22,0.01642967015504837,2,0,7,3,0,4,0,4,0,1,4,1
2,46,24,0.02763141319155693,2,0,7,3,0,4,0,4,0,1,4,1
2,46,25,0.001830500434152782,2,0,7,3,0,5,0,5,0,1,4,1
2,46,27,0.007835251279175282,2,0,7,3,0,5,0,5,0,1,4,1
2,46,28,0.00032326183281838894,2,0,7,3,0,5,0,5,0,1,4,1
2,46,29,0.007955282926559448,2,0,7,3,0,5,0,5,0,1,4,1
2,46,32,0.03449797257781029,2,0,7,4,0,2,0,2,0,1,4,1
2,46,37,0.05522375553846359,2,0,7,5,0,2,0,2,0,2,4,2
2,46,39,0.0022911634296178818,2,0,7,5,0,4,0,4,0,2,4,2
2,46,40,0.00032292475225403905,2,0,7,5,0,5,0,5,0,2,4,2
2,46,41,6.631914584431797e-05,2,1,7,6,0,1,0,1,0,1,4,5
2,46,42,0.00047075824113562703,2,1,7,6,0,2,0,2,0,1,4,5
2,46,43,0.0005906077567487955,2,1,7,6,0,3,0,3,0,1,4,5
2,46,44,0.00016947192489169538,2,1,7,6,0,4,0,4,0,1,4,5
2,46,45,6.25614575255895e-06,2,1,7,6,0,5,0,5,0,1,4,5
3,7,0,0.004799860995262861,0,0,3,1,2,0,2,0,1,2,1,4
3,7,1,2.1352176190703176e-05,0,0,3,3,2,1,2,1,1,1,1,1
3,7,2,0.00012268751743249595,0,0,3,3,2,1,2,1,1,1,1,1
3,7,3,1.0182920050283428e-05,0,0,3,3,2,1,2,1,1,1,1,1
3,7,4,5.298915129969828e-05,0,0,3,3,2,1,2,1,1,1,1,1
3,7,5,3.320218456792645e-05,0,0,3,3,2,1,2,1,1,1,1,1
3,7,6,1.2624408554984257e-05,0,0,3,3,2,1,2,1,1,1,1,1
3,7,10,2.707995008677244e-06,0,0,3,3,2,2,2,2,1,1,1,1
3,7,12,2.0896075056953123e-06,0,0,3,3,2,2,2,2,1,1,1,1
3,7,14,2.411769855825696e-05,0,0,3,3,2,3,2,3,1,1,1,1
3,7,15,4.238092151354067e-05,0,0,3,3,2,3,2,3,1,1,1,1
3,7,17,6.304877024376765e-05,0,0,3,3,2,3,2,3,1,1,1,1
3,7,19,1.037509719026275e-05,0,0,3,3,2,4,2,4,1,1,1,1
3,7,21,3.3712334698066115e-05,0,0,3,3,2,4,2,4,1,1,1,1
3,7,23,2.115698634952423e-06,0,0,3,3,2,4,2,4,1,1,1,1
3,7,26,1.7466896679252386e-05,0,0,3,3,2,5,2,5,1,1,1,1
3,7,30,0.00022866656945552677,0,0,3,3,2,5,2,5,1,1,1,1
3,7,31,1.3380913514993154e-05,0,0,3,4,2,1,2,1,1,1,1,1
3,7,33,6.083557673264295e-05,0,0,3,4,2,3,2,3,1,1,1,1
3,7,34,3.597272007027641e-05,0,0,3,4,2,4,2,4,1,1,1,1
3,7,35,0.00016139596118591726,0,0,3,4,2,5,2,5,1,1,1,1
3,7,36,0.0007697581895627081,0,0,3,5,2,1,2,1,1,2,1,2
3,7,38,0.0016424237983301282,0,0,3,5,2,3,2,3,1,2,1,2
3,7,46,0.9918355941772461,0,2,3,7,2,0,2,0,1,0,1,4
3,8,0,0.004191716201603413,0,0,3,1,2,0,2,0,1,2,1,4
3,8,1,7.125837873900309e-05,0,0,3,3,2,1,2,1,1,1,1,1
3,8,2,0.00018965364142786711,0,0,3,3,2,1,2,1,1,1,1,1
3,8,3,2.8058397219865583e-05,0,0,3,3,2,1,2,1,1,1,1,1
3,8,4,0.00015379302203655243,0,0,3,3,2,1,2,1,1,1,1,1
3,8,5,3.419547647354193e-05,0,0,3,3,2,1,2,1,1,1,1,1
3,8,6,2.2694239305565134e-05,0,0,3,3,2,1,2,1,1,1,1,1
3,8,10,9.493393008597195e-06,0,0,3,3,2,2,2,2,1,1,1,1
3,8,12,5.649565991916461e-06,0,0,3,3,2,2,2,2,1,1,1,1
3,8,14,0.00016433483688160777,0,0,3,3,2,3,2,3,1,1,1,1
3,8,15,0.00022782785526942462,0,0,3,3,2,3,2,3,1,1,1,1
3,8,17,0.000397898635128513,0,0,3,3,2,3,2,3,1,1,1,1
3,8,19,1.317196529271314e-05,0,0,3,3,2,4,2,4,1,1,1,1
3,8,21,3.5904628020944074e-05,0,0,3,3,2,4,2,4,1,1,1,1
3,8,23,3.1453146220883355e-06,0,0,3,3,2,4,2,4,1,1,1,1
3,8,26,5.312602297635749e-05,0,0,3,3,2,5,2,5,1,1,1,1
3,8,30,0.000908326474018395,0,0,3,3,2,5,2,5,1,1,1,1
3,8,31,2.3958889869390987e-05,0,0,3,4,2,1,2,1,1,1,1,1
3,8,33,0.0004201361443847418,0,0,3,4,2,3,2,3,1,1,1,1
3,8,34,3.095380088780075e-05,0,0,3,4,2,4,2,4,1,1,1,1
3,8,35,0.00032965673017315567,0,0,3,4,2,5,2,5,1,1,1,1
3,8,36,0.0003289387095719576,0,0,3,5,2,1,2,1,1,2,1,2
3,8,38,0.0016350214136764407,0,0,3,5,2,3,2,3,1,2,1,2
3,8,46,0.9907209277153015,0,2,3,7,2,0,2,0,1,0,1,4
3,9,0,0.005602591671049595,0,0,3,1,2,0,2,0,1,2,1,4
3,9,1,4.255139720044099e-05,0,0,3,3,2,1,2,1,1,1,1,1
3,9,2,0.00020063297415617853,0,0,3,3,2,1,2,1,1,1,1,1
3,9,3,2.9415612516459078e-05,0,0,3,3,2,1,2,1,1,1,1,1
3,9,4,9.818017133511603e-05,0,0,3,3,2,1,2,1,1,1,1,1
3,9,5,5.2605828386731446e-05,0,0,3,3,2,1,2,1,1,1,1,1
3,9,6,2.0493440388236195e-05,0,0,3,3,2,1,2,1,1,1,1,1
3,9,10,3.2505755370948464e-05,0,0,3,3,2,2,2,2,1,1,1,1
3,9,12,1.8355005522607826e-05,0,0,3,3,2,2,2,2,1,1,1,1
3,9,14,0.00036404019920155406,0,0,3,3,2,3,2,3,1,1,1,1
3,9,15,0.0007102928357198834,0,0,3,3,2,3,2,3,1,1,1,1
3,9,17,0.0015874684322625399,0,0,3,3,2,3,2,3,1,1,1,1
3,9,19,3.5723332985071465e-05,0,0,3,3,2,4,2,4,1,1,1,1
3,9,21,0.00012749378220178187,0,0,3,3,2,4,2,4,1,1,1,1
3,9,23,1.2514264199126046e-05,0,0,3,3,2,4,2,4,1,1,1,1
3,9,26,0.0001396098086843267,0,0,3,3,2,5,2,5,1,1,1,1
3,9,30,0.001608891412615776,0,0,3,3,2,5,2,5,1,1,1,1
3,9,31,3.100096364505589e-05,0,0,3,4,2,1,2,1,1,1,1,1
3,9,33,0.000985357677564025,0,0,3,4,2,3,2,3,1,1,1,1
3,9,34,0.00014975969679653645,0,0,3,4,2,4,2,4,1,1,1,1
3,9,35,0.0006578657194040716,0,0,3,4,2,5,2,5,1,1,1,1
3,9,36,0.00031627537100575864,0,0,3,5,2,1,2,1,1,2,1,2
3,9,38,0.0029061853419989347,0,0,3,5,2,3,2,3,1,2,1,2
3,9,46,0.9842702746391296,0,2,3,7,2,0,2,0,1,0,1,4
3,11,0,0.003191036870703101,0,0,3,1,2,0,2,0,1,2,1,4
3,11,1,2.70146247203229e-05,0,0,3,3,2,1,2,1,1,1,1,1
3,11,2,9.260848310077563e-05,0,0,3,3,2,1,2,1,1,1,1,1
3,11,3,1.453537515772041e-05,0,0,3,3,2,1,2,1,1,1,1,1
3,11,4,9.350982145406306e-05,0,0,3,3,2,1,2,1,1,1,1,1
3,11,5,2.1123525584698655e-05,0,0,3,3,2,1,2,1,1,1,1,1
3,11,6,1.9431217879173346e-05,0,0,3,3,2,1,2,1,1,1,1,1
3,11,10,3.039700914087007e-06,0,0,3,3,2,2,2,2,1,1,1,1
3,11,12,1.901217615341011e-06,0,0,3,3,2,2,2,2,1,1,1,1
3,11,14,5.6333912652917206e-05,0,0,3,3,2,3,2,3,1,1,1,1
3,11,15,9.736270294524729e-05,0,0,3,3,2,3,2,3,1,1,1,1
3,11,17,0.00011317062308080494,0,0,3,3,2,3,2,3,1,1,1,1
3,11,19,5.401235284807626e-06,0,0,3,3,2,4,2,4,1,1,1,1
3,11,21,3.5072163882432505e-05,0,0,3,3,2,4,2,4,1,1,1,1
3,11,23,2.9896564228693023e-06,0,0,3,3,2,4,2,4,1,1,1,1
3,11,26,2.990664324897807e-05,0,0,3,3,2,5,2,5,1,1,1,1
3,11,30,0.0004241183924023062,0,0,3,3,2,5,2,5,1,1,1,1
3,11,31,1.6296555259032175e-05,0,0,3,4,2,1,2,1,1,1,1,1
3,11,33,0.00022691935009788722,0,0,3,4,2,3,2,3,1,1,1,1
3,11,34,2.223356204922311e-05,0,0,3,4,2,4,2,4,1,1,1,1
3,11,35,0.0002750591083895415,0,0,3,4,2,5,2,5,1,1,1,1
3,11,36,0.0003264449769631028,0,0,3,5,2,1,2,1,1,2,1,2
3,11,38,0.0008083418942987919,0,0,3,5,2,3,2,3,1,2,1,2
3,11,46,0.9940964579582214,0,2,3,7,2,0,2,0,1,0,1,4
3,13,0,0.04676584526896477,0,0,3,1,3,0,3,0,1,2,1,4
3,13,1,0.0036990074440836906,0,0,3,3,3,1,3,1,1,1,1,1
3,13,2,0.012834019958972931,0,0,3,3,3,1,3,1,1,1,1,1
3,13,3,0.0027218640316277742,0,0,3,3,3,1,3,1,1,1,1,1
3,13,4,0.017184827476739883,0,0,3,3,3,1,3,1,1,1,1,1
3,13,5,0.016720633953809738,0,0,3,3,3,1,3,1,1,1,1,1
3,13,6,0.012860381975769997,0,0,3,3,3,1,3,1,1,1,1,1
3,13,10,0.0034786846954375505,0,0,3,3,3,2,3,2,1,1,1,1
3,13,12,0.0030003138817846775,0,0,3,3,3,2,3,2,1,1,1,1
3,13,14,0.013045873492956161,0,0,3,3,3,3,3,3,1,1,1,1
3,13,15,0.016489548608660698,0,0,3,3,3,3,3,3,1,1,1,1
3,13,17,0.011717099696397781,0,0,3,3,3,3,3,3,1,1,1,1
3,13,19,0.006808367092162371,0,0,3,3,3,4,3,4,1,1,1,1
3,13,21,0.03192375600337982,0,0,3,3,3,4,3,4,1,1,1,1
3,13,23,0.01697433926165104,0,0,3,3,3,4,3,4,1,1,1,1
3,13,26,0.02026468887925148,0,0,3,3,3,5,3,5,1,1,1,1
3,13,30,0.19680610299110413,0,0,3,3,3,5,3,5,1,1,1,1
3,13,31,0.008203236386179924,0,0,3,4,3,1,3,1,1,1,1,1
3,13,33,0.01751924306154251,0,0,3,4,3,3,3,3,1,1,1,1
3,13,34,0.006762390490621328,0,0,3,4,3,4,3,4,1,1,1,1
3,13,35,0.0803261548280716,0,0,3,4,3,5,3,5,1,1,1,1
3,13,36,0.01933220587670803,0,0,3,5,3,1,3,1,1,2,1,2
3,13,38,0.013538109138607979,0,0,3,5,3,3,3,3,1,2,1,2
3,13,46,0.42102357745170593,0,2,3,7,3,0,3,0,1,0,1,4
3,16,0,0.02917839027941227,0,0,3,1,3,0,3,0,1,2,1,4
3,16,1,0.0002600763691589236,0,0,3,3,3,1,3,1,1,1,1,1
3,16,2,0.0011328042019158602,0,0,3,3,3,1,3,1,1,1,1,1
3,16,3,0.00017190487415064126,0,0,3,3,3,1,3,1,1,1,1,1
3,16,4,0.002157563576474786,0,0,3,3,3,1,3,1,1,1,1,1
3,16,5,0.0007479135529138148,0,0,3,3,3,1,3,1,1,1,1,1
3,16,6,0.0005995190585963428,0,0,3,3,3,1,3,1,1,1,1,1
3,16,10,0.00018326766439713538,0,0,3,3,3,2,3,2,1,1,1,1
3,16,12,7.056728645693511e-05,0,0,3,3,3,2,3,2,1,1,1,1
3,16,14,0.0017049429006874561,0,0,3,3,3,3,3,3,1,1,1,1
3,16,15,0.0015750151360407472,0,0,3,3,3,3,3,3,1,1,1,1
3,16,17,0.002767863916233182,0,0,3,3,3,3,3,3,1,1,1,1
3,16,19,0.00039034083602018654,0,0,3,3,3,4,3,4,1,1,1,1
3,16,21,0.0016862942138686776,0,0,3,3,3,4,3,4,1,1,1,1
3,16,23,0.00032252713572233915,0,0,3,3,3,4,3,4,1,1,1,1
3,16,26,0.0038592994678765535,0,0,3,3,3,5,3,5,1,1,1,1
3,16,30,0.035868339240550995,0,0,3,3,3,5,3,5,1,1,1,1
3,16,31,0.0007946051773615181,0,0,3,4,3,1,3,1,1,1,1,1
3,16,33,0.0034709081519395113,0,0,3,4,3,3,3,3,1,1,1,1
3,16,34,0.0014979566913098097,0,0,3,4,3,4,3,4,1,1,1,1
3,16,35,0.014195912517607212,0,0,3,4,3,5,3,5,1,1,1,1
3,16,36,0.007017786148935556,0,0,3,5,3,1,3,1,1,2,1,2
3,16,38,0.007789259310811758,0,0,3,5,3,3,3,3,1,2,1,2
3,16,46,0.8825570344924927,0,2,3,7,3,0,3,0,1,0,1,4
3,18,0,0.02227851189672947,0,0,3,1,3,0,3,0,1,2,1,4
3,18,1,0.0018512677634134889,0,0,3,3,3,1,3,1,1,1,1,1
3,18,2,0.005714322905987501,0,0,3,3,3,1,3,1,1,1,1,1
3,18,3,0.0010007835226133466,0,0,3,3,3,1,3,1,1,1,1,1
3,18,4,0.0058106593787670135,0,0,3,3,3,1,3,1,1,1,1,1
3,18,5,0.004040083382278681,0,0,3,3,3,1,3,1,1,1,1,1
3,18,6,0.00438986299559474,0,0,3,3,3,1,3,1,1,1,1,1
3,18,10,0.001195899909362197,0,0,3,3,3,2,3,2,1,1,1,1
3,18,12,0.0008622813620604575,0,0,3,3,3,2,3,2,1,1,1,1
3,18,14,0.004381136503070593,0,0,3,3,3,3,3,3,1,1,1,1
3,18,15,0.008280444890260696,0,0,3,3,3,3,3,3,1,1,1,1
3,18,17,0.0049026599153876305,0,0,3,3,3,3,3,3,1,1,1,1
3,18,19,0.0012791481567546725,0,0,3,3,3,4,3,4,1,1,1,1
3,18,21,0.006126544903963804,0,0,3,3,3,4,3,4,1,1,1,1
3,18,23,0.0032833328004926443,0,0,3,3,3,4,3,4,1,1,1,1
3,18,26,0.0027040692511945963,0,0,3,3,3,5,3,5,1,1,1,1
3,18,30,0.03268614411354065,0,0,3,3,3,5,3,5,1,1,1,1
3,18,31,0.003344008233398199,0,0,3,4,3,1,3,1,1,1,1,1
3,18,33,0.016129884868860245,0,0,3,4,3,3,3,3,1,1,1,1
3,18,34,0.0023215238470584154,0,0,3,4,3,4,3,4,1,1,1,1
3,18,35,0.022975817322731018,0,0,3,4,3,5,3,5,1,1,1,1
3,18,36,0.0050994702614843845,0,0,3,5,3,1,3,1,1,2,1,2
3,18,38,0.007529477588832378,0,0,3,5,3,3,3,3,1,2,1,2
3,18,46,0.8318129777908325,0,2,3,7,3,0,3,0,1,0,1,4
3,20,0,0.009549964219331741,0,0,3,1,4,0,4,0,1,2,1,4
3,20,1,0.0004936396726407111,0,0,3,3,4,1,4,1,1,1,1,1
3,20,2,0.0009711006423458457,0,0,3,3,4,1,4,1,1,1,1,1
3,20,3,0.0002593389363028109,0,0,3,3,4,1,4,1,1,1,1,1
3,20,4,0.0005671083345077932,0,0,3,3,4,1,4,1,1,1,1,1
3,20,5,0.00014514826762024313,0,0,3,3,4,1,4,1,1,1,1,1
3,20,6,0.0001992934849113226,0,0,3,3,4,1,4,1,1,1,1,1
3,20,10,0.00010809535888256505,0,0,3,3,4,2,4,2,1,1,1,1
3,20,12,0.00017839643987827003,0,0,3,3,4,2,4,2,1,1,1,1
3,20,14,0.0010418921010568738,0,0,3,3,4,3,4,3,1,1,1,1
3,20,15,0.0011702078627422452,0,0,3,3,4,3,4,3,1,1,1,1
3,20,17,0.0020608778577297926,0,0,3,3,4,3,4,3,1,1,1,1
3,20,19,0.0002019380481215194,0,0,3,3,4,4,4,4,1,1,1,1
3,20,21,0.0004466364625841379,0,0,3,3,4,4,4,4,1,1,1,1
3,20,23,6.111853144830093e-05,0,0,3,3,4,4,4,4,1,1,1,1
3,20,26,0.0004277732805348933,0,0,3,3,4,5,4,5,1,1,1,1
3,20,30,0.002859215484932065,0,0,3,3,4,5,4,5,1,1,1,1
3,20,31,0.00012591546692419797,0,0,3,4,4,1,4,1,1,1,1,1
3,20,33,0.002271093660965562,0,0,3,4,4,3,4,3,1,1,1,1
3,20,34,0.00034742956631816924,0,0,3,4,4,4,4,4,1,1,1,1
3,20,35,0.0014552758075296879,0,0,3,4,4,5,4,5,1,1,1,1
3,20,36,0.00046712326002307236,0,0,3,5,4,1,4,1,1,2,1,2
3,20,38,0.0027361116372048855,0,0,3,5,4,3,4,3,1,2,1,2
3,20,46,0.971855640411377,0,2,3,7,4,0,4,0,1,0,1,4
3,22,0,0.01039165910333395,0,0,3,1,4,0,4,0,1,2,1,4
3,22,1,0.0006710925372317433,0,0,3,3,4,1,4,1,1,1,1,1
3,22,2,0.0011998760746791959,0,0,3,3,4,1,4,1,1,1,1,1
3,22,3,0.0004918652703054249,0,0,3,3,4,1,4,1,1,1,1,1
3,22,4,0.000679758726619184,0,0,3,3,4,1,4,1,1,1,1,1
3,22,5,0.00011675989662762731,0,0,3,3,4,1,4,1,1,1,1,1
3,22,6,0.00024210034462157637,0,0,3,3,4,1,4,1,1,1,1,1
3,22,10,0.00010174115595873445,0,0,3,3,4,2,4,2,1,1,1,1
3,22,12,0.00020325096556916833,0,0,3,3,4,2,4,2,1,1,1,1
3,22,14,0.0006277404609136283,0,0,3,3,4,3,4,3,1,1,1,1
3,22,15,0.0005777642363682389,0,0,3,3,4,3,4,3,1,1,1,1
3,22,17,0.0013502768706530333,0,0,3,3,4,3,4,3,1,1,1,1
3,22,19,0.00015294228796847165,0,0,3,3,4,4,4,4,1,1,1,1
3,22,21,0.00032274730619974434,0,0,3,3,4,4,4,4,1,1,1,1
3,22,23,2.7217438400839455e-05,0,0,3,3,4,4,4,4,1,1,1,1
3,22,26,0.0002732039138209075,0,0,3,3,4,5,4,5,1,1,1,1
3,22,30,0.0007804683991707861,0,0,3,3,4,5,4,5,1,1,1,1
3,22,31,8.279539179056883e-05,0,0,3,4,4,1,4,1,1,1,1,1
3,22,33,0.0011889564339071512,0,0,3,4,4,3,4,3,1,1,1,1
3,22,34,0.00031831098021939397,0,0,3,4,4,4,4,4,1,1,1,1
3,22,35,0.0007364595076069236,0,0,3,4,4,5,4,5,1,1,1,1
3,22,36,0.0007609287858940661,0,0,3,5,4,1,4,1,1,2,1,2
3,22,38,0.0029154240619391203,0,0,3,5,4,3,4,3,1,2,1,2
3,22,46,0.9757864475250244,0,2,3,7,4,0,4,0,1,0,1,4
3,24,0,0.004442878998816013,0,0,3,1,4,0,4,0,1,2,1,4
3,24,1,2.8290685804677196e-05,0,0,3,3,4,1,4,1,1,1,1,1
3,24,2,0.00011618974531302229,0,0,3,3,4,1,4,1,1,1,1,1
3,24,3,1.9086413885816e-05,0,0,3,3,4,1,4,1,1,1,1,1
3,24,4,5.4364922107197344e-05,0,0,3,3,4,1,4,1,1,1,1,1
3,24,5,1.5104453268577345e-05,0,0,3,3,4,1,4,1,1,1,1,1
3,24,6,1.4611635378969368e-05,0,0,3,3,4,1,4,1,1,1,1,1
3,24,10,5.140298526384868e-06,0,0,3,3,4,2,4,2,1,1,1,1
3,24,12,5.633556156681152e-06,0,0,3,3,4,2,4,2,1,1,1,1
3,24,14,2.5370785806444474e-05,0,0,3,3,4,3,4,3,1,1,1,1
3,24,15,3.619585186243057e-05,0,0,3,3,4,3,4,3,1,1,1,1
3,24,17,7.402761548291892e-05,0,0,3,3,4,3,4,3,1,1,1,1
3,24,19,1.3295150893100072e-05,0,0,3,3,4,4,4,4,1,1,1,1
3,24,21,6.134005525382236e-05,0,0,3,3,4,4,4,4,1,1,1,1
3,24,23,3.4805605082510738e-06,0,0,3,3,4,4,4,4,1,1,1,1
3,24,26,1.7995656889979728e-05,0,0,3,3,4,5,4,5,1,1,1,1
3,24,30,8.781301585258916e-05,0,0,3,3,4,5,4,5,1,1,1,1
3,24,31,9.122148185269907e-06,0,0,3,4,4,1,4,1,1,1,1,1
3,24,33,9.103808406507596e-05,0,0,3,4,4,3,4,3,1,1,1,1
3,24,34,0.00010107035632245243,0,0,3,4,4,4,4,4,1,1,1,1
3,24,35,0.00012438018165994436,0,0,3,4,4,5,4,5,1,1,1,1
3,24,36,0.0006198513437993824,0,0,3,5,4,1,4,1,1,2,1,2
3,24,38,0.0011896578362211585,0,0,3,5,4,3,4,3,1,2,1,2
3,24,46,0.9928442239761353,0,2,3,7,4,0,4,0,1,0,1,4
3,25,0,0.0019172662869095802,0,0,3,1,5,0,5,0,1,2,1,4
3,25,1,0.004727940075099468,0,0,3,3,5,1,5,1,1,1,1,1
3,25,2,0.0045118173584342,0,0,3,3,5,1,5,1,1,1,1,1
3,25,3,0.002288518473505974,0,0,3,3,5,1,5,1,1,1,1,1
3,25,4,0.005316464696079493,0,0,3,3,5,1,5,1,1,1,1,1
3,25,5,0.006416645832359791,0,0,3,3,5,1,5,1,1,1,1,1
3,25,6,0.004001969937235117,0,0,3,3,5,1,5,1,1,1,1,1
3,25,10,0.008390543982386589,0,0,3,3,5,2,5,2,1,1,1,1
3,25,12,0.011806965805590153,0,0,3,3,5,2,5,2,1,1,1,1
3,25,14,0.1156119704246521,0,0,3,3,5,3,5,3,1,1,1,1
3,25,15,0.13305816054344177,0,0,3,3,5,3,5,3,1,1,1,1
3,25,17,0.1973954290151596,0,0,3,3,5,3,5,3,1,1,1,1
3,25,19,0.006082977633923292,0,0,3,3,5,4,5,4,1,1,1,1
3,25,21,0.0033006242010742426,0,0,3,3,5,4,5,4,1,1,1,1
3,25,23,0.006400254089385271,0,0,3,3,5,4,5,4,1,1,1,1
3,25,26,0.06834001839160919,0,0,3,3,5,5,5,5,1,1,1,1
3,25,30,0.29228734970092773,0,0,3,3,5,5,5,5,1,1,1,1
3,25,31,0.002436237409710884,0,0,3,4,5,1,5,1,1,1,1,1
3,25,33,0.08625424653291702,0,0,3,4,5,3,5,3,1,1,1,1
3,25,34,0.0007003388018347323,0,0,3,4,5,4,5,4,1,1,1,1
3,25,35,0.030258510261774063,0,0,3,4,5,5,5,5,1,1,1,1
3,25,36,0.00011997825640719384,0,0,3,5,5,1,5,1,1,2,1,2
3,25,38,0.003215842880308628,0,0,3,5,5,3,5,3,1,2,1,2
3,25,46,0.0051599289290606976,0,2,3,7,5,0,5,0,1,0,1,4
3,27,0,0.0005756665486842394,0,0,3,1,5,0,5,0,1,2,1,4
3,27,1,0.0036290674470365047,0,0,3,3,5,1,5,1,1,1,1,1
3,27,2,0.0018019832205027342,0,0,3,3,5,1,5,1,1,1,1,1
3,27,3,0.0013644532300531864,0,0,3,3,5,1,5,1,1,1,1,1
3,27,4,0.0034890053793787956,0,0,3,3,5,1,5,1,1,1,1,1
3,27,5,0.0008838046924211085,0,0,3,3,5,1,5,1,1,1,1,1
3,27,6,0.0016895378939807415,0,0,3,3,5,1,5,1,1,1,1,1
3,27,10,0.0047890315763652325,0,0,3,3,5,2,5,2,1,1,1,1
3,27,12,0.007185130380094051,0,0,3,3,5,2,5,2,1,1,1,1
3,27,14,0.1473906934261322,0,0,3,3,5,3,5,3,1,1,1,1
3,27,15,0.13358382880687714,0,0,3,3,5,3,5,3,1,1,1,1
3,27,17,0.17970187962055206,0,0,3,3,5,3,5,3,1,1,1,1
3,27,19,0.0011466224677860737,0,0,3,3,5,4,5,4,1,1,1,1
3,27,21,0.0008598510175943375,0,0,3,3,5,4,5,4,1,1,1,1
3,27,23,0.002339873928576708,0,0,3,3,5,4,5,4,1,1,1,1
3,27,26,0.03758605942130089,0,0,3,3,5,5,5,5,1,1,1,1
3,27,30,0.31012290716171265,0,0,3,3,5,5,5,5,1,1,1,1
3,27,31,0.001156026148237288,0,0,3,4,5,1,5,1,1,1,1,1
3,27,33,0.14097720384597778,0,0,3,4,5,3,5,3,1,1,1,1
3,27,34,0.00013338298595044762,0,0,3,4,5,4,5,4,1,1,1,1
3,27,35,0.015296803787350655,0,0,3,4,5,5,5,5,1,1,1,1
3,27,36,8.763900041230954e-06,0,0,3,5,5,1,5,1,1,2,1,2
3,27,38,0.00047216287930496037,0,0,3,5,5,3,5,3,1,2,1,2
3,27,46,0.0038160684052854776,0,2,3,7,5,0,5,0,1,0,1,4
3,28,0,0.016764981672167778,0,0,3,1,5,0,5,0,1,2,1,4
3,28,1,0.008772509172558784,0,0,3,3,5,1,5,1,1,1,1,1
3,28,2,0.012820362113416195,0,0,3,3,5,1,5,1,1,1,1,1
3,28,3,0.002604821464046836,0,0,3,3,5,1,5,1,1,1,1,1
3,28,4,0.010507570579648018,0,0,3,3,5,1,5,1,1,1,1,1
3,28,5,0.003392902435734868,0,0,3,3,5,1,5,1,1,1,1,1
3,28,6,0.004724389407783747,0,0,3,3,5,1,5,1,1,1,1,1
3,28,10,0.004403783939778805,0,0,3,3,5,2,5,2,1,1,1,1
3,28,12,0.0030121835879981518,0,0,3,3,5,2,5,2,1,1,1,1
3,28,14,0.059595320373773575,0,0,3,3,5,3,5,3,1,1,1,1
3,28,15,0.05526934191584587,0,0,3,3,5,3,5,3,1,1,1,1
3,28,17,0.12106289714574814,0,0,3,3,5,3,5,3,1,1,1,1
3,28,19,0.00168179115280509,0,0,3,3,5,4,5,4,1,1,1,1
3,28,21,0.0006062495522201061,0,0,3,3,5,4,5,4,1,1,1,1
3,28,23,0.0010303872404620051,0,0,3,3,5,4,5,4,1,1,1,1
3,28,26,0.16153942048549652,0,0,3,3,5,5,5,5,1,1,1,1
3,28,30,0.29120463132858276,0,0,3,3,5,5,5,5,1,1,1,1
3,28,31,0.0036296530161052942,0,0,3,4,5,1,5,1,1,1,1,1
3,28,33,0.06112997606396675,0,0,3,4,5,3,5,3,1,1,1,1
3,28,34,0.0009101988980546594,0,0,3,4,5,4,5,4,1,1,1,1
3,28,35,0.04365411028265953,0,0,3,4,5,5,5,5,1,1,1,1
3,28,36,0.0013347124913707376,0,0,3,5,5,1,5,1,1,2,1,2
3,28,38,0.024615192785859108,0,0,3,5,5,3,5,3,1,2,1,2
3,28,46,0.10573287308216095,0,2,3,7,5,0,5,0,1,0,1,4
3,29,0,0.007451636251062155,0,0,3,1,5,0,5,0,1,2,1,4
3,29,1,0.014778591692447662,0,0,3,3,5,1,5,1,1,1,1,1
3,29,2,0.00822509080171585,0,0,3,3,5,1,5,1,1,1,1,1
3,29,3,0.006085059139877558,0,0,3,3,5,1,5,1,1,1,1,1
3,29,4,0.008392690680921078,0,0,3,3,5,1,5,1,1,1,1,1
3,29,5,0.002169645158573985,0,0,3,3,5,1,5,1,1,1,1,1
3,29,6,0.002917602425441146,0,0,3,3,5,1,5,1,1,1,1,1
3,29,10,0.009339517913758755,0,0,3,3,5,2,5,2,1,1,1,1
3,29,12,0.008981151506304741,0,0,3,3,5,2,5,2,1,1,1,1
3,29,14,0.13012823462486267,0,0,3,3,5,3,5,3,1,1,1,1
3,29,15,0.13243448734283447,0,0,3,3,5,3,5,3,1,1,1,1
3,29,17,0.21968448162078857,0,0,3,3,5,3,5,3,1,1,1,1
3,29,19,0.0035129389725625515,0,0,3,3,5,4,5,4,1,1,1,1
3,29,21,0.0030114592518657446,0,0,3,3,5,4,5,4,1,1,1,1
3,29,23,0.002726534614339471,0,0,3,3,5,4,5,4,1,1,1,1
3,29,26,0.03905176743865013,0,0,3,3,5,5,5,5,1,1,1,1
3,29,30,0.13237246870994568,0,0,3,3,5,5,5,5,1,1,1,1
3,29,31,0.0036727709230035543,0,0,3,4,5,1,5,1,1,1,1,1
3,29,33,0.16964147984981537,0,0,3,4,5,3,5,3,1,1,1,1
3,29,34,0.0018323821714147925,0,0,3,4,5,4,5,4,1,1,1,1
3,29,35,0.020885998383164406,0,0,3,4,5,5,5,5,1,1,1,1
3,29,36,0.0004711741639766842,0,0,3,5,5,1,5,1,1,2,1,2
3,29,38,0.010404818691313267,0,0,3,5,5,3,5,3,1,2,1,2
3,29,46,0.06182794272899628,0,2,3,7,5,0,5,0,1,0,1,4
3,32,0,0.030867867171764374,0,0,4,1,2,0,2,0,1,2,1,4
3,32,1,0.00030976839479990304,0,0,4,3,2,1,2,1,1,1,1,1
3,32,2,0.0011099259136244655,0,0,4,3,2,1,2,1,1,1,1,1
3,32,3,0.00013311234943103045,0,0,4,3,2,1,2,1,1,1,1,1
3,32,4,0.0007446501986123621,0,0,4,3,2,1,2,1,1,1,1,1
3,32,5,0.0003015780239365995,0,0,4,3,2,1,2,1,1,1,1,1
3,32,6,0.00010440910409670323,0,0,4,3,2,1,2,1,1,1,1,1
3,32,10,0.00017304564244113863,0,0,4,3,2,2,2,2,1,1,1,1
3,32,12,7.613711204612628e-05,0,0,4,3,2,2,2,2,1,1,1,1
3,32,14,0.0009463868918828666,0,0,4,3,2,3,2,3,1,1,1,1
3,32,15,0.00100901338737458,0,0,4,3,2,3,2,3,1,1,1,1
3,32,17,0.0024658609181642532,0,0,4,3,2,3,2,3,1,1,1,1
3,32,19,0.00039363125688396394,0,0,4,3,2,4,2,4,1,1,1,1
3,32,21,0.0013641606783494353,0,0,4,3,2,4,2,4,1,1,1,1
3,32,23,0.00016431164112873375,0,0,4,3,2,4,2,4,1,1,1,1
3,32,26,0.001047081663273275,0,0,4,3,2,5,2,5,1,1,1,1
3,32,30,0.007864818908274174,0,0,4,3,2,5,2,5,1,1,1,1
3,32,31,0.0006691041635349393,0,0,4,4,2,1,2,1,1,1,1,1
3,32,33,0.002236009109765291,0,0,4,4,2,3,2,3,1,1,1,1
3,32,34,0.00397156598046422,0,0,4,4,2,4,2,4,1,1,1,1
3,32,35,0.0030761994421482086,0,0,4,4,2,5,2,5,1,1,1,1
3,32,36,0.010727744549512863,0,0,4,5,2,1,2,1,1,2,1,2
3,32,38,0.0164458230137825,0,0,4,5,2,3,2,3,1,2,1,2
3,32,46,0.9137983918190002,0,2,4,7,2,0,2,0,1,0,1,4
3,37,0,0.15195009112358093,0,0,5,1,2,0,2,0,2,2,2,4
3,37,1,0.005850898567587137,0,0,5,3,2,1,2,1,2,1,2,1
3,37,2,0.03602162376046181,0,0,5,3,2,1,2,1,2,1,2,1
3,37,3,0.002820823108777404,0,0,5,3,2,1,2,1,2,1,2,1
3,37,4,0.007496554870158434,0,0,5,3,2,1,2,1,2,1,2,1
3,37,5,0.008880998939275742,0,0,5,3,2,1,2,1,2,1,2,1
3,37,6,0.004893410950899124,0,0,5,3,2,1,2,1,2,1,2,1
3,37,10,0.029883574694395065,0,0,5,3,2,2,2,2,2,1,2,1
3,37,12,0.015455351211130619,0,0,5,3,2,2,2,2,2,1,2,1
3,37,14,0.008790726773440838,0,0,5,3,2,3,2,3,2,1,2,1
3,37,15,0.010024990886449814,0,0,5,3,2,3,2,3,2,1,2,1
3,37,17,0.016195937991142273,0,0,5,3,2,3,2,3,2,1,2,1
3,37,19,0.01546457502990961,0,0,5,3,2,4,2,4,2,1,2,1
3,37,21,0.0070271617732942104,0,0,5,3,2,4,2,4,2,1,2,1
3,37,23,0.011260316707193851,0,0,5,3,2,4,2,4,2,1,2,1
3,37,26,0.0544329509139061,0,0,5,3,2,5,2,5,2,1,2,1
3,37,30,0.10050811618566513,0,0,5,3,2,5,2,5,2,1,2,1
3,37,31,0.04466194286942482,0,0,5,4,2,1,2,1,2,1,2,1
3,37,33,0.00668615335598588,0,0,5,4,2,3,2,3,2,1,2,1
3,37,34,0.09814287722110748,0,0,5,4,2,4,2,4,2,1,2,1
3,37,35,0.03296210616827011,0,0,5,4,2,5,2,5,2,1,2,1
3,37,36,0.053610336035490036,0,0,5,5,2,1,2,1,2,2,2,2
3,37,38,0.05122607573866844,0,0,5,5,2,3,2,3,2,2,2,2
3,37,46,0.22575242817401886,0,2,5,7,2,0,2,0,2,0,2,4
3,39,0,0.06899996101856232,0,0,5,1,4,0,4,0,2,2,2,4
3,39,1,0.004403101745992899,0,0,5,3,4,1,4,1,2,1,2,1
3,39,2,0.010572364553809166,0,0,5,3,4,1,4,1,2,1,2,1
3,39,3,0.0031762735452502966,0,0,5,3,4,1,4,1,2,1,2,1
3,39,4,0.0028193274047225714,0,0,5,3,4,1,4,1,2,1,2,1
3,39,5,0.0012695936020463705,0,0,5,3,4,1,4,1,2,1,2,1
3,39,6,0.0013087693369016051,0,0,5,3,4,1,4,1,2,1,2,1
3,39,10,0.008861555717885494,0,0,5,3,4,2,4,2,2,1,2,1
3,39,12,0.014547252096235752,0,0,5,3,4,2,4,2,2,1,2,1
3,39,14,0.004578474443405867,0,0,5,3,4,3,4,3,2,1,2,1
3,39,15,0.004348346032202244,0,0,5,3,4,3,4,3,2,1,2,1
3,39,17,0.015171211212873459,0,0,5,3,4,3,4,3,2,1,2,1
3,39,19,0.007167520467191935,0,0,5,3,4,4,4,4,2,1,2,1
3,39,21,0.005883615929633379,0,0,5,3,4,4,4,4,2,1,2,1
3,39,23,0.0026806604582816362,0,0,5,3,4,4,4,4,2,1,2,1
3,39,26,0.0030950012151151896,0,0,5,3,4,5,4,5,2,1,2,1
3,39,30,0.0039629279635846615,0,0,5,3,4,5,4,5,2,1,2,1
3,39,31,0.0032150251790881157,0,0,5,4,4,1,4,1,2,1,2,1
3,39,33,0.005771579220890999,0,0,5,4,4,3,4,3,2,1,2,1
3,39,34,0.0594940260052681,0,0,5,4,4,4,4,4,2,1,2,1
3,39,35,0.002762296935543418,0,0,5,4,4,5,4,5,2,1,2,1
3,39,36,0.005377312656491995,0,0,5,5,4,1,4,1,2,2,2,2
3,39,38,0.018457459285855293,0,0,5,5,4,3,4,3,2,2,2,2
3,39,46,0.7420768141746521,0,2,5,7,4,0,4,0,2,0,2,4
3,40,0,0.0015824006404727697,0,0,5,1,5,0,5,0,2,2,2,4
3,40,1,0.0014425750123336911,0,0,5,3,5,1,5,1,2,1,2,1
3,40,2,0.003316298360005021,0,0,5,3,5,1,5,1,2,1,2,1
3,40,3,0.0008023568661883473,0,0,5,3,5,1,5,1,2,1,2,1
3,40,4,0.002279032487422228,0,0,5,3,5,1,5,1,2,1,2,1
3,40,5,0.0015209169359877706,0,0,5,3,5,1,5,1,2,1,2,1
3,40,6,0.0024854287039488554,0,0,5,3,5,1,5,1,2,1,2,1
3,40,10,0.02288341149687767,0,0,5,3,5,2,5,2,2,1,2,1
3,40,12,0.011895752511918545,0,0,5,3,5,2,5,2,2,1,2,1
3,40,14,0.02509276755154133,0,0,5,3,5,3,5,3,2,1,2,1
3,40,15,0.009702494367957115,0,0,5,3,5,3,5,3,2,1,2,1
3,40,17,0.03380430489778519,0,0,5,3,5,3,5,3,2,1,2,1
3,40,19,0.0029541985131800175,0,0,5,3,5,4,5,4,2,1,2,1
3,40,21,0.00021421481505967677,0,0,5,3,5,4,5,4,2,1,2,1
3,40,23,0.0042347474955022335,0,0,5,3,5,4,5,4,2,1,2,1
3,40,26,0.4959934651851654,0,0,5,3,5,5,5,5,2,1,2,1
3,40,30,0.3544418513774872,0,0,5,3,5,5,5,5,2,1,2,1
3,40,31,0.002908971393480897,0,0,5,4,5,1,5,1,2,1,2,1
3,40,33,0.003329057013615966,0,0,5,4,5,3,5,3,2,1,2,1
3,40,34,0.001041833427734673,0,0,5,4,5,4,5,4,2,1,2,1
3,40,35,0.0164408627897501,0,0,5,4,5,5,5,5,2,1,2,1
3,40,36,0.0001418129977537319,0,0,5,5,5,1,5,1,2,2,2,2
3,40,38,0.0013074006419628859,0,0,5,5,5,3,5,3,2,2,2,2
3,40,46,0.00018439575796946883,0,2,5,7,5,0,5,0,2,0,2,4
3,41,0,0.07772403955459595,1,0,6,1,1,0,1,0,1,2,5,4
3,41,1,0.03831629082560539,1,0,6,3,1,1,1,1,1,1,5,1
3,41,2,0.027699170634150505,1,0,6,3,1,1,1,1,1,1,5,1
3,41,3,0.056274909526109695,1,0,6,3,1,1,1,1,1,1,5,1
3,41,4,0.027966585010290146,1,0,6,3,1,1,1,1,1,1,5,1
3,41,5,0.028172753751277924,1,0,6,3,1,1,1,1,1,1,5,1
3,41,6,0.010015166364610195,1,0,6,3,1,1,1,1,1,1,5,1
3,41,10,0.09960521757602692,1,0,6,3,1,2,1,2,1,1,5,1
3,41,12,0.022369088605046272,1,0,6,3,1,2,1,2,1,1,5,1
3,41,14,0.03361661732196808,1,0,6,3,1,3,1,3,1,1,5,1
3,41,15,0.031497593969106674,1,0,6,3,1,3,1,3,1,1,5,1
3,41,17,0.07978661358356476,1,0,6,3,1,3,1,3,1,1,5,1
3,41,19,0.019081104546785355,1,0,6,3,1,4,1,4,1,1,5,1
3,41,21,0.002046505454927683,1,0,6,3,1,4,1,4,1,1,5,1
3,41,23,0.0049544433131814,1,0,6,3,1,4,1,4,1,1,5,1
3,41,26,0.024487778544425964,1,0,6,3,1,5,1,5,1,1,5,1
3,41,30,0.010810451582074165,1,0,6,3,1,5,1,5,1,1,5,1
3,41,31,0.018147574737668037,1,0,6,4,1,1,1,1,1,1,5,1
3,41,33,0.012433632276952267,1,0,6,4,1,3,1,3,1,1,5,1
3,41,34,0.02549102157354355,1,0,6,4,1,4,1,4,1,1,5,1
3,41,35,0.007784603163599968,1,0,6,4,1,5,1,5,1,1,5,1
3,41,36,0.07789746671915054,1,0,6,5,1,1,1,1,1,2,5,2
3,41,38,0.23628510534763336,1,0,6,5,1,3,1,3,1,2,5,2
3,41,46,0.027536267414689064,1,2,6,7,1,0,1,0,1,0,5,4
3,42,0,0.028850819915533066,1,0,6,1,2,0,2,0,1,2,5,4
3,42,1,0.019811972975730896,1,0,6,3,2,1,2,1,1,1,5,1
3,42,2,0.010645016096532345,1,0,6,3,2,1,2,1,1,1,5,1
3,42,3,0.020119186490774155,1,0,6,3,2,1,2,1,1,1,5,1
3,42,4,0.012220969423651695,1,0,6,3,2,1,2,1,1,1,5,1
3,42,5,0.005361718591302633,1,0,6,3,2,1,2,1,1,1,5,1
3,42,6,0.0016827385406941175,1,0,6,3,2,1,2,1,1,1,5,1
3,42,10,0.04114001244306564,1,0,6,3,2,2,2,2,1,1,5,1
3,42,12,0.029588982462882996,1,0,6,3,2,2,2,2,1,1,5,1
3,42,14,0.11486692726612091,1,0,6,3,2,3,2,3,1,1,5,1
3,42,15,0.18149913847446442,1,0,6,3,2,3,2,3,1,1,5,1
3,42,17,0.21575520932674408,1,0,6,3,2,3,2,3,1,1,5,1
3,42,19,0.007286290638148785,1,0,6,3,2,4,2,4,1,1,5,1
3,42,21,0.004598876461386681,1,0,6,3,2,4,2,4,1,1,5,1
3,42,23,0.005566263571381569,1,0,6,3,2,4,2,4,1,1,5,1
3,42,26,0.018429119139909744,1,0,6,3,2,5,2,5,1,1,5,1
3,42,30,0.06014525517821312,1,0,6,3,2,5,2,5,1,1,5,1
3,42,31,0.019029732793569565,1,0,6,4,2,1,2,1,1,1,5,1
3,42,33,0.10322064161300659,1,0,6,4,2,3,2,3,1,1,5,1
3,42,34,0.009507481940090656,1,0,6,4,2,4,2,4,1,1,5,1
3,42,35,0.010831092484295368,1,0,6,4,2,5,2,5,1,1,5,1
3,42,36,0.003685977542772889,1,0,6,5,2,1,2,1,1,2,5,2
3,42,38,0.02443978562951088,1,0,6,5,2,3,2,3,1,2,5,2
3,42,46,0.05171694979071617,1,2,6,7,2,0,2,0,1,0,5,4
3,43,0,0.0037325103767216206,1,0,6,1,3,0,3,0,1,2,5,4
3,43,1,0.005717954598367214,1,0,6,3,3,1,3,1,1,1,5,1
3,43,2,0.0024368532467633486,1,0,6,3,3,1,3,1,1,1,5,1
3,43,3,0.0069037205539643764,1,0,6,3,3,1,3,1,1,1,5,1
3,43,4,0.009382993914186954,1,0,6,3,3,1,3,1,1,1,5,1
3,43,5,0.005289850756525993,1,0,6,3,3,1,3,1,1,1,5,1
3,43,6,0.001248996239155531,1,0,6,3,3,1,3,1,1,1,5,1
3,43,10,0.03172473609447479,1,0,6,3,3,2,3,2,1,1,5,1
3,43,12,0.031521618366241455,1,0,6,3,3,2,3,2,1,1,5,1
3,43,14,0.1371234655380249,1,0,6,3,3,3,3,3,1,1,5,1
3,43,15,0.14024963974952698,1,0,6,3,3,3,3,3,1,1,5,1
3,43,17,0.4474188983440399,1,0,6,3,3,3,3,3,1,1,5,1
3,43,19,0.007007687818259001,1,0,6,3,3,4,3,4,1,1,5,1
3,43,21,0.0014027695870026946,1,0,6,3,3,4,3,4,1,1,5,1
3,43,23,0.0036265847738832235,1,0,6,3,3,4,3,4,1,1,5,1
3,43,26,0.040739186108112335,1,0,6,3,3,5,3,5,1,1,5,1
3,43,30,0.06534752249717712,1,0,6,3,3,5,3,5,1,1,5,1
3,43,31,0.004133612383157015,1,0,6,4,3,1,3,1,1,1,5,1
3,43,33,0.04318708926439285,1,0,6,4,3,3,3,3,1,1,5,1
3,43,34,0.002134831855073571,1,0,6,4,3,4,3,4,1,1,5,1
3,43,35,0.004659428261220455,1,0,6,4,3,5,3,5,1,1,5,1
3,43,36,0.00021132465917617083,1,0,6,5,3,1,3,1,1,2,5,2
3,43,38,0.003131875768303871,1,0,6,5,3,3,3,3,1,2,5,2
3,43,46,0.0016667882446199656,1,2,6,7,3,0,3,0,1,0,5,4
3,44,0,0.008921320550143719,1,0,6,1,4,0,4,0,1,2,5,4
3,44,1,0.010874409228563309,1,0,6,3,4,1,4,1,1,1,5,1
3,44,2,0.0020109950564801693,1,0,6,3,4,1,4,1,1,1,5,1
3,44,3,0.008803648874163628,1,0,6,3,4,1,4,1,1,1,5,1
3,44,4,0.002931575756520033,1,0,6,3,4,1,4,1,1,1,5,1
3,44,5,0.0003837759140878916,1,0,6,3,4,1,4,1,1,1,5,1
3,44,6,0.00018999927851837128,1,0,6,3,4,1,4,1,1,1,5,1
3,44,10,0.014476793818175793,1,0,6,3,4,2,4,2,1,1,5,1
3,44,12,0.03169156610965729,1,0,6,3,4,2,4,2,1,1,5,1
3,44,14,0.08952793478965759,1,0,6,3,4,3,4,3,1,1,5,1
3,44,15,0.09888693690299988,1,0,6,3,4,3,4,3,1,1,5,1
3,44,17,0.5974300503730774,1,0,6,3,4,3,4,3,1,1,5,1
3,44,19,0.0035045340191572905,1,0,6,3,4,4,4,4,1,1,5,1
3,44,21,0.0007819198654033244,1,0,6,3,4,4,4,4,1,1,5,1
3,44,23,0.0006656961631961167,1,0,6,3,4,4,4,4,1,1,5,1
3,44,26,0.004903739783912897,1,0,6,3,4,5,4,5,1,1,5,1
3,44,30,0.00516489427536726,1,0,6,3,4,5,4,5,1,1,5,1
3,44,31,0.0006020572036504745,1,0,6,4,4,1,4,1,1,1,5,1
3,44,33,0.05382025986909866,1,0,6,4,4,3,4,3,1,1,5,1
3,44,34,0.004127150867134333,1,0,6,4,4,4,4,4,1,1,5,1
3,44,35,0.000541543064173311,1,0,6,4,4,5,4,5,1,1,5,1
3,44,36,7.582495891256258e-05,1,0,6,5,4,1,4,1,1,2,5,2
3,44,38,0.005797632038593292,1,0,6,5,4,3,4,3,1,2,5,2
3,44,46,0.05388600006699562,1,2,6,7,4,0,4,0,1,0,5,4
3,45,0,0.00042820602538995445,1,0,6,1,5,0,5,0,1,2,5,4
3,45,1,0.012433724477887154,1,0,6,3,5,1,5,1,1,1,5,1
3,45,2,0.002254324732348323,1,0,6,3,5,1,5,1,1,1,5,1
3,45,3,0.007764092646539211,1,0,6,3,5,1,5,1,1,1,5,1
3,45,4,0.005353940185159445,1,0,6,3,5,1,5,1,1,1,5,1
3,45,5,0.003272352507337928,1,0,6,3,5,1,5,1,1,1,5,1
3,45,6,0.0016987966373562813,1,0,6,3,5,1,5,1,1,1,5,1
3,45,10,0.017840230837464333,1,0,6,3,5,2,5,2,1,1,5,1
3,45,12,0.020430363714694977,1,0,6,3,5,2,5,2,1,1,5,1
3,45,14,0.16807381808757782,1,0,6,3,5,3,5,3,1,1,5,1
3,45,15,0.132802814245224,1,0,6,3,5,3,5,3,1,1,5,1
3,45,17,0.38305428624153137,1,0,6,3,5,3,5,3,1,1,5,1
3,45,19,0.0028174968902021646,1,0,6,3,5,4,5,4,1,1,5,1
3,45,21,7.696410466451198e-05,1,0,6,3,5,4,5,4,1,1,5,1
3,45,23,0.0007340438896790147,1,0,6,3,5,4,5,4,1,1,5,1
3,45,26,0.15112170577049255,1,0,6,3,5,5,5,5,1,1,5,1
3,45,30,0.04849864915013313,1,0,6,3,5,5,5,5,1,1,5,1
3,45,31,0.0022937762551009655,1,0,6,4,5,1,5,1,1,1,5,1
3,45,33,0.0337914414703846,1,0,6,4,5,3,5,3,1,1,5,1
3,45,34,0.00013801407476421446,1,0,6,4,5,4,5,4,1,1,5,1
3,45,35,0.0030148786026984453,1,0,6,4,5,5,5,5,1,1,5,1
3,45,36,3.0329667424666695e-05,1,0,6,5,5,1,5,1,1,2,5,2
3,45,38,0.002033045282587409,1,0,6,5,5,3,5,3,1,2,5,2
3,45,46,4.272745718481019e-05,1,2,6,7,5,0,5,0,1,0,5,4
4,1,0,0.002522161463275552,0,0,3,1,1,0,1,0,1,2,1,4
4,1,3,0.5633582472801208,0,0,3,3,1,1,1,1,1,1,1,1
4,1,5,0.045618101954460144,0,0,3,3,1,1,1,1,1,1,1,1
4,1,6,0.02784467302262783,0,0,3,3,1,1,1,1,1,1,1,1
4,1,12,0.032788340002298355,0,0,3,3,1,2,1,2,1,1,1,1
4,1,15,0.003422764828428626,0,0,3,3,1,3,1,3,1,1,1,1
4,1,17,0.005208836868405342,0,0,3,3,1,3,1,3,1,1,1,1
4,1,19,0.019900085404515266,0,0,3,3,1,4,1,4,1,1,1,1
4,1,20,0.016063550487160683,0,0,3,3,1,4,1,4,1,1,1,1
4,1,22,0.012596221640706062,0,0,3,3,1,4,1,4,1,1,1,1
4,1,24,0.020476579666137695,0,0,3,3,1,4,1,4,1,1,1,1
4,1,26,0.027706794440746307,0,0,3,3,1,5,1,5,1,1,1,1
4,1,27,0.009197773411870003,0,0,3,3,1,5,1,5,1,1,1,1
4,1,29,0.027697207406163216,0,0,3,3,1,5,1,5,1,1,1,1
4,1,31,0.07666769623756409,0,0,3,4,1,1,1,1,1,1,1,1
4,1,32,0.015019852668046951,0,0,3,4,1,2,1,2,1,1,1,1
4,1,34,0.03391358256340027,0,0,3,4,1,4,1,4,1,1,1,1
4,1,35,0.012153135612607002,0,0,3,4,1,5,1,5,1,1,1,1
4,1,41,0.01707863248884678,0,1,3,6,1,1,1,1,1,1,1,5
4,1,42,0.00670099351555109,0,1,3,6,1,2,1,2,1,1,1,5
4,1,43,0.0019840688910335302,0,1,3,6,1,3,1,3,1,1,1,5
4,1,44,0.002741970121860504,0,1,3,6,1,4,1,4,1,1,1,5
4,1,46,0.01933881640434265,0,2,3,7,1,0,1,0,1,0,1,4
4,2,0,0.00726656150072813,0,0,3,1,1,0,1,0,1,2,1,4
4,2,3,0.14492478966712952,0,0,3,3,1,1,1,1,1,1,1,1
4,2,5,0.022326180711388588,0,0,3,3,1,1,1,1,1,1,1,1
4,2,6,0.019510649144649506,0,0,3,3,1,1,1,1,1,1,1,1
4,2,12,0.013773627579212189,0,0,3,3,1,2,1,2,1,1,1,1
4,2,15,0.00976046733558178,0,0,3,3,1,3,1,3,1,1,1,1
4,2,17,0.010661298409104347,0,0,3,3,1,3,1,3,1,1,1,1
4,2,19,0.1511075347661972,0,0,3,3,1,4,1,4,1,1,1,1
4,2,20,0.07622656971216202,0,0,3,3,1,4,1,4,1,1,1,1
4,2,22,0.0723472312092781,0,0,3,3,1,4,1,4,1,1,1,1
4,2,24,0.0849100798368454,0,0,3,3,1,4,1,4,1,1,1,1
4,2,26,0.025158559903502464,0,0,3,3,1,5,1,5,1,1,1,1
4,2,27,0.01852504163980484,0,0,3,3,1,5,1,5,1,1,1,1
4,2,29,0.04079559072852135,0,0,3,3,1,5,1,5,1,1,1,1
4,2,31,0.04665403813123703,0,0,3,4,1,1,1,1,1,1,1,1
4,2,32,0.017199493944644928,0,0,3,4,1,2,1,2,1,1,1,1
4,2,34,0.12104539573192596,0,0,3,4,1,4,1,4,1,1,1,1
4,2,35,0.024240171536803246,0,0,3,4,1,5,1,5,1,1,1,1
4,2,41,0.015176641754806042,0,1,3,6,1,1,1,1,1,1,1,5
4,2,42,0.013275006785988808,0,1,3,6,1,2,1,2,1,1,1,5
4,2,43,0.013570468872785568,0,1,3,6,1,3,1,3,1,1,1,5
4,2,44,0.022668788209557533,0,1,3,6,1,4,1,4,1,1,1,5
4,2,46,0.028875725343823433,0,2,3,7,1,0,1,0,1,0,1,4
4,4,0,0.016569508239626884,0,0,3,1,1,0,1,0,1,2,1,4
4,4,3,0.2001049667596817,0,0,3,3,1,1,1,1,1,1,1,1
4,4,5,0.10621237754821777,0,0,3,3,1,1,1,1,1,1,1,1
4,4,6,0.07622402906417847,0,0,3,3,1,1,1,1,1,1,1,1
4,4,12,0.08276591449975967,0,0,3,3,1,2,1,2,1,1,1,1
4,4,15,0.0076368567533791065,0,0,3,3,1,3,1,3,1,1,1,1
4,4,17,0.008288233540952206,0,0,3,3,1,3,1,3,1,1,1,1
4,4,19,0.061151113361120224,0,0,3,3,1,4,1,4,1,1,1,1
4,4,20,0.036454763263463974,0,0,3,3,1,4,1,4,1,1,1,1
4,4,22,0.021057048812508583,0,0,3,3,1,4,1,4,1,1,1,1
4,4,24,0.0320296511054039,0,0,3,3,1,4,1,4,1,1,1,1
4,4,26,0.037799935787916183,0,0,3,3,1,5,1,5,1,1,1,1
4,4,27,0.01736457273364067,0,0,3,3,1,5,1,5,1,1,1,1
4,4,29,0.04900641366839409,0,0,3,3,1,5,1,5,1,1,1,1
4,4,31,0.04769513010978699,0,0,3,4,1,1,1,1,1,1,1,1
4,4,32,0.014010770246386528,0,0,3,4,1,2,1,2,1,1,1,1
4,4,34,0.01578781194984913,0,0,3,4,1,4,1,4,1,1,1,1
4,4,35,0.008500565774738789,0,0,3,4,1,5,1,5,1,1,1,1
4,4,41,0.03975124657154083,0,1,3,6,1,1,1,1,1,1,1,5
4,4,42,0.06212984025478363,0,1,3,6,1,2,1,2,1,1,1,5
4,4,43,0.004670305177569389,0,1,3,6,1,3,1,3,1,1,1,5
4,4,44,0.006034997757524252,0,1,3,6,1,4,1,4,1,1,1,5
4,4,46,0.04875384271144867,0,2,3,7,1,0,1,0,1,0,1,4
4,7,0,0.0034347183536738157,0,0,3,1,2,0,2,0,1,2,1,4
4,7,3,0.03835136070847511,0,0,3,3,2,1,2,1,1,1,1,1
4,7,5,0.0103685287758708,0,0,3,3,2,1,2,1,1,1,1,1
4,7,6,0.007907917723059654,0,0,3,3,2,1,2,1,1,1,1,1
4,7,12,0.02647271752357483,0,0,3,3,2,2,2,2,1,1,1,1
4,7,15,0.03099755570292473,0,0,3,3,2,3,2,3,1,1,1,1
4,7,17,0.01589510217308998,0,0,3,3,2,3,2,3,1,1,1,1
4,7,19,0.20204730331897736,0,0,3,3,2,4,2,4,1,1,1,1
4,7,20,0.046608950942754745,0,0,3,3,2,4,2,4,1,1,1,1
4,7,22,0.3280823230743408,0,0,3,3,2,4,2,4,1,1,1,1
4,7,24,0.17586933076381683,0,0,3,3,2,4,2,4,1,1,1,1
4,7,26,0.011022801510989666,0,0,3,3,2,5,2,5,1,1,1,1
4,7,27,0.005107057746499777,0,0,3,3,2,5,2,5,1,1,1,1
4,7,29,0.003818593919277191,0,0,3,3,2,5,2,5,1,1,1,1
4,7,31,0.011455808766186237,0,0,3,4,2,1,2,1,1,1,1,1
4,7,32,0.0030264761298894882,0,0,3,4,2,2,2,2,1,1,1,1
4,7,34,0.06829102337360382,0,0,3,4,2,4,2,4,1,1,1,1
4,7,35,0.002445797435939312,0,0,3,4,2,5,2,5,1,1,1,1
4,7,41,0.00029458326753228903,0,1,3,6,2,1,2,1,1,1,1,5
4,7,42,0.00032101263059303164,0,1,3,6,2,2,2,2,1,1,1,5
4,7,43,0.0017005421686917543,0,1,3,6,2,3,2,3,1,1,1,5
4,7,44,0.006259697023779154,0,1,3,6,2,4,2,4,1,1,1,5
4,7,46,0.00022099072521086782,0,2,3,7,2,0,2,0,1,0,1,4
4,8,0,0.00300477328710258,0,0,3,1,2,0,2,0,1,2,1,4
4,8,3,0.22248584032058716,0,0,3,3,2,1,2,1,1,1,1,1
4,8,5,0.04618332162499428,0,0,3,3,2,1,2,1,1,1,1,1
4,8,6,0.03143570199608803,0,0,3,3,2,1,2,1,1,1,1,1
4,8,12,0.05984561890363693,0,0,3,3,2,2,2,2,1,1,1,1
4,8,15,0.017219118773937225,0,0,3,3,2,3,2,3,1,1,1,1
4,8,17,0.012712011113762856,0,0,3,3,2,3,2,3,1,1,1,1
4,8,19,0.13213998079299927,0,0,3,3,2,4,2,4,1,1,1,1
4,8,20,0.029888587072491646,0,0,3,3,2,4,2,4,1,1,1,1
4,8,22,0.10440841317176819,0,0,3,3,2,4,2,4,1,1,1,1
4,8,24,0.08119932562112808,0,0,3,3,2,4,2,4,1,1,1,1
4,8,26,0.01607653684914112,0,0,3,3,2,5,2,5,1,1,1,1
4,8,27,0.011896639131009579,0,0,3,3,2,5,2,5,1,1,1,1
4,8,29,0.013059698976576328,0,0,3,3,2,5,2,5,1,1,1,1
4,8,31,0.0881255567073822,0,0,3,4,2,1,2,1,1,1,1,1
4,8,32,0.014055267907679081,0,0,3,4,2,2,2,2,1,1,1,1
4,8,34,0.09479518979787827,0,0,3,4,2,4,2,4,1,1,1,1
4,8,35,0.008432433009147644,0,0,3,4,2,5,2,5,1,1,1,1
4,8,41,0.003141190856695175,0,1,3,6,2,1,2,1,1,1,1,5
4,8,42,0.0014388429699465632,0,1,3,6,2,2,2,2,1,1,1,5
4,8,43,0.0029368018731474876,0,1,3,6,2,3,2,3,1,1,1,5
4,8,44,0.004796153400093317,0,1,3,6,2,4,2,4,1,1,1,5
4,8,46,0.0007232528296299279,0,2,3,7,2,0,2,0,1,0,1,4
4,9,0,0.002360594691708684,0,0,3,1,2,0,2,0,1,2,1,4
4,9,3,0.21425743401050568,0,0,3,3,2,1,2,1,1,1,1,1
4,9,5,0.043409883975982666,0,0,3,3,2,1,2,1,1,1,1,1
4,9,6,0.04577707499265671,0,0,3,3,2,1,2,1,1,1,1,1
4,9,12,0.04615207761526108,0,0,3,3,2,2,2,2,1,1,1,1
4,9,15,0.022686026990413666,0,0,3,3,2,3,2,3,1,1,1,1
4,9,17,0.009376452304422855,0,0,3,3,2,3,2,3,1,1,1,1
4,9,19,0.13000546395778656,0,0,3,3,2,4,2,4,1,1,1,1
4,9,20,0.049653101712465286,0,0,3,3,2,4,2,4,1,1,1,1
4,9,22,0.17441271245479584,0,0,3,3,2,4,2,4,1,1,1,1
4,9,24,0.09862954914569855,0,0,3,3,2,4,2,4,1,1,1,1
4,9,26,0.010179303586483002,0,0,3,3,2,5,2,5,1,1,1,1
4,9,27,0.006948568858206272,0,0,3,3,2,5,2,5,1,1,1,1
4,9,29,0.005105926189571619,0,0,3,3,2,5,2,5,1,1,1,1
4,9,31,0.04599085450172424,0,0,3,4,2,1,2,1,1,1,1,1
4,9,32,0.010516989044845104,0,0,3,4,2,2,2,2,1,1,1,1
4,9,34,0.0693502277135849,0,0,3,4,2,4,2,4,1,1,1,1
4,9,35,0.005843554623425007,0,0,3,4,2,5,2,5,1,1,1,1
4,9,41,0.0026123099960386753,0,1,3,6,2,1,2,1,1,1,1,5
4,9,42,0.0014136105310171843,0,1,3,6,2,2,2,2,1,1,1,5
4,9,43,0.000978201162070036,0,1,3,6,2,3,2,3,1,1,1,5
4,9,44,0.003172763856127858,0,1,3,6,2,4,2,4,1,1,1,5
4,9,46,0.0011672243708744645,0,2,3,7,2,0,2,0,1,0,1,4
4,10,0,0.008301494643092155,0,0,3,1,2,0,2,0,1,2,1,4
4,10,3,0.11152414232492447,0,0,3,3,2,1,2,1,1,1,1,1
4,10,5,0.022007541730999947,0,0,3,3,2,1,2,1,1,1,1,1
4,10,6,0.01437968946993351,0,0,3,3,2,1,2,1,1,1,1,1
4,10,12,0.06687290966510773,0,0,3,3,2,2,2,2,1,1,1,1
4,10,15,0.03984956443309784,0,0,3,3,2,3,2,3,1,1,1,1
4,10,17,0.01217438094317913,0,0,3,3,2,3,2,3,1,1,1,1
4,10,19,0.14313942193984985,0,0,3,3,2,4,2,4,1,1,1,1
4,10,20,0.06055040284991264,0,0,3,3,2,4,2,4,1,1,1,1
4,10,22,0.27342498302459717,0,0,3,3,2,4,2,4,1,1,1,1
4,10,24,0.1220879927277565,0,0,3,3,2,4,2,4,1,1,1,1
4,10,26,0.019033290445804596,0,0,3,3,2,5,2,5,1,1,1,1
4,10,27,0.007641024421900511,0,0,3,3,2,5,2,5,1,1,1,1
4,10,29,0.003829305525869131,0,0,3,3,2,5,2,5,1,1,1,1
4,10,31,0.020377224311232567,0,0,3,4,2,1,2,1,1,1,1,1
4,10,32,0.0035396183375269175,0,0,3,4,2,2,2,2,1,1,1,1
4,10,34,0.060028012841939926,0,0,3,4,2,4,2,4,1,1,1,1
4,10,35,0.002600287552922964,0,0,3,4,2,5,2,5,1,1,1,1
4,10,41,0.0005127748008817434,0,1,3,6,2,1,2,1,1,1,1,5
4,10,42,0.0014162941370159388,0,1,3,6,2,2,2,2,1,1,1,5
4,10,43,0.0012839921982958913,0,1,3,6,2,3,2,3,1,1,1,5
4,10,44,0.004567172843962908,0,1,3,6,2,4,2,4,1,1,1,5
4,10,46,0.0008584183524362743,0,2,3,7,2,0,2,0,1,0,1,4
4,11,0,0.0009194727172143757,0,0,3,1,2,0,2,0,1,2,1,4
4,11,3,0.07323862612247467,0,0,3,3,2,1,2,1,1,1,1,1
4,11,5,0.015937156975269318,0,0,3,3,2,1,2,1,1,1,1,1
4,11,6,0.005505524575710297,0,0,3,3,2,1,2,1,1,1,1,1
4,11,12,0.021600881591439247,0,0,3,3,2,2,2,2,1,1,1,1
4,11,15,0.026133524253964424,0,0,3,3,2,3,2,3,1,1,1,1
4,11,17,0.009385315701365471,0,0,3,3,2,3,2,3,1,1,1,1
4,11,19,0.26812127232551575,0,0,3,3,2,4,2,4,1,1,1,1
4,11,20,0.03825660049915314,0,0,3,3,2,4,2,4,1,1,1,1
4,11,22,0.2321067601442337,0,0,3,3,2,4,2,4,1,1,1,1
4,11,24,0.1627407968044281,0,0,3,3,2,4,2,4,1,1,1,1
4,11,26,0.027683118358254433,0,0,3,3,2,5,2,5,1,1,1,1
4,11,27,0.009785580448806286,0,0,3,3,2,5,2,5,1,1,1,1
4,11,29,0.0055220467038452625,0,0,3,3,2,5,2,5,1,1,1,1
4,11,31,0.02455131523311138,0,0,3,4,2,1,2,1,1,1,1,1
4,11,32,0.0021965070627629757,0,0,3,4,2,2,2,2,1,1,1,1
4,11,34,0.06263180077075958,0,0,3,4,2,4,2,4,1,1,1,1
4,11,35,0.004781067371368408,0,0,3,4,2,5,2,5,1,1,1,1
4,11,41,0.0003233881725464016,0,1,3,6,2,1,2,1,1,1,1,5
4,11,42,0.0005459629464894533,0,1,3,6,2,2,2,2,1,1,1,5
4,11,43,0.0009650872671045363,0,1,3,6,2,3,2,3,1,1,1,5
4,11,44,0.007010657340288162,0,1,3,6,2,4,2,4,1,1,1,5
4,11,46,5.7459637901047245e-05,0,2,3,7,2,0,2,0,1,0,1,4
4,13,0,0.005384258460253477,0,0,3,1,3,0,3,0,1,2,1,4
4,13,3,0.2055383175611496,0,0,3,3,3,1,3,1,1,1,1,1
4,13,5,0.10429378598928452,0,0,3,3,3,1,3,1,1,1,1,1
4,13,6,0.0723377987742424,0,0,3,3,3,1,3,1,1,1,1,1
4,13,12,0.13597869873046875,0,0,3,3,3,2,3,2,1,1,1,1
4,13,15,0.011109186336398125,0,0,3,3,3,3,3,3,1,1,1,1
4,13,17,0.007478517480194569,0,0,3,3,3,3,3,3,1,1,1,1
4,13,19,0.046141352504491806,0,0,3,3,3,4,3,4,1,1,1,1
4,13,20,0.008473141118884087,0,0,3,3,3,4,3,4,1,1,1,1
4,13,22,0.032013606280088425,0,0,3,3,3,4,3,4,1,1,1,1
4,13,24,0.011406846344470978,0,0,3,3,3,4,3,4,1,1,1,1
4,13,26,0.041888754814863205,0,0,3,3,3,5,3,5,1,1,1,1
4,13,27,0.014044947922229767,0,0,3,3,3,5,3,5,1,1,1,1
4,13,29,0.0270126573741436,0,0,3,3,3,5,3,5,1,1,1,1
4,13,31,0.1020456850528717,0,0,3,4,3,1,3,1,1,1,1,1
4,13,32,0.021372782066464424,0,0,3,4,3,2,3,2,1,1,1,1
4,13,34,0.026377946138381958,0,0,3,4,3,4,3,4,1,1,1,1
4,13,35,0.02575451135635376,0,0,3,4,3,5,3,5,1,1,1,1
4,13,41,0.014309786260128021,0,1,3,6,3,1,3,1,1,1,1,5
4,13,42,0.07768045365810394,0,1,3,6,3,2,3,2,1,1,1,5
4,13,43,0.00354377762414515,0,1,3,6,3,3,3,3,1,1,1,5
4,13,44,0.004719617776572704,0,1,3,6,3,4,3,4,1,1,1,5
4,13,46,0.0010935149621218443,0,2,3,7,3,0,3,0,1,0,1,4
4,14,0,0.003630923805758357,0,0,3,1,3,0,3,0,1,2,1,4
4,14,3,0.5830388069152832,0,0,3,3,3,1,3,1,1,1,1,1
4,14,5,0.020818384364247322,0,0,3,3,3,1,3,1,1,1,1,1
4,14,6,0.01749938353896141,0,0,3,3,3,1,3,1,1,1,1,1
4,14,12,0.0462518148124218,0,0,3,3,3,2,3,2,1,1,1,1
4,14,15,0.010183055885136127,0,0,3,3,3,3,3,3,1,1,1,1
4,14,17,0.005311519373208284,0,0,3,3,3,3,3,3,1,1,1,1
4,14,19,0.02411974035203457,0,0,3,3,3,4,3,4,1,1,1,1
4,14,20,0.011557119898498058,0,0,3,3,3,4,3,4,1,1,1,1
4,14,22,0.012359945103526115,0,0,3,3,3,4,3,4,1,1,1,1
4,14,24,0.009813164360821247,0,0,3,3,3,4,3,4,1,1,1,1
4,14,26,0.016596505418419838,0,0,3,3,3,5,3,5,1,1,1,1
4,14,27,0.010195269249379635,0,0,3,3,3,5,3,5,1,1,1,1
4,14,29,0.01253049261868,0,0,3,3,3,5,3,5,1,1,1,1
4,14,31,0.1145457997918129,0,0,3,4,3,1,3,1,1,1,1,1
4,14,32,0.011339711956679821,0,0,3,4,3,2,3,2,1,1,1,1
4,14,34,0.054113492369651794,0,0,3,4,3,4,3,4,1,1,1,1
4,14,35,0.005366401746869087,0,0,3,4,3,5,3,5,1,1,1,1
4,14,41,0.006185857113450766,0,1,3,6,3,1,3,1,1,1,1,5
4,14,42,0.011569313704967499,0,1,3,6,3,2,3,2,1,1,1,5
4,14,43,0.007027946878224611,0,1,3,6,3,3,3,3,1,1,1,5
4,14,44,0.0023137445095926523,0,1,3,6,3,4,3,4,1,1,1,5
4,14,46,0.0036313734017312527,0,2,3,7,3,0,3,0,1,0,1,4
4,16,0,0.0007154922932386398,0,0,3,1,3,0,3,0,1,2,1,4
4,16,3,0.29013320803642273,0,0,3,3,3,1,3,1,1,1,1,1
4,16,5,0.09247075766324997,0,0,3,3,3,1,3,1,1,1,1,1
4,16,6,0.03899440914392471,0,0,3,3,3,1,3,1,1,1,1,1
4,16,12,0.07430967688560486,0,0,3,3,3,2,3,2,1,1,1,1
4,16,15,0.004838190041482449,0,0,3,3,3,3,3,3,1,1,1,1
4,16,17,0.007233905605971813,0,0,3,3,3,3,3,3,1,1,1,1
4,16,19,0.03797464072704315,0,0,3,3,3,4,3,4,1,1,1,1
4,16,20,0.0051607233472168446,0,0,3,3,3,4,3,4,1,1,1,1
4,16,22,0.02387327142059803,0,0,3,3,3,4,3,4,1,1,1,1
4,16,24,0.010892825201153755,0,0,3,3,3,4,3,4,1,1,1,1
4,16,26,0.02625911869108677,0,0,3,3,3,5,3,5,1,1,1,1
4,16,27,0.013998857699334621,0,0,3,3,3,5,3,5,1,1,1,1
4,16,29,0.030488526448607445,0,0,3,3,3,5,3,5,1,1,1,1
4,16,31,0.1951133757829666,0,0,3,4,3,1,3,1,1,1,1,1
4,16,32,0.026607032865285873,0,0,3,4,3,2,3,2,1,1,1,1
4,16,34,0.0452694334089756,0,0,3,4,3,4,3,4,1,1,1,1
4,16,35,0.048928920179605484,0,0,3,4,3,5,3,5,1,1,1,1
4,16,41,0.008808651007711887,0,1,3,6,3,1,3,1,1,1,1,5
4,16,42,0.011853818781673908,0,1,3,6,3,2,3,2,1,1,1,5
4,16,43,0.0025015673600137234,0,1,3,6,3,3,3,3,1,1,1,5
4,16,44,0.0033298314083367586,0,1,3,6,3,4,3,4,1,1,1,5
4,16,46,0.00024374965869355947,0,2,3,7,3,0,3,0,1,0,1,4
4,18,0,0.003848479362204671,0,0,3,1,3,0,3,0,1,2,1,4
4,18,3,0.20785753428936005,0,0,3,3,3,1,3,1,1,1,1,1
4,18,5,0.10002434253692627,0,0,3,3,3,1,3,1,1,1,1,1
4,18,6,0.03779971972107887,0,0,3,3,3,1,3,1,1,1,1,1
4,18,12,0.032267406582832336,0,0,3,3,3,2,3,2,1,1,1,1
4,18,15,0.008353734388947487,0,0,3,3,3,3,3,3,1,1,1,1
4,18,17,0.005577273201197386,0,0,3,3,3,3,3,3,1,1,1,1
4,18,19,0.021126840263605118,0,0,3,3,3,4,3,4,1,1,1,1
4,18,20,0.010437961667776108,0,0,3,3,3,4,3,4,1,1,1,1
4,18,22,0.004559262190014124,0,0,3,3,3,4,3,4,1,1,1,1
4,18,24,0.010228175669908524,0,0,3,3,3,4,3,4,1,1,1,1
4,18,26,0.028453534469008446,0,0,3,3,3,5,3,5,1,1,1,1
4,18,27,0.04624383896589279,0,0,3,3,3,5,3,5,1,1,1,1
4,18,29,0.03509558364748955,0,0,3,3,3,5,3,5,1,1,1,1
4,18,31,0.24735181033611298,0,0,3,4,3,1,3,1,1,1,1,1
4,18,32,0.03339515998959541,0,0,3,4,3,2,3,2,1,1,1,1
4,18,34,0.024147577583789825,0,0,3,4,3,4,3,4,1,1,1,1
4,18,35,0.029824482277035713,0,0,3,4,3,5,3,5,1,1,1,1
4,18,41,0.06343907862901688,0,1,3,6,3,1,3,1,1,1,1,5
4,18,42,0.030569402500987053,0,1,3,6,3,2,3,2,1,1,1,5
4,18,43,0.007184233516454697,0,1,3,6,3,3,3,3,1,1,1,5
4,18,44,0.005403133574873209,0,1,3,6,3,4,3,4,1,1,1,5
4,18,46,0.00681149959564209,0,2,3,7,3,0,3,0,1,0,1,4
4,21,0,1.534556213300675e-05,0,0,3,1,4,0,4,0,1,2,1,4
4,21,3,0.7631503343582153,0,0,3,3,4,1,4,1,1,1,1,1
4,21,5,0.03925340995192528,0,0,3,3,4,1,4,1,1,1,1,1
4,21,6,0.03791497275233269,0,0,3,3,4,1,4,1,1,1,1,1
4,21,12,0.034788742661476135,0,0,3,3,4,2,4,2,1,1,1,1
4,21,15,0.0003550664405338466,0,0,3,3,4,3,4,3,1,1,1,1
4,21,17,0.000979542382992804,0,0,3,3,4,3,4,3,1,1,1,1
4,21,19,0.0010150335729122162,0,0,3,3,4,4,4,4,1,1,1,1
4,21,20,0.0001579028757987544,0,0,3,3,4,4,4,4,1,1,1,1
4,21,22,0.0005549481138586998,0,0,3,3,4,4,4,4,1,1,1,1
4,21,24,0.0004094286123290658,0,0,3,3,4,4,4,4,1,1,1,1
4,21,26,0.0009370198240503669,0,0,3,3,4,5,4,5,1,1,1,1
4,21,27,0.0005694166757166386,0,0,3,3,4,5,4,5,1,1,1,1
4,21,29,0.0029415511526167393,0,0,3,3,4,5,4,5,1,1,1,1
4,21,31,0.09538254886865616,0,0,3,4,4,1,4,1,1,1,1,1
4,21,32,0.007523634470999241,0,0,3,4,4,2,4,2,1,1,1,1
4,21,34,0.0018715898040682077,0,0,3,4,4,4,4,4,1,1,1,1
4,21,35,0.0018467558547854424,0,0,3,4,4,5,4,5,1,1,1,1
4,21,41,0.009353200905025005,0,1,3,6,4,1,4,1,1,1,1,5
4,21,42,0.000787772994954139,0,1,3,6,4,2,4,2,1,1,1,5
4,21,43,0.00012174090079497546,0,1,3,6,4,3,4,3,1,1,1,5
4,21,44,1.775283999450039e-05,0,1,3,6,4,4,4,4,1,1,1,5
4,21,46,5.2292340114945546e-05,0,2,3,7,4,0,4,0,1,0,1,4
4,23,0,1.1000645827152766e-05,0,0,3,1,4,0,4,0,1,2,1,4
4,23,3,0.7372863292694092,0,0,3,3,4,1,4,1,1,1,1,1
4,23,5,0.03094865381717682,0,0,3,3,4,1,4,1,1,1,1,1
4,23,6,0.0255531407892704,0,0,3,3,4,1,4,1,1,1,1,1
4,23,12,0.02220737561583519,0,0,3,3,4,2,4,2,1,1,1,1
4,23,15,0.0014064082643017173,0,0,3,3,4,3,4,3,1,1,1,1
4,23,17,0.0014108323957771063,0,0,3,3,4,3,4,3,1,1,1,1
4,23,19,0.0023693270049989223,0,0,3,3,4,4,4,4,1,1,1,1
4,23,20,0.0006289451266638935,0,0,3,3,4,4,4,4,1,1,1,1
4,23,22,0.0013696436071768403,0,0,3,3,4,4,4,4,1,1,1,1
4,23,24,0.0018467202316969633,0,0,3,3,4,4,4,4,1,1,1,1
4,23,26,0.0047331275418400764,0,0,3,3,4,5,4,5,1,1,1,1
4,23,27,0.0025391625240445137,0,0,3,3,4,5,4,5,1,1,1,1
4,23,29,0.0057877046056091785,0,0,3,3,4,5,4,5,1,1,1,1
4,23,31,0.13504530489444733,0,0,3,4,4,1,4,1,1,1,1,1
4,23,32,0.00882282666862011,0,0,3,4,4,2,4,2,1,1,1,1
4,23,34,0.007146293763071299,0,0,3,4,4,4,4,4,1,1,1,1
4,23,35,0.005839752499014139,0,0,3,4,4,5,4,5,1,1,1,1
4,23,41,0.004401420243084431,0,1,3,6,4,1,4,1,1,1,1,5
4,23,42,0.00027677533216774464,0,1,3,6,4,2,4,2,1,1,1,5
4,23,43,0.0002412294124951586,0,1,3,6,4,3,4,3,1,1,1,5
4,23,44,0.00011534302029758692,0,1,3,6,4,4,4,4,1,1,1,5
4,23,46,1.3186438081902452e-05,0,2,3,7,4,0,4,0,1,0,1,4
4,25,0,0.002192986663430929,0,0,3,1,5,0,5,0,1,2,1,4
4,25,3,0.07117865979671478,0,0,3,3,5,1,5,1,1,1,1,1
4,25,5,0.0183713361620903,0,0,3,3,5,1,5,1,1,1,1,1
4,25,6,0.013410691171884537,0,0,3,3,5,1,5,1,1,1,1,1
4,25,12,0.03352874517440796,0,0,3,3,5,2,5,2,1,1,1,1
4,25,15,0.04992587864398956,0,0,3,3,5,3,5,3,1,1,1,1
4,25,17,0.012593761086463928,0,0,3,3,5,3,5,3,1,1,1,1
4,25,19,0.34178197383880615,0,0,3,3,5,4,5,4,1,1,1,1
4,25,20,0.06553523987531662,0,0,3,3,5,4,5,4,1,1,1,1
4,25,22,0.1279054433107376,0,0,3,3,5,4,5,4,1,1,1,1
4,25,24,0.12334730476140976,0,0,3,3,5,4,5,4,1,1,1,1
4,25,26,0.007567424792796373,0,0,3,3,5,5,5,5,1,1,1,1
4,25,27,0.009797378443181515,0,0,3,3,5,5,5,5,1,1,1,1
4,25,29,0.0039160726591944695,0,0,3,3,5,5,5,5,1,1,1,1
4,25,31,0.03413743898272514,0,0,3,4,5,1,5,1,1,1,1,1
4,25,32,0.00569609971717,0,0,3,4,5,2,5,2,1,1,1,1
4,25,34,0.05197818577289581,0,0,3,4,5,4,5,4,1,1,1,1
4,25,35,0.0019495597807690501,0,0,3,4,5,5,5,5,1,1,1,1
4,25,41,0.002051845658570528,0,1,3,6,5,1,5,1,1,1,1,5
4,25,42,0.00489027937874198,0,1,3,6,5,2,5,2,1,1,1,5
4,25,43,0.006218591704964638,0,1,3,6,5,3,5,3,1,1,1,5
4,25,44,0.011683201417326927,0,1,3,6,5,4,5,4,1,1,1,5
4,25,46,0.00034189395955763757,0,2,3,7,5,0,5,0,1,0,1,4
4,28,0,0.0010051545687019825,0,0,3,1,5,0,5,0,1,2,1,4
4,28,3,0.17245516180992126,0,0,3,3,5,1,5,1,1,1,1,1
4,28,5,0.017218604683876038,0,0,3,3,5,1,5,1,1,1,1,1
4,28,6,0.017525728791952133,0,0,3,3,5,1,5,1,1,1,1,1
4,28,12,0.02763601951301098,0,0,3,3,5,2,5,2,1,1,1,1
4,28,15,0.026175830513238907,0,0,3,3,5,3,5,3,1,1,1,1
4,28,17,0.011496215127408504,0,0,3,3,5,3,5,3,1,1,1,1
4,28,19,0.19321253895759583,0,0,3,3,5,4,5,4,1,1,1,1
4,28,20,0.07078307121992111,0,0,3,3,5,4,5,4,1,1,1,1
4,28,22,0.09665251523256302,0,0,3,3,5,4,5,4,1,1,1,1
4,28,24,0.11671953648328781,0,0,3,3,5,4,5,4,1,1,1,1
4,28,26,0.004891505464911461,0,0,3,3,5,5,5,5,1,1,1,1
4,28,27,0.011280651204288006,0,0,3,3,5,5,5,5,1,1,1,1
4,28,29,0.00577818276360631,0,0,3,3,5,5,5,5,1,1,1,1
4,28,31,0.06806676834821701,0,0,3,4,5,1,5,1,1,1,1,1
4,28,32,0.014208165928721428,0,0,3,4,5,2,5,2,1,1,1,1
4,28,34,0.11942215263843536,0,0,3,4,5,4,5,4,1,1,1,1
4,28,35,0.0036790587473660707,0,0,3,4,5,5,5,5,1,1,1,1
4,28,41,0.0033281496725976467,0,1,3,6,5,1,5,1,1,1,1,5
4,28,42,0.0015646035317331553,0,1,3,6,5,2,5,2,1,1,1,5
4,28,43,0.007533632218837738,0,1,3,6,5,3,5,3,1,1,1,5
4,28,44,0.008593878708779812,0,1,3,6,5,4,5,4,1,1,1,5
4,28,46,0.0007730412762612104,0,2,3,7,5,0,5,0,1,0,1,4
4,30,0,0.0013106106780469418,0,0,3,1,5,0,5,0,1,2,1,4
4,30,3,0.033851876854896545,0,0,3,3,5,1,5,1,1,1,1,1
4,30,5,0.005369478836655617,0,0,3,3,5,1,5,1,1,1,1,1
4,30,6,0.008333801291882992,0,0,3,3,5,1,5,1,1,1,1,1
4,30,12,0.03386921435594559,0,0,3,3,5,2,5,2,1,1,1,1
4,30,15,0.04588714614510536,0,0,3,3,5,3,5,3,1,1,1,1
4,30,17,0.010410367511212826,0,0,3,3,5,3,5,3,1,1,1,1
4,30,19,0.3344140946865082,0,0,3,3,5,4,5,4,1,1,1,1
4,30,20,0.06680291146039963,0,0,3,3,5,4,5,4,1,1,1,1
4,30,22,0.2301671802997589,0,0,3,3,5,4,5,4,1,1,1,1
4,30,24,0.12004393339157104,0,0,3,3,5,4,5,4,1,1,1,1
4,30,26,0.003352042054757476,0,0,3,3,5,5,5,5,1,1,1,1
4,30,27,0.003799215191975236,0,0,3,3,5,5,5,5,1,1,1,1
4,30,29,0.0017825723625719547,0,0,3,3,5,5,5,5,1,1,1,1
4,30,31,0.011888911947607994,0,0,3,4,5,1,5,1,1,1,1,1
4,30,32,0.004290604032576084,0,0,3,4,5,2,5,2,1,1,1,1
4,30,34,0.0563369058072567,0,0,3,4,5,4,5,4,1,1,1,1
4,30,35,0.0008098277030512691,0,0,3,4,5,5,5,5,1,1,1,1
4,30,41,0.0006561222253367305,0,1,3,6,5,1,5,1,1,1,1,5
4,30,42,0.0038538502994924784,0,1,3,6,5,2,5,2,1,1,1,5
4,30,43,0.007961753755807877,0,1,3,6,5,3,5,3,1,1,1,5
4,30,44,0.014685481786727905,0,1,3,6,5,4,5,4,1,1,1,5
4,30,46,0.00012213052832521498,0,2,3,7,5,0,5,0,1,0,1,4
4,33,0,0.0010899582412093878,0,0,4,1,3,0,3,0,1,2,1,4
4,33,3,0.4850187301635742,0,0,4,3,3,1,3,1,1,1,1,1
4,33,5,0.04385293275117874,0,0,4,3,3,1,3,1,1,1,1,1
4,33,6,0.026489481329917908,0,0,4,3,3,1,3,1,1,1,1,1
4,33,12,0.04699016362428665,0,0,4,3,3,2,3,2,1,1,1,1
4,33,15,0.0060087330639362335,0,0,4,3,3,3,3,3,1,1,1,1
4,33,17,0.0037327739410102367,0,0,4,3,3,3,3,3,1,1,1,1
4,33,19,0.034626804292201996,0,0,4,3,3,4,3,4,1,1,1,1
4,33,20,0.011384199373424053,0,0,4,3,3,4,3,4,1,1,1,1
4,33,22,0.013681899756193161,0,0,4,3,3,4,3,4,1,1,1,1
4,33,24,0.011417665518820286,0,0,4,3,3,4,3,4,1,1,1,1
4,33,26,0.027104729786515236,0,0,4,3,3,5,3,5,1,1,1,1
4,33,27,0.014609845355153084,0,0,4,3,3,5,3,5,1,1,1,1
4,33,29,0.024759231135249138,0,0,4,3,3,5,3,5,1,1,1,1
4,33,31,0.13747142255306244,0,0,4,4,3,1,3,1,1,1,1,1
4,33,32,0.014184379950165749,0,0,4,4,3,2,3,2,1,1,1,1
4,33,34,0.04310576990246773,0,0,4,4,3,4,3,4,1,1,1,1
4,33,35,0.016391830518841743,0,0,4,4,3,5,3,5,1,1,1,1
4,33,41,0.009344343096017838,0,1,4,6,3,1,3,1,1,1,1,5
4,33,42,0.020212188363075256,0,1,4,6,3,2,3,2,1,1,1,5
4,33,43,0.003926138859242201,0,1,4,6,3,3,3,3,1,1,1,5
4,33,44,0.003505867440253496,0,1,4,6,3,4,3,4,1,1,1,5
4,33,46,0.001090604579076171,0,2,4,7,3,0,3,0,1,0,1,4
4,36,0,0.0942915827035904,0,0,5,1,1,0,1,0,2,2,2,4
4,36,3,0.003017831826582551,0,0,5,3,1,1,1,1,2,1,2,1
4,36,5,0.002208823338150978,0,0,5,3,1,1,1,1,2,1,2,1
4,36,6,0.002203836338594556,0,0,5,3,1,1,1,1,2,1,2,1
4,36,12,0.004485796205699444,0,0,5,3,1,2,1,2,2,1,2,1
4,36,15,0.012249129824340343,0,0,5,3,1,3,1,3,2,1,2,1
4,36,17,0.009385948069393635,0,0,5,3,1,3,1,3,2,1,2,1
4,36,19,0.009009734727442265,0,0,5,3,1,4,1,4,2,1,2,1
4,36,20,0.017991911619901657,0,0,5,3,1,4,1,4,2,1,2,1
4,36,22,0.0024803688284009695,0,0,5,3,1,4,1,4,2,1,2,1
4,36,24,0.008566487580537796,0,0,5,3,1,4,1,4,2,1,2,1
4,36,26,0.014912789687514305,0,0,5,3,1,5,1,5,2,1,2,1
4,36,27,0.009378531947731972,0,0,5,3,1,5,1,5,2,1,2,1
4,36,29,0.007636456284672022,0,0,5,3,1,5,1,5,2,1,2,1
4,36,31,0.005361254792660475,0,0,5,4,1,1,1,1,2,1,2,1
4,36,32,0.00898514874279499,0,0,5,4,1,2,1,2,2,1,2,1
4,36,34,0.007758322171866894,0,0,5,4,1,4,1,4,2,1,2,1
4,36,35,0.0019200447713956237,0,0,5,4,1,5,1,5,2,1,2,1
4,36,41,0.034137751907110214,0,1,5,6,1,1,1,1,2,1,2,5
4,36,42,0.156630277633667,0,1,5,6,1,2,1,2,2,1,2,5
4,36,43,0.12460155040025711,0,1,5,6,1,3,1,3,2,1,2,5
4,36,44,0.16728191077709198,0,1,5,6,1,4,1,4,2,1,2,5
4,36,46,0.29550427198410034,0,2,5,7,1,0,1,0,2,0,2,4
4,37,0,0.162673681974411,0,0,5,1,2,0,2,0,2,2,2,4
4,37,3,0.025030730292201042,0,0,5,3,2,1,2,1,2,1,2,1
4,37,5,0.01145626325160265,0,0,5,3,2,1,2,1,2,1,2,1
4,37,6,0.009871142916381359,0,0,5,3,2,1,2,1,2,1,2,1
4,37,12,0.02354086935520172,0,0,5,3,2,2,2,2,2,1,2,1
4,37,15,0.18135569989681244,0,0,5,3,2,3,2,3,2,1,2,1
4,37,17,0.04979810491204262,0,0,5,3,2,3,2,3,2,1,2,1
4,37,19,0.06177705153822899,0,0,5,3,2,4,2,4,2,1,2,1
4,37,20,0.05784078314900398,0,0,5,3,2,4,2,4,2,1,2,1
4,37,22,0.06631870567798615,0,0,5,3,2,4,2,4,2,1,2,1
4,37,24,0.06931178271770477,0,0,5,3,2,4,2,4,2,1,2,1
4,37,26,0.029573258012533188,0,0,5,3,2,5,2,5,2,1,2,1
4,37,27,0.017083240672945976,0,0,5,3,2,5,2,5,2,1,2,1
4,37,29,0.0048246984370052814,0,0,5,3,2,5,2,5,2,1,2,1
4,37,31,0.020851142704486847,0,0,5,4,2,1,2,1,2,1,2,1
4,37,32,0.009088002145290375,0,0,5,4,2,2,2,2,2,1,2,1
4,37,34,0.04953010380268097,0,0,5,4,2,4,2,4,2,1,2,1
4,37,35,0.00415909755975008,0,0,5,4,2,5,2,5,2,1,2,1
4,37,41,0.006061965599656105,0,1,5,6,2,1,2,1,2,1,2,5
4,37,42,0.011573406867682934,0,1,5,6,2,2,2,2,2,1,2,5
4,37,43,0.039484161883592606,0,1,5,6,2,3,2,3,2,1,2,5
4,37,44,0.06400809437036514,0,1,5,6,2,4,2,4,2,1,2,5
4,37,46,0.024788130074739456,0,2,5,7,2,0,2,0,2,0,2,4
4,38,0,0.04367031902074814,0,0,5,1,3,0,3,0,2,2,2,4
4,38,3,0.04412141069769859,0,0,5,3,3,1,3,1,2,1,2,1
4,38,5,0.017303384840488434,0,0,5,3,3,1,3,1,2,1,2,1
4,38,6,0.009423678740859032,0,0,5,3,3,1,3,1,2,1,2,1
4,38,12,0.04108129069209099,0,0,5,3,3,2,3,2,2,1,2,1
4,38,15,0.06110840290784836,0,0,5,3,3,3,3,3,2,1,2,1
4,38,17,0.030431751161813736,0,0,5,3,3,3,3,3,2,1,2,1
4,38,19,0.02450481988489628,0,0,5,3,3,4,3,4,2,1,2,1
4,38,20,0.020837759599089622,0,0,5,3,3,4,3,4,2,1,2,1
4,38,22,0.008851475082337856,0,0,5,3,3,4,3,4,2,1,2,1
4,38,24,0.01810651831328869,0,0,5,3,3,4,3,4,2,1,2,1
4,38,26,0.041453585028648376,0,0,5,3,3,5,3,5,2,1,2,1
4,38,27,0.03441190719604492,0,0,5,3,3,5,3,5,2,1,2,1
4,38,29,0.01205665897578001,0,0,5,3,3,5,3,5,2,1,2,1
4,38,31,0.08262697607278824,0,0,5,4,3,1,3,1,2,1,2,1
4,38,32,0.030390862375497818,0,0,5,4,3,2,3,2,2,1,2,1
4,38,34,0.030702674761414528,0,0,5,4,3,4,3,4,2,1,2,1
4,38,35,0.007492705713957548,0,0,5,4,3,5,3,5,2,1,2,1
4,38,41,0.04475051909685135,0,1,5,6,3,1,3,1,2,1,2,5
4,38,42,0.1313403993844986,0,1,5,6,3,2,3,2,2,1,2,5
4,38,43,0.12071909010410309,0,1,5,6,3,3,3,3,2,1,2,5
4,38,44,0.11932457983493805,0,1,5,6,3,4,3,4,2,1,2,5
4,38,46,0.02528918720781803,0,2,5,7,3,0,3,0,2,0,2,4
4,39,0,0.0047228410840034485,0,0,5,1,4,0,4,0,2,2,2,4
4,39,3,0.1231260746717453,0,0,5,3,4,1,4,1,2,1,2,1
4,39,5,0.01819908246397972,0,0,5,3,4,1,4,1,2,1,2,1
4,39,6,0.01991274394094944,0,0,5,3,4,1,4,1,2,1,2,1
4,39,12,0.02348286844789982,0,0,5,3,4,2,4,2,2,1,2,1
4,39,15,0.04255794733762741,0,0,5,3,4,3,4,3,2,1,2,1
4,39,17,0.03409881144762039,0,0,5,3,4,3,4,3,2,1,2,1
4,39,19,0.021367115899920464,0,0,5,3,4,4,4,4,2,1,2,1
4,39,20,0.011976173147559166,0,0,5,3,4,4,4,4,2,1,2,1
4,39,22,0.008616854436695576,0,0,5,3,4,4,4,4,2,1,2,1
4,39,24,0.022424211725592613,0,0,5,3,4,4,4,4,2,1,2,1
4,39,26,0.01919359713792801,0,0,5,3,4,5,4,5,2,1,2,1
4,39,27,0.023682154715061188,0,0,5,3,4,5,4,5,2,1,2,1
4,39,29,0.01413465104997158,0,0,5,3,4,5,4,5,2,1,2,1
4,39,31,0.19129373133182526,0,0,5,4,4,1,4,1,2,1,2,1
4,39,32,0.0859241858124733,0,0,5,4,4,2,4,2,2,1,2,1
4,39,34,0.060113295912742615,0,0,5,4,4,4,4,4,2,1,2,1
4,39,35,0.014740037731826305,0,0,5,4,4,5,4,5,2,1,2,1
4,39,41,0.10017859935760498,0,1,5,6,4,1,4,1,2,1,2,5
4,39,42,0.016956299543380737,0,1,5,6,4,2,4,2,2,1,2,5
4,39,43,0.08627328276634216,0,1,5,6,4,3,4,3,2,1,2,5
4,39,44,0.049570418894290924,0,1,5,6,4,4,4,4,2,1,2,5
4,39,46,0.00745480926707387,0,2,5,7,4,0,4,0,2,0,2,4
4,40,0,0.07105664163827896,0,0,5,1,5,0,5,0,2,2,2,4
4,40,3,0.0035369882825762033,0,0,5,3,5,1,5,1,2,1,2,1
4,40,5,0.0007764427573420107,0,0,5,3,5,1,5,1,2,1,2,1
4,40,6,0.00095958705060184,0,0,5,3,5,1,5,1,2,1,2,1
4,40,12,0.005544214975088835,0,0,5,3,5,2,5,2,2,1,2,1
4,40,15,0.11563631892204285,0,0,5,3,5,3,5,3,2,1,2,1
4,40,17,0.014011295512318611,0,0,5,3,5,3,5,3,2,1,2,1
4,40,19,0.038552213460206985,0,0,5,3,5,4,5,4,2,1,2,1
4,40,20,0.043681226670742035,0,0,5,3,5,4,5,4,2,1,2,1
4,40,22,0.01266536209732294,0,0,5,3,5,4,5,4,2,1,2,1
4,40,24,0.024731574580073357,0,0,5,3,5,4,5,4,2,1,2,1
4,40,26,0.0026288193184882402,0,0,5,3,5,5,5,5,2,1,2,1
4,40,27,0.009163315407931805,0,0,5,3,5,5,5,5,2,1,2,1
4,40,29,0.000766437966376543,0,0,5,3,5,5,5,5,2,1,2,1
4,40,31,0.011017038486897945,0,0,5,4,5,1,5,1,2,1,2,1
4,40,32,0.005707374773919582,0,0,5,4,5,2,5,2,2,1,2,1
4,40,34,0.043700072914361954,0,0,5,4,5,4,5,4,2,1,2,1
4,40,35,0.00037702807458117604,0,0,5,4,5,5,5,5,2,1,2,1
4,40,41,0.0031025803182274103,0,1,5,6,5,1,5,1,2,1,2,5
4,40,42,0.016544774174690247,0,1,5,6,5,2,5,2,2,1,2,5
4,40,43,0.35702279210090637,0,1,5,6,5,3,5,3,2,1,2,5
4,40,44,0.20927023887634277,0,1,5,6,5,4,5,4,2,1,2,5
4,40,46,0.009547627530992031,0,2,5,7,5,0,5,0,2,0,2,4
4,45,0,0.03115188330411911,1,0,6,1,5,0,5,0,1,2,5,4
4,45,3,0.004528386518359184,1,0,6,3,5,1,5,1,1,1,5,1
4,45,5,0.12913714349269867,1,0,6,3,5,1,5,1,1,1,5,1
4,45,6,0.0728682279586792,1,0,6,3,5,1,5,1,1,1,5,1
4,45,12,0.0316755436360836,1,0,6,3,5,2,5,2,1,1,5,1
4,45,15,0.02549726516008377,1,0,6,3,5,3,5,3,1,1,5,1
4,45,17,0.013850333169102669,1,0,6,3,5,3,5,3,1,1,5,1
4,45,19,0.019322996959090233,1,0,6,3,5,4,5,4,1,1,5,1
4,45,20,0.009167034178972244,1,0,6,3,5,4,5,4,1,1,5,1
4,45,22,0.006328213959932327,1,0,6,3,5,4,5,4,1,1,5,1
4,45,24,0.008779812604188919,1,0,6,3,5,4,5,4,1,1,5,1
4,45,26,0.03954926133155823,1,0,6,3,5,5,5,5,1,1,5,1
4,45,27,0.04590615630149841,1,0,6,3,5,5,5,5,1,1,5,1
4,45,29,0.03288472443819046,1,0,6,3,5,5,5,5,1,1,5,1
4,45,31,0.028999214991927147,1,0,6,4,5,1,5,1,1,1,5,1
4,45,32,0.031885143369436264,1,0,6,4,5,2,5,2,1,1,5,1
4,45,34,0.0038302068132907152,1,0,6,4,5,4,5,4,1,1,5,1
4,45,35,0.05322534963488579,1,0,6,4,5,5,5,5,1,1,5,1
4,45,41,0.1075468510389328,1,1,6,6,5,1,5,1,1,1,5,5
4,45,42,0.24645282328128815,1,1,6,6,5,2,5,2,1,1,5,5
4,45,43,0.014805613085627556,1,1,6,6,5,3,5,3,1,1,5,5
4,45,44,0.037811167538166046,1,1,6,6,5,4,5,4,1,1,5,5
4,45,46,0.004796715918928385,1,2,6,7,5,0,5,0,1,0,5,4
5,0,1,0.005439171567559242,0,0,1,3,0,1,0,1,2,1,4,1
5,0,2,0.01564806140959263,0,0,1,3,0,1,0,1,2,1,4,1
5,0,4,0.0034807391930371523,0,0,1,3,0,1,0,1,2,1,4,1
5,0,7,0.008287498727440834,0,0,1,3,0,2,0,2,2,1,4,1
5,0,8,0.0024018811527639627,0,0,1,3,0,2,0,2,2,1,4,1
5,0,9,0.0019705151207745075,0,0,1,3,0,2,0,2,2,1,4,1
5,0,10,0.0008608907810412347,0,0,1,3,0,2,0,2,2,1,4,1
5,0,11,0.0028453455306589603,0,0,1,3,0,2,0,2,2,1,4,1
5,0,13,0.0052901944145560265,0,0,1,3,0,3,0,3,2,1,4,1
5,0,14,0.0030932363588362932,0,0,1,3,0,3,0,3,2,1,4,1
5,0,16,0.010948948562145233,0,0,1,3,0,3,0,3,2,1,4,1
5,0,18,0.0015365148428827524,0,0,1,3,0,3,0,3,2,1,4,1
5,0,21,0.004801464732736349,0,0,1,3,0,4,0,4,2,1,4,1
5,0,23,0.002985553117468953,0,0,1,3,0,4,0,4,2,1,4,1
5,0,25,0.2904367744922638,0,0,1,3,0,5,0,5,2,1,4,1
5,0,28,0.2278648316860199,0,0,1,3,0,5,0,5,2,1,4,1
5,0,30,0.39448752999305725,0,0,1,3,0,5,0,5,2,1,4,1
5,0,33,0.011759518645703793,0,0,1,4,0,3,0,3,2,1,4,1
5,0,36,0.00011848028952954337,0,0,1,5,0,1,0,1,2,2,4,2
5,0,37,0.00010663190914783627,0,0,1,5,0,2,0,2,2,2,4,2
5,0,38,0.00028570787981152534,0,0,1,5,0,3,0,3,2,2,4,2
5,0,39,8.609211363364011e-05,0,0,1,5,0,4,0,4,2,2,4,2
5,0,40,0.002033026423305273,0,0,1,5,0,5,0,5,2,2,4,2
5,0,45,0.0032312923576682806,0,1,1,6,0,5,0,5,2,1,4,5
5,3,1,0.07563846558332443,0,0,3,3,1,1,1,1,1,1,1,1
5,3,2,0.2879229187965393,0,0,3,3,1,1,1,1,1,1,1,1
5,3,4,0.020016653463244438,0,0,3,3,1,1,1,1,1,1,1,1
5,3,7,0.024341318756341934,0,0,3,3,1,2,1,2,1,1,1,1
5,3,8,0.017743708565831184,0,0,3,3,1,2,1,2,1,1,1,1
5,3,9,0.0057492987252771854,0,0,3,3,1,2,1,2,1,1,1,1
5,3,10,0.030099432915449142,0,0,3,3,1,2,1,2,1,1,1,1
5,3,11,0.019478926435112953,0,0,3,3,1,2,1,2,1,1,1,1
5,3,13,0.004837291315197945,0,0,3,3,1,3,1,3,1,1,1,1
5,3,14,0.010212262161076069,0,0,3,3,1,3,1,3,1,1,1,1
5,3,16,0.016879433766007423,0,0,3,3,1,3,1,3,1,1,1,1
5,3,18,0.002431432716548443,0,0,3,3,1,3,1,3,1,1,1,1
5,3,21,0.006469646003097296,0,0,3,3,1,4,1,4,1,1,1,1
5,3,23,0.00538882939144969,0,0,3,3,1,4,1,4,1,1,1,1
5,3,25,0.07557197660207748,0,0,3,3,1,5,1,5,1,1,1,1
5,3,28,0.11447842419147491,0,0,3,3,1,5,1,5,1,1,1,1
5,3,30,0.26070448756217957,0,0,3,3,1,5,1,5,1,1,1,1
5,3,33,0.008050373755395412,0,0,3,4,1,3,1,3,1,1,1,1
5,3,36,0.000735850480850786,0,0,3,5,1,1,1,1,1,2,1,2
5,3,37,0.0023242428433150053,0,0,3,5,1,2,1,2,1,2,1,2
5,3,38,0.0006228549173101783,0,0,3,5,1,3,1,3,1,2,1,2
5,3,39,0.00011862582323374227,0,0,3,5,1,4,1,4,1,2,1,2
5,3,40,0.008955823257565498,0,0,3,5,1,5,1,5,1,2,1,2
5,3,45,0.0012277915375307202,0,1,3,6,1,5,1,5,1,1,1,5
5,5,1,0.019907169044017792,0,0,3,3,1,1,1,1,1,1,1,1
5,5,2,0.08839555084705353,0,0,3,3,1,1,1,1,1,1,1,1
5,5,4,0.0031653973273932934,0,0,3,3,1,1,1,1,1,1,1,1
5,5,7,0.05089990794658661,0,0,3,3,1,2,1,2,1,1,1,1
5,5,8,0.027776895090937614,0,0,3,3,1,2,1,2,1,1,1,1
5,5,9,0.019742542877793312,0,0,3,3,1,2,1,2,1,1,1,1
5,5,10,0.050345804542303085,0,0,3,3,1,2,1,2,1,1,1,1
5,5,11,0.0411476232111454,0,0,3,3,1,2,1,2,1,1,1,1
5,5,13,0.010625889524817467,0,0,3,3,1,3,1,3,1,1,1,1
5,5,14,0.018509872257709503,0,0,3,3,1,3,1,3,1,1,1,1
5,5,16,0.01776479184627533,0,0,3,3,1,3,1,3,1,1,1,1
5,5,18,0.00781342200934887,0,0,3,3,1,3,1,3,1,1,1,1
5,5,21,0.003907566890120506,0,0,3,3,1,4,1,4,1,1,1,1
5,5,23,0.00246873265132308,0,0,3,3,1,4,1,4,1,1,1,1
5,5,25,0.16616342961788177,0,0,3,3,1,5,1,5,1,1,1,1
5,5,28,0.10465926676988602,0,0,3,3,1,5,1,5,1,1,1,1
5,5,30,0.30919453501701355,0,0,3,3,1,5,1,5,1,1,1,1
5,5,33,0.021960942074656487,0,0,3,4,1,3,1,3,1,1,1,1
5,5,36,0.0002058782265521586,0,0,3,5,1,1,1,1,1,2,1,2
5,5,37,0.009948601014912128,0,0,3,5,1,2,1,2,1,2,1,2
5,5,38,0.0008099732222035527,0,0,3,5,1,3,1,3,1,2,1,2
5,5,39,0.00024400999245699495,0,0,3,5,1,4,1,4,1,2,1,2
5,5,40,0.024108026176691055,0,0,3,5,1,5,1,5,1,2,1,2
5,5,45,0.00023415269970428199,0,1,3,6,1,5,1,5,1,1,1,5
5,6,1,0.04988532140851021,0,0,3,3,1,1,1,1,1,1,1,1
5,6,2,0.18992607295513153,0,0,3,3,1,1,1,1,1,1,1,1
5,6,4,0.028284743428230286,0,0,3,3,1,1,1,1,1,1,1,1
5,6,7,0.05169886723160744,0,0,3,3,1,2,1,2,1,1,1,1
5,6,8,0.08022630214691162,0,0,3,3,1,2,1,2,1,1,1,1
5,6,9,0.048776667565107346,0,0,3,3,1,2,1,2,1,1,1,1
5,6,10,0.09466349333524704,0,0,3,3,1,2,1,2,1,1,1,1
5,6,11,0.06849129498004913,0,0,3,3,1,2,1,2,1,1,1,1
5,6,13,0.012981702573597431,0,0,3,3,1,3,1,3,1,1,1,1
5,6,14,0.01612670347094536,0,0,3,3,1,3,1,3,1,1,1,1
5,6,16,0.02723725698888302,0,0,3,3,1,3,1,3,1,1,1,1
5,6,18,0.011768030934035778,0,0,3,3,1,3,1,3,1,1,1,1
5,6,21,0.005431297235190868,0,0,3,3,1,4,1,4,1,1,1,1
5,6,23,0.004614633042365313,0,0,3,3,1,4,1,4,1,1,1,1
5,6,25,0.05683281645178795,0,0,3,3,1,5,1,5,1,1,1,1
5,6,28,0.048298340290784836,0,0,3,3,1,5,1,5,1,1,1,1
5,6,30,0.13233759999275208,0,0,3,3,1,5,1,5,1,1,1,1
5,6,33,0.015301256440579891,0,0,3,4,1,3,1,3,1,1,1,1
5,6,36,0.0023850328288972378,0,0,3,5,1,1,1,1,1,2,1,2
5,6,37,0.028905754908919334,0,0,3,5,1,2,1,2,1,2,1,2
5,6,38,0.0034439105074852705,0,0,3,5,1,3,1,3,1,2,1,2
5,6,39,0.0008658310398459435,0,0,3,5,1,4,1,4,1,2,1,2
5,6,40,0.016738560050725937,0,0,3,5,1,5,1,5,1,2,1,2
5,6,45,0.004778583999723196,0,1,3,6,1,5,1,5,1,1,1,5
5,12,1,0.0021081564482301474,0,0,3,3,2,1,2,1,1,1,1,1
5,12,2,0.0024790288880467415,0,0,3,3,2,1,2,1,1,1,1,1
5,12,4,0.0009020056459121406,0,0,3,3,2,1,2,1,1,1,1,1
5,12,7,0.00282075977884233,0,0,3,3,2,2,2,2,1,1,1,1
5,12,8,0.002577543258666992,0,0,3,3,2,2,2,2,1,1,1,1
5,12,9,0.0011661446187645197,0,0,3,3,2,2,2,2,1,1,1,1
5,12,10,0.0005236679571680725,0,0,3,3,2,2,2,2,1,1,1,1
5,12,11,0.0017866460839286447,0,0,3,3,2,2,2,2,1,1,1,1
5,12,13,0.004601487889885902,0,0,3,3,2,3,2,3,1,1,1,1
5,12,14,0.0008857480133883655,0,0,3,3,2,3,2,3,1,1,1,1
5,12,16,0.0008438062504865229,0,0,3,3,2,3,2,3,1,1,1,1
5,12,18,0.0002949596964754164,0,0,3,3,2,3,2,3,1,1,1,1
5,12,21,0.00031847722129896283,0,0,3,3,2,4,2,4,1,1,1,1
5,12,23,0.0002010577591136098,0,0,3,3,2,4,2,4,1,1,1,1
5,12,25,0.024318329989910126,0,0,3,3,2,5,2,5,1,1,1,1
5,12,28,0.08814992755651474,0,0,3,3,2,5,2,5,1,1,1,1
5,12,30,0.01625376008450985,0,0,3,3,2,5,2,5,1,1,1,1
5,12,33,0.0005206527421250939,0,0,3,4,2,3,2,3,1,1,1,1
5,12,36,0.006181643344461918,0,0,3,5,2,1,2,1,1,2,1,2
5,12,37,0.05502763018012047,0,0,3,5,2,2,2,2,1,2,1,2
5,12,38,0.008390409871935844,0,0,3,5,2,3,2,3,1,2,1,2
5,12,39,0.003063010750338435,0,0,3,5,2,4,2,4,1,2,1,2
5,12,40,0.6763279438018799,0,0,3,5,2,5,2,5,1,2,1,2
5,12,45,0.10025695711374283,0,1,3,6,2,5,2,5,1,1,1,5
5,15,1,5.8393285144120455e-05,0,0,3,3,3,1,3,1,1,1,1,1
5,15,2,2.731066706473939e-05,0,0,3,3,3,1,3,1,1,1,1,1
5,15,4,2.593741328382748e-06,0,0,3,3,3,1,3,1,1,1,1,1
5,15,7,0.0005341128562577069,0,0,3,3,3,2,3,2,1,1,1,1
5,15,8,0.0006374854710884392,0,0,3,3,3,2,3,2,1,1,1,1
5,15,9,0.00018308103608433157,0,0,3,3,3,2,3,2,1,1,1,1
5,15,10,0.0003179720079060644,0,0,3,3,3,2,3,2,1,1,1,1
5,15,11,0.0006500489544123411,0,0,3,3,3,2,3,2,1,1,1,1
5,15,13,0.00024502407177351415,0,0,3,3,3,3,3,3,1,1,1,1
5,15,14,0.0002119988203048706,0,0,3,3,3,3,3,3,1,1,1,1
5,15,16,4.245251329848543e-05,0,0,3,3,3,3,3,3,1,1,1,1
5,15,18,5.841676102136262e-05,0,0,3,3,3,3,3,3,1,1,1,1
5,15,21,4.13334091717843e-05,0,0,3,3,3,4,3,4,1,1,1,1
5,15,23,1.3967482118459884e-05,0,0,3,3,3,4,3,4,1,1,1,1
5,15,25,0.003484566230326891,0,0,3,3,3,5,3,5,1,1,1,1
5,15,28,0.002612992189824581,0,0,3,3,3,5,3,5,1,1,1,1
5,15,30,0.0007010717527009547,0,0,3,3,3,5,3,5,1,1,1,1
5,15,33,0.00010789427324198186,0,0,3,4,3,3,3,3,1,1,1,1
5,15,36,4.406725201988593e-05,0,0,3,5,3,1,3,1,1,2,1,2
5,15,37,0.03972843289375305,0,0,3,5,3,2,3,2,1,2,1,2
5,15,38,0.00018170750990975648,0,0,3,5,3,3,3,3,1,2,1,2
5,15,39,0.0012382473796606064,0,0,3,5,3,4,3,4,1,2,1,2
5,15,40,0.9482602477073669,0,0,3,5,3,5,3,5,1,2,1,2
5,15,45,0.0006170737906359136,0,1,3,6,3,5,3,5,1,1,1,5
5,17,1,6.585600203834474e-05,0,0,3,3,3,1,3,1,1,1,1,1
5,17,2,1.2204303857288323e-05,0,0,3,3,3,1,3,1,1,1,1,1
5,17,4,2.945218511740677e-06,0,0,3,3,3,1,3,1,1,1,1,1
5,17,7,0.00014764690422452986,0,0,3,3,3,2,3,2,1,1,1,1
5,17,8,0.0002585420443210751,0,0,3,3,3,2,3,2,1,1,1,1
5,17,9,7.037688192212954e-05,0,0,3,3,3,2,3,2,1,1,1,1
5,17,10,0.00010630592441884801,0,0,3,3,3,2,3,2,1,1,1,1
5,17,11,0.0003187378461007029,0,0,3,3,3,2,3,2,1,1,1,1
5,17,13,0.00012539757881313562,0,0,3,3,3,3,3,3,1,1,1,1
5,17,14,0.00012025906471535563,0,0,3,3,3,3,3,3,1,1,1,1
5,17,16,1.8017071852227673e-05,0,0,3,3,3,3,3,3,1,1,1,1
5,17,18,4.1164264985127375e-05,0,0,3,3,3,3,3,3,1,1,1,1
5,17,21,1.5917648852337152e-05,0,0,3,3,3,4,3,4,1,1,1,1
5,17,23,5.922339823882794e-06,0,0,3,3,3,4,3,4,1,1,1,1
5,17,25,0.00022511142014991492,0,0,3,3,3,5,3,5,1,1,1,1
5,17,28,0.0006679216749034822,0,0,3,3,3,5,3,5,1,1,1,1
5,17,30,9.764391143107787e-05,0,0,3,3,3,5,3,5,1,1,1,1
5,17,33,2.826125273713842e-05,0,0,3,4,3,3,3,3,1,1,1,1
5,17,36,0.0001753483375068754,0,0,3,5,3,1,3,1,1,2,1,2
5,17,37,0.0795077234506607,0,0,3,5,3,2,3,2,1,2,1,2
5,17,38,0.0003793539071921259,0,0,3,5,3,3,3,3,1,2,1,2
5,17,39,0.002649475121870637,0,0,3,5,3,4,3,4,1,2,1,2
5,17,40,0.91405189037323,0,0,3,5,3,5,3,5,1,2,1,2
5,17,45,0.0009073574910871685,0,1,3,6,3,5,3,5,1,1,1,5
5,19,1,3.491989991744049e-05,0,0,3,3,4,1,4,1,1,1,1,1
5,19,2,5.2766295993933454e-05,0,0,3,3,4,1,4,1,1,1,1,1
5,19,4,8.643107321404386e-06,0,0,3,3,4,1,4,1,1,1,1,1
5,19,7,0.0003065784403588623,0,0,3,3,4,2,4,2,1,1,1,1
5,19,8,0.0006790237384848297,0,0,3,3,4,2,4,2,1,1,1,1
5,19,9,0.0002418689982732758,0,0,3,3,4,2,4,2,1,1,1,1
5,19,10,0.00019013033306691796,0,0,3,3,4,2,4,2,1,1,1,1
5,19,11,0.0004142371180932969,0,0,3,3,4,2,4,2,1,1,1,1
5,19,13,0.00018946737691294402,0,0,3,3,4,3,4,3,1,1,1,1
5,19,14,3.553494389052503e-05,0,0,3,3,4,3,4,3,1,1,1,1
5,19,16,3.505027780192904e-05,0,0,3,3,4,3,4,3,1,1,1,1
5,19,18,2.2355861801770516e-05,0,0,3,3,4,3,4,3,1,1,1,1
5,19,21,8.26390678412281e-05,0,0,3,3,4,4,4,4,1,1,1,1
5,19,23,3.298160663689487e-05,0,0,3,3,4,4,4,4,1,1,1,1
5,19,25,0.03296210616827011,0,0,3,3,4,5,4,5,1,1,1,1
5,19,28,0.011371418833732605,0,0,3,3,4,5,4,5,1,1,1,1
5,19,30,0.003435074584558606,0,0,3,3,4,5,4,5,1,1,1,1
5,19,33,5.207759386394173e-05,0,0,3,4,4,3,4,3,1,1,1,1
5,19,36,3.497885336400941e-05,0,0,3,5,4,1,4,1,1,2,1,2
5,19,37,0.02230423130095005,0,0,3,5,4,2,4,2,1,2,1,2
5,19,38,0.00020246019994374365,0,0,3,5,4,3,4,3,1,2,1,2
5,19,39,0.000749500235542655,0,0,3,5,4,4,4,4,1,2,1,2
5,19,40,0.8813603520393372,0,0,3,5,4,5,4,5,1,2,1,2
5,19,45,0.045201849192380905,0,1,3,6,4,5,4,5,1,1,1,5
5,20,1,1.0078910236188676e-05,0,0,3,3,4,1,4,1,1,1,1,1
5,20,2,2.2133935999590904e-06,0,0,3,3,4,1,4,1,1,1,1,1
5,20,4,9.954085271601798e-07,0,0,3,3,4,1,4,1,1,1,1,1
5,20,7,7.875689334468916e-05,0,0,3,3,4,2,4,2,1,1,1,1
5,20,8,0.0005391610320657492,0,0,3,3,4,2,4,2,1,1,1,1
5,20,9,0.0002751440624706447,0,0,3,3,4,2,4,2,1,1,1,1
5,20,10,0.00014480100071523339,0,0,3,3,4,2,4,2,1,1,1,1
5,20,11,0.0001669566991040483,0,0,3,3,4,2,4,2,1,1,1,1
5,20,13,0.00011555737000890076,0,0,3,3,4,3,4,3,1,1,1,1
5,20,14,3.646472760010511e-05,0,0,3,3,4,3,4,3,1,1,1,1
5,20,16,1.3855585166311357e-05,0,0,3,3,4,3,4,3,1,1,1,1
5,20,18,6.351800402626395e-05,0,0,3,3,4,3,4,3,1,1,1,1
5,20,21,4.9555594159755856e-05,0,0,3,3,4,4,4,4,1,1,1,1
5,20,23,1.8912127416115254e-05,0,0,3,3,4,4,4,4,1,1,1,1
5,20,25,0.004702660255134106,0,0,3,3,4,5,4,5,1,1,1,1
5,20,28,0.0013424130156636238,0,0,3,3,4,5,4,5,1,1,1,1
5,20,30,0.00032279861625283957,0,0,3,3,4,5,4,5,1,1,1,1
5,20,33,1.8093940525432117e-05,0,0,3,4,4,3,4,3,1,1,1,1
5,20,36,7.24202027413412e-06,0,0,3,5,4,1,4,1,1,2,1,2
5,20,37,0.04096994176506996,0,0,3,5,4,2,4,2,1,2,1,2
5,20,38,9.735477215144783e-05,0,0,3,5,4,3,4,3,1,2,1,2
5,20,39,0.0027023821603506804,0,0,3,5,4,4,4,4,1,2,1,2
5,20,40,0.8667301535606384,0,0,3,5,4,5,4,5,1,2,1,2
5,20,45,0.0815904438495636,0,1,3,6,4,5,4,5,1,1,1,5
5,22,1,6.459647556766868e-05,0,0,3,3,4,1,4,1,1,1,1,1
5,22,2,0.00010595417552394792,0,0,3,3,4,1,4,1,1,1,1,1
5,22,4,1.0286866199749056e-05,0,0,3,3,4,1,4,1,1,1,1,1
5,22,7,0.0003195732133463025,0,0,3,3,4,2,4,2,1,1,1,1
5,22,8,0.0006041788146831095,0,0,3,3,4,2,4,2,1,1,1,1
5,22,9,0.00023068480368237942,0,0,3,3,4,2,4,2,1,1,1,1
5,22,10,0.0002515924861654639,0,0,3,3,4,2,4,2,1,1,1,1
5,22,11,0.0005186324124224484,0,0,3,3,4,2,4,2,1,1,1,1
5,22,13,0.00015647341206204146,0,0,3,3,4,3,4,3,1,1,1,1
5,22,14,7.067956903483719e-05,0,0,3,3,4,3,4,3,1,1,1,1
5,22,16,5.416003114078194e-05,0,0,3,3,4,3,4,3,1,1,1,1
5,22,18,4.300412911106832e-05,0,0,3,3,4,3,4,3,1,1,1,1
5,22,21,0.0002457074006088078,0,0,3,3,4,4,4,4,1,1,1,1
5,22,23,9.096335270442069e-05,0,0,3,3,4,4,4,4,1,1,1,1
5,22,25,0.03586999326944351,0,0,3,3,4,5,4,5,1,1,1,1
5,22,28,0.01003720611333847,0,0,3,3,4,5,4,5,1,1,1,1
5,22,30,0.006264775525778532,0,0,3,3,4,5,4,5,1,1,1,1
5,22,33,7.833775453036651e-05,0,0,3,4,4,3,4,3,1,1,1,1
5,22,36,2.9266622732393444e-05,0,0,3,5,4,1,4,1,1,2,1,2
5,22,37,0.024791475385427475,0,0,3,5,4,2,4,2,1,2,1,2
5,22,38,0.00015925760089885443,0,0,3,5,4,3,4,3,1,2,1,2
5,22,39,0.0014879941008985043,0,0,3,5,4,4,4,4,1,2,1,2
5,22,40,0.9030585885047913,0,0,3,5,4,5,4,5,1,2,1,2
5,22,45,0.015456529334187508,0,1,3,6,4,5,4,5,1,1,1,5
5,24,1,5.502407657331787e-05,0,0,3,3,4,1,4,1,1,1,1,1
5,24,2,2.9152673960197717e-05,0,0,3,3,4,1,4,1,1,1,1,1
5,24,4,7.363933491433272e-06,0,0,3,3,4,1,4,1,1,1,1,1
5,24,7,0.00016854026762302965,0,0,3,3,4,2,4,2,1,1,1,1
5,24,8,0.0008317168685607612,0,0,3,3,4,2,4,2,1,1,1,1
5,24,9,0.00031991503783501685,0,0,3,3,4,2,4,2,1,1,1,1
5,24,10,0.00025126736727543175,0,0,3,3,4,2,4,2,1,1,1,1
5,24,11,0.00024922401644289494,0,0,3,3,4,2,4,2,1,1,1,1
5,24,13,0.0002823082613758743,0,0,3,3,4,3,4,3,1,1,1,1
5,24,14,0.00010322565503884107,0,0,3,3,4,3,4,3,1,1,1,1
5,24,16,4.887601244263351e-05,0,0,3,3,4,3,4,3,1,1,1,1
5,24,18,8.657261059852317e-05,0,0,3,3,4,3,4,3,1,1,1,1
5,24,21,5.595581023953855e-05,0,0,3,3,4,4,4,4,1,1,1,1
5,24,23,2.625585693749599e-05,0,0,3,3,4,4,4,4,1,1,1,1
5,24,25,0.014601973816752434,0,0,3,3,4,5,4,5,1,1,1,1
5,24,28,0.00874344538897276,0,0,3,3,4,5,4,5,1,1,1,1
5,24,30,0.0015626783715561032,0,0,3,3,4,5,4,5,1,1,1,1
5,24,33,5.9059053455712274e-05,0,0,3,4,4,3,4,3,1,1,1,1
5,24,36,1.7174728782265447e-05,0,0,3,5,4,1,4,1,1,2,1,2
5,24,37,0.011233923025429249,0,0,3,5,4,2,4,2,1,2,1,2
5,24,38,7.438399188686162e-05,0,0,3,5,4,3,4,3,1,2,1,2
5,24,39,0.00041028353734873235,0,0,3,5,4,4,4,4,1,2,1,2
5,24,40,0.8078056573867798,0,0,3,5,4,5,4,5,1,2,1,2
5,24,45,0.15297621488571167,0,1,3,6,4,5,4,5,1,1,1,5
5,26,1,0.030581817030906677,0,0,3,3,5,1,5,1,1,1,1,1
5,26,2,0.06106133013963699,0,0,3,3,5,1,5,1,1,1,1,1
5,26,4,0.003907008096575737,0,0,3,3,5,1,5,1,1,1,1,1
5,26,7,0.1156325563788414,0,0,3,3,5,2,5,2,1,1,1,1
5,26,8,0.08174677938222885,0,0,3,3,5,2,5,2,1,1,1,1
5,26,9,0.05319344252347946,0,0,3,3,5,2,5,2,1,1,1,1
5,26,10,0.1461101621389389,0,0,3,3,5,2,5,2,1,1,1,1
5,26,11,0.09382651746273041,0,0,3,3,5,2,5,2,1,1,1,1
5,26,13,0.019032256677746773,0,0,3,3,5,3,5,3,1,1,1,1
5,26,14,0.03439737483859062,0,0,3,3,5,3,5,3,1,1,1,1
5,26,16,0.04303021728992462,0,0,3,3,5,3,5,3,1,1,1,1
5,26,18,0.0170002318918705,0,0,3,3,5,3,5,3,1,1,1,1
5,26,21,0.01690804399549961,0,0,3,3,5,4,5,4,1,1,1,1
5,26,23,0.013768966309726238,0,0,3,3,5,4,5,4,1,1,1,1
5,26,25,0.05113666132092476,0,0,3,3,5,5,5,5,1,1,1,1
5,26,28,0.02932870015501976,0,0,3,3,5,5,5,5,1,1,1,1
5,26,30,0.10622291266918182,0,0,3,3,5,5,5,5,1,1,1,1
5,26,33,0.0342092365026474,0,0,3,4,5,3,5,3,1,1,1,1
5,26,36,0.0006341880070976913,0,0,3,5,5,1,5,1,1,2,1,2
5,26,37,0.01859237439930439,0,0,3,5,5,2,5,2,1,2,1,2
5,26,38,0.0019768334459513426,0,0,3,5,5,3,5,3,1,2,1,2
5,26,39,0.0018756830831989646,0,0,3,5,5,4,5,4,1,2,1,2
5,26,40,0.02514282986521721,0,0,3,5,5,5,5,5,1,2,1,2
5,26,45,0.0006839976413175464,0,1,3,6,5,5,5,5,1,1,1,5
5,27,1,0.03319777175784111,0,0,3,3,5,1,5,1,1,1,1,1
5,27,2,0.11066551506519318,0,0,3,3,5,1,5,1,1,1,1,1
5,27,4,0.0038108383305370808,0,0,3,3,5,1,5,1,1,1,1,1
5,27,7,0.03303995355963707,0,0,3,3,5,2,5,2,1,1,1,1
5,27,8,0.009772020392119884,0,0,3,3,5,2,5,2,1,1,1,1
5,27,9,0.0031320867128670216,0,0,3,3,5,2,5,2,1,1,1,1
5,27,10,0.015245145186781883,0,0,3,3,5,2,5,2,1,1,1,1
5,27,11,0.02277388796210289,0,0,3,3,5,2,5,2,1,1,1,1
5,27,13,0.005064055789262056,0,0,3,3,5,3,5,3,1,1,1,1
5,27,14,0.009659886360168457,0,0,3,3,5,3,5,3,1,1,1,1
5,27,16,0.012073615565896034,0,0,3,3,5,3,5,3,1,1,1,1
5,27,18,0.0014006446581333876,0,0,3,3,5,3,5,3,1,1,1,1
5,27,21,0.010760686360299587,0,0,3,3,5,4,5,4,1,1,1,1
5,27,23,0.008142808452248573,0,0,3,3,5,4,5,4,1,1,1,1
5,27,25,0.1296870857477188,0,0,3,3,5,5,5,5,1,1,1,1
5,27,28,0.15919113159179688,0,0,3,3,5,5,5,5,1,1,1,1
5,27,30,0.38784658908843994,0,0,3,3,5,5,5,5,1,1,1,1
5,27,33,0.015371260233223438,0,0,3,4,5,3,5,3,1,1,1,1
5,27,36,0.0005115254898555577,0,0,3,5,5,1,5,1,1,2,1,2
5,27,37,0.0014902761904522777,0,0,3,5,5,2,5,2,1,2,1,2
5,27,38,0.0009472569799982011,0,0,3,5,5,3,5,3,1,2,1,2
5,27,39,0.00021914811804890633,0,0,3,5,5,4,5,4,1,2,1,2
5,27,40,0.025660846382379532,0,0,3,5,5,5,5,5,1,2,1,2
5,27,45,0.00033590715611353517,0,1,3,6,5,5,5,5,1,1,1,5
5,29,1,0.06129888817667961,0,0,3,3,5,1,5,1,1,1,1,1
5,29,2,0.23421123623847961,0,0,3,3,5,1,5,1,1,1,1,1
5,29,4,0.022707438096404076,0,0,3,3,5,1,5,1,1,1,1,1
5,29,7,0.06473756581544876,0,0,3,3,5,2,5,2,1,1,1,1
5,29,8,0.027051324024796486,0,0,3,3,5,2,5,2,1,1,1,1
5,29,9,0.02036219835281372,0,0,3,3,5,2,5,2,1,1,1,1
5,29,10,0.044057879596948624,0,0,3,3,5,2,5,2,1,1,1,1
5,29,11,0.0518389455974102,0,0,3,3,5,2,5,2,1,1,1,1
5,29,13,0.012609923258423805,0,0,3,3,5,3,5,3,1,1,1,1
5,29,14,0.012997252866625786,0,0,3,3,5,3,5,3,1,1,1,1
5,29,16,0.03505053371191025,0,0,3,3,5,3,5,3,1,1,1,1
5,29,18,0.006781263276934624,0,0,3,3,5,3,5,3,1,1,1,1
5,29,21,0.023468108847737312,0,0,3,3,5,4,5,4,1,1,1,1
5,29,23,0.025789674371480942,0,0,3,3,5,4,5,4,1,1,1,1
5,29,25,0.0433935672044754,0,0,3,3,5,5,5,5,1,1,1,1
5,29,28,0.05777309462428093,0,0,3,3,5,5,5,5,1,1,1,1
5,29,30,0.19478633999824524,0,0,3,3,5,5,5,5,1,1,1,1
5,29,33,0.015373451635241508,0,0,3,4,5,3,5,3,1,1,1,1
5,29,36,0.004780209623277187,0,0,3,5,5,1,5,1,1,2,1,2
5,29,37,0.013654709793627262,0,0,3,5,5,2,5,2,1,2,1,2
5,29,38,0.007130384910851717,0,0,3,5,5,3,5,3,1,2,1,2
5,29,39,0.002592502161860466,0,0,3,5,5,4,5,4,1,2,1,2
5,29,40,0.014940179884433746,0,0,3,5,5,5,5,5,1,2,1,2
5,29,45,0.002613130724057555,0,1,3,6,5,5,5,5,1,1,1,5
5,31,1,0.03820411115884781,0,0,4,3,1,1,1,1,1,1,1,1
5,31,2,0.3417084515094757,0,0,4,3,1,1,1,1,1,1,1,1
5,31,4,0.01452754344791174,0,0,4,3,1,1,1,1,1,1,1,1
5,31,7,0.020162366330623627,0,0,4,3,1,2,1,2,1,1,1,1
5,31,8,0.01197073608636856,0,0,4,3,1,2,1,2,1,1,1,1
5,31,9,0.0061395540833473206,0,0,4,3,1,2,1,2,1,1,1,1
5,31,10,0.02525384910404682,0,0,4,3,1,2,1,2,1,1,1,1
5,31,11,0.023157157003879547,0,0,4,3,1,2,1,2,1,1,1,1
5,31,13,0.002857009181752801,0,0,4,3,1,3,1,3,1,1,1,1
5,31,14,0.005484866909682751,0,0,4,3,1,3,1,3,1,1,1,1
5,31,16,0.021028826013207436,0,0,4,3,1,3,1,3,1,1,1,1
5,31,18,0.0024985261261463165,0,0,4,3,1,3,1,3,1,1,1,1
5,31,21,0.010634851641952991,0,0,4,3,1,4,1,4,1,1,1,1
5,31,23,0.007761962711811066,0,0,4,3,1,4,1,4,1,1,1,1
5,31,25,0.07821443676948547,0,0,4,3,1,5,1,5,1,1,1,1
5,31,28,0.042232390493154526,0,0,4,3,1,5,1,5,1,1,1,1
5,31,30,0.3278932273387909,0,0,4,3,1,5,1,5,1,1,1,1
5,31,33,0.010985017754137516,0,0,4,4,1,3,1,3,1,1,1,1
5,31,36,0.0004078210622537881,0,0,4,5,1,1,1,1,1,2,1,2
5,31,37,0.0027245506644248962,0,0,4,5,1,2,1,2,1,2,1,2
5,31,38,0.001221941434778273,0,0,4,5,1,3,1,3,1,2,1,2
5,31,39,0.00021148180530872196,0,0,4,5,1,4,1,4,1,2,1,2
5,31,40,0.004048409406095743,0,0,4,5,1,5,1,5,1,2,1,2
5,31,45,0.0006709281005896628,0,1,4,6,1,5,1,5,1,1,1,5
5,32,1,0.0025945736560970545,0,0,4,3,2,1,2,1,1,1,1,1
5,32,2,0.0029077024664729834,0,0,4,3,2,1,2,1,1,1,1,1
5,32,4,0.0005110352649353445,0,0,4,3,2,1,2,1,1,1,1,1
5,32,7,0.002524619922041893,0,0,4,3,2,2,2,2,1,1,1,1
5,32,8,0.0010199873941019177,0,0,4,3,2,2,2,2,1,1,1,1
5,32,9,0.0004885352100245655,0,0,4,3,2,2,2,2,1,1,1,1
5,32,10,0.0003556216543074697,0,0,4,3,2,2,2,2,1,1,1,1
5,32,11,0.0017914739437401295,0,0,4,3,2,2,2,2,1,1,1,1
5,32,13,0.0018715383484959602,0,0,4,3,2,3,2,3,1,1,1,1
5,32,14,0.0009655589237809181,0,0,4,3,2,3,2,3,1,1,1,1
5,32,16,0.0013000814942643046,0,0,4,3,2,3,2,3,1,1,1,1
5,32,18,0.0004232497594784945,0,0,4,3,2,3,2,3,1,1,1,1
5,32,21,0.0070070791989564896,0,0,4,3,2,4,2,4,1,1,1,1
5,32,23,0.005163032095879316,0,0,4,3,2,4,2,4,1,1,1,1
5,32,25,0.03994327038526535,0,0,4,3,2,5,2,5,1,1,1,1
5,32,28,0.05894791707396507,0,0,4,3,2,5,2,5,1,1,1,1
5,32,30,0.03658812493085861,0,0,4,3,2,5,2,5,1,1,1,1
5,32,33,0.0012679819483309984,0,0,4,4,2,3,2,3,1,1,1,1
5,32,36,0.004084996413439512,0,0,4,5,2,1,2,1,1,2,1,2
5,32,37,0.0093744657933712,0,0,4,5,2,2,2,2,1,2,1,2
5,32,38,0.007524949498474598,0,0,4,5,2,3,2,3,1,2,1,2
5,32,39,0.0207375381141901,0,0,4,5,2,4,2,4,1,2,1,2
5,32,40,0.6125390529632568,0,0,4,5,2,5,2,5,1,2,1,2
5,32,45,0.1800680309534073,0,1,4,6,2,5,2,5,1,1,1,5
5,34,1,1.3102196135150734e-05,0,0,4,3,4,1,4,1,1,1,1,1
5,34,2,1.7331873095827177e-05,0,0,4,3,4,1,4,1,1,1,1,1
5,34,4,2.0396628315211274e-06,0,0,4,3,4,1,4,1,1,1,1,1
5,34,7,0.00010924815433099866,0,0,4,3,4,2,4,2,1,1,1,1
5,34,8,0.000225755778956227,0,0,4,3,4,2,4,2,1,1,1,1
5,34,9,0.00011071968037867919,0,0,4,3,4,2,4,2,1,1,1,1
5,34,10,8.794826862867922e-05,0,0,4,3,4,2,4,2,1,1,1,1
5,34,11,0.00012342473200988024,0,0,4,3,4,2,4,2,1,1,1,1
5,34,13,8.692401024745777e-05,0,0,4,3,4,3,4,3,1,1,1,1
5,34,14,2.770615537883714e-05,0,0,4,3,4,3,4,3,1,1,1,1
5,34,16,2.7301019144942984e-05,0,0,4,3,4,3,4,3,1,1,1,1
5,34,18,3.223096064175479e-05,0,0,4,3,4,3,4,3,1,1,1,1
5,34,21,0.00024831804330460727,0,0,4,3,4,4,4,4,1,1,1,1
5,34,23,8.662570326123387e-05,0,0,4,3,4,4,4,4,1,1,1,1
5,34,25,0.04978315532207489,0,0,4,3,4,5,4,5,1,1,1,1
5,34,28,0.005367759149521589,0,0,4,3,4,5,4,5,1,1,1,1
5,34,30,0.0026717125438153744,0,0,4,3,4,5,4,5,1,1,1,1
5,34,33,4.6041990572120994e-05,0,0,4,4,4,3,4,3,1,1,1,1
5,34,36,6.849441433587344e-06,0,0,4,5,4,1,4,1,1,2,1,2
5,34,37,0.009156924672424793,0,0,4,5,4,2,4,2,1,2,1,2
5,34,38,9.507907088845968e-05,0,0,4,5,4,3,4,3,1,2,1,2
5,34,39,0.002038449514657259,0,0,4,5,4,4,4,4,1,2,1,2
5,34,40,0.8252487778663635,0,0,4,5,4,5,4,5,1,2,1,2
5,34,45,0.10438691079616547,0,1,4,6,4,5,4,5,1,1,1,5
5,35,1,0.04130277410149574,0,0,4,3,5,1,5,1,1,1,1,1
5,35,2,0.22147676348686218,0,0,4,3,5,1,5,1,1,1,1,1
5,35,4,0.009539938531816006,0,0,4,3,5,1,5,1,1,1,1,1
5,35,7,0.03636781871318817,0,0,4,3,5,2,5,2,1,1,1,1
5,35,8,0.014825070276856422,0,0,4,3,5,2,5,2,1,1,1,1
5,35,9,0.004658898338675499,0,0,4,3,5,2,5,2,1,1,1,1
5,35,10,0.02179359272122383,0,0,4,3,5,2,5,2,1,1,1,1
5,35,11,0.019369272515177727,0,0,4,3,5,2,5,2,1,1,1,1
5,35,13,0.003576669143512845,0,0,4,3,5,3,5,3,1,1,1,1
5,35,14,0.00472024641931057,0,0,4,3,5,3,5,3,1,1,1,1
5,35,16,0.018881497904658318,0,0,4,3,5,3,5,3,1,1,1,1
5,35,18,0.0010788857471197844,0,0,4,3,5,3,5,3,1,1,1,1
5,35,21,0.04483729973435402,0,0,4,3,5,4,5,4,1,1,1,1
5,35,23,0.03140740841627121,0,0,4,3,5,4,5,4,1,1,1,1
5,35,25,0.11181037127971649,0,0,4,3,5,5,5,5,1,1,1,1
5,35,28,0.057103343307971954,0,0,4,3,5,5,5,5,1,1,1,1
5,35,30,0.32247194647789,0,0,4,3,5,5,5,5,1,1,1,1
5,35,33,0.005807113833725452,0,0,4,4,5,3,5,3,1,1,1,1
5,35,36,0.0010207162704318762,0,0,4,5,5,1,5,1,1,2,1,2
5,35,37,0.006357600912451744,0,0,4,5,5,2,5,2,1,2,1,2
5,35,38,0.00223395973443985,0,0,4,5,5,3,5,3,1,2,1,2
5,35,39,0.0015849635237827897,0,0,4,5,5,4,5,4,1,2,1,2
5,35,40,0.016372859477996826,0,0,4,5,5,5,5,5,1,2,1,2
5,35,45,0.0014009712031111121,0,1,4,6,5,5,5,5,1,1,1,5
5,41,1,2.908306851168163e-05,1,0,6,3,1,1,1,1,1,1,5,1
5,41,2,1.535509727546014e-05,1,0,6,3,1,1,1,1,1,1,5,1
5,41,4,5.534666343010031e-05,1,0,6,3,1,1,1,1,1,1,5,1
5,41,7,8.784297278907616e-06,1,0,6,3,1,2,1,2,1,1,5,1
5,41,8,2.3401684302370995e-05,1,0,6,3,1,2,1,2,1,1,5,1
5,41,9,3.6901805287925526e-05,1,0,6,3,1,2,1,2,1,1,5,1
5,41,10,3.1800200304132886e-06,1,0,6,3,1,2,1,2,1,1,5,1
5,41,11,6.013151505612768e-06,1,0,6,3,1,2,1,2,1,1,5,1
5,41,13,6.95285780238919e-05,1,0,6,3,1,3,1,3,1,1,5,1
5,41,14,2.5521534553263336e-05,1,0,6,3,1,3,1,3,1,1,5,1
5,41,16,7.336291309911758e-05,1,0,6,3,1,3,1,3,1,1,5,1
5,41,18,0.00013952283188700676,1,0,6,3,1,3,1,3,1,1,5,1
5,41,21,0.0001527029526187107,1,0,6,3,1,4,1,4,1,1,5,1
5,41,23,0.0001503247331129387,1,0,6,3,1,4,1,4,1,1,5,1
5,41,25,0.0006306362920440733,1,0,6,3,1,5,1,5,1,1,5,1
5,41,28,0.00042229212704114616,1,0,6,3,1,5,1,5,1,1,5,1
5,41,30,0.00021348927111830562,1,0,6,3,1,5,1,5,1,1,5,1
5,41,33,3.691904203151353e-05,1,0,6,4,1,3,1,3,1,1,5,1
5,41,36,2.970019522763323e-05,1,0,6,5,1,1,1,1,1,2,5,2
5,41,37,1.2278769645490684e-05,1,0,6,5,1,2,1,2,1,2,5,2
5,41,38,4.790493767359294e-05,1,0,6,5,1,3,1,3,1,2,5,2
5,41,39,0.00025028918753378093,1,0,6,5,1,4,1,4,1,2,5,2
5,41,40,0.0003133125137537718,1,0,6,5,1,5,1,5,1,2,5,2
5,41,45,0.99725341796875,1,1,6,6,1,5,1,5,1,1,5,5
5,42,1,1.64141722436284e-09,1,0,6,3,2,1,2,1,1,1,5,1
5,42,2,3.967992878717297e-10,1,0,6,3,2,1,2,1,1,1,5,1
5,42,4,4.712341628021477e-09,1,0,6,3,2,1,2,1,1,1,5,1
5,42,7,1.967019658266622e-09,1,0,6,3,2,2,2,2,1,1,5,1
5,42,8,3.2692639706510818e-09,1,0,6,3,2,2,2,2,1,1,5,1
5,42,9,9.0860661217107e-09,1,0,6,3,2,2,2,2,1,1,5,1
5,42,10,9.140799228646301e-11,1,0,6,3,2,2,2,2,1,1,5,1
5,42,11,1.2658425418976549e-09,1,0,6,3,2,2,2,2,1,1,5,1
5,42,13,1.090917010060366e-07,1,0,6,3,2,3,2,3,1,1,5,1
5,42,14,6.411562836206031e-09,1,0,6,3,2,3,2,3,1,1,5,1
5,42,16,7.994679585010545e-09,1,0,6,3,2,3,2,3,1,1,5,1
5,42,18,6.958768494769174e-08,1,0,6,3,2,3,2,3,1,1,5,1
5,42,21,9.923250843257847e-08,1,0,6,3,2,4,2,4,1,1,5,1
5,42,23,1.00372801625781e-07,1,0,6,3,2,4,2,4,1,1,5,1
5,42,25,4.5963415118421835e-07,1,0,6,3,2,5,2,5,1,1,5,1
5,42,28,5.381987762120843e-07,1,0,6,3,2,5,2,5,1,1,5,1
5,42,30,2.086873429618663e-08,1,0,6,3,2,5,2,5,1,1,5,1
5,42,33,1.4752147059482468e-08,1,0,6,4,2,3,2,3,1,1,5,1
5,42,36,2.5850683869066415e-06,1,0,6,5,2,1,2,1,1,2,5,2
5,42,37,3.8207571151360753e-07,1,0,6,5,2,2,2,2,1,2,5,2
5,42,38,3.2636767173244152e-06,1,0,6,5,2,3,2,3,1,2,5,2
5,42,39,0.00013149625738151371,1,0,6,5,2,4,2,4,1,2,5,2
5,42,40,0.00020226361812092364,1,0,6,5,2,5,2,5,1,2,5,2
5,42,45,0.9996483325958252,1,1,6,6,2,5,2,5,1,1,5,5
5,43,1,8.696199074620381e-06,1,0,6,3,3,1,3,1,1,1,5,1
5,43,2,1.4698060795126366e-06,1,0,6,3,3,1,3,1,1,1,5,1
5,43,4,3.5969455893791746e-06,1,0,6,3,3,1,3,1,1,1,5,1
5,43,7,1.0269458471157122e-05,1,0,6,3,3,2,3,2,1,1,5,1
5,43,8,2.8450671379687265e-05,1,0,6,3,3,2,3,2,1,1,5,1
5,43,9,2.9495340641005896e-05,1,0,6,3,3,2,3,2,1,1,5,1
5,43,10,3.95461029256694e-06,1,0,6,3,3,2,3,2,1,1,5,1
5,43,11,6.356632638926385e-06,1,0,6,3,3,2,3,2,1,1,5,1
5,43,13,9.66911029536277e-05,1,0,6,3,3,3,3,3,1,1,5,1
5,43,14,3.085773641942069e-05,1,0,6,3,3,3,3,3,1,1,5,1
5,43,16,2.3035474441712722e-05,1,0,6,3,3,3,3,3,1,1,5,1
5,43,18,0.00011848837311845273,1,0,6,3,3,3,3,3,1,1,5,1
5,43,21,4.514157626545057e-05,1,0,6,3,3,4,3,4,1,1,5,1
5,43,23,2.5577122869435698e-05,1,0,6,3,3,4,3,4,1,1,5,1
5,43,25,0.0002941564889624715,1,0,6,3,3,5,3,5,1,1,5,1
5,43,28,0.00021033307712059468,1,0,6,3,3,5,3,5,1,1,5,1
5,43,30,2.405330815236084e-05,1,0,6,3,3,5,3,5,1,1,5,1
5,43,33,2.1351554096327163e-05,1,0,6,4,3,3,3,3,1,1,5,1
5,43,36,5.030266765970737e-05,1,0,6,5,3,1,3,1,1,2,5,2
5,43,37,0.0005213873810134828,1,0,6,5,3,2,3,2,1,2,5,2
5,43,38,0.00019260171393398196,1,0,6,5,3,3,3,3,1,2,5,2
5,43,39,0.0031113377772271633,1,0,6,5,3,4,3,4,1,2,5,2
5,43,40,0.01790345460176468,1,0,6,5,3,5,3,5,1,2,5,2
5,43,45,0.977238655090332,1,1,6,6,3,5,3,5,1,1,5,5
5,44,1,2.3083691758074565e-07,1,0,6,3,4,1,4,1,1,1,5,1
5,44,2,4.011211629517675e-08,1,0,6,3,4,1,4,1,1,1,5,1
5,44,4,9.233790621010485e-08,1,0,6,3,4,1,4,1,1,1,5,1
5,44,7,2.008445108003798e-07,1,0,6,3,4,2,4,2,1,1,5,1
5,44,8,1.3896735708840424e-06,1,0,6,3,4,2,4,2,1,1,5,1
5,44,9,8.946217349148355e-07,1,0,6,3,4,2,4,2,1,1,5,1
5,44,10,2.4637853357489803e-07,1,0,6,3,4,2,4,2,1,1,5,1
5,44,11,2.3353557310201722e-07,1,0,6,3,4,2,4,2,1,1,5,1
5,44,13,1.8478914398656343e-06,1,0,6,3,4,3,4,3,1,1,5,1
5,44,14,4.7532282110296364e-07,1,0,6,3,4,3,4,3,1,1,5,1
5,44,16,2.439610113924573e-07,1,0,6,3,4,3,4,3,1,1,5,1
5,44,18,1.7018882090269472e-06,1,0,6,3,4,3,4,3,1,1,5,1
5,44,21,5.6066623983497266e-06,1,0,6,3,4,4,4,4,1,1,5,1
5,44,23,3.3761627946660155e-06,1,0,6,3,4,4,4,4,1,1,5,1
5,44,25,0.00012724661792162806,1,0,6,3,4,5,4,5,1,1,5,1
5,44,28,4.7235960664693266e-05,1,0,6,3,4,5,4,5,1,1,5,1
5,44,30,3.3171754694194533e-06,1,0,6,3,4,5,4,5,1,1,5,1
5,44,33,2.788846131807077e-07,1,0,6,4,4,3,4,3,1,1,5,1
5,44,36,1.3750236576015595e-06,1,0,6,5,4,1,4,1,1,2,5,2
5,44,37,6.188519910210744e-05,1,0,6,5,4,2,4,2,1,2,5,2
5,44,38,4.421011908561923e-06,1,0,6,5,4,3,4,3,1,2,5,2
5,44,39,0.00028744403971359134,1,0,6,5,4,4,4,4,1,2,5,2
5,44,40,0.015992572531104088,1,0,6,5,4,5,4,5,1,2,5,2
5,44,45,0.9834573268890381,1,1,6,6,4,5,4,5,1,1,5,5
5,46,1,6.330866654025158e-06,2,0,7,3,0,1,0,1,0,1,4,1
5,46,2,1.4060341868571413e-07,2,0,7,3,0,1,0,1,0,1,4,1
5,46,4,1.2838582733820658e-05,2,0,7,3,0,1,0,1,0,1,4,1
5,46,7,2.621229214128107e-06,2,0,7,3,0,2,0,2,0,1,4,1
5,46,8,1.0722742445068434e-05,2,0,7,3,0,2,0,2,0,1,4,1
5,46,9,1.78418486029841e-05,2,0,7,3,0,2,0,2,0,1,4,1
5,46,10,3.7618238479808497e-07,2,0,7,3,0,2,0,2,0,1,4,1
5,46,11,1.0496871709619882e-06,2,0,7,3,0,2,0,2,0,1,4,1
5,46,13,0.00025875194114632905,2,0,7,3,0,3,0,3,0,1,4,1
5,46,14,2.710868102440145e-05,2,0,7,3,0,3,0,3,0,1,4,1
5,46,16,1.3272113392304163e-05,2,0,7,3,0,3,0,3,0,1,4,1
5,46,18,7.488519622711465e-05,2,0,7,3,0,3,0,3,0,1,4,1
5,46,21,6.059410225134343e-06,2,0,7,3,0,4,0,4,0,1,4,1
5,46,23,6.842097718617879e-06,2,0,7,3,0,4,0,4,0,1,4,1
5,46,25,2.1896797989029437e-05,2,0,7,3,0,5,0,5,0,1,4,1
5,46,28,0.0002461453841533512,2,0,7,3,0,5,0,5,0,1,4,1
5,46,30,3.634615723058232e-06,2,0,7,3,0,5,0,5,0,1,4,1
5,46,33,6.7656214923772495e-06,2,0,7,4,0,3,0,3,0,1,4,1
5,46,36,0.00018546536739449948,2,0,7,5,0,1,0,1,0,2,4,2
5,46,37,2.1167954400880262e-05,2,0,7,5,0,2,0,2,0,2,4,2
5,46,38,5.4833410104038194e-05,2,0,7,5,0,3,0,3,0,2,4,2
5,46,39,0.0003081725735682994,2,0,7,5,0,4,0,4,0,2,4,2
5,46,40,0.0007009379332885146,2,0,7,5,0,5,0,5,0,2,4,2
5,46,45,0.9980119466781616,2,1,7,6,0,5,0,5,0,1,4,5
6,0,1,0.2940729856491089,0,0,1,3,0,1,0,1,2,1,4,1
6,0,3,0.01582586020231247,0,0,1,3,0,1,0,1,2,1,4,1
6,0,7,0.14847400784492493,0,0,1,3,0,2,0,2,2,1,4,1
6,0,13,0.00772306602448225,0,0,1,3,0,3,0,3,2,1,4,1
6,0,15,0.00856000930070877,0,0,1,3,0,3,0,3,2,1,4,1
6,0,16,0.0034681339748203754,0,0,1,3,0,3,0,3,2,1,4,1
6,0,17,0.0343392938375473,0,0,1,3,0,3,0,3,2,1,4,1
6,0,20,0.0036050360649824142,0,0,1,3,0,4,0,4,2,1,4,1
6,0,25,0.01768292672932148,0,0,1,3,0,5,0,5,2,1,4,1
6,0,27,0.011484162881970406,0,0,1,3,0,5,0,5,2,1,4,1
6,0,28,0.007039354648441076,0,0,1,3,0,5,0,5,2,1,4,1
6,0,29,0.011384915560483932,0,0,1,3,0,5,0,5,2,1,4,1
6,0,30,0.01981247030198574,0,0,1,3,0,5,0,5,2,1,4,1
6,0,31,0.00673879636451602,0,0,1,4,0,1,0,1,2,1,4,1
6,0,33,0.004479918163269758,0,0,1,4,0,3,0,3,2,1,4,1
6,0,36,0.026900257915258408,0,0,1,5,0,1,0,1,2,2,4,2
6,0,37,0.14814844727516174,0,0,1,5,0,2,0,2,2,2,4,2
6,0,39,0.004821340087801218,0,0,1,5,0,4,0,4,2,2,4,2
6,0,40,0.02893293835222721,0,0,1,5,0,5,0,5,2,2,4,2
6,0,41,0.04402951896190643,0,1,1,6,0,1,0,1,2,1,4,5
6,0,42,0.11500214785337448,0,1,1,6,0,2,0,2,2,1,4,5
6,0,43,0.015276819467544556,0,1,1,6,0,3,0,3,2,1,4,5
6,0,44,0.022197453305125237,0,1,1,6,0,4,0,4,2,1,4,5
6,2,1,0.020780079066753387,0,0,3,3,1,1,1,1,1,1,1,1
6,2,3,0.012007025070488453,0,0,3,3,1,1,1,1,1,1,1,1
6,2,7,0.000926787091884762,0,0,3,3,1,2,1,2,1,1,1,1
6,2,13,0.003296061884611845,0,0,3,3,1,3,1,3,1,1,1,1
6,2,15,0.002359652891755104,0,0,3,3,1,3,1,3,1,1,1,1
6,2,16,0.0011413400061428547,0,0,3,3,1,3,1,3,1,1,1,1
6,2,17,0.0006064232438802719,0,0,3,3,1,3,1,3,1,1,1,1
6,2,20,0.0048049502074718475,0,0,3,3,1,4,1,4,1,1,1,1
6,2,25,0.001169866300188005,0,0,3,3,1,5,1,5,1,1,1,1
6,2,27,0.0057750726118683815,0,0,3,3,1,5,1,5,1,1,1,1
6,2,28,0.0009871136862784624,0,0,3,3,1,5,1,5,1,1,1,1
6,2,29,0.0009033600217662752,0,0,3,3,1,5,1,5,1,1,1,1
6,2,30,0.0021731180604547262,0,0,3,3,1,5,1,5,1,1,1,1
6,2,31,0.05123017728328705,0,0,3,4,1,1,1,1,1,1,1,1
6,2,33,0.007369509432464838,0,0,3,4,1,3,1,3,1,1,1,1
6,2,36,0.7754426002502441,0,0,3,5,1,1,1,1,1,2,1,2
6,2,37,0.006019912660121918,0,0,3,5,1,2,1,2,1,2,1,2
6,2,39,0.05603429675102234,0,0,3,5,1,4,1,4,1,2,1,2
6,2,40,0.03618083521723747,0,0,3,5,1,5,1,5,1,2,1,2
6,2,41,0.008881171233952045,0,1,3,6,1,1,1,1,1,1,1,5
6,2,42,0.00050460355123505,0,1,3,6,1,2,1,2,1,1,1,5
6,2,43,0.0007507718401029706,0,1,3,6,1,3,1,3,1,1,1,5
6,2,44,0.0006554280407726765,0,1,3,6,1,4,1,4,1,1,1,5
6,4,1,0.025005072355270386,0,0,3,3,1,1,1,1,1,1,1,1
6,4,3,0.08397680521011353,0,0,3,3,1,1,1,1,1,1,1,1
6,4,7,0.005613148212432861,0,0,3,3,1,2,1,2,1,1,1,1
6,4,13,0.04057978466153145,0,0,3,3,1,3,1,3,1,1,1,1
6,4,15,0.023449471220374107,0,0,3,3,1,3,1,3,1,1,1,1
6,4,16,0.0425996333360672,0,0,3,3,1,3,1,3,1,1,1,1
6,4,17,0.009647996164858341,0,0,3,3,1,3,1,3,1,1,1,1
6,4,20,0.023488910868763924,0,0,3,3,1,4,1,4,1,1,1,1
6,4,25,0.014740552753210068,0,0,3,3,1,5,1,5,1,1,1,1
6,4,27,0.03647699952125549,0,0,3,3,1,5,1,5,1,1,1,1
6,4,28,0.008599793538451195,0,0,3,3,1,5,1,5,1,1,1,1
6,4,29,0.012478835880756378,0,0,3,3,1,5,1,5,1,1,1,1
6,4,30,0.016467422246932983,0,0,3,3,1,5,1,5,1,1,1,1
6,4,31,0.2275785505771637,0,0,3,4,1,1,1,1,1,1,1,1
6,4,33,0.08486584573984146,0,0,3,4,1,3,1,3,1,1,1,1
6,4,36,0.18227875232696533,0,0,3,5,1,1,1,1,1,2,1,2
6,4,37,0.003246075939387083,0,0,3,5,1,2,1,2,1,2,1,2
6,4,39,0.021530939266085625,0,0,3,5,1,4,1,4,1,2,1,2
6,4,40,0.01423956174403429,0,0,3,5,1,5,1,5,1,2,1,2
6,4,41,0.1046098843216896,0,1,3,6,1,1,1,1,1,1,1,5
6,4,42,0.004197970498353243,0,1,3,6,1,2,1,2,1,1,1,5
6,4,43,0.010328947566449642,0,1,3,6,1,3,1,3,1,1,1,5
6,4,44,0.003998988773673773,0,1,3,6,1,4,1,4,1,1,1,5
6,5,1,0.08071582764387131,0,0,3,3,1,1,1,1,1,1,1,1
6,5,3,0.07613648474216461,0,0,3,3,1,1,1,1,1,1,1,1
6,5,7,0.02471792884171009,0,0,3,3,1,2,1,2,1,1,1,1
6,5,13,0.012461407110095024,0,0,3,3,1,3,1,3,1,1,1,1
6,5,15,0.009219842031598091,0,0,3,3,1,3,1,3,1,1,1,1
6,5,16,0.00977359153330326,0,0,3,3,1,3,1,3,1,1,1,1
6,5,17,0.003316732356324792,0,0,3,3,1,3,1,3,1,1,1,1
6,5,20,0.026704445481300354,0,0,3,3,1,4,1,4,1,1,1,1
6,5,25,0.04547611251473427,0,0,3,3,1,5,1,5,1,1,1,1
6,5,27,0.025362679734826088,0,0,3,3,1,5,1,5,1,1,1,1
6,5,28,0.01759425923228264,0,0,3,3,1,5,1,5,1,1,1,1
6,5,29,0.02779133804142475,0,0,3,3,1,5,1,5,1,1,1,1
6,5,30,0.08427346497774124,0,0,3,3,1,5,1,5,1,1,1,1
6,5,31,0.27993616461753845,0,0,3,4,1,1,1,1,1,1,1,1
6,5,33,0.020503157749772072,0,0,3,4,1,3,1,3,1,1,1,1
6,5,36,0.1041843593120575,0,0,3,5,1,1,1,1,1,2,1,2
6,5,37,0.017069386318325996,0,0,3,5,1,2,1,2,1,2,1,2
6,5,39,0.012206600047647953,0,0,3,5,1,4,1,4,1,2,1,2
6,5,40,0.023423226550221443,0,0,3,5,1,5,1,5,1,2,1,2
6,5,41,0.08139015734195709,0,1,3,6,1,1,1,1,1,1,1,5
6,5,42,0.010287404991686344,0,1,3,6,1,2,1,2,1,1,1,5
6,5,43,0.003723372705280781,0,1,3,6,1,3,1,3,1,1,1,5
6,5,44,0.0037320642732083797,0,1,3,6,1,4,1,4,1,1,1,5
6,6,1,0.024024125188589096,0,0,3,3,1,1,1,1,1,1,1,1
6,6,3,0.045168016105890274,0,0,3,3,1,1,1,1,1,1,1,1
6,6,7,0.005742776673287153,0,0,3,3,1,2,1,2,1,1,1,1
6,6,13,0.016401883214712143,0,0,3,3,1,3,1,3,1,1,1,1
6,6,15,0.008434584364295006,0,0,3,3,1,3,1,3,1,1,1,1
6,6,16,0.009833297692239285,0,0,3,3,1,3,1,3,1,1,1,1
6,6,17,0.003986759576946497,0,0,3,3,1,3,1,3,1,1,1,1
6,6,20,0.017395567148923874,0,0,3,3,1,4,1,4,1,1,1,1
6,6,25,0.004821383394300938,0,0,3,3,1,5,1,5,1,1,1,1
6,6,27,0.026694845408201218,0,0,3,3,1,5,1,5,1,1,1,1
6,6,28,0.008829740807414055,0,0,3,3,1,5,1,5,1,1,1,1
6,6,29,0.005515772383660078,0,0,3,3,1,5,1,5,1,1,1,1
6,6,30,0.007083182223141193,0,0,3,3,1,5,1,5,1,1,1,1
6,6,31,0.40284568071365356,0,0,3,4,1,1,1,1,1,1,1,1
6,6,33,0.09661778062582016,0,0,3,4,1,3,1,3,1,1,1,1
6,6,36,0.19881151616573334,0,0,3,5,1,1,1,1,1,2,1,2
6,6,37,0.0048350077122449875,0,0,3,5,1,2,1,2,1,2,1,2
6,6,39,0.033934082835912704,0,0,3,5,1,4,1,4,1,2,1,2
6,6,40,0.011184612289071083,0,0,3,5,1,5,1,5,1,2,1,2
6,6,41,0.04441250115633011,0,1,3,6,1,1,1,1,1,1,1,5
6,6,42,0.008133742958307266,0,1,3,6,1,2,1,2,1,1,1,5
6,6,43,0.007288320455700159,0,1,3,6,1,3,1,3,1,1,1,5
6,6,44,0.008004600182175636,0,1,3,6,1,4,1,4,1,1,1,5
6,8,1,0.027125997468829155,0,0,3,3,2,1,2,1,1,1,1,1
6,8,3,0.017671208828687668,0,0,3,3,2,1,2,1,1,1,1,1
6,8,7,0.001447992748580873,0,0,3,3,2,2,2,2,1,1,1,1
6,8,13,0.0046866657212376595,0,0,3,3,2,3,2,3,1,1,1,1
6,8,15,0.011168218217790127,0,0,3,3,2,3,2,3,1,1,1,1
6,8,16,0.008711699396371841,0,0,3,3,2,3,2,3,1,1,1,1
6,8,17,0.0005123611772432923,0,0,3,3,2,3,2,3,1,1,1,1
6,8,20,0.024381734430789948,0,0,3,3,2,4,2,4,1,1,1,1
6,8,25,0.045650847256183624,0,0,3,3,2,5,2,5,1,1,1,1
6,8,27,0.026312973350286484,0,0,3,3,2,5,2,5,1,1,1,1
6,8,28,0.01969962753355503,0,0,3,3,2,5,2,5,1,1,1,1
6,8,29,0.010438933968544006,0,0,3,3,2,5,2,5,1,1,1,1
6,8,30,0.06428718566894531,0,0,3,3,2,5,2,5,1,1,1,1
6,8,31,0.15365277230739594,0,0,3,4,2,1,2,1,1,1,1,1
6,8,33,0.015376034192740917,0,0,3,4,2,3,2,3,1,1,1,1
6,8,36,0.026128940284252167,0,0,3,5,2,1,2,1,1,2,1,2
6,8,37,0.0004950838629156351,0,0,3,5,2,2,2,2,1,2,1,2
6,8,39,0.01164795458316803,0,0,3,5,2,4,2,4,1,2,1,2
6,8,40,0.01057882234454155,0,0,3,5,2,5,2,5,1,2,1,2
6,8,41,0.4719170033931732,0,1,3,6,2,1,2,1,1,1,1,5
6,8,42,0.0029270583763718605,0,1,3,6,2,2,2,2,1,1,1,5
6,8,43,0.011242778971791267,0,1,3,6,2,3,2,3,1,1,1,5
6,8,44,0.03393828496336937,0,1,3,6,2,4,2,4,1,1,1,5
6,9,1,0.029829801991581917,0,0,3,3,2,1,2,1,1,1,1,1
6,9,3,0.012682720087468624,0,0,3,3,2,1,2,1,1,1,1,1
6,9,7,0.0005764384986832738,0,0,3,3,2,2,2,2,1,1,1,1
6,9,13,0.0009032850502990186,0,0,3,3,2,3,2,3,1,1,1,1
6,9,15,0.0022251487243920565,0,0,3,3,2,3,2,3,1,1,1,1
6,9,16,0.0015318251680582762,0,0,3,3,2,3,2,3,1,1,1,1
6,9,17,8.973109652288258e-05,0,0,3,3,2,3,2,3,1,1,1,1
6,9,20,0.0046152593567967415,0,0,3,3,2,4,2,4,1,1,1,1
6,9,25,0.028459681198000908,0,0,3,3,2,5,2,5,1,1,1,1
6,9,27,0.008542617782950401,0,0,3,3,2,5,2,5,1,1,1,1
6,9,28,0.0051018488593399525,0,0,3,3,2,5,2,5,1,1,1,1
6,9,29,0.0034660310484468937,0,0,3,3,2,5,2,5,1,1,1,1
6,9,30,0.041635870933532715,0,0,3,3,2,5,2,5,1,1,1,1
6,9,31,0.11467108130455017,0,0,3,4,2,1,2,1,1,1,1,1
6,9,33,0.0022856895811855793,0,0,3,4,2,3,2,3,1,1,1,1
6,9,36,0.02292579971253872,0,0,3,5,2,1,2,1,1,2,1,2
6,9,37,0.00025497638853266835,0,0,3,5,2,2,2,2,1,2,1,2
6,9,39,0.002724013989791274,0,0,3,5,2,4,2,4,1,2,1,2
6,9,40,0.005523630417883396,0,0,3,5,2,5,2,5,1,2,1,2
6,9,41,0.7030873894691467,0,1,3,6,2,1,2,1,1,1,1,5
6,9,42,0.0012967174407094717,0,1,3,6,2,2,2,2,1,1,1,5
6,9,43,0.001523355720564723,0,1,3,6,2,3,2,3,1,1,1,5
6,9,44,0.006047300528734922,0,1,3,6,2,4,2,4,1,1,1,5
6,10,1,0.0280697550624609,0,0,3,3,2,1,2,1,1,1,1,1
6,10,3,0.005906000267714262,0,0,3,3,2,1,2,1,1,1,1,1
6,10,7,0.00048773284652270377,0,0,3,3,2,2,2,2,1,1,1,1
6,10,13,0.000533049285877496,0,0,3,3,2,3,2,3,1,1,1,1
6,10,15,0.0016160920495167375,0,0,3,3,2,3,2,3,1,1,1,1
6,10,16,0.0009291391470469534,0,0,3,3,2,3,2,3,1,1,1,1
6,10,17,5.230250098975375e-05,0,0,3,3,2,3,2,3,1,1,1,1
6,10,20,0.011310579255223274,0,0,3,3,2,4,2,4,1,1,1,1
6,10,25,0.015457810834050179,0,0,3,3,2,5,2,5,1,1,1,1
6,10,27,0.007946697995066643,0,0,3,3,2,5,2,5,1,1,1,1
6,10,28,0.005705239716917276,0,0,3,3,2,5,2,5,1,1,1,1
6,10,29,0.004006309900432825,0,0,3,3,2,5,2,5,1,1,1,1
6,10,30,0.030518364161252975,0,0,3,3,2,5,2,5,1,1,1,1
6,10,31,0.1390826553106308,0,0,3,4,2,1,2,1,1,1,1,1
6,10,33,0.0027764823753386736,0,0,3,4,2,3,2,3,1,1,1,1
6,10,36,0.02183392271399498,0,0,3,5,2,1,2,1,1,2,1,2
6,10,37,0.00026028387947008014,0,0,3,5,2,2,2,2,1,2,1,2
6,10,39,0.009511771611869335,0,0,3,5,2,4,2,4,1,2,1,2
6,10,40,0.006415773648768663,0,0,3,5,2,5,2,5,1,2,1,2
6,10,41,0.6305447816848755,0,1,3,6,2,1,2,1,1,1,1,5
6,10,42,0.00466703437268734,0,1,3,6,2,2,2,2,1,1,1,5
6,10,43,0.004929765593260527,0,1,3,6,2,3,2,3,1,1,1,5
6,10,44,0.06743838638067245,0,1,3,6,2,4,2,4,1,1,1,5
6,11,1,0.03203605115413666,0,0,3,3,2,1,2,1,1,1,1,1
6,11,3,0.02420235611498356,0,0,3,3,2,1,2,1,1,1,1,1
6,11,7,0.007638293318450451,0,0,3,3,2,2,2,2,1,1,1,1
6,11,13,0.011719688773155212,0,0,3,3,2,3,2,3,1,1,1,1
6,11,15,0.01556287333369255,0,0,3,3,2,3,2,3,1,1,1,1
6,11,16,0.01581534557044506,0,0,3,3,2,3,2,3,1,1,1,1
6,11,17,0.0013435973087325692,0,0,3,3,2,3,2,3,1,1,1,1
6,11,20,0.038110774010419846,0,0,3,3,2,4,2,4,1,1,1,1
6,11,25,0.06940097361803055,0,0,3,3,2,5,2,5,1,1,1,1
6,11,27,0.03776412084698677,0,0,3,3,2,5,2,5,1,1,1,1
6,11,28,0.03782420977950096,0,0,3,3,2,5,2,5,1,1,1,1
6,11,29,0.017314888536930084,0,0,3,3,2,5,2,5,1,1,1,1
6,11,30,0.104341521859169,0,0,3,3,2,5,2,5,1,1,1,1
6,11,31,0.16945958137512207,0,0,3,4,2,1,2,1,1,1,1,1
6,11,33,0.011752921156585217,0,0,3,4,2,3,2,3,1,1,1,1
6,11,36,0.014455818571150303,0,0,3,5,2,1,2,1,1,2,1,2
6,11,37,0.0016129486029967666,0,0,3,5,2,2,2,2,1,2,1,2
6,11,39,0.007702231407165527,0,0,3,5,2,4,2,4,1,2,1,2
6,11,40,0.010000789538025856,0,0,3,5,2,5,2,5,1,2,1,2
6,11,41,0.32600918412208557,0,1,3,6,2,1,2,1,1,1,1,5
6,11,42,0.007023748010396957,0,1,3,6,2,2,2,2,1,1,1,5
6,11,43,0.0113321952521801,0,1,3,6,2,3,2,3,1,1,1,5
6,11,44,0.0275760218501091,0,1,3,6,2,4,2,4,1,1,1,5
6,12,1,0.021926231682300568,0,0,3,3,2,1,2,1,1,1,1,1
6,12,3,0.013223627582192421,0,0,3,3,2,1,2,1,1,1,1,1
6,12,7,0.0018093227408826351,0,0,3,3,2,2,2,2,1,1,1,1
6,12,13,0.008549556136131287,0,0,3,3,2,3,2,3,1,1,1,1
6,12,15,0.01623592898249626,0,0,3,3,2,3,2,3,1,1,1,1
6,12,16,0.016303878277540207,0,0,3,3,2,3,2,3,1,1,1,1
6,12,17,0.0008466275176033378,0,0,3,3,2,3,2,3,1,1,1,1
6,12,20,0.0480748675763607,0,0,3,3,2,4,2,4,1,1,1,1
6,12,25,0.017178982496261597,0,0,3,3,2,5,2,5,1,1,1,1
6,12,27,0.04003969207406044,0,0,3,3,2,5,2,5,1,1,1,1
6,12,28,0.023668088018894196,0,0,3,3,2,5,2,5,1,1,1,1
6,12,29,0.006809743586927652,0,0,3,3,2,5,2,5,1,1,1,1
6,12,30,0.02149299904704094,0,0,3,3,2,5,2,5,1,1,1,1
6,12,31,0.1767849177122116,0,0,3,4,2,1,2,1,1,1,1,1
6,12,33,0.01870773732662201,0,0,3,4,2,3,2,3,1,1,1,1
6,12,36,0.06077533960342407,0,0,3,5,2,1,2,1,1,2,1,2
6,12,37,0.0010232358472421765,0,0,3,5,2,2,2,2,1,2,1,2
6,12,39,0.0879896804690361,0,0,3,5,2,4,2,4,1,2,1,2
6,12,40,0.025384115055203438,0,0,3,5,2,5,2,5,1,2,1,2
6,12,41,0.2936181426048279,0,1,3,6,2,1,2,1,1,1,1,5
6,12,42,0.005280820187181234,0,1,3,6,2,2,2,2,1,1,1,5
6,12,43,0.019091419875621796,0,1,3,6,2,3,2,3,1,1,1,5
6,12,44,0.07518499344587326,0,1,3,6,2,4,2,4,1,1,1,5
6,14,1,0.11671970784664154,0,0,3,3,3,1,3,1,1,1,1,1
6,14,3,0.0029157311655580997,0,0,3,3,3,1,3,1,1,1,1,1
6,14,7,0.003479359671473503,0,0,3,3,3,2,3,2,1,1,1,1
6,14,13,0.0003553827991709113,0,0,3,3,3,3,3,3,1,1,1,1
6,14,15,0.0012987462105229497,0,0,3,3,3,3,3,3,1,1,1,1
6,14,16,0.00030555640114471316,0,0,3,3,3,3,3,3,1,1,1,1
6,14,17,0.0003089631791226566,0,0,3,3,3,3,3,3,1,1,1,1
6,14,20,0.009515637531876564,0,0,3,3,3,4,3,4,1,1,1,1
6,14,25,0.010865183547139168,0,0,3,3,3,5,3,5,1,1,1,1
6,14,27,0.014596073888242245,0,0,3,3,3,5,3,5,1,1,1,1
6,14,28,0.01461276039481163,0,0,3,3,3,5,3,5,1,1,1,1
6,14,29,0.007868398912250996,0,0,3,3,3,5,3,5,1,1,1,1
6,14,30,0.01740928739309311,0,0,3,3,3,5,3,5,1,1,1,1
6,14,31,0.02223483845591545,0,0,3,4,3,1,3,1,1,1,1,1
6,14,33,0.0013102628290653229,0,0,3,4,3,3,3,3,1,1,1,1
6,14,36,0.012524163350462914,0,0,3,5,3,1,3,1,1,2,1,2
6,14,37,0.003802084131166339,0,0,3,5,3,2,3,2,1,2,1,2
6,14,39,0.019404690712690353,0,0,3,5,3,4,3,4,1,2,1,2
6,14,40,0.021221106871962547,0,0,3,5,3,5,3,5,1,2,1,2
6,14,41,0.10799627006053925,0,1,3,6,3,1,3,1,1,1,1,5
6,14,42,0.08001946657896042,0,1,3,6,3,2,3,2,1,1,1,5
6,14,43,0.007462632842361927,0,1,3,6,3,3,3,3,1,1,1,5
6,14,44,0.523773729801178,0,1,3,6,3,4,3,4,1,1,1,5
6,18,1,0.04472225531935692,0,0,3,3,3,1,3,1,1,1,1,1
6,18,3,0.0028061643242836,0,0,3,3,3,1,3,1,1,1,1,1
6,18,7,0.0039174663834273815,0,0,3,3,3,2,3,2,1,1,1,1
6,18,13,0.0003606719255913049,0,0,3,3,3,3,3,3,1,1,1,1
6,18,15,0.0015288380673155189,0,0,3,3,3,3,3,3,1,1,1,1
6,18,16,0.0006023294990882277,0,0,3,3,3,3,3,3,1,1,1,1
6,18,17,0.00039255712181329727,0,0,3,3,3,3,3,3,1,1,1,1
6,18,20,0.005654285661876202,0,0,3,3,3,4,3,4,1,1,1,1
6,18,25,0.013678702525794506,0,0,3,3,3,5,3,5,1,1,1,1
6,18,27,0.008477420546114445,0,0,3,3,3,5,3,5,1,1,1,1
6,18,28,0.01628037542104721,0,0,3,3,3,5,3,5,1,1,1,1
6,18,29,0.00823555700480938,0,0,3,3,3,5,3,5,1,1,1,1
6,18,30,0.013899194076657295,0,0,3,3,3,5,3,5,1,1,1,1
6,18,31,0.023656586185097694,0,0,3,4,3,1,3,1,1,1,1,1
6,18,33,0.003985635470598936,0,0,3,4,3,3,3,3,1,1,1,1
6,18,36,0.0017207165947183967,0,0,3,5,3,1,3,1,1,2,1,2
6,18,37,0.0014276050496846437,0,0,3,5,3,2,3,2,1,2,1,2
6,18,39,0.002122374949976802,0,0,3,5,3,4,3,4,1,2,1,2
6,18,40,0.0025163835380226374,0,0,3,5,3,5,3,5,1,2,1,2
6,18,41,0.19041810929775238,0,1,3,6,3,1,3,1,1,1,1,5
6,18,42,0.15329717099666595,0,1,3,6,3,2,3,2,1,1,1,5
6,18,43,0.014462769962847233,0,1,3,6,3,3,3,3,1,1,1,5
6,18,44,0.48583662509918213,0,1,3,6,3,4,3,4,1,1,1,5
6,19,1,0.1276550143957138,0,0,3,3,4,1,4,1,1,1,1,1
6,19,3,0.0661623552441597,0,0,3,3,4,1,4,1,1,1,1,1
6,19,7,0.007254096679389477,0,0,3,3,4,2,4,2,1,1,1,1
6,19,13,0.00483911344781518,0,0,3,3,4,3,4,3,1,1,1,1
6,19,15,0.006731362082064152,0,0,3,3,4,3,4,3,1,1,1,1
6,19,16,0.005545930936932564,0,0,3,3,4,3,4,3,1,1,1,1
6,19,17,0.004940562415868044,0,0,3,3,4,3,4,3,1,1,1,1
6,19,20,0.005919753573834896,0,0,3,3,4,4,4,4,1,1,1,1
6,19,25,0.08541766554117203,0,0,3,3,4,5,4,5,1,1,1,1
6,19,27,0.03431917354464531,0,0,3,3,4,5,4,5,1,1,1,1
6,19,28,0.01791071705520153,0,0,3,3,4,5,4,5,1,1,1,1
6,19,29,0.039610184729099274,0,0,3,3,4,5,4,5,1,1,1,1
6,19,30,0.06704670190811157,0,0,3,3,4,5,4,5,1,1,1,1
6,19,31,0.057662658393383026,0,0,3,4,4,1,4,1,1,1,1,1
6,19,33,0.004094223957508802,0,0,3,4,4,3,4,3,1,1,1,1
6,19,36,0.016784286126494408,0,0,3,5,4,1,4,1,1,2,1,2
6,19,37,0.003086232813075185,0,0,3,5,4,2,4,2,1,2,1,2
6,19,39,0.0010112671880051494,0,0,3,5,4,4,4,4,1,2,1,2
6,19,40,0.009837851859629154,0,0,3,5,4,5,4,5,1,2,1,2
6,19,41,0.3978050649166107,0,1,3,6,4,1,4,1,1,1,1,5
6,19,42,0.027216752991080284,0,1,3,6,4,2,4,2,1,1,1,5
6,19,43,0.0025424198247492313,0,1,3,6,4,3,4,3,1,1,1,5
6,19,44,0.0066064526326954365,0,1,3,6,4,4,4,4,1,1,1,5
6,21,1,0.08697699755430222,0,0,3,3,4,1,4,1,1,1,1,1
6,21,3,0.11152532696723938,0,0,3,3,4,1,4,1,1,1,1,1
6,21,7,0.006942535284906626,0,0,3,3,4,2,4,2,1,1,1,1
6,21,13,0.015489932149648666,0,0,3,3,4,3,4,3,1,1,1,1
6,21,15,0.01592877507209778,0,0,3,3,4,3,4,3,1,1,1,1
6,21,16,0.01625272072851658,0,0,3,3,4,3,4,3,1,1,1,1
6,21,17,0.015878016129136086,0,0,3,3,4,3,4,3,1,1,1,1
6,21,20,0.013610530644655228,0,0,3,3,4,4,4,4,1,1,1,1
6,21,25,0.09352074563503265,0,0,3,3,4,5,4,5,1,1,1,1
6,21,27,0.05949821695685387,0,0,3,3,4,5,4,5,1,1,1,1
6,21,28,0.025182392448186874,0,0,3,3,4,5,4,5,1,1,1,1
6,21,29,0.07370545715093613,0,0,3,3,4,5,4,5,1,1,1,1
6,21,30,0.07721534371376038,0,0,3,3,4,5,4,5,1,1,1,1
6,21,31,0.08730537444353104,0,0,3,4,4,1,4,1,1,1,1,1
6,21,33,0.015240445733070374,0,0,3,4,4,3,4,3,1,1,1,1
6,21,36,0.030801407992839813,0,0,3,5,4,1,4,1,1,2,1,2
6,21,37,0.0036661510821431875,0,0,3,5,4,2,4,2,1,2,1,2
6,21,39,0.002168825827538967,0,0,3,5,4,4,4,4,1,2,1,2
6,21,40,0.014346844516694546,0,0,3,5,4,5,4,5,1,2,1,2
6,21,41,0.2049681395292282,0,1,3,6,4,1,4,1,1,1,1,5
6,21,42,0.01889350265264511,0,1,3,6,4,2,4,2,1,1,1,5
6,21,43,0.004659836180508137,0,1,3,6,4,3,4,3,1,1,1,5
6,21,44,0.006222554016858339,0,1,3,6,4,4,4,4,1,1,1,5
6,22,1,0.15597853064537048,0,0,3,3,4,1,4,1,1,1,1,1
6,22,3,0.0505475290119648,0,0,3,3,4,1,4,1,1,1,1,1
6,22,7,0.01329068560153246,0,0,3,3,4,2,4,2,1,1,1,1
6,22,13,0.006105066277086735,0,0,3,3,4,3,4,3,1,1,1,1
6,22,15,0.0068973880261182785,0,0,3,3,4,3,4,3,1,1,1,1
6,22,16,0.00400972506031394,0,0,3,3,4,3,4,3,1,1,1,1
6,22,17,0.004888197407126427,0,0,3,3,4,3,4,3,1,1,1,1
6,22,20,0.009029853157699108,0,0,3,3,4,4,4,4,1,1,1,1
6,22,25,0.02804681845009327,0,0,3,3,4,5,4,5,1,1,1,1
6,22,27,0.027372092008590698,0,0,3,3,4,5,4,5,1,1,1,1
6,22,28,0.011114247143268585,0,0,3,3,4,5,4,5,1,1,1,1
6,22,29,0.017228607088327408,0,0,3,3,4,5,4,5,1,1,1,1
6,22,30,0.029339969158172607,0,0,3,3,4,5,4,5,1,1,1,1
6,22,31,0.08422625064849854,0,0,3,4,4,1,4,1,1,1,1,1
6,22,33,0.009058061987161636,0,0,3,4,4,3,4,3,1,1,1,1
6,22,36,0.12245513498783112,0,0,3,5,4,1,4,1,1,2,1,2
6,22,37,0.017383906990289688,0,0,3,5,4,2,4,2,1,2,1,2
6,22,39,0.012042718008160591,0,0,3,5,4,4,4,4,1,2,1,2
6,22,40,0.030924340710043907,0,0,3,5,4,5,4,5,1,2,1,2
6,22,41,0.2699756920337677,0,1,3,6,4,1,4,1,1,1,1,5
6,22,42,0.05792337283492088,0,1,3,6,4,2,4,2,1,1,1,5
6,22,43,0.007395203225314617,0,1,3,6,4,3,4,3,1,1,1,5
6,22,44,0.024766553193330765,0,1,3,6,4,4,4,4,1,1,1,5
6,23,1,0.05599633604288101,0,0,3,3,4,1,4,1,1,1,1,1
6,23,3,0.1001366525888443,0,0,3,3,4,1,4,1,1,1,1,1
6,23,7,0.019748374819755554,0,0,3,3,4,2,4,2,1,1,1,1
6,23,13,0.022472772747278214,0,0,3,3,4,3,4,3,1,1,1,1
6,23,15,0.021534137427806854,0,0,3,3,4,3,4,3,1,1,1,1
6,23,16,0.03175469487905502,0,0,3,3,4,3,4,3,1,1,1,1
6,23,17,0.02086561545729637,0,0,3,3,4,3,4,3,1,1,1,1
6,23,20,0.01587456278502941,0,0,3,3,4,4,4,4,1,1,1,1
6,23,25,0.07145053148269653,0,0,3,3,4,5,4,5,1,1,1,1
6,23,27,0.07089073210954666,0,0,3,3,4,5,4,5,1,1,1,1
6,23,28,0.036760278046131134,0,0,3,3,4,5,4,5,1,1,1,1
6,23,29,0.054112665355205536,0,0,3,3,4,5,4,5,1,1,1,1
6,23,30,0.05025409907102585,0,0,3,3,4,5,4,5,1,1,1,1
6,23,31,0.0977499857544899,0,0,3,4,4,1,4,1,1,1,1,1
6,23,33,0.017969341948628426,0,0,3,4,4,3,4,3,1,1,1,1
6,23,36,0.016939284279942513,0,0,3,5,4,1,4,1,1,2,1,2
6,23,37,0.003111055353656411,0,0,3,5,4,2,4,2,1,2,1,2
6,23,39,0.0032577894162386656,0,0,3,5,4,4,4,4,1,2,1,2
6,23,40,0.009109271690249443,0,0,3,5,4,5,4,5,1,2,1,2
6,23,41,0.22100909054279327,0,1,3,6,4,1,4,1,1,1,1,5
6,23,42,0.0362122617661953,0,1,3,6,4,2,4,2,1,1,1,5
6,23,43,0.010480491444468498,0,1,3,6,4,3,4,3,1,1,1,5
6,23,44,0.012309853918850422,0,1,3,6,4,4,4,4,1,1,1,5
6,24,1,0.07540150731801987,0,0,3,3,4,1,4,1,1,1,1,1
6,24,3,0.1402023285627365,0,0,3,3,4,1,4,1,1,1,1,1
6,24,7,0.008872941136360168,0,0,3,3,4,2,4,2,1,1,1,1
6,24,13,0.017264943569898605,0,0,3,3,4,3,4,3,1,1,1,1
6,24,15,0.010641073808073997,0,0,3,3,4,3,4,3,1,1,1,1
6,24,16,0.011853680945932865,0,0,3,3,4,3,4,3,1,1,1,1
6,24,17,0.017017817124724388,0,0,3,3,4,3,4,3,1,1,1,1
6,24,20,0.0052022384479641914,0,0,3,3,4,4,4,4,1,1,1,1
6,24,25,0.03909170255064964,0,0,3,3,4,5,4,5,1,1,1,1
6,24,27,0.0679309070110321,0,0,3,3,4,5,4,5,1,1,1,1
6,24,28,0.018744995817542076,0,0,3,3,4,5,4,5,1,1,1,1
6,24,29,0.037182267755270004,0,0,3,3,4,5,4,5,1,1,1,1
6,24,30,0.0349692776799202,0,0,3,3,4,5,4,5,1,1,1,1
6,24,31,0.24900062382221222,0,0,3,4,4,1,4,1,1,1,1,1
6,24,33,0.02023235522210598,0,0,3,4,4,3,4,3,1,1,1,1
6,24,36,0.043127357959747314,0,0,3,5,4,1,4,1,1,2,1,2
6,24,37,0.001583139062859118,0,0,3,5,4,2,4,2,1,2,1,2
6,24,39,0.0011337974574416876,0,0,3,5,4,4,4,4,1,2,1,2
6,24,40,0.007966428995132446,0,0,3,5,4,5,4,5,1,2,1,2
6,24,41,0.17018166184425354,0,1,3,6,4,1,4,1,1,1,1,5
6,24,42,0.016599154099822044,0,1,3,6,4,2,4,2,1,1,1,5
6,24,43,0.0035787143278867006,0,1,3,6,4,3,4,3,1,1,1,5
6,24,44,0.0022210911847651005,0,1,3,6,4,4,4,4,1,1,1,5
6,26,1,0.11735178530216217,0,0,3,3,5,1,5,1,1,1,1,1
6,26,3,0.05033525079488754,0,0,3,3,5,1,5,1,1,1,1,1
6,26,7,0.002470971317961812,0,0,3,3,5,2,5,2,1,1,1,1
6,26,13,0.009455520659685135,0,0,3,3,5,3,5,3,1,1,1,1
6,26,15,0.009494606405496597,0,0,3,3,5,3,5,3,1,1,1,1
6,26,16,0.007481561508029699,0,0,3,3,5,3,5,3,1,1,1,1
6,26,17,0.0021838683169335127,0,0,3,3,5,3,5,3,1,1,1,1
6,26,20,0.033480457961559296,0,0,3,3,5,4,5,4,1,1,1,1
6,26,25,0.061821918934583664,0,0,3,3,5,5,5,5,1,1,1,1
6,26,27,0.05332247540354729,0,0,3,3,5,5,5,5,1,1,1,1
6,26,28,0.014781404286623001,0,0,3,3,5,5,5,5,1,1,1,1
6,26,29,0.036812152713537216,0,0,3,3,5,5,5,5,1,1,1,1
6,26,30,0.14639727771282196,0,0,3,3,5,5,5,5,1,1,1,1
6,26,31,0.1117999255657196,0,0,3,4,5,1,5,1,1,1,1,1
6,26,33,0.0048829722218215466,0,0,3,4,5,3,5,3,1,1,1,1
6,26,36,0.15598295629024506,0,0,3,5,5,1,5,1,1,2,1,2
6,26,37,0.0030517701525241137,0,0,3,5,5,2,5,2,1,2,1,2
6,26,39,0.02240687794983387,0,0,3,5,5,4,5,4,1,2,1,2
6,26,40,0.08399336785078049,0,0,3,5,5,5,5,5,1,2,1,2
6,26,41,0.06770909577608109,0,1,3,6,5,1,5,1,1,1,1,5
6,26,42,0.0009315966162830591,0,1,3,6,5,2,5,2,1,1,1,5
6,26,43,0.0012740407837554812,0,1,3,6,5,3,5,3,1,1,1,5
6,26,44,0.002577913226559758,0,1,3,6,5,4,5,4,1,1,1,5
6,32,1,0.017857328057289124,0,0,4,3,2,1,2,1,1,1,1,1
6,32,3,0.017339734360575676,0,0,4,3,2,1,2,1,1,1,1,1
6,32,7,0.007841932587325573,0,0,4,3,2,2,2,2,1,1,1,1
6,32,13,0.0648748129606247,0,0,4,3,2,3,2,3,1,1,1,1
6,32,15,0.04105380177497864,0,0,4,3,2,3,2,3,1,1,1,1
6,32,16,0.07752449065446854,0,0,4,3,2,3,2,3,1,1,1,1
6,32,17,0.009155729785561562,0,0,4,3,2,3,2,3,1,1,1,1
6,32,20,0.05054722726345062,0,0,4,3,2,4,2,4,1,1,1,1
6,32,25,0.06851859390735626,0,0,4,3,2,5,2,5,1,1,1,1
6,32,27,0.05059194564819336,0,0,4,3,2,5,2,5,1,1,1,1
6,32,28,0.02157801017165184,0,0,4,3,2,5,2,5,1,1,1,1
6,32,29,0.0301493089646101,0,0,4,3,2,5,2,5,1,1,1,1
6,32,30,0.13358378410339355,0,0,4,3,2,5,2,5,1,1,1,1
6,32,31,0.021445779129862785,0,0,4,4,2,1,2,1,1,1,1,1
6,32,33,0.016760660335421562,0,0,4,4,2,3,2,3,1,1,1,1
6,32,36,0.0724090114235878,0,0,4,5,2,1,2,1,1,2,1,2
6,32,37,0.01092633418738842,0,0,4,5,2,2,2,2,1,2,1,2
6,32,39,0.11479359865188599,0,0,4,5,2,4,2,4,1,2,1,2
6,32,40,0.12184149771928787,0,0,4,5,2,5,2,5,1,2,1,2
6,32,41,0.027224356308579445,0,1,4,6,2,1,2,1,1,1,1,5
6,32,42,0.0009230496943928301,0,1,4,6,2,2,2,2,1,1,1,5
6,32,43,0.013264281675219536,0,1,4,6,2,3,2,3,1,1,1,5
6,32,44,0.009794723242521286,0,1,4,6,2,4,2,4,1,1,1,5
6,34,1,0.03746847063302994,0,0,4,3,4,1,4,1,1,1,1,1
6,34,3,0.09410320967435837,0,0,4,3,4,1,4,1,1,1,1,1
6,34,7,0.035016607493162155,0,0,4,3,4,2,4,2,1,1,1,1
6,34,13,0.09412439167499542,0,0,4,3,4,3,4,3,1,1,1,1
6,34,15,0.041590817272663116,0,0,4,3,4,3,4,3,1,1,1,1
6,34,16,0.06138187274336815,0,0,4,3,4,3,4,3,1,1,1,1
6,34,17,0.0773443877696991,0,0,4,3,4,3,4,3,1,1,1,1
6,34,20,0.008338021114468575,0,0,4,3,4,4,4,4,1,1,1,1
6,34,25,0.1386813372373581,0,0,4,3,4,5,4,5,1,1,1,1
6,34,27,0.029577674344182014,0,0,4,3,4,5,4,5,1,1,1,1
6,34,28,0.012217659503221512,0,0,4,3,4,5,4,5,1,1,1,1
6,34,29,0.06900179386138916,0,0,4,3,4,5,4,5,1,1,1,1
6,34,30,0.14807063341140747,0,0,4,3,4,5,4,5,1,1,1,1
6,34,31,0.011884486302733421,0,0,4,4,4,1,4,1,1,1,1,1
6,34,33,0.016356591135263443,0,0,4,4,4,3,4,3,1,1,1,1
6,34,36,0.035322338342666626,0,0,4,5,4,1,4,1,1,2,1,2
6,34,37,0.027444472536444664,0,0,4,5,4,2,4,2,1,2,1,2
6,34,39,0.0017619960708543658,0,0,4,5,4,4,4,4,1,2,1,2
6,34,40,0.028136827051639557,0,0,4,5,4,5,4,5,1,2,1,2
6,34,41,0.024312369525432587,0,1,4,6,4,1,4,1,1,1,1,5
6,34,42,0.002456034068018198,0,1,4,6,4,2,4,2,1,1,1,5
6,34,43,0.00497403321787715,0,1,4,6,4,3,4,3,1,1,1,5
6,34,44,0.00043406427721492946,0,1,4,6,4,4,4,4,1,1,1,5
6,35,1,0.0355878509581089,0,0,4,3,5,1,5,1,1,1,1,1
6,35,3,0.021214205771684647,0,0,4,3,5,1,5,1,1,1,1,1
6,35,7,0.0031842931639403105,0,0,4,3,5,2,5,2,1,1,1,1
6,35,13,0.008944021537899971,0,0,4,3,5,3,5,3,1,1,1,1
6,35,15,0.008754462003707886,0,0,4,3,5,3,5,3,1,1,1,1
6,35,16,0.007645774632692337,0,0,4,3,5,3,5,3,1,1,1,1
6,35,17,0.0015393027570098639,0,0,4,3,5,3,5,3,1,1,1,1
6,35,20,0.02640501968562603,0,0,4,3,5,4,5,4,1,1,1,1
6,35,25,0.13656193017959595,0,0,4,3,5,5,5,5,1,1,1,1
6,35,27,0.01989535614848137,0,0,4,3,5,5,5,5,1,1,1,1
6,35,28,0.007763703353703022,0,0,4,3,5,5,5,5,1,1,1,1
6,35,29,0.058429885655641556,0,0,4,3,5,5,5,5,1,1,1,1
6,35,30,0.37424156069755554,0,0,4,3,5,5,5,5,1,1,1,1
6,35,31,0.009412107989192009,0,0,4,4,5,1,5,1,1,1,1,1
6,35,33,0.0008439457160420716,0,0,4,4,5,3,5,3,1,1,1,1
6,35,36,0.07673311978578568,0,0,4,5,5,1,5,1,1,2,1,2
6,35,37,0.007687811739742756,0,0,4,5,5,2,5,2,1,2,1,2
6,35,39,0.018908683210611343,0,0,4,5,5,4,5,4,1,2,1,2
6,35,40,0.16096735000610352,0,0,4,5,5,5,5,5,1,2,1,2
6,35,41,0.013648178428411484,0,1,4,6,5,1,5,1,1,1,1,5
6,35,42,0.0002272836136398837,0,1,4,6,5,2,5,2,1,1,1,5
6,35,43,0.0007497663609683514,0,1,4,6,5,3,5,3,1,1,1,5
6,35,44,0.0006545425276271999,0,1,4,6,5,4,5,4,1,1,1,5
6,38,1,0.03739940747618675,0,0,5,3,3,1,3,1,2,1,2,1
6,38,3,0.00918897707015276,0,0,5,3,3,1,3,1,2,1,2,1
6,38,7,0.06780033558607101,0,0,5,3,3,2,3,2,2,1,2,1
6,38,13,0.004462249111384153,0,0,5,3,3,3,3,3,2,1,2,1
6,38,15,0.007523600477725267,0,0,5,3,3,3,3,3,2,1,2,1
6,38,16,0.007350281812250614,0,0,5,3,3,3,3,3,2,1,2,1
6,38,17,0.0022742580622434616,0,0,5,3,3,3,3,3,2,1,2,1
6,38,20,0.01631234772503376,0,0,5,3,3,4,3,4,2,1,2,1
6,38,25,0.2020876407623291,0,0,5,3,3,5,3,5,2,1,2,1
6,38,27,0.012219037860631943,0,0,5,3,3,5,3,5,2,1,2,1
6,38,28,0.0712217316031456,0,0,5,3,3,5,3,5,2,1,2,1
6,38,29,0.05688224732875824,0,0,5,3,3,5,3,5,2,1,2,1
6,38,30,0.3101170063018799,0,0,5,3,3,5,3,5,2,1,2,1
6,38,31,0.041262514889240265,0,0,5,4,3,1,3,1,2,1,2,1
6,38,33,0.009249364025890827,0,0,5,4,3,3,3,3,2,1,2,1
6,38,36,0.00020498780941125005,0,0,5,5,3,1,3,1,2,2,2,2
6,38,37,0.0043059224262833595,0,0,5,5,3,2,3,2,2,2,2,2
6,38,39,9.304098057327792e-05,0,0,5,5,3,4,3,4,2,2,2,2
6,38,40,0.0009314186754636467,0,0,5,5,3,5,3,5,2,2,2,2
6,38,41,0.07925262302160263,0,1,5,6,3,1,3,1,2,1,2,5
6,38,42,0.03632894903421402,0,1,5,6,3,2,3,2,2,1,2,5
6,38,43,0.008086749352514744,0,1,5,6,3,3,3,3,2,1,2,5
6,38,44,0.015445444732904434,0,1,5,6,3,4,3,4,2,1,2,5
6,45,1,0.003135410137474537,1,0,6,3,5,1,5,1,1,1,5,1
6,45,3,0.07215427607297897,1,0,6,3,5,1,5,1,1,1,5,1
6,45,7,0.008760140277445316,1,0,6,3,5,2,5,2,1,1,5,1
6,45,13,0.16799558699131012,1,0,6,3,5,3,5,3,1,1,5,1
6,45,15,0.10523490607738495,1,0,6,3,5,3,5,3,1,1,5,1
6,45,16,0.2850314974784851,1,0,6,3,5,3,5,3,1,1,5,1
6,45,17,0.15038633346557617,1,0,6,3,5,3,5,3,1,1,5,1
6,45,20,0.015308629721403122,1,0,6,3,5,4,5,4,1,1,5,1
6,45,25,0.035407714545726776,1,0,6,3,5,5,5,5,1,1,5,1
6,45,27,0.018592793494462967,1,0,6,3,5,5,5,5,1,1,5,1
6,45,28,0.007462688721716404,1,0,6,3,5,5,5,5,1,1,5,1
6,45,29,0.023980045691132545,1,0,6,3,5,5,5,5,1,1,5,1
6,45,30,0.015615507960319519,1,0,6,3,5,5,5,5,1,1,5,1
6,45,31,0.002367011271417141,1,0,6,4,5,1,5,1,1,1,5,1
6,45,33,0.033229853957891464,1,0,6,4,5,3,5,3,1,1,5,1
6,45,36,0.017396604642271996,1,0,6,5,5,1,5,1,1,2,5,2
6,45,37,0.008358212187886238,1,0,6,5,5,2,5,2,1,2,5,2
6,45,39,0.0061772484332323074,1,0,6,5,5,4,5,4,1,2,5,2
6,45,40,0.010571734979748726,1,0,6,5,5,5,5,5,1,2,5,2
6,45,41,0.005560797639191151,1,1,6,6,5,1,5,1,1,1,5,5
6,45,42,0.0005455130594782531,1,1,6,6,5,2,5,2,1,1,5,5
6,45,43,0.006431505084037781,1,1,6,6,5,3,5,3,1,1,5,5
6,45,44,0.0002961490536108613,1,1,6,6,5,4,5,4,1,1,5,5
6,46,1,0.0033333066385239363,2,0,7,3,0,1,0,1,0,1,4,1
6,46,3,0.0010837760055437684,2,0,7,3,0,1,0,1,0,1,4,1
6,46,7,0.03818001225590706,2,0,7,3,0,2,0,2,0,1,4,1
6,46,13,0.003393443999812007,2,0,7,3,0,3,0,3,0,1,4,1
6,46,15,0.0029270846862345934,2,0,7,3,0,3,0,3,0,1,4,1
6,46,16,0.004636973608285189,2,0,7,3,0,3,0,3,0,1,4,1
6,46,17,0.013310536742210388,2,0,7,3,0,3,0,3,0,1,4,1
6,46,20,0.001056067761965096,2,0,7,3,0,4,0,4,0,1,4,1
6,46,25,0.0004248390905559063,2,0,7,3,0,5,0,5,0,1,4,1
6,46,27,0.0027131668757647276,2,0,7,3,0,5,0,5,0,1,4,1
6,46,28,0.002956510754302144,2,0,7,3,0,5,0,5,0,1,4,1
6,46,29,0.0006080481689423323,2,0,7,3,0,5,0,5,0,1,4,1
6,46,30,0.00017510911857243627,2,0,7,3,0,5,0,5,0,1,4,1
6,46,31,0.0017697790171951056,2,0,7,4,0,1,0,1,0,1,4,1
6,46,33,0.009737720713019371,2,0,7,4,0,3,0,3,0,1,4,1
6,46,36,0.0010553710162639618,2,0,7,5,0,1,0,1,0,2,4,2
6,46,37,0.012335561215877533,2,0,7,5,0,2,0,2,0,2,4,2
6,46,39,0.007197035476565361,2,0,7,5,0,4,0,4,0,2,4,2
6,46,40,0.0008326063398271799,2,0,7,5,0,5,0,5,0,2,4,2
6,46,41,0.012301305308938026,2,1,7,6,0,1,0,1,0,1,4,5
6,46,42,0.5157262086868286,2,1,7,6,0,2,0,2,0,1,4,5
6,46,43,0.07882148772478104,2,1,7,6,0,3,0,3,0,1,4,5
6,46,44,0.28542405366897583,2,1,7,6,0,4,0,4,0,1,4,5
7,1,0,0.020928092300891876,0,0,3,1,1,0,1,0,1,2,1,4
7,1,2,0.03109685890376568,0,0,3,3,1,1,1,1,1,1,1,1
7,1,4,0.0048055644147098064,0,0,3,3,1,1,1,1,1,1,1,1
7,1,5,0.03291800245642662,0,0,3,3,1,1,1,1,1,1,1,1
7,1,6,0.018012043088674545,0,0,3,3,1,1,1,1,1,1,1,1
7,1,8,0.01979890465736389,0,0,3,3,1,2,1,2,1,1,1,1
7,1,9,0.01912030018866062,0,0,3,3,1,2,1,2,1,1,1,1
7,1,10,0.028369512408971786,0,0,3,3,1,2,1,2,1,1,1,1
7,1,11,0.05312608554959297,0,0,3,3,1,2,1,2,1,1,1,1
7,1,12,0.039181698113679886,0,0,3,3,1,2,1,2,1,1,1,1
7,1,14,0.018852699548006058,0,0,3,3,1,3,1,3,1,1,1,1
7,1,18,0.013677588663995266,0,0,3,3,1,3,1,3,1,1,1,1
7,1,19,0.053883492946624756,0,0,3,3,1,4,1,4,1,1,1,1
7,1,21,0.09112811833620071,0,0,3,3,1,4,1,4,1,1,1,1
7,1,22,0.059789299964904785,0,0,3,3,1,4,1,4,1,1,1,1
7,1,23,0.10118935257196426,0,0,3,3,1,4,1,4,1,1,1,1
7,1,24,0.05391263589262962,0,0,3,3,1,4,1,4,1,1,1,1
7,1,26,0.041957780718803406,0,0,3,3,1,5,1,5,1,1,1,1
7,1,32,0.10167419165372849,0,0,3,4,1,2,1,2,1,1,1,1
7,1,34,0.03805789351463318,0,0,3,4,1,4,1,4,1,1,1,1
7,1,35,0.0192303117364645,0,0,3,4,1,5,1,5,1,1,1,1
7,1,38,0.007634682115167379,0,0,3,5,1,3,1,3,1,2,1,2
7,1,45,0.05564412847161293,0,1,3,6,1,5,1,5,1,1,1,5
7,1,46,0.07601066678762436,0,2,3,7,1,0,1,0,1,0,1,4
7,3,0,0.023909330368041992,0,0,3,1,1,0,1,0,1,2,1,4
7,3,2,0.013194741681218147,0,0,3,3,1,1,1,1,1,1,1,1
7,3,4,0.0016504437662661076,0,0,3,3,1,1,1,1,1,1,1,1
7,3,5,0.0106434291228652,0,0,3,3,1,1,1,1,1,1,1,1
7,3,6,0.004375307355076075,0,0,3,3,1,1,1,1,1,1,1,1
7,3,8,0.003487267531454563,0,0,3,3,1,2,1,2,1,1,1,1
7,3,9,0.00236664735712111,0,0,3,3,1,2,1,2,1,1,1,1
7,3,10,0.004351060371845961,0,0,3,3,1,2,1,2,1,1,1,1
7,3,11,0.02535206452012062,0,0,3,3,1,2,1,2,1,1,1,1
7,3,12,0.006415200885385275,0,0,3,3,1,2,1,2,1,1,1,1
7,3,14,0.012017976492643356,0,0,3,3,1,3,1,3,1,1,1,1
7,3,18,0.004865445662289858,0,0,3,3,1,3,1,3,1,1,1,1
7,3,19,0.031211527064442635,0,0,3,3,1,4,1,4,1,1,1,1
7,3,21,0.042813751846551895,0,0,3,3,1,4,1,4,1,1,1,1
7,3,22,0.024325044825673103,0,0,3,3,1,4,1,4,1,1,1,1
7,3,23,0.07400386035442352,0,0,3,3,1,4,1,4,1,1,1,1
7,3,24,0.024374937638640404,0,0,3,3,1,4,1,4,1,1,1,1
7,3,26,0.010184843093156815,0,0,3,3,1,5,1,5,1,1,1,1
7,3,32,0.0803782045841217,0,0,3,4,1,2,1,2,1,1,1,1
7,3,34,0.040172088891267776,0,0,3,4,1,4,1,4,1,1,1,1
7,3,35,0.009808354079723358,0,0,3,4,1,5,1,5,1,1,1,1
7,3,38,0.003967538941651583,0,0,3,5,1,3,1,3,1,2,1,2
7,3,45,0.14645908772945404,0,1,3,6,1,5,1,5,1,1,1,5
7,3,46,0.3996717631816864,0,2,3,7,1,0,1,0,1,0,1,4
7,7,0,0.027543701231479645,0,0,3,1,2,0,2,0,1,2,1,4
7,7,2,0.03709418699145317,0,0,3,3,2,1,2,1,1,1,1,1
7,7,4,0.08916604518890381,0,0,3,3,2,1,2,1,1,1,1,1
7,7,5,0.3490695357322693,0,0,3,3,2,1,2,1,1,1,1,1
7,7,6,0.1245395839214325,0,0,3,3,2,1,2,1,1,1,1,1
7,7,8,0.01330452412366867,0,0,3,3,2,2,2,2,1,1,1,1
7,7,9,0.04577404633164406,0,0,3,3,2,2,2,2,1,1,1,1
7,7,10,0.014408279210329056,0,0,3,3,2,2,2,2,1,1,1,1
7,7,11,0.0462535098195076,0,0,3,3,2,2,2,2,1,1,1,1
7,7,12,0.021182844415307045,0,0,3,3,2,2,2,2,1,1,1,1
7,7,14,0.006764213554561138,0,0,3,3,2,3,2,3,1,1,1,1
7,7,18,0.0074913036078214645,0,0,3,3,2,3,2,3,1,1,1,1
7,7,19,0.004124282393604517,0,0,3,3,2,4,2,4,1,1,1,1
7,7,21,0.008473788388073444,0,0,3,3,2,4,2,4,1,1,1,1
7,7,22,0.003292241133749485,0,0,3,3,2,4,2,4,1,1,1,1
7,7,23,0.005514389369636774,0,0,3,3,2,4,2,4,1,1,1,1
7,7,24,0.004834109451621771,0,0,3,3,2,4,2,4,1,1,1,1
7,7,26,0.012879684567451477,0,0,3,3,2,5,2,5,1,1,1,1
7,7,32,0.019274983555078506,0,0,3,4,2,2,2,2,1,1,1,1
7,7,34,0.0033685665111988783,0,0,3,4,2,4,2,4,1,1,1,1
7,7,35,0.0006172558641992509,0,0,3,4,2,5,2,5,1,1,1,1
7,7,38,0.00143587333150208,0,0,3,5,2,3,2,3,1,2,1,2
7,7,45,0.0296959076076746,0,1,3,6,2,5,2,5,1,1,1,5
7,7,46,0.12389685958623886,0,2,3,7,2,0,2,0,1,0,1,4
7,13,0,0.03319600597023964,0,0,3,1,3,0,3,0,1,2,1,4
7,13,2,0.009867943823337555,0,0,3,3,3,1,3,1,1,1,1,1
7,13,4,0.01070551946759224,0,0,3,3,3,1,3,1,1,1,1,1
7,13,5,0.029679644852876663,0,0,3,3,3,1,3,1,1,1,1,1
7,13,6,0.012988909147679806,0,0,3,3,3,1,3,1,1,1,1,1
7,13,8,0.005151115823537111,0,0,3,3,3,2,3,2,1,1,1,1
7,13,9,0.0074430471286177635,0,0,3,3,3,2,3,2,1,1,1,1
7,13,10,0.01614997908473015,0,0,3,3,3,2,3,2,1,1,1,1
7,13,11,0.09212968498468399,0,0,3,3,3,2,3,2,1,1,1,1
7,13,12,0.006182495504617691,0,0,3,3,3,2,3,2,1,1,1,1
7,13,14,0.039848774671554565,0,0,3,3,3,3,3,3,1,1,1,1
7,13,18,0.008003206923604012,0,0,3,3,3,3,3,3,1,1,1,1
7,13,19,0.012322940863668919,0,0,3,3,3,4,3,4,1,1,1,1
7,13,21,0.01271618902683258,0,0,3,3,3,4,3,4,1,1,1,1
7,13,22,0.0037351339124143124,0,0,3,3,3,4,3,4,1,1,1,1
7,13,23,0.022066567093133926,0,0,3,3,3,4,3,4,1,1,1,1
7,13,24,0.008448924869298935,0,0,3,3,3,4,3,4,1,1,1,1
7,13,26,0.0006385516026057303,0,0,3,3,3,5,3,5,1,1,1,1
7,13,32,0.05409327149391174,0,0,3,4,3,2,3,2,1,1,1,1
7,13,34,0.01091432198882103,0,0,3,4,3,4,3,4,1,1,1,1
7,13,35,0.000565452384762466,0,0,3,4,3,5,3,5,1,1,1,1
7,13,38,0.009615270420908928,0,0,3,5,3,3,3,3,1,2,1,2
7,13,45,0.36158546805381775,0,1,3,6,3,5,3,5,1,1,1,5
7,13,46,0.2319517880678177,0,2,3,7,3,0,3,0,1,0,1,4
7,15,0,0.06001439690589905,0,0,3,1,3,0,3,0,1,2,1,4
7,15,2,0.016469262540340424,0,0,3,3,3,1,3,1,1,1,1,1
7,15,4,0.011566787958145142,0,0,3,3,3,1,3,1,1,1,1,1
7,15,5,0.03374819457530975,0,0,3,3,3,1,3,1,1,1,1,1
7,15,6,0.0071663581766188145,0,0,3,3,3,1,3,1,1,1,1,1
7,15,8,0.002771996660158038,0,0,3,3,3,2,3,2,1,1,1,1
7,15,9,0.01191624253988266,0,0,3,3,3,2,3,2,1,1,1,1
7,15,10,0.010846047662198544,0,0,3,3,3,2,3,2,1,1,1,1
7,15,11,0.10646816343069077,0,0,3,3,3,2,3,2,1,1,1,1
7,15,12,0.0040384940803050995,0,0,3,3,3,2,3,2,1,1,1,1
7,15,14,0.03527320176362991,0,0,3,3,3,3,3,3,1,1,1,1
7,15,18,0.012346272356808186,0,0,3,3,3,3,3,3,1,1,1,1
7,15,19,0.007929624989628792,0,0,3,3,3,4,3,4,1,1,1,1
7,15,21,0.005959041882306337,0,0,3,3,3,4,3,4,1,1,1,1
7,15,22,0.002137820003554225,0,0,3,3,3,4,3,4,1,1,1,1
7,15,23,0.006331432145088911,0,0,3,3,3,4,3,4,1,1,1,1
7,15,24,0.004312319681048393,0,0,3,3,3,4,3,4,1,1,1,1
7,15,26,0.0017649502260610461,0,0,3,3,3,5,3,5,1,1,1,1
7,15,32,0.03547373414039612,0,0,3,4,3,2,3,2,1,1,1,1
7,15,34,0.008061910979449749,0,0,3,4,3,4,3,4,1,1,1,1
7,15,35,0.004371011164039373,0,0,3,4,3,5,3,5,1,1,1,1
7,15,38,0.010950086638331413,0,0,3,5,3,3,3,3,1,2,1,2
7,15,45,0.15549349784851074,0,1,3,6,3,5,3,5,1,1,1,5
7,15,46,0.44458916783332825,0,2,3,7,3,0,3,0,1,0,1,4
7,16,0,0.038807887583971024,0,0,3,1,3,0,3,0,1,2,1,4
7,16,2,0.021424878388643265,0,0,3,3,3,1,3,1,1,1,1,1
7,16,4,0.02725217491388321,0,0,3,3,3,1,3,1,1,1,1,1
7,16,5,0.13433420658111572,0,0,3,3,3,1,3,1,1,1,1,1
7,16,6,0.02498002164065838,0,0,3,3,3,1,3,1,1,1,1,1
7,16,8,0.0025198636576533318,0,0,3,3,3,2,3,2,1,1,1,1
7,16,9,0.011239967308938503,0,0,3,3,3,2,3,2,1,1,1,1
7,16,10,0.01171065866947174,0,0,3,3,3,2,3,2,1,1,1,1
7,16,11,0.0854630246758461,0,0,3,3,3,2,3,2,1,1,1,1
7,16,12,0.002115190727636218,0,0,3,3,3,2,3,2,1,1,1,1
7,16,14,0.03975154086947441,0,0,3,3,3,3,3,3,1,1,1,1
7,16,18,0.008287491276860237,0,0,3,3,3,3,3,3,1,1,1,1
7,16,19,0.0045068757608532906,0,0,3,3,3,4,3,4,1,1,1,1
7,16,21,0.0034217736683785915,0,0,3,3,3,4,3,4,1,1,1,1
7,16,22,0.00045812074677087367,0,0,3,3,3,4,3,4,1,1,1,1
7,16,23,0.0024635973386466503,0,0,3,3,3,4,3,4,1,1,1,1
7,16,24,0.002907700836658478,0,0,3,3,3,4,3,4,1,1,1,1
7,16,26,0.0008307318203151226,0,0,3,3,3,5,3,5,1,1,1,1
7,16,32,0.024936992675065994,0,0,3,4,3,2,3,2,1,1,1,1
7,16,34,0.0101660480722785,0,0,3,4,3,4,3,4,1,1,1,1
7,16,35,0.0011461968533694744,0,0,3,4,3,5,3,5,1,1,1,1
7,16,38,0.003430847078561783,0,0,3,5,3,3,3,3,1,2,1,2
7,16,45,0.08430493623018265,0,1,3,6,3,5,3,5,1,1,1,5
7,16,46,0.453539103269577,0,2,3,7,3,0,3,0,1,0,1,4
7,17,0,0.06988303363323212,0,0,3,1,3,0,3,0,1,2,1,4
7,17,2,0.011348381638526917,0,0,3,3,3,1,3,1,1,1,1,1
7,17,4,0.010365357622504234,0,0,3,3,3,1,3,1,1,1,1,1
7,17,5,0.0581195130944252,0,0,3,3,3,1,3,1,1,1,1,1
7,17,6,0.013823026791214943,0,0,3,3,3,1,3,1,1,1,1,1
7,17,8,0.004154357593506575,0,0,3,3,3,2,3,2,1,1,1,1
7,17,9,0.011836513876914978,0,0,3,3,3,2,3,2,1,1,1,1
7,17,10,0.019314918667078018,0,0,3,3,3,2,3,2,1,1,1,1
7,17,11,0.06258973479270935,0,0,3,3,3,2,3,2,1,1,1,1
7,17,12,0.0033227503299713135,0,0,3,3,3,2,3,2,1,1,1,1
7,17,14,0.018804479390382767,0,0,3,3,3,3,3,3,1,1,1,1
7,17,18,0.011444959789514542,0,0,3,3,3,3,3,3,1,1,1,1
7,17,19,0.007005513180047274,0,0,3,3,3,4,3,4,1,1,1,1
7,17,21,0.00682923523709178,0,0,3,3,3,4,3,4,1,1,1,1
7,17,22,0.000788570090662688,0,0,3,3,3,4,3,4,1,1,1,1
7,17,23,0.004503309261053801,0,0,3,3,3,4,3,4,1,1,1,1
7,17,24,0.008168138563632965,0,0,3,3,3,4,3,4,1,1,1,1
7,17,26,0.0015848965849727392,0,0,3,3,3,5,3,5,1,1,1,1
7,17,32,0.036079034209251404,0,0,3,4,3,2,3,2,1,1,1,1
7,17,34,0.024270491674542427,0,0,3,4,3,4,3,4,1,1,1,1
7,17,35,0.0022808697540313005,0,0,3,4,3,5,3,5,1,1,1,1
7,17,38,0.008788795210421085,0,0,3,5,3,3,3,3,1,2,1,2
7,17,45,0.04021703451871872,0,1,3,6,3,5,3,5,1,1,1,5
7,17,46,0.5644769668579102,0,2,3,7,3,0,3,0,1,0,1,4
7,20,0,0.18864016234874725,0,0,3,1,4,0,4,0,1,2,1,4
7,20,2,0.014414486475288868,0,0,3,3,4,1,4,1,1,1,1,1
7,20,4,0.006938247941434383,0,0,3,3,4,1,4,1,1,1,1,1
7,20,5,0.02500689961016178,0,0,3,3,4,1,4,1,1,1,1,1
7,20,6,0.010753962211310863,0,0,3,3,4,1,4,1,1,1,1,1
7,20,8,0.010553310625255108,0,0,3,3,4,2,4,2,1,1,1,1
7,20,9,0.01630132831633091,0,0,3,3,4,2,4,2,1,1,1,1
7,20,10,0.03367680311203003,0,0,3,3,4,2,4,2,1,1,1,1
7,20,11,0.06490527093410492,0,0,3,3,4,2,4,2,1,1,1,1
7,20,12,0.009747362695634365,0,0,3,3,4,2,4,2,1,1,1,1
7,20,14,0.008746877312660217,0,0,3,3,4,3,4,3,1,1,1,1
7,20,18,0.018189510330557823,0,0,3,3,4,3,4,3,1,1,1,1
7,20,19,0.009063190780580044,0,0,3,3,4,4,4,4,1,1,1,1
7,20,21,0.012497537769377232,0,0,3,3,4,4,4,4,1,1,1,1
7,20,22,0.009187412448227406,0,0,3,3,4,4,4,4,1,1,1,1
7,20,23,0.015515895560383797,0,0,3,3,4,4,4,4,1,1,1,1
7,20,24,0.014779848046600819,0,0,3,3,4,4,4,4,1,1,1,1
7,20,26,0.006098966579884291,0,0,3,3,4,5,4,5,1,1,1,1
7,20,32,0.02101488783955574,0,0,3,4,4,2,4,2,1,1,1,1
7,20,34,0.006996923126280308,0,0,3,4,4,4,4,4,1,1,1,1
7,20,35,0.002280502812936902,0,0,3,4,4,5,4,5,1,1,1,1
7,20,38,0.012132519856095314,0,0,3,5,4,3,4,3,1,2,1,2
7,20,45,0.03376447409391403,0,1,3,6,4,5,4,5,1,1,1,5
7,20,46,0.44879332184791565,0,2,3,7,4,0,4,0,1,0,1,4
7,25,0,0.07006745040416718,0,0,3,1,5,0,5,0,1,2,1,4
7,25,2,0.0012704398250207305,0,0,3,3,5,1,5,1,1,1,1,1
7,25,4,0.00035653990926221013,0,0,3,3,5,1,5,1,1,1,1,1
7,25,5,0.00039210234535858035,0,0,3,3,5,1,5,1,1,1,1,1
7,25,6,0.00015671912115067244,0,0,3,3,5,1,5,1,1,1,1,1
7,25,8,0.00077197072096169,0,0,3,3,5,2,5,2,1,1,1,1
7,25,9,0.0004737280250992626,0,0,3,3,5,2,5,2,1,1,1,1
7,25,10,0.0005284893559291959,0,0,3,3,5,2,5,2,1,1,1,1
7,25,11,0.006806260906159878,0,0,3,3,5,2,5,2,1,1,1,1
7,25,12,0.0025255477521568537,0,0,3,3,5,2,5,2,1,1,1,1
7,25,14,0.00221177632920444,0,0,3,3,5,3,5,3,1,1,1,1
7,25,18,0.0018078048015013337,0,0,3,3,5,3,5,3,1,1,1,1
7,25,19,0.003971599042415619,0,0,3,3,5,4,5,4,1,1,1,1
7,25,21,0.0022615324705839157,0,0,3,3,5,4,5,4,1,1,1,1
7,25,22,0.002663347637280822,0,0,3,3,5,4,5,4,1,1,1,1
7,25,23,0.011436449363827705,0,0,3,3,5,4,5,4,1,1,1,1
7,25,24,0.004443014040589333,0,0,3,3,5,4,5,4,1,1,1,1
7,25,26,0.0007772285607643425,0,0,3,3,5,5,5,5,1,1,1,1
7,25,32,0.03417809307575226,0,0,3,4,5,2,5,2,1,1,1,1
7,25,34,0.018879946321249008,0,0,3,4,5,4,5,4,1,1,1,1
7,25,35,0.0064798141829669476,0,0,3,4,5,5,5,5,1,1,1,1
7,25,38,0.03240037336945534,0,0,3,5,5,3,5,3,1,2,1,2
7,25,45,0.014287922531366348,0,1,3,6,5,5,5,5,1,1,1,5
7,25,46,0.7808523178100586,0,2,3,7,5,0,5,0,1,0,1,4
7,27,0,0.06339027732610703,0,0,3,1,5,0,5,0,1,2,1,4
7,27,2,0.0020461566746234894,0,0,3,3,5,1,5,1,1,1,1,1
7,27,4,0.00029784056823700666,0,0,3,3,5,1,5,1,1,1,1,1
7,27,5,0.0006495733978226781,0,0,3,3,5,1,5,1,1,1,1,1
7,27,6,0.0002608178183436394,0,0,3,3,5,1,5,1,1,1,1,1
7,27,8,0.0011091266060248017,0,0,3,3,5,2,5,2,1,1,1,1
7,27,9,0.0007430250407196581,0,0,3,3,5,2,5,2,1,1,1,1
7,27,10,0.0010308405617251992,0,0,3,3,5,2,5,2,1,1,1,1
7,27,11,0.007943008095026016,0,0,3,3,5,2,5,2,1,1,1,1
7,27,12,0.002039801562204957,0,0,3,3,5,2,5,2,1,1,1,1
7,27,14,0.00197179545648396,0,0,3,3,5,3,5,3,1,1,1,1
7,27,18,0.003566432511433959,0,0,3,3,5,3,5,3,1,1,1,1
7,27,19,0.006845291703939438,0,0,3,3,5,4,5,4,1,1,1,1
7,27,21,0.005231383256614208,0,0,3,3,5,4,5,4,1,1,1,1
7,27,22,0.0065001631155610085,0,0,3,3,5,4,5,4,1,1,1,1
7,27,23,0.015805887058377266,0,0,3,3,5,4,5,4,1,1,1,1
7,27,24,0.006338251754641533,0,0,3,3,5,4,5,4,1,1,1,1
7,27,26,0.0043503097258508205,0,0,3,3,5,5,5,5,1,1,1,1
7,27,32,0.01396794244647026,0,0,3,4,5,2,5,2,1,1,1,1
7,27,34,0.01385138276964426,0,0,3,4,5,4,5,4,1,1,1,1
7,27,35,0.009293769486248493,0,0,3,4,5,5,5,5,1,1,1,1
7,27,38,0.012598369270563126,0,0,3,5,5,3,5,3,1,2,1,2
7,27,45,0.008323184214532375,0,1,3,6,5,5,5,5,1,1,1,5
7,27,46,0.8118449449539185,0,2,3,7,5,0,5,0,1,0,1,4
7,28,0,0.027012178674340248,0,0,3,1,5,0,5,0,1,2,1,4
7,28,2,0.0015821688575670123,0,0,3,3,5,1,5,1,1,1,1,1
7,28,4,0.0003547239175532013,0,0,3,3,5,1,5,1,1,1,1,1
7,28,5,0.0017282277112826705,0,0,3,3,5,1,5,1,1,1,1,1
7,28,6,0.0009203952504321933,0,0,3,3,5,1,5,1,1,1,1,1
7,28,8,0.0005095033557154238,0,0,3,3,5,2,5,2,1,1,1,1
7,28,9,0.0002161444426747039,0,0,3,3,5,2,5,2,1,1,1,1
7,28,10,0.0005098359542898834,0,0,3,3,5,2,5,2,1,1,1,1
7,28,11,0.002199585549533367,0,0,3,3,5,2,5,2,1,1,1,1
7,28,12,0.0007209590403363109,0,0,3,3,5,2,5,2,1,1,1,1
7,28,14,0.000846560113132,0,0,3,3,5,3,5,3,1,1,1,1
7,28,18,0.0011113359360024333,0,0,3,3,5,3,5,3,1,1,1,1
7,28,19,0.003858973039314151,0,0,3,3,5,4,5,4,1,1,1,1
7,28,21,0.0034185261465609074,0,0,3,3,5,4,5,4,1,1,1,1
7,28,22,0.0020076334476470947,0,0,3,3,5,4,5,4,1,1,1,1
7,28,23,0.012005649507045746,0,0,3,3,5,4,5,4,1,1,1,1
7,28,24,0.004037478473037481,0,0,3,3,5,4,5,4,1,1,1,1
7,28,26,0.0009521800093352795,0,0,3,3,5,5,5,5,1,1,1,1
7,28,32,0.007303285412490368,0,0,3,4,5,2,5,2,1,1,1,1
7,28,34,0.015395849011838436,0,0,3,4,5,4,5,4,1,1,1,1
7,28,35,0.0007788873626850545,0,0,3,4,5,5,5,5,1,1,1,1
7,28,38,0.001782381092198193,0,0,3,5,5,3,5,3,1,2,1,2
7,28,45,0.0060033355839550495,0,1,3,6,5,5,5,5,1,1,1,5
7,28,46,0.9047438502311707,0,2,3,7,5,0,5,0,1,0,1,4
7,29,0,0.040905728936195374,0,0,3,1,5,0,5,0,1,2,1,4
7,29,2,0.0032110644970089197,0,0,3,3,5,1,5,1,1,1,1,1
7,29,4,0.000381520832888782,0,0,3,3,5,1,5,1,1,1,1,1
7,29,5,0.0012531448155641556,0,0,3,3,5,1,5,1,1,1,1,1
7,29,6,0.00044269251520745456,0,0,3,3,5,1,5,1,1,1,1,1
7,29,8,0.0010047934483736753,0,0,3,3,5,2,5,2,1,1,1,1
7,29,9,0.0006076856516301632,0,0,3,3,5,2,5,2,1,1,1,1
7,29,10,0.0010446672094985843,0,0,3,3,5,2,5,2,1,1,1,1
7,29,11,0.007896601222455502,0,0,3,3,5,2,5,2,1,1,1,1
7,29,12,0.001290930318646133,0,0,3,3,5,2,5,2,1,1,1,1
7,29,14,0.00319056143052876,0,0,3,3,5,3,5,3,1,1,1,1
7,29,18,0.002650473266839981,0,0,3,3,5,3,5,3,1,1,1,1
7,29,19,0.006544631440192461,0,0,3,3,5,4,5,4,1,1,1,1
7,29,21,0.004464250523597002,0,0,3,3,5,4,5,4,1,1,1,1
7,29,22,0.003574860282242298,0,0,3,3,5,4,5,4,1,1,1,1
7,29,23,0.015095822513103485,0,0,3,3,5,4,5,4,1,1,1,1
7,29,24,0.00405924953520298,0,0,3,3,5,4,5,4,1,1,1,1
7,29,26,0.0025048779789358377,0,0,3,3,5,5,5,5,1,1,1,1
7,29,32,0.008915522135794163,0,0,3,4,5,2,5,2,1,1,1,1
7,29,34,0.009169233962893486,0,0,3,4,5,4,5,4,1,1,1,1
7,29,35,0.0033164366614073515,0,0,3,4,5,5,5,5,1,1,1,1
7,29,38,0.004447160754352808,0,0,3,5,5,3,5,3,1,2,1,2
7,29,45,0.010517287999391556,0,1,3,6,5,5,5,5,1,1,1,5
7,29,46,0.8635108470916748,0,2,3,7,5,0,5,0,1,0,1,4
7,30,0,0.021638857200741768,0,0,3,1,5,0,5,0,1,2,1,4
7,30,2,0.00031835210393182933,0,0,3,3,5,1,5,1,1,1,1,1
7,30,4,2.6943338525597937e-05,0,0,3,3,5,1,5,1,1,1,1,1
7,30,5,9.58027521846816e-05,0,0,3,3,5,1,5,1,1,1,1,1
7,30,6,2.5438619559281506e-05,0,0,3,3,5,1,5,1,1,1,1,1
7,30,8,4.0623501263326034e-05,0,0,3,3,5,2,5,2,1,1,1,1
7,30,9,1.3409406165010296e-05,0,0,3,3,5,2,5,2,1,1,1,1
7,30,10,3.078989539062604e-05,0,0,3,3,5,2,5,2,1,1,1,1
7,30,11,0.00040206487756222486,0,0,3,3,5,2,5,2,1,1,1,1
7,30,12,4.659590922528878e-05,0,0,3,3,5,2,5,2,1,1,1,1
7,30,14,0.000216894899494946,0,0,3,3,5,3,5,3,1,1,1,1
7,30,18,0.0001445170200895518,0,0,3,3,5,3,5,3,1,1,1,1
7,30,19,0.00039968450437299907,0,0,3,3,5,4,5,4,1,1,1,1
7,30,21,0.0002077924000332132,0,0,3,3,5,4,5,4,1,1,1,1
7,30,22,9.656623296905309e-05,0,0,3,3,5,4,5,4,1,1,1,1
7,30,23,0.0010033341823145747,0,0,3,3,5,4,5,4,1,1,1,1
7,30,24,0.00034740116097964346,0,0,3,3,5,4,5,4,1,1,1,1
7,30,26,9.064598270924762e-05,0,0,3,3,5,5,5,5,1,1,1,1
7,30,32,0.001677146297879517,0,0,3,4,5,2,5,2,1,1,1,1
7,30,34,0.0027792323380708694,0,0,3,4,5,4,5,4,1,1,1,1
7,30,35,0.0005900131654925644,0,0,3,4,5,5,5,5,1,1,1,1
7,30,38,0.0007765597547404468,0,0,3,5,5,3,5,3,1,2,1,2
7,30,45,0.0015888416673988104,0,1,3,6,5,5,5,5,1,1,1,5
7,30,46,0.9674421548843384,0,2,3,7,5,0,5,0,1,0,1,4
7,31,0,0.0008360399515368044,0,0,4,1,1,0,1,0,1,2,1,4
7,31,2,0.009208409115672112,0,0,4,3,1,1,1,1,1,1,1,1
7,31,4,0.0023490518797188997,0,0,4,3,1,1,1,1,1,1,1,1
7,31,5,0.0036168452352285385,0,0,4,3,1,1,1,1,1,1,1,1
7,31,6,0.005165518261492252,0,0,4,3,1,1,1,1,1,1,1,1
7,31,8,0.007439803797751665,0,0,4,3,1,2,1,2,1,1,1,1
7,31,9,0.005229902919381857,0,0,4,3,1,2,1,2,1,1,1,1
7,31,10,0.0068870061077177525,0,0,4,3,1,2,1,2,1,1,1,1
7,31,11,0.016677485778927803,0,0,4,3,1,2,1,2,1,1,1,1
7,31,12,0.04080129787325859,0,0,4,3,1,2,1,2,1,1,1,1
7,31,14,0.027959540486335754,0,0,4,3,1,3,1,3,1,1,1,1
7,31,18,0.006684313528239727,0,0,4,3,1,3,1,3,1,1,1,1
7,31,19,0.05386490747332573,0,0,4,3,1,4,1,4,1,1,1,1
7,31,21,0.04686429351568222,0,0,4,3,1,4,1,4,1,1,1,1
7,31,22,0.46518269181251526,0,0,4,3,1,4,1,4,1,1,1,1
7,31,23,0.18020503222942352,0,0,4,3,1,4,1,4,1,1,1,1
7,31,24,0.01777520775794983,0,0,4,3,1,4,1,4,1,1,1,1
7,31,26,0.011083251796662807,0,0,4,3,1,5,1,5,1,1,1,1
7,31,32,0.033056896179914474,0,0,4,4,1,2,1,2,1,1,1,1
7,31,34,0.0071259234100580215,0,0,4,4,1,4,1,4,1,1,1,1
7,31,35,0.01257409993559122,0,0,4,4,1,5,1,5,1,1,1,1
7,31,38,0.003099620807915926,0,0,4,5,1,3,1,3,1,2,1,2
7,31,45,0.03527748957276344,0,1,4,6,1,5,1,5,1,1,1,5
7,31,46,0.0010352523531764746,0,2,4,7,1,0,1,0,1,0,1,4
7,33,0,0.004099621903151274,0,0,4,1,3,0,3,0,1,2,1,4
7,33,2,0.019954776391386986,0,0,4,3,3,1,3,1,1,1,1,1
7,33,4,0.07510160654783249,0,0,4,3,3,1,3,1,1,1,1,1
7,33,5,0.19222235679626465,0,0,4,3,3,1,3,1,1,1,1,1
7,33,6,0.07565149664878845,0,0,4,3,3,1,3,1,1,1,1,1
7,33,8,0.004501619841903448,0,0,4,3,3,2,3,2,1,1,1,1
7,33,9,0.02774219959974289,0,0,4,3,3,2,3,2,1,1,1,1
7,33,10,0.06123245880007744,0,0,4,3,3,2,3,2,1,1,1,1
7,33,11,0.078692726790905,0,0,4,3,3,2,3,2,1,1,1,1
7,33,12,0.0026484630070626736,0,0,4,3,3,2,3,2,1,1,1,1
7,33,14,0.2609143853187561,0,0,4,3,3,3,3,3,1,1,1,1
7,33,18,0.013700759969651699,0,0,4,3,3,3,3,3,1,1,1,1
7,33,19,0.008657313883304596,0,0,4,3,3,4,3,4,1,1,1,1
7,33,21,0.006039738655090332,0,0,4,3,3,4,3,4,1,1,1,1
7,33,22,0.001024117460474372,0,0,4,3,3,4,3,4,1,1,1,1
7,33,23,0.0026787754613906145,0,0,4,3,3,4,3,4,1,1,1,1
7,33,24,0.003075823886319995,0,0,4,3,3,4,3,4,1,1,1,1
7,33,26,0.0001628084428375587,0,0,4,3,3,5,3,5,1,1,1,1
7,33,32,0.01596442051231861,0,0,4,4,3,2,3,2,1,1,1,1
7,33,34,0.005980227142572403,0,0,4,4,3,4,3,4,1,1,1,1
7,33,35,0.0011976443929597735,0,0,4,4,3,5,3,5,1,1,1,1
7,33,38,0.00219434080645442,0,0,4,5,3,3,3,3,1,2,1,2
7,33,45,0.13112351298332214,0,1,4,6,3,5,3,5,1,1,1,5
7,33,46,0.0054389918223023415,0,2,4,7,3,0,3,0,1,0,1,4
7,36,0,0.019212864339351654,0,0,5,1,1,0,1,0,2,2,2,4
7,36,2,0.02246532030403614,0,0,5,3,1,1,1,1,2,1,2,1
7,36,4,0.09832075238227844,0,0,5,3,1,1,1,1,2,1,2,1
7,36,5,0.0309763140976429,0,0,5,3,1,1,1,1,2,1,2,1
7,36,6,0.03274785354733467,0,0,5,3,1,1,1,1,2,1,2,1
7,36,8,0.012426578439772129,0,0,5,3,1,2,1,2,2,1,2,1
7,36,9,0.01643136888742447,0,0,5,3,1,2,1,2,2,1,2,1
7,36,10,0.011871008202433586,0,0,5,3,1,2,1,2,2,1,2,1
7,36,11,0.12373457103967667,0,0,5,3,1,2,1,2,2,1,2,1
7,36,12,0.016837041825056076,0,0,5,3,1,2,1,2,2,1,2,1
7,36,14,0.1481316238641739,0,0,5,3,1,3,1,3,2,1,2,1
7,36,18,0.02391071431338787,0,0,5,3,1,3,1,3,2,1,2,1
7,36,19,0.010431721806526184,0,0,5,3,1,4,1,4,2,1,2,1
7,36,21,0.006115943659096956,0,0,5,3,1,4,1,4,2,1,2,1
7,36,22,0.003434420097619295,0,0,5,3,1,4,1,4,2,1,2,1
7,36,23,0.012920456938445568,0,0,5,3,1,4,1,4,2,1,2,1
7,36,24,0.002831398043781519,0,0,5,3,1,4,1,4,2,1,2,1
7,36,26,0.0013672782806679606,0,0,5,3,1,5,1,5,2,1,2,1
7,36,32,0.01969466358423233,0,0,5,4,1,2,1,2,2,1,2,1
7,36,34,0.0024161271285265684,0,0,5,4,1,4,1,4,2,1,2,1
7,36,35,0.0014548239996656775,0,0,5,4,1,5,1,5,2,1,2,1
7,36,38,0.09011267125606537,0,0,5,5,1,3,1,3,2,2,2,2
7,36,45,0.2770400643348694,0,1,5,6,1,5,1,5,2,1,2,5
7,36,46,0.015114330686628819,0,2,5,7,1,0,1,0,2,0,2,4
7,37,0,0.005686678923666477,0,0,5,1,2,0,2,0,2,2,2,4
7,37,2,0.0061897714622318745,0,0,5,3,2,1,2,1,2,1,2,1
7,37,4,0.4197022318840027,0,0,5,3,2,1,2,1,2,1,2,1
7,37,5,0.08641734719276428,0,0,5,3,2,1,2,1,2,1,2,1
7,37,6,0.08934224396944046,0,0,5,3,2,1,2,1,2,1,2,1
7,37,8,0.008753293193876743,0,0,5,3,2,2,2,2,2,1,2,1
7,37,9,0.050698164850473404,0,0,5,3,2,2,2,2,2,1,2,1
7,37,10,0.024374276399612427,0,0,5,3,2,2,2,2,2,1,2,1
7,37,11,0.10349675267934799,0,0,5,3,2,2,2,2,2,1,2,1
7,37,12,0.010499494150280952,0,0,5,3,2,2,2,2,2,1,2,1
7,37,14,0.10778290778398514,0,0,5,3,2,3,2,3,2,1,2,1
7,37,18,0.01723809354007244,0,0,5,3,2,3,2,3,2,1,2,1
7,37,19,0.0011488250456750393,0,0,5,3,2,4,2,4,2,1,2,1
7,37,21,0.00039297924377024174,0,0,5,3,2,4,2,4,2,1,2,1
7,37,22,0.00010572442261036485,0,0,5,3,2,4,2,4,2,1,2,1
7,37,23,0.0005641565658152103,0,0,5,3,2,4,2,4,2,1,2,1
7,37,24,0.00045463693095371127,0,0,5,3,2,4,2,4,2,1,2,1
7,37,26,4.486090983846225e-05,0,0,5,3,2,5,2,5,2,1,2,1
7,37,32,0.0028709108009934425,0,0,5,4,2,2,2,2,2,1,2,1
7,37,34,0.0008522046264261007,0,0,5,4,2,4,2,4,2,1,2,1
7,37,35,4.1430179408052936e-05,0,0,5,4,2,5,2,5,2,1,2,1
7,37,38,0.05847528576850891,0,0,5,5,2,3,2,3,2,2,2,2
7,37,45,0.0028054146096110344,0,1,5,6,2,5,2,5,2,1,2,5
7,37,46,0.00206235283985734,0,2,5,7,2,0,2,0,2,0,2,4
7,39,0,0.00882728397846222,0,0,5,1,4,0,4,0,2,2,2,4
7,39,2,0.012499755248427391,0,0,5,3,4,1,4,1,2,1,2,1
7,39,4,0.35234975814819336,0,0,5,3,4,1,4,1,2,1,2,1
7,39,5,0.09991474449634552,0,0,5,3,4,1,4,1,2,1,2,1
7,39,6,0.2629236578941345,0,0,5,3,4,1,4,1,2,1,2,1
7,39,8,0.020948227494955063,0,0,5,3,4,2,4,2,2,1,2,1
7,39,9,0.02802049182355404,0,0,5,3,4,2,4,2,2,1,2,1
7,39,10,0.05766591057181358,0,0,5,3,4,2,4,2,2,1,2,1
7,39,11,0.018604304641485214,0,0,5,3,4,2,4,2,2,1,2,1
7,39,12,0.005393496714532375,0,0,5,3,4,2,4,2,2,1,2,1
7,39,14,0.0570322684943676,0,0,5,3,4,3,4,3,2,1,2,1
7,39,18,0.02376355417072773,0,0,5,3,4,3,4,3,2,1,2,1
7,39,19,0.0026272092945873737,0,0,5,3,4,4,4,4,2,1,2,1
7,39,21,0.0023883807007223368,0,0,5,3,4,4,4,4,2,1,2,1
7,39,22,0.0006487244390882552,0,0,5,3,4,4,4,4,2,1,2,1
7,39,23,0.001374711631797254,0,0,5,3,4,4,4,4,2,1,2,1
7,39,24,0.0016174393240362406,0,0,5,3,4,4,4,4,2,1,2,1
7,39,26,0.00027658292674459517,0,0,5,3,4,5,4,5,2,1,2,1
7,39,32,0.0016464812215417624,0,0,5,4,4,2,4,2,2,1,2,1
7,39,34,0.0007988582365214825,0,0,5,4,4,4,4,4,2,1,2,1
7,39,35,0.0002410983433946967,0,0,5,4,4,5,4,5,2,1,2,1
7,39,38,0.01738034188747406,0,0,5,5,4,3,4,3,2,2,2,2
7,39,45,0.02251816913485527,0,1,5,6,4,5,4,5,2,1,2,5
7,39,46,0.0005387130659073591,0,2,5,7,4,0,4,0,2,0,2,4
7,40,0,0.023080861195921898,0,0,5,1,5,0,5,0,2,2,2,4
7,40,2,0.0003136588493362069,0,0,5,3,5,1,5,1,2,1,2,1
7,40,4,0.0035142640117555857,0,0,5,3,5,1,5,1,2,1,2,1
7,40,5,0.00032865017419680953,0,0,5,3,5,1,5,1,2,1,2,1
7,40,6,0.0004633776261471212,0,0,5,3,5,1,5,1,2,1,2,1
7,40,8,0.0038535534404218197,0,0,5,3,5,2,5,2,2,1,2,1
7,40,9,0.0021376085933297873,0,0,5,3,5,2,5,2,2,1,2,1
7,40,10,0.002165134297683835,0,0,5,3,5,2,5,2,2,1,2,1
7,40,11,0.03219156339764595,0,0,5,3,5,2,5,2,2,1,2,1
7,40,12,0.006279740948230028,0,0,5,3,5,2,5,2,2,1,2,1
7,40,14,0.014041410759091377,0,0,5,3,5,3,5,3,2,1,2,1
7,40,18,0.00869296956807375,0,0,5,3,5,3,5,3,2,1,2,1
7,40,19,0.0013064879458397627,0,0,5,3,5,4,5,4,2,1,2,1
7,40,21,0.0003308824962005019,0,0,5,3,5,4,5,4,2,1,2,1
7,40,22,0.00020257904543541372,0,0,5,3,5,4,5,4,2,1,2,1
7,40,23,0.0019534071907401085,0,0,5,3,5,4,5,4,2,1,2,1
7,40,24,0.0006144692888483405,0,0,5,3,5,4,5,4,2,1,2,1
7,40,26,7.45512152207084e-05,0,0,5,3,5,5,5,5,2,1,2,1
7,40,32,0.006610918790102005,0,0,5,4,5,2,5,2,2,1,2,1
7,40,34,0.0017450469313189387,0,0,5,4,5,4,5,4,2,1,2,1
7,40,35,0.0002500985574442893,0,0,5,4,5,5,5,5,2,1,2,1
7,40,38,0.8767074942588806,0,0,5,5,5,3,5,3,2,2,2,2
7,40,45,0.0019074658630415797,0,1,5,6,5,5,5,5,2,1,2,5
7,40,46,0.011234089732170105,0,2,5,7,5,0,5,0,2,0,2,4
7,41,0,0.00029960169922560453,1,0,6,1,1,0,1,0,1,2,5,4
7,41,2,0.015251568518579006,1,0,6,3,1,1,1,1,1,1,5,1
7,41,4,0.0046750325709581375,1,0,6,3,1,1,1,1,1,1,5,1
7,41,5,0.006802120711654425,1,0,6,3,1,1,1,1,1,1,5,1
7,41,6,0.0033798757940530777,1,0,6,3,1,1,1,1,1,1,5,1
7,41,8,0.000482563569676131,1,0,6,3,1,2,1,2,1,1,5,1
7,41,9,0.0022318698465824127,1,0,6,3,1,2,1,2,1,1,5,1
7,41,10,0.0004629816103260964,1,0,6,3,1,2,1,2,1,1,5,1
7,41,11,0.002024737186729908,1,0,6,3,1,2,1,2,1,1,5,1
7,41,12,0.0013450440019369125,1,0,6,3,1,2,1,2,1,1,5,1
7,41,14,0.003846033476293087,1,0,6,3,1,3,1,3,1,1,5,1
7,41,18,0.0008864112314768136,1,0,6,3,1,3,1,3,1,1,5,1
7,41,19,0.006507065147161484,1,0,6,3,1,4,1,4,1,1,5,1
7,41,21,0.010791536420583725,1,0,6,3,1,4,1,4,1,1,5,1
7,41,22,0.019142596051096916,1,0,6,3,1,4,1,4,1,1,5,1
7,41,23,0.006364400032907724,1,0,6,3,1,4,1,4,1,1,5,1
7,41,24,0.0018682752270251513,1,0,6,3,1,4,1,4,1,1,5,1
7,41,26,0.014667470939457417,1,0,6,3,1,5,1,5,1,1,5,1
7,41,32,0.004938090220093727,1,0,6,4,1,2,1,2,1,1,5,1
7,41,34,0.001311739208176732,1,0,6,4,1,4,1,4,1,1,5,1
7,41,35,0.017672646790742874,1,0,6,4,1,5,1,5,1,1,5,1
7,41,38,0.00016521972429472953,1,0,6,5,1,3,1,3,1,2,5,2
7,41,45,0.8722063302993774,1,1,6,6,1,5,1,5,1,1,5,5
7,41,46,0.0026767386589199305,1,2,6,7,1,0,1,0,1,0,5,4
7,42,0,0.0009178176987916231,1,0,6,1,2,0,2,0,1,2,5,4
7,42,2,0.0481245331466198,1,0,6,3,2,1,2,1,1,1,5,1
7,42,4,0.31202688813209534,1,0,6,3,2,1,2,1,1,1,5,1
7,42,5,0.03342350944876671,1,0,6,3,2,1,2,1,1,1,5,1
7,42,6,0.03218582272529602,1,0,6,3,2,1,2,1,1,1,5,1
7,42,8,0.0032121348194777966,1,0,6,3,2,2,2,2,1,1,5,1
7,42,9,0.018885159865021706,1,0,6,3,2,2,2,2,1,1,5,1
7,42,10,0.0013365063350647688,1,0,6,3,2,2,2,2,1,1,5,1
7,42,11,0.02713550068438053,1,0,6,3,2,2,2,2,1,1,5,1
7,42,12,0.03081272356212139,1,0,6,3,2,2,2,2,1,1,5,1
7,42,14,0.1352776437997818,1,0,6,3,2,3,2,3,1,1,5,1
7,42,18,0.00723755918443203,1,0,6,3,2,3,2,3,1,1,5,1
7,42,19,0.009480079635977745,1,0,6,3,2,4,2,4,1,1,5,1
7,42,21,0.0026694771368056536,1,0,6,3,2,4,2,4,1,1,5,1
7,42,22,0.009648293256759644,1,0,6,3,2,4,2,4,1,1,5,1
7,42,23,0.011327322572469711,1,0,6,3,2,4,2,4,1,1,5,1
7,42,24,0.0009958771988749504,1,0,6,3,2,4,2,4,1,1,5,1
7,42,26,0.0016854437999427319,1,0,6,3,2,5,2,5,1,1,5,1
7,42,32,0.012692330405116081,1,0,6,4,2,2,2,2,1,1,5,1
7,42,34,0.0017530019395053387,1,0,6,4,2,4,2,4,1,1,5,1
7,42,35,0.00493280403316021,1,0,6,4,2,5,2,5,1,1,5,1
7,42,38,0.021572688594460487,1,0,6,5,2,3,2,3,1,2,5,2
7,42,45,0.27055230736732483,1,1,6,6,2,5,2,5,1,1,5,5
7,42,46,0.0021142344921827316,1,2,6,7,2,0,2,0,1,0,5,4
7,43,0,0.00013023261271882802,1,0,6,1,3,0,3,0,1,2,5,4
7,43,2,0.010313625447452068,1,0,6,3,3,1,3,1,1,1,5,1
7,43,4,0.04006332531571388,1,0,6,3,3,1,3,1,1,1,5,1
7,43,5,0.033460430800914764,1,0,6,3,3,1,3,1,1,1,5,1
7,43,6,0.006725315935909748,1,0,6,3,3,1,3,1,1,1,5,1
7,43,8,7.424785871990025e-05,1,0,6,3,3,2,3,2,1,1,5,1
7,43,9,0.001914133783429861,1,0,6,3,3,2,3,2,1,1,5,1
7,43,10,0.00018393227946944535,1,0,6,3,3,2,3,2,1,1,5,1
7,43,11,0.001996399136260152,1,0,6,3,3,2,3,2,1,1,5,1
7,43,12,0.00011709013051586226,1,0,6,3,3,2,3,2,1,1,5,1
7,43,14,0.008116732351481915,1,0,6,3,3,3,3,3,1,1,5,1
7,43,18,0.00032359035685658455,1,0,6,3,3,3,3,3,1,1,5,1
7,43,19,0.00033117475686594844,1,0,6,3,3,4,3,4,1,1,5,1
7,43,21,0.0003029138024430722,1,0,6,3,3,4,3,4,1,1,5,1
7,43,22,8.629590593045577e-05,1,0,6,3,3,4,3,4,1,1,5,1
7,43,23,7.210732292151079e-05,1,0,6,3,3,4,3,4,1,1,5,1
7,43,24,5.960738053545356e-05,1,0,6,3,3,4,3,4,1,1,5,1
7,43,26,0.0002177010610466823,1,0,6,3,3,5,3,5,1,1,5,1
7,43,32,0.0012048939242959023,1,0,6,4,3,2,3,2,1,1,5,1
7,43,34,0.00015495745174121112,1,0,6,4,3,4,3,4,1,1,5,1
7,43,35,0.0012794164940714836,1,0,6,4,3,5,3,5,1,1,5,1
7,43,38,4.918673585052602e-05,1,0,6,5,3,3,3,3,1,2,5,2
7,43,45,0.8918835520744324,1,1,6,6,3,5,3,5,1,1,5,5
7,43,46,0.0009391075582243502,1,2,6,7,3,0,3,0,1,0,5,4
7,44,0,0.005375232081860304,1,0,6,1,4,0,4,0,1,2,5,4
7,44,2,0.030369818210601807,1,0,6,3,4,1,4,1,1,1,5,1
7,44,4,0.05355237051844597,1,0,6,3,4,1,4,1,1,1,5,1
7,44,5,0.056873418390750885,1,0,6,3,4,1,4,1,1,1,5,1
7,44,6,0.026468222960829735,1,0,6,3,4,1,4,1,1,1,5,1
7,44,8,0.002300345106050372,1,0,6,3,4,2,4,2,1,1,5,1
7,44,9,0.008638176135718822,1,0,6,3,4,2,4,2,1,1,5,1
7,44,10,0.0032355901785194874,1,0,6,3,4,2,4,2,1,1,5,1
7,44,11,0.008023757487535477,1,0,6,3,4,2,4,2,1,1,5,1
7,44,12,0.0024434232618659735,1,0,6,3,4,2,4,2,1,1,5,1
7,44,14,0.013016444630920887,1,0,6,3,4,3,4,3,1,1,5,1
7,44,18,0.0024630320258438587,1,0,6,3,4,3,4,3,1,1,5,1
7,44,19,0.002977916272357106,1,0,6,3,4,4,4,4,1,1,5,1
7,44,21,0.004470944404602051,1,0,6,3,4,4,4,4,1,1,5,1
7,44,22,0.002607970731332898,1,0,6,3,4,4,4,4,1,1,5,1
7,44,23,0.0018632977735251188,1,0,6,3,4,4,4,4,1,1,5,1
7,44,24,0.001841709017753601,1,0,6,3,4,4,4,4,1,1,5,1
7,44,26,0.0028674586210399866,1,0,6,3,4,5,4,5,1,1,5,1
7,44,32,0.012866937555372715,1,0,6,4,4,2,4,2,1,1,5,1
7,44,34,0.0021393827628344297,1,0,6,4,4,4,4,4,1,1,5,1
7,44,35,0.00810188613831997,1,0,6,4,4,5,4,5,1,1,5,1
7,44,38,0.0009443633607588708,1,0,6,5,4,3,4,3,1,2,5,2
7,44,45,0.7376112341880798,1,1,6,6,4,5,4,5,1,1,5,5
7,44,46,0.008947810158133507,1,2,6,7,4,0,4,0,1,0,5,4
