method,seed,runtime_sec,converged,n_iter,selected_ckpt_id,support_size,precision,recall,f1,auroc,auprc,fdr,tp,fp,fn,tn,train_mse,val_mse,test_mse,train_r2,val_r2,test_r2,train_nll,val_nll,test_nll,n,p,snr,n_active,sigma2,noise_x,group_size,setting
flow_stagewise,93,645.0001847743988,True,,120,8.0,0.5,0.4,0.4444444444444445,0.6777777777777777,0.26,0.5,4.0,4.0,6.0,86.0,13.597881317138672,13.7705717086792,13.961982727050781,0.42913160067641565,0.4730493015767996,0.4476744938473589,2.8707404136657715,2.883389949798584,2.896974563598633,1000,100,2.5,10,6.884339061381505,0.15,10,jitter
