method,seed,runtime_sec,converged,n_iter,support_size,precision,recall,f1,auroc,auprc,fdr,tp,fp,fn,tn,train_mse,val_mse,test_mse,train_r2,val_r2,test_r2,train_nll,val_nll,test_nll,n,p,snr,n_active,sigma2,setting
mf_spike_slab,48,0.02696215803734958,True,9,9.0,1.0,0.9,0.9473684210526316,1.0,1.0,0.0,9.0,0.0,1.0,90.0,3.9415689874292337,4.88578436279905,3.308703965631687,0.7201509403175179,0.6798933664309117,0.7514097133916995,2.104843330439749,2.2220653135103006,2.026274716957851,1000,100,2.5,10,4.052919387817383,simple
mf_ard,48,0.022080612019635737,True,14,32.0,0.3125,1.0,0.47619047619047616,1.0,1.0,0.6875,10.0,22.0,0.0,68.0,3.253393687916673,5.4024715801837315,3.9036542302936645,0.7690109783073409,0.6460410730254704,0.7067097769977921,2.0139412355641078,2.29904550087508,2.100207096314058,1000,100,2.5,10,4.052919387817383,simple
mf_bayes_lasso,48,0.021799245034344494,True,14,40.0,0.25,1.0,0.4,1.0,1.0,0.75,10.0,30.0,0.0,60.0,3.230314467592054,5.636325714455587,4.105950268818418,0.7706495892581191,0.6307194267739582,0.6915108257712834,2.00525138844444,2.3740935986783485,2.1394866064656757,1000,100,2.5,10,4.052919387817383,simple
