method,seed,runtime_sec,converged,n_iter,selected_ckpt_id,support_size,precision,recall,f1,auroc,auprc,fdr,tp,fp,fn,tn,train_mse,val_mse,test_mse,train_r2,val_r2,test_r2,train_nll,val_nll,test_nll,n,p,snr,n_active,sigma2,noise_x,group_size,setting
flow_stagewise,81,551.0658574104309,True,,19,7.0,0.8571428571428571,0.6,0.7058823529411764,0.7944444444444445,0.5542857142857143,0.14285714285714285,6.0,1.0,4.0,89.0,10.752053260803223,12.792854309082031,9.9817476272583,0.5007569439747342,0.45442235772243444,0.49168483451196654,2.6880433559417725,2.843045949935913,2.62565541267395,1000,100,2.5,10,6.227754408848294,0.15,10,jitter
