method,seed,runtime_sec,converged,n_iter,selected_ckpt_id,support_size,precision,recall,f1,auroc,auprc,fdr,tp,fp,fn,tn,train_mse,val_mse,test_mse,train_r2,val_r2,test_r2,train_nll,val_nll,test_nll,n,p,snr,n_active,sigma2,setting
flow_stagewise,1,551.3594927787781,True,,71,10.0,1.0,1.0,1.0,1.0,1.0,0.0,10.0,0.0,0.0,90.0,6.033864974975586,6.018402576446533,6.540011405944824,0.6871562560284679,0.7274203307417413,0.7000702074683594,2.318364143371582,2.3170111179351807,2.362616777420044,1000,100,2.5,10,5.7187910079956055,simple
