method,seed,runtime_sec,converged,n_iter,support_size,precision,recall,f1,auroc,auprc,fdr,tp,fp,fn,tn,train_mse,val_mse,test_mse,train_r2,val_r2,test_r2,train_nll,val_nll,test_nll,n,p,snr,n_active,sigma2,setting
mf_spike_slab,88,0.020285143982619047,True,8,10.0,1.0,1.0,1.0,1.0,1.0,0.0,10.0,0.0,0.0,90.0,6.30352048137945,6.585431026774199,7.193256790976034,0.6984601330877531,0.6942781611110571,0.6391987517626789,2.3395459388676816,2.361582486838336,2.40909536576196,1000,100,2.5,10,6.049195289611816,simple
mf_ard,88,0.01903343398589641,True,13,25.0,0.4,1.0,0.5714285714285715,1.0,1.0,0.6,10.0,15.0,0.0,75.0,5.643017119450658,7.030976739405483,7.676361796719054,0.7300564603209938,0.6735941612299676,0.6149670450174886,2.2884259590368092,2.396012552858013,2.4460390658928297,1000,100,2.5,10,6.049195289611816,simple
mf_bayes_lasso,88,0.022355040069669485,True,15,41.0,0.24390243902439024,1.0,0.39215686274509803,1.0,1.0,0.7560975609756098,10.0,31.0,0.0,59.0,5.592069565710126,7.408124338145042,8.112938246400974,0.7324936251751107,0.6560854731956649,0.5930691297096602,2.2796292489818057,2.440711660672227,2.503228015276772,1000,100,2.5,10,6.049195289611816,simple
