method,seed,runtime_sec,converged,n_iter,selected_ckpt_id,support_size,precision,recall,f1,auroc,auprc,fdr,tp,fp,fn,tn,train_mse,val_mse,test_mse,train_r2,val_r2,test_r2,train_nll,val_nll,test_nll,n,p,snr,n_active,sigma2,noise_x,group_size,setting
flow_stagewise,77,4076.887142419815,True,,228,9.0,0.5555555555555556,0.5,0.5263157894736842,0.7277777777777777,0.3277777777777778,0.4444444444444444,5.0,4.0,5.0,86.0,12.580018043518066,12.046195983886719,13.976351737976074,0.3661218332593592,0.3502315911459062,0.2775202978052619,2.821535587310791,2.7800686359405518,2.9043004512786865,1000,100,2.5,10,5.683247179979924,0.15,10,jitter
