method,seed,runtime_sec,converged,n_iter,support_size,precision,recall,f1,auroc,auprc,fdr,tp,fp,fn,tn,train_mse,val_mse,test_mse,train_r2,val_r2,test_r2,train_nll,val_nll,test_nll,n,p,snr,n_active,sigma2,setting
mf_spike_slab,1,0.022586637060157955,True,9,11.0,0.9090909090909091,1.0,0.9523809523809523,1.0,1.0,0.09090909090909091,10.0,1.0,0.0,89.0,5.886034605041124,6.028869071647075,6.663464493664678,0.6948209351993095,0.7269462912664149,0.6944085789382145,2.3053279626668224,2.317222453856866,2.3700681698509927,1000,100,2.5,10,5.7187910079956055,simple
mf_ard,1,0.021476706955581903,True,14,25.0,0.4,1.0,0.5714285714285715,1.0,1.0,0.6,10.0,15.0,0.0,75.0,5.181080570487403,6.15026955806145,7.118876872942028,0.7313713851080346,0.721447937816777,0.6735230296440282,2.2459000992975993,2.327495585202482,2.409042100404364,1000,100,2.5,10,5.7187910079956055,simple
mf_bayes_lasso,1,0.02179160702507943,True,14,46.0,0.21739130434782608,1.0,0.3571428571428571,1.0,1.0,0.782608695652174,10.0,36.0,0.0,54.0,5.1339467094201074,6.3570087550221475,7.474096108973081,0.7338151810769954,0.7120845060023091,0.6572324121686266,2.2368957035121273,2.3549534671433636,2.462781876390799,1000,100,2.5,10,5.7187910079956055,simple
