method,seed,runtime_sec,converged,n_iter,selected_ckpt_id,support_size,precision,recall,f1,auroc,auprc,fdr,tp,fp,fn,tn,train_mse,val_mse,test_mse,train_r2,val_r2,test_r2,train_nll,val_nll,test_nll,n,p,snr,n_active,sigma2,noise_x,group_size,setting
flow_stagewise,20,845.5141458511353,True,,74,14.0,0.42857142857142855,0.6,0.5,0.7555555555555555,0.29714285714285715,0.5714285714285714,6.0,8.0,4.0,82.0,16.244590759277344,14.530569076538086,17.676414489746094,0.4360365278887013,0.47496204940951636,0.318425362857262,2.851940393447876,2.793447971343994,2.86093807220459,1000,100,2.5,10,8.08363314428528,0.15,10,jitter
