method,seed,runtime_sec,converged,n_iter,support_size,precision,recall,f1,auroc,auprc,fdr,tp,fp,fn,tn,train_mse,val_mse,test_mse,train_r2,val_r2,test_r2,train_nll,val_nll,test_nll,n,p,snr,n_active,sigma2,setting,selected_ckpt_id,noise_x,group_size
mf_spike_slab,100,0.017700675001833588,True,7,10.0,0.2,0.2,0.20000000000000004,0.8088888888888889,0.2447839423449179,0.8,2.0,8.0,8.0,82.0,7.301221645102541,7.346424180132487,7.419176654506185,0.6901695227077094,0.6613758739068745,0.6981797366218473,2.4129932738902,2.4160529132243687,2.4209773346556975,1000,100,2.5,10,6.523071413718097,jitter,,,
mf_ard,100,1.2868964740191586,True,908,14.0,0.35714285714285715,0.5,0.41666666666666663,0.8566666666666667,0.3428441948122799,0.6428571428571429,5.0,9.0,5.0,81.0,6.029057363587308,7.419570772955881,7.177537697094227,0.7441543605465192,0.6580042742736139,0.7080098750812412,2.3213004409891393,2.4225290547282543,2.404909179519992,1000,100,2.5,10,6.523071413718097,jitter,,,
mf_bayes_lasso,100,1.444171518960502,False,1000,74.0,0.12162162162162163,0.9,0.2142857142857143,0.7722222222222221,0.25567364411635823,0.8783783783783784,9.0,65.0,1.0,25.0,5.370048065177472,8.506850193015703,7.34901114145647,0.7721197032509605,0.6078875052974235,0.7010341468367416,2.2596524241787326,2.5417911825095216,2.4376496845633473,1000,100,2.5,10,6.523071413718097,jitter,,,
flow_stagewise,100,901.0633556842804,True,,8.0,0.5,0.4,0.4444444444444445,0.6777777777777777,0.26,0.5,4.0,4.0,6.0,86.0,12.46501636505127,14.799541473388672,15.830875396728516,0.4710417240938942,0.31783386449161855,0.3559826044603408,2.8068954944610596,2.983886480331421,3.059171676635742,1000,100,2.5,10,6.523071413718097,jitter,223.0,0.15,10.0
