method,seed,runtime_sec,converged,n_iter,support_size,precision,recall,f1,auroc,auprc,fdr,tp,fp,fn,tn,train_mse,val_mse,test_mse,train_r2,val_r2,test_r2,train_nll,val_nll,test_nll,n,p,snr,n_active,sigma2,setting
mf_spike_slab,2,0.0791862029582262,True,35,10.0,1.0,1.0,1.0,1.0,1.0,0.0,10.0,0.0,0.0,90.0,7.181726805906245,7.944418900473448,8.079836284914002,0.7327625552964778,0.6497716738073862,0.6878392145125569,2.404758521644253,2.457110161395839,2.4664052913399312,1000,100,2.5,10,7.549981645164252,block_corr
mf_ard,2,0.11355781008023769,True,79,34.0,0.29411764705882354,1.0,0.45454545454545453,1.0,1.0,0.7058823529411765,10.0,24.0,0.0,66.0,6.2968271454553175,8.449585850316469,8.558809938572924,0.765690335824615,0.6275014766403152,0.6693342861103408,2.343270466914149,2.4927395947441164,2.5003231800167485,1000,100,2.5,10,7.549981645164252,block_corr
mf_bayes_lasso,2,0.11093617195729166,True,75,70.0,0.14285714285714285,1.0,0.25,0.9988888888888889,0.990909090909091,0.8571428571428571,10.0,60.0,0.0,30.0,6.033753370331508,9.072997093140955,9.197085711095662,0.7754795084473858,0.6000185003724015,0.6446747930856722,2.317687541988492,2.565521163578844,2.5756399083688892,1000,100,2.5,10,7.549981645164252,block_corr
