method,seed,runtime_sec,converged,n_iter,selected_ckpt_id,support_size,precision,recall,f1,auroc,auprc,fdr,tp,fp,fn,tn,train_mse,val_mse,test_mse,train_r2,val_r2,test_r2,train_nll,val_nll,test_nll,n,p,snr,n_active,sigma2,rho,block_size,setting
flow_stagewise,73,829.2507877349854,True,,102,11.0,0.9090909090909091,1.0,0.9523809523809523,0.9944444444444445,0.9090909090909091,0.09090909090909091,10.0,1.0,0.0,89.0,8.108321189880371,7.6257195472717285,6.268243312835693,0.6992828124285067,0.700929093793045,0.7527725638255637,2.466445207595825,2.43471360206604,2.3454275131225586,1000,100,2.5,10,7.600937403945619,0.8,10,block_corr
