method,seed,runtime_sec,converged,n_iter,support_size,precision,recall,f1,auroc,auprc,fdr,tp,fp,fn,tn,train_mse,val_mse,test_mse,train_r2,val_r2,test_r2,train_nll,val_nll,test_nll,n,p,snr,n_active,sigma2,setting
mf_spike_slab,53,0.020056075998581946,True,8,10.0,1.0,1.0,1.0,1.0,1.0,0.0,10.0,0.0,0.0,90.0,6.288810664436877,5.913697456636303,6.432298274389268,0.7318647578058979,0.7087373515334179,0.725087904164011,2.3384194559977685,2.3091730124708545,2.349606751443562,1000,100,2.5,10,6.473557472229004,simple
mf_ard,53,0.022513461066409945,True,15,35.0,0.2857142857142857,1.0,0.4444444444444445,1.0,1.0,0.7142857142857143,10.0,25.0,0.0,65.0,5.343290363217795,6.313871987056677,6.805177659714361,0.7721787899011097,0.6890278729147051,0.709151290384469,2.261336034508205,2.340540955582217,2.3806342625955446,1000,100,2.5,10,6.473557472229004,simple
mf_bayes_lasso,53,0.02135634294245392,True,14,49.0,0.20408163265306123,1.0,0.3389830508474576,1.0,1.0,0.7959183673469388,10.0,39.0,0.0,51.0,5.2956685745431225,6.668563117480729,7.103227117395105,0.7742092342126563,0.6715585521061163,0.6964128573114826,2.252409499363848,2.3807076073021443,2.421327310443058,1000,100,2.5,10,6.473557472229004,simple
