{
  "sim": "block_corr",
  "n": 1000,
  "p": 100,
  "n_active": 10,
  "active_idx": [
    33,
    42,
    46,
    47,
    48,
    60,
    73,
    91,
    92,
    95
  ],
  "snr": 2.5,
  "sigma2": 3.9013097653092736,
  "sigma": 1.9751733506984326,
  "rho": 0.8,
  "block_size": 10,
  "beta_low": 0.8,
  "beta_high": 1.8,
  "setting": "block_corr",
  "seed": 47
}