method,seed,runtime_sec,converged,n_iter,support_size,precision,recall,f1,auroc,auprc,fdr,tp,fp,fn,tn,train_mse,val_mse,test_mse,train_r2,val_r2,test_r2,train_nll,val_nll,test_nll,n,p,snr,n_active,sigma2,setting
mf_spike_slab,37,0.02759708696976304,True,7,10.0,0.1,0.1,0.10000000000000002,0.7583333333333333,0.23988109693923648,0.9,1.0,9.0,9.0,81.0,8.206589891395708,9.73388359015275,8.32414931119382,0.6744377221329201,0.6525089326307677,0.6998233323626171,2.471440956266143,2.563417884899493,2.4785206386964105,1000,100,2.5,10,8.236212844599041,jitter
mf_ard,37,0.3675669189542532,True,233,15.0,0.4666666666666667,0.7,0.56,0.8766666666666666,0.6741661643560377,0.5333333333333333,7.0,8.0,3.0,82.0,7.03963622537651,9.183880749532536,7.860650311231459,0.72073174909202,0.6721435494179024,0.7165375430357563,2.3984534232222954,2.5328829433052373,2.449925411747605,1000,100,2.5,10,8.236212844599041,jitter
mf_bayes_lasso,37,1.606511828955263,False,1000,80.0,0.1125,0.9,0.2,0.815,0.40345487845487843,0.8875,9.0,71.0,1.0,19.0,6.315888097347605,9.833348999662654,8.709620638543582,0.7494434420462602,0.6489581051530404,0.6859228730858942,2.340691133223497,2.6110027276620804,2.5246458886109253,1000,100,2.5,10,8.236212844599041,jitter
