method,seed,runtime_sec,converged,n_iter,support_size,precision,recall,f1,auroc,auprc,fdr,tp,fp,fn,tn,train_mse,val_mse,test_mse,train_r2,val_r2,test_r2,train_nll,val_nll,test_nll,n,p,snr,n_active,sigma2,setting,selected_ckpt_id,noise_x,group_size
mf_spike_slab,76,0.022314562927931547,True,7,10.0,0.1,0.1,0.10000000000000002,0.7166666666666667,0.20021925083114403,0.9,1.0,9.0,9.0,81.0,6.049309101762914,5.802636088394138,7.419685382166319,0.6897833205662571,0.7017596718866791,0.6661807870254182,2.3189441587534105,2.2987910561524427,2.4309034420318563,1000,100,2.5,10,5.746373811916891,jitter,,,
mf_ard,76,0.9713494200259447,True,686,18.0,0.3333333333333333,0.6,0.42857142857142855,0.8044444444444445,0.4740337832102538,0.6666666666666666,6.0,12.0,4.0,78.0,5.156420041730902,5.1387161838519635,6.409744029716555,0.7355718684229247,0.7358834196377502,0.711619078551309,2.243361157185083,2.2418599161363097,2.3496397678157424,1000,100,2.5,10,5.746373811916891,jitter,,,
mf_bayes_lasso,76,1.3949861580040306,False,1000,75.0,0.13333333333333333,1.0,0.23529411764705882,0.7644444444444445,0.25547442500573425,0.8666666666666667,10.0,65.0,0.0,25.0,4.654856544626226,5.465527261042939,6.5741907735483025,0.7612927168668644,0.7190861844832914,0.7042204518205731,2.1881147691203533,2.2726310824796996,2.3882145751796027,1000,100,2.5,10,5.746373811916891,jitter,,,
flow_stagewise,76,649.0133411884308,True,,7.0,0.7142857142857143,0.5,0.588235294117647,0.7388888888888888,0.40714285714285714,0.2857142857142857,5.0,2.0,5.0,88.0,11.984256744384766,12.15591812133789,13.369128227233887,0.38543128446977615,0.37521756209613255,0.39850927703626926,2.8326892852783203,2.8463051319122314,2.951352596282959,1000,100,2.5,10,5.746373811916891,jitter,123.0,0.15,10.0
