method,seed,runtime_sec,converged,n_iter,selected_ckpt_id,support_size,precision,recall,f1,auroc,auprc,fdr,tp,fp,fn,tn,train_mse,val_mse,test_mse,train_r2,val_r2,test_r2,train_nll,val_nll,test_nll,n,p,snr,n_active,sigma2,noise_x,group_size,setting
flow_stagewise,40,520.1172385215759,True,,106,5.0,0.8,0.4,0.5333333333333333,0.6944444444444444,0.38000000000000006,0.2,4.0,1.0,6.0,89.0,17.64454460144043,17.153858184814453,19.111913681030273,0.4087969904556189,0.39939681702247254,0.3565570115504668,3.022782802581787,2.994046688079834,3.1085379123687744,1000,100,2.5,10,8.557328158945795,0.15,10,jitter
