{
  "n": 1000,
  "p": 100,
  "n_active": 10,
  "sigma2": 8.706111907958984,
  "sigma": 2.9506120681762695,
  "active_idx": [
    5,
    14,
    22,
    30,
    38,
    71,
    72,
    86,
    94,
    98
  ],
  "snr": 2.5,
  "setting": "simple",
  "seed": 16
}