method,seed,runtime_sec,converged,n_iter,support_size,precision,recall,f1,auroc,auprc,fdr,tp,fp,fn,tn,train_mse,val_mse,test_mse,train_r2,val_r2,test_r2,train_nll,val_nll,test_nll,n,p,snr,n_active,sigma2,setting,selected_ckpt_id
mf_spike_slab,16,0.026515156030654907,True,8,10.0,1.0,1.0,1.0,1.0,1.0,0.0,10.0,0.0,0.0,90.0,8.611834112509298,8.341824598144916,8.829870297088476,0.6991595222566631,0.702807379790573,0.6721897387945581,2.4955916408923704,2.4802013480400027,2.5080195019660283,1000,100,2.5,10,8.706111907958984,simple,
mf_ard,16,0.029797993949614465,True,15,35.0,0.2857142857142857,1.0,0.4444444444444445,1.0,1.0,0.7142857142857143,10.0,25.0,0.0,65.0,7.637007917986432,9.159353557780847,9.546455220631323,0.7332134966186388,0.6736814288966498,0.6455864158624061,2.439326045696939,2.527081809595009,2.5493963229628434,1000,100,2.5,10,8.706111907958984,simple,
mf_bayes_lasso,16,0.02847929997369647,True,14,51.0,0.19607843137254902,1.0,0.3278688524590164,1.0,1.0,0.803921568627451,10.0,41.0,0.0,49.0,7.557300007507414,9.852378974313318,10.045511167694507,0.7359979633832272,0.6489911423786598,0.6270588888593362,2.4302140022127126,2.5807575074688405,2.5934258285984937,1000,100,2.5,10,8.706111907958984,simple,
flow_stagewise,16,5604.778080701828,True,,10.0,1.0,1.0,1.0,1.0,1.0,0.0,10.0,0.0,0.0,90.0,8.759133338928223,8.393477439880371,8.553991317749023,0.6940138894290371,0.700967142702692,0.682431773472775,2.503988742828369,2.482992649078369,2.492218255996704,1000,100,2.5,10,8.706111907958984,simple,25.0
