method,seed,runtime_sec,converged,n_iter,support_size,precision,recall,f1,auroc,auprc,fdr,tp,fp,fn,tn,train_mse,val_mse,test_mse,train_r2,val_r2,test_r2,train_nll,val_nll,test_nll,n,p,snr,n_active,sigma2,setting
mf_spike_slab,63,0.03085779503453523,True,8,10.0,1.0,1.0,1.0,1.0,1.0,0.0,10.0,0.0,0.0,90.0,3.7174218209955234,4.020724829756114,4.2778845058497215,0.7239397231407529,0.696751054552857,0.7007289513858088,2.0755612328450366,2.115515879008411,2.149391981681426,1000,100,2.5,10,4.198496341705322,simple
mf_ard,63,0.02080412593204528,True,14,23.0,0.43478260869565216,1.0,0.6060606060606061,1.0,1.0,0.5652173913043478,10.0,13.0,0.0,77.0,3.2008328001951902,4.239018909528618,4.79977944804872,0.762302253671764,0.6802869958840171,0.6642183708863214,2.0057626435211264,2.1458250449302487,2.2214776345136573,1000,100,2.5,10,4.198496341705322,simple
mf_bayes_lasso,63,0.020938087021932006,True,14,35.0,0.2857142857142857,1.0,0.4444444444444445,1.0,1.0,0.7142857142857143,10.0,25.0,0.0,65.0,3.1818512913330057,4.341952883808764,5.029277559493084,0.7637118436628987,0.6725235650418644,0.648163206149402,1.9976907750770085,2.1783389633373598,2.285367484127534,1000,100,2.5,10,4.198496341705322,simple
