{
  "sim": "block_corr",
  "n": 1000,
  "p": 100,
  "n_active": 10,
  "active_idx": [
    2,
    11,
    13,
    19,
    24,
    61,
    83,
    87,
    88,
    91
  ],
  "snr": 2.5,
  "sigma2": 7.2999625172719975,
  "sigma": 2.701844280722336,
  "rho": 0.8,
  "block_size": 10,
  "beta_low": 0.8,
  "beta_high": 1.8,
  "setting": "block_corr",
  "seed": 7
}