method,seed,runtime_sec,converged,n_iter,support_size,precision,recall,f1,auroc,auprc,fdr,tp,fp,fn,tn,train_mse,val_mse,test_mse,train_r2,val_r2,test_r2,train_nll,val_nll,test_nll,n,p,snr,n_active,sigma2,setting,selected_ckpt_id,rho,block_size
mf_spike_slab,7,0.051655999035574496,True,22,9.0,1.0,0.9,0.9473684210526316,0.9933333333333334,0.9625,0.0,9.0,0.0,1.0,90.0,7.865098229182926,7.1817066838889785,6.867549748784915,0.7092669642094653,0.7248704384305302,0.7358995548540079,2.4501996821586065,2.4073265606439413,2.3876176711410757,1000,100,2.5,10,7.2999625172719975,block_corr,,,
mf_ard,7,0.10872991499491036,True,74,33.0,0.30303030303030304,1.0,0.4651162790697675,1.0,1.0,0.696969696969697,10.0,23.0,0.0,67.0,7.07095239168006,7.365319038790225,7.130833917319335,0.7386225327567142,0.7178362905703781,0.7257746240339384,2.4009475629625348,2.4192362039722344,2.4046679291666577,1000,100,2.5,10,7.2999625172719975,block_corr,,,
mf_bayes_lasso,7,0.107379503082484,True,72,68.0,0.14705882352941177,1.0,0.25641025641025644,0.9955555555555556,0.9714285714285714,0.8529411764705882,10.0,58.0,0.0,32.0,6.817262064656727,8.008019800918792,8.009436653990733,0.7480001853653644,0.6932145694826208,0.6919868274617391,2.3787060123092365,2.4649605535120678,2.46506318564953,1000,100,2.5,10,7.2999625172719975,block_corr,,,
flow_stagewise,7,5092.228927850723,True,,10.0,1.0,1.0,1.0,1.0,1.0,0.0,10.0,0.0,0.0,90.0,8.186793327331543,6.871497631072998,7.124258041381836,0.6973754998602383,0.7367544851474341,0.7260274898615667,2.473576545715332,2.383549213409424,2.4008312225341797,1000,100,2.5,10,7.2999625172719975,block_corr,30.0,0.8,10.0
