method,seed,runtime_sec,converged,n_iter,support_size,precision,recall,f1,auroc,auprc,fdr,tp,fp,fn,tn,train_mse,val_mse,test_mse,train_r2,val_r2,test_r2,train_nll,val_nll,test_nll,n,p,snr,n_active,sigma2,setting
mf_spike_slab,32,0.031133812037296593,True,10,9.0,1.0,0.9,0.9473684210526316,1.0,1.0,0.0,9.0,0.0,1.0,90.0,6.163516096874114,6.936609440629398,6.9239445292653246,0.7436603560635107,0.7266341702519208,0.683585486376341,2.3283649248426284,2.389817738098391,2.388811010464214,1000,100,2.5,10,6.9838666915893555,simple
mf_ard,32,0.02461795706767589,True,16,24.0,0.4166666666666667,1.0,0.5882352941176471,1.0,1.0,0.5833333333333334,10.0,14.0,0.0,76.0,5.503691916333142,7.3434979582068625,7.267717271649176,0.7711023376925259,0.7105990426907476,0.6678755562030558,2.275951037338829,2.422114126039194,2.416093741847051,1000,100,2.5,10,6.9838666915893555,simple
mf_bayes_lasso,32,0.023411659989506006,True,15,42.0,0.23809523809523808,1.0,0.3846153846153846,1.0,1.0,0.7619047619047619,10.0,32.0,0.0,58.0,5.451228085675819,7.691214987598171,7.643720727449831,0.7732842999781542,0.6968958127380365,0.6506927278188713,2.26688114659811,2.470410235626275,2.466094824900541,1000,100,2.5,10,6.9838666915893555,simple
