method,seed,runtime_sec,converged,n_iter,support_size,precision,recall,f1,auroc,auprc,fdr,tp,fp,fn,tn,train_mse,val_mse,test_mse,train_r2,val_r2,test_r2,train_nll,val_nll,test_nll,n,p,snr,n_active,sigma2,setting
mf_spike_slab,2,0.020233426010236144,True,7,10.0,1.0,1.0,1.0,1.0,1.0,0.0,10.0,0.0,0.0,90.0,5.518346600330609,6.1287730255609585,6.467377879040325,0.7135292328596343,0.692935157170028,0.6923043721258316,2.273024934337719,2.327576796685173,2.357836832282773,1000,100,2.5,10,5.852900505065918,simple
mf_ard,2,0.020467494963668287,True,14,29.0,0.3448275862068966,1.0,0.5128205128205129,1.0,1.0,0.6551724137931034,10.0,19.0,0.0,71.0,4.916559236378752,6.626766292476943,6.485496615388095,0.7447694756882269,0.6679846126486072,0.6914423448775273,2.2197394609098158,2.371368426359102,2.3588432909318127,1000,100,2.5,10,5.852900505065918,simple
mf_bayes_lasso,2,0.02260644396301359,True,15,44.0,0.22727272727272727,1.0,0.37037037037037035,1.0,1.0,0.7727272727272727,10.0,34.0,0.0,56.0,4.873879209590091,6.938185717789034,6.6466218985098795,0.7469850994794158,0.6523818229076859,0.6837765572764605,2.2109047708028537,2.420735257928973,2.3910986811974126,1000,100,2.5,10,5.852900505065918,simple
