{
  "n": 1000,
  "p": 100,
  "n_active": 10,
  "sigma2": 8.557168960571289,
  "sigma": 2.9252638816833496,
  "active_idx": [
    4,
    20,
    43,
    48,
    51,
    68,
    73,
    75,
    86,
    99
  ],
  "snr": 2.5,
  "setting": "simple",
  "seed": 60
}