method,seed,runtime_sec,converged,n_iter,selected_ckpt_id,support_size,precision,recall,f1,auroc,auprc,fdr,tp,fp,fn,tn,train_mse,val_mse,test_mse,train_r2,val_r2,test_r2,train_nll,val_nll,test_nll,n,p,snr,n_active,sigma2,noise_x,group_size,setting
flow_stagewise,70,709.7545595169067,True,,129,10.0,0.7,0.7,0.7,0.8333333333333334,0.5199999999999999,0.3,7.0,3.0,3.0,87.0,15.320651054382324,15.943205833435059,15.190993309020996,0.41845214618344795,0.44288206379276895,0.3798012906073286,2.969864845275879,3.0130231380462646,2.9628288745880127,1000,100,2.5,10,7.139204123707913,0.15,10,jitter
