method,seed,runtime_sec,converged,n_iter,support_size,precision,recall,f1,auroc,auprc,fdr,tp,fp,fn,tn,train_mse,val_mse,test_mse,train_r2,val_r2,test_r2,train_nll,val_nll,test_nll,n,p,snr,n_active,sigma2,setting
mf_spike_slab,8,0.08412184601183981,True,32,10.0,0.9,0.9,0.9,0.9966666666666667,0.976923076923077,0.1,9.0,1.0,1.0,89.0,7.163869244107153,8.449663947268851,7.660795970506517,0.6966504872738215,0.6833189424221691,0.7159098805350657,2.4035312037459367,2.4918057127489073,2.4376470409596793,1000,100,2.5,10,7.279949661783107,block_corr
mf_ard,8,0.13020518992561847,True,91,42.0,0.23809523809523808,1.0,0.3846153846153846,1.0,1.0,0.7619047619047619,10.0,32.0,0.0,58.0,6.1819377482935085,8.73216426336018,7.89576709664213,0.7382297554926793,0.6727312433818078,0.7071962983496544,2.3341446515747886,2.5142691466215097,2.4551937600142697,1000,100,2.5,10,7.279949661783107,block_corr
mf_bayes_lasso,8,0.10583905503153801,True,73,72.0,0.1388888888888889,1.0,0.24390243902439027,1.0,1.0,0.8611111111111112,10.0,62.0,0.0,28.0,5.890140712095289,9.644316071153828,8.383058951857942,0.7505857164586732,0.6385451265177176,0.6891257477312183,2.3056454159928346,2.619142120788407,2.5138194032853085,1000,100,2.5,10,7.279949661783107,block_corr
