{
  "sim": "block_corr",
  "n": 1000,
  "p": 100,
  "n_active": 10,
  "active_idx": [
    26,
    31,
    35,
    47,
    48,
    52,
    64,
    76,
    82,
    89
  ],
  "snr": 2.5,
  "sigma2": 7.815059907441132,
  "sigma": 2.795542864532957,
  "rho": 0.8,
  "block_size": 10,
  "beta_low": 0.8,
  "beta_high": 1.8,
  "setting": "block_corr",
  "seed": 31
}