method,seed,runtime_sec,converged,n_iter,support_size,precision,recall,f1,auroc,auprc,fdr,tp,fp,fn,tn,train_mse,val_mse,test_mse,train_r2,val_r2,test_r2,train_nll,val_nll,test_nll,n,p,snr,n_active,sigma2,setting,selected_ckpt_id,rho,block_size
mf_spike_slab,31,0.08130860503297299,True,33,10.0,1.0,1.0,1.0,1.0,1.0,0.0,10.0,0.0,0.0,90.0,7.414705181060384,6.681828075552672,8.71386954404805,0.7305959064060514,0.7367038213079192,0.6700099454298956,2.4207193310246553,2.371981790712331,2.5071159110755237,1000,100,2.5,10,7.815059907441132,block_corr,,,
mf_ard,31,0.11345869407523423,True,77,29.0,0.3448275862068966,1.0,0.5128205128205129,1.0,1.0,0.6551724137931034,10.0,19.0,0.0,71.0,6.802596428972385,7.225053221984299,9.156867686103146,0.7528361168406364,0.7152981365749933,0.6532338185516746,2.3816240918331966,2.4088963799891423,2.5336073601432405,1000,100,2.5,10,7.815059907441132,block_corr,,,
mf_bayes_lasso,31,0.11350006202701479,True,75,71.0,0.14084507042253522,1.0,0.2469135802469136,1.0,1.0,0.8591549295774648,10.0,61.0,0.0,29.0,6.569195665144024,7.635580302370181,10.043344353165097,0.761316443392787,0.6991213941785978,0.6196633729235659,2.360173161723088,2.440330080620227,2.621314446866385,1000,100,2.5,10,7.815059907441132,block_corr,,,
flow_stagewise,31,1004.1669585704803,True,,10.0,1.0,1.0,1.0,1.0,1.0,0.0,10.0,0.0,0.0,90.0,7.674664497375488,6.646856784820557,8.881800651550293,0.7211505879339042,0.7380818475316531,0.6636504646875034,2.4379825592041016,2.3722269535064697,2.5152111053466797,1000,100,2.5,10,7.815059907441132,block_corr,49.0,0.8,10.0
