coupling_layer,target_coord,fixed_coord,mean_attention,target_latent_type,fixed_latent_type,target_parameter_type,fixed_parameter_type,target_group,fixed_group,target_unit,fixed_unit,target_layer,fixed_layer,target_side,fixed_side
0,4,0,4.306248592911288e-05,0,0,3,1,4,0,1,0,1,2,1,4
0,4,1,0.00017551313794683665,0,0,3,3,4,1,1,1,1,1,1,1
0,4,2,3.1100202591005655e-07,0,0,3,3,4,2,1,1,1,1,1,1
0,4,3,6.533258556373767e-07,0,0,3,3,4,3,1,1,1,1,1,1
0,4,5,5.888102236895065e-07,0,0,3,3,4,5,1,1,1,1,1,1
0,4,6,2.86161284748232e-05,0,0,3,3,4,6,1,1,1,1,1,1
0,4,7,1.5352783293565153e-06,0,0,3,3,4,1,1,2,1,1,1,1
0,4,11,4.913606517220614e-07,0,0,3,3,4,5,1,2,1,1,1,1
0,4,13,5.900981341255829e-05,0,0,3,3,4,1,1,3,1,1,1,1
0,4,18,7.906011887826025e-05,0,0,3,3,4,6,1,3,1,1,1,1
0,4,23,5.826072083436884e-05,0,0,3,3,4,5,1,4,1,1,1,1
0,4,24,0.00047923275269567966,0,0,3,3,4,6,1,4,1,1,1,1
0,4,25,7.2598459155415185e-06,0,0,3,3,4,1,1,5,1,1,1,1
0,4,26,6.003295993650681e-07,0,0,3,3,4,2,1,5,1,1,1,1
0,4,28,1.4711408766743261e-06,0,0,3,3,4,4,1,5,1,1,1,1
0,4,31,1.6972733192233136e-06,0,0,3,4,4,1,1,1,1,1,1,1
0,4,32,5.347163209989958e-07,0,0,3,4,4,2,1,2,1,1,1,1
0,4,33,5.638394577545114e-05,0,0,3,4,4,3,1,3,1,1,1,1
0,4,34,5.811776645714417e-06,0,0,3,4,4,4,1,4,1,1,1,1
0,4,38,0.033957891166210175,0,0,3,5,4,3,1,3,1,2,1,2
0,4,40,0.963875412940979,0,0,3,5,4,5,1,5,1,2,1,2
0,4,43,0.00014385938993655145,0,1,3,6,4,3,1,0,1,0,1,1
0,4,44,2.927996320067905e-06,0,1,3,6,4,4,1,0,1,0,1,1
0,4,46,0.0010190991451963782,0,1,3,6,4,6,1,0,1,0,1,1
0,8,0,7.714775165368337e-07,0,0,3,1,2,0,2,0,1,2,1,4
0,8,1,7.0799028435430955e-06,0,0,3,3,2,1,2,1,1,1,1,1
0,8,2,3.380548285747409e-09,0,0,3,3,2,2,2,1,1,1,1,1
0,8,3,1.2698632367857954e-08,0,0,3,3,2,3,2,1,1,1,1,1
0,8,5,6.242721450888666e-09,0,0,3,3,2,5,2,1,1,1,1,1
0,8,6,2.773308267478569e-07,0,0,3,3,2,6,2,1,1,1,1,1
0,8,7,3.746737320398097e-08,0,0,3,3,2,1,2,2,1,1,1,1
0,8,11,7.857267725341899e-09,0,0,3,3,2,5,2,2,1,1,1,1
0,8,13,1.4264496428495477e-07,0,0,3,3,2,1,2,3,1,1,1,1
0,8,18,6.998978392402933e-07,0,0,3,3,2,6,2,3,1,1,1,1
0,8,23,7.135635655686201e-07,0,0,3,3,2,5,2,4,1,1,1,1
0,8,24,1.9523837181623094e-05,0,0,3,3,2,6,2,4,1,1,1,1
0,8,25,7.396065626608106e-08,0,0,3,3,2,1,2,5,1,1,1,1
0,8,26,3.5039009471660165e-09,0,0,3,3,2,2,2,5,1,1,1,1
0,8,28,7.961300951819794e-09,0,0,3,3,2,4,2,5,1,1,1,1
0,8,31,2.3514459712714597e-08,0,0,3,4,2,1,2,1,1,1,1,1
0,8,32,6.601856838983622e-10,0,0,3,4,2,2,2,2,1,1,1,1
0,8,33,1.0793645088824633e-07,0,0,3,4,2,3,2,3,1,1,1,1
0,8,34,1.971818264223657e-08,0,0,3,4,2,4,2,4,1,1,1,1
0,8,38,0.0016307522309944034,0,0,3,5,2,3,2,3,1,2,1,2
0,8,40,0.9981769919395447,0,0,3,5,2,5,2,5,1,2,1,2
0,8,43,1.4397890481632203e-05,0,1,3,6,2,3,2,0,1,0,1,1
0,8,44,6.750019565515686e-08,0,1,3,6,2,4,2,0,1,0,1,1
0,8,46,0.00014880389790050685,0,1,3,6,2,6,2,0,1,0,1,1
0,9,0,7.072479638736695e-05,0,0,3,1,3,0,2,0,1,2,1,4
0,9,1,0.0005380305228754878,0,0,3,3,3,1,2,1,1,1,1,1
0,9,2,1.2265240911801811e-06,0,0,3,3,3,2,2,1,1,1,1,1
0,9,3,1.7194653310070862e-06,0,0,3,3,3,3,2,1,1,1,1,1
0,9,5,1.0508877039683284e-06,0,0,3,3,3,5,2,1,1,1,1,1
0,9,6,4.618443927029148e-05,0,0,3,3,3,6,2,1,1,1,1,1
0,9,7,1.903445263451431e-05,0,0,3,3,3,1,2,2,1,1,1,1
0,9,11,5.9817248256877065e-06,0,0,3,3,3,5,2,2,1,1,1,1
0,9,13,0.0001265053724637255,0,0,3,3,3,1,2,3,1,1,1,1
0,9,18,0.0002833882754202932,0,0,3,3,3,6,2,3,1,1,1,1
0,9,23,0.00018693965103011578,0,0,3,3,3,5,2,4,1,1,1,1
0,9,24,0.002331492956727743,0,0,3,3,3,6,2,4,1,1,1,1
0,9,25,3.440141517785378e-05,0,0,3,3,3,1,2,5,1,1,1,1
0,9,26,3.2423938591819024e-06,0,0,3,3,3,2,2,5,1,1,1,1
0,9,28,2.808328190440079e-06,0,0,3,3,3,4,2,5,1,1,1,1
0,9,31,7.081919193296926e-06,0,0,3,4,3,1,2,1,1,1,1,1
0,9,32,2.638787464093184e-06,0,0,3,4,3,2,2,2,1,1,1,1
0,9,33,6.643279630225152e-05,0,0,3,4,3,3,2,3,1,1,1,1
0,9,34,1.29637228383217e-05,0,0,3,4,3,4,2,4,1,1,1,1
0,9,38,0.006171481683850288,0,0,3,5,3,3,2,3,1,2,1,2
0,9,40,0.9882465600967407,0,0,3,5,3,5,2,5,1,2,1,2
0,9,43,0.0001485501998104155,0,1,3,6,3,3,2,0,1,0,1,1
0,9,44,1.6895850194487139e-06,0,1,3,6,3,4,2,0,1,0,1,1
0,9,46,0.0016904298681765795,0,1,3,6,3,6,2,0,1,0,1,1
0,10,0,0.00016623010742478073,0,0,3,1,4,0,2,0,1,2,1,4
0,10,1,0.0002577546110842377,0,0,3,3,4,1,2,1,1,1,1,1
0,10,2,5.7924376051232684e-06,0,0,3,3,4,2,2,1,1,1,1,1
0,10,3,2.0526616935967468e-05,0,0,3,3,4,3,2,1,1,1,1,1
0,10,5,5.36051629751455e-06,0,0,3,3,4,5,2,1,1,1,1,1
0,10,6,3.519742676871829e-05,0,0,3,3,4,6,2,1,1,1,1,1
0,10,7,7.017022198851919e-06,0,0,3,3,4,1,2,2,1,1,1,1
0,10,11,1.4818517684034305e-06,0,0,3,3,4,5,2,2,1,1,1,1
0,10,13,0.0002910316688939929,0,0,3,3,4,1,2,3,1,1,1,1
0,10,18,0.000353931711288169,0,0,3,3,4,6,2,3,1,1,1,1
0,10,23,2.3177421098807827e-05,0,0,3,3,4,5,2,4,1,1,1,1
0,10,24,0.00015842265565879643,0,0,3,3,4,6,2,4,1,1,1,1
0,10,25,9.419838534086011e-06,0,0,3,3,4,1,2,5,1,1,1,1
0,10,26,9.61939576882287e-07,0,0,3,3,4,2,2,5,1,1,1,1
0,10,28,6.927077720320085e-06,0,0,3,3,4,4,2,5,1,1,1,1
0,10,31,3.830002697213786e-06,0,0,3,4,4,1,2,1,1,1,1,1
0,10,32,1.4893233313273413e-08,0,0,3,4,4,2,2,2,1,1,1,1
0,10,33,1.7217746062669903e-05,0,0,3,4,4,3,2,3,1,1,1,1
0,10,34,2.040306526396307e-06,0,0,3,4,4,4,2,4,1,1,1,1
0,10,38,0.029170265421271324,0,0,3,5,4,3,2,3,1,2,1,2
0,10,40,0.04950174316763878,0,0,3,5,4,5,2,5,1,2,1,2
0,10,43,0.02291320078074932,0,1,3,6,4,3,2,0,1,0,1,1
0,10,44,0.0043924348428845406,0,1,3,6,4,4,2,0,1,0,1,1
0,10,46,0.8926560878753662,0,1,3,6,4,6,2,0,1,0,1,1
0,12,0,0.00014851339801680297,0,0,3,1,6,0,2,0,1,2,1,4
0,12,1,0.00015291268937289715,0,0,3,3,6,1,2,1,1,1,1,1
0,12,2,8.716628485672118e-07,0,0,3,3,6,2,2,1,1,1,1,1
0,12,3,1.735098635435861e-06,0,0,3,3,6,3,2,1,1,1,1,1
0,12,5,4.778359539159283e-07,0,0,3,3,6,5,2,1,1,1,1,1
0,12,6,2.6422227165312506e-05,0,0,3,3,6,6,2,1,1,1,1,1
0,12,7,3.7992708712408785e-06,0,0,3,3,6,1,2,2,1,1,1,1
0,12,11,2.2566931079381902e-07,0,0,3,3,6,5,2,2,1,1,1,1
0,12,13,0.00048116070684045553,0,0,3,3,6,1,2,3,1,1,1,1
0,12,18,0.0011119801783934236,0,0,3,3,6,6,2,3,1,1,1,1
0,12,23,2.680789475562051e-05,0,0,3,3,6,5,2,4,1,1,1,1
0,12,24,0.0006403708830475807,0,0,3,3,6,6,2,4,1,1,1,1
0,12,25,5.597623385256156e-05,0,0,3,3,6,1,2,5,1,1,1,1
0,12,26,3.598293915274553e-06,0,0,3,3,6,2,2,5,1,1,1,1
0,12,28,2.3122313450585352e-06,0,0,3,3,6,4,2,5,1,1,1,1
0,12,31,1.683694904386357e-06,0,0,3,4,6,1,2,1,1,1,1,1
0,12,32,3.1514257869957873e-08,0,0,3,4,6,2,2,2,1,1,1,1
0,12,33,1.6822774341562763e-05,0,0,3,4,6,3,2,3,1,1,1,1
0,12,34,6.569551374013827e-07,0,0,3,4,6,4,2,4,1,1,1,1
0,12,38,0.05087761580944061,0,0,3,5,6,3,2,3,1,2,1,2
0,12,40,0.8003914952278137,0,0,3,5,6,5,2,5,1,2,1,2
0,12,43,0.00174955022521317,0,1,3,6,6,3,2,0,1,0,1,1
0,12,44,2.4225901142926887e-05,0,1,3,6,6,4,2,0,1,0,1,1
0,12,46,0.14427998661994934,0,1,3,6,6,6,2,0,1,0,1,1
0,14,0,0.0005816621123813093,0,0,3,1,2,0,3,0,1,2,1,4
0,14,1,0.008732594549655914,0,0,3,3,2,1,3,1,1,1,1,1
0,14,2,0.0004904733505100012,0,0,3,3,2,2,3,1,1,1,1,1
0,14,3,0.0004112583410460502,0,0,3,3,2,3,3,1,1,1,1,1
0,14,5,0.00022386937052942812,0,0,3,3,2,5,3,1,1,1,1,1
0,14,6,0.0015222164802253246,0,0,3,3,2,6,3,1,1,1,1,1
0,14,7,0.000334051699610427,0,0,3,3,2,1,3,2,1,1,1,1
0,14,11,0.00018937565619125962,0,0,3,3,2,5,3,2,1,1,1,1
0,14,13,0.0016888105310499668,0,0,3,3,2,1,3,3,1,1,1,1
0,14,18,0.0018446450121700764,0,0,3,3,2,6,3,3,1,1,1,1
0,14,23,0.002070872811600566,0,0,3,3,2,5,3,4,1,1,1,1
0,14,24,0.011326910927891731,0,0,3,3,2,6,3,4,1,1,1,1
0,14,25,0.0005499878316186368,0,0,3,3,2,1,3,5,1,1,1,1
0,14,26,0.0001720666332403198,0,0,3,3,2,2,3,5,1,1,1,1
0,14,28,0.00010814654524438083,0,0,3,3,2,4,3,5,1,1,1,1
0,14,31,0.00014068459859117866,0,0,3,4,2,1,3,1,1,1,1,1
0,14,32,1.6288044207612984e-05,0,0,3,4,2,2,3,2,1,1,1,1
0,14,33,0.0004508940037339926,0,0,3,4,2,3,3,3,1,1,1,1
0,14,34,6.848714838270098e-05,0,0,3,4,2,4,3,4,1,1,1,1
0,14,38,0.025328202173113823,0,0,3,5,2,3,3,3,1,2,1,2
0,14,40,0.9112609028816223,0,0,3,5,2,5,3,5,1,2,1,2
0,14,43,0.007571079768240452,0,1,3,6,2,3,3,0,1,0,1,1
0,14,44,0.0002969655906781554,0,1,3,6,2,4,3,0,1,0,1,1
0,14,46,0.024619346484541893,0,1,3,6,2,6,3,0,1,0,1,1
0,15,0,0.005950130522251129,0,0,3,1,3,0,3,0,1,2,1,4
0,15,1,0.0011259546736255288,0,0,3,3,3,1,3,1,1,1,1,1
0,15,2,2.4319393560290337e-05,0,0,3,3,3,2,3,1,1,1,1,1
0,15,3,0.00012483392492868006,0,0,3,3,3,3,3,1,1,1,1,1
0,15,5,3.952351562475087e-06,0,0,3,3,3,5,3,1,1,1,1,1
0,15,6,0.0007106123957782984,0,0,3,3,3,6,3,1,1,1,1,1
0,15,7,0.00016016825975384563,0,0,3,3,3,1,3,2,1,1,1,1
0,15,11,1.6123543900903314e-05,0,0,3,3,3,5,3,2,1,1,1,1
0,15,13,0.0003671525919344276,0,0,3,3,3,1,3,3,1,1,1,1
0,15,18,0.0010764612816274166,0,0,3,3,3,6,3,3,1,1,1,1
0,15,23,0.00035788805689662695,0,0,3,3,3,5,3,4,1,1,1,1
0,15,24,0.013304993510246277,0,0,3,3,3,6,3,4,1,1,1,1
0,15,25,0.0006211584550328553,0,0,3,3,3,1,3,5,1,1,1,1
0,15,26,4.090055517735891e-05,0,0,3,3,3,2,3,5,1,1,1,1
0,15,28,5.173200770514086e-05,0,0,3,3,3,4,3,5,1,1,1,1
0,15,31,2.5632160031818785e-05,0,0,3,4,3,1,3,1,1,1,1,1
0,15,32,3.3027686185960192e-06,0,0,3,4,3,2,3,2,1,1,1,1
0,15,33,8.137719123624265e-05,0,0,3,4,3,3,3,3,1,1,1,1
0,15,34,2.9633187295985408e-05,0,0,3,4,3,4,3,4,1,1,1,1
0,15,38,0.03687479719519615,0,0,3,5,3,3,3,3,1,2,1,2
0,15,40,0.8830974698066711,0,0,3,5,3,5,3,5,1,2,1,2
0,15,43,0.006632429081946611,0,1,3,6,3,3,3,0,1,0,1,1
0,15,44,4.1841751226456836e-05,0,1,3,6,3,4,3,0,1,0,1,1
0,15,46,0.04927651584148407,0,1,3,6,3,6,3,0,1,0,1,1
0,16,0,0.010980280116200447,0,0,3,1,4,0,3,0,1,2,1,4
0,16,1,0.001955835847184062,0,0,3,3,4,1,3,1,1,1,1,1
0,16,2,0.0009986901422962546,0,0,3,3,4,2,3,1,1,1,1,1
0,16,3,0.002874848200008273,0,0,3,3,4,3,3,1,1,1,1,1
0,16,5,0.0002571479126345366,0,0,3,3,4,5,3,1,1,1,1,1
0,16,6,0.001987036084756255,0,0,3,3,4,6,3,1,1,1,1,1
0,16,7,0.0002894042117986828,0,0,3,3,4,1,3,2,1,1,1,1
0,16,11,6.596915773116052e-05,0,0,3,3,4,5,3,2,1,1,1,1
0,16,13,0.0029550595209002495,0,0,3,3,4,1,3,3,1,1,1,1
0,16,18,0.0021153106354177,0,0,3,3,4,6,3,3,1,1,1,1
0,16,23,0.00055467220954597,0,0,3,3,4,5,3,4,1,1,1,1
0,16,24,0.0029355997685343027,0,0,3,3,4,6,3,4,1,1,1,1
0,16,25,0.0007660861010663211,0,0,3,3,4,1,3,5,1,1,1,1
0,16,26,0.00018960749730467796,0,0,3,3,4,2,3,5,1,1,1,1
0,16,28,0.0006160916527733207,0,0,3,3,4,4,3,5,1,1,1,1
0,16,31,0.00014969870971981436,0,0,3,4,4,1,3,1,1,1,1,1
0,16,32,2.81786515188287e-06,0,0,3,4,4,2,3,2,1,1,1,1
0,16,33,0.0001835045695770532,0,0,3,4,4,3,3,3,1,1,1,1
0,16,34,0.00010203583224210888,0,0,3,4,4,4,3,4,1,1,1,1
0,16,38,0.020580843091011047,0,0,3,5,4,3,3,3,1,2,1,2
0,16,40,0.013804963789880276,0,0,3,5,4,5,3,5,1,2,1,2
0,16,43,0.07120481133460999,0,1,3,6,4,3,3,0,1,0,1,1
0,16,44,0.018982725217938423,0,1,3,6,4,4,3,0,1,0,1,1
0,16,46,0.8454469442367554,0,1,3,6,4,6,3,0,1,0,1,1
0,17,0,0.003880829783156514,0,0,3,1,5,0,3,0,1,2,1,4
0,17,1,0.0025149439461529255,0,0,3,3,5,1,3,1,1,1,1,1
0,17,2,0.00022698452812619507,0,0,3,3,5,2,3,1,1,1,1,1
0,17,3,0.0005655683926306665,0,0,3,3,5,3,3,1,1,1,1,1
0,17,5,8.95166231202893e-05,0,0,3,3,5,5,3,1,1,1,1,1
0,17,6,0.0006914680125191808,0,0,3,3,5,6,3,1,1,1,1,1
0,17,7,0.00043160919449292123,0,0,3,3,5,1,3,2,1,1,1,1
0,17,11,0.00021281717636156827,0,0,3,3,5,5,3,2,1,1,1,1
0,17,13,5.563543891184963e-05,0,0,3,3,5,1,3,3,1,1,1,1
0,17,18,0.00027017126558348536,0,0,3,3,5,6,3,3,1,1,1,1
0,17,23,0.0005193441757000983,0,0,3,3,5,5,3,4,1,1,1,1
0,17,24,0.003507077693939209,0,0,3,3,5,6,3,4,1,1,1,1
0,17,25,0.0002808819408528507,0,0,3,3,5,1,3,5,1,1,1,1
0,17,26,7.722569716861472e-05,0,0,3,3,5,2,3,5,1,1,1,1
0,17,28,0.00011679047020152211,0,0,3,3,5,4,3,5,1,1,1,1
0,17,31,7.541371451225132e-05,0,0,3,4,5,1,3,1,1,1,1,1
0,17,32,6.048422164894873e-06,0,0,3,4,5,2,3,2,1,1,1,1
0,17,33,8.021726534934714e-05,0,0,3,4,5,3,3,3,1,1,1,1
0,17,34,5.074466025689617e-05,0,0,3,4,5,4,3,4,1,1,1,1
0,17,38,0.035343825817108154,0,0,3,5,5,3,3,3,1,2,1,2
0,17,40,0.8603904247283936,0,0,3,5,5,5,3,5,1,2,1,2
0,17,43,0.038037728518247604,0,1,3,6,5,3,3,0,1,0,1,1
0,17,44,0.0013888891553506255,0,1,3,6,5,4,3,0,1,0,1,1
0,17,46,0.051185719668865204,0,1,3,6,5,6,3,0,1,0,1,1
0,19,0,2.3227263227454387e-05,0,0,3,1,1,0,4,0,1,2,1,4
0,19,1,3.8399673940148205e-05,0,0,3,3,1,1,4,1,1,1,1,1
0,19,2,8.406437501662367e-08,0,0,3,3,1,2,4,1,1,1,1,1
0,19,3,5.809148433399969e-07,0,0,3,3,1,3,4,1,1,1,1,1
0,19,5,2.6818645437742816e-07,0,0,3,3,1,5,4,1,1,1,1,1
0,19,6,5.902740667806938e-06,0,0,3,3,1,6,4,1,1,1,1,1
0,19,7,1.0087244390888372e-06,0,0,3,3,1,1,4,2,1,1,1,1
0,19,11,4.373719946215715e-07,0,0,3,3,1,5,4,2,1,1,1,1
0,19,13,5.216535328145255e-07,0,0,3,3,1,1,4,3,1,1,1,1
0,19,18,2.545623829064425e-06,0,0,3,3,1,6,4,3,1,1,1,1
0,19,23,1.7133057554019615e-05,0,0,3,3,1,5,4,4,1,1,1,1
0,19,24,0.00010912893776549026,0,0,3,3,1,6,4,4,1,1,1,1
0,19,25,1.0930649295914918e-05,0,0,3,3,1,1,4,5,1,1,1,1
0,19,26,3.9028645915095694e-07,0,0,3,3,1,2,4,5,1,1,1,1
0,19,28,6.221338253453723e-07,0,0,3,3,1,4,4,5,1,1,1,1
0,19,31,2.0493665431331465e-07,0,0,3,4,1,1,4,1,1,1,1,1
0,19,32,2.8499282933580616e-08,0,0,3,4,1,2,4,2,1,1,1,1
0,19,33,9.711895927466685e-07,0,0,3,4,1,3,4,3,1,1,1,1
0,19,34,3.1861691240919754e-07,0,0,3,4,1,4,4,4,1,1,1,1
0,19,38,0.0012775053037330508,0,0,3,5,1,3,4,3,1,2,1,2
0,19,40,0.9985010623931885,0,0,3,5,1,5,4,5,1,2,1,2
0,19,43,3.1726790439279284e-06,0,1,3,6,1,3,4,0,1,0,1,1
0,19,44,2.323118053482176e-08,0,1,3,6,1,4,4,0,1,0,1,1
0,19,46,5.484148459800053e-06,0,1,3,6,1,6,4,0,1,0,1,1
0,20,0,1.6052068531280383e-05,0,0,3,1,2,0,4,0,1,2,1,4
0,20,1,0.00011257248843321577,0,0,3,3,2,1,4,1,1,1,1,1
0,20,2,6.568760682057473e-07,0,0,3,3,2,2,4,1,1,1,1,1
0,20,3,2.0287120605644304e-06,0,0,3,3,2,3,4,1,1,1,1,1
0,20,5,2.6821348910743836e-06,0,0,3,3,2,5,4,1,1,1,1,1
0,20,6,2.9548122256528586e-05,0,0,3,3,2,6,4,1,1,1,1,1
0,20,7,2.640756747496198e-06,0,0,3,3,2,1,4,2,1,1,1,1
0,20,11,1.5483310562558472e-05,0,0,3,3,2,5,4,2,1,1,1,1
0,20,13,1.0028658152805292e-06,0,0,3,3,2,1,4,3,1,1,1,1
0,20,18,3.090700374741573e-06,0,0,3,3,2,6,4,3,1,1,1,1
0,20,23,0.00014723757340107113,0,0,3,3,2,5,4,4,1,1,1,1
0,20,24,0.0004843371280003339,0,0,3,3,2,6,4,4,1,1,1,1
0,20,25,3.3725862067512935e-06,0,0,3,3,2,1,4,5,1,1,1,1
0,20,26,7.706672704443918e-07,0,0,3,3,2,2,4,5,1,1,1,1
0,20,28,4.680347046814859e-06,0,0,3,3,2,4,4,5,1,1,1,1
0,20,31,2.521630676710629e-06,0,0,3,4,2,1,4,1,1,1,1,1
0,20,32,3.16228920382855e-06,0,0,3,4,2,2,4,2,1,1,1,1
0,20,33,3.140260378131643e-05,0,0,3,4,2,3,4,3,1,1,1,1
0,20,34,2.9344140784814954e-05,0,0,3,4,2,4,4,4,1,1,1,1
0,20,38,0.0024256398901343346,0,0,3,5,2,3,4,3,1,2,1,2
0,20,40,0.9965936541557312,0,0,3,5,2,5,4,5,1,2,1,2
0,20,43,6.737273361068219e-05,0,1,3,6,2,3,4,0,1,0,1,1
0,20,44,1.4381209894054336e-06,0,1,3,6,2,4,4,0,1,0,1,1
0,20,46,1.9076274838880636e-05,0,1,3,6,2,6,4,0,1,0,1,1
0,21,0,0.0010930981952697039,0,0,3,1,3,0,4,0,1,2,1,4
0,21,1,9.313969349022955e-05,0,0,3,3,3,1,4,1,1,1,1,1
0,21,2,3.903244873981748e-07,0,0,3,3,3,2,4,1,1,1,1,1
0,21,3,3.5988985018775566e-06,0,0,3,3,3,3,4,1,1,1,1,1
0,21,5,1.3461506114254007e-06,0,0,3,3,3,5,4,1,1,1,1,1
0,21,6,4.8116795369423926e-05,0,0,3,3,3,6,4,1,1,1,1,1
0,21,7,1.985666312975809e-05,0,0,3,3,3,1,4,2,1,1,1,1
0,21,11,1.2298771252972074e-05,0,0,3,3,3,5,4,2,1,1,1,1
0,21,13,2.5719850782479625e-06,0,0,3,3,3,1,4,3,1,1,1,1
0,21,18,1.989074189623352e-05,0,0,3,3,3,6,4,3,1,1,1,1
0,21,23,0.00021744516561739147,0,0,3,3,3,5,4,4,1,1,1,1
0,21,24,0.0010280560236424208,0,0,3,3,3,6,4,4,1,1,1,1
0,21,25,0.0002120743301929906,0,0,3,3,3,1,4,5,1,1,1,1
0,21,26,7.281349553522887e-06,0,0,3,3,3,2,4,5,1,1,1,1
0,21,28,1.4485647625406273e-05,0,0,3,3,3,4,4,5,1,1,1,1
0,21,31,2.8607969397853594e-06,0,0,3,4,3,1,4,1,1,1,1,1
0,21,32,3.8149878491822165e-06,0,0,3,4,3,2,4,2,1,1,1,1
0,21,33,2.59906446444802e-05,0,0,3,4,3,3,4,3,1,1,1,1
0,21,34,2.411308014416136e-05,0,0,3,4,3,4,4,4,1,1,1,1
0,21,38,0.0025811446830630302,0,0,3,5,3,3,4,3,1,2,1,2
0,21,40,0.994580864906311,0,0,3,5,3,5,4,5,1,2,1,2
0,21,43,4.171728505752981e-06,0,1,3,6,3,3,4,0,1,0,1,1
0,21,44,3.097663991979971e-08,0,1,3,6,3,4,4,0,1,0,1,1
0,21,46,3.790680011661607e-06,0,1,3,6,3,6,4,0,1,0,1,1
0,22,0,0.0002813706814777106,0,0,3,1,4,0,4,0,1,2,1,4
0,22,1,3.871591616189107e-05,0,0,3,3,4,1,4,1,1,1,1,1
0,22,2,1.2219832967730326e-07,0,0,3,3,4,2,4,1,1,1,1,1
0,22,3,7.658731533410901e-07,0,0,3,3,4,3,4,1,1,1,1,1
0,22,5,6.832579515503312e-07,0,0,3,3,4,5,4,1,1,1,1,1
0,22,6,1.286900896957377e-05,0,0,3,3,4,6,4,1,1,1,1,1
0,22,7,1.4382732160811429e-06,0,0,3,3,4,1,4,2,1,1,1,1
0,22,11,9.659165698394645e-07,0,0,3,3,4,5,4,2,1,1,1,1
0,22,13,2.731038421188714e-06,0,0,3,3,4,1,4,3,1,1,1,1
0,22,18,1.3644675163959619e-05,0,0,3,3,4,6,4,3,1,1,1,1
0,22,23,4.5845459681004286e-05,0,0,3,3,4,5,4,4,1,1,1,1
0,22,24,0.000215581341763027,0,0,3,3,4,6,4,4,1,1,1,1
0,22,25,2.3087201043381356e-05,0,0,3,3,4,1,4,5,1,1,1,1
0,22,26,1.0269206995872082e-06,0,0,3,3,4,2,4,5,1,1,1,1
0,22,28,2.54117867370951e-06,0,0,3,3,4,4,4,5,1,1,1,1
0,22,31,6.865019486212987e-07,0,0,3,4,4,1,4,1,1,1,1,1
0,22,32,1.7024693477196706e-07,0,0,3,4,4,2,4,2,1,1,1,1
0,22,33,3.5073651815764606e-05,0,0,3,4,4,3,4,3,1,1,1,1
0,22,34,5.970999609417049e-06,0,0,3,4,4,4,4,4,1,1,1,1
0,22,38,0.020070472732186317,0,0,3,5,4,3,4,3,1,2,1,2
0,22,40,0.9791818857192993,0,0,3,5,4,5,4,5,1,2,1,2
0,22,43,2.6390865969005972e-05,0,1,3,6,4,3,4,0,1,0,1,1
0,22,44,3.628991578352725e-07,0,1,3,6,4,4,4,0,1,0,1,1
0,22,46,3.7324560253182426e-05,0,1,3,6,4,6,4,0,1,0,1,1
0,27,0,2.864584871531406e-07,0,0,3,1,3,0,5,0,1,2,1,4
0,27,1,4.947510387864895e-05,0,0,3,3,3,1,5,1,1,1,1,1
0,27,2,9.539600220875855e-09,0,0,3,3,3,2,5,1,1,1,1,1
0,27,3,4.649455220828713e-08,0,0,3,3,3,3,5,1,1,1,1,1
0,27,5,5.470868913448612e-08,0,0,3,3,3,5,5,1,1,1,1,1
0,27,6,1.175318857349339e-06,0,0,3,3,3,6,5,1,1,1,1,1
0,27,7,2.1151718954115495e-07,0,0,3,3,3,1,5,2,1,1,1,1
0,27,11,2.1006032113746187e-07,0,0,3,3,3,5,5,2,1,1,1,1
0,27,13,4.4470866100709827e-07,0,0,3,3,3,1,5,3,1,1,1,1
0,27,18,8.867689871294715e-07,0,0,3,3,3,6,5,3,1,1,1,1
0,27,23,9.5912737378967e-06,0,0,3,3,3,5,5,4,1,1,1,1
0,27,24,9.481418965151533e-05,0,0,3,3,3,6,5,4,1,1,1,1
0,27,25,4.2438878722350637e-07,0,0,3,3,3,1,5,5,1,1,1,1
0,27,26,1.4400947101478323e-08,0,0,3,3,3,2,5,5,1,1,1,1
0,27,28,3.457182273791659e-08,0,0,3,3,3,4,5,5,1,1,1,1
0,27,31,9.23754868153992e-08,0,0,3,4,3,1,5,1,1,1,1,1
0,27,32,1.686428063862877e-08,0,0,3,4,3,2,5,2,1,1,1,1
0,27,33,1.4025567907083314e-06,0,0,3,4,3,3,5,3,1,1,1,1
0,27,34,2.561892529229226e-07,0,0,3,4,3,4,5,4,1,1,1,1
0,27,38,0.0005034508649259806,0,0,3,5,3,3,5,3,1,2,1,2
0,27,40,0.999335527420044,0,0,3,5,3,5,5,5,1,2,1,2
0,27,43,7.33125489205122e-07,0,1,3,6,3,3,5,0,1,0,1,1
0,27,44,4.339510084605536e-09,0,1,3,6,3,4,5,0,1,0,1,1
0,27,46,1.1622778401942924e-06,0,1,3,6,3,6,5,0,1,0,1,1
0,29,0,1.2613377293746453e-06,0,0,3,1,5,0,5,0,1,2,1,4
0,29,1,0.00012676000187639147,0,0,3,3,5,1,5,1,1,1,1,1
0,29,2,3.202085565590096e-07,0,0,3,3,5,2,5,1,1,1,1,1
0,29,3,2.080045760521898e-06,0,0,3,3,5,3,5,1,1,1,1,1
0,29,5,9.851668210103526e-07,0,0,3,3,5,5,5,1,1,1,1,1
0,29,6,2.2656734017800773e-06,0,0,3,3,5,6,5,1,1,1,1,1
0,29,7,1.785234871931607e-06,0,0,3,3,5,1,5,2,1,1,1,1
0,29,11,1.004355681288871e-06,0,0,3,3,5,5,5,2,1,1,1,1
0,29,13,1.1981120451309835e-07,0,0,3,3,5,1,5,3,1,1,1,1
0,29,18,8.144866114889737e-07,0,0,3,3,5,6,5,3,1,1,1,1
0,29,23,6.401154223567573e-06,0,0,3,3,5,5,5,4,1,1,1,1
0,29,24,6.154879520181566e-05,0,0,3,3,5,6,5,4,1,1,1,1
0,29,25,3.522758788676583e-06,0,0,3,3,5,1,5,5,1,1,1,1
0,29,26,1.6193618534998677e-07,0,0,3,3,5,2,5,5,1,1,1,1
0,29,28,7.592176842763365e-08,0,0,3,3,5,4,5,5,1,1,1,1
0,29,31,1.411112720006713e-07,0,0,3,4,5,1,5,1,1,1,1,1
0,29,32,1.6773978872564044e-09,0,0,3,4,5,2,5,2,1,1,1,1
0,29,33,1.2889753975287022e-07,0,0,3,4,5,3,5,3,1,1,1,1
0,29,34,2.0141259327033367e-08,0,0,3,4,5,4,5,4,1,1,1,1
0,29,38,0.00031174818286672235,0,0,3,5,5,3,5,3,1,2,1,2
0,29,40,0.9994654059410095,0,0,3,5,5,5,5,5,1,2,1,2
0,29,43,8.468802661809605e-06,0,1,3,6,5,3,5,0,1,0,1,1
0,29,44,3.453575914136309e-08,0,1,3,6,5,4,5,0,1,0,1,1
0,29,46,5.462758963403758e-06,0,1,3,6,5,6,5,0,1,0,1,1
0,30,0,1.3115036381350365e-05,0,0,3,1,6,0,5,0,1,2,1,4
0,30,1,2.5954650482162833e-05,0,0,3,3,6,1,5,1,1,1,1,1
0,30,2,6.980950217894133e-08,0,0,3,3,6,2,5,1,1,1,1,1
0,30,3,1.0942467270069756e-06,0,0,3,3,6,3,5,1,1,1,1,1
0,30,5,2.3192718856535066e-07,0,0,3,3,6,5,5,1,1,1,1,1
0,30,6,2.313754293936654e-06,0,0,3,3,6,6,5,1,1,1,1,1
0,30,7,1.6519861674169078e-06,0,0,3,3,6,1,5,2,1,1,1,1
0,30,11,5.76529998852493e-07,0,0,3,3,6,5,5,2,1,1,1,1
0,30,13,7.169211357904715e-07,0,0,3,3,6,1,5,3,1,1,1,1
0,30,18,8.855060514179058e-06,0,0,3,3,6,6,5,3,1,1,1,1
0,30,23,6.791176019760314e-06,0,0,3,3,6,5,5,4,1,1,1,1
0,30,24,8.368207636522129e-05,0,0,3,3,6,6,5,4,1,1,1,1
0,30,25,4.4009200792061165e-05,0,0,3,3,6,1,5,5,1,1,1,1
0,30,26,1.1171304095114465e-06,0,0,3,3,6,2,5,5,1,1,1,1
0,30,28,6.097938012317172e-07,0,0,3,3,6,4,5,5,1,1,1,1
0,30,31,5.301121319689628e-08,0,0,3,4,6,1,5,1,1,1,1,1
0,30,32,1.4337030451727628e-09,0,0,3,4,6,2,5,2,1,1,1,1
0,30,33,2.8574658017532784e-07,0,0,3,4,6,3,5,3,1,1,1,1
0,30,34,2.8831816933916343e-08,0,0,3,4,6,4,5,4,1,1,1,1
0,30,38,0.0008973163203336298,0,0,3,5,6,3,5,3,1,2,1,2
0,30,40,0.9988331198692322,0,0,3,5,6,5,5,5,1,2,1,2
0,30,43,1.6393765690736473e-05,0,1,3,6,6,3,5,0,1,0,1,1
0,30,44,4.248612839319321e-08,0,1,3,6,6,4,5,0,1,0,1,1
0,30,46,6.261698581511155e-05,0,1,3,6,6,6,5,0,1,0,1,1
0,35,0,0.0009253681637346745,0,0,4,1,5,0,5,0,1,2,1,4
0,35,1,0.001284542609937489,0,0,4,3,5,1,5,1,1,1,1,1
0,35,2,1.9433980924077332e-05,0,0,4,3,5,2,5,1,1,1,1,1
0,35,3,0.00014284807548392564,0,0,4,3,5,3,5,1,1,1,1,1
0,35,5,2.1834228391526267e-05,0,0,4,3,5,5,5,1,1,1,1,1
0,35,6,4.814373460249044e-05,0,0,4,3,5,6,5,1,1,1,1,1
0,35,7,0.00045946246245875955,0,0,4,3,5,1,5,2,1,1,1,1
0,35,11,0.00011007520515704527,0,0,4,3,5,5,5,2,1,1,1,1
0,35,13,2.7560388389247237e-06,0,0,4,3,5,1,5,3,1,1,1,1
0,35,18,3.267810825491324e-05,0,0,4,3,5,6,5,3,1,1,1,1
0,35,23,9.421061258763075e-05,0,0,4,3,5,5,5,4,1,1,1,1
0,35,24,0.00044192318455316126,0,0,4,3,5,6,5,4,1,1,1,1
0,35,25,6.905777263455093e-05,0,0,4,3,5,1,5,5,1,1,1,1
0,35,26,8.759144293435384e-06,0,0,4,3,5,2,5,5,1,1,1,1
0,35,28,1.9749939383473247e-05,0,0,4,3,5,4,5,5,1,1,1,1
0,35,31,8.146382242557593e-06,0,0,4,4,5,1,5,1,1,1,1,1
0,35,32,1.0179711580349249e-06,0,0,4,4,5,2,5,2,1,1,1,1
0,35,33,8.760021046327893e-07,0,0,4,4,5,3,5,3,1,1,1,1
0,35,34,2.401985057076672e-06,0,0,4,4,5,4,5,4,1,1,1,1
0,35,38,0.0014002395328134298,0,0,4,5,5,3,5,3,1,2,1,2
0,35,40,0.9903119802474976,0,0,4,5,5,5,5,5,1,2,1,2
0,35,43,0.0009784155990928411,0,1,4,6,5,3,5,0,1,0,1,1
0,35,44,2.3480926756747067e-05,0,1,4,6,5,4,5,0,1,0,1,1
0,35,46,0.0035926923155784607,0,1,4,6,5,6,5,0,1,0,1,1
0,36,0,0.10341862589120865,0,0,5,1,1,0,1,0,2,2,2,4
0,36,1,0.0004221839481033385,0,0,5,3,1,1,1,1,2,1,2,1
0,36,2,3.840755744022317e-05,0,0,5,3,1,2,1,1,2,1,2,1
0,36,3,0.0010682475985959172,0,0,5,3,1,3,1,1,2,1,2,1
0,36,5,3.7185975088505074e-05,0,0,5,3,1,5,1,1,2,1,2,1
0,36,6,0.0005885008140467107,0,0,5,3,1,6,1,1,2,1,2,1
0,36,7,0.004681263118982315,0,0,5,3,1,1,1,2,2,1,2,1
0,36,11,0.00047707377234473825,0,0,5,3,1,5,1,2,2,1,2,1
0,36,13,0.0013110925210639834,0,0,5,3,1,1,1,3,2,1,2,1
0,36,18,0.003104535397142172,0,0,5,3,1,6,1,3,2,1,2,1
0,36,23,0.0003027399943675846,0,0,5,3,1,5,1,4,2,1,2,1
0,36,24,0.00017994448717217892,0,0,5,3,1,6,1,4,2,1,2,1
0,36,25,0.0018364001298323274,0,0,5,3,1,1,1,5,2,1,2,1
0,36,26,0.00014786708925385028,0,0,5,3,1,2,1,5,2,1,2,1
0,36,28,0.020960889756679535,0,0,5,3,1,4,1,5,2,1,2,1
0,36,31,8.185372280422598e-05,0,0,5,4,1,1,1,1,2,1,2,1
0,36,32,5.9235429944237694e-05,0,0,5,4,1,2,1,2,2,1,2,1
0,36,33,1.0783640391309746e-05,0,0,5,4,1,3,1,3,2,1,2,1
0,36,34,0.0003506041248328984,0,0,5,4,1,4,1,4,2,1,2,1
0,36,38,0.0014365981332957745,0,0,5,5,1,3,1,3,2,2,2,2
0,36,40,0.001050091115757823,0,0,5,5,1,5,1,5,2,2,2,2
0,36,43,0.004399556200951338,0,1,5,6,1,3,1,0,2,0,2,1
0,36,44,0.017670778557658195,0,1,5,6,1,4,1,0,2,0,2,1
0,36,46,0.8363651633262634,0,1,5,6,1,6,1,0,2,0,2,1
0,37,0,0.01031517330557108,0,0,5,1,2,0,2,0,2,2,2,4
0,37,1,0.00010836508590728045,0,0,5,3,2,1,2,1,2,1,2,1
0,37,2,6.163521175039932e-05,0,0,5,3,2,2,2,1,2,1,2,1
0,37,3,0.0004277686239220202,0,0,5,3,2,3,2,1,2,1,2,1
0,37,5,3.00323408737313e-05,0,0,5,3,2,5,2,1,2,1,2,1
0,37,6,0.00022432769765146077,0,0,5,3,2,6,2,1,2,1,2,1
0,37,7,0.0006540536996908486,0,0,5,3,2,1,2,2,2,1,2,1
0,37,11,0.00016465430962853134,0,0,5,3,2,5,2,2,2,1,2,1
0,37,13,0.0006140251643955708,0,0,5,3,2,1,2,3,2,1,2,1
0,37,18,0.001070634345524013,0,0,5,3,2,6,2,3,2,1,2,1
0,37,23,0.00010280247806804255,0,0,5,3,2,5,2,4,2,1,2,1
0,37,24,0.00014210751396603882,0,0,5,3,2,6,2,4,2,1,2,1
0,37,25,0.00020131249038968235,0,0,5,3,2,1,2,5,2,1,2,1
0,37,26,4.3570373236434534e-05,0,0,5,3,2,2,2,5,2,1,2,1
0,37,28,0.0020140528213232756,0,0,5,3,2,4,2,5,2,1,2,1
0,37,31,0.00017129963089246303,0,0,5,4,2,1,2,1,2,1,2,1
0,37,32,1.0606254363665357e-05,0,0,5,4,2,2,2,2,2,1,2,1
0,37,33,2.007532566494774e-05,0,0,5,4,2,3,2,3,2,1,2,1
0,37,34,0.00035362259950488806,0,0,5,4,2,4,2,4,2,1,2,1
0,37,38,0.0003996624727733433,0,0,5,5,2,3,2,3,2,2,2,2
0,37,40,8.324146619997919e-05,0,0,5,5,2,5,2,5,2,2,2,2
0,37,43,0.010741029866039753,0,1,5,6,2,3,2,0,2,0,2,1
0,37,44,0.05482706427574158,0,1,5,6,2,4,2,0,2,0,2,1
0,37,46,0.9172188639640808,0,1,5,6,2,6,2,0,2,0,2,1
0,39,0,0.9691126346588135,0,0,5,1,4,0,4,0,2,2,2,4
0,39,1,3.590189226088114e-05,0,0,5,3,4,1,4,1,2,1,2,1
0,39,2,2.9988123060320504e-06,0,0,5,3,4,2,4,1,2,1,2,1
0,39,3,8.160348806995898e-05,0,0,5,3,4,3,4,1,2,1,2,1
0,39,5,7.796092177159153e-06,0,0,5,3,4,5,4,1,2,1,2,1
0,39,6,7.324861508095637e-05,0,0,5,3,4,6,4,1,2,1,2,1
0,39,7,0.0009133234852924943,0,0,5,3,4,1,4,2,2,1,2,1
0,39,11,6.957627192605287e-05,0,0,5,3,4,5,4,2,2,1,2,1
0,39,13,8.036225335672498e-05,0,0,5,3,4,1,4,3,2,1,2,1
0,39,18,0.00026363457436673343,0,0,5,3,4,6,4,3,2,1,2,1
0,39,23,8.884247654350474e-05,0,0,5,3,4,5,4,4,2,1,2,1
0,39,24,2.9850636565242894e-05,0,0,5,3,4,6,4,4,2,1,2,1
0,39,25,0.00031457675504498184,0,0,5,3,4,1,4,5,2,1,2,1
0,39,26,1.5985606296453625e-05,0,0,5,3,4,2,4,5,2,1,2,1
0,39,28,0.0051178219728171825,0,0,5,3,4,4,4,5,2,1,2,1
0,39,31,7.6308409916237e-05,0,0,5,4,4,1,4,1,2,1,2,1
0,39,32,5.6442142522428185e-05,0,0,5,4,4,2,4,2,2,1,2,1
0,39,33,1.7172336811199784e-05,0,0,5,4,4,3,4,3,2,1,2,1
0,39,34,0.0016166772693395615,0,0,5,4,4,4,4,4,2,1,2,1
0,39,38,0.0011057709343731403,0,0,5,5,4,3,4,3,2,2,2,2
0,39,40,0.000193179163034074,0,0,5,5,4,5,4,5,2,2,2,2
0,39,43,0.0001428226678399369,0,1,5,6,4,3,4,0,2,0,2,1
0,39,44,0.0021195977460592985,0,1,5,6,4,4,4,0,2,0,2,1
0,39,46,0.018463946878910065,0,1,5,6,4,6,4,0,2,0,2,1
0,41,0,0.14195077121257782,1,0,6,1,1,0,0,0,0,2,1,4
0,41,1,0.011417761445045471,1,0,6,3,1,1,0,1,0,1,1,1
0,41,2,0.007509529124945402,1,0,6,3,1,2,0,1,0,1,1,1
0,41,3,0.0055185421369969845,1,0,6,3,1,3,0,1,0,1,1,1
0,41,5,0.004045678302645683,1,0,6,3,1,5,0,1,0,1,1,1
0,41,6,0.0068079642951488495,1,0,6,3,1,6,0,1,0,1,1,1
0,41,7,0.003265777602791786,1,0,6,3,1,1,0,2,0,1,1,1
0,41,11,0.0005540434503927827,1,0,6,3,1,5,0,2,0,1,1,1
0,41,13,0.016827739775180817,1,0,6,3,1,1,0,3,0,1,1,1
0,41,18,0.018109649419784546,1,0,6,3,1,6,0,3,0,1,1,1
0,41,23,0.005778605584055185,1,0,6,3,1,5,0,4,0,1,1,1
0,41,24,0.02141229808330536,1,0,6,3,1,6,0,4,0,1,1,1
0,41,25,0.020384013652801514,1,0,6,3,1,1,0,5,0,1,1,1
0,41,26,0.005454856436699629,1,0,6,3,1,2,0,5,0,1,1,1
0,41,28,0.0012310454621911049,1,0,6,3,1,4,0,5,0,1,1,1
0,41,31,0.0043244739063084126,1,0,6,4,1,1,0,1,0,1,1,1
0,41,32,0.00024659160408191383,1,0,6,4,1,2,0,2,0,1,1,1
0,41,33,0.04378391057252884,1,0,6,4,1,3,0,3,0,1,1,1
0,41,34,0.00167412543669343,1,0,6,4,1,4,0,4,0,1,1,1
0,41,38,0.4616883397102356,1,0,6,5,1,3,0,3,0,2,1,2
0,41,40,0.19631530344486237,1,0,6,5,1,5,0,5,0,2,1,2
0,41,43,0.010497214272618294,1,1,6,6,1,3,0,0,0,0,1,1
0,41,44,0.0023074173368513584,1,1,6,6,1,4,0,0,0,0,1,1
0,41,46,0.008894406259059906,1,1,6,6,1,6,0,0,0,0,1,1
0,42,0,0.01653587631881237,1,0,6,1,2,0,0,0,0,2,1,4
0,42,1,0.0065194061025977135,1,0,6,3,2,1,0,1,0,1,1,1
0,42,2,0.006272162776440382,1,0,6,3,2,2,0,1,0,1,1,1
0,42,3,0.006050231866538525,1,0,6,3,2,3,0,1,0,1,1,1
0,42,5,0.021392012014985085,1,0,6,3,2,5,0,1,0,1,1,1
0,42,6,0.011310093104839325,1,0,6,3,2,6,0,1,0,1,1,1
0,42,7,0.0026084668934345245,1,0,6,3,2,1,0,2,0,1,1,1
0,42,11,0.017805760726332664,1,0,6,3,2,5,0,2,0,1,1,1
0,42,13,0.0008767312974669039,1,0,6,3,2,1,0,3,0,1,1,1
0,42,18,0.002278375206515193,1,0,6,3,2,6,0,3,0,1,1,1
0,42,23,0.03458169475197792,1,0,6,3,2,5,0,4,0,1,1,1
0,42,24,0.03396511822938919,1,0,6,3,2,6,0,4,0,1,1,1
0,42,25,0.035592470318078995,1,0,6,3,2,1,0,5,0,1,1,1
0,42,26,0.01785595901310444,1,0,6,3,2,2,0,5,0,1,1,1
0,42,28,0.0038785894867032766,1,0,6,3,2,4,0,5,0,1,1,1
0,42,31,0.004083137959241867,1,0,6,4,2,1,0,1,0,1,1,1
0,42,32,0.003657439723610878,1,0,6,4,2,2,0,2,0,1,1,1
0,42,33,0.2138269692659378,1,0,6,4,2,3,0,3,0,1,1,1
0,42,34,0.011164543218910694,1,0,6,4,2,4,0,4,0,1,1,1
0,42,38,0.08828268200159073,1,0,6,5,2,3,0,3,0,2,1,2
0,42,40,0.4601670801639557,1,0,6,5,2,5,0,5,0,2,1,2
0,42,43,0.0011764592491090298,1,1,6,6,2,3,0,0,0,0,1,1
0,42,44,0.00010400278551969677,1,1,6,6,2,4,0,0,0,0,1,1
0,42,46,1.4667872164864093e-05,1,1,6,6,2,6,0,0,0,0,1,1
0,45,0,0.006995238363742828,1,0,6,1,5,0,0,0,0,2,1,4
0,45,1,0.0024054325185716152,1,0,6,3,5,1,0,1,0,1,1,1
0,45,2,7.040525088086724e-05,1,0,6,3,5,2,0,1,0,1,1,1
0,45,3,0.0001926975673995912,1,0,6,3,5,3,0,1,0,1,1,1
0,45,5,0.0002217377768829465,1,0,6,3,5,5,0,1,0,1,1,1
0,45,6,0.00024283055972773582,1,0,6,3,5,6,0,1,0,1,1,1
0,45,7,0.0003823527367785573,1,0,6,3,5,1,0,2,0,1,1,1
0,45,11,0.000214036728721112,1,0,6,3,5,5,0,2,0,1,1,1
0,45,13,0.00011922413250431418,1,0,6,3,5,1,0,3,0,1,1,1
0,45,18,0.0003499598242342472,1,0,6,3,5,6,0,3,0,1,1,1
0,45,23,0.0011853217147290707,1,0,6,3,5,5,0,4,0,1,1,1
0,45,24,0.002295310841873288,1,0,6,3,5,6,0,4,0,1,1,1
0,45,25,0.0019671632908284664,1,0,6,3,5,1,0,5,0,1,1,1
0,45,26,0.0001799108722480014,1,0,6,3,5,2,0,5,0,1,1,1
0,45,28,9.731982572702691e-05,1,0,6,3,5,4,0,5,0,1,1,1
0,45,31,6.396137177944183e-05,1,0,6,4,5,1,0,1,0,1,1,1
0,45,32,8.861199603416026e-06,1,0,6,4,5,2,0,2,0,1,1,1
0,45,33,0.0008663920452818274,1,0,6,4,5,3,0,3,0,1,1,1
0,45,34,8.036719373194501e-05,1,0,6,4,5,4,0,4,0,1,1,1
0,45,38,0.02603895217180252,1,0,6,5,5,3,0,3,0,2,1,2
0,45,40,0.9557536244392395,1,0,6,5,5,5,0,5,0,2,1,2
0,45,43,0.000157285961904563,1,1,6,6,5,3,0,0,0,0,1,1
0,45,44,1.1420869668654632e-05,1,1,6,6,5,4,0,0,0,0,1,1
0,45,46,0.000100602803286165,1,1,6,6,5,6,0,0,0,0,1,1
0,47,0,0.010855648666620255,2,0,7,1,0,0,0,0,0,2,4,4
0,47,1,0.0002242282498627901,2,0,7,3,0,1,0,1,0,1,4,1
0,47,2,0.023025913164019585,2,0,7,3,0,2,0,1,0,1,4,1
0,47,3,0.012814938090741634,2,0,7,3,0,3,0,1,0,1,4,1
0,47,5,0.010751842521131039,2,0,7,3,0,5,0,1,0,1,4,1
0,47,6,0.006166975945234299,2,0,7,3,0,6,0,1,0,1,4,1
0,47,7,0.003649453865364194,2,0,7,3,0,1,0,2,0,1,4,1
0,47,11,0.0065843225456774235,2,0,7,3,0,5,0,2,0,1,4,1
0,47,13,0.011258486658334732,2,0,7,3,0,1,0,3,0,1,4,1
0,47,18,0.026660075411200523,2,0,7,3,0,6,0,3,0,1,4,1
0,47,23,0.002154036657884717,2,0,7,3,0,5,0,4,0,1,4,1
0,47,24,0.001776702469214797,2,0,7,3,0,6,0,4,0,1,4,1
0,47,25,0.2784980833530426,2,0,7,3,0,1,0,5,0,1,4,1
0,47,26,0.487886905670166,2,0,7,3,0,2,0,5,0,1,4,1
0,47,28,0.01506162527948618,2,0,7,3,0,4,0,5,0,1,4,1
0,47,31,0.002612869255244732,2,0,7,4,0,1,0,1,0,1,4,1
0,47,32,0.00442193727940321,2,0,7,4,0,2,0,2,0,1,4,1
0,47,33,0.08646591752767563,2,0,7,4,0,3,0,3,0,1,4,1
0,47,34,0.0014478217344731092,2,0,7,4,0,4,0,4,0,1,4,1
0,47,38,0.002702101366594434,2,0,7,5,0,3,0,3,0,2,4,2
0,47,40,5.624098776024766e-05,2,0,7,5,0,5,0,5,0,2,4,2
0,47,43,0.0032731296960264444,2,1,7,6,0,3,0,0,0,0,4,1
0,47,44,0.0014885119162499905,2,1,7,6,0,4,0,0,0,0,4,1
0,47,46,0.00016211137699428946,2,1,7,6,0,6,0,0,0,0,4,1
1,0,4,0.028085267171263695,0,0,1,3,0,4,0,1,2,1,4,1
1,0,8,0.000963152851909399,0,0,1,3,0,2,0,2,2,1,4,1
1,0,9,0.0019260408589616418,0,0,1,3,0,3,0,2,2,1,4,1
1,0,10,0.0019021029584109783,0,0,1,3,0,4,0,2,2,1,4,1
1,0,12,0.00012907716154586524,0,0,1,3,0,6,0,2,2,1,4,1
1,0,14,0.007570854388177395,0,0,1,3,0,2,0,3,2,1,4,1
1,0,15,0.02560669183731079,0,0,1,3,0,3,0,3,2,1,4,1
1,0,16,0.7685906291007996,0,0,1,3,0,4,0,3,2,1,4,1
1,0,17,0.0027048250194638968,0,0,1,3,0,5,0,3,2,1,4,1
1,0,19,0.003970470279455185,0,0,1,3,0,1,0,4,2,1,4,1
1,0,20,0.005284367594867945,0,0,1,3,0,2,0,4,2,1,4,1
1,0,21,0.028748270124197006,0,0,1,3,0,3,0,4,2,1,4,1
1,0,22,0.10305802524089813,0,0,1,3,0,4,0,4,2,1,4,1
1,0,27,0.014734704047441483,0,0,1,3,0,3,0,5,2,1,4,1
1,0,29,0.0001905792742036283,0,0,1,3,0,5,0,5,2,1,4,1
1,0,30,0.00030222785426303744,0,0,1,3,0,6,0,5,2,1,4,1
1,0,35,3.929304875782691e-05,0,0,1,4,0,5,0,5,2,1,4,1
1,0,36,6.787257007090375e-05,0,0,1,5,0,1,0,1,2,2,4,2
1,0,37,3.4824486647266895e-05,0,0,1,5,0,2,0,2,2,2,4,2
1,0,39,0.000368064473150298,0,0,1,5,0,4,0,4,2,2,4,2
1,0,41,0.0022328784689307213,0,1,1,6,0,1,0,0,2,0,4,1
1,0,42,0.00031168744317255914,0,1,1,6,0,2,0,0,2,0,4,1
1,0,45,0.00020978560496587306,0,1,1,6,0,5,0,0,2,0,4,1
1,0,47,0.0029683331958949566,0,2,1,7,0,0,0,0,2,0,4,4
1,1,4,0.00014800576900597662,0,0,3,3,1,4,1,1,1,1,1,1
1,1,8,3.3051583159249276e-05,0,0,3,3,1,2,1,2,1,1,1,1
1,1,9,0.011274503543972969,0,0,3,3,1,3,1,2,1,1,1,1
1,1,10,0.0003275963827036321,0,0,3,3,1,4,1,2,1,1,1,1
1,1,12,6.884947197249858e-06,0,0,3,3,1,6,1,2,1,1,1,1
1,1,14,0.0010094911558553576,0,0,3,3,1,2,1,3,1,1,1,1
1,1,15,0.000970507157035172,0,0,3,3,1,3,1,3,1,1,1,1
1,1,16,0.9848546385765076,0,0,3,3,1,4,1,3,1,1,1,1
1,1,17,9.77992604020983e-05,0,0,3,3,1,5,1,3,1,1,1,1
1,1,19,1.0063095032819547e-05,0,0,3,3,1,1,1,4,1,1,1,1
1,1,20,1.135674779106921e-06,0,0,3,3,1,2,1,4,1,1,1,1
1,1,21,0.00010249326442135498,0,0,3,3,1,3,1,4,1,1,1,1
1,1,22,0.0010451814159750938,0,0,3,3,1,4,1,4,1,1,1,1
1,1,27,8.884032286005095e-05,0,0,3,3,1,3,1,5,1,1,1,1
1,1,29,4.206985124710627e-07,0,0,3,3,1,5,1,5,1,1,1,1
1,1,30,1.0698205414882977e-06,0,0,3,3,1,6,1,5,1,1,1,1
1,1,35,1.726386322786766e-08,0,0,3,4,1,5,1,5,1,1,1,1
1,1,36,1.321172203461174e-05,0,0,3,5,1,1,1,1,1,2,1,2
1,1,37,4.888008220405027e-07,0,0,3,5,1,2,1,2,1,2,1,2
1,1,39,6.294482091107056e-07,0,0,3,5,1,4,1,4,1,2,1,2
1,1,41,8.849289656609471e-07,0,1,3,6,1,1,1,0,1,0,1,1
1,1,42,5.526186797055743e-08,0,1,3,6,1,2,1,0,1,0,1,1
1,1,45,1.3406344123723102e-07,0,1,3,6,1,5,1,0,1,0,1,1
1,1,47,1.261248326045461e-05,0,2,3,7,1,0,1,0,1,0,1,4
1,2,4,4.1895989852491766e-05,0,0,3,3,2,4,1,1,1,1,1,1
1,2,8,7.53063386582653e-06,0,0,3,3,2,2,1,2,1,1,1,1
1,2,9,0.0009651797008700669,0,0,3,3,2,3,1,2,1,1,1,1
1,2,10,4.560276647680439e-05,0,0,3,3,2,4,1,2,1,1,1,1
1,2,12,1.682765400801145e-06,0,0,3,3,2,6,1,2,1,1,1,1
1,2,14,0.0005119327688589692,0,0,3,3,2,2,1,3,1,1,1,1
1,2,15,0.0007604592246934772,0,0,3,3,2,3,1,3,1,1,1,1
1,2,16,0.9969871640205383,0,0,3,3,2,4,1,3,1,1,1,1
1,2,17,3.015954098373186e-05,0,0,3,3,2,5,1,3,1,1,1,1
1,2,19,1.2930261164001422e-06,0,0,3,3,2,1,1,4,1,1,1,1
1,2,20,4.3601491483968857e-07,0,0,3,3,2,2,1,4,1,1,1,1
1,2,21,4.2506868339842185e-05,0,0,3,3,2,3,1,4,1,1,1,1
1,2,22,0.0005314082372933626,0,0,3,3,2,4,1,4,1,1,1,1
1,2,27,5.961627175565809e-05,0,0,3,3,2,3,1,5,1,1,1,1
1,2,29,2.2534736388024612e-07,0,0,3,3,2,5,1,5,1,1,1,1
1,2,30,7.134024144761497e-07,0,0,3,3,2,6,1,5,1,1,1,1
1,2,35,5.589233253999737e-08,0,0,3,4,2,5,1,5,1,1,1,1
1,2,36,2.1383089006121736e-06,0,0,3,5,2,1,1,1,1,2,1,2
1,2,37,2.043384341732235e-07,0,0,3,5,2,2,1,2,1,2,1,2
1,2,39,2.8129321094638726e-07,0,0,3,5,2,4,1,4,1,2,1,2
1,2,41,6.628887376791681e-07,0,1,3,6,2,1,1,0,1,0,1,1
1,2,42,6.976146949000395e-08,0,1,3,6,2,2,1,0,1,0,1,1
1,2,45,5.1487127450400294e-08,0,1,3,6,2,5,1,0,1,0,1,1
1,2,47,8.649472874822095e-06,0,2,3,7,2,0,1,0,1,0,1,4
1,3,4,9.563269122736529e-05,0,0,3,3,3,4,1,1,1,1,1,1
1,3,8,6.0809966271335725e-06,0,0,3,3,3,2,1,2,1,1,1,1
1,3,9,0.002198793925344944,0,0,3,3,3,3,1,2,1,1,1,1
1,3,10,9.56673757173121e-05,0,0,3,3,3,4,1,2,1,1,1,1
1,3,12,2.897110334743047e-06,0,0,3,3,3,6,1,2,1,1,1,1
1,3,14,0.0002184711629524827,0,0,3,3,3,2,1,3,1,1,1,1
1,3,15,0.0007498859195038676,0,0,3,3,3,3,1,3,1,1,1,1
1,3,16,0.9932066798210144,0,0,3,3,3,4,1,3,1,1,1,1
1,3,17,3.155526428599842e-05,0,0,3,3,3,5,1,3,1,1,1,1
1,3,19,2.379472334723687e-06,0,0,3,3,3,1,1,4,1,1,1,1
1,3,20,4.785853775501892e-07,0,0,3,3,3,2,1,4,1,1,1,1
1,3,21,5.099795089336112e-05,0,0,3,3,3,3,1,4,1,1,1,1
1,3,22,0.003197206649929285,0,0,3,3,3,4,1,4,1,1,1,1
1,3,27,2.6447860363987274e-05,0,0,3,3,3,3,1,5,1,1,1,1
1,3,29,4.795847274863263e-08,0,0,3,3,3,5,1,5,1,1,1,1
1,3,30,3.3404478472220944e-07,0,0,3,3,3,6,1,5,1,1,1,1
1,3,35,1.80742212307905e-08,0,0,3,4,3,5,1,5,1,1,1,1
1,3,36,2.2941312636248767e-05,0,0,3,5,3,1,1,1,1,2,1,2
1,3,37,3.9463600387534825e-07,0,0,3,5,3,2,1,2,1,2,1,2
1,3,39,8.083725901997241e-07,0,0,3,5,3,4,1,4,1,2,1,2
1,3,41,1.8464738786860835e-06,0,1,3,6,3,1,1,0,1,0,1,1
1,3,42,4.992679691895319e-07,0,1,3,6,3,2,1,0,1,0,1,1
1,3,45,1.4212520227374625e-07,0,1,3,6,3,5,1,0,1,0,1,1
1,3,47,8.994773816084489e-05,0,2,3,7,3,0,1,0,1,0,1,4
1,5,4,4.6874014515196905e-05,0,0,3,3,5,4,1,1,1,1,1,1
1,5,8,3.832002676062984e-06,0,0,3,3,5,2,1,2,1,1,1,1
1,5,9,0.0005243299528956413,0,0,3,3,5,3,1,2,1,1,1,1
1,5,10,5.815038821310736e-05,0,0,3,3,5,4,1,2,1,1,1,1
1,5,12,2.5153985916404054e-06,0,0,3,3,5,6,1,2,1,1,1,1
1,5,14,0.0009744883864186704,0,0,3,3,5,2,1,3,1,1,1,1
1,5,15,0.0003368278848938644,0,0,3,3,5,3,1,3,1,1,1,1
1,5,16,0.9971043467521667,0,0,3,3,5,4,1,3,1,1,1,1
1,5,17,1.2680301551881712e-05,0,0,3,3,5,5,1,3,1,1,1,1
1,5,19,2.3586108000017703e-06,0,0,3,3,5,1,1,4,1,1,1,1
1,5,20,1.0365805565015762e-06,0,0,3,3,5,2,1,4,1,1,1,1
1,5,21,5.89366682106629e-05,0,0,3,3,5,3,1,4,1,1,1,1
1,5,22,0.0006833816878497601,0,0,3,3,5,4,1,4,1,1,1,1
1,5,27,8.882228576112539e-05,0,0,3,3,5,3,1,5,1,1,1,1
1,5,29,4.1011780638200435e-08,0,0,3,3,5,5,1,5,1,1,1,1
1,5,30,6.81138544678106e-07,0,0,3,3,5,6,1,5,1,1,1,1
1,5,35,6.342900427114273e-09,0,0,3,4,5,5,1,5,1,1,1,1
1,5,36,1.1407433930799016e-06,0,0,3,5,5,1,1,1,1,2,1,2
1,5,37,3.396506542685529e-08,0,0,3,5,5,2,1,2,1,2,1,2
1,5,39,2.453809599956003e-07,0,0,3,5,5,4,1,4,1,2,1,2
1,5,41,1.0362647344663856e-06,0,1,3,6,5,1,1,0,1,0,1,1
1,5,42,8.826066277833888e-08,0,1,3,6,5,2,1,0,1,0,1,1
1,5,45,7.31607840975812e-09,0,1,3,6,5,5,1,0,1,0,1,1
1,5,47,9.889873035717756e-05,0,2,3,7,5,0,1,0,1,0,1,4
1,6,4,0.00012404353765305132,0,0,3,3,6,4,1,1,1,1,1,1
1,6,8,4.230614649713971e-05,0,0,3,3,6,2,1,2,1,1,1,1
1,6,9,0.013674156740307808,0,0,3,3,6,3,1,2,1,1,1,1
1,6,10,0.00039480291889049113,0,0,3,3,6,4,1,2,1,1,1,1
1,6,12,1.108085871237563e-05,0,0,3,3,6,6,1,2,1,1,1,1
1,6,14,0.0013852417469024658,0,0,3,3,6,2,1,3,1,1,1,1
1,6,15,0.001564131467603147,0,0,3,3,6,3,1,3,1,1,1,1
1,6,16,0.9807799458503723,0,0,3,3,6,4,1,3,1,1,1,1
1,6,17,3.9206130168167874e-05,0,0,3,3,6,5,1,3,1,1,1,1
1,6,19,1.0153211405850016e-05,0,0,3,3,6,1,1,4,1,1,1,1
1,6,20,2.0881620912405197e-06,0,0,3,3,6,2,1,4,1,1,1,1
1,6,21,0.00018628942780196667,0,0,3,3,6,3,1,4,1,1,1,1
1,6,22,0.0016543461242690682,0,0,3,3,6,4,1,4,1,1,1,1
1,6,27,7.264182931976393e-05,0,0,3,3,6,3,1,5,1,1,1,1
1,6,29,1.0829059959860388e-07,0,0,3,3,6,5,1,5,1,1,1,1
1,6,30,7.711564649071079e-07,0,0,3,3,6,6,1,5,1,1,1,1
1,6,35,2.9364317200020196e-08,0,0,3,4,6,5,1,5,1,1,1,1
1,6,36,1.714225800242275e-05,0,0,3,5,6,1,1,1,1,2,1,2
1,6,37,7.826354249118594e-07,0,0,3,5,6,2,1,2,1,2,1,2
1,6,39,7.51831407796999e-07,0,0,3,5,6,4,1,4,1,2,1,2
1,6,41,1.722960746519675e-06,0,1,3,6,6,1,1,0,1,0,1,1
1,6,42,8.534022981621092e-07,0,1,3,6,6,2,1,0,1,0,1,1
1,6,45,1.0059712707288782e-07,0,1,3,6,6,5,1,0,1,0,1,1
1,6,47,3.783192005357705e-05,0,2,3,7,6,0,1,0,1,0,1,4
1,7,4,0.0001111640376620926,0,0,3,3,1,4,2,1,1,1,1,1
1,7,8,0.0005302299978211522,0,0,3,3,1,2,2,2,1,1,1,1
1,7,9,0.9772325754165649,0,0,3,3,1,3,2,2,1,1,1,1
1,7,10,0.0008218103903345764,0,0,3,3,1,4,2,2,1,1,1,1
1,7,12,2.688013410079293e-05,0,0,3,3,1,6,2,2,1,1,1,1
1,7,14,0.0006547613884322345,0,0,3,3,1,2,2,3,1,1,1,1
1,7,15,0.0002522777358535677,0,0,3,3,1,3,2,3,1,1,1,1
1,7,16,0.019707223400473595,0,0,3,3,1,4,2,3,1,1,1,1
1,7,17,9.395572305948008e-06,0,0,3,3,1,5,2,3,1,1,1,1
1,7,19,3.409739747439744e-06,0,0,3,3,1,1,2,4,1,1,1,1
1,7,20,1.3872204362996854e-06,0,0,3,3,1,2,2,4,1,1,1,1
1,7,21,0.00044265625183470547,0,0,3,3,1,3,2,4,1,1,1,1
1,7,22,8.979390986496583e-05,0,0,3,3,1,4,2,4,1,1,1,1
1,7,27,1.7823407688410953e-05,0,0,3,3,1,3,2,5,1,1,1,1
1,7,29,2.2140179112284386e-07,0,0,3,3,1,5,2,5,1,1,1,1
1,7,30,8.64377724951737e-08,0,0,3,3,1,6,2,5,1,1,1,1
1,7,35,4.268693842846005e-08,0,0,3,4,1,5,2,5,1,1,1,1
1,7,36,8.15340899862349e-05,0,0,3,5,1,1,2,1,1,2,1,2
1,7,37,2.478858732501976e-06,0,0,3,5,1,2,2,2,1,2,1,2
1,7,39,1.9187514510576875e-07,0,0,3,5,1,4,2,4,1,2,1,2
1,7,41,5.997835046400724e-07,0,1,3,6,1,1,2,0,1,0,1,1
1,7,42,1.1922686553589301e-06,0,1,3,6,1,2,2,0,1,0,1,1
1,7,45,3.203001881502132e-07,0,1,3,6,1,5,2,0,1,0,1,1
1,7,47,1.2409604096319526e-05,0,2,3,7,1,0,2,0,1,0,1,4
1,11,4,0.0007464074296876788,0,0,3,3,5,4,2,1,1,1,1,1
1,11,8,0.00016385999333579093,0,0,3,3,5,2,2,2,1,1,1,1
1,11,9,0.011822443455457687,0,0,3,3,5,3,2,2,1,1,1,1
1,11,10,0.0029871792066842318,0,0,3,3,5,4,2,2,1,1,1,1
1,11,12,0.00045220699394121766,0,0,3,3,5,6,2,2,1,1,1,1
1,11,14,0.011123721487820148,0,0,3,3,5,2,2,3,1,1,1,1
1,11,15,0.004760527051985264,0,0,3,3,5,3,2,3,1,1,1,1
1,11,16,0.9604609608650208,0,0,3,3,5,4,2,3,1,1,1,1
1,11,17,0.0004234044172335416,0,0,3,3,5,5,2,3,1,1,1,1
1,11,19,0.0002856109931599349,0,0,3,3,5,1,2,4,1,1,1,1
1,11,20,7.131130405468866e-05,0,0,3,3,5,2,2,4,1,1,1,1
1,11,21,0.0003709023876581341,0,0,3,3,5,3,2,4,1,1,1,1
1,11,22,0.0028621077071875334,0,0,3,3,5,4,2,4,1,1,1,1
1,11,27,0.0015019320417195559,0,0,3,3,5,3,2,5,1,1,1,1
1,11,29,4.693338723882334e-06,0,0,3,3,5,5,2,5,1,1,1,1
1,11,30,8.342670480487868e-05,0,0,3,3,5,6,2,5,1,1,1,1
1,11,35,7.603022140756366e-07,0,0,3,4,5,5,2,5,1,1,1,1
1,11,36,0.0003164938825648278,0,0,3,5,5,1,2,1,1,2,1,2
1,11,37,2.0671295715146698e-05,0,0,3,5,5,2,2,2,1,2,1,2
1,11,39,4.5889642933616415e-05,0,0,3,5,5,4,2,4,1,2,1,2
1,11,41,8.18204425740987e-05,0,1,3,6,5,1,2,0,1,0,1,1
1,11,42,7.700306014157832e-06,0,1,3,6,5,2,2,0,1,0,1,1
1,11,45,1.7428637875127606e-06,0,1,3,6,5,5,2,0,1,0,1,1
1,11,47,0.0014045326970517635,0,2,3,7,5,0,2,0,1,0,1,4
1,13,4,8.476307266391814e-05,0,0,3,3,1,4,3,1,1,1,1,1
1,13,8,0.010070648975670338,0,0,3,3,1,2,3,2,1,1,1,1
1,13,9,0.9850690364837646,0,0,3,3,1,3,3,2,1,1,1,1
1,13,10,0.00036984082544222474,0,0,3,3,1,4,3,2,1,1,1,1
1,13,12,0.00016085879178717732,0,0,3,3,1,6,3,2,1,1,1,1
1,13,14,0.0003223050734959543,0,0,3,3,1,2,3,3,1,1,1,1
1,13,15,0.00022618341608904302,0,0,3,3,1,3,3,3,1,1,1,1
1,13,16,0.0004032737051602453,0,0,3,3,1,4,3,3,1,1,1,1
1,13,17,5.1086894927721005e-06,0,0,3,3,1,5,3,3,1,1,1,1
1,13,19,9.374574801768176e-06,0,0,3,3,1,1,3,4,1,1,1,1
1,13,20,2.955763011414092e-05,0,0,3,3,1,2,3,4,1,1,1,1
1,13,21,0.002837118925526738,0,0,3,3,1,3,3,4,1,1,1,1
1,13,22,1.836493356677238e-05,0,0,3,3,1,4,3,4,1,1,1,1
1,13,27,3.730432945303619e-05,0,0,3,3,1,3,3,5,1,1,1,1
1,13,29,5.646033059747424e-06,0,0,3,3,1,5,3,5,1,1,1,1
1,13,30,2.6109776740668167e-07,0,0,3,3,1,6,3,5,1,1,1,1
1,13,35,9.128989404416643e-07,0,0,3,4,1,5,3,5,1,1,1,1
1,13,36,0.00018101964087691158,0,0,3,5,1,1,3,1,1,2,1,2
1,13,37,0.00015429222548846155,0,0,3,5,1,2,3,2,1,2,1,2
1,13,39,1.1281257457085303e-06,0,0,3,5,1,4,3,4,1,2,1,2
1,13,41,1.1896924689835942e-07,0,1,3,6,1,1,3,0,1,0,1,1
1,13,42,4.233225809002761e-06,0,1,3,6,1,2,3,0,1,0,1,1
1,13,45,6.045211762284453e-07,0,1,3,6,1,5,3,0,1,0,1,1
1,13,47,8.193099347408861e-06,0,2,3,7,1,0,3,0,1,0,1,4
1,18,4,0.0014149921480566263,0,0,3,3,6,4,3,1,1,1,1,1
1,18,8,0.0022025182843208313,0,0,3,3,6,2,3,2,1,1,1,1
1,18,9,0.04403197765350342,0,0,3,3,6,3,3,2,1,1,1,1
1,18,10,0.002693563001230359,0,0,3,3,6,4,3,2,1,1,1,1
1,18,12,0.00011978959810221568,0,0,3,3,6,6,3,2,1,1,1,1
1,18,14,0.01118756365031004,0,0,3,3,6,2,3,3,1,1,1,1
1,18,15,0.010686464607715607,0,0,3,3,6,3,3,3,1,1,1,1
1,18,16,0.9091286063194275,0,0,3,3,6,4,3,3,1,1,1,1
1,18,17,0.0011247333604842424,0,0,3,3,6,5,3,3,1,1,1,1
1,18,19,0.00015170742699410766,0,0,3,3,6,1,3,4,1,1,1,1
1,18,20,0.00018092714890372008,0,0,3,3,6,2,3,4,1,1,1,1
1,18,21,0.002209485974162817,0,0,3,3,6,3,3,4,1,1,1,1
1,18,22,0.012980704195797443,0,0,3,3,6,4,3,4,1,1,1,1
1,18,27,0.00043370420462451875,0,0,3,3,6,3,3,5,1,1,1,1
1,18,29,4.8486763262189925e-05,0,0,3,3,6,5,3,5,1,1,1,1
1,18,30,1.3929398846812546e-05,0,0,3,3,6,6,3,5,1,1,1,1
1,18,35,1.2023797353322152e-06,0,0,3,4,6,5,3,5,1,1,1,1
1,18,36,0.0007222582353278995,0,0,3,5,6,1,3,1,1,2,1,2
1,18,37,0.00030191082623787224,0,0,3,5,6,2,3,2,1,2,1,2
1,18,39,6.750863394699991e-05,0,0,3,5,6,4,3,4,1,2,1,2
1,18,41,3.1620202207705006e-05,0,1,3,6,6,1,3,0,1,0,1,1
1,18,42,0.00010481092613190413,0,1,3,6,6,2,3,0,1,0,1,1
1,18,45,4.724744212580845e-05,0,1,3,6,6,5,3,0,1,0,1,1
1,18,47,0.00011433868348831311,0,2,3,7,6,0,3,0,1,0,1,4
1,23,4,7.557509889011271e-06,0,0,3,3,5,4,4,1,1,1,1,1
1,23,8,1.203341781774725e-07,0,0,3,3,5,2,4,2,1,1,1,1
1,23,9,5.2107119699940085e-05,0,0,3,3,5,3,4,2,1,1,1,1
1,23,10,4.142365014558891e-06,0,0,3,3,5,4,4,2,1,1,1,1
1,23,12,1.7761892934231582e-07,0,0,3,3,5,6,4,2,1,1,1,1
1,23,14,0.00012135063298046589,0,0,3,3,5,2,4,3,1,1,1,1
1,23,15,0.00019411130051594228,0,0,3,3,5,3,4,3,1,1,1,1
1,23,16,0.9995620250701904,0,0,3,3,5,4,4,3,1,1,1,1
1,23,17,1.700354005151894e-06,0,0,3,3,5,5,4,3,1,1,1,1
1,23,19,3.671971171570476e-07,0,0,3,3,5,1,4,4,1,1,1,1
1,23,20,1.0234008840370734e-07,0,0,3,3,5,2,4,4,1,1,1,1
1,23,21,2.5845436084637186e-06,0,0,3,3,5,3,4,4,1,1,1,1
1,23,22,2.6330651962780394e-05,0,0,3,3,5,4,4,4,1,1,1,1
1,23,27,2.875696009141393e-05,0,0,3,3,5,3,4,5,1,1,1,1
1,23,29,3.0841151854588134e-09,0,0,3,3,5,5,4,5,1,1,1,1
1,23,30,8.506911797212524e-08,0,0,3,3,5,6,4,5,1,1,1,1
1,23,35,1.7929432938323941e-10,0,0,3,4,5,5,4,5,1,1,1,1
1,23,36,1.3005301013890858e-07,0,0,3,5,5,1,4,1,1,2,1,2
1,23,37,4.15103684758833e-09,0,0,3,5,5,2,4,2,1,2,1,2
1,23,39,2.7377907940717705e-08,0,0,3,5,5,4,4,4,1,2,1,2
1,23,41,7.221054687533979e-08,0,1,3,6,5,1,4,0,1,0,1,1
1,23,42,3.42944200815154e-10,0,1,3,6,5,2,4,0,1,0,1,1
1,23,45,1.8834568626946435e-10,0,1,3,6,5,5,4,0,1,0,1,1
1,23,47,1.6478875295433681e-06,0,2,3,7,5,0,4,0,1,0,1,4
1,24,4,7.83982045504672e-07,0,0,3,3,6,4,4,1,1,1,1,1
1,24,8,8.846932963990639e-09,0,0,3,3,6,2,4,2,1,1,1,1
1,24,9,1.2556866749946494e-05,0,0,3,3,6,3,4,2,1,1,1,1
1,24,10,1.1160090025441605e-06,0,0,3,3,6,4,4,2,1,1,1,1
1,24,12,3.6074554454756935e-09,0,0,3,3,6,6,4,2,1,1,1,1
1,24,14,1.5001971405581571e-05,0,0,3,3,6,2,4,3,1,1,1,1
1,24,15,2.3536123990197666e-05,0,0,3,3,6,3,4,3,1,1,1,1
1,24,16,0.9998936057090759,0,0,3,3,6,4,4,3,1,1,1,1
1,24,17,5.057553380538593e-07,0,0,3,3,6,5,4,3,1,1,1,1
1,24,19,5.473526343280355e-08,0,0,3,3,6,1,4,4,1,1,1,1
1,24,20,2.882130756276524e-09,0,0,3,3,6,2,4,4,1,1,1,1
1,24,21,5.874144903827982e-07,0,0,3,3,6,3,4,4,1,1,1,1
1,24,22,4.552744940156117e-05,0,0,3,3,6,4,4,4,1,1,1,1
1,24,27,1.5813801610420342e-06,0,0,3,3,6,3,4,5,1,1,1,1
1,24,29,9.129860756296182e-11,0,0,3,3,6,5,4,5,1,1,1,1
1,24,30,4.514679741163263e-09,0,0,3,3,6,6,4,5,1,1,1,1
1,24,35,1.5199511571237223e-12,0,0,3,4,6,5,4,5,1,1,1,1
1,24,36,2.6849642509318983e-09,0,0,3,5,6,1,4,1,1,2,1,2
1,24,37,2.858397893379383e-11,0,0,3,5,6,2,4,2,1,2,1,2
1,24,39,8.982976029692225e-10,0,0,3,5,6,4,4,4,1,2,1,2
1,24,41,2.205799765064853e-09,0,1,3,6,6,1,4,0,1,0,1,1
1,24,42,1.0685187977477195e-11,0,1,3,6,6,2,4,0,1,0,1,1
1,24,45,1.3333374335178227e-11,0,1,3,6,6,5,4,0,1,0,1,1
1,24,47,6.179932654504228e-08,0,2,3,7,6,0,4,0,1,0,1,4
1,25,4,0.00017881514213513583,0,0,3,3,1,4,5,1,1,1,1,1
1,25,8,3.858779018628411e-05,0,0,3,3,1,2,5,2,1,1,1,1
1,25,9,0.031653743237257004,0,0,3,3,1,3,5,2,1,1,1,1
1,25,10,0.00019140732183586806,0,0,3,3,1,4,5,2,1,1,1,1
1,25,12,9.416588000021875e-06,0,0,3,3,1,6,5,2,1,1,1,1
1,25,14,0.000593684846535325,0,0,3,3,1,2,5,3,1,1,1,1
1,25,15,0.001331569510512054,0,0,3,3,1,3,5,3,1,1,1,1
1,25,16,0.964840292930603,0,0,3,3,1,4,5,3,1,1,1,1
1,25,17,1.5577721569570713e-05,0,0,3,3,1,5,5,3,1,1,1,1
1,25,19,9.755586688697804e-06,0,0,3,3,1,1,5,4,1,1,1,1
1,25,20,3.0106987196631962e-06,0,0,3,3,1,2,5,4,1,1,1,1
1,25,21,0.00026259321020916104,0,0,3,3,1,3,5,4,1,1,1,1
1,25,22,0.00066775904269889,0,0,3,3,1,4,5,4,1,1,1,1
1,25,27,0.00010574355837889016,0,0,3,3,1,3,5,5,1,1,1,1
1,25,29,4.2369752151216744e-08,0,0,3,3,1,5,5,5,1,1,1,1
1,25,30,2.2939795485399372e-07,0,0,3,3,1,6,5,5,1,1,1,1
1,25,35,1.3403430587644038e-09,0,0,3,4,1,5,5,5,1,1,1,1
1,25,36,3.804692460107617e-05,0,0,3,5,1,1,5,1,1,2,1,2
1,25,37,1.6808263580969651e-06,0,0,3,5,1,2,5,2,1,2,1,2
1,25,39,1.1154763797094347e-06,0,0,3,5,1,4,5,4,1,2,1,2
1,25,41,9.487475693958913e-08,0,1,3,6,1,1,5,0,1,0,1,1
1,25,42,1.9087806890638603e-08,0,1,3,6,1,2,5,0,1,0,1,1
1,25,45,3.955179739278947e-09,0,1,3,6,1,5,5,0,1,0,1,1
1,25,47,5.660975512000732e-05,0,2,3,7,1,0,5,0,1,0,1,4
1,26,4,1.380692992825061e-05,0,0,3,3,2,4,5,1,1,1,1,1
1,26,8,3.979695577527309e-07,0,0,3,3,2,2,5,2,1,1,1,1
1,26,9,0.00018956471467390656,0,0,3,3,2,3,5,2,1,1,1,1
1,26,10,1.657774373597931e-05,0,0,3,3,2,4,5,2,1,1,1,1
1,26,12,3.4580600072331436e-07,0,0,3,3,2,6,5,2,1,1,1,1
1,26,14,0.00017644668696448207,0,0,3,3,2,2,5,3,1,1,1,1
1,26,15,0.0004928389680571854,0,0,3,3,2,3,5,3,1,1,1,1
1,26,16,0.9989216327667236,0,0,3,3,2,4,5,3,1,1,1,1
1,26,17,1.5156617337197531e-05,0,0,3,3,2,5,5,3,1,1,1,1
1,26,19,1.8803388002197607e-06,0,0,3,3,2,1,5,4,1,1,1,1
1,26,20,1.7160519405479135e-07,0,0,3,3,2,2,5,4,1,1,1,1
1,26,21,1.0559315342106856e-05,0,0,3,3,2,3,5,4,1,1,1,1
1,26,22,0.0001283591118408367,0,0,3,3,2,4,5,4,1,1,1,1
1,26,27,3.0461935239145532e-05,0,0,3,3,2,3,5,5,1,1,1,1
1,26,29,1.6702665917023296e-08,0,0,3,3,2,5,5,5,1,1,1,1
1,26,30,3.500515219911904e-07,0,0,3,3,2,6,5,5,1,1,1,1
1,26,35,6.982863731685995e-10,0,0,3,4,2,5,5,5,1,1,1,1
1,26,36,4.966107098880457e-07,0,0,3,5,2,1,5,1,1,2,1,2
1,26,37,1.4010637983119523e-08,0,0,3,5,2,2,5,2,1,2,1,2
1,26,39,1.0084474411087285e-07,0,0,3,5,2,4,5,4,1,2,1,2
1,26,41,1.0315142162653501e-07,0,1,3,6,2,1,5,0,1,0,1,1
1,26,42,1.7126982054804785e-09,0,1,3,6,2,2,5,0,1,0,1,1
1,26,45,3.165957718209711e-09,0,1,3,6,2,5,5,0,1,0,1,1
1,26,47,1.2224227248225361e-06,0,2,3,7,2,0,5,0,1,0,1,4
1,28,4,0.0001632526546018198,0,0,3,3,4,4,5,1,1,1,1,1
1,28,8,2.8001757527817972e-05,0,0,3,3,4,2,5,2,1,1,1,1
1,28,9,0.0046690599992871284,0,0,3,3,4,3,5,2,1,1,1,1
1,28,10,0.00018677594198379666,0,0,3,3,4,4,5,2,1,1,1,1
1,28,12,1.0339391337765846e-05,0,0,3,3,4,6,5,2,1,1,1,1
1,28,14,0.0010913602309301496,0,0,3,3,4,2,5,3,1,1,1,1
1,28,15,0.0024809762835502625,0,0,3,3,4,3,5,3,1,1,1,1
1,28,16,0.9887966513633728,0,0,3,3,4,4,5,3,1,1,1,1
1,28,17,0.00010574772022664547,0,0,3,3,4,5,5,3,1,1,1,1
1,28,19,2.469157516316045e-05,0,0,3,3,4,1,5,4,1,1,1,1
1,28,20,7.976737833814695e-06,0,0,3,3,4,2,5,4,1,1,1,1
1,28,21,0.00030402635456994176,0,0,3,3,4,3,5,4,1,1,1,1
1,28,22,0.0017629490466788411,0,0,3,3,4,4,5,4,1,1,1,1
1,28,27,0.00019655589130707085,0,0,3,3,4,3,5,5,1,1,1,1
1,28,29,3.864913082907151e-07,0,0,3,3,4,5,5,5,1,1,1,1
1,28,30,3.878070401697187e-06,0,0,3,3,4,6,5,5,1,1,1,1
1,28,35,2.983026448077908e-08,0,0,3,4,4,5,5,5,1,1,1,1
1,28,36,5.6850549299269915e-05,0,0,3,5,4,1,5,1,1,2,1,2
1,28,37,9.100936040340457e-06,0,0,3,5,4,2,5,2,1,2,1,2
1,28,39,1.4843503777228761e-05,0,0,3,5,4,4,5,4,1,2,1,2
1,28,41,4.366765153918095e-07,0,1,3,6,4,1,5,0,1,0,1,1
1,28,42,1.1238521580025918e-07,0,1,3,6,4,2,5,0,1,0,1,1
1,28,45,3.706355400368011e-08,0,1,3,6,4,5,5,0,1,0,1,1
1,28,47,8.671279647387564e-05,0,2,3,7,4,0,5,0,1,0,1,4
1,31,4,3.8176298403413966e-05,0,0,4,3,1,4,1,1,1,1,1,1
1,31,8,1.4917832231731154e-06,0,0,4,3,1,2,1,2,1,1,1,1
1,31,9,0.0010446181986480951,0,0,4,3,1,3,1,2,1,1,1,1
1,31,10,2.3786853489582427e-05,0,0,4,3,1,4,1,2,1,1,1,1
1,31,12,1.8767509573081043e-06,0,0,4,3,1,6,1,2,1,1,1,1
1,31,14,7.318981806747615e-05,0,0,4,3,1,2,1,3,1,1,1,1
1,31,15,0.0003534816496539861,0,0,4,3,1,3,1,3,1,1,1,1
1,31,16,0.9977308511734009,0,0,4,3,1,4,1,3,1,1,1,1
1,31,17,4.607481514540268e-06,0,0,4,3,1,5,1,3,1,1,1,1
1,31,19,1.8841267319658073e-06,0,0,4,3,1,1,1,4,1,1,1,1
1,31,20,1.0553296903026421e-07,0,0,4,3,1,2,1,4,1,1,1,1
1,31,21,1.4084244867262896e-05,0,0,4,3,1,3,1,4,1,1,1,1
1,31,22,0.0006705144187435508,0,0,4,3,1,4,1,4,1,1,1,1
1,31,27,3.066622593905777e-05,0,0,4,3,1,3,1,5,1,1,1,1
1,31,29,2.793350439844744e-09,0,0,4,3,1,5,1,5,1,1,1,1
1,31,30,1.3487256467215047e-07,0,0,4,3,1,6,1,5,1,1,1,1
1,31,35,7.329419293711226e-09,0,0,4,4,1,5,1,5,1,1,1,1
1,31,36,9.035717880578886e-07,0,0,4,5,1,1,1,1,1,2,1,2
1,31,37,8.339824830727594e-09,0,0,4,5,1,2,1,2,1,2,1,2
1,31,39,2.5201199349567105e-08,0,0,4,5,1,4,1,4,1,2,1,2
1,31,41,5.657676638293196e-07,0,1,4,6,1,1,1,0,1,0,1,1
1,31,42,4.341924153550281e-09,0,1,4,6,1,2,1,0,1,0,1,1
1,31,45,2.394746845268969e-09,0,1,4,6,1,5,1,0,1,0,1,1
1,31,47,9.253109965356998e-06,0,2,4,7,1,0,1,0,1,0,1,4
1,32,4,7.417541928589344e-05,0,0,4,3,2,4,2,1,1,1,1,1
1,32,8,3.9668452700425405e-06,0,0,4,3,2,2,2,2,1,1,1,1
1,32,9,0.003905292833223939,0,0,4,3,2,3,2,2,1,1,1,1
1,32,10,0.0003078438458032906,0,0,4,3,2,4,2,2,1,1,1,1
1,32,12,2.8390184525051154e-05,0,0,4,3,2,6,2,2,1,1,1,1
1,32,14,0.00037736876402050257,0,0,4,3,2,2,2,3,1,1,1,1
1,32,15,0.0011851147282868624,0,0,4,3,2,3,2,3,1,1,1,1
1,32,16,0.9926448464393616,0,0,4,3,2,4,2,3,1,1,1,1
1,32,17,8.541624993085861e-05,0,0,4,3,2,5,2,3,1,1,1,1
1,32,19,1.4206908417691011e-05,0,0,4,3,2,1,2,4,1,1,1,1
1,32,20,3.2216166800935753e-07,0,0,4,3,2,2,2,4,1,1,1,1
1,32,21,1.5203989278234076e-05,0,0,4,3,2,3,2,4,1,1,1,1
1,32,22,0.001137669081799686,0,0,4,3,2,4,2,4,1,1,1,1
1,32,27,8.765116945141926e-05,0,0,4,3,2,3,2,5,1,1,1,1
1,32,29,9.132511991083447e-08,0,0,4,3,2,5,2,5,1,1,1,1
1,32,30,7.845074833312538e-06,0,0,4,3,2,6,2,5,1,1,1,1
1,32,35,5.065516575086804e-07,0,0,4,4,2,5,2,5,1,1,1,1
1,32,36,4.564173650578596e-05,0,0,4,5,2,1,2,1,1,2,1,2
1,32,37,3.7506404737541743e-07,0,0,4,5,2,2,2,2,1,2,1,2
1,32,39,1.4377833394974004e-06,0,0,4,5,2,4,2,4,1,2,1,2
1,32,41,1.2709610928141046e-05,0,1,4,6,2,1,2,0,1,0,1,1
1,32,42,1.408604646258027e-07,0,1,4,6,2,2,2,0,1,0,1,1
1,32,45,1.8319501293717622e-07,0,1,4,6,2,5,2,0,1,0,1,1
1,32,47,6.398596451617777e-05,0,2,4,7,2,0,2,0,1,0,1,4
1,33,4,0.0008491701446473598,0,0,4,3,3,4,3,1,1,1,1,1
1,33,8,0.022770313546061516,0,0,4,3,3,2,3,2,1,1,1,1
1,33,9,0.962503969669342,0,0,4,3,3,3,3,2,1,1,1,1
1,33,10,0.0017210530349984765,0,0,4,3,3,4,3,2,1,1,1,1
1,33,12,8.130753849400207e-05,0,0,4,3,3,6,3,2,1,1,1,1
1,33,14,0.0004626104491762817,0,0,4,3,3,2,3,3,1,1,1,1
1,33,15,0.0006887766649015248,0,0,4,3,3,3,3,3,1,1,1,1
1,33,16,0.0030909315682947636,0,0,4,3,3,4,3,3,1,1,1,1
1,33,17,9.763608977664262e-05,0,0,4,3,3,5,3,3,1,1,1,1
1,33,19,6.630326424783561e-06,0,0,4,3,3,1,3,4,1,1,1,1
1,33,20,1.4092187484493479e-05,0,0,4,3,3,2,3,4,1,1,1,1
1,33,21,0.001392944366671145,0,0,4,3,3,3,3,4,1,1,1,1
1,33,22,0.0006697569042444229,0,0,4,3,3,4,3,4,1,1,1,1
1,33,27,2.0018216673634015e-05,0,0,4,3,3,3,3,5,1,1,1,1
1,33,29,3.6760669900104403e-05,0,0,4,3,3,5,3,5,1,1,1,1
1,33,30,3.377041934982117e-07,0,0,4,3,3,6,3,5,1,1,1,1
1,33,35,7.196899787231814e-06,0,0,4,4,3,5,3,5,1,1,1,1
1,33,36,0.002736555179581046,0,0,4,5,3,1,3,1,1,2,1,2
1,33,37,0.001889827661216259,0,0,4,5,3,2,3,2,1,2,1,2
1,33,39,6.201663381943945e-06,0,0,4,5,3,4,3,4,1,2,1,2
1,33,41,1.0767125786514953e-05,0,1,4,6,3,1,3,0,1,0,1,1
1,33,42,0.0005303723737597466,0,1,4,6,3,2,3,0,1,0,1,1
1,33,45,0.00040265347342938185,0,1,4,6,3,5,3,0,1,0,1,1
1,33,47,9.866868822427932e-06,0,2,4,7,3,0,3,0,1,0,1,4
1,34,4,9.39065375860082e-06,0,0,4,3,4,4,4,1,1,1,1,1
1,34,8,2.5607111098224777e-08,0,0,4,3,4,2,4,2,1,1,1,1
1,34,9,1.1512900528032333e-05,0,0,4,3,4,3,4,2,1,1,1,1
1,34,10,1.4965334003136377e-06,0,0,4,3,4,4,4,2,1,1,1,1
1,34,12,3.066439546728361e-08,0,0,4,3,4,6,4,2,1,1,1,1
1,34,14,1.5594929209328257e-05,0,0,4,3,4,2,4,3,1,1,1,1
1,34,15,0.00015042362792883068,0,0,4,3,4,3,4,3,1,1,1,1
1,34,16,0.9996972680091858,0,0,4,3,4,4,4,3,1,1,1,1
1,34,17,2.0439426862139953e-06,0,0,4,3,4,5,4,3,1,1,1,1
1,34,19,1.7452239831072802e-07,0,0,4,3,4,1,4,4,1,1,1,1
1,34,20,2.0441598636011804e-08,0,0,4,3,4,2,4,4,1,1,1,1
1,34,21,9.376642537972657e-07,0,0,4,3,4,3,4,4,1,1,1,1
1,34,22,0.00010101422958541662,0,0,4,3,4,4,4,4,1,1,1,1
1,34,27,8.229203558585141e-06,0,0,4,3,4,3,4,5,1,1,1,1
1,34,29,7.862664963553812e-10,0,0,4,3,4,5,4,5,1,1,1,1
1,34,30,3.637753565044477e-08,0,0,4,3,4,6,4,5,1,1,1,1
1,34,35,2.1362632496302325e-10,0,0,4,4,4,5,4,5,1,1,1,1
1,34,36,1.5657778362765384e-07,0,0,4,5,4,1,4,1,1,2,1,2
1,34,37,3.5926133179486897e-09,0,0,4,5,4,2,4,2,1,2,1,2
1,34,39,3.4761608702638114e-08,0,0,4,5,4,4,4,4,1,2,1,2
1,34,41,1.0065760847055572e-07,0,1,4,6,4,1,4,0,1,0,1,1
1,34,42,3.310259566458029e-10,0,1,4,6,4,2,4,0,1,0,1,1
1,34,45,3.9135247820176744e-10,0,1,4,6,4,5,4,0,1,0,1,1
1,34,47,1.1105790918009006e-06,0,2,4,7,4,0,4,0,1,0,1,4
1,38,4,0.015657512471079826,0,0,5,3,3,4,3,1,2,1,2,1
1,38,8,0.1037437692284584,0,0,5,3,3,2,3,2,2,1,2,1
1,38,9,0.6465295553207397,0,0,5,3,3,3,3,2,2,1,2,1
1,38,10,0.021304119378328323,0,0,5,3,3,4,3,2,2,1,2,1
1,38,12,0.008856462314724922,0,0,5,3,3,6,3,2,2,1,2,1
1,38,14,0.029649734497070312,0,0,5,3,3,2,3,3,2,1,2,1
1,38,15,0.029710255563259125,0,0,5,3,3,3,3,3,2,1,2,1
1,38,16,0.02600036934018135,0,0,5,3,3,4,3,3,2,1,2,1
1,38,17,0.011615117080509663,0,0,5,3,3,5,3,3,2,1,2,1
1,38,19,0.005242825020104647,0,0,5,3,3,1,3,4,2,1,2,1
1,38,20,0.0016705248272046447,0,0,5,3,3,2,3,4,2,1,2,1
1,38,21,0.04716169834136963,0,0,5,3,3,3,3,4,2,1,2,1
1,38,22,0.0015314240008592606,0,0,5,3,3,4,3,4,2,1,2,1
1,38,27,0.013947125524282455,0,0,5,3,3,3,3,5,2,1,2,1
1,38,29,0.008984946645796299,0,0,5,3,3,5,3,5,2,1,2,1
1,38,30,0.0029857633635401726,0,0,5,3,3,6,3,5,2,1,2,1
1,38,35,0.008602970279753208,0,0,5,4,3,5,3,5,2,1,2,1
1,38,36,0.006134333088994026,0,0,5,5,3,1,3,1,2,2,2,2
1,38,37,0.008407964371144772,0,0,5,5,3,2,3,2,2,2,2,2
1,38,39,0.0008159734425134957,0,0,5,5,3,4,3,4,2,2,2,2
1,38,41,0.00024307105923071504,0,1,5,6,3,1,3,0,2,0,2,1
1,38,42,0.00040536525193601847,0,1,5,6,3,2,3,0,2,0,2,1
1,38,45,0.0005712665733881295,0,1,5,6,3,5,3,0,2,0,2,1
1,38,47,0.000227109354455024,0,2,5,7,3,0,3,0,2,0,2,4
1,40,4,0.00019134589820168912,0,0,5,3,5,4,5,1,2,1,2,1
1,40,8,1.4586079259970575e-06,0,0,5,3,5,2,5,2,2,1,2,1
1,40,9,0.00017232552636414766,0,0,5,3,5,3,5,2,2,1,2,1
1,40,10,9.26082138903439e-05,0,0,5,3,5,4,5,2,2,1,2,1
1,40,12,4.0026909118751064e-05,0,0,5,3,5,6,5,2,2,1,2,1
1,40,14,0.0009247860871255398,0,0,5,3,5,2,5,3,2,1,2,1
1,40,15,0.0022921350318938494,0,0,5,3,5,3,5,3,2,1,2,1
1,40,16,0.9910560250282288,0,0,5,3,5,4,5,3,2,1,2,1
1,40,17,5.7310844567837194e-05,0,0,5,3,5,5,5,3,2,1,2,1
1,40,19,0.00040191071457229555,0,0,5,3,5,1,5,4,2,1,2,1
1,40,20,1.737141064950265e-05,0,0,5,3,5,2,5,4,2,1,2,1
1,40,21,0.000155906833242625,0,0,5,3,5,3,5,4,2,1,2,1
1,40,22,0.0002753079170361161,0,0,5,3,5,4,5,4,2,1,2,1
1,40,27,0.004050261806696653,0,0,5,3,5,3,5,5,2,1,2,1
1,40,29,1.4571369888471963e-07,0,0,5,3,5,5,5,5,2,1,2,1
1,40,30,0.0001132885372499004,0,0,5,3,5,6,5,5,2,1,2,1
1,40,35,4.466432557137523e-08,0,0,5,4,5,5,5,5,2,1,2,1
1,40,36,1.918617954288493e-06,0,0,5,5,5,1,5,1,2,2,2,2
1,40,37,2.9611122442929627e-08,0,0,5,5,5,2,5,2,2,2,2,2
1,40,39,3.4144204619224183e-06,0,0,5,5,5,4,5,4,2,2,2,2
1,40,41,2.181577201554319e-06,0,1,5,6,5,1,5,0,2,0,2,1
1,40,42,2.348338412616613e-09,0,1,5,6,5,2,5,0,2,0,2,1
1,40,45,9.091418173845511e-10,0,1,5,6,5,5,5,0,2,0,2,1
1,40,47,0.00015094706031959504,0,2,5,7,5,0,5,0,2,0,2,4
1,43,4,0.0003603647346608341,1,0,6,3,3,4,0,1,0,1,1,1
1,43,8,0.0025629177689552307,1,0,6,3,3,2,0,2,0,1,1,1
1,43,9,0.0006293029873631895,1,0,6,3,3,3,0,2,0,1,1,1
1,43,10,0.0005335903842933476,1,0,6,3,3,4,0,2,0,1,1,1
1,43,12,2.7896492611034773e-05,1,0,6,3,3,6,0,2,0,1,1,1
1,43,14,0.0001682119764154777,1,0,6,3,3,2,0,3,0,1,1,1
1,43,15,0.00016053563740570098,1,0,6,3,3,3,0,3,0,1,1,1
1,43,16,6.201687938300893e-05,1,0,6,3,3,4,0,3,0,1,1,1
1,43,17,0.0003839209966827184,1,0,6,3,3,5,0,3,0,1,1,1
1,43,19,1.4355689927469939e-05,1,0,6,3,3,1,0,4,0,1,1,1
1,43,20,8.8411288743373e-05,1,0,6,3,3,2,0,4,0,1,1,1
1,43,21,0.00020159233827143908,1,0,6,3,3,3,0,4,0,1,1,1
1,43,22,0.0009100729948841035,1,0,6,3,3,4,0,4,0,1,1,1
1,43,27,1.0951333024422638e-05,1,0,6,3,3,3,0,5,0,1,1,1
1,43,29,0.0025980330538004637,1,0,6,3,3,5,0,5,0,1,1,1
1,43,30,1.425405207555741e-05,1,0,6,3,3,6,0,5,0,1,1,1
1,43,35,0.002283963607624173,1,0,6,4,3,5,0,5,0,1,1,1
1,43,36,0.0008199950098060071,1,0,6,5,3,1,0,1,0,2,1,2
1,43,37,0.004523600917309523,1,0,6,5,3,2,0,2,0,2,1,2
1,43,39,0.00020247565407771617,1,0,6,5,3,4,0,4,0,2,1,2
1,43,41,0.002998767886310816,1,1,6,6,3,1,0,0,0,0,1,1
1,43,42,0.5803770422935486,1,1,6,6,3,2,0,0,0,0,1,1
1,43,45,0.4000467360019684,1,1,6,6,3,5,0,0,0,0,1,1
1,43,47,2.0994853912270628e-05,1,2,6,7,3,0,0,0,0,0,1,4
1,44,4,0.004356322344392538,1,0,6,3,4,4,0,1,0,1,1,1
1,44,8,0.0713198184967041,1,0,6,3,4,2,0,2,0,1,1,1
1,44,9,0.016213836148381233,1,0,6,3,4,3,0,2,0,1,1,1
1,44,10,0.002347910078242421,1,0,6,3,4,4,0,2,0,1,1,1
1,44,12,0.0009700906812213361,1,0,6,3,4,6,0,2,0,1,1,1
1,44,14,0.004043163266032934,1,0,6,3,4,2,0,3,0,1,1,1
1,44,15,0.004220142960548401,1,0,6,3,4,3,0,3,0,1,1,1
1,44,16,0.0005023031262680888,1,0,6,3,4,4,0,3,0,1,1,1
1,44,17,0.005167814437299967,1,0,6,3,4,5,0,3,0,1,1,1
1,44,19,0.0008720363839529455,1,0,6,3,4,1,0,4,0,1,1,1
1,44,20,0.00468920823186636,1,0,6,3,4,2,0,4,0,1,1,1
1,44,21,0.011882283724844456,1,0,6,3,4,3,0,4,0,1,1,1
1,44,22,0.0010504318634048104,1,0,6,3,4,4,0,4,0,1,1,1
1,44,27,0.0009936136193573475,1,0,6,3,4,3,0,5,0,1,1,1
1,44,29,0.053386203944683075,1,0,6,3,4,5,0,5,0,1,1,1
1,44,30,0.0010122633539140224,1,0,6,3,4,6,0,5,0,1,1,1
1,44,35,0.038652222603559494,1,0,6,4,4,5,0,5,0,1,1,1
1,44,36,0.015360425226390362,1,0,6,5,4,1,0,1,0,2,1,2
1,44,37,0.7136139869689941,1,0,6,5,4,2,0,2,0,2,1,2
1,44,39,0.01980375498533249,1,0,6,5,4,4,0,4,0,2,1,2
1,44,41,0.0002597030543256551,1,1,6,6,4,1,0,0,0,0,1,1
1,44,42,0.018826711922883987,1,1,6,6,4,2,0,0,0,0,1,1
1,44,45,0.010249256156384945,1,1,6,6,4,5,0,0,0,0,1,1
1,44,47,0.00020646533812396228,1,2,6,7,4,0,0,0,0,0,1,4
1,46,4,0.005564693361520767,1,0,6,3,6,4,0,1,0,1,1,1
1,46,8,0.007520452607423067,1,0,6,3,6,2,0,2,0,1,1,1
1,46,9,0.006396136712282896,1,0,6,3,6,3,0,2,0,1,1,1
1,46,10,0.014997229911386967,1,0,6,3,6,4,0,2,0,1,1,1
1,46,12,0.002155051566660404,1,0,6,3,6,6,0,2,0,1,1,1
1,46,14,0.004475161898881197,1,0,6,3,6,2,0,3,0,1,1,1
1,46,15,0.011722284369170666,1,0,6,3,6,3,0,3,0,1,1,1
1,46,16,0.009656515903770924,1,0,6,3,6,4,0,3,0,1,1,1
1,46,17,0.017114484682679176,1,0,6,3,6,5,0,3,0,1,1,1
1,46,19,0.0033183754421770573,1,0,6,3,6,1,0,4,0,1,1,1
1,46,20,0.0031303365249186754,1,0,6,3,6,2,0,4,0,1,1,1
1,46,21,0.0024291109293699265,1,0,6,3,6,3,0,4,0,1,1,1
1,46,22,0.021451976150274277,1,0,6,3,6,4,0,4,0,1,1,1
1,46,27,0.0014286787481978536,1,0,6,3,6,3,0,5,0,1,1,1
1,46,29,0.023825138807296753,1,0,6,3,6,5,0,5,0,1,1,1
1,46,30,0.004573584534227848,1,0,6,3,6,6,0,5,0,1,1,1
1,46,35,0.016416823491454124,1,0,6,4,6,5,0,5,0,1,1,1
1,46,36,0.020411625504493713,1,0,6,5,6,1,0,1,0,2,1,2
1,46,37,0.03433617576956749,1,0,6,5,6,2,0,2,0,2,1,2
1,46,39,0.014979745261371136,1,0,6,5,6,4,0,4,0,2,1,2
1,46,41,0.03513546660542488,1,1,6,6,6,1,0,0,0,0,1,1
1,46,42,0.2656012773513794,1,1,6,6,6,2,0,0,0,0,1,1
1,46,45,0.4725435972213745,1,1,6,6,6,5,0,0,0,0,1,1
1,46,47,0.0008155872346833348,1,2,6,7,6,0,0,0,0,0,1,4
2,0,2,0.0005558434058912098,0,0,1,3,0,2,0,1,2,1,4,1
2,0,3,0.00031321909045800567,0,0,1,3,0,3,0,1,2,1,4,1
2,0,4,5.1809107389999554e-05,0,0,1,3,0,4,0,1,2,1,4,1
2,0,10,0.0002525349264033139,0,0,1,3,0,4,0,2,2,1,4,1
2,0,11,4.117077878618147e-06,0,0,1,3,0,5,0,2,2,1,4,1
2,0,12,9.317190415458754e-05,0,0,1,3,0,6,0,2,2,1,4,1
2,0,15,1.6887084711925127e-05,0,0,1,3,0,3,0,3,2,1,4,1
2,0,16,6.169091648189351e-05,0,0,1,3,0,4,0,3,2,1,4,1
2,0,18,7.911565626272932e-05,0,0,1,3,0,6,0,3,2,1,4,1
2,0,20,0.0015506208874285221,0,0,1,3,0,2,0,4,2,1,4,1
2,0,24,0.00019652891205623746,0,0,1,3,0,6,0,4,2,1,4,1
2,0,25,2.640948196130921e-06,0,0,1,3,0,1,0,5,2,1,4,1
2,0,26,0.00027157735894434154,0,0,1,3,0,2,0,5,2,1,4,1
2,0,28,0.0001966722629731521,0,0,1,3,0,4,0,5,2,1,4,1
2,0,29,2.0834691895288415e-05,0,0,1,3,0,5,0,5,2,1,4,1
2,0,30,1.0254846529278439e-05,0,0,1,3,0,6,0,5,2,1,4,1
2,0,32,0.000697658397257328,0,0,1,4,0,2,0,2,2,1,4,1
2,0,37,0.0027508875355124474,0,0,1,5,0,2,0,2,2,2,4,2
2,0,39,0.9918490052223206,0,0,1,5,0,4,0,4,2,2,4,2
2,0,40,0.001020739204250276,0,0,1,5,0,5,0,5,2,2,4,2
2,0,43,6.390543489942502e-07,0,1,1,6,0,3,0,0,2,0,4,1
2,0,44,2.4849132387316786e-06,0,1,1,6,0,4,0,0,2,0,4,1
2,0,46,1.0741670166680706e-06,0,1,1,6,0,6,0,0,2,0,4,1
2,0,47,4.3998549248414065e-10,0,2,1,7,0,0,0,0,2,0,4,4
2,1,2,0.0033908465411514044,0,0,3,3,1,2,1,1,1,1,1,1
2,1,3,0.03601311892271042,0,0,3,3,1,3,1,1,1,1,1,1
2,1,4,0.011493107303977013,0,0,3,3,1,4,1,1,1,1,1,1
2,1,10,0.054286736994981766,0,0,3,3,1,4,1,2,1,1,1,1
2,1,11,0.015394854359328747,0,0,3,3,1,5,1,2,1,1,1,1
2,1,12,0.11918415874242783,0,0,3,3,1,6,1,2,1,1,1,1
2,1,15,0.020435795187950134,0,0,3,3,1,3,1,3,1,1,1,1
2,1,16,0.13595391809940338,0,0,3,3,1,4,1,3,1,1,1,1
2,1,18,0.04091355949640274,0,0,3,3,1,6,1,3,1,1,1,1
2,1,20,0.0014953998615965247,0,0,3,3,1,2,1,4,1,1,1,1
2,1,24,0.12178422510623932,0,0,3,3,1,6,1,4,1,1,1,1
2,1,25,0.05172571539878845,0,0,3,3,1,1,1,5,1,1,1,1
2,1,26,0.01652236469089985,0,0,3,3,1,2,1,5,1,1,1,1
2,1,28,0.06111440435051918,0,0,3,3,1,4,1,5,1,1,1,1
2,1,29,0.004932457115501165,0,0,3,3,1,5,1,5,1,1,1,1
2,1,30,0.18867892026901245,0,0,3,3,1,6,1,5,1,1,1,1
2,1,32,0.05066456273198128,0,0,3,4,1,2,1,2,1,1,1,1
2,1,37,0.0005747104878537357,0,0,3,5,1,2,1,2,1,2,1,2
2,1,39,0.01391789223998785,0,0,3,5,1,4,1,4,1,2,1,2
2,1,40,0.0024025950115174055,0,0,3,5,1,5,1,5,1,2,1,2
2,1,43,0.0036153229884803295,0,1,3,6,1,3,1,0,1,0,1,1
2,1,44,0.01567116566002369,0,1,3,6,1,4,1,0,1,0,1,1
2,1,46,0.008067687042057514,0,1,3,6,1,6,1,0,1,0,1,1
2,1,47,0.02176649123430252,0,2,3,7,1,0,1,0,1,0,1,4
2,5,2,0.013369490392506123,0,0,3,3,5,2,1,1,1,1,1,1
2,5,3,0.031720101833343506,0,0,3,3,5,3,1,1,1,1,1,1
2,5,4,0.04824255034327507,0,0,3,3,5,4,1,1,1,1,1,1
2,5,10,0.19092309474945068,0,0,3,3,5,4,1,2,1,1,1,1
2,5,11,0.12338975816965103,0,0,3,3,5,5,1,2,1,1,1,1
2,5,12,0.0472569540143013,0,0,3,3,5,6,1,2,1,1,1,1
2,5,15,0.009226993657648563,0,0,3,3,5,3,1,3,1,1,1,1
2,5,16,0.13083294034004211,0,0,3,3,5,4,1,3,1,1,1,1
2,5,18,0.033728696405887604,0,0,3,3,5,6,1,3,1,1,1,1
2,5,20,0.00048598978901281953,0,0,3,3,5,2,1,4,1,1,1,1
2,5,24,0.027190787717700005,0,0,3,3,5,6,1,4,1,1,1,1
2,5,25,0.04321978613734245,0,0,3,3,5,1,1,5,1,1,1,1
2,5,26,0.00728203821927309,0,0,3,3,5,2,1,5,1,1,1,1
2,5,28,0.08683951199054718,0,0,3,3,5,4,1,5,1,1,1,1
2,5,29,0.019727233797311783,0,0,3,3,5,5,1,5,1,1,1,1
2,5,30,0.15018413960933685,0,0,3,3,5,6,1,5,1,1,1,1
2,5,32,0.025728603824973106,0,0,3,4,5,2,1,2,1,1,1,1
2,5,37,0.00017377297626808286,0,0,3,5,5,2,1,2,1,2,1,2
2,5,39,0.000913700379896909,0,0,3,5,5,4,1,4,1,2,1,2
2,5,40,0.0002543851442169398,0,0,3,5,5,5,1,5,1,2,1,2
2,5,43,0.0003512377734296024,0,1,3,6,5,3,1,0,1,0,1,1
2,5,44,0.001486128312535584,0,1,3,6,5,4,1,0,1,0,1,1
2,5,46,0.0006152383284643292,0,1,3,6,5,6,1,0,1,0,1,1
2,5,47,0.0068567791022360325,0,2,3,7,5,0,1,0,1,0,1,4
2,6,2,0.003872665110975504,0,0,3,3,6,2,1,1,1,1,1,1
2,6,3,0.00853048637509346,0,0,3,3,6,3,1,1,1,1,1,1
2,6,4,0.012874932028353214,0,0,3,3,6,4,1,1,1,1,1,1
2,6,10,0.4046595096588135,0,0,3,3,6,4,1,2,1,1,1,1
2,6,11,0.1235896497964859,0,0,3,3,6,5,1,2,1,1,1,1
2,6,12,0.044702574610710144,0,0,3,3,6,6,1,2,1,1,1,1
2,6,15,0.005081303883343935,0,0,3,3,6,3,1,3,1,1,1,1
2,6,16,0.05873928591609001,0,0,3,3,6,4,1,3,1,1,1,1
2,6,18,0.029975738376379013,0,0,3,3,6,6,1,3,1,1,1,1
2,6,20,0.0018161740154027939,0,0,3,3,6,2,1,4,1,1,1,1
2,6,24,0.04784122854471207,0,0,3,3,6,6,1,4,1,1,1,1
2,6,25,0.03893567994236946,0,0,3,3,6,1,1,5,1,1,1,1
2,6,26,0.002856023143976927,0,0,3,3,6,2,1,5,1,1,1,1
2,6,28,0.06429661065340042,0,0,3,3,6,4,1,5,1,1,1,1
2,6,29,0.017022021114826202,0,0,3,3,6,5,1,5,1,1,1,1
2,6,30,0.0479142963886261,0,0,3,3,6,6,1,5,1,1,1,1
2,6,32,0.07857124507427216,0,0,3,4,6,2,1,2,1,1,1,1
2,6,37,0.0011674835113808513,0,0,3,5,6,2,1,2,1,2,1,2
2,6,39,0.0014674358535557985,0,0,3,5,6,4,1,4,1,2,1,2
2,6,40,0.0019177746726199985,0,0,3,5,6,5,1,5,1,2,1,2
2,6,43,1.823410093493294e-05,0,1,3,6,6,3,1,0,1,0,1,1
2,6,44,0.0007028994150459766,0,1,3,6,6,4,1,0,1,0,1,1
2,6,46,0.0006224345997907221,0,1,3,6,6,6,1,0,1,0,1,1
2,6,47,0.002823981922119856,0,2,3,7,6,0,1,0,1,0,1,4
2,7,2,1.7706579455989413e-05,0,0,3,3,1,2,2,1,1,1,1,1
2,7,3,0.0005511361523531377,0,0,3,3,1,3,2,1,1,1,1,1
2,7,4,1.7569360352354124e-05,0,0,3,3,1,4,2,1,1,1,1,1
2,7,10,8.737675671000034e-05,0,0,3,3,1,4,2,2,1,1,1,1
2,7,11,0.0002187229838455096,0,0,3,3,1,5,2,2,1,1,1,1
2,7,12,0.0005739635671488941,0,0,3,3,1,6,2,2,1,1,1,1
2,7,15,0.0021380374673753977,0,0,3,3,1,3,2,3,1,1,1,1
2,7,16,0.0003002700977958739,0,0,3,3,1,4,2,3,1,1,1,1
2,7,18,0.0001694321254035458,0,0,3,3,1,6,2,3,1,1,1,1
2,7,20,8.97495774552226e-05,0,0,3,3,1,2,2,4,1,1,1,1
2,7,24,0.00046342145651578903,0,0,3,3,1,6,2,4,1,1,1,1
2,7,25,0.00018136794096790254,0,0,3,3,1,1,2,5,1,1,1,1
2,7,26,0.00014890694001223892,0,0,3,3,1,2,2,5,1,1,1,1
2,7,28,6.712307367706671e-05,0,0,3,3,1,4,2,5,1,1,1,1
2,7,29,0.0009009555215016007,0,0,3,3,1,5,2,5,1,1,1,1
2,7,30,0.00036999041913077235,0,0,3,3,1,6,2,5,1,1,1,1
2,7,32,6.400509300874546e-05,0,0,3,4,1,2,2,2,1,1,1,1
2,7,37,8.378572238143533e-05,0,0,3,5,1,2,2,2,1,2,1,2
2,7,39,0.0011928727617487311,0,0,3,5,1,4,2,4,1,2,1,2
2,7,40,0.0007131797610782087,0,0,3,5,1,5,2,5,1,2,1,2
2,7,43,0.942290186882019,0,1,3,6,1,3,2,0,1,0,1,1
2,7,44,0.007404325529932976,0,1,3,6,1,4,2,0,1,0,1,1
2,7,46,0.025813274085521698,0,1,3,6,1,6,2,0,1,0,1,1
2,7,47,0.01614314876496792,0,2,3,7,1,0,2,0,1,0,1,4
2,8,2,0.2767491936683655,0,0,3,3,2,2,2,1,1,1,1,1
2,8,3,0.04323732480406761,0,0,3,3,2,3,2,1,1,1,1,1
2,8,4,0.09223566949367523,0,0,3,3,2,4,2,1,1,1,1,1
2,8,10,0.029142146930098534,0,0,3,3,2,4,2,2,1,1,1,1
2,8,11,0.07778371870517731,0,0,3,3,2,5,2,2,1,1,1,1
2,8,12,0.04024842381477356,0,0,3,3,2,6,2,2,1,1,1,1
2,8,15,0.007087409030646086,0,0,3,3,2,3,2,3,1,1,1,1
2,8,16,0.01835155487060547,0,0,3,3,2,4,2,3,1,1,1,1
2,8,18,0.021183907985687256,0,0,3,3,2,6,2,3,1,1,1,1
2,8,20,0.011387425474822521,0,0,3,3,2,2,2,4,1,1,1,1
2,8,24,0.019952410832047462,0,0,3,3,2,6,2,4,1,1,1,1
2,8,25,0.04320266842842102,0,0,3,3,2,1,2,5,1,1,1,1
2,8,26,0.029834657907485962,0,0,3,3,2,2,2,5,1,1,1,1
2,8,28,0.03522465378046036,0,0,3,3,2,4,2,5,1,1,1,1
2,8,29,0.011336980387568474,0,0,3,3,2,5,2,5,1,1,1,1
2,8,30,0.04044094309210777,0,0,3,3,2,6,2,5,1,1,1,1
2,8,32,0.1329934448003769,0,0,3,4,2,2,2,2,1,1,1,1
2,8,37,0.02548542246222496,0,0,3,5,2,2,2,2,1,2,1,2
2,8,39,0.025146765634417534,0,0,3,5,2,4,2,4,1,2,1,2
2,8,40,0.013375548645853996,0,0,3,5,2,5,2,5,1,2,1,2
2,8,43,0.00045939875417388976,0,1,3,6,2,3,2,0,1,0,1,1
2,8,44,0.0012407813919708133,0,1,3,6,2,4,2,0,1,0,1,1
2,8,46,0.0013482056092470884,0,1,3,6,2,6,2,0,1,0,1,1
2,8,47,0.0025512289721518755,0,2,3,7,2,0,2,0,1,0,1,4
2,9,2,0.07307884097099304,0,0,3,3,3,2,2,1,1,1,1,1
2,9,3,0.014035137370228767,0,0,3,3,3,3,2,1,1,1,1,1
2,9,4,0.022877367213368416,0,0,3,3,3,4,2,1,1,1,1,1
2,9,10,0.08389642834663391,0,0,3,3,3,4,2,2,1,1,1,1
2,9,11,0.1595025658607483,0,0,3,3,3,5,2,2,1,1,1,1
2,9,12,0.20031164586544037,0,0,3,3,3,6,2,2,1,1,1,1
2,9,15,0.002275350270792842,0,0,3,3,3,3,2,3,1,1,1,1
2,9,16,0.01547588687390089,0,0,3,3,3,4,2,3,1,1,1,1
2,9,18,0.015479492023587227,0,0,3,3,3,6,2,3,1,1,1,1
2,9,20,0.0029181523714214563,0,0,3,3,3,2,2,4,1,1,1,1
2,9,24,0.035654205828905106,0,0,3,3,3,6,2,4,1,1,1,1
2,9,25,0.026503248140215874,0,0,3,3,3,1,2,5,1,1,1,1
2,9,26,0.00963086262345314,0,0,3,3,3,2,2,5,1,1,1,1
2,9,28,0.03140109404921532,0,0,3,3,3,4,2,5,1,1,1,1
2,9,29,0.01624676212668419,0,0,3,3,3,5,2,5,1,1,1,1
2,9,30,0.06048355996608734,0,0,3,3,3,6,2,5,1,1,1,1
2,9,32,0.2165871411561966,0,0,3,4,3,2,2,2,1,1,1,1
2,9,37,0.0042728036642074585,0,0,3,5,3,2,2,2,1,2,1,2
2,9,39,0.004696402698755264,0,0,3,5,3,4,2,4,1,2,1,2
2,9,40,0.0023992068599909544,0,0,3,5,3,5,2,5,1,2,1,2
2,9,43,0.00011689929669955745,0,1,3,6,3,3,2,0,1,0,1,1
2,9,44,0.00028848429792560637,0,1,3,6,3,4,2,0,1,0,1,1
2,9,46,0.001668367302045226,0,1,3,6,3,6,2,0,1,0,1,1
2,9,47,0.0001998858933802694,0,2,3,7,3,0,2,0,1,0,1,4
2,13,2,2.40158897213405e-05,0,0,3,3,1,2,3,1,1,1,1,1
2,13,3,0.0010840673930943012,0,0,3,3,1,3,3,1,1,1,1,1
2,13,4,0.00012260265066288412,0,0,3,3,1,4,3,1,1,1,1,1
2,13,10,0.005135571584105492,0,0,3,3,1,4,3,2,1,1,1,1
2,13,11,0.003010230138897896,0,0,3,3,1,5,3,2,1,1,1,1
2,13,12,0.0007251946371980011,0,0,3,3,1,6,3,2,1,1,1,1
2,13,15,0.006077470723539591,0,0,3,3,1,3,3,3,1,1,1,1
2,13,16,0.004947810899466276,0,0,3,3,1,4,3,3,1,1,1,1
2,13,18,0.000955510709900409,0,0,3,3,1,6,3,3,1,1,1,1
2,13,20,6.318434316199273e-05,0,0,3,3,1,2,3,4,1,1,1,1
2,13,24,0.0013151962775737047,0,0,3,3,1,6,3,4,1,1,1,1
2,13,25,0.002924534259364009,0,0,3,3,1,1,3,5,1,1,1,1
2,13,26,0.00020263245096430182,0,0,3,3,1,2,3,5,1,1,1,1
2,13,28,0.001400341629050672,0,0,3,3,1,4,3,5,1,1,1,1
2,13,29,0.007017840631306171,0,0,3,3,1,5,3,5,1,1,1,1
2,13,30,0.0031909882090985775,0,0,3,3,1,6,3,5,1,1,1,1
2,13,32,0.00017302879132330418,0,0,3,4,1,2,3,2,1,1,1,1
2,13,37,1.3796432540402748e-05,0,0,3,5,1,2,3,2,1,2,1,2
2,13,39,5.296184463077225e-05,0,0,3,5,1,4,3,4,1,2,1,2
2,13,40,0.00015347699809353799,0,0,3,5,1,5,3,5,1,2,1,2
2,13,43,0.05217114835977554,0,1,3,6,1,3,3,0,1,0,1,1
2,13,44,0.018655851483345032,0,1,3,6,1,4,3,0,1,0,1,1
2,13,46,0.014496894553303719,0,1,3,6,1,6,3,0,1,0,1,1
2,13,47,0.876085102558136,0,2,3,7,1,0,3,0,1,0,1,4
2,14,2,0.13849413394927979,0,0,3,3,2,2,3,1,1,1,1,1
2,14,3,0.016877058893442154,0,0,3,3,2,3,3,1,1,1,1,1
2,14,4,0.01177619956433773,0,0,3,3,2,4,3,1,1,1,1,1
2,14,10,0.0827384889125824,0,0,3,3,2,4,3,2,1,1,1,1
2,14,11,0.07756377011537552,0,0,3,3,2,5,3,2,1,1,1,1
2,14,12,0.05163412168622017,0,0,3,3,2,6,3,2,1,1,1,1
2,14,15,0.0014655385166406631,0,0,3,3,2,3,3,3,1,1,1,1
2,14,16,0.015894562005996704,0,0,3,3,2,4,3,3,1,1,1,1
2,14,18,0.013754966668784618,0,0,3,3,2,6,3,3,1,1,1,1
2,14,20,0.009142070077359676,0,0,3,3,2,2,3,4,1,1,1,1
2,14,24,0.05030057951807976,0,0,3,3,2,6,3,4,1,1,1,1
2,14,25,0.02891727164387703,0,0,3,3,2,1,3,5,1,1,1,1
2,14,26,0.007420976180583239,0,0,3,3,2,2,3,5,1,1,1,1
2,14,28,0.018099647015333176,0,0,3,3,2,4,3,5,1,1,1,1
2,14,29,0.0061983526684343815,0,0,3,3,2,5,3,5,1,1,1,1
2,14,30,0.012524961493909359,0,0,3,3,2,6,3,5,1,1,1,1
2,14,32,0.3793352246284485,0,0,3,4,2,2,3,2,1,1,1,1
2,14,37,0.01280556246638298,0,0,3,5,2,2,3,2,1,2,1,2
2,14,39,0.05306874215602875,0,0,3,5,2,4,3,4,1,2,1,2
2,14,40,0.00972487311810255,0,0,3,5,2,5,3,5,1,2,1,2
2,14,43,1.007788614515448e-05,0,1,3,6,2,3,3,0,1,0,1,1
2,14,44,0.00024532817769795656,0,1,3,6,2,4,3,0,1,0,1,1
2,14,46,0.0004857624298892915,0,1,3,6,2,6,3,0,1,0,1,1
2,14,47,0.0015213270671665668,0,2,3,7,2,0,3,0,1,0,1,4
2,17,2,0.013866829685866833,0,0,3,3,5,2,3,1,1,1,1,1
2,17,3,0.006202335003763437,0,0,3,3,5,3,3,1,1,1,1,1
2,17,4,0.008903938345611095,0,0,3,3,5,4,3,1,1,1,1,1
2,17,10,0.36458083987236023,0,0,3,3,5,4,3,2,1,1,1,1
2,17,11,0.17798562347888947,0,0,3,3,5,5,3,2,1,1,1,1
2,17,12,0.03922204300761223,0,0,3,3,5,6,3,2,1,1,1,1
2,17,15,0.0023724515922367573,0,0,3,3,5,3,3,3,1,1,1,1
2,17,16,0.026078680530190468,0,0,3,3,5,4,3,3,1,1,1,1
2,17,18,0.012236502021551132,0,0,3,3,5,6,3,3,1,1,1,1
2,17,20,0.004527853336185217,0,0,3,3,5,2,3,4,1,1,1,1
2,17,24,0.025302216410636902,0,0,3,3,5,6,3,4,1,1,1,1
2,17,25,0.030017200857400894,0,0,3,3,5,1,3,5,1,1,1,1
2,17,26,0.004081069957464933,0,0,3,3,5,2,3,5,1,1,1,1
2,17,28,0.031125221401453018,0,0,3,3,5,4,3,5,1,1,1,1
2,17,29,0.020536907017230988,0,0,3,3,5,5,3,5,1,1,1,1
2,17,30,0.016278322786092758,0,0,3,3,5,6,3,5,1,1,1,1
2,17,32,0.19739899039268494,0,0,3,4,5,2,3,2,1,1,1,1
2,17,37,0.004660116042941809,0,0,3,5,5,2,3,2,1,2,1,2
2,17,39,0.002558567328378558,0,0,3,5,5,4,3,4,1,2,1,2
2,17,40,0.005131238605827093,0,0,3,5,5,5,3,5,1,2,1,2
2,17,43,1.2308830264373682e-05,0,1,3,6,5,3,3,0,1,0,1,1
2,17,44,0.00038353868876583874,0,1,3,6,5,4,3,0,1,0,1,1
2,17,46,0.0007296532858163118,0,1,3,6,5,6,3,0,1,0,1,1
2,17,47,0.00580747751519084,0,2,3,7,5,0,3,0,1,0,1,4
2,19,2,0.0030366741120815277,0,0,3,3,1,2,4,1,1,1,1,1
2,19,3,0.019198622554540634,0,0,3,3,1,3,4,1,1,1,1,1
2,19,4,0.011335041373968124,0,0,3,3,1,4,4,1,1,1,1,1
2,19,10,0.4273727238178253,0,0,3,3,1,4,4,2,1,1,1,1
2,19,11,0.07240043580532074,0,0,3,3,1,5,4,2,1,1,1,1
2,19,12,0.01660510152578354,0,0,3,3,1,6,4,2,1,1,1,1
2,19,15,0.017526637762784958,0,0,3,3,1,3,4,3,1,1,1,1
2,19,16,0.1670301854610443,0,0,3,3,1,4,4,3,1,1,1,1
2,19,18,0.030399557203054428,0,0,3,3,1,6,4,3,1,1,1,1
2,19,20,0.0008548125042580068,0,0,3,3,1,2,4,4,1,1,1,1
2,19,24,0.03732232004404068,0,0,3,3,1,6,4,4,1,1,1,1
2,19,25,0.01546724047511816,0,0,3,3,1,1,4,5,1,1,1,1
2,19,26,0.003076316090300679,0,0,3,3,1,2,4,5,1,1,1,1
2,19,28,0.06470613926649094,0,0,3,3,1,4,4,5,1,1,1,1
2,19,29,0.02621658518910408,0,0,3,3,1,5,4,5,1,1,1,1
2,19,30,0.053221214562654495,0,0,3,3,1,6,4,5,1,1,1,1
2,19,32,0.016550283879041672,0,0,3,4,1,2,4,2,1,1,1,1
2,19,37,0.0001522578822914511,0,0,3,5,1,2,4,2,1,2,1,2
2,19,39,0.0027551327366381884,0,0,3,5,1,4,4,4,1,2,1,2
2,19,40,0.00026371426065452397,0,0,3,5,1,5,4,5,1,2,1,2
2,19,43,0.0008533255313523114,0,1,3,6,1,3,4,0,1,0,1,1
2,19,44,0.004211727064102888,0,1,3,6,1,4,4,0,1,0,1,1
2,19,46,0.0016645144205540419,0,1,3,6,1,6,4,0,1,0,1,1
2,19,47,0.007779434323310852,0,2,3,7,1,0,4,0,1,0,1,4
2,21,2,0.1301448792219162,0,0,3,3,3,2,4,1,1,1,1,1
2,21,3,0.003993628546595573,0,0,3,3,3,3,4,1,1,1,1,1
2,21,4,0.04876519367098808,0,0,3,3,3,4,4,1,1,1,1,1
2,21,10,0.2777278423309326,0,0,3,3,3,4,4,2,1,1,1,1
2,21,11,0.2559095621109009,0,0,3,3,3,5,4,2,1,1,1,1
2,21,12,0.03324669972062111,0,0,3,3,3,6,4,2,1,1,1,1
2,21,15,0.0001928324345499277,0,0,3,3,3,3,4,3,1,1,1,1
2,21,16,0.014623383060097694,0,0,3,3,3,4,4,3,1,1,1,1
2,21,18,0.007674570195376873,0,0,3,3,3,6,4,3,1,1,1,1
2,21,20,0.0008912088233046234,0,0,3,3,3,2,4,4,1,1,1,1
2,21,24,0.011118740774691105,0,0,3,3,3,6,4,4,1,1,1,1
2,21,25,0.008320236578583717,0,0,3,3,3,1,4,5,1,1,1,1
2,21,26,0.003277586307376623,0,0,3,3,3,2,4,5,1,1,1,1
2,21,28,0.027238840237259865,0,0,3,3,3,4,4,5,1,1,1,1
2,21,29,0.010357789695262909,0,0,3,3,3,5,4,5,1,1,1,1
2,21,30,0.024649744853377342,0,0,3,3,3,6,4,5,1,1,1,1
2,21,32,0.14150136709213257,0,0,3,4,3,2,4,2,1,1,1,1
2,21,37,0.0001324878103332594,0,0,3,5,3,2,4,2,1,2,1,2
2,21,39,0.00017260947788599879,0,0,3,5,3,4,4,4,1,2,1,2
2,21,40,2.7911724828300066e-05,0,0,3,5,3,5,4,5,1,2,1,2
2,21,43,2.3266080972916825e-07,0,1,3,6,3,3,4,0,1,0,1,1
2,21,44,8.749987500777934e-06,0,1,3,6,3,4,4,0,1,0,1,1
2,21,46,1.6096257240860723e-05,0,1,3,6,3,6,4,0,1,0,1,1
2,21,47,7.928049853944685e-06,0,2,3,7,3,0,4,0,1,0,1,4
2,22,2,0.46492835879325867,0,0,3,3,4,2,4,1,1,1,1,1
2,22,3,0.005787583999335766,0,0,3,3,4,3,4,1,1,1,1,1
2,22,4,0.032369744032621384,0,0,3,3,4,4,4,1,1,1,1,1
2,22,10,0.051680173724889755,0,0,3,3,4,4,4,2,1,1,1,1
2,22,11,0.20423448085784912,0,0,3,3,4,5,4,2,1,1,1,1
2,22,12,0.03196316957473755,0,0,3,3,4,6,4,2,1,1,1,1
2,22,15,0.00014415456098504364,0,0,3,3,4,3,4,3,1,1,1,1
2,22,16,0.004799125716090202,0,0,3,3,4,4,4,3,1,1,1,1
2,22,18,0.006005604285746813,0,0,3,3,4,6,4,3,1,1,1,1
2,22,20,0.0009696708293631673,0,0,3,3,4,2,4,4,1,1,1,1
2,22,24,0.008263954892754555,0,0,3,3,4,6,4,4,1,1,1,1
2,22,25,0.006804460193961859,0,0,3,3,4,1,4,5,1,1,1,1
2,22,26,0.003430629149079323,0,0,3,3,4,2,4,5,1,1,1,1
2,22,28,0.01021155808120966,0,0,3,3,4,4,4,5,1,1,1,1
2,22,29,0.0050248452462255955,0,0,3,3,4,5,4,5,1,1,1,1
2,22,30,0.014872856438159943,0,0,3,3,4,6,4,5,1,1,1,1
2,22,32,0.14709225296974182,0,0,3,4,4,2,4,2,1,1,1,1
2,22,37,0.0004865034425165504,0,0,3,5,4,2,4,2,1,2,1,2
2,22,39,0.0008240710012614727,0,0,3,5,4,4,4,4,1,2,1,2
2,22,40,8.865122072165832e-05,0,0,3,5,4,5,4,5,1,2,1,2
2,22,43,2.5646787094046886e-07,0,1,3,6,4,3,4,0,1,0,1,1
2,22,44,3.102960818068823e-06,0,1,3,6,4,4,4,0,1,0,1,1
2,22,46,8.223927579820156e-06,0,1,3,6,4,6,4,0,1,0,1,1
2,22,47,6.792403837607708e-06,0,2,3,7,4,0,4,0,1,0,1,4
2,23,2,0.16577327251434326,0,0,3,3,5,2,4,1,1,1,1,1
2,23,3,0.005234694108366966,0,0,3,3,5,3,4,1,1,1,1,1
2,23,4,0.06025929003953934,0,0,3,3,5,4,4,1,1,1,1,1
2,23,10,0.11918893456459045,0,0,3,3,5,4,4,2,1,1,1,1
2,23,11,0.4583677351474762,0,0,3,3,5,5,4,2,1,1,1,1
2,23,12,0.01924794167280197,0,0,3,3,5,6,4,2,1,1,1,1
2,23,15,0.0005560640129260719,0,0,3,3,5,3,4,3,1,1,1,1
2,23,16,0.016448218375444412,0,0,3,3,5,4,4,3,1,1,1,1
2,23,18,0.007902602665126324,0,0,3,3,5,6,4,3,1,1,1,1
2,23,20,0.000609958020504564,0,0,3,3,5,2,4,4,1,1,1,1
2,23,24,0.005389842204749584,0,0,3,3,5,6,4,4,1,1,1,1
2,23,25,0.01634514518082142,0,0,3,3,5,1,4,5,1,1,1,1
2,23,26,0.004920885432511568,0,0,3,3,5,2,4,5,1,1,1,1
2,23,28,0.01937125250697136,0,0,3,3,5,4,4,5,1,1,1,1
2,23,29,0.020653773099184036,0,0,3,3,5,5,4,5,1,1,1,1
2,23,30,0.03870823606848717,0,0,3,3,5,6,4,5,1,1,1,1
2,23,32,0.03995979577302933,0,0,3,4,5,2,4,2,1,1,1,1
2,23,37,9.700558439362794e-05,0,0,3,5,5,2,4,2,1,2,1,2
2,23,39,3.333634958835319e-05,0,0,3,5,5,4,4,4,1,2,1,2
2,23,40,2.0836692783632316e-05,0,0,3,5,5,5,4,5,1,2,1,2
2,23,43,6.492467946372926e-06,0,1,3,6,5,3,4,0,1,0,1,1
2,23,44,4.788825026480481e-05,0,1,3,6,5,4,4,0,1,0,1,1
2,23,46,7.470566197298467e-05,0,1,3,6,5,6,4,0,1,0,1,1
2,23,47,0.0007818703888915479,0,2,3,7,5,0,4,0,1,0,1,4
2,27,2,0.04073234647512436,0,0,3,3,3,2,5,1,1,1,1,1
2,27,3,0.030883943662047386,0,0,3,3,3,3,5,1,1,1,1,1
2,27,4,0.016067542135715485,0,0,3,3,3,4,5,1,1,1,1,1
2,27,10,0.29801490902900696,0,0,3,3,3,4,5,2,1,1,1,1
2,27,11,0.08158207684755325,0,0,3,3,3,5,5,2,1,1,1,1
2,27,12,0.07339854538440704,0,0,3,3,3,6,5,2,1,1,1,1
2,27,15,0.0064316787756979465,0,0,3,3,3,3,5,3,1,1,1,1
2,27,16,0.06335735321044922,0,0,3,3,3,4,5,3,1,1,1,1
2,27,18,0.0237578172236681,0,0,3,3,3,6,5,3,1,1,1,1
2,27,20,0.005338952410966158,0,0,3,3,3,2,5,4,1,1,1,1
2,27,24,0.048013098537921906,0,0,3,3,3,6,5,4,1,1,1,1
2,27,25,0.024393528699874878,0,0,3,3,3,1,5,5,1,1,1,1
2,27,26,0.01276194304227829,0,0,3,3,3,2,5,5,1,1,1,1
2,27,28,0.06855694949626923,0,0,3,3,3,4,5,5,1,1,1,1
2,27,29,0.03446595370769501,0,0,3,3,3,5,5,5,1,1,1,1
2,27,30,0.03689362481236458,0,0,3,3,3,6,5,5,1,1,1,1
2,27,32,0.09260372817516327,0,0,3,4,3,2,5,2,1,1,1,1
2,27,37,0.003327599260956049,0,0,3,5,3,2,5,2,1,2,1,2
2,27,39,0.029244152829051018,0,0,3,5,3,4,5,4,1,2,1,2
2,27,40,0.0037479675374925137,0,0,3,5,3,5,5,5,1,2,1,2
2,27,43,0.00041340291500091553,0,1,3,6,3,3,5,0,1,0,1,1
2,27,44,0.0017756088636815548,0,1,3,6,3,4,5,0,1,0,1,1
2,27,46,0.0020362259820103645,0,1,3,6,3,6,5,0,1,0,1,1
2,27,47,0.002201149007305503,0,2,3,7,3,0,5,0,1,0,1,4
2,31,2,0.005700536072254181,0,0,4,3,1,2,1,1,1,1,1,1
2,31,3,0.10419245809316635,0,0,4,3,1,3,1,1,1,1,1,1
2,31,4,0.0983792170882225,0,0,4,3,1,4,1,1,1,1,1,1
2,31,10,0.11525742709636688,0,0,4,3,1,4,1,2,1,1,1,1
2,31,11,0.015097099356353283,0,0,4,3,1,5,1,2,1,1,1,1
2,31,12,0.009995263069868088,0,0,4,3,1,6,1,2,1,1,1,1
2,31,15,0.0231629628688097,0,0,4,3,1,3,1,3,1,1,1,1
2,31,16,0.2728175222873688,0,0,4,3,1,4,1,3,1,1,1,1
2,31,18,0.04328182712197304,0,0,4,3,1,6,1,3,1,1,1,1
2,31,20,0.004001498222351074,0,0,4,3,1,2,1,4,1,1,1,1
2,31,24,0.018074383959174156,0,0,4,3,1,6,1,4,1,1,1,1
2,31,25,0.009614063426852226,0,0,4,3,1,1,1,5,1,1,1,1
2,31,26,0.027067972347140312,0,0,4,3,1,2,1,5,1,1,1,1
2,31,28,0.0700421929359436,0,0,4,3,1,4,1,5,1,1,1,1
2,31,29,0.043317411094903946,0,0,4,3,1,5,1,5,1,1,1,1
2,31,30,0.09411849081516266,0,0,4,3,1,6,1,5,1,1,1,1
2,31,32,0.008065563626587391,0,0,4,4,1,2,1,2,1,1,1,1
2,31,37,0.0002593845420051366,0,0,4,5,1,2,1,2,1,2,1,2
2,31,39,0.0082234563305974,0,0,4,5,1,4,1,4,1,2,1,2
2,31,40,0.0005337236216291785,0,0,4,5,1,5,1,5,1,2,1,2
2,31,43,0.005652319639921188,0,1,4,6,1,3,1,0,1,0,1,1
2,31,44,0.01767788827419281,0,1,4,6,1,4,1,0,1,0,1,1
2,31,46,0.0012256059562787414,0,1,4,6,1,6,1,0,1,0,1,1
2,31,47,0.004241597838699818,0,2,4,7,1,0,1,0,1,0,1,4
2,33,2,0.03535127267241478,0,0,4,3,3,2,3,1,1,1,1,1
2,33,3,0.02787918969988823,0,0,4,3,3,3,3,1,1,1,1,1
2,33,4,0.027816936373710632,0,0,4,3,3,4,3,1,1,1,1,1
2,33,10,0.18065953254699707,0,0,4,3,3,4,3,2,1,1,1,1
2,33,11,0.32752159237861633,0,0,4,3,3,5,3,2,1,1,1,1
2,33,12,0.01349302101880312,0,0,4,3,3,6,3,2,1,1,1,1
2,33,15,0.008723530918359756,0,0,4,3,3,3,3,3,1,1,1,1
2,33,16,0.027887411415576935,0,0,4,3,3,4,3,3,1,1,1,1
2,33,18,0.01200715359300375,0,0,4,3,3,6,3,3,1,1,1,1
2,33,20,0.0006227236590348184,0,0,4,3,3,2,3,4,1,1,1,1
2,33,24,0.0038945949636399746,0,0,4,3,3,6,3,4,1,1,1,1
2,33,25,0.01925704814493656,0,0,4,3,3,1,3,5,1,1,1,1
2,33,26,0.002636093646287918,0,0,4,3,3,2,3,5,1,1,1,1
2,33,28,0.035198211669921875,0,0,4,3,3,4,3,5,1,1,1,1
2,33,29,0.2198355346918106,0,0,4,3,3,5,3,5,1,1,1,1
2,33,30,0.03145357966423035,0,0,4,3,3,6,3,5,1,1,1,1
2,33,32,0.010095384903252125,0,0,4,4,3,2,3,2,1,1,1,1
2,33,37,0.0004923692322336137,0,0,4,5,3,2,3,2,1,2,1,2
2,33,39,0.0005968555924482644,0,0,4,5,3,4,3,4,1,2,1,2
2,33,40,0.0005497841048054397,0,0,4,5,3,5,3,5,1,2,1,2
2,33,43,0.0022398261353373528,0,1,4,6,3,3,3,0,1,0,1,1
2,33,44,0.0010259727714583278,0,1,4,6,3,4,3,0,1,0,1,1
2,33,46,0.001237608608789742,0,1,4,6,3,6,3,0,1,0,1,1
2,33,47,0.009524781256914139,0,2,4,7,3,0,3,0,1,0,1,4
2,34,2,0.17715394496917725,0,0,4,3,4,2,4,1,1,1,1,1
2,34,3,0.0021971275564283133,0,0,4,3,4,3,4,1,1,1,1,1
2,34,4,0.07656718045473099,0,0,4,3,4,4,4,1,1,1,1,1
2,34,10,0.21110492944717407,0,0,4,3,4,4,4,2,1,1,1,1
2,34,11,0.41312363743782043,0,0,4,3,4,5,4,2,1,1,1,1
2,34,12,0.005161503795534372,0,0,4,3,4,6,4,2,1,1,1,1
2,34,15,7.408137753373012e-05,0,0,4,3,4,3,4,3,1,1,1,1
2,34,16,0.006714060436934233,0,0,4,3,4,4,4,3,1,1,1,1
2,34,18,0.005719591863453388,0,0,4,3,4,6,4,3,1,1,1,1
2,34,20,0.0008222718024626374,0,0,4,3,4,2,4,4,1,1,1,1
2,34,24,0.002020779764279723,0,0,4,3,4,6,4,4,1,1,1,1
2,34,25,0.0021547009237110615,0,0,4,3,4,1,4,5,1,1,1,1
2,34,26,0.0010661872802302241,0,0,4,3,4,2,4,5,1,1,1,1
2,34,28,0.008500746451318264,0,0,4,3,4,4,4,5,1,1,1,1
2,34,29,0.014082325622439384,0,0,4,3,4,5,4,5,1,1,1,1
2,34,30,0.005193811375647783,0,0,4,3,4,6,4,5,1,1,1,1
2,34,32,0.06816711276769638,0,0,4,4,4,2,4,2,1,1,1,1
2,34,37,0.00010985615517711267,0,0,4,5,4,2,4,2,1,2,1,2
2,34,39,4.9036822019843385e-05,0,0,4,5,4,4,4,4,1,2,1,2
2,34,40,1.417962175764842e-05,0,0,4,5,4,5,4,5,1,2,1,2
2,34,43,1.0397823935193173e-08,0,1,4,6,4,3,4,0,1,0,1,1
2,34,44,6.048154546078877e-07,0,1,4,6,4,4,4,0,1,0,1,1
2,34,46,5.034920604884974e-07,0,1,4,6,4,6,4,0,1,0,1,1
2,34,47,2.051540377578931e-06,0,2,4,7,4,0,4,0,1,0,1,4
2,35,2,0.046556323766708374,0,0,4,3,5,2,5,1,1,1,1,1
2,35,3,0.07280342280864716,0,0,4,3,5,3,5,1,1,1,1,1
2,35,4,0.05402839556336403,0,0,4,3,5,4,5,1,1,1,1,1
2,35,10,0.2199086993932724,0,0,4,3,5,4,5,2,1,1,1,1
2,35,11,0.06814370304346085,0,0,4,3,5,5,5,2,1,1,1,1
2,35,12,0.03280755877494812,0,0,4,3,5,6,5,2,1,1,1,1
2,35,15,0.013905000872910023,0,0,4,3,5,3,5,3,1,1,1,1
2,35,16,0.1078769862651825,0,0,4,3,5,4,5,3,1,1,1,1
2,35,18,0.029668312519788742,0,0,4,3,5,6,5,3,1,1,1,1
2,35,20,0.0055200811475515366,0,0,4,3,5,2,5,4,1,1,1,1
2,35,24,0.012176278047263622,0,0,4,3,5,6,5,4,1,1,1,1
2,35,25,0.01968999207019806,0,0,4,3,5,1,5,5,1,1,1,1
2,35,26,0.034325990825891495,0,0,4,3,5,2,5,5,1,1,1,1
2,35,28,0.0914919525384903,0,0,4,3,5,4,5,5,1,1,1,1
2,35,29,0.07830740511417389,0,0,4,3,5,5,5,5,1,1,1,1
2,35,30,0.05206087976694107,0,0,4,3,5,6,5,5,1,1,1,1
2,35,32,0.02703920565545559,0,0,4,4,5,2,5,2,1,1,1,1
2,35,37,0.002606948371976614,0,0,4,5,5,2,5,2,1,2,1,2
2,35,39,0.013399195857346058,0,0,4,5,5,4,5,4,1,2,1,2
2,35,40,0.0029158766847103834,0,0,4,5,5,5,5,5,1,2,1,2
2,35,43,0.0023775119334459305,0,1,4,6,5,3,5,0,1,0,1,1
2,35,44,0.0033971241209656,0,1,4,6,5,4,5,0,1,0,1,1
2,35,46,0.001109156641177833,0,1,4,6,5,6,5,0,1,0,1,1
2,35,47,0.007883802987635136,0,2,4,7,5,0,5,0,1,0,1,4
2,36,2,4.005621079272714e-08,0,0,5,3,1,2,1,1,2,1,2,1
2,36,3,2.25374515139265e-05,0,0,5,3,1,3,1,1,2,1,2,1
2,36,4,1.654998555977727e-07,0,0,5,3,1,4,1,1,2,1,2,1
2,36,10,1.5245326778767776e-07,0,0,5,3,1,4,1,2,2,1,2,1
2,36,11,8.210467683511524e-08,0,0,5,3,1,5,1,2,2,1,2,1
2,36,12,2.2603214802074945e-06,0,0,5,3,1,6,1,2,2,1,2,1
2,36,15,0.00018220288620796055,0,0,5,3,1,3,1,3,2,1,2,1
2,36,16,6.207254045875743e-06,0,0,5,3,1,4,1,3,2,1,2,1
2,36,18,3.997478415840305e-06,0,0,5,3,1,6,1,3,2,1,2,1
2,36,20,4.179465520337544e-07,0,0,5,3,1,2,1,4,2,1,2,1
2,36,24,2.1582186491286848e-06,0,0,5,3,1,6,1,4,2,1,2,1
2,36,25,7.746288019916392e-07,0,0,5,3,1,1,1,5,2,1,2,1
2,36,26,1.6916545746425982e-06,0,0,5,3,1,2,1,5,2,1,2,1
2,36,28,1.3155417946109083e-06,0,0,5,3,1,4,1,5,2,1,2,1
2,36,29,1.4564368484570878e-06,0,0,5,3,1,5,1,5,2,1,2,1
2,36,30,2.9924631235189736e-06,0,0,5,3,1,6,1,5,2,1,2,1
2,36,32,2.131656096082679e-08,0,0,5,4,1,2,1,2,2,1,2,1
2,36,37,1.0535634373809444e-06,0,0,5,5,1,2,1,2,2,2,2,2
2,36,39,0.00021181636839173734,0,0,5,5,1,4,1,4,2,2,2,2
2,36,40,6.844339168310398e-06,0,0,5,5,1,5,1,5,2,2,2,2
2,36,43,0.9981842637062073,0,1,5,6,1,3,1,0,2,0,2,1
2,36,44,0.0007309211068786681,0,1,5,6,1,4,1,0,2,0,2,1
2,36,46,0.0005906937294639647,0,1,5,6,1,6,1,0,2,0,2,1
2,36,47,4.5702232455369085e-05,0,2,5,7,1,0,1,0,2,0,2,4
2,38,2,9.270823284168728e-06,0,0,5,3,3,2,3,1,2,1,2,1
2,38,3,0.0001917735644383356,0,0,5,3,3,3,3,1,2,1,2,1
2,38,4,1.6076018027888495e-06,0,0,5,3,3,4,3,1,2,1,2,1
2,38,10,4.633848220692016e-06,0,0,5,3,3,4,3,2,2,1,2,1
2,38,11,8.171616173058283e-06,0,0,5,3,3,5,3,2,2,1,2,1
2,38,12,3.099687091889791e-05,0,0,5,3,3,6,3,2,2,1,2,1
2,38,15,0.0007980090449564159,0,0,5,3,3,3,3,3,2,1,2,1
2,38,16,3.68775799870491e-05,0,0,5,3,3,4,3,3,2,1,2,1
2,38,18,3.635084431152791e-05,0,0,5,3,3,6,3,3,2,1,2,1
2,38,20,8.615811566414777e-06,0,0,5,3,3,2,3,4,2,1,2,1
2,38,24,1.1985102901235223e-05,0,0,5,3,3,6,3,4,2,1,2,1
2,38,25,6.630623829551041e-06,0,0,5,3,3,1,3,5,2,1,2,1
2,38,26,1.0816478607011959e-05,0,0,5,3,3,2,3,5,2,1,2,1
2,38,28,8.179400538210757e-06,0,0,5,3,3,4,3,5,2,1,2,1
2,38,29,3.765341898542829e-05,0,0,5,3,3,5,3,5,2,1,2,1
2,38,30,8.732535206945613e-06,0,0,5,3,3,6,3,5,2,1,2,1
2,38,32,1.0804867542901775e-06,0,0,5,4,3,2,3,2,2,1,2,1
2,38,37,0.00013547531852964312,0,0,5,5,3,2,3,2,2,2,2,2
2,38,39,0.003779974766075611,0,0,5,5,3,4,3,4,2,2,2,2
2,38,40,0.00013188592856749892,0,0,5,5,3,5,3,5,2,2,2,2
2,38,43,0.9906595349311829,0,1,5,6,3,3,3,0,2,0,2,1
2,38,44,0.0006949544767849147,0,1,5,6,3,4,3,0,2,0,2,1
2,38,46,0.0027618121821433306,0,1,5,6,3,6,3,0,2,0,2,1
2,38,47,0.0006249877042137086,0,2,5,7,3,0,3,0,2,0,2,4
2,41,2,5.397541826823726e-07,1,0,6,3,1,2,0,1,0,1,1,1
2,41,3,6.491821113741025e-05,1,0,6,3,1,3,0,1,0,1,1,1
2,41,4,1.0918330417553079e-07,1,0,6,3,1,4,0,1,0,1,1,1
2,41,10,6.5189542510779575e-06,1,0,6,3,1,4,0,2,0,1,1,1
2,41,11,1.138641664510942e-06,1,0,6,3,1,5,0,2,0,1,1,1
2,41,12,1.3247163224150427e-05,1,0,6,3,1,6,0,2,0,1,1,1
2,41,15,0.0006486354395747185,1,0,6,3,1,3,0,3,0,1,1,1
2,41,16,2.7151925678481348e-05,1,0,6,3,1,4,0,3,0,1,1,1
2,41,18,1.0801626558532007e-05,1,0,6,3,1,6,0,3,0,1,1,1
2,41,20,8.942205568018835e-06,1,0,6,3,1,2,0,4,0,1,1,1
2,41,24,3.428980562603101e-05,1,0,6,3,1,6,0,4,0,1,1,1
2,41,25,2.8652686978603015e-06,1,0,6,3,1,1,0,5,0,1,1,1
2,41,26,6.9934762905177195e-06,1,0,6,3,1,2,0,5,0,1,1,1
2,41,28,7.0532396421185695e-06,1,0,6,3,1,4,0,5,0,1,1,1
2,41,29,2.2168454961501993e-05,1,0,6,3,1,5,0,5,0,1,1,1
2,41,30,6.4418554757139646e-06,1,0,6,3,1,6,0,5,0,1,1,1
2,41,32,1.63283220899757e-06,1,0,6,4,1,2,0,2,0,1,1,1
2,41,37,4.624150096788071e-05,1,0,6,5,1,2,0,2,0,2,1,2
2,41,39,0.011740035377442837,1,0,6,5,1,4,0,4,0,2,1,2
2,41,40,0.00023601605789735913,1,0,6,5,1,5,0,5,0,2,1,2
2,41,43,0.9735797047615051,1,1,6,6,1,3,0,0,0,0,1,1
2,41,44,0.0034232274629175663,1,1,6,6,1,4,0,0,0,0,1,1
2,41,46,0.009431956335902214,1,1,6,6,1,6,0,0,0,0,1,1
2,41,47,0.0006801082636229694,1,2,6,7,1,0,0,0,0,0,1,4
2,42,2,0.002236870815977454,1,0,6,3,2,2,0,1,0,1,1,1
2,42,3,0.005140947178006172,1,0,6,3,2,3,0,1,0,1,1,1
2,42,4,0.00028736854437738657,1,0,6,3,2,4,0,1,0,1,1,1
2,42,10,0.001157713821157813,1,0,6,3,2,4,0,2,0,1,1,1
2,42,11,0.0003746145230252296,1,0,6,3,2,5,0,2,0,1,1,1
2,42,12,0.002760161878541112,1,0,6,3,2,6,0,2,0,1,1,1
2,42,15,0.001795991905964911,1,0,6,3,2,3,0,3,0,1,1,1
2,42,16,0.0008322507492266595,1,0,6,3,2,4,0,3,0,1,1,1
2,42,18,0.0008698026649653912,1,0,6,3,2,6,0,3,0,1,1,1
2,42,20,0.004444634076207876,1,0,6,3,2,2,0,4,0,1,1,1
2,42,24,0.00726852472871542,1,0,6,3,2,6,0,4,0,1,1,1
2,42,25,0.0014631403610110283,1,0,6,3,2,1,0,5,0,1,1,1
2,42,26,0.0016049228142946959,1,0,6,3,2,2,0,5,0,1,1,1
2,42,28,0.0015500409062951803,1,0,6,3,2,4,0,5,0,1,1,1
2,42,29,0.0006732707261107862,1,0,6,3,2,5,0,5,0,1,1,1
2,42,30,0.0006455554394051433,1,0,6,3,2,6,0,5,0,1,1,1
2,42,32,0.006787330377846956,1,0,6,4,2,2,0,2,0,1,1,1
2,42,37,0.01661798357963562,1,0,6,5,2,2,0,2,0,2,1,2
2,42,39,0.8782344460487366,1,0,6,5,2,4,0,4,0,2,1,2
2,42,40,0.05323797091841698,1,0,6,5,2,5,0,5,0,2,1,2
2,42,43,0.003753109835088253,1,1,6,6,2,3,0,0,0,0,1,1
2,42,44,0.002880399813875556,1,1,6,6,2,4,0,0,0,0,1,1
2,42,46,0.0051340037025511265,1,1,6,6,2,6,0,0,0,0,1,1
2,42,47,0.0002488553000148386,1,2,6,7,2,0,0,0,0,0,1,4
2,45,2,0.003163263900205493,1,0,6,3,5,2,0,1,0,1,1,1
2,45,3,0.005651142448186874,1,0,6,3,5,3,0,1,0,1,1,1
2,45,4,0.00020762237545568496,1,0,6,3,5,4,0,1,0,1,1,1
2,45,10,0.002543507143855095,1,0,6,3,5,4,0,2,0,1,1,1
2,45,11,0.0013686376623809338,1,0,6,3,5,5,0,2,0,1,1,1
2,45,12,0.002981637604534626,1,0,6,3,5,6,0,2,0,1,1,1
2,45,15,0.005829865578562021,1,0,6,3,5,3,0,3,0,1,1,1
2,45,16,0.0027012350037693977,1,0,6,3,5,4,0,3,0,1,1,1
2,45,18,0.0032748840749263763,1,0,6,3,5,6,0,3,0,1,1,1
2,45,20,0.0015820175176486373,1,0,6,3,5,2,0,4,0,1,1,1
2,45,24,0.00257012527436018,1,0,6,3,5,6,0,4,0,1,1,1
2,45,25,0.00029107765294611454,1,0,6,3,5,1,0,5,0,1,1,1
2,45,26,0.0004803765914402902,1,0,6,3,5,2,0,5,0,1,1,1
2,45,28,0.0008716817246749997,1,0,6,3,5,4,0,5,0,1,1,1
2,45,29,0.0011830560397356749,1,0,6,3,5,5,0,5,0,1,1,1
2,45,30,0.0003019555879291147,1,0,6,3,5,6,0,5,0,1,1,1
2,45,32,0.0030256235040724277,1,0,6,4,5,2,0,2,0,1,1,1
2,45,37,0.02848133258521557,1,0,6,5,5,2,0,2,0,2,1,2
2,45,39,0.9071023464202881,1,0,6,5,5,4,0,4,0,2,1,2
2,45,40,0.017814744263887405,1,0,6,5,5,5,0,5,0,2,1,2
2,45,43,0.006401753984391689,1,1,6,6,5,3,0,0,0,0,1,1
2,45,44,0.0005376391927711666,1,1,6,6,5,4,0,0,0,0,1,1
2,45,46,0.0012392093194648623,1,1,6,6,5,6,0,0,0,0,1,1
2,45,47,0.00039576838025823236,1,2,6,7,5,0,0,0,0,0,1,4
3,2,0,0.026065271347761154,0,0,3,1,2,0,1,0,1,2,1,4
3,2,1,0.038087546825408936,0,0,3,3,2,1,1,1,1,1,1,1
3,2,5,0.005719184875488281,0,0,3,3,2,5,1,1,1,1,1,1
3,2,6,0.04795154929161072,0,0,3,3,2,6,1,1,1,1,1,1
3,2,7,0.5829254984855652,0,0,3,3,2,1,1,2,1,1,1,1
3,2,8,0.051130495965480804,0,0,3,3,2,2,1,2,1,1,1,1
3,2,9,0.051533039659261703,0,0,3,3,2,3,1,2,1,1,1,1
3,2,13,0.03388158977031708,0,0,3,3,2,1,1,3,1,1,1,1
3,2,14,0.008753648027777672,0,0,3,3,2,2,1,3,1,1,1,1
3,2,17,0.005537029821425676,0,0,3,3,2,5,1,3,1,1,1,1
3,2,19,0.033060912042856216,0,0,3,3,2,1,1,4,1,1,1,1
3,2,21,0.015208577737212181,0,0,3,3,2,3,1,4,1,1,1,1
3,2,22,0.010710332542657852,0,0,3,3,2,4,1,4,1,1,1,1
3,2,23,0.003659037407487631,0,0,3,3,2,5,1,4,1,1,1,1
3,2,27,0.033194612711668015,0,0,3,3,2,3,1,5,1,1,1,1
3,2,31,0.01888291910290718,0,0,3,4,2,1,1,1,1,1,1,1
3,2,33,0.007412354461848736,0,0,3,4,2,3,1,3,1,1,1,1
3,2,34,0.007606456987559795,0,0,3,4,2,4,1,4,1,1,1,1
3,2,35,0.004822766873985529,0,0,3,4,2,5,1,5,1,1,1,1
3,2,36,0.009849712252616882,0,0,3,5,2,1,1,1,1,2,1,2
3,2,38,0.003227815730497241,0,0,3,5,2,3,1,3,1,2,1,2
3,2,41,0.000617253128439188,0,1,3,6,2,1,1,0,1,0,1,1
3,2,42,0.00011878992518177256,0,1,3,6,2,2,1,0,1,0,1,1
3,2,45,4.355361670604907e-05,0,1,3,6,2,5,1,0,1,0,1,1
3,3,0,0.6409342885017395,0,0,3,1,3,0,1,0,1,2,1,4
3,3,1,0.004159073811024427,0,0,3,3,3,1,1,1,1,1,1,1
3,3,5,0.01576383225619793,0,0,3,3,3,5,1,1,1,1,1,1
3,3,6,0.02221503295004368,0,0,3,3,3,6,1,1,1,1,1,1
3,3,7,0.010539601556956768,0,0,3,3,3,1,1,2,1,1,1,1
3,3,8,0.05800899118185043,0,0,3,3,3,2,1,2,1,1,1,1
3,3,9,0.01799958385527134,0,0,3,3,3,3,1,2,1,1,1,1
3,3,13,0.003183279652148485,0,0,3,3,3,1,1,3,1,1,1,1
3,3,14,0.006167135667055845,0,0,3,3,3,2,1,3,1,1,1,1
3,3,17,0.01853051781654358,0,0,3,3,3,5,1,3,1,1,1,1
3,3,19,0.0020340238697826862,0,0,3,3,3,1,1,4,1,1,1,1
3,3,21,0.009728122502565384,0,0,3,3,3,3,1,4,1,1,1,1
3,3,22,0.010335288010537624,0,0,3,3,3,4,1,4,1,1,1,1
3,3,23,0.005184999667108059,0,0,3,3,3,5,1,4,1,1,1,1
3,3,27,0.02939157746732235,0,0,3,3,3,3,1,5,1,1,1,1
3,3,31,0.004496184643357992,0,0,3,4,3,1,1,1,1,1,1,1
3,3,33,0.018429391086101532,0,0,3,4,3,3,1,3,1,1,1,1
3,3,34,0.011648403480648994,0,0,3,4,3,4,1,4,1,1,1,1
3,3,35,0.0868033841252327,0,0,3,4,3,5,1,5,1,1,1,1
3,3,36,0.0016880171606317163,0,0,3,5,3,1,1,1,1,2,1,2
3,3,38,0.005383214447647333,0,0,3,5,3,3,1,3,1,2,1,2
3,3,41,0.0019146109698340297,0,1,3,6,3,1,1,0,1,0,1,1
3,3,42,0.01141557190567255,0,1,3,6,3,2,1,0,1,0,1,1
3,3,45,0.004045831970870495,0,1,3,6,3,5,1,0,1,0,1,1
3,4,0,0.04739713668823242,0,0,3,1,4,0,1,0,1,2,1,4
3,4,1,0.042533427476882935,0,0,3,3,4,1,1,1,1,1,1,1
3,4,5,0.003637532005086541,0,0,3,3,4,5,1,1,1,1,1,1
3,4,6,0.05866290628910065,0,0,3,3,4,6,1,1,1,1,1,1
3,4,7,0.4562433660030365,0,0,3,3,4,1,1,2,1,1,1,1
3,4,8,0.02797948569059372,0,0,3,3,4,2,1,2,1,1,1,1
3,4,9,0.05354401096701622,0,0,3,3,4,3,1,2,1,1,1,1
3,4,13,0.1015603095293045,0,0,3,3,4,1,1,3,1,1,1,1
3,4,14,0.010199989192187786,0,0,3,3,4,2,1,3,1,1,1,1
3,4,17,0.003156473161652684,0,0,3,3,4,5,1,3,1,1,1,1
3,4,19,0.07868285477161407,0,0,3,3,4,1,1,4,1,1,1,1
3,4,21,0.006334865465760231,0,0,3,3,4,3,1,4,1,1,1,1
3,4,22,0.011836174875497818,0,0,3,3,4,4,1,4,1,1,1,1
3,4,23,0.0013876361772418022,0,0,3,3,4,5,1,4,1,1,1,1
3,4,27,0.008242662064731121,0,0,3,3,4,3,1,5,1,1,1,1
3,4,31,0.044966842979192734,0,0,3,4,4,1,1,1,1,1,1,1
3,4,33,0.006151375360786915,0,0,3,4,4,3,1,3,1,1,1,1
3,4,34,0.008470586501061916,0,0,3,4,4,4,1,4,1,1,1,1
3,4,35,0.0006235999753698707,0,0,3,4,4,5,1,5,1,1,1,1
3,4,36,0.01905149407684803,0,0,3,5,4,1,1,1,1,2,1,2
3,4,38,0.00833225529640913,0,0,3,5,4,3,1,3,1,2,1,2
3,4,41,0.0009743804112076759,0,1,3,6,4,1,1,0,1,0,1,1
3,4,42,1.3851332369085867e-05,0,1,3,6,4,2,1,0,1,0,1,1
3,4,45,1.6966960174613632e-05,0,1,3,6,4,5,1,0,1,0,1,1
3,10,0,0.9988127946853638,0,0,3,1,4,0,2,0,1,2,1,4
3,10,1,3.5109674172417726e-06,0,0,3,3,4,1,2,1,1,1,1,1
3,10,5,3.102219125139527e-06,0,0,3,3,4,5,2,1,1,1,1,1
3,10,6,1.2369906471576542e-05,0,0,3,3,4,6,2,1,1,1,1,1
3,10,7,1.1691719009832013e-05,0,0,3,3,4,1,2,2,1,1,1,1
3,10,8,1.2835685993195511e-05,0,0,3,3,4,2,2,2,1,1,1,1
3,10,9,2.0375016902107745e-05,0,0,3,3,4,3,2,2,1,1,1,1
3,10,13,4.656707460526377e-06,0,0,3,3,4,1,2,3,1,1,1,1
3,10,14,1.1878451914526522e-05,0,0,3,3,4,2,2,3,1,1,1,1
3,10,17,2.4687069526407868e-06,0,0,3,3,4,5,2,3,1,1,1,1
3,10,19,4.503457148530288e-06,0,0,3,3,4,1,2,4,1,1,1,1
3,10,21,5.425913514045533e-06,0,0,3,3,4,3,2,4,1,1,1,1
3,10,22,9.631079592509195e-05,0,0,3,3,4,4,2,4,1,1,1,1
3,10,23,5.046284172749438e-07,0,0,3,3,4,5,2,4,1,1,1,1
3,10,27,9.920744560076855e-06,0,0,3,3,4,3,2,5,1,1,1,1
3,10,31,5.71654163650237e-05,0,0,3,4,4,1,2,1,1,1,1,1
3,10,33,9.24820706131868e-05,0,0,3,4,4,3,2,3,1,1,1,1
3,10,34,0.0004731783992610872,0,0,3,4,4,4,2,4,1,1,1,1
3,10,35,7.217788606794784e-06,0,0,3,4,4,5,2,5,1,1,1,1
3,10,36,4.3522588384803385e-05,0,0,3,5,4,1,2,1,1,2,1,2
3,10,38,0.00010333589307265356,0,0,3,5,4,3,2,3,1,2,1,2
3,10,41,0.0001203585125040263,0,1,3,6,4,1,2,0,1,0,1,1
3,10,42,6.058017970644869e-05,0,1,3,6,4,2,2,0,1,0,1,1
3,10,45,3.0013716241228394e-05,0,1,3,6,4,5,2,0,1,0,1,1
3,11,0,0.9961374402046204,0,0,3,1,5,0,2,0,1,2,1,4
3,11,1,4.18055151385488e-06,0,0,3,3,5,1,2,1,1,1,1,1
3,11,5,4.1728271753527224e-05,0,0,3,3,5,5,2,1,1,1,1,1
3,11,6,2.121740544680506e-05,0,0,3,3,5,6,2,1,1,1,1,1
3,11,7,6.911676791787613e-06,0,0,3,3,5,1,2,2,1,1,1,1
3,11,8,2.3388796762446873e-05,0,0,3,3,5,2,2,2,1,1,1,1
3,11,9,3.95236857002601e-05,0,0,3,3,5,3,2,2,1,1,1,1
3,11,13,2.4580674562457716e-06,0,0,3,3,5,1,2,3,1,1,1,1
3,11,14,1.728476672724355e-05,0,0,3,3,5,2,2,3,1,1,1,1
3,11,17,8.317985702888109e-06,0,0,3,3,5,5,2,3,1,1,1,1
3,11,19,5.3573153309116606e-06,0,0,3,3,5,1,2,4,1,1,1,1
3,11,21,5.412520476966165e-05,0,0,3,3,5,3,2,4,1,1,1,1
3,11,22,0.0002506565651856363,0,0,3,3,5,4,2,4,1,1,1,1
3,11,23,6.159434178698575e-06,0,0,3,3,5,5,2,4,1,1,1,1
3,11,27,8.836072811391205e-05,0,0,3,3,5,3,2,5,1,1,1,1
3,11,31,3.591483982745558e-05,0,0,3,4,5,1,2,1,1,1,1,1
3,11,33,0.0003297234943602234,0,0,3,4,5,3,2,3,1,1,1,1
3,11,34,0.0001996016362681985,0,0,3,4,5,4,2,4,1,1,1,1
3,11,35,0.0001791228132788092,0,0,3,4,5,5,2,5,1,1,1,1
3,11,36,4.806725701200776e-05,0,0,3,5,5,1,2,1,1,2,1,2
3,11,38,0.00018428429029881954,0,0,3,5,5,3,2,3,1,2,1,2
3,11,41,0.00012343627167865634,0,1,3,6,5,1,2,0,1,0,1,1
3,11,42,0.0019683889113366604,0,1,3,6,5,2,2,0,1,0,1,1
3,11,45,0.00022478798928204924,0,1,3,6,5,5,2,0,1,0,1,1
3,12,0,0.9961624145507812,0,0,3,1,6,0,2,0,1,2,1,4
3,12,1,9.950149433279876e-06,0,0,3,3,6,1,2,1,1,1,1,1
3,12,5,1.4588471458409913e-05,0,0,3,3,6,5,2,1,1,1,1,1
3,12,6,2.8470047254813835e-05,0,0,3,3,6,6,2,1,1,1,1,1
3,12,7,2.6286638785677496e-06,0,0,3,3,6,1,2,2,1,1,1,1
3,12,8,9.249373397324234e-05,0,0,3,3,6,2,2,2,1,1,1,1
3,12,9,0.0002908400783780962,0,0,3,3,6,3,2,2,1,1,1,1
3,12,13,2.445089421598823e-06,0,0,3,3,6,1,2,3,1,1,1,1
3,12,14,6.16688021182199e-06,0,0,3,3,6,2,2,3,1,1,1,1
3,12,17,1.3367552128329407e-05,0,0,3,3,6,5,2,3,1,1,1,1
3,12,19,1.5459675068996148e-06,0,0,3,3,6,1,2,4,1,1,1,1
3,12,21,6.976535951253027e-05,0,0,3,3,6,3,2,4,1,1,1,1
3,12,22,0.00024312363530043513,0,0,3,3,6,4,2,4,1,1,1,1
3,12,23,4.573774276650511e-06,0,0,3,3,6,5,2,4,1,1,1,1
3,12,27,6.627249240409583e-05,0,0,3,3,6,3,2,5,1,1,1,1
3,12,31,1.9003249690285884e-05,0,0,3,4,6,1,2,1,1,1,1,1
3,12,33,0.000780342030338943,0,0,3,4,6,3,2,3,1,1,1,1
3,12,34,0.0013738147681578994,0,0,3,4,6,4,2,4,1,1,1,1
3,12,35,3.3593612897675484e-05,0,0,3,4,6,5,2,5,1,1,1,1
3,12,36,1.2075982340320479e-05,0,0,3,5,6,1,2,1,1,2,1,2
3,12,38,0.00014327498502098024,0,0,3,5,6,3,2,3,1,2,1,2
3,12,41,5.4087671742308885e-05,0,1,3,6,6,1,2,0,1,0,1,1
3,12,42,0.0004020564374513924,0,1,3,6,6,2,2,0,1,0,1,1
3,12,45,0.00017242316971533,0,1,3,6,6,5,2,0,1,0,1,1
3,15,0,0.30485764145851135,0,0,3,1,3,0,3,0,1,2,1,4
3,15,1,0.0222182460129261,0,0,3,3,3,1,3,1,1,1,1,1
3,15,5,0.019835662096738815,0,0,3,3,3,5,3,1,1,1,1,1
3,15,6,0.08732920140028,0,0,3,3,3,6,3,1,1,1,1,1
3,15,7,0.2048860639333725,0,0,3,3,3,1,3,2,1,1,1,1
3,15,8,0.08115927875041962,0,0,3,3,3,2,3,2,1,1,1,1
3,15,9,0.023661205545067787,0,0,3,3,3,3,3,2,1,1,1,1
3,15,13,0.01518931146711111,0,0,3,3,3,1,3,3,1,1,1,1
3,15,14,0.009461469948291779,0,0,3,3,3,2,3,3,1,1,1,1
3,15,17,0.008288206532597542,0,0,3,3,3,5,3,3,1,1,1,1
3,15,19,0.021498382091522217,0,0,3,3,3,1,3,4,1,1,1,1
3,15,21,0.0296714436262846,0,0,3,3,3,3,3,4,1,1,1,1
3,15,22,0.01895171031355858,0,0,3,3,3,4,3,4,1,1,1,1
3,15,23,0.012889647856354713,0,0,3,3,3,5,3,4,1,1,1,1
3,15,27,0.024494361132383347,0,0,3,3,3,3,3,5,1,1,1,1
3,15,31,0.0311451256275177,0,0,3,4,3,1,3,1,1,1,1,1
3,15,33,0.01249720435589552,0,0,3,4,3,3,3,3,1,1,1,1
3,15,34,0.008014109916985035,0,0,3,4,3,4,3,4,1,1,1,1
3,15,35,0.04765467718243599,0,0,3,4,3,5,3,5,1,1,1,1
3,15,36,0.007610543165355921,0,0,3,5,3,1,3,1,1,2,1,2
3,15,38,0.0059821950271725655,0,0,3,5,3,3,3,3,1,2,1,2
3,15,41,0.0010834205895662308,0,1,3,6,3,1,3,0,1,0,1,1
3,15,42,0.0013515407918021083,0,1,3,6,3,2,3,0,1,0,1,1
3,15,45,0.0002692198322620243,0,1,3,6,3,5,3,0,1,0,1,1
3,16,0,0.9547830820083618,0,0,3,1,4,0,3,0,1,2,1,4
3,16,1,0.0017897153738886118,0,0,3,3,4,1,3,1,1,1,1,1
3,16,5,0.0012235230533406138,0,0,3,3,4,5,3,1,1,1,1,1
3,16,6,0.007161226123571396,0,0,3,3,4,6,3,1,1,1,1,1
3,16,7,0.005717117339372635,0,0,3,3,4,1,3,2,1,1,1,1
3,16,8,0.0013239835388958454,0,0,3,3,4,2,3,2,1,1,1,1
3,16,9,0.003149507101625204,0,0,3,3,4,3,3,2,1,1,1,1
3,16,13,0.0020309018436819315,0,0,3,3,4,1,3,3,1,1,1,1
3,16,14,0.0007325450424104929,0,0,3,3,4,2,3,3,1,1,1,1
3,16,17,0.0002603547181934118,0,0,3,3,4,5,3,3,1,1,1,1
3,16,19,0.004221778828650713,0,0,3,3,4,1,3,4,1,1,1,1
3,16,21,0.0016316089313477278,0,0,3,3,4,3,3,4,1,1,1,1
3,16,22,0.005568837281316519,0,0,3,3,4,4,3,4,1,1,1,1
3,16,23,0.0005215135170146823,0,0,3,3,4,5,3,4,1,1,1,1
3,16,27,0.0011516258819028735,0,0,3,3,4,3,3,5,1,1,1,1
3,16,31,0.003636174602434039,0,0,3,4,4,1,3,1,1,1,1,1
3,16,33,0.001107340562157333,0,0,3,4,4,3,3,3,1,1,1,1
3,16,34,0.0017812465084716678,0,0,3,4,4,4,3,4,1,1,1,1
3,16,35,0.00023481341486331075,0,0,3,4,4,5,3,5,1,1,1,1
3,16,36,0.000889826100319624,0,0,3,5,4,1,3,1,1,2,1,2
3,16,38,0.0005321167991496623,0,0,3,5,4,3,3,3,1,2,1,2
3,16,41,0.00047024167724885046,0,1,3,6,4,1,3,0,1,0,1,1
3,16,42,5.9144411352463067e-05,0,1,3,6,4,2,3,0,1,0,1,1
3,16,45,2.1391553673311137e-05,0,1,3,6,4,5,3,0,1,0,1,1
3,18,0,0.10323408246040344,0,0,3,1,6,0,3,0,1,2,1,4
3,18,1,0.018778152763843536,0,0,3,3,6,1,3,1,1,1,1,1
3,18,5,0.024671504274010658,0,0,3,3,6,5,3,1,1,1,1,1
3,18,6,0.0684007853269577,0,0,3,3,6,6,3,1,1,1,1,1
3,18,7,0.013001096434891224,0,0,3,3,6,1,3,2,1,1,1,1
3,18,8,0.16239558160305023,0,0,3,3,6,2,3,2,1,1,1,1
3,18,9,0.32690146565437317,0,0,3,3,6,3,3,2,1,1,1,1
3,18,13,0.014349967241287231,0,0,3,3,6,1,3,3,1,1,1,1
3,18,14,0.005808816757053137,0,0,3,3,6,2,3,3,1,1,1,1
3,18,17,0.024109669029712677,0,0,3,3,6,5,3,3,1,1,1,1
3,18,19,0.0062010632827878,0,0,3,3,6,1,3,4,1,1,1,1
3,18,21,0.04144171252846718,0,0,3,3,6,3,3,4,1,1,1,1
3,18,22,0.0219297893345356,0,0,3,3,6,4,3,4,1,1,1,1
3,18,23,0.005205782596021891,0,0,3,3,6,5,3,4,1,1,1,1
3,18,27,0.025844547897577286,0,0,3,3,6,3,3,5,1,1,1,1
3,18,31,0.009051850996911526,0,0,3,4,6,1,3,1,1,1,1,1
3,18,33,0.057087723165750504,0,0,3,4,6,3,3,3,1,1,1,1
3,18,34,0.023034222424030304,0,0,3,4,6,4,3,4,1,1,1,1
3,18,35,0.008647562935948372,0,0,3,4,6,5,3,5,1,1,1,1
3,18,36,0.005212584976106882,0,0,3,5,6,1,3,1,1,2,1,2
3,18,38,0.032325614243745804,0,0,3,5,6,3,3,3,1,2,1,2
3,18,41,0.0008025954011827707,0,1,3,6,6,1,3,0,1,0,1,1
3,18,42,0.0007714820676483214,0,1,3,6,6,2,3,0,1,0,1,1
3,18,45,0.000792616861872375,0,1,3,6,6,5,3,0,1,0,1,1
3,20,0,0.0004888270050287247,0,0,3,1,2,0,4,0,1,2,1,4
3,20,1,0.008971159346401691,0,0,3,3,2,1,4,1,1,1,1,1
3,20,5,0.0031945526134222746,0,0,3,3,2,5,4,1,1,1,1,1
3,20,6,0.020197730511426926,0,0,3,3,2,6,4,1,1,1,1,1
3,20,7,0.8560723662376404,0,0,3,3,2,1,4,2,1,1,1,1
3,20,8,0.021258872002363205,0,0,3,3,2,2,4,2,1,1,1,1
3,20,9,0.007673367392271757,0,0,3,3,2,3,4,2,1,1,1,1
3,20,13,0.02042626217007637,0,0,3,3,2,1,4,3,1,1,1,1
3,20,14,0.003307590028271079,0,0,3,3,2,2,4,3,1,1,1,1
3,20,17,0.0011782905785366893,0,0,3,3,2,5,4,3,1,1,1,1
3,20,19,0.018241632729768753,0,0,3,3,2,1,4,4,1,1,1,1
3,20,21,0.006150616332888603,0,0,3,3,2,3,4,4,1,1,1,1
3,20,22,0.002203510608524084,0,0,3,3,2,4,4,4,1,1,1,1
3,20,23,0.0018840078264474869,0,0,3,3,2,5,4,4,1,1,1,1
3,20,27,0.017373766750097275,0,0,3,3,2,3,4,5,1,1,1,1
3,20,31,0.0029118803795427084,0,0,3,4,2,1,4,1,1,1,1,1
3,20,33,0.0007242506253533065,0,0,3,4,2,3,4,3,1,1,1,1
3,20,34,0.0002845405542757362,0,0,3,4,2,4,4,4,1,1,1,1
3,20,35,0.0035059647634625435,0,0,3,4,2,5,4,5,1,1,1,1
3,20,36,0.002965187653899193,0,0,3,5,2,1,4,1,1,2,1,2
3,20,38,0.0008975332020781934,0,0,3,5,2,3,4,3,1,2,1,2
3,20,41,8.03951479610987e-05,0,1,3,6,2,1,4,0,1,0,1,1
3,20,42,5.968568984826561e-06,0,1,3,6,2,2,4,0,1,0,1,1
3,20,45,2.1519010715564946e-06,0,1,3,6,2,5,4,0,1,0,1,1
3,24,0,0.0009620398050174117,0,0,3,1,6,0,4,0,1,2,1,4
3,24,1,0.03668004274368286,0,0,3,3,6,1,4,1,1,1,1,1
3,24,5,0.03382105752825737,0,0,3,3,6,5,4,1,1,1,1,1
3,24,6,0.09277446568012238,0,0,3,3,6,6,4,1,1,1,1,1
3,24,7,0.2234700471162796,0,0,3,3,6,1,4,2,1,1,1,1
3,24,8,0.11272197961807251,0,0,3,3,6,2,4,2,1,1,1,1
3,24,9,0.2689155638217926,0,0,3,3,6,3,4,2,1,1,1,1
3,24,13,0.07009600102901459,0,0,3,3,6,1,4,3,1,1,1,1
3,24,14,0.005300393793731928,0,0,3,3,6,2,4,3,1,1,1,1
3,24,17,0.016125496476888657,0,0,3,3,6,5,4,3,1,1,1,1
3,24,19,0.03820513188838959,0,0,3,3,6,1,4,4,1,1,1,1
3,24,21,0.019208962097764015,0,0,3,3,6,3,4,4,1,1,1,1
3,24,22,0.0030730131547898054,0,0,3,3,6,4,4,4,1,1,1,1
3,24,23,0.0062361108139157295,0,0,3,3,6,5,4,4,1,1,1,1
3,24,27,0.06059154123067856,0,0,3,3,6,3,4,5,1,1,1,1
3,24,31,0.0018872523214668036,0,0,3,4,6,1,4,1,1,1,1,1
3,24,33,0.002849479904398322,0,0,3,4,6,3,4,3,1,1,1,1
3,24,34,0.00015419759438373148,0,0,3,4,6,4,4,4,1,1,1,1
3,24,35,0.0023036000784486532,0,0,3,4,6,5,4,5,1,1,1,1
3,24,36,0.0019497061148285866,0,0,3,5,6,1,4,1,1,2,1,2
3,24,38,0.00265869521535933,0,0,3,5,6,3,4,3,1,2,1,2
3,24,41,1.3331821719475556e-05,0,1,3,6,6,1,4,0,1,0,1,1
3,24,42,8.768176371631853e-07,0,1,3,6,6,2,4,0,1,0,1,1
3,24,45,1.033048988574592e-06,0,1,3,6,6,5,4,0,1,0,1,1
3,25,0,0.9998786449432373,0,0,3,1,1,0,5,0,1,2,1,4
3,25,1,9.61529508458625e-07,0,0,3,3,1,1,5,1,1,1,1,1
3,25,5,1.9783185052801855e-05,0,0,3,3,1,5,5,1,1,1,1,1
3,25,6,6.049578132660827e-06,0,0,3,3,1,6,5,1,1,1,1,1
3,25,7,3.765461997318198e-06,0,0,3,3,1,1,5,2,1,1,1,1
3,25,8,3.142743707940099e-06,0,0,3,3,1,2,5,2,1,1,1,1
3,25,9,8.88497379492037e-06,0,0,3,3,1,3,5,2,1,1,1,1
3,25,13,4.9145353386848e-07,0,0,3,3,1,1,5,3,1,1,1,1
3,25,14,1.8905368506239029e-06,0,0,3,3,1,2,5,3,1,1,1,1
3,25,17,2.133989710273454e-06,0,0,3,3,1,5,5,3,1,1,1,1
3,25,19,1.3793641073789331e-06,0,0,3,3,1,1,5,4,1,1,1,1
3,25,21,8.141490980051458e-06,0,0,3,3,1,3,5,4,1,1,1,1
3,25,22,1.5529018128290772e-05,0,0,3,3,1,4,5,4,1,1,1,1
3,25,23,2.8005920285067987e-06,0,0,3,3,1,5,5,4,1,1,1,1
3,25,27,7.282854767254321e-06,0,0,3,3,1,3,5,5,1,1,1,1
3,25,31,1.6664716895320453e-06,0,0,3,4,1,1,5,1,1,1,1,1
3,25,33,7.2732436819933355e-06,0,0,3,4,1,3,5,3,1,1,1,1
3,25,34,1.0008516255766153e-06,0,0,3,4,1,4,5,4,1,1,1,1
3,25,35,3.875633410643786e-06,0,0,3,4,1,5,5,5,1,1,1,1
3,25,36,8.887268450052943e-06,0,0,3,5,1,1,5,1,1,2,1,2
3,25,38,8.572337719670031e-06,0,0,3,5,1,3,5,3,1,2,1,2
3,25,41,2.2132278445496922e-06,0,1,3,6,1,1,5,0,1,0,1,1
3,25,42,3.716611445270246e-06,0,1,3,6,1,2,5,0,1,0,1,1
3,25,45,7.2010669782685e-07,0,1,3,6,1,5,5,0,1,0,1,1
3,26,0,0.3179221749305725,0,0,3,1,2,0,5,0,1,2,1,4
3,26,1,0.011558407917618752,0,0,3,3,2,1,5,1,1,1,1,1
3,26,5,0.021235721185803413,0,0,3,3,2,5,5,1,1,1,1,1
3,26,6,0.04965563863515854,0,0,3,3,2,6,5,1,1,1,1,1
3,26,7,0.3735640048980713,0,0,3,3,2,1,5,2,1,1,1,1
3,26,8,0.011286974884569645,0,0,3,3,2,2,5,2,1,1,1,1
3,26,9,0.008087292313575745,0,0,3,3,2,3,5,2,1,1,1,1
3,26,13,0.029782693833112717,0,0,3,3,2,1,5,3,1,1,1,1
3,26,14,0.017488539218902588,0,0,3,3,2,2,5,3,1,1,1,1
3,26,17,0.0031232861801981926,0,0,3,3,2,5,5,3,1,1,1,1
3,26,19,0.0445043183863163,0,0,3,3,2,1,5,4,1,1,1,1
3,26,21,0.011766987852752209,0,0,3,3,2,3,5,4,1,1,1,1
3,26,22,0.014124562032520771,0,0,3,3,2,4,5,4,1,1,1,1
3,26,23,0.00616071093827486,0,0,3,3,2,5,5,4,1,1,1,1
3,26,27,0.020505666732788086,0,0,3,3,2,3,5,5,1,1,1,1
3,26,31,0.020527711138129234,0,0,3,4,2,1,5,1,1,1,1,1
3,26,33,0.002511876868084073,0,0,3,4,2,3,5,3,1,1,1,1
3,26,34,0.0015473515959456563,0,0,3,4,2,4,5,4,1,1,1,1
3,26,35,0.008441080339252949,0,0,3,4,2,5,5,5,1,1,1,1
3,26,36,0.020516572520136833,0,0,3,5,2,1,5,1,1,2,1,2
3,26,38,0.004000580403953791,0,0,3,5,2,3,5,3,1,2,1,2
3,26,41,0.0015011122450232506,0,1,3,6,2,1,5,0,1,0,1,1
3,26,42,0.00014672239194624126,0,1,3,6,2,2,5,0,1,0,1,1
3,26,45,4.005222945124842e-05,0,1,3,6,2,5,5,0,1,0,1,1
3,28,0,0.9953962564468384,0,0,3,1,4,0,5,0,1,2,1,4
3,28,1,2.241201036667917e-05,0,0,3,3,4,1,5,1,1,1,1,1
3,28,5,6.595755985472351e-05,0,0,3,3,4,5,5,1,1,1,1,1
3,28,6,4.769400038640015e-05,0,0,3,3,4,6,5,1,1,1,1,1
3,28,7,0.00030381992110051215,0,0,3,3,4,1,5,2,1,1,1,1
3,28,8,2.5693276256788522e-05,0,0,3,3,4,2,5,2,1,1,1,1
3,28,9,2.2530473870574497e-05,0,0,3,3,4,3,5,2,1,1,1,1
3,28,13,6.009174830978736e-05,0,0,3,3,4,1,5,3,1,1,1,1
3,28,14,0.0001474780438002199,0,0,3,3,4,2,5,3,1,1,1,1
3,28,17,1.5348416127380915e-05,0,0,3,3,4,5,5,3,1,1,1,1
3,28,19,6.144547660369426e-05,0,0,3,3,4,1,5,4,1,1,1,1
3,28,21,3.145403024973348e-05,0,0,3,3,4,3,5,4,1,1,1,1
3,28,22,0.00011742735659936443,0,0,3,3,4,4,5,4,1,1,1,1
3,28,23,4.092930794286076e-06,0,0,3,3,4,5,5,4,1,1,1,1
3,28,27,0.000252966012340039,0,0,3,3,4,3,5,5,1,1,1,1
3,28,31,0.0001857893803389743,0,0,3,4,4,1,5,1,1,1,1,1
3,28,33,0.00022782961605116725,0,0,3,4,4,3,5,3,1,1,1,1
3,28,34,5.508982212631963e-05,0,0,3,4,4,4,5,4,1,1,1,1
3,28,35,0.0001232872309628874,0,0,3,4,4,5,5,5,1,1,1,1
3,28,36,0.0016807704232633114,0,0,3,5,4,1,5,1,1,2,1,2
3,28,38,0.0011187727795913815,0,0,3,5,4,3,5,3,1,2,1,2
3,28,41,2.77789295068942e-05,0,1,3,6,4,1,5,0,1,0,1,1
3,28,42,3.8619259612460155e-06,0,1,3,6,4,2,5,0,1,0,1,1
3,28,45,2.457501295793918e-06,0,1,3,6,4,5,5,0,1,0,1,1
3,29,0,0.9993126392364502,0,0,3,1,5,0,5,0,1,2,1,4
3,29,1,5.480277422975632e-07,0,0,3,3,5,1,5,1,1,1,1,1
3,29,5,3.802476203418337e-05,0,0,3,3,5,5,5,1,1,1,1,1
3,29,6,2.775281245703809e-06,0,0,3,3,5,6,5,1,1,1,1,1
3,29,7,2.576262659204076e-06,0,0,3,3,5,1,5,2,1,1,1,1
3,29,8,2.3739164589642314e-06,0,0,3,3,5,2,5,2,1,1,1,1
3,29,9,4.452677785593551e-06,0,0,3,3,5,3,5,2,1,1,1,1
3,29,13,7.509756301260495e-07,0,0,3,3,5,1,5,3,1,1,1,1
3,29,14,7.492303666367661e-06,0,0,3,3,5,2,5,3,1,1,1,1
3,29,17,3.4615468393894844e-06,0,0,3,3,5,5,5,3,1,1,1,1
3,29,19,7.890779443187057e-07,0,0,3,3,5,1,5,4,1,1,1,1
3,29,21,9.962267540686298e-06,0,0,3,3,5,3,5,4,1,1,1,1
3,29,22,2.0811283320654184e-05,0,0,3,3,5,4,5,4,1,1,1,1
3,29,23,8.176226629075245e-07,0,0,3,3,5,5,5,4,1,1,1,1
3,29,27,6.649902934441343e-05,0,0,3,3,5,3,5,5,1,1,1,1
3,29,31,3.0686949230585014e-06,0,0,3,4,5,1,5,1,1,1,1,1
3,29,33,9.648772538639605e-05,0,0,3,4,5,3,5,3,1,1,1,1
3,29,34,3.4851568671001587e-06,0,0,3,4,5,4,5,4,1,1,1,1
3,29,35,6.217588088475168e-05,0,0,3,4,5,5,5,5,1,1,1,1
3,29,36,9.823880827752873e-05,0,0,3,5,5,1,5,1,1,2,1,2
3,29,38,0.0002457785012666136,0,0,3,5,5,3,5,3,1,2,1,2
3,29,41,5.404183866630774e-06,0,1,3,6,5,1,5,0,1,0,1,1
3,29,42,1.9243312635808252e-05,0,1,3,6,5,2,5,0,1,0,1,1
3,29,45,4.923051619698526e-06,0,1,3,6,5,5,5,0,1,0,1,1
3,30,0,0.9930088520050049,0,0,3,1,6,0,5,0,1,2,1,4
3,30,1,3.661136361188255e-05,0,0,3,3,6,1,5,1,1,1,1,1
3,30,5,0.0005952314822934568,0,0,3,3,6,5,5,1,1,1,1,1
3,30,6,0.0002034722565440461,0,0,3,3,6,6,5,1,1,1,1,1
3,30,7,9.624971426092088e-05,0,0,3,3,6,1,5,2,1,1,1,1
3,30,8,0.00018162032938562334,0,0,3,3,6,2,5,2,1,1,1,1
3,30,9,0.0003705811977852136,0,0,3,3,6,3,5,2,1,1,1,1
3,30,13,4.8979269195115194e-05,0,0,3,3,6,1,5,3,1,1,1,1
3,30,14,0.0001607183803571388,0,0,3,3,6,2,5,3,1,1,1,1
3,30,17,0.00017598380509298295,0,0,3,3,6,5,5,3,1,1,1,1
3,30,19,3.9389298763126135e-05,0,0,3,3,6,1,5,4,1,1,1,1
3,30,21,0.00019312290532980114,0,0,3,3,6,3,5,4,1,1,1,1
3,30,22,0.000434759131167084,0,0,3,3,6,4,5,4,1,1,1,1
3,30,23,3.945491334889084e-05,0,0,3,3,6,5,5,4,1,1,1,1
3,30,27,0.0007470343261957169,0,0,3,3,6,3,5,5,1,1,1,1
3,30,31,0.00011085225560236722,0,0,3,4,6,1,5,1,1,1,1,1
3,30,33,0.0012086130445823073,0,0,3,4,6,3,5,3,1,1,1,1
3,30,34,0.00014770517009310424,0,0,3,4,6,4,5,4,1,1,1,1
3,30,35,0.000646905682515353,0,0,3,4,6,5,5,5,1,1,1,1
3,30,36,0.00025385129265487194,0,0,3,5,6,1,5,1,1,2,1,2
3,30,38,0.0007442429778166115,0,0,3,5,6,3,5,3,1,2,1,2
3,30,41,0.00010907977411989123,0,1,3,6,6,1,5,0,1,0,1,1
3,30,42,0.00035190695780329406,0,1,3,6,6,2,5,0,1,0,1,1
3,30,45,9.425214375369251e-05,0,1,3,6,6,5,5,0,1,0,1,1
3,32,0,0.015879187732934952,0,0,4,1,2,0,2,0,1,2,1,4
3,32,1,0.0017078741220757365,0,0,4,3,2,1,2,1,1,1,1,1
3,32,5,2.737663635343779e-05,0,0,4,3,2,5,2,1,1,1,1,1
3,32,6,0.0015881231520324945,0,0,4,3,2,6,2,1,1,1,1,1
3,32,7,0.013893146067857742,0,0,4,3,2,1,2,2,1,1,1,1
3,32,8,0.001616775174625218,0,0,4,3,2,2,2,2,1,1,1,1
3,32,9,0.0008053899509832263,0,0,4,3,2,3,2,2,1,1,1,1
3,32,13,0.0010205009020864964,0,0,4,3,2,1,2,3,1,1,1,1
3,32,14,0.0004260155255906284,0,0,4,3,2,2,2,3,1,1,1,1
3,32,17,4.894465746474452e-05,0,0,4,3,2,5,2,3,1,1,1,1
3,32,19,0.0008087647729553282,0,0,4,3,2,1,2,4,1,1,1,1
3,32,21,0.0012084159534424543,0,0,4,3,2,3,2,4,1,1,1,1
3,32,22,0.013717415742576122,0,0,4,3,2,4,2,4,1,1,1,1
3,32,23,7.26762882550247e-05,0,0,4,3,2,5,2,4,1,1,1,1
3,32,27,0.000267511437414214,0,0,4,3,2,3,2,5,1,1,1,1
3,32,31,0.022738132625818253,0,0,4,4,2,1,2,1,1,1,1,1
3,32,33,0.0049972073175013065,0,0,4,4,2,3,2,3,1,1,1,1
3,32,34,0.8798957467079163,0,0,4,4,2,4,2,4,1,1,1,1
3,32,35,0.00041392771527171135,0,0,4,4,2,5,2,5,1,1,1,1
3,32,36,0.0027003816794604063,0,0,4,5,2,1,2,1,1,2,1,2
3,32,38,0.0010385760106146336,0,0,4,5,2,3,2,3,1,2,1,2
3,32,41,0.020302748307585716,0,1,4,6,2,1,2,0,1,0,1,1
3,32,42,0.011957665905356407,0,1,4,6,2,2,2,0,1,0,1,1
3,32,45,0.0028670397587120533,0,1,4,6,2,5,2,0,1,0,1,1
3,37,0,0.0005159664433449507,0,0,5,1,2,0,2,0,2,2,2,4
3,37,1,9.451754522160627e-06,0,0,5,3,2,1,2,1,2,1,2,1
3,37,5,1.0345331247663125e-05,0,0,5,3,2,5,2,1,2,1,2,1
3,37,6,3.05048561131116e-05,0,0,5,3,2,6,2,1,2,1,2,1
3,37,7,1.854276706581004e-05,0,0,5,3,2,1,2,2,2,1,2,1
3,37,8,6.051784293958917e-05,0,0,5,3,2,2,2,2,2,1,2,1
3,37,9,1.9084478481090628e-05,0,0,5,3,2,3,2,2,2,1,2,1
3,37,13,2.503828454791801e-06,0,0,5,3,2,1,2,3,2,1,2,1
3,37,14,1.9249459001002833e-05,0,0,5,3,2,2,2,3,2,1,2,1
3,37,17,1.4408504284801893e-05,0,0,5,3,2,5,2,3,2,1,2,1
3,37,19,4.651308245229302e-06,0,0,5,3,2,1,2,4,2,1,2,1
3,37,21,0.00012281884846743196,0,0,5,3,2,3,2,4,2,1,2,1
3,37,22,0.0003729812160599977,0,0,5,3,2,4,2,4,2,1,2,1
3,37,23,4.026688839076087e-05,0,0,5,3,2,5,2,4,2,1,2,1
3,37,27,1.532950045657344e-05,0,0,5,3,2,3,2,5,2,1,2,1
3,37,31,0.00014246292994357646,0,0,5,4,2,1,2,1,2,1,2,1
3,37,33,0.0002651760878507048,0,0,5,4,2,3,2,3,2,1,2,1
3,37,34,0.006054163910448551,0,0,5,4,2,4,2,4,2,1,2,1
3,37,35,0.00030721176881343126,0,0,5,4,2,5,2,5,2,1,2,1
3,37,36,1.9555642211344093e-05,0,0,5,5,2,1,2,1,2,2,2,2
3,37,38,3.097182707278989e-05,0,0,5,5,2,3,2,3,2,2,2,2
3,37,41,0.010130347684025764,0,1,5,6,2,1,2,0,2,0,2,1
3,37,42,0.9187989830970764,0,1,5,6,2,2,2,0,2,0,2,1
3,37,45,0.06299465149641037,0,1,5,6,2,5,2,0,2,0,2,1
3,39,0,1.991391400224529e-06,0,0,5,1,4,0,4,0,2,2,2,4
3,39,1,0.021798470988869667,0,0,5,3,4,1,4,1,2,1,2,1
3,39,5,0.0006704419502057135,0,0,5,3,4,5,4,1,2,1,2,1
3,39,6,0.011541158892214298,0,0,5,3,4,6,4,1,2,1,2,1
3,39,7,0.7966756224632263,0,0,5,3,4,1,4,2,2,1,2,1
3,39,8,0.010028519667685032,0,0,5,3,4,2,4,2,2,1,2,1
3,39,9,0.0005582487210631371,0,0,5,3,4,3,4,2,2,1,2,1
3,39,13,0.048184581100940704,0,0,5,3,4,1,4,3,2,1,2,1
3,39,14,0.007415300700813532,0,0,5,3,4,2,4,3,2,1,2,1
3,39,17,0.0025377587880939245,0,0,5,3,4,5,4,3,2,1,2,1
3,39,19,0.035402584820985794,0,0,5,3,4,1,4,4,2,1,2,1
3,39,21,0.0030540269799530506,0,0,5,3,4,3,4,4,2,1,2,1
3,39,22,0.0014412146992981434,0,0,5,3,4,4,4,4,2,1,2,1
3,39,23,0.004771997220814228,0,0,5,3,4,5,4,4,2,1,2,1
3,39,27,0.0035717920400202274,0,0,5,3,4,3,4,5,2,1,2,1
3,39,31,0.029532169923186302,0,0,5,4,4,1,4,1,2,1,2,1
3,39,33,0.0013479248154908419,0,0,5,4,4,3,4,3,2,1,2,1
3,39,34,0.004172091837972403,0,0,5,4,4,4,4,4,2,1,2,1
3,39,35,0.007719384506344795,0,0,5,4,4,5,4,5,2,1,2,1
3,39,36,0.006681662052869797,0,0,5,5,4,1,4,1,2,2,2,2
3,39,38,0.0007856190204620361,0,0,5,5,4,3,4,3,2,2,2,2
3,39,41,0.001802170416340232,0,1,5,6,4,1,4,0,2,0,2,1
3,39,42,0.00016214506467804313,0,1,5,6,4,2,4,0,2,0,2,1
3,39,45,0.00014292082050815225,0,1,5,6,4,5,4,0,2,0,2,1
3,40,0,0.013345743529498577,0,0,5,1,5,0,5,0,2,2,2,4
3,40,1,6.9320626607805025e-06,0,0,5,3,5,1,5,1,2,1,2,1
3,40,5,0.00035334526910446584,0,0,5,3,5,5,5,1,2,1,2,1
3,40,6,1.9546501789591275e-05,0,0,5,3,5,6,5,1,2,1,2,1
3,40,7,8.052127668634057e-06,0,0,5,3,5,1,5,2,2,1,2,1
3,40,8,2.5101435312535614e-05,0,0,5,3,5,2,5,2,2,1,2,1
3,40,9,1.548603904666379e-05,0,0,5,3,5,3,5,2,2,1,2,1
3,40,13,2.324669139852631e-06,0,0,5,3,5,1,5,3,2,1,2,1
3,40,14,7.718225242570043e-05,0,0,5,3,5,2,5,3,2,1,2,1
3,40,17,7.444708171533421e-05,0,0,5,3,5,5,5,3,2,1,2,1
3,40,19,5.147032879904145e-06,0,0,5,3,5,1,5,4,2,1,2,1
3,40,21,0.0002535308012738824,0,0,5,3,5,3,5,4,2,1,2,1
3,40,22,0.00016391729877796024,0,0,5,3,5,4,5,4,2,1,2,1
3,40,23,7.997419743333012e-05,0,0,5,3,5,5,5,4,2,1,2,1
3,40,27,0.00017951046174857765,0,0,5,3,5,3,5,5,2,1,2,1
3,40,31,7.467293471563607e-05,0,0,5,4,5,1,5,1,2,1,2,1
3,40,33,0.0014592703664675355,0,0,5,4,5,3,5,3,2,1,2,1
3,40,34,0.00013856816804036498,0,0,5,4,5,4,5,4,2,1,2,1
3,40,35,0.0028078192844986916,0,0,5,4,5,5,5,5,2,1,2,1
3,40,36,0.0004337277787271887,0,0,5,5,5,1,5,1,2,2,2,2
3,40,38,0.0014585184399038553,0,0,5,5,5,3,5,3,2,2,2,2
3,40,41,0.006449603941291571,0,1,5,6,5,1,5,0,2,0,2,1
3,40,42,0.865995466709137,0,1,5,6,5,2,5,0,2,0,2,1
3,40,45,0.10657216608524323,0,1,5,6,5,5,5,0,2,0,2,1
3,43,0,1.1886848483300128e-07,1,0,6,1,3,0,0,0,0,2,1,4
3,43,1,0.001939687062986195,1,0,6,3,3,1,0,1,0,1,1,1
3,43,5,5.626903657685034e-06,1,0,6,3,3,5,0,1,0,1,1,1
3,43,6,0.0008451414760202169,1,0,6,3,3,6,0,1,0,1,1,1
3,43,7,0.9568671584129333,1,0,6,3,3,1,0,2,0,1,1,1
3,43,8,0.0004927327390760183,1,0,6,3,3,2,0,2,0,1,1,1
3,43,9,0.00020890423911623657,1,0,6,3,3,3,0,2,0,1,1,1
3,43,13,0.010083341039717197,1,0,6,3,3,1,0,3,0,1,1,1
3,43,14,0.0002373746974626556,1,0,6,3,3,2,0,3,0,1,1,1
3,43,17,6.052087883290369e-06,1,0,6,3,3,5,0,3,0,1,1,1
3,43,19,0.013005301356315613,1,0,6,3,3,1,0,4,0,1,1,1
3,43,21,0.00020720086467918009,1,0,6,3,3,3,0,4,0,1,1,1
3,43,22,0.0002859072119463235,1,0,6,3,3,4,0,4,0,1,1,1
3,43,23,1.3144882359483745e-05,1,0,6,3,3,5,0,4,0,1,1,1
3,43,27,7.617517258040607e-05,1,0,6,3,3,3,0,5,0,1,1,1
3,43,31,0.012083342298865318,1,0,6,4,3,1,0,1,0,1,1,1
3,43,33,7.882272620918229e-05,1,0,6,4,3,3,0,3,0,1,1,1
3,43,34,0.0004821737529709935,1,0,6,4,3,4,0,4,0,1,1,1
3,43,35,2.1625353838317096e-05,1,0,6,4,3,5,0,5,0,1,1,1
3,43,36,0.002922395244240761,1,0,6,5,3,1,0,1,0,2,1,2
3,43,38,0.00013003005005884916,1,0,6,5,3,3,0,3,0,2,1,2
3,43,41,7.585843377455603e-06,1,1,6,6,3,1,0,0,0,0,1,1
3,43,42,1.0697234387180288e-07,1,1,6,6,3,2,0,0,0,0,1,1
3,43,45,2.0396862865368348e-08,1,1,6,6,3,5,0,0,0,0,1,1
3,44,0,5.591397567172862e-08,1,0,6,1,4,0,0,0,0,2,1,4
3,44,1,0.001103032729588449,1,0,6,3,4,1,0,1,0,1,1,1
3,44,5,5.222682375460863e-07,1,0,6,3,4,5,0,1,0,1,1,1
3,44,6,0.0002302407956449315,1,0,6,3,4,6,0,1,0,1,1,1
3,44,7,0.9488364458084106,1,0,6,3,4,1,0,2,0,1,1,1
3,44,8,3.217677658540197e-05,1,0,6,3,4,2,0,2,0,1,1,1
3,44,9,4.8188874643528834e-05,1,0,6,3,4,3,0,2,0,1,1,1
3,44,13,0.017420347779989243,1,0,6,3,4,1,0,3,0,1,1,1
3,44,14,7.868252578191459e-05,1,0,6,3,4,2,0,3,0,1,1,1
3,44,17,3.653681517334917e-07,1,0,6,3,4,5,0,3,0,1,1,1
3,44,19,0.020497050136327744,1,0,6,3,4,1,0,4,0,1,1,1
3,44,21,2.3329121177084744e-05,1,0,6,3,4,3,0,4,0,1,1,1
3,44,22,0.00011410589650040492,1,0,6,3,4,4,0,4,0,1,1,1
3,44,23,1.6005299130483763e-06,1,0,6,3,4,5,0,4,0,1,1,1
3,44,27,4.683135102823144e-06,1,0,6,3,4,3,0,5,0,1,1,1
3,44,31,0.00799685250967741,1,0,6,4,4,1,0,1,0,1,1,1
3,44,33,6.09253766015172e-06,1,0,6,4,4,3,0,3,0,1,1,1
3,44,34,0.00012656360922846943,1,0,6,4,4,4,0,4,0,1,1,1
3,44,35,1.5349071702530637e-07,1,0,6,4,4,5,0,5,0,1,1,1
3,44,36,0.0034362298902124166,1,0,6,5,4,1,0,1,0,2,1,2
3,44,38,4.006780727650039e-05,1,0,6,5,4,3,0,3,0,2,1,2
3,44,41,2.8599665711226407e-06,1,1,6,6,4,1,0,0,0,0,1,1
3,44,42,4.305155676398442e-10,1,1,6,6,4,2,0,0,0,0,1,1
3,44,45,3.1034022573983577e-10,1,1,6,6,4,5,0,0,0,0,1,1
3,46,0,4.1747574641703977e-07,1,0,6,1,6,0,0,0,0,2,1,4
3,46,1,0.02150203473865986,1,0,6,3,6,1,0,1,0,1,1,1
3,46,5,0.00010007785749621689,1,0,6,3,6,5,0,1,0,1,1,1
3,46,6,0.006705963518470526,1,0,6,3,6,6,0,1,0,1,1,1
3,46,7,0.8176628947257996,1,0,6,3,6,1,0,2,0,1,1,1
3,46,8,0.0027805904392153025,1,0,6,3,6,2,0,2,0,1,1,1
3,46,9,0.004443316720426083,1,0,6,3,6,3,0,2,0,1,1,1
3,46,13,0.03924103453755379,1,0,6,3,6,1,0,3,0,1,1,1
3,46,14,0.0012585988733917475,1,0,6,3,6,2,0,3,0,1,1,1
3,46,17,6.267154822126031e-05,1,0,6,3,6,5,0,3,0,1,1,1
3,46,19,0.046219732612371445,1,0,6,3,6,1,0,4,0,1,1,1
3,46,21,0.004632650874555111,1,0,6,3,6,3,0,4,0,1,1,1
3,46,22,0.0029036742635071278,1,0,6,3,6,4,0,4,0,1,1,1
3,46,23,0.0003976818697992712,1,0,6,3,6,5,0,4,0,1,1,1
3,46,27,0.0004844748182222247,1,0,6,3,6,3,0,5,0,1,1,1
3,46,31,0.0336083248257637,1,0,6,4,6,1,0,1,0,1,1,1
3,46,33,0.00042262868373654783,1,0,6,4,6,3,0,3,0,1,1,1
3,46,34,0.006030811462551355,1,0,6,4,6,4,0,4,0,1,1,1
3,46,35,5.0691738579189405e-05,1,0,6,4,6,5,0,5,0,1,1,1
3,46,36,0.010795290581882,1,0,6,5,6,1,0,1,0,2,1,2
3,46,38,0.0005570322391577065,1,0,6,5,6,3,0,3,0,2,1,2
3,46,41,0.00013581861276179552,1,1,6,6,6,1,0,0,0,0,1,1
3,46,42,3.2116026886797044e-06,1,1,6,6,6,2,0,0,0,0,1,1
3,46,45,1.0736564490798628e-06,1,1,6,6,6,5,0,0,0,0,1,1
3,47,0,6.593929720111191e-05,2,0,7,1,0,0,0,0,0,2,4,4
3,47,1,4.031151547678746e-05,2,0,7,3,0,1,0,1,0,1,4,1
3,47,5,7.921939686639234e-05,2,0,7,3,0,5,0,1,0,1,4,1
3,47,6,2.3592720026499592e-05,2,0,7,3,0,6,0,1,0,1,4,1
3,47,7,9.53639937506523e-06,2,0,7,3,0,1,0,2,0,1,4,1
3,47,8,0.0001246871834155172,2,0,7,3,0,2,0,2,0,1,4,1
3,47,9,9.683136886451393e-05,2,0,7,3,0,3,0,2,0,1,4,1
3,47,13,1.800765176085406e-06,2,0,7,3,0,1,0,3,0,1,4,1
3,47,14,5.366648474591784e-05,2,0,7,3,0,2,0,3,0,1,4,1
3,47,17,4.032298966194503e-05,2,0,7,3,0,5,0,3,0,1,4,1
3,47,19,7.831346920283977e-06,2,0,7,3,0,1,0,4,0,1,4,1
3,47,21,0.0009454360697418451,2,0,7,3,0,3,0,4,0,1,4,1
3,47,22,0.00014071079203858972,2,0,7,3,0,4,0,4,0,1,4,1
3,47,23,0.0001239264674950391,2,0,7,3,0,5,0,4,0,1,4,1
3,47,27,0.00013483583461493254,2,0,7,3,0,3,0,5,0,1,4,1
3,47,31,0.0001077150518540293,2,0,7,4,0,1,0,1,0,1,4,1
3,47,33,0.0004477370821405202,2,0,7,4,0,3,0,3,0,1,4,1
3,47,34,0.0010855296859517694,2,0,7,4,0,4,0,4,0,1,4,1
3,47,35,0.0007240793202072382,2,0,7,4,0,5,0,5,0,1,4,1
3,47,36,0.00031614626641385257,2,0,7,5,0,1,0,1,0,2,4,2
3,47,38,0.0006496459245681763,2,0,7,5,0,3,0,3,0,2,4,2
3,47,41,0.002664383500814438,2,1,7,6,0,1,0,0,0,0,4,1
3,47,42,0.8651593923568726,2,1,7,6,0,2,0,0,0,0,4,1
3,47,45,0.1269569844007492,2,1,7,6,0,5,0,0,0,0,4,1
4,0,1,0.018005061894655228,0,0,1,3,0,1,0,1,2,1,4,1
4,0,4,0.4296906590461731,0,0,1,3,0,4,0,1,2,1,4,1
4,0,5,0.010294773615896702,0,0,1,3,0,5,0,1,2,1,4,1
4,0,6,0.17962659895420074,0,0,1,3,0,6,0,1,2,1,4,1
4,0,9,0.0005390700534917414,0,0,1,3,0,3,0,2,2,1,4,1
4,0,10,0.07392267137765884,0,0,1,3,0,4,0,2,2,1,4,1
4,0,12,0.017539560794830322,0,0,1,3,0,6,0,2,2,1,4,1
4,0,15,0.0007406516815535724,0,0,1,3,0,3,0,3,2,1,4,1
4,0,18,0.00216095894575119,0,0,1,3,0,6,0,3,2,1,4,1
4,0,21,0.00017559969273861498,0,0,1,3,0,3,0,4,2,1,4,1
4,0,23,0.002348431386053562,0,0,1,3,0,5,0,4,2,1,4,1
4,0,24,0.0015342636033892632,0,0,1,3,0,6,0,4,2,1,4,1
4,0,25,0.00024567919899709523,0,0,1,3,0,1,0,5,2,1,4,1
4,0,28,0.015117100439965725,0,0,1,3,0,4,0,5,2,1,4,1
4,0,30,0.006339049898087978,0,0,1,3,0,6,0,5,2,1,4,1
4,0,31,0.0020572771318256855,0,0,1,4,0,1,0,1,2,1,4,1
4,0,34,0.011708339676260948,0,0,1,4,0,4,0,4,2,1,4,1
4,0,35,0.003734053112566471,0,0,1,4,0,5,0,5,2,1,4,1
4,0,36,0.17940643429756165,0,0,1,5,0,1,0,1,2,2,4,2
4,0,40,0.021898072212934494,0,0,1,5,0,5,0,5,2,2,4,2
4,0,42,0.009099314920604229,0,1,1,6,0,2,0,0,2,0,4,1
4,0,43,0.00025284322327934206,0,1,1,6,0,3,0,0,2,0,4,1
4,0,46,0.009020163677632809,0,1,1,6,0,6,0,0,2,0,4,1
4,0,47,0.004543615505099297,0,2,1,7,0,0,0,0,2,0,4,4
4,2,1,0.0007231016061268747,0,0,3,3,2,1,1,1,1,1,1,1
4,2,4,0.000586409296374768,0,0,3,3,2,4,1,1,1,1,1,1
4,2,5,0.00013554867473430932,0,0,3,3,2,5,1,1,1,1,1,1
4,2,6,0.00011757439642678946,0,0,3,3,2,6,1,1,1,1,1,1
4,2,9,5.521346611203626e-05,0,0,3,3,2,3,1,2,1,1,1,1
4,2,10,0.0008310377015732229,0,0,3,3,2,4,1,2,1,1,1,1
4,2,12,0.000275431084446609,0,0,3,3,2,6,1,2,1,1,1,1
4,2,15,6.79678050801158e-05,0,0,3,3,2,3,1,3,1,1,1,1
4,2,18,6.076093632145785e-05,0,0,3,3,2,6,1,3,1,1,1,1
4,2,21,2.264601062051952e-05,0,0,3,3,2,3,1,4,1,1,1,1
4,2,23,0.00017187409684993327,0,0,3,3,2,5,1,4,1,1,1,1
4,2,24,0.00017331569688394666,0,0,3,3,2,6,1,4,1,1,1,1
4,2,25,0.00020010635489597917,0,0,3,3,2,1,1,5,1,1,1,1
4,2,28,0.00033605628414079547,0,0,3,3,2,4,1,5,1,1,1,1
4,2,30,4.4044787500752136e-05,0,0,3,3,2,6,1,5,1,1,1,1
4,2,31,0.0001512273447588086,0,0,3,4,2,1,1,1,1,1,1,1
4,2,34,0.0025320190470665693,0,0,3,4,2,4,1,4,1,1,1,1
4,2,35,7.080414070514962e-05,0,0,3,4,2,5,1,5,1,1,1,1
4,2,36,0.6437849402427673,0,0,3,5,2,1,1,1,1,2,1,2
4,2,40,0.009396200999617577,0,0,3,5,2,5,1,5,1,2,1,2
4,2,42,0.0013872305862605572,0,1,3,6,2,2,1,0,1,0,1,1
4,2,43,0.0004753706161864102,0,1,3,6,2,3,1,0,1,0,1,1
4,2,46,0.010026774369180202,0,1,3,6,2,6,1,0,1,0,1,1
4,2,47,0.32837411761283875,0,2,3,7,2,0,1,0,1,0,1,4
4,3,1,4.202023774269037e-05,0,0,3,3,3,1,1,1,1,1,1,1
4,3,4,4.2939077502524015e-06,0,0,3,3,3,4,1,1,1,1,1,1
4,3,5,4.54136306871078e-06,0,0,3,3,3,5,1,1,1,1,1,1
4,3,6,5.744712780142436e-06,0,0,3,3,3,6,1,1,1,1,1,1
4,3,9,5.649453669320792e-05,0,0,3,3,3,3,1,2,1,1,1,1
4,3,10,9.799140389077365e-05,0,0,3,3,3,4,1,2,1,1,1,1
4,3,12,0.00011807831469923258,0,0,3,3,3,6,1,2,1,1,1,1
4,3,15,9.785892871150281e-06,0,0,3,3,3,3,1,3,1,1,1,1
4,3,18,3.296523937024176e-05,0,0,3,3,3,6,1,3,1,1,1,1
4,3,21,7.863058272050694e-06,0,0,3,3,3,3,1,4,1,1,1,1
4,3,23,0.0002392153546679765,0,0,3,3,3,5,1,4,1,1,1,1
4,3,24,0.0011646745260804892,0,0,3,3,3,6,1,4,1,1,1,1
4,3,25,0.00038426919491030276,0,0,3,3,3,1,1,5,1,1,1,1
4,3,28,0.00011370937863830477,0,0,3,3,3,4,1,5,1,1,1,1
4,3,30,9.998458699556068e-05,0,0,3,3,3,6,1,5,1,1,1,1
4,3,31,0.0001037146503222175,0,0,3,4,3,1,1,1,1,1,1,1
4,3,34,0.0007195666548795998,0,0,3,4,3,4,1,4,1,1,1,1
4,3,35,0.00014057557564228773,0,0,3,4,3,5,1,5,1,1,1,1
4,3,36,5.411547317635268e-05,0,0,3,5,3,1,1,1,1,2,1,2
4,3,40,2.2135469407658093e-05,0,0,3,5,3,5,1,5,1,2,1,2
4,3,42,0.002756249625235796,0,1,3,6,3,2,1,0,1,0,1,1
4,3,43,0.007251259405165911,0,1,3,6,3,3,1,0,1,0,1,1
4,3,46,0.863151490688324,0,1,3,6,3,6,1,0,1,0,1,1
4,3,47,0.12341862916946411,0,2,3,7,3,0,1,0,1,0,1,4
4,7,1,1.2945457456225995e-05,0,0,3,3,1,1,2,1,1,1,1,1
4,7,4,8.994022209662944e-05,0,0,3,3,1,4,2,1,1,1,1,1
4,7,5,8.19520209915936e-06,0,0,3,3,1,5,2,1,1,1,1,1
4,7,6,9.555958058626857e-06,0,0,3,3,1,6,2,1,1,1,1,1
4,7,9,9.456090083403978e-06,0,0,3,3,1,3,2,2,1,1,1,1
4,7,10,0.00019085945677943528,0,0,3,3,1,4,2,2,1,1,1,1
4,7,12,9.223955566994846e-05,0,0,3,3,1,6,2,2,1,1,1,1
4,7,15,4.158790034125559e-05,0,0,3,3,1,3,2,3,1,1,1,1
4,7,18,1.1859250662382692e-05,0,0,3,3,1,6,2,3,1,1,1,1
4,7,21,2.3886643248260953e-05,0,0,3,3,1,3,2,4,1,1,1,1
4,7,23,3.835250754491426e-05,0,0,3,3,1,5,2,4,1,1,1,1
4,7,24,0.0001319691800745204,0,0,3,3,1,6,2,4,1,1,1,1
4,7,25,1.040529696183512e-05,0,0,3,3,1,1,2,5,1,1,1,1
4,7,28,0.00032800386543385684,0,0,3,3,1,4,2,5,1,1,1,1
4,7,30,9.769608368515037e-06,0,0,3,3,1,6,2,5,1,1,1,1
4,7,31,7.083058881107718e-05,0,0,3,4,1,1,2,1,1,1,1,1
4,7,34,0.00077160814544186,0,0,3,4,1,4,2,4,1,1,1,1
4,7,35,3.414945604163222e-05,0,0,3,4,1,5,2,5,1,1,1,1
4,7,36,9.7893907877733e-06,0,0,3,5,1,1,2,1,1,2,1,2
4,7,40,6.465261321864091e-06,0,0,3,5,1,5,2,5,1,2,1,2
4,7,42,0.0077858250588178635,0,1,3,6,1,2,2,0,1,0,1,1
4,7,43,0.041198600083589554,0,1,3,6,1,3,2,0,1,0,1,1
4,7,46,0.044289276003837585,0,1,3,6,1,6,2,0,1,0,1,1
4,7,47,0.9048246145248413,0,2,3,7,1,0,2,0,1,0,1,4
4,8,1,0.005508406553417444,0,0,3,3,2,1,2,1,1,1,1,1
4,8,4,0.007647198159247637,0,0,3,3,2,4,2,1,1,1,1,1
4,8,5,0.0002649721864145249,0,0,3,3,2,5,2,1,1,1,1,1
4,8,6,0.0023195340763777494,0,0,3,3,2,6,2,1,1,1,1,1
4,8,9,0.0002854761842172593,0,0,3,3,2,3,2,2,1,1,1,1
4,8,10,0.021198349073529243,0,0,3,3,2,4,2,2,1,1,1,1
4,8,12,0.003448041155934334,0,0,3,3,2,6,2,2,1,1,1,1
4,8,15,0.00011205731425434351,0,0,3,3,2,3,2,3,1,1,1,1
4,8,18,0.0006475978880189359,0,0,3,3,2,6,2,3,1,1,1,1
4,8,21,2.2825626729172654e-05,0,0,3,3,2,3,2,4,1,1,1,1
4,8,23,0.0005879341624677181,0,0,3,3,2,5,2,4,1,1,1,1
4,8,24,0.001695852493867278,0,0,3,3,2,6,2,4,1,1,1,1
4,8,25,0.0004913198645226657,0,0,3,3,2,1,2,5,1,1,1,1
4,8,28,0.0017690518870949745,0,0,3,3,2,4,2,5,1,1,1,1
4,8,30,0.0007771197124384344,0,0,3,3,2,6,2,5,1,1,1,1
4,8,31,0.00022191056632436812,0,0,3,4,2,1,2,1,1,1,1,1
4,8,34,0.0031840065494179726,0,0,3,4,2,4,2,4,1,1,1,1
4,8,35,0.0002843212860170752,0,0,3,4,2,5,2,5,1,1,1,1
4,8,36,0.8605332374572754,0,0,3,5,2,1,2,1,1,2,1,2
4,8,40,0.03010016866028309,0,0,3,5,2,5,2,5,1,2,1,2
4,8,42,0.0005531361675821245,0,1,3,6,2,2,2,0,1,0,1,1
4,8,43,6.816522363806143e-05,0,1,3,6,2,3,2,0,1,0,1,1
4,8,46,0.020589249208569527,0,1,3,6,2,6,2,0,1,0,1,1
4,8,47,0.03769081085920334,0,2,3,7,2,0,2,0,1,0,1,4
4,11,1,0.009775594808161259,0,0,3,3,5,1,2,1,1,1,1,1
4,11,4,0.004567332565784454,0,0,3,3,5,4,2,1,1,1,1,1
4,11,5,0.0007065561949275434,0,0,3,3,5,5,2,1,1,1,1,1
4,11,6,0.0017143149161711335,0,0,3,3,5,6,2,1,1,1,1,1
4,11,9,0.001828202628530562,0,0,3,3,5,3,2,2,1,1,1,1
4,11,10,0.009208000265061855,0,0,3,3,5,4,2,2,1,1,1,1
4,11,12,0.004539641551673412,0,0,3,3,5,6,2,2,1,1,1,1
4,11,15,0.0008406219421885908,0,0,3,3,5,3,2,3,1,1,1,1
4,11,18,0.0008883669506758451,0,0,3,3,5,6,2,3,1,1,1,1
4,11,21,0.000439782248577103,0,0,3,3,5,3,2,4,1,1,1,1
4,11,23,0.005838423036038876,0,0,3,3,5,5,2,4,1,1,1,1
4,11,24,0.012415370903909206,0,0,3,3,5,6,2,4,1,1,1,1
4,11,25,0.0021658942569047213,0,0,3,3,5,1,2,5,1,1,1,1
4,11,28,0.003954653162509203,0,0,3,3,5,4,2,5,1,1,1,1
4,11,30,0.002886882284656167,0,0,3,3,5,6,2,5,1,1,1,1
4,11,31,0.002402384765446186,0,0,3,4,5,1,2,1,1,1,1,1
4,11,34,0.015011471696197987,0,0,3,4,5,4,2,4,1,1,1,1
4,11,35,0.0031993871089071035,0,0,3,4,5,5,2,5,1,1,1,1
4,11,36,0.029709545895457268,0,0,3,5,5,1,2,1,1,2,1,2
4,11,40,0.004755585454404354,0,0,3,5,5,5,2,5,1,2,1,2
4,11,42,0.0038292165845632553,0,1,3,6,5,2,2,0,1,0,1,1
4,11,43,0.006017312873154879,0,1,3,6,5,3,2,0,1,0,1,1
4,11,46,0.25270137190818787,0,1,3,6,5,6,2,0,1,0,1,1
4,11,47,0.6206038594245911,0,2,3,7,5,0,2,0,1,0,1,4
4,13,1,1.8996750441147014e-05,0,0,3,3,1,1,3,1,1,1,1,1
4,13,4,1.236845400853781e-05,0,0,3,3,1,4,3,1,1,1,1,1
4,13,5,7.644170182175003e-06,0,0,3,3,1,5,3,1,1,1,1,1
4,13,6,7.486285085178679e-06,0,0,3,3,1,6,3,1,1,1,1,1
4,13,9,5.0286209443584085e-05,0,0,3,3,1,3,3,2,1,1,1,1
4,13,10,0.00026147376047447324,0,0,3,3,1,4,3,2,1,1,1,1
4,13,12,0.0003925861674360931,0,0,3,3,1,6,3,2,1,1,1,1
4,13,15,3.392123107914813e-05,0,0,3,3,1,3,3,3,1,1,1,1
4,13,18,9.937127470038831e-05,0,0,3,3,1,6,3,3,1,1,1,1
4,13,21,6.051267064322019e-06,0,0,3,3,1,3,3,4,1,1,1,1
4,13,23,7.54290958866477e-05,0,0,3,3,1,5,3,4,1,1,1,1
4,13,24,0.0003642879310064018,0,0,3,3,1,6,3,4,1,1,1,1
4,13,25,7.091423321980983e-05,0,0,3,3,1,1,3,5,1,1,1,1
4,13,28,0.0003328302991576493,0,0,3,3,1,4,3,5,1,1,1,1
4,13,30,6.147338717710227e-05,0,0,3,3,1,6,3,5,1,1,1,1
4,13,31,4.0028560761129484e-05,0,0,3,4,1,1,3,1,1,1,1,1
4,13,34,0.0007993445615284145,0,0,3,4,1,4,3,4,1,1,1,1
4,13,35,0.00011733266001101583,0,0,3,4,1,5,3,5,1,1,1,1
4,13,36,6.440871220547706e-05,0,0,3,5,1,1,3,1,1,2,1,2
4,13,40,0.00019943233928643167,0,0,3,5,1,5,3,5,1,2,1,2
4,13,42,0.033884309232234955,0,1,3,6,1,2,3,0,1,0,1,1
4,13,43,0.06446795165538788,0,1,3,6,1,3,3,0,1,0,1,1
4,13,46,0.6597697734832764,0,1,3,6,1,6,3,0,1,0,1,1
4,13,47,0.23886285722255707,0,2,3,7,1,0,3,0,1,0,1,4
4,14,1,0.007290638983249664,0,0,3,3,2,1,3,1,1,1,1,1
4,14,4,0.019431645050644875,0,0,3,3,2,4,3,1,1,1,1,1
4,14,5,0.0008679655147716403,0,0,3,3,2,5,3,1,1,1,1,1
4,14,6,0.0028515781741589308,0,0,3,3,2,6,3,1,1,1,1,1
4,14,9,0.0014605787582695484,0,0,3,3,2,3,3,2,1,1,1,1
4,14,10,0.05957332253456116,0,0,3,3,2,4,3,2,1,1,1,1
4,14,12,0.009303084574639797,0,0,3,3,2,6,3,2,1,1,1,1
4,14,15,0.0006139007164165378,0,0,3,3,2,3,3,3,1,1,1,1
4,14,18,0.0007288179476745427,0,0,3,3,2,6,3,3,1,1,1,1
4,14,21,5.6004388170549646e-05,0,0,3,3,2,3,3,4,1,1,1,1
4,14,23,0.0017529946053400636,0,0,3,3,2,5,3,4,1,1,1,1
4,14,24,0.001918542548082769,0,0,3,3,2,6,3,4,1,1,1,1
4,14,25,0.0022440231405198574,0,0,3,3,2,1,3,5,1,1,1,1
4,14,28,0.008970435708761215,0,0,3,3,2,4,3,5,1,1,1,1
4,14,30,0.0022172746248543262,0,0,3,3,2,6,3,5,1,1,1,1
4,14,31,0.000997451483272016,0,0,3,4,2,1,3,1,1,1,1,1
4,14,34,0.009423518553376198,0,0,3,4,2,4,3,4,1,1,1,1
4,14,35,0.0016165096312761307,0,0,3,4,2,5,3,5,1,1,1,1
4,14,36,0.1979474574327469,0,0,3,5,2,1,3,1,1,2,1,2
4,14,40,0.007352075073868036,0,0,3,5,2,5,3,5,1,2,1,2
4,14,42,0.0047019715420901775,0,1,3,6,2,2,3,0,1,0,1,1
4,14,43,0.0017508503515273333,0,1,3,6,2,3,3,0,1,0,1,1
4,14,46,0.28879955410957336,0,1,3,6,2,6,3,0,1,0,1,1
4,14,47,0.3681301772594452,0,2,3,7,2,0,3,0,1,0,1,4
4,16,1,0.00234643230214715,0,0,3,3,4,1,3,1,1,1,1,1
4,16,4,0.000603703607339412,0,0,3,3,4,4,3,1,1,1,1,1
4,16,5,0.0002698919561225921,0,0,3,3,4,5,3,1,1,1,1,1
4,16,6,0.0007096306653693318,0,0,3,3,4,6,3,1,1,1,1,1
4,16,9,0.0005851871101185679,0,0,3,3,4,3,3,2,1,1,1,1
4,16,10,0.00545415747910738,0,0,3,3,4,4,3,2,1,1,1,1
4,16,12,0.002089242683723569,0,0,3,3,4,6,3,2,1,1,1,1
4,16,15,8.8037624664139e-05,0,0,3,3,4,3,3,3,1,1,1,1
4,16,18,0.0004014643782284111,0,0,3,3,4,6,3,3,1,1,1,1
4,16,21,1.8138585801352747e-05,0,0,3,3,4,3,3,4,1,1,1,1
4,16,23,0.001150436233729124,0,0,3,3,4,5,3,4,1,1,1,1
4,16,24,0.0015355864306911826,0,0,3,3,4,6,3,4,1,1,1,1
4,16,25,0.0025732184294611216,0,0,3,3,4,1,3,5,1,1,1,1
4,16,28,0.001067537348717451,0,0,3,3,4,4,3,5,1,1,1,1
4,16,30,0.0006015343824401498,0,0,3,3,4,6,3,5,1,1,1,1
4,16,31,0.0004245915624778718,0,0,3,4,4,1,3,1,1,1,1,1
4,16,34,0.007756475359201431,0,0,3,4,4,4,3,4,1,1,1,1
4,16,35,0.0004628633614629507,0,0,3,4,4,5,3,5,1,1,1,1
4,16,36,0.8769707083702087,0,0,3,5,4,1,3,1,1,2,1,2
4,16,40,0.044240158051252365,0,0,3,5,4,5,3,5,1,2,1,2
4,16,42,0.002479897579178214,0,1,3,6,4,2,3,0,1,0,1,1
4,16,43,4.785198325407691e-05,0,1,3,6,4,3,3,0,1,0,1,1
4,16,46,0.031853146851062775,0,1,3,6,4,6,3,0,1,0,1,1
4,16,47,0.016270168125629425,0,2,3,7,4,0,3,0,1,0,1,4
4,17,1,0.0006577027961611748,0,0,3,3,5,1,3,1,1,1,1,1
4,17,4,0.0002680908946786076,0,0,3,3,5,4,3,1,1,1,1,1
4,17,5,9.293176117353141e-05,0,0,3,3,5,5,3,1,1,1,1,1
4,17,6,0.00011244246707065031,0,0,3,3,5,6,3,1,1,1,1,1
4,17,9,0.00033313565654680133,0,0,3,3,5,3,3,2,1,1,1,1
4,17,10,0.0009134387946687639,0,0,3,3,5,4,3,2,1,1,1,1
4,17,12,0.001021173782646656,0,0,3,3,5,6,3,2,1,1,1,1
4,17,15,0.0001283480232814327,0,0,3,3,5,3,3,3,1,1,1,1
4,17,18,0.00016898820467758924,0,0,3,3,5,6,3,3,1,1,1,1
4,17,21,3.780256156460382e-05,0,0,3,3,5,3,3,4,1,1,1,1
4,17,23,0.0006066615460440516,0,0,3,3,5,5,3,4,1,1,1,1
4,17,24,0.0017049104208126664,0,0,3,3,5,6,3,4,1,1,1,1
4,17,25,0.000388475542422384,0,0,3,3,5,1,3,5,1,1,1,1
4,17,28,0.0004562936082947999,0,0,3,3,5,4,3,5,1,1,1,1
4,17,30,0.0002957277756650001,0,0,3,3,5,6,3,5,1,1,1,1
4,17,31,0.000323104060953483,0,0,3,4,5,1,3,1,1,1,1,1
4,17,34,0.003325985511764884,0,0,3,4,5,4,3,4,1,1,1,1
4,17,35,0.0003094826533924788,0,0,3,4,5,5,3,5,1,1,1,1
4,17,36,0.01759699545800686,0,0,3,5,5,1,3,1,1,2,1,2
4,17,40,0.0019272309727966785,0,0,3,5,5,5,3,5,1,2,1,2
4,17,42,0.001496820361353457,0,1,3,6,5,2,3,0,1,0,1,1
4,17,43,0.0027860072441399097,0,1,3,6,5,3,3,0,1,0,1,1
4,17,46,0.19303378462791443,0,1,3,6,5,6,3,0,1,0,1,1
4,17,47,0.772014856338501,0,2,3,7,5,0,3,0,1,0,1,4
4,19,1,3.0184628485585563e-05,0,0,3,3,1,1,4,1,1,1,1,1
4,19,4,2.7326606868882664e-05,0,0,3,3,1,4,4,1,1,1,1,1
4,19,5,2.114134440489579e-05,0,0,3,3,1,5,4,1,1,1,1,1
4,19,6,3.1800163924344815e-06,0,0,3,3,1,6,4,1,1,1,1,1
4,19,9,3.4876586596510606e-06,0,0,3,3,1,3,4,2,1,1,1,1
4,19,10,1.7327192836091854e-05,0,0,3,3,1,4,4,2,1,1,1,1
4,19,12,2.7404392312746495e-05,0,0,3,3,1,6,4,2,1,1,1,1
4,19,15,6.399059202522039e-06,0,0,3,3,1,3,4,3,1,1,1,1
4,19,18,2.442350705678109e-06,0,0,3,3,1,6,4,3,1,1,1,1
4,19,21,1.8164117818741943e-06,0,0,3,3,1,3,4,4,1,1,1,1
4,19,23,3.307634688098915e-05,0,0,3,3,1,5,4,4,1,1,1,1
4,19,24,4.2056733946083114e-05,0,0,3,3,1,6,4,4,1,1,1,1
4,19,25,2.3785118173691444e-05,0,0,3,3,1,1,4,5,1,1,1,1
4,19,28,6.418146222131327e-05,0,0,3,3,1,4,4,5,1,1,1,1
4,19,30,1.2843960575992242e-05,0,0,3,3,1,6,4,5,1,1,1,1
4,19,31,2.4761282475083135e-05,0,0,3,4,1,1,4,1,1,1,1,1
4,19,34,0.00010725696483859792,0,0,3,4,1,4,4,4,1,1,1,1
4,19,35,3.615820605773479e-05,0,0,3,4,1,5,4,5,1,1,1,1
4,19,36,0.00037800869904458523,0,0,3,5,1,1,4,1,1,2,1,2
4,19,40,0.00020498411322478205,0,0,3,5,1,5,4,5,1,2,1,2
4,19,42,0.005302687641233206,0,1,3,6,1,2,4,0,1,0,1,1
4,19,43,0.007482391316443682,0,1,3,6,1,3,4,0,1,0,1,1
4,19,46,0.06051117554306984,0,1,3,6,1,6,4,0,1,0,1,1
4,19,47,0.925635814666748,0,2,3,7,1,0,4,0,1,0,1,4
4,20,1,0.0007708379998803139,0,0,3,3,2,1,4,1,1,1,1,1
4,20,4,0.00048078468535095453,0,0,3,3,2,4,4,1,1,1,1,1
4,20,5,0.00015808080206625164,0,0,3,3,2,5,4,1,1,1,1,1
4,20,6,0.00016135523037519306,0,0,3,3,2,6,4,1,1,1,1,1
4,20,9,1.396531024511205e-05,0,0,3,3,2,3,4,2,1,1,1,1
4,20,10,0.00014885560085531324,0,0,3,3,2,4,4,2,1,1,1,1
4,20,12,8.299678302137181e-05,0,0,3,3,2,6,4,2,1,1,1,1
4,20,15,7.3784835876722354e-06,0,0,3,3,2,3,4,3,1,1,1,1
4,20,18,1.139378764491994e-05,0,0,3,3,2,6,4,3,1,1,1,1
4,20,21,1.7076871472454513e-06,0,0,3,3,2,3,4,4,1,1,1,1
4,20,23,6.39863355900161e-05,0,0,3,3,2,5,4,4,1,1,1,1
4,20,24,3.121844201814383e-05,0,0,3,3,2,6,4,4,1,1,1,1
4,20,25,6.0521404520841315e-05,0,0,3,3,2,1,4,5,1,1,1,1
4,20,28,4.6489400119753554e-05,0,0,3,3,2,4,4,5,1,1,1,1
4,20,30,5.42752786714118e-05,0,0,3,3,2,6,4,5,1,1,1,1
4,20,31,2.8015911084366962e-05,0,0,3,4,2,1,4,1,1,1,1,1
4,20,34,0.00010327227209927514,0,0,3,4,2,4,4,4,1,1,1,1
4,20,35,4.1627998143667355e-05,0,0,3,4,2,5,4,5,1,1,1,1
4,20,36,0.974453330039978,0,0,3,5,2,1,4,1,1,2,1,2
4,20,40,0.01874651573598385,0,0,3,5,2,5,4,5,1,2,1,2
4,20,42,3.702507819980383e-05,0,1,3,6,2,2,4,0,1,0,1,1
4,20,43,3.031263759112335e-06,0,1,3,6,2,3,4,0,1,0,1,1
4,20,46,0.00044023830560036004,0,1,3,6,2,6,4,0,1,0,1,1
4,20,47,0.0040537575259804726,0,2,3,7,2,0,4,0,1,0,1,4
4,22,1,0.0031699452083557844,0,0,3,3,4,1,4,1,1,1,1,1
4,22,4,0.00020486167341005057,0,0,3,3,4,4,4,1,1,1,1,1
4,22,5,0.0005508131580427289,0,0,3,3,4,5,4,1,1,1,1,1
4,22,6,0.00027881935238838196,0,0,3,3,4,6,4,1,1,1,1,1
4,22,9,9.774990030564368e-05,0,0,3,3,4,3,4,2,1,1,1,1
4,22,10,0.00014000464580021799,0,0,3,3,4,4,4,2,1,1,1,1
4,22,12,0.00016146188136190176,0,0,3,3,4,6,4,2,1,1,1,1
4,22,15,1.8040542272501625e-05,0,0,3,3,4,3,4,3,1,1,1,1
4,22,18,4.174866262474097e-05,0,0,3,3,4,6,4,3,1,1,1,1
4,22,21,2.0612424123100936e-05,0,0,3,3,4,3,4,4,1,1,1,1
4,22,23,0.0015872376970946789,0,0,3,3,4,5,4,4,1,1,1,1
4,22,24,0.0012964181369170547,0,0,3,3,4,6,4,4,1,1,1,1
4,22,25,0.0012931589735671878,0,0,3,3,4,1,4,5,1,1,1,1
4,22,28,8.515832450939342e-05,0,0,3,3,4,4,4,5,1,1,1,1
4,22,30,0.00029914852348156273,0,0,3,3,4,6,4,5,1,1,1,1
4,22,31,0.0005934486980549991,0,0,3,4,4,1,4,1,1,1,1,1
4,22,34,0.0014168861089274287,0,0,3,4,4,4,4,4,1,1,1,1
4,22,35,0.0005376292974688113,0,0,3,4,4,5,4,5,1,1,1,1
4,22,36,0.9056731462478638,0,0,3,5,4,1,4,1,1,2,1,2
4,22,40,0.039572302252054214,0,0,3,5,4,5,4,5,1,2,1,2
4,22,42,0.0003527208464220166,0,1,3,6,4,2,4,0,1,0,1,1
4,22,43,2.0214993128320202e-05,0,1,3,6,4,3,4,0,1,0,1,1
4,22,46,0.008387587033212185,0,1,3,6,4,6,4,0,1,0,1,1
4,22,47,0.034200966358184814,0,2,3,7,4,0,4,0,1,0,1,4
4,26,1,0.0013895960291847587,0,0,3,3,2,1,5,1,1,1,1,1
4,26,4,0.018672475591301918,0,0,3,3,2,4,5,1,1,1,1,1
4,26,5,0.00021147372899577022,0,0,3,3,2,5,5,1,1,1,1,1
4,26,6,0.0012267929269000888,0,0,3,3,2,6,5,1,1,1,1,1
4,26,9,0.0001271129003725946,0,0,3,3,2,3,5,2,1,1,1,1
4,26,10,0.04512682929635048,0,0,3,3,2,4,5,2,1,1,1,1
4,26,12,0.0037535694427788258,0,0,3,3,2,6,5,2,1,1,1,1
4,26,15,0.00017042725812643766,0,0,3,3,2,3,5,3,1,1,1,1
4,26,18,7.062864460749552e-05,0,0,3,3,2,6,5,3,1,1,1,1
4,26,21,9.201497050526086e-06,0,0,3,3,2,3,5,4,1,1,1,1
4,26,23,0.00023842102382332087,0,0,3,3,2,5,5,4,1,1,1,1
4,26,24,0.00015042157610878348,0,0,3,3,2,6,5,4,1,1,1,1
4,26,25,0.0003184306260664016,0,0,3,3,2,1,5,5,1,1,1,1
4,26,28,0.00914041604846716,0,0,3,3,2,4,5,5,1,1,1,1
4,26,30,0.0004576269129756838,0,0,3,3,2,6,5,5,1,1,1,1
4,26,31,0.00025663786800578237,0,0,3,4,2,1,5,1,1,1,1,1
4,26,34,0.00432585971429944,0,0,3,4,2,4,5,4,1,1,1,1
4,26,35,0.00031195595511235297,0,0,3,4,2,5,5,5,1,1,1,1
4,26,36,0.19687362015247345,0,0,3,5,2,1,5,1,1,2,1,2
4,26,40,0.0019170300802215934,0,0,3,5,2,5,5,5,1,2,1,2
4,26,42,0.006996073294430971,0,1,3,6,2,2,5,0,1,0,1,1
4,26,43,0.002278165426105261,0,1,3,6,2,3,5,0,1,0,1,1
4,26,46,0.1871083676815033,0,1,3,6,2,6,5,0,1,0,1,1
4,26,47,0.5188692808151245,0,2,3,7,2,0,5,0,1,0,1,4
4,27,1,3.883327735820785e-05,0,0,3,3,3,1,5,1,1,1,1,1
4,27,4,8.472672197967768e-05,0,0,3,3,3,4,5,1,1,1,1,1
4,27,5,3.858405762002803e-06,0,0,3,3,3,5,5,1,1,1,1,1
4,27,6,8.070342119026463e-06,0,0,3,3,3,6,5,1,1,1,1,1
4,27,9,3.8005200622137636e-05,0,0,3,3,3,3,5,2,1,1,1,1
4,27,10,0.0011405240511521697,0,0,3,3,3,4,5,2,1,1,1,1
4,27,12,0.0001857834868133068,0,0,3,3,3,6,5,2,1,1,1,1
4,27,15,3.856414696201682e-05,0,0,3,3,3,3,5,3,1,1,1,1
4,27,18,1.37342340167379e-05,0,0,3,3,3,6,5,3,1,1,1,1
4,27,21,7.86824784881901e-06,0,0,3,3,3,3,5,4,1,1,1,1
4,27,23,7.151497266022488e-05,0,0,3,3,3,5,5,4,1,1,1,1
4,27,24,0.00017184135504066944,0,0,3,3,3,6,5,4,1,1,1,1
4,27,25,7.96934764366597e-05,0,0,3,3,3,1,5,5,1,1,1,1
4,27,28,0.0007643431308679283,0,0,3,3,3,4,5,5,1,1,1,1
4,27,30,4.740377335110679e-05,0,0,3,3,3,6,5,5,1,1,1,1
4,27,31,6.514460983453318e-05,0,0,3,4,3,1,5,1,1,1,1,1
4,27,34,0.0008178057032637298,0,0,3,4,3,4,5,4,1,1,1,1
4,27,35,9.365205914946273e-05,0,0,3,4,3,5,5,5,1,1,1,1
4,27,36,1.7531197954667732e-05,0,0,3,5,3,1,5,1,1,2,1,2
4,27,40,3.888626451953314e-06,0,0,3,5,3,5,5,5,1,2,1,2
4,27,42,0.0048374938778579235,0,1,3,6,3,2,5,0,1,0,1,1
4,27,43,0.04778974875807762,0,1,3,6,3,3,5,0,1,0,1,1
4,27,46,0.4629148542881012,0,1,3,6,3,6,5,0,1,0,1,1
4,27,47,0.4807652235031128,0,2,3,7,3,0,5,0,1,0,1,4
4,29,1,0.0003578758332878351,0,0,3,3,5,1,5,1,1,1,1,1
4,29,4,0.000507594202645123,0,0,3,3,5,4,5,1,1,1,1,1
4,29,5,4.5071701606502756e-05,0,0,3,3,5,5,5,1,1,1,1,1
4,29,6,0.00023977512319106609,0,0,3,3,5,6,5,1,1,1,1,1
4,29,9,0.00032931158784776926,0,0,3,3,5,3,5,2,1,1,1,1
4,29,10,0.0040301671251654625,0,0,3,3,5,4,5,2,1,1,1,1
4,29,12,0.0014520658878609538,0,0,3,3,5,6,5,2,1,1,1,1
4,29,15,0.0001433276484021917,0,0,3,3,5,3,5,3,1,1,1,1
4,29,18,0.0003151816490571946,0,0,3,3,5,6,5,3,1,1,1,1
4,29,21,7.547622226411477e-05,0,0,3,3,5,3,5,4,1,1,1,1
4,29,23,0.0008640867308713496,0,0,3,3,5,5,5,4,1,1,1,1
4,29,24,0.0037588817067444324,0,0,3,3,5,6,5,4,1,1,1,1
4,29,25,0.0003252931928727776,0,0,3,3,5,1,5,5,1,1,1,1
4,29,28,0.001754235359840095,0,0,3,3,5,4,5,5,1,1,1,1
4,29,30,0.0005372613086365163,0,0,3,3,5,6,5,5,1,1,1,1
4,29,31,0.000581208907533437,0,0,3,4,5,1,5,1,1,1,1,1
4,29,34,0.00502282939851284,0,0,3,4,5,4,5,4,1,1,1,1
4,29,35,0.000907944398932159,0,0,3,4,5,5,5,5,1,1,1,1
4,29,36,9.184679220197722e-05,0,0,3,5,5,1,5,1,1,2,1,2
4,29,40,5.0047063268721104e-05,0,0,3,5,5,5,5,5,1,2,1,2
4,29,42,0.008222224190831184,0,1,3,6,5,2,5,0,1,0,1,1
4,29,43,0.022213783115148544,0,1,3,6,5,3,5,0,1,0,1,1
4,29,46,0.714798092842102,0,1,3,6,5,6,5,0,1,0,1,1
4,29,47,0.23337596654891968,0,2,3,7,5,0,5,0,1,0,1,4
4,32,1,0.0022999774664640427,0,0,4,3,2,1,2,1,1,1,1,1
4,32,4,0.006432150956243277,0,0,4,3,2,4,2,1,1,1,1,1
4,32,5,0.00042019312968477607,0,0,4,3,2,5,2,1,1,1,1,1
4,32,6,0.0010503940284252167,0,0,4,3,2,6,2,1,1,1,1,1
4,32,9,4.9598624173086137e-05,0,0,4,3,2,3,2,2,1,1,1,1
4,32,10,0.0020032809115946293,0,0,4,3,2,4,2,2,1,1,1,1
4,32,12,0.0006461739540100098,0,0,4,3,2,6,2,2,1,1,1,1
4,32,15,0.00020663753093685955,0,0,4,3,2,3,2,3,1,1,1,1
4,32,18,4.8087898903759196e-05,0,0,4,3,2,6,2,3,1,1,1,1
4,32,21,0.00010383401240687817,0,0,4,3,2,3,2,4,1,1,1,1
4,32,23,0.00018740624363999814,0,0,4,3,2,5,2,4,1,1,1,1
4,32,24,0.00024129115627147257,0,0,4,3,2,6,2,4,1,1,1,1
4,32,25,8.405340486206114e-05,0,0,4,3,2,1,2,5,1,1,1,1
4,32,28,0.0004369015514384955,0,0,4,3,2,4,2,5,1,1,1,1
4,32,30,0.00016555393813177943,0,0,4,3,2,6,2,5,1,1,1,1
4,32,31,0.0003901144373230636,0,0,4,4,2,1,2,1,1,1,1,1
4,32,34,0.0006616901373490691,0,0,4,4,2,4,2,4,1,1,1,1
4,32,35,7.897711475379765e-05,0,0,4,4,2,5,2,5,1,1,1,1
4,32,36,0.942872941493988,0,0,4,5,2,1,2,1,1,2,1,2
4,32,40,0.009446085430681705,0,0,4,5,2,5,2,5,1,2,1,2
4,32,42,8.718272147234529e-05,0,1,4,6,2,2,2,0,1,0,1,1
4,32,43,0.00020028650760650635,0,1,4,6,2,3,2,0,1,0,1,1
4,32,46,0.0005259017343632877,0,1,4,6,2,6,2,0,1,0,1,1
4,32,47,0.03136182576417923,0,2,4,7,2,0,2,0,1,0,1,4
4,33,1,0.001416143961250782,0,0,4,3,3,1,3,1,1,1,1,1
4,33,4,0.0027444420848041773,0,0,4,3,3,4,3,1,1,1,1,1
4,33,5,0.0004636423836927861,0,0,4,3,3,5,3,1,1,1,1,1
4,33,6,0.000769397709518671,0,0,4,3,3,6,3,1,1,1,1,1
4,33,9,0.0024355805944651365,0,0,4,3,3,3,3,2,1,1,1,1
4,33,10,0.007498599588871002,0,0,4,3,3,4,3,2,1,1,1,1
4,33,12,0.005863814614713192,0,0,4,3,3,6,3,2,1,1,1,1
4,33,15,0.0027201503980904818,0,0,4,3,3,3,3,3,1,1,1,1
4,33,18,0.0015838275430724025,0,0,4,3,3,6,3,3,1,1,1,1
4,33,21,0.0016345918411388993,0,0,4,3,3,3,3,4,1,1,1,1
4,33,23,0.0026389961130917072,0,0,4,3,3,5,3,4,1,1,1,1
4,33,24,0.012790074571967125,0,0,4,3,3,6,3,4,1,1,1,1
4,33,25,0.0012958343140780926,0,0,4,3,3,1,3,5,1,1,1,1
4,33,28,0.005758150480687618,0,0,4,3,3,4,3,5,1,1,1,1
4,33,30,0.0028583696112036705,0,0,4,3,3,6,3,5,1,1,1,1
4,33,31,0.0032886136323213577,0,0,4,4,3,1,3,1,1,1,1,1
4,33,34,0.0055670482106506824,0,0,4,4,3,4,3,4,1,1,1,1
4,33,35,0.002942499238997698,0,0,4,4,3,5,3,5,1,1,1,1
4,33,36,0.00016470525588374585,0,0,4,5,3,1,3,1,1,2,1,2
4,33,40,0.00027736820629797876,0,0,4,5,3,5,3,5,1,2,1,2
4,33,42,0.01068414282053709,0,1,4,6,3,2,3,0,1,0,1,1
4,33,43,0.17739714682102203,0,1,4,6,3,3,3,0,1,0,1,1
4,33,46,0.27886828780174255,0,1,4,6,3,6,3,0,1,0,1,1
4,33,47,0.46833837032318115,0,2,4,7,3,0,3,0,1,0,1,4
4,37,1,0.002076003234833479,0,0,5,3,2,1,2,1,2,1,2,1
4,37,4,0.0014046091819182038,0,0,5,3,2,4,2,1,2,1,2,1
4,37,5,0.00030237241298891604,0,0,5,3,2,5,2,1,2,1,2,1
4,37,6,0.0009512094547972083,0,0,5,3,2,6,2,1,2,1,2,1
4,37,9,9.555189899401739e-05,0,0,5,3,2,3,2,2,2,1,2,1
4,37,10,0.0011052999179810286,0,0,5,3,2,4,2,2,2,1,2,1
4,37,12,0.0002839764638338238,0,0,5,3,2,6,2,2,2,1,2,1
4,37,15,3.674610343296081e-05,0,0,5,3,2,3,2,3,2,1,2,1
4,37,18,1.5230737517413218e-05,0,0,5,3,2,6,2,3,2,1,2,1
4,37,21,1.7723043129080907e-05,0,0,5,3,2,3,2,4,2,1,2,1
4,37,23,0.0002886777219828218,0,0,5,3,2,5,2,4,2,1,2,1
4,37,24,0.00010813747940119356,0,0,5,3,2,6,2,4,2,1,2,1
4,37,25,0.001054628868587315,0,0,5,3,2,1,2,5,2,1,2,1
4,37,28,0.00023280223831534386,0,0,5,3,2,4,2,5,2,1,2,1
4,37,30,0.00027787196449935436,0,0,5,3,2,6,2,5,2,1,2,1
4,37,31,0.00037500649341382086,0,0,5,4,2,1,2,1,2,1,2,1
4,37,34,0.00028917568852193654,0,0,5,4,2,4,2,4,2,1,2,1
4,37,35,0.0001085018739104271,0,0,5,4,2,5,2,5,2,1,2,1
4,37,36,0.9868982434272766,0,0,5,5,2,1,2,1,2,2,2,2
4,37,40,0.0028051254339516163,0,0,5,5,2,5,2,5,2,2,2,2
4,37,42,1.8073291357723065e-05,0,1,5,6,2,2,2,0,2,0,2,1
4,37,43,2.458717517583864e-06,0,1,5,6,2,3,2,0,2,0,2,1
4,37,46,0.00032385418307967484,0,1,5,6,2,6,2,0,2,0,2,1
4,37,47,0.000928741239476949,0,2,5,7,2,0,2,0,2,0,2,4
4,38,1,0.15343879163265228,0,0,5,3,3,1,3,1,2,1,2,1
4,38,4,0.0832231342792511,0,0,5,3,3,4,3,1,2,1,2,1
4,38,5,0.03564492240548134,0,0,5,3,3,5,3,1,2,1,2,1
4,38,6,0.07635246217250824,0,0,5,3,3,6,3,1,2,1,2,1
4,38,9,0.03928394988179207,0,0,5,3,3,3,3,2,2,1,2,1
4,38,10,0.04018019884824753,0,0,5,3,3,4,3,2,2,1,2,1
4,38,12,0.014582623727619648,0,0,5,3,3,6,3,2,2,1,2,1
4,38,15,0.004947489593178034,0,0,5,3,3,3,3,3,2,1,2,1
4,38,18,0.002517486922442913,0,0,5,3,3,6,3,3,2,1,2,1
4,38,21,0.0027515250258147717,0,0,5,3,3,3,3,4,2,1,2,1
4,38,23,0.04767078906297684,0,0,5,3,3,5,3,4,2,1,2,1
4,38,24,0.012090626172721386,0,0,5,3,3,6,3,4,2,1,2,1
4,38,25,0.12834401428699493,0,0,5,3,3,1,3,5,2,1,2,1
4,38,28,0.015023108571767807,0,0,5,3,3,4,3,5,2,1,2,1
4,38,30,0.07548251748085022,0,0,5,3,3,6,3,5,2,1,2,1
4,38,31,0.03679616004228592,0,0,5,4,3,1,3,1,2,1,2,1
4,38,34,0.006130121648311615,0,0,5,4,3,4,3,4,2,1,2,1
4,38,35,0.06577061116695404,0,0,5,4,3,5,3,5,2,1,2,1
4,38,36,0.12397820502519608,0,0,5,5,3,1,3,1,2,2,2,2
4,38,40,0.014283217489719391,0,0,5,5,3,5,3,5,2,2,2,2
4,38,42,0.0010661926353350282,0,1,5,6,3,2,3,0,2,0,2,1
4,38,43,0.00031288861646316946,0,1,5,6,3,3,3,0,2,0,2,1
4,38,46,0.01596681773662567,0,1,5,6,3,6,3,0,2,0,2,1
4,38,47,0.004162237048149109,0,2,5,7,3,0,3,0,2,0,2,4
4,39,1,0.000518648128490895,0,0,5,3,4,1,4,1,2,1,2,1
4,39,4,5.636176138068549e-05,0,0,5,3,4,4,4,1,2,1,2,1
4,39,5,0.00011962046119151637,0,0,5,3,4,5,4,1,2,1,2,1
4,39,6,3.51515191141516e-05,0,0,5,3,4,6,4,1,2,1,2,1
4,39,9,7.675357664993498e-06,0,0,5,3,4,3,4,2,2,1,2,1
4,39,10,2.1701851437683217e-05,0,0,5,3,4,4,4,2,2,1,2,1
4,39,12,6.763300007150974e-06,0,0,5,3,4,6,4,2,2,1,2,1
4,39,15,8.954399959293369e-07,0,0,5,3,4,3,4,3,2,1,2,1
4,39,18,2.450980218782206e-07,0,0,5,3,4,6,4,3,2,1,2,1
4,39,21,3.5388939068070613e-07,0,0,5,3,4,3,4,4,2,1,2,1
4,39,23,6.387771281879395e-05,0,0,5,3,4,5,4,4,2,1,2,1
4,39,24,7.456466391886352e-06,0,0,5,3,4,6,4,4,2,1,2,1
4,39,25,0.0008659379091113806,0,0,5,3,4,1,4,5,2,1,2,1
4,39,28,7.096570243447786e-06,0,0,5,3,4,4,4,5,2,1,2,1
4,39,30,3.063791518798098e-05,0,0,5,3,4,6,4,5,2,1,2,1
4,39,31,5.014946509618312e-05,0,0,5,4,4,1,4,1,2,1,2,1
4,39,34,1.0608957381919026e-05,0,0,5,4,4,4,4,4,2,1,2,1
4,39,35,2.0202647647238337e-05,0,0,5,4,4,5,4,5,2,1,2,1
4,39,36,0.9955160021781921,0,0,5,5,4,1,4,1,2,2,2,2
4,39,40,0.0025943596847355366,0,0,5,5,4,5,4,5,2,2,2,2
4,39,42,1.1516051472426625e-06,0,1,5,6,4,2,4,0,2,0,2,1
4,39,43,1.119779646785446e-08,0,1,5,6,4,3,4,0,2,0,2,1
4,39,46,1.64737029990647e-05,0,1,5,6,4,6,4,0,2,0,2,1
4,39,47,4.911329233436845e-05,0,2,5,7,4,0,4,0,2,0,2,4
4,41,1,1.581169897235668e-07,1,0,6,3,1,1,0,1,0,1,1,1
4,41,4,1.2519993106252514e-05,1,0,6,3,1,4,0,1,0,1,1,1
4,41,5,6.468670790127362e-07,1,0,6,3,1,5,0,1,0,1,1,1
4,41,6,4.387495948776632e-07,1,0,6,3,1,6,0,1,0,1,1,1
4,41,9,1.0502592886041384e-05,1,0,6,3,1,3,0,2,0,1,1,1
4,41,10,0.00041747259092517197,1,0,6,3,1,4,0,2,0,1,1,1
4,41,12,0.00014587552868761122,1,0,6,3,1,6,0,2,0,1,1,1
4,41,15,9.584851795807481e-05,1,0,6,3,1,3,0,3,0,1,1,1
4,41,18,3.9593407564098015e-05,1,0,6,3,1,6,0,3,0,1,1,1
4,41,21,1.864258251771389e-06,1,0,6,3,1,3,0,4,0,1,1,1
4,41,23,6.495466209344158e-07,1,0,6,3,1,5,0,4,0,1,1,1
4,41,24,2.6391523988422705e-06,1,0,6,3,1,6,0,4,0,1,1,1
4,41,25,1.4842706832496333e-06,1,0,6,3,1,1,0,5,0,1,1,1
4,41,28,0.0007296416442841291,1,0,6,3,1,4,0,5,0,1,1,1
4,41,30,5.743088422605069e-06,1,0,6,3,1,6,0,5,0,1,1,1
4,41,31,9.022094218380516e-07,1,0,6,4,1,1,0,1,0,1,1,1
4,41,34,7.359248229477089e-06,1,0,6,4,1,4,0,4,0,1,1,1
4,41,35,8.311741112265736e-06,1,0,6,4,1,5,0,5,0,1,1,1
4,41,36,5.220376908532387e-10,1,0,6,5,1,1,0,1,0,2,1,2
4,41,40,1.3850701918727282e-07,1,0,6,5,1,5,0,5,0,2,1,2
4,41,42,0.02897682599723339,1,1,6,6,1,2,0,0,0,0,1,1
4,41,43,0.9545255899429321,1,1,6,6,1,3,0,0,0,0,1,1
4,41,46,0.013261446729302406,1,1,6,6,1,6,0,0,0,0,1,1
4,41,47,0.001754715689457953,1,2,6,7,1,0,0,0,0,0,1,4
4,44,1,0.00045203400077298284,1,0,6,3,4,1,0,1,0,1,1,1
4,44,4,0.0008120493148453534,1,0,6,3,4,4,0,1,0,1,1,1
4,44,5,0.00045294727897271514,1,0,6,3,4,5,0,1,0,1,1,1
4,44,6,0.00014122412540018559,1,0,6,3,4,6,0,1,0,1,1,1
4,44,9,0.00412755785509944,1,0,6,3,4,3,0,2,0,1,1,1
4,44,10,0.01248402614146471,1,0,6,3,4,4,0,2,0,1,1,1
4,44,12,0.007365092169493437,1,0,6,3,4,6,0,2,0,1,1,1
4,44,15,0.002431141445413232,1,0,6,3,4,3,0,3,0,1,1,1
4,44,18,0.009253500029444695,1,0,6,3,4,6,0,3,0,1,1,1
4,44,21,0.00011209843796677887,1,0,6,3,4,3,0,4,0,1,1,1
4,44,23,0.0007464509108103812,1,0,6,3,4,5,0,4,0,1,1,1
4,44,24,0.0013927184045314789,1,0,6,3,4,6,0,4,0,1,1,1
4,44,25,0.003161294851452112,1,0,6,3,4,1,0,5,0,1,1,1
4,44,28,0.015958042815327644,1,0,6,3,4,4,0,5,0,1,1,1
4,44,30,0.003846012521535158,1,0,6,3,4,6,0,5,0,1,1,1
4,44,31,0.00013199058594182134,1,0,6,4,4,1,0,1,0,1,1,1
4,44,34,0.0006004540482535958,1,0,6,4,4,4,0,4,0,1,1,1
4,44,35,0.003418800188228488,1,0,6,4,4,5,0,5,0,1,1,1
4,44,36,4.337792233854998e-06,1,0,6,5,4,1,0,1,0,2,1,2
4,44,40,0.0004077488265465945,1,0,6,5,4,5,0,5,0,2,1,2
4,44,42,0.15843261778354645,1,1,6,6,4,2,0,0,0,0,1,1
4,44,43,0.24214062094688416,1,1,6,6,4,3,0,0,0,0,1,1
4,44,46,0.5225642919540405,1,1,6,6,4,6,0,0,0,0,1,1
4,44,47,0.009562923572957516,1,2,6,7,4,0,0,0,0,0,1,4
4,45,1,2.104263512592297e-05,1,0,6,3,5,1,0,1,0,1,1,1
4,45,4,0.00019266008166596293,1,0,6,3,5,4,0,1,0,1,1,1
4,45,5,1.71060673892498e-05,1,0,6,3,5,5,0,1,0,1,1,1
4,45,6,1.3644976206705905e-05,1,0,6,3,5,6,0,1,0,1,1,1
4,45,9,0.0005071134655736387,1,0,6,3,5,3,0,2,0,1,1,1
4,45,10,0.0053673069924116135,1,0,6,3,5,4,0,2,0,1,1,1
4,45,12,0.0012558292364701629,1,0,6,3,5,6,0,2,0,1,1,1
4,45,15,0.0020228850189596415,1,0,6,3,5,3,0,3,0,1,1,1
4,45,18,0.0012163363862782717,1,0,6,3,5,6,0,3,0,1,1,1
4,45,21,0.000143481491249986,1,0,6,3,5,3,0,4,0,1,1,1
4,45,23,5.022287223255262e-05,1,0,6,3,5,5,0,4,0,1,1,1
4,45,24,0.00013678638788405806,1,0,6,3,5,6,0,4,0,1,1,1
4,45,25,7.533981988672167e-05,1,0,6,3,5,1,0,5,0,1,1,1
4,45,28,0.004503011237829924,1,0,6,3,5,4,0,5,0,1,1,1
4,45,30,0.00013774521357845515,1,0,6,3,5,6,0,5,0,1,1,1
4,45,31,2.83884637610754e-05,1,0,6,4,5,1,0,1,0,1,1,1
4,45,34,0.00023198945564217865,1,0,6,4,5,4,0,4,0,1,1,1
4,45,35,0.00022552152222488075,1,0,6,4,5,5,0,5,0,1,1,1
4,45,36,8.866992118328199e-08,1,0,6,5,5,1,0,1,0,2,1,2
4,45,40,3.0768665055802558e-06,1,0,6,5,5,5,0,5,0,2,1,2
4,45,42,0.015374269336462021,1,1,6,6,5,2,0,0,0,0,1,1
4,45,43,0.9178186655044556,1,1,6,6,5,3,0,0,0,0,1,1
4,45,46,0.0421283021569252,1,1,6,6,5,6,0,0,0,0,1,1
4,45,47,0.008528532460331917,1,2,6,7,5,0,0,0,0,0,1,4
5,1,0,0.007139159366488457,0,0,3,1,1,0,1,0,1,2,1,4
5,1,2,0.013447516597807407,0,0,3,3,1,2,1,1,1,1,1,1
5,1,3,0.00936148315668106,0,0,3,3,1,3,1,1,1,1,1,1
5,1,7,0.00454518711194396,0,0,3,3,1,1,1,2,1,1,1,1
5,1,8,0.010754159651696682,0,0,3,3,1,2,1,2,1,1,1,1
5,1,11,0.013608341105282307,0,0,3,3,1,5,1,2,1,1,1,1
5,1,13,0.046818338334560394,0,0,3,3,1,1,1,3,1,1,1,1
5,1,14,0.012856139801442623,0,0,3,3,1,2,1,3,1,1,1,1
5,1,16,0.03277025371789932,0,0,3,3,1,4,1,3,1,1,1,1
5,1,17,0.042046867311000824,0,0,3,3,1,5,1,3,1,1,1,1
5,1,19,0.00861569307744503,0,0,3,3,1,1,1,4,1,1,1,1
5,1,20,0.031776852905750275,0,0,3,3,1,2,1,4,1,1,1,1
5,1,22,0.04318585991859436,0,0,3,3,1,4,1,4,1,1,1,1
5,1,26,0.014627902768552303,0,0,3,3,1,2,1,5,1,1,1,1
5,1,27,0.013741620816290379,0,0,3,3,1,3,1,5,1,1,1,1
5,1,29,0.003978950437158346,0,0,3,3,1,5,1,5,1,1,1,1
5,1,32,0.001306034391745925,0,0,3,4,1,2,1,2,1,1,1,1
5,1,33,0.007743385620415211,0,0,3,4,1,3,1,3,1,1,1,1
5,1,37,0.0010545345721766353,0,0,3,5,1,2,1,2,1,2,1,2
5,1,38,0.003598253708332777,0,0,3,5,1,3,1,3,1,2,1,2
5,1,39,0.006594178266823292,0,0,3,5,1,4,1,4,1,2,1,2
5,1,41,0.027452539652585983,0,1,3,6,1,1,1,0,1,0,1,1
5,1,44,0.19152764976024628,0,1,3,6,1,4,1,0,1,0,1,1
5,1,45,0.4514491558074951,0,1,3,6,1,5,1,0,1,0,1,1
5,4,0,0.0025902914348989725,0,0,3,1,4,0,1,0,1,2,1,4
5,4,2,0.002528214594349265,0,0,3,3,4,2,1,1,1,1,1,1
5,4,3,0.0006466821650974452,0,0,3,3,4,3,1,1,1,1,1,1
5,4,7,0.0026552733033895493,0,0,3,3,4,1,1,2,1,1,1,1
5,4,8,0.000923947780393064,0,0,3,3,4,2,1,2,1,1,1,1
5,4,11,0.0009157806634902954,0,0,3,3,4,5,1,2,1,1,1,1
5,4,13,0.022820739075541496,0,0,3,3,4,1,1,3,1,1,1,1
5,4,14,0.00035857659531757236,0,0,3,3,4,2,1,3,1,1,1,1
5,4,16,0.003984901122748852,0,0,3,3,4,4,1,3,1,1,1,1
5,4,17,0.0010156052885577083,0,0,3,3,4,5,1,3,1,1,1,1
5,4,19,0.0017227178905159235,0,0,3,3,4,1,1,4,1,1,1,1
5,4,20,0.0013786632334813476,0,0,3,3,4,2,1,4,1,1,1,1
5,4,22,0.0054548559710383415,0,0,3,3,4,4,1,4,1,1,1,1
5,4,26,0.0007259711273945868,0,0,3,3,4,2,1,5,1,1,1,1
5,4,27,0.0002178252616431564,0,0,3,3,4,3,1,5,1,1,1,1
5,4,29,0.00010613151243887842,0,0,3,3,4,5,1,5,1,1,1,1
5,4,32,7.249506597872823e-05,0,0,3,4,4,2,1,2,1,1,1,1
5,4,33,8.221629832405597e-05,0,0,3,4,4,3,1,3,1,1,1,1
5,4,37,0.000992536311969161,0,0,3,5,4,2,1,2,1,2,1,2
5,4,38,0.0005499659455381334,0,0,3,5,4,3,1,3,1,2,1,2
5,4,39,0.003662253264337778,0,0,3,5,4,4,1,4,1,2,1,2
5,4,41,0.05058924853801727,0,1,3,6,4,1,1,0,1,0,1,1
5,4,44,0.5944485664367676,0,1,3,6,4,4,1,0,1,0,1,1
5,4,45,0.3015565276145935,0,1,3,6,4,5,1,0,1,0,1,1
5,5,0,8.664197594043799e-06,0,0,3,1,5,0,1,0,1,2,1,4
5,5,2,0.0004657281970139593,0,0,3,3,5,2,1,1,1,1,1,1
5,5,3,0.0007145373965613544,0,0,3,3,5,3,1,1,1,1,1,1
5,5,7,0.017060983926057816,0,0,3,3,5,1,1,2,1,1,1,1
5,5,8,0.003577052615582943,0,0,3,3,5,2,1,2,1,1,1,1
5,5,11,0.02909029833972454,0,0,3,3,5,5,1,2,1,1,1,1
5,5,13,0.0036112992092967033,0,0,3,3,5,1,1,3,1,1,1,1
5,5,14,0.0009700756636448205,0,0,3,3,5,2,1,3,1,1,1,1
5,5,16,0.0025107203982770443,0,0,3,3,5,4,1,3,1,1,1,1
5,5,17,0.0038073412142693996,0,0,3,3,5,5,1,3,1,1,1,1
5,5,19,0.000824093003757298,0,0,3,3,5,1,1,4,1,1,1,1
5,5,20,0.0012115058489143848,0,0,3,3,5,2,1,4,1,1,1,1
5,5,22,0.001836883369833231,0,0,3,3,5,4,1,4,1,1,1,1
5,5,26,0.0016562942182645202,0,0,3,3,5,2,1,5,1,1,1,1
5,5,27,0.0032475683838129044,0,0,3,3,5,3,1,5,1,1,1,1
5,5,29,0.013520210050046444,0,0,3,3,5,5,1,5,1,1,1,1
5,5,32,0.0001486848632339388,0,0,3,4,5,2,1,2,1,1,1,1
5,5,33,0.00031508062966167927,0,0,3,4,5,3,1,3,1,1,1,1
5,5,37,5.0508369895396754e-05,0,0,3,5,5,2,1,2,1,2,1,2
5,5,38,0.00012983310443814844,0,0,3,5,5,3,1,3,1,2,1,2
5,5,39,0.0006105269421823323,0,0,3,5,5,4,1,4,1,2,1,2
5,5,41,0.07047612965106964,0,1,3,6,5,1,1,0,1,0,1,1
5,5,44,0.013345127925276756,0,1,3,6,5,4,1,0,1,0,1,1
5,5,45,0.8308106064796448,0,1,3,6,5,5,1,0,1,0,1,1
5,6,0,0.0006038424326106906,0,0,3,1,6,0,1,0,1,2,1,4
5,6,2,0.0005632058018818498,0,0,3,3,6,2,1,1,1,1,1,1
5,6,3,0.0001862016652012244,0,0,3,3,6,3,1,1,1,1,1,1
5,6,7,0.0028267090674489737,0,0,3,3,6,1,1,2,1,1,1,1
5,6,8,0.002264461014419794,0,0,3,3,6,2,1,2,1,1,1,1
5,6,11,0.004731582477688789,0,0,3,3,6,5,1,2,1,1,1,1
5,6,13,0.0006145014194771647,0,0,3,3,6,1,1,3,1,1,1,1
5,6,14,7.075934991007671e-05,0,0,3,3,6,2,1,3,1,1,1,1
5,6,16,0.00037257731310091913,0,0,3,3,6,4,1,3,1,1,1,1
5,6,17,0.00039844331331551075,0,0,3,3,6,5,1,3,1,1,1,1
5,6,19,0.00023099860118236393,0,0,3,3,6,1,1,4,1,1,1,1
5,6,20,0.0006824689917266369,0,0,3,3,6,2,1,4,1,1,1,1
5,6,22,0.001414564554579556,0,0,3,3,6,4,1,4,1,1,1,1
5,6,26,0.00025582595844753087,0,0,3,3,6,2,1,5,1,1,1,1
5,6,27,8.143584273057058e-05,0,0,3,3,6,3,1,5,1,1,1,1
5,6,29,0.00015796747175045311,0,0,3,3,6,5,1,5,1,1,1,1
5,6,32,1.2403038454067428e-05,0,0,3,4,6,2,1,2,1,1,1,1
5,6,33,4.350973085820442e-06,0,0,3,4,6,3,1,3,1,1,1,1
5,6,37,0.003997206222265959,0,0,3,5,6,2,1,2,1,2,1,2
5,6,38,0.00018064067990053445,0,0,3,5,6,3,1,3,1,2,1,2
5,6,39,0.0006380222621373832,0,0,3,5,6,4,1,4,1,2,1,2
5,6,41,0.01587640680372715,0,1,3,6,6,1,1,0,1,0,1,1
5,6,44,0.10971448570489883,0,1,3,6,6,4,1,0,1,0,1,1
5,6,45,0.8541206121444702,0,1,3,6,6,5,1,0,1,0,1,1
5,9,0,3.9399219531333074e-05,0,0,3,1,3,0,2,0,1,2,1,4
5,9,2,0.0012975884601473808,0,0,3,3,3,2,2,1,1,1,1,1
5,9,3,0.02248992770910263,0,0,3,3,3,3,2,1,1,1,1,1
5,9,7,0.02644348330795765,0,0,3,3,3,1,2,2,1,1,1,1
5,9,8,0.007733331527560949,0,0,3,3,3,2,2,2,1,1,1,1
5,9,11,0.024315783753991127,0,0,3,3,3,5,2,2,1,1,1,1
5,9,13,0.026993252336978912,0,0,3,3,3,1,2,3,1,1,1,1
5,9,14,0.012137386947870255,0,0,3,3,3,2,2,3,1,1,1,1
5,9,16,0.003310812870040536,0,0,3,3,3,4,2,3,1,1,1,1
5,9,17,0.038787998259067535,0,0,3,3,3,5,2,3,1,1,1,1
5,9,19,0.007607723120599985,0,0,3,3,3,1,2,4,1,1,1,1
5,9,20,0.010642054490745068,0,0,3,3,3,2,2,4,1,1,1,1
5,9,22,0.0032733227126300335,0,0,3,3,3,4,2,4,1,1,1,1
5,9,26,0.02097870595753193,0,0,3,3,3,2,2,5,1,1,1,1
5,9,27,0.5154424905776978,0,0,3,3,3,3,2,5,1,1,1,1
5,9,29,0.11382638663053513,0,0,3,3,3,5,2,5,1,1,1,1
5,9,32,0.0020949258469045162,0,0,3,4,3,2,2,2,1,1,1,1
5,9,33,0.12542062997817993,0,0,3,4,3,3,2,3,1,1,1,1
5,9,37,1.0112541531270836e-05,0,0,3,5,3,2,2,2,1,2,1,2
5,9,38,0.0007455580634996295,0,0,3,5,3,3,2,3,1,2,1,2
5,9,39,0.00036375343916006386,0,0,3,5,3,4,2,4,1,2,1,2
5,9,41,0.015293292701244354,0,1,3,6,3,1,2,0,1,0,1,1
5,9,44,0.00022477767197415233,0,1,3,6,3,4,2,0,1,0,1,1
5,9,45,0.020527377724647522,0,1,3,6,3,5,2,0,1,0,1,1
5,10,0,0.0028633468318730593,0,0,3,1,4,0,2,0,1,2,1,4
5,10,2,0.0005183985340408981,0,0,3,3,4,2,2,1,1,1,1,1
5,10,3,0.0016299226554110646,0,0,3,3,4,3,2,1,1,1,1,1
5,10,7,0.002513257088139653,0,0,3,3,4,1,2,2,1,1,1,1
5,10,8,0.0003206413530278951,0,0,3,3,4,2,2,2,1,1,1,1
5,10,11,0.00023301850887946784,0,0,3,3,4,5,2,2,1,1,1,1
5,10,13,0.8921316266059875,0,0,3,3,4,1,2,3,1,1,1,1
5,10,14,0.002086578868329525,0,0,3,3,4,2,2,3,1,1,1,1
5,10,16,0.019138121977448463,0,0,3,3,4,4,2,3,1,1,1,1
5,10,17,0.0017227466451004148,0,0,3,3,4,5,2,3,1,1,1,1
5,10,19,0.009195488877594471,0,0,3,3,4,1,2,4,1,1,1,1
5,10,20,0.0018116449937224388,0,0,3,3,4,2,2,4,1,1,1,1
5,10,22,0.004621842410415411,0,0,3,3,4,4,2,4,1,1,1,1
5,10,26,0.004329868592321873,0,0,3,3,4,2,2,5,1,1,1,1
5,10,27,0.008456862531602383,0,0,3,3,4,3,2,5,1,1,1,1
5,10,29,0.0005201288731768727,0,0,3,3,4,5,2,5,1,1,1,1
5,10,32,0.0007494689780287445,0,0,3,4,4,2,2,2,1,1,1,1
5,10,33,0.020441697910428047,0,0,3,4,4,3,2,3,1,1,1,1
5,10,37,8.692460141901392e-06,0,0,3,5,4,2,2,2,1,2,1,2
5,10,38,0.0013438832247629762,0,0,3,5,4,3,2,3,1,2,1,2
5,10,39,0.0011987752513960004,0,0,3,5,4,4,2,4,1,2,1,2
5,10,41,0.02015104703605175,0,1,3,6,4,1,2,0,1,0,1,1
5,10,44,0.0026952011976391077,0,1,3,6,4,4,2,0,1,0,1,1
5,10,45,0.0013175872154533863,0,1,3,6,4,5,2,0,1,0,1,1
5,12,0,0.03143846243619919,0,0,3,1,6,0,2,0,1,2,1,4
5,12,2,0.0026591152418404818,0,0,3,3,6,2,2,1,1,1,1,1
5,12,3,0.003190048271790147,0,0,3,3,6,3,2,1,1,1,1,1
5,12,7,0.013537460938096046,0,0,3,3,6,1,2,2,1,1,1,1
5,12,8,0.007742023561149836,0,0,3,3,6,2,2,2,1,1,1,1
5,12,11,0.002993970178067684,0,0,3,3,6,5,2,2,1,1,1,1
5,12,13,0.4272666275501251,0,0,3,3,6,1,2,3,1,1,1,1
5,12,14,0.006830565165728331,0,0,3,3,6,2,2,3,1,1,1,1
5,12,16,0.017741279676556587,0,0,3,3,6,4,2,3,1,1,1,1
5,12,17,0.018251556903123856,0,0,3,3,6,5,2,3,1,1,1,1
5,12,19,0.018306542187929153,0,0,3,3,6,1,2,4,1,1,1,1
5,12,20,0.012319774366915226,0,0,3,3,6,2,2,4,1,1,1,1
5,12,22,0.00862002931535244,0,0,3,3,6,4,2,4,1,1,1,1
5,12,26,0.00705805653706193,0,0,3,3,6,2,2,5,1,1,1,1
5,12,27,0.012782829813659191,0,0,3,3,6,3,2,5,1,1,1,1
5,12,29,0.001327798585407436,0,0,3,3,6,5,2,5,1,1,1,1
5,12,32,0.03002437762916088,0,0,3,4,6,2,2,2,1,1,1,1
5,12,33,0.27867794036865234,0,0,3,4,6,3,2,3,1,1,1,1
5,12,37,0.0008223330951295793,0,0,3,5,6,2,2,2,1,2,1,2
5,12,38,0.008908627554774284,0,0,3,5,6,3,2,3,1,2,1,2
5,12,39,0.005198049824684858,0,0,3,5,6,4,2,4,1,2,1,2
5,12,41,0.03410891070961952,0,1,3,6,6,1,2,0,1,0,1,1
5,12,44,0.02154638059437275,0,1,3,6,6,4,2,0,1,0,1,1
5,12,45,0.02864737994968891,0,1,3,6,6,5,2,0,1,0,1,1
5,15,0,7.555368938483298e-05,0,0,3,1,3,0,3,0,1,2,1,4
5,15,2,0.003512403927743435,0,0,3,3,3,2,3,1,1,1,1,1
5,15,3,0.053217869251966476,0,0,3,3,3,3,3,1,1,1,1,1
5,15,7,0.0082616675645113,0,0,3,3,3,1,3,2,1,1,1,1
5,15,8,0.0018099292647093534,0,0,3,3,3,2,3,2,1,1,1,1
5,15,11,0.012289238162338734,0,0,3,3,3,5,3,2,1,1,1,1
5,15,13,0.010580841451883316,0,0,3,3,3,1,3,3,1,1,1,1
5,15,14,0.0024059819988906384,0,0,3,3,3,2,3,3,1,1,1,1
5,15,16,0.00021372942137531936,0,0,3,3,3,4,3,3,1,1,1,1
5,15,17,0.011385463178157806,0,0,3,3,3,5,3,3,1,1,1,1
5,15,19,0.002445071469992399,0,0,3,3,3,1,3,4,1,1,1,1
5,15,20,0.005572454538196325,0,0,3,3,3,2,3,4,1,1,1,1
5,15,22,0.0006083070766180754,0,0,3,3,3,4,3,4,1,1,1,1
5,15,26,0.005311650689691305,0,0,3,3,3,2,3,5,1,1,1,1
5,15,27,0.652046799659729,0,0,3,3,3,3,3,5,1,1,1,1
5,15,29,0.017701763659715652,0,0,3,3,3,5,3,5,1,1,1,1
5,15,32,0.0029081678949296474,0,0,3,4,3,2,3,2,1,1,1,1
5,15,33,0.15981949865818024,0,0,3,4,3,3,3,3,1,1,1,1
5,15,37,1.4898631889082026e-05,0,0,3,5,3,2,3,2,1,2,1,2
5,15,38,0.001290634972974658,0,0,3,5,3,3,3,3,1,2,1,2
5,15,39,0.0006008024793118238,0,0,3,5,3,4,3,4,1,2,1,2
5,15,41,0.00818575732409954,0,1,3,6,3,1,3,0,1,0,1,1
5,15,44,0.00039490454946644604,0,1,3,6,3,4,3,0,1,0,1,1
5,15,45,0.03934669494628906,0,1,3,6,3,5,3,0,1,0,1,1
5,18,0,0.0015165549702942371,0,0,3,1,6,0,3,0,1,2,1,4
5,18,2,0.0028405985794961452,0,0,3,3,6,2,3,1,1,1,1,1
5,18,3,0.005904920399188995,0,0,3,3,6,3,3,1,1,1,1,1
5,18,7,0.0033042863942682743,0,0,3,3,6,1,3,2,1,1,1,1
5,18,8,0.001335035776719451,0,0,3,3,6,2,3,2,1,1,1,1
5,18,11,0.003294771071523428,0,0,3,3,6,5,3,2,1,1,1,1
5,18,13,0.021878140047192574,0,0,3,3,6,1,3,3,1,1,1,1
5,18,14,0.0005504006985574961,0,0,3,3,6,2,3,3,1,1,1,1
5,18,16,0.0005180166335776448,0,0,3,3,6,4,3,3,1,1,1,1
5,18,17,0.003126282710582018,0,0,3,3,6,5,3,3,1,1,1,1
5,18,19,0.0013420324539765716,0,0,3,3,6,1,3,4,1,1,1,1
5,18,20,0.0024656353052705526,0,0,3,3,6,2,3,4,1,1,1,1
5,18,22,0.001937527791596949,0,0,3,3,6,4,3,4,1,1,1,1
5,18,26,0.002032905351370573,0,0,3,3,6,2,3,5,1,1,1,1
5,18,27,0.013954376801848412,0,0,3,3,6,3,3,5,1,1,1,1
5,18,29,0.00045365412370301783,0,0,3,3,6,5,3,5,1,1,1,1
5,18,32,0.00042876217048615217,0,0,3,4,6,2,3,2,1,1,1,1
5,18,33,0.00370671134442091,0,0,3,4,6,3,3,3,1,1,1,1
5,18,37,0.00018049852224066854,0,0,3,5,6,2,3,2,1,2,1,2
5,18,38,0.001210820279084146,0,0,3,5,6,3,3,3,1,2,1,2
5,18,39,0.0014776424504816532,0,0,3,5,6,4,3,4,1,2,1,2
5,18,41,0.055114731192588806,0,1,3,6,6,1,3,0,1,0,1,1
5,18,44,0.050347693264484406,0,1,3,6,6,4,3,0,1,0,1,1
5,18,45,0.8210773468017578,0,1,3,6,6,5,3,0,1,0,1,1
5,21,0,1.2906252777611371e-05,0,0,3,1,3,0,4,0,1,2,1,4
5,21,2,0.0029666845221072435,0,0,3,3,3,2,4,1,1,1,1,1
5,21,3,0.08104336261749268,0,0,3,3,3,3,4,1,1,1,1,1
5,21,7,0.025146078318357468,0,0,3,3,3,1,4,2,1,1,1,1
5,21,8,0.0018650292186066508,0,0,3,3,3,2,4,2,1,1,1,1
5,21,11,0.031660038977861404,0,0,3,3,3,5,4,2,1,1,1,1
5,21,13,0.028725767508149147,0,0,3,3,3,1,4,3,1,1,1,1
5,21,14,0.0046641952358186245,0,0,3,3,3,2,4,3,1,1,1,1
5,21,16,0.001084764488041401,0,0,3,3,3,4,4,3,1,1,1,1
5,21,17,0.008210541680455208,0,0,3,3,3,5,4,3,1,1,1,1
5,21,19,0.0026311182882636786,0,0,3,3,3,1,4,4,1,1,1,1
5,21,20,0.002335373777896166,0,0,3,3,3,2,4,4,1,1,1,1
5,21,22,0.0018493797397240996,0,0,3,3,3,4,4,4,1,1,1,1
5,21,26,0.0254388265311718,0,0,3,3,3,2,4,5,1,1,1,1
5,21,27,0.3419649004936218,0,0,3,3,3,3,4,5,1,1,1,1
5,21,29,0.08791930973529816,0,0,3,3,3,5,4,5,1,1,1,1
5,21,32,0.00020984988077543676,0,0,3,4,3,2,4,2,1,1,1,1
5,21,33,0.009291384369134903,0,0,3,4,3,3,4,3,1,1,1,1
5,21,37,1.798413723008707e-05,0,0,3,5,3,2,4,2,1,2,1,2
5,21,38,0.00044679350685328245,0,0,3,5,3,3,4,3,1,2,1,2
5,21,39,0.00040493690175935626,0,0,3,5,3,4,4,4,1,2,1,2
5,21,41,0.12450706958770752,0,1,3,6,3,1,4,0,1,0,1,1
5,21,44,0.0021915873512625694,0,1,3,6,3,4,4,0,1,0,1,1
5,21,45,0.21541205048561096,0,1,3,6,3,5,4,0,1,0,1,1
5,23,0,0.00026184433954767883,0,0,3,1,5,0,4,0,1,2,1,4
5,23,2,0.0008263434283435345,0,0,3,3,5,2,4,1,1,1,1,1
5,23,3,0.011680231429636478,0,0,3,3,5,3,4,1,1,1,1,1
5,23,7,0.005599752068519592,0,0,3,3,5,1,4,2,1,1,1,1
5,23,8,0.0004493042652029544,0,0,3,3,5,2,4,2,1,1,1,1
5,23,11,0.0037082217168062925,0,0,3,3,5,5,4,2,1,1,1,1
5,23,13,0.04568424075841904,0,0,3,3,5,1,4,3,1,1,1,1
5,23,14,0.0009730902384035289,0,0,3,3,5,2,4,3,1,1,1,1
5,23,16,0.001606352743692696,0,0,3,3,5,4,4,3,1,1,1,1
5,23,17,0.003947653342038393,0,0,3,3,5,5,4,3,1,1,1,1
5,23,19,0.0016732013318687677,0,0,3,3,5,1,4,4,1,1,1,1
5,23,20,0.0005947959143668413,0,0,3,3,5,2,4,4,1,1,1,1
5,23,22,0.0020051384344697,0,0,3,3,5,4,4,4,1,1,1,1
5,23,26,0.009939323179423809,0,0,3,3,5,2,4,5,1,1,1,1
5,23,27,0.03164151683449745,0,0,3,3,5,3,4,5,1,1,1,1
5,23,29,0.004274202510714531,0,0,3,3,5,5,4,5,1,1,1,1
5,23,32,0.0002161795855499804,0,0,3,4,5,2,4,2,1,1,1,1
5,23,33,0.007110496051609516,0,0,3,4,5,3,4,3,1,1,1,1
5,23,37,4.8548445192864165e-05,0,0,3,5,5,2,4,2,1,2,1,2
5,23,38,0.001086926436983049,0,0,3,5,5,3,4,3,1,2,1,2
5,23,39,0.0019165279809385538,0,0,3,5,5,4,4,4,1,2,1,2
5,23,41,0.17319734394550323,0,1,3,6,5,1,4,0,1,0,1,1
5,23,44,0.016452467069029808,0,1,3,6,5,4,4,0,1,0,1,1
5,23,45,0.6751066446304321,0,1,3,6,5,5,4,0,1,0,1,1
5,24,0,1.1702462870744057e-05,0,0,3,1,6,0,4,0,1,2,1,4
5,24,2,0.0006541610928252339,0,0,3,3,6,2,4,1,1,1,1,1
5,24,3,0.0009414732339791954,0,0,3,3,6,3,4,1,1,1,1,1
5,24,7,0.0016160676022991538,0,0,3,3,6,1,4,2,1,1,1,1
5,24,8,0.001311669242568314,0,0,3,3,6,2,4,2,1,1,1,1
5,24,11,0.011333147063851357,0,0,3,3,6,5,4,2,1,1,1,1
5,24,13,0.0006417115218937397,0,0,3,3,6,1,4,3,1,1,1,1
5,24,14,0.00023969502944964916,0,0,3,3,6,2,4,3,1,1,1,1
5,24,16,0.00017612807278055698,0,0,3,3,6,4,4,3,1,1,1,1
5,24,17,0.001077213091775775,0,0,3,3,6,5,4,3,1,1,1,1
5,24,19,0.00012246132246218622,0,0,3,3,6,1,4,4,1,1,1,1
5,24,20,0.0007818989688530564,0,0,3,3,6,2,4,4,1,1,1,1
5,24,22,0.0008325556409545243,0,0,3,3,6,4,4,4,1,1,1,1
5,24,26,0.000459969334769994,0,0,3,3,6,2,4,5,1,1,1,1
5,24,27,0.0006520379101857543,0,0,3,3,6,3,4,5,1,1,1,1
5,24,29,0.0007320644799619913,0,0,3,3,6,5,4,5,1,1,1,1
5,24,32,1.612715823284816e-05,0,0,3,4,6,2,4,2,1,1,1,1
5,24,33,4.3694435589713976e-05,0,0,3,4,6,3,4,3,1,1,1,1
5,24,37,6.224458775250241e-05,0,0,3,5,6,2,4,2,1,2,1,2
5,24,38,3.843512968160212e-05,0,0,3,5,6,3,4,3,1,2,1,2
5,24,39,9.893010428640991e-05,0,0,3,5,6,4,4,4,1,2,1,2
5,24,41,0.009030078537762165,0,1,3,6,6,1,4,0,1,0,1,1
5,24,44,0.01289453636854887,0,1,3,6,6,4,4,0,1,0,1,1
5,24,45,0.9562322497367859,0,1,3,6,6,5,4,0,1,0,1,1
5,25,0,0.03870818018913269,0,0,3,1,1,0,5,0,1,2,1,4
5,25,2,0.015102588571608067,0,0,3,3,1,2,5,1,1,1,1,1
5,25,3,0.01990010403096676,0,0,3,3,1,3,5,1,1,1,1,1
5,25,7,0.004602726083248854,0,0,3,3,1,1,5,2,1,1,1,1
5,25,8,0.008378531783819199,0,0,3,3,1,2,5,2,1,1,1,1
5,25,11,0.003926802426576614,0,0,3,3,1,5,5,2,1,1,1,1
5,25,13,0.0906900092959404,0,0,3,3,1,1,5,3,1,1,1,1
5,25,14,0.011808149516582489,0,0,3,3,1,2,5,3,1,1,1,1
5,25,16,0.0049394648522138596,0,0,3,3,1,4,5,3,1,1,1,1
5,25,17,0.047083064913749695,0,0,3,3,1,5,5,3,1,1,1,1
5,25,19,0.011798919178545475,0,0,3,3,1,1,5,4,1,1,1,1
5,25,20,0.03085867129266262,0,0,3,3,1,2,5,4,1,1,1,1
5,25,22,0.00829754676669836,0,0,3,3,1,4,5,4,1,1,1,1
5,25,26,0.009009229950606823,0,0,3,3,1,2,5,5,1,1,1,1
5,25,27,0.05656648054718971,0,0,3,3,1,3,5,5,1,1,1,1
5,25,29,0.0012293198378756642,0,0,3,3,1,5,5,5,1,1,1,1
5,25,32,0.02670237608253956,0,0,3,4,1,2,5,2,1,1,1,1
5,25,33,0.5158098936080933,0,0,3,4,1,3,5,3,1,1,1,1
5,25,37,0.0007327179191634059,0,0,3,5,1,2,5,2,1,2,1,2
5,25,38,0.010443899780511856,0,0,3,5,1,3,5,3,1,2,1,2
5,25,39,0.004149912390857935,0,0,3,5,1,4,5,4,1,2,1,2
5,25,41,0.01060454547405243,0,1,3,6,1,1,5,0,1,0,1,1
5,25,44,0.01769162341952324,0,1,3,6,1,4,5,0,1,0,1,1
5,25,45,0.0509653240442276,0,1,3,6,1,5,5,0,1,0,1,1
5,28,0,3.9075381209841e-05,0,0,3,1,4,0,5,0,1,2,1,4
5,28,2,0.00213897367939353,0,0,3,3,4,2,5,1,1,1,1,1
5,28,3,0.033544428646564484,0,0,3,3,4,3,5,1,1,1,1,1
5,28,7,0.003136425744742155,0,0,3,3,4,1,5,2,1,1,1,1
5,28,8,0.00017201514856424183,0,0,3,3,4,2,5,2,1,1,1,1
5,28,11,0.0012304788688197732,0,0,3,3,4,5,5,2,1,1,1,1
5,28,13,0.0765761062502861,0,0,3,3,4,1,5,3,1,1,1,1
5,28,14,0.0011709475656971335,0,0,3,3,4,2,5,3,1,1,1,1
5,28,16,0.004504885990172625,0,0,3,3,4,4,5,3,1,1,1,1
5,28,17,0.0021982097532600164,0,0,3,3,4,5,5,3,1,1,1,1
5,28,19,0.005262147169560194,0,0,3,3,4,1,5,4,1,1,1,1
5,28,20,0.0011170567013323307,0,0,3,3,4,2,5,4,1,1,1,1
5,28,22,0.0073196375742554665,0,0,3,3,4,4,5,4,1,1,1,1
5,28,26,0.014125838875770569,0,0,3,3,4,2,5,5,1,1,1,1
5,28,27,0.21249105036258698,0,0,3,3,4,3,5,5,1,1,1,1
5,28,29,0.007568248547613621,0,0,3,3,4,5,5,5,1,1,1,1
5,28,32,2.1554575141635723e-05,0,0,3,4,4,2,5,2,1,1,1,1
5,28,33,0.0006642154767177999,0,0,3,4,4,3,5,3,1,1,1,1
5,28,37,2.2390720459952718e-06,0,0,3,5,4,2,5,2,1,2,1,2
5,28,38,0.0005386199918575585,0,0,3,5,4,3,5,3,1,2,1,2
5,28,39,0.0010633522178977728,0,0,3,5,4,4,5,4,1,2,1,2
5,28,41,0.4150477945804596,0,1,3,6,4,1,5,0,1,0,1,1
5,28,44,0.03269411623477936,0,1,3,6,4,4,5,0,1,0,1,1
5,28,45,0.17737296223640442,0,1,3,6,4,5,5,0,1,0,1,1
5,30,0,0.0009212942677550018,0,0,3,1,6,0,5,0,1,2,1,4
5,30,2,0.0005627989885397255,0,0,3,3,6,2,5,1,1,1,1,1
5,30,3,0.0004631247138604522,0,0,3,3,6,3,5,1,1,1,1,1
5,30,7,0.0005895697395317256,0,0,3,3,6,1,5,2,1,1,1,1
5,30,8,0.00020307324302848428,0,0,3,3,6,2,5,2,1,1,1,1
5,30,11,0.0003318586968816817,0,0,3,3,6,5,5,2,1,1,1,1
5,30,13,0.005240411963313818,0,0,3,3,6,1,5,3,1,1,1,1
5,30,14,7.111092418199405e-05,0,0,3,3,6,2,5,3,1,1,1,1
5,30,16,0.0002679042227100581,0,0,3,3,6,4,5,3,1,1,1,1
5,30,17,0.0003189618873875588,0,0,3,3,6,5,5,3,1,1,1,1
5,30,19,0.00019634469936136156,0,0,3,3,6,1,5,4,1,1,1,1
5,30,20,0.00019118899945169687,0,0,3,3,6,2,5,4,1,1,1,1
5,30,22,0.00038340745959430933,0,0,3,3,6,4,5,4,1,1,1,1
5,30,26,0.0004920991486869752,0,0,3,3,6,2,5,5,1,1,1,1
5,30,27,0.000288085313513875,0,0,3,3,6,3,5,5,1,1,1,1
5,30,29,3.529061723384075e-05,0,0,3,3,6,5,5,5,1,1,1,1
5,30,32,1.6919273548410274e-05,0,0,3,4,6,2,5,2,1,1,1,1
5,30,33,7.206090958788991e-05,0,0,3,4,6,3,5,3,1,1,1,1
5,30,37,0.0003304044366814196,0,0,3,5,6,2,5,2,1,2,1,2
5,30,38,0.00018162702326662838,0,0,3,5,6,3,5,3,1,2,1,2
5,30,39,0.00023638131096959114,0,0,3,5,6,4,5,4,1,2,1,2
5,30,41,0.06535834819078445,0,1,3,6,6,1,5,0,1,0,1,1
5,30,44,0.36277303099632263,0,1,3,6,6,4,5,0,1,0,1,1
5,30,45,0.5604745149612427,0,1,3,6,6,5,5,0,1,0,1,1
5,31,0,0.02373391203582287,0,0,4,1,1,0,1,0,1,2,1,4
5,31,2,0.04921292886137962,0,0,4,3,1,2,1,1,1,1,1,1
5,31,3,0.023251602426171303,0,0,4,3,1,3,1,1,1,1,1,1
5,31,7,0.0045790523290634155,0,0,4,3,1,1,1,2,1,1,1,1
5,31,8,0.06568340212106705,0,0,4,3,1,2,1,2,1,1,1,1
5,31,11,0.18986308574676514,0,0,4,3,1,5,1,2,1,1,1,1
5,31,13,0.0010175846982747316,0,0,4,3,1,1,1,3,1,1,1,1
5,31,14,0.018931584432721138,0,0,4,3,1,2,1,3,1,1,1,1
5,31,16,0.011018314398825169,0,0,4,3,1,4,1,3,1,1,1,1
5,31,17,0.09760478138923645,0,0,4,3,1,5,1,3,1,1,1,1
5,31,19,0.006476080976426601,0,0,4,3,1,1,1,4,1,1,1,1
5,31,20,0.1755751222372055,0,0,4,3,1,2,1,4,1,1,1,1
5,31,22,0.08988647162914276,0,0,4,3,1,4,1,4,1,1,1,1
5,31,26,0.004572771023958921,0,0,4,3,1,2,1,5,1,1,1,1
5,31,27,0.0017553840298205614,0,0,4,3,1,3,1,5,1,1,1,1
5,31,29,0.008215895853936672,0,0,4,3,1,5,1,5,1,1,1,1
5,31,32,0.003354141255840659,0,0,4,4,1,2,1,2,1,1,1,1
5,31,33,0.005116430576890707,0,0,4,4,1,3,1,3,1,1,1,1
5,31,37,0.08840984106063843,0,0,4,5,1,2,1,2,1,2,1,2
5,31,38,0.01067441888153553,0,0,4,5,1,3,1,3,1,2,1,2
5,31,39,0.04084156081080437,0,0,4,5,1,4,1,4,1,2,1,2
5,31,41,8.872134640114382e-05,0,1,4,6,1,1,1,0,1,0,1,1
5,31,44,0.0067254710011184216,0,1,4,6,1,4,1,0,1,0,1,1
5,31,45,0.07341151684522629,0,1,4,6,1,5,1,0,1,0,1,1
5,34,0,0.0012173078721389174,0,0,4,1,4,0,4,0,1,2,1,4
5,34,2,0.011266408488154411,0,0,4,3,4,2,4,1,1,1,1,1
5,34,3,0.016632767394185066,0,0,4,3,4,3,4,1,1,1,1,1
5,34,7,0.0027964473702013493,0,0,4,3,4,1,4,2,1,1,1,1
5,34,8,0.0018033597152680159,0,0,4,3,4,2,4,2,1,1,1,1
5,34,11,0.012435754761099815,0,0,4,3,4,5,4,2,1,1,1,1
5,34,13,0.0038934594485908747,0,0,4,3,4,1,4,3,1,1,1,1
5,34,14,0.0011906293220818043,0,0,4,3,4,2,4,3,1,1,1,1
5,34,16,0.00035415065940469503,0,0,4,3,4,4,4,3,1,1,1,1
5,34,17,0.0048863524571061134,0,0,4,3,4,5,4,3,1,1,1,1
5,34,19,0.0007196033257059753,0,0,4,3,4,1,4,4,1,1,1,1
5,34,20,0.0028984351083636284,0,0,4,3,4,2,4,4,1,1,1,1
5,34,22,0.0016444061184301972,0,0,4,3,4,4,4,4,1,1,1,1
5,34,26,0.001966126263141632,0,0,4,3,4,2,4,5,1,1,1,1
5,34,27,0.005333604756742716,0,0,4,3,4,3,4,5,1,1,1,1
5,34,29,0.0008254951681010425,0,0,4,3,4,5,4,5,1,1,1,1
5,34,32,0.0003043938195332885,0,0,4,4,4,2,4,2,1,1,1,1
5,34,33,0.002148763742297888,0,0,4,4,4,3,4,3,1,1,1,1
5,34,37,0.001401677611283958,0,0,4,5,4,2,4,2,1,2,1,2
5,34,38,0.0014111720956861973,0,0,4,5,4,3,4,3,1,2,1,2
5,34,39,0.002590811811387539,0,0,4,5,4,4,4,4,1,2,1,2
5,34,41,0.012495314702391624,0,1,4,6,4,1,4,0,1,0,1,1
5,34,44,0.03911668807268143,0,1,4,6,4,4,4,0,1,0,1,1
5,34,45,0.8706676363945007,0,1,4,6,4,5,4,0,1,0,1,1
5,35,0,5.862321813765448e-06,0,0,4,1,5,0,5,0,1,2,1,4
5,35,2,0.0011588673805817962,0,0,4,3,5,2,5,1,1,1,1,1
5,35,3,0.0013530475553125143,0,0,4,3,5,3,5,1,1,1,1,1
5,35,7,0.0008554556989111006,0,0,4,3,5,1,5,2,1,1,1,1
5,35,8,0.00030073270318098366,0,0,4,3,5,2,5,2,1,1,1,1
5,35,11,0.00838721264153719,0,0,4,3,5,5,5,2,1,1,1,1
5,35,13,0.00022020495089236647,0,0,4,3,5,1,5,3,1,1,1,1
5,35,14,0.00010881754133151844,0,0,4,3,5,2,5,3,1,1,1,1
5,35,16,8.409161819145083e-05,0,0,4,3,5,4,5,3,1,1,1,1
5,35,17,0.00036427960731089115,0,0,4,3,5,5,5,3,1,1,1,1
5,35,19,7.363066106336191e-05,0,0,4,3,5,1,5,4,1,1,1,1
5,35,20,0.00020697056606877595,0,0,4,3,5,2,5,4,1,1,1,1
5,35,22,0.0005747608374804258,0,0,4,3,5,4,5,4,1,1,1,1
5,35,26,0.00013733564992435277,0,0,4,3,5,2,5,5,1,1,1,1
5,35,27,0.00017887496505863965,0,0,4,3,5,3,5,5,1,1,1,1
5,35,29,0.0003146322851534933,0,0,4,3,5,5,5,5,1,1,1,1
5,35,32,8.751984751143027e-06,0,0,4,4,5,2,5,2,1,1,1,1
5,35,33,1.0453580216562841e-05,0,0,4,4,5,3,5,3,1,1,1,1
5,35,37,0.00015824248839635402,0,0,4,5,5,2,5,2,1,2,1,2
5,35,38,6.20032733422704e-05,0,0,4,5,5,3,5,3,1,2,1,2
5,35,39,0.00031845984631218016,0,0,4,5,5,4,5,4,1,2,1,2
5,35,41,0.006903499830514193,0,1,4,6,5,1,5,0,1,0,1,1
5,35,44,0.01888209953904152,0,1,4,6,5,4,5,0,1,0,1,1
5,35,45,0.9593316912651062,0,1,4,6,5,5,5,0,1,0,1,1
5,36,0,0.01145139615982771,0,0,5,1,1,0,1,0,2,2,2,4
5,36,2,0.015944791957736015,0,0,5,3,1,2,1,1,2,1,2,1
5,36,3,0.007350413594394922,0,0,5,3,1,3,1,1,2,1,2,1
5,36,7,0.0018865610472857952,0,0,5,3,1,1,1,2,2,1,2,1
5,36,8,0.05091550201177597,0,0,5,3,1,2,1,2,2,1,2,1
5,36,11,0.012018708512187004,0,0,5,3,1,5,1,2,2,1,2,1
5,36,13,0.010033919475972652,0,0,5,3,1,1,1,3,2,1,2,1
5,36,14,0.13976390659809113,0,0,5,3,1,2,1,3,2,1,2,1
5,36,16,0.11938508599996567,0,0,5,3,1,4,1,3,2,1,2,1
5,36,17,0.14364126324653625,0,0,5,3,1,5,1,3,2,1,2,1
5,36,19,0.0173749141395092,0,0,5,3,1,1,1,4,2,1,2,1
5,36,20,0.2618078589439392,0,0,5,3,1,2,1,4,2,1,2,1
5,36,22,0.10638964921236038,0,0,5,3,1,4,1,4,2,1,2,1
5,36,26,0.028266040608286858,0,0,5,3,1,2,1,5,2,1,2,1
5,36,27,0.006666466128081083,0,0,5,3,1,3,1,5,2,1,2,1
5,36,29,0.01696433499455452,0,0,5,3,1,5,1,5,2,1,2,1
5,36,32,0.0068765487521886826,0,0,5,4,1,2,1,2,2,1,2,1
5,36,33,0.03288097307085991,0,0,5,4,1,3,1,3,2,1,2,1
5,36,37,0.001280584023334086,0,0,5,5,1,2,1,2,2,2,2,2
5,36,38,0.002044627908617258,0,0,5,5,1,3,1,3,2,2,2,2
5,36,39,0.004116613883525133,0,0,5,5,1,4,1,4,2,2,2,2
5,36,41,0.00011819908831967041,0,1,5,6,1,1,1,0,2,0,2,1
5,36,44,0.0018586673540994525,0,1,5,6,1,4,1,0,2,0,2,1
5,36,45,0.0009626814862713218,0,1,5,6,1,5,1,0,2,0,2,1
5,40,0,0.00028696696972474456,0,0,5,1,5,0,5,0,2,2,2,4
5,40,2,0.0030165319330990314,0,0,5,3,5,2,5,1,2,1,2,1
5,40,3,0.031486816704273224,0,0,5,3,5,3,5,1,2,1,2,1
5,40,7,0.01563214138150215,0,0,5,3,5,1,5,2,2,1,2,1
5,40,8,0.008163808844983578,0,0,5,3,5,2,5,2,2,1,2,1
5,40,11,0.05919164791703224,0,0,5,3,5,5,5,2,2,1,2,1
5,40,13,0.036937493830919266,0,0,5,3,5,1,5,3,2,1,2,1
5,40,14,0.02136634849011898,0,0,5,3,5,2,5,3,2,1,2,1
5,40,16,0.06814239919185638,0,0,5,3,5,4,5,3,2,1,2,1
5,40,17,0.018841935321688652,0,0,5,3,5,5,5,3,2,1,2,1
5,40,19,0.013008832931518555,0,0,5,3,5,1,5,4,2,1,2,1
5,40,20,0.022337010130286217,0,0,5,3,5,2,5,4,2,1,2,1
5,40,22,0.06022283062338829,0,0,5,3,5,4,5,4,2,1,2,1
5,40,26,0.10550267994403839,0,0,5,3,5,2,5,5,2,1,2,1
5,40,27,0.1272575408220291,0,0,5,3,5,3,5,5,2,1,2,1
5,40,29,0.3523216247558594,0,0,5,3,5,5,5,5,2,1,2,1
5,40,32,0.00033448354224674404,0,0,5,4,5,2,5,2,2,1,2,1
5,40,33,0.0024078860878944397,0,0,5,4,5,3,5,3,2,1,2,1
5,40,37,7.703096343902871e-05,0,0,5,5,5,2,5,2,2,2,2,2
5,40,38,0.0015693452442064881,0,0,5,5,5,3,5,3,2,2,2,2
5,40,39,0.003882023738697171,0,0,5,5,5,4,5,4,2,2,2,2
5,40,41,0.017369911074638367,0,1,5,6,5,1,5,0,2,0,2,1
5,40,44,0.0020182619336992502,0,1,5,6,5,4,5,0,2,0,2,1
5,40,45,0.028624266386032104,0,1,5,6,5,5,5,0,2,0,2,1
5,42,0,0.005792647134512663,1,0,6,1,2,0,0,0,0,2,1,4
5,42,2,0.018839891999959946,1,0,6,3,2,2,0,1,0,1,1,1
5,42,3,0.009977084584534168,1,0,6,3,2,3,0,1,0,1,1,1
5,42,7,0.029391298070549965,1,0,6,3,2,1,0,2,0,1,1,1
5,42,8,0.04061040282249451,1,0,6,3,2,2,0,2,0,1,1,1
5,42,11,0.05352849140763283,1,0,6,3,2,5,0,2,0,1,1,1
5,42,13,0.00033197790617123246,1,0,6,3,2,1,0,3,0,1,1,1
5,42,14,0.006227575242519379,1,0,6,3,2,2,0,3,0,1,1,1
5,42,16,0.0041410350240767,1,0,6,3,2,4,0,3,0,1,1,1
5,42,17,0.014676883816719055,1,0,6,3,2,5,0,3,0,1,1,1
5,42,19,0.0060625020414590836,1,0,6,3,2,1,0,4,0,1,1,1
5,42,20,0.007452087476849556,1,0,6,3,2,2,0,4,0,1,1,1
5,42,22,0.012992643751204014,1,0,6,3,2,4,0,4,0,1,1,1
5,42,26,0.006903406232595444,1,0,6,3,2,2,0,5,0,1,1,1
5,42,27,0.002761993557214737,1,0,6,3,2,3,0,5,0,1,1,1
5,42,29,0.02766522951424122,1,0,6,3,2,5,0,5,0,1,1,1
5,42,32,0.0046732621267437935,1,0,6,4,2,2,0,2,0,1,1,1
5,42,33,0.0005743502406403422,1,0,6,4,2,3,0,3,0,1,1,1
5,42,37,0.5105962753295898,1,0,6,5,2,2,0,2,0,2,1,2
5,42,38,0.011485548689961433,1,0,6,5,2,3,0,3,0,2,1,2
5,42,39,0.033351775258779526,1,0,6,5,2,4,0,4,0,2,1,2
5,42,41,0.014544750563800335,1,1,6,6,2,1,0,0,0,0,1,1
5,42,44,0.04022512212395668,1,1,6,6,2,4,0,0,0,0,1,1
5,42,45,0.13719363510608673,1,1,6,6,2,5,0,0,0,0,1,1
5,43,0,1.5232307077894802e-06,1,0,6,1,3,0,0,0,0,2,1,4
5,43,2,0.0006998085882514715,1,0,6,3,3,2,0,1,0,1,1,1
5,43,3,0.00016549191786907613,1,0,6,3,3,3,0,1,0,1,1,1
5,43,7,0.004984075203537941,1,0,6,3,3,1,0,2,0,1,1,1
5,43,8,0.00421342346817255,1,0,6,3,3,2,0,2,0,1,1,1
5,43,11,0.02504001185297966,1,0,6,3,3,5,0,2,0,1,1,1
5,43,13,3.4619511097844224e-06,1,0,6,3,3,1,0,3,0,1,1,1
5,43,14,0.0002751054416876286,1,0,6,3,3,2,0,3,0,1,1,1
5,43,16,0.0003234653559047729,1,0,6,3,3,4,0,3,0,1,1,1
5,43,17,0.0007019066251814365,1,0,6,3,3,5,0,3,0,1,1,1
5,43,19,9.606851381249726e-05,1,0,6,3,3,1,0,4,0,1,1,1
5,43,20,0.00013663391291629523,1,0,6,3,3,2,0,4,0,1,1,1
5,43,22,0.000980941578745842,1,0,6,3,3,4,0,4,0,1,1,1
5,43,26,0.00020866056729573756,1,0,6,3,3,2,0,5,0,1,1,1
5,43,27,3.064586053369567e-05,1,0,6,3,3,3,0,5,0,1,1,1
5,43,29,0.005331385415047407,1,0,6,3,3,5,0,5,0,1,1,1
5,43,32,1.0919286978605669e-05,1,0,6,4,3,2,0,2,0,1,1,1
5,43,33,2.8610836011466745e-07,1,0,6,4,3,3,0,3,0,1,1,1
5,43,37,0.006818241905421019,1,0,6,5,3,2,0,2,0,2,1,2
5,43,38,3.5551645851228386e-05,1,0,6,5,3,3,0,3,0,2,1,2
5,43,39,0.00039962842129170895,1,0,6,5,3,4,0,4,0,2,1,2
5,43,41,0.02118721976876259,1,1,6,6,3,1,0,0,0,0,1,1
5,43,44,0.03555288165807724,1,1,6,6,3,4,0,0,0,0,1,1
5,43,45,0.8928021788597107,1,1,6,6,3,5,0,0,0,0,1,1
5,46,0,0.0008287868113256991,1,0,6,1,6,0,0,0,0,2,1,4
5,46,2,0.0009171016281470656,1,0,6,3,6,2,0,1,0,1,1,1
5,46,3,3.815291711362079e-05,1,0,6,3,6,3,0,1,0,1,1,1
5,46,7,0.001011560671031475,1,0,6,3,6,1,0,2,0,1,1,1
5,46,8,0.007234532851725817,1,0,6,3,6,2,0,2,0,1,1,1
5,46,11,0.005588115192949772,1,0,6,3,6,5,0,2,0,1,1,1
5,46,13,4.462385277292924e-06,1,0,6,3,6,1,0,3,0,1,1,1
5,46,14,9.968860831577331e-05,1,0,6,3,6,2,0,3,0,1,1,1
5,46,16,0.0001719687570584938,1,0,6,3,6,4,0,3,0,1,1,1
5,46,17,0.0001940005604410544,1,0,6,3,6,5,0,3,0,1,1,1
5,46,19,7.308533531613648e-05,1,0,6,3,6,1,0,4,0,1,1,1
5,46,20,0.0003279822994954884,1,0,6,3,6,2,0,4,0,1,1,1
5,46,22,0.0009487821371294558,1,0,6,3,6,4,0,4,0,1,1,1
5,46,26,4.8765763494884595e-05,1,0,6,3,6,2,0,5,0,1,1,1
5,46,27,7.23079722320108e-07,1,0,6,3,6,3,0,5,0,1,1,1
5,46,29,8.112578507279977e-05,1,0,6,3,6,5,0,5,0,1,1,1
5,46,32,5.225187851465307e-05,1,0,6,4,6,2,0,2,0,1,1,1
5,46,33,3.436182112181996e-07,1,0,6,4,6,3,0,3,0,1,1,1
5,46,37,0.8739904761314392,1,0,6,5,6,2,0,2,0,2,1,2
5,46,38,0.00016165069246198982,1,0,6,5,6,3,0,3,0,2,1,2
5,46,39,0.0006349315517581999,1,0,6,5,6,4,0,4,0,2,1,2
5,46,41,0.0006422105361707509,1,1,6,6,6,1,0,0,0,0,1,1
5,46,44,0.05205511674284935,1,1,6,6,6,4,0,0,0,0,1,1
5,46,45,0.05489368364214897,1,1,6,6,6,5,0,0,0,0,1,1
5,47,0,0.40351051092147827,2,0,7,1,0,0,0,0,0,2,4,4
5,47,2,0.0028985771350562572,2,0,7,3,0,2,0,1,0,1,4,1
5,47,3,0.006677290424704552,2,0,7,3,0,3,0,1,0,1,4,1
5,47,7,0.001260876771993935,2,0,7,3,0,1,0,2,0,1,4,1
5,47,8,0.012361668050289154,2,0,7,3,0,2,0,2,0,1,4,1
5,47,11,0.0015859282575547695,2,0,7,3,0,5,0,2,0,1,4,1
5,47,13,0.0015822144923731685,2,0,7,3,0,1,0,3,0,1,4,1
5,47,14,0.00449600862339139,2,0,7,3,0,2,0,3,0,1,4,1
5,47,16,0.0007759540458209813,2,0,7,3,0,4,0,3,0,1,4,1
5,47,17,0.03733273968100548,2,0,7,3,0,5,0,3,0,1,4,1
5,47,19,0.00434706499800086,2,0,7,3,0,1,0,4,0,1,4,1
5,47,20,0.022675538435578346,2,0,7,3,0,2,0,4,0,1,4,1
5,47,22,0.0035865081008523703,2,0,7,3,0,4,0,4,0,1,4,1
5,47,26,0.006574668921530247,2,0,7,3,0,2,0,5,0,1,4,1
5,47,27,0.020947659388184547,2,0,7,3,0,3,0,5,0,1,4,1
5,47,29,0.0011705906363204122,2,0,7,3,0,5,0,5,0,1,4,1
5,47,32,0.0380883663892746,2,0,7,4,0,2,0,2,0,1,4,1
5,47,33,0.3820294141769409,2,0,7,4,0,3,0,3,0,1,4,1
5,47,37,0.018051614984869957,2,0,7,5,0,2,0,2,0,2,4,2
5,47,38,0.021217254921793938,2,0,7,5,0,3,0,3,0,2,4,2
5,47,39,0.007284217979758978,2,0,7,5,0,4,0,4,0,2,4,2
5,47,41,7.863904465921223e-05,2,1,7,6,0,1,0,0,0,0,4,1
5,47,44,0.00017729567480273545,2,1,7,6,0,4,0,0,0,0,4,1
5,47,45,0.0012892254162579775,2,1,7,6,0,5,0,0,0,0,4,1
6,1,0,0.31814077496528625,0,0,3,1,1,0,1,0,1,2,1,4
6,1,3,0.0024044858291745186,0,0,3,3,1,3,1,1,1,1,1,1
6,1,4,0.02114565297961235,0,0,3,3,1,4,1,1,1,1,1,1
6,1,5,0.0029667799826711416,0,0,3,3,1,5,1,1,1,1,1,1
6,1,9,0.0032503895927220583,0,0,3,3,1,3,1,2,1,1,1,1
6,1,11,0.007640024181455374,0,0,3,3,1,5,1,2,1,1,1,1
6,1,12,0.006317913997918367,0,0,3,3,1,6,1,2,1,1,1,1
6,1,14,0.002091903006657958,0,0,3,3,1,2,1,3,1,1,1,1
6,1,16,0.009978403337299824,0,0,3,3,1,4,1,3,1,1,1,1
6,1,17,0.0029849859420210123,0,0,3,3,1,5,1,3,1,1,1,1
6,1,20,0.0006365037988871336,0,0,3,3,1,2,1,4,1,1,1,1
6,1,21,0.0016664681024849415,0,0,3,3,1,3,1,4,1,1,1,1
6,1,22,0.007594085764139891,0,0,3,3,1,4,1,4,1,1,1,1
6,1,25,0.0025545447133481503,0,0,3,3,1,1,1,5,1,1,1,1
6,1,27,0.001913920626975596,0,0,3,3,1,3,1,5,1,1,1,1
6,1,30,0.0015056601259857416,0,0,3,3,1,6,1,5,1,1,1,1
6,1,33,0.0015625058440491557,0,0,3,4,1,3,1,3,1,1,1,1
6,1,34,0.0003394301747903228,0,0,3,4,1,4,1,4,1,1,1,1
6,1,35,0.0013469968689605594,0,0,3,4,1,5,1,5,1,1,1,1
6,1,39,0.006936190649867058,0,0,3,5,1,4,1,4,1,2,1,2
6,1,40,0.1046292632818222,0,0,3,5,1,5,1,5,1,2,1,2
6,1,41,0.1512220948934555,0,1,3,6,1,1,1,0,1,0,1,1
6,1,44,0.23986315727233887,0,1,3,6,1,4,1,0,1,0,1,1
6,1,46,0.10130789875984192,0,1,3,6,1,6,1,0,1,0,1,1
6,2,0,0.03420957550406456,0,0,3,1,2,0,1,0,1,2,1,4
6,2,3,0.007975929416716099,0,0,3,3,2,3,1,1,1,1,1,1
6,2,4,0.01598874293267727,0,0,3,3,2,4,1,1,1,1,1,1
6,2,5,0.0027407892048358917,0,0,3,3,2,5,1,1,1,1,1,1
6,2,9,0.045728910714387894,0,0,3,3,2,3,1,2,1,1,1,1
6,2,11,0.006579031236469746,0,0,3,3,2,5,1,2,1,1,1,1
6,2,12,0.007622765842825174,0,0,3,3,2,6,1,2,1,1,1,1
6,2,14,0.0019259966211393476,0,0,3,3,2,2,1,3,1,1,1,1
6,2,16,0.013901053927838802,0,0,3,3,2,4,1,3,1,1,1,1
6,2,17,0.0017467906000092626,0,0,3,3,2,5,1,3,1,1,1,1
6,2,20,0.0013505533570423722,0,0,3,3,2,2,1,4,1,1,1,1
6,2,21,0.006056651473045349,0,0,3,3,2,3,1,4,1,1,1,1
6,2,22,0.010309924371540546,0,0,3,3,2,4,1,4,1,1,1,1
6,2,25,0.007891293615102768,0,0,3,3,2,1,1,5,1,1,1,1
6,2,27,0.032686904072761536,0,0,3,3,2,3,1,5,1,1,1,1
6,2,30,0.006605424918234348,0,0,3,3,2,6,1,5,1,1,1,1
6,2,33,0.003450420219451189,0,0,3,4,2,3,1,3,1,1,1,1
6,2,34,0.0005630513187497854,0,0,3,4,2,4,1,4,1,1,1,1
6,2,35,0.0010704707819968462,0,0,3,4,2,5,1,5,1,1,1,1
6,2,39,0.002268729032948613,0,0,3,5,2,4,1,4,1,2,1,2
6,2,40,0.011368420906364918,0,0,3,5,2,5,1,5,1,2,1,2
6,2,41,0.15489697456359863,0,1,3,6,2,1,1,0,1,0,1,1
6,2,44,0.5283820033073425,0,1,3,6,2,4,1,0,1,0,1,1
6,2,46,0.09467971324920654,0,1,3,6,2,6,1,0,1,0,1,1
6,6,0,0.3379514813423157,0,0,3,1,6,0,1,0,1,2,1,4
6,6,3,0.010661652311682701,0,0,3,3,6,3,1,1,1,1,1,1
6,6,4,0.01162384171038866,0,0,3,3,6,4,1,1,1,1,1,1
6,6,5,0.009119361639022827,0,0,3,3,6,5,1,1,1,1,1,1
6,6,9,0.20374292135238647,0,0,3,3,6,3,1,2,1,1,1,1
6,6,11,0.06741780042648315,0,0,3,3,6,5,1,2,1,1,1,1
6,6,12,0.067558653652668,0,0,3,3,6,6,1,2,1,1,1,1
6,6,14,0.010537548922002316,0,0,3,3,6,2,1,3,1,1,1,1
6,6,16,0.020450003445148468,0,0,3,3,6,4,1,3,1,1,1,1
6,6,17,0.009639703668653965,0,0,3,3,6,5,1,3,1,1,1,1
6,6,20,0.006675759796053171,0,0,3,3,6,2,1,4,1,1,1,1
6,6,21,0.009925085119903088,0,0,3,3,6,3,1,4,1,1,1,1
6,6,22,0.01926194131374359,0,0,3,3,6,4,1,4,1,1,1,1
6,6,25,0.03693411871790886,0,0,3,3,6,1,1,5,1,1,1,1
6,6,27,0.0343877412378788,0,0,3,3,6,3,1,5,1,1,1,1
6,6,30,0.023691605776548386,0,0,3,3,6,6,1,5,1,1,1,1
6,6,33,0.007942027412354946,0,0,3,4,6,3,1,3,1,1,1,1
6,6,34,0.0016600745730102062,0,0,3,4,6,4,1,4,1,1,1,1
6,6,35,0.005505526438355446,0,0,3,4,6,5,1,5,1,1,1,1
6,6,39,0.011425263248383999,0,0,3,5,6,4,1,4,1,2,1,2
6,6,40,0.04919835552573204,0,0,3,5,6,5,1,5,1,2,1,2
6,6,41,0.020665055140852928,0,1,3,6,6,1,1,0,1,0,1,1
6,6,44,0.013878858648240566,0,1,3,6,6,4,1,0,1,0,1,1
6,6,46,0.010145917534828186,0,1,3,6,6,6,1,0,1,0,1,1
6,7,0,0.38627761602401733,0,0,3,1,1,0,2,0,1,2,1,4
6,7,3,5.4838601499795914e-05,0,0,3,3,1,3,2,1,1,1,1,1
6,7,4,0.0005670624086633325,0,0,3,3,1,4,2,1,1,1,1,1
6,7,5,3.546985317370854e-05,0,0,3,3,1,5,2,1,1,1,1,1
6,7,9,0.00024370253959205002,0,0,3,3,1,3,2,2,1,1,1,1
6,7,11,3.8403090002248064e-05,0,0,3,3,1,5,2,2,1,1,1,1
6,7,12,4.210236147628166e-05,0,0,3,3,1,6,2,2,1,1,1,1
6,7,14,7.579570228699595e-05,0,0,3,3,1,2,2,3,1,1,1,1
6,7,16,0.0006984553765505552,0,0,3,3,1,4,2,3,1,1,1,1
6,7,17,0.00036783688119612634,0,0,3,3,1,5,2,3,1,1,1,1
6,7,20,0.00011630135122686625,0,0,3,3,1,2,2,4,1,1,1,1
6,7,21,6.0242415202083066e-05,0,0,3,3,1,3,2,4,1,1,1,1
6,7,22,0.00017977910465560853,0,0,3,3,1,4,2,4,1,1,1,1
6,7,25,0.0001681207213550806,0,0,3,3,1,1,2,5,1,1,1,1
6,7,27,0.0012077235151082277,0,0,3,3,1,3,2,5,1,1,1,1
6,7,30,0.00029451726004481316,0,0,3,3,1,6,2,5,1,1,1,1
6,7,33,0.002788382116705179,0,0,3,4,1,3,2,3,1,1,1,1
6,7,34,0.00028103412478230894,0,0,3,4,1,4,2,4,1,1,1,1
6,7,35,0.001078165601938963,0,0,3,4,1,5,2,5,1,1,1,1
6,7,39,0.0023974820505827665,0,0,3,5,1,4,2,4,1,2,1,2
6,7,40,0.4515312612056732,0,0,3,5,1,5,2,5,1,2,1,2
6,7,41,0.016667678952217102,0,1,3,6,1,1,2,0,1,0,1,1
6,7,44,0.10358448326587677,0,1,3,6,1,4,2,0,1,0,1,1
6,7,46,0.03124314546585083,0,1,3,6,1,6,2,0,1,0,1,1
6,8,0,0.01516020018607378,0,0,3,1,2,0,2,0,1,2,1,4
6,8,3,0.001992038218304515,0,0,3,3,2,3,2,1,1,1,1,1
6,8,4,0.003172870958223939,0,0,3,3,2,4,2,1,1,1,1,1
6,8,5,0.0009771771728992462,0,0,3,3,2,5,2,1,1,1,1,1
6,8,9,0.005527874454855919,0,0,3,3,2,3,2,2,1,1,1,1
6,8,11,0.0011831746669486165,0,0,3,3,2,5,2,2,1,1,1,1
6,8,12,0.001809283159673214,0,0,3,3,2,6,2,2,1,1,1,1
6,8,14,0.0030310165602713823,0,0,3,3,2,2,2,3,1,1,1,1
6,8,16,0.0050187064334750175,0,0,3,3,2,4,2,3,1,1,1,1
6,8,17,0.0028540147468447685,0,0,3,3,2,5,2,3,1,1,1,1
6,8,20,0.0021031652577221394,0,0,3,3,2,2,2,4,1,1,1,1
6,8,21,0.0028892545960843563,0,0,3,3,2,3,2,4,1,1,1,1
6,8,22,0.0012408262118697166,0,0,3,3,2,4,2,4,1,1,1,1
6,8,25,0.00454593263566494,0,0,3,3,2,1,2,5,1,1,1,1
6,8,27,0.039101213216781616,0,0,3,3,2,3,2,5,1,1,1,1
6,8,30,0.001068601617589593,0,0,3,3,2,6,2,5,1,1,1,1
6,8,33,0.007223875727504492,0,0,3,4,2,3,2,3,1,1,1,1
6,8,34,0.00043188012205064297,0,0,3,4,2,4,2,4,1,1,1,1
6,8,35,0.001966742565855384,0,0,3,4,2,5,2,5,1,1,1,1
6,8,39,0.0013535141479223967,0,0,3,5,2,4,2,4,1,2,1,2
6,8,40,0.018021728843450546,0,0,3,5,2,5,2,5,1,2,1,2
6,8,41,0.0843886286020279,0,1,3,6,2,1,2,0,1,0,1,1
6,8,44,0.6908349990844727,0,1,3,6,2,4,2,0,1,0,1,1
6,8,46,0.10410331934690475,0,1,3,6,2,6,2,0,1,0,1,1
6,10,0,0.035145364701747894,0,0,3,1,4,0,2,0,1,2,1,4
6,10,3,7.192717816906224e-07,0,0,3,3,4,3,2,1,1,1,1,1
6,10,4,9.204946763929911e-06,0,0,3,3,4,4,2,1,1,1,1,1
6,10,5,7.448878022842109e-06,0,0,3,3,4,5,2,1,1,1,1,1
6,10,9,1.5256513506756164e-05,0,0,3,3,4,3,2,2,1,1,1,1
6,10,11,4.382074166642269e-06,0,0,3,3,4,5,2,2,1,1,1,1
6,10,12,3.581917189876549e-05,0,0,3,3,4,6,2,2,1,1,1,1
6,10,14,0.00011069052561651915,0,0,3,3,4,2,2,3,1,1,1,1
6,10,16,0.00010886007657973096,0,0,3,3,4,4,2,3,1,1,1,1
6,10,17,5.4253054258879274e-05,0,0,3,3,4,5,2,3,1,1,1,1
6,10,20,1.1017695214832202e-05,0,0,3,3,4,2,2,4,1,1,1,1
6,10,21,7.5529269452090375e-06,0,0,3,3,4,3,2,4,1,1,1,1
6,10,22,4.254844952811254e-06,0,0,3,3,4,4,2,4,1,1,1,1
6,10,25,8.650459676573519e-06,0,0,3,3,4,1,2,5,1,1,1,1
6,10,27,7.291105703188805e-06,0,0,3,3,4,3,2,5,1,1,1,1
6,10,30,5.163453806744656e-06,0,0,3,3,4,6,2,5,1,1,1,1
6,10,33,9.070555825019255e-05,0,0,3,4,4,3,2,3,1,1,1,1
6,10,34,3.222099621780217e-05,0,0,3,4,4,4,2,4,1,1,1,1
6,10,35,5.057327598478878e-06,0,0,3,4,4,5,2,5,1,1,1,1
6,10,39,0.0006443728343583643,0,0,3,5,4,4,2,4,1,2,1,2
6,10,40,0.000639347534161061,0,0,3,5,4,5,2,5,1,2,1,2
6,10,41,0.09028183668851852,0,1,3,6,4,1,2,0,1,0,1,1
6,10,44,0.6683255434036255,0,1,3,6,4,4,2,0,1,0,1,1
6,10,46,0.20444536209106445,0,1,3,6,4,6,2,0,1,0,1,1
6,13,0,0.007069380488246679,0,0,3,1,1,0,3,0,1,2,1,4
6,13,3,0.0021520350128412247,0,0,3,3,1,3,3,1,1,1,1,1
6,13,4,0.002288251416757703,0,0,3,3,1,4,3,1,1,1,1,1
6,13,5,0.0012392525095492601,0,0,3,3,1,5,3,1,1,1,1,1
6,13,9,0.0029395068995654583,0,0,3,3,1,3,3,2,1,1,1,1
6,13,11,0.002139918738976121,0,0,3,3,1,5,3,2,1,1,1,1
6,13,12,0.0010723973391577601,0,0,3,3,1,6,3,2,1,1,1,1
6,13,14,0.0012191417627036572,0,0,3,3,1,2,3,3,1,1,1,1
6,13,16,0.005503447726368904,0,0,3,3,1,4,3,3,1,1,1,1
6,13,17,0.0009462754242122173,0,0,3,3,1,5,3,3,1,1,1,1
6,13,20,0.0002280446351505816,0,0,3,3,1,2,3,4,1,1,1,1
6,13,21,0.002174302004277706,0,0,3,3,1,3,3,4,1,1,1,1
6,13,22,0.0007867197855375707,0,0,3,3,1,4,3,4,1,1,1,1
6,13,25,0.0008374176686629653,0,0,3,3,1,1,3,5,1,1,1,1
6,13,27,0.005705112591385841,0,0,3,3,1,3,3,5,1,1,1,1
6,13,30,0.00033787611755542457,0,0,3,3,1,6,3,5,1,1,1,1
6,13,33,0.0009587378008291125,0,0,3,4,1,3,3,3,1,1,1,1
6,13,34,6.944627239136025e-05,0,0,3,4,1,4,3,4,1,1,1,1
6,13,35,0.0003645854885689914,0,0,3,4,1,5,3,5,1,1,1,1
6,13,39,0.00023388673434965312,0,0,3,5,1,4,3,4,1,2,1,2
6,13,40,0.0010147473076358438,0,0,3,5,1,5,3,5,1,2,1,2
6,13,41,0.04879298806190491,0,1,3,6,1,1,3,0,1,0,1,1
6,13,44,0.8917385935783386,0,1,3,6,1,4,3,0,1,0,1,1
6,13,46,0.020187849178910255,0,1,3,6,1,6,3,0,1,0,1,1
6,15,0,0.410988986492157,0,0,3,1,3,0,3,0,1,2,1,4
6,15,3,0.0026876486372202635,0,0,3,3,3,3,3,1,1,1,1,1
6,15,4,0.007637438829988241,0,0,3,3,3,4,3,1,1,1,1,1
6,15,5,0.0034456239081919193,0,0,3,3,3,5,3,1,1,1,1,1
6,15,9,0.18269477784633636,0,0,3,3,3,3,3,2,1,1,1,1
6,15,11,0.014694842509925365,0,0,3,3,3,5,3,2,1,1,1,1
6,15,12,0.042771026492118835,0,0,3,3,3,6,3,2,1,1,1,1
6,15,14,0.009544886648654938,0,0,3,3,3,2,3,3,1,1,1,1
6,15,16,0.018632449209690094,0,0,3,3,3,4,3,3,1,1,1,1
6,15,17,0.008154024370014668,0,0,3,3,3,5,3,3,1,1,1,1
6,15,20,0.0025126312393695116,0,0,3,3,3,2,3,4,1,1,1,1
6,15,21,0.006782165728509426,0,0,3,3,3,3,3,4,1,1,1,1
6,15,22,0.01672402024269104,0,0,3,3,3,4,3,4,1,1,1,1
6,15,25,0.058735668659210205,0,0,3,3,3,1,3,5,1,1,1,1
6,15,27,0.022010259330272675,0,0,3,3,3,3,3,5,1,1,1,1
6,15,30,0.02241555228829384,0,0,3,3,3,6,3,5,1,1,1,1
6,15,33,0.006863116752356291,0,0,3,4,3,3,3,3,1,1,1,1
6,15,34,0.0031644701957702637,0,0,3,4,3,4,3,4,1,1,1,1
6,15,35,0.0025746398605406284,0,0,3,4,3,5,3,5,1,1,1,1
6,15,39,0.014400080777704716,0,0,3,5,3,4,3,4,1,2,1,2
6,15,40,0.009366802871227264,0,0,3,5,3,5,3,5,1,2,1,2
6,15,41,0.02462470903992653,0,1,3,6,3,1,3,0,1,0,1,1
6,15,44,0.07084698230028152,0,1,3,6,3,4,3,0,1,0,1,1
6,15,46,0.037727240473032,0,1,3,6,3,6,3,0,1,0,1,1
6,18,0,0.24896171689033508,0,0,3,1,6,0,3,0,1,2,1,4
6,18,3,0.022808505222201347,0,0,3,3,6,3,3,1,1,1,1,1
6,18,4,0.00947397481650114,0,0,3,3,6,4,3,1,1,1,1,1
6,18,5,0.026028169319033623,0,0,3,3,6,5,3,1,1,1,1,1
6,18,9,0.13042493164539337,0,0,3,3,6,3,3,2,1,1,1,1
6,18,11,0.06093095242977142,0,0,3,3,6,5,3,2,1,1,1,1
6,18,12,0.053649917244911194,0,0,3,3,6,6,3,2,1,1,1,1
6,18,14,0.049051251262426376,0,0,3,3,6,2,3,3,1,1,1,1
6,18,16,0.02071435935795307,0,0,3,3,6,4,3,3,1,1,1,1
6,18,17,0.0347038209438324,0,0,3,3,6,5,3,3,1,1,1,1
6,18,20,0.015909584239125252,0,0,3,3,6,2,3,4,1,1,1,1
6,18,21,0.01839432865381241,0,0,3,3,6,3,3,4,1,1,1,1
6,18,22,0.012170267291367054,0,0,3,3,6,4,3,4,1,1,1,1
6,18,25,0.14723747968673706,0,0,3,3,6,1,3,5,1,1,1,1
6,18,27,0.0762985497713089,0,0,3,3,6,3,3,5,1,1,1,1
6,18,30,0.013301012106239796,0,0,3,3,6,6,3,5,1,1,1,1
6,18,33,0.012008032761514187,0,0,3,4,6,3,3,3,1,1,1,1
6,18,34,0.0008259831229224801,0,0,3,4,6,4,3,4,1,1,1,1
6,18,35,0.01227467879652977,0,0,3,4,6,5,3,5,1,1,1,1
6,18,39,0.0021903994493186474,0,0,3,5,6,4,3,4,1,2,1,2
6,18,40,0.0054448130540549755,0,0,3,5,6,5,3,5,1,2,1,2
6,18,41,0.008169900625944138,0,1,3,6,6,1,3,0,1,0,1,1
6,18,44,0.014418969862163067,0,1,3,6,6,4,3,0,1,0,1,1
6,18,46,0.004608688410371542,0,1,3,6,6,6,3,0,1,0,1,1
6,19,0,0.4104817807674408,0,0,3,1,1,0,4,0,1,2,1,4
6,19,3,2.5312245270470157e-05,0,0,3,3,1,3,4,1,1,1,1,1
6,19,4,8.243160846177489e-05,0,0,3,3,1,4,4,1,1,1,1,1
6,19,5,6.357189704431221e-05,0,0,3,3,1,5,4,1,1,1,1,1
6,19,9,0.0001263530575670302,0,0,3,3,1,3,4,2,1,1,1,1
6,19,11,7.193433702923357e-05,0,0,3,3,1,5,4,2,1,1,1,1
6,19,12,0.00014443749387282878,0,0,3,3,1,6,4,2,1,1,1,1
6,19,14,0.0002082006394630298,0,0,3,3,1,2,4,3,1,1,1,1
6,19,16,0.0006237615598365664,0,0,3,3,1,4,4,3,1,1,1,1
6,19,17,0.00011199850996490568,0,0,3,3,1,5,4,3,1,1,1,1
6,19,20,1.0832501175173093e-05,0,0,3,3,1,2,4,4,1,1,1,1
6,19,21,4.5467488234862685e-05,0,0,3,3,1,3,4,4,1,1,1,1
6,19,22,2.168223181797657e-05,0,0,3,3,1,4,4,4,1,1,1,1
6,19,25,3.382298746146262e-05,0,0,3,3,1,1,4,5,1,1,1,1
6,19,27,6.489941733889282e-05,0,0,3,3,1,3,4,5,1,1,1,1
6,19,30,2.264122485939879e-05,0,0,3,3,1,6,4,5,1,1,1,1
6,19,33,0.0001583966368343681,0,0,3,4,1,3,4,3,1,1,1,1
6,19,34,4.882057510258164e-06,0,0,3,4,1,4,4,4,1,1,1,1
6,19,35,2.144775316992309e-05,0,0,3,4,1,5,4,5,1,1,1,1
6,19,39,0.00018188945250585675,0,0,3,5,1,4,4,4,1,2,1,2
6,19,40,0.0010277421679347754,0,0,3,5,1,5,4,5,1,2,1,2
6,19,41,0.027397241443395615,0,1,3,6,1,1,4,0,1,0,1,1
6,19,44,0.5262506604194641,0,1,3,6,1,4,4,0,1,0,1,1
6,19,46,0.0328187495470047,0,1,3,6,1,6,4,0,1,0,1,1
6,23,0,0.029598938301205635,0,0,3,1,5,0,4,0,1,2,1,4
6,23,3,0.007106330245733261,0,0,3,3,5,3,4,1,1,1,1,1
6,23,4,0.010479716584086418,0,0,3,3,5,4,4,1,1,1,1,1
6,23,5,0.019227629527449608,0,0,3,3,5,5,4,1,1,1,1,1
6,23,9,0.12878380715847015,0,0,3,3,5,3,4,2,1,1,1,1
6,23,11,0.02952660247683525,0,0,3,3,5,5,4,2,1,1,1,1
6,23,12,0.08943808823823929,0,0,3,3,5,6,4,2,1,1,1,1
6,23,14,0.030354658141732216,0,0,3,3,5,2,4,3,1,1,1,1
6,23,16,0.023374663665890694,0,0,3,3,5,4,4,3,1,1,1,1
6,23,17,0.01791776902973652,0,0,3,3,5,5,4,3,1,1,1,1
6,23,20,0.005967106204479933,0,0,3,3,5,2,4,4,1,1,1,1
6,23,21,0.01894528977572918,0,0,3,3,5,3,4,4,1,1,1,1
6,23,22,0.009183121845126152,0,0,3,3,5,4,4,4,1,1,1,1
6,23,25,0.047759268432855606,0,0,3,3,5,1,4,5,1,1,1,1
6,23,27,0.11678381264209747,0,0,3,3,5,3,4,5,1,1,1,1
6,23,30,0.007590564899146557,0,0,3,3,5,6,4,5,1,1,1,1
6,23,33,0.018126564100384712,0,0,3,4,5,3,4,3,1,1,1,1
6,23,34,0.0012832091888412833,0,0,3,4,5,4,4,4,1,1,1,1
6,23,35,0.005250717978924513,0,0,3,4,5,5,4,5,1,1,1,1
6,23,39,0.002804167801514268,0,0,3,5,5,4,4,4,1,2,1,2
6,23,40,0.008567627519369125,0,0,3,5,5,5,4,5,1,2,1,2
6,23,41,0.1092296689748764,0,1,3,6,5,1,4,0,1,0,1,1
6,23,44,0.21236714720726013,0,1,3,6,5,4,4,0,1,0,1,1
6,23,46,0.05033360421657562,0,1,3,6,5,6,4,0,1,0,1,1
6,24,0,0.9161217212677002,0,0,3,1,6,0,4,0,1,2,1,4
6,24,3,4.984311090083793e-05,0,0,3,3,6,3,4,1,1,1,1,1
6,24,4,0.0002073720097541809,0,0,3,3,6,4,4,1,1,1,1,1
6,24,5,0.00021920954168308526,0,0,3,3,6,5,4,1,1,1,1,1
6,24,9,0.0014443198451772332,0,0,3,3,6,3,4,2,1,1,1,1
6,24,11,0.00022562233789358288,0,0,3,3,6,5,4,2,1,1,1,1
6,24,12,0.0017582173459231853,0,0,3,3,6,6,4,2,1,1,1,1
6,24,14,0.0015063820173963904,0,0,3,3,6,2,4,3,1,1,1,1
6,24,16,0.0012081407476216555,0,0,3,3,6,4,4,3,1,1,1,1
6,24,17,0.0007878473261371255,0,0,3,3,6,5,4,3,1,1,1,1
6,24,20,8.506691665388644e-05,0,0,3,3,6,2,4,4,1,1,1,1
6,24,21,0.00018687860574573278,0,0,3,3,6,3,4,4,1,1,1,1
6,24,22,0.0001490321010351181,0,0,3,3,6,4,4,4,1,1,1,1
6,24,25,0.0007432473939843476,0,0,3,3,6,1,4,5,1,1,1,1
6,24,27,0.00020731761469505727,0,0,3,3,6,3,4,5,1,1,1,1
6,24,30,0.0002434239286230877,0,0,3,3,6,6,4,5,1,1,1,1
6,24,33,0.0008270409307442605,0,0,3,4,6,3,4,3,1,1,1,1
6,24,34,7.783034379826859e-05,0,0,3,4,6,4,4,4,1,1,1,1
6,24,35,8.739991608308628e-05,0,0,3,4,6,5,4,5,1,1,1,1
6,24,39,0.0022235936485230923,0,0,3,5,6,4,4,4,1,2,1,2
6,24,40,0.0008590150391682982,0,0,3,5,6,5,4,5,1,2,1,2
6,24,41,0.006997179239988327,0,1,3,6,6,1,4,0,1,0,1,1
6,24,44,0.04347755014896393,0,1,3,6,6,4,4,0,1,0,1,1
6,24,46,0.020306631922721863,0,1,3,6,6,6,4,0,1,0,1,1
6,26,0,0.20466436445713043,0,0,3,1,2,0,5,0,1,2,1,4
6,26,3,0.004525422118604183,0,0,3,3,2,3,5,1,1,1,1,1
6,26,4,0.001901522045955062,0,0,3,3,2,4,5,1,1,1,1,1
6,26,5,0.0032815709710121155,0,0,3,3,2,5,5,1,1,1,1,1
6,26,9,0.036013163626194,0,0,3,3,2,3,5,2,1,1,1,1
6,26,11,0.004709882196038961,0,0,3,3,2,5,5,2,1,1,1,1
6,26,12,0.005809210240840912,0,0,3,3,2,6,5,2,1,1,1,1
6,26,14,0.017022479325532913,0,0,3,3,2,2,5,3,1,1,1,1
6,26,16,0.01344761997461319,0,0,3,3,2,4,5,3,1,1,1,1
6,26,17,0.01981915906071663,0,0,3,3,2,5,5,3,1,1,1,1
6,26,20,0.009940758347511292,0,0,3,3,2,2,5,4,1,1,1,1
6,26,21,0.009113523177802563,0,0,3,3,2,3,5,4,1,1,1,1
6,26,22,0.0013996195048093796,0,0,3,3,2,4,5,4,1,1,1,1
6,26,25,0.021337922662496567,0,0,3,3,2,1,5,5,1,1,1,1
6,26,27,0.22113272547721863,0,0,3,3,2,3,5,5,1,1,1,1
6,26,30,0.0033607413060963154,0,0,3,3,2,6,5,5,1,1,1,1
6,26,33,0.05993586778640747,0,0,3,4,2,3,5,3,1,1,1,1
6,26,34,0.0011285291984677315,0,0,3,4,2,4,5,4,1,1,1,1
6,26,35,0.01535105425864458,0,0,3,4,2,5,5,5,1,1,1,1
6,26,39,0.0021317191421985626,0,0,3,5,2,4,5,4,1,2,1,2
6,26,40,0.032614316791296005,0,0,3,5,2,5,5,5,1,2,1,2
6,26,41,0.030269168317317963,0,1,3,6,2,1,5,0,1,0,1,1
6,26,44,0.261516809463501,0,1,3,6,2,4,5,0,1,0,1,1
6,26,46,0.0195729099214077,0,1,3,6,2,6,5,0,1,0,1,1
6,28,0,0.013610471971333027,0,0,3,1,4,0,5,0,1,2,1,4
6,28,3,0.004786753561347723,0,0,3,3,4,3,5,1,1,1,1,1
6,28,4,0.0003964091883972287,0,0,3,3,4,4,5,1,1,1,1,1
6,28,5,0.015973573550581932,0,0,3,3,4,5,5,1,1,1,1,1
6,28,9,0.13184557855129242,0,0,3,3,4,3,5,2,1,1,1,1
6,28,11,0.10931792110204697,0,0,3,3,4,5,5,2,1,1,1,1
6,28,12,0.06519739329814911,0,0,3,3,4,6,5,2,1,1,1,1
6,28,14,0.16534166038036346,0,0,3,3,4,2,5,3,1,1,1,1
6,28,16,0.012077147141098976,0,0,3,3,4,4,5,3,1,1,1,1
6,28,17,0.05430430546402931,0,0,3,3,4,5,5,3,1,1,1,1
6,28,20,0.10153351724147797,0,0,3,3,4,2,5,4,1,1,1,1
6,28,21,0.027283595874905586,0,0,3,3,4,3,5,4,1,1,1,1
6,28,22,0.0021227302495390177,0,0,3,3,4,4,5,4,1,1,1,1
6,28,25,0.07057933509349823,0,0,3,3,4,1,5,5,1,1,1,1
6,28,27,0.12221045792102814,0,0,3,3,4,3,5,5,1,1,1,1
6,28,30,0.0050288052298128605,0,0,3,3,4,6,5,5,1,1,1,1
6,28,33,0.017874088138341904,0,0,3,4,4,3,5,3,1,1,1,1
6,28,34,0.0050386544317007065,0,0,3,4,4,4,5,4,1,1,1,1
6,28,35,0.025693900883197784,0,0,3,4,4,5,5,5,1,1,1,1
6,28,39,0.0008410199661739171,0,0,3,5,4,4,5,4,1,2,1,2
6,28,40,0.002431929809972644,0,0,3,5,4,5,5,5,1,2,1,2
6,28,41,0.02042953483760357,0,1,3,6,4,1,5,0,1,0,1,1
6,28,44,0.022637326270341873,0,1,3,6,4,4,5,0,1,0,1,1
6,28,46,0.0034438755828887224,0,1,3,6,4,6,5,0,1,0,1,1
6,29,0,0.051384955644607544,0,0,3,1,5,0,5,0,1,2,1,4
6,29,3,0.0014650507364422083,0,0,3,3,5,3,5,1,1,1,1,1
6,29,4,0.0012221848592162132,0,0,3,3,5,4,5,1,1,1,1,1
6,29,5,0.004137195646762848,0,0,3,3,5,5,5,1,1,1,1,1
6,29,9,0.18201321363449097,0,0,3,3,5,3,5,2,1,1,1,1
6,29,11,0.02223142422735691,0,0,3,3,5,5,5,2,1,1,1,1
6,29,12,0.04704653471708298,0,0,3,3,5,6,5,2,1,1,1,1
6,29,14,0.026621252298355103,0,0,3,3,5,2,5,3,1,1,1,1
6,29,16,0.0059547750279307365,0,0,3,3,5,4,5,3,1,1,1,1
6,29,17,0.028334911912679672,0,0,3,3,5,5,5,3,1,1,1,1
6,29,20,0.030812548473477364,0,0,3,3,5,2,5,4,1,1,1,1
6,29,21,0.005350166000425816,0,0,3,3,5,3,5,4,1,1,1,1
6,29,22,0.005195141304284334,0,0,3,3,5,4,5,4,1,1,1,1
6,29,25,0.2138260006904602,0,0,3,3,5,1,5,5,1,1,1,1
6,29,27,0.18244591355323792,0,0,3,3,5,3,5,5,1,1,1,1
6,29,30,0.02499440126121044,0,0,3,3,5,6,5,5,1,1,1,1
6,29,33,0.03163322061300278,0,0,3,4,5,3,5,3,1,1,1,1
6,29,34,0.008384805172681808,0,0,3,4,5,4,5,4,1,1,1,1
6,29,35,0.03962362930178642,0,0,3,4,5,5,5,5,1,1,1,1
6,29,39,0.005879979580640793,0,0,3,5,5,4,5,4,1,2,1,2
6,29,40,0.07642343640327454,0,0,3,5,5,5,5,5,1,2,1,2
6,29,41,0.0020015835762023926,0,1,3,6,5,1,5,0,1,0,1,1
6,29,44,0.001153846736997366,0,1,3,6,5,4,5,0,1,0,1,1
6,29,46,0.001864020829088986,0,1,3,6,5,6,5,0,1,0,1,1
6,31,0,0.020370690152049065,0,0,4,1,1,0,1,0,1,2,1,4
6,31,3,0.01667126640677452,0,0,4,3,1,3,1,1,1,1,1,1
6,31,4,0.011814293451607227,0,0,4,3,1,4,1,1,1,1,1,1
6,31,5,0.012365414761006832,0,0,4,3,1,5,1,1,1,1,1,1
6,31,9,0.012248259037733078,0,0,4,3,1,3,1,2,1,1,1,1
6,31,11,0.040066830813884735,0,0,4,3,1,5,1,2,1,1,1,1
6,31,12,0.010944661684334278,0,0,4,3,1,6,1,2,1,1,1,1
6,31,14,0.008712944574654102,0,0,4,3,1,2,1,3,1,1,1,1
6,31,16,0.02467789314687252,0,0,4,3,1,4,1,3,1,1,1,1
6,31,17,0.006997049320489168,0,0,4,3,1,5,1,3,1,1,1,1
6,31,20,0.004832018166780472,0,0,4,3,1,2,1,4,1,1,1,1
6,31,21,0.012517797760665417,0,0,4,3,1,3,1,4,1,1,1,1
6,31,22,0.005714044906198978,0,0,4,3,1,4,1,4,1,1,1,1
6,31,25,0.0039085811004042625,0,0,4,3,1,1,1,5,1,1,1,1
6,31,27,0.023130103945732117,0,0,4,3,1,3,1,5,1,1,1,1
6,31,30,0.0023226775228977203,0,0,4,3,1,6,1,5,1,1,1,1
6,31,33,0.005288478918373585,0,0,4,4,1,3,1,3,1,1,1,1
6,31,34,0.0007381179020740092,0,0,4,4,1,4,1,4,1,1,1,1
6,31,35,0.004828962031751871,0,0,4,4,1,5,1,5,1,1,1,1
6,31,39,0.0020844144746661186,0,0,4,5,1,4,1,4,1,2,1,2
6,31,40,0.029804777354002,0,0,4,5,1,5,1,5,1,2,1,2
6,31,41,0.2046627700328827,0,1,4,6,1,1,1,0,1,0,1,1
6,31,44,0.49971282482147217,0,1,4,6,1,4,1,0,1,0,1,1
6,31,46,0.03558488190174103,0,1,4,6,1,6,1,0,1,0,1,1
6,32,0,1.1834479664685205e-05,0,0,4,1,2,0,2,0,1,2,1,4
6,32,3,0.016432631760835648,0,0,4,3,2,3,2,1,1,1,1,1
6,32,4,0.002749851904809475,0,0,4,3,2,4,2,1,1,1,1,1
6,32,5,0.001304363482631743,0,0,4,3,2,5,2,1,1,1,1,1
6,32,9,0.018301179632544518,0,0,4,3,2,3,2,2,1,1,1,1
6,32,11,0.002262374386191368,0,0,4,3,2,5,2,2,1,1,1,1
6,32,12,0.0007786131463944912,0,0,4,3,2,6,2,2,1,1,1,1
6,32,14,0.0008642785833217204,0,0,4,3,2,2,2,3,1,1,1,1
6,32,16,0.002589067444205284,0,0,4,3,2,4,2,3,1,1,1,1
6,32,17,0.0010232820641249418,0,0,4,3,2,5,2,3,1,1,1,1
6,32,20,0.0039028648752719164,0,0,4,3,2,2,2,4,1,1,1,1
6,32,21,0.01297410111874342,0,0,4,3,2,3,2,4,1,1,1,1
6,32,22,0.0014195801923051476,0,0,4,3,2,4,2,4,1,1,1,1
6,32,25,0.00366173661313951,0,0,4,3,2,1,2,5,1,1,1,1
6,32,27,0.8909634351730347,0,0,4,3,2,3,2,5,1,1,1,1
6,32,30,0.001457291655242443,0,0,4,3,2,6,2,5,1,1,1,1
6,32,33,0.01152554340660572,0,0,4,4,2,3,2,3,1,1,1,1
6,32,34,0.0006227846024557948,0,0,4,4,2,4,2,4,1,1,1,1
6,32,35,0.005568741820752621,0,0,4,4,2,5,2,5,1,1,1,1
6,32,39,6.266700802370906e-05,0,0,4,5,2,4,2,4,1,2,1,2
6,32,40,0.0019545184914022684,0,0,4,5,2,5,2,5,1,2,1,2
6,32,41,0.0026954615022987127,0,1,4,6,2,1,2,0,1,0,1,1
6,32,44,0.016325829550623894,0,1,4,6,2,4,2,0,1,0,1,1
6,32,46,0.0005483216373249888,0,1,4,6,2,6,2,0,1,0,1,1
6,36,0,0.0027404972352087498,0,0,5,1,1,0,1,0,2,2,2,4
6,36,3,0.00753966998308897,0,0,5,3,1,3,1,1,2,1,2,1
6,36,4,0.0008072429918684065,0,0,5,3,1,4,1,1,2,1,2,1
6,36,5,0.0007932022563181818,0,0,5,3,1,5,1,1,2,1,2,1
6,36,9,0.0001385059003951028,0,0,5,3,1,3,1,2,2,1,2,1
6,36,11,8.634890400571749e-05,0,0,5,3,1,5,1,2,2,1,2,1
6,36,12,1.7514721548650414e-05,0,0,5,3,1,6,1,2,2,1,2,1
6,36,14,0.0004780258459504694,0,0,5,3,1,2,1,3,2,1,2,1
6,36,16,0.0026286602951586246,0,0,5,3,1,4,1,3,2,1,2,1
6,36,17,0.0007516940240748227,0,0,5,3,1,5,1,3,2,1,2,1
6,36,20,0.00011389497376512736,0,0,5,3,1,2,1,4,2,1,2,1
6,36,21,0.0009139023022726178,0,0,5,3,1,3,1,4,2,1,2,1
6,36,22,8.631318632978946e-05,0,0,5,3,1,4,1,4,2,1,2,1
6,36,25,0.00017843236855696887,0,0,5,3,1,1,1,5,2,1,2,1
6,36,27,0.014617890119552612,0,0,5,3,1,3,1,5,2,1,2,1
6,36,30,0.0001814896968426183,0,0,5,3,1,6,1,5,2,1,2,1
6,36,33,0.002454474102705717,0,0,5,4,1,3,1,3,2,1,2,1
6,36,34,1.3923354345024563e-05,0,0,5,4,1,4,1,4,2,1,2,1
6,36,35,0.0006578467437066138,0,0,5,4,1,5,1,5,2,1,2,1
6,36,39,3.329580431454815e-05,0,0,5,5,1,4,1,4,2,2,2,2
6,36,40,0.0006588874966837466,0,0,5,5,1,5,1,5,2,2,2,2
6,36,41,0.005728275049477816,0,1,5,6,1,1,1,0,2,0,2,1
6,36,44,0.9485259652137756,0,1,5,6,1,4,1,0,2,0,2,1
6,36,46,0.009853563271462917,0,1,5,6,1,6,1,0,2,0,2,1
6,37,0,0.0019772304221987724,0,0,5,1,2,0,2,0,2,2,2,4
6,37,3,0.0007998849614523351,0,0,5,3,2,3,2,1,2,1,2,1
6,37,4,0.00045831521856598556,0,0,5,3,2,4,2,1,2,1,2,1
6,37,5,9.092815162148327e-05,0,0,5,3,2,5,2,1,2,1,2,1
6,37,9,0.00011831393203465268,0,0,5,3,2,3,2,2,2,1,2,1
6,37,11,1.08624635686283e-05,0,0,5,3,2,5,2,2,2,1,2,1
6,37,12,6.2937388065620326e-06,0,0,5,3,2,6,2,2,2,1,2,1
6,37,14,9.052422683453187e-05,0,0,5,3,2,2,2,3,2,1,2,1
6,37,16,0.0009687971323728561,0,0,5,3,2,4,2,3,2,1,2,1
6,37,17,0.00010819414455909282,0,0,5,3,2,5,2,3,2,1,2,1
6,37,20,3.6299574276199564e-05,0,0,5,3,2,2,2,4,2,1,2,1
6,37,21,0.00019265605078544468,0,0,5,3,2,3,2,4,2,1,2,1
6,37,22,3.2514184567844495e-05,0,0,5,3,2,4,2,4,2,1,2,1
6,37,25,0.00017145006859209388,0,0,5,3,2,1,2,5,2,1,2,1
6,37,27,0.008036715909838676,0,0,5,3,2,3,2,5,2,1,2,1
6,37,30,0.00013073942682240158,0,0,5,3,2,6,2,5,2,1,2,1
6,37,33,0.0012419039849191904,0,0,5,4,2,3,2,3,2,1,2,1
6,37,34,1.26894783534226e-05,0,0,5,4,2,4,2,4,2,1,2,1
6,37,35,0.00019735943351406604,0,0,5,4,2,5,2,5,2,1,2,1
6,37,39,3.710615055751987e-05,0,0,5,5,2,4,2,4,2,2,2,2
6,37,40,0.0005644269986078143,0,0,5,5,2,5,2,5,2,2,2,2
6,37,41,0.0028020869940519333,0,1,5,6,2,1,2,0,2,0,2,1
6,37,44,0.9713033437728882,0,1,5,6,2,4,2,0,2,0,2,1
6,37,46,0.01061141025274992,0,1,5,6,2,6,2,0,2,0,2,1
6,38,0,0.015078702010214329,0,0,5,1,3,0,3,0,2,2,2,4
6,38,3,0.0677933320403099,0,0,5,3,3,3,3,1,2,1,2,1
6,38,4,0.006852384191006422,0,0,5,3,3,4,3,1,2,1,2,1
6,38,5,0.019919607788324356,0,0,5,3,3,5,3,1,2,1,2,1
6,38,9,0.0038516041822731495,0,0,5,3,3,3,3,2,2,1,2,1
6,38,11,0.0009052919922396541,0,0,5,3,3,5,3,2,2,1,2,1
6,38,12,0.0005307289538905025,0,0,5,3,3,6,3,2,2,1,2,1
6,38,14,0.004677652847021818,0,0,5,3,3,2,3,3,2,1,2,1
6,38,16,0.013162799179553986,0,0,5,3,3,4,3,3,2,1,2,1
6,38,17,0.02197198197245598,0,0,5,3,3,5,3,3,2,1,2,1
6,38,20,0.0005345080280676484,0,0,5,3,3,2,3,4,2,1,2,1
6,38,21,0.005847053602337837,0,0,5,3,3,3,3,4,2,1,2,1
6,38,22,0.0015504913171753287,0,0,5,3,3,4,3,4,2,1,2,1
6,38,25,0.021544210612773895,0,0,5,3,3,1,3,5,2,1,2,1
6,38,27,0.6961206793785095,0,0,5,3,3,3,3,5,2,1,2,1
6,38,30,0.007886936888098717,0,0,5,3,3,6,3,5,2,1,2,1
6,38,33,0.04508249834179878,0,0,5,4,3,3,3,3,2,1,2,1
6,38,34,4.206646190141328e-05,0,0,5,4,3,4,3,4,2,1,2,1
6,38,35,0.024862822145223618,0,0,5,4,3,5,3,5,2,1,2,1
6,38,39,6.115298310760409e-05,0,0,5,5,3,4,3,4,2,2,2,2
6,38,40,0.004449960310012102,0,0,5,5,3,5,3,5,2,2,2,2
6,38,41,0.0005486019654199481,0,1,5,6,3,1,3,0,2,0,2,1
6,38,44,0.03522704541683197,0,1,5,6,3,4,3,0,2,0,2,1
6,38,46,0.0014980485429987311,0,1,5,6,3,6,3,0,2,0,2,1
6,42,0,0.1715005338191986,1,0,6,1,2,0,0,0,0,2,1,4
6,42,3,2.4851640773704275e-05,1,0,6,3,2,3,0,1,0,1,1,1
6,42,4,0.00042737473268061876,1,0,6,3,2,4,0,1,0,1,1,1
6,42,5,1.7869424482341856e-05,1,0,6,3,2,5,0,1,0,1,1,1
6,42,9,9.154383405984845e-06,1,0,6,3,2,3,0,2,0,1,1,1
6,42,11,3.097210310443188e-06,1,0,6,3,2,5,0,2,0,1,1,1
6,42,12,1.9885121218976565e-05,1,0,6,3,2,6,0,2,0,1,1,1
6,42,14,0.00010083797678817064,1,0,6,3,2,2,0,3,0,1,1,1
6,42,16,0.00010268155165249482,1,0,6,3,2,4,0,3,0,1,1,1
6,42,17,0.0001159102248493582,1,0,6,3,2,5,0,3,0,1,1,1
6,42,20,0.00011294317664578557,1,0,6,3,2,2,0,4,0,1,1,1
6,42,21,2.5463747078902088e-05,1,0,6,3,2,3,0,4,0,1,1,1
6,42,22,0.0002118869888363406,1,0,6,3,2,4,0,4,0,1,1,1
6,42,25,3.068821752094664e-05,1,0,6,3,2,1,0,5,0,1,1,1
6,42,27,1.225701726070838e-05,1,0,6,3,2,3,0,5,0,1,1,1
6,42,30,4.969724250258878e-05,1,0,6,3,2,6,0,5,0,1,1,1
6,42,33,0.0002439246600260958,1,0,6,4,2,3,0,3,0,1,1,1
6,42,34,0.00041603590943850577,1,0,6,4,2,4,0,4,0,1,1,1
6,42,35,4.5325759856496006e-05,1,0,6,4,2,5,0,5,0,1,1,1
6,42,39,0.003361668437719345,1,0,6,5,2,4,0,4,0,2,1,2
6,42,40,0.006258167792111635,1,0,6,5,2,5,0,5,0,2,1,2
6,42,41,0.0739150121808052,1,1,6,6,2,1,0,0,0,0,1,1
6,42,44,0.06054601073265076,1,1,6,6,2,4,0,0,0,0,1,1
6,42,46,0.6824483275413513,1,1,6,6,2,6,0,0,0,0,1,1
6,43,0,0.01505230087786913,1,0,6,1,3,0,0,0,0,2,1,4
6,43,3,3.092906263191253e-05,1,0,6,3,3,3,0,1,0,1,1,1
6,43,4,0.00032022836967371404,1,0,6,3,3,4,0,1,0,1,1,1
6,43,5,6.112215487519279e-05,1,0,6,3,3,5,0,1,0,1,1,1
6,43,9,7.431965514115291e-06,1,0,6,3,3,3,0,2,0,1,1,1
6,43,11,3.875866696034791e-06,1,0,6,3,3,5,0,2,0,1,1,1
6,43,12,1.5004138731455896e-05,1,0,6,3,3,6,0,2,0,1,1,1
6,43,14,0.00021352205658331513,1,0,6,3,3,2,0,3,0,1,1,1
6,43,16,0.00010260444832965732,1,0,6,3,3,4,0,3,0,1,1,1
6,43,17,0.00020920681708958,1,0,6,3,3,5,0,3,0,1,1,1
6,43,20,0.00025205471320077777,1,0,6,3,3,2,0,4,0,1,1,1
6,43,21,2.472990490787197e-05,1,0,6,3,3,3,0,4,0,1,1,1
6,43,22,0.00015048860223032534,1,0,6,3,3,4,0,4,0,1,1,1
6,43,25,0.00020047528960276395,1,0,6,3,3,1,0,5,0,1,1,1
6,43,27,5.1454877393553033e-05,1,0,6,3,3,3,0,5,0,1,1,1
6,43,30,4.081103907083161e-05,1,0,6,3,3,6,0,5,0,1,1,1
6,43,33,0.00013613712508231401,1,0,6,4,3,3,0,3,0,1,1,1
6,43,34,0.00010949904390145093,1,0,6,4,3,4,0,4,0,1,1,1
6,43,35,8.467570296488702e-05,1,0,6,4,3,5,0,5,0,1,1,1
6,43,39,0.00012639140186365694,1,0,6,5,3,4,0,4,0,2,1,2
6,43,40,0.0013039185432717204,1,0,6,5,3,5,0,5,0,2,1,2
6,43,41,0.1657795011997223,1,1,6,6,3,1,0,0,0,0,1,1
6,43,44,0.19551198184490204,1,1,6,6,3,4,0,0,0,0,1,1
6,43,46,0.6202120780944824,1,1,6,6,3,6,0,0,0,0,1,1
6,45,0,0.18008841574192047,1,0,6,1,5,0,0,0,0,2,1,4
6,45,3,2.1002460925956257e-06,1,0,6,3,5,3,0,1,0,1,1,1
6,45,4,0.00012974331912118942,1,0,6,3,5,4,0,1,0,1,1,1
6,45,5,2.277257044625003e-05,1,0,6,3,5,5,0,1,0,1,1,1
6,45,9,3.0885250907886075e-06,1,0,6,3,5,3,0,2,0,1,1,1
6,45,11,3.1194440452964045e-06,1,0,6,3,5,5,0,2,0,1,1,1
6,45,12,4.977249773219228e-05,1,0,6,3,5,6,0,2,0,1,1,1
6,45,14,0.00018349464517086744,1,0,6,3,5,2,0,3,0,1,1,1
6,45,16,6.952804687898606e-05,1,0,6,3,5,4,0,3,0,1,1,1
6,45,17,0.00010442807251820341,1,0,6,3,5,5,0,3,0,1,1,1
6,45,20,3.399379784241319e-05,1,0,6,3,5,2,0,4,0,1,1,1
6,45,21,6.344244866340887e-06,1,0,6,3,5,3,0,4,0,1,1,1
6,45,22,5.314773443387821e-05,1,0,6,3,5,4,0,4,0,1,1,1
6,45,25,3.764427310670726e-05,1,0,6,3,5,1,0,5,0,1,1,1
6,45,27,1.1803922461695038e-06,1,0,6,3,5,3,0,5,0,1,1,1
6,45,30,1.3057064279564656e-05,1,0,6,3,5,6,0,5,0,1,1,1
6,45,33,4.833626371691935e-05,1,0,6,4,5,3,0,3,0,1,1,1
6,45,34,9.379591210745275e-05,1,0,6,4,5,4,0,4,0,1,1,1
6,45,35,1.1850840564875398e-05,1,0,6,4,5,5,0,5,0,1,1,1
6,45,39,0.0017174131935462356,1,0,6,5,5,4,0,4,0,2,1,2
6,45,40,0.0012439795536920428,1,0,6,5,5,5,0,5,0,2,1,2
6,45,41,0.07886417210102081,1,1,6,6,5,1,0,0,0,0,1,1
6,45,44,0.06887298822402954,1,1,6,6,5,4,0,0,0,0,1,1
6,45,46,0.6683457493782043,1,1,6,6,5,6,0,0,0,0,1,1
6,47,0,0.9263132810592651,2,0,7,1,0,0,0,0,0,2,4,4
6,47,3,3.161338827339932e-05,2,0,7,3,0,3,0,1,0,1,4,1
6,47,4,0.00015784605056978762,2,0,7,3,0,4,0,1,0,1,4,1
6,47,5,2.166435842809733e-05,2,0,7,3,0,5,0,1,0,1,4,1
6,47,9,3.4931097161461366e-06,2,0,7,3,0,3,0,2,0,1,4,1
6,47,11,2.4325513550138567e-06,2,0,7,3,0,5,0,2,0,1,4,1
6,47,12,3.0563535347027937e-06,2,0,7,3,0,6,0,2,0,1,4,1
6,47,14,0.00014071373152546585,2,0,7,3,0,2,0,3,0,1,4,1
6,47,16,6.618713086936623e-05,2,0,7,3,0,4,0,3,0,1,4,1
6,47,17,0.0006688832654617727,2,0,7,3,0,5,0,3,0,1,4,1
6,47,20,0.0002653250121511519,2,0,7,3,0,2,0,4,0,1,4,1
6,47,21,2.008837145694997e-05,2,0,7,3,0,3,0,4,0,1,4,1
6,47,22,3.7162772059673443e-05,2,0,7,3,0,4,0,4,0,1,4,1
6,47,25,2.9435957912937738e-05,2,0,7,3,0,1,0,5,0,1,4,1
6,47,27,2.4813816708046943e-05,2,0,7,3,0,3,0,5,0,1,4,1
6,47,30,3.6920231650583446e-05,2,0,7,3,0,6,0,5,0,1,4,1
6,47,33,0.004954250529408455,2,0,7,4,0,3,0,3,0,1,4,1
6,47,34,0.0018209378467872739,2,0,7,4,0,4,0,4,0,1,4,1
6,47,35,0.0019461765186861157,2,0,7,4,0,5,0,5,0,1,4,1
6,47,39,0.010852351784706116,2,0,7,5,0,4,0,4,0,2,4,2
6,47,40,0.051967523992061615,2,0,7,5,0,5,0,5,0,2,4,2
6,47,41,7.059799099806696e-05,2,1,7,6,0,1,0,0,0,0,4,1
6,47,44,0.00011011788592441007,2,1,7,6,0,4,0,0,0,0,4,1
6,47,46,0.00045486207818612456,2,1,7,6,0,6,0,0,0,0,4,1
7,0,1,0.0001054418899002485,0,0,1,3,0,1,0,1,2,1,4,1
7,0,2,0.0001984096015803516,0,0,1,3,0,2,0,1,2,1,4,1
7,0,6,0.0002575390681158751,0,0,1,3,0,6,0,1,2,1,4,1
7,0,7,2.1481187104654964e-06,0,0,1,3,0,1,0,2,2,1,4,1
7,0,8,4.826928852708079e-05,0,0,1,3,0,2,0,2,2,1,4,1
7,0,10,2.484335891494993e-05,0,0,1,3,0,4,0,2,2,1,4,1
7,0,13,6.363214197335765e-05,0,0,1,3,0,1,0,3,2,1,4,1
7,0,15,9.553034033160657e-06,0,0,1,3,0,3,0,3,2,1,4,1
7,0,18,0.0002817603526636958,0,0,1,3,0,6,0,3,2,1,4,1
7,0,19,4.549861387204146e-06,0,0,1,3,0,1,0,4,2,1,4,1
7,0,23,0.00026226582122035325,0,0,1,3,0,5,0,4,2,1,4,1
7,0,24,0.00018933786486741155,0,0,1,3,0,6,0,4,2,1,4,1
7,0,26,4.434593574842438e-05,0,0,1,3,0,2,0,5,2,1,4,1
7,0,28,9.333897992291895e-07,0,0,1,3,0,4,0,5,2,1,4,1
7,0,29,0.0004231957718729973,0,0,1,3,0,5,0,5,2,1,4,1
7,0,31,0.0014932412886992097,0,0,1,4,0,1,0,1,2,1,4,1
7,0,32,2.0321536794654094e-05,0,0,1,4,0,2,0,2,2,1,4,1
7,0,36,0.9950812458992004,0,0,1,5,0,1,0,1,2,2,4,2
7,0,37,0.00018161612388212234,0,0,1,5,0,2,0,2,2,2,4,2
7,0,38,0.0011912063928321004,0,0,1,5,0,3,0,3,2,2,4,2
7,0,42,4.971884663973469e-06,0,1,1,6,0,2,0,0,2,0,4,1
7,0,43,8.143309742081328e-07,0,1,1,6,0,3,0,0,2,0,4,1
7,0,45,6.180143827805296e-05,0,1,1,6,0,5,0,0,2,0,4,1
7,0,47,4.781067036674358e-05,0,2,1,7,0,0,0,0,2,0,4,4
7,3,1,0.00711521552875638,0,0,3,3,3,1,1,1,1,1,1,1
7,3,2,0.023070545867085457,0,0,3,3,3,2,1,1,1,1,1,1
7,3,6,0.014116642996668816,0,0,3,3,3,6,1,1,1,1,1,1
7,3,7,0.03667055070400238,0,0,3,3,3,1,1,2,1,1,1,1
7,3,8,0.11270845681428909,0,0,3,3,3,2,1,2,1,1,1,1
7,3,10,0.029245462268590927,0,0,3,3,3,4,1,2,1,1,1,1
7,3,13,0.046321265399456024,0,0,3,3,3,1,1,3,1,1,1,1
7,3,15,0.01325282733887434,0,0,3,3,3,3,1,3,1,1,1,1
7,3,18,0.023958170786499977,0,0,3,3,3,6,1,3,1,1,1,1
7,3,19,0.020205408334732056,0,0,3,3,3,1,1,4,1,1,1,1
7,3,23,0.015247326344251633,0,0,3,3,3,5,1,4,1,1,1,1
7,3,24,0.009560849517583847,0,0,3,3,3,6,1,4,1,1,1,1
7,3,26,0.0909964069724083,0,0,3,3,3,2,1,5,1,1,1,1
7,3,28,0.025985343381762505,0,0,3,3,3,4,1,5,1,1,1,1
7,3,29,0.017695797607302666,0,0,3,3,3,5,1,5,1,1,1,1
7,3,31,0.0068104462698102,0,0,3,4,3,1,1,1,1,1,1,1
7,3,32,0.036283500492572784,0,0,3,4,3,2,1,2,1,1,1,1
7,3,36,0.020617108792066574,0,0,3,5,3,1,1,1,1,2,1,2
7,3,37,0.3523291349411011,0,0,3,5,3,2,1,2,1,2,1,2
7,3,38,0.08218738436698914,0,0,3,5,3,3,1,3,1,2,1,2
7,3,42,0.00930860172957182,0,1,3,6,3,2,1,0,1,0,1,1
7,3,43,0.0019513880833983421,0,1,3,6,3,3,1,0,1,0,1,1
7,3,45,0.004147947300225496,0,1,3,6,3,5,1,0,1,0,1,1
7,3,47,0.00021406325686257333,0,2,3,7,3,0,1,0,1,0,1,4
7,4,1,0.0007035162416286767,0,0,3,3,4,1,1,1,1,1,1,1
7,4,2,0.008164449594914913,0,0,3,3,4,2,1,1,1,1,1,1
7,4,6,0.008087579160928726,0,0,3,3,4,6,1,1,1,1,1,1
7,4,7,0.0032886250410228968,0,0,3,3,4,1,1,2,1,1,1,1
7,4,8,0.06403375416994095,0,0,3,3,4,2,1,2,1,1,1,1
7,4,10,0.005955225322395563,0,0,3,3,4,4,1,2,1,1,1,1
7,4,13,0.028357431292533875,0,0,3,3,4,1,1,3,1,1,1,1
7,4,15,0.0028406684286892414,0,0,3,3,4,3,1,3,1,1,1,1
7,4,18,0.009895483031868935,0,0,3,3,4,6,1,3,1,1,1,1
7,4,19,0.00159071059897542,0,0,3,3,4,1,1,4,1,1,1,1
7,4,23,0.004070994909852743,0,0,3,3,4,5,1,4,1,1,1,1
7,4,24,0.0030050475616008043,0,0,3,3,4,6,1,4,1,1,1,1
7,4,26,0.03420528769493103,0,0,3,3,4,2,1,5,1,1,1,1
7,4,28,0.0012291475431993604,0,0,3,3,4,4,1,5,1,1,1,1
7,4,29,0.002277721418067813,0,0,3,3,4,5,1,5,1,1,1,1
7,4,31,0.003823770908638835,0,0,3,4,4,1,1,1,1,1,1,1
7,4,32,0.031363971531391144,0,0,3,4,4,2,1,2,1,1,1,1
7,4,36,0.012296044267714024,0,0,3,5,4,1,1,1,1,2,1,2
7,4,37,0.6993632912635803,0,0,3,5,4,2,1,2,1,2,1,2
7,4,38,0.07063428312540054,0,0,3,5,4,3,1,3,1,2,1,2
7,4,42,0.003674516687169671,0,1,3,6,4,2,1,0,1,0,1,1
7,4,43,0.00014304123760666698,0,1,3,6,4,3,1,0,1,0,1,1
7,4,45,0.0009902301244437695,0,1,3,6,4,5,1,0,1,0,1,1
7,4,47,5.175023034098558e-06,0,2,3,7,4,0,1,0,1,0,1,4
7,5,1,0.0015296607743948698,0,0,3,3,5,1,1,1,1,1,1,1
7,5,2,0.015022181905806065,0,0,3,3,5,2,1,1,1,1,1,1
7,5,6,0.023162394762039185,0,0,3,3,5,6,1,1,1,1,1,1
7,5,7,0.003436255268752575,0,0,3,3,5,1,1,2,1,1,1,1
7,5,8,0.18135811388492584,0,0,3,3,5,2,1,2,1,1,1,1
7,5,10,0.010919108986854553,0,0,3,3,5,4,1,2,1,1,1,1
7,5,13,0.015409177169203758,0,0,3,3,5,1,1,3,1,1,1,1
7,5,15,0.0067483182065188885,0,0,3,3,5,3,1,3,1,1,1,1
7,5,18,0.023944498971104622,0,0,3,3,5,6,1,3,1,1,1,1
7,5,19,0.0018559601157903671,0,0,3,3,5,1,1,4,1,1,1,1
7,5,23,0.014423555694520473,0,0,3,3,5,5,1,4,1,1,1,1
7,5,24,0.016001969575881958,0,0,3,3,5,6,1,4,1,1,1,1
7,5,26,0.050666484981775284,0,0,3,3,5,2,1,5,1,1,1,1
7,5,28,0.001598696573637426,0,0,3,3,5,4,1,5,1,1,1,1
7,5,29,0.006191316060721874,0,0,3,3,5,5,1,5,1,1,1,1
7,5,31,0.004314960911870003,0,0,3,4,5,1,1,1,1,1,1,1
7,5,32,0.018080657348036766,0,0,3,4,5,2,1,2,1,1,1,1
7,5,36,0.03738535940647125,0,0,3,5,5,1,1,1,1,2,1,2
7,5,37,0.46934381127357483,0,0,3,5,5,2,1,2,1,2,1,2
7,5,38,0.0882832482457161,0,0,3,5,5,3,1,3,1,2,1,2
7,5,42,0.008742313832044601,0,1,3,6,5,2,1,0,1,0,1,1
7,5,43,0.0002740695490501821,0,1,3,6,5,3,1,0,1,0,1,1
7,5,45,0.0011968112085014582,0,1,3,6,5,5,1,0,1,0,1,1
7,5,47,0.00011090875341324136,0,2,3,7,5,0,1,0,1,0,1,4
7,9,1,0.00017306087829638273,0,0,3,3,3,1,2,1,1,1,1,1
7,9,2,0.0030116343405097723,0,0,3,3,3,2,2,1,1,1,1,1
7,9,6,0.000478400441352278,0,0,3,3,3,6,2,1,1,1,1,1
7,9,7,0.0019290550844743848,0,0,3,3,3,1,2,2,1,1,1,1
7,9,8,0.01320609636604786,0,0,3,3,3,2,2,2,1,1,1,1
7,9,10,0.0020447412971407175,0,0,3,3,3,4,2,2,1,1,1,1
7,9,13,0.011220736429095268,0,0,3,3,3,1,2,3,1,1,1,1
7,9,15,0.0007343058823607862,0,0,3,3,3,3,2,3,1,1,1,1
7,9,18,0.0026144140865653753,0,0,3,3,3,6,2,3,1,1,1,1
7,9,19,0.0018632204737514257,0,0,3,3,3,1,2,4,1,1,1,1
7,9,23,0.00039177510188892484,0,0,3,3,3,5,2,4,1,1,1,1
7,9,24,0.00025826034834608436,0,0,3,3,3,6,2,4,1,1,1,1
7,9,26,0.005432544741779566,0,0,3,3,3,2,2,5,1,1,1,1
7,9,28,0.0005766137619502842,0,0,3,3,3,4,2,5,1,1,1,1
7,9,29,0.00011342493235133588,0,0,3,3,3,5,2,5,1,1,1,1
7,9,31,0.00011288528185104951,0,0,3,4,3,1,2,1,1,1,1,1
7,9,32,0.003869307227432728,0,0,3,4,3,2,2,2,1,1,1,1
7,9,36,0.0007134845945984125,0,0,3,5,3,1,2,1,1,2,1,2
7,9,37,0.9429760575294495,0,0,3,5,3,2,2,2,1,2,1,2
7,9,38,0.007735564839094877,0,0,3,5,3,3,2,3,1,2,1,2
7,9,42,0.00045879199751652777,0,1,3,6,3,2,2,0,1,0,1,1
7,9,43,2.0034118278999813e-05,0,1,3,6,3,3,2,0,1,0,1,1
7,9,45,6.51726295473054e-05,0,1,3,6,3,5,2,0,1,0,1,1
7,9,47,5.743195430341075e-08,0,2,3,7,3,0,2,0,1,0,1,4
7,11,1,6.534305430250242e-05,0,0,3,3,5,1,2,1,1,1,1,1
7,11,2,0.0008873674669303,0,0,3,3,5,2,2,1,1,1,1,1
7,11,6,0.0009325004066340625,0,0,3,3,5,6,2,1,1,1,1,1
7,11,7,0.0003916026034858078,0,0,3,3,5,1,2,2,1,1,1,1
7,11,8,0.015156406909227371,0,0,3,3,5,2,2,2,1,1,1,1
7,11,10,0.0013264005538076162,0,0,3,3,5,4,2,2,1,1,1,1
7,11,13,0.0006379091064445674,0,0,3,3,5,1,2,3,1,1,1,1
7,11,15,0.00035153410863131285,0,0,3,3,5,3,2,3,1,1,1,1
7,11,18,0.00047641777200624347,0,0,3,3,5,6,2,3,1,1,1,1
7,11,19,3.159677726216614e-05,0,0,3,3,5,1,2,4,1,1,1,1
7,11,23,0.00036262147477827966,0,0,3,3,5,5,2,4,1,1,1,1
7,11,24,0.0002462026022840291,0,0,3,3,5,6,2,4,1,1,1,1
7,11,26,0.0021599936299026012,0,0,3,3,5,2,2,5,1,1,1,1
7,11,28,0.00010539322101976722,0,0,3,3,5,4,2,5,1,1,1,1
7,11,29,7.342876779148355e-05,0,0,3,3,5,5,2,5,1,1,1,1
7,11,31,0.0004790171515196562,0,0,3,4,5,1,2,1,1,1,1,1
7,11,32,0.013973716646432877,0,0,3,4,5,2,2,2,1,1,1,1
7,11,36,0.005722959525883198,0,0,3,5,5,1,2,1,1,2,1,2
7,11,37,0.9365279078483582,0,0,3,5,5,2,2,2,1,2,1,2
7,11,38,0.019740013405680656,0,0,3,5,5,3,2,3,1,2,1,2
7,11,42,0.0003058979054912925,0,1,3,6,5,2,2,0,1,0,1,1
7,11,43,6.060995474399533e-06,0,1,3,6,5,3,2,0,1,0,1,1
7,11,45,3.812551585724577e-05,0,1,3,6,5,5,2,0,1,0,1,1
7,11,47,1.6040517039073166e-06,0,2,3,7,5,0,2,0,1,0,1,4
7,12,1,5.279697688820306e-06,0,0,3,3,6,1,2,1,1,1,1,1
7,12,2,0.0009186736424453557,0,0,3,3,6,2,2,1,1,1,1,1
7,12,6,5.195726771489717e-05,0,0,3,3,6,6,2,1,1,1,1,1
7,12,7,2.9870905564166605e-05,0,0,3,3,6,1,2,2,1,1,1,1
7,12,8,0.001234796829521656,0,0,3,3,6,2,2,2,1,1,1,1
7,12,10,0.0003657144552562386,0,0,3,3,6,4,2,2,1,1,1,1
7,12,13,0.0002895108191296458,0,0,3,3,6,1,2,3,1,1,1,1
7,12,15,0.0008455693605355918,0,0,3,3,6,3,2,3,1,1,1,1
7,12,18,0.00019272045756224543,0,0,3,3,6,6,2,3,1,1,1,1
7,12,19,3.3808628359111026e-05,0,0,3,3,6,1,2,4,1,1,1,1
7,12,23,0.0005079928669147193,0,0,3,3,6,5,2,4,1,1,1,1
7,12,24,0.00024507014313712716,0,0,3,3,6,6,2,4,1,1,1,1
7,12,26,0.003971774596720934,0,0,3,3,6,2,2,5,1,1,1,1
7,12,28,4.8121200961759314e-05,0,0,3,3,6,4,2,5,1,1,1,1
7,12,29,4.80044363939669e-05,0,0,3,3,6,5,2,5,1,1,1,1
7,12,31,0.00012285517004784197,0,0,3,4,6,1,2,1,1,1,1,1
7,12,32,0.011075879447162151,0,0,3,4,6,2,2,2,1,1,1,1
7,12,36,0.004621898755431175,0,0,3,5,6,1,2,1,1,2,1,2
7,12,37,0.9213088154792786,0,0,3,5,6,2,2,2,1,2,1,2
7,12,38,0.05358903855085373,0,0,3,5,6,3,2,3,1,2,1,2
7,12,42,0.00046294089406728745,0,1,3,6,6,2,2,0,1,0,1,1
7,12,43,4.843676379095996e-06,0,1,3,6,6,3,2,0,1,0,1,1
7,12,45,3.3046057069441304e-05,0,1,3,6,6,5,2,0,1,0,1,1
7,12,47,3.426059947742033e-06,0,2,3,7,6,0,2,0,1,0,1,4
7,14,1,4.7890596761135384e-05,0,0,3,3,2,1,3,1,1,1,1,1
7,14,2,0.002695562783628702,0,0,3,3,2,2,3,1,1,1,1,1
7,14,6,0.0006708867731504142,0,0,3,3,2,6,3,1,1,1,1,1
7,14,7,0.0001798890734789893,0,0,3,3,2,1,3,2,1,1,1,1
7,14,8,0.011571950279176235,0,0,3,3,2,2,3,2,1,1,1,1
7,14,10,0.0011343660298734903,0,0,3,3,2,4,3,2,1,1,1,1
7,14,13,0.0026763067580759525,0,0,3,3,2,1,3,3,1,1,1,1
7,14,15,0.0003312375338282436,0,0,3,3,2,3,3,3,1,1,1,1
7,14,18,0.0021810769103467464,0,0,3,3,2,6,3,3,1,1,1,1
7,14,19,0.00012666863040067255,0,0,3,3,2,1,3,4,1,1,1,1
7,14,23,0.0007446046802215278,0,0,3,3,2,5,3,4,1,1,1,1
7,14,24,0.0005495424848049879,0,0,3,3,2,6,3,4,1,1,1,1
7,14,26,0.008432170376181602,0,0,3,3,2,2,3,5,1,1,1,1
7,14,28,5.4928565077716485e-05,0,0,3,3,2,4,3,5,1,1,1,1
7,14,29,0.0004313396639190614,0,0,3,3,2,5,3,5,1,1,1,1
7,14,31,0.0003486707282718271,0,0,3,4,2,1,3,1,1,1,1,1
7,14,32,0.004361660685390234,0,0,3,4,2,2,3,2,1,1,1,1
7,14,36,0.018480271100997925,0,0,3,5,2,1,3,1,1,2,1,2
7,14,37,0.8948313593864441,0,0,3,5,2,2,3,2,1,2,1,2
7,14,38,0.04962104186415672,0,0,3,5,2,3,3,3,1,2,1,2
7,14,42,0.00043229988659732044,0,1,3,6,2,2,3,0,1,0,1,1
7,14,43,6.33575155006838e-06,0,1,3,6,2,3,3,0,1,0,1,1
7,14,45,8.884787530405447e-05,0,1,3,6,2,5,3,0,1,0,1,1
7,14,47,1.0461998272148776e-06,0,2,3,7,2,0,3,0,1,0,1,4
7,16,1,0.0011337589239701629,0,0,3,3,4,1,3,1,1,1,1,1
7,16,2,0.0006444302853196859,0,0,3,3,4,2,3,1,1,1,1,1
7,16,6,0.0013094422174617648,0,0,3,3,4,6,3,1,1,1,1,1
7,16,7,0.00023857425549067557,0,0,3,3,4,1,3,2,1,1,1,1
7,16,8,0.0029583692084997892,0,0,3,3,4,2,3,2,1,1,1,1
7,16,10,0.00018376894877292216,0,0,3,3,4,4,3,2,1,1,1,1
7,16,13,0.0010197371011599898,0,0,3,3,4,1,3,3,1,1,1,1
7,16,15,3.038778595509939e-05,0,0,3,3,4,3,3,3,1,1,1,1
7,16,18,0.0014771970454603434,0,0,3,3,4,6,3,3,1,1,1,1
7,16,19,7.821508916094899e-05,0,0,3,3,4,1,3,4,1,1,1,1
7,16,23,0.00034654102637432516,0,0,3,3,4,5,3,4,1,1,1,1
7,16,24,0.0007112259045243263,0,0,3,3,4,6,3,4,1,1,1,1
7,16,26,0.0012311014579609036,0,0,3,3,4,2,3,5,1,1,1,1
7,16,28,4.0085000364342704e-05,0,0,3,3,4,4,3,5,1,1,1,1
7,16,29,0.0014139271806925535,0,0,3,3,4,5,3,5,1,1,1,1
7,16,31,0.007098748814314604,0,0,3,4,4,1,3,1,1,1,1,1
7,16,32,0.0005566395120695233,0,0,3,4,4,2,3,2,1,1,1,1
7,16,36,0.9543041586875916,0,0,3,5,4,1,3,1,1,2,1,2
7,16,37,0.018895119428634644,0,0,3,5,4,2,3,2,1,2,1,2
7,16,38,0.0063044424168765545,0,0,3,5,4,3,3,3,1,2,1,2
7,16,42,5.907120339543326e-06,0,1,3,6,4,2,3,0,1,0,1,1
7,16,43,2.5742258458194556e-07,0,1,3,6,4,3,3,0,1,0,1,1
7,16,45,1.379216064378852e-05,0,1,3,6,4,5,3,0,1,0,1,1
7,16,47,4.251236077834619e-06,0,2,3,7,4,0,3,0,1,0,1,4
7,17,1,0.0003025876940228045,0,0,3,3,5,1,3,1,1,1,1,1
7,17,2,0.0035231015644967556,0,0,3,3,5,2,3,1,1,1,1,1
7,17,6,0.004051730502396822,0,0,3,3,5,6,3,1,1,1,1,1
7,17,7,0.0009790421463549137,0,0,3,3,5,1,3,2,1,1,1,1
7,17,8,0.04577653855085373,0,0,3,3,5,2,3,2,1,1,1,1
7,17,10,0.0020971756894141436,0,0,3,3,5,4,3,2,1,1,1,1
7,17,13,0.004283662885427475,0,0,3,3,5,1,3,3,1,1,1,1
7,17,15,0.000736796879209578,0,0,3,3,5,3,3,3,1,1,1,1
7,17,18,0.0030331050511449575,0,0,3,3,5,6,3,3,1,1,1,1
7,17,19,0.00020499943639151752,0,0,3,3,5,1,3,4,1,1,1,1
7,17,23,0.0018239020137116313,0,0,3,3,5,5,3,4,1,1,1,1
7,17,24,0.0017716734437271953,0,0,3,3,5,6,3,4,1,1,1,1
7,17,26,0.010783053003251553,0,0,3,3,5,2,3,5,1,1,1,1
7,17,28,0.00017503206618130207,0,0,3,3,5,4,3,5,1,1,1,1
7,17,29,0.0005617624265141785,0,0,3,3,5,5,3,5,1,1,1,1
7,17,31,0.0018671293510124087,0,0,3,4,5,1,3,1,1,1,1,1
7,17,32,0.014778056181967258,0,0,3,4,5,2,3,2,1,1,1,1
7,17,36,0.019497420638799667,0,0,3,5,5,1,3,1,1,2,1,2
7,17,37,0.8436335325241089,0,0,3,5,5,2,3,2,1,2,1,2
7,17,38,0.03915277123451233,0,0,3,5,5,3,3,3,1,2,1,2
7,17,42,0.0008208089857362211,0,1,3,6,5,2,3,0,1,0,1,1
7,17,43,1.3779124856228009e-05,0,1,3,6,5,3,3,0,1,0,1,1
7,17,45,0.00012505486665759236,0,1,3,6,5,5,3,0,1,0,1,1
7,17,47,7.380921488220338e-06,0,2,3,7,5,0,3,0,1,0,1,4
7,20,1,6.844366140512648e-08,0,0,3,3,2,1,4,1,1,1,1,1
7,20,2,7.543094852735521e-06,0,0,3,3,2,2,4,1,1,1,1,1
7,20,6,3.3487069117654755e-07,0,0,3,3,2,6,4,1,1,1,1,1
7,20,7,2.1601961179840146e-06,0,0,3,3,2,1,4,2,1,1,1,1
7,20,8,0.00010217950330115855,0,0,3,3,2,2,4,2,1,1,1,1
7,20,10,8.472359695588239e-06,0,0,3,3,2,4,4,2,1,1,1,1
7,20,13,8.118362302411697e-07,0,0,3,3,2,1,4,3,1,1,1,1
7,20,15,2.154697540390771e-06,0,0,3,3,2,3,4,3,1,1,1,1
7,20,18,1.1835315945063485e-06,0,0,3,3,2,6,4,3,1,1,1,1
7,20,19,2.044263993639106e-07,0,0,3,3,2,1,4,4,1,1,1,1
7,20,23,1.2065836472174851e-06,0,0,3,3,2,5,4,4,1,1,1,1
7,20,24,1.2194180953883915e-06,0,0,3,3,2,6,4,4,1,1,1,1
7,20,26,0.00018032881780527532,0,0,3,3,2,2,4,5,1,1,1,1
7,20,28,8.40760549181141e-07,0,0,3,3,2,4,4,5,1,1,1,1
7,20,29,4.662195749460807e-07,0,0,3,3,2,5,4,5,1,1,1,1
7,20,31,1.1286695098533528e-06,0,0,3,4,2,1,4,1,1,1,1,1
7,20,32,0.0004226231249049306,0,0,3,4,2,2,4,2,1,1,1,1
7,20,36,0.000449668790679425,0,0,3,5,2,1,4,1,1,2,1,2
7,20,37,0.9972588419914246,0,0,3,5,2,2,4,2,1,2,1,2
7,20,38,0.0015580119797959924,0,0,3,5,2,3,4,3,1,2,1,2
7,20,42,3.342597381106316e-07,0,1,3,6,2,2,4,0,1,0,1,1
7,20,43,7.525151057841128e-10,0,1,3,6,2,3,4,0,1,0,1,1
7,20,45,6.867852064829094e-09,0,1,3,6,2,5,4,0,1,0,1,1
7,20,47,8.147453378626324e-09,0,2,3,7,2,0,4,0,1,0,1,4
7,21,1,6.844716153864283e-06,0,0,3,3,3,1,4,1,1,1,1,1
7,21,2,7.629282481502742e-05,0,0,3,3,3,2,4,1,1,1,1,1
7,21,6,3.497521674944437e-06,0,0,3,3,3,6,4,1,1,1,1,1
7,21,7,6.600801862077788e-05,0,0,3,3,3,1,4,2,1,1,1,1
7,21,8,0.0006483072647824883,0,0,3,3,3,2,4,2,1,1,1,1
7,21,10,6.085237328079529e-05,0,0,3,3,3,4,4,2,1,1,1,1
7,21,13,1.4575751265510917e-05,0,0,3,3,3,1,4,3,1,1,1,1
7,21,15,1.2537347174657043e-05,0,0,3,3,3,3,4,3,1,1,1,1
7,21,18,2.422173747618217e-05,0,0,3,3,3,6,4,3,1,1,1,1
7,21,19,1.4265006029745564e-05,0,0,3,3,3,1,4,4,1,1,1,1
7,21,23,9.298293662141077e-06,0,0,3,3,3,5,4,4,1,1,1,1
7,21,24,2.570787000877317e-05,0,0,3,3,3,6,4,4,1,1,1,1
7,21,26,0.0013107755221426487,0,0,3,3,3,2,4,5,1,1,1,1
7,21,28,3.258845390519127e-05,0,0,3,3,3,4,4,5,1,1,1,1
7,21,29,2.199614027631469e-05,0,0,3,3,3,5,4,5,1,1,1,1
7,21,31,4.022101711598225e-05,0,0,3,4,3,1,4,1,1,1,1,1
7,21,32,0.001168824383057654,0,0,3,4,3,2,4,2,1,1,1,1
7,21,36,0.0076321084052324295,0,0,3,5,3,1,4,1,1,2,1,2
7,21,37,0.985529899597168,0,0,3,5,3,2,4,2,1,2,1,2
7,21,38,0.003300849813967943,0,0,3,5,3,3,4,3,1,2,1,2
7,21,42,6.082573804633284e-07,0,1,3,6,3,2,4,0,1,0,1,1
7,21,43,4.482236359848457e-09,0,1,3,6,3,3,4,0,1,0,1,1
7,21,45,5.5504791873772774e-08,0,1,3,6,3,5,4,0,1,0,1,1
7,21,47,1.5550715204426524e-07,0,2,3,7,3,0,4,0,1,0,1,4
7,22,1,4.208230529911816e-05,0,0,3,3,4,1,4,1,1,1,1,1
7,22,2,0.0008614343823865056,0,0,3,3,4,2,4,1,1,1,1,1
7,22,6,0.00013198489614296705,0,0,3,3,4,6,4,1,1,1,1,1
7,22,7,0.0003808432084042579,0,0,3,3,4,1,4,2,1,1,1,1
7,22,8,0.005285047926008701,0,0,3,3,4,2,4,2,1,1,1,1
7,22,10,0.0005965185118839145,0,0,3,3,4,4,4,2,1,1,1,1
7,22,13,0.0004642456187866628,0,0,3,3,4,1,4,3,1,1,1,1
7,22,15,0.00016134631005115807,0,0,3,3,4,3,4,3,1,1,1,1
7,22,18,0.00033425900619477034,0,0,3,3,4,6,4,3,1,1,1,1
7,22,19,8.247787627624348e-05,0,0,3,3,4,1,4,4,1,1,1,1
7,22,23,0.00025520625058561563,0,0,3,3,4,5,4,4,1,1,1,1
7,22,24,0.00015962803445290774,0,0,3,3,4,6,4,4,1,1,1,1
7,22,26,0.01007360965013504,0,0,3,3,4,2,4,5,1,1,1,1
7,22,28,9.420911374036223e-05,0,0,3,3,4,4,4,5,1,1,1,1
7,22,29,0.00030974074616096914,0,0,3,3,4,5,4,5,1,1,1,1
7,22,31,0.0003287409199401736,0,0,3,4,4,1,4,1,1,1,1,1
7,22,32,0.005118567030876875,0,0,3,4,4,2,4,2,1,1,1,1
7,22,36,0.024182504042983055,0,0,3,5,4,1,4,1,1,2,1,2
7,22,37,0.9245120882987976,0,0,3,5,4,2,4,2,1,2,1,2
7,22,38,0.026581211015582085,0,0,3,5,4,3,4,3,1,2,1,2
7,22,42,3.646315599326044e-05,0,1,3,6,4,2,4,0,1,0,1,1
7,22,43,6.174525424285093e-07,0,1,3,6,4,3,4,0,1,0,1,1
7,22,45,6.895573733345373e-06,0,1,3,6,4,5,4,0,1,0,1,1
7,22,47,1.2309448038649862e-06,0,2,3,7,4,0,4,0,1,0,1,4
7,25,1,7.457607011929213e-07,0,0,3,3,1,1,5,1,1,1,1,1
7,25,2,7.833149720681831e-05,0,0,3,3,1,2,5,1,1,1,1,1
7,25,6,1.3827680959366262e-05,0,0,3,3,1,6,5,1,1,1,1,1
7,25,7,3.069694503210485e-05,0,0,3,3,1,1,5,2,1,1,1,1
7,25,8,0.0021658053155988455,0,0,3,3,1,2,5,2,1,1,1,1
7,25,10,0.00012525402416940778,0,0,3,3,1,4,5,2,1,1,1,1
7,25,13,4.32464039477054e-05,0,0,3,3,1,1,5,3,1,1,1,1
7,25,15,9.786173905013129e-05,0,0,3,3,1,3,5,3,1,1,1,1
7,25,18,5.315074304235168e-05,0,0,3,3,1,6,5,3,1,1,1,1
7,25,19,4.53654092780198e-06,0,0,3,3,1,1,5,4,1,1,1,1
7,25,23,1.8872606233344413e-05,0,0,3,3,1,5,5,4,1,1,1,1
7,25,24,2.044272332568653e-05,0,0,3,3,1,6,5,4,1,1,1,1
7,25,26,0.0009740514797158539,0,0,3,3,1,2,5,5,1,1,1,1
7,25,28,2.064993532258086e-05,0,0,3,3,1,4,5,5,1,1,1,1
7,25,29,3.8048178794269916e-06,0,0,3,3,1,5,5,5,1,1,1,1
7,25,31,2.7707471872417955e-06,0,0,3,4,1,1,5,1,1,1,1,1
7,25,32,0.0015078488504514098,0,0,3,4,1,2,5,2,1,1,1,1
7,25,36,6.642895459663123e-05,0,0,3,5,1,1,5,1,1,2,1,2
7,25,37,0.9879128336906433,0,0,3,5,1,2,5,2,1,2,1,2
7,25,38,0.006770241539925337,0,0,3,5,1,3,5,3,1,2,1,2
7,25,42,8.739972690818831e-05,0,1,3,6,1,2,5,0,1,0,1,1
7,25,43,5.823121114190144e-07,0,1,3,6,1,3,5,0,1,0,1,1
7,25,45,7.331260007958917e-07,0,1,3,6,1,5,5,0,1,0,1,1
7,25,47,4.3414591033297256e-08,0,2,3,7,1,0,5,0,1,0,1,4
7,27,1,0.000586639391258359,0,0,3,3,3,1,5,1,1,1,1,1
7,27,2,0.003280287841334939,0,0,3,3,3,2,5,1,1,1,1,1
7,27,6,0.0005641698371618986,0,0,3,3,3,6,5,1,1,1,1,1
7,27,7,0.0014766970416530967,0,0,3,3,3,1,5,2,1,1,1,1
7,27,8,0.006707237102091312,0,0,3,3,3,2,5,2,1,1,1,1
7,27,10,0.001149772317148745,0,0,3,3,3,4,5,2,1,1,1,1
7,27,13,0.01260793674737215,0,0,3,3,3,1,5,3,1,1,1,1
7,27,15,0.0003988634271081537,0,0,3,3,3,3,5,3,1,1,1,1
7,27,18,0.001559257274493575,0,0,3,3,3,6,5,3,1,1,1,1
7,27,19,0.0011797238839790225,0,0,3,3,3,1,5,4,1,1,1,1
7,27,23,0.0005845763953402638,0,0,3,3,3,5,5,4,1,1,1,1
7,27,24,0.00034057418815791607,0,0,3,3,3,6,5,4,1,1,1,1
7,27,26,0.0026749407406896353,0,0,3,3,3,2,5,5,1,1,1,1
7,27,28,0.0003752958436962217,0,0,3,3,3,4,5,5,1,1,1,1
7,27,29,4.845360672334209e-05,0,0,3,3,3,5,5,5,1,1,1,1
7,27,31,0.000820239947643131,0,0,3,4,3,1,5,1,1,1,1,1
7,27,32,0.010419020429253578,0,0,3,4,3,2,5,2,1,1,1,1
7,27,36,0.00827614776790142,0,0,3,5,3,1,5,1,1,2,1,2
7,27,37,0.9367938041687012,0,0,3,5,3,2,5,2,1,2,1,2
7,27,38,0.009792112745344639,0,0,3,5,3,3,5,3,1,2,1,2
7,27,42,0.00029046120471321046,0,1,3,6,3,2,5,0,1,0,1,1
7,27,43,9.174411388812587e-06,0,1,3,6,3,3,5,0,1,0,1,1
7,27,45,6.424626189982519e-05,0,1,3,6,3,5,5,0,1,0,1,1
7,27,47,1.27649002479302e-07,0,2,3,7,3,0,5,0,1,0,1,4
7,30,1,5.674592102877796e-07,0,0,3,3,6,1,5,1,1,1,1,1
7,30,2,8.4287254139781e-05,0,0,3,3,6,2,5,1,1,1,1,1
7,30,6,1.984117034226074e-06,0,0,3,3,6,6,5,1,1,1,1,1
7,30,7,6.367331934598042e-06,0,0,3,3,6,1,5,2,1,1,1,1
7,30,8,0.00016317566041834652,0,0,3,3,6,2,5,2,1,1,1,1
7,30,10,3.265874329372309e-05,0,0,3,3,6,4,5,2,1,1,1,1
7,30,13,2.6292682377970777e-05,0,0,3,3,6,1,5,3,1,1,1,1
7,30,15,5.470671021612361e-05,0,0,3,3,6,3,5,3,1,1,1,1
7,30,18,2.9653803721885197e-05,0,0,3,3,6,6,5,3,1,1,1,1
7,30,19,9.611891982785892e-06,0,0,3,3,6,1,5,4,1,1,1,1
7,30,23,2.1977532014716417e-05,0,0,3,3,6,5,5,4,1,1,1,1
7,30,24,2.4720186047488824e-05,0,0,3,3,6,6,5,4,1,1,1,1
7,30,26,0.00109559774864465,0,0,3,3,6,2,5,5,1,1,1,1
7,30,28,9.680645234766416e-06,0,0,3,3,6,4,5,5,1,1,1,1
7,30,29,1.1525379704835359e-05,0,0,3,3,6,5,5,5,1,1,1,1
7,30,31,9.060973752639256e-06,0,0,3,4,6,1,5,1,1,1,1,1
7,30,32,0.0009343629935756326,0,0,3,4,6,2,5,2,1,1,1,1
7,30,36,0.0014451940078288317,0,0,3,5,6,1,5,1,1,2,1,2
7,30,37,0.9817076325416565,0,0,3,5,6,2,5,2,1,2,1,2
7,30,38,0.014318374916911125,0,0,3,5,6,3,5,3,1,2,1,2
7,30,42,1.098429402190959e-05,0,1,3,6,6,2,5,0,1,0,1,1
7,30,43,9.569419034960447e-08,0,1,3,6,6,3,5,0,1,0,1,1
7,30,45,7.376069106612704e-07,0,1,3,6,6,5,5,0,1,0,1,1
7,30,47,2.3516881242358068e-07,0,2,3,7,6,0,5,0,1,0,1,4
7,33,1,0.0004203014250379056,0,0,4,3,3,1,3,1,1,1,1,1
7,33,2,0.018912751227617264,0,0,4,3,3,2,3,1,1,1,1,1
7,33,6,0.014530065469443798,0,0,4,3,3,6,3,1,1,1,1,1
7,33,7,0.0009029033244587481,0,0,4,3,3,1,3,2,1,1,1,1
7,33,8,0.01631033979356289,0,0,4,3,3,2,3,2,1,1,1,1
7,33,10,0.0029143195133656263,0,0,4,3,3,4,3,2,1,1,1,1
7,33,13,0.8097067475318909,0,0,4,3,3,1,3,3,1,1,1,1
7,33,15,0.0017212304519489408,0,0,4,3,3,3,3,3,1,1,1,1
7,33,18,0.0413011759519577,0,0,4,3,3,6,3,3,1,1,1,1
7,33,19,0.00792559701949358,0,0,4,3,3,1,3,4,1,1,1,1
7,33,23,0.009672257117927074,0,0,4,3,3,5,3,4,1,1,1,1
7,33,24,0.001100492780096829,0,0,4,3,3,6,3,4,1,1,1,1
7,33,26,0.00912968534976244,0,0,4,3,3,2,3,5,1,1,1,1
7,33,28,0.000168930011568591,0,0,4,3,3,4,3,5,1,1,1,1
7,33,29,0.0018782146507874131,0,0,4,3,3,5,3,5,1,1,1,1
7,33,31,0.00033706537215039134,0,0,4,4,3,1,3,1,1,1,1,1
7,33,32,0.0006311007309705019,0,0,4,4,3,2,3,2,1,1,1,1
7,33,36,0.0002462594711687416,0,0,4,5,3,1,3,1,1,2,1,2
7,33,37,0.005073512904345989,0,0,4,5,3,2,3,2,1,2,1,2
7,33,38,0.005710332654416561,0,0,4,5,3,3,3,3,1,2,1,2
7,33,42,0.018958572298288345,0,1,4,6,3,2,3,0,1,0,1,1
7,33,43,0.0033890733029693365,0,1,4,6,3,3,3,0,1,0,1,1
7,33,45,0.029059333726763725,0,1,4,6,3,5,3,0,1,0,1,1
7,33,47,5.926256463339996e-08,0,2,4,7,3,0,3,0,1,0,1,4
7,34,1,7.166496652644128e-05,0,0,4,3,4,1,4,1,1,1,1,1
7,34,2,0.010687741450965405,0,0,4,3,4,2,4,1,1,1,1,1
7,34,6,0.0007472756551578641,0,0,4,3,4,6,4,1,1,1,1,1
7,34,7,0.001335098990239203,0,0,4,3,4,1,4,2,1,1,1,1
7,34,8,0.016396675258874893,0,0,4,3,4,2,4,2,1,1,1,1
7,34,10,0.005071184132248163,0,0,4,3,4,4,4,2,1,1,1,1
7,34,13,0.02464299090206623,0,0,4,3,4,1,4,3,1,1,1,1
7,34,15,0.003483348060399294,0,0,4,3,4,3,4,3,1,1,1,1
7,34,18,0.0027225303929299116,0,0,4,3,4,6,4,3,1,1,1,1
7,34,19,0.002110146451741457,0,0,4,3,4,1,4,4,1,1,1,1
7,34,23,0.0038005420938134193,0,0,4,3,4,5,4,4,1,1,1,1
7,34,24,0.0006446087500080466,0,0,4,3,4,6,4,4,1,1,1,1
7,34,26,0.038691334426403046,0,0,4,3,4,2,4,5,1,1,1,1
7,34,28,0.0005397405475378036,0,0,4,3,4,4,4,5,1,1,1,1
7,34,29,0.0007046773098409176,0,0,4,3,4,5,4,5,1,1,1,1
7,34,31,0.00022905720106791705,0,0,4,4,4,1,4,1,1,1,1,1
7,34,32,0.015704328194260597,0,0,4,4,4,2,4,2,1,1,1,1
7,34,36,0.001653151004575193,0,0,4,5,4,1,4,1,1,2,1,2
7,34,37,0.8130164742469788,0,0,4,5,4,2,4,2,1,2,1,2
7,34,38,0.053568534553050995,0,0,4,5,4,3,4,3,1,2,1,2
7,34,42,0.0033830783795565367,0,1,4,6,4,2,4,0,1,0,1,1
7,34,43,0.00010267577454214916,0,1,4,6,4,3,4,0,1,0,1,1
7,34,45,0.0006920463056303561,0,1,4,6,4,5,4,0,1,0,1,1
7,34,47,6.863810426693817e-07,0,2,4,7,4,0,4,0,1,0,1,4
7,35,1,0.016572782769799232,0,0,4,3,5,1,5,1,1,1,1,1
7,35,2,0.030115291476249695,0,0,4,3,5,2,5,1,1,1,1,1
7,35,6,0.1463000476360321,0,0,4,3,5,6,5,1,1,1,1,1
7,35,7,0.011974087916314602,0,0,4,3,5,1,5,2,1,1,1,1
7,35,8,0.06416554749011993,0,0,4,3,5,2,5,2,1,1,1,1
7,35,10,0.020572470501065254,0,0,4,3,5,4,5,2,1,1,1,1
7,35,13,0.13857635855674744,0,0,4,3,5,1,5,3,1,1,1,1
7,35,15,0.008333233185112476,0,0,4,3,5,3,5,3,1,1,1,1
7,35,18,0.04062695801258087,0,0,4,3,5,6,5,3,1,1,1,1
7,35,19,0.0038851434364914894,0,0,4,3,5,1,5,4,1,1,1,1
7,35,23,0.028310272842645645,0,0,4,3,5,5,5,4,1,1,1,1
7,35,24,0.008527780883014202,0,0,4,3,5,6,5,4,1,1,1,1
7,35,26,0.010728590190410614,0,0,4,3,5,2,5,5,1,1,1,1
7,35,28,0.002698397496715188,0,0,4,3,5,4,5,5,1,1,1,1
7,35,29,0.008232305757701397,0,0,4,3,5,5,5,5,1,1,1,1
7,35,31,0.06025269255042076,0,0,4,4,5,1,5,1,1,1,1,1
7,35,32,0.0461031049489975,0,0,4,4,5,2,5,2,1,1,1,1
7,35,36,0.06334607303142548,0,0,4,5,5,1,5,1,1,2,1,2
7,35,37,0.11184725910425186,0,0,4,5,5,2,5,2,1,2,1,2
7,35,38,0.07162418216466904,0,0,4,5,5,3,5,3,1,2,1,2
7,35,42,0.023259712383151054,0,1,4,6,5,2,5,0,1,0,1,1
7,35,43,0.011546012945473194,0,1,4,6,5,3,5,0,1,0,1,1
7,35,45,0.07206498086452484,0,1,4,6,5,5,5,0,1,0,1,1
7,35,47,0.00033662907662801445,0,2,4,7,5,0,5,0,1,0,1,4
7,39,1,0.00029400427592918277,0,0,5,3,4,1,4,1,2,1,2,1
7,39,2,0.0016345800831913948,0,0,5,3,4,2,4,1,2,1,2,1
7,39,6,0.0002582696033641696,0,0,5,3,4,6,4,1,2,1,2,1
7,39,7,9.409655467607081e-05,0,0,5,3,4,1,4,2,2,1,2,1
7,39,8,0.0009531202958896756,0,0,5,3,4,2,4,2,2,1,2,1
7,39,10,0.00022391178936231881,0,0,5,3,4,4,4,2,2,1,2,1
7,39,13,0.0011019795201718807,0,0,5,3,4,1,4,3,2,1,2,1
7,39,15,4.741956581710838e-05,0,0,5,3,4,3,4,3,2,1,2,1
7,39,18,0.0004593995399773121,0,0,5,3,4,6,4,3,2,1,2,1
7,39,19,0.00021324750559870154,0,0,5,3,4,1,4,4,2,1,2,1
7,39,23,0.0007105953409336507,0,0,5,3,4,5,4,4,2,1,2,1
7,39,24,0.00019844200869556516,0,0,5,3,4,6,4,4,2,1,2,1
7,39,26,0.0010032019345089793,0,0,5,3,4,2,4,5,2,1,2,1
7,39,28,7.308624844881706e-06,0,0,5,3,4,4,4,5,2,1,2,1
7,39,29,0.00024153479898814112,0,0,5,3,4,5,4,5,2,1,2,1
7,39,31,0.0015410101041197777,0,0,5,4,4,1,4,1,2,1,2,1
7,39,32,0.00033696129685267806,0,0,5,4,4,2,4,2,2,1,2,1
7,39,36,0.9406862258911133,0,0,5,5,4,1,4,1,2,2,2,2
7,39,37,0.0458260253071785,0,0,5,5,4,2,4,2,2,2,2,2
7,39,38,0.0041337632574141026,0,0,5,5,4,3,4,3,2,2,2,2
7,39,42,9.962127478502225e-06,0,1,5,6,4,2,4,0,2,0,2,1
7,39,43,3.1649940979150415e-07,0,1,5,6,4,3,4,0,2,0,2,1
7,39,45,2.3665888875257224e-05,0,1,5,6,4,5,4,0,2,0,2,1
7,39,47,6.62132038087293e-07,0,2,5,7,4,0,4,0,2,0,2,4
7,40,1,0.0010597908403724432,0,0,5,3,5,1,5,1,2,1,2,1
7,40,2,0.0015709666768088937,0,0,5,3,5,2,5,1,2,1,2,1
7,40,6,0.0009014487150125206,0,0,5,3,5,6,5,1,2,1,2,1
7,40,7,0.00021294259931892157,0,0,5,3,5,1,5,2,2,1,2,1
7,40,8,0.0015569987008348107,0,0,5,3,5,2,5,2,2,1,2,1
7,40,10,0.00035318307345733047,0,0,5,3,5,4,5,2,2,1,2,1
7,40,13,0.001563749392516911,0,0,5,3,5,1,5,3,2,1,2,1
7,40,15,0.00014045287389308214,0,0,5,3,5,3,5,3,2,1,2,1
7,40,18,0.001585251186043024,0,0,5,3,5,6,5,3,2,1,2,1
7,40,19,0.00042417083750478923,0,0,5,3,5,1,5,4,2,1,2,1
7,40,23,0.0009652202716097236,0,0,5,3,5,5,5,4,2,1,2,1
7,40,24,0.000466813740786165,0,0,5,3,5,6,5,4,2,1,2,1
7,40,26,0.00043131495476700366,0,0,5,3,5,2,5,5,2,1,2,1
7,40,28,3.5298740840516984e-05,0,0,5,3,5,4,5,5,2,1,2,1
7,40,29,0.00028969894628971815,0,0,5,3,5,5,5,5,2,1,2,1
7,40,31,0.002416828880086541,0,0,5,4,5,1,5,1,2,1,2,1
7,40,32,0.0004184819117654115,0,0,5,4,5,2,5,2,2,1,2,1
7,40,36,0.8431951403617859,0,0,5,5,5,1,5,1,2,2,2,2
7,40,37,0.13134855031967163,0,0,5,5,5,2,5,2,2,2,2,2
7,40,38,0.010857042856514454,0,0,5,5,5,3,5,3,2,2,2,2
7,40,42,4.454292502487078e-05,0,1,5,6,5,2,5,0,2,0,2,1
7,40,43,6.271683560044039e-06,0,1,5,6,5,3,5,0,2,0,2,1
7,40,45,0.00014760170597583055,0,1,5,6,5,5,5,0,2,0,2,1
7,40,47,8.101425009954255e-06,0,2,5,7,5,0,5,0,2,0,2,4
7,41,1,0.0008292932179756463,1,0,6,3,1,1,0,1,0,1,1,1
7,41,2,0.04703580588102341,1,0,6,3,1,2,0,1,0,1,1,1
7,41,6,0.011203045956790447,1,0,6,3,1,6,0,1,0,1,1,1
7,41,7,0.012323285453021526,1,0,6,3,1,1,0,2,0,1,1,1
7,41,8,0.08978280425071716,1,0,6,3,1,2,0,2,0,1,1,1
7,41,10,0.08186446875333786,1,0,6,3,1,4,0,2,0,1,1,1
7,41,13,0.017443522810935974,1,0,6,3,1,1,0,3,0,1,1,1
7,41,15,0.05290113389492035,1,0,6,3,1,3,0,3,0,1,1,1
7,41,18,0.01637202873826027,1,0,6,3,1,6,0,3,0,1,1,1
7,41,19,0.014574832282960415,1,0,6,3,1,1,0,4,0,1,1,1
7,41,23,0.071464903652668,1,0,6,3,1,5,0,4,0,1,1,1
7,41,24,0.013508099131286144,1,0,6,3,1,6,0,4,0,1,1,1
7,41,26,0.2914489507675171,1,0,6,3,1,2,0,5,0,1,1,1
7,41,28,0.021548159420490265,1,0,6,3,1,4,0,5,0,1,1,1
7,41,29,0.018525658175349236,1,0,6,3,1,5,0,5,0,1,1,1
7,41,31,0.00022622864344157279,1,0,6,4,1,1,0,1,0,1,1,1
7,41,32,0.011516842059791088,1,0,6,4,1,2,0,2,0,1,1,1
7,41,36,0.0003934639971703291,1,0,6,5,1,1,0,1,0,2,1,2
7,41,37,0.010046490468084812,1,0,6,5,1,2,0,2,0,2,1,2
7,41,38,0.013827982358634472,1,0,6,5,1,3,0,3,0,2,1,2
7,41,42,0.16830696165561676,1,1,6,6,1,2,0,0,0,0,1,1
7,41,43,0.024306144565343857,1,1,6,6,1,3,0,0,0,0,1,1
7,41,45,0.009079565294086933,1,1,6,6,1,5,0,0,0,0,1,1
7,41,47,0.00147007848136127,1,2,6,7,1,0,0,0,0,0,1,4
7,44,1,0.01687910594046116,1,0,6,3,4,1,0,1,0,1,1,1
7,44,2,0.05788202956318855,1,0,6,3,4,2,0,1,0,1,1,1
7,44,6,0.15573514997959137,1,0,6,3,4,6,0,1,0,1,1,1
7,44,7,0.03521979972720146,1,0,6,3,4,1,0,2,0,1,1,1
7,44,8,0.11788640171289444,1,0,6,3,4,2,0,2,0,1,1,1
7,44,10,0.07616101205348969,1,0,6,3,4,4,0,2,0,1,1,1
7,44,13,0.1310437172651291,1,0,6,3,4,1,0,3,0,1,1,1
7,44,15,0.009468704462051392,1,0,6,3,4,3,0,3,0,1,1,1
7,44,18,0.032494109123945236,1,0,6,3,4,6,0,3,0,1,1,1
7,44,19,0.012364995665848255,1,0,6,3,4,1,0,4,0,1,1,1
7,44,23,0.08172588050365448,1,0,6,3,4,5,0,4,0,1,1,1
7,44,24,0.008623640052974224,1,0,6,3,4,6,0,4,0,1,1,1
7,44,26,0.059319060295820236,1,0,6,3,4,2,0,5,0,1,1,1
7,44,28,0.009668750688433647,1,0,6,3,4,4,0,5,0,1,1,1
7,44,29,0.02275012992322445,1,0,6,3,4,5,0,5,0,1,1,1
7,44,31,0.010421601124107838,1,0,6,4,4,1,0,1,0,1,1,1
7,44,32,0.019881684333086014,1,0,6,4,4,2,0,2,0,1,1,1
7,44,36,0.01177874393761158,1,0,6,5,4,1,0,1,0,2,1,2
7,44,37,0.007613904308527708,1,0,6,5,4,2,0,2,0,2,1,2
7,44,38,0.011670755222439766,1,0,6,5,4,3,0,3,0,2,1,2
7,44,42,0.04099755734205246,1,1,6,6,4,2,0,0,0,0,1,1
7,44,43,0.017329726368188858,1,1,6,6,4,3,0,0,0,0,1,1
7,44,45,0.05277978256344795,1,1,6,6,4,5,0,0,0,0,1,1
7,44,47,0.000303742999676615,1,2,6,7,4,0,0,0,0,0,1,4
7,46,1,0.001130267046391964,1,0,6,3,6,1,0,1,0,1,1,1
7,46,2,0.05348443239927292,1,0,6,3,6,2,0,1,0,1,1,1
7,46,6,0.007065880112349987,1,0,6,3,6,6,0,1,0,1,1,1
7,46,7,0.00995541550219059,1,0,6,3,6,1,0,2,0,1,1,1
7,46,8,0.05320892110466957,1,0,6,3,6,2,0,2,0,1,1,1
7,46,10,0.06675084680318832,1,0,6,3,6,4,0,2,0,1,1,1
7,46,13,0.008466675877571106,1,0,6,3,6,1,0,3,0,1,1,1
7,46,15,0.05987631157040596,1,0,6,3,6,3,0,3,0,1,1,1
7,46,18,0.011477135121822357,1,0,6,3,6,6,0,3,0,1,1,1
7,46,19,0.010819132439792156,1,0,6,3,6,1,0,4,0,1,1,1
7,46,23,0.08422139286994934,1,0,6,3,6,5,0,4,0,1,1,1
7,46,24,0.016961026936769485,1,0,6,3,6,6,0,4,0,1,1,1
7,46,26,0.379902184009552,1,0,6,3,6,2,0,5,0,1,1,1
7,46,28,0.020372705534100533,1,0,6,3,6,4,0,5,0,1,1,1
7,46,29,0.040544990450143814,1,0,6,3,6,5,0,5,0,1,1,1
7,46,31,0.0010728009510785341,1,0,6,4,6,1,0,1,0,1,1,1
7,46,32,0.024139292538166046,1,0,6,4,6,2,0,2,0,1,1,1
7,46,36,0.0031875644344836473,1,0,6,5,6,1,0,1,0,2,1,2
7,46,37,0.019197823479771614,1,0,6,5,6,2,0,2,0,2,1,2
7,46,38,0.03439243137836456,1,0,6,5,6,3,0,3,0,2,1,2
7,46,42,0.06398490816354752,1,1,6,6,6,2,0,0,0,0,1,1
7,46,43,0.011218875646591187,1,1,6,6,6,3,0,0,0,0,1,1
7,46,45,0.008407684043049812,1,1,6,6,6,5,0,0,0,0,1,1
7,46,47,0.010161635465919971,1,2,6,7,6,0,0,0,0,0,1,4
