coupling_layer,target_coord,fixed_coord,mean_attention,target_latent_type,fixed_latent_type,target_parameter_type,fixed_parameter_type,target_group,fixed_group,target_unit,fixed_unit,target_layer,fixed_layer,target_side,fixed_side
0,4,0,0.02157530002295971,0,0,3,1,4,0,1,0,1,2,1,4
0,4,1,2.106033753079828e-05,0,0,3,3,4,1,1,1,1,1,1,1
0,4,2,9.000937097880524e-06,0,0,3,3,4,2,1,1,1,1,1,1
0,4,3,6.176013357617194e-06,0,0,3,3,4,3,1,1,1,1,1,1
0,4,5,7.539701414316369e-07,0,0,3,3,4,5,1,1,1,1,1,1
0,4,6,1.5818648535059765e-05,0,0,3,3,4,6,1,1,1,1,1,1
0,4,7,6.204507371876389e-05,0,0,3,3,4,1,1,2,1,1,1,1
0,4,11,9.735907951835543e-06,0,0,3,3,4,5,1,2,1,1,1,1
0,4,13,0.15180625021457672,0,0,3,3,4,1,1,3,1,1,1,1
0,4,18,0.007447558920830488,0,0,3,3,4,6,1,3,1,1,1,1
0,4,23,1.0852239029190969e-05,0,0,3,3,4,5,1,4,1,1,1,1
0,4,24,5.545042313315207e-06,0,0,3,3,4,6,1,4,1,1,1,1
0,4,25,0.00023813522420823574,0,0,3,3,4,1,1,5,1,1,1,1
0,4,26,3.221258521080017e-05,0,0,3,3,4,2,1,5,1,1,1,1
0,4,28,0.0002951193891931325,0,0,3,3,4,4,1,5,1,1,1,1
0,4,31,6.121004844317213e-05,0,0,3,4,4,1,1,1,1,1,1,1
0,4,32,9.282217069994658e-05,0,0,3,4,4,2,1,2,1,1,1,1
0,4,33,0.02826906554400921,0,0,3,4,4,3,1,3,1,1,1,1
0,4,34,0.00024163642956409603,0,0,3,4,4,4,1,4,1,1,1,1
0,4,38,0.7874283194541931,0,0,3,5,4,3,1,3,1,2,1,2
0,4,40,0.00010248120088363066,0,0,3,5,4,5,1,5,1,2,1,2
0,4,43,0.0003598786424845457,0,1,3,6,4,3,1,0,1,0,1,1
0,4,44,0.0003716782957781106,0,1,3,6,4,4,1,0,1,0,1,1
0,4,46,0.0015365610597655177,0,1,3,6,4,6,1,0,1,0,1,1
0,8,0,0.011768881231546402,0,0,3,1,2,0,2,0,1,2,1,4
0,8,1,3.729440322786104e-06,0,0,3,3,2,1,2,1,1,1,1,1
0,8,2,3.0954156500229146e-06,0,0,3,3,2,2,2,1,1,1,1,1
0,8,3,7.59720080623083e-07,0,0,3,3,2,3,2,1,1,1,1,1
0,8,5,2.473025517701899e-07,0,0,3,3,2,5,2,1,1,1,1,1
0,8,6,1.4405713955056854e-06,0,0,3,3,2,6,2,1,1,1,1,1
0,8,7,1.9708775653271005e-05,0,0,3,3,2,1,2,2,1,1,1,1
0,8,11,5.402167744250619e-07,0,0,3,3,2,5,2,2,1,1,1,1
0,8,13,0.02182101272046566,0,0,3,3,2,1,2,3,1,1,1,1
0,8,18,0.000320362247293815,0,0,3,3,2,6,2,3,1,1,1,1
0,8,23,7.952673399813648e-07,0,0,3,3,2,5,2,4,1,1,1,1
0,8,24,5.197986183702596e-07,0,0,3,3,2,6,2,4,1,1,1,1
0,8,25,4.529176658252254e-05,0,0,3,3,2,1,2,5,1,1,1,1
0,8,26,6.291361842158949e-06,0,0,3,3,2,2,2,5,1,1,1,1
0,8,28,2.4541195671190508e-05,0,0,3,3,2,4,2,5,1,1,1,1
0,8,31,3.399794513825327e-05,0,0,3,4,2,1,2,1,1,1,1,1
0,8,32,2.8838809157605283e-05,0,0,3,4,2,2,2,2,1,1,1,1
0,8,33,0.014358536340296268,0,0,3,4,2,3,2,3,1,1,1,1
0,8,34,3.112328704446554e-05,0,0,3,4,2,4,2,4,1,1,1,1
0,8,38,0.9510461688041687,0,0,3,5,2,3,2,3,1,2,1,2
0,8,40,0.0003854961250908673,0,0,3,5,2,5,2,5,1,2,1,2
0,8,43,3.211471630493179e-05,0,1,3,6,2,3,2,0,1,0,1,1
0,8,44,3.166449459968135e-05,0,1,3,6,2,4,2,0,1,0,1,1
0,8,46,3.490194649202749e-05,0,1,3,6,2,6,2,0,1,0,1,1
0,9,0,0.2945309579372406,0,0,3,1,3,0,2,0,1,2,1,4
0,9,1,0.0005027790903113782,0,0,3,3,3,1,2,1,1,1,1,1
0,9,2,0.0006535269785672426,0,0,3,3,3,2,2,1,1,1,1,1
0,9,3,0.0002419117372483015,0,0,3,3,3,3,2,1,1,1,1,1
0,9,5,0.00011843847460113466,0,0,3,3,3,5,2,1,1,1,1,1
0,9,6,0.00044881433132104576,0,0,3,3,3,6,2,1,1,1,1,1
0,9,7,0.0013001086190342903,0,0,3,3,3,1,2,2,1,1,1,1
0,9,11,0.00032272294629365206,0,0,3,3,3,5,2,2,1,1,1,1
0,9,13,0.1916993111371994,0,0,3,3,3,1,2,3,1,1,1,1
0,9,18,0.014734079129993916,0,0,3,3,3,6,2,3,1,1,1,1
0,9,23,0.0003406725008971989,0,0,3,3,3,5,2,4,1,1,1,1
0,9,24,0.00015655695460736752,0,0,3,3,3,6,2,4,1,1,1,1
0,9,25,0.0033704647794365883,0,0,3,3,3,1,2,5,1,1,1,1
0,9,26,0.0016970628639683127,0,0,3,3,3,2,2,5,1,1,1,1
0,9,28,0.0035510652232915163,0,0,3,3,3,4,2,5,1,1,1,1
0,9,31,0.0009740651585161686,0,0,3,4,3,1,2,1,1,1,1,1
0,9,32,0.0012452425435185432,0,0,3,4,3,2,2,2,1,1,1,1
0,9,33,0.039152439683675766,0,0,3,4,3,3,2,3,1,1,1,1
0,9,34,0.0016140389489009976,0,0,3,4,3,4,2,4,1,1,1,1
0,9,38,0.4304567575454712,0,0,3,5,3,3,2,3,1,2,1,2
0,9,40,0.0022684400901198387,0,0,3,5,3,5,2,5,1,2,1,2
0,9,43,0.0021557481959462166,0,1,3,6,3,3,2,0,1,0,1,1
0,9,44,0.0028509371913969517,0,1,3,6,3,4,2,0,1,0,1,1
0,9,46,0.005613950081169605,0,1,3,6,3,6,2,0,1,0,1,1
0,10,0,0.0014682249166071415,0,0,3,1,4,0,2,0,1,2,1,4
0,10,1,0.00015869027993176132,0,0,3,3,4,1,2,1,1,1,1,1
0,10,2,0.00015404009900521487,0,0,3,3,4,2,2,1,1,1,1,1
0,10,3,1.6607575162197463e-05,0,0,3,3,4,3,2,1,1,1,1,1
0,10,5,4.365501354186563e-06,0,0,3,3,4,5,2,1,1,1,1,1
0,10,6,4.317575803725049e-05,0,0,3,3,4,6,2,1,1,1,1,1
0,10,7,0.0002403115649940446,0,0,3,3,4,1,2,2,1,1,1,1
0,10,11,9.964242053683847e-06,0,0,3,3,4,5,2,2,1,1,1,1
0,10,13,0.7318490147590637,0,0,3,3,4,1,2,3,1,1,1,1
0,10,18,0.007407478988170624,0,0,3,3,4,6,2,3,1,1,1,1
0,10,23,8.26970863272436e-05,0,0,3,3,4,5,2,4,1,1,1,1
0,10,24,2.729062362050172e-05,0,0,3,3,4,6,2,4,1,1,1,1
0,10,25,0.00031215246417559683,0,0,3,3,4,1,2,5,1,1,1,1
0,10,26,0.00014103577996138483,0,0,3,3,4,2,2,5,1,1,1,1
0,10,28,0.0002573593519628048,0,0,3,3,4,4,2,5,1,1,1,1
0,10,31,0.0005252792616374791,0,0,3,4,4,1,2,1,1,1,1,1
0,10,32,0.0009400497656315565,0,0,3,4,4,2,2,2,1,1,1,1
0,10,33,0.1254683881998062,0,0,3,4,4,3,2,3,1,1,1,1
0,10,34,0.0008606573101133108,0,0,3,4,4,4,2,4,1,1,1,1
0,10,38,0.12945027649402618,0,0,3,5,4,3,2,3,1,2,1,2
0,10,40,0.00012790797336492687,0,0,3,5,4,5,2,5,1,2,1,2
0,10,43,0.00014862643729429692,0,1,3,6,4,3,2,0,1,0,1,1
0,10,44,8.380007784580812e-05,0,1,3,6,4,4,2,0,1,0,1,1
0,10,46,0.00022227378212846816,0,1,3,6,4,6,2,0,1,0,1,1
0,12,0,0.0019464831566438079,0,0,3,1,6,0,2,0,1,2,1,4
0,12,1,3.4332720133534167e-06,0,0,3,3,6,1,2,1,1,1,1,1
0,12,2,8.848936658978346e-07,0,0,3,3,6,2,2,1,1,1,1,1
0,12,3,2.6401238528706017e-07,0,0,3,3,6,3,2,1,1,1,1,1
0,12,5,3.549881100184393e-08,0,0,3,3,6,5,2,1,1,1,1,1
0,12,6,6.803668952670705e-07,0,0,3,3,6,6,2,1,1,1,1,1
0,12,7,3.3702258406265173e-06,0,0,3,3,6,1,2,2,1,1,1,1
0,12,11,7.208245023093696e-08,0,0,3,3,6,5,2,2,1,1,1,1
0,12,13,0.007112172432243824,0,0,3,3,6,1,2,3,1,1,1,1
0,12,18,0.00011642691242741421,0,0,3,3,6,6,2,3,1,1,1,1
0,12,23,6.310322646640998e-07,0,0,3,3,6,5,2,4,1,1,1,1
0,12,24,3.58320392024325e-07,0,0,3,3,6,6,2,4,1,1,1,1
0,12,25,1.3135027984390035e-05,0,0,3,3,6,1,2,5,1,1,1,1
0,12,26,2.5960844141081907e-06,0,0,3,3,6,2,2,5,1,1,1,1
0,12,28,1.136989794758847e-05,0,0,3,3,6,4,2,5,1,1,1,1
0,12,31,1.7068548459064914e-06,0,0,3,4,6,1,2,1,1,1,1,1
0,12,32,1.4262340073400992e-06,0,0,3,4,6,2,2,2,1,1,1,1
0,12,33,0.0013828411465510726,0,0,3,4,6,3,2,3,1,1,1,1
0,12,34,4.265480129106436e-06,0,0,3,4,6,4,2,4,1,1,1,1
0,12,38,0.9882399439811707,0,0,3,5,6,3,2,3,1,2,1,2
0,12,40,0.000983480829745531,0,0,3,5,6,5,2,5,1,2,1,2
0,12,43,4.2882664274657145e-05,0,1,3,6,6,3,2,0,1,0,1,1
0,12,44,1.900032293633558e-05,0,1,3,6,6,4,2,0,1,0,1,1
0,12,46,0.000112558038381394,0,1,3,6,6,6,2,0,1,0,1,1
0,14,0,0.023871997371315956,0,0,3,1,2,0,3,0,1,2,1,4
0,14,1,5.3789921366842464e-05,0,0,3,3,2,1,3,1,1,1,1,1
0,14,2,1.0138020115846302e-05,0,0,3,3,2,2,3,1,1,1,1,1
0,14,3,1.0424097126815468e-05,0,0,3,3,2,3,3,1,1,1,1,1
0,14,5,1.827794676501071e-06,0,0,3,3,2,5,3,1,1,1,1,1
0,14,6,1.7807788026402704e-05,0,0,3,3,2,6,3,1,1,1,1,1
0,14,7,3.154425576212816e-05,0,0,3,3,2,1,3,2,1,1,1,1
0,14,11,9.944052408172865e-07,0,0,3,3,2,5,3,2,1,1,1,1
0,14,13,0.0036336255725473166,0,0,3,3,2,1,3,3,1,1,1,1
0,14,18,0.0004309062787797302,0,0,3,3,2,6,3,3,1,1,1,1
0,14,23,2.1822203052579425e-05,0,0,3,3,2,5,3,4,1,1,1,1
0,14,24,3.0285307730082422e-05,0,0,3,3,2,6,3,4,1,1,1,1
0,14,25,0.00019554892787709832,0,0,3,3,2,1,3,5,1,1,1,1
0,14,26,1.1816621736215893e-05,0,0,3,3,2,2,3,5,1,1,1,1
0,14,28,8.637714927317575e-05,0,0,3,3,2,4,3,5,1,1,1,1
0,14,31,3.456004924373701e-05,0,0,3,4,2,1,3,1,1,1,1,1
0,14,32,2.5402848677913425e-06,0,0,3,4,2,2,3,2,1,1,1,1
0,14,33,0.0036314427852630615,0,0,3,4,2,3,3,3,1,1,1,1
0,14,34,3.7039844755781814e-05,0,0,3,4,2,4,3,4,1,1,1,1
0,14,38,0.935194730758667,0,0,3,5,2,3,3,3,1,2,1,2
0,14,40,0.02305658534169197,0,0,3,5,2,5,3,5,1,2,1,2
0,14,43,0.0013961629010736942,0,1,3,6,2,3,3,0,1,0,1,1
0,14,44,0.0009381924173794687,0,1,3,6,2,4,3,0,1,0,1,1
0,14,46,0.007299425546079874,0,1,3,6,2,6,3,0,1,0,1,1
0,15,0,0.6108748912811279,0,0,3,1,3,0,3,0,1,2,1,4
0,15,1,0.00010726266191340983,0,0,3,3,3,1,3,1,1,1,1,1
0,15,2,4.9803260480985045e-05,0,0,3,3,3,2,3,1,1,1,1,1
0,15,3,2.5834608095465228e-05,0,0,3,3,3,3,3,1,1,1,1,1
0,15,5,1.3113445675116964e-05,0,0,3,3,3,5,3,1,1,1,1,1
0,15,6,3.198449485353194e-05,0,0,3,3,3,6,3,1,1,1,1,1
0,15,7,0.0003394127998035401,0,0,3,3,3,1,3,2,1,1,1,1
0,15,11,1.1038895536330529e-05,0,0,3,3,3,5,3,2,1,1,1,1
0,15,13,0.0014175735414028168,0,0,3,3,3,1,3,3,1,1,1,1
0,15,18,0.0002934154763352126,0,0,3,3,3,6,3,3,1,1,1,1
0,15,23,1.914755193865858e-05,0,0,3,3,3,5,3,4,1,1,1,1
0,15,24,2.273083919135388e-05,0,0,3,3,3,6,3,4,1,1,1,1
0,15,25,0.0003326770383864641,0,0,3,3,3,1,3,5,1,1,1,1
0,15,26,7.30112733435817e-05,0,0,3,3,3,2,3,5,1,1,1,1
0,15,28,0.00015941385936457664,0,0,3,3,3,4,3,5,1,1,1,1
0,15,31,0.000144036443089135,0,0,3,4,3,1,3,1,1,1,1,1
0,15,32,4.856001032749191e-05,0,0,3,4,3,2,3,2,1,1,1,1
0,15,33,0.00104000314604491,0,0,3,4,3,3,3,3,1,1,1,1
0,15,34,0.00010379830200690776,0,0,3,4,3,4,3,4,1,1,1,1
0,15,38,0.36036133766174316,0,0,3,5,3,3,3,3,1,2,1,2
0,15,40,0.02122950367629528,0,0,3,5,3,5,3,5,1,2,1,2
0,15,43,0.0004500680079218,0,1,3,6,3,3,3,0,1,0,1,1
0,15,44,0.0007637855014763772,0,1,3,6,3,4,3,0,1,0,1,1
0,15,46,0.002087946282699704,0,1,3,6,3,6,3,0,1,0,1,1
0,16,0,0.010553429834544659,0,0,3,1,4,0,3,0,1,2,1,4
0,16,1,5.1173174142604694e-05,0,0,3,3,4,1,3,1,1,1,1,1
0,16,2,9.668144230090547e-06,0,0,3,3,4,2,3,1,1,1,1,1
0,16,3,6.047129318176303e-06,0,0,3,3,4,3,3,1,1,1,1,1
0,16,5,1.3341012845557998e-06,0,0,3,3,4,5,3,1,1,1,1,1
0,16,6,1.9475784938549623e-05,0,0,3,3,4,6,3,1,1,1,1,1
0,16,7,5.585992039414123e-05,0,0,3,3,4,1,3,2,1,1,1,1
0,16,11,2.6210088890366023e-06,0,0,3,3,4,5,3,2,1,1,1,1
0,16,13,0.010775575414299965,0,0,3,3,4,1,3,3,1,1,1,1
0,16,18,0.0011168975615873933,0,0,3,3,4,6,3,3,1,1,1,1
0,16,23,1.478430385759566e-05,0,0,3,3,4,5,3,4,1,1,1,1
0,16,24,1.5781057300046086e-05,0,0,3,3,4,6,3,4,1,1,1,1
0,16,25,0.0002168384235119447,0,0,3,3,4,1,3,5,1,1,1,1
0,16,26,2.3441394660039805e-05,0,0,3,3,4,2,3,5,1,1,1,1
0,16,28,8.446323045063764e-05,0,0,3,3,4,4,3,5,1,1,1,1
0,16,31,3.238811405026354e-05,0,0,3,4,4,1,3,1,1,1,1,1
0,16,32,1.039463222696213e-05,0,0,3,4,4,2,3,2,1,1,1,1
0,16,33,0.0026576174423098564,0,0,3,4,4,3,3,3,1,1,1,1
0,16,34,3.307518272777088e-05,0,0,3,4,4,4,3,4,1,1,1,1
0,16,38,0.9636905193328857,0,0,3,5,4,3,3,3,1,2,1,2
0,16,40,0.009396926499903202,0,0,3,5,4,5,3,5,1,2,1,2
0,16,43,0.00025975043536163867,0,1,3,6,4,3,3,0,1,0,1,1
0,16,44,9.174340084427968e-05,0,1,3,6,4,4,3,0,1,0,1,1
0,16,46,0.000880151754245162,0,1,3,6,4,6,3,0,1,0,1,1
0,17,0,0.6164171695709229,0,0,3,1,5,0,3,0,1,2,1,4
0,17,1,0.00036016039666719735,0,0,3,3,5,1,3,1,1,1,1,1
0,17,2,0.00044149140012450516,0,0,3,3,5,2,3,1,1,1,1,1
0,17,3,6.0988266341155395e-05,0,0,3,3,5,3,3,1,1,1,1,1
0,17,5,6.537372973980382e-05,0,0,3,3,5,5,3,1,1,1,1,1
0,17,6,8.099927072180435e-05,0,0,3,3,5,6,3,1,1,1,1,1
0,17,7,0.0023409121204167604,0,0,3,3,5,1,3,2,1,1,1,1
0,17,11,5.15462743351236e-05,0,0,3,3,5,5,3,2,1,1,1,1
0,17,13,0.015298031270503998,0,0,3,3,5,1,3,3,1,1,1,1
0,17,18,0.0012102789478376508,0,0,3,3,5,6,3,3,1,1,1,1
0,17,23,7.212204945972189e-05,0,0,3,3,5,5,3,4,1,1,1,1
0,17,24,6.332471093628556e-05,0,0,3,3,5,6,3,4,1,1,1,1
0,17,25,0.0012258643982931972,0,0,3,3,5,1,3,5,1,1,1,1
0,17,26,0.0005776580073870718,0,0,3,3,5,2,3,5,1,1,1,1
0,17,28,0.00032140081748366356,0,0,3,3,5,4,3,5,1,1,1,1
0,17,31,0.0012143586063757539,0,0,3,4,5,1,3,1,1,1,1,1
0,17,32,0.0006762977573089302,0,0,3,4,5,2,3,2,1,1,1,1
0,17,33,0.008469345048069954,0,0,3,4,5,3,3,3,1,1,1,1
0,17,34,0.0007825315115042031,0,0,3,4,5,4,3,4,1,1,1,1
0,17,38,0.3202858567237854,0,0,3,5,5,3,3,3,1,2,1,2
0,17,40,0.029201306402683258,0,0,3,5,5,5,3,5,1,2,1,2
0,17,43,0.00019906714442186058,0,1,3,6,5,3,3,0,1,0,1,1
0,17,44,0.0002196900750277564,0,1,3,6,5,4,3,0,1,0,1,1
0,17,46,0.00036452841595746577,0,1,3,6,5,6,3,0,1,0,1,1
0,19,0,0.007713619153946638,0,0,3,1,1,0,4,0,1,2,1,4
0,19,1,4.128802117975283e-07,0,0,3,3,1,1,4,1,1,1,1,1
0,19,2,7.271269453212881e-08,0,0,3,3,1,2,4,1,1,1,1,1
0,19,3,8.150993124900197e-08,0,0,3,3,1,3,4,1,1,1,1,1
0,19,5,1.612187183752667e-08,0,0,3,3,1,5,4,1,1,1,1,1
0,19,6,2.1413863748875883e-07,0,0,3,3,1,6,4,1,1,1,1,1
0,19,7,8.20477850993484e-07,0,0,3,3,1,1,4,2,1,1,1,1
0,19,11,4.342456705330733e-08,0,0,3,3,1,5,4,2,1,1,1,1
0,19,13,0.0005501482519321144,0,0,3,3,1,1,4,3,1,1,1,1
0,19,18,5.807043635286391e-05,0,0,3,3,1,6,4,3,1,1,1,1
0,19,23,9.108052267947642e-08,0,0,3,3,1,5,4,4,1,1,1,1
0,19,24,1.1469273886177689e-07,0,0,3,3,1,6,4,4,1,1,1,1
0,19,25,1.0214717804046813e-05,0,0,3,3,1,1,4,5,1,1,1,1
0,19,26,5.021194056098466e-07,0,0,3,3,1,2,4,5,1,1,1,1
0,19,28,3.4590229915920645e-06,0,0,3,3,1,4,4,5,1,1,1,1
0,19,31,5.588216822616232e-07,0,0,3,4,1,1,4,1,1,1,1,1
0,19,32,8.149575592142355e-08,0,0,3,4,1,2,4,2,1,1,1,1
0,19,33,0.0001335797132924199,0,0,3,4,1,3,4,3,1,1,1,1
0,19,34,4.813819600713032e-07,0,0,3,4,1,4,4,4,1,1,1,1
0,19,38,0.9902403950691223,0,0,3,5,1,3,4,3,1,2,1,2
0,19,40,0.001074190717190504,0,0,3,5,1,5,4,5,1,2,1,2
0,19,43,3.2569285394856706e-05,0,1,3,6,1,3,4,0,1,0,1,1
0,19,44,1.9000433894689195e-05,0,1,3,6,1,4,4,0,1,0,1,1
0,19,46,0.00016059898189269006,0,1,3,6,1,6,4,0,1,0,1,1
0,20,0,0.4766504168510437,0,0,3,1,2,0,4,0,1,2,1,4
0,20,1,5.090465947432676e-06,0,0,3,3,2,1,4,1,1,1,1,1
0,20,2,2.018973191297846e-06,0,0,3,3,2,2,4,1,1,1,1,1
0,20,3,2.6772172532218974e-06,0,0,3,3,2,3,4,1,1,1,1,1
0,20,5,1.0346929002480465e-06,0,0,3,3,2,5,4,1,1,1,1,1
0,20,6,3.1391530228574993e-06,0,0,3,3,2,6,4,1,1,1,1,1
0,20,7,3.1016155844554305e-05,0,0,3,3,2,1,4,2,1,1,1,1
0,20,11,1.3958730278318399e-06,0,0,3,3,2,5,4,2,1,1,1,1
0,20,13,0.0005341036012396216,0,0,3,3,2,1,4,3,1,1,1,1
0,20,18,0.0001542047393741086,0,0,3,3,2,6,4,3,1,1,1,1
0,20,23,7.042415859359608e-07,0,0,3,3,2,5,4,4,1,1,1,1
0,20,24,1.3356386716623092e-06,0,0,3,3,2,6,4,4,1,1,1,1
0,20,25,5.6581957323942333e-05,0,0,3,3,2,1,4,5,1,1,1,1
0,20,26,5.239769961917773e-06,0,0,3,3,2,2,4,5,1,1,1,1
0,20,28,5.075427543488331e-05,0,0,3,3,2,4,4,5,1,1,1,1
0,20,31,3.8327281799865887e-05,0,0,3,4,2,1,4,1,1,1,1,1
0,20,32,8.630384400021285e-06,0,0,3,4,2,2,4,2,1,1,1,1
0,20,33,0.0006552839768119156,0,0,3,4,2,3,4,3,1,1,1,1
0,20,34,2.0142068024142645e-05,0,0,3,4,2,4,4,4,1,1,1,1
0,20,38,0.5140663385391235,0,0,3,5,2,3,4,3,1,2,1,2
0,20,40,0.0022079041227698326,0,0,3,5,2,5,4,5,1,2,1,2
0,20,43,0.00035158873652108014,0,1,3,6,2,3,4,0,1,0,1,1
0,20,44,0.002538447268307209,0,1,3,6,2,4,4,0,1,0,1,1
0,20,46,0.0026138024404644966,0,1,3,6,2,6,4,0,1,0,1,1
0,21,0,0.4252184331417084,0,0,3,1,3,0,4,0,1,2,1,4
0,21,1,3.0614648949267576e-06,0,0,3,3,3,1,4,1,1,1,1,1
0,21,2,2.804513883347681e-07,0,0,3,3,3,2,4,1,1,1,1,1
0,21,3,1.442401071471977e-06,0,0,3,3,3,3,4,1,1,1,1,1
0,21,5,3.0674709705635905e-07,0,0,3,3,3,5,4,1,1,1,1,1
0,21,6,3.1172314720606664e-06,0,0,3,3,3,6,4,1,1,1,1,1
0,21,7,7.664634722459596e-06,0,0,3,3,3,1,4,2,1,1,1,1
0,21,11,1.1773315691243624e-06,0,0,3,3,3,5,4,2,1,1,1,1
0,21,13,0.00012273984611965716,0,0,3,3,3,1,4,3,1,1,1,1
0,21,18,0.0001669692137511447,0,0,3,3,3,6,4,3,1,1,1,1
0,21,23,6.319483532024606e-07,0,0,3,3,3,5,4,4,1,1,1,1
0,21,24,1.4619215562561294e-06,0,0,3,3,3,6,4,4,1,1,1,1
0,21,25,4.986181011190638e-05,0,0,3,3,3,1,4,5,1,1,1,1
0,21,26,2.442609229547088e-06,0,0,3,3,3,2,4,5,1,1,1,1
0,21,28,4.853612699662335e-05,0,0,3,3,3,4,4,5,1,1,1,1
0,21,31,3.4248623705934733e-06,0,0,3,4,3,1,4,1,1,1,1,1
0,21,32,5.546184524973796e-07,0,0,3,4,3,2,4,2,1,1,1,1
0,21,33,5.077455716673285e-05,0,0,3,4,3,3,4,3,1,1,1,1
0,21,34,4.6895729610696435e-06,0,0,3,4,3,4,4,4,1,1,1,1
0,21,38,0.561704695224762,0,0,3,5,3,3,4,3,1,2,1,2
0,21,40,0.0023381486535072327,0,0,3,5,3,5,4,5,1,2,1,2
0,21,43,0.0003572454734239727,0,1,3,6,3,3,4,0,1,0,1,1
0,21,44,0.0015741289826110005,0,1,3,6,3,4,4,0,1,0,1,1
0,21,46,0.008337742649018764,0,1,3,6,3,6,4,0,1,0,1,1
0,22,0,0.05633550137281418,0,0,3,1,4,0,4,0,1,2,1,4
0,22,1,1.4959290638216771e-05,0,0,3,3,4,1,4,1,1,1,1,1
0,22,2,1.4025738437339896e-06,0,0,3,3,4,2,4,1,1,1,1,1
0,22,3,2.0209956801409135e-06,0,0,3,3,4,3,4,1,1,1,1,1
0,22,5,2.514726133995282e-07,0,0,3,3,4,5,4,1,1,1,1,1
0,22,6,3.7632498788298108e-06,0,0,3,3,4,6,4,1,1,1,1,1
0,22,7,1.4539516087097581e-05,0,0,3,3,4,1,4,2,1,1,1,1
0,22,11,6.783703838664223e-07,0,0,3,3,4,5,4,2,1,1,1,1
0,22,13,0.012898538261651993,0,0,3,3,4,1,4,3,1,1,1,1
0,22,18,0.002306482521817088,0,0,3,3,4,6,4,3,1,1,1,1
0,22,23,3.506170060063596e-06,0,0,3,3,4,5,4,4,1,1,1,1
0,22,24,3.6855558391835075e-06,0,0,3,3,4,6,4,4,1,1,1,1
0,22,25,6.739800301147625e-05,0,0,3,3,4,1,4,5,1,1,1,1
0,22,26,3.6023241136717843e-06,0,0,3,3,4,2,4,5,1,1,1,1
0,22,28,7.264322630362585e-05,0,0,3,3,4,4,4,5,1,1,1,1
0,22,31,3.1641429814044386e-05,0,0,3,4,4,1,4,1,1,1,1,1
0,22,32,4.6901095629436895e-06,0,0,3,4,4,2,4,2,1,1,1,1
0,22,33,0.004413473419845104,0,0,3,4,4,3,4,3,1,1,1,1
0,22,34,8.30924982437864e-05,0,0,3,4,4,4,4,4,1,1,1,1
0,22,38,0.9134382009506226,0,0,3,5,4,3,4,3,1,2,1,2
0,22,40,0.0003838363627437502,0,0,3,5,4,5,4,5,1,2,1,2
0,22,43,0.000323456188198179,0,1,3,6,4,3,4,0,1,0,1,1
0,22,44,0.001807045191526413,0,1,3,6,4,4,4,0,1,0,1,1
0,22,46,0.007785981521010399,0,1,3,6,4,6,4,0,1,0,1,1
0,27,0,0.25581833720207214,0,0,3,1,3,0,5,0,1,2,1,4
0,27,1,0.0014388615963980556,0,0,3,3,3,1,5,1,1,1,1,1
0,27,2,0.0008568563498556614,0,0,3,3,3,2,5,1,1,1,1,1
0,27,3,0.0011355914175510406,0,0,3,3,3,3,5,1,1,1,1,1
0,27,5,0.0005151414661668241,0,0,3,3,3,5,5,1,1,1,1,1
0,27,6,0.0008221055031754076,0,0,3,3,3,6,5,1,1,1,1,1
0,27,7,0.001815696363337338,0,0,3,3,3,1,5,2,1,1,1,1
0,27,11,0.0002967124746646732,0,0,3,3,3,5,5,2,1,1,1,1
0,27,13,0.030740343034267426,0,0,3,3,3,1,5,3,1,1,1,1
0,27,18,0.007511981297284365,0,0,3,3,3,6,5,3,1,1,1,1
0,27,23,0.0008094572694972157,0,0,3,3,3,5,5,4,1,1,1,1
0,27,24,0.0006628836854360998,0,0,3,3,3,6,5,4,1,1,1,1
0,27,25,0.0032495518680661917,0,0,3,3,3,1,5,5,1,1,1,1
0,27,26,0.0007714830571785569,0,0,3,3,3,2,5,5,1,1,1,1
0,27,28,0.006085169967263937,0,0,3,3,3,4,5,5,1,1,1,1
0,27,31,0.004796313121914864,0,0,3,4,3,1,5,1,1,1,1,1
0,27,32,0.00105741573497653,0,0,3,4,3,2,5,2,1,1,1,1
0,27,33,0.042993225157260895,0,0,3,4,3,3,5,3,1,1,1,1
0,27,34,0.003986178897321224,0,0,3,4,3,4,5,4,1,1,1,1
0,27,38,0.21658001840114594,0,0,3,5,3,3,5,3,1,2,1,2
0,27,40,0.004669101443141699,0,0,3,5,3,5,5,5,1,2,1,2
0,27,43,0.0324593186378479,0,1,3,6,3,3,5,0,1,0,1,1
0,27,44,0.23128992319107056,0,1,3,6,3,4,5,0,1,0,1,1
0,27,46,0.1496381014585495,0,1,3,6,3,6,5,0,1,0,1,1
0,29,0,0.0019232322229072452,0,0,3,1,5,0,5,0,1,2,1,4
0,29,1,2.202992618549615e-05,0,0,3,3,5,1,5,1,1,1,1,1
0,29,2,2.3168454390543047e-06,0,0,3,3,5,2,5,1,1,1,1,1
0,29,3,2.316438212801586e-06,0,0,3,3,5,3,5,1,1,1,1,1
0,29,5,8.441401178060914e-07,0,0,3,3,5,5,5,1,1,1,1,1
0,29,6,2.3472778138966532e-06,0,0,3,3,5,6,5,1,1,1,1,1
0,29,7,1.099275323213078e-05,0,0,3,3,5,1,5,2,1,1,1,1
0,29,11,2.097739297823864e-07,0,0,3,3,5,5,5,2,1,1,1,1
0,29,13,0.0004924736567772925,0,0,3,3,5,1,5,3,1,1,1,1
0,29,18,4.729852298623882e-05,0,0,3,3,5,6,5,3,1,1,1,1
0,29,23,3.0720796075911494e-06,0,0,3,3,5,5,5,4,1,1,1,1
0,29,24,3.4776828670146642e-06,0,0,3,3,5,6,5,4,1,1,1,1
0,29,25,5.780221545137465e-05,0,0,3,3,5,1,5,5,1,1,1,1
0,29,26,3.9987235140870325e-06,0,0,3,3,5,2,5,5,1,1,1,1
0,29,28,1.1641826858976856e-05,0,0,3,3,5,4,5,5,1,1,1,1
0,29,31,1.3015217518841382e-05,0,0,3,4,5,1,5,1,1,1,1,1
0,29,32,3.3656556297501083e-07,0,0,3,4,5,2,5,2,1,1,1,1
0,29,33,0.00020899774972349405,0,0,3,4,5,3,5,3,1,1,1,1
0,29,34,1.9240703750256216e-06,0,0,3,4,5,4,5,4,1,1,1,1
0,29,38,0.9489812254905701,0,0,3,5,5,3,5,3,1,2,1,2
0,29,40,0.04716971516609192,0,0,3,5,5,5,5,5,1,2,1,2
0,29,43,0.00037767094909213483,0,1,3,6,5,3,5,0,1,0,1,1
0,29,44,9.657211194280535e-05,0,1,3,6,5,4,5,0,1,0,1,1
0,29,46,0.0005668970406986773,0,1,3,6,5,6,5,0,1,0,1,1
0,30,0,4.132555841351859e-05,0,0,3,1,6,0,5,0,1,2,1,4
0,30,1,8.617101912022918e-07,0,0,3,3,6,1,5,1,1,1,1,1
0,30,2,4.208558390672579e-09,0,0,3,3,6,2,5,1,1,1,1,1
0,30,3,4.081139337586137e-08,0,0,3,3,6,3,5,1,1,1,1,1
0,30,5,3.5001519460564623e-09,0,0,3,3,6,5,5,1,1,1,1,1
0,30,6,8.430006914750265e-08,0,0,3,3,6,6,5,1,1,1,1,1
0,30,7,7.961462245020812e-08,0,0,3,3,6,1,5,2,1,1,1,1
0,30,11,1.8105277277413734e-09,0,0,3,3,6,5,5,2,1,1,1,1
0,30,13,3.335101791890338e-05,0,0,3,3,6,1,5,3,1,1,1,1
0,30,18,7.073214874253608e-06,0,0,3,3,6,6,5,3,1,1,1,1
0,30,23,8.716965282928868e-08,0,0,3,3,6,5,5,4,1,1,1,1
0,30,24,1.1749560258067504e-07,0,0,3,3,6,6,5,4,1,1,1,1
0,30,25,1.5050534329930088e-06,0,0,3,3,6,1,5,5,1,1,1,1
0,30,26,1.6956910542376136e-08,0,0,3,3,6,2,5,5,1,1,1,1
0,30,28,1.7616167724554543e-06,0,0,3,3,6,4,5,5,1,1,1,1
0,30,31,7.554167069656614e-08,0,0,3,4,6,1,5,1,1,1,1,1
0,30,32,1.1725663773276551e-09,0,0,3,4,6,2,5,2,1,1,1,1
0,30,33,2.0655057596741244e-05,0,0,3,4,6,3,5,3,1,1,1,1
0,30,34,6.625160153816978e-08,0,0,3,4,6,4,5,4,1,1,1,1
0,30,38,0.9955953359603882,0,0,3,5,6,3,5,3,1,2,1,2
0,30,40,0.003628235077485442,0,0,3,5,6,5,5,5,1,2,1,2
0,30,43,7.809144153725356e-05,0,1,3,6,6,3,5,0,1,0,1,1
0,30,44,0.0001106224226532504,0,1,3,6,6,4,5,0,1,0,1,1
0,30,46,0.00048029390745796263,0,1,3,6,6,6,5,0,1,0,1,1
0,35,0,0.0006368449539877474,0,0,4,1,5,0,5,0,1,2,1,4
0,35,1,1.7345794276479864e-06,0,0,4,3,5,1,5,1,1,1,1,1
0,35,2,5.182780427048783e-08,0,0,4,3,5,2,5,1,1,1,1,1
0,35,3,6.037390676283394e-08,0,0,4,3,5,3,5,1,1,1,1,1
0,35,5,2.9767637244049183e-08,0,0,4,3,5,5,5,1,1,1,1,1
0,35,6,2.043102824700327e-07,0,0,4,3,5,6,5,1,1,1,1,1
0,35,7,1.457959569961531e-06,0,0,4,3,5,1,5,2,1,1,1,1
0,35,11,1.307449970511243e-08,0,0,4,3,5,5,5,2,1,1,1,1
0,35,13,6.766115257050842e-05,0,0,4,3,5,1,5,3,1,1,1,1
0,35,18,1.1080619515269063e-05,0,0,4,3,5,6,5,3,1,1,1,1
0,35,23,9.760297814409569e-08,0,0,4,3,5,5,5,4,1,1,1,1
0,35,24,3.108684722974431e-07,0,0,4,3,5,6,5,4,1,1,1,1
0,35,25,5.246210093901027e-06,0,0,4,3,5,1,5,5,1,1,1,1
0,35,26,1.1873611072132917e-07,0,0,4,3,5,2,5,5,1,1,1,1
0,35,28,7.199298011073552e-07,0,0,4,3,5,4,5,5,1,1,1,1
0,35,31,2.3820223304937826e-06,0,0,4,4,5,1,5,1,1,1,1,1
0,35,32,1.0229207703105203e-07,0,0,4,4,5,2,5,2,1,1,1,1
0,35,33,4.112064925720915e-05,0,0,4,4,5,3,5,3,1,1,1,1
0,35,34,2.839751118699496e-07,0,0,4,4,5,4,5,4,1,1,1,1
0,35,38,0.9783348441123962,0,0,4,5,5,3,5,3,1,2,1,2
0,35,40,0.020876530557870865,0,0,4,5,5,5,5,5,1,2,1,2
0,35,43,6.2940512179920916e-06,0,1,4,6,5,3,5,0,1,0,1,1
0,35,44,3.0903725019015837e-06,0,1,4,6,5,4,5,0,1,0,1,1
0,35,46,9.991485057980753e-06,0,1,4,6,5,6,5,0,1,0,1,1
0,36,0,0.0009016767726279795,0,0,5,1,1,0,1,0,2,2,2,4
0,36,1,7.573824404971674e-05,0,0,5,3,1,1,1,1,2,1,2,1
0,36,2,5.779286220786162e-05,0,0,5,3,1,2,1,1,2,1,2,1
0,36,3,1.3450453479890712e-05,0,0,5,3,1,3,1,1,2,1,2,1
0,36,5,1.4025187738297973e-05,0,0,5,3,1,5,1,1,2,1,2,1
0,36,6,8.559483831049874e-05,0,0,5,3,1,6,1,1,2,1,2,1
0,36,7,0.00030769899603910744,0,0,5,3,1,1,1,2,2,1,2,1
0,36,11,4.564876508084126e-05,0,0,5,3,1,5,1,2,2,1,2,1
0,36,13,0.42166373133659363,0,0,5,3,1,1,1,3,2,1,2,1
0,36,18,0.022777056321501732,0,0,5,3,1,6,1,3,2,1,2,1
0,36,23,4.849570177611895e-05,0,0,5,3,1,5,1,4,2,1,2,1
0,36,24,3.361529888934456e-05,0,0,5,3,1,6,1,4,2,1,2,1
0,36,25,0.00037438812432810664,0,0,5,3,1,1,1,5,2,1,2,1
0,36,26,3.884368925355375e-05,0,0,5,3,1,2,1,5,2,1,2,1
0,36,28,0.00017955279326997697,0,0,5,3,1,4,1,5,2,1,2,1
0,36,31,0.003860936500132084,0,0,5,4,1,1,1,1,2,1,2,1
0,36,32,0.010476665571331978,0,0,5,4,1,2,1,2,2,1,2,1
0,36,33,0.49256396293640137,0,0,5,4,1,3,1,3,2,1,2,1
0,36,34,0.0022016954608261585,0,0,5,4,1,4,1,4,2,1,2,1
0,36,38,0.04422251507639885,0,0,5,5,1,3,1,3,2,2,2,2
0,36,40,1.3313471754372586e-05,0,0,5,5,1,5,1,5,2,2,2,2
0,36,43,7.263512998179067e-06,0,1,5,6,1,3,1,0,2,0,2,1
0,36,44,2.9124314096407034e-05,0,1,5,6,1,4,1,0,2,0,2,1
0,36,46,6.874378868815256e-06,0,1,5,6,1,6,1,0,2,0,2,1
0,37,0,0.037022609263658524,0,0,5,1,2,0,2,0,2,2,2,4
0,37,1,0.0006894307443872094,0,0,5,3,2,1,2,1,2,1,2,1
0,37,2,0.009911445900797844,0,0,5,3,2,2,2,1,2,1,2,1
0,37,3,0.0006494280532933772,0,0,5,3,2,3,2,1,2,1,2,1
0,37,5,0.0031019127927720547,0,0,5,3,2,5,2,1,2,1,2,1
0,37,6,0.001700474531389773,0,0,5,3,2,6,2,1,2,1,2,1
0,37,7,0.021055353805422783,0,0,5,3,2,1,2,2,2,1,2,1
0,37,11,0.015131398104131222,0,0,5,3,2,5,2,2,2,1,2,1
0,37,13,0.1404268741607666,0,0,5,3,2,1,2,3,2,1,2,1
0,37,18,0.011432855390012264,0,0,5,3,2,6,2,3,2,1,2,1
0,37,23,0.0008284269133582711,0,0,5,3,2,5,2,4,2,1,2,1
0,37,24,0.0003137656603939831,0,0,5,3,2,6,2,4,2,1,2,1
0,37,25,0.005905406549572945,0,0,5,3,2,1,2,5,2,1,2,1
0,37,26,0.01198159996420145,0,0,5,3,2,2,2,5,2,1,2,1
0,37,28,0.001962922280654311,0,0,5,3,2,4,2,5,2,1,2,1
0,37,31,0.026611972600221634,0,0,5,4,2,1,2,1,2,1,2,1
0,37,32,0.580725908279419,0,0,5,4,2,2,2,2,2,1,2,1
0,37,33,0.1063452661037445,0,0,5,4,2,3,2,3,2,1,2,1
0,37,34,0.021506136283278465,0,0,5,4,2,4,2,4,2,1,2,1
0,37,38,0.0026166958268731833,0,0,5,5,2,3,2,3,2,2,2,2
0,37,40,5.4519470722880214e-05,0,0,5,5,2,5,2,5,2,2,2,2
0,37,43,1.1107212230854202e-05,0,1,5,6,2,3,2,0,2,0,2,1
0,37,44,1.184962547995383e-05,0,1,5,6,2,4,2,0,2,0,2,1
0,37,46,2.3021400465950137e-06,0,1,5,6,2,6,2,0,2,0,2,1
0,39,0,0.6683599948883057,0,0,5,1,4,0,4,0,2,2,2,4
0,39,1,4.138018994126469e-05,0,0,5,3,4,1,4,1,2,1,2,1
0,39,2,6.303667760221288e-05,0,0,5,3,4,2,4,1,2,1,2,1
0,39,3,1.2941856766701676e-05,0,0,5,3,4,3,4,1,2,1,2,1
0,39,5,1.6050766134867445e-05,0,0,5,3,4,5,4,1,2,1,2,1
0,39,6,7.510158320656046e-05,0,0,5,3,4,6,4,1,2,1,2,1
0,39,7,0.0008482064004056156,0,0,5,3,4,1,4,2,2,1,2,1
0,39,11,0.0001368919329252094,0,0,5,3,4,5,4,2,2,1,2,1
0,39,13,0.08613406121730804,0,0,5,3,4,1,4,3,2,1,2,1
0,39,18,0.01832159049808979,0,0,5,3,4,6,4,3,2,1,2,1
0,39,23,1.9733613953576423e-05,0,0,5,3,4,5,4,4,2,1,2,1
0,39,24,2.5434021154069342e-05,0,0,5,3,4,6,4,4,2,1,2,1
0,39,25,0.0008507397142238915,0,0,5,3,4,1,4,5,2,1,2,1
0,39,26,0.00016173113544937223,0,0,5,3,4,2,4,5,2,1,2,1
0,39,28,0.00028191559249535203,0,0,5,3,4,4,4,5,2,1,2,1
0,39,31,0.002016947139054537,0,0,5,4,4,1,4,1,2,1,2,1
0,39,32,0.008649702183902264,0,0,5,4,4,2,4,2,2,1,2,1
0,39,33,0.07638552039861679,0,0,5,4,4,3,4,3,2,1,2,1
0,39,34,0.004435650538653135,0,0,5,4,4,4,4,4,2,1,2,1
0,39,38,0.13299645483493805,0,0,5,5,4,3,4,3,2,2,2,2
0,39,40,0.00011606462794588879,0,0,5,5,4,5,4,5,2,2,2,2
0,39,43,4.703834747488145e-06,0,1,5,6,4,3,4,0,2,0,2,1
0,39,44,2.8889759050798602e-05,0,1,5,6,4,4,4,0,2,0,2,1
0,39,46,1.8410550183034502e-05,0,1,5,6,4,6,4,0,2,0,2,1
0,41,0,0.0002420258242636919,1,0,6,1,1,0,0,0,0,2,1,4
0,41,1,0.007004887331277132,1,0,6,3,1,1,0,1,0,1,1,1
0,41,2,0.004347836598753929,1,0,6,3,1,2,0,1,0,1,1,1
0,41,3,0.0006279791123233736,1,0,6,3,1,3,0,1,0,1,1,1
0,41,5,0.00010674579243641347,1,0,6,3,1,5,0,1,0,1,1,1
0,41,6,0.0008781001670286059,1,0,6,3,1,6,0,1,0,1,1,1
0,41,7,0.000550240685697645,1,0,6,3,1,1,0,2,0,1,1,1
0,41,11,5.248107117949985e-05,1,0,6,3,1,5,0,2,0,1,1,1
0,41,13,0.002705496968701482,1,0,6,3,1,1,0,3,0,1,1,1
0,41,18,0.0006634461460635066,1,0,6,3,1,6,0,3,0,1,1,1
0,41,23,0.003839722368866205,1,0,6,3,1,5,0,4,0,1,1,1
0,41,24,0.006854564417153597,1,0,6,3,1,6,0,4,0,1,1,1
0,41,25,0.0008455178467556834,1,0,6,3,1,1,0,5,0,1,1,1
0,41,26,0.00272868643514812,1,0,6,3,1,2,0,5,0,1,1,1
0,41,28,0.00013758198474533856,1,0,6,3,1,4,0,5,0,1,1,1
0,41,31,0.00010565920820226893,1,0,6,4,1,1,0,1,0,1,1,1
0,41,32,6.67754648020491e-05,1,0,6,4,1,2,0,2,0,1,1,1
0,41,33,0.00014741241466253996,1,0,6,4,1,3,0,3,0,1,1,1
0,41,34,0.0001306943886447698,1,0,6,4,1,4,0,4,0,1,1,1
0,41,38,0.029606400057673454,1,0,6,5,1,3,0,3,0,2,1,2
0,41,40,0.9146449565887451,1,0,6,5,1,5,0,5,0,2,1,2
0,41,43,0.01050426997244358,1,1,6,6,1,3,0,0,0,0,1,1
0,41,44,4.310911026550457e-05,1,1,6,6,1,4,0,0,0,0,1,1
0,41,46,0.013166049495339394,1,1,6,6,1,6,0,0,0,0,1,1
0,42,0,0.00036770079168491066,1,0,6,1,2,0,0,0,0,2,1,4
0,42,1,0.015358654782176018,1,0,6,3,2,1,0,1,0,1,1,1
0,42,2,0.0016849944368004799,1,0,6,3,2,2,0,1,0,1,1,1
0,42,3,0.005196473561227322,1,0,6,3,2,3,0,1,0,1,1,1
0,42,5,0.0007439364562742412,1,0,6,3,2,5,0,1,0,1,1,1
0,42,6,0.00473790941759944,1,0,6,3,2,6,0,1,0,1,1,1
0,42,7,0.0007990138838067651,1,0,6,3,2,1,0,2,0,1,1,1
0,42,11,0.0010485658422112465,1,0,6,3,2,5,0,2,0,1,1,1
0,42,13,0.0008654480916447937,1,0,6,3,2,1,0,3,0,1,1,1
0,42,18,0.0034445393830537796,1,0,6,3,2,6,0,3,0,1,1,1
0,42,23,0.01936805620789528,1,0,6,3,2,5,0,4,0,1,1,1
0,42,24,0.03673555701971054,1,0,6,3,2,6,0,4,0,1,1,1
0,42,25,0.0020649887155741453,1,0,6,3,2,1,0,5,0,1,1,1
0,42,26,0.0016261719865724444,1,0,6,3,2,2,0,5,0,1,1,1
0,42,28,0.0015698109054937959,1,0,6,3,2,4,0,5,0,1,1,1
0,42,31,0.0003613255394157022,1,0,6,4,2,1,0,1,0,1,1,1
0,42,32,7.926735997898504e-05,1,0,6,4,2,2,0,2,0,1,1,1
0,42,33,7.98761029727757e-05,1,0,6,4,2,3,0,3,0,1,1,1
0,42,34,0.0007346364436671138,1,0,6,4,2,4,0,4,0,1,1,1
0,42,38,0.004072424955666065,1,0,6,5,2,3,0,3,0,2,1,2
0,42,40,0.02680276520550251,1,0,6,5,2,5,0,5,0,2,1,2
0,42,43,0.13168227672576904,1,1,6,6,2,3,0,0,0,0,1,1
0,42,44,0.0096800047904253,1,1,6,6,2,4,0,0,0,0,1,1
0,42,46,0.7308951616287231,1,1,6,6,2,6,0,0,0,0,1,1
0,45,0,0.0006328164599835873,1,0,6,1,5,0,0,0,0,2,1,4
0,45,1,0.002945571206510067,1,0,6,3,5,1,0,1,0,1,1,1
0,45,2,0.0006723133847117424,1,0,6,3,5,2,0,1,0,1,1,1
0,45,3,0.0008017074433155358,1,0,6,3,5,3,0,1,0,1,1,1
0,45,5,0.00015847064787521958,1,0,6,3,5,5,0,1,0,1,1,1
0,45,6,0.0005580976139754057,1,0,6,3,5,6,0,1,0,1,1,1
0,45,7,0.0002736585447564721,1,0,6,3,5,1,0,2,0,1,1,1
0,45,11,7.316856499528512e-05,1,0,6,3,5,5,0,2,0,1,1,1
0,45,13,0.0015872232615947723,1,0,6,3,5,1,0,3,0,1,1,1
0,45,18,0.002047379268333316,1,0,6,3,5,6,0,3,0,1,1,1
0,45,23,0.002357738558202982,1,0,6,3,5,5,0,4,0,1,1,1
0,45,24,0.0062165833078324795,1,0,6,3,5,6,0,4,0,1,1,1
0,45,25,0.00045212192344479263,1,0,6,3,5,1,0,5,0,1,1,1
0,45,26,0.0003052342217415571,1,0,6,3,5,2,0,5,0,1,1,1
0,45,28,0.00037792339571751654,1,0,6,3,5,4,0,5,0,1,1,1
0,45,31,0.0006687268614768982,1,0,6,4,5,1,0,1,0,1,1,1
0,45,32,0.00010390588431619108,1,0,6,4,5,2,0,2,0,1,1,1
0,45,33,0.00046649936120957136,1,0,6,4,5,3,0,3,0,1,1,1
0,45,34,0.0008863847469910979,1,0,6,4,5,4,0,4,0,1,1,1
0,45,38,0.006102722138166428,1,0,6,5,5,3,0,3,0,2,1,2
0,45,40,0.009091376326978207,1,0,6,5,5,5,0,5,0,2,1,2
0,45,43,0.09996140003204346,1,1,6,6,5,3,0,0,0,0,1,1
0,45,44,0.04877834767103195,1,1,6,6,5,4,0,0,0,0,1,1
0,45,46,0.8144809007644653,1,1,6,6,5,6,0,0,0,0,1,1
0,47,0,0.0002369936992181465,2,0,7,1,0,0,0,0,0,2,4,4
0,47,1,0.12462782859802246,2,0,7,3,0,1,0,1,0,1,4,1
0,47,2,0.028003092855215073,2,0,7,3,0,2,0,1,0,1,4,1
0,47,3,0.05348695069551468,2,0,7,3,0,3,0,1,0,1,4,1
0,47,5,0.02858143486082554,2,0,7,3,0,5,0,1,0,1,4,1
0,47,6,0.03879239037632942,2,0,7,3,0,6,0,1,0,1,4,1
0,47,7,0.011083753779530525,2,0,7,3,0,1,0,2,0,1,4,1
0,47,11,0.07120056450366974,2,0,7,3,0,5,0,2,0,1,4,1
0,47,13,0.009874200448393822,2,0,7,3,0,1,0,3,0,1,4,1
0,47,18,0.022794995456933975,2,0,7,3,0,6,0,3,0,1,4,1
0,47,23,0.35930997133255005,2,0,7,3,0,5,0,4,0,1,4,1
0,47,24,0.08808965235948563,2,0,7,3,0,6,0,4,0,1,4,1
0,47,25,0.014499301090836525,2,0,7,3,0,1,0,5,0,1,4,1
0,47,26,0.037807803601026535,2,0,7,3,0,2,0,5,0,1,4,1
0,47,28,0.028699129819869995,2,0,7,3,0,4,0,5,0,1,4,1
0,47,31,0.0024629286490380764,2,0,7,4,0,1,0,1,0,1,4,1
0,47,32,0.0027206307277083397,2,0,7,4,0,2,0,2,0,1,4,1
0,47,33,0.0009139658068306744,2,0,7,4,0,3,0,3,0,1,4,1
0,47,34,0.019534965977072716,2,0,7,4,0,4,0,4,0,1,4,1
0,47,38,0.0002859502856153995,2,0,7,5,0,3,0,3,0,2,4,2
0,47,40,0.0007991110906004906,2,0,7,5,0,5,0,5,0,2,4,2
0,47,43,0.014964204281568527,2,1,7,6,0,3,0,0,0,0,4,1
0,47,44,0.006273023784160614,2,1,7,6,0,4,0,0,0,0,4,1
0,47,46,0.034956805408000946,2,1,7,6,0,6,0,0,0,0,4,1
1,0,4,0.0029486517887562513,0,0,1,3,0,4,0,1,2,1,4,1
1,0,8,0.07060019671916962,0,0,1,3,0,2,0,2,2,1,4,1
1,0,9,0.021978942677378654,0,0,1,3,0,3,0,2,2,1,4,1
1,0,10,0.004312051460146904,0,0,1,3,0,4,0,2,2,1,4,1
1,0,12,0.0045112911611795425,0,0,1,3,0,6,0,2,2,1,4,1
1,0,14,0.008328955620527267,0,0,1,3,0,2,0,3,2,1,4,1
1,0,15,0.016387859359383583,0,0,1,3,0,3,0,3,2,1,4,1
1,0,16,0.004552979487925768,0,0,1,3,0,4,0,3,2,1,4,1
1,0,17,0.01210966520011425,0,0,1,3,0,5,0,3,2,1,4,1
1,0,19,0.0014045649440959096,0,0,1,3,0,1,0,4,2,1,4,1
1,0,20,0.021064911037683487,0,0,1,3,0,2,0,4,2,1,4,1
1,0,21,0.048671700060367584,0,0,1,3,0,3,0,4,2,1,4,1
1,0,22,0.0032466985285282135,0,0,1,3,0,4,0,4,2,1,4,1
1,0,27,0.010406327433884144,0,0,1,3,0,3,0,5,2,1,4,1
1,0,29,0.033655036240816116,0,0,1,3,0,5,0,5,2,1,4,1
1,0,30,0.0020385580137372017,0,0,1,3,0,6,0,5,2,1,4,1
1,0,35,0.45304059982299805,0,0,1,4,0,5,0,5,2,1,4,1
1,0,36,0.006006089970469475,0,0,1,5,0,1,0,1,2,2,4,2
1,0,37,0.18742378056049347,0,0,1,5,0,2,0,2,2,2,4,2
1,0,39,0.02862868644297123,0,0,1,5,0,4,0,4,2,2,4,2
1,0,41,0.006196749396622181,0,1,1,6,0,1,0,0,2,0,4,1
1,0,42,0.026766415685415268,0,1,1,6,0,2,0,0,2,0,4,1
1,0,45,0.02203495241701603,0,1,1,6,0,5,0,0,2,0,4,1
1,0,47,0.003684271825477481,0,2,1,7,0,0,0,0,2,0,4,4
1,1,4,0.0002849320590030402,0,0,3,3,1,4,1,1,1,1,1,1
1,1,8,4.738371353596449e-05,0,0,3,3,1,2,1,2,1,1,1,1
1,1,9,0.005312107037752867,0,0,3,3,1,3,1,2,1,1,1,1
1,1,10,0.004228347446769476,0,0,3,3,1,4,1,2,1,1,1,1
1,1,12,0.1419718712568283,0,0,3,3,1,6,1,2,1,1,1,1
1,1,14,0.04137834161520004,0,0,3,3,1,2,1,3,1,1,1,1
1,1,15,0.499004065990448,0,0,3,3,1,3,1,3,1,1,1,1
1,1,16,0.0324113592505455,0,0,3,3,1,4,1,3,1,1,1,1
1,1,17,0.004912905860692263,0,0,3,3,1,5,1,3,1,1,1,1
1,1,19,0.02805902436375618,0,0,3,3,1,1,1,4,1,1,1,1
1,1,20,0.00012527985381893814,0,0,3,3,1,2,1,4,1,1,1,1
1,1,21,0.0010502457153052092,0,0,3,3,1,3,1,4,1,1,1,1
1,1,22,0.000736075104214251,0,0,3,3,1,4,1,4,1,1,1,1
1,1,27,0.13349446654319763,0,0,3,3,1,3,1,5,1,1,1,1
1,1,29,1.829029315558728e-05,0,0,3,3,1,5,1,5,1,1,1,1
1,1,30,0.10600694268941879,0,0,3,3,1,6,1,5,1,1,1,1
1,1,35,9.814954682951793e-05,0,0,3,4,1,5,1,5,1,1,1,1
1,1,36,9.958671398635488e-07,0,0,3,5,1,1,1,1,1,2,1,2
1,1,37,6.872612345887319e-08,0,0,3,5,1,2,1,2,1,2,1,2
1,1,39,1.5571200151498488e-07,0,0,3,5,1,4,1,4,1,2,1,2
1,1,41,0.00015105267812032253,0,1,3,6,1,1,1,0,1,0,1,1
1,1,42,8.219362257477769e-07,0,1,3,6,1,2,1,0,1,0,1,1
1,1,45,1.755814196258143e-06,0,1,3,6,1,5,1,0,1,0,1,1
1,1,47,0.0007049406412988901,0,2,3,7,1,0,1,0,1,0,1,4
1,2,4,0.011376645416021347,0,0,3,3,2,4,1,1,1,1,1,1
1,2,8,0.0034865604247897863,0,0,3,3,2,2,1,2,1,1,1,1
1,2,9,0.03081841953098774,0,0,3,3,2,3,1,2,1,1,1,1
1,2,10,0.04189261421561241,0,0,3,3,2,4,1,2,1,1,1,1
1,2,12,0.07266902923583984,0,0,3,3,2,6,1,2,1,1,1,1
1,2,14,0.032837800681591034,0,0,3,3,2,2,1,3,1,1,1,1
1,2,15,0.07733535021543503,0,0,3,3,2,3,1,3,1,1,1,1
1,2,16,0.03751646354794502,0,0,3,3,2,4,1,3,1,1,1,1
1,2,17,0.013509383425116539,0,0,3,3,2,5,1,3,1,1,1,1
1,2,19,0.44672682881355286,0,0,3,3,2,1,1,4,1,1,1,1
1,2,20,0.004170309752225876,0,0,3,3,2,2,1,4,1,1,1,1
1,2,21,0.02013690397143364,0,0,3,3,2,3,1,4,1,1,1,1
1,2,22,0.032688453793525696,0,0,3,3,2,4,1,4,1,1,1,1
1,2,27,0.07428682595491409,0,0,3,3,2,3,1,5,1,1,1,1
1,2,29,0.000596467696595937,0,0,3,3,2,5,1,5,1,1,1,1
1,2,30,0.091579370200634,0,0,3,3,2,6,1,5,1,1,1,1
1,2,35,0.005378520581871271,0,0,3,4,2,5,1,5,1,1,1,1
1,2,36,0.00022989267017692327,0,0,3,5,2,1,1,1,1,2,1,2
1,2,37,9.451811638427898e-05,0,0,3,5,2,2,1,2,1,2,1,2
1,2,39,0.0004382113111205399,0,0,3,5,2,4,1,4,1,2,1,2
1,2,41,0.0012723009567707777,0,1,3,6,2,1,1,0,1,0,1,1
1,2,42,5.168651478015818e-05,0,1,3,6,2,2,1,0,1,0,1,1
1,2,45,5.787554255221039e-05,0,1,3,6,2,5,1,0,1,0,1,1
1,2,47,0.0008494172361679375,0,2,3,7,2,0,1,0,1,0,1,4
1,3,4,0.000549226941075176,0,0,3,3,3,4,1,1,1,1,1,1
1,3,8,0.0005407990538515151,0,0,3,3,3,2,1,2,1,1,1,1
1,3,9,0.011462653055787086,0,0,3,3,3,3,1,2,1,1,1,1
1,3,10,0.0033646239899098873,0,0,3,3,3,4,1,2,1,1,1,1
1,3,12,0.03894732519984245,0,0,3,3,3,6,1,2,1,1,1,1
1,3,14,0.0974956750869751,0,0,3,3,3,2,1,3,1,1,1,1
1,3,15,0.5944604873657227,0,0,3,3,3,3,1,3,1,1,1,1
1,3,16,0.11360837519168854,0,0,3,3,3,4,1,3,1,1,1,1
1,3,17,0.01629461906850338,0,0,3,3,3,5,1,3,1,1,1,1
1,3,19,0.03743081912398338,0,0,3,3,3,1,1,4,1,1,1,1
1,3,20,0.002154015004634857,0,0,3,3,3,2,1,4,1,1,1,1
1,3,21,0.003069457598030567,0,0,3,3,3,3,1,4,1,1,1,1
1,3,22,0.004861021414399147,0,0,3,3,3,4,1,4,1,1,1,1
1,3,27,0.03597009927034378,0,0,3,3,3,3,1,5,1,1,1,1
1,3,29,0.00035240789293311536,0,0,3,3,3,5,1,5,1,1,1,1
1,3,30,0.031418655067682266,0,0,3,3,3,6,1,5,1,1,1,1
1,3,35,0.003637580433860421,0,0,3,4,3,5,1,5,1,1,1,1
1,3,36,0.00014328546239994466,0,0,3,5,3,1,1,1,1,2,1,2
1,3,37,8.57628692756407e-05,0,0,3,5,3,2,1,2,1,2,1,2
1,3,39,9.624763333704323e-05,0,0,3,5,3,4,1,4,1,2,1,2
1,3,41,0.0029830799903720617,0,1,3,6,3,1,1,0,1,0,1,1
1,3,42,0.00027016119565814734,0,1,3,6,3,2,1,0,1,0,1,1
1,3,45,0.0003297570801805705,0,1,3,6,3,5,1,0,1,0,1,1
1,3,47,0.00047448123223148286,0,2,3,7,3,0,1,0,1,0,1,4
1,5,4,0.0018854266963899136,0,0,3,3,5,4,1,1,1,1,1,1
1,5,8,0.0006385432789102197,0,0,3,3,5,2,1,2,1,1,1,1
1,5,9,0.005185154266655445,0,0,3,3,5,3,1,2,1,1,1,1
1,5,10,0.04323447123169899,0,0,3,3,5,4,1,2,1,1,1,1
1,5,12,0.20754963159561157,0,0,3,3,5,6,1,2,1,1,1,1
1,5,14,0.005210096947848797,0,0,3,3,5,2,1,3,1,1,1,1
1,5,15,0.01074647344648838,0,0,3,3,5,3,1,3,1,1,1,1
1,5,16,0.0036099301651120186,0,0,3,3,5,4,1,3,1,1,1,1
1,5,17,0.004668796434998512,0,0,3,3,5,5,1,3,1,1,1,1
1,5,19,0.08055146038532257,0,0,3,3,5,1,1,4,1,1,1,1
1,5,20,0.0002082439896184951,0,0,3,3,5,2,1,4,1,1,1,1
1,5,21,0.011683150194585323,0,0,3,3,5,3,1,4,1,1,1,1
1,5,22,0.014466997236013412,0,0,3,3,5,4,1,4,1,1,1,1
1,5,27,0.246364563703537,0,0,3,3,5,3,1,5,1,1,1,1
1,5,29,7.958142668940127e-05,0,0,3,3,5,5,1,5,1,1,1,1
1,5,30,0.3541114926338196,0,0,3,3,5,6,1,5,1,1,1,1
1,5,35,0.005015558563172817,0,0,3,4,5,5,1,5,1,1,1,1
1,5,36,1.9506062471918995e-06,0,0,3,5,5,1,1,1,1,2,1,2
1,5,37,1.2085201888112351e-06,0,0,3,5,5,2,1,2,1,2,1,2
1,5,39,2.77927792922128e-05,0,0,3,5,5,4,1,4,1,2,1,2
1,5,41,7.37649534130469e-05,0,1,3,6,5,1,1,0,1,0,1,1
1,5,42,1.107490788854193e-06,0,1,3,6,5,2,1,0,1,0,1,1
1,5,45,1.6250061207756517e-06,0,1,3,6,5,5,1,0,1,0,1,1
1,5,47,0.00468286219984293,0,2,3,7,5,0,1,0,1,0,1,4
1,6,4,0.0007882144418545067,0,0,3,3,6,4,1,1,1,1,1,1
1,6,8,0.00024042082077357918,0,0,3,3,6,2,1,2,1,1,1,1
1,6,9,0.003726767608895898,0,0,3,3,6,3,1,2,1,1,1,1
1,6,10,0.009215667843818665,0,0,3,3,6,4,1,2,1,1,1,1
1,6,12,0.12090244889259338,0,0,3,3,6,6,1,2,1,1,1,1
1,6,14,0.05879247561097145,0,0,3,3,6,2,1,3,1,1,1,1
1,6,15,0.16585475206375122,0,0,3,3,6,3,1,3,1,1,1,1
1,6,16,0.024094464257359505,0,0,3,3,6,4,1,3,1,1,1,1
1,6,17,0.012735622003674507,0,0,3,3,6,5,1,3,1,1,1,1
1,6,19,0.23847009241580963,0,0,3,3,6,1,1,4,1,1,1,1
1,6,20,0.0008126629400067031,0,0,3,3,6,2,1,4,1,1,1,1
1,6,21,0.005647025071084499,0,0,3,3,6,3,1,4,1,1,1,1
1,6,22,0.005134596023708582,0,0,3,3,6,4,1,4,1,1,1,1
1,6,27,0.1512814611196518,0,0,3,3,6,3,1,5,1,1,1,1
1,6,29,8.363429515156895e-05,0,0,3,3,6,5,1,5,1,1,1,1
1,6,30,0.19651085138320923,0,0,3,3,6,6,1,5,1,1,1,1
1,6,35,0.0010418884921818972,0,0,3,4,6,5,1,5,1,1,1,1
1,6,36,1.2024030411339481e-06,0,0,3,5,6,1,1,1,1,2,1,2
1,6,37,1.0262219518608617e-07,0,0,3,5,6,2,1,2,1,2,1,2
1,6,39,1.2098563502149773e-06,0,0,3,5,6,4,1,4,1,2,1,2
1,6,41,0.002168102189898491,0,1,3,6,6,1,1,0,1,0,1,1
1,6,42,3.169599949615076e-05,0,1,3,6,6,2,1,0,1,0,1,1
1,6,45,3.433920937823132e-05,0,1,3,6,6,5,1,0,1,0,1,1
1,6,47,0.0024301507510244846,0,2,3,7,6,0,1,0,1,0,1,4
1,7,4,6.321585260593565e-06,0,0,3,3,1,4,2,1,1,1,1,1
1,7,8,5.608267201751005e-07,0,0,3,3,1,2,2,2,1,1,1,1
1,7,9,0.0005366728873923421,0,0,3,3,1,3,2,2,1,1,1,1
1,7,10,0.00032889441354200244,0,0,3,3,1,4,2,2,1,1,1,1
1,7,12,0.01854834519326687,0,0,3,3,1,6,2,2,1,1,1,1
1,7,14,0.03051798976957798,0,0,3,3,1,2,2,3,1,1,1,1
1,7,15,0.6948868632316589,0,0,3,3,1,3,2,3,1,1,1,1
1,7,16,0.0186187531799078,0,0,3,3,1,4,2,3,1,1,1,1
1,7,17,0.0007921192445792258,0,0,3,3,1,5,2,3,1,1,1,1
1,7,19,0.010880133137106895,0,0,3,3,1,1,2,4,1,1,1,1
1,7,20,4.138676558795851e-06,0,0,3,3,1,2,2,4,1,1,1,1
1,7,21,0.00010613730410113931,0,0,3,3,1,3,2,4,1,1,1,1
1,7,22,2.4372164261876605e-05,0,0,3,3,1,4,2,4,1,1,1,1
1,7,27,0.10900953412055969,0,0,3,3,1,3,2,5,1,1,1,1
1,7,29,1.6785077150416328e-06,0,0,3,3,1,5,2,5,1,1,1,1
1,7,30,0.1157006174325943,0,0,3,3,1,6,2,5,1,1,1,1
1,7,35,5.244011845206842e-06,0,0,3,4,1,5,2,5,1,1,1,1
1,7,36,1.6018981696674928e-09,0,0,3,5,1,1,2,1,1,2,1,2
1,7,37,1.9337672088615143e-11,0,0,3,5,1,2,2,2,1,2,1,2
1,7,39,1.7315121558780788e-10,0,0,3,5,1,4,2,4,1,2,1,2
1,7,41,1.3611168469651602e-05,0,1,3,6,1,1,2,0,1,0,1,1
1,7,42,1.4124003300253207e-08,0,1,3,6,1,2,2,0,1,0,1,1
1,7,45,1.6988786910587805e-07,0,1,3,6,1,5,2,0,1,0,1,1
1,7,47,1.7709724488668144e-05,0,2,3,7,1,0,2,0,1,0,1,4
1,11,4,0.0005540717975236475,0,0,3,3,5,4,2,1,1,1,1,1
1,11,8,0.00015038992569316179,0,0,3,3,5,2,2,2,1,1,1,1
1,11,9,0.0014135825913399458,0,0,3,3,5,3,2,2,1,1,1,1
1,11,10,0.018291788175702095,0,0,3,3,5,4,2,2,1,1,1,1
1,11,12,0.06893870234489441,0,0,3,3,5,6,2,2,1,1,1,1
1,11,14,0.02330976352095604,0,0,3,3,5,2,2,3,1,1,1,1
1,11,15,0.0333670899271965,0,0,3,3,5,3,2,3,1,1,1,1
1,11,16,0.019503939896821976,0,0,3,3,5,4,2,3,1,1,1,1
1,11,17,0.007281160913407803,0,0,3,3,5,5,2,3,1,1,1,1
1,11,19,0.07211016863584518,0,0,3,3,5,1,2,4,1,1,1,1
1,11,20,0.0003153051366098225,0,0,3,3,5,2,2,4,1,1,1,1
1,11,21,0.001736055943183601,0,0,3,3,5,3,2,4,1,1,1,1
1,11,22,0.005422350950539112,0,0,3,3,5,4,2,4,1,1,1,1
1,11,27,0.13399375975131989,0,0,3,3,5,3,2,5,1,1,1,1
1,11,29,0.00016291762585751712,0,0,3,3,5,5,2,5,1,1,1,1
1,11,30,0.6123565435409546,0,0,3,3,5,6,2,5,1,1,1,1
1,11,35,0.0005403796094469726,0,0,3,4,5,5,2,5,1,1,1,1
1,11,36,2.601987034722697e-06,0,0,3,5,5,1,2,1,1,2,1,2
1,11,37,5.234090281192039e-07,0,0,3,5,5,2,2,2,1,2,1,2
1,11,39,9.252470590581652e-06,0,0,3,5,5,4,2,4,1,2,1,2
1,11,41,0.0003029524232260883,0,1,3,6,5,1,2,0,1,0,1,1
1,11,42,6.480342108261539e-06,0,1,3,6,5,2,2,0,1,0,1,1
1,11,45,1.1738961802620906e-05,0,1,3,6,5,5,2,0,1,0,1,1
1,11,47,0.0002183950418839231,0,2,3,7,5,0,2,0,1,0,1,4
1,13,4,2.5193072360707447e-05,0,0,3,3,1,4,3,1,1,1,1,1
1,13,8,1.99195092136506e-05,0,0,3,3,1,2,3,2,1,1,1,1
1,13,9,0.0036181865725666285,0,0,3,3,1,3,3,2,1,1,1,1
1,13,10,0.0002145380130968988,0,0,3,3,1,4,3,2,1,1,1,1
1,13,12,0.001133616897277534,0,0,3,3,1,6,3,2,1,1,1,1
1,13,14,0.20101028680801392,0,0,3,3,1,2,3,3,1,1,1,1
1,13,15,0.7354693412780762,0,0,3,3,1,3,3,3,1,1,1,1
1,13,16,0.023740535601973534,0,0,3,3,1,4,3,3,1,1,1,1
1,13,17,0.0006296596257016063,0,0,3,3,1,5,3,3,1,1,1,1
1,13,19,0.004771174862980843,0,0,3,3,1,1,3,4,1,1,1,1
1,13,20,0.00011016576900146902,0,0,3,3,1,2,3,4,1,1,1,1
1,13,21,0.0002353518211748451,0,0,3,3,1,3,3,4,1,1,1,1
1,13,22,1.1891618669324089e-05,0,0,3,3,1,4,3,4,1,1,1,1
1,13,27,0.01844567246735096,0,0,3,3,1,3,3,5,1,1,1,1
1,13,29,3.613591252360493e-05,0,0,3,3,1,5,3,5,1,1,1,1
1,13,30,0.01050361804664135,0,0,3,3,1,6,3,5,1,1,1,1
1,13,35,3.5864147776010213e-06,0,0,3,4,1,5,3,5,1,1,1,1
1,13,36,3.174318976562063e-07,0,0,3,5,1,1,3,1,1,2,1,2
1,13,37,1.581875785916509e-08,0,0,3,5,1,2,3,2,1,2,1,2
1,13,39,6.140452590841505e-09,0,0,3,5,1,4,3,4,1,2,1,2
1,13,41,1.7552729332237504e-05,0,1,3,6,1,1,3,0,1,0,1,1
1,13,42,1.403486407980381e-06,0,1,3,6,1,2,3,0,1,0,1,1
1,13,45,1.0130014516107622e-06,0,1,3,6,1,5,3,0,1,0,1,1
1,13,47,2.61211766883207e-07,0,2,3,7,1,0,3,0,1,0,1,4
1,18,4,0.00010652097989805043,0,0,3,3,6,4,3,1,1,1,1,1
1,18,8,0.00013460383343044668,0,0,3,3,6,2,3,2,1,1,1,1
1,18,9,0.005162103101611137,0,0,3,3,6,3,3,2,1,1,1,1
1,18,10,0.00034850422525778413,0,0,3,3,6,4,3,2,1,1,1,1
1,18,12,0.0021848303731530905,0,0,3,3,6,6,3,2,1,1,1,1
1,18,14,0.10563825815916061,0,0,3,3,6,2,3,3,1,1,1,1
1,18,15,0.802631139755249,0,0,3,3,6,3,3,3,1,1,1,1
1,18,16,0.03236151859164238,0,0,3,3,6,4,3,3,1,1,1,1
1,18,17,0.0033493938390165567,0,0,3,3,6,5,3,3,1,1,1,1
1,18,19,0.0031573527958244085,0,0,3,3,6,1,3,4,1,1,1,1
1,18,20,0.0007530365837737918,0,0,3,3,6,2,3,4,1,1,1,1
1,18,21,0.0005249485257081687,0,0,3,3,6,3,3,4,1,1,1,1
1,18,22,5.951177081442438e-05,0,0,3,3,6,4,3,4,1,1,1,1
1,18,27,0.026271235197782516,0,0,3,3,6,3,3,5,1,1,1,1
1,18,29,0.0005910741747356951,0,0,3,3,6,5,3,5,1,1,1,1
1,18,30,0.016217952594161034,0,0,3,3,6,6,3,5,1,1,1,1
1,18,35,8.015662751859054e-05,0,0,3,4,6,5,3,5,1,1,1,1
1,18,36,1.7340060367132537e-05,0,0,3,5,6,1,3,1,1,2,1,2
1,18,37,2.5522929263388505e-06,0,0,3,5,6,2,3,2,1,2,1,2
1,18,39,5.563776994677028e-07,0,0,3,5,6,4,3,4,1,2,1,2
1,18,41,0.0002800459915306419,0,1,3,6,6,1,3,0,1,0,1,1
1,18,42,5.3554631449515e-05,0,1,3,6,6,2,3,0,1,0,1,1
1,18,45,6.847144686616957e-05,0,1,3,6,6,5,3,0,1,0,1,1
1,18,47,5.714951839763671e-06,0,2,3,7,6,0,3,0,1,0,1,4
1,23,4,0.009544095024466515,0,0,3,3,5,4,4,1,1,1,1,1
1,23,8,0.0049729133024811745,0,0,3,3,5,2,4,2,1,1,1,1
1,23,9,0.0037505512591451406,0,0,3,3,5,3,4,2,1,1,1,1
1,23,10,0.03762483596801758,0,0,3,3,5,4,4,2,1,1,1,1
1,23,12,0.021707288920879364,0,0,3,3,5,6,4,2,1,1,1,1
1,23,14,0.0028723126742988825,0,0,3,3,5,2,4,3,1,1,1,1
1,23,15,0.0008887447766028345,0,0,3,3,5,3,4,3,1,1,1,1
1,23,16,0.001308088074438274,0,0,3,3,5,4,4,3,1,1,1,1
1,23,17,0.0013272116193547845,0,0,3,3,5,5,4,3,1,1,1,1
1,23,19,0.7056101560592651,0,0,3,3,5,1,4,4,1,1,1,1
1,23,20,0.002249221783131361,0,0,3,3,5,2,4,4,1,1,1,1
1,23,21,0.05926191434264183,0,0,3,3,5,3,4,4,1,1,1,1
1,23,22,0.08324785530567169,0,0,3,3,5,4,4,4,1,1,1,1
1,23,27,0.025786317884922028,0,0,3,3,5,3,4,5,1,1,1,1
1,23,29,7.846254447940737e-05,0,0,3,3,5,5,4,5,1,1,1,1
1,23,30,0.0351867601275444,0,0,3,3,5,6,4,5,1,1,1,1
1,23,35,0.0029801763594150543,0,0,3,4,5,5,4,5,1,1,1,1
1,23,36,2.2542815713677555e-05,0,0,3,5,5,1,4,1,1,2,1,2
1,23,37,2.4746324925217777e-05,0,0,3,5,5,2,4,2,1,2,1,2
1,23,39,0.0009316843934357166,0,0,3,5,5,4,4,4,1,2,1,2
1,23,41,8.002106915228069e-05,0,1,3,6,5,1,4,0,1,0,1,1
1,23,42,1.2399745173752308e-05,0,1,3,6,5,2,4,0,1,0,1,1
1,23,45,1.7428112641937332e-06,0,1,3,6,5,5,4,0,1,0,1,1
1,23,47,0.0005294019356369972,0,2,3,7,5,0,4,0,1,0,1,4
1,24,4,0.000207288030651398,0,0,3,3,6,4,4,1,1,1,1,1
1,24,8,7.364300108747557e-05,0,0,3,3,6,2,4,2,1,1,1,1
1,24,9,0.003087349934503436,0,0,3,3,6,3,4,2,1,1,1,1
1,24,10,0.0018582298653200269,0,0,3,3,6,4,4,2,1,1,1,1
1,24,12,0.13643129169940948,0,0,3,3,6,6,4,2,1,1,1,1
1,24,14,0.06836176663637161,0,0,3,3,6,2,4,3,1,1,1,1
1,24,15,0.32275065779685974,0,0,3,3,6,3,4,3,1,1,1,1
1,24,16,0.018264999613165855,0,0,3,3,6,4,4,3,1,1,1,1
1,24,17,0.005920985247939825,0,0,3,3,6,5,4,3,1,1,1,1
1,24,19,0.2974109351634979,0,0,3,3,6,1,4,4,1,1,1,1
1,24,20,0.00035531894536688924,0,0,3,3,6,2,4,4,1,1,1,1
1,24,21,0.002894664416089654,0,0,3,3,6,3,4,4,1,1,1,1
1,24,22,0.004302918445318937,0,0,3,3,6,4,4,4,1,1,1,1
1,24,27,0.06884659081697464,0,0,3,3,6,3,4,5,1,1,1,1
1,24,29,6.057273822079878e-06,0,0,3,3,6,5,4,5,1,1,1,1
1,24,30,0.06606501340866089,0,0,3,3,6,6,4,5,1,1,1,1
1,24,35,0.0004770045925397426,0,0,3,4,6,5,4,5,1,1,1,1
1,24,36,5.76804040974821e-07,0,0,3,5,6,1,4,1,1,2,1,2
1,24,37,3.5344758231303786e-08,0,0,3,5,6,2,4,2,1,2,1,2
1,24,39,3.580879308628937e-07,0,0,3,5,6,4,4,4,1,2,1,2
1,24,41,0.0008444016566500068,0,1,3,6,6,1,4,0,1,0,1,1
1,24,42,1.071304996003164e-05,0,1,3,6,6,2,4,0,1,0,1,1
1,24,45,4.381165581435198e-06,0,1,3,6,6,5,4,0,1,0,1,1
1,24,47,0.0018247886328026652,0,2,3,7,6,0,4,0,1,0,1,4
1,25,4,3.422071677050553e-05,0,0,3,3,1,4,5,1,1,1,1,1
1,25,8,1.8101594832842238e-05,0,0,3,3,1,2,5,2,1,1,1,1
1,25,9,0.0027147838845849037,0,0,3,3,1,3,5,2,1,1,1,1
1,25,10,0.0004212510248180479,0,0,3,3,1,4,5,2,1,1,1,1
1,25,12,0.006501507945358753,0,0,3,3,1,6,5,2,1,1,1,1
1,25,14,0.12909521162509918,0,0,3,3,1,2,5,3,1,1,1,1
1,25,15,0.7855140566825867,0,0,3,3,1,3,5,3,1,1,1,1
1,25,16,0.026896817609667778,0,0,3,3,1,4,5,3,1,1,1,1
1,25,17,0.0005724235670641065,0,0,3,3,1,5,5,3,1,1,1,1
1,25,19,0.0040384214371442795,0,0,3,3,1,1,5,4,1,1,1,1
1,25,20,0.00017159890558104962,0,0,3,3,1,2,5,4,1,1,1,1
1,25,21,0.0005178516148589551,0,0,3,3,1,3,5,4,1,1,1,1
1,25,22,5.7570581702748314e-05,0,0,3,3,1,4,5,4,1,1,1,1
1,25,27,0.03175452724099159,0,0,3,3,1,3,5,5,1,1,1,1
1,25,29,1.5162019735726062e-05,0,0,3,3,1,5,5,5,1,1,1,1
1,25,30,0.011600637808442116,0,0,3,3,1,6,5,5,1,1,1,1
1,25,35,1.743539542076178e-05,0,0,3,4,1,5,5,5,1,1,1,1
1,25,36,3.2206128253164934e-07,0,0,3,5,1,1,5,1,1,2,1,2
1,25,37,2.5633324796103807e-08,0,0,3,5,1,2,5,2,1,2,1,2
1,25,39,1.8825142333867007e-08,0,0,3,5,1,4,5,4,1,2,1,2
1,25,41,4.841050395043567e-05,0,1,3,6,1,1,5,0,1,0,1,1
1,25,42,4.111099769943394e-06,0,1,3,6,1,2,5,0,1,0,1,1
1,25,45,1.5275854821084067e-06,0,1,3,6,1,5,5,0,1,0,1,1
1,25,47,3.722847850440303e-06,0,2,3,7,1,0,5,0,1,0,1,4
1,26,4,0.0003959423047490418,0,0,3,3,2,4,5,1,1,1,1,1
1,26,8,0.00016640867397654802,0,0,3,3,2,2,5,2,1,1,1,1
1,26,9,0.008425057865679264,0,0,3,3,2,3,5,2,1,1,1,1
1,26,10,0.0010396327124908566,0,0,3,3,2,4,5,2,1,1,1,1
1,26,12,0.006247387733310461,0,0,3,3,2,6,5,2,1,1,1,1
1,26,14,0.0902004987001419,0,0,3,3,2,2,5,3,1,1,1,1
1,26,15,0.7969619631767273,0,0,3,3,2,3,5,3,1,1,1,1
1,26,16,0.0457598902285099,0,0,3,3,2,4,5,3,1,1,1,1
1,26,17,0.002671380527317524,0,0,3,3,2,5,5,3,1,1,1,1
1,26,19,0.0056129745207726955,0,0,3,3,2,1,5,4,1,1,1,1
1,26,20,0.0024163767229765654,0,0,3,3,2,2,5,4,1,1,1,1
1,26,21,0.0015841081039980054,0,0,3,3,2,3,5,4,1,1,1,1
1,26,22,0.000293305900413543,0,0,3,3,2,4,5,4,1,1,1,1
1,26,27,0.027965513989329338,0,0,3,3,2,3,5,5,1,1,1,1
1,26,29,0.00019600072118919343,0,0,3,3,2,5,5,5,1,1,1,1
1,26,30,0.008939620107412338,0,0,3,3,2,6,5,5,1,1,1,1
1,26,35,5.1326132961548865e-05,0,0,3,4,2,5,5,5,1,1,1,1
1,26,36,1.724584035400767e-05,0,0,3,5,2,1,5,1,1,2,1,2
1,26,37,1.6378774034819799e-06,0,0,3,5,2,2,5,2,1,2,1,2
1,26,39,4.451339350453054e-07,0,0,3,5,2,4,5,4,1,2,1,2
1,26,41,0.0008153228554874659,0,1,3,6,2,1,5,0,1,0,1,1
1,26,42,0.00010867061791941524,0,1,3,6,2,2,5,0,1,0,1,1
1,26,45,7.498167542507872e-05,0,1,3,6,2,5,5,0,1,0,1,1
1,26,47,5.4505184380104765e-05,0,2,3,7,2,0,5,0,1,0,1,4
1,28,4,0.00017687246145214885,0,0,3,3,4,4,5,1,1,1,1,1
1,28,8,9.089353261515498e-05,0,0,3,3,4,2,5,2,1,1,1,1
1,28,9,0.003876888193190098,0,0,3,3,4,3,5,2,1,1,1,1
1,28,10,0.00045256075100041926,0,0,3,3,4,4,5,2,1,1,1,1
1,28,12,0.008127521723508835,0,0,3,3,4,6,5,2,1,1,1,1
1,28,14,0.10879383981227875,0,0,3,3,4,2,5,3,1,1,1,1
1,28,15,0.8057395815849304,0,0,3,3,4,3,5,3,1,1,1,1
1,28,16,0.041318316012620926,0,0,3,3,4,4,5,3,1,1,1,1
1,28,17,0.002835025079548359,0,0,3,3,4,5,5,3,1,1,1,1
1,28,19,0.002917107893154025,0,0,3,3,4,1,5,4,1,1,1,1
1,28,20,0.001633036881685257,0,0,3,3,4,2,5,4,1,1,1,1
1,28,21,0.0008616377599537373,0,0,3,3,4,3,5,4,1,1,1,1
1,28,22,0.00018987998191732913,0,0,3,3,4,4,5,4,1,1,1,1
1,28,27,0.01444895938038826,0,0,3,3,4,3,5,5,1,1,1,1
1,28,29,8.917489321902394e-05,0,0,3,3,4,5,5,5,1,1,1,1
1,28,30,0.003274633316323161,0,0,3,3,4,6,5,5,1,1,1,1
1,28,35,9.418148692930117e-05,0,0,3,4,4,5,5,5,1,1,1,1
1,28,36,1.283682922803564e-05,0,0,3,5,4,1,5,1,1,2,1,2
1,28,37,1.0486116934771417e-06,0,0,3,5,4,2,5,2,1,2,1,2
1,28,39,3.2783788128654123e-07,0,0,3,5,4,4,5,4,1,2,1,2
1,28,41,0.0038543574046343565,0,1,3,6,4,1,5,0,1,0,1,1
1,28,42,0.0006935442797839642,0,1,3,6,4,2,5,0,1,0,1,1
1,28,45,0.00022291470668278635,0,1,3,6,4,5,5,0,1,0,1,1
1,28,47,0.0002948594046756625,0,2,3,7,4,0,5,0,1,0,1,4
1,31,4,0.006620821543037891,0,0,4,3,1,4,1,1,1,1,1,1
1,31,8,0.0011977253016084433,0,0,4,3,1,2,1,2,1,1,1,1
1,31,9,0.017154332250356674,0,0,4,3,1,3,1,2,1,1,1,1
1,31,10,0.008711133152246475,0,0,4,3,1,4,1,2,1,1,1,1
1,31,12,0.013124587945640087,0,0,4,3,1,6,1,2,1,1,1,1
1,31,14,0.035866204649209976,0,0,4,3,1,2,1,3,1,1,1,1
1,31,15,0.024277441203594208,0,0,4,3,1,3,1,3,1,1,1,1
1,31,16,0.007256913464516401,0,0,4,3,1,4,1,3,1,1,1,1
1,31,17,0.004823918920010328,0,0,4,3,1,5,1,3,1,1,1,1
1,31,19,0.775912880897522,0,0,4,3,1,1,1,4,1,1,1,1
1,31,20,0.00270839617587626,0,0,4,3,1,2,1,4,1,1,1,1
1,31,21,0.015762217342853546,0,0,4,3,1,3,1,4,1,1,1,1
1,31,22,0.028154432773590088,0,0,4,3,1,4,1,4,1,1,1,1
1,31,27,0.03145984187722206,0,0,4,3,1,3,1,5,1,1,1,1
1,31,29,0.00016279317787848413,0,0,4,3,1,5,1,5,1,1,1,1
1,31,30,0.021785128861665726,0,0,4,3,1,6,1,5,1,1,1,1
1,31,35,0.001136423903517425,0,0,4,4,1,5,1,5,1,1,1,1
1,31,36,1.5732106476207264e-05,0,0,4,5,1,1,1,1,1,2,1,2
1,31,37,1.5248335785145173e-06,0,0,4,5,1,2,1,2,1,2,1,2
1,31,39,3.87918007618282e-05,0,0,4,5,1,4,1,4,1,2,1,2
1,31,41,0.001306365942582488,0,1,4,6,1,1,1,0,1,0,1,1
1,31,42,0.00018368092423770577,0,1,4,6,1,2,1,0,1,0,1,1
1,31,45,4.12363006034866e-05,0,1,4,6,1,5,1,0,1,0,1,1
1,31,47,0.0022975532338023186,0,2,4,7,1,0,1,0,1,0,1,4
1,32,4,0.03387143462896347,0,0,4,3,2,4,2,1,1,1,1,1
1,32,8,0.003235436510294676,0,0,4,3,2,2,2,2,1,1,1,1
1,32,9,0.029225505888462067,0,0,4,3,2,3,2,2,1,1,1,1
1,32,10,0.01817430928349495,0,0,4,3,2,4,2,2,1,1,1,1
1,32,12,0.028514377772808075,0,0,4,3,2,6,2,2,1,1,1,1
1,32,14,0.025053266435861588,0,0,4,3,2,2,2,3,1,1,1,1
1,32,15,0.09509558230638504,0,0,4,3,2,3,2,3,1,1,1,1
1,32,16,0.05628623440861702,0,0,4,3,2,4,2,3,1,1,1,1
1,32,17,0.012623618356883526,0,0,4,3,2,5,2,3,1,1,1,1
1,32,19,0.35539764165878296,0,0,4,3,2,1,2,4,1,1,1,1
1,32,20,0.03491080552339554,0,0,4,3,2,2,2,4,1,1,1,1
1,32,21,0.027107559144496918,0,0,4,3,2,3,2,4,1,1,1,1
1,32,22,0.1377863734960556,0,0,4,3,2,4,2,4,1,1,1,1
1,32,27,0.02498888596892357,0,0,4,3,2,3,2,5,1,1,1,1
1,32,29,0.002289180178195238,0,0,4,3,2,5,2,5,1,1,1,1
1,32,30,0.017313433811068535,0,0,4,3,2,6,2,5,1,1,1,1
1,32,35,0.0106287132948637,0,0,4,4,2,5,2,5,1,1,1,1
1,32,36,0.003273645881563425,0,0,4,5,2,1,2,1,1,2,1,2
1,32,37,0.0005309228436090052,0,0,4,5,2,2,2,2,1,2,1,2
1,32,39,0.0034743465948849916,0,0,4,5,2,4,2,4,1,2,1,2
1,32,41,0.04571916162967682,0,1,4,6,2,1,2,0,1,0,1,1
1,32,42,0.010463193990290165,0,1,4,6,2,2,2,0,1,0,1,1
1,32,45,0.00999374594539404,0,1,4,6,2,5,2,0,1,0,1,1
1,32,47,0.014042485505342484,0,2,4,7,2,0,2,0,1,0,1,4
1,33,4,3.423237649258226e-05,0,0,4,3,3,4,3,1,1,1,1,1
1,33,8,7.604546408401802e-05,0,0,4,3,3,2,3,2,1,1,1,1
1,33,9,0.0030925017781555653,0,0,4,3,3,3,3,2,1,1,1,1
1,33,10,6.108162779128179e-05,0,0,4,3,3,4,3,2,1,1,1,1
1,33,12,0.00030159103334881365,0,0,4,3,3,6,3,2,1,1,1,1
1,33,14,0.12905651330947876,0,0,4,3,3,2,3,3,1,1,1,1
1,33,15,0.7777513861656189,0,0,4,3,3,3,3,3,1,1,1,1
1,33,16,0.07587089389562607,0,0,4,3,3,4,3,3,1,1,1,1
1,33,17,0.004200441297143698,0,0,4,3,3,5,3,3,1,1,1,1
1,33,19,0.0011705849319696426,0,0,4,3,3,1,3,4,1,1,1,1
1,33,20,0.0006164588849060237,0,0,4,3,3,2,3,4,1,1,1,1
1,33,21,0.00015962358156684786,0,0,4,3,3,3,3,4,1,1,1,1
1,33,22,2.3556258383905515e-05,0,0,4,3,3,4,3,4,1,1,1,1
1,33,27,0.0016926568932831287,0,0,4,3,3,3,3,5,1,1,1,1
1,33,29,0.0005290958215482533,0,0,4,3,3,5,3,5,1,1,1,1
1,33,30,0.0009664744138717651,0,0,4,3,3,6,3,5,1,1,1,1
1,33,35,8.542680734535679e-05,0,0,4,4,3,5,3,5,1,1,1,1
1,33,36,0.00015927426284179091,0,0,4,5,3,1,3,1,1,2,1,2
1,33,37,4.013251600554213e-05,0,0,4,5,3,2,3,2,1,2,1,2
1,33,39,3.855983322864631e-06,0,0,4,5,3,4,3,4,1,2,1,2
1,33,41,0.0018633462022989988,0,1,4,6,3,1,3,0,1,0,1,1
1,33,42,0.0006370398332364857,0,1,4,6,3,2,3,0,1,0,1,1
1,33,45,0.0016033098800107837,0,1,4,6,3,5,3,0,1,0,1,1
1,33,47,5.240191512712045e-06,0,2,4,7,3,0,3,0,1,0,1,4
1,34,4,0.009622885845601559,0,0,4,3,4,4,4,1,1,1,1,1
1,34,8,0.003967157565057278,0,0,4,3,4,2,4,2,1,1,1,1
1,34,9,0.014711846597492695,0,0,4,3,4,3,4,2,1,1,1,1
1,34,10,0.012692706659436226,0,0,4,3,4,4,4,2,1,1,1,1
1,34,12,0.01038979459553957,0,0,4,3,4,6,4,2,1,1,1,1
1,34,14,0.07519122213125229,0,0,4,3,4,2,4,3,1,1,1,1
1,34,15,0.02634812332689762,0,0,4,3,4,3,4,3,1,1,1,1
1,34,16,0.017971744760870934,0,0,4,3,4,4,4,3,1,1,1,1
1,34,17,0.003920127637684345,0,0,4,3,4,5,4,3,1,1,1,1
1,34,19,0.7117943167686462,0,0,4,3,4,1,4,4,1,1,1,1
1,34,20,0.015576486475765705,0,0,4,3,4,2,4,4,1,1,1,1
1,34,21,0.02573930285871029,0,0,4,3,4,3,4,4,1,1,1,1
1,34,22,0.038591183722019196,0,0,4,3,4,4,4,4,1,1,1,1
1,34,27,0.015190876089036465,0,0,4,3,4,3,4,5,1,1,1,1
1,34,29,0.0003240426885895431,0,0,4,3,4,5,4,5,1,1,1,1
1,34,30,0.010032368823885918,0,0,4,3,4,6,4,5,1,1,1,1
1,34,35,0.0014820254873484373,0,0,4,4,4,5,4,5,1,1,1,1
1,34,36,0.0001270201610168442,0,0,4,5,4,1,4,1,1,2,1,2
1,34,37,2.881099317164626e-05,0,0,4,5,4,2,4,2,1,2,1,2
1,34,39,0.0002590060466900468,0,0,4,5,4,4,4,4,1,2,1,2
1,34,41,0.0035072555765509605,0,1,4,6,4,1,4,0,1,0,1,1
1,34,42,0.0020791231654584408,0,1,4,6,4,2,4,0,1,0,1,1
1,34,45,0.00011530283518368378,0,1,4,6,4,5,4,0,1,0,1,1
1,34,47,0.0003373872605152428,0,2,4,7,4,0,4,0,1,0,1,4
1,38,4,0.0028019496239721775,0,0,5,3,3,4,3,1,2,1,2,1
1,38,8,0.03673410415649414,0,0,5,3,3,2,3,2,2,1,2,1
1,38,9,0.009521540254354477,0,0,5,3,3,3,3,2,2,1,2,1
1,38,10,0.0002182148746214807,0,0,5,3,3,4,3,2,2,1,2,1
1,38,12,0.0002843351976480335,0,0,5,3,3,6,3,2,2,1,2,1
1,38,14,0.01463230885565281,0,0,5,3,3,2,3,3,2,1,2,1
1,38,15,0.009545712731778622,0,0,5,3,3,3,3,3,2,1,2,1
1,38,16,0.0008502729469910264,0,0,5,3,3,4,3,3,2,1,2,1
1,38,17,0.0014317816821858287,0,0,5,3,3,5,3,3,2,1,2,1
1,38,19,0.0002660067693796009,0,0,5,3,3,1,3,4,2,1,2,1
1,38,20,0.12170518189668655,0,0,5,3,3,2,3,4,2,1,2,1
1,38,21,0.00682263495400548,0,0,5,3,3,3,3,4,2,1,2,1
1,38,22,0.0002302598295500502,0,0,5,3,3,4,3,4,2,1,2,1
1,38,27,0.0002301766216987744,0,0,5,3,3,3,3,5,2,1,2,1
1,38,29,0.0038488346617668867,0,0,5,3,3,5,3,5,2,1,2,1
1,38,30,1.677021646173671e-05,0,0,5,3,3,6,3,5,2,1,2,1
1,38,35,0.0002995156974066049,0,0,5,4,3,5,3,5,2,1,2,1
1,38,36,0.014537417329847813,0,0,5,5,3,1,3,1,2,2,2,2
1,38,37,0.025373730808496475,0,0,5,5,3,2,3,2,2,2,2,2
1,38,39,0.00019587739370763302,0,0,5,5,3,4,3,4,2,2,2,2
1,38,41,0.01513552013784647,0,1,5,6,3,1,3,0,2,0,2,1
1,38,42,0.7164980173110962,0,1,5,6,3,2,3,0,2,0,2,1
1,38,45,0.01784077286720276,0,1,5,6,3,5,3,0,2,0,2,1
1,38,47,0.0009786633308976889,0,2,5,7,3,0,3,0,2,0,2,4
1,40,4,0.06545162945985794,0,0,5,3,5,4,5,1,2,1,2,1
1,40,8,0.31722292304039,0,0,5,3,5,2,5,2,2,1,2,1
1,40,9,0.00577117083594203,0,0,5,3,5,3,5,2,2,1,2,1
1,40,10,0.007465187460184097,0,0,5,3,5,4,5,2,2,1,2,1
1,40,12,0.0008118301047943532,0,0,5,3,5,6,5,2,2,1,2,1
1,40,14,0.0006290849414654076,0,0,5,3,5,2,5,3,2,1,2,1
1,40,15,2.1933763491688296e-05,0,0,5,3,5,3,5,3,2,1,2,1
1,40,16,1.0536256922932807e-05,0,0,5,3,5,4,5,3,2,1,2,1
1,40,17,0.00012817734386771917,0,0,5,3,5,5,5,3,2,1,2,1
1,40,19,0.0038083218969404697,0,0,5,3,5,1,5,4,2,1,2,1
1,40,20,0.1944090873003006,0,0,5,3,5,2,5,4,2,1,2,1
1,40,21,0.2895291745662689,0,0,5,3,5,3,5,4,2,1,2,1
1,40,22,0.017201876267790794,0,0,5,3,5,4,5,4,2,1,2,1
1,40,27,0.0008170945220626891,0,0,5,3,5,3,5,5,2,1,2,1
1,40,29,0.0005981696886010468,0,0,5,3,5,5,5,5,2,1,2,1
1,40,30,3.802494393312372e-05,0,0,5,3,5,6,5,5,2,1,2,1
1,40,35,0.0009534311830066144,0,0,5,4,5,5,5,5,2,1,2,1
1,40,36,0.0002706663217395544,0,0,5,5,5,1,5,1,2,2,2,2
1,40,37,0.0011562719009816647,0,0,5,5,5,2,5,2,2,2,2,2
1,40,39,0.0007549251313321292,0,0,5,5,5,4,5,4,2,2,2,2
1,40,41,0.0006765243597328663,0,1,5,6,5,1,5,0,2,0,2,1
1,40,42,0.08104944974184036,0,1,5,6,5,2,5,0,2,0,2,1
1,40,45,6.758920062566176e-05,0,1,5,6,5,5,5,0,2,0,2,1
1,40,47,0.01115658599883318,0,2,5,7,5,0,5,0,2,0,2,4
1,43,4,0.009866602718830109,1,0,6,3,3,4,0,1,0,1,1,1
1,43,8,0.0017132622888311744,1,0,6,3,3,2,0,2,0,1,1,1
1,43,9,0.009754562750458717,1,0,6,3,3,3,0,2,0,1,1,1
1,43,10,0.02704649418592453,1,0,6,3,3,4,0,2,0,1,1,1
1,43,12,0.004230911377817392,1,0,6,3,3,6,0,2,0,1,1,1
1,43,14,0.004576182458549738,1,0,6,3,3,2,0,3,0,1,1,1
1,43,15,0.01983311027288437,1,0,6,3,3,3,0,3,0,1,1,1
1,43,16,0.01187804713845253,1,0,6,3,3,4,0,3,0,1,1,1
1,43,17,0.01879601925611496,1,0,6,3,3,5,0,3,0,1,1,1
1,43,19,0.012856481596827507,1,0,6,3,3,1,0,4,0,1,1,1
1,43,20,0.001867627608589828,1,0,6,3,3,2,0,4,0,1,1,1
1,43,21,0.002407412976026535,1,0,6,3,3,3,0,4,0,1,1,1
1,43,22,0.0016308361664414406,1,0,6,3,3,4,0,4,0,1,1,1
1,43,27,0.12899234890937805,1,0,6,3,3,3,0,5,0,1,1,1
1,43,29,0.18169976770877838,1,0,6,3,3,5,0,5,0,1,1,1
1,43,30,0.547089695930481,1,0,6,3,3,6,0,5,0,1,1,1
1,43,35,0.0047601377591490746,1,0,6,4,3,5,0,5,0,1,1,1
1,43,36,0.00032861792715266347,1,0,6,5,3,1,0,1,0,2,1,2
1,43,37,6.106468208599836e-05,1,0,6,5,3,2,0,2,0,2,1,2
1,43,39,0.0002107119798893109,1,0,6,5,3,4,0,4,0,2,1,2
1,43,41,0.002025206573307514,1,1,6,6,3,1,0,0,0,0,1,1
1,43,42,0.00010336520062992349,1,1,6,6,3,2,0,0,0,0,1,1
1,43,45,0.008044709451496601,1,1,6,6,3,5,0,0,0,0,1,1
1,43,47,0.00022677777451463044,1,2,6,7,3,0,0,0,0,0,1,4
1,44,4,0.0009753129561431706,1,0,6,3,4,4,0,1,0,1,1,1
1,44,8,0.0006479115691035986,1,0,6,3,4,2,0,2,0,1,1,1
1,44,9,0.01930150017142296,1,0,6,3,4,3,0,2,0,1,1,1
1,44,10,0.0016924866940826178,1,0,6,3,4,4,0,2,0,1,1,1
1,44,12,0.0034334773663431406,1,0,6,3,4,6,0,2,0,1,1,1
1,44,14,0.06555857509374619,1,0,6,3,4,2,0,3,0,1,1,1
1,44,15,0.8069873452186584,1,0,6,3,4,3,0,3,0,1,1,1
1,44,16,0.019464464858174324,1,0,6,3,4,4,0,3,0,1,1,1
1,44,17,0.0036390109453350306,1,0,6,3,4,5,0,3,0,1,1,1
1,44,19,0.0012090796371921897,1,0,6,3,4,1,0,4,0,1,1,1
1,44,20,0.0026884106919169426,1,0,6,3,4,2,0,4,0,1,1,1
1,44,21,0.0008362392545677722,1,0,6,3,4,3,0,4,0,1,1,1
1,44,22,2.7030946512240916e-05,1,0,6,3,4,4,0,4,0,1,1,1
1,44,27,0.04045641049742699,1,0,6,3,4,3,0,5,0,1,1,1
1,44,29,0.00904550589621067,1,0,6,3,4,5,0,5,0,1,1,1
1,44,30,0.02218738943338394,1,0,6,3,4,6,0,5,0,1,1,1
1,44,35,0.0001490948343416676,1,0,6,4,4,5,0,5,0,1,1,1
1,44,36,0.00010173975169891492,1,0,6,5,4,1,0,1,0,2,1,2
1,44,37,8.194097972591408e-06,1,0,6,5,4,2,0,2,0,2,1,2
1,44,39,3.996909185843833e-07,1,0,6,5,4,4,0,4,0,2,1,2
1,44,41,0.00090800627367571,1,1,6,6,4,1,0,0,0,0,1,1
1,44,42,0.00014498569362331182,1,1,6,6,4,2,0,0,0,0,1,1
1,44,45,0.0005307355895638466,1,1,6,6,4,5,0,0,0,0,1,1
1,44,47,6.626736649195664e-06,1,2,6,7,4,0,0,0,0,0,1,4
1,46,4,0.006810235790908337,1,0,6,3,6,4,0,1,0,1,1,1
1,46,8,0.0009776139631867409,1,0,6,3,6,2,0,2,0,1,1,1
1,46,9,0.011138892732560635,1,0,6,3,6,3,0,2,0,1,1,1
1,46,10,0.03155607357621193,1,0,6,3,6,4,0,2,0,1,1,1
1,46,12,0.011223477311432362,1,0,6,3,6,6,0,2,0,1,1,1
1,46,14,0.01210869662463665,1,0,6,3,6,2,0,3,0,1,1,1
1,46,15,0.026678014546632767,1,0,6,3,6,3,0,3,0,1,1,1
1,46,16,0.00859939306974411,1,0,6,3,6,4,0,3,0,1,1,1
1,46,17,0.0083400784060359,1,0,6,3,6,5,0,3,0,1,1,1
1,46,19,0.0418238565325737,1,0,6,3,6,1,0,4,0,1,1,1
1,46,20,0.0012348027667030692,1,0,6,3,6,2,0,4,0,1,1,1
1,46,21,0.002898971550166607,1,0,6,3,6,3,0,4,0,1,1,1
1,46,22,0.001682264730334282,1,0,6,3,6,4,0,4,0,1,1,1
1,46,27,0.17247210443019867,1,0,6,3,6,3,0,5,0,1,1,1
1,46,29,0.014704793691635132,1,0,6,3,6,5,0,5,0,1,1,1
1,46,30,0.6455187201499939,1,0,6,3,6,6,0,5,0,1,1,1
1,46,35,0.0010458173928782344,1,0,6,4,6,5,0,5,0,1,1,1
1,46,36,2.867578405130189e-05,1,0,6,5,6,1,0,1,0,2,1,2
1,46,37,1.9596907350205583e-06,1,0,6,5,6,2,0,2,0,2,1,2
1,46,39,1.0358675353927538e-05,1,0,6,5,6,4,0,4,0,2,1,2
1,46,41,0.0006926789646968246,1,1,6,6,6,1,0,0,0,0,1,1
1,46,42,2.339358616154641e-05,1,1,6,6,6,2,0,0,0,0,1,1
1,46,45,0.00031072855927050114,1,1,6,6,6,5,0,0,0,0,1,1
1,46,47,0.00011782562069129199,1,2,6,7,6,0,0,0,0,0,1,4
2,0,2,0.00031771647627465427,0,0,1,3,0,2,0,1,2,1,4,1
2,0,3,0.004039687104523182,0,0,1,3,0,3,0,1,2,1,4,1
2,0,4,0.0001459288614569232,0,0,1,3,0,4,0,1,2,1,4,1
2,0,10,0.003670051461085677,0,0,1,3,0,4,0,2,2,1,4,1
2,0,11,0.00015581329353153706,0,0,1,3,0,5,0,2,2,1,4,1
2,0,12,0.0005595228285528719,0,0,1,3,0,6,0,2,2,1,4,1
2,0,15,0.001433292287401855,0,0,1,3,0,3,0,3,2,1,4,1
2,0,16,0.003739401465281844,0,0,1,3,0,4,0,3,2,1,4,1
2,0,18,0.0058472370728850365,0,0,1,3,0,6,0,3,2,1,4,1
2,0,20,0.004527063108980656,0,0,1,3,0,2,0,4,2,1,4,1
2,0,24,0.012492666952311993,0,0,1,3,0,6,0,4,2,1,4,1
2,0,25,4.21375734731555e-05,0,0,1,3,0,1,0,5,2,1,4,1
2,0,26,5.0309739890508354e-05,0,0,1,3,0,2,0,5,2,1,4,1
2,0,28,0.0006616906612180173,0,0,1,3,0,4,0,5,2,1,4,1
2,0,29,0.0016643657581880689,0,0,1,3,0,5,0,5,2,1,4,1
2,0,30,0.0001654165389481932,0,0,1,3,0,6,0,5,2,1,4,1
2,0,32,0.00012479560973588377,0,0,1,4,0,2,0,2,2,1,4,1
2,0,37,0.016583368182182312,0,0,1,5,0,2,0,2,2,2,4,2
2,0,39,0.9378067255020142,0,0,1,5,0,4,0,4,2,2,4,2
2,0,40,0.0054221185855567455,0,0,1,5,0,5,0,5,2,2,4,2
2,0,43,0.00026251093368045986,0,1,1,6,0,3,0,0,2,0,4,1
2,0,44,4.8305759264621884e-05,0,1,1,6,0,4,0,0,2,0,4,1
2,0,46,0.00019135940237902105,0,1,1,6,0,6,0,0,2,0,4,1
2,0,47,4.884279769612476e-05,0,2,1,7,0,0,0,0,2,0,4,4
2,1,2,0.004276461433619261,0,0,3,3,1,2,1,1,1,1,1,1
2,1,3,0.0035596806555986404,0,0,3,3,1,3,1,1,1,1,1,1
2,1,4,0.19653786718845367,0,0,3,3,1,4,1,1,1,1,1,1
2,1,10,0.25647440552711487,0,0,3,3,1,4,1,2,1,1,1,1
2,1,11,0.030100174248218536,0,0,3,3,1,5,1,2,1,1,1,1
2,1,12,0.0018359717214480042,0,0,3,3,1,6,1,2,1,1,1,1
2,1,15,0.004377916920930147,0,0,3,3,1,3,1,3,1,1,1,1
2,1,16,0.11108626425266266,0,0,3,3,1,4,1,3,1,1,1,1
2,1,18,0.059569839388132095,0,0,3,3,1,6,1,3,1,1,1,1
2,1,20,0.0010518968338146806,0,0,3,3,1,2,1,4,1,1,1,1
2,1,24,0.006838454864919186,0,0,3,3,1,6,1,4,1,1,1,1
2,1,25,0.05384690687060356,0,0,3,3,1,1,1,5,1,1,1,1
2,1,26,0.020096948370337486,0,0,3,3,1,2,1,5,1,1,1,1
2,1,28,0.0883575826883316,0,0,3,3,1,4,1,5,1,1,1,1
2,1,29,0.01615966111421585,0,0,3,3,1,5,1,5,1,1,1,1
2,1,30,0.024498291313648224,0,0,3,3,1,6,1,5,1,1,1,1
2,1,32,0.005073216278105974,0,0,3,4,1,2,1,2,1,1,1,1
2,1,37,9.04169719433412e-05,0,0,3,5,1,2,1,2,1,2,1,2
2,1,39,0.00031913744169287384,0,0,3,5,1,4,1,4,1,2,1,2
2,1,40,0.0003537896554917097,0,0,3,5,1,5,1,5,1,2,1,2
2,1,43,0.000346721732057631,0,1,3,6,1,3,1,0,1,0,1,1
2,1,44,0.03429950401186943,0,1,3,6,1,4,1,0,1,0,1,1
2,1,46,0.0014449526788666844,0,1,3,6,1,6,1,0,1,0,1,1
2,1,47,0.07940386235713959,0,2,3,7,1,0,1,0,1,0,1,4
2,5,2,0.011529562063515186,0,0,3,3,5,2,1,1,1,1,1,1
2,5,3,0.011740361340343952,0,0,3,3,5,3,1,1,1,1,1,1
2,5,4,0.09437509626150131,0,0,3,3,5,4,1,1,1,1,1,1
2,5,10,0.10214528441429138,0,0,3,3,5,4,1,2,1,1,1,1
2,5,11,0.07519331574440002,0,0,3,3,5,5,1,2,1,1,1,1
2,5,12,0.05341280996799469,0,0,3,3,5,6,1,2,1,1,1,1
2,5,15,0.0038320464082062244,0,0,3,3,5,3,1,3,1,1,1,1
2,5,16,0.03336379677057266,0,0,3,3,5,4,1,3,1,1,1,1
2,5,18,0.025114931166172028,0,0,3,3,5,6,1,3,1,1,1,1
2,5,20,0.0060751549899578094,0,0,3,3,5,2,1,4,1,1,1,1
2,5,24,0.03553835675120354,0,0,3,3,5,6,1,4,1,1,1,1
2,5,25,0.16619019210338593,0,0,3,3,5,1,1,5,1,1,1,1
2,5,26,0.03550398349761963,0,0,3,3,5,2,1,5,1,1,1,1
2,5,28,0.13057392835617065,0,0,3,3,5,4,1,5,1,1,1,1
2,5,29,0.021487807855010033,0,0,3,3,5,5,1,5,1,1,1,1
2,5,30,0.0904560536146164,0,0,3,3,5,6,1,5,1,1,1,1
2,5,32,0.03329307213425636,0,0,3,4,5,2,1,2,1,1,1,1
2,5,37,0.004458565730601549,0,0,3,5,5,2,1,2,1,2,1,2
2,5,39,0.0032187290489673615,0,0,3,5,5,4,1,4,1,2,1,2
2,5,40,0.011863538064062595,0,0,3,5,5,5,1,5,1,2,1,2
2,5,43,0.0016542698722332716,0,1,3,6,5,3,1,0,1,0,1,1
2,5,44,0.018448082730174065,0,1,3,6,5,4,1,0,1,0,1,1
2,5,46,0.005646912846714258,0,1,3,6,5,6,1,0,1,0,1,1
2,5,47,0.024883998557925224,0,2,3,7,5,0,1,0,1,0,1,4
2,6,2,0.01952965185046196,0,0,3,3,6,2,1,1,1,1,1,1
2,6,3,0.03578866645693779,0,0,3,3,6,3,1,1,1,1,1,1
2,6,4,0.1608610451221466,0,0,3,3,6,4,1,1,1,1,1,1
2,6,10,0.19470025599002838,0,0,3,3,6,4,1,2,1,1,1,1
2,6,11,0.02191982977092266,0,0,3,3,6,5,1,2,1,1,1,1
2,6,12,0.008476240560412407,0,0,3,3,6,6,1,2,1,1,1,1
2,6,15,0.033363617956638336,0,0,3,3,6,3,1,3,1,1,1,1
2,6,16,0.11704576015472412,0,0,3,3,6,4,1,3,1,1,1,1
2,6,18,0.03894011303782463,0,0,3,3,6,6,1,3,1,1,1,1
2,6,20,0.01706715300679207,0,0,3,3,6,2,1,4,1,1,1,1
2,6,24,0.004228347912430763,0,0,3,3,6,6,1,4,1,1,1,1
2,6,25,0.029048241674900055,0,0,3,3,6,1,1,5,1,1,1,1
2,6,26,0.05104558542370796,0,0,3,3,6,2,1,5,1,1,1,1
2,6,28,0.07556647062301636,0,0,3,3,6,4,1,5,1,1,1,1
2,6,29,0.023317476734519005,0,0,3,3,6,5,1,5,1,1,1,1
2,6,30,0.030684752389788628,0,0,3,3,6,6,1,5,1,1,1,1
2,6,32,0.03562946245074272,0,0,3,4,6,2,1,2,1,1,1,1
2,6,37,0.010272250510752201,0,0,3,5,6,2,1,2,1,2,1,2
2,6,39,0.007741462904959917,0,0,3,5,6,4,1,4,1,2,1,2
2,6,40,0.007424090523272753,0,0,3,5,6,5,1,5,1,2,1,2
2,6,43,0.009210165590047836,0,1,3,6,6,3,1,0,1,0,1,1
2,6,44,0.021308138966560364,0,1,3,6,6,4,1,0,1,0,1,1
2,6,46,0.003782682353630662,0,1,3,6,6,6,1,0,1,0,1,1
2,6,47,0.043048661202192307,0,2,3,7,6,0,1,0,1,0,1,4
2,7,2,0.021678399294614792,0,0,3,3,1,2,2,1,1,1,1,1
2,7,3,0.018009815365076065,0,0,3,3,1,3,2,1,1,1,1,1
2,7,4,0.12968172132968903,0,0,3,3,1,4,2,1,1,1,1,1
2,7,10,0.16513241827487946,0,0,3,3,1,4,2,2,1,1,1,1
2,7,11,0.034621141850948334,0,0,3,3,1,5,2,2,1,1,1,1
2,7,12,0.015137501060962677,0,0,3,3,1,6,2,2,1,1,1,1
2,7,15,0.009596968069672585,0,0,3,3,1,3,2,3,1,1,1,1
2,7,16,0.0664912685751915,0,0,3,3,1,4,2,3,1,1,1,1
2,7,18,0.02080879919230938,0,0,3,3,1,6,2,3,1,1,1,1
2,7,20,0.01831786334514618,0,0,3,3,1,2,2,4,1,1,1,1
2,7,24,0.01004094909876585,0,0,3,3,1,6,2,4,1,1,1,1
2,7,25,0.09613054990768433,0,0,3,3,1,1,2,5,1,1,1,1
2,7,26,0.0915876030921936,0,0,3,3,1,2,2,5,1,1,1,1
2,7,28,0.09014817327260971,0,0,3,3,1,4,2,5,1,1,1,1
2,7,29,0.037608180195093155,0,0,3,3,1,5,2,5,1,1,1,1
2,7,30,0.044597990810871124,0,0,3,3,1,6,2,5,1,1,1,1
2,7,32,0.03882286325097084,0,0,3,4,1,2,2,2,1,1,1,1
2,7,37,0.0009423728915862739,0,0,3,5,1,2,2,2,1,2,1,2
2,7,39,0.00227330531924963,0,0,3,5,1,4,2,4,1,2,1,2
2,7,40,0.002611869713291526,0,0,3,5,1,5,2,5,1,2,1,2
2,7,43,0.0035159101244062185,0,1,3,6,1,3,2,0,1,0,1,1
2,7,44,0.033510856330394745,0,1,3,6,1,4,2,0,1,0,1,1
2,7,46,0.00878884270787239,0,1,3,6,1,6,2,0,1,0,1,1
2,7,47,0.03994480147957802,0,2,3,7,1,0,2,0,1,0,1,4
2,8,2,0.02069123461842537,0,0,3,3,2,2,2,1,1,1,1,1
2,8,3,0.05012892186641693,0,0,3,3,2,3,2,1,1,1,1,1
2,8,4,0.05883101001381874,0,0,3,3,2,4,2,1,1,1,1,1
2,8,10,0.04798135161399841,0,0,3,3,2,4,2,2,1,1,1,1
2,8,11,0.04836886748671532,0,0,3,3,2,5,2,2,1,1,1,1
2,8,12,0.08433760702610016,0,0,3,3,2,6,2,2,1,1,1,1
2,8,15,0.005747353192418814,0,0,3,3,2,3,2,3,1,1,1,1
2,8,16,0.01829267106950283,0,0,3,3,2,4,2,3,1,1,1,1
2,8,18,0.0035120206885039806,0,0,3,3,2,6,2,3,1,1,1,1
2,8,20,0.004804961383342743,0,0,3,3,2,2,2,4,1,1,1,1
2,8,24,0.009444109164178371,0,0,3,3,2,6,2,4,1,1,1,1
2,8,25,0.08106937259435654,0,0,3,3,2,1,2,5,1,1,1,1
2,8,26,0.019245782867074013,0,0,3,3,2,2,2,5,1,1,1,1
2,8,28,0.010703844018280506,0,0,3,3,2,4,2,5,1,1,1,1
2,8,29,0.0020741871558129787,0,0,3,3,2,5,2,5,1,1,1,1
2,8,30,0.04988168179988861,0,0,3,3,2,6,2,5,1,1,1,1
2,8,32,0.09146343171596527,0,0,3,4,2,2,2,2,1,1,1,1
2,8,37,0.0018264600075781345,0,0,3,5,2,2,2,2,1,2,1,2
2,8,39,0.0007674650405533612,0,0,3,5,2,4,2,4,1,2,1,2
2,8,40,0.00031233375193551183,0,0,3,5,2,5,2,5,1,2,1,2
2,8,43,0.003920448943972588,0,1,3,6,2,3,2,0,1,0,1,1
2,8,44,0.0015106538776308298,0,1,3,6,2,4,2,0,1,0,1,1
2,8,46,0.006008096970617771,0,1,3,6,2,6,2,0,1,0,1,1
2,8,47,0.3790760934352875,0,2,3,7,2,0,2,0,1,0,1,4
2,9,2,0.055144403129816055,0,0,3,3,3,2,2,1,1,1,1,1
2,9,3,0.09295366704463959,0,0,3,3,3,3,2,1,1,1,1,1
2,9,4,0.11336139589548111,0,0,3,3,3,4,2,1,1,1,1,1
2,9,10,0.025555208325386047,0,0,3,3,3,4,2,2,1,1,1,1
2,9,11,0.02362128533422947,0,0,3,3,3,5,2,2,1,1,1,1
2,9,12,0.10313769429922104,0,0,3,3,3,6,2,2,1,1,1,1
2,9,15,0.05190654098987579,0,0,3,3,3,3,2,3,1,1,1,1
2,9,16,0.03341091424226761,0,0,3,3,3,4,2,3,1,1,1,1
2,9,18,0.017799237743020058,0,0,3,3,3,6,2,3,1,1,1,1
2,9,20,0.0323236808180809,0,0,3,3,3,2,2,4,1,1,1,1
2,9,24,0.0307265967130661,0,0,3,3,3,6,2,4,1,1,1,1
2,9,25,0.04212769865989685,0,0,3,3,3,1,2,5,1,1,1,1
2,9,26,0.05450819432735443,0,0,3,3,3,2,2,5,1,1,1,1
2,9,28,0.03197895362973213,0,0,3,3,3,4,2,5,1,1,1,1
2,9,29,0.013688886538147926,0,0,3,3,3,5,2,5,1,1,1,1
2,9,30,0.08107083290815353,0,0,3,3,3,6,2,5,1,1,1,1
2,9,32,0.09763718396425247,0,0,3,4,3,2,2,2,1,1,1,1
2,9,37,0.0027851813938468695,0,0,3,5,3,2,2,2,1,2,1,2
2,9,39,0.0017171773361042142,0,0,3,5,3,4,2,4,1,2,1,2
2,9,40,0.0019061814527958632,0,0,3,5,3,5,2,5,1,2,1,2
2,9,43,0.05541388690471649,0,1,3,6,3,3,2,0,1,0,1,1
2,9,44,0.013097106479108334,0,1,3,6,3,4,2,0,1,0,1,1
2,9,46,0.018806522712111473,0,1,3,6,3,6,2,0,1,0,1,1
2,9,47,0.005321487318724394,0,2,3,7,3,0,2,0,1,0,1,4
2,13,2,0.011064264923334122,0,0,3,3,1,2,3,1,1,1,1,1
2,13,3,0.001120967441238463,0,0,3,3,1,3,3,1,1,1,1,1
2,13,4,0.11397438496351242,0,0,3,3,1,4,3,1,1,1,1,1
2,13,10,0.08003655076026917,0,0,3,3,1,4,3,2,1,1,1,1
2,13,11,0.004585131071507931,0,0,3,3,1,5,3,2,1,1,1,1
2,13,12,0.00047621942940168083,0,0,3,3,1,6,3,2,1,1,1,1
2,13,15,0.005061787087470293,0,0,3,3,1,3,3,3,1,1,1,1
2,13,16,0.12111470848321915,0,0,3,3,1,4,3,3,1,1,1,1
2,13,18,0.0322171226143837,0,0,3,3,1,6,3,3,1,1,1,1
2,13,20,0.00696025975048542,0,0,3,3,1,2,3,4,1,1,1,1
2,13,24,0.0013820159947499633,0,0,3,3,1,6,3,4,1,1,1,1
2,13,25,0.036276962608098984,0,0,3,3,1,1,3,5,1,1,1,1
2,13,26,0.09248896688222885,0,0,3,3,1,2,3,5,1,1,1,1
2,13,28,0.18316979706287384,0,0,3,3,1,4,3,5,1,1,1,1
2,13,29,0.18629693984985352,0,0,3,3,1,5,3,5,1,1,1,1
2,13,30,0.019571537151932716,0,0,3,3,1,6,3,5,1,1,1,1
2,13,32,0.009151647798717022,0,0,3,4,1,2,3,2,1,1,1,1
2,13,37,8.307726966449991e-05,0,0,3,5,1,2,3,2,1,2,1,2
2,13,39,0.00022679538233205676,0,0,3,5,1,4,3,4,1,2,1,2
2,13,40,0.0031888377852737904,0,0,3,5,1,5,3,5,1,2,1,2
2,13,43,0.0004065668908879161,0,1,3,6,1,3,3,0,1,0,1,1
2,13,44,0.08046004176139832,0,1,3,6,1,4,3,0,1,0,1,1
2,13,46,0.0005577998235821724,0,1,3,6,1,6,3,0,1,0,1,1
2,13,47,0.010127647779881954,0,2,3,7,1,0,3,0,1,0,1,4
2,14,2,0.003253369592130184,0,0,3,3,2,2,3,1,1,1,1,1
2,14,3,0.011256883852183819,0,0,3,3,2,3,3,1,1,1,1,1
2,14,4,0.004549290519207716,0,0,3,3,2,4,3,1,1,1,1,1
2,14,10,0.012746397405862808,0,0,3,3,2,4,3,2,1,1,1,1
2,14,11,0.01042118202894926,0,0,3,3,2,5,3,2,1,1,1,1
2,14,12,0.039940960705280304,0,0,3,3,2,6,3,2,1,1,1,1
2,14,15,0.008441784419119358,0,0,3,3,2,3,3,3,1,1,1,1
2,14,16,0.012057472951710224,0,0,3,3,2,4,3,3,1,1,1,1
2,14,18,0.004012799821794033,0,0,3,3,2,6,3,3,1,1,1,1
2,14,20,0.005377979949116707,0,0,3,3,2,2,3,4,1,1,1,1
2,14,24,0.009544998407363892,0,0,3,3,2,6,3,4,1,1,1,1
2,14,25,0.017364030703902245,0,0,3,3,2,1,3,5,1,1,1,1
2,14,26,0.003094544168561697,0,0,3,3,2,2,3,5,1,1,1,1
2,14,28,0.002455794485285878,0,0,3,3,2,4,3,5,1,1,1,1
2,14,29,0.0021844867151230574,0,0,3,3,2,5,3,5,1,1,1,1
2,14,30,0.016248047351837158,0,0,3,3,2,6,3,5,1,1,1,1
2,14,32,0.015589344315230846,0,0,3,4,2,2,3,2,1,1,1,1
2,14,37,0.004268276505172253,0,0,3,5,2,2,3,2,1,2,1,2
2,14,39,0.0013152089668437839,0,0,3,5,2,4,3,4,1,2,1,2
2,14,40,0.0006293646292760968,0,0,3,5,2,5,3,5,1,2,1,2
2,14,43,0.008260590955615044,0,1,3,6,2,3,3,0,1,0,1,1
2,14,44,0.0014249414671212435,0,1,3,6,2,4,3,0,1,0,1,1
2,14,46,0.008633594959974289,0,1,3,6,2,6,3,0,1,0,1,1
2,14,47,0.7969291806221008,0,2,3,7,2,0,3,0,1,0,1,4
2,17,2,0.010994159616529942,0,0,3,3,5,2,3,1,1,1,1,1
2,17,3,0.020169515162706375,0,0,3,3,5,3,3,1,1,1,1,1
2,17,4,0.053977325558662415,0,0,3,3,5,4,3,1,1,1,1,1
2,17,10,0.09030922502279282,0,0,3,3,5,4,3,2,1,1,1,1
2,17,11,0.018062811344861984,0,0,3,3,5,5,3,2,1,1,1,1
2,17,12,0.005698619410395622,0,0,3,3,5,6,3,2,1,1,1,1
2,17,15,0.014329614117741585,0,0,3,3,5,3,3,3,1,1,1,1
2,17,16,0.028430700302124023,0,0,3,3,5,4,3,3,1,1,1,1
2,17,18,0.01374305970966816,0,0,3,3,5,6,3,3,1,1,1,1
2,17,20,0.006124259904026985,0,0,3,3,5,2,3,4,1,1,1,1
2,17,24,0.0017357026226818562,0,0,3,3,5,6,3,4,1,1,1,1
2,17,25,0.03908706456422806,0,0,3,3,5,1,3,5,1,1,1,1
2,17,26,0.030543498694896698,0,0,3,3,5,2,3,5,1,1,1,1
2,17,28,0.08222714066505432,0,0,3,3,5,4,3,5,1,1,1,1
2,17,29,0.04088978096842766,0,0,3,3,5,5,3,5,1,1,1,1
2,17,30,0.02249211259186268,0,0,3,3,5,6,3,5,1,1,1,1
2,17,32,0.037043843418359756,0,0,3,4,5,2,3,2,1,1,1,1
2,17,37,0.12677228450775146,0,0,3,5,5,2,3,2,1,2,1,2
2,17,39,0.05756501108407974,0,0,3,5,5,4,3,4,1,2,1,2
2,17,40,0.28332534432411194,0,0,3,5,5,5,3,5,1,2,1,2
2,17,43,0.0031447249930351973,0,1,3,6,5,3,3,0,1,0,1,1
2,17,44,0.0079012680798769,0,1,3,6,5,4,3,0,1,0,1,1
2,17,46,0.003253636881709099,0,1,3,6,5,6,3,0,1,0,1,1
2,17,47,0.002179407747462392,0,2,3,7,5,0,3,0,1,0,1,4
2,19,2,0.015781503170728683,0,0,3,3,1,2,4,1,1,1,1,1
2,19,3,0.0386623777449131,0,0,3,3,1,3,4,1,1,1,1,1
2,19,4,0.053225722163915634,0,0,3,3,1,4,4,1,1,1,1,1
2,19,10,0.3368234634399414,0,0,3,3,1,4,4,2,1,1,1,1
2,19,11,0.03601726144552231,0,0,3,3,1,5,4,2,1,1,1,1
2,19,12,0.012081480585038662,0,0,3,3,1,6,4,2,1,1,1,1
2,19,15,0.00675215432420373,0,0,3,3,1,3,4,3,1,1,1,1
2,19,16,0.04757048189640045,0,0,3,3,1,4,4,3,1,1,1,1
2,19,18,0.01638135127723217,0,0,3,3,1,6,4,3,1,1,1,1
2,19,20,0.027150209993124008,0,0,3,3,1,2,4,4,1,1,1,1
2,19,24,0.012485930696129799,0,0,3,3,1,6,4,4,1,1,1,1
2,19,25,0.021285314112901688,0,0,3,3,1,1,4,5,1,1,1,1
2,19,26,0.03537678346037865,0,0,3,3,1,2,4,5,1,1,1,1
2,19,28,0.013834784738719463,0,0,3,3,1,4,4,5,1,1,1,1
2,19,29,0.01062115840613842,0,0,3,3,1,5,4,5,1,1,1,1
2,19,30,0.013889160938560963,0,0,3,3,1,6,4,5,1,1,1,1
2,19,32,0.02116016298532486,0,0,3,4,1,2,4,2,1,1,1,1
2,19,37,0.0008626704220660031,0,0,3,5,1,2,4,2,1,2,1,2
2,19,39,0.010049435310065746,0,0,3,5,1,4,4,4,1,2,1,2
2,19,40,0.00042006507283076644,0,0,3,5,1,5,4,5,1,2,1,2
2,19,43,0.00440199114382267,0,1,3,6,1,3,4,0,1,0,1,1
2,19,44,0.012440740130841732,0,1,3,6,1,4,4,0,1,0,1,1
2,19,46,0.020400235429406166,0,1,3,6,1,6,4,0,1,0,1,1
2,19,47,0.23232556879520416,0,2,3,7,1,0,4,0,1,0,1,4
2,21,2,0.010998888872563839,0,0,3,3,3,2,4,1,1,1,1,1
2,21,3,0.11238507181406021,0,0,3,3,3,3,4,1,1,1,1,1
2,21,4,0.03016951121389866,0,0,3,3,3,4,4,1,1,1,1,1
2,21,10,0.1632428914308548,0,0,3,3,3,4,4,2,1,1,1,1
2,21,11,0.02011781744658947,0,0,3,3,3,5,4,2,1,1,1,1
2,21,12,0.045579344034194946,0,0,3,3,3,6,4,2,1,1,1,1
2,21,15,0.038658127188682556,0,0,3,3,3,3,4,3,1,1,1,1
2,21,16,0.061970558017492294,0,0,3,3,3,4,4,3,1,1,1,1
2,21,18,0.03206859901547432,0,0,3,3,3,6,4,3,1,1,1,1
2,21,20,0.059790898114442825,0,0,3,3,3,2,4,4,1,1,1,1
2,21,24,0.04254759103059769,0,0,3,3,3,6,4,4,1,1,1,1
2,21,25,0.022170448675751686,0,0,3,3,3,1,4,5,1,1,1,1
2,21,26,0.018137328326702118,0,0,3,3,3,2,4,5,1,1,1,1
2,21,28,0.021251782774925232,0,0,3,3,3,4,4,5,1,1,1,1
2,21,29,0.0280776247382164,0,0,3,3,3,5,4,5,1,1,1,1
2,21,30,0.02431805245578289,0,0,3,3,3,6,4,5,1,1,1,1
2,21,32,0.02082693949341774,0,0,3,4,3,2,4,2,1,1,1,1
2,21,37,0.010913887992501259,0,0,3,5,3,2,4,2,1,2,1,2
2,21,39,0.08199566602706909,0,0,3,5,3,4,4,4,1,2,1,2
2,21,40,0.005083286669105291,0,0,3,5,3,5,4,5,1,2,1,2
2,21,43,0.03950156271457672,0,1,3,6,3,3,4,0,1,0,1,1
2,21,44,0.011616422794759274,0,1,3,6,3,4,4,0,1,0,1,1
2,21,46,0.052741363644599915,0,1,3,6,3,6,4,0,1,0,1,1
2,21,47,0.04583648219704628,0,2,3,7,3,0,4,0,1,0,1,4
2,22,2,0.004428663291037083,0,0,3,3,4,2,4,1,1,1,1,1
2,22,3,0.03534095734357834,0,0,3,3,4,3,4,1,1,1,1,1
2,22,4,0.019295761361718178,0,0,3,3,4,4,4,1,1,1,1,1
2,22,10,0.0414879284799099,0,0,3,3,4,4,4,2,1,1,1,1
2,22,11,0.06092144176363945,0,0,3,3,4,5,4,2,1,1,1,1
2,22,12,0.04560236632823944,0,0,3,3,4,6,4,2,1,1,1,1
2,22,15,0.0015698759816586971,0,0,3,3,4,3,4,3,1,1,1,1
2,22,16,0.007000441662967205,0,0,3,3,4,4,4,3,1,1,1,1
2,22,18,0.0029429160058498383,0,0,3,3,4,6,4,3,1,1,1,1
2,22,20,0.0034360350109636784,0,0,3,3,4,2,4,4,1,1,1,1
2,22,24,0.019102808088064194,0,0,3,3,4,6,4,4,1,1,1,1
2,22,25,0.15608097612857819,0,0,3,3,4,1,4,5,1,1,1,1
2,22,26,0.014251385815441608,0,0,3,3,4,2,4,5,1,1,1,1
2,22,28,0.017780767753720284,0,0,3,3,4,4,4,5,1,1,1,1
2,22,29,0.01212271861732006,0,0,3,3,4,5,4,5,1,1,1,1
2,22,30,0.09027521312236786,0,0,3,3,4,6,4,5,1,1,1,1
2,22,32,0.0225986260920763,0,0,3,4,4,2,4,2,1,1,1,1
2,22,37,0.0004961301456205547,0,0,3,5,4,2,4,2,1,2,1,2
2,22,39,0.0017594912787899375,0,0,3,5,4,4,4,4,1,2,1,2
2,22,40,0.00074823695467785,0,0,3,5,4,5,4,5,1,2,1,2
2,22,43,0.002097086049616337,0,1,3,6,4,3,4,0,1,0,1,1
2,22,44,0.001961566274985671,0,1,3,6,4,4,4,0,1,0,1,1
2,22,46,0.015278972685337067,0,1,3,6,4,6,4,0,1,0,1,1
2,22,47,0.42341962456703186,0,2,3,7,4,0,4,0,1,0,1,4
2,23,2,0.007487134076654911,0,0,3,3,5,2,4,1,1,1,1,1
2,23,3,0.033561695367097855,0,0,3,3,5,3,4,1,1,1,1,1
2,23,4,0.06260953843593597,0,0,3,3,5,4,4,1,1,1,1,1
2,23,10,0.24703633785247803,0,0,3,3,5,4,4,2,1,1,1,1
2,23,11,0.04985111579298973,0,0,3,3,5,5,4,2,1,1,1,1
2,23,12,0.03955899924039841,0,0,3,3,5,6,4,2,1,1,1,1
2,23,15,0.011514413170516491,0,0,3,3,5,3,4,3,1,1,1,1
2,23,16,0.05141273885965347,0,0,3,3,5,4,4,3,1,1,1,1
2,23,18,0.02401847206056118,0,0,3,3,5,6,4,3,1,1,1,1
2,23,20,0.009353439323604107,0,0,3,3,5,2,4,4,1,1,1,1
2,23,24,0.019719678908586502,0,0,3,3,5,6,4,4,1,1,1,1
2,23,25,0.10107529908418655,0,0,3,3,5,1,4,5,1,1,1,1
2,23,26,0.020505210384726524,0,0,3,3,5,2,4,5,1,1,1,1
2,23,28,0.06406104564666748,0,0,3,3,5,4,4,5,1,1,1,1
2,23,29,0.024528875946998596,0,0,3,3,5,5,4,5,1,1,1,1
2,23,30,0.04202872887253761,0,0,3,3,5,6,4,5,1,1,1,1
2,23,32,0.028048774227499962,0,0,3,4,5,2,4,2,1,1,1,1
2,23,37,0.014333547092974186,0,0,3,5,5,2,4,2,1,2,1,2
2,23,39,0.027722878381609917,0,0,3,5,5,4,4,4,1,2,1,2
2,23,40,0.013040990568697453,0,0,3,5,5,5,4,5,1,2,1,2
2,23,43,0.0050131105817854404,0,1,3,6,5,3,4,0,1,0,1,1
2,23,44,0.012274669483304024,0,1,3,6,5,4,4,0,1,0,1,1
2,23,46,0.02178306318819523,0,1,3,6,5,6,4,0,1,0,1,1
2,23,47,0.06946023553609848,0,2,3,7,5,0,4,0,1,0,1,4
2,27,2,0.008761595003306866,0,0,3,3,3,2,5,1,1,1,1,1
2,27,3,0.03865889459848404,0,0,3,3,3,3,5,1,1,1,1,1
2,27,4,0.08350557088851929,0,0,3,3,3,4,5,1,1,1,1,1
2,27,10,0.15921710431575775,0,0,3,3,3,4,5,2,1,1,1,1
2,27,11,0.0072858622297644615,0,0,3,3,3,5,5,2,1,1,1,1
2,27,12,0.010070656426250935,0,0,3,3,3,6,5,2,1,1,1,1
2,27,15,0.05804309993982315,0,0,3,3,3,3,5,3,1,1,1,1
2,27,16,0.12510094046592712,0,0,3,3,3,4,5,3,1,1,1,1
2,27,18,0.03941834717988968,0,0,3,3,3,6,5,3,1,1,1,1
2,27,20,0.01702880673110485,0,0,3,3,3,2,5,4,1,1,1,1
2,27,24,0.00753026083111763,0,0,3,3,3,6,5,4,1,1,1,1
2,27,25,0.046083964407444,0,0,3,3,3,1,5,5,1,1,1,1
2,27,26,0.021265817806124687,0,0,3,3,3,2,5,5,1,1,1,1
2,27,28,0.10454611480236053,0,0,3,3,3,4,5,5,1,1,1,1
2,27,29,0.08159106224775314,0,0,3,3,3,5,5,5,1,1,1,1
2,27,30,0.03556071221828461,0,0,3,3,3,6,5,5,1,1,1,1
2,27,32,0.026240279898047447,0,0,3,4,3,2,5,2,1,1,1,1
2,27,37,0.018261248245835304,0,0,3,5,3,2,5,2,1,2,1,2
2,27,39,0.03423670679330826,0,0,3,5,3,4,5,4,1,2,1,2
2,27,40,0.0490279421210289,0,0,3,5,3,5,5,5,1,2,1,2
2,27,43,0.00970519706606865,0,1,3,6,3,3,5,0,1,0,1,1
2,27,44,0.010284760035574436,0,1,3,6,3,4,5,0,1,0,1,1
2,27,46,0.005806349217891693,0,1,3,6,3,6,5,0,1,0,1,1
2,27,47,0.0027687971014529467,0,2,3,7,3,0,5,0,1,0,1,4
2,31,2,0.01820656657218933,0,0,4,3,1,2,1,1,1,1,1,1
2,31,3,0.0060558924451470375,0,0,4,3,1,3,1,1,1,1,1,1
2,31,4,0.03366096317768097,0,0,4,3,1,4,1,1,1,1,1,1
2,31,10,0.14722004532814026,0,0,4,3,1,4,1,2,1,1,1,1
2,31,11,0.040088165551424026,0,0,4,3,1,5,1,2,1,1,1,1
2,31,12,0.008615451864898205,0,0,4,3,1,6,1,2,1,1,1,1
2,31,15,0.009592236019670963,0,0,4,3,1,3,1,3,1,1,1,1
2,31,16,0.0604596883058548,0,0,4,3,1,4,1,3,1,1,1,1
2,31,18,0.1091199517250061,0,0,4,3,1,6,1,3,1,1,1,1
2,31,20,0.029635313898324966,0,0,4,3,1,2,1,4,1,1,1,1
2,31,24,0.13445790112018585,0,0,4,3,1,6,1,4,1,1,1,1
2,31,25,0.03103020042181015,0,0,4,3,1,1,1,5,1,1,1,1
2,31,26,0.027263710275292397,0,0,4,3,1,2,1,5,1,1,1,1
2,31,28,0.10120490193367004,0,0,4,3,1,4,1,5,1,1,1,1
2,31,29,0.06068434193730354,0,0,4,3,1,5,1,5,1,1,1,1
2,31,30,0.022346101701259613,0,0,4,3,1,6,1,5,1,1,1,1
2,31,32,0.008898606523871422,0,0,4,4,1,2,1,2,1,1,1,1
2,31,37,0.003014029236510396,0,0,4,5,1,2,1,2,1,2,1,2
2,31,39,0.05066022276878357,0,0,4,5,1,4,1,4,1,2,1,2
2,31,40,0.015282636508345604,0,0,4,5,1,5,1,5,1,2,1,2
2,31,43,0.0013300334103405476,0,1,4,6,1,3,1,0,1,0,1,1
2,31,44,0.05803843215107918,0,1,4,6,1,4,1,0,1,0,1,1
2,31,46,0.02004878781735897,0,1,4,6,1,6,1,0,1,0,1,1
2,31,47,0.003085905220359564,0,2,4,7,1,0,1,0,1,0,1,4
2,33,2,0.01686432957649231,0,0,4,3,3,2,3,1,1,1,1,1
2,33,3,0.028205666691064835,0,0,4,3,3,3,3,1,1,1,1,1
2,33,4,0.0233285091817379,0,0,4,3,3,4,3,1,1,1,1,1
2,33,10,0.06652824580669403,0,0,4,3,3,4,3,2,1,1,1,1
2,33,11,0.01172066293656826,0,0,4,3,3,5,3,2,1,1,1,1
2,33,12,0.08106645196676254,0,0,4,3,3,6,3,2,1,1,1,1
2,33,15,0.033566664904356,0,0,4,3,3,3,3,3,1,1,1,1
2,33,16,0.09892186522483826,0,0,4,3,3,4,3,3,1,1,1,1
2,33,18,0.04725033789873123,0,0,4,3,3,6,3,3,1,1,1,1
2,33,20,0.1578943133354187,0,0,4,3,3,2,3,4,1,1,1,1
2,33,24,0.08565136045217514,0,0,4,3,3,6,3,4,1,1,1,1
2,33,25,0.020135434344410896,0,0,4,3,3,1,3,5,1,1,1,1
2,33,26,0.024842519313097,0,0,4,3,3,2,3,5,1,1,1,1
2,33,28,0.045297205448150635,0,0,4,3,3,4,3,5,1,1,1,1
2,33,29,0.04620340093970299,0,0,4,3,3,5,3,5,1,1,1,1
2,33,30,0.04181303456425667,0,0,4,3,3,6,3,5,1,1,1,1
2,33,32,0.027463985607028008,0,0,4,4,3,2,3,2,1,1,1,1
2,33,37,0.0058933706022799015,0,0,4,5,3,2,3,2,1,2,1,2
2,33,39,0.01353827491402626,0,0,4,5,3,4,3,4,1,2,1,2
2,33,40,0.003720464650541544,0,0,4,5,3,5,3,5,1,2,1,2
2,33,43,0.023102393373847008,0,1,4,6,3,3,3,0,1,0,1,1
2,33,44,0.017669133841991425,0,1,4,6,3,4,3,0,1,0,1,1
2,33,46,0.017438270151615143,0,1,4,6,3,6,3,0,1,0,1,1
2,33,47,0.061884135007858276,0,2,4,7,3,0,3,0,1,0,1,4
2,34,2,0.0611133836209774,0,0,4,3,4,2,4,1,1,1,1,1
2,34,3,0.06867188960313797,0,0,4,3,4,3,4,1,1,1,1,1
2,34,4,0.06463203579187393,0,0,4,3,4,4,4,1,1,1,1,1
2,34,10,0.03579334542155266,0,0,4,3,4,4,4,2,1,1,1,1
2,34,11,0.06797134876251221,0,0,4,3,4,5,4,2,1,1,1,1
2,34,12,0.023059746250510216,0,0,4,3,4,6,4,2,1,1,1,1
2,34,15,0.00814923644065857,0,0,4,3,4,3,4,3,1,1,1,1
2,34,16,0.009394895285367966,0,0,4,3,4,4,4,3,1,1,1,1
2,34,18,0.01834019273519516,0,0,4,3,4,6,4,3,1,1,1,1
2,34,20,0.020942972972989082,0,0,4,3,4,2,4,4,1,1,1,1
2,34,24,0.041298847645521164,0,0,4,3,4,6,4,4,1,1,1,1
2,34,25,0.04545054957270622,0,0,4,3,4,1,4,5,1,1,1,1
2,34,26,0.05936665087938309,0,0,4,3,4,2,4,5,1,1,1,1
2,34,28,0.07764194905757904,0,0,4,3,4,4,4,5,1,1,1,1
2,34,29,0.07287395745515823,0,0,4,3,4,5,4,5,1,1,1,1
2,34,30,0.07229667156934738,0,0,4,3,4,6,4,5,1,1,1,1
2,34,32,0.04662200063467026,0,0,4,4,4,2,4,2,1,1,1,1
2,34,37,0.01292452123016119,0,0,4,5,4,2,4,2,1,2,1,2
2,34,39,0.06940323859453201,0,0,4,5,4,4,4,4,1,2,1,2
2,34,40,0.053503550589084625,0,0,4,5,4,5,4,5,1,2,1,2
2,34,43,0.01045270636677742,0,1,4,6,4,3,4,0,1,0,1,1
2,34,44,0.018424296751618385,0,1,4,6,4,4,4,0,1,0,1,1
2,34,46,0.03988253325223923,0,1,4,6,4,6,4,0,1,0,1,1
2,34,47,0.0017896427307277918,0,2,4,7,4,0,4,0,1,0,1,4
2,35,2,0.0011173365637660027,0,0,4,3,5,2,5,1,1,1,1,1
2,35,3,0.000987167819403112,0,0,4,3,5,3,5,1,1,1,1,1
2,35,4,0.004524449817836285,0,0,4,3,5,4,5,1,1,1,1,1
2,35,10,0.003870573826134205,0,0,4,3,5,4,5,2,1,1,1,1
2,35,11,0.0026198148261755705,0,0,4,3,5,5,5,2,1,1,1,1
2,35,12,0.0007424799259752035,0,0,4,3,5,6,5,2,1,1,1,1
2,35,15,0.0006297090440057218,0,0,4,3,5,3,5,3,1,1,1,1
2,35,16,0.0006598913460038602,0,0,4,3,5,4,5,3,1,1,1,1
2,35,18,0.001276730909012258,0,0,4,3,5,6,5,3,1,1,1,1
2,35,20,0.00042671579285524786,0,0,4,3,5,2,5,4,1,1,1,1
2,35,24,0.0003798154357355088,0,0,4,3,5,6,5,4,1,1,1,1
2,35,25,0.004965398460626602,0,0,4,3,5,1,5,5,1,1,1,1
2,35,26,0.002484878757968545,0,0,4,3,5,2,5,5,1,1,1,1
2,35,28,0.0319962203502655,0,0,4,3,5,4,5,5,1,1,1,1
2,35,29,0.0059668817557394505,0,0,4,3,5,5,5,5,1,1,1,1
2,35,30,0.0025197584182024,0,0,4,3,5,6,5,5,1,1,1,1
2,35,32,0.002762765856459737,0,0,4,4,5,2,5,2,1,1,1,1
2,35,37,0.10707538574934006,0,0,4,5,5,2,5,2,1,2,1,2
2,35,39,0.04674205183982849,0,0,4,5,5,4,5,4,1,2,1,2
2,35,40,0.7764623761177063,0,0,4,5,5,5,5,5,1,2,1,2
2,35,43,0.00014380562060978264,0,1,4,6,5,3,5,0,1,0,1,1
2,35,44,0.0010807941434904933,0,1,4,6,5,4,5,0,1,0,1,1
2,35,46,0.0005635506822727621,0,1,4,6,5,6,5,0,1,0,1,1
2,35,47,1.513556640020397e-06,0,2,4,7,5,0,5,0,1,0,1,4
2,36,2,5.911179869144689e-06,0,0,5,3,1,2,1,1,2,1,2,1
2,36,3,9.524101187707856e-06,0,0,5,3,1,3,1,1,2,1,2,1
2,36,4,2.1963764083920978e-05,0,0,5,3,1,4,1,1,2,1,2,1
2,36,10,0.00019597806385718286,0,0,5,3,1,4,1,2,2,1,2,1
2,36,11,4.019194238935597e-05,0,0,5,3,1,5,1,2,2,1,2,1
2,36,12,0.00020079765818081796,0,0,5,3,1,6,1,2,2,1,2,1
2,36,15,1.629428516025655e-05,0,0,5,3,1,3,1,3,2,1,2,1
2,36,16,0.00032911679591052234,0,0,5,3,1,4,1,3,2,1,2,1
2,36,18,6.248916179174557e-05,0,0,5,3,1,6,1,3,2,1,2,1
2,36,20,0.00015386627637781203,0,0,5,3,1,2,1,4,2,1,2,1
2,36,24,0.00018995058781001717,0,0,5,3,1,6,1,4,2,1,2,1
2,36,25,0.00010853156709345058,0,0,5,3,1,1,1,5,2,1,2,1
2,36,26,6.201083306223154e-05,0,0,5,3,1,2,1,5,2,1,2,1
2,36,28,3.337020825711079e-05,0,0,5,3,1,4,1,5,2,1,2,1
2,36,29,6.400068377843127e-05,0,0,5,3,1,5,1,5,2,1,2,1
2,36,30,8.940132829593495e-05,0,0,5,3,1,6,1,5,2,1,2,1
2,36,32,1.348754176433431e-05,0,0,5,4,1,2,1,2,2,1,2,1
2,36,37,2.993040482124343e-08,0,0,5,5,1,2,1,2,2,2,2,2
2,36,39,1.4550263927048945e-07,0,0,5,5,1,4,1,4,2,2,2,2
2,36,40,1.8018081249238094e-08,0,0,5,5,1,5,1,5,2,2,2,2
2,36,43,5.093251820653677e-05,0,1,5,6,1,3,1,0,2,0,2,1
2,36,44,0.00029188458574935794,0,1,5,6,1,4,1,0,2,0,2,1
2,36,46,0.00013629495515488088,0,1,5,6,1,6,1,0,2,0,2,1
2,36,47,0.9979230165481567,0,2,5,7,1,0,1,0,2,0,2,4
2,38,2,2.192825604652171e-06,0,0,5,3,3,2,3,1,2,1,2,1
2,38,3,3.570551052689552e-05,0,0,5,3,3,3,3,1,2,1,2,1
2,38,4,8.724637154955417e-06,0,0,5,3,3,4,3,1,2,1,2,1
2,38,10,4.92306899104733e-05,0,0,5,3,3,4,3,2,2,1,2,1
2,38,11,1.4896029824740253e-05,0,0,5,3,3,5,3,2,2,1,2,1
2,38,12,0.001174359698779881,0,0,5,3,3,6,3,2,2,1,2,1
2,38,15,3.981366899097338e-05,0,0,5,3,3,3,3,3,2,1,2,1
2,38,16,0.0001653880754020065,0,0,5,3,3,4,3,3,2,1,2,1
2,38,18,2.5486537197139114e-05,0,0,5,3,3,6,3,3,2,1,2,1
2,38,20,0.00013750826474279165,0,0,5,3,3,2,3,4,2,1,2,1
2,38,24,0.00017657456919550896,0,0,5,3,3,6,3,4,2,1,2,1
2,38,25,6.710516754537821e-05,0,0,5,3,3,1,3,5,2,1,2,1
2,38,26,1.4101437955105212e-05,0,0,5,3,3,2,3,5,2,1,2,1
2,38,28,1.4386181646841578e-05,0,0,5,3,3,4,3,5,2,1,2,1
2,38,29,3.082936746068299e-05,0,0,5,3,3,5,3,5,2,1,2,1
2,38,30,0.0001362832699669525,0,0,5,3,3,6,3,5,2,1,2,1
2,38,32,1.673869337537326e-05,0,0,5,4,3,2,3,2,2,1,2,1
2,38,37,2.2285080092387943e-07,0,0,5,5,3,2,3,2,2,2,2,2
2,38,39,2.000752630237912e-07,0,0,5,5,3,4,3,4,2,2,2,2
2,38,40,2.7112738720802554e-08,0,0,5,5,3,5,3,5,2,2,2,2
2,38,43,0.0004106791748199612,0,1,5,6,3,3,3,0,2,0,2,1
2,38,44,4.1516304918332025e-05,0,1,5,6,3,4,3,0,2,0,2,1
2,38,46,0.00015708172577433288,0,1,5,6,3,6,3,0,2,0,2,1
2,38,47,0.9972805976867676,0,2,5,7,3,0,3,0,2,0,2,4
2,41,2,0.00017669420049060136,1,0,6,3,1,2,0,1,0,1,1,1
2,41,3,0.0008647506474517286,1,0,6,3,1,3,0,1,0,1,1,1
2,41,4,0.004255902953445911,1,0,6,3,1,4,0,1,0,1,1,1
2,41,10,0.23693814873695374,1,0,6,3,1,4,0,2,0,1,1,1
2,41,11,0.0007592745241709054,1,0,6,3,1,5,0,2,0,1,1,1
2,41,12,0.00021568369993474334,1,0,6,3,1,6,0,2,0,1,1,1
2,41,15,0.001880407566204667,1,0,6,3,1,3,0,3,0,1,1,1
2,41,16,0.10416002571582794,1,0,6,3,1,4,0,3,0,1,1,1
2,41,18,0.005194136872887611,1,0,6,3,1,6,0,3,0,1,1,1
2,41,20,0.002867769915610552,1,0,6,3,1,2,0,4,0,1,1,1
2,41,24,0.00042809511069208384,1,0,6,3,1,6,0,4,0,1,1,1
2,41,25,0.0035959691740572453,1,0,6,3,1,1,0,5,0,1,1,1
2,41,26,0.0021588942036032677,1,0,6,3,1,2,0,5,0,1,1,1
2,41,28,0.003261270234361291,1,0,6,3,1,4,0,5,0,1,1,1
2,41,29,0.0038568046875298023,1,0,6,3,1,5,0,5,0,1,1,1
2,41,30,0.0012844328302890062,1,0,6,3,1,6,0,5,0,1,1,1
2,41,32,0.000638855854049325,1,0,6,4,1,2,0,2,0,1,1,1
2,41,37,3.4756269542413065e-06,1,0,6,5,1,2,0,2,0,2,1,2
2,41,39,9.375717490911484e-05,1,0,6,5,1,4,0,4,0,2,1,2
2,41,40,3.5909297366742976e-06,1,0,6,5,1,5,0,5,0,2,1,2
2,41,43,3.0169034289428964e-05,1,1,6,6,1,3,0,0,0,0,1,1
2,41,44,0.0005231276154518127,1,1,6,6,1,4,0,0,0,0,1,1
2,41,46,0.00010865013609873131,1,1,6,6,1,6,0,0,0,0,1,1
2,41,47,0.6266996264457703,1,2,6,7,1,0,0,0,0,0,1,4
2,42,2,0.0008924095891416073,1,0,6,3,2,2,0,1,0,1,1,1
2,42,3,0.011350003071129322,1,0,6,3,2,3,0,1,0,1,1,1
2,42,4,0.00358942779712379,1,0,6,3,2,4,0,1,0,1,1,1
2,42,10,0.1088627353310585,1,0,6,3,2,4,0,2,0,1,1,1
2,42,11,0.0020015565678477287,1,0,6,3,2,5,0,2,0,1,1,1
2,42,12,0.008898620493710041,1,0,6,3,2,6,0,2,0,1,1,1
2,42,15,0.01603211648762226,1,0,6,3,2,3,0,3,0,1,1,1
2,42,16,0.08728146553039551,1,0,6,3,2,4,0,3,0,1,1,1
2,42,18,0.007448775693774223,1,0,6,3,2,6,0,3,0,1,1,1
2,42,20,0.013799820095300674,1,0,6,3,2,2,0,4,0,1,1,1
2,42,24,0.004682034719735384,1,0,6,3,2,6,0,4,0,1,1,1
2,42,25,0.00647889357060194,1,0,6,3,2,1,0,5,0,1,1,1
2,42,26,0.0015300707891583443,1,0,6,3,2,2,0,5,0,1,1,1
2,42,28,0.0021100023295730352,1,0,6,3,2,4,0,5,0,1,1,1
2,42,29,0.002504635602235794,1,0,6,3,2,5,0,5,0,1,1,1
2,42,30,0.0037208436988294125,1,0,6,3,2,6,0,5,0,1,1,1
2,42,32,0.004758340306580067,1,0,6,4,2,2,0,2,0,1,1,1
2,42,37,0.0010499615455046296,1,0,6,5,2,2,0,2,0,2,1,2
2,42,39,0.0035770765971392393,1,0,6,5,2,4,0,4,0,2,1,2
2,42,40,0.00011165077739860862,1,0,6,5,2,5,0,5,0,2,1,2
2,42,43,0.001738431747071445,1,1,6,6,2,3,0,0,0,0,1,1
2,42,44,0.00041113788029178977,1,1,6,6,2,4,0,0,0,0,1,1
2,42,46,0.0016889190301299095,1,1,6,6,2,6,0,0,0,0,1,1
2,42,47,0.7054809927940369,1,2,6,7,2,0,0,0,0,0,1,4
2,45,2,0.000583810149691999,1,0,6,3,5,2,0,1,0,1,1,1
2,45,3,0.012807149440050125,1,0,6,3,5,3,0,1,0,1,1,1
2,45,4,0.010791881941258907,1,0,6,3,5,4,0,1,0,1,1,1
2,45,10,0.20933838188648224,1,0,6,3,5,4,0,2,0,1,1,1
2,45,11,0.007142248097807169,1,0,6,3,5,5,0,2,0,1,1,1
2,45,12,0.007528671529144049,1,0,6,3,5,6,0,2,0,1,1,1
2,45,15,0.006130843888968229,1,0,6,3,5,3,0,3,0,1,1,1
2,45,16,0.03786547854542732,1,0,6,3,5,4,0,3,0,1,1,1
2,45,18,0.0022224928252398968,1,0,6,3,5,6,0,3,0,1,1,1
2,45,20,0.0028360243886709213,1,0,6,3,5,2,0,4,0,1,1,1
2,45,24,0.00016205963038373739,1,0,6,3,5,6,0,4,0,1,1,1
2,45,25,0.01591501384973526,1,0,6,3,5,1,0,5,0,1,1,1
2,45,26,0.0035300138406455517,1,0,6,3,5,2,0,5,0,1,1,1
2,45,28,0.008579040877521038,1,0,6,3,5,4,0,5,0,1,1,1
2,45,29,0.0013500652275979519,1,0,6,3,5,5,0,5,0,1,1,1
2,45,30,0.004738871473819017,1,0,6,3,5,6,0,5,0,1,1,1
2,45,32,0.01470731757581234,1,0,6,4,5,2,0,2,0,1,1,1
2,45,37,0.05540446192026138,1,0,6,5,5,2,0,2,0,2,1,2
2,45,39,0.006509907077997923,1,0,6,5,5,4,0,4,0,2,1,2
2,45,40,0.00216221297159791,1,0,6,5,5,5,0,5,0,2,1,2
2,45,43,0.00041096232598647475,1,1,6,6,5,3,0,0,0,0,1,1
2,45,44,0.0001753841497702524,1,1,6,6,5,4,0,0,0,0,1,1
2,45,46,0.00030904525192454457,1,1,6,6,5,6,0,0,0,0,1,1
2,45,47,0.5887982845306396,1,2,6,7,5,0,0,0,0,0,1,4
3,2,0,0.0006138982716947794,0,0,3,1,2,0,1,0,1,2,1,4
3,2,1,0.10959935933351517,0,0,3,3,2,1,1,1,1,1,1,1
3,2,5,0.04773533344268799,0,0,3,3,2,5,1,1,1,1,1,1
3,2,6,0.0664227306842804,0,0,3,3,2,6,1,1,1,1,1,1
3,2,7,0.01574673503637314,0,0,3,3,2,1,1,2,1,1,1,1
3,2,8,0.1676015406847,0,0,3,3,2,2,1,2,1,1,1,1
3,2,9,0.0026558167301118374,0,0,3,3,2,3,1,2,1,1,1,1
3,2,13,0.018736783415079117,0,0,3,3,2,1,1,3,1,1,1,1
3,2,14,0.048874013125896454,0,0,3,3,2,2,1,3,1,1,1,1
3,2,17,0.04588780179619789,0,0,3,3,2,5,1,3,1,1,1,1
3,2,19,0.011777928099036217,0,0,3,3,2,1,1,4,1,1,1,1
3,2,21,0.0028946080710738897,0,0,3,3,2,3,1,4,1,1,1,1
3,2,22,0.005567853804677725,0,0,3,3,2,4,1,4,1,1,1,1
3,2,23,0.0014379114145413041,0,0,3,3,2,5,1,4,1,1,1,1
3,2,27,0.005489734932780266,0,0,3,3,2,3,1,5,1,1,1,1
3,2,31,0.17469564080238342,0,0,3,4,2,1,1,1,1,1,1,1
3,2,33,0.010634159669280052,0,0,3,4,2,3,1,3,1,1,1,1
3,2,34,0.04840695112943649,0,0,3,4,2,4,1,4,1,1,1,1
3,2,35,0.006805900949984789,0,0,3,4,2,5,1,5,1,1,1,1
3,2,36,0.061132416129112244,0,0,3,5,2,1,1,1,1,2,1,2
3,2,38,0.1320371776819229,0,0,3,5,2,3,1,3,1,2,1,2
3,2,41,0.004876449704170227,0,1,3,6,2,1,1,0,1,0,1,1
3,2,42,0.008870280347764492,0,1,3,6,2,2,1,0,1,0,1,1
3,2,45,0.001499089878052473,0,1,3,6,2,5,1,0,1,0,1,1
3,3,0,0.0005051646148785949,0,0,3,1,3,0,1,0,1,2,1,4
3,3,1,0.0005053086788393557,0,0,3,3,3,1,1,1,1,1,1,1
3,3,5,0.00036432137130759656,0,0,3,3,3,5,1,1,1,1,1,1
3,3,6,0.0005253657582215965,0,0,3,3,3,6,1,1,1,1,1,1
3,3,7,0.00039185641799122095,0,0,3,3,3,1,1,2,1,1,1,1
3,3,8,0.001386002404615283,0,0,3,3,3,2,1,2,1,1,1,1
3,3,9,0.0004550832964014262,0,0,3,3,3,3,1,2,1,1,1,1
3,3,13,0.0004118882352486253,0,0,3,3,3,1,1,3,1,1,1,1
3,3,14,0.000969218963291496,0,0,3,3,3,2,1,3,1,1,1,1
3,3,17,0.0001893415756057948,0,0,3,3,3,5,1,3,1,1,1,1
3,3,19,6.035710248397663e-05,0,0,3,3,3,1,1,4,1,1,1,1
3,3,21,0.00045251433039084077,0,0,3,3,3,3,1,4,1,1,1,1
3,3,22,7.802936306688935e-05,0,0,3,3,3,4,1,4,1,1,1,1
3,3,23,4.55750205219374e-06,0,0,3,3,3,5,1,4,1,1,1,1
3,3,27,0.0007164001581259072,0,0,3,3,3,3,1,5,1,1,1,1
3,3,31,0.0029002984520047903,0,0,3,4,3,1,1,1,1,1,1,1
3,3,33,0.024125875905156136,0,0,3,4,3,3,1,3,1,1,1,1
3,3,34,0.0005162031156942248,0,0,3,4,3,4,1,4,1,1,1,1
3,3,35,0.0003480012819636613,0,0,3,4,3,5,1,5,1,1,1,1
3,3,36,0.033417958766222,0,0,3,5,3,1,1,1,1,2,1,2
3,3,38,0.9238108396530151,0,0,3,5,3,3,1,3,1,2,1,2
3,3,41,0.0038520863745361567,0,1,3,6,3,1,1,0,1,0,1,1
3,3,42,0.0032741017639636993,0,1,3,6,3,2,1,0,1,0,1,1
3,3,45,0.0007381636532954872,0,1,3,6,3,5,1,0,1,0,1,1
3,4,0,0.002051861956715584,0,0,3,1,4,0,1,0,1,2,1,4
3,4,1,0.003096203552559018,0,0,3,3,4,1,1,1,1,1,1,1
3,4,5,0.0021432549692690372,0,0,3,3,4,5,1,1,1,1,1,1
3,4,6,0.0014041982358321548,0,0,3,3,4,6,1,1,1,1,1,1
3,4,7,0.0018394689541310072,0,0,3,3,4,1,1,2,1,1,1,1
3,4,8,0.001814774121157825,0,0,3,3,4,2,1,2,1,1,1,1
3,4,9,0.0010505811078473926,0,0,3,3,4,3,1,2,1,1,1,1
3,4,13,0.0014438425423577428,0,0,3,3,4,1,1,3,1,1,1,1
3,4,14,0.0026453575119376183,0,0,3,3,4,2,1,3,1,1,1,1
3,4,17,0.0014319708570837975,0,0,3,3,4,5,1,3,1,1,1,1
3,4,19,0.00028203445253893733,0,0,3,3,4,1,1,4,1,1,1,1
3,4,21,0.00037773928488604724,0,0,3,3,4,3,1,4,1,1,1,1
3,4,22,0.00044438117765821517,0,0,3,3,4,4,1,4,1,1,1,1
3,4,23,6.880216096760705e-05,0,0,3,3,4,5,1,4,1,1,1,1
3,4,27,0.0011415110202506185,0,0,3,3,4,3,1,5,1,1,1,1
3,4,31,0.008434247225522995,0,0,3,4,4,1,1,1,1,1,1,1
3,4,33,0.008603354915976524,0,0,3,4,4,3,1,3,1,1,1,1
3,4,34,0.002969055902212858,0,0,3,4,4,4,1,4,1,1,1,1
3,4,35,0.00021970919624436647,0,0,3,4,4,5,1,5,1,1,1,1
3,4,36,0.010289367288351059,0,0,3,5,4,1,1,1,1,2,1,2
3,4,38,0.0195601936429739,0,0,3,5,4,3,1,3,1,2,1,2
3,4,41,0.816422164440155,0,1,3,6,4,1,1,0,1,0,1,1
3,4,42,0.09630731493234634,0,1,3,6,4,2,1,0,1,0,1,1
3,4,45,0.015958411619067192,0,1,3,6,4,5,1,0,1,0,1,1
3,10,0,0.0005585756152868271,0,0,3,1,4,0,2,0,1,2,1,4
3,10,1,0.00048615565174259245,0,0,3,3,4,1,2,1,1,1,1,1
3,10,5,0.0004921953659504652,0,0,3,3,4,5,2,1,1,1,1,1
3,10,6,0.0005092850187793374,0,0,3,3,4,6,2,1,1,1,1,1
3,10,7,0.0002997726551257074,0,0,3,3,4,1,2,2,1,1,1,1
3,10,8,0.000560140993911773,0,0,3,3,4,2,2,2,1,1,1,1
3,10,9,0.00017356018361169845,0,0,3,3,4,3,2,2,1,1,1,1
3,10,13,0.0006186644895933568,0,0,3,3,4,1,2,3,1,1,1,1
3,10,14,0.0013023539213463664,0,0,3,3,4,2,2,3,1,1,1,1
3,10,17,0.00023575773229822516,0,0,3,3,4,5,2,3,1,1,1,1
3,10,19,6.687724817311391e-05,0,0,3,3,4,1,2,4,1,1,1,1
3,10,21,0.0003466176858637482,0,0,3,3,4,3,2,4,1,1,1,1
3,10,22,0.00010458115139044821,0,0,3,3,4,4,2,4,1,1,1,1
3,10,23,1.4651633136963937e-05,0,0,3,3,4,5,2,4,1,1,1,1
3,10,27,0.0009753642370924354,0,0,3,3,4,3,2,5,1,1,1,1
3,10,31,0.0030371546745300293,0,0,3,4,4,1,2,1,1,1,1,1
3,10,33,0.02635716274380684,0,0,3,4,4,3,2,3,1,1,1,1
3,10,34,0.0005083538708277047,0,0,3,4,4,4,2,4,1,1,1,1
3,10,35,0.0008257947047241032,0,0,3,4,4,5,2,5,1,1,1,1
3,10,36,0.04100186005234718,0,0,3,5,4,1,2,1,1,2,1,2
3,10,38,0.9087186455726624,0,0,3,5,4,3,2,3,1,2,1,2
3,10,41,0.008161297999322414,0,1,3,6,4,1,2,0,1,0,1,1
3,10,42,0.0038605439476668835,0,1,3,6,4,2,2,0,1,0,1,1
3,10,45,0.0007844223873689771,0,1,3,6,4,5,2,0,1,0,1,1
3,11,0,0.0005527740577235818,0,0,3,1,5,0,2,0,1,2,1,4
3,11,1,0.0027146751526743174,0,0,3,3,5,1,2,1,1,1,1,1
3,11,5,0.0015186856035143137,0,0,3,3,5,5,2,1,1,1,1,1
3,11,6,0.00308776693418622,0,0,3,3,5,6,2,1,1,1,1,1
3,11,7,0.00037807051558047533,0,0,3,3,5,1,2,2,1,1,1,1
3,11,8,0.0017218203283846378,0,0,3,3,5,2,2,2,1,1,1,1
3,11,9,9.942696487996727e-05,0,0,3,3,5,3,2,2,1,1,1,1
3,11,13,0.0001383816997986287,0,0,3,3,5,1,2,3,1,1,1,1
3,11,14,0.0004460754862520844,0,0,3,3,5,2,2,3,1,1,1,1
3,11,17,0.00013822838081978261,0,0,3,3,5,5,2,3,1,1,1,1
3,11,19,8.304341463372111e-05,0,0,3,3,5,1,2,4,1,1,1,1
3,11,21,0.0002743687364272773,0,0,3,3,5,3,2,4,1,1,1,1
3,11,22,4.419060132931918e-05,0,0,3,3,5,4,2,4,1,1,1,1
3,11,23,9.571500413585454e-06,0,0,3,3,5,5,2,4,1,1,1,1
3,11,27,0.000664176419377327,0,0,3,3,5,3,2,5,1,1,1,1
3,11,31,0.012914283201098442,0,0,3,4,5,1,2,1,1,1,1,1
3,11,33,0.004254093859344721,0,0,3,4,5,3,2,3,1,1,1,1
3,11,34,0.00033919839188456535,0,0,3,4,5,4,2,4,1,1,1,1
3,11,35,0.0008699526661075652,0,0,3,4,5,5,2,5,1,1,1,1
3,11,36,0.10636847466230392,0,0,3,5,5,1,2,1,1,2,1,2
3,11,38,0.8611506819725037,0,0,3,5,5,3,2,3,1,2,1,2
3,11,41,0.0007847468368709087,0,1,3,6,5,1,2,0,1,0,1,1
3,11,42,0.0013103503733873367,0,1,3,6,5,2,2,0,1,0,1,1
3,11,45,0.00013639091048389673,0,1,3,6,5,5,2,0,1,0,1,1
3,12,0,0.0035819504410028458,0,0,3,1,6,0,2,0,1,2,1,4
3,12,1,0.0025532045401632786,0,0,3,3,6,1,2,1,1,1,1,1
3,12,5,0.004427931737154722,0,0,3,3,6,5,2,1,1,1,1,1
3,12,6,0.0015694418689236045,0,0,3,3,6,6,2,1,1,1,1,1
3,12,7,0.0017410297878086567,0,0,3,3,6,1,2,2,1,1,1,1
3,12,8,0.0017468545120209455,0,0,3,3,6,2,2,2,1,1,1,1
3,12,9,0.00035324704367667437,0,0,3,3,6,3,2,2,1,1,1,1
3,12,13,0.0007718059932813048,0,0,3,3,6,1,2,3,1,1,1,1
3,12,14,0.0019828714430332184,0,0,3,3,6,2,2,3,1,1,1,1
3,12,17,0.0020503359846770763,0,0,3,3,6,5,2,3,1,1,1,1
3,12,19,0.0001464666420361027,0,0,3,3,6,1,2,4,1,1,1,1
3,12,21,0.0002224398049293086,0,0,3,3,6,3,2,4,1,1,1,1
3,12,22,0.00019039574544876814,0,0,3,3,6,4,2,4,1,1,1,1
3,12,23,4.923549568047747e-05,0,0,3,3,6,5,2,4,1,1,1,1
3,12,27,0.001868396531790495,0,0,3,3,6,3,2,5,1,1,1,1
3,12,31,0.013393621891736984,0,0,3,4,6,1,2,1,1,1,1,1
3,12,33,0.010847184807062149,0,0,3,4,6,3,2,3,1,1,1,1
3,12,34,0.003071770304813981,0,0,3,4,6,4,2,4,1,1,1,1
3,12,35,0.0006862346781417727,0,0,3,4,6,5,2,5,1,1,1,1
3,12,36,0.019817350432276726,0,0,3,5,6,1,2,1,1,2,1,2
3,12,38,0.00763969961553812,0,0,3,5,6,3,2,3,1,2,1,2
3,12,41,0.7651470899581909,0,1,3,6,6,1,2,0,1,0,1,1
3,12,42,0.13968391716480255,0,1,3,6,6,2,2,0,1,0,1,1
3,12,45,0.01645687222480774,0,1,3,6,6,5,2,0,1,0,1,1
3,15,0,0.0001275418617296964,0,0,3,1,3,0,3,0,1,2,1,4
3,15,1,0.014180167578160763,0,0,3,3,3,1,3,1,1,1,1,1
3,15,5,0.002250624354928732,0,0,3,3,3,5,3,1,1,1,1,1
3,15,6,0.004793206229805946,0,0,3,3,3,6,3,1,1,1,1,1
3,15,7,0.0035795848816633224,0,0,3,3,3,1,3,2,1,1,1,1
3,15,8,0.0075891814194619656,0,0,3,3,3,2,3,2,1,1,1,1
3,15,9,0.0023157906252890825,0,0,3,3,3,3,3,2,1,1,1,1
3,15,13,0.004104430787265301,0,0,3,3,3,1,3,3,1,1,1,1
3,15,14,0.004129045642912388,0,0,3,3,3,2,3,3,1,1,1,1
3,15,17,0.000859615916851908,0,0,3,3,3,5,3,3,1,1,1,1
3,15,19,0.000615124823525548,0,0,3,3,3,1,3,4,1,1,1,1
3,15,21,0.0012014561798423529,0,0,3,3,3,3,3,4,1,1,1,1
3,15,22,9.54664355958812e-05,0,0,3,3,3,4,3,4,1,1,1,1
3,15,23,5.3633117204299197e-05,0,0,3,3,3,5,3,4,1,1,1,1
3,15,27,0.0009268033900298178,0,0,3,3,3,3,3,5,1,1,1,1
3,15,31,0.023378437384963036,0,0,3,4,3,1,3,1,1,1,1,1
3,15,33,0.0141966063529253,0,0,3,4,3,3,3,3,1,1,1,1
3,15,34,0.0015641589416190982,0,0,3,4,3,4,3,4,1,1,1,1
3,15,35,0.0008764723315834999,0,0,3,4,3,5,3,5,1,1,1,1
3,15,36,0.18312710523605347,0,0,3,5,3,1,3,1,1,2,1,2
3,15,38,0.7239970564842224,0,0,3,5,3,3,3,3,1,2,1,2
3,15,41,0.00373415881767869,0,1,3,6,3,1,3,0,1,0,1,1
3,15,42,0.0016049121040850878,0,1,3,6,3,2,3,0,1,0,1,1
3,15,45,0.0006990791880525649,0,1,3,6,3,5,3,0,1,0,1,1
3,16,0,0.0006744856364093721,0,0,3,1,4,0,3,0,1,2,1,4
3,16,1,0.011411549523472786,0,0,3,3,4,1,3,1,1,1,1,1
3,16,5,0.0016646586591377854,0,0,3,3,4,5,3,1,1,1,1,1
3,16,6,0.0029008653946220875,0,0,3,3,4,6,3,1,1,1,1,1
3,16,7,0.0064026531763374805,0,0,3,3,4,1,3,2,1,1,1,1
3,16,8,0.0023195866961032152,0,0,3,3,4,2,3,2,1,1,1,1
3,16,9,0.0029242101591080427,0,0,3,3,4,3,3,2,1,1,1,1
3,16,13,0.008776357397437096,0,0,3,3,4,1,3,3,1,1,1,1
3,16,14,0.004583562724292278,0,0,3,3,4,2,3,3,1,1,1,1
3,16,17,0.0011792188743129373,0,0,3,3,4,5,3,3,1,1,1,1
3,16,19,0.0005421277601271868,0,0,3,3,4,1,3,4,1,1,1,1
3,16,21,0.0005249687819741666,0,0,3,3,4,3,3,4,1,1,1,1
3,16,22,7.288557389983907e-05,0,0,3,3,4,4,3,4,1,1,1,1
3,16,23,9.180285269394517e-05,0,0,3,3,4,5,3,4,1,1,1,1
3,16,27,0.001265677041374147,0,0,3,3,4,3,3,5,1,1,1,1
3,16,31,0.030383072793483734,0,0,3,4,4,1,3,1,1,1,1,1
3,16,33,0.043629132211208344,0,0,3,4,4,3,3,3,1,1,1,1
3,16,34,0.0015304188709706068,0,0,3,4,4,4,3,4,1,1,1,1
3,16,35,0.0011465443531051278,0,0,3,4,4,5,3,5,1,1,1,1
3,16,36,0.4067647159099579,0,0,3,5,4,1,3,1,1,2,1,2
3,16,38,0.3315475285053253,0,0,3,5,4,3,3,3,1,2,1,2
3,16,41,0.12548209726810455,0,1,3,6,4,1,3,0,1,0,1,1
3,16,42,0.010599055327475071,0,1,3,6,4,2,3,0,1,0,1,1
3,16,45,0.003582724602892995,0,1,3,6,4,5,3,0,1,0,1,1
3,18,0,8.873135084286332e-05,0,0,3,1,6,0,3,0,1,2,1,4
3,18,1,0.041672710329294205,0,0,3,3,6,1,3,1,1,1,1,1
3,18,5,0.012609324418008327,0,0,3,3,6,5,3,1,1,1,1,1
3,18,6,0.006159442476928234,0,0,3,3,6,6,3,1,1,1,1,1
3,18,7,0.05839072912931442,0,0,3,3,6,1,3,2,1,1,1,1
3,18,8,0.012409264221787453,0,0,3,3,6,2,3,2,1,1,1,1
3,18,9,0.007459105923771858,0,0,3,3,6,3,3,2,1,1,1,1
3,18,13,0.055207278579473495,0,0,3,3,6,1,3,3,1,1,1,1
3,18,14,0.05262576416134834,0,0,3,3,6,2,3,3,1,1,1,1
3,18,17,0.01313883438706398,0,0,3,3,6,5,3,3,1,1,1,1
3,18,19,0.0031117552425712347,0,0,3,3,6,1,3,4,1,1,1,1
3,18,21,0.0002208102378062904,0,0,3,3,6,3,3,4,1,1,1,1
3,18,22,0.00021308269060682505,0,0,3,3,6,4,3,4,1,1,1,1
3,18,23,0.0001929673453560099,0,0,3,3,6,5,3,4,1,1,1,1
3,18,27,0.001426810515113175,0,0,3,3,6,3,3,5,1,1,1,1
3,18,31,0.14549963176250458,0,0,3,4,6,1,3,1,1,1,1,1
3,18,33,0.06141231954097748,0,0,3,4,6,3,3,3,1,1,1,1
3,18,34,0.015758680179715157,0,0,3,4,6,4,3,4,1,1,1,1
3,18,35,0.0002741771168075502,0,0,3,4,6,5,3,5,1,1,1,1
3,18,36,0.07651446759700775,0,0,3,5,6,1,3,1,1,2,1,2
3,18,38,0.0025876618456095457,0,0,3,5,6,3,3,3,1,2,1,2
3,18,41,0.37241220474243164,0,1,3,6,6,1,3,0,1,0,1,1
3,18,42,0.05795334279537201,0,1,3,6,6,2,3,0,1,0,1,1
3,18,45,0.0026610412169247866,0,1,3,6,6,5,3,0,1,0,1,1
3,20,0,8.839273505145684e-06,0,0,3,1,2,0,4,0,1,2,1,4
3,20,1,0.13807274401187897,0,0,3,3,2,1,4,1,1,1,1,1
3,20,5,0.07727880775928497,0,0,3,3,2,5,4,1,1,1,1,1
3,20,6,0.06895335018634796,0,0,3,3,2,6,4,1,1,1,1,1
3,20,7,0.03045051358640194,0,0,3,3,2,1,4,2,1,1,1,1
3,20,8,0.13215219974517822,0,0,3,3,2,2,4,2,1,1,1,1
3,20,9,0.00027749573928304017,0,0,3,3,2,3,4,2,1,1,1,1
3,20,13,0.02650667540729046,0,0,3,3,2,1,4,3,1,1,1,1
3,20,14,0.06314343959093094,0,0,3,3,2,2,4,3,1,1,1,1
3,20,17,0.2889661192893982,0,0,3,3,2,5,4,3,1,1,1,1
3,20,19,0.012966901063919067,0,0,3,3,2,1,4,4,1,1,1,1
3,20,21,0.00010064050002256408,0,0,3,3,2,3,4,4,1,1,1,1
3,20,22,0.0006239940994419158,0,0,3,3,2,4,4,4,1,1,1,1
3,20,23,0.0013825778150931,0,0,3,3,2,5,4,4,1,1,1,1
3,20,27,0.0006331776385195553,0,0,3,3,2,3,4,5,1,1,1,1
3,20,31,0.11138366162776947,0,0,3,4,2,1,4,1,1,1,1,1
3,20,33,0.0011559788836166263,0,0,3,4,2,3,4,3,1,1,1,1
3,20,34,0.01844685524702072,0,0,3,4,2,4,4,4,1,1,1,1
3,20,35,0.003864096477627754,0,0,3,4,2,5,4,5,1,1,1,1
3,20,36,0.001353612868115306,0,0,3,5,2,1,4,1,1,2,1,2
3,20,38,0.0001305368059547618,0,0,3,5,2,3,4,3,1,2,1,2
3,20,41,0.01302985567599535,0,1,3,6,2,1,4,0,1,0,1,1
3,20,42,0.00861020851880312,0,1,3,6,2,2,4,0,1,0,1,1
3,20,45,0.0005080262199044228,0,1,3,6,2,5,4,0,1,0,1,1
3,24,0,1.3172058970667422e-05,0,0,3,1,6,0,4,0,1,2,1,4
3,24,1,0.028024017810821533,0,0,3,3,6,1,4,1,1,1,1,1
3,24,5,0.005086306482553482,0,0,3,3,6,5,4,1,1,1,1,1
3,24,6,0.006991914939135313,0,0,3,3,6,6,4,1,1,1,1,1
3,24,7,0.06640797108411789,0,0,3,3,6,1,4,2,1,1,1,1
3,24,8,0.01850464567542076,0,0,3,3,6,2,4,2,1,1,1,1
3,24,9,0.0002919012913480401,0,0,3,3,6,3,4,2,1,1,1,1
3,24,13,0.07643590122461319,0,0,3,3,6,1,4,3,1,1,1,1
3,24,14,0.036202218383550644,0,0,3,3,6,2,4,3,1,1,1,1
3,24,17,0.03966894373297691,0,0,3,3,6,5,4,3,1,1,1,1
3,24,19,0.005673409439623356,0,0,3,3,6,1,4,4,1,1,1,1
3,24,21,1.6319510905304924e-05,0,0,3,3,6,3,4,4,1,1,1,1
3,24,22,0.00015279949002433568,0,0,3,3,6,4,4,4,1,1,1,1
3,24,23,0.00018115139391738921,0,0,3,3,6,5,4,4,1,1,1,1
3,24,27,0.00014417312922887504,0,0,3,3,6,3,4,5,1,1,1,1
3,24,31,0.4070471227169037,0,0,3,4,6,1,4,1,1,1,1,1
3,24,33,0.0350104421377182,0,0,3,4,6,3,4,3,1,1,1,1
3,24,34,0.03719102218747139,0,0,3,4,6,4,4,4,1,1,1,1
3,24,35,0.0026616055984050035,0,0,3,4,6,5,4,5,1,1,1,1
3,24,36,0.11590693145990372,0,0,3,5,6,1,4,1,1,2,1,2
3,24,38,0.0005360980285331607,0,0,3,5,6,3,4,3,1,2,1,2
3,24,41,0.06227191165089607,0,1,3,6,6,1,4,0,1,0,1,1
3,24,42,0.0546843484044075,0,1,3,6,6,2,4,0,1,0,1,1
3,24,45,0.000895898207090795,0,1,3,6,6,5,4,0,1,0,1,1
3,25,0,0.00010317246778868139,0,0,3,1,1,0,5,0,1,2,1,4
3,25,1,0.4638133943080902,0,0,3,3,1,1,5,1,1,1,1,1
3,25,5,0.01345469243824482,0,0,3,3,1,5,5,1,1,1,1,1
3,25,6,0.05022505298256874,0,0,3,3,1,6,5,1,1,1,1,1
3,25,7,0.01397573109716177,0,0,3,3,1,1,5,2,1,1,1,1
3,25,8,0.02778935246169567,0,0,3,3,1,2,5,2,1,1,1,1
3,25,9,0.0015508598880842328,0,0,3,3,1,3,5,2,1,1,1,1
3,25,13,0.007931492291390896,0,0,3,3,1,1,5,3,1,1,1,1
3,25,14,0.005470386240631342,0,0,3,3,1,2,5,3,1,1,1,1
3,25,17,0.005416546482592821,0,0,3,3,1,5,5,3,1,1,1,1
3,25,19,0.0037424073088914156,0,0,3,3,1,1,5,4,1,1,1,1
3,25,21,0.0002442842232994735,0,0,3,3,1,3,5,4,1,1,1,1
3,25,22,6.467177445301786e-05,0,0,3,3,1,4,5,4,1,1,1,1
3,25,23,0.0005699052126146853,0,0,3,3,1,5,5,4,1,1,1,1
3,25,27,0.0004169910680502653,0,0,3,3,1,3,5,5,1,1,1,1
3,25,31,0.17181356251239777,0,0,3,4,1,1,5,1,1,1,1,1
3,25,33,0.001045290962792933,0,0,3,4,1,3,5,3,1,1,1,1
3,25,34,0.0033873228821903467,0,0,3,4,1,4,5,4,1,1,1,1
3,25,35,0.0010893024737015367,0,0,3,4,1,5,5,5,1,1,1,1
3,25,36,0.20641745626926422,0,0,3,5,1,1,5,1,1,2,1,2
3,25,38,0.015670698136091232,0,0,3,5,1,3,5,3,1,2,1,2
3,25,41,0.004079344216734171,0,1,3,6,1,1,5,0,1,0,1,1
3,25,42,0.0013665123842656612,0,1,3,6,1,2,5,0,1,0,1,1
3,25,45,0.00036174303386360407,0,1,3,6,1,5,5,0,1,0,1,1
3,26,0,0.00010752474918263033,0,0,3,1,2,0,5,0,1,2,1,4
3,26,1,0.3179018795490265,0,0,3,3,2,1,5,1,1,1,1,1
3,26,5,0.06819348782300949,0,0,3,3,2,5,5,1,1,1,1,1
3,26,6,0.09758227318525314,0,0,3,3,2,6,5,1,1,1,1,1
3,26,7,0.023340368643403053,0,0,3,3,2,1,5,2,1,1,1,1
3,26,8,0.0330200158059597,0,0,3,3,2,2,5,2,1,1,1,1
3,26,9,0.0011377164628356695,0,0,3,3,2,3,5,2,1,1,1,1
3,26,13,0.012971673160791397,0,0,3,3,2,1,5,3,1,1,1,1
3,26,14,0.01675819233059883,0,0,3,3,2,2,5,3,1,1,1,1
3,26,17,0.018561072647571564,0,0,3,3,2,5,5,3,1,1,1,1
3,26,19,0.004244025330990553,0,0,3,3,2,1,5,4,1,1,1,1
3,26,21,0.00015843294386286288,0,0,3,3,2,3,5,4,1,1,1,1
3,26,22,7.088742859195918e-05,0,0,3,3,2,4,5,4,1,1,1,1
3,26,23,0.0008011817117221653,0,0,3,3,2,5,5,4,1,1,1,1
3,26,27,0.0007552829920314252,0,0,3,3,2,3,5,5,1,1,1,1
3,26,31,0.2757703363895416,0,0,3,4,2,1,5,1,1,1,1,1
3,26,33,0.002528068609535694,0,0,3,4,2,3,5,3,1,1,1,1
3,26,34,0.001960627268999815,0,0,3,4,2,4,5,4,1,1,1,1
3,26,35,0.0029187907930463552,0,0,3,4,2,5,5,5,1,1,1,1
3,26,36,0.0993095189332962,0,0,3,5,2,1,5,1,1,2,1,2
3,26,38,0.014444236643612385,0,0,3,5,2,3,5,3,1,2,1,2
3,26,41,0.006213359534740448,0,1,3,6,2,1,5,0,1,0,1,1
3,26,42,0.0010250841733068228,0,1,3,6,2,2,5,0,1,0,1,1
3,26,45,0.000225743162445724,0,1,3,6,2,5,5,0,1,0,1,1
3,28,0,0.0001636413944652304,0,0,3,1,4,0,5,0,1,2,1,4
3,28,1,0.030031897127628326,0,0,3,3,4,1,5,1,1,1,1,1
3,28,5,0.00885823369026184,0,0,3,3,4,5,5,1,1,1,1,1
3,28,6,0.012171975336968899,0,0,3,3,4,6,5,1,1,1,1,1
3,28,7,0.009926618076860905,0,0,3,3,4,1,5,2,1,1,1,1
3,28,8,0.006874452345073223,0,0,3,3,4,2,5,2,1,1,1,1
3,28,9,0.00025547388941049576,0,0,3,3,4,3,5,2,1,1,1,1
3,28,13,0.0064267790876328945,0,0,3,3,4,1,5,3,1,1,1,1
3,28,14,0.009387358091771603,0,0,3,3,4,2,5,3,1,1,1,1
3,28,17,0.002417345065623522,0,0,3,3,4,5,5,3,1,1,1,1
3,28,19,0.0015283382963389158,0,0,3,3,4,1,5,4,1,1,1,1
3,28,21,0.00018193796859122813,0,0,3,3,4,3,5,4,1,1,1,1
3,28,22,0.0001105368573917076,0,0,3,3,4,4,5,4,1,1,1,1
3,28,23,0.00010750848741736263,0,0,3,3,4,5,5,4,1,1,1,1
3,28,27,0.0006413176306523383,0,0,3,3,4,3,5,5,1,1,1,1
3,28,31,0.15547408163547516,0,0,3,4,4,1,5,1,1,1,1,1
3,28,33,0.017779354006052017,0,0,3,4,4,3,5,3,1,1,1,1
3,28,34,0.0030944200698286295,0,0,3,4,4,4,5,4,1,1,1,1
3,28,35,0.003826517378911376,0,0,3,4,4,5,5,5,1,1,1,1
3,28,36,0.5337849259376526,0,0,3,5,4,1,5,1,1,2,1,2
3,28,38,0.18286877870559692,0,0,3,5,4,3,5,3,1,2,1,2
3,28,41,0.008629059419035912,0,1,3,6,4,1,5,0,1,0,1,1
3,28,42,0.004924566950649023,0,1,3,6,4,2,5,0,1,0,1,1
3,28,45,0.0005351845757104456,0,1,3,6,4,5,5,0,1,0,1,1
3,29,0,9.613582733436488e-06,0,0,3,1,5,0,5,0,1,2,1,4
3,29,1,0.09401625394821167,0,0,3,3,5,1,5,1,1,1,1,1
3,29,5,0.031067438423633575,0,0,3,3,5,5,5,1,1,1,1,1
3,29,6,0.050167713314294815,0,0,3,3,5,6,5,1,1,1,1,1
3,29,7,0.03821960464119911,0,0,3,3,5,1,5,2,1,1,1,1
3,29,8,0.031455148011446,0,0,3,3,5,2,5,2,1,1,1,1
3,29,9,0.0003127820964436978,0,0,3,3,5,3,5,2,1,1,1,1
3,29,13,0.016197752207517624,0,0,3,3,5,1,5,3,1,1,1,1
3,29,14,0.03803009167313576,0,0,3,3,5,2,5,3,1,1,1,1
3,29,17,0.00929693691432476,0,0,3,3,5,5,5,3,1,1,1,1
3,29,19,0.00556832505390048,0,0,3,3,5,1,5,4,1,1,1,1
3,29,21,5.512302232091315e-05,0,0,3,3,5,3,5,4,1,1,1,1
3,29,22,8.061323751462623e-05,0,0,3,3,5,4,5,4,1,1,1,1
3,29,23,0.00011525820445967838,0,0,3,3,5,5,5,4,1,1,1,1
3,29,27,0.00027899377164430916,0,0,3,3,5,3,5,5,1,1,1,1
3,29,31,0.5042132139205933,0,0,3,4,5,1,5,1,1,1,1,1
3,29,33,0.011975983157753944,0,0,3,4,5,3,5,3,1,1,1,1
3,29,34,0.0030609548557549715,0,0,3,4,5,4,5,4,1,1,1,1
3,29,35,0.001961697358638048,0,0,3,4,5,5,5,5,1,1,1,1
3,29,36,0.14205238223075867,0,0,3,5,5,1,5,1,1,2,1,2
3,29,38,0.019620759412646294,0,0,3,5,5,3,5,3,1,2,1,2
3,29,41,0.0008973804651759565,0,1,3,6,5,1,5,0,1,0,1,1
3,29,42,0.0013161858078092337,0,1,3,6,5,2,5,0,1,0,1,1
3,29,45,2.9607828764710575e-05,0,1,3,6,5,5,5,0,1,0,1,1
3,30,0,3.660458969534375e-05,0,0,3,1,6,0,5,0,1,2,1,4
3,30,1,0.15365482866764069,0,0,3,3,6,1,5,1,1,1,1,1
3,30,5,0.029728848487138748,0,0,3,3,6,5,5,1,1,1,1,1
3,30,6,0.05183295160531998,0,0,3,3,6,6,5,1,1,1,1,1
3,30,7,0.04874105378985405,0,0,3,3,6,1,5,2,1,1,1,1
3,30,8,0.020623542368412018,0,0,3,3,6,2,5,2,1,1,1,1
3,30,9,0.0008156574331223965,0,0,3,3,6,3,5,2,1,1,1,1
3,30,13,0.02457498386502266,0,0,3,3,6,1,5,3,1,1,1,1
3,30,14,0.01993350312113762,0,0,3,3,6,2,5,3,1,1,1,1
3,30,17,0.006597377825528383,0,0,3,3,6,5,5,3,1,1,1,1
3,30,19,0.012451115064322948,0,0,3,3,6,1,5,4,1,1,1,1
3,30,21,0.00013628580200020224,0,0,3,3,6,3,5,4,1,1,1,1
3,30,22,0.000142248478368856,0,0,3,3,6,4,5,4,1,1,1,1
3,30,23,0.0005584737518802285,0,0,3,3,6,5,5,4,1,1,1,1
3,30,27,0.0005379465874284506,0,0,3,3,6,3,5,5,1,1,1,1
3,30,31,0.43942201137542725,0,0,3,4,6,1,5,1,1,1,1,1
3,30,33,0.0051163905300199986,0,0,3,4,6,3,5,3,1,1,1,1
3,30,34,0.0058174533769488335,0,0,3,4,6,4,5,4,1,1,1,1
3,30,35,0.0018612125422805548,0,0,3,4,6,5,5,5,1,1,1,1
3,30,36,0.16953520476818085,0,0,3,5,6,1,5,1,1,2,1,2
3,30,38,0.005323541350662708,0,0,3,5,6,3,5,3,1,2,1,2
3,30,41,0.0011103445431217551,0,1,3,6,6,1,5,0,1,0,1,1
3,30,42,0.0013621017569676042,0,1,3,6,6,2,5,0,1,0,1,1
3,30,45,8.586372860008851e-05,0,1,3,6,6,5,5,0,1,0,1,1
3,32,0,0.06161504611372948,0,0,4,1,2,0,2,0,1,2,1,4
3,32,1,0.12588903307914734,0,0,4,3,2,1,2,1,1,1,1,1
3,32,5,0.16112472116947174,0,0,4,3,2,5,2,1,1,1,1,1
3,32,6,0.06528878957033157,0,0,4,3,2,6,2,1,1,1,1,1
3,32,7,0.00812573917210102,0,0,4,3,2,1,2,2,1,1,1,1
3,32,8,0.04884108901023865,0,0,4,3,2,2,2,2,1,1,1,1
3,32,9,0.011870881542563438,0,0,4,3,2,3,2,2,1,1,1,1
3,32,13,0.00823176559060812,0,0,4,3,2,1,2,3,1,1,1,1
3,32,14,0.018425164744257927,0,0,4,3,2,2,2,3,1,1,1,1
3,32,17,0.10149039328098297,0,0,4,3,2,5,2,3,1,1,1,1
3,32,19,0.020893609151244164,0,0,4,3,2,1,2,4,1,1,1,1
3,32,21,0.018066147342324257,0,0,4,3,2,3,2,4,1,1,1,1
3,32,22,0.029025312513113022,0,0,4,3,2,4,2,4,1,1,1,1
3,32,23,0.12102219462394714,0,0,4,3,2,5,2,4,1,1,1,1
3,32,27,0.0461529977619648,0,0,4,3,2,3,2,5,1,1,1,1
3,32,31,0.013117608614265919,0,0,4,4,2,1,2,1,1,1,1,1
3,32,33,0.001128853764384985,0,0,4,4,2,3,2,3,1,1,1,1
3,32,34,0.032127074897289276,0,0,4,4,2,4,2,4,1,1,1,1
3,32,35,0.012372671626508236,0,0,4,4,2,5,2,5,1,1,1,1
3,32,36,0.001765903551131487,0,0,4,5,2,1,2,1,1,2,1,2
3,32,38,0.000935106654651463,0,0,4,5,2,3,2,3,1,2,1,2
3,32,41,0.034777864813804626,0,1,4,6,2,1,2,0,1,0,1,1
3,32,42,0.018038857728242874,0,1,4,6,2,2,2,0,1,0,1,1
3,32,45,0.03967323526740074,0,1,4,6,2,5,2,0,1,0,1,1
3,37,0,0.00290658394806087,0,0,5,1,2,0,2,0,2,2,2,4
3,37,1,0.17804910242557526,0,0,5,3,2,1,2,1,2,1,2,1
3,37,5,0.18643499910831451,0,0,5,3,2,5,2,1,2,1,2,1
3,37,6,0.16455025970935822,0,0,5,3,2,6,2,1,2,1,2,1
3,37,7,0.009288260713219643,0,0,5,3,2,1,2,2,2,1,2,1
3,37,8,0.07856698334217072,0,0,5,3,2,2,2,2,2,1,2,1
3,37,9,0.012040110304951668,0,0,5,3,2,3,2,2,2,1,2,1
3,37,13,0.010676813311874866,0,0,5,3,2,1,2,3,2,1,2,1
3,37,14,0.01671840250492096,0,0,5,3,2,2,2,3,2,1,2,1
3,37,17,0.0675896480679512,0,0,5,3,2,5,2,3,2,1,2,1
3,37,19,0.041346874088048935,0,0,5,3,2,1,2,4,2,1,2,1
3,37,21,0.02053825743496418,0,0,5,3,2,3,2,4,2,1,2,1
3,37,22,0.013738293200731277,0,0,5,3,2,4,2,4,2,1,2,1
3,37,23,0.1342611014842987,0,0,5,3,2,5,2,4,2,1,2,1
3,37,27,0.02193332277238369,0,0,5,3,2,3,2,5,2,1,2,1
3,37,31,0.015030368231236935,0,0,5,4,2,1,2,1,2,1,2,1
3,37,33,0.00026554515352472663,0,0,5,4,2,3,2,3,2,1,2,1
3,37,34,0.011605005711317062,0,0,5,4,2,4,2,4,2,1,2,1
3,37,35,0.009891658090054989,0,0,5,4,2,5,2,5,2,1,2,1
3,37,36,0.0008228891529142857,0,0,5,5,2,1,2,1,2,2,2,2
3,37,38,0.0007421631598845124,0,0,5,5,2,3,2,3,2,2,2,2
3,37,41,0.0006466752965934575,0,1,5,6,2,1,2,0,2,0,2,1
3,37,42,0.0007097544730640948,0,1,5,6,2,2,2,0,2,0,2,1
3,37,45,0.0016468300018459558,0,1,5,6,2,5,2,0,2,0,2,1
3,39,0,0.004748149309307337,0,0,5,1,4,0,4,0,2,2,2,4
3,39,1,0.09029742330312729,0,0,5,3,4,1,4,1,2,1,2,1
3,39,5,0.09783445298671722,0,0,5,3,4,5,4,1,2,1,2,1
3,39,6,0.06776966154575348,0,0,5,3,4,6,4,1,2,1,2,1
3,39,7,0.01825886219739914,0,0,5,3,4,1,4,2,2,1,2,1
3,39,8,0.04688884690403938,0,0,5,3,4,2,4,2,2,1,2,1
3,39,9,0.006060787010937929,0,0,5,3,4,3,4,2,2,1,2,1
3,39,13,0.02745363488793373,0,0,5,3,4,1,4,3,2,1,2,1
3,39,14,0.02898392640054226,0,0,5,3,4,2,4,3,2,1,2,1
3,39,17,0.07590143382549286,0,0,5,3,4,5,4,3,2,1,2,1
3,39,19,0.046983666718006134,0,0,5,3,4,1,4,4,2,1,2,1
3,39,21,0.021859290078282356,0,0,5,3,4,3,4,4,2,1,2,1
3,39,22,0.03551778942346573,0,0,5,3,4,4,4,4,2,1,2,1
3,39,23,0.12567289173603058,0,0,5,3,4,5,4,4,2,1,2,1
3,39,27,0.012403562664985657,0,0,5,3,4,3,4,5,2,1,2,1
3,39,31,0.02726750448346138,0,0,5,4,4,1,4,1,2,1,2,1
3,39,33,0.0017282828921452165,0,0,5,4,4,3,4,3,2,1,2,1
3,39,34,0.0684489831328392,0,0,5,4,4,4,4,4,2,1,2,1
3,39,35,0.027462419122457504,0,0,5,4,4,5,4,5,2,1,2,1
3,39,36,0.003488430753350258,0,0,5,5,4,1,4,1,2,2,2,2
3,39,38,0.0011915006907656789,0,0,5,5,4,3,4,3,2,2,2,2
3,39,41,0.0442751869559288,0,1,5,6,4,1,4,0,2,0,2,1
3,39,42,0.04827051982283592,0,1,5,6,4,2,4,0,2,0,2,1
3,39,45,0.07123306393623352,0,1,5,6,4,5,4,0,2,0,2,1
3,40,0,0.0007187930168583989,0,0,5,1,5,0,5,0,2,2,2,4
3,40,1,0.48707225918769836,0,0,5,3,5,1,5,1,2,1,2,1
3,40,5,0.07873358577489853,0,0,5,3,5,5,5,1,2,1,2,1
3,40,6,0.14120768010616302,0,0,5,3,5,6,5,1,2,1,2,1
3,40,7,0.04386715963482857,0,0,5,3,5,1,5,2,2,1,2,1
3,40,8,0.011558311060070992,0,0,5,3,5,2,5,2,2,1,2,1
3,40,9,0.024741197004914284,0,0,5,3,5,3,5,2,2,1,2,1
3,40,13,0.004436333663761616,0,0,5,3,5,1,5,3,2,1,2,1
3,40,14,0.002878445666283369,0,0,5,3,5,2,5,3,2,1,2,1
3,40,17,0.004557872656732798,0,0,5,3,5,5,5,3,2,1,2,1
3,40,19,0.07900892198085785,0,0,5,3,5,1,5,4,2,1,2,1
3,40,21,0.004554769489914179,0,0,5,3,5,3,5,4,2,1,2,1
3,40,22,0.0014261689502745867,0,0,5,3,5,4,5,4,2,1,2,1
3,40,23,0.09046513587236404,0,0,5,3,5,5,5,4,2,1,2,1
3,40,27,0.002895296085625887,0,0,5,3,5,3,5,5,2,1,2,1
3,40,31,0.018654504790902138,0,0,5,4,5,1,5,1,2,1,2,1
3,40,33,2.2478634491562843e-05,0,0,5,4,5,3,5,3,2,1,2,1
3,40,34,0.0009105765493586659,0,0,5,4,5,4,5,4,2,1,2,1
3,40,35,0.0007067751721478999,0,0,5,4,5,5,5,5,2,1,2,1
3,40,36,0.0010264454176649451,0,0,5,5,5,1,5,1,2,2,2,2
3,40,38,2.1623223801725544e-05,0,0,5,5,5,3,5,3,2,2,2,2
3,40,41,0.00026587798492982984,0,1,5,6,5,1,5,0,2,0,2,1
3,40,42,9.67588130151853e-05,0,1,5,6,5,2,5,0,2,0,2,1
3,40,45,0.00017289849347434938,0,1,5,6,5,5,5,0,2,0,2,1
3,43,0,9.997506822401192e-07,1,0,6,1,3,0,0,0,0,2,1,4
3,43,1,1.9158953818987356e-06,1,0,6,3,3,1,0,1,0,1,1,1
3,43,5,1.1242686781542943e-07,1,0,6,3,3,5,0,1,0,1,1,1
3,43,6,1.5577053318338585e-06,1,0,6,3,3,6,0,1,0,1,1,1
3,43,7,4.6592182911808777e-07,1,0,6,3,3,1,0,2,0,1,1,1
3,43,8,1.6073852293629898e-06,1,0,6,3,3,2,0,2,0,1,1,1
3,43,9,2.0253344246157212e-06,1,0,6,3,3,3,0,2,0,1,1,1
3,43,13,1.8911375718744239e-06,1,0,6,3,3,1,0,3,0,1,1,1
3,43,14,1.049728894031432e-06,1,0,6,3,3,2,0,3,0,1,1,1
3,43,17,4.4030592505350796e-08,1,0,6,3,3,5,0,3,0,1,1,1
3,43,19,7.703903293077019e-07,1,0,6,3,3,1,0,4,0,1,1,1
3,43,21,4.72916372018517e-06,1,0,6,3,3,3,0,4,0,1,1,1
3,43,22,1.2855849718107493e-06,1,0,6,3,3,4,0,4,0,1,1,1
3,43,23,6.365451810097511e-08,1,0,6,3,3,5,0,4,0,1,1,1
3,43,27,7.063774205562368e-07,1,0,6,3,3,3,0,5,0,1,1,1
3,43,31,7.158103471738286e-06,1,0,6,4,3,1,0,1,0,1,1,1
3,43,33,4.55549088655971e-05,1,0,6,4,3,3,0,3,0,1,1,1
3,43,34,7.612499643983028e-07,1,0,6,4,3,4,0,4,0,1,1,1
3,43,35,1.6843708863234497e-06,1,0,6,4,3,5,0,5,0,1,1,1
3,43,36,0.0008688416564837098,1,0,6,5,3,1,0,1,0,2,1,2
3,43,38,0.9990565776824951,1,0,6,5,3,3,0,3,0,2,1,2
3,43,41,1.0160916730228564e-07,1,1,6,6,3,1,0,0,0,0,1,1
3,43,42,1.9414369489823002e-07,1,1,6,6,3,2,0,0,0,0,1,1
3,43,45,1.252203816193287e-07,1,1,6,6,3,5,0,0,0,0,1,1
3,44,0,0.007816820405423641,1,0,6,1,4,0,0,0,0,2,1,4
3,44,1,0.0012460545403882861,1,0,6,3,4,1,0,1,0,1,1,1
3,44,5,0.0003005334292538464,1,0,6,3,4,5,0,1,0,1,1,1
3,44,6,0.0003842388978227973,1,0,6,3,4,6,0,1,0,1,1,1
3,44,7,0.00044189736945554614,1,0,6,3,4,1,0,2,0,1,1,1
3,44,8,0.00011994333908660337,1,0,6,3,4,2,0,2,0,1,1,1
3,44,9,0.001216139760799706,1,0,6,3,4,3,0,2,0,1,1,1
3,44,13,0.0004400417092256248,1,0,6,3,4,1,0,3,0,1,1,1
3,44,14,0.00023848119599279016,1,0,6,3,4,2,0,3,0,1,1,1
3,44,17,0.0001817892916733399,1,0,6,3,4,5,0,3,0,1,1,1
3,44,19,0.00023596390383318067,1,0,6,3,4,1,0,4,0,1,1,1
3,44,21,0.0010966052068397403,1,0,6,3,4,3,0,4,0,1,1,1
3,44,22,0.0006704982370138168,1,0,6,3,4,4,0,4,0,1,1,1
3,44,23,0.000570876058191061,1,0,6,3,4,5,0,4,0,1,1,1
3,44,27,0.0005811749142594635,1,0,6,3,4,3,0,5,0,1,1,1
3,44,31,0.0005342240328900516,1,0,6,4,4,1,0,1,0,1,1,1
3,44,33,0.0005447476869449019,1,0,6,4,4,3,0,3,0,1,1,1
3,44,34,0.0003167137620039284,1,0,6,4,4,4,0,4,0,1,1,1
3,44,35,0.0002468554303050041,1,0,6,4,4,5,0,5,0,1,1,1
3,44,36,0.002818506443873048,1,0,6,5,4,1,0,1,0,2,1,2
3,44,38,0.018150541931390762,1,0,6,5,4,3,0,3,0,2,1,2
3,44,41,0.9028558135032654,1,1,6,6,4,1,0,0,0,0,1,1
3,44,42,0.012920212931931019,1,1,6,6,4,2,0,0,0,0,1,1
3,44,45,0.04607105627655983,1,1,6,6,4,5,0,0,0,0,1,1
3,46,0,0.006452532019466162,1,0,6,1,6,0,0,0,0,2,1,4
3,46,1,0.0005775717436335981,1,0,6,3,6,1,0,1,0,1,1,1
3,46,5,7.091952284099534e-05,1,0,6,3,6,5,0,1,0,1,1,1
3,46,6,0.00032444499083794653,1,0,6,3,6,6,0,1,0,1,1,1
3,46,7,0.0002992064110003412,1,0,6,3,6,1,0,2,0,1,1,1
3,46,8,0.0001681095891399309,1,0,6,3,6,2,0,2,0,1,1,1
3,46,9,0.0012051645899191499,1,0,6,3,6,3,0,2,0,1,1,1
3,46,13,0.00033595089917071164,1,0,6,3,6,1,0,3,0,1,1,1
3,46,14,0.00014857028145343065,1,0,6,3,6,2,0,3,0,1,1,1
3,46,17,4.238502879161388e-05,1,0,6,3,6,5,0,3,0,1,1,1
3,46,19,0.0001958848733920604,1,0,6,3,6,1,0,4,0,1,1,1
3,46,21,0.0007128622382879257,1,0,6,3,6,3,0,4,0,1,1,1
3,46,22,0.00039911744534038007,1,0,6,3,6,4,0,4,0,1,1,1
3,46,23,8.661158790346235e-05,1,0,6,3,6,5,0,4,0,1,1,1
3,46,27,0.0004616643418557942,1,0,6,3,6,3,0,5,0,1,1,1
3,46,31,0.001082114758901298,1,0,6,4,6,1,0,1,0,1,1,1
3,46,33,0.0030919043347239494,1,0,6,4,6,3,0,3,0,1,1,1
3,46,34,0.00019017256272491068,1,0,6,4,6,4,0,4,0,1,1,1
3,46,35,0.000299053150229156,1,0,6,4,6,5,0,5,0,1,1,1
3,46,36,0.033154454082250595,1,0,6,5,6,1,0,1,0,2,1,2
3,46,38,0.9444947242736816,1,0,6,5,6,3,0,3,0,2,1,2
3,46,41,0.004588357638567686,1,1,6,6,6,1,0,0,0,0,1,1
3,46,42,0.0007446282543241978,1,1,6,6,6,2,0,0,0,0,1,1
3,46,45,0.0008736536838114262,1,1,6,6,6,5,0,0,0,0,1,1
3,47,0,0.052255310118198395,2,0,7,1,0,0,0,0,0,2,4,4
3,47,1,0.0015177585883066058,2,0,7,3,0,1,0,1,0,1,4,1
3,47,5,0.006721159443259239,2,0,7,3,0,5,0,1,0,1,4,1
3,47,6,0.0034881324972957373,2,0,7,3,0,6,0,1,0,1,4,1
3,47,7,0.0026667173951864243,2,0,7,3,0,1,0,2,0,1,4,1
3,47,8,0.0034196211490780115,2,0,7,3,0,2,0,2,0,1,4,1
3,47,9,0.0033644374925643206,2,0,7,3,0,3,0,2,0,1,4,1
3,47,13,0.005686499644070864,2,0,7,3,0,1,0,3,0,1,4,1
3,47,14,0.0069387247785925865,2,0,7,3,0,2,0,3,0,1,4,1
3,47,17,0.014619545079767704,2,0,7,3,0,5,0,3,0,1,4,1
3,47,19,0.008721957914531231,2,0,7,3,0,1,0,4,0,1,4,1
3,47,21,0.04335791617631912,2,0,7,3,0,3,0,4,0,1,4,1
3,47,22,0.14044441282749176,2,0,7,3,0,4,0,4,0,1,4,1
3,47,23,0.06234995275735855,2,0,7,3,0,5,0,4,0,1,4,1
3,47,27,0.025938231498003006,2,0,7,3,0,3,0,5,0,1,4,1
3,47,31,0.0015238533960655332,2,0,7,4,0,1,0,1,0,1,4,1
3,47,33,0.011943735182285309,2,0,7,4,0,3,0,3,0,1,4,1
3,47,34,0.02616860158741474,2,0,7,4,0,4,0,4,0,1,4,1
3,47,35,0.057116951793432236,2,0,7,4,0,5,0,5,0,1,4,1
3,47,36,0.0011179136345162988,2,0,7,5,0,1,0,1,0,2,4,2
3,47,38,0.0059919049963355064,2,0,7,5,0,3,0,3,0,2,4,2
3,47,41,0.11790168285369873,2,1,7,6,0,1,0,0,0,0,4,1
3,47,42,0.16505670547485352,2,1,7,6,0,2,0,0,0,0,4,1
3,47,45,0.23168854415416718,2,1,7,6,0,5,0,0,0,0,4,1
4,0,1,0.00012874753156211227,0,0,1,3,0,1,0,1,2,1,4,1
4,0,4,0.0002814825566019863,0,0,1,3,0,4,0,1,2,1,4,1
4,0,5,0.0007907884428277612,0,0,1,3,0,5,0,1,2,1,4,1
4,0,6,0.001088544842787087,0,0,1,3,0,6,0,1,2,1,4,1
4,0,9,0.00019326538313180208,0,0,1,3,0,3,0,2,2,1,4,1
4,0,10,0.00011120155977550894,0,0,1,3,0,4,0,2,2,1,4,1
4,0,12,0.0021050996147096157,0,0,1,3,0,6,0,2,2,1,4,1
4,0,15,0.00021865272719878703,0,0,1,3,0,3,0,3,2,1,4,1
4,0,18,0.0009755825740285218,0,0,1,3,0,6,0,3,2,1,4,1
4,0,21,8.254441490862519e-05,0,0,1,3,0,3,0,4,2,1,4,1
4,0,23,8.87867936398834e-05,0,0,1,3,0,5,0,4,2,1,4,1
4,0,24,0.00016871484695002437,0,0,1,3,0,6,0,4,2,1,4,1
4,0,25,0.0002471873885951936,0,0,1,3,0,1,0,5,2,1,4,1
4,0,28,0.0001086864504031837,0,0,1,3,0,4,0,5,2,1,4,1
4,0,30,0.006821325980126858,0,0,1,3,0,6,0,5,2,1,4,1
4,0,31,0.00245397025719285,0,0,1,4,0,1,0,1,2,1,4,1
4,0,34,8.22810543468222e-05,0,0,1,4,0,4,0,4,2,1,4,1
4,0,35,0.0008841975941322744,0,0,1,4,0,5,0,5,2,1,4,1
4,0,36,1.9058939869864844e-05,0,0,1,5,0,1,0,1,2,2,4,2
4,0,40,1.7384392776875757e-05,0,0,1,5,0,5,0,5,2,2,4,2
4,0,42,0.9002453088760376,0,1,1,6,0,2,0,0,2,0,4,1
4,0,43,0.05625502020120621,0,1,1,6,0,3,0,0,2,0,4,1
4,0,46,0.024433350190520287,0,1,1,6,0,6,0,0,2,0,4,1
4,0,47,0.0021985892672091722,0,2,1,7,0,0,0,0,2,0,4,4
4,2,1,0.09593714773654938,0,0,3,3,2,1,1,1,1,1,1,1
4,2,4,0.057318683713674545,0,0,3,3,2,4,1,1,1,1,1,1
4,2,5,0.011229906231164932,0,0,3,3,2,5,1,1,1,1,1,1
4,2,6,0.009964506141841412,0,0,3,3,2,6,1,1,1,1,1,1
4,2,9,0.0006005047471262515,0,0,3,3,2,3,1,2,1,1,1,1
4,2,10,0.000660961726680398,0,0,3,3,2,4,1,2,1,1,1,1
4,2,12,0.006008601281791925,0,0,3,3,2,6,1,2,1,1,1,1
4,2,15,0.004183662123978138,0,0,3,3,2,3,1,3,1,1,1,1
4,2,18,0.020450005307793617,0,0,3,3,2,6,1,3,1,1,1,1
4,2,21,0.02433476410806179,0,0,3,3,2,3,1,4,1,1,1,1
4,2,23,0.0252110343426466,0,0,3,3,2,5,1,4,1,1,1,1
4,2,24,0.017748480662703514,0,0,3,3,2,6,1,4,1,1,1,1
4,2,25,0.0015691620064899325,0,0,3,3,2,1,1,5,1,1,1,1
4,2,28,0.002528367331251502,0,0,3,3,2,4,1,5,1,1,1,1
4,2,30,0.01940106600522995,0,0,3,3,2,6,1,5,1,1,1,1
4,2,31,0.004812146071344614,0,0,3,4,2,1,1,1,1,1,1,1
4,2,34,0.007696068380028009,0,0,3,4,2,4,1,4,1,1,1,1
4,2,35,0.00923585519194603,0,0,3,4,2,5,1,5,1,1,1,1
4,2,36,0.002530741738155484,0,0,3,5,2,1,1,1,1,2,1,2
4,2,40,0.00047449860721826553,0,0,3,5,2,5,1,5,1,2,1,2
4,2,42,0.12271524965763092,0,1,3,6,2,2,1,0,1,0,1,1
4,2,43,0.08031470328569412,0,1,3,6,2,3,1,0,1,0,1,1
4,2,46,0.36809036135673523,0,1,3,6,2,6,1,0,1,0,1,1
4,2,47,0.10698327422142029,0,2,3,7,2,0,1,0,1,0,1,4
4,3,1,0.02134086936712265,0,0,3,3,3,1,1,1,1,1,1,1
4,3,4,0.034396324306726456,0,0,3,3,3,4,1,1,1,1,1,1
4,3,5,0.014686203561723232,0,0,3,3,3,5,1,1,1,1,1,1
4,3,6,0.01636921428143978,0,0,3,3,3,6,1,1,1,1,1,1
4,3,9,0.00026762543711811304,0,0,3,3,3,3,1,2,1,1,1,1
4,3,10,0.0011333810398355126,0,0,3,3,3,4,1,2,1,1,1,1
4,3,12,0.0017286004731431603,0,0,3,3,3,6,1,2,1,1,1,1
4,3,15,0.02030958980321884,0,0,3,3,3,3,1,3,1,1,1,1
4,3,18,0.042823176831007004,0,0,3,3,3,6,1,3,1,1,1,1
4,3,21,0.1104530543088913,0,0,3,3,3,3,1,4,1,1,1,1
4,3,23,0.023449977859854698,0,0,3,3,3,5,1,4,1,1,1,1
4,3,24,0.02541443146765232,0,0,3,3,3,6,1,4,1,1,1,1
4,3,25,0.0025530036073178053,0,0,3,3,3,1,1,5,1,1,1,1
4,3,28,0.010925744660198689,0,0,3,3,3,4,1,5,1,1,1,1
4,3,30,0.01638631522655487,0,0,3,3,3,6,1,5,1,1,1,1
4,3,31,0.0027263727970421314,0,0,3,4,3,1,1,1,1,1,1,1
4,3,34,0.04214785620570183,0,0,3,4,3,4,1,4,1,1,1,1
4,3,35,0.008598657324910164,0,0,3,4,3,5,1,5,1,1,1,1
4,3,36,0.010589390993118286,0,0,3,5,3,1,1,1,1,2,1,2
4,3,40,0.01081747654825449,0,0,3,5,3,5,1,5,1,2,1,2
4,3,42,0.07065330445766449,0,1,3,6,3,2,1,0,1,0,1,1
4,3,43,0.04867006093263626,0,1,3,6,3,3,1,0,1,0,1,1
4,3,46,0.038545165210962296,0,1,3,6,3,6,1,0,1,0,1,1
4,3,47,0.4250142276287079,0,2,3,7,3,0,1,0,1,0,1,4
4,7,1,0.00015959993470460176,0,0,3,3,1,1,2,1,1,1,1,1
4,7,4,7.995989290066063e-05,0,0,3,3,1,4,2,1,1,1,1,1
4,7,5,5.9434732975205407e-05,0,0,3,3,1,5,2,1,1,1,1,1
4,7,6,0.00014841528900433332,0,0,3,3,1,6,2,1,1,1,1,1
4,7,9,0.0002149139327229932,0,0,3,3,1,3,2,2,1,1,1,1
4,7,10,3.531458423822187e-05,0,0,3,3,1,4,2,2,1,1,1,1
4,7,12,0.0017995003145188093,0,0,3,3,1,6,2,2,1,1,1,1
4,7,15,0.0008540817652828991,0,0,3,3,1,3,2,3,1,1,1,1
4,7,18,0.0018716868944466114,0,0,3,3,1,6,2,3,1,1,1,1
4,7,21,0.0008265697979368269,0,0,3,3,1,3,2,4,1,1,1,1
4,7,23,0.00017305175424553454,0,0,3,3,1,5,2,4,1,1,1,1
4,7,24,0.0008228395017795265,0,0,3,3,1,6,2,4,1,1,1,1
4,7,25,5.7694880524650216e-05,0,0,3,3,1,1,2,5,1,1,1,1
4,7,28,5.8301004173699766e-05,0,0,3,3,1,4,2,5,1,1,1,1
4,7,30,0.000692298635840416,0,0,3,3,1,6,2,5,1,1,1,1
4,7,31,0.0007586571155115962,0,0,3,4,1,1,2,1,1,1,1,1
4,7,34,0.0012277456698939204,0,0,3,4,1,4,2,4,1,1,1,1
4,7,35,0.00015392944624181837,0,0,3,4,1,5,2,5,1,1,1,1
4,7,36,9.200465865433216e-05,0,0,3,5,1,1,2,1,1,2,1,2
4,7,40,4.345453635323793e-05,0,0,3,5,1,5,2,5,1,2,1,2
4,7,42,0.26862484216690063,0,1,3,6,1,2,2,0,1,0,1,1
4,7,43,0.07958158850669861,0,1,3,6,1,3,2,0,1,0,1,1
4,7,46,0.03491997346282005,0,1,3,6,1,6,2,0,1,0,1,1
4,7,47,0.6067443490028381,0,2,3,7,1,0,2,0,1,0,1,4
4,8,1,0.07557787001132965,0,0,3,3,2,1,2,1,1,1,1,1
4,8,4,0.01415715180337429,0,0,3,3,2,4,2,1,1,1,1,1
4,8,5,0.0030754520557820797,0,0,3,3,2,5,2,1,1,1,1,1
4,8,6,0.0018127235816791654,0,0,3,3,2,6,2,1,1,1,1,1
4,8,9,0.003916677087545395,0,0,3,3,2,3,2,2,1,1,1,1
4,8,10,0.003916960209608078,0,0,3,3,2,4,2,2,1,1,1,1
4,8,12,0.015934394672513008,0,0,3,3,2,6,2,2,1,1,1,1
4,8,15,0.0027051300276070833,0,0,3,3,2,3,2,3,1,1,1,1
4,8,18,0.0032189376652240753,0,0,3,3,2,6,2,3,1,1,1,1
4,8,21,0.0059494636952877045,0,0,3,3,2,3,2,4,1,1,1,1
4,8,23,0.0044099497608840466,0,0,3,3,2,5,2,4,1,1,1,1
4,8,24,0.002896365709602833,0,0,3,3,2,6,2,4,1,1,1,1
4,8,25,0.0016331508522853255,0,0,3,3,2,1,2,5,1,1,1,1
4,8,28,0.0006927285576239228,0,0,3,3,2,4,2,5,1,1,1,1
4,8,30,0.005935959052294493,0,0,3,3,2,6,2,5,1,1,1,1
4,8,31,0.026199284940958023,0,0,3,4,2,1,2,1,1,1,1,1
4,8,34,0.0012728896690532565,0,0,3,4,2,4,2,4,1,1,1,1
4,8,35,0.003912545274943113,0,0,3,4,2,5,2,5,1,1,1,1
4,8,36,0.00037085649091750383,0,0,3,5,2,1,2,1,1,2,1,2
4,8,40,2.1342442778404802e-05,0,0,3,5,2,5,2,5,1,2,1,2
4,8,42,0.07652613520622253,0,1,3,6,2,2,2,0,1,0,1,1
4,8,43,0.16057221591472626,0,1,3,6,2,3,2,0,1,0,1,1
4,8,46,0.09176218509674072,0,1,3,6,2,6,2,0,1,0,1,1
4,8,47,0.49352940917015076,0,2,3,7,2,0,2,0,1,0,1,4
4,11,1,7.579442171845585e-05,0,0,3,3,5,1,2,1,1,1,1,1
4,11,4,5.796789628220722e-05,0,0,3,3,5,4,2,1,1,1,1,1
4,11,5,1.0049033335235436e-05,0,0,3,3,5,5,2,1,1,1,1,1
4,11,6,3.210501017747447e-05,0,0,3,3,5,6,2,1,1,1,1,1
4,11,9,3.920943356661155e-07,0,0,3,3,5,3,2,2,1,1,1,1
4,11,10,3.720874929058482e-06,0,0,3,3,5,4,2,2,1,1,1,1
4,11,12,1.2779021744790953e-05,0,0,3,3,5,6,2,2,1,1,1,1
4,11,15,0.00015979536692611873,0,0,3,3,5,3,2,3,1,1,1,1
4,11,18,0.0006081325700506568,0,0,3,3,5,6,2,3,1,1,1,1
4,11,21,0.00037061847979202867,0,0,3,3,5,3,2,4,1,1,1,1
4,11,23,2.4877093892428093e-05,0,0,3,3,5,5,2,4,1,1,1,1
4,11,24,0.00010427909001009539,0,0,3,3,5,6,2,4,1,1,1,1
4,11,25,2.5089825612667482e-06,0,0,3,3,5,1,2,5,1,1,1,1
4,11,28,9.050041626323946e-06,0,0,3,3,5,4,2,5,1,1,1,1
4,11,30,1.3342491001822054e-05,0,0,3,3,5,6,2,5,1,1,1,1
4,11,31,2.9044032999081537e-05,0,0,3,4,5,1,2,1,1,1,1,1
4,11,34,0.0004002143396064639,0,0,3,4,5,4,2,4,1,1,1,1
4,11,35,3.4633060295163887e-06,0,0,3,4,5,5,2,5,1,1,1,1
4,11,36,6.708852743031457e-05,0,0,3,5,5,1,2,1,1,2,1,2
4,11,40,1.1751779311452992e-05,0,0,3,5,5,5,2,5,1,2,1,2
4,11,42,0.024008361622691154,0,1,3,6,5,2,2,0,1,0,1,1
4,11,43,0.003672697814181447,0,1,3,6,5,3,2,0,1,0,1,1
4,11,46,0.002135596703737974,0,1,3,6,5,6,2,0,1,0,1,1
4,11,47,0.9681854844093323,0,2,3,7,5,0,2,0,1,0,1,4
4,13,1,0.001433590892702341,0,0,3,3,1,1,3,1,1,1,1,1
4,13,4,0.0016416803700849414,0,0,3,3,1,4,3,1,1,1,1,1
4,13,5,0.0014758564066141844,0,0,3,3,1,5,3,1,1,1,1,1
4,13,6,0.0005023923004046082,0,0,3,3,1,6,3,1,1,1,1,1
4,13,9,0.023807086050510406,0,0,3,3,1,3,3,2,1,1,1,1
4,13,10,0.004082604311406612,0,0,3,3,1,4,3,2,1,1,1,1
4,13,12,0.0614171177148819,0,0,3,3,1,6,3,2,1,1,1,1
4,13,15,0.010704556480050087,0,0,3,3,1,3,3,3,1,1,1,1
4,13,18,0.0029036598280072212,0,0,3,3,1,6,3,3,1,1,1,1
4,13,21,0.002662241691723466,0,0,3,3,1,3,3,4,1,1,1,1
4,13,23,0.003646420082077384,0,0,3,3,1,5,3,4,1,1,1,1
4,13,24,0.0029023417737334967,0,0,3,3,1,6,3,4,1,1,1,1
4,13,25,0.0030572840478271246,0,0,3,3,1,1,3,5,1,1,1,1
4,13,28,0.0013582493411377072,0,0,3,3,1,4,3,5,1,1,1,1
4,13,30,0.005908989813178778,0,0,3,3,1,6,3,5,1,1,1,1
4,13,31,0.007806102279573679,0,0,3,4,1,1,3,1,1,1,1,1
4,13,34,0.0032228853087872267,0,0,3,4,1,4,3,4,1,1,1,1
4,13,35,0.0024330546148121357,0,0,3,4,1,5,3,5,1,1,1,1
4,13,36,0.0008533275686204433,0,0,3,5,1,1,3,1,1,2,1,2
4,13,40,0.00027280033100396395,0,0,3,5,1,5,3,5,1,2,1,2
4,13,42,0.14224261045455933,0,1,3,6,1,2,3,0,1,0,1,1
4,13,43,0.5449985265731812,0,1,3,6,1,3,3,0,1,0,1,1
4,13,46,0.126149982213974,0,1,3,6,1,6,3,0,1,0,1,1
4,13,47,0.044516563415527344,0,2,3,7,1,0,3,0,1,0,1,4
4,14,1,0.023986725136637688,0,0,3,3,2,1,3,1,1,1,1,1
4,14,4,0.01883181370794773,0,0,3,3,2,4,3,1,1,1,1,1
4,14,5,0.001279182150028646,0,0,3,3,2,5,3,1,1,1,1,1
4,14,6,0.00029492483008652925,0,0,3,3,2,6,3,1,1,1,1,1
4,14,9,0.014480398036539555,0,0,3,3,2,3,3,2,1,1,1,1
4,14,10,0.00975040066987276,0,0,3,3,2,4,3,2,1,1,1,1
4,14,12,0.03505726531147957,0,0,3,3,2,6,3,2,1,1,1,1
4,14,15,0.004625706467777491,0,0,3,3,2,3,3,3,1,1,1,1
4,14,18,0.0017012573080137372,0,0,3,3,2,6,3,3,1,1,1,1
4,14,21,0.011956652626395226,0,0,3,3,2,3,3,4,1,1,1,1
4,14,23,0.00882805697619915,0,0,3,3,2,5,3,4,1,1,1,1
4,14,24,0.011153055354952812,0,0,3,3,2,6,3,4,1,1,1,1
4,14,25,0.00256000692024827,0,0,3,3,2,1,3,5,1,1,1,1
4,14,28,0.001485291519202292,0,0,3,3,2,4,3,5,1,1,1,1
4,14,30,0.004767268430441618,0,0,3,3,2,6,3,5,1,1,1,1
4,14,31,0.03466971591114998,0,0,3,4,2,1,3,1,1,1,1,1
4,14,34,0.007948866114020348,0,0,3,4,2,4,3,4,1,1,1,1
4,14,35,0.003381276037544012,0,0,3,4,2,5,3,5,1,1,1,1
4,14,36,0.0015363582642748952,0,0,3,5,2,1,3,1,1,2,1,2
4,14,40,5.9889825934078544e-05,0,0,3,5,2,5,3,5,1,2,1,2
4,14,42,0.01905493065714836,0,1,3,6,2,2,3,0,1,0,1,1
4,14,43,0.3501681685447693,0,1,3,6,2,3,3,0,1,0,1,1
4,14,46,0.3837029039859772,0,1,3,6,2,6,3,0,1,0,1,1
4,14,47,0.04872005432844162,0,2,3,7,2,0,3,0,1,0,1,4
4,16,1,0.002375892596319318,0,0,3,3,4,1,3,1,1,1,1,1
4,16,4,0.0028193199541419744,0,0,3,3,4,4,3,1,1,1,1,1
4,16,5,0.008825751021504402,0,0,3,3,4,5,3,1,1,1,1,1
4,16,6,0.0012840161798521876,0,0,3,3,4,6,3,1,1,1,1,1
4,16,9,0.021198611706495285,0,0,3,3,4,3,3,2,1,1,1,1
4,16,10,0.004968521650880575,0,0,3,3,4,4,3,2,1,1,1,1
4,16,12,0.03457796573638916,0,0,3,3,4,6,3,2,1,1,1,1
4,16,15,0.018208539113402367,0,0,3,3,4,3,3,3,1,1,1,1
4,16,18,0.0021816997323185205,0,0,3,3,4,6,3,3,1,1,1,1
4,16,21,0.005092469975352287,0,0,3,3,4,3,3,4,1,1,1,1
4,16,23,0.009027242660522461,0,0,3,3,4,5,3,4,1,1,1,1
4,16,24,0.001444619963876903,0,0,3,3,4,6,3,4,1,1,1,1
4,16,25,0.004219424910843372,0,0,3,3,4,1,3,5,1,1,1,1
4,16,28,0.003634208347648382,0,0,3,3,4,4,3,5,1,1,1,1
4,16,30,0.008296613581478596,0,0,3,3,4,6,3,5,1,1,1,1
4,16,31,0.010058932937681675,0,0,3,4,4,1,3,1,1,1,1,1
4,16,34,0.0022494089789688587,0,0,3,4,4,4,3,4,1,1,1,1
4,16,35,0.014684171415865421,0,0,3,4,4,5,3,5,1,1,1,1
4,16,36,0.0006506980862468481,0,0,3,5,4,1,3,1,1,2,1,2
4,16,40,0.0005634729168377817,0,0,3,5,4,5,3,5,1,2,1,2
4,16,42,0.06647571921348572,0,1,3,6,4,2,3,0,1,0,1,1
4,16,43,0.6361558437347412,0,1,3,6,4,3,3,0,1,0,1,1
4,16,46,0.0426192432641983,0,1,3,6,4,6,3,0,1,0,1,1
4,16,47,0.098387710750103,0,2,3,7,4,0,3,0,1,0,1,4
4,17,1,0.006493179593235254,0,0,3,3,5,1,3,1,1,1,1,1
4,17,4,0.012394089251756668,0,0,3,3,5,4,3,1,1,1,1,1
4,17,5,0.0013248121831566095,0,0,3,3,5,5,3,1,1,1,1,1
4,17,6,0.0012816778616979718,0,0,3,3,5,6,3,1,1,1,1,1
4,17,9,0.00016434858844149858,0,0,3,3,5,3,3,2,1,1,1,1
4,17,10,0.00039152888348326087,0,0,3,3,5,4,3,2,1,1,1,1
4,17,12,0.0012908343924209476,0,0,3,3,5,6,3,2,1,1,1,1
4,17,15,0.006944308057427406,0,0,3,3,5,3,3,3,1,1,1,1
4,17,18,0.007734284736216068,0,0,3,3,5,6,3,3,1,1,1,1
4,17,21,0.02877402864396572,0,0,3,3,5,3,3,4,1,1,1,1
4,17,23,0.005186440888792276,0,0,3,3,5,5,3,4,1,1,1,1
4,17,24,0.017304271459579468,0,0,3,3,5,6,3,4,1,1,1,1
4,17,25,0.0005324611556716263,0,0,3,3,5,1,3,5,1,1,1,1
4,17,28,0.0011579012498259544,0,0,3,3,5,4,3,5,1,1,1,1
4,17,30,0.0017825054237619042,0,0,3,3,5,6,3,5,1,1,1,1
4,17,31,0.005589851178228855,0,0,3,4,5,1,3,1,1,1,1,1
4,17,34,0.026406316086649895,0,0,3,4,5,4,3,4,1,1,1,1
4,17,35,0.0009339672396890819,0,0,3,4,5,5,3,5,1,1,1,1
4,17,36,0.00990133173763752,0,0,3,5,5,1,3,1,1,2,1,2
4,17,40,0.0023011781740933657,0,0,3,5,5,5,3,5,1,2,1,2
4,17,42,0.06369800120592117,0,1,3,6,5,2,3,0,1,0,1,1
4,17,43,0.08385592699050903,0,1,3,6,5,3,3,0,1,0,1,1
4,17,46,0.14626048505306244,0,1,3,6,5,6,3,0,1,0,1,1
4,17,47,0.5682964324951172,0,2,3,7,5,0,3,0,1,0,1,4
4,19,1,0.0001059681162587367,0,0,3,3,1,1,4,1,1,1,1,1
4,19,4,7.434647704940289e-05,0,0,3,3,1,4,4,1,1,1,1,1
4,19,5,0.0001776514545781538,0,0,3,3,1,5,4,1,1,1,1,1
4,19,6,0.00023077786318026483,0,0,3,3,1,6,4,1,1,1,1,1
4,19,9,0.0014102888526394963,0,0,3,3,1,3,4,2,1,1,1,1
4,19,10,0.0002169147483073175,0,0,3,3,1,4,4,2,1,1,1,1
4,19,12,0.017923662438988686,0,0,3,3,1,6,4,2,1,1,1,1
4,19,15,0.001511386246420443,0,0,3,3,1,3,4,3,1,1,1,1
4,19,18,0.008750890381634235,0,0,3,3,1,6,4,3,1,1,1,1
4,19,21,0.0005239599267952144,0,0,3,3,1,3,4,4,1,1,1,1
4,19,23,0.001641847426071763,0,0,3,3,1,5,4,4,1,1,1,1
4,19,24,0.003173194359987974,0,0,3,3,1,6,4,4,1,1,1,1
4,19,25,0.0002743555814959109,0,0,3,3,1,1,4,5,1,1,1,1
4,19,28,0.0002269658725708723,0,0,3,3,1,4,4,5,1,1,1,1
4,19,30,0.003214160678908229,0,0,3,3,1,6,4,5,1,1,1,1
4,19,31,0.0005239446181803942,0,0,3,4,1,1,4,1,1,1,1,1
4,19,34,0.0031185096595436335,0,0,3,4,1,4,4,4,1,1,1,1
4,19,35,0.0005706795491278172,0,0,3,4,1,5,4,5,1,1,1,1
4,19,36,0.0008012279868125916,0,0,3,5,1,1,4,1,1,2,1,2
4,19,40,0.0012806153390556574,0,0,3,5,1,5,4,5,1,2,1,2
4,19,42,0.39573416113853455,0,1,3,6,1,2,4,0,1,0,1,1
4,19,43,0.028596729040145874,0,1,3,6,1,3,4,0,1,0,1,1
4,19,46,0.0553172342479229,0,1,3,6,1,6,4,0,1,0,1,1
4,19,47,0.47460034489631653,0,2,3,7,1,0,4,0,1,0,1,4
4,20,1,6.29172645858489e-05,0,0,3,3,2,1,4,1,1,1,1,1
4,20,4,6.504807970486581e-05,0,0,3,3,2,4,4,1,1,1,1,1
4,20,5,5.7200588344130665e-05,0,0,3,3,2,5,4,1,1,1,1,1
4,20,6,0.00010736894910223782,0,0,3,3,2,6,4,1,1,1,1,1
4,20,9,5.2962986956117675e-05,0,0,3,3,2,3,4,2,1,1,1,1
4,20,10,7.305765757337213e-05,0,0,3,3,2,4,4,2,1,1,1,1
4,20,12,0.0019253309583291411,0,0,3,3,2,6,4,2,1,1,1,1
4,20,15,0.0004203150747343898,0,0,3,3,2,3,4,3,1,1,1,1
4,20,18,0.0013264502631500363,0,0,3,3,2,6,4,3,1,1,1,1
4,20,21,0.0001462780055589974,0,0,3,3,2,3,4,4,1,1,1,1
4,20,23,0.00014708690287079662,0,0,3,3,2,5,4,4,1,1,1,1
4,20,24,0.00030974778928793967,0,0,3,3,2,6,4,4,1,1,1,1
4,20,25,3.88862936233636e-05,0,0,3,3,2,1,4,5,1,1,1,1
4,20,28,7.104644464561716e-05,0,0,3,3,2,4,4,5,1,1,1,1
4,20,30,0.00029116091900505126,0,0,3,3,2,6,4,5,1,1,1,1
4,20,31,0.00015311091556213796,0,0,3,4,2,1,4,1,1,1,1,1
4,20,34,0.00041962775867432356,0,0,3,4,2,4,4,4,1,1,1,1
4,20,35,4.174481728114188e-05,0,0,3,4,2,5,4,5,1,1,1,1
4,20,36,0.00032843678491190076,0,0,3,5,2,1,4,1,1,2,1,2
4,20,40,0.00010101876250701025,0,0,3,5,2,5,4,5,1,2,1,2
4,20,42,0.20436608791351318,0,1,3,6,2,2,4,0,1,0,1,1
4,20,43,0.04367479309439659,0,1,3,6,2,3,4,0,1,0,1,1
4,20,46,0.025314034894108772,0,1,3,6,2,6,4,0,1,0,1,1
4,20,47,0.720507025718689,0,2,3,7,2,0,4,0,1,0,1,4
4,22,1,3.2101925171446055e-05,0,0,3,3,4,1,4,1,1,1,1,1
4,22,4,7.269762136274949e-05,0,0,3,3,4,4,4,1,1,1,1,1
4,22,5,0.00020472572941798717,0,0,3,3,4,5,4,1,1,1,1,1
4,22,6,6.588864926015958e-05,0,0,3,3,4,6,4,1,1,1,1,1
4,22,9,0.00010296516120433807,0,0,3,3,4,3,4,2,1,1,1,1
4,22,10,7.087057747412473e-05,0,0,3,3,4,4,4,2,1,1,1,1
4,22,12,0.001127087976783514,0,0,3,3,4,6,4,2,1,1,1,1
4,22,15,0.0023054080083966255,0,0,3,3,4,3,4,3,1,1,1,1
4,22,18,0.0012795059010386467,0,0,3,3,4,6,4,3,1,1,1,1
4,22,21,0.001262844423763454,0,0,3,3,4,3,4,4,1,1,1,1
4,22,23,0.0007610866450704634,0,0,3,3,4,5,4,4,1,1,1,1
4,22,24,0.0007627138402312994,0,0,3,3,4,6,4,4,1,1,1,1
4,22,25,0.00011877329234266654,0,0,3,3,4,1,4,5,1,1,1,1
4,22,28,0.00032292157993651927,0,0,3,3,4,4,4,5,1,1,1,1
4,22,30,0.00043655929039232433,0,0,3,3,4,6,4,5,1,1,1,1
4,22,31,0.00018810736946761608,0,0,3,4,4,1,4,1,1,1,1,1
4,22,34,0.0021319882944226265,0,0,3,4,4,4,4,4,1,1,1,1
4,22,35,0.0002812936145346612,0,0,3,4,4,5,4,5,1,1,1,1
4,22,36,0.00041844099177978933,0,0,3,5,4,1,4,1,1,2,1,2
4,22,40,0.00048402577522210777,0,0,3,5,4,5,4,5,1,2,1,2
4,22,42,0.08192983269691467,0,1,3,6,4,2,4,0,1,0,1,1
4,22,43,0.17278482019901276,0,1,3,6,4,3,4,0,1,0,1,1
4,22,46,0.032658468931913376,0,1,3,6,4,6,4,0,1,0,1,1
4,22,47,0.7001967430114746,0,2,3,7,4,0,4,0,1,0,1,4
4,26,1,0.00514037674292922,0,0,3,3,2,1,5,1,1,1,1,1
4,26,4,0.00343070225790143,0,0,3,3,2,4,5,1,1,1,1,1
4,26,5,0.0002195913257310167,0,0,3,3,2,5,5,1,1,1,1,1
4,26,6,0.00011078967509092763,0,0,3,3,2,6,5,1,1,1,1,1
4,26,9,9.74040012806654e-05,0,0,3,3,2,3,5,2,1,1,1,1
4,26,10,0.00026396792964078486,0,0,3,3,2,4,5,2,1,1,1,1
4,26,12,0.000558234634809196,0,0,3,3,2,6,5,2,1,1,1,1
4,26,15,0.001174659002572298,0,0,3,3,2,3,5,3,1,1,1,1
4,26,18,0.0014148480258882046,0,0,3,3,2,6,5,3,1,1,1,1
4,26,21,0.02330104447901249,0,0,3,3,2,3,5,4,1,1,1,1
4,26,23,0.002025301568210125,0,0,3,3,2,5,5,4,1,1,1,1
4,26,24,0.004611592274159193,0,0,3,3,2,6,5,4,1,1,1,1
4,26,25,9.178874461213127e-05,0,0,3,3,2,1,5,5,1,1,1,1
4,26,28,0.00018953676044475287,0,0,3,3,2,4,5,5,1,1,1,1
4,26,30,0.0008904923452064395,0,0,3,3,2,6,5,5,1,1,1,1
4,26,31,0.0031000582966953516,0,0,3,4,2,1,5,1,1,1,1,1
4,26,34,0.01660993881523609,0,0,3,4,2,4,5,4,1,1,1,1
4,26,35,0.00036549026845023036,0,0,3,4,2,5,5,5,1,1,1,1
4,26,36,6.514044798677787e-05,0,0,3,5,2,1,5,1,1,2,1,2
4,26,40,5.6926569413917605e-06,0,0,3,5,2,5,5,5,1,2,1,2
4,26,42,0.046092689037323,0,1,3,6,2,2,5,0,1,0,1,1
4,26,43,0.06859072297811508,0,1,3,6,2,3,5,0,1,0,1,1
4,26,46,0.025612924247980118,0,1,3,6,2,6,5,0,1,0,1,1
4,26,47,0.7960365414619446,0,2,3,7,2,0,5,0,1,0,1,4
4,27,1,0.0002947367902379483,0,0,3,3,3,1,5,1,1,1,1,1
4,27,4,0.0004723288002423942,0,0,3,3,3,4,5,1,1,1,1,1
4,27,5,7.883394573582336e-05,0,0,3,3,3,5,5,1,1,1,1,1
4,27,6,0.00010149050649488345,0,0,3,3,3,6,5,1,1,1,1,1
4,27,9,3.6401804663910298e-06,0,0,3,3,3,3,5,2,1,1,1,1
4,27,10,1.4395859579963144e-05,0,0,3,3,3,4,5,2,1,1,1,1
4,27,12,5.087159661343321e-05,0,0,3,3,3,6,5,2,1,1,1,1
4,27,15,0.0003673266910482198,0,0,3,3,3,3,5,3,1,1,1,1
4,27,18,0.001701894449070096,0,0,3,3,3,6,5,3,1,1,1,1
4,27,21,0.007289212197065353,0,0,3,3,3,3,5,4,1,1,1,1
4,27,23,0.0004675649688579142,0,0,3,3,3,5,5,4,1,1,1,1
4,27,24,0.002036153106018901,0,0,3,3,3,6,5,4,1,1,1,1
4,27,25,9.677740308688954e-06,0,0,3,3,3,1,5,5,1,1,1,1
4,27,28,0.00016004331700969487,0,0,3,3,3,4,5,5,1,1,1,1
4,27,30,0.000308384740492329,0,0,3,3,3,6,5,5,1,1,1,1
4,27,31,0.00010649739851942286,0,0,3,4,3,1,5,1,1,1,1,1
4,27,34,0.009527391754090786,0,0,3,4,3,4,5,4,1,1,1,1
4,27,35,0.00012423378939274698,0,0,3,4,3,5,5,5,1,1,1,1
4,27,36,7.364889461314306e-05,0,0,3,5,3,1,5,1,1,2,1,2
4,27,40,0.00012846849858760834,0,0,3,5,3,5,5,5,1,2,1,2
4,27,42,0.025645442306995392,0,1,3,6,3,2,5,0,1,0,1,1
4,27,43,0.010676156729459763,0,1,3,6,3,3,5,0,1,0,1,1
4,27,46,0.005214239004999399,0,1,3,6,3,6,5,0,1,0,1,1
4,27,47,0.935147762298584,0,2,3,7,3,0,5,0,1,0,1,4
4,29,1,0.00035309625673107803,0,0,3,3,5,1,5,1,1,1,1,1
4,29,4,0.0006832635262981057,0,0,3,3,5,4,5,1,1,1,1,1
4,29,5,0.000292611017357558,0,0,3,3,5,5,5,1,1,1,1,1
4,29,6,0.0007849542307667434,0,0,3,3,5,6,5,1,1,1,1,1
4,29,9,4.66220308226184e-06,0,0,3,3,5,3,5,2,1,1,1,1
4,29,10,3.1539806514047086e-05,0,0,3,3,5,4,5,2,1,1,1,1
4,29,12,0.00011444488336564973,0,0,3,3,5,6,5,2,1,1,1,1
4,29,15,0.0022564944811165333,0,0,3,3,5,3,5,3,1,1,1,1
4,29,18,0.005599734839051962,0,0,3,3,5,6,5,3,1,1,1,1
4,29,21,0.0028290569316595793,0,0,3,3,5,3,5,4,1,1,1,1
4,29,23,0.0002600794832687825,0,0,3,3,5,5,5,4,1,1,1,1
4,29,24,0.0007634019711986184,0,0,3,3,5,6,5,4,1,1,1,1
4,29,25,5.403828981798142e-05,0,0,3,3,5,1,5,5,1,1,1,1
4,29,28,0.000182946037966758,0,0,3,3,5,4,5,5,1,1,1,1
4,29,30,0.00032248784555122256,0,0,3,3,5,6,5,5,1,1,1,1
4,29,31,0.00021648382244165987,0,0,3,4,5,1,5,1,1,1,1,1
4,29,34,0.0025918781757354736,0,0,3,4,5,4,5,4,1,1,1,1
4,29,35,6.151461275294423e-05,0,0,3,4,5,5,5,5,1,1,1,1
4,29,36,0.0004737823037430644,0,0,3,5,5,1,5,1,1,2,1,2
4,29,40,0.00023200914438348264,0,0,3,5,5,5,5,5,1,2,1,2
4,29,42,0.26460501551628113,0,1,3,6,5,2,5,0,1,0,1,1
4,29,43,0.033898212015628815,0,1,3,6,5,3,5,0,1,0,1,1
4,29,46,0.012350753881037235,0,1,3,6,5,6,5,0,1,0,1,1
4,29,47,0.6710375547409058,0,2,3,7,5,0,5,0,1,0,1,4
4,32,1,0.025465313345193863,0,0,4,3,2,1,2,1,1,1,1,1
4,32,4,0.002435238566249609,0,0,4,3,2,4,2,1,1,1,1,1
4,32,5,0.0003683260583784431,0,0,4,3,2,5,2,1,1,1,1,1
4,32,6,0.0004749672662001103,0,0,4,3,2,6,2,1,1,1,1,1
4,32,9,0.001640855916775763,0,0,4,3,2,3,2,2,1,1,1,1
4,32,10,0.004003690090030432,0,0,4,3,2,4,2,2,1,1,1,1
4,32,12,0.009362131357192993,0,0,4,3,2,6,2,2,1,1,1,1
4,32,15,0.0010461319470778108,0,0,4,3,2,3,2,3,1,1,1,1
4,32,18,0.007634803187102079,0,0,4,3,2,6,2,3,1,1,1,1
4,32,21,0.0027487732004374266,0,0,4,3,2,3,2,4,1,1,1,1
4,32,23,0.001084590214304626,0,0,4,3,2,5,2,4,1,1,1,1
4,32,24,0.0038938657380640507,0,0,4,3,2,6,2,4,1,1,1,1
4,32,25,0.0012958516599610448,0,0,4,3,2,1,2,5,1,1,1,1
4,32,28,0.00020560786651913077,0,0,4,3,2,4,2,5,1,1,1,1
4,32,30,0.0018822209676727653,0,0,4,3,2,6,2,5,1,1,1,1
4,32,31,0.009500629268586636,0,0,4,4,2,1,2,1,1,1,1,1
4,32,34,0.0023243650794029236,0,0,4,4,2,4,2,4,1,1,1,1
4,32,35,0.0006401275750249624,0,0,4,4,2,5,2,5,1,1,1,1
4,32,36,0.0008256376604549587,0,0,4,5,2,1,2,1,1,2,1,2
4,32,40,1.3284873602970038e-05,0,0,4,5,2,5,2,5,1,2,1,2
4,32,42,0.18117979168891907,0,1,4,6,2,2,2,0,1,0,1,1
4,32,43,0.06781894713640213,0,1,4,6,2,3,2,0,1,0,1,1
4,32,46,0.15764598548412323,0,1,4,6,2,6,2,0,1,0,1,1
4,32,47,0.5165090560913086,0,2,4,7,2,0,2,0,1,0,1,4
4,33,1,0.13341136276721954,0,0,4,3,3,1,3,1,1,1,1,1
4,33,4,0.06554604321718216,0,0,4,3,3,4,3,1,1,1,1,1
4,33,5,0.031007014214992523,0,0,4,3,3,5,3,1,1,1,1,1
4,33,6,0.01774943433701992,0,0,4,3,3,6,3,1,1,1,1,1
4,33,9,0.039910465478897095,0,0,4,3,3,3,3,2,1,1,1,1
4,33,10,0.018907580524683,0,0,4,3,3,4,3,2,1,1,1,1
4,33,12,0.04637623578310013,0,0,4,3,3,6,3,2,1,1,1,1
4,33,15,0.008762754499912262,0,0,4,3,3,3,3,3,1,1,1,1
4,33,18,0.026557594537734985,0,0,4,3,3,6,3,3,1,1,1,1
4,33,21,0.021042047068476677,0,0,4,3,3,3,3,4,1,1,1,1
4,33,23,0.06344841420650482,0,0,4,3,3,5,3,4,1,1,1,1
4,33,24,0.06868202984333038,0,0,4,3,3,6,3,4,1,1,1,1
4,33,25,0.026161210611462593,0,0,4,3,3,1,3,5,1,1,1,1
4,33,28,0.010634093545377254,0,0,4,3,3,4,3,5,1,1,1,1
4,33,30,0.06583844125270844,0,0,4,3,3,6,3,5,1,1,1,1
4,33,31,0.09266717731952667,0,0,4,4,3,1,3,1,1,1,1,1
4,33,34,0.014106689020991325,0,0,4,4,3,4,3,4,1,1,1,1
4,33,35,0.06611355394124985,0,0,4,4,3,5,3,5,1,1,1,1
4,33,36,0.011471922509372234,0,0,4,5,3,1,3,1,1,2,1,2
4,33,40,0.009560749866068363,0,0,4,5,3,5,3,5,1,2,1,2
4,33,42,0.024686504155397415,0,1,4,6,3,2,3,0,1,0,1,1
4,33,43,0.013465947471559048,0,1,4,6,3,3,3,0,1,0,1,1
4,33,46,0.10398408770561218,0,1,4,6,3,6,3,0,1,0,1,1
4,33,47,0.01990867406129837,0,2,4,7,3,0,3,0,1,0,1,4
4,37,1,1.588053635259712e-07,0,0,5,3,2,1,2,1,2,1,2,1
4,37,4,1.6347784139725263e-06,0,0,5,3,2,4,2,1,2,1,2,1
4,37,5,8.244138172130988e-08,0,0,5,3,2,5,2,1,2,1,2,1
4,37,6,4.3018328454991206e-08,0,0,5,3,2,6,2,1,2,1,2,1
4,37,9,6.647537134085724e-07,0,0,5,3,2,3,2,2,2,1,2,1
4,37,10,2.642781055328669e-06,0,0,5,3,2,4,2,2,2,1,2,1
4,37,12,1.7850125004770234e-05,0,0,5,3,2,6,2,2,2,1,2,1
4,37,15,4.246293974574655e-05,0,0,5,3,2,3,2,3,2,1,2,1
4,37,18,1.2443877039913787e-06,0,0,5,3,2,6,2,3,2,1,2,1
4,37,21,7.370086223090766e-06,0,0,5,3,2,3,2,4,2,1,2,1
4,37,23,1.1416086209692367e-07,0,0,5,3,2,5,2,4,2,1,2,1
4,37,24,7.199722631412442e-07,0,0,5,3,2,6,2,4,2,1,2,1
4,37,25,3.2449338505102787e-07,0,0,5,3,2,1,2,5,2,1,2,1
4,37,28,9.187780847241811e-07,0,0,5,3,2,4,2,5,2,1,2,1
4,37,30,3.4984645935765e-07,0,0,5,3,2,6,2,5,2,1,2,1
4,37,31,8.676203833601903e-06,0,0,5,4,2,1,2,1,2,1,2,1
4,37,34,9.42112546908902e-06,0,0,5,4,2,4,2,4,2,1,2,1
4,37,35,5.570510452912458e-08,0,0,5,4,2,5,2,5,2,1,2,1
4,37,36,9.446755484532332e-07,0,0,5,5,2,1,2,1,2,2,2,2
4,37,40,2.847247104753592e-09,0,0,5,5,2,5,2,5,2,2,2,2
4,37,42,0.00457252562046051,0,1,5,6,2,2,2,0,2,0,2,1
4,37,43,0.9774291515350342,0,1,5,6,2,3,2,0,2,0,2,1
4,37,46,0.016582509502768517,0,1,5,6,2,6,2,0,2,0,2,1
4,37,47,0.0013212775811553001,0,2,5,7,2,0,2,0,2,0,2,4
4,38,1,9.272510510527354e-07,0,0,5,3,3,1,3,1,2,1,2,1
4,38,4,2.9596967578982003e-05,0,0,5,3,3,4,3,1,2,1,2,1
4,38,5,6.022653906256892e-06,0,0,5,3,3,5,3,1,2,1,2,1
4,38,6,3.3509804779896513e-06,0,0,5,3,3,6,3,1,2,1,2,1
4,38,9,9.120531103690155e-06,0,0,5,3,3,3,3,2,2,1,2,1
4,38,10,4.821691254619509e-05,0,0,5,3,3,4,3,2,2,1,2,1
4,38,12,0.00025360428844578564,0,0,5,3,3,6,3,2,2,1,2,1
4,38,15,0.0010450505651533604,0,0,5,3,3,3,3,3,2,1,2,1
4,38,18,4.002531204605475e-05,0,0,5,3,3,6,3,3,2,1,2,1
4,38,21,8.385645924136043e-05,0,0,5,3,3,3,3,4,2,1,2,1
4,38,23,7.727543561486527e-06,0,0,5,3,3,5,3,4,2,1,2,1
4,38,24,2.6610647182678804e-05,0,0,5,3,3,6,3,4,2,1,2,1
4,38,25,1.126725419453578e-05,0,0,5,3,3,1,3,5,2,1,2,1
4,38,28,9.021576261147857e-05,0,0,5,3,3,4,3,5,2,1,2,1
4,38,30,1.1274179996689782e-05,0,0,5,3,3,6,3,5,2,1,2,1
4,38,31,6.569436663994566e-05,0,0,5,4,3,1,3,1,2,1,2,1
4,38,34,0.00018888231716118753,0,0,5,4,3,4,3,4,2,1,2,1
4,38,35,2.5639255909482017e-06,0,0,5,4,3,5,3,5,2,1,2,1
4,38,36,0.00023641978623345494,0,0,5,5,3,1,3,1,2,2,2,2
4,38,40,1.1698020898620598e-05,0,0,5,5,3,5,3,5,2,2,2,2
4,38,42,0.010950292460620403,0,1,5,6,3,2,3,0,2,0,2,1
4,38,43,0.9249630570411682,0,1,5,6,3,3,3,0,2,0,2,1
4,38,46,0.0532342903316021,0,1,5,6,3,6,3,0,2,0,2,1
4,38,47,0.008679088205099106,0,2,5,7,3,0,3,0,2,0,2,4
4,39,1,4.051858848441725e-09,0,0,5,3,4,1,4,1,2,1,2,1
4,39,4,1.3775098750556936e-07,0,0,5,3,4,4,4,1,2,1,2,1
4,39,5,2.9187434691380076e-08,0,0,5,3,4,5,4,1,2,1,2,1
4,39,6,1.347239031446179e-08,0,0,5,3,4,6,4,1,2,1,2,1
4,39,9,4.598172154146596e-08,0,0,5,3,4,3,4,2,2,1,2,1
4,39,10,1.2908903102015756e-07,0,0,5,3,4,4,4,2,2,1,2,1
4,39,12,4.436203198565636e-06,0,0,5,3,4,6,4,2,2,1,2,1
4,39,15,4.694238305091858e-05,0,0,5,3,4,3,4,3,2,1,2,1
4,39,18,3.3683304536680225e-06,0,0,5,3,4,6,4,3,2,1,2,1
4,39,21,7.0091050474729855e-06,0,0,5,3,4,3,4,4,2,1,2,1
4,39,23,1.454064033623581e-07,0,0,5,3,4,5,4,4,2,1,2,1
4,39,24,1.2682771739491727e-06,0,0,5,3,4,6,4,4,2,1,2,1
4,39,25,6.863862722639169e-08,0,0,5,3,4,1,4,5,2,1,2,1
4,39,28,4.903291141999944e-07,0,0,5,3,4,4,4,5,2,1,2,1
4,39,30,2.0420964119693963e-07,0,0,5,3,4,6,4,5,2,1,2,1
4,39,31,1.1416684628784424e-06,0,0,5,4,4,1,4,1,2,1,2,1
4,39,34,3.8471538573503494e-05,0,0,5,4,4,4,4,4,2,1,2,1
4,39,35,3.383853552918481e-08,0,0,5,4,4,5,4,5,2,1,2,1
4,39,36,2.4243977350124624e-06,0,0,5,5,4,1,4,1,2,2,2,2
4,39,40,3.503617662659053e-08,0,0,5,5,4,5,4,5,2,2,2,2
4,39,42,0.023035267367959023,0,1,5,6,4,2,4,0,2,0,2,1
4,39,43,0.9182349443435669,0,1,5,6,4,3,4,0,2,0,2,1
4,39,46,0.0506497360765934,0,1,5,6,4,6,4,0,2,0,2,1
4,39,47,0.007973817177116871,0,2,5,7,4,0,4,0,2,0,2,4
4,41,1,0.0010560870869085193,1,0,6,3,1,1,0,1,0,1,1,1
4,41,4,0.00017066187865566462,1,0,6,3,1,4,0,1,0,1,1,1
4,41,5,0.0006096907891333103,1,0,6,3,1,5,0,1,0,1,1,1
4,41,6,9.210139251081273e-05,1,0,6,3,1,6,0,1,0,1,1,1
4,41,9,0.9192162752151489,1,0,6,3,1,3,0,2,0,1,1,1
4,41,10,0.007797326892614365,1,0,6,3,1,4,0,2,0,1,1,1
4,41,12,0.036991238594055176,1,0,6,3,1,6,0,2,0,1,1,1
4,41,15,0.0002698898024391383,1,0,6,3,1,3,0,3,0,1,1,1
4,41,18,0.00012395819067023695,1,0,6,3,1,6,0,3,0,1,1,1
4,41,21,0.00014087955059949309,1,0,6,3,1,3,0,4,0,1,1,1
4,41,23,0.004021403379738331,1,0,6,3,1,5,0,4,0,1,1,1
4,41,24,0.0009331754990853369,1,0,6,3,1,6,0,4,0,1,1,1
4,41,25,0.0037962438073009253,1,0,6,3,1,1,0,5,0,1,1,1
4,41,28,0.0002916231460403651,1,0,6,3,1,4,0,5,0,1,1,1
4,41,30,0.004686787258833647,1,0,6,3,1,6,0,5,0,1,1,1
4,41,31,0.008158833719789982,1,0,6,4,1,1,0,1,0,1,1,1
4,41,34,0.0002258639724459499,1,0,6,4,1,4,0,4,0,1,1,1
4,41,35,0.01109393686056137,1,0,6,4,1,5,0,5,0,1,1,1
4,41,36,1.7399259377270937e-05,1,0,6,5,1,1,0,1,0,2,1,2
4,41,40,0.00013159857189748436,1,0,6,5,1,5,0,5,0,2,1,2
4,41,42,4.367724613985047e-05,1,1,6,6,1,2,0,0,0,0,1,1
4,41,43,4.8352729209000245e-05,1,1,6,6,1,3,0,0,0,0,1,1
4,41,46,6.643814413109794e-05,1,1,6,6,1,6,0,0,0,0,1,1
4,41,47,1.6930955098359846e-05,1,2,6,7,1,0,0,0,0,0,1,4
4,44,1,0.006962004583328962,1,0,6,3,4,1,0,1,0,1,1,1
4,44,4,0.000759779242798686,1,0,6,3,4,4,0,1,0,1,1,1
4,44,5,0.00502400565892458,1,0,6,3,4,5,0,1,0,1,1,1
4,44,6,0.00046552077401429415,1,0,6,3,4,6,0,1,0,1,1,1
4,44,9,0.8004120588302612,1,0,6,3,4,3,0,2,0,1,1,1
4,44,10,0.00927015021443367,1,0,6,3,4,4,0,2,0,1,1,1
4,44,12,0.04520979896187782,1,0,6,3,4,6,0,2,0,1,1,1
4,44,15,0.0012922678142786026,1,0,6,3,4,3,0,3,0,1,1,1
4,44,18,0.00032770747202448547,1,0,6,3,4,6,0,3,0,1,1,1
4,44,21,0.0007052416331134737,1,0,6,3,4,3,0,4,0,1,1,1
4,44,23,0.029035203158855438,1,0,6,3,4,5,0,4,0,1,1,1
4,44,24,0.001979805063456297,1,0,6,3,4,6,0,4,0,1,1,1
4,44,25,0.01942288503050804,1,0,6,3,4,1,0,5,0,1,1,1
4,44,28,0.0006590161938220263,1,0,6,3,4,4,0,5,0,1,1,1
4,44,30,0.008623645640909672,1,0,6,3,4,6,0,5,0,1,1,1
4,44,31,0.019944429397583008,1,0,6,4,4,1,0,1,0,1,1,1
4,44,34,0.0003515778516884893,1,0,6,4,4,4,0,4,0,1,1,1
4,44,35,0.048107001930475235,1,0,6,4,4,5,0,5,0,1,1,1
4,44,36,0.0003046748461201787,1,0,6,5,4,1,0,1,0,2,1,2
4,44,40,0.00042094921809621155,1,0,6,5,4,5,0,5,0,2,1,2
4,44,42,6.852328078821301e-05,1,1,6,6,4,2,0,0,0,0,1,1
4,44,43,0.00016420218162238598,1,1,6,6,4,3,0,0,0,0,1,1
4,44,46,0.0003809907357208431,1,1,6,6,4,6,0,0,0,0,1,1
4,44,47,0.00010918028419837356,1,2,6,7,4,0,0,0,0,0,1,4
4,45,1,0.1746629774570465,1,0,6,3,5,1,0,1,0,1,1,1
4,45,4,0.023607399314641953,1,0,6,3,5,4,0,1,0,1,1,1
4,45,5,0.03774300217628479,1,0,6,3,5,5,0,1,0,1,1,1
4,45,6,0.03486699238419533,1,0,6,3,5,6,0,1,0,1,1,1
4,45,9,0.20821639895439148,1,0,6,3,5,3,0,2,0,1,1,1
4,45,10,0.06866389513015747,1,0,6,3,5,4,0,2,0,1,1,1
4,45,12,0.05743971839547157,1,0,6,3,5,6,0,2,0,1,1,1
4,45,15,0.00837687961757183,1,0,6,3,5,3,0,3,0,1,1,1
4,45,18,0.030149800702929497,1,0,6,3,5,6,0,3,0,1,1,1
4,45,21,0.006842090282589197,1,0,6,3,5,3,0,4,0,1,1,1
4,45,23,0.053187888115644455,1,0,6,3,5,5,0,4,0,1,1,1
4,45,24,0.02058481238782406,1,0,6,3,5,6,0,4,0,1,1,1
4,45,25,0.060464613139629364,1,0,6,3,5,1,0,5,0,1,1,1
4,45,28,0.006879820488393307,1,0,6,3,5,4,0,5,0,1,1,1
4,45,30,0.04072132706642151,1,0,6,3,5,6,0,5,0,1,1,1
4,45,31,0.04863549768924713,1,0,6,4,5,1,0,1,0,1,1,1
4,45,34,0.006337552331387997,1,0,6,4,5,4,0,4,0,1,1,1
4,45,35,0.0632936954498291,1,0,6,4,5,5,0,5,0,1,1,1
4,45,36,0.01350624579936266,1,0,6,5,5,1,0,1,0,2,1,2
4,45,40,0.024404186755418777,1,0,6,5,5,5,0,5,0,2,1,2
4,45,42,0.004997835494577885,1,1,6,6,5,2,0,0,0,0,1,1
4,45,43,0.0004507576231844723,1,1,6,6,5,3,0,0,0,0,1,1
4,45,46,0.0020781350322067738,1,1,6,6,5,6,0,0,0,0,1,1
4,45,47,0.003888264996930957,1,2,6,7,5,0,0,0,0,0,1,4
5,1,0,0.0001554462651256472,0,0,3,1,1,0,1,0,1,2,1,4
5,1,2,0.0012331748148426414,0,0,3,3,1,2,1,1,1,1,1,1
5,1,3,0.00017910536553245038,0,0,3,3,1,3,1,1,1,1,1,1
5,1,7,0.002861802466213703,0,0,3,3,1,1,1,2,1,1,1,1
5,1,8,0.005534496624022722,0,0,3,3,1,2,1,2,1,1,1,1
5,1,11,0.007085849065333605,0,0,3,3,1,5,1,2,1,1,1,1
5,1,13,0.0013113614404574037,0,0,3,3,1,1,1,3,1,1,1,1
5,1,14,0.00098632019944489,0,0,3,3,1,2,1,3,1,1,1,1
5,1,16,0.00061812560306862,0,0,3,3,1,4,1,3,1,1,1,1
5,1,17,0.0009530229144729674,0,0,3,3,1,5,1,3,1,1,1,1
5,1,19,6.488405779236928e-05,0,0,3,3,1,1,1,4,1,1,1,1
5,1,20,0.00029878676286898553,0,0,3,3,1,2,1,4,1,1,1,1
5,1,22,0.00016914882871787995,0,0,3,3,1,4,1,4,1,1,1,1
5,1,26,0.0005923097487539053,0,0,3,3,1,2,1,5,1,1,1,1
5,1,27,0.00031260502873919904,0,0,3,3,1,3,1,5,1,1,1,1
5,1,29,0.0008631428936496377,0,0,3,3,1,5,1,5,1,1,1,1
5,1,32,0.0032764500938355923,0,0,3,4,1,2,1,2,1,1,1,1
5,1,33,0.0001881951029645279,0,0,3,4,1,3,1,3,1,1,1,1
5,1,37,0.0034680557437241077,0,0,3,5,1,2,1,2,1,2,1,2
5,1,38,0.000800777692347765,0,0,3,5,1,3,1,3,1,2,1,2
5,1,39,0.0005077100358903408,0,0,3,5,1,4,1,4,1,2,1,2
5,1,41,0.4610511362552643,0,1,3,6,1,1,1,0,1,0,1,1
5,1,44,0.23540882766246796,0,1,3,6,1,4,1,0,1,0,1,1
5,1,45,0.2720797061920166,0,1,3,6,1,5,1,0,1,0,1,1
5,4,0,0.00017105914594139904,0,0,3,1,4,0,1,0,1,2,1,4
5,4,2,0.00018925197946373373,0,0,3,3,4,2,1,1,1,1,1,1
5,4,3,3.3511478250147775e-05,0,0,3,3,4,3,1,1,1,1,1,1
5,4,7,1.0443267456139438e-05,0,0,3,3,4,1,1,2,1,1,1,1
5,4,8,1.9889968825737014e-05,0,0,3,3,4,2,1,2,1,1,1,1
5,4,11,5.094207881484181e-05,0,0,3,3,4,5,1,2,1,1,1,1
5,4,13,2.6495347356103593e-06,0,0,3,3,4,1,1,3,1,1,1,1
5,4,14,1.1008038427462452e-06,0,0,3,3,4,2,1,3,1,1,1,1
5,4,16,1.7658092474448495e-05,0,0,3,3,4,4,1,3,1,1,1,1
5,4,17,4.23503115598578e-05,0,0,3,3,4,5,1,3,1,1,1,1
5,4,19,7.789704795868602e-06,0,0,3,3,4,1,1,4,1,1,1,1
5,4,20,8.568416888010688e-06,0,0,3,3,4,2,1,4,1,1,1,1
5,4,22,9.621327626518905e-05,0,0,3,3,4,4,1,4,1,1,1,1
5,4,26,8.380011422559619e-06,0,0,3,3,4,2,1,5,1,1,1,1
5,4,27,4.254960367688909e-05,0,0,3,3,4,3,1,5,1,1,1,1
5,4,29,6.800457867939258e-06,0,0,3,3,4,5,1,5,1,1,1,1
5,4,32,4.109752808290068e-06,0,0,3,4,4,2,1,2,1,1,1,1
5,4,33,1.4200102214090293e-06,0,0,3,4,4,3,1,3,1,1,1,1
5,4,37,7.82883507781662e-05,0,0,3,5,4,2,1,2,1,2,1,2
5,4,38,0.00010785998892970383,0,0,3,5,4,3,1,3,1,2,1,2
5,4,39,0.00010997038043569773,0,0,3,5,4,4,1,4,1,2,1,2
5,4,41,0.00580081669613719,0,1,3,6,4,1,1,0,1,0,1,1
5,4,44,0.042889442294836044,0,1,3,6,4,4,1,0,1,0,1,1
5,4,45,0.9502986669540405,0,1,3,6,4,5,1,0,1,0,1,1
5,5,0,0.01815371960401535,0,0,3,1,5,0,1,0,1,2,1,4
5,5,2,0.0460566021502018,0,0,3,3,5,2,1,1,1,1,1,1
5,5,3,0.050103817135095596,0,0,3,3,5,3,1,1,1,1,1,1
5,5,7,0.020281212404370308,0,0,3,3,5,1,1,2,1,1,1,1
5,5,8,0.03530555218458176,0,0,3,3,5,2,1,2,1,1,1,1
5,5,11,0.03116990253329277,0,0,3,3,5,5,1,2,1,1,1,1
5,5,13,0.01814878173172474,0,0,3,3,5,1,1,3,1,1,1,1
5,5,14,0.01747581548988819,0,0,3,3,5,2,1,3,1,1,1,1
5,5,16,0.01677747443318367,0,0,3,3,5,4,1,3,1,1,1,1
5,5,17,0.052463024854660034,0,0,3,3,5,5,1,3,1,1,1,1
5,5,19,0.0026460783556103706,0,0,3,3,5,1,1,4,1,1,1,1
5,5,20,0.004422385711222887,0,0,3,3,5,2,1,4,1,1,1,1
5,5,22,0.008618987165391445,0,0,3,3,5,4,1,4,1,1,1,1
5,5,26,0.01689019612967968,0,0,3,3,5,2,1,5,1,1,1,1
5,5,27,0.015040174126625061,0,0,3,3,5,3,1,5,1,1,1,1
5,5,29,0.008234248496592045,0,0,3,3,5,5,1,5,1,1,1,1
5,5,32,0.037149716168642044,0,0,3,4,5,2,1,2,1,1,1,1
5,5,33,0.038924574851989746,0,0,3,4,5,3,1,3,1,1,1,1
5,5,37,0.031511131674051285,0,0,3,5,5,2,1,2,1,2,1,2
5,5,38,0.017149243503808975,0,0,3,5,5,3,1,3,1,2,1,2
5,5,39,0.003174897050485015,0,0,3,5,5,4,1,4,1,2,1,2
5,5,41,0.02122274786233902,0,1,3,6,5,1,1,0,1,0,1,1
5,5,44,0.16329433023929596,0,1,3,6,5,4,1,0,1,0,1,1
5,5,45,0.32578545808792114,0,1,3,6,5,5,1,0,1,0,1,1
5,6,0,0.0032204906456172466,0,0,3,1,6,0,1,0,1,2,1,4
5,6,2,0.002368781715631485,0,0,3,3,6,2,1,1,1,1,1,1
5,6,3,0.00036777969216927886,0,0,3,3,6,3,1,1,1,1,1,1
5,6,7,0.00017072816262952983,0,0,3,3,6,1,1,2,1,1,1,1
5,6,8,0.001659916713833809,0,0,3,3,6,2,1,2,1,1,1,1
5,6,11,0.0008071173215284944,0,0,3,3,6,5,1,2,1,1,1,1
5,6,13,0.000163240751135163,0,0,3,3,6,1,1,3,1,1,1,1
5,6,14,0.0002840349916368723,0,0,3,3,6,2,1,3,1,1,1,1
5,6,16,0.00016287282051052898,0,0,3,3,6,4,1,3,1,1,1,1
5,6,17,0.00014139579434413463,0,0,3,3,6,5,1,3,1,1,1,1
5,6,19,0.00011965732119278982,0,0,3,3,6,1,1,4,1,1,1,1
5,6,20,0.0003928882069885731,0,0,3,3,6,2,1,4,1,1,1,1
5,6,22,0.000637461373116821,0,0,3,3,6,4,1,4,1,1,1,1
5,6,26,0.00026385814999230206,0,0,3,3,6,2,1,5,1,1,1,1
5,6,27,0.00034339982084929943,0,0,3,3,6,3,1,5,1,1,1,1
5,6,29,0.0003036063280887902,0,0,3,3,6,5,1,5,1,1,1,1
5,6,32,0.0007407613447867334,0,0,3,4,6,2,1,2,1,1,1,1
5,6,33,3.4118416806450114e-05,0,0,3,4,6,3,1,3,1,1,1,1
5,6,37,0.0042786793783307076,0,0,3,5,6,2,1,2,1,2,1,2
5,6,38,0.00025491276755928993,0,0,3,5,6,3,1,3,1,2,1,2
5,6,39,0.0014373523881658912,0,0,3,5,6,4,1,4,1,2,1,2
5,6,41,0.1673143208026886,0,1,3,6,6,1,1,0,1,0,1,1
5,6,44,0.6022140383720398,0,1,3,6,6,4,1,0,1,0,1,1
5,6,45,0.21231842041015625,0,1,3,6,6,5,1,0,1,0,1,1
5,9,0,0.003079567104578018,0,0,3,1,3,0,2,0,1,2,1,4
5,9,2,0.007408888544887304,0,0,3,3,3,2,2,1,1,1,1,1
5,9,3,0.026360448449850082,0,0,3,3,3,3,2,1,1,1,1,1
5,9,7,0.015989389270544052,0,0,3,3,3,1,2,2,1,1,1,1
5,9,8,0.041895292699337006,0,0,3,3,3,2,2,2,1,1,1,1
5,9,11,0.005211982876062393,0,0,3,3,3,5,2,2,1,1,1,1
5,9,13,0.09460249543190002,0,0,3,3,3,1,2,3,1,1,1,1
5,9,14,0.23046338558197021,0,0,3,3,3,2,2,3,1,1,1,1
5,9,16,0.03574860468506813,0,0,3,3,3,4,2,3,1,1,1,1
5,9,17,0.10950479656457901,0,0,3,3,3,5,2,3,1,1,1,1
5,9,19,0.0005003372789360583,0,0,3,3,3,1,2,4,1,1,1,1
5,9,20,0.002700282959267497,0,0,3,3,3,2,2,4,1,1,1,1
5,9,22,0.00044415847514756024,0,0,3,3,3,4,2,4,1,1,1,1
5,9,26,0.03099042735993862,0,0,3,3,3,2,2,5,1,1,1,1
5,9,27,0.012950384989380836,0,0,3,3,3,3,2,5,1,1,1,1
5,9,29,0.013067294843494892,0,0,3,3,3,5,2,5,1,1,1,1
5,9,32,0.056652046740055084,0,0,3,4,3,2,2,2,1,1,1,1
5,9,33,0.3055918216705322,0,0,3,4,3,3,2,3,1,1,1,1
5,9,37,0.0033622686751186848,0,0,3,5,3,2,2,2,1,2,1,2
5,9,38,0.002729773288592696,0,0,3,5,3,3,2,3,1,2,1,2
5,9,39,8.816205809125677e-05,0,0,3,5,3,4,2,4,1,2,1,2
5,9,41,7.748868665657938e-05,0,1,3,6,3,1,2,0,1,0,1,1
5,9,44,0.0004905567038804293,0,1,3,6,3,4,2,0,1,0,1,1
5,9,45,9.0318892034702e-05,0,1,3,6,3,5,2,0,1,0,1,1
5,10,0,0.0034708541352301836,0,0,3,1,4,0,2,0,1,2,1,4
5,10,2,0.0070869699120521545,0,0,3,3,4,2,2,1,1,1,1,1
5,10,3,0.0029959024395793676,0,0,3,3,4,3,2,1,1,1,1,1
5,10,7,0.002501577604562044,0,0,3,3,4,1,2,2,1,1,1,1
5,10,8,0.004256466869264841,0,0,3,3,4,2,2,2,1,1,1,1
5,10,11,0.0046393247321248055,0,0,3,3,4,5,2,2,1,1,1,1
5,10,13,0.0007766404887661338,0,0,3,3,4,1,2,3,1,1,1,1
5,10,14,0.000479002803331241,0,0,3,3,4,2,2,3,1,1,1,1
5,10,16,0.002441170858219266,0,0,3,3,4,4,2,3,1,1,1,1
5,10,17,0.006623467896133661,0,0,3,3,4,5,2,3,1,1,1,1
5,10,19,0.001271888380870223,0,0,3,3,4,1,2,4,1,1,1,1
5,10,20,0.003504640655592084,0,0,3,3,4,2,2,4,1,1,1,1
5,10,22,0.002260482870042324,0,0,3,3,4,4,2,4,1,1,1,1
5,10,26,0.0018391076009720564,0,0,3,3,4,2,2,5,1,1,1,1
5,10,27,0.006905431393533945,0,0,3,3,4,3,2,5,1,1,1,1
5,10,29,0.0018908698111772537,0,0,3,3,4,5,2,5,1,1,1,1
5,10,32,0.0025866383221000433,0,0,3,4,4,2,2,2,1,1,1,1
5,10,33,0.0014595140237361193,0,0,3,4,4,3,2,3,1,1,1,1
5,10,37,0.006212869193404913,0,0,3,5,4,2,2,2,1,2,1,2
5,10,38,0.00809140782803297,0,0,3,5,4,3,2,3,1,2,1,2
5,10,39,0.0024480954743921757,0,0,3,5,4,4,2,4,1,2,1,2
5,10,41,0.028735075145959854,0,1,3,6,4,1,2,0,1,0,1,1
5,10,44,0.06857462227344513,0,1,3,6,4,4,2,0,1,0,1,1
5,10,45,0.8289485573768616,0,1,3,6,4,5,2,0,1,0,1,1
5,12,0,0.0003019762225449085,0,0,3,1,6,0,2,0,1,2,1,4
5,12,2,0.016070010140538216,0,0,3,3,6,2,2,1,1,1,1,1
5,12,3,0.0111428527161479,0,0,3,3,6,3,2,1,1,1,1,1
5,12,7,0.020266497507691383,0,0,3,3,6,1,2,2,1,1,1,1
5,12,8,0.09077779948711395,0,0,3,3,6,2,2,2,1,1,1,1
5,12,11,0.05093330517411232,0,0,3,3,6,5,2,2,1,1,1,1
5,12,13,0.018522633239626884,0,0,3,3,6,1,2,3,1,1,1,1
5,12,14,0.06763401627540588,0,0,3,3,6,2,2,3,1,1,1,1
5,12,16,0.0115896537899971,0,0,3,3,6,4,2,3,1,1,1,1
5,12,17,0.039166320115327835,0,0,3,3,6,5,2,3,1,1,1,1
5,12,19,0.0013055240269750357,0,0,3,3,6,1,2,4,1,1,1,1
5,12,20,0.022715885192155838,0,0,3,3,6,2,2,4,1,1,1,1
5,12,22,0.0012795042712241411,0,0,3,3,6,4,2,4,1,1,1,1
5,12,26,0.02768617682158947,0,0,3,3,6,2,2,5,1,1,1,1
5,12,27,0.008448014035820961,0,0,3,3,6,3,2,5,1,1,1,1
5,12,29,0.01939033903181553,0,0,3,3,6,5,2,5,1,1,1,1
5,12,32,0.37281784415245056,0,0,3,4,6,2,2,2,1,1,1,1
5,12,33,0.09525059163570404,0,0,3,4,6,3,2,3,1,1,1,1
5,12,37,0.022225668653845787,0,0,3,5,6,2,2,2,1,2,1,2
5,12,38,0.005326943937689066,0,0,3,5,6,3,2,3,1,2,1,2
5,12,39,0.0004711020446848124,0,0,3,5,6,4,2,4,1,2,1,2
5,12,41,0.020716272294521332,0,1,3,6,6,1,2,0,1,0,1,1
5,12,44,0.038313128054142,0,1,3,6,6,4,2,0,1,0,1,1
5,12,45,0.03764773905277252,0,1,3,6,6,5,2,0,1,0,1,1
5,15,0,0.0011118638794869184,0,0,3,1,3,0,3,0,1,2,1,4
5,15,2,0.01544556487351656,0,0,3,3,3,2,3,1,1,1,1,1
5,15,3,0.008942864835262299,0,0,3,3,3,3,3,1,1,1,1,1
5,15,7,0.014349976554512978,0,0,3,3,3,1,3,2,1,1,1,1
5,15,8,0.02915392629802227,0,0,3,3,3,2,3,2,1,1,1,1
5,15,11,0.005662708077579737,0,0,3,3,3,5,3,2,1,1,1,1
5,15,13,0.05382267013192177,0,0,3,3,3,1,3,3,1,1,1,1
5,15,14,0.1322357952594757,0,0,3,3,3,2,3,3,1,1,1,1
5,15,16,0.03758763149380684,0,0,3,3,3,4,3,3,1,1,1,1
5,15,17,0.24736565351486206,0,0,3,3,3,5,3,3,1,1,1,1
5,15,19,0.00027841146220453084,0,0,3,3,3,1,3,4,1,1,1,1
5,15,20,0.0010993368923664093,0,0,3,3,3,2,3,4,1,1,1,1
5,15,22,0.0004148893349338323,0,0,3,3,3,4,3,4,1,1,1,1
5,15,26,0.020151827484369278,0,0,3,3,3,2,3,5,1,1,1,1
5,15,27,0.009294641204178333,0,0,3,3,3,3,3,5,1,1,1,1
5,15,29,0.007190182339400053,0,0,3,3,3,5,3,5,1,1,1,1
5,15,32,0.10040818899869919,0,0,3,4,3,2,3,2,1,1,1,1
5,15,33,0.3057918846607208,0,0,3,4,3,3,3,3,1,1,1,1
5,15,37,0.0020877209026366472,0,0,3,5,3,2,3,2,1,2,1,2
5,15,38,0.0027606540825217962,0,0,3,5,3,3,3,3,1,2,1,2
5,15,39,5.1482995331753045e-05,0,0,3,5,3,4,3,4,1,2,1,2
5,15,41,0.0008816937915980816,0,1,3,6,3,1,3,0,1,0,1,1
5,15,44,0.00264874380081892,0,1,3,6,3,4,3,0,1,0,1,1
5,15,45,0.0012617900501936674,0,1,3,6,3,5,3,0,1,0,1,1
5,18,0,0.000671368557959795,0,0,3,1,6,0,3,0,1,2,1,4
5,18,2,0.007673664018511772,0,0,3,3,6,2,3,1,1,1,1,1
5,18,3,0.0007652931963093579,0,0,3,3,6,3,3,1,1,1,1,1
5,18,7,0.0021398034878075123,0,0,3,3,6,1,3,2,1,1,1,1
5,18,8,0.011064949445426464,0,0,3,3,6,2,3,2,1,1,1,1
5,18,11,0.004286914132535458,0,0,3,3,6,5,3,2,1,1,1,1
5,18,13,0.0017539079999551177,0,0,3,3,6,1,3,3,1,1,1,1
5,18,14,0.002876561600714922,0,0,3,3,6,2,3,3,1,1,1,1
5,18,16,0.0019203060073778033,0,0,3,3,6,4,3,3,1,1,1,1
5,18,17,0.01193695142865181,0,0,3,3,6,5,3,3,1,1,1,1
5,18,19,8.240548777393997e-05,0,0,3,3,6,1,3,4,1,1,1,1
5,18,20,0.00037729658652096987,0,0,3,3,6,2,3,4,1,1,1,1
5,18,22,0.00024360012321267277,0,0,3,3,6,4,3,4,1,1,1,1
5,18,26,0.0013548844726756215,0,0,3,3,6,2,3,5,1,1,1,1
5,18,27,0.0010417021112516522,0,0,3,3,6,3,3,5,1,1,1,1
5,18,29,0.0013506619725376368,0,0,3,3,6,5,3,5,1,1,1,1
5,18,32,0.015097880735993385,0,0,3,4,6,2,3,2,1,1,1,1
5,18,33,0.0025971150025725365,0,0,3,4,6,3,3,3,1,1,1,1
5,18,37,0.003183983964845538,0,0,3,5,6,2,3,2,1,2,1,2
5,18,38,0.0009504216141067445,0,0,3,5,6,3,3,3,1,2,1,2
5,18,39,0.00017727450176607817,0,0,3,5,6,4,3,4,1,2,1,2
5,18,41,0.1296149343252182,0,1,3,6,6,1,3,0,1,0,1,1
5,18,44,0.35487157106399536,0,1,3,6,6,4,3,0,1,0,1,1
5,18,45,0.4439662992954254,0,1,3,6,6,5,3,0,1,0,1,1
5,21,0,0.7339085340499878,0,0,3,1,3,0,4,0,1,2,1,4
5,21,2,0.01235895324498415,0,0,3,3,3,2,4,1,1,1,1,1
5,21,3,0.05209562927484512,0,0,3,3,3,3,4,1,1,1,1,1
5,21,7,0.007405503187328577,0,0,3,3,3,1,4,2,1,1,1,1
5,21,8,0.0036426582373678684,0,0,3,3,3,2,4,2,1,1,1,1
5,21,11,0.0009616180323064327,0,0,3,3,3,5,4,2,1,1,1,1
5,21,13,0.01898103766143322,0,0,3,3,3,1,4,3,1,1,1,1
5,21,14,0.005935421213507652,0,0,3,3,3,2,4,3,1,1,1,1
5,21,16,0.009495391510426998,0,0,3,3,3,4,4,3,1,1,1,1
5,21,17,0.023310596123337746,0,0,3,3,3,5,4,3,1,1,1,1
5,21,19,0.009966809302568436,0,0,3,3,3,1,4,4,1,1,1,1
5,21,20,0.0031458192970603704,0,0,3,3,3,2,4,4,1,1,1,1
5,21,22,0.0067331213504076,0,0,3,3,3,4,4,4,1,1,1,1
5,21,26,0.005606343038380146,0,0,3,3,3,2,4,5,1,1,1,1
5,21,27,0.016486281529068947,0,0,3,3,3,3,4,5,1,1,1,1
5,21,29,0.0021523679606616497,0,0,3,3,3,5,4,5,1,1,1,1
5,21,32,0.0025329813361167908,0,0,3,4,3,2,4,2,1,1,1,1
5,21,33,0.041120242327451706,0,0,3,4,3,3,4,3,1,1,1,1
5,21,37,0.022195976227521896,0,0,3,5,3,2,4,2,1,2,1,2
5,21,38,0.01535047683864832,0,0,3,5,3,3,4,3,1,2,1,2
5,21,39,0.006024912465363741,0,0,3,5,3,4,4,4,1,2,1,2
5,21,41,1.9237988453824073e-05,0,1,3,6,3,1,4,0,1,0,1,1
5,21,44,0.00031520865741185844,0,1,3,6,3,4,4,0,1,0,1,1
5,21,45,0.0002544867165852338,0,1,3,6,3,5,4,0,1,0,1,1
5,23,0,0.16515138745307922,0,0,3,1,5,0,4,0,1,2,1,4
5,23,2,0.03854098543524742,0,0,3,3,5,2,4,1,1,1,1,1
5,23,3,0.3360896408557892,0,0,3,3,5,3,4,1,1,1,1,1
5,23,7,0.03493657335639,0,0,3,3,5,1,4,2,1,1,1,1
5,23,8,0.013262316584587097,0,0,3,3,5,2,4,2,1,1,1,1
5,23,11,0.006764126941561699,0,0,3,3,5,5,4,2,1,1,1,1
5,23,13,0.030293462797999382,0,0,3,3,5,1,4,3,1,1,1,1
5,23,14,0.010538446716964245,0,0,3,3,5,2,4,3,1,1,1,1
5,23,16,0.018766772001981735,0,0,3,3,5,4,4,3,1,1,1,1
5,23,17,0.032554879784584045,0,0,3,3,5,5,4,3,1,1,1,1
5,23,19,0.023826610296964645,0,0,3,3,5,1,4,4,1,1,1,1
5,23,20,0.02567479945719242,0,0,3,3,5,2,4,4,1,1,1,1
5,23,22,0.013578378595411777,0,0,3,3,5,4,4,4,1,1,1,1
5,23,26,0.028254544362425804,0,0,3,3,5,2,4,5,1,1,1,1
5,23,27,0.06435128301382065,0,0,3,3,5,3,4,5,1,1,1,1
5,23,29,0.007419406436383724,0,0,3,3,5,5,4,5,1,1,1,1
5,23,32,0.00835531298071146,0,0,3,4,5,2,4,2,1,1,1,1
5,23,33,0.04101885110139847,0,0,3,4,5,3,4,3,1,1,1,1
5,23,37,0.044195644557476044,0,0,3,5,5,2,4,2,1,2,1,2
5,23,38,0.043941594660282135,0,0,3,5,5,3,4,3,1,2,1,2
5,23,39,0.006658569443970919,0,0,3,5,5,4,4,4,1,2,1,2
5,23,41,0.00011537288810359314,0,1,3,6,5,1,4,0,1,0,1,1
5,23,44,0.0011786201503127813,0,1,3,6,5,4,4,0,1,0,1,1
5,23,45,0.0045319851487874985,0,1,3,6,5,5,4,0,1,0,1,1
5,24,0,0.5152273178100586,0,0,3,1,6,0,4,0,1,2,1,4
5,24,2,0.017866166308522224,0,0,3,3,6,2,4,1,1,1,1,1
5,24,3,0.007196503225713968,0,0,3,3,6,3,4,1,1,1,1,1
5,24,7,0.0013902250211685896,0,0,3,3,6,1,4,2,1,1,1,1
5,24,8,0.008485620841383934,0,0,3,3,6,2,4,2,1,1,1,1
5,24,11,0.0016719428822398186,0,0,3,3,6,5,4,2,1,1,1,1
5,24,13,0.001565620768815279,0,0,3,3,6,1,4,3,1,1,1,1
5,24,14,0.0019286152673885226,0,0,3,3,6,2,4,3,1,1,1,1
5,24,16,0.0021280562505126,0,0,3,3,6,4,4,3,1,1,1,1
5,24,17,0.0056863222271203995,0,0,3,3,6,5,4,3,1,1,1,1
5,24,19,0.0019952834118157625,0,0,3,3,6,1,4,4,1,1,1,1
5,24,20,0.0012645177775993943,0,0,3,3,6,2,4,4,1,1,1,1
5,24,22,0.0063939946703612804,0,0,3,3,6,4,4,4,1,1,1,1
5,24,26,0.0009174788719974458,0,0,3,3,6,2,4,5,1,1,1,1
5,24,27,0.006508068181574345,0,0,3,3,6,3,4,5,1,1,1,1
5,24,29,0.002999047515913844,0,0,3,3,6,5,4,5,1,1,1,1
5,24,32,0.0007809075759723783,0,0,3,4,6,2,4,2,1,1,1,1
5,24,33,0.0008899130043573678,0,0,3,4,6,3,4,3,1,1,1,1
5,24,37,0.031089141964912415,0,0,3,5,6,2,4,2,1,2,1,2
5,24,38,0.004561406094580889,0,0,3,5,6,3,4,3,1,2,1,2
5,24,39,0.01233527809381485,0,0,3,5,6,4,4,4,1,2,1,2
5,24,41,0.017521074041724205,0,1,3,6,6,1,4,0,1,0,1,1
5,24,44,0.24614104628562927,0,1,3,6,6,4,4,0,1,0,1,1
5,24,45,0.10345639288425446,0,1,3,6,6,5,4,0,1,0,1,1
5,25,0,0.0005424410337582231,0,0,3,1,1,0,5,0,1,2,1,4
5,25,2,0.015221411362290382,0,0,3,3,1,2,5,1,1,1,1,1
5,25,3,0.007185871712863445,0,0,3,3,1,3,5,1,1,1,1,1
5,25,7,0.10292407125234604,0,0,3,3,1,1,5,2,1,1,1,1
5,25,8,0.1056145578622818,0,0,3,3,1,2,5,2,1,1,1,1
5,25,11,0.05649804323911667,0,0,3,3,1,5,5,2,1,1,1,1
5,25,13,0.08358176052570343,0,0,3,3,1,1,5,3,1,1,1,1
5,25,14,0.08671259135007858,0,0,3,3,1,2,5,3,1,1,1,1
5,25,16,0.04054390266537666,0,0,3,3,1,4,5,3,1,1,1,1
5,25,17,0.15809479355812073,0,0,3,3,1,5,5,3,1,1,1,1
5,25,19,0.0008789068087935448,0,0,3,3,1,1,5,4,1,1,1,1
5,25,20,0.005868513137102127,0,0,3,3,1,2,5,4,1,1,1,1
5,25,22,0.0005832657334394753,0,0,3,3,1,4,5,4,1,1,1,1
5,25,26,0.02435348555445671,0,0,3,3,1,2,5,5,1,1,1,1
5,25,27,0.011434533633291721,0,0,3,3,1,3,5,5,1,1,1,1
5,25,29,0.025897599756717682,0,0,3,3,1,5,5,5,1,1,1,1
5,25,32,0.08813022822141647,0,0,3,4,1,2,5,2,1,1,1,1
5,25,33,0.051888421177864075,0,0,3,4,1,3,5,3,1,1,1,1
5,25,37,0.007277220953255892,0,0,3,5,1,2,5,2,1,2,1,2
5,25,38,0.01167947705835104,0,0,3,5,1,3,5,3,1,2,1,2
5,25,39,0.00039958718116395175,0,0,3,5,1,4,5,4,1,2,1,2
5,25,41,0.043125323951244354,0,1,3,6,1,1,5,0,1,0,1,1
5,25,44,0.024926258251070976,0,1,3,6,1,4,5,0,1,0,1,1
5,25,45,0.046637389808893204,0,1,3,6,1,5,5,0,1,0,1,1
5,28,0,0.01749775931239128,0,0,3,1,4,0,5,0,1,2,1,4
5,28,2,0.05675690621137619,0,0,3,3,4,2,5,1,1,1,1,1
5,28,3,0.05576501414179802,0,0,3,3,4,3,5,1,1,1,1,1
5,28,7,0.0069065578281879425,0,0,3,3,4,1,5,2,1,1,1,1
5,28,8,0.026226487010717392,0,0,3,3,4,2,5,2,1,1,1,1
5,28,11,0.007097073830664158,0,0,3,3,4,5,5,2,1,1,1,1
5,28,13,0.018429534509778023,0,0,3,3,4,1,5,3,1,1,1,1
5,28,14,0.033335596323013306,0,0,3,3,4,2,5,3,1,1,1,1
5,28,16,0.1588997095823288,0,0,3,3,4,4,5,3,1,1,1,1
5,28,17,0.16823191940784454,0,0,3,3,4,5,5,3,1,1,1,1
5,28,19,0.0016494416631758213,0,0,3,3,4,1,5,4,1,1,1,1
5,28,20,0.008545673452317715,0,0,3,3,4,2,5,4,1,1,1,1
5,28,22,0.008577755652368069,0,0,3,3,4,4,5,4,1,1,1,1
5,28,26,0.0467560812830925,0,0,3,3,4,2,5,5,1,1,1,1
5,28,27,0.049306269735097885,0,0,3,3,4,3,5,5,1,1,1,1
5,28,29,0.011631051078438759,0,0,3,3,4,5,5,5,1,1,1,1
5,28,32,0.05622060224413872,0,0,3,4,4,2,5,2,1,1,1,1
5,28,33,0.06280700862407684,0,0,3,4,4,3,5,3,1,1,1,1
5,28,37,0.00761683052405715,0,0,3,5,4,2,5,2,1,2,1,2
5,28,38,0.029497256502509117,0,0,3,5,4,3,5,3,1,2,1,2
5,28,39,0.00181941210757941,0,0,3,5,4,4,5,4,1,2,1,2
5,28,41,0.0036852273624390364,0,1,3,6,4,1,5,0,1,0,1,1
5,28,44,0.060111455619335175,0,1,3,6,4,4,5,0,1,0,1,1
5,28,45,0.10262948274612427,0,1,3,6,4,5,5,0,1,0,1,1
5,30,0,0.008566299453377724,0,0,3,1,6,0,5,0,1,2,1,4
5,30,2,0.021267449483275414,0,0,3,3,6,2,5,1,1,1,1,1
5,30,3,0.005152478814125061,0,0,3,3,6,3,5,1,1,1,1,1
5,30,7,0.004337628837674856,0,0,3,3,6,1,5,2,1,1,1,1
5,30,8,0.020193500444293022,0,0,3,3,6,2,5,2,1,1,1,1
5,30,11,0.008980794809758663,0,0,3,3,6,5,5,2,1,1,1,1
5,30,13,0.004637420643121004,0,0,3,3,6,1,5,3,1,1,1,1
5,30,14,0.004808586090803146,0,0,3,3,6,2,5,3,1,1,1,1
5,30,16,0.0063913860358297825,0,0,3,3,6,4,5,3,1,1,1,1
5,30,17,0.02621191181242466,0,0,3,3,6,5,5,3,1,1,1,1
5,30,19,0.000756449589971453,0,0,3,3,6,1,5,4,1,1,1,1
5,30,20,0.007775148842483759,0,0,3,3,6,2,5,4,1,1,1,1
5,30,22,0.001395881874486804,0,0,3,3,6,4,5,4,1,1,1,1
5,30,26,0.0050324550829827785,0,0,3,3,6,2,5,5,1,1,1,1
5,30,27,0.00666510034352541,0,0,3,3,6,3,5,5,1,1,1,1
5,30,29,0.0028166482225060463,0,0,3,3,6,5,5,5,1,1,1,1
5,30,32,0.021503714844584465,0,0,3,4,6,2,5,2,1,1,1,1
5,30,33,0.00891249068081379,0,0,3,4,6,3,5,3,1,1,1,1
5,30,37,0.024070797488093376,0,0,3,5,6,2,5,2,1,2,1,2
5,30,38,0.007086614146828651,0,0,3,5,6,3,5,3,1,2,1,2
5,30,39,0.0016995264450088143,0,0,3,5,6,4,5,4,1,2,1,2
5,30,41,0.02252795174717903,0,1,3,6,6,1,5,0,1,0,1,1
5,30,44,0.1940220445394516,0,1,3,6,6,4,5,0,1,0,1,1
5,30,45,0.5851877927780151,0,1,3,6,6,5,5,0,1,0,1,1
5,31,0,0.0003592375433072448,0,0,4,1,1,0,1,0,1,2,1,4
5,31,2,0.0010367338545620441,0,0,4,3,1,2,1,1,1,1,1,1
5,31,3,0.00011313244613120332,0,0,4,3,1,3,1,1,1,1,1,1
5,31,7,0.000570370873901993,0,0,4,3,1,1,1,2,1,1,1,1
5,31,8,0.0037686899304389954,0,0,4,3,1,2,1,2,1,1,1,1
5,31,11,0.0016134189208969474,0,0,4,3,1,5,1,2,1,1,1,1
5,31,13,0.0006327919545583427,0,0,4,3,1,1,1,3,1,1,1,1
5,31,14,0.0012846265453845263,0,0,4,3,1,2,1,3,1,1,1,1
5,31,16,0.0009260593797080219,0,0,4,3,1,4,1,3,1,1,1,1
5,31,17,0.0008237799047492445,0,0,4,3,1,5,1,3,1,1,1,1
5,31,19,4.716291368822567e-05,0,0,4,3,1,1,1,4,1,1,1,1
5,31,20,0.00010883719369303435,0,0,4,3,1,2,1,4,1,1,1,1
5,31,22,0.0002365782274864614,0,0,4,3,1,4,1,4,1,1,1,1
5,31,26,0.0004117455391678959,0,0,4,3,1,2,1,5,1,1,1,1
5,31,27,0.0003968733362853527,0,0,4,3,1,3,1,5,1,1,1,1
5,31,29,0.001194667536765337,0,0,4,3,1,5,1,5,1,1,1,1
5,31,32,0.0014810659922659397,0,0,4,4,1,2,1,2,1,1,1,1
5,31,33,0.00010873394785448909,0,0,4,4,1,3,1,3,1,1,1,1
5,31,37,0.0007385218050330877,0,0,4,5,1,2,1,2,1,2,1,2
5,31,38,0.0003834992239717394,0,0,4,5,1,3,1,3,1,2,1,2
5,31,39,0.00039787436253391206,0,0,4,5,1,4,1,4,1,2,1,2
5,31,41,0.5635412335395813,0,1,4,6,1,1,1,0,1,0,1,1
5,31,44,0.34121301770210266,0,1,4,6,1,4,1,0,1,0,1,1
5,31,45,0.07861156016588211,0,1,4,6,1,5,1,0,1,0,1,1
5,34,0,0.021467067301273346,0,0,4,1,4,0,4,0,1,2,1,4
5,34,2,0.009819992817938328,0,0,4,3,4,2,4,1,1,1,1,1
5,34,3,0.0017350772395730019,0,0,4,3,4,3,4,1,1,1,1,1
5,34,7,0.003955239430069923,0,0,4,3,4,1,4,2,1,1,1,1
5,34,8,0.002757447771728039,0,0,4,3,4,2,4,2,1,1,1,1
5,34,11,0.0032431758008897305,0,0,4,3,4,5,4,2,1,1,1,1
5,34,13,0.00111339520663023,0,0,4,3,4,1,4,3,1,1,1,1
5,34,14,0.0003023442695848644,0,0,4,3,4,2,4,3,1,1,1,1
5,34,16,0.0011945541482418776,0,0,4,3,4,4,4,3,1,1,1,1
5,34,17,0.005710371304303408,0,0,4,3,4,5,4,3,1,1,1,1
5,34,19,0.0027947621420025826,0,0,4,3,4,1,4,4,1,1,1,1
5,34,20,0.0009974450804293156,0,0,4,3,4,2,4,4,1,1,1,1
5,34,22,0.002808009274303913,0,0,4,3,4,4,4,4,1,1,1,1
5,34,26,0.0005870130844414234,0,0,4,3,4,2,4,5,1,1,1,1
5,34,27,0.00471528759226203,0,0,4,3,4,3,4,5,1,1,1,1
5,34,29,0.0012451708316802979,0,0,4,3,4,5,4,5,1,1,1,1
5,34,32,0.001089680939912796,0,0,4,4,4,2,4,2,1,1,1,1
5,34,33,0.0008986201719380915,0,0,4,4,4,3,4,3,1,1,1,1
5,34,37,0.00885724276304245,0,0,4,5,4,2,4,2,1,2,1,2
5,34,38,0.009347619488835335,0,0,4,5,4,3,4,3,1,2,1,2
5,34,39,0.004534435924142599,0,0,4,5,4,4,4,4,1,2,1,2
5,34,41,0.11933782696723938,0,1,4,6,4,1,4,0,1,0,1,1
5,34,44,0.09926008433103561,0,1,4,6,4,4,4,0,1,0,1,1
5,34,45,0.6922280192375183,0,1,4,6,4,5,4,0,1,0,1,1
5,35,0,0.07010126858949661,0,0,4,1,5,0,5,0,1,2,1,4
5,35,2,0.059723444283008575,0,0,4,3,5,2,5,1,1,1,1,1
5,35,3,0.026640333235263824,0,0,4,3,5,3,5,1,1,1,1,1
5,35,7,0.005666034296154976,0,0,4,3,5,1,5,2,1,1,1,1
5,35,8,0.021204521879553795,0,0,4,3,5,2,5,2,1,1,1,1
5,35,11,0.006851397920399904,0,0,4,3,5,5,5,2,1,1,1,1
5,35,13,0.010156935080885887,0,0,4,3,5,1,5,3,1,1,1,1
5,35,14,0.014428447932004929,0,0,4,3,5,2,5,3,1,1,1,1
5,35,16,0.0399790033698082,0,0,4,3,5,4,5,3,1,1,1,1
5,35,17,0.041510120034217834,0,0,4,3,5,5,5,3,1,1,1,1
5,35,19,0.0031488891690969467,0,0,4,3,5,1,5,4,1,1,1,1
5,35,20,0.0043508270755410194,0,0,4,3,5,2,5,4,1,1,1,1
5,35,22,0.01368418987840414,0,0,4,3,5,4,5,4,1,1,1,1
5,35,26,0.0124400919303298,0,0,4,3,5,2,5,5,1,1,1,1
5,35,27,0.015166635625064373,0,0,4,3,5,3,5,5,1,1,1,1
5,35,29,0.008696605451405048,0,0,4,3,5,5,5,5,1,1,1,1
5,35,32,0.03552701696753502,0,0,4,4,5,2,5,2,1,1,1,1
5,35,33,0.015109795145690441,0,0,4,4,5,3,5,3,1,1,1,1
5,35,37,0.027362415567040443,0,0,4,5,5,2,5,2,1,2,1,2
5,35,38,0.020240765064954758,0,0,4,5,5,3,5,3,1,2,1,2
5,35,39,0.008503362536430359,0,0,4,5,5,4,5,4,1,2,1,2
5,35,41,0.030982190743088722,0,1,4,6,5,1,5,0,1,0,1,1
5,35,44,0.31505054235458374,0,1,4,6,5,4,5,0,1,0,1,1
5,35,45,0.19347524642944336,0,1,4,6,5,5,5,0,1,0,1,1
5,36,0,0.0004986305721104145,0,0,5,1,1,0,1,0,2,2,2,4
5,36,2,0.0001567230501677841,0,0,5,3,1,2,1,1,2,1,2,1
5,36,3,7.773889592499472e-06,0,0,5,3,1,3,1,1,2,1,2,1
5,36,7,0.0021501367446035147,0,0,5,3,1,1,1,2,2,1,2,1
5,36,8,0.00046568000107072294,0,0,5,3,1,2,1,2,2,1,2,1
5,36,11,0.0022398317232728004,0,0,5,3,1,5,1,2,2,1,2,1
5,36,13,0.0004690568312071264,0,0,5,3,1,1,1,3,2,1,2,1
5,36,14,5.616551425191574e-05,0,0,5,3,1,2,1,3,2,1,2,1
5,36,16,0.00013485390809364617,0,0,5,3,1,4,1,3,2,1,2,1
5,36,17,0.0004982923856005073,0,0,5,3,1,5,1,3,2,1,2,1
5,36,19,0.0002289508847752586,0,0,5,3,1,1,1,4,2,1,2,1
5,36,20,4.1142888221656904e-05,0,0,5,3,1,2,1,4,2,1,2,1
5,36,22,0.00017606209439691156,0,0,5,3,1,4,1,4,2,1,2,1
5,36,26,2.4015324015635997e-05,0,0,5,3,1,2,1,5,2,1,2,1
5,36,27,0.00010265946184517816,0,0,5,3,1,3,1,5,2,1,2,1
5,36,29,0.000394291098928079,0,0,5,3,1,5,1,5,2,1,2,1
5,36,32,1.86902307177661e-05,0,0,5,4,1,2,1,2,2,1,2,1
5,36,33,1.3981113625050057e-05,0,0,5,4,1,3,1,3,2,1,2,1
5,36,37,0.000864971661940217,0,0,5,5,1,2,1,2,2,2,2,2
5,36,38,0.0013750463258475065,0,0,5,5,1,3,1,3,2,2,2,2
5,36,39,0.0033775940537452698,0,0,5,5,1,4,1,4,2,2,2,2
5,36,41,0.8333686590194702,0,1,5,6,1,1,1,0,2,0,2,1
5,36,44,0.03571932017803192,0,1,5,6,1,4,1,0,2,0,2,1
5,36,45,0.11761749535799026,0,1,5,6,1,5,1,0,2,0,2,1
5,40,0,0.3869321942329407,0,0,5,1,5,0,5,0,2,2,2,4
5,40,2,0.01733878068625927,0,0,5,3,5,2,5,1,2,1,2,1
5,40,3,0.009540305472910404,0,0,5,3,5,3,5,1,2,1,2,1
5,40,7,0.04069378599524498,0,0,5,3,5,1,5,2,2,1,2,1
5,40,8,0.008581404574215412,0,0,5,3,5,2,5,2,2,1,2,1
5,40,11,0.007444468792527914,0,0,5,3,5,5,5,2,2,1,2,1
5,40,13,0.01257005613297224,0,0,5,3,5,1,5,3,2,1,2,1
5,40,14,0.0025370025541633368,0,0,5,3,5,2,5,3,2,1,2,1
5,40,16,0.005058900453150272,0,0,5,3,5,4,5,3,2,1,2,1
5,40,17,0.006968270521610975,0,0,5,3,5,5,5,3,2,1,2,1
5,40,19,0.1332075446844101,0,0,5,3,5,1,5,4,2,1,2,1
5,40,20,0.040503062307834625,0,0,5,3,5,2,5,4,2,1,2,1
5,40,22,0.025534119457006454,0,0,5,3,5,4,5,4,2,1,2,1
5,40,26,0.00580472219735384,0,0,5,3,5,2,5,5,2,1,2,1
5,40,27,0.03011527843773365,0,0,5,3,5,3,5,5,2,1,2,1
5,40,29,0.007692604325711727,0,0,5,3,5,5,5,5,2,1,2,1
5,40,32,0.0021806820295751095,0,0,5,4,5,2,5,2,2,1,2,1
5,40,33,0.003046236466616392,0,0,5,4,5,3,5,3,2,1,2,1
5,40,37,0.03521985560655594,0,0,5,5,5,2,5,2,2,2,2,2
5,40,38,0.03557099401950836,0,0,5,5,5,3,5,3,2,2,2,2
5,40,39,0.15394821763038635,0,0,5,5,5,4,5,4,2,2,2,2
5,40,41,0.01230024266988039,0,1,5,6,5,1,5,0,2,0,2,1
5,40,44,0.0032890457659959793,0,1,5,6,5,4,5,0,2,0,2,1
5,40,45,0.013921855948865414,0,1,5,6,5,5,5,0,2,0,2,1
5,42,0,0.0004907931433990598,1,0,6,1,2,0,0,0,0,2,1,4
5,42,2,0.015958329662680626,1,0,6,3,2,2,0,1,0,1,1,1
5,42,3,0.015154733322560787,1,0,6,3,2,3,0,1,0,1,1,1
5,42,7,0.007930313237011433,1,0,6,3,2,1,0,2,0,1,1,1
5,42,8,0.07884516566991806,1,0,6,3,2,2,0,2,0,1,1,1
5,42,11,0.02236969955265522,1,0,6,3,2,5,0,2,0,1,1,1
5,42,13,0.02078748121857643,1,0,6,3,2,1,0,3,0,1,1,1
5,42,14,0.19678957760334015,1,0,6,3,2,2,0,3,0,1,1,1
5,42,16,0.05469559133052826,1,0,6,3,2,4,0,3,0,1,1,1
5,42,17,0.1088777557015419,1,0,6,3,2,5,0,3,0,1,1,1
5,42,19,0.0007217148086056113,1,0,6,3,2,1,0,4,0,1,1,1
5,42,20,0.006863649468868971,1,0,6,3,2,2,0,4,0,1,1,1
5,42,22,0.0032463495153933764,1,0,6,3,2,4,0,4,0,1,1,1
5,42,26,0.07593034207820892,1,0,6,3,2,2,0,5,0,1,1,1
5,42,27,0.026572929695248604,1,0,6,3,2,3,0,5,0,1,1,1
5,42,29,0.04102327302098274,1,0,6,3,2,5,0,5,0,1,1,1
5,42,32,0.11868786066770554,1,0,6,4,2,2,0,2,0,1,1,1
5,42,33,0.10848992317914963,1,0,6,4,2,3,0,3,0,1,1,1
5,42,37,0.0013173769693821669,1,0,6,5,2,2,0,2,0,2,1,2
5,42,38,0.0031446130014955997,1,0,6,5,2,3,0,3,0,2,1,2
5,42,39,0.000328087859088555,1,0,6,5,2,4,0,4,0,2,1,2
5,42,41,0.021392829716205597,1,1,6,6,2,1,0,0,0,0,1,1
5,42,44,0.0498836487531662,1,1,6,6,2,4,0,0,0,0,1,1
5,42,45,0.020497886463999748,1,1,6,6,2,5,0,0,0,0,1,1
5,43,0,0.01819775439798832,1,0,6,1,3,0,0,0,0,2,1,4
5,43,2,0.014693737961351871,1,0,6,3,3,2,0,1,0,1,1,1
5,43,3,0.022633159533143044,1,0,6,3,3,3,0,1,0,1,1,1
5,43,7,0.002434240421280265,1,0,6,3,3,1,0,2,0,1,1,1
5,43,8,0.051136668771505356,1,0,6,3,3,2,0,2,0,1,1,1
5,43,11,0.004047435242682695,1,0,6,3,3,5,0,2,0,1,1,1
5,43,13,0.03306723013520241,1,0,6,3,3,1,0,3,0,1,1,1
5,43,14,0.2882235646247864,1,0,6,3,3,2,0,3,0,1,1,1
5,43,16,0.2190345823764801,1,0,6,3,3,4,0,3,0,1,1,1
5,43,17,0.13440388441085815,1,0,6,3,3,5,0,3,0,1,1,1
5,43,19,0.0004967108252458274,1,0,6,3,3,1,0,4,0,1,1,1
5,43,20,0.0023064385168254375,1,0,6,3,3,2,0,4,0,1,1,1
5,43,22,0.003703573951497674,1,0,6,3,3,4,0,4,0,1,1,1
5,43,26,0.020130258053541183,1,0,6,3,3,2,0,5,0,1,1,1
5,43,27,0.0270734503865242,1,0,6,3,3,3,0,5,0,1,1,1
5,43,29,0.051198896020650864,1,0,6,3,3,5,0,5,0,1,1,1
5,43,32,0.012867425568401814,1,0,6,4,3,2,0,2,0,1,1,1
5,43,33,0.03926292434334755,1,0,6,4,3,3,0,3,0,1,1,1
5,43,37,0.0039512403309345245,1,0,6,5,3,2,0,2,0,2,1,2
5,43,38,0.008932564407587051,1,0,6,5,3,3,0,3,0,2,1,2
5,43,39,0.00082311627920717,1,0,6,5,3,4,0,4,0,2,1,2
5,43,41,0.0018877602415159345,1,1,6,6,3,1,0,0,0,0,1,1
5,43,44,0.0378376767039299,1,1,6,6,3,4,0,0,0,0,1,1
5,43,45,0.0016556843183934689,1,1,6,6,3,5,0,0,0,0,1,1
5,46,0,0.003469994058832526,1,0,6,1,6,0,0,0,0,2,1,4
5,46,2,0.003857107600197196,1,0,6,3,6,2,0,1,0,1,1,1
5,46,3,0.001474540214985609,1,0,6,3,6,3,0,1,0,1,1,1
5,46,7,0.00012044329923810437,1,0,6,3,6,1,0,2,0,1,1,1
5,46,8,0.007037968374788761,1,0,6,3,6,2,0,2,0,1,1,1
5,46,11,0.0013210427714511752,1,0,6,3,6,5,0,2,0,1,1,1
5,46,13,0.0006557103479281068,1,0,6,3,6,1,0,3,0,1,1,1
5,46,14,0.0069994512014091015,1,0,6,3,6,2,0,3,0,1,1,1
5,46,16,0.006652384530752897,1,0,6,3,6,4,0,3,0,1,1,1
5,46,17,0.0022735504899173975,1,0,6,3,6,5,0,3,0,1,1,1
5,46,19,0.00019086783868260682,1,0,6,3,6,1,0,4,0,1,1,1
5,46,20,0.0006178634939715266,1,0,6,3,6,2,0,4,0,1,1,1
5,46,22,0.002918386831879616,1,0,6,3,6,4,0,4,0,1,1,1
5,46,26,0.0018744851695373654,1,0,6,3,6,2,0,5,0,1,1,1
5,46,27,0.002438812982290983,1,0,6,3,6,3,0,5,0,1,1,1
5,46,29,0.005519329570233822,1,0,6,3,6,5,0,5,0,1,1,1
5,46,32,0.0028164132963865995,1,0,6,4,6,2,0,2,0,1,1,1
5,46,33,0.0006247223354876041,1,0,6,4,6,3,0,3,0,1,1,1
5,46,37,0.0008524490986019373,1,0,6,5,6,2,0,2,0,2,1,2
5,46,38,0.0008215144043788314,1,0,6,5,6,3,0,3,0,2,1,2
5,46,39,0.0011457228101789951,1,0,6,5,6,4,0,4,0,2,1,2
5,46,41,0.0979776680469513,1,1,6,6,6,1,0,0,0,0,1,1
5,46,44,0.802016019821167,1,1,6,6,6,4,0,0,0,0,1,1
5,46,45,0.04632404074072838,1,1,6,6,6,5,0,0,0,0,1,1
5,47,0,0.00013362779282033443,2,0,7,1,0,0,0,0,0,2,4,4
5,47,2,0.007470723241567612,2,0,7,3,0,2,0,1,0,1,4,1
5,47,3,0.017996089532971382,2,0,7,3,0,3,0,1,0,1,4,1
5,47,7,0.06511800736188889,2,0,7,3,0,1,0,2,0,1,4,1
5,47,8,0.02648487314581871,2,0,7,3,0,2,0,2,0,1,4,1
5,47,11,0.025534776970744133,2,0,7,3,0,5,0,2,0,1,4,1
5,47,13,0.101070336997509,2,0,7,3,0,1,0,3,0,1,4,1
5,47,14,0.13110187649726868,2,0,7,3,0,2,0,3,0,1,4,1
5,47,16,0.02806599996984005,2,0,7,3,0,4,0,3,0,1,4,1
5,47,17,0.044700007885694504,2,0,7,3,0,5,0,3,0,1,4,1
5,47,19,0.0037635513581335545,2,0,7,3,0,1,0,4,0,1,4,1
5,47,20,0.008656722493469715,2,0,7,3,0,2,0,4,0,1,4,1
5,47,22,0.0017154793022200465,2,0,7,3,0,4,0,4,0,1,4,1
5,47,26,0.12491695582866669,2,0,7,3,0,2,0,5,0,1,4,1
5,47,27,0.016565682366490364,2,0,7,3,0,3,0,5,0,1,4,1
5,47,29,0.016855299472808838,2,0,7,3,0,5,0,5,0,1,4,1
5,47,32,0.16751040518283844,2,0,7,4,0,2,0,2,0,1,4,1
5,47,33,0.2022981345653534,2,0,7,4,0,3,0,3,0,1,4,1
5,47,37,0.0004755555128213018,2,0,7,5,0,2,0,2,0,2,4,2
5,47,38,0.0033558555878698826,2,0,7,5,0,3,0,3,0,2,4,2
5,47,39,0.00019434709975030273,2,0,7,5,0,4,0,4,0,2,4,2
5,47,41,0.004524114076048136,2,1,7,6,0,1,0,0,0,0,4,1
5,47,44,0.0006868366035632789,2,1,7,6,0,4,0,0,0,0,4,1
5,47,45,0.0008047152077779174,2,1,7,6,0,5,0,0,0,0,4,1
6,1,0,0.0541042760014534,0,0,3,1,1,0,1,0,1,2,1,4
6,1,3,0.01297386921942234,0,0,3,3,1,3,1,1,1,1,1,1
6,1,4,0.0009882673621177673,0,0,3,3,1,4,1,1,1,1,1,1
6,1,5,0.0007867353269830346,0,0,3,3,1,5,1,1,1,1,1,1
6,1,9,0.0003146781527902931,0,0,3,3,1,3,1,2,1,1,1,1
6,1,11,0.0006695269257761538,0,0,3,3,1,5,1,2,1,1,1,1
6,1,12,0.0007407561060972512,0,0,3,3,1,6,1,2,1,1,1,1
6,1,14,0.0012528181541711092,0,0,3,3,1,2,1,3,1,1,1,1
6,1,16,0.001245708903297782,0,0,3,3,1,4,1,3,1,1,1,1
6,1,17,0.007384067866951227,0,0,3,3,1,5,1,3,1,1,1,1
6,1,20,0.00797103438526392,0,0,3,3,1,2,1,4,1,1,1,1
6,1,21,0.0017626285552978516,0,0,3,3,1,3,1,4,1,1,1,1
6,1,22,0.0009302395628765225,0,0,3,3,1,4,1,4,1,1,1,1
6,1,25,0.0013547148555517197,0,0,3,3,1,1,1,5,1,1,1,1
6,1,27,0.014306418597698212,0,0,3,3,1,3,1,5,1,1,1,1
6,1,30,0.007199993822723627,0,0,3,3,1,6,1,5,1,1,1,1
6,1,33,0.03648538142442703,0,0,3,4,1,3,1,3,1,1,1,1
6,1,34,0.003077141707763076,0,0,3,4,1,4,1,4,1,1,1,1
6,1,35,0.013457583263516426,0,0,3,4,1,5,1,5,1,1,1,1
6,1,39,0.022149093449115753,0,0,3,5,1,4,1,4,1,2,1,2
6,1,40,0.5102687478065491,0,0,3,5,1,5,1,5,1,2,1,2
6,1,41,0.05313057824969292,0,1,3,6,1,1,1,0,1,0,1,1
6,1,44,0.03752301633358002,0,1,3,6,1,4,1,0,1,0,1,1
6,1,46,0.2099231630563736,0,1,3,6,1,6,1,0,1,0,1,1
6,2,0,0.24739649891853333,0,0,3,1,2,0,1,0,1,2,1,4
6,2,3,0.014061866328120232,0,0,3,3,2,3,1,1,1,1,1,1
6,2,4,0.0013052939902991056,0,0,3,3,2,4,1,1,1,1,1,1
6,2,5,0.0012203219812363386,0,0,3,3,2,5,1,1,1,1,1,1
6,2,9,0.004563191439956427,0,0,3,3,2,3,1,2,1,1,1,1
6,2,11,0.0014426535926759243,0,0,3,3,2,5,1,2,1,1,1,1
6,2,12,0.0006312004989013076,0,0,3,3,2,6,1,2,1,1,1,1
6,2,14,0.0008727074018679559,0,0,3,3,2,2,1,3,1,1,1,1
6,2,16,0.0008444090490229428,0,0,3,3,2,4,1,3,1,1,1,1
6,2,17,0.0023945875000208616,0,0,3,3,2,5,1,3,1,1,1,1
6,2,20,0.0029370146803557873,0,0,3,3,2,2,1,4,1,1,1,1
6,2,21,0.002745020901784301,0,0,3,3,2,3,1,4,1,1,1,1
6,2,22,0.00028996492619626224,0,0,3,3,2,4,1,4,1,1,1,1
6,2,25,0.0016446508234366775,0,0,3,3,2,1,1,5,1,1,1,1
6,2,27,0.019250955432653427,0,0,3,3,2,3,1,5,1,1,1,1
6,2,30,0.009571950882673264,0,0,3,3,2,6,1,5,1,1,1,1
6,2,33,0.028051789849996567,0,0,3,4,2,3,1,3,1,1,1,1
6,2,34,0.0012329004239290953,0,0,3,4,2,4,1,4,1,1,1,1
6,2,35,0.01769137941300869,0,0,3,4,2,5,1,5,1,1,1,1
6,2,39,0.023308761417865753,0,0,3,5,2,4,1,4,1,2,1,2
6,2,40,0.5033661127090454,0,0,3,5,2,5,1,5,1,2,1,2
6,2,41,0.020501170307397842,0,1,3,6,2,1,1,0,1,0,1,1
6,2,44,0.041028644889593124,0,1,3,6,2,4,1,0,1,0,1,1
6,2,46,0.05364751070737839,0,1,3,6,2,6,1,0,1,0,1,1
6,6,0,0.6594358682632446,0,0,3,1,6,0,1,0,1,2,1,4
6,6,3,0.047400034964084625,0,0,3,3,6,3,1,1,1,1,1,1
6,6,4,0.006689786445349455,0,0,3,3,6,4,1,1,1,1,1,1
6,6,5,0.005407345946878195,0,0,3,3,6,5,1,1,1,1,1,1
6,6,9,0.003486261935904622,0,0,3,3,6,3,1,2,1,1,1,1
6,6,11,0.004020481836050749,0,0,3,3,6,5,1,2,1,1,1,1
6,6,12,0.0026620400603860617,0,0,3,3,6,6,1,2,1,1,1,1
6,6,14,0.0032991019543260336,0,0,3,3,6,2,1,3,1,1,1,1
6,6,16,0.0062394882552325726,0,0,3,3,6,4,1,3,1,1,1,1
6,6,17,0.005646477919071913,0,0,3,3,6,5,1,3,1,1,1,1
6,6,20,0.006894679274410009,0,0,3,3,6,2,1,4,1,1,1,1
6,6,21,0.008865238167345524,0,0,3,3,6,3,1,4,1,1,1,1
6,6,22,0.002165798330679536,0,0,3,3,6,4,1,4,1,1,1,1
6,6,25,0.004481238313019276,0,0,3,3,6,1,1,5,1,1,1,1
6,6,27,0.013703273609280586,0,0,3,3,6,3,1,5,1,1,1,1
6,6,30,0.008260902017354965,0,0,3,3,6,6,1,5,1,1,1,1
6,6,33,0.03178084269165993,0,0,3,4,6,3,1,3,1,1,1,1
6,6,34,0.0036999078001827,0,0,3,4,6,4,1,4,1,1,1,1
6,6,35,0.06798238307237625,0,0,3,4,6,5,1,5,1,1,1,1
6,6,39,0.01360949594527483,0,0,3,5,6,4,1,4,1,2,1,2
6,6,40,0.03175675868988037,0,0,3,5,6,5,1,5,1,2,1,2
6,6,41,0.005204241722822189,0,1,3,6,6,1,1,0,1,0,1,1
6,6,44,0.03500024974346161,0,1,3,6,6,4,1,0,1,0,1,1
6,6,46,0.02230813167989254,0,1,3,6,6,6,1,0,1,0,1,1
6,7,0,0.048054419457912445,0,0,3,1,1,0,2,0,1,2,1,4
6,7,3,0.00046410891809500754,0,0,3,3,1,3,2,1,1,1,1,1
6,7,4,6.684829259029357e-07,0,0,3,3,1,4,2,1,1,1,1,1
6,7,5,8.20292734715622e-06,0,0,3,3,1,5,2,1,1,1,1,1
6,7,9,1.3110059626342263e-05,0,0,3,3,1,3,2,2,1,1,1,1
6,7,11,5.53038762518554e-06,0,0,3,3,1,5,2,2,1,1,1,1
6,7,12,1.7043141724570887e-06,0,0,3,3,1,6,2,2,1,1,1,1
6,7,14,1.1935300108234514e-06,0,0,3,3,1,2,2,3,1,1,1,1
6,7,16,1.2267000784049742e-06,0,0,3,3,1,4,2,3,1,1,1,1
6,7,17,0.00011255176650593057,0,0,3,3,1,5,2,3,1,1,1,1
6,7,20,1.1566636203497183e-05,0,0,3,3,1,2,2,4,1,1,1,1
6,7,21,9.731045793159865e-06,0,0,3,3,1,3,2,4,1,1,1,1
6,7,22,1.7516687478291715e-07,0,0,3,3,1,4,2,4,1,1,1,1
6,7,25,8.210332453018054e-06,0,0,3,3,1,1,2,5,1,1,1,1
6,7,27,0.002575318329036236,0,0,3,3,1,3,2,5,1,1,1,1
6,7,30,0.0002860038657672703,0,0,3,3,1,6,2,5,1,1,1,1
6,7,33,0.004160640295594931,0,0,3,4,1,3,2,3,1,1,1,1
6,7,34,4.547234766505426e-06,0,0,3,4,1,4,2,4,1,1,1,1
6,7,35,0.005018896888941526,0,0,3,4,1,5,2,5,1,1,1,1
6,7,39,0.00016247316671069711,0,0,3,5,1,4,2,4,1,2,1,2
6,7,40,0.938636302947998,0,0,3,5,1,5,2,5,1,2,1,2
6,7,41,6.50509973638691e-05,0,1,3,6,1,1,2,0,1,0,1,1
6,7,44,2.5986328182625584e-05,0,1,3,6,1,4,2,0,1,0,1,1
6,7,46,0.00037195096956565976,0,1,3,6,1,6,2,0,1,0,1,1
6,8,0,6.353310163831338e-05,0,0,3,1,2,0,2,0,1,2,1,4
6,8,3,5.965097216176218e-07,0,0,3,3,2,3,2,1,1,1,1,1
6,8,4,9.60835633279089e-10,0,0,3,3,2,4,2,1,1,1,1,1
6,8,5,1.1755221684950357e-08,0,0,3,3,2,5,2,1,1,1,1,1
6,8,9,7.899260623389637e-08,0,0,3,3,2,3,2,2,1,1,1,1
6,8,11,9.134425660306533e-09,0,0,3,3,2,5,2,2,1,1,1,1
6,8,12,7.145244840245368e-09,0,0,3,3,2,6,2,2,1,1,1,1
6,8,14,9.036387749183916e-10,0,0,3,3,2,2,2,3,1,1,1,1
6,8,16,1.2175455088581089e-09,0,0,3,3,2,4,2,3,1,1,1,1
6,8,17,3.8227540244406555e-07,0,0,3,3,2,5,2,3,1,1,1,1
6,8,20,2.9104802123924856e-08,0,0,3,3,2,2,2,4,1,1,1,1
6,8,21,2.8230473958501534e-08,0,0,3,3,2,3,2,4,1,1,1,1
6,8,22,5.310580863948644e-10,0,0,3,3,2,4,2,4,1,1,1,1
6,8,25,5.336597297400658e-08,0,0,3,3,2,1,2,5,1,1,1,1
6,8,27,3.909565202775411e-05,0,0,3,3,2,3,2,5,1,1,1,1
6,8,30,1.2328920092841145e-05,0,0,3,3,2,6,2,5,1,1,1,1
6,8,33,3.091072358074598e-05,0,0,3,4,2,3,2,3,1,1,1,1
6,8,34,3.785183722015972e-08,0,0,3,4,2,4,2,4,1,1,1,1
6,8,35,3.1269963074009866e-05,0,0,3,4,2,5,2,5,1,1,1,1
6,8,39,5.324625362845836e-06,0,0,3,5,2,4,2,4,1,2,1,2
6,8,40,0.9998108148574829,0,0,3,5,2,5,2,5,1,2,1,2
6,8,41,9.610604365661857e-07,0,1,3,6,2,1,2,0,1,0,1,1
6,8,44,3.759413402804057e-08,0,1,3,6,2,4,2,0,1,0,1,1
6,8,46,4.792263098352123e-06,0,1,3,6,2,6,2,0,1,0,1,1
6,10,0,2.9546141377068125e-05,0,0,3,1,4,0,2,0,1,2,1,4
6,10,3,3.425931538458826e-07,0,0,3,3,4,3,2,1,1,1,1,1
6,10,4,7.466198492789289e-11,0,0,3,3,4,4,2,1,1,1,1,1
6,10,5,3.960555439164182e-09,0,0,3,3,4,5,2,1,1,1,1,1
6,10,9,8.67797140813309e-08,0,0,3,3,4,3,2,2,1,1,1,1
6,10,11,3.625035827070633e-09,0,0,3,3,4,5,2,2,1,1,1,1
6,10,12,9.408518408804412e-10,0,0,3,3,4,6,2,2,1,1,1,1
6,10,14,2.4607188509051525e-10,0,0,3,3,4,2,2,3,1,1,1,1
6,10,16,1.8116173838844674e-10,0,0,3,3,4,4,2,3,1,1,1,1
6,10,17,2.6969962618750287e-07,0,0,3,3,4,5,2,3,1,1,1,1
6,10,20,2.053256453748986e-09,0,0,3,3,4,2,2,4,1,1,1,1
6,10,21,4.9537813850975e-09,0,0,3,3,4,3,2,4,1,1,1,1
6,10,22,2.5625692540165446e-11,0,0,3,3,4,4,2,4,1,1,1,1
6,10,25,9.51100354029677e-09,0,0,3,3,4,1,2,5,1,1,1,1
6,10,27,4.289151183911599e-05,0,0,3,3,4,3,2,5,1,1,1,1
6,10,30,9.064836376637686e-06,0,0,3,3,4,6,2,5,1,1,1,1
6,10,33,9.14667543838732e-06,0,0,3,4,4,3,2,3,1,1,1,1
6,10,34,3.4070191112789416e-10,0,0,3,4,4,4,2,4,1,1,1,1
6,10,35,3.446472419454949e-06,0,0,3,4,4,5,2,5,1,1,1,1
6,10,39,1.7227561954769044e-07,0,0,3,5,4,4,2,4,1,2,1,2
6,10,40,0.9998972415924072,0,0,3,5,4,5,2,5,1,2,1,2
6,10,41,2.6258649086230434e-06,0,1,3,6,4,1,2,0,1,0,1,1
6,10,44,1.0195310551353032e-07,0,1,3,6,4,4,2,0,1,0,1,1
6,10,46,5.243810392130399e-06,0,1,3,6,4,6,2,0,1,0,1,1
6,13,0,0.012938193045556545,0,0,3,1,1,0,3,0,1,2,1,4
6,13,3,7.276815449586138e-05,0,0,3,3,1,3,3,1,1,1,1,1
6,13,4,6.333376950351521e-05,0,0,3,3,1,4,3,1,1,1,1,1
6,13,5,0.00012310758756939322,0,0,3,3,1,5,3,1,1,1,1,1
6,13,9,2.216646862507332e-05,0,0,3,3,1,3,3,2,1,1,1,1
6,13,11,7.291225483641028e-05,0,0,3,3,1,5,3,2,1,1,1,1
6,13,12,7.705370990152005e-06,0,0,3,3,1,6,3,2,1,1,1,1
6,13,14,0.0003862328885588795,0,0,3,3,1,2,3,3,1,1,1,1
6,13,16,0.00012292004248593003,0,0,3,3,1,4,3,3,1,1,1,1
6,13,17,0.0007909645210020244,0,0,3,3,1,5,3,3,1,1,1,1
6,13,20,0.0017867693677544594,0,0,3,3,1,2,3,4,1,1,1,1
6,13,21,0.00016343791503459215,0,0,3,3,1,3,3,4,1,1,1,1
6,13,22,0.00020548453903757036,0,0,3,3,1,4,3,4,1,1,1,1
6,13,25,0.00011825463298009709,0,0,3,3,1,1,3,5,1,1,1,1
6,13,27,0.00020887769642286003,0,0,3,3,1,3,3,5,1,1,1,1
6,13,30,7.880292105255648e-05,0,0,3,3,1,6,3,5,1,1,1,1
6,13,33,0.0010046608513221145,0,0,3,4,1,3,3,3,1,1,1,1
6,13,34,0.019561147317290306,0,0,3,4,1,4,3,4,1,1,1,1
6,13,35,0.0003726861614268273,0,0,3,4,1,5,3,5,1,1,1,1
6,13,39,0.004648216534405947,0,0,3,5,1,4,3,4,1,2,1,2
6,13,40,0.01625223457813263,0,0,3,5,1,5,3,5,1,2,1,2
6,13,41,0.34869885444641113,0,1,3,6,1,1,3,0,1,0,1,1
6,13,44,0.18503209948539734,0,1,3,6,1,4,3,0,1,0,1,1
6,13,46,0.4072679281234741,0,1,3,6,1,6,3,0,1,0,1,1
6,15,0,0.47773024439811707,0,0,3,1,3,0,3,0,1,2,1,4
6,15,3,0.0003813214716501534,0,0,3,3,3,3,3,1,1,1,1,1
6,15,4,3.2916024792939425e-05,0,0,3,3,3,4,3,1,1,1,1,1
6,15,5,0.0002734216977842152,0,0,3,3,3,5,3,1,1,1,1,1
6,15,9,0.00039154154364950955,0,0,3,3,3,3,3,2,1,1,1,1
6,15,11,0.00030663853976875544,0,0,3,3,3,5,3,2,1,1,1,1
6,15,12,1.4871974599373061e-05,0,0,3,3,3,6,3,2,1,1,1,1
6,15,14,0.00017306490917690098,0,0,3,3,3,2,3,3,1,1,1,1
6,15,16,8.410574810113758e-05,0,0,3,3,3,4,3,3,1,1,1,1
6,15,17,0.0010181368561461568,0,0,3,3,3,5,3,3,1,1,1,1
6,15,20,0.0003580969350878149,0,0,3,3,3,2,3,4,1,1,1,1
6,15,21,0.00028228844166733325,0,0,3,3,3,3,3,4,1,1,1,1
6,15,22,2.7486510589369573e-05,0,0,3,3,3,4,3,4,1,1,1,1
6,15,25,0.00015637889737263322,0,0,3,3,3,1,3,5,1,1,1,1
6,15,27,0.0006353469216264784,0,0,3,3,3,3,3,5,1,1,1,1
6,15,30,0.00025210637249983847,0,0,3,3,3,6,3,5,1,1,1,1
6,15,33,0.0008129672496579587,0,0,3,4,3,3,3,3,1,1,1,1
6,15,34,0.0006750079337507486,0,0,3,4,3,4,3,4,1,1,1,1
6,15,35,0.00091494683874771,0,0,3,4,3,5,3,5,1,1,1,1
6,15,39,0.0006286745774559677,0,0,3,5,3,4,3,4,1,2,1,2
6,15,40,0.023665307089686394,0,0,3,5,3,5,3,5,1,2,1,2
6,15,41,0.17022539675235748,0,1,3,6,3,1,3,0,1,0,1,1
6,15,44,0.1747138500213623,0,1,3,6,3,4,3,0,1,0,1,1
6,15,46,0.14624591171741486,0,1,3,6,3,6,3,0,1,0,1,1
6,18,0,0.1932552605867386,0,0,3,1,6,0,3,0,1,2,1,4
6,18,3,0.00011674931010929868,0,0,3,3,6,3,3,1,1,1,1,1
6,18,4,7.926521357148886e-05,0,0,3,3,6,4,3,1,1,1,1,1
6,18,5,0.0002117418625857681,0,0,3,3,6,5,3,1,1,1,1,1
6,18,9,0.00019622707623057067,0,0,3,3,6,3,3,2,1,1,1,1
6,18,11,0.00018044015450868756,0,0,3,3,6,5,3,2,1,1,1,1
6,18,12,8.408106623392086e-06,0,0,3,3,6,6,3,2,1,1,1,1
6,18,14,0.00017057261720765382,0,0,3,3,6,2,3,3,1,1,1,1
6,18,16,0.00015633381553925574,0,0,3,3,6,4,3,3,1,1,1,1
6,18,17,0.0003115156723652035,0,0,3,3,6,5,3,3,1,1,1,1
6,18,20,0.0002434683992760256,0,0,3,3,6,2,3,4,1,1,1,1
6,18,21,0.00020744728681165725,0,0,3,3,6,3,3,4,1,1,1,1
6,18,22,7.641663978574798e-05,0,0,3,3,6,4,3,4,1,1,1,1
6,18,25,0.000126224200357683,0,0,3,3,6,1,3,5,1,1,1,1
6,18,27,0.00019932971918024123,0,0,3,3,6,3,3,5,1,1,1,1
6,18,30,9.722805407363921e-05,0,0,3,3,6,6,3,5,1,1,1,1
6,18,33,0.0004917190526612103,0,0,3,4,6,3,3,3,1,1,1,1
6,18,34,0.001914595952257514,0,0,3,4,6,4,3,4,1,1,1,1
6,18,35,0.0006064970511943102,0,0,3,4,6,5,3,5,1,1,1,1
6,18,39,0.002391861518844962,0,0,3,5,6,4,3,4,1,2,1,2
6,18,40,0.01248318050056696,0,0,3,5,6,5,3,5,1,2,1,2
6,18,41,0.13668417930603027,0,1,3,6,6,1,3,0,1,0,1,1
6,18,44,0.527471661567688,0,1,3,6,6,4,3,0,1,0,1,1
6,18,46,0.12231853604316711,0,1,3,6,6,6,3,0,1,0,1,1
6,19,0,0.02169952355325222,0,0,3,1,1,0,4,0,1,2,1,4
6,19,3,0.0002499087422620505,0,0,3,3,1,3,4,1,1,1,1,1
6,19,4,3.84097256755922e-06,0,0,3,3,1,4,4,1,1,1,1,1
6,19,5,1.8488002751837485e-05,0,0,3,3,1,5,4,1,1,1,1,1
6,19,9,2.3888542273198254e-05,0,0,3,3,1,3,4,2,1,1,1,1
6,19,11,9.825404049479403e-06,0,0,3,3,1,5,4,2,1,1,1,1
6,19,12,1.1002678093063878e-06,0,0,3,3,1,6,4,2,1,1,1,1
6,19,14,1.978265936486423e-05,0,0,3,3,1,2,4,3,1,1,1,1
6,19,16,5.768190931121353e-06,0,0,3,3,1,4,4,3,1,1,1,1
6,19,17,0.00027753409813158214,0,0,3,3,1,5,4,3,1,1,1,1
6,19,20,0.0001250038476428017,0,0,3,3,1,2,4,4,1,1,1,1
6,19,21,4.199256727588363e-05,0,0,3,3,1,3,4,4,1,1,1,1
6,19,22,1.9354870346433017e-06,0,0,3,3,1,4,4,4,1,1,1,1
6,19,25,1.944776886375621e-05,0,0,3,3,1,1,4,5,1,1,1,1
6,19,27,0.0011464772978797555,0,0,3,3,1,3,4,5,1,1,1,1
6,19,30,0.00025006619398482144,0,0,3,3,1,6,4,5,1,1,1,1
6,19,33,0.0022937250323593616,0,0,3,4,1,3,4,3,1,1,1,1
6,19,34,9.576477896189317e-05,0,0,3,4,1,4,4,4,1,1,1,1
6,19,35,0.00044471901492215693,0,0,3,4,1,5,4,5,1,1,1,1
6,19,39,0.0013351294910535216,0,0,3,5,1,4,4,4,1,2,1,2
6,19,40,0.5953925251960754,0,0,3,5,1,5,4,5,1,2,1,2
6,19,41,0.09352292865514755,0,1,3,6,1,1,4,0,1,0,1,1
6,19,44,0.04785512015223503,0,1,3,6,1,4,4,0,1,0,1,1
6,19,46,0.2351653277873993,0,1,3,6,1,6,4,0,1,0,1,1
6,23,0,0.16892457008361816,0,0,3,1,5,0,4,0,1,2,1,4
6,23,3,0.00012289902952034026,0,0,3,3,5,3,4,1,1,1,1,1
6,23,4,9.680738003225997e-06,0,0,3,3,5,4,4,1,1,1,1,1
6,23,5,3.20770668622572e-05,0,0,3,3,5,5,4,1,1,1,1,1
6,23,9,6.839165143901482e-05,0,0,3,3,5,3,4,2,1,1,1,1
6,23,11,4.634973083739169e-05,0,0,3,3,5,5,4,2,1,1,1,1
6,23,12,1.7473705156589858e-05,0,0,3,3,5,6,4,2,1,1,1,1
6,23,14,1.0291634680470452e-05,0,0,3,3,5,2,4,3,1,1,1,1
6,23,16,2.527877404645551e-05,0,0,3,3,5,4,4,3,1,1,1,1
6,23,17,0.0004105025436729193,0,0,3,3,5,5,4,3,1,1,1,1
6,23,20,7.293759699678048e-05,0,0,3,3,5,2,4,4,1,1,1,1
6,23,21,9.4376337074209e-05,0,0,3,3,5,3,4,4,1,1,1,1
6,23,22,2.1004558220738545e-05,0,0,3,3,5,4,4,4,1,1,1,1
6,23,25,5.998038250254467e-05,0,0,3,3,5,1,4,5,1,1,1,1
6,23,27,0.000585458183195442,0,0,3,3,5,3,4,5,1,1,1,1
6,23,30,0.0006314595229923725,0,0,3,3,5,6,4,5,1,1,1,1
6,23,33,0.0007345213089138269,0,0,3,4,5,3,4,3,1,1,1,1
6,23,34,0.00031800888245925307,0,0,3,4,5,4,4,4,1,1,1,1
6,23,35,0.0008556040120311081,0,0,3,4,5,5,4,5,1,1,1,1
6,23,39,0.0018257915508002043,0,0,3,5,5,4,4,4,1,2,1,2
6,23,40,0.6352234482765198,0,0,3,5,5,5,4,5,1,2,1,2
6,23,41,0.056036144495010376,0,1,3,6,5,1,4,0,1,0,1,1
6,23,44,0.01537284068763256,0,1,3,6,5,4,4,0,1,0,1,1
6,23,46,0.11850138753652573,0,1,3,6,5,6,4,0,1,0,1,1
6,24,0,0.036268774420022964,0,0,3,1,6,0,4,0,1,2,1,4
6,24,3,0.0001217939643538557,0,0,3,3,6,3,4,1,1,1,1,1
6,24,4,5.5214454732777085e-06,0,0,3,3,6,4,4,1,1,1,1,1
6,24,5,1.8647297110874206e-05,0,0,3,3,6,5,4,1,1,1,1,1
6,24,9,6.275735358940437e-05,0,0,3,3,6,3,4,2,1,1,1,1
6,24,11,1.9936727767344564e-05,0,0,3,3,6,5,4,2,1,1,1,1
6,24,12,4.10200755140977e-06,0,0,3,3,6,6,4,2,1,1,1,1
6,24,14,5.056977443018695e-06,0,0,3,3,6,2,4,3,1,1,1,1
6,24,16,9.868524102785159e-06,0,0,3,3,6,4,4,3,1,1,1,1
6,24,17,0.00017466167628299445,0,0,3,3,6,5,4,3,1,1,1,1
6,24,20,2.2918589820619673e-05,0,0,3,3,6,2,4,4,1,1,1,1
6,24,21,3.9490234485128894e-05,0,0,3,3,6,3,4,4,1,1,1,1
6,24,22,3.129426659143064e-06,0,0,3,3,6,4,4,4,1,1,1,1
6,24,25,2.236091131635476e-05,0,0,3,3,6,1,4,5,1,1,1,1
6,24,27,0.0006622247747145593,0,0,3,3,6,3,4,5,1,1,1,1
6,24,30,0.00036693018046207726,0,0,3,3,6,6,4,5,1,1,1,1
6,24,33,0.0006197469774633646,0,0,3,4,6,3,4,3,1,1,1,1
6,24,34,4.204367724014446e-05,0,0,3,4,6,4,4,4,1,1,1,1
6,24,35,0.0004883421352133155,0,0,3,4,6,5,4,5,1,1,1,1
6,24,39,0.0015245022950693965,0,0,3,5,6,4,4,4,1,2,1,2
6,24,40,0.9009838700294495,0,0,3,5,6,5,4,5,1,2,1,2
6,24,41,0.01338978298008442,0,1,3,6,6,1,4,0,1,0,1,1
6,24,44,0.008989954367280006,0,1,3,6,6,4,4,0,1,0,1,1
6,24,46,0.03615385293960571,0,1,3,6,6,6,4,0,1,0,1,1
6,26,0,0.26497510075569153,0,0,3,1,2,0,5,0,1,2,1,4
6,26,3,0.00048013462219387293,0,0,3,3,2,3,5,1,1,1,1,1
6,26,4,7.668631042179186e-06,0,0,3,3,2,4,5,1,1,1,1,1
6,26,5,3.52651986759156e-05,0,0,3,3,2,5,5,1,1,1,1,1
6,26,9,0.00017562805442139506,0,0,3,3,2,3,5,2,1,1,1,1
6,26,11,3.59066943929065e-05,0,0,3,3,2,5,5,2,1,1,1,1
6,26,12,2.4422830392722972e-05,0,0,3,3,2,6,5,2,1,1,1,1
6,26,14,2.662066435732413e-06,0,0,3,3,2,2,5,3,1,1,1,1
6,26,16,1.0037756510428153e-05,0,0,3,3,2,4,5,3,1,1,1,1
6,26,17,0.0001704513415461406,0,0,3,3,2,5,5,3,1,1,1,1
6,26,20,2.1039570128777996e-05,0,0,3,3,2,2,5,4,1,1,1,1
6,26,21,9.147817036136985e-05,0,0,3,3,2,3,5,4,1,1,1,1
6,26,22,3.6117785384703893e-06,0,0,3,3,2,4,5,4,1,1,1,1
6,26,25,5.212690302869305e-05,0,0,3,3,2,1,5,5,1,1,1,1
6,26,27,0.0022828830406069756,0,0,3,3,2,3,5,5,1,1,1,1
6,26,30,0.001686149975284934,0,0,3,3,2,6,5,5,1,1,1,1
6,26,33,0.0026500667445361614,0,0,3,4,2,3,5,3,1,1,1,1
6,26,34,6.60482473904267e-05,0,0,3,4,2,4,5,4,1,1,1,1
6,26,35,0.011335687711834908,0,0,3,4,2,5,5,5,1,1,1,1
6,26,39,0.0006752476911060512,0,0,3,5,2,4,5,4,1,2,1,2
6,26,40,0.7145963311195374,0,0,3,5,2,5,5,5,1,2,1,2
6,26,41,9.149098332272843e-05,0,1,3,6,2,1,5,0,1,0,1,1
6,26,44,5.1855811761925e-05,0,1,3,6,2,4,5,0,1,0,1,1
6,26,46,0.00047884139348752797,0,1,3,6,2,6,5,0,1,0,1,1
6,28,0,0.8117915391921997,0,0,3,1,4,0,5,0,1,2,1,4
6,28,3,0.0027167510706931353,0,0,3,3,4,3,5,1,1,1,1,1
6,28,4,0.0006432150257751346,0,0,3,3,4,4,5,1,1,1,1,1
6,28,5,0.0011448616860434413,0,0,3,3,4,5,5,1,1,1,1,1
6,28,9,0.0021632120478898287,0,0,3,3,4,3,5,2,1,1,1,1
6,28,11,0.002654227428138256,0,0,3,3,4,5,5,2,1,1,1,1
6,28,12,0.0031852051615715027,0,0,3,3,4,6,5,2,1,1,1,1
6,28,14,0.00029076586361043155,0,0,3,3,4,2,5,3,1,1,1,1
6,28,16,0.001470909919589758,0,0,3,3,4,4,5,3,1,1,1,1
6,28,17,0.004297819919884205,0,0,3,3,4,5,5,3,1,1,1,1
6,28,20,0.001557871582917869,0,0,3,3,4,2,5,4,1,1,1,1
6,28,21,0.0026414375752210617,0,0,3,3,4,3,5,4,1,1,1,1
6,28,22,0.0020263923797756433,0,0,3,3,4,4,5,4,1,1,1,1
6,28,25,0.0019445156212896109,0,0,3,3,4,1,5,5,1,1,1,1
6,28,27,0.005158957559615374,0,0,3,3,4,3,5,5,1,1,1,1
6,28,30,0.008936169557273388,0,0,3,3,4,6,5,5,1,1,1,1
6,28,33,0.007127965800464153,0,0,3,4,4,3,5,3,1,1,1,1
6,28,34,0.005696481093764305,0,0,3,4,4,4,5,4,1,1,1,1
6,28,35,0.0179461520165205,0,0,3,4,4,5,5,5,1,1,1,1
6,28,39,0.004675896838307381,0,0,3,5,4,4,5,4,1,2,1,2
6,28,40,0.08762668818235397,0,0,3,5,4,5,5,5,1,2,1,2
6,28,41,0.00919124111533165,0,1,3,6,4,1,5,0,1,0,1,1
6,28,44,0.002460701856762171,0,1,3,6,4,4,5,0,1,0,1,1
6,28,46,0.012651688419282436,0,1,3,6,4,6,5,0,1,0,1,1
6,29,0,0.9411924481391907,0,0,3,1,5,0,5,0,1,2,1,4
6,29,3,0.0001858238538261503,0,0,3,3,5,3,5,1,1,1,1,1
6,29,4,2.6607626750774216e-06,0,0,3,3,5,4,5,1,1,1,1,1
6,29,5,1.1720342627086211e-05,0,0,3,3,5,5,5,1,1,1,1,1
6,29,9,2.3177639377536252e-05,0,0,3,3,5,3,5,2,1,1,1,1
6,29,11,2.138923082384281e-05,0,0,3,3,5,5,5,2,1,1,1,1
6,29,12,5.4613860811514314e-06,0,0,3,3,5,6,5,2,1,1,1,1
6,29,14,1.368999846818042e-06,0,0,3,3,5,2,5,3,1,1,1,1
6,29,16,9.97695497062523e-06,0,0,3,3,5,4,5,3,1,1,1,1
6,29,17,6.676057091681287e-05,0,0,3,3,5,5,5,3,1,1,1,1
6,29,20,1.6136420526891015e-05,0,0,3,3,5,2,5,4,1,1,1,1
6,29,21,3.315616413601674e-05,0,0,3,3,5,3,5,4,1,1,1,1
6,29,22,3.1445708827959606e-06,0,0,3,3,5,4,5,4,1,1,1,1
6,29,25,1.7713167835609056e-05,0,0,3,3,5,1,5,5,1,1,1,1
6,29,27,0.00029406099929474294,0,0,3,3,5,3,5,5,1,1,1,1
6,29,30,0.0002807637501973659,0,0,3,3,5,6,5,5,1,1,1,1
6,29,33,0.0004351961542852223,0,0,3,4,5,3,5,3,1,1,1,1
6,29,34,2.958448931167368e-05,0,0,3,4,5,4,5,4,1,1,1,1
6,29,35,0.0032992770429700613,0,0,3,4,5,5,5,5,1,1,1,1
6,29,39,0.00013625025167129934,0,0,3,5,5,4,5,4,1,2,1,2
6,29,40,0.05115972459316254,0,0,3,5,5,5,5,5,1,2,1,2
6,29,41,0.0003403745358809829,0,1,3,6,5,1,5,0,1,0,1,1
6,29,44,0.0007387875230051577,0,1,3,6,5,4,5,0,1,0,1,1
6,29,46,0.0016947207041084766,0,1,3,6,5,6,5,0,1,0,1,1
6,31,0,0.07211326062679291,0,0,4,1,1,0,1,0,1,2,1,4
6,31,3,0.03193017095327377,0,0,4,3,1,3,1,1,1,1,1,1
6,31,4,0.004727988503873348,0,0,4,3,1,4,1,1,1,1,1,1
6,31,5,0.0035517162177711725,0,0,4,3,1,5,1,1,1,1,1,1
6,31,9,0.002242559567093849,0,0,4,3,1,3,1,2,1,1,1,1
6,31,11,0.0032857228070497513,0,0,4,3,1,5,1,2,1,1,1,1
6,31,12,0.0038610766641795635,0,0,4,3,1,6,1,2,1,1,1,1
6,31,14,0.006120382342487574,0,0,4,3,1,2,1,3,1,1,1,1
6,31,16,0.007234472315758467,0,0,4,3,1,4,1,3,1,1,1,1
6,31,17,0.014322248287498951,0,0,4,3,1,5,1,3,1,1,1,1
6,31,20,0.021446360275149345,0,0,4,3,1,2,1,4,1,1,1,1
6,31,21,0.0069315326400101185,0,0,4,3,1,3,1,4,1,1,1,1
6,31,22,0.009185699746012688,0,0,4,3,1,4,1,4,1,1,1,1
6,31,25,0.006877215579152107,0,0,4,3,1,1,1,5,1,1,1,1
6,31,27,0.05733511224389076,0,0,4,3,1,3,1,5,1,1,1,1
6,31,30,0.04416579753160477,0,0,4,3,1,6,1,5,1,1,1,1
6,31,33,0.1189020425081253,0,0,4,4,1,3,1,3,1,1,1,1
6,31,34,0.0088206110522151,0,0,4,4,1,4,1,4,1,1,1,1
6,31,35,0.041541192680597305,0,0,4,4,1,5,1,5,1,1,1,1
6,31,39,0.018917718902230263,0,0,4,5,1,4,1,4,1,2,1,2
6,31,40,0.23126408457756042,0,0,4,5,1,5,1,5,1,2,1,2
6,31,41,0.07649052888154984,0,1,4,6,1,1,1,0,1,0,1,1
6,31,44,0.07590393722057343,0,1,4,6,1,4,1,0,1,0,1,1
6,31,46,0.13282863795757294,0,1,4,6,1,6,1,0,1,0,1,1
6,32,0,0.008849774487316608,0,0,4,1,2,0,2,0,1,2,1,4
6,32,3,0.0002888069429900497,0,0,4,3,2,3,2,1,1,1,1,1
6,32,4,9.658810995460954e-06,0,0,4,3,2,4,2,1,1,1,1,1
6,32,5,6.448628118960187e-05,0,0,4,3,2,5,2,1,1,1,1,1
6,32,9,9.522195614408702e-05,0,0,4,3,2,3,2,2,1,1,1,1
6,32,11,7.310749060707167e-05,0,0,4,3,2,5,2,2,1,1,1,1
6,32,12,6.355826917570084e-05,0,0,4,3,2,6,2,2,1,1,1,1
6,32,14,2.691831650736276e-05,0,0,4,3,2,2,2,3,1,1,1,1
6,32,16,1.660059206187725e-05,0,0,4,3,2,4,2,3,1,1,1,1
6,32,17,0.0006834944942966104,0,0,4,3,2,5,2,3,1,1,1,1
6,32,20,0.00020620970462914556,0,0,4,3,2,2,2,4,1,1,1,1
6,32,21,7.550407462986186e-05,0,0,4,3,2,3,2,4,1,1,1,1
6,32,22,1.7687194485915825e-05,0,0,4,3,2,4,2,4,1,1,1,1
6,32,25,0.00021737039787694812,0,0,4,3,2,1,2,5,1,1,1,1
6,32,27,0.003258298384025693,0,0,4,3,2,3,2,5,1,1,1,1
6,32,30,0.0018399538239464164,0,0,4,3,2,6,2,5,1,1,1,1
6,32,33,0.0028145986143499613,0,0,4,4,2,3,2,3,1,1,1,1
6,32,34,0.0003052158572245389,0,0,4,4,2,4,2,4,1,1,1,1
6,32,35,0.004717136733233929,0,0,4,4,2,5,2,5,1,1,1,1
6,32,39,0.0008116335375234485,0,0,4,5,2,4,2,4,1,2,1,2
6,32,40,0.9708350300788879,0,0,4,5,2,5,2,5,1,2,1,2
6,32,41,0.0015705216210335493,0,1,4,6,2,1,2,0,1,0,1,1
6,32,44,0.0001493761083111167,0,1,4,6,2,4,2,0,1,0,1,1
6,32,46,0.003009943524375558,0,1,4,6,2,6,2,0,1,0,1,1
6,36,0,0.00011858651123475283,0,0,5,1,1,0,1,0,2,2,2,4
6,36,3,3.3136904676212e-05,0,0,5,3,1,3,1,1,2,1,2,1
6,36,4,3.462373933871277e-05,0,0,5,3,1,4,1,1,2,1,2,1
6,36,5,0.00025423651095479727,0,0,5,3,1,5,1,1,2,1,2,1
6,36,9,5.26627482031472e-05,0,0,5,3,1,3,1,2,2,1,2,1
6,36,11,2.853317346307449e-05,0,0,5,3,1,5,1,2,2,1,2,1
6,36,12,2.239646903490211e-07,0,0,5,3,1,6,1,2,2,1,2,1
6,36,14,0.005947588011622429,0,0,5,3,1,2,1,3,2,1,2,1
6,36,16,3.078097142861225e-05,0,0,5,3,1,4,1,3,2,1,2,1
6,36,17,8.080116094788536e-05,0,0,5,3,1,5,1,3,2,1,2,1
6,36,20,0.0008623297908343375,0,0,5,3,1,2,1,4,2,1,2,1
6,36,21,6.933003169251606e-05,0,0,5,3,1,3,1,4,2,1,2,1
6,36,22,2.6940537281916477e-05,0,0,5,3,1,4,1,4,2,1,2,1
6,36,25,4.8343747039325535e-05,0,0,5,3,1,1,1,5,2,1,2,1
6,36,27,8.395802433369681e-05,0,0,5,3,1,3,1,5,2,1,2,1
6,36,30,5.076884917798452e-06,0,0,5,3,1,6,1,5,2,1,2,1
6,36,33,0.00026671384694054723,0,0,5,4,1,3,1,3,2,1,2,1
6,36,34,0.0006720034871250391,0,0,5,4,1,4,1,4,2,1,2,1
6,36,35,1.6978674466372468e-05,0,0,5,4,1,5,1,5,2,1,2,1
6,36,39,9.458693057240453e-06,0,0,5,5,1,4,1,4,2,2,2,2
6,36,40,2.60806245933054e-06,0,0,5,5,1,5,1,5,2,2,2,2
6,36,41,0.11530435085296631,0,1,5,6,1,1,1,0,2,0,2,1
6,36,44,0.8591732978820801,0,1,5,6,1,4,1,0,2,0,2,1
6,36,46,0.016877731308341026,0,1,5,6,1,6,1,0,2,0,2,1
6,37,0,0.002484695753082633,0,0,5,1,2,0,2,0,2,2,2,4
6,37,3,2.191919156757649e-05,0,0,5,3,2,3,2,1,2,1,2,1
6,37,4,3.859200205624802e-06,0,0,5,3,2,4,2,1,2,1,2,1
6,37,5,0.00017716633738018572,0,0,5,3,2,5,2,1,2,1,2,1
6,37,9,0.00013067375402897596,0,0,5,3,2,3,2,2,2,1,2,1
6,37,11,3.762127744266763e-05,0,0,5,3,2,5,2,2,2,1,2,1
6,37,12,2.6019839083346596e-07,0,0,5,3,2,6,2,2,2,1,2,1
6,37,14,0.0008033097255975008,0,0,5,3,2,2,2,3,2,1,2,1
6,37,16,5.5126020015450194e-06,0,0,5,3,2,4,2,3,2,1,2,1
6,37,17,0.00022402629838325083,0,0,5,3,2,5,2,3,2,1,2,1
6,37,20,0.00020663143368437886,0,0,5,3,2,2,2,4,2,1,2,1
6,37,21,2.727041646721773e-05,0,0,5,3,2,3,2,4,2,1,2,1
6,37,22,3.331957032060018e-06,0,0,5,3,2,4,2,4,2,1,2,1
6,37,25,6.67675121803768e-05,0,0,5,3,2,1,2,5,2,1,2,1
6,37,27,0.00044032500591129065,0,0,5,3,2,3,2,5,2,1,2,1
6,37,30,2.0364386728033423e-05,0,0,5,3,2,6,2,5,2,1,2,1
6,37,33,0.0006095743738114834,0,0,5,4,2,3,2,3,2,1,2,1
6,37,34,0.00034981523640453815,0,0,5,4,2,4,2,4,2,1,2,1
6,37,35,8.825222903396934e-05,0,0,5,4,2,5,2,5,2,1,2,1
6,37,39,3.5437427868600935e-05,0,0,5,5,2,4,2,4,2,2,2,2
6,37,40,0.002876227954402566,0,0,5,5,2,5,2,5,2,2,2,2
6,37,41,0.5613387227058411,0,1,5,6,2,1,2,0,2,0,2,1
6,37,44,0.3695633113384247,0,1,5,6,2,4,2,0,2,0,2,1
6,37,46,0.060484878718853,0,1,5,6,2,6,2,0,2,0,2,1
6,38,0,1.6921731003094465e-05,0,0,5,1,3,0,3,0,2,2,2,4
6,38,3,3.3510306707285054e-07,0,0,5,3,3,3,3,1,2,1,2,1
6,38,4,3.0394315331250255e-07,0,0,5,3,3,4,3,1,2,1,2,1
6,38,5,1.023840559355449e-05,0,0,5,3,3,5,3,1,2,1,2,1
6,38,9,1.0499574045752524e-06,0,0,5,3,3,3,3,2,2,1,2,1
6,38,11,5.626482106890762e-07,0,0,5,3,3,5,3,2,2,1,2,1
6,38,12,4.1424830232728027e-10,0,0,5,3,3,6,3,2,2,1,2,1
6,38,14,0.00017348641995340586,0,0,5,3,3,2,3,3,2,1,2,1
6,38,16,4.5729302655672655e-07,0,0,5,3,3,4,3,3,2,1,2,1
6,38,17,2.306351234437898e-06,0,0,5,3,3,5,3,3,2,1,2,1
6,38,20,1.3158307410776615e-05,0,0,5,3,3,2,3,4,2,1,2,1
6,38,21,1.2743959132421878e-06,0,0,5,3,3,3,3,4,2,1,2,1
6,38,22,2.912320553605241e-07,0,0,5,3,3,4,3,4,2,1,2,1
6,38,25,9.596557219992974e-07,0,0,5,3,3,1,3,5,2,1,2,1
6,38,27,9.59336148298462e-07,0,0,5,3,3,3,3,5,2,1,2,1
6,38,30,6.027593713042734e-08,0,0,5,3,3,6,3,5,2,1,2,1
6,38,33,2.328506297999411e-06,0,0,5,4,3,3,3,3,2,1,2,1
6,38,34,1.3867773304809816e-05,0,0,5,4,3,4,3,4,2,1,2,1
6,38,35,1.9016751195977122e-07,0,0,5,4,3,5,3,5,2,1,2,1
6,38,39,5.159398241971758e-08,0,0,5,5,3,4,3,4,2,2,2,2
6,38,40,3.2013883100034946e-08,0,0,5,5,3,5,3,5,2,2,2,2
6,38,41,0.08042418956756592,0,1,5,6,3,1,3,0,2,0,2,1
6,38,44,0.9157676100730896,0,1,5,6,3,4,3,0,2,0,2,1
6,38,46,0.0035692956298589706,0,1,5,6,3,6,3,0,2,0,2,1
6,42,0,0.0014806505059823394,1,0,6,1,2,0,0,0,0,2,1,4
6,42,3,0.009769240394234657,1,0,6,3,2,3,0,1,0,1,1,1
6,42,4,0.0003657619236037135,1,0,6,3,2,4,0,1,0,1,1,1
6,42,5,0.0008164280443452299,1,0,6,3,2,5,0,1,0,1,1,1
6,42,9,0.0017125708982348442,1,0,6,3,2,3,0,2,0,1,1,1
6,42,11,0.0002440673706587404,1,0,6,3,2,5,0,2,0,1,1,1
6,42,12,0.0001416251325281337,1,0,6,3,2,6,0,2,0,1,1,1
6,42,14,0.00024991942336782813,1,0,6,3,2,2,0,3,0,1,1,1
6,42,16,0.0002436617942294106,1,0,6,3,2,4,0,3,0,1,1,1
6,42,17,0.0015338179655373096,1,0,6,3,2,5,0,3,0,1,1,1
6,42,20,0.0002527246542740613,1,0,6,3,2,2,0,4,0,1,1,1
6,42,21,0.0006592494319193065,1,0,6,3,2,3,0,4,0,1,1,1
6,42,22,3.9985276089282706e-05,1,0,6,3,2,4,0,4,0,1,1,1
6,42,25,0.000392898014979437,1,0,6,3,2,1,0,5,0,1,1,1
6,42,27,0.04567928612232208,1,0,6,3,2,3,0,5,0,1,1,1
6,42,30,0.006965600419789553,1,0,6,3,2,6,0,5,0,1,1,1
6,42,33,0.04560920223593712,1,0,6,4,2,3,0,3,0,1,1,1
6,42,34,8.679897291585803e-05,1,0,6,4,2,4,0,4,0,1,1,1
6,42,35,0.016735700890421867,1,0,6,4,2,5,0,5,0,1,1,1
6,42,39,0.009822501800954342,1,0,6,5,2,4,0,4,0,2,1,2
6,42,40,0.85557621717453,1,0,6,5,2,5,0,5,0,2,1,2
6,42,41,0.0002266511437483132,1,1,6,6,2,1,0,0,0,0,1,1
6,42,44,0.0005666599608957767,1,1,6,6,2,4,0,0,0,0,1,1
6,42,46,0.0008287921082228422,1,1,6,6,2,6,0,0,0,0,1,1
6,43,0,0.0027309118304401636,1,0,6,1,3,0,0,0,0,2,1,4
6,43,3,0.0006411696085706353,1,0,6,3,3,3,0,1,0,1,1,1
6,43,4,3.0455477826762944e-05,1,0,6,3,3,4,0,1,0,1,1,1
6,43,5,0.00041442541987635195,1,0,6,3,3,5,0,1,0,1,1,1
6,43,9,0.0005224745837040246,1,0,6,3,3,3,0,2,0,1,1,1
6,43,11,7.73568608565256e-05,1,0,6,3,3,5,0,2,0,1,1,1
6,43,12,6.740219305356732e-06,1,0,6,3,3,6,0,2,0,1,1,1
6,43,14,0.0001592758926562965,1,0,6,3,3,2,0,3,0,1,1,1
6,43,16,1.9357381461304612e-05,1,0,6,3,3,4,0,3,0,1,1,1
6,43,17,0.0006324014393612742,1,0,6,3,3,5,0,3,0,1,1,1
6,43,20,9.747371223056689e-05,1,0,6,3,3,2,0,4,0,1,1,1
6,43,21,8.868179429555312e-05,1,0,6,3,3,3,0,4,0,1,1,1
6,43,22,3.917537469533272e-06,1,0,6,3,3,4,0,4,0,1,1,1
6,43,25,0.0001490776485297829,1,0,6,3,3,1,0,5,0,1,1,1
6,43,27,0.012577052228152752,1,0,6,3,3,3,0,5,0,1,1,1
6,43,30,0.0004439541371539235,1,0,6,3,3,6,0,5,0,1,1,1
6,43,33,0.013681843876838684,1,0,6,4,3,3,0,3,0,1,1,1
6,43,34,6.889572978252545e-05,1,0,6,4,3,4,0,4,0,1,1,1
6,43,35,0.004563585389405489,1,0,6,4,3,5,0,5,0,1,1,1
6,43,39,0.002139608608558774,1,0,6,5,3,4,0,4,0,2,1,2
6,43,40,0.9563190937042236,1,0,6,5,3,5,0,5,0,2,1,2
6,43,41,0.0016628270968794823,1,1,6,6,3,1,0,0,0,0,1,1
6,43,44,0.0013508356641978025,1,1,6,6,3,4,0,0,0,0,1,1
6,43,46,0.0016182875260710716,1,1,6,6,3,6,0,0,0,0,1,1
6,45,0,0.0009506848291493952,1,0,6,1,5,0,0,0,0,2,1,4
6,45,3,6.272396421991289e-05,1,0,6,3,5,3,0,1,0,1,1,1
6,45,4,8.632421668153256e-06,1,0,6,3,5,4,0,1,0,1,1,1
6,45,5,1.6787131244200282e-05,1,0,6,3,5,5,0,1,0,1,1,1
6,45,9,1.9268778487457894e-05,1,0,6,3,5,3,0,2,0,1,1,1
6,45,11,8.356048965652008e-06,1,0,6,3,5,5,0,2,0,1,1,1
6,45,12,6.1893028941995e-06,1,0,6,3,5,6,0,2,0,1,1,1
6,45,14,3.571088427634095e-06,1,0,6,3,5,2,0,3,0,1,1,1
6,45,16,1.1000363883795217e-05,1,0,6,3,5,4,0,3,0,1,1,1
6,45,17,0.00012328381126280874,1,0,6,3,5,5,0,3,0,1,1,1
6,45,20,1.0835323337232694e-05,1,0,6,3,5,2,0,4,0,1,1,1
6,45,21,2.119048440363258e-05,1,0,6,3,5,3,0,4,0,1,1,1
6,45,22,5.2855480134894606e-06,1,0,6,3,5,4,0,4,0,1,1,1
6,45,25,1.5059181350807194e-05,1,0,6,3,5,1,0,5,0,1,1,1
6,45,27,0.0006624549278058112,1,0,6,3,5,3,0,5,0,1,1,1
6,45,30,0.0001886149839265272,1,0,6,3,5,6,0,5,0,1,1,1
6,45,33,0.0009840182028710842,1,0,6,4,5,3,0,3,0,1,1,1
6,45,34,5.2975970902480185e-05,1,0,6,4,5,4,0,4,0,1,1,1
6,45,35,0.0006780552212148905,1,0,6,4,5,5,0,5,0,1,1,1
6,45,39,0.004159961361438036,1,0,6,5,5,4,0,4,0,2,1,2
6,45,40,0.9899437427520752,1,0,6,5,5,5,0,5,0,2,1,2
6,45,41,0.00033663708018139005,1,1,6,6,5,1,0,0,0,0,1,1
6,45,44,0.0001928476704051718,1,1,6,6,5,4,0,0,0,0,1,1
6,45,46,0.001537804608233273,1,1,6,6,5,6,0,0,0,0,1,1
6,47,0,0.0006560093606822193,2,0,7,1,0,0,0,0,0,2,4,4
6,47,3,0.07161103188991547,2,0,7,3,0,3,0,1,0,1,4,1
6,47,4,0.00021722416568081826,2,0,7,3,0,4,0,1,0,1,4,1
6,47,5,0.003930871840566397,2,0,7,3,0,5,0,1,0,1,4,1
6,47,9,0.0038771266117691994,2,0,7,3,0,3,0,2,0,1,4,1
6,47,11,0.00020248841610737145,2,0,7,3,0,5,0,2,0,1,4,1
6,47,12,3.214032403775491e-05,2,0,7,3,0,6,0,2,0,1,4,1
6,47,14,0.002315588528290391,2,0,7,3,0,2,0,3,0,1,4,1
6,47,16,0.00012050749501213431,2,0,7,3,0,4,0,3,0,1,4,1
6,47,17,0.00277916737832129,2,0,7,3,0,5,0,3,0,1,4,1
6,47,20,0.0028056318406015635,2,0,7,3,0,2,0,4,0,1,4,1
6,47,21,0.003559561213478446,2,0,7,3,0,3,0,4,0,1,4,1
6,47,22,1.7990150809055194e-05,2,0,7,3,0,4,0,4,0,1,4,1
6,47,25,0.0011116481618955731,2,0,7,3,0,1,0,5,0,1,4,1
6,47,27,0.2867189347743988,2,0,7,3,0,3,0,5,0,1,4,1
6,47,30,0.02191215381026268,2,0,7,3,0,6,0,5,0,1,4,1
6,47,33,0.3829454183578491,2,0,7,4,0,3,0,3,0,1,4,1
6,47,34,0.000711760891135782,2,0,7,4,0,4,0,4,0,1,4,1
6,47,35,0.18884320557117462,2,0,7,4,0,5,0,5,0,1,4,1
6,47,39,0.000618678517639637,2,0,7,5,0,4,0,4,0,2,4,2
6,47,40,0.024719947949051857,2,0,7,5,0,5,0,5,0,2,4,2
6,47,41,3.4216911444673315e-05,2,1,7,6,0,1,0,0,0,0,4,1
6,47,44,0.00011667347280308604,2,1,7,6,0,4,0,0,0,0,4,1
6,47,46,0.00014218554133549333,2,1,7,6,0,6,0,0,0,0,4,1
7,0,1,0.003684850176796317,0,0,1,3,0,1,0,1,2,1,4,1
7,0,2,0.007129577454179525,0,0,1,3,0,2,0,1,2,1,4,1
7,0,6,0.0007687035831622779,0,0,1,3,0,6,0,1,2,1,4,1
7,0,7,0.0024150796234607697,0,0,1,3,0,1,0,2,2,1,4,1
7,0,8,0.008189615793526173,0,0,1,3,0,2,0,2,2,1,4,1
7,0,10,0.4771516025066376,0,0,1,3,0,4,0,2,2,1,4,1
7,0,13,0.000288705516140908,0,0,1,3,0,1,0,3,2,1,4,1
7,0,15,0.0016028089448809624,0,0,1,3,0,3,0,3,2,1,4,1
7,0,18,0.001156345009803772,0,0,1,3,0,6,0,3,2,1,4,1
7,0,19,0.000281270855339244,0,0,1,3,0,1,0,4,2,1,4,1
7,0,23,0.00010056637256639078,0,0,1,3,0,5,0,4,2,1,4,1
7,0,24,0.0001322622410953045,0,0,1,3,0,6,0,4,2,1,4,1
7,0,26,0.0009784037247300148,0,0,1,3,0,2,0,5,2,1,4,1
7,0,28,0.0026880023069679737,0,0,1,3,0,4,0,5,2,1,4,1
7,0,29,0.000136578077217564,0,0,1,3,0,5,0,5,2,1,4,1
7,0,31,0.008120296522974968,0,0,1,4,0,1,0,1,2,1,4,1
7,0,32,0.44603240489959717,0,0,1,4,0,2,0,2,2,1,4,1
7,0,36,0.0024280764628201723,0,0,1,5,0,1,0,1,2,2,4,2
7,0,37,0.02742490917444229,0,0,1,5,0,2,0,2,2,2,4,2
7,0,38,0.003703297581523657,0,0,1,5,0,3,0,3,2,2,4,2
7,0,42,0.000684402184560895,0,1,1,6,0,2,0,0,2,0,4,1
7,0,43,0.003109427634626627,0,1,1,6,0,3,0,0,2,0,4,1
7,0,45,0.001784806838259101,0,1,1,6,0,5,0,0,2,0,4,1
7,0,47,8.295050065498799e-06,0,2,1,7,0,0,0,0,2,0,4,4
7,3,1,0.002475524554029107,0,0,3,3,3,1,1,1,1,1,1,1
7,3,2,0.0005467255250550807,0,0,3,3,3,2,1,1,1,1,1,1
7,3,6,0.0023077004589140415,0,0,3,3,3,6,1,1,1,1,1,1
7,3,7,0.00741246622055769,0,0,3,3,3,1,1,2,1,1,1,1
7,3,8,0.0002027495502261445,0,0,3,3,3,2,1,2,1,1,1,1
7,3,10,0.00023868023708928376,0,0,3,3,3,4,1,2,1,1,1,1
7,3,13,0.08274808526039124,0,0,3,3,3,1,1,3,1,1,1,1
7,3,15,0.004329783376306295,0,0,3,3,3,3,1,3,1,1,1,1
7,3,18,0.008218701928853989,0,0,3,3,3,6,1,3,1,1,1,1
7,3,19,0.012726714834570885,0,0,3,3,3,1,1,4,1,1,1,1
7,3,23,0.007126257289201021,0,0,3,3,3,5,1,4,1,1,1,1
7,3,24,0.0007611889159306884,0,0,3,3,3,6,1,4,1,1,1,1
7,3,26,0.0022347650956362486,0,0,3,3,3,2,1,5,1,1,1,1
7,3,28,0.00445356871932745,0,0,3,3,3,4,1,5,1,1,1,1
7,3,29,0.013638838194310665,0,0,3,3,3,5,1,5,1,1,1,1
7,3,31,0.0007960975053720176,0,0,3,4,3,1,1,1,1,1,1,1
7,3,32,3.3134508612420177e-06,0,0,3,4,3,2,1,2,1,1,1,1
7,3,36,0.000921716564334929,0,0,3,5,3,1,1,1,1,2,1,2
7,3,37,1.9048758986173198e-05,0,0,3,5,3,2,1,2,1,2,1,2
7,3,38,0.00026319475728087127,0,0,3,5,3,3,1,3,1,2,1,2
7,3,42,0.03252093121409416,0,1,3,6,3,2,1,0,1,0,1,1
7,3,43,0.10299398750066757,0,1,3,6,3,3,1,0,1,0,1,1
7,3,45,0.03640532121062279,0,1,3,6,3,5,1,0,1,0,1,1
7,3,47,0.6766552925109863,0,2,3,7,3,0,1,0,1,0,1,4
7,4,1,0.0046714674681425095,0,0,3,3,4,1,1,1,1,1,1,1
7,4,2,0.0032576241064816713,0,0,3,3,4,2,1,1,1,1,1,1
7,4,6,0.013336364179849625,0,0,3,3,4,6,1,1,1,1,1,1
7,4,7,0.02451007254421711,0,0,3,3,4,1,1,2,1,1,1,1
7,4,8,0.002208015415817499,0,0,3,3,4,2,1,2,1,1,1,1
7,4,10,0.002513657324016094,0,0,3,3,4,4,1,2,1,1,1,1
7,4,13,0.02276732213795185,0,0,3,3,4,1,1,3,1,1,1,1
7,4,15,0.004960373975336552,0,0,3,3,4,3,1,3,1,1,1,1
7,4,18,0.01933242939412594,0,0,3,3,4,6,1,3,1,1,1,1
7,4,19,0.010619371198117733,0,0,3,3,4,1,1,4,1,1,1,1
7,4,23,0.0029015829786658287,0,0,3,3,4,5,1,4,1,1,1,1
7,4,24,0.007665145210921764,0,0,3,3,4,6,1,4,1,1,1,1
7,4,26,0.014645040966570377,0,0,3,3,4,2,1,5,1,1,1,1
7,4,28,0.01886861026287079,0,0,3,3,4,4,1,5,1,1,1,1
7,4,29,0.016451340168714523,0,0,3,3,4,5,1,5,1,1,1,1
7,4,31,0.0011289698304608464,0,0,3,4,4,1,1,1,1,1,1,1
7,4,32,0.0002711853594519198,0,0,3,4,4,2,1,2,1,1,1,1
7,4,36,0.00044443015940487385,0,0,3,5,4,1,1,1,1,2,1,2
7,4,37,0.0002906066074501723,0,0,3,5,4,2,1,2,1,2,1,2
7,4,38,0.0003890805528499186,0,0,3,5,4,3,1,3,1,2,1,2
7,4,42,0.09950575977563858,0,1,3,6,4,2,1,0,1,0,1,1
7,4,43,0.12253072112798691,0,1,3,6,4,3,1,0,1,0,1,1
7,4,45,0.03830568492412567,0,1,3,6,4,5,1,0,1,0,1,1
7,4,47,0.5684254765510559,0,2,3,7,4,0,1,0,1,0,1,4
7,5,1,0.025946110486984253,0,0,3,3,5,1,1,1,1,1,1,1
7,5,2,0.0031755196396261454,0,0,3,3,5,2,1,1,1,1,1,1
7,5,6,0.0186938364058733,0,0,3,3,5,6,1,1,1,1,1,1
7,5,7,0.061086442321538925,0,0,3,3,5,1,1,2,1,1,1,1
7,5,8,0.004411378875374794,0,0,3,3,5,2,1,2,1,1,1,1
7,5,10,0.009190582670271397,0,0,3,3,5,4,1,2,1,1,1,1
7,5,13,0.10140084475278854,0,0,3,3,5,1,1,3,1,1,1,1
7,5,15,0.015663018450140953,0,0,3,3,5,3,1,3,1,1,1,1
7,5,18,0.06669165194034576,0,0,3,3,5,6,1,3,1,1,1,1
7,5,19,0.03137607499957085,0,0,3,3,5,1,1,4,1,1,1,1
7,5,23,0.005462768487632275,0,0,3,3,5,5,1,4,1,1,1,1
7,5,24,0.00645678723230958,0,0,3,3,5,6,1,4,1,1,1,1
7,5,26,0.012604979798197746,0,0,3,3,5,2,1,5,1,1,1,1
7,5,28,0.02201961912214756,0,0,3,3,5,4,1,5,1,1,1,1
7,5,29,0.04274873435497284,0,0,3,3,5,5,1,5,1,1,1,1
7,5,31,0.009358229115605354,0,0,3,4,5,1,1,1,1,1,1,1
7,5,32,0.0017317720921710134,0,0,3,4,5,2,1,2,1,1,1,1
7,5,36,0.0037622007075697184,0,0,3,5,5,1,1,1,1,2,1,2
7,5,37,0.0008073077187873423,0,0,3,5,5,2,1,2,1,2,1,2
7,5,38,0.0012477923883125186,0,0,3,5,5,3,1,3,1,2,1,2
7,5,42,0.04032859951257706,0,1,3,6,5,2,1,0,1,0,1,1
7,5,43,0.08136440068483353,0,1,3,6,5,3,1,0,1,0,1,1
7,5,45,0.023736881092190742,0,1,3,6,5,5,1,0,1,0,1,1
7,5,47,0.4107343554496765,0,2,3,7,5,0,1,0,1,0,1,4
7,9,1,0.0020652918610721827,0,0,3,3,3,1,2,1,1,1,1,1
7,9,2,3.28625064867083e-05,0,0,3,3,3,2,2,1,1,1,1,1
7,9,6,0.0007812944240868092,0,0,3,3,3,6,2,1,1,1,1,1
7,9,7,0.008115285076200962,0,0,3,3,3,1,2,2,1,1,1,1
7,9,8,8.989369962364435e-05,0,0,3,3,3,2,2,2,1,1,1,1
7,9,10,9.195368329528719e-05,0,0,3,3,3,4,2,2,1,1,1,1
7,9,13,0.937379777431488,0,0,3,3,3,1,2,3,1,1,1,1
7,9,15,0.0010354509577155113,0,0,3,3,3,3,2,3,1,1,1,1
7,9,18,0.02140927128493786,0,0,3,3,3,6,2,3,1,1,1,1
7,9,19,0.005065540317445993,0,0,3,3,3,1,2,4,1,1,1,1
7,9,23,0.0006015428225509822,0,0,3,3,3,5,2,4,1,1,1,1
7,9,24,0.00022831824026070535,0,0,3,3,3,6,2,4,1,1,1,1
7,9,26,0.00048100747517310083,0,0,3,3,3,2,2,5,1,1,1,1
7,9,28,0.0021478200796991587,0,0,3,3,3,4,2,5,1,1,1,1
7,9,29,0.01504114642739296,0,0,3,3,3,5,2,5,1,1,1,1
7,9,31,0.0009901646990329027,0,0,3,4,3,1,2,1,1,1,1,1
7,9,32,5.6760150073387194e-06,0,0,3,4,3,2,2,2,1,1,1,1
7,9,36,0.0014144842280074954,0,0,3,5,3,1,2,1,1,2,1,2
7,9,37,2.8544629458338022e-05,0,0,3,5,3,2,2,2,1,2,1,2
7,9,38,0.0009971086401492357,0,0,3,5,3,3,2,3,1,2,1,2
7,9,42,0.0004449988773558289,0,1,3,6,3,2,2,0,1,0,1,1
7,9,43,0.0007900228374637663,0,1,3,6,3,3,2,0,1,0,1,1
7,9,45,0.0006196554168127477,0,1,3,6,3,5,2,0,1,0,1,1
7,9,47,0.00014416049816645682,0,2,3,7,3,0,2,0,1,0,1,4
7,11,1,0.016716191545128822,0,0,3,3,5,1,2,1,1,1,1,1
7,11,2,0.0007888269028626382,0,0,3,3,5,2,2,1,1,1,1,1
7,11,6,0.013597548939287663,0,0,3,3,5,6,2,1,1,1,1,1
7,11,7,0.03747386112809181,0,0,3,3,5,1,2,2,1,1,1,1
7,11,8,0.0014651487581431866,0,0,3,3,5,2,2,2,1,1,1,1
7,11,10,0.0023319213651120663,0,0,3,3,5,4,2,2,1,1,1,1
7,11,13,0.22494761645793915,0,0,3,3,5,1,2,3,1,1,1,1
7,11,15,0.011887244880199432,0,0,3,3,5,3,2,3,1,1,1,1
7,11,18,0.14252430200576782,0,0,3,3,5,6,2,3,1,1,1,1
7,11,19,0.028364883735775948,0,0,3,3,5,1,2,4,1,1,1,1
7,11,23,0.003103036666288972,0,0,3,3,5,5,2,4,1,1,1,1
7,11,24,0.007683739066123962,0,0,3,3,5,6,2,4,1,1,1,1
7,11,26,0.0060975332744419575,0,0,3,3,5,2,2,5,1,1,1,1
7,11,28,0.01611904613673687,0,0,3,3,5,4,2,5,1,1,1,1
7,11,29,0.042388636618852615,0,0,3,3,5,5,2,5,1,1,1,1
7,11,31,0.00416425708681345,0,0,3,4,5,1,2,1,1,1,1,1
7,11,32,0.0004238628316670656,0,0,3,4,5,2,2,2,1,1,1,1
7,11,36,0.0040114508010447025,0,0,3,5,5,1,2,1,1,2,1,2
7,11,37,0.0006910553784109652,0,0,3,5,5,2,2,2,1,2,1,2
7,11,38,0.0026280339807271957,0,0,3,5,5,3,2,3,1,2,1,2
7,11,42,0.015596645884215832,0,1,3,6,5,2,2,0,1,0,1,1
7,11,43,0.024428389966487885,0,1,3,6,5,3,2,0,1,0,1,1
7,11,45,0.005035599693655968,0,1,3,6,5,5,2,0,1,0,1,1
7,11,47,0.3875308930873871,0,2,3,7,5,0,2,0,1,0,1,4
7,12,1,0.0053312163800001144,0,0,3,3,6,1,2,1,1,1,1,1
7,12,2,4.3597417970886454e-05,0,0,3,3,6,2,2,1,1,1,1,1
7,12,6,0.005069637671113014,0,0,3,3,6,6,2,1,1,1,1,1
7,12,7,0.014582956209778786,0,0,3,3,6,1,2,2,1,1,1,1
7,12,8,9.632898581912741e-05,0,0,3,3,6,2,2,2,1,1,1,1
7,12,10,0.00022372636885847896,0,0,3,3,6,4,2,2,1,1,1,1
7,12,13,0.7383991479873657,0,0,3,3,6,1,2,3,1,1,1,1
7,12,15,0.002419468481093645,0,0,3,3,6,3,2,3,1,1,1,1
7,12,18,0.1958143413066864,0,0,3,3,6,6,2,3,1,1,1,1
7,12,19,0.012294112704694271,0,0,3,3,6,1,2,4,1,1,1,1
7,12,23,0.00023345754016190767,0,0,3,3,6,5,2,4,1,1,1,1
7,12,24,0.0007828468806110322,0,0,3,3,6,6,2,4,1,1,1,1
7,12,26,0.0004572145116981119,0,0,3,3,6,2,2,5,1,1,1,1
7,12,28,0.002272285521030426,0,0,3,3,6,4,2,5,1,1,1,1
7,12,29,0.014011755585670471,0,0,3,3,6,5,2,5,1,1,1,1
7,12,31,0.0005834857583977282,0,0,3,4,6,1,2,1,1,1,1,1
7,12,32,1.9813400285784155e-05,0,0,3,4,6,2,2,2,1,1,1,1
7,12,36,0.00041713527753017843,0,0,3,5,6,1,2,1,1,2,1,2
7,12,37,9.731793397804722e-06,0,0,3,5,6,2,2,2,1,2,1,2
7,12,38,0.0002486614976078272,0,0,3,5,6,3,2,3,1,2,1,2
7,12,42,0.00048323837108910084,0,1,3,6,6,2,2,0,1,0,1,1
7,12,43,0.00321252946741879,0,1,3,6,6,3,2,0,1,0,1,1
7,12,45,0.0003111730329692364,0,1,3,6,6,5,2,0,1,0,1,1
7,12,47,0.0026819375343620777,0,2,3,7,6,0,2,0,1,0,1,4
7,14,1,0.000184022996108979,0,0,3,3,2,1,3,1,1,1,1,1
7,14,2,2.449650082780863e-08,0,0,3,3,2,2,3,1,1,1,1,1
7,14,6,2.887250502681127e-06,0,0,3,3,2,6,3,1,1,1,1,1
7,14,7,0.00011642994650173932,0,0,3,3,2,1,3,2,1,1,1,1
7,14,8,3.033601814195208e-08,0,0,3,3,2,2,3,2,1,1,1,1
7,14,10,1.148851751509028e-07,0,0,3,3,2,4,3,2,1,1,1,1
7,14,13,0.9956488013267517,0,0,3,3,2,1,3,3,1,1,1,1
7,14,15,5.082691495772451e-05,0,0,3,3,2,3,3,3,1,1,1,1
7,14,18,0.0030567734502255917,0,0,3,3,2,6,3,3,1,1,1,1
7,14,19,0.0006567275268025696,0,0,3,3,2,1,3,4,1,1,1,1
7,14,23,2.394035618635826e-06,0,0,3,3,2,5,3,4,1,1,1,1
7,14,24,5.015107831241039e-07,0,0,3,3,2,6,3,4,1,1,1,1
7,14,26,1.2955875661191385e-07,0,0,3,3,2,2,3,5,1,1,1,1
7,14,28,1.07197492980049e-05,0,0,3,3,2,4,3,5,1,1,1,1
7,14,29,0.00016022633644752204,0,0,3,3,2,5,3,5,1,1,1,1
7,14,31,1.612091000424698e-05,0,0,3,4,2,1,3,1,1,1,1,1
7,14,32,1.4260447267488985e-09,0,0,3,4,2,2,3,2,1,1,1,1
7,14,36,6.689448127872311e-06,0,0,3,5,2,1,3,1,1,2,1,2
7,14,37,1.4473292564431972e-09,0,0,3,5,2,2,3,2,1,2,1,2
7,14,38,1.6041742583183805e-06,0,0,3,5,2,3,3,3,1,2,1,2
7,14,42,1.2795821930922102e-06,0,1,3,6,2,2,3,0,1,0,1,1
7,14,43,2.8700598704745062e-05,0,1,3,6,2,3,3,0,1,0,1,1
7,14,45,4.083185558556579e-06,0,1,3,6,2,5,3,0,1,0,1,1
7,14,47,5.006431456422433e-05,0,2,3,7,2,0,3,0,1,0,1,4
7,16,1,0.0020777168683707714,0,0,3,3,4,1,3,1,1,1,1,1
7,16,2,4.684611121774651e-05,0,0,3,3,4,2,3,1,1,1,1,1
7,16,6,0.0017433807952329516,0,0,3,3,4,6,3,1,1,1,1,1
7,16,7,0.0014914839994162321,0,0,3,3,4,1,3,2,1,1,1,1
7,16,8,1.5533092664554715e-05,0,0,3,3,4,2,3,2,1,1,1,1
7,16,10,4.155662463745102e-05,0,0,3,3,4,4,3,2,1,1,1,1
7,16,13,0.8617088794708252,0,0,3,3,4,1,3,3,1,1,1,1
7,16,15,0.00782842468470335,0,0,3,3,4,3,3,3,1,1,1,1
7,16,18,0.06072899326682091,0,0,3,3,4,6,3,3,1,1,1,1
7,16,19,0.010010600090026855,0,0,3,3,4,1,3,4,1,1,1,1
7,16,23,0.0007382894982583821,0,0,3,3,4,5,3,4,1,1,1,1
7,16,24,0.0007479895139113069,0,0,3,3,4,6,3,4,1,1,1,1
7,16,26,3.317169102956541e-05,0,0,3,3,4,2,3,5,1,1,1,1
7,16,28,0.000473606341984123,0,0,3,3,4,4,3,5,1,1,1,1
7,16,29,0.0011765602976083755,0,0,3,3,4,5,3,5,1,1,1,1
7,16,31,0.00032536531216464937,0,0,3,4,4,1,3,1,1,1,1,1
7,16,32,3.0801361390331294e-06,0,0,3,4,4,2,3,2,1,1,1,1
7,16,36,0.00013211293844506145,0,0,3,5,4,1,3,1,1,2,1,2
7,16,37,5.1219349188613705e-06,0,0,3,5,4,2,3,2,1,2,1,2
7,16,38,0.0002870124008040875,0,0,3,5,4,3,3,3,1,2,1,2
7,16,42,0.0010936356848105788,0,1,3,6,4,2,3,0,1,0,1,1
7,16,43,0.015127521939575672,0,1,3,6,4,3,3,0,1,0,1,1
7,16,45,0.0017378991469740868,0,1,3,6,4,5,3,0,1,0,1,1
7,16,47,0.032425131648778915,0,2,3,7,4,0,3,0,1,0,1,4
7,17,1,0.0016002043848857284,0,0,3,3,5,1,3,1,1,1,1,1
7,17,2,7.573209131805925e-06,0,0,3,3,5,2,3,1,1,1,1,1
7,17,6,0.0006726448191329837,0,0,3,3,5,6,3,1,1,1,1,1
7,17,7,0.0008510160841979086,0,0,3,3,5,1,3,2,1,1,1,1
7,17,8,5.38510903425049e-06,0,0,3,3,5,2,3,2,1,1,1,1
7,17,10,6.9406978582264856e-06,0,0,3,3,5,4,3,2,1,1,1,1
7,17,13,0.8861770033836365,0,0,3,3,5,1,3,3,1,1,1,1
7,17,15,0.0012463787570595741,0,0,3,3,5,3,3,3,1,1,1,1
7,17,18,0.05983520299196243,0,0,3,3,5,6,3,3,1,1,1,1
7,17,19,0.007993645034730434,0,0,3,3,5,1,3,4,1,1,1,1
7,17,23,0.0005114653031341732,0,0,3,3,5,5,3,4,1,1,1,1
7,17,24,0.00016465975204482675,0,0,3,3,5,6,3,4,1,1,1,1
7,17,26,2.186529127357062e-05,0,0,3,3,5,2,3,5,1,1,1,1
7,17,28,8.625986083643511e-05,0,0,3,3,5,4,3,5,1,1,1,1
7,17,29,0.00327044865116477,0,0,3,3,5,5,3,5,1,1,1,1
7,17,31,0.0004508494457695633,0,0,3,4,5,1,3,1,1,1,1,1
7,17,32,6.792186582060822e-07,0,0,3,4,5,2,3,2,1,1,1,1
7,17,36,0.000437078153481707,0,0,3,5,5,1,3,1,1,2,1,2
7,17,37,1.0644429266903899e-06,0,0,3,5,5,2,3,2,1,2,1,2
7,17,38,7.436814485117793e-05,0,0,3,5,5,3,3,3,1,2,1,2
7,17,42,0.000157140675582923,0,1,3,6,5,2,3,0,1,0,1,1
7,17,43,0.001712231314741075,0,1,3,6,5,3,3,0,1,0,1,1
7,17,45,0.0003415131941437721,0,1,3,6,5,5,3,0,1,0,1,1
7,17,47,0.03437462076544762,0,2,3,7,5,0,3,0,1,0,1,4
7,20,1,0.0017083787824958563,0,0,3,3,2,1,4,1,1,1,1,1
7,20,2,4.130204160901485e-06,0,0,3,3,2,2,4,1,1,1,1,1
7,20,6,9.507865615887567e-05,0,0,3,3,2,6,4,1,1,1,1,1
7,20,7,0.008179070428013802,0,0,3,3,2,1,4,2,1,1,1,1
7,20,8,1.0861352166102733e-05,0,0,3,3,2,2,4,2,1,1,1,1
7,20,10,6.176864644658053e-06,0,0,3,3,2,4,4,2,1,1,1,1
7,20,13,0.9650669097900391,0,0,3,3,2,1,4,3,1,1,1,1
7,20,15,0.0002846763236448169,0,0,3,3,2,3,4,3,1,1,1,1
7,20,18,0.006091117858886719,0,0,3,3,2,6,4,3,1,1,1,1
7,20,19,0.004383102525025606,0,0,3,3,2,1,4,4,1,1,1,1
7,20,23,0.00015275015903171152,0,0,3,3,2,5,4,4,1,1,1,1
7,20,24,9.219183993991464e-06,0,0,3,3,2,6,4,4,1,1,1,1
7,20,26,0.00010593154729576781,0,0,3,3,2,2,4,5,1,1,1,1
7,20,28,0.0003324237186461687,0,0,3,3,2,4,4,5,1,1,1,1
7,20,29,0.010031936690211296,0,0,3,3,2,5,4,5,1,1,1,1
7,20,31,0.00047429557889699936,0,0,3,4,2,1,4,1,1,1,1,1
7,20,32,2.423436455956107e-07,0,0,3,4,2,2,4,2,1,1,1,1
7,20,36,0.00015129195526242256,0,0,3,5,2,1,4,1,1,2,1,2
7,20,37,2.8802395490856725e-07,0,0,3,5,2,2,4,2,1,2,1,2
7,20,38,1.1978864677075762e-05,0,0,3,5,2,3,4,3,1,2,1,2
7,20,42,0.00040416294359602034,0,1,3,6,2,2,4,0,1,0,1,1
7,20,43,0.0011134727392345667,0,1,3,6,2,3,4,0,1,0,1,1
7,20,45,0.0005403040559031069,0,1,3,6,2,5,4,0,1,0,1,1
7,20,47,0.0008416381315328181,0,2,3,7,2,0,4,0,1,0,1,4
7,21,1,0.0012623835355043411,0,0,3,3,3,1,4,1,1,1,1,1
7,21,2,1.8432814613333903e-05,0,0,3,3,3,2,4,1,1,1,1,1
7,21,6,0.0005090087070129812,0,0,3,3,3,6,4,1,1,1,1,1
7,21,7,0.004466149024665356,0,0,3,3,3,1,4,2,1,1,1,1
7,21,8,2.053854586847592e-05,0,0,3,3,3,2,4,2,1,1,1,1
7,21,10,6.0561956161109265e-06,0,0,3,3,3,4,4,2,1,1,1,1
7,21,13,0.9479884505271912,0,0,3,3,3,1,4,3,1,1,1,1
7,21,15,0.0008774049347266555,0,0,3,3,3,3,4,3,1,1,1,1
7,21,18,0.017155621200799942,0,0,3,3,3,6,4,3,1,1,1,1
7,21,19,0.004570438992232084,0,0,3,3,3,1,4,4,1,1,1,1
7,21,23,0.0012230896390974522,0,0,3,3,3,5,4,4,1,1,1,1
7,21,24,0.00010896502499235794,0,0,3,3,3,6,4,4,1,1,1,1
7,21,26,6.707283318974078e-05,0,0,3,3,3,2,4,5,1,1,1,1
7,21,28,0.00029657158302143216,0,0,3,3,3,4,4,5,1,1,1,1
7,21,29,0.01090908795595169,0,0,3,3,3,5,4,5,1,1,1,1
7,21,31,0.0008047462906688452,0,0,3,4,3,1,4,1,1,1,1,1
7,21,32,7.932305834401632e-07,0,0,3,4,3,2,4,2,1,1,1,1
7,21,36,0.00038524781120941043,0,0,3,5,3,1,4,1,1,2,1,2
7,21,37,2.1768728402093984e-06,0,0,3,5,3,2,4,2,1,2,1,2
7,21,38,6.853383092675358e-05,0,0,3,5,3,3,4,3,1,2,1,2
7,21,42,0.0005096087697893381,0,1,3,6,3,2,4,0,1,0,1,1
7,21,43,0.003911016974598169,0,1,3,6,3,3,4,0,1,0,1,1
7,21,45,0.003182264743372798,0,1,3,6,3,5,4,0,1,0,1,1
7,21,47,0.0016560856020078063,0,2,3,7,3,0,4,0,1,0,1,4
7,22,1,0.0036259028129279613,0,0,3,3,4,1,4,1,1,1,1,1
7,22,2,0.00026548997266218066,0,0,3,3,4,2,4,1,1,1,1,1
7,22,6,0.007205135654658079,0,0,3,3,4,6,4,1,1,1,1,1
7,22,7,0.0065542529337108135,0,0,3,3,4,1,4,2,1,1,1,1
7,22,8,0.00014016908244229853,0,0,3,3,4,2,4,2,1,1,1,1
7,22,10,8.611528755864128e-05,0,0,3,3,4,4,4,2,1,1,1,1
7,22,13,0.7727756500244141,0,0,3,3,4,1,4,3,1,1,1,1
7,22,15,0.005565970670431852,0,0,3,3,4,3,4,3,1,1,1,1
7,22,18,0.06726447492837906,0,0,3,3,4,6,4,3,1,1,1,1
7,22,19,0.017880303785204887,0,0,3,3,4,1,4,4,1,1,1,1
7,22,23,0.004270338919013739,0,0,3,3,4,5,4,4,1,1,1,1
7,22,24,0.001131367520429194,0,0,3,3,4,6,4,4,1,1,1,1
7,22,26,0.0007982529350556433,0,0,3,3,4,2,4,5,1,1,1,1
7,22,28,0.0008374419412575662,0,0,3,3,4,4,4,5,1,1,1,1
7,22,29,0.007513996679335833,0,0,3,3,4,5,4,5,1,1,1,1
7,22,31,0.0008737492025829852,0,0,3,4,4,1,4,1,1,1,1,1
7,22,32,6.663954081886914e-06,0,0,3,4,4,2,4,2,1,1,1,1
7,22,36,0.0007322927704080939,0,0,3,5,4,1,4,1,1,2,1,2
7,22,37,2.76943374046823e-05,0,0,3,5,4,2,4,2,1,2,1,2
7,22,38,0.00047072977758944035,0,0,3,5,4,3,4,3,1,2,1,2
7,22,42,0.009649965912103653,0,1,3,6,4,2,4,0,1,0,1,1
7,22,43,0.03410472720861435,0,1,3,6,4,3,4,0,1,0,1,1
7,22,45,0.007391658611595631,0,1,3,6,4,5,4,0,1,0,1,1
7,22,47,0.050827931612730026,0,2,3,7,4,0,4,0,1,0,1,4
7,25,1,0.02659442462027073,0,0,3,3,1,1,5,1,1,1,1,1
7,25,2,0.0012619831832125783,0,0,3,3,1,2,5,1,1,1,1,1
7,25,6,0.029275448992848396,0,0,3,3,1,6,5,1,1,1,1,1
7,25,7,0.07293826341629028,0,0,3,3,1,1,5,2,1,1,1,1
7,25,8,0.00326170539483428,0,0,3,3,1,2,5,2,1,1,1,1
7,25,10,0.005747547838836908,0,0,3,3,1,4,5,2,1,1,1,1
7,25,13,0.3488677144050598,0,0,3,3,1,1,5,3,1,1,1,1
7,25,15,0.008223378099501133,0,0,3,3,1,3,5,3,1,1,1,1
7,25,18,0.16505509614944458,0,0,3,3,1,6,5,3,1,1,1,1
7,25,19,0.045470163226127625,0,0,3,3,1,1,5,4,1,1,1,1
7,25,23,0.0029820234049111605,0,0,3,3,1,5,5,4,1,1,1,1
7,25,24,0.007209144998341799,0,0,3,3,1,6,5,4,1,1,1,1
7,25,26,0.02367958426475525,0,0,3,3,1,2,5,5,1,1,1,1
7,25,28,0.018539199605584145,0,0,3,3,1,4,5,5,1,1,1,1
7,25,29,0.09469116479158401,0,0,3,3,1,5,5,5,1,1,1,1
7,25,31,0.007966195233166218,0,0,3,4,1,1,5,1,1,1,1,1
7,25,32,0.0012327405856922269,0,0,3,4,1,2,5,2,1,1,1,1
7,25,36,0.007126969285309315,0,0,3,5,1,1,5,1,1,2,1,2
7,25,37,0.0010262111900374293,0,0,3,5,1,2,5,2,1,2,1,2
7,25,38,0.0033767204731702805,0,0,3,5,1,3,5,3,1,2,1,2
7,25,42,0.01849757507443428,0,1,3,6,1,2,5,0,1,0,1,1
7,25,43,0.023632049560546875,0,1,3,6,1,3,5,0,1,0,1,1
7,25,45,0.006719449535012245,0,1,3,6,1,5,5,0,1,0,1,1
7,25,47,0.07662535458803177,0,2,3,7,1,0,5,0,1,0,1,4
7,27,1,0.0019805231131613255,0,0,3,3,3,1,5,1,1,1,1,1
7,27,2,0.0002740431227721274,0,0,3,3,3,2,5,1,1,1,1,1
7,27,6,0.0017333381110802293,0,0,3,3,3,6,5,1,1,1,1,1
7,27,7,0.00914829783141613,0,0,3,3,3,1,5,2,1,1,1,1
7,27,8,0.00026957274531014264,0,0,3,3,3,2,5,2,1,1,1,1
7,27,10,0.0005679279565811157,0,0,3,3,3,4,5,2,1,1,1,1
7,27,13,0.9147731065750122,0,0,3,3,3,1,5,3,1,1,1,1
7,27,15,0.006081908009946346,0,0,3,3,3,3,5,3,1,1,1,1
7,27,18,0.016216449439525604,0,0,3,3,3,6,5,3,1,1,1,1
7,27,19,0.013497741892933846,0,0,3,3,3,1,5,4,1,1,1,1
7,27,23,0.003778195008635521,0,0,3,3,3,5,5,4,1,1,1,1
7,27,24,0.0005755382589995861,0,0,3,3,3,6,5,4,1,1,1,1
7,27,26,0.0015148096717894077,0,0,3,3,3,2,5,5,1,1,1,1
7,27,28,0.003831016132608056,0,0,3,3,3,4,5,5,1,1,1,1
7,27,29,0.011704104952514172,0,0,3,3,3,5,5,5,1,1,1,1
7,27,31,0.0009461666340939701,0,0,3,4,3,1,5,1,1,1,1,1
7,27,32,2.7807576771010645e-05,0,0,3,4,3,2,5,2,1,1,1,1
7,27,36,0.0004084496176801622,0,0,3,5,3,1,5,1,1,2,1,2
7,27,37,5.411433812696487e-05,0,0,3,5,3,2,5,2,1,2,1,2
7,27,38,0.0012633485021069646,0,0,3,5,3,3,5,3,1,2,1,2
7,27,42,0.002235851716250181,0,1,3,6,3,2,5,0,1,0,1,1
7,27,43,0.005899488925933838,0,1,3,6,3,3,5,0,1,0,1,1
7,27,45,0.002744690515100956,0,1,3,6,3,5,5,0,1,0,1,1
7,27,47,0.0004739055293612182,0,2,3,7,3,0,5,0,1,0,1,4
7,30,1,0.0005555094685405493,0,0,3,3,6,1,5,1,1,1,1,1
7,30,2,3.506597181512916e-07,0,0,3,3,6,2,5,1,1,1,1,1
7,30,6,5.413597682490945e-05,0,0,3,3,6,6,5,1,1,1,1,1
7,30,7,0.0015175060834735632,0,0,3,3,6,1,5,2,1,1,1,1
7,30,8,1.5157295365497703e-06,0,0,3,3,6,2,5,2,1,1,1,1
7,30,10,3.641263447207166e-06,0,0,3,3,6,4,5,2,1,1,1,1
7,30,13,0.9877986907958984,0,0,3,3,6,1,5,3,1,1,1,1
7,30,15,2.9853381420252845e-05,0,0,3,3,6,3,5,3,1,1,1,1
7,30,18,0.0070530567318201065,0,0,3,3,6,6,5,3,1,1,1,1
7,30,19,0.0010031129932031035,0,0,3,3,6,1,5,4,1,1,1,1
7,30,23,6.325618414848577e-06,0,0,3,3,6,5,5,4,1,1,1,1
7,30,24,2.404219685558928e-06,0,0,3,3,6,6,5,4,1,1,1,1
7,30,26,4.741541033581598e-06,0,0,3,3,6,2,5,5,1,1,1,1
7,30,28,4.538477151072584e-05,0,0,3,3,6,4,5,5,1,1,1,1
7,30,29,0.0017773862928152084,0,0,3,3,6,5,5,5,1,1,1,1
7,30,31,9.951840911526233e-05,0,0,3,4,6,1,5,1,1,1,1,1
7,30,32,4.312427108743577e-07,0,0,3,4,6,2,5,2,1,1,1,1
7,30,36,1.094319759431528e-05,0,0,3,5,6,1,5,1,1,2,1,2
7,30,37,2.627556305867529e-08,0,0,3,5,6,2,5,2,1,2,1,2
7,30,38,1.7020951190716005e-06,0,0,3,5,6,3,5,3,1,2,1,2
7,30,42,1.3678705954589532e-06,0,1,3,6,6,2,5,0,1,0,1,1
7,30,43,2.220153146481607e-05,0,1,3,6,6,3,5,0,1,0,1,1
7,30,45,1.0362182365497574e-05,0,1,3,6,6,5,5,0,1,0,1,1
7,30,47,4.911354380965349e-07,0,2,3,7,6,0,5,0,1,0,1,4
7,33,1,0.00036095984978601336,0,0,4,3,3,1,3,1,1,1,1,1
7,33,2,6.043263169885904e-07,0,0,4,3,3,2,3,1,1,1,1,1
7,33,6,1.5107131730474066e-05,0,0,4,3,3,6,3,1,1,1,1,1
7,33,7,0.00022685570002067834,0,0,4,3,3,1,3,2,1,1,1,1
7,33,8,4.776134119310882e-07,0,0,4,3,3,2,3,2,1,1,1,1
7,33,10,2.038063712461735e-06,0,0,4,3,3,4,3,2,1,1,1,1
7,33,13,0.9947099089622498,0,0,4,3,3,1,3,3,1,1,1,1
7,33,15,0.00011647827341221273,0,0,4,3,3,3,3,3,1,1,1,1
7,33,18,0.0021432735957205296,0,0,4,3,3,6,3,3,1,1,1,1
7,33,19,0.0013100453652441502,0,0,4,3,3,1,3,4,1,1,1,1
7,33,23,8.82725726114586e-05,0,0,4,3,3,5,3,4,1,1,1,1
7,33,24,2.079391606457648e-06,0,0,4,3,3,6,3,4,1,1,1,1
7,33,26,9.991661045205547e-07,0,0,4,3,3,2,3,5,1,1,1,1
7,33,28,4.0721693949308246e-05,0,0,4,3,3,4,3,5,1,1,1,1
7,33,29,0.0006768631283193827,0,0,4,3,3,5,3,5,1,1,1,1
7,33,31,0.00012090946256648749,0,0,4,4,3,1,3,1,1,1,1,1
7,33,32,3.949390858792867e-08,0,0,4,4,3,2,3,2,1,1,1,1
7,33,36,5.285215229378082e-05,0,0,4,5,3,1,3,1,1,2,1,2
7,33,37,3.021100525302245e-08,0,0,4,5,3,2,3,2,1,2,1,2
7,33,38,9.567374945618212e-06,0,0,4,5,3,3,3,3,1,2,1,2
7,33,42,1.7853037661552662e-06,0,1,4,6,3,2,3,0,1,0,1,1
7,33,43,6.188196130096912e-05,0,1,4,6,3,3,3,0,1,0,1,1
7,33,45,4.885956150246784e-05,0,1,4,6,3,5,3,0,1,0,1,1
7,33,47,9.31869635678595e-06,0,2,4,7,3,0,3,0,1,0,1,4
7,34,1,0.003664314979687333,0,0,4,3,4,1,4,1,1,1,1,1
7,34,2,0.00014704978093504906,0,0,4,3,4,2,4,1,1,1,1,1
7,34,6,0.004129123408347368,0,0,4,3,4,6,4,1,1,1,1,1
7,34,7,0.004009708762168884,0,0,4,3,4,1,4,2,1,1,1,1
7,34,8,9.463167225476354e-05,0,0,4,3,4,2,4,2,1,1,1,1
7,34,10,8.058409730438143e-05,0,0,4,3,4,4,4,2,1,1,1,1
7,34,13,0.7854008078575134,0,0,4,3,4,1,4,3,1,1,1,1
7,34,15,0.001151888631284237,0,0,4,3,4,3,4,3,1,1,1,1
7,34,18,0.11602967977523804,0,0,4,3,4,6,4,3,1,1,1,1
7,34,19,0.007467188406735659,0,0,4,3,4,1,4,4,1,1,1,1
7,34,23,0.002236986765637994,0,0,4,3,4,5,4,4,1,1,1,1
7,34,24,0.0006107371882535517,0,0,4,3,4,6,4,4,1,1,1,1
7,34,26,0.0004192114865873009,0,0,4,3,4,2,4,5,1,1,1,1
7,34,28,0.0004568686126731336,0,0,4,3,4,4,4,5,1,1,1,1
7,34,29,0.008629144169390202,0,0,4,3,4,5,4,5,1,1,1,1
7,34,31,0.002063827821984887,0,0,4,4,4,1,4,1,1,1,1,1
7,34,32,1.2306057215027977e-05,0,0,4,4,4,2,4,2,1,1,1,1
7,34,36,0.004545610398054123,0,0,4,5,4,1,4,1,1,2,1,2
7,34,37,7.094909233273938e-05,0,0,4,5,4,2,4,2,1,2,1,2
7,34,38,0.0006687036948278546,0,0,4,5,4,3,4,3,1,2,1,2
7,34,42,0.0026618647389113903,0,1,4,6,4,2,4,0,1,0,1,1
7,34,43,0.01084704976528883,0,1,4,6,4,3,4,0,1,0,1,1
7,34,45,0.006190935615450144,0,1,4,6,4,5,4,0,1,0,1,1
7,34,47,0.0384104885160923,0,2,4,7,4,0,4,0,1,0,1,4
7,35,1,0.039060741662979126,0,0,4,3,5,1,5,1,1,1,1,1
7,35,2,0.0029191088397055864,0,0,4,3,5,2,5,1,1,1,1,1
7,35,6,0.016087548807263374,0,0,4,3,5,6,5,1,1,1,1,1
7,35,7,0.076010562479496,0,0,4,3,5,1,5,2,1,1,1,1
7,35,8,0.0045965188182890415,0,0,4,3,5,2,5,2,1,1,1,1
7,35,10,0.0170146394520998,0,0,4,3,5,4,5,2,1,1,1,1
7,35,13,0.2690403461456299,0,0,4,3,5,1,5,3,1,1,1,1
7,35,15,0.016829388216137886,0,0,4,3,5,3,5,3,1,1,1,1
7,35,18,0.16039033234119415,0,0,4,3,5,6,5,3,1,1,1,1
7,35,19,0.033856168389320374,0,0,4,3,5,1,5,4,1,1,1,1
7,35,23,0.004985915496945381,0,0,4,3,5,5,5,4,1,1,1,1
7,35,24,0.006628432776778936,0,0,4,3,5,6,5,4,1,1,1,1
7,35,26,0.007999488152563572,0,0,4,3,5,2,5,5,1,1,1,1
7,35,28,0.02807869017124176,0,0,4,3,5,4,5,5,1,1,1,1
7,35,29,0.03975041210651398,0,0,4,3,5,5,5,5,1,1,1,1
7,35,31,0.012416132725775242,0,0,4,4,5,1,5,1,1,1,1,1
7,35,32,0.008321472443640232,0,0,4,4,5,2,5,2,1,1,1,1
7,35,36,0.003515164600685239,0,0,4,5,5,1,5,1,1,2,1,2
7,35,37,0.002339579863473773,0,0,4,5,5,2,5,2,1,2,1,2
7,35,38,0.0021701129153370857,0,0,4,5,5,3,5,3,1,2,1,2
7,35,42,0.013882949948310852,0,1,4,6,5,2,5,0,1,0,1,1
7,35,43,0.03908919543027878,0,1,4,6,5,3,5,0,1,0,1,1
7,35,45,0.01096324808895588,0,1,4,6,5,5,5,0,1,0,1,1
7,35,47,0.18405383825302124,0,2,4,7,5,0,5,0,1,0,1,4
7,39,1,0.00024251577269751579,0,0,5,3,4,1,4,1,2,1,2,1
7,39,2,1.1915582035726402e-05,0,0,5,3,4,2,4,1,2,1,2,1
7,39,6,4.6984405344119295e-05,0,0,5,3,4,6,4,1,2,1,2,1
7,39,7,0.00025659933453425765,0,0,5,3,4,1,4,2,2,1,2,1
7,39,8,8.810033250483684e-06,0,0,5,3,4,2,4,2,2,1,2,1
7,39,10,3.806854147114791e-05,0,0,5,3,4,4,4,2,2,1,2,1
7,39,13,0.9945448637008667,0,0,5,3,4,1,4,3,2,1,2,1
7,39,15,0.000267795316176489,0,0,5,3,4,3,4,3,2,1,2,1
7,39,18,0.001925210701301694,0,0,5,3,4,6,4,3,2,1,2,1
7,39,19,0.0010968311689794064,0,0,5,3,4,1,4,4,2,1,2,1
7,39,23,0.00019734021043404937,0,0,5,3,4,5,4,4,2,1,2,1
7,39,24,5.244858584774192e-06,0,0,5,3,4,6,4,4,2,1,2,1
7,39,26,1.3447052879200783e-05,0,0,5,3,4,2,4,5,2,1,2,1
7,39,28,2.4060358555288985e-05,0,0,5,3,4,4,4,5,2,1,2,1
7,39,29,0.0003434305835980922,0,0,5,3,4,5,4,5,2,1,2,1
7,39,31,0.000517288048285991,0,0,5,4,4,1,4,1,2,1,2,1
7,39,32,7.675639608351048e-06,0,0,5,4,4,2,4,2,2,1,2,1
7,39,36,0.00011931361950701103,0,0,5,5,4,1,4,1,2,2,2,2
7,39,37,2.2238104975258466e-06,0,0,5,5,4,2,4,2,2,2,2,2
7,39,38,0.0001415413717040792,0,0,5,5,4,3,4,3,2,2,2,2
7,39,42,7.622320026712259e-06,0,1,5,6,4,2,4,0,2,0,2,1
7,39,43,6.553206912940368e-05,0,1,5,6,4,3,4,0,2,0,2,1
7,39,45,0.00011561908468138427,0,1,5,6,4,5,4,0,2,0,2,1
7,39,47,8.124825257027624e-08,0,2,5,7,4,0,4,0,2,0,2,4
7,40,1,0.00012850959319621325,0,0,5,3,5,1,5,1,2,1,2,1
7,40,2,5.016884188080439e-07,0,0,5,3,5,2,5,1,2,1,2,1
7,40,6,5.471409622259671e-06,0,0,5,3,5,6,5,1,2,1,2,1
7,40,7,6.738877709722146e-05,0,0,5,3,5,1,5,2,2,1,2,1
7,40,8,1.1995142585874419e-06,0,0,5,3,5,2,5,2,2,1,2,1
7,40,10,1.604644967301283e-05,0,0,5,3,5,4,5,2,2,1,2,1
7,40,13,0.9980809688568115,0,0,5,3,5,1,5,3,2,1,2,1
7,40,15,2.7690390197676606e-05,0,0,5,3,5,3,5,3,2,1,2,1
7,40,18,0.0009101861505769193,0,0,5,3,5,6,5,3,2,1,2,1
7,40,19,0.00023275312560144812,0,0,5,3,5,1,5,4,2,1,2,1
7,40,23,6.044586370990146e-06,0,0,5,3,5,5,5,4,2,1,2,1
7,40,24,3.5259384389974e-07,0,0,5,3,5,6,5,4,2,1,2,1
7,40,26,1.2597726026797318e-06,0,0,5,3,5,2,5,5,2,1,2,1
7,40,28,2.856181254173862e-06,0,0,5,3,5,4,5,5,2,1,2,1
7,40,29,7.32446278561838e-05,0,0,5,3,5,5,5,5,2,1,2,1
7,40,31,0.00033632820122875273,0,0,5,4,5,1,5,1,2,1,2,1
7,40,32,1.0767807907541282e-05,0,0,5,4,5,2,5,2,2,1,2,1
7,40,36,5.249955938779749e-05,0,0,5,5,5,1,5,1,2,2,2,2
7,40,37,6.41194333184103e-07,0,0,5,5,5,2,5,2,2,2,2,2
7,40,38,4.19450479967054e-05,0,0,5,5,5,3,5,3,2,2,2,2
7,40,42,1.3411394661488885e-07,0,1,5,6,5,2,5,0,2,0,2,1
7,40,43,1.129737370320072e-06,0,1,5,6,5,3,5,0,2,0,2,1
7,40,45,2.5668653051980073e-06,0,1,5,6,5,5,5,0,2,0,2,1
7,40,47,6.414654918351914e-10,0,2,5,7,5,0,5,0,2,0,2,4
7,41,1,8.215673005906865e-05,1,0,6,3,1,1,0,1,0,1,1,1
7,41,2,7.384507625829428e-05,1,0,6,3,1,2,0,1,0,1,1,1
7,41,6,0.0005100838025100529,1,0,6,3,1,6,0,1,0,1,1,1
7,41,7,0.00010151496098842472,1,0,6,3,1,1,0,2,0,1,1,1
7,41,8,3.111659316346049e-05,1,0,6,3,1,2,0,2,0,1,1,1
7,41,10,3.0407016311073676e-05,1,0,6,3,1,4,0,2,0,1,1,1
7,41,13,6.225677680049557e-06,1,0,6,3,1,1,0,3,0,1,1,1
7,41,15,5.2445851906668395e-05,1,0,6,3,1,3,0,3,0,1,1,1
7,41,18,0.00011136393004562706,1,0,6,3,1,6,0,3,0,1,1,1
7,41,19,0.00010660025145625696,1,0,6,3,1,1,0,4,0,1,1,1
7,41,23,0.00021402478159870952,1,0,6,3,1,5,0,4,0,1,1,1
7,41,24,0.00019925777451135218,1,0,6,3,1,6,0,4,0,1,1,1
7,41,26,5.8783967688214034e-05,1,0,6,3,1,2,0,5,0,1,1,1
7,41,28,0.00011026991705875844,1,0,6,3,1,4,0,5,0,1,1,1
7,41,29,0.0002312611904926598,1,0,6,3,1,5,0,5,0,1,1,1
7,41,31,1.6448113456135616e-05,1,0,6,4,1,1,0,1,0,1,1,1
7,41,32,2.9791669931000797e-06,1,0,6,4,1,2,0,2,0,1,1,1
7,41,36,1.3459590263664722e-05,1,0,6,5,1,1,0,1,0,2,1,2
7,41,37,2.2052993244869867e-06,1,0,6,5,1,2,0,2,0,2,1,2
7,41,38,8.206262691601296e-07,1,0,6,5,1,3,0,3,0,2,1,2
7,41,42,0.00047366187209263444,1,1,6,6,1,2,0,0,0,0,1,1
7,41,43,0.0037927222438156605,1,1,6,6,1,3,0,0,0,0,1,1
7,41,45,0.0008888104930520058,1,1,6,6,1,5,0,0,0,0,1,1
7,41,47,0.9928891658782959,1,2,6,7,1,0,0,0,0,0,1,4
7,44,1,8.616442755737808e-06,1,0,6,3,4,1,0,1,0,1,1,1
7,44,2,0.00025533809093758464,1,0,6,3,4,2,0,1,0,1,1,1
7,44,6,0.0004065372922923416,1,0,6,3,4,6,0,1,0,1,1,1
7,44,7,1.531410998723004e-05,1,0,6,3,4,1,0,2,0,1,1,1
7,44,8,3.0859744583722204e-05,1,0,6,3,4,2,0,2,0,1,1,1
7,44,10,2.197003959736321e-05,1,0,6,3,4,4,0,2,0,1,1,1
7,44,13,5.959458349025226e-07,1,0,6,3,4,1,0,3,0,1,1,1
7,44,15,6.844727613497525e-05,1,0,6,3,4,3,0,3,0,1,1,1
7,44,18,1.9474378859740682e-05,1,0,6,3,4,6,0,3,0,1,1,1
7,44,19,3.17746089422144e-05,1,0,6,3,4,1,0,4,0,1,1,1
7,44,23,0.0006960875471122563,1,0,6,3,4,5,0,4,0,1,1,1
7,44,24,0.0007845554500818253,1,0,6,3,4,6,0,4,0,1,1,1
7,44,26,7.415258733090013e-05,1,0,6,3,4,2,0,5,0,1,1,1
7,44,28,0.00011628959327936172,1,0,6,3,4,4,0,5,0,1,1,1
7,44,29,7.83740179031156e-05,1,0,6,3,4,5,0,5,0,1,1,1
7,44,31,3.838140401057899e-06,1,0,6,4,4,1,0,1,0,1,1,1
7,44,32,2.126431809301721e-06,1,0,6,4,4,2,0,2,0,1,1,1
7,44,36,5.850624347658595e-06,1,0,6,5,4,1,0,1,0,2,1,2
7,44,37,4.08566393161891e-06,1,0,6,5,4,2,0,2,0,2,1,2
7,44,38,1.511128857600852e-06,1,0,6,5,4,3,0,3,0,2,1,2
7,44,42,0.000648520712275058,1,1,6,6,4,2,0,0,0,0,1,1
7,44,43,0.004570754710584879,1,1,6,6,4,3,0,0,0,0,1,1
7,44,45,0.001859981450252235,1,1,6,6,4,5,0,0,0,0,1,1
7,44,47,0.9902943968772888,1,2,6,7,4,0,0,0,0,0,1,4
7,46,1,0.00011533010547282174,1,0,6,3,6,1,0,1,0,1,1,1
7,46,2,7.19305025995709e-05,1,0,6,3,6,2,0,1,0,1,1,1
7,46,6,0.0002242535847472027,1,0,6,3,6,6,0,1,0,1,1,1
7,46,7,0.0011043916456401348,1,0,6,3,6,1,0,2,0,1,1,1
7,46,8,2.9242764867376536e-05,1,0,6,3,6,2,0,2,0,1,1,1
7,46,10,2.2457832528743893e-05,1,0,6,3,6,4,0,2,0,1,1,1
7,46,13,7.794442353770137e-05,1,0,6,3,6,1,0,3,0,1,1,1
7,46,15,0.0002683814091142267,1,0,6,3,6,3,0,3,0,1,1,1
7,46,18,0.00024996063439175487,1,0,6,3,6,6,0,3,0,1,1,1
7,46,19,0.0003284807607997209,1,0,6,3,6,1,0,4,0,1,1,1
7,46,23,0.0002683420025277883,1,0,6,3,6,5,0,4,0,1,1,1
7,46,24,0.0002451160689815879,1,0,6,3,6,6,0,4,0,1,1,1
7,46,26,0.00010843309428310022,1,0,6,3,6,2,0,5,0,1,1,1
7,46,28,0.0017749719554558396,1,0,6,3,6,4,0,5,0,1,1,1
7,46,29,0.0013857966987416148,1,0,6,3,6,5,0,5,0,1,1,1
7,46,31,1.116967268899316e-05,1,0,6,4,6,1,0,1,0,1,1,1
7,46,32,9.981574748962885e-07,1,0,6,4,6,2,0,2,0,1,1,1
7,46,36,1.9703363705048105e-06,1,0,6,5,6,1,0,1,0,2,1,2
7,46,37,2.646607129008771e-07,1,0,6,5,6,2,0,2,0,2,1,2
7,46,38,3.674631727790256e-07,1,0,6,5,6,3,0,3,0,2,1,2
7,46,42,0.0011576982215046883,1,1,6,6,6,2,0,0,0,0,1,1
7,46,43,0.015740036964416504,1,1,6,6,6,3,0,0,0,0,1,1
7,46,45,0.0021106910426169634,1,1,6,6,6,5,0,0,0,0,1,1
7,46,47,0.974702000617981,1,2,6,7,6,0,0,0,0,0,1,4
