coupling_layer,target_coord,fixed_coord,mean_attention,target_latent_type,fixed_latent_type,target_parameter_type,fixed_parameter_type,target_group,fixed_group,target_unit,fixed_unit,target_layer,fixed_layer,target_side,fixed_side
0,4,0,0.016972437500953674,0,0,3,1,4,0,1,0,1,2,1,4
0,4,1,0.06606760621070862,0,0,3,3,4,1,1,1,1,1,1,1
0,4,2,0.008050112053751945,0,0,3,3,4,2,1,1,1,1,1,1
0,4,3,0.005595560651272535,0,0,3,3,4,3,1,1,1,1,1,1
0,4,5,0.010337448678910732,0,0,3,3,4,5,1,1,1,1,1,1
0,4,6,0.010756817646324635,0,0,3,3,4,6,1,1,1,1,1,1
0,4,7,0.018519161269068718,0,0,3,3,4,1,1,2,1,1,1,1
0,4,11,0.025681598111987114,0,0,3,3,4,5,1,2,1,1,1,1
0,4,13,0.007475691381841898,0,0,3,3,4,1,1,3,1,1,1,1
0,4,18,0.003981849644333124,0,0,3,3,4,6,1,3,1,1,1,1
0,4,23,0.03668547421693802,0,0,3,3,4,5,1,4,1,1,1,1
0,4,24,0.005805321037769318,0,0,3,3,4,6,1,4,1,1,1,1
0,4,25,0.0005576800322160125,0,0,3,3,4,1,1,5,1,1,1,1
0,4,26,0.0008579232962802052,0,0,3,3,4,2,1,5,1,1,1,1
0,4,28,0.0012707819696515799,0,0,3,3,4,4,1,5,1,1,1,1
0,4,31,0.0022467956878244877,0,0,3,4,4,1,1,1,1,1,1,1
0,4,32,0.0050941528752446175,0,0,3,4,4,2,1,2,1,1,1,1
0,4,33,0.000888304493855685,0,0,3,4,4,3,1,3,1,1,1,1
0,4,34,0.001918009016662836,0,0,3,4,4,4,1,4,1,1,1,1
0,4,38,0.6794164180755615,0,0,3,5,4,3,1,3,1,2,1,2
0,4,40,0.09046896547079086,0,0,3,5,4,5,1,5,1,2,1,2
0,4,43,0.0008071490447036922,0,1,3,6,4,3,1,0,1,0,1,1
0,4,44,5.0291713705519214e-05,0,1,3,6,4,4,1,0,1,0,1,1
0,4,46,0.0004946966655552387,0,1,3,6,4,6,1,0,1,0,1,1
0,8,0,0.007421713788062334,0,0,3,1,2,0,2,0,1,2,1,4
0,8,1,0.04921281337738037,0,0,3,3,2,1,2,1,1,1,1,1
0,8,2,0.0036331680603325367,0,0,3,3,2,2,2,1,1,1,1,1
0,8,3,0.0055740163661539555,0,0,3,3,2,3,2,1,1,1,1,1
0,8,5,0.004305629525333643,0,0,3,3,2,5,2,1,1,1,1,1
0,8,6,0.0011249923845753074,0,0,3,3,2,6,2,1,1,1,1,1
0,8,7,0.015042375773191452,0,0,3,3,2,1,2,2,1,1,1,1
0,8,11,0.006444974336773157,0,0,3,3,2,5,2,2,1,1,1,1
0,8,13,0.0010127355344593525,0,0,3,3,2,1,2,3,1,1,1,1
0,8,18,0.00010337005369365215,0,0,3,3,2,6,2,3,1,1,1,1
0,8,23,0.0065686507150530815,0,0,3,3,2,5,2,4,1,1,1,1
0,8,24,0.00032283435575664043,0,0,3,3,2,6,2,4,1,1,1,1
0,8,25,0.00010758942516986281,0,0,3,3,2,1,2,5,1,1,1,1
0,8,26,0.00014749506954103708,0,0,3,3,2,2,2,5,1,1,1,1
0,8,28,6.711533205816522e-05,0,0,3,3,2,4,2,5,1,1,1,1
0,8,31,0.0005643534823320806,0,0,3,4,2,1,2,1,1,1,1,1
0,8,32,0.00044414433068595827,0,0,3,4,2,2,2,2,1,1,1,1
0,8,33,0.00014083592395763844,0,0,3,4,2,3,2,3,1,1,1,1
0,8,34,0.00016540047363378108,0,0,3,4,2,4,2,4,1,1,1,1
0,8,38,0.7999580502510071,0,0,3,5,2,3,2,3,1,2,1,2
0,8,40,0.09667643904685974,0,0,3,5,2,5,2,5,1,2,1,2
0,8,43,0.0008812121814116836,0,1,3,6,2,3,2,0,1,0,1,1
0,8,44,3.369508931427845e-06,0,1,3,6,2,4,2,0,1,0,1,1
0,8,46,7.599987293360755e-05,0,1,3,6,2,6,2,0,1,0,1,1
0,9,0,0.03390609472990036,0,0,3,1,3,0,2,0,1,2,1,4
0,9,1,0.124718576669693,0,0,3,3,3,1,2,1,1,1,1,1
0,9,2,0.013225631788372993,0,0,3,3,3,2,2,1,1,1,1,1
0,9,3,0.09538979828357697,0,0,3,3,3,3,2,1,1,1,1,1
0,9,5,0.11431361734867096,0,0,3,3,3,5,2,1,1,1,1,1
0,9,6,0.01548309437930584,0,0,3,3,3,6,2,1,1,1,1,1
0,9,7,0.16414059698581696,0,0,3,3,3,1,2,2,1,1,1,1
0,9,11,0.11866052448749542,0,0,3,3,3,5,2,2,1,1,1,1
0,9,13,0.008557973429560661,0,0,3,3,3,1,2,3,1,1,1,1
0,9,18,0.007345425430685282,0,0,3,3,3,6,2,3,1,1,1,1
0,9,23,0.0297095887362957,0,0,3,3,3,5,2,4,1,1,1,1
0,9,24,0.0012324022827669978,0,0,3,3,3,6,2,4,1,1,1,1
0,9,25,0.036681465804576874,0,0,3,3,3,1,2,5,1,1,1,1
0,9,26,0.012620829977095127,0,0,3,3,3,2,2,5,1,1,1,1
0,9,28,0.08159273862838745,0,0,3,3,3,4,2,5,1,1,1,1
0,9,31,0.01607668772339821,0,0,3,4,3,1,2,1,1,1,1,1
0,9,32,0.006542128510773182,0,0,3,4,3,2,2,2,1,1,1,1
0,9,33,0.00623724702745676,0,0,3,4,3,3,2,3,1,1,1,1
0,9,34,0.0018911947263404727,0,0,3,4,3,4,2,4,1,1,1,1
0,9,38,0.0638919249176979,0,0,3,5,3,3,2,3,1,2,1,2
0,9,40,0.03509572148323059,0,0,3,5,3,5,2,5,1,2,1,2
0,9,43,0.005207467824220657,0,1,3,6,3,3,2,0,1,0,1,1
0,9,44,0.005985037423670292,0,1,3,6,3,4,2,0,1,0,1,1
0,9,46,0.0014944279100745916,0,1,3,6,3,6,2,0,1,0,1,1
0,10,0,0.00010601123358355835,0,0,3,1,4,0,2,0,1,2,1,4
0,10,1,0.01884688064455986,0,0,3,3,4,1,2,1,1,1,1,1
0,10,2,0.00022744025045540184,0,0,3,3,4,2,2,1,1,1,1,1
0,10,3,0.001127778785303235,0,0,3,3,4,3,2,1,1,1,1,1
0,10,5,0.00433494383469224,0,0,3,3,4,5,2,1,1,1,1,1
0,10,6,9.386774763697758e-05,0,0,3,3,4,6,2,1,1,1,1,1
0,10,7,0.164394348859787,0,0,3,3,4,1,2,2,1,1,1,1
0,10,11,0.7747674584388733,0,0,3,3,4,5,2,2,1,1,1,1
0,10,13,0.0004927787813358009,0,0,3,3,4,1,2,3,1,1,1,1
0,10,18,0.00020961850532330573,0,0,3,3,4,6,2,3,1,1,1,1
0,10,23,0.011423273012042046,0,0,3,3,4,5,2,4,1,1,1,1
0,10,24,0.0001877115573734045,0,0,3,3,4,6,2,4,1,1,1,1
0,10,25,3.877223571180366e-05,0,0,3,3,4,1,2,5,1,1,1,1
0,10,26,4.842816269956529e-05,0,0,3,3,4,2,2,5,1,1,1,1
0,10,28,0.0008576521649956703,0,0,3,3,4,4,2,5,1,1,1,1
0,10,31,0.0005522408173419535,0,0,3,4,4,1,2,1,1,1,1,1
0,10,32,0.009510473348200321,0,0,3,4,4,2,2,2,1,1,1,1
0,10,33,0.0002635094861034304,0,0,3,4,4,3,2,3,1,1,1,1
0,10,34,0.0009828065522015095,0,0,3,4,4,4,2,4,1,1,1,1
0,10,38,0.004536793101578951,0,0,3,5,4,3,2,3,1,2,1,2
0,10,40,0.006673929747194052,0,0,3,5,4,5,2,5,1,2,1,2
0,10,43,0.00024753992329351604,0,1,3,6,4,3,2,0,1,0,1,1
0,10,44,5.321404751157388e-05,0,1,3,6,4,4,2,0,1,0,1,1
0,10,46,2.22647977352608e-05,0,1,3,6,4,6,2,0,1,0,1,1
0,12,0,0.027502208948135376,0,0,3,1,6,0,2,0,1,2,1,4
0,12,1,0.03550513833761215,0,0,3,3,6,1,2,1,1,1,1,1
0,12,2,0.0007548544090241194,0,0,3,3,6,2,2,1,1,1,1,1
0,12,3,0.0035033333115279675,0,0,3,3,6,3,2,1,1,1,1,1
0,12,5,0.0030876623932272196,0,0,3,3,6,5,2,1,1,1,1,1
0,12,6,0.0007372471154667437,0,0,3,3,6,6,2,1,1,1,1,1
0,12,7,0.035777512937784195,0,0,3,3,6,1,2,2,1,1,1,1
0,12,11,0.0089718634262681,0,0,3,3,6,5,2,2,1,1,1,1
0,12,13,0.0032060607336461544,0,0,3,3,6,1,2,3,1,1,1,1
0,12,18,0.0020709617529064417,0,0,3,3,6,6,2,3,1,1,1,1
0,12,23,0.0050147101283073425,0,0,3,3,6,5,2,4,1,1,1,1
0,12,24,0.00040952430572360754,0,0,3,3,6,6,2,4,1,1,1,1
0,12,25,0.00020703843620140105,0,0,3,3,6,1,2,5,1,1,1,1
0,12,26,0.00013559414946939796,0,0,3,3,6,2,2,5,1,1,1,1
0,12,28,0.0007538808858953416,0,0,3,3,6,4,2,5,1,1,1,1
0,12,31,0.0020645386539399624,0,0,3,4,6,1,2,1,1,1,1,1
0,12,32,0.0016866779187694192,0,0,3,4,6,2,2,2,1,1,1,1
0,12,33,0.0018072347156703472,0,0,3,4,6,3,2,3,1,1,1,1
0,12,34,0.0005510051269084215,0,0,3,4,6,4,2,4,1,1,1,1
0,12,38,0.8161213397979736,0,0,3,5,6,3,2,3,1,2,1,2
0,12,40,0.045992013067007065,0,0,3,5,6,5,2,5,1,2,1,2
0,12,43,0.0027238973416388035,0,1,3,6,6,3,2,0,1,0,1,1
0,12,44,0.0005752650904469192,0,1,3,6,6,4,2,0,1,0,1,1
0,12,46,0.0008411090238951147,0,1,3,6,6,6,2,0,1,0,1,1
0,14,0,9.18938749236986e-05,0,0,3,1,2,0,3,0,1,2,1,4
0,14,1,0.13459745049476624,0,0,3,3,2,1,3,1,1,1,1,1
0,14,2,0.025962483137845993,0,0,3,3,2,2,3,1,1,1,1,1
0,14,3,0.035992030054330826,0,0,3,3,2,3,3,1,1,1,1,1
0,14,5,0.03876202926039696,0,0,3,3,2,5,3,1,1,1,1,1
0,14,6,0.0029969648458063602,0,0,3,3,2,6,3,1,1,1,1,1
0,14,7,0.3523000180721283,0,0,3,3,2,1,3,2,1,1,1,1
0,14,11,0.15689794719219208,0,0,3,3,2,5,3,2,1,1,1,1
0,14,13,0.010475864633917809,0,0,3,3,2,1,3,3,1,1,1,1
0,14,18,0.005639193579554558,0,0,3,3,2,6,3,3,1,1,1,1
0,14,23,0.06833863258361816,0,0,3,3,2,5,3,4,1,1,1,1
0,14,24,0.01719963736832142,0,0,3,3,2,6,3,4,1,1,1,1
0,14,25,0.0013224075082689524,0,0,3,3,2,1,3,5,1,1,1,1
0,14,26,0.0051611498929560184,0,0,3,3,2,2,3,5,1,1,1,1
0,14,28,0.0070021748542785645,0,0,3,3,2,4,3,5,1,1,1,1
0,14,31,0.016546351835131645,0,0,3,4,2,1,3,1,1,1,1,1
0,14,32,0.053642429411411285,0,0,3,4,2,2,3,2,1,1,1,1
0,14,33,0.006771255750209093,0,0,3,4,2,3,3,3,1,1,1,1
0,14,34,0.011134873144328594,0,0,3,4,2,4,3,4,1,1,1,1
0,14,38,0.012961482629179955,0,0,3,5,2,3,3,3,1,2,1,2
0,14,40,0.008542009629309177,0,0,3,5,2,5,3,5,1,2,1,2
0,14,43,0.01923501119017601,0,1,3,6,2,3,3,0,1,0,1,1
0,14,44,0.00709319906309247,0,1,3,6,2,4,3,0,1,0,1,1
0,14,46,0.001333206077106297,0,1,3,6,2,6,3,0,1,0,1,1
0,15,0,0.00111184804700315,0,0,3,1,3,0,3,0,1,2,1,4
0,15,1,0.16853484511375427,0,0,3,3,3,1,3,1,1,1,1,1
0,15,2,0.0035936159547418356,0,0,3,3,3,2,3,1,1,1,1,1
0,15,3,0.014012699946761131,0,0,3,3,3,3,3,1,1,1,1,1
0,15,5,0.027458561584353447,0,0,3,3,3,5,3,1,1,1,1,1
0,15,6,0.001496613840572536,0,0,3,3,3,6,3,1,1,1,1,1
0,15,7,0.2833687365055084,0,0,3,3,3,1,3,2,1,1,1,1
0,15,11,0.16657491028308868,0,0,3,3,3,5,3,2,1,1,1,1
0,15,13,0.008891109377145767,0,0,3,3,3,1,3,3,1,1,1,1
0,15,18,0.009087121114134789,0,0,3,3,3,6,3,3,1,1,1,1
0,15,23,0.08534394949674606,0,0,3,3,3,5,3,4,1,1,1,1
0,15,24,0.01309535838663578,0,0,3,3,3,6,3,4,1,1,1,1
0,15,25,0.001520888414233923,0,0,3,3,3,1,3,5,1,1,1,1
0,15,26,0.002514363033697009,0,0,3,3,3,2,3,5,1,1,1,1
0,15,28,0.010512344539165497,0,0,3,3,3,4,3,5,1,1,1,1
0,15,31,0.019598474726080894,0,0,3,4,3,1,3,1,1,1,1,1
0,15,32,0.039804331958293915,0,0,3,4,3,2,3,2,1,1,1,1
0,15,33,0.020720437169075012,0,0,3,4,3,3,3,3,1,1,1,1
0,15,34,0.011570344679057598,0,0,3,4,3,4,3,4,1,1,1,1
0,15,38,0.07216881215572357,0,0,3,5,3,3,3,3,1,2,1,2
0,15,40,0.01788119040429592,0,0,3,5,3,5,3,5,1,2,1,2
0,15,43,0.010123862884938717,0,1,3,6,3,3,3,0,1,0,1,1
0,15,44,0.009776489809155464,0,1,3,6,3,4,3,0,1,0,1,1
0,15,46,0.0012393139768391848,0,1,3,6,3,6,3,0,1,0,1,1
0,16,0,6.210031278897077e-05,0,0,3,1,4,0,3,0,1,2,1,4
0,16,1,0.042958617210388184,0,0,3,3,4,1,3,1,1,1,1,1
0,16,2,0.0012119316961616278,0,0,3,3,4,2,3,1,1,1,1,1
0,16,3,0.004589628428220749,0,0,3,3,4,3,3,1,1,1,1,1
0,16,5,0.006929945666342974,0,0,3,3,4,5,3,1,1,1,1,1
0,16,6,0.00018945458577945828,0,0,3,3,4,6,3,1,1,1,1,1
0,16,7,0.5489931702613831,0,0,3,3,4,1,3,2,1,1,1,1
0,16,11,0.21970786154270172,0,0,3,3,4,5,3,2,1,1,1,1
0,16,13,0.0014585793251171708,0,0,3,3,4,1,3,3,1,1,1,1
0,16,18,0.0009326545405201614,0,0,3,3,4,6,3,3,1,1,1,1
0,16,23,0.0254809632897377,0,0,3,3,4,5,3,4,1,1,1,1
0,16,24,0.002353611635044217,0,0,3,3,4,6,3,4,1,1,1,1
0,16,25,7.992824976099655e-05,0,0,3,3,4,1,3,5,1,1,1,1
0,16,26,0.00015446908946614712,0,0,3,3,4,2,3,5,1,1,1,1
0,16,28,0.001047844416461885,0,0,3,3,4,4,3,5,1,1,1,1
0,16,31,0.008703337982296944,0,0,3,4,4,1,3,1,1,1,1,1
0,16,32,0.10617591440677643,0,0,3,4,4,2,3,2,1,1,1,1
0,16,33,0.00253066373988986,0,0,3,4,4,3,3,3,1,1,1,1
0,16,34,0.005140325054526329,0,0,3,4,4,4,3,4,1,1,1,1
0,16,38,0.004245402757078409,0,0,3,5,4,3,3,3,1,2,1,2
0,16,40,0.006031815428286791,0,0,3,5,4,5,3,5,1,2,1,2
0,16,43,0.00804881565272808,0,1,3,6,4,3,3,0,1,0,1,1
0,16,44,0.0025768810883164406,0,1,3,6,4,4,3,0,1,0,1,1
0,16,46,0.0003958706511184573,0,1,3,6,4,6,3,0,1,0,1,1
0,17,0,2.0803405277547427e-05,0,0,3,1,5,0,3,0,1,2,1,4
0,17,1,0.028161613270640373,0,0,3,3,5,1,3,1,1,1,1,1
0,17,2,0.0010973194148391485,0,0,3,3,5,2,3,1,1,1,1,1
0,17,3,0.0027780861128121614,0,0,3,3,5,3,3,1,1,1,1,1
0,17,5,0.006675980519503355,0,0,3,3,5,5,3,1,1,1,1,1
0,17,6,0.0003164279623888433,0,0,3,3,5,6,3,1,1,1,1,1
0,17,7,0.3910960555076599,0,0,3,3,5,1,3,2,1,1,1,1
0,17,11,0.4226139485836029,0,0,3,3,5,5,3,2,1,1,1,1
0,17,13,0.0015346616273745894,0,0,3,3,5,1,3,3,1,1,1,1
0,17,18,0.0033657753374427557,0,0,3,3,5,6,3,3,1,1,1,1
0,17,23,0.017392098903656006,0,0,3,3,5,5,3,4,1,1,1,1
0,17,24,0.002880050800740719,0,0,3,3,5,6,3,4,1,1,1,1
0,17,25,0.0006866338662803173,0,0,3,3,5,1,3,5,1,1,1,1
0,17,26,0.0011110262712463737,0,0,3,3,5,2,3,5,1,1,1,1
0,17,28,0.0031413515098392963,0,0,3,3,5,4,3,5,1,1,1,1
0,17,31,0.007100329268723726,0,0,3,4,5,1,3,1,1,1,1,1
0,17,32,0.09716299176216125,0,0,3,4,5,2,3,2,1,1,1,1
0,17,33,0.0023873946629464626,0,0,3,4,5,3,3,3,1,1,1,1
0,17,34,0.0019956601317971945,0,0,3,4,5,4,3,4,1,1,1,1
0,17,38,0.0007305509061552584,0,0,3,5,5,3,3,3,1,2,1,2
0,17,40,0.0005227975780144334,0,0,3,5,5,5,3,5,1,2,1,2
0,17,43,0.0033076314721256495,0,1,3,6,5,3,3,0,1,0,1,1
0,17,44,0.0037451074458658695,0,1,3,6,5,4,3,0,1,0,1,1
0,17,46,0.00017581472638994455,0,1,3,6,5,6,3,0,1,0,1,1
0,19,0,0.07425446808338165,0,0,3,1,1,0,4,0,1,2,1,4
0,19,1,0.1279205083847046,0,0,3,3,1,1,4,1,1,1,1,1
0,19,2,0.06670644879341125,0,0,3,3,1,2,4,1,1,1,1,1
0,19,3,0.06821416318416595,0,0,3,3,1,3,4,1,1,1,1,1
0,19,5,0.041308119893074036,0,0,3,3,1,5,4,1,1,1,1,1
0,19,6,0.03501797839999199,0,0,3,3,1,6,4,1,1,1,1,1
0,19,7,0.07123453915119171,0,0,3,3,1,1,4,2,1,1,1,1
0,19,11,0.01461224164813757,0,0,3,3,1,5,4,2,1,1,1,1
0,19,13,0.006420922931283712,0,0,3,3,1,1,4,3,1,1,1,1
0,19,18,0.004019171930849552,0,0,3,3,1,6,4,3,1,1,1,1
0,19,23,0.029784750193357468,0,0,3,3,1,5,4,4,1,1,1,1
0,19,24,0.0053487494587898254,0,0,3,3,1,6,4,4,1,1,1,1
0,19,25,0.011157446540892124,0,0,3,3,1,1,4,5,1,1,1,1
0,19,26,0.011884107254445553,0,0,3,3,1,2,4,5,1,1,1,1
0,19,28,0.0030157859437167645,0,0,3,3,1,4,4,5,1,1,1,1
0,19,31,0.011701066978275776,0,0,3,4,1,1,4,1,1,1,1,1
0,19,32,0.00814063474535942,0,0,3,4,1,2,4,2,1,1,1,1
0,19,33,0.0011970665073022246,0,0,3,4,1,3,4,3,1,1,1,1
0,19,34,0.0011180087458342314,0,0,3,4,1,4,4,4,1,1,1,1
0,19,38,0.3016107380390167,0,0,3,5,1,3,4,3,1,2,1,2
0,19,40,0.09845633059740067,0,0,3,5,1,5,4,5,1,2,1,2
0,19,43,0.005259957164525986,0,1,3,6,1,3,4,0,1,0,1,1
0,19,44,0.00017634370306041092,0,1,3,6,1,4,4,0,1,0,1,1
0,19,46,0.0014406056143343449,0,1,3,6,1,6,4,0,1,0,1,1
0,20,0,0.03912010043859482,0,0,3,1,2,0,4,0,1,2,1,4
0,20,1,0.13352566957473755,0,0,3,3,2,1,4,1,1,1,1,1
0,20,2,0.015681611374020576,0,0,3,3,2,2,4,1,1,1,1,1
0,20,3,0.011347895488142967,0,0,3,3,2,3,4,1,1,1,1,1
0,20,5,0.05728847533464432,0,0,3,3,2,5,4,1,1,1,1,1
0,20,6,0.03294789791107178,0,0,3,3,2,6,4,1,1,1,1,1
0,20,7,0.010603874921798706,0,0,3,3,2,1,4,2,1,1,1,1
0,20,11,0.043404482305049896,0,0,3,3,2,5,4,2,1,1,1,1
0,20,13,0.020995618775486946,0,0,3,3,2,1,4,3,1,1,1,1
0,20,18,0.008021924644708633,0,0,3,3,2,6,4,3,1,1,1,1
0,20,23,0.3394281268119812,0,0,3,3,2,5,4,4,1,1,1,1
0,20,24,0.026218730956315994,0,0,3,3,2,6,4,4,1,1,1,1
0,20,25,0.009953301399946213,0,0,3,3,2,1,4,5,1,1,1,1
0,20,26,0.006391466595232487,0,0,3,3,2,2,4,5,1,1,1,1
0,20,28,0.0022903666831552982,0,0,3,3,2,4,4,5,1,1,1,1
0,20,31,0.00826669204980135,0,0,3,4,2,1,4,1,1,1,1,1
0,20,32,0.00403621094301343,0,0,3,4,2,2,4,2,1,1,1,1
0,20,33,0.0029980132821947336,0,0,3,4,2,3,4,3,1,1,1,1
0,20,34,0.005217983853071928,0,0,3,4,2,4,4,4,1,1,1,1
0,20,38,0.14038792252540588,0,0,3,5,2,3,4,3,1,2,1,2
0,20,40,0.08165483921766281,0,0,3,5,2,5,4,5,1,2,1,2
0,20,43,8.516327216057107e-05,0,1,3,6,2,3,4,0,1,0,1,1
0,20,44,2.1947889763396233e-06,0,1,3,6,2,4,4,0,1,0,1,1
0,20,46,0.00013159414811525494,0,1,3,6,2,6,4,0,1,0,1,1
0,21,0,0.07508207112550735,0,0,3,1,3,0,4,0,1,2,1,4
0,21,1,0.09166346490383148,0,0,3,3,3,1,4,1,1,1,1,1
0,21,2,0.004427558276802301,0,0,3,3,3,2,4,1,1,1,1,1
0,21,3,0.014344975352287292,0,0,3,3,3,3,4,1,1,1,1,1
0,21,5,0.02856767736375332,0,0,3,3,3,5,4,1,1,1,1,1
0,21,6,0.013035493902862072,0,0,3,3,3,6,4,1,1,1,1,1
0,21,7,0.008879841305315495,0,0,3,3,3,1,4,2,1,1,1,1
0,21,11,0.004957475699484348,0,0,3,3,3,5,4,2,1,1,1,1
0,21,13,0.005541524849832058,0,0,3,3,3,1,4,3,1,1,1,1
0,21,18,0.0034940235782414675,0,0,3,3,3,6,4,3,1,1,1,1
0,21,23,0.0541682094335556,0,0,3,3,3,5,4,4,1,1,1,1
0,21,24,0.0024795776698738337,0,0,3,3,3,6,4,4,1,1,1,1
0,21,25,0.007750755175948143,0,0,3,3,3,1,4,5,1,1,1,1
0,21,26,0.0018135755090042949,0,0,3,3,3,2,4,5,1,1,1,1
0,21,28,0.004739992320537567,0,0,3,3,3,4,4,5,1,1,1,1
0,21,31,0.004950001370161772,0,0,3,4,3,1,4,1,1,1,1,1
0,21,32,0.0009812425123527646,0,0,3,4,3,2,4,2,1,1,1,1
0,21,33,0.0012239066418260336,0,0,3,4,3,3,4,3,1,1,1,1
0,21,34,0.0007974094478413463,0,0,3,4,3,4,4,4,1,1,1,1
0,21,38,0.5138264894485474,0,0,3,5,3,3,4,3,1,2,1,2
0,21,40,0.15709641575813293,0,0,3,5,3,5,4,5,1,2,1,2
0,21,43,7.711733633186668e-05,0,1,3,6,3,3,4,0,1,0,1,1
0,21,44,1.0145258784177713e-05,0,1,3,6,3,4,4,0,1,0,1,1
0,21,46,9.070838859770447e-05,0,1,3,6,3,6,4,0,1,0,1,1
0,22,0,0.002717974130064249,0,0,3,1,4,0,4,0,1,2,1,4
0,22,1,0.10757270455360413,0,0,3,3,4,1,4,1,1,1,1,1
0,22,2,0.002387740882113576,0,0,3,3,4,2,4,1,1,1,1,1
0,22,3,0.007410614751279354,0,0,3,3,4,3,4,1,1,1,1,1
0,22,5,0.028450680896639824,0,0,3,3,4,5,4,1,1,1,1,1
0,22,6,0.0016444721259176731,0,0,3,3,4,6,4,1,1,1,1,1
0,22,7,0.278202086687088,0,0,3,3,4,1,4,2,1,1,1,1
0,22,11,0.33628877997398376,0,0,3,3,4,5,4,2,1,1,1,1
0,22,13,0.0028875884599983692,0,0,3,3,4,1,4,3,1,1,1,1
0,22,18,0.002739767311140895,0,0,3,3,4,6,4,3,1,1,1,1
0,22,23,0.07098431885242462,0,0,3,3,4,5,4,4,1,1,1,1
0,22,24,0.0017800129717215896,0,0,3,3,4,6,4,4,1,1,1,1
0,22,25,0.0011650009546428919,0,0,3,3,4,1,4,5,1,1,1,1
0,22,26,0.0005951866623945534,0,0,3,3,4,2,4,5,1,1,1,1
0,22,28,0.00440970016643405,0,0,3,3,4,4,4,5,1,1,1,1
0,22,31,0.009534229524433613,0,0,3,4,4,1,4,1,1,1,1,1
0,22,32,0.033052559942007065,0,0,3,4,4,2,4,2,1,1,1,1
0,22,33,0.0012209526030346751,0,0,3,4,4,3,4,3,1,1,1,1
0,22,34,0.0020341386552900076,0,0,3,4,4,4,4,4,1,1,1,1
0,22,38,0.045619599521160126,0,0,3,5,4,3,4,3,1,2,1,2
0,22,40,0.05782023072242737,0,0,3,5,4,5,4,5,1,2,1,2
0,22,43,0.0009171671699732542,0,1,3,6,4,3,4,0,1,0,1,1
0,22,44,0.0002581634616944939,0,1,3,6,4,4,4,0,1,0,1,1
0,22,46,0.00030571460956707597,0,1,3,6,4,6,4,0,1,0,1,1
0,27,0,0.013679821975529194,0,0,3,1,3,0,5,0,1,2,1,4
0,27,1,0.06935617327690125,0,0,3,3,3,1,5,1,1,1,1,1
0,27,2,0.013789516873657703,0,0,3,3,3,2,5,1,1,1,1,1
0,27,3,0.0075572701171040535,0,0,3,3,3,3,5,1,1,1,1,1
0,27,5,0.011333353817462921,0,0,3,3,3,5,5,1,1,1,1,1
0,27,6,0.048403285443782806,0,0,3,3,3,6,5,1,1,1,1,1
0,27,7,0.02077929861843586,0,0,3,3,3,1,5,2,1,1,1,1
0,27,11,0.18334084749221802,0,0,3,3,3,5,5,2,1,1,1,1
0,27,13,0.021046355366706848,0,0,3,3,3,1,5,3,1,1,1,1
0,27,18,0.11155642569065094,0,0,3,3,3,6,5,3,1,1,1,1
0,27,23,0.05515727773308754,0,0,3,3,3,5,5,4,1,1,1,1
0,27,24,0.030158746987581253,0,0,3,3,3,6,5,4,1,1,1,1
0,27,25,0.012495745904743671,0,0,3,3,3,1,5,5,1,1,1,1
0,27,26,0.018133817240595818,0,0,3,3,3,2,5,5,1,1,1,1
0,27,28,0.02740408107638359,0,0,3,3,3,4,5,5,1,1,1,1
0,27,31,0.00474461680278182,0,0,3,4,3,1,5,1,1,1,1,1
0,27,32,0.019600190222263336,0,0,3,4,3,2,5,2,1,1,1,1
0,27,33,0.01441867370158434,0,0,3,4,3,3,5,3,1,1,1,1
0,27,34,0.008338136598467827,0,0,3,4,3,4,5,4,1,1,1,1
0,27,38,0.2433657944202423,0,0,3,5,3,3,5,3,1,2,1,2
0,27,40,0.05956416204571724,0,0,3,5,3,5,5,5,1,2,1,2
0,27,43,0.002507908036932349,0,1,3,6,3,3,5,0,1,0,1,1
0,27,44,0.0010268503101542592,0,1,3,6,3,4,5,0,1,0,1,1
0,27,46,0.002241783309727907,0,1,3,6,3,6,5,0,1,0,1,1
0,29,0,0.0002120225690305233,0,0,3,1,5,0,5,0,1,2,1,4
0,29,1,0.09538184106349945,0,0,3,3,5,1,5,1,1,1,1,1
0,29,2,0.011692364700138569,0,0,3,3,5,2,5,1,1,1,1,1
0,29,3,0.012348161078989506,0,0,3,3,5,3,5,1,1,1,1,1
0,29,5,0.0024729808792471886,0,0,3,3,5,5,5,1,1,1,1,1
0,29,6,0.0061371722258627415,0,0,3,3,5,6,5,1,1,1,1,1
0,29,7,0.1055968701839447,0,0,3,3,5,1,5,2,1,1,1,1
0,29,11,0.03339128941297531,0,0,3,3,5,5,5,2,1,1,1,1
0,29,13,0.005436846986413002,0,0,3,3,5,1,5,3,1,1,1,1
0,29,18,0.02055884338915348,0,0,3,3,5,6,5,3,1,1,1,1
0,29,23,0.010729046538472176,0,0,3,3,5,5,5,4,1,1,1,1
0,29,24,0.005560742691159248,0,0,3,3,5,6,5,4,1,1,1,1
0,29,25,0.0005970417405478656,0,0,3,3,5,1,5,5,1,1,1,1
0,29,26,0.000926939130295068,0,0,3,3,5,2,5,5,1,1,1,1
0,29,28,0.002814495237544179,0,0,3,3,5,4,5,5,1,1,1,1
0,29,31,0.003886458231136203,0,0,3,4,5,1,5,1,1,1,1,1
0,29,32,0.02618776634335518,0,0,3,4,5,2,5,2,1,1,1,1
0,29,33,0.002377765253186226,0,0,3,4,5,3,5,3,1,1,1,1
0,29,34,0.0011182735906913877,0,0,3,4,5,4,5,4,1,1,1,1
0,29,38,0.5561599135398865,0,0,3,5,5,3,5,3,1,2,1,2
0,29,40,0.08181850612163544,0,0,3,5,5,5,5,5,1,2,1,2
0,29,43,0.01265009492635727,0,1,3,6,5,3,5,0,1,0,1,1
0,29,44,0.0012446291511878371,0,1,3,6,5,4,5,0,1,0,1,1
0,29,46,0.0006997972959652543,0,1,3,6,5,6,5,0,1,0,1,1
0,30,0,0.00034252236946485937,0,0,3,1,6,0,5,0,1,2,1,4
0,30,1,0.01112899649888277,0,0,3,3,6,1,5,1,1,1,1,1
0,30,2,9.74061040324159e-05,0,0,3,3,6,2,5,1,1,1,1,1
0,30,3,0.0006254858453758061,0,0,3,3,6,3,5,1,1,1,1,1
0,30,5,0.00010401959298178554,0,0,3,3,6,5,5,1,1,1,1,1
0,30,6,7.340598676819354e-05,0,0,3,3,6,6,5,1,1,1,1,1
0,30,7,0.014512518420815468,0,0,3,3,6,1,5,2,1,1,1,1
0,30,11,0.0006446447223424911,0,0,3,3,6,5,5,2,1,1,1,1
0,30,13,0.0006846352480351925,0,0,3,3,6,1,5,3,1,1,1,1
0,30,18,0.00041827347013168037,0,0,3,3,6,6,5,3,1,1,1,1
0,30,23,0.0002960574347525835,0,0,3,3,6,5,5,4,1,1,1,1
0,30,24,4.7588142479071394e-05,0,0,3,3,6,6,5,4,1,1,1,1
0,30,25,7.887604624556843e-06,0,0,3,3,6,1,5,5,1,1,1,1
0,30,26,5.360976047086297e-06,0,0,3,3,6,2,5,5,1,1,1,1
0,30,28,4.616610749508254e-05,0,0,3,3,6,4,5,5,1,1,1,1
0,30,31,0.00020790478447452188,0,0,3,4,6,1,5,1,1,1,1,1
0,30,32,0.0005271243280731142,0,0,3,4,6,2,5,2,1,1,1,1
0,30,33,0.0003677158383652568,0,0,3,4,6,3,5,3,1,1,1,1
0,30,34,4.033039658679627e-05,0,0,3,4,6,4,5,4,1,1,1,1
0,30,38,0.9572388529777527,0,0,3,5,6,3,5,3,1,2,1,2
0,30,40,0.011110394261777401,0,0,3,5,6,5,5,5,1,2,1,2
0,30,43,0.0013299735728651285,0,1,3,6,6,3,5,0,1,0,1,1
0,30,44,9.836719982558861e-05,0,1,3,6,6,4,5,0,1,0,1,1
0,30,46,4.409697430673987e-05,0,1,3,6,6,6,5,0,1,0,1,1
0,35,0,1.831153713283129e-05,0,0,4,1,5,0,5,0,1,2,1,4
0,35,1,0.24724306166172028,0,0,4,3,5,1,5,1,1,1,1,1
0,35,2,0.0020434176549315453,0,0,4,3,5,2,5,1,1,1,1,1
0,35,3,0.005611905362457037,0,0,4,3,5,3,5,1,1,1,1,1
0,35,5,0.0067999898456037045,0,0,4,3,5,5,5,1,1,1,1,1
0,35,6,0.0008331177523359656,0,0,4,3,5,6,5,1,1,1,1,1
0,35,7,0.23563843965530396,0,0,4,3,5,1,5,2,1,1,1,1
0,35,11,0.14321406185626984,0,0,4,3,5,5,5,2,1,1,1,1
0,35,13,0.009363926015794277,0,0,4,3,5,1,5,3,1,1,1,1
0,35,18,0.006669220514595509,0,0,4,3,5,6,5,3,1,1,1,1
0,35,23,0.1405758261680603,0,0,4,3,5,5,5,4,1,1,1,1
0,35,24,0.013468737713992596,0,0,4,3,5,6,5,4,1,1,1,1
0,35,25,0.0004717445990536362,0,0,4,3,5,1,5,5,1,1,1,1
0,35,26,0.0003870732616633177,0,0,4,3,5,2,5,5,1,1,1,1
0,35,28,0.001673985505476594,0,0,4,3,5,4,5,5,1,1,1,1
0,35,31,0.006088388618081808,0,0,4,4,5,1,5,1,1,1,1,1
0,35,32,0.04702075198292732,0,0,4,4,5,2,5,2,1,1,1,1
0,35,33,0.004395260475575924,0,0,4,4,5,3,5,3,1,1,1,1
0,35,34,0.006429808679968119,0,0,4,4,5,4,5,4,1,1,1,1
0,35,38,0.06966134160757065,0,0,4,5,5,3,5,3,1,2,1,2
0,35,40,0.0522010438144207,0,0,4,5,5,5,5,5,1,2,1,2
0,35,43,0.000169784965692088,0,1,4,6,5,3,5,0,1,0,1,1
0,35,44,1.159826570074074e-05,0,1,4,6,5,4,5,0,1,0,1,1
0,35,46,9.084779776458163e-06,0,1,4,6,5,6,5,0,1,0,1,1
0,36,0,0.001970423851162195,0,0,5,1,1,0,1,0,2,2,2,4
0,36,1,0.050266869366168976,0,0,5,3,1,1,1,1,2,1,2,1
0,36,2,0.02368786372244358,0,0,5,3,1,2,1,1,2,1,2,1
0,36,3,0.0307077094912529,0,0,5,3,1,3,1,1,2,1,2,1
0,36,5,0.047135572880506516,0,0,5,3,1,5,1,1,2,1,2,1
0,36,6,0.012969336472451687,0,0,5,3,1,6,1,1,2,1,2,1
0,36,7,0.12164866179227829,0,0,5,3,1,1,1,2,2,1,2,1
0,36,11,0.1733073890209198,0,0,5,3,1,5,1,2,2,1,2,1
0,36,13,0.012972444295883179,0,0,5,3,1,1,1,3,2,1,2,1
0,36,18,0.011494806967675686,0,0,5,3,1,6,1,3,2,1,2,1
0,36,23,0.02876158058643341,0,0,5,3,1,5,1,4,2,1,2,1
0,36,24,0.013907371088862419,0,0,5,3,1,6,1,4,2,1,2,1
0,36,25,0.0688025951385498,0,0,5,3,1,1,1,5,2,1,2,1
0,36,26,0.08659174293279648,0,0,5,3,1,2,1,5,2,1,2,1
0,36,28,0.20790399610996246,0,0,5,3,1,4,1,5,2,1,2,1
0,36,31,0.01012104656547308,0,0,5,4,1,1,1,1,2,1,2,1
0,36,32,0.03764523193240166,0,0,5,4,1,2,1,2,2,1,2,1
0,36,33,0.006180009804666042,0,0,5,4,1,3,1,3,2,1,2,1
0,36,34,0.0376150906085968,0,0,5,4,1,4,1,4,2,1,2,1
0,36,38,0.002036472549661994,0,0,5,5,1,3,1,3,2,2,2,2
0,36,40,0.010695944540202618,0,0,5,5,1,5,1,5,2,2,2,2
0,36,43,0.00046237543574534357,0,1,5,6,1,3,1,0,2,0,2,1
0,36,44,0.002769401529803872,0,1,5,6,1,4,1,0,2,0,2,1
0,36,46,0.00034589573624543846,0,1,5,6,1,6,1,0,2,0,2,1
0,37,0,0.002942458027973771,0,0,5,1,2,0,2,0,2,2,2,4
0,37,1,0.05236603692173958,0,0,5,3,2,1,2,1,2,1,2,1
0,37,2,0.04194948449730873,0,0,5,3,2,2,2,1,2,1,2,1
0,37,3,0.11464989185333252,0,0,5,3,2,3,2,1,2,1,2,1
0,37,5,0.14561539888381958,0,0,5,3,2,5,2,1,2,1,2,1
0,37,6,0.007840702310204506,0,0,5,3,2,6,2,1,2,1,2,1
0,37,7,0.22059859335422516,0,0,5,3,2,1,2,2,2,1,2,1
0,37,11,0.11698473244905472,0,0,5,3,2,5,2,2,2,1,2,1
0,37,13,0.002672818722203374,0,0,5,3,2,1,2,3,2,1,2,1
0,37,18,0.0010013921419158578,0,0,5,3,2,6,2,3,2,1,2,1
0,37,23,0.019004760310053825,0,0,5,3,2,5,2,4,2,1,2,1
0,37,24,0.002000801032409072,0,0,5,3,2,6,2,4,2,1,2,1
0,37,25,0.06545009464025497,0,0,5,3,2,1,2,5,2,1,2,1
0,37,26,0.04255581647157669,0,0,5,3,2,2,2,5,2,1,2,1
0,37,28,0.08944440633058548,0,0,5,3,2,4,2,5,2,1,2,1
0,37,31,0.01829025335609913,0,0,5,4,2,1,2,1,2,1,2,1
0,37,32,0.01668342389166355,0,0,5,4,2,2,2,2,2,1,2,1
0,37,33,0.001128652016632259,0,0,5,4,2,3,2,3,2,1,2,1
0,37,34,0.00579841248691082,0,0,5,4,2,4,2,4,2,1,2,1
0,37,38,0.0018001733114942908,0,0,5,5,2,3,2,3,2,2,2,2
0,37,40,0.02244657464325428,0,0,5,5,2,5,2,5,2,2,2,2
0,37,43,0.002981811761856079,0,1,5,6,2,3,2,0,2,0,2,1
0,37,44,0.004926286172121763,0,1,5,6,2,4,2,0,2,0,2,1
0,37,46,0.0008669907110743225,0,1,5,6,2,6,2,0,2,0,2,1
0,39,0,0.0002735939051490277,0,0,5,1,4,0,4,0,2,2,2,4
0,39,1,0.03982892632484436,0,0,5,3,4,1,4,1,2,1,2,1
0,39,2,0.0011597474804148078,0,0,5,3,4,2,4,1,2,1,2,1
0,39,3,0.007460066583007574,0,0,5,3,4,3,4,1,2,1,2,1
0,39,5,0.05405993387103081,0,0,5,3,4,5,4,1,2,1,2,1
0,39,6,0.00047749828081578016,0,0,5,3,4,6,4,1,2,1,2,1
0,39,7,0.29702264070510864,0,0,5,3,4,1,4,2,2,1,2,1
0,39,11,0.41715869307518005,0,0,5,3,4,5,4,2,2,1,2,1
0,39,13,0.0010242440039291978,0,0,5,3,4,1,4,3,2,1,2,1
0,39,18,0.0008475089562125504,0,0,5,3,4,6,4,3,2,1,2,1
0,39,23,0.05931828171014786,0,0,5,3,4,5,4,4,2,1,2,1
0,39,24,0.0014265113277360797,0,0,5,3,4,6,4,4,2,1,2,1
0,39,25,0.01067808736115694,0,0,5,3,4,1,4,5,2,1,2,1
0,39,26,0.0031803071033209562,0,0,5,3,4,2,4,5,2,1,2,1
0,39,28,0.03504568710923195,0,0,5,3,4,4,4,5,2,1,2,1
0,39,31,0.012886382639408112,0,0,5,4,4,1,4,1,2,1,2,1
0,39,32,0.042236052453517914,0,0,5,4,4,2,4,2,2,1,2,1
0,39,33,0.0011075434740632772,0,0,5,4,4,3,4,3,2,1,2,1
0,39,34,0.006319521926343441,0,0,5,4,4,4,4,4,2,1,2,1
0,39,38,0.000242378911934793,0,0,5,5,4,3,4,3,2,2,2,2
0,39,40,0.007899755612015724,0,0,5,5,4,5,4,5,2,2,2,2
0,39,43,6.221477087819949e-05,0,1,5,6,4,3,4,0,2,0,2,1
0,39,44,0.0002526581520214677,0,1,5,6,4,4,4,0,2,0,2,1
0,39,46,3.184213346685283e-05,0,1,5,6,4,6,4,0,2,0,2,1
0,41,0,0.0009399936534464359,1,0,6,1,1,0,0,0,0,2,1,4
0,41,1,0.0018307871650904417,1,0,6,3,1,1,0,1,0,1,1,1
0,41,2,0.004276176914572716,1,0,6,3,1,2,0,1,0,1,1,1
0,41,3,0.015859726816415787,1,0,6,3,1,3,0,1,0,1,1,1
0,41,5,0.018382778391242027,1,0,6,3,1,5,0,1,0,1,1,1
0,41,6,0.0011318203760311007,1,0,6,3,1,6,0,1,0,1,1,1
0,41,7,0.01260246243327856,1,0,6,3,1,1,0,2,0,1,1,1
0,41,11,0.02139805629849434,1,0,6,3,1,5,0,2,0,1,1,1
0,41,13,0.0006845680763944983,1,0,6,3,1,1,0,3,0,1,1,1
0,41,18,0.0016248255269601941,1,0,6,3,1,6,0,3,0,1,1,1
0,41,23,0.001738935592584312,1,0,6,3,1,5,0,4,0,1,1,1
0,41,24,0.0009800218977034092,1,0,6,3,1,6,0,4,0,1,1,1
0,41,25,0.003398210508748889,1,0,6,3,1,1,0,5,0,1,1,1
0,41,26,0.017966613173484802,1,0,6,3,1,2,0,5,0,1,1,1
0,41,28,0.04600288346409798,1,0,6,3,1,4,0,5,0,1,1,1
0,41,31,0.0015744850970804691,1,0,6,4,1,1,0,1,0,1,1,1
0,41,32,0.0013289520284160972,1,0,6,4,1,2,0,2,0,1,1,1
0,41,33,0.0018861839780583978,1,0,6,4,1,3,0,3,0,1,1,1
0,41,34,0.0018677667248994112,1,0,6,4,1,4,0,4,0,1,1,1
0,41,38,0.0004361329774837941,1,0,6,5,1,3,0,3,0,2,1,2
0,41,40,0.0003473510150797665,1,0,6,5,1,5,0,5,0,2,1,2
0,41,43,0.04470750316977501,1,1,6,6,1,3,0,0,0,0,1,1
0,41,44,0.7844547033309937,1,1,6,6,1,4,0,0,0,0,1,1
0,41,46,0.014578553847968578,1,1,6,6,1,6,0,0,0,0,1,1
0,42,0,0.01048841793090105,1,0,6,1,2,0,0,0,0,2,1,4
0,42,1,0.008895675651729107,1,0,6,3,2,1,0,1,0,1,1,1
0,42,2,0.06668273359537125,1,0,6,3,2,2,0,1,0,1,1,1
0,42,3,0.06151798367500305,1,0,6,3,2,3,0,1,0,1,1,1
0,42,5,0.15525934100151062,1,0,6,3,2,5,0,1,0,1,1,1
0,42,6,0.03828233480453491,1,0,6,3,2,6,0,1,0,1,1,1
0,42,7,0.014855648390948772,1,0,6,3,2,1,0,2,0,1,1,1
0,42,11,0.05754739046096802,1,0,6,3,2,5,0,2,0,1,1,1
0,42,13,0.004011357668787241,1,0,6,3,2,1,0,3,0,1,1,1
0,42,18,0.006212900392711163,1,0,6,3,2,6,0,3,0,1,1,1
0,42,23,0.01743459701538086,1,0,6,3,2,5,0,4,0,1,1,1
0,42,24,0.008334648795425892,1,0,6,3,2,6,0,4,0,1,1,1
0,42,25,0.081145741045475,1,0,6,3,2,1,0,5,0,1,1,1
0,42,26,0.24747037887573242,1,0,6,3,2,2,0,5,0,1,1,1
0,42,28,0.10369665175676346,1,0,6,3,2,4,0,5,0,1,1,1
0,42,31,0.007618406321853399,1,0,6,4,2,1,0,1,0,1,1,1
0,42,32,0.004483418073505163,1,0,6,4,2,2,0,2,0,1,1,1
0,42,33,0.002191517734900117,1,0,6,4,2,3,0,3,0,1,1,1
0,42,34,0.0038342196494340897,1,0,6,4,2,4,0,4,0,1,1,1
0,42,38,0.0009316239156760275,1,0,6,5,2,3,0,3,0,2,1,2
0,42,40,0.00128670665435493,1,0,6,5,2,5,0,5,0,2,1,2
0,42,43,0.017745068296790123,1,1,6,6,2,3,0,0,0,0,1,1
0,42,44,0.06305675953626633,1,1,6,6,2,4,0,0,0,0,1,1
0,42,46,0.01701628975570202,1,1,6,6,2,6,0,0,0,0,1,1
0,45,0,0.0006387012545019388,1,0,6,1,5,0,0,0,0,2,1,4
0,45,1,0.01003249827772379,1,0,6,3,5,1,0,1,0,1,1,1
0,45,2,0.004928249400109053,1,0,6,3,5,2,0,1,0,1,1,1
0,45,3,0.011647904291749,1,0,6,3,5,3,0,1,0,1,1,1
0,45,5,0.050716232508420944,1,0,6,3,5,5,0,1,0,1,1,1
0,45,6,0.002501098904758692,1,0,6,3,5,6,0,1,0,1,1,1
0,45,7,0.027509409934282303,1,0,6,3,5,1,0,2,0,1,1,1
0,45,11,0.6348258852958679,1,0,6,3,5,5,0,2,0,1,1,1
0,45,13,0.0009217942715622485,1,0,6,3,5,1,0,3,0,1,1,1
0,45,18,0.004003744572401047,1,0,6,3,5,6,0,3,0,1,1,1
0,45,23,0.02730782888829708,1,0,6,3,5,5,0,4,0,1,1,1
0,45,24,0.004876716993749142,1,0,6,3,5,6,0,4,0,1,1,1
0,45,25,0.005138677544891834,1,0,6,3,5,1,0,5,0,1,1,1
0,45,26,0.03188284859061241,1,0,6,3,5,2,0,5,0,1,1,1
0,45,28,0.10316495597362518,1,0,6,3,5,4,0,5,0,1,1,1
0,45,31,0.001139450236223638,1,0,6,4,5,1,0,1,0,1,1,1
0,45,32,0.004843350034207106,1,0,6,4,5,2,0,2,0,1,1,1
0,45,33,0.0019950401037931442,1,0,6,4,5,3,0,3,0,1,1,1
0,45,34,0.0047558690421283245,1,0,6,4,5,4,0,4,0,1,1,1
0,45,38,0.0034591611474752426,1,0,6,5,5,3,0,3,0,2,1,2
0,45,40,0.005671249702572823,1,0,6,5,5,5,0,5,0,2,1,2
0,45,43,0.009451262652873993,1,1,6,6,5,3,0,0,0,0,1,1
0,45,44,0.04527535289525986,1,1,6,6,5,4,0,0,0,0,1,1
0,45,46,0.003313202876597643,1,1,6,6,5,6,0,0,0,0,1,1
0,47,0,7.144077244447544e-06,2,0,7,1,0,0,0,0,0,2,4,4
0,47,1,8.087403330137022e-06,2,0,7,3,0,1,0,1,0,1,4,1
0,47,2,1.3765578842139803e-05,2,0,7,3,0,2,0,1,0,1,4,1
0,47,3,6.015123290126212e-05,2,0,7,3,0,3,0,1,0,1,4,1
0,47,5,7.121035014279187e-05,2,0,7,3,0,5,0,1,0,1,4,1
0,47,6,8.843449904816225e-06,2,0,7,3,0,6,0,1,0,1,4,1
0,47,7,0.00021984404884278774,2,0,7,3,0,1,0,2,0,1,4,1
0,47,11,9.479268919676542e-05,2,0,7,3,0,5,0,2,0,1,4,1
0,47,13,6.103068153606728e-05,2,0,7,3,0,1,0,3,0,1,4,1
0,47,18,0.00010273862426402047,2,0,7,3,0,6,0,3,0,1,4,1
0,47,23,3.899098828696879e-06,2,0,7,3,0,5,0,4,0,1,4,1
0,47,24,4.230399554217001e-06,2,0,7,3,0,6,0,4,0,1,4,1
0,47,25,4.4245982280699536e-05,2,0,7,3,0,1,0,5,0,1,4,1
0,47,26,3.296340219094418e-05,2,0,7,3,0,2,0,5,0,1,4,1
0,47,28,0.0005261048790998757,2,0,7,3,0,4,0,5,0,1,4,1
0,47,31,0.00011858084326377138,2,0,7,4,0,1,0,1,0,1,4,1
0,47,32,6.440860306611285e-05,2,0,7,4,0,2,0,2,0,1,4,1
0,47,33,0.00010341963934479281,2,0,7,4,0,3,0,3,0,1,4,1
0,47,34,2.0197743651806377e-05,2,0,7,4,0,4,0,4,0,1,4,1
0,47,38,1.7163480379167595e-06,2,0,7,5,0,3,0,3,0,2,4,2
0,47,40,3.757209015020635e-07,2,0,7,5,0,5,0,5,0,2,4,2
0,47,43,0.0038533727638423443,2,1,7,6,0,3,0,0,0,0,4,1
0,47,44,0.9917747378349304,2,1,7,6,0,4,0,0,0,0,4,1
0,47,46,0.0028038606978952885,2,1,7,6,0,6,0,0,0,0,4,1
1,0,4,3.737234874279238e-05,0,0,1,3,0,4,0,1,2,1,4,1
1,0,8,3.296986506029498e-06,0,0,1,3,0,2,0,2,2,1,4,1
1,0,9,2.96580110443756e-05,0,0,1,3,0,3,0,2,2,1,4,1
1,0,10,1.2073116977262544e-06,0,0,1,3,0,4,0,2,2,1,4,1
1,0,12,6.551167189172702e-06,0,0,1,3,0,6,0,2,2,1,4,1
1,0,14,4.099906192323033e-08,0,0,1,3,0,2,0,3,2,1,4,1
1,0,15,3.1133555467022234e-07,0,0,1,3,0,3,0,3,2,1,4,1
1,0,16,1.1528911727509694e-06,0,0,1,3,0,4,0,3,2,1,4,1
1,0,17,6.975669748499058e-07,0,0,1,3,0,5,0,3,2,1,4,1
1,0,19,8.69677842274541e-06,0,0,1,3,0,1,0,4,2,1,4,1
1,0,20,5.421285550255561e-06,0,0,1,3,0,2,0,4,2,1,4,1
1,0,21,1.062578434130046e-07,0,0,1,3,0,3,0,4,2,1,4,1
1,0,22,4.0447906712870463e-07,0,0,1,3,0,4,0,4,2,1,4,1
1,0,27,1.6337061481408455e-08,0,0,1,3,0,3,0,5,2,1,4,1
1,0,29,1.6904060657907394e-06,0,0,1,3,0,5,0,5,2,1,4,1
1,0,30,1.217162974853636e-07,0,0,1,3,0,6,0,5,2,1,4,1
1,0,35,1.550578474507347e-07,0,0,1,4,0,5,0,5,2,1,4,1
1,0,36,0.8356902003288269,0,0,1,5,0,1,0,1,2,2,4,2
1,0,37,0.14761143922805786,0,0,1,5,0,2,0,2,2,2,4,2
1,0,39,0.016492582857608795,0,0,1,5,0,4,0,4,2,2,4,2
1,0,41,3.853613179671811e-06,0,1,1,6,0,1,0,0,2,0,4,1
1,0,42,3.248097470986977e-07,0,1,1,6,0,2,0,0,2,0,4,1
1,0,45,5.0336575441178866e-06,0,1,1,6,0,5,0,0,2,0,4,1
1,0,47,0.00010002715134760365,0,2,1,7,0,0,0,0,2,0,4,4
1,1,4,2.3872153178672306e-06,0,0,3,3,1,4,1,1,1,1,1,1
1,1,8,1.4681927495985292e-07,0,0,3,3,1,2,1,2,1,1,1,1
1,1,9,1.6055162177508464e-06,0,0,3,3,1,3,1,2,1,1,1,1
1,1,10,1.7174940580844122e-07,0,0,3,3,1,4,1,2,1,1,1,1
1,1,12,9.010307167045539e-07,0,0,3,3,1,6,1,2,1,1,1,1
1,1,14,8.637362824970296e-09,0,0,3,3,1,2,1,3,1,1,1,1
1,1,15,9.410400281240072e-08,0,0,3,3,1,3,1,3,1,1,1,1
1,1,16,1.143429926742101e-06,0,0,3,3,1,4,1,3,1,1,1,1
1,1,17,1.1268463140368112e-07,0,0,3,3,1,5,1,3,1,1,1,1
1,1,19,1.8840687232568598e-07,0,0,3,3,1,1,1,4,1,1,1,1
1,1,20,5.076100819678686e-07,0,0,3,3,1,2,1,4,1,1,1,1
1,1,21,1.5412373599588136e-08,0,0,3,3,1,3,1,4,1,1,1,1
1,1,22,1.209152777903455e-08,0,0,3,3,1,4,1,4,1,1,1,1
1,1,27,3.592843800248602e-09,0,0,3,3,1,3,1,5,1,1,1,1
1,1,29,1.3114346586462489e-07,0,0,3,3,1,5,1,5,1,1,1,1
1,1,30,4.136603592996835e-08,0,0,3,3,1,6,1,5,1,1,1,1
1,1,35,3.0065443468174635e-08,0,0,3,4,1,5,1,5,1,1,1,1
1,1,36,0.5474921464920044,0,0,3,5,1,1,1,1,1,2,1,2
1,1,37,0.41841381788253784,0,0,3,5,1,2,1,2,1,2,1,2
1,1,39,0.033797044306993484,0,0,3,5,1,4,1,4,1,2,1,2
1,1,41,1.1442122058724635e-06,0,1,3,6,1,1,1,0,1,0,1,1
1,1,42,1.3799494524846523e-07,0,1,3,6,1,2,1,0,1,0,1,1
1,1,45,6.578587772310129e-07,0,1,3,6,1,5,1,0,1,0,1,1
1,1,47,0.0002877632505260408,0,2,3,7,1,0,1,0,1,0,1,4
1,2,4,0.00046254575136117637,0,0,3,3,2,4,1,1,1,1,1,1
1,2,8,0.00011586665641516447,0,0,3,3,2,2,1,2,1,1,1,1
1,2,9,0.00031348300399258733,0,0,3,3,2,3,1,2,1,1,1,1
1,2,10,0.00030567555222660303,0,0,3,3,2,4,1,2,1,1,1,1
1,2,12,0.00011489884491311386,0,0,3,3,2,6,1,2,1,1,1,1
1,2,14,1.0727020480771898e-06,0,0,3,3,2,2,1,3,1,1,1,1
1,2,15,5.8128566706727725e-06,0,0,3,3,2,3,1,3,1,1,1,1
1,2,16,8.943749708123505e-05,0,0,3,3,2,4,1,3,1,1,1,1
1,2,17,1.1111967978649773e-05,0,0,3,3,2,5,1,3,1,1,1,1
1,2,19,0.00011709142563631758,0,0,3,3,2,1,1,4,1,1,1,1
1,2,20,3.737082806765102e-05,0,0,3,3,2,2,1,4,1,1,1,1
1,2,21,7.157177151384531e-06,0,0,3,3,2,3,1,4,1,1,1,1
1,2,22,9.95791833702242e-06,0,0,3,3,2,4,1,4,1,1,1,1
1,2,27,1.8575211413462966e-07,0,0,3,3,2,3,1,5,1,1,1,1
1,2,29,7.36578931537224e-06,0,0,3,3,2,5,1,5,1,1,1,1
1,2,30,2.752180307652452e-06,0,0,3,3,2,6,1,5,1,1,1,1
1,2,35,3.804918605965213e-06,0,0,3,4,2,5,1,5,1,1,1,1
1,2,36,0.6691590547561646,0,0,3,5,2,1,1,1,1,2,1,2
1,2,37,0.2258056253194809,0,0,3,5,2,2,1,2,1,2,1,2
1,2,39,0.09652100503444672,0,0,3,5,2,4,1,4,1,2,1,2
1,2,41,0.0027498265262693167,0,1,3,6,2,1,1,0,1,0,1,1
1,2,42,0.00024724972900003195,0,1,3,6,2,2,1,0,1,0,1,1
1,2,45,0.0008013468468561769,0,1,3,6,2,5,1,0,1,0,1,1
1,2,47,0.0031106825917959213,0,2,3,7,2,0,1,0,1,0,1,4
1,3,4,1.9239487301092595e-05,0,0,3,3,3,4,1,1,1,1,1,1
1,3,8,3.878987513417087e-07,0,0,3,3,3,2,1,2,1,1,1,1
1,3,9,3.3999669994955184e-06,0,0,3,3,3,3,1,2,1,1,1,1
1,3,10,9.078196967493568e-07,0,0,3,3,3,4,1,2,1,1,1,1
1,3,12,2.3089793899089273e-07,0,0,3,3,3,6,1,2,1,1,1,1
1,3,14,8.85152307006365e-09,0,0,3,3,3,2,1,3,1,1,1,1
1,3,15,1.2655765146973863e-07,0,0,3,3,3,3,1,3,1,1,1,1
1,3,16,2.3653094558540033e-06,0,0,3,3,3,4,1,3,1,1,1,1
1,3,17,1.9876306112109887e-07,0,0,3,3,3,5,1,3,1,1,1,1
1,3,19,5.583123083852115e-07,0,0,3,3,3,1,1,4,1,1,1,1
1,3,20,5.705820740331546e-07,0,0,3,3,3,2,1,4,1,1,1,1
1,3,21,2.73154920904517e-08,0,0,3,3,3,3,1,4,1,1,1,1
1,3,22,6.440357935844077e-08,0,0,3,3,3,4,1,4,1,1,1,1
1,3,27,2.0294279590160613e-09,0,0,3,3,3,3,1,5,1,1,1,1
1,3,29,6.669609433629375e-07,0,0,3,3,3,5,1,5,1,1,1,1
1,3,30,5.832371741121278e-08,0,0,3,3,3,6,1,5,1,1,1,1
1,3,35,4.520507346228442e-08,0,0,3,4,3,5,1,5,1,1,1,1
1,3,36,0.6312241554260254,0,0,3,5,3,1,1,1,1,2,1,2
1,3,37,0.3168107867240906,0,0,3,5,3,2,1,2,1,2,1,2
1,3,39,0.051912203431129456,0,0,3,5,3,4,1,4,1,2,1,2
1,3,41,4.654823896999005e-06,0,1,3,6,3,1,1,0,1,0,1,1
1,3,42,8.231414767578826e-07,0,1,3,6,3,2,1,0,1,0,1,1
1,3,45,7.940142495499458e-06,0,1,3,6,3,5,1,0,1,0,1,1
1,3,47,1.0349761396355461e-05,0,2,3,7,3,0,1,0,1,0,1,4
1,5,4,7.877619282226078e-06,0,0,3,3,5,4,1,1,1,1,1,1
1,5,8,3.8845760172989685e-06,0,0,3,3,5,2,1,2,1,1,1,1
1,5,9,2.4712255253689364e-05,0,0,3,3,5,3,1,2,1,1,1,1
1,5,10,6.654861977040127e-07,0,0,3,3,5,4,1,2,1,1,1,1
1,5,12,9.849777597992215e-06,0,0,3,3,5,6,1,2,1,1,1,1
1,5,14,1.6605450525730703e-07,0,0,3,3,5,2,1,3,1,1,1,1
1,5,15,6.511828587463242e-07,0,0,3,3,5,3,1,3,1,1,1,1
1,5,16,1.4511764447888709e-06,0,0,3,3,5,4,1,3,1,1,1,1
1,5,17,1.2381198075672728e-06,0,0,3,3,5,5,1,3,1,1,1,1
1,5,19,1.3111470025251037e-06,0,0,3,3,5,1,1,4,1,1,1,1
1,5,20,2.330538791284198e-06,0,0,3,3,5,2,1,4,1,1,1,1
1,5,21,1.0572257025387444e-07,0,0,3,3,5,3,1,4,1,1,1,1
1,5,22,1.0450290233166015e-07,0,0,3,3,5,4,1,4,1,1,1,1
1,5,27,2.692132916592982e-08,0,0,3,3,5,3,1,5,1,1,1,1
1,5,29,1.8938183075078996e-06,0,0,3,3,5,5,1,5,1,1,1,1
1,5,30,4.002433797722915e-07,0,0,3,3,5,6,1,5,1,1,1,1
1,5,35,1.4991758234828012e-06,0,0,3,4,5,5,1,5,1,1,1,1
1,5,36,0.6749845743179321,0,0,3,5,5,1,1,1,1,2,1,2
1,5,37,0.3113884925842285,0,0,3,5,5,2,1,2,1,2,1,2
1,5,39,0.01335762906819582,0,0,3,5,5,4,1,4,1,2,1,2
1,5,41,3.960317553719506e-05,0,1,3,6,5,1,1,0,1,0,1,1
1,5,42,8.491420885547996e-06,0,1,3,6,5,2,1,0,1,0,1,1
1,5,45,5.240021346253343e-05,0,1,3,6,5,5,1,0,1,0,1,1
1,5,47,0.00011132236977573484,0,2,3,7,5,0,1,0,1,0,1,4
1,6,4,9.153810424322728e-06,0,0,3,3,6,4,1,1,1,1,1,1
1,6,8,1.8014469560512225e-07,0,0,3,3,6,2,1,2,1,1,1,1
1,6,9,7.453376838384429e-06,0,0,3,3,6,3,1,2,1,1,1,1
1,6,10,2.0013843027300027e-07,0,0,3,3,6,4,1,2,1,1,1,1
1,6,12,3.128908190319635e-07,0,0,3,3,6,6,1,2,1,1,1,1
1,6,14,9.192548944270129e-09,0,0,3,3,6,2,1,3,1,1,1,1
1,6,15,2.073578286854172e-07,0,0,3,3,6,3,1,3,1,1,1,1
1,6,16,1.0029712029790971e-06,0,0,3,3,6,4,1,3,1,1,1,1
1,6,17,5.07652373471501e-07,0,0,3,3,6,5,1,3,1,1,1,1
1,6,19,2.2121895426607807e-07,0,0,3,3,6,1,1,4,1,1,1,1
1,6,20,2.7902478905161843e-07,0,0,3,3,6,2,1,4,1,1,1,1
1,6,21,1.98084304514623e-08,0,0,3,3,6,3,1,4,1,1,1,1
1,6,22,5.6038331308627676e-08,0,0,3,3,6,4,1,4,1,1,1,1
1,6,27,8.013613772561712e-09,0,0,3,3,6,3,1,5,1,1,1,1
1,6,29,2.5920664938894333e-06,0,0,3,3,6,5,1,5,1,1,1,1
1,6,30,7.892496967087936e-08,0,0,3,3,6,6,1,5,1,1,1,1
1,6,35,2.469595017373649e-07,0,0,3,4,6,5,1,5,1,1,1,1
1,6,36,0.6925727725028992,0,0,3,5,6,1,1,1,1,2,1,2
1,6,37,0.28441768884658813,0,0,3,5,6,2,1,2,1,2,1,2
1,6,39,0.022944733500480652,0,0,3,5,6,4,1,4,1,2,1,2
1,6,41,1.1868716001117718e-06,0,1,3,6,6,1,1,0,1,0,1,1
1,6,42,1.10115912832498e-07,0,1,3,6,6,2,1,0,1,0,1,1
1,6,45,5.82348457101034e-06,0,1,3,6,6,5,1,0,1,0,1,1
1,6,47,3.471067248028703e-05,0,2,3,7,6,0,1,0,1,0,1,4
1,7,4,1.5888147117948392e-06,0,0,3,3,1,4,2,1,1,1,1,1
1,7,8,8.670161477652982e-09,0,0,3,3,1,2,2,2,1,1,1,1
1,7,9,1.2821456039091572e-06,0,0,3,3,1,3,2,2,1,1,1,1
1,7,10,2.190199843710161e-08,0,0,3,3,1,4,2,2,1,1,1,1
1,7,12,2.97332093168734e-07,0,0,3,3,1,6,2,2,1,1,1,1
1,7,14,6.812391206700852e-10,0,0,3,3,1,2,2,3,1,1,1,1
1,7,15,8.218111702262831e-08,0,0,3,3,1,3,2,3,1,1,1,1
1,7,16,2.7498310828377726e-07,0,0,3,3,1,4,2,3,1,1,1,1
1,7,17,1.9827851360787463e-07,0,0,3,3,1,5,2,3,1,1,1,1
1,7,19,6.746413561131703e-08,0,0,3,3,1,1,2,4,1,1,1,1
1,7,20,1.0131664396340057e-07,0,0,3,3,1,2,2,4,1,1,1,1
1,7,21,5.120106560951854e-09,0,0,3,3,1,3,2,4,1,1,1,1
1,7,22,7.503837551325887e-09,0,0,3,3,1,4,2,4,1,1,1,1
1,7,27,4.2357219953714775e-09,0,0,3,3,1,3,2,5,1,1,1,1
1,7,29,1.672056981760761e-07,0,0,3,3,1,5,2,5,1,1,1,1
1,7,30,8.422630592974656e-09,0,0,3,3,1,6,2,5,1,1,1,1
1,7,35,4.840681455675622e-08,0,0,3,4,1,5,2,5,1,1,1,1
1,7,36,0.6551738381385803,0,0,3,5,1,1,2,1,1,2,1,2
1,7,37,0.2707267999649048,0,0,3,5,1,2,2,2,1,2,1,2
1,7,39,0.06170513853430748,0,0,3,5,1,4,2,4,1,2,1,2
1,7,41,1.2146092842613143e-07,0,1,3,6,1,1,2,0,1,0,1,1
1,7,42,1.185560205563263e-09,0,1,3,6,1,2,2,0,1,0,1,1
1,7,45,1.8433586035371263e-07,0,1,3,6,1,5,2,0,1,0,1,1
1,7,47,0.012389639392495155,0,2,3,7,1,0,2,0,1,0,1,4
1,11,4,0.00044359921594150364,0,0,3,3,5,4,2,1,1,1,1,1
1,11,8,0.0007506106630899012,0,0,3,3,5,2,2,2,1,1,1,1
1,11,9,0.0031400592997670174,0,0,3,3,5,3,2,2,1,1,1,1
1,11,10,0.00014837560593150556,0,0,3,3,5,4,2,2,1,1,1,1
1,11,12,0.0013576038181781769,0,0,3,3,5,6,2,2,1,1,1,1
1,11,14,2.0437448256416246e-05,0,0,3,3,5,2,2,3,1,1,1,1
1,11,15,6.074571865610778e-05,0,0,3,3,5,3,2,3,1,1,1,1
1,11,16,0.00011641497985692695,0,0,3,3,5,4,2,3,1,1,1,1
1,11,17,7.880981866037473e-05,0,0,3,3,5,5,2,3,1,1,1,1
1,11,19,9.57357551669702e-05,0,0,3,3,5,1,2,4,1,1,1,1
1,11,20,0.00019890950352419168,0,0,3,3,5,2,2,4,1,1,1,1
1,11,21,3.373871004441753e-05,0,0,3,3,5,3,2,4,1,1,1,1
1,11,22,3.9761780499247834e-05,0,0,3,3,5,4,2,4,1,1,1,1
1,11,27,4.18982654082356e-06,0,0,3,3,5,3,2,5,1,1,1,1
1,11,29,5.80301129957661e-05,0,0,3,3,5,5,2,5,1,1,1,1
1,11,30,1.5650048226234503e-05,0,0,3,3,5,6,2,5,1,1,1,1
1,11,35,0.00039918944821693003,0,0,3,4,5,5,2,5,1,1,1,1
1,11,36,0.5984769463539124,0,0,3,5,5,1,2,1,1,2,1,2
1,11,37,0.3145487606525421,0,0,3,5,5,2,2,2,1,2,1,2
1,11,39,0.046703677624464035,0,0,3,5,5,4,2,4,1,2,1,2
1,11,41,0.013912522234022617,0,1,3,6,5,1,2,0,1,0,1,1
1,11,42,0.0017081770347431302,0,1,3,6,5,2,2,0,1,0,1,1
1,11,45,0.0030404652934521437,0,1,3,6,5,5,2,0,1,0,1,1
1,11,47,0.014647611416876316,0,2,3,7,5,0,2,0,1,0,1,4
1,13,4,0.00027980608865618706,0,0,3,3,1,4,3,1,1,1,1,1
1,13,8,3.6401986562850652e-06,0,0,3,3,1,2,3,2,1,1,1,1
1,13,9,0.0002517429238650948,0,0,3,3,1,3,3,2,1,1,1,1
1,13,10,0.00011937302770093083,0,0,3,3,1,4,3,2,1,1,1,1
1,13,12,0.0002026326401391998,0,0,3,3,1,6,3,2,1,1,1,1
1,13,14,6.155905794003047e-07,0,0,3,3,1,2,3,3,1,1,1,1
1,13,15,1.8521910533308983e-05,0,0,3,3,1,3,3,3,1,1,1,1
1,13,16,9.399454575031996e-05,0,0,3,3,1,4,3,3,1,1,1,1
1,13,17,3.4325650631217286e-05,0,0,3,3,1,5,3,3,1,1,1,1
1,13,19,6.4838670368772e-05,0,0,3,3,1,1,3,4,1,1,1,1
1,13,20,1.068360961653525e-05,0,0,3,3,1,2,3,4,1,1,1,1
1,13,21,1.45649701153161e-05,0,0,3,3,1,3,3,4,1,1,1,1
1,13,22,2.8445607313187793e-05,0,0,3,3,1,4,3,4,1,1,1,1
1,13,27,1.7510783436591737e-05,0,0,3,3,1,3,3,5,1,1,1,1
1,13,29,1.361628710583318e-05,0,0,3,3,1,5,3,5,1,1,1,1
1,13,30,6.516178018500796e-06,0,0,3,3,1,6,3,5,1,1,1,1
1,13,35,7.4750114436028525e-06,0,0,3,4,1,5,3,5,1,1,1,1
1,13,36,0.010940250009298325,0,0,3,5,1,1,3,1,1,2,1,2
1,13,37,0.00315264449454844,0,0,3,5,1,2,3,2,1,2,1,2
1,13,39,0.011088553816080093,0,0,3,5,1,4,3,4,1,2,1,2
1,13,41,2.0967258024029434e-05,0,1,3,6,1,1,3,0,1,0,1,1
1,13,42,8.76608226008102e-08,0,1,3,6,1,2,3,0,1,0,1,1
1,13,45,6.517908332170919e-06,0,1,3,6,1,5,3,0,1,0,1,1
1,13,47,0.9736224412918091,0,2,3,7,1,0,3,0,1,0,1,4
1,18,4,0.00011354225716786459,0,0,3,3,6,4,3,1,1,1,1,1
1,18,8,1.0228005749013391e-06,0,0,3,3,6,2,3,2,1,1,1,1
1,18,9,0.0001269287458853796,0,0,3,3,6,3,3,2,1,1,1,1
1,18,10,6.537319677590858e-06,0,0,3,3,6,4,3,2,1,1,1,1
1,18,12,2.8017575459671207e-06,0,0,3,3,6,6,3,2,1,1,1,1
1,18,14,2.5162846029047614e-08,0,0,3,3,6,2,3,3,1,1,1,1
1,18,15,6.623517947446089e-07,0,0,3,3,6,3,3,3,1,1,1,1
1,18,16,6.82168138155248e-06,0,0,3,3,6,4,3,3,1,1,1,1
1,18,17,6.216463930286409e-07,0,0,3,3,6,5,3,3,1,1,1,1
1,18,19,1.0651284583218512e-06,0,0,3,3,6,1,3,4,1,1,1,1
1,18,20,1.5241464552673278e-06,0,0,3,3,6,2,3,4,1,1,1,1
1,18,21,1.2903917934181663e-07,0,0,3,3,6,3,3,4,1,1,1,1
1,18,22,3.867125997203402e-07,0,0,3,3,6,4,3,4,1,1,1,1
1,18,27,4.295378630558844e-08,0,0,3,3,6,3,3,5,1,1,1,1
1,18,29,5.935466106166132e-06,0,0,3,3,6,5,3,5,1,1,1,1
1,18,30,1.438838950207355e-07,0,0,3,3,6,6,3,5,1,1,1,1
1,18,35,1.4036375262094225e-07,0,0,3,4,6,5,3,5,1,1,1,1
1,18,36,0.5624755620956421,0,0,3,5,6,1,3,1,1,2,1,2
1,18,37,0.3802986443042755,0,0,3,5,6,2,3,2,1,2,1,2
1,18,39,0.055145684629678726,0,0,3,5,6,4,3,4,1,2,1,2
1,18,41,2.4385983579122694e-06,0,1,3,6,6,1,3,0,1,0,1,1
1,18,42,6.138524355492336e-08,0,1,3,6,6,2,3,0,1,0,1,1
1,18,45,3.6695596463687252e-06,0,1,3,6,6,5,3,0,1,0,1,1
1,18,47,0.0018058156128972769,0,2,3,7,6,0,3,0,1,0,1,4
1,23,4,9.373615466756746e-05,0,0,3,3,5,4,4,1,1,1,1,1
1,23,8,2.2511690985993482e-05,0,0,3,3,5,2,4,2,1,1,1,1
1,23,9,5.353173037292436e-05,0,0,3,3,5,3,4,2,1,1,1,1
1,23,10,2.4494696845067665e-05,0,0,3,3,5,4,4,2,1,1,1,1
1,23,12,9.146726370090619e-05,0,0,3,3,5,6,4,2,1,1,1,1
1,23,14,9.524093229629216e-07,0,0,3,3,5,2,4,3,1,1,1,1
1,23,15,2.8640581604122417e-06,0,0,3,3,5,3,4,3,1,1,1,1
1,23,16,1.2412302567099687e-05,0,0,3,3,5,4,4,3,1,1,1,1
1,23,17,1.743529355735518e-05,0,0,3,3,5,5,4,3,1,1,1,1
1,23,19,5.6401186157017946e-05,0,0,3,3,5,1,4,4,1,1,1,1
1,23,20,1.567568506288808e-05,0,0,3,3,5,2,4,4,1,1,1,1
1,23,21,1.6555579804844456e-06,0,0,3,3,5,3,4,4,1,1,1,1
1,23,22,4.24372137786122e-06,0,0,3,3,5,4,4,4,1,1,1,1
1,23,27,2.3333271315095772e-07,0,0,3,3,5,3,4,5,1,1,1,1
1,23,29,8.874536433722824e-06,0,0,3,3,5,5,4,5,1,1,1,1
1,23,30,6.3654820223746356e-06,0,0,3,3,5,6,4,5,1,1,1,1
1,23,35,1.660601992625743e-05,0,0,3,4,5,5,4,5,1,1,1,1
1,23,36,0.7392230033874512,0,0,3,5,5,1,4,1,1,2,1,2
1,23,37,0.1573394387960434,0,0,3,5,5,2,4,2,1,2,1,2
1,23,39,0.09933192282915115,0,0,3,5,5,4,4,4,1,2,1,2
1,23,41,0.0011768367839977145,0,1,3,6,5,1,4,0,1,0,1,1
1,23,42,0.00014934520004317164,0,1,3,6,5,2,4,0,1,0,1,1
1,23,45,0.0005950623890385032,0,1,3,6,5,5,4,0,1,0,1,1
1,23,47,0.0017551131313666701,0,2,3,7,5,0,4,0,1,0,1,4
1,24,4,2.3202701413538307e-06,0,0,3,3,6,4,4,1,1,1,1,1
1,24,8,1.0432867014742442e-08,0,0,3,3,6,2,4,2,1,1,1,1
1,24,9,6.513756147796812e-07,0,0,3,3,6,3,4,2,1,1,1,1
1,24,10,3.542771409570378e-08,0,0,3,3,6,4,4,2,1,1,1,1
1,24,12,1.1227994534124264e-08,0,0,3,3,6,6,4,2,1,1,1,1
1,24,14,8.87801498983265e-11,0,0,3,3,6,2,4,3,1,1,1,1
1,24,15,5.801491731460828e-09,0,0,3,3,6,3,4,3,1,1,1,1
1,24,16,4.999278502282323e-08,0,0,3,3,6,4,4,3,1,1,1,1
1,24,17,5.282605641809823e-08,0,0,3,3,6,5,4,3,1,1,1,1
1,24,19,7.364093335127109e-08,0,0,3,3,6,1,4,4,1,1,1,1
1,24,20,2.1468778754751838e-08,0,0,3,3,6,2,4,4,1,1,1,1
1,24,21,8.601169221300609e-10,0,0,3,3,6,3,4,4,1,1,1,1
1,24,22,5.495210064765388e-09,0,0,3,3,6,4,4,4,1,1,1,1
1,24,27,8.234855158884002e-11,0,0,3,3,6,3,4,5,1,1,1,1
1,24,29,2.593203873857419e-07,0,0,3,3,6,5,4,5,1,1,1,1
1,24,30,2.102755525257294e-09,0,0,3,3,6,6,4,5,1,1,1,1
1,24,35,2.6313633494368105e-09,0,0,3,4,6,5,4,5,1,1,1,1
1,24,36,0.8515353202819824,0,0,3,5,6,1,4,1,1,2,1,2
1,24,37,0.12541532516479492,0,0,3,5,6,2,4,2,1,2,1,2
1,24,39,0.023030532523989677,0,0,3,5,6,4,4,4,1,2,1,2
1,24,41,9.412067925040901e-08,0,1,3,6,6,1,4,0,1,0,1,1
1,24,42,3.9356384817779144e-09,0,1,3,6,6,2,4,0,1,0,1,1
1,24,45,9.558883675708785e-07,0,1,3,6,6,5,4,0,1,0,1,1
1,24,47,1.4431676390813664e-05,0,2,3,7,6,0,4,0,1,0,1,4
1,25,4,1.7371567082591355e-05,0,0,3,3,1,4,5,1,1,1,1,1
1,25,8,1.2234940527378058e-07,0,0,3,3,1,2,5,2,1,1,1,1
1,25,9,4.455053567653522e-05,0,0,3,3,1,3,5,2,1,1,1,1
1,25,10,6.655618562945165e-07,0,0,3,3,1,4,5,2,1,1,1,1
1,25,12,2.8011311314912746e-06,0,0,3,3,1,6,5,2,1,1,1,1
1,25,14,2.3168027496467403e-09,0,0,3,3,1,2,5,3,1,1,1,1
1,25,15,2.869041111352999e-07,0,0,3,3,1,3,5,3,1,1,1,1
1,25,16,1.492631554356194e-06,0,0,3,3,1,4,5,3,1,1,1,1
1,25,17,3.3280292655035737e-07,0,0,3,3,1,5,5,3,1,1,1,1
1,25,19,4.338869814546342e-07,0,0,3,3,1,1,5,4,1,1,1,1
1,25,20,2.2134612720492441e-07,0,0,3,3,1,2,5,4,1,1,1,1
1,25,21,2.4607883730709545e-08,0,0,3,3,1,3,5,4,1,1,1,1
1,25,22,8.90106690576431e-08,0,0,3,3,1,4,5,4,1,1,1,1
1,25,27,6.412575803693699e-09,0,0,3,3,1,3,5,5,1,1,1,1
1,25,29,4.1927916072381777e-07,0,0,3,3,1,5,5,5,1,1,1,1
1,25,30,1.572373875546873e-08,0,0,3,3,1,6,5,5,1,1,1,1
1,25,35,2.0426152502750483e-07,0,0,3,4,1,5,5,5,1,1,1,1
1,25,36,0.7795669436454773,0,0,3,5,1,1,5,1,1,2,1,2
1,25,37,0.159932941198349,0,0,3,5,1,2,5,2,1,2,1,2
1,25,39,0.04542278125882149,0,0,3,5,1,4,5,4,1,2,1,2
1,25,41,5.213092663325369e-06,0,1,3,6,1,1,5,0,1,0,1,1
1,25,42,2.445012015073189e-08,0,1,3,6,1,2,5,0,1,0,1,1
1,25,45,3.849059794447385e-06,0,1,3,6,1,5,5,0,1,0,1,1
1,25,47,0.01499929279088974,0,2,3,7,1,0,5,0,1,0,1,4
1,26,4,0.0002943948202300817,0,0,3,3,2,4,5,1,1,1,1,1
1,26,8,1.0623735761328135e-05,0,0,3,3,2,2,5,2,1,1,1,1
1,26,9,0.00045100130955688655,0,0,3,3,2,3,5,2,1,1,1,1
1,26,10,1.9404858903726563e-05,0,0,3,3,2,4,5,2,1,1,1,1
1,26,12,6.119723366282415e-06,0,0,3,3,2,6,5,2,1,1,1,1
1,26,14,3.501627787727557e-08,0,0,3,3,2,2,5,3,1,1,1,1
1,26,15,1.1743547929654596e-06,0,0,3,3,2,3,5,3,1,1,1,1
1,26,16,5.924187007622095e-06,0,0,3,3,2,4,5,3,1,1,1,1
1,26,17,2.3386576231132494e-06,0,0,3,3,2,5,5,3,1,1,1,1
1,26,19,9.65888102655299e-06,0,0,3,3,2,1,5,4,1,1,1,1
1,26,20,8.128830813802779e-06,0,0,3,3,2,2,5,4,1,1,1,1
1,26,21,7.300066044990672e-07,0,0,3,3,2,3,5,4,1,1,1,1
1,26,22,2.191172143284348e-06,0,0,3,3,2,4,5,4,1,1,1,1
1,26,27,1.8706916904420723e-08,0,0,3,3,2,3,5,5,1,1,1,1
1,26,29,4.5013907765678596e-06,0,0,3,3,2,5,5,5,1,1,1,1
1,26,30,4.822195620590719e-08,0,0,3,3,2,6,5,5,1,1,1,1
1,26,35,9.389993351760495e-07,0,0,3,4,2,5,5,5,1,1,1,1
1,26,36,0.703915536403656,0,0,3,5,2,1,5,1,1,2,1,2
1,26,37,0.21528111398220062,0,0,3,5,2,2,5,2,1,2,1,2
1,26,39,0.07448389381170273,0,0,3,5,2,4,5,4,1,2,1,2
1,26,41,0.0002044253924395889,0,1,3,6,2,1,5,0,1,0,1,1
1,26,42,3.2740679216658464e-06,0,1,3,6,2,2,5,0,1,0,1,1
1,26,45,0.0002095430827466771,0,1,3,6,2,5,5,0,1,0,1,1
1,26,47,0.005085555370897055,0,2,3,7,2,0,5,0,1,0,1,4
1,28,4,0.00011426780110923573,0,0,3,3,4,4,5,1,1,1,1,1
1,28,8,7.874387506490166e-07,0,0,3,3,4,2,5,2,1,1,1,1
1,28,9,0.00018934531544800848,0,0,3,3,4,3,5,2,1,1,1,1
1,28,10,6.1552991610369645e-06,0,0,3,3,4,4,5,2,1,1,1,1
1,28,12,5.962941486359341e-06,0,0,3,3,4,6,5,2,1,1,1,1
1,28,14,1.326494647457821e-08,0,0,3,3,4,2,5,3,1,1,1,1
1,28,15,2.0444008441700134e-06,0,0,3,3,4,3,5,3,1,1,1,1
1,28,16,1.0296672371623572e-05,0,0,3,3,4,4,5,3,1,1,1,1
1,28,17,4.1131115722237155e-06,0,0,3,3,4,5,5,3,1,1,1,1
1,28,19,7.832657502149232e-06,0,0,3,3,4,1,5,4,1,1,1,1
1,28,20,1.0428612995383446e-06,0,0,3,3,4,2,5,4,1,1,1,1
1,28,21,2.595381829451071e-07,0,0,3,3,4,3,5,4,1,1,1,1
1,28,22,1.6578919712628704e-06,0,0,3,3,4,4,5,4,1,1,1,1
1,28,27,5.758472809702653e-08,0,0,3,3,4,3,5,5,1,1,1,1
1,28,29,5.5759055612725206e-06,0,0,3,3,4,5,5,5,1,1,1,1
1,28,30,1.133630860294943e-07,0,0,3,3,4,6,5,5,1,1,1,1
1,28,35,9.813912811296177e-07,0,0,3,4,4,5,5,5,1,1,1,1
1,28,36,0.8455381989479065,0,0,3,5,4,1,5,1,1,2,1,2
1,28,37,0.09689535200595856,0,0,3,5,4,2,5,2,1,2,1,2
1,28,39,0.047485217452049255,0,0,3,5,4,4,5,4,1,2,1,2
1,28,41,1.8500446458347142e-05,0,1,3,6,4,1,5,0,1,0,1,1
1,28,42,1.1209996841898828e-07,0,1,3,6,4,2,5,0,1,0,1,1
1,28,45,3.983381247962825e-05,0,1,3,6,4,5,5,0,1,0,1,1
1,28,47,0.009672763757407665,0,2,3,7,4,0,5,0,1,0,1,4
1,31,4,8.799787610769272e-05,0,0,4,3,1,4,1,1,1,1,1,1
1,31,8,1.4410767107619904e-05,0,0,4,3,1,2,1,2,1,1,1,1
1,31,9,2.800078254949767e-05,0,0,4,3,1,3,1,2,1,1,1,1
1,31,10,2.2336371330311522e-05,0,0,4,3,1,4,1,2,1,1,1,1
1,31,12,1.0105558430950623e-05,0,0,4,3,1,6,1,2,1,1,1,1
1,31,14,2.0501688879903668e-07,0,0,4,3,1,2,1,3,1,1,1,1
1,31,15,1.5521908380833338e-06,0,0,4,3,1,3,1,3,1,1,1,1
1,31,16,4.3097905290778726e-05,0,0,4,3,1,4,1,3,1,1,1,1
1,31,17,6.741244078511954e-07,0,0,4,3,1,5,1,3,1,1,1,1
1,31,19,1.4695774552819785e-05,0,0,4,3,1,1,1,4,1,1,1,1
1,31,20,2.9140564947738312e-05,0,0,4,3,1,2,1,4,1,1,1,1
1,31,21,2.200091103077284e-06,0,0,4,3,1,3,1,4,1,1,1,1
1,31,22,1.3239864529168699e-06,0,0,4,3,1,4,1,4,1,1,1,1
1,31,27,2.6849718892663077e-08,0,0,4,3,1,3,1,5,1,1,1,1
1,31,29,1.2537583415905829e-06,0,0,4,3,1,5,1,5,1,1,1,1
1,31,30,2.1885387013753643e-07,0,0,4,3,1,6,1,5,1,1,1,1
1,31,35,5.721745921505317e-08,0,0,4,4,1,5,1,5,1,1,1,1
1,31,36,0.47165098786354065,0,0,4,5,1,1,1,1,1,2,1,2
1,31,37,0.48498469591140747,0,0,4,5,1,2,1,2,1,2,1,2
1,31,39,0.04293280094861984,0,0,4,5,1,4,1,4,1,2,1,2
1,31,41,8.009395060071256e-06,0,1,4,6,1,1,1,0,1,0,1,1
1,31,42,3.7849060845474014e-06,0,1,4,6,1,2,1,0,1,0,1,1
1,31,45,3.843915237666806e-06,0,1,4,6,1,5,1,0,1,0,1,1
1,31,47,0.00015774263010825962,0,2,4,7,1,0,1,0,1,0,1,4
1,32,4,0.0004438879550434649,0,0,4,3,2,4,2,1,1,1,1,1
1,32,8,2.291081727889832e-05,0,0,4,3,2,2,2,2,1,1,1,1
1,32,9,4.566673669614829e-05,0,0,4,3,2,3,2,2,1,1,1,1
1,32,10,0.00015862489817664027,0,0,4,3,2,4,2,2,1,1,1,1
1,32,12,1.187768157251412e-05,0,0,4,3,2,6,2,2,1,1,1,1
1,32,14,2.6949180664814776e-07,0,0,4,3,2,2,2,3,1,1,1,1
1,32,15,3.0248952498368453e-06,0,0,4,3,2,3,2,3,1,1,1,1
1,32,16,8.190835069399327e-05,0,0,4,3,2,4,2,3,1,1,1,1
1,32,17,3.8840676097606774e-06,0,0,4,3,2,5,2,3,1,1,1,1
1,32,19,2.5406845452380367e-05,0,0,4,3,2,1,2,4,1,1,1,1
1,32,20,3.00405990856234e-05,0,0,4,3,2,2,2,4,1,1,1,1
1,32,21,5.281553058011923e-06,0,0,4,3,2,3,2,4,1,1,1,1
1,32,22,7.257508514157962e-06,0,0,4,3,2,4,2,4,1,1,1,1
1,32,27,5.04931811917686e-08,0,0,4,3,2,3,2,5,1,1,1,1
1,32,29,2.9267773697938537e-06,0,0,4,3,2,5,2,5,1,1,1,1
1,32,30,4.374491027192562e-07,0,0,4,3,2,6,2,5,1,1,1,1
1,32,35,5.596680239250418e-06,0,0,4,4,2,5,2,5,1,1,1,1
1,32,36,0.2689523994922638,0,0,4,5,2,1,2,1,1,2,1,2
1,32,37,0.29699936509132385,0,0,4,5,2,2,2,2,1,2,1,2
1,32,39,0.42927441000938416,0,0,4,5,2,4,2,4,1,2,1,2
1,32,41,0.0017323752399533987,0,1,4,6,2,1,2,0,1,0,1,1
1,32,42,0.0001690463104750961,0,1,4,6,2,2,2,0,1,0,1,1
1,32,45,0.0002497751556802541,0,1,4,6,2,5,2,0,1,0,1,1
1,32,47,0.0017741047777235508,0,2,4,7,2,0,2,0,1,0,1,4
1,33,4,0.022966982796788216,0,0,4,3,3,4,3,1,1,1,1,1
1,33,8,6.538734305649996e-05,0,0,4,3,3,2,3,2,1,1,1,1
1,33,9,0.00024411879712715745,0,0,4,3,3,3,3,2,1,1,1,1
1,33,10,0.007352184504270554,0,0,4,3,3,4,3,2,1,1,1,1
1,33,12,6.098658559494652e-05,0,0,4,3,3,6,3,2,1,1,1,1
1,33,14,3.075487711612368e-06,0,0,4,3,3,2,3,3,1,1,1,1
1,33,15,6.904964538989589e-05,0,0,4,3,3,3,3,3,1,1,1,1
1,33,16,0.0032824294175952673,0,0,4,3,3,4,3,3,1,1,1,1
1,33,17,0.00010377105354564264,0,0,4,3,3,5,3,3,1,1,1,1
1,33,19,0.0013636272633448243,0,0,4,3,3,1,3,4,1,1,1,1
1,33,20,0.00013893161667510867,0,0,4,3,3,2,3,4,1,1,1,1
1,33,21,0.00014149748312775046,0,0,4,3,3,3,3,4,1,1,1,1
1,33,22,0.0002983966551255435,0,0,4,3,3,4,3,4,1,1,1,1
1,33,27,1.333532236458268e-05,0,0,4,3,3,3,3,5,1,1,1,1
1,33,29,0.0002836683997884393,0,0,4,3,3,5,3,5,1,1,1,1
1,33,30,6.560432666447014e-05,0,0,4,3,3,6,3,5,1,1,1,1
1,33,35,2.754559091044939e-06,0,0,4,4,3,5,3,5,1,1,1,1
1,33,36,0.2763569951057434,0,0,4,5,3,1,3,1,1,2,1,2
1,33,37,0.15323056280612946,0,0,4,5,3,2,3,2,1,2,1,2
1,33,39,0.5246910452842712,0,0,4,5,3,4,3,4,1,2,1,2
1,33,41,3.262701284256764e-05,0,1,4,6,3,1,3,0,1,0,1,1
1,33,42,2.297383161931066e-06,0,1,4,6,3,2,3,0,1,0,1,1
1,33,45,3.420493158046156e-05,0,1,4,6,3,5,3,0,1,0,1,1
1,33,47,0.009196609258651733,0,2,4,7,3,0,3,0,1,0,1,4
1,34,4,0.0004607935843523592,0,0,4,3,4,4,4,1,1,1,1,1
1,34,8,4.6332585043273866e-05,0,0,4,3,4,2,4,2,1,1,1,1
1,34,9,0.0002074104850180447,0,0,4,3,4,3,4,2,1,1,1,1
1,34,10,0.0001236910029547289,0,0,4,3,4,4,4,2,1,1,1,1
1,34,12,6.603272777283564e-05,0,0,4,3,4,6,4,2,1,1,1,1
1,34,14,1.0123020501850988e-06,0,0,4,3,4,2,4,3,1,1,1,1
1,34,15,1.6319156202371232e-05,0,0,4,3,4,3,4,3,1,1,1,1
1,34,16,0.00010861101327463984,0,0,4,3,4,4,4,3,1,1,1,1
1,34,17,3.491763345664367e-05,0,0,4,3,4,5,4,3,1,1,1,1
1,34,19,0.00023355054145213217,0,0,4,3,4,1,4,4,1,1,1,1
1,34,20,2.7537442292668857e-05,0,0,4,3,4,2,4,4,1,1,1,1
1,34,21,9.889770808513276e-06,0,0,4,3,4,3,4,4,1,1,1,1
1,34,22,2.7383641281630844e-05,0,0,4,3,4,4,4,4,1,1,1,1
1,34,27,3.0317139021462935e-07,0,0,4,3,4,3,4,5,1,1,1,1
1,34,29,2.3941569452290423e-05,0,0,4,3,4,5,4,5,1,1,1,1
1,34,30,4.743936187878717e-06,0,0,4,3,4,6,4,5,1,1,1,1
1,34,35,6.329933057713788e-06,0,0,4,4,4,5,4,5,1,1,1,1
1,34,36,0.8261498808860779,0,0,4,5,4,1,4,1,1,2,1,2
1,34,37,0.11269624531269073,0,0,4,5,4,2,4,2,1,2,1,2
1,34,39,0.05767504498362541,0,0,4,5,4,4,4,4,1,2,1,2
1,34,41,0.000533641257788986,0,1,4,6,4,1,4,0,1,0,1,1
1,34,42,9.200389467878267e-05,0,1,4,6,4,2,4,0,1,0,1,1
1,34,45,0.0007511888397857547,0,1,4,6,4,5,4,0,1,0,1,1
1,34,47,0.0007039487827569246,0,2,4,7,4,0,4,0,1,0,1,4
1,38,4,0.13026949763298035,0,0,5,3,3,4,3,1,2,1,2,1
1,38,8,0.006817115470767021,0,0,5,3,3,2,3,2,2,1,2,1
1,38,9,0.0006637609330937266,0,0,5,3,3,3,3,2,2,1,2,1
1,38,10,0.7237876057624817,0,0,5,3,3,4,3,2,2,1,2,1
1,38,12,0.0006818268448114395,0,0,5,3,3,6,3,2,2,1,2,1
1,38,14,0.0022830625530332327,0,0,5,3,3,2,3,3,2,1,2,1
1,38,15,0.0005337644834071398,0,0,5,3,3,3,3,3,2,1,2,1
1,38,16,0.016027970239520073,0,0,5,3,3,4,3,3,2,1,2,1
1,38,17,0.0017653459217399359,0,0,5,3,3,5,3,3,2,1,2,1
1,38,19,0.014874866232275963,0,0,5,3,3,1,3,4,2,1,2,1
1,38,20,0.0025847861543297768,0,0,5,3,3,2,3,4,2,1,2,1
1,38,21,0.020593194290995598,0,0,5,3,3,3,3,4,2,1,2,1
1,38,22,0.028774231672286987,0,0,5,3,3,4,3,4,2,1,2,1
1,38,27,0.0031912000849843025,0,0,5,3,3,3,3,5,2,1,2,1
1,38,29,0.0057706027291715145,0,0,5,3,3,5,3,5,2,1,2,1
1,38,30,0.014669422060251236,0,0,5,3,3,6,3,5,2,1,2,1
1,38,35,0.0011947585735470057,0,0,5,4,3,5,3,5,2,1,2,1
1,38,36,0.00018991343677043915,0,0,5,5,3,1,3,1,2,2,2,2
1,38,37,0.0004453195142559707,0,0,5,5,3,2,3,2,2,2,2,2
1,38,39,0.013203213922679424,0,0,5,5,3,4,3,4,2,2,2,2
1,38,41,0.005621194373816252,0,1,5,6,3,1,3,0,2,0,2,1
1,38,42,0.0034574815072119236,0,1,5,6,3,2,3,0,2,0,2,1
1,38,45,0.002257206477224827,0,1,5,6,3,5,3,0,2,0,2,1
1,38,47,0.00034287263406440616,0,2,5,7,3,0,3,0,2,0,2,4
1,40,4,0.030765559524297714,0,0,5,3,5,4,5,1,2,1,2,1
1,40,8,0.009921850636601448,0,0,5,3,5,2,5,2,2,1,2,1
1,40,9,0.001466676127165556,0,0,5,3,5,3,5,2,2,1,2,1
1,40,10,0.0392918698489666,0,0,5,3,5,4,5,2,2,1,2,1
1,40,12,0.0029156338423490524,0,0,5,3,5,6,5,2,2,1,2,1
1,40,14,0.0047298152931034565,0,0,5,3,5,2,5,3,2,1,2,1
1,40,15,0.0007905772654339671,0,0,5,3,5,3,5,3,2,1,2,1
1,40,16,0.00576678616926074,0,0,5,3,5,4,5,3,2,1,2,1
1,40,17,0.005460341461002827,0,0,5,3,5,5,5,3,2,1,2,1
1,40,19,0.010993781499564648,0,0,5,3,5,1,5,4,2,1,2,1
1,40,20,0.006994145922362804,0,0,5,3,5,2,5,4,2,1,2,1
1,40,21,0.006181439384818077,0,0,5,3,5,3,5,4,2,1,2,1
1,40,22,0.014657772146165371,0,0,5,3,5,4,5,4,2,1,2,1
1,40,27,0.0013485642848536372,0,0,5,3,5,3,5,5,2,1,2,1
1,40,29,0.005575134418904781,0,0,5,3,5,5,5,5,2,1,2,1
1,40,30,0.014479309320449829,0,0,5,3,5,6,5,5,2,1,2,1
1,40,35,0.036641500890254974,0,0,5,4,5,5,5,5,2,1,2,1
1,40,36,0.02127913013100624,0,0,5,5,5,1,5,1,2,2,2,2
1,40,37,0.024175778031349182,0,0,5,5,5,2,5,2,2,2,2,2
1,40,39,0.19364359974861145,0,0,5,5,5,4,5,4,2,2,2,2
1,40,41,0.2368861585855484,0,1,5,6,5,1,5,0,2,0,2,1
1,40,42,0.2448441982269287,0,1,5,6,5,2,5,0,2,0,2,1
1,40,45,0.07990472763776779,0,1,5,6,5,5,5,0,2,0,2,1
1,40,47,0.0012855114182457328,0,2,5,7,5,0,5,0,2,0,2,4
1,43,4,0.0019308723276481032,1,0,6,3,3,4,0,1,0,1,1,1
1,43,8,0.00016252766363322735,1,0,6,3,3,2,0,2,0,1,1,1
1,43,9,0.0030011022463440895,1,0,6,3,3,3,0,2,0,1,1,1
1,43,10,0.00024330733867827803,1,0,6,3,3,4,0,2,0,1,1,1
1,43,12,0.0003695750201586634,1,0,6,3,3,6,0,2,0,1,1,1
1,43,14,9.929745829140302e-06,1,0,6,3,3,2,0,3,0,1,1,1
1,43,15,0.00015617850294802338,1,0,6,3,3,3,0,3,0,1,1,1
1,43,16,0.00021695283066947013,1,0,6,3,3,4,0,3,0,1,1,1
1,43,17,0.00011605472536757588,1,0,6,3,3,5,0,3,0,1,1,1
1,43,19,0.0001762339088600129,1,0,6,3,3,1,0,4,0,1,1,1
1,43,20,6.70671506668441e-05,1,0,6,3,3,2,0,4,0,1,1,1
1,43,21,2.563752786954865e-05,1,0,6,3,3,3,0,4,0,1,1,1
1,43,22,2.998348281835206e-05,1,0,6,3,3,4,0,4,0,1,1,1
1,43,27,1.5547906514257193e-05,1,0,6,3,3,3,0,5,0,1,1,1
1,43,29,0.0005699447938241065,1,0,6,3,3,5,0,5,0,1,1,1
1,43,30,4.366398206911981e-05,1,0,6,3,3,6,0,5,0,1,1,1
1,43,35,2.2969206838752143e-05,1,0,6,4,3,5,0,5,0,1,1,1
1,43,36,0.6730963587760925,1,0,6,5,3,1,0,1,0,2,1,2
1,43,37,0.2842375934123993,1,0,6,5,3,2,0,2,0,2,1,2
1,43,39,0.031063688918948174,1,0,6,5,3,4,0,4,0,2,1,2
1,43,41,5.2771323680644855e-05,1,1,6,6,3,1,0,0,0,0,1,1
1,43,42,5.721119123336393e-06,1,1,6,6,3,2,0,0,0,0,1,1
1,43,45,0.0002287340903421864,1,1,6,6,3,5,0,0,0,0,1,1
1,43,47,0.004157534334808588,1,2,6,7,3,0,0,0,0,0,1,4
1,44,4,0.0020742753986269236,1,0,6,3,4,4,0,1,0,1,1,1
1,44,8,0.00038286251947283745,1,0,6,3,4,2,0,2,0,1,1,1
1,44,9,0.040570054203271866,1,0,6,3,4,3,0,2,0,1,1,1
1,44,10,0.0013664162252098322,1,0,6,3,4,4,0,2,0,1,1,1
1,44,12,0.007002042140811682,1,0,6,3,4,6,0,2,0,1,1,1
1,44,14,5.367486664908938e-06,1,0,6,3,4,2,0,3,0,1,1,1
1,44,15,8.098388207145035e-05,1,0,6,3,4,3,0,3,0,1,1,1
1,44,16,0.00016259874973911792,1,0,6,3,4,4,0,3,0,1,1,1
1,44,17,3.177341932314448e-05,1,0,6,3,4,5,0,3,0,1,1,1
1,44,19,0.00014268601080402732,1,0,6,3,4,1,0,4,0,1,1,1
1,44,20,6.44104802631773e-05,1,0,6,3,4,2,0,4,0,1,1,1
1,44,21,3.387863398529589e-05,1,0,6,3,4,3,0,4,0,1,1,1
1,44,22,2.7360911190044135e-05,1,0,6,3,4,4,0,4,0,1,1,1
1,44,27,2.4604933059890755e-05,1,0,6,3,4,3,0,5,0,1,1,1
1,44,29,9.887027408694848e-05,1,0,6,3,4,5,0,5,0,1,1,1
1,44,30,7.903486221039202e-06,1,0,6,3,4,6,0,5,0,1,1,1
1,44,35,2.844539631041698e-05,1,0,6,4,4,5,0,5,0,1,1,1
1,44,36,0.17637237906455994,1,0,6,5,4,1,0,1,0,2,1,2
1,44,37,0.08766257762908936,1,0,6,5,4,2,0,2,0,2,1,2
1,44,39,0.012209958396852016,1,0,6,5,4,4,0,4,0,2,1,2
1,44,41,0.00021282045054249465,1,1,6,6,4,1,0,0,0,0,1,1
1,44,42,1.1677095699269557e-06,1,1,6,6,4,2,0,0,0,0,1,1
1,44,45,6.453941750805825e-05,1,1,6,6,4,5,0,0,0,0,1,1
1,44,47,0.6713724136352539,1,2,6,7,4,0,0,0,0,0,1,4
1,46,4,0.00036253369762562215,1,0,6,3,6,4,0,1,0,1,1,1
1,46,8,0.00011730601545423269,1,0,6,3,6,2,0,2,0,1,1,1
1,46,9,0.005574265029281378,1,0,6,3,6,3,0,2,0,1,1,1
1,46,10,6.424322782550007e-05,1,0,6,3,6,4,0,2,0,1,1,1
1,46,12,0.001092560007236898,1,0,6,3,6,6,0,2,0,1,1,1
1,46,14,7.5959678724757396e-06,1,0,6,3,6,2,0,3,0,1,1,1
1,46,15,8.855675696395338e-05,1,0,6,3,6,3,0,3,0,1,1,1
1,46,16,5.9622521803248674e-05,1,0,6,3,6,4,0,3,0,1,1,1
1,46,17,0.00010565690172370523,1,0,6,3,6,5,0,3,0,1,1,1
1,46,19,4.532613093033433e-05,1,0,6,3,6,1,0,4,0,1,1,1
1,46,20,3.674026083899662e-05,1,0,6,3,6,2,0,4,0,1,1,1
1,46,21,1.1215865015401505e-05,1,0,6,3,6,3,0,4,0,1,1,1
1,46,22,1.0470609595358837e-05,1,0,6,3,6,4,0,4,0,1,1,1
1,46,27,1.6350542864529416e-05,1,0,6,3,6,3,0,5,0,1,1,1
1,46,29,0.0002717442694120109,1,0,6,3,6,5,0,5,0,1,1,1
1,46,30,1.8946853742818348e-05,1,0,6,3,6,6,0,5,0,1,1,1
1,46,35,0.00010888419637922198,1,0,6,4,6,5,0,5,0,1,1,1
1,46,36,0.6737686395645142,1,0,6,5,6,1,0,1,0,2,1,2
1,46,37,0.2540213465690613,1,0,6,5,6,2,0,2,0,2,1,2
1,46,39,0.014668659307062626,1,0,6,5,6,4,0,4,0,2,1,2
1,46,41,9.982673509512097e-05,1,1,6,6,6,1,0,0,0,0,1,1
1,46,42,4.680062829720555e-06,1,1,6,6,6,2,0,0,0,0,1,1
1,46,45,0.0001845922670327127,1,1,6,6,6,5,0,0,0,0,1,1
1,46,47,0.049260642379522324,1,2,6,7,6,0,0,0,0,0,1,4
2,0,2,4.158239971729927e-05,0,0,1,3,0,2,0,1,2,1,4,1
2,0,3,0.0005977218388579786,0,0,1,3,0,3,0,1,2,1,4,1
2,0,4,2.554860657255631e-05,0,0,1,3,0,4,0,1,2,1,4,1
2,0,10,0.0002596231352072209,0,0,1,3,0,4,0,2,2,1,4,1
2,0,11,5.848184446222149e-05,0,0,1,3,0,5,0,2,2,1,4,1
2,0,12,0.00015028088819235563,0,0,1,3,0,6,0,2,2,1,4,1
2,0,15,5.234452328295447e-05,0,0,1,3,0,3,0,3,2,1,4,1
2,0,16,4.00963363063056e-05,0,0,1,3,0,4,0,3,2,1,4,1
2,0,18,4.47028833150398e-05,0,0,1,3,0,6,0,3,2,1,4,1
2,0,20,8.585825707996264e-05,0,0,1,3,0,2,0,4,2,1,4,1
2,0,24,3.61808852176182e-05,0,0,1,3,0,6,0,4,2,1,4,1
2,0,25,0.00040458139847032726,0,0,1,3,0,1,0,5,2,1,4,1
2,0,26,0.00016507705731783062,0,0,1,3,0,2,0,5,2,1,4,1
2,0,28,0.00021130015375092626,0,0,1,3,0,4,0,5,2,1,4,1
2,0,29,7.716875552432612e-05,0,0,1,3,0,5,0,5,2,1,4,1
2,0,30,3.92694455513265e-05,0,0,1,3,0,6,0,5,2,1,4,1
2,0,32,6.0279606259427965e-05,0,0,1,4,0,2,0,2,2,1,4,1
2,0,37,0.02028713934123516,0,0,1,5,0,2,0,2,2,2,4,2
2,0,39,0.2792109549045563,0,0,1,5,0,4,0,4,2,2,4,2
2,0,40,0.6911367177963257,0,0,1,5,0,5,0,5,2,2,4,2
2,0,43,0.003364973934367299,0,1,1,6,0,3,0,0,2,0,4,1
2,0,44,0.002671528607606888,0,1,1,6,0,4,0,0,2,0,4,1
2,0,46,0.0008760142954997718,0,1,1,6,0,6,0,0,2,0,4,1
2,0,47,0.00010254851804347709,0,2,1,7,0,0,0,0,2,0,4,4
2,1,2,0.0034990995191037655,0,0,3,3,1,2,1,1,1,1,1,1
2,1,3,2.9859764254069887e-05,0,0,3,3,1,3,1,1,1,1,1,1
2,1,4,5.446550403576111e-06,0,0,3,3,1,4,1,1,1,1,1,1
2,1,10,1.2884484021924436e-05,0,0,3,3,1,4,1,2,1,1,1,1
2,1,11,0.0017662624595686793,0,0,3,3,1,5,1,2,1,1,1,1
2,1,12,0.02214963175356388,0,0,3,3,1,6,1,2,1,1,1,1
2,1,15,8.846291893860325e-05,0,0,3,3,1,3,1,3,1,1,1,1
2,1,16,1.6487376342411153e-05,0,0,3,3,1,4,1,3,1,1,1,1
2,1,18,4.095847543794662e-05,0,0,3,3,1,6,1,3,1,1,1,1
2,1,20,0.012368566356599331,0,0,3,3,1,2,1,4,1,1,1,1
2,1,24,0.002285571536049247,0,0,3,3,1,6,1,4,1,1,1,1
2,1,25,6.63697937852703e-05,0,0,3,3,1,1,1,5,1,1,1,1
2,1,26,0.004397545475512743,0,0,3,3,1,2,1,5,1,1,1,1
2,1,28,1.9502065697452053e-05,0,0,3,3,1,4,1,5,1,1,1,1
2,1,29,4.8827521823113784e-05,0,0,3,3,1,5,1,5,1,1,1,1
2,1,30,0.00030455837259069085,0,0,3,3,1,6,1,5,1,1,1,1
2,1,32,0.34203627705574036,0,0,3,4,1,2,1,2,1,1,1,1
2,1,37,0.5782572031021118,0,0,3,5,1,2,1,2,1,2,1,2
2,1,39,0.00669315829873085,0,0,3,5,1,4,1,4,1,2,1,2
2,1,40,0.002368156798183918,0,0,3,5,1,5,1,5,1,2,1,2
2,1,43,0.0003028240753337741,0,1,3,6,1,3,1,0,1,0,1,1
2,1,44,0.00023330937256105244,0,1,3,6,1,4,1,0,1,0,1,1
2,1,46,0.007304177153855562,0,1,3,6,1,6,1,0,1,0,1,1
2,1,47,0.015705542638897896,0,2,3,7,1,0,1,0,1,0,1,4
2,5,2,0.003162008011713624,0,0,3,3,5,2,1,1,1,1,1,1
2,5,3,0.00017048489826265723,0,0,3,3,5,3,1,1,1,1,1,1
2,5,4,1.2392547432682477e-05,0,0,3,3,5,4,1,1,1,1,1,1
2,5,10,0.00019482588686514646,0,0,3,3,5,4,1,2,1,1,1,1
2,5,11,0.012514442205429077,0,0,3,3,5,5,1,2,1,1,1,1
2,5,12,0.05406421422958374,0,0,3,3,5,6,1,2,1,1,1,1
2,5,15,0.0002624704211484641,0,0,3,3,5,3,1,3,1,1,1,1
2,5,16,6.252153980312869e-05,0,0,3,3,5,4,1,3,1,1,1,1
2,5,18,0.0001662404538365081,0,0,3,3,5,6,1,3,1,1,1,1
2,5,20,0.011784426867961884,0,0,3,3,5,2,1,4,1,1,1,1
2,5,24,0.009837540797889233,0,0,3,3,5,6,1,4,1,1,1,1
2,5,25,0.00044415894080884755,0,0,3,3,5,1,1,5,1,1,1,1
2,5,26,0.004391863010823727,0,0,3,3,5,2,1,5,1,1,1,1
2,5,28,6.0319671320030466e-05,0,0,3,3,5,4,1,5,1,1,1,1
2,5,29,0.0003943687479477376,0,0,3,3,5,5,1,5,1,1,1,1
2,5,30,0.0005037506343796849,0,0,3,3,5,6,1,5,1,1,1,1
2,5,32,0.26520654559135437,0,0,3,4,5,2,1,2,1,1,1,1
2,5,37,0.38209882378578186,0,0,3,5,5,2,1,2,1,2,1,2
2,5,39,0.08606044948101044,0,0,3,5,5,4,1,4,1,2,1,2
2,5,40,0.039072565734386444,0,0,3,5,5,5,1,5,1,2,1,2
2,5,43,0.002982884645462036,0,1,3,6,5,3,1,0,1,0,1,1
2,5,44,0.0019332884112372994,0,1,3,6,5,4,1,0,1,0,1,1
2,5,46,0.03831604868173599,0,1,3,6,5,6,1,0,1,0,1,1
2,5,47,0.0863032266497612,0,2,3,7,5,0,1,0,1,0,1,4
2,6,2,0.03131517022848129,0,0,3,3,6,2,1,1,1,1,1,1
2,6,3,0.0006027956260368228,0,0,3,3,6,3,1,1,1,1,1,1
2,6,4,6.967772060306743e-05,0,0,3,3,6,4,1,1,1,1,1,1
2,6,10,0.0002947727043647319,0,0,3,3,6,4,1,2,1,1,1,1
2,6,11,0.0179970171302557,0,0,3,3,6,5,1,2,1,1,1,1
2,6,12,0.026753341779112816,0,0,3,3,6,6,1,2,1,1,1,1
2,6,15,0.0004179588577244431,0,0,3,3,6,3,1,3,1,1,1,1
2,6,16,9.210351709043607e-05,0,0,3,3,6,4,1,3,1,1,1,1
2,6,18,0.0003347652091179043,0,0,3,3,6,6,1,3,1,1,1,1
2,6,20,0.02452308125793934,0,0,3,3,6,2,1,4,1,1,1,1
2,6,24,0.00590812973678112,0,0,3,3,6,6,1,4,1,1,1,1
2,6,25,0.0005624999757856131,0,0,3,3,6,1,1,5,1,1,1,1
2,6,26,0.017509503290057182,0,0,3,3,6,2,1,5,1,1,1,1
2,6,28,0.00019682427227962762,0,0,3,3,6,4,1,5,1,1,1,1
2,6,29,0.000440826901467517,0,0,3,3,6,5,1,5,1,1,1,1
2,6,30,0.0006472356035374105,0,0,3,3,6,6,1,5,1,1,1,1
2,6,32,0.41655269265174866,0,0,3,4,6,2,1,2,1,1,1,1
2,6,37,0.388855516910553,0,0,3,5,6,2,1,2,1,2,1,2
2,6,39,0.022793468087911606,0,0,3,5,6,4,1,4,1,2,1,2
2,6,40,0.017238834872841835,0,0,3,5,6,5,1,5,1,2,1,2
2,6,43,0.0012239058269187808,0,1,3,6,6,3,1,0,1,0,1,1
2,6,44,0.001235285890288651,0,1,3,6,6,4,1,0,1,0,1,1
2,6,46,0.00924940500408411,0,1,3,6,6,6,1,0,1,0,1,1
2,6,47,0.015185048803687096,0,2,3,7,6,0,1,0,1,0,1,4
2,7,2,0.0028172796592116356,0,0,3,3,1,2,2,1,1,1,1,1
2,7,3,0.0011377029586583376,0,0,3,3,1,3,2,1,1,1,1,1
2,7,4,0.00010052935249404982,0,0,3,3,1,4,2,1,1,1,1,1
2,7,10,0.0033871701452881098,0,0,3,3,1,4,2,2,1,1,1,1
2,7,11,0.035111866891384125,0,0,3,3,1,5,2,2,1,1,1,1
2,7,12,0.010237292386591434,0,0,3,3,1,6,2,2,1,1,1,1
2,7,15,0.003202752908691764,0,0,3,3,1,3,2,3,1,1,1,1
2,7,16,0.0006817768444307148,0,0,3,3,1,4,2,3,1,1,1,1
2,7,18,0.0016665998846292496,0,0,3,3,1,6,2,3,1,1,1,1
2,7,20,0.011640121228992939,0,0,3,3,1,2,2,4,1,1,1,1
2,7,24,0.0036577722057700157,0,0,3,3,1,6,2,4,1,1,1,1
2,7,25,0.0011230246163904667,0,0,3,3,1,1,2,5,1,1,1,1
2,7,26,0.006691156420856714,0,0,3,3,1,2,2,5,1,1,1,1
2,7,28,0.0005702910711988807,0,0,3,3,1,4,2,5,1,1,1,1
2,7,29,0.013035156764090061,0,0,3,3,1,5,2,5,1,1,1,1
2,7,30,0.0015168181853368878,0,0,3,3,1,6,2,5,1,1,1,1
2,7,32,0.03210977464914322,0,0,3,4,1,2,2,2,1,1,1,1
2,7,37,0.135003462433815,0,0,3,5,1,2,2,2,1,2,1,2
2,7,39,0.131831094622612,0,0,3,5,1,4,2,4,1,2,1,2
2,7,40,0.27956894040107727,0,0,3,5,1,5,2,5,1,2,1,2
2,7,43,0.06642349809408188,0,1,3,6,1,3,2,0,1,0,1,1
2,7,44,0.033085331320762634,0,1,3,6,1,4,2,0,1,0,1,1
2,7,46,0.141725093126297,0,1,3,6,1,6,2,0,1,0,1,1
2,7,47,0.083675317466259,0,2,3,7,1,0,2,0,1,0,1,4
2,8,2,0.0009397223475389183,0,0,3,3,2,2,2,1,1,1,1,1
2,8,3,0.0010013357969000936,0,0,3,3,2,3,2,1,1,1,1,1
2,8,4,0.0006341025582514703,0,0,3,3,2,4,2,1,1,1,1,1
2,8,10,0.0073006972670555115,0,0,3,3,2,4,2,2,1,1,1,1
2,8,11,0.008108510635793209,0,0,3,3,2,5,2,2,1,1,1,1
2,8,12,0.0016710514901205897,0,0,3,3,2,6,2,2,1,1,1,1
2,8,15,0.001796044292859733,0,0,3,3,2,3,2,3,1,1,1,1
2,8,16,0.0016768111381679773,0,0,3,3,2,4,2,3,1,1,1,1
2,8,18,0.002159214112907648,0,0,3,3,2,6,2,3,1,1,1,1
2,8,20,0.00799140240997076,0,0,3,3,2,2,2,4,1,1,1,1
2,8,24,0.0010008173994719982,0,0,3,3,2,6,2,4,1,1,1,1
2,8,25,0.0015705834375694394,0,0,3,3,2,1,2,5,1,1,1,1
2,8,26,0.006981851998716593,0,0,3,3,2,2,2,5,1,1,1,1
2,8,28,0.001241181744262576,0,0,3,3,2,4,2,5,1,1,1,1
2,8,29,0.019976221024990082,0,0,3,3,2,5,2,5,1,1,1,1
2,8,30,0.00044902131776325405,0,0,3,3,2,6,2,5,1,1,1,1
2,8,32,0.005793185438960791,0,0,3,4,2,2,2,2,1,1,1,1
2,8,37,0.031192051246762276,0,0,3,5,2,2,2,2,1,2,1,2
2,8,39,0.13161279261112213,0,0,3,5,2,4,2,4,1,2,1,2
2,8,40,0.6135323643684387,0,0,3,5,2,5,2,5,1,2,1,2
2,8,43,0.012840919196605682,0,1,3,6,2,3,2,0,1,0,1,1
2,8,44,0.041793979704380035,0,1,3,6,2,4,2,0,1,0,1,1
2,8,46,0.07675115019083023,0,1,3,6,2,6,2,0,1,0,1,1
2,8,47,0.021985212340950966,0,2,3,7,2,0,2,0,1,0,1,4
2,9,2,0.0010352862300351262,0,0,3,3,3,2,2,1,1,1,1,1
2,9,3,0.0022915098816156387,0,0,3,3,3,3,2,1,1,1,1,1
2,9,4,0.002798346569761634,0,0,3,3,3,4,2,1,1,1,1,1
2,9,10,0.06098277494311333,0,0,3,3,3,4,2,2,1,1,1,1
2,9,11,0.010939709842205048,0,0,3,3,3,5,2,2,1,1,1,1
2,9,12,0.003968041855841875,0,0,3,3,3,6,2,2,1,1,1,1
2,9,15,0.004479443654417992,0,0,3,3,3,3,2,3,1,1,1,1
2,9,16,0.023596953600645065,0,0,3,3,3,4,2,3,1,1,1,1
2,9,18,0.010648759081959724,0,0,3,3,3,6,2,3,1,1,1,1
2,9,20,0.006488580256700516,0,0,3,3,3,2,2,4,1,1,1,1
2,9,24,0.008693584240972996,0,0,3,3,3,6,2,4,1,1,1,1
2,9,25,0.01967756636440754,0,0,3,3,3,1,2,5,1,1,1,1
2,9,26,0.0034262605477124453,0,0,3,3,3,2,2,5,1,1,1,1
2,9,28,0.01415509358048439,0,0,3,3,3,4,2,5,1,1,1,1
2,9,29,0.10765624046325684,0,0,3,3,3,5,2,5,1,1,1,1
2,9,30,0.004166701342910528,0,0,3,3,3,6,2,5,1,1,1,1
2,9,32,0.001400588545948267,0,0,3,4,3,2,2,2,1,1,1,1
2,9,37,0.0032363799400627613,0,0,3,5,3,2,2,2,1,2,1,2
2,9,39,0.07503937929868698,0,0,3,5,3,4,2,4,1,2,1,2
2,9,40,0.3461292088031769,0,0,3,5,3,5,2,5,1,2,1,2
2,9,43,0.016630426049232483,0,1,3,6,3,3,2,0,1,0,1,1
2,9,44,0.1130676418542862,0,1,3,6,3,4,2,0,1,0,1,1
2,9,46,0.13733580708503723,0,1,3,6,3,6,2,0,1,0,1,1
2,9,47,0.022155018523335457,0,2,3,7,3,0,2,0,1,0,1,4
2,13,2,0.0057341791689395905,0,0,3,3,1,2,3,1,1,1,1,1
2,13,3,0.00045004417188465595,0,0,3,3,1,3,3,1,1,1,1,1
2,13,4,2.8534685043268837e-05,0,0,3,3,1,4,3,1,1,1,1,1
2,13,10,0.00022374918626155704,0,0,3,3,1,4,3,2,1,1,1,1
2,13,11,0.023983750492334366,0,0,3,3,1,5,3,2,1,1,1,1
2,13,12,0.008072836324572563,0,0,3,3,1,6,3,2,1,1,1,1
2,13,15,0.00037339114351198077,0,0,3,3,1,3,3,3,1,1,1,1
2,13,16,2.0168188711977564e-05,0,0,3,3,1,4,3,3,1,1,1,1
2,13,18,0.00013731706712860614,0,0,3,3,1,6,3,3,1,1,1,1
2,13,20,0.0028727485332638025,0,0,3,3,1,2,3,4,1,1,1,1
2,13,24,0.0006601219065487385,0,0,3,3,1,6,3,4,1,1,1,1
2,13,25,5.717886961065233e-05,0,0,3,3,1,1,3,5,1,1,1,1
2,13,26,0.010675683617591858,0,0,3,3,1,2,3,5,1,1,1,1
2,13,28,0.00015170988626778126,0,0,3,3,1,4,3,5,1,1,1,1
2,13,29,0.0003878399729728699,0,0,3,3,1,5,3,5,1,1,1,1
2,13,30,0.0006543716881424189,0,0,3,3,1,6,3,5,1,1,1,1
2,13,32,0.40202662348747253,0,0,3,4,1,2,3,2,1,1,1,1
2,13,37,0.5206429362297058,0,0,3,5,1,2,3,2,1,2,1,2
2,13,39,0.010882350616157055,0,0,3,5,1,4,3,4,1,2,1,2
2,13,40,0.00902751088142395,0,0,3,5,1,5,3,5,1,2,1,2
2,13,43,0.0006398356636054814,0,1,3,6,1,3,3,0,1,0,1,1
2,13,44,0.0003842827572952956,0,1,3,6,1,4,3,0,1,0,1,1
2,13,46,0.0013381079770624638,0,1,3,6,1,6,3,0,1,0,1,1
2,13,47,0.0005750855780206621,0,2,3,7,1,0,3,0,1,0,1,4
2,14,2,0.012030139565467834,0,0,3,3,2,2,3,1,1,1,1,1
2,14,3,0.03592689335346222,0,0,3,3,2,3,3,1,1,1,1,1
2,14,4,0.09533567726612091,0,0,3,3,2,4,3,1,1,1,1,1
2,14,10,0.11390597373247147,0,0,3,3,2,4,3,2,1,1,1,1
2,14,11,0.1191224604845047,0,0,3,3,2,5,3,2,1,1,1,1
2,14,12,0.014114023186266422,0,0,3,3,2,6,3,2,1,1,1,1
2,14,15,0.04394594952464104,0,0,3,3,2,3,3,3,1,1,1,1
2,14,16,0.03656931221485138,0,0,3,3,2,4,3,3,1,1,1,1
2,14,18,0.024711744859814644,0,0,3,3,2,6,3,3,1,1,1,1
2,14,20,0.02820814587175846,0,0,3,3,2,2,3,4,1,1,1,1
2,14,24,0.012017963454127312,0,0,3,3,2,6,3,4,1,1,1,1
2,14,25,0.014584984630346298,0,0,3,3,2,1,3,5,1,1,1,1
2,14,26,0.06177147850394249,0,0,3,3,2,2,3,5,1,1,1,1
2,14,28,0.06226884201169014,0,0,3,3,2,4,3,5,1,1,1,1
2,14,29,0.11405441910028458,0,0,3,3,2,5,3,5,1,1,1,1
2,14,30,0.02025410160422325,0,0,3,3,2,6,3,5,1,1,1,1
2,14,32,0.07689020782709122,0,0,3,4,2,2,3,2,1,1,1,1
2,14,37,0.007408579345792532,0,0,3,5,2,2,3,2,1,2,1,2
2,14,39,0.007652766536921263,0,0,3,5,2,4,3,4,1,2,1,2
2,14,40,0.03475503623485565,0,0,3,5,2,5,3,5,1,2,1,2
2,14,43,0.00998927466571331,0,1,3,6,2,3,3,0,1,0,1,1
2,14,44,0.029650168493390083,0,1,3,6,2,4,3,0,1,0,1,1
2,14,46,0.020141910761594772,0,1,3,6,2,6,3,0,1,0,1,1
2,14,47,0.004689847119152546,0,2,3,7,2,0,3,0,1,0,1,4
2,17,2,0.030848147347569466,0,0,3,3,5,2,3,1,1,1,1,1
2,17,3,0.003826634958386421,0,0,3,3,5,3,3,1,1,1,1,1
2,17,4,0.0008681800100021064,0,0,3,3,5,4,3,1,1,1,1,1
2,17,10,0.01848374679684639,0,0,3,3,5,4,3,2,1,1,1,1
2,17,11,0.5133406519889832,0,0,3,3,5,5,3,2,1,1,1,1
2,17,12,0.010901279747486115,0,0,3,3,5,6,3,2,1,1,1,1
2,17,15,0.003591967513784766,0,0,3,3,5,3,3,3,1,1,1,1
2,17,16,0.0006762403645552695,0,0,3,3,5,4,3,3,1,1,1,1
2,17,18,0.002205928321927786,0,0,3,3,5,6,3,3,1,1,1,1
2,17,20,0.00879827979952097,0,0,3,3,5,2,3,4,1,1,1,1
2,17,24,0.004335793200880289,0,0,3,3,5,6,3,4,1,1,1,1
2,17,25,0.0007410618127323687,0,0,3,3,5,1,3,5,1,1,1,1
2,17,26,0.031547676771879196,0,0,3,3,5,2,3,5,1,1,1,1
2,17,28,0.003915684297680855,0,0,3,3,5,4,3,5,1,1,1,1
2,17,29,0.01415933482348919,0,0,3,3,5,5,3,5,1,1,1,1
2,17,30,0.002582712098956108,0,0,3,3,5,6,3,5,1,1,1,1
2,17,32,0.32280784845352173,0,0,3,4,5,2,3,2,1,1,1,1
2,17,37,0.010745936073362827,0,0,3,5,5,2,3,2,1,2,1,2
2,17,39,0.002257901942357421,0,0,3,5,5,4,3,4,1,2,1,2
2,17,40,0.006467557046562433,0,0,3,5,5,5,3,5,1,2,1,2
2,17,43,0.0008896143990568817,0,1,3,6,5,3,3,0,1,0,1,1
2,17,44,0.002303681569173932,0,1,3,6,5,4,3,0,1,0,1,1
2,17,46,0.003110830672085285,0,1,3,6,5,6,3,0,1,0,1,1
2,17,47,0.0005930225597694516,0,2,3,7,5,0,3,0,1,0,1,4
2,19,2,0.04436996206641197,0,0,3,3,1,2,4,1,1,1,1,1
2,19,3,0.0032846906688064337,0,0,3,3,1,3,4,1,1,1,1,1
2,19,4,0.0014101624255999923,0,0,3,3,1,4,4,1,1,1,1,1
2,19,10,0.004351322073489428,0,0,3,3,1,4,4,2,1,1,1,1
2,19,11,0.04985938221216202,0,0,3,3,1,5,4,2,1,1,1,1
2,19,12,0.03991565480828285,0,0,3,3,1,6,4,2,1,1,1,1
2,19,15,0.012632704339921474,0,0,3,3,1,3,4,3,1,1,1,1
2,19,16,0.004379999358206987,0,0,3,3,1,4,4,3,1,1,1,1
2,19,18,0.003971195314079523,0,0,3,3,1,6,4,3,1,1,1,1
2,19,20,0.13647004961967468,0,0,3,3,1,2,4,4,1,1,1,1
2,19,24,0.015436487272381783,0,0,3,3,1,6,4,4,1,1,1,1
2,19,25,0.004246122669428587,0,0,3,3,1,1,4,5,1,1,1,1
2,19,26,0.03004971146583557,0,0,3,3,1,2,4,5,1,1,1,1
2,19,28,0.0026458208449184895,0,0,3,3,1,4,4,5,1,1,1,1
2,19,29,0.012594908475875854,0,0,3,3,1,5,4,5,1,1,1,1
2,19,30,0.0063447291031479836,0,0,3,3,1,6,4,5,1,1,1,1
2,19,32,0.11643210053443909,0,0,3,4,1,2,4,2,1,1,1,1
2,19,37,0.08015453070402145,0,0,3,5,1,2,4,2,1,2,1,2
2,19,39,0.014964873902499676,0,0,3,5,1,4,4,4,1,2,1,2
2,19,40,0.028031466528773308,0,0,3,5,1,5,4,5,1,2,1,2
2,19,43,0.05383988842368126,0,1,3,6,1,3,4,0,1,0,1,1
2,19,44,0.03162463381886482,0,1,3,6,1,4,4,0,1,0,1,1
2,19,46,0.18509726226329803,0,1,3,6,1,6,4,0,1,0,1,1
2,19,47,0.11789246648550034,0,2,3,7,1,0,4,0,1,0,1,4
2,21,2,0.003943732473999262,0,0,3,3,3,2,4,1,1,1,1,1
2,21,3,0.007865630090236664,0,0,3,3,3,3,4,1,1,1,1,1
2,21,4,0.0039328825660049915,0,0,3,3,3,4,4,1,1,1,1,1
2,21,10,0.055212002247571945,0,0,3,3,3,4,4,2,1,1,1,1
2,21,11,0.019814513623714447,0,0,3,3,3,5,4,2,1,1,1,1
2,21,12,0.010276341810822487,0,0,3,3,3,6,4,2,1,1,1,1
2,21,15,0.013757354579865932,0,0,3,3,3,3,4,3,1,1,1,1
2,21,16,0.03170586749911308,0,0,3,3,3,4,4,3,1,1,1,1
2,21,18,0.009274632669985294,0,0,3,3,3,6,4,3,1,1,1,1
2,21,20,0.0336286686360836,0,0,3,3,3,2,4,4,1,1,1,1
2,21,24,0.020343003794550896,0,0,3,3,3,6,4,4,1,1,1,1
2,21,25,0.022763798013329506,0,0,3,3,3,1,4,5,1,1,1,1
2,21,26,0.005960454232990742,0,0,3,3,3,2,4,5,1,1,1,1
2,21,28,0.012011720798909664,0,0,3,3,3,4,4,5,1,1,1,1
2,21,29,0.03604588657617569,0,0,3,3,3,5,4,5,1,1,1,1
2,21,30,0.004464156925678253,0,0,3,3,3,6,4,5,1,1,1,1
2,21,32,0.004210331477224827,0,0,3,4,3,2,4,2,1,1,1,1
2,21,37,0.002614353783428669,0,0,3,5,3,2,4,2,1,2,1,2
2,21,39,0.06408154219388962,0,0,3,5,3,4,4,4,1,2,1,2
2,21,40,0.143172025680542,0,0,3,5,3,5,4,5,1,2,1,2
2,21,43,0.08892951905727386,0,1,3,6,3,3,4,0,1,0,1,1
2,21,44,0.14222298562526703,0,1,3,6,3,4,4,0,1,0,1,1
2,21,46,0.1985594928264618,0,1,3,6,3,6,4,0,1,0,1,1
2,21,47,0.06520921736955643,0,2,3,7,3,0,4,0,1,0,1,4
2,22,2,0.0003356306697241962,0,0,3,3,4,2,4,1,1,1,1,1
2,22,3,0.00569648714736104,0,0,3,3,4,3,4,1,1,1,1,1
2,22,4,0.0011044817510992289,0,0,3,3,4,4,4,1,1,1,1,1
2,22,10,0.11810889840126038,0,0,3,3,4,4,4,2,1,1,1,1
2,22,11,0.020496491342782974,0,0,3,3,4,5,4,2,1,1,1,1
2,22,12,0.006125510670244694,0,0,3,3,4,6,4,2,1,1,1,1
2,22,15,0.0009893521200865507,0,0,3,3,4,3,4,3,1,1,1,1
2,22,16,0.004735802765935659,0,0,3,3,4,4,4,3,1,1,1,1
2,22,18,0.0023620566353201866,0,0,3,3,4,6,4,3,1,1,1,1
2,22,20,0.002138565992936492,0,0,3,3,4,2,4,4,1,1,1,1
2,22,24,0.011812547221779823,0,0,3,3,4,6,4,4,1,1,1,1
2,22,25,0.004763975739479065,0,0,3,3,4,1,4,5,1,1,1,1
2,22,26,0.0032255558762699366,0,0,3,3,4,2,4,5,1,1,1,1
2,22,28,0.00921988021582365,0,0,3,3,4,4,4,5,1,1,1,1
2,22,29,0.00717706186696887,0,0,3,3,4,5,4,5,1,1,1,1
2,22,30,0.0011430938029661775,0,0,3,3,4,6,4,5,1,1,1,1
2,22,32,0.009807083755731583,0,0,3,4,4,2,4,2,1,1,1,1
2,22,37,0.001624280703254044,0,0,3,5,4,2,4,2,1,2,1,2
2,22,39,0.4327737092971802,0,0,3,5,4,4,4,4,1,2,1,2
2,22,40,0.3375421166419983,0,0,3,5,4,5,4,5,1,2,1,2
2,22,43,0.0009519954328425229,0,1,3,6,4,3,4,0,1,0,1,1
2,22,44,0.011510892771184444,0,1,3,6,4,4,4,0,1,0,1,1
2,22,46,0.005564428865909576,0,1,3,6,4,6,4,0,1,0,1,1
2,22,47,0.0007901383214630187,0,2,3,7,4,0,4,0,1,0,1,4
2,23,2,0.003931056242436171,0,0,3,3,5,2,4,1,1,1,1,1
2,23,3,0.004160200245678425,0,0,3,3,5,3,4,1,1,1,1,1
2,23,4,0.0013871713308617473,0,0,3,3,5,4,4,1,1,1,1,1
2,23,10,0.02095176838338375,0,0,3,3,5,4,4,2,1,1,1,1
2,23,11,0.04410437121987343,0,0,3,3,5,5,4,2,1,1,1,1
2,23,12,0.014898180961608887,0,0,3,3,5,6,4,2,1,1,1,1
2,23,15,0.011295197531580925,0,0,3,3,5,3,4,3,1,1,1,1
2,23,16,0.008489273488521576,0,0,3,3,5,4,4,3,1,1,1,1
2,23,18,0.004741851706057787,0,0,3,3,5,6,4,3,1,1,1,1
2,23,20,0.0656513050198555,0,0,3,3,5,2,4,4,1,1,1,1
2,23,24,0.017475517466664314,0,0,3,3,5,6,4,4,1,1,1,1
2,23,25,0.004009841941297054,0,0,3,3,5,1,4,5,1,1,1,1
2,23,26,0.012327211908996105,0,0,3,3,5,2,4,5,1,1,1,1
2,23,28,0.0028146961703896523,0,0,3,3,5,4,4,5,1,1,1,1
2,23,29,0.020019520074129105,0,0,3,3,5,5,4,5,1,1,1,1
2,23,30,0.002656922908499837,0,0,3,3,5,6,4,5,1,1,1,1
2,23,32,0.041136711835861206,0,0,3,4,5,2,4,2,1,1,1,1
2,23,37,0.013546994887292385,0,0,3,5,5,2,4,2,1,2,1,2
2,23,39,0.09198888391256332,0,0,3,5,5,4,4,4,1,2,1,2
2,23,40,0.13286468386650085,0,0,3,5,5,5,4,5,1,2,1,2
2,23,43,0.06677907705307007,0,1,3,6,5,3,4,0,1,0,1,1
2,23,44,0.07009223103523254,0,1,3,6,5,4,4,0,1,0,1,1
2,23,46,0.20517896115779877,0,1,3,6,5,6,4,0,1,0,1,1
2,23,47,0.13949844241142273,0,2,3,7,5,0,4,0,1,0,1,4
2,27,2,0.0059867724776268005,0,0,3,3,3,2,5,1,1,1,1,1
2,27,3,0.003683358896523714,0,0,3,3,3,3,5,1,1,1,1,1
2,27,4,0.0011075747897848487,0,0,3,3,3,4,5,1,1,1,1,1
2,27,10,0.006800915114581585,0,0,3,3,3,4,5,2,1,1,1,1
2,27,11,0.024182187393307686,0,0,3,3,3,5,5,2,1,1,1,1
2,27,12,0.024254553020000458,0,0,3,3,3,6,5,2,1,1,1,1
2,27,15,0.009372919797897339,0,0,3,3,3,3,5,3,1,1,1,1
2,27,16,0.004144118633121252,0,0,3,3,3,4,5,3,1,1,1,1
2,27,18,0.002926815068349242,0,0,3,3,3,6,5,3,1,1,1,1
2,27,20,0.028058290481567383,0,0,3,3,3,2,5,4,1,1,1,1
2,27,24,0.00867773313075304,0,0,3,3,3,6,5,4,1,1,1,1
2,27,25,0.006566998083144426,0,0,3,3,3,1,5,5,1,1,1,1
2,27,26,0.01764375902712345,0,0,3,3,3,2,5,5,1,1,1,1
2,27,28,0.006187833845615387,0,0,3,3,3,4,5,5,1,1,1,1
2,27,29,0.016322972252964973,0,0,3,3,3,5,5,5,1,1,1,1
2,27,30,0.008846585638821125,0,0,3,3,3,6,5,5,1,1,1,1
2,27,32,0.06629159301519394,0,0,3,4,3,2,5,2,1,1,1,1
2,27,37,0.2205502688884735,0,0,3,5,3,2,5,2,1,2,1,2
2,27,39,0.06426975131034851,0,0,3,5,3,4,5,4,1,2,1,2
2,27,40,0.18280544877052307,0,0,3,5,3,5,5,5,1,2,1,2
2,27,43,0.061398062855005264,0,1,3,6,3,3,5,0,1,0,1,1
2,27,44,0.06615213304758072,0,1,3,6,3,4,5,0,1,0,1,1
2,27,46,0.1338576376438141,0,1,3,6,3,6,5,0,1,0,1,1
2,27,47,0.029911745339632034,0,2,3,7,3,0,5,0,1,0,1,4
2,31,2,0.014941037632524967,0,0,4,3,1,2,1,1,1,1,1,1
2,31,3,0.0006824755109846592,0,0,4,3,1,3,1,1,1,1,1,1
2,31,4,1.1383843229850754e-05,0,0,4,3,1,4,1,1,1,1,1,1
2,31,10,0.0001815067371353507,0,0,4,3,1,4,1,2,1,1,1,1
2,31,11,0.007698867470026016,0,0,4,3,1,5,1,2,1,1,1,1
2,31,12,0.06356853246688843,0,0,4,3,1,6,1,2,1,1,1,1
2,31,15,4.393101698951796e-05,0,0,4,3,1,3,1,3,1,1,1,1
2,31,16,2.8686759833362885e-05,0,0,4,3,1,4,1,3,1,1,1,1
2,31,18,8.48046547616832e-05,0,0,4,3,1,6,1,3,1,1,1,1
2,31,20,0.012008065357804298,0,0,4,3,1,2,1,4,1,1,1,1
2,31,24,0.025944355875253677,0,0,4,3,1,6,1,4,1,1,1,1
2,31,25,0.0005415527848526835,0,0,4,3,1,1,1,5,1,1,1,1
2,31,26,0.007233955431729555,0,0,4,3,1,2,1,5,1,1,1,1
2,31,28,0.00012725191481877118,0,0,4,3,1,4,1,5,1,1,1,1
2,31,29,0.00010592125909170136,0,0,4,3,1,5,1,5,1,1,1,1
2,31,30,0.00044958206126466393,0,0,4,3,1,6,1,5,1,1,1,1
2,31,32,0.46975648403167725,0,0,4,4,1,2,1,2,1,1,1,1
2,31,37,0.05700790137052536,0,0,4,5,1,2,1,2,1,2,1,2
2,31,39,0.31366366147994995,0,0,4,5,1,4,1,4,1,2,1,2
2,31,40,0.020138222724199295,0,0,4,5,1,5,1,5,1,2,1,2
2,31,43,0.0003544857900124043,0,1,4,6,1,3,1,0,1,0,1,1
2,31,44,0.0004194398643448949,0,1,4,6,1,4,1,0,1,0,1,1
2,31,46,0.0028956045862287283,0,1,4,6,1,6,1,0,1,0,1,1
2,31,47,0.0021121655590832233,0,2,4,7,1,0,1,0,1,0,1,4
2,33,2,2.159028736059554e-05,0,0,4,3,3,2,3,1,1,1,1,1
2,33,3,0.0010625806171447039,0,0,4,3,3,3,3,1,1,1,1,1
2,33,4,2.090957059408538e-05,0,0,4,3,3,4,3,1,1,1,1,1
2,33,10,0.004028140567243099,0,0,4,3,3,4,3,2,1,1,1,1
2,33,11,0.0007309342618100345,0,0,4,3,3,5,3,2,1,1,1,1
2,33,12,0.0020499643869698048,0,0,4,3,3,6,3,2,1,1,1,1
2,33,15,9.122624032897875e-05,0,0,4,3,3,3,3,3,1,1,1,1
2,33,16,0.00021622137865051627,0,0,4,3,3,4,3,3,1,1,1,1
2,33,18,5.104998854221776e-05,0,0,4,3,3,6,3,3,1,1,1,1
2,33,20,0.00024287171254400164,0,0,4,3,3,2,3,4,1,1,1,1
2,33,24,0.0016453440766781569,0,0,4,3,3,6,3,4,1,1,1,1
2,33,25,0.0006723086116835475,0,0,4,3,3,1,3,5,1,1,1,1
2,33,26,0.00016907740791793913,0,0,4,3,3,2,3,5,1,1,1,1
2,33,28,0.0007062808144837618,0,0,4,3,3,4,3,5,1,1,1,1
2,33,29,0.00017601120634935796,0,0,4,3,3,5,3,5,1,1,1,1
2,33,30,0.00021278233907651156,0,0,4,3,3,6,3,5,1,1,1,1
2,33,32,0.0017418897477909923,0,0,4,4,3,2,3,2,1,1,1,1
2,33,37,0.0028993559535592794,0,0,4,5,3,2,3,2,1,2,1,2
2,33,39,0.7949317693710327,0,0,4,5,3,4,3,4,1,2,1,2
2,33,40,0.17981062829494476,0,0,4,5,3,5,3,5,1,2,1,2
2,33,43,0.0020152137149125338,0,1,4,6,3,3,3,0,1,0,1,1
2,33,44,0.004663266707211733,0,1,4,6,3,4,3,0,1,0,1,1
2,33,46,0.0017489626770839095,0,1,4,6,3,6,3,0,1,0,1,1
2,33,47,9.117765148403123e-05,0,2,4,7,3,0,3,0,1,0,1,4
2,34,2,0.00045632815454155207,0,0,4,3,4,2,4,1,1,1,1,1
2,34,3,0.014082498848438263,0,0,4,3,4,3,4,1,1,1,1,1
2,34,4,0.0012180291814729571,0,0,4,3,4,4,4,1,1,1,1,1
2,34,10,0.11153432726860046,0,0,4,3,4,4,4,2,1,1,1,1
2,34,11,0.016616525128483772,0,0,4,3,4,5,4,2,1,1,1,1
2,34,12,0.008128673769533634,0,0,4,3,4,6,4,2,1,1,1,1
2,34,15,0.0009134280844591558,0,0,4,3,4,3,4,3,1,1,1,1
2,34,16,0.005210300907492638,0,0,4,3,4,4,4,3,1,1,1,1
2,34,18,0.002535375067964196,0,0,4,3,4,6,4,3,1,1,1,1
2,34,20,0.0013746573822572827,0,0,4,3,4,2,4,4,1,1,1,1
2,34,24,0.027120182290673256,0,0,4,3,4,6,4,4,1,1,1,1
2,34,25,0.011925006285309792,0,0,4,3,4,1,4,5,1,1,1,1
2,34,26,0.0016737342812120914,0,0,4,3,4,2,4,5,1,1,1,1
2,34,28,0.012770311906933784,0,0,4,3,4,4,4,5,1,1,1,1
2,34,29,0.005553746595978737,0,0,4,3,4,5,4,5,1,1,1,1
2,34,30,0.0016432618722319603,0,0,4,3,4,6,4,5,1,1,1,1
2,34,32,0.0030814127530902624,0,0,4,4,4,2,4,2,1,1,1,1
2,34,37,0.00029190650093369186,0,0,4,5,4,2,4,2,1,2,1,2
2,34,39,0.525870144367218,0,0,4,5,4,4,4,4,1,2,1,2
2,34,40,0.23042351007461548,0,0,4,5,4,5,4,5,1,2,1,2
2,34,43,0.00215985719114542,0,1,4,6,4,3,4,0,1,0,1,1
2,34,44,0.011318120174109936,0,1,4,6,4,4,4,0,1,0,1,1
2,34,46,0.003495189594104886,0,1,4,6,4,6,4,0,1,0,1,1
2,34,47,0.000603526656050235,0,2,4,7,4,0,4,0,1,0,1,4
2,35,2,0.002915174001827836,0,0,4,3,5,2,5,1,1,1,1,1
2,35,3,0.0008318093605339527,0,0,4,3,5,3,5,1,1,1,1,1
2,35,4,3.300873504485935e-05,0,0,4,3,5,4,5,1,1,1,1,1
2,35,10,0.005771863739937544,0,0,4,3,5,4,5,2,1,1,1,1
2,35,11,0.05827220901846886,0,0,4,3,5,5,5,2,1,1,1,1
2,35,12,0.03948397934436798,0,0,4,3,5,6,5,2,1,1,1,1
2,35,15,0.00021313439356163144,0,0,4,3,5,3,5,3,1,1,1,1
2,35,16,0.00017021139501594007,0,0,4,3,5,4,5,3,1,1,1,1
2,35,18,0.0003155463491566479,0,0,4,3,5,6,5,3,1,1,1,1
2,35,20,0.0032430572900921106,0,0,4,3,5,2,5,4,1,1,1,1
2,35,24,0.019365472719073296,0,0,4,3,5,6,5,4,1,1,1,1
2,35,25,0.001141752814874053,0,0,4,3,5,1,5,5,1,1,1,1
2,35,26,0.008816774003207684,0,0,4,3,5,2,5,5,1,1,1,1
2,35,28,0.0024242126382887363,0,0,4,3,5,4,5,5,1,1,1,1
2,35,29,0.001502808416262269,0,0,4,3,5,5,5,5,1,1,1,1
2,35,30,0.002361877588555217,0,0,4,3,5,6,5,5,1,1,1,1
2,35,32,0.5240007042884827,0,0,4,4,5,2,5,2,1,1,1,1
2,35,37,0.06639198958873749,0,0,4,5,5,2,5,2,1,2,1,2
2,35,39,0.17869989573955536,0,0,4,5,5,4,5,4,1,2,1,2
2,35,40,0.07884504646062851,0,0,4,5,5,5,5,5,1,2,1,2
2,35,43,0.00019284102017991245,0,1,4,6,5,3,5,0,1,0,1,1
2,35,44,0.0013167381985113025,0,1,4,6,5,4,5,0,1,0,1,1
2,35,46,0.003373114624992013,0,1,4,6,5,6,5,0,1,0,1,1
2,35,47,0.0003159190819133073,0,2,4,7,5,0,5,0,1,0,1,4
2,36,2,2.412025787634775e-05,0,0,5,3,1,2,1,1,2,1,2,1
2,36,3,2.7286881959298626e-05,0,0,5,3,1,3,1,1,2,1,2,1
2,36,4,1.0462676982569974e-06,0,0,5,3,1,4,1,1,2,1,2,1
2,36,10,7.3582682489359286e-06,0,0,5,3,1,4,1,2,2,1,2,1
2,36,11,3.42052080668509e-05,0,0,5,3,1,5,1,2,2,1,2,1
2,36,12,0.002017284743487835,0,0,5,3,1,6,1,2,2,1,2,1
2,36,15,7.802217623975594e-06,0,0,5,3,1,3,1,3,2,1,2,1
2,36,16,2.43429212787305e-06,0,0,5,3,1,4,1,3,2,1,2,1
2,36,18,4.199831892037764e-06,0,0,5,3,1,6,1,3,2,1,2,1
2,36,20,0.00014251802349463105,0,0,5,3,1,2,1,4,2,1,2,1
2,36,24,0.0001085267067537643,0,0,5,3,1,6,1,4,2,1,2,1
2,36,25,0.0001009681582218036,0,0,5,3,1,1,1,5,2,1,2,1
2,36,26,0.00011770848504966125,0,0,5,3,1,2,1,5,2,1,2,1
2,36,28,8.316705134348013e-06,0,0,5,3,1,4,1,5,2,1,2,1
2,36,29,1.124729351431597e-05,0,0,5,3,1,5,1,5,2,1,2,1
2,36,30,4.501406874624081e-05,0,0,5,3,1,6,1,5,2,1,2,1
2,36,32,0.0029147821478545666,0,0,5,4,1,2,1,2,2,1,2,1
2,36,37,0.6956211924552917,0,0,5,5,1,2,1,2,2,2,2,2
2,36,39,0.1316094547510147,0,0,5,5,1,4,1,4,2,2,2,2
2,36,40,0.1624753624200821,0,0,5,5,1,5,1,5,2,2,2,2
2,36,43,0.0004948856076225638,0,1,5,6,1,3,1,0,2,0,2,1
2,36,44,0.00016514866729266942,0,1,5,6,1,4,1,0,2,0,2,1
2,36,46,0.0027006231248378754,0,1,5,6,1,6,1,0,2,0,2,1
2,36,47,0.0013585849665105343,0,2,5,7,1,0,1,0,2,0,2,4
2,38,2,1.4234915397537407e-06,0,0,5,3,3,2,3,1,2,1,2,1
2,38,3,0.0001739934814395383,0,0,5,3,3,3,3,1,2,1,2,1
2,38,4,3.1040799512993544e-05,0,0,5,3,3,4,3,1,2,1,2,1
2,38,10,0.0008607509662397206,0,0,5,3,3,4,3,2,2,1,2,1
2,38,11,2.3481752577936277e-05,0,0,5,3,3,5,3,2,2,1,2,1
2,38,12,0.00019688070460688323,0,0,5,3,3,6,3,2,2,1,2,1
2,38,15,5.5589702242286876e-05,0,0,5,3,3,3,3,3,2,1,2,1
2,38,16,0.00010677179670892656,0,0,5,3,3,4,3,3,2,1,2,1
2,38,18,2.8547099645948038e-05,0,0,5,3,3,6,3,3,2,1,2,1
2,38,20,3.0302817322080955e-05,0,0,5,3,3,2,3,4,2,1,2,1
2,38,24,4.294390237191692e-05,0,0,5,3,3,6,3,4,2,1,2,1
2,38,25,0.0003612999862525612,0,0,5,3,3,1,3,5,2,1,2,1
2,38,26,3.778458631131798e-05,0,0,5,3,3,2,3,5,2,1,2,1
2,38,28,0.00026173502556048334,0,0,5,3,3,4,3,5,2,1,2,1
2,38,29,3.612924410845153e-05,0,0,5,3,3,5,3,5,2,1,2,1
2,38,30,5.1468774472596124e-05,0,0,5,3,3,6,3,5,2,1,2,1
2,38,32,7.127398566808552e-05,0,0,5,4,3,2,3,2,2,1,2,1
2,38,37,0.04007011651992798,0,0,5,5,3,2,3,2,2,2,2,2
2,38,39,0.3227449655532837,0,0,5,5,3,4,3,4,2,2,2,2
2,38,40,0.6317042112350464,0,0,5,5,3,5,3,5,2,2,2,2
2,38,43,0.0006396640092134476,0,1,5,6,3,3,3,0,2,0,2,1
2,38,44,0.001313039450906217,0,1,5,6,3,4,3,0,2,0,2,1
2,38,46,0.0010262449504807591,0,1,5,6,3,6,3,0,2,0,2,1
2,38,47,0.0001299791329074651,0,2,5,7,3,0,3,0,2,0,2,4
2,41,2,8.4823535871692e-05,1,0,6,3,1,2,0,1,0,1,1,1
2,41,3,0.00043894967529922724,1,0,6,3,1,3,0,1,0,1,1,1
2,41,4,9.222671360475942e-05,1,0,6,3,1,4,0,1,0,1,1,1
2,41,10,0.0019087271066382527,1,0,6,3,1,4,0,2,0,1,1,1
2,41,11,0.0006194210727699101,1,0,6,3,1,5,0,2,0,1,1,1
2,41,12,0.00014965824084356427,1,0,6,3,1,6,0,2,0,1,1,1
2,41,15,9.768216841621324e-05,1,0,6,3,1,3,0,3,0,1,1,1
2,41,16,5.143422094988637e-05,1,0,6,3,1,4,0,3,0,1,1,1
2,41,18,3.894672772730701e-05,1,0,6,3,1,6,0,3,0,1,1,1
2,41,20,0.000177053312654607,1,0,6,3,1,2,0,4,0,1,1,1
2,41,24,8.467398401990067e-06,1,0,6,3,1,6,0,4,0,1,1,1
2,41,25,1.1344137419655453e-05,1,0,6,3,1,1,0,5,0,1,1,1
2,41,26,0.002486072015017271,1,0,6,3,1,2,0,5,0,1,1,1
2,41,28,0.0011723864590749145,1,0,6,3,1,4,0,5,0,1,1,1
2,41,29,0.00012238768977113068,1,0,6,3,1,5,0,5,0,1,1,1
2,41,30,0.00017552038480062038,1,0,6,3,1,6,0,5,0,1,1,1
2,41,32,0.01729624718427658,1,0,6,4,1,2,0,2,0,1,1,1
2,41,37,0.8548640012741089,1,0,6,5,1,2,0,2,0,2,1,2
2,41,39,0.052269987761974335,1,0,6,5,1,4,0,4,0,2,1,2
2,41,40,0.06735809892416,1,0,6,5,1,5,0,5,0,2,1,2
2,41,43,2.896556179621257e-05,1,1,6,6,1,3,0,0,0,0,1,1
2,41,44,0.00048270903062075377,1,1,6,6,1,4,0,0,0,0,1,1
2,41,46,6.47323759039864e-05,1,1,6,6,1,6,0,0,0,0,1,1
2,41,47,3.43961687576666e-07,1,2,6,7,1,0,0,0,0,0,1,4
2,42,2,0.003859735792502761,1,0,6,3,2,2,0,1,0,1,1,1
2,42,3,0.028004242107272148,1,0,6,3,2,3,0,1,0,1,1,1
2,42,4,0.1221781075000763,1,0,6,3,2,4,0,1,0,1,1,1
2,42,10,0.17635326087474823,1,0,6,3,2,4,0,2,0,1,1,1
2,42,11,0.02562803402543068,1,0,6,3,2,5,0,2,0,1,1,1
2,42,12,0.0009334839996881783,1,0,6,3,2,6,0,2,0,1,1,1
2,42,15,0.058184098452329636,1,0,6,3,2,3,0,3,0,1,1,1
2,42,16,0.08927062898874283,1,0,6,3,2,4,0,3,0,1,1,1
2,42,18,0.031840670853853226,1,0,6,3,2,6,0,3,0,1,1,1
2,42,20,0.021048342809081078,1,0,6,3,2,2,0,4,0,1,1,1
2,42,24,0.0012726844288408756,1,0,6,3,2,6,0,4,0,1,1,1
2,42,25,0.0029158052057027817,1,0,6,3,2,1,0,5,0,1,1,1
2,42,26,0.03550602123141289,1,0,6,3,2,2,0,5,0,1,1,1
2,42,28,0.06163228303194046,1,0,6,3,2,4,0,5,0,1,1,1
2,42,29,0.12335914373397827,1,0,6,3,2,5,0,5,0,1,1,1
2,42,30,0.009048836305737495,1,0,6,3,2,6,0,5,0,1,1,1
2,42,32,0.009602406062185764,1,0,6,4,2,2,0,2,0,1,1,1
2,42,37,0.008746770210564137,1,0,6,5,2,2,0,2,0,2,1,2
2,42,39,0.00819979328662157,1,0,6,5,2,4,0,4,0,2,1,2
2,42,40,0.04129204899072647,1,0,6,5,2,5,0,5,0,2,1,2
2,42,43,0.015871696174144745,1,1,6,6,2,3,0,0,0,0,1,1
2,42,44,0.11202047765254974,1,1,6,6,2,4,0,0,0,0,1,1
2,42,46,0.011976129375398159,1,1,6,6,2,6,0,0,0,0,1,1
2,42,47,0.001255317940376699,1,2,6,7,2,0,0,0,0,0,1,4
2,45,2,0.0004857127496507019,1,0,6,3,5,2,0,1,0,1,1,1
2,45,3,0.012894336134195328,1,0,6,3,5,3,0,1,0,1,1,1
2,45,4,0.035770516842603683,1,0,6,3,5,4,0,1,0,1,1,1
2,45,10,0.46189793944358826,1,0,6,3,5,4,0,2,0,1,1,1
2,45,11,0.028770148754119873,1,0,6,3,5,5,0,2,0,1,1,1
2,45,12,0.0013460111804306507,1,0,6,3,5,6,0,2,0,1,1,1
2,45,15,0.017797278240323067,1,0,6,3,5,3,0,3,0,1,1,1
2,45,16,0.06849627196788788,1,0,6,3,5,4,0,3,0,1,1,1
2,45,18,0.01681302674114704,1,0,6,3,5,6,0,3,0,1,1,1
2,45,20,0.0023453531321138144,1,0,6,3,5,2,0,4,0,1,1,1
2,45,24,0.0025190741289407015,1,0,6,3,5,6,0,4,0,1,1,1
2,45,25,0.0026988605968654156,1,0,6,3,5,1,0,5,0,1,1,1
2,45,26,0.012252381071448326,1,0,6,3,5,2,0,5,0,1,1,1
2,45,28,0.1381734311580658,1,0,6,3,5,4,0,5,0,1,1,1
2,45,29,0.05402834713459015,1,0,6,3,5,5,0,5,0,1,1,1
2,45,30,0.01249963603913784,1,0,6,3,5,6,0,5,0,1,1,1
2,45,32,0.012676636688411236,1,0,6,4,5,2,0,2,0,1,1,1
2,45,37,0.006934633944183588,1,0,6,5,5,2,0,2,0,2,1,2
2,45,39,0.019355367869138718,1,0,6,5,5,4,0,4,0,2,1,2
2,45,40,0.03362514451146126,1,0,6,5,5,5,0,5,0,2,1,2
2,45,43,0.0013512753648683429,1,1,6,6,5,3,0,0,0,0,1,1
2,45,44,0.05510035157203674,1,1,6,6,5,4,0,0,0,0,1,1
2,45,46,0.002076732227578759,1,1,6,6,5,6,0,0,0,0,1,1
2,45,47,9.158425382338464e-05,1,2,6,7,5,0,0,0,0,0,1,4
3,2,0,5.794899698230438e-05,0,0,3,1,2,0,1,0,1,2,1,4
3,2,1,0.13299667835235596,0,0,3,3,2,1,1,1,1,1,1,1
3,2,5,0.26441043615341187,0,0,3,3,2,5,1,1,1,1,1,1
3,2,6,0.13613781332969666,0,0,3,3,2,6,1,1,1,1,1,1
3,2,7,0.035237859934568405,0,0,3,3,2,1,1,2,1,1,1,1
3,2,8,0.0133480504155159,0,0,3,3,2,2,1,2,1,1,1,1
3,2,9,0.012051030993461609,0,0,3,3,2,3,1,2,1,1,1,1
3,2,13,0.026219192892313004,0,0,3,3,2,1,1,3,1,1,1,1
3,2,14,0.023748457431793213,0,0,3,3,2,2,1,3,1,1,1,1
3,2,17,0.016635019332170486,0,0,3,3,2,5,1,3,1,1,1,1
3,2,19,0.04209829866886139,0,0,3,3,2,1,1,4,1,1,1,1
3,2,21,0.008097989484667778,0,0,3,3,2,3,1,4,1,1,1,1
3,2,22,0.0026400587521493435,0,0,3,3,2,4,1,4,1,1,1,1
3,2,23,0.033741988241672516,0,0,3,3,2,5,1,4,1,1,1,1
3,2,27,0.0032870841678231955,0,0,3,3,2,3,1,5,1,1,1,1
3,2,31,0.20751404762268066,0,0,3,4,2,1,1,1,1,1,1,1
3,2,33,0.00985519215464592,0,0,3,4,2,3,1,3,1,1,1,1
3,2,34,0.0029356367886066437,0,0,3,4,2,4,1,4,1,1,1,1
3,2,35,0.0014533395878970623,0,0,3,4,2,5,1,5,1,1,1,1
3,2,36,0.02349645085632801,0,0,3,5,2,1,1,1,1,2,1,2
3,2,38,0.0003374287043698132,0,0,3,5,2,3,1,3,1,2,1,2
3,2,41,0.0019455369329079986,0,1,3,6,2,1,1,0,1,0,1,1
3,2,42,0.0011337975738570094,0,1,3,6,2,2,1,0,1,0,1,1
3,2,45,0.0006206836551427841,0,1,3,6,2,5,1,0,1,0,1,1
3,3,0,0.0038301015738397837,0,0,3,1,3,0,1,0,1,2,1,4
3,3,1,0.016096439212560654,0,0,3,3,3,1,1,1,1,1,1,1
3,3,5,0.4370384216308594,0,0,3,3,3,5,1,1,1,1,1,1
3,3,6,0.17588117718696594,0,0,3,3,3,6,1,1,1,1,1,1
3,3,7,0.009393853135406971,0,0,3,3,3,1,1,2,1,1,1,1
3,3,8,0.02339904196560383,0,0,3,3,3,2,1,2,1,1,1,1
3,3,9,0.006425656843930483,0,0,3,3,3,3,1,2,1,1,1,1
3,3,13,0.01144955214112997,0,0,3,3,3,1,1,3,1,1,1,1
3,3,14,0.014570735394954681,0,0,3,3,3,2,1,3,1,1,1,1
3,3,17,0.10564733296632767,0,0,3,3,3,5,1,3,1,1,1,1
3,3,19,0.009325781837105751,0,0,3,3,3,1,1,4,1,1,1,1
3,3,21,0.007160818669945002,0,0,3,3,3,3,1,4,1,1,1,1
3,3,22,0.002533329650759697,0,0,3,3,3,4,1,4,1,1,1,1
3,3,23,0.10362841188907623,0,0,3,3,3,5,1,4,1,1,1,1
3,3,27,0.006670948583632708,0,0,3,3,3,3,1,5,1,1,1,1
3,3,31,0.026414470747113228,0,0,3,4,3,1,1,1,1,1,1,1
3,3,33,0.00836870539933443,0,0,3,4,3,3,1,3,1,1,1,1
3,3,34,0.0028747888281941414,0,0,3,4,3,4,1,4,1,1,1,1
3,3,35,0.010117544792592525,0,0,3,4,3,5,1,5,1,1,1,1
3,3,36,0.004226589575409889,0,0,3,5,3,1,1,1,1,2,1,2
3,3,38,2.9504359190468676e-05,0,0,3,5,3,3,1,3,1,2,1,2
3,3,41,0.008382532745599747,0,1,3,6,3,1,1,0,1,0,1,1
3,3,42,0.004995387047529221,0,1,3,6,3,2,1,0,1,0,1,1
3,3,45,0.0015388873871415854,0,1,3,6,3,5,1,0,1,0,1,1
3,4,0,0.00487141078338027,0,0,3,1,4,0,1,0,1,2,1,4
3,4,1,0.14511407911777496,0,0,3,3,4,1,1,1,1,1,1,1
3,4,5,0.18756355345249176,0,0,3,3,4,5,1,1,1,1,1,1
3,4,6,0.1815977841615677,0,0,3,3,4,6,1,1,1,1,1,1
3,4,7,0.03757499158382416,0,0,3,3,4,1,1,2,1,1,1,1
3,4,8,0.009795131161808968,0,0,3,3,4,2,1,2,1,1,1,1
3,4,9,0.02757512964308262,0,0,3,3,4,3,1,2,1,1,1,1
3,4,13,0.03498909994959831,0,0,3,3,4,1,1,3,1,1,1,1
3,4,14,0.019605353474617004,0,0,3,3,4,2,1,3,1,1,1,1
3,4,17,0.023157697170972824,0,0,3,3,4,5,1,3,1,1,1,1
3,4,19,0.028129098936915398,0,0,3,3,4,1,1,4,1,1,1,1
3,4,21,0.013103829696774483,0,0,3,3,4,3,1,4,1,1,1,1
3,4,22,0.001990141812711954,0,0,3,3,4,4,1,4,1,1,1,1
3,4,23,0.015868786722421646,0,0,3,3,4,5,1,4,1,1,1,1
3,4,27,0.013823771849274635,0,0,3,3,4,3,1,5,1,1,1,1
3,4,31,0.1211313009262085,0,0,3,4,4,1,1,1,1,1,1,1
3,4,33,0.03009549342095852,0,0,3,4,4,3,1,3,1,1,1,1
3,4,34,0.0013683438301086426,0,0,3,4,4,4,1,4,1,1,1,1
3,4,35,0.003911482635885477,0,0,3,4,4,5,1,5,1,1,1,1
3,4,36,0.059618860483169556,0,0,3,5,4,1,1,1,1,2,1,2
3,4,38,0.0028795823454856873,0,0,3,5,4,3,1,3,1,2,1,2
3,4,41,0.029710611328482628,0,1,3,6,4,1,1,0,1,0,1,1
3,4,42,0.0038460472133010626,0,1,3,6,4,2,1,0,1,0,1,1
3,4,45,0.002678793156519532,0,1,3,6,4,5,1,0,1,0,1,1
3,10,0,0.0007526859408244491,0,0,3,1,4,0,2,0,1,2,1,4
3,10,1,6.334624777082354e-05,0,0,3,3,4,1,2,1,1,1,1,1
3,10,5,0.00021376131917349994,0,0,3,3,4,5,2,1,1,1,1,1
3,10,6,0.0006286773132160306,0,0,3,3,4,6,2,1,1,1,1,1
3,10,7,0.0004994612536393106,0,0,3,3,4,1,2,2,1,1,1,1
3,10,8,2.661611915755202e-06,0,0,3,3,4,2,2,2,1,1,1,1
3,10,9,1.2883808267361019e-05,0,0,3,3,4,3,2,2,1,1,1,1
3,10,13,1.7006175767164677e-05,0,0,3,3,4,1,2,3,1,1,1,1
3,10,14,1.0227267921436578e-05,0,0,3,3,4,2,2,3,1,1,1,1
3,10,17,9.636181857786141e-06,0,0,3,3,4,5,2,3,1,1,1,1
3,10,19,2.169787148886826e-05,0,0,3,3,4,1,2,4,1,1,1,1
3,10,21,2.24694554162852e-06,0,0,3,3,4,3,2,4,1,1,1,1
3,10,22,4.932043111693929e-07,0,0,3,3,4,4,2,4,1,1,1,1
3,10,23,5.40035387075477e-07,0,0,3,3,4,5,2,4,1,1,1,1
3,10,27,1.1362040822859854e-05,0,0,3,3,4,3,2,5,1,1,1,1
3,10,31,0.004911789204925299,0,0,3,4,4,1,2,1,1,1,1,1
3,10,33,4.085190448677167e-05,0,0,3,4,4,3,2,3,1,1,1,1
3,10,34,3.2313989777321694e-06,0,0,3,4,4,4,2,4,1,1,1,1
3,10,35,1.3204870811023284e-05,0,0,3,4,4,5,2,5,1,1,1,1
3,10,36,0.004437363240867853,0,0,3,5,4,1,2,1,1,2,1,2
3,10,38,1.7169208149425685e-05,0,0,3,5,4,3,2,3,1,2,1,2
3,10,41,0.9869394898414612,0,1,3,6,4,1,2,0,1,0,1,1
3,10,42,0.0011130061466246843,0,1,3,6,4,2,2,0,1,0,1,1
3,10,45,0.0002770580176729709,0,1,3,6,4,5,2,0,1,0,1,1
3,11,0,0.019724775105714798,0,0,3,1,5,0,2,0,1,2,1,4
3,11,1,0.07846851646900177,0,0,3,3,5,1,2,1,1,1,1,1
3,11,5,0.22002002596855164,0,0,3,3,5,5,2,1,1,1,1,1
3,11,6,0.18317939341068268,0,0,3,3,5,6,2,1,1,1,1,1
3,11,7,0.019220881164073944,0,0,3,3,5,1,2,2,1,1,1,1
3,11,8,0.03759888932108879,0,0,3,3,5,2,2,2,1,1,1,1
3,11,9,0.0652858167886734,0,0,3,3,5,3,2,2,1,1,1,1
3,11,13,0.042595889419317245,0,0,3,3,5,1,2,3,1,1,1,1
3,11,14,0.02538689412176609,0,0,3,3,5,2,2,3,1,1,1,1
3,11,17,0.04182484745979309,0,0,3,3,5,5,2,3,1,1,1,1
3,11,19,0.017143379896879196,0,0,3,3,5,1,2,4,1,1,1,1
3,11,21,0.003609821666032076,0,0,3,3,5,3,2,4,1,1,1,1
3,11,22,0.00058146653464064,0,0,3,3,5,4,2,4,1,1,1,1
3,11,23,0.005628490820527077,0,0,3,3,5,5,2,4,1,1,1,1
3,11,27,0.0030349537264555693,0,0,3,3,5,3,2,5,1,1,1,1
3,11,31,0.04208073019981384,0,0,3,4,5,1,2,1,1,1,1,1
3,11,33,0.026901978999376297,0,0,3,4,5,3,2,3,1,1,1,1
3,11,34,0.0007162733818404377,0,0,3,4,5,4,2,4,1,1,1,1
3,11,35,0.0014799097552895546,0,0,3,4,5,5,2,5,1,1,1,1
3,11,36,0.1405814290046692,0,0,3,5,5,1,2,1,1,2,1,2
3,11,38,0.023744504898786545,0,0,3,5,5,3,2,3,1,2,1,2
3,11,41,0.0006013772217556834,0,1,3,6,5,1,2,0,1,0,1,1
3,11,42,0.00012856803368777037,0,1,3,6,5,2,2,0,1,0,1,1
3,11,45,0.0004611218464560807,0,1,3,6,5,5,2,0,1,0,1,1
3,12,0,0.1387992650270462,0,0,3,1,6,0,2,0,1,2,1,4
3,12,1,0.032012924551963806,0,0,3,3,6,1,2,1,1,1,1,1
3,12,5,0.033800650388002396,0,0,3,3,6,5,2,1,1,1,1,1
3,12,6,0.1316554695367813,0,0,3,3,6,6,2,1,1,1,1,1
3,12,7,0.009002641774713993,0,0,3,3,6,1,2,2,1,1,1,1
3,12,8,0.0011696838773787022,0,0,3,3,6,2,2,2,1,1,1,1
3,12,9,0.00021977796859573573,0,0,3,3,6,3,2,2,1,1,1,1
3,12,13,0.012584120035171509,0,0,3,3,6,1,2,3,1,1,1,1
3,12,14,0.0037269878666847944,0,0,3,3,6,2,2,3,1,1,1,1
3,12,17,0.010165680199861526,0,0,3,3,6,5,2,3,1,1,1,1
3,12,19,0.010757273994386196,0,0,3,3,6,1,2,4,1,1,1,1
3,12,21,0.0005313466535881162,0,0,3,3,6,3,2,4,1,1,1,1
3,12,22,9.852140647126362e-05,0,0,3,3,6,4,2,4,1,1,1,1
3,12,23,0.004718662239611149,0,0,3,3,6,5,2,4,1,1,1,1
3,12,27,0.00011327989341225475,0,0,3,3,6,3,2,5,1,1,1,1
3,12,31,0.12331186980009079,0,0,3,4,6,1,2,1,1,1,1,1
3,12,33,0.0029852876905351877,0,0,3,4,6,3,2,3,1,1,1,1
3,12,34,0.00023880043590907007,0,0,3,4,6,4,2,4,1,1,1,1
3,12,35,0.00024289578141178936,0,0,3,4,6,5,2,5,1,1,1,1
3,12,36,0.4706054925918579,0,0,3,5,6,1,2,1,1,2,1,2
3,12,38,0.0024081224109977484,0,0,3,5,6,3,2,3,1,2,1,2
3,12,41,0.010386554524302483,0,1,3,6,6,1,2,0,1,0,1,1
3,12,42,0.0002508298202883452,0,1,3,6,6,2,2,0,1,0,1,1
3,12,45,0.00021400001423899084,0,1,3,6,6,5,2,0,1,0,1,1
3,15,0,0.013957901857793331,0,0,3,1,3,0,3,0,1,2,1,4
3,15,1,0.0812225341796875,0,0,3,3,3,1,3,1,1,1,1,1
3,15,5,0.2653019428253174,0,0,3,3,3,5,3,1,1,1,1,1
3,15,6,0.37971556186676025,0,0,3,3,3,6,3,1,1,1,1,1
3,15,7,0.013425377197563648,0,0,3,3,3,1,3,2,1,1,1,1
3,15,8,0.006849979050457478,0,0,3,3,3,2,3,2,1,1,1,1
3,15,9,0.00539012486115098,0,0,3,3,3,3,3,2,1,1,1,1
3,15,13,0.021416418254375458,0,0,3,3,3,1,3,3,1,1,1,1
3,15,14,0.01223035715520382,0,0,3,3,3,2,3,3,1,1,1,1
3,15,17,0.10275565087795258,0,0,3,3,3,5,3,3,1,1,1,1
3,15,19,0.013192553073167801,0,0,3,3,3,1,3,4,1,1,1,1
3,15,21,0.00270523177459836,0,0,3,3,3,3,3,4,1,1,1,1
3,15,22,0.0002774306631181389,0,0,3,3,3,4,3,4,1,1,1,1
3,15,23,0.011482835747301579,0,0,3,3,3,5,3,4,1,1,1,1
3,15,27,0.0017070963513106108,0,0,3,3,3,3,3,5,1,1,1,1
3,15,31,0.04038911312818527,0,0,3,4,3,1,3,1,1,1,1,1
3,15,33,0.009519821032881737,0,0,3,4,3,3,3,3,1,1,1,1
3,15,34,0.00018776016077026725,0,0,3,4,3,4,3,4,1,1,1,1
3,15,35,0.0016447196248918772,0,0,3,4,3,5,3,5,1,1,1,1
3,15,36,0.013451259583234787,0,0,3,5,3,1,3,1,1,2,1,2
3,15,38,0.0001897888578241691,0,0,3,5,3,3,3,3,1,2,1,2
3,15,41,0.00229384982958436,0,1,3,6,3,1,3,0,1,0,1,1
3,15,42,0.0002551162033341825,0,1,3,6,3,2,3,0,1,0,1,1
3,15,45,0.0004373416886664927,0,1,3,6,3,5,3,0,1,0,1,1
3,16,0,0.0934954434633255,0,0,3,1,4,0,3,0,1,2,1,4
3,16,1,0.14174684882164001,0,0,3,3,4,1,3,1,1,1,1,1
3,16,5,0.09449177235364914,0,0,3,3,4,5,3,1,1,1,1,1
3,16,6,0.14569923281669617,0,0,3,3,4,6,3,1,1,1,1,1
3,16,7,0.028548231348395348,0,0,3,3,4,1,3,2,1,1,1,1
3,16,8,0.003855643328279257,0,0,3,3,4,2,3,2,1,1,1,1
3,16,9,0.020218882709741592,0,0,3,3,4,3,3,2,1,1,1,1
3,16,13,0.05424468219280243,0,0,3,3,4,1,3,3,1,1,1,1
3,16,14,0.02333853580057621,0,0,3,3,4,2,3,3,1,1,1,1
3,16,17,0.033229853957891464,0,0,3,3,4,5,3,3,1,1,1,1
3,16,19,0.015148121863603592,0,0,3,3,4,1,3,4,1,1,1,1
3,16,21,0.004326923750340939,0,0,3,3,4,3,3,4,1,1,1,1
3,16,22,0.0005426945863291621,0,0,3,3,4,4,3,4,1,1,1,1
3,16,23,0.0021409515757113695,0,0,3,3,4,5,3,4,1,1,1,1
3,16,27,0.0057167126797139645,0,0,3,3,4,3,3,5,1,1,1,1
3,16,31,0.09907783567905426,0,0,3,4,4,1,3,1,1,1,1,1
3,16,33,0.07156065851449966,0,0,3,4,4,3,3,3,1,1,1,1
3,16,34,0.0004638456739485264,0,0,3,4,4,4,3,4,1,1,1,1
3,16,35,0.0023928112350404263,0,0,3,4,4,5,3,5,1,1,1,1
3,16,36,0.1301802694797516,0,0,3,5,4,1,3,1,1,2,1,2
3,16,38,0.014618625864386559,0,0,3,5,4,3,3,3,1,2,1,2
3,16,41,0.012793978676199913,0,1,3,6,4,1,3,0,1,0,1,1
3,16,42,0.0003433200472500175,0,1,3,6,4,2,3,0,1,0,1,1
3,16,45,0.0018241691868752241,0,1,3,6,4,5,3,0,1,0,1,1
3,18,0,0.17740967869758606,0,0,3,1,6,0,3,0,1,2,1,4
3,18,1,0.04641784727573395,0,0,3,3,6,1,3,1,1,1,1,1
3,18,5,0.07626741379499435,0,0,3,3,6,5,3,1,1,1,1,1
3,18,6,0.12083598971366882,0,0,3,3,6,6,3,1,1,1,1,1
3,18,7,0.01888974756002426,0,0,3,3,6,1,3,2,1,1,1,1
3,18,8,0.0036905088927596807,0,0,3,3,6,2,3,2,1,1,1,1
3,18,9,0.005203196778893471,0,0,3,3,6,3,3,2,1,1,1,1
3,18,13,0.009983019903302193,0,0,3,3,6,1,3,3,1,1,1,1
3,18,14,0.0036947475746273994,0,0,3,3,6,2,3,3,1,1,1,1
3,18,17,0.02044254168868065,0,0,3,3,6,5,3,3,1,1,1,1
3,18,19,0.005368315149098635,0,0,3,3,6,1,3,4,1,1,1,1
3,18,21,0.0024973724503070116,0,0,3,3,6,3,3,4,1,1,1,1
3,18,22,0.0005200173472985625,0,0,3,3,6,4,3,4,1,1,1,1
3,18,23,0.002257297746837139,0,0,3,3,6,5,3,4,1,1,1,1
3,18,27,0.001953370403498411,0,0,3,3,6,3,3,5,1,1,1,1
3,18,31,0.03734258562326431,0,0,3,4,6,1,3,1,1,1,1,1
3,18,33,0.008545932359993458,0,0,3,4,6,3,3,3,1,1,1,1
3,18,34,0.0006223451346158981,0,0,3,4,6,4,3,4,1,1,1,1
3,18,35,0.004378538578748703,0,0,3,4,6,5,3,5,1,1,1,1
3,18,36,0.04755166918039322,0,0,3,5,6,1,3,1,1,2,1,2
3,18,38,0.005074738524854183,0,0,3,5,6,3,3,3,1,2,1,2
3,18,41,0.33453819155693054,0,1,3,6,6,1,3,0,1,0,1,1
3,18,42,0.019605811685323715,0,1,3,6,6,2,3,0,1,0,1,1
3,18,45,0.046909112483263016,0,1,3,6,6,5,3,0,1,0,1,1
3,20,0,0.00010786023631226271,0,0,3,1,2,0,4,0,1,2,1,4
3,20,1,0.25962546467781067,0,0,3,3,2,1,4,1,1,1,1,1
3,20,5,0.35071828961372375,0,0,3,3,2,5,4,1,1,1,1,1
3,20,6,0.057006802409887314,0,0,3,3,2,6,4,1,1,1,1,1
3,20,7,0.012427804060280323,0,0,3,3,2,1,4,2,1,1,1,1
3,20,8,0.022170498967170715,0,0,3,3,2,2,4,2,1,1,1,1
3,20,9,0.08756273239850998,0,0,3,3,2,3,4,2,1,1,1,1
3,20,13,0.02021595649421215,0,0,3,3,2,1,4,3,1,1,1,1
3,20,14,0.021799355745315552,0,0,3,3,2,2,4,3,1,1,1,1
3,20,17,0.03669457510113716,0,0,3,3,2,5,4,3,1,1,1,1
3,20,19,0.014231604523956776,0,0,3,3,2,1,4,4,1,1,1,1
3,20,21,0.01628994196653366,0,0,3,3,2,3,4,4,1,1,1,1
3,20,22,0.0017202264862135053,0,0,3,3,2,4,4,4,1,1,1,1
3,20,23,0.02242201566696167,0,0,3,3,2,5,4,4,1,1,1,1
3,20,27,0.027794262394309044,0,0,3,3,2,3,4,5,1,1,1,1
3,20,31,0.013177914544939995,0,0,3,4,2,1,4,1,1,1,1,1
3,20,33,0.023426633328199387,0,0,3,4,2,3,4,3,1,1,1,1
3,20,34,0.0005301578785292804,0,0,3,4,2,4,4,4,1,1,1,1
3,20,35,0.005859678145498037,0,0,3,4,2,5,4,5,1,1,1,1
3,20,36,0.0029779840260744095,0,0,3,5,2,1,4,1,1,2,1,2
3,20,38,0.00040316954255104065,0,0,3,5,2,3,4,3,1,2,1,2
3,20,41,0.00021185122022870928,0,1,3,6,2,1,4,0,1,0,1,1
3,20,42,0.0006412552902474999,0,1,3,6,2,2,4,0,1,0,1,1
3,20,45,0.001983908237889409,0,1,3,6,2,5,4,0,1,0,1,1
3,24,0,0.006129351444542408,0,0,3,1,6,0,4,0,1,2,1,4
3,24,1,0.09059777855873108,0,0,3,3,6,1,4,1,1,1,1,1
3,24,5,0.2338946908712387,0,0,3,3,6,5,4,1,1,1,1,1
3,24,6,0.0909121036529541,0,0,3,3,6,6,4,1,1,1,1,1
3,24,7,0.015219779685139656,0,0,3,3,6,1,4,2,1,1,1,1
3,24,8,0.025772206485271454,0,0,3,3,6,2,4,2,1,1,1,1
3,24,9,0.020945267751812935,0,0,3,3,6,3,4,2,1,1,1,1
3,24,13,0.026318788528442383,0,0,3,3,6,1,4,3,1,1,1,1
3,24,14,0.022919710725545883,0,0,3,3,6,2,4,3,1,1,1,1
3,24,17,0.02889654040336609,0,0,3,3,6,5,4,3,1,1,1,1
3,24,19,0.013536294922232628,0,0,3,3,6,1,4,4,1,1,1,1
3,24,21,0.005758083891123533,0,0,3,3,6,3,4,4,1,1,1,1
3,24,22,0.0014401269145309925,0,0,3,3,6,4,4,4,1,1,1,1
3,24,23,0.005762870889157057,0,0,3,3,6,5,4,4,1,1,1,1
3,24,27,0.0034239450469613075,0,0,3,3,6,3,4,5,1,1,1,1
3,24,31,0.06538014113903046,0,0,3,4,6,1,4,1,1,1,1,1
3,24,33,0.032030776143074036,0,0,3,4,6,3,4,3,1,1,1,1
3,24,34,0.0011134798405691981,0,0,3,4,6,4,4,4,1,1,1,1
3,24,35,0.0038715265691280365,0,0,3,4,6,5,4,5,1,1,1,1
3,24,36,0.12469138950109482,0,0,3,5,6,1,4,1,1,2,1,2
3,24,38,0.1506499946117401,0,0,3,5,6,3,4,3,1,2,1,2
3,24,41,0.006341771222651005,0,1,3,6,6,1,4,0,1,0,1,1
3,24,42,0.00464776111766696,0,1,3,6,6,2,4,0,1,0,1,1
3,24,45,0.01974567398428917,0,1,3,6,6,5,4,0,1,0,1,1
3,25,0,0.0001564600970596075,0,0,3,1,1,0,5,0,1,2,1,4
3,25,1,0.02337423339486122,0,0,3,3,1,1,5,1,1,1,1,1
3,25,5,0.671148419380188,0,0,3,3,1,5,5,1,1,1,1,1
3,25,6,0.2113356739282608,0,0,3,3,1,6,5,1,1,1,1,1
3,25,7,0.0050594257190823555,0,0,3,3,1,1,5,2,1,1,1,1
3,25,8,0.003851432353258133,0,0,3,3,1,2,5,2,1,1,1,1
3,25,9,0.012166202999651432,0,0,3,3,1,3,5,2,1,1,1,1
3,25,13,0.002797942841425538,0,0,3,3,1,1,5,3,1,1,1,1
3,25,14,0.005888056941330433,0,0,3,3,1,2,5,3,1,1,1,1
3,25,17,0.038126859813928604,0,0,3,3,1,5,5,3,1,1,1,1
3,25,19,0.001831788569688797,0,0,3,3,1,1,5,4,1,1,1,1
3,25,21,0.00015993828128557652,0,0,3,3,1,3,5,4,1,1,1,1
3,25,22,7.016200925136218e-06,0,0,3,3,1,4,5,4,1,1,1,1
3,25,23,0.0002717363240662962,0,0,3,3,1,5,5,4,1,1,1,1
3,25,27,0.0004173877532593906,0,0,3,3,1,3,5,5,1,1,1,1
3,25,31,0.017856838181614876,0,0,3,4,1,1,5,1,1,1,1,1
3,25,33,0.0022718568798154593,0,0,3,4,1,3,5,3,1,1,1,1
3,25,34,7.702132279518992e-06,0,0,3,4,1,4,5,4,1,1,1,1
3,25,35,0.00018984486814588308,0,0,3,4,1,5,5,5,1,1,1,1
3,25,36,0.002723436104133725,0,0,3,5,1,1,5,1,1,2,1,2
3,25,38,9.431197213416453e-06,0,0,3,5,1,3,5,3,1,2,1,2
3,25,41,0.0002747938269749284,0,1,3,6,1,1,5,0,1,0,1,1
3,25,42,1.1387583981559146e-05,0,1,3,6,1,2,5,0,1,0,1,1
3,25,45,6.232921441551298e-05,0,1,3,6,1,5,5,0,1,0,1,1
3,26,0,0.0008063952554948628,0,0,3,1,2,0,5,0,1,2,1,4
3,26,1,0.3699325621128082,0,0,3,3,2,1,5,1,1,1,1,1
3,26,5,0.26094070076942444,0,0,3,3,2,5,5,1,1,1,1,1
3,26,6,0.18150000274181366,0,0,3,3,2,6,5,1,1,1,1,1
3,26,7,0.02130095101892948,0,0,3,3,2,1,5,2,1,1,1,1
3,26,8,0.008416276425123215,0,0,3,3,2,2,5,2,1,1,1,1
3,26,9,0.07630519568920135,0,0,3,3,2,3,5,2,1,1,1,1
3,26,13,0.02152913063764572,0,0,3,3,2,1,5,3,1,1,1,1
3,26,14,0.005813905503600836,0,0,3,3,2,2,5,3,1,1,1,1
3,26,17,0.012742353603243828,0,0,3,3,2,5,5,3,1,1,1,1
3,26,19,0.007487740833312273,0,0,3,3,2,1,5,4,1,1,1,1
3,26,21,0.0010611261241137981,0,0,3,3,2,3,5,4,1,1,1,1
3,26,22,4.4621818233281374e-05,0,0,3,3,2,4,5,4,1,1,1,1
3,26,23,0.0013379249721765518,0,0,3,3,2,5,5,4,1,1,1,1
3,26,27,0.0040916395373642445,0,0,3,3,2,3,5,5,1,1,1,1
3,26,31,0.013566087931394577,0,0,3,4,2,1,5,1,1,1,1,1
3,26,33,0.005554650444537401,0,0,3,4,2,3,5,3,1,1,1,1
3,26,34,3.9788497815607116e-05,0,0,3,4,2,4,5,4,1,1,1,1
3,26,35,0.0008309195982292295,0,0,3,4,2,5,5,5,1,1,1,1
3,26,36,0.006197010166943073,0,0,3,5,2,1,5,1,1,2,1,2
3,26,38,9.446602052776143e-05,0,0,3,5,2,3,5,3,1,2,1,2
3,26,41,0.00018024638120550662,0,1,3,6,2,1,5,0,1,0,1,1
3,26,42,4.688093395088799e-05,0,1,3,6,2,2,5,0,1,0,1,1
3,26,45,0.0001794489799067378,0,1,3,6,2,5,5,0,1,0,1,1
3,28,0,0.019489731639623642,0,0,3,1,4,0,5,0,1,2,1,4
3,28,1,0.10900048166513443,0,0,3,3,4,1,5,1,1,1,1,1
3,28,5,0.19120657444000244,0,0,3,3,4,5,5,1,1,1,1,1
3,28,6,0.2477537840604782,0,0,3,3,4,6,5,1,1,1,1,1
3,28,7,0.03984564170241356,0,0,3,3,4,1,5,2,1,1,1,1
3,28,8,0.007955295033752918,0,0,3,3,4,2,5,2,1,1,1,1
3,28,9,0.034104857593774796,0,0,3,3,4,3,5,2,1,1,1,1
3,28,13,0.022159487009048462,0,0,3,3,4,1,5,3,1,1,1,1
3,28,14,0.00792420469224453,0,0,3,3,4,2,5,3,1,1,1,1
3,28,17,0.008575374260544777,0,0,3,3,4,5,5,3,1,1,1,1
3,28,19,0.00963385310024023,0,0,3,3,4,1,5,4,1,1,1,1
3,28,21,0.0007598157972097397,0,0,3,3,4,3,5,4,1,1,1,1
3,28,22,9.814173972699791e-05,0,0,3,3,4,4,5,4,1,1,1,1
3,28,23,0.00044503709068521857,0,0,3,3,4,5,5,4,1,1,1,1
3,28,27,0.002464486751705408,0,0,3,3,4,3,5,5,1,1,1,1
3,28,31,0.09866566956043243,0,0,3,4,4,1,5,1,1,1,1,1
3,28,33,0.010127060115337372,0,0,3,4,4,3,5,3,1,1,1,1
3,28,34,0.00023523862182628363,0,0,3,4,4,4,5,4,1,1,1,1
3,28,35,0.0012046260526403785,0,0,3,4,4,5,5,5,1,1,1,1
3,28,36,0.13137857615947723,0,0,3,5,4,1,5,1,1,2,1,2
3,28,38,0.007966791279613972,0,0,3,5,4,3,5,3,1,2,1,2
3,28,41,0.04275990277528763,0,1,3,6,4,1,5,0,1,0,1,1
3,28,42,0.001822612714022398,0,1,3,6,4,2,5,0,1,0,1,1
3,28,45,0.004422981292009354,0,1,3,6,4,5,5,0,1,0,1,1
3,29,0,0.002367841312661767,0,0,3,1,5,0,5,0,1,2,1,4
3,29,1,0.05784835293889046,0,0,3,3,5,1,5,1,1,1,1,1
3,29,5,0.4747624695301056,0,0,3,3,5,5,5,1,1,1,1,1
3,29,6,0.0757618173956871,0,0,3,3,5,6,5,1,1,1,1,1
3,29,7,0.0067172604613006115,0,0,3,3,5,1,5,2,1,1,1,1
3,29,8,0.08898065984249115,0,0,3,3,5,2,5,2,1,1,1,1
3,29,9,0.1308380663394928,0,0,3,3,5,3,5,2,1,1,1,1
3,29,13,0.02276347391307354,0,0,3,3,5,1,5,3,1,1,1,1
3,29,14,0.03392301872372627,0,0,3,3,5,2,5,3,1,1,1,1
3,29,17,0.04763421788811684,0,0,3,3,5,5,5,3,1,1,1,1
3,29,19,0.005382361356168985,0,0,3,3,5,1,5,4,1,1,1,1
3,29,21,0.0017334261210635304,0,0,3,3,5,3,5,4,1,1,1,1
3,29,22,0.00041246667387895286,0,0,3,3,5,4,5,4,1,1,1,1
3,29,23,0.0025754428934305906,0,0,3,3,5,5,5,4,1,1,1,1
3,29,27,0.0032957440707832575,0,0,3,3,5,3,5,5,1,1,1,1
3,29,31,0.007150511257350445,0,0,3,4,5,1,5,1,1,1,1,1
3,29,33,0.014914183877408504,0,0,3,4,5,3,5,3,1,1,1,1
3,29,34,0.0006025856710039079,0,0,3,4,5,4,5,4,1,1,1,1
3,29,35,0.0023903632536530495,0,0,3,4,5,5,5,5,1,1,1,1
3,29,36,0.010069005191326141,0,0,3,5,5,1,5,1,1,2,1,2
3,29,38,0.007097805850207806,0,0,3,5,5,3,5,3,1,2,1,2
3,29,41,9.159759792964906e-05,0,1,3,6,5,1,5,0,1,0,1,1
3,29,42,0.00014619047578889877,0,1,3,6,5,2,5,0,1,0,1,1
3,29,45,0.0025407690554857254,0,1,3,6,5,5,5,0,1,0,1,1
3,30,0,0.028842026367783546,0,0,3,1,6,0,5,0,1,2,1,4
3,30,1,0.05066506564617157,0,0,3,3,6,1,5,1,1,1,1,1
3,30,5,0.3910824954509735,0,0,3,3,6,5,5,1,1,1,1,1
3,30,6,0.20872846245765686,0,0,3,3,6,6,5,1,1,1,1,1
3,30,7,0.015370696783065796,0,0,3,3,6,1,5,2,1,1,1,1
3,30,8,0.010996967554092407,0,0,3,3,6,2,5,2,1,1,1,1
3,30,9,0.029866725206375122,0,0,3,3,6,3,5,2,1,1,1,1
3,30,13,0.006772472057491541,0,0,3,3,6,1,5,3,1,1,1,1
3,30,14,0.008220968768000603,0,0,3,3,6,2,5,3,1,1,1,1
3,30,17,0.03032616898417473,0,0,3,3,6,5,5,3,1,1,1,1
3,30,19,0.0032853654120117426,0,0,3,3,6,1,5,4,1,1,1,1
3,30,21,0.0006469991058111191,0,0,3,3,6,3,5,4,1,1,1,1
3,30,22,8.74769248184748e-05,0,0,3,3,6,4,5,4,1,1,1,1
3,30,23,0.00035142427077516913,0,0,3,3,6,5,5,4,1,1,1,1
3,30,27,0.0032128544989973307,0,0,3,3,6,3,5,5,1,1,1,1
3,30,31,0.025527242571115494,0,0,3,4,6,1,5,1,1,1,1,1
3,30,33,0.00791951734572649,0,0,3,4,6,3,5,3,1,1,1,1
3,30,34,0.0002074421354336664,0,0,3,4,6,4,5,4,1,1,1,1
3,30,35,0.0034913071431219578,0,0,3,4,6,5,5,5,1,1,1,1
3,30,36,0.015435277484357357,0,0,3,5,6,1,5,1,1,2,1,2
3,30,38,0.0017788575496524572,0,0,3,5,6,3,5,3,1,2,1,2
3,30,41,0.08616495877504349,0,1,3,6,6,1,5,0,1,0,1,1
3,30,42,0.009394350461661816,0,1,3,6,6,2,5,0,1,0,1,1
3,30,45,0.06162498518824577,0,1,3,6,6,5,5,0,1,0,1,1
3,32,0,0.0030672873836010695,0,0,4,1,2,0,2,0,1,2,1,4
3,32,1,0.3149998188018799,0,0,4,3,2,1,2,1,1,1,1,1
3,32,5,0.06391800940036774,0,0,4,3,2,5,2,1,1,1,1,1
3,32,6,0.15283982455730438,0,0,4,3,2,6,2,1,1,1,1,1
3,32,7,0.030242756009101868,0,0,4,3,2,1,2,2,1,1,1,1
3,32,8,0.0037241345271468163,0,0,4,3,2,2,2,2,1,1,1,1
3,32,9,0.001350171398371458,0,0,4,3,2,3,2,2,1,1,1,1
3,32,13,0.052755724638700485,0,0,4,3,2,1,2,3,1,1,1,1
3,32,14,0.014428365975618362,0,0,4,3,2,2,2,3,1,1,1,1
3,32,17,0.01557211298495531,0,0,4,3,2,5,2,3,1,1,1,1
3,32,19,0.041503630578517914,0,0,4,3,2,1,2,4,1,1,1,1
3,32,21,0.0017807272961363196,0,0,4,3,2,3,2,4,1,1,1,1
3,32,22,0.00018223942606709898,0,0,4,3,2,4,2,4,1,1,1,1
3,32,23,0.017642026767134666,0,0,4,3,2,5,2,4,1,1,1,1
3,32,27,0.0004643244028557092,0,0,4,3,2,3,2,5,1,1,1,1
3,32,31,0.1360601782798767,0,0,4,4,2,1,2,1,1,1,1,1
3,32,33,0.0049191671423614025,0,0,4,4,2,3,2,3,1,1,1,1
3,32,34,0.00017016014317050576,0,0,4,4,2,4,2,4,1,1,1,1
3,32,35,0.00038474792381748557,0,0,4,4,2,5,2,5,1,1,1,1
3,32,36,0.14336612820625305,0,0,4,5,2,1,2,1,1,2,1,2
3,32,38,0.0004984678816981614,0,0,4,5,2,3,2,3,1,2,1,2
3,32,41,9.976928413379937e-05,0,1,4,6,2,1,2,0,1,0,1,1
3,32,42,1.397364121658029e-05,0,1,4,6,2,2,2,0,1,0,1,1
3,32,45,1.627916753932368e-05,0,1,4,6,2,5,2,0,1,0,1,1
3,37,0,0.0005038242670707405,0,0,5,1,2,0,2,0,2,2,2,4
3,37,1,0.06739158183336258,0,0,5,3,2,1,2,1,2,1,2,1
3,37,5,0.02018706500530243,0,0,5,3,2,5,2,1,2,1,2,1
3,37,6,0.039311137050390244,0,0,5,3,2,6,2,1,2,1,2,1
3,37,7,0.090093694627285,0,0,5,3,2,1,2,2,2,1,2,1
3,37,8,0.0011310941772535443,0,0,5,3,2,2,2,2,2,1,2,1
3,37,9,0.0037764920853078365,0,0,5,3,2,3,2,2,2,1,2,1
3,37,13,0.013658042997121811,0,0,5,3,2,1,2,3,2,1,2,1
3,37,14,0.0059650735929608345,0,0,5,3,2,2,2,3,2,1,2,1
3,37,17,0.0027391379699110985,0,0,5,3,2,5,2,3,2,1,2,1
3,37,19,0.0332045704126358,0,0,5,3,2,1,2,4,2,1,2,1
3,37,21,0.00119544449262321,0,0,5,3,2,3,2,4,2,1,2,1
3,37,22,0.0003188692207913846,0,0,5,3,2,4,2,4,2,1,2,1
3,37,23,0.0021019810810685158,0,0,5,3,2,5,2,4,2,1,2,1
3,37,27,0.002404873026534915,0,0,5,3,2,3,2,5,2,1,2,1
3,37,31,0.48290005326271057,0,0,5,4,2,1,2,1,2,1,2,1
3,37,33,0.007712566293776035,0,0,5,4,2,3,2,3,2,1,2,1
3,37,34,0.0009331755572929978,0,0,5,4,2,4,2,4,2,1,2,1
3,37,35,0.000814267317764461,0,0,5,4,2,5,2,5,2,1,2,1
3,37,36,0.2203821986913681,0,0,5,5,2,1,2,1,2,2,2,2
3,37,38,0.00017808687698561698,0,0,5,5,2,3,2,3,2,2,2,2
3,37,41,0.0029378298204392195,0,1,5,6,2,1,2,0,2,0,2,1
3,37,42,0.00011702689516823739,0,1,5,6,2,2,2,0,2,0,2,1
3,37,45,4.151416214881465e-05,0,1,5,6,2,5,2,0,2,0,2,1
3,39,0,0.00012269261060282588,0,0,5,1,4,0,4,0,2,2,2,4
3,39,1,0.03434241563081741,0,0,5,3,4,1,4,1,2,1,2,1
3,39,5,0.02956519089639187,0,0,5,3,4,5,4,1,2,1,2,1
3,39,6,0.01077184546738863,0,0,5,3,4,6,4,1,2,1,2,1
3,39,7,0.036761827766895294,0,0,5,3,4,1,4,2,2,1,2,1
3,39,8,0.04336945340037346,0,0,5,3,4,2,4,2,2,1,2,1
3,39,9,0.01948002353310585,0,0,5,3,4,3,4,2,2,1,2,1
3,39,13,0.022477170452475548,0,0,5,3,4,1,4,3,2,1,2,1
3,39,14,0.04909379035234451,0,0,5,3,4,2,4,3,2,1,2,1
3,39,17,0.02312178909778595,0,0,5,3,4,5,4,3,2,1,2,1
3,39,19,0.0786307156085968,0,0,5,3,4,1,4,4,2,1,2,1
3,39,21,0.060876909643411636,0,0,5,3,4,3,4,4,2,1,2,1
3,39,22,0.07305414974689484,0,0,5,3,4,4,4,4,2,1,2,1
3,39,23,0.2879515588283539,0,0,5,3,4,5,4,4,2,1,2,1
3,39,27,0.06737948954105377,0,0,5,3,4,3,4,5,2,1,2,1
3,39,31,0.0430319681763649,0,0,5,4,4,1,4,1,2,1,2,1
3,39,33,0.02007354609668255,0,0,5,4,4,3,4,3,2,1,2,1
3,39,34,0.049877557903528214,0,0,5,4,4,4,4,4,2,1,2,1
3,39,35,0.03417989984154701,0,0,5,4,4,5,4,5,2,1,2,1
3,39,36,0.010918590240180492,0,0,5,5,4,1,4,1,2,2,2,2
3,39,38,0.000755674671381712,0,0,5,5,4,3,4,3,2,2,2,2
3,39,41,0.00031116322497837245,0,1,5,6,4,1,4,0,2,0,2,1
3,39,42,0.00316664669662714,0,1,5,6,4,2,4,0,2,0,2,1
3,39,45,0.0006858969572931528,0,1,5,6,4,5,4,0,2,0,2,1
3,40,0,0.001117513864301145,0,0,5,1,5,0,5,0,2,2,2,4
3,40,1,0.061454787850379944,0,0,5,3,5,1,5,1,2,1,2,1
3,40,5,0.19625651836395264,0,0,5,3,5,5,5,1,2,1,2,1
3,40,6,0.0536227822303772,0,0,5,3,5,6,5,1,2,1,2,1
3,40,7,0.038413189351558685,0,0,5,3,5,1,5,2,2,1,2,1
3,40,8,0.1110391840338707,0,0,5,3,5,2,5,2,2,1,2,1
3,40,9,0.30108585953712463,0,0,5,3,5,3,5,2,2,1,2,1
3,40,13,0.019044116139411926,0,0,5,3,5,1,5,3,2,1,2,1
3,40,14,0.02777349203824997,0,0,5,3,5,2,5,3,2,1,2,1
3,40,17,0.05023756995797157,0,0,5,3,5,5,5,3,2,1,2,1
3,40,19,0.01987873949110508,0,0,5,3,5,1,5,4,2,1,2,1
3,40,21,0.0074024382047355175,0,0,5,3,5,3,5,4,2,1,2,1
3,40,22,0.0032403161749243736,0,0,5,3,5,4,5,4,2,1,2,1
3,40,23,0.010737976059317589,0,0,5,3,5,5,5,4,2,1,2,1
3,40,27,0.04958195611834526,0,0,5,3,5,3,5,5,2,1,2,1
3,40,31,0.00902403425425291,0,0,5,4,5,1,5,1,2,1,2,1
3,40,33,0.013921456411480904,0,0,5,4,5,3,5,3,2,1,2,1
3,40,34,0.003036560257896781,0,0,5,4,5,4,5,4,2,1,2,1
3,40,35,0.018137695267796516,0,0,5,4,5,5,5,5,2,1,2,1
3,40,36,0.0033394531346857548,0,0,5,5,5,1,5,1,2,2,2,2
3,40,38,0.0002259550237795338,0,0,5,5,5,3,5,3,2,2,2,2
3,40,41,0.00013291598588693887,0,1,5,6,5,1,5,0,2,0,2,1
3,40,42,0.00030746799893677235,0,1,5,6,5,2,5,0,2,0,2,1
3,40,45,0.0009879324352368712,0,1,5,6,5,5,5,0,2,0,2,1
3,43,0,4.2327803384978324e-05,1,0,6,1,3,0,0,0,0,2,1,4
3,43,1,0.02850615605711937,1,0,6,3,3,1,0,1,0,1,1,1
3,43,5,0.025941675528883934,1,0,6,3,3,5,0,1,0,1,1,1
3,43,6,0.009009004570543766,1,0,6,3,3,6,0,1,0,1,1,1
3,43,7,0.006221376825124025,1,0,6,3,3,1,0,2,0,1,1,1
3,43,8,0.1032269299030304,1,0,6,3,3,2,0,2,0,1,1,1
3,43,9,0.028344716876745224,1,0,6,3,3,3,0,2,0,1,1,1
3,43,13,0.006020789500325918,1,0,6,3,3,1,0,3,0,1,1,1
3,43,14,0.008146523497998714,1,0,6,3,3,2,0,3,0,1,1,1
3,43,17,0.028072001412510872,1,0,6,3,3,5,0,3,0,1,1,1
3,43,19,0.0055315219797194,1,0,6,3,3,1,0,4,0,1,1,1
3,43,21,0.07175292074680328,1,0,6,3,3,3,0,4,0,1,1,1
3,43,22,0.012877396307885647,1,0,6,3,3,4,0,4,0,1,1,1
3,43,23,0.6163726449012756,1,0,6,3,3,5,0,4,0,1,1,1
3,43,27,0.014727611094713211,1,0,6,3,3,3,0,5,0,1,1,1
3,43,31,0.00029875844484195113,1,0,6,4,3,1,0,1,0,1,1,1
3,43,33,0.0007293630042113364,1,0,6,4,3,3,0,3,0,1,1,1
3,43,34,0.0018530937377363443,1,0,6,4,3,4,0,4,0,1,1,1
3,43,35,0.02851608581840992,1,0,6,4,3,5,0,5,0,1,1,1
3,43,36,5.696177686331794e-05,1,0,6,5,3,1,0,1,0,2,1,2
3,43,38,2.5312941943411715e-05,1,0,6,5,3,3,0,3,0,2,1,2
3,43,41,3.99615200876724e-05,1,1,6,6,3,1,0,0,0,0,1,1
3,43,42,0.0030110615771263838,1,1,6,6,3,2,0,0,0,0,1,1
3,43,45,0.000676092051435262,1,1,6,6,3,5,0,0,0,0,1,1
3,44,0,0.008578779175877571,1,0,6,1,4,0,0,0,0,2,1,4
3,44,1,0.5417599081993103,1,0,6,3,4,1,0,1,0,1,1,1
3,44,5,0.007729804143309593,1,0,6,3,4,5,0,1,0,1,1,1
3,44,6,0.02467437833547592,1,0,6,3,4,6,0,1,0,1,1,1
3,44,7,0.047297295182943344,1,0,6,3,4,1,0,2,0,1,1,1
3,44,8,0.013970443978905678,1,0,6,3,4,2,0,2,0,1,1,1
3,44,9,0.016867399215698242,1,0,6,3,4,3,0,2,0,1,1,1
3,44,13,0.05591790750622749,1,0,6,3,4,1,0,3,0,1,1,1
3,44,14,0.008089728653430939,1,0,6,3,4,2,0,3,0,1,1,1
3,44,17,0.006422154139727354,1,0,6,3,4,5,0,3,0,1,1,1
3,44,19,0.032116059213876724,1,0,6,3,4,1,0,4,0,1,1,1
3,44,21,0.05338870361447334,1,0,6,3,4,3,0,4,0,1,1,1
3,44,22,0.00715403538197279,1,0,6,3,4,4,0,4,0,1,1,1
3,44,23,0.12904907763004303,1,0,6,3,4,5,0,4,0,1,1,1
3,44,27,0.012409085407853127,1,0,6,3,4,3,0,5,0,1,1,1
3,44,31,0.0055159637704491615,1,0,6,4,4,1,0,1,0,1,1,1
3,44,33,0.003527105087414384,1,0,6,4,4,3,0,3,0,1,1,1
3,44,34,0.002124079968780279,1,0,6,4,4,4,0,4,0,1,1,1
3,44,35,0.009990941733121872,1,0,6,4,4,5,0,5,0,1,1,1
3,44,36,0.007740400265902281,1,0,6,5,4,1,0,1,0,2,1,2
3,44,38,0.0017806291580200195,1,0,6,5,4,3,0,3,0,2,1,2
3,44,41,0.0008045578724704683,1,1,6,6,4,1,0,0,0,0,1,1
3,44,42,0.0019770765211433172,1,1,6,6,4,2,0,0,0,0,1,1
3,44,45,0.0011146889301016927,1,1,6,6,4,5,0,0,0,0,1,1
3,46,0,1.5122489458008204e-05,1,0,6,1,6,0,0,0,0,2,1,4
3,46,1,0.015616402961313725,1,0,6,3,6,1,0,1,0,1,1,1
3,46,5,0.001130493707023561,1,0,6,3,6,5,0,1,0,1,1,1
3,46,6,0.0005725020891986787,1,0,6,3,6,6,0,1,0,1,1,1
3,46,7,0.001557579031214118,1,0,6,3,6,1,0,2,0,1,1,1
3,46,8,0.02182549051940441,1,0,6,3,6,2,0,2,0,1,1,1
3,46,9,0.003687656484544277,1,0,6,3,6,3,0,2,0,1,1,1
3,46,13,0.00865063164383173,1,0,6,3,6,1,0,3,0,1,1,1
3,46,14,0.004339566919952631,1,0,6,3,6,2,0,3,0,1,1,1
3,46,17,0.0035168163012713194,1,0,6,3,6,5,0,3,0,1,1,1
3,46,19,0.004317135084420443,1,0,6,3,6,1,0,4,0,1,1,1
3,46,21,0.04278332367539406,1,0,6,3,6,3,0,4,0,1,1,1
3,46,22,0.02374163083732128,1,0,6,3,6,4,0,4,0,1,1,1
3,46,23,0.8530703186988831,1,0,6,3,6,5,0,4,0,1,1,1
3,46,27,0.0043167793191969395,1,0,6,3,6,3,0,5,0,1,1,1
3,46,31,7.672559877391905e-05,1,0,6,4,6,1,0,1,0,1,1,1
3,46,33,0.0005146750481799245,1,0,6,4,6,3,0,3,0,1,1,1
3,46,34,0.0035758449230343103,1,0,6,4,6,4,0,4,0,1,1,1
3,46,35,0.006571567617356777,1,0,6,4,6,5,0,5,0,1,1,1
3,46,36,3.072039908147417e-05,1,0,6,5,6,1,0,1,0,2,1,2
3,46,38,2.7148837034474127e-05,1,0,6,5,6,3,0,3,0,2,1,2
3,46,41,1.6395878787989204e-07,1,1,6,6,6,1,0,0,0,0,1,1
3,46,42,4.59486800536979e-05,1,1,6,6,6,2,0,0,0,0,1,1
3,46,45,1.5960422388161533e-05,1,1,6,6,6,5,0,0,0,0,1,1
3,47,0,5.375869022827828e-06,2,0,7,1,0,0,0,0,0,2,4,4
3,47,1,0.0001781092578312382,2,0,7,3,0,1,0,1,0,1,4,1
3,47,5,0.00016800341836642474,2,0,7,3,0,5,0,1,0,1,4,1
3,47,6,3.0741146474611014e-05,2,0,7,3,0,6,0,1,0,1,4,1
3,47,7,0.0014341674977913499,2,0,7,3,0,1,0,2,0,1,4,1
3,47,8,0.012871314771473408,2,0,7,3,0,2,0,2,0,1,4,1
3,47,9,0.002559048356488347,2,0,7,3,0,3,0,2,0,1,4,1
3,47,13,0.0010848771780729294,2,0,7,3,0,1,0,3,0,1,4,1
3,47,14,0.004108853172510862,2,0,7,3,0,2,0,3,0,1,4,1
3,47,17,0.0002955715754069388,2,0,7,3,0,5,0,3,0,1,4,1
3,47,19,0.0035638450644910336,2,0,7,3,0,1,0,4,0,1,4,1
3,47,21,0.03907030075788498,2,0,7,3,0,3,0,4,0,1,4,1
3,47,22,0.4701094925403595,2,0,7,3,0,4,0,4,0,1,4,1
3,47,23,0.15740272402763367,2,0,7,3,0,5,0,4,0,1,4,1
3,47,27,0.023022102192044258,2,0,7,3,0,3,0,5,0,1,4,1
3,47,31,0.0004943793173879385,2,0,7,4,0,1,0,1,0,1,4,1
3,47,33,0.0013806603383272886,2,0,7,4,0,3,0,3,0,1,4,1
3,47,34,0.2620101869106293,2,0,7,4,0,4,0,4,0,1,4,1
3,47,35,0.01602882333099842,2,0,7,4,0,5,0,5,0,1,4,1
3,47,36,0.00033544329926371574,2,0,7,5,0,1,0,1,0,2,4,2
3,47,38,0.0007947523845359683,2,0,7,5,0,3,0,3,0,2,4,2
3,47,41,3.08884191326797e-05,2,1,7,6,0,1,0,0,0,0,4,1
3,47,42,0.0028559123165905476,2,1,7,6,0,2,0,0,0,0,4,1
3,47,45,0.0001643739378778264,2,1,7,6,0,5,0,0,0,0,4,1
4,0,1,0.11544547230005264,0,0,1,3,0,1,0,1,2,1,4,1
4,0,4,0.05311702936887741,0,0,1,3,0,4,0,1,2,1,4,1
4,0,5,0.06664303690195084,0,0,1,3,0,5,0,1,2,1,4,1
4,0,6,0.03788037598133087,0,0,1,3,0,6,0,1,2,1,4,1
4,0,9,0.04575244337320328,0,0,1,3,0,3,0,2,2,1,4,1
4,0,10,0.03464182838797569,0,0,1,3,0,4,0,2,2,1,4,1
4,0,12,0.03205987438559532,0,0,1,3,0,6,0,2,2,1,4,1
4,0,15,0.020606618374586105,0,0,1,3,0,3,0,3,2,1,4,1
4,0,18,0.03785622492432594,0,0,1,3,0,6,0,3,2,1,4,1
4,0,21,0.03038129396736622,0,0,1,3,0,3,0,4,2,1,4,1
4,0,23,0.05176632106304169,0,0,1,3,0,5,0,4,2,1,4,1
4,0,24,0.05489367991685867,0,0,1,3,0,6,0,4,2,1,4,1
4,0,25,0.030059771612286568,0,0,1,3,0,1,0,5,2,1,4,1
4,0,28,0.021812645718455315,0,0,1,3,0,4,0,5,2,1,4,1
4,0,30,0.021829629316926003,0,0,1,3,0,6,0,5,2,1,4,1
4,0,31,0.026273265480995178,0,0,1,4,0,1,0,1,2,1,4,1
4,0,34,0.042080312967300415,0,0,1,4,0,4,0,4,2,1,4,1
4,0,35,0.030864307656884193,0,0,1,4,0,5,0,5,2,1,4,1
4,0,36,0.09137998521327972,0,0,1,5,0,1,0,1,2,2,4,2
4,0,40,0.06787286698818207,0,0,1,5,0,5,0,5,2,2,4,2
4,0,42,0.03308657184243202,0,1,1,6,0,2,0,0,2,0,4,1
4,0,43,0.02772398665547371,0,1,1,6,0,3,0,0,2,0,4,1
4,0,46,0.013354587368667126,0,1,1,6,0,6,0,0,2,0,4,1
4,0,47,0.012617949396371841,0,2,1,7,0,0,0,0,2,0,4,4
4,2,1,0.10310740768909454,0,0,3,3,2,1,1,1,1,1,1,1
4,2,4,0.02068330906331539,0,0,3,3,2,4,1,1,1,1,1,1
4,2,5,0.029060201719403267,0,0,3,3,2,5,1,1,1,1,1,1
4,2,6,0.017000528052449226,0,0,3,3,2,6,1,1,1,1,1,1
4,2,9,0.03958459571003914,0,0,3,3,2,3,1,2,1,1,1,1
4,2,10,0.10872730612754822,0,0,3,3,2,4,1,2,1,1,1,1
4,2,12,0.033139511942863464,0,0,3,3,2,6,1,2,1,1,1,1
4,2,15,0.009192347526550293,0,0,3,3,2,3,1,3,1,1,1,1
4,2,18,0.014894324354827404,0,0,3,3,2,6,1,3,1,1,1,1
4,2,21,0.0007768850773572922,0,0,3,3,2,3,1,4,1,1,1,1
4,2,23,0.00633825920522213,0,0,3,3,2,5,1,4,1,1,1,1
4,2,24,0.005736641585826874,0,0,3,3,2,6,1,4,1,1,1,1
4,2,25,0.010104990564286709,0,0,3,3,2,1,1,5,1,1,1,1
4,2,28,0.001965926494449377,0,0,3,3,2,4,1,5,1,1,1,1
4,2,30,0.001376319327391684,0,0,3,3,2,6,1,5,1,1,1,1
4,2,31,0.02760082297027111,0,0,3,4,2,1,1,1,1,1,1,1
4,2,34,0.01879303716123104,0,0,3,4,2,4,1,4,1,1,1,1
4,2,35,0.0023986559826880693,0,0,3,4,2,5,1,5,1,1,1,1
4,2,36,0.3634015917778015,0,0,3,5,2,1,1,1,1,2,1,2
4,2,40,0.10931704938411713,0,0,3,5,2,5,1,5,1,2,1,2
4,2,42,0.04936099797487259,0,1,3,6,2,2,1,0,1,0,1,1
4,2,43,0.020230278372764587,0,1,3,6,2,3,1,0,1,0,1,1
4,2,46,0.0031882761977612972,0,1,3,6,2,6,1,0,1,0,1,1
4,2,47,0.004020520485937595,0,2,3,7,2,0,1,0,1,0,1,4
4,3,1,0.03685607761144638,0,0,3,3,3,1,1,1,1,1,1,1
4,3,4,0.014796130359172821,0,0,3,3,3,4,1,1,1,1,1,1
4,3,5,0.009446006268262863,0,0,3,3,3,5,1,1,1,1,1,1
4,3,6,0.007277044001966715,0,0,3,3,3,6,1,1,1,1,1,1
4,3,9,0.02211548388004303,0,0,3,3,3,3,1,2,1,1,1,1
4,3,10,0.17477165162563324,0,0,3,3,3,4,1,2,1,1,1,1
4,3,12,0.0521366223692894,0,0,3,3,3,6,1,2,1,1,1,1
4,3,15,0.031676750630140305,0,0,3,3,3,3,1,3,1,1,1,1
4,3,18,0.14612838625907898,0,0,3,3,3,6,1,3,1,1,1,1
4,3,21,0.011049062013626099,0,0,3,3,3,3,1,4,1,1,1,1
4,3,23,0.03978374972939491,0,0,3,3,3,5,1,4,1,1,1,1
4,3,24,0.034472983330488205,0,0,3,3,3,6,1,4,1,1,1,1
4,3,25,0.034978076815605164,0,0,3,3,3,1,1,5,1,1,1,1
4,3,28,0.024148037657141685,0,0,3,3,3,4,1,5,1,1,1,1
4,3,30,0.015335938893258572,0,0,3,3,3,6,1,5,1,1,1,1
4,3,31,0.0020206982735544443,0,0,3,4,3,1,1,1,1,1,1,1
4,3,34,0.033159252256155014,0,0,3,4,3,4,1,4,1,1,1,1
4,3,35,0.0036176859866827726,0,0,3,4,3,5,1,5,1,1,1,1
4,3,36,0.010526997037231922,0,0,3,5,3,1,1,1,1,2,1,2
4,3,40,0.005601452197879553,0,0,3,5,3,5,1,5,1,2,1,2
4,3,42,0.13994990289211273,0,1,3,6,3,2,1,0,1,0,1,1
4,3,43,0.0682629942893982,0,1,3,6,3,3,1,0,1,0,1,1
4,3,46,0.06609335541725159,0,1,3,6,3,6,1,0,1,0,1,1
4,3,47,0.015795640647411346,0,2,3,7,3,0,1,0,1,0,1,4
4,7,1,0.0017840693471953273,0,0,3,3,1,1,2,1,1,1,1,1
4,7,4,0.003821638412773609,0,0,3,3,1,4,2,1,1,1,1,1
4,7,5,0.0060586570762097836,0,0,3,3,1,5,2,1,1,1,1,1
4,7,6,0.006734147667884827,0,0,3,3,1,6,2,1,1,1,1,1
4,7,9,0.00421107467263937,0,0,3,3,1,3,2,2,1,1,1,1
4,7,10,0.07099178433418274,0,0,3,3,1,4,2,2,1,1,1,1
4,7,12,0.01763298735022545,0,0,3,3,1,6,2,2,1,1,1,1
4,7,15,0.0021012381184846163,0,0,3,3,1,3,2,3,1,1,1,1
4,7,18,0.004536006134003401,0,0,3,3,1,6,2,3,1,1,1,1
4,7,21,0.00017221779853571206,0,0,3,3,1,3,2,4,1,1,1,1
4,7,23,0.0014547448372468352,0,0,3,3,1,5,2,4,1,1,1,1
4,7,24,0.003289674175903201,0,0,3,3,1,6,2,4,1,1,1,1
4,7,25,0.006417235359549522,0,0,3,3,1,1,2,5,1,1,1,1
4,7,28,0.014456849545240402,0,0,3,3,1,4,2,5,1,1,1,1
4,7,30,0.0026142853312194347,0,0,3,3,1,6,2,5,1,1,1,1
4,7,31,0.0005133504164405167,0,0,3,4,1,1,2,1,1,1,1,1
4,7,34,0.0008987822802737355,0,0,3,4,1,4,2,4,1,1,1,1
4,7,35,0.0016382616013288498,0,0,3,4,1,5,2,5,1,1,1,1
4,7,36,0.07521077990531921,0,0,3,5,1,1,2,1,1,2,1,2
4,7,40,0.766604483127594,0,0,3,5,1,5,2,5,1,2,1,2
4,7,42,0.0014994574012234807,0,1,3,6,1,2,2,0,1,0,1,1
4,7,43,0.0049106101505458355,0,1,3,6,1,3,2,0,1,0,1,1
4,7,46,0.0021130689419806004,0,1,3,6,1,6,2,0,1,0,1,1
4,7,47,0.0003345715522300452,0,2,3,7,1,0,2,0,1,0,1,4
4,8,1,0.0001901818031910807,0,0,3,3,2,1,2,1,1,1,1,1
4,8,4,0.001075870473869145,0,0,3,3,2,4,2,1,1,1,1,1
4,8,5,0.001100960886105895,0,0,3,3,2,5,2,1,1,1,1,1
4,8,6,0.0009277389035560191,0,0,3,3,2,6,2,1,1,1,1,1
4,8,9,0.0013092338340356946,0,0,3,3,2,3,2,2,1,1,1,1
4,8,10,0.014767398126423359,0,0,3,3,2,4,2,2,1,1,1,1
4,8,12,0.0033815097995102406,0,0,3,3,2,6,2,2,1,1,1,1
4,8,15,0.0001274014648515731,0,0,3,3,2,3,2,3,1,1,1,1
4,8,18,0.0018744298722594976,0,0,3,3,2,6,2,3,1,1,1,1
4,8,21,1.0481669960427098e-05,0,0,3,3,2,3,2,4,1,1,1,1
4,8,23,0.0001745266781654209,0,0,3,3,2,5,2,4,1,1,1,1
4,8,24,0.0007984606199897826,0,0,3,3,2,6,2,4,1,1,1,1
4,8,25,0.0002147009363397956,0,0,3,3,2,1,2,5,1,1,1,1
4,8,28,0.0013107875129207969,0,0,3,3,2,4,2,5,1,1,1,1
4,8,30,0.00019029398390557617,0,0,3,3,2,6,2,5,1,1,1,1
4,8,31,4.573312617139891e-05,0,0,3,4,2,1,2,1,1,1,1,1
4,8,34,0.00016148331633303314,0,0,3,4,2,4,2,4,1,1,1,1
4,8,35,0.00032015066244639456,0,0,3,4,2,5,2,5,1,1,1,1
4,8,36,0.0047066169790923595,0,0,3,5,2,1,2,1,1,2,1,2
4,8,40,0.9665488004684448,0,0,3,5,2,5,2,5,1,2,1,2
4,8,42,0.00022162498498801142,0,1,3,6,2,2,2,0,1,0,1,1
4,8,43,0.0003682821406982839,0,1,3,6,2,3,2,0,1,0,1,1
4,8,46,0.00016604142729192972,0,1,3,6,2,6,2,0,1,0,1,1
4,8,47,7.750888471491635e-06,0,2,3,7,2,0,2,0,1,0,1,4
4,11,1,0.03382355719804764,0,0,3,3,5,1,2,1,1,1,1,1
4,11,4,0.01543253380805254,0,0,3,3,5,4,2,1,1,1,1,1
4,11,5,0.036024343222379684,0,0,3,3,5,5,2,1,1,1,1,1
4,11,6,0.02316918969154358,0,0,3,3,5,6,2,1,1,1,1,1
4,11,9,0.033500783145427704,0,0,3,3,5,3,2,2,1,1,1,1
4,11,10,0.051732759922742844,0,0,3,3,5,4,2,2,1,1,1,1
4,11,12,0.06020146980881691,0,0,3,3,5,6,2,2,1,1,1,1
4,11,15,0.013974767178297043,0,0,3,3,5,3,2,3,1,1,1,1
4,11,18,0.0932745635509491,0,0,3,3,5,6,2,3,1,1,1,1
4,11,21,0.003056598361581564,0,0,3,3,5,3,2,4,1,1,1,1
4,11,23,0.020868705585598946,0,0,3,3,5,5,2,4,1,1,1,1
4,11,24,0.04209037497639656,0,0,3,3,5,6,2,4,1,1,1,1
4,11,25,0.03776317834854126,0,0,3,3,5,1,2,5,1,1,1,1
4,11,28,0.01904878579080105,0,0,3,3,5,4,2,5,1,1,1,1
4,11,30,0.041779741644859314,0,0,3,3,5,6,2,5,1,1,1,1
4,11,31,0.0030650869011878967,0,0,3,4,5,1,2,1,1,1,1,1
4,11,34,0.010436962358653545,0,0,3,4,5,4,2,4,1,1,1,1
4,11,35,0.018270615488290787,0,0,3,4,5,5,2,5,1,1,1,1
4,11,36,0.0384238101541996,0,0,3,5,5,1,2,1,1,2,1,2
4,11,40,0.33925458788871765,0,0,3,5,5,5,2,5,1,2,1,2
4,11,42,0.02174363099038601,0,1,3,6,5,2,2,0,1,0,1,1
4,11,43,0.017216786742210388,0,1,3,6,5,3,2,0,1,0,1,1
4,11,46,0.024023786187171936,0,1,3,6,5,6,2,0,1,0,1,1
4,11,47,0.0018232762813568115,0,2,3,7,5,0,2,0,1,0,1,4
4,13,1,0.00011907630687346682,0,0,3,3,1,1,3,1,1,1,1,1
4,13,4,0.0003062594623770565,0,0,3,3,1,4,3,1,1,1,1,1
4,13,5,0.0008735308074392378,0,0,3,3,1,5,3,1,1,1,1,1
4,13,6,0.00017520159599371254,0,0,3,3,1,6,3,1,1,1,1,1
4,13,9,0.00013938025222159922,0,0,3,3,1,3,3,2,1,1,1,1
4,13,10,9.361827687826008e-05,0,0,3,3,1,4,3,2,1,1,1,1
4,13,12,0.00015156209701672196,0,0,3,3,1,6,3,2,1,1,1,1
4,13,15,1.251793946721591e-05,0,0,3,3,1,3,3,3,1,1,1,1
4,13,18,2.4597002266091295e-05,0,0,3,3,1,6,3,3,1,1,1,1
4,13,21,1.1212821391382022e-06,0,0,3,3,1,3,3,4,1,1,1,1
4,13,23,6.870603829156607e-05,0,0,3,3,1,5,3,4,1,1,1,1
4,13,24,0.0001058310954249464,0,0,3,3,1,6,3,4,1,1,1,1
4,13,25,1.4232323337637354e-05,0,0,3,3,1,1,3,5,1,1,1,1
4,13,28,1.0188711712544318e-05,0,0,3,3,1,4,3,5,1,1,1,1
4,13,30,1.0516557267692406e-05,0,0,3,3,1,6,3,5,1,1,1,1
4,13,31,1.16447736218106e-05,0,0,3,4,1,1,3,1,1,1,1,1
4,13,34,1.6287907783407718e-05,0,0,3,4,1,4,3,4,1,1,1,1
4,13,35,8.842707029543817e-05,0,0,3,4,1,5,3,5,1,1,1,1
4,13,36,0.018000131472945213,0,0,3,5,1,1,3,1,1,2,1,2
4,13,40,0.9797693490982056,0,0,3,5,1,5,3,5,1,2,1,2
4,13,42,4.709462245955365e-06,0,1,3,6,1,2,3,0,1,0,1,1
4,13,43,1.5280771776815527e-06,0,1,3,6,1,3,3,0,1,0,1,1
4,13,46,6.525744424834556e-07,0,1,3,6,1,6,3,0,1,0,1,1
4,13,47,8.325441172019055e-07,0,2,3,7,1,0,3,0,1,0,1,4
4,14,1,0.00043629028368741274,0,0,3,3,2,1,3,1,1,1,1,1
4,14,4,0.0009810072369873524,0,0,3,3,2,4,3,1,1,1,1,1
4,14,5,0.0023810663260519505,0,0,3,3,2,5,3,1,1,1,1,1
4,14,6,0.00027789067826233804,0,0,3,3,2,6,3,1,1,1,1,1
4,14,9,4.1935258195735514e-05,0,0,3,3,2,3,3,2,1,1,1,1
4,14,10,8.273516141343862e-05,0,0,3,3,2,4,3,2,1,1,1,1
4,14,12,6.447068881243467e-05,0,0,3,3,2,6,3,2,1,1,1,1
4,14,15,1.6025713193812408e-05,0,0,3,3,2,3,3,3,1,1,1,1
4,14,18,1.589357270859182e-05,0,0,3,3,2,6,3,3,1,1,1,1
4,14,21,4.855526185565395e-07,0,0,3,3,2,3,3,4,1,1,1,1
4,14,23,3.972810736740939e-05,0,0,3,3,2,5,3,4,1,1,1,1
4,14,24,2.0389350538607687e-05,0,0,3,3,2,6,3,4,1,1,1,1
4,14,25,3.865005783154629e-05,0,0,3,3,2,1,3,5,1,1,1,1
4,14,28,1.4245048078009859e-05,0,0,3,3,2,4,3,5,1,1,1,1
4,14,30,1.5232305486279074e-05,0,0,3,3,2,6,3,5,1,1,1,1
4,14,31,8.298435204778798e-06,0,0,3,4,2,1,3,1,1,1,1,1
4,14,34,2.0244240204192465e-06,0,0,3,4,2,4,3,4,1,1,1,1
4,14,35,7.615101640112698e-05,0,0,3,4,2,5,3,5,1,1,1,1
4,14,36,0.06490588188171387,0,0,3,5,2,1,3,1,1,2,1,2
4,14,40,0.9305517077445984,0,0,3,5,2,5,3,5,1,2,1,2
4,14,42,2.251417208753992e-05,0,1,3,6,2,2,3,0,1,0,1,1
4,14,43,4.7072844608919695e-06,0,1,3,6,2,3,3,0,1,0,1,1
4,14,46,2.2401159185392316e-06,0,1,3,6,2,6,3,0,1,0,1,1
4,14,47,6.581559546248172e-07,0,2,3,7,2,0,3,0,1,0,1,4
4,16,1,0.00013624198618344963,0,0,3,3,4,1,3,1,1,1,1,1
4,16,4,0.00041374488500878215,0,0,3,3,4,4,3,1,1,1,1,1
4,16,5,0.0016625659773126245,0,0,3,3,4,5,3,1,1,1,1,1
4,16,6,0.0003530230314936489,0,0,3,3,4,6,3,1,1,1,1,1
4,16,9,3.993554855696857e-05,0,0,3,3,4,3,3,2,1,1,1,1
4,16,10,6.296503124758601e-05,0,0,3,3,4,4,3,2,1,1,1,1
4,16,12,9.311419125879183e-05,0,0,3,3,4,6,3,2,1,1,1,1
4,16,15,4.176913535047788e-06,0,0,3,3,4,3,3,3,1,1,1,1
4,16,18,3.814745650743134e-05,0,0,3,3,4,6,3,3,1,1,1,1
4,16,21,6.888571419949585e-07,0,0,3,3,4,3,3,4,1,1,1,1
4,16,23,4.248944969731383e-05,0,0,3,3,4,5,3,4,1,1,1,1
4,16,24,8.020810491871089e-05,0,0,3,3,4,6,3,4,1,1,1,1
4,16,25,1.4026722055859864e-05,0,0,3,3,4,1,3,5,1,1,1,1
4,16,28,2.2060490664443932e-05,0,0,3,3,4,4,3,5,1,1,1,1
4,16,30,2.916247285611462e-05,0,0,3,3,4,6,3,5,1,1,1,1
4,16,31,1.1092644854215905e-05,0,0,3,4,4,1,3,1,1,1,1,1
4,16,34,7.683892363274936e-06,0,0,3,4,4,4,3,4,1,1,1,1
4,16,35,0.00017233310791198164,0,0,3,4,4,5,3,5,1,1,1,1
4,16,36,0.023509256541728973,0,0,3,5,4,1,3,1,1,2,1,2
4,16,40,0.9732524156570435,0,0,3,5,4,5,3,5,1,2,1,2
4,16,42,3.9861763070803136e-05,0,1,3,6,4,2,3,0,1,0,1,1
4,16,43,6.666590707027353e-06,0,1,3,6,4,3,3,0,1,0,1,1
4,16,46,6.344465418806067e-06,0,1,3,6,4,6,3,0,1,0,1,1
4,16,47,1.661411147324543e-06,0,2,3,7,4,0,3,0,1,0,1,4
4,17,1,0.06909124553203583,0,0,3,3,5,1,3,1,1,1,1,1
4,17,4,0.0163886658847332,0,0,3,3,5,4,3,1,1,1,1,1
4,17,5,0.05484912171959877,0,0,3,3,5,5,3,1,1,1,1,1
4,17,6,0.015715014189481735,0,0,3,3,5,6,3,1,1,1,1,1
4,17,9,0.009351060725748539,0,0,3,3,5,3,3,2,1,1,1,1
4,17,10,0.009542052634060383,0,0,3,3,5,4,3,2,1,1,1,1
4,17,12,0.015007495880126953,0,0,3,3,5,6,3,2,1,1,1,1
4,17,15,0.009480743668973446,0,0,3,3,5,3,3,3,1,1,1,1
4,17,18,0.011014862917363644,0,0,3,3,5,6,3,3,1,1,1,1
4,17,21,0.00060731649864465,0,0,3,3,5,3,3,4,1,1,1,1
4,17,23,0.008816474117338657,0,0,3,3,5,5,3,4,1,1,1,1
4,17,24,0.004924503620713949,0,0,3,3,5,6,3,4,1,1,1,1
4,17,25,0.014628410339355469,0,0,3,3,5,1,3,5,1,1,1,1
4,17,28,0.0022016470320522785,0,0,3,3,5,4,3,5,1,1,1,1
4,17,30,0.007942057214677334,0,0,3,3,5,6,3,5,1,1,1,1
4,17,31,0.00347431399859488,0,0,3,4,5,1,3,1,1,1,1,1
4,17,34,0.001847393112257123,0,0,3,4,5,4,3,4,1,1,1,1
4,17,35,0.009396884590387344,0,0,3,4,5,5,3,5,1,1,1,1
4,17,36,0.2668898403644562,0,0,3,5,5,1,3,1,1,2,1,2
4,17,40,0.3982367515563965,0,0,3,5,5,5,3,5,1,2,1,2
4,17,42,0.048729680478572845,0,1,3,6,5,2,3,0,1,0,1,1
4,17,43,0.00865539163351059,0,1,3,6,5,3,3,0,1,0,1,1
4,17,46,0.009287086315453053,0,1,3,6,5,6,3,0,1,0,1,1
4,17,47,0.003922245930880308,0,2,3,7,5,0,3,0,1,0,1,4
4,19,1,0.00024273732560686767,0,0,3,3,1,1,4,1,1,1,1,1
4,19,4,0.0002577091509010643,0,0,3,3,1,4,4,1,1,1,1,1
4,19,5,0.000718441151548177,0,0,3,3,1,5,4,1,1,1,1,1
4,19,6,0.00011283712228760123,0,0,3,3,1,6,4,1,1,1,1,1
4,19,9,0.0014141796855255961,0,0,3,3,1,3,4,2,1,1,1,1
4,19,10,0.001748224371112883,0,0,3,3,1,4,4,2,1,1,1,1
4,19,12,0.0013287253677845001,0,0,3,3,1,6,4,2,1,1,1,1
4,19,15,6.016421320964582e-05,0,0,3,3,1,3,4,3,1,1,1,1
4,19,18,0.00014559995906893164,0,0,3,3,1,6,4,3,1,1,1,1
4,19,21,1.0707305591495242e-05,0,0,3,3,1,3,4,4,1,1,1,1
4,19,23,0.0003489915980026126,0,0,3,3,1,5,4,4,1,1,1,1
4,19,24,0.0012306018033996224,0,0,3,3,1,6,4,4,1,1,1,1
4,19,25,0.00016348589269910008,0,0,3,3,1,1,4,5,1,1,1,1
4,19,28,0.00011031737813027576,0,0,3,3,1,4,4,5,1,1,1,1
4,19,30,3.492950418149121e-05,0,0,3,3,1,6,4,5,1,1,1,1
4,19,31,5.573206362896599e-05,0,0,3,4,1,1,4,1,1,1,1,1
4,19,34,0.0003002937010023743,0,0,3,4,1,4,4,4,1,1,1,1
4,19,35,0.00025175936752930284,0,0,3,4,1,5,4,5,1,1,1,1
4,19,36,0.04416874423623085,0,0,3,5,1,1,4,1,1,2,1,2
4,19,40,0.9470970034599304,0,0,3,5,1,5,4,5,1,2,1,2
4,19,42,8.172583329724148e-05,0,1,3,6,1,2,4,0,1,0,1,1
4,19,43,6.523494084831327e-05,0,1,3,6,1,3,4,0,1,0,1,1
4,19,46,2.5075823941733688e-05,0,1,3,6,1,6,4,0,1,0,1,1
4,19,47,2.6811805582838133e-05,0,2,3,7,1,0,4,0,1,0,1,4
4,20,1,0.0023926992435008287,0,0,3,3,2,1,4,1,1,1,1,1
4,20,4,0.0019401379395276308,0,0,3,3,2,4,4,1,1,1,1,1
4,20,5,0.0024371433537453413,0,0,3,3,2,5,4,1,1,1,1,1
4,20,6,0.0003544100618455559,0,0,3,3,2,6,4,1,1,1,1,1
4,20,9,0.005528434179723263,0,0,3,3,2,3,4,2,1,1,1,1
4,20,10,0.011354722082614899,0,0,3,3,2,4,4,2,1,1,1,1
4,20,12,0.0036954358220100403,0,0,3,3,2,6,4,2,1,1,1,1
4,20,15,0.00012330955360084772,0,0,3,3,2,3,4,3,1,1,1,1
4,20,18,0.0006542907212860882,0,0,3,3,2,6,4,3,1,1,1,1
4,20,21,3.2430412829853594e-05,0,0,3,3,2,3,4,4,1,1,1,1
4,20,23,0.0010214821668341756,0,0,3,3,2,5,4,4,1,1,1,1
4,20,24,0.002839402062818408,0,0,3,3,2,6,4,4,1,1,1,1
4,20,25,0.00031666207360103726,0,0,3,3,2,1,4,5,1,1,1,1
4,20,28,0.0002384326799074188,0,0,3,3,2,4,4,5,1,1,1,1
4,20,30,5.1357441407162696e-05,0,0,3,3,2,6,4,5,1,1,1,1
4,20,31,0.0002960513229481876,0,0,3,4,2,1,4,1,1,1,1,1
4,20,34,0.001750568044371903,0,0,3,4,2,4,4,4,1,1,1,1
4,20,35,0.0004568959993775934,0,0,3,4,2,5,4,5,1,1,1,1
4,20,36,0.11106733977794647,0,0,3,5,2,1,4,1,1,2,1,2
4,20,40,0.8524019122123718,0,0,3,5,2,5,4,5,1,2,1,2
4,20,42,0.0007166711147874594,0,1,3,6,2,2,4,0,1,0,1,1
4,20,43,0.00020985837909393013,0,1,3,6,2,3,4,0,1,0,1,1
4,20,46,5.2424285968299955e-05,0,1,3,6,2,6,4,0,1,0,1,1
4,20,47,6.786591256968677e-05,0,2,3,7,2,0,4,0,1,0,1,4
4,22,1,0.03758823871612549,0,0,3,3,4,1,4,1,1,1,1,1
4,22,4,0.00715788546949625,0,0,3,3,4,4,4,1,1,1,1,1
4,22,5,0.029612116515636444,0,0,3,3,4,5,4,1,1,1,1,1
4,22,6,0.0010076616890728474,0,0,3,3,4,6,4,1,1,1,1,1
4,22,9,0.00460509117692709,0,0,3,3,4,3,4,2,1,1,1,1
4,22,10,0.002773481886833906,0,0,3,3,4,4,4,2,1,1,1,1
4,22,12,0.0030026910826563835,0,0,3,3,4,6,4,2,1,1,1,1
4,22,15,0.00033469023765064776,0,0,3,3,4,3,4,3,1,1,1,1
4,22,18,0.0012343531707301736,0,0,3,3,4,6,4,3,1,1,1,1
4,22,21,7.988909783307463e-05,0,0,3,3,4,3,4,4,1,1,1,1
4,22,23,0.004160591866821051,0,0,3,3,4,5,4,4,1,1,1,1
4,22,24,0.002879194915294647,0,0,3,3,4,6,4,4,1,1,1,1
4,22,25,0.0014832924352958798,0,0,3,3,4,1,4,5,1,1,1,1
4,22,28,0.00021101794845890254,0,0,3,3,4,4,4,5,1,1,1,1
4,22,30,0.00041612665518186986,0,0,3,3,4,6,4,5,1,1,1,1
4,22,31,0.0012728056171908975,0,0,3,4,4,1,4,1,1,1,1,1
4,22,34,0.0010476770112290978,0,0,3,4,4,4,4,4,1,1,1,1
4,22,35,0.0031000019516795874,0,0,3,4,4,5,4,5,1,1,1,1
4,22,36,0.3792153596878052,0,0,3,5,4,1,4,1,1,2,1,2
4,22,40,0.4860588014125824,0,0,3,5,4,5,4,5,1,2,1,2
4,22,42,0.027920151129364967,0,1,3,6,4,2,4,0,1,0,1,1
4,22,43,0.0024710295256227255,0,1,3,6,4,3,4,0,1,0,1,1
4,22,46,0.0014271920081228018,0,1,3,6,4,6,4,0,1,0,1,1
4,22,47,0.0009410706115886569,0,2,3,7,4,0,4,0,1,0,1,4
4,26,1,0.011410241946578026,0,0,3,3,2,1,5,1,1,1,1,1
4,26,4,0.007244776468724012,0,0,3,3,2,4,5,1,1,1,1,1
4,26,5,0.024075623601675034,0,0,3,3,2,5,5,1,1,1,1,1
4,26,6,0.0046999831683933735,0,0,3,3,2,6,5,1,1,1,1,1
4,26,9,0.06743356585502625,0,0,3,3,2,3,5,2,1,1,1,1
4,26,10,0.05725210905075073,0,0,3,3,2,4,5,2,1,1,1,1
4,26,12,0.05555543303489685,0,0,3,3,2,6,5,2,1,1,1,1
4,26,15,0.012279259040951729,0,0,3,3,2,3,5,3,1,1,1,1
4,26,18,0.057953231036663055,0,0,3,3,2,6,5,3,1,1,1,1
4,26,21,0.006492955144494772,0,0,3,3,2,3,5,4,1,1,1,1
4,26,23,0.030536072328686714,0,0,3,3,2,5,5,4,1,1,1,1
4,26,24,0.12908080220222473,0,0,3,3,2,6,5,4,1,1,1,1
4,26,25,0.02830428257584572,0,0,3,3,2,1,5,5,1,1,1,1
4,26,28,0.008031455799937248,0,0,3,3,2,4,5,5,1,1,1,1
4,26,30,0.007159071508795023,0,0,3,3,2,6,5,5,1,1,1,1
4,26,31,0.011259036138653755,0,0,3,4,2,1,5,1,1,1,1,1
4,26,34,0.035978253930807114,0,0,3,4,2,4,5,4,1,1,1,1
4,26,35,0.010784532874822617,0,0,3,4,2,5,5,5,1,1,1,1
4,26,36,0.05331096425652504,0,0,3,5,2,1,5,1,1,2,1,2
4,26,40,0.25183191895484924,0,0,3,5,2,5,5,5,1,2,1,2
4,26,42,0.019997062161564827,0,1,3,6,2,2,5,0,1,0,1,1
4,26,43,0.08088882267475128,0,1,3,6,2,3,5,0,1,0,1,1
4,26,46,0.024570545181632042,0,1,3,6,2,6,5,0,1,0,1,1
4,26,47,0.0038701756857335567,0,2,3,7,2,0,5,0,1,0,1,4
4,27,1,0.01638246700167656,0,0,3,3,3,1,5,1,1,1,1,1
4,27,4,0.011203555390238762,0,0,3,3,3,4,5,1,1,1,1,1
4,27,5,0.056782715022563934,0,0,3,3,3,5,5,1,1,1,1,1
4,27,6,0.013288907706737518,0,0,3,3,3,6,5,1,1,1,1,1
4,27,9,0.020737335085868835,0,0,3,3,3,3,5,2,1,1,1,1
4,27,10,0.00885178055614233,0,0,3,3,3,4,5,2,1,1,1,1
4,27,12,0.034974485635757446,0,0,3,3,3,6,5,2,1,1,1,1
4,27,15,0.018178192898631096,0,0,3,3,3,3,5,3,1,1,1,1
4,27,18,0.09522467106580734,0,0,3,3,3,6,5,3,1,1,1,1
4,27,21,0.01737327128648758,0,0,3,3,3,3,5,4,1,1,1,1
4,27,23,0.0932106301188469,0,0,3,3,3,5,5,4,1,1,1,1
4,27,24,0.1520075798034668,0,0,3,3,3,6,5,4,1,1,1,1
4,27,25,0.026482077315449715,0,0,3,3,3,1,5,5,1,1,1,1
4,27,28,0.016489621251821518,0,0,3,3,3,4,5,5,1,1,1,1
4,27,30,0.054723892360925674,0,0,3,3,3,6,5,5,1,1,1,1
4,27,31,0.0029746436048299074,0,0,3,4,3,1,5,1,1,1,1,1
4,27,34,0.018122093752026558,0,0,3,4,3,4,5,4,1,1,1,1
4,27,35,0.023172546178102493,0,0,3,4,3,5,5,5,1,1,1,1
4,27,36,0.021867185831069946,0,0,3,5,3,1,5,1,1,2,1,2
4,27,40,0.09482089430093765,0,0,3,5,3,5,5,5,1,2,1,2
4,27,42,0.018913578242063522,0,1,3,6,3,2,5,0,1,0,1,1
4,27,43,0.082372285425663,0,1,3,6,3,3,5,0,1,0,1,1
4,27,46,0.09208930283784866,0,1,3,6,3,6,5,0,1,0,1,1
4,27,47,0.009756061248481274,0,2,3,7,3,0,5,0,1,0,1,4
4,29,1,0.11859207600355148,0,0,3,3,5,1,5,1,1,1,1,1
4,29,4,0.021078042685985565,0,0,3,3,5,4,5,1,1,1,1,1
4,29,5,0.039992041885852814,0,0,3,3,5,5,5,1,1,1,1,1
4,29,6,0.010903898626565933,0,0,3,3,5,6,5,1,1,1,1,1
4,29,9,0.02880694903433323,0,0,3,3,5,3,5,2,1,1,1,1
4,29,10,0.01985909603536129,0,0,3,3,5,4,5,2,1,1,1,1
4,29,12,0.03275220841169357,0,0,3,3,5,6,5,2,1,1,1,1
4,29,15,0.02564019151031971,0,0,3,3,5,3,5,3,1,1,1,1
4,29,18,0.04181898385286331,0,0,3,3,5,6,5,3,1,1,1,1
4,29,21,0.022680839523673058,0,0,3,3,5,3,5,4,1,1,1,1
4,29,23,0.07856202125549316,0,0,3,3,5,5,5,4,1,1,1,1
4,29,24,0.0741351991891861,0,0,3,3,5,6,5,4,1,1,1,1
4,29,25,0.10875172168016434,0,0,3,3,5,1,5,5,1,1,1,1
4,29,28,0.010714735835790634,0,0,3,3,5,4,5,5,1,1,1,1
4,29,30,0.04618139564990997,0,0,3,3,5,6,5,5,1,1,1,1
4,29,31,0.009283133782446384,0,0,3,4,5,1,5,1,1,1,1,1
4,29,34,0.03689756616950035,0,0,3,4,5,4,5,4,1,1,1,1
4,29,35,0.017039190977811813,0,0,3,4,5,5,5,5,1,1,1,1
4,29,36,0.06815820187330246,0,0,3,5,5,1,5,1,1,2,1,2
4,29,40,0.008692883886396885,0,0,3,5,5,5,5,5,1,2,1,2
4,29,42,0.05341193452477455,0,1,3,6,5,2,5,0,1,0,1,1
4,29,43,0.06745714694261551,0,1,3,6,5,3,5,0,1,0,1,1
4,29,46,0.049940064549446106,0,1,3,6,5,6,5,0,1,0,1,1
4,29,47,0.008650556206703186,0,2,3,7,5,0,5,0,1,0,1,4
4,32,1,0.0011131144128739834,0,0,4,3,2,1,2,1,1,1,1,1
4,32,4,0.0015204137889668345,0,0,4,3,2,4,2,1,1,1,1,1
4,32,5,0.0011338937329128385,0,0,4,3,2,5,2,1,1,1,1,1
4,32,6,0.0002664827334228903,0,0,4,3,2,6,2,1,1,1,1,1
4,32,9,0.019261574372649193,0,0,4,3,2,3,2,2,1,1,1,1
4,32,10,0.4170999228954315,0,0,4,3,2,4,2,2,1,1,1,1
4,32,12,0.01784772425889969,0,0,4,3,2,6,2,2,1,1,1,1
4,32,15,0.0006717222277075052,0,0,4,3,2,3,2,3,1,1,1,1
4,32,18,0.0021004776936024427,0,0,4,3,2,6,2,3,1,1,1,1
4,32,21,5.0838592869695276e-05,0,0,4,3,2,3,2,4,1,1,1,1
4,32,23,0.0007180676329880953,0,0,4,3,2,5,2,4,1,1,1,1
4,32,24,0.002149123465642333,0,0,4,3,2,6,2,4,1,1,1,1
4,32,25,0.003173916367813945,0,0,4,3,2,1,2,5,1,1,1,1
4,32,28,0.003980500623583794,0,0,4,3,2,4,2,5,1,1,1,1
4,32,30,0.00013401902106124908,0,0,4,3,2,6,2,5,1,1,1,1
4,32,31,0.0006468977080658078,0,0,4,4,2,1,2,1,1,1,1,1
4,32,34,0.0019337291596457362,0,0,4,4,2,4,2,4,1,1,1,1
4,32,35,0.0003942351904697716,0,0,4,4,2,5,2,5,1,1,1,1
4,32,36,0.0293333288282156,0,0,4,5,2,1,2,1,1,2,1,2
4,32,40,0.4892284870147705,0,0,4,5,2,5,2,5,1,2,1,2
4,32,42,0.0019854309502989054,0,1,4,6,2,2,2,0,1,0,1,1
4,32,43,0.004268995486199856,0,1,4,6,2,3,2,0,1,0,1,1
4,32,46,0.0007981957169249654,0,1,4,6,2,6,2,0,1,0,1,1
4,32,47,0.00018895430548582226,0,2,4,7,2,0,2,0,1,0,1,4
4,33,1,0.0011024257401004434,0,0,4,3,3,1,3,1,1,1,1,1
4,33,4,0.002667513908818364,0,0,4,3,3,4,3,1,1,1,1,1
4,33,5,0.00871842261403799,0,0,4,3,3,5,3,1,1,1,1,1
4,33,6,0.00467014592140913,0,0,4,3,3,6,3,1,1,1,1,1
4,33,9,0.0020091196056455374,0,0,4,3,3,3,3,2,1,1,1,1
4,33,10,0.005826407112181187,0,0,4,3,3,4,3,2,1,1,1,1
4,33,12,0.0038636624813079834,0,0,4,3,3,6,3,2,1,1,1,1
4,33,15,0.0005886959843337536,0,0,4,3,3,3,3,3,1,1,1,1
4,33,18,0.0028182712849229574,0,0,4,3,3,6,3,3,1,1,1,1
4,33,21,5.1272480050101876e-05,0,0,4,3,3,3,3,4,1,1,1,1
4,33,23,0.0013381841126829386,0,0,4,3,3,5,3,4,1,1,1,1
4,33,24,0.0010530854342505336,0,0,4,3,3,6,3,4,1,1,1,1
4,33,25,0.0009017378324642777,0,0,4,3,3,1,3,5,1,1,1,1
4,33,28,0.0019022731576114893,0,0,4,3,3,4,3,5,1,1,1,1
4,33,30,0.001798515790142119,0,0,4,3,3,6,3,5,1,1,1,1
4,33,31,0.0002373501192778349,0,0,4,4,3,1,3,1,1,1,1,1
4,33,34,0.00029610865749418736,0,0,4,4,3,4,3,4,1,1,1,1
4,33,35,0.002485132310539484,0,0,4,4,3,5,3,5,1,1,1,1
4,33,36,0.011844756081700325,0,0,4,5,3,1,3,1,1,2,1,2
4,33,40,0.9433293342590332,0,0,4,5,3,5,3,5,1,2,1,2
4,33,42,0.0009104965720325708,0,1,4,6,3,2,3,0,1,0,1,1
4,33,43,0.0005472468910738826,0,1,4,6,3,3,3,0,1,0,1,1
4,33,46,0.0008975756936706603,0,1,4,6,3,6,3,0,1,0,1,1
4,33,47,0.00014205755724105984,0,2,4,7,3,0,3,0,1,0,1,4
4,37,1,0.0035020282957702875,0,0,5,3,2,1,2,1,2,1,2,1
4,37,4,0.003867712337523699,0,0,5,3,2,4,2,1,2,1,2,1
4,37,5,6.918423605384305e-05,0,0,5,3,2,5,2,1,2,1,2,1
4,37,6,8.48653435241431e-05,0,0,5,3,2,6,2,1,2,1,2,1
4,37,9,0.001391622587107122,0,0,5,3,2,3,2,2,2,1,2,1
4,37,10,0.8260825276374817,0,0,5,3,2,4,2,2,2,1,2,1
4,37,12,0.0028809253126382828,0,0,5,3,2,6,2,2,2,1,2,1
4,37,15,0.0003718736697919667,0,0,5,3,2,3,2,3,2,1,2,1
4,37,18,0.0001043849770212546,0,0,5,3,2,6,2,3,2,1,2,1
4,37,21,6.120504986029118e-05,0,0,5,3,2,3,2,4,2,1,2,1
4,37,23,0.0001788041990948841,0,0,5,3,2,5,2,4,2,1,2,1
4,37,24,0.00021710757573600858,0,0,5,3,2,6,2,4,2,1,2,1
4,37,25,0.0010778772411867976,0,0,5,3,2,1,2,5,2,1,2,1
4,37,28,0.0011396860936656594,0,0,5,3,2,4,2,5,2,1,2,1
4,37,30,2.461256826791214e-06,0,0,5,3,2,6,2,5,2,1,2,1
4,37,31,0.0001253918162547052,0,0,5,4,2,1,2,1,2,1,2,1
4,37,34,0.003058585338294506,0,0,5,4,2,4,2,4,2,1,2,1
4,37,35,3.22247069561854e-06,0,0,5,4,2,5,2,5,2,1,2,1
4,37,36,0.1537977010011673,0,0,5,5,2,1,2,1,2,2,2,2
4,37,40,0.0005891587934456766,0,0,5,5,2,5,2,5,2,2,2,2
4,37,42,0.0007817256264388561,0,1,5,6,2,2,2,0,2,0,2,1
4,37,43,0.0005595841794274747,0,1,5,6,2,3,2,0,2,0,2,1
4,37,46,5.994708772050217e-06,0,1,5,6,2,6,2,0,2,0,2,1
4,37,47,4.611221811501309e-05,0,2,5,7,2,0,2,0,2,0,2,4
4,38,1,0.051275357604026794,0,0,5,3,3,1,3,1,2,1,2,1
4,38,4,0.028348196297883987,0,0,5,3,3,4,3,1,2,1,2,1
4,38,5,0.010812065564095974,0,0,5,3,3,5,3,1,2,1,2,1
4,38,6,0.01866234466433525,0,0,5,3,3,6,3,1,2,1,2,1
4,38,9,0.018976900726556778,0,0,5,3,3,3,3,2,2,1,2,1
4,38,10,0.12468050420284271,0,0,5,3,3,4,3,2,2,1,2,1
4,38,12,0.034641556441783905,0,0,5,3,3,6,3,2,2,1,2,1
4,38,15,0.01141793467104435,0,0,5,3,3,3,3,3,2,1,2,1
4,38,18,0.012685948051512241,0,0,5,3,3,6,3,3,2,1,2,1
4,38,21,0.006215956062078476,0,0,5,3,3,3,3,4,2,1,2,1
4,38,23,0.017787769436836243,0,0,5,3,3,5,3,4,2,1,2,1
4,38,24,0.02088255248963833,0,0,5,3,3,6,3,4,2,1,2,1
4,38,25,0.021211158484220505,0,0,5,3,3,1,3,5,2,1,2,1
4,38,28,0.02539314143359661,0,0,5,3,3,4,3,5,2,1,2,1
4,38,30,0.006973694544285536,0,0,5,3,3,6,3,5,2,1,2,1
4,38,31,0.0036293340381234884,0,0,5,4,3,1,3,1,2,1,2,1
4,38,34,0.03726540133357048,0,0,5,4,3,4,3,4,2,1,2,1
4,38,35,0.00715041346848011,0,0,5,4,3,5,3,5,2,1,2,1
4,38,36,0.3954060673713684,0,0,5,5,3,1,3,1,2,2,2,2
4,38,40,0.07757006585597992,0,0,5,5,3,5,3,5,2,2,2,2
4,38,42,0.038688212633132935,0,1,5,6,3,2,3,0,2,0,2,1
4,38,43,0.014187830500304699,0,1,5,6,3,3,3,0,2,0,2,1
4,38,46,0.0074675427749753,0,1,5,6,3,6,3,0,2,0,2,1
4,38,47,0.00867031142115593,0,2,5,7,3,0,3,0,2,0,2,4
4,39,1,0.06488364189863205,0,0,5,3,4,1,4,1,2,1,2,1
4,39,4,0.0056399991735816,0,0,5,3,4,4,4,1,2,1,2,1
4,39,5,0.00019773263193201274,0,0,5,3,4,5,4,1,2,1,2,1
4,39,6,4.807824007002637e-05,0,0,5,3,4,6,4,1,2,1,2,1
4,39,9,0.013872779905796051,0,0,5,3,4,3,4,2,2,1,2,1
4,39,10,0.16210652887821198,0,0,5,3,4,4,4,2,2,1,2,1
4,39,12,0.0035873872693628073,0,0,5,3,4,6,4,2,2,1,2,1
4,39,15,0.0010306043550372124,0,0,5,3,4,3,4,3,2,1,2,1
4,39,18,8.862305548973382e-05,0,0,5,3,4,6,4,3,2,1,2,1
4,39,21,0.0005953738582320511,0,0,5,3,4,3,4,4,2,1,2,1
4,39,23,0.0016446581576019526,0,0,5,3,4,5,4,4,2,1,2,1
4,39,24,0.001048591686412692,0,0,5,3,4,6,4,4,2,1,2,1
4,39,25,0.0011870770249515772,0,0,5,3,4,1,4,5,2,1,2,1
4,39,28,0.00012580266047734767,0,0,5,3,4,4,4,5,2,1,2,1
4,39,30,1.9362842067494057e-06,0,0,5,3,4,6,4,5,2,1,2,1
4,39,31,0.0031062213238328695,0,0,5,4,4,1,4,1,2,1,2,1
4,39,34,0.053951263427734375,0,0,5,4,4,4,4,4,2,1,2,1
4,39,35,1.899745620903559e-05,0,0,5,4,4,5,4,5,2,1,2,1
4,39,36,0.6711212992668152,0,0,5,5,4,1,4,1,2,2,2,2
4,39,40,0.0002024606947088614,0,0,5,5,4,5,4,5,2,2,2,2
4,39,42,0.01126609556376934,0,1,5,6,4,2,4,0,2,0,2,1
4,39,43,0.00196803524158895,0,1,5,6,4,3,4,0,2,0,2,1
4,39,46,2.04947773454478e-05,0,1,5,6,4,6,4,0,2,0,2,1
4,39,47,0.0022864791098982096,0,2,5,7,4,0,4,0,2,0,2,4
4,41,1,1.9800820609816583e-06,1,0,6,3,1,1,0,1,0,1,1,1
4,41,4,7.86494420026429e-05,1,0,6,3,1,4,0,1,0,1,1,1
4,41,5,0.0001617198286112398,1,0,6,3,1,5,0,1,0,1,1,1
4,41,6,0.0008365220273844898,1,0,6,3,1,6,0,1,0,1,1,1
4,41,9,0.002681395271793008,1,0,6,3,1,3,0,2,0,1,1,1
4,41,10,8.63068999024108e-05,1,0,6,3,1,4,0,2,0,1,1,1
4,41,12,0.0019650862086564302,1,0,6,3,1,6,0,2,0,1,1,1
4,41,15,0.00016272799985017627,1,0,6,3,1,3,0,3,0,1,1,1
4,41,18,0.0005271246773190796,1,0,6,3,1,6,0,3,0,1,1,1
4,41,21,0.00039435303187929094,1,0,6,3,1,3,0,4,0,1,1,1
4,41,23,0.00024853137438185513,1,0,6,3,1,5,0,4,0,1,1,1
4,41,24,0.007520206738263369,1,0,6,3,1,6,0,4,0,1,1,1
4,41,25,1.9642846382339485e-05,1,0,6,3,1,1,0,5,0,1,1,1
4,41,28,0.0010647668968886137,1,0,6,3,1,4,0,5,0,1,1,1
4,41,30,0.0009568852838128805,1,0,6,3,1,6,0,5,0,1,1,1
4,41,31,0.0001723536115605384,1,0,6,4,1,1,0,1,0,1,1,1
4,41,34,0.0008691172115504742,1,0,6,4,1,4,0,4,0,1,1,1
4,41,35,0.006257050205022097,1,0,6,4,1,5,0,5,0,1,1,1
4,41,36,5.871538451174274e-05,1,0,6,5,1,1,0,1,0,2,1,2
4,41,40,0.9758289456367493,1,0,6,5,1,5,0,5,0,2,1,2
4,41,42,7.749771953058371e-07,1,1,6,6,1,2,0,0,0,0,1,1
4,41,43,1.544601582281757e-05,1,1,6,6,1,3,0,0,0,0,1,1
4,41,46,5.0819580792449415e-05,1,1,6,6,1,6,0,0,0,0,1,1
4,41,47,4.1668954509077594e-05,1,2,6,7,1,0,0,0,0,0,1,4
4,44,1,0.0003696443163789809,1,0,6,3,4,1,0,1,0,1,1,1
4,44,4,0.002229576464742422,1,0,6,3,4,4,0,1,0,1,1,1
4,44,5,0.0035121154505759478,1,0,6,3,4,5,0,1,0,1,1,1
4,44,6,0.008285192772746086,1,0,6,3,4,6,0,1,0,1,1,1
4,44,9,0.004427697043865919,1,0,6,3,4,3,0,2,0,1,1,1
4,44,10,5.9255791711620986e-05,1,0,6,3,4,4,0,2,0,1,1,1
4,44,12,0.0026985902804881334,1,0,6,3,4,6,0,2,0,1,1,1
4,44,15,0.0008811633451841772,1,0,6,3,4,3,0,3,0,1,1,1
4,44,18,0.004098308738321066,1,0,6,3,4,6,0,3,0,1,1,1
4,44,21,0.0004937947960570455,1,0,6,3,4,3,0,4,0,1,1,1
4,44,23,0.001008712570182979,1,0,6,3,4,5,0,4,0,1,1,1
4,44,24,0.00584271177649498,1,0,6,3,4,6,0,4,0,1,1,1
4,44,25,0.0001295589900109917,1,0,6,3,4,1,0,5,0,1,1,1
4,44,28,0.0003800062695518136,1,0,6,3,4,4,0,5,0,1,1,1
4,44,30,0.007239071186631918,1,0,6,3,4,6,0,5,0,1,1,1
4,44,31,0.0009630918502807617,1,0,6,4,4,1,0,1,0,1,1,1
4,44,34,0.0011604558676481247,1,0,6,4,4,4,0,4,0,1,1,1
4,44,35,0.031699638813734055,1,0,6,4,4,5,0,5,0,1,1,1
4,44,36,0.000799743109382689,1,0,6,5,4,1,0,1,0,2,1,2
4,44,40,0.9229697585105896,1,0,6,5,4,5,0,5,0,2,1,2
4,44,42,0.00013528531417250633,1,1,6,6,4,2,0,0,0,0,1,1
4,44,43,3.095382999163121e-05,1,1,6,6,4,3,0,0,0,0,1,1
4,44,46,0.00044329758384265006,1,1,6,6,4,6,0,0,0,0,1,1
4,44,47,0.00014210982772056013,1,2,6,7,4,0,0,0,0,0,1,4
4,45,1,0.0015320198144763708,1,0,6,3,5,1,0,1,0,1,1,1
4,45,4,0.004322326276451349,1,0,6,3,5,4,0,1,0,1,1,1
4,45,5,0.003490049159154296,1,0,6,3,5,5,0,1,0,1,1,1
4,45,6,0.02294536679983139,1,0,6,3,5,6,0,1,0,1,1,1
4,45,9,0.11945785582065582,1,0,6,3,5,3,0,2,0,1,1,1
4,45,10,0.0054918257519602776,1,0,6,3,5,4,0,2,0,1,1,1
4,45,12,0.05997698754072189,1,0,6,3,5,6,0,2,0,1,1,1
4,45,15,0.07776742428541183,1,0,6,3,5,3,0,3,0,1,1,1
4,45,18,0.0395812913775444,1,0,6,3,5,6,0,3,0,1,1,1
4,45,21,0.13195392489433289,1,0,6,3,5,3,0,4,0,1,1,1
4,45,23,0.016345014795660973,1,0,6,3,5,5,0,4,0,1,1,1
4,45,24,0.11200616508722305,1,0,6,3,5,6,0,4,0,1,1,1
4,45,25,0.008883757516741753,1,0,6,3,5,1,0,5,0,1,1,1
4,45,28,0.02679075486958027,1,0,6,3,5,4,0,5,0,1,1,1
4,45,30,0.05587233975529671,1,0,6,3,5,6,0,5,0,1,1,1
4,45,31,0.04539485648274422,1,0,6,4,5,1,0,1,0,1,1,1
4,45,34,0.10457950085401535,1,0,6,4,5,4,0,4,0,1,1,1
4,45,35,0.07359261065721512,1,0,6,4,5,5,0,5,0,1,1,1
4,45,36,0.0011195463594049215,1,0,6,5,5,1,0,1,0,2,1,2
4,45,40,0.039364803582429886,1,0,6,5,5,5,0,5,0,2,1,2
4,45,42,0.0009492302197031677,1,1,6,6,5,2,0,0,0,0,1,1
4,45,43,0.008114623837172985,1,1,6,6,5,3,0,0,0,0,1,1
4,45,46,0.01672462187707424,1,1,6,6,5,6,0,0,0,0,1,1
4,45,47,0.023743275552988052,1,2,6,7,5,0,0,0,0,0,1,4
5,1,0,0.015546407550573349,0,0,3,1,1,0,1,0,1,2,1,4
5,1,2,0.01688104122877121,0,0,3,3,1,2,1,1,1,1,1,1
5,1,3,0.00348910060711205,0,0,3,3,1,3,1,1,1,1,1,1
5,1,7,0.11688737571239471,0,0,3,3,1,1,1,2,1,1,1,1
5,1,8,0.006705414038151503,0,0,3,3,1,2,1,2,1,1,1,1
5,1,11,0.006917442195117474,0,0,3,3,1,5,1,2,1,1,1,1
5,1,13,0.013357967138290405,0,0,3,3,1,1,1,3,1,1,1,1
5,1,14,0.006512686610221863,0,0,3,3,1,2,1,3,1,1,1,1
5,1,16,0.004574649501591921,0,0,3,3,1,4,1,3,1,1,1,1
5,1,17,0.007485467474907637,0,0,3,3,1,5,1,3,1,1,1,1
5,1,19,0.02497708983719349,0,0,3,3,1,1,1,4,1,1,1,1
5,1,20,0.005418859422206879,0,0,3,3,1,2,1,4,1,1,1,1
5,1,22,0.0017202344024553895,0,0,3,3,1,4,1,4,1,1,1,1
5,1,26,0.004203348886221647,0,0,3,3,1,2,1,5,1,1,1,1
5,1,27,0.013642664067447186,0,0,3,3,1,3,1,5,1,1,1,1
5,1,29,0.0015856133541092277,0,0,3,3,1,5,1,5,1,1,1,1
5,1,32,0.22977301478385925,0,0,3,4,1,2,1,2,1,1,1,1
5,1,33,0.04215144366025925,0,0,3,4,1,3,1,3,1,1,1,1
5,1,37,0.03824645280838013,0,0,3,5,1,2,1,2,1,2,1,2
5,1,38,0.36568573117256165,0,0,3,5,1,3,1,3,1,2,1,2
5,1,39,0.02289409190416336,0,0,3,5,1,4,1,4,1,2,1,2
5,1,41,0.03544588387012482,0,1,3,6,1,1,1,0,1,0,1,1
5,1,44,0.01064751110970974,0,1,3,6,1,4,1,0,1,0,1,1
5,1,45,0.005250777117908001,0,1,3,6,1,5,1,0,1,0,1,1
5,4,0,2.9208320484030992e-05,0,0,3,1,4,0,1,0,1,2,1,4
5,4,2,0.00038391543785110116,0,0,3,3,4,2,1,1,1,1,1,1
5,4,3,2.4987992219394073e-05,0,0,3,3,4,3,1,1,1,1,1,1
5,4,7,0.015444849617779255,0,0,3,3,4,1,1,2,1,1,1,1
5,4,8,0.00014117172395344824,0,0,3,3,4,2,1,2,1,1,1,1
5,4,11,0.0003718892694450915,0,0,3,3,4,5,1,2,1,1,1,1
5,4,13,0.00030408211750909686,0,0,3,3,4,1,1,3,1,1,1,1
5,4,14,2.0011841115774587e-05,0,0,3,3,4,2,1,3,1,1,1,1
5,4,16,6.568684511876199e-06,0,0,3,3,4,4,1,3,1,1,1,1
5,4,17,2.3529377358499914e-05,0,0,3,3,4,5,1,3,1,1,1,1
5,4,19,0.00035381782799959183,0,0,3,3,4,1,1,4,1,1,1,1
5,4,20,3.445245965849608e-05,0,0,3,3,4,2,1,4,1,1,1,1
5,4,22,6.403872248483822e-06,0,0,3,3,4,4,1,4,1,1,1,1
5,4,26,2.2825540781923337e-06,0,0,3,3,4,2,1,5,1,1,1,1
5,4,27,2.288057112309616e-05,0,0,3,3,4,3,1,5,1,1,1,1
5,4,29,4.9553659664525185e-06,0,0,3,3,4,5,1,5,1,1,1,1
5,4,32,0.9766218066215515,0,0,3,4,4,2,1,2,1,1,1,1
5,4,33,0.0026934207417070866,0,0,3,4,4,3,1,3,1,1,1,1
5,4,37,0.000316115707391873,0,0,3,5,4,2,1,2,1,2,1,2
5,4,38,0.001353877130895853,0,0,3,5,4,3,1,3,1,2,1,2
5,4,39,5.629788574879058e-06,0,0,3,5,4,4,1,4,1,2,1,2
5,4,41,0.0015208205441012979,0,1,3,6,4,1,1,0,1,0,1,1
5,4,44,0.00013476895401254296,0,1,3,6,4,4,1,0,1,0,1,1
5,4,45,0.00017912781913764775,0,1,3,6,4,5,1,0,1,0,1,1
5,5,0,0.010842325165867805,0,0,3,1,5,0,1,0,1,2,1,4
5,5,2,0.005598411429673433,0,0,3,3,5,2,1,1,1,1,1,1
5,5,3,0.0026702331379055977,0,0,3,3,5,3,1,1,1,1,1,1
5,5,7,0.006315683014690876,0,0,3,3,5,1,1,2,1,1,1,1
5,5,8,0.0004808587545994669,0,0,3,3,5,2,1,2,1,1,1,1
5,5,11,0.003681344445794821,0,0,3,3,5,5,1,2,1,1,1,1
5,5,13,0.00814111065119505,0,0,3,3,5,1,1,3,1,1,1,1
5,5,14,0.0012437391560524702,0,0,3,3,5,2,1,3,1,1,1,1
5,5,16,0.00040763014112599194,0,0,3,3,5,4,1,3,1,1,1,1
5,5,17,0.0009463911992497742,0,0,3,3,5,5,1,3,1,1,1,1
5,5,19,0.0035606464371085167,0,0,3,3,5,1,1,4,1,1,1,1
5,5,20,0.0033939084969460964,0,0,3,3,5,2,1,4,1,1,1,1
5,5,22,0.00022039038594812155,0,0,3,3,5,4,1,4,1,1,1,1
5,5,26,0.00032775953877717257,0,0,3,3,5,2,1,5,1,1,1,1
5,5,27,0.0049908822402358055,0,0,3,3,5,3,1,5,1,1,1,1
5,5,29,0.0009066727361641824,0,0,3,3,5,5,1,5,1,1,1,1
5,5,32,0.46157196164131165,0,0,3,4,5,2,1,2,1,1,1,1
5,5,33,0.04251978173851967,0,0,3,4,5,3,1,3,1,1,1,1
5,5,37,0.01333115715533495,0,0,3,5,5,2,1,2,1,2,1,2
5,5,38,0.4019485414028168,0,0,3,5,5,3,1,3,1,2,1,2
5,5,39,0.012630621902644634,0,0,3,5,5,4,1,4,1,2,1,2
5,5,41,0.010031517595052719,0,1,3,6,5,1,1,0,1,0,1,1
5,5,44,0.003160401014611125,0,1,3,6,5,4,1,0,1,0,1,1
5,5,45,0.0010781673481687903,0,1,3,6,5,5,1,0,1,0,1,1
5,6,0,0.00035338790621608496,0,0,3,1,6,0,1,0,1,2,1,4
5,6,2,0.020899441093206406,0,0,3,3,6,2,1,1,1,1,1,1
5,6,3,0.01872788928449154,0,0,3,3,6,3,1,1,1,1,1,1
5,6,7,0.06498545408248901,0,0,3,3,6,1,1,2,1,1,1,1
5,6,8,0.0024363056290894747,0,0,3,3,6,2,1,2,1,1,1,1
5,6,11,0.0035150873009115458,0,0,3,3,6,5,1,2,1,1,1,1
5,6,13,0.02095690555870533,0,0,3,3,6,1,1,3,1,1,1,1
5,6,14,0.03347142040729523,0,0,3,3,6,2,1,3,1,1,1,1
5,6,16,0.01362541876733303,0,0,3,3,6,4,1,3,1,1,1,1
5,6,17,0.009936461225152016,0,0,3,3,6,5,1,3,1,1,1,1
5,6,19,0.004253847524523735,0,0,3,3,6,1,1,4,1,1,1,1
5,6,20,0.002993935951963067,0,0,3,3,6,2,1,4,1,1,1,1
5,6,22,0.00033735885517671704,0,0,3,3,6,4,1,4,1,1,1,1
5,6,26,0.0157588180154562,0,0,3,3,6,2,1,5,1,1,1,1
5,6,27,0.1720300167798996,0,0,3,3,6,3,1,5,1,1,1,1
5,6,29,0.013923294842243195,0,0,3,3,6,5,1,5,1,1,1,1
5,6,32,0.3741493821144104,0,0,3,4,6,2,1,2,1,1,1,1
5,6,33,0.11013347655534744,0,0,3,4,6,3,1,3,1,1,1,1
5,6,37,0.0015433826483786106,0,0,3,5,6,2,1,2,1,2,1,2
5,6,38,0.08887765556573868,0,0,3,5,6,3,1,3,1,2,1,2
5,6,39,0.017278578132390976,0,0,3,5,6,4,1,4,1,2,1,2
5,6,41,0.007614294532686472,0,1,3,6,6,1,1,0,1,0,1,1
5,6,44,0.001674504717811942,0,1,3,6,6,4,1,0,1,0,1,1
5,6,45,0.0005236434517428279,0,1,3,6,6,5,1,0,1,0,1,1
5,9,0,0.3684338927268982,0,0,3,1,3,0,2,0,1,2,1,4
5,9,2,0.00037508219247683883,0,0,3,3,3,2,2,1,1,1,1,1
5,9,3,0.0011456896318122745,0,0,3,3,3,3,2,1,1,1,1,1
5,9,7,6.275894702412188e-05,0,0,3,3,3,1,2,2,1,1,1,1
5,9,8,6.138790195109323e-05,0,0,3,3,3,2,2,2,1,1,1,1
5,9,11,8.35050959722139e-05,0,0,3,3,3,5,2,2,1,1,1,1
5,9,13,0.0012924820184707642,0,0,3,3,3,1,2,3,1,1,1,1
5,9,14,0.0006093660485930741,0,0,3,3,3,2,2,3,1,1,1,1
5,9,16,0.0009676998597569764,0,0,3,3,3,4,2,3,1,1,1,1
5,9,17,0.00041411560960114,0,0,3,3,3,5,2,3,1,1,1,1
5,9,19,0.001333489315584302,0,0,3,3,3,1,2,4,1,1,1,1
5,9,20,0.0015699968207627535,0,0,3,3,3,2,2,4,1,1,1,1
5,9,22,0.0018336024368181825,0,0,3,3,3,4,2,4,1,1,1,1
5,9,26,0.001382228103466332,0,0,3,3,3,2,2,5,1,1,1,1
5,9,27,0.0025384060572832823,0,0,3,3,3,3,2,5,1,1,1,1
5,9,29,0.0003146019298583269,0,0,3,3,3,5,2,5,1,1,1,1
5,9,32,9.279253572458401e-05,0,0,3,4,3,2,2,2,1,1,1,1
5,9,33,0.0005063294665887952,0,0,3,4,3,3,2,3,1,1,1,1
5,9,37,0.008439118973910809,0,0,3,5,3,2,2,2,1,2,1,2
5,9,38,0.2698565423488617,0,0,3,5,3,3,2,3,1,2,1,2
5,9,39,0.3382202982902527,0,0,3,5,3,4,2,4,1,2,1,2
5,9,41,0.00011239494779147208,0,1,3,6,3,1,2,0,1,0,1,1
5,9,44,0.000319741724524647,0,1,3,6,3,4,2,0,1,0,1,1
5,9,45,3.458492938079871e-05,0,1,3,6,3,5,2,0,1,0,1,1
5,10,0,0.00019505550153553486,0,0,3,1,4,0,2,0,1,2,1,4
5,10,2,0.0005442913970910013,0,0,3,3,4,2,2,1,1,1,1,1
5,10,3,7.043105870252475e-05,0,0,3,3,4,3,2,1,1,1,1,1
5,10,7,0.0008711237460374832,0,0,3,3,4,1,2,2,1,1,1,1
5,10,8,5.2814328228123486e-05,0,0,3,3,4,2,2,2,1,1,1,1
5,10,11,3.5788503737421706e-05,0,0,3,3,4,5,2,2,1,1,1,1
5,10,13,0.0004686836909968406,0,0,3,3,4,1,2,3,1,1,1,1
5,10,14,0.00012074306869180873,0,0,3,3,4,2,2,3,1,1,1,1
5,10,16,7.45360812288709e-05,0,0,3,3,4,4,2,3,1,1,1,1
5,10,17,0.00018848841136787087,0,0,3,3,4,5,2,3,1,1,1,1
5,10,19,0.0018145194044336677,0,0,3,3,4,1,2,4,1,1,1,1
5,10,20,0.00017323515203315765,0,0,3,3,4,2,2,4,1,1,1,1
5,10,22,2.9387940230662934e-05,0,0,3,3,4,4,2,4,1,1,1,1
5,10,26,3.802972423727624e-05,0,0,3,3,4,2,2,5,1,1,1,1
5,10,27,0.0003460398584138602,0,0,3,3,4,3,2,5,1,1,1,1
5,10,29,3.1721439881948754e-05,0,0,3,3,4,5,2,5,1,1,1,1
5,10,32,0.9446578621864319,0,0,3,4,4,2,2,2,1,1,1,1
5,10,33,0.020092003047466278,0,0,3,4,4,3,2,3,1,1,1,1
5,10,37,0.00032275429111905396,0,0,3,5,4,2,2,2,1,2,1,2
5,10,38,0.028625639155507088,0,0,3,5,4,3,2,3,1,2,1,2
5,10,39,0.0007948670536279678,0,0,3,5,4,4,2,4,1,2,1,2
5,10,41,0.000270550575805828,0,1,3,6,4,1,2,0,1,0,1,1
5,10,44,0.00016608755686320364,0,1,3,6,4,4,2,0,1,0,1,1
5,10,45,1.5472276572836563e-05,0,1,3,6,4,5,2,0,1,0,1,1
5,12,0,0.0026695982087403536,0,0,3,1,6,0,2,0,1,2,1,4
5,12,2,0.0015307489084079862,0,0,3,3,6,2,2,1,1,1,1,1
5,12,3,0.0011883293045684695,0,0,3,3,6,3,2,1,1,1,1,1
5,12,7,0.0032556706573814154,0,0,3,3,6,1,2,2,1,1,1,1
5,12,8,8.682030602358282e-05,0,0,3,3,6,2,2,2,1,1,1,1
5,12,11,3.748840754269622e-05,0,0,3,3,6,5,2,2,1,1,1,1
5,12,13,0.0026243743486702442,0,0,3,3,6,1,2,3,1,1,1,1
5,12,14,0.003803168423473835,0,0,3,3,6,2,2,3,1,1,1,1
5,12,16,0.00583396852016449,0,0,3,3,6,4,2,3,1,1,1,1
5,12,17,0.0006540820468217134,0,0,3,3,6,5,2,3,1,1,1,1
5,12,19,0.0038049218710511923,0,0,3,3,6,1,2,4,1,1,1,1
5,12,20,0.0010589113226160407,0,0,3,3,6,2,2,4,1,1,1,1
5,12,22,0.00026539168902672827,0,0,3,3,6,4,2,4,1,1,1,1
5,12,26,0.0039044073782861233,0,0,3,3,6,2,2,5,1,1,1,1
5,12,27,0.021637456491589546,0,0,3,3,6,3,2,5,1,1,1,1
5,12,29,0.0007909253472462296,0,0,3,3,6,5,2,5,1,1,1,1
5,12,32,0.021640239283442497,0,0,3,4,6,2,2,2,1,1,1,1
5,12,33,0.008673974312841892,0,0,3,4,6,3,2,3,1,1,1,1
5,12,37,0.001040874281898141,0,0,3,5,6,2,2,2,1,2,1,2
5,12,38,0.24861469864845276,0,0,3,5,6,3,2,3,1,2,1,2
5,12,39,0.666714608669281,0,0,3,5,6,4,2,4,1,2,1,2
5,12,41,9.186327224597335e-05,0,1,3,6,6,1,2,0,1,0,1,1
5,12,44,7.615582580910996e-05,0,1,3,6,6,4,2,0,1,0,1,1
5,12,45,1.489654891884129e-06,0,1,3,6,6,5,2,0,1,0,1,1
5,15,0,0.6946526169776917,0,0,3,1,3,0,3,0,1,2,1,4
5,15,2,0.0014920717803761363,0,0,3,3,3,2,3,1,1,1,1,1
5,15,3,0.006168597377836704,0,0,3,3,3,3,3,1,1,1,1,1
5,15,7,0.00017548944742884487,0,0,3,3,3,1,3,2,1,1,1,1
5,15,8,0.00022087132674641907,0,0,3,3,3,2,3,2,1,1,1,1
5,15,11,0.0003522274491842836,0,0,3,3,3,5,3,2,1,1,1,1
5,15,13,0.0017192474333569407,0,0,3,3,3,1,3,3,1,1,1,1
5,15,14,0.0008516045054420829,0,0,3,3,3,2,3,3,1,1,1,1
5,15,16,0.0005675444845110178,0,0,3,3,3,4,3,3,1,1,1,1
5,15,17,0.0006195930182002485,0,0,3,3,3,5,3,3,1,1,1,1
5,15,19,0.0038970045279711485,0,0,3,3,3,1,3,4,1,1,1,1
5,15,20,0.0033775477204471827,0,0,3,3,3,2,3,4,1,1,1,1
5,15,22,0.008593490347266197,0,0,3,3,3,4,3,4,1,1,1,1
5,15,26,0.0023356929887086153,0,0,3,3,3,2,3,5,1,1,1,1
5,15,27,0.0021503695752471685,0,0,3,3,3,3,3,5,1,1,1,1
5,15,29,0.0005491006304509938,0,0,3,3,3,5,3,5,1,1,1,1
5,15,32,0.0012895151739940047,0,0,3,4,3,2,3,2,1,1,1,1
5,15,33,0.001174646313302219,0,0,3,4,3,3,3,3,1,1,1,1
5,15,37,0.029597260057926178,0,0,3,5,3,2,3,2,1,2,1,2
5,15,38,0.09484035521745682,0,0,3,5,3,3,3,3,1,2,1,2
5,15,39,0.14461101591587067,0,0,3,5,3,4,3,4,1,2,1,2
5,15,41,0.00014386852853931487,0,1,3,6,3,1,3,0,1,0,1,1
5,15,44,0.0004149218730162829,0,1,3,6,3,4,3,0,1,0,1,1
5,15,45,0.00020570578635670245,0,1,3,6,3,5,3,0,1,0,1,1
5,18,0,0.002153174951672554,0,0,3,1,6,0,3,0,1,2,1,4
5,18,2,0.011071639135479927,0,0,3,3,6,2,3,1,1,1,1,1
5,18,3,0.004310391843318939,0,0,3,3,6,3,3,1,1,1,1,1
5,18,7,0.00994390994310379,0,0,3,3,6,1,3,2,1,1,1,1
5,18,8,0.002498307731002569,0,0,3,3,6,2,3,2,1,1,1,1
5,18,11,0.0017316840821877122,0,0,3,3,6,5,3,2,1,1,1,1
5,18,13,0.004547853488475084,0,0,3,3,6,1,3,3,1,1,1,1
5,18,14,0.004764310549944639,0,0,3,3,6,2,3,3,1,1,1,1
5,18,16,0.0017826077528297901,0,0,3,3,6,4,3,3,1,1,1,1
5,18,17,0.010275933891534805,0,0,3,3,6,5,3,3,1,1,1,1
5,18,19,0.011793270707130432,0,0,3,3,6,1,3,4,1,1,1,1
5,18,20,0.0022828024812042713,0,0,3,3,6,2,3,4,1,1,1,1
5,18,22,0.0012959426967427135,0,0,3,3,6,4,3,4,1,1,1,1
5,18,26,0.0025699888356029987,0,0,3,3,6,2,3,5,1,1,1,1
5,18,27,0.009349852800369263,0,0,3,3,6,3,3,5,1,1,1,1
5,18,29,0.0022587617859244347,0,0,3,3,6,5,3,5,1,1,1,1
5,18,32,0.713630199432373,0,0,3,4,6,2,3,2,1,1,1,1
5,18,33,0.13074032962322235,0,0,3,4,6,3,3,3,1,1,1,1
5,18,37,0.004103705286979675,0,0,3,5,6,2,3,2,1,2,1,2
5,18,38,0.04857291281223297,0,0,3,5,6,3,3,3,1,2,1,2
5,18,39,0.00336614903062582,0,0,3,5,6,4,3,4,1,2,1,2
5,18,41,0.008322308771312237,0,1,3,6,6,1,3,0,1,0,1,1
5,18,44,0.005745939444750547,0,1,3,6,6,4,3,0,1,0,1,1
5,18,45,0.0028878855518996716,0,1,3,6,6,5,3,0,1,0,1,1
5,21,0,0.43305978178977966,0,0,3,1,3,0,4,0,1,2,1,4
5,21,2,0.0003296436625532806,0,0,3,3,3,2,4,1,1,1,1,1
5,21,3,0.0005884044803678989,0,0,3,3,3,3,4,1,1,1,1,1
5,21,7,1.422287732566474e-05,0,0,3,3,3,1,4,2,1,1,1,1
5,21,8,2.166857484553475e-05,0,0,3,3,3,2,4,2,1,1,1,1
5,21,11,6.053897232050076e-05,0,0,3,3,3,5,4,2,1,1,1,1
5,21,13,0.00047927835839800537,0,0,3,3,3,1,4,3,1,1,1,1
5,21,14,0.00017810423742048442,0,0,3,3,3,2,4,3,1,1,1,1
5,21,16,0.00018961615569423884,0,0,3,3,3,4,4,3,1,1,1,1
5,21,17,0.00027680658968165517,0,0,3,3,3,5,4,3,1,1,1,1
5,21,19,0.0015940245939418674,0,0,3,3,3,1,4,4,1,1,1,1
5,21,20,0.0012376878876239061,0,0,3,3,3,2,4,4,1,1,1,1
5,21,22,0.002059530233964324,0,0,3,3,3,4,4,4,1,1,1,1
5,21,26,0.0004102227103430778,0,0,3,3,3,2,4,5,1,1,1,1
5,21,27,0.000608244736213237,0,0,3,3,3,3,4,5,1,1,1,1
5,21,29,8.893332415027544e-05,0,0,3,3,3,5,4,5,1,1,1,1
5,21,32,0.0003463274333626032,0,0,3,4,3,2,4,2,1,1,1,1
5,21,33,0.000637016783002764,0,0,3,4,3,3,4,3,1,1,1,1
5,21,37,0.00789877213537693,0,0,3,5,3,2,4,2,1,2,1,2
5,21,38,0.35493698716163635,0,0,3,5,3,3,4,3,1,2,1,2
5,21,39,0.19466157257556915,0,0,3,5,3,4,4,4,1,2,1,2
5,21,41,5.765408423030749e-05,0,1,3,6,3,1,4,0,1,0,1,1
5,21,44,0.00022843644546810538,0,1,3,6,3,4,4,0,1,0,1,1
5,21,45,3.6129837098997086e-05,0,1,3,6,3,5,4,0,1,0,1,1
5,23,0,0.0256727896630764,0,0,3,1,5,0,4,0,1,2,1,4
5,23,2,0.00020989816403016448,0,0,3,3,5,2,4,1,1,1,1,1
5,23,3,7.095034379744902e-05,0,0,3,3,5,3,4,1,1,1,1,1
5,23,7,5.719300315831788e-05,0,0,3,3,5,1,4,2,1,1,1,1
5,23,8,1.4632281818194315e-05,0,0,3,3,5,2,4,2,1,1,1,1
5,23,11,4.6108001697575673e-05,0,0,3,3,5,5,4,2,1,1,1,1
5,23,13,0.0001916267501655966,0,0,3,3,5,1,4,3,1,1,1,1
5,23,14,5.073022475698963e-05,0,0,3,3,5,2,4,3,1,1,1,1
5,23,16,7.572749746032059e-05,0,0,3,3,5,4,4,3,1,1,1,1
5,23,17,0.00027091617812402546,0,0,3,3,5,5,4,3,1,1,1,1
5,23,19,0.0017196590779349208,0,0,3,3,5,1,4,4,1,1,1,1
5,23,20,0.0004623236018233001,0,0,3,3,5,2,4,4,1,1,1,1
5,23,22,0.00019999771029688418,0,0,3,3,5,4,4,4,1,1,1,1
5,23,26,8.893795165931806e-05,0,0,3,3,5,2,4,5,1,1,1,1
5,23,27,0.00033712625736370683,0,0,3,3,5,3,4,5,1,1,1,1
5,23,29,2.6016588890342973e-05,0,0,3,3,5,5,4,5,1,1,1,1
5,23,32,0.001968845259398222,0,0,3,4,5,2,4,2,1,1,1,1
5,23,33,0.001913348212838173,0,0,3,4,5,3,4,3,1,1,1,1
5,23,37,0.006094553042203188,0,0,3,5,5,2,4,2,1,2,1,2
5,23,38,0.9009864926338196,0,0,3,5,5,3,4,3,1,2,1,2
5,23,39,0.05882734805345535,0,0,3,5,5,4,4,4,1,2,1,2
5,23,41,0.00020643619063775986,0,1,3,6,5,1,4,0,1,0,1,1
5,23,44,0.00045340126962400973,0,1,3,6,5,4,4,0,1,0,1,1
5,23,45,5.544256782741286e-05,0,1,3,6,5,5,4,0,1,0,1,1
5,24,0,0.01330343447625637,0,0,3,1,6,0,4,0,1,2,1,4
5,24,2,0.010233613662421703,0,0,3,3,6,2,4,1,1,1,1,1
5,24,3,0.022085748612880707,0,0,3,3,6,3,4,1,1,1,1,1
5,24,7,0.0017556239617988467,0,0,3,3,6,1,4,2,1,1,1,1
5,24,8,0.0007810213137418032,0,0,3,3,6,2,4,2,1,1,1,1
5,24,11,0.0018037291010841727,0,0,3,3,6,5,4,2,1,1,1,1
5,24,13,0.0030647485982626677,0,0,3,3,6,1,4,3,1,1,1,1
5,24,14,0.009610935114324093,0,0,3,3,6,2,4,3,1,1,1,1
5,24,16,0.0038814761210232973,0,0,3,3,6,4,4,3,1,1,1,1
5,24,17,0.011501413770020008,0,0,3,3,6,5,4,3,1,1,1,1
5,24,19,0.007513563148677349,0,0,3,3,6,1,4,4,1,1,1,1
5,24,20,0.005596571136265993,0,0,3,3,6,2,4,4,1,1,1,1
5,24,22,0.002894691191613674,0,0,3,3,6,4,4,4,1,1,1,1
5,24,26,0.008089182898402214,0,0,3,3,6,2,4,5,1,1,1,1
5,24,27,0.03952796384692192,0,0,3,3,6,3,4,5,1,1,1,1
5,24,29,0.014145005494356155,0,0,3,3,6,5,4,5,1,1,1,1
5,24,32,0.061872661113739014,0,0,3,4,6,2,4,2,1,1,1,1
5,24,33,0.08706749975681305,0,0,3,4,6,3,4,3,1,1,1,1
5,24,37,0.010038752108812332,0,0,3,5,6,2,4,2,1,2,1,2
5,24,38,0.3401034474372864,0,0,3,5,6,3,4,3,1,2,1,2
5,24,39,0.3421255052089691,0,0,3,5,6,4,4,4,1,2,1,2
5,24,41,0.0010180138051509857,0,1,3,6,6,1,4,0,1,0,1,1
5,24,44,0.0015494434628635645,0,1,3,6,6,4,4,0,1,0,1,1
5,24,45,0.00043580037890933454,0,1,3,6,6,5,4,0,1,0,1,1
5,25,0,0.0507146492600441,0,0,3,1,1,0,5,0,1,2,1,4
5,25,2,0.008131124079227448,0,0,3,3,1,2,5,1,1,1,1,1
5,25,3,0.0007494221208617091,0,0,3,3,1,3,5,1,1,1,1,1
5,25,7,0.012507693842053413,0,0,3,3,1,1,5,2,1,1,1,1
5,25,8,0.0038708923384547234,0,0,3,3,1,2,5,2,1,1,1,1
5,25,11,0.003218682250007987,0,0,3,3,1,5,5,2,1,1,1,1
5,25,13,0.006459606345742941,0,0,3,3,1,1,5,3,1,1,1,1
5,25,14,0.0037125444505363703,0,0,3,3,1,2,5,3,1,1,1,1
5,25,16,0.0029485055711120367,0,0,3,3,1,4,5,3,1,1,1,1
5,25,17,0.012239409610629082,0,0,3,3,1,5,5,3,1,1,1,1
5,25,19,0.022372066974639893,0,0,3,3,1,1,5,4,1,1,1,1
5,25,20,0.005403199698776007,0,0,3,3,1,2,5,4,1,1,1,1
5,25,22,0.0023447780404239893,0,0,3,3,1,4,5,4,1,1,1,1
5,25,26,0.0018797469092532992,0,0,3,3,1,2,5,5,1,1,1,1
5,25,27,0.0034589620772749186,0,0,3,3,1,3,5,5,1,1,1,1
5,25,29,0.0004863804788328707,0,0,3,3,1,5,5,5,1,1,1,1
5,25,32,0.05760074779391289,0,0,3,4,1,2,5,2,1,1,1,1
5,25,33,0.04699268564581871,0,0,3,4,1,3,5,3,1,1,1,1
5,25,37,0.046626947820186615,0,0,3,5,1,2,5,2,1,2,1,2
5,25,38,0.5950179100036621,0,0,3,5,1,3,5,3,1,2,1,2
5,25,39,0.00927638541907072,0,0,3,5,1,4,5,4,1,2,1,2
5,25,41,0.048750653862953186,0,1,3,6,1,1,5,0,1,0,1,1
5,25,44,0.04361753910779953,0,1,3,6,1,4,5,0,1,0,1,1
5,25,45,0.011619184166193008,0,1,3,6,1,5,5,0,1,0,1,1
5,28,0,0.18641598522663116,0,0,3,1,4,0,5,0,1,2,1,4
5,28,2,0.0011011587921530008,0,0,3,3,4,2,5,1,1,1,1,1
5,28,3,0.00013219121319707483,0,0,3,3,4,3,5,1,1,1,1,1
5,28,7,0.00035214948002249,0,0,3,3,4,1,5,2,1,1,1,1
5,28,8,0.0002156636764993891,0,0,3,3,4,2,5,2,1,1,1,1
5,28,11,0.0008730511763133109,0,0,3,3,4,5,5,2,1,1,1,1
5,28,13,0.000792910170275718,0,0,3,3,4,1,5,3,1,1,1,1
5,28,14,0.000144275909406133,0,0,3,3,4,2,5,3,1,1,1,1
5,28,16,0.0002659830788616091,0,0,3,3,4,4,5,3,1,1,1,1
5,28,17,0.0011453997576609254,0,0,3,3,4,5,5,3,1,1,1,1
5,28,19,0.0055170804262161255,0,0,3,3,4,1,5,4,1,1,1,1
5,28,20,0.003995496779680252,0,0,3,3,4,2,5,4,1,1,1,1
5,28,22,0.0013654332142323256,0,0,3,3,4,4,5,4,1,1,1,1
5,28,26,0.00014802470104768872,0,0,3,3,4,2,5,5,1,1,1,1
5,28,27,0.00046648288844153285,0,0,3,3,4,3,5,5,1,1,1,1
5,28,29,7.514827302657068e-05,0,0,3,3,4,5,5,5,1,1,1,1
5,28,32,0.00491625489667058,0,0,3,4,4,2,5,2,1,1,1,1
5,28,33,0.005028663668781519,0,0,3,4,4,3,5,3,1,1,1,1
5,28,37,0.04160353168845177,0,0,3,5,4,2,5,2,1,2,1,2
5,28,38,0.7174611687660217,0,0,3,5,4,3,5,3,1,2,1,2
5,28,39,0.011019662022590637,0,0,3,5,4,4,5,4,1,2,1,2
5,28,41,0.003955436870455742,0,1,3,6,4,1,5,0,1,0,1,1
5,28,44,0.009148579090833664,0,1,3,6,4,4,5,0,1,0,1,1
5,28,45,0.003860331606119871,0,1,3,6,4,5,5,0,1,0,1,1
5,30,0,0.028617940843105316,0,0,3,1,6,0,5,0,1,2,1,4
5,30,2,0.022673383355140686,0,0,3,3,6,2,5,1,1,1,1,1
5,30,3,0.00258234771899879,0,0,3,3,6,3,5,1,1,1,1,1
5,30,7,0.0038721770979464054,0,0,3,3,6,1,5,2,1,1,1,1
5,30,8,0.0007656752713955939,0,0,3,3,6,2,5,2,1,1,1,1
5,30,11,0.001116611179895699,0,0,3,3,6,5,5,2,1,1,1,1
5,30,13,0.01150829903781414,0,0,3,3,6,1,5,3,1,1,1,1
5,30,14,0.030840463936328888,0,0,3,3,6,2,5,3,1,1,1,1
5,30,16,0.01863253489136696,0,0,3,3,6,4,5,3,1,1,1,1
5,30,17,0.007104534190148115,0,0,3,3,6,5,5,3,1,1,1,1
5,30,19,0.010240782052278519,0,0,3,3,6,1,5,4,1,1,1,1
5,30,20,0.017751159146428108,0,0,3,3,6,2,5,4,1,1,1,1
5,30,22,0.002200476359575987,0,0,3,3,6,4,5,4,1,1,1,1
5,30,26,0.016711421310901642,0,0,3,3,6,2,5,5,1,1,1,1
5,30,27,0.033554334193468094,0,0,3,3,6,3,5,5,1,1,1,1
5,30,29,0.0012290725717321038,0,0,3,3,6,5,5,5,1,1,1,1
5,30,32,0.1018952876329422,0,0,3,4,6,2,5,2,1,1,1,1
5,30,33,0.042777951806783676,0,0,3,4,6,3,5,3,1,1,1,1
5,30,37,0.007590446621179581,0,0,3,5,6,2,5,2,1,2,1,2
5,30,38,0.5829960107803345,0,0,3,5,6,3,5,3,1,2,1,2
5,30,39,0.05097154900431633,0,0,3,5,6,4,5,4,1,2,1,2
5,30,41,0.0018518128199502826,0,1,3,6,6,1,5,0,1,0,1,1
5,30,44,0.0023191096261143684,0,1,3,6,6,4,5,0,1,0,1,1
5,30,45,0.00019666376465465873,0,1,3,6,6,5,5,0,1,0,1,1
5,31,0,0.0003199499915353954,0,0,4,1,1,0,1,0,1,2,1,4
5,31,2,0.014796938747167587,0,0,4,3,1,2,1,1,1,1,1,1
5,31,3,0.005356829613447189,0,0,4,3,1,3,1,1,1,1,1,1
5,31,7,0.6055156588554382,0,0,4,3,1,1,1,2,1,1,1,1
5,31,8,0.01444281730800867,0,0,4,3,1,2,1,2,1,1,1,1
5,31,11,0.0028932204004377127,0,0,4,3,1,5,1,2,1,1,1,1
5,31,13,0.009158738888800144,0,0,4,3,1,1,1,3,1,1,1,1
5,31,14,0.02984931319952011,0,0,4,3,1,2,1,3,1,1,1,1
5,31,16,0.006767291110008955,0,0,4,3,1,4,1,3,1,1,1,1
5,31,17,0.0010679913684725761,0,0,4,3,1,5,1,3,1,1,1,1
5,31,19,0.004363608546555042,0,0,4,3,1,1,1,4,1,1,1,1
5,31,20,0.0007202042615972459,0,0,4,3,1,2,1,4,1,1,1,1
5,31,22,0.0006722802645526826,0,0,4,3,1,4,1,4,1,1,1,1
5,31,26,0.002788715763017535,0,0,4,3,1,2,1,5,1,1,1,1
5,31,27,0.0010961854131892323,0,0,4,3,1,3,1,5,1,1,1,1
5,31,29,0.0005692871054634452,0,0,4,3,1,5,1,5,1,1,1,1
5,31,32,0.2851073145866394,0,0,4,4,1,2,1,2,1,1,1,1
5,31,33,0.008876146748661995,0,0,4,4,1,3,1,3,1,1,1,1
5,31,37,0.002774446504190564,0,0,4,5,1,2,1,2,1,2,1,2
5,31,38,0.0007569789304398,0,0,4,5,1,3,1,3,1,2,1,2
5,31,39,0.0005182813038118184,0,0,4,5,1,4,1,4,1,2,1,2
5,31,41,0.0010402321349829435,0,1,4,6,1,1,1,0,1,0,1,1
5,31,44,0.00043468581861816347,0,1,4,6,1,4,1,0,1,0,1,1
5,31,45,0.00011322972568450496,0,1,4,6,1,5,1,0,1,0,1,1
5,34,0,0.0010164448758587241,0,0,4,1,4,0,4,0,1,2,1,4
5,34,2,0.01417115144431591,0,0,4,3,4,2,4,1,1,1,1,1
5,34,3,0.009644039906561375,0,0,4,3,4,3,4,1,1,1,1,1
5,34,7,0.009117405861616135,0,0,4,3,4,1,4,2,1,1,1,1
5,34,8,0.002813921310007572,0,0,4,3,4,2,4,2,1,1,1,1
5,34,11,0.001977926352992654,0,0,4,3,4,5,4,2,1,1,1,1
5,34,13,0.006439840886741877,0,0,4,3,4,1,4,3,1,1,1,1
5,34,14,0.00443473644554615,0,0,4,3,4,2,4,3,1,1,1,1
5,34,16,0.0015081275487318635,0,0,4,3,4,4,4,3,1,1,1,1
5,34,17,0.0032011510338634253,0,0,4,3,4,5,4,3,1,1,1,1
5,34,19,0.014476506970822811,0,0,4,3,4,1,4,4,1,1,1,1
5,34,20,0.004636948928236961,0,0,4,3,4,2,4,4,1,1,1,1
5,34,22,0.0026829976122826338,0,0,4,3,4,4,4,4,1,1,1,1
5,34,26,0.00424164067953825,0,0,4,3,4,2,4,5,1,1,1,1
5,34,27,0.01289722602814436,0,0,4,3,4,3,4,5,1,1,1,1
5,34,29,0.0029950574971735477,0,0,4,3,4,5,4,5,1,1,1,1
5,34,32,0.8685360550880432,0,0,4,4,4,2,4,2,1,1,1,1
5,34,33,0.025184644386172295,0,0,4,4,4,3,4,3,1,1,1,1
5,34,37,0.0010388533119112253,0,0,4,5,4,2,4,2,1,2,1,2
5,34,38,0.002818735083565116,0,0,4,5,4,3,4,3,1,2,1,2
5,34,39,0.0015277289785444736,0,0,4,5,4,4,4,4,1,2,1,2
5,34,41,0.0025224462151527405,0,1,4,6,4,1,4,0,1,0,1,1
5,34,44,0.0008869870216585696,0,1,4,6,4,4,4,0,1,0,1,1
5,34,45,0.001229292480275035,0,1,4,6,4,5,4,0,1,0,1,1
5,35,0,0.06692029535770416,0,0,4,1,5,0,5,0,1,2,1,4
5,35,2,0.008946283720433712,0,0,4,3,5,2,5,1,1,1,1,1
5,35,3,0.0017038345104083419,0,0,4,3,5,3,5,1,1,1,1,1
5,35,7,0.0015945287887006998,0,0,4,3,5,1,5,2,1,1,1,1
5,35,8,0.0011767676332965493,0,0,4,3,5,2,5,2,1,1,1,1
5,35,11,0.0011279768077656627,0,0,4,3,5,5,5,2,1,1,1,1
5,35,13,0.005007569678127766,0,0,4,3,5,1,5,3,1,1,1,1
5,35,14,0.01334436610341072,0,0,4,3,5,2,5,3,1,1,1,1
5,35,16,0.009752142243087292,0,0,4,3,5,4,5,3,1,1,1,1
5,35,17,0.006694728042930365,0,0,4,3,5,5,5,3,1,1,1,1
5,35,19,0.01690095290541649,0,0,4,3,5,1,5,4,1,1,1,1
5,35,20,0.020022617653012276,0,0,4,3,5,2,5,4,1,1,1,1
5,35,22,0.00435330206528306,0,0,4,3,5,4,5,4,1,1,1,1
5,35,26,0.0060976529493927956,0,0,4,3,5,2,5,5,1,1,1,1
5,35,27,0.008994201198220253,0,0,4,3,5,3,5,5,1,1,1,1
5,35,29,0.0010832635452970862,0,0,4,3,5,5,5,5,1,1,1,1
5,35,32,0.03532271087169647,0,0,4,4,5,2,5,2,1,1,1,1
5,35,33,0.033190466463565826,0,0,4,4,5,3,5,3,1,1,1,1
5,35,37,0.024952076375484467,0,0,4,5,5,2,5,2,1,2,1,2
5,35,38,0.6139418482780457,0,0,4,5,5,3,5,3,1,2,1,2
5,35,39,0.11589699983596802,0,0,4,5,5,4,5,4,1,2,1,2
5,35,41,0.0007296301773749292,0,1,4,6,5,1,5,0,1,0,1,1
5,35,44,0.002097038086503744,0,1,4,6,5,4,5,0,1,0,1,1
5,35,45,0.0001489129790570587,0,1,4,6,5,5,5,0,1,0,1,1
5,36,0,4.2747728002723306e-05,0,0,5,1,1,0,1,0,2,2,2,4
5,36,2,0.0007372317486442626,0,0,5,3,1,2,1,1,2,1,2,1
5,36,3,0.0001404015492880717,0,0,5,3,1,3,1,1,2,1,2,1
5,36,7,0.9417876601219177,0,0,5,3,1,1,1,2,2,1,2,1
5,36,8,0.001745913876220584,0,0,5,3,1,2,1,2,2,1,2,1
5,36,11,0.0016446213703602552,0,0,5,3,1,5,1,2,2,1,2,1
5,36,13,0.0003497726866044104,0,0,5,3,1,1,1,3,2,1,2,1
5,36,14,5.3473453590413556e-05,0,0,5,3,1,2,1,3,2,1,2,1
5,36,16,2.5394851036253385e-05,0,0,5,3,1,4,1,3,2,1,2,1
5,36,17,6.70890076435171e-05,0,0,5,3,1,5,1,3,2,1,2,1
5,36,19,0.001202202751301229,0,0,5,3,1,1,1,4,2,1,2,1
5,36,20,1.6577534552197903e-05,0,0,5,3,1,2,1,4,2,1,2,1
5,36,22,2.546237374190241e-05,0,0,5,3,1,4,1,4,2,1,2,1
5,36,26,1.1487841220514383e-05,0,0,5,3,1,2,1,5,2,1,2,1
5,36,27,2.6049528969451785e-05,0,0,5,3,1,3,1,5,2,1,2,1
5,36,29,2.1374249627115205e-05,0,0,5,3,1,5,1,5,2,1,2,1
5,36,32,0.02899768389761448,0,0,5,4,1,2,1,2,2,1,2,1
5,36,33,0.00044061330845579505,0,0,5,4,1,3,1,3,2,1,2,1
5,36,37,0.0009404838783666492,0,0,5,5,1,2,1,2,2,2,2,2
5,36,38,0.00030593815608881414,0,0,5,5,1,3,1,3,2,2,2,2
5,36,39,3.0064282327657565e-05,0,0,5,5,1,4,1,4,2,2,2,2
5,36,41,0.01801260933279991,0,1,5,6,1,1,1,0,2,0,2,1
5,36,44,0.0009615006856620312,0,1,5,6,1,4,1,0,2,0,2,1
5,36,45,0.002413691719993949,0,1,5,6,1,5,1,0,2,0,2,1
5,40,0,0.025648273527622223,0,0,5,1,5,0,5,0,2,2,2,4
5,40,2,0.0015303118852898479,0,0,5,3,5,2,5,1,2,1,2,1
5,40,3,0.0006276910426095128,0,0,5,3,5,3,5,1,2,1,2,1
5,40,7,0.0013114952016621828,0,0,5,3,5,1,5,2,2,1,2,1
5,40,8,0.0001569446612847969,0,0,5,3,5,2,5,2,2,1,2,1
5,40,11,0.0004414328432176262,0,0,5,3,5,5,5,2,2,1,2,1
5,40,13,0.0017868378199636936,0,0,5,3,5,1,5,3,2,1,2,1
5,40,14,0.0007142581162042916,0,0,5,3,5,2,5,3,2,1,2,1
5,40,16,0.0006197497132234275,0,0,5,3,5,4,5,3,2,1,2,1
5,40,17,0.0009806903544813395,0,0,5,3,5,5,5,3,2,1,2,1
5,40,19,0.003202912164852023,0,0,5,3,5,1,5,4,2,1,2,1
5,40,20,0.0013336342526599765,0,0,5,3,5,2,5,4,2,1,2,1
5,40,22,0.00018899721908383071,0,0,5,3,5,4,5,4,2,1,2,1
5,40,26,0.00034591296571306884,0,0,5,3,5,2,5,5,2,1,2,1
5,40,27,0.001204510685056448,0,0,5,3,5,3,5,5,2,1,2,1
5,40,29,0.00017319981998298317,0,0,5,3,5,5,5,5,2,1,2,1
5,40,32,0.008300669491291046,0,0,5,4,5,2,5,2,2,1,2,1
5,40,33,0.009018469601869583,0,0,5,4,5,3,5,3,2,1,2,1
5,40,37,0.017667964100837708,0,0,5,5,5,2,5,2,2,2,2,2
5,40,38,0.8648789525032043,0,0,5,5,5,3,5,3,2,2,2,2
5,40,39,0.05221039056777954,0,0,5,5,5,4,5,4,2,2,2,2
5,40,41,0.002535488922148943,0,1,5,6,5,1,5,0,2,0,2,1
5,40,44,0.0047511570155620575,0,1,5,6,5,4,5,0,2,0,2,1
5,40,45,0.0003705077397171408,0,1,5,6,5,5,5,0,2,0,2,1
5,42,0,1.2358664207567926e-05,1,0,6,1,2,0,0,0,0,2,1,4
5,42,2,0.001068249111995101,1,0,6,3,2,2,0,1,0,1,1,1
5,42,3,3.767388261621818e-05,1,0,6,3,2,3,0,1,0,1,1,1
5,42,7,0.006739581935107708,1,0,6,3,2,1,0,2,0,1,1,1
5,42,8,0.003056703135371208,1,0,6,3,2,2,0,2,0,1,1,1
5,42,11,0.008058550767600536,1,0,6,3,2,5,0,2,0,1,1,1
5,42,13,0.0019885029178112745,1,0,6,3,2,1,0,3,0,1,1,1
5,42,14,9.639029303798452e-05,1,0,6,3,2,2,0,3,0,1,1,1
5,42,16,3.912450483767316e-05,1,0,6,3,2,4,0,3,0,1,1,1
5,42,17,0.0006651522126048803,1,0,6,3,2,5,0,3,0,1,1,1
5,42,19,0.0008807284757494926,1,0,6,3,2,1,0,4,0,1,1,1
5,42,20,0.0005195735720917583,1,0,6,3,2,2,0,4,0,1,1,1
5,42,22,5.739457265008241e-05,1,0,6,3,2,4,0,4,0,1,1,1
5,42,26,1.186841200251365e-05,1,0,6,3,2,2,0,5,0,1,1,1
5,42,27,8.502097625751048e-05,1,0,6,3,2,3,0,5,0,1,1,1
5,42,29,0.0001377784792566672,1,0,6,3,2,5,0,5,0,1,1,1
5,42,32,0.24429824948310852,1,0,6,4,2,2,0,2,0,1,1,1
5,42,33,0.007996819913387299,1,0,6,4,2,3,0,3,0,1,1,1
5,42,37,0.00011382217053323984,1,0,6,5,2,2,0,2,0,2,1,2
5,42,38,5.4894728236831725e-05,1,0,6,5,2,3,0,3,0,2,1,2
5,42,39,1.1610290329144846e-07,1,0,6,5,2,4,0,4,0,2,1,2
5,42,41,0.4840559959411621,1,1,6,6,2,1,0,0,0,0,1,1
5,42,44,0.04168742895126343,1,1,6,6,2,4,0,0,0,0,1,1
5,42,45,0.19833771884441376,1,1,6,6,2,5,0,0,0,0,1,1
5,43,0,0.018123319372534752,1,0,6,1,3,0,0,0,0,2,1,4
5,43,2,0.001004571095108986,1,0,6,3,3,2,0,1,0,1,1,1
5,43,3,5.86116875638254e-05,1,0,6,3,3,3,0,1,0,1,1,1
5,43,7,0.0008168819476850331,1,0,6,3,3,1,0,2,0,1,1,1
5,43,8,0.0026028952561318874,1,0,6,3,3,2,0,2,0,1,1,1
5,43,11,0.027110084891319275,1,0,6,3,3,5,0,2,0,1,1,1
5,43,13,0.0017349481349810958,1,0,6,3,3,1,0,3,0,1,1,1
5,43,14,9.2865782789886e-05,1,0,6,3,3,2,0,3,0,1,1,1
5,43,16,8.833046740619466e-05,1,0,6,3,3,4,0,3,0,1,1,1
5,43,17,0.002082015387713909,1,0,6,3,3,5,0,3,0,1,1,1
5,43,19,0.0030058501288294792,1,0,6,3,3,1,0,4,0,1,1,1
5,43,20,0.008087278343737125,1,0,6,3,3,2,0,4,0,1,1,1
5,43,22,0.0008208337239921093,1,0,6,3,3,4,0,4,0,1,1,1
5,43,26,2.0593432054738514e-05,1,0,6,3,3,2,0,5,0,1,1,1
5,43,27,0.00011119173723272979,1,0,6,3,3,3,0,5,0,1,1,1
5,43,29,0.00015993264969438314,1,0,6,3,3,5,0,5,0,1,1,1
5,43,32,0.010161779820919037,1,0,6,4,3,2,0,2,0,1,1,1
5,43,33,0.010883843526244164,1,0,6,4,3,3,0,3,0,1,1,1
5,43,37,0.04417506605386734,1,0,6,5,3,2,0,2,0,2,1,2
5,43,38,0.03635435178875923,1,0,6,5,3,3,0,3,0,2,1,2
5,43,39,3.866686893161386e-05,1,0,6,5,3,4,0,4,0,2,1,2
5,43,41,0.18558375537395477,1,1,6,6,3,1,0,0,0,0,1,1
5,43,44,0.18038108944892883,1,1,6,6,3,4,0,0,0,0,1,1
5,43,45,0.4665015637874603,1,1,6,6,3,5,0,0,0,0,1,1
5,46,0,1.3879021025786642e-05,1,0,6,1,6,0,0,0,0,2,1,4
5,46,2,0.00644473172724247,1,0,6,3,6,2,0,1,0,1,1,1
5,46,3,0.00021858644322492182,1,0,6,3,6,3,0,1,0,1,1,1
5,46,7,0.031050048768520355,1,0,6,3,6,1,0,2,0,1,1,1
5,46,8,0.010765482671558857,1,0,6,3,6,2,0,2,0,1,1,1
5,46,11,0.040821753442287445,1,0,6,3,6,5,0,2,0,1,1,1
5,46,13,0.0034618580248206854,1,0,6,3,6,1,0,3,0,1,1,1
5,46,14,0.0024104418698698282,1,0,6,3,6,2,0,3,0,1,1,1
5,46,16,0.0006841236026957631,1,0,6,3,6,4,0,3,0,1,1,1
5,46,17,0.006084891967475414,1,0,6,3,6,5,0,3,0,1,1,1
5,46,19,0.0010018085595220327,1,0,6,3,6,1,0,4,0,1,1,1
5,46,20,0.002513064071536064,1,0,6,3,6,2,0,4,0,1,1,1
5,46,22,5.818770659971051e-05,1,0,6,3,6,4,0,4,0,1,1,1
5,46,26,0.0001687365147517994,1,0,6,3,6,2,0,5,0,1,1,1
5,46,27,0.001551532419398427,1,0,6,3,6,3,0,5,0,1,1,1
5,46,29,0.0019393771653994918,1,0,6,3,6,5,0,5,0,1,1,1
5,46,32,0.2843155860900879,1,0,6,4,6,2,0,2,0,1,1,1
5,46,33,0.06600569933652878,1,0,6,4,6,3,0,3,0,1,1,1
5,46,37,0.0007161849644035101,1,0,6,5,6,2,0,2,0,2,1,2
5,46,38,0.000980509677901864,1,0,6,5,6,3,0,3,0,2,1,2
5,46,39,2.530791789467912e-06,1,0,6,5,6,4,0,4,0,2,1,2
5,46,41,0.36963263154029846,1,1,6,6,6,1,0,0,0,0,1,1
5,46,44,0.0526416189968586,1,1,6,6,6,4,0,0,0,0,1,1
5,46,45,0.1165163591504097,1,1,6,6,6,5,0,0,0,0,1,1
5,47,0,6.848371413070709e-05,2,0,7,1,0,0,0,0,0,2,4,4
5,47,2,0.0001438928593415767,2,0,7,3,0,2,0,1,0,1,4,1
5,47,3,5.24525748915039e-05,2,0,7,3,0,3,0,1,0,1,4,1
5,47,7,0.002782367402687669,2,0,7,3,0,1,0,2,0,1,4,1
5,47,8,0.0008968221372924745,2,0,7,3,0,2,0,2,0,1,4,1
5,47,11,0.002091597067192197,2,0,7,3,0,5,0,2,0,1,4,1
5,47,13,0.0006226374534890056,2,0,7,3,0,1,0,3,0,1,4,1
5,47,14,6.53759752822225e-06,2,0,7,3,0,2,0,3,0,1,4,1
5,47,16,9.691685590951238e-06,2,0,7,3,0,4,0,3,0,1,4,1
5,47,17,0.00024647859390825033,2,0,7,3,0,5,0,3,0,1,4,1
5,47,19,0.0006813181680627167,2,0,7,3,0,1,0,4,0,1,4,1
5,47,20,0.00011993877706117928,2,0,7,3,0,2,0,4,0,1,4,1
5,47,22,9.664769459050149e-05,2,0,7,3,0,4,0,4,0,1,4,1
5,47,26,3.135630686301738e-05,2,0,7,3,0,2,0,5,0,1,4,1
5,47,27,0.00023105469881556928,2,0,7,3,0,3,0,5,0,1,4,1
5,47,29,8.580028952565044e-05,2,0,7,3,0,5,0,5,0,1,4,1
5,47,32,0.0004242793656885624,2,0,7,4,0,2,0,2,0,1,4,1
5,47,33,8.088390313787386e-05,2,0,7,4,0,3,0,3,0,1,4,1
5,47,37,0.00012431353388819844,2,0,7,5,0,2,0,2,0,2,4,2
5,47,38,6.875023973407224e-05,2,0,7,5,0,3,0,3,0,2,4,2
5,47,39,1.1952287195526878e-06,2,0,7,5,0,4,0,4,0,2,4,2
5,47,41,0.4284885823726654,2,1,7,6,0,1,0,0,0,0,4,1
5,47,44,0.013144927099347115,2,1,7,6,0,4,0,0,0,0,4,1
5,47,45,0.5494999885559082,2,1,7,6,0,5,0,0,0,0,4,1
6,1,0,0.043681006878614426,0,0,3,1,1,0,1,0,1,2,1,4
6,1,3,0.04443635419011116,0,0,3,3,1,3,1,1,1,1,1,1
6,1,4,0.026426054537296295,0,0,3,3,1,4,1,1,1,1,1,1
6,1,5,0.02093585394322872,0,0,3,3,1,5,1,1,1,1,1,1
6,1,9,0.05890927463769913,0,0,3,3,1,3,1,2,1,1,1,1
6,1,11,0.024784792214632034,0,0,3,3,1,5,1,2,1,1,1,1
6,1,12,0.05498046055436134,0,0,3,3,1,6,1,2,1,1,1,1
6,1,14,0.021068960428237915,0,0,3,3,1,2,1,3,1,1,1,1
6,1,16,0.009343920275568962,0,0,3,3,1,4,1,3,1,1,1,1
6,1,17,0.031127749010920525,0,0,3,3,1,5,1,3,1,1,1,1
6,1,20,0.026394182816147804,0,0,3,3,1,2,1,4,1,1,1,1
6,1,21,0.010453447699546814,0,0,3,3,1,3,1,4,1,1,1,1
6,1,22,0.020871596410870552,0,0,3,3,1,4,1,4,1,1,1,1
6,1,25,0.048982370644807816,0,0,3,3,1,1,1,5,1,1,1,1
6,1,27,0.05364397168159485,0,0,3,3,1,3,1,5,1,1,1,1
6,1,30,0.04047613963484764,0,0,3,3,1,6,1,5,1,1,1,1
6,1,33,0.05024881660938263,0,0,3,4,1,3,1,3,1,1,1,1
6,1,34,0.0019054679432883859,0,0,3,4,1,4,1,4,1,1,1,1
6,1,35,0.037465278059244156,0,0,3,4,1,5,1,5,1,1,1,1
6,1,39,0.0018056086264550686,0,0,3,5,1,4,1,4,1,2,1,2
6,1,40,0.022000975906848907,0,0,3,5,1,5,1,5,1,2,1,2
6,1,41,0.17029812932014465,0,1,3,6,1,1,1,0,1,0,1,1
6,1,44,0.09237396717071533,0,1,3,6,1,4,1,0,1,0,1,1
6,1,46,0.0873856320977211,0,1,3,6,1,6,1,0,1,0,1,1
6,2,0,0.01216108351945877,0,0,3,1,2,0,1,0,1,2,1,4
6,2,3,0.017752323299646378,0,0,3,3,2,3,1,1,1,1,1,1
6,2,4,0.02102205716073513,0,0,3,3,2,4,1,1,1,1,1,1
6,2,5,0.010935726575553417,0,0,3,3,2,5,1,1,1,1,1,1
6,2,9,0.00747638801112771,0,0,3,3,2,3,1,2,1,1,1,1
6,2,11,0.0035239949356764555,0,0,3,3,2,5,1,2,1,1,1,1
6,2,12,0.012359751388430595,0,0,3,3,2,6,1,2,1,1,1,1
6,2,14,0.04739246144890785,0,0,3,3,2,2,1,3,1,1,1,1
6,2,16,0.0027163615450263023,0,0,3,3,2,4,1,3,1,1,1,1
6,2,17,0.0340411551296711,0,0,3,3,2,5,1,3,1,1,1,1
6,2,20,0.03650122880935669,0,0,3,3,2,2,1,4,1,1,1,1
6,2,21,0.0038614855147898197,0,0,3,3,2,3,1,4,1,1,1,1
6,2,22,0.01432256493717432,0,0,3,3,2,4,1,4,1,1,1,1
6,2,25,0.035129424184560776,0,0,3,3,2,1,1,5,1,1,1,1
6,2,27,0.028553154319524765,0,0,3,3,2,3,1,5,1,1,1,1
6,2,30,0.005318895913660526,0,0,3,3,2,6,1,5,1,1,1,1
6,2,33,0.027996812015771866,0,0,3,4,2,3,1,3,1,1,1,1
6,2,34,0.0007552572060376406,0,0,3,4,2,4,1,4,1,1,1,1
6,2,35,0.013208440504968166,0,0,3,4,2,5,1,5,1,1,1,1
6,2,39,0.00022144138347357512,0,0,3,5,2,4,1,4,1,2,1,2
6,2,40,0.004326906520873308,0,0,3,5,2,5,1,5,1,2,1,2
6,2,41,0.3173814117908478,0,1,3,6,2,1,1,0,1,0,1,1
6,2,44,0.15594066679477692,0,1,3,6,2,4,1,0,1,0,1,1
6,2,46,0.18710118532180786,0,1,3,6,2,6,1,0,1,0,1,1
6,6,0,0.0911935493350029,0,0,3,1,6,0,1,0,1,2,1,4
6,6,3,0.12063976377248764,0,0,3,3,6,3,1,1,1,1,1,1
6,6,4,0.005449976772069931,0,0,3,3,6,4,1,1,1,1,1,1
6,6,5,0.0769946500658989,0,0,3,3,6,5,1,1,1,1,1,1
6,6,9,0.1152196004986763,0,0,3,3,6,3,1,2,1,1,1,1
6,6,11,0.0752205103635788,0,0,3,3,6,5,1,2,1,1,1,1
6,6,12,0.034939177334308624,0,0,3,3,6,6,1,2,1,1,1,1
6,6,14,0.018049176782369614,0,0,3,3,6,2,1,3,1,1,1,1
6,6,16,0.0036843412090092897,0,0,3,3,6,4,1,3,1,1,1,1
6,6,17,0.05650044605135918,0,0,3,3,6,5,1,3,1,1,1,1
6,6,20,0.01273395773023367,0,0,3,3,6,2,1,4,1,1,1,1
6,6,21,0.01562833972275257,0,0,3,3,6,3,1,4,1,1,1,1
6,6,22,0.0034702771808952093,0,0,3,3,6,4,1,4,1,1,1,1
6,6,25,0.03636609762907028,0,0,3,3,6,1,1,5,1,1,1,1
6,6,27,0.13620242476463318,0,0,3,3,6,3,1,5,1,1,1,1
6,6,30,0.014365160837769508,0,0,3,3,6,6,1,5,1,1,1,1
6,6,33,0.022006945684552193,0,0,3,4,6,3,1,3,1,1,1,1
6,6,34,0.00011565681779757142,0,0,3,4,6,4,1,4,1,1,1,1
6,6,35,0.056751836091279984,0,0,3,4,6,5,1,5,1,1,1,1
6,6,39,7.303799065994099e-05,0,0,3,5,6,4,1,4,1,2,1,2
6,6,40,0.00443508243188262,0,0,3,5,6,5,1,5,1,2,1,2
6,6,41,0.04132382199168205,0,1,3,6,6,1,1,0,1,0,1,1
6,6,44,0.031217731535434723,0,1,3,6,6,4,1,0,1,0,1,1
6,6,46,0.02741837687790394,0,1,3,6,6,6,1,0,1,0,1,1
6,7,0,0.005042047239840031,0,0,3,1,1,0,2,0,1,2,1,4
6,7,3,0.026152800768613815,0,0,3,3,1,3,2,1,1,1,1,1
6,7,4,0.032401107251644135,0,0,3,3,1,4,2,1,1,1,1,1
6,7,5,0.005222957581281662,0,0,3,3,1,5,2,1,1,1,1,1
6,7,9,0.008435279130935669,0,0,3,3,1,3,2,2,1,1,1,1
6,7,11,0.0016595005290582776,0,0,3,3,1,5,2,2,1,1,1,1
6,7,12,0.018870830535888672,0,0,3,3,1,6,2,2,1,1,1,1
6,7,14,0.034262143075466156,0,0,3,3,1,2,2,3,1,1,1,1
6,7,16,0.012532152235507965,0,0,3,3,1,4,2,3,1,1,1,1
6,7,17,0.0361906997859478,0,0,3,3,1,5,2,3,1,1,1,1
6,7,20,0.031239083036780357,0,0,3,3,1,2,2,4,1,1,1,1
6,7,21,0.013091008178889751,0,0,3,3,1,3,2,4,1,1,1,1
6,7,22,0.04211573302745819,0,0,3,3,1,4,2,4,1,1,1,1
6,7,25,0.012410281226038933,0,0,3,3,1,1,2,5,1,1,1,1
6,7,27,0.07270286232233047,0,0,3,3,1,3,2,5,1,1,1,1
6,7,30,0.021083978936076164,0,0,3,3,1,6,2,5,1,1,1,1
6,7,33,0.17617525160312653,0,0,3,4,1,3,2,3,1,1,1,1
6,7,34,0.009795174933969975,0,0,3,4,1,4,2,4,1,1,1,1
6,7,35,0.026946494355797768,0,0,3,4,1,5,2,5,1,1,1,1
6,7,39,0.025507980957627296,0,0,3,5,1,4,2,4,1,2,1,2
6,7,40,0.18299277126789093,0,0,3,5,1,5,2,5,1,2,1,2
6,7,41,0.06779075413942337,0,1,3,6,1,1,2,0,1,0,1,1
6,7,44,0.0516701377928257,0,1,3,6,1,4,2,0,1,0,1,1
6,7,46,0.08570878952741623,0,1,3,6,1,6,2,0,1,0,1,1
6,8,0,0.19154952466487885,0,0,3,1,2,0,2,0,1,2,1,4
6,8,3,0.007828248664736748,0,0,3,3,2,3,2,1,1,1,1,1
6,8,4,0.0008667564834468067,0,0,3,3,2,4,2,1,1,1,1,1
6,8,5,0.0014668559888377786,0,0,3,3,2,5,2,1,1,1,1,1
6,8,9,0.012259910814464092,0,0,3,3,2,3,2,2,1,1,1,1
6,8,11,0.002614229219034314,0,0,3,3,2,5,2,2,1,1,1,1
6,8,12,0.006613770965486765,0,0,3,3,2,6,2,2,1,1,1,1
6,8,14,0.016431840136647224,0,0,3,3,2,2,2,3,1,1,1,1
6,8,16,0.0007141294190660119,0,0,3,3,2,4,2,3,1,1,1,1
6,8,17,0.01163060124963522,0,0,3,3,2,5,2,3,1,1,1,1
6,8,20,0.005048459395766258,0,0,3,3,2,2,2,4,1,1,1,1
6,8,21,0.0014889027224853635,0,0,3,3,2,3,2,4,1,1,1,1
6,8,22,0.0012364648282527924,0,0,3,3,2,4,2,4,1,1,1,1
6,8,25,0.006240021903067827,0,0,3,3,2,1,2,5,1,1,1,1
6,8,27,0.0055672787129879,0,0,3,3,2,3,2,5,1,1,1,1
6,8,30,0.003254780313000083,0,0,3,3,2,6,2,5,1,1,1,1
6,8,33,0.007880335673689842,0,0,3,4,2,3,2,3,1,1,1,1
6,8,34,0.00023794162552803755,0,0,3,4,2,4,2,4,1,1,1,1
6,8,35,0.004195901099592447,0,0,3,4,2,5,2,5,1,1,1,1
6,8,39,0.0006219488568603992,0,0,3,5,2,4,2,4,1,2,1,2
6,8,40,0.033256374299526215,0,0,3,5,2,5,2,5,1,2,1,2
6,8,41,0.5194090008735657,0,1,3,6,2,1,2,0,1,0,1,1
6,8,44,0.07545836269855499,0,1,3,6,2,4,2,0,1,0,1,1
6,8,46,0.08412831276655197,0,1,3,6,2,6,2,0,1,0,1,1
6,10,0,0.48020994663238525,0,0,3,1,4,0,2,0,1,2,1,4
6,10,3,0.005524009931832552,0,0,3,3,4,3,2,1,1,1,1,1
6,10,4,0.0001989772863453254,0,0,3,3,4,4,2,1,1,1,1,1
6,10,5,0.0037767861504107714,0,0,3,3,4,5,2,1,1,1,1,1
6,10,9,0.01873091608285904,0,0,3,3,4,3,2,2,1,1,1,1
6,10,11,0.007185108494013548,0,0,3,3,4,5,2,2,1,1,1,1
6,10,12,0.0067511433735489845,0,0,3,3,4,6,2,2,1,1,1,1
6,10,14,0.01986793987452984,0,0,3,3,4,2,2,3,1,1,1,1
6,10,16,0.0004275089886505157,0,0,3,3,4,4,2,3,1,1,1,1
6,10,17,0.09059260040521622,0,0,3,3,4,5,2,3,1,1,1,1
6,10,20,0.0062531172297894955,0,0,3,3,4,2,2,4,1,1,1,1
6,10,21,0.0032688365317881107,0,0,3,3,4,3,2,4,1,1,1,1
6,10,22,0.0010506738908588886,0,0,3,3,4,4,2,4,1,1,1,1
6,10,25,0.006024534814059734,0,0,3,3,4,1,2,5,1,1,1,1
6,10,27,0.012720281258225441,0,0,3,3,4,3,2,5,1,1,1,1
6,10,30,0.0014292511623352766,0,0,3,3,4,6,2,5,1,1,1,1
6,10,33,0.007399514317512512,0,0,3,4,4,3,2,3,1,1,1,1
6,10,34,2.962383587146178e-05,0,0,3,4,4,4,2,4,1,1,1,1
6,10,35,0.005450250580906868,0,0,3,4,4,5,2,5,1,1,1,1
6,10,39,1.3341696103452705e-05,0,0,3,5,4,4,2,4,1,2,1,2
6,10,40,0.00883360393345356,0,0,3,5,4,5,2,5,1,2,1,2
6,10,41,0.27849751710891724,0,1,3,6,4,1,2,0,1,0,1,1
6,10,44,0.021601445972919464,0,1,3,6,4,4,2,0,1,0,1,1
6,10,46,0.014162774197757244,0,1,3,6,4,6,2,0,1,0,1,1
6,13,0,0.10884453356266022,0,0,3,1,1,0,3,0,1,2,1,4
6,13,3,0.0031994685996323824,0,0,3,3,1,3,3,1,1,1,1,1
6,13,4,0.0029652826488018036,0,0,3,3,1,4,3,1,1,1,1,1
6,13,5,0.0030702112708240747,0,0,3,3,1,5,3,1,1,1,1,1
6,13,9,0.012475422583520412,0,0,3,3,1,3,3,2,1,1,1,1
6,13,11,0.006442381534725428,0,0,3,3,1,5,3,2,1,1,1,1
6,13,12,0.0034664038103073835,0,0,3,3,1,6,3,2,1,1,1,1
6,13,14,0.0028320946730673313,0,0,3,3,1,2,3,3,1,1,1,1
6,13,16,0.0016061806818470359,0,0,3,3,1,4,3,3,1,1,1,1
6,13,17,0.003127533011138439,0,0,3,3,1,5,3,3,1,1,1,1
6,13,20,0.0022503132931888103,0,0,3,3,1,2,3,4,1,1,1,1
6,13,21,0.0009422783623449504,0,0,3,3,1,3,3,4,1,1,1,1
6,13,22,0.003212071256712079,0,0,3,3,1,4,3,4,1,1,1,1
6,13,25,0.0077356272377073765,0,0,3,3,1,1,3,5,1,1,1,1
6,13,27,0.0038825925439596176,0,0,3,3,1,3,3,5,1,1,1,1
6,13,30,0.0032369547989219427,0,0,3,3,1,6,3,5,1,1,1,1
6,13,33,0.002263384871184826,0,0,3,4,1,3,3,3,1,1,1,1
6,13,34,0.0005530194030143321,0,0,3,4,1,4,3,4,1,1,1,1
6,13,35,0.0017909682355821133,0,0,3,4,1,5,3,5,1,1,1,1
6,13,39,0.0003772433556150645,0,0,3,5,1,4,3,4,1,2,1,2
6,13,40,0.004129084292799234,0,0,3,5,1,5,3,5,1,2,1,2
6,13,41,0.5455842614173889,0,1,3,6,1,1,3,0,1,0,1,1
6,13,44,0.19043684005737305,0,1,3,6,1,4,3,0,1,0,1,1
6,13,46,0.08557555079460144,0,1,3,6,1,6,3,0,1,0,1,1
6,15,0,0.1482848972082138,0,0,3,1,3,0,3,0,1,2,1,4
6,15,3,0.026034826412796974,0,0,3,3,3,3,3,1,1,1,1,1
6,15,4,0.0031151948496699333,0,0,3,3,3,4,3,1,1,1,1,1
6,15,5,0.016363225877285004,0,0,3,3,3,5,3,1,1,1,1,1
6,15,9,0.32492542266845703,0,0,3,3,3,3,3,2,1,1,1,1
6,15,11,0.34439924359321594,0,0,3,3,3,5,3,2,1,1,1,1
6,15,12,0.017625989392399788,0,0,3,3,3,6,3,2,1,1,1,1
6,15,14,0.00030669188708998263,0,0,3,3,3,2,3,3,1,1,1,1
6,15,16,0.0016098659252747893,0,0,3,3,3,4,3,3,1,1,1,1
6,15,17,0.0006540124886669219,0,0,3,3,3,5,3,3,1,1,1,1
6,15,20,0.0011901733232662082,0,0,3,3,3,2,3,4,1,1,1,1
6,15,21,0.0030090862419456244,0,0,3,3,3,3,3,4,1,1,1,1
6,15,22,0.0005000911769457161,0,0,3,3,3,4,3,4,1,1,1,1
6,15,25,0.008403808809816837,0,0,3,3,3,1,3,5,1,1,1,1
6,15,27,0.008805252611637115,0,0,3,3,3,3,3,5,1,1,1,1
6,15,30,0.014243018813431263,0,0,3,3,3,6,3,5,1,1,1,1
6,15,33,0.0011761427158489823,0,0,3,4,3,3,3,3,1,1,1,1
6,15,34,7.988894503796473e-05,0,0,3,4,3,4,3,4,1,1,1,1
6,15,35,0.005418699234724045,0,0,3,4,3,5,3,5,1,1,1,1
6,15,39,7.724008173681796e-05,0,0,3,5,3,4,3,4,1,2,1,2
6,15,40,0.001236364128999412,0,0,3,5,3,5,3,5,1,2,1,2
6,15,41,0.04821232706308365,0,1,3,6,3,1,3,0,1,0,1,1
6,15,44,0.020437395200133324,0,1,3,6,3,4,3,0,1,0,1,1
6,15,46,0.0038914575707167387,0,1,3,6,3,6,3,0,1,0,1,1
6,18,0,0.5914295315742493,0,0,3,1,6,0,3,0,1,2,1,4
6,18,3,0.007232995703816414,0,0,3,3,6,3,3,1,1,1,1,1
6,18,4,6.537100853165612e-05,0,0,3,3,6,4,3,1,1,1,1,1
6,18,5,0.0041322107426822186,0,0,3,3,6,5,3,1,1,1,1,1
6,18,9,0.23328456282615662,0,0,3,3,6,3,3,2,1,1,1,1
6,18,11,0.13756608963012695,0,0,3,3,6,5,3,2,1,1,1,1
6,18,12,0.0031309807673096657,0,0,3,3,6,6,3,2,1,1,1,1
6,18,14,3.1830280931899324e-05,0,0,3,3,6,2,3,3,1,1,1,1
6,18,16,5.7623554312158376e-05,0,0,3,3,6,4,3,3,1,1,1,1
6,18,17,4.694486051448621e-05,0,0,3,3,6,5,3,3,1,1,1,1
6,18,20,5.5542768677696586e-05,0,0,3,3,6,2,3,4,1,1,1,1
6,18,21,0.0001304609322687611,0,0,3,3,6,3,3,4,1,1,1,1
6,18,22,9.160536137642339e-06,0,0,3,3,6,4,3,4,1,1,1,1
6,18,25,0.0030440399423241615,0,0,3,3,6,1,3,5,1,1,1,1
6,18,27,0.002025688998401165,0,0,3,3,6,3,3,5,1,1,1,1
6,18,30,0.0035883949603885412,0,0,3,3,6,6,3,5,1,1,1,1
6,18,33,5.097866596770473e-05,0,0,3,4,6,3,3,3,1,1,1,1
6,18,34,9.844526402957854e-07,0,0,3,4,6,4,3,4,1,1,1,1
6,18,35,0.0022740853019058704,0,0,3,4,6,5,3,5,1,1,1,1
6,18,39,2.1948194444121327e-06,0,0,3,5,6,4,3,4,1,2,1,2
6,18,40,0.0005615700501948595,0,0,3,5,6,5,3,5,1,2,1,2
6,18,41,0.008699358440935612,0,1,3,6,6,1,3,0,1,0,1,1
6,18,44,0.0019639155361801386,0,1,3,6,6,4,3,0,1,0,1,1
6,18,46,0.0006160506163723767,0,1,3,6,6,6,3,0,1,0,1,1
6,19,0,0.19782483577728271,0,0,3,1,1,0,4,0,1,2,1,4
6,19,3,0.009934304282069206,0,0,3,3,1,3,4,1,1,1,1,1
6,19,4,0.001036727917380631,0,0,3,3,1,4,4,1,1,1,1,1
6,19,5,0.009778398089110851,0,0,3,3,1,5,4,1,1,1,1,1
6,19,9,0.045791853219270706,0,0,3,3,1,3,4,2,1,1,1,1
6,19,11,0.012640073895454407,0,0,3,3,1,5,4,2,1,1,1,1
6,19,12,0.012283310294151306,0,0,3,3,1,6,4,2,1,1,1,1
6,19,14,0.011089762672781944,0,0,3,3,1,2,4,3,1,1,1,1
6,19,16,0.0009491590317338705,0,0,3,3,1,4,4,3,1,1,1,1
6,19,17,0.04438803344964981,0,0,3,3,1,5,4,3,1,1,1,1
6,19,20,0.005648839753121138,0,0,3,3,1,2,4,4,1,1,1,1
6,19,21,0.003119878238067031,0,0,3,3,1,3,4,4,1,1,1,1
6,19,22,0.002013697288930416,0,0,3,3,1,4,4,4,1,1,1,1
6,19,25,0.012541953474283218,0,0,3,3,1,1,4,5,1,1,1,1
6,19,27,0.029164988547563553,0,0,3,3,1,3,4,5,1,1,1,1
6,19,30,0.00393783999606967,0,0,3,3,1,6,4,5,1,1,1,1
6,19,33,0.01005313079804182,0,0,3,4,1,3,4,3,1,1,1,1
6,19,34,0.00010426361404825002,0,0,3,4,1,4,4,4,1,1,1,1
6,19,35,0.013377141207456589,0,0,3,4,1,5,4,5,1,1,1,1
6,19,39,0.0002925959706772119,0,0,3,5,1,4,4,4,1,2,1,2
6,19,40,0.07436084747314453,0,0,3,5,1,5,4,5,1,2,1,2
6,19,41,0.3922339677810669,0,1,3,6,1,1,4,0,1,0,1,1
6,19,44,0.03973181173205376,0,1,3,6,1,4,4,0,1,0,1,1
6,19,46,0.06770218908786774,0,1,3,6,1,6,4,0,1,0,1,1
6,23,0,0.08081462979316711,0,0,3,1,5,0,4,0,1,2,1,4
6,23,3,0.0042266990058124065,0,0,3,3,5,3,4,1,1,1,1,1
6,23,4,0.0010903766378760338,0,0,3,3,5,4,4,1,1,1,1,1
6,23,5,0.0024880424607545137,0,0,3,3,5,5,4,1,1,1,1,1
6,23,9,0.025980494916439056,0,0,3,3,5,3,4,2,1,1,1,1
6,23,11,0.012981869280338287,0,0,3,3,5,5,4,2,1,1,1,1
6,23,12,0.002350541763007641,0,0,3,3,5,6,4,2,1,1,1,1
6,23,14,0.0010220661060884595,0,0,3,3,5,2,4,3,1,1,1,1
6,23,16,0.00042660292820073664,0,0,3,3,5,4,4,3,1,1,1,1
6,23,17,0.0017235098639503121,0,0,3,3,5,5,4,3,1,1,1,1
6,23,20,0.0015720684314146638,0,0,3,3,5,2,4,4,1,1,1,1
6,23,21,0.002167574828490615,0,0,3,3,5,3,4,4,1,1,1,1
6,23,22,0.0006200040224939585,0,0,3,3,5,4,4,4,1,1,1,1
6,23,25,0.002734632696956396,0,0,3,3,5,1,4,5,1,1,1,1
6,23,27,0.00421373825520277,0,0,3,3,5,3,4,5,1,1,1,1
6,23,30,0.0008590388461016119,0,0,3,3,5,6,4,5,1,1,1,1
6,23,33,0.0014858057256788015,0,0,3,4,5,3,4,3,1,1,1,1
6,23,34,4.1846968088066205e-05,0,0,3,4,5,4,4,4,1,1,1,1
6,23,35,0.0007880808552727103,0,0,3,4,5,5,4,5,1,1,1,1
6,23,39,1.3707280231756158e-05,0,0,3,5,5,4,4,4,1,2,1,2
6,23,40,0.00013443628267850727,0,0,3,5,5,5,4,5,1,2,1,2
6,23,41,0.6513240933418274,0,1,3,6,5,1,4,0,1,0,1,1
6,23,44,0.17214830219745636,0,1,3,6,5,4,4,0,1,0,1,1
6,23,46,0.028792092576622963,0,1,3,6,5,6,4,0,1,0,1,1
6,24,0,0.5881265997886658,0,0,3,1,6,0,4,0,1,2,1,4
6,24,3,0.015031285583972931,0,0,3,3,6,3,4,1,1,1,1,1
6,24,4,0.00025988949346356094,0,0,3,3,6,4,4,1,1,1,1,1
6,24,5,0.013385502621531487,0,0,3,3,6,5,4,1,1,1,1,1
6,24,9,0.07814758270978928,0,0,3,3,6,3,4,2,1,1,1,1
6,24,11,0.03418382629752159,0,0,3,3,6,5,4,2,1,1,1,1
6,24,12,0.0070195929147303104,0,0,3,3,6,6,4,2,1,1,1,1
6,24,14,0.003520009806379676,0,0,3,3,6,2,4,3,1,1,1,1
6,24,16,0.0007293615490198135,0,0,3,3,6,4,4,3,1,1,1,1
6,24,17,0.02621890977025032,0,0,3,3,6,5,4,3,1,1,1,1
6,24,20,0.0021028337068855762,0,0,3,3,6,2,4,4,1,1,1,1
6,24,21,0.002348019741475582,0,0,3,3,6,3,4,4,1,1,1,1
6,24,22,0.0004517675843089819,0,0,3,3,6,4,4,4,1,1,1,1
6,24,25,0.00950752291828394,0,0,3,3,6,1,4,5,1,1,1,1
6,24,27,0.06592679768800735,0,0,3,3,6,3,4,5,1,1,1,1
6,24,30,0.008413500152528286,0,0,3,3,6,6,4,5,1,1,1,1
6,24,33,0.009607875719666481,0,0,3,4,6,3,4,3,1,1,1,1
6,24,34,4.140176679356955e-05,0,0,3,4,6,4,4,4,1,1,1,1
6,24,35,0.04641440138220787,0,0,3,4,6,5,4,5,1,1,1,1
6,24,39,4.626125519280322e-05,0,0,3,5,6,4,4,4,1,2,1,2
6,24,40,0.04250743240118027,0,0,3,5,6,5,4,5,1,2,1,2
6,24,41,0.03075643815100193,0,1,3,6,6,1,4,0,1,0,1,1
6,24,44,0.007886000908911228,0,1,3,6,6,4,4,0,1,0,1,1
6,24,46,0.007367271929979324,0,1,3,6,6,6,4,0,1,0,1,1
6,26,0,0.015929872170090675,0,0,3,1,2,0,5,0,1,2,1,4
6,26,3,0.0006143231294117868,0,0,3,3,2,3,5,1,1,1,1,1
6,26,4,0.00046653510071337223,0,0,3,3,2,4,5,1,1,1,1,1
6,26,5,0.0007457623723894358,0,0,3,3,2,5,5,1,1,1,1,1
6,26,9,0.002492788713425398,0,0,3,3,2,3,5,2,1,1,1,1
6,26,11,0.0011860888916999102,0,0,3,3,2,5,5,2,1,1,1,1
6,26,12,0.0006331514450721443,0,0,3,3,2,6,5,2,1,1,1,1
6,26,14,0.0006380296545103192,0,0,3,3,2,2,5,3,1,1,1,1
6,26,16,9.256249904865399e-05,0,0,3,3,2,4,5,3,1,1,1,1
6,26,17,0.0010271688224747777,0,0,3,3,2,5,5,3,1,1,1,1
6,26,20,0.0003053149557672441,0,0,3,3,2,2,5,4,1,1,1,1
6,26,21,0.00018385039584245533,0,0,3,3,2,3,5,4,1,1,1,1
6,26,22,0.0004098853678442538,0,0,3,3,2,4,5,4,1,1,1,1
6,26,25,0.001081596128642559,0,0,3,3,2,1,5,5,1,1,1,1
6,26,27,0.00034642897662706673,0,0,3,3,2,3,5,5,1,1,1,1
6,26,30,8.95998309715651e-05,0,0,3,3,2,6,5,5,1,1,1,1
6,26,33,0.00012140165927121416,0,0,3,4,2,3,5,3,1,1,1,1
6,26,34,1.1284358151897322e-05,0,0,3,4,2,4,5,4,1,1,1,1
6,26,35,8.296228770632297e-05,0,0,3,4,2,5,5,5,1,1,1,1
6,26,39,1.7666043277131394e-05,0,0,3,5,2,4,5,4,1,2,1,2
6,26,40,0.00019105160026811063,0,0,3,5,2,5,5,5,1,2,1,2
6,26,41,0.7635408043861389,0,1,3,6,2,1,5,0,1,0,1,1
6,26,44,0.12081538885831833,0,1,3,6,2,4,5,0,1,0,1,1
6,26,46,0.08897648751735687,0,1,3,6,2,6,5,0,1,0,1,1
6,28,0,0.17325444519519806,0,0,3,1,4,0,5,0,1,2,1,4
6,28,3,0.03171861544251442,0,0,3,3,4,3,5,1,1,1,1,1
6,28,4,0.003610542044043541,0,0,3,3,4,4,5,1,1,1,1,1
6,28,5,0.03614352270960808,0,0,3,3,4,5,5,1,1,1,1,1
6,28,9,0.1194320023059845,0,0,3,3,4,3,5,2,1,1,1,1
6,28,11,0.11938435584306717,0,0,3,3,4,5,5,2,1,1,1,1
6,28,12,0.017454499378800392,0,0,3,3,4,6,5,2,1,1,1,1
6,28,14,0.0042920359410345554,0,0,3,3,4,2,5,3,1,1,1,1
6,28,16,0.0042045749723911285,0,0,3,3,4,4,5,3,1,1,1,1
6,28,17,0.05499604344367981,0,0,3,3,4,5,5,3,1,1,1,1
6,28,20,0.004753714427351952,0,0,3,3,4,2,5,4,1,1,1,1
6,28,21,0.02817635051906109,0,0,3,3,4,3,5,4,1,1,1,1
6,28,22,0.005975285544991493,0,0,3,3,4,4,5,4,1,1,1,1
6,28,25,0.008614309132099152,0,0,3,3,4,1,5,5,1,1,1,1
6,28,27,0.03153892233967781,0,0,3,3,4,3,5,5,1,1,1,1
6,28,30,0.003095055464655161,0,0,3,3,4,6,5,5,1,1,1,1
6,28,33,0.006274457089602947,0,0,3,4,4,3,5,3,1,1,1,1
6,28,34,0.0001711838413029909,0,0,3,4,4,4,5,4,1,1,1,1
6,28,35,0.005928232800215483,0,0,3,4,4,5,5,5,1,1,1,1
6,28,39,8.461123070446774e-05,0,0,3,5,4,4,5,4,1,2,1,2
6,28,40,0.0010478449985384941,0,0,3,5,4,5,5,5,1,2,1,2
6,28,41,0.2196010798215866,0,1,3,6,4,1,5,0,1,0,1,1
6,28,44,0.09215471893548965,0,1,3,6,4,4,5,0,1,0,1,1
6,28,46,0.028094088658690453,0,1,3,6,4,6,5,0,1,0,1,1
6,29,0,0.1140238493680954,0,0,3,1,5,0,5,0,1,2,1,4
6,29,3,0.0037866169586777687,0,0,3,3,5,3,5,1,1,1,1,1
6,29,4,0.0013863581698387861,0,0,3,3,5,4,5,1,1,1,1,1
6,29,5,0.002490907208994031,0,0,3,3,5,5,5,1,1,1,1,1
6,29,9,0.0051124063320457935,0,0,3,3,5,3,5,2,1,1,1,1
6,29,11,0.010380619205534458,0,0,3,3,5,5,5,2,1,1,1,1
6,29,12,0.0003668161225505173,0,0,3,3,5,6,5,2,1,1,1,1
6,29,14,0.0013587487628683448,0,0,3,3,5,2,5,3,1,1,1,1
6,29,16,0.0003595805901568383,0,0,3,3,5,4,5,3,1,1,1,1
6,29,17,0.0010349011281505227,0,0,3,3,5,5,5,3,1,1,1,1
6,29,20,0.0012808742467314005,0,0,3,3,5,2,5,4,1,1,1,1
6,29,21,0.0010532885789871216,0,0,3,3,5,3,5,4,1,1,1,1
6,29,22,0.00023695557320024818,0,0,3,3,5,4,5,4,1,1,1,1
6,29,25,0.0011884067207574844,0,0,3,3,5,1,5,5,1,1,1,1
6,29,27,0.001076790620572865,0,0,3,3,5,3,5,5,1,1,1,1
6,29,30,0.00020420397049747407,0,0,3,3,5,6,5,5,1,1,1,1
6,29,33,0.0006564705981872976,0,0,3,4,5,3,5,3,1,1,1,1
6,29,34,0.00020023545948788524,0,0,3,4,5,4,5,4,1,1,1,1
6,29,35,0.0006869416101835668,0,0,3,4,5,5,5,5,1,1,1,1
6,29,39,4.536757114692591e-05,0,0,3,5,5,4,5,4,1,2,1,2
6,29,40,9.809301991481334e-05,0,0,3,5,5,5,5,5,1,2,1,2
6,29,41,0.4706747233867645,0,1,3,6,5,1,5,0,1,0,1,1
6,29,44,0.34143590927124023,0,1,3,6,5,4,5,0,1,0,1,1
6,29,46,0.0408606119453907,0,1,3,6,5,6,5,0,1,0,1,1
6,31,0,0.12788981199264526,0,0,4,1,1,0,1,0,1,2,1,4
6,31,3,0.008447162806987762,0,0,4,3,1,3,1,1,1,1,1,1
6,31,4,0.0037964442744851112,0,0,4,3,1,4,1,1,1,1,1,1
6,31,5,0.013258123770356178,0,0,4,3,1,5,1,1,1,1,1,1
6,31,9,0.00650936271995306,0,0,4,3,1,3,1,2,1,1,1,1
6,31,11,0.00585991982370615,0,0,4,3,1,5,1,2,1,1,1,1
6,31,12,0.00982106663286686,0,0,4,3,1,6,1,2,1,1,1,1
6,31,14,0.03548620268702507,0,0,4,3,1,2,1,3,1,1,1,1
6,31,16,0.003219326725229621,0,0,4,3,1,4,1,3,1,1,1,1
6,31,17,0.13172024488449097,0,0,4,3,1,5,1,3,1,1,1,1
6,31,20,0.008427975699305534,0,0,4,3,1,2,1,4,1,1,1,1
6,31,21,0.004081386141479015,0,0,4,3,1,3,1,4,1,1,1,1
6,31,22,0.012309200130403042,0,0,4,3,1,4,1,4,1,1,1,1
6,31,25,0.019751273095607758,0,0,4,3,1,1,1,5,1,1,1,1
6,31,27,0.012664882466197014,0,0,4,3,1,3,1,5,1,1,1,1
6,31,30,0.002716272370889783,0,0,4,3,1,6,1,5,1,1,1,1
6,31,33,0.011921997182071209,0,0,4,4,1,3,1,3,1,1,1,1
6,31,34,0.00035911158192902803,0,0,4,4,1,4,1,4,1,1,1,1
6,31,35,0.0075391735881567,0,0,4,4,1,5,1,5,1,1,1,1
6,31,39,0.00016072826110757887,0,0,4,5,1,4,1,4,1,2,1,2
6,31,40,0.0045012510381639,0,0,4,5,1,5,1,5,1,2,1,2
6,31,41,0.3237982392311096,0,1,4,6,1,1,1,0,1,0,1,1
6,31,44,0.13076439499855042,0,1,4,6,1,4,1,0,1,0,1,1
6,31,46,0.1149967685341835,0,1,4,6,1,6,1,0,1,0,1,1
6,32,0,0.029269587248563766,0,0,4,1,2,0,2,0,1,2,1,4
6,32,3,0.005776574835181236,0,0,4,3,2,3,2,1,1,1,1,1
6,32,4,0.004486548714339733,0,0,4,3,2,4,2,1,1,1,1,1
6,32,5,0.003119989763945341,0,0,4,3,2,5,2,1,1,1,1,1
6,32,9,0.004865314811468124,0,0,4,3,2,3,2,2,1,1,1,1
6,32,11,0.00239650160074234,0,0,4,3,2,5,2,2,1,1,1,1
6,32,12,0.00954512506723404,0,0,4,3,2,6,2,2,1,1,1,1
6,32,14,0.00835525244474411,0,0,4,3,2,2,2,3,1,1,1,1
6,32,16,0.0032778943423181772,0,0,4,3,2,4,2,3,1,1,1,1
6,32,17,0.030985208228230476,0,0,4,3,2,5,2,3,1,1,1,1
6,32,20,0.002076163422316313,0,0,4,3,2,2,2,4,1,1,1,1
6,32,21,0.0021292921155691147,0,0,4,3,2,3,2,4,1,1,1,1
6,32,22,0.009894946590065956,0,0,4,3,2,4,2,4,1,1,1,1
6,32,25,0.005106960888952017,0,0,4,3,2,1,2,5,1,1,1,1
6,32,27,0.005012861452996731,0,0,4,3,2,3,2,5,1,1,1,1
6,32,30,0.003591465065255761,0,0,4,3,2,6,2,5,1,1,1,1
6,32,33,0.010557390749454498,0,0,4,4,2,3,2,3,1,1,1,1
6,32,34,0.0002485501463524997,0,0,4,4,2,4,2,4,1,1,1,1
6,32,35,0.0017848856514319777,0,0,4,4,2,5,2,5,1,1,1,1
6,32,39,0.0008077862439677119,0,0,4,5,2,4,2,4,1,2,1,2
6,32,40,0.00804692879319191,0,0,4,5,2,5,2,5,1,2,1,2
6,32,41,0.4408624470233917,0,1,4,6,2,1,2,0,1,0,1,1
6,32,44,0.2218678593635559,0,1,4,6,2,4,2,0,1,0,1,1
6,32,46,0.18593385815620422,0,1,4,6,2,6,2,0,1,0,1,1
6,36,0,0.8171210885047913,0,0,5,1,1,0,1,0,2,2,2,4
6,36,3,0.001661047455854714,0,0,5,3,1,3,1,1,2,1,2,1
6,36,4,0.00020256383868400007,0,0,5,3,1,4,1,1,2,1,2,1
6,36,5,0.005695571191608906,0,0,5,3,1,5,1,1,2,1,2,1
6,36,9,0.01806151494383812,0,0,5,3,1,3,1,2,2,1,2,1
6,36,11,0.013567092828452587,0,0,5,3,1,5,1,2,2,1,2,1
6,36,12,0.0023826390970498323,0,0,5,3,1,6,1,2,2,1,2,1
6,36,14,0.001017570961266756,0,0,5,3,1,2,1,3,2,1,2,1
6,36,16,0.0006848656921647489,0,0,5,3,1,4,1,3,2,1,2,1
6,36,17,0.001859067240729928,0,0,5,3,1,5,1,3,2,1,2,1
6,36,20,0.0002663011255208403,0,0,5,3,1,2,1,4,2,1,2,1
6,36,21,0.00016716423851903528,0,0,5,3,1,3,1,4,2,1,2,1
6,36,22,0.0003868912172038108,0,0,5,3,1,4,1,4,2,1,2,1
6,36,25,0.006829576101154089,0,0,5,3,1,1,1,5,2,1,2,1
6,36,27,0.0019342707237228751,0,0,5,3,1,3,1,5,2,1,2,1
6,36,30,0.004178295843303204,0,0,5,3,1,6,1,5,2,1,2,1
6,36,33,0.0002656900614965707,0,0,5,4,1,3,1,3,2,1,2,1
6,36,34,0.00016081340436358005,0,0,5,4,1,4,1,4,2,1,2,1
6,36,35,0.0039151874370872974,0,0,5,4,1,5,1,5,2,1,2,1
6,36,39,0.0006605901289731264,0,0,5,5,1,4,1,4,2,2,2,2
6,36,40,0.07180275768041611,0,0,5,5,1,5,1,5,2,2,2,2
6,36,41,0.030423326417803764,0,1,5,6,1,1,1,0,2,0,2,1
6,36,44,0.007462036795914173,0,1,5,6,1,4,1,0,2,0,2,1
6,36,46,0.009294102899730206,0,1,5,6,1,6,1,0,2,0,2,1
6,37,0,0.9266796708106995,0,0,5,1,2,0,2,0,2,2,2,4
6,37,3,0.0002749725535977632,0,0,5,3,2,3,2,1,2,1,2,1
6,37,4,1.5679896023357287e-05,0,0,5,3,2,4,2,1,2,1,2,1
6,37,5,0.0008158103446476161,0,0,5,3,2,5,2,1,2,1,2,1
6,37,9,0.007882432080805302,0,0,5,3,2,3,2,2,2,1,2,1
6,37,11,0.004978818353265524,0,0,5,3,2,5,2,2,2,1,2,1
6,37,12,0.00040387900662608445,0,0,5,3,2,6,2,2,2,1,2,1
6,37,14,6.326474976958707e-05,0,0,5,3,2,2,2,3,2,1,2,1
6,37,16,9.727853466756642e-05,0,0,5,3,2,4,2,3,2,1,2,1
6,37,17,0.00014161635772325099,0,0,5,3,2,5,2,3,2,1,2,1
6,37,20,9.49569403019268e-06,0,0,5,3,2,2,2,4,2,1,2,1
6,37,21,1.6615394997643307e-05,0,0,5,3,2,3,2,4,2,1,2,1
6,37,22,2.5032893972820602e-05,0,0,5,3,2,4,2,4,2,1,2,1
6,37,25,0.0009866160107776523,0,0,5,3,2,1,2,5,2,1,2,1
6,37,27,0.00022392290702555329,0,0,5,3,2,3,2,5,2,1,2,1
6,37,30,0.0008330632699653506,0,0,5,3,2,6,2,5,2,1,2,1
6,37,33,1.7784586816560477e-05,0,0,5,4,2,3,2,3,2,1,2,1
6,37,34,8.11056906968588e-06,0,0,5,4,2,4,2,4,2,1,2,1
6,37,35,0.0002855006023310125,0,0,5,4,2,5,2,5,2,1,2,1
6,37,39,9.817582758842036e-05,0,0,5,5,2,4,2,4,2,2,2,2
6,37,40,0.011655915528535843,0,0,5,5,2,5,2,5,2,2,2,2
6,37,41,0.03253001719713211,0,1,5,6,2,1,2,0,2,0,2,1
6,37,44,0.006112682167440653,0,1,5,6,2,4,2,0,2,0,2,1
6,37,46,0.005843610968440771,0,1,5,6,2,6,2,0,2,0,2,1
6,38,0,0.9607051014900208,0,0,5,1,3,0,3,0,2,2,2,4
6,38,3,6.240354559849948e-05,0,0,5,3,3,3,3,1,2,1,2,1
6,38,4,3.677322638395708e-06,0,0,5,3,3,4,3,1,2,1,2,1
6,38,5,0.0004036826139781624,0,0,5,3,3,5,3,1,2,1,2,1
6,38,9,0.004986781161278486,0,0,5,3,3,3,3,2,2,1,2,1
6,38,11,0.02888098731637001,0,0,5,3,3,5,3,2,2,1,2,1
6,38,12,3.441350781940855e-05,0,0,5,3,3,6,3,2,2,1,2,1
6,38,14,8.999389820019132e-07,0,0,5,3,3,2,3,3,2,1,2,1
6,38,16,1.537057505629491e-05,0,0,5,3,3,4,3,3,2,1,2,1
6,38,17,4.708122560259653e-06,0,0,5,3,3,5,3,3,2,1,2,1
6,38,20,6.156071776786121e-07,0,0,5,3,3,2,3,4,2,1,2,1
6,38,21,2.324498382222373e-06,0,0,5,3,3,3,3,4,2,1,2,1
6,38,22,9.470372788200621e-07,0,0,5,3,3,4,3,4,2,1,2,1
6,38,25,5.343121665646322e-05,0,0,5,3,3,1,3,5,2,1,2,1
6,38,27,5.039074039814295e-06,0,0,5,3,3,3,3,5,2,1,2,1
6,38,30,5.834240801050328e-05,0,0,5,3,3,6,3,5,2,1,2,1
6,38,33,3.642680042048596e-07,0,0,5,4,3,3,3,3,2,1,2,1
6,38,34,3.636863084466313e-06,0,0,5,4,3,4,3,4,2,1,2,1
6,38,35,4.2050942283822224e-05,0,0,5,4,3,5,3,5,2,1,2,1
6,38,39,2.9751194233540446e-05,0,0,5,5,3,4,3,4,2,2,2,2
6,38,40,0.0006699437508359551,0,0,5,5,3,5,3,5,2,2,2,2
6,38,41,0.0031199147924780846,0,1,5,6,3,1,3,0,2,0,2,1
6,38,44,0.0007995531777851284,0,1,5,6,3,4,3,0,2,0,2,1
6,38,46,0.00011591456859605387,0,1,5,6,3,6,3,0,2,0,2,1
6,42,0,5.0534958973003086e-06,1,0,6,1,2,0,0,0,0,2,1,4
6,42,3,0.0029231212101876736,1,0,6,3,2,3,0,1,0,1,1,1
6,42,4,0.010927562601864338,1,0,6,3,2,4,0,1,0,1,1,1
6,42,5,0.005111417733132839,1,0,6,3,2,5,0,1,0,1,1,1
6,42,9,0.00011994996020803228,1,0,6,3,2,3,0,2,0,1,1,1
6,42,11,0.00017544122238177806,1,0,6,3,2,5,0,2,0,1,1,1
6,42,12,0.003109618555754423,1,0,6,3,2,6,0,2,0,1,1,1
6,42,14,0.01600085385143757,1,0,6,3,2,2,0,3,0,1,1,1
6,42,16,0.01895349659025669,1,0,6,3,2,4,0,3,0,1,1,1
6,42,17,0.09031946212053299,1,0,6,3,2,5,0,3,0,1,1,1
6,42,20,0.0190883856266737,1,0,6,3,2,2,0,4,0,1,1,1
6,42,21,0.007793222088366747,1,0,6,3,2,3,0,4,0,1,1,1
6,42,22,0.022727709263563156,1,0,6,3,2,4,0,4,0,1,1,1
6,42,25,0.0020673295948654413,1,0,6,3,2,1,0,5,0,1,1,1
6,42,27,0.059398550540208817,1,0,6,3,2,3,0,5,0,1,1,1
6,42,30,0.009255055338144302,1,0,6,3,2,6,0,5,0,1,1,1
6,42,33,0.2702427804470062,1,0,6,4,2,3,0,3,0,1,1,1
6,42,34,0.049919355660676956,1,0,6,4,2,4,0,4,0,1,1,1
6,42,35,0.0916908010840416,1,0,6,4,2,5,0,5,0,1,1,1
6,42,39,0.07056443393230438,1,0,6,5,2,4,0,4,0,2,1,2
6,42,40,0.2493980973958969,1,0,6,5,2,5,0,5,0,2,1,2
6,42,41,5.021596734877676e-06,1,1,6,6,2,1,0,0,0,0,1,1
6,42,44,2.0694928025477566e-05,1,1,6,6,2,4,0,0,0,0,1,1
6,42,46,0.0001824437640607357,1,1,6,6,2,6,0,0,0,0,1,1
6,43,0,0.0001171994226751849,1,0,6,1,3,0,0,0,0,2,1,4
6,43,3,0.004548383876681328,1,0,6,3,3,3,0,1,0,1,1,1
6,43,4,0.03373230993747711,1,0,6,3,3,4,0,1,0,1,1,1
6,43,5,0.0021983813494443893,1,0,6,3,3,5,0,1,0,1,1,1
6,43,9,0.0008234530687332153,1,0,6,3,3,3,0,2,0,1,1,1
6,43,11,0.00047203744179569185,1,0,6,3,3,5,0,2,0,1,1,1
6,43,12,0.010116343386471272,1,0,6,3,3,6,0,2,0,1,1,1
6,43,14,0.01289916131645441,1,0,6,3,3,2,0,3,0,1,1,1
6,43,16,0.019112741574645042,1,0,6,3,3,4,0,3,0,1,1,1
6,43,17,0.009015662595629692,1,0,6,3,3,5,0,3,0,1,1,1
6,43,20,0.011327918618917465,1,0,6,3,3,2,0,4,0,1,1,1
6,43,21,0.004731608089059591,1,0,6,3,3,3,0,4,0,1,1,1
6,43,22,0.027930740267038345,1,0,6,3,3,4,0,4,0,1,1,1
6,43,25,0.00470656156539917,1,0,6,3,3,1,0,5,0,1,1,1
6,43,27,0.005726528819650412,1,0,6,3,3,3,0,5,0,1,1,1
6,43,30,0.00891316868364811,1,0,6,3,3,6,0,5,0,1,1,1
6,43,33,0.03002268262207508,1,0,6,4,3,3,0,3,0,1,1,1
6,43,34,0.06626398116350174,1,0,6,4,3,4,0,4,0,1,1,1
6,43,35,0.005705856718122959,1,0,6,4,3,5,0,5,0,1,1,1
6,43,39,0.5526599287986755,1,0,6,5,3,4,0,4,0,2,1,2
6,43,40,0.17061494290828705,1,0,6,5,3,5,0,5,0,2,1,2
6,43,41,0.002702958881855011,1,1,6,6,3,1,0,0,0,0,1,1
6,43,44,0.0023902785032987595,1,1,6,6,3,4,0,0,0,0,1,1
6,43,46,0.01326762791723013,1,1,6,6,3,6,0,0,0,0,1,1
6,45,0,0.0005009558517485857,1,0,6,1,5,0,0,0,0,2,1,4
6,45,3,0.003442522371187806,1,0,6,3,5,3,0,1,0,1,1,1
6,45,4,0.03453709930181503,1,0,6,3,5,4,0,1,0,1,1,1
6,45,5,0.007829122245311737,1,0,6,3,5,5,0,1,0,1,1,1
6,45,9,0.0005114288651384413,1,0,6,3,5,3,0,2,0,1,1,1
6,45,11,0.0006918840226717293,1,0,6,3,5,5,0,2,0,1,1,1
6,45,12,0.0024406726006418467,1,0,6,3,5,6,0,2,0,1,1,1
6,45,14,0.0636632964015007,1,0,6,3,5,2,0,3,0,1,1,1
6,45,16,0.03554042801260948,1,0,6,3,5,4,0,3,0,1,1,1
6,45,17,0.0846647173166275,1,0,6,3,5,5,0,3,0,1,1,1
6,45,20,0.05043444037437439,1,0,6,3,5,2,0,4,0,1,1,1
6,45,21,0.01978025771677494,1,0,6,3,5,3,0,4,0,1,1,1
6,45,22,0.059585586190223694,1,0,6,3,5,4,0,4,0,1,1,1
6,45,25,0.007461212575435638,1,0,6,3,5,1,0,5,0,1,1,1
6,45,27,0.04363453760743141,1,0,6,3,5,3,0,5,0,1,1,1
6,45,30,0.005456231068819761,1,0,6,3,5,6,0,5,0,1,1,1
6,45,33,0.15749306976795197,1,0,6,4,5,3,0,3,0,1,1,1
6,45,34,0.22379356622695923,1,0,6,4,5,4,0,4,0,1,1,1
6,45,35,0.022893887013196945,1,0,6,4,5,5,0,5,0,1,1,1
6,45,39,0.0845654159784317,1,0,6,5,5,4,0,4,0,2,1,2
6,45,40,0.04169618710875511,1,0,6,5,5,5,0,5,0,2,1,2
6,45,41,0.006870280019938946,1,1,6,6,5,1,0,0,0,0,1,1
6,45,44,0.014144724234938622,1,1,6,6,5,4,0,0,0,0,1,1
6,45,46,0.028368549421429634,1,1,6,6,5,6,0,0,0,0,1,1
6,47,0,0.00044535071356222034,2,0,7,1,0,0,0,0,0,2,4,4
6,47,3,0.0010516534093767405,2,0,7,3,0,3,0,1,0,1,4,1
6,47,4,0.002327681751921773,2,0,7,3,0,4,0,1,0,1,4,1
6,47,5,0.0049799056723713875,2,0,7,3,0,5,0,1,0,1,4,1
6,47,9,0.002840776462107897,2,0,7,3,0,3,0,2,0,1,4,1
6,47,11,0.01045166701078415,2,0,7,3,0,5,0,2,0,1,4,1
6,47,12,0.0016629525925964117,2,0,7,3,0,6,0,2,0,1,4,1
6,47,14,0.00014728293172083795,2,0,7,3,0,2,0,3,0,1,4,1
6,47,16,0.007060009986162186,2,0,7,3,0,4,0,3,0,1,4,1
6,47,17,0.0005614230176433921,2,0,7,3,0,5,0,3,0,1,4,1
6,47,20,0.00018943555187433958,2,0,7,3,0,2,0,4,0,1,4,1
6,47,21,0.0013407969381660223,2,0,7,3,0,3,0,4,0,1,4,1
6,47,22,0.0012122958432883024,2,0,7,3,0,4,0,4,0,1,4,1
6,47,25,0.0003213412419427186,2,0,7,3,0,1,0,5,0,1,4,1
6,47,27,0.00035592284984886646,2,0,7,3,0,3,0,5,0,1,4,1
6,47,30,0.0014817233895882964,2,0,7,3,0,6,0,5,0,1,4,1
6,47,33,0.00019407171930652112,2,0,7,4,0,3,0,3,0,1,4,1
6,47,34,0.015487056225538254,2,0,7,4,0,4,0,4,0,1,4,1
6,47,35,0.0007914911839179695,2,0,7,4,0,5,0,5,0,1,4,1
6,47,39,0.8000321388244629,2,0,7,5,0,4,0,4,0,2,4,2
6,47,40,0.14653106033802032,2,0,7,5,0,5,0,5,0,2,4,2
6,47,41,0.00011618302232818678,2,1,7,6,0,1,0,0,0,0,4,1
6,47,44,0.00012181916827103123,2,1,7,6,0,4,0,0,0,0,4,1
6,47,46,0.0002959023113362491,2,1,7,6,0,6,0,0,0,0,4,1
7,0,1,2.5721501515363343e-05,0,0,1,3,0,1,0,1,2,1,4,1
7,0,2,4.808051016880199e-05,0,0,1,3,0,2,0,1,2,1,4,1
7,0,6,6.72473615850322e-05,0,0,1,3,0,6,0,1,2,1,4,1
7,0,7,1.6393901205447037e-06,0,0,1,3,0,1,0,2,2,1,4,1
7,0,8,4.089475987711921e-05,0,0,1,3,0,2,0,2,2,1,4,1
7,0,10,8.123297448037192e-05,0,0,1,3,0,4,0,2,2,1,4,1
7,0,13,6.256798883441661e-07,0,0,1,3,0,1,0,3,2,1,4,1
7,0,15,7.1325725912174676e-06,0,0,1,3,0,3,0,3,2,1,4,1
7,0,18,1.1138106856378727e-05,0,0,1,3,0,6,0,3,2,1,4,1
7,0,19,7.568730353568753e-08,0,0,1,3,0,1,0,4,2,1,4,1
7,0,23,4.0454884242535627e-07,0,0,1,3,0,5,0,4,2,1,4,1
7,0,24,0.00013584464613813907,0,0,1,3,0,6,0,4,2,1,4,1
7,0,26,1.6306472389260307e-05,0,0,1,3,0,2,0,5,2,1,4,1
7,0,28,3.5021530493395403e-06,0,0,1,3,0,4,0,5,2,1,4,1
7,0,29,9.892359003060847e-07,0,0,1,3,0,5,0,5,2,1,4,1
7,0,31,0.0006238407804630697,0,0,1,4,0,1,0,1,2,1,4,1
7,0,32,0.9851244688034058,0,0,1,4,0,2,0,2,2,1,4,1
7,0,36,3.188074333593249e-05,0,0,1,5,0,1,0,1,2,2,4,2
7,0,37,0.013661845587193966,0,0,1,5,0,2,0,2,2,2,4,2
7,0,38,8.679478924022987e-05,0,0,1,5,0,3,0,3,2,2,4,2
7,0,42,7.91068214311963e-06,0,1,1,6,0,2,0,0,2,0,4,1
7,0,43,4.624595476343529e-06,0,1,1,6,0,3,0,0,2,0,4,1
7,0,45,5.286488431011094e-06,0,1,1,6,0,5,0,0,2,0,4,1
7,0,47,1.2270096704014577e-05,0,2,1,7,0,0,0,0,2,0,4,4
7,3,1,0.01192149706184864,0,0,3,3,3,1,1,1,1,1,1,1
7,3,2,0.017668789252638817,0,0,3,3,3,2,1,1,1,1,1,1
7,3,6,0.025589579716324806,0,0,3,3,3,6,1,1,1,1,1,1
7,3,7,0.009378872811794281,0,0,3,3,3,1,1,2,1,1,1,1
7,3,8,0.036545585840940475,0,0,3,3,3,2,1,2,1,1,1,1
7,3,10,0.4655083417892456,0,0,3,3,3,4,1,2,1,1,1,1
7,3,13,0.014350690878927708,0,0,3,3,3,1,1,3,1,1,1,1
7,3,15,0.0841350108385086,0,0,3,3,3,3,1,3,1,1,1,1
7,3,18,0.013950705528259277,0,0,3,3,3,6,1,3,1,1,1,1
7,3,19,0.013617920689284801,0,0,3,3,3,1,1,4,1,1,1,1
7,3,23,0.01116456463932991,0,0,3,3,3,5,1,4,1,1,1,1
7,3,24,0.005637765396386385,0,0,3,3,3,6,1,4,1,1,1,1
7,3,26,0.01816374808549881,0,0,3,3,3,2,1,5,1,1,1,1
7,3,28,0.04339992254972458,0,0,3,3,3,4,1,5,1,1,1,1
7,3,29,0.008219052106142044,0,0,3,3,3,5,1,5,1,1,1,1
7,3,31,0.015214966610074043,0,0,3,4,3,1,1,1,1,1,1,1
7,3,32,0.0269758403301239,0,0,3,4,3,2,1,2,1,1,1,1
7,3,36,0.004363964777439833,0,0,3,5,3,1,1,1,1,2,1,2
7,3,37,0.009395691566169262,0,0,3,5,3,2,1,2,1,2,1,2
7,3,38,0.10616001486778259,0,0,3,5,3,3,1,3,1,2,1,2
7,3,42,0.005493509117513895,0,1,3,6,3,2,1,0,1,0,1,1
7,3,43,0.0403214693069458,0,1,3,6,3,3,1,0,1,0,1,1
7,3,45,0.008752577938139439,0,1,3,6,3,5,1,0,1,0,1,1
7,3,47,0.004069899208843708,0,2,3,7,3,0,1,0,1,0,1,4
7,4,1,0.0078792255371809,0,0,3,3,4,1,1,1,1,1,1,1
7,4,2,0.007185148075222969,0,0,3,3,4,2,1,1,1,1,1,1
7,4,6,0.0071223401464521885,0,0,3,3,4,6,1,1,1,1,1,1
7,4,7,0.0042456965893507,0,0,3,3,4,1,1,2,1,1,1,1
7,4,8,0.012781117111444473,0,0,3,3,4,2,1,2,1,1,1,1
7,4,10,0.755144476890564,0,0,3,3,4,4,1,2,1,1,1,1
7,4,13,0.003116645384579897,0,0,3,3,4,1,1,3,1,1,1,1
7,4,15,0.004541311878710985,0,0,3,3,4,3,1,3,1,1,1,1
7,4,18,0.002232509898021817,0,0,3,3,4,6,1,3,1,1,1,1
7,4,19,0.001012900611385703,0,0,3,3,4,1,1,4,1,1,1,1
7,4,23,0.0002960529236588627,0,0,3,3,4,5,1,4,1,1,1,1
7,4,24,0.00045673432759940624,0,0,3,3,4,6,1,4,1,1,1,1
7,4,26,0.007377406116575003,0,0,3,3,4,2,1,5,1,1,1,1
7,4,28,0.005998821929097176,0,0,3,3,4,4,1,5,1,1,1,1
7,4,29,0.0003163655346725136,0,0,3,3,4,5,1,5,1,1,1,1
7,4,31,0.021665073931217194,0,0,3,4,4,1,1,1,1,1,1,1
7,4,32,0.11844759434461594,0,0,3,4,4,2,1,2,1,1,1,1
7,4,36,0.0011604411993175745,0,0,3,5,4,1,1,1,1,2,1,2
7,4,37,0.024552471935749054,0,0,3,5,4,2,1,2,1,2,1,2
7,4,38,0.011067276820540428,0,0,3,5,4,3,1,3,1,2,1,2
7,4,42,0.0004867937823291868,0,1,3,6,4,2,1,0,1,0,1,1
7,4,43,0.002180354902520776,0,1,3,6,4,3,1,0,1,0,1,1
7,4,45,0.00058697973145172,0,1,3,6,4,5,1,0,1,0,1,1
7,4,47,0.000146622842294164,0,2,3,7,4,0,1,0,1,0,1,4
7,5,1,0.01831159181892872,0,0,3,3,5,1,1,1,1,1,1,1
7,5,2,0.00791680533438921,0,0,3,3,5,2,1,1,1,1,1,1
7,5,6,0.008378100581467152,0,0,3,3,5,6,1,1,1,1,1,1
7,5,7,0.005771124269813299,0,0,3,3,5,1,1,2,1,1,1,1
7,5,8,0.012609630823135376,0,0,3,3,5,2,1,2,1,1,1,1
7,5,10,0.25946202874183655,0,0,3,3,5,4,1,2,1,1,1,1
7,5,13,0.015250349417328835,0,0,3,3,5,1,1,3,1,1,1,1
7,5,15,0.014680923894047737,0,0,3,3,5,3,1,3,1,1,1,1
7,5,18,0.01629343442618847,0,0,3,3,5,6,1,3,1,1,1,1
7,5,19,0.001844153506681323,0,0,3,3,5,1,1,4,1,1,1,1
7,5,23,0.00041202851571142673,0,0,3,3,5,5,1,4,1,1,1,1
7,5,24,0.0011541976127773523,0,0,3,3,5,6,1,4,1,1,1,1
7,5,26,0.01355996448546648,0,0,3,3,5,2,1,5,1,1,1,1
7,5,28,0.016152648255228996,0,0,3,3,5,4,1,5,1,1,1,1
7,5,29,0.0014493614435195923,0,0,3,3,5,5,1,5,1,1,1,1
7,5,31,0.024362195283174515,0,0,3,4,5,1,1,1,1,1,1,1
7,5,32,0.3394409418106079,0,0,3,4,5,2,1,2,1,1,1,1
7,5,36,0.004907694179564714,0,0,3,5,5,1,1,1,1,2,1,2
7,5,37,0.11351598799228668,0,0,3,5,5,2,1,2,1,2,1,2
7,5,38,0.10872378945350647,0,0,3,5,5,3,1,3,1,2,1,2
7,5,42,0.0013357338029891253,0,1,3,6,5,2,1,0,1,0,1,1
7,5,43,0.012489078566432,0,1,3,6,5,3,1,0,1,0,1,1
7,5,45,0.0019297389080747962,0,1,3,6,5,5,1,0,1,0,1,1
7,5,47,4.8493668145965785e-05,0,2,3,7,5,0,1,0,1,0,1,4
7,9,1,0.1030397117137909,0,0,3,3,3,1,2,1,1,1,1,1
7,9,2,0.030322803184390068,0,0,3,3,3,2,2,1,1,1,1,1
7,9,6,0.016941992565989494,0,0,3,3,3,6,2,1,1,1,1,1
7,9,7,0.18352319300174713,0,0,3,3,3,1,2,2,1,1,1,1
7,9,8,0.05995771661400795,0,0,3,3,3,2,2,2,1,1,1,1
7,9,10,0.16269630193710327,0,0,3,3,3,4,2,2,1,1,1,1
7,9,13,0.0452800914645195,0,0,3,3,3,1,2,3,1,1,1,1
7,9,15,0.01062422338873148,0,0,3,3,3,3,2,3,1,1,1,1
7,9,18,0.017737630754709244,0,0,3,3,3,6,2,3,1,1,1,1
7,9,19,0.022484630346298218,0,0,3,3,3,1,2,4,1,1,1,1
7,9,23,0.003978091757744551,0,0,3,3,3,5,2,4,1,1,1,1
7,9,24,0.0014017487410455942,0,0,3,3,3,6,2,4,1,1,1,1
7,9,26,0.04359994828701019,0,0,3,3,3,2,2,5,1,1,1,1
7,9,28,0.031777139753103256,0,0,3,3,3,4,2,5,1,1,1,1
7,9,29,0.019570529460906982,0,0,3,3,3,5,2,5,1,1,1,1
7,9,31,0.05718160420656204,0,0,3,4,3,1,2,1,1,1,1,1
7,9,32,0.011372661218047142,0,0,3,4,3,2,2,2,1,1,1,1
7,9,36,0.03895742818713188,0,0,3,5,3,1,2,1,1,2,1,2
7,9,37,0.04530306160449982,0,0,3,5,3,2,2,2,1,2,1,2
7,9,38,0.024275081232190132,0,0,3,5,3,3,2,3,1,2,1,2
7,9,42,0.01789097487926483,0,1,3,6,3,2,2,0,1,0,1,1
7,9,43,0.023747822269797325,0,1,3,6,3,3,2,0,1,0,1,1
7,9,45,0.027039609849452972,0,1,3,6,3,5,2,0,1,0,1,1
7,9,47,0.0012958053266629577,0,2,3,7,3,0,2,0,1,0,1,4
7,11,1,0.01924082636833191,0,0,3,3,5,1,2,1,1,1,1,1
7,11,2,0.01635008119046688,0,0,3,3,5,2,2,1,1,1,1,1
7,11,6,0.0076036457903683186,0,0,3,3,5,6,2,1,1,1,1,1
7,11,7,0.01332314033061266,0,0,3,3,5,1,2,2,1,1,1,1
7,11,8,0.01645139418542385,0,0,3,3,5,2,2,2,1,1,1,1
7,11,10,0.0779288038611412,0,0,3,3,5,4,2,2,1,1,1,1
7,11,13,0.013966649770736694,0,0,3,3,5,1,2,3,1,1,1,1
7,11,15,0.005331889726221561,0,0,3,3,5,3,2,3,1,1,1,1
7,11,18,0.007380008231848478,0,0,3,3,5,6,2,3,1,1,1,1
7,11,19,0.0019280577544122934,0,0,3,3,5,1,2,4,1,1,1,1
7,11,23,0.0004087082634214312,0,0,3,3,5,5,2,4,1,1,1,1
7,11,24,0.0007924915989860892,0,0,3,3,5,6,2,4,1,1,1,1
7,11,26,0.0082534896209836,0,0,3,3,5,2,2,5,1,1,1,1
7,11,28,0.0031561676878482103,0,0,3,3,5,4,2,5,1,1,1,1
7,11,29,0.0008623201283626258,0,0,3,3,5,5,2,5,1,1,1,1
7,11,31,0.016605215147137642,0,0,3,4,5,1,2,1,1,1,1,1
7,11,32,0.30744698643684387,0,0,3,4,5,2,2,2,1,1,1,1
7,11,36,0.016123967245221138,0,0,3,5,5,1,2,1,1,2,1,2
7,11,37,0.43086129426956177,0,0,3,5,5,2,2,2,1,2,1,2
7,11,38,0.02969086542725563,0,0,3,5,5,3,2,3,1,2,1,2
7,11,42,0.0013001818442717195,0,1,3,6,5,2,2,0,1,0,1,1
7,11,43,0.0034616843331605196,0,1,3,6,5,3,2,0,1,0,1,1
7,11,45,0.0014637395506724715,0,1,3,6,5,5,2,0,1,0,1,1
7,11,47,6.850843783468008e-05,0,2,3,7,5,0,2,0,1,0,1,4
7,12,1,0.0098963538184762,0,0,3,3,6,1,2,1,1,1,1,1
7,12,2,0.0028622106183320284,0,0,3,3,6,2,2,1,1,1,1,1
7,12,6,0.0035459473729133606,0,0,3,3,6,6,2,1,1,1,1,1
7,12,7,0.0013312319060787559,0,0,3,3,6,1,2,2,1,1,1,1
7,12,8,0.0016511399298906326,0,0,3,3,6,2,2,2,1,1,1,1
7,12,10,0.05354183167219162,0,0,3,3,6,4,2,2,1,1,1,1
7,12,13,0.002940666861832142,0,0,3,3,6,1,2,3,1,1,1,1
7,12,15,0.0024457911495119333,0,0,3,3,6,3,2,3,1,1,1,1
7,12,18,0.002304336754605174,0,0,3,3,6,6,2,3,1,1,1,1
7,12,19,0.0003954852872993797,0,0,3,3,6,1,2,4,1,1,1,1
7,12,23,5.581525692832656e-05,0,0,3,3,6,5,2,4,1,1,1,1
7,12,24,0.0007573903421871364,0,0,3,3,6,6,2,4,1,1,1,1
7,12,26,0.00037522692582570016,0,0,3,3,6,2,2,5,1,1,1,1
7,12,28,0.0007010299013927579,0,0,3,3,6,4,2,5,1,1,1,1
7,12,29,5.143529051565565e-05,0,0,3,3,6,5,2,5,1,1,1,1
7,12,31,0.021218908950686455,0,0,3,4,6,1,2,1,1,1,1,1
7,12,32,0.7618347406387329,0,0,3,4,6,2,2,2,1,1,1,1
7,12,36,0.0033629671670496464,0,0,3,5,6,1,2,1,1,2,1,2
7,12,37,0.12264781445264816,0,0,3,5,6,2,2,2,1,2,1,2
7,12,38,0.006726323626935482,0,0,3,5,6,3,2,3,1,2,1,2
7,12,42,0.00014878490765113384,0,1,3,6,6,2,2,0,1,0,1,1
7,12,43,0.0007540715741924942,0,1,3,6,6,3,2,0,1,0,1,1
7,12,45,0.00023419188801199198,0,1,3,6,6,5,2,0,1,0,1,1
7,12,47,0.00021612460841424763,0,2,3,7,6,0,2,0,1,0,1,4
7,14,1,0.16723468899726868,0,0,3,3,2,1,3,1,1,1,1,1
7,14,2,0.029336214065551758,0,0,3,3,2,2,3,1,1,1,1,1
7,14,6,0.005289222579449415,0,0,3,3,2,6,3,1,1,1,1,1
7,14,7,0.05433913320302963,0,0,3,3,2,1,3,2,1,1,1,1
7,14,8,0.015943635255098343,0,0,3,3,2,2,3,2,1,1,1,1
7,14,10,0.03442123159766197,0,0,3,3,2,4,3,2,1,1,1,1
7,14,13,0.02089032158255577,0,0,3,3,2,1,3,3,1,1,1,1
7,14,15,0.010683947242796421,0,0,3,3,2,3,3,3,1,1,1,1
7,14,18,0.013508842326700687,0,0,3,3,2,6,3,3,1,1,1,1
7,14,19,0.00297609088011086,0,0,3,3,2,1,3,4,1,1,1,1
7,14,23,0.00011333914881106466,0,0,3,3,2,5,3,4,1,1,1,1
7,14,24,0.000912676565349102,0,0,3,3,2,6,3,4,1,1,1,1
7,14,26,0.007487338501960039,0,0,3,3,2,2,3,5,1,1,1,1
7,14,28,0.013410034589469433,0,0,3,3,2,4,3,5,1,1,1,1
7,14,29,0.0013812180841341615,0,0,3,3,2,5,3,5,1,1,1,1
7,14,31,0.06517644226551056,0,0,3,4,2,1,3,1,1,1,1,1
7,14,32,0.07463274151086807,0,0,3,4,2,2,3,2,1,1,1,1
7,14,36,0.04512239620089531,0,0,3,5,2,1,3,1,1,2,1,2
7,14,37,0.3007214665412903,0,0,3,5,2,2,3,2,1,2,1,2
7,14,38,0.05409921705722809,0,0,3,5,2,3,3,3,1,2,1,2
7,14,42,0.02358093112707138,0,1,3,6,2,2,3,0,1,0,1,1
7,14,43,0.031169649213552475,0,1,3,6,2,3,3,0,1,0,1,1
7,14,45,0.021506665274500847,0,1,3,6,2,5,3,0,1,0,1,1
7,14,47,0.006062725093215704,0,2,3,7,2,0,3,0,1,0,1,4
7,16,1,0.04001101478934288,0,0,3,3,4,1,3,1,1,1,1,1
7,16,2,0.03462470695376396,0,0,3,3,4,2,3,1,1,1,1,1
7,16,6,0.010105255991220474,0,0,3,3,4,6,3,1,1,1,1,1
7,16,7,0.017374437302350998,0,0,3,3,4,1,3,2,1,1,1,1
7,16,8,0.022819198668003082,0,0,3,3,4,2,3,2,1,1,1,1
7,16,10,0.28964653611183167,0,0,3,3,4,4,3,2,1,1,1,1
7,16,13,0.02182871289551258,0,0,3,3,4,1,3,3,1,1,1,1
7,16,15,0.037869203835725784,0,0,3,3,4,3,3,3,1,1,1,1
7,16,18,0.010255618952214718,0,0,3,3,4,6,3,3,1,1,1,1
7,16,19,0.004884023685008287,0,0,3,3,4,1,3,4,1,1,1,1
7,16,23,0.0008347665425390005,0,0,3,3,4,5,3,4,1,1,1,1
7,16,24,0.001826512161642313,0,0,3,3,4,6,3,4,1,1,1,1
7,16,26,0.01275717094540596,0,0,3,3,4,2,3,5,1,1,1,1
7,16,28,0.053214747458696365,0,0,3,3,4,4,3,5,1,1,1,1
7,16,29,0.0033584441989660263,0,0,3,3,4,5,3,5,1,1,1,1
7,16,31,0.024421220645308495,0,0,3,4,4,1,3,1,1,1,1,1
7,16,32,0.01187218353152275,0,0,3,4,4,2,3,2,1,1,1,1
7,16,36,0.0108211450278759,0,0,3,5,4,1,3,1,1,2,1,2
7,16,37,0.015768084675073624,0,0,3,5,4,2,3,2,1,2,1,2
7,16,38,0.14638477563858032,0,0,3,5,4,3,3,3,1,2,1,2
7,16,42,0.055251240730285645,0,1,3,6,4,2,3,0,1,0,1,1
7,16,43,0.09818550944328308,0,1,3,6,4,3,3,0,1,0,1,1
7,16,45,0.05183696374297142,0,1,3,6,4,5,3,0,1,0,1,1
7,16,47,0.024048063904047012,0,2,3,7,4,0,3,0,1,0,1,4
7,17,1,0.09896911680698395,0,0,3,3,5,1,3,1,1,1,1,1
7,17,2,0.019772261381149292,0,0,3,3,5,2,3,1,1,1,1,1
7,17,6,0.002538914792239666,0,0,3,3,5,6,3,1,1,1,1,1
7,17,7,0.028241850435733795,0,0,3,3,5,1,3,2,1,1,1,1
7,17,8,0.007671199273318052,0,0,3,3,5,2,3,2,1,1,1,1
7,17,10,0.07034552842378616,0,0,3,3,5,4,3,2,1,1,1,1
7,17,13,0.07414413243532181,0,0,3,3,5,1,3,3,1,1,1,1
7,17,15,0.02139347977936268,0,0,3,3,5,3,3,3,1,1,1,1
7,17,18,0.027315152809023857,0,0,3,3,5,6,3,3,1,1,1,1
7,17,19,0.004239298403263092,0,0,3,3,5,1,3,4,1,1,1,1
7,17,23,5.9604142734315246e-05,0,0,3,3,5,5,3,4,1,1,1,1
7,17,24,0.00032399094197899103,0,0,3,3,5,6,3,4,1,1,1,1
7,17,26,0.0038311893586069345,0,0,3,3,5,2,3,5,1,1,1,1
7,17,28,0.021863872185349464,0,0,3,3,5,4,3,5,1,1,1,1
7,17,29,0.0005217392463237047,0,0,3,3,5,5,3,5,1,1,1,1
7,17,31,0.019944915547966957,0,0,3,4,5,1,3,1,1,1,1,1
7,17,32,0.0796130895614624,0,0,3,4,5,2,3,2,1,1,1,1
7,17,36,0.01948440447449684,0,0,3,5,5,1,3,1,1,2,1,2
7,17,37,0.2080356925725937,0,0,3,5,5,2,3,2,1,2,1,2
7,17,38,0.16617867350578308,0,0,3,5,5,3,3,3,1,2,1,2
7,17,42,0.03307773172855377,0,1,3,6,5,2,3,0,1,0,1,1
7,17,43,0.07522574812173843,0,1,3,6,5,3,3,0,1,0,1,1
7,17,45,0.015733351930975914,0,1,3,6,5,5,3,0,1,0,1,1
7,17,47,0.0014748472021892667,0,2,3,7,5,0,3,0,1,0,1,4
7,20,1,0.01714089699089527,0,0,3,3,2,1,4,1,1,1,1,1
7,20,2,0.011494872160255909,0,0,3,3,2,2,4,1,1,1,1,1
7,20,6,0.001453965436667204,0,0,3,3,2,6,4,1,1,1,1,1
7,20,7,0.00416169036179781,0,0,3,3,2,1,4,2,1,1,1,1
7,20,8,0.004232876002788544,0,0,3,3,2,2,4,2,1,1,1,1
7,20,10,0.12433349341154099,0,0,3,3,2,4,4,2,1,1,1,1
7,20,13,0.007346946280449629,0,0,3,3,2,1,4,3,1,1,1,1
7,20,15,0.01764172688126564,0,0,3,3,2,3,4,3,1,1,1,1
7,20,18,0.001383194699883461,0,0,3,3,2,6,4,3,1,1,1,1
7,20,19,0.00046341633424162865,0,0,3,3,2,1,4,4,1,1,1,1
7,20,23,1.813409289752599e-05,0,0,3,3,2,5,4,4,1,1,1,1
7,20,24,5.8841320424107835e-05,0,0,3,3,2,6,4,4,1,1,1,1
7,20,26,0.000574133126065135,0,0,3,3,2,2,4,5,1,1,1,1
7,20,28,0.0008680350729264319,0,0,3,3,2,4,4,5,1,1,1,1
7,20,29,3.505560744088143e-05,0,0,3,3,2,5,4,5,1,1,1,1
7,20,31,0.01410732977092266,0,0,3,4,2,1,4,1,1,1,1,1
7,20,32,0.26597726345062256,0,0,3,4,2,2,4,2,1,1,1,1
7,20,36,0.008710036054253578,0,0,3,5,2,1,4,1,1,2,1,2
7,20,37,0.36701470613479614,0,0,3,5,2,2,4,2,1,2,1,2
7,20,38,0.12333983927965164,0,0,3,5,2,3,4,3,1,2,1,2
7,20,42,0.004381913226097822,0,1,3,6,2,2,4,0,1,0,1,1
7,20,43,0.020889664068818092,0,1,3,6,2,3,4,0,1,0,1,1
7,20,45,0.003753234865143895,0,1,3,6,2,5,4,0,1,0,1,1
7,20,47,0.000618648948147893,0,2,3,7,2,0,4,0,1,0,1,4
7,21,1,0.09741578996181488,0,0,3,3,3,1,4,1,1,1,1,1
7,21,2,0.014622577466070652,0,0,3,3,3,2,4,1,1,1,1,1
7,21,6,0.004364069551229477,0,0,3,3,3,6,4,1,1,1,1,1
7,21,7,0.024805525317788124,0,0,3,3,3,1,4,2,1,1,1,1
7,21,8,0.008057964965701103,0,0,3,3,3,2,4,2,1,1,1,1
7,21,10,0.27354300022125244,0,0,3,3,3,4,4,2,1,1,1,1
7,21,13,0.05761028826236725,0,0,3,3,3,1,4,3,1,1,1,1
7,21,15,0.057730190455913544,0,0,3,3,3,3,4,3,1,1,1,1
7,21,18,0.013735956512391567,0,0,3,3,3,6,4,3,1,1,1,1
7,21,19,0.012721942737698555,0,0,3,3,3,1,4,4,1,1,1,1
7,21,23,0.00039229559479281306,0,0,3,3,3,5,4,4,1,1,1,1
7,21,24,0.0004177732625976205,0,0,3,3,3,6,4,4,1,1,1,1
7,21,26,0.0031074988655745983,0,0,3,3,3,2,4,5,1,1,1,1
7,21,28,0.026842940598726273,0,0,3,3,3,4,4,5,1,1,1,1
7,21,29,0.0009557055309414864,0,0,3,3,3,5,4,5,1,1,1,1
7,21,31,0.035111334174871445,0,0,3,4,3,1,4,1,1,1,1,1
7,21,32,0.02097226493060589,0,0,3,4,3,2,4,2,1,1,1,1
7,21,36,0.01786557398736477,0,0,3,5,3,1,4,1,1,2,1,2
7,21,37,0.0256340429186821,0,0,3,5,3,2,4,2,1,2,1,2
7,21,38,0.1336328089237213,0,0,3,5,3,3,4,3,1,2,1,2
7,21,42,0.023846397176384926,0,1,3,6,3,2,4,0,1,0,1,1
7,21,43,0.11788711696863174,0,1,3,6,3,3,4,0,1,0,1,1
7,21,45,0.022376177832484245,0,1,3,6,3,5,4,0,1,0,1,1
7,21,47,0.006350946146994829,0,2,3,7,3,0,4,0,1,0,1,4
7,22,1,0.04116449132561684,0,0,3,3,4,1,4,1,1,1,1,1
7,22,2,0.028331510722637177,0,0,3,3,4,2,4,1,1,1,1,1
7,22,6,0.02480904944241047,0,0,3,3,4,6,4,1,1,1,1,1
7,22,7,0.020396411418914795,0,0,3,3,4,1,4,2,1,1,1,1
7,22,8,0.031054383143782616,0,0,3,3,4,2,4,2,1,1,1,1
7,22,10,0.366213858127594,0,0,3,3,4,4,4,2,1,1,1,1
7,22,13,0.0180947445333004,0,0,3,3,4,1,4,3,1,1,1,1
7,22,15,0.05117780715227127,0,0,3,3,4,3,4,3,1,1,1,1
7,22,18,0.027033912017941475,0,0,3,3,4,6,4,3,1,1,1,1
7,22,19,0.02416655793786049,0,0,3,3,4,1,4,4,1,1,1,1
7,22,23,0.006832338869571686,0,0,3,3,4,5,4,4,1,1,1,1
7,22,24,0.006403323728591204,0,0,3,3,4,6,4,4,1,1,1,1
7,22,26,0.05181199684739113,0,0,3,3,4,2,4,5,1,1,1,1
7,22,28,0.11091876029968262,0,0,3,3,4,4,4,5,1,1,1,1
7,22,29,0.009563000872731209,0,0,3,3,4,5,4,5,1,1,1,1
7,22,31,0.044571008533239365,0,0,3,4,4,1,4,1,1,1,1,1
7,22,32,0.03853919729590416,0,0,3,4,4,2,4,2,1,1,1,1
7,22,36,0.007136648986488581,0,0,3,5,4,1,4,1,1,2,1,2
7,22,37,0.011341769248247147,0,0,3,5,4,2,4,2,1,2,1,2
7,22,38,0.02814209647476673,0,0,3,5,4,3,4,3,1,2,1,2
7,22,42,0.0038014475721865892,0,1,3,6,4,2,4,0,1,0,1,1
7,22,43,0.03462287038564682,0,1,3,6,4,3,4,0,1,0,1,1
7,22,45,0.0049462770111858845,0,1,3,6,4,5,4,0,1,0,1,1
7,22,47,0.008926722221076488,0,2,3,7,4,0,4,0,1,0,1,4
7,25,1,0.04297314211726189,0,0,3,3,1,1,5,1,1,1,1,1
7,25,2,0.009351040236651897,0,0,3,3,1,2,5,1,1,1,1,1
7,25,6,0.008279772475361824,0,0,3,3,1,6,5,1,1,1,1,1
7,25,7,0.00991311389952898,0,0,3,3,1,1,5,2,1,1,1,1
7,25,8,0.008872298523783684,0,0,3,3,1,2,5,2,1,1,1,1
7,25,10,0.2154279351234436,0,0,3,3,1,4,5,2,1,1,1,1
7,25,13,0.014240056276321411,0,0,3,3,1,1,5,3,1,1,1,1
7,25,15,0.009417416527867317,0,0,3,3,1,3,5,3,1,1,1,1
7,25,18,0.007165500428527594,0,0,3,3,1,6,5,3,1,1,1,1
7,25,19,0.0067726727575063705,0,0,3,3,1,1,5,4,1,1,1,1
7,25,23,0.000781260256189853,0,0,3,3,1,5,5,4,1,1,1,1
7,25,24,0.0007401718175970018,0,0,3,3,1,6,5,4,1,1,1,1
7,25,26,0.005116878543049097,0,0,3,3,1,2,5,5,1,1,1,1
7,25,28,0.0030759565997868776,0,0,3,3,1,4,5,5,1,1,1,1
7,25,29,0.0008538669790141284,0,0,3,3,1,5,5,5,1,1,1,1
7,25,31,0.03290887922048569,0,0,3,4,1,1,5,1,1,1,1,1
7,25,32,0.29144275188446045,0,0,3,4,1,2,5,2,1,1,1,1
7,25,36,0.013534752652049065,0,0,3,5,1,1,5,1,1,2,1,2
7,25,37,0.2667579650878906,0,0,3,5,1,2,5,2,1,2,1,2
7,25,38,0.041773244738578796,0,0,3,5,1,3,5,3,1,2,1,2
7,25,42,0.0006785767036490142,0,1,3,6,1,2,5,0,1,0,1,1
7,25,43,0.007616737391799688,0,1,3,6,1,3,5,0,1,0,1,1
7,25,45,0.002300472231581807,0,1,3,6,1,5,5,0,1,0,1,1
7,25,47,5.67764163861284e-06,0,2,3,7,1,0,5,0,1,0,1,4
7,27,1,0.03869212418794632,0,0,3,3,3,1,5,1,1,1,1,1
7,27,2,0.023633364588022232,0,0,3,3,3,2,5,1,1,1,1,1
7,27,6,0.010625533759593964,0,0,3,3,3,6,5,1,1,1,1,1
7,27,7,0.022669700905680656,0,0,3,3,3,1,5,2,1,1,1,1
7,27,8,0.021002009510993958,0,0,3,3,3,2,5,2,1,1,1,1
7,27,10,0.400447815656662,0,0,3,3,3,4,5,2,1,1,1,1
7,27,13,0.01715174876153469,0,0,3,3,3,1,5,3,1,1,1,1
7,27,15,0.045317552983760834,0,0,3,3,3,3,5,3,1,1,1,1
7,27,18,0.006573254242539406,0,0,3,3,3,6,5,3,1,1,1,1
7,27,19,0.01616322435438633,0,0,3,3,3,1,5,4,1,1,1,1
7,27,23,0.0022505121305584908,0,0,3,3,3,5,5,4,1,1,1,1
7,27,24,0.0010236616944894195,0,0,3,3,3,6,5,4,1,1,1,1
7,27,26,0.002052472671493888,0,0,3,3,3,2,5,5,1,1,1,1
7,27,28,0.005789192393422127,0,0,3,3,3,4,5,5,1,1,1,1
7,27,29,0.0009414082742296159,0,0,3,3,3,5,5,5,1,1,1,1
7,27,31,0.01783747412264347,0,0,3,4,3,1,5,1,1,1,1,1
7,27,32,0.1302608996629715,0,0,3,4,3,2,5,2,1,1,1,1
7,27,36,0.015909435227513313,0,0,3,5,3,1,5,1,1,2,1,2
7,27,37,0.10925472527742386,0,0,3,5,3,2,5,2,1,2,1,2
7,27,38,0.06643921136856079,0,0,3,5,3,3,5,3,1,2,1,2
7,27,42,0.006529274396598339,0,1,3,6,3,2,5,0,1,0,1,1
7,27,43,0.028415141627192497,0,1,3,6,3,3,5,0,1,0,1,1
7,27,45,0.010342242196202278,0,1,3,6,3,5,5,0,1,0,1,1
7,27,47,0.0006782855489291251,0,2,3,7,3,0,5,0,1,0,1,4
7,30,1,0.06390417367219925,0,0,3,3,6,1,5,1,1,1,1,1
7,30,2,0.004136157687753439,0,0,3,3,6,2,5,1,1,1,1,1
7,30,6,0.006058789324015379,0,0,3,3,6,6,5,1,1,1,1,1
7,30,7,0.011667056940495968,0,0,3,3,6,1,5,2,1,1,1,1
7,30,8,0.005069696344435215,0,0,3,3,6,2,5,2,1,1,1,1
7,30,10,0.16472730040550232,0,0,3,3,6,4,5,2,1,1,1,1
7,30,13,0.022384531795978546,0,0,3,3,6,1,5,3,1,1,1,1
7,30,15,0.006725495681166649,0,0,3,3,6,3,5,3,1,1,1,1
7,30,18,0.012288874015212059,0,0,3,3,6,6,5,3,1,1,1,1
7,30,19,0.003790647257119417,0,0,3,3,6,1,5,4,1,1,1,1
7,30,23,0.00013189388846512884,0,0,3,3,6,5,5,4,1,1,1,1
7,30,24,0.0007211160263977945,0,0,3,3,6,6,5,4,1,1,1,1
7,30,26,0.002562166191637516,0,0,3,3,6,2,5,5,1,1,1,1
7,30,28,0.00648717675358057,0,0,3,3,6,4,5,5,1,1,1,1
7,30,29,0.0003253156610298902,0,0,3,3,6,5,5,5,1,1,1,1
7,30,31,0.13989423215389252,0,0,3,4,6,1,5,1,1,1,1,1
7,30,32,0.343144953250885,0,0,3,4,6,2,5,2,1,1,1,1
7,30,36,0.00882856734097004,0,0,3,5,6,1,5,1,1,2,1,2
7,30,37,0.16336539387702942,0,0,3,5,6,2,5,2,1,2,1,2
7,30,38,0.02685210295021534,0,0,3,5,6,3,5,3,1,2,1,2
7,30,42,0.0007229281472973526,0,1,3,6,6,2,5,0,1,0,1,1
7,30,43,0.00445996318012476,0,1,3,6,6,3,5,0,1,0,1,1
7,30,45,0.0011656784918159246,0,1,3,6,6,5,5,0,1,0,1,1
7,30,47,0.0005859928205609322,0,2,3,7,6,0,5,0,1,0,1,4
7,33,1,0.2208605408668518,0,0,4,3,3,1,3,1,1,1,1,1
7,33,2,0.029665453359484673,0,0,4,3,3,2,3,1,1,1,1,1
7,33,6,0.01842661201953888,0,0,4,3,3,6,3,1,1,1,1,1
7,33,7,0.06434637308120728,0,0,4,3,3,1,3,2,1,1,1,1
7,33,8,0.01521732285618782,0,0,4,3,3,2,3,2,1,1,1,1
7,33,10,0.05595427379012108,0,0,4,3,3,4,3,2,1,1,1,1
7,33,13,0.014459796249866486,0,0,4,3,3,1,3,3,1,1,1,1
7,33,15,0.02894480712711811,0,0,4,3,3,3,3,3,1,1,1,1
7,33,18,0.03767484799027443,0,0,4,3,3,6,3,3,1,1,1,1
7,33,19,0.01461179181933403,0,0,4,3,3,1,3,4,1,1,1,1
7,33,23,0.0029674542602151632,0,0,4,3,3,5,3,4,1,1,1,1
7,33,24,0.019239025190472603,0,0,4,3,3,6,3,4,1,1,1,1
7,33,26,0.006210740655660629,0,0,4,3,3,2,3,5,1,1,1,1
7,33,28,0.09682679921388626,0,0,4,3,3,4,3,5,1,1,1,1
7,33,29,0.016008993610739708,0,0,4,3,3,5,3,5,1,1,1,1
7,33,31,0.06103416904807091,0,0,4,4,3,1,3,1,1,1,1,1
7,33,32,0.04681029170751572,0,0,4,4,3,2,3,2,1,1,1,1
7,33,36,0.04207963868975639,0,0,4,5,3,1,3,1,1,2,1,2
7,33,37,0.017912063747644424,0,0,4,5,3,2,3,2,1,2,1,2
7,33,38,0.014063236303627491,0,0,4,5,3,3,3,3,1,2,1,2
7,33,42,0.0167011097073555,0,1,4,6,3,2,3,0,1,0,1,1
7,33,43,0.04919649288058281,0,1,4,6,3,3,3,0,1,0,1,1
7,33,45,0.03930068388581276,0,1,4,6,3,5,3,0,1,0,1,1
7,33,47,0.07148747891187668,0,2,4,7,3,0,3,0,1,0,1,4
7,34,1,0.01653023436665535,0,0,4,3,4,1,4,1,1,1,1,1
7,34,2,0.015716858208179474,0,0,4,3,4,2,4,1,1,1,1,1
7,34,6,0.0258744265884161,0,0,4,3,4,6,4,1,1,1,1,1
7,34,7,0.00800224207341671,0,0,4,3,4,1,4,2,1,1,1,1
7,34,8,0.012346286326646805,0,0,4,3,4,2,4,2,1,1,1,1
7,34,10,0.07116498053073883,0,0,4,3,4,4,4,2,1,1,1,1
7,34,13,0.004424055572599173,0,0,4,3,4,1,4,3,1,1,1,1
7,34,15,0.004327013622969389,0,0,4,3,4,3,4,3,1,1,1,1
7,34,18,0.012093490920960903,0,0,4,3,4,6,4,3,1,1,1,1
7,34,19,0.0025853412225842476,0,0,4,3,4,1,4,4,1,1,1,1
7,34,23,0.0014205790357664227,0,0,4,3,4,5,4,4,1,1,1,1
7,34,24,0.013407858088612556,0,0,4,3,4,6,4,4,1,1,1,1
7,34,26,0.006340435240417719,0,0,4,3,4,2,4,5,1,1,1,1
7,34,28,0.007332291454076767,0,0,4,3,4,4,4,5,1,1,1,1
7,34,29,0.001127390656620264,0,0,4,3,4,5,4,5,1,1,1,1
7,34,31,0.03414934128522873,0,0,4,4,4,1,4,1,1,1,1,1
7,34,32,0.6875699758529663,0,0,4,4,4,2,4,2,1,1,1,1
7,34,36,0.005257104989141226,0,0,4,5,4,1,4,1,1,2,1,2
7,34,37,0.06285718828439713,0,0,4,5,4,2,4,2,1,2,1,2
7,34,38,0.0016298089176416397,0,0,4,5,4,3,4,3,1,2,1,2
7,34,42,0.0002275978185934946,0,1,4,6,4,2,4,0,1,0,1,1
7,34,43,0.0007576423231512308,0,1,4,6,4,3,4,0,1,0,1,1
7,34,45,0.00026744333445094526,0,1,4,6,4,5,4,0,1,0,1,1
7,34,47,0.004590533208101988,0,2,4,7,4,0,4,0,1,0,1,4
7,35,1,0.04789426177740097,0,0,4,3,5,1,5,1,1,1,1,1
7,35,2,0.012855197302997112,0,0,4,3,5,2,5,1,1,1,1,1
7,35,6,0.013816638849675655,0,0,4,3,5,6,5,1,1,1,1,1
7,35,7,0.012462599202990532,0,0,4,3,5,1,5,2,1,1,1,1
7,35,8,0.008740659803152084,0,0,4,3,5,2,5,2,1,1,1,1
7,35,10,0.11863046139478683,0,0,4,3,5,4,5,2,1,1,1,1
7,35,13,0.017528856173157692,0,0,4,3,5,1,5,3,1,1,1,1
7,35,15,0.02200215496122837,0,0,4,3,5,3,5,3,1,1,1,1
7,35,18,0.014545206911861897,0,0,4,3,5,6,5,3,1,1,1,1
7,35,19,0.007041845470666885,0,0,4,3,5,1,5,4,1,1,1,1
7,35,23,0.0015097071882337332,0,0,4,3,5,5,5,4,1,1,1,1
7,35,24,0.0047065396793186665,0,0,4,3,5,6,5,4,1,1,1,1
7,35,26,0.004238136112689972,0,0,4,3,5,2,5,5,1,1,1,1
7,35,28,0.0094019565731287,0,0,4,3,5,4,5,5,1,1,1,1
7,35,29,0.0017395421164110303,0,0,4,3,5,5,5,5,1,1,1,1
7,35,31,0.06420595943927765,0,0,4,4,5,1,5,1,1,1,1,1
7,35,32,0.42104145884513855,0,0,4,4,5,2,5,2,1,1,1,1
7,35,36,0.023181339725852013,0,0,4,5,5,1,5,1,1,2,1,2
7,35,37,0.14404262602329254,0,0,4,5,5,2,5,2,1,2,1,2
7,35,38,0.03268619626760483,0,0,4,5,5,3,5,3,1,2,1,2
7,35,42,0.0014638153370469809,0,1,4,6,5,2,5,0,1,0,1,1
7,35,43,0.010687088593840599,0,1,4,6,5,3,5,0,1,0,1,1
7,35,45,0.0035731687676161528,0,1,4,6,5,5,5,0,1,0,1,1
7,35,47,0.0020047153811901808,0,2,4,7,5,0,5,0,1,0,1,4
7,39,1,0.007253085263073444,0,0,5,3,4,1,4,1,2,1,2,1
7,39,2,0.00538496533408761,0,0,5,3,4,2,4,1,2,1,2,1
7,39,6,0.012163892388343811,0,0,5,3,4,6,4,1,2,1,2,1
7,39,7,0.00604929169639945,0,0,5,3,4,1,4,2,2,1,2,1
7,39,8,0.014177529141306877,0,0,5,3,4,2,4,2,2,1,2,1
7,39,10,0.014535210095345974,0,0,5,3,4,4,4,2,2,1,2,1
7,39,13,0.008393599651753902,0,0,5,3,4,1,4,3,2,1,2,1
7,39,15,0.005485272966325283,0,0,5,3,4,3,4,3,2,1,2,1
7,39,18,0.0342889204621315,0,0,5,3,4,6,4,3,2,1,2,1
7,39,19,0.0014929384924471378,0,0,5,3,4,1,4,4,2,1,2,1
7,39,23,0.0010214900830760598,0,0,5,3,4,5,4,4,2,1,2,1
7,39,24,0.009557811543345451,0,0,5,3,4,6,4,4,2,1,2,1
7,39,26,0.008564437739551067,0,0,5,3,4,2,4,5,2,1,2,1
7,39,28,0.015789367258548737,0,0,5,3,4,4,4,5,2,1,2,1
7,39,29,0.003187054768204689,0,0,5,3,4,5,4,5,2,1,2,1
7,39,31,0.020075177773833275,0,0,5,4,4,1,4,1,2,1,2,1
7,39,32,0.6730296611785889,0,0,5,4,4,2,4,2,2,1,2,1
7,39,36,0.00861368142068386,0,0,5,5,4,1,4,1,2,2,2,2
7,39,37,0.12870703637599945,0,0,5,5,4,2,4,2,2,2,2,2
7,39,38,0.014933415688574314,0,0,5,5,4,3,4,3,2,2,2,2
7,39,42,0.00040922960033640265,0,1,5,6,4,2,4,0,2,0,2,1
7,39,43,0.0011451239697635174,0,1,5,6,4,3,4,0,2,0,2,1
7,39,45,0.00029363471549004316,0,1,5,6,4,5,4,0,2,0,2,1
7,39,47,0.005447998642921448,0,2,5,7,4,0,4,0,2,0,2,4
7,40,1,0.008304438553750515,0,0,5,3,5,1,5,1,2,1,2,1
7,40,2,0.0009832489304244518,0,0,5,3,5,2,5,1,2,1,2,1
7,40,6,0.003808083012700081,0,0,5,3,5,6,5,1,2,1,2,1
7,40,7,0.005300506949424744,0,0,5,3,5,1,5,2,2,1,2,1
7,40,8,0.0037881270982325077,0,0,5,3,5,2,5,2,2,1,2,1
7,40,10,0.003820776240900159,0,0,5,3,5,4,5,2,2,1,2,1
7,40,13,0.010074982419610023,0,0,5,3,5,1,5,3,2,1,2,1
7,40,15,0.0026370962150394917,0,0,5,3,5,3,5,3,2,1,2,1
7,40,18,0.0289776511490345,0,0,5,3,5,6,5,3,2,1,2,1
7,40,19,0.002544585382565856,0,0,5,3,5,1,5,4,2,1,2,1
7,40,23,0.0007856317097321153,0,0,5,3,5,5,5,4,2,1,2,1
7,40,24,0.0026754976715892553,0,0,5,3,5,6,5,4,2,1,2,1
7,40,26,0.0020931968465447426,0,0,5,3,5,2,5,5,2,1,2,1
7,40,28,0.0038906580302864313,0,0,5,3,5,4,5,5,2,1,2,1
7,40,29,0.002609443850815296,0,0,5,3,5,5,5,5,2,1,2,1
7,40,31,0.015273730270564556,0,0,5,4,5,1,5,1,2,1,2,1
7,40,32,0.5991337299346924,0,0,5,4,5,2,5,2,2,1,2,1
7,40,36,0.013970538042485714,0,0,5,5,5,1,5,1,2,2,2,2
7,40,37,0.272398978471756,0,0,5,5,5,2,5,2,2,2,2,2
7,40,38,0.015881305560469627,0,0,5,5,5,3,5,3,2,2,2,2
7,40,42,9.399720875080675e-05,0,1,5,6,5,2,5,0,2,0,2,1
7,40,43,0.0006963156047277153,0,1,5,6,5,3,5,0,2,0,2,1
7,40,45,0.0002013881312450394,0,1,5,6,5,5,5,0,2,0,2,1
7,40,47,5.627095379168168e-05,0,2,5,7,5,0,5,0,2,0,2,4
7,41,1,0.04981616139411926,1,0,6,3,1,1,0,1,0,1,1,1
7,41,2,0.020095445215702057,1,0,6,3,1,2,0,1,0,1,1,1
7,41,6,0.015634018927812576,1,0,6,3,1,6,0,1,0,1,1,1
7,41,7,0.004309417679905891,1,0,6,3,1,1,0,2,0,1,1,1
7,41,8,0.0035918843932449818,1,0,6,3,1,2,0,2,0,1,1,1
7,41,10,0.06051522493362427,1,0,6,3,1,4,0,2,0,1,1,1
7,41,13,0.006997119635343552,1,0,6,3,1,1,0,3,0,1,1,1
7,41,15,0.029763633385300636,1,0,6,3,1,3,0,3,0,1,1,1
7,41,18,0.014658140949904919,1,0,6,3,1,6,0,3,0,1,1,1
7,41,19,0.009819789789617062,1,0,6,3,1,1,0,4,0,1,1,1
7,41,23,0.0022491812705993652,1,0,6,3,1,5,0,4,0,1,1,1
7,41,24,0.016780108213424683,1,0,6,3,1,6,0,4,0,1,1,1
7,41,26,0.006027404684573412,1,0,6,3,1,2,0,5,0,1,1,1
7,41,28,0.008238833397626877,1,0,6,3,1,4,0,5,0,1,1,1
7,41,29,0.001245502382516861,1,0,6,3,1,5,0,5,0,1,1,1
7,41,31,0.045075610280036926,1,0,6,4,1,1,0,1,0,1,1,1
7,41,32,0.5911177396774292,1,0,6,4,1,2,0,2,0,1,1,1
7,41,36,0.007416641339659691,1,0,6,5,1,1,0,1,0,2,1,2
7,41,37,0.06943528354167938,1,0,6,5,1,2,0,2,0,2,1,2
7,41,38,0.009781323373317719,1,0,6,5,1,3,0,3,0,2,1,2
7,41,42,0.0014280072646215558,1,1,6,6,1,2,0,0,0,0,1,1
7,41,43,0.021287675946950912,1,1,6,6,1,3,0,0,0,0,1,1
7,41,45,0.003701192559674382,1,1,6,6,1,5,0,0,0,0,1,1
7,41,47,0.0010144144762307405,1,2,6,7,1,0,0,0,0,0,1,4
7,44,1,0.004805090371519327,1,0,6,3,4,1,0,1,0,1,1,1
7,44,2,0.011299879290163517,1,0,6,3,4,2,0,1,0,1,1,1
7,44,6,0.008922063745558262,1,0,6,3,4,6,0,1,0,1,1,1
7,44,7,0.0009336827206425369,1,0,6,3,4,1,0,2,0,1,1,1
7,44,8,0.007207232061773539,1,0,6,3,4,2,0,2,0,1,1,1
7,44,10,0.027118019759655,1,0,6,3,4,4,0,2,0,1,1,1
7,44,13,0.0009939329465851188,1,0,6,3,4,1,0,3,0,1,1,1
7,44,15,0.006592868361622095,1,0,6,3,4,3,0,3,0,1,1,1
7,44,18,0.005486724432557821,1,0,6,3,4,6,0,3,0,1,1,1
7,44,19,0.0008136754622682929,1,0,6,3,4,1,0,4,0,1,1,1
7,44,23,0.0009296417119912803,1,0,6,3,4,5,0,4,0,1,1,1
7,44,24,0.009105339646339417,1,0,6,3,4,6,0,4,0,1,1,1
7,44,26,0.006980729289352894,1,0,6,3,4,2,0,5,0,1,1,1
7,44,28,0.004158779047429562,1,0,6,3,4,4,0,5,0,1,1,1
7,44,29,0.0007286288309842348,1,0,6,3,4,5,0,5,0,1,1,1
7,44,31,0.007445626426488161,1,0,6,4,4,1,0,1,0,1,1,1
7,44,32,0.7950039505958557,1,0,6,4,4,2,0,2,0,1,1,1
7,44,36,0.002020980231463909,1,0,6,5,4,1,0,1,0,2,1,2
7,44,37,0.08169287443161011,1,0,6,5,4,2,0,2,0,2,1,2
7,44,38,0.012256810441613197,1,0,6,5,4,3,0,3,0,2,1,2
7,44,42,0.0009481898159720004,1,1,6,6,4,2,0,0,0,0,1,1
7,44,43,0.003474195022135973,1,1,6,6,4,3,0,0,0,0,1,1
7,44,45,0.0008735093288123608,1,1,6,6,4,5,0,0,0,0,1,1
7,44,47,0.00020704382041003555,1,2,6,7,4,0,0,0,0,0,1,4
7,46,1,0.008134272880852222,1,0,6,3,6,1,0,1,0,1,1,1
7,46,2,0.0035362648777663708,1,0,6,3,6,2,0,1,0,1,1,1
7,46,6,0.005412639584392309,1,0,6,3,6,6,0,1,0,1,1,1
7,46,7,0.0002906789886765182,1,0,6,3,6,1,0,2,0,1,1,1
7,46,8,0.0007567908614873886,1,0,6,3,6,2,0,2,0,1,1,1
7,46,10,0.013382095843553543,1,0,6,3,6,4,0,2,0,1,1,1
7,46,13,0.0011983150616288185,1,0,6,3,6,1,0,3,0,1,1,1
7,46,15,0.015388726256787777,1,0,6,3,6,3,0,3,0,1,1,1
7,46,18,0.003995110746473074,1,0,6,3,6,6,0,3,0,1,1,1
7,46,19,0.0006337811355479062,1,0,6,3,6,1,0,4,0,1,1,1
7,46,23,0.0002801311784423888,1,0,6,3,6,5,0,4,0,1,1,1
7,46,24,0.009490450844168663,1,0,6,3,6,6,0,4,0,1,1,1
7,46,26,0.0007192150806076825,1,0,6,3,6,2,0,5,0,1,1,1
7,46,28,0.0015432918444275856,1,0,6,3,6,4,0,5,0,1,1,1
7,46,29,0.0001986939605558291,1,0,6,3,6,5,0,5,0,1,1,1
7,46,31,0.01965080201625824,1,0,6,4,6,1,0,1,0,1,1,1
7,46,32,0.8472239971160889,1,0,6,4,6,2,0,2,0,1,1,1
7,46,36,0.0023839506320655346,1,0,6,5,6,1,0,1,0,2,1,2
7,46,37,0.04375601187348366,1,0,6,5,6,2,0,2,0,2,1,2
7,46,38,0.013443992473185062,1,0,6,5,6,3,0,3,0,2,1,2
7,46,42,0.0002641263126861304,1,1,6,6,6,2,0,0,0,0,1,1
7,46,43,0.006360662169754505,1,1,6,6,6,3,0,0,0,0,1,1
7,46,45,0.0008380888029932976,1,1,6,6,6,5,0,0,0,0,1,1
7,46,47,0.001117569045163691,1,2,6,7,6,0,0,0,0,0,1,4
