{
  "n": 1000,
  "p": 100,
  "n_active": 10,
  "sigma2": 5.424164295196533,
  "sigma": 2.3289835453033447,
  "active_idx": [
    2,
    8,
    27,
    30,
    42,
    45,
    69,
    78,
    89,
    95
  ],
  "snr": 2.5,
  "setting": "simple",
  "seed": 29
}