method,seed,runtime_sec,converged,n_iter,support_size,precision,recall,f1,auroc,auprc,fdr,tp,fp,fn,tn,train_mse,val_mse,test_mse,train_r2,val_r2,test_r2,train_nll,val_nll,test_nll,n,p,snr,n_active,sigma2,setting,selected_ckpt_id
mf_spike_slab,29,0.040135576971806586,True,9,8.0,1.0,0.8,0.888888888888889,0.9977777777777778,0.9833333333333334,0.0,8.0,0.0,2.0,90.0,5.355670659947947,4.869410298426809,5.655423858695193,0.7218496154238406,0.703424357633653,0.6842488581506727,2.258226013440456,2.214130781329228,2.2854083378098426,1000,100,2.5,10,5.424164295196533,simple,
mf_ard,29,0.034657720010727644,True,16,31.0,0.3225806451612903,1.0,0.4878048780487805,1.0,1.0,0.6774193548387096,10.0,21.0,0.0,69.0,4.461995132060955,5.880035028268279,6.395814807515144,0.7682632594940466,0.6418713850815383,0.6429116757668321,2.1714274008796215,2.3095453359026465,2.359782595253912,1000,100,2.5,10,5.424164295196533,simple,
mf_bayes_lasso,29,0.031185935949906707,True,14,42.0,0.23809523809523808,1.0,0.3846153846153846,1.0,1.0,0.7619047619047619,10.0,32.0,0.0,58.0,4.426423208909429,6.272594157308669,6.766117183573638,0.7701107114254555,0.6179622320780337,0.6222371160890072,2.1627540883024894,2.369451586977171,2.424706478273006,1000,100,2.5,10,5.424164295196533,simple,
flow_stagewise,29,892.6785535812378,True,,6.0,1.0,0.6,0.7499999999999999,0.8,0.64,0.0,6.0,0.0,4.0,90.0,5.770313739776611,5.330377101898193,5.963284969329834,0.7003148473654055,0.675348775656093,0.6670605045218315,2.2962777614593506,2.2557249069213867,2.314065933227539,1000,100,2.5,10,5.424164295196533,simple,122.0
