{
  "n": 1000,
  "p": 100,
  "n_active": 10,
  "sigma2": 4.983172416687012,
  "sigma": 2.232301950454712,
  "active_idx": [
    6,
    8,
    10,
    22,
    27,
    40,
    49,
    51,
    63,
    90
  ],
  "snr": 2.5,
  "setting": "simple",
  "seed": 97
}