method,seed,runtime_sec,converged,n_iter,support_size,precision,recall,f1,auroc,auprc,fdr,tp,fp,fn,tn,train_mse,val_mse,test_mse,train_r2,val_r2,test_r2,train_nll,val_nll,test_nll,n,p,snr,n_active,sigma2,setting,selected_ckpt_id
mf_spike_slab,97,0.031865773955360055,True,9,10.0,1.0,1.0,1.0,1.0,1.0,0.0,10.0,0.0,0.0,90.0,4.960559204472338,5.54443617855418,4.495198201883301,0.7067252558099941,0.6781508942346458,0.7605507977202537,2.2198076422592274,2.277434418080183,2.1738780109114866,1000,100,2.5,10,4.983172416687012,simple,
mf_ard,97,0.02242167992517352,True,15,29.0,0.3448275862068966,1.0,0.5128205128205129,1.0,1.0,0.6551724137931034,10.0,19.0,0.0,71.0,4.277669626431901,6.542903976925341,5.144584696915684,0.7470985802789909,0.6201908135894285,0.7259594246098091,2.1503994321970556,2.3803110019975393,2.23838759319912,1000,100,2.5,10,4.983172416687012,simple,
mf_bayes_lasso,97,0.02250604797154665,True,15,45.0,0.2222222222222222,1.0,0.3636363636363636,1.0,1.0,0.7777777777777778,10.0,35.0,0.0,55.0,4.244540160737087,6.919134819419697,5.505217372997877,0.7490572375948916,0.5983509805895417,0.7067493246930329,2.1417778528459377,2.4538563382430754,2.288876866036527,1000,100,2.5,10,4.983172416687012,simple,
flow_stagewise,97,864.1848111152649,True,,11.0,0.9090909090909091,1.0,0.9523809523809523,0.9944444444444445,0.9090909090909091,0.09090909090909091,10.0,1.0,0.0,89.0,5.079402446746826,5.507165908813477,4.491692066192627,0.6996990625269432,0.6803143873284199,0.7607375817719142,2.2316277027130127,2.274545669555664,2.1726577281951904,1000,100,2.5,10,4.983172416687012,simple,125.0
