method,seed,runtime_sec,converged,n_iter,support_size,precision,recall,f1,auroc,auprc,fdr,tp,fp,fn,tn,train_mse,val_mse,test_mse,train_r2,val_r2,test_r2,train_nll,val_nll,test_nll,n,p,snr,n_active,sigma2,setting,selected_ckpt_id,noise_x,group_size
mf_spike_slab,13,0.01672585296910256,True,7,10.0,0.1,0.1,0.10000000000000002,0.6988888888888889,0.17251971873216126,0.9,1.0,9.0,9.0,81.0,6.58008288931986,7.713865117522948,7.73750147836894,0.7022281746934825,0.6808903393403746,0.63772924157157,2.360995856106411,2.4461527538334,2.4479280499291853,1000,100,2.5,10,6.905284811288423,jitter,,,
mf_ard,13,1.3788782330229878,True,991,13.0,0.46153846153846156,0.6,0.5217391304347826,0.8355555555555556,0.5222059998003394,0.5384615384615384,6.0,7.0,4.0,83.0,5.83129803701154,7.587929676751725,7.908026574049981,0.7361133150456836,0.6861000772807277,0.6297452358927143,2.304616546756494,2.43685340210978,2.4609498638547853,1000,100,2.5,10,6.905284811288423,jitter,,,
mf_bayes_lasso,13,1.4259099379414693,False,1000,78.0,0.1282051282051282,1.0,0.22727272727272727,0.7555555555555555,0.23973695060161226,0.8717948717948718,10.0,68.0,0.0,22.0,5.192860820222341,7.799438838054399,8.233070120023394,0.7650048379314359,0.6773502980635131,0.6145266576150561,2.2428193065981183,2.4861258043348538,2.526602363180661,1000,100,2.5,10,6.905284811288423,jitter,,,
flow_stagewise,13,677.0591123104095,True,,7.0,0.5714285714285714,0.4,0.47058823529411764,0.6833333333333333,0.2885714285714286,0.42857142857142855,4.0,3.0,6.0,87.0,11.459866523742676,13.18362045288086,14.533498764038086,0.48140083766128927,0.45461573919212195,0.3195398780299338,2.685572624206543,2.8092784881591797,2.904636859893799,1000,100,2.5,10,6.905284811288423,jitter,31.0,0.15,10.0
