method,seed,runtime_sec,converged,n_iter,selected_ckpt_id,support_size,precision,recall,f1,auroc,auprc,fdr,tp,fp,fn,tn,train_mse,val_mse,test_mse,train_r2,val_r2,test_r2,train_nll,val_nll,test_nll,n,p,snr,n_active,sigma2,noise_x,group_size,setting
flow_stagewise,83,1135.2847480773926,True,,92,9.0,0.8888888888888888,0.8,0.8421052631578948,0.8944444444444445,0.7311111111111112,0.1111111111111111,8.0,1.0,2.0,89.0,16.377416610717773,18.58647918701172,19.72797203063965,0.25983716731774187,0.08285075616706694,0.06304692755852814,2.953679084777832,3.1187665462493896,3.1279351711273193,1000,100,2.5,10,6.091143695794556,0.15,10,jitter
