method,seed,runtime_sec,converged,n_iter,support_size,precision,recall,f1,auroc,auprc,fdr,tp,fp,fn,tn,train_mse,val_mse,test_mse,train_r2,val_r2,test_r2,train_nll,val_nll,test_nll,n,p,snr,n_active,sigma2,setting
mf_spike_slab,93,0.026425105053931475,True,8,10.0,1.0,1.0,1.0,1.0,1.0,0.0,10.0,0.0,0.0,90.0,5.993756936327582,6.931769198462282,5.914886353514419,0.7209819386283378,0.6985905040753306,0.7191968809055449,2.3143709199619193,2.3912888981374993,2.307903450385656,1000,100,2.5,10,6.243438243865967,simple
mf_ard,93,0.020938218920491636,True,14,27.0,0.37037037037037035,1.0,0.5405405405405406,1.0,1.0,0.6296296296296297,10.0,17.0,0.0,73.0,5.288422735568458,7.437689195943866,6.630915797884129,0.7538162666475723,0.6765919223203349,0.6852041227483201,2.2560984165350946,2.4335242156176142,2.366923625384486,1000,100,2.5,10,6.243438243865967,simple
mf_bayes_lasso,93,0.02099974500015378,True,14,42.0,0.23809523809523808,1.0,0.3846153846153846,1.0,1.0,0.7619047619047619,10.0,32.0,0.0,58.0,5.2413956522188405,7.7720115771374205,7.135736631659363,0.7560054454493762,0.6620548052428883,0.6612382751841107,2.247250505762248,2.486610724221514,2.4264281779685954,1000,100,2.5,10,6.243438243865967,simple
