method,seed,runtime_sec,converged,n_iter,selected_ckpt_id,support_size,precision,recall,f1,auroc,auprc,fdr,tp,fp,fn,tn,train_mse,val_mse,test_mse,train_r2,val_r2,test_r2,train_nll,val_nll,test_nll,n,p,snr,n_active,sigma2,noise_x,group_size,setting
flow_stagewise,8,3367.832349061966,True,,246,14.0,0.35714285714285715,0.5,0.41666666666666663,0.7000000000000001,0.2285714285714286,0.6428571428571429,5.0,9.0,5.0,81.0,25.734678268432617,22.183691024780273,24.282941818237305,-0.0016436031150475205,0.07561407749409343,0.04035392587980002,3.2151260375976562,3.0546364784240723,3.1317739486694336,1000,100,2.5,10,7.194218743384859,0.15,10,jitter
