method,seed,runtime_sec,converged,n_iter,selected_ckpt_id,support_size,precision,recall,f1,auroc,auprc,fdr,tp,fp,fn,tn,train_mse,val_mse,test_mse,train_r2,val_r2,test_r2,train_nll,val_nll,test_nll,n,p,snr,n_active,sigma2,noise_x,group_size,setting
flow_stagewise,75,908.313889503479,True,,58,9.0,0.4444444444444444,0.4,0.4210526315789474,0.6722222222222222,0.23777777777777778,0.5555555555555556,4.0,5.0,6.0,85.0,13.07031536102295,14.964386940002441,13.500070571899414,0.5460520945566287,0.4740957033279374,0.566462469595455,2.7390925884246826,2.8486523628234863,2.767672061920166,1000,100,2.5,10,8.096286238150746,0.15,10,jitter
