method,seed,runtime_sec,converged,n_iter,support_size,precision,recall,f1,auroc,auprc,fdr,tp,fp,fn,tn,train_mse,val_mse,test_mse,train_r2,val_r2,test_r2,train_nll,val_nll,test_nll,n,p,snr,n_active,sigma2,setting,selected_ckpt_id,rho,block_size
mf_spike_slab,62,0.0644569710129872,True,24,10.0,0.9,0.9,0.9,0.9966666666666667,0.9769230769230769,0.1,9.0,1.0,1.0,89.0,4.49128998073799,4.183746754228645,4.8154596699290275,0.7044171367448162,0.744515801367787,0.7397723489869645,2.1700529234537886,2.13626948372773,2.205662770173881,1000,100,2.5,10,4.516470744782744,block_corr,,,
mf_ard,62,0.09175969392526895,True,64,32.0,0.3125,1.0,0.47619047619047616,1.0,1.0,0.6875,10.0,22.0,0.0,68.0,3.885135455951986,4.256825344817629,4.8166818258584625,0.7443096600019967,0.7400531925507194,0.7397063036271261,2.102458835422483,2.1438800045021424,2.206270482845012,1000,100,2.5,10,4.516470744782744,block_corr,,,
mf_bayes_lasso,62,0.106034514028579,True,73,61.0,0.16393442622950818,1.0,0.28169014084507044,1.0,1.0,0.8360655737704918,10.0,51.0,0.0,39.0,3.767865903014802,4.501875044322594,5.142263004921303,0.7520274583135038,0.7250890157539732,0.7221118824816934,2.0822595507111457,2.1780818189581903,2.2616821768956066,1000,100,2.5,10,4.516470744782744,block_corr,,,
flow_stagewise,62,593.7237415313721,True,,10.0,1.0,1.0,1.0,1.0,1.0,0.0,10.0,0.0,0.0,90.0,4.6324543952941895,4.517527103424072,4.805984973907471,0.6951267388111573,0.7241331878943436,0.7402843521078522,2.1856439113616943,2.1729156970977783,2.2048521041870117,1000,100,2.5,10,4.516470744782744,block_corr,103.0,0.8,10.0
