{
  "n": 1000,
  "p": 100,
  "n_active": 10,
  "sigma2": 6.4726057052612305,
  "sigma": 2.5441315174102783,
  "active_idx": [
    1,
    8,
    38,
    41,
    53,
    59,
    61,
    87,
    94,
    95
  ],
  "snr": 2.5,
  "setting": "simple",
  "seed": 59
}