method,seed,runtime_sec,converged,n_iter,selected_ckpt_id,support_size,precision,recall,f1,auroc,auprc,fdr,tp,fp,fn,tn,train_mse,val_mse,test_mse,train_r2,val_r2,test_r2,train_nll,val_nll,test_nll,n,p,snr,n_active,sigma2,noise_x,group_size,setting
flow_stagewise,32,694.5885941982269,True,,148,8.0,0.75,0.6,0.6666666666666665,0.788888888888889,0.49,0.25,6.0,2.0,4.0,88.0,12.914093971252441,11.299788475036621,13.916224479675293,0.3490287142413402,0.46683415574583653,0.30902535123714736,2.875352382659912,2.7446351051330566,2.956393241882324,1000,100,2.5,10,6.163720707161894,0.15,10,jitter
