method,seed,runtime_sec,converged,n_iter,support_size,precision,recall,f1,auroc,auprc,fdr,tp,fp,fn,tn,train_mse,val_mse,test_mse,train_r2,val_r2,test_r2,train_nll,val_nll,test_nll,n,p,snr,n_active,sigma2,setting
mf_spike_slab,47,0.08866297896020114,True,40,10.0,1.0,1.0,1.0,1.0,1.0,0.0,10.0,0.0,0.0,90.0,3.2060498926031307,3.488078406603721,4.5221701019400165,0.7498620954728904,0.7383840287306087,0.6807108270850724,2.001512476392545,2.0448522122807433,2.2037626016038634,1000,100,2.5,10,3.9013097653092736,block_corr
mf_ard,47,0.08717131498269737,True,61,27.0,0.37037037037037035,1.0,0.5405405405405406,1.0,1.0,0.6296296296296297,10.0,17.0,0.0,73.0,2.834893979396147,3.571190604964936,4.973783647445196,0.7788198988422759,0.7321503734155681,0.6488245175984684,1.945282389655262,2.0570765698642344,2.270036583404647,1000,100,2.5,10,3.9013097653092736,block_corr
mf_bayes_lasso,47,0.10747834295034409,True,69,48.0,0.20833333333333334,1.0,0.3448275862068966,1.0,1.0,0.7916666666666666,10.0,38.0,0.0,52.0,2.7779151191788922,3.6769253963353696,5.109110258531041,0.7832654231399389,0.7242199581792098,0.6392697417379931,1.9298555741493397,2.089040796666523,2.3426337441192002,1000,100,2.5,10,3.9013097653092736,block_corr
