method,seed,runtime_sec,converged,n_iter,selected_ckpt_id,support_size,precision,recall,f1,auroc,auprc,fdr,tp,fp,fn,tn,train_mse,val_mse,test_mse,train_r2,val_r2,test_r2,train_nll,val_nll,test_nll,n,p,snr,n_active,sigma2,rho,block_size,setting
flow_stagewise,91,505.2790811061859,True,,16,10.0,1.0,1.0,1.0,1.0,1.0,0.0,10.0,0.0,0.0,90.0,9.146361351013184,9.866087913513184,10.955435752868652,0.7297008092730665,0.6430109275604008,0.6693905762886989,2.527292490005493,2.563516139984131,2.618501663208008,1000,100,2.5,10,9.909410526534,0.8,10,block_corr
