{
  "n": 1000,
  "p": 100,
  "n_active": 10,
  "sigma2": 5.302104473114014,
  "sigma": 2.3026299476623535,
  "active_idx": [
    4,
    18,
    20,
    22,
    42,
    43,
    47,
    73,
    82,
    89
  ],
  "snr": 2.5,
  "setting": "simple",
  "seed": 100
}