method,seed,runtime_sec,converged,n_iter,support_size,precision,recall,f1,auroc,auprc,fdr,tp,fp,fn,tn,train_mse,val_mse,test_mse,train_r2,val_r2,test_r2,train_nll,val_nll,test_nll,n,p,snr,n_active,sigma2,setting
mf_spike_slab,79,0.019661206053569913,True,8,9.0,1.0,0.9,0.9473684210526316,1.0,1.0,0.0,9.0,0.0,1.0,90.0,7.429265541464307,8.35087510219962,8.651134148427747,0.7073128328055596,0.6960712402476655,0.7078576728594885,2.4217470501350324,2.482571313672159,2.5023877697239114,1000,100,2.5,10,7.27130126953125,simple
mf_ard,79,0.022584109101444483,True,15,36.0,0.2777777777777778,1.0,0.4347826086956522,1.0,1.0,0.7222222222222222,10.0,26.0,0.0,64.0,6.443129219161602,8.242521353988755,9.294276604690364,0.7461631666684994,0.7000147575324074,0.6861392333310052,2.3545759014817804,2.477025053056682,2.5485972999395052,1000,100,2.5,10,7.27130126953125,simple
mf_bayes_lasso,79,0.0213284200290218,True,14,46.0,0.21739130434782608,1.0,0.3571428571428571,1.0,1.0,0.782608695652174,10.0,36.0,0.0,54.0,6.385803287058452,8.499072980621362,9.748289366048922,0.7484216085804767,0.690677602235431,0.6708075620866187,2.3459947897216877,2.510076117454549,2.6070694561519026,1000,100,2.5,10,7.27130126953125,simple
