method,seed,runtime_sec,converged,n_iter,support_size,precision,recall,f1,auroc,auprc,fdr,tp,fp,fn,tn,train_mse,val_mse,test_mse,train_r2,val_r2,test_r2,train_nll,val_nll,test_nll,n,p,snr,n_active,sigma2,setting
mf_spike_slab,28,0.050967887975275517,True,10,10.0,1.0,1.0,1.0,1.0,1.0,0.0,10.0,0.0,0.0,90.0,7.21470196747111,6.710543289763492,6.752829358631263,0.7396399679341559,0.6575415124832893,0.7532650818161637,2.4071412425032026,2.3730284453407693,2.375889639948471,1000,100,2.5,10,7.367515563964844,simple
mf_ard,28,0.030243888963013887,True,15,30.0,0.3333333333333333,1.0,0.5,1.0,1.0,0.6666666666666666,10.0,20.0,0.0,70.0,6.257123842182802,6.914856901280466,7.8605787570395345,0.7741964988247874,0.647114796290889,0.7127901278866513,2.339985479792409,2.3860328496251415,2.4522420867140893,1000,100,2.5,10,7.367515563964844,simple
mf_bayes_lasso,28,0.032178828958421946,True,15,47.0,0.2127659574468085,1.0,0.3508771929824561,1.0,1.0,0.7872340425531915,10.0,37.0,0.0,53.0,6.198649743646035,7.355273233345604,8.503332978667618,0.7763066785991836,0.6246390734702408,0.689305170417229,2.331122821582606,2.423617973203619,2.515428282400369,1000,100,2.5,10,7.367515563964844,simple
