{
  "n": 1000,
  "p": 100,
  "n_active": 10,
  "sigma2": 7.871706962585449,
  "sigma": 2.8056561946868896,
  "active_idx": [
    3,
    6,
    17,
    20,
    42,
    48,
    55,
    59,
    71,
    95
  ],
  "snr": 2.5,
  "setting": "simple",
  "seed": 41
}