{
  "sim": "block_corr",
  "n": 1000,
  "p": 100,
  "n_active": 10,
  "active_idx": [
    7,
    24,
    33,
    36,
    41,
    45,
    47,
    50,
    55,
    59
  ],
  "snr": 2.5,
  "sigma2": 5.7873660932967885,
  "sigma": 2.4056945137104977,
  "rho": 0.8,
  "block_size": 10,
  "beta_low": 0.8,
  "beta_high": 1.8,
  "setting": "block_corr",
  "seed": 88
}