method,seed,runtime_sec,converged,n_iter,support_size,precision,recall,f1,auroc,auprc,fdr,tp,fp,fn,tn,train_mse,val_mse,test_mse,train_r2,val_r2,test_r2,train_nll,val_nll,test_nll,n,p,snr,n_active,sigma2,setting,selected_ckpt_id,rho,block_size
mf_spike_slab,88,0.08261609694454819,True,37,11.0,0.8181818181818182,0.9,0.8571428571428572,0.9977777777777778,0.9833333333333334,0.18181818181818182,9.0,2.0,1.0,88.0,6.149694611295854,6.698851602513712,7.2847895347732985,0.7020729644922985,0.6189823611417666,0.6537993773814996,2.327222507810179,2.3710641725282384,2.4178422246745823,1000,100,2.5,10,5.7873660932967885,block_corr,,,
mf_ard,88,0.08780903497245163,True,62,32.0,0.3125,1.0,0.47619047619047616,1.0,1.0,0.6875,10.0,22.0,0.0,68.0,5.465544057712905,6.657534778638294,7.685935205091371,0.7352172032152309,0.6213323816545702,0.6347354249966137,2.2725799671217595,2.367777461724073,2.4499099333344883,1000,100,2.5,10,5.7873660932967885,block_corr,,,
mf_bayes_lasso,88,0.09433391597121954,True,65,68.0,0.14705882352941177,1.0,0.25641025641025644,1.0,1.0,0.8529411764705882,10.0,58.0,0.0,32.0,5.264590617758707,7.426197211802332,8.481448752854135,0.7449525586149379,0.5776123587698585,0.596929626459499,2.2494943994507706,2.4517838972769734,2.550537437772227,1000,100,2.5,10,5.7873660932967885,block_corr,,,
flow_stagewise,88,560.6028141975403,True,,10.0,1.0,1.0,1.0,1.0,1.0,0.0,10.0,0.0,0.0,90.0,6.4622297286987305,5.912642955780029,6.800803184509277,0.6869319601129393,0.6637003798512547,0.676800235205502,2.355078935623169,2.307598114013672,2.3843305110931396,1000,100,2.5,10,5.7873660932967885,block_corr,120.0,0.8,10.0
