method,seed,runtime_sec,converged,n_iter,selected_ckpt_id,support_size,precision,recall,f1,auroc,auprc,fdr,tp,fp,fn,tn,train_mse,val_mse,test_mse,train_r2,val_r2,test_r2,train_nll,val_nll,test_nll,n,p,snr,n_active,sigma2,noise_x,group_size,setting
flow_stagewise,98,758.3125388622284,True,,110,6.0,0.6666666666666666,0.4,0.5,0.6888888888888889,0.32666666666666666,0.3333333333333333,4.0,2.0,6.0,88.0,13.844576835632324,16.14812660217285,11.575592994689941,0.4241018767500232,0.2867553322381695,0.5092365356760103,2.875295400619507,3.050137996673584,2.725264549255371,1000,100,2.5,10,6.461312698775511,0.15,10,jitter
