{
  "sim": "group_competition",
  "n": 1000,
  "p": 100,
  "n_active": 10,
  "active_idx": [
    0,
    18,
    27,
    33,
    41,
    57,
    62,
    70,
    81,
    96
  ],
  "snr": 2.5,
  "sigma2": 7.005801678514534,
  "sigma": 2.6468474981597514,
  "group_size": 10,
  "n_groups": 10,
  "noise_x": 0.15,
  "one_active_per_group": true,
  "group_id": [
    0,
    0,
    0,
    0,
    0,
    0,
    0,
    0,
    0,
    0,
    1,
    1,
    1,
    1,
    1,
    1,
    1,
    1,
    1,
    1,
    2,
    2,
    2,
    2,
    2,
    2,
    2,
    2,
    2,
    2,
    3,
    3,
    3,
    3,
    3,
    3,
    3,
    3,
    3,
    3,
    4,
    4,
    4,
    4,
    4,
    4,
    4,
    4,
    4,
    4,
    5,
    5,
    5,
    5,
    5,
    5,
    5,
    5,
    5,
    5,
    6,
    6,
    6,
    6,
    6,
    6,
    6,
    6,
    6,
    6,
    7,
    7,
    7,
    7,
    7,
    7,
    7,
    7,
    7,
    7,
    8,
    8,
    8,
    8,
    8,
    8,
    8,
    8,
    8,
    8,
    9,
    9,
    9,
    9,
    9,
    9,
    9,
    9,
    9,
    9
  ],
  "active_groups": [
    0,
    1,
    2,
    3,
    4,
    5,
    6,
    7,
    8,
    9
  ],
  "beta_low": 0.8,
  "beta_high": 1.8,
  "setting": "jitter",
  "seed": 3
}