method,seed,runtime_sec,converged,n_iter,selected_ckpt_id,support_size,precision,recall,f1,auroc,auprc,fdr,tp,fp,fn,tn,train_mse,val_mse,test_mse,train_r2,val_r2,test_r2,train_nll,val_nll,test_nll,n,p,snr,n_active,sigma2,rho,block_size,setting
flow_stagewise,55,681.0506443977356,True,,73,8.0,1.0,0.8,0.888888888888889,0.9,0.8200000000000001,0.0,8.0,0.0,2.0,90.0,9.176340103149414,11.644475936889648,11.382822036743164,0.7149046827501546,0.6251351833542134,0.5921090883290756,2.5278475284576416,2.6622252464294434,2.6476950645446777,1000,100,2.5,10,8.93713295096936,0.8,10,block_corr
