method,seed,runtime_sec,converged,n_iter,support_size,precision,recall,f1,auroc,auprc,fdr,tp,fp,fn,tn,train_mse,val_mse,test_mse,train_r2,val_r2,test_r2,train_nll,val_nll,test_nll,n,p,snr,n_active,sigma2,setting,selected_ckpt_id,noise_x,group_size
mf_spike_slab,4,0.014994567958638072,True,6,10.0,0.1,0.1,0.10000000000000002,0.7166666666666667,0.1837223022075963,0.9,1.0,9.0,9.0,81.0,7.371601564204158,7.079678172241654,7.376215360754697,0.6965739575876571,0.7177014083221558,0.7239739534402183,2.417789402338919,2.398216756344886,2.4180987444781876,1000,100,2.5,10,7.316391909324972,jitter,,,
mf_ard,4,1.0321142689790577,True,713,10.0,0.7,0.7,0.7,0.8644444444444445,0.6509748281911665,0.3,7.0,3.0,3.0,87.0,6.67173379941908,6.832699596072206,7.034434093787986,0.7253815517354336,0.7275495543156563,0.7367637822745221,2.371676890109243,2.3823136533542493,2.3956444486857382,1000,100,2.5,10,7.316391909324972,jitter,,,
mf_bayes_lasso,4,1.4431681400164962,False,1000,72.0,0.125,0.9,0.21951219512195125,0.8027777777777778,0.3555173907481917,0.875,9.0,63.0,1.0,27.0,6.045323012675595,7.557853160493016,7.623054357411867,0.7511655478305208,0.6986344221577003,0.7147369682043248,2.3187475007404186,2.4406458964605675,2.4459006157234597,1000,100,2.5,10,7.316391909324972,jitter,,,
flow_stagewise,4,823.0378503799438,True,,10.0,0.5,0.5,0.5,0.7222222222222221,0.3,0.5,5.0,5.0,5.0,85.0,14.029985427856445,16.7816219329834,14.867431640625,0.42250500047700157,0.33084130709690107,0.44364448538188384,2.8154404163360596,2.9555795192718506,2.867185592651367,1000,100,2.5,10,7.316391909324972,jitter,184.0,0.15,10.0
