{
  "sim": "block_corr",
  "n": 1000,
  "p": 100,
  "n_active": 10,
  "active_idx": [
    16,
    24,
    29,
    36,
    41,
    43,
    61,
    88,
    97,
    98
  ],
  "snr": 2.5,
  "sigma2": 6.07693568948755,
  "sigma": 2.465144151867706,
  "rho": 0.8,
  "block_size": 10,
  "beta_low": 0.8,
  "beta_high": 1.8,
  "setting": "block_corr",
  "seed": 95
}