method,seed,runtime_sec,converged,n_iter,support_size,precision,recall,f1,auroc,auprc,fdr,tp,fp,fn,tn,train_mse,val_mse,test_mse,train_r2,val_r2,test_r2,train_nll,val_nll,test_nll,n,p,snr,n_active,sigma2,setting,selected_ckpt_id,rho,block_size
mf_spike_slab,95,0.08912200492341071,True,39,10.0,1.0,1.0,1.0,1.0,1.0,0.0,10.0,0.0,0.0,90.0,5.764050801272248,5.65688044191754,5.917731033487257,0.7517483415012015,0.6723757612266233,0.6993179377033536,2.2948024143959334,2.28562824858036,2.3079579915667616,1000,100,2.5,10,6.07693568948755,block_corr,,,
mf_ard,95,0.09382123802788556,True,65,38.0,0.2631578947368421,1.0,0.4166666666666667,1.0,1.0,0.7368421052631579,10.0,28.0,0.0,62.0,5.060023446858962,5.851933144212506,6.244673334187524,0.7820700656475332,0.6610790768143899,0.6827058807054478,2.234243845748707,2.3023345454688076,2.3361034896211175,1000,100,2.5,10,6.07693568948755,block_corr,,,
mf_bayes_lasso,95,0.10519155696965754,True,72,67.0,0.14925373134328357,1.0,0.2597402597402597,1.0,1.0,0.8507462686567164,10.0,57.0,0.0,33.0,4.880711100649599,6.28699974772545,6.781141528576698,0.7897928614504364,0.6358817324025412,0.6554477369789597,2.2116590368171347,2.353243422776415,2.402993351970628,1000,100,2.5,10,6.07693568948755,block_corr,,,
flow_stagewise,95,3910.0762906074524,True,,10.0,1.0,1.0,1.0,1.0,1.0,0.0,10.0,0.0,0.0,90.0,6.686767578125,6.189657211303711,7.206216335296631,0.7120079105556512,0.6415194397752133,0.633849543525475,2.37127947807312,2.330451250076294,2.414045810699463,1000,100,2.5,10,6.07693568948755,block_corr,25.0,0.8,10.0
