method,seed,runtime_sec,converged,n_iter,selected_ckpt_id,support_size,precision,recall,f1,auroc,auprc,fdr,tp,fp,fn,tn,train_mse,val_mse,test_mse,train_r2,val_r2,test_r2,train_nll,val_nll,test_nll,n,p,snr,n_active,sigma2,setting
flow_stagewise,52,493.1652925014496,True,,105,8.0,1.0,0.8,0.888888888888889,0.9,0.8200000000000001,0.0,8.0,0.0,2.0,90.0,4.399322032928467,4.990339756011963,5.516775131225586,0.7053605337500595,0.7060893401974307,0.695959084665926,2.159679412841797,2.225080966949463,2.284095287322998,1000,100,2.5,10,4.489195823669434,simple
