method,seed,runtime_sec,converged,n_iter,selected_ckpt_id,support_size,precision,recall,f1,auroc,auprc,fdr,tp,fp,fn,tn,train_mse,val_mse,test_mse,train_r2,val_r2,test_r2,train_nll,val_nll,test_nll,n,p,snr,n_active,sigma2,rho,block_size,setting
flow_stagewise,51,19545.141001462936,True,,168,12.0,0.8333333333333334,1.0,0.9090909090909091,0.9888888888888888,0.8333333333333334,0.16666666666666666,10.0,2.0,0.0,88.0,13.462303161621094,12.298291206359863,13.639513969421387,0.6698354390179606,0.6850507816522439,0.6614007134849578,2.721567153930664,2.6753129959106445,2.7305748462677,1000,100,2.5,10,12.039354864159767,0.8,10,block_corr
