method,seed,runtime_sec,converged,n_iter,support_size,precision,recall,f1,auroc,auprc,fdr,tp,fp,fn,tn,train_mse,val_mse,test_mse,train_r2,val_r2,test_r2,train_nll,val_nll,test_nll,n,p,snr,n_active,sigma2,setting,selected_ckpt_id,noise_x,group_size
mf_spike_slab,17,0.018678992055356503,True,7,10.0,0.0,0.0,0.0,0.6744444444444444,0.17457626354167102,1.0,0.0,10.0,10.0,80.0,9.070148636219319,10.917344294781005,10.23380416897795,0.709177921641623,0.6913865184860686,0.5998389360779237,2.5214663699989903,2.622120276228019,2.584874095290191,1000,100,2.5,10,8.410273367490424,jitter,,,
mf_ard,17,1.2745690159499645,True,840,17.0,0.29411764705882354,0.5,0.37037037037037035,0.8011111111111111,0.3079983096769323,0.7058823529411765,5.0,12.0,5.0,78.0,8.161511992916124,11.214011386267789,9.503070379588793,0.7383121296547963,0.6830002789865854,0.6284120068322157,2.472190834699758,2.637824479686977,2.5449860024995403,1000,100,2.5,10,8.410273367490424,jitter,,,
mf_bayes_lasso,17,1.2487200120231137,False,1000,82.0,0.10975609756097561,0.9,0.1956521739130435,0.7805555555555556,0.24400621118012422,0.8902439024390244,9.0,73.0,1.0,17.0,7.2170460288947424,12.001982085858163,9.605704108676512,0.7685951564950199,0.6607257794045027,0.6243988342574923,2.4073630500516887,2.7295394393763615,2.5681947155773663,1000,100,2.5,10,8.410273367490424,jitter,,,
flow_stagewise,17,1040.0760746002197,True,,12.0,0.4166666666666667,0.5,0.45454545454545453,0.7111111111111111,0.25833333333333336,0.5833333333333334,5.0,7.0,5.0,83.0,13.47718620300293,19.293842315673828,14.465071678161621,0.5678721883505817,0.45459813113910763,0.4343883461093858,2.739344358444214,3.0452873706817627,2.7988409996032715,1000,100,2.5,10,8.410273367490424,jitter,144.0,0.15,10.0
