method,seed,runtime_sec,converged,n_iter,support_size,precision,recall,f1,auroc,auprc,fdr,tp,fp,fn,tn,train_mse,val_mse,test_mse,train_r2,val_r2,test_r2,train_nll,val_nll,test_nll,n,p,snr,n_active,sigma2,setting,selected_ckpt_id,noise_x,group_size
mf_spike_slab,21,0.017342117964290082,True,7,10.0,0.1,0.1,0.10000000000000002,0.7627777777777777,0.2263263097661832,0.9,1.0,9.0,9.0,81.0,4.999047752021702,5.368954334066855,4.99222787133632,0.6930303514778549,0.6852852675044141,0.6664261538388763,2.2235960674893462,2.260165169496777,2.2229218515533025,1000,100,2.5,10,4.732837624663649,jitter,,,
mf_ard,21,0.5005277169402689,True,356,13.0,0.6153846153846154,0.8,0.6956521739130435,0.8944444444444444,0.6703842940685045,0.38461538461538464,8.0,5.0,2.0,85.0,4.3399762321353235,5.201051247620983,4.626918660881935,0.7335010496680567,0.6951273282946704,0.6908356162091774,2.157406029878043,2.2438432580575944,2.1862101500091753,1000,100,2.5,10,4.732837624663649,jitter,,,
mf_bayes_lasso,21,1.2996051469817758,False,1000,80.0,0.1125,0.9,0.2,0.8288888888888889,0.33651348651348656,0.8875,9.0,71.0,1.0,19.0,3.7436960463148217,5.83286130950825,5.126265195125028,0.7701160067842424,0.6580921958940835,0.6574699629802697,2.079321859316343,2.3480849295689894,2.257184059027068,1000,100,2.5,10,4.732837624663649,jitter,,,
flow_stagewise,21,810.9474196434021,True,,8.0,0.875,0.7,0.7777777777777777,0.8444444444444446,0.6425,0.125,7.0,1.0,3.0,89.0,6.516720771789551,7.387030124664307,7.214554309844971,0.5998366864229404,0.5669906848817912,0.5179333237792692,2.3707990646362305,2.451658248901367,2.465292453765869,1000,100,2.5,10,4.732837624663649,jitter,75.0,0.15,10.0
