method,seed,runtime_sec,converged,n_iter,support_size,precision,recall,f1,auroc,auprc,fdr,tp,fp,fn,tn,train_mse,val_mse,test_mse,train_r2,val_r2,test_r2,train_nll,val_nll,test_nll,n,p,snr,n_active,sigma2,setting
mf_spike_slab,49,0.02878919302020222,True,7,10.0,0.0,0.0,0.0,0.7844444444444445,0.20698519461579232,1.0,0.0,10.0,10.0,80.0,6.421770316799872,6.731070860967927,7.432638631682243,0.683424294042553,0.6996554756344839,0.6154547195786766,2.3488191028937164,2.372622954831229,2.4266157965933837,1000,100,2.5,10,5.645665253149599,jitter
mf_ard,49,0.7688436170574278,True,540,17.0,0.4117647058823529,0.7,0.5185185185185185,0.9211111111111111,0.48528624153624156,0.5882352941176471,7.0,10.0,3.0,80.0,5.333569234903831,6.09012027783962,7.272295669912677,0.7370696299437238,0.7282550851182845,0.6237504449936639,2.2602077732954666,2.322272599334751,2.419254172147368,1000,100,2.5,10,5.645665253149599,jitter
mf_bayes_lasso,49,1.3393124750582501,False,1000,72.0,0.1388888888888889,1.0,0.24390243902439027,0.8633333333333334,0.3364553429027113,0.8611111111111112,10.0,62.0,0.0,28.0,4.795683680199,6.5430891890052525,7.039151125210292,0.763585916077397,0.7080433335283087,0.6358127338743745,2.203036441674703,2.3796376887966324,2.4297721058749997,1000,100,2.5,10,5.645665253149599,jitter
