{
  "sim": "block_corr",
  "n": 1000,
  "p": 100,
  "n_active": 10,
  "active_idx": [
    6,
    16,
    45,
    78,
    79,
    80,
    83,
    84,
    90,
    94
  ],
  "snr": 2.5,
  "sigma2": 7.2553597086849155,
  "sigma": 2.6935774926080955,
  "rho": 0.8,
  "block_size": 10,
  "beta_low": 0.8,
  "beta_high": 1.8,
  "setting": "block_corr",
  "seed": 69
}