method,seed,runtime_sec,converged,n_iter,support_size,precision,recall,f1,auroc,auprc,fdr,tp,fp,fn,tn,train_mse,val_mse,test_mse,train_r2,val_r2,test_r2,train_nll,val_nll,test_nll,n,p,snr,n_active,sigma2,setting,selected_ckpt_id,rho,block_size
mf_spike_slab,69,0.08862841699738055,True,38,11.0,0.8181818181818182,0.9,0.8571428571428572,0.9955555555555555,0.9622222222222222,0.18181818181818182,9.0,2.0,1.0,88.0,6.063288898840835,6.844932339769197,8.686330650047557,0.7486165999846299,0.7021126662348798,0.6619231417687965,2.3201243251718346,2.383591226225423,2.5331067703204093,1000,100,2.5,10,7.2553597086849155,block_corr,,,
mf_ard,69,0.1032497970154509,True,72,29.0,0.3448275862068966,1.0,0.5128205128205129,1.0,1.0,0.6551724137931034,10.0,19.0,0.0,71.0,5.301373875204145,6.740970760638367,8.519869614206433,0.7802055267799866,0.7066370115584069,0.6684018985974663,2.257404284541326,2.375801143083235,2.522103235048886,1000,100,2.5,10,7.2553597086849155,block_corr,,,
mf_bayes_lasso,69,0.11070033500436693,True,76,62.0,0.16129032258064516,1.0,0.27777777777777773,0.9988888888888889,0.990909090909091,0.8387096774193549,10.0,52.0,0.0,38.0,5.126710767758405,7.138849065877604,9.260085403619318,0.7874470431483315,0.6893215872959814,0.6395922851277709,2.2362313341275097,2.4294309795246276,2.633105900198944,1000,100,2.5,10,7.2553597086849155,block_corr,,,
flow_stagewise,69,568.9831192493439,True,,11.0,0.9090909090909091,1.0,0.9523809523809523,0.9944444444444445,0.9090909090909091,0.09090909090909091,10.0,1.0,0.0,89.0,6.217951774597168,7.139078140258789,8.724204063415527,0.7422042678067422,0.6893116104673926,0.660449068795135,2.3383326530456543,2.4018096923828125,2.511016845703125,1000,100,2.5,10,7.2553597086849155,block_corr,33.0,0.8,10.0
