method,seed,runtime_sec,converged,n_iter,support_size,precision,recall,f1,auroc,auprc,fdr,tp,fp,fn,tn,train_mse,val_mse,test_mse,train_r2,val_r2,test_r2,train_nll,val_nll,test_nll,n,p,snr,n_active,sigma2,setting
mf_spike_slab,56,0.027968865004368126,True,7,10.0,0.0,0.0,0.0,0.63,0.15095384686288738,1.0,0.0,10.0,10.0,80.0,7.37757836589865,7.3936116302060215,7.448216191669211,0.6898345039627848,0.6953693702605703,0.6486935403601084,2.4181952241644264,2.419269228685369,2.422926970786495,1000,100,2.5,10,6.6077984928498195,jitter
mf_ard,56,0.5937031999928877,True,409,13.0,0.5384615384615384,0.7,0.608695652173913,0.8888888888888888,0.5811355311355311,0.46153846153846156,7.0,6.0,3.0,84.0,6.322422247741721,7.26876048733541,6.660224920117418,0.7341949979559899,0.7005134708948231,0.6858603487223072,2.344902293347306,2.410765890314869,2.368412808020655,1000,100,2.5,10,6.6077984928498195,jitter
mf_bayes_lasso,56,1.3483762149699032,False,1000,72.0,0.125,0.9,0.21951219512195125,0.7427777777777778,0.2630314025597044,0.875,9.0,63.0,1.0,27.0,5.660719201113773,8.101364888445396,7.020342510378182,0.7620140794360812,0.666208612089724,0.6688748541511291,2.2859027944545973,2.495610250630879,2.4027256282742595,1000,100,2.5,10,6.6077984928498195,jitter
