{
  "sim": "block_corr",
  "n": 1000,
  "p": 100,
  "n_active": 10,
  "active_idx": [
    0,
    4,
    5,
    26,
    34,
    50,
    57,
    72,
    78,
    83
  ],
  "snr": 2.5,
  "sigma2": 7.402091189033364,
  "sigma": 2.720678442784697,
  "rho": 0.8,
  "block_size": 10,
  "beta_low": 0.8,
  "beta_high": 1.8,
  "setting": "block_corr",
  "seed": 30
}