method,seed,runtime_sec,converged,n_iter,support_size,precision,recall,f1,auroc,auprc,fdr,tp,fp,fn,tn,train_mse,val_mse,test_mse,train_r2,val_r2,test_r2,train_nll,val_nll,test_nll,n,p,snr,n_active,sigma2,setting,selected_ckpt_id,rho,block_size
mf_spike_slab,30,0.0930193429812789,True,37,10.0,1.0,1.0,1.0,1.0,1.0,0.0,10.0,0.0,0.0,90.0,7.716202072594046,7.069992388966888,9.281672557128601,0.6989175969542333,0.6962053915796862,0.6882876245114945,2.440646448672511,2.399343038943888,2.540705718100145,1000,100,2.5,10,7.402091189033364,block_corr,,,
mf_ard,30,0.0692145760403946,True,47,31.0,0.3225806451612903,1.0,0.4878048780487805,1.0,1.0,0.6774193548387096,10.0,21.0,0.0,69.0,7.03605355570185,7.72537246331335,10.091433586202347,0.7254566569694245,0.6680439845938361,0.6610928993801135,2.3984458117364498,2.4415045843233094,2.5893021954030657,1000,100,2.5,10,7.402091189033364,block_corr,,,
mf_bayes_lasso,30,0.10609879298135638,True,71,66.0,0.15151515151515152,1.0,0.2631578947368421,1.0,1.0,0.8484848484848485,10.0,56.0,0.0,34.0,6.774097632437333,8.523407358832495,10.749236449797396,0.7356780480276863,0.6337527597590931,0.6390014829945105,2.375530331903303,2.5030477588070728,2.66530147187154,1000,100,2.5,10,7.402091189033364,block_corr,,,
flow_stagewise,30,843.5917394161224,True,,10.0,1.0,1.0,1.0,1.0,1.0,0.0,10.0,0.0,0.0,90.0,8.031355857849121,6.994417667388916,9.353888511657715,0.6866204694521538,0.6994528092569232,0.6858623567550265,2.4623236656188965,2.392296075820923,2.5515952110290527,1000,100,2.5,10,7.402091189033364,block_corr,68.0,0.8,10.0
