coupling_layer,target_coord,fixed_coord,mean_attention,target_latent_type,fixed_latent_type,target_parameter_type,fixed_parameter_type,target_group,fixed_group,target_unit,fixed_unit,target_layer,fixed_layer,target_side,fixed_side
0,4,0,0.29524683952331543,0,0,3,1,4,0,1,0,1,2,1,4
0,4,1,0.00042436204967089,0,0,3,3,4,1,1,1,1,1,1,1
0,4,2,0.26934686303138733,0,0,3,3,4,2,1,1,1,1,1,1
0,4,3,0.00617111986503005,0,0,3,3,4,3,1,1,1,1,1,1
0,4,5,0.015308777801692486,0,0,3,3,4,5,1,1,1,1,1,1
0,4,6,0.3809855282306671,0,0,3,3,4,6,1,1,1,1,1,1
0,4,7,0.00039261276833713055,0,0,3,3,4,1,1,2,1,1,1,1
0,4,11,0.004014342091977596,0,0,3,3,4,5,1,2,1,1,1,1
0,4,13,0.000980980577878654,0,0,3,3,4,1,1,3,1,1,1,1
0,4,18,0.003330476116389036,0,0,3,3,4,6,1,3,1,1,1,1
0,4,23,0.0006142654456198215,0,0,3,3,4,5,1,4,1,1,1,1
0,4,24,0.003977689892053604,0,0,3,3,4,6,1,4,1,1,1,1
0,4,25,0.00012077282008249313,0,0,3,3,4,1,1,5,1,1,1,1
0,4,26,0.009039599448442459,0,0,3,3,4,2,1,5,1,1,1,1
0,4,28,0.003121431451290846,0,0,3,3,4,4,1,5,1,1,1,1
0,4,31,6.338518142001703e-05,0,0,3,4,4,1,1,1,1,1,1,1
0,4,32,0.0046418411657214165,0,0,3,4,4,2,1,2,1,1,1,1
0,4,33,5.611627420876175e-05,0,0,3,4,4,3,1,3,1,1,1,1
0,4,34,0.00022379221627488732,0,0,3,4,4,4,1,4,1,1,1,1
0,4,38,0.0002014068595599383,0,0,3,5,4,3,1,3,1,2,1,2
0,4,40,0.00045957096153870225,0,0,3,5,4,5,1,5,1,2,1,2
0,4,43,6.055117410141975e-05,0,1,3,6,4,3,1,0,1,0,1,1
0,4,44,0.0009090759558603168,0,1,3,6,4,4,1,0,1,0,1,1
0,4,46,0.00030832269112579525,0,1,3,6,4,6,1,0,1,0,1,1
0,8,0,0.9968967437744141,0,0,3,1,2,0,2,0,1,2,1,4
0,8,1,4.2051337914017495e-06,0,0,3,3,2,1,2,1,1,1,1,1
0,8,2,0.001153075834736228,0,0,3,3,2,2,2,1,1,1,1,1
0,8,3,5.5115899158408865e-05,0,0,3,3,2,3,2,1,1,1,1,1
0,8,5,0.00026813571457751095,0,0,3,3,2,5,2,1,1,1,1,1
0,8,6,0.0006620901403948665,0,0,3,3,2,6,2,1,1,1,1,1
0,8,7,4.871953478868818e-06,0,0,3,3,2,1,2,2,1,1,1,1
0,8,11,0.00020316788868512958,0,0,3,3,2,5,2,2,1,1,1,1
0,8,13,2.3179379695648095e-06,0,0,3,3,2,1,2,3,1,1,1,1
0,8,18,3.0832243282929994e-06,0,0,3,3,2,6,2,3,1,1,1,1
0,8,23,1.5503202348554623e-06,0,0,3,3,2,5,2,4,1,1,1,1
0,8,24,6.684886466246098e-05,0,0,3,3,2,6,2,4,1,1,1,1
0,8,25,1.2046582469338318e-06,0,0,3,3,2,1,2,5,1,1,1,1
0,8,26,2.813959690683987e-05,0,0,3,3,2,2,2,5,1,1,1,1
0,8,28,1.8642844224814326e-05,0,0,3,3,2,4,2,5,1,1,1,1
0,8,31,3.4796411085835643e-08,0,0,3,4,2,1,2,1,1,1,1,1
0,8,32,5.3920888603897765e-05,0,0,3,4,2,2,2,2,1,1,1,1
0,8,33,9.366696929191676e-08,0,0,3,4,2,3,2,3,1,1,1,1
0,8,34,1.2223194971738849e-06,0,0,3,4,2,4,2,4,1,1,1,1
0,8,38,7.833852578187361e-05,0,0,3,5,2,3,2,3,1,2,1,2
0,8,40,0.0002182680182158947,0,0,3,5,2,5,2,5,1,2,1,2
0,8,43,7.220117822726024e-06,0,1,3,6,2,3,2,0,1,0,1,1
0,8,44,0.0002712843124754727,0,1,3,6,2,4,2,0,1,0,1,1
0,8,46,8.013915362425905e-07,0,1,3,6,2,6,2,0,1,0,1,1
0,9,0,0.9697350859642029,0,0,3,1,3,0,2,0,1,2,1,4
0,9,1,2.0176479665678926e-05,0,0,3,3,3,1,2,1,1,1,1,1
0,9,2,0.01779930852353573,0,0,3,3,3,2,2,1,1,1,1,1
0,9,3,0.00024268556444440037,0,0,3,3,3,3,2,1,1,1,1,1
0,9,5,0.0011268261587247252,0,0,3,3,3,5,2,1,1,1,1,1
0,9,6,0.001684049260802567,0,0,3,3,3,6,2,1,1,1,1,1
0,9,7,0.00016426763613708317,0,0,3,3,3,1,2,2,1,1,1,1
0,9,11,0.007232076022773981,0,0,3,3,3,5,2,2,1,1,1,1
0,9,13,1.1418031135690399e-05,0,0,3,3,3,1,2,3,1,1,1,1
0,9,18,2.1686260879505426e-05,0,0,3,3,3,6,2,3,1,1,1,1
0,9,23,3.948404628317803e-05,0,0,3,3,3,5,2,4,1,1,1,1
0,9,24,0.0012493709800764918,0,0,3,3,3,6,2,4,1,1,1,1
0,9,25,1.3287282172314008e-06,0,0,3,3,3,1,2,5,1,1,1,1
0,9,26,0.0002616483543533832,0,0,3,3,3,2,2,5,1,1,1,1
0,9,28,2.519097506592516e-05,0,0,3,3,3,4,2,5,1,1,1,1
0,9,31,3.9792812600580874e-08,0,0,3,4,3,1,2,1,1,1,1,1
0,9,32,1.790602800610941e-05,0,0,3,4,3,2,2,2,1,1,1,1
0,9,33,2.536417298415472e-09,0,0,3,4,3,3,2,3,1,1,1,1
0,9,34,3.1415938792633824e-06,0,0,3,4,3,4,2,4,1,1,1,1
0,9,38,8.744019197592934e-08,0,0,3,5,3,3,2,3,1,2,1,2
0,9,40,1.1804684163507773e-06,0,0,3,5,3,5,2,5,1,2,1,2
0,9,43,2.2577708023163723e-06,0,1,3,6,3,3,2,0,1,0,1,1
0,9,44,0.00035861937794834375,0,1,3,6,3,4,2,0,1,0,1,1
0,9,46,2.135023351002019e-06,0,1,3,6,3,6,2,0,1,0,1,1
0,10,0,0.921751856803894,0,0,3,1,4,0,2,0,1,2,1,4
0,10,1,3.17434205499012e-05,0,0,3,3,4,1,2,1,1,1,1,1
0,10,2,0.027102207764983177,0,0,3,3,4,2,2,1,1,1,1,1
0,10,3,0.001241012243553996,0,0,3,3,4,3,2,1,1,1,1,1
0,10,5,0.004435256123542786,0,0,3,3,4,5,2,1,1,1,1,1
0,10,6,0.026140710338950157,0,0,3,3,4,6,2,1,1,1,1,1
0,10,7,4.14060486946255e-05,0,0,3,3,4,1,2,2,1,1,1,1
0,10,11,0.0009649418643675745,0,0,3,3,4,5,2,2,1,1,1,1
0,10,13,5.519410115084611e-05,0,0,3,3,4,1,2,3,1,1,1,1
0,10,18,0.0001720830041449517,0,0,3,3,4,6,2,3,1,1,1,1
0,10,23,2.437736293359194e-05,0,0,3,3,4,5,2,4,1,1,1,1
0,10,24,0.00041696004336699843,0,0,3,3,4,6,2,4,1,1,1,1
0,10,25,4.735847323900089e-05,0,0,3,3,4,1,2,5,1,1,1,1
0,10,26,0.002406342187896371,0,0,3,3,4,2,2,5,1,1,1,1
0,10,28,0.0015421630814671516,0,0,3,3,4,4,2,5,1,1,1,1
0,10,31,4.266330506652594e-06,0,0,3,4,4,1,2,1,1,1,1,1
0,10,32,0.0023209911305457354,0,0,3,4,4,2,2,2,1,1,1,1
0,10,33,2.581927583378274e-05,0,0,3,4,4,3,2,3,1,1,1,1
0,10,34,3.0438020985457115e-05,0,0,3,4,4,4,2,4,1,1,1,1
0,10,38,0.0033990670926868916,0,0,3,5,4,3,2,3,1,2,1,2
0,10,40,0.006283449940383434,0,0,3,5,4,5,2,5,1,2,1,2
0,10,43,7.092829036992043e-05,0,1,3,6,4,3,2,0,1,0,1,1
0,10,44,0.0014573874650523067,0,1,3,6,4,4,2,0,1,0,1,1
0,10,46,3.340328476042487e-05,0,1,3,6,4,6,2,0,1,0,1,1
0,12,0,0.9419749975204468,0,0,3,1,6,0,2,0,1,2,1,4
0,12,1,2.4462671717628837e-05,0,0,3,3,6,1,2,1,1,1,1,1
0,12,2,0.025104869157075882,0,0,3,3,6,2,2,1,1,1,1,1
0,12,3,0.0008584886672906578,0,0,3,3,6,3,2,1,1,1,1,1
0,12,5,0.005224510561674833,0,0,3,3,6,5,2,1,1,1,1,1
0,12,6,0.021250057965517044,0,0,3,3,6,6,2,1,1,1,1,1
0,12,7,4.819618334295228e-05,0,0,3,3,6,1,2,2,1,1,1,1
0,12,11,0.0024247143883258104,0,0,3,3,6,5,2,2,1,1,1,1
0,12,13,2.3708420485490933e-05,0,0,3,3,6,1,2,3,1,1,1,1
0,12,18,6.0598285926971585e-05,0,0,3,3,6,6,2,3,1,1,1,1
0,12,23,1.769439950294327e-05,0,0,3,3,6,5,2,4,1,1,1,1
0,12,24,0.0004580343374982476,0,0,3,3,6,6,2,4,1,1,1,1
0,12,25,7.778268809488509e-06,0,0,3,3,6,1,2,5,1,1,1,1
0,12,26,0.0005317877512425184,0,0,3,3,6,2,2,5,1,1,1,1
0,12,28,0.0004279649001546204,0,0,3,3,6,4,2,5,1,1,1,1
0,12,31,3.505729466724006e-07,0,0,3,4,6,1,2,1,1,1,1,1
0,12,32,0.0004362469771876931,0,0,3,4,6,2,2,2,1,1,1,1
0,12,33,6.971370680730615e-07,0,0,3,4,6,3,2,3,1,1,1,1
0,12,34,7.647157872270327e-06,0,0,3,4,6,4,2,4,1,1,1,1
0,12,38,6.281396781560034e-05,0,0,3,5,6,3,2,3,1,2,1,2
0,12,40,0.0003440496220719069,0,0,3,5,6,5,2,5,1,2,1,2
0,12,43,1.3244526599009987e-05,0,1,3,6,6,3,2,0,1,0,1,1
0,12,44,0.0006925766356289387,0,1,3,6,6,4,2,0,1,0,1,1
0,12,46,4.362705112725962e-06,0,1,3,6,6,6,2,0,1,0,1,1
0,14,0,0.9940159320831299,0,0,3,1,2,0,3,0,1,2,1,4
0,14,1,6.096111519582337e-06,0,0,3,3,2,1,3,1,1,1,1,1
0,14,2,0.0029124899301677942,0,0,3,3,2,2,3,1,1,1,1,1
0,14,3,8.541119314031675e-05,0,0,3,3,2,3,3,1,1,1,1,1
0,14,5,0.00027635053265839815,0,0,3,3,2,5,3,1,1,1,1,1
0,14,6,0.00010420669423183426,0,0,3,3,2,6,3,1,1,1,1,1
0,14,7,8.840816917654593e-06,0,0,3,3,2,1,3,2,1,1,1,1
0,14,11,0.00020749581744894385,0,0,3,3,2,5,3,2,1,1,1,1
0,14,13,5.783438973594457e-05,0,0,3,3,2,1,3,3,1,1,1,1
0,14,18,7.447121606674045e-05,0,0,3,3,2,6,3,3,1,1,1,1
0,14,23,1.7581314750714228e-05,0,0,3,3,2,5,3,4,1,1,1,1
0,14,24,0.00014379783533513546,0,0,3,3,2,6,3,4,1,1,1,1
0,14,25,8.624894690001383e-06,0,0,3,3,2,1,3,5,1,1,1,1
0,14,26,8.453725604340434e-05,0,0,3,3,2,2,3,5,1,1,1,1
0,14,28,1.8080458175973035e-05,0,0,3,3,2,4,3,5,1,1,1,1
0,14,31,3.709634199822176e-07,0,0,3,4,2,1,3,1,1,1,1,1
0,14,32,2.2073110812925734e-05,0,0,3,4,2,2,3,2,1,1,1,1
0,14,33,1.5568082289973972e-06,0,0,3,4,2,3,3,3,1,1,1,1
0,14,34,7.40219638828421e-06,0,0,3,4,2,4,3,4,1,1,1,1
0,14,38,0.00036889660987071693,0,0,3,5,2,3,3,3,1,2,1,2
0,14,40,0.0008586171315982938,0,0,3,5,2,5,3,5,1,2,1,2
0,14,43,2.58416730503086e-05,0,1,3,6,2,3,3,0,1,0,1,1
0,14,44,0.0006877171108499169,0,1,3,6,2,4,3,0,1,0,1,1
0,14,46,5.534911906579509e-06,0,1,3,6,2,6,3,0,1,0,1,1
0,15,0,0.9728676080703735,0,0,3,1,3,0,3,0,1,2,1,4
0,15,1,5.506195520865731e-05,0,0,3,3,3,1,3,1,1,1,1,1
0,15,2,0.011293581686913967,0,0,3,3,3,2,3,1,1,1,1,1
0,15,3,0.0004329256189521402,0,0,3,3,3,3,3,1,1,1,1,1
0,15,5,0.001129708020016551,0,0,3,3,3,5,3,1,1,1,1,1
0,15,6,0.0005973369698040187,0,0,3,3,3,6,3,1,1,1,1,1
0,15,7,5.6200329709099606e-05,0,0,3,3,3,1,3,2,1,1,1,1
0,15,11,0.0005293143331073225,0,0,3,3,3,5,3,2,1,1,1,1
0,15,13,0.00038466983824037015,0,0,3,3,3,1,3,3,1,1,1,1
0,15,18,0.0009479567524977028,0,0,3,3,3,6,3,3,1,1,1,1
0,15,23,0.0003610932035371661,0,0,3,3,3,5,3,4,1,1,1,1
0,15,24,0.0013990121660754085,0,0,3,3,3,6,3,4,1,1,1,1
0,15,25,0.00015598992467857897,0,0,3,3,3,1,3,5,1,1,1,1
0,15,26,0.0006694369949400425,0,0,3,3,3,2,3,5,1,1,1,1
0,15,28,0.0001310595398535952,0,0,3,3,3,4,3,5,1,1,1,1
0,15,31,3.0841842090012506e-05,0,0,3,4,3,1,3,1,1,1,1,1
0,15,32,0.0001566255377838388,0,0,3,4,3,2,3,2,1,1,1,1
0,15,33,0.00010123119864147156,0,0,3,4,3,3,3,3,1,1,1,1
0,15,34,0.0001779757149051875,0,0,3,4,3,4,3,4,1,1,1,1
0,15,38,0.002719320822507143,0,0,3,5,3,3,3,3,1,2,1,2
0,15,40,0.0044326502829790115,0,0,3,5,3,5,3,5,1,2,1,2
0,15,43,0.0003828170301858336,0,1,3,6,3,3,3,0,1,0,1,1
0,15,44,0.0008802766678854823,0,1,3,6,3,4,3,0,1,0,1,1
0,15,46,0.00010712359653552994,0,1,3,6,3,6,3,0,1,0,1,1
0,16,0,0.08798075467348099,0,0,3,1,4,0,3,0,1,2,1,4
0,16,1,4.060780611325754e-06,0,0,3,3,4,1,3,1,1,1,1,1
0,16,2,0.003654243890196085,0,0,3,3,4,2,3,1,1,1,1,1
0,16,3,0.000145565572893247,0,0,3,3,4,3,3,1,1,1,1,1
0,16,5,0.0005442740512080491,0,0,3,3,4,5,3,1,1,1,1,1
0,16,6,0.001164102810434997,0,0,3,3,4,6,3,1,1,1,1,1
0,16,7,1.3123291182637331e-06,0,0,3,3,4,1,3,2,1,1,1,1
0,16,11,9.855408279690892e-06,0,0,3,3,4,5,3,2,1,1,1,1
0,16,13,0.00019202040857635438,0,0,3,3,4,1,3,3,1,1,1,1
0,16,18,0.001359138754196465,0,0,3,3,4,6,3,3,1,1,1,1
0,16,23,6.20568243903108e-05,0,0,3,3,4,5,3,4,1,1,1,1
0,16,24,0.00011272395931882784,0,0,3,3,4,6,3,4,1,1,1,1
0,16,25,0.00018693620222620666,0,0,3,3,4,1,3,5,1,1,1,1
0,16,26,0.0005669647362083197,0,0,3,3,4,2,3,5,1,1,1,1
0,16,28,0.0003369784390088171,0,0,3,3,4,4,3,5,1,1,1,1
0,16,31,2.4747103452682495e-05,0,0,3,4,4,1,3,1,1,1,1,1
0,16,32,0.00022119151253718883,0,0,3,4,4,2,3,2,1,1,1,1
0,16,33,0.008697855286300182,0,0,3,4,4,3,3,3,1,1,1,1
0,16,34,9.716663771541789e-05,0,0,3,4,4,4,3,4,1,1,1,1
0,16,38,0.6460477709770203,0,0,3,5,4,3,3,3,1,2,1,2
0,16,40,0.24818037450313568,0,0,3,5,4,5,3,5,1,2,1,2
0,16,43,0.00025182479294016957,0,1,3,6,4,3,3,0,1,0,1,1
0,16,44,9.250437142327428e-05,0,1,3,6,4,4,3,0,1,0,1,1
0,16,46,6.600046617677435e-05,0,1,3,6,4,6,3,0,1,0,1,1
0,17,0,0.9909773468971252,0,0,3,1,5,0,3,0,1,2,1,4
0,17,1,4.121656729694223e-06,0,0,3,3,5,1,3,1,1,1,1,1
0,17,2,0.002277027117088437,0,0,3,3,5,2,3,1,1,1,1,1
0,17,3,3.2883574021980166e-05,0,0,3,3,5,3,3,1,1,1,1,1
0,17,5,0.00018630886916071177,0,0,3,3,5,5,3,1,1,1,1,1
0,17,6,0.00014435817138291895,0,0,3,3,5,6,3,1,1,1,1,1
0,17,7,4.833339517062996e-06,0,0,3,3,5,1,3,2,1,1,1,1
0,17,11,2.76296996162273e-05,0,0,3,3,5,5,3,2,1,1,1,1
0,17,13,7.64046999393031e-05,0,0,3,3,5,1,3,3,1,1,1,1
0,17,18,0.00021848718461114913,0,0,3,3,5,6,3,3,1,1,1,1
0,17,23,2.0632312953239307e-05,0,0,3,3,5,5,3,4,1,1,1,1
0,17,24,0.00017321818450000137,0,0,3,3,5,6,3,4,1,1,1,1
0,17,25,1.4875123270030599e-05,0,0,3,3,5,1,3,5,1,1,1,1
0,17,26,5.229843736742623e-05,0,0,3,3,5,2,3,5,1,1,1,1
0,17,28,2.5293336875620298e-05,0,0,3,3,5,4,3,5,1,1,1,1
0,17,31,3.419500842483103e-07,0,0,3,4,5,1,3,1,1,1,1,1
0,17,32,1.5201652786345221e-05,0,0,3,4,5,2,3,2,1,1,1,1
0,17,33,1.2469818102545105e-05,0,0,3,4,5,3,3,3,1,1,1,1
0,17,34,9.593652066541836e-06,0,0,3,4,5,4,3,4,1,1,1,1
0,17,38,0.0020169848576188087,0,0,3,5,5,3,3,3,1,2,1,2
0,17,40,0.002718860749155283,0,0,3,5,5,5,3,5,1,2,1,2
0,17,43,0.00015451197396032512,0,1,3,6,5,3,3,0,1,0,1,1
0,17,44,0.000798188557382673,0,1,3,6,5,4,3,0,1,0,1,1
0,17,46,3.802389983320609e-05,0,1,3,6,5,6,3,0,1,0,1,1
0,19,0,0.07782179862260818,0,0,3,1,1,0,4,0,1,2,1,4
0,19,1,0.0015164780197665095,0,0,3,3,1,1,4,1,1,1,1,1
0,19,2,0.3460299074649811,0,0,3,3,1,2,4,1,1,1,1,1
0,19,3,0.005947283003479242,0,0,3,3,1,3,4,1,1,1,1,1
0,19,5,0.008309242315590382,0,0,3,3,1,5,4,1,1,1,1,1
0,19,6,0.019300192594528198,0,0,3,3,1,6,4,1,1,1,1,1
0,19,7,0.003041838761419058,0,0,3,3,1,1,4,2,1,1,1,1
0,19,11,0.008000003173947334,0,0,3,3,1,5,4,2,1,1,1,1
0,19,13,0.04783685505390167,0,0,3,3,1,1,4,3,1,1,1,1
0,19,18,0.2038106769323349,0,0,3,3,1,6,4,3,1,1,1,1
0,19,23,0.018100740388035774,0,0,3,3,1,5,4,4,1,1,1,1
0,19,24,0.2023475021123886,0,0,3,3,1,6,4,4,1,1,1,1
0,19,25,0.00036415483918972313,0,0,3,3,1,1,4,5,1,1,1,1
0,19,26,0.006208511069417,0,0,3,3,1,2,4,5,1,1,1,1
0,19,28,0.0002912420022767037,0,0,3,3,1,4,4,5,1,1,1,1
0,19,31,0.00047934261965565383,0,0,3,4,1,1,4,1,1,1,1,1
0,19,32,0.0021701594814658165,0,0,3,4,1,2,4,2,1,1,1,1
0,19,33,0.0010495987953618169,0,0,3,4,1,3,4,3,1,1,1,1
0,19,34,0.01975613832473755,0,0,3,4,1,4,4,4,1,1,1,1
0,19,38,0.0003176790487486869,0,0,3,5,1,3,4,3,1,2,1,2
0,19,40,7.999317313078791e-05,0,0,3,5,1,5,4,5,1,2,1,2
0,19,43,0.005533217918127775,0,1,3,6,1,3,4,0,1,0,1,1
0,19,44,0.008914005942642689,0,1,3,6,1,4,4,0,1,0,1,1
0,19,46,0.012773578986525536,0,1,3,6,1,6,4,0,1,0,1,1
0,20,0,0.7038803100585938,0,0,3,1,2,0,4,0,1,2,1,4
0,20,1,0.0011132569052278996,0,0,3,3,2,1,4,1,1,1,1,1
0,20,2,0.1495184302330017,0,0,3,3,2,2,4,1,1,1,1,1
0,20,3,0.005290063098073006,0,0,3,3,2,3,4,1,1,1,1,1
0,20,5,0.01560639776289463,0,0,3,3,2,5,4,1,1,1,1,1
0,20,6,0.08032342046499252,0,0,3,3,2,6,4,1,1,1,1,1
0,20,7,0.0008889080490916967,0,0,3,3,2,1,4,2,1,1,1,1
0,20,11,0.009983276017010212,0,0,3,3,2,5,4,2,1,1,1,1
0,20,13,0.0012555067660287023,0,0,3,3,2,1,4,3,1,1,1,1
0,20,18,0.0029427187982946634,0,0,3,3,2,6,4,3,1,1,1,1
0,20,23,0.0010301207657903433,0,0,3,3,2,5,4,4,1,1,1,1
0,20,24,0.01614156924188137,0,0,3,3,2,6,4,4,1,1,1,1
0,20,25,0.0001660955313127488,0,0,3,3,2,1,4,5,1,1,1,1
0,20,26,0.0033939643763005733,0,0,3,3,2,2,4,5,1,1,1,1
0,20,28,0.0010756539413705468,0,0,3,3,2,4,4,5,1,1,1,1
0,20,31,6.222244701348245e-05,0,0,3,4,2,1,4,1,1,1,1,1
0,20,32,0.003202720545232296,0,0,3,4,2,2,4,2,1,1,1,1
0,20,33,3.7880774470977485e-05,0,0,3,4,2,3,4,3,1,1,1,1
0,20,34,0.0007841039332561195,0,0,3,4,2,4,4,4,1,1,1,1
0,20,38,0.0002891960320994258,0,0,3,5,2,3,4,3,1,2,1,2
0,20,40,0.0004604700661730021,0,0,3,5,2,5,4,5,1,2,1,2
0,20,43,0.0003216121403966099,0,1,3,6,2,3,4,0,1,0,1,1
0,20,44,0.0018972556572407484,0,1,3,6,2,4,4,0,1,0,1,1
0,20,46,0.0003350651531945914,0,1,3,6,2,6,4,0,1,0,1,1
0,21,0,0.7364104986190796,0,0,3,1,3,0,4,0,1,2,1,4
0,21,1,0.001027495483867824,0,0,3,3,3,1,4,1,1,1,1,1
0,21,2,0.14374904334545135,0,0,3,3,3,2,4,1,1,1,1,1
0,21,3,0.00376068614423275,0,0,3,3,3,3,4,1,1,1,1,1
0,21,5,0.015275692567229271,0,0,3,3,3,5,4,1,1,1,1,1
0,21,6,0.02858596295118332,0,0,3,3,3,6,4,1,1,1,1,1
0,21,7,0.0012292832834646106,0,0,3,3,3,1,4,2,1,1,1,1
0,21,11,0.01075028907507658,0,0,3,3,3,5,4,2,1,1,1,1
0,21,13,0.001395729253999889,0,0,3,3,3,1,4,3,1,1,1,1
0,21,18,0.006224466487765312,0,0,3,3,3,6,4,3,1,1,1,1
0,21,23,0.003678992623463273,0,0,3,3,3,5,4,4,1,1,1,1
0,21,24,0.029909227043390274,0,0,3,3,3,6,4,4,1,1,1,1
0,21,25,0.00047076118062250316,0,0,3,3,3,1,4,5,1,1,1,1
0,21,26,0.006804890930652618,0,0,3,3,3,2,4,5,1,1,1,1
0,21,28,0.0015404223231598735,0,0,3,3,3,4,4,5,1,1,1,1
0,21,31,8.180446457117796e-05,0,0,3,4,3,1,4,1,1,1,1,1
0,21,32,0.0014374400489032269,0,0,3,4,3,2,4,2,1,1,1,1
0,21,33,4.5650383981410414e-05,0,0,3,4,3,3,4,3,1,1,1,1
0,21,34,0.0013452664716169238,0,0,3,4,3,4,4,4,1,1,1,1
0,21,38,0.0002964682353194803,0,0,3,5,3,3,4,3,1,2,1,2
0,21,40,0.00105944590177387,0,0,3,5,3,5,4,5,1,2,1,2
0,21,43,0.0007082703523337841,0,1,3,6,3,3,4,0,1,0,1,1
0,21,44,0.003530256450176239,0,1,3,6,3,4,4,0,1,0,1,1
0,21,46,0.0006820019916631281,0,1,3,6,3,6,4,0,1,0,1,1
0,22,0,0.16144563257694244,0,0,3,1,4,0,4,0,1,2,1,4
0,22,1,0.00046413266682066023,0,0,3,3,4,1,4,1,1,1,1,1
0,22,2,0.5667588710784912,0,0,3,3,4,2,4,1,1,1,1,1
0,22,3,0.0075595625676214695,0,0,3,3,4,3,4,1,1,1,1,1
0,22,5,0.022582119330763817,0,0,3,3,4,5,4,1,1,1,1,1
0,22,6,0.0929819792509079,0,0,3,3,4,6,4,1,1,1,1,1
0,22,7,0.0005002585821785033,0,0,3,3,4,1,4,2,1,1,1,1
0,22,11,0.013116957619786263,0,0,3,3,4,5,4,2,1,1,1,1
0,22,13,0.0016989295836538076,0,0,3,3,4,1,4,3,1,1,1,1
0,22,18,0.017380576580762863,0,0,3,3,4,6,4,3,1,1,1,1
0,22,23,0.005305159371346235,0,0,3,3,4,5,4,4,1,1,1,1
0,22,24,0.09005635976791382,0,0,3,3,4,6,4,4,1,1,1,1
0,22,25,0.00010086254769703373,0,0,3,3,4,1,4,5,1,1,1,1
0,22,26,0.012181639671325684,0,0,3,3,4,2,4,5,1,1,1,1
0,22,28,0.0006021342123858631,0,0,3,3,4,4,4,5,1,1,1,1
0,22,31,5.130343561177142e-05,0,0,3,4,4,1,4,1,1,1,1,1
0,22,32,0.0021807390730828047,0,0,3,4,4,2,4,2,1,1,1,1
0,22,33,4.015706872451119e-05,0,0,3,4,4,3,4,3,1,1,1,1
0,22,34,0.00349969114176929,0,0,3,4,4,4,4,4,1,1,1,1
0,22,38,9.547923400532454e-05,0,0,3,5,4,3,4,3,1,2,1,2
0,22,40,9.719245281303301e-05,0,0,3,5,4,5,4,5,1,2,1,2
0,22,43,0.00025942266802303493,0,1,3,6,4,3,4,0,1,0,1,1
0,22,44,0.0006713797338306904,0,1,3,6,4,4,4,0,1,0,1,1
0,22,46,0.0003699804365169257,0,1,3,6,4,6,4,0,1,0,1,1
0,27,0,0.8681250214576721,0,0,3,1,3,0,5,0,1,2,1,4
0,27,1,0.0014458115911111236,0,0,3,3,3,1,5,1,1,1,1,1
0,27,2,0.055456630885601044,0,0,3,3,3,2,5,1,1,1,1,1
0,27,3,0.006423864979296923,0,0,3,3,3,3,5,1,1,1,1,1
0,27,5,0.011140434071421623,0,0,3,3,3,5,5,1,1,1,1,1
0,27,6,0.009061560034751892,0,0,3,3,3,6,5,1,1,1,1,1
0,27,7,0.0004747709899675101,0,0,3,3,3,1,5,2,1,1,1,1
0,27,11,0.011398960836231709,0,0,3,3,3,5,5,2,1,1,1,1
0,27,13,0.0014962843852117658,0,0,3,3,3,1,5,3,1,1,1,1
0,27,18,0.0018074240069836378,0,0,3,3,3,6,5,3,1,1,1,1
0,27,23,0.002740828087553382,0,0,3,3,3,5,5,4,1,1,1,1
0,27,24,0.004856935702264309,0,0,3,3,3,6,5,4,1,1,1,1
0,27,25,0.0005939608090557158,0,0,3,3,3,1,5,5,1,1,1,1
0,27,26,0.00555677292868495,0,0,3,3,3,2,5,5,1,1,1,1
0,27,28,0.001074965693987906,0,0,3,3,3,4,5,5,1,1,1,1
0,27,31,0.0005047429003752768,0,0,3,4,3,1,5,1,1,1,1,1
0,27,32,0.00382051058113575,0,0,3,4,3,2,5,2,1,1,1,1
0,27,33,0.00014135953097138554,0,0,3,4,3,3,5,3,1,1,1,1
0,27,34,0.001229197601787746,0,0,3,4,3,4,5,4,1,1,1,1
0,27,38,0.0027624384965747595,0,0,3,5,3,3,5,3,1,2,1,2
0,27,40,0.007388773839920759,0,0,3,5,3,5,5,5,1,2,1,2
0,27,43,0.0004227849130984396,0,1,3,6,3,3,5,0,1,0,1,1
0,27,44,0.0018746443092823029,0,1,3,6,3,4,5,0,1,0,1,1
0,27,46,0.00020148859766777605,0,1,3,6,3,6,5,0,1,0,1,1
0,29,0,0.7985328435897827,0,0,3,1,5,0,5,0,1,2,1,4
0,29,1,0.0005560661666095257,0,0,3,3,5,1,5,1,1,1,1,1
0,29,2,0.05058791860938072,0,0,3,3,5,2,5,1,1,1,1,1
0,29,3,0.005706933792680502,0,0,3,3,5,3,5,1,1,1,1,1
0,29,5,0.014718540944159031,0,0,3,3,5,5,5,1,1,1,1,1
0,29,6,0.008818117901682854,0,0,3,3,5,6,5,1,1,1,1,1
0,29,7,0.0002959888079203665,0,0,3,3,5,1,5,2,1,1,1,1
0,29,11,0.0029554269276559353,0,0,3,3,5,5,5,2,1,1,1,1
0,29,13,0.003243011888116598,0,0,3,3,5,1,5,3,1,1,1,1
0,29,18,0.007765591610223055,0,0,3,3,5,6,5,3,1,1,1,1
0,29,23,0.004826578311622143,0,0,3,3,5,5,5,4,1,1,1,1
0,29,24,0.004510711878538132,0,0,3,3,5,6,5,4,1,1,1,1
0,29,25,0.0015293456381186843,0,0,3,3,5,1,5,5,1,1,1,1
0,29,26,0.005469054449349642,0,0,3,3,5,2,5,5,1,1,1,1
0,29,28,0.002845688024535775,0,0,3,3,5,4,5,5,1,1,1,1
0,29,31,0.00018592449487186968,0,0,3,4,5,1,5,1,1,1,1,1
0,29,32,0.0008985234890133142,0,0,3,4,5,2,5,2,1,1,1,1
0,29,33,0.0010818644659593701,0,0,3,4,5,3,5,3,1,1,1,1
0,29,34,0.000888716836925596,0,0,3,4,5,4,5,4,1,1,1,1
0,29,38,0.020857403054833412,0,0,3,5,5,3,5,3,1,2,1,2
0,29,40,0.05833249166607857,0,0,3,5,5,5,5,5,1,2,1,2
0,29,43,0.0013832544209435582,0,1,3,6,5,3,5,0,1,0,1,1
0,29,44,0.003380645764991641,0,1,3,6,5,4,5,0,1,0,1,1
0,29,46,0.0006292587495408952,0,1,3,6,5,6,5,0,1,0,1,1
0,30,0,0.9328194856643677,0,0,3,1,6,0,5,0,1,2,1,4
0,30,1,0.00012093358964193612,0,0,3,3,6,1,5,1,1,1,1,1
0,30,2,0.014462017454206944,0,0,3,3,6,2,5,1,1,1,1,1
0,30,3,0.001051837345585227,0,0,3,3,6,3,5,1,1,1,1,1
0,30,5,0.003595164977014065,0,0,3,3,6,5,5,1,1,1,1,1
0,30,6,0.0033758170902729034,0,0,3,3,6,6,5,1,1,1,1,1
0,30,7,9.762420086190104e-05,0,0,3,3,6,1,5,2,1,1,1,1
0,30,11,0.0017735866131260991,0,0,3,3,6,5,5,2,1,1,1,1
0,30,13,0.00027517174021340907,0,0,3,3,6,1,5,3,1,1,1,1
0,30,18,0.0007004081271588802,0,0,3,3,6,6,5,3,1,1,1,1
0,30,23,0.0006014392129145563,0,0,3,3,6,5,5,4,1,1,1,1
0,30,24,0.0012361862463876605,0,0,3,3,6,6,5,4,1,1,1,1
0,30,25,0.00031868135556578636,0,0,3,3,6,1,5,5,1,1,1,1
0,30,26,0.0023458190262317657,0,0,3,3,6,2,5,5,1,1,1,1
0,30,28,0.0008868910954333842,0,0,3,3,6,4,5,5,1,1,1,1
0,30,31,3.607437975006178e-05,0,0,3,4,6,1,5,1,1,1,1,1
0,30,32,0.0007935806061141193,0,0,3,4,6,2,5,2,1,1,1,1
0,30,33,0.00011374003224773332,0,0,3,4,6,3,5,3,1,1,1,1
0,30,34,0.00019108288688585162,0,0,3,4,6,4,5,4,1,1,1,1
0,30,38,0.006237611174583435,0,0,3,5,6,3,5,3,1,2,1,2
0,30,40,0.02657172828912735,0,0,3,5,6,5,5,5,1,2,1,2
0,30,43,0.00030088750645518303,0,1,3,6,6,3,5,0,1,0,1,1
0,30,44,0.0020196361001580954,0,1,3,6,6,4,5,0,1,0,1,1
0,30,46,7.476876635337248e-05,0,1,3,6,6,6,5,0,1,0,1,1
0,35,0,0.9987346529960632,0,0,4,1,5,0,5,0,1,2,1,4
0,35,1,2.2877022729517194e-06,0,0,4,3,5,1,5,1,1,1,1,1
0,35,2,0.0001715060934657231,0,0,4,3,5,2,5,1,1,1,1,1
0,35,3,6.508962997031631e-06,0,0,4,3,5,3,5,1,1,1,1,1
0,35,5,2.0298744857427664e-05,0,0,4,3,5,5,5,1,1,1,1,1
0,35,6,6.938527803868055e-06,0,0,4,3,5,6,5,1,1,1,1,1
0,35,7,7.4090839916607365e-06,0,0,4,3,5,1,5,2,1,1,1,1
0,35,11,4.966161941410974e-05,0,0,4,3,5,5,5,2,1,1,1,1
0,35,13,6.726228548359359e-06,0,0,4,3,5,1,5,3,1,1,1,1
0,35,18,3.6584447116183583e-06,0,0,4,3,5,6,5,3,1,1,1,1
0,35,23,1.593297020008322e-05,0,0,4,3,5,5,5,4,1,1,1,1
0,35,24,1.3142628631612752e-05,0,0,4,3,5,6,5,4,1,1,1,1
0,35,25,4.169227395323105e-06,0,0,4,3,5,1,5,5,1,1,1,1
0,35,26,2.231286089227069e-05,0,0,4,3,5,2,5,5,1,1,1,1
0,35,28,4.1368948586750776e-06,0,0,4,3,5,4,5,5,1,1,1,1
0,35,31,6.205183211704934e-08,0,0,4,4,5,1,5,1,1,1,1,1
0,35,32,9.226502015735605e-07,0,0,4,4,5,2,5,2,1,1,1,1
0,35,33,3.1790861498848244e-08,0,0,4,4,5,3,5,3,1,1,1,1
0,35,34,2.6793321694640326e-07,0,0,4,4,5,4,5,4,1,1,1,1
0,35,38,1.629739927011542e-05,0,0,4,5,5,3,5,3,1,2,1,2
0,35,40,0.0002659925085026771,0,0,4,5,5,5,5,5,1,2,1,2
0,35,43,5.473072178574512e-06,0,1,4,6,5,3,5,0,1,0,1,1
0,35,44,0.0006378181860782206,0,1,4,6,5,4,5,0,1,0,1,1
0,35,46,3.4590100312925642e-06,0,1,4,6,5,6,5,0,1,0,1,1
0,36,0,3.5204509458708344e-06,0,0,5,1,1,0,1,0,2,2,2,4
0,36,1,9.74005160969682e-06,0,0,5,3,1,1,1,1,2,1,2,1
0,36,2,4.25386815550155e-06,0,0,5,3,1,2,1,1,2,1,2,1
0,36,3,2.4501565349055454e-05,0,0,5,3,1,3,1,1,2,1,2,1
0,36,5,8.012199032236822e-06,0,0,5,3,1,5,1,1,2,1,2,1
0,36,6,2.3173906811280176e-05,0,0,5,3,1,6,1,1,2,1,2,1
0,36,7,1.017624413179874e-06,0,0,5,3,1,1,1,2,2,1,2,1
0,36,11,3.2527850635233335e-07,0,0,5,3,1,5,1,2,2,1,2,1
0,36,13,3.0891791539033875e-05,0,0,5,3,1,1,1,3,2,1,2,1
0,36,18,0.0001984120171982795,0,0,5,3,1,6,1,3,2,1,2,1
0,36,23,3.9842576370574534e-05,0,0,5,3,1,5,1,4,2,1,2,1
0,36,24,1.6188433846764383e-06,0,0,5,3,1,6,1,4,2,1,2,1
0,36,25,0.0005685390206053853,0,0,5,3,1,1,1,5,2,1,2,1
0,36,26,6.856431718915701e-05,0,0,5,3,1,2,1,5,2,1,2,1
0,36,28,0.0007208828465081751,0,0,5,3,1,4,1,5,2,1,2,1
0,36,31,0.0025886024814099073,0,0,5,4,1,1,1,1,2,1,2,1
0,36,32,0.0003016604750882834,0,0,5,4,1,2,1,2,2,1,2,1
0,36,33,0.9495457410812378,0,0,5,4,1,3,1,3,2,1,2,1
0,36,34,0.00014407893468160182,0,0,5,4,1,4,1,4,2,1,2,1
0,36,38,0.025122027844190598,0,0,5,5,1,3,1,3,2,2,2,2
0,36,40,0.019557472318410873,0,0,5,5,1,5,1,5,2,2,2,2
0,36,43,0.0006996453157626092,0,1,5,6,1,3,1,0,2,0,2,1
0,36,44,1.2909721590403933e-05,0,1,5,6,1,4,1,0,2,0,2,1
0,36,46,0.00032439225469715893,0,1,5,6,1,6,1,0,2,0,2,1
0,37,0,0.03105943091213703,0,0,5,1,2,0,2,0,2,2,2,4
0,37,1,0.0002847515279427171,0,0,5,3,2,1,2,1,2,1,2,1
0,37,2,0.00012333886115811765,0,0,5,3,2,2,2,1,2,1,2,1
0,37,3,0.00029429912683553994,0,0,5,3,2,3,2,1,2,1,2,1
0,37,5,0.0005219643353484571,0,0,5,3,2,5,2,1,2,1,2,1
0,37,6,0.00010131751332664862,0,0,5,3,2,6,2,1,2,1,2,1
0,37,7,4.6280649257823825e-05,0,0,5,3,2,1,2,2,2,1,2,1
0,37,11,0.00016226335719693452,0,0,5,3,2,5,2,2,2,1,2,1
0,37,13,0.00012673521996475756,0,0,5,3,2,1,2,3,2,1,2,1
0,37,18,0.00013578063226304948,0,0,5,3,2,6,2,3,2,1,2,1
0,37,23,0.0004805485368706286,0,0,5,3,2,5,2,4,2,1,2,1
0,37,24,5.940262781223282e-05,0,0,5,3,2,6,2,4,2,1,2,1
0,37,25,0.0024722078815102577,0,0,5,3,2,1,2,5,2,1,2,1
0,37,26,0.00018984833150170743,0,0,5,3,2,2,2,5,2,1,2,1
0,37,28,0.0010911908466368914,0,0,5,3,2,4,2,5,2,1,2,1
0,37,31,0.0005155358230695128,0,0,5,4,2,1,2,1,2,1,2,1
0,37,32,0.00039920490235090256,0,0,5,4,2,2,2,2,2,1,2,1
0,37,33,0.0032265852205455303,0,0,5,4,2,3,2,3,2,1,2,1
0,37,34,0.00015026125765871257,0,0,5,4,2,4,2,4,2,1,2,1
0,37,38,0.12204990535974503,0,0,5,5,2,3,2,3,2,2,2,2
0,37,40,0.8328729867935181,0,0,5,5,2,5,2,5,2,2,2,2
0,37,43,0.0019969381392002106,0,1,5,6,2,3,2,0,2,0,2,1
0,37,44,0.001520825084298849,0,1,5,6,2,4,2,0,2,0,2,1
0,37,46,0.0001176164805656299,0,1,5,6,2,6,2,0,2,0,2,1
0,39,0,0.021350862458348274,0,0,5,1,4,0,4,0,2,2,2,4
0,39,1,0.003463542554527521,0,0,5,3,4,1,4,1,2,1,2,1
0,39,2,0.005354505032300949,0,0,5,3,4,2,4,1,2,1,2,1
0,39,3,0.0038535187486559153,0,0,5,3,4,3,4,1,2,1,2,1
0,39,5,0.0033242926001548767,0,0,5,3,4,5,4,1,2,1,2,1
0,39,6,0.002464486751705408,0,0,5,3,4,6,4,1,2,1,2,1
0,39,7,0.0009760276880115271,0,0,5,3,4,1,4,2,2,1,2,1
0,39,11,0.001235654461197555,0,0,5,3,4,5,4,2,2,1,2,1
0,39,13,0.013201399706304073,0,0,5,3,4,1,4,3,2,1,2,1
0,39,18,0.02446981891989708,0,0,5,3,4,6,4,3,2,1,2,1
0,39,23,0.03916342929005623,0,0,5,3,4,5,4,4,2,1,2,1
0,39,24,0.0053658876568078995,0,0,5,3,4,6,4,4,2,1,2,1
0,39,25,0.021877802908420563,0,0,5,3,4,1,4,5,2,1,2,1
0,39,26,0.008301042951643467,0,0,5,3,4,2,4,5,2,1,2,1
0,39,28,0.004220956936478615,0,0,5,3,4,4,4,5,2,1,2,1
0,39,31,0.027535203844308853,0,0,5,4,4,1,4,1,2,1,2,1
0,39,32,0.004371406510472298,0,0,5,4,4,2,4,2,2,1,2,1
0,39,33,0.17498774826526642,0,0,5,4,4,3,4,3,2,1,2,1
0,39,34,0.017994273453950882,0,0,5,4,4,4,4,4,2,1,2,1
0,39,38,0.31777673959732056,0,0,5,5,4,3,4,3,2,2,2,2
0,39,40,0.264192134141922,0,0,5,5,4,5,4,5,2,2,2,2
0,39,43,0.019986089318990707,0,1,5,6,4,3,4,0,2,0,2,1
0,39,44,0.0035176826640963554,0,1,5,6,4,4,4,0,2,0,2,1
0,39,46,0.011015135794878006,0,1,5,6,4,6,4,0,2,0,2,1
0,41,0,0.004899404477328062,1,0,6,1,1,0,0,0,0,2,1,4
0,41,1,0.024878665804862976,1,0,6,3,1,1,0,1,0,1,1,1
0,41,2,0.01722021773457527,1,0,6,3,1,2,0,1,0,1,1,1
0,41,3,0.021323753520846367,1,0,6,3,1,3,0,1,0,1,1,1
0,41,5,0.028818417340517044,1,0,6,3,1,5,0,1,0,1,1,1
0,41,6,0.003235713578760624,1,0,6,3,1,6,0,1,0,1,1,1
0,41,7,0.010748175904154778,1,0,6,3,1,1,0,2,0,1,1,1
0,41,11,0.018045352771878242,1,0,6,3,1,5,0,2,0,1,1,1
0,41,13,0.11146089434623718,1,0,6,3,1,1,0,3,0,1,1,1
0,41,18,0.08623411506414413,1,0,6,3,1,6,0,3,0,1,1,1
0,41,23,0.08890307694673538,1,0,6,3,1,5,0,4,0,1,1,1
0,41,24,0.0288906991481781,1,0,6,3,1,6,0,4,0,1,1,1
0,41,25,0.04556983336806297,1,0,6,3,1,1,0,5,0,1,1,1
0,41,26,0.00666856812313199,1,0,6,3,1,2,0,5,0,1,1,1
0,41,28,0.005775834433734417,1,0,6,3,1,4,0,5,0,1,1,1
0,41,31,0.1479673534631729,1,0,6,4,1,1,0,1,0,1,1,1
0,41,32,0.006632545497268438,1,0,6,4,1,2,0,2,0,1,1,1
0,41,33,0.09978706389665604,1,0,6,4,1,3,0,3,0,1,1,1
0,41,34,0.06359192728996277,1,0,6,4,1,4,0,4,0,1,1,1
0,41,38,0.05415358766913414,1,0,6,5,1,3,0,3,0,2,1,2
0,41,40,0.07231833040714264,1,0,6,5,1,5,0,5,0,2,1,2
0,41,43,0.02811238542199135,1,1,6,6,1,3,0,0,0,0,1,1
0,41,44,0.014555531553924084,1,1,6,6,1,4,0,0,0,0,1,1
0,41,46,0.010208764113485813,1,1,6,6,1,6,0,0,0,0,1,1
0,42,0,0.05137793719768524,1,0,6,1,2,0,0,0,0,2,1,4
0,42,1,0.05633446201682091,1,0,6,3,2,1,0,1,0,1,1,1
0,42,2,0.016273073852062225,1,0,6,3,2,2,0,1,0,1,1,1
0,42,3,0.02882603369653225,1,0,6,3,2,3,0,1,0,1,1,1
0,42,5,0.044780585914850235,1,0,6,3,2,5,0,1,0,1,1,1
0,42,6,0.006008954253047705,1,0,6,3,2,6,0,1,0,1,1,1
0,42,7,0.08265028148889542,1,0,6,3,2,1,0,2,0,1,1,1
0,42,11,0.13960638642311096,1,0,6,3,2,5,0,2,0,1,1,1
0,42,13,0.12059897929430008,1,0,6,3,2,1,0,3,0,1,1,1
0,42,18,0.02337394282221794,1,0,6,3,2,6,0,3,0,1,1,1
0,42,23,0.14598067104816437,1,0,6,3,2,5,0,4,0,1,1,1
0,42,24,0.03325934335589409,1,0,6,3,2,6,0,4,0,1,1,1
0,42,25,0.03932305797934532,1,0,6,3,2,1,0,5,0,1,1,1
0,42,26,0.008273364044725895,1,0,6,3,2,2,0,5,0,1,1,1
0,42,28,0.005790858995169401,1,0,6,3,2,4,0,5,0,1,1,1
0,42,31,0.012485609389841557,1,0,6,4,2,1,0,1,0,1,1,1
0,42,32,0.0026628056075423956,1,0,6,4,2,2,0,2,0,1,1,1
0,42,33,0.0032018700148910284,1,0,6,4,2,3,0,3,0,1,1,1
0,42,34,0.014861123636364937,1,0,6,4,2,4,0,4,0,1,1,1
0,42,38,0.0385933592915535,1,0,6,5,2,3,0,3,0,2,1,2
0,42,40,0.07150271534919739,1,0,6,5,2,5,0,5,0,2,1,2
0,42,43,0.010838371701538563,1,1,6,6,2,3,0,0,0,0,1,1
0,42,44,0.03771539032459259,1,1,6,6,2,4,0,0,0,0,1,1
0,42,46,0.005680774804204702,1,1,6,6,2,6,0,0,0,0,1,1
0,45,0,0.044441089034080505,1,0,6,1,5,0,0,0,0,2,1,4
0,45,1,0.08625805377960205,1,0,6,3,5,1,0,1,0,1,1,1
0,45,2,0.049350425601005554,1,0,6,3,5,2,0,1,0,1,1,1
0,45,3,0.02378099039196968,1,0,6,3,5,3,0,1,0,1,1,1
0,45,5,0.04568273201584816,1,0,6,3,5,5,0,1,0,1,1,1
0,45,6,0.01780383475124836,1,0,6,3,5,6,0,1,0,1,1,1
0,45,7,0.09539749473333359,1,0,6,3,5,1,0,2,0,1,1,1
0,45,11,0.1421620398759842,1,0,6,3,5,5,0,2,0,1,1,1
0,45,13,0.08748333901166916,1,0,6,3,5,1,0,3,0,1,1,1
0,45,18,0.028302283957600594,1,0,6,3,5,6,0,3,0,1,1,1
0,45,23,0.18125955760478973,1,0,6,3,5,5,0,4,0,1,1,1
0,45,24,0.1022098958492279,1,0,6,3,5,6,0,4,0,1,1,1
0,45,25,0.011813754215836525,1,0,6,3,5,1,0,5,0,1,1,1
0,45,26,0.006073345430195332,1,0,6,3,5,2,0,5,0,1,1,1
0,45,28,0.002216462977230549,1,0,6,3,5,4,0,5,0,1,1,1
0,45,31,0.012496156617999077,1,0,6,4,5,1,0,1,0,1,1,1
0,45,32,0.0027380534447729588,1,0,6,4,5,2,0,2,0,1,1,1
0,45,33,0.0004305757465772331,1,0,6,4,5,3,0,3,0,1,1,1
0,45,34,0.015863094478845596,1,0,6,4,5,4,0,4,0,1,1,1
0,45,38,0.0014288872480392456,1,0,6,5,5,3,0,3,0,2,1,2
0,45,40,0.003188291098922491,1,0,6,5,5,5,0,5,0,2,1,2
0,45,43,0.006633951794356108,1,1,6,6,5,3,0,0,0,0,1,1
0,45,44,0.023633817210793495,1,1,6,6,5,4,0,0,0,0,1,1
0,45,46,0.009352062828838825,1,1,6,6,5,6,0,0,0,0,1,1
0,47,0,0.001639870461076498,2,0,7,1,0,0,0,0,0,2,4,4
0,47,1,0.02454741857945919,2,0,7,3,0,1,0,1,0,1,4,1
0,47,2,0.010795441456139088,2,0,7,3,0,2,0,1,0,1,4,1
0,47,3,0.0076738083735108376,2,0,7,3,0,3,0,1,0,1,4,1
0,47,5,0.013538028113543987,2,0,7,3,0,5,0,1,0,1,4,1
0,47,6,0.029442477971315384,2,0,7,3,0,6,0,1,0,1,4,1
0,47,7,0.013794352300465107,2,0,7,3,0,1,0,2,0,1,4,1
0,47,11,0.025652913376688957,2,0,7,3,0,5,0,2,0,1,4,1
0,47,13,0.05956359580159187,2,0,7,3,0,1,0,3,0,1,4,1
0,47,18,0.01969536952674389,2,0,7,3,0,6,0,3,0,1,4,1
0,47,23,0.6569770574569702,2,0,7,3,0,5,0,4,0,1,4,1
0,47,24,0.1103755533695221,2,0,7,3,0,6,0,4,0,1,4,1
0,47,25,0.00286404718644917,2,0,7,3,0,1,0,5,0,1,4,1
0,47,26,0.001815533498302102,2,0,7,3,0,2,0,5,0,1,4,1
0,47,28,0.0002902938867919147,2,0,7,3,0,4,0,5,0,1,4,1
0,47,31,0.002457190537825227,2,0,7,4,0,1,0,1,0,1,4,1
0,47,32,0.00031726216548122466,2,0,7,4,0,2,0,2,0,1,4,1
0,47,33,0.0004784522170666605,2,0,7,4,0,3,0,3,0,1,4,1
0,47,34,0.013677186332643032,2,0,7,4,0,4,0,4,0,1,4,1
0,47,38,0.0009670325089246035,2,0,7,5,0,3,0,3,0,2,4,2
0,47,40,0.0009112998377531767,2,0,7,5,0,5,0,5,0,2,4,2
0,47,43,0.0006292991456575692,2,1,7,6,0,3,0,0,0,0,4,1
0,47,44,0.0005967100150883198,2,1,7,6,0,4,0,0,0,0,4,1
0,47,46,0.0012999472673982382,2,1,7,6,0,6,0,0,0,0,4,1
1,0,4,0.004909358453005552,0,0,1,3,0,4,0,1,2,1,4,1
1,0,8,0.037607356905937195,0,0,1,3,0,2,0,2,2,1,4,1
1,0,9,0.11575601249933243,0,0,1,3,0,3,0,2,2,1,4,1
1,0,10,0.02990296296775341,0,0,1,3,0,4,0,2,2,1,4,1
1,0,12,0.014897000044584274,0,0,1,3,0,6,0,2,2,1,4,1
1,0,14,0.014699283055961132,0,0,1,3,0,2,0,3,2,1,4,1
1,0,15,0.0675237774848938,0,0,1,3,0,3,0,3,2,1,4,1
1,0,16,0.009264267049729824,0,0,1,3,0,4,0,3,2,1,4,1
1,0,17,0.05465327203273773,0,0,1,3,0,5,0,3,2,1,4,1
1,0,19,0.031059294939041138,0,0,1,3,0,1,0,4,2,1,4,1
1,0,20,0.02366328425705433,0,0,1,3,0,2,0,4,2,1,4,1
1,0,21,0.02862372249364853,0,0,1,3,0,3,0,4,2,1,4,1
1,0,22,0.00855970848351717,0,0,1,3,0,4,0,4,2,1,4,1
1,0,27,0.012807358987629414,0,0,1,3,0,3,0,5,2,1,4,1
1,0,29,0.11857886612415314,0,0,1,3,0,5,0,5,2,1,4,1
1,0,30,0.002103854902088642,0,0,1,3,0,6,0,5,2,1,4,1
1,0,35,0.00979392696171999,0,0,1,4,0,5,0,5,2,1,4,1
1,0,36,0.0814993605017662,0,0,1,5,0,1,0,1,2,2,4,2
1,0,37,0.14961567521095276,0,0,1,5,0,2,0,2,2,2,4,2
1,0,39,0.08554663509130478,0,0,1,5,0,4,0,4,2,2,4,2
1,0,41,0.003175515215843916,0,1,1,6,0,1,0,0,2,0,4,1
1,0,42,0.01810525916516781,0,1,1,6,0,2,0,0,2,0,4,1
1,0,45,0.012045122683048248,0,1,1,6,0,5,0,0,2,0,4,1
1,0,47,0.06560926139354706,0,2,1,7,0,0,0,0,2,0,4,4
1,1,4,0.025000885128974915,0,0,3,3,1,4,1,1,1,1,1,1
1,1,8,0.112991563975811,0,0,3,3,1,2,1,2,1,1,1,1
1,1,9,0.008931014686822891,0,0,3,3,1,3,1,2,1,1,1,1
1,1,10,0.0047684949822723866,0,0,3,3,1,4,1,2,1,1,1,1
1,1,12,0.1515653133392334,0,0,3,3,1,6,1,2,1,1,1,1
1,1,14,0.07792682945728302,0,0,3,3,1,2,1,3,1,1,1,1
1,1,15,0.008190946653485298,0,0,3,3,1,3,1,3,1,1,1,1
1,1,16,0.01289461925625801,0,0,3,3,1,4,1,3,1,1,1,1
1,1,17,0.009900088422000408,0,0,3,3,1,5,1,3,1,1,1,1
1,1,19,0.022875113412737846,0,0,3,3,1,1,1,4,1,1,1,1
1,1,20,0.018380505964159966,0,0,3,3,1,2,1,4,1,1,1,1
1,1,21,0.017975442111492157,0,0,3,3,1,3,1,4,1,1,1,1
1,1,22,0.011738444678485394,0,0,3,3,1,4,1,4,1,1,1,1
1,1,27,0.06890445947647095,0,0,3,3,1,3,1,5,1,1,1,1
1,1,29,0.07756490260362625,0,0,3,3,1,5,1,5,1,1,1,1
1,1,30,0.02462044171988964,0,0,3,3,1,6,1,5,1,1,1,1
1,1,35,0.08173654228448868,0,0,3,4,1,5,1,5,1,1,1,1
1,1,36,0.059192903339862823,0,0,3,5,1,1,1,1,1,2,1,2
1,1,37,0.013610449619591236,0,0,3,5,1,2,1,2,1,2,1,2
1,1,39,0.0031927793752402067,0,0,3,5,1,4,1,4,1,2,1,2
1,1,41,0.09943518787622452,0,1,3,6,1,1,1,0,1,0,1,1
1,1,42,0.03526170179247856,0,1,3,6,1,2,1,0,1,0,1,1
1,1,45,0.027146536856889725,0,1,3,6,1,5,1,0,1,0,1,1
1,1,47,0.02619476616382599,0,2,3,7,1,0,1,0,1,0,1,4
1,2,4,0.008415562100708485,0,0,3,3,2,4,1,1,1,1,1,1
1,2,8,0.011224528774619102,0,0,3,3,2,2,1,2,1,1,1,1
1,2,9,0.0018405517330393195,0,0,3,3,2,3,1,2,1,1,1,1
1,2,10,0.0060959067195653915,0,0,3,3,2,4,1,2,1,1,1,1
1,2,12,0.0032615175005048513,0,0,3,3,2,6,1,2,1,1,1,1
1,2,14,0.0029081462416797876,0,0,3,3,2,2,1,3,1,1,1,1
1,2,15,0.001192735624499619,0,0,3,3,2,3,1,3,1,1,1,1
1,2,16,0.0005735373124480247,0,0,3,3,2,4,1,3,1,1,1,1
1,2,17,0.0024734470061957836,0,0,3,3,2,5,1,3,1,1,1,1
1,2,19,0.0005351278814487159,0,0,3,3,2,1,1,4,1,1,1,1
1,2,20,0.0011958262184634805,0,0,3,3,2,2,1,4,1,1,1,1
1,2,21,0.00408455403521657,0,0,3,3,2,3,1,4,1,1,1,1
1,2,22,0.0011187947820872068,0,0,3,3,2,4,1,4,1,1,1,1
1,2,27,0.023259390145540237,0,0,3,3,2,3,1,5,1,1,1,1
1,2,29,0.04947912320494652,0,0,3,3,2,5,1,5,1,1,1,1
1,2,30,0.0015278254868462682,0,0,3,3,2,6,1,5,1,1,1,1
1,2,35,0.8732556104660034,0,0,3,4,2,5,1,5,1,1,1,1
1,2,36,0.00079450907651335,0,0,3,5,2,1,1,1,1,2,1,2
1,2,37,0.0011478719534352422,0,0,3,5,2,2,1,2,1,2,1,2
1,2,39,0.0005013326881453395,0,0,3,5,2,4,1,4,1,2,1,2
1,2,41,0.00019971211440861225,0,1,3,6,2,1,1,0,1,0,1,1
1,2,42,0.0005402992246672511,0,1,3,6,2,2,1,0,1,0,1,1
1,2,45,0.00187736377120018,0,1,3,6,2,5,1,0,1,0,1,1
1,2,47,0.002496715635061264,0,2,3,7,2,0,1,0,1,0,1,4
1,3,4,0.027397744357585907,0,0,3,3,3,4,1,1,1,1,1,1
1,3,8,0.022484764456748962,0,0,3,3,3,2,1,2,1,1,1,1
1,3,9,0.013841458596289158,0,0,3,3,3,3,1,2,1,1,1,1
1,3,10,0.0178483035415411,0,0,3,3,3,4,1,2,1,1,1,1
1,3,12,0.08103631436824799,0,0,3,3,3,6,1,2,1,1,1,1
1,3,14,0.011659343726933002,0,0,3,3,3,2,1,3,1,1,1,1
1,3,15,0.009964121505618095,0,0,3,3,3,3,1,3,1,1,1,1
1,3,16,0.0049960194155573845,0,0,3,3,3,4,1,3,1,1,1,1
1,3,17,0.015184259042143822,0,0,3,3,3,5,1,3,1,1,1,1
1,3,19,0.004388916771858931,0,0,3,3,3,1,1,4,1,1,1,1
1,3,20,0.002833538455888629,0,0,3,3,3,2,1,4,1,1,1,1
1,3,21,0.02188045345246792,0,0,3,3,3,3,1,4,1,1,1,1
1,3,22,0.008501140400767326,0,0,3,3,3,4,1,4,1,1,1,1
1,3,27,0.037627581506967545,0,0,3,3,3,3,1,5,1,1,1,1
1,3,29,0.03526001423597336,0,0,3,3,3,5,1,5,1,1,1,1
1,3,30,0.00732358219102025,0,0,3,3,3,6,1,5,1,1,1,1
1,3,35,0.6300495266914368,0,0,3,4,3,5,1,5,1,1,1,1
1,3,36,0.02426273748278618,0,0,3,5,3,1,1,1,1,2,1,2
1,3,37,0.0048904335126280785,0,0,3,5,3,2,1,2,1,2,1,2
1,3,39,0.003897601505741477,0,0,3,5,3,4,1,4,1,2,1,2
1,3,41,0.0025890450924634933,0,1,3,6,3,1,1,0,1,0,1,1
1,3,42,0.0011420429218560457,0,1,3,6,3,2,1,0,1,0,1,1
1,3,45,0.007909944280982018,0,1,3,6,3,5,1,0,1,0,1,1
1,3,47,0.0030310277361422777,0,2,3,7,3,0,1,0,1,0,1,4
1,5,4,0.0016478340839967132,0,0,3,3,5,4,1,1,1,1,1,1
1,5,8,0.016394825652241707,0,0,3,3,5,2,1,2,1,1,1,1
1,5,9,0.0028882778715342283,0,0,3,3,5,3,1,2,1,1,1,1
1,5,10,0.004927077330648899,0,0,3,3,5,4,1,2,1,1,1,1
1,5,12,0.008730842731893063,0,0,3,3,5,6,1,2,1,1,1,1
1,5,14,0.0033159605227410793,0,0,3,3,5,2,1,3,1,1,1,1
1,5,15,0.0016191912582144141,0,0,3,3,5,3,1,3,1,1,1,1
1,5,16,0.0007869609980843961,0,0,3,3,5,4,1,3,1,1,1,1
1,5,17,0.004665326327085495,0,0,3,3,5,5,1,3,1,1,1,1
1,5,19,0.0017155342502519488,0,0,3,3,5,1,1,4,1,1,1,1
1,5,20,0.004532880149781704,0,0,3,3,5,2,1,4,1,1,1,1
1,5,21,0.016103165224194527,0,0,3,3,5,3,1,4,1,1,1,1
1,5,22,0.002034490928053856,0,0,3,3,5,4,1,4,1,1,1,1
1,5,27,0.021855201572179794,0,0,3,3,5,3,1,5,1,1,1,1
1,5,29,0.13644666969776154,0,0,3,3,5,5,1,5,1,1,1,1
1,5,30,0.0025823847390711308,0,0,3,3,5,6,1,5,1,1,1,1
1,5,35,0.7301031351089478,0,0,3,4,5,5,1,5,1,1,1,1
1,5,36,0.004729127045720816,0,0,3,5,5,1,1,1,1,2,1,2
1,5,37,0.0067193531431257725,0,0,3,5,5,2,1,2,1,2,1,2
1,5,39,0.009313265793025494,0,0,3,5,5,4,1,4,1,2,1,2
1,5,41,0.0007438825559802353,0,1,3,6,5,1,1,0,1,0,1,1
1,5,42,0.0025804343167692423,0,1,3,6,5,2,1,0,1,0,1,1
1,5,45,0.007288182154297829,0,1,3,6,5,5,1,0,1,0,1,1
1,5,47,0.00827608909457922,0,2,3,7,5,0,1,0,1,0,1,4
1,6,4,0.0019397634314373136,0,0,3,3,6,4,1,1,1,1,1,1
1,6,8,0.0004698687989730388,0,0,3,3,6,2,1,2,1,1,1,1
1,6,9,9.694618347566575e-05,0,0,3,3,6,3,1,2,1,1,1,1
1,6,10,0.00020526912703644484,0,0,3,3,6,4,1,2,1,1,1,1
1,6,12,0.00062677136156708,0,0,3,3,6,6,1,2,1,1,1,1
1,6,14,0.0018545148195698857,0,0,3,3,6,2,1,3,1,1,1,1
1,6,15,0.00016694478108547628,0,0,3,3,6,3,1,3,1,1,1,1
1,6,16,4.37387207057327e-05,0,0,3,3,6,4,1,3,1,1,1,1
1,6,17,0.0005369296413846314,0,0,3,3,6,5,1,3,1,1,1,1
1,6,19,3.967580050812103e-05,0,0,3,3,6,1,1,4,1,1,1,1
1,6,20,0.0001495264732511714,0,0,3,3,6,2,1,4,1,1,1,1
1,6,21,0.0004646371235139668,0,0,3,3,6,3,1,4,1,1,1,1
1,6,22,0.00033909338526427746,0,0,3,3,6,4,1,4,1,1,1,1
1,6,27,0.0033444901928305626,0,0,3,3,6,3,1,5,1,1,1,1
1,6,29,0.012128661386668682,0,0,3,3,6,5,1,5,1,1,1,1
1,6,30,0.0007728090859018266,0,0,3,3,6,6,1,5,1,1,1,1
1,6,35,0.9721679091453552,0,0,3,4,6,5,1,5,1,1,1,1
1,6,36,0.00026210935902781785,0,0,3,5,6,1,1,1,1,2,1,2
1,6,37,0.00011015305062755942,0,0,3,5,6,2,1,2,1,2,1,2
1,6,39,0.0001527340355096385,0,0,3,5,6,4,1,4,1,2,1,2
1,6,41,0.0002834606566466391,0,1,3,6,6,1,1,0,1,0,1,1
1,6,42,0.0003477440041024238,0,1,3,6,6,2,1,0,1,0,1,1
1,6,45,0.000662327918689698,0,1,3,6,6,5,1,0,1,0,1,1
1,6,47,0.0028347629122436047,0,2,3,7,6,0,1,0,1,0,1,4
1,7,4,0.0007013535359874368,0,0,3,3,1,4,2,1,1,1,1,1
1,7,8,0.005243075545877218,0,0,3,3,1,2,2,2,1,1,1,1
1,7,9,0.007942799478769302,0,0,3,3,1,3,2,2,1,1,1,1
1,7,10,0.00031727907480672,0,0,3,3,1,4,2,2,1,1,1,1
1,7,12,0.0031999005004763603,0,0,3,3,1,6,2,2,1,1,1,1
1,7,14,0.0019350169459357858,0,0,3,3,1,2,2,3,1,1,1,1
1,7,15,0.0027114450931549072,0,0,3,3,1,3,2,3,1,1,1,1
1,7,16,0.0003093379200436175,0,0,3,3,1,4,2,3,1,1,1,1
1,7,17,0.0006242735544219613,0,0,3,3,1,5,2,3,1,1,1,1
1,7,19,0.0005576939438469708,0,0,3,3,1,1,2,4,1,1,1,1
1,7,20,0.0004168642044533044,0,0,3,3,1,2,2,4,1,1,1,1
1,7,21,0.003156829858198762,0,0,3,3,1,3,2,4,1,1,1,1
1,7,22,4.3047566578025e-05,0,0,3,3,1,4,2,4,1,1,1,1
1,7,27,0.005055868532508612,0,0,3,3,1,3,2,5,1,1,1,1
1,7,29,0.003434903686866164,0,0,3,3,1,5,2,5,1,1,1,1
1,7,30,6.459400174207985e-05,0,0,3,3,1,6,2,5,1,1,1,1
1,7,35,0.0012190404813736677,0,0,3,4,1,5,2,5,1,1,1,1
1,7,36,0.943013072013855,0,0,3,5,1,1,2,1,1,2,1,2
1,7,37,0.016872161999344826,0,0,3,5,1,2,2,2,1,2,1,2
1,7,39,0.0027394446078687906,0,0,3,5,1,4,2,4,1,2,1,2
1,7,41,5.725648588850163e-05,0,1,3,6,1,1,2,0,1,0,1,1
1,7,42,0.00022547466505784541,0,1,3,6,1,2,2,0,1,0,1,1
1,7,45,6.078560181776993e-05,0,1,3,6,1,5,2,0,1,0,1,1
1,7,47,9.822955325944349e-05,0,2,3,7,1,0,2,0,1,0,1,4
1,11,4,0.0048068310134112835,0,0,3,3,5,4,2,1,1,1,1,1
1,11,8,0.034940995275974274,0,0,3,3,5,2,2,2,1,1,1,1
1,11,9,0.049054015427827835,0,0,3,3,5,3,2,2,1,1,1,1
1,11,10,0.005387638229876757,0,0,3,3,5,4,2,2,1,1,1,1
1,11,12,0.05351674184203148,0,0,3,3,5,6,2,2,1,1,1,1
1,11,14,0.008410732261836529,0,0,3,3,5,2,2,3,1,1,1,1
1,11,15,0.016145505011081696,0,0,3,3,5,3,2,3,1,1,1,1
1,11,16,0.0015576542355120182,0,0,3,3,5,4,2,3,1,1,1,1
1,11,17,0.03556903079152107,0,0,3,3,5,5,2,3,1,1,1,1
1,11,19,0.009110125713050365,0,0,3,3,5,1,2,4,1,1,1,1
1,11,20,0.0031869688536971807,0,0,3,3,5,2,2,4,1,1,1,1
1,11,21,0.05115162208676338,0,0,3,3,5,3,2,4,1,1,1,1
1,11,22,0.0009170988341793418,0,0,3,3,5,4,2,4,1,1,1,1
1,11,27,0.057868387550115585,0,0,3,3,5,3,2,5,1,1,1,1
1,11,29,0.10858143121004105,0,0,3,3,5,5,2,5,1,1,1,1
1,11,30,0.002295390935614705,0,0,3,3,5,6,2,5,1,1,1,1
1,11,35,0.060744788497686386,0,0,3,4,5,5,2,5,1,1,1,1
1,11,36,0.47306370735168457,0,0,3,5,5,1,2,1,1,2,1,2
1,11,37,0.01142098568379879,0,0,3,5,5,2,2,2,1,2,1,2
1,11,39,0.01085603516548872,0,0,3,5,5,4,2,4,1,2,1,2
1,11,41,7.43572527426295e-05,0,1,3,6,5,1,2,0,1,0,1,1
1,11,42,0.00011591563816182315,0,1,3,6,5,2,2,0,1,0,1,1
1,11,45,0.0006091074319556355,0,1,3,6,5,5,2,0,1,0,1,1
1,11,47,0.000615120807196945,0,2,3,7,5,0,2,0,1,0,1,4
1,13,4,0.05315060168504715,0,0,3,3,1,4,3,1,1,1,1,1
1,13,8,0.24920661747455597,0,0,3,3,1,2,3,2,1,1,1,1
1,13,9,0.010040751658380032,0,0,3,3,1,3,3,2,1,1,1,1
1,13,10,0.007475924212485552,0,0,3,3,1,4,3,2,1,1,1,1
1,13,12,0.05161803215742111,0,0,3,3,1,6,3,2,1,1,1,1
1,13,14,0.054731063544750214,0,0,3,3,1,2,3,3,1,1,1,1
1,13,15,0.005460488609969616,0,0,3,3,1,3,3,3,1,1,1,1
1,13,16,0.003958120476454496,0,0,3,3,1,4,3,3,1,1,1,1
1,13,17,0.01393138524144888,0,0,3,3,1,5,3,3,1,1,1,1
1,13,19,0.019755622372031212,0,0,3,3,1,1,3,4,1,1,1,1
1,13,20,0.01980995573103428,0,0,3,3,1,2,3,4,1,1,1,1
1,13,21,0.01950298808515072,0,0,3,3,1,3,3,4,1,1,1,1
1,13,22,0.005328280385583639,0,0,3,3,1,4,3,4,1,1,1,1
1,13,27,0.12999263405799866,0,0,3,3,1,3,3,5,1,1,1,1
1,13,29,0.2479415237903595,0,0,3,3,1,5,3,5,1,1,1,1
1,13,30,0.01291419006884098,0,0,3,3,1,6,3,5,1,1,1,1
1,13,35,0.046231336891651154,0,0,3,4,1,5,3,5,1,1,1,1
1,13,36,0.026344433426856995,0,0,3,5,1,1,3,1,1,2,1,2
1,13,37,0.005112633574754,0,0,3,5,1,2,3,2,1,2,1,2
1,13,39,0.0010490138083696365,0,0,3,5,1,4,3,4,1,2,1,2
1,13,41,0.0020036110654473305,0,1,3,6,1,1,3,0,1,0,1,1
1,13,42,0.002447673585265875,0,1,3,6,1,2,3,0,1,0,1,1
1,13,45,0.0018056530971080065,0,1,3,6,1,5,3,0,1,0,1,1
1,13,47,0.01018749363720417,0,2,3,7,1,0,3,0,1,0,1,4
1,18,4,0.009080443531274796,0,0,3,3,6,4,3,1,1,1,1,1
1,18,8,0.015485716983675957,0,0,3,3,6,2,3,2,1,1,1,1
1,18,9,0.00045790328294970095,0,0,3,3,6,3,3,2,1,1,1,1
1,18,10,0.005917450878769159,0,0,3,3,6,4,3,2,1,1,1,1
1,18,12,0.01181794609874487,0,0,3,3,6,6,3,2,1,1,1,1
1,18,14,0.004940086510032415,0,0,3,3,6,2,3,3,1,1,1,1
1,18,15,0.0006366234156303108,0,0,3,3,6,3,3,3,1,1,1,1
1,18,16,0.000801235088147223,0,0,3,3,6,4,3,3,1,1,1,1
1,18,17,0.014090093784034252,0,0,3,3,6,5,3,3,1,1,1,1
1,18,19,0.006687096785753965,0,0,3,3,6,1,3,4,1,1,1,1
1,18,20,0.01293707825243473,0,0,3,3,6,2,3,4,1,1,1,1
1,18,21,0.014359385706484318,0,0,3,3,6,3,3,4,1,1,1,1
1,18,22,0.01697581075131893,0,0,3,3,6,4,3,4,1,1,1,1
1,18,27,0.012244696728885174,0,0,3,3,6,3,3,5,1,1,1,1
1,18,29,0.3810020387172699,0,0,3,3,6,5,3,5,1,1,1,1
1,18,30,0.021088065579533577,0,0,3,3,6,6,3,5,1,1,1,1
1,18,35,0.45973554253578186,0,0,3,4,6,5,3,5,1,1,1,1
1,18,36,0.000278805528068915,0,0,3,5,6,1,3,1,1,2,1,2
1,18,37,0.00043105121585540473,0,0,3,5,6,2,3,2,1,2,1,2
1,18,39,0.0037850707303732634,0,0,3,5,6,4,3,4,1,2,1,2
1,18,41,0.00012818527466151863,0,1,3,6,6,1,3,0,1,0,1,1
1,18,42,0.0002854558697436005,0,1,3,6,6,2,3,0,1,0,1,1
1,18,45,0.0017478023655712605,0,1,3,6,6,5,3,0,1,0,1,1
1,18,47,0.005086581222712994,0,2,3,7,6,0,3,0,1,0,1,4
1,23,4,0.005754684563726187,0,0,3,3,5,4,4,1,1,1,1,1
1,23,8,0.007736624218523502,0,0,3,3,5,2,4,2,1,1,1,1
1,23,9,0.0049105421639978886,0,0,3,3,5,3,4,2,1,1,1,1
1,23,10,0.005940716248005629,0,0,3,3,5,4,4,2,1,1,1,1
1,23,12,0.024988651275634766,0,0,3,3,5,6,4,2,1,1,1,1
1,23,14,0.0038700024597346783,0,0,3,3,5,2,4,3,1,1,1,1
1,23,15,0.0046973698772490025,0,0,3,3,5,3,4,3,1,1,1,1
1,23,16,0.0009022215963341296,0,0,3,3,5,4,4,3,1,1,1,1
1,23,17,0.029163405299186707,0,0,3,3,5,5,4,3,1,1,1,1
1,23,19,0.003721726592630148,0,0,3,3,5,1,4,4,1,1,1,1
1,23,20,0.005306432954967022,0,0,3,3,5,2,4,4,1,1,1,1
1,23,21,0.01974218711256981,0,0,3,3,5,3,4,4,1,1,1,1
1,23,22,0.010827741585671902,0,0,3,3,5,4,4,4,1,1,1,1
1,23,27,0.01069086417555809,0,0,3,3,5,3,4,5,1,1,1,1
1,23,29,0.3827984035015106,0,0,3,3,5,5,4,5,1,1,1,1
1,23,30,0.0035104267299175262,0,0,3,3,5,6,4,5,1,1,1,1
1,23,35,0.45364534854888916,0,0,3,4,5,5,4,5,1,1,1,1
1,23,36,0.00369535805657506,0,0,3,5,5,1,4,1,1,2,1,2
1,23,37,0.0018785387510433793,0,0,3,5,5,2,4,2,1,2,1,2
1,23,39,0.012146489694714546,0,0,3,5,5,4,4,4,1,2,1,2
1,23,41,8.14864833955653e-05,0,1,3,6,5,1,4,0,1,0,1,1
1,23,42,0.00016989423602353781,0,1,3,6,5,2,4,0,1,0,1,1
1,23,45,0.0016602742252871394,0,1,3,6,5,5,4,0,1,0,1,1
1,23,47,0.002160535426810384,0,2,3,7,5,0,4,0,1,0,1,4
1,24,4,0.0012130870018154383,0,0,3,3,6,4,4,1,1,1,1,1
1,24,8,0.0014247909421101213,0,0,3,3,6,2,4,2,1,1,1,1
1,24,9,0.001596351619809866,0,0,3,3,6,3,4,2,1,1,1,1
1,24,10,0.0011169030331075191,0,0,3,3,6,4,4,2,1,1,1,1
1,24,12,0.02078845724463463,0,0,3,3,6,6,4,2,1,1,1,1
1,24,14,0.0062440368346869946,0,0,3,3,6,2,4,3,1,1,1,1
1,24,15,0.005709278862923384,0,0,3,3,6,3,4,3,1,1,1,1
1,24,16,0.00037585129030048847,0,0,3,3,6,4,4,3,1,1,1,1
1,24,17,0.051461875438690186,0,0,3,3,6,5,4,3,1,1,1,1
1,24,19,0.0019669935572892427,0,0,3,3,6,1,4,4,1,1,1,1
1,24,20,0.0029123430140316486,0,0,3,3,6,2,4,4,1,1,1,1
1,24,21,0.00512516126036644,0,0,3,3,6,3,4,4,1,1,1,1
1,24,22,0.010409211739897728,0,0,3,3,6,4,4,4,1,1,1,1
1,24,27,0.004964145831763744,0,0,3,3,6,3,4,5,1,1,1,1
1,24,29,0.6010176539421082,0,0,3,3,6,5,4,5,1,1,1,1
1,24,30,0.00426776148378849,0,0,3,3,6,6,4,5,1,1,1,1
1,24,35,0.24933850765228271,0,0,3,4,6,5,4,5,1,1,1,1
1,24,36,0.0014942055568099022,0,0,3,5,6,1,4,1,1,2,1,2
1,24,37,0.0006076250574551523,0,0,3,5,6,2,4,2,1,2,1,2
1,24,39,0.016386838629841805,0,0,3,5,6,4,4,4,1,2,1,2
1,24,41,0.00015609292313456535,0,1,3,6,6,1,4,0,1,0,1,1
1,24,42,0.0001521610247436911,0,1,3,6,6,2,4,0,1,0,1,1
1,24,45,0.0025601061061024666,0,1,3,6,6,5,4,0,1,0,1,1
1,24,47,0.00871170312166214,0,2,3,7,6,0,4,0,1,0,1,4
1,25,4,0.07667836546897888,0,0,3,3,1,4,5,1,1,1,1,1
1,25,8,0.08908263593912125,0,0,3,3,1,2,5,2,1,1,1,1
1,25,9,0.011167810298502445,0,0,3,3,1,3,5,2,1,1,1,1
1,25,10,0.01187568623572588,0,0,3,3,1,4,5,2,1,1,1,1
1,25,12,0.05698966607451439,0,0,3,3,1,6,5,2,1,1,1,1
1,25,14,0.08769306540489197,0,0,3,3,1,2,5,3,1,1,1,1
1,25,15,0.024517998099327087,0,0,3,3,1,3,5,3,1,1,1,1
1,25,16,0.007381930015981197,0,0,3,3,1,4,5,3,1,1,1,1
1,25,17,0.05709056183695793,0,0,3,3,1,5,5,3,1,1,1,1
1,25,19,0.03169897198677063,0,0,3,3,1,1,5,4,1,1,1,1
1,25,20,0.010153988376259804,0,0,3,3,1,2,5,4,1,1,1,1
1,25,21,0.004126374144107103,0,0,3,3,1,3,5,4,1,1,1,1
1,25,22,0.011145147494971752,0,0,3,3,1,4,5,4,1,1,1,1
1,25,27,0.055543478578329086,0,0,3,3,1,3,5,5,1,1,1,1
1,25,29,0.3672047257423401,0,0,3,3,1,5,5,5,1,1,1,1
1,25,30,0.013394334353506565,0,0,3,3,1,6,5,5,1,1,1,1
1,25,35,0.031942397356033325,0,0,3,4,1,5,5,5,1,1,1,1
1,25,36,0.007346509490162134,0,0,3,5,1,1,5,1,1,2,1,2
1,25,37,0.003103006398305297,0,0,3,5,1,2,5,2,1,2,1,2
1,25,39,0.0006796051748096943,0,0,3,5,1,4,5,4,1,2,1,2
1,25,41,0.0035210808273404837,0,1,3,6,1,1,5,0,1,0,1,1
1,25,42,0.002305152826011181,0,1,3,6,1,2,5,0,1,0,1,1
1,25,45,0.00497791264206171,0,1,3,6,1,5,5,0,1,0,1,1
1,25,47,0.03037920780479908,0,2,3,7,1,0,5,0,1,0,1,4
1,26,4,0.05745250731706619,0,0,3,3,2,4,5,1,1,1,1,1
1,26,8,0.040779367089271545,0,0,3,3,2,2,5,2,1,1,1,1
1,26,9,0.01822470873594284,0,0,3,3,2,3,5,2,1,1,1,1
1,26,10,0.0209085363894701,0,0,3,3,2,4,5,2,1,1,1,1
1,26,12,0.02803095430135727,0,0,3,3,2,6,5,2,1,1,1,1
1,26,14,0.034914445132017136,0,0,3,3,2,2,5,3,1,1,1,1
1,26,15,0.028141451999545097,0,0,3,3,2,3,5,3,1,1,1,1
1,26,16,0.004894908983260393,0,0,3,3,2,4,5,3,1,1,1,1
1,26,17,0.08263008296489716,0,0,3,3,2,5,5,3,1,1,1,1
1,26,19,0.016405249014496803,0,0,3,3,2,1,5,4,1,1,1,1
1,26,20,0.011573956348001957,0,0,3,3,2,2,5,4,1,1,1,1
1,26,21,0.005571012385189533,0,0,3,3,2,3,5,4,1,1,1,1
1,26,22,0.013484148308634758,0,0,3,3,2,4,5,4,1,1,1,1
1,26,27,0.03042559325695038,0,0,3,3,2,3,5,5,1,1,1,1
1,26,29,0.5065699219703674,0,0,3,3,2,5,5,5,1,1,1,1
1,26,30,0.009671677835285664,0,0,3,3,2,6,5,5,1,1,1,1
1,26,35,0.05574529990553856,0,0,3,4,2,5,5,5,1,1,1,1
1,26,36,0.0043311030603945255,0,0,3,5,2,1,5,1,1,2,1,2
1,26,37,0.004362297710031271,0,0,3,5,2,2,5,2,1,2,1,2
1,26,39,0.0019891406409442425,0,0,3,5,2,4,5,4,1,2,1,2
1,26,41,0.0007628376479260623,0,1,3,6,2,1,5,0,1,0,1,1
1,26,42,0.0015929798828437924,0,1,3,6,2,2,5,0,1,0,1,1
1,26,45,0.004268433898687363,0,1,3,6,2,5,5,0,1,0,1,1
1,26,47,0.01726948656141758,0,2,3,7,2,0,5,0,1,0,1,4
1,28,4,0.027489816769957542,0,0,3,3,4,4,5,1,1,1,1,1
1,28,8,0.015173228457570076,0,0,3,3,4,2,5,2,1,1,1,1
1,28,9,0.017638377845287323,0,0,3,3,4,3,5,2,1,1,1,1
1,28,10,0.009688787162303925,0,0,3,3,4,4,5,2,1,1,1,1
1,28,12,0.00868596788495779,0,0,3,3,4,6,5,2,1,1,1,1
1,28,14,0.03233587369322777,0,0,3,3,4,2,5,3,1,1,1,1
1,28,15,0.02379089780151844,0,0,3,3,4,3,5,3,1,1,1,1
1,28,16,0.0008680166210979223,0,0,3,3,4,4,5,3,1,1,1,1
1,28,17,0.04298023506999016,0,0,3,3,4,5,5,3,1,1,1,1
1,28,19,0.001921973074786365,0,0,3,3,4,1,5,4,1,1,1,1
1,28,20,0.0026164751034229994,0,0,3,3,4,2,5,4,1,1,1,1
1,28,21,0.003530625719577074,0,0,3,3,4,3,5,4,1,1,1,1
1,28,22,0.001410363707691431,0,0,3,3,4,4,5,4,1,1,1,1
1,28,27,0.07394524663686752,0,0,3,3,4,3,5,5,1,1,1,1
1,28,29,0.3785577118396759,0,0,3,3,4,5,5,5,1,1,1,1
1,28,30,0.0023135957308113575,0,0,3,3,4,6,5,5,1,1,1,1
1,28,35,0.28941991925239563,0,0,3,4,4,5,5,5,1,1,1,1
1,28,36,0.03559079021215439,0,0,3,5,4,1,5,1,1,2,1,2
1,28,37,0.00676286406815052,0,0,3,5,4,2,5,2,1,2,1,2
1,28,39,0.0040886965580284595,0,0,3,5,4,4,5,4,1,2,1,2
1,28,41,0.0002514093939680606,0,1,3,6,4,1,5,0,1,0,1,1
1,28,42,0.0008428558940067887,0,1,3,6,4,2,5,0,1,0,1,1
1,28,45,0.0018649116391316056,0,1,3,6,4,5,5,0,1,0,1,1
1,28,47,0.018231427296996117,0,2,3,7,4,0,5,0,1,0,1,4
1,31,4,2.1111161913722754e-05,0,0,4,3,1,4,1,1,1,1,1,1
1,31,8,0.000301440799375996,0,0,4,3,1,2,1,2,1,1,1,1
1,31,9,0.0002164348552469164,0,0,4,3,1,3,1,2,1,1,1,1
1,31,10,5.469542884384282e-05,0,0,4,3,1,4,1,2,1,1,1,1
1,31,12,0.0003123667847830802,0,0,4,3,1,6,1,2,1,1,1,1
1,31,14,7.759351137792692e-05,0,0,4,3,1,2,1,3,1,1,1,1
1,31,15,5.991917714709416e-05,0,0,4,3,1,3,1,3,1,1,1,1
1,31,16,3.9682847273070365e-05,0,0,4,3,1,4,1,3,1,1,1,1
1,31,17,5.849584340467118e-05,0,0,4,3,1,5,1,3,1,1,1,1
1,31,19,8.650580275570974e-05,0,0,4,3,1,1,1,4,1,1,1,1
1,31,20,9.251218580175191e-05,0,0,4,3,1,2,1,4,1,1,1,1
1,31,21,0.000404186372179538,0,0,4,3,1,3,1,4,1,1,1,1
1,31,22,0.00018580551841296256,0,0,4,3,1,4,1,4,1,1,1,1
1,31,27,0.0006797609967179596,0,0,4,3,1,3,1,5,1,1,1,1
1,31,29,0.0009276269120164216,0,0,4,3,1,5,1,5,1,1,1,1
1,31,30,4.394844654598273e-05,0,0,4,3,1,6,1,5,1,1,1,1
1,31,35,0.02398080751299858,0,0,4,4,1,5,1,5,1,1,1,1
1,31,36,0.0001854915462899953,0,0,4,5,1,1,1,1,1,2,1,2
1,31,37,0.0005616759299300611,0,0,4,5,1,2,1,2,1,2,1,2
1,31,39,0.00013444926298689097,0,0,4,5,1,4,1,4,1,2,1,2
1,31,41,0.7959778308868408,0,1,4,6,1,1,1,0,1,0,1,1
1,31,42,0.057151924818754196,0,1,4,6,1,2,1,0,1,0,1,1
1,31,45,0.06233504042029381,0,1,4,6,1,5,1,0,1,0,1,1
1,31,47,0.05611048638820648,0,2,4,7,1,0,1,0,1,0,1,4
1,32,4,0.014279905706644058,0,0,4,3,2,4,2,1,1,1,1,1
1,32,8,0.019839482381939888,0,0,4,3,2,2,2,2,1,1,1,1
1,32,9,0.06209110468626022,0,0,4,3,2,3,2,2,1,1,1,1
1,32,10,0.010173815302550793,0,0,4,3,2,4,2,2,1,1,1,1
1,32,12,0.02701226808130741,0,0,4,3,2,6,2,2,1,1,1,1
1,32,14,0.0061902678571641445,0,0,4,3,2,2,2,3,1,1,1,1
1,32,15,0.018443506211042404,0,0,4,3,2,3,2,3,1,1,1,1
1,32,16,0.003939364105463028,0,0,4,3,2,4,2,3,1,1,1,1
1,32,17,0.010599633678793907,0,0,4,3,2,5,2,3,1,1,1,1
1,32,19,0.0031330876518040895,0,0,4,3,2,1,2,4,1,1,1,1
1,32,20,0.0021470491774380207,0,0,4,3,2,2,2,4,1,1,1,1
1,32,21,0.0334615595638752,0,0,4,3,2,3,2,4,1,1,1,1
1,32,22,0.006922088097780943,0,0,4,3,2,4,2,4,1,1,1,1
1,32,27,0.059048496186733246,0,0,4,3,2,3,2,5,1,1,1,1
1,32,29,0.027154207229614258,0,0,4,3,2,5,2,5,1,1,1,1
1,32,30,0.0018139317398890853,0,0,4,3,2,6,2,5,1,1,1,1
1,32,35,0.4749462306499481,0,0,4,4,2,5,2,5,1,1,1,1
1,32,36,0.029425624758005142,0,0,4,5,2,1,2,1,1,2,1,2
1,32,37,0.009561554528772831,0,0,4,5,2,2,2,2,1,2,1,2
1,32,39,0.002629218390211463,0,0,4,5,2,4,2,4,1,2,1,2
1,32,41,0.08377380669116974,0,1,4,6,2,1,2,0,1,0,1,1
1,32,42,0.01601194217801094,0,1,4,6,2,2,2,0,1,0,1,1
1,32,45,0.04845908284187317,0,1,4,6,2,5,2,0,1,0,1,1
1,32,47,0.02894253470003605,0,2,4,7,2,0,2,0,1,0,1,4
1,33,4,0.013618962839245796,0,0,4,3,3,4,3,1,1,1,1,1
1,33,8,0.02457049861550331,0,0,4,3,3,2,3,2,1,1,1,1
1,33,9,0.005404135212302208,0,0,4,3,3,3,3,2,1,1,1,1
1,33,10,0.0063123321160674095,0,0,4,3,3,4,3,2,1,1,1,1
1,33,12,0.025603067129850388,0,0,4,3,3,6,3,2,1,1,1,1
1,33,14,0.005916341673582792,0,0,4,3,3,2,3,3,1,1,1,1
1,33,15,0.0012218952178955078,0,0,4,3,3,3,3,3,1,1,1,1
1,33,16,0.001829612418077886,0,0,4,3,3,4,3,3,1,1,1,1
1,33,17,0.004948019050061703,0,0,4,3,3,5,3,3,1,1,1,1
1,33,19,0.009752803482115269,0,0,4,3,3,1,3,4,1,1,1,1
1,33,20,0.010582676157355309,0,0,4,3,3,2,3,4,1,1,1,1
1,33,21,0.03477488458156586,0,0,4,3,3,3,3,4,1,1,1,1
1,33,22,0.018368978053331375,0,0,4,3,3,4,3,4,1,1,1,1
1,33,27,0.03278924524784088,0,0,4,3,3,3,3,5,1,1,1,1
1,33,29,0.029589183628559113,0,0,4,3,3,5,3,5,1,1,1,1
1,33,30,0.014823281206190586,0,0,4,3,3,6,3,5,1,1,1,1
1,33,35,0.23366542160511017,0,0,4,4,3,5,3,5,1,1,1,1
1,33,36,0.010997448116540909,0,0,4,5,3,1,3,1,1,2,1,2
1,33,37,0.006117344833910465,0,0,4,5,3,2,3,2,1,2,1,2
1,33,39,0.0037742797285318375,0,0,4,5,3,4,3,4,1,2,1,2
1,33,41,0.32638242840766907,0,1,4,6,3,1,3,0,1,0,1,1
1,33,42,0.038957592099905014,0,1,4,6,3,2,3,0,1,0,1,1
1,33,45,0.03773810341954231,0,1,4,6,3,5,3,0,1,0,1,1
1,33,47,0.10226146131753922,0,2,4,7,3,0,3,0,1,0,1,4
1,34,4,0.0015427377074956894,0,0,4,3,4,4,4,1,1,1,1,1
1,34,8,0.0015871585346758366,0,0,4,3,4,2,4,2,1,1,1,1
1,34,9,0.007555915974080563,0,0,4,3,4,3,4,2,1,1,1,1
1,34,10,0.0014431910822167993,0,0,4,3,4,4,4,2,1,1,1,1
1,34,12,0.009312141686677933,0,0,4,3,4,6,4,2,1,1,1,1
1,34,14,0.003060392802581191,0,0,4,3,4,2,4,3,1,1,1,1
1,34,15,0.0076584299094974995,0,0,4,3,4,3,4,3,1,1,1,1
1,34,16,0.0002273029094794765,0,0,4,3,4,4,4,3,1,1,1,1
1,34,17,0.012756669893860817,0,0,4,3,4,5,4,3,1,1,1,1
1,34,19,0.0003570342669263482,0,0,4,3,4,1,4,4,1,1,1,1
1,34,20,0.0003050449304282665,0,0,4,3,4,2,4,4,1,1,1,1
1,34,21,0.0032674057874828577,0,0,4,3,4,3,4,4,1,1,1,1
1,34,22,0.0013984147226437926,0,0,4,3,4,4,4,4,1,1,1,1
1,34,27,0.012719728983938694,0,0,4,3,4,3,4,5,1,1,1,1
1,34,29,0.0694911926984787,0,0,4,3,4,5,4,5,1,1,1,1
1,34,30,0.00037701273686252534,0,0,4,3,4,6,4,5,1,1,1,1
1,34,35,0.8144371509552002,0,0,4,4,4,5,4,5,1,1,1,1
1,34,36,0.00809863954782486,0,0,4,5,4,1,4,1,1,2,1,2
1,34,37,0.0013686777092516422,0,0,4,5,4,2,4,2,1,2,1,2
1,34,39,0.0024876343086361885,0,0,4,5,4,4,4,4,1,2,1,2
1,34,41,0.003911878913640976,0,1,4,6,4,1,4,0,1,0,1,1
1,34,42,0.0012583557981997728,0,1,4,6,4,2,4,0,1,0,1,1
1,34,45,0.013547978363931179,0,1,4,6,4,5,4,0,1,0,1,1
1,34,47,0.02183081954717636,0,2,4,7,4,0,4,0,1,0,1,4
1,38,4,8.216871356125921e-05,0,0,5,3,3,4,3,1,2,1,2,1
1,38,8,0.00015089653606992215,0,0,5,3,3,2,3,2,2,1,2,1
1,38,9,3.746586662600748e-05,0,0,5,3,3,3,3,2,2,1,2,1
1,38,10,3.672349339467473e-05,0,0,5,3,3,4,3,2,2,1,2,1
1,38,12,2.0049192244186997e-05,0,0,5,3,3,6,3,2,2,1,2,1
1,38,14,3.956212094635703e-05,0,0,5,3,3,2,3,3,2,1,2,1
1,38,15,7.570748948637629e-06,0,0,5,3,3,3,3,3,2,1,2,1
1,38,16,0.00023598081315867603,0,0,5,3,3,4,3,3,2,1,2,1
1,38,17,1.037956508298521e-06,0,0,5,3,3,5,3,3,2,1,2,1
1,38,19,7.915271271485835e-05,0,0,5,3,3,1,3,4,2,1,2,1
1,38,20,0.0001000255870167166,0,0,5,3,3,2,3,4,2,1,2,1
1,38,21,0.00024288038548547775,0,0,5,3,3,3,3,4,2,1,2,1
1,38,22,9.262024832423776e-05,0,0,5,3,3,4,3,4,2,1,2,1
1,38,27,7.908782572485507e-05,0,0,5,3,3,3,3,5,2,1,2,1
1,38,29,4.601554621785908e-07,0,0,5,3,3,5,3,5,2,1,2,1
1,38,30,8.618430729256943e-05,0,0,5,3,3,6,3,5,2,1,2,1
1,38,35,2.5737193936947733e-05,0,0,5,4,3,5,3,5,2,1,2,1
1,38,36,0.00027752990717999637,0,0,5,5,3,1,3,1,2,2,2,2
1,38,37,0.00045864435378462076,0,0,5,5,3,2,3,2,2,2,2,2
1,38,39,3.8510854210471734e-05,0,0,5,5,3,4,3,4,2,2,2,2
1,38,41,0.9101691246032715,0,1,5,6,3,1,3,0,2,0,2,1
1,38,42,0.08426835387945175,0,1,5,6,3,2,3,0,2,0,2,1
1,38,45,0.0017731302650645375,0,1,5,6,3,5,3,0,2,0,2,1
1,38,47,0.001697325729764998,0,2,5,7,3,0,3,0,2,0,2,4
1,40,4,0.0021494522225111723,0,0,5,3,5,4,5,1,2,1,2,1
1,40,8,0.004468719474971294,0,0,5,3,5,2,5,2,2,1,2,1
1,40,9,0.0033377723302692175,0,0,5,3,5,3,5,2,2,1,2,1
1,40,10,0.0026952004991471767,0,0,5,3,5,4,5,2,2,1,2,1
1,40,12,0.0009767544688656926,0,0,5,3,5,6,5,2,2,1,2,1
1,40,14,0.0020186661276966333,0,0,5,3,5,2,5,3,2,1,2,1
1,40,15,0.0011129718041047454,0,0,5,3,5,3,5,3,2,1,2,1
1,40,16,0.0030416594818234444,0,0,5,3,5,4,5,3,2,1,2,1
1,40,17,0.0005597183480858803,0,0,5,3,5,5,5,3,2,1,2,1
1,40,19,0.001914704916998744,0,0,5,3,5,1,5,4,2,1,2,1
1,40,20,0.003499704645946622,0,0,5,3,5,2,5,4,2,1,2,1
1,40,21,0.003587375394999981,0,0,5,3,5,3,5,4,2,1,2,1
1,40,22,0.0021858951076865196,0,0,5,3,5,4,5,4,2,1,2,1
1,40,27,0.005862682592123747,0,0,5,3,5,3,5,5,2,1,2,1
1,40,29,0.0005796445184387267,0,0,5,3,5,5,5,5,2,1,2,1
1,40,30,0.002937334356829524,0,0,5,3,5,6,5,5,2,1,2,1
1,40,35,0.0033359876833856106,0,0,5,4,5,5,5,5,2,1,2,1
1,40,36,0.0027956597041338682,0,0,5,5,5,1,5,1,2,2,2,2
1,40,37,0.007523922249674797,0,0,5,5,5,2,5,2,2,2,2,2
1,40,39,0.0016277971444651484,0,0,5,5,5,4,5,4,2,2,2,2
1,40,41,0.6194736957550049,0,1,5,6,5,1,5,0,2,0,2,1
1,40,42,0.231566920876503,0,1,5,6,5,2,5,0,2,0,2,1
1,40,45,0.04484852775931358,0,1,5,6,5,5,5,0,2,0,2,1
1,40,47,0.04789935052394867,0,2,5,7,5,0,5,0,2,0,2,4
1,43,4,0.060730546712875366,1,0,6,3,3,4,0,1,0,1,1,1
1,43,8,0.01615351252257824,1,0,6,3,3,2,0,2,0,1,1,1
1,43,9,0.004907258320599794,1,0,6,3,3,3,0,2,0,1,1,1
1,43,10,0.0055150231346488,1,0,6,3,3,4,0,2,0,1,1,1
1,43,12,0.18078413605690002,1,0,6,3,3,6,0,2,0,1,1,1
1,43,14,0.04564100131392479,1,0,6,3,3,2,0,3,0,1,1,1
1,43,15,0.018488580361008644,1,0,6,3,3,3,0,3,0,1,1,1
1,43,16,0.00690087303519249,1,0,6,3,3,4,0,3,0,1,1,1
1,43,17,0.26794591546058655,1,0,6,3,3,5,0,3,0,1,1,1
1,43,19,0.09445538371801376,1,0,6,3,3,1,0,4,0,1,1,1
1,43,20,0.002944652456790209,1,0,6,3,3,2,0,4,0,1,1,1
1,43,21,0.001178510021418333,1,0,6,3,3,3,0,4,0,1,1,1
1,43,22,0.016167830675840378,1,0,6,3,3,4,0,4,0,1,1,1
1,43,27,0.02693701907992363,1,0,6,3,3,3,0,5,0,1,1,1
1,43,29,0.0883624255657196,1,0,6,3,3,5,0,5,0,1,1,1
1,43,30,0.13571201264858246,1,0,6,3,3,6,0,5,0,1,1,1
1,43,35,0.0033537361305207014,1,0,6,4,3,5,0,5,0,1,1,1
1,43,36,0.0011347553227096796,1,0,6,5,3,1,0,1,0,2,1,2
1,43,37,9.504421177553013e-05,1,0,6,5,3,2,0,2,0,2,1,2
1,43,39,5.162771776667796e-05,1,0,6,5,3,4,0,4,0,2,1,2
1,43,41,0.009445492178201675,1,1,6,6,3,1,0,0,0,0,1,1
1,43,42,0.0001857369497884065,1,1,6,6,3,2,0,0,0,0,1,1
1,43,45,0.0069733876734972,1,1,6,6,3,5,0,0,0,0,1,1
1,43,47,0.005935428664088249,1,2,6,7,3,0,0,0,0,0,1,4
1,44,4,0.018680956214666367,1,0,6,3,4,4,0,1,0,1,1,1
1,44,8,0.006195127964019775,1,0,6,3,4,2,0,2,0,1,1,1
1,44,9,0.002639038721099496,1,0,6,3,4,3,0,2,0,1,1,1
1,44,10,0.0015767975710332394,1,0,6,3,4,4,0,2,0,1,1,1
1,44,12,0.05272065848112106,1,0,6,3,4,6,0,2,0,1,1,1
1,44,14,0.08048608154058456,1,0,6,3,4,2,0,3,0,1,1,1
1,44,15,0.01645897515118122,1,0,6,3,4,3,0,3,0,1,1,1
1,44,16,0.0007635270594619215,1,0,6,3,4,4,0,3,0,1,1,1
1,44,17,0.4322035014629364,1,0,6,3,4,5,0,3,0,1,1,1
1,44,19,0.027382608503103256,1,0,6,3,4,1,0,4,0,1,1,1
1,44,20,0.0009186004754155874,1,0,6,3,4,2,0,4,0,1,1,1
1,44,21,0.00010827915684785694,1,0,6,3,4,3,0,4,0,1,1,1
1,44,22,0.0011249351082369685,1,0,6,3,4,4,0,4,0,1,1,1
1,44,27,0.023740610107779503,1,0,6,3,4,3,0,5,0,1,1,1
1,44,29,0.2838287055492401,1,0,6,3,4,5,0,5,0,1,1,1
1,44,30,0.036426741629838943,1,0,6,3,4,6,0,5,0,1,1,1
1,44,35,0.001960701309144497,1,0,6,4,4,5,0,5,0,1,1,1
1,44,36,0.0021994304843246937,1,0,6,5,4,1,0,1,0,2,1,2
1,44,37,7.327984349103644e-05,1,0,6,5,4,2,0,2,0,2,1,2
1,44,39,3.206538167432882e-05,1,0,6,5,4,4,0,4,0,2,1,2
1,44,41,0.000571900513023138,1,1,6,6,4,1,0,0,0,0,1,1
1,44,42,3.9428050513379276e-05,1,1,6,6,4,2,0,0,0,0,1,1
1,44,45,0.001320691080763936,1,1,6,6,4,5,0,0,0,0,1,1
1,44,47,0.008547179400920868,1,2,6,7,4,0,0,0,0,0,1,4
1,46,4,0.018055500462651253,1,0,6,3,6,4,0,1,0,1,1,1
1,46,8,0.004790639039129019,1,0,6,3,6,2,0,2,0,1,1,1
1,46,9,0.0009646592661738396,1,0,6,3,6,3,0,2,0,1,1,1
1,46,10,0.002209888771176338,1,0,6,3,6,4,0,2,0,1,1,1
1,46,12,0.040481407195329666,1,0,6,3,6,6,0,2,0,1,1,1
1,46,14,0.023890234529972076,1,0,6,3,6,2,0,3,0,1,1,1
1,46,15,0.006096336990594864,1,0,6,3,6,3,0,3,0,1,1,1
1,46,16,0.000777809473220259,1,0,6,3,6,4,0,3,0,1,1,1
1,46,17,0.3400072157382965,1,0,6,3,6,5,0,3,0,1,1,1
1,46,19,0.028929512947797775,1,0,6,3,6,1,0,4,0,1,1,1
1,46,20,0.0023414280731230974,1,0,6,3,6,2,0,4,0,1,1,1
1,46,21,0.00034729050821624696,1,0,6,3,6,3,0,4,0,1,1,1
1,46,22,0.009167800657451153,1,0,6,3,6,4,0,4,0,1,1,1
1,46,27,0.008496727794408798,1,0,6,3,6,3,0,5,0,1,1,1
1,46,29,0.44078168272972107,1,0,6,3,6,5,0,5,0,1,1,1
1,46,30,0.060893990099430084,1,0,6,3,6,6,0,5,0,1,1,1
1,46,35,0.003596783149987459,1,0,6,4,6,5,0,5,0,1,1,1
1,46,36,0.00012204042286612093,1,0,6,5,6,1,0,1,0,2,1,2
1,46,37,2.320365638297517e-05,1,0,6,5,6,2,0,2,0,2,1,2
1,46,39,5.7947789173340425e-05,1,0,6,5,6,4,0,4,0,2,1,2
1,46,41,0.0002737745817285031,1,1,6,6,6,1,0,0,0,0,1,1
1,46,42,2.628487527545076e-05,1,1,6,6,6,2,0,0,0,0,1,1
1,46,45,0.0012597638415172696,1,1,6,6,6,5,0,0,0,0,1,1
1,46,47,0.006408369168639183,1,2,6,7,6,0,0,0,0,0,1,4
2,0,2,0.19331644475460052,0,0,1,3,0,2,0,1,2,1,4,1
2,0,3,0.003502743551507592,0,0,1,3,0,3,0,1,2,1,4,1
2,0,4,0.028090950101614,0,0,1,3,0,4,0,1,2,1,4,1
2,0,10,0.007805794011801481,0,0,1,3,0,4,0,2,2,1,4,1
2,0,11,0.0781743973493576,0,0,1,3,0,5,0,2,2,1,4,1
2,0,12,0.02541137859225273,0,0,1,3,0,6,0,2,2,1,4,1
2,0,15,0.0020351530984044075,0,0,1,3,0,3,0,3,2,1,4,1
2,0,16,0.009760284796357155,0,0,1,3,0,4,0,3,2,1,4,1
2,0,18,0.02662103995680809,0,0,1,3,0,6,0,3,2,1,4,1
2,0,20,0.0356578566133976,0,0,1,3,0,2,0,4,2,1,4,1
2,0,24,0.00771021842956543,0,0,1,3,0,6,0,4,2,1,4,1
2,0,25,0.03060094825923443,0,0,1,3,0,1,0,5,2,1,4,1
2,0,26,0.07436809688806534,0,0,1,3,0,2,0,5,2,1,4,1
2,0,28,0.01641349121928215,0,0,1,3,0,4,0,5,2,1,4,1
2,0,29,0.36558637022972107,0,0,1,3,0,5,0,5,2,1,4,1
2,0,30,0.02550368383526802,0,0,1,3,0,6,0,5,2,1,4,1
2,0,32,0.009118297137320042,0,0,1,4,0,2,0,2,2,1,4,1
2,0,37,0.02485845796763897,0,0,1,5,0,2,0,2,2,2,4,2
2,0,39,6.940632010810077e-05,0,0,1,5,0,4,0,4,2,2,4,2
2,0,40,0.004942499101161957,0,0,1,5,0,5,0,5,2,2,4,2
2,0,43,0.0043962071649730206,0,1,1,6,0,3,0,0,2,0,4,1
2,0,44,0.002908262424170971,0,1,1,6,0,4,0,0,2,0,4,1
2,0,46,0.006344435270875692,0,1,1,6,0,6,0,0,2,0,4,1
2,0,47,0.01680343598127365,0,2,1,7,0,0,0,0,2,0,4,4
2,1,2,0.0034016279969364405,0,0,3,3,1,2,1,1,1,1,1,1
2,1,3,0.00026188077754341066,0,0,3,3,1,3,1,1,1,1,1,1
2,1,4,0.0005328567931428552,0,0,3,3,1,4,1,1,1,1,1,1
2,1,10,0.005673885345458984,0,0,3,3,1,4,1,2,1,1,1,1
2,1,11,0.0014194333925843239,0,0,3,3,1,5,1,2,1,1,1,1
2,1,12,0.00336796254850924,0,0,3,3,1,6,1,2,1,1,1,1
2,1,15,0.00011973852087976411,0,0,3,3,1,3,1,3,1,1,1,1
2,1,16,0.0010260333074256778,0,0,3,3,1,4,1,3,1,1,1,1
2,1,18,0.0003967583179473877,0,0,3,3,1,6,1,3,1,1,1,1
2,1,20,0.005263845436275005,0,0,3,3,1,2,1,4,1,1,1,1
2,1,24,0.009615891613066196,0,0,3,3,1,6,1,4,1,1,1,1
2,1,25,0.0021519216243177652,0,0,3,3,1,1,1,5,1,1,1,1
2,1,26,0.00913899764418602,0,0,3,3,1,2,1,5,1,1,1,1
2,1,28,0.0002231250546174124,0,0,3,3,1,4,1,5,1,1,1,1
2,1,29,0.0017818044871091843,0,0,3,3,1,5,1,5,1,1,1,1
2,1,30,0.002554193837568164,0,0,3,3,1,6,1,5,1,1,1,1
2,1,32,0.0005596879054792225,0,0,3,4,1,2,1,2,1,1,1,1
2,1,37,0.9425915479660034,0,0,3,5,1,2,1,2,1,2,1,2
2,1,39,0.0014119704719632864,0,0,3,5,1,4,1,4,1,2,1,2
2,1,40,0.0033144678454846144,0,0,3,5,1,5,1,5,1,2,1,2
2,1,43,0.0024785425048321486,0,1,3,6,1,3,1,0,1,0,1,1
2,1,44,0.0015207978431135416,0,1,3,6,1,4,1,0,1,0,1,1
2,1,46,0.0009281065431423485,0,1,3,6,1,6,1,0,1,0,1,1
2,1,47,0.0002649454982019961,0,2,3,7,1,0,1,0,1,0,1,4
2,5,2,0.041798606514930725,0,0,3,3,5,2,1,1,1,1,1,1
2,5,3,0.0002970469940919429,0,0,3,3,5,3,1,1,1,1,1,1
2,5,4,0.0019528830889612436,0,0,3,3,5,4,1,1,1,1,1,1
2,5,10,0.004146509803831577,0,0,3,3,5,4,1,2,1,1,1,1
2,5,11,0.0014187913620844483,0,0,3,3,5,5,1,2,1,1,1,1
2,5,12,0.004657626152038574,0,0,3,3,5,6,1,2,1,1,1,1
2,5,15,0.0014838633360341191,0,0,3,3,5,3,1,3,1,1,1,1
2,5,16,0.003565575461834669,0,0,3,3,5,4,1,3,1,1,1,1
2,5,18,0.01850091852247715,0,0,3,3,5,6,1,3,1,1,1,1
2,5,20,0.006558758206665516,0,0,3,3,5,2,1,4,1,1,1,1
2,5,24,0.0023208882194012403,0,0,3,3,5,6,1,4,1,1,1,1
2,5,25,0.029291465878486633,0,0,3,3,5,1,1,5,1,1,1,1
2,5,26,0.6585394740104675,0,0,3,3,5,2,1,5,1,1,1,1
2,5,28,0.010877733118832111,0,0,3,3,5,4,1,5,1,1,1,1
2,5,29,0.04091309383511543,0,0,3,3,5,5,1,5,1,1,1,1
2,5,30,0.11580613255500793,0,0,3,3,5,6,1,5,1,1,1,1
2,5,32,0.006438360083848238,0,0,3,4,5,2,1,2,1,1,1,1
2,5,37,0.01750495657324791,0,0,3,5,5,2,1,2,1,2,1,2
2,5,39,0.0016864340286701918,0,0,3,5,5,4,1,4,1,2,1,2
2,5,40,0.026140976697206497,0,0,3,5,5,5,1,5,1,2,1,2
2,5,43,0.0004959366633556783,0,1,3,6,5,3,1,0,1,0,1,1
2,5,44,0.0022313331719487906,0,1,3,6,5,4,1,0,1,0,1,1
2,5,46,0.0033156273420900106,0,1,3,6,5,6,1,0,1,0,1,1
2,5,47,5.710106051992625e-05,0,2,3,7,5,0,1,0,1,0,1,4
2,6,2,0.010365746915340424,0,0,3,3,6,2,1,1,1,1,1,1
2,6,3,0.0002386103878961876,0,0,3,3,6,3,1,1,1,1,1,1
2,6,4,0.0002029779861913994,0,0,3,3,6,4,1,1,1,1,1,1
2,6,10,0.011878172867000103,0,0,3,3,6,4,1,2,1,1,1,1
2,6,11,0.010345039889216423,0,0,3,3,6,5,1,2,1,1,1,1
2,6,12,0.0015277218772098422,0,0,3,3,6,6,1,2,1,1,1,1
2,6,15,0.00013850104005541652,0,0,3,3,6,3,1,3,1,1,1,1
2,6,16,0.000774966727476567,0,0,3,3,6,4,1,3,1,1,1,1
2,6,18,0.0005999072454869747,0,0,3,3,6,6,1,3,1,1,1,1
2,6,20,0.007665212731808424,0,0,3,3,6,2,1,4,1,1,1,1
2,6,24,0.01304223295301199,0,0,3,3,6,6,1,4,1,1,1,1
2,6,25,0.004778438247740269,0,0,3,3,6,1,1,5,1,1,1,1
2,6,26,0.00795276090502739,0,0,3,3,6,2,1,5,1,1,1,1
2,6,28,0.0003726013528648764,0,0,3,3,6,4,1,5,1,1,1,1
2,6,29,0.008002923801541328,0,0,3,3,6,5,1,5,1,1,1,1
2,6,30,0.0011620267760008574,0,0,3,3,6,6,1,5,1,1,1,1
2,6,32,0.0014491003239527345,0,0,3,4,6,2,1,2,1,1,1,1
2,6,37,0.8991483449935913,0,0,3,5,6,2,1,2,1,2,1,2
2,6,39,0.001952232327312231,0,0,3,5,6,4,1,4,1,2,1,2
2,6,40,0.01790172979235649,0,0,3,5,6,5,1,5,1,2,1,2
2,6,43,0.0001796697179088369,0,1,3,6,6,3,1,0,1,0,1,1
2,6,44,7.540159276686609e-05,0,1,3,6,6,4,1,0,1,0,1,1
2,6,46,6.798013782827184e-05,0,1,3,6,6,6,1,0,1,0,1,1
2,6,47,0.00017770611157175153,0,2,3,7,6,0,1,0,1,0,1,4
2,7,2,0.00012698094360530376,0,0,3,3,1,2,2,1,1,1,1,1
2,7,3,0.00019296843674965203,0,0,3,3,1,3,2,1,1,1,1,1
2,7,4,9.085239435080439e-05,0,0,3,3,1,4,2,1,1,1,1,1
2,7,10,2.2832422473584302e-05,0,0,3,3,1,4,2,2,1,1,1,1
2,7,11,8.483896635880228e-06,0,0,3,3,1,5,2,2,1,1,1,1
2,7,12,0.00020192094962112606,0,0,3,3,1,6,2,2,1,1,1,1
2,7,15,3.744293644558638e-05,0,0,3,3,1,3,2,3,1,1,1,1
2,7,16,0.00012322991096880287,0,0,3,3,1,4,2,3,1,1,1,1
2,7,18,7.095964247127995e-05,0,0,3,3,1,6,2,3,1,1,1,1
2,7,20,6.31834554951638e-05,0,0,3,3,1,2,2,4,1,1,1,1
2,7,24,0.0003846422187052667,0,0,3,3,1,6,2,4,1,1,1,1
2,7,25,6.917870632605627e-05,0,0,3,3,1,1,2,5,1,1,1,1
2,7,26,0.00021489834762178361,0,0,3,3,1,2,2,5,1,1,1,1
2,7,28,3.705211383930873e-06,0,0,3,3,1,4,2,5,1,1,1,1
2,7,29,1.4281775293056853e-05,0,0,3,3,1,5,2,5,1,1,1,1
2,7,30,0.001272621564567089,0,0,3,3,1,6,2,5,1,1,1,1
2,7,32,1.2658686500799377e-05,0,0,3,4,1,2,2,2,1,1,1,1
2,7,37,0.0062897177413105965,0,0,3,5,1,2,2,2,1,2,1,2
2,7,39,2.3194006644189358e-06,0,0,3,5,1,4,2,4,1,2,1,2
2,7,40,4.206859375699423e-05,0,0,3,5,1,5,2,5,1,2,1,2
2,7,43,0.835877001285553,0,1,3,6,1,3,2,0,1,0,1,1
2,7,44,0.02030314691364765,0,1,3,6,1,4,2,0,1,0,1,1
2,7,46,0.13249967992305756,0,1,3,6,1,6,2,0,1,0,1,1
2,7,47,0.002075447468087077,0,2,3,7,1,0,2,0,1,0,1,4
2,8,2,0.00014208319771569222,0,0,3,3,2,2,2,1,1,1,1,1
2,8,3,0.00022802894818596542,0,0,3,3,2,3,2,1,1,1,1,1
2,8,4,5.383468669606373e-05,0,0,3,3,2,4,2,1,1,1,1,1
2,8,10,1.2963216249772813e-05,0,0,3,3,2,4,2,2,1,1,1,1
2,8,11,1.3220844266470522e-05,0,0,3,3,2,5,2,2,1,1,1,1
2,8,12,7.408815872622654e-05,0,0,3,3,2,6,2,2,1,1,1,1
2,8,15,0.00021204537188168615,0,0,3,3,2,3,2,3,1,1,1,1
2,8,16,0.00011674775305436924,0,0,3,3,2,4,2,3,1,1,1,1
2,8,18,0.00028144443058408797,0,0,3,3,2,6,2,3,1,1,1,1
2,8,20,1.0817971087817568e-05,0,0,3,3,2,2,2,4,1,1,1,1
2,8,24,4.435391747392714e-05,0,0,3,3,2,6,2,4,1,1,1,1
2,8,25,0.00021632258722092956,0,0,3,3,2,1,2,5,1,1,1,1
2,8,26,0.0003377582470420748,0,0,3,3,2,2,2,5,1,1,1,1
2,8,28,1.145435635407921e-05,0,0,3,3,2,4,2,5,1,1,1,1
2,8,29,4.078623169334605e-05,0,0,3,3,2,5,2,5,1,1,1,1
2,8,30,0.0013938765041530132,0,0,3,3,2,6,2,5,1,1,1,1
2,8,32,0.00010025762458099052,0,0,3,4,2,2,2,2,1,1,1,1
2,8,37,0.00013375120761338621,0,0,3,5,2,2,2,2,1,2,1,2
2,8,39,4.1019782770490565e-07,0,0,3,5,2,4,2,4,1,2,1,2
2,8,40,7.865382212912664e-05,0,0,3,5,2,5,2,5,1,2,1,2
2,8,43,0.8916711807250977,0,1,3,6,2,3,2,0,1,0,1,1
2,8,44,0.011146705597639084,0,1,3,6,2,4,2,0,1,0,1,1
2,8,46,0.09173016250133514,0,1,3,6,2,6,2,0,1,0,1,1
2,8,47,0.0019487678073346615,0,2,3,7,2,0,2,0,1,0,1,4
2,9,2,0.0029461446683853865,0,0,3,3,3,2,2,1,1,1,1,1
2,9,3,0.012211875058710575,0,0,3,3,3,3,2,1,1,1,1,1
2,9,4,0.005923188757151365,0,0,3,3,3,4,2,1,1,1,1,1
2,9,10,0.0016825778875499964,0,0,3,3,3,4,2,2,1,1,1,1
2,9,11,0.000858906249050051,0,0,3,3,3,5,2,2,1,1,1,1
2,9,12,0.004006010480225086,0,0,3,3,3,6,2,2,1,1,1,1
2,9,15,0.022141490131616592,0,0,3,3,3,3,2,3,1,1,1,1
2,9,16,0.0056986878626048565,0,0,3,3,3,4,2,3,1,1,1,1
2,9,18,0.0020718262530863285,0,0,3,3,3,6,2,3,1,1,1,1
2,9,20,0.0039761741645634174,0,0,3,3,3,2,2,4,1,1,1,1
2,9,24,0.0038394839502871037,0,0,3,3,3,6,2,4,1,1,1,1
2,9,25,0.008946053683757782,0,0,3,3,3,1,2,5,1,1,1,1
2,9,26,0.030192703008651733,0,0,3,3,3,2,2,5,1,1,1,1
2,9,28,0.008492977358400822,0,0,3,3,3,4,2,5,1,1,1,1
2,9,29,0.007873148657381535,0,0,3,3,3,5,2,5,1,1,1,1
2,9,30,0.02549404464662075,0,0,3,3,3,6,2,5,1,1,1,1
2,9,32,0.004087110981345177,0,0,3,4,3,2,2,2,1,1,1,1
2,9,37,0.0014626639895141125,0,0,3,5,3,2,2,2,1,2,1,2
2,9,39,0.0031728767789900303,0,0,3,5,3,4,2,4,1,2,1,2
2,9,40,0.01004845555871725,0,0,3,5,3,5,2,5,1,2,1,2
2,9,43,0.476255863904953,0,1,3,6,3,3,2,0,1,0,1,1
2,9,44,0.18353697657585144,0,1,3,6,3,4,2,0,1,0,1,1
2,9,46,0.1570758819580078,0,1,3,6,3,6,2,0,1,0,1,1
2,9,47,0.018004903569817543,0,2,3,7,3,0,2,0,1,0,1,4
2,13,2,0.018952174112200737,0,0,3,3,1,2,3,1,1,1,1,1
2,13,3,0.0002595201076474041,0,0,3,3,1,3,3,1,1,1,1,1
2,13,4,0.000857451232150197,0,0,3,3,1,4,3,1,1,1,1,1
2,13,10,0.008612231351435184,0,0,3,3,1,4,3,2,1,1,1,1
2,13,11,0.0016505913808941841,0,0,3,3,1,5,3,2,1,1,1,1
2,13,12,0.0029107138980180025,0,0,3,3,1,6,3,2,1,1,1,1
2,13,15,0.00021465601457748562,0,0,3,3,1,3,3,3,1,1,1,1
2,13,16,0.0010263805743306875,0,0,3,3,1,4,3,3,1,1,1,1
2,13,18,0.000812253390904516,0,0,3,3,1,6,3,3,1,1,1,1
2,13,20,0.011472538113594055,0,0,3,3,1,2,3,4,1,1,1,1
2,13,24,0.00878878217190504,0,0,3,3,1,6,3,4,1,1,1,1
2,13,25,0.005489672534167767,0,0,3,3,1,1,3,5,1,1,1,1
2,13,26,0.034229885786771774,0,0,3,3,1,2,3,5,1,1,1,1
2,13,28,0.00033402509870938957,0,0,3,3,1,4,3,5,1,1,1,1
2,13,29,0.002594246994704008,0,0,3,3,1,5,3,5,1,1,1,1
2,13,30,0.0039893630892038345,0,0,3,3,1,6,3,5,1,1,1,1
2,13,32,0.0018047871999442577,0,0,3,4,1,2,3,2,1,1,1,1
2,13,37,0.884756326675415,0,0,3,5,1,2,3,2,1,2,1,2
2,13,39,0.0019804935436695814,0,0,3,5,1,4,3,4,1,2,1,2
2,13,40,0.008071161806583405,0,0,3,5,1,5,3,5,1,2,1,2
2,13,43,0.00042786088306456804,0,1,3,6,1,3,3,0,1,0,1,1
2,13,44,0.0004007849784102291,0,1,3,6,1,4,3,0,1,0,1,1
2,13,46,0.00030942566809244454,0,1,3,6,1,6,3,0,1,0,1,1
2,13,47,5.485694055096246e-05,0,2,3,7,1,0,3,0,1,0,1,4
2,14,2,0.11601487547159195,0,0,3,3,2,2,3,1,1,1,1,1
2,14,3,0.01023718249052763,0,0,3,3,2,3,3,1,1,1,1,1
2,14,4,0.005054343491792679,0,0,3,3,2,4,3,1,1,1,1,1
2,14,10,0.013268964365124702,0,0,3,3,2,4,3,2,1,1,1,1
2,14,11,0.010252276435494423,0,0,3,3,2,5,3,2,1,1,1,1
2,14,12,0.010240809991955757,0,0,3,3,2,6,3,2,1,1,1,1
2,14,15,0.015592633746564388,0,0,3,3,2,3,3,3,1,1,1,1
2,14,16,0.012004930526018143,0,0,3,3,2,4,3,3,1,1,1,1
2,14,18,0.06707684695720673,0,0,3,3,2,6,3,3,1,1,1,1
2,14,20,0.012326528318226337,0,0,3,3,2,2,3,4,1,1,1,1
2,14,24,0.01694410853087902,0,0,3,3,2,6,3,4,1,1,1,1
2,14,25,0.04373112693428993,0,0,3,3,2,1,3,5,1,1,1,1
2,14,26,0.16967521607875824,0,0,3,3,2,2,3,5,1,1,1,1
2,14,28,0.019050361588597298,0,0,3,3,2,4,3,5,1,1,1,1
2,14,29,0.029713351279497147,0,0,3,3,2,5,3,5,1,1,1,1
2,14,30,0.16650153696537018,0,0,3,3,2,6,3,5,1,1,1,1
2,14,32,0.022066645324230194,0,0,3,4,2,2,3,2,1,1,1,1
2,14,37,0.041015904396772385,0,0,3,5,2,2,3,2,1,2,1,2
2,14,39,0.010903960093855858,0,0,3,5,2,4,3,4,1,2,1,2
2,14,40,0.11495644599199295,0,0,3,5,2,5,3,5,1,2,1,2
2,14,43,0.03327241912484169,0,1,3,6,2,3,3,0,1,0,1,1
2,14,44,0.010966831818223,0,1,3,6,2,4,3,0,1,0,1,1
2,14,46,0.04604148119688034,0,1,3,6,2,6,3,0,1,0,1,1
2,14,47,0.0030915073584765196,0,2,3,7,2,0,3,0,1,0,1,4
2,17,2,0.11957160383462906,0,0,3,3,5,2,3,1,1,1,1,1
2,17,3,0.011204966343939304,0,0,3,3,5,3,3,1,1,1,1,1
2,17,4,0.006272022146731615,0,0,3,3,5,4,3,1,1,1,1,1
2,17,10,0.015467132441699505,0,0,3,3,5,4,3,2,1,1,1,1
2,17,11,0.018135299906134605,0,0,3,3,5,5,3,2,1,1,1,1
2,17,12,0.013321745209395885,0,0,3,3,5,6,3,2,1,1,1,1
2,17,15,0.039415519684553146,0,0,3,3,5,3,3,3,1,1,1,1
2,17,16,0.013816727325320244,0,0,3,3,5,4,3,3,1,1,1,1
2,17,18,0.08946200460195541,0,0,3,3,5,6,3,3,1,1,1,1
2,17,20,0.005739605985581875,0,0,3,3,5,2,3,4,1,1,1,1
2,17,24,0.005635713692754507,0,0,3,3,5,6,3,4,1,1,1,1
2,17,25,0.06330618262290955,0,0,3,3,5,1,3,5,1,1,1,1
2,17,26,0.12701937556266785,0,0,3,3,5,2,3,5,1,1,1,1
2,17,28,0.041700027883052826,0,0,3,3,5,4,3,5,1,1,1,1
2,17,29,0.08922179043292999,0,0,3,3,5,5,3,5,1,1,1,1
2,17,30,0.08022894710302353,0,0,3,3,5,6,3,5,1,1,1,1
2,17,32,0.12664920091629028,0,0,3,4,5,2,3,2,1,1,1,1
2,17,37,0.004887808579951525,0,0,3,5,5,2,3,2,1,2,1,2
2,17,39,0.0013256905367597938,0,0,3,5,5,4,3,4,1,2,1,2
2,17,40,0.09048096835613251,0,0,3,5,5,5,3,5,1,2,1,2
2,17,43,0.020143667235970497,0,1,3,6,5,3,3,0,1,0,1,1
2,17,44,0.0031392592936754227,0,1,3,6,5,4,3,0,1,0,1,1
2,17,46,0.011473212391138077,0,1,3,6,5,6,3,0,1,0,1,1
2,17,47,0.0023815829772502184,0,2,3,7,5,0,3,0,1,0,1,4
2,19,2,0.0011079816613346338,0,0,3,3,1,2,4,1,1,1,1,1
2,19,3,0.002158073941245675,0,0,3,3,1,3,4,1,1,1,1,1
2,19,4,0.0015850280178710818,0,0,3,3,1,4,4,1,1,1,1,1
2,19,10,0.00040572870057076216,0,0,3,3,1,4,4,2,1,1,1,1
2,19,11,0.0003241693484596908,0,0,3,3,1,5,4,2,1,1,1,1
2,19,12,0.0005582056473940611,0,0,3,3,1,6,4,2,1,1,1,1
2,19,15,0.0011587784392759204,0,0,3,3,1,3,4,3,1,1,1,1
2,19,16,0.0008803656091913581,0,0,3,3,1,4,4,3,1,1,1,1
2,19,18,0.0005388851859606802,0,0,3,3,1,6,4,3,1,1,1,1
2,19,20,0.000426951126428321,0,0,3,3,1,2,4,4,1,1,1,1
2,19,24,0.0004720008873846382,0,0,3,3,1,6,4,4,1,1,1,1
2,19,25,0.0026231715455651283,0,0,3,3,1,1,4,5,1,1,1,1
2,19,26,0.0015073708491399884,0,0,3,3,1,2,4,5,1,1,1,1
2,19,28,0.0007078857161104679,0,0,3,3,1,4,4,5,1,1,1,1
2,19,29,0.0010736484546214342,0,0,3,3,1,5,4,5,1,1,1,1
2,19,30,0.0050644236616790295,0,0,3,3,1,6,4,5,1,1,1,1
2,19,32,0.0005564997554756701,0,0,3,4,1,2,4,2,1,1,1,1
2,19,37,0.0006118834135122597,0,0,3,5,1,2,4,2,1,2,1,2
2,19,39,2.2276459276326932e-05,0,0,3,5,1,4,4,4,1,2,1,2
2,19,40,0.00041478470666334033,0,0,3,5,1,5,4,5,1,2,1,2
2,19,43,0.847986102104187,0,1,3,6,1,3,4,0,1,0,1,1
2,19,44,0.04192116856575012,0,1,3,6,1,4,4,0,1,0,1,1
2,19,46,0.06867808103561401,0,1,3,6,1,6,4,0,1,0,1,1
2,19,47,0.01921636052429676,0,2,3,7,1,0,4,0,1,0,1,4
2,21,2,0.026164257898926735,0,0,3,3,3,2,4,1,1,1,1,1
2,21,3,0.001349467784166336,0,0,3,3,3,3,4,1,1,1,1,1
2,21,4,0.0032919873483479023,0,0,3,3,3,4,4,1,1,1,1,1
2,21,10,0.0011584330350160599,0,0,3,3,3,4,4,2,1,1,1,1
2,21,11,0.0006439561839215457,0,0,3,3,3,5,4,2,1,1,1,1
2,21,12,0.0074723875150084496,0,0,3,3,3,6,4,2,1,1,1,1
2,21,15,0.0031984280794858932,0,0,3,3,3,3,4,3,1,1,1,1
2,21,16,0.0021166899241507053,0,0,3,3,3,4,4,3,1,1,1,1
2,21,18,0.006485739257186651,0,0,3,3,3,6,4,3,1,1,1,1
2,21,20,0.005158282350748777,0,0,3,3,3,2,4,4,1,1,1,1
2,21,24,0.0021983967162668705,0,0,3,3,3,6,4,4,1,1,1,1
2,21,25,0.014921994879841805,0,0,3,3,3,1,4,5,1,1,1,1
2,21,26,0.34891238808631897,0,0,3,3,3,2,4,5,1,1,1,1
2,21,28,0.0017201912123709917,0,0,3,3,3,4,4,5,1,1,1,1
2,21,29,0.009459630586206913,0,0,3,3,3,5,4,5,1,1,1,1
2,21,30,0.12072674930095673,0,0,3,3,3,6,4,5,1,1,1,1
2,21,32,0.002687122207134962,0,0,3,4,3,2,4,2,1,1,1,1
2,21,37,0.01387852057814598,0,0,3,5,3,2,4,2,1,2,1,2
2,21,39,0.00021115386334713548,0,0,3,5,3,4,4,4,1,2,1,2
2,21,40,0.007494207937270403,0,0,3,5,3,5,4,5,1,2,1,2
2,21,43,0.21716725826263428,0,1,3,6,3,3,4,0,1,0,1,1
2,21,44,0.0594409741461277,0,1,3,6,3,4,4,0,1,0,1,1
2,21,46,0.142887681722641,0,1,3,6,3,6,4,0,1,0,1,1
2,21,47,0.0012544699711725116,0,2,3,7,3,0,4,0,1,0,1,4
2,22,2,0.004850380588322878,0,0,3,3,4,2,4,1,1,1,1,1
2,22,3,0.0014378639170899987,0,0,3,3,4,3,4,1,1,1,1,1
2,22,4,0.0011611952213570476,0,0,3,3,4,4,4,1,1,1,1,1
2,22,10,5.273198985378258e-05,0,0,3,3,4,4,4,2,1,1,1,1
2,22,11,8.473464549751952e-05,0,0,3,3,4,5,4,2,1,1,1,1
2,22,12,0.0006259282235987484,0,0,3,3,4,6,4,2,1,1,1,1
2,22,15,0.004483650904148817,0,0,3,3,4,3,4,3,1,1,1,1
2,22,16,0.0008149447967298329,0,0,3,3,4,4,4,3,1,1,1,1
2,22,18,0.0020582154393196106,0,0,3,3,4,6,4,3,1,1,1,1
2,22,20,0.00020243351173121482,0,0,3,3,4,2,4,4,1,1,1,1
2,22,24,0.00023162350407801569,0,0,3,3,4,6,4,4,1,1,1,1
2,22,25,0.001860393094830215,0,0,3,3,4,1,4,5,1,1,1,1
2,22,26,0.008476506918668747,0,0,3,3,4,2,4,5,1,1,1,1
2,22,28,0.0021715648472309113,0,0,3,3,4,4,4,5,1,1,1,1
2,22,29,0.0014123136643320322,0,0,3,3,4,5,4,5,1,1,1,1
2,22,30,0.01766650751233101,0,0,3,3,4,6,4,5,1,1,1,1
2,22,32,0.0007587941363453865,0,0,3,4,4,2,4,2,1,1,1,1
2,22,37,2.622540523589123e-05,0,0,3,5,4,2,4,2,1,2,1,2
2,22,39,2.436873546685092e-05,0,0,3,5,4,4,4,4,1,2,1,2
2,22,40,0.0010016299784183502,0,0,3,5,4,5,4,5,1,2,1,2
2,22,43,0.7016392350196838,0,1,3,6,4,3,4,0,1,0,1,1
2,22,44,0.034673061221838,0,1,3,6,4,4,4,0,1,0,1,1
2,22,46,0.20630298554897308,0,1,3,6,4,6,4,0,1,0,1,1
2,22,47,0.007982766255736351,0,2,3,7,4,0,4,0,1,0,1,4
2,23,2,0.05411364883184433,0,0,3,3,5,2,4,1,1,1,1,1
2,23,3,0.0020118900574743748,0,0,3,3,5,3,4,1,1,1,1,1
2,23,4,0.006712468806654215,0,0,3,3,5,4,4,1,1,1,1,1
2,23,10,0.0010179278906434774,0,0,3,3,5,4,4,2,1,1,1,1
2,23,11,0.0011831858428195119,0,0,3,3,5,5,4,2,1,1,1,1
2,23,12,0.005191419739276171,0,0,3,3,5,6,4,2,1,1,1,1
2,23,15,0.01175387017428875,0,0,3,3,5,3,4,3,1,1,1,1
2,23,16,0.005437286105006933,0,0,3,3,5,4,4,3,1,1,1,1
2,23,18,0.02970011718571186,0,0,3,3,5,6,4,3,1,1,1,1
2,23,20,0.0021120768506079912,0,0,3,3,5,2,4,4,1,1,1,1
2,23,24,0.0006305527058430016,0,0,3,3,5,6,4,4,1,1,1,1
2,23,25,0.02642524056136608,0,0,3,3,5,1,4,5,1,1,1,1
2,23,26,0.4600558876991272,0,0,3,3,5,2,4,5,1,1,1,1
2,23,28,0.020948460325598717,0,0,3,3,5,4,4,5,1,1,1,1
2,23,29,0.055623359978199005,0,0,3,3,5,5,4,5,1,1,1,1
2,23,30,0.14193357527256012,0,0,3,3,5,6,4,5,1,1,1,1
2,23,32,0.010345489718019962,0,0,3,4,5,2,4,2,1,1,1,1
2,23,37,0.00039445824222639203,0,0,3,5,5,2,4,2,1,2,1,2
2,23,39,7.651829946553335e-05,0,0,3,5,5,4,4,4,1,2,1,2
2,23,40,0.007907000370323658,0,0,3,5,5,5,4,5,1,2,1,2
2,23,43,0.04409179836511612,0,1,3,6,5,3,4,0,1,0,1,1
2,23,44,0.026270316913723946,0,1,3,6,5,4,4,0,1,0,1,1
2,23,46,0.08453550934791565,0,1,3,6,5,6,4,0,1,0,1,1
2,23,47,0.0015285199042409658,0,2,3,7,5,0,4,0,1,0,1,4
2,27,2,0.004123925697058439,0,0,3,3,3,2,5,1,1,1,1,1
2,27,3,0.003517453558743,0,0,3,3,3,3,5,1,1,1,1,1
2,27,4,0.0002993576053995639,0,0,3,3,3,4,5,1,1,1,1,1
2,27,10,9.495790436631069e-05,0,0,3,3,3,4,5,2,1,1,1,1
2,27,11,0.001020159455947578,0,0,3,3,3,5,5,2,1,1,1,1
2,27,12,0.0006083107437007129,0,0,3,3,3,6,5,2,1,1,1,1
2,27,15,0.007866624742746353,0,0,3,3,3,3,5,3,1,1,1,1
2,27,16,0.001145548652857542,0,0,3,3,3,4,5,3,1,1,1,1
2,27,18,0.00922587513923645,0,0,3,3,3,6,5,3,1,1,1,1
2,27,20,0.00025361613370478153,0,0,3,3,3,2,5,4,1,1,1,1
2,27,24,0.0010336596751585603,0,0,3,3,3,6,5,4,1,1,1,1
2,27,25,0.00311988010071218,0,0,3,3,3,1,5,5,1,1,1,1
2,27,26,0.002469754545018077,0,0,3,3,3,2,5,5,1,1,1,1
2,27,28,0.0004928587004542351,0,0,3,3,3,4,5,5,1,1,1,1
2,27,29,0.00265095429494977,0,0,3,3,3,5,5,5,1,1,1,1
2,27,30,0.015624052844941616,0,0,3,3,3,6,5,5,1,1,1,1
2,27,32,0.0012972811236977577,0,0,3,4,3,2,5,2,1,1,1,1
2,27,37,5.193252945900895e-05,0,0,3,5,3,2,5,2,1,2,1,2
2,27,39,1.5918916687951423e-05,0,0,3,5,3,4,5,4,1,2,1,2
2,27,40,0.0035995335783809423,0,0,3,5,3,5,5,5,1,2,1,2
2,27,43,0.5178722143173218,0,1,3,6,3,3,5,0,1,0,1,1
2,27,44,0.009222792461514473,0,1,3,6,3,4,5,0,1,0,1,1
2,27,46,0.3296821713447571,0,1,3,6,3,6,5,0,1,0,1,1
2,27,47,0.08471085876226425,0,2,3,7,3,0,5,0,1,0,1,4
2,31,2,0.0021280578803271055,0,0,4,3,1,2,1,1,1,1,1,1
2,31,3,1.5127983715501614e-05,0,0,4,3,1,3,1,1,1,1,1,1
2,31,4,4.6881155867595226e-05,0,0,4,3,1,4,1,1,1,1,1,1
2,31,10,0.006597762927412987,0,0,4,3,1,4,1,2,1,1,1,1
2,31,11,0.002208106918260455,0,0,4,3,1,5,1,2,1,1,1,1
2,31,12,0.00033868668833747506,0,0,4,3,1,6,1,2,1,1,1,1
2,31,15,4.575187631417066e-06,0,0,4,3,1,3,1,3,1,1,1,1
2,31,16,8.3464830822777e-05,0,0,4,3,1,4,1,3,1,1,1,1
2,31,18,3.905529229086824e-05,0,0,4,3,1,6,1,3,1,1,1,1
2,31,20,0.003924120683223009,0,0,4,3,1,2,1,4,1,1,1,1
2,31,24,0.0028710230253636837,0,0,4,3,1,6,1,4,1,1,1,1
2,31,25,0.0004581925750244409,0,0,4,3,1,1,1,5,1,1,1,1
2,31,26,0.00171177601441741,0,0,4,3,1,2,1,5,1,1,1,1
2,31,28,4.618450839188881e-05,0,0,4,3,1,4,1,5,1,1,1,1
2,31,29,0.001170763629488647,0,0,4,3,1,5,1,5,1,1,1,1
2,31,30,7.233514043036848e-05,0,0,4,3,1,6,1,5,1,1,1,1
2,31,32,0.00012550377869047225,0,0,4,4,1,2,1,2,1,1,1,1
2,31,37,0.976026177406311,0,0,4,5,1,2,1,2,1,2,1,2
2,31,39,0.0007980061345733702,0,0,4,5,1,4,1,4,1,2,1,2
2,31,40,0.0013282543513923883,0,0,4,5,1,5,1,5,1,2,1,2
2,31,43,6.737126341249677e-07,0,1,4,6,1,3,1,0,1,0,1,1
2,31,44,1.8502428247302305e-06,0,1,4,6,1,4,1,0,1,0,1,1
2,31,46,6.851699367871333e-07,0,1,4,6,1,6,1,0,1,0,1,1
2,31,47,2.4664259399287403e-06,0,2,4,7,1,0,1,0,1,0,1,4
2,33,2,0.06868085265159607,0,0,4,3,3,2,3,1,1,1,1,1
2,33,3,0.03347870334982872,0,0,4,3,3,3,3,1,1,1,1,1
2,33,4,0.003399841021746397,0,0,4,3,3,4,3,1,1,1,1,1
2,33,10,0.09955225884914398,0,0,4,3,3,4,3,2,1,1,1,1
2,33,11,0.14188559353351593,0,0,4,3,3,5,3,2,1,1,1,1
2,33,12,0.009084882214665413,0,0,4,3,3,6,3,2,1,1,1,1
2,33,15,0.01991168037056923,0,0,4,3,3,3,3,3,1,1,1,1
2,33,16,0.003565191989764571,0,0,4,3,3,4,3,3,1,1,1,1
2,33,18,0.004461194854229689,0,0,4,3,3,6,3,3,1,1,1,1
2,33,20,0.04780695587396622,0,0,4,3,3,2,3,4,1,1,1,1
2,33,24,0.05604718253016472,0,0,4,3,3,6,3,4,1,1,1,1
2,33,25,0.032976649701595306,0,0,4,3,3,1,3,5,1,1,1,1
2,33,26,0.015041409060359001,0,0,4,3,3,2,3,5,1,1,1,1
2,33,28,0.01999002695083618,0,0,4,3,3,4,3,5,1,1,1,1
2,33,29,0.04402381554245949,0,0,4,3,3,5,3,5,1,1,1,1
2,33,30,0.006562188733369112,0,0,4,3,3,6,3,5,1,1,1,1
2,33,32,0.08081924915313721,0,0,4,4,3,2,3,2,1,1,1,1
2,33,37,0.044039852917194366,0,0,4,5,3,2,3,2,1,2,1,2
2,33,39,0.0719294622540474,0,0,4,5,3,4,3,4,1,2,1,2
2,33,40,0.1889328509569168,0,0,4,5,3,5,3,5,1,2,1,2
2,33,43,0.0030558949802070856,0,1,4,6,3,3,3,0,1,0,1,1
2,33,44,0.0002697246673051268,0,1,4,6,3,4,3,0,1,0,1,1
2,33,46,0.0002875578938983381,0,1,4,6,3,6,3,0,1,0,1,1
2,33,47,0.004197229631245136,0,2,4,7,3,0,3,0,1,0,1,4
2,34,2,0.044122591614723206,0,0,4,3,4,2,4,1,1,1,1,1
2,34,3,0.0014565690653398633,0,0,4,3,4,3,4,1,1,1,1,1
2,34,4,0.00532955676317215,0,0,4,3,4,4,4,1,1,1,1,1
2,34,10,0.01017111074179411,0,0,4,3,4,4,4,2,1,1,1,1
2,34,11,0.0025400833692401648,0,0,4,3,4,5,4,2,1,1,1,1
2,34,12,0.008384276181459427,0,0,4,3,4,6,4,2,1,1,1,1
2,34,15,0.004109947942197323,0,0,4,3,4,3,4,3,1,1,1,1
2,34,16,0.00393952801823616,0,0,4,3,4,4,4,3,1,1,1,1
2,34,18,0.002807299606502056,0,0,4,3,4,6,4,3,1,1,1,1
2,34,20,0.009090350940823555,0,0,4,3,4,2,4,4,1,1,1,1
2,34,24,0.002178119495511055,0,0,4,3,4,6,4,4,1,1,1,1
2,34,25,0.012701363302767277,0,0,4,3,4,1,4,5,1,1,1,1
2,34,26,0.6145454049110413,0,0,4,3,4,2,4,5,1,1,1,1
2,34,28,0.06204760819673538,0,0,4,3,4,4,4,5,1,1,1,1
2,34,29,0.1422210931777954,0,0,4,3,4,5,4,5,1,1,1,1
2,34,30,0.017448272556066513,0,0,4,3,4,6,4,5,1,1,1,1
2,34,32,0.013768313452601433,0,0,4,4,4,2,4,2,1,1,1,1
2,34,37,0.010556891560554504,0,0,4,5,4,2,4,2,1,2,1,2
2,34,39,0.0021619275212287903,0,0,4,5,4,4,4,4,1,2,1,2
2,34,40,0.027366245165467262,0,0,4,5,4,5,4,5,1,2,1,2
2,34,43,0.0007670194609090686,0,1,4,6,4,3,4,0,1,0,1,1
2,34,44,0.0016199718229472637,0,1,4,6,4,4,4,0,1,0,1,1
2,34,46,0.0006120814941823483,0,1,4,6,4,6,4,0,1,0,1,1
2,34,47,5.4322215873980895e-05,0,2,4,7,4,0,4,0,1,0,1,4
2,35,2,0.05346066877245903,0,0,4,3,5,2,5,1,1,1,1,1
2,35,3,0.0012259774375706911,0,0,4,3,5,3,5,1,1,1,1,1
2,35,4,0.0003076463472098112,0,0,4,3,5,4,5,1,1,1,1,1
2,35,10,0.039487406611442566,0,0,4,3,5,4,5,2,1,1,1,1
2,35,11,0.11697183549404144,0,0,4,3,5,5,5,2,1,1,1,1
2,35,12,0.009372896514832973,0,0,4,3,5,6,5,2,1,1,1,1
2,35,15,0.004917556885629892,0,0,4,3,5,3,5,3,1,1,1,1
2,35,16,0.0016706996830180287,0,0,4,3,5,4,5,3,1,1,1,1
2,35,18,0.01570381037890911,0,0,4,3,5,6,5,3,1,1,1,1
2,35,20,0.024293236434459686,0,0,4,3,5,2,5,4,1,1,1,1
2,35,24,0.016340361908078194,0,0,4,3,5,6,5,4,1,1,1,1
2,35,25,0.011441873386502266,0,0,4,3,5,1,5,5,1,1,1,1
2,35,26,0.11435294151306152,0,0,4,3,5,2,5,5,1,1,1,1
2,35,28,0.009524920955300331,0,0,4,3,5,4,5,5,1,1,1,1
2,35,29,0.14456191658973694,0,0,4,3,5,5,5,5,1,1,1,1
2,35,30,0.00492084352299571,0,0,4,3,5,6,5,5,1,1,1,1
2,35,32,0.034718334674835205,0,0,4,4,5,2,5,2,1,1,1,1
2,35,37,0.02343183010816574,0,0,4,5,5,2,5,2,1,2,1,2
2,35,39,0.05369860678911209,0,0,4,5,5,4,5,4,1,2,1,2
2,35,40,0.31955209374427795,0,0,4,5,5,5,5,5,1,2,1,2
2,35,43,2.039606670223293e-06,0,1,4,6,5,3,5,0,1,0,1,1
2,35,44,5.640717972710263e-06,0,1,4,6,5,4,5,0,1,0,1,1
2,35,46,1.1831819392682519e-05,0,1,4,6,5,6,5,0,1,0,1,1
2,35,47,2.5266894226660952e-05,0,2,4,7,5,0,5,0,1,0,1,4
2,36,2,0.00016862456686794758,0,0,5,3,1,2,1,1,2,1,2,1
2,36,3,6.469619984272867e-05,0,0,5,3,1,3,1,1,2,1,2,1
2,36,4,1.8029410057351924e-05,0,0,5,3,1,4,1,1,2,1,2,1
2,36,10,0.006907525938004255,0,0,5,3,1,4,1,2,2,1,2,1
2,36,11,0.0007529777940362692,0,0,5,3,1,5,1,2,2,1,2,1
2,36,12,0.000590524694416672,0,0,5,3,1,6,1,2,2,1,2,1
2,36,15,7.31139225536026e-05,0,0,5,3,1,3,1,3,2,1,2,1
2,36,16,0.00011819437349913642,0,0,5,3,1,4,1,3,2,1,2,1
2,36,18,6.699752702843398e-05,0,0,5,3,1,6,1,3,2,1,2,1
2,36,20,0.0019235436338931322,0,0,5,3,1,2,1,4,2,1,2,1
2,36,24,0.004212061874568462,0,0,5,3,1,6,1,4,2,1,2,1
2,36,25,5.281835183268413e-05,0,0,5,3,1,1,1,5,2,1,2,1
2,36,26,0.0006245091208256781,0,0,5,3,1,2,1,5,2,1,2,1
2,36,28,0.0002911210176534951,0,0,5,3,1,4,1,5,2,1,2,1
2,36,29,0.0002540783607400954,0,0,5,3,1,5,1,5,2,1,2,1
2,36,30,3.094868952757679e-05,0,0,5,3,1,6,1,5,2,1,2,1
2,36,32,0.00036683931830339134,0,0,5,4,1,2,1,2,2,1,2,1
2,36,37,0.05115238577127457,0,0,5,5,1,2,1,2,2,2,2,2
2,36,39,0.921263575553894,0,0,5,5,1,4,1,4,2,2,2,2
2,36,40,0.01106638740748167,0,0,5,5,1,5,1,5,2,2,2,2
2,36,43,1.7784563155487376e-08,0,1,5,6,1,3,1,0,2,0,2,1
2,36,44,4.5862464048695983e-07,0,1,5,6,1,4,1,0,2,0,2,1
2,36,46,1.1270130784168941e-07,0,1,5,6,1,6,1,0,2,0,2,1
2,36,47,1.524038424349783e-07,0,2,5,7,1,0,1,0,2,0,2,4
2,38,2,0.0002990983775816858,0,0,5,3,3,2,3,1,2,1,2,1
2,38,3,0.00029511263710446656,0,0,5,3,3,3,3,1,2,1,2,1
2,38,4,3.572561763576232e-05,0,0,5,3,3,4,3,1,2,1,2,1
2,38,10,0.002237029140815139,0,0,5,3,3,4,3,2,2,1,2,1
2,38,11,0.000584944267757237,0,0,5,3,3,5,3,2,2,1,2,1
2,38,12,0.0003932046820409596,0,0,5,3,3,6,3,2,2,1,2,1
2,38,15,0.00042740735807456076,0,0,5,3,3,3,3,3,2,1,2,1
2,38,16,9.587954264134169e-05,0,0,5,3,3,4,3,3,2,1,2,1
2,38,18,8.542744762962684e-05,0,0,5,3,3,6,3,3,2,1,2,1
2,38,20,0.0013967949198558927,0,0,5,3,3,2,3,4,2,1,2,1
2,38,24,0.0028065210208296776,0,0,5,3,3,6,3,4,2,1,2,1
2,38,25,4.944061947753653e-05,0,0,5,3,3,1,3,5,2,1,2,1
2,38,26,0.0002500315604265779,0,0,5,3,3,2,3,5,2,1,2,1
2,38,28,0.0005690254620276392,0,0,5,3,3,4,3,5,2,1,2,1
2,38,29,0.00011121435818495229,0,0,5,3,3,5,3,5,2,1,2,1
2,38,30,5.057489761384204e-05,0,0,5,3,3,6,3,5,2,1,2,1
2,38,32,0.0005076603847555816,0,0,5,4,3,2,3,2,2,1,2,1
2,38,37,0.0010437334422022104,0,0,5,5,3,2,3,2,2,2,2,2
2,38,39,0.9820623993873596,0,0,5,5,3,4,3,4,2,2,2,2
2,38,40,0.006695546675473452,0,0,5,5,3,5,3,5,2,2,2,2
2,38,43,1.4072682574806095e-07,0,1,5,6,3,3,3,0,2,0,2,1
2,38,44,9.731032832860365e-07,0,1,5,6,3,4,3,0,2,0,2,1
2,38,46,5.528333986148937e-07,0,1,5,6,3,6,3,0,2,0,2,1
2,38,47,1.2900302408525022e-06,0,2,5,7,3,0,3,0,2,0,2,4
2,41,2,0.03651802986860275,1,0,6,3,1,2,0,1,0,1,1,1
2,41,3,0.0037574407178908587,1,0,6,3,1,3,0,1,0,1,1,1
2,41,4,0.0036155518610030413,1,0,6,3,1,4,0,1,0,1,1,1
2,41,10,0.07388322800397873,1,0,6,3,1,4,0,2,0,1,1,1
2,41,11,0.13583829998970032,1,0,6,3,1,5,0,2,0,1,1,1
2,41,12,0.016063246876001358,1,0,6,3,1,6,0,2,0,1,1,1
2,41,15,0.0014202013844624162,1,0,6,3,1,3,0,3,0,1,1,1
2,41,16,0.004681598395109177,1,0,6,3,1,4,0,3,0,1,1,1
2,41,18,0.010912245139479637,1,0,6,3,1,6,0,3,0,1,1,1
2,41,20,0.06407222151756287,1,0,6,3,1,2,0,4,0,1,1,1
2,41,24,0.06871119141578674,1,0,6,3,1,6,0,4,0,1,1,1
2,41,25,0.0159115232527256,1,0,6,3,1,1,0,5,0,1,1,1
2,41,26,0.00720178009942174,1,0,6,3,1,2,0,5,0,1,1,1
2,41,28,0.002769601298496127,1,0,6,3,1,4,0,5,0,1,1,1
2,41,29,0.016600128263235092,1,0,6,3,1,5,0,5,0,1,1,1
2,41,30,0.006022871937602758,1,0,6,3,1,6,0,5,0,1,1,1
2,41,32,0.00862283818423748,1,0,6,4,1,2,0,2,0,1,1,1
2,41,37,0.4635758399963379,1,0,6,5,1,2,0,2,0,2,1,2
2,41,39,0.03105989657342434,1,0,6,5,1,4,0,4,0,2,1,2
2,41,40,0.024449646472930908,1,0,6,5,1,5,0,5,0,2,1,2
2,41,43,0.00027887511532753706,1,1,6,6,1,3,0,0,0,0,1,1
2,41,44,0.00027198216412216425,1,1,6,6,1,4,0,0,0,0,1,1
2,41,46,0.0004050801508128643,1,1,6,6,1,6,0,0,0,0,1,1
2,41,47,0.003357014851644635,1,2,6,7,1,0,0,0,0,0,1,4
2,42,2,0.1406783014535904,1,0,6,3,2,2,0,1,0,1,1,1
2,42,3,0.01237783394753933,1,0,6,3,2,3,0,1,0,1,1,1
2,42,4,0.006417475640773773,1,0,6,3,2,4,0,1,0,1,1,1
2,42,10,0.010690468363463879,1,0,6,3,2,4,0,2,0,1,1,1
2,42,11,0.24767866730690002,1,0,6,3,2,5,0,2,0,1,1,1
2,42,12,0.0040994565933942795,1,0,6,3,2,6,0,2,0,1,1,1
2,42,15,0.012766946107149124,1,0,6,3,2,3,0,3,0,1,1,1
2,42,16,0.011910656467080116,1,0,6,3,2,4,0,3,0,1,1,1
2,42,18,0.10647010058164597,1,0,6,3,2,6,0,3,0,1,1,1
2,42,20,0.01247088797390461,1,0,6,3,2,2,0,4,0,1,1,1
2,42,24,0.018105508759617805,1,0,6,3,2,6,0,4,0,1,1,1
2,42,25,0.03328319638967514,1,0,6,3,2,1,0,5,0,1,1,1
2,42,26,0.001990868244320154,1,0,6,3,2,2,0,5,0,1,1,1
2,42,28,0.01015358604490757,1,0,6,3,2,4,0,5,0,1,1,1
2,42,29,0.028241002932190895,1,0,6,3,2,5,0,5,0,1,1,1
2,42,30,0.009337574243545532,1,0,6,3,2,6,0,5,0,1,1,1
2,42,32,0.011215932667255402,1,0,6,4,2,2,0,2,0,1,1,1
2,42,37,0.002163158031180501,1,0,6,5,2,2,0,2,0,2,1,2
2,42,39,0.0023694150149822235,1,0,6,5,2,4,0,4,0,2,1,2
2,42,40,0.0173663180321455,1,0,6,5,2,5,0,5,0,2,1,2
2,42,43,0.003899280447512865,1,1,6,6,2,3,0,0,0,0,1,1
2,42,44,0.0008351073483936489,1,1,6,6,2,4,0,0,0,0,1,1
2,42,46,0.009767712093889713,1,1,6,6,2,6,0,0,0,0,1,1
2,42,47,0.2857104241847992,1,2,6,7,2,0,0,0,0,0,1,4
2,45,2,0.1809334009885788,1,0,6,3,5,2,0,1,0,1,1,1
2,45,3,0.00967712514102459,1,0,6,3,5,3,0,1,0,1,1,1
2,45,4,0.009656842797994614,1,0,6,3,5,4,0,1,0,1,1,1
2,45,10,0.018480485305190086,1,0,6,3,5,4,0,2,0,1,1,1
2,45,11,0.17408429086208344,1,0,6,3,5,5,0,2,0,1,1,1
2,45,12,0.022641615942120552,1,0,6,3,5,6,0,2,0,1,1,1
2,45,15,0.012150430120527744,1,0,6,3,5,3,0,3,0,1,1,1
2,45,16,0.01587798446416855,1,0,6,3,5,4,0,3,0,1,1,1
2,45,18,0.1300535500049591,1,0,6,3,5,6,0,3,0,1,1,1
2,45,20,0.01926194317638874,1,0,6,3,5,2,0,4,0,1,1,1
2,45,24,0.020764006301760674,1,0,6,3,5,6,0,4,0,1,1,1
2,45,25,0.04160972684621811,1,0,6,3,5,1,0,5,0,1,1,1
2,45,26,0.02608247846364975,1,0,6,3,5,2,0,5,0,1,1,1
2,45,28,0.025259587913751602,1,0,6,3,5,4,0,5,0,1,1,1
2,45,29,0.11379628628492355,1,0,6,3,5,5,0,5,0,1,1,1
2,45,30,0.042857542634010315,1,0,6,3,5,6,0,5,0,1,1,1
2,45,32,0.020775150507688522,1,0,6,4,5,2,0,2,0,1,1,1
2,45,37,0.00855009164661169,1,0,6,5,5,2,0,2,0,2,1,2
2,45,39,0.002099654171615839,1,0,6,5,5,4,0,4,0,2,1,2
2,45,40,0.02713058516383171,1,0,6,5,5,5,0,5,0,2,1,2
2,45,43,0.0075068399310112,1,1,6,6,5,3,0,0,0,0,1,1
2,45,44,0.0023917865473777056,1,1,6,6,5,4,0,0,0,0,1,1
2,45,46,0.01521154586225748,1,1,6,6,5,6,0,0,0,0,1,1
2,45,47,0.05314679816365242,1,2,6,7,5,0,0,0,0,0,1,4
3,2,0,0.008985589258372784,0,0,3,1,2,0,1,0,1,2,1,4
3,2,1,0.003366265445947647,0,0,3,3,2,1,1,1,1,1,1,1
3,2,5,0.006482081953436136,0,0,3,3,2,5,1,1,1,1,1,1
3,2,6,0.06736944615840912,0,0,3,3,2,6,1,1,1,1,1,1
3,2,7,0.00563188036903739,0,0,3,3,2,1,1,2,1,1,1,1
3,2,8,0.27437150478363037,0,0,3,3,2,2,1,2,1,1,1,1
3,2,9,0.1447996199131012,0,0,3,3,2,3,1,2,1,1,1,1
3,2,13,0.003007883671671152,0,0,3,3,2,1,1,3,1,1,1,1
3,2,14,0.0828469768166542,0,0,3,3,2,2,1,3,1,1,1,1
3,2,17,0.05970502272248268,0,0,3,3,2,5,1,3,1,1,1,1
3,2,19,0.0039949421770870686,0,0,3,3,2,1,1,4,1,1,1,1
3,2,21,0.01136641576886177,0,0,3,3,2,3,1,4,1,1,1,1
3,2,22,0.002888654125854373,0,0,3,3,2,4,1,4,1,1,1,1
3,2,23,0.0008691187249496579,0,0,3,3,2,5,1,4,1,1,1,1
3,2,27,0.02398086152970791,0,0,3,3,2,3,1,5,1,1,1,1
3,2,31,0.01505313254892826,0,0,3,4,2,1,1,1,1,1,1,1
3,2,33,0.23393431305885315,0,0,3,4,2,3,1,3,1,1,1,1
3,2,34,0.007744579575955868,0,0,3,4,2,4,1,4,1,1,1,1
3,2,35,0.003049349645152688,0,0,3,4,2,5,1,5,1,1,1,1
3,2,36,0.0008340671192854643,0,0,3,5,2,1,1,1,1,2,1,2
3,2,38,0.0065179006196558475,0,0,3,5,2,3,1,3,1,2,1,2
3,2,41,0.007502965163439512,0,1,3,6,2,1,1,0,1,0,1,1
3,2,42,0.018682187423110008,0,1,3,6,2,2,1,0,1,0,1,1
3,2,45,0.0070152743719518185,0,1,3,6,2,5,1,0,1,0,1,1
3,3,0,0.0003809019399341196,0,0,3,1,3,0,1,0,1,2,1,4
3,3,1,0.0026416240725666285,0,0,3,3,3,1,1,1,1,1,1,1
3,3,5,0.0017243230249732733,0,0,3,3,3,5,1,1,1,1,1,1
3,3,6,0.028655458241701126,0,0,3,3,3,6,1,1,1,1,1,1
3,3,7,0.009362691082060337,0,0,3,3,3,1,1,2,1,1,1,1
3,3,8,0.24391740560531616,0,0,3,3,3,2,1,2,1,1,1,1
3,3,9,0.11789310723543167,0,0,3,3,3,3,1,2,1,1,1,1
3,3,13,0.007183031179010868,0,0,3,3,3,1,1,3,1,1,1,1
3,3,14,0.40825873613357544,0,0,3,3,3,2,1,3,1,1,1,1
3,3,17,0.05278211832046509,0,0,3,3,3,5,1,3,1,1,1,1
3,3,19,0.004272759892046452,0,0,3,3,3,1,1,4,1,1,1,1
3,3,21,0.007102537900209427,0,0,3,3,3,3,1,4,1,1,1,1
3,3,22,0.0005639268783852458,0,0,3,3,3,4,1,4,1,1,1,1
3,3,23,0.0010274711530655622,0,0,3,3,3,5,1,4,1,1,1,1
3,3,27,0.0036872830241918564,0,0,3,3,3,3,1,5,1,1,1,1
3,3,31,0.002597099868580699,0,0,3,4,3,1,1,1,1,1,1,1
3,3,33,0.10473073273897171,0,0,3,4,3,3,1,3,1,1,1,1
3,3,34,0.0011347515974193811,0,0,3,4,3,4,1,4,1,1,1,1
3,3,35,0.0007183559355325997,0,0,3,4,3,5,1,5,1,1,1,1
3,3,36,0.00018625665688887239,0,0,3,5,3,1,1,1,1,2,1,2
3,3,38,0.000541056739166379,0,0,3,5,3,3,1,3,1,2,1,2
3,3,41,4.312585951993242e-05,0,1,3,6,3,1,1,0,1,0,1,1
3,3,42,0.00041600558324716985,0,1,3,6,3,2,1,0,1,0,1,1
3,3,45,0.00017916376236826181,0,1,3,6,3,5,1,0,1,0,1,1
3,4,0,0.001238428521901369,0,0,3,1,4,0,1,0,1,2,1,4
3,4,1,0.013346684165298939,0,0,3,3,4,1,1,1,1,1,1,1
3,4,5,0.004459214862436056,0,0,3,3,4,5,1,1,1,1,1,1
3,4,6,0.020667387172579765,0,0,3,3,4,6,1,1,1,1,1,1
3,4,7,0.002278747968375683,0,0,3,3,4,1,1,2,1,1,1,1
3,4,8,0.005413419101387262,0,0,3,3,4,2,1,2,1,1,1,1
3,4,9,0.06667874753475189,0,0,3,3,4,3,1,2,1,1,1,1
3,4,13,0.0030482143629342318,0,0,3,3,4,1,1,3,1,1,1,1
3,4,14,0.029803933575749397,0,0,3,3,4,2,1,3,1,1,1,1
3,4,17,0.0021832166239619255,0,0,3,3,4,5,1,3,1,1,1,1
3,4,19,0.0008344230009242892,0,0,3,3,4,1,1,4,1,1,1,1
3,4,21,0.005868466105312109,0,0,3,3,4,3,1,4,1,1,1,1
3,4,22,0.00048262078780680895,0,0,3,3,4,4,1,4,1,1,1,1
3,4,23,0.00046913811820559204,0,0,3,3,4,5,1,4,1,1,1,1
3,4,27,0.013551631942391396,0,0,3,3,4,3,1,5,1,1,1,1
3,4,31,0.03981225565075874,0,0,3,4,4,1,1,1,1,1,1,1
3,4,33,0.7013422250747681,0,0,3,4,4,3,1,3,1,1,1,1
3,4,34,0.0024959456641227007,0,0,3,4,4,4,1,4,1,1,1,1
3,4,35,0.0020011516753584146,0,0,3,4,4,5,1,5,1,1,1,1
3,4,36,0.009314058348536491,0,0,3,5,4,1,1,1,1,2,1,2
3,4,38,0.04836861044168472,0,0,3,5,4,3,1,3,1,2,1,2
3,4,41,0.011369330808520317,0,1,3,6,4,1,1,0,1,0,1,1
3,4,42,0.010189143940806389,0,1,3,6,4,2,1,0,1,0,1,1
3,4,45,0.004783273208886385,0,1,3,6,4,5,1,0,1,0,1,1
3,10,0,0.00014521922275889665,0,0,3,1,4,0,2,0,1,2,1,4
3,10,1,0.0047225202433764935,0,0,3,3,4,1,2,1,1,1,1,1
3,10,5,0.0005508688627742231,0,0,3,3,4,5,2,1,1,1,1,1
3,10,6,0.003909349907189608,0,0,3,3,4,6,2,1,1,1,1,1
3,10,7,0.0002880669489968568,0,0,3,3,4,1,2,2,1,1,1,1
3,10,8,0.00042879380634985864,0,0,3,3,4,2,2,2,1,1,1,1
3,10,9,0.017422497272491455,0,0,3,3,4,3,2,2,1,1,1,1
3,10,13,0.0004961324739269912,0,0,3,3,4,1,2,3,1,1,1,1
3,10,14,0.001316659850999713,0,0,3,3,4,2,2,3,1,1,1,1
3,10,17,0.0002160455333068967,0,0,3,3,4,5,2,3,1,1,1,1
3,10,19,0.0007318230927921832,0,0,3,3,4,1,2,4,1,1,1,1
3,10,21,0.010208439081907272,0,0,3,3,4,3,2,4,1,1,1,1
3,10,22,0.0007039690972305834,0,0,3,3,4,4,2,4,1,1,1,1
3,10,23,0.0005524453008547425,0,0,3,3,4,5,2,4,1,1,1,1
3,10,27,0.0015401534037664533,0,0,3,3,4,3,2,5,1,1,1,1
3,10,31,0.0004388983070384711,0,0,3,4,4,1,2,1,1,1,1,1
3,10,33,0.022564049810171127,0,0,3,4,4,3,2,3,1,1,1,1
3,10,34,0.0002448136219754815,0,0,3,4,4,4,2,4,1,1,1,1
3,10,35,0.00011473186896182597,0,0,3,4,4,5,2,5,1,1,1,1
3,10,36,0.005632087122648954,0,0,3,5,4,1,2,1,1,2,1,2
3,10,38,0.006504489574581385,0,0,3,5,4,3,2,3,1,2,1,2
3,10,41,0.8437185287475586,0,1,3,6,4,1,2,0,1,0,1,1
3,10,42,0.028206482529640198,0,1,3,6,4,2,2,0,1,0,1,1
3,10,45,0.04934282973408699,0,1,3,6,4,5,2,0,1,0,1,1
3,11,0,7.34758359612897e-05,0,0,3,1,5,0,2,0,1,2,1,4
3,11,1,0.04447367042303085,0,0,3,3,5,1,2,1,1,1,1,1
3,11,5,0.002315312856808305,0,0,3,3,5,5,2,1,1,1,1,1
3,11,6,0.010065327398478985,0,0,3,3,5,6,2,1,1,1,1,1
3,11,7,0.0008796173497103155,0,0,3,3,5,1,2,2,1,1,1,1
3,11,8,0.0012879630085080862,0,0,3,3,5,2,2,2,1,1,1,1
3,11,9,0.03520693629980087,0,0,3,3,5,3,2,2,1,1,1,1
3,11,13,0.0015484788455069065,0,0,3,3,5,1,2,3,1,1,1,1
3,11,14,0.0033230518456548452,0,0,3,3,5,2,2,3,1,1,1,1
3,11,17,0.0007055001333355904,0,0,3,3,5,5,2,3,1,1,1,1
3,11,19,0.001116260769777,0,0,3,3,5,1,2,4,1,1,1,1
3,11,21,0.004186276812106371,0,0,3,3,5,3,2,4,1,1,1,1
3,11,22,0.0007965695112943649,0,0,3,3,5,4,2,4,1,1,1,1
3,11,23,0.0009310247842222452,0,0,3,3,5,5,2,4,1,1,1,1
3,11,27,0.0013214534847065806,0,0,3,3,5,3,2,5,1,1,1,1
3,11,31,0.0008094454533420503,0,0,3,4,5,1,2,1,1,1,1,1
3,11,33,0.010160266421735287,0,0,3,4,5,3,2,3,1,1,1,1
3,11,34,0.0002383185492362827,0,0,3,4,5,4,2,4,1,1,1,1
3,11,35,0.0002193387335864827,0,0,3,4,5,5,2,5,1,1,1,1
3,11,36,0.002423189114779234,0,0,3,5,5,1,2,1,1,2,1,2
3,11,38,0.0009487788775004447,0,0,3,5,5,3,2,3,1,2,1,2
3,11,41,0.6961185336112976,0,1,3,6,5,1,2,0,1,0,1,1
3,11,42,0.04008590430021286,0,1,3,6,5,2,2,0,1,0,1,1
3,11,45,0.1407652646303177,0,1,3,6,5,5,2,0,1,0,1,1
3,12,0,3.2883147014217684e-06,0,0,3,1,6,0,2,0,1,2,1,4
3,12,1,0.003572434652596712,0,0,3,3,6,1,2,1,1,1,1,1
3,12,5,0.00021775833738502115,0,0,3,3,6,5,2,1,1,1,1,1
3,12,6,0.000130438304040581,0,0,3,3,6,6,2,1,1,1,1,1
3,12,7,3.9584152546012774e-05,0,0,3,3,6,1,2,2,1,1,1,1
3,12,8,5.472862540045753e-06,0,0,3,3,6,2,2,2,1,1,1,1
3,12,9,0.0003205694956704974,0,0,3,3,6,3,2,2,1,1,1,1
3,12,13,7.677845860598609e-05,0,0,3,3,6,1,2,3,1,1,1,1
3,12,14,1.5797535525052808e-05,0,0,3,3,6,2,2,3,1,1,1,1
3,12,17,1.0628337804519106e-05,0,0,3,3,6,5,2,3,1,1,1,1
3,12,19,3.939591260859743e-05,0,0,3,3,6,1,2,4,1,1,1,1
3,12,21,0.00011265547800576314,0,0,3,3,6,3,2,4,1,1,1,1
3,12,22,6.100364407757297e-05,0,0,3,3,6,4,2,4,1,1,1,1
3,12,23,3.144992297166027e-05,0,0,3,3,6,5,2,4,1,1,1,1
3,12,27,3.157406172249466e-05,0,0,3,3,6,3,2,5,1,1,1,1
3,12,31,7.872405694797635e-05,0,0,3,4,6,1,2,1,1,1,1,1
3,12,33,0.00010134474723599851,0,0,3,4,6,3,2,3,1,1,1,1
3,12,34,1.1837624697363935e-05,0,0,3,4,6,4,2,4,1,1,1,1
3,12,35,1.537261050543748e-05,0,0,3,4,6,5,2,5,1,1,1,1
3,12,36,0.00037241028621792793,0,0,3,5,6,1,2,1,1,2,1,2
3,12,38,6.696268246741965e-05,0,0,3,5,6,3,2,3,1,2,1,2
3,12,41,0.9196754097938538,0,1,3,6,6,1,2,0,1,0,1,1
3,12,42,0.008801388554275036,0,1,3,6,6,2,2,0,1,0,1,1
3,12,45,0.06620742380619049,0,1,3,6,6,5,2,0,1,0,1,1
3,15,0,0.0001830681721912697,0,0,3,1,3,0,3,0,1,2,1,4
3,15,1,0.0007637953967787325,0,0,3,3,3,1,3,1,1,1,1,1
3,15,5,0.0005520418053492904,0,0,3,3,3,5,3,1,1,1,1,1
3,15,6,0.009506718255579472,0,0,3,3,3,6,3,1,1,1,1,1
3,15,7,0.002774014137685299,0,0,3,3,3,1,3,2,1,1,1,1
3,15,8,0.46577903628349304,0,0,3,3,3,2,3,2,1,1,1,1
3,15,9,0.09999363124370575,0,0,3,3,3,3,3,2,1,1,1,1
3,15,13,0.003995282109826803,0,0,3,3,3,1,3,3,1,1,1,1
3,15,14,0.2519901394844055,0,0,3,3,3,2,3,3,1,1,1,1
3,15,17,0.11616354435682297,0,0,3,3,3,5,3,3,1,1,1,1
3,15,19,0.02066066861152649,0,0,3,3,3,1,3,4,1,1,1,1
3,15,21,0.015590513125061989,0,0,3,3,3,3,3,4,1,1,1,1
3,15,22,0.0011256616562604904,0,0,3,3,3,4,3,4,1,1,1,1
3,15,23,0.0037214448675513268,0,0,3,3,3,5,3,4,1,1,1,1
3,15,27,0.001279055722989142,0,0,3,3,3,3,3,5,1,1,1,1
3,15,31,7.235696830321103e-05,0,0,3,4,3,1,3,1,1,1,1,1
3,15,33,0.004111680667847395,0,0,3,4,3,3,3,3,1,1,1,1
3,15,34,0.00021374461357481778,0,0,3,4,3,4,3,4,1,1,1,1
3,15,35,0.0002923595893662423,0,0,3,4,3,5,3,5,1,1,1,1
3,15,36,2.1377192751970142e-05,0,0,3,5,3,1,3,1,1,2,1,2
3,15,38,8.1713169493014e-06,0,0,3,5,3,3,3,3,1,2,1,2
3,15,41,0.000160184150445275,0,1,3,6,3,1,3,0,1,0,1,1
3,15,42,0.0005230040987953544,0,1,3,6,3,2,3,0,1,0,1,1
3,15,45,0.0005180850857868791,0,1,3,6,3,5,3,0,1,0,1,1
3,16,0,0.00045198065345175564,0,0,3,1,4,0,3,0,1,2,1,4
3,16,1,0.006029355339705944,0,0,3,3,4,1,3,1,1,1,1,1
3,16,5,0.0014040099922567606,0,0,3,3,4,5,3,1,1,1,1,1
3,16,6,0.030219241976737976,0,0,3,3,4,6,3,1,1,1,1,1
3,16,7,0.0022753761149942875,0,0,3,3,4,1,3,2,1,1,1,1
3,16,8,0.007054008077830076,0,0,3,3,4,2,3,2,1,1,1,1
3,16,9,0.22257529199123383,0,0,3,3,4,3,3,2,1,1,1,1
3,16,13,0.0019044196233153343,0,0,3,3,4,1,3,3,1,1,1,1
3,16,14,0.02134050987660885,0,0,3,3,4,2,3,3,1,1,1,1
3,16,17,0.0021755462512373924,0,0,3,3,4,5,3,3,1,1,1,1
3,16,19,0.003256079275161028,0,0,3,3,4,1,3,4,1,1,1,1
3,16,21,0.041537340730428696,0,0,3,3,4,3,3,4,1,1,1,1
3,16,22,0.0014535163063555956,0,0,3,3,4,4,3,4,1,1,1,1
3,16,23,0.0017221493180841208,0,0,3,3,4,5,3,4,1,1,1,1
3,16,27,0.00968830194324255,0,0,3,3,4,3,3,5,1,1,1,1
3,16,31,0.002284312155097723,0,0,3,4,4,1,3,1,1,1,1,1
3,16,33,0.5316088795661926,0,0,3,4,4,3,3,3,1,1,1,1
3,16,34,0.0024846591986715794,0,0,3,4,4,4,3,4,1,1,1,1
3,16,35,0.0006593949510715902,0,0,3,4,4,5,3,5,1,1,1,1
3,16,36,0.009656419977545738,0,0,3,5,4,1,3,1,1,2,1,2
3,16,38,0.0602881945669651,0,0,3,5,4,3,3,3,1,2,1,2
3,16,41,0.02818853035569191,0,1,3,6,4,1,3,0,1,0,1,1
3,16,42,0.005725867580622435,0,1,3,6,4,2,3,0,1,0,1,1
3,16,45,0.006016933359205723,0,1,3,6,4,5,3,0,1,0,1,1
3,18,0,0.00011437856301199645,0,0,3,1,6,0,3,0,1,2,1,4
3,18,1,0.014859247021377087,0,0,3,3,6,1,3,1,1,1,1,1
3,18,5,0.0023331413976848125,0,0,3,3,6,5,3,1,1,1,1,1
3,18,6,0.0068543157540261745,0,0,3,3,6,6,3,1,1,1,1,1
3,18,7,0.0017981284763664007,0,0,3,3,6,1,3,2,1,1,1,1
3,18,8,0.007863934151828289,0,0,3,3,6,2,3,2,1,1,1,1
3,18,9,0.023319514468312263,0,0,3,3,6,3,3,2,1,1,1,1
3,18,13,0.00388531805947423,0,0,3,3,6,1,3,3,1,1,1,1
3,18,14,0.004902111366391182,0,0,3,3,6,2,3,3,1,1,1,1
3,18,17,0.010153930634260178,0,0,3,3,6,5,3,3,1,1,1,1
3,18,19,0.005756244994699955,0,0,3,3,6,1,3,4,1,1,1,1
3,18,21,0.009673754684627056,0,0,3,3,6,3,3,4,1,1,1,1
3,18,22,0.0038372348062694073,0,0,3,3,6,4,3,4,1,1,1,1
3,18,23,0.0016454788856208324,0,0,3,3,6,5,3,4,1,1,1,1
3,18,27,0.0007690127240493894,0,0,3,3,6,3,3,5,1,1,1,1
3,18,31,0.00030048860935494304,0,0,3,4,6,1,3,1,1,1,1,1
3,18,33,0.0024315884802490473,0,0,3,4,6,3,3,3,1,1,1,1
3,18,34,0.00030873328796587884,0,0,3,4,6,4,3,4,1,1,1,1
3,18,35,0.0003204852109774947,0,0,3,4,6,5,3,5,1,1,1,1
3,18,36,0.0002943165018223226,0,0,3,5,6,1,3,1,1,2,1,2
3,18,38,8.276131848106161e-05,0,0,3,5,6,3,3,3,1,2,1,2
3,18,41,0.6153427958488464,0,1,3,6,6,1,3,0,1,0,1,1
3,18,42,0.05242285504937172,0,1,3,6,6,2,3,0,1,0,1,1
3,18,45,0.23072996735572815,0,1,3,6,6,5,3,0,1,0,1,1
3,20,0,1.8301767340744846e-05,0,0,3,1,2,0,4,0,1,2,1,4
3,20,1,0.0001139187952503562,0,0,3,3,2,1,4,1,1,1,1,1
3,20,5,2.68245112238219e-05,0,0,3,3,2,5,4,1,1,1,1,1
3,20,6,0.00013293691154103726,0,0,3,3,2,6,4,1,1,1,1,1
3,20,7,5.104036972625181e-06,0,0,3,3,2,1,4,2,1,1,1,1
3,20,8,3.689813456730917e-05,0,0,3,3,2,2,4,2,1,1,1,1
3,20,9,0.0003338056558277458,0,0,3,3,2,3,4,2,1,1,1,1
3,20,13,9.116211003856733e-06,0,0,3,3,2,1,4,3,1,1,1,1
3,20,14,9.890448382066097e-06,0,0,3,3,2,2,4,3,1,1,1,1
3,20,17,1.5431331121362746e-05,0,0,3,3,2,5,4,3,1,1,1,1
3,20,19,3.9339061913779005e-05,0,0,3,3,2,1,4,4,1,1,1,1
3,20,21,0.00019789172802120447,0,0,3,3,2,3,4,4,1,1,1,1
3,20,22,8.259955211542547e-05,0,0,3,3,2,4,4,4,1,1,1,1
3,20,23,1.5319510566769168e-05,0,0,3,3,2,5,4,4,1,1,1,1
3,20,27,2.991322980960831e-05,0,0,3,3,2,3,4,5,1,1,1,1
3,20,31,5.454629899759311e-06,0,0,3,4,2,1,4,1,1,1,1,1
3,20,33,0.0001154843412223272,0,0,3,4,2,3,4,3,1,1,1,1
3,20,34,9.697672794573009e-06,0,0,3,4,2,4,4,4,1,1,1,1
3,20,35,5.620418050966691e-06,0,0,3,4,2,5,4,5,1,1,1,1
3,20,36,7.941663352539763e-05,0,0,3,5,2,1,4,1,1,2,1,2
3,20,38,3.9874921640148386e-05,0,0,3,5,2,3,4,3,1,2,1,2
3,20,41,0.9528100490570068,0,1,3,6,2,1,4,0,1,0,1,1
3,20,42,0.008343960158526897,0,1,3,6,2,2,4,0,1,0,1,1
3,20,45,0.03752311319112778,0,1,3,6,2,5,4,0,1,0,1,1
3,24,0,0.008527925238013268,0,0,3,1,6,0,4,0,1,2,1,4
3,24,1,0.044132910668849945,0,0,3,3,6,1,4,1,1,1,1,1
3,24,5,0.01793745532631874,0,0,3,3,6,5,4,1,1,1,1,1
3,24,6,0.012385382317006588,0,0,3,3,6,6,4,1,1,1,1,1
3,24,7,0.00621967064216733,0,0,3,3,6,1,4,2,1,1,1,1
3,24,8,0.002929432550445199,0,0,3,3,6,2,4,2,1,1,1,1
3,24,9,0.013057369738817215,0,0,3,3,6,3,4,2,1,1,1,1
3,24,13,0.006257893051952124,0,0,3,3,6,1,4,3,1,1,1,1
3,24,14,0.005709708668291569,0,0,3,3,6,2,4,3,1,1,1,1
3,24,17,0.0007780134910717607,0,0,3,3,6,5,4,3,1,1,1,1
3,24,19,0.002394486451521516,0,0,3,3,6,1,4,4,1,1,1,1
3,24,21,0.0045087155885994434,0,0,3,3,6,3,4,4,1,1,1,1
3,24,22,0.002406362211331725,0,0,3,3,6,4,4,4,1,1,1,1
3,24,23,0.001096475636586547,0,0,3,3,6,5,4,4,1,1,1,1
3,24,27,0.010150103829801083,0,0,3,3,6,3,4,5,1,1,1,1
3,24,31,0.11640098690986633,0,0,3,4,6,1,4,1,1,1,1,1
3,24,33,0.02463272213935852,0,0,3,4,6,3,4,3,1,1,1,1
3,24,34,0.004509421065449715,0,0,3,4,6,4,4,4,1,1,1,1
3,24,35,0.006639246828854084,0,0,3,4,6,5,4,5,1,1,1,1
3,24,36,0.03826460987329483,0,0,3,5,6,1,4,1,1,2,1,2
3,24,38,0.0188064593821764,0,0,3,5,6,3,4,3,1,2,1,2
3,24,41,0.5135458707809448,0,1,3,6,6,1,4,0,1,0,1,1
3,24,42,0.0701005756855011,0,1,3,6,6,2,4,0,1,0,1,1
3,24,45,0.06860833615064621,0,1,3,6,6,5,4,0,1,0,1,1
3,25,0,3.252364695072174e-05,0,0,3,1,1,0,5,0,1,2,1,4
3,25,1,0.000590678711887449,0,0,3,3,1,1,5,1,1,1,1,1
3,25,5,0.00013365382619667798,0,0,3,3,1,5,5,1,1,1,1,1
3,25,6,0.0001563692931085825,0,0,3,3,1,6,5,1,1,1,1,1
3,25,7,1.987371433642693e-05,0,0,3,3,1,1,5,2,1,1,1,1
3,25,8,3.3027565223164856e-05,0,0,3,3,1,2,5,2,1,1,1,1
3,25,9,0.0003370555932633579,0,0,3,3,1,3,5,2,1,1,1,1
3,25,13,2.0490097085712478e-05,0,0,3,3,1,1,5,3,1,1,1,1
3,25,14,1.0808019396790769e-05,0,0,3,3,1,2,5,3,1,1,1,1
3,25,17,2.3044776753522456e-05,0,0,3,3,1,5,5,3,1,1,1,1
3,25,19,4.125492705497891e-05,0,0,3,3,1,1,5,4,1,1,1,1
3,25,21,4.628898750524968e-05,0,0,3,3,1,3,5,4,1,1,1,1
3,25,22,8.15957464510575e-05,0,0,3,3,1,4,5,4,1,1,1,1
3,25,23,2.1096584532642737e-05,0,0,3,3,1,5,5,4,1,1,1,1
3,25,27,6.737921648891643e-05,0,0,3,3,1,3,5,5,1,1,1,1
3,25,31,3.5353390558157116e-05,0,0,3,4,1,1,5,1,1,1,1,1
3,25,33,3.27876114170067e-05,0,0,3,4,1,3,5,3,1,1,1,1
3,25,34,1.0632950761646498e-05,0,0,3,4,1,4,5,4,1,1,1,1
3,25,35,2.1689826098736376e-05,0,0,3,4,1,5,5,5,1,1,1,1
3,25,36,8.731360139790922e-05,0,0,3,5,1,1,5,1,1,2,1,2
3,25,38,1.4854495930194389e-05,0,0,3,5,1,3,5,3,1,2,1,2
3,25,41,0.946104884147644,0,1,3,6,1,1,5,0,1,0,1,1
3,25,42,0.005967346951365471,0,1,3,6,1,2,5,0,1,0,1,1
3,25,45,0.04610995948314667,0,1,3,6,1,5,5,0,1,0,1,1
3,26,0,0.002457966096699238,0,0,3,1,2,0,5,0,1,2,1,4
3,26,1,0.0010698222322389483,0,0,3,3,2,1,5,1,1,1,1,1
3,26,5,0.00133206055033952,0,0,3,3,2,5,5,1,1,1,1,1
3,26,6,0.004736105911433697,0,0,3,3,2,6,5,1,1,1,1,1
3,26,7,0.00045344847603701055,0,0,3,3,2,1,5,2,1,1,1,1
3,26,8,0.010664468631148338,0,0,3,3,2,2,5,2,1,1,1,1
3,26,9,0.009446620009839535,0,0,3,3,2,3,5,2,1,1,1,1
3,26,13,0.0004732024681288749,0,0,3,3,2,1,5,3,1,1,1,1
3,26,14,0.0017688311636447906,0,0,3,3,2,2,5,3,1,1,1,1
3,26,17,0.005655285436660051,0,0,3,3,2,5,5,3,1,1,1,1
3,26,19,0.0020414115861058235,0,0,3,3,2,1,5,4,1,1,1,1
3,26,21,0.005392247810959816,0,0,3,3,2,3,5,4,1,1,1,1
3,26,22,0.002748929662629962,0,0,3,3,2,4,5,4,1,1,1,1
3,26,23,0.00038281871820800006,0,0,3,3,2,5,5,4,1,1,1,1
3,26,27,0.0018349788151681423,0,0,3,3,2,3,5,5,1,1,1,1
3,26,31,0.0006753744673915207,0,0,3,4,2,1,5,1,1,1,1,1
3,26,33,0.0049888030625879765,0,0,3,4,2,3,5,3,1,1,1,1
3,26,34,0.0008097790414467454,0,0,3,4,2,4,5,4,1,1,1,1
3,26,35,0.000554966798517853,0,0,3,4,2,5,5,5,1,1,1,1
3,26,36,0.0004485787940211594,0,0,3,5,2,1,5,1,1,2,1,2
3,26,38,0.00046568617108277977,0,0,3,5,2,3,5,3,1,2,1,2
3,26,41,0.7021440267562866,0,1,3,6,2,1,5,0,1,0,1,1
3,26,42,0.1019824743270874,0,1,3,6,2,2,5,0,1,0,1,1
3,26,45,0.13747258484363556,0,1,3,6,2,5,5,0,1,0,1,1
3,28,0,0.0001298870483879,0,0,3,1,4,0,5,0,1,2,1,4
3,28,1,0.0032207253389060497,0,0,3,3,4,1,5,1,1,1,1,1
3,28,5,0.000735986337531358,0,0,3,3,4,5,5,1,1,1,1,1
3,28,6,0.0017088636523112655,0,0,3,3,4,6,5,1,1,1,1,1
3,28,7,0.00016689578478690237,0,0,3,3,4,1,5,2,1,1,1,1
3,28,8,7.621339318575338e-05,0,0,3,3,4,2,5,2,1,1,1,1
3,28,9,0.002578082727268338,0,0,3,3,4,3,5,2,1,1,1,1
3,28,13,7.306358747882769e-05,0,0,3,3,4,1,5,3,1,1,1,1
3,28,14,0.00010093046148540452,0,0,3,3,4,2,5,3,1,1,1,1
3,28,17,2.1476276742760092e-05,0,0,3,3,4,5,5,3,1,1,1,1
3,28,19,2.4041864890023135e-05,0,0,3,3,4,1,5,4,1,1,1,1
3,28,21,0.00012616405729204416,0,0,3,3,4,3,5,4,1,1,1,1
3,28,22,8.651637472212315e-05,0,0,3,3,4,4,5,4,1,1,1,1
3,28,23,8.379937753488775e-06,0,0,3,3,4,5,5,4,1,1,1,1
3,28,27,0.0008141891448758543,0,0,3,3,4,3,5,5,1,1,1,1
3,28,31,0.006306885741651058,0,0,3,4,4,1,5,1,1,1,1,1
3,28,33,0.007985222153365612,0,0,3,4,4,3,5,3,1,1,1,1
3,28,34,0.00014308960817288607,0,0,3,4,4,4,5,4,1,1,1,1
3,28,35,8.812911983113736e-05,0,0,3,4,4,5,5,5,1,1,1,1
3,28,36,0.001576333655975759,0,0,3,5,4,1,5,1,1,2,1,2
3,28,38,0.0021008618641644716,0,0,3,5,4,3,5,3,1,2,1,2
3,28,41,0.9371911287307739,0,1,3,6,4,1,5,0,1,0,1,1
3,28,42,0.013382727280259132,0,1,3,6,4,2,5,0,1,0,1,1
3,28,45,0.021354231983423233,0,1,3,6,4,5,5,0,1,0,1,1
3,29,0,4.092656308785081e-05,0,0,3,1,5,0,5,0,1,2,1,4
3,29,1,0.0037897967267781496,0,0,3,3,5,1,5,1,1,1,1,1
3,29,5,0.0006459818687289953,0,0,3,3,5,5,5,1,1,1,1,1
3,29,6,0.0004196140798740089,0,0,3,3,5,6,5,1,1,1,1,1
3,29,7,0.00011901937250513583,0,0,3,3,5,1,5,2,1,1,1,1
3,29,8,0.00015221061767078936,0,0,3,3,5,2,5,2,1,1,1,1
3,29,9,0.0007862980128265917,0,0,3,3,5,3,5,2,1,1,1,1
3,29,13,8.753756992518902e-05,0,0,3,3,5,1,5,3,1,1,1,1
3,29,14,7.992929749889299e-05,0,0,3,3,5,2,5,3,1,1,1,1
3,29,17,0.00010210243635810912,0,0,3,3,5,5,5,3,1,1,1,1
3,29,19,7.594667840749025e-05,0,0,3,3,5,1,5,4,1,1,1,1
3,29,21,8.116746175801381e-05,0,0,3,3,5,3,5,4,1,1,1,1
3,29,22,0.00014127837494015694,0,0,3,3,5,4,5,4,1,1,1,1
3,29,23,2.4715904146432877e-05,0,0,3,3,5,5,5,4,1,1,1,1
3,29,27,0.0001499411155236885,0,0,3,3,5,3,5,5,1,1,1,1
3,29,31,0.0004540490044746548,0,0,3,4,5,1,5,1,1,1,1,1
3,29,33,0.00011212711979169399,0,0,3,4,5,3,5,3,1,1,1,1
3,29,34,3.0105858968454413e-05,0,0,3,4,5,4,5,4,1,1,1,1
3,29,35,7.33847773517482e-05,0,0,3,4,5,5,5,5,1,1,1,1
3,29,36,7.287452899618074e-05,0,0,3,5,5,1,5,1,1,2,1,2
3,29,38,8.494237590639386e-06,0,0,3,5,5,3,5,3,1,2,1,2
3,29,41,0.8774996995925903,0,1,3,6,5,1,5,0,1,0,1,1
3,29,42,0.028165291994810104,0,1,3,6,5,2,5,0,1,0,1,1
3,29,45,0.08688703179359436,0,1,3,6,5,5,5,0,1,0,1,1
3,30,0,7.318964344449341e-05,0,0,3,1,6,0,5,0,1,2,1,4
3,30,1,0.0020502142142504454,0,0,3,3,6,1,5,1,1,1,1,1
3,30,5,0.0006762038101442158,0,0,3,3,6,5,5,1,1,1,1,1
3,30,6,0.0007710962672717869,0,0,3,3,6,6,5,1,1,1,1,1
3,30,7,0.000355773838236928,0,0,3,3,6,1,5,2,1,1,1,1
3,30,8,0.0005611988017335534,0,0,3,3,6,2,5,2,1,1,1,1
3,30,9,0.0018601701594889164,0,0,3,3,6,3,5,2,1,1,1,1
3,30,13,0.0005925169098190963,0,0,3,3,6,1,5,3,1,1,1,1
3,30,14,0.0002744602388702333,0,0,3,3,6,2,5,3,1,1,1,1
3,30,17,0.0009109385428018868,0,0,3,3,6,5,5,3,1,1,1,1
3,30,19,0.0008839589427225292,0,0,3,3,6,1,5,4,1,1,1,1
3,30,21,0.0009347202721983194,0,0,3,3,6,3,5,4,1,1,1,1
3,30,22,0.001047963509336114,0,0,3,3,6,4,5,4,1,1,1,1
3,30,23,0.00018959649605676532,0,0,3,3,6,5,5,4,1,1,1,1
3,30,27,0.00024509229115210474,0,0,3,3,6,3,5,5,1,1,1,1
3,30,31,0.00020893479813821614,0,0,3,4,6,1,5,1,1,1,1,1
3,30,33,0.00020379168563522398,0,0,3,4,6,3,5,3,1,1,1,1
3,30,34,7.164680573623627e-05,0,0,3,4,6,4,5,4,1,1,1,1
3,30,35,0.00011880081001436338,0,0,3,4,6,5,5,5,1,1,1,1
3,30,36,9.727809811010957e-05,0,0,3,5,6,1,5,1,1,2,1,2
3,30,38,1.4071106306801084e-05,0,0,3,5,6,3,5,3,1,2,1,2
3,30,41,0.8919264674186707,0,1,3,6,6,1,5,0,1,0,1,1
3,30,42,0.015102067962288857,0,1,3,6,6,2,5,0,1,0,1,1
3,30,45,0.08082931488752365,0,1,3,6,6,5,5,0,1,0,1,1
3,32,0,0.023747600615024567,0,0,4,1,2,0,2,0,1,2,1,4
3,32,1,0.009212060831487179,0,0,4,3,2,1,2,1,1,1,1,1
3,32,5,0.013206545263528824,0,0,4,3,2,5,2,1,1,1,1,1
3,32,6,0.10006634891033173,0,0,4,3,2,6,2,1,1,1,1,1
3,32,7,0.02162274904549122,0,0,4,3,2,1,2,2,1,1,1,1
3,32,8,0.3171789050102234,0,0,4,3,2,2,2,2,1,1,1,1
3,32,9,0.16326750814914703,0,0,4,3,2,3,2,2,1,1,1,1
3,32,13,0.011940263211727142,0,0,4,3,2,1,2,3,1,1,1,1
3,32,14,0.07978522032499313,0,0,4,3,2,2,2,3,1,1,1,1
3,32,17,0.02524518221616745,0,0,4,3,2,5,2,3,1,1,1,1
3,32,19,0.018557753413915634,0,0,4,3,2,1,2,4,1,1,1,1
3,32,21,0.02026973105967045,0,0,4,3,2,3,2,4,1,1,1,1
3,32,22,0.010922817513346672,0,0,4,3,2,4,2,4,1,1,1,1
3,32,23,0.010879923589527607,0,0,4,3,2,5,2,4,1,1,1,1
3,32,27,0.03724640980362892,0,0,4,3,2,3,2,5,1,1,1,1
3,32,31,0.010134921409189701,0,0,4,4,2,1,2,1,1,1,1,1
3,32,33,0.04379075765609741,0,0,4,4,2,3,2,3,1,1,1,1
3,32,34,0.011598899029195309,0,0,4,4,2,4,2,4,1,1,1,1
3,32,35,0.004336700774729252,0,0,4,4,2,5,2,5,1,1,1,1
3,32,36,0.012334026396274567,0,0,4,5,2,1,2,1,1,2,1,2
3,32,38,0.02238132432103157,0,0,4,5,2,3,2,3,1,2,1,2
3,32,41,0.018847301602363586,0,1,4,6,2,1,2,0,1,0,1,1
3,32,42,0.00727036502212286,0,1,4,6,2,2,2,0,1,0,1,1
3,32,45,0.006156818941235542,0,1,4,6,2,5,2,0,1,0,1,1
3,37,0,0.008291028439998627,0,0,5,1,2,0,2,0,2,2,2,4
3,37,1,0.00029335450381040573,0,0,5,3,2,1,2,1,2,1,2,1
3,37,5,0.0005330338608473539,0,0,5,3,2,5,2,1,2,1,2,1
3,37,6,0.0012792139314115047,0,0,5,3,2,6,2,1,2,1,2,1
3,37,7,2.9216360417194664e-05,0,0,5,3,2,1,2,2,2,1,2,1
3,37,8,3.511367685860023e-05,0,0,5,3,2,2,2,2,2,1,2,1
3,37,9,0.001250465982593596,0,0,5,3,2,3,2,2,2,1,2,1
3,37,13,2.6840514692594297e-05,0,0,5,3,2,1,2,3,2,1,2,1
3,37,14,9.88250903901644e-05,0,0,5,3,2,2,2,3,2,1,2,1
3,37,17,1.2370397598715499e-05,0,0,5,3,2,5,2,3,2,1,2,1
3,37,19,6.880043656565249e-05,0,0,5,3,2,1,2,4,2,1,2,1
3,37,21,0.0003820982528850436,0,0,5,3,2,3,2,4,2,1,2,1
3,37,22,5.448941374197602e-05,0,0,5,3,2,4,2,4,2,1,2,1
3,37,23,0.00015615085430908948,0,0,5,3,2,5,2,4,2,1,2,1
3,37,27,0.005022703669965267,0,0,5,3,2,3,2,5,2,1,2,1
3,37,31,0.016677068546414375,0,0,5,4,2,1,2,1,2,1,2,1
3,37,33,0.03266438469290733,0,0,5,4,2,3,2,3,2,1,2,1
3,37,34,0.003947237506508827,0,0,5,4,2,4,2,4,2,1,2,1
3,37,35,0.0012158530298620462,0,0,5,4,2,5,2,5,2,1,2,1
3,37,36,0.03331676870584488,0,0,5,5,2,1,2,1,2,2,2,2
3,37,38,0.8941444754600525,0,0,5,5,2,3,2,3,2,2,2,2
3,37,41,9.733016486279666e-05,0,1,5,6,2,1,2,0,2,0,2,1
3,37,42,0.0003188354312442243,0,1,5,6,2,2,2,0,2,0,2,1
3,37,45,8.380917279282585e-05,0,1,5,6,2,5,2,0,2,0,2,1
3,39,0,0.007421815302222967,0,0,5,1,4,0,4,0,2,2,2,4
3,39,1,0.0007604022393934429,0,0,5,3,4,1,4,1,2,1,2,1
3,39,5,0.0011640628799796104,0,0,5,3,4,5,4,1,2,1,2,1
3,39,6,0.0013613700866699219,0,0,5,3,4,6,4,1,2,1,2,1
3,39,7,0.00014046997239347547,0,0,5,3,4,1,4,2,2,1,2,1
3,39,8,5.193965262151323e-05,0,0,5,3,4,2,4,2,2,1,2,1
3,39,9,0.0008367117843590677,0,0,5,3,4,3,4,2,2,1,2,1
3,39,13,5.405014235293493e-05,0,0,5,3,4,1,4,3,2,1,2,1
3,39,14,0.0003241667873226106,0,0,5,3,4,2,4,3,2,1,2,1
3,39,17,3.7452637116075493e-06,0,0,5,3,4,5,4,3,2,1,2,1
3,39,19,1.962640817509964e-05,0,0,5,3,4,1,4,4,2,1,2,1
3,39,21,0.0001289360225200653,0,0,5,3,4,3,4,4,2,1,2,1
3,39,22,1.5431665815412998e-05,0,0,5,3,4,4,4,4,2,1,2,1
3,39,23,2.6381803763797507e-05,0,0,5,3,4,5,4,4,2,1,2,1
3,39,27,0.004328184295445681,0,0,5,3,4,3,4,5,2,1,2,1
3,39,31,0.13764959573745728,0,0,5,4,4,1,4,1,2,1,2,1
3,39,33,0.031064210459589958,0,0,5,4,4,3,4,3,2,1,2,1
3,39,34,0.0017236903076991439,0,0,5,4,4,4,4,4,2,1,2,1
3,39,35,0.0006894674152135849,0,0,5,4,4,5,4,5,2,1,2,1
3,39,36,0.06985994428396225,0,0,5,5,4,1,4,1,2,2,2,2
3,39,38,0.7408972978591919,0,0,5,5,4,3,4,3,2,2,2,2
3,39,41,0.0005504682776518166,0,1,5,6,4,1,4,0,2,0,2,1
3,39,42,0.0008177420822903514,0,1,5,6,4,2,4,0,2,0,2,1
3,39,45,0.0001104087132262066,0,1,5,6,4,5,4,0,2,0,2,1
3,40,0,0.01014744769781828,0,0,5,1,5,0,5,0,2,2,2,4
3,40,1,0.007780620828270912,0,0,5,3,5,1,5,1,2,1,2,1
3,40,5,0.008438087068498135,0,0,5,3,5,5,5,1,2,1,2,1
3,40,6,0.0016470435075461864,0,0,5,3,5,6,5,1,2,1,2,1
3,40,7,0.0006984843639656901,0,0,5,3,5,1,5,2,2,1,2,1
3,40,8,2.591042357380502e-05,0,0,5,3,5,2,5,2,2,1,2,1
3,40,9,0.0012106811627745628,0,0,5,3,5,3,5,2,2,1,2,1
3,40,13,0.0002484578581061214,0,0,5,3,5,1,5,3,2,1,2,1
3,40,14,9.048459469340742e-05,0,0,5,3,5,2,5,3,2,1,2,1
3,40,17,1.2091906683053821e-05,0,0,5,3,5,5,5,3,2,1,2,1
3,40,19,0.00028551864670589566,0,0,5,3,5,1,5,4,2,1,2,1
3,40,21,0.00010738852870417759,0,0,5,3,5,3,5,4,2,1,2,1
3,40,22,0.0002553705999162048,0,0,5,3,5,4,5,4,2,1,2,1
3,40,23,0.0001806318323360756,0,0,5,3,5,5,5,4,2,1,2,1
3,40,27,0.00884696003049612,0,0,5,3,5,3,5,5,2,1,2,1
3,40,31,0.8901681303977966,0,0,5,4,5,1,5,1,2,1,2,1
3,40,33,0.00274879508651793,0,0,5,4,5,3,5,3,2,1,2,1
3,40,34,0.005382545758038759,0,0,5,4,5,4,5,4,2,1,2,1
3,40,35,0.014396325685083866,0,0,5,4,5,5,5,5,2,1,2,1
3,40,36,0.029587462544441223,0,0,5,5,5,1,5,1,2,2,2,2
3,40,38,0.009387442842125893,0,0,5,5,5,3,5,3,2,2,2,2
3,40,41,0.006598131265491247,0,1,5,6,5,1,5,0,2,0,2,1
3,40,42,0.0008692208211869001,0,1,5,6,5,2,5,0,2,0,2,1
3,40,45,0.0008875206112861633,0,1,5,6,5,5,5,0,2,0,2,1
3,43,0,0.00018928232020698488,1,0,6,1,3,0,0,0,0,2,1,4
3,43,1,0.023159721866250038,1,0,6,3,3,1,0,1,0,1,1,1
3,43,5,0.009895703755319118,1,0,6,3,3,5,0,1,0,1,1,1
3,43,6,0.022671544924378395,1,0,6,3,3,6,0,1,0,1,1,1
3,43,7,0.11893239617347717,1,0,6,3,3,1,0,2,0,1,1,1
3,43,8,0.21718186140060425,1,0,6,3,3,2,0,2,0,1,1,1
3,43,9,0.07365112006664276,1,0,6,3,3,3,0,2,0,1,1,1
3,43,13,0.043160948902368546,1,0,6,3,3,1,0,3,0,1,1,1
3,43,14,0.1544211059808731,1,0,6,3,3,2,0,3,0,1,1,1
3,43,17,0.28829866647720337,1,0,6,3,3,5,0,3,0,1,1,1
3,43,19,0.012652246281504631,1,0,6,3,3,1,0,4,0,1,1,1
3,43,21,0.004137150943279266,1,0,6,3,3,3,0,4,0,1,1,1
3,43,22,0.006150651723146439,1,0,6,3,3,4,0,4,0,1,1,1
3,43,23,0.0037496762815862894,1,0,6,3,3,5,0,4,0,1,1,1
3,43,27,0.004004031885415316,1,0,6,3,3,3,0,5,0,1,1,1
3,43,31,0.0035361500922590494,1,0,6,4,3,1,0,1,0,1,1,1
3,43,33,0.0068722679279744625,1,0,6,4,3,3,0,3,0,1,1,1
3,43,34,0.00169650511816144,1,0,6,4,3,4,0,4,0,1,1,1
3,43,35,0.002325924579054117,1,0,6,4,3,5,0,5,0,1,1,1
3,43,36,8.453305053990334e-05,1,0,6,5,3,1,0,1,0,2,1,2
3,43,38,5.06510041304864e-05,1,0,6,5,3,3,0,3,0,2,1,2
3,43,41,0.0005590280052274466,1,1,6,6,3,1,0,0,0,0,1,1
3,43,42,0.0009626381215639412,1,1,6,6,3,2,0,0,0,0,1,1
3,43,45,0.00165647454559803,1,1,6,6,3,5,0,0,0,0,1,1
3,44,0,0.00010821759497048333,1,0,6,1,4,0,0,0,0,2,1,4
3,44,1,0.039651211351156235,1,0,6,3,4,1,0,1,0,1,1,1
3,44,5,0.002586869988590479,1,0,6,3,4,5,0,1,0,1,1,1
3,44,6,0.008999306708574295,1,0,6,3,4,6,0,1,0,1,1,1
3,44,7,0.002518418477848172,1,0,6,3,4,1,0,2,0,1,1,1
3,44,8,0.0004806812503375113,1,0,6,3,4,2,0,2,0,1,1,1
3,44,9,0.005777025129646063,1,0,6,3,4,3,0,2,0,1,1,1
3,44,13,0.001190303242765367,1,0,6,3,4,1,0,3,0,1,1,1
3,44,14,0.0007064206292852759,1,0,6,3,4,2,0,3,0,1,1,1
3,44,17,0.00012490917288232595,1,0,6,3,4,5,0,3,0,1,1,1
3,44,19,0.00010611626203171909,1,0,6,3,4,1,0,4,0,1,1,1
3,44,21,0.0003477848367765546,1,0,6,3,4,3,0,4,0,1,1,1
3,44,22,0.0006499977316707373,1,0,6,3,4,4,0,4,0,1,1,1
3,44,23,0.00014177813136484474,1,0,6,3,4,5,0,4,0,1,1,1
3,44,27,0.0009135906002484262,1,0,6,3,4,3,0,5,0,1,1,1
3,44,31,0.002383961109444499,1,0,6,4,4,1,0,1,0,1,1,1
3,44,33,0.009010284207761288,1,0,6,4,4,3,0,3,0,1,1,1
3,44,34,0.00037644352414645255,1,0,6,4,4,4,0,4,0,1,1,1
3,44,35,0.0001614507200429216,1,0,6,4,4,5,0,5,0,1,1,1
3,44,36,0.006783360615372658,1,0,6,5,4,1,0,1,0,2,1,2
3,44,38,0.005344208795577288,1,0,6,5,4,3,0,3,0,2,1,2
3,44,41,0.8361595869064331,1,1,6,6,4,1,0,0,0,0,1,1
3,44,42,0.017050666734576225,1,1,6,6,4,2,0,0,0,0,1,1
3,44,45,0.058427803218364716,1,1,6,6,4,5,0,0,0,0,1,1
3,46,0,0.0023718292359262705,1,0,6,1,6,0,0,0,0,2,1,4
3,46,1,0.15298227965831757,1,0,6,3,6,1,0,1,0,1,1,1
3,46,5,0.05397650972008705,1,0,6,3,6,5,0,1,0,1,1,1
3,46,6,0.048405345529317856,1,0,6,3,6,6,0,1,0,1,1,1
3,46,7,0.19755256175994873,1,0,6,3,6,1,0,2,0,1,1,1
3,46,8,0.023371804505586624,1,0,6,3,6,2,0,2,0,1,1,1
3,46,9,0.06653842329978943,1,0,6,3,6,3,0,2,0,1,1,1
3,46,13,0.062184009701013565,1,0,6,3,6,1,0,3,0,1,1,1
3,46,14,0.031109992414712906,1,0,6,3,6,2,0,3,0,1,1,1
3,46,17,0.029511509463191032,1,0,6,3,6,5,0,3,0,1,1,1
3,46,19,0.009325719438493252,1,0,6,3,6,1,0,4,0,1,1,1
3,46,21,0.005729109514504671,1,0,6,3,6,3,0,4,0,1,1,1
3,46,22,0.014997816644608974,1,0,6,3,6,4,0,4,0,1,1,1
3,46,23,0.003923752345144749,1,0,6,3,6,5,0,4,0,1,1,1
3,46,27,0.027469266206026077,1,0,6,3,6,3,0,5,0,1,1,1
3,46,31,0.14129239320755005,1,0,6,4,6,1,0,1,0,1,1,1
3,46,33,0.027764316648244858,1,0,6,4,6,3,0,3,0,1,1,1
3,46,34,0.012301594950258732,1,0,6,4,6,4,0,4,0,1,1,1
3,46,35,0.01702163554728031,1,0,6,4,6,5,0,5,0,1,1,1
3,46,36,0.003926734905689955,1,0,6,5,6,1,0,1,0,2,1,2
3,46,38,0.003658331697806716,1,0,6,5,6,3,0,3,0,2,1,2
3,46,41,0.04019654542207718,1,1,6,6,6,1,0,0,0,0,1,1
3,46,42,0.00750252790749073,1,1,6,6,6,2,0,0,0,0,1,1
3,46,45,0.016886280849575996,1,1,6,6,6,5,0,0,0,0,1,1
3,47,0,0.0003427947231102735,2,0,7,1,0,0,0,0,0,2,4,4
3,47,1,0.003905978286638856,2,0,7,3,0,1,0,1,0,1,4,1
3,47,5,0.003606985090300441,2,0,7,3,0,5,0,1,0,1,4,1
3,47,6,0.017148233950138092,2,0,7,3,0,6,0,1,0,1,4,1
3,47,7,0.0627266988158226,2,0,7,3,0,1,0,2,0,1,4,1
3,47,8,0.27969563007354736,2,0,7,3,0,2,0,2,0,1,4,1
3,47,9,0.013863948173820972,2,0,7,3,0,3,0,2,0,1,4,1
3,47,13,0.019399113953113556,2,0,7,3,0,1,0,3,0,1,4,1
3,47,14,0.058455005288124084,2,0,7,3,0,2,0,3,0,1,4,1
3,47,17,0.4851236045360565,2,0,7,3,0,5,0,3,0,1,4,1
3,47,19,0.013878262601792812,2,0,7,3,0,1,0,4,0,1,4,1
3,47,21,0.0072638108395040035,2,0,7,3,0,3,0,4,0,1,4,1
3,47,22,0.019651323556900024,2,0,7,3,0,4,0,4,0,1,4,1
3,47,23,0.004184059798717499,2,0,7,3,0,5,0,4,0,1,4,1
3,47,27,0.001452855416573584,2,0,7,3,0,3,0,5,0,1,4,1
3,47,31,0.0006503404583781958,2,0,7,4,0,1,0,1,0,1,4,1
3,47,33,0.0019635746721178293,2,0,7,4,0,3,0,3,0,1,4,1
3,47,34,0.0027130325324833393,2,0,7,4,0,4,0,4,0,1,4,1
3,47,35,0.0007015622686594725,2,0,7,4,0,5,0,5,0,1,4,1
3,47,36,2.921958912338596e-05,2,0,7,5,0,1,0,1,0,2,4,2
3,47,38,3.1448991649085656e-05,2,0,7,5,0,3,0,3,0,2,4,2
3,47,41,0.000254488259088248,2,1,7,6,0,1,0,0,0,0,4,1
3,47,42,0.001612953026778996,2,1,7,6,0,2,0,0,0,0,4,1
3,47,45,0.001345022115856409,2,1,7,6,0,5,0,0,0,0,4,1
4,0,1,0.00748412124812603,0,0,1,3,0,1,0,1,2,1,4,1
4,0,4,0.21060577034950256,0,0,1,3,0,4,0,1,2,1,4,1
4,0,5,0.1532329022884369,0,0,1,3,0,5,0,1,2,1,4,1
4,0,6,0.08767183125019073,0,0,1,3,0,6,0,1,2,1,4,1
4,0,9,0.009272027760744095,0,0,1,3,0,3,0,2,2,1,4,1
4,0,10,0.06495769321918488,0,0,1,3,0,4,0,2,2,1,4,1
4,0,12,0.024479880928993225,0,0,1,3,0,6,0,2,2,1,4,1
4,0,15,0.006372584030032158,0,0,1,3,0,3,0,3,2,1,4,1
4,0,18,0.07100279629230499,0,0,1,3,0,6,0,3,2,1,4,1
4,0,21,0.003503017593175173,0,0,1,3,0,3,0,4,2,1,4,1
4,0,23,0.015223712660372257,0,0,1,3,0,5,0,4,2,1,4,1
4,0,24,0.04341347515583038,0,0,1,3,0,6,0,4,2,1,4,1
4,0,25,0.001908523729071021,0,0,1,3,0,1,0,5,2,1,4,1
4,0,28,0.2163337916135788,0,0,1,3,0,4,0,5,2,1,4,1
4,0,30,0.026528146117925644,0,0,1,3,0,6,0,5,2,1,4,1
4,0,31,0.007073706015944481,0,0,1,4,0,1,0,1,2,1,4,1
4,0,34,0.012570864520967007,0,0,1,4,0,4,0,4,2,1,4,1
4,0,35,0.00807308591902256,0,0,1,4,0,5,0,5,2,1,4,1
4,0,36,0.00026912582688964903,0,0,1,5,0,1,0,1,2,2,4,2
4,0,40,0.0009197801118716598,0,0,1,5,0,5,0,5,2,2,4,2
4,0,42,0.0035109566524624825,0,1,1,6,0,2,0,0,2,0,4,1
4,0,43,0.0030535832047462463,0,1,1,6,0,3,0,0,2,0,4,1
4,0,46,0.020335737615823746,0,1,1,6,0,6,0,0,2,0,4,1
4,0,47,0.0022030561231076717,0,2,1,7,0,0,0,0,2,0,4,4
4,2,1,0.21846385300159454,0,0,3,3,2,1,1,1,1,1,1,1
4,2,4,0.0008716752636246383,0,0,3,3,2,4,1,1,1,1,1,1
4,2,5,0.0021398894023150206,0,0,3,3,2,5,1,1,1,1,1,1
4,2,6,0.00892441812902689,0,0,3,3,2,6,1,1,1,1,1,1
4,2,9,0.0009397726971656084,0,0,3,3,2,3,1,2,1,1,1,1
4,2,10,0.0007153903716243804,0,0,3,3,2,4,1,2,1,1,1,1
4,2,12,0.0017973680514842272,0,0,3,3,2,6,1,2,1,1,1,1
4,2,15,0.0019899995531886816,0,0,3,3,2,3,1,3,1,1,1,1
4,2,18,0.0029371094424277544,0,0,3,3,2,6,1,3,1,1,1,1
4,2,21,0.003286594757810235,0,0,3,3,2,3,1,4,1,1,1,1
4,2,23,0.00816359557211399,0,0,3,3,2,5,1,4,1,1,1,1
4,2,24,0.004801630508154631,0,0,3,3,2,6,1,4,1,1,1,1
4,2,25,0.00518118217587471,0,0,3,3,2,1,1,5,1,1,1,1
4,2,28,0.00031750727794133127,0,0,3,3,2,4,1,5,1,1,1,1
4,2,30,0.0002937505778390914,0,0,3,3,2,6,1,5,1,1,1,1
4,2,31,0.720466136932373,0,0,3,4,2,1,1,1,1,1,1,1
4,2,34,0.002754686865955591,0,0,3,4,2,4,1,4,1,1,1,1
4,2,35,0.0016957753105089068,0,0,3,4,2,5,1,5,1,1,1,1
4,2,36,0.012718689627945423,0,0,3,5,2,1,1,1,1,2,1,2
4,2,40,0.0004478047485463321,0,0,3,5,2,5,1,5,1,2,1,2
4,2,42,0.0002322730142623186,0,1,3,6,2,2,1,0,1,0,1,1
4,2,43,0.0002952702052425593,0,1,3,6,2,3,1,0,1,0,1,1
4,2,46,0.0005065844743512571,0,1,3,6,2,6,1,0,1,0,1,1
4,2,47,5.885067366762087e-05,0,2,3,7,2,0,1,0,1,0,1,4
4,3,1,0.06214306503534317,0,0,3,3,3,1,1,1,1,1,1,1
4,3,4,0.00043542697676457465,0,0,3,3,3,4,1,1,1,1,1,1
4,3,5,0.001630869461223483,0,0,3,3,3,5,1,1,1,1,1,1
4,3,6,0.004192659165710211,0,0,3,3,3,6,1,1,1,1,1,1
4,3,9,0.0004310857621021569,0,0,3,3,3,3,1,2,1,1,1,1
4,3,10,0.0004666073655243963,0,0,3,3,3,4,1,2,1,1,1,1
4,3,12,0.0009673943859525025,0,0,3,3,3,6,1,2,1,1,1,1
4,3,15,0.003172052325680852,0,0,3,3,3,3,1,3,1,1,1,1
4,3,18,0.0036496231332421303,0,0,3,3,3,6,1,3,1,1,1,1
4,3,21,0.0028935365844517946,0,0,3,3,3,3,1,4,1,1,1,1
4,3,23,0.016825145110487938,0,0,3,3,3,5,1,4,1,1,1,1
4,3,24,0.002174421213567257,0,0,3,3,3,6,1,4,1,1,1,1
4,3,25,0.00778266740962863,0,0,3,3,3,1,1,5,1,1,1,1
4,3,28,9.933116234606132e-05,0,0,3,3,3,4,1,5,1,1,1,1
4,3,30,0.000541934568900615,0,0,3,3,3,6,1,5,1,1,1,1
4,3,31,0.8284579515457153,0,0,3,4,3,1,1,1,1,1,1,1
4,3,34,0.00041644921293482184,0,0,3,4,3,4,1,4,1,1,1,1
4,3,35,0.002097443677484989,0,0,3,4,3,5,1,5,1,1,1,1
4,3,36,0.008337088860571384,0,0,3,5,3,1,1,1,1,2,1,2
4,3,40,0.002380825811997056,0,0,3,5,3,5,1,5,1,2,1,2
4,3,42,0.0020308676175773144,0,1,3,6,3,2,1,0,1,0,1,1
4,3,43,0.002940475707873702,0,1,3,6,3,3,1,0,1,0,1,1
4,3,46,0.0005892817280255258,0,1,3,6,3,6,1,0,1,0,1,1
4,3,47,0.045343853533267975,0,2,3,7,3,0,1,0,1,0,1,4
4,7,1,0.33214929699897766,0,0,3,3,1,1,2,1,1,1,1,1
4,7,4,0.0035431766882538795,0,0,3,3,1,4,2,1,1,1,1,1
4,7,5,0.01063460297882557,0,0,3,3,1,5,2,1,1,1,1,1
4,7,6,0.022214317694306374,0,0,3,3,1,6,2,1,1,1,1,1
4,7,9,0.00803455337882042,0,0,3,3,1,3,2,2,1,1,1,1
4,7,10,0.00714047159999609,0,0,3,3,1,4,2,2,1,1,1,1
4,7,12,0.014432121068239212,0,0,3,3,1,6,2,2,1,1,1,1
4,7,15,0.02913871593773365,0,0,3,3,1,3,2,3,1,1,1,1
4,7,18,0.027342837303876877,0,0,3,3,1,6,2,3,1,1,1,1
4,7,21,0.03215658664703369,0,0,3,3,1,3,2,4,1,1,1,1
4,7,23,0.058893971145153046,0,0,3,3,1,5,2,4,1,1,1,1
4,7,24,0.018349027261137962,0,0,3,3,1,6,2,4,1,1,1,1
4,7,25,0.046745721250772476,0,0,3,3,1,1,2,5,1,1,1,1
4,7,28,0.0008913808851502836,0,0,3,3,1,4,2,5,1,1,1,1
4,7,30,0.006930995732545853,0,0,3,3,1,6,2,5,1,1,1,1
4,7,31,0.3258909583091736,0,0,3,4,1,1,2,1,1,1,1,1
4,7,34,0.0021398894023150206,0,0,3,4,1,4,2,4,1,1,1,1
4,7,35,0.01142889354377985,0,0,3,4,1,5,2,5,1,1,1,1
4,7,36,0.020065100863575935,0,0,3,5,1,1,2,1,1,2,1,2
4,7,40,0.00941898487508297,0,0,3,5,1,5,2,5,1,2,1,2
4,7,42,0.0024531574454158545,0,1,3,6,1,2,2,0,1,0,1,1
4,7,43,0.0042822593823075294,0,1,3,6,1,3,2,0,1,0,1,1
4,7,46,0.001244818326085806,0,1,3,6,1,6,2,0,1,0,1,1
4,7,47,0.004477893467992544,0,2,3,7,1,0,2,0,1,0,1,4
4,8,1,0.05110008642077446,0,0,3,3,2,1,2,1,1,1,1,1
4,8,4,6.0927322920178995e-05,0,0,3,3,2,4,2,1,1,1,1,1
4,8,5,0.0007519334321841598,0,0,3,3,2,5,2,1,1,1,1,1
4,8,6,0.00438555795699358,0,0,3,3,2,6,2,1,1,1,1,1
4,8,9,0.00023156289535108954,0,0,3,3,2,3,2,2,1,1,1,1
4,8,10,0.00010491687862668186,0,0,3,3,2,4,2,2,1,1,1,1
4,8,12,0.0006896788254380226,0,0,3,3,2,6,2,2,1,1,1,1
4,8,15,0.00022738054394721985,0,0,3,3,2,3,2,3,1,1,1,1
4,8,18,0.0013781306333839893,0,0,3,3,2,6,2,3,1,1,1,1
4,8,21,0.000630485825240612,0,0,3,3,2,3,2,4,1,1,1,1
4,8,23,0.008100410923361778,0,0,3,3,2,5,2,4,1,1,1,1
4,8,24,0.0027477953117340803,0,0,3,3,2,6,2,4,1,1,1,1
4,8,25,0.005458943545818329,0,0,3,3,2,1,2,5,1,1,1,1
4,8,28,5.598949792329222e-05,0,0,3,3,2,4,2,5,1,1,1,1
4,8,30,0.00020532935741357505,0,0,3,3,2,6,2,5,1,1,1,1
4,8,31,0.9195769429206848,0,0,3,4,2,1,2,1,1,1,1,1
4,8,34,0.00010719429701566696,0,0,3,4,2,4,2,4,1,1,1,1
4,8,35,0.002216353779658675,0,0,3,4,2,5,2,5,1,1,1,1
4,8,36,0.00030692489235661924,0,0,3,5,2,1,2,1,1,2,1,2
4,8,40,5.410391531768255e-05,0,0,3,5,2,5,2,5,1,2,1,2
4,8,42,0.00012390344636514783,0,1,3,6,2,2,2,0,1,0,1,1
4,8,43,0.00033427070593461394,0,1,3,6,2,3,2,0,1,0,1,1
4,8,46,0.0005214396514929831,0,1,3,6,2,6,2,0,1,0,1,1
4,8,47,0.0006295099738053977,0,2,3,7,2,0,2,0,1,0,1,4
4,11,1,0.4148392379283905,0,0,3,3,5,1,2,1,1,1,1,1
4,11,4,0.0041175950318574905,0,0,3,3,5,4,2,1,1,1,1,1
4,11,5,0.014446014538407326,0,0,3,3,5,5,2,1,1,1,1,1
4,11,6,0.08261524885892868,0,0,3,3,5,6,2,1,1,1,1,1
4,11,9,0.003255851101130247,0,0,3,3,5,3,2,2,1,1,1,1
4,11,10,0.0040480149909853935,0,0,3,3,5,4,2,2,1,1,1,1
4,11,12,0.012706208042800426,0,0,3,3,5,6,2,2,1,1,1,1
4,11,15,0.005262591876089573,0,0,3,3,5,3,2,3,1,1,1,1
4,11,18,0.08538840711116791,0,0,3,3,5,6,2,3,1,1,1,1
4,11,21,0.0076402961276471615,0,0,3,3,5,3,2,4,1,1,1,1
4,11,23,0.04322086647152901,0,0,3,3,5,5,2,4,1,1,1,1
4,11,24,0.008489148691296577,0,0,3,3,5,6,2,4,1,1,1,1
4,11,25,0.0028885987121611834,0,0,3,3,5,1,2,5,1,1,1,1
4,11,28,0.0002463159034959972,0,0,3,3,5,4,2,5,1,1,1,1
4,11,30,0.001320229028351605,0,0,3,3,5,6,2,5,1,1,1,1
4,11,31,0.30241796374320984,0,0,3,4,5,1,2,1,1,1,1,1
4,11,34,0.0006394728552550077,0,0,3,4,5,4,2,4,1,1,1,1
4,11,35,0.00032448768615722656,0,0,3,4,5,5,2,5,1,1,1,1
4,11,36,0.00038766194484196603,0,0,3,5,5,1,2,1,1,2,1,2
4,11,40,0.00023928530572447926,0,0,3,5,5,5,2,5,1,2,1,2
4,11,42,0.0005678230081684887,0,1,3,6,5,2,2,0,1,0,1,1
4,11,43,0.0019198148511350155,0,1,3,6,5,3,2,0,1,0,1,1
4,11,46,0.00035066602868027985,0,1,3,6,5,6,2,0,1,0,1,1
4,11,47,0.0026681001763790846,0,2,3,7,5,0,2,0,1,0,1,4
4,13,1,0.01049327664077282,0,0,3,3,1,1,3,1,1,1,1,1
4,13,4,9.760452667251229e-05,0,0,3,3,1,4,3,1,1,1,1,1
4,13,5,8.37832922115922e-05,0,0,3,3,1,5,3,1,1,1,1,1
4,13,6,0.00025384759646840394,0,0,3,3,1,6,3,1,1,1,1,1
4,13,9,2.266053888888564e-05,0,0,3,3,1,3,3,2,1,1,1,1
4,13,10,7.707488111918792e-05,0,0,3,3,1,4,3,2,1,1,1,1
4,13,12,7.393371924990788e-05,0,0,3,3,1,6,3,2,1,1,1,1
4,13,15,0.00033511038054712117,0,0,3,3,1,3,3,3,1,1,1,1
4,13,18,0.00024080544244498014,0,0,3,3,1,6,3,3,1,1,1,1
4,13,21,6.929702067282051e-05,0,0,3,3,1,3,3,4,1,1,1,1
4,13,23,7.523618842242286e-05,0,0,3,3,1,5,3,4,1,1,1,1
4,13,24,7.01706885593012e-05,0,0,3,3,1,6,3,4,1,1,1,1
4,13,25,0.0019460066687315702,0,0,3,3,1,1,3,5,1,1,1,1
4,13,28,3.0710623832419515e-05,0,0,3,3,1,4,3,5,1,1,1,1
4,13,30,0.00010397337609902024,0,0,3,3,1,6,3,5,1,1,1,1
4,13,31,0.04671437293291092,0,0,3,4,1,1,3,1,1,1,1,1
4,13,34,0.00023739832977298647,0,0,3,4,1,4,3,4,1,1,1,1
4,13,35,0.000434946792665869,0,0,3,4,1,5,3,5,1,1,1,1
4,13,36,0.9296602606773376,0,0,3,5,1,1,3,1,1,2,1,2
4,13,40,0.008892805315554142,0,0,3,5,1,5,3,5,1,2,1,2
4,13,42,2.742921788012609e-05,0,1,3,6,1,2,3,0,1,0,1,1
4,13,43,6.435402156057535e-06,0,1,3,6,1,3,3,0,1,0,1,1
4,13,46,3.0977702408563346e-05,0,1,3,6,1,6,3,0,1,0,1,1
4,13,47,2.17373926716391e-05,0,2,3,7,1,0,3,0,1,0,1,4
4,14,1,0.18838420510292053,0,0,3,3,2,1,3,1,1,1,1,1
4,14,4,0.003035960951820016,0,0,3,3,2,4,3,1,1,1,1,1
4,14,5,0.005197935272008181,0,0,3,3,2,5,3,1,1,1,1,1
4,14,6,0.034820664674043655,0,0,3,3,2,6,3,1,1,1,1,1
4,14,9,0.004217100795358419,0,0,3,3,2,3,3,2,1,1,1,1
4,14,10,0.007332995068281889,0,0,3,3,2,4,3,2,1,1,1,1
4,14,12,0.015702007338404655,0,0,3,3,2,6,3,2,1,1,1,1
4,14,15,0.0016909674741327763,0,0,3,3,2,3,3,3,1,1,1,1
4,14,18,0.005972137674689293,0,0,3,3,2,6,3,3,1,1,1,1
4,14,21,0.0020291467662900686,0,0,3,3,2,3,3,4,1,1,1,1
4,14,23,0.002254182705655694,0,0,3,3,2,5,3,4,1,1,1,1
4,14,24,0.005765988491475582,0,0,3,3,2,6,3,4,1,1,1,1
4,14,25,0.010738018900156021,0,0,3,3,2,1,3,5,1,1,1,1
4,14,28,0.0022644703276455402,0,0,3,3,2,4,3,5,1,1,1,1
4,14,30,0.0013725890312343836,0,0,3,3,2,6,3,5,1,1,1,1
4,14,31,0.6154327988624573,0,0,3,4,2,1,3,1,1,1,1,1
4,14,34,0.005526424385607243,0,0,3,4,2,4,3,4,1,1,1,1
4,14,35,0.007780551910400391,0,0,3,4,2,5,3,5,1,1,1,1
4,14,36,0.07582537084817886,0,0,3,5,2,1,3,1,1,2,1,2
4,14,40,0.0018825241131708026,0,0,3,5,2,5,3,5,1,2,1,2
4,14,42,0.0003493688127491623,0,1,3,6,2,2,3,0,1,0,1,1
4,14,43,0.000247625372139737,0,1,3,6,2,3,3,0,1,0,1,1
4,14,46,0.0021096179261803627,0,1,3,6,2,6,3,0,1,0,1,1
4,14,47,6.751401087967679e-05,0,2,3,7,2,0,3,0,1,0,1,4
4,16,1,0.017506230622529984,0,0,3,3,4,1,3,1,1,1,1,1
4,16,4,0.00028227176517248154,0,0,3,3,4,4,3,1,1,1,1,1
4,16,5,0.0002054929791484028,0,0,3,3,4,5,3,1,1,1,1,1
4,16,6,0.0005384464166127145,0,0,3,3,4,6,3,1,1,1,1,1
4,16,9,3.2460247894050553e-05,0,0,3,3,4,3,3,2,1,1,1,1
4,16,10,0.0001413337595295161,0,0,3,3,4,4,3,2,1,1,1,1
4,16,12,0.0002759519557002932,0,0,3,3,4,6,3,2,1,1,1,1
4,16,15,0.0006616011960431933,0,0,3,3,4,3,3,3,1,1,1,1
4,16,18,0.00030563134350813925,0,0,3,3,4,6,3,3,1,1,1,1
4,16,21,0.000185646305908449,0,0,3,3,4,3,3,4,1,1,1,1
4,16,23,0.0007184462738223374,0,0,3,3,4,5,3,4,1,1,1,1
4,16,24,0.0007559253717772663,0,0,3,3,4,6,3,4,1,1,1,1
4,16,25,0.006517395377159119,0,0,3,3,4,1,3,5,1,1,1,1
4,16,28,0.00032791111152619123,0,0,3,3,4,4,3,5,1,1,1,1
4,16,30,0.0006919613806530833,0,0,3,3,4,6,3,5,1,1,1,1
4,16,31,0.19603173434734344,0,0,3,4,4,1,3,1,1,1,1,1
4,16,34,0.002568786730989814,0,0,3,4,4,4,3,4,1,1,1,1
4,16,35,0.008860763162374496,0,0,3,4,4,5,3,5,1,1,1,1
4,16,36,0.7323718070983887,0,0,3,5,4,1,3,1,1,2,1,2
4,16,40,0.03063845820724964,0,0,3,5,4,5,3,5,1,2,1,2
4,16,42,7.201339758466929e-05,0,1,3,6,4,2,3,0,1,0,1,1
4,16,43,1.533286558697e-05,0,1,3,6,4,3,3,0,1,0,1,1
4,16,46,9.470708027947694e-05,0,1,3,6,4,6,3,0,1,0,1,1
4,16,47,0.00019991213048342615,0,2,3,7,4,0,3,0,1,0,1,4
4,17,1,0.08711021393537521,0,0,3,3,5,1,3,1,1,1,1,1
4,17,4,0.0014688228257000446,0,0,3,3,5,4,3,1,1,1,1,1
4,17,5,0.004595800768584013,0,0,3,3,5,5,3,1,1,1,1,1
4,17,6,0.006643455475568771,0,0,3,3,5,6,3,1,1,1,1,1
4,17,9,0.00023257652355823666,0,0,3,3,5,3,3,2,1,1,1,1
4,17,10,0.000550004537217319,0,0,3,3,5,4,3,2,1,1,1,1
4,17,12,0.0008378158672712743,0,0,3,3,5,6,3,2,1,1,1,1
4,17,15,0.0030525531619787216,0,0,3,3,5,3,3,3,1,1,1,1
4,17,18,0.005974328611046076,0,0,3,3,5,6,3,3,1,1,1,1
4,17,21,0.0013290110509842634,0,0,3,3,5,3,3,4,1,1,1,1
4,17,23,0.006363211199641228,0,0,3,3,5,5,3,4,1,1,1,1
4,17,24,0.0012623438378795981,0,0,3,3,5,6,3,4,1,1,1,1
4,17,25,0.003524999599903822,0,0,3,3,5,1,3,5,1,1,1,1
4,17,28,0.00022128529963083565,0,0,3,3,5,4,3,5,1,1,1,1
4,17,30,0.0007345908088609576,0,0,3,3,5,6,3,5,1,1,1,1
4,17,31,0.6739647388458252,0,0,3,4,5,1,3,1,1,1,1,1
4,17,34,0.0011595377000048757,0,0,3,4,5,4,3,4,1,1,1,1
4,17,35,0.0013373290421441197,0,0,3,4,5,5,3,5,1,1,1,1
4,17,36,0.16408219933509827,0,0,3,5,5,1,3,1,1,2,1,2
4,17,40,0.02055274322628975,0,0,3,5,5,5,3,5,1,2,1,2
4,17,42,0.0018170508556067944,0,1,3,6,5,2,3,0,1,0,1,1
4,17,43,0.0005609734798781574,0,1,3,6,5,3,3,0,1,0,1,1
4,17,46,0.00042135309195145965,0,1,3,6,5,6,3,0,1,0,1,1
4,17,47,0.012203117832541466,0,2,3,7,5,0,3,0,1,0,1,4
4,19,1,0.19888834655284882,0,0,3,3,1,1,4,1,1,1,1,1
4,19,4,0.0071039157919585705,0,0,3,3,1,4,4,1,1,1,1,1
4,19,5,0.0016511897556483746,0,0,3,3,1,5,4,1,1,1,1,1
4,19,6,0.02393202669918537,0,0,3,3,1,6,4,1,1,1,1,1
4,19,9,0.007951143197715282,0,0,3,3,1,3,4,2,1,1,1,1
4,19,10,0.02853526920080185,0,0,3,3,1,4,4,2,1,1,1,1
4,19,12,0.018258728086948395,0,0,3,3,1,6,4,2,1,1,1,1
4,19,15,0.01588146574795246,0,0,3,3,1,3,4,3,1,1,1,1
4,19,18,0.021578844636678696,0,0,3,3,1,6,4,3,1,1,1,1
4,19,21,0.014040671288967133,0,0,3,3,1,3,4,4,1,1,1,1
4,19,23,0.006828082725405693,0,0,3,3,1,5,4,4,1,1,1,1
4,19,24,0.019955480471253395,0,0,3,3,1,6,4,4,1,1,1,1
4,19,25,0.032534193247556686,0,0,3,3,1,1,4,5,1,1,1,1
4,19,28,0.0027756437193602324,0,0,3,3,1,4,4,5,1,1,1,1
4,19,30,0.005341948475688696,0,0,3,3,1,6,4,5,1,1,1,1
4,19,31,0.11259712278842926,0,0,3,4,1,1,4,1,1,1,1,1
4,19,34,0.034361228346824646,0,0,3,4,1,4,4,4,1,1,1,1
4,19,35,0.007683845236897469,0,0,3,4,1,5,4,5,1,1,1,1
4,19,36,0.4262790083885193,0,0,3,5,1,1,4,1,1,2,1,2
4,19,40,0.012866186909377575,0,0,3,5,1,5,4,5,1,2,1,2
4,19,42,0.00012085650087101385,0,1,3,6,1,2,4,0,1,0,1,1
4,19,43,0.00040561368223279715,0,1,3,6,1,3,4,0,1,0,1,1
4,19,46,0.00031787616899237037,0,1,3,6,1,6,4,0,1,0,1,1
4,19,47,0.00011148305202368647,0,2,3,7,1,0,4,0,1,0,1,4
4,20,1,0.1911090761423111,0,0,3,3,2,1,4,1,1,1,1,1
4,20,4,0.007613764610141516,0,0,3,3,2,4,4,1,1,1,1,1
4,20,5,0.005859737284481525,0,0,3,3,2,5,4,1,1,1,1,1
4,20,6,0.04417840391397476,0,0,3,3,2,6,4,1,1,1,1,1
4,20,9,0.0034280482213944197,0,0,3,3,2,3,4,2,1,1,1,1
4,20,10,0.014388371258974075,0,0,3,3,2,4,4,2,1,1,1,1
4,20,12,0.006099398713558912,0,0,3,3,2,6,4,2,1,1,1,1
4,20,15,0.0025612416211515665,0,0,3,3,2,3,4,3,1,1,1,1
4,20,18,0.009319587610661983,0,0,3,3,2,6,4,3,1,1,1,1
4,20,21,0.0029215561226010323,0,0,3,3,2,3,4,4,1,1,1,1
4,20,23,0.002773852553218603,0,0,3,3,2,5,4,4,1,1,1,1
4,20,24,0.007418103516101837,0,0,3,3,2,6,4,4,1,1,1,1
4,20,25,0.005039907060563564,0,0,3,3,2,1,4,5,1,1,1,1
4,20,28,0.0021199400071054697,0,0,3,3,2,4,4,5,1,1,1,1
4,20,30,0.0007072965381667018,0,0,3,3,2,6,4,5,1,1,1,1
4,20,31,0.6044301986694336,0,0,3,4,2,1,4,1,1,1,1,1
4,20,34,0.013218055479228497,0,0,3,4,2,4,4,4,1,1,1,1
4,20,35,0.0017144577577710152,0,0,3,4,2,5,4,5,1,1,1,1
4,20,36,0.07275017350912094,0,0,3,5,2,1,4,1,1,2,1,2
4,20,40,0.0008631642558611929,0,0,3,5,2,5,4,5,1,2,1,2
4,20,42,0.00019305806199554354,0,1,3,6,2,2,4,0,1,0,1,1
4,20,43,0.0003737375664059073,0,1,3,6,2,3,4,0,1,0,1,1
4,20,46,0.0008136813994497061,0,1,3,6,2,6,4,0,1,0,1,1
4,20,47,0.0001049713755492121,0,2,3,7,2,0,4,0,1,0,1,4
4,22,1,0.012127537280321121,0,0,3,3,4,1,4,1,1,1,1,1
4,22,4,0.00032755424035713077,0,0,3,3,4,4,4,1,1,1,1,1
4,22,5,0.00019686215091496706,0,0,3,3,4,5,4,1,1,1,1,1
4,22,6,0.0007231308263726532,0,0,3,3,4,6,4,1,1,1,1,1
4,22,9,8.383960084756836e-05,0,0,3,3,4,3,4,2,1,1,1,1
4,22,10,0.00038136536022648215,0,0,3,3,4,4,4,2,1,1,1,1
4,22,12,0.00011721651389962062,0,0,3,3,4,6,4,2,1,1,1,1
4,22,15,0.001243400969542563,0,0,3,3,4,3,4,3,1,1,1,1
4,22,18,0.00044219932169653475,0,0,3,3,4,6,4,3,1,1,1,1
4,22,21,0.0005395605694502592,0,0,3,3,4,3,4,4,1,1,1,1
4,22,23,0.0006391351344063878,0,0,3,3,4,5,4,4,1,1,1,1
4,22,24,0.00039939809357747436,0,0,3,3,4,6,4,4,1,1,1,1
4,22,25,0.0016317651607096195,0,0,3,3,4,1,4,5,1,1,1,1
4,22,28,5.973771840217523e-05,0,0,3,3,4,4,4,5,1,1,1,1
4,22,30,7.524481770815328e-05,0,0,3,3,4,6,4,5,1,1,1,1
4,22,31,0.3241669833660126,0,0,3,4,4,1,4,1,1,1,1,1
4,22,34,0.0018528588116168976,0,0,3,4,4,4,4,4,1,1,1,1
4,22,35,0.0006462142919190228,0,0,3,4,4,5,4,5,1,1,1,1
4,22,36,0.644768238067627,0,0,3,5,4,1,4,1,1,2,1,2
4,22,40,0.007692838553339243,0,0,3,5,4,5,4,5,1,2,1,2
4,22,42,0.00021529101650230587,0,1,3,6,4,2,4,0,1,0,1,1
4,22,43,0.00021303359244484454,0,1,3,6,4,3,4,0,1,0,1,1
4,22,46,0.00010613720951369032,0,1,3,6,4,6,4,0,1,0,1,1
4,22,47,0.001350595848634839,0,2,3,7,4,0,4,0,1,0,1,4
4,26,1,0.3955353796482086,0,0,3,3,2,1,5,1,1,1,1,1
4,26,4,0.010715197771787643,0,0,3,3,2,4,5,1,1,1,1,1
4,26,5,0.013786503113806248,0,0,3,3,2,5,5,1,1,1,1,1
4,26,6,0.09701371192932129,0,0,3,3,2,6,5,1,1,1,1,1
4,26,9,0.004080840386450291,0,0,3,3,2,3,5,2,1,1,1,1
4,26,10,0.012578067369759083,0,0,3,3,2,4,5,2,1,1,1,1
4,26,12,0.029512057080864906,0,0,3,3,2,6,5,2,1,1,1,1
4,26,15,0.0033448513131588697,0,0,3,3,2,3,5,3,1,1,1,1
4,26,18,0.039278313517570496,0,0,3,3,2,6,5,3,1,1,1,1
4,26,21,0.0029712370596826077,0,0,3,3,2,3,5,4,1,1,1,1
4,26,23,0.012035951018333435,0,0,3,3,2,5,5,4,1,1,1,1
4,26,24,0.026674313470721245,0,0,3,3,2,6,5,4,1,1,1,1
4,26,25,0.017708670347929,0,0,3,3,2,1,5,5,1,1,1,1
4,26,28,0.005088929086923599,0,0,3,3,2,4,5,5,1,1,1,1
4,26,30,0.008247834630310535,0,0,3,3,2,6,5,5,1,1,1,1
4,26,31,0.3000701665878296,0,0,3,4,2,1,5,1,1,1,1,1
4,26,34,0.004629550501704216,0,0,3,4,2,4,5,4,1,1,1,1
4,26,35,0.007749449927359819,0,0,3,4,2,5,5,5,1,1,1,1
4,26,36,0.007196113001555204,0,0,3,5,2,1,5,1,1,2,1,2
4,26,40,0.0010024774819612503,0,0,3,5,2,5,5,5,1,2,1,2
4,26,42,5.101397982798517e-05,0,1,3,6,2,2,5,0,1,0,1,1
4,26,43,0.0001140601743827574,0,1,3,6,2,3,5,0,1,0,1,1
4,26,46,0.0005710217519663274,0,1,3,6,2,6,5,0,1,0,1,1
4,26,47,4.432973946677521e-05,0,2,3,7,2,0,5,0,1,0,1,4
4,27,1,0.07214340567588806,0,0,3,3,3,1,5,1,1,1,1,1
4,27,4,0.0021123113110661507,0,0,3,3,3,4,5,1,1,1,1,1
4,27,5,0.0033996948041021824,0,0,3,3,3,5,5,1,1,1,1,1
4,27,6,0.027040110900998116,0,0,3,3,3,6,5,1,1,1,1,1
4,27,9,0.0013076026225462556,0,0,3,3,3,3,5,2,1,1,1,1
4,27,10,0.00314051634632051,0,0,3,3,3,4,5,2,1,1,1,1
4,27,12,0.006340835243463516,0,0,3,3,3,6,5,2,1,1,1,1
4,27,15,0.003117023501545191,0,0,3,3,3,3,5,3,1,1,1,1
4,27,18,0.022417018190026283,0,0,3,3,3,6,5,3,1,1,1,1
4,27,21,0.002001578453928232,0,0,3,3,3,3,5,4,1,1,1,1
4,27,23,0.01696014404296875,0,0,3,3,3,5,5,4,1,1,1,1
4,27,24,0.008648165501654148,0,0,3,3,3,6,5,4,1,1,1,1
4,27,25,0.021412182599306107,0,0,3,3,3,1,5,5,1,1,1,1
4,27,28,0.0005129824276082218,0,0,3,3,3,4,5,5,1,1,1,1
4,27,30,0.005243666935712099,0,0,3,3,3,6,5,5,1,1,1,1
4,27,31,0.747306227684021,0,0,3,4,3,1,5,1,1,1,1,1
4,27,34,0.0014065365539863706,0,0,3,4,3,4,5,4,1,1,1,1
4,27,35,0.006293202750384808,0,0,3,4,3,5,5,5,1,1,1,1
4,27,36,0.013620435260236263,0,0,3,5,3,1,5,1,1,2,1,2
4,27,40,0.004603732842952013,0,0,3,5,3,5,5,5,1,2,1,2
4,27,42,0.0003011596272699535,0,1,3,6,3,2,5,0,1,0,1,1
4,27,43,0.0019407083746045828,0,1,3,6,3,3,5,0,1,0,1,1
4,27,46,0.0009571352857165039,0,1,3,6,3,6,5,0,1,0,1,1
4,27,47,0.027773771435022354,0,2,3,7,3,0,5,0,1,0,1,4
4,29,1,0.26458030939102173,0,0,3,3,5,1,5,1,1,1,1,1
4,29,4,0.019132504239678383,0,0,3,3,5,4,5,1,1,1,1,1
4,29,5,0.03048538789153099,0,0,3,3,5,5,5,1,1,1,1,1
4,29,6,0.08299551159143448,0,0,3,3,5,6,5,1,1,1,1,1
4,29,9,0.0020045724231749773,0,0,3,3,5,3,5,2,1,1,1,1
4,29,10,0.008602811954915524,0,0,3,3,5,4,5,2,1,1,1,1
4,29,12,0.00862868782132864,0,0,3,3,5,6,5,2,1,1,1,1
4,29,15,0.009736823849380016,0,0,3,3,5,3,5,3,1,1,1,1
4,29,18,0.11007854342460632,0,0,3,3,5,6,5,3,1,1,1,1
4,29,21,0.006533059291541576,0,0,3,3,5,3,5,4,1,1,1,1
4,29,23,0.040192507207393646,0,0,3,3,5,5,5,4,1,1,1,1
4,29,24,0.020304933190345764,0,0,3,3,5,6,5,4,1,1,1,1
4,29,25,0.00546130770817399,0,0,3,3,5,1,5,5,1,1,1,1
4,29,28,0.002511054277420044,0,0,3,3,5,4,5,5,1,1,1,1
4,29,30,0.007420585490763187,0,0,3,3,5,6,5,5,1,1,1,1
4,29,31,0.33649706840515137,0,0,3,4,5,1,5,1,1,1,1,1
4,29,34,0.013238045386970043,0,0,3,4,5,4,5,4,1,1,1,1
4,29,35,0.0020068183075636625,0,0,3,4,5,5,5,5,1,1,1,1
4,29,36,0.016111522912979126,0,0,3,5,5,1,5,1,1,2,1,2
4,29,40,0.0054086558520793915,0,0,3,5,5,5,5,5,1,2,1,2
4,29,42,0.0010848448146134615,0,1,3,6,5,2,5,0,1,0,1,1
4,29,43,0.0015175368171185255,0,1,3,6,5,3,5,0,1,0,1,1
4,29,46,0.0009998779278248549,0,1,3,6,5,6,5,0,1,0,1,1
4,29,47,0.004467134363949299,0,2,3,7,5,0,5,0,1,0,1,4
4,32,1,0.4508562386035919,0,0,4,3,2,1,2,1,1,1,1,1
4,32,4,0.005602685268968344,0,0,4,3,2,4,2,1,1,1,1,1
4,32,5,0.016134796664118767,0,0,4,3,2,5,2,1,1,1,1,1
4,32,6,0.10520002245903015,0,0,4,3,2,6,2,1,1,1,1,1
4,32,9,0.020625263452529907,0,0,4,3,2,3,2,2,1,1,1,1
4,32,10,0.01007543969899416,0,0,4,3,2,4,2,2,1,1,1,1
4,32,12,0.0337073877453804,0,0,4,3,2,6,2,2,1,1,1,1
4,32,15,0.00673552555963397,0,0,4,3,2,3,2,3,1,1,1,1
4,32,18,0.05701466649770737,0,0,4,3,2,6,2,3,1,1,1,1
4,32,21,0.027292296290397644,0,0,4,3,2,3,2,4,1,1,1,1
4,32,23,0.04556725174188614,0,0,4,3,2,5,2,4,1,1,1,1
4,32,24,0.019815415143966675,0,0,4,3,2,6,2,4,1,1,1,1
4,32,25,0.002919300924986601,0,0,4,3,2,1,2,5,1,1,1,1
4,32,28,0.0015540781896561384,0,0,4,3,2,4,2,5,1,1,1,1
4,32,30,0.0011494068894535303,0,0,4,3,2,6,2,5,1,1,1,1
4,32,31,0.17424863576889038,0,0,4,4,2,1,2,1,1,1,1,1
4,32,34,0.005571092013269663,0,0,4,4,2,4,2,4,1,1,1,1
4,32,35,0.0006717426585964859,0,0,4,4,2,5,2,5,1,1,1,1
4,32,36,0.00029788396204821765,0,0,4,5,2,1,2,1,1,2,1,2
4,32,40,9.389100887347013e-05,0,0,4,5,2,5,2,5,1,2,1,2
4,32,42,0.004179568495601416,0,1,4,6,2,2,2,0,1,0,1,1
4,32,43,0.007200327701866627,0,1,4,6,2,3,2,0,1,0,1,1
4,32,46,0.003147694282233715,0,1,4,6,2,6,2,0,1,0,1,1
4,32,47,0.0003393743245396763,0,2,4,7,2,0,2,0,1,0,1,4
4,33,1,0.025379931554198265,0,0,4,3,3,1,3,1,1,1,1,1
4,33,4,0.00023289761156775057,0,0,4,3,3,4,3,1,1,1,1,1
4,33,5,0.00023703128681518137,0,0,4,3,3,5,3,1,1,1,1,1
4,33,6,0.002702709287405014,0,0,4,3,3,6,3,1,1,1,1,1
4,33,9,0.0001800527097657323,0,0,4,3,3,3,3,2,1,1,1,1
4,33,10,0.0002745275560300797,0,0,4,3,3,4,3,2,1,1,1,1
4,33,12,0.0011022334219887853,0,0,4,3,3,6,3,2,1,1,1,1
4,33,15,0.0008104900480248034,0,0,4,3,3,3,3,3,1,1,1,1
4,33,18,0.002423751400783658,0,0,4,3,3,6,3,3,1,1,1,1
4,33,21,0.0003749930183403194,0,0,4,3,3,3,3,4,1,1,1,1
4,33,23,0.0012008952908217907,0,0,4,3,3,5,3,4,1,1,1,1
4,33,24,0.0008201822638511658,0,0,4,3,3,6,3,4,1,1,1,1
4,33,25,0.007044303696602583,0,0,4,3,3,1,3,5,1,1,1,1
4,33,28,0.00012214912567287683,0,0,4,3,3,4,3,5,1,1,1,1
4,33,30,0.0007181329419836402,0,0,4,3,3,6,3,5,1,1,1,1
4,33,31,0.37211301922798157,0,0,4,4,3,1,3,1,1,1,1,1
4,33,34,0.001700584078207612,0,0,4,4,3,4,3,4,1,1,1,1
4,33,35,0.0031889681704342365,0,0,4,4,3,5,3,5,1,1,1,1
4,33,36,0.5531855225563049,0,0,4,5,3,1,3,1,1,2,1,2
4,33,40,0.023752382025122643,0,0,4,5,3,5,3,5,1,2,1,2
4,33,42,0.000275251833954826,0,1,4,6,3,2,3,0,1,0,1,1
4,33,43,0.00020199314167257398,0,1,4,6,3,3,3,0,1,0,1,1
4,33,46,0.0005233745323494077,0,1,4,6,3,6,3,0,1,0,1,1
4,33,47,0.0014347743708640337,0,2,4,7,3,0,3,0,1,0,1,4
4,37,1,0.0033521095756441355,0,0,5,3,2,1,2,1,2,1,2,1
4,37,4,0.05955205485224724,0,0,5,3,2,4,2,1,2,1,2,1
4,37,5,0.03224550560116768,0,0,5,3,2,5,2,1,2,1,2,1
4,37,6,0.017373356968164444,0,0,5,3,2,6,2,1,2,1,2,1
4,37,9,0.04279010370373726,0,0,5,3,2,3,2,2,2,1,2,1
4,37,10,0.044945258647203445,0,0,5,3,2,4,2,2,2,1,2,1
4,37,12,0.006557458080351353,0,0,5,3,2,6,2,2,2,1,2,1
4,37,15,0.013577594421803951,0,0,5,3,2,3,2,3,2,1,2,1
4,37,18,0.033217377960681915,0,0,5,3,2,6,2,3,2,1,2,1
4,37,21,0.01946348510682583,0,0,5,3,2,3,2,4,2,1,2,1
4,37,23,0.008345876820385456,0,0,5,3,2,5,2,4,2,1,2,1
4,37,24,0.027737049385905266,0,0,5,3,2,6,2,4,2,1,2,1
4,37,25,0.001989213051274419,0,0,5,3,2,1,2,5,2,1,2,1
4,37,28,0.10400434583425522,0,0,5,3,2,4,2,5,2,1,2,1
4,37,30,0.01234463695436716,0,0,5,3,2,6,2,5,2,1,2,1
4,37,31,0.0009188239928334951,0,0,5,4,2,1,2,1,2,1,2,1
4,37,34,0.16603542864322662,0,0,5,4,2,4,2,4,2,1,2,1
4,37,35,0.0025175106711685658,0,0,5,4,2,5,2,5,2,1,2,1
4,37,36,0.0005657972069457173,0,0,5,5,2,1,2,1,2,2,2,2
4,37,40,0.000357674463884905,0,0,5,5,2,5,2,5,2,2,2,2
4,37,42,0.055349815636873245,0,1,5,6,2,2,2,0,2,0,2,1
4,37,43,0.08321335166692734,0,1,5,6,2,3,2,0,2,0,2,1
4,37,46,0.2633485794067383,0,1,5,6,2,6,2,0,2,0,2,1
4,37,47,0.00019777684065047652,0,2,5,7,2,0,2,0,2,0,2,4
4,38,1,0.00069921970134601,0,0,5,3,3,1,3,1,2,1,2,1
4,38,4,0.031281813979148865,0,0,5,3,3,4,3,1,2,1,2,1
4,38,5,0.007912472821772099,0,0,5,3,3,5,3,1,2,1,2,1
4,38,6,0.0025233649648725986,0,0,5,3,3,6,3,1,2,1,2,1
4,38,9,0.007379024289548397,0,0,5,3,3,3,3,2,2,1,2,1
4,38,10,0.017700975760817528,0,0,5,3,3,4,3,2,2,1,2,1
4,38,12,0.0021779374219477177,0,0,5,3,3,6,3,2,2,1,2,1
4,38,15,0.01415017619729042,0,0,5,3,3,3,3,3,2,1,2,1
4,38,18,0.006708847358822823,0,0,5,3,3,6,3,3,2,1,2,1
4,38,21,0.006991282571107149,0,0,5,3,3,3,3,4,2,1,2,1
4,38,23,0.004230333957821131,0,0,5,3,3,5,3,4,2,1,2,1
4,38,24,0.005022795405238867,0,0,5,3,3,6,3,4,2,1,2,1
4,38,25,0.0007801673491485417,0,0,5,3,3,1,3,5,2,1,2,1
4,38,28,0.04020131006836891,0,0,5,3,3,4,3,5,2,1,2,1
4,38,30,0.0062217409722507,0,0,5,3,3,6,3,5,2,1,2,1
4,38,31,0.0010941923828795552,0,0,5,4,3,1,3,1,2,1,2,1
4,38,34,0.13169947266578674,0,0,5,4,3,4,3,4,2,1,2,1
4,38,35,0.002420321572571993,0,0,5,4,3,5,3,5,2,1,2,1
4,38,36,0.0009789965115487576,0,0,5,5,3,1,3,1,2,2,2,2
4,38,40,0.001213973155245185,0,0,5,5,3,5,3,5,2,2,2,2
4,38,42,0.2879303991794586,0,1,5,6,3,2,3,0,2,0,2,1
4,38,43,0.18191322684288025,0,1,5,6,3,3,3,0,2,0,2,1
4,38,46,0.23312419652938843,0,1,5,6,3,6,3,0,2,0,2,1
4,38,47,0.00564375938847661,0,2,5,7,3,0,3,0,2,0,2,4
4,39,1,0.00021919619757682085,0,0,5,3,4,1,4,1,2,1,2,1
4,39,4,0.017254527658224106,0,0,5,3,4,4,4,1,2,1,2,1
4,39,5,0.0003322751435916871,0,0,5,3,4,5,4,1,2,1,2,1
4,39,6,0.0004094212781637907,0,0,5,3,4,6,4,1,2,1,2,1
4,39,9,0.000940952857490629,0,0,5,3,4,3,4,2,2,1,2,1
4,39,10,0.016290076076984406,0,0,5,3,4,4,4,2,2,1,2,1
4,39,12,0.00021213678701315075,0,0,5,3,4,6,4,2,2,1,2,1
4,39,15,0.0035668108612298965,0,0,5,3,4,3,4,3,2,1,2,1
4,39,18,0.0010062339715659618,0,0,5,3,4,6,4,3,2,1,2,1
4,39,21,0.001857096329331398,0,0,5,3,4,3,4,4,2,1,2,1
4,39,23,0.00021149811800569296,0,0,5,3,4,5,4,4,2,1,2,1
4,39,24,0.0012540660100057721,0,0,5,3,4,6,4,4,2,1,2,1
4,39,25,5.2757102821487933e-05,0,0,5,3,4,1,4,5,2,1,2,1
4,39,28,0.015257381834089756,0,0,5,3,4,4,4,5,2,1,2,1
4,39,30,0.00042692135320976377,0,0,5,3,4,6,4,5,2,1,2,1
4,39,31,7.384050695691258e-05,0,0,5,4,4,1,4,1,2,1,2,1
4,39,34,0.928350031375885,0,0,5,4,4,4,4,4,2,1,2,1
4,39,35,8.847560093272477e-05,0,0,5,4,4,5,4,5,2,1,2,1
4,39,36,0.004926719702780247,0,0,5,5,4,1,4,1,2,2,2,2
4,39,40,0.00024819321697577834,0,0,5,5,4,5,4,5,2,2,2,2
4,39,42,0.0027975074481219053,0,1,5,6,4,2,4,0,2,0,2,1
4,39,43,0.0025958241894841194,0,1,5,6,4,3,4,0,2,0,2,1
4,39,46,0.0015999036841094494,0,1,5,6,4,6,4,0,2,0,2,1
4,39,47,2.7984198823105544e-05,0,2,5,7,4,0,4,0,2,0,2,4
4,41,1,4.068407361046411e-05,1,0,6,3,1,1,0,1,0,1,1,1
4,41,4,5.5492146202595904e-06,1,0,6,3,1,4,0,1,0,1,1,1
4,41,5,2.4873411348380614e-06,1,0,6,3,1,5,0,1,0,1,1,1
4,41,6,1.125519133893249e-06,1,0,6,3,1,6,0,1,0,1,1,1
4,41,9,8.582485861552414e-06,1,0,6,3,1,3,0,2,0,1,1,1
4,41,10,8.828870704746805e-06,1,0,6,3,1,4,0,2,0,1,1,1
4,41,12,1.8735053117779898e-06,1,0,6,3,1,6,0,2,0,1,1,1
4,41,15,0.00017478366498835385,1,0,6,3,1,3,0,3,0,1,1,1
4,41,18,6.776591021662171e-07,1,0,6,3,1,6,0,3,0,1,1,1
4,41,21,8.398370118811727e-05,1,0,6,3,1,3,0,4,0,1,1,1
4,41,23,1.1153710147482343e-05,1,0,6,3,1,5,0,4,0,1,1,1
4,41,24,6.137157015473349e-06,1,0,6,3,1,6,0,4,0,1,1,1
4,41,25,0.0014703708002343774,1,0,6,3,1,1,0,5,0,1,1,1
4,41,28,5.391708782553906e-06,1,0,6,3,1,4,0,5,0,1,1,1
4,41,30,8.220411473303102e-06,1,0,6,3,1,6,0,5,0,1,1,1
4,41,31,0.0012134839780628681,1,0,6,4,1,1,0,1,0,1,1,1
4,41,34,0.0001147140355897136,1,0,6,4,1,4,0,4,0,1,1,1
4,41,35,0.0005985064199194312,1,0,6,4,1,5,0,5,0,1,1,1
4,41,36,0.9641818404197693,1,0,6,5,1,1,0,1,0,2,1,2
4,41,40,0.014988568611443043,1,0,6,5,1,5,0,5,0,2,1,2
4,41,42,0.00030454579973593354,1,1,6,6,1,2,0,0,0,0,1,1
4,41,43,0.0001260591234313324,1,1,6,6,1,3,0,0,0,0,1,1
4,41,46,3.274868504377082e-05,1,1,6,6,1,6,0,0,0,0,1,1
4,41,47,0.016609949991106987,1,2,6,7,1,0,0,0,0,0,1,4
4,44,1,7.929274579510093e-05,1,0,6,3,4,1,0,1,0,1,1,1
4,44,4,6.952553121664096e-06,1,0,6,3,4,4,0,1,0,1,1,1
4,44,5,6.042442350917554e-07,1,0,6,3,4,5,0,1,0,1,1,1
4,44,6,3.3398491723346524e-06,1,0,6,3,4,6,0,1,0,1,1,1
4,44,9,8.8257384049939e-06,1,0,6,3,4,3,0,2,0,1,1,1
4,44,10,2.8147536795586348e-05,1,0,6,3,4,4,0,2,0,1,1,1
4,44,12,4.967937456967775e-06,1,0,6,3,4,6,0,2,0,1,1,1
4,44,15,0.00010362584725953639,1,0,6,3,4,3,0,3,0,1,1,1
4,44,18,1.1476470263005467e-06,1,0,6,3,4,6,0,3,0,1,1,1
4,44,21,6.938839942449704e-05,1,0,6,3,4,3,0,4,0,1,1,1
4,44,23,1.0450251465954352e-05,1,0,6,3,4,5,0,4,0,1,1,1
4,44,24,1.7642580132815056e-05,1,0,6,3,4,6,0,4,0,1,1,1
4,44,25,0.001074895728379488,1,0,6,3,4,1,0,5,0,1,1,1
4,44,28,3.369856813151273e-06,1,0,6,3,4,4,0,5,0,1,1,1
4,44,30,5.182074346521404e-06,1,0,6,3,4,6,0,5,0,1,1,1
4,44,31,0.002743150107562542,1,0,6,4,4,1,0,1,0,1,1,1
4,44,34,0.00039503464358858764,1,0,6,4,4,4,0,4,0,1,1,1
4,44,35,0.0003294546331744641,1,0,6,4,4,5,0,5,0,1,1,1
4,44,36,0.9883107542991638,1,0,6,5,4,1,0,1,0,2,1,2
4,44,40,0.004316020291298628,1,0,6,5,4,5,0,5,0,2,1,2
4,44,42,4.221554263494909e-06,1,1,6,6,4,2,0,0,0,0,1,1
4,44,43,1.893978514999617e-05,1,1,6,6,4,3,0,0,0,0,1,1
4,44,46,2.138518311767257e-06,1,1,6,6,4,6,0,0,0,0,1,1
4,44,47,0.0024630343541502953,1,2,6,7,4,0,0,0,0,0,1,4
4,45,1,0.00028784203459508717,1,0,6,3,5,1,0,1,0,1,1,1
4,45,4,4.4739903387380764e-05,1,0,6,3,5,4,0,1,0,1,1,1
4,45,5,0.00011077352974098176,1,0,6,3,5,5,0,1,0,1,1,1
4,45,6,3.817356628132984e-05,1,0,6,3,5,6,0,1,0,1,1,1
4,45,9,3.963410927099176e-05,1,0,6,3,5,3,0,2,0,1,1,1
4,45,10,4.2736046452773735e-05,1,0,6,3,5,4,0,2,0,1,1,1
4,45,12,2.1786781871924177e-05,1,0,6,3,5,6,0,2,0,1,1,1
4,45,15,0.00033768967841751873,1,0,6,3,5,3,0,3,0,1,1,1
4,45,18,1.9199746020603925e-05,1,0,6,3,5,6,0,3,0,1,1,1
4,45,21,0.0005344271194189787,1,0,6,3,5,3,0,4,0,1,1,1
4,45,23,0.0004495290049817413,1,0,6,3,5,5,0,4,0,1,1,1
4,45,24,7.469770207535475e-05,1,0,6,3,5,6,0,4,0,1,1,1
4,45,25,0.0005853406619280577,1,0,6,3,5,1,0,5,0,1,1,1
4,45,28,1.917968984344043e-05,1,0,6,3,5,4,0,5,0,1,1,1
4,45,30,2.5382658350281417e-05,1,0,6,3,5,6,0,5,0,1,1,1
4,45,31,0.0037721870467066765,1,0,6,4,5,1,0,1,0,1,1,1
4,45,34,7.76539309299551e-05,1,0,6,4,5,4,0,4,0,1,1,1
4,45,35,0.0003614179149735719,1,0,6,4,5,5,0,5,0,1,1,1
4,45,36,0.007097812835127115,1,0,6,5,5,1,0,1,0,2,1,2
4,45,40,0.0030529347714036703,1,0,6,5,5,5,0,5,0,2,1,2
4,45,42,0.0019001684850081801,1,1,6,6,5,2,0,0,0,0,1,1
4,45,43,0.0008685592911206186,1,1,6,6,5,3,0,0,0,0,1,1
4,45,46,4.381830513011664e-05,1,1,6,6,5,6,0,0,0,0,1,1
4,45,47,0.9801943302154541,1,2,6,7,5,0,0,0,0,0,1,4
5,1,0,7.636207755012947e-08,0,0,3,1,1,0,1,0,1,2,1,4
5,1,2,0.00024787444272078574,0,0,3,3,1,2,1,1,1,1,1,1
5,1,3,0.0010751261143013835,0,0,3,3,1,3,1,1,1,1,1,1
5,1,7,0.0012023933231830597,0,0,3,3,1,1,1,2,1,1,1,1
5,1,8,0.0021921428851783276,0,0,3,3,1,2,1,2,1,1,1,1
5,1,11,0.0030192257836461067,0,0,3,3,1,5,1,2,1,1,1,1
5,1,13,0.8411170840263367,0,0,3,3,1,1,1,3,1,1,1,1
5,1,14,0.0015654073795303702,0,0,3,3,1,2,1,3,1,1,1,1
5,1,16,0.0008206214406527579,0,0,3,3,1,4,1,3,1,1,1,1
5,1,17,0.006003158167004585,0,0,3,3,1,5,1,3,1,1,1,1
5,1,19,0.011274175718426704,0,0,3,3,1,1,1,4,1,1,1,1
5,1,20,0.0008493943023495376,0,0,3,3,1,2,1,4,1,1,1,1
5,1,22,5.11889265908394e-05,0,0,3,3,1,4,1,4,1,1,1,1
5,1,26,7.480917702196166e-05,0,0,3,3,1,2,1,5,1,1,1,1
5,1,27,0.0004000479239039123,0,0,3,3,1,3,1,5,1,1,1,1
5,1,29,0.0001393030834151432,0,0,3,3,1,5,1,5,1,1,1,1
5,1,32,0.0052284724079072475,0,0,3,4,1,2,1,2,1,1,1,1
5,1,33,0.11494825035333633,0,0,3,4,1,3,1,3,1,1,1,1
5,1,37,3.1401318665302824e-06,0,0,3,5,1,2,1,2,1,2,1,2
5,1,38,0.0002878071682062,0,0,3,5,1,3,1,3,1,2,1,2
5,1,39,5.1541137509047985e-06,0,0,3,5,1,4,1,4,1,2,1,2
5,1,41,0.00828868430107832,0,1,3,6,1,1,1,0,1,0,1,1
5,1,44,0.00018774736963678151,0,1,3,6,1,4,1,0,1,0,1,1
5,1,45,0.0010185102000832558,0,1,3,6,1,5,1,0,1,0,1,1
5,4,0,6.210530955286231e-06,0,0,3,1,4,0,1,0,1,2,1,4
5,4,2,0.019235966727137566,0,0,3,3,4,2,1,1,1,1,1,1
5,4,3,0.00480683334171772,0,0,3,3,4,3,1,1,1,1,1,1
5,4,7,0.0016139195067808032,0,0,3,3,4,1,1,2,1,1,1,1
5,4,8,0.6182916164398193,0,0,3,3,4,2,1,2,1,1,1,1
5,4,11,0.002358153695240617,0,0,3,3,4,5,1,2,1,1,1,1
5,4,13,0.08633198589086533,0,0,3,3,4,1,1,3,1,1,1,1
5,4,14,0.014077147468924522,0,0,3,3,4,2,1,3,1,1,1,1
5,4,16,0.0004516969493124634,0,0,3,3,4,4,1,3,1,1,1,1
5,4,17,0.0007509691640734673,0,0,3,3,4,5,1,3,1,1,1,1
5,4,19,0.0015326912980526686,0,0,3,3,4,1,1,4,1,1,1,1
5,4,20,0.0142207071185112,0,0,3,3,4,2,1,4,1,1,1,1
5,4,22,7.986530545167625e-05,0,0,3,3,4,4,1,4,1,1,1,1
5,4,26,0.003331912448629737,0,0,3,3,4,2,1,5,1,1,1,1
5,4,27,0.00011134605301776901,0,0,3,3,4,3,1,5,1,1,1,1
5,4,29,0.0007648551254533231,0,0,3,3,4,5,1,5,1,1,1,1
5,4,32,0.20389008522033691,0,0,3,4,4,2,1,2,1,1,1,1
5,4,33,0.019974078983068466,0,0,3,4,4,3,1,3,1,1,1,1
5,4,37,0.005600273609161377,0,0,3,5,4,2,1,2,1,2,1,2
5,4,38,0.00035672582453116775,0,0,3,5,4,3,1,3,1,2,1,2
5,4,39,9.46603759075515e-05,0,0,3,5,4,4,1,4,1,2,1,2
5,4,41,0.001572995213791728,0,1,3,6,4,1,1,0,1,0,1,1
5,4,44,7.278250268427655e-05,0,1,3,6,4,4,1,0,1,0,1,1
5,4,45,0.0004725143953692168,0,1,3,6,4,5,1,0,1,0,1,1
5,5,0,3.707560972543433e-05,0,0,3,1,5,0,1,0,1,2,1,4
5,5,2,0.0004254910454619676,0,0,3,3,5,2,1,1,1,1,1,1
5,5,3,0.002476268447935581,0,0,3,3,5,3,1,1,1,1,1,1
5,5,7,0.0013886807719245553,0,0,3,3,5,1,1,2,1,1,1,1
5,5,8,0.0006987326196394861,0,0,3,3,5,2,1,2,1,1,1,1
5,5,11,0.0018963264301419258,0,0,3,3,5,5,1,2,1,1,1,1
5,5,13,0.10158643126487732,0,0,3,3,5,1,1,3,1,1,1,1
5,5,14,0.0008747720276005566,0,0,3,3,5,2,1,3,1,1,1,1
5,5,16,0.0008515329682268202,0,0,3,3,5,4,1,3,1,1,1,1
5,5,17,0.005209897644817829,0,0,3,3,5,5,1,3,1,1,1,1
5,5,19,0.037232283502817154,0,0,3,3,5,1,1,4,1,1,1,1
5,5,20,0.0009839539416134357,0,0,3,3,5,2,1,4,1,1,1,1
5,5,22,0.0014617287088185549,0,0,3,3,5,4,1,4,1,1,1,1
5,5,26,0.00010843485506484285,0,0,3,3,5,2,1,5,1,1,1,1
5,5,27,0.0017175435787066817,0,0,3,3,5,3,1,5,1,1,1,1
5,5,29,0.00030936513212509453,0,0,3,3,5,5,1,5,1,1,1,1
5,5,32,0.00023620575666427612,0,0,3,4,5,2,1,2,1,1,1,1
5,5,33,0.002147926250472665,0,0,3,4,5,3,1,3,1,1,1,1
5,5,37,0.00023298941960092634,0,0,3,5,5,2,1,2,1,2,1,2
5,5,38,0.011214667931199074,0,0,3,5,5,3,1,3,1,2,1,2
5,5,39,0.0032347943633794785,0,0,3,5,5,4,1,4,1,2,1,2
5,5,41,0.7232671976089478,0,1,3,6,5,1,1,0,1,0,1,1
5,5,44,0.08235436677932739,0,1,3,6,5,4,1,0,1,0,1,1
5,5,45,0.020053647458553314,0,1,3,6,5,5,1,0,1,0,1,1
5,6,0,0.0010054187150672078,0,0,3,1,6,0,1,0,1,2,1,4
5,6,2,0.0005517651443369687,0,0,3,3,6,2,1,1,1,1,1,1
5,6,3,0.0009438898414373398,0,0,3,3,6,3,1,1,1,1,1,1
5,6,7,0.0006537956651300192,0,0,3,3,6,1,1,2,1,1,1,1
5,6,8,0.0002314351877430454,0,0,3,3,6,2,1,2,1,1,1,1
5,6,11,0.0016356924315914512,0,0,3,3,6,5,1,2,1,1,1,1
5,6,13,0.014825977385044098,0,0,3,3,6,1,1,3,1,1,1,1
5,6,14,0.0010143490508198738,0,0,3,3,6,2,1,3,1,1,1,1
5,6,16,0.002131732879206538,0,0,3,3,6,4,1,3,1,1,1,1
5,6,17,0.010537303984165192,0,0,3,3,6,5,1,3,1,1,1,1
5,6,19,0.009655660018324852,0,0,3,3,6,1,1,4,1,1,1,1
5,6,20,0.0009986484656110406,0,0,3,3,6,2,1,4,1,1,1,1
5,6,22,0.0013664026046171784,0,0,3,3,6,4,1,4,1,1,1,1
5,6,26,0.00016938803310040385,0,0,3,3,6,2,1,5,1,1,1,1
5,6,27,0.0013790464727208018,0,0,3,3,6,3,1,5,1,1,1,1
5,6,29,0.00046108063543215394,0,0,3,3,6,5,1,5,1,1,1,1
5,6,32,8.81249361555092e-05,0,0,3,4,6,2,1,2,1,1,1,1
5,6,33,0.0003170254931319505,0,0,3,4,6,3,1,3,1,1,1,1
5,6,37,0.00012107097427360713,0,0,3,5,6,2,1,2,1,2,1,2
5,6,38,0.0031576533801853657,0,0,3,5,6,3,1,3,1,2,1,2
5,6,39,0.002918465994298458,0,0,3,5,6,4,1,4,1,2,1,2
5,6,41,0.5827493667602539,0,1,3,6,6,1,1,0,1,0,1,1
5,6,44,0.3245942294597626,0,1,3,6,6,4,1,0,1,0,1,1
5,6,45,0.03849225863814354,0,1,3,6,6,5,1,0,1,0,1,1
5,9,0,2.1128007574588992e-05,0,0,3,1,3,0,2,0,1,2,1,4
5,9,2,5.96995369051001e-06,0,0,3,3,3,2,2,1,1,1,1,1
5,9,3,4.5548658818006516e-05,0,0,3,3,3,3,2,1,1,1,1,1
5,9,7,0.0001339130976703018,0,0,3,3,3,1,2,2,1,1,1,1
5,9,8,1.4800516510149464e-05,0,0,3,3,3,2,2,2,1,1,1,1
5,9,11,1.2837609574489761e-05,0,0,3,3,3,5,2,2,1,1,1,1
5,9,13,8.620244625490159e-05,0,0,3,3,3,1,2,3,1,1,1,1
5,9,14,5.395408607000718e-06,0,0,3,3,3,2,2,3,1,1,1,1
5,9,16,1.3221061635704245e-05,0,0,3,3,3,4,2,3,1,1,1,1
5,9,17,6.017304622218944e-05,0,0,3,3,3,5,2,3,1,1,1,1
5,9,19,0.0007777820574119687,0,0,3,3,3,1,2,4,1,1,1,1
5,9,20,3.433573147049174e-05,0,0,3,3,3,2,2,4,1,1,1,1
5,9,22,0.0003816536336671561,0,0,3,3,3,4,2,4,1,1,1,1
5,9,26,1.4260856460168725e-06,0,0,3,3,3,2,2,5,1,1,1,1
5,9,27,2.1115143681527115e-05,0,0,3,3,3,3,2,5,1,1,1,1
5,9,29,9.84478560894786e-07,0,0,3,3,3,5,2,5,1,1,1,1
5,9,32,2.230877726105973e-06,0,0,3,4,3,2,2,2,1,1,1,1
5,9,33,8.551628525310662e-06,0,0,3,4,3,3,2,3,1,1,1,1
5,9,37,2.229274650744628e-05,0,0,3,5,3,2,2,2,1,2,1,2
5,9,38,0.0020280014723539352,0,0,3,5,3,3,2,3,1,2,1,2
5,9,39,0.00027147604851052165,0,0,3,5,3,4,2,4,1,2,1,2
5,9,41,0.9185386896133423,0,1,3,6,3,1,2,0,1,0,1,1
5,9,44,0.04798062518239021,0,1,3,6,3,4,2,0,1,0,1,1
5,9,45,0.029532022774219513,0,1,3,6,3,5,2,0,1,0,1,1
5,10,0,0.00019347829220350832,0,0,3,1,4,0,2,0,1,2,1,4
5,10,2,0.003911081701517105,0,0,3,3,4,2,2,1,1,1,1,1
5,10,3,0.0023601697757840157,0,0,3,3,4,3,2,1,1,1,1,1
5,10,7,0.002677402924746275,0,0,3,3,4,1,2,2,1,1,1,1
5,10,8,0.019072838127613068,0,0,3,3,4,2,2,2,1,1,1,1
5,10,11,0.0005471935146488249,0,0,3,3,4,5,2,2,1,1,1,1
5,10,13,0.011751768179237843,0,0,3,3,4,1,2,3,1,1,1,1
5,10,14,0.0022551300935447216,0,0,3,3,4,2,2,3,1,1,1,1
5,10,16,0.0008197282440960407,0,0,3,3,4,4,2,3,1,1,1,1
5,10,17,0.0014015675988048315,0,0,3,3,4,5,2,3,1,1,1,1
5,10,19,0.00447774538770318,0,0,3,3,4,1,2,4,1,1,1,1
5,10,20,0.005805730354040861,0,0,3,3,4,2,2,4,1,1,1,1
5,10,22,0.0008878846419975162,0,0,3,3,4,4,2,4,1,1,1,1
5,10,26,0.000588000810239464,0,0,3,3,4,2,2,5,1,1,1,1
5,10,27,0.0002743173099588603,0,0,3,3,4,3,2,5,1,1,1,1
5,10,29,9.597899043001235e-05,0,0,3,3,4,5,2,5,1,1,1,1
5,10,32,0.0033827282022684813,0,0,3,4,4,2,2,2,1,1,1,1
5,10,33,0.0017569820629432797,0,0,3,4,4,3,2,3,1,1,1,1
5,10,37,0.0009180149063467979,0,0,3,5,4,2,2,2,1,2,1,2
5,10,38,0.002851033816114068,0,0,3,5,4,3,2,3,1,2,1,2
5,10,39,0.0004081223451066762,0,0,3,5,4,4,2,4,1,2,1,2
5,10,41,0.8457964062690735,0,1,3,6,4,1,2,0,1,0,1,1
5,10,44,0.037658024579286575,0,1,3,6,4,4,2,0,1,0,1,1
5,10,45,0.05010893568396568,0,1,3,6,4,5,2,0,1,0,1,1
5,12,0,0.0007272448274306953,0,0,3,1,6,0,2,0,1,2,1,4
5,12,2,0.00012343596608843654,0,0,3,3,6,2,2,1,1,1,1,1
5,12,3,0.00013717521505896002,0,0,3,3,6,3,2,1,1,1,1,1
5,12,7,0.00013554266479332,0,0,3,3,6,1,2,2,1,1,1,1
5,12,8,9.152305574389175e-05,0,0,3,3,6,2,2,2,1,1,1,1
5,12,11,0.00015091068053152412,0,0,3,3,6,5,2,2,1,1,1,1
5,12,13,0.0007391093531623483,0,0,3,3,6,1,2,3,1,1,1,1
5,12,14,0.00012870383216068149,0,0,3,3,6,2,2,3,1,1,1,1
5,12,16,0.0002859964733943343,0,0,3,3,6,4,2,3,1,1,1,1
5,12,17,0.0007870920235291123,0,0,3,3,6,5,2,3,1,1,1,1
5,12,19,0.0014952453784644604,0,0,3,3,6,1,2,4,1,1,1,1
5,12,20,0.000389210123103112,0,0,3,3,6,2,2,4,1,1,1,1
5,12,22,0.0007197192753665149,0,0,3,3,6,4,2,4,1,1,1,1
5,12,26,4.673639341490343e-05,0,0,3,3,6,2,2,5,1,1,1,1
5,12,27,0.00021654510055668652,0,0,3,3,6,3,2,5,1,1,1,1
5,12,29,3.499637750792317e-05,0,0,3,3,6,5,2,5,1,1,1,1
5,12,32,4.091172377229668e-05,0,0,3,4,6,2,2,2,1,1,1,1
5,12,33,9.557086013955995e-05,0,0,3,4,6,3,2,3,1,1,1,1
5,12,37,0.00011175845429534093,0,0,3,5,6,2,2,2,1,2,1,2
5,12,38,0.0016633991617709398,0,0,3,5,6,3,2,3,1,2,1,2
5,12,39,0.0012058402644470334,0,0,3,5,6,4,2,4,1,2,1,2
5,12,41,0.7060836553573608,0,1,3,6,6,1,2,0,1,0,1,1
5,12,44,0.21908827126026154,0,1,3,6,6,4,2,0,1,0,1,1
5,12,45,0.06550119817256927,0,1,3,6,6,5,2,0,1,0,1,1
5,15,0,0.0031477625016123056,0,0,3,1,3,0,3,0,1,2,1,4
5,15,2,0.00137570861261338,0,0,3,3,3,2,3,1,1,1,1,1
5,15,3,0.0012327405856922269,0,0,3,3,3,3,3,1,1,1,1,1
5,15,7,0.0006524864584207535,0,0,3,3,3,1,3,2,1,1,1,1
5,15,8,0.0009576343582011759,0,0,3,3,3,2,3,2,1,1,1,1
5,15,11,0.0003034047258552164,0,0,3,3,3,5,3,2,1,1,1,1
5,15,13,0.004447096958756447,0,0,3,3,3,1,3,3,1,1,1,1
5,15,14,0.0009779318934306502,0,0,3,3,3,2,3,3,1,1,1,1
5,15,16,0.001966287149116397,0,0,3,3,3,4,3,3,1,1,1,1
5,15,17,0.0015175817534327507,0,0,3,3,3,5,3,3,1,1,1,1
5,15,19,0.0034481086768209934,0,0,3,3,3,1,3,4,1,1,1,1
5,15,20,0.0016125836409628391,0,0,3,3,3,2,3,4,1,1,1,1
5,15,22,0.0016389169031754136,0,0,3,3,3,4,3,4,1,1,1,1
5,15,26,0.0007825971115380526,0,0,3,3,3,2,3,5,1,1,1,1
5,15,27,0.0016824250342324376,0,0,3,3,3,3,3,5,1,1,1,1
5,15,29,0.0001249011984327808,0,0,3,3,3,5,3,5,1,1,1,1
5,15,32,0.0006401536520570517,0,0,3,4,3,2,3,2,1,1,1,1
5,15,33,0.002090082038193941,0,0,3,4,3,3,3,3,1,1,1,1
5,15,37,0.0017586116446182132,0,0,3,5,3,2,3,2,1,2,1,2
5,15,38,0.009985806420445442,0,0,3,5,3,3,3,3,1,2,1,2
5,15,39,0.003830740926787257,0,0,3,5,3,4,3,4,1,2,1,2
5,15,41,0.6964779496192932,0,1,3,6,3,1,3,0,1,0,1,1
5,15,44,0.22253672778606415,0,1,3,6,3,4,3,0,1,0,1,1
5,15,45,0.03681185841560364,0,1,3,6,3,5,3,0,1,0,1,1
5,18,0,0.004292087629437447,0,0,3,1,6,0,3,0,1,2,1,4
5,18,2,0.002076118253171444,0,0,3,3,6,2,3,1,1,1,1,1
5,18,3,0.002957663731649518,0,0,3,3,6,3,3,1,1,1,1,1
5,18,7,0.002327235182747245,0,0,3,3,6,1,3,2,1,1,1,1
5,18,8,0.001838734489865601,0,0,3,3,6,2,3,2,1,1,1,1
5,18,11,0.002892819233238697,0,0,3,3,6,5,3,2,1,1,1,1
5,18,13,0.04430787265300751,0,0,3,3,6,1,3,3,1,1,1,1
5,18,14,0.00917139369994402,0,0,3,3,6,2,3,3,1,1,1,1
5,18,16,0.012044575065374374,0,0,3,3,6,4,3,3,1,1,1,1
5,18,17,0.014132989570498466,0,0,3,3,6,5,3,3,1,1,1,1
5,18,19,0.007017757743597031,0,0,3,3,6,1,3,4,1,1,1,1
5,18,20,0.0027699649799615145,0,0,3,3,6,2,3,4,1,1,1,1
5,18,22,0.0011410667793825269,0,0,3,3,6,4,3,4,1,1,1,1
5,18,26,0.0019334079697728157,0,0,3,3,6,2,3,5,1,1,1,1
5,18,27,0.004370301030576229,0,0,3,3,6,3,3,5,1,1,1,1
5,18,29,0.000735563226044178,0,0,3,3,6,5,3,5,1,1,1,1
5,18,32,0.003242469858378172,0,0,3,4,6,2,3,2,1,1,1,1
5,18,33,0.011122727766633034,0,0,3,4,6,3,3,3,1,1,1,1
5,18,37,0.0019155810587108135,0,0,3,5,6,2,3,2,1,2,1,2
5,18,38,0.017958421260118484,0,0,3,5,6,3,3,3,1,2,1,2
5,18,39,0.004988262429833412,0,0,3,5,6,4,3,4,1,2,1,2
5,18,41,0.5629318952560425,0,1,3,6,6,1,3,0,1,0,1,1
5,18,44,0.26515254378318787,0,1,3,6,6,4,3,0,1,0,1,1
5,18,45,0.018678316846489906,0,1,3,6,6,5,3,0,1,0,1,1
5,21,0,0.007306686136871576,0,0,3,1,3,0,4,0,1,2,1,4
5,21,2,0.0004495854373089969,0,0,3,3,3,2,4,1,1,1,1,1
5,21,3,0.0016880063340067863,0,0,3,3,3,3,4,1,1,1,1,1
5,21,7,0.004187124781310558,0,0,3,3,3,1,4,2,1,1,1,1
5,21,8,0.0001015484522213228,0,0,3,3,3,2,4,2,1,1,1,1
5,21,11,0.001988741336390376,0,0,3,3,3,5,4,2,1,1,1,1
5,21,13,0.003181242849677801,0,0,3,3,3,1,4,3,1,1,1,1
5,21,14,7.698609260842204e-05,0,0,3,3,3,2,4,3,1,1,1,1
5,21,16,0.0017937567317858338,0,0,3,3,3,4,4,3,1,1,1,1
5,21,17,0.0046278852969408035,0,0,3,3,3,5,4,3,1,1,1,1
5,21,19,0.025271711871027946,0,0,3,3,3,1,4,4,1,1,1,1
5,21,20,0.0009894130052998662,0,0,3,3,3,2,4,4,1,1,1,1
5,21,22,0.026566732674837112,0,0,3,3,3,4,4,4,1,1,1,1
5,21,26,0.00024528158246539533,0,0,3,3,3,2,4,5,1,1,1,1
5,21,27,0.007465159520506859,0,0,3,3,3,3,4,5,1,1,1,1
5,21,29,0.0008195174741558731,0,0,3,3,3,5,4,5,1,1,1,1
5,21,32,0.00010557484347373247,0,0,3,4,3,2,4,2,1,1,1,1
5,21,33,0.0013430393300950527,0,0,3,4,3,3,4,3,1,1,1,1
5,21,37,0.002198595553636551,0,0,3,5,3,2,4,2,1,2,1,2
5,21,38,0.03707992658019066,0,0,3,5,3,3,4,3,1,2,1,2
5,21,39,0.07526934146881104,0,0,3,5,3,4,4,4,1,2,1,2
5,21,41,0.394065260887146,0,1,3,6,3,1,4,0,1,0,1,1
5,21,44,0.3019985556602478,0,1,3,6,3,4,4,0,1,0,1,1
5,21,45,0.10118052363395691,0,1,3,6,3,5,4,0,1,0,1,1
5,23,0,2.8881635444122367e-05,0,0,3,1,5,0,4,0,1,2,1,4
5,23,2,0.004030765499919653,0,0,3,3,5,2,4,1,1,1,1,1
5,23,3,0.01299821212887764,0,0,3,3,5,3,4,1,1,1,1,1
5,23,7,0.005815946962684393,0,0,3,3,5,1,4,2,1,1,1,1
5,23,8,0.003817060263827443,0,0,3,3,5,2,4,2,1,1,1,1
5,23,11,0.006306808441877365,0,0,3,3,5,5,4,2,1,1,1,1
5,23,13,0.3926248550415039,0,0,3,3,5,1,4,3,1,1,1,1
5,23,14,0.00138582824729383,0,0,3,3,5,2,4,3,1,1,1,1
5,23,16,0.0015704981051385403,0,0,3,3,5,4,4,3,1,1,1,1
5,23,17,0.016356641426682472,0,0,3,3,5,5,4,3,1,1,1,1
5,23,19,0.10732987523078918,0,0,3,3,5,1,4,4,1,1,1,1
5,23,20,0.005335571710020304,0,0,3,3,5,2,4,4,1,1,1,1
5,23,22,0.00476608844473958,0,0,3,3,5,4,4,4,1,1,1,1
5,23,26,0.00035025880788452923,0,0,3,3,5,2,4,5,1,1,1,1
5,23,27,0.005223942454904318,0,0,3,3,5,3,4,5,1,1,1,1
5,23,29,0.002149577485397458,0,0,3,3,5,5,4,5,1,1,1,1
5,23,32,0.0011975456727668643,0,0,3,4,5,2,4,2,1,1,1,1
5,23,33,0.015406581573188305,0,0,3,4,5,3,4,3,1,1,1,1
5,23,37,0.0002831854217220098,0,0,3,5,5,2,4,2,1,2,1,2
5,23,38,0.016269436106085777,0,0,3,5,5,3,4,3,1,2,1,2
5,23,39,0.004244355484843254,0,0,3,5,5,4,4,4,1,2,1,2
5,23,41,0.3128662407398224,0,1,3,6,5,1,4,0,1,0,1,1
5,23,44,0.03410279378294945,0,1,3,6,5,4,4,0,1,0,1,1
5,23,45,0.04553920403122902,0,1,3,6,5,5,4,0,1,0,1,1
5,24,0,0.0006948113441467285,0,0,3,1,6,0,4,0,1,2,1,4
5,24,2,0.002228831872344017,0,0,3,3,6,2,4,1,1,1,1,1
5,24,3,0.0013942583464086056,0,0,3,3,6,3,4,1,1,1,1,1
5,24,7,0.0005485787405632436,0,0,3,3,6,1,4,2,1,1,1,1
5,24,8,0.0005067542078904808,0,0,3,3,6,2,4,2,1,1,1,1
5,24,11,0.0014524362049996853,0,0,3,3,6,5,4,2,1,1,1,1
5,24,13,0.041602183133363724,0,0,3,3,6,1,4,3,1,1,1,1
5,24,14,0.001147720729932189,0,0,3,3,6,2,4,3,1,1,1,1
5,24,16,0.002411182504147291,0,0,3,3,6,4,4,3,1,1,1,1
5,24,17,0.006268784869462252,0,0,3,3,6,5,4,3,1,1,1,1
5,24,19,0.027910329401493073,0,0,3,3,6,1,4,4,1,1,1,1
5,24,20,0.003246365115046501,0,0,3,3,6,2,4,4,1,1,1,1
5,24,22,0.003484653541818261,0,0,3,3,6,4,4,4,1,1,1,1
5,24,26,0.00042245889198966324,0,0,3,3,6,2,4,5,1,1,1,1
5,24,27,0.00333445705473423,0,0,3,3,6,3,4,5,1,1,1,1
5,24,29,0.0007885150844231248,0,0,3,3,6,5,4,5,1,1,1,1
5,24,32,0.00015778224042151123,0,0,3,4,6,2,4,2,1,1,1,1
5,24,33,0.0008206323836930096,0,0,3,4,6,3,4,3,1,1,1,1
5,24,37,0.00015157906454987824,0,0,3,5,6,2,4,2,1,2,1,2
5,24,38,0.002184971934184432,0,0,3,5,6,3,4,3,1,2,1,2
5,24,39,0.004508049692958593,0,0,3,5,6,4,4,4,1,2,1,2
5,24,41,0.5826646089553833,0,1,3,6,6,1,4,0,1,0,1,1
5,24,44,0.2629566490650177,0,1,3,6,6,4,4,0,1,0,1,1
5,24,45,0.049113865941762924,0,1,3,6,6,5,4,0,1,0,1,1
5,25,0,8.480189717374742e-05,0,0,3,1,1,0,5,0,1,2,1,4
5,25,2,0.00011589653149712831,0,0,3,3,1,2,5,1,1,1,1,1
5,25,3,0.00023934402270242572,0,0,3,3,1,3,5,1,1,1,1,1
5,25,7,0.00040096297743730247,0,0,3,3,1,1,5,2,1,1,1,1
5,25,8,6.555271102115512e-05,0,0,3,3,1,2,5,2,1,1,1,1
5,25,11,0.0009990015532821417,0,0,3,3,1,5,5,2,1,1,1,1
5,25,13,0.02881256863474846,0,0,3,3,1,1,5,3,1,1,1,1
5,25,14,0.0005178466090001166,0,0,3,3,1,2,5,3,1,1,1,1
5,25,16,0.002647345419973135,0,0,3,3,1,4,5,3,1,1,1,1
5,25,17,0.0132909482344985,0,0,3,3,1,5,5,3,1,1,1,1
5,25,19,0.010700687766075134,0,0,3,3,1,1,5,4,1,1,1,1
5,25,20,0.0006009977660141885,0,0,3,3,1,2,5,4,1,1,1,1
5,25,22,0.0006175859598442912,0,0,3,3,1,4,5,4,1,1,1,1
5,25,26,6.800180563004687e-05,0,0,3,3,1,2,5,5,1,1,1,1
5,25,27,0.0013263293076306581,0,0,3,3,1,3,5,5,1,1,1,1
5,25,29,0.00014957887469790876,0,0,3,3,1,5,5,5,1,1,1,1
5,25,32,8.456147043034434e-05,0,0,3,4,1,2,5,2,1,1,1,1
5,25,33,0.0021889014169573784,0,0,3,4,1,3,5,3,1,1,1,1
5,25,37,9.775951184565201e-06,0,0,3,5,1,2,5,2,1,2,1,2
5,25,38,0.0017347235698252916,0,0,3,5,1,3,5,3,1,2,1,2
5,25,39,0.000351575727108866,0,0,3,5,1,4,5,4,1,2,1,2
5,25,41,0.6990586519241333,0,1,3,6,1,1,5,0,1,0,1,1
5,25,44,0.19531063735485077,0,1,3,6,1,4,5,0,1,0,1,1
5,25,45,0.040624044835567474,0,1,3,6,1,5,5,0,1,0,1,1
5,28,0,0.0002990395005326718,0,0,3,1,4,0,5,0,1,2,1,4
5,28,2,0.00013566474081017077,0,0,3,3,4,2,5,1,1,1,1,1
5,28,3,0.00018237126641906798,0,0,3,3,4,3,5,1,1,1,1,1
5,28,7,0.00021686457330361009,0,0,3,3,4,1,5,2,1,1,1,1
5,28,8,0.000738350790925324,0,0,3,3,4,2,5,2,1,1,1,1
5,28,11,0.00042670127004384995,0,0,3,3,4,5,5,2,1,1,1,1
5,28,13,0.005048504564911127,0,0,3,3,4,1,5,3,1,1,1,1
5,28,14,0.0008565043681301177,0,0,3,3,4,2,5,3,1,1,1,1
5,28,16,0.0008195570553652942,0,0,3,3,4,4,5,3,1,1,1,1
5,28,17,0.0009184871450997889,0,0,3,3,4,5,5,3,1,1,1,1
5,28,19,0.002237287349998951,0,0,3,3,4,1,5,4,1,1,1,1
5,28,20,0.00039664277574047446,0,0,3,3,4,2,5,4,1,1,1,1
5,28,22,0.00037357714609242976,0,0,3,3,4,4,5,4,1,1,1,1
5,28,26,0.0001206857486977242,0,0,3,3,4,2,5,5,1,1,1,1
5,28,27,0.00020856862829532474,0,0,3,3,4,3,5,5,1,1,1,1
5,28,29,9.621864592190832e-05,0,0,3,3,4,5,5,5,1,1,1,1
5,28,32,0.0002154801186406985,0,0,3,4,4,2,5,2,1,1,1,1
5,28,33,0.00022857724979985505,0,0,3,4,4,3,5,3,1,1,1,1
5,28,37,0.0018240106292068958,0,0,3,5,4,2,5,2,1,2,1,2
5,28,38,0.0022904181387275457,0,0,3,5,4,3,5,3,1,2,1,2
5,28,39,0.004207389894872904,0,0,3,5,4,4,5,4,1,2,1,2
5,28,41,0.6994022130966187,0,1,3,6,4,1,5,0,1,0,1,1
5,28,44,0.26610100269317627,0,1,3,6,4,4,5,0,1,0,1,1
5,28,45,0.012656062841415405,0,1,3,6,4,5,5,0,1,0,1,1
5,30,0,0.000638845085632056,0,0,3,1,6,0,5,0,1,2,1,4
5,30,2,9.806379239307716e-05,0,0,3,3,6,2,5,1,1,1,1,1
5,30,3,3.2408257538918406e-05,0,0,3,3,6,3,5,1,1,1,1,1
5,30,7,1.9887387679773383e-05,0,0,3,3,6,1,5,2,1,1,1,1
5,30,8,5.3694002417614684e-05,0,0,3,3,6,2,5,2,1,1,1,1
5,30,11,6.40444050077349e-05,0,0,3,3,6,5,5,2,1,1,1,1
5,30,13,0.00077998754568398,0,0,3,3,6,1,5,3,1,1,1,1
5,30,14,0.00017747274250723422,0,0,3,3,6,2,5,3,1,1,1,1
5,30,16,0.000377693708287552,0,0,3,3,6,4,5,3,1,1,1,1
5,30,17,0.0006228366983123124,0,0,3,3,6,5,5,3,1,1,1,1
5,30,19,0.0005628115031868219,0,0,3,3,6,1,5,4,1,1,1,1
5,30,20,0.00022751331562176347,0,0,3,3,6,2,5,4,1,1,1,1
5,30,22,0.00016750760551076382,0,0,3,3,6,4,5,4,1,1,1,1
5,30,26,4.626572263077833e-05,0,0,3,3,6,2,5,5,1,1,1,1
5,30,27,0.00010972378368023783,0,0,3,3,6,3,5,5,1,1,1,1
5,30,29,2.956245771201793e-05,0,0,3,3,6,5,5,5,1,1,1,1
5,30,32,1.77499205165077e-05,0,0,3,4,6,2,5,2,1,1,1,1
5,30,33,3.138969259453006e-05,0,0,3,4,6,3,5,3,1,1,1,1
5,30,37,0.00012018306733807549,0,0,3,5,6,2,5,2,1,2,1,2
5,30,38,0.00038323740591295063,0,0,3,5,6,3,5,3,1,2,1,2
5,30,39,0.0012213907903060317,0,0,3,5,6,4,5,4,1,2,1,2
5,30,41,0.5307210683822632,0,1,3,6,6,1,5,0,1,0,1,1
5,30,44,0.4451121687889099,0,1,3,6,6,4,5,0,1,0,1,1
5,30,45,0.018384430557489395,0,1,3,6,6,5,5,0,1,0,1,1
5,31,0,1.4122938409855124e-05,0,0,4,1,1,0,1,0,1,2,1,4
5,31,2,0.007936830632388592,0,0,4,3,1,2,1,1,1,1,1,1
5,31,3,0.030619749799370766,0,0,4,3,1,3,1,1,1,1,1,1
5,31,7,0.012679190374910831,0,0,4,3,1,1,1,2,1,1,1,1
5,31,8,0.024897199124097824,0,0,4,3,1,2,1,2,1,1,1,1
5,31,11,0.003895639209076762,0,0,4,3,1,5,1,2,1,1,1,1
5,31,13,0.3205524682998657,0,0,4,3,1,1,1,3,1,1,1,1
5,31,14,0.02028045803308487,0,0,4,3,1,2,1,3,1,1,1,1
5,31,16,0.005329070147126913,0,0,4,3,1,4,1,3,1,1,1,1
5,31,17,0.011415908113121986,0,0,4,3,1,5,1,3,1,1,1,1
5,31,19,0.012187758460640907,0,0,4,3,1,1,1,4,1,1,1,1
5,31,20,0.008288313634693623,0,0,4,3,1,2,1,4,1,1,1,1
5,31,22,0.000577248283661902,0,0,4,3,1,4,1,4,1,1,1,1
5,31,26,0.003863252466544509,0,0,4,3,1,2,1,5,1,1,1,1
5,31,27,0.004703103564679623,0,0,4,3,1,3,1,5,1,1,1,1
5,31,29,0.00068757712142542,0,0,4,3,1,5,1,5,1,1,1,1
5,31,32,0.05667952448129654,0,0,4,4,1,2,1,2,1,1,1,1
5,31,33,0.45548778772354126,0,0,4,4,1,3,1,3,1,1,1,1
5,31,37,0.0002075080992653966,0,0,4,5,1,2,1,2,1,2,1,2
5,31,38,0.013847102411091328,0,0,4,5,1,3,1,3,1,2,1,2
5,31,39,4.535356492851861e-05,0,0,4,5,1,4,1,4,1,2,1,2
5,31,41,0.004644472151994705,0,1,4,6,1,1,1,0,1,0,1,1
5,31,44,0.0001912822772283107,0,1,4,6,1,4,1,0,1,0,1,1
5,31,45,0.0009689126163721085,0,1,4,6,1,5,1,0,1,0,1,1
5,34,0,0.010979154147207737,0,0,4,1,4,0,4,0,1,2,1,4
5,34,2,0.011299198493361473,0,0,4,3,4,2,4,1,1,1,1,1
5,34,3,0.011063889600336552,0,0,4,3,4,3,4,1,1,1,1,1
5,34,7,0.0362677201628685,0,0,4,3,4,1,4,2,1,1,1,1
5,34,8,0.009516831487417221,0,0,4,3,4,2,4,2,1,1,1,1
5,34,11,0.01799919269979,0,0,4,3,4,5,4,2,1,1,1,1
5,34,13,0.029923152178525925,0,0,4,3,4,1,4,3,1,1,1,1
5,34,14,0.002550363540649414,0,0,4,3,4,2,4,3,1,1,1,1
5,34,16,0.01826467551290989,0,0,4,3,4,4,4,3,1,1,1,1
5,34,17,0.023275135084986687,0,0,4,3,4,5,4,3,1,1,1,1
5,34,19,0.04745153710246086,0,0,4,3,4,1,4,4,1,1,1,1
5,34,20,0.011784052476286888,0,0,4,3,4,2,4,4,1,1,1,1
5,34,22,0.05160386115312576,0,0,4,3,4,4,4,4,1,1,1,1
5,34,26,0.005466827191412449,0,0,4,3,4,2,4,5,1,1,1,1
5,34,27,0.016706572845578194,0,0,4,3,4,3,4,5,1,1,1,1
5,34,29,0.011547679081559181,0,0,4,3,4,5,4,5,1,1,1,1
5,34,32,0.008336121216416359,0,0,4,4,4,2,4,2,1,1,1,1
5,34,33,0.021069785580039024,0,0,4,4,4,3,4,3,1,1,1,1
5,34,37,0.06141643971204758,0,0,4,5,4,2,4,2,1,2,1,2
5,34,38,0.030935414135456085,0,0,4,5,4,3,4,3,1,2,1,2
5,34,39,0.15956386923789978,0,0,4,5,4,4,4,4,1,2,1,2
5,34,41,0.15439967811107635,0,1,4,6,4,1,4,0,1,0,1,1
5,34,44,0.14588606357574463,0,1,4,6,4,4,4,0,1,0,1,1
5,34,45,0.10269296169281006,0,1,4,6,4,5,4,0,1,0,1,1
5,35,0,0.00016475000302307308,0,0,4,1,5,0,5,0,1,2,1,4
5,35,2,0.009268415160477161,0,0,4,3,5,2,5,1,1,1,1,1
5,35,3,0.021546781063079834,0,0,4,3,5,3,5,1,1,1,1,1
5,35,7,0.007419253699481487,0,0,4,3,5,1,5,2,1,1,1,1
5,35,8,0.011437374167144299,0,0,4,3,5,2,5,2,1,1,1,1
5,35,11,0.0037180487997829914,0,0,4,3,5,5,5,2,1,1,1,1
5,35,13,0.1533958464860916,0,0,4,3,5,1,5,3,1,1,1,1
5,35,14,0.006375766359269619,0,0,4,3,5,2,5,3,1,1,1,1
5,35,16,0.004669829737395048,0,0,4,3,5,4,5,3,1,1,1,1
5,35,17,0.015459475107491016,0,0,4,3,5,5,5,3,1,1,1,1
5,35,19,0.06882505863904953,0,0,4,3,5,1,5,4,1,1,1,1
5,35,20,0.00923189241439104,0,0,4,3,5,2,5,4,1,1,1,1
5,35,22,0.0071726455353200436,0,0,4,3,5,4,5,4,1,1,1,1
5,35,26,0.002475572284311056,0,0,4,3,5,2,5,5,1,1,1,1
5,35,27,0.011272722855210304,0,0,4,3,5,3,5,5,1,1,1,1
5,35,29,0.002710438799113035,0,0,4,3,5,5,5,5,1,1,1,1
5,35,32,0.0025956390891224146,0,0,4,4,5,2,5,2,1,1,1,1
5,35,33,0.017734291031956673,0,0,4,4,5,3,5,3,1,1,1,1
5,35,37,0.0026596516836434603,0,0,4,5,5,2,5,2,1,2,1,2
5,35,38,0.05161765590310097,0,0,4,5,5,3,5,3,1,2,1,2
5,35,39,0.005327957682311535,0,0,4,5,5,4,5,4,1,2,1,2
5,35,41,0.4950202703475952,0,1,4,6,5,1,5,0,1,0,1,1
5,35,44,0.0574360117316246,0,1,4,6,5,4,5,0,1,0,1,1
5,35,45,0.03246491029858589,0,1,4,6,5,5,5,0,1,0,1,1
5,36,0,7.100129096215824e-06,0,0,5,1,1,0,1,0,2,2,2,4
5,36,2,0.00010837474110303447,0,0,5,3,1,2,1,1,2,1,2,1
5,36,3,0.0009522055624984205,0,0,5,3,1,3,1,1,2,1,2,1
5,36,7,0.001659359666518867,0,0,5,3,1,1,1,2,2,1,2,1
5,36,8,0.0005557868862524629,0,0,5,3,1,2,1,2,2,1,2,1
5,36,11,0.014728683046996593,0,0,5,3,1,5,1,2,2,1,2,1
5,36,13,0.018235787749290466,0,0,5,3,1,1,1,3,2,1,2,1
5,36,14,0.0013057560427114367,0,0,5,3,1,2,1,3,2,1,2,1
5,36,16,0.0031404660549014807,0,0,5,3,1,4,1,3,2,1,2,1
5,36,17,0.009954034350812435,0,0,5,3,1,5,1,3,2,1,2,1
5,36,19,0.001322528813034296,0,0,5,3,1,1,1,4,2,1,2,1
5,36,20,0.0003740085521712899,0,0,5,3,1,2,1,4,2,1,2,1
5,36,22,0.00013391069660428911,0,0,5,3,1,4,1,4,2,1,2,1
5,36,26,0.0014520410913974047,0,0,5,3,1,2,1,5,2,1,2,1
5,36,27,0.004674243740737438,0,0,5,3,1,3,1,5,2,1,2,1
5,36,29,0.004347940441220999,0,0,5,3,1,5,1,5,2,1,2,1
5,36,32,0.03357096388936043,0,0,5,4,1,2,1,2,2,1,2,1
5,36,33,0.9015370011329651,0,0,5,4,1,3,1,3,2,1,2,1
5,36,37,0.0002782385272439569,0,0,5,5,1,2,1,2,2,2,2,2
5,36,38,0.0015412423526868224,0,0,5,5,1,3,1,3,2,2,2,2
5,36,39,5.2865114412270486e-05,0,0,5,5,1,4,1,4,2,2,2,2
5,36,41,1.0765122169686947e-05,0,1,5,6,1,1,1,0,2,0,2,1
5,36,44,5.522488208953291e-06,0,1,5,6,1,4,1,0,2,0,2,1
5,36,45,5.138674532645382e-05,0,1,5,6,1,5,1,0,2,0,2,1
5,40,0,6.563232454936951e-05,0,0,5,1,5,0,5,0,2,2,2,4
5,40,2,0.000611241499427706,0,0,5,3,5,2,5,1,2,1,2,1
5,40,3,0.018013151362538338,0,0,5,3,5,3,5,1,2,1,2,1
5,40,7,0.0144782904535532,0,0,5,3,5,1,5,2,2,1,2,1
5,40,8,0.008908199146389961,0,0,5,3,5,2,5,2,2,1,2,1
5,40,11,0.08819014579057693,0,0,5,3,5,5,5,2,2,1,2,1
5,40,13,0.22900868952274323,0,0,5,3,5,1,5,3,2,1,2,1
5,40,14,0.00601586839184165,0,0,5,3,5,2,5,3,2,1,2,1
5,40,16,0.006674754898995161,0,0,5,3,5,4,5,3,2,1,2,1
5,40,17,0.059276241809129715,0,0,5,3,5,5,5,3,2,1,2,1
5,40,19,0.06801600754261017,0,0,5,3,5,1,5,4,2,1,2,1
5,40,20,0.0017915115458890796,0,0,5,3,5,2,5,4,2,1,2,1
5,40,22,0.004093969240784645,0,0,5,3,5,4,5,4,2,1,2,1
5,40,26,0.002127526095137,0,0,5,3,5,2,5,5,2,1,2,1
5,40,27,0.022784966975450516,0,0,5,3,5,3,5,5,2,1,2,1
5,40,29,0.02725173346698284,0,0,5,3,5,5,5,5,2,1,2,1
5,40,32,0.01833374612033367,0,0,5,4,5,2,5,2,2,1,2,1
5,40,33,0.2559409737586975,0,0,5,4,5,3,5,3,2,1,2,1
5,40,37,0.016669543460011482,0,0,5,5,5,2,5,2,2,2,2,2
5,40,38,0.09557250142097473,0,0,5,5,5,3,5,3,2,2,2,2
5,40,39,0.014930644072592258,0,0,5,5,5,4,5,4,2,2,2,2
5,40,41,0.02376045286655426,0,1,5,6,5,1,5,0,2,0,2,1
5,40,44,0.007245044223964214,0,1,5,6,5,4,5,0,2,0,2,1
5,40,45,0.010238918475806713,0,1,5,6,5,5,5,0,2,0,2,1
5,42,0,0.9723712205886841,1,0,6,1,2,0,0,0,0,2,1,4
5,42,2,1.0849601494555827e-05,1,0,6,3,2,2,0,1,0,1,1,1
5,42,3,1.0866671118492377e-06,1,0,6,3,2,3,0,1,0,1,1,1
5,42,7,7.912439286883455e-06,1,0,6,3,2,1,0,2,0,1,1,1
5,42,8,8.572222213842906e-06,1,0,6,3,2,2,0,2,0,1,1,1
5,42,11,2.1678397388313897e-06,1,0,6,3,2,5,0,2,0,1,1,1
5,42,13,9.267287026659687e-08,1,0,6,3,2,1,0,3,0,1,1,1
5,42,14,1.8764047126751393e-05,1,0,6,3,2,2,0,3,0,1,1,1
5,42,16,8.983807492768392e-05,1,0,6,3,2,4,0,3,0,1,1,1
5,42,17,8.124169426082517e-07,1,0,6,3,2,5,0,3,0,1,1,1
5,42,19,8.940097018239612e-07,1,0,6,3,2,1,0,4,0,1,1,1
5,42,20,8.962510946730617e-06,1,0,6,3,2,2,0,4,0,1,1,1
5,42,22,5.1613271352835e-05,1,0,6,3,2,4,0,4,0,1,1,1
5,42,26,4.9533227866049856e-05,1,0,6,3,2,2,0,5,0,1,1,1
5,42,27,3.6861986245639855e-06,1,0,6,3,2,3,0,5,0,1,1,1
5,42,29,1.7759396087058121e-06,1,0,6,3,2,5,0,5,0,1,1,1
5,42,32,5.9679987316485494e-06,1,0,6,4,2,2,0,2,0,1,1,1
5,42,33,1.0856190613139916e-07,1,0,6,4,2,3,0,3,0,1,1,1
5,42,37,0.0016788393259048462,1,0,6,5,2,2,0,2,0,2,1,2
5,42,38,7.65695767768193e-06,1,0,6,5,2,3,0,3,0,2,1,2
5,42,39,0.0017248752992600203,1,0,6,5,2,4,0,4,0,2,1,2
5,42,41,0.0010244641453027725,1,1,6,6,2,1,0,0,0,0,1,1
5,42,44,0.022788090631365776,1,1,6,6,2,4,0,0,0,0,1,1
5,42,45,0.00014220054436009377,1,1,6,6,2,5,0,0,0,0,1,1
5,43,0,0.9950131177902222,1,0,6,1,3,0,0,0,0,2,1,4
5,43,2,1.4625926496592e-06,1,0,6,3,3,2,0,1,0,1,1,1
5,43,3,3.1465185656998074e-07,1,0,6,3,3,3,0,1,0,1,1,1
5,43,7,1.4996309118942008e-06,1,0,6,3,3,1,0,2,0,1,1,1
5,43,8,2.412153037312237e-07,1,0,6,3,3,2,0,2,0,1,1,1
5,43,11,1.9521669969435607e-07,1,0,6,3,3,5,0,2,0,1,1,1
5,43,13,5.466866070946708e-09,1,0,6,3,3,1,0,3,0,1,1,1
5,43,14,8.903936645765498e-07,1,0,6,3,3,2,0,3,0,1,1,1
5,43,16,1.8366357835475355e-05,1,0,6,3,3,4,0,3,0,1,1,1
5,43,17,1.1786730169660586e-07,1,0,6,3,3,5,0,3,0,1,1,1
5,43,19,2.834001975315914e-07,1,0,6,3,3,1,0,4,0,1,1,1
5,43,20,1.7352103895973414e-06,1,0,6,3,3,2,0,4,0,1,1,1
5,43,22,4.3538599129533395e-05,1,0,6,3,3,4,0,4,0,1,1,1
5,43,26,2.6570784029900096e-05,1,0,6,3,3,2,0,5,0,1,1,1
5,43,27,7.152831130952109e-06,1,0,6,3,3,3,0,5,0,1,1,1
5,43,29,4.853121708947583e-07,1,0,6,3,3,5,0,5,0,1,1,1
5,43,32,5.579209982897737e-07,1,0,6,4,3,2,0,2,0,1,1,1
5,43,33,8.331752354706623e-08,1,0,6,4,3,3,0,3,0,1,1,1
5,43,37,0.0010224252473562956,1,0,6,5,3,2,0,2,0,2,1,2
5,43,38,3.089112215093337e-05,1,0,6,5,3,3,0,3,0,2,1,2
5,43,39,0.0014348550466820598,1,0,6,5,3,4,0,4,0,2,1,2
5,43,41,7.28728628018871e-05,1,1,6,6,3,1,0,0,0,0,1,1
5,43,44,0.0023114292416721582,1,1,6,6,3,4,0,0,0,0,1,1
5,43,45,1.074708688975079e-05,1,1,6,6,3,5,0,0,0,0,1,1
5,46,0,0.9953410625457764,1,0,6,1,6,0,0,0,0,2,1,4
5,46,2,0.000168064289027825,1,0,6,3,6,2,0,1,0,1,1,1
5,46,3,1.8574148271000013e-05,1,0,6,3,6,3,0,1,0,1,1,1
5,46,7,2.6096122383023612e-05,1,0,6,3,6,1,0,2,0,1,1,1
5,46,8,5.5922042520251125e-05,1,0,6,3,6,2,0,2,0,1,1,1
5,46,11,9.799446161196101e-06,1,0,6,3,6,5,0,2,0,1,1,1
5,46,13,1.4616312000725884e-06,1,0,6,3,6,1,0,3,0,1,1,1
5,46,14,0.00028460752218961716,1,0,6,3,6,2,0,3,0,1,1,1
5,46,16,0.0004046598041895777,1,0,6,3,6,4,0,3,0,1,1,1
5,46,17,2.7604498882283224e-06,1,0,6,3,6,5,0,3,0,1,1,1
5,46,19,9.78312755250954e-07,1,0,6,3,6,1,0,4,0,1,1,1
5,46,20,4.2648422095226124e-05,1,0,6,3,6,2,0,4,0,1,1,1
5,46,22,1.3511284123524092e-05,1,0,6,3,6,4,0,4,0,1,1,1
5,46,26,0.0013267090544104576,1,0,6,3,6,2,0,5,0,1,1,1
5,46,27,3.22841624438297e-05,1,0,6,3,6,3,0,5,0,1,1,1
5,46,29,1.3015680451644585e-05,1,0,6,3,6,5,0,5,0,1,1,1
5,46,32,0.0002264004579046741,1,0,6,4,6,2,0,2,0,1,1,1
5,46,33,6.103012310632039e-06,1,0,6,4,6,3,0,3,0,1,1,1
5,46,37,0.0014879351947456598,1,0,6,5,6,2,0,2,0,2,1,2
5,46,38,1.969934419321362e-05,1,0,6,5,6,3,0,3,0,2,1,2
5,46,39,0.0001962089299922809,1,0,6,5,6,4,0,4,0,2,1,2
5,46,41,2.1945163098280318e-05,1,1,6,6,6,1,0,0,0,0,1,1
5,46,44,0.0002971469657495618,1,1,6,6,6,4,0,0,0,0,1,1
5,46,45,2.489499593139044e-06,1,1,6,6,6,5,0,0,0,0,1,1
5,47,0,1.0601530448184349e-05,2,0,7,1,0,0,0,0,0,2,4,4
5,47,2,0.0029080312233418226,2,0,7,3,0,2,0,1,0,1,4,1
5,47,3,5.2430088544497266e-05,2,0,7,3,0,3,0,1,0,1,4,1
5,47,7,7.896645547589287e-05,2,0,7,3,0,1,0,2,0,1,4,1
5,47,8,0.224969282746315,2,0,7,3,0,2,0,2,0,1,4,1
5,47,11,4.9112313718069345e-05,2,0,7,3,0,5,0,2,0,1,4,1
5,47,13,0.0002310706622665748,2,0,7,3,0,1,0,3,0,1,4,1
5,47,14,0.0013204595306888223,2,0,7,3,0,2,0,3,0,1,4,1
5,47,16,7.23354023648426e-05,2,0,7,3,0,4,0,3,0,1,4,1
5,47,17,1.4265027857618406e-05,2,0,7,3,0,5,0,3,0,1,4,1
5,47,19,3.3151870866277022e-06,2,0,7,3,0,1,0,4,0,1,4,1
5,47,20,0.00530292559415102,2,0,7,3,0,2,0,4,0,1,4,1
5,47,22,2.037263811871526e-06,2,0,7,3,0,4,0,4,0,1,4,1
5,47,26,0.0025683175772428513,2,0,7,3,0,2,0,5,0,1,4,1
5,47,27,1.8170018165619695e-06,2,0,7,3,0,3,0,5,0,1,4,1
5,47,29,1.5820012777112424e-05,2,0,7,3,0,5,0,5,0,1,4,1
5,47,32,0.7494460940361023,2,0,7,4,0,2,0,2,0,1,4,1
5,47,33,0.009611987508833408,2,0,7,4,0,3,0,3,0,1,4,1
5,47,37,0.0032700696028769016,2,0,7,5,0,2,0,2,0,2,4,2
5,47,38,2.0475465134950355e-05,2,0,7,5,0,3,0,3,0,2,4,2
5,47,39,9.18213345357799e-07,2,0,7,5,0,4,0,4,0,2,4,2
5,47,41,2.3755417714710347e-05,2,1,7,6,0,1,0,0,0,0,4,1
5,47,44,9.65132244346023e-07,2,1,7,6,0,4,0,0,0,0,4,1
5,47,45,2.546294308558572e-05,2,1,7,6,0,5,0,0,0,0,4,1
6,1,0,0.44948580861091614,0,0,3,1,1,0,1,0,1,2,1,4
6,1,3,0.002443889621645212,0,0,3,3,1,3,1,1,1,1,1,1
6,1,4,0.02103412337601185,0,0,3,3,1,4,1,1,1,1,1,1
6,1,5,0.000927671033423394,0,0,3,3,1,5,1,1,1,1,1,1
6,1,9,0.0004893087898381054,0,0,3,3,1,3,1,2,1,1,1,1
6,1,11,0.0011383097153156996,0,0,3,3,1,5,1,2,1,1,1,1
6,1,12,0.0002792914165183902,0,0,3,3,1,6,1,2,1,1,1,1
6,1,14,0.004240283276885748,0,0,3,3,1,2,1,3,1,1,1,1
6,1,16,0.0016551121370866895,0,0,3,3,1,4,1,3,1,1,1,1
6,1,17,0.003333452856168151,0,0,3,3,1,5,1,3,1,1,1,1
6,1,20,0.002538216533139348,0,0,3,3,1,2,1,4,1,1,1,1
6,1,21,0.0010060517815873027,0,0,3,3,1,3,1,4,1,1,1,1
6,1,22,0.0016071680001914501,0,0,3,3,1,4,1,4,1,1,1,1
6,1,25,0.00900935661047697,0,0,3,3,1,1,1,5,1,1,1,1
6,1,27,0.0014605459291487932,0,0,3,3,1,3,1,5,1,1,1,1
6,1,30,0.0033090272918343544,0,0,3,3,1,6,1,5,1,1,1,1
6,1,33,0.009818757884204388,0,0,3,4,1,3,1,3,1,1,1,1
6,1,34,0.007882095873355865,0,0,3,4,1,4,1,4,1,1,1,1
6,1,35,0.00377046805806458,0,0,3,4,1,5,1,5,1,1,1,1
6,1,39,0.03808659315109253,0,0,3,5,1,4,1,4,1,2,1,2
6,1,40,0.1246500015258789,0,0,3,5,1,5,1,5,1,2,1,2
6,1,41,0.07067736238241196,0,1,3,6,1,1,1,0,1,0,1,1
6,1,44,0.05120353400707245,0,1,3,6,1,4,1,0,1,0,1,1
6,1,46,0.18995383381843567,0,1,3,6,1,6,1,0,1,0,1,1
6,2,0,0.2428218126296997,0,0,3,1,2,0,1,0,1,2,1,4
6,2,3,0.006148858927190304,0,0,3,3,2,3,1,1,1,1,1,1
6,2,4,0.11459682881832123,0,0,3,3,2,4,1,1,1,1,1,1
6,2,5,0.0017015587072819471,0,0,3,3,2,5,1,1,1,1,1,1
6,2,9,0.0014895852655172348,0,0,3,3,2,3,1,2,1,1,1,1
6,2,11,0.00029269070364534855,0,0,3,3,2,5,1,2,1,1,1,1
6,2,12,0.0004346048226580024,0,0,3,3,2,6,1,2,1,1,1,1
6,2,14,0.006897066254168749,0,0,3,3,2,2,1,3,1,1,1,1
6,2,16,0.004570199176669121,0,0,3,3,2,4,1,3,1,1,1,1
6,2,17,0.0016080867499113083,0,0,3,3,2,5,1,3,1,1,1,1
6,2,20,0.0008874712511897087,0,0,3,3,2,2,1,4,1,1,1,1
6,2,21,0.0006223710370250046,0,0,3,3,2,3,1,4,1,1,1,1
6,2,22,0.004583809059113264,0,0,3,3,2,4,1,4,1,1,1,1
6,2,25,0.0048019252717494965,0,0,3,3,2,1,1,5,1,1,1,1
6,2,27,0.005047958809882402,0,0,3,3,2,3,1,5,1,1,1,1
6,2,30,0.008776744827628136,0,0,3,3,2,6,1,5,1,1,1,1
6,2,33,0.035970233380794525,0,0,3,4,2,3,1,3,1,1,1,1
6,2,34,0.08661255985498428,0,0,3,4,2,4,1,4,1,1,1,1
6,2,35,0.0048466515727341175,0,0,3,4,2,5,1,5,1,1,1,1
6,2,39,0.07562500238418579,0,0,3,5,2,4,1,4,1,2,1,2
6,2,40,0.02960207127034664,0,0,3,5,2,5,1,5,1,2,1,2
6,2,41,0.09218446910381317,0,1,3,6,2,1,1,0,1,0,1,1
6,2,44,0.17393045127391815,0,1,3,6,2,4,1,0,1,0,1,1
6,2,46,0.09594722837209702,0,1,3,6,2,6,1,0,1,0,1,1
6,6,0,0.06262320280075073,0,0,3,1,6,0,1,0,1,2,1,4
6,6,3,0.013303590007126331,0,0,3,3,6,3,1,1,1,1,1,1
6,6,4,0.028138864785432816,0,0,3,3,6,4,1,1,1,1,1,1
6,6,5,0.04393361136317253,0,0,3,3,6,5,1,1,1,1,1,1
6,6,9,0.00041236853576265275,0,0,3,3,6,3,1,2,1,1,1,1
6,6,11,0.011652836576104164,0,0,3,3,6,5,1,2,1,1,1,1
6,6,12,0.00020126649178564548,0,0,3,3,6,6,1,2,1,1,1,1
6,6,14,0.003809893038123846,0,0,3,3,6,2,1,3,1,1,1,1
6,6,16,0.0013864204520359635,0,0,3,3,6,4,1,3,1,1,1,1
6,6,17,0.026327146217226982,0,0,3,3,6,5,1,3,1,1,1,1
6,6,20,0.012322626076638699,0,0,3,3,6,2,1,4,1,1,1,1
6,6,21,0.006682439707219601,0,0,3,3,6,3,1,4,1,1,1,1
6,6,22,0.005210323724895716,0,0,3,3,6,4,1,4,1,1,1,1
6,6,25,0.20041310787200928,0,0,3,3,6,1,1,5,1,1,1,1
6,6,27,0.01647484488785267,0,0,3,3,6,3,1,5,1,1,1,1
6,6,30,0.013220550492405891,0,0,3,3,6,6,1,5,1,1,1,1
6,6,33,0.05080341547727585,0,0,3,4,6,3,1,3,1,1,1,1
6,6,34,0.010376478545367718,0,0,3,4,6,4,1,4,1,1,1,1
6,6,35,0.08440602570772171,0,0,3,4,6,5,1,5,1,1,1,1
6,6,39,0.0014968198956921697,0,0,3,5,6,4,1,4,1,2,1,2
6,6,40,0.2985014021396637,0,0,3,5,6,5,1,5,1,2,1,2
6,6,41,0.09041038155555725,0,1,3,6,6,1,1,0,1,0,1,1
6,6,44,0.0056455922313034534,0,1,3,6,6,4,1,0,1,0,1,1
6,6,46,0.012246675789356232,0,1,3,6,6,6,1,0,1,0,1,1
6,7,0,0.18557842075824738,0,0,3,1,1,0,2,0,1,2,1,4
6,7,3,0.004335805308073759,0,0,3,3,1,3,2,1,1,1,1,1
6,7,4,0.0022437453735619783,0,0,3,3,1,4,2,1,1,1,1,1
6,7,5,0.003106142859905958,0,0,3,3,1,5,2,1,1,1,1,1
6,7,9,0.0005424174596555531,0,0,3,3,1,3,2,2,1,1,1,1
6,7,11,0.006053638178855181,0,0,3,3,1,5,2,2,1,1,1,1
6,7,12,0.0008519608527421951,0,0,3,3,1,6,2,2,1,1,1,1
6,7,14,0.0029721034225076437,0,0,3,3,1,2,2,3,1,1,1,1
6,7,16,0.002934237476438284,0,0,3,3,1,4,2,3,1,1,1,1
6,7,17,0.026066716760396957,0,0,3,3,1,5,2,3,1,1,1,1
6,7,20,0.004217970184981823,0,0,3,3,1,2,2,4,1,1,1,1
6,7,21,0.0030855988152325153,0,0,3,3,1,3,2,4,1,1,1,1
6,7,22,0.0018946535419672728,0,0,3,3,1,4,2,4,1,1,1,1
6,7,25,0.10193534940481186,0,0,3,3,1,1,2,5,1,1,1,1
6,7,27,0.004402204882353544,0,0,3,3,1,3,2,5,1,1,1,1
6,7,30,0.007441516499966383,0,0,3,3,1,6,2,5,1,1,1,1
6,7,33,0.003443705616518855,0,0,3,4,1,3,2,3,1,1,1,1
6,7,34,0.0037264004349708557,0,0,3,4,1,4,2,4,1,1,1,1
6,7,35,0.010414617136120796,0,0,3,4,1,5,2,5,1,1,1,1
6,7,39,0.05870865657925606,0,0,3,5,1,4,2,4,1,2,1,2
6,7,40,0.4976625442504883,0,0,3,5,1,5,2,5,1,2,1,2
6,7,41,0.026227591559290886,0,1,3,6,1,1,2,0,1,0,1,1
6,7,44,0.0045366110280156136,0,1,3,6,1,4,2,0,1,0,1,1
6,7,46,0.037617266178131104,0,1,3,6,1,6,2,0,1,0,1,1
6,8,0,0.0358797125518322,0,0,3,1,2,0,2,0,1,2,1,4
6,8,3,0.012038012966513634,0,0,3,3,2,3,2,1,1,1,1,1
6,8,4,0.0002913455537054688,0,0,3,3,2,4,2,1,1,1,1,1
6,8,5,0.015442410483956337,0,0,3,3,2,5,2,1,1,1,1,1
6,8,9,0.002797283697873354,0,0,3,3,2,3,2,2,1,1,1,1
6,8,11,0.023227399215102196,0,0,3,3,2,5,2,2,1,1,1,1
6,8,12,0.004748302977532148,0,0,3,3,2,6,2,2,1,1,1,1
6,8,14,0.0038131088949739933,0,0,3,3,2,2,2,3,1,1,1,1
6,8,16,0.018521249294281006,0,0,3,3,2,4,2,3,1,1,1,1
6,8,17,0.07740665227174759,0,0,3,3,2,5,2,3,1,1,1,1
6,8,20,0.002505896147340536,0,0,3,3,2,2,2,4,1,1,1,1
6,8,21,0.005582531448453665,0,0,3,3,2,3,2,4,1,1,1,1
6,8,22,0.0032726589124649763,0,0,3,3,2,4,2,4,1,1,1,1
6,8,25,0.15918560326099396,0,0,3,3,2,1,2,5,1,1,1,1
6,8,27,0.03355327993631363,0,0,3,3,2,3,2,5,1,1,1,1
6,8,30,0.018952202051877975,0,0,3,3,2,6,2,5,1,1,1,1
6,8,33,0.006598150823265314,0,0,3,4,2,3,2,3,1,1,1,1
6,8,34,0.006757957860827446,0,0,3,4,2,4,2,4,1,1,1,1
6,8,35,0.01629839651286602,0,0,3,4,2,5,2,5,1,1,1,1
6,8,39,0.05815690755844116,0,0,3,5,2,4,2,4,1,2,1,2
6,8,40,0.48736581206321716,0,0,3,5,2,5,2,5,1,2,1,2
6,8,41,0.006315917242318392,0,1,3,6,2,1,2,0,1,0,1,1
6,8,44,0.000708417734131217,0,1,3,6,2,4,2,0,1,0,1,1
6,8,46,0.0005809299764223397,0,1,3,6,2,6,2,0,1,0,1,1
6,10,0,0.01771465130150318,0,0,3,1,4,0,2,0,1,2,1,4
6,10,3,0.0005713753635063767,0,0,3,3,4,3,2,1,1,1,1,1
6,10,4,4.1743410292838234e-06,0,0,3,3,4,4,2,1,1,1,1,1
6,10,5,0.0039105722680687904,0,0,3,3,4,5,2,1,1,1,1,1
6,10,9,2.0356324966996908e-05,0,0,3,3,4,3,2,2,1,1,1,1
6,10,11,0.003356124507263303,0,0,3,3,4,5,2,2,1,1,1,1
6,10,12,0.0001396673615090549,0,0,3,3,4,6,2,2,1,1,1,1
6,10,14,0.0001545626437291503,0,0,3,3,4,2,2,3,1,1,1,1
6,10,16,0.0006915002013556659,0,0,3,3,4,4,2,3,1,1,1,1
6,10,17,0.03119524195790291,0,0,3,3,4,5,2,3,1,1,1,1
6,10,20,0.00045217396109364927,0,0,3,3,4,2,2,4,1,1,1,1
6,10,21,0.0006450629443861544,0,0,3,3,4,3,2,4,1,1,1,1
6,10,22,0.000309962488245219,0,0,3,3,4,4,2,4,1,1,1,1
6,10,25,0.2874925136566162,0,0,3,3,4,1,2,5,1,1,1,1
6,10,27,0.00734279491007328,0,0,3,3,4,3,2,5,1,1,1,1
6,10,30,0.0011902916012331843,0,0,3,3,4,6,2,5,1,1,1,1
6,10,33,5.942720963503234e-05,0,0,3,4,4,3,2,3,1,1,1,1
6,10,34,0.00010894115985138342,0,0,3,4,4,4,2,4,1,1,1,1
6,10,35,0.010307780466973782,0,0,3,4,4,5,2,5,1,1,1,1
6,10,39,0.005750838667154312,0,0,3,5,4,4,2,4,1,2,1,2
6,10,40,0.6135660409927368,0,0,3,5,4,5,2,5,1,2,1,2
6,10,41,0.014429598115384579,0,1,3,6,4,1,2,0,1,0,1,1
6,10,44,0.00024503053282387555,0,1,3,6,4,4,2,0,1,0,1,1
6,10,46,0.0003407149633858353,0,1,3,6,4,6,2,0,1,0,1,1
6,13,0,0.24637097120285034,0,0,3,1,1,0,3,0,1,2,1,4
6,13,3,0.03925955668091774,0,0,3,3,1,3,3,1,1,1,1,1
6,13,4,0.003796529723331332,0,0,3,3,1,4,3,1,1,1,1,1
6,13,5,0.01413740310817957,0,0,3,3,1,5,3,1,1,1,1,1
6,13,9,0.0067624361254274845,0,0,3,3,1,3,3,2,1,1,1,1
6,13,11,0.017133627086877823,0,0,3,3,1,5,3,2,1,1,1,1
6,13,12,0.0021714461036026478,0,0,3,3,1,6,3,2,1,1,1,1
6,13,14,0.007450368255376816,0,0,3,3,1,2,3,3,1,1,1,1
6,13,16,0.013591908849775791,0,0,3,3,1,4,3,3,1,1,1,1
6,13,17,0.049067236483097076,0,0,3,3,1,5,3,3,1,1,1,1
6,13,20,0.00526819285005331,0,0,3,3,1,2,3,4,1,1,1,1
6,13,21,0.0069644032046198845,0,0,3,3,1,3,3,4,1,1,1,1
6,13,22,0.0021068232599645853,0,0,3,3,1,4,3,4,1,1,1,1
6,13,25,0.04482024908065796,0,0,3,3,1,1,3,5,1,1,1,1
6,13,27,0.01411521341651678,0,0,3,3,1,3,3,5,1,1,1,1
6,13,30,0.014499460346996784,0,0,3,3,1,6,3,5,1,1,1,1
6,13,33,0.08679462224245071,0,0,3,4,1,3,3,3,1,1,1,1
6,13,34,0.008152320981025696,0,0,3,4,1,4,3,4,1,1,1,1
6,13,35,0.008926761336624622,0,0,3,4,1,5,3,5,1,1,1,1
6,13,39,0.030836282297968864,0,0,3,5,1,4,3,4,1,2,1,2
6,13,40,0.34754088521003723,0,0,3,5,1,5,3,5,1,2,1,2
6,13,41,0.01664697378873825,0,1,3,6,1,1,3,0,1,0,1,1
6,13,44,0.0058351969346404076,0,1,3,6,1,4,3,0,1,0,1,1
6,13,46,0.007751483470201492,0,1,3,6,1,6,3,0,1,0,1,1
6,15,0,0.21367231011390686,0,0,3,1,3,0,3,0,1,2,1,4
6,15,3,0.025140974670648575,0,0,3,3,3,3,3,1,1,1,1,1
6,15,4,0.0025456782896071672,0,0,3,3,3,4,3,1,1,1,1,1
6,15,5,0.011727442033588886,0,0,3,3,3,5,3,1,1,1,1,1
6,15,9,0.0010279890848323703,0,0,3,3,3,3,3,2,1,1,1,1
6,15,11,0.004616918973624706,0,0,3,3,3,5,3,2,1,1,1,1
6,15,12,0.00040972238639369607,0,0,3,3,3,6,3,2,1,1,1,1
6,15,14,0.0015421477146446705,0,0,3,3,3,2,3,3,1,1,1,1
6,15,16,0.0038201191928237677,0,0,3,3,3,4,3,3,1,1,1,1
6,15,17,0.04407119378447533,0,0,3,3,3,5,3,3,1,1,1,1
6,15,20,0.0013622140977531672,0,0,3,3,3,2,3,4,1,1,1,1
6,15,21,0.0021432219073176384,0,0,3,3,3,3,3,4,1,1,1,1
6,15,22,0.000969422108028084,0,0,3,3,3,4,3,4,1,1,1,1
6,15,25,0.0708659365773201,0,0,3,3,3,1,3,5,1,1,1,1
6,15,27,0.008336073718965054,0,0,3,3,3,3,3,5,1,1,1,1
6,15,30,0.005705927964299917,0,0,3,3,3,6,3,5,1,1,1,1
6,15,33,0.05268729850649834,0,0,3,4,3,3,3,3,1,1,1,1
6,15,34,0.004076674580574036,0,0,3,4,3,4,3,4,1,1,1,1
6,15,35,0.011034375056624413,0,0,3,4,3,5,3,5,1,1,1,1
6,15,39,0.01772558130323887,0,0,3,5,3,4,3,4,1,2,1,2
6,15,40,0.45149490237236023,0,0,3,5,3,5,3,5,1,2,1,2
6,15,41,0.04301266372203827,0,1,3,6,3,1,3,0,1,0,1,1
6,15,44,0.007288582157343626,0,1,3,6,3,4,3,0,1,0,1,1
6,15,46,0.014722702093422413,0,1,3,6,3,6,3,0,1,0,1,1
6,18,0,0.04211677610874176,0,0,3,1,6,0,3,0,1,2,1,4
6,18,3,0.08895048499107361,0,0,3,3,6,3,3,1,1,1,1,1
6,18,4,0.004944118205457926,0,0,3,3,6,4,3,1,1,1,1,1
6,18,5,0.08575568348169327,0,0,3,3,6,5,3,1,1,1,1,1
6,18,9,0.005893316585570574,0,0,3,3,6,3,3,2,1,1,1,1
6,18,11,0.03408658877015114,0,0,3,3,6,5,3,2,1,1,1,1
6,18,12,0.0007642483687959611,0,0,3,3,6,6,3,2,1,1,1,1
6,18,14,0.004233804997056723,0,0,3,3,6,2,3,3,1,1,1,1
6,18,16,0.007550970651209354,0,0,3,3,6,4,3,3,1,1,1,1
6,18,17,0.07754366099834442,0,0,3,3,6,5,3,3,1,1,1,1
6,18,20,0.003603725228458643,0,0,3,3,6,2,3,4,1,1,1,1
6,18,21,0.0068742213770747185,0,0,3,3,6,3,3,4,1,1,1,1
6,18,22,0.0029755006544291973,0,0,3,3,6,4,3,4,1,1,1,1
6,18,25,0.1119147390127182,0,0,3,3,6,1,3,5,1,1,1,1
6,18,27,0.04558844119310379,0,0,3,3,6,3,3,5,1,1,1,1
6,18,30,0.01779087446630001,0,0,3,3,6,6,3,5,1,1,1,1
6,18,33,0.2703099250793457,0,0,3,4,6,3,3,3,1,1,1,1
6,18,34,0.005041873548179865,0,0,3,4,6,4,3,4,1,1,1,1
6,18,35,0.01957317627966404,0,0,3,4,6,5,3,5,1,1,1,1
6,18,39,0.0007943547097966075,0,0,3,5,6,4,3,4,1,2,1,2
6,18,40,0.15525522828102112,0,0,3,5,6,5,3,5,1,2,1,2
6,18,41,0.007440108340233564,0,1,3,6,6,1,3,0,1,0,1,1
6,18,44,0.0007437649182975292,0,1,3,6,6,4,3,0,1,0,1,1
6,18,46,0.00025426759384572506,0,1,3,6,6,6,3,0,1,0,1,1
6,19,0,0.014235646463930607,0,0,3,1,1,0,4,0,1,2,1,4
6,19,3,0.001469042501412332,0,0,3,3,1,3,4,1,1,1,1,1
6,19,4,0.00027983554173260927,0,0,3,3,1,4,4,1,1,1,1,1
6,19,5,0.0001946178963407874,0,0,3,3,1,5,4,1,1,1,1,1
6,19,9,0.0032792738638818264,0,0,3,3,1,3,4,2,1,1,1,1
6,19,11,0.002826882293447852,0,0,3,3,1,5,4,2,1,1,1,1
6,19,12,0.005121257621794939,0,0,3,3,1,6,4,2,1,1,1,1
6,19,14,0.0212421752512455,0,0,3,3,1,2,4,3,1,1,1,1
6,19,16,0.015517733991146088,0,0,3,3,1,4,4,3,1,1,1,1
6,19,17,0.0658092275261879,0,0,3,3,1,5,4,3,1,1,1,1
6,19,20,0.0038588237948715687,0,0,3,3,1,2,4,4,1,1,1,1
6,19,21,0.002916688332334161,0,0,3,3,1,3,4,4,1,1,1,1
6,19,22,0.0003152902063447982,0,0,3,3,1,4,4,4,1,1,1,1
6,19,25,0.0007704295567236841,0,0,3,3,1,1,4,5,1,1,1,1
6,19,27,0.0002619930310174823,0,0,3,3,1,3,4,5,1,1,1,1
6,19,30,0.0013458440080285072,0,0,3,3,1,6,4,5,1,1,1,1
6,19,33,0.033557794988155365,0,0,3,4,1,3,4,3,1,1,1,1
6,19,34,0.0025480398908257484,0,0,3,4,1,4,4,4,1,1,1,1
6,19,35,0.00032967436709441245,0,0,3,4,1,5,4,5,1,1,1,1
6,19,39,0.5405959486961365,0,0,3,5,1,4,4,4,1,2,1,2
6,19,40,0.013557608239352703,0,0,3,5,1,5,4,5,1,2,1,2
6,19,41,0.004936360288411379,0,1,3,6,1,1,4,0,1,0,1,1
6,19,44,0.007557385601103306,0,1,3,6,1,4,4,0,1,0,1,1
6,19,46,0.25747206807136536,0,1,3,6,1,6,4,0,1,0,1,1
6,23,0,0.11128640174865723,0,0,3,1,5,0,4,0,1,2,1,4
6,23,3,0.0015261577209457755,0,0,3,3,5,3,4,1,1,1,1,1
6,23,4,6.810852937633172e-05,0,0,3,3,5,4,4,1,1,1,1,1
6,23,5,0.000863883295096457,0,0,3,3,5,5,4,1,1,1,1,1
6,23,9,0.0007871014531701803,0,0,3,3,5,3,4,2,1,1,1,1
6,23,11,0.0015567163936793804,0,0,3,3,5,5,4,2,1,1,1,1
6,23,12,0.0017182179726660252,0,0,3,3,5,6,4,2,1,1,1,1
6,23,14,0.0005815229960717261,0,0,3,3,5,2,4,3,1,1,1,1
6,23,16,0.0020203469321131706,0,0,3,3,5,4,4,3,1,1,1,1
6,23,17,0.013255634345114231,0,0,3,3,5,5,4,3,1,1,1,1
6,23,20,0.0004955276381224394,0,0,3,3,5,2,4,4,1,1,1,1
6,23,21,0.0012775472132489085,0,0,3,3,5,3,4,4,1,1,1,1
6,23,22,0.0004572256875690073,0,0,3,3,5,4,4,4,1,1,1,1
6,23,25,0.0011308658868074417,0,0,3,3,5,1,4,5,1,1,1,1
6,23,27,0.00025651109172031283,0,0,3,3,5,3,4,5,1,1,1,1
6,23,30,0.00044297162094153464,0,0,3,3,5,6,4,5,1,1,1,1
6,23,33,0.004899177700281143,0,0,3,4,5,3,4,3,1,1,1,1
6,23,34,0.0008078698301687837,0,0,3,4,5,4,4,4,1,1,1,1
6,23,35,0.0005664700292982161,0,0,3,4,5,5,4,5,1,1,1,1
6,23,39,0.3944193720817566,0,0,3,5,5,4,4,4,1,2,1,2
6,23,40,0.17099404335021973,0,0,3,5,5,5,4,5,1,2,1,2
6,23,41,0.060773421078920364,0,1,3,6,5,1,4,0,1,0,1,1
6,23,44,0.07285401970148087,0,1,3,6,5,4,4,0,1,0,1,1
6,23,46,0.1569610834121704,0,1,3,6,5,6,4,0,1,0,1,1
6,24,0,0.059109918773174286,0,0,3,1,6,0,4,0,1,2,1,4
6,24,3,0.037638530135154724,0,0,3,3,6,3,4,1,1,1,1,1
6,24,4,0.06509283185005188,0,0,3,3,6,4,4,1,1,1,1,1
6,24,5,0.05353611707687378,0,0,3,3,6,5,4,1,1,1,1,1
6,24,9,0.006150117609649897,0,0,3,3,6,3,4,2,1,1,1,1
6,24,11,0.01061522588133812,0,0,3,3,6,5,4,2,1,1,1,1
6,24,12,0.005487725604325533,0,0,3,3,6,6,4,2,1,1,1,1
6,24,14,0.022076716646552086,0,0,3,3,6,2,4,3,1,1,1,1
6,24,16,0.02337983250617981,0,0,3,3,6,4,4,3,1,1,1,1
6,24,17,0.03695962578058243,0,0,3,3,6,5,4,3,1,1,1,1
6,24,20,0.01727716065943241,0,0,3,3,6,2,4,4,1,1,1,1
6,24,21,0.01021244004368782,0,0,3,3,6,3,4,4,1,1,1,1
6,24,22,0.025066642090678215,0,0,3,3,6,4,4,4,1,1,1,1
6,24,25,0.08571320027112961,0,0,3,3,6,1,4,5,1,1,1,1
6,24,27,0.04823589324951172,0,0,3,3,6,3,4,5,1,1,1,1
6,24,30,0.049457382410764694,0,0,3,3,6,6,4,5,1,1,1,1
6,24,33,0.04723250865936279,0,0,3,4,6,3,4,3,1,1,1,1
6,24,34,0.09493472427129745,0,0,3,4,6,4,4,4,1,1,1,1
6,24,35,0.0904160663485527,0,0,3,4,6,5,4,5,1,1,1,1
6,24,39,0.016543906182050705,0,0,3,5,6,4,4,4,1,2,1,2
6,24,40,0.06328040361404419,0,0,3,5,6,5,4,5,1,2,1,2
6,24,41,0.08101273328065872,0,1,3,6,6,1,4,0,1,0,1,1
6,24,44,0.02593919262290001,0,1,3,6,6,4,4,0,1,0,1,1
6,24,46,0.024630973115563393,0,1,3,6,6,6,4,0,1,0,1,1
6,26,0,0.07405032962560654,0,0,3,1,2,0,5,0,1,2,1,4
6,26,3,0.0014383102534338832,0,0,3,3,2,3,5,1,1,1,1,1
6,26,4,0.0003804219013545662,0,0,3,3,2,4,5,1,1,1,1,1
6,26,5,0.0006176764727570117,0,0,3,3,2,5,5,1,1,1,1,1
6,26,9,0.0004334219265729189,0,0,3,3,2,3,5,2,1,1,1,1
6,26,11,0.0009060603915713727,0,0,3,3,2,5,5,2,1,1,1,1
6,26,12,0.0010131467133760452,0,0,3,3,2,6,5,2,1,1,1,1
6,26,14,0.003139738691970706,0,0,3,3,2,2,5,3,1,1,1,1
6,26,16,0.0039214808493852615,0,0,3,3,2,4,5,3,1,1,1,1
6,26,17,0.019314050674438477,0,0,3,3,2,5,5,3,1,1,1,1
6,26,20,0.0026333644054830074,0,0,3,3,2,2,5,4,1,1,1,1
6,26,21,0.0014459827216342092,0,0,3,3,2,3,5,4,1,1,1,1
6,26,22,0.0005996880936436355,0,0,3,3,2,4,5,4,1,1,1,1
6,26,25,0.0024750076700001955,0,0,3,3,2,1,5,5,1,1,1,1
6,26,27,0.0006329580792225897,0,0,3,3,2,3,5,5,1,1,1,1
6,26,30,0.0010405464563518763,0,0,3,3,2,6,5,5,1,1,1,1
6,26,33,0.007480985019356012,0,0,3,4,2,3,5,3,1,1,1,1
6,26,34,0.0028486105147749186,0,0,3,4,2,4,5,4,1,1,1,1
6,26,35,0.001782475272193551,0,0,3,4,2,5,5,5,1,1,1,1
6,26,39,0.2199799120426178,0,0,3,5,2,4,5,4,1,2,1,2
6,26,40,0.05302968621253967,0,0,3,5,2,5,5,5,1,2,1,2
6,26,41,0.10001824051141739,0,1,3,6,2,1,5,0,1,0,1,1
6,26,44,0.06029488518834114,0,1,3,6,2,4,5,0,1,0,1,1
6,26,46,0.44052308797836304,0,1,3,6,2,6,5,0,1,0,1,1
6,28,0,0.10746008902788162,0,0,3,1,4,0,5,0,1,2,1,4
6,28,3,0.0023135575465857983,0,0,3,3,4,3,5,1,1,1,1,1
6,28,4,0.0008362652151845396,0,0,3,3,4,4,5,1,1,1,1,1
6,28,5,0.010500111617147923,0,0,3,3,4,5,5,1,1,1,1,1
6,28,9,6.259560905164108e-05,0,0,3,3,4,3,5,2,1,1,1,1
6,28,11,0.004216648638248444,0,0,3,3,4,5,5,2,1,1,1,1
6,28,12,0.00024000118719413877,0,0,3,3,4,6,5,2,1,1,1,1
6,28,14,0.0004449645057320595,0,0,3,3,4,2,5,3,1,1,1,1
6,28,16,0.0005245709326118231,0,0,3,3,4,4,5,3,1,1,1,1
6,28,17,0.009599670767784119,0,0,3,3,4,5,5,3,1,1,1,1
6,28,20,0.005457756575196981,0,0,3,3,4,2,5,4,1,1,1,1
6,28,21,0.0023920380044728518,0,0,3,3,4,3,5,4,1,1,1,1
6,28,22,0.0024131792597472668,0,0,3,3,4,4,5,4,1,1,1,1
6,28,25,0.24399711191654205,0,0,3,3,4,1,5,5,1,1,1,1
6,28,27,0.006636291276663542,0,0,3,3,4,3,5,5,1,1,1,1
6,28,30,0.002909895731136203,0,0,3,3,4,6,5,5,1,1,1,1
6,28,33,0.00020343785581644624,0,0,3,4,4,3,5,3,1,1,1,1
6,28,34,0.0006848731427453458,0,0,3,4,4,4,5,4,1,1,1,1
6,28,35,0.04099869355559349,0,0,3,4,4,5,5,5,1,1,1,1
6,28,39,0.0050794766284525394,0,0,3,5,4,4,5,4,1,2,1,2
6,28,40,0.37961798906326294,0,0,3,5,4,5,5,5,1,2,1,2
6,28,41,0.1434030681848526,0,1,3,6,4,1,5,0,1,0,1,1
6,28,44,0.008171464316546917,0,1,3,6,4,4,5,0,1,0,1,1
6,28,46,0.021836543455719948,0,1,3,6,4,6,5,0,1,0,1,1
6,29,0,0.18358327448368073,0,0,3,1,5,0,5,0,1,2,1,4
6,29,3,0.0008768286788836122,0,0,3,3,5,3,5,1,1,1,1,1
6,29,4,0.0155369583517313,0,0,3,3,5,4,5,1,1,1,1,1
6,29,5,0.001176736201159656,0,0,3,3,5,5,5,1,1,1,1,1
6,29,9,6.720297096762806e-05,0,0,3,3,5,3,5,2,1,1,1,1
6,29,11,0.000247569871135056,0,0,3,3,5,5,5,2,1,1,1,1
6,29,12,6.786255107726902e-05,0,0,3,3,5,6,5,2,1,1,1,1
6,29,14,0.0007957159541547298,0,0,3,3,5,2,5,3,1,1,1,1
6,29,16,0.000312119402224198,0,0,3,3,5,4,5,3,1,1,1,1
6,29,17,0.0008091997588053346,0,0,3,3,5,5,5,3,1,1,1,1
6,29,20,0.0022154715843498707,0,0,3,3,5,2,5,4,1,1,1,1
6,29,21,0.0006644570385105908,0,0,3,3,5,3,5,4,1,1,1,1
6,29,22,0.0022007240913808346,0,0,3,3,5,4,5,4,1,1,1,1
6,29,25,0.005808355752378702,0,0,3,3,5,1,5,5,1,1,1,1
6,29,27,0.0010674953227862716,0,0,3,3,5,3,5,5,1,1,1,1
6,29,30,0.001485218876041472,0,0,3,3,5,6,5,5,1,1,1,1
6,29,33,0.0023660282604396343,0,0,3,4,5,3,5,3,1,1,1,1
6,29,34,0.008100575767457485,0,0,3,4,5,4,5,4,1,1,1,1
6,29,35,0.006877191364765167,0,0,3,4,5,5,5,5,1,1,1,1
6,29,39,0.009520748630166054,0,0,3,5,5,4,5,4,1,2,1,2
6,29,40,0.06176355481147766,0,0,3,5,5,5,5,5,1,2,1,2
6,29,41,0.3445216119289398,0,1,3,6,5,1,5,0,1,0,1,1
6,29,44,0.13104280829429626,0,1,3,6,5,4,5,0,1,0,1,1
6,29,46,0.21889227628707886,0,1,3,6,5,6,5,0,1,0,1,1
6,31,0,0.4191519021987915,0,0,4,1,1,0,1,0,1,2,1,4
6,31,3,0.0005514526856131852,0,0,4,3,1,3,1,1,1,1,1,1
6,31,4,1.9260724002378993e-05,0,0,4,3,1,4,1,1,1,1,1,1
6,31,5,0.0001974667247850448,0,0,4,3,1,5,1,1,1,1,1,1
6,31,9,8.996860560728237e-05,0,0,4,3,1,3,1,2,1,1,1,1
6,31,11,0.0004184430290479213,0,0,4,3,1,5,1,2,1,1,1,1
6,31,12,4.5009397581452504e-05,0,0,4,3,1,6,1,2,1,1,1,1
6,31,14,0.00010047950490843505,0,0,4,3,1,2,1,3,1,1,1,1
6,31,16,0.00037009481457062066,0,0,4,3,1,4,1,3,1,1,1,1
6,31,17,0.004086702596396208,0,0,4,3,1,5,1,3,1,1,1,1
6,31,20,4.8918009269982576e-05,0,0,4,3,1,2,1,4,1,1,1,1
6,31,21,0.0001280136639252305,0,0,4,3,1,3,1,4,1,1,1,1
6,31,22,5.952856736257672e-05,0,0,4,3,1,4,1,4,1,1,1,1
6,31,25,0.0008230983512476087,0,0,4,3,1,1,1,5,1,1,1,1
6,31,27,0.00013057651813142002,0,0,4,3,1,3,1,5,1,1,1,1
6,31,30,9.612026769900694e-05,0,0,4,3,1,6,1,5,1,1,1,1
6,31,33,0.008470015600323677,0,0,4,4,1,3,1,3,1,1,1,1
6,31,34,0.00022000589524395764,0,0,4,4,1,4,1,4,1,1,1,1
6,31,35,0.00011580342834349722,0,0,4,4,1,5,1,5,1,1,1,1
6,31,39,0.046617209911346436,0,0,4,5,1,4,1,4,1,2,1,2
6,31,40,0.4444746971130371,0,0,4,5,1,5,1,5,1,2,1,2
6,31,41,0.04369588941335678,0,1,4,6,1,1,1,0,1,0,1,1
6,31,44,0.017654169350862503,0,1,4,6,1,4,1,0,1,0,1,1
6,31,46,0.012435102835297585,0,1,4,6,1,6,1,0,1,0,1,1
6,32,0,0.059238042682409286,0,0,4,1,2,0,2,0,1,2,1,4
6,32,3,0.00338065717369318,0,0,4,3,2,3,2,1,1,1,1,1
6,32,4,0.00029455433832481503,0,0,4,3,2,4,2,1,1,1,1,1
6,32,5,0.009440462104976177,0,0,4,3,2,5,2,1,1,1,1,1
6,32,9,0.000625868677161634,0,0,4,3,2,3,2,2,1,1,1,1
6,32,11,0.007813247852027416,0,0,4,3,2,5,2,2,1,1,1,1
6,32,12,0.001846936298534274,0,0,4,3,2,6,2,2,1,1,1,1
6,32,14,0.005710714962333441,0,0,4,3,2,2,2,3,1,1,1,1
6,32,16,0.01214712206274271,0,0,4,3,2,4,2,3,1,1,1,1
6,32,17,0.13553141057491302,0,0,4,3,2,5,2,3,1,1,1,1
6,32,20,0.0035906080156564713,0,0,4,3,2,2,2,4,1,1,1,1
6,32,21,0.0026488008443266153,0,0,4,3,2,3,2,4,1,1,1,1
6,32,22,0.0036589240189641714,0,0,4,3,2,4,2,4,1,1,1,1
6,32,25,0.0405634269118309,0,0,4,3,2,1,2,5,1,1,1,1
6,32,27,0.009395911358296871,0,0,4,3,2,3,2,5,1,1,1,1
6,32,30,0.0026782178319990635,0,0,4,3,2,6,2,5,1,1,1,1
6,32,33,0.025366786867380142,0,0,4,4,2,3,2,3,1,1,1,1
6,32,34,0.010771399363875389,0,0,4,4,2,4,2,4,1,1,1,1
6,32,35,0.01689457707107067,0,0,4,4,2,5,2,5,1,1,1,1
6,32,39,0.052172791212797165,0,0,4,5,2,4,2,4,1,2,1,2
6,32,40,0.15482769906520844,0,0,4,5,2,5,2,5,1,2,1,2
6,32,41,0.3650071322917938,0,1,4,6,2,1,2,0,1,0,1,1
6,32,44,0.0374927818775177,0,1,4,6,2,4,2,0,1,0,1,1
6,32,46,0.03890198841691017,0,1,4,6,2,6,2,0,1,0,1,1
6,36,0,0.0002714254369493574,0,0,5,1,1,0,1,0,2,2,2,4
6,36,3,0.001181011088192463,0,0,5,3,1,3,1,1,2,1,2,1
6,36,4,0.9878947734832764,0,0,5,3,1,4,1,1,2,1,2,1
6,36,5,3.822137296083383e-05,0,0,5,3,1,5,1,1,2,1,2,1
6,36,9,0.0003489567316137254,0,0,5,3,1,3,1,2,2,1,2,1
6,36,11,9.551412404107396e-06,0,0,5,3,1,5,1,2,2,1,2,1
6,36,12,6.187159215187421e-06,0,0,5,3,1,6,1,2,2,1,2,1
6,36,14,0.00024002819554880261,0,0,5,3,1,2,1,3,2,1,2,1
6,36,16,3.8013331504771486e-05,0,0,5,3,1,4,1,3,2,1,2,1
6,36,17,2.8349309104669373e-06,0,0,5,3,1,5,1,3,2,1,2,1
6,36,20,0.00012771415640600026,0,0,5,3,1,2,1,4,2,1,2,1
6,36,21,5.153998426976614e-05,0,0,5,3,1,3,1,4,2,1,2,1
6,36,22,0.00023610157950315624,0,0,5,3,1,4,1,4,2,1,2,1
6,36,25,0.00010428369569126517,0,0,5,3,1,1,1,5,2,1,2,1
6,36,27,0.00038104807026684284,0,0,5,3,1,3,1,5,2,1,2,1
6,36,30,0.00030532520031556487,0,0,5,3,1,6,1,5,2,1,2,1
6,36,33,0.006018091458827257,0,0,5,4,1,3,1,3,2,1,2,1
6,36,34,0.001573497080244124,0,0,5,4,1,4,1,4,2,1,2,1
6,36,35,0.00010784067126223817,0,0,5,4,1,5,1,5,2,1,2,1
6,36,39,1.2836968380725011e-05,0,0,5,5,1,4,1,4,2,2,2,2
6,36,40,5.248127763479715e-06,0,0,5,5,1,5,1,5,2,2,2,2
6,36,41,0.00010421362094348297,0,1,5,6,1,1,1,0,2,0,2,1
6,36,44,0.0005113711231388152,0,1,5,6,1,4,1,0,2,0,2,1
6,36,46,0.00042925801244564354,0,1,5,6,1,6,1,0,2,0,2,1
6,37,0,0.0012086498318240047,0,0,5,1,2,0,2,0,2,2,2,4
6,37,3,0.02289610169827938,0,0,5,3,2,3,2,1,2,1,2,1
6,37,4,0.028384819626808167,0,0,5,3,2,4,2,1,2,1,2,1
6,37,5,0.0005168200004845858,0,0,5,3,2,5,2,1,2,1,2,1
6,37,9,0.0857946127653122,0,0,5,3,2,3,2,2,2,1,2,1
6,37,11,0.002560124034062028,0,0,5,3,2,5,2,2,2,1,2,1
6,37,12,0.005779269617050886,0,0,5,3,2,6,2,2,2,1,2,1
6,37,14,0.011723345145583153,0,0,5,3,2,2,2,3,2,1,2,1
6,37,16,0.01763630472123623,0,0,5,3,2,4,2,3,2,1,2,1
6,37,17,0.0033465903252363205,0,0,5,3,2,5,2,3,2,1,2,1
6,37,20,0.0017460236558690667,0,0,5,3,2,2,2,4,2,1,2,1
6,37,21,0.006575226318091154,0,0,5,3,2,3,2,4,2,1,2,1
6,37,22,0.0015921122394502163,0,0,5,3,2,4,2,4,2,1,2,1
6,37,25,0.0007871246780268848,0,0,5,3,2,1,2,5,2,1,2,1
6,37,27,0.006124462001025677,0,0,5,3,2,3,2,5,2,1,2,1
6,37,30,0.005389856174588203,0,0,5,3,2,6,2,5,2,1,2,1
6,37,33,0.7360053062438965,0,0,5,4,2,3,2,3,2,1,2,1
6,37,34,0.0177752748131752,0,0,5,4,2,4,2,4,2,1,2,1
6,37,35,0.00037069409154355526,0,0,5,4,2,5,2,5,2,1,2,1
6,37,39,0.039087943732738495,0,0,5,5,2,4,2,4,2,2,2,2
6,37,40,0.000923828047234565,0,0,5,5,2,5,2,5,2,2,2,2
6,37,41,0.00034054776187986135,0,1,5,6,2,1,2,0,2,0,2,1
6,37,44,0.0015587406232953072,0,1,5,6,2,4,2,0,2,0,2,1
6,37,46,0.0018759961239993572,0,1,5,6,2,6,2,0,2,0,2,1
6,38,0,0.0008699553436599672,0,0,5,1,3,0,3,0,2,2,2,4
6,38,3,0.006755480542778969,0,0,5,3,3,3,3,1,2,1,2,1
6,38,4,0.01221170648932457,0,0,5,3,3,4,3,1,2,1,2,1
6,38,5,0.00044588284799829125,0,0,5,3,3,5,3,1,2,1,2,1
6,38,9,0.002108860993757844,0,0,5,3,3,3,3,2,2,1,2,1
6,38,11,0.0005560758872888982,0,0,5,3,3,5,3,2,2,1,2,1
6,38,12,6.368280446622521e-05,0,0,5,3,3,6,3,2,2,1,2,1
6,38,14,0.0009862628066912293,0,0,5,3,3,2,3,3,2,1,2,1
6,38,16,0.000704235746525228,0,0,5,3,3,4,3,3,2,1,2,1
6,38,17,0.0012006581528112292,0,0,5,3,3,5,3,3,2,1,2,1
6,38,20,0.0004361337923910469,0,0,5,3,3,2,3,4,2,1,2,1
6,38,21,0.0008765804232098162,0,0,5,3,3,3,3,4,2,1,2,1
6,38,22,0.00018050396465696394,0,0,5,3,3,4,3,4,2,1,2,1
6,38,25,0.0005718297325074673,0,0,5,3,3,1,3,5,2,1,2,1
6,38,27,0.0011034313356503844,0,0,5,3,3,3,3,5,2,1,2,1
6,38,30,0.0006850460194982588,0,0,5,3,3,6,3,5,2,1,2,1
6,38,33,0.9640481472015381,0,0,5,4,3,3,3,3,2,1,2,1
6,38,34,0.003011166350916028,0,0,5,4,3,4,3,4,2,1,2,1
6,38,35,0.00028707575984299183,0,0,5,4,3,5,3,5,2,1,2,1
6,38,39,0.0005110519123263657,0,0,5,5,3,4,3,4,2,2,2,2
6,38,40,0.0009106526849791408,0,0,5,5,3,5,3,5,2,2,2,2
6,38,41,0.0005072265048511326,0,1,5,6,3,1,3,0,2,0,2,1
6,38,44,0.0003931537503376603,0,1,5,6,3,4,3,0,2,0,2,1
6,38,46,0.0005758564220741391,0,1,5,6,3,6,3,0,2,0,2,1
6,42,0,0.0001257675903616473,1,0,6,1,2,0,0,0,0,2,1,4
6,42,3,5.958982910669874e-06,1,0,6,3,2,3,0,1,0,1,1,1
6,42,4,2.6942376507577137e-07,1,0,6,3,2,4,0,1,0,1,1,1
6,42,5,1.4496777112071868e-06,1,0,6,3,2,5,0,1,0,1,1,1
6,42,9,9.850957576418296e-05,1,0,6,3,2,3,0,2,0,1,1,1
6,42,11,2.8335529350442812e-05,1,0,6,3,2,5,0,2,0,1,1,1
6,42,12,0.0014201787998899817,1,0,6,3,2,6,0,2,0,1,1,1
6,42,14,1.6411840988439508e-05,1,0,6,3,2,2,0,3,0,1,1,1
6,42,16,9.449003118788823e-05,1,0,6,3,2,4,0,3,0,1,1,1
6,42,17,0.00038873121957294643,1,0,6,3,2,5,0,3,0,1,1,1
6,42,20,4.681668087869184e-06,1,0,6,3,2,2,0,4,0,1,1,1
6,42,21,2.873220910259988e-05,1,0,6,3,2,3,0,4,0,1,1,1
6,42,22,4.634530796465697e-06,1,0,6,3,2,4,0,4,0,1,1,1
6,42,25,2.128820568714218e-07,1,0,6,3,2,1,0,5,0,1,1,1
6,42,27,8.356722247526704e-08,1,0,6,3,2,3,0,5,0,1,1,1
6,42,30,5.347128535504453e-07,1,0,6,3,2,6,0,5,0,1,1,1
6,42,33,0.00020155265519861132,1,0,6,4,2,3,0,3,0,1,1,1
6,42,34,1.253417030966375e-05,1,0,6,4,2,4,0,4,0,1,1,1
6,42,35,7.755332376291335e-07,1,0,6,4,2,5,0,5,0,1,1,1
6,42,39,0.5225350260734558,1,0,6,5,2,4,0,4,0,2,1,2
6,42,40,0.0001920551439980045,1,0,6,5,2,5,0,5,0,2,1,2
6,42,41,0.0008078329847194254,1,1,6,6,2,1,0,0,0,0,1,1
6,42,44,0.01938013732433319,1,1,6,6,2,4,0,0,0,0,1,1
6,42,46,0.45465126633644104,1,1,6,6,2,6,0,0,0,0,1,1
6,43,0,0.002236458472907543,1,0,6,1,3,0,0,0,0,2,1,4
6,43,3,1.8251449773742934e-06,1,0,6,3,3,3,0,1,0,1,1,1
6,43,4,8.094807526504155e-07,1,0,6,3,3,4,0,1,0,1,1,1
6,43,5,2.6029576360997453e-07,1,0,6,3,3,5,0,1,0,1,1,1
6,43,9,2.1614009710901882e-06,1,0,6,3,3,3,0,2,0,1,1,1
6,43,11,1.7466156805312494e-06,1,0,6,3,3,5,0,2,0,1,1,1
6,43,12,1.4152436961012427e-05,1,0,6,3,3,6,0,2,0,1,1,1
6,43,14,1.8635730612004409e-06,1,0,6,3,3,2,0,3,0,1,1,1
6,43,16,5.2275031521276105e-06,1,0,6,3,3,4,0,3,0,1,1,1
6,43,17,2.5783929231693037e-05,1,0,6,3,3,5,0,3,0,1,1,1
6,43,20,2.4006726562220138e-06,1,0,6,3,3,2,0,4,0,1,1,1
6,43,21,3.767762336792657e-06,1,0,6,3,3,3,0,4,0,1,1,1
6,43,22,1.185767700917495e-06,1,0,6,3,3,4,0,4,0,1,1,1
6,43,25,9.725988547870656e-07,1,0,6,3,3,1,0,5,0,1,1,1
6,43,27,1.150129236293651e-07,1,0,6,3,3,3,0,5,0,1,1,1
6,43,30,1.9389135275105218e-07,1,0,6,3,3,6,0,5,0,1,1,1
6,43,33,1.2322419934207574e-05,1,0,6,4,3,3,0,3,0,1,1,1
6,43,34,1.916756446007639e-06,1,0,6,4,3,4,0,4,0,1,1,1
6,43,35,1.087552391254576e-06,1,0,6,4,3,5,0,5,0,1,1,1
6,43,39,0.035448107868433,1,0,6,5,3,4,0,4,0,2,1,2
6,43,40,0.0005364003591239452,1,0,6,5,3,5,0,5,0,2,1,2
6,43,41,0.005354598164558411,1,1,6,6,3,1,0,0,0,0,1,1
6,43,44,0.03529781103134155,1,1,6,6,3,4,0,0,0,0,1,1
6,43,46,0.921049177646637,1,1,6,6,3,6,0,0,0,0,1,1
6,45,0,0.0007866225787438452,1,0,6,1,5,0,0,0,0,2,1,4
6,45,3,1.0275850570451439e-07,1,0,6,3,5,3,0,1,0,1,1,1
6,45,4,2.708088970848621e-07,1,0,6,3,5,4,0,1,0,1,1,1
6,45,5,1.3594766201663333e-08,1,0,6,3,5,5,0,1,0,1,1,1
6,45,9,3.0855332511237066e-07,1,0,6,3,5,3,0,2,0,1,1,1
6,45,11,1.0052060162024645e-07,1,0,6,3,5,5,0,2,0,1,1,1
6,45,12,2.106402234858251e-06,1,0,6,3,5,6,0,2,0,1,1,1
6,45,14,9.917814480786546e-08,1,0,6,3,5,2,0,3,0,1,1,1
6,45,16,2.8515924554994854e-07,1,0,6,3,5,4,0,3,0,1,1,1
6,45,17,6.33364038549189e-07,1,0,6,3,5,5,0,3,0,1,1,1
6,45,20,8.964997277871589e-08,1,0,6,3,5,2,0,4,0,1,1,1
6,45,21,1.8288864112037118e-07,1,0,6,3,5,3,0,4,0,1,1,1
6,45,22,2.0600197103703977e-07,1,0,6,3,5,4,0,4,0,1,1,1
6,45,25,1.4008444182422863e-08,1,0,6,3,5,1,0,5,0,1,1,1
6,45,27,1.964888252103947e-09,1,0,6,3,5,3,0,5,0,1,1,1
6,45,30,6.4092531282256004e-09,1,0,6,3,5,6,0,5,0,1,1,1
6,45,33,2.3841434995119926e-06,1,0,6,4,5,3,0,3,0,1,1,1
6,45,34,4.885996531811543e-07,1,0,6,4,5,4,0,4,0,1,1,1
6,45,35,4.472904180374826e-08,1,0,6,4,5,5,0,5,0,1,1,1
6,45,39,0.01072525605559349,1,0,6,5,5,4,0,4,0,2,1,2
6,45,40,5.792677984572947e-05,1,0,6,5,5,5,0,5,0,2,1,2
6,45,41,0.0019746748730540276,1,1,6,6,5,1,0,0,0,0,1,1
6,45,44,0.056010711938142776,1,1,6,6,5,4,0,0,0,0,1,1
6,45,46,0.9304376244544983,1,1,6,6,5,6,0,0,0,0,1,1
6,47,0,0.0015087538631632924,2,0,7,1,0,0,0,0,0,2,4,4
6,47,3,3.594806548790075e-05,2,0,7,3,0,3,0,1,0,1,4,1
6,47,4,0.00033942953450605273,2,0,7,3,0,4,0,1,0,1,4,1
6,47,5,2.0262555153749418e-06,2,0,7,3,0,5,0,1,0,1,4,1
6,47,9,0.002768045524135232,2,0,7,3,0,3,0,2,0,1,4,1
6,47,11,4.84442753077019e-05,2,0,7,3,0,5,0,2,0,1,4,1
6,47,12,0.008170399814844131,2,0,7,3,0,6,0,2,0,1,4,1
6,47,14,0.0016307347686961293,2,0,7,3,0,2,0,3,0,1,4,1
6,47,16,0.0007663315627723932,2,0,7,3,0,4,0,3,0,1,4,1
6,47,17,4.932842784910463e-05,2,0,7,3,0,5,0,3,0,1,4,1
6,47,20,9.653736196924001e-05,2,0,7,3,0,2,0,4,0,1,4,1
6,47,21,0.00017124622536357492,2,0,7,3,0,3,0,4,0,1,4,1
6,47,22,0.00012218218762427568,2,0,7,3,0,4,0,4,0,1,4,1
6,47,25,2.648607051014551e-06,2,0,7,3,0,1,0,5,0,1,4,1
6,47,27,2.107885165969492e-06,2,0,7,3,0,3,0,5,0,1,4,1
6,47,30,0.0003503031039144844,2,0,7,3,0,6,0,5,0,1,4,1
6,47,33,2.1098010620335117e-05,2,0,7,4,0,3,0,3,0,1,4,1
6,47,34,0.0006032645469531417,2,0,7,4,0,4,0,4,0,1,4,1
6,47,35,2.6189425170741742e-06,2,0,7,4,0,5,0,5,0,1,4,1
6,47,39,0.9395827054977417,2,0,7,5,0,4,0,4,0,2,4,2
6,47,40,0.00020909978775307536,2,0,7,5,0,5,0,5,0,2,4,2
6,47,41,1.177549893327523e-05,2,1,7,6,0,1,0,0,0,0,4,1
6,47,44,0.0015921873273327947,2,1,7,6,0,4,0,0,0,0,4,1
6,47,46,0.04191267862915993,2,1,7,6,0,6,0,0,0,0,4,1
7,0,1,0.0029610858764499426,0,0,1,3,0,1,0,1,2,1,4,1
7,0,2,0.011464693583548069,0,0,1,3,0,2,0,1,2,1,4,1
7,0,6,0.0016626260476186872,0,0,1,3,0,6,0,1,2,1,4,1
7,0,7,0.0032534718047827482,0,0,1,3,0,1,0,2,2,1,4,1
7,0,8,0.29390883445739746,0,0,1,3,0,2,0,2,2,1,4,1
7,0,10,0.0022941739298403263,0,0,1,3,0,4,0,2,2,1,4,1
7,0,13,0.001653014332987368,0,0,1,3,0,1,0,3,2,1,4,1
7,0,15,0.0076048183254897594,0,0,1,3,0,3,0,3,2,1,4,1
7,0,18,0.0023954876232892275,0,0,1,3,0,6,0,3,2,1,4,1
7,0,19,0.002902284497395158,0,0,1,3,0,1,0,4,2,1,4,1
7,0,23,0.0005799504579044878,0,0,1,3,0,5,0,4,2,1,4,1
7,0,24,0.004625141154974699,0,0,1,3,0,6,0,4,2,1,4,1
7,0,26,0.07093441486358643,0,0,1,3,0,2,0,5,2,1,4,1
7,0,28,0.0012491833185777068,0,0,1,3,0,4,0,5,2,1,4,1
7,0,29,0.014024663716554642,0,0,1,3,0,5,0,5,2,1,4,1
7,0,31,0.0035705992486327887,0,0,1,4,0,1,0,1,2,1,4,1
7,0,32,0.5445252060890198,0,0,1,4,0,2,0,2,2,1,4,1
7,0,36,0.00016125758702401072,0,0,1,5,0,1,0,1,2,2,4,2
7,0,37,0.022173596546053886,0,0,1,5,0,2,0,2,2,2,4,2
7,0,38,0.00018004831508733332,0,0,1,5,0,3,0,3,2,2,4,2
7,0,42,0.0025888215750455856,0,1,1,6,0,2,0,0,2,0,4,1
7,0,43,0.00163562991656363,0,1,1,6,0,3,0,0,2,0,4,1
7,0,45,0.0005069642793387175,0,1,1,6,0,5,0,0,2,0,4,1
7,0,47,0.003144453978165984,0,2,1,7,0,0,0,0,2,0,4,4
7,3,1,0.008995641022920609,0,0,3,3,3,1,1,1,1,1,1,1
7,3,2,0.0013758615823462605,0,0,3,3,3,2,1,1,1,1,1,1
7,3,6,0.002862989902496338,0,0,3,3,3,6,1,1,1,1,1,1
7,3,7,6.333609780995175e-05,0,0,3,3,3,1,1,2,1,1,1,1
7,3,8,1.1796097169280984e-05,0,0,3,3,3,2,1,2,1,1,1,1
7,3,10,2.9361065116972895e-06,0,0,3,3,3,4,1,2,1,1,1,1
7,3,13,0.001044587348587811,0,0,3,3,3,1,1,3,1,1,1,1
7,3,15,2.1197673049755394e-05,0,0,3,3,3,3,1,3,1,1,1,1
7,3,18,0.0003752532647922635,0,0,3,3,3,6,1,3,1,1,1,1
7,3,19,0.00017921082326211035,0,0,3,3,3,1,1,4,1,1,1,1
7,3,23,3.1790175853529945e-05,0,0,3,3,3,5,1,4,1,1,1,1
7,3,24,0.0005704569048248231,0,0,3,3,3,6,1,4,1,1,1,1
7,3,26,2.3060119929141365e-05,0,0,3,3,3,2,1,5,1,1,1,1
7,3,28,1.9863935449393466e-05,0,0,3,3,3,4,1,5,1,1,1,1
7,3,29,6.671522442047717e-06,0,0,3,3,3,5,1,5,1,1,1,1
7,3,31,0.003027326427400112,0,0,3,4,3,1,1,1,1,1,1,1
7,3,32,1.7538864995003678e-05,0,0,3,4,3,2,1,2,1,1,1,1
7,3,36,0.9720866084098816,0,0,3,5,3,1,1,1,1,2,1,2
7,3,37,0.0018207419198006392,0,0,3,5,3,2,1,2,1,2,1,2
7,3,38,0.007452233228832483,0,0,3,5,3,3,1,3,1,2,1,2
7,3,42,1.057033159668208e-06,0,1,3,6,3,2,1,0,1,0,1,1
7,3,43,1.333540126324806e-06,0,1,3,6,3,3,1,0,1,0,1,1
7,3,45,1.8584132703836076e-06,0,1,3,6,3,5,1,0,1,0,1,1
7,3,47,6.569799552380573e-06,0,2,3,7,3,0,1,0,1,0,1,4
7,4,1,0.035631123930215836,0,0,3,3,4,1,1,1,1,1,1,1
7,4,2,0.01550987083464861,0,0,3,3,4,2,1,1,1,1,1,1
7,4,6,0.8157685399055481,0,0,3,3,4,6,1,1,1,1,1,1
7,4,7,0.00042637618025764823,0,0,3,3,4,1,1,2,1,1,1,1
7,4,8,0.00010355194535804912,0,0,3,3,4,2,1,2,1,1,1,1
7,4,10,6.645062239840627e-05,0,0,3,3,4,4,1,2,1,1,1,1
7,4,13,0.0028509690891951323,0,0,3,3,4,1,1,3,1,1,1,1
7,4,15,0.00011004607222275808,0,0,3,3,4,3,1,3,1,1,1,1
7,4,18,0.043648093938827515,0,0,3,3,4,6,1,3,1,1,1,1
7,4,19,0.0005447957664728165,0,0,3,3,4,1,1,4,1,1,1,1
7,4,23,8.870803867466748e-05,0,0,3,3,4,5,1,4,1,1,1,1
7,4,24,0.019830413162708282,0,0,3,3,4,6,1,4,1,1,1,1
7,4,26,0.0004070389550179243,0,0,3,3,4,2,1,5,1,1,1,1
7,4,28,5.697990127373487e-05,0,0,3,3,4,4,1,5,1,1,1,1
7,4,29,3.341138653922826e-05,0,0,3,3,4,5,1,5,1,1,1,1
7,4,31,0.018208619207143784,0,0,3,4,4,1,1,1,1,1,1,1
7,4,32,0.00015420836280100048,0,0,3,4,4,2,1,2,1,1,1,1
7,4,36,0.03067287616431713,0,0,3,5,4,1,1,1,1,2,1,2
7,4,37,0.0011042456608265638,0,0,3,5,4,2,1,2,1,2,1,2
7,4,38,0.0016663091955706477,0,0,3,5,4,3,1,3,1,2,1,2
7,4,42,0.00027704215608537197,0,1,3,6,4,2,1,0,1,0,1,1
7,4,43,9.730957390274853e-05,0,1,3,6,4,3,1,0,1,0,1,1
7,4,45,7.082624506438151e-05,0,1,3,6,4,5,1,0,1,0,1,1
7,4,47,0.01267167367041111,0,2,3,7,4,0,1,0,1,0,1,4
7,5,1,0.008409785106778145,0,0,3,3,5,1,1,1,1,1,1,1
7,5,2,0.00175212393514812,0,0,3,3,5,2,1,1,1,1,1,1
7,5,6,0.03463399410247803,0,0,3,3,5,6,1,1,1,1,1,1
7,5,7,8.094172517303377e-05,0,0,3,3,5,1,1,2,1,1,1,1
7,5,8,1.9294464436825365e-05,0,0,3,3,5,2,1,2,1,1,1,1
7,5,10,2.1487066987901926e-06,0,0,3,3,5,4,1,2,1,1,1,1
7,5,13,0.0006431958172470331,0,0,3,3,5,1,1,3,1,1,1,1
7,5,15,8.161800360539928e-05,0,0,3,3,5,3,1,3,1,1,1,1
7,5,18,0.0037525310181081295,0,0,3,3,5,6,1,3,1,1,1,1
7,5,19,0.00018369367171544582,0,0,3,3,5,1,1,4,1,1,1,1
7,5,23,3.334378925501369e-05,0,0,3,3,5,5,1,4,1,1,1,1
7,5,24,0.004939535167068243,0,0,3,3,5,6,1,4,1,1,1,1
7,5,26,0.00017084641149267554,0,0,3,3,5,2,1,5,1,1,1,1
7,5,28,2.7913052690564655e-05,0,0,3,3,5,4,1,5,1,1,1,1
7,5,29,2.181132549594622e-05,0,0,3,3,5,5,1,5,1,1,1,1
7,5,31,0.010027033276855946,0,0,3,4,5,1,1,1,1,1,1,1
7,5,32,0.00014320491754915565,0,0,3,4,5,2,1,2,1,1,1,1
7,5,36,0.7257332801818848,0,0,3,5,5,1,1,1,1,2,1,2
7,5,37,0.015619696117937565,0,0,3,5,5,2,1,2,1,2,1,2
7,5,38,0.19177892804145813,0,0,3,5,5,3,1,3,1,2,1,2
7,5,42,3.624020973802544e-05,0,1,3,6,5,2,1,0,1,0,1,1
7,5,43,2.39085729845101e-05,0,1,3,6,5,3,1,0,1,0,1,1
7,5,45,2.1301342712831683e-05,0,1,3,6,5,5,1,0,1,0,1,1
7,5,47,0.0018638717010617256,0,2,3,7,5,0,1,0,1,0,1,4
7,9,1,0.0003786943561863154,0,0,3,3,3,1,2,1,1,1,1,1
7,9,2,0.00010098767234012485,0,0,3,3,3,2,2,1,1,1,1,1
7,9,6,0.00026000631623901427,0,0,3,3,3,6,2,1,1,1,1,1
7,9,7,2.2326963517116383e-05,0,0,3,3,3,1,2,2,1,1,1,1
7,9,8,4.522996732703177e-07,0,0,3,3,3,2,2,2,1,1,1,1
7,9,10,2.0552280943775258e-07,0,0,3,3,3,4,2,2,1,1,1,1
7,9,13,0.0002710496191866696,0,0,3,3,3,1,2,3,1,1,1,1
7,9,15,6.2382173382502515e-06,0,0,3,3,3,3,2,3,1,1,1,1
7,9,18,4.9107959057437256e-05,0,0,3,3,3,6,2,3,1,1,1,1
7,9,19,6.2727790464123245e-06,0,0,3,3,3,1,2,4,1,1,1,1
7,9,23,1.796898771999622e-07,0,0,3,3,3,5,2,4,1,1,1,1
7,9,24,8.242663170676678e-06,0,0,3,3,3,6,2,4,1,1,1,1
7,9,26,7.284029948095849e-07,0,0,3,3,3,2,2,5,1,1,1,1
7,9,28,2.9505497423087945e-06,0,0,3,3,3,4,2,5,1,1,1,1
7,9,29,2.2651644826510164e-07,0,0,3,3,3,5,2,5,1,1,1,1
7,9,31,0.00017502317496109754,0,0,3,4,3,1,2,1,1,1,1,1
7,9,32,6.60553567399802e-08,0,0,3,4,3,2,2,2,1,1,1,1
7,9,36,0.9981526136398315,0,0,3,5,3,1,2,1,1,2,1,2
7,9,37,3.973034836235456e-05,0,0,3,5,3,2,2,2,1,2,1,2
7,9,38,0.0005248407833278179,0,0,3,5,3,3,2,3,1,2,1,2
7,9,42,3.174243801140619e-08,0,1,3,6,3,2,2,0,1,0,1,1
7,9,43,1.9405857187848596e-07,0,1,3,6,3,3,2,0,1,0,1,1
7,9,45,2.442708257888171e-08,0,1,3,6,3,5,2,0,1,0,1,1
7,9,47,9.13822120196528e-08,0,2,3,7,3,0,2,0,1,0,1,4
7,11,1,0.0013879003236070275,0,0,3,3,5,1,2,1,1,1,1,1
7,11,2,3.1570103601552546e-05,0,0,3,3,5,2,2,1,1,1,1,1
7,11,6,0.00019020495528820902,0,0,3,3,5,6,2,1,1,1,1,1
7,11,7,7.2370717134617735e-06,0,0,3,3,5,1,2,2,1,1,1,1
7,11,8,6.017144471570646e-08,0,0,3,3,5,2,2,2,1,1,1,1
7,11,10,2.0194439898091332e-08,0,0,3,3,5,4,2,2,1,1,1,1
7,11,13,2.712665627768729e-05,0,0,3,3,5,1,2,3,1,1,1,1
7,11,15,2.9223574529169127e-06,0,0,3,3,5,3,2,3,1,1,1,1
7,11,18,9.104751370614395e-06,0,0,3,3,5,6,2,3,1,1,1,1
7,11,19,8.001005880942103e-06,0,0,3,3,5,1,2,4,1,1,1,1
7,11,23,4.680942424784007e-07,0,0,3,3,5,5,2,4,1,1,1,1
7,11,24,4.0731338231125847e-05,0,0,3,3,5,6,2,4,1,1,1,1
7,11,26,5.380610446081846e-07,0,0,3,3,5,2,2,5,1,1,1,1
7,11,28,2.3408388187817764e-06,0,0,3,3,5,4,2,5,1,1,1,1
7,11,29,1.3358273065477988e-07,0,0,3,3,5,5,2,5,1,1,1,1
7,11,31,0.001485786633566022,0,0,3,4,5,1,2,1,1,1,1,1
7,11,32,1.5311208301227452e-07,0,0,3,4,5,2,2,2,1,1,1,1
7,11,36,0.9909558296203613,0,0,3,5,5,1,2,1,1,2,1,2
7,11,37,6.0849652072647586e-05,0,0,3,5,5,2,2,2,1,2,1,2
7,11,38,0.005777708254754543,0,0,3,5,5,3,2,3,1,2,1,2
7,11,42,1.6399486213458658e-08,0,1,3,6,5,2,2,0,1,0,1,1
7,11,43,1.5199866254533845e-07,0,1,3,6,5,3,2,0,1,0,1,1
7,11,45,1.679929617637299e-08,0,1,3,6,5,5,2,0,1,0,1,1
7,11,47,1.1786023605964147e-05,0,2,3,7,5,0,2,0,1,0,1,4
7,12,1,0.021867884323000908,0,0,3,3,6,1,2,1,1,1,1,1
7,12,2,0.0030425393488258123,0,0,3,3,6,2,2,1,1,1,1,1
7,12,6,0.10185357928276062,0,0,3,3,6,6,2,1,1,1,1,1
7,12,7,0.0008585546165704727,0,0,3,3,6,1,2,2,1,1,1,1
7,12,8,1.5217654436128214e-05,0,0,3,3,6,2,2,2,1,1,1,1
7,12,10,2.5653864213381894e-05,0,0,3,3,6,4,2,2,1,1,1,1
7,12,13,0.0034754560329020023,0,0,3,3,6,1,2,3,1,1,1,1
7,12,15,0.00032856917823664844,0,0,3,3,6,3,2,3,1,1,1,1
7,12,18,0.004446151666343212,0,0,3,3,6,6,2,3,1,1,1,1
7,12,19,0.001319477567449212,0,0,3,3,6,1,2,4,1,1,1,1
7,12,23,8.633659308543429e-05,0,0,3,3,6,5,2,4,1,1,1,1
7,12,24,0.013643056154251099,0,0,3,3,6,6,2,4,1,1,1,1
7,12,26,9.490113006904721e-05,0,0,3,3,6,2,2,5,1,1,1,1
7,12,28,0.0002397032076260075,0,0,3,3,6,4,2,5,1,1,1,1
7,12,29,3.820236452156678e-05,0,0,3,3,6,5,2,5,1,1,1,1
7,12,31,0.01807938516139984,0,0,3,4,6,1,2,1,1,1,1,1
7,12,32,1.1007032298948616e-05,0,0,3,4,6,2,2,2,1,1,1,1
7,12,36,0.8211883306503296,0,0,3,5,6,1,2,1,1,2,1,2
7,12,37,0.0005619629519060254,0,0,3,5,6,2,2,2,1,2,1,2
7,12,38,0.008185362443327904,0,0,3,5,6,3,2,3,1,2,1,2
7,12,42,8.964691005530767e-06,0,1,3,6,6,2,2,0,1,0,1,1
7,12,43,3.248581197112799e-05,0,1,3,6,6,3,2,0,1,0,1,1
7,12,45,8.367743248527404e-06,0,1,3,6,6,5,2,0,1,0,1,1
7,12,47,0.0005884805577807128,0,2,3,7,6,0,2,0,1,0,1,4
7,14,1,0.01512327790260315,0,0,3,3,2,1,3,1,1,1,1,1
7,14,2,0.0005159846623428166,0,0,3,3,2,2,3,1,1,1,1,1
7,14,6,0.0003425667528063059,0,0,3,3,2,6,3,1,1,1,1,1
7,14,7,7.643597928108647e-05,0,0,3,3,2,1,3,2,1,1,1,1
7,14,8,2.6904842798103346e-06,0,0,3,3,2,2,3,2,1,1,1,1
7,14,10,1.9600848588652298e-07,0,0,3,3,2,4,3,2,1,1,1,1
7,14,13,0.000591461721342057,0,0,3,3,2,1,3,3,1,1,1,1
7,14,15,6.021127774147317e-05,0,0,3,3,2,3,3,3,1,1,1,1
7,14,18,3.503035622998141e-05,0,0,3,3,2,6,3,3,1,1,1,1
7,14,19,0.00013147314894013107,0,0,3,3,2,1,3,4,1,1,1,1
7,14,23,2.7631796911009587e-05,0,0,3,3,2,5,3,4,1,1,1,1
7,14,24,0.0002530208439566195,0,0,3,3,2,6,3,4,1,1,1,1
7,14,26,2.4260223653982393e-05,0,0,3,3,2,2,3,5,1,1,1,1
7,14,28,3.403989830985665e-05,0,0,3,3,2,4,3,5,1,1,1,1
7,14,29,1.6260069969575852e-05,0,0,3,3,2,5,3,5,1,1,1,1
7,14,31,0.03878157213330269,0,0,3,4,2,1,3,1,1,1,1,1
7,14,32,4.879232801613398e-05,0,0,3,4,2,2,3,2,1,1,1,1
7,14,36,0.9309925436973572,0,0,3,5,2,1,3,1,1,2,1,2
7,14,37,0.00034892672556452453,0,0,3,5,2,2,3,2,1,2,1,2
7,14,38,0.012544447556138039,0,0,3,5,2,3,3,3,1,2,1,2
7,14,42,5.090093395665463e-07,0,1,3,6,2,2,3,0,1,0,1,1
7,14,43,2.7289390800433466e-06,0,1,3,6,2,3,3,0,1,0,1,1
7,14,45,8.497858630107658e-07,0,1,3,6,2,5,3,0,1,0,1,1
7,14,47,4.4893786252941936e-05,0,2,3,7,2,0,3,0,1,0,1,4
7,16,1,0.2619234025478363,0,0,3,3,4,1,3,1,1,1,1,1
7,16,2,0.043085090816020966,0,0,3,3,4,2,3,1,1,1,1,1
7,16,6,0.02009718492627144,0,0,3,3,4,6,3,1,1,1,1,1
7,16,7,0.0038585339207202196,0,0,3,3,4,1,3,2,1,1,1,1
7,16,8,0.00294303591363132,0,0,3,3,4,2,3,2,1,1,1,1
7,16,10,0.00029137899400666356,0,0,3,3,4,4,3,2,1,1,1,1
7,16,13,0.004115272779017687,0,0,3,3,4,1,3,3,1,1,1,1
7,16,15,0.001075775595381856,0,0,3,3,4,3,3,3,1,1,1,1
7,16,18,0.0011459923116490245,0,0,3,3,4,6,3,3,1,1,1,1
7,16,19,0.0057938494719564915,0,0,3,3,4,1,3,4,1,1,1,1
7,16,23,0.0012079895241186023,0,0,3,3,4,5,3,4,1,1,1,1
7,16,24,0.008826669305562973,0,0,3,3,4,6,3,4,1,1,1,1
7,16,26,0.002293460303917527,0,0,3,3,4,2,3,5,1,1,1,1
7,16,28,0.00038697035051882267,0,0,3,3,4,4,3,5,1,1,1,1
7,16,29,0.0003918036527466029,0,0,3,3,4,5,3,5,1,1,1,1
7,16,31,0.5755003094673157,0,0,3,4,4,1,3,1,1,1,1,1
7,16,32,0.006663320120424032,0,0,3,4,4,2,3,2,1,1,1,1
7,16,36,0.04451609402894974,0,0,3,5,4,1,3,1,1,2,1,2
7,16,37,0.00241833389736712,0,0,3,5,4,2,3,2,1,2,1,2
7,16,38,0.0013654469512403011,0,0,3,5,4,3,3,3,1,2,1,2
7,16,42,0.000248749420279637,0,1,3,6,4,2,3,0,1,0,1,1
7,16,43,0.00043391130748204887,0,1,3,6,4,3,3,0,1,0,1,1
7,16,45,8.766733662923798e-05,0,1,3,6,4,5,3,0,1,0,1,1
7,16,47,0.011329753324389458,0,2,3,7,4,0,3,0,1,0,1,4
7,17,1,0.020902616903185844,0,0,3,3,5,1,3,1,1,1,1,1
7,17,2,0.0024497283156961203,0,0,3,3,5,2,3,1,1,1,1,1
7,17,6,0.005784562323242426,0,0,3,3,5,6,3,1,1,1,1,1
7,17,7,0.00037451929529197514,0,0,3,3,5,1,3,2,1,1,1,1
7,17,8,2.4833758288878016e-05,0,0,3,3,5,2,3,2,1,1,1,1
7,17,10,1.9141389202559367e-06,0,0,3,3,5,4,3,2,1,1,1,1
7,17,13,0.0005243168561719358,0,0,3,3,5,1,3,3,1,1,1,1
7,17,15,0.0001869547413662076,0,0,3,3,5,3,3,3,1,1,1,1
7,17,18,0.00030978035647422075,0,0,3,3,5,6,3,3,1,1,1,1
7,17,19,0.00033822664408944547,0,0,3,3,5,1,3,4,1,1,1,1
7,17,23,2.41869202000089e-05,0,0,3,3,5,5,3,4,1,1,1,1
7,17,24,0.0015507200732827187,0,0,3,3,5,6,3,4,1,1,1,1
7,17,26,0.00011955511581618339,0,0,3,3,5,2,3,5,1,1,1,1
7,17,28,2.889303141273558e-05,0,0,3,3,5,4,3,5,1,1,1,1
7,17,29,1.6193926057894714e-05,0,0,3,3,5,5,3,5,1,1,1,1
7,17,31,0.042660605162382126,0,0,3,4,5,1,3,1,1,1,1,1
7,17,32,9.330911416327581e-05,0,0,3,4,5,2,3,2,1,1,1,1
7,17,36,0.8632408380508423,0,0,3,5,5,1,3,1,1,2,1,2
7,17,37,0.0038548752199858427,0,0,3,5,5,2,3,2,1,2,1,2
7,17,38,0.05560804530978203,0,0,3,5,5,3,3,3,1,2,1,2
7,17,42,1.6731808500480838e-05,0,1,3,6,5,2,3,0,1,0,1,1
7,17,43,3.277338691987097e-05,0,1,3,6,5,3,3,0,1,0,1,1
7,17,45,4.766600795846898e-06,0,1,3,6,5,5,3,0,1,0,1,1
7,17,47,0.0018512712558731437,0,2,3,7,5,0,3,0,1,0,1,4
7,20,1,5.3818475862499326e-05,0,0,3,3,2,1,4,1,1,1,1,1
7,20,2,9.640442613090272e-07,0,0,3,3,2,2,4,1,1,1,1,1
7,20,6,4.632586296793306e-06,0,0,3,3,2,6,4,1,1,1,1,1
7,20,7,6.207894642784595e-08,0,0,3,3,2,1,4,2,1,1,1,1
7,20,8,1.601860311062353e-10,0,0,3,3,2,2,4,2,1,1,1,1
7,20,10,5.6819743354807883e-11,0,0,3,3,2,4,4,2,1,1,1,1
7,20,13,1.7548939013067866e-06,0,0,3,3,2,1,4,3,1,1,1,1
7,20,15,2.8950678299111132e-08,0,0,3,3,2,3,4,3,1,1,1,1
7,20,18,3.872087006584479e-07,0,0,3,3,2,6,4,3,1,1,1,1
7,20,19,3.1391664379043505e-07,0,0,3,3,2,1,4,4,1,1,1,1
7,20,23,6.036496102979072e-08,0,0,3,3,2,5,4,4,1,1,1,1
7,20,24,1.6054468687798362e-06,0,0,3,3,2,6,4,4,1,1,1,1
7,20,26,2.0236763376146882e-08,0,0,3,3,2,2,4,5,1,1,1,1
7,20,28,4.482325977051005e-08,0,0,3,3,2,4,4,5,1,1,1,1
7,20,29,9.981555137983378e-09,0,0,3,3,2,5,4,5,1,1,1,1
7,20,31,3.9274113078136e-05,0,0,3,4,2,1,4,1,1,1,1,1
7,20,32,1.0155747354190225e-09,0,0,3,4,2,2,4,2,1,1,1,1
7,20,36,0.9966486692428589,0,0,3,5,2,1,4,1,1,2,1,2
7,20,37,4.564085884339875e-06,0,0,3,5,2,2,4,2,1,2,1,2
7,20,38,0.003239009063690901,0,0,3,5,2,3,4,3,1,2,1,2
7,20,42,2.5865035113703527e-10,0,1,3,6,2,2,4,0,1,0,1,1
7,20,43,3.6848371576247985e-10,0,1,3,6,2,3,4,0,1,0,1,1
7,20,45,1.6861411156199324e-09,0,1,3,6,2,5,4,0,1,0,1,1
7,20,47,4.011767806844091e-09,0,2,3,7,2,0,4,0,1,0,1,4
7,21,1,0.0004671398492064327,0,0,3,3,3,1,4,1,1,1,1,1
7,21,2,5.251191760180518e-05,0,0,3,3,3,2,4,1,1,1,1,1
7,21,6,9.83059435384348e-05,0,0,3,3,3,6,4,1,1,1,1,1
7,21,7,8.805823199509177e-06,0,0,3,3,3,1,4,2,1,1,1,1
7,21,8,6.593418788725103e-08,0,0,3,3,3,2,4,2,1,1,1,1
7,21,10,1.6957724824351317e-07,0,0,3,3,3,4,4,2,1,1,1,1
7,21,13,0.00010733740782598034,0,0,3,3,3,1,4,3,1,1,1,1
7,21,15,1.9932788291043835e-06,0,0,3,3,3,3,4,3,1,1,1,1
7,21,18,1.697703919489868e-05,0,0,3,3,3,6,4,3,1,1,1,1
7,21,19,4.202067430014722e-06,0,0,3,3,3,1,4,4,1,1,1,1
7,21,23,1.0141434358956758e-06,0,0,3,3,3,5,4,4,1,1,1,1
7,21,24,7.512008323828923e-06,0,0,3,3,3,6,4,4,1,1,1,1
7,21,26,4.260284640622558e-07,0,0,3,3,3,2,4,5,1,1,1,1
7,21,28,6.916919573995983e-06,0,0,3,3,3,4,4,5,1,1,1,1
7,21,29,2.729550772073708e-07,0,0,3,3,3,5,4,5,1,1,1,1
7,21,31,0.0003212334995623678,0,0,3,4,3,1,4,1,1,1,1,1
7,21,32,1.4223694222437189e-08,0,0,3,4,3,2,4,2,1,1,1,1
7,21,36,0.9977683424949646,0,0,3,5,3,1,4,1,1,2,1,2
7,21,37,1.4053999620955437e-05,0,0,3,5,3,2,4,2,1,2,1,2
7,21,38,0.001121944049373269,0,0,3,5,3,3,4,3,1,2,1,2
7,21,42,1.468739441179423e-08,0,1,3,6,3,2,4,0,1,0,1,1
7,21,43,1.3491396089193586e-07,0,1,3,6,3,3,4,0,1,0,1,1
7,21,45,2.9576861848568115e-08,0,1,3,6,3,5,4,0,1,0,1,1
7,21,47,1.666817297518719e-07,0,2,3,7,3,0,4,0,1,0,1,4
7,22,1,0.002586877439171076,0,0,3,3,4,1,4,1,1,1,1,1
7,22,2,0.00032786844531074166,0,0,3,3,4,2,4,1,1,1,1,1
7,22,6,0.0005640045274049044,0,0,3,3,4,6,4,1,1,1,1,1
7,22,7,1.0656422091415152e-05,0,0,3,3,4,1,4,2,1,1,1,1
7,22,8,2.4269868958981533e-07,0,0,3,3,4,2,4,2,1,1,1,1
7,22,10,6.66584440978113e-08,0,0,3,3,4,4,4,2,1,1,1,1
7,22,13,0.00010421501792734489,0,0,3,3,4,1,4,3,1,1,1,1
7,22,15,2.596770855234354e-06,0,0,3,3,4,3,4,3,1,1,1,1
7,22,18,4.082312807440758e-05,0,0,3,3,4,6,4,3,1,1,1,1
7,22,19,9.3007674877299e-06,0,0,3,3,4,1,4,4,1,1,1,1
7,22,23,5.721834099858825e-07,0,0,3,3,4,5,4,4,1,1,1,1
7,22,24,4.917104888590984e-05,0,0,3,3,4,6,4,4,1,1,1,1
7,22,26,2.693715259738383e-06,0,0,3,3,4,2,4,5,1,1,1,1
7,22,28,1.8760321154331905e-06,0,0,3,3,4,4,4,5,1,1,1,1
7,22,29,2.820061126840301e-07,0,0,3,3,4,5,4,5,1,1,1,1
7,22,31,0.0015361838741227984,0,0,3,4,4,1,4,1,1,1,1,1
7,22,32,1.1406539357494694e-07,0,0,3,4,4,2,4,2,1,1,1,1
7,22,36,0.993457019329071,0,0,3,5,4,1,4,1,1,2,1,2
7,22,37,6.531407416332513e-05,0,0,3,5,4,2,4,2,1,2,1,2
7,22,38,0.0012391360942274332,0,0,3,5,4,3,4,3,1,2,1,2
7,22,42,5.764038135680494e-08,0,1,3,6,4,2,4,0,1,0,1,1
7,22,43,1.7761215076461667e-07,0,1,3,6,4,3,4,0,1,0,1,1
7,22,45,2.9276089108520864e-08,0,1,3,6,4,5,4,0,1,0,1,1
7,22,47,1.2317135542616597e-06,0,2,3,7,4,0,4,0,1,0,1,4
7,25,1,0.018483374267816544,0,0,3,3,1,1,5,1,1,1,1,1
7,25,2,0.004528225865215063,0,0,3,3,1,2,5,1,1,1,1,1
7,25,6,0.02461647056043148,0,0,3,3,1,6,5,1,1,1,1,1
7,25,7,0.00014044555427972227,0,0,3,3,1,1,5,2,1,1,1,1
7,25,8,7.018676569714444e-06,0,0,3,3,1,2,5,2,1,1,1,1
7,25,10,2.7232683805777924e-06,0,0,3,3,1,4,5,2,1,1,1,1
7,25,13,0.0031063295900821686,0,0,3,3,1,1,5,3,1,1,1,1
7,25,15,2.9879995054216124e-05,0,0,3,3,1,3,5,3,1,1,1,1
7,25,18,0.0024425785522907972,0,0,3,3,1,6,5,3,1,1,1,1
7,25,19,0.00011689264647429809,0,0,3,3,1,1,5,4,1,1,1,1
7,25,23,9.304006198362913e-06,0,0,3,3,1,5,5,4,1,1,1,1
7,25,24,0.0010681732092052698,0,0,3,3,1,6,5,4,1,1,1,1
7,25,26,2.144343852705788e-05,0,0,3,3,1,2,5,5,1,1,1,1
7,25,28,1.437515311408788e-05,0,0,3,3,1,4,5,5,1,1,1,1
7,25,29,3.0986043384473305e-06,0,0,3,3,1,5,5,5,1,1,1,1
7,25,31,0.0062561784870922565,0,0,3,4,1,1,5,1,1,1,1,1
7,25,32,5.655396762449527e-06,0,0,3,4,1,2,5,2,1,1,1,1
7,25,36,0.9354764819145203,0,0,3,5,1,1,5,1,1,2,1,2
7,25,37,0.0005725168157368898,0,0,3,5,1,2,5,2,1,2,1,2
7,25,38,0.0030063348822295666,0,0,3,5,1,3,5,3,1,2,1,2
7,25,42,2.7669561859511305e-06,0,1,3,6,1,2,5,0,1,0,1,1
7,25,43,3.7265519949869486e-06,0,1,3,6,1,3,5,0,1,0,1,1
7,25,45,1.2010613090751576e-06,0,1,3,6,1,5,5,0,1,0,1,1
7,25,47,8.441062527708709e-05,0,2,3,7,1,0,5,0,1,0,1,4
7,27,1,0.01476220041513443,0,0,3,3,3,1,5,1,1,1,1,1
7,27,2,0.0027009323239326477,0,0,3,3,3,2,5,1,1,1,1,1
7,27,6,0.05689217522740364,0,0,3,3,3,6,5,1,1,1,1,1
7,27,7,0.00011498249659780413,0,0,3,3,3,1,5,2,1,1,1,1
7,27,8,5.948709713265998e-06,0,0,3,3,3,2,5,2,1,1,1,1
7,27,10,4.700601948570693e-06,0,0,3,3,3,4,5,2,1,1,1,1
7,27,13,0.002685542916879058,0,0,3,3,3,1,5,3,1,1,1,1
7,27,15,2.1025058231316507e-05,0,0,3,3,3,3,5,3,1,1,1,1
7,27,18,0.0038733971305191517,0,0,3,3,3,6,5,3,1,1,1,1
7,27,19,6.094170385040343e-05,0,0,3,3,3,1,5,4,1,1,1,1
7,27,23,7.136211934266612e-06,0,0,3,3,3,5,5,4,1,1,1,1
7,27,24,0.0009661068907007575,0,0,3,3,3,6,5,4,1,1,1,1
7,27,26,1.552720641484484e-05,0,0,3,3,3,2,5,5,1,1,1,1
7,27,28,5.469461757456884e-05,0,0,3,3,3,4,5,5,1,1,1,1
7,27,29,3.709968268594821e-06,0,0,3,3,3,5,5,5,1,1,1,1
7,27,31,0.002862582914531231,0,0,3,4,3,1,5,1,1,1,1,1
7,27,32,2.271071480208775e-06,0,0,3,4,3,2,5,2,1,1,1,1
7,27,36,0.9137958288192749,0,0,3,5,3,1,5,1,1,2,1,2
7,27,37,0.00023218660498969257,0,0,3,5,3,2,5,2,1,2,1,2
7,27,38,0.0009208358242176473,0,0,3,5,3,3,5,3,1,2,1,2
7,27,42,2.2959139300837705e-07,0,1,3,6,3,2,5,0,1,0,1,1
7,27,43,8.936510766943684e-07,0,1,3,6,3,3,5,0,1,0,1,1
7,27,45,1.7743033708939038e-07,0,1,3,6,3,5,5,0,1,0,1,1
7,27,47,1.6019217582652345e-05,0,2,3,7,3,0,5,0,1,0,1,4
7,30,1,0.05798334255814552,0,0,3,3,6,1,5,1,1,1,1,1
7,30,2,0.006411659996956587,0,0,3,3,6,2,5,1,1,1,1,1
7,30,6,0.036675840616226196,0,0,3,3,6,6,5,1,1,1,1,1
7,30,7,0.0009161841589957476,0,0,3,3,6,1,5,2,1,1,1,1
7,30,8,6.329370808089152e-05,0,0,3,3,6,2,5,2,1,1,1,1
7,30,10,2.4204995497711934e-05,0,0,3,3,6,4,5,2,1,1,1,1
7,30,13,0.0033052137587219477,0,0,3,3,6,1,5,3,1,1,1,1
7,30,15,0.00035121841938234866,0,0,3,3,6,3,5,3,1,1,1,1
7,30,18,0.0013405035715550184,0,0,3,3,6,6,5,3,1,1,1,1
7,30,19,0.0007583753322251141,0,0,3,3,6,1,5,4,1,1,1,1
7,30,23,0.00013416526780929416,0,0,3,3,6,5,5,4,1,1,1,1
7,30,24,0.004178965929895639,0,0,3,3,6,6,5,4,1,1,1,1
7,30,26,0.0001582237018737942,0,0,3,3,6,2,5,5,1,1,1,1
7,30,28,0.0003549566026777029,0,0,3,3,6,4,5,5,1,1,1,1
7,30,29,6.521492468891665e-05,0,0,3,3,6,5,5,5,1,1,1,1
7,30,31,0.05351177975535393,0,0,3,4,6,1,5,1,1,1,1,1
7,30,32,0.00013536502956412733,0,0,3,4,6,2,5,2,1,1,1,1
7,30,36,0.8179184198379517,0,0,3,5,6,1,5,1,1,2,1,2
7,30,37,0.0016011095140129328,0,0,3,5,6,2,5,2,1,2,1,2
7,30,38,0.013494860380887985,0,0,3,5,6,3,5,3,1,2,1,2
7,30,42,6.178517651278526e-06,0,1,3,6,6,2,5,0,1,0,1,1
7,30,43,3.9925358578329906e-05,0,1,3,6,6,3,5,0,1,0,1,1
7,30,45,4.2315532482462e-06,0,1,3,6,6,5,5,0,1,0,1,1
7,30,47,0.0005666494253091514,0,2,3,7,6,0,5,0,1,0,1,4
7,33,1,0.009588993154466152,0,0,4,3,3,1,3,1,1,1,1,1
7,33,2,0.010688635520637035,0,0,4,3,3,2,3,1,1,1,1,1
7,33,6,0.037496455013751984,0,0,4,3,3,6,3,1,1,1,1,1
7,33,7,0.05074860155582428,0,0,4,3,3,1,3,2,1,1,1,1
7,33,8,0.006949343718588352,0,0,4,3,3,2,3,2,1,1,1,1
7,33,10,0.09735608845949173,0,0,4,3,3,4,3,2,1,1,1,1
7,33,13,0.03258329629898071,0,0,4,3,3,1,3,3,1,1,1,1
7,33,15,0.04084843024611473,0,0,4,3,3,3,3,3,1,1,1,1
7,33,18,0.037036437541246414,0,0,4,3,3,6,3,3,1,1,1,1
7,33,19,0.01140203420072794,0,0,4,3,3,1,3,4,1,1,1,1
7,33,23,0.02466556429862976,0,0,4,3,3,5,3,4,1,1,1,1
7,33,24,0.0124467508867383,0,0,4,3,3,6,3,4,1,1,1,1
7,33,26,0.005537244025617838,0,0,4,3,3,2,3,5,1,1,1,1
7,33,28,0.09277310222387314,0,0,4,3,3,4,3,5,1,1,1,1
7,33,29,0.017045550048351288,0,0,4,3,3,5,3,5,1,1,1,1
7,33,31,0.022869445383548737,0,0,4,4,3,1,3,1,1,1,1,1
7,33,32,0.003995734732598066,0,0,4,4,3,2,3,2,1,1,1,1
7,33,36,0.012756511569023132,0,0,4,5,3,1,3,1,1,2,1,2
7,33,37,0.00266554718837142,0,0,4,5,3,2,3,2,1,2,1,2
7,33,38,0.01801116205751896,0,0,4,5,3,3,3,3,1,2,1,2
7,33,42,0.03236962854862213,0,1,4,6,3,2,3,0,1,0,1,1
7,33,43,0.15159164369106293,0,1,4,6,3,3,3,0,1,0,1,1
7,33,45,0.03196593374013901,0,1,4,6,3,5,3,0,1,0,1,1
7,33,47,0.23660781979560852,0,2,4,7,3,0,3,0,1,0,1,4
7,34,1,0.046815041452646255,0,0,4,3,4,1,4,1,1,1,1,1
7,34,2,0.010945440270006657,0,0,4,3,4,2,4,1,1,1,1,1
7,34,6,0.029657548293471336,0,0,4,3,4,6,4,1,1,1,1,1
7,34,7,0.002351058879867196,0,0,4,3,4,1,4,2,1,1,1,1
7,34,8,0.00012174523726571351,0,0,4,3,4,2,4,2,1,1,1,1
7,34,10,0.0006438076379708946,0,0,4,3,4,4,4,2,1,1,1,1
7,34,13,0.01004271674901247,0,0,4,3,4,1,4,3,1,1,1,1
7,34,15,0.001332630985416472,0,0,4,3,4,3,4,3,1,1,1,1
7,34,18,0.012851591221988201,0,0,4,3,4,6,4,3,1,1,1,1
7,34,19,0.003896309994161129,0,0,4,3,4,1,4,4,1,1,1,1
7,34,23,0.0012686445843428373,0,0,4,3,4,5,4,4,1,1,1,1
7,34,24,0.014567418955266476,0,0,4,3,4,6,4,4,1,1,1,1
7,34,26,0.001168991206213832,0,0,4,3,4,2,4,5,1,1,1,1
7,34,28,0.004692269489169121,0,0,4,3,4,4,4,5,1,1,1,1
7,34,29,0.0004324598121456802,0,0,4,3,4,5,4,5,1,1,1,1
7,34,31,0.025232821702957153,0,0,4,4,4,1,4,1,1,1,1,1
7,34,32,4.326826456235722e-05,0,0,4,4,4,2,4,2,1,1,1,1
7,34,36,0.8148658871650696,0,0,4,5,4,1,4,1,1,2,1,2
7,34,37,0.0014474793570116162,0,0,4,5,4,2,4,2,1,2,1,2
7,34,38,0.014014855958521366,0,0,4,5,4,3,4,3,1,2,1,2
7,34,42,0.00022717734100297093,0,1,4,6,4,2,4,0,1,0,1,1
7,34,43,0.0008362165535800159,0,1,4,6,4,3,4,0,1,0,1,1
7,34,45,0.00030102970777079463,0,1,4,6,4,5,4,0,1,0,1,1
7,34,47,0.0022436364088207483,0,2,4,7,4,0,4,0,1,0,1,4
7,35,1,0.05268034338951111,0,0,4,3,5,1,5,1,1,1,1,1
7,35,2,0.006978686898946762,0,0,4,3,5,2,5,1,1,1,1,1
7,35,6,0.033926062285900116,0,0,4,3,5,6,5,1,1,1,1,1
7,35,7,0.002550575416535139,0,0,4,3,5,1,5,2,1,1,1,1
7,35,8,0.00017813222075346857,0,0,4,3,5,2,5,2,1,1,1,1
7,35,10,0.0001819202007027343,0,0,4,3,5,4,5,2,1,1,1,1
7,35,13,0.0031604417599737644,0,0,4,3,5,1,5,3,1,1,1,1
7,35,15,0.00138953048735857,0,0,4,3,5,3,5,3,1,1,1,1
7,35,18,0.0049193548038601875,0,0,4,3,5,6,5,3,1,1,1,1
7,35,19,0.00289307814091444,0,0,4,3,5,1,5,4,1,1,1,1
7,35,23,0.0005724509246647358,0,0,4,3,5,5,5,4,1,1,1,1
7,35,24,0.012765751220285892,0,0,4,3,5,6,5,4,1,1,1,1
7,35,26,0.0007340956362895668,0,0,4,3,5,2,5,5,1,1,1,1
7,35,28,0.0013512017903849483,0,0,4,3,5,4,5,5,1,1,1,1
7,35,29,0.0001934053871082142,0,0,4,3,5,5,5,5,1,1,1,1
7,35,31,0.027875833213329315,0,0,4,4,5,1,5,1,1,1,1,1
7,35,32,0.00034154485911130905,0,0,4,4,5,2,5,2,1,1,1,1
7,35,36,0.7161989212036133,0,0,4,5,5,1,5,1,1,2,1,2
7,35,37,0.008928453549742699,0,0,4,5,5,2,5,2,1,2,1,2
7,35,38,0.10014348477125168,0,0,4,5,5,3,5,3,1,2,1,2
7,35,42,0.0002822233072947711,0,1,4,6,5,2,5,0,1,0,1,1
7,35,43,0.0007291129441000521,0,1,4,6,5,3,5,0,1,0,1,1
7,35,45,0.00017471052706241608,0,1,4,6,5,5,5,0,1,0,1,1
7,35,47,0.020850732922554016,0,2,4,7,5,0,5,0,1,0,1,4
7,39,1,0.0035753664560616016,0,0,5,3,4,1,4,1,2,1,2,1
7,39,2,0.0023430921137332916,0,0,5,3,4,2,4,1,2,1,2,1
7,39,6,0.0008534843218512833,0,0,5,3,4,6,4,1,2,1,2,1
7,39,7,2.813867831719108e-05,0,0,5,3,4,1,4,2,2,1,2,1
7,39,8,1.3095095710013993e-05,0,0,5,3,4,2,4,2,2,1,2,1
7,39,10,2.701046071251767e-07,0,0,5,3,4,4,4,2,2,1,2,1
7,39,13,0.0007628033054061234,0,0,5,3,4,1,4,3,2,1,2,1
7,39,15,4.3701755203073844e-05,0,0,5,3,4,3,4,3,2,1,2,1
7,39,18,0.0005986322066746652,0,0,5,3,4,6,4,3,2,1,2,1
7,39,19,0.00010331820521969348,0,0,5,3,4,1,4,4,2,1,2,1
7,39,23,1.966328090929892e-05,0,0,5,3,4,5,4,4,2,1,2,1
7,39,24,0.0006027315394021571,0,0,5,3,4,6,4,4,2,1,2,1
7,39,26,0.0007861197809688747,0,0,5,3,4,2,4,5,2,1,2,1
7,39,28,1.748063186823856e-05,0,0,5,3,4,4,4,5,2,1,2,1
7,39,29,9.278779180021957e-05,0,0,5,3,4,5,4,5,2,1,2,1
7,39,31,0.001971285790205002,0,0,5,4,4,1,4,1,2,1,2,1
7,39,32,3.354697400936857e-05,0,0,5,4,4,2,4,2,2,1,2,1
7,39,36,0.9648401737213135,0,0,5,5,4,1,4,1,2,2,2,2
7,39,37,0.004886896815150976,0,0,5,5,4,2,4,2,2,2,2,2
7,39,38,0.01841224543750286,0,0,5,5,4,3,4,3,2,2,2,2
7,39,42,7.15575606591301e-06,0,1,5,6,4,2,4,0,2,0,2,1
7,39,43,1.7632772824072163e-06,0,1,5,6,4,3,4,0,2,0,2,1
7,39,45,6.673969437542837e-06,0,1,5,6,4,5,4,0,2,0,2,1
7,39,47,6.493617661362805e-07,0,2,5,7,4,0,4,0,2,0,2,4
7,40,1,0.007727104239165783,0,0,5,3,5,1,5,1,2,1,2,1
7,40,2,0.007140518631786108,0,0,5,3,5,2,5,1,2,1,2,1
7,40,6,0.01906421035528183,0,0,5,3,5,6,5,1,2,1,2,1
7,40,7,9.826828318182379e-05,0,0,5,3,5,1,5,2,2,1,2,1
7,40,8,0.00016170207527466118,0,0,5,3,5,2,5,2,2,1,2,1
7,40,10,2.5553133582434384e-06,0,0,5,3,5,4,5,2,2,1,2,1
7,40,13,0.0007200943073257804,0,0,5,3,5,1,5,3,2,1,2,1
7,40,15,9.344242425868288e-05,0,0,5,3,5,3,5,3,2,1,2,1
7,40,18,0.0024535483680665493,0,0,5,3,5,6,5,3,2,1,2,1
7,40,19,0.0003215528267901391,0,0,5,3,5,1,5,4,2,1,2,1
7,40,23,0.00012658583000302315,0,0,5,3,5,5,5,4,2,1,2,1
7,40,24,0.0034044641070067883,0,0,5,3,5,6,5,4,2,1,2,1
7,40,26,0.0018209685804322362,0,0,5,3,5,2,5,5,2,1,2,1
7,40,28,1.9863651687046513e-05,0,0,5,3,5,4,5,5,2,1,2,1
7,40,29,0.0001897518668556586,0,0,5,3,5,5,5,5,2,1,2,1
7,40,31,0.0019586849957704544,0,0,5,4,5,1,5,1,2,1,2,1
7,40,32,0.00149728381074965,0,0,5,4,5,2,5,2,2,1,2,1
7,40,36,0.49046453833580017,0,0,5,5,5,1,5,1,2,2,2,2
7,40,37,0.14362666010856628,0,0,5,5,5,2,5,2,2,2,2,2
7,40,38,0.3188681900501251,0,0,5,5,5,3,5,3,2,2,2,2
7,40,42,0.00013964975369162858,0,1,5,6,5,2,5,0,2,0,2,1
7,40,43,9.574941032042261e-06,0,1,5,6,5,3,5,0,2,0,2,1
7,40,45,7.414418359985575e-05,0,1,5,6,5,5,5,0,2,0,2,1
7,40,47,1.6517486074008048e-05,0,2,5,7,5,0,5,0,2,0,2,4
7,41,1,6.294876948231831e-05,1,0,6,3,1,1,0,1,0,1,1,1
7,41,2,2.198098081862554e-05,1,0,6,3,1,2,0,1,0,1,1,1
7,41,6,0.004731548484414816,1,0,6,3,1,6,0,1,0,1,1,1
7,41,7,4.7916189942043275e-05,1,0,6,3,1,1,0,2,0,1,1,1
7,41,8,1.9260644421592588e-06,1,0,6,3,1,2,0,2,0,1,1,1
7,41,10,8.433108450844884e-05,1,0,6,3,1,4,0,2,0,1,1,1
7,41,13,3.97245712520089e-05,1,0,6,3,1,1,0,3,0,1,1,1
7,41,15,2.0143648725934327e-05,1,0,6,3,1,3,0,3,0,1,1,1
7,41,18,0.0008789667626842856,1,0,6,3,1,6,0,3,0,1,1,1
7,41,19,8.126449756673537e-06,1,0,6,3,1,1,0,4,0,1,1,1
7,41,23,2.1848205506103113e-05,1,0,6,3,1,5,0,4,0,1,1,1
7,41,24,9.8343902209308e-05,1,0,6,3,1,6,0,4,0,1,1,1
7,41,26,2.714774154810584e-06,1,0,6,3,1,2,0,5,0,1,1,1
7,41,28,2.6257443096255884e-05,1,0,6,3,1,4,0,5,0,1,1,1
7,41,29,3.0134299322526203e-06,1,0,6,3,1,5,0,5,0,1,1,1
7,41,31,0.0004578399530146271,1,0,6,4,1,1,0,1,0,1,1,1
7,41,32,7.020917109912261e-06,1,0,6,4,1,2,0,2,0,1,1,1
7,41,36,8.52599498557538e-07,1,0,6,5,1,1,0,1,0,2,1,2
7,41,37,2.2996599113866978e-07,1,0,6,5,1,2,0,2,0,2,1,2
7,41,38,3.856883722619386e-06,1,0,6,5,1,3,0,3,0,2,1,2
7,41,42,0.0008361635264009237,1,1,6,6,1,2,0,0,0,0,1,1
7,41,43,0.0016285028541460633,1,1,6,6,1,3,0,0,0,0,1,1
7,41,45,0.00023701826285105199,1,1,6,6,1,5,0,0,0,0,1,1
7,41,47,0.9907783269882202,1,2,6,7,1,0,0,0,0,0,1,4
7,44,1,0.00011110260675195605,1,0,6,3,4,1,0,1,0,1,1,1
7,44,2,3.57563876605127e-05,1,0,6,3,4,2,0,1,0,1,1,1
7,44,6,0.0007505464600399137,1,0,6,3,4,6,0,1,0,1,1,1
7,44,7,9.462698653806001e-05,1,0,6,3,4,1,0,2,0,1,1,1
7,44,8,3.408078191569075e-05,1,0,6,3,4,2,0,2,0,1,1,1
7,44,10,0.00020924794080201536,1,0,6,3,4,4,0,2,0,1,1,1
7,44,13,1.5271236406988464e-05,1,0,6,3,4,1,0,3,0,1,1,1
7,44,15,4.670850466936827e-05,1,0,6,3,4,3,0,3,0,1,1,1
7,44,18,0.00017474920605309308,1,0,6,3,4,6,0,3,0,1,1,1
7,44,19,2.1899968487559818e-05,1,0,6,3,4,1,0,4,0,1,1,1
7,44,23,5.865713319508359e-05,1,0,6,3,4,5,0,4,0,1,1,1
7,44,24,0.00014795755851082504,1,0,6,3,4,6,0,4,0,1,1,1
7,44,26,2.20029160118429e-05,1,0,6,3,4,2,0,5,0,1,1,1
7,44,28,8.67966009536758e-05,1,0,6,3,4,4,0,5,0,1,1,1
7,44,29,1.7468988517066464e-05,1,0,6,3,4,5,0,5,0,1,1,1
7,44,31,0.0011122275609523058,1,0,6,4,4,1,0,1,0,1,1,1
7,44,32,8.331841672770679e-05,1,0,6,4,4,2,0,2,0,1,1,1
7,44,36,6.756822017450759e-07,1,0,6,5,4,1,0,1,0,2,1,2
7,44,37,1.5122396916922298e-06,1,0,6,5,4,2,0,2,0,2,1,2
7,44,38,3.216664026695071e-06,1,0,6,5,4,3,0,3,0,2,1,2
7,44,42,0.0002448533778078854,1,1,6,6,4,2,0,0,0,0,1,1
7,44,43,0.0008568520424887538,1,1,6,6,4,3,0,0,0,0,1,1
7,44,45,6.919046427356079e-05,1,1,6,6,4,5,0,0,0,0,1,1
7,44,47,0.9958013892173767,1,2,6,7,4,0,0,0,0,0,1,4
7,46,1,1.3324881365406327e-05,1,0,6,3,6,1,0,1,0,1,1,1
7,46,2,3.386001253602444e-06,1,0,6,3,6,2,0,1,0,1,1,1
7,46,6,8.543203148292378e-05,1,0,6,3,6,6,0,1,0,1,1,1
7,46,7,3.689478035084903e-05,1,0,6,3,6,1,0,2,0,1,1,1
7,46,8,1.225448249897454e-05,1,0,6,3,6,2,0,2,0,1,1,1
7,46,10,0.0003544970240909606,1,0,6,3,6,4,0,2,0,1,1,1
7,46,13,1.5701295978942653e-06,1,0,6,3,6,1,0,3,0,1,1,1
7,46,15,1.1660734344332013e-05,1,0,6,3,6,3,0,3,0,1,1,1
7,46,18,1.1920407814614009e-05,1,0,6,3,6,6,0,3,0,1,1,1
7,46,19,9.283518920710776e-06,1,0,6,3,6,1,0,4,0,1,1,1
7,46,23,0.00022980057110544294,1,0,6,3,6,5,0,4,0,1,1,1
7,46,24,2.32278343901271e-05,1,0,6,3,6,6,0,4,0,1,1,1
7,46,26,3.4423724173393566e-06,1,0,6,3,6,2,0,5,0,1,1,1
7,46,28,4.679009725805372e-05,1,0,6,3,6,4,0,5,0,1,1,1
7,46,29,1.3858018974133302e-05,1,0,6,3,6,5,0,5,0,1,1,1
7,46,31,0.0002669314853847027,1,0,6,4,6,1,0,1,0,1,1,1
7,46,32,8.314353908644989e-05,1,0,6,4,6,2,0,2,0,1,1,1
7,46,36,9.854193905312059e-09,1,0,6,5,6,1,0,1,0,2,1,2
7,46,37,1.4423241623262584e-07,1,0,6,5,6,2,0,2,0,2,1,2
7,46,38,6.316264489214518e-07,1,0,6,5,6,3,0,3,0,2,1,2
7,46,42,0.00025746316532604396,1,1,6,6,6,2,0,0,0,0,1,1
7,46,43,0.0005999263375997543,1,1,6,6,6,3,0,0,0,0,1,1
7,46,45,0.00019348753266967833,1,1,6,6,6,5,0,0,0,0,1,1
7,46,47,0.9977409839630127,1,2,6,7,6,0,0,0,0,0,1,4
