coupling_layer,target_coord,fixed_coord,mean_attention,target_latent_type,fixed_latent_type,target_parameter_type,fixed_parameter_type,target_group,fixed_group,target_unit,fixed_unit,target_layer,fixed_layer,target_side,fixed_side
0,4,0,0.012391708791255951,0,0,3,1,4,0,1,0,1,2,1,4
0,4,1,0.22322329878807068,0,0,3,3,4,1,1,1,1,1,1,1
0,4,2,0.011442714370787144,0,0,3,3,4,2,1,1,1,1,1,1
0,4,3,0.007215102203190327,0,0,3,3,4,3,1,1,1,1,1,1
0,4,5,0.00732056051492691,0,0,3,3,4,5,1,1,1,1,1,1
0,4,6,0.001250671106390655,0,0,3,3,4,6,1,1,1,1,1,1
0,4,7,0.0016030134866014123,0,0,3,3,4,1,1,2,1,1,1,1
0,4,11,0.0031719899270683527,0,0,3,3,4,5,1,2,1,1,1,1
0,4,13,0.0128956763073802,0,0,3,3,4,1,1,3,1,1,1,1
0,4,18,0.000936159398406744,0,0,3,3,4,6,1,3,1,1,1,1
0,4,23,0.001966624055057764,0,0,3,3,4,5,1,4,1,1,1,1
0,4,24,0.002260587178170681,0,0,3,3,4,6,1,4,1,1,1,1
0,4,25,0.006999155972152948,0,0,3,3,4,1,1,5,1,1,1,1
0,4,26,0.0015968969091773033,0,0,3,3,4,2,1,5,1,1,1,1
0,4,28,0.0027692033909261227,0,0,3,3,4,4,1,5,1,1,1,1
0,4,31,0.684313178062439,0,0,3,4,4,1,1,1,1,1,1,1
0,4,32,0.0029349143151193857,0,0,3,4,4,2,1,2,1,1,1,1
0,4,33,0.0013230054173618555,0,0,3,4,4,3,1,3,1,1,1,1
0,4,34,0.00225840718485415,0,0,3,4,4,4,1,4,1,1,1,1
0,4,38,0.003865090198814869,0,0,3,5,4,3,1,3,1,2,1,2
0,4,40,0.0005095989909023046,0,0,3,5,4,5,1,5,1,2,1,2
0,4,43,0.0024324797559529543,0,1,3,6,4,3,1,0,1,0,1,1
0,4,44,0.004219180438667536,0,1,3,6,4,4,1,0,1,0,1,1
0,4,46,0.0011010216549038887,0,1,3,6,4,6,1,0,1,0,1,1
0,8,0,0.5815215110778809,0,0,3,1,2,0,2,0,1,2,1,4
0,8,1,0.047449249774217606,0,0,3,3,2,1,2,1,1,1,1,1
0,8,2,0.08441904187202454,0,0,3,3,2,2,2,1,1,1,1,1
0,8,3,0.009889522567391396,0,0,3,3,2,3,2,1,1,1,1,1
0,8,5,0.010535318404436111,0,0,3,3,2,5,2,1,1,1,1,1
0,8,6,0.012176312506198883,0,0,3,3,2,6,2,1,1,1,1,1
0,8,7,0.030945224687457085,0,0,3,3,2,1,2,2,1,1,1,1
0,8,11,0.04057072103023529,0,0,3,3,2,5,2,2,1,1,1,1
0,8,13,0.07526330649852753,0,0,3,3,2,1,2,3,1,1,1,1
0,8,18,0.026411235332489014,0,0,3,3,2,6,2,3,1,1,1,1
0,8,23,0.029529480263590813,0,0,3,3,2,5,2,4,1,1,1,1
0,8,24,0.016593508422374725,0,0,3,3,2,6,2,4,1,1,1,1
0,8,25,0.0037479170132428408,0,0,3,3,2,1,2,5,1,1,1,1
0,8,26,0.013084680773317814,0,0,3,3,2,2,2,5,1,1,1,1
0,8,28,0.0032423390075564384,0,0,3,3,2,4,2,5,1,1,1,1
0,8,31,0.0021709133870899677,0,0,3,4,2,1,2,1,1,1,1,1
0,8,32,0.0032845321111381054,0,0,3,4,2,2,2,2,1,1,1,1
0,8,33,9.822686843108386e-05,0,0,3,4,2,3,2,3,1,1,1,1
0,8,34,0.0006639065104536712,0,0,3,4,2,4,2,4,1,1,1,1
0,8,38,3.587966421036981e-05,0,0,3,5,2,3,2,3,1,2,1,2
0,8,40,2.6493342375033535e-05,0,0,3,5,2,5,2,5,1,2,1,2
0,8,43,0.00037957457243464887,0,1,3,6,2,3,2,0,1,0,1,1
0,8,44,0.006683983374387026,0,1,3,6,2,4,2,0,1,0,1,1
0,8,46,0.0012772924965247512,0,1,3,6,2,6,2,0,1,0,1,1
0,9,0,0.41391608119010925,0,0,3,1,3,0,2,0,1,2,1,4
0,9,1,0.0011142559815198183,0,0,3,3,3,1,2,1,1,1,1,1
0,9,2,0.06704777479171753,0,0,3,3,3,2,2,1,1,1,1,1
0,9,3,0.007873352617025375,0,0,3,3,3,3,2,1,1,1,1,1
0,9,5,0.011028159409761429,0,0,3,3,3,5,2,1,1,1,1,1
0,9,6,0.008189812302589417,0,0,3,3,3,6,2,1,1,1,1,1
0,9,7,0.023121338337659836,0,0,3,3,3,1,2,2,1,1,1,1
0,9,11,0.07736086845397949,0,0,3,3,3,5,2,2,1,1,1,1
0,9,13,0.11933786422014236,0,0,3,3,3,1,2,3,1,1,1,1
0,9,18,0.0957021564245224,0,0,3,3,3,6,2,3,1,1,1,1
0,9,23,0.015655940398573875,0,0,3,3,3,5,2,4,1,1,1,1
0,9,24,0.02591039054095745,0,0,3,3,3,6,2,4,1,1,1,1
0,9,25,0.003315277397632599,0,0,3,3,3,1,2,5,1,1,1,1
0,9,26,0.06425721198320389,0,0,3,3,3,2,2,5,1,1,1,1
0,9,28,0.010307391174137592,0,0,3,3,3,4,2,5,1,1,1,1
0,9,31,0.00025286394520662725,0,0,3,4,3,1,2,1,1,1,1,1
0,9,32,0.00979534536600113,0,0,3,4,3,2,2,2,1,1,1,1
0,9,33,0.0064194281585514545,0,0,3,4,3,3,2,3,1,1,1,1
0,9,34,0.00394053291529417,0,0,3,4,3,4,2,4,1,1,1,1
0,9,38,0.0013461867347359657,0,0,3,5,3,3,2,3,1,2,1,2
0,9,40,0.001015756744891405,0,0,3,5,3,5,2,5,1,2,1,2
0,9,43,0.003783490275964141,0,1,3,6,3,3,2,0,1,0,1,1
0,9,44,0.026906078681349754,0,1,3,6,3,4,2,0,1,0,1,1
0,9,46,0.0024024234153330326,0,1,3,6,3,6,2,0,1,0,1,1
0,10,0,0.3832393288612366,0,0,3,1,4,0,2,0,1,2,1,4
0,10,1,0.013502218760550022,0,0,3,3,4,1,2,1,1,1,1,1
0,10,2,0.0616120882332325,0,0,3,3,4,2,2,1,1,1,1,1
0,10,3,0.01644578017294407,0,0,3,3,4,3,2,1,1,1,1,1
0,10,5,0.013994690030813217,0,0,3,3,4,5,2,1,1,1,1,1
0,10,6,0.0016191506292670965,0,0,3,3,4,6,2,1,1,1,1,1
0,10,7,0.006138040218502283,0,0,3,3,4,1,2,2,1,1,1,1
0,10,11,0.03104802593588829,0,0,3,3,4,5,2,2,1,1,1,1
0,10,13,0.09594834595918655,0,0,3,3,4,1,2,3,1,1,1,1
0,10,18,0.052607983350753784,0,0,3,3,4,6,2,3,1,1,1,1
0,10,23,0.02849467843770981,0,0,3,3,4,5,2,4,1,1,1,1
0,10,24,0.02618633210659027,0,0,3,3,4,6,2,4,1,1,1,1
0,10,25,0.010721970349550247,0,0,3,3,4,1,2,5,1,1,1,1
0,10,26,0.043990667909383774,0,0,3,3,4,2,2,5,1,1,1,1
0,10,28,0.009601115249097347,0,0,3,3,4,4,2,5,1,1,1,1
0,10,31,0.01833966001868248,0,0,3,4,4,1,2,1,1,1,1,1
0,10,32,0.02065565623342991,0,0,3,4,4,2,2,2,1,1,1,1
0,10,33,0.025594081729650497,0,0,3,4,4,3,2,3,1,1,1,1
0,10,34,0.010610961355268955,0,0,3,4,4,4,2,4,1,1,1,1
0,10,38,0.03890758380293846,0,0,3,5,4,3,2,3,1,2,1,2
0,10,40,0.006968603935092688,0,0,3,5,4,5,2,5,1,2,1,2
0,10,43,0.02715042233467102,0,1,3,6,4,3,2,0,1,0,1,1
0,10,44,0.051051001995801926,0,1,3,6,4,4,2,0,1,0,1,1
0,10,46,0.0055714682675898075,0,1,3,6,4,6,2,0,1,0,1,1
0,12,0,0.5429384112358093,0,0,3,1,6,0,2,0,1,2,1,4
0,12,1,0.00167797040194273,0,0,3,3,6,1,2,1,1,1,1,1
0,12,2,0.05499652400612831,0,0,3,3,6,2,2,1,1,1,1,1
0,12,3,0.0052053541876375675,0,0,3,3,6,3,2,1,1,1,1,1
0,12,5,0.009021326899528503,0,0,3,3,6,5,2,1,1,1,1,1
0,12,6,0.0032363098580390215,0,0,3,3,6,6,2,1,1,1,1,1
0,12,7,0.010467611253261566,0,0,3,3,6,1,2,2,1,1,1,1
0,12,11,0.09255258738994598,0,0,3,3,6,5,2,2,1,1,1,1
0,12,13,0.08117429912090302,0,0,3,3,6,1,2,3,1,1,1,1
0,12,18,0.049196548759937286,0,0,3,3,6,6,2,3,1,1,1,1
0,12,23,0.017627455294132233,0,0,3,3,6,5,2,4,1,1,1,1
0,12,24,0.019617173820734024,0,0,3,3,6,6,2,4,1,1,1,1
0,12,25,0.001810368848964572,0,0,3,3,6,1,2,5,1,1,1,1
0,12,26,0.05255737900733948,0,0,3,3,6,2,2,5,1,1,1,1
0,12,28,0.008418354205787182,0,0,3,3,6,4,2,5,1,1,1,1
0,12,31,0.0008815015316940844,0,0,3,4,6,1,2,1,1,1,1,1
0,12,32,0.01846337504684925,0,0,3,4,6,2,2,2,1,1,1,1
0,12,33,0.006558914203196764,0,0,3,4,6,3,2,3,1,1,1,1
0,12,34,0.0035537597723305225,0,0,3,4,6,4,2,4,1,1,1,1
0,12,38,0.0010312602389603853,0,0,3,5,6,3,2,3,1,2,1,2
0,12,40,0.0007325238548219204,0,0,3,5,6,5,2,5,1,2,1,2
0,12,43,0.0032219139393419027,0,1,3,6,6,3,2,0,1,0,1,1
0,12,44,0.014231402426958084,0,1,3,6,6,4,2,0,1,0,1,1
0,12,46,0.0008275930304080248,0,1,3,6,6,6,2,0,1,0,1,1
0,14,0,0.5269437432289124,0,0,3,1,2,0,3,0,1,2,1,4
0,14,1,0.17226642370224,0,0,3,3,2,1,3,1,1,1,1,1
0,14,2,0.054543156176805496,0,0,3,3,2,2,3,1,1,1,1,1
0,14,3,0.021511191502213478,0,0,3,3,2,3,3,1,1,1,1,1
0,14,5,0.007089913822710514,0,0,3,3,2,5,3,1,1,1,1,1
0,14,6,0.03827787563204765,0,0,3,3,2,6,3,1,1,1,1,1
0,14,7,0.051298364996910095,0,0,3,3,2,1,3,2,1,1,1,1
0,14,11,0.020632976666092873,0,0,3,3,2,5,3,2,1,1,1,1
0,14,13,0.0015827983152121305,0,0,3,3,2,1,3,3,1,1,1,1
0,14,18,0.0005796457990072668,0,0,3,3,2,6,3,3,1,1,1,1
0,14,23,0.00040729730972088873,0,0,3,3,2,5,3,4,1,1,1,1
0,14,24,0.002647273475304246,0,0,3,3,2,6,3,4,1,1,1,1
0,14,25,0.0026159705594182014,0,0,3,3,2,1,3,5,1,1,1,1
0,14,26,0.006950012873858213,0,0,3,3,2,2,3,5,1,1,1,1
0,14,28,0.02004328928887844,0,0,3,3,2,4,3,5,1,1,1,1
0,14,31,0.02102622389793396,0,0,3,4,2,1,3,1,1,1,1,1
0,14,32,0.023131651803851128,0,0,3,4,2,2,3,2,1,1,1,1
0,14,33,0.0002765725366771221,0,0,3,4,2,3,3,3,1,1,1,1
0,14,34,0.0003417175030335784,0,0,3,4,2,4,3,4,1,1,1,1
0,14,38,5.044584395363927e-05,0,0,3,5,2,3,3,3,1,2,1,2
0,14,40,4.586582872434519e-05,0,0,3,5,2,5,3,5,1,2,1,2
0,14,43,0.004108148626983166,0,1,3,6,2,3,3,0,1,0,1,1
0,14,44,0.018018288537859917,0,1,3,6,2,4,3,0,1,0,1,1
0,14,46,0.005611204542219639,0,1,3,6,2,6,3,0,1,0,1,1
0,15,0,0.6411903500556946,0,0,3,1,3,0,3,0,1,2,1,4
0,15,1,0.07829847186803818,0,0,3,3,3,1,3,1,1,1,1,1
0,15,2,0.052959226071834564,0,0,3,3,3,2,3,1,1,1,1,1
0,15,3,0.010399512015283108,0,0,3,3,3,3,3,1,1,1,1,1
0,15,5,0.013249712996184826,0,0,3,3,3,5,3,1,1,1,1,1
0,15,6,0.016916761174798012,0,0,3,3,3,6,3,1,1,1,1,1
0,15,7,0.0051887244917452335,0,0,3,3,3,1,3,2,1,1,1,1
0,15,11,0.010506100952625275,0,0,3,3,3,5,3,2,1,1,1,1
0,15,13,0.011406072415411472,0,0,3,3,3,1,3,3,1,1,1,1
0,15,18,0.006649268325418234,0,0,3,3,3,6,3,3,1,1,1,1
0,15,23,0.0037976279854774475,0,0,3,3,3,5,3,4,1,1,1,1
0,15,24,0.003475135425105691,0,0,3,3,3,6,3,4,1,1,1,1
0,15,25,0.011472695507109165,0,0,3,3,3,1,3,5,1,1,1,1
0,15,26,0.015633897855877876,0,0,3,3,3,2,3,5,1,1,1,1
0,15,28,0.046227339655160904,0,0,3,3,3,4,3,5,1,1,1,1
0,15,31,0.022422948852181435,0,0,3,4,3,1,3,1,1,1,1,1
0,15,32,0.016788357868790627,0,0,3,4,3,2,3,2,1,1,1,1
0,15,33,0.013343221507966518,0,0,3,4,3,3,3,3,1,1,1,1
0,15,34,0.0015519827138632536,0,0,3,4,3,4,3,4,1,1,1,1
0,15,38,0.002418216085061431,0,0,3,5,3,3,3,3,1,2,1,2
0,15,40,0.0018816019874066114,0,0,3,5,3,5,3,5,1,2,1,2
0,15,43,0.0021499681752175093,0,1,3,6,3,3,3,0,1,0,1,1
0,15,44,0.008735964074730873,0,1,3,6,3,4,3,0,1,0,1,1
0,15,46,0.003336649388074875,0,1,3,6,3,6,3,0,1,0,1,1
0,16,0,0.028023038059473038,0,0,3,1,4,0,3,0,1,2,1,4
0,16,1,0.7051545977592468,0,0,3,3,4,1,3,1,1,1,1,1
0,16,2,0.00996546819806099,0,0,3,3,4,2,3,1,1,1,1,1
0,16,3,0.004609627649188042,0,0,3,3,4,3,3,1,1,1,1,1
0,16,5,0.0033424634020775557,0,0,3,3,4,5,3,1,1,1,1,1
0,16,6,0.002201536437496543,0,0,3,3,4,6,3,1,1,1,1,1
0,16,7,0.0012224855599924922,0,0,3,3,4,1,3,2,1,1,1,1
0,16,11,0.0005987011827528477,0,0,3,3,4,5,3,2,1,1,1,1
0,16,13,0.0030715966131538153,0,0,3,3,4,1,3,3,1,1,1,1
0,16,18,0.0003035454428754747,0,0,3,3,4,6,3,3,1,1,1,1
0,16,23,0.00033368190634064376,0,0,3,3,4,5,3,4,1,1,1,1
0,16,24,0.0007449262775480747,0,0,3,3,4,6,3,4,1,1,1,1
0,16,25,0.007657359819859266,0,0,3,3,4,1,3,5,1,1,1,1
0,16,26,0.0004877478932030499,0,0,3,3,4,2,3,5,1,1,1,1
0,16,28,0.001503903535194695,0,0,3,3,4,4,3,5,1,1,1,1
0,16,31,0.22609943151474,0,0,3,4,4,1,3,1,1,1,1,1
0,16,32,0.00038301647873595357,0,0,3,4,4,2,3,2,1,1,1,1
0,16,33,6.594441219931468e-05,0,0,3,4,4,3,3,3,1,1,1,1
0,16,34,0.00015620577323716134,0,0,3,4,4,4,3,4,1,1,1,1
0,16,38,0.0003429206262808293,0,0,3,5,4,3,3,3,1,2,1,2
0,16,40,4.569012889987789e-05,0,0,3,5,4,5,3,5,1,2,1,2
0,16,43,0.00041159780812449753,0,1,3,6,4,3,3,0,1,0,1,1
0,16,44,0.0018995781429111958,0,1,3,6,4,4,3,0,1,0,1,1
0,16,46,0.0013752228114753962,0,1,3,6,4,6,3,0,1,0,1,1
0,17,0,0.49100732803344727,0,0,3,1,5,0,3,0,1,2,1,4
0,17,1,0.12434498965740204,0,0,3,3,5,1,3,1,1,1,1,1
0,17,2,0.08163019269704819,0,0,3,3,5,2,3,1,1,1,1,1
0,17,3,0.007980365306138992,0,0,3,3,5,3,3,1,1,1,1,1
0,17,5,0.021635103970766068,0,0,3,3,5,5,3,1,1,1,1,1
0,17,6,0.015642069280147552,0,0,3,3,5,6,3,1,1,1,1,1
0,17,7,0.00842534750699997,0,0,3,3,5,1,3,2,1,1,1,1
0,17,11,0.016794128343462944,0,0,3,3,5,5,3,2,1,1,1,1
0,17,13,0.07226579636335373,0,0,3,3,5,1,3,3,1,1,1,1
0,17,18,0.01650845818221569,0,0,3,3,5,6,3,3,1,1,1,1
0,17,23,0.012262405827641487,0,0,3,3,5,5,3,4,1,1,1,1
0,17,24,0.004626944661140442,0,0,3,3,5,6,3,4,1,1,1,1
0,17,25,0.014842220582067966,0,0,3,3,5,1,3,5,1,1,1,1
0,17,26,0.013516337610781193,0,0,3,3,5,2,3,5,1,1,1,1
0,17,28,0.026388468220829964,0,0,3,3,5,4,3,5,1,1,1,1
0,17,31,0.03920420631766319,0,0,3,4,5,1,3,1,1,1,1,1
0,17,32,0.011561392806470394,0,0,3,4,5,2,3,2,1,1,1,1
0,17,33,0.005164792761206627,0,0,3,4,5,3,3,3,1,1,1,1
0,17,34,0.0022187798749655485,0,0,3,4,5,4,3,4,1,1,1,1
0,17,38,0.0014629370998591185,0,0,3,5,5,3,3,3,1,2,1,2
0,17,40,0.0008557718247175217,0,0,3,5,5,5,3,5,1,2,1,2
0,17,43,0.001437670667655766,0,1,3,6,5,3,3,0,1,0,1,1
0,17,44,0.00778708141297102,0,1,3,6,5,4,3,0,1,0,1,1
0,17,46,0.002437002956867218,0,1,3,6,5,6,3,0,1,0,1,1
0,19,0,0.3337302505970001,0,0,3,1,1,0,4,0,1,2,1,4
0,19,1,0.014409825205802917,0,0,3,3,1,1,4,1,1,1,1,1
0,19,2,0.0036022355780005455,0,0,3,3,1,2,4,1,1,1,1,1
0,19,3,0.0011132864747196436,0,0,3,3,1,3,4,1,1,1,1,1
0,19,5,0.0051380954682827,0,0,3,3,1,5,4,1,1,1,1,1
0,19,6,0.0026877596974372864,0,0,3,3,1,6,4,1,1,1,1,1
0,19,7,0.00014720931358169764,0,0,3,3,1,1,4,2,1,1,1,1
0,19,11,0.0005591904046013951,0,0,3,3,1,5,4,2,1,1,1,1
0,19,13,0.07229416817426682,0,0,3,3,1,1,4,3,1,1,1,1
0,19,18,0.0053785028867423534,0,0,3,3,1,6,4,3,1,1,1,1
0,19,23,0.06504378467798233,0,0,3,3,1,5,4,4,1,1,1,1
0,19,24,0.002065523061901331,0,0,3,3,1,6,4,4,1,1,1,1
0,19,25,0.04608508199453354,0,0,3,3,1,1,4,5,1,1,1,1
0,19,26,0.010434313677251339,0,0,3,3,1,2,4,5,1,1,1,1
0,19,28,0.021488027647137642,0,0,3,3,1,4,4,5,1,1,1,1
0,19,31,0.010878115892410278,0,0,3,4,1,1,4,1,1,1,1,1
0,19,32,0.0004640274273697287,0,0,3,4,1,2,4,2,1,1,1,1
0,19,33,0.05852097272872925,0,0,3,4,1,3,4,3,1,1,1,1
0,19,34,0.004560157656669617,0,0,3,4,1,4,4,4,1,1,1,1
0,19,38,0.0822182148694992,0,0,3,5,1,3,4,3,1,2,1,2
0,19,40,0.25904130935668945,0,0,3,5,1,5,4,5,1,2,1,2
0,19,43,6.718408712913515e-06,0,1,3,6,1,3,4,0,1,0,1,1
0,19,44,0.00011953407374676317,0,1,3,6,1,4,4,0,1,0,1,1
0,19,46,1.3588174624601379e-05,0,1,3,6,1,6,4,0,1,0,1,1
0,20,0,0.6288459300994873,0,0,3,1,2,0,4,0,1,2,1,4
0,20,1,0.06057116016745567,0,0,3,3,2,1,4,1,1,1,1,1
0,20,2,0.05446440726518631,0,0,3,3,2,2,4,1,1,1,1,1
0,20,3,0.01640762947499752,0,0,3,3,2,3,4,1,1,1,1,1
0,20,5,0.009944123215973377,0,0,3,3,2,5,4,1,1,1,1,1
0,20,6,0.005273901857435703,0,0,3,3,2,6,4,1,1,1,1,1
0,20,7,0.015591748058795929,0,0,3,3,2,1,4,2,1,1,1,1
0,20,11,0.007989739999175072,0,0,3,3,2,5,4,2,1,1,1,1
0,20,13,0.07988761365413666,0,0,3,3,2,1,4,3,1,1,1,1
0,20,18,0.010395905934274197,0,0,3,3,2,6,4,3,1,1,1,1
0,20,23,0.014760712161660194,0,0,3,3,2,5,4,4,1,1,1,1
0,20,24,0.016808707267045975,0,0,3,3,2,6,4,4,1,1,1,1
0,20,25,0.023870225995779037,0,0,3,3,2,1,4,5,1,1,1,1
0,20,26,0.023225950077176094,0,0,3,3,2,2,4,5,1,1,1,1
0,20,28,0.011079225689172745,0,0,3,3,2,4,4,5,1,1,1,1
0,20,31,0.0038128052838146687,0,0,3,4,2,1,4,1,1,1,1,1
0,20,32,0.0015684948302805424,0,0,3,4,2,2,4,2,1,1,1,1
0,20,33,0.0006228869315236807,0,0,3,4,2,3,4,3,1,1,1,1
0,20,34,0.0015850362833589315,0,0,3,4,2,4,4,4,1,1,1,1
0,20,38,0.002472022781148553,0,0,3,5,2,3,4,3,1,2,1,2
0,20,40,0.0012526980135589838,0,0,3,5,2,5,4,5,1,2,1,2
0,20,43,0.00044465530663728714,0,1,3,6,2,3,4,0,1,0,1,1
0,20,44,0.008645250461995602,0,1,3,6,2,4,4,0,1,0,1,1
0,20,46,0.00047915984760038555,0,1,3,6,2,6,4,0,1,0,1,1
0,21,0,0.3899293541908264,0,0,3,1,3,0,4,0,1,2,1,4
0,21,1,0.014371810480952263,0,0,3,3,3,1,4,1,1,1,1,1
0,21,2,0.05034157261252403,0,0,3,3,3,2,4,1,1,1,1,1
0,21,3,0.006782170385122299,0,0,3,3,3,3,4,1,1,1,1,1
0,21,5,0.013875867240130901,0,0,3,3,3,5,4,1,1,1,1,1
0,21,6,0.014010832644999027,0,0,3,3,3,6,4,1,1,1,1,1
0,21,7,0.015019003301858902,0,0,3,3,3,1,4,2,1,1,1,1
0,21,11,0.01863916963338852,0,0,3,3,3,5,4,2,1,1,1,1
0,21,13,0.21726346015930176,0,0,3,3,3,1,4,3,1,1,1,1
0,21,18,0.03296619653701782,0,0,3,3,3,6,4,3,1,1,1,1
0,21,23,0.05381488800048828,0,0,3,3,3,5,4,4,1,1,1,1
0,21,24,0.017043329775333405,0,0,3,3,3,6,4,4,1,1,1,1
0,21,25,0.02627929113805294,0,0,3,3,3,1,4,5,1,1,1,1
0,21,26,0.04832926020026207,0,0,3,3,3,2,4,5,1,1,1,1
0,21,28,0.026244983077049255,0,0,3,3,3,4,4,5,1,1,1,1
0,21,31,0.004171255510300398,0,0,3,4,3,1,4,1,1,1,1,1
0,21,32,0.008319148793816566,0,0,3,4,3,2,4,2,1,1,1,1
0,21,33,0.011583815328776836,0,0,3,4,3,3,4,3,1,1,1,1
0,21,34,0.0103427330031991,0,0,3,4,3,4,4,4,1,1,1,1
0,21,38,0.005613635294139385,0,0,3,5,3,3,4,3,1,2,1,2
0,21,40,0.007397362496703863,0,0,3,5,3,5,4,5,1,2,1,2
0,21,43,0.0010748471831902862,0,1,3,6,3,3,4,0,1,0,1,1
0,21,44,0.0058252993039786816,0,1,3,6,3,4,4,0,1,0,1,1
0,21,46,0.0007605475839227438,0,1,3,6,3,6,4,0,1,0,1,1
0,22,0,0.16466879844665527,0,0,3,1,4,0,4,0,1,2,1,4
0,22,1,0.0567384697496891,0,0,3,3,4,1,4,1,1,1,1,1
0,22,2,0.033150266855955124,0,0,3,3,4,2,4,1,1,1,1,1
0,22,3,0.002742917975410819,0,0,3,3,4,3,4,1,1,1,1,1
0,22,5,0.010875419713556767,0,0,3,3,4,5,4,1,1,1,1,1
0,22,6,0.0014764355728402734,0,0,3,3,4,6,4,1,1,1,1,1
0,22,7,0.0010747597552835941,0,0,3,3,4,1,4,2,1,1,1,1
0,22,11,0.0022695790976285934,0,0,3,3,4,5,4,2,1,1,1,1
0,22,13,0.48135441541671753,0,0,3,3,4,1,4,3,1,1,1,1
0,22,18,0.02502419240772724,0,0,3,3,4,6,4,3,1,1,1,1
0,22,23,0.07902967184782028,0,0,3,3,4,5,4,4,1,1,1,1
0,22,24,0.0062969401478767395,0,0,3,3,4,6,4,4,1,1,1,1
0,22,25,0.04086723178625107,0,0,3,3,4,1,4,5,1,1,1,1
0,22,26,0.01151454821228981,0,0,3,3,4,2,4,5,1,1,1,1
0,22,28,0.008314143866300583,0,0,3,3,4,4,4,5,1,1,1,1
0,22,31,0.033744003623723984,0,0,3,4,4,1,4,1,1,1,1,1
0,22,32,0.000853107136208564,0,0,3,4,4,2,4,2,1,1,1,1
0,22,33,0.007241678889840841,0,0,3,4,4,3,4,3,1,1,1,1
0,22,34,0.006342629436403513,0,0,3,4,4,4,4,4,1,1,1,1
0,22,38,0.018343735486268997,0,0,3,5,4,3,4,3,1,2,1,2
0,22,40,0.006476573646068573,0,0,3,5,4,5,4,5,1,2,1,2
0,22,43,0.00016524210514035076,0,1,3,6,4,3,4,0,1,0,1,1
0,22,44,0.0012702385429292917,0,1,3,6,4,4,4,0,1,0,1,1
0,22,46,0.00016470359696540982,0,1,3,6,4,6,4,0,1,0,1,1
0,27,0,0.06463824957609177,0,0,3,1,3,0,5,0,1,2,1,4
0,27,1,0.1091846376657486,0,0,3,3,3,1,5,1,1,1,1,1
0,27,2,0.04117508605122566,0,0,3,3,3,2,5,1,1,1,1,1
0,27,3,0.04788590222597122,0,0,3,3,3,3,5,1,1,1,1,1
0,27,5,0.03222562000155449,0,0,3,3,3,5,5,1,1,1,1,1
0,27,6,0.05989425256848335,0,0,3,3,3,6,5,1,1,1,1,1
0,27,7,0.021372154355049133,0,0,3,3,3,1,5,2,1,1,1,1
0,27,11,0.017801163718104362,0,0,3,3,3,5,5,2,1,1,1,1
0,27,13,0.00595635361969471,0,0,3,3,3,1,5,3,1,1,1,1
0,27,18,0.011534021236002445,0,0,3,3,3,6,5,3,1,1,1,1
0,27,23,0.002476294292137027,0,0,3,3,3,5,5,4,1,1,1,1
0,27,24,0.00812919158488512,0,0,3,3,3,6,5,4,1,1,1,1
0,27,25,0.017830627039074898,0,0,3,3,3,1,5,5,1,1,1,1
0,27,26,0.015776747837662697,0,0,3,3,3,2,5,5,1,1,1,1
0,27,28,0.04640134051442146,0,0,3,3,3,4,5,5,1,1,1,1
0,27,31,0.07140062004327774,0,0,3,4,3,1,5,1,1,1,1,1
0,27,32,0.059738945215940475,0,0,3,4,3,2,5,2,1,1,1,1
0,27,33,0.016592951491475105,0,0,3,4,3,3,5,3,1,1,1,1
0,27,34,0.004254644270986319,0,0,3,4,3,4,5,4,1,1,1,1
0,27,38,0.016766352578997612,0,0,3,5,3,3,5,3,1,2,1,2
0,27,40,0.006877599284052849,0,0,3,5,3,5,5,5,1,2,1,2
0,27,43,0.07621420919895172,0,1,3,6,3,3,5,0,1,0,1,1
0,27,44,0.08445826172828674,0,1,3,6,3,4,5,0,1,0,1,1
0,27,46,0.16141484677791595,0,1,3,6,3,6,5,0,1,0,1,1
0,29,0,0.1388641893863678,0,0,3,1,5,0,5,0,1,2,1,4
0,29,1,0.13009792566299438,0,0,3,3,5,1,5,1,1,1,1,1
0,29,2,0.05829707533121109,0,0,3,3,5,2,5,1,1,1,1,1
0,29,3,0.022827018052339554,0,0,3,3,5,3,5,1,1,1,1,1
0,29,5,0.02854492887854576,0,0,3,3,5,5,5,1,1,1,1,1
0,29,6,0.014297140762209892,0,0,3,3,5,6,5,1,1,1,1,1
0,29,7,0.006846181116998196,0,0,3,3,5,1,5,2,1,1,1,1
0,29,11,0.010330229066312313,0,0,3,3,5,5,5,2,1,1,1,1
0,29,13,0.0196542926132679,0,0,3,3,5,1,5,3,1,1,1,1
0,29,18,0.03719387948513031,0,0,3,3,5,6,5,3,1,1,1,1
0,29,23,0.004423364531248808,0,0,3,3,5,5,5,4,1,1,1,1
0,29,24,0.0067400215193629265,0,0,3,3,5,6,5,4,1,1,1,1
0,29,25,0.02553590200841427,0,0,3,3,5,1,5,5,1,1,1,1
0,29,26,0.012110704556107521,0,0,3,3,5,2,5,5,1,1,1,1
0,29,28,0.040203630924224854,0,0,3,3,5,4,5,5,1,1,1,1
0,29,31,0.07189363241195679,0,0,3,4,5,1,5,1,1,1,1,1
0,29,32,0.021015863865613937,0,0,3,4,5,2,5,2,1,1,1,1
0,29,33,0.03778955340385437,0,0,3,4,5,3,5,3,1,1,1,1
0,29,34,0.004138465970754623,0,0,3,4,5,4,5,4,1,1,1,1
0,29,38,0.038917433470487595,0,0,3,5,5,3,5,3,1,2,1,2
0,29,40,0.005651482380926609,0,0,3,5,5,5,5,5,1,2,1,2
0,29,43,0.05674474313855171,0,1,3,6,5,3,5,0,1,0,1,1
0,29,44,0.0743601843714714,0,1,3,6,5,4,5,0,1,0,1,1
0,29,46,0.1335219442844391,0,1,3,6,5,6,5,0,1,0,1,1
0,30,0,0.07606367021799088,0,0,3,1,6,0,5,0,1,2,1,4
0,30,1,0.11917801201343536,0,0,3,3,6,1,5,1,1,1,1,1
0,30,2,0.10359753668308258,0,0,3,3,6,2,5,1,1,1,1,1
0,30,3,0.024984296411275864,0,0,3,3,6,3,5,1,1,1,1,1
0,30,5,0.03862353786826134,0,0,3,3,6,5,5,1,1,1,1,1
0,30,6,0.037732966244220734,0,0,3,3,6,6,5,1,1,1,1,1
0,30,7,0.026986513286828995,0,0,3,3,6,1,5,2,1,1,1,1
0,30,11,0.03563591465353966,0,0,3,3,6,5,5,2,1,1,1,1
0,30,13,0.033941641449928284,0,0,3,3,6,1,5,3,1,1,1,1
0,30,18,0.02756623551249504,0,0,3,3,6,6,5,3,1,1,1,1
0,30,23,0.0050443983636796474,0,0,3,3,6,5,5,4,1,1,1,1
0,30,24,0.013103756122291088,0,0,3,3,6,6,5,4,1,1,1,1
0,30,25,0.010045300237834454,0,0,3,3,6,1,5,5,1,1,1,1
0,30,26,0.028110181912779808,0,0,3,3,6,2,5,5,1,1,1,1
0,30,28,0.0911540687084198,0,0,3,3,6,4,5,5,1,1,1,1
0,30,31,0.05968452990055084,0,0,3,4,6,1,5,1,1,1,1,1
0,30,32,0.06284792721271515,0,0,3,4,6,2,5,2,1,1,1,1
0,30,33,0.023542340844869614,0,0,3,4,6,3,5,3,1,1,1,1
0,30,34,0.0072838012129068375,0,0,3,4,6,4,5,4,1,1,1,1
0,30,38,0.006245715077966452,0,0,3,5,6,3,5,3,1,2,1,2
0,30,40,0.0013920246856287122,0,0,3,5,6,5,5,5,1,2,1,2
0,30,43,0.042066965252161026,0,1,3,6,6,3,5,0,1,0,1,1
0,30,44,0.056878939270973206,0,1,3,6,6,4,5,0,1,0,1,1
0,30,46,0.0682898461818695,0,1,3,6,6,6,5,0,1,0,1,1
0,35,0,0.012931597419083118,0,0,4,1,5,0,5,0,1,2,1,4
0,35,1,0.18921242654323578,0,0,4,3,5,1,5,1,1,1,1,1
0,35,2,0.03224879130721092,0,0,4,3,5,2,5,1,1,1,1,1
0,35,3,0.016390571370720863,0,0,4,3,5,3,5,1,1,1,1,1
0,35,5,0.024107033386826515,0,0,4,3,5,5,5,1,1,1,1,1
0,35,6,0.031782399863004684,0,0,4,3,5,6,5,1,1,1,1,1
0,35,7,0.008302693255245686,0,0,4,3,5,1,5,2,1,1,1,1
0,35,11,0.013563313521444798,0,0,4,3,5,5,5,2,1,1,1,1
0,35,13,0.004898533690720797,0,0,4,3,5,1,5,3,1,1,1,1
0,35,18,0.012467805296182632,0,0,4,3,5,6,5,3,1,1,1,1
0,35,23,0.00589073495939374,0,0,4,3,5,5,5,4,1,1,1,1
0,35,24,0.002379302168264985,0,0,4,3,5,6,5,4,1,1,1,1
0,35,25,0.006783002987504005,0,0,4,3,5,1,5,5,1,1,1,1
0,35,26,0.0028369957581162453,0,0,4,3,5,2,5,5,1,1,1,1
0,35,28,0.01735513098537922,0,0,4,3,5,4,5,5,1,1,1,1
0,35,31,0.26758745312690735,0,0,4,4,5,1,5,1,1,1,1,1
0,35,32,0.055152151733636856,0,0,4,4,5,2,5,2,1,1,1,1
0,35,33,0.01674499176442623,0,0,4,4,5,3,5,3,1,1,1,1
0,35,34,0.004566674120724201,0,0,4,4,5,4,5,4,1,1,1,1
0,35,38,0.0019241032423451543,0,0,4,5,5,3,5,3,1,2,1,2
0,35,40,0.0007429657853208482,0,0,4,5,5,5,5,5,1,2,1,2
0,35,43,0.04723381623625755,0,1,4,6,5,3,5,0,1,0,1,1
0,35,44,0.023639768362045288,0,1,4,6,5,4,5,0,1,0,1,1
0,35,46,0.20125770568847656,0,1,4,6,5,6,5,0,1,0,1,1
0,36,0,0.0001003548750304617,0,0,5,1,1,0,1,0,2,2,2,4
0,36,1,0.9613305330276489,0,0,5,3,1,1,1,1,2,1,2,1
0,36,2,0.0010910748969763517,0,0,5,3,1,2,1,1,2,1,2,1
0,36,3,0.0007726625190116465,0,0,5,3,1,3,1,1,2,1,2,1
0,36,5,0.0009028543718159199,0,0,5,3,1,5,1,1,2,1,2,1
0,36,6,0.004570009186863899,0,0,5,3,1,6,1,1,2,1,2,1
0,36,7,0.0012340404791757464,0,0,5,3,1,1,1,2,2,1,2,1
0,36,11,4.099558282177895e-05,0,0,5,3,1,5,1,2,2,1,2,1
0,36,13,0.00016100892389658839,0,0,5,3,1,1,1,3,2,1,2,1
0,36,18,4.1717263229656965e-05,0,0,5,3,1,6,1,3,2,1,2,1
0,36,23,1.6444189895992167e-05,0,0,5,3,1,5,1,4,2,1,2,1
0,36,24,8.730564150027931e-05,0,0,5,3,1,6,1,4,2,1,2,1
0,36,25,0.0015838580438867211,0,0,5,3,1,1,1,5,2,1,2,1
0,36,26,1.889031773316674e-05,0,0,5,3,1,2,1,5,2,1,2,1
0,36,28,0.0006576291634701192,0,0,5,3,1,4,1,5,2,1,2,1
0,36,31,0.02200644090771675,0,0,5,4,1,1,1,1,2,1,2,1
0,36,32,2.9013053790549748e-05,0,0,5,4,1,2,1,2,2,1,2,1
0,36,33,1.0608671345835319e-06,0,0,5,4,1,3,1,3,2,1,2,1
0,36,34,1.0924090020125732e-05,0,0,5,4,1,4,1,4,2,1,2,1
0,36,38,4.824258667213144e-06,0,0,5,5,1,3,1,3,2,2,2,2
0,36,40,6.160940415611549e-07,0,0,5,5,1,5,1,5,2,2,2,2
0,36,43,5.991721263853833e-05,0,1,5,6,1,3,1,0,2,0,2,1
0,36,44,0.00022466763039119542,0,1,5,6,1,4,1,0,2,0,2,1
0,36,46,0.005053041037172079,0,1,5,6,1,6,1,0,2,0,2,1
0,37,0,0.00800582580268383,0,0,5,1,2,0,2,0,2,2,2,4
0,37,1,0.43693217635154724,0,0,5,3,2,1,2,1,2,1,2,1
0,37,2,0.03504779562354088,0,0,5,3,2,2,2,1,2,1,2,1
0,37,3,0.016001051291823387,0,0,5,3,2,3,2,1,2,1,2,1
0,37,5,0.009101497940719128,0,0,5,3,2,5,2,1,2,1,2,1
0,37,6,0.0502929650247097,0,0,5,3,2,6,2,1,2,1,2,1
0,37,7,0.3151019215583801,0,0,5,3,2,1,2,2,2,1,2,1
0,37,11,0.014971544966101646,0,0,5,3,2,5,2,2,2,1,2,1
0,37,13,0.013359390199184418,0,0,5,3,2,1,2,3,2,1,2,1
0,37,18,0.0037237568758428097,0,0,5,3,2,6,2,3,2,1,2,1
0,37,23,0.004387267399579287,0,0,5,3,2,5,2,4,2,1,2,1
0,37,24,0.011629078537225723,0,0,5,3,2,6,2,4,2,1,2,1
0,37,25,0.006210860330611467,0,0,5,3,2,1,2,5,2,1,2,1
0,37,26,0.0031251423060894012,0,0,5,3,2,2,2,5,2,1,2,1
0,37,28,0.004715676885098219,0,0,5,3,2,4,2,5,2,1,2,1
0,37,31,0.007314714603126049,0,0,5,4,2,1,2,1,2,1,2,1
0,37,32,0.00395730696618557,0,0,5,4,2,2,2,2,2,1,2,1
0,37,33,1.4776141142647248e-05,0,0,5,4,2,3,2,3,2,1,2,1
0,37,34,0.0007706329924985766,0,0,5,4,2,4,2,4,2,1,2,1
0,37,38,1.5121138858376071e-05,0,0,5,5,2,3,2,3,2,2,2,2
0,37,40,6.850206318631535e-06,0,0,5,5,2,5,2,5,2,2,2,2
0,37,43,0.003396405139937997,0,1,5,6,2,3,2,0,2,0,2,1
0,37,44,0.01472930982708931,0,1,5,6,2,4,2,0,2,0,2,1
0,37,46,0.03718920052051544,0,1,5,6,2,6,2,0,2,0,2,1
0,39,0,0.00011267405352555215,0,0,5,1,4,0,4,0,2,2,2,4
0,39,1,0.9318518042564392,0,0,5,3,4,1,4,1,2,1,2,1
0,39,2,0.0014044122071936727,0,0,5,3,4,2,4,1,2,1,2,1
0,39,3,0.000649212917778641,0,0,5,3,4,3,4,1,2,1,2,1
0,39,5,0.0004614669887814671,0,0,5,3,4,5,4,1,2,1,2,1
0,39,6,0.0007417756132781506,0,0,5,3,4,6,4,1,2,1,2,1
0,39,7,0.0016194727504625916,0,0,5,3,4,1,4,2,2,1,2,1
0,39,11,1.996150785998907e-05,0,0,5,3,4,5,4,2,2,1,2,1
0,39,13,0.0019368909997865558,0,0,5,3,4,1,4,3,2,1,2,1
0,39,18,4.463458026293665e-05,0,0,5,3,4,6,4,3,2,1,2,1
0,39,23,0.0002062453713733703,0,0,5,3,4,5,4,4,2,1,2,1
0,39,24,0.0002316711179446429,0,0,5,3,4,6,4,4,2,1,2,1
0,39,25,0.006811537779867649,0,0,5,3,4,1,4,5,2,1,2,1
0,39,26,3.7990390410413966e-05,0,0,5,3,4,2,4,5,2,1,2,1
0,39,28,0.00016562679957132787,0,0,5,3,4,4,4,5,2,1,2,1
0,39,31,0.0523005947470665,0,0,5,4,4,1,4,1,2,1,2,1
0,39,32,1.731896190904081e-05,0,0,5,4,4,2,4,2,2,1,2,1
0,39,33,6.720330816278874e-07,0,0,5,4,4,3,4,3,2,1,2,1
0,39,34,7.33652850612998e-05,0,0,5,4,4,4,4,4,2,1,2,1
0,39,38,2.6859916033572517e-05,0,0,5,5,4,3,4,3,2,2,2,2
0,39,40,2.2955794065637747e-06,0,0,5,5,4,5,4,5,2,2,2,2
0,39,43,9.092388063436374e-05,0,1,5,6,4,3,4,0,2,0,2,1
0,39,44,0.00018848275067284703,0,1,5,6,4,4,4,0,2,0,2,1
0,39,46,0.0010029161348938942,0,1,5,6,4,6,4,0,2,0,2,1
0,41,0,0.02130548097193241,1,0,6,1,1,0,0,0,0,2,1,4
0,41,1,3.963911149185151e-05,1,0,6,3,1,1,0,1,0,1,1,1
0,41,2,0.0025678612291812897,1,0,6,3,1,2,0,1,0,1,1,1
0,41,3,0.00015128102677408606,1,0,6,3,1,3,0,1,0,1,1,1
0,41,5,0.0016244561411440372,1,0,6,3,1,5,0,1,0,1,1,1
0,41,6,0.0023184153251349926,1,0,6,3,1,6,0,1,0,1,1,1
0,41,7,0.00041485074325464666,1,0,6,3,1,1,0,2,0,1,1,1
0,41,11,0.0036667000968009233,1,0,6,3,1,5,0,2,0,1,1,1
0,41,13,0.01541687548160553,1,0,6,3,1,1,0,3,0,1,1,1
0,41,18,0.024246882647275925,1,0,6,3,1,6,0,3,0,1,1,1
0,41,23,0.04679016023874283,1,0,6,3,1,5,0,4,0,1,1,1
0,41,24,0.0008365995599888265,1,0,6,3,1,6,0,4,0,1,1,1
0,41,25,0.0009311674511991441,1,0,6,3,1,1,0,5,0,1,1,1
0,41,26,0.01762406900525093,1,0,6,3,1,2,0,5,0,1,1,1
0,41,28,0.03848583996295929,1,0,6,3,1,4,0,5,0,1,1,1
0,41,31,6.716520147165284e-05,1,0,6,4,1,1,0,1,0,1,1,1
0,41,32,0.021357262507081032,1,0,6,4,1,2,0,2,0,1,1,1
0,41,33,0.7330910563468933,1,0,6,4,1,3,0,3,0,1,1,1
0,41,34,0.012804373167455196,1,0,6,4,1,4,0,4,0,1,1,1
0,41,38,0.005306566134095192,1,0,6,5,1,3,0,3,0,2,1,2
0,41,40,0.05036802217364311,1,0,6,5,1,5,0,5,0,2,1,2
0,41,43,0.0002681761689018458,1,1,6,6,1,3,0,0,0,0,1,1
0,41,44,0.0002171287196688354,1,1,6,6,1,4,0,0,0,0,1,1
0,41,46,9.937441791407764e-05,1,1,6,6,1,6,0,0,0,0,1,1
0,42,0,0.008250649087131023,1,0,6,1,2,0,0,0,0,2,1,4
0,42,1,0.0007080842042341828,1,0,6,3,2,1,0,1,0,1,1,1
0,42,2,0.0298723466694355,1,0,6,3,2,2,0,1,0,1,1,1
0,42,3,0.0004964959225617349,1,0,6,3,2,3,0,1,0,1,1,1
0,42,5,0.0023669598158448935,1,0,6,3,2,5,0,1,0,1,1,1
0,42,6,0.0018372070044279099,1,0,6,3,2,6,0,1,0,1,1,1
0,42,7,0.03690781444311142,1,0,6,3,2,1,0,2,0,1,1,1
0,42,11,0.009989369660615921,1,0,6,3,2,5,0,2,0,1,1,1
0,42,13,0.6217288970947266,1,0,6,3,2,1,0,3,0,1,1,1
0,42,18,0.07784534245729446,1,0,6,3,2,6,0,3,0,1,1,1
0,42,23,0.11182902008295059,1,0,6,3,2,5,0,4,0,1,1,1
0,42,24,0.009665888734161854,1,0,6,3,2,6,0,4,0,1,1,1
0,42,25,0.0035879849456250668,1,0,6,3,2,1,0,5,0,1,1,1
0,42,26,0.025980282574892044,1,0,6,3,2,2,0,5,0,1,1,1
0,42,28,0.010632036253809929,1,0,6,3,2,4,0,5,0,1,1,1
0,42,31,0.0001103586473618634,1,0,6,4,2,1,0,1,0,1,1,1
0,42,32,0.009235951118171215,1,0,6,4,2,2,0,2,0,1,1,1
0,42,33,0.004896361380815506,1,0,6,4,2,3,0,3,0,1,1,1
0,42,34,0.024777177721261978,1,0,6,4,2,4,0,4,0,1,1,1
0,42,38,0.0005338897462934256,1,0,6,5,2,3,0,3,0,2,1,2
0,42,40,0.0003446499758865684,1,0,6,5,2,5,0,5,0,2,1,2
0,42,43,0.004331609234213829,1,1,6,6,2,3,0,0,0,0,1,1
0,42,44,0.0030882630962878466,1,1,6,6,2,4,0,0,0,0,1,1
0,42,46,0.0009828757029026747,1,1,6,6,2,6,0,0,0,0,1,1
0,45,0,0.004553773906081915,1,0,6,1,5,0,0,0,0,2,1,4
0,45,1,0.00010505389218451455,1,0,6,3,5,1,0,1,0,1,1,1
0,45,2,0.0037712636403739452,1,0,6,3,5,2,0,1,0,1,1,1
0,45,3,9.291094465879723e-05,1,0,6,3,5,3,0,1,0,1,1,1
0,45,5,0.001636037603020668,1,0,6,3,5,5,0,1,0,1,1,1
0,45,6,0.0002960649726446718,1,0,6,3,5,6,0,1,0,1,1,1
0,45,7,0.0003350487968418747,1,0,6,3,5,1,0,2,0,1,1,1
0,45,11,0.0016845320351421833,1,0,6,3,5,5,0,2,0,1,1,1
0,45,13,0.36384347081184387,1,0,6,3,5,1,0,3,0,1,1,1
0,45,18,0.09733260422945023,1,0,6,3,5,6,0,3,0,1,1,1
0,45,23,0.39410850405693054,1,0,6,3,5,5,0,4,0,1,1,1
0,45,24,0.002022204687818885,1,0,6,3,5,6,0,4,0,1,1,1
0,45,25,0.0035061812959611416,1,0,6,3,5,1,0,5,0,1,1,1
0,45,26,0.00913213286548853,1,0,6,3,5,2,0,5,0,1,1,1
0,45,28,0.0031918915919959545,1,0,6,3,5,4,0,5,0,1,1,1
0,45,31,0.00017010724695865065,1,0,6,4,5,1,0,1,0,1,1,1
0,45,32,0.002232750877737999,1,0,6,4,5,2,0,2,0,1,1,1
0,45,33,0.0660364180803299,1,0,6,4,5,3,0,3,0,1,1,1
0,45,34,0.023031020537018776,1,0,6,4,5,4,0,4,0,1,1,1
0,45,38,0.007753618527203798,1,0,6,5,5,3,0,3,0,2,1,2
0,45,40,0.014759853482246399,1,0,6,5,5,5,0,5,0,2,1,2
0,45,43,0.000187343786819838,1,1,6,6,5,3,0,0,0,0,1,1
0,45,44,0.0001641620765440166,1,1,6,6,5,4,0,0,0,0,1,1
0,45,46,5.3145755373407155e-05,1,1,6,6,5,6,0,0,0,0,1,1
0,47,0,6.963336636545137e-05,2,0,7,1,0,0,0,0,0,2,4,4
0,47,1,0.02339468151330948,2,0,7,3,0,1,0,1,0,1,4,1
0,47,2,0.001346822245977819,2,0,7,3,0,2,0,1,0,1,4,1
0,47,3,0.0009696966735646129,2,0,7,3,0,3,0,1,0,1,4,1
0,47,5,0.0035654883831739426,2,0,7,3,0,5,0,1,0,1,4,1
0,47,6,0.00018382731650490314,2,0,7,3,0,6,0,1,0,1,4,1
0,47,7,0.0038855415768921375,2,0,7,3,0,1,0,2,0,1,4,1
0,47,11,0.0011170567013323307,2,0,7,3,0,5,0,2,0,1,4,1
0,47,13,0.7936930060386658,2,0,7,3,0,1,0,3,0,1,4,1
0,47,18,0.005071386694908142,2,0,7,3,0,6,0,3,0,1,4,1
0,47,23,0.11270687729120255,2,0,7,3,0,5,0,4,0,1,4,1
0,47,24,0.013259528204798698,2,0,7,3,0,6,0,4,0,1,4,1
0,47,25,0.02394031174480915,2,0,7,3,0,1,0,5,0,1,4,1
0,47,26,0.0006681389641016722,2,0,7,3,0,2,0,5,0,1,4,1
0,47,28,7.816284778527915e-05,2,0,7,3,0,4,0,5,0,1,4,1
0,47,31,0.007882612757384777,2,0,7,4,0,1,0,1,0,1,4,1
0,47,32,1.702007830317598e-05,2,0,7,4,0,2,0,2,0,1,4,1
0,47,33,1.314078144787345e-05,2,0,7,4,0,3,0,3,0,1,4,1
0,47,34,0.006131731905043125,2,0,7,4,0,4,0,4,0,1,4,1
0,47,38,0.0013221701374277472,2,0,7,5,0,3,0,3,0,2,4,2
0,47,40,0.0004294392711017281,2,0,7,5,0,5,0,5,0,2,4,2
0,47,43,1.7640588339418173e-05,2,1,7,6,0,3,0,0,0,0,4,1
0,47,44,0.0002150091459043324,2,1,7,6,0,4,0,0,0,0,4,1
0,47,46,2.165113801311236e-05,2,1,7,6,0,6,0,0,0,0,4,1
1,0,4,3.522298584357486e-06,0,0,1,3,0,4,0,1,2,1,4,1
1,0,8,7.316251867450774e-05,0,0,1,3,0,2,0,2,2,1,4,1
1,0,9,6.91507084411569e-05,0,0,1,3,0,3,0,2,2,1,4,1
1,0,10,4.9346683226758614e-05,0,0,1,3,0,4,0,2,2,1,4,1
1,0,12,9.546718501951545e-05,0,0,1,3,0,6,0,2,2,1,4,1
1,0,14,3.506619395921007e-05,0,0,1,3,0,2,0,3,2,1,4,1
1,0,15,7.630374966538511e-06,0,0,1,3,0,3,0,3,2,1,4,1
1,0,16,3.410039425943978e-05,0,0,1,3,0,4,0,3,2,1,4,1
1,0,17,5.694615083484678e-06,0,0,1,3,0,5,0,3,2,1,4,1
1,0,19,5.7028228184208274e-05,0,0,1,3,0,1,0,4,2,1,4,1
1,0,20,8.623414032626897e-05,0,0,1,3,0,2,0,4,2,1,4,1
1,0,21,4.388092293083901e-06,0,0,1,3,0,3,0,4,2,1,4,1
1,0,22,3.074561846005963e-06,0,0,1,3,0,4,0,4,2,1,4,1
1,0,27,0.0005770495627075434,0,0,1,3,0,3,0,5,2,1,4,1
1,0,29,0.00012163306382717565,0,0,1,3,0,5,0,5,2,1,4,1
1,0,30,0.0004650412010960281,0,0,1,3,0,6,0,5,2,1,4,1
1,0,35,0.003465727437287569,0,0,1,4,0,5,0,5,2,1,4,1
1,0,36,0.004620188381522894,0,0,1,5,0,1,0,1,2,2,4,2
1,0,37,0.028473084792494774,0,0,1,5,0,2,0,2,2,2,4,2
1,0,39,0.0017554227961227298,0,0,1,5,0,4,0,4,2,2,4,2
1,0,41,0.1261073797941208,0,1,1,6,0,1,0,0,2,0,4,1
1,0,42,0.7156921029090881,0,1,1,6,0,2,0,0,2,0,4,1
1,0,45,0.10827908664941788,0,1,1,6,0,5,0,0,2,0,4,1
1,0,47,0.009919336065649986,0,2,1,7,0,0,0,0,2,0,4,4
1,1,4,0.05043652653694153,0,0,3,3,1,4,1,1,1,1,1,1
1,1,8,0.03525977209210396,0,0,3,3,1,2,1,2,1,1,1,1
1,1,9,0.02196488156914711,0,0,3,3,1,3,1,2,1,1,1,1
1,1,10,0.04702103137969971,0,0,3,3,1,4,1,2,1,1,1,1
1,1,12,0.009474912658333778,0,0,3,3,1,6,1,2,1,1,1,1
1,1,14,0.20580905675888062,0,0,3,3,1,2,1,3,1,1,1,1
1,1,15,0.03281821310520172,0,0,3,3,1,3,1,3,1,1,1,1
1,1,16,0.18823562562465668,0,0,3,3,1,4,1,3,1,1,1,1
1,1,17,0.05208909139037132,0,0,3,3,1,5,1,3,1,1,1,1
1,1,19,0.10350185632705688,0,0,3,3,1,1,1,4,1,1,1,1
1,1,20,0.08381514251232147,0,0,3,3,1,2,1,4,1,1,1,1
1,1,21,0.041178543120622635,0,0,3,3,1,3,1,4,1,1,1,1
1,1,22,0.08991394937038422,0,0,3,3,1,4,1,4,1,1,1,1
1,1,27,0.005040637217462063,0,0,3,3,1,3,1,5,1,1,1,1
1,1,29,0.0034749729093164206,0,0,3,3,1,5,1,5,1,1,1,1
1,1,30,0.014327253215014935,0,0,3,3,1,6,1,5,1,1,1,1
1,1,35,0.0013782063033431768,0,0,3,4,1,5,1,5,1,1,1,1
1,1,36,0.001657806453295052,0,0,3,5,1,1,1,1,1,2,1,2
1,1,37,0.0014539965195581317,0,0,3,5,1,2,1,2,1,2,1,2
1,1,39,0.0065644271671772,0,0,3,5,1,4,1,4,1,2,1,2
1,1,41,0.0008945364970713854,0,1,3,6,1,1,1,0,1,0,1,1
1,1,42,0.001521536149084568,0,1,3,6,1,2,1,0,1,0,1,1
1,1,45,0.0009540420142002404,0,1,3,6,1,5,1,0,1,0,1,1
1,1,47,0.001214142539538443,0,2,3,7,1,0,1,0,1,0,1,4
1,2,4,5.847778083989397e-06,0,0,3,3,2,4,1,1,1,1,1,1
1,2,8,8.388507558265701e-05,0,0,3,3,2,2,1,2,1,1,1,1
1,2,9,0.00021151284454390407,0,0,3,3,2,3,1,2,1,1,1,1
1,2,10,0.0012078362051397562,0,0,3,3,2,4,1,2,1,1,1,1
1,2,12,1.4475754142040387e-05,0,0,3,3,2,6,1,2,1,1,1,1
1,2,14,1.4769943845749367e-05,0,0,3,3,2,2,1,3,1,1,1,1
1,2,15,1.5598874597344548e-05,0,0,3,3,2,3,1,3,1,1,1,1
1,2,16,2.2403768525691703e-05,0,0,3,3,2,4,1,3,1,1,1,1
1,2,17,1.0532664418860804e-05,0,0,3,3,2,5,1,3,1,1,1,1
1,2,19,1.4329842088045552e-05,0,0,3,3,2,1,1,4,1,1,1,1
1,2,20,3.421827204874717e-05,0,0,3,3,2,2,1,4,1,1,1,1
1,2,21,7.715769243077375e-06,0,0,3,3,2,3,1,4,1,1,1,1
1,2,22,7.813031515979674e-06,0,0,3,3,2,4,1,4,1,1,1,1
1,2,27,0.00016716276877559721,0,0,3,3,2,3,1,5,1,1,1,1
1,2,29,4.956435805070214e-05,0,0,3,3,2,5,1,5,1,1,1,1
1,2,30,2.4044857127591968e-05,0,0,3,3,2,6,1,5,1,1,1,1
1,2,35,0.0001333703548880294,0,0,3,4,2,5,1,5,1,1,1,1
1,2,36,0.016947023570537567,0,0,3,5,2,1,1,1,1,2,1,2
1,2,37,0.5934863090515137,0,0,3,5,2,2,1,2,1,2,1,2
1,2,39,0.3850872814655304,0,0,3,5,2,4,1,4,1,2,1,2
1,2,41,3.4100350603694096e-05,0,1,3,6,2,1,1,0,1,0,1,1
1,2,42,0.0001624461292522028,0,1,3,6,2,2,1,0,1,0,1,1
1,2,45,2.4695809770491906e-05,0,1,3,6,2,5,1,0,1,0,1,1
1,2,47,0.0022330437786877155,0,2,3,7,2,0,1,0,1,0,1,4
1,3,4,0.0005012062028981745,0,0,3,3,3,4,1,1,1,1,1,1
1,3,8,0.0016335690161213279,0,0,3,3,3,2,1,2,1,1,1,1
1,3,9,0.005117946304380894,0,0,3,3,3,3,1,2,1,1,1,1
1,3,10,0.006098506506532431,0,0,3,3,3,4,1,2,1,1,1,1
1,3,12,0.005002037156373262,0,0,3,3,3,6,1,2,1,1,1,1
1,3,14,0.0031688984017819166,0,0,3,3,3,2,1,3,1,1,1,1
1,3,15,0.0021708309650421143,0,0,3,3,3,3,1,3,1,1,1,1
1,3,16,0.005590260028839111,0,0,3,3,3,4,1,3,1,1,1,1
1,3,17,0.0039243209175765514,0,0,3,3,3,5,1,3,1,1,1,1
1,3,19,0.0068232230842113495,0,0,3,3,3,1,1,4,1,1,1,1
1,3,20,0.009736306965351105,0,0,3,3,3,2,1,4,1,1,1,1
1,3,21,0.00310535472817719,0,0,3,3,3,3,1,4,1,1,1,1
1,3,22,0.003162326756864786,0,0,3,3,3,4,1,4,1,1,1,1
1,3,27,0.008150841109454632,0,0,3,3,3,3,1,5,1,1,1,1
1,3,29,0.0045515140518546104,0,0,3,3,3,5,1,5,1,1,1,1
1,3,30,0.001957834232598543,0,0,3,3,3,6,1,5,1,1,1,1
1,3,35,0.0009004349703900516,0,0,3,4,3,5,1,5,1,1,1,1
1,3,36,0.047093380242586136,0,0,3,5,3,1,1,1,1,2,1,2
1,3,37,0.04652877151966095,0,0,3,5,3,2,1,2,1,2,1,2
1,3,39,0.8233755826950073,0,0,3,5,3,4,1,4,1,2,1,2
1,3,41,0.0022614796180278063,0,1,3,6,3,1,1,0,1,0,1,1
1,3,42,0.0009559810860082507,0,1,3,6,3,2,1,0,1,0,1,1
1,3,45,0.002429351909086108,0,1,3,6,3,5,1,0,1,0,1,1
1,3,47,0.005759958643466234,0,2,3,7,3,0,1,0,1,0,1,4
1,5,4,1.8412245594845444e-07,0,0,3,3,5,4,1,1,1,1,1,1
1,5,8,3.810910357060493e-06,0,0,3,3,5,2,1,2,1,1,1,1
1,5,9,2.9702316169277765e-05,0,0,3,3,5,3,1,2,1,1,1,1
1,5,10,8.882807742338628e-05,0,0,3,3,5,4,1,2,1,1,1,1
1,5,12,1.4231101886252873e-05,0,0,3,3,5,6,1,2,1,1,1,1
1,5,14,8.109965165203903e-06,0,0,3,3,5,2,1,3,1,1,1,1
1,5,15,2.291454165970208e-06,0,0,3,3,5,3,1,3,1,1,1,1
1,5,16,1.773862459231168e-05,0,0,3,3,5,4,1,3,1,1,1,1
1,5,17,4.744925263366895e-06,0,0,3,3,5,5,1,3,1,1,1,1
1,5,19,1.1609219654928893e-05,0,0,3,3,5,1,1,4,1,1,1,1
1,5,20,0.00010639428364811465,0,0,3,3,5,2,1,4,1,1,1,1
1,5,21,3.446033360887668e-06,0,0,3,3,5,3,1,4,1,1,1,1
1,5,22,7.049264695524471e-06,0,0,3,3,5,4,1,4,1,1,1,1
1,5,27,2.054892320302315e-05,0,0,3,3,5,3,1,5,1,1,1,1
1,5,29,1.0011774065787904e-05,0,0,3,3,5,5,1,5,1,1,1,1
1,5,30,0.0002244970528408885,0,0,3,3,5,6,1,5,1,1,1,1
1,5,35,4.4223092118045315e-05,0,0,3,4,5,5,1,5,1,1,1,1
1,5,36,0.001189860631711781,0,0,3,5,5,1,1,1,1,2,1,2
1,5,37,0.04921523109078407,0,0,3,5,5,2,1,2,1,2,1,2
1,5,39,0.9478787183761597,0,0,3,5,5,4,1,4,1,2,1,2
1,5,41,6.258418579818681e-05,0,1,3,6,5,1,1,0,1,0,1,1
1,5,42,0.00048425470595248044,0,1,3,6,5,2,1,0,1,0,1,1
1,5,45,0.00011555203673196957,0,1,3,6,5,5,1,0,1,0,1,1
1,5,47,0.00045698825852014124,0,2,3,7,5,0,1,0,1,0,1,4
1,6,4,3.985046350862831e-05,0,0,3,3,6,4,1,1,1,1,1,1
1,6,8,0.0002510853810235858,0,0,3,3,6,2,1,2,1,1,1,1
1,6,9,0.0008906331495381892,0,0,3,3,6,3,1,2,1,1,1,1
1,6,10,0.004262646194547415,0,0,3,3,6,4,1,2,1,1,1,1
1,6,12,0.0005410306039266288,0,0,3,3,6,6,1,2,1,1,1,1
1,6,14,0.0006237919442355633,0,0,3,3,6,2,1,3,1,1,1,1
1,6,15,0.00011824491230072454,0,0,3,3,6,3,1,3,1,1,1,1
1,6,16,0.0004914323217235506,0,0,3,3,6,4,1,3,1,1,1,1
1,6,17,0.000497644126880914,0,0,3,3,6,5,1,3,1,1,1,1
1,6,19,0.0004459352348931134,0,0,3,3,6,1,1,4,1,1,1,1
1,6,20,0.0030464068986475468,0,0,3,3,6,2,1,4,1,1,1,1
1,6,21,0.0004504148382693529,0,0,3,3,6,3,1,4,1,1,1,1
1,6,22,0.0012035603867843747,0,0,3,3,6,4,1,4,1,1,1,1
1,6,27,0.00012036188127240166,0,0,3,3,6,3,1,5,1,1,1,1
1,6,29,0.0001113536927732639,0,0,3,3,6,5,1,5,1,1,1,1
1,6,30,0.0013116227928549051,0,0,3,3,6,6,1,5,1,1,1,1
1,6,35,0.00035644968738779426,0,0,3,4,6,5,1,5,1,1,1,1
1,6,36,0.0017560539999976754,0,0,3,5,6,1,1,1,1,2,1,2
1,6,37,0.04040129855275154,0,0,3,5,6,2,1,2,1,2,1,2
1,6,39,0.9348689317703247,0,0,3,5,6,4,1,4,1,2,1,2
1,6,41,7.662366988370195e-05,0,1,3,6,6,1,1,0,1,0,1,1
1,6,42,0.00010024949733633548,0,1,3,6,6,2,1,0,1,0,1,1
1,6,45,5.5939828598638996e-05,0,1,3,6,6,5,1,0,1,0,1,1
1,6,47,0.007978913374245167,0,2,3,7,6,0,1,0,1,0,1,4
1,7,4,2.616574420244433e-06,0,0,3,3,1,4,2,1,1,1,1,1
1,7,8,2.915557342930697e-05,0,0,3,3,1,2,2,2,1,1,1,1
1,7,9,0.00022070700651966035,0,0,3,3,1,3,2,2,1,1,1,1
1,7,10,0.0002564192982390523,0,0,3,3,1,4,2,2,1,1,1,1
1,7,12,6.325294816633686e-05,0,0,3,3,1,6,2,2,1,1,1,1
1,7,14,4.224004442221485e-05,0,0,3,3,1,2,2,3,1,1,1,1
1,7,15,3.9297920011449605e-05,0,0,3,3,1,3,2,3,1,1,1,1
1,7,16,2.5604134862078354e-05,0,0,3,3,1,4,2,3,1,1,1,1
1,7,17,9.246595436707139e-05,0,0,3,3,1,5,2,3,1,1,1,1
1,7,19,1.1289606845821254e-05,0,0,3,3,1,1,2,4,1,1,1,1
1,7,20,3.13273339997977e-05,0,0,3,3,1,2,2,4,1,1,1,1
1,7,21,4.095109943591524e-06,0,0,3,3,1,3,2,4,1,1,1,1
1,7,22,4.892371180176269e-06,0,0,3,3,1,4,2,4,1,1,1,1
1,7,27,0.0008472462650388479,0,0,3,3,1,3,2,5,1,1,1,1
1,7,29,0.0004126154235564172,0,0,3,3,1,5,2,5,1,1,1,1
1,7,30,0.0007246846216730773,0,0,3,3,1,6,2,5,1,1,1,1
1,7,35,0.04034397006034851,0,0,3,4,1,5,2,5,1,1,1,1
1,7,36,0.023826714605093002,0,0,3,5,1,1,2,1,1,2,1,2
1,7,37,0.6856763958930969,0,0,3,5,1,2,2,2,1,2,1,2
1,7,39,0.11097542941570282,0,0,3,5,1,4,2,4,1,2,1,2
1,7,41,0.00026694434927776456,0,1,3,6,1,1,2,0,1,0,1,1
1,7,42,0.0005413925391621888,0,1,3,6,1,2,2,0,1,0,1,1
1,7,45,0.0003561555640771985,0,1,3,6,1,5,2,0,1,0,1,1
1,7,47,0.13520477712154388,0,2,3,7,1,0,2,0,1,0,1,4
1,11,4,3.614934840356909e-08,0,0,3,3,5,4,2,1,1,1,1,1
1,11,8,9.979014521377394e-07,0,0,3,3,5,2,2,2,1,1,1,1
1,11,9,1.520586374681443e-05,0,0,3,3,5,3,2,2,1,1,1,1
1,11,10,2.7328578653396107e-05,0,0,3,3,5,4,2,2,1,1,1,1
1,11,12,5.931889063504059e-06,0,0,3,3,5,6,2,2,1,1,1,1
1,11,14,3.897013414189132e-07,0,0,3,3,5,2,2,3,1,1,1,1
1,11,15,4.740824692817114e-07,0,0,3,3,5,3,2,3,1,1,1,1
1,11,16,9.084172347684216e-07,0,0,3,3,5,4,2,3,1,1,1,1
1,11,17,1.1106737929367227e-06,0,0,3,3,5,5,2,3,1,1,1,1
1,11,19,5.837118806084618e-07,0,0,3,3,5,1,2,4,1,1,1,1
1,11,20,3.006320184795186e-06,0,0,3,3,5,2,2,4,1,1,1,1
1,11,21,2.3898130052657507e-07,0,0,3,3,5,3,2,4,1,1,1,1
1,11,22,4.229638932429225e-07,0,0,3,3,5,4,2,4,1,1,1,1
1,11,27,4.5474469516193494e-05,0,0,3,3,5,3,2,5,1,1,1,1
1,11,29,1.4434211152547505e-05,0,0,3,3,5,5,2,5,1,1,1,1
1,11,30,1.58564744197065e-05,0,0,3,3,5,6,2,5,1,1,1,1
1,11,35,0.00018771219765767455,0,0,3,4,5,5,2,5,1,1,1,1
1,11,36,0.006374938879162073,0,0,3,5,5,1,2,1,1,2,1,2
1,11,37,0.25434744358062744,0,0,3,5,5,2,2,2,1,2,1,2
1,11,39,0.7349861264228821,0,0,3,5,5,4,2,4,1,2,1,2
1,11,41,4.1842551581794396e-05,0,1,3,6,5,1,2,0,1,0,1,1
1,11,42,8.61547960084863e-05,0,1,3,6,5,2,2,0,1,0,1,1
1,11,45,8.283863280666992e-05,0,1,3,6,5,5,2,0,1,0,1,1
1,11,47,0.003760883817449212,0,2,3,7,5,0,2,0,1,0,1,4
1,13,4,0.002234760206192732,0,0,3,3,1,4,3,1,1,1,1,1
1,13,8,0.01534104160964489,0,0,3,3,1,2,3,2,1,1,1,1
1,13,9,0.016757028177380562,0,0,3,3,1,3,3,2,1,1,1,1
1,13,10,0.17059995234012604,0,0,3,3,1,4,3,2,1,1,1,1
1,13,12,0.001508628949522972,0,0,3,3,1,6,3,2,1,1,1,1
1,13,14,0.004914576653391123,0,0,3,3,1,2,3,3,1,1,1,1
1,13,15,0.0022088447585701942,0,0,3,3,1,3,3,3,1,1,1,1
1,13,16,0.004447336308658123,0,0,3,3,1,4,3,3,1,1,1,1
1,13,17,0.0070580230094492435,0,0,3,3,1,5,3,3,1,1,1,1
1,13,19,0.004242984112352133,0,0,3,3,1,1,3,4,1,1,1,1
1,13,20,0.005305629223585129,0,0,3,3,1,2,3,4,1,1,1,1
1,13,21,0.0012148648966103792,0,0,3,3,1,3,3,4,1,1,1,1
1,13,22,0.0031734074000269175,0,0,3,3,1,4,3,4,1,1,1,1
1,13,27,0.0015885359607636929,0,0,3,3,1,3,3,5,1,1,1,1
1,13,29,0.0008202348835766315,0,0,3,3,1,5,3,5,1,1,1,1
1,13,30,0.002570351818576455,0,0,3,3,1,6,3,5,1,1,1,1
1,13,35,0.012517215684056282,0,0,3,4,1,5,3,5,1,1,1,1
1,13,36,0.0026772734709084034,0,0,3,5,1,1,3,1,1,2,1,2
1,13,37,0.24015472829341888,0,0,3,5,1,2,3,2,1,2,1,2
1,13,39,0.020021339878439903,0,0,3,5,1,4,3,4,1,2,1,2
1,13,41,0.0007112902239896357,0,1,3,6,1,1,3,0,1,0,1,1
1,13,42,0.0018641282804310322,0,1,3,6,1,2,3,0,1,0,1,1
1,13,45,0.0004191331972833723,0,1,3,6,1,5,3,0,1,0,1,1
1,13,47,0.47764870524406433,0,2,3,7,1,0,3,0,1,0,1,4
1,18,4,3.961865513701923e-05,0,0,3,3,6,4,3,1,1,1,1,1
1,18,8,0.0002184960903832689,0,0,3,3,6,2,3,2,1,1,1,1
1,18,9,0.0017717239679768682,0,0,3,3,6,3,3,2,1,1,1,1
1,18,10,0.011146302334964275,0,0,3,3,6,4,3,2,1,1,1,1
1,18,12,0.0007161109242588282,0,0,3,3,6,6,3,2,1,1,1,1
1,18,14,0.00042333718738518655,0,0,3,3,6,2,3,3,1,1,1,1
1,18,15,0.00033224100479856133,0,0,3,3,6,3,3,3,1,1,1,1
1,18,16,0.0009781577391549945,0,0,3,3,6,4,3,3,1,1,1,1
1,18,17,0.0013397877337411046,0,0,3,3,6,5,3,3,1,1,1,1
1,18,19,0.0004935182514600456,0,0,3,3,6,1,3,4,1,1,1,1
1,18,20,0.004600877873599529,0,0,3,3,6,2,3,4,1,1,1,1
1,18,21,0.0003248262801207602,0,0,3,3,6,3,3,4,1,1,1,1
1,18,22,0.004175551701337099,0,0,3,3,6,4,3,4,1,1,1,1
1,18,27,5.839634104631841e-05,0,0,3,3,6,3,3,5,1,1,1,1
1,18,29,0.0001585251884534955,0,0,3,3,6,5,3,5,1,1,1,1
1,18,30,0.014257075265049934,0,0,3,3,6,6,3,5,1,1,1,1
1,18,35,0.0003350272891111672,0,0,3,4,6,5,3,5,1,1,1,1
1,18,36,0.00018828536849468946,0,0,3,5,6,1,3,1,1,2,1,2
1,18,37,0.044337380677461624,0,0,3,5,6,2,3,2,1,2,1,2
1,18,39,0.9062235951423645,0,0,3,5,6,4,3,4,1,2,1,2
1,18,41,5.033946217736229e-05,0,1,3,6,6,1,3,0,1,0,1,1
1,18,42,0.0004474413290154189,0,1,3,6,6,2,3,0,1,0,1,1
1,18,45,0.00018863262084778398,0,1,3,6,6,5,3,0,1,0,1,1
1,18,47,0.00719482870772481,0,2,3,7,6,0,3,0,1,0,1,4
1,23,4,2.894874895353894e-10,0,0,3,3,5,4,4,1,1,1,1,1
1,23,8,7.550695180214007e-09,0,0,3,3,5,2,4,2,1,1,1,1
1,23,9,1.9271233497875073e-07,0,0,3,3,5,3,4,2,1,1,1,1
1,23,10,1.4257171869758167e-06,0,0,3,3,5,4,4,2,1,1,1,1
1,23,12,1.4425904915071897e-08,0,0,3,3,5,6,4,2,1,1,1,1
1,23,14,1.2175324082264183e-09,0,0,3,3,5,2,4,3,1,1,1,1
1,23,15,2.48712317407751e-09,0,0,3,3,5,3,4,3,1,1,1,1
1,23,16,2.5170390216544547e-09,0,0,3,3,5,4,4,3,1,1,1,1
1,23,17,5.270201164364607e-09,0,0,3,3,5,5,4,3,1,1,1,1
1,23,19,1.1526387622140533e-09,0,0,3,3,5,1,4,4,1,1,1,1
1,23,20,3.326805853021142e-08,0,0,3,3,5,2,4,4,1,1,1,1
1,23,21,3.7978806766147954e-09,0,0,3,3,5,3,4,4,1,1,1,1
1,23,22,4.669190367678766e-09,0,0,3,3,5,4,4,4,1,1,1,1
1,23,27,1.763105501595419e-07,0,0,3,3,5,3,4,5,1,1,1,1
1,23,29,8.640338933219027e-08,0,0,3,3,5,5,4,5,1,1,1,1
1,23,30,3.5197314218748943e-07,0,0,3,3,5,6,4,5,1,1,1,1
1,23,35,9.164073162537534e-06,0,0,3,4,5,5,4,5,1,1,1,1
1,23,36,0.0003295728820376098,0,0,3,5,5,1,4,1,1,2,1,2
1,23,37,0.11015111207962036,0,0,3,5,5,2,4,2,1,2,1,2
1,23,39,0.8893786072731018,0,0,3,5,5,4,4,4,1,2,1,2
1,23,41,6.392028950585882e-08,0,1,3,6,5,1,4,0,1,0,1,1
1,23,42,9.090467187888862e-07,0,1,3,6,5,2,4,0,1,0,1,1
1,23,45,1.4518296609367098e-07,0,1,3,6,5,5,4,0,1,0,1,1
1,23,47,0.00012777924712281674,0,2,3,7,5,0,4,0,1,0,1,4
1,24,4,1.104256686090821e-09,0,0,3,3,6,4,4,1,1,1,1,1
1,24,8,1.4339314624578492e-08,0,0,3,3,6,2,4,2,1,1,1,1
1,24,9,2.455536503020994e-07,0,0,3,3,6,3,4,2,1,1,1,1
1,24,10,2.254102810184122e-06,0,0,3,3,6,4,4,2,1,1,1,1
1,24,12,6.112354355991556e-08,0,0,3,3,6,6,4,2,1,1,1,1
1,24,14,5.140841086159753e-09,0,0,3,3,6,2,4,3,1,1,1,1
1,24,15,6.611413638779595e-09,0,0,3,3,6,3,4,3,1,1,1,1
1,24,16,5.9727027768019525e-09,0,0,3,3,6,4,4,3,1,1,1,1
1,24,17,4.4637324947416346e-08,0,0,3,3,6,5,4,3,1,1,1,1
1,24,19,1.0736409539191527e-09,0,0,3,3,6,1,4,4,1,1,1,1
1,24,20,3.118709912541817e-08,0,0,3,3,6,2,4,4,1,1,1,1
1,24,21,4.645606566100469e-09,0,0,3,3,6,3,4,4,1,1,1,1
1,24,22,4.450432555813677e-08,0,0,3,3,6,4,4,4,1,1,1,1
1,24,27,5.5658183839568665e-08,0,0,3,3,6,3,4,5,1,1,1,1
1,24,29,1.442029287090918e-07,0,0,3,3,6,5,4,5,1,1,1,1
1,24,30,8.22449919724022e-07,0,0,3,3,6,6,4,5,1,1,1,1
1,24,35,1.673176598160353e-06,0,0,3,4,6,5,4,5,1,1,1,1
1,24,36,0.00010628878226270899,0,0,3,5,6,1,4,1,1,2,1,2
1,24,37,0.05678679421544075,0,0,3,5,6,2,4,2,1,2,1,2
1,24,39,0.9429879188537598,0,0,3,5,6,4,4,4,1,2,1,2
1,24,41,1.3481784577606959e-09,0,1,3,6,6,1,4,0,1,0,1,1
1,24,42,6.254277096218175e-09,0,1,3,6,6,2,4,0,1,0,1,1
1,24,45,2.666972198639428e-09,0,1,3,6,6,5,4,0,1,0,1,1
1,24,47,0.00011292879207758233,0,2,3,7,6,0,4,0,1,0,1,4
1,25,4,0.00041851389687508345,0,0,3,3,1,4,5,1,1,1,1,1
1,25,8,0.005071035120636225,0,0,3,3,1,2,5,2,1,1,1,1
1,25,9,0.003423382295295596,0,0,3,3,1,3,5,2,1,1,1,1
1,25,10,0.03360217809677124,0,0,3,3,1,4,5,2,1,1,1,1
1,25,12,0.00036377544165588915,0,0,3,3,1,6,5,2,1,1,1,1
1,25,14,0.0019148491555824876,0,0,3,3,1,2,5,3,1,1,1,1
1,25,15,0.0003834950621239841,0,0,3,3,1,3,5,3,1,1,1,1
1,25,16,0.0009852859657257795,0,0,3,3,1,4,5,3,1,1,1,1
1,25,17,0.0007214528159238398,0,0,3,3,1,5,5,3,1,1,1,1
1,25,19,0.0008976187673397362,0,0,3,3,1,1,5,4,1,1,1,1
1,25,20,0.001207713969051838,0,0,3,3,1,2,5,4,1,1,1,1
1,25,21,0.00022496796736959368,0,0,3,3,1,3,5,4,1,1,1,1
1,25,22,0.00038972331094555557,0,0,3,3,1,4,5,4,1,1,1,1
1,25,27,0.0013284055748954415,0,0,3,3,1,3,5,5,1,1,1,1
1,25,29,0.0005164733738638461,0,0,3,3,1,5,5,5,1,1,1,1
1,25,30,0.0010394345736131072,0,0,3,3,1,6,5,5,1,1,1,1
1,25,35,0.005748438183218241,0,0,3,4,1,5,5,5,1,1,1,1
1,25,36,0.00927918590605259,0,0,3,5,1,1,5,1,1,2,1,2
1,25,37,0.6405558586120605,0,0,3,5,1,2,5,2,1,2,1,2
1,25,39,0.04499432444572449,0,0,3,5,1,4,5,4,1,2,1,2
1,25,41,0.0014353184960782528,0,1,3,6,1,1,5,0,1,0,1,1
1,25,42,0.004516661167144775,0,1,3,6,1,2,5,0,1,0,1,1
1,25,45,0.0004094963369425386,0,1,3,6,1,5,5,0,1,0,1,1
1,25,47,0.24057219922542572,0,2,3,7,1,0,5,0,1,0,1,4
1,26,4,6.088964710215805e-06,0,0,3,3,2,4,5,1,1,1,1,1
1,26,8,0.00015435084060300142,0,0,3,3,2,2,5,2,1,1,1,1
1,26,9,0.0001868276740424335,0,0,3,3,2,3,5,2,1,1,1,1
1,26,10,0.0005327372928149998,0,0,3,3,2,4,5,2,1,1,1,1
1,26,12,3.0436798624577932e-05,0,0,3,3,2,6,5,2,1,1,1,1
1,26,14,8.28453412395902e-05,0,0,3,3,2,2,5,3,1,1,1,1
1,26,15,2.209536796726752e-05,0,0,3,3,2,3,5,3,1,1,1,1
1,26,16,3.743186971405521e-05,0,0,3,3,2,4,5,3,1,1,1,1
1,26,17,2.167212551285047e-05,0,0,3,3,2,5,5,3,1,1,1,1
1,26,19,2.8645019483519718e-05,0,0,3,3,2,1,5,4,1,1,1,1
1,26,20,6.257907807594165e-05,0,0,3,3,2,2,5,4,1,1,1,1
1,26,21,7.37080154067371e-06,0,0,3,3,2,3,5,4,1,1,1,1
1,26,22,4.539876499620732e-06,0,0,3,3,2,4,5,4,1,1,1,1
1,26,27,0.0005008238949812949,0,0,3,3,2,3,5,5,1,1,1,1
1,26,29,0.00012602246715687215,0,0,3,3,2,5,5,5,1,1,1,1
1,26,30,0.0003008002240676433,0,0,3,3,2,6,5,5,1,1,1,1
1,26,35,0.009813196957111359,0,0,3,4,2,5,5,5,1,1,1,1
1,26,36,0.020730111747980118,0,0,3,5,2,1,5,1,1,2,1,2
1,26,37,0.8493404388427734,0,0,3,5,2,2,5,2,1,2,1,2
1,26,39,0.030314665287733078,0,0,3,5,2,4,5,4,1,2,1,2
1,26,41,0.0019825126510113478,0,1,3,6,2,1,5,0,1,0,1,1
1,26,42,0.011347588151693344,0,1,3,6,2,2,5,0,1,0,1,1
1,26,45,0.0007790644303895533,0,1,3,6,2,5,5,0,1,0,1,1
1,26,47,0.07358750700950623,0,2,3,7,2,0,5,0,1,0,1,4
1,28,4,2.0193212435515306e-07,0,0,3,3,4,4,5,1,1,1,1,1
1,28,8,3.5620169001049362e-06,0,0,3,3,4,2,5,2,1,1,1,1
1,28,9,9.439313544135075e-06,0,0,3,3,4,3,5,2,1,1,1,1
1,28,10,0.00013720609422307462,0,0,3,3,4,4,5,2,1,1,1,1
1,28,12,1.0612351388772367e-06,0,0,3,3,4,6,5,2,1,1,1,1
1,28,14,1.9185524706699653e-06,0,0,3,3,4,2,5,3,1,1,1,1
1,28,15,5.270143219604506e-07,0,0,3,3,4,3,5,3,1,1,1,1
1,28,16,7.70324959376012e-07,0,0,3,3,4,4,5,3,1,1,1,1
1,28,17,2.0466538899199804e-06,0,0,3,3,4,5,5,3,1,1,1,1
1,28,19,2.589351311144128e-07,0,0,3,3,4,1,5,4,1,1,1,1
1,28,20,1.1383557421140722e-06,0,0,3,3,4,2,5,4,1,1,1,1
1,28,21,2.960023550713231e-07,0,0,3,3,4,3,5,4,1,1,1,1
1,28,22,4.1695008690112445e-07,0,0,3,3,4,4,5,4,1,1,1,1
1,28,27,3.5872577427653596e-05,0,0,3,3,4,3,5,5,1,1,1,1
1,28,29,1.649973273742944e-05,0,0,3,3,4,5,5,5,1,1,1,1
1,28,30,2.0948817109456286e-05,0,0,3,3,4,6,5,5,1,1,1,1
1,28,35,0.00297491904348135,0,0,3,4,4,5,5,5,1,1,1,1
1,28,36,0.0055070798844099045,0,0,3,5,4,1,5,1,1,2,1,2
1,28,37,0.6590444445610046,0,0,3,5,4,2,5,2,1,2,1,2
1,28,39,0.2689204216003418,0,0,3,5,4,4,5,4,1,2,1,2
1,28,41,1.366952983516967e-05,0,1,3,6,4,1,5,0,1,0,1,1
1,28,42,3.727283183252439e-05,0,1,3,6,4,2,5,0,1,0,1,1
1,28,45,6.634877991018584e-06,0,1,3,6,4,5,5,0,1,0,1,1
1,28,47,0.0632639229297638,0,2,3,7,4,0,5,0,1,0,1,4
1,31,4,0.001471378025598824,0,0,4,3,1,4,1,1,1,1,1,1
1,31,8,0.03019382432103157,0,0,4,3,1,2,1,2,1,1,1,1
1,31,9,0.005375053267925978,0,0,4,3,1,3,1,2,1,1,1,1
1,31,10,0.03353924676775932,0,0,4,3,1,4,1,2,1,1,1,1
1,31,12,0.001236892188899219,0,0,4,3,1,6,1,2,1,1,1,1
1,31,14,0.011659710668027401,0,0,4,3,1,2,1,3,1,1,1,1
1,31,15,0.001903614611364901,0,0,4,3,1,3,1,3,1,1,1,1
1,31,16,0.0015707927523180842,0,0,4,3,1,4,1,3,1,1,1,1
1,31,17,0.00241682305932045,0,0,4,3,1,5,1,3,1,1,1,1
1,31,19,0.009662501513957977,0,0,4,3,1,1,1,4,1,1,1,1
1,31,20,0.006811333354562521,0,0,4,3,1,2,1,4,1,1,1,1
1,31,21,0.0013964162208139896,0,0,4,3,1,3,1,4,1,1,1,1
1,31,22,0.002066195709630847,0,0,4,3,1,4,1,4,1,1,1,1
1,31,27,0.0007902125362306833,0,0,4,3,1,3,1,5,1,1,1,1
1,31,29,0.0004432980204001069,0,0,4,3,1,5,1,5,1,1,1,1
1,31,30,0.0003224563552066684,0,0,4,3,1,6,1,5,1,1,1,1
1,31,35,0.0017784794326871634,0,0,4,4,1,5,1,5,1,1,1,1
1,31,36,0.0013285934692248702,0,0,4,5,1,1,1,1,1,2,1,2
1,31,37,0.045663151890039444,0,0,4,5,1,2,1,2,1,2,1,2
1,31,39,0.0015741767128929496,0,0,4,5,1,4,1,4,1,2,1,2
1,31,41,0.015388947911560535,0,1,4,6,1,1,1,0,1,0,1,1
1,31,42,0.016308367252349854,0,1,4,6,1,2,1,0,1,0,1,1
1,31,45,0.002190361497923732,0,1,4,6,1,5,1,0,1,0,1,1
1,31,47,0.8049085736274719,0,2,4,7,1,0,1,0,1,0,1,4
1,32,4,7.073846063576639e-06,0,0,4,3,2,4,2,1,1,1,1,1
1,32,8,0.00017048510198947042,0,0,4,3,2,2,2,2,1,1,1,1
1,32,9,0.0002515144878998399,0,0,4,3,2,3,2,2,1,1,1,1
1,32,10,0.0005111423088237643,0,0,4,3,2,4,2,2,1,1,1,1
1,32,12,4.1818533645709977e-05,0,0,4,3,2,6,2,2,1,1,1,1
1,32,14,4.0255810745293275e-05,0,0,4,3,2,2,2,3,1,1,1,1
1,32,15,6.968554953346029e-05,0,0,4,3,2,3,2,3,1,1,1,1
1,32,16,8.940503903431818e-06,0,0,4,3,2,4,2,3,1,1,1,1
1,32,17,3.410814315429889e-05,0,0,4,3,2,5,2,3,1,1,1,1
1,32,19,1.3441544069792144e-05,0,0,4,3,2,1,2,4,1,1,1,1
1,32,20,1.4847153579466976e-05,0,0,4,3,2,2,2,4,1,1,1,1
1,32,21,8.246806828537956e-06,0,0,4,3,2,3,2,4,1,1,1,1
1,32,22,7.141389232856454e-06,0,0,4,3,2,4,2,4,1,1,1,1
1,32,27,0.0004020287888124585,0,0,4,3,2,3,2,5,1,1,1,1
1,32,29,0.000199229471036233,0,0,4,3,2,5,2,5,1,1,1,1
1,32,30,1.5146395526244305e-05,0,0,4,3,2,6,2,5,1,1,1,1
1,32,35,0.0006581650231964886,0,0,4,4,2,5,2,5,1,1,1,1
1,32,36,0.033563584089279175,0,0,4,5,2,1,2,1,1,2,1,2
1,32,37,0.829742431640625,0,0,4,5,2,2,2,2,1,2,1,2
1,32,39,0.04990948736667633,0,0,4,5,2,4,2,4,1,2,1,2
1,32,41,0.0003377904067747295,0,1,4,6,2,1,2,0,1,0,1,1
1,32,42,0.00022582460951525718,0,1,4,6,2,2,2,0,1,0,1,1
1,32,45,8.043160050874576e-05,0,1,4,6,2,5,2,0,1,0,1,1
1,32,47,0.08368755131959915,0,2,4,7,2,0,2,0,1,0,1,4
1,33,4,0.026966219767928123,0,0,4,3,3,4,3,1,1,1,1,1
1,33,8,0.05233841389417648,0,0,4,3,3,2,3,2,1,1,1,1
1,33,9,0.05587860941886902,0,0,4,3,3,3,3,2,1,1,1,1
1,33,10,0.09257125109434128,0,0,4,3,3,4,3,2,1,1,1,1
1,33,12,0.060688745230436325,0,0,4,3,3,6,3,2,1,1,1,1
1,33,14,0.07239460945129395,0,0,4,3,3,2,3,3,1,1,1,1
1,33,15,0.016733987256884575,0,0,4,3,3,3,3,3,1,1,1,1
1,33,16,0.05727740749716759,0,0,4,3,3,4,3,3,1,1,1,1
1,33,17,0.03866773471236229,0,0,4,3,3,5,3,3,1,1,1,1
1,33,19,0.18504859507083893,0,0,4,3,3,1,3,4,1,1,1,1
1,33,20,0.15429259836673737,0,0,4,3,3,2,3,4,1,1,1,1
1,33,21,0.05181433632969856,0,0,4,3,3,3,3,4,1,1,1,1
1,33,22,0.09353916347026825,0,0,4,3,3,4,3,4,1,1,1,1
1,33,27,0.004353745374828577,0,0,4,3,3,3,3,5,1,1,1,1
1,33,29,0.002494345884770155,0,0,4,3,3,5,3,5,1,1,1,1
1,33,30,0.00543517991900444,0,0,4,3,3,6,3,5,1,1,1,1
1,33,35,0.0004026313254144043,0,0,4,4,3,5,3,5,1,1,1,1
1,33,36,0.00107581599149853,0,0,4,5,3,1,3,1,1,2,1,2
1,33,37,0.002664851490408182,0,0,4,5,3,2,3,2,1,2,1,2
1,33,39,0.004681538324803114,0,0,4,5,3,4,3,4,1,2,1,2
1,33,41,0.005631481297314167,0,1,4,6,3,1,3,0,1,0,1,1
1,33,42,0.0011800146894529462,0,1,4,6,3,2,3,0,1,0,1,1
1,33,45,0.0013382596662268043,0,1,4,6,3,5,3,0,1,0,1,1
1,33,47,0.012530582025647163,0,2,4,7,3,0,3,0,1,0,1,4
1,34,4,6.572275501603997e-10,0,0,4,3,4,4,4,1,1,1,1,1
1,34,8,2.110203922711662e-08,0,0,4,3,4,2,4,2,1,1,1,1
1,34,9,1.974543692995212e-07,0,0,4,3,4,3,4,2,1,1,1,1
1,34,10,9.575531976224738e-07,0,0,4,3,4,4,4,2,1,1,1,1
1,34,12,9.945475909489687e-08,0,0,4,3,4,6,4,2,1,1,1,1
1,34,14,1.783569913982319e-08,0,0,4,3,4,2,4,3,1,1,1,1
1,34,15,2.559487377595815e-08,0,0,4,3,4,3,4,3,1,1,1,1
1,34,16,6.8783001516692366e-09,0,0,4,3,4,4,4,3,1,1,1,1
1,34,17,5.4608360500196795e-08,0,0,4,3,4,5,4,3,1,1,1,1
1,34,19,3.265776760130734e-09,0,0,4,3,4,1,4,4,1,1,1,1
1,34,20,4.079206306073502e-08,0,0,4,3,4,2,4,4,1,1,1,1
1,34,21,8.969507803158194e-09,0,0,4,3,4,3,4,4,1,1,1,1
1,34,22,2.3537774396231725e-08,0,0,4,3,4,4,4,4,1,1,1,1
1,34,27,3.356572051416151e-07,0,0,4,3,4,3,4,5,1,1,1,1
1,34,29,7.39778442948591e-07,0,0,4,3,4,5,4,5,1,1,1,1
1,34,30,4.439855274540605e-07,0,0,4,3,4,6,4,5,1,1,1,1
1,34,35,3.2270338579110103e-06,0,0,4,4,4,5,4,5,1,1,1,1
1,34,36,0.0005924640572629869,0,0,4,5,4,1,4,1,1,2,1,2
1,34,37,0.0656886026263237,0,0,4,5,4,2,4,2,1,2,1,2
1,34,39,0.9333503842353821,0,0,4,5,4,4,4,4,1,2,1,2
1,34,41,4.656010688108836e-08,0,1,4,6,4,1,4,0,1,0,1,1
1,34,42,4.7072809650217096e-08,0,1,4,6,4,2,4,0,1,0,1,1
1,34,45,3.9718646149822234e-08,0,1,4,6,4,5,4,0,1,0,1,1
1,34,47,0.000361530837835744,0,2,4,7,4,0,4,0,1,0,1,4
1,38,4,0.4172687232494354,0,0,5,3,3,4,3,1,2,1,2,1
1,38,8,0.02875775285065174,0,0,5,3,3,2,3,2,2,1,2,1
1,38,9,0.0033128184732049704,0,0,5,3,3,3,3,2,2,1,2,1
1,38,10,0.003104106057435274,0,0,5,3,3,4,3,2,2,1,2,1
1,38,12,0.006121253129094839,0,0,5,3,3,6,3,2,2,1,2,1
1,38,14,0.04755869880318642,0,0,5,3,3,2,3,3,2,1,2,1
1,38,15,0.015876267105340958,0,0,5,3,3,3,3,3,2,1,2,1
1,38,16,0.032611213624477386,0,0,5,3,3,4,3,3,2,1,2,1
1,38,17,0.03587860241532326,0,0,5,3,3,5,3,3,2,1,2,1
1,38,19,0.25062641501426697,0,0,5,3,3,1,3,4,2,1,2,1
1,38,20,0.041979193687438965,0,0,5,3,3,2,3,4,2,1,2,1
1,38,21,0.0773349329829216,0,0,5,3,3,3,3,4,2,1,2,1
1,38,22,0.03838127851486206,0,0,5,3,3,4,3,4,2,1,2,1
1,38,27,0.0002789125719573349,0,0,5,3,3,3,3,5,2,1,2,1
1,38,29,0.0003902612952515483,0,0,5,3,3,5,3,5,2,1,2,1
1,38,30,0.00032048937282525003,0,0,5,3,3,6,3,5,2,1,2,1
1,38,35,1.955683001142461e-05,0,0,5,4,3,5,3,5,2,1,2,1
1,38,36,5.318927946973417e-07,0,0,5,5,3,1,3,1,2,2,2,2
1,38,37,2.8986265832031677e-08,0,0,5,5,3,2,3,2,2,2,2,2
1,38,39,8.864817324649721e-09,0,0,5,5,3,4,3,4,2,2,2,2
1,38,41,0.000117640127427876,0,1,5,6,3,1,3,0,2,0,2,1
1,38,42,1.7254487829632126e-05,0,1,5,6,3,2,3,0,2,0,2,1
1,38,45,3.0311979571706615e-05,0,1,5,6,3,5,3,0,2,0,2,1
1,38,47,1.371206235489808e-05,0,2,5,7,3,0,3,0,2,0,2,4
1,40,4,0.009252364747226238,0,0,5,3,5,4,5,1,2,1,2,1
1,40,8,0.007242903579026461,0,0,5,3,5,2,5,2,2,1,2,1
1,40,9,0.008288174867630005,0,0,5,3,5,3,5,2,2,1,2,1
1,40,10,0.02737148106098175,0,0,5,3,5,4,5,2,2,1,2,1
1,40,12,0.0029407928232103586,0,0,5,3,5,6,5,2,2,1,2,1
1,40,14,0.003485732013359666,0,0,5,3,5,2,5,3,2,1,2,1
1,40,15,0.0016644186107441783,0,0,5,3,5,3,5,3,2,1,2,1
1,40,16,0.006057921797037125,0,0,5,3,5,4,5,3,2,1,2,1
1,40,17,0.0028910748660564423,0,0,5,3,5,5,5,3,2,1,2,1
1,40,19,0.0051229484379291534,0,0,5,3,5,1,5,4,2,1,2,1
1,40,20,0.009380546398460865,0,0,5,3,5,2,5,4,2,1,2,1
1,40,21,0.011828042566776276,0,0,5,3,5,3,5,4,2,1,2,1
1,40,22,0.002482045441865921,0,0,5,3,5,4,5,4,2,1,2,1
1,40,27,0.019239259883761406,0,0,5,3,5,3,5,5,2,1,2,1
1,40,29,0.007662961259484291,0,0,5,3,5,5,5,5,2,1,2,1
1,40,30,0.005482898559421301,0,0,5,3,5,6,5,5,2,1,2,1
1,40,35,0.009446234442293644,0,0,5,4,5,5,5,5,2,1,2,1
1,40,36,0.24692565202713013,0,0,5,5,5,1,5,1,2,2,2,2
1,40,37,0.19550210237503052,0,0,5,5,5,2,5,2,2,2,2,2
1,40,39,0.4045191705226898,0,0,5,5,5,4,5,4,2,2,2,2
1,40,41,0.002506059594452381,0,1,5,6,5,1,5,0,2,0,2,1
1,40,42,0.002537537133321166,0,1,5,6,5,2,5,0,2,0,2,1
1,40,45,0.0006518154987134039,0,1,5,6,5,5,5,0,2,0,2,1
1,40,47,0.007517988793551922,0,2,5,7,5,0,5,0,2,0,2,4
1,43,4,2.3889722342573805e-06,1,0,6,3,3,4,0,1,0,1,1,1
1,43,8,5.407919888966717e-05,1,0,6,3,3,2,0,2,0,1,1,1
1,43,9,0.00012950471136718988,1,0,6,3,3,3,0,2,0,1,1,1
1,43,10,0.00046696295612491667,1,0,6,3,3,4,0,2,0,1,1,1
1,43,12,0.0001609864557394758,1,0,6,3,3,6,0,2,0,1,1,1
1,43,14,5.993991726427339e-05,1,0,6,3,3,2,0,3,0,1,1,1
1,43,15,3.806455060839653e-05,1,0,6,3,3,3,0,3,0,1,1,1
1,43,16,1.3062041034572758e-05,1,0,6,3,3,4,0,3,0,1,1,1
1,43,17,0.00045441085239872336,1,0,6,3,3,5,0,3,0,1,1,1
1,43,19,4.819873720407486e-05,1,0,6,3,3,1,0,4,0,1,1,1
1,43,20,4.6587883844040334e-05,1,0,6,3,3,2,0,4,0,1,1,1
1,43,21,1.0950763680739328e-05,1,0,6,3,3,3,0,4,0,1,1,1
1,43,22,2.3696165953879245e-05,1,0,6,3,3,4,0,4,0,1,1,1
1,43,27,0.00014779863704461604,1,0,6,3,3,3,0,5,0,1,1,1
1,43,29,0.00025151713634841144,1,0,6,3,3,5,0,5,0,1,1,1
1,43,30,5.582080120802857e-05,1,0,6,3,3,6,0,5,0,1,1,1
1,43,35,0.00038034471799619496,1,0,6,4,3,5,0,5,0,1,1,1
1,43,36,0.0004435432201717049,1,0,6,5,3,1,0,1,0,2,1,2
1,43,37,0.02705424092710018,1,0,6,5,3,2,0,2,0,2,1,2
1,43,39,0.0038617500104010105,1,0,6,5,3,4,0,4,0,2,1,2
1,43,41,0.0001046942052198574,1,1,6,6,3,1,0,0,0,0,1,1
1,43,42,4.4076027734263334e-06,1,1,6,6,3,2,0,0,0,0,1,1
1,43,45,1.201378290716093e-05,1,1,6,6,3,5,0,0,0,0,1,1
1,43,47,0.9661754965782166,1,2,6,7,3,0,0,0,0,0,1,4
1,44,4,6.013676362437437e-11,1,0,6,3,4,4,0,1,0,1,1,1
1,44,8,1.1837209434872875e-08,1,0,6,3,4,2,0,2,0,1,1,1
1,44,9,9.736257311487861e-08,1,0,6,3,4,3,0,2,0,1,1,1
1,44,10,1.1027044592992752e-06,1,0,6,3,4,4,0,2,0,1,1,1
1,44,12,5.106845435420837e-08,1,0,6,3,4,6,0,2,0,1,1,1
1,44,14,7.520723599441226e-09,1,0,6,3,4,2,0,3,0,1,1,1
1,44,15,3.145141924676409e-09,1,0,6,3,4,3,0,3,0,1,1,1
1,44,16,1.551011652445311e-09,1,0,6,3,4,4,0,3,0,1,1,1
1,44,17,6.766076410258393e-08,1,0,6,3,4,5,0,3,0,1,1,1
1,44,19,1.5897393401687054e-09,1,0,6,3,4,1,0,4,0,1,1,1
1,44,20,6.621818204877172e-09,1,0,6,3,4,2,0,4,0,1,1,1
1,44,21,9.552555413350206e-10,1,0,6,3,4,3,0,4,0,1,1,1
1,44,22,1.3011802746376588e-09,1,0,6,3,4,4,0,4,0,1,1,1
1,44,27,1.1370757420081645e-06,1,0,6,3,4,3,0,5,0,1,1,1
1,44,29,7.880652219682815e-07,1,0,6,3,4,5,0,5,0,1,1,1
1,44,30,3.3980288094426214e-07,1,0,6,3,4,6,0,5,0,1,1,1
1,44,35,0.00022064782388042659,1,0,6,4,4,5,0,5,0,1,1,1
1,44,36,0.0002778989728540182,1,0,6,5,4,1,0,1,0,2,1,2
1,44,37,0.2575751841068268,1,0,6,5,4,2,0,2,0,2,1,2
1,44,39,0.023032190278172493,1,0,6,5,4,4,0,4,0,2,1,2
1,44,41,1.7822052313931636e-06,1,1,6,6,4,1,0,0,0,0,1,1
1,44,42,1.999987091494404e-07,1,1,6,6,4,2,0,0,0,0,1,1
1,44,45,1.9130574457904004e-07,1,1,6,6,4,5,0,0,0,0,1,1
1,44,47,0.7188883423805237,1,2,6,7,4,0,0,0,0,0,1,4
1,46,4,1.3658641995206722e-09,1,0,6,3,6,4,0,1,0,1,1,1
1,46,8,1.0776422243452544e-07,1,0,6,3,6,2,0,2,0,1,1,1
1,46,9,8.19243325622665e-07,1,0,6,3,6,3,0,2,0,1,1,1
1,46,10,6.130467227194458e-06,1,0,6,3,6,4,0,2,0,1,1,1
1,46,12,1.1933544783460093e-06,1,0,6,3,6,6,0,2,0,1,1,1
1,46,14,4.218962956770156e-08,1,0,6,3,6,2,0,3,0,1,1,1
1,46,15,6.397808505198554e-08,1,0,6,3,6,3,0,3,0,1,1,1
1,46,16,8.78790196168211e-09,1,0,6,3,6,4,0,3,0,1,1,1
1,46,17,2.399294317001477e-06,1,0,6,3,6,5,0,3,0,1,1,1
1,46,19,2.4359442463151026e-08,1,0,6,3,6,1,0,4,0,1,1,1
1,46,20,1.027099543193799e-07,1,0,6,3,6,2,0,4,0,1,1,1
1,46,21,1.2756485645581961e-08,1,0,6,3,6,3,0,4,0,1,1,1
1,46,22,9.439380477260784e-08,1,0,6,3,6,4,0,4,0,1,1,1
1,46,27,3.271351545208745e-07,1,0,6,3,6,3,0,5,0,1,1,1
1,46,29,1.6017063444451196e-06,1,0,6,3,6,5,0,5,0,1,1,1
1,46,30,1.7976583421841497e-06,1,0,6,3,6,6,0,5,0,1,1,1
1,46,35,3.946877041016705e-05,1,0,6,4,6,5,0,5,0,1,1,1
1,46,36,6.616480732191121e-06,1,0,6,5,6,1,0,1,0,2,1,2
1,46,37,0.016100123524665833,1,0,6,5,6,2,0,2,0,2,1,2
1,46,39,0.001319905393756926,1,0,6,5,6,4,0,4,0,2,1,2
1,46,41,5.343007387637044e-07,1,1,6,6,6,1,0,0,0,0,1,1
1,46,42,4.1505934689212154e-08,1,1,6,6,6,2,0,0,0,0,1,1
1,46,45,1.0342112233274747e-07,1,1,6,6,6,5,0,0,0,0,1,1
1,46,47,0.9825189709663391,1,2,6,7,6,0,0,0,0,0,1,4
2,0,2,0.00012436146789696068,0,0,1,3,0,2,0,1,2,1,4,1
2,0,3,7.30218380340375e-05,0,0,1,3,0,3,0,1,2,1,4,1
2,0,4,2.5892061330523575e-06,0,0,1,3,0,4,0,1,2,1,4,1
2,0,10,0.000384356826543808,0,0,1,3,0,4,0,2,2,1,4,1
2,0,11,0.0006252265302464366,0,0,1,3,0,5,0,2,2,1,4,1
2,0,12,0.00019044238433707505,0,0,1,3,0,6,0,2,2,1,4,1
2,0,15,0.001935572363436222,0,0,1,3,0,3,0,3,2,1,4,1
2,0,16,0.0008663792978040874,0,0,1,3,0,4,0,3,2,1,4,1
2,0,18,0.005087723024189472,0,0,1,3,0,6,0,3,2,1,4,1
2,0,20,0.0003288063744548708,0,0,1,3,0,2,0,4,2,1,4,1
2,0,24,0.00687359319999814,0,0,1,3,0,6,0,4,2,1,4,1
2,0,25,0.00020109432807657868,0,0,1,3,0,1,0,5,2,1,4,1
2,0,26,0.0004552324826363474,0,0,1,3,0,2,0,5,2,1,4,1
2,0,28,0.000839299988001585,0,0,1,3,0,4,0,5,2,1,4,1
2,0,29,0.0033594570122659206,0,0,1,3,0,5,0,5,2,1,4,1
2,0,30,0.0006969537353143096,0,0,1,3,0,6,0,5,2,1,4,1
2,0,32,0.0007786864880472422,0,0,1,4,0,2,0,2,2,1,4,1
2,0,37,0.002063032705336809,0,0,1,5,0,2,0,2,2,2,4,2
2,0,39,0.03962714597582817,0,0,1,5,0,4,0,4,2,2,4,2
2,0,40,0.9332002997398376,0,0,1,5,0,5,0,5,2,2,4,2
2,0,43,0.00031876444700174034,0,1,1,6,0,3,0,0,2,0,4,1
2,0,44,0.00019131306908093393,0,1,1,6,0,4,0,0,2,0,4,1
2,0,46,0.0017647856147959828,0,1,1,6,0,6,0,0,2,0,4,1
2,0,47,1.1263022315688431e-05,0,2,1,7,0,0,0,0,2,0,4,4
2,1,2,0.004845738410949707,0,0,3,3,1,2,1,1,1,1,1,1
2,1,3,0.018876150250434875,0,0,3,3,1,3,1,1,1,1,1,1
2,1,4,0.028823845088481903,0,0,3,3,1,4,1,1,1,1,1,1
2,1,10,0.027636228129267693,0,0,3,3,1,4,1,2,1,1,1,1
2,1,11,0.012307237833738327,0,0,3,3,1,5,1,2,1,1,1,1
2,1,12,0.009004397317767143,0,0,3,3,1,6,1,2,1,1,1,1
2,1,15,0.10525389760732651,0,0,3,3,1,3,1,3,1,1,1,1
2,1,16,0.021009959280490875,0,0,3,3,1,4,1,3,1,1,1,1
2,1,18,0.004124725237488747,0,0,3,3,1,6,1,3,1,1,1,1
2,1,20,0.010087285190820694,0,0,3,3,1,2,1,4,1,1,1,1
2,1,24,0.0017136845272034407,0,0,3,3,1,6,1,4,1,1,1,1
2,1,25,0.006059105042368174,0,0,3,3,1,1,1,5,1,1,1,1
2,1,26,0.004443117417395115,0,0,3,3,1,2,1,5,1,1,1,1
2,1,28,0.06170521676540375,0,0,3,3,1,4,1,5,1,1,1,1
2,1,29,0.004330639727413654,0,0,3,3,1,5,1,5,1,1,1,1
2,1,30,0.001635985798202455,0,0,3,3,1,6,1,5,1,1,1,1
2,1,32,0.013026135973632336,0,0,3,4,1,2,1,2,1,1,1,1
2,1,37,0.002227181801572442,0,0,3,5,1,2,1,2,1,2,1,2
2,1,39,0.5869444608688354,0,0,3,5,1,4,1,4,1,2,1,2
2,1,40,0.07229339331388474,0,0,3,5,1,5,1,5,1,2,1,2
2,1,43,0.0003379249828867614,0,1,3,6,1,3,1,0,1,0,1,1
2,1,44,0.0024654180742800236,0,1,3,6,1,4,1,0,1,0,1,1
2,1,46,0.0001757802237989381,0,1,3,6,1,6,1,0,1,0,1,1
2,1,47,0.0006727664731442928,0,2,3,7,1,0,1,0,1,0,1,4
2,5,2,0.0005621715681627393,0,0,3,3,5,2,1,1,1,1,1,1
2,5,3,0.002696119947358966,0,0,3,3,5,3,1,1,1,1,1,1
2,5,4,0.004193880595266819,0,0,3,3,5,4,1,1,1,1,1,1
2,5,10,0.022610167041420937,0,0,3,3,5,4,1,2,1,1,1,1
2,5,11,0.007848615758121014,0,0,3,3,5,5,1,2,1,1,1,1
2,5,12,0.003422413719817996,0,0,3,3,5,6,1,2,1,1,1,1
2,5,15,0.06740885227918625,0,0,3,3,5,3,1,3,1,1,1,1
2,5,16,0.017367811873555183,0,0,3,3,5,4,1,3,1,1,1,1
2,5,18,0.0028373608365654945,0,0,3,3,5,6,1,3,1,1,1,1
2,5,20,0.004798730369657278,0,0,3,3,5,2,1,4,1,1,1,1
2,5,24,0.00044213063665665686,0,0,3,3,5,6,1,4,1,1,1,1
2,5,25,0.004047517664730549,0,0,3,3,5,1,1,5,1,1,1,1
2,5,26,0.0028424132615327835,0,0,3,3,5,2,1,5,1,1,1,1
2,5,28,0.05427753925323486,0,0,3,3,5,4,1,5,1,1,1,1
2,5,29,0.005760028958320618,0,0,3,3,5,5,1,5,1,1,1,1
2,5,30,0.00018274577450938523,0,0,3,3,5,6,1,5,1,1,1,1
2,5,32,0.0011913686757907271,0,0,3,4,5,2,1,2,1,1,1,1
2,5,37,0.004939632024616003,0,0,3,5,5,2,1,2,1,2,1,2
2,5,39,0.29733768105506897,0,0,3,5,5,4,1,4,1,2,1,2
2,5,40,0.4925101101398468,0,0,3,5,5,5,1,5,1,2,1,2
2,5,43,0.0005970603669993579,0,1,3,6,5,3,1,0,1,0,1,1
2,5,44,0.0018454480450600386,0,1,3,6,5,4,1,0,1,0,1,1
2,5,46,8.486347360303625e-05,0,1,3,6,5,6,1,0,1,0,1,1
2,5,47,0.00019567015988286585,0,2,3,7,5,0,1,0,1,0,1,4
2,6,2,0.001276042079553008,0,0,3,3,6,2,1,1,1,1,1,1
2,6,3,0.028513601049780846,0,0,3,3,6,3,1,1,1,1,1,1
2,6,4,0.006391788832843304,0,0,3,3,6,4,1,1,1,1,1,1
2,6,10,0.00933255348354578,0,0,3,3,6,4,1,2,1,1,1,1
2,6,11,0.009828556329011917,0,0,3,3,6,5,1,2,1,1,1,1
2,6,12,0.003093256149441004,0,0,3,3,6,6,1,2,1,1,1,1
2,6,15,0.10794822126626968,0,0,3,3,6,3,1,3,1,1,1,1
2,6,16,0.010372869670391083,0,0,3,3,6,4,1,3,1,1,1,1
2,6,18,0.0038545245770365,0,0,3,3,6,6,1,3,1,1,1,1
2,6,20,0.02131233923137188,0,0,3,3,6,2,1,4,1,1,1,1
2,6,24,0.004417627118527889,0,0,3,3,6,6,1,4,1,1,1,1
2,6,25,0.0026887657586485147,0,0,3,3,6,1,1,5,1,1,1,1
2,6,26,0.004122735932469368,0,0,3,3,6,2,1,5,1,1,1,1
2,6,28,0.02159065380692482,0,0,3,3,6,4,1,5,1,1,1,1
2,6,29,0.015694456174969673,0,0,3,3,6,5,1,5,1,1,1,1
2,6,30,0.001964497147127986,0,0,3,3,6,6,1,5,1,1,1,1
2,6,32,0.02603849768638611,0,0,3,4,6,2,1,2,1,1,1,1
2,6,37,0.0022886411752551794,0,0,3,5,6,2,1,2,1,2,1,2
2,6,39,0.5527395009994507,0,0,3,5,6,4,1,4,1,2,1,2
2,6,40,0.16528229415416718,0,0,3,5,6,5,1,5,1,2,1,2
2,6,43,0.00031953142024576664,0,1,3,6,6,3,1,0,1,0,1,1
2,6,44,0.0007062681834213436,0,1,3,6,6,4,1,0,1,0,1,1
2,6,46,0.0001293940731557086,0,1,3,6,6,6,1,0,1,0,1,1
2,6,47,9.369607141707093e-05,0,2,3,7,6,0,1,0,1,0,1,4
2,7,2,5.26269905094523e-05,0,0,3,3,1,2,2,1,1,1,1,1
2,7,3,0.0002303441142430529,0,0,3,3,1,3,2,1,1,1,1,1
2,7,4,9.6673502412159e-05,0,0,3,3,1,4,2,1,1,1,1,1
2,7,10,0.0006121999467723072,0,0,3,3,1,4,2,2,1,1,1,1
2,7,11,0.0007037685136310756,0,0,3,3,1,5,2,2,1,1,1,1
2,7,12,0.00034357933327555656,0,0,3,3,1,6,2,2,1,1,1,1
2,7,15,0.005177034996449947,0,0,3,3,1,3,2,3,1,1,1,1
2,7,16,0.004462198354303837,0,0,3,3,1,4,2,3,1,1,1,1
2,7,18,0.0002900783729273826,0,0,3,3,1,6,2,3,1,1,1,1
2,7,20,0.0001709184143692255,0,0,3,3,1,2,2,4,1,1,1,1
2,7,24,0.0005166533519513905,0,0,3,3,1,6,2,4,1,1,1,1
2,7,25,3.5699591535376385e-05,0,0,3,3,1,1,2,5,1,1,1,1
2,7,26,8.55013513501035e-06,0,0,3,3,1,2,2,5,1,1,1,1
2,7,28,0.00019736419199034572,0,0,3,3,1,4,2,5,1,1,1,1
2,7,29,2.4137323634931818e-05,0,0,3,3,1,5,2,5,1,1,1,1
2,7,30,1.1930383152503055e-05,0,0,3,3,1,6,2,5,1,1,1,1
2,7,32,0.00011697079025907442,0,0,3,4,1,2,2,2,1,1,1,1
2,7,37,6.52303351671435e-05,0,0,3,5,1,2,2,2,1,2,1,2
2,7,39,0.9828866720199585,0,0,3,5,1,4,2,4,1,2,1,2
2,7,40,0.0035867514088749886,0,0,3,5,1,5,2,5,1,2,1,2
2,7,43,1.0615722203510813e-05,0,1,3,6,1,3,2,0,1,0,1,1
2,7,44,0.00024267533444799483,0,1,3,6,1,4,2,0,1,0,1,1
2,7,46,8.315205377584789e-06,0,1,3,6,1,6,2,0,1,0,1,1
2,7,47,0.00014884184929542243,0,2,3,7,1,0,2,0,1,0,1,4
2,8,2,0.011172068305313587,0,0,3,3,2,2,2,1,1,1,1,1
2,8,3,0.04811957851052284,0,0,3,3,2,3,2,1,1,1,1,1
2,8,4,0.04413241147994995,0,0,3,3,2,4,2,1,1,1,1,1
2,8,10,0.02094395086169243,0,0,3,3,2,4,2,2,1,1,1,1
2,8,11,0.03541751578450203,0,0,3,3,2,5,2,2,1,1,1,1
2,8,12,0.024015581235289574,0,0,3,3,2,6,2,2,1,1,1,1
2,8,15,0.14685556292533875,0,0,3,3,2,3,2,3,1,1,1,1
2,8,16,0.05205698683857918,0,0,3,3,2,4,2,3,1,1,1,1
2,8,18,0.008363085798919201,0,0,3,3,2,6,2,3,1,1,1,1
2,8,20,0.00605089170858264,0,0,3,3,2,2,2,4,1,1,1,1
2,8,24,0.00333310104906559,0,0,3,3,2,6,2,4,1,1,1,1
2,8,25,0.0038181745912879705,0,0,3,3,2,1,2,5,1,1,1,1
2,8,26,0.002397270407527685,0,0,3,3,2,2,2,5,1,1,1,1
2,8,28,0.01180422306060791,0,0,3,3,2,4,2,5,1,1,1,1
2,8,29,0.003598217386752367,0,0,3,3,2,5,2,5,1,1,1,1
2,8,30,0.0012639007763937116,0,0,3,3,2,6,2,5,1,1,1,1
2,8,32,0.0065878285095095634,0,0,3,4,2,2,2,2,1,1,1,1
2,8,37,0.0031209520529955626,0,0,3,5,2,2,2,2,1,2,1,2
2,8,39,0.5146682262420654,0,0,3,5,2,4,2,4,1,2,1,2
2,8,40,0.022375237196683884,0,0,3,5,2,5,2,5,1,2,1,2
2,8,43,0.001225484418682754,0,1,3,6,2,3,2,0,1,0,1,1
2,8,44,0.006732614245265722,0,1,3,6,2,4,2,0,1,0,1,1
2,8,46,0.0007746579358354211,0,1,3,6,2,6,2,0,1,0,1,1
2,8,47,0.02117261104285717,0,2,3,7,2,0,2,0,1,0,1,4
2,9,2,0.008270971477031708,0,0,3,3,3,2,2,1,1,1,1,1
2,9,3,0.009806955233216286,0,0,3,3,3,3,2,1,1,1,1,1
2,9,4,0.00832485780119896,0,0,3,3,3,4,2,1,1,1,1,1
2,9,10,0.03892552852630615,0,0,3,3,3,4,2,2,1,1,1,1
2,9,11,0.04003160819411278,0,0,3,3,3,5,2,2,1,1,1,1
2,9,12,0.012959408573806286,0,0,3,3,3,6,2,2,1,1,1,1
2,9,15,0.021466923877596855,0,0,3,3,3,3,2,3,1,1,1,1
2,9,16,0.06038206070661545,0,0,3,3,3,4,2,3,1,1,1,1
2,9,18,0.0193792711943388,0,0,3,3,3,6,2,3,1,1,1,1
2,9,20,0.11858784407377243,0,0,3,3,3,2,2,4,1,1,1,1
2,9,24,0.06777576357126236,0,0,3,3,3,6,2,4,1,1,1,1
2,9,25,0.012692847289144993,0,0,3,3,3,1,2,5,1,1,1,1
2,9,26,0.006646320223808289,0,0,3,3,3,2,2,5,1,1,1,1
2,9,28,0.014304202981293201,0,0,3,3,3,4,2,5,1,1,1,1
2,9,29,0.00871035922318697,0,0,3,3,3,5,2,5,1,1,1,1
2,9,30,0.003701689885929227,0,0,3,3,3,6,2,5,1,1,1,1
2,9,32,0.003606037702411413,0,0,3,4,3,2,2,2,1,1,1,1
2,9,37,0.01640169695019722,0,0,3,5,3,2,2,2,1,2,1,2
2,9,39,0.3658537268638611,0,0,3,5,3,4,2,4,1,2,1,2
2,9,40,0.14376181364059448,0,0,3,5,3,5,2,5,1,2,1,2
2,9,43,0.004479937721043825,0,1,3,6,3,3,2,0,1,0,1,1
2,9,44,0.0021112533286213875,0,1,3,6,3,4,2,0,1,0,1,1
2,9,46,0.00150861160364002,0,1,3,6,3,6,2,0,1,0,1,1
2,9,47,0.010310397483408451,0,2,3,7,3,0,2,0,1,0,1,4
2,13,2,4.440964403329417e-05,0,0,3,3,1,2,3,1,1,1,1,1
2,13,3,0.000266015442321077,0,0,3,3,1,3,3,1,1,1,1,1
2,13,4,0.0003391140198800713,0,0,3,3,1,4,3,1,1,1,1,1
2,13,10,0.0010957251070067286,0,0,3,3,1,4,3,2,1,1,1,1
2,13,11,0.0009332699119113386,0,0,3,3,1,5,3,2,1,1,1,1
2,13,12,0.00019069173140451312,0,0,3,3,1,6,3,2,1,1,1,1
2,13,15,0.008014068007469177,0,0,3,3,1,3,3,3,1,1,1,1
2,13,16,0.005606150254607201,0,0,3,3,1,4,3,3,1,1,1,1
2,13,18,0.00021148753876332194,0,0,3,3,1,6,3,3,1,1,1,1
2,13,20,0.0007176980725489557,0,0,3,3,1,2,3,4,1,1,1,1
2,13,24,0.000384077662602067,0,0,3,3,1,6,3,4,1,1,1,1
2,13,25,0.00022869832173455507,0,0,3,3,1,1,3,5,1,1,1,1
2,13,26,6.335534271784127e-05,0,0,3,3,1,2,3,5,1,1,1,1
2,13,28,0.0013467181706801057,0,0,3,3,1,4,3,5,1,1,1,1
2,13,29,0.0002963479782920331,0,0,3,3,1,5,3,5,1,1,1,1
2,13,30,1.4415513760468457e-05,0,0,3,3,1,6,3,5,1,1,1,1
2,13,32,0.0002660056052263826,0,0,3,4,1,2,3,2,1,1,1,1
2,13,37,0.00025360428844578564,0,0,3,5,1,2,3,2,1,2,1,2
2,13,39,0.9559972286224365,0,0,3,5,1,4,3,4,1,2,1,2
2,13,40,0.02276095747947693,0,0,3,5,1,5,3,5,1,2,1,2
2,13,43,2.807567761919927e-05,0,1,3,6,1,3,3,0,1,0,1,1
2,13,44,0.0007188513409346342,0,1,3,6,1,4,3,0,1,0,1,1
2,13,46,7.848830136936158e-06,0,1,3,6,1,6,3,0,1,0,1,1
2,13,47,0.00021557447325903922,0,2,3,7,1,0,3,0,1,0,1,4
2,14,2,3.785870285355486e-05,0,0,3,3,2,2,3,1,1,1,1,1
2,14,3,0.00045192576362751424,0,0,3,3,2,3,3,1,1,1,1,1
2,14,4,0.0003140235785394907,0,0,3,3,2,4,3,1,1,1,1,1
2,14,10,0.0030876221135258675,0,0,3,3,2,4,3,2,1,1,1,1
2,14,11,0.002363288076594472,0,0,3,3,2,5,3,2,1,1,1,1
2,14,12,0.00022224175336305052,0,0,3,3,2,6,3,2,1,1,1,1
2,14,15,0.020352555438876152,0,0,3,3,2,3,3,3,1,1,1,1
2,14,16,0.007922382093966007,0,0,3,3,2,4,3,3,1,1,1,1
2,14,18,0.00045277844765223563,0,0,3,3,2,6,3,3,1,1,1,1
2,14,20,0.0009056101553142071,0,0,3,3,2,2,3,4,1,1,1,1
2,14,24,0.0002499476249795407,0,0,3,3,2,6,3,4,1,1,1,1
2,14,25,0.0006072635878808796,0,0,3,3,2,1,3,5,1,1,1,1
2,14,26,0.00017607343033887446,0,0,3,3,2,2,3,5,1,1,1,1
2,14,28,0.005160979460924864,0,0,3,3,2,4,3,5,1,1,1,1
2,14,29,0.001958567416295409,0,0,3,3,2,5,3,5,1,1,1,1
2,14,30,1.9260371118434705e-05,0,0,3,3,2,6,3,5,1,1,1,1
2,14,32,0.0004482267831917852,0,0,3,4,2,2,3,2,1,1,1,1
2,14,37,0.0007708166376687586,0,0,3,5,2,2,3,2,1,2,1,2
2,14,39,0.7532227039337158,0,0,3,5,2,4,3,4,1,2,1,2
2,14,40,0.2005886286497116,0,0,3,5,2,5,3,5,1,2,1,2
2,14,43,3.099755122093484e-05,0,1,3,6,2,3,3,0,1,0,1,1
2,14,44,0.0005717173917219043,0,1,3,6,2,4,3,0,1,0,1,1
2,14,46,9.132565537584014e-06,0,1,3,6,2,6,3,0,1,0,1,1
2,14,47,7.622458360856399e-05,0,2,3,7,2,0,3,0,1,0,1,4
2,17,2,0.008409079164266586,0,0,3,3,5,2,3,1,1,1,1,1
2,17,3,0.011141611263155937,0,0,3,3,5,3,3,1,1,1,1,1
2,17,4,0.061748456209897995,0,0,3,3,5,4,3,1,1,1,1,1
2,17,10,0.1805037558078766,0,0,3,3,5,4,3,2,1,1,1,1
2,17,11,0.05033055692911148,0,0,3,3,5,5,3,2,1,1,1,1
2,17,12,0.009467791765928268,0,0,3,3,5,6,3,2,1,1,1,1
2,17,15,0.03064722940325737,0,0,3,3,5,3,3,3,1,1,1,1
2,17,16,0.04344864562153816,0,0,3,3,5,4,3,3,1,1,1,1
2,17,18,0.004774449393153191,0,0,3,3,5,6,3,3,1,1,1,1
2,17,20,0.0687774121761322,0,0,3,3,5,2,3,4,1,1,1,1
2,17,24,0.004850706551223993,0,0,3,3,5,6,3,4,1,1,1,1
2,17,25,0.11692610383033752,0,0,3,3,5,1,3,5,1,1,1,1
2,17,26,0.013156631961464882,0,0,3,3,5,2,3,5,1,1,1,1
2,17,28,0.1454375684261322,0,0,3,3,5,4,3,5,1,1,1,1
2,17,29,0.03495163097977638,0,0,3,3,5,5,3,5,1,1,1,1
2,17,30,0.0030363360419869423,0,0,3,3,5,6,3,5,1,1,1,1
2,17,32,0.01277976669371128,0,0,3,4,5,2,3,2,1,1,1,1
2,17,37,0.019144294783473015,0,0,3,5,5,2,3,2,1,2,1,2
2,17,39,0.13091342151165009,0,0,3,5,5,4,3,4,1,2,1,2
2,17,40,0.0336139090359211,0,0,3,5,5,5,3,5,1,2,1,2
2,17,43,0.001178378239274025,0,1,3,6,5,3,3,0,1,0,1,1
2,17,44,0.007030426058918238,0,1,3,6,5,4,3,0,1,0,1,1
2,17,46,0.0007256899843923748,0,1,3,6,5,6,3,0,1,0,1,1
2,17,47,0.007006202824413776,0,2,3,7,5,0,3,0,1,0,1,4
2,19,2,0.005480270367115736,0,0,3,3,1,2,4,1,1,1,1,1
2,19,3,0.00125050765927881,0,0,3,3,1,3,4,1,1,1,1,1
2,19,4,0.0042119454592466354,0,0,3,3,1,4,4,1,1,1,1,1
2,19,10,0.005994861945509911,0,0,3,3,1,4,4,2,1,1,1,1
2,19,11,0.020406318828463554,0,0,3,3,1,5,4,2,1,1,1,1
2,19,12,0.0027949700597673655,0,0,3,3,1,6,4,2,1,1,1,1
2,19,15,0.010289199650287628,0,0,3,3,1,3,4,3,1,1,1,1
2,19,16,0.022591887041926384,0,0,3,3,1,4,4,3,1,1,1,1
2,19,18,0.003313786815851927,0,0,3,3,1,6,4,3,1,1,1,1
2,19,20,0.00268093915656209,0,0,3,3,1,2,4,4,1,1,1,1
2,19,24,0.006528766825795174,0,0,3,3,1,6,4,4,1,1,1,1
2,19,25,0.010053174570202827,0,0,3,3,1,1,4,5,1,1,1,1
2,19,26,0.002218544250354171,0,0,3,3,1,2,4,5,1,1,1,1
2,19,28,0.005981441121548414,0,0,3,3,1,4,4,5,1,1,1,1
2,19,29,0.0062034339644014835,0,0,3,3,1,5,4,5,1,1,1,1
2,19,30,0.00065747054759413,0,0,3,3,1,6,4,5,1,1,1,1
2,19,32,0.0011791500728577375,0,0,3,4,1,2,4,2,1,1,1,1
2,19,37,0.006917336490005255,0,0,3,5,1,2,4,2,1,2,1,2
2,19,39,0.268233060836792,0,0,3,5,1,4,4,4,1,2,1,2
2,19,40,0.06825662404298782,0,0,3,5,1,5,4,5,1,2,1,2
2,19,43,0.0015224984381347895,0,1,3,6,1,3,4,0,1,0,1,1
2,19,44,0.020856235176324844,0,1,3,6,1,4,4,0,1,0,1,1
2,19,46,0.002544992370530963,0,1,3,6,1,6,4,0,1,0,1,1
2,19,47,0.5198327898979187,0,2,3,7,1,0,4,0,1,0,1,4
2,21,2,0.03376982361078262,0,0,3,3,3,2,4,1,1,1,1,1
2,21,3,0.02891862764954567,0,0,3,3,3,3,4,1,1,1,1,1
2,21,4,0.06229647994041443,0,0,3,3,3,4,4,1,1,1,1,1
2,21,10,0.02974928729236126,0,0,3,3,3,4,4,2,1,1,1,1
2,21,11,0.07512447237968445,0,0,3,3,3,5,4,2,1,1,1,1
2,21,12,0.027398766949772835,0,0,3,3,3,6,4,2,1,1,1,1
2,21,15,0.02469351701438427,0,0,3,3,3,3,4,3,1,1,1,1
2,21,16,0.1002311110496521,0,0,3,3,3,4,4,3,1,1,1,1
2,21,18,0.01897350139915943,0,0,3,3,3,6,4,3,1,1,1,1
2,21,20,0.022379299625754356,0,0,3,3,3,2,4,4,1,1,1,1
2,21,24,0.015020832419395447,0,0,3,3,3,6,4,4,1,1,1,1
2,21,25,0.014107664115726948,0,0,3,3,3,1,4,5,1,1,1,1
2,21,26,0.004376132506877184,0,0,3,3,3,2,4,5,1,1,1,1
2,21,28,0.00565315829589963,0,0,3,3,3,4,4,5,1,1,1,1
2,21,29,0.004586219787597656,0,0,3,3,3,5,4,5,1,1,1,1
2,21,30,0.0020252654794603586,0,0,3,3,3,6,4,5,1,1,1,1
2,21,32,0.001461933832615614,0,0,3,4,3,2,4,2,1,1,1,1
2,21,37,0.014957981184124947,0,0,3,5,3,2,4,2,1,2,1,2
2,21,39,0.15532737970352173,0,0,3,5,3,4,4,4,1,2,1,2
2,21,40,0.03354358300566673,0,0,3,5,3,5,4,5,1,2,1,2
2,21,43,0.011326398700475693,0,1,3,6,3,3,4,0,1,0,1,1
2,21,44,0.014910432510077953,0,1,3,6,3,4,4,0,1,0,1,1
2,21,46,0.0027386515866965055,0,1,3,6,3,6,4,0,1,0,1,1
2,21,47,0.2964295446872711,0,2,3,7,3,0,4,0,1,0,1,4
2,22,2,0.007562237326055765,0,0,3,3,4,2,4,1,1,1,1,1
2,22,3,0.0011027792934328318,0,0,3,3,4,3,4,1,1,1,1,1
2,22,4,0.0018216308671981096,0,0,3,3,4,4,4,1,1,1,1,1
2,22,10,0.0031380020081996918,0,0,3,3,4,4,4,2,1,1,1,1
2,22,11,0.02367475815117359,0,0,3,3,4,5,4,2,1,1,1,1
2,22,12,0.0030912726651877165,0,0,3,3,4,6,4,2,1,1,1,1
2,22,15,0.0011467941803857684,0,0,3,3,4,3,4,3,1,1,1,1
2,22,16,0.0024110223166644573,0,0,3,3,4,4,4,3,1,1,1,1
2,22,18,0.0017426074482500553,0,0,3,3,4,6,4,3,1,1,1,1
2,22,20,0.0019680755212903023,0,0,3,3,4,2,4,4,1,1,1,1
2,22,24,0.003595698159188032,0,0,3,3,4,6,4,4,1,1,1,1
2,22,25,0.009144275449216366,0,0,3,3,4,1,4,5,1,1,1,1
2,22,26,0.001422002213075757,0,0,3,3,4,2,4,5,1,1,1,1
2,22,28,0.0008062286651693285,0,0,3,3,4,4,4,5,1,1,1,1
2,22,29,0.004036435857415199,0,0,3,3,4,5,4,5,1,1,1,1
2,22,30,0.0014043693663552403,0,0,3,3,4,6,4,5,1,1,1,1
2,22,32,0.00023636170953977853,0,0,3,4,4,2,4,2,1,1,1,1
2,22,37,0.002731889486312866,0,0,3,5,4,2,4,2,1,2,1,2
2,22,39,0.0009789894102141261,0,0,3,5,4,4,4,4,1,2,1,2
2,22,40,0.0016548222629353404,0,0,3,5,4,5,4,5,1,2,1,2
2,22,43,0.0041581145487725735,0,1,3,6,4,3,4,0,1,0,1,1
2,22,44,0.006070540752261877,0,1,3,6,4,4,4,0,1,0,1,1
2,22,46,0.010149819776415825,0,1,3,6,4,6,4,0,1,0,1,1
2,22,47,0.9059505462646484,0,2,3,7,4,0,4,0,1,0,1,4
2,23,2,0.02658725343644619,0,0,3,3,5,2,4,1,1,1,1,1
2,23,3,0.016802361235022545,0,0,3,3,5,3,4,1,1,1,1,1
2,23,4,0.13900808990001678,0,0,3,3,5,4,4,1,1,1,1,1
2,23,10,0.09692960977554321,0,0,3,3,5,4,4,2,1,1,1,1
2,23,11,0.06758670508861542,0,0,3,3,5,5,4,2,1,1,1,1
2,23,12,0.025194672867655754,0,0,3,3,5,6,4,2,1,1,1,1
2,23,15,0.05153806135058403,0,0,3,3,5,3,4,3,1,1,1,1
2,23,16,0.13254417479038239,0,0,3,3,5,4,4,3,1,1,1,1
2,23,18,0.008087687194347382,0,0,3,3,5,6,4,3,1,1,1,1
2,23,20,0.012142710387706757,0,0,3,3,5,2,4,4,1,1,1,1
2,23,24,0.001844277256168425,0,0,3,3,5,6,4,4,1,1,1,1
2,23,25,0.05340053141117096,0,0,3,3,5,1,4,5,1,1,1,1
2,23,26,0.007137986831367016,0,0,3,3,5,2,4,5,1,1,1,1
2,23,28,0.03626706078648567,0,0,3,3,5,4,4,5,1,1,1,1
2,23,29,0.012111038900911808,0,0,3,3,5,5,4,5,1,1,1,1
2,23,30,0.0006878988351672888,0,0,3,3,5,6,4,5,1,1,1,1
2,23,32,0.0011434953194111586,0,0,3,4,5,2,4,2,1,1,1,1
2,23,37,0.016318203881382942,0,0,3,5,5,2,4,2,1,2,1,2
2,23,39,0.06681296229362488,0,0,3,5,5,4,4,4,1,2,1,2
2,23,40,0.03838707506656647,0,0,3,5,5,5,4,5,1,2,1,2
2,23,43,0.008334330283105373,0,1,3,6,5,3,4,0,1,0,1,1
2,23,44,0.034680310636758804,0,1,3,6,5,4,4,0,1,0,1,1
2,23,46,0.0018491651862859726,0,1,3,6,5,6,4,0,1,0,1,1
2,23,47,0.14460428059101105,0,2,3,7,5,0,4,0,1,0,1,4
2,27,2,0.007137016858905554,0,0,3,3,3,2,5,1,1,1,1,1
2,27,3,0.0166231207549572,0,0,3,3,3,3,5,1,1,1,1,1
2,27,4,0.01669924147427082,0,0,3,3,3,4,5,1,1,1,1,1
2,27,10,0.015337848104536533,0,0,3,3,3,4,5,2,1,1,1,1
2,27,11,0.03232293948531151,0,0,3,3,3,5,5,2,1,1,1,1
2,27,12,0.005875610746443272,0,0,3,3,3,6,5,2,1,1,1,1
2,27,15,0.05971045419573784,0,0,3,3,3,3,5,3,1,1,1,1
2,27,16,0.03630123287439346,0,0,3,3,3,4,5,3,1,1,1,1
2,27,18,0.010180647484958172,0,0,3,3,3,6,5,3,1,1,1,1
2,27,20,0.02234031818807125,0,0,3,3,3,2,5,4,1,1,1,1
2,27,24,0.006374671123921871,0,0,3,3,3,6,5,4,1,1,1,1
2,27,25,0.008207770995795727,0,0,3,3,3,1,5,5,1,1,1,1
2,27,26,0.007340691052377224,0,0,3,3,3,2,5,5,1,1,1,1
2,27,28,0.012364242225885391,0,0,3,3,3,4,5,5,1,1,1,1
2,27,29,0.027140403166413307,0,0,3,3,3,5,5,5,1,1,1,1
2,27,30,0.001121329260058701,0,0,3,3,3,6,5,5,1,1,1,1
2,27,32,0.0023128187749534845,0,0,3,4,3,2,5,2,1,1,1,1
2,27,37,0.010395035147666931,0,0,3,5,3,2,5,2,1,2,1,2
2,27,39,0.3095029294490814,0,0,3,5,3,4,5,4,1,2,1,2
2,27,40,0.3602835536003113,0,0,3,5,3,5,5,5,1,2,1,2
2,27,43,0.007455193903297186,0,1,3,6,3,3,5,0,1,0,1,1
2,27,44,0.011450590565800667,0,1,3,6,3,4,5,0,1,0,1,1
2,27,46,0.0014691036194562912,0,1,3,6,3,6,5,0,1,0,1,1
2,27,47,0.012053540907800198,0,2,3,7,3,0,5,0,1,0,1,4
2,31,2,0.00033803057158365846,0,0,4,3,1,2,1,1,1,1,1,1
2,31,3,0.000771286606322974,0,0,4,3,1,3,1,1,1,1,1,1
2,31,4,0.0020230377558618784,0,0,4,3,1,4,1,1,1,1,1,1
2,31,10,0.0010261755669489503,0,0,4,3,1,4,1,2,1,1,1,1
2,31,11,0.0018060303991660476,0,0,4,3,1,5,1,2,1,1,1,1
2,31,12,0.0004745636251755059,0,0,4,3,1,6,1,2,1,1,1,1
2,31,15,0.007433496881276369,0,0,4,3,1,3,1,3,1,1,1,1
2,31,16,0.0032143269199877977,0,0,4,3,1,4,1,3,1,1,1,1
2,31,18,0.00039110914804041386,0,0,4,3,1,6,1,3,1,1,1,1
2,31,20,0.002167142927646637,0,0,4,3,1,2,1,4,1,1,1,1
2,31,24,0.0019293889636173844,0,0,4,3,1,6,1,4,1,1,1,1
2,31,25,0.0010936637409031391,0,0,4,3,1,1,1,5,1,1,1,1
2,31,26,0.0008285617223009467,0,0,4,3,1,2,1,5,1,1,1,1
2,31,28,0.00277436594478786,0,0,4,3,1,4,1,5,1,1,1,1
2,31,29,0.0017031165771186352,0,0,4,3,1,5,1,5,1,1,1,1
2,31,30,0.00023293431149795651,0,0,4,3,1,6,1,5,1,1,1,1
2,31,32,0.0022285457234829664,0,0,4,4,1,2,1,2,1,1,1,1
2,31,37,0.0017669338267296553,0,0,4,5,1,2,1,2,1,2,1,2
2,31,39,0.9226926565170288,0,0,4,5,1,4,1,4,1,2,1,2
2,31,40,0.022041022777557373,0,0,4,5,1,5,1,5,1,2,1,2
2,31,43,0.00043457941501401365,0,1,4,6,1,3,1,0,1,0,1,1
2,31,44,0.01372207049280405,0,1,4,6,1,4,1,0,1,0,1,1
2,31,46,0.00017180992290377617,0,1,4,6,1,6,1,0,1,0,1,1
2,31,47,0.008734939619898796,0,2,4,7,1,0,1,0,1,0,1,4
2,33,2,0.003202883992344141,0,0,4,3,3,2,3,1,1,1,1,1
2,33,3,0.008111470378935337,0,0,4,3,3,3,3,1,1,1,1,1
2,33,4,0.026974549517035484,0,0,4,3,3,4,3,1,1,1,1,1
2,33,10,0.017516888678073883,0,0,4,3,3,4,3,2,1,1,1,1
2,33,11,0.01872025802731514,0,0,4,3,3,5,3,2,1,1,1,1
2,33,12,0.0009249825379811227,0,0,4,3,3,6,3,2,1,1,1,1
2,33,15,0.021197065711021423,0,0,4,3,3,3,3,3,1,1,1,1
2,33,16,0.06924963742494583,0,0,4,3,3,4,3,3,1,1,1,1
2,33,18,0.0011813719756901264,0,0,4,3,3,6,3,3,1,1,1,1
2,33,20,0.054920606315135956,0,0,4,3,3,2,3,4,1,1,1,1
2,33,24,0.0066980537958443165,0,0,4,3,3,6,3,4,1,1,1,1
2,33,25,0.019790109246969223,0,0,4,3,3,1,3,5,1,1,1,1
2,33,26,0.004072004463523626,0,0,4,3,3,2,3,5,1,1,1,1
2,33,28,0.010986711829900742,0,0,4,3,3,4,3,5,1,1,1,1
2,33,29,0.025048183277249336,0,0,4,3,3,5,3,5,1,1,1,1
2,33,30,0.00018412967619951814,0,0,4,3,3,6,3,5,1,1,1,1
2,33,32,0.001935789710842073,0,0,4,4,3,2,3,2,1,1,1,1
2,33,37,0.005713902413845062,0,0,4,5,3,2,3,2,1,2,1,2
2,33,39,0.5454187989234924,0,0,4,5,3,4,3,4,1,2,1,2
2,33,40,0.14441241323947906,0,0,4,5,3,5,3,5,1,2,1,2
2,33,43,0.0003424468159209937,0,1,4,6,3,3,3,0,1,0,1,1
2,33,44,0.00174440979026258,0,1,4,6,3,4,3,0,1,0,1,1
2,33,46,5.801647057523951e-05,0,1,4,6,3,6,3,0,1,0,1,1
2,33,47,0.011594805866479874,0,2,4,7,3,0,3,0,1,0,1,4
2,34,2,0.006609976291656494,0,0,4,3,4,2,4,1,1,1,1,1
2,34,3,0.00039860079414211214,0,0,4,3,4,3,4,1,1,1,1,1
2,34,4,0.0033062505535781384,0,0,4,3,4,4,4,1,1,1,1,1
2,34,10,0.002788237761706114,0,0,4,3,4,4,4,2,1,1,1,1
2,34,11,0.008556162938475609,0,0,4,3,4,5,4,2,1,1,1,1
2,34,12,0.001208878355100751,0,0,4,3,4,6,4,2,1,1,1,1
2,34,15,0.0002368040441069752,0,0,4,3,4,3,4,3,1,1,1,1
2,34,16,0.002401708159595728,0,0,4,3,4,4,4,3,1,1,1,1
2,34,18,0.0011698445305228233,0,0,4,3,4,6,4,3,1,1,1,1
2,34,20,0.006120777688920498,0,0,4,3,4,2,4,4,1,1,1,1
2,34,24,0.008210428059101105,0,0,4,3,4,6,4,4,1,1,1,1
2,34,25,0.008171798661351204,0,0,4,3,4,1,4,5,1,1,1,1
2,34,26,0.0019400250166654587,0,0,4,3,4,2,4,5,1,1,1,1
2,34,28,0.0005182927125133574,0,0,4,3,4,4,4,5,1,1,1,1
2,34,29,0.001936656073667109,0,0,4,3,4,5,4,5,1,1,1,1
2,34,30,0.0008936174563132226,0,0,4,3,4,6,4,5,1,1,1,1
2,34,32,0.00013871445844415575,0,0,4,4,4,2,4,2,1,1,1,1
2,34,37,0.009201391600072384,0,0,4,5,4,2,4,2,1,2,1,2
2,34,39,0.005770117975771427,0,0,4,5,4,4,4,4,1,2,1,2
2,34,40,0.002311306307092309,0,0,4,5,4,5,4,5,1,2,1,2
2,34,43,0.007191573269665241,0,1,4,6,4,3,4,0,1,0,1,1
2,34,44,0.013728376477956772,0,1,4,6,4,4,4,0,1,0,1,1
2,34,46,0.0043576802127063274,0,1,4,6,4,6,4,0,1,0,1,1
2,34,47,0.90283203125,0,2,4,7,4,0,4,0,1,0,1,4
2,35,2,0.010745363309979439,0,0,4,3,5,2,5,1,1,1,1,1
2,35,3,0.030009781941771507,0,0,4,3,5,3,5,1,1,1,1,1
2,35,4,0.34941157698631287,0,0,4,3,5,4,5,1,1,1,1,1
2,35,10,0.027466457337141037,0,0,4,3,5,4,5,2,1,1,1,1
2,35,11,0.012633347883820534,0,0,4,3,5,5,5,2,1,1,1,1
2,35,12,0.012357411906123161,0,0,4,3,5,6,5,2,1,1,1,1
2,35,15,0.03446069732308388,0,0,4,3,5,3,5,3,1,1,1,1
2,35,16,0.07971324771642685,0,0,4,3,5,4,5,3,1,1,1,1
2,35,18,0.005414776969701052,0,0,4,3,5,6,5,3,1,1,1,1
2,35,20,0.02966436557471752,0,0,4,3,5,2,5,4,1,1,1,1
2,35,24,0.003484959015622735,0,0,4,3,5,6,5,4,1,1,1,1
2,35,25,0.010283024981617928,0,0,4,3,5,1,5,5,1,1,1,1
2,35,26,0.013009564951062202,0,0,4,3,5,2,5,5,1,1,1,1
2,35,28,0.015263442881405354,0,0,4,3,5,4,5,5,1,1,1,1
2,35,29,0.007514806464314461,0,0,4,3,5,5,5,5,1,1,1,1
2,35,30,0.0008104684529826045,0,0,4,3,5,6,5,5,1,1,1,1
2,35,32,0.003221247112378478,0,0,4,4,5,2,5,2,1,1,1,1
2,35,37,0.02270331233739853,0,0,4,5,5,2,5,2,1,2,1,2
2,35,39,0.1810491979122162,0,0,4,5,5,4,5,4,1,2,1,2
2,35,40,0.019567053765058517,0,0,4,5,5,5,5,5,1,2,1,2
2,35,43,0.018213123083114624,0,1,4,6,5,3,5,0,1,0,1,1
2,35,44,0.05646614357829094,0,1,4,6,5,4,5,0,1,0,1,1
2,35,46,0.0008160505094565451,0,1,4,6,5,6,5,0,1,0,1,1
2,35,47,0.05572035536170006,0,2,4,7,5,0,5,0,1,0,1,4
2,36,2,2.6426443582749926e-05,0,0,5,3,1,2,1,1,2,1,2,1
2,36,3,0.00017837373889051378,0,0,5,3,1,3,1,1,2,1,2,1
2,36,4,0.000522350543178618,0,0,5,3,1,4,1,1,2,1,2,1
2,36,10,0.0026908761356025934,0,0,5,3,1,4,1,2,2,1,2,1
2,36,11,0.001105646719224751,0,0,5,3,1,5,1,2,2,1,2,1
2,36,12,4.273020749678835e-05,0,0,5,3,1,6,1,2,2,1,2,1
2,36,15,0.00923056248575449,0,0,5,3,1,3,1,3,2,1,2,1
2,36,16,0.0022074298467487097,0,0,5,3,1,4,1,3,2,1,2,1
2,36,18,6.764350837329403e-05,0,0,5,3,1,6,1,3,2,1,2,1
2,36,20,0.001211390714161098,0,0,5,3,1,2,1,4,2,1,2,1
2,36,24,3.0590075766667724e-05,0,0,5,3,1,6,1,4,2,1,2,1
2,36,25,0.0003452608361840248,0,0,5,3,1,1,1,5,2,1,2,1
2,36,26,0.00015511967649217695,0,0,5,3,1,2,1,5,2,1,2,1
2,36,28,0.004599185660481453,0,0,5,3,1,4,1,5,2,1,2,1
2,36,29,0.0016557076014578342,0,0,5,3,1,5,1,5,2,1,2,1
2,36,30,1.8800735688273562e-06,0,0,5,3,1,6,1,5,2,1,2,1
2,36,32,7.32713015167974e-05,0,0,5,4,1,2,1,2,2,1,2,1
2,36,37,0.0003076460852753371,0,0,5,5,1,2,1,2,2,2,2,2
2,36,39,0.8434401750564575,0,0,5,5,1,4,1,4,2,2,2,2
2,36,40,0.132005512714386,0,0,5,5,1,5,1,5,2,2,2,2
2,36,43,4.1258722376369406e-06,0,1,5,6,1,3,1,0,2,0,2,1
2,36,44,7.821508916094899e-05,0,1,5,6,1,4,1,0,2,0,2,1
2,36,46,6.663511840088177e-07,0,1,5,6,1,6,1,0,2,0,2,1
2,36,47,1.988778603845276e-05,0,2,5,7,1,0,1,0,2,0,2,4
2,38,2,0.00011114566586911678,0,0,5,3,3,2,3,1,2,1,2,1
2,38,3,0.002354489639401436,0,0,5,3,3,3,3,1,2,1,2,1
2,38,4,0.004837366286665201,0,0,5,3,3,4,3,1,2,1,2,1
2,38,10,0.003911469131708145,0,0,5,3,3,4,3,2,2,1,2,1
2,38,11,0.002215781481936574,0,0,5,3,3,5,3,2,2,1,2,1
2,38,12,5.497617166838609e-05,0,0,5,3,3,6,3,2,2,1,2,1
2,38,15,0.015205425210297108,0,0,5,3,3,3,3,3,2,1,2,1
2,38,16,0.018969794735312462,0,0,5,3,3,4,3,3,2,1,2,1
2,38,18,0.00020746381778735667,0,0,5,3,3,6,3,3,2,1,2,1
2,38,20,0.008340982720255852,0,0,5,3,3,2,3,4,2,1,2,1
2,38,24,0.00024048725026659667,0,0,5,3,3,6,3,4,2,1,2,1
2,38,25,0.0012985634384676814,0,0,5,3,3,1,3,5,2,1,2,1
2,38,26,0.0006964231142774224,0,0,5,3,3,2,3,5,2,1,2,1
2,38,28,0.0035552559420466423,0,0,5,3,3,4,3,5,2,1,2,1
2,38,29,0.012144956737756729,0,0,5,3,3,5,3,5,2,1,2,1
2,38,30,5.826655979035422e-06,0,0,5,3,3,6,3,5,2,1,2,1
2,38,32,0.00034666419378481805,0,0,5,4,3,2,3,2,2,1,2,1
2,38,37,0.001274880487471819,0,0,5,5,3,2,3,2,2,2,2,2
2,38,39,0.6642815470695496,0,0,5,5,3,4,3,4,2,2,2,2
2,38,40,0.25960323214530945,0,0,5,5,3,5,3,5,2,2,2,2
2,38,43,2.7701838916982524e-05,0,1,5,6,3,3,3,0,2,0,2,1
2,38,44,0.000244662631303072,0,1,5,6,3,4,3,0,2,0,2,1
2,38,46,1.4061885167393484e-06,0,1,5,6,3,6,3,0,2,0,2,1
2,38,47,6.94826667313464e-05,0,2,5,7,3,0,3,0,2,0,2,4
2,41,2,0.004974709823727608,1,0,6,3,1,2,0,1,0,1,1,1
2,41,3,0.01231683511286974,1,0,6,3,1,3,0,1,0,1,1,1
2,41,4,0.028157170861959457,1,0,6,3,1,4,0,1,0,1,1,1
2,41,10,0.010786342434585094,1,0,6,3,1,4,0,2,0,1,1,1
2,41,11,0.004465607926249504,1,0,6,3,1,5,0,2,0,1,1,1
2,41,12,0.0024637505412101746,1,0,6,3,1,6,0,2,0,1,1,1
2,41,15,0.024277331307530403,1,0,6,3,1,3,0,3,0,1,1,1
2,41,16,0.04869532957673073,1,0,6,3,1,4,0,3,0,1,1,1
2,41,18,0.007649427745491266,1,0,6,3,1,6,0,3,0,1,1,1
2,41,20,0.015375200659036636,1,0,6,3,1,2,0,4,0,1,1,1
2,41,24,0.008331761695444584,1,0,6,3,1,6,0,4,0,1,1,1
2,41,25,0.005618799477815628,1,0,6,3,1,1,0,5,0,1,1,1
2,41,26,0.00942330714315176,1,0,6,3,1,2,0,5,0,1,1,1
2,41,28,0.016419123858213425,1,0,6,3,1,4,0,5,0,1,1,1
2,41,29,0.014941008761525154,1,0,6,3,1,5,0,5,0,1,1,1
2,41,30,0.001460354425944388,1,0,6,3,1,6,0,5,0,1,1,1
2,41,32,0.01725584827363491,1,0,6,4,1,2,0,2,0,1,1,1
2,41,37,0.016593052074313164,1,0,6,5,1,2,0,2,0,2,1,2
2,41,39,0.5859249830245972,1,0,6,5,1,4,0,4,0,2,1,2
2,41,40,0.15763945877552032,1,0,6,5,1,5,0,5,0,2,1,2
2,41,43,0.001238103024661541,1,1,6,6,1,3,0,0,0,0,1,1
2,41,44,0.004335051868110895,1,1,6,6,1,4,0,0,0,0,1,1
2,41,46,0.0004237072716932744,1,1,6,6,1,6,0,0,0,0,1,1
2,41,47,0.0012342241825535893,1,2,6,7,1,0,0,0,0,0,1,4
2,42,2,0.02458980306982994,1,0,6,3,2,2,0,1,0,1,1,1
2,42,3,0.03423285111784935,1,0,6,3,2,3,0,1,0,1,1,1
2,42,4,0.3792000114917755,1,0,6,3,2,4,0,1,0,1,1,1
2,42,10,0.056829020380973816,1,0,6,3,2,4,0,2,0,1,1,1
2,42,11,0.009494978934526443,1,0,6,3,2,5,0,2,0,1,1,1
2,42,12,0.011319883167743683,1,0,6,3,2,6,0,2,0,1,1,1
2,42,15,0.030888261273503304,1,0,6,3,2,3,0,3,0,1,1,1
2,42,16,0.05201411992311478,1,0,6,3,2,4,0,3,0,1,1,1
2,42,18,0.004906124901026487,1,0,6,3,2,6,0,3,0,1,1,1
2,42,20,0.02011498063802719,1,0,6,3,2,2,0,4,0,1,1,1
2,42,24,0.0035833604633808136,1,0,6,3,2,6,0,4,0,1,1,1
2,42,25,0.04728030785918236,1,0,6,3,2,1,0,5,0,1,1,1
2,42,26,0.048906050622463226,1,0,6,3,2,2,0,5,0,1,1,1
2,42,28,0.08410139381885529,1,0,6,3,2,4,0,5,0,1,1,1
2,42,29,0.0343438982963562,1,0,6,3,2,5,0,5,0,1,1,1
2,42,30,0.004306149668991566,1,0,6,3,2,6,0,5,0,1,1,1
2,42,32,0.04692666605114937,1,0,6,4,2,2,0,2,0,1,1,1
2,42,37,0.03166317567229271,1,0,6,5,2,2,0,2,0,2,1,2
2,42,39,0.03574163466691971,1,0,6,5,2,4,0,4,0,2,1,2
2,42,40,0.011473709717392921,1,0,6,5,2,5,0,5,0,2,1,2
2,42,43,0.0022313231602311134,1,1,6,6,2,3,0,0,0,0,1,1
2,42,44,0.01144259050488472,1,1,6,6,2,4,0,0,0,0,1,1
2,42,46,0.0013364303158596158,1,1,6,6,2,6,0,0,0,0,1,1
2,42,47,0.013073483482003212,1,2,6,7,2,0,0,0,0,0,1,4
2,45,2,0.027240030467510223,1,0,6,3,5,2,0,1,0,1,1,1
2,45,3,0.03359581530094147,1,0,6,3,5,3,0,1,0,1,1,1
2,45,4,0.5936889052391052,1,0,6,3,5,4,0,1,0,1,1,1
2,45,10,0.07016259431838989,1,0,6,3,5,4,0,2,0,1,1,1
2,45,11,0.0049204034730792046,1,0,6,3,5,5,0,2,0,1,1,1
2,45,12,0.007578419521450996,1,0,6,3,5,6,0,2,0,1,1,1
2,45,15,0.012123237363994122,1,0,6,3,5,3,0,3,0,1,1,1
2,45,16,0.07856302708387375,1,0,6,3,5,4,0,3,0,1,1,1
2,45,18,0.0062244045548141,1,0,6,3,5,6,0,3,0,1,1,1
2,45,20,0.016560254618525505,1,0,6,3,5,2,0,4,0,1,1,1
2,45,24,0.001299752271734178,1,0,6,3,5,6,0,4,0,1,1,1
2,45,25,0.027959097176790237,1,0,6,3,5,1,0,5,0,1,1,1
2,45,26,0.0158049538731575,1,0,6,3,5,2,0,5,0,1,1,1
2,45,28,0.04101082682609558,1,0,6,3,5,4,0,5,0,1,1,1
2,45,29,0.00842899177223444,1,0,6,3,5,5,0,5,0,1,1,1
2,45,30,0.001760459621436894,1,0,6,3,5,6,0,5,0,1,1,1
2,45,32,0.009479450061917305,1,0,6,4,5,2,0,2,0,1,1,1
2,45,37,0.01339669805020094,1,0,6,5,5,2,0,2,0,2,1,2
2,45,39,0.013507846742868423,1,0,6,5,5,4,0,4,0,2,1,2
2,45,40,0.010576787404716015,1,0,6,5,5,5,0,5,0,2,1,2
2,45,43,0.0015088316285982728,1,1,6,6,5,3,0,0,0,0,1,1
2,45,44,0.003598431358113885,1,1,6,6,5,4,0,0,0,0,1,1
2,45,46,0.00023795176821295172,1,1,6,6,5,6,0,0,0,0,1,1
2,45,47,0.0007724473252892494,1,2,6,7,5,0,0,0,0,0,1,4
3,2,0,0.023972542956471443,0,0,3,1,2,0,1,0,1,2,1,4
3,2,1,0.0008421846432611346,0,0,3,3,2,1,1,1,1,1,1,1
3,2,5,0.009878293611109257,0,0,3,3,2,5,1,1,1,1,1,1
3,2,6,0.02064885012805462,0,0,3,3,2,6,1,1,1,1,1,1
3,2,7,0.001847247825935483,0,0,3,3,2,1,1,2,1,1,1,1
3,2,8,0.028262298554182053,0,0,3,3,2,2,1,2,1,1,1,1
3,2,9,0.015817774459719658,0,0,3,3,2,3,1,2,1,1,1,1
3,2,13,0.01370229758322239,0,0,3,3,2,1,1,3,1,1,1,1
3,2,14,0.265802264213562,0,0,3,3,2,2,1,3,1,1,1,1
3,2,17,0.27076131105422974,0,0,3,3,2,5,1,3,1,1,1,1
3,2,19,0.026252279058098793,0,0,3,3,2,1,1,4,1,1,1,1
3,2,21,0.03313254565000534,0,0,3,3,2,3,1,4,1,1,1,1
3,2,22,0.0002893515338655561,0,0,3,3,2,4,1,4,1,1,1,1
3,2,23,0.013433828949928284,0,0,3,3,2,5,1,4,1,1,1,1
3,2,27,0.025272587314248085,0,0,3,3,2,3,1,5,1,1,1,1
3,2,31,0.0005169684300199151,0,0,3,4,2,1,1,1,1,1,1,1
3,2,33,0.16372723877429962,0,0,3,4,2,3,1,3,1,1,1,1
3,2,34,0.0001990456075873226,0,0,3,4,2,4,1,4,1,1,1,1
3,2,35,0.03355575352907181,0,0,3,4,2,5,1,5,1,1,1,1
3,2,36,0.002355162287130952,0,0,3,5,2,1,1,1,1,2,1,2
3,2,38,0.03594823554158211,0,0,3,5,2,3,1,3,1,2,1,2
3,2,41,0.00045220679021440446,0,1,3,6,2,1,1,0,1,0,1,1
3,2,42,0.008260595612227917,0,1,3,6,2,2,1,0,1,0,1,1
3,2,45,0.005069021601229906,0,1,3,6,2,5,1,0,1,0,1,1
3,3,0,0.02424905262887478,0,0,3,1,3,0,1,0,1,2,1,4
3,3,1,0.004153117071837187,0,0,3,3,3,1,1,1,1,1,1,1
3,3,5,0.0314447358250618,0,0,3,3,3,5,1,1,1,1,1,1
3,3,6,0.03751741349697113,0,0,3,3,3,6,1,1,1,1,1,1
3,3,7,0.006003198679536581,0,0,3,3,3,1,1,2,1,1,1,1
3,3,8,0.03141145408153534,0,0,3,3,3,2,1,2,1,1,1,1
3,3,9,0.024539856240153313,0,0,3,3,3,3,1,2,1,1,1,1
3,3,13,0.03313795104622841,0,0,3,3,3,1,1,3,1,1,1,1
3,3,14,0.1816900223493576,0,0,3,3,3,2,1,3,1,1,1,1
3,3,17,0.20169687271118164,0,0,3,3,3,5,1,3,1,1,1,1
3,3,19,0.025057082995772362,0,0,3,3,3,1,1,4,1,1,1,1
3,3,21,0.025161178782582283,0,0,3,3,3,3,1,4,1,1,1,1
3,3,22,0.0015560835599899292,0,0,3,3,3,4,1,4,1,1,1,1
3,3,23,0.016515621915459633,0,0,3,3,3,5,1,4,1,1,1,1
3,3,27,0.031158635392785072,0,0,3,3,3,3,1,5,1,1,1,1
3,3,31,0.0021702966187149286,0,0,3,4,3,1,1,1,1,1,1,1
3,3,33,0.1853395700454712,0,0,3,4,3,3,1,3,1,1,1,1
3,3,34,0.0022527514956891537,0,0,3,4,3,4,1,4,1,1,1,1
3,3,35,0.059899650514125824,0,0,3,4,3,5,1,5,1,1,1,1
3,3,36,0.007682109251618385,0,0,3,5,3,1,1,1,1,2,1,2
3,3,38,0.047037020325660706,0,0,3,5,3,3,1,3,1,2,1,2
3,3,41,0.0015575680881738663,0,1,3,6,3,1,1,0,1,0,1,1
3,3,42,0.00442882813513279,0,1,3,6,3,2,1,0,1,0,1,1
3,3,45,0.014340068213641644,0,1,3,6,3,5,1,0,1,0,1,1
3,4,0,0.0016253105131909251,0,0,3,1,4,0,1,0,1,2,1,4
3,4,1,1.6144145774887875e-05,0,0,3,3,4,1,1,1,1,1,1,1
3,4,5,8.363561937585473e-05,0,0,3,3,4,5,1,1,1,1,1,1
3,4,6,0.0005705548683181405,0,0,3,3,4,6,1,1,1,1,1,1
3,4,7,8.283527859020978e-05,0,0,3,3,4,1,1,2,1,1,1,1
3,4,8,0.0032303202897310257,0,0,3,3,4,2,1,2,1,1,1,1
3,4,9,0.0018776260549202561,0,0,3,3,4,3,1,2,1,1,1,1
3,4,13,0.0026809079572558403,0,0,3,3,4,1,1,3,1,1,1,1
3,4,14,0.019717423245310783,0,0,3,3,4,2,1,3,1,1,1,1
3,4,17,0.007712812162935734,0,0,3,3,4,5,1,3,1,1,1,1
3,4,19,0.0057481820695102215,0,0,3,3,4,1,1,4,1,1,1,1
3,4,21,0.0014736977173015475,0,0,3,3,4,3,1,4,1,1,1,1
3,4,22,4.348383299657144e-06,0,0,3,3,4,4,1,4,1,1,1,1
3,4,23,0.0003328383027110249,0,0,3,3,4,5,1,4,1,1,1,1
3,4,27,0.001533840666525066,0,0,3,3,4,3,1,5,1,1,1,1
3,4,31,0.00010638840467436239,0,0,3,4,4,1,1,1,1,1,1,1
3,4,33,0.9410174489021301,0,0,3,4,4,3,1,3,1,1,1,1
3,4,34,7.302661742869532e-06,0,0,3,4,4,4,1,4,1,1,1,1
3,4,35,0.0014602775918319821,0,0,3,4,4,5,1,5,1,1,1,1
3,4,36,0.00016099870845209807,0,0,3,5,4,1,1,1,1,2,1,2
3,4,38,0.0034329192712903023,0,0,3,5,4,3,1,3,1,2,1,2
3,4,41,0.0008925415459088981,0,1,3,6,4,1,1,0,1,0,1,1
3,4,42,0.0031797669362276793,0,1,3,6,4,2,1,0,1,0,1,1
3,4,45,0.0030517573468387127,0,1,3,6,4,5,1,0,1,0,1,1
3,10,0,0.07033789902925491,0,0,3,1,4,0,2,0,1,2,1,4
3,10,1,0.013373684138059616,0,0,3,3,4,1,2,1,1,1,1,1
3,10,5,0.026130201295018196,0,0,3,3,4,5,2,1,1,1,1,1
3,10,6,0.04707307741045952,0,0,3,3,4,6,2,1,1,1,1,1
3,10,7,0.014822333119809628,0,0,3,3,4,1,2,2,1,1,1,1
3,10,8,0.055671628564596176,0,0,3,3,4,2,2,2,1,1,1,1
3,10,9,0.0044573466293513775,0,0,3,3,4,3,2,2,1,1,1,1
3,10,13,0.07116232067346573,0,0,3,3,4,1,2,3,1,1,1,1
3,10,14,0.04664134234189987,0,0,3,3,4,2,2,3,1,1,1,1
3,10,17,0.0673556849360466,0,0,3,3,4,5,2,3,1,1,1,1
3,10,19,0.04321620613336563,0,0,3,3,4,1,2,4,1,1,1,1
3,10,21,0.0067807999439537525,0,0,3,3,4,3,2,4,1,1,1,1
3,10,22,0.019899554550647736,0,0,3,3,4,4,2,4,1,1,1,1
3,10,23,0.01973710022866726,0,0,3,3,4,5,2,4,1,1,1,1
3,10,27,0.0035397966857999563,0,0,3,3,4,3,2,5,1,1,1,1
3,10,31,0.006825499702244997,0,0,3,4,4,1,2,1,1,1,1,1
3,10,33,0.020867198705673218,0,0,3,4,4,3,2,3,1,1,1,1
3,10,34,0.022506775334477425,0,0,3,4,4,4,2,4,1,1,1,1
3,10,35,0.017011206597089767,0,0,3,4,4,5,2,5,1,1,1,1
3,10,36,0.020749853923916817,0,0,3,5,4,1,2,1,1,2,1,2
3,10,38,0.010055950842797756,0,0,3,5,4,3,2,3,1,2,1,2
3,10,41,0.07536502182483673,0,1,3,6,4,1,2,0,1,0,1,1
3,10,42,0.13527260720729828,0,1,3,6,4,2,2,0,1,0,1,1
3,10,45,0.18114706873893738,0,1,3,6,4,5,2,0,1,0,1,1
3,11,0,0.011392462067306042,0,0,3,1,5,0,2,0,1,2,1,4
3,11,1,0.009789560921490192,0,0,3,3,5,1,2,1,1,1,1,1
3,11,5,0.03311072662472725,0,0,3,3,5,5,2,1,1,1,1,1
3,11,6,0.047984685748815536,0,0,3,3,5,6,2,1,1,1,1,1
3,11,7,0.012755495496094227,0,0,3,3,5,1,2,2,1,1,1,1
3,11,8,0.02390381321310997,0,0,3,3,5,2,2,2,1,1,1,1
3,11,9,0.02367721125483513,0,0,3,3,5,3,2,2,1,1,1,1
3,11,13,0.06402710825204849,0,0,3,3,5,1,2,3,1,1,1,1
3,11,14,0.08188894391059875,0,0,3,3,5,2,2,3,1,1,1,1
3,11,17,0.11145167797803879,0,0,3,3,5,5,2,3,1,1,1,1
3,11,19,0.04656818509101868,0,0,3,3,5,1,2,4,1,1,1,1
3,11,21,0.04197907820343971,0,0,3,3,5,3,2,4,1,1,1,1
3,11,22,0.02444412186741829,0,0,3,3,5,4,2,4,1,1,1,1
3,11,23,0.029037941247224808,0,0,3,3,5,5,2,4,1,1,1,1
3,11,27,0.027315838262438774,0,0,3,3,5,3,2,5,1,1,1,1
3,11,31,0.011884013190865517,0,0,3,4,5,1,2,1,1,1,1,1
3,11,33,0.1849275529384613,0,0,3,4,5,3,2,3,1,1,1,1
3,11,34,0.020712057128548622,0,0,3,4,5,4,2,4,1,1,1,1
3,11,35,0.0571444146335125,0,0,3,4,5,5,2,5,1,1,1,1
3,11,36,0.023554915562272072,0,0,3,5,5,1,2,1,1,2,1,2
3,11,38,0.08861850947141647,0,0,3,5,5,3,2,3,1,2,1,2
3,11,41,0.003805415239185095,0,1,3,6,5,1,2,0,1,0,1,1
3,11,42,0.006750018335878849,0,1,3,6,5,2,2,0,1,0,1,1
3,11,45,0.01327640749514103,0,1,3,6,5,5,2,0,1,0,1,1
3,12,0,0.033529460430145264,0,0,3,1,6,0,2,0,1,2,1,4
3,12,1,0.010922199115157127,0,0,3,3,6,1,2,1,1,1,1,1
3,12,5,0.11105979233980179,0,0,3,3,6,5,2,1,1,1,1,1
3,12,6,0.25055694580078125,0,0,3,3,6,6,2,1,1,1,1,1
3,12,7,0.0035688525531440973,0,0,3,3,6,1,2,2,1,1,1,1
3,12,8,0.0238477885723114,0,0,3,3,6,2,2,2,1,1,1,1
3,12,9,0.012455755844712257,0,0,3,3,6,3,2,2,1,1,1,1
3,12,13,0.015349015593528748,0,0,3,3,6,1,2,3,1,1,1,1
3,12,14,0.06026472523808479,0,0,3,3,6,2,2,3,1,1,1,1
3,12,17,0.136622816324234,0,0,3,3,6,5,2,3,1,1,1,1
3,12,19,0.011828264221549034,0,0,3,3,6,1,2,4,1,1,1,1
3,12,21,0.020307205617427826,0,0,3,3,6,3,2,4,1,1,1,1
3,12,22,0.08949147164821625,0,0,3,3,6,4,2,4,1,1,1,1
3,12,23,0.025236859917640686,0,0,3,3,6,5,2,4,1,1,1,1
3,12,27,0.010643339715898037,0,0,3,3,6,3,2,5,1,1,1,1
3,12,31,0.0011859657242894173,0,0,3,4,6,1,2,1,1,1,1,1
3,12,33,0.00875131320208311,0,0,3,4,6,3,2,3,1,1,1,1
3,12,34,0.01910730078816414,0,0,3,4,6,4,2,4,1,1,1,1
3,12,35,0.02168230712413788,0,0,3,4,6,5,2,5,1,1,1,1
3,12,36,0.016544297337532043,0,0,3,5,6,1,2,1,1,2,1,2
3,12,38,0.04106869921088219,0,0,3,5,6,3,2,3,1,2,1,2
3,12,41,0.004844621289521456,0,1,3,6,6,1,2,0,1,0,1,1
3,12,42,0.017353830859065056,0,1,3,6,6,2,2,0,1,0,1,1
3,12,45,0.05377691611647606,0,1,3,6,6,5,2,0,1,0,1,1
3,15,0,0.001501516904681921,0,0,3,1,3,0,3,0,1,2,1,4
3,15,1,0.01102045364677906,0,0,3,3,3,1,3,1,1,1,1,1
3,15,5,0.055093858391046524,0,0,3,3,3,5,3,1,1,1,1,1
3,15,6,0.010582306422293186,0,0,3,3,3,6,3,1,1,1,1,1
3,15,7,0.053189024329185486,0,0,3,3,3,1,3,2,1,1,1,1
3,15,8,0.02263506129384041,0,0,3,3,3,2,3,2,1,1,1,1
3,15,9,0.10799175500869751,0,0,3,3,3,3,3,2,1,1,1,1
3,15,13,0.028935309499502182,0,0,3,3,3,1,3,3,1,1,1,1
3,15,14,0.1336938738822937,0,0,3,3,3,2,3,3,1,1,1,1
3,15,17,0.1697310358285904,0,0,3,3,3,5,3,3,1,1,1,1
3,15,19,0.03693510591983795,0,0,3,3,3,1,3,4,1,1,1,1
3,15,21,0.06065604090690613,0,0,3,3,3,3,3,4,1,1,1,1
3,15,22,0.0081696268171072,0,0,3,3,3,4,3,4,1,1,1,1
3,15,23,0.008929513394832611,0,0,3,3,3,5,3,4,1,1,1,1
3,15,27,0.06240871921181679,0,0,3,3,3,3,3,5,1,1,1,1
3,15,31,0.03243373706936836,0,0,3,4,3,1,3,1,1,1,1,1
3,15,33,0.09054955095052719,0,0,3,4,3,3,3,3,1,1,1,1
3,15,34,0.008848625235259533,0,0,3,4,3,4,3,4,1,1,1,1
3,15,35,0.04113280028104782,0,0,3,4,3,5,3,5,1,1,1,1
3,15,36,0.01668001525104046,0,0,3,5,3,1,3,1,1,2,1,2
3,15,38,0.035800956189632416,0,0,3,5,3,3,3,3,1,2,1,2
3,15,41,0.0009734840714372694,0,1,3,6,3,1,3,0,1,0,1,1
3,15,42,0.00032771105179563165,0,1,3,6,3,2,3,0,1,0,1,1
3,15,45,0.001779767102561891,0,1,3,6,3,5,3,0,1,0,1,1
3,16,0,0.012955566868185997,0,0,3,1,4,0,3,0,1,2,1,4
3,16,1,0.0004885379457846284,0,0,3,3,4,1,3,1,1,1,1,1
3,16,5,0.0010937451152130961,0,0,3,3,4,5,3,1,1,1,1,1
3,16,6,0.01685423217713833,0,0,3,3,4,6,3,1,1,1,1,1
3,16,7,0.0006583635695278645,0,0,3,3,4,1,3,2,1,1,1,1
3,16,8,0.010796398855745792,0,0,3,3,4,2,3,2,1,1,1,1
3,16,9,0.0209734458476305,0,0,3,3,4,3,3,2,1,1,1,1
3,16,13,0.004466473124921322,0,0,3,3,4,1,3,3,1,1,1,1
3,16,14,0.03909391164779663,0,0,3,3,4,2,3,3,1,1,1,1
3,16,17,0.029872382059693336,0,0,3,3,4,5,3,3,1,1,1,1
3,16,19,0.036583565175533295,0,0,3,3,4,1,3,4,1,1,1,1
3,16,21,0.01177915558218956,0,0,3,3,4,3,3,4,1,1,1,1
3,16,22,0.000708080071490258,0,0,3,3,4,4,3,4,1,1,1,1
3,16,23,0.004951831419020891,0,0,3,3,4,5,3,4,1,1,1,1
3,16,27,0.013545650988817215,0,0,3,3,4,3,3,5,1,1,1,1
3,16,31,0.00033991821692325175,0,0,3,4,4,1,3,1,1,1,1,1
3,16,33,0.7319790720939636,0,0,3,4,4,3,3,3,1,1,1,1
3,16,34,0.0012129282113164663,0,0,3,4,4,4,3,4,1,1,1,1
3,16,35,0.007301004137843847,0,0,3,4,4,5,3,5,1,1,1,1
3,16,36,0.0009049672516994178,0,0,3,5,4,1,3,1,1,2,1,2
3,16,38,0.008629037998616695,0,0,3,5,4,3,3,3,1,2,1,2
3,16,41,0.009602210484445095,0,1,3,6,4,1,3,0,1,0,1,1
3,16,42,0.007026121020317078,0,1,3,6,4,2,3,0,1,0,1,1
3,16,45,0.028183501213788986,0,1,3,6,4,5,3,0,1,0,1,1
3,18,0,0.0017672957619652152,0,0,3,1,6,0,3,0,1,2,1,4
3,18,1,0.004184899386018515,0,0,3,3,6,1,3,1,1,1,1,1
3,18,5,0.06895864009857178,0,0,3,3,6,5,3,1,1,1,1,1
3,18,6,0.030174648389220238,0,0,3,3,6,6,3,1,1,1,1,1
3,18,7,0.002701987512409687,0,0,3,3,6,1,3,2,1,1,1,1
3,18,8,0.020001452416181564,0,0,3,3,6,2,3,2,1,1,1,1
3,18,9,0.043700914829969406,0,0,3,3,6,3,3,2,1,1,1,1
3,18,13,0.0058125522918999195,0,0,3,3,6,1,3,3,1,1,1,1
3,18,14,0.08340875059366226,0,0,3,3,6,2,3,3,1,1,1,1
3,18,17,0.2978719174861908,0,0,3,3,6,5,3,3,1,1,1,1
3,18,19,0.038184888660907745,0,0,3,3,6,1,3,4,1,1,1,1
3,18,21,0.1039668396115303,0,0,3,3,6,3,3,4,1,1,1,1
3,18,22,0.02208731137216091,0,0,3,3,6,4,3,4,1,1,1,1
3,18,23,0.03768429532647133,0,0,3,3,6,5,3,4,1,1,1,1
3,18,27,0.08014208823442459,0,0,3,3,6,3,3,5,1,1,1,1
3,18,31,0.0006490765954367816,0,0,3,4,6,1,3,1,1,1,1,1
3,18,33,0.025047045201063156,0,0,3,4,6,3,3,3,1,1,1,1
3,18,34,0.020381396636366844,0,0,3,4,6,4,3,4,1,1,1,1
3,18,35,0.08727657794952393,0,0,3,4,6,5,3,5,1,1,1,1
3,18,36,0.0013495746534317732,0,0,3,5,6,1,3,1,1,2,1,2
3,18,38,0.0174665916711092,0,0,3,5,6,3,3,3,1,2,1,2
3,18,41,0.0007254770025610924,0,1,3,6,6,1,3,0,1,0,1,1
3,18,42,0.0005587934865616262,0,1,3,6,6,2,3,0,1,0,1,1
3,18,45,0.005896820221096277,0,1,3,6,6,5,3,0,1,0,1,1
3,20,0,0.06750700622797012,0,0,3,1,2,0,4,0,1,2,1,4
3,20,1,0.0017086620209738612,0,0,3,3,2,1,4,1,1,1,1,1
3,20,5,0.03380945697426796,0,0,3,3,2,5,4,1,1,1,1,1
3,20,6,0.3007179796695709,0,0,3,3,2,6,4,1,1,1,1,1
3,20,7,0.0007522380910813808,0,0,3,3,2,1,4,2,1,1,1,1
3,20,8,0.0269759688526392,0,0,3,3,2,2,4,2,1,1,1,1
3,20,9,0.022200753912329674,0,0,3,3,2,3,4,2,1,1,1,1
3,20,13,0.0024588003288954496,0,0,3,3,2,1,4,3,1,1,1,1
3,20,14,0.21051521599292755,0,0,3,3,2,2,4,3,1,1,1,1
3,20,17,0.1587042659521103,0,0,3,3,2,5,4,3,1,1,1,1
3,20,19,0.014492485672235489,0,0,3,3,2,1,4,4,1,1,1,1
3,20,21,0.013342879712581635,0,0,3,3,2,3,4,4,1,1,1,1
3,20,22,0.0012500309385359287,0,0,3,3,2,4,4,4,1,1,1,1
3,20,23,0.017461536452174187,0,0,3,3,2,5,4,4,1,1,1,1
3,20,27,0.017504682764410973,0,0,3,3,2,3,4,5,1,1,1,1
3,20,31,9.483637404628098e-05,0,0,3,4,2,1,4,1,1,1,1,1
3,20,33,0.040930453687906265,0,0,3,4,2,3,4,3,1,1,1,1
3,20,34,0.0010205187136307359,0,0,3,4,2,4,4,4,1,1,1,1
3,20,35,0.02927475795149803,0,0,3,4,2,5,4,5,1,1,1,1
3,20,36,0.00125447369646281,0,0,3,5,2,1,4,1,1,2,1,2
3,20,38,0.007561030797660351,0,0,3,5,2,3,4,3,1,2,1,2
3,20,41,0.000700343691278249,0,1,3,6,2,1,4,0,1,0,1,1
3,20,42,0.008716902695596218,0,1,3,6,2,2,4,0,1,0,1,1
3,20,45,0.021044855937361717,0,1,3,6,2,5,4,0,1,0,1,1
3,24,0,0.06933962553739548,0,0,3,1,6,0,4,0,1,2,1,4
3,24,1,0.00927941408008337,0,0,3,3,6,1,4,1,1,1,1,1
3,24,5,0.18945033848285675,0,0,3,3,6,5,4,1,1,1,1,1
3,24,6,0.09282132983207703,0,0,3,3,6,6,4,1,1,1,1,1
3,24,7,0.0042457859963178635,0,0,3,3,6,1,4,2,1,1,1,1
3,24,8,0.007803329266607761,0,0,3,3,6,2,4,2,1,1,1,1
3,24,9,0.004120222758501768,0,0,3,3,6,3,4,2,1,1,1,1
3,24,13,0.011857559904456139,0,0,3,3,6,1,4,3,1,1,1,1
3,24,14,0.01211483683437109,0,0,3,3,6,2,4,3,1,1,1,1
3,24,17,0.06259951740503311,0,0,3,3,6,5,4,3,1,1,1,1
3,24,19,0.02596135623753071,0,0,3,3,6,1,4,4,1,1,1,1
3,24,21,0.0051483712159097195,0,0,3,3,6,3,4,4,1,1,1,1
3,24,22,0.00892001111060381,0,0,3,3,6,4,4,4,1,1,1,1
3,24,23,0.011359959840774536,0,0,3,3,6,5,4,4,1,1,1,1
3,24,27,0.0164248775690794,0,0,3,3,6,3,4,5,1,1,1,1
3,24,31,0.002638067351654172,0,0,3,4,6,1,4,1,1,1,1,1
3,24,33,0.01814202032983303,0,0,3,4,6,3,4,3,1,1,1,1
3,24,34,0.008701775223016739,0,0,3,4,6,4,4,4,1,1,1,1
3,24,35,0.07742445170879364,0,0,3,4,6,5,4,5,1,1,1,1
3,24,36,0.04959423840045929,0,0,3,5,6,1,4,1,1,2,1,2
3,24,38,0.04375500977039337,0,0,3,5,6,3,4,3,1,2,1,2
3,24,41,0.025601612403988838,0,1,3,6,6,1,4,0,1,0,1,1
3,24,42,0.03171428665518761,0,1,3,6,6,2,4,0,1,0,1,1
3,24,45,0.21098190546035767,0,1,3,6,6,5,4,0,1,0,1,1
3,25,0,0.0383455827832222,0,0,3,1,1,0,5,0,1,2,1,4
3,25,1,0.005195990204811096,0,0,3,3,1,1,5,1,1,1,1,1
3,25,5,0.04694642871618271,0,0,3,3,1,5,5,1,1,1,1,1
3,25,6,0.11494050174951553,0,0,3,3,1,6,5,1,1,1,1,1
3,25,7,0.00222876388579607,0,0,3,3,1,1,5,2,1,1,1,1
3,25,8,0.014704897999763489,0,0,3,3,1,2,5,2,1,1,1,1
3,25,9,0.028956515714526176,0,0,3,3,1,3,5,2,1,1,1,1
3,25,13,0.009022017940878868,0,0,3,3,1,1,5,3,1,1,1,1
3,25,14,0.035723727196455,0,0,3,3,1,2,5,3,1,1,1,1
3,25,17,0.12372251600027084,0,0,3,3,1,5,5,3,1,1,1,1
3,25,19,0.05252905935049057,0,0,3,3,1,1,5,4,1,1,1,1
3,25,21,0.054013121873140335,0,0,3,3,1,3,5,4,1,1,1,1
3,25,22,0.024650052189826965,0,0,3,3,1,4,5,4,1,1,1,1
3,25,23,0.044940877705812454,0,0,3,3,1,5,5,4,1,1,1,1
3,25,27,0.07209716737270355,0,0,3,3,1,3,5,5,1,1,1,1
3,25,31,0.0005998836131766438,0,0,3,4,1,1,5,1,1,1,1,1
3,25,33,0.08320458233356476,0,0,3,4,1,3,5,3,1,1,1,1
3,25,34,0.021352043375372887,0,0,3,4,1,4,5,4,1,1,1,1
3,25,35,0.0828060731291771,0,0,3,4,1,5,5,5,1,1,1,1
3,25,36,0.005507726687937975,0,0,3,5,1,1,5,1,1,2,1,2
3,25,38,0.064333476126194,0,0,3,5,1,3,5,3,1,2,1,2
3,25,41,0.007860267534852028,0,1,3,6,1,1,5,0,1,0,1,1
3,25,42,0.00905823428183794,0,1,3,6,1,2,5,0,1,0,1,1
3,25,45,0.057260461151599884,0,1,3,6,1,5,5,0,1,0,1,1
3,26,0,0.02024039812386036,0,0,3,1,2,0,5,0,1,2,1,4
3,26,1,0.0009292212780565023,0,0,3,3,2,1,5,1,1,1,1,1
3,26,5,0.0131610706448555,0,0,3,3,2,5,5,1,1,1,1,1
3,26,6,0.032768309116363525,0,0,3,3,2,6,5,1,1,1,1,1
3,26,7,0.0008126322063617408,0,0,3,3,2,1,5,2,1,1,1,1
3,26,8,0.029334483668208122,0,0,3,3,2,2,5,2,1,1,1,1
3,26,9,0.016452662646770477,0,0,3,3,2,3,5,2,1,1,1,1
3,26,13,0.0047809467650949955,0,0,3,3,2,1,5,3,1,1,1,1
3,26,14,0.2535620331764221,0,0,3,3,2,2,5,3,1,1,1,1
3,26,17,0.39449745416641235,0,0,3,3,2,5,5,3,1,1,1,1
3,26,19,0.030022786930203438,0,0,3,3,2,1,5,4,1,1,1,1
3,26,21,0.029041385278105736,0,0,3,3,2,3,5,4,1,1,1,1
3,26,22,0.0003680878144223243,0,0,3,3,2,4,5,4,1,1,1,1
3,26,23,0.024105394259095192,0,0,3,3,2,5,5,4,1,1,1,1
3,26,27,0.03478148952126503,0,0,3,3,2,3,5,5,1,1,1,1
3,26,31,0.00012973578122910112,0,0,3,4,2,1,5,1,1,1,1,1
3,26,33,0.05369877442717552,0,0,3,4,2,3,5,3,1,1,1,1
3,26,34,0.0004898809129372239,0,0,3,4,2,4,5,4,1,1,1,1
3,26,35,0.0447271429002285,0,0,3,4,2,5,5,5,1,1,1,1
3,26,36,0.00041354569839313626,0,0,3,5,2,1,5,1,1,2,1,2
3,26,38,0.006095774006098509,0,0,3,5,2,3,5,3,1,2,1,2
3,26,41,0.00040687332511879504,0,1,3,6,2,1,5,0,1,0,1,1
3,26,42,0.0031539355404675007,0,1,3,6,2,2,5,0,1,0,1,1
3,26,45,0.006026259623467922,0,1,3,6,2,5,5,0,1,0,1,1
3,28,0,0.21115687489509583,0,0,3,1,4,0,5,0,1,2,1,4
3,28,1,0.000811080215498805,0,0,3,3,4,1,5,1,1,1,1,1
3,28,5,0.006114732474088669,0,0,3,3,4,5,5,1,1,1,1,1
3,28,6,0.049490705132484436,0,0,3,3,4,6,5,1,1,1,1,1
3,28,7,0.0004323775938246399,0,0,3,3,4,1,5,2,1,1,1,1
3,28,8,0.01578262448310852,0,0,3,3,4,2,5,2,1,1,1,1
3,28,9,0.001085881027393043,0,0,3,3,4,3,5,2,1,1,1,1
3,28,13,0.011298779398202896,0,0,3,3,4,1,5,3,1,1,1,1
3,28,14,0.021401694044470787,0,0,3,3,4,2,5,3,1,1,1,1
3,28,17,0.06747626513242722,0,0,3,3,4,5,5,3,1,1,1,1
3,28,19,0.03845394775271416,0,0,3,3,4,1,5,4,1,1,1,1
3,28,21,0.004491909872740507,0,0,3,3,4,3,5,4,1,1,1,1
3,28,22,0.0009691716404631734,0,0,3,3,4,4,5,4,1,1,1,1
3,28,23,0.015427098609507084,0,0,3,3,4,5,5,4,1,1,1,1
3,28,27,0.003974464256316423,0,0,3,3,4,3,5,5,1,1,1,1
3,28,31,5.5408872867701575e-05,0,0,3,4,4,1,5,1,1,1,1,1
3,28,33,0.05170581862330437,0,0,3,4,4,3,5,3,1,1,1,1
3,28,34,0.0012665376998484135,0,0,3,4,4,4,5,4,1,1,1,1
3,28,35,0.018593205139040947,0,0,3,4,4,5,5,5,1,1,1,1
3,28,36,0.003082841634750366,0,0,3,5,4,1,5,1,1,2,1,2
3,28,38,0.018463926389813423,0,0,3,5,4,3,5,3,1,2,1,2
3,28,41,0.020773950964212418,0,1,3,6,4,1,5,0,1,0,1,1
3,28,42,0.17169801890850067,0,1,3,6,4,2,5,0,1,0,1,1
3,28,45,0.2659923732280731,0,1,3,6,4,5,5,0,1,0,1,1
3,29,0,0.14156845211982727,0,0,3,1,5,0,5,0,1,2,1,4
3,29,1,0.003090233076363802,0,0,3,3,5,1,5,1,1,1,1,1
3,29,5,0.0953747034072876,0,0,3,3,5,5,5,1,1,1,1,1
3,29,6,0.07736078649759293,0,0,3,3,5,6,5,1,1,1,1,1
3,29,7,0.0015257949708029628,0,0,3,3,5,1,5,2,1,1,1,1
3,29,8,0.008185597136616707,0,0,3,3,5,2,5,2,1,1,1,1
3,29,9,0.004679727368056774,0,0,3,3,5,3,5,2,1,1,1,1
3,29,13,0.006256838329136372,0,0,3,3,5,1,5,3,1,1,1,1
3,29,14,0.024082126095891,0,0,3,3,5,2,5,3,1,1,1,1
3,29,17,0.11100839078426361,0,0,3,3,5,5,5,3,1,1,1,1
3,29,19,0.02707630954682827,0,0,3,3,5,1,5,4,1,1,1,1
3,29,21,0.014978650026023388,0,0,3,3,5,3,5,4,1,1,1,1
3,29,22,0.0013944945530965924,0,0,3,3,5,4,5,4,1,1,1,1
3,29,23,0.032719362527132034,0,0,3,3,5,5,5,4,1,1,1,1
3,29,27,0.05326809361577034,0,0,3,3,5,3,5,5,1,1,1,1
3,29,31,0.0004521278606262058,0,0,3,4,5,1,5,1,1,1,1,1
3,29,33,0.045462705194950104,0,0,3,4,5,3,5,3,1,1,1,1
3,29,34,0.0016215594951063395,0,0,3,4,5,4,5,4,1,1,1,1
3,29,35,0.13123708963394165,0,0,3,4,5,5,5,5,1,1,1,1
3,29,36,0.015580181032419205,0,0,3,5,5,1,5,1,1,2,1,2
3,29,38,0.13018140196800232,0,0,3,5,5,3,5,3,1,2,1,2
3,29,41,0.0026097281370311975,0,1,3,6,5,1,5,0,1,0,1,1
3,29,42,0.0224725604057312,0,1,3,6,5,2,5,0,1,0,1,1
3,29,45,0.047813065350055695,0,1,3,6,5,5,5,0,1,0,1,1
3,30,0,0.030484845861792564,0,0,3,1,6,0,5,0,1,2,1,4
3,30,1,0.003966362681239843,0,0,3,3,6,1,5,1,1,1,1,1
3,30,5,0.031719475984573364,0,0,3,3,6,5,5,1,1,1,1,1
3,30,6,0.05836563929915428,0,0,3,3,6,6,5,1,1,1,1,1
3,30,7,0.0035846063401550055,0,0,3,3,6,1,5,2,1,1,1,1
3,30,8,0.05413249507546425,0,0,3,3,6,2,5,2,1,1,1,1
3,30,9,0.02654191106557846,0,0,3,3,6,3,5,2,1,1,1,1
3,30,13,0.013593166135251522,0,0,3,3,6,1,5,3,1,1,1,1
3,30,14,0.10252542793750763,0,0,3,3,6,2,5,3,1,1,1,1
3,30,17,0.16919663548469543,0,0,3,3,6,5,5,3,1,1,1,1
3,30,19,0.054114293307065964,0,0,3,3,6,1,5,4,1,1,1,1
3,30,21,0.10344630479812622,0,0,3,3,6,3,5,4,1,1,1,1
3,30,22,0.02169131115078926,0,0,3,3,6,4,5,4,1,1,1,1
3,30,23,0.05448947101831436,0,0,3,3,6,5,5,4,1,1,1,1
3,30,27,0.0417463593184948,0,0,3,3,6,3,5,5,1,1,1,1
3,30,31,0.000457975547760725,0,0,3,4,6,1,5,1,1,1,1,1
3,30,33,0.04163851588964462,0,0,3,4,6,3,5,3,1,1,1,1
3,30,34,0.013409944251179695,0,0,3,4,6,4,5,4,1,1,1,1
3,30,35,0.031578972935676575,0,0,3,4,6,5,5,5,1,1,1,1
3,30,36,0.00524829002097249,0,0,3,5,6,1,5,1,1,2,1,2
3,30,38,0.07589306682348251,0,0,3,5,6,3,5,3,1,2,1,2
3,30,41,0.006948126945644617,0,1,3,6,6,1,5,0,1,0,1,1
3,30,42,0.02288244478404522,0,1,3,6,6,2,5,0,1,0,1,1
3,30,45,0.03234449028968811,0,1,3,6,6,5,5,0,1,0,1,1
3,32,0,0.0016705027082934976,0,0,4,1,2,0,2,0,1,2,1,4
3,32,1,0.03339310362935066,0,0,4,3,2,1,2,1,1,1,1,1
3,32,5,0.06308652460575104,0,0,4,3,2,5,2,1,1,1,1,1
3,32,6,0.009866987355053425,0,0,4,3,2,6,2,1,1,1,1,1
3,32,7,0.03639188036322594,0,0,4,3,2,1,2,2,1,1,1,1
3,32,8,0.016009042039513588,0,0,4,3,2,2,2,2,1,1,1,1
3,32,9,0.01244334876537323,0,0,4,3,2,3,2,2,1,1,1,1
3,32,13,0.09340137243270874,0,0,4,3,2,1,2,3,1,1,1,1
3,32,14,0.051391955465078354,0,0,4,3,2,2,2,3,1,1,1,1
3,32,17,0.2736853063106537,0,0,4,3,2,5,2,3,1,1,1,1
3,32,19,0.0656331405043602,0,0,4,3,2,1,2,4,1,1,1,1
3,32,21,0.020516104996204376,0,0,4,3,2,3,2,4,1,1,1,1
3,32,22,0.03315773233771324,0,0,4,3,2,4,2,4,1,1,1,1
3,32,23,0.016938848420977592,0,0,4,3,2,5,2,4,1,1,1,1
3,32,27,0.01870683580636978,0,0,4,3,2,3,2,5,1,1,1,1
3,32,31,0.05188201740384102,0,0,4,4,2,1,2,1,1,1,1,1
3,32,33,0.010758228600025177,0,0,4,4,2,3,2,3,1,1,1,1
3,32,34,0.055618543177843094,0,0,4,4,2,4,2,4,1,1,1,1
3,32,35,0.10594190657138824,0,0,4,4,2,5,2,5,1,1,1,1
3,32,36,0.011188659816980362,0,0,4,5,2,1,2,1,1,2,1,2
3,32,38,0.003876838833093643,0,0,4,5,2,3,2,3,1,2,1,2
3,32,41,0.0053528971038758755,0,1,4,6,2,1,2,0,1,0,1,1
3,32,42,0.0009826590539887547,0,1,4,6,2,2,2,0,1,0,1,1
3,32,45,0.008105708286166191,0,1,4,6,2,5,2,0,1,0,1,1
3,37,0,0.0011451425962150097,0,0,5,1,2,0,2,0,2,2,2,4
3,37,1,0.007575897499918938,0,0,5,3,2,1,2,1,2,1,2,1
3,37,5,0.017264923080801964,0,0,5,3,2,5,2,1,2,1,2,1
3,37,6,0.003174097277224064,0,0,5,3,2,6,2,1,2,1,2,1
3,37,7,0.013238277286291122,0,0,5,3,2,1,2,2,2,1,2,1
3,37,8,0.0008428457658737898,0,0,5,3,2,2,2,2,2,1,2,1
3,37,9,0.0015590476104989648,0,0,5,3,2,3,2,2,2,1,2,1
3,37,13,0.012412505224347115,0,0,5,3,2,1,2,3,2,1,2,1
3,37,14,0.005664268042892218,0,0,5,3,2,2,2,3,2,1,2,1
3,37,17,0.004579135216772556,0,0,5,3,2,5,2,3,2,1,2,1
3,37,19,0.0015250463038682938,0,0,5,3,2,1,2,4,2,1,2,1
3,37,21,0.000148672959767282,0,0,5,3,2,3,2,4,2,1,2,1
3,37,22,0.0002388557040831074,0,0,5,3,2,4,2,4,2,1,2,1
3,37,23,0.00018279776850249618,0,0,5,3,2,5,2,4,2,1,2,1
3,37,27,0.0013915139716118574,0,0,5,3,2,3,2,5,2,1,2,1
3,37,31,0.8381814956665039,0,0,5,4,2,1,2,1,2,1,2,1
3,37,33,0.005387220997363329,0,0,5,4,2,3,2,3,2,1,2,1
3,37,34,0.00016391633835155517,0,0,5,4,2,4,2,4,2,1,2,1
3,37,35,0.004009320866316557,0,0,5,4,2,5,2,5,2,1,2,1
3,37,36,0.07602648437023163,0,0,5,5,2,1,2,1,2,2,2,2
3,37,38,0.001144700450822711,0,0,5,5,2,3,2,3,2,2,2,2
3,37,41,0.0022612123284488916,0,1,5,6,2,1,2,0,2,0,2,1
3,37,42,0.0008574457024224102,0,1,5,6,2,2,2,0,2,0,2,1
3,37,45,0.0010247223544865847,0,1,5,6,2,5,2,0,2,0,2,1
3,39,0,0.1126120388507843,0,0,5,1,4,0,4,0,2,2,2,4
3,39,1,0.0006827411707490683,0,0,5,3,4,1,4,1,2,1,2,1
3,39,5,0.0030237899627536535,0,0,5,3,4,5,4,1,2,1,2,1
3,39,6,0.006003705784678459,0,0,5,3,4,6,4,1,2,1,2,1
3,39,7,0.0011400992516428232,0,0,5,3,4,1,4,2,2,1,2,1
3,39,8,0.002965166699141264,0,0,5,3,4,2,4,2,2,1,2,1
3,39,9,0.00041206268360838294,0,0,5,3,4,3,4,2,2,1,2,1
3,39,13,0.004800601862370968,0,0,5,3,4,1,4,3,2,1,2,1
3,39,14,0.0016756067052483559,0,0,5,3,4,2,4,3,2,1,2,1
3,39,17,0.0043491180986166,0,0,5,3,4,5,4,3,2,1,2,1
3,39,19,0.01040709763765335,0,0,5,3,4,1,4,4,2,1,2,1
3,39,21,0.00022597888892050833,0,0,5,3,4,3,4,4,2,1,2,1
3,39,22,0.00017256458522751927,0,0,5,3,4,4,4,4,2,1,2,1
3,39,23,0.0004515708133112639,0,0,5,3,4,5,4,4,2,1,2,1
3,39,27,0.0008186422055587173,0,0,5,3,4,3,4,5,2,1,2,1
3,39,31,0.0012742483522742987,0,0,5,4,4,1,4,1,2,1,2,1
3,39,33,0.005375212524086237,0,0,5,4,4,3,4,3,2,1,2,1
3,39,34,9.734497143654153e-05,0,0,5,4,4,4,4,4,2,1,2,1
3,39,35,0.001274719019420445,0,0,5,4,4,5,4,5,2,1,2,1
3,39,36,0.014461653307080269,0,0,5,5,4,1,4,1,2,2,2,2
3,39,38,0.002899069804698229,0,0,5,5,4,3,4,3,2,2,2,2
3,39,41,0.3265469968318939,0,1,5,6,4,1,4,0,2,0,2,1
3,39,42,0.2944129407405853,0,1,5,6,4,2,4,0,2,0,2,1
3,39,45,0.20391683280467987,0,1,5,6,4,5,4,0,2,0,2,1
3,40,0,0.08121977001428604,0,0,5,1,5,0,5,0,2,2,2,4
3,40,1,0.0062027256935834885,0,0,5,3,5,1,5,1,2,1,2,1
3,40,5,0.023061897605657578,0,0,5,3,5,5,5,1,2,1,2,1
3,40,6,0.009408525191247463,0,0,5,3,5,6,5,1,2,1,2,1
3,40,7,0.005775787867605686,0,0,5,3,5,1,5,2,2,1,2,1
3,40,8,0.00018565941718406975,0,0,5,3,5,2,5,2,2,1,2,1
3,40,9,5.4419309890363365e-05,0,0,5,3,5,3,5,2,2,1,2,1
3,40,13,0.007495925296097994,0,0,5,3,5,1,5,3,2,1,2,1
3,40,14,0.00046717654913663864,0,0,5,3,5,2,5,3,2,1,2,1
3,40,17,0.0010173605987802148,0,0,5,3,5,5,5,3,2,1,2,1
3,40,19,0.0007021502242423594,0,0,5,3,5,1,5,4,2,1,2,1
3,40,21,1.8863507648347877e-05,0,0,5,3,5,3,5,4,2,1,2,1
3,40,22,6.429682252928615e-05,0,0,5,3,5,4,5,4,2,1,2,1
3,40,23,0.00023064902052283287,0,0,5,3,5,5,5,4,2,1,2,1
3,40,27,0.0003773229836951941,0,0,5,3,5,3,5,5,2,1,2,1
3,40,31,0.06608434021472931,0,0,5,4,5,1,5,1,2,1,2,1
3,40,33,0.0014526877785101533,0,0,5,4,5,3,5,3,2,1,2,1
3,40,34,5.871837856830098e-05,0,0,5,4,5,4,5,4,2,1,2,1
3,40,35,0.0035967305302619934,0,0,5,4,5,5,5,5,2,1,2,1
3,40,36,0.7574624419212341,0,0,5,5,5,1,5,1,2,2,2,2
3,40,38,0.010623039677739143,0,0,5,5,5,3,5,3,2,2,2,2
3,40,41,0.0029552520718425512,0,1,5,6,5,1,5,0,2,0,2,1
3,40,42,0.015272106043994427,0,1,5,6,5,2,5,0,2,0,2,1
3,40,45,0.006212251260876656,0,1,5,6,5,5,5,0,2,0,2,1
3,43,0,0.0008289305842481554,1,0,6,1,3,0,0,0,0,2,1,4
3,43,1,0.01487953495234251,1,0,6,3,3,1,0,1,0,1,1,1
3,43,5,0.01908225379884243,1,0,6,3,3,5,0,1,0,1,1,1
3,43,6,0.013316523283720016,1,0,6,3,3,6,0,1,0,1,1,1
3,43,7,0.014338387176394463,1,0,6,3,3,1,0,2,0,1,1,1
3,43,8,0.004973897244781256,1,0,6,3,3,2,0,2,0,1,1,1
3,43,9,0.40993764996528625,1,0,6,3,3,3,0,2,0,1,1,1
3,43,13,0.0020826358813792467,1,0,6,3,3,1,0,3,0,1,1,1
3,43,14,0.007721996400505304,1,0,6,3,3,2,0,3,0,1,1,1
3,43,17,0.0021315414924174547,1,0,6,3,3,5,0,3,0,1,1,1
3,43,19,0.002530330792069435,1,0,6,3,3,1,0,4,0,1,1,1
3,43,21,0.06687287241220474,1,0,6,3,3,3,0,4,0,1,1,1
3,43,22,0.036811236292123795,1,0,6,3,3,4,0,4,0,1,1,1
3,43,23,0.005492223892360926,1,0,6,3,3,5,0,4,0,1,1,1
3,43,27,0.11817958205938339,1,0,6,3,3,3,0,5,0,1,1,1
3,43,31,0.012123321183025837,1,0,6,4,3,1,0,1,0,1,1,1
3,43,33,0.07726803421974182,1,0,6,4,3,3,0,3,0,1,1,1
3,43,34,0.04045311361551285,1,0,6,4,3,4,0,4,0,1,1,1
3,43,35,0.010981864295899868,1,0,6,4,3,5,0,5,0,1,1,1
3,43,36,0.01584511809051037,1,0,6,5,3,1,0,1,0,2,1,2
3,43,38,0.12052834779024124,1,0,6,5,3,3,0,3,0,2,1,2
3,43,41,0.0017373458249494433,1,1,6,6,3,1,0,0,0,0,1,1
3,43,42,0.0001659995032241568,1,1,6,6,3,2,0,0,0,0,1,1
3,43,45,0.0017172601073980331,1,1,6,6,3,5,0,0,0,0,1,1
3,44,0,0.12093985825777054,1,0,6,1,4,0,0,0,0,2,1,4
3,44,1,0.0008834078907966614,1,0,6,3,4,1,0,1,0,1,1,1
3,44,5,0.002433789661154151,1,0,6,3,4,5,0,1,0,1,1,1
3,44,6,0.009942742064595222,1,0,6,3,4,6,0,1,0,1,1,1
3,44,7,0.0005237701698206365,1,0,6,3,4,1,0,2,0,1,1,1
3,44,8,0.00984538346529007,1,0,6,3,4,2,0,2,0,1,1,1
3,44,9,0.0007392597617581487,1,0,6,3,4,3,0,2,0,1,1,1
3,44,13,0.008992510847747326,1,0,6,3,4,1,0,3,0,1,1,1
3,44,14,0.0040823835879564285,1,0,6,3,4,2,0,3,0,1,1,1
3,44,17,0.002703355858102441,1,0,6,3,4,5,0,3,0,1,1,1
3,44,19,0.006628123112022877,1,0,6,3,4,1,0,4,0,1,1,1
3,44,21,0.0010577646316960454,1,0,6,3,4,3,0,4,0,1,1,1
3,44,22,0.00090430659474805,1,0,6,3,4,4,0,4,0,1,1,1
3,44,23,0.0037493633572012186,1,0,6,3,4,5,0,4,0,1,1,1
3,44,27,0.0014124482404440641,1,0,6,3,4,3,0,5,0,1,1,1
3,44,31,0.0003742278495337814,1,0,6,4,4,1,0,1,0,1,1,1
3,44,33,0.017957642674446106,1,0,6,4,4,3,0,3,0,1,1,1
3,44,34,0.0021464216988533735,1,0,6,4,4,4,0,4,0,1,1,1
3,44,35,0.003828300628811121,1,0,6,4,4,5,0,5,0,1,1,1
3,44,36,0.0029894511681050062,1,0,6,5,4,1,0,1,0,2,1,2
3,44,38,0.006615093443542719,1,0,6,5,4,3,0,3,0,2,1,2
3,44,41,0.19542871415615082,1,1,6,6,4,1,0,0,0,0,1,1
3,44,42,0.32185229659080505,1,1,6,6,4,2,0,0,0,0,1,1
3,44,45,0.2739691138267517,1,1,6,6,4,5,0,0,0,0,1,1
3,46,0,0.0008573699742555618,1,0,6,1,6,0,0,0,0,2,1,4
3,46,1,0.022631121799349785,1,0,6,3,6,1,0,1,0,1,1,1
3,46,5,0.026846259832382202,1,0,6,3,6,5,0,1,0,1,1,1
3,46,6,0.013620286248624325,1,0,6,3,6,6,0,1,0,1,1,1
3,46,7,0.012014709413051605,1,0,6,3,6,1,0,2,0,1,1,1
3,46,8,0.007119656540453434,1,0,6,3,6,2,0,2,0,1,1,1
3,46,9,0.12472066283226013,1,0,6,3,6,3,0,2,0,1,1,1
3,46,13,0.007359727285802364,1,0,6,3,6,1,0,3,0,1,1,1
3,46,14,0.004741428419947624,1,0,6,3,6,2,0,3,0,1,1,1
3,46,17,0.00646847952157259,1,0,6,3,6,5,0,3,0,1,1,1
3,46,19,0.01823432371020317,1,0,6,3,6,1,0,4,0,1,1,1
3,46,21,0.06975562870502472,1,0,6,3,6,3,0,4,0,1,1,1
3,46,22,0.10216688364744186,1,0,6,3,6,4,0,4,0,1,1,1
3,46,23,0.014209971763193607,1,0,6,3,6,5,0,4,0,1,1,1
3,46,27,0.10903885960578918,1,0,6,3,6,3,0,5,0,1,1,1
3,46,31,0.014119645580649376,1,0,6,4,6,1,0,1,0,1,1,1
3,46,33,0.1031237244606018,1,0,6,4,6,3,0,3,0,1,1,1
3,46,34,0.1597437709569931,1,0,6,4,6,4,0,4,0,1,1,1
3,46,35,0.04540621116757393,1,0,6,4,6,5,0,5,0,1,1,1
3,46,36,0.02025236003100872,1,0,6,5,6,1,0,1,0,2,1,2
3,46,38,0.08253896981477737,1,0,6,5,6,3,0,3,0,2,1,2
3,46,41,0.01757790334522724,1,1,6,6,6,1,0,0,0,0,1,1
3,46,42,0.0009039751021191478,1,1,6,6,6,2,0,0,0,0,1,1
3,46,45,0.016547976061701775,1,1,6,6,6,5,0,0,0,0,1,1
3,47,0,3.418207779759541e-05,2,0,7,1,0,0,0,0,0,2,4,4
3,47,1,0.003739112289622426,2,0,7,3,0,1,0,1,0,1,4,1
3,47,5,0.0005541077698580921,2,0,7,3,0,5,0,1,0,1,4,1
3,47,6,0.00012275406334083527,2,0,7,3,0,6,0,1,0,1,4,1
3,47,7,0.006928563583642244,2,0,7,3,0,1,0,2,0,1,4,1
3,47,8,0.001777819823473692,2,0,7,3,0,2,0,2,0,1,4,1
3,47,9,0.0010776628041639924,2,0,7,3,0,3,0,2,0,1,4,1
3,47,13,0.0013815277488902211,2,0,7,3,0,1,0,3,0,1,4,1
3,47,14,0.00011033306509489194,2,0,7,3,0,2,0,3,0,1,4,1
3,47,17,0.0006597429746761918,2,0,7,3,0,5,0,3,0,1,4,1
3,47,19,0.006719559896737337,2,0,7,3,0,1,0,4,0,1,4,1
3,47,21,0.018024716526269913,2,0,7,3,0,3,0,4,0,1,4,1
3,47,22,0.4741339385509491,2,0,7,3,0,4,0,4,0,1,4,1
3,47,23,0.0070776198990643024,2,0,7,3,0,5,0,4,0,1,4,1
3,47,27,0.0010078898631036282,2,0,7,3,0,3,0,5,0,1,4,1
3,47,31,0.0003974577703047544,2,0,7,4,0,1,0,1,0,1,4,1
3,47,33,5.5870415962999687e-05,2,0,7,4,0,3,0,3,0,1,4,1
3,47,34,0.4693073034286499,2,0,7,4,0,4,0,4,0,1,4,1
3,47,35,0.0004830051038879901,2,0,7,4,0,5,0,5,0,1,4,1
3,47,36,0.0006689407746307552,2,0,7,5,0,1,0,1,0,2,4,2
3,47,38,0.0015538118313997984,2,0,7,5,0,3,0,3,0,2,4,2
3,47,41,0.0033958428539335728,2,1,7,6,0,1,0,0,0,0,4,1
3,47,42,0.0002572770172264427,2,1,7,6,0,2,0,0,0,0,4,1
3,47,45,0.0005310779670253396,2,1,7,6,0,5,0,0,0,0,4,1
4,0,1,0.005066093057394028,0,0,1,3,0,1,0,1,2,1,4,1
4,0,4,0.0028039892204105854,0,0,1,3,0,4,0,1,2,1,4,1
4,0,5,0.002629300579428673,0,0,1,3,0,5,0,1,2,1,4,1
4,0,6,0.007658086717128754,0,0,1,3,0,6,0,1,2,1,4,1
4,0,9,0.03850497305393219,0,0,1,3,0,3,0,2,2,1,4,1
4,0,10,0.0016339159337803721,0,0,1,3,0,4,0,2,2,1,4,1
4,0,12,0.004755501635372639,0,0,1,3,0,6,0,2,2,1,4,1
4,0,15,0.009487933479249477,0,0,1,3,0,3,0,3,2,1,4,1
4,0,18,0.005228421650826931,0,0,1,3,0,6,0,3,2,1,4,1
4,0,21,0.0032033470924943686,0,0,1,3,0,3,0,4,2,1,4,1
4,0,23,0.004143764264881611,0,0,1,3,0,5,0,4,2,1,4,1
4,0,24,0.0027744972612708807,0,0,1,3,0,6,0,4,2,1,4,1
4,0,25,0.031232746317982674,0,0,1,3,0,1,0,5,2,1,4,1
4,0,28,0.013653985224664211,0,0,1,3,0,4,0,5,2,1,4,1
4,0,30,0.005974399391561747,0,0,1,3,0,6,0,5,2,1,4,1
4,0,31,0.21552656590938568,0,0,1,4,0,1,0,1,2,1,4,1
4,0,34,0.05008936673402786,0,0,1,4,0,4,0,4,2,1,4,1
4,0,35,0.04634694382548332,0,0,1,4,0,5,0,5,2,1,4,1
4,0,36,0.4173295199871063,0,0,1,5,0,1,0,1,2,2,4,2
4,0,40,0.1119072362780571,0,0,1,5,0,5,0,5,2,2,4,2
4,0,42,0.003596425522118807,0,1,1,6,0,2,0,0,2,0,4,1
4,0,43,0.008744871243834496,0,1,1,6,0,3,0,0,2,0,4,1
4,0,46,0.0029277829453349113,0,1,1,6,0,6,0,0,2,0,4,1
4,0,47,0.0047804852947592735,0,2,1,7,0,0,0,0,2,0,4,4
4,2,1,0.08533687144517899,0,0,3,3,2,1,1,1,1,1,1,1
4,2,4,0.0012145304353907704,0,0,3,3,2,4,1,1,1,1,1,1
4,2,5,0.001117991516366601,0,0,3,3,2,5,1,1,1,1,1,1
4,2,6,0.01133574265986681,0,0,3,3,2,6,1,1,1,1,1,1
4,2,9,0.7378861308097839,0,0,3,3,2,3,1,2,1,1,1,1
4,2,10,0.010221440345048904,0,0,3,3,2,4,1,2,1,1,1,1
4,2,12,0.033883459866046906,0,0,3,3,2,6,1,2,1,1,1,1
4,2,15,0.0070736887864768505,0,0,3,3,2,3,1,3,1,1,1,1
4,2,18,0.0022894470021128654,0,0,3,3,2,6,1,3,1,1,1,1
4,2,21,0.005066183861345053,0,0,3,3,2,3,1,4,1,1,1,1
4,2,23,0.004913568962365389,0,0,3,3,2,5,1,4,1,1,1,1
4,2,24,0.0031804267782717943,0,0,3,3,2,6,1,4,1,1,1,1
4,2,25,0.03503799065947533,0,0,3,3,2,1,1,5,1,1,1,1
4,2,28,0.0002468179154675454,0,0,3,3,2,4,1,5,1,1,1,1
4,2,30,0.0062453472055494785,0,0,3,3,2,6,1,5,1,1,1,1
4,2,31,0.0321258045732975,0,0,3,4,2,1,1,1,1,1,1,1
4,2,34,0.0012457313714548945,0,0,3,4,2,4,1,4,1,1,1,1
4,2,35,0.004663420375436544,0,0,3,4,2,5,1,5,1,1,1,1
4,2,36,0.005814810749143362,0,0,3,5,2,1,1,1,1,2,1,2
4,2,40,0.00043599767377600074,0,0,3,5,2,5,1,5,1,2,1,2
4,2,42,0.0015095918206498027,0,1,3,6,2,2,1,0,1,0,1,1
4,2,43,0.007848531939089298,0,1,3,6,2,3,1,0,1,0,1,1
4,2,46,0.0005958705442026258,0,1,3,6,2,6,1,0,1,0,1,1
4,2,47,0.0007109628641046584,0,2,3,7,2,0,1,0,1,0,1,4
4,3,1,0.02024301141500473,0,0,3,3,3,1,1,1,1,1,1,1
4,3,4,0.00045110678183846176,0,0,3,3,3,4,1,1,1,1,1,1
4,3,5,0.0002459518436808139,0,0,3,3,3,5,1,1,1,1,1,1
4,3,6,0.0049940370954573154,0,0,3,3,3,6,1,1,1,1,1,1
4,3,9,0.8687294721603394,0,0,3,3,3,3,1,2,1,1,1,1
4,3,10,0.0033542185556143522,0,0,3,3,3,4,1,2,1,1,1,1
4,3,12,0.03526348993182182,0,0,3,3,3,6,1,2,1,1,1,1
4,3,15,0.002856326289474964,0,0,3,3,3,3,1,3,1,1,1,1
4,3,18,0.0013097524642944336,0,0,3,3,3,6,1,3,1,1,1,1
4,3,21,0.0047385855577886105,0,0,3,3,3,3,1,4,1,1,1,1
4,3,23,0.003942262846976519,0,0,3,3,3,5,1,4,1,1,1,1
4,3,24,0.002558191306889057,0,0,3,3,3,6,1,4,1,1,1,1
4,3,25,0.027719441801309586,0,0,3,3,3,1,1,5,1,1,1,1
4,3,28,0.000135235590278171,0,0,3,3,3,4,1,5,1,1,1,1
4,3,30,0.007205982226878405,0,0,3,3,3,6,1,5,1,1,1,1
4,3,31,0.0035853488370776176,0,0,3,4,3,1,1,1,1,1,1,1
4,3,34,0.000566324801184237,0,0,3,4,3,4,1,4,1,1,1,1
4,3,35,0.0007300144643522799,0,0,3,4,3,5,1,5,1,1,1,1
4,3,36,0.0008677914156578481,0,0,3,5,3,1,1,1,1,2,1,2
4,3,40,0.00026423134841024876,0,0,3,5,3,5,1,5,1,2,1,2
4,3,42,0.0005046951700933278,0,1,3,6,3,2,1,0,1,0,1,1
4,3,43,0.009170029312372208,0,1,3,6,3,3,1,0,1,0,1,1
4,3,46,0.00046235695481300354,0,1,3,6,3,6,1,0,1,0,1,1
4,3,47,0.00010280511196469888,0,2,3,7,3,0,1,0,1,0,1,4
4,7,1,0.05081966519355774,0,0,3,3,1,1,2,1,1,1,1,1
4,7,4,0.0038081123493611813,0,0,3,3,1,4,2,1,1,1,1,1
4,7,5,0.0015975006390362978,0,0,3,3,1,5,2,1,1,1,1,1
4,7,6,0.024716325104236603,0,0,3,3,1,6,2,1,1,1,1,1
4,7,9,0.35616326332092285,0,0,3,3,1,3,2,2,1,1,1,1
4,7,10,0.0071087609976530075,0,0,3,3,1,4,2,2,1,1,1,1
4,7,12,0.22157788276672363,0,0,3,3,1,6,2,2,1,1,1,1
4,7,15,0.0059929052367806435,0,0,3,3,1,3,2,3,1,1,1,1
4,7,18,0.013651077635586262,0,0,3,3,1,6,2,3,1,1,1,1
4,7,21,0.006287806201726198,0,0,3,3,1,3,2,4,1,1,1,1
4,7,23,0.009362364187836647,0,0,3,3,1,5,2,4,1,1,1,1
4,7,24,0.02716909535229206,0,0,3,3,1,6,2,4,1,1,1,1
4,7,25,0.06399444490671158,0,0,3,3,1,1,2,5,1,1,1,1
4,7,28,0.0009424607269465923,0,0,3,3,1,4,2,5,1,1,1,1
4,7,30,0.14244002103805542,0,0,3,3,1,6,2,5,1,1,1,1
4,7,31,0.003270994871854782,0,0,3,4,1,1,2,1,1,1,1,1
4,7,34,0.0037273094058036804,0,0,3,4,1,4,2,4,1,1,1,1
4,7,35,0.0018685392569750547,0,0,3,4,1,5,2,5,1,1,1,1
4,7,36,0.0024836158845573664,0,0,3,5,1,1,2,1,1,2,1,2
4,7,40,0.0023038960061967373,0,0,3,5,1,5,2,5,1,2,1,2
4,7,42,0.010871016420423985,0,1,3,6,1,2,2,0,1,0,1,1
4,7,43,0.021356705576181412,0,1,3,6,1,3,2,0,1,0,1,1
4,7,46,0.017564859241247177,0,1,3,6,1,6,2,0,1,0,1,1
4,7,47,0.000921409809961915,0,2,3,7,1,0,2,0,1,0,1,4
4,8,1,0.0062074074521660805,0,0,3,3,2,1,2,1,1,1,1,1
4,8,4,0.00013348073116503656,0,0,3,3,2,4,2,1,1,1,1,1
4,8,5,4.1280149162048474e-05,0,0,3,3,2,5,2,1,1,1,1,1
4,8,6,0.00247193593531847,0,0,3,3,2,6,2,1,1,1,1,1
4,8,9,0.8685274720191956,0,0,3,3,2,3,2,2,1,1,1,1
4,8,10,0.0010225545847788453,0,0,3,3,2,4,2,2,1,1,1,1
4,8,12,0.09983265399932861,0,0,3,3,2,6,2,2,1,1,1,1
4,8,15,0.0045970226638019085,0,0,3,3,2,3,2,3,1,1,1,1
4,8,18,0.003938805777579546,0,0,3,3,2,6,2,3,1,1,1,1
4,8,21,0.0008607935160398483,0,0,3,3,2,3,2,4,1,1,1,1
4,8,23,0.0005516255623660982,0,0,3,3,2,5,2,4,1,1,1,1
4,8,24,0.0009455274557694793,0,0,3,3,2,6,2,4,1,1,1,1
4,8,25,0.006353684235364199,0,0,3,3,2,1,2,5,1,1,1,1
4,8,28,2.6284827981726266e-05,0,0,3,3,2,4,2,5,1,1,1,1
4,8,30,0.0023454558104276657,0,0,3,3,2,6,2,5,1,1,1,1
4,8,31,0.0011514272773638368,0,0,3,4,2,1,2,1,1,1,1,1
4,8,34,0.00010672483767848462,0,0,3,4,2,4,2,4,1,1,1,1
4,8,35,0.00031289696926251054,0,0,3,4,2,5,2,5,1,1,1,1
4,8,36,0.00013396043505053967,0,0,3,5,2,1,2,1,1,2,1,2
4,8,40,2.9483642720151693e-05,0,0,3,5,2,5,2,5,1,2,1,2
4,8,42,4.819464720640099e-06,0,1,3,6,2,2,2,0,1,0,1,1
4,8,43,0.00038547682925127447,0,1,3,6,2,3,2,0,1,0,1,1
4,8,46,1.7000824300339445e-05,0,1,3,6,2,6,2,0,1,0,1,1
4,8,47,2.6167235773755237e-06,0,2,3,7,2,0,2,0,1,0,1,4
4,11,1,0.0010746093466877937,0,0,3,3,5,1,2,1,1,1,1,1
4,11,4,5.3210176702123135e-05,0,0,3,3,5,4,2,1,1,1,1,1
4,11,5,4.5351680455496535e-05,0,0,3,3,5,5,2,1,1,1,1,1
4,11,6,0.00021421532437670976,0,0,3,3,5,6,2,1,1,1,1,1
4,11,9,0.9522800445556641,0,0,3,3,5,3,2,2,1,1,1,1
4,11,10,0.00011573026131372899,0,0,3,3,5,4,2,2,1,1,1,1
4,11,12,0.02558220736682415,0,0,3,3,5,6,2,2,1,1,1,1
4,11,15,0.0021785683929920197,0,0,3,3,5,3,2,3,1,1,1,1
4,11,18,0.00013921785284765065,0,0,3,3,5,6,2,3,1,1,1,1
4,11,21,0.003925511613488197,0,0,3,3,5,3,2,4,1,1,1,1
4,11,23,0.0011591797228902578,0,0,3,3,5,5,2,4,1,1,1,1
4,11,24,0.000794920779298991,0,0,3,3,5,6,2,4,1,1,1,1
4,11,25,0.0038350035902112722,0,0,3,3,5,1,2,5,1,1,1,1
4,11,28,3.0120856990834e-06,0,0,3,3,5,4,2,5,1,1,1,1
4,11,30,0.004865874070674181,0,0,3,3,5,6,2,5,1,1,1,1
4,11,31,0.00021406091400422156,0,0,3,4,5,1,2,1,1,1,1,1
4,11,34,0.0003514231648296118,0,0,3,4,5,4,2,4,1,1,1,1
4,11,35,0.0001074987230822444,0,0,3,4,5,5,2,5,1,1,1,1
4,11,36,0.00014381317305378616,0,0,3,5,5,1,2,1,1,2,1,2
4,11,40,0.0003181080974172801,0,0,3,5,5,5,2,5,1,2,1,2
4,11,42,3.7650082958862185e-05,0,1,3,6,5,2,2,0,1,0,1,1
4,11,43,0.002514347666874528,0,1,3,6,5,3,2,0,1,0,1,1
4,11,46,4.017613173346035e-05,0,1,3,6,5,6,2,0,1,0,1,1
4,11,47,6.177971954457462e-06,0,2,3,7,5,0,2,0,1,0,1,4
4,13,1,0.013697966933250427,0,0,3,3,1,1,3,1,1,1,1,1
4,13,4,0.0019015538273379207,0,0,3,3,1,4,3,1,1,1,1,1
4,13,5,0.0034047679509967566,0,0,3,3,1,5,3,1,1,1,1,1
4,13,6,0.009336400777101517,0,0,3,3,1,6,3,1,1,1,1,1
4,13,9,0.04213087260723114,0,0,3,3,1,3,3,2,1,1,1,1
4,13,10,0.00198578555136919,0,0,3,3,1,4,3,2,1,1,1,1
4,13,12,0.011957920156419277,0,0,3,3,1,6,3,2,1,1,1,1
4,13,15,0.002213668543845415,0,0,3,3,1,3,3,3,1,1,1,1
4,13,18,0.00428028916940093,0,0,3,3,1,6,3,3,1,1,1,1
4,13,21,0.0020147080067545176,0,0,3,3,1,3,3,4,1,1,1,1
4,13,23,0.01071535237133503,0,0,3,3,1,5,3,4,1,1,1,1
4,13,24,0.011099005118012428,0,0,3,3,1,6,3,4,1,1,1,1
4,13,25,0.0089770732447505,0,0,3,3,1,1,3,5,1,1,1,1
4,13,28,0.001015372108668089,0,0,3,3,1,4,3,5,1,1,1,1
4,13,30,0.024754352867603302,0,0,3,3,1,6,3,5,1,1,1,1
4,13,31,0.00768766226246953,0,0,3,4,1,1,3,1,1,1,1,1
4,13,34,0.004323809873312712,0,0,3,4,1,4,3,4,1,1,1,1
4,13,35,0.0016316373366862535,0,0,3,4,1,5,3,5,1,1,1,1
4,13,36,0.0006403111037798226,0,0,3,5,1,1,3,1,1,2,1,2
4,13,40,0.0015229986747726798,0,0,3,5,1,5,3,5,1,2,1,2
4,13,42,0.5103000998497009,0,1,3,6,1,2,3,0,1,0,1,1
4,13,43,0.21872732043266296,0,1,3,6,1,3,3,0,1,0,1,1
4,13,46,0.09156343340873718,0,1,3,6,1,6,3,0,1,0,1,1
4,13,47,0.014117439277470112,0,2,3,7,1,0,3,0,1,0,1,4
4,14,1,0.17262859642505646,0,0,3,3,2,1,3,1,1,1,1,1
4,14,4,0.0022880893666297197,0,0,3,3,2,4,3,1,1,1,1,1
4,14,5,0.015663843601942062,0,0,3,3,2,5,3,1,1,1,1,1
4,14,6,0.028935134410858154,0,0,3,3,2,6,3,1,1,1,1,1
4,14,9,0.21215374767780304,0,0,3,3,2,3,3,2,1,1,1,1
4,14,10,0.0031023407354950905,0,0,3,3,2,4,3,2,1,1,1,1
4,14,12,0.07453611493110657,0,0,3,3,2,6,3,2,1,1,1,1
4,14,15,0.03586213290691376,0,0,3,3,2,3,3,3,1,1,1,1
4,14,18,0.019366424530744553,0,0,3,3,2,6,3,3,1,1,1,1
4,14,21,0.017052793875336647,0,0,3,3,2,3,3,4,1,1,1,1
4,14,23,0.057607054710388184,0,0,3,3,2,5,3,4,1,1,1,1
4,14,24,0.01643325760960579,0,0,3,3,2,6,3,4,1,1,1,1
4,14,25,0.05076620727777481,0,0,3,3,2,1,3,5,1,1,1,1
4,14,28,0.0008764349040575325,0,0,3,3,2,4,3,5,1,1,1,1
4,14,30,0.03996852785348892,0,0,3,3,2,6,3,5,1,1,1,1
4,14,31,0.17064131796360016,0,0,3,4,2,1,3,1,1,1,1,1
4,14,34,0.004151343367993832,0,0,3,4,2,4,3,4,1,1,1,1
4,14,35,0.02300037443637848,0,0,3,4,2,5,3,5,1,1,1,1
4,14,36,0.008796955458819866,0,0,3,5,2,1,3,1,1,2,1,2
4,14,40,0.005997545551508665,0,0,3,5,2,5,3,5,1,2,1,2
4,14,42,0.008604695089161396,0,1,3,6,2,2,3,0,1,0,1,1
4,14,43,0.024918390437960625,0,1,3,6,2,3,3,0,1,0,1,1
4,14,46,0.0037936107255518436,0,1,3,6,2,6,3,0,1,0,1,1
4,14,47,0.002854962134733796,0,2,3,7,2,0,3,0,1,0,1,4
4,16,1,0.00601070374250412,0,0,3,3,4,1,3,1,1,1,1,1
4,16,4,0.001226782682351768,0,0,3,3,4,4,3,1,1,1,1,1
4,16,5,0.011117109097540379,0,0,3,3,4,5,3,1,1,1,1,1
4,16,6,0.005111615173518658,0,0,3,3,4,6,3,1,1,1,1,1
4,16,9,0.003263662802055478,0,0,3,3,4,3,3,2,1,1,1,1
4,16,10,0.0008927876478992403,0,0,3,3,4,4,3,2,1,1,1,1
4,16,12,0.0028911586850881577,0,0,3,3,4,6,3,2,1,1,1,1
4,16,15,0.0013026302913203835,0,0,3,3,4,3,3,3,1,1,1,1
4,16,18,0.004090782254934311,0,0,3,3,4,6,3,3,1,1,1,1
4,16,21,0.0027017092797905207,0,0,3,3,4,3,3,4,1,1,1,1
4,16,23,0.022730769589543343,0,0,3,3,4,5,3,4,1,1,1,1
4,16,24,0.008819582872092724,0,0,3,3,4,6,3,4,1,1,1,1
4,16,25,0.004110327456146479,0,0,3,3,4,1,3,5,1,1,1,1
4,16,28,0.0014144814340397716,0,0,3,3,4,4,3,5,1,1,1,1
4,16,30,0.012230418622493744,0,0,3,3,4,6,3,5,1,1,1,1
4,16,31,0.003551187925040722,0,0,3,4,4,1,3,1,1,1,1,1
4,16,34,0.00088036636589095,0,0,3,4,4,4,3,4,1,1,1,1
4,16,35,0.0018783758860081434,0,0,3,4,4,5,3,5,1,1,1,1
4,16,36,0.00011825865658465773,0,0,3,5,4,1,3,1,1,2,1,2
4,16,40,0.0008896500803530216,0,0,3,5,4,5,3,5,1,2,1,2
4,16,42,0.6008144617080688,0,1,3,6,4,2,3,0,1,0,1,1
4,16,43,0.1559326946735382,0,1,3,6,4,3,3,0,1,0,1,1
4,16,46,0.1049211174249649,0,1,3,6,4,6,3,0,1,0,1,1
4,16,47,0.04309910535812378,0,2,3,7,4,0,3,0,1,0,1,4
4,17,1,0.01713182032108307,0,0,3,3,5,1,3,1,1,1,1,1
4,17,4,0.0016522420337423682,0,0,3,3,5,4,3,1,1,1,1,1
4,17,5,0.0013587750727310777,0,0,3,3,5,5,3,1,1,1,1,1
4,17,6,0.005539216101169586,0,0,3,3,5,6,3,1,1,1,1,1
4,17,9,0.7555416226387024,0,0,3,3,5,3,3,2,1,1,1,1
4,17,10,0.004742443561553955,0,0,3,3,5,4,3,2,1,1,1,1
4,17,12,0.017860161140561104,0,0,3,3,5,6,3,2,1,1,1,1
4,17,15,0.00552472285926342,0,0,3,3,5,3,3,3,1,1,1,1
4,17,18,0.0013979000505059958,0,0,3,3,5,6,3,3,1,1,1,1
4,17,21,0.0068653654307127,0,0,3,3,5,3,3,4,1,1,1,1
4,17,23,0.010760496370494366,0,0,3,3,5,5,3,4,1,1,1,1
4,17,24,0.006013563834130764,0,0,3,3,5,6,3,4,1,1,1,1
4,17,25,0.02562008425593376,0,0,3,3,5,1,3,5,1,1,1,1
4,17,28,0.0006060304003767669,0,0,3,3,5,4,3,5,1,1,1,1
4,17,30,0.011163076385855675,0,0,3,3,5,6,3,5,1,1,1,1
4,17,31,0.008325035683810711,0,0,3,4,5,1,3,1,1,1,1,1
4,17,34,0.0029646018519997597,0,0,3,4,5,4,3,4,1,1,1,1
4,17,35,0.0018405872397124767,0,0,3,4,5,5,3,5,1,1,1,1
4,17,36,0.0010458366014063358,0,0,3,5,5,1,3,1,1,2,1,2
4,17,40,0.0008377641206607223,0,0,3,5,5,5,3,5,1,2,1,2
4,17,42,0.037680484354496,0,1,3,6,5,2,3,0,1,0,1,1
4,17,43,0.06856624782085419,0,1,3,6,5,3,3,0,1,0,1,1
4,17,46,0.004403220023959875,0,1,3,6,5,6,3,0,1,0,1,1
4,17,47,0.0025584446266293526,0,2,3,7,5,0,3,0,1,0,1,4
4,19,1,0.20262005925178528,0,0,3,3,1,1,4,1,1,1,1,1
4,19,4,0.010519525036215782,0,0,3,3,1,4,4,1,1,1,1,1
4,19,5,0.0036507167387753725,0,0,3,3,1,5,4,1,1,1,1,1
4,19,6,0.12539881467819214,0,0,3,3,1,6,4,1,1,1,1,1
4,19,9,0.05878130719065666,0,0,3,3,1,3,4,2,1,1,1,1
4,19,10,0.027236996218562126,0,0,3,3,1,4,4,2,1,1,1,1
4,19,12,0.0748196542263031,0,0,3,3,1,6,4,2,1,1,1,1
4,19,15,0.0032778738532215357,0,0,3,3,1,3,4,3,1,1,1,1
4,19,18,0.017488796263933182,0,0,3,3,1,6,4,3,1,1,1,1
4,19,21,0.003741854801774025,0,0,3,3,1,3,4,4,1,1,1,1
4,19,23,0.018720000982284546,0,0,3,3,1,5,4,4,1,1,1,1
4,19,24,0.03669242560863495,0,0,3,3,1,6,4,4,1,1,1,1
4,19,25,0.10228478908538818,0,0,3,3,1,1,4,5,1,1,1,1
4,19,28,0.004070915747433901,0,0,3,3,1,4,4,5,1,1,1,1
4,19,30,0.10716459155082703,0,0,3,3,1,6,4,5,1,1,1,1
4,19,31,0.024324534460902214,0,0,3,4,1,1,4,1,1,1,1,1
4,19,34,0.00793661829084158,0,0,3,4,1,4,4,4,1,1,1,1
4,19,35,0.004234718158841133,0,0,3,4,1,5,4,5,1,1,1,1
4,19,36,0.01871856115758419,0,0,3,5,1,1,4,1,1,2,1,2
4,19,40,0.0023658645804971457,0,0,3,5,1,5,4,5,1,2,1,2
4,19,42,0.05548986420035362,0,1,3,6,1,2,4,0,1,0,1,1
4,19,43,0.02007952891290188,0,1,3,6,1,3,4,0,1,0,1,1
4,19,46,0.05219915136694908,0,1,3,6,1,6,4,0,1,0,1,1
4,19,47,0.018182700499892235,0,2,3,7,1,0,4,0,1,0,1,4
4,20,1,0.0008590316865593195,0,0,3,3,2,1,4,1,1,1,1,1
4,20,4,1.0296751497662626e-05,0,0,3,3,2,4,4,1,1,1,1,1
4,20,5,2.6517468540987466e-06,0,0,3,3,2,5,4,1,1,1,1,1
4,20,6,0.0002512159990146756,0,0,3,3,2,6,4,1,1,1,1,1
4,20,9,0.9895565509796143,0,0,3,3,2,3,4,2,1,1,1,1
4,20,10,0.0002499016700312495,0,0,3,3,2,4,4,2,1,1,1,1
4,20,12,0.004291973542422056,0,0,3,3,2,6,4,2,1,1,1,1
4,20,15,0.0005822013481520116,0,0,3,3,2,3,4,3,1,1,1,1
4,20,18,0.0001440641935914755,0,0,3,3,2,6,4,3,1,1,1,1
4,20,21,0.0001464086672058329,0,0,3,3,2,3,4,4,1,1,1,1
4,20,23,5.367858102545142e-05,0,0,3,3,2,5,4,4,1,1,1,1
4,20,24,4.447068931767717e-05,0,0,3,3,2,6,4,4,1,1,1,1
4,20,25,0.002583462279289961,0,0,3,3,2,1,4,5,1,1,1,1
4,20,28,8.550192433176562e-06,0,0,3,3,2,4,4,5,1,1,1,1
4,20,30,9.055172267835587e-05,0,0,3,3,2,6,4,5,1,1,1,1
4,20,31,0.0007166761206462979,0,0,3,4,2,1,4,1,1,1,1,1
4,20,34,2.1610148905892856e-05,0,0,3,4,2,4,4,4,1,1,1,1
4,20,35,0.00012544721539597958,0,0,3,4,2,5,4,5,1,1,1,1
4,20,36,8.571484795538709e-05,0,0,3,5,2,1,4,1,1,2,1,2
4,20,40,4.907613401883282e-06,0,0,3,5,2,5,4,5,1,2,1,2
4,20,42,8.393936354877951e-07,0,1,3,6,2,2,4,0,1,0,1,1
4,20,43,0.00016814397531561553,0,1,3,6,2,3,4,0,1,0,1,1
4,20,46,1.8264158825331833e-06,0,1,3,6,2,6,4,0,1,0,1,1
4,20,47,2.795557065837784e-07,0,2,3,7,2,0,4,0,1,0,1,4
4,22,1,0.08974997699260712,0,0,3,3,4,1,4,1,1,1,1,1
4,22,4,0.002379095181822777,0,0,3,3,4,4,4,1,1,1,1,1
4,22,5,0.003042243653908372,0,0,3,3,4,5,4,1,1,1,1,1
4,22,6,0.017717810347676277,0,0,3,3,4,6,4,1,1,1,1,1
4,22,9,0.5073381066322327,0,0,3,3,4,3,4,2,1,1,1,1
4,22,10,0.009275829419493675,0,0,3,3,4,4,4,2,1,1,1,1
4,22,12,0.06104976683855057,0,0,3,3,4,6,4,2,1,1,1,1
4,22,15,0.010928432457149029,0,0,3,3,4,3,4,3,1,1,1,1
4,22,18,0.0031331265345215797,0,0,3,3,4,6,4,3,1,1,1,1
4,22,21,0.039219386875629425,0,0,3,3,4,3,4,4,1,1,1,1
4,22,23,0.03842957690358162,0,0,3,3,4,5,4,4,1,1,1,1
4,22,24,0.019096404314041138,0,0,3,3,4,6,4,4,1,1,1,1
4,22,25,0.07482574880123138,0,0,3,3,4,1,4,5,1,1,1,1
4,22,28,0.0006027727504260838,0,0,3,3,4,4,4,5,1,1,1,1
4,22,30,0.03524771332740784,0,0,3,3,4,6,4,5,1,1,1,1
4,22,31,0.026665519922971725,0,0,3,4,4,1,4,1,1,1,1,1
4,22,34,0.002981361001729965,0,0,3,4,4,4,4,4,1,1,1,1
4,22,35,0.00641366234049201,0,0,3,4,4,5,4,5,1,1,1,1
4,22,36,0.004573114216327667,0,0,3,5,4,1,4,1,1,2,1,2
4,22,40,0.0015911964001134038,0,0,3,5,4,5,4,5,1,2,1,2
4,22,42,0.003978382330387831,0,1,3,6,4,2,4,0,1,0,1,1
4,22,43,0.035679563879966736,0,1,3,6,4,3,4,0,1,0,1,1
4,22,46,0.005098835099488497,0,1,3,6,4,6,4,0,1,0,1,1
4,22,47,0.0009823244763538241,0,2,3,7,4,0,4,0,1,0,1,4
4,26,1,0.011792365461587906,0,0,3,3,2,1,5,1,1,1,1,1
4,26,4,0.00010803984332596883,0,0,3,3,2,4,5,1,1,1,1,1
4,26,5,0.00022019063180778176,0,0,3,3,2,5,5,1,1,1,1,1
4,26,6,0.005102932918816805,0,0,3,3,2,6,5,1,1,1,1,1
4,26,9,0.8688333034515381,0,0,3,3,2,3,5,2,1,1,1,1
4,26,10,0.0005703060887753963,0,0,3,3,2,4,5,2,1,1,1,1
4,26,12,0.025103988125920296,0,0,3,3,2,6,5,2,1,1,1,1
4,26,15,0.007153221871703863,0,0,3,3,2,3,5,3,1,1,1,1
4,26,18,0.0038134572096168995,0,0,3,3,2,6,5,3,1,1,1,1
4,26,21,0.0019318446284160018,0,0,3,3,2,3,5,4,1,1,1,1
4,26,23,0.004539302550256252,0,0,3,3,2,5,5,4,1,1,1,1
4,26,24,0.0023536598309874535,0,0,3,3,2,6,5,4,1,1,1,1
4,26,25,0.01926657184958458,0,0,3,3,2,1,5,5,1,1,1,1
4,26,28,0.00019470704137347639,0,0,3,3,2,4,5,5,1,1,1,1
4,26,30,0.005425688344985247,0,0,3,3,2,6,5,5,1,1,1,1
4,26,31,0.015996936708688736,0,0,3,4,2,1,5,1,1,1,1,1
4,26,34,0.001218931982293725,0,0,3,4,2,4,5,4,1,1,1,1
4,26,35,0.003918907139450312,0,0,3,4,2,5,5,5,1,1,1,1
4,26,36,0.0008025186252780259,0,0,3,5,2,1,5,1,1,2,1,2
4,26,40,0.00018425300368107855,0,0,3,5,2,5,5,5,1,2,1,2
4,26,42,0.0008232309482991695,0,1,3,6,2,2,5,0,1,0,1,1
4,26,43,0.01917145401239395,0,1,3,6,2,3,5,0,1,0,1,1
4,26,46,0.0014332681894302368,0,1,3,6,2,6,5,0,1,0,1,1
4,26,47,4.115290357731283e-05,0,2,3,7,2,0,5,0,1,0,1,4
4,27,1,0.003956155851483345,0,0,3,3,3,1,5,1,1,1,1,1
4,27,4,0.0002473909698892385,0,0,3,3,3,4,5,1,1,1,1,1
4,27,5,0.00043896728311665356,0,0,3,3,3,5,5,1,1,1,1,1
4,27,6,0.0009959054877981544,0,0,3,3,3,6,5,1,1,1,1,1
4,27,9,0.9156467318534851,0,0,3,3,3,3,5,2,1,1,1,1
4,27,10,0.0004887015675194561,0,0,3,3,3,4,5,2,1,1,1,1
4,27,12,0.026351500302553177,0,0,3,3,3,6,5,2,1,1,1,1
4,27,15,0.006598636973649263,0,0,3,3,3,3,5,3,1,1,1,1
4,27,18,0.00047057963092811406,0,0,3,3,3,6,5,3,1,1,1,1
4,27,21,0.009182505309581757,0,0,3,3,3,3,5,4,1,1,1,1
4,27,23,0.0058087692596018314,0,0,3,3,3,5,5,4,1,1,1,1
4,27,24,0.0021515258122235537,0,0,3,3,3,6,5,4,1,1,1,1
4,27,25,0.011007696390151978,0,0,3,3,3,1,5,5,1,1,1,1
4,27,28,6.723075057379901e-05,0,0,3,3,3,4,5,5,1,1,1,1
4,27,30,0.007585086859762669,0,0,3,3,3,6,5,5,1,1,1,1
4,27,31,0.0005586585612036288,0,0,3,4,3,1,5,1,1,1,1,1
4,27,34,0.0005572504014708102,0,0,3,4,3,4,5,4,1,1,1,1
4,27,35,0.00036128636565990746,0,0,3,4,3,5,5,5,1,1,1,1
4,27,36,0.00027750738081522286,0,0,3,5,3,1,5,1,1,2,1,2
4,27,40,0.0017366197425872087,0,0,3,5,3,5,5,5,1,2,1,2
4,27,42,0.00029154872754588723,0,1,3,6,3,2,5,0,1,0,1,1
4,27,43,0.005039230454713106,0,1,3,6,3,3,5,0,1,0,1,1
4,27,46,0.00015387027815449983,0,1,3,6,3,6,5,0,1,0,1,1
4,27,47,2.6677793357521296e-05,0,2,3,7,3,0,5,0,1,0,1,4
4,29,1,0.0013775966363027692,0,0,3,3,5,1,5,1,1,1,1,1
4,29,4,2.1092961105750874e-05,0,0,3,3,5,4,5,1,1,1,1,1
4,29,5,3.539635508786887e-05,0,0,3,3,5,5,5,1,1,1,1,1
4,29,6,0.00025072370772249997,0,0,3,3,5,6,5,1,1,1,1,1
4,29,9,0.978583574295044,0,0,3,3,5,3,5,2,1,1,1,1
4,29,10,0.00011082318815169856,0,0,3,3,5,4,5,2,1,1,1,1
4,29,12,0.006124246399849653,0,0,3,3,5,6,5,2,1,1,1,1
4,29,15,0.002360532060265541,0,0,3,3,5,3,5,3,1,1,1,1
4,29,18,0.00011905995779670775,0,0,3,3,5,6,5,3,1,1,1,1
4,29,21,0.0009611520799808204,0,0,3,3,5,3,5,4,1,1,1,1
4,29,23,0.0010980722727254033,0,0,3,3,5,5,5,4,1,1,1,1
4,29,24,0.00029130850452929735,0,0,3,3,5,6,5,4,1,1,1,1
4,29,25,0.0013818196021020412,0,0,3,3,5,1,5,5,1,1,1,1
4,29,28,3.652337454695953e-06,0,0,3,3,5,4,5,5,1,1,1,1
4,29,30,0.000865413632709533,0,0,3,3,5,6,5,5,1,1,1,1
4,29,31,0.00032305586501024663,0,0,3,4,5,1,5,1,1,1,1,1
4,29,34,0.00021114015544299036,0,0,3,4,5,4,5,4,1,1,1,1
4,29,35,6.568209937540814e-05,0,0,3,4,5,5,5,5,1,1,1,1
4,29,36,4.6952958655310795e-05,0,0,3,5,5,1,5,1,1,2,1,2
4,29,40,7.16313807060942e-05,0,0,3,5,5,5,5,5,1,2,1,2
4,29,42,0.0001993536134250462,0,1,3,6,5,2,5,0,1,0,1,1
4,29,43,0.005441886372864246,0,1,3,6,5,3,5,0,1,0,1,1
4,29,46,4.729074498754926e-05,0,1,3,6,5,6,5,0,1,0,1,1
4,29,47,8.440315468760673e-06,0,2,3,7,5,0,5,0,1,0,1,4
4,32,1,0.0712064653635025,0,0,4,3,2,1,2,1,1,1,1,1
4,32,4,0.0017366206739097834,0,0,4,3,2,4,2,1,1,1,1,1
4,32,5,0.006126948166638613,0,0,4,3,2,5,2,1,1,1,1,1
4,32,6,0.028312304988503456,0,0,4,3,2,6,2,1,1,1,1,1
4,32,9,0.14457891881465912,0,0,4,3,2,3,2,2,1,1,1,1
4,32,10,0.002671545371413231,0,0,4,3,2,4,2,2,1,1,1,1
4,32,12,0.2365586757659912,0,0,4,3,2,6,2,2,1,1,1,1
4,32,15,0.009017009288072586,0,0,4,3,2,3,2,3,1,1,1,1
4,32,18,0.04685134068131447,0,0,4,3,2,6,2,3,1,1,1,1
4,32,21,0.018773997202515602,0,0,4,3,2,3,2,4,1,1,1,1
4,32,23,0.032024312764406204,0,0,4,3,2,5,2,4,1,1,1,1
4,32,24,0.025019807741045952,0,0,4,3,2,6,2,4,1,1,1,1
4,32,25,0.12731903791427612,0,0,4,3,2,1,2,5,1,1,1,1
4,32,28,0.0007552781607955694,0,0,4,3,2,4,2,5,1,1,1,1
4,32,30,0.1615184247493744,0,0,4,3,2,6,2,5,1,1,1,1
4,32,31,0.02355511114001274,0,0,4,4,2,1,2,1,1,1,1,1
4,32,34,0.0013819665182381868,0,0,4,4,2,4,2,4,1,1,1,1
4,32,35,0.013812231831252575,0,0,4,4,2,5,2,5,1,1,1,1
4,32,36,0.004095373209565878,0,0,4,5,2,1,2,1,1,2,1,2
4,32,40,0.0036593852564692497,0,0,4,5,2,5,2,5,1,2,1,2
4,32,42,0.0025840483140200377,0,1,4,6,2,2,2,0,1,0,1,1
4,32,43,0.025533275678753853,0,1,4,6,2,3,2,0,1,0,1,1
4,32,46,0.010602029040455818,0,1,4,6,2,6,2,0,1,0,1,1
4,32,47,0.0023059395607560873,0,2,4,7,2,0,2,0,1,0,1,4
4,33,1,0.061728354543447495,0,0,4,3,3,1,3,1,1,1,1,1
4,33,4,0.0038692974485456944,0,0,4,3,3,4,3,1,1,1,1,1
4,33,5,0.01735595427453518,0,0,4,3,3,5,3,1,1,1,1,1
4,33,6,0.02478049509227276,0,0,4,3,3,6,3,1,1,1,1,1
4,33,9,0.010526621714234352,0,0,4,3,3,3,3,2,1,1,1,1
4,33,10,0.0015694748144596815,0,0,4,3,3,4,3,2,1,1,1,1
4,33,12,0.046919964253902435,0,0,4,3,3,6,3,2,1,1,1,1
4,33,15,0.004223768133670092,0,0,4,3,3,3,3,3,1,1,1,1
4,33,18,0.014599012210965157,0,0,4,3,3,6,3,3,1,1,1,1
4,33,21,0.013299879617989063,0,0,4,3,3,3,3,4,1,1,1,1
4,33,23,0.11137144267559052,0,0,4,3,3,5,3,4,1,1,1,1
4,33,24,0.04370652511715889,0,0,4,3,3,6,3,4,1,1,1,1
4,33,25,0.041810233145952225,0,0,4,3,3,1,3,5,1,1,1,1
4,33,28,0.0007006396190263331,0,0,4,3,3,4,3,5,1,1,1,1
4,33,30,0.23684315383434296,0,0,4,3,3,6,3,5,1,1,1,1
4,33,31,0.01530745904892683,0,0,4,4,3,1,3,1,1,1,1,1
4,33,34,0.0024714807514101267,0,0,4,4,3,4,3,4,1,1,1,1
4,33,35,0.0028427320066839457,0,0,4,4,3,5,3,5,1,1,1,1
4,33,36,0.0029287366196513176,0,0,4,5,3,1,3,1,1,2,1,2
4,33,40,0.009608547203242779,0,0,4,5,3,5,3,5,1,2,1,2
4,33,42,0.1576176881790161,0,1,4,6,3,2,3,0,1,0,1,1
4,33,43,0.049591291695833206,0,1,4,6,3,3,3,0,1,0,1,1
4,33,46,0.04521306976675987,0,1,4,6,3,6,3,0,1,0,1,1
4,33,47,0.08111409842967987,0,2,4,7,3,0,3,0,1,0,1,4
4,37,1,0.0509510338306427,0,0,5,3,2,1,2,1,2,1,2,1
4,37,4,0.0009909338550642133,0,0,5,3,2,4,2,1,2,1,2,1
4,37,5,0.003090662183240056,0,0,5,3,2,5,2,1,2,1,2,1
4,37,6,0.0034818188287317753,0,0,5,3,2,6,2,1,2,1,2,1
4,37,9,0.0027332273311913013,0,0,5,3,2,3,2,2,2,1,2,1
4,37,10,0.0010533409658819437,0,0,5,3,2,4,2,2,2,1,2,1
4,37,12,0.002930395072326064,0,0,5,3,2,6,2,2,2,1,2,1
4,37,15,0.0009018181008286774,0,0,5,3,2,3,2,3,2,1,2,1
4,37,18,0.0006999082397669554,0,0,5,3,2,6,2,3,2,1,2,1
4,37,21,0.001097832340747118,0,0,5,3,2,3,2,4,2,1,2,1
4,37,23,0.0011166833573952317,0,0,5,3,2,5,2,4,2,1,2,1
4,37,24,0.0005603472818620503,0,0,5,3,2,6,2,4,2,1,2,1
4,37,25,0.0222140084952116,0,0,5,3,2,1,2,5,2,1,2,1
4,37,28,0.0003727954754140228,0,0,5,3,2,4,2,5,2,1,2,1
4,37,30,0.007722658570855856,0,0,5,3,2,6,2,5,2,1,2,1
4,37,31,0.04812602326273918,0,0,5,4,2,1,2,1,2,1,2,1
4,37,34,0.000721184303984046,0,0,5,4,2,4,2,4,2,1,2,1
4,37,35,0.0049028838984668255,0,0,5,4,2,5,2,5,2,1,2,1
4,37,36,0.7020795345306396,0,0,5,5,2,1,2,1,2,2,2,2
4,37,40,0.13911180198192596,0,0,5,5,2,5,2,5,2,2,2,2
4,37,42,0.0008591471705585718,0,1,5,6,2,2,2,0,2,0,2,1
4,37,43,0.0003069403755944222,0,1,5,6,2,3,2,0,2,0,2,1
4,37,46,0.0003378594701644033,0,1,5,6,2,6,2,0,2,0,2,1
4,37,47,0.0036371140740811825,0,2,5,7,2,0,2,0,2,0,2,4
4,38,1,0.0022120170760899782,0,0,5,3,3,1,3,1,2,1,2,1
4,38,4,5.477504964801483e-05,0,0,5,3,3,4,3,1,2,1,2,1
4,38,5,0.01379345078021288,0,0,5,3,3,5,3,1,2,1,2,1
4,38,6,3.555354123818688e-05,0,0,5,3,3,6,3,1,2,1,2,1
4,38,9,2.2119922959973337e-06,0,0,5,3,3,3,3,2,2,1,2,1
4,38,10,4.426406121638138e-06,0,0,5,3,3,4,3,2,2,1,2,1
4,38,12,1.9121904188068584e-05,0,0,5,3,3,6,3,2,2,1,2,1
4,38,15,3.495020428090356e-05,0,0,5,3,3,3,3,3,2,1,2,1
4,38,18,4.344804892753018e-06,0,0,5,3,3,6,3,3,2,1,2,1
4,38,21,0.0008409998845309019,0,0,5,3,3,3,3,4,2,1,2,1
4,38,23,0.0011532261269167066,0,0,5,3,3,5,3,4,2,1,2,1
4,38,24,4.9196547479368746e-05,0,0,5,3,3,6,3,4,2,1,2,1
4,38,25,0.0003592446737457067,0,0,5,3,3,1,3,5,2,1,2,1
4,38,28,5.047917966294335e-06,0,0,5,3,3,4,3,5,2,1,2,1
4,38,30,0.0013332818634808064,0,0,5,3,3,6,3,5,2,1,2,1
4,38,31,0.0015964102931320667,0,0,5,4,3,1,3,1,2,1,2,1
4,38,34,4.23321507696528e-05,0,0,5,4,3,4,3,4,2,1,2,1
4,38,35,0.0002858267107512802,0,0,5,4,3,5,3,5,2,1,2,1
4,38,36,0.05064105615019798,0,0,5,5,3,1,3,1,2,2,2,2
4,38,40,0.918789803981781,0,0,5,5,3,5,3,5,2,2,2,2
4,38,42,0.0010345582850277424,0,1,5,6,3,2,3,0,2,0,2,1
4,38,43,5.872615292901173e-05,0,1,5,6,3,3,3,0,2,0,2,1
4,38,46,6.429632776416838e-05,0,1,5,6,3,6,3,0,2,0,2,1
4,38,47,0.00758593762293458,0,2,5,7,3,0,3,0,2,0,2,4
4,39,1,0.02502467669546604,0,0,5,3,4,1,4,1,2,1,2,1
4,39,4,0.00026903237449005246,0,0,5,3,4,4,4,1,2,1,2,1
4,39,5,0.009063776582479477,0,0,5,3,4,5,4,1,2,1,2,1
4,39,6,0.0012406586902216077,0,0,5,3,4,6,4,1,2,1,2,1
4,39,9,0.00036402963451109827,0,0,5,3,4,3,4,2,2,1,2,1
4,39,10,0.00018058501882478595,0,0,5,3,4,4,4,2,2,1,2,1
4,39,12,0.0007738479762338102,0,0,5,3,4,6,4,2,2,1,2,1
4,39,15,0.0002064311847789213,0,0,5,3,4,3,4,3,2,1,2,1
4,39,18,0.00021161019685678184,0,0,5,3,4,6,4,3,2,1,2,1
4,39,21,0.0041955458000302315,0,0,5,3,4,3,4,4,2,1,2,1
4,39,23,0.005380116868764162,0,0,5,3,4,5,4,4,2,1,2,1
4,39,24,0.0006905309273861349,0,0,5,3,4,6,4,4,2,1,2,1
4,39,25,0.021833237260580063,0,0,5,3,4,1,4,5,2,1,2,1
4,39,28,0.00014779031334910542,0,0,5,3,4,4,4,5,2,1,2,1
4,39,30,0.01921113394200802,0,0,5,3,4,6,4,5,2,1,2,1
4,39,31,0.024759367108345032,0,0,5,4,4,1,4,1,2,1,2,1
4,39,34,0.0001634329091757536,0,0,5,4,4,4,4,4,2,1,2,1
4,39,35,0.003333806060254574,0,0,5,4,4,5,4,5,2,1,2,1
4,39,36,0.2862187623977661,0,0,5,5,4,1,4,1,2,2,2,2
4,39,40,0.5504199266433716,0,0,5,5,4,5,4,5,2,2,2,2
4,39,42,0.011256772093474865,0,1,5,6,4,2,4,0,2,0,2,1
4,39,43,0.004468807019293308,0,1,5,6,4,3,4,0,2,0,2,1
4,39,46,0.004248376935720444,0,1,5,6,4,6,4,0,2,0,2,1
4,39,47,0.026337888091802597,0,2,5,7,4,0,4,0,2,0,2,4
4,41,1,4.1704453906277195e-05,1,0,6,3,1,1,0,1,0,1,1,1
4,41,4,0.00017635407857596874,1,0,6,3,1,4,0,1,0,1,1,1
4,41,5,1.9971216715930495e-06,1,0,6,3,1,5,0,1,0,1,1,1
4,41,6,0.00017927636508829892,1,0,6,3,1,6,0,1,0,1,1,1
4,41,9,0.9739252924919128,1,0,6,3,1,3,0,2,0,1,1,1
4,41,10,0.005045706406235695,1,0,6,3,1,4,0,2,0,1,1,1
4,41,12,0.008189775049686432,1,0,6,3,1,6,0,2,0,1,1,1
4,41,15,0.0019521608483046293,1,0,6,3,1,3,0,3,0,1,1,1
4,41,18,0.0006739866221323609,1,0,6,3,1,6,0,3,0,1,1,1
4,41,21,0.0015704428078606725,1,0,6,3,1,3,0,4,0,1,1,1
4,41,23,0.00013041480269748718,1,0,6,3,1,5,0,4,0,1,1,1
4,41,24,0.0006300995592027903,1,0,6,3,1,6,0,4,0,1,1,1
4,41,25,0.0003821342543233186,1,0,6,3,1,1,0,5,0,1,1,1
4,41,28,0.00010517850751057267,1,0,6,3,1,4,0,5,0,1,1,1
4,41,30,0.00010940316860796884,1,0,6,3,1,6,0,5,0,1,1,1
4,41,31,1.762090869306121e-05,1,0,6,4,1,1,0,1,0,1,1,1
4,41,34,0.0002452306798659265,1,0,6,4,1,4,0,4,0,1,1,1
4,41,35,4.4961987441638485e-05,1,0,6,4,1,5,0,5,0,1,1,1
4,41,36,1.036915477925504e-06,1,0,6,5,1,1,0,1,0,2,1,2
4,41,40,2.220318009449329e-07,1,0,6,5,1,5,0,5,0,2,1,2
4,41,42,1.453185632271925e-05,1,1,6,6,1,2,0,0,0,0,1,1
4,41,43,0.0064347186125814915,1,1,6,6,1,3,0,0,0,0,1,1
4,41,46,0.00012557035370264202,1,1,6,6,1,6,0,0,0,0,1,1
4,41,47,1.7118508139901678e-06,1,2,6,7,1,0,0,0,0,0,1,4
4,44,1,3.418987489567371e-06,1,0,6,3,4,1,0,1,0,1,1,1
4,44,4,2.2101849026512355e-05,1,0,6,3,4,4,0,1,0,1,1,1
4,44,5,1.0616112149364199e-06,1,0,6,3,4,5,0,1,0,1,1,1
4,44,6,1.0648158422554843e-05,1,0,6,3,4,6,0,1,0,1,1,1
4,44,9,0.979032576084137,1,0,6,3,4,3,0,2,0,1,1,1
4,44,10,0.0005886784056201577,1,0,6,3,4,4,0,2,0,1,1,1
4,44,12,0.0033195193391293287,1,0,6,3,4,6,0,2,0,1,1,1
4,44,15,0.0014537557726725936,1,0,6,3,4,3,0,3,0,1,1,1
4,44,18,0.00014272028056439012,1,0,6,3,4,6,0,3,0,1,1,1
4,44,21,0.009029061533510685,1,0,6,3,4,3,0,4,0,1,1,1
4,44,23,0.00017707179358694702,1,0,6,3,4,5,0,4,0,1,1,1
4,44,24,0.00018612145504448563,1,0,6,3,4,6,0,4,0,1,1,1
4,44,25,0.0002629747905302793,1,0,6,3,4,1,0,5,0,1,1,1
4,44,28,2.1586165530607104e-05,1,0,6,3,4,4,0,5,0,1,1,1
4,44,30,5.282858182908967e-05,1,0,6,3,4,6,0,5,0,1,1,1
4,44,31,1.4616927046517958e-06,1,0,6,4,4,1,0,1,0,1,1,1
4,44,34,1.4592836123483721e-05,1,0,6,4,4,4,0,4,0,1,1,1
4,44,35,1.6789144865470007e-05,1,0,6,4,4,5,0,5,0,1,1,1
4,44,36,1.0913083059449491e-07,1,0,6,5,4,1,0,1,0,2,1,2
4,44,40,3.148160487853602e-07,1,0,6,5,4,5,0,5,0,2,1,2
4,44,42,1.0741225651145214e-06,1,1,6,6,4,2,0,0,0,0,1,1
4,44,43,0.005644075572490692,1,1,6,6,4,3,0,0,0,0,1,1
4,44,46,1.7140218915301375e-05,1,1,6,6,4,6,0,0,0,0,1,1
4,44,47,2.808423857914022e-07,1,2,6,7,4,0,0,0,0,0,1,4
4,45,1,1.9210806385672186e-06,1,0,6,3,5,1,0,1,0,1,1,1
4,45,4,5.944711119809654e-06,1,0,6,3,5,4,0,1,0,1,1,1
4,45,5,3.9794937123360796e-08,1,0,6,3,5,5,0,1,0,1,1,1
4,45,6,6.361865871440386e-06,1,0,6,3,5,6,0,1,0,1,1,1
4,45,9,0.9979033470153809,1,0,6,3,5,3,0,2,0,1,1,1
4,45,10,0.000432377215474844,1,0,6,3,5,4,0,2,0,1,1,1
4,45,12,0.0007384963100776076,1,0,6,3,5,6,0,2,0,1,1,1
4,45,15,0.0003169833216816187,1,0,6,3,5,3,0,3,0,1,1,1
4,45,18,4.6103370550554246e-05,1,0,6,3,5,6,0,3,0,1,1,1
4,45,21,0.00015881125000305474,1,0,6,3,5,3,0,4,0,1,1,1
4,45,23,8.734351467865054e-06,1,0,6,3,5,5,0,4,0,1,1,1
4,45,24,1.4853958418825641e-05,1,0,6,3,5,6,0,4,0,1,1,1
4,45,25,4.126258136238903e-05,1,0,6,3,5,1,0,5,0,1,1,1
4,45,28,5.020878234063275e-06,1,0,6,3,5,4,0,5,0,1,1,1
4,45,30,2.2830706711829407e-06,1,0,6,3,5,6,0,5,0,1,1,1
4,45,31,9.009639825308113e-07,1,0,6,4,5,1,0,1,0,1,1,1
4,45,34,5.72392355024931e-06,1,0,6,4,5,4,0,4,0,1,1,1
4,45,35,1.6845707477841643e-06,1,0,6,4,5,5,0,5,0,1,1,1
4,45,36,2.006252408648379e-08,1,0,6,5,5,1,0,1,0,2,1,2
4,45,40,3.5919565100073214e-09,1,0,6,5,5,5,0,5,0,2,1,2
4,45,42,1.40782958624186e-07,1,1,6,6,5,2,0,0,0,0,1,1
4,45,43,0.00030841943225823343,1,1,6,6,5,3,0,0,0,0,1,1
4,45,46,5.068067139291088e-07,1,1,6,6,5,6,0,0,0,0,1,1
4,45,47,2.9005144952520823e-08,1,2,6,7,5,0,0,0,0,0,1,4
5,1,0,0.0030161747708916664,0,0,3,1,1,0,1,0,1,2,1,4
5,1,2,0.003381209447979927,0,0,3,3,1,2,1,1,1,1,1,1
5,1,3,0.002300875959917903,0,0,3,3,1,3,1,1,1,1,1,1
5,1,7,0.1896985024213791,0,0,3,3,1,1,1,2,1,1,1,1
5,1,8,0.012226423248648643,0,0,3,3,1,2,1,2,1,1,1,1
5,1,11,0.3181856572628021,0,0,3,3,1,5,1,2,1,1,1,1
5,1,13,0.008527270518243313,0,0,3,3,1,1,1,3,1,1,1,1
5,1,14,0.001509006367996335,0,0,3,3,1,2,1,3,1,1,1,1
5,1,16,0.010183456353843212,0,0,3,3,1,4,1,3,1,1,1,1
5,1,17,0.0061000860296189785,0,0,3,3,1,5,1,3,1,1,1,1
5,1,19,0.18695159256458282,0,0,3,3,1,1,1,4,1,1,1,1
5,1,20,0.015564199537038803,0,0,3,3,1,2,1,4,1,1,1,1
5,1,22,0.008863400667905807,0,0,3,3,1,4,1,4,1,1,1,1
5,1,26,0.02035035379230976,0,0,3,3,1,2,1,5,1,1,1,1
5,1,27,0.005358101334422827,0,0,3,3,1,3,1,5,1,1,1,1
5,1,29,0.03345983847975731,0,0,3,3,1,5,1,5,1,1,1,1
5,1,32,0.1266549527645111,0,0,3,4,1,2,1,2,1,1,1,1
5,1,33,0.02117161825299263,0,0,3,4,1,3,1,3,1,1,1,1
5,1,37,8.522493590135127e-05,0,0,3,5,1,2,1,2,1,2,1,2
5,1,38,1.2800160220649559e-05,0,0,3,5,1,3,1,3,1,2,1,2
5,1,39,7.532555900979787e-05,0,0,3,5,1,4,1,4,1,2,1,2
5,1,41,0.01291405688971281,0,1,3,6,1,1,1,0,1,0,1,1
5,1,44,0.007610131986439228,0,1,3,6,1,4,1,0,1,0,1,1
5,1,45,0.005799869075417519,0,1,3,6,1,5,1,0,1,0,1,1
5,4,0,0.0012710490263998508,0,0,3,1,4,0,1,0,1,2,1,4
5,4,2,0.0009861268335953355,0,0,3,3,4,2,1,1,1,1,1,1
5,4,3,0.0007448330288752913,0,0,3,3,4,3,1,1,1,1,1,1
5,4,7,0.13395331799983978,0,0,3,3,4,1,1,2,1,1,1,1
5,4,8,0.0008944278233684599,0,0,3,3,4,2,1,2,1,1,1,1
5,4,11,0.07416786998510361,0,0,3,3,4,5,1,2,1,1,1,1
5,4,13,0.010586448945105076,0,0,3,3,4,1,1,3,1,1,1,1
5,4,14,0.001876741647720337,0,0,3,3,4,2,1,3,1,1,1,1
5,4,16,0.00914860051125288,0,0,3,3,4,4,1,3,1,1,1,1
5,4,17,0.0045153177343308926,0,0,3,3,4,5,1,3,1,1,1,1
5,4,19,0.6797869205474854,0,0,3,3,4,1,1,4,1,1,1,1
5,4,20,0.006621654145419598,0,0,3,3,4,2,1,4,1,1,1,1
5,4,22,0.004693892784416676,0,0,3,3,4,4,1,4,1,1,1,1
5,4,26,0.00630591856315732,0,0,3,3,4,2,1,5,1,1,1,1
5,4,27,0.0032406121026724577,0,0,3,3,4,3,1,5,1,1,1,1
5,4,29,0.008456268347799778,0,0,3,3,4,5,1,5,1,1,1,1
5,4,32,0.019030150026082993,0,0,3,4,4,2,1,2,1,1,1,1
5,4,33,0.010382017120718956,0,0,3,4,4,3,1,3,1,1,1,1
5,4,37,3.250652662245557e-05,0,0,3,5,4,2,1,2,1,2,1,2
5,4,38,4.8977504775393754e-05,0,0,3,5,4,3,1,3,1,2,1,2
5,4,39,9.367924940306693e-05,0,0,3,5,4,4,1,4,1,2,1,2
5,4,41,0.012983409687876701,0,1,3,6,4,1,1,0,1,0,1,1
5,4,44,0.008979083970189095,0,1,3,6,4,4,1,0,1,0,1,1
5,4,45,0.0011996350949630141,0,1,3,6,4,5,1,0,1,0,1,1
5,5,0,0.01721777953207493,0,0,3,1,5,0,1,0,1,2,1,4
5,5,2,0.0006518792361021042,0,0,3,3,5,2,1,1,1,1,1,1
5,5,3,0.003193455282598734,0,0,3,3,5,3,1,1,1,1,1,1
5,5,7,0.07869114726781845,0,0,3,3,5,1,1,2,1,1,1,1
5,5,8,0.0029795162845402956,0,0,3,3,5,2,1,2,1,1,1,1
5,5,11,0.31528332829475403,0,0,3,3,5,5,1,2,1,1,1,1
5,5,13,0.007670010905712843,0,0,3,3,5,1,1,3,1,1,1,1
5,5,14,0.0019154036417603493,0,0,3,3,5,2,1,3,1,1,1,1
5,5,16,0.007653704844415188,0,0,3,3,5,4,1,3,1,1,1,1
5,5,17,0.004894840996712446,0,0,3,3,5,5,1,3,1,1,1,1
5,5,19,0.05914219841361046,0,0,3,3,5,1,1,4,1,1,1,1
5,5,20,0.007570075802505016,0,0,3,3,5,2,1,4,1,1,1,1
5,5,22,0.04123751074075699,0,0,3,3,5,4,1,4,1,1,1,1
5,5,26,0.003542108926922083,0,0,3,3,5,2,1,5,1,1,1,1
5,5,27,0.004778461996465921,0,0,3,3,5,3,1,5,1,1,1,1
5,5,29,0.014476224780082703,0,0,3,3,5,5,1,5,1,1,1,1
5,5,32,0.022776933386921883,0,0,3,4,5,2,1,2,1,1,1,1
5,5,33,0.01831689663231373,0,0,3,4,5,3,1,3,1,1,1,1
5,5,37,0.00012795277871191502,0,0,3,5,5,2,1,2,1,2,1,2
5,5,38,0.00011700468166964129,0,0,3,5,5,3,1,3,1,2,1,2
5,5,39,0.0006865593604743481,0,0,3,5,5,4,1,4,1,2,1,2
5,5,41,0.15629392862319946,0,1,3,6,5,1,1,0,1,0,1,1
5,5,44,0.18704544007778168,0,1,3,6,5,4,1,0,1,0,1,1
5,5,45,0.04373788461089134,0,1,3,6,5,5,1,0,1,0,1,1
5,6,0,0.006727795582264662,0,0,3,1,6,0,1,0,1,2,1,4
5,6,2,0.00017752338317222893,0,0,3,3,6,2,1,1,1,1,1,1
5,6,3,0.0013481710338965058,0,0,3,3,6,3,1,1,1,1,1,1
5,6,7,0.06934996694326401,0,0,3,3,6,1,1,2,1,1,1,1
5,6,8,0.0013763592578470707,0,0,3,3,6,2,1,2,1,1,1,1
5,6,11,0.06099013611674309,0,0,3,3,6,5,1,2,1,1,1,1
5,6,13,0.03636171296238899,0,0,3,3,6,1,1,3,1,1,1,1
5,6,14,0.0024522170424461365,0,0,3,3,6,2,1,3,1,1,1,1
5,6,16,0.010408870875835419,0,0,3,3,6,4,1,3,1,1,1,1
5,6,17,0.005960091482847929,0,0,3,3,6,5,1,3,1,1,1,1
5,6,19,0.0965368002653122,0,0,3,3,6,1,1,4,1,1,1,1
5,6,20,0.007225630339235067,0,0,3,3,6,2,1,4,1,1,1,1
5,6,22,0.01465608086436987,0,0,3,3,6,4,1,4,1,1,1,1
5,6,26,0.002826893934980035,0,0,3,3,6,2,1,5,1,1,1,1
5,6,27,0.004356880206614733,0,0,3,3,6,3,1,5,1,1,1,1
5,6,29,0.001731874537654221,0,0,3,3,6,5,1,5,1,1,1,1
5,6,32,0.014198610559105873,0,0,3,4,6,2,1,2,1,1,1,1
5,6,33,0.01305573619902134,0,0,3,4,6,3,1,3,1,1,1,1
5,6,37,5.226770736044273e-05,0,0,3,5,6,2,1,2,1,2,1,2
5,6,38,0.00011107791942777112,0,0,3,5,6,3,1,3,1,2,1,2
5,6,39,0.00045353846508078277,0,0,3,5,6,4,1,4,1,2,1,2
5,6,41,0.3816114664077759,0,1,3,6,6,1,1,0,1,0,1,1
5,6,44,0.24658203125,0,1,3,6,6,4,1,0,1,0,1,1
5,6,45,0.021448003128170967,0,1,3,6,6,5,1,0,1,0,1,1
5,9,0,0.1773170679807663,0,0,3,1,3,0,2,0,1,2,1,4
5,9,2,0.05036092549562454,0,0,3,3,3,2,2,1,1,1,1,1
5,9,3,0.028700513765215874,0,0,3,3,3,3,2,1,1,1,1,1
5,9,7,0.017153097316622734,0,0,3,3,3,1,2,2,1,1,1,1
5,9,8,0.21750982105731964,0,0,3,3,3,2,2,2,1,1,1,1
5,9,11,0.029669983312487602,0,0,3,3,3,5,2,2,1,1,1,1
5,9,13,0.0019219622481614351,0,0,3,3,3,1,2,3,1,1,1,1
5,9,14,0.002967203501611948,0,0,3,3,3,2,2,3,1,1,1,1
5,9,16,0.0025022837799042463,0,0,3,3,3,4,2,3,1,1,1,1
5,9,17,0.006025986280292273,0,0,3,3,3,5,2,3,1,1,1,1
5,9,19,0.004459830932319164,0,0,3,3,3,1,2,4,1,1,1,1
5,9,20,0.09963647276163101,0,0,3,3,3,2,2,4,1,1,1,1
5,9,22,0.002792512532323599,0,0,3,3,3,4,2,4,1,1,1,1
5,9,26,0.0348130539059639,0,0,3,3,3,2,2,5,1,1,1,1
5,9,27,0.003105413867160678,0,0,3,3,3,3,2,5,1,1,1,1
5,9,29,0.003303609322756529,0,0,3,3,3,5,2,5,1,1,1,1
5,9,32,0.16005609929561615,0,0,3,4,3,2,2,2,1,1,1,1
5,9,33,0.010739888995885849,0,0,3,4,3,3,2,3,1,1,1,1
5,9,37,0.12717384099960327,0,0,3,5,3,2,2,2,1,2,1,2
5,9,38,0.005459381267428398,0,0,3,5,3,3,2,3,1,2,1,2
5,9,39,0.009914858266711235,0,0,3,5,3,4,2,4,1,2,1,2
5,9,41,0.002031621988862753,0,1,3,6,3,1,2,0,1,0,1,1
5,9,44,0.0004800547321792692,0,1,3,6,3,4,2,0,1,0,1,1
5,9,45,0.0019044720102101564,0,1,3,6,3,5,2,0,1,0,1,1
5,10,0,0.01157469768077135,0,0,3,1,4,0,2,0,1,2,1,4
5,10,2,0.019776470959186554,0,0,3,3,4,2,2,1,1,1,1,1
5,10,3,0.010564696975052357,0,0,3,3,4,3,2,1,1,1,1,1
5,10,7,0.1952085793018341,0,0,3,3,4,1,2,2,1,1,1,1
5,10,8,0.03411628678441048,0,0,3,3,4,2,2,2,1,1,1,1
5,10,11,0.22313402593135834,0,0,3,3,4,5,2,2,1,1,1,1
5,10,13,0.0156615749001503,0,0,3,3,4,1,2,3,1,1,1,1
5,10,14,0.006034258287400007,0,0,3,3,4,2,2,3,1,1,1,1
5,10,16,0.010278942994773388,0,0,3,3,4,4,2,3,1,1,1,1
5,10,17,0.0329742431640625,0,0,3,3,4,5,2,3,1,1,1,1
5,10,19,0.16986685991287231,0,0,3,3,4,1,2,4,1,1,1,1
5,10,20,0.053329307585954666,0,0,3,3,4,2,2,4,1,1,1,1
5,10,22,0.0069268615916371346,0,0,3,3,4,4,2,4,1,1,1,1
5,10,26,0.022606678307056427,0,0,3,3,4,2,2,5,1,1,1,1
5,10,27,0.006709676701575518,0,0,3,3,4,3,2,5,1,1,1,1
5,10,29,0.04306165874004364,0,0,3,3,4,5,2,5,1,1,1,1
5,10,32,0.1122920885682106,0,0,3,4,4,2,2,2,1,1,1,1
5,10,33,0.01315135695040226,0,0,3,4,4,3,2,3,1,1,1,1
5,10,37,0.00454339012503624,0,0,3,5,4,2,2,2,1,2,1,2
5,10,38,0.0006094409618526697,0,0,3,5,4,3,2,3,1,2,1,2
5,10,39,0.003720103995874524,0,0,3,5,4,4,2,4,1,2,1,2
5,10,41,0.0016189627349376678,0,1,3,6,4,1,2,0,1,0,1,1
5,10,44,0.0011264237109571695,0,1,3,6,4,4,2,0,1,0,1,1
5,10,45,0.0011138758854940534,0,1,3,6,4,5,2,0,1,0,1,1
5,12,0,0.0035387245006859303,0,0,3,1,6,0,2,0,1,2,1,4
5,12,2,0.00016496179159730673,0,0,3,3,6,2,2,1,1,1,1,1
5,12,3,0.0004554470651783049,0,0,3,3,6,3,2,1,1,1,1,1
5,12,7,0.0022210325114428997,0,0,3,3,6,1,2,2,1,1,1,1
5,12,8,0.0028736405074596405,0,0,3,3,6,2,2,2,1,1,1,1
5,12,11,0.0036532660014927387,0,0,3,3,6,5,2,2,1,1,1,1
5,12,13,0.0022262907586991787,0,0,3,3,6,1,2,3,1,1,1,1
5,12,14,0.0004078903002664447,0,0,3,3,6,2,2,3,1,1,1,1
5,12,16,0.0015256465412676334,0,0,3,3,6,4,2,3,1,1,1,1
5,12,17,0.0006544984644278884,0,0,3,3,6,5,2,3,1,1,1,1
5,12,19,0.006960403639823198,0,0,3,3,6,1,2,4,1,1,1,1
5,12,20,0.007690247613936663,0,0,3,3,6,2,2,4,1,1,1,1
5,12,22,0.00688592903316021,0,0,3,3,6,4,2,4,1,1,1,1
5,12,26,0.001711515593342483,0,0,3,3,6,2,2,5,1,1,1,1
5,12,27,0.0008935545338317752,0,0,3,3,6,3,2,5,1,1,1,1
5,12,29,0.00014624919276684523,0,0,3,3,6,5,2,5,1,1,1,1
5,12,32,0.0044292546808719635,0,0,3,4,6,2,2,2,1,1,1,1
5,12,33,0.0016825133934617043,0,0,3,4,6,3,2,3,1,1,1,1
5,12,37,0.00016781766316853464,0,0,3,5,6,2,2,2,1,2,1,2
5,12,38,0.00013293935626279563,0,0,3,5,6,3,2,3,1,2,1,2
5,12,39,0.0006662571686320007,0,0,3,5,6,4,2,4,1,2,1,2
5,12,41,0.530630886554718,0,1,3,6,6,1,2,0,1,0,1,1
5,12,44,0.3695782721042633,0,1,3,6,6,4,2,0,1,0,1,1
5,12,45,0.05070250481367111,0,1,3,6,6,5,2,0,1,0,1,1
5,15,0,0.00312720681540668,0,0,3,1,3,0,3,0,1,2,1,4
5,15,2,0.0016189991729333997,0,0,3,3,3,2,3,1,1,1,1,1
5,15,3,0.0006921612657606602,0,0,3,3,3,3,3,1,1,1,1,1
5,15,7,0.008284400217235088,0,0,3,3,3,1,3,2,1,1,1,1
5,15,8,0.010513831861317158,0,0,3,3,3,2,3,2,1,1,1,1
5,15,11,0.014343304559588432,0,0,3,3,3,5,3,2,1,1,1,1
5,15,13,0.003369237296283245,0,0,3,3,3,1,3,3,1,1,1,1
5,15,14,0.002485415665432811,0,0,3,3,3,2,3,3,1,1,1,1
5,15,16,0.008170009590685368,0,0,3,3,3,4,3,3,1,1,1,1
5,15,17,0.0025419616140425205,0,0,3,3,3,5,3,3,1,1,1,1
5,15,19,0.031313519924879074,0,0,3,3,3,1,3,4,1,1,1,1
5,15,20,0.013719232752919197,0,0,3,3,3,2,3,4,1,1,1,1
5,15,22,0.012915284372866154,0,0,3,3,3,4,3,4,1,1,1,1
5,15,26,0.004664255306124687,0,0,3,3,3,2,3,5,1,1,1,1
5,15,27,0.0011436922941356897,0,0,3,3,3,3,3,5,1,1,1,1
5,15,29,0.0033461872953921556,0,0,3,3,3,5,3,5,1,1,1,1
5,15,32,0.006571520119905472,0,0,3,4,3,2,3,2,1,1,1,1
5,15,33,0.0012961571337655187,0,0,3,4,3,3,3,3,1,1,1,1
5,15,37,0.00014474117779172957,0,0,3,5,3,2,3,2,1,2,1,2
5,15,38,8.912196790333837e-05,0,0,3,5,3,3,3,3,1,2,1,2
5,15,39,0.0005545442691072822,0,0,3,5,3,4,3,4,1,2,1,2
5,15,41,0.19748389720916748,0,1,3,6,3,1,3,0,1,0,1,1
5,15,44,0.5933490991592407,0,1,3,6,3,4,3,0,1,0,1,1
5,15,45,0.07826227694749832,0,1,3,6,3,5,3,0,1,0,1,1
5,18,0,0.00994705967605114,0,0,3,1,6,0,3,0,1,2,1,4
5,18,2,0.00012662744848057628,0,0,3,3,6,2,3,1,1,1,1,1
5,18,3,0.0008200838346965611,0,0,3,3,6,3,3,1,1,1,1,1
5,18,7,0.011596309021115303,0,0,3,3,6,1,3,2,1,1,1,1
5,18,8,0.00133862579241395,0,0,3,3,6,2,3,2,1,1,1,1
5,18,11,0.04038340970873833,0,0,3,3,6,5,3,2,1,1,1,1
5,18,13,0.011582022532820702,0,0,3,3,6,1,3,3,1,1,1,1
5,18,14,0.005141780246049166,0,0,3,3,6,2,3,3,1,1,1,1
5,18,16,0.013755392283201218,0,0,3,3,6,4,3,3,1,1,1,1
5,18,17,0.002878601662814617,0,0,3,3,6,5,3,3,1,1,1,1
5,18,19,0.01797359809279442,0,0,3,3,6,1,3,4,1,1,1,1
5,18,20,0.003145139431580901,0,0,3,3,6,2,3,4,1,1,1,1
5,18,22,0.005584087688475847,0,0,3,3,6,4,3,4,1,1,1,1
5,18,26,0.00263083353638649,0,0,3,3,6,2,3,5,1,1,1,1
5,18,27,0.0023328603710979223,0,0,3,3,6,3,3,5,1,1,1,1
5,18,29,0.002243888797238469,0,0,3,3,6,5,3,5,1,1,1,1
5,18,32,0.0070447130128741264,0,0,3,4,6,2,3,2,1,1,1,1
5,18,33,0.002930457703769207,0,0,3,4,6,3,3,3,1,1,1,1
5,18,37,3.0877770768711343e-05,0,0,3,5,6,2,3,2,1,2,1,2
5,18,38,5.089166370453313e-05,0,0,3,5,6,3,3,3,1,2,1,2
5,18,39,0.00038385562947951257,0,0,3,5,6,4,3,4,1,2,1,2
5,18,41,0.20453472435474396,0,1,3,6,6,1,3,0,1,0,1,1
5,18,44,0.6374292373657227,0,1,3,6,6,4,3,0,1,0,1,1
5,18,45,0.016115033999085426,0,1,3,6,6,5,3,0,1,0,1,1
5,21,0,0.005541033111512661,0,0,3,1,3,0,4,0,1,2,1,4
5,21,2,0.0005759886698797345,0,0,3,3,3,2,4,1,1,1,1,1
5,21,3,0.0015132755506783724,0,0,3,3,3,3,4,1,1,1,1,1
5,21,7,0.0008724798681214452,0,0,3,3,3,1,4,2,1,1,1,1
5,21,8,0.0025885484647005796,0,0,3,3,3,2,4,2,1,1,1,1
5,21,11,0.005367560777813196,0,0,3,3,3,5,4,2,1,1,1,1
5,21,13,0.00021475570974871516,0,0,3,3,3,1,4,3,1,1,1,1
5,21,14,0.00047112273750826716,0,0,3,3,3,2,4,3,1,1,1,1
5,21,16,0.0021494352258741856,0,0,3,3,3,4,4,3,1,1,1,1
5,21,17,0.0011092700297012925,0,0,3,3,3,5,4,3,1,1,1,1
5,21,19,0.00044583421549759805,0,0,3,3,3,1,4,4,1,1,1,1
5,21,20,0.0011760365450754762,0,0,3,3,3,2,4,4,1,1,1,1
5,21,22,0.006936249788850546,0,0,3,3,3,4,4,4,1,1,1,1
5,21,26,0.0010569950100034475,0,0,3,3,3,2,4,5,1,1,1,1
5,21,27,0.0006370960618369281,0,0,3,3,3,3,4,5,1,1,1,1
5,21,29,0.001435738755390048,0,0,3,3,3,5,4,5,1,1,1,1
5,21,32,0.0006732887122780085,0,0,3,4,3,2,4,2,1,1,1,1
5,21,33,0.0007456408930011094,0,0,3,4,3,3,4,3,1,1,1,1
5,21,37,0.0003054992121178657,0,0,3,5,3,2,4,2,1,2,1,2
5,21,38,0.00032945655402727425,0,0,3,5,3,3,4,3,1,2,1,2
5,21,39,0.0006773650529794395,0,0,3,5,3,4,4,4,1,2,1,2
5,21,41,0.15064814686775208,0,1,3,6,3,1,4,0,1,0,1,1
5,21,44,0.41230878233909607,0,1,3,6,3,4,4,0,1,0,1,1
5,21,45,0.40222060680389404,0,1,3,6,3,5,4,0,1,0,1,1
5,23,0,0.0029254616238176823,0,0,3,1,5,0,4,0,1,2,1,4
5,23,2,7.358686707448214e-05,0,0,3,3,5,2,4,1,1,1,1,1
5,23,3,0.00022868553060106933,0,0,3,3,5,3,4,1,1,1,1,1
5,23,7,0.0007395414286293089,0,0,3,3,5,1,4,2,1,1,1,1
5,23,8,0.0003517543664202094,0,0,3,3,5,2,4,2,1,1,1,1
5,23,11,0.005469154100865126,0,0,3,3,5,5,4,2,1,1,1,1
5,23,13,0.000522986869327724,0,0,3,3,5,1,4,3,1,1,1,1
5,23,14,0.00037796428659930825,0,0,3,3,5,2,4,3,1,1,1,1
5,23,16,0.002415952505543828,0,0,3,3,5,4,4,3,1,1,1,1
5,23,17,0.00038026092806831,0,0,3,3,5,5,4,3,1,1,1,1
5,23,19,0.0014364345697686076,0,0,3,3,5,1,4,4,1,1,1,1
5,23,20,0.0006157014286145568,0,0,3,3,5,2,4,4,1,1,1,1
5,23,22,0.008080931380391121,0,0,3,3,5,4,4,4,1,1,1,1
5,23,26,0.0004979167133569717,0,0,3,3,5,2,4,5,1,1,1,1
5,23,27,0.0006004718597978354,0,0,3,3,5,3,4,5,1,1,1,1
5,23,29,0.0007175469072535634,0,0,3,3,5,5,4,5,1,1,1,1
5,23,32,0.0007014842703938484,0,0,3,4,5,2,4,2,1,1,1,1
5,23,33,0.001130357151851058,0,0,3,4,5,3,4,3,1,1,1,1
5,23,37,2.3049055016599596e-05,0,0,3,5,5,2,4,2,1,2,1,2
5,23,38,4.779879964189604e-05,0,0,3,5,5,3,4,3,1,2,1,2
5,23,39,0.00027484953170642257,0,0,3,5,5,4,4,4,1,2,1,2
5,23,41,0.1798623651266098,0,1,3,6,5,1,4,0,1,0,1,1
5,23,44,0.7133150696754456,0,1,3,6,5,4,4,0,1,0,1,1
5,23,45,0.07921071350574493,0,1,3,6,5,5,4,0,1,0,1,1
5,24,0,0.0010088745038956404,0,0,3,1,6,0,4,0,1,2,1,4
5,24,2,1.5716825600975426e-06,0,0,3,3,6,2,4,1,1,1,1,1
5,24,3,5.230111491982825e-05,0,0,3,3,6,3,4,1,1,1,1,1
5,24,7,0.0003693880280479789,0,0,3,3,6,1,4,2,1,1,1,1
5,24,8,2.019280509557575e-05,0,0,3,3,6,2,4,2,1,1,1,1
5,24,11,0.0018053378444164991,0,0,3,3,6,5,4,2,1,1,1,1
5,24,13,0.00015032409282866865,0,0,3,3,6,1,4,3,1,1,1,1
5,24,14,4.57570786238648e-05,0,0,3,3,6,2,4,3,1,1,1,1
5,24,16,0.00043383287265896797,0,0,3,3,6,4,4,3,1,1,1,1
5,24,17,3.8049969589337707e-05,0,0,3,3,6,5,4,3,1,1,1,1
5,24,19,0.00031588171259500086,0,0,3,3,6,1,4,4,1,1,1,1
5,24,20,4.3155534513061866e-05,0,0,3,3,6,2,4,4,1,1,1,1
5,24,22,0.0009920363081619143,0,0,3,3,6,4,4,4,1,1,1,1
5,24,26,7.484130765078589e-05,0,0,3,3,6,2,4,5,1,1,1,1
5,24,27,0.00013441195187624544,0,0,3,3,6,3,4,5,1,1,1,1
5,24,29,3.056756395380944e-05,0,0,3,3,6,5,4,5,1,1,1,1
5,24,32,0.00019290416094008833,0,0,3,4,6,2,4,2,1,1,1,1
5,24,33,0.00045310461428016424,0,0,3,4,6,3,4,3,1,1,1,1
5,24,37,5.823580977448728e-07,0,0,3,5,6,2,4,2,1,2,1,2
5,24,38,3.40298174705822e-06,0,0,3,5,6,3,4,3,1,2,1,2
5,24,39,6.4707019191700965e-06,0,0,3,5,6,4,4,4,1,2,1,2
5,24,41,0.45468631386756897,0,1,3,6,6,1,4,0,1,0,1,1
5,24,44,0.5096709728240967,0,1,3,6,6,4,4,0,1,0,1,1
5,24,45,0.029469482600688934,0,1,3,6,6,5,4,0,1,0,1,1
5,25,0,0.002917355392128229,0,0,3,1,1,0,5,0,1,2,1,4
5,25,2,0.0018333098851144314,0,0,3,3,1,2,5,1,1,1,1,1
5,25,3,0.0016862978227436543,0,0,3,3,1,3,5,1,1,1,1,1
5,25,7,0.062247004359960556,0,0,3,3,1,1,5,2,1,1,1,1
5,25,8,0.015650970861315727,0,0,3,3,1,2,5,2,1,1,1,1
5,25,11,0.27089962363243103,0,0,3,3,1,5,5,2,1,1,1,1
5,25,13,0.03228316456079483,0,0,3,3,1,1,5,3,1,1,1,1
5,25,14,0.005113466642796993,0,0,3,3,1,2,5,3,1,1,1,1
5,25,16,0.019023830071091652,0,0,3,3,1,4,5,3,1,1,1,1
5,25,17,0.02141443081200123,0,0,3,3,1,5,5,3,1,1,1,1
5,25,19,0.1539941132068634,0,0,3,3,1,1,5,4,1,1,1,1
5,25,20,0.0257656741887331,0,0,3,3,1,2,5,4,1,1,1,1
5,25,22,0.01922111213207245,0,0,3,3,1,4,5,4,1,1,1,1
5,25,26,0.009310825727880001,0,0,3,3,1,2,5,5,1,1,1,1
5,25,27,0.004759116098284721,0,0,3,3,1,3,5,5,1,1,1,1
5,25,29,0.03268057852983475,0,0,3,3,1,5,5,5,1,1,1,1
5,25,32,0.03424859791994095,0,0,3,4,1,2,5,2,1,1,1,1
5,25,33,0.008271086029708385,0,0,3,4,1,3,5,3,1,1,1,1
5,25,37,5.453323319670744e-05,0,0,3,5,1,2,5,2,1,2,1,2
5,25,38,1.3508280972018838e-05,0,0,3,5,1,3,5,3,1,2,1,2
5,25,39,0.000584360386710614,0,0,3,5,1,4,5,4,1,2,1,2
5,25,41,0.06280382722616196,0,1,3,6,1,1,5,0,1,0,1,1
5,25,44,0.18724004924297333,0,1,3,6,1,4,5,0,1,0,1,1
5,25,45,0.027983129024505615,0,1,3,6,1,5,5,0,1,0,1,1
5,28,0,0.0005746704409830272,0,0,3,1,4,0,5,0,1,2,1,4
5,28,2,0.0007416438311338425,0,0,3,3,4,2,5,1,1,1,1,1
5,28,3,0.0005143869784660637,0,0,3,3,4,3,5,1,1,1,1,1
5,28,7,0.05433986335992813,0,0,3,3,4,1,5,2,1,1,1,1
5,28,8,0.0009905621409416199,0,0,3,3,4,2,5,2,1,1,1,1
5,28,11,0.4115152060985565,0,0,3,3,4,5,5,2,1,1,1,1
5,28,13,0.013559442013502121,0,0,3,3,4,1,5,3,1,1,1,1
5,28,14,0.006142179947346449,0,0,3,3,4,2,5,3,1,1,1,1
5,28,16,0.013391546905040741,0,0,3,3,4,4,5,3,1,1,1,1
5,28,17,0.030698683112859726,0,0,3,3,4,5,5,3,1,1,1,1
5,28,19,0.26632434129714966,0,0,3,3,4,1,5,4,1,1,1,1
5,28,20,0.0045676929876208305,0,0,3,3,4,2,5,4,1,1,1,1
5,28,22,0.008554360829293728,0,0,3,3,4,4,5,4,1,1,1,1
5,28,26,0.0012537565780803561,0,0,3,3,4,2,5,5,1,1,1,1
5,28,27,0.0017615500837564468,0,0,3,3,4,3,5,5,1,1,1,1
5,28,29,0.12872885167598724,0,0,3,3,4,5,5,5,1,1,1,1
5,28,32,0.00269119325093925,0,0,3,4,4,2,5,2,1,1,1,1
5,28,33,0.001492822077125311,0,0,3,4,4,3,5,3,1,1,1,1
5,28,37,4.7201697270793375e-06,0,0,3,5,4,2,5,2,1,2,1,2
5,28,38,3.858236141240923e-06,0,0,3,5,4,3,5,3,1,2,1,2
5,28,39,0.00032411812571808696,0,0,3,5,4,4,5,4,1,2,1,2
5,28,41,0.003015544032678008,0,1,3,6,4,1,5,0,1,0,1,1
5,28,44,0.04613491892814636,0,1,3,6,4,4,5,0,1,0,1,1
5,28,45,0.002674020593985915,0,1,3,6,4,5,5,0,1,0,1,1
5,30,0,1.4424085748032667e-05,0,0,3,1,6,0,5,0,1,2,1,4
5,30,2,1.1712440027622506e-05,0,0,3,3,6,2,5,1,1,1,1,1
5,30,3,9.4125480245566e-06,0,0,3,3,6,3,5,1,1,1,1,1
5,30,7,0.0004648313915822655,0,0,3,3,6,1,5,2,1,1,1,1
5,30,8,8.602297020843253e-05,0,0,3,3,6,2,5,2,1,1,1,1
5,30,11,0.0016046775272116065,0,0,3,3,6,5,5,2,1,1,1,1
5,30,13,0.0008726140367798507,0,0,3,3,6,1,5,3,1,1,1,1
5,30,14,0.00017789141566026956,0,0,3,3,6,2,5,3,1,1,1,1
5,30,16,0.0008127199835143983,0,0,3,3,6,4,5,3,1,1,1,1
5,30,17,0.00042918804683722556,0,0,3,3,6,5,5,3,1,1,1,1
5,30,19,0.011128858663141727,0,0,3,3,6,1,5,4,1,1,1,1
5,30,20,0.0003352075000293553,0,0,3,3,6,2,5,4,1,1,1,1
5,30,22,0.0014672710094600916,0,0,3,3,6,4,5,4,1,1,1,1
5,30,26,6.641986692557111e-05,0,0,3,3,6,2,5,5,1,1,1,1
5,30,27,8.12494326964952e-05,0,0,3,3,6,3,5,5,1,1,1,1
5,30,29,0.00031913211569190025,0,0,3,3,6,5,5,5,1,1,1,1
5,30,32,5.471114855026826e-05,0,0,3,4,6,2,5,2,1,1,1,1
5,30,33,3.782649218919687e-05,0,0,3,4,6,3,5,3,1,1,1,1
5,30,37,7.365583343243998e-08,0,0,3,5,6,2,5,2,1,2,1,2
5,30,38,1.8958077419028996e-07,0,0,3,5,6,3,5,3,1,2,1,2
5,30,39,9.93058620224474e-06,0,0,3,5,6,4,5,4,1,2,1,2
5,30,41,0.08271311968564987,0,1,3,6,6,1,5,0,1,0,1,1
5,30,44,0.8781833648681641,0,1,3,6,6,4,5,0,1,0,1,1
5,30,45,0.021118532866239548,0,1,3,6,6,5,5,0,1,0,1,1
5,31,0,0.005924998316913843,0,0,4,1,1,0,1,0,1,2,1,4
5,31,2,0.041291337460279465,0,0,4,3,1,2,1,1,1,1,1,1
5,31,3,0.005263358820229769,0,0,4,3,1,3,1,1,1,1,1,1
5,31,7,0.12601320445537567,0,0,4,3,1,1,1,2,1,1,1,1
5,31,8,0.09392447769641876,0,0,4,3,1,2,1,2,1,1,1,1
5,31,11,0.03775946795940399,0,0,4,3,1,5,1,2,1,1,1,1
5,31,13,0.011650832369923592,0,0,4,3,1,1,1,3,1,1,1,1
5,31,14,0.002984919585287571,0,0,4,3,1,2,1,3,1,1,1,1
5,31,16,0.006625126115977764,0,0,4,3,1,4,1,3,1,1,1,1
5,31,17,0.004843391478061676,0,0,4,3,1,5,1,3,1,1,1,1
5,31,19,0.10575200617313385,0,0,4,3,1,1,1,4,1,1,1,1
5,31,20,0.09274982661008835,0,0,4,3,1,2,1,4,1,1,1,1
5,31,22,0.004286968149244785,0,0,4,3,1,4,1,4,1,1,1,1
5,31,26,0.05763614922761917,0,0,4,3,1,2,1,5,1,1,1,1
5,31,27,0.005156104452908039,0,0,4,3,1,3,1,5,1,1,1,1
5,31,29,0.009574689902365208,0,0,4,3,1,5,1,5,1,1,1,1
5,31,32,0.35766124725341797,0,0,4,4,1,2,1,2,1,1,1,1
5,31,33,0.02101786434650421,0,0,4,4,1,3,1,3,1,1,1,1
5,31,37,0.002655393909662962,0,0,4,5,1,2,1,2,1,2,1,2
5,31,38,0.00012559232709463686,0,0,4,5,1,3,1,3,1,2,1,2
5,31,39,0.00016173017502296716,0,0,4,5,1,4,1,4,1,2,1,2
5,31,41,0.003898447146639228,0,1,4,6,1,1,1,0,1,0,1,1
5,31,44,0.0005032058106735349,0,1,4,6,1,4,1,0,1,0,1,1
5,31,45,0.0025397741701453924,0,1,4,6,1,5,1,0,1,0,1,1
5,34,0,0.0003866055922117084,0,0,4,1,4,0,4,0,1,2,1,4
5,34,2,0.011143886484205723,0,0,4,3,4,2,4,1,1,1,1,1
5,34,3,0.007541818078607321,0,0,4,3,4,3,4,1,1,1,1,1
5,34,7,0.39738062024116516,0,0,4,3,4,1,4,2,1,1,1,1
5,34,8,0.010241161100566387,0,0,4,3,4,2,4,2,1,1,1,1
5,34,11,0.24060595035552979,0,0,4,3,4,5,4,2,1,1,1,1
5,34,13,0.006368010770529509,0,0,4,3,4,1,4,3,1,1,1,1
5,34,14,0.002890632953494787,0,0,4,3,4,2,4,3,1,1,1,1
5,34,16,0.0043792505748569965,0,0,4,3,4,4,4,3,1,1,1,1
5,34,17,0.02586798556149006,0,0,4,3,4,5,4,3,1,1,1,1
5,34,19,0.10892333835363388,0,0,4,3,4,1,4,4,1,1,1,1
5,34,20,0.008162089623510838,0,0,4,3,4,2,4,4,1,1,1,1
5,34,22,0.0013776738196611404,0,0,4,3,4,4,4,4,1,1,1,1
5,34,26,0.014198691584169865,0,0,4,3,4,2,4,5,1,1,1,1
5,34,27,0.0037308926694095135,0,0,4,3,4,3,4,5,1,1,1,1
5,34,29,0.09867261350154877,0,0,4,3,4,5,4,5,1,1,1,1
5,34,32,0.04400339350104332,0,0,4,4,4,2,4,2,1,1,1,1
5,34,33,0.013096985407173634,0,0,4,4,4,3,4,3,1,1,1,1
5,34,37,0.0001575094647705555,0,0,4,5,4,2,4,2,1,2,1,2
5,34,38,2.6297186195733957e-05,0,0,4,5,4,3,4,3,1,2,1,2
5,34,39,3.6373690818436444e-05,0,0,4,5,4,4,4,4,1,2,1,2
5,34,41,0.00029968793387524784,0,1,4,6,4,1,4,0,1,0,1,1
5,34,44,7.26230937289074e-05,0,1,4,6,4,4,4,0,1,0,1,1
5,34,45,0.00043592031579464674,0,1,4,6,4,5,4,0,1,0,1,1
5,35,0,0.006908105220645666,0,0,4,1,5,0,5,0,1,2,1,4
5,35,2,0.01182252261787653,0,0,4,3,5,2,5,1,1,1,1,1
5,35,3,0.003753273282200098,0,0,4,3,5,3,5,1,1,1,1,1
5,35,7,0.12381856888532639,0,0,4,3,5,1,5,2,1,1,1,1
5,35,8,0.010765330865979195,0,0,4,3,5,2,5,2,1,1,1,1
5,35,11,0.4483364224433899,0,0,4,3,5,5,5,2,1,1,1,1
5,35,13,0.014605140313506126,0,0,4,3,5,1,5,3,1,1,1,1
5,35,14,0.008238374255597591,0,0,4,3,5,2,5,3,1,1,1,1
5,35,16,0.008484016172587872,0,0,4,3,5,4,5,3,1,1,1,1
5,35,17,0.028430642560124397,0,0,4,3,5,5,5,3,1,1,1,1
5,35,19,0.1214587464928627,0,0,4,3,5,1,5,4,1,1,1,1
5,35,20,0.027037395164370537,0,0,4,3,5,2,5,4,1,1,1,1
5,35,22,0.006091627757996321,0,0,4,3,5,4,5,4,1,1,1,1
5,35,26,0.005563625134527683,0,0,4,3,5,2,5,5,1,1,1,1
5,35,27,0.0029135551303625107,0,0,4,3,5,3,5,5,1,1,1,1
5,35,29,0.12075170129537582,0,0,4,3,5,5,5,5,1,1,1,1
5,35,32,0.04134591296315193,0,0,4,4,5,2,5,2,1,1,1,1
5,35,33,0.006725772749632597,0,0,4,4,5,3,5,3,1,1,1,1
5,35,37,0.00033314956817775965,0,0,4,5,5,2,5,2,1,2,1,2
5,35,38,3.305109930806793e-05,0,0,4,5,5,3,5,3,1,2,1,2
5,35,39,0.0008297774475067854,0,0,4,5,5,4,5,4,1,2,1,2
5,35,41,0.00036301204818300903,0,1,4,6,5,1,5,0,1,0,1,1
5,35,44,0.0007497908663935959,0,1,4,6,5,4,5,0,1,0,1,1
5,35,45,0.0006402858998626471,0,1,4,6,5,5,5,0,1,0,1,1
5,36,0,0.008747604675590992,0,0,5,1,1,0,1,0,2,2,2,4
5,36,2,0.16096220910549164,0,0,5,3,1,2,1,1,2,1,2,1
5,36,3,0.03899994120001793,0,0,5,3,1,3,1,1,2,1,2,1
5,36,7,0.040087103843688965,0,0,5,3,1,1,1,2,2,1,2,1
5,36,8,0.11738933622837067,0,0,5,3,1,2,1,2,2,1,2,1
5,36,11,0.022755200043320656,0,0,5,3,1,5,1,2,2,1,2,1
5,36,13,0.020346825942397118,0,0,5,3,1,1,1,3,2,1,2,1
5,36,14,0.05517711862921715,0,0,5,3,1,2,1,3,2,1,2,1
5,36,16,0.021684875711798668,0,0,5,3,1,4,1,3,2,1,2,1
5,36,17,0.02435976080596447,0,0,5,3,1,5,1,3,2,1,2,1
5,36,19,0.05170123651623726,0,0,5,3,1,1,1,4,2,1,2,1
5,36,20,0.06513068825006485,0,0,5,3,1,2,1,4,2,1,2,1
5,36,22,0.00730210030451417,0,0,5,3,1,4,1,4,2,1,2,1
5,36,26,0.12078271806240082,0,0,5,3,1,2,1,5,2,1,2,1
5,36,27,0.0367417074739933,0,0,5,3,1,3,1,5,2,1,2,1
5,36,29,0.05347353219985962,0,0,5,3,1,5,1,5,2,1,2,1
5,36,32,0.08777880668640137,0,0,5,4,1,2,1,2,2,1,2,1
5,36,33,0.027330895885825157,0,0,5,4,1,3,1,3,2,1,2,1
5,36,37,0.019315069541335106,0,0,5,5,1,2,1,2,2,2,2,2
5,36,38,0.005777072161436081,0,0,5,5,1,3,1,3,2,2,2,2
5,36,39,0.0031797313131392,0,0,5,5,1,4,1,4,2,2,2,2
5,36,41,0.004261904861778021,0,1,5,6,1,1,1,0,2,0,2,1
5,36,44,0.0017016046913340688,0,1,5,6,1,4,1,0,2,0,2,1
5,36,45,0.005012976936995983,0,1,5,6,1,5,1,0,2,0,2,1
5,40,0,0.002168768085539341,0,0,5,1,5,0,5,0,2,2,2,4
5,40,2,0.17672519385814667,0,0,5,3,5,2,5,1,2,1,2,1
5,40,3,0.01630336046218872,0,0,5,3,5,3,5,1,2,1,2,1
5,40,7,0.021113544702529907,0,0,5,3,5,1,5,2,2,1,2,1
5,40,8,0.022051682695746422,0,0,5,3,5,2,5,2,2,1,2,1
5,40,11,0.023494841530919075,0,0,5,3,5,5,5,2,2,1,2,1
5,40,13,0.015279400162398815,0,0,5,3,5,1,5,3,2,1,2,1
5,40,14,0.19188429415225983,0,0,5,3,5,2,5,3,2,1,2,1
5,40,16,0.018050912767648697,0,0,5,3,5,4,5,3,2,1,2,1
5,40,17,0.07810279726982117,0,0,5,3,5,5,5,3,2,1,2,1
5,40,19,0.06472712755203247,0,0,5,3,5,1,5,4,2,1,2,1
5,40,20,0.01827049069106579,0,0,5,3,5,2,5,4,2,1,2,1
5,40,22,0.0013106162659823895,0,0,5,3,5,4,5,4,2,1,2,1
5,40,26,0.025757869705557823,0,0,5,3,5,2,5,5,2,1,2,1
5,40,27,0.013504322618246078,0,0,5,3,5,3,5,5,2,1,2,1
5,40,29,0.28149649500846863,0,0,5,3,5,5,5,5,2,1,2,1
5,40,32,0.008553046733140945,0,0,5,4,5,2,5,2,2,1,2,1
5,40,33,0.0042193979024887085,0,0,5,4,5,3,5,3,2,1,2,1
5,40,37,0.005548584274947643,0,0,5,5,5,2,5,2,2,2,2,2
5,40,38,0.0035505180712789297,0,0,5,5,5,3,5,3,2,2,2,2
5,40,39,0.00773974135518074,0,0,5,5,5,4,5,4,2,2,2,2
5,40,41,2.2544980311067775e-05,0,1,5,6,5,1,5,0,2,0,2,1
5,40,44,7.769888179609552e-05,0,1,5,6,5,4,5,0,2,0,2,1
5,40,45,4.68495927634649e-05,0,1,5,6,5,5,5,0,2,0,2,1
5,42,0,5.181672690923733e-07,1,0,6,1,2,0,0,0,0,2,1,4
5,42,2,2.293907709827181e-05,1,0,6,3,2,2,0,1,0,1,1,1
5,42,3,3.4617901292222086e-06,1,0,6,3,2,3,0,1,0,1,1,1
5,42,7,1.648971920076292e-05,1,0,6,3,2,1,0,2,0,1,1,1
5,42,8,4.1661573050078005e-05,1,0,6,3,2,2,0,2,0,1,1,1
5,42,11,6.363520515151322e-05,1,0,6,3,2,5,0,2,0,1,1,1
5,42,13,1.6917314496822655e-05,1,0,6,3,2,1,0,3,0,1,1,1
5,42,14,6.909042713232338e-05,1,0,6,3,2,2,0,3,0,1,1,1
5,42,16,0.000642057741060853,1,0,6,3,2,4,0,3,0,1,1,1
5,42,17,0.00030221533961594105,1,0,6,3,2,5,0,3,0,1,1,1
5,42,19,0.0007315068505704403,1,0,6,3,2,1,0,4,0,1,1,1
5,42,20,5.9944864915451035e-05,1,0,6,3,2,2,0,4,0,1,1,1
5,42,22,0.0007650742772966623,1,0,6,3,2,4,0,4,0,1,1,1
5,42,26,4.792571417056024e-05,1,0,6,3,2,2,0,5,0,1,1,1
5,42,27,2.458367271174211e-05,1,0,6,3,2,3,0,5,0,1,1,1
5,42,29,0.0004426307277753949,1,0,6,3,2,5,0,5,0,1,1,1
5,42,32,1.6561681377424975e-06,1,0,6,4,2,2,0,2,0,1,1,1
5,42,33,1.9533044905983843e-06,1,0,6,4,2,3,0,3,0,1,1,1
5,42,37,6.412012112377852e-07,1,0,6,5,2,2,0,2,0,2,1,2
5,42,38,3.624693817982916e-06,1,0,6,5,2,3,0,3,0,2,1,2
5,42,39,6.93183537805453e-05,1,0,6,5,2,4,0,4,0,2,1,2
5,42,41,0.014004196040332317,1,1,6,6,2,1,0,0,0,0,1,1
5,42,44,0.9345280528068542,1,1,6,6,2,4,0,0,0,0,1,1
5,42,45,0.04814045503735542,1,1,6,6,2,5,0,0,0,0,1,1
5,43,0,1.9126628103549592e-06,1,0,6,1,3,0,0,0,0,2,1,4
5,43,2,0.00014813979214522988,1,0,6,3,3,2,0,1,0,1,1,1
5,43,3,6.496436981251463e-06,1,0,6,3,3,3,0,1,0,1,1,1
5,43,7,7.885952982178424e-06,1,0,6,3,3,1,0,2,0,1,1,1
5,43,8,0.0002566750335972756,1,0,6,3,3,2,0,2,0,1,1,1
5,43,11,0.00019150148727931082,1,0,6,3,3,5,0,2,0,1,1,1
5,43,13,2.3668228095630184e-05,1,0,6,3,3,1,0,3,0,1,1,1
5,43,14,0.00013990391744300723,1,0,6,3,3,2,0,3,0,1,1,1
5,43,16,0.0008033271296881139,1,0,6,3,3,4,0,3,0,1,1,1
5,43,17,0.0006130586261861026,1,0,6,3,3,5,0,3,0,1,1,1
5,43,19,0.00022301838907878846,1,0,6,3,3,1,0,4,0,1,1,1
5,43,20,0.00014103087596595287,1,0,6,3,3,2,0,4,0,1,1,1
5,43,22,0.0012052215170115232,1,0,6,3,3,4,0,4,0,1,1,1
5,43,26,4.6504621423082426e-05,1,0,6,3,3,2,0,5,0,1,1,1
5,43,27,1.9593244360294193e-05,1,0,6,3,3,3,0,5,0,1,1,1
5,43,29,0.0028296695090830326,1,0,6,3,3,5,0,5,0,1,1,1
5,43,32,3.1527929422736634e-06,1,0,6,4,3,2,0,2,0,1,1,1
5,43,33,1.3274947150421212e-06,1,0,6,4,3,3,0,3,0,1,1,1
5,43,37,1.544289830235357e-06,1,0,6,5,3,2,0,2,0,2,1,2
5,43,38,9.64901119004935e-07,1,0,6,5,3,3,0,3,0,2,1,2
5,43,39,0.00015819155669305474,1,0,6,5,3,4,0,4,0,2,1,2
5,43,41,0.003659866051748395,1,1,6,6,3,1,0,0,0,0,1,1
5,43,44,0.8408569693565369,1,1,6,6,3,4,0,0,0,0,1,1
5,43,45,0.14866065979003906,1,1,6,6,3,5,0,0,0,0,1,1
5,46,0,3.574075080337025e-08,1,0,6,1,6,0,0,0,0,2,1,4
5,46,2,4.852393544751976e-07,1,0,6,3,6,2,0,1,0,1,1,1
5,46,3,5.643599720883685e-08,1,0,6,3,6,3,0,1,0,1,1,1
5,46,7,4.915304430141987e-07,1,0,6,3,6,1,0,2,0,1,1,1
5,46,8,3.188074742865865e-06,1,0,6,3,6,2,0,2,0,1,1,1
5,46,11,6.2271665228763595e-06,1,0,6,3,6,5,0,2,0,1,1,1
5,46,13,9.09863956621848e-07,1,0,6,3,6,1,0,3,0,1,1,1
5,46,14,1.4775754380025319e-06,1,0,6,3,6,2,0,3,0,1,1,1
5,46,16,2.862836845451966e-05,1,0,6,3,6,4,0,3,0,1,1,1
5,46,17,4.028242074127775e-06,1,0,6,3,6,5,0,3,0,1,1,1
5,46,19,2.1428621039376594e-05,1,0,6,3,6,1,0,4,0,1,1,1
5,46,20,2.8241770451131742e-06,1,0,6,3,6,2,0,4,0,1,1,1
5,46,22,8.2397811638657e-05,1,0,6,3,6,4,0,4,0,1,1,1
5,46,26,1.152581376118178e-06,1,0,6,3,6,2,0,5,0,1,1,1
5,46,27,5.522061883311835e-07,1,0,6,3,6,3,0,5,0,1,1,1
5,46,29,1.7860806110547855e-05,1,0,6,3,6,5,0,5,0,1,1,1
5,46,32,1.382753680445603e-07,1,0,6,4,6,2,0,2,0,1,1,1
5,46,33,4.3683087369572604e-08,1,0,6,4,6,3,0,3,0,1,1,1
5,46,37,1.9071151324823177e-09,1,0,6,5,6,2,0,2,0,2,1,2
5,46,38,2.4848361146467823e-09,1,0,6,5,6,3,0,3,0,2,1,2
5,46,39,2.7407514835431357e-07,1,0,6,5,6,4,0,4,0,2,1,2
5,46,41,0.008382006548345089,1,1,6,6,6,1,0,0,0,0,1,1
5,46,44,0.9292712807655334,1,1,6,6,6,4,0,0,0,0,1,1
5,46,45,0.06217533349990845,1,1,6,6,6,5,0,0,0,0,1,1
5,47,0,4.0379795791523065e-06,2,0,7,1,0,0,0,0,0,2,4,4
5,47,2,5.282769416226074e-05,2,0,7,3,0,2,0,1,0,1,4,1
5,47,3,8.460359026685182e-07,2,0,7,3,0,3,0,1,0,1,4,1
5,47,7,1.2012681054329732e-06,2,0,7,3,0,1,0,2,0,1,4,1
5,47,8,3.252868555136956e-05,2,0,7,3,0,2,0,2,0,1,4,1
5,47,11,6.001577276038006e-05,2,0,7,3,0,5,0,2,0,1,4,1
5,47,13,5.599088763119653e-05,2,0,7,3,0,1,0,3,0,1,4,1
5,47,14,0.00014252311666496098,2,0,7,3,0,2,0,3,0,1,4,1
5,47,16,0.0006819749251008034,2,0,7,3,0,4,0,3,0,1,4,1
5,47,17,0.00017175616812892258,2,0,7,3,0,5,0,3,0,1,4,1
5,47,19,0.00017542028217576444,2,0,7,3,0,1,0,4,0,1,4,1
5,47,20,9.622435027267784e-05,2,0,7,3,0,2,0,4,0,1,4,1
5,47,22,0.004681764170527458,2,0,7,3,0,4,0,4,0,1,4,1
5,47,26,5.421647983894218e-06,2,0,7,3,0,2,0,5,0,1,4,1
5,47,27,2.1164658392081037e-05,2,0,7,3,0,3,0,5,0,1,4,1
5,47,29,0.00178715237416327,2,0,7,3,0,5,0,5,0,1,4,1
5,47,32,1.2054766784785897e-06,2,0,7,4,0,2,0,2,0,1,4,1
5,47,33,4.93723746330943e-07,2,0,7,4,0,3,0,3,0,1,4,1
5,47,37,1.5508460364799248e-06,2,0,7,5,0,2,0,2,0,2,4,2
5,47,38,8.884714475243527e-07,2,0,7,5,0,3,0,3,0,2,4,2
5,47,39,0.00195713946595788,2,0,7,5,0,4,0,4,0,2,4,2
5,47,41,0.0007583542610518634,2,1,7,6,0,1,0,0,0,0,4,1
5,47,44,0.9439530968666077,2,1,7,6,0,4,0,0,0,0,4,1
5,47,45,0.045356620103120804,2,1,7,6,0,5,0,0,0,0,4,1
6,1,0,0.023497609421610832,0,0,3,1,1,0,1,0,1,2,1,4
6,1,3,0.014165890403091908,0,0,3,3,1,3,1,1,1,1,1,1
6,1,4,0.019312618300318718,0,0,3,3,1,4,1,1,1,1,1,1
6,1,5,0.01873209699988365,0,0,3,3,1,5,1,1,1,1,1,1
6,1,9,0.02164023369550705,0,0,3,3,1,3,1,2,1,1,1,1
6,1,11,0.022421810775995255,0,0,3,3,1,5,1,2,1,1,1,1
6,1,12,0.0012883385643363,0,0,3,3,1,6,1,2,1,1,1,1
6,1,14,0.01146272849291563,0,0,3,3,1,2,1,3,1,1,1,1
6,1,16,0.01616598665714264,0,0,3,3,1,4,1,3,1,1,1,1
6,1,17,0.06451416015625,0,0,3,3,1,5,1,3,1,1,1,1
6,1,20,0.015165910124778748,0,0,3,3,1,2,1,4,1,1,1,1
6,1,21,0.022694041952490807,0,0,3,3,1,3,1,4,1,1,1,1
6,1,22,0.010540519841015339,0,0,3,3,1,4,1,4,1,1,1,1
6,1,25,0.012110461480915546,0,0,3,3,1,1,1,5,1,1,1,1
6,1,27,0.07541489601135254,0,0,3,3,1,3,1,5,1,1,1,1
6,1,30,0.014743735082447529,0,0,3,3,1,6,1,5,1,1,1,1
6,1,33,0.312015563249588,0,0,3,4,1,3,1,3,1,1,1,1
6,1,34,0.06934969872236252,0,0,3,4,1,4,1,4,1,1,1,1
6,1,35,0.14254021644592285,0,0,3,4,1,5,1,5,1,1,1,1
6,1,39,0.022432157769799232,0,0,3,5,1,4,1,4,1,2,1,2
6,1,40,0.04818496108055115,0,0,3,5,1,5,1,5,1,2,1,2
6,1,41,0.015944795683026314,0,1,3,6,1,1,1,0,1,0,1,1
6,1,44,0.010829105041921139,0,1,3,6,1,4,1,0,1,0,1,1
6,1,46,0.01483241468667984,0,1,3,6,1,6,1,0,1,0,1,1
6,2,0,0.02775144763290882,0,0,3,1,2,0,1,0,1,2,1,4
6,2,3,0.004477757960557938,0,0,3,3,2,3,1,1,1,1,1,1
6,2,4,0.004817714914679527,0,0,3,3,2,4,1,1,1,1,1,1
6,2,5,0.010537510737776756,0,0,3,3,2,5,1,1,1,1,1,1
6,2,9,0.031741879880428314,0,0,3,3,2,3,1,2,1,1,1,1
6,2,11,0.03172178193926811,0,0,3,3,2,5,1,2,1,1,1,1
6,2,12,0.0022559217177331448,0,0,3,3,2,6,1,2,1,1,1,1
6,2,14,0.0020727694500237703,0,0,3,3,2,2,1,3,1,1,1,1
6,2,16,0.004279245622456074,0,0,3,3,2,4,1,3,1,1,1,1
6,2,17,0.04628181830048561,0,0,3,3,2,5,1,3,1,1,1,1
6,2,20,0.004079828970134258,0,0,3,3,2,2,1,4,1,1,1,1
6,2,21,0.043112099170684814,0,0,3,3,2,3,1,4,1,1,1,1
6,2,22,0.017331577837467194,0,0,3,3,2,4,1,4,1,1,1,1
6,2,25,0.03978996351361275,0,0,3,3,2,1,1,5,1,1,1,1
6,2,27,0.051501862704753876,0,0,3,3,2,3,1,5,1,1,1,1
6,2,30,0.018418388441205025,0,0,3,3,2,6,1,5,1,1,1,1
6,2,33,0.07514765858650208,0,0,3,4,2,3,1,3,1,1,1,1
6,2,34,0.1911369413137436,0,0,3,4,2,4,1,4,1,1,1,1
6,2,35,0.09771230816841125,0,0,3,4,2,5,1,5,1,1,1,1
6,2,39,0.04601211100816727,0,0,3,5,2,4,1,4,1,2,1,2
6,2,40,0.1928255558013916,0,0,3,5,2,5,1,5,1,2,1,2
6,2,41,0.037469375878572464,0,1,3,6,2,1,1,0,1,0,1,1
6,2,44,0.016369160264730453,0,1,3,6,2,4,1,0,1,0,1,1
6,2,46,0.003155425889417529,0,1,3,6,2,6,1,0,1,0,1,1
6,6,0,0.026599785313010216,0,0,3,1,6,0,1,0,1,2,1,4
6,6,3,0.007534564007073641,0,0,3,3,6,3,1,1,1,1,1,1
6,6,4,0.004517109598964453,0,0,3,3,6,4,1,1,1,1,1,1
6,6,5,0.021924404427409172,0,0,3,3,6,5,1,1,1,1,1,1
6,6,9,0.015404093079268932,0,0,3,3,6,3,1,2,1,1,1,1
6,6,11,0.022379780188202858,0,0,3,3,6,5,1,2,1,1,1,1
6,6,12,0.0012239464558660984,0,0,3,3,6,6,1,2,1,1,1,1
6,6,14,0.004725828766822815,0,0,3,3,6,2,1,3,1,1,1,1
6,6,16,0.003537742653861642,0,0,3,3,6,4,1,3,1,1,1,1
6,6,17,0.036789730191230774,0,0,3,3,6,5,1,3,1,1,1,1
6,6,20,0.012591029517352581,0,0,3,3,6,2,1,4,1,1,1,1
6,6,21,0.04972553625702858,0,0,3,3,6,3,1,4,1,1,1,1
6,6,22,0.006395378150045872,0,0,3,3,6,4,1,4,1,1,1,1
6,6,25,0.03859034553170204,0,0,3,3,6,1,1,5,1,1,1,1
6,6,27,0.06834922730922699,0,0,3,3,6,3,1,5,1,1,1,1
6,6,30,0.06991587579250336,0,0,3,3,6,6,1,5,1,1,1,1
6,6,33,0.12131605297327042,0,0,3,4,6,3,1,3,1,1,1,1
6,6,34,0.083666130900383,0,0,3,4,6,4,1,4,1,1,1,1
6,6,35,0.1402069330215454,0,0,3,4,6,5,1,5,1,1,1,1
6,6,39,0.01681537739932537,0,0,3,5,6,4,1,4,1,2,1,2
6,6,40,0.24094310402870178,0,0,3,5,6,5,1,5,1,2,1,2
6,6,41,0.005065477453172207,0,1,3,6,6,1,1,0,1,0,1,1
6,6,44,0.0011045990977436304,0,1,3,6,6,4,1,0,1,0,1,1
6,6,46,0.0006778620881959796,0,1,3,6,6,6,1,0,1,0,1,1
6,7,0,0.06461989879608154,0,0,3,1,1,0,2,0,1,2,1,4
6,7,3,0.06959543377161026,0,0,3,3,1,3,2,1,1,1,1,1
6,7,4,0.041174888610839844,0,0,3,3,1,4,2,1,1,1,1,1
6,7,5,0.03846381604671478,0,0,3,3,1,5,2,1,1,1,1,1
6,7,9,0.04570479318499565,0,0,3,3,1,3,2,2,1,1,1,1
6,7,11,0.0185552891343832,0,0,3,3,1,5,2,2,1,1,1,1
6,7,12,0.009795104153454304,0,0,3,3,1,6,2,2,1,1,1,1
6,7,14,0.09713756293058395,0,0,3,3,1,2,2,3,1,1,1,1
6,7,16,0.06134932488203049,0,0,3,3,1,4,2,3,1,1,1,1
6,7,17,0.018615616485476494,0,0,3,3,1,5,2,3,1,1,1,1
6,7,20,0.023675674572587013,0,0,3,3,1,2,2,4,1,1,1,1
6,7,21,0.04672699049115181,0,0,3,3,1,3,2,4,1,1,1,1
6,7,22,0.008782983757555485,0,0,3,3,1,4,2,4,1,1,1,1
6,7,25,0.002245020354166627,0,0,3,3,1,1,2,5,1,1,1,1
6,7,27,0.12047472596168518,0,0,3,3,1,3,2,5,1,1,1,1
6,7,30,0.06524348258972168,0,0,3,3,1,6,2,5,1,1,1,1
6,7,33,0.10569533705711365,0,0,3,4,1,3,2,3,1,1,1,1
6,7,34,0.01632046326994896,0,0,3,4,1,4,2,4,1,1,1,1
6,7,35,0.0318029522895813,0,0,3,4,1,5,2,5,1,1,1,1
6,7,39,0.02878195233643055,0,0,3,5,1,4,2,4,1,2,1,2
6,7,40,0.08063563704490662,0,0,3,5,1,5,2,5,1,2,1,2
6,7,41,0.0004085311375092715,0,1,3,6,1,1,2,0,1,0,1,1
6,7,44,0.0008453432819806039,0,1,3,6,1,4,2,0,1,0,1,1
6,7,46,0.0033493416849523783,0,1,3,6,1,6,2,0,1,0,1,1
6,8,0,0.01717541180551052,0,0,3,1,2,0,2,0,1,2,1,4
6,8,3,0.07865457236766815,0,0,3,3,2,3,2,1,1,1,1,1
6,8,4,0.015960652381181717,0,0,3,3,2,4,2,1,1,1,1,1
6,8,5,0.06494921445846558,0,0,3,3,2,5,2,1,1,1,1,1
6,8,9,0.06577112525701523,0,0,3,3,2,3,2,2,1,1,1,1
6,8,11,0.02908586896955967,0,0,3,3,2,5,2,2,1,1,1,1
6,8,12,0.14010211825370789,0,0,3,3,2,6,2,2,1,1,1,1
6,8,14,0.04190941900014877,0,0,3,3,2,2,2,3,1,1,1,1
6,8,16,0.017496341839432716,0,0,3,3,2,4,2,3,1,1,1,1
6,8,17,0.013402513228356838,0,0,3,3,2,5,2,3,1,1,1,1
6,8,20,0.027936192229390144,0,0,3,3,2,2,2,4,1,1,1,1
6,8,21,0.1109553799033165,0,0,3,3,2,3,2,4,1,1,1,1
6,8,22,0.011621861718595028,0,0,3,3,2,4,2,4,1,1,1,1
6,8,25,0.009179280139505863,0,0,3,3,2,1,2,5,1,1,1,1
6,8,27,0.10478506982326508,0,0,3,3,2,3,2,5,1,1,1,1
6,8,30,0.11177630722522736,0,0,3,3,2,6,2,5,1,1,1,1
6,8,33,0.01941791921854019,0,0,3,4,2,3,2,3,1,1,1,1
6,8,34,0.0030032258946448565,0,0,3,4,2,4,2,4,1,1,1,1
6,8,35,0.024116074666380882,0,0,3,4,2,5,2,5,1,1,1,1
6,8,39,0.007965946570038795,0,0,3,5,2,4,2,4,1,2,1,2
6,8,40,0.08435699343681335,0,0,3,5,2,5,2,5,1,2,1,2
6,8,41,5.468906238093041e-05,0,1,3,6,2,1,2,0,1,0,1,1
6,8,44,4.595231803250499e-05,0,1,3,6,2,4,2,0,1,0,1,1
6,8,46,0.00027796291396953166,0,1,3,6,2,6,2,0,1,0,1,1
6,10,0,0.004295787774026394,0,0,3,1,4,0,2,0,1,2,1,4
6,10,3,0.04835128039121628,0,0,3,3,4,3,2,1,1,1,1,1
6,10,4,0.0190065149217844,0,0,3,3,4,4,2,1,1,1,1,1
6,10,5,0.029356572777032852,0,0,3,3,4,5,2,1,1,1,1,1
6,10,9,0.020477350801229477,0,0,3,3,4,3,2,2,1,1,1,1
6,10,11,0.020027581602334976,0,0,3,3,4,5,2,2,1,1,1,1
6,10,12,0.012483227998018265,0,0,3,3,4,6,2,2,1,1,1,1
6,10,14,0.09757352620363235,0,0,3,3,4,2,2,3,1,1,1,1
6,10,16,0.010548878461122513,0,0,3,3,4,4,2,3,1,1,1,1
6,10,17,0.0199030302464962,0,0,3,3,4,5,2,3,1,1,1,1
6,10,20,0.08679643273353577,0,0,3,3,4,2,2,4,1,1,1,1
6,10,21,0.06925653666257858,0,0,3,3,4,3,2,4,1,1,1,1
6,10,22,0.008922500535845757,0,0,3,3,4,4,2,4,1,1,1,1
6,10,25,0.013429678045213223,0,0,3,3,4,1,2,5,1,1,1,1
6,10,27,0.17601875960826874,0,0,3,3,4,3,2,5,1,1,1,1
6,10,30,0.118757463991642,0,0,3,3,4,6,2,5,1,1,1,1
6,10,33,0.08805952221155167,0,0,3,4,4,3,2,3,1,1,1,1
6,10,34,0.00915479101240635,0,0,3,4,4,4,2,4,1,1,1,1
6,10,35,0.10565708577632904,0,0,3,4,4,5,2,5,1,1,1,1
6,10,39,0.0027722970116883516,0,0,3,5,4,4,2,4,1,2,1,2
6,10,40,0.03889023885130882,0,0,3,5,4,5,2,5,1,2,1,2
6,10,41,3.8121659599710256e-05,0,1,3,6,4,1,2,0,1,0,1,1
6,10,44,2.3443717509508133e-05,0,1,3,6,4,4,2,0,1,0,1,1
6,10,46,0.00019960479403380305,0,1,3,6,4,6,2,0,1,0,1,1
6,13,0,0.002192340325564146,0,0,3,1,1,0,3,0,1,2,1,4
6,13,3,0.1282120645046234,0,0,3,3,1,3,3,1,1,1,1,1
6,13,4,0.05763456970453262,0,0,3,3,1,4,3,1,1,1,1,1
6,13,5,0.06464546173810959,0,0,3,3,1,5,3,1,1,1,1,1
6,13,9,0.03374944254755974,0,0,3,3,1,3,3,2,1,1,1,1
6,13,11,0.033992134034633636,0,0,3,3,1,5,3,2,1,1,1,1
6,13,12,0.02115604467689991,0,0,3,3,1,6,3,2,1,1,1,1
6,13,14,0.14032451808452606,0,0,3,3,1,2,3,3,1,1,1,1
6,13,16,0.026347719132900238,0,0,3,3,1,4,3,3,1,1,1,1
6,13,17,0.03263522684574127,0,0,3,3,1,5,3,3,1,1,1,1
6,13,20,0.023547785356640816,0,0,3,3,1,2,3,4,1,1,1,1
6,13,21,0.07017864286899567,0,0,3,3,1,3,3,4,1,1,1,1
6,13,22,0.007617779541760683,0,0,3,3,1,4,3,4,1,1,1,1
6,13,25,0.007622043136507273,0,0,3,3,1,1,3,5,1,1,1,1
6,13,27,0.1165364608168602,0,0,3,3,1,3,3,5,1,1,1,1
6,13,30,0.043568529188632965,0,0,3,3,1,6,3,5,1,1,1,1
6,13,33,0.11330975592136383,0,0,3,4,1,3,3,3,1,1,1,1
6,13,34,0.006968734785914421,0,0,3,4,1,4,3,4,1,1,1,1
6,13,35,0.047001395374536514,0,0,3,4,1,5,3,5,1,1,1,1
6,13,39,0.0017288965173065662,0,0,3,5,1,4,3,4,1,2,1,2
6,13,40,0.003989089280366898,0,0,3,5,1,5,3,5,1,2,1,2
6,13,41,0.001826995867304504,0,1,3,6,1,1,3,0,1,0,1,1
6,13,44,0.0019421970937401056,0,1,3,6,1,4,3,0,1,0,1,1
6,13,46,0.013272076845169067,0,1,3,6,1,6,3,0,1,0,1,1
6,15,0,0.03574639558792114,0,0,3,1,3,0,3,0,1,2,1,4
6,15,3,0.00872065406292677,0,0,3,3,3,3,3,1,1,1,1,1
6,15,4,0.0025072037242352962,0,0,3,3,3,4,3,1,1,1,1,1
6,15,5,0.07082352042198181,0,0,3,3,3,5,3,1,1,1,1,1
6,15,9,0.004158186260610819,0,0,3,3,3,3,3,2,1,1,1,1
6,15,11,0.014791092835366726,0,0,3,3,3,5,3,2,1,1,1,1
6,15,12,0.0020386059768497944,0,0,3,3,3,6,3,2,1,1,1,1
6,15,14,0.015148677863180637,0,0,3,3,3,2,3,3,1,1,1,1
6,15,16,0.0020684082992374897,0,0,3,3,3,4,3,3,1,1,1,1
6,15,17,0.016514567658305168,0,0,3,3,3,5,3,3,1,1,1,1
6,15,20,0.10497500747442245,0,0,3,3,3,2,3,4,1,1,1,1
6,15,21,0.02663213014602661,0,0,3,3,3,3,3,4,1,1,1,1
6,15,22,0.004056894686073065,0,0,3,3,3,4,3,4,1,1,1,1
6,15,25,0.092824786901474,0,0,3,3,3,1,3,5,1,1,1,1
6,15,27,0.07302209734916687,0,0,3,3,3,3,3,5,1,1,1,1
6,15,30,0.10006263107061386,0,0,3,3,3,6,3,5,1,1,1,1
6,15,33,0.021970225498080254,0,0,3,4,3,3,3,3,1,1,1,1
6,15,34,0.003747092094272375,0,0,3,4,3,4,3,4,1,1,1,1
6,15,35,0.19546155631542206,0,0,3,4,3,5,3,5,1,1,1,1
6,15,39,0.0028994178865104914,0,0,3,5,3,4,3,4,1,2,1,2
6,15,40,0.18893122673034668,0,0,3,5,3,5,3,5,1,2,1,2
6,15,41,0.011378521099686623,0,1,3,6,3,1,3,0,1,0,1,1
6,15,44,0.0005905081052333117,0,1,3,6,3,4,3,0,1,0,1,1
6,15,46,0.0009307287982665002,0,1,3,6,3,6,3,0,1,0,1,1
6,18,0,0.0008980925776995718,0,0,3,1,6,0,3,0,1,2,1,4
6,18,3,0.0266698207706213,0,0,3,3,6,3,3,1,1,1,1,1
6,18,4,0.0103984996676445,0,0,3,3,6,4,3,1,1,1,1,1
6,18,5,0.05625463277101517,0,0,3,3,6,5,3,1,1,1,1,1
6,18,9,0.01108621060848236,0,0,3,3,6,3,3,2,1,1,1,1
6,18,11,0.014563025906682014,0,0,3,3,6,5,3,2,1,1,1,1
6,18,12,0.0005999740678817034,0,0,3,3,6,6,3,2,1,1,1,1
6,18,14,0.01638706959784031,0,0,3,3,6,2,3,3,1,1,1,1
6,18,16,0.0022954815067350864,0,0,3,3,6,4,3,3,1,1,1,1
6,18,17,0.06173386052250862,0,0,3,3,6,5,3,3,1,1,1,1
6,18,20,0.0203004889190197,0,0,3,3,6,2,3,4,1,1,1,1
6,18,21,0.06622149795293808,0,0,3,3,6,3,3,4,1,1,1,1
6,18,22,0.0027091416995972395,0,0,3,3,6,4,3,4,1,1,1,1
6,18,25,0.015688735991716385,0,0,3,3,6,1,3,5,1,1,1,1
6,18,27,0.16630475223064423,0,0,3,3,6,3,3,5,1,1,1,1
6,18,30,0.024892203509807587,0,0,3,3,6,6,3,5,1,1,1,1
6,18,33,0.27409374713897705,0,0,3,4,6,3,3,3,1,1,1,1
6,18,34,0.016387902200222015,0,0,3,4,6,4,3,4,1,1,1,1
6,18,35,0.1882084757089615,0,0,3,4,6,5,3,5,1,1,1,1
6,18,39,0.0003614901506807655,0,0,3,5,6,4,3,4,1,2,1,2
6,18,40,0.008891298435628414,0,0,3,5,6,5,3,5,1,2,1,2
6,18,41,0.008459936827421188,0,1,3,6,6,1,3,0,1,0,1,1
6,18,44,0.0014685547212138772,0,1,3,6,6,4,3,0,1,0,1,1
6,18,46,0.005125164985656738,0,1,3,6,6,6,3,0,1,0,1,1
6,19,0,0.04611273482441902,0,0,3,1,1,0,4,0,1,2,1,4
6,19,3,0.00798552855849266,0,0,3,3,1,3,4,1,1,1,1,1
6,19,4,0.0044115823693573475,0,0,3,3,1,4,4,1,1,1,1,1
6,19,5,0.019957851618528366,0,0,3,3,1,5,4,1,1,1,1,1
6,19,9,0.0045495652593672276,0,0,3,3,1,3,4,2,1,1,1,1
6,19,11,0.012254556640982628,0,0,3,3,1,5,4,2,1,1,1,1
6,19,12,0.0006675564218312502,0,0,3,3,1,6,4,2,1,1,1,1
6,19,14,0.023851623758673668,0,0,3,3,1,2,4,3,1,1,1,1
6,19,16,0.01846703328192234,0,0,3,3,1,4,4,3,1,1,1,1
6,19,17,0.03198275715112686,0,0,3,3,1,5,4,3,1,1,1,1
6,19,20,0.014827055856585503,0,0,3,3,1,2,4,4,1,1,1,1
6,19,21,0.01074548065662384,0,0,3,3,1,3,4,4,1,1,1,1
6,19,22,0.004620715975761414,0,0,3,3,1,4,4,4,1,1,1,1
6,19,25,0.02398592233657837,0,0,3,3,1,1,4,5,1,1,1,1
6,19,27,0.06395874172449112,0,0,3,3,1,3,4,5,1,1,1,1
6,19,30,0.04593716934323311,0,0,3,3,1,6,4,5,1,1,1,1
6,19,33,0.04309950768947601,0,0,3,4,1,3,4,3,1,1,1,1
6,19,34,0.009231711737811565,0,0,3,4,1,4,4,4,1,1,1,1
6,19,35,0.05418115854263306,0,0,3,4,1,5,4,5,1,1,1,1
6,19,39,0.01821301318705082,0,0,3,5,1,4,4,4,1,2,1,2
6,19,40,0.5328889489173889,0,0,3,5,1,5,4,5,1,2,1,2
6,19,41,0.005254591815173626,0,1,3,6,1,1,4,0,1,0,1,1
6,19,44,0.0011107457103207707,0,1,3,6,1,4,4,0,1,0,1,1
6,19,46,0.0017042090184986591,0,1,3,6,1,6,4,0,1,0,1,1
6,23,0,0.015935847535729408,0,0,3,1,5,0,4,0,1,2,1,4
6,23,3,0.013952150009572506,0,0,3,3,5,3,4,1,1,1,1,1
6,23,4,0.003615527180954814,0,0,3,3,5,4,4,1,1,1,1,1
6,23,5,0.04067067429423332,0,0,3,3,5,5,4,1,1,1,1,1
6,23,9,0.009763918817043304,0,0,3,3,5,3,4,2,1,1,1,1
6,23,11,0.009352991357445717,0,0,3,3,5,5,4,2,1,1,1,1
6,23,12,0.0022499728947877884,0,0,3,3,5,6,4,2,1,1,1,1
6,23,14,0.008953911252319813,0,0,3,3,5,2,4,3,1,1,1,1
6,23,16,0.002571866614744067,0,0,3,3,5,4,4,3,1,1,1,1
6,23,17,0.013121452182531357,0,0,3,3,5,5,4,3,1,1,1,1
6,23,20,0.03239307552576065,0,0,3,3,5,2,4,4,1,1,1,1
6,23,21,0.046901196241378784,0,0,3,3,5,3,4,4,1,1,1,1
6,23,22,0.005219798069447279,0,0,3,3,5,4,4,4,1,1,1,1
6,23,25,0.0109806377440691,0,0,3,3,5,1,4,5,1,1,1,1
6,23,27,0.08121218532323837,0,0,3,3,5,3,4,5,1,1,1,1
6,23,30,0.11591309309005737,0,0,3,3,5,6,4,5,1,1,1,1
6,23,33,0.051323238760232925,0,0,3,4,5,3,4,3,1,1,1,1
6,23,34,0.015011779963970184,0,0,3,4,5,4,4,4,1,1,1,1
6,23,35,0.10262247920036316,0,0,3,4,5,5,4,5,1,1,1,1
6,23,39,0.008333709090948105,0,0,3,5,5,4,4,4,1,2,1,2
6,23,40,0.40968969464302063,0,0,3,5,5,5,4,5,1,2,1,2
6,23,41,0.00010180339450016618,0,1,3,6,5,1,4,0,1,0,1,1
6,23,44,3.753531564143486e-05,0,1,3,6,5,4,4,0,1,0,1,1
6,23,46,7.142498361645266e-05,0,1,3,6,5,6,4,0,1,0,1,1
6,24,0,0.10724431276321411,0,0,3,1,6,0,4,0,1,2,1,4
6,24,3,0.015393068082630634,0,0,3,3,6,3,4,1,1,1,1,1
6,24,4,0.005689108278602362,0,0,3,3,6,4,4,1,1,1,1,1
6,24,5,0.05051892623305321,0,0,3,3,6,5,4,1,1,1,1,1
6,24,9,0.019424643367528915,0,0,3,3,6,3,4,2,1,1,1,1
6,24,11,0.019535671919584274,0,0,3,3,6,5,4,2,1,1,1,1
6,24,12,0.006831226404756308,0,0,3,3,6,6,4,2,1,1,1,1
6,24,14,0.016310764476656914,0,0,3,3,6,2,4,3,1,1,1,1
6,24,16,0.0056761098094284534,0,0,3,3,6,4,4,3,1,1,1,1
6,24,17,0.028147615492343903,0,0,3,3,6,5,4,3,1,1,1,1
6,24,20,0.083973228931427,0,0,3,3,6,2,4,4,1,1,1,1
6,24,21,0.044739432632923126,0,0,3,3,6,3,4,4,1,1,1,1
6,24,22,0.015732958912849426,0,0,3,3,6,4,4,4,1,1,1,1
6,24,25,0.041481878608465195,0,0,3,3,6,1,4,5,1,1,1,1
6,24,27,0.06917744874954224,0,0,3,3,6,3,4,5,1,1,1,1
6,24,30,0.08264423161745071,0,0,3,3,6,6,4,5,1,1,1,1
6,24,33,0.015355388633906841,0,0,3,4,6,3,4,3,1,1,1,1
6,24,34,0.01611163839697838,0,0,3,4,6,4,4,4,1,1,1,1
6,24,35,0.07402780652046204,0,0,3,4,6,5,4,5,1,1,1,1
6,24,39,0.018251942470669746,0,0,3,5,6,4,4,4,1,2,1,2
6,24,40,0.2571312487125397,0,0,3,5,6,5,4,5,1,2,1,2
6,24,41,0.004221366718411446,0,1,3,6,6,1,4,0,1,0,1,1
6,24,44,0.0014234528644010425,0,1,3,6,6,4,4,0,1,0,1,1
6,24,46,0.0009567249799147248,0,1,3,6,6,6,4,0,1,0,1,1
6,26,0,0.016932252794504166,0,0,3,1,2,0,5,0,1,2,1,4
6,26,3,0.012343772687017918,0,0,3,3,2,3,5,1,1,1,1,1
6,26,4,0.0017759389011189342,0,0,3,3,2,4,5,1,1,1,1,1
6,26,5,0.08661581575870514,0,0,3,3,2,5,5,1,1,1,1,1
6,26,9,0.002975109266117215,0,0,3,3,2,3,5,2,1,1,1,1
6,26,11,0.012843616306781769,0,0,3,3,2,5,5,2,1,1,1,1
6,26,12,0.002876533195376396,0,0,3,3,2,6,5,2,1,1,1,1
6,26,14,0.028703700751066208,0,0,3,3,2,2,5,3,1,1,1,1
6,26,16,0.0026811794377863407,0,0,3,3,2,4,5,3,1,1,1,1
6,26,17,0.015002232044935226,0,0,3,3,2,5,5,3,1,1,1,1
6,26,20,0.05233767628669739,0,0,3,3,2,2,5,4,1,1,1,1
6,26,21,0.02824944444000721,0,0,3,3,2,3,5,4,1,1,1,1
6,26,22,0.003198362421244383,0,0,3,3,2,4,5,4,1,1,1,1
6,26,25,0.017483139410614967,0,0,3,3,2,1,5,5,1,1,1,1
6,26,27,0.0267654936760664,0,0,3,3,2,3,5,5,1,1,1,1
6,26,30,0.12617884576320648,0,0,3,3,2,6,5,5,1,1,1,1
6,26,33,0.008968022651970387,0,0,3,4,2,3,5,3,1,1,1,1
6,26,34,0.001829202868975699,0,0,3,4,2,4,5,4,1,1,1,1
6,26,35,0.031970586627721786,0,0,3,4,2,5,5,5,1,1,1,1
6,26,39,0.004541439935564995,0,0,3,5,2,4,5,4,1,2,1,2
6,26,40,0.5155075788497925,0,0,3,5,2,5,5,5,1,2,1,2
6,26,41,0.00012097217404516414,0,1,3,6,2,1,5,0,1,0,1,1
6,26,44,3.3086696930695325e-05,0,1,3,6,2,4,5,0,1,0,1,1
6,26,46,6.590751581825316e-05,0,1,3,6,2,6,5,0,1,0,1,1
6,28,0,0.008659054525196552,0,0,3,1,4,0,5,0,1,2,1,4
6,28,3,0.07309523224830627,0,0,3,3,4,3,5,1,1,1,1,1
6,28,4,0.026492701843380928,0,0,3,3,4,4,5,1,1,1,1,1
6,28,5,0.08564189076423645,0,0,3,3,4,5,5,1,1,1,1,1
6,28,9,0.004925761837512255,0,0,3,3,4,3,5,2,1,1,1,1
6,28,11,0.01763833314180374,0,0,3,3,4,5,5,2,1,1,1,1
6,28,12,0.006659587845206261,0,0,3,3,4,6,5,2,1,1,1,1
6,28,14,0.17602750658988953,0,0,3,3,4,2,5,3,1,1,1,1
6,28,16,0.015094874426722527,0,0,3,3,4,4,5,3,1,1,1,1
6,28,17,0.012739147059619427,0,0,3,3,4,5,5,3,1,1,1,1
6,28,20,0.12822946906089783,0,0,3,3,4,2,5,4,1,1,1,1
6,28,21,0.02444176934659481,0,0,3,3,4,3,5,4,1,1,1,1
6,28,22,0.011038302443921566,0,0,3,3,4,4,5,4,1,1,1,1
6,28,25,0.02943713590502739,0,0,3,3,4,1,5,5,1,1,1,1
6,28,27,0.09098206460475922,0,0,3,3,4,3,5,5,1,1,1,1
6,28,30,0.09956380724906921,0,0,3,3,4,6,5,5,1,1,1,1
6,28,33,0.024482857435941696,0,0,3,4,4,3,5,3,1,1,1,1
6,28,34,0.003984261769801378,0,0,3,4,4,4,5,4,1,1,1,1
6,28,35,0.11112194508314133,0,0,3,4,4,5,5,5,1,1,1,1
6,28,39,0.003895270638167858,0,0,3,5,4,4,5,4,1,2,1,2
6,28,40,0.022081926465034485,0,0,3,5,4,5,5,5,1,2,1,2
6,28,41,0.008212713524699211,0,1,3,6,4,1,5,0,1,0,1,1
6,28,44,0.0035952224861830473,0,1,3,6,4,4,5,0,1,0,1,1
6,28,46,0.011959290131926537,0,1,3,6,4,6,5,0,1,0,1,1
6,29,0,0.03408437967300415,0,0,3,1,5,0,5,0,1,2,1,4
6,29,3,0.02049635350704193,0,0,3,3,5,3,5,1,1,1,1,1
6,29,4,0.01307289395481348,0,0,3,3,5,4,5,1,1,1,1,1
6,29,5,0.044000402092933655,0,0,3,3,5,5,5,1,1,1,1,1
6,29,9,0.014796094968914986,0,0,3,3,5,3,5,2,1,1,1,1
6,29,11,0.03163286671042442,0,0,3,3,5,5,5,2,1,1,1,1
6,29,12,0.008047956973314285,0,0,3,3,5,6,5,2,1,1,1,1
6,29,14,0.0494501106441021,0,0,3,3,5,2,5,3,1,1,1,1
6,29,16,0.011493687517940998,0,0,3,3,5,4,5,3,1,1,1,1
6,29,17,0.03767077252268791,0,0,3,3,5,5,5,3,1,1,1,1
6,29,20,0.08801935613155365,0,0,3,3,5,2,5,4,1,1,1,1
6,29,21,0.04104308411478996,0,0,3,3,5,3,5,4,1,1,1,1
6,29,22,0.018200600519776344,0,0,3,3,5,4,5,4,1,1,1,1
6,29,25,0.02571091055870056,0,0,3,3,5,1,5,5,1,1,1,1
6,29,27,0.040296781808137894,0,0,3,3,5,3,5,5,1,1,1,1
6,29,30,0.09058495610952377,0,0,3,3,5,6,5,5,1,1,1,1
6,29,33,0.0954037755727768,0,0,3,4,5,3,5,3,1,1,1,1
6,29,34,0.07644093036651611,0,0,3,4,5,4,5,4,1,1,1,1
6,29,35,0.10782817006111145,0,0,3,4,5,5,5,5,1,1,1,1
6,29,39,0.03339410945773125,0,0,3,5,5,4,5,4,1,2,1,2
6,29,40,0.11370263248682022,0,0,3,5,5,5,5,5,1,2,1,2
6,29,41,0.0017463644035160542,0,1,3,6,5,1,5,0,1,0,1,1
6,29,44,0.0014539980329573154,0,1,3,6,5,4,5,0,1,0,1,1
6,29,46,0.0014287855010479689,0,1,3,6,5,6,5,0,1,0,1,1
6,31,0,5.7890862080967054e-05,0,0,4,1,1,0,1,0,1,2,1,4
6,31,3,0.0014333778526633978,0,0,4,3,1,3,1,1,1,1,1,1
6,31,4,0.0009529764065518975,0,0,4,3,1,4,1,1,1,1,1,1
6,31,5,0.003028117585927248,0,0,4,3,1,5,1,1,1,1,1,1
6,31,9,0.0013472505379468203,0,0,4,3,1,3,1,2,1,1,1,1
6,31,11,0.0015241814544424415,0,0,4,3,1,5,1,2,1,1,1,1
6,31,12,0.00010460092744324356,0,0,4,3,1,6,1,2,1,1,1,1
6,31,14,0.0022291881032288074,0,0,4,3,1,2,1,3,1,1,1,1
6,31,16,0.0007346246857196093,0,0,4,3,1,4,1,3,1,1,1,1
6,31,17,0.012196035124361515,0,0,4,3,1,5,1,3,1,1,1,1
6,31,20,0.0020333228167146444,0,0,4,3,1,2,1,4,1,1,1,1
6,31,21,0.005334517452865839,0,0,4,3,1,3,1,4,1,1,1,1
6,31,22,0.00019468279788270593,0,0,4,3,1,4,1,4,1,1,1,1
6,31,25,0.002548440359532833,0,0,4,3,1,1,1,5,1,1,1,1
6,31,27,0.020178813487291336,0,0,4,3,1,3,1,5,1,1,1,1
6,31,30,0.012085596099495888,0,0,4,3,1,6,1,5,1,1,1,1
6,31,33,0.8588583469390869,0,0,4,4,1,3,1,3,1,1,1,1
6,31,34,0.016181044280529022,0,0,4,4,1,4,1,4,1,1,1,1
6,31,35,0.05403229594230652,0,0,4,4,1,5,1,5,1,1,1,1
6,31,39,8.6008440121077e-05,0,0,4,5,1,4,1,4,1,2,1,2
6,31,40,0.004797186702489853,0,0,4,5,1,5,1,5,1,2,1,2
6,31,41,2.8633727197302505e-05,0,1,4,6,1,1,1,0,1,0,1,1
6,31,44,2.604705969133647e-06,0,1,4,6,1,4,1,0,1,0,1,1
6,31,46,3.0344168408191763e-05,0,1,4,6,1,6,1,0,1,0,1,1
6,32,0,0.008525499142706394,0,0,4,1,2,0,2,0,1,2,1,4
6,32,3,0.009350459091365337,0,0,4,3,2,3,2,1,1,1,1,1
6,32,4,0.002565025584772229,0,0,4,3,2,4,2,1,1,1,1,1
6,32,5,0.032056476920843124,0,0,4,3,2,5,2,1,1,1,1,1
6,32,9,0.006727153435349464,0,0,4,3,2,3,2,2,1,1,1,1
6,32,11,0.006226817145943642,0,0,4,3,2,5,2,2,1,1,1,1
6,32,12,0.002751493128016591,0,0,4,3,2,6,2,2,1,1,1,1
6,32,14,0.07328099757432938,0,0,4,3,2,2,2,3,1,1,1,1
6,32,16,0.009931855835020542,0,0,4,3,2,4,2,3,1,1,1,1
6,32,17,0.04667224735021591,0,0,4,3,2,5,2,3,1,1,1,1
6,32,20,0.08590617030858994,0,0,4,3,2,2,2,4,1,1,1,1
6,32,21,0.016318805515766144,0,0,4,3,2,3,2,4,1,1,1,1
6,32,22,0.0016543867532163858,0,0,4,3,2,4,2,4,1,1,1,1
6,32,25,0.026028217747807503,0,0,4,3,2,1,2,5,1,1,1,1
6,32,27,0.08721482008695602,0,0,4,3,2,3,2,5,1,1,1,1
6,32,30,0.13884522020816803,0,0,4,3,2,6,2,5,1,1,1,1
6,32,33,0.163319930434227,0,0,4,4,2,3,2,3,1,1,1,1
6,32,34,0.005291847977787256,0,0,4,4,2,4,2,4,1,1,1,1
6,32,35,0.06002713367342949,0,0,4,4,2,5,2,5,1,1,1,1
6,32,39,0.001319224014878273,0,0,4,5,2,4,2,4,1,2,1,2
6,32,40,0.21576891839504242,0,0,4,5,2,5,2,5,1,2,1,2
6,32,41,0.00010067309631267563,0,1,4,6,2,1,2,0,1,0,1,1
6,32,44,8.66543450683821e-06,0,1,4,6,2,4,2,0,1,0,1,1
6,32,46,0.00010799620940815657,0,1,4,6,2,6,2,0,1,0,1,1
6,36,0,0.00010970592848025262,0,0,5,1,1,0,1,0,2,2,2,4
6,36,3,7.487427501473576e-05,0,0,5,3,1,3,1,1,2,1,2,1
6,36,4,0.00023442403471563011,0,0,5,3,1,4,1,1,2,1,2,1
6,36,5,2.554713501012884e-05,0,0,5,3,1,5,1,1,2,1,2,1
6,36,9,0.0005057816160842776,0,0,5,3,1,3,1,2,2,1,2,1
6,36,11,0.0003906117344740778,0,0,5,3,1,5,1,2,2,1,2,1
6,36,12,4.106068445253186e-05,0,0,5,3,1,6,1,2,2,1,2,1
6,36,14,1.0242347343591973e-06,0,0,5,3,1,2,1,3,2,1,2,1
6,36,16,2.167741331504658e-05,0,0,5,3,1,4,1,3,2,1,2,1
6,36,17,3.723803092725575e-05,0,0,5,3,1,5,1,3,2,1,2,1
6,36,20,4.091676260031818e-07,0,0,5,3,1,2,1,4,2,1,2,1
6,36,21,0.00020914631022606045,0,0,5,3,1,3,1,4,2,1,2,1
6,36,22,0.0005194779951125383,0,0,5,3,1,4,1,4,2,1,2,1
6,36,25,1.430494558007922e-05,0,0,5,3,1,1,1,5,2,1,2,1
6,36,27,2.598839273559861e-05,0,0,5,3,1,3,1,5,2,1,2,1
6,36,30,2.714992206165334e-06,0,0,5,3,1,6,1,5,2,1,2,1
6,36,33,7.3967275966424495e-06,0,0,5,4,1,3,1,3,2,1,2,1
6,36,34,0.0005085962475277483,0,0,5,4,1,4,1,4,2,1,2,1
6,36,35,2.6891488232649863e-05,0,0,5,4,1,5,1,5,2,1,2,1
6,36,39,0.0021805630531162024,0,0,5,5,1,4,1,4,2,2,2,2
6,36,40,1.5264497051248327e-05,0,0,5,5,1,5,1,5,2,2,2,2
6,36,41,0.026704706251621246,0,1,5,6,1,1,1,0,2,0,2,1
6,36,44,0.9592185020446777,0,1,5,6,1,4,1,0,2,0,2,1
6,36,46,0.009123086929321289,0,1,5,6,1,6,1,0,2,0,2,1
6,37,0,0.012321139685809612,0,0,5,1,2,0,2,0,2,2,2,4
6,37,3,0.016765685752034187,0,0,5,3,2,3,2,1,2,1,2,1
6,37,4,0.013303185813128948,0,0,5,3,2,4,2,1,2,1,2,1
6,37,5,0.008965776301920414,0,0,5,3,2,5,2,1,2,1,2,1
6,37,9,0.07063041627407074,0,0,5,3,2,3,2,2,2,1,2,1
6,37,11,0.07586810737848282,0,0,5,3,2,5,2,2,2,1,2,1
6,37,12,0.04266615957021713,0,0,5,3,2,6,2,2,2,1,2,1
6,37,14,0.00083253433695063,0,0,5,3,2,2,2,3,2,1,2,1
6,37,16,0.003524487605318427,0,0,5,3,2,4,2,3,2,1,2,1
6,37,17,0.004659461788833141,0,0,5,3,2,5,2,3,2,1,2,1
6,37,20,0.0005758936167694628,0,0,5,3,2,2,2,4,2,1,2,1
6,37,21,0.1059403121471405,0,0,5,3,2,3,2,4,2,1,2,1
6,37,22,0.062310393899679184,0,0,5,3,2,4,2,4,2,1,2,1
6,37,25,0.04966321215033531,0,0,5,3,2,1,2,5,2,1,2,1
6,37,27,0.05732966959476471,0,0,5,3,2,3,2,5,2,1,2,1
6,37,30,0.010266358032822609,0,0,5,3,2,6,2,5,2,1,2,1
6,37,33,0.0013929344713687897,0,0,5,4,2,3,2,3,2,1,2,1
6,37,34,0.010900181718170643,0,0,5,4,2,4,2,4,2,1,2,1
6,37,35,0.027377137914299965,0,0,5,4,2,5,2,5,2,1,2,1
6,37,39,0.05709901079535484,0,0,5,5,2,4,2,4,2,2,2,2
6,37,40,0.06312050670385361,0,0,5,5,2,5,2,5,2,2,2,2
6,37,41,0.12990090250968933,0,1,5,6,2,1,2,0,2,0,2,1
6,37,44,0.1572977751493454,0,1,5,6,2,4,2,0,2,0,2,1
6,37,46,0.017288606613874435,0,1,5,6,2,6,2,0,2,0,2,1
6,38,0,0.0003585050581023097,0,0,5,1,3,0,3,0,2,2,2,4
6,38,3,1.3773714272247162e-05,0,0,5,3,3,3,3,1,2,1,2,1
6,38,4,7.550925602117786e-06,0,0,5,3,3,4,3,1,2,1,2,1
6,38,5,8.179477299563587e-05,0,0,5,3,3,5,3,1,2,1,2,1
6,38,9,1.3879563084628899e-05,0,0,5,3,3,3,3,2,2,1,2,1
6,38,11,0.00010375523561378941,0,0,5,3,3,5,3,2,2,1,2,1
6,38,12,2.5713741251820466e-06,0,0,5,3,3,6,3,2,2,1,2,1
6,38,14,6.564196610270301e-06,0,0,5,3,3,2,3,3,2,1,2,1
6,38,16,1.175076795334462e-05,0,0,5,3,3,4,3,3,2,1,2,1
6,38,17,3.786494562518783e-05,0,0,5,3,3,5,3,3,2,1,2,1
6,38,20,1.7032076357281767e-05,0,0,5,3,3,2,3,4,2,1,2,1
6,38,21,6.007520642015152e-05,0,0,5,3,3,3,3,4,2,1,2,1
6,38,22,4.871588316746056e-05,0,0,5,3,3,4,3,4,2,1,2,1
6,38,25,0.009251009672880173,0,0,5,3,3,1,3,5,2,1,2,1
6,38,27,0.0010008891113102436,0,0,5,3,3,3,3,5,2,1,2,1
6,38,30,0.00012090287782484666,0,0,5,3,3,6,3,5,2,1,2,1
6,38,33,1.3780404515273403e-05,0,0,5,4,3,3,3,3,2,1,2,1
6,38,34,1.6086789401015267e-05,0,0,5,4,3,4,3,4,2,1,2,1
6,38,35,0.001866819802671671,0,0,5,4,3,5,3,5,2,1,2,1
6,38,39,6.501925236079842e-05,0,0,5,5,3,4,3,4,2,2,2,2
6,38,40,0.0032741560135036707,0,0,5,5,3,5,3,5,2,2,2,2
6,38,41,0.9757533669471741,0,1,5,6,3,1,3,0,2,0,2,1
6,38,44,0.006900952197611332,0,1,5,6,3,4,3,0,2,0,2,1
6,38,46,0.0009732720209285617,0,1,5,6,3,6,3,0,2,0,2,1
6,42,0,0.04942625015974045,1,0,6,1,2,0,0,0,0,2,1,4
6,42,3,2.435976239212323e-05,1,0,6,3,2,3,0,1,0,1,1,1
6,42,4,4.750723019242287e-05,1,0,6,3,2,4,0,1,0,1,1,1
6,42,5,0.00019326381152495742,1,0,6,3,2,5,0,1,0,1,1,1
6,42,9,0.00020010766456834972,1,0,6,3,2,3,0,2,0,1,1,1
6,42,11,0.0004253847000654787,1,0,6,3,2,5,0,2,0,1,1,1
6,42,12,0.00020064420823473483,1,0,6,3,2,6,0,2,0,1,1,1
6,42,14,3.410170029383153e-05,1,0,6,3,2,2,0,3,0,1,1,1
6,42,16,0.0006691043963655829,1,0,6,3,2,4,0,3,0,1,1,1
6,42,17,0.00018682934751268476,1,0,6,3,2,5,0,3,0,1,1,1
6,42,20,0.0003143099311273545,1,0,6,3,2,2,0,4,0,1,1,1
6,42,21,0.00015598781465087086,1,0,6,3,2,3,0,4,0,1,1,1
6,42,22,0.0002572862431406975,1,0,6,3,2,4,0,4,0,1,1,1
6,42,25,0.00661047687754035,1,0,6,3,2,1,0,5,0,1,1,1
6,42,27,0.0005947297904640436,1,0,6,3,2,3,0,5,0,1,1,1
6,42,30,0.0031013539992272854,1,0,6,3,2,6,0,5,0,1,1,1
6,42,33,0.0007753127138130367,1,0,6,4,2,3,0,3,0,1,1,1
6,42,34,0.00031722107087261975,1,0,6,4,2,4,0,4,0,1,1,1
6,42,35,0.0021777073852717876,1,0,6,4,2,5,0,5,0,1,1,1
6,42,39,0.014880598522722721,1,0,6,5,2,4,0,4,0,2,1,2
6,42,40,0.9189456701278687,1,0,6,5,2,5,0,5,0,2,1,2
6,42,41,0.00043092272244393826,1,1,6,6,2,1,0,0,0,0,1,1
6,42,44,1.4965893569751643e-05,1,1,6,6,2,4,0,0,0,0,1,1
6,42,46,1.5825353330001235e-05,1,1,6,6,2,6,0,0,0,0,1,1
6,43,0,0.04977957531809807,1,0,6,1,3,0,0,0,0,2,1,4
6,43,3,2.4824037154758116e-06,1,0,6,3,3,3,0,1,0,1,1,1
6,43,4,4.29870851803571e-06,1,0,6,3,3,4,0,1,0,1,1,1
6,43,5,6.3561528804712e-05,1,0,6,3,3,5,0,1,0,1,1,1
6,43,9,1.1459305824246258e-05,1,0,6,3,3,3,0,2,0,1,1,1
6,43,11,0.00014013232430443168,1,0,6,3,3,5,0,2,0,1,1,1
6,43,12,1.1865540727740154e-05,1,0,6,3,3,6,0,2,0,1,1,1
6,43,14,2.2716499188391026e-06,1,0,6,3,3,2,0,3,0,1,1,1
6,43,16,4.389226160128601e-05,1,0,6,3,3,4,0,3,0,1,1,1
6,43,17,2.4961949748103507e-05,1,0,6,3,3,5,0,3,0,1,1,1
6,43,20,8.372673619305715e-05,1,0,6,3,3,2,0,4,0,1,1,1
6,43,21,2.305017551407218e-05,1,0,6,3,3,3,0,4,0,1,1,1
6,43,22,7.193432975327596e-05,1,0,6,3,3,4,0,4,0,1,1,1
6,43,25,0.006888449192047119,1,0,6,3,3,1,0,5,0,1,1,1
6,43,27,7.129591540433466e-05,1,0,6,3,3,3,0,5,0,1,1,1
6,43,30,0.000611834111623466,1,0,6,3,3,6,0,5,0,1,1,1
6,43,33,2.4103510440909304e-05,1,0,6,4,3,3,0,3,0,1,1,1
6,43,34,2.632504765642807e-05,1,0,6,4,3,4,0,4,0,1,1,1
6,43,35,0.0008914803038351238,1,0,6,4,3,5,0,5,0,1,1,1
6,43,39,0.009576043114066124,1,0,6,5,3,4,0,4,0,2,1,2
6,43,40,0.9292431473731995,1,0,6,5,3,5,0,5,0,2,1,2
6,43,41,0.002359606558457017,1,1,6,6,3,1,0,0,0,0,1,1
6,43,44,3.5889726859750226e-05,1,1,6,6,3,4,0,0,0,0,1,1
6,43,46,8.711796908755787e-06,1,1,6,6,3,6,0,0,0,0,1,1
6,45,0,0.040569059550762177,1,0,6,1,5,0,0,0,0,2,1,4
6,45,3,1.53241944644833e-05,1,0,6,3,5,3,0,1,0,1,1,1
6,45,4,1.5569759852951393e-05,1,0,6,3,5,4,0,1,0,1,1,1
6,45,5,0.0003502046165522188,1,0,6,3,5,5,0,1,0,1,1,1
6,45,9,2.3811415303498507e-05,1,0,6,3,5,3,0,2,0,1,1,1
6,45,11,0.00015150730905588716,1,0,6,3,5,5,0,2,0,1,1,1
6,45,12,8.77888214745326e-06,1,0,6,3,5,6,0,2,0,1,1,1
6,45,14,4.699832425103523e-05,1,0,6,3,5,2,0,3,0,1,1,1
6,45,16,0.00012786405568476766,1,0,6,3,5,4,0,3,0,1,1,1
6,45,17,0.00010298044071532786,1,0,6,3,5,5,0,3,0,1,1,1
6,45,20,0.0006537949084304273,1,0,6,3,5,2,0,4,0,1,1,1
6,45,21,5.4894127970328555e-05,1,0,6,3,5,3,0,4,0,1,1,1
6,45,22,9.055505506694317e-05,1,0,6,3,5,4,0,4,0,1,1,1
6,45,25,0.006700936239212751,1,0,6,3,5,1,0,5,0,1,1,1
6,45,27,0.0005775364115834236,1,0,6,3,5,3,0,5,0,1,1,1
6,45,30,0.0036383154802024364,1,0,6,3,5,6,0,5,0,1,1,1
6,45,33,0.0006287955911830068,1,0,6,4,5,3,0,3,0,1,1,1
6,45,34,0.00023771751148160547,1,0,6,4,5,4,0,4,0,1,1,1
6,45,35,0.0072420863434672356,1,0,6,4,5,5,0,5,0,1,1,1
6,45,39,0.0081021124497056,1,0,6,5,5,4,0,4,0,2,1,2
6,45,40,0.9268176555633545,1,0,6,5,5,5,0,5,0,2,1,2
6,45,41,0.0037316172383725643,1,1,6,6,5,1,0,0,0,0,1,1
6,45,44,7.431427366100252e-05,1,1,6,6,5,4,0,0,0,0,1,1
6,45,46,3.73016155208461e-05,1,1,6,6,5,6,0,0,0,0,1,1
6,47,0,0.001390764256939292,2,0,7,1,0,0,0,0,0,2,4,4
6,47,3,0.01026165671646595,2,0,7,3,0,3,0,1,0,1,4,1
6,47,4,0.09745606034994125,2,0,7,3,0,4,0,1,0,1,4,1
6,47,5,0.0004814135027118027,2,0,7,3,0,5,0,1,0,1,4,1
6,47,9,0.02426062896847725,2,0,7,3,0,3,0,2,0,1,4,1
6,47,11,0.0023411300498992205,2,0,7,3,0,5,0,2,0,1,4,1
6,47,12,0.0032241286244243383,2,0,7,3,0,6,0,2,0,1,4,1
6,47,14,0.030505411326885223,2,0,7,3,0,2,0,3,0,1,4,1
6,47,16,0.18845631182193756,2,0,7,3,0,4,0,3,0,1,4,1
6,47,17,0.005321140866726637,2,0,7,3,0,5,0,3,0,1,4,1
6,47,20,0.001203935593366623,2,0,7,3,0,2,0,4,0,1,4,1
6,47,21,0.0034837203565984964,2,0,7,3,0,3,0,4,0,1,4,1
6,47,22,0.006356588564813137,2,0,7,3,0,4,0,4,0,1,4,1
6,47,25,0.000401754688937217,2,0,7,3,0,1,0,5,0,1,4,1
6,47,27,0.03319340944290161,2,0,7,3,0,3,0,5,0,1,4,1
6,47,30,0.0016219945391640067,2,0,7,3,0,6,0,5,0,1,4,1
6,47,33,0.3343576192855835,2,0,7,4,0,3,0,3,0,1,4,1
6,47,34,0.10526455193758011,2,0,7,4,0,4,0,4,0,1,4,1
6,47,35,0.005499471444636583,2,0,7,4,0,5,0,5,0,1,4,1
6,47,39,0.005076507572084665,2,0,7,5,0,4,0,4,0,2,4,2
6,47,40,0.0005103916046209633,2,0,7,5,0,5,0,5,0,2,4,2
6,47,41,0.006006795912981033,2,1,7,6,0,1,0,0,0,0,4,1
6,47,44,0.01870734989643097,2,1,7,6,0,4,0,0,0,0,4,1
6,47,46,0.11461715400218964,2,1,7,6,0,6,0,0,0,0,4,1
7,0,1,0.0016562625532969832,0,0,1,3,0,1,0,1,2,1,4,1
7,0,2,0.014129286631941795,0,0,1,3,0,2,0,1,2,1,4,1
7,0,6,0.0019093264127150178,0,0,1,3,0,6,0,1,2,1,4,1
7,0,7,0.0018946677446365356,0,0,1,3,0,1,0,2,2,1,4,1
7,0,8,0.2999010384082794,0,0,1,3,0,2,0,2,2,1,4,1
7,0,10,0.004831451922655106,0,0,1,3,0,4,0,2,2,1,4,1
7,0,13,0.0004215250664856285,0,0,1,3,0,1,0,3,2,1,4,1
7,0,15,0.00899046566337347,0,0,1,3,0,3,0,3,2,1,4,1
7,0,18,0.0005086989840492606,0,0,1,3,0,6,0,3,2,1,4,1
7,0,19,0.00017162012227345258,0,0,1,3,0,1,0,4,2,1,4,1
7,0,23,0.0009630795102566481,0,0,1,3,0,5,0,4,2,1,4,1
7,0,24,0.0006164845544844866,0,0,1,3,0,6,0,4,2,1,4,1
7,0,26,0.030550148338079453,0,0,1,3,0,2,0,5,2,1,4,1
7,0,28,0.0037440808955579996,0,0,1,3,0,4,0,5,2,1,4,1
7,0,29,0.01094227284193039,0,0,1,3,0,5,0,5,2,1,4,1
7,0,31,0.002293378347530961,0,0,1,4,0,1,0,1,2,1,4,1
7,0,32,0.06977900862693787,0,0,1,4,0,2,0,2,2,1,4,1
7,0,36,0.0030316179618239403,0,0,1,5,0,1,0,1,2,2,4,2
7,0,37,0.5186832547187805,0,0,1,5,0,2,0,2,2,2,4,2
7,0,38,0.010522217489778996,0,0,1,5,0,3,0,3,2,2,4,2
7,0,42,0.0005789147107861936,0,1,1,6,0,2,0,0,2,0,4,1
7,0,43,0.0014062594855204225,0,1,1,6,0,3,0,0,2,0,4,1
7,0,45,0.00011633409303613007,0,1,1,6,0,5,0,0,2,0,4,1
7,0,47,0.012358329258859158,0,2,1,7,0,0,0,0,2,0,4,4
7,3,1,0.0054878913797438145,0,0,3,3,3,1,1,1,1,1,1,1
7,3,2,0.011363583616912365,0,0,3,3,3,2,1,1,1,1,1,1
7,3,6,0.07872606813907623,0,0,3,3,3,6,1,1,1,1,1,1
7,3,7,0.11208074539899826,0,0,3,3,3,1,1,2,1,1,1,1
7,3,8,0.01064231526106596,0,0,3,3,3,2,1,2,1,1,1,1
7,3,10,0.059139154851436615,0,0,3,3,3,4,1,2,1,1,1,1
7,3,13,0.05845550075173378,0,0,3,3,3,1,1,3,1,1,1,1
7,3,15,0.005114418920129538,0,0,3,3,3,3,1,3,1,1,1,1
7,3,18,0.043228209018707275,0,0,3,3,3,6,1,3,1,1,1,1
7,3,19,0.024084636941552162,0,0,3,3,3,1,1,4,1,1,1,1
7,3,23,0.003927215468138456,0,0,3,3,3,5,1,4,1,1,1,1
7,3,24,0.011883958242833614,0,0,3,3,3,6,1,4,1,1,1,1
7,3,26,0.004550857003778219,0,0,3,3,3,2,1,5,1,1,1,1
7,3,28,0.003968217875808477,0,0,3,3,3,4,1,5,1,1,1,1
7,3,29,0.0020181441213935614,0,0,3,3,3,5,1,5,1,1,1,1
7,3,31,0.013814844191074371,0,0,3,4,3,1,1,1,1,1,1,1
7,3,32,0.005796584766358137,0,0,3,4,3,2,1,2,1,1,1,1
7,3,36,0.0015624234220013022,0,0,3,5,3,1,1,1,1,2,1,2
7,3,37,0.0011829257709905505,0,0,3,5,3,2,1,2,1,2,1,2
7,3,38,0.00048586417688056827,0,0,3,5,3,3,1,3,1,2,1,2
7,3,42,0.27123549580574036,0,1,3,6,3,2,1,0,1,0,1,1
7,3,43,0.06411035358905792,0,1,3,6,3,3,1,0,1,0,1,1
7,3,45,0.1904987394809723,0,1,3,6,3,5,1,0,1,0,1,1
7,3,47,0.01664181984961033,0,2,3,7,3,0,1,0,1,0,1,4
7,4,1,0.01840261183679104,0,0,3,3,4,1,1,1,1,1,1,1
7,4,2,0.027368975803256035,0,0,3,3,4,2,1,1,1,1,1,1
7,4,6,0.07607074826955795,0,0,3,3,4,6,1,1,1,1,1,1
7,4,7,0.030573252588510513,0,0,3,3,4,1,1,2,1,1,1,1
7,4,8,0.004647850524634123,0,0,3,3,4,2,1,2,1,1,1,1
7,4,10,0.034678418189287186,0,0,3,3,4,4,1,2,1,1,1,1
7,4,13,0.28984519839286804,0,0,3,3,4,1,1,3,1,1,1,1
7,4,15,0.011075458489358425,0,0,3,3,4,3,1,3,1,1,1,1
7,4,18,0.024197004735469818,0,0,3,3,4,6,1,3,1,1,1,1
7,4,19,0.027104269713163376,0,0,3,3,4,1,1,4,1,1,1,1
7,4,23,0.002420142525807023,0,0,3,3,4,5,1,4,1,1,1,1
7,4,24,0.007634044624865055,0,0,3,3,4,6,1,4,1,1,1,1
7,4,26,0.020872410386800766,0,0,3,3,4,2,1,5,1,1,1,1
7,4,28,0.01453343965113163,0,0,3,3,4,4,1,5,1,1,1,1
7,4,29,0.0037610866129398346,0,0,3,3,4,5,1,5,1,1,1,1
7,4,31,0.013035807758569717,0,0,3,4,4,1,1,1,1,1,1,1
7,4,32,0.002799097215756774,0,0,3,4,4,2,1,2,1,1,1,1
7,4,36,0.24267707765102386,0,0,3,5,4,1,1,1,1,2,1,2
7,4,37,0.02352822944521904,0,0,3,5,4,2,1,2,1,2,1,2
7,4,38,0.030023567378520966,0,0,3,5,4,3,1,3,1,2,1,2
7,4,42,0.046344857662916183,0,1,3,6,4,2,1,0,1,0,1,1
7,4,43,0.010621965862810612,0,1,3,6,4,3,1,0,1,0,1,1
7,4,45,0.03433352708816528,0,1,3,6,4,5,1,0,1,0,1,1
7,4,47,0.0034508882090449333,0,2,3,7,4,0,1,0,1,0,1,4
7,5,1,0.008998405188322067,0,0,3,3,5,1,1,1,1,1,1,1
7,5,2,0.002212788909673691,0,0,3,3,5,2,1,1,1,1,1,1
7,5,6,0.008396306075155735,0,0,3,3,5,6,1,1,1,1,1,1
7,5,7,0.03375660255551338,0,0,3,3,5,1,1,2,1,1,1,1
7,5,8,0.00033996906131505966,0,0,3,3,5,2,1,2,1,1,1,1
7,5,10,0.31999462842941284,0,0,3,3,5,4,1,2,1,1,1,1
7,5,13,0.07948894053697586,0,0,3,3,5,1,1,3,1,1,1,1
7,5,15,0.01837834157049656,0,0,3,3,5,3,1,3,1,1,1,1
7,5,18,0.005471023265272379,0,0,3,3,5,6,1,3,1,1,1,1
7,5,19,0.019682347774505615,0,0,3,3,5,1,1,4,1,1,1,1
7,5,23,0.0029251701198518276,0,0,3,3,5,5,1,4,1,1,1,1
7,5,24,0.002380142919719219,0,0,3,3,5,6,1,4,1,1,1,1
7,5,26,0.0032391452696174383,0,0,3,3,5,2,1,5,1,1,1,1
7,5,28,0.4394814968109131,0,0,3,3,5,4,1,5,1,1,1,1
7,5,29,0.0031397156417369843,0,0,3,3,5,5,1,5,1,1,1,1
7,5,31,0.0013406174257397652,0,0,3,4,5,1,1,1,1,1,1,1
7,5,32,0.0005764519446529448,0,0,3,4,5,2,1,2,1,1,1,1
7,5,36,0.024463357403874397,0,0,3,5,5,1,1,1,1,2,1,2
7,5,37,0.0005390493897721171,0,0,3,5,5,2,1,2,1,2,1,2
7,5,38,0.004874581471085548,0,0,3,5,5,3,1,3,1,2,1,2
7,5,42,0.003077593632042408,0,1,3,6,5,2,1,0,1,0,1,1
7,5,43,0.007213059812784195,0,1,3,6,5,3,1,0,1,0,1,1
7,5,45,0.006922514643520117,0,1,3,6,5,5,1,0,1,0,1,1
7,5,47,0.0031078613828867674,0,2,3,7,5,0,1,0,1,0,1,4
7,9,1,0.007609392050653696,0,0,3,3,3,1,2,1,1,1,1,1
7,9,2,0.0008541900315321982,0,0,3,3,3,2,2,1,1,1,1,1
7,9,6,0.02041677013039589,0,0,3,3,3,6,2,1,1,1,1,1
7,9,7,0.003145006485283375,0,0,3,3,3,1,2,2,1,1,1,1
7,9,8,0.0011726577067747712,0,0,3,3,3,2,2,2,1,1,1,1
7,9,10,0.013223279267549515,0,0,3,3,3,4,2,2,1,1,1,1
7,9,13,0.10802505165338516,0,0,3,3,3,1,2,3,1,1,1,1
7,9,15,7.713168452028185e-05,0,0,3,3,3,3,2,3,1,1,1,1
7,9,18,0.0631319135427475,0,0,3,3,3,6,2,3,1,1,1,1
7,9,19,0.0486706979572773,0,0,3,3,3,1,2,4,1,1,1,1
7,9,23,0.006756886374205351,0,0,3,3,3,5,2,4,1,1,1,1
7,9,24,0.0006447776104323566,0,0,3,3,3,6,2,4,1,1,1,1
7,9,26,0.00015603880456183106,0,0,3,3,3,2,2,5,1,1,1,1
7,9,28,0.003608575090765953,0,0,3,3,3,4,2,5,1,1,1,1
7,9,29,0.0035670159850269556,0,0,3,3,3,5,2,5,1,1,1,1
7,9,31,0.0009597647585906088,0,0,3,4,3,1,2,1,1,1,1,1
7,9,32,2.6317746232962236e-05,0,0,3,4,3,2,2,2,1,1,1,1
7,9,36,0.2426607608795166,0,0,3,5,3,1,2,1,1,2,1,2
7,9,37,0.0004142464604228735,0,0,3,5,3,2,2,2,1,2,1,2
7,9,38,0.0001614938664715737,0,0,3,5,3,3,2,3,1,2,1,2
7,9,42,0.004005615133792162,0,1,3,6,3,2,2,0,1,0,1,1
7,9,43,0.0004479817289393395,0,1,3,6,3,3,2,0,1,0,1,1
7,9,45,0.4702373147010803,0,1,3,6,3,5,2,0,1,0,1,1
7,9,47,2.6977872039424255e-05,0,2,3,7,3,0,2,0,1,0,1,4
7,11,1,0.01709538698196411,0,0,3,3,5,1,2,1,1,1,1,1
7,11,2,0.0031006631907075644,0,0,3,3,5,2,2,1,1,1,1,1
7,11,6,0.029227642342448235,0,0,3,3,5,6,2,1,1,1,1,1
7,11,7,0.028812726959586143,0,0,3,3,5,1,2,2,1,1,1,1
7,11,8,0.0027304694522172213,0,0,3,3,5,2,2,2,1,1,1,1
7,11,10,0.4932881295681,0,0,3,3,5,4,2,2,1,1,1,1
7,11,13,0.21066607534885406,0,0,3,3,5,1,2,3,1,1,1,1
7,11,15,0.0010252610081806779,0,0,3,3,5,3,2,3,1,1,1,1
7,11,18,0.027412086725234985,0,0,3,3,5,6,2,3,1,1,1,1
7,11,19,0.015935523435473442,0,0,3,3,5,1,2,4,1,1,1,1
7,11,23,0.000688506755977869,0,0,3,3,5,5,2,4,1,1,1,1
7,11,24,0.005062255542725325,0,0,3,3,5,6,2,4,1,1,1,1
7,11,26,0.00022379001893568784,0,0,3,3,5,2,2,5,1,1,1,1
7,11,28,0.009141148999333382,0,0,3,3,5,4,2,5,1,1,1,1
7,11,29,0.0002993408124893904,0,0,3,3,5,5,2,5,1,1,1,1
7,11,31,0.008552685379981995,0,0,3,4,5,1,2,1,1,1,1,1
7,11,32,0.00013886470696888864,0,0,3,4,5,2,2,2,1,1,1,1
7,11,36,0.08055619150400162,0,0,3,5,5,1,2,1,1,2,1,2
7,11,37,0.0008382781525142491,0,0,3,5,5,2,2,2,1,2,1,2
7,11,38,0.0020815387833863497,0,0,3,5,5,3,2,3,1,2,1,2
7,11,42,0.007497514132410288,0,1,3,6,5,2,2,0,1,0,1,1
7,11,43,0.009540139697492123,0,1,3,6,5,3,2,0,1,0,1,1
7,11,45,0.045972976833581924,0,1,3,6,5,5,2,0,1,0,1,1
7,11,47,0.00011271108814980835,0,2,3,7,5,0,2,0,1,0,1,4
7,12,1,0.06600327044725418,0,0,3,3,6,1,2,1,1,1,1,1
7,12,2,0.015610943548381329,0,0,3,3,6,2,2,1,1,1,1,1
7,12,6,0.163993701338768,0,0,3,3,6,6,2,1,1,1,1,1
7,12,7,0.017944078892469406,0,0,3,3,6,1,2,2,1,1,1,1
7,12,8,0.031947061419487,0,0,3,3,6,2,2,2,1,1,1,1
7,12,10,0.04739467054605484,0,0,3,3,6,4,2,2,1,1,1,1
7,12,13,0.12175565212965012,0,0,3,3,6,1,2,3,1,1,1,1
7,12,15,0.0005997840780764818,0,0,3,3,6,3,2,3,1,1,1,1
7,12,18,0.02664664387702942,0,0,3,3,6,6,2,3,1,1,1,1
7,12,19,0.017039965838193893,0,0,3,3,6,1,2,4,1,1,1,1
7,12,23,0.012672173790633678,0,0,3,3,6,5,2,4,1,1,1,1
7,12,24,0.003373407758772373,0,0,3,3,6,6,2,4,1,1,1,1
7,12,26,0.0012087172362953424,0,0,3,3,6,2,2,5,1,1,1,1
7,12,28,0.0015483752358704805,0,0,3,3,6,4,2,5,1,1,1,1
7,12,29,0.002321359235793352,0,0,3,3,6,5,2,5,1,1,1,1
7,12,31,0.13997524976730347,0,0,3,4,6,1,2,1,1,1,1,1
7,12,32,0.0014424108667299151,0,0,3,4,6,2,2,2,1,1,1,1
7,12,36,0.16398511826992035,0,0,3,5,6,1,2,1,1,2,1,2
7,12,37,0.0043145292438566685,0,0,3,5,6,2,2,2,1,2,1,2
7,12,38,0.0031974439043551683,0,0,3,5,6,3,2,3,1,2,1,2
7,12,42,0.010135460644960403,0,1,3,6,6,2,2,0,1,0,1,1
7,12,43,0.0019302669679746032,0,1,3,6,6,3,2,0,1,0,1,1
7,12,45,0.1446448415517807,0,1,3,6,6,5,2,0,1,0,1,1
7,12,47,0.00031512294663116336,0,2,3,7,6,0,2,0,1,0,1,4
7,14,1,0.12925826013088226,0,0,3,3,2,1,3,1,1,1,1,1
7,14,2,0.008089974522590637,0,0,3,3,2,2,3,1,1,1,1,1
7,14,6,0.0233499463647604,0,0,3,3,2,6,3,1,1,1,1,1
7,14,7,0.05877785012125969,0,0,3,3,2,1,3,2,1,1,1,1
7,14,8,0.0032689860090613365,0,0,3,3,2,2,3,2,1,1,1,1
7,14,10,0.13343077898025513,0,0,3,3,2,4,3,2,1,1,1,1
7,14,13,0.20516763627529144,0,0,3,3,2,1,3,3,1,1,1,1
7,14,15,0.005982463713735342,0,0,3,3,2,3,3,3,1,1,1,1
7,14,18,0.0067496164701879025,0,0,3,3,2,6,3,3,1,1,1,1
7,14,19,0.05678144469857216,0,0,3,3,2,1,3,4,1,1,1,1
7,14,23,0.0008081260602921247,0,0,3,3,2,5,3,4,1,1,1,1
7,14,24,0.007258353289216757,0,0,3,3,2,6,3,4,1,1,1,1
7,14,26,0.0035855171736329794,0,0,3,3,2,2,3,5,1,1,1,1
7,14,28,0.04276004061102867,0,0,3,3,2,4,3,5,1,1,1,1
7,14,29,0.0017545425798743963,0,0,3,3,2,5,3,5,1,1,1,1
7,14,31,0.003562717232853174,0,0,3,4,2,1,3,1,1,1,1,1
7,14,32,0.0006595933227799833,0,0,3,4,2,2,3,2,1,1,1,1
7,14,36,0.28816813230514526,0,0,3,5,2,1,3,1,1,2,1,2
7,14,37,0.010289710946381092,0,0,3,5,2,2,3,2,1,2,1,2
7,14,38,0.005081638228148222,0,0,3,5,2,3,3,3,1,2,1,2
7,14,42,0.0007330831722356379,0,1,3,6,2,2,3,0,1,0,1,1
7,14,43,0.003182373708114028,0,1,3,6,2,3,3,0,1,0,1,1
7,14,45,0.0010632898192852736,0,1,3,6,2,5,3,0,1,0,1,1
7,14,47,0.00023579357366543263,0,2,3,7,2,0,3,0,1,0,1,4
7,16,1,0.09738735109567642,0,0,3,3,4,1,3,1,1,1,1,1
7,16,2,0.011537265963852406,0,0,3,3,4,2,3,1,1,1,1,1
7,16,6,0.06430063396692276,0,0,3,3,4,6,3,1,1,1,1,1
7,16,7,0.039522383362054825,0,0,3,3,4,1,3,2,1,1,1,1
7,16,8,0.003754892386496067,0,0,3,3,4,2,3,2,1,1,1,1
7,16,10,0.10438387095928192,0,0,3,3,4,4,3,2,1,1,1,1
7,16,13,0.2445831149816513,0,0,3,3,4,1,3,3,1,1,1,1
7,16,15,0.038662850856781006,0,0,3,3,4,3,3,3,1,1,1,1
7,16,18,0.052494991570711136,0,0,3,3,4,6,3,3,1,1,1,1
7,16,19,0.0390748605132103,0,0,3,3,4,1,3,4,1,1,1,1
7,16,23,0.0056560891680419445,0,0,3,3,4,5,3,4,1,1,1,1
7,16,24,0.021299559623003006,0,0,3,3,4,6,3,4,1,1,1,1
7,16,26,0.012914428487420082,0,0,3,3,4,2,3,5,1,1,1,1
7,16,28,0.09295446425676346,0,0,3,3,4,4,3,5,1,1,1,1
7,16,29,0.006334255915135145,0,0,3,3,4,5,3,5,1,1,1,1
7,16,31,0.017181506380438805,0,0,3,4,4,1,3,1,1,1,1,1
7,16,32,0.0022918262984603643,0,0,3,4,4,2,3,2,1,1,1,1
7,16,36,0.07694917172193527,0,0,3,5,4,1,3,1,1,2,1,2
7,16,37,0.003977839834988117,0,0,3,5,4,2,3,2,1,2,1,2
7,16,38,0.024472398683428764,0,0,3,5,4,3,3,3,1,2,1,2
7,16,42,0.00676289526745677,0,1,3,6,4,2,3,0,1,0,1,1
7,16,43,0.021653754636645317,0,1,3,6,4,3,3,0,1,0,1,1
7,16,45,0.00916242878884077,0,1,3,6,4,5,3,0,1,0,1,1
7,16,47,0.0026872577145695686,0,2,3,7,4,0,3,0,1,0,1,4
7,17,1,0.1972370147705078,0,0,3,3,5,1,3,1,1,1,1,1
7,17,2,0.0035498393699526787,0,0,3,3,5,2,3,1,1,1,1,1
7,17,6,0.03272220119833946,0,0,3,3,5,6,3,1,1,1,1,1
7,17,7,0.022506702691316605,0,0,3,3,5,1,3,2,1,1,1,1
7,17,8,0.0018905603792518377,0,0,3,3,5,2,3,2,1,1,1,1
7,17,10,0.09886986017227173,0,0,3,3,5,4,3,2,1,1,1,1
7,17,13,0.2724909484386444,0,0,3,3,5,1,3,3,1,1,1,1
7,17,15,0.006492360960692167,0,0,3,3,5,3,3,3,1,1,1,1
7,17,18,0.039572738111019135,0,0,3,3,5,6,3,3,1,1,1,1
7,17,19,0.04733167961239815,0,0,3,3,5,1,3,4,1,1,1,1
7,17,23,0.018873335793614388,0,0,3,3,5,5,3,4,1,1,1,1
7,17,24,0.003849801840260625,0,0,3,3,5,6,3,4,1,1,1,1
7,17,26,0.0016447290545329452,0,0,3,3,5,2,3,5,1,1,1,1
7,17,28,0.11038408428430557,0,0,3,3,5,4,3,5,1,1,1,1
7,17,29,0.01549453567713499,0,0,3,3,5,5,3,5,1,1,1,1
7,17,31,0.012449368834495544,0,0,3,4,5,1,3,1,1,1,1,1
7,17,32,0.00019395333947613835,0,0,3,4,5,2,3,2,1,1,1,1
7,17,36,0.097878597676754,0,0,3,5,5,1,3,1,1,2,1,2
7,17,37,0.00018841885321307927,0,0,3,5,5,2,3,2,1,2,1,2
7,17,38,0.0009619687334634364,0,0,3,5,5,3,3,3,1,2,1,2
7,17,42,0.0005494510405696929,0,1,3,6,5,2,3,0,1,0,1,1
7,17,43,0.0014663119800388813,0,1,3,6,5,3,3,0,1,0,1,1
7,17,45,0.013145072385668755,0,1,3,6,5,5,3,0,1,0,1,1
7,17,47,0.0002562942390795797,0,2,3,7,5,0,3,0,1,0,1,4
7,20,1,0.054268814623355865,0,0,3,3,2,1,4,1,1,1,1,1
7,20,2,0.03438037261366844,0,0,3,3,2,2,4,1,1,1,1,1
7,20,6,0.03900603577494621,0,0,3,3,2,6,4,1,1,1,1,1
7,20,7,0.07245631515979767,0,0,3,3,2,1,4,2,1,1,1,1
7,20,8,0.017735684290528297,0,0,3,3,2,2,4,2,1,1,1,1
7,20,10,0.26327386498451233,0,0,3,3,2,4,4,2,1,1,1,1
7,20,13,0.10435780882835388,0,0,3,3,2,1,4,3,1,1,1,1
7,20,15,0.012660996988415718,0,0,3,3,2,3,4,3,1,1,1,1
7,20,18,0.003980541601777077,0,0,3,3,2,6,4,3,1,1,1,1
7,20,19,0.03554142639040947,0,0,3,3,2,1,4,4,1,1,1,1
7,20,23,0.004998358432203531,0,0,3,3,2,5,4,4,1,1,1,1
7,20,24,0.00429007550701499,0,0,3,3,2,6,4,4,1,1,1,1
7,20,26,0.019794601947069168,0,0,3,3,2,2,4,5,1,1,1,1
7,20,28,0.07795962691307068,0,0,3,3,2,4,4,5,1,1,1,1
7,20,29,0.007767146918922663,0,0,3,3,2,5,4,5,1,1,1,1
7,20,31,0.00969621166586876,0,0,3,4,2,1,4,1,1,1,1,1
7,20,32,0.006757493130862713,0,0,3,4,2,2,4,2,1,1,1,1
7,20,36,0.16996333003044128,0,0,3,5,2,1,4,1,1,2,1,2
7,20,37,0.0248541459441185,0,0,3,5,2,2,4,2,1,2,1,2
7,20,38,0.006630901712924242,0,0,3,5,2,3,4,3,1,2,1,2
7,20,42,0.008640134707093239,0,1,3,6,2,2,4,0,1,0,1,1
7,20,43,0.010436601005494595,0,1,3,6,2,3,4,0,1,0,1,1
7,20,45,0.00790549349039793,0,1,3,6,2,5,4,0,1,0,1,1
7,20,47,0.0026440927758812904,0,2,3,7,2,0,4,0,1,0,1,4
7,21,1,0.0009699956863187253,0,0,3,3,3,1,4,1,1,1,1,1
7,21,2,0.006481778807938099,0,0,3,3,3,2,4,1,1,1,1,1
7,21,6,0.02801087684929371,0,0,3,3,3,6,4,1,1,1,1,1
7,21,7,0.041568055748939514,0,0,3,3,3,1,4,2,1,1,1,1
7,21,8,0.0018907305784523487,0,0,3,3,3,2,4,2,1,1,1,1
7,21,10,0.044495970010757446,0,0,3,3,3,4,4,2,1,1,1,1
7,21,13,0.06423680484294891,0,0,3,3,3,1,4,3,1,1,1,1
7,21,15,0.0009145655203610659,0,0,3,3,3,3,4,3,1,1,1,1
7,21,18,0.014506014995276928,0,0,3,3,3,6,4,3,1,1,1,1
7,21,19,0.026670459657907486,0,0,3,3,3,1,4,4,1,1,1,1
7,21,23,0.0023248770739883184,0,0,3,3,3,5,4,4,1,1,1,1
7,21,24,0.001878812094219029,0,0,3,3,3,6,4,4,1,1,1,1
7,21,26,0.0026893496979027987,0,0,3,3,3,2,4,5,1,1,1,1
7,21,28,0.003657603170722723,0,0,3,3,3,4,4,5,1,1,1,1
7,21,29,0.0009563977364450693,0,0,3,3,3,5,4,5,1,1,1,1
7,21,31,0.0010338644497096539,0,0,3,4,3,1,4,1,1,1,1,1
7,21,32,0.0007452198769897223,0,0,3,4,3,2,4,2,1,1,1,1
7,21,36,0.004299425985664129,0,0,3,5,3,1,4,1,1,2,1,2
7,21,37,0.0007568433065898716,0,0,3,5,3,2,4,2,1,2,1,2
7,21,38,0.00019308124319650233,0,0,3,5,3,3,4,3,1,2,1,2
7,21,42,0.4143456220626831,0,1,3,6,3,2,4,0,1,0,1,1
7,21,43,0.022057851776480675,0,1,3,6,3,3,4,0,1,0,1,1
7,21,45,0.3119056820869446,0,1,3,6,3,5,4,0,1,0,1,1
7,21,47,0.003410056699067354,0,2,3,7,3,0,4,0,1,0,1,4
7,22,1,0.0015718572540208697,0,0,3,3,4,1,4,1,1,1,1,1
7,22,2,0.021187828853726387,0,0,3,3,4,2,4,1,1,1,1,1
7,22,6,0.041611865162849426,0,0,3,3,4,6,4,1,1,1,1,1
7,22,7,0.016002675518393517,0,0,3,3,4,1,4,2,1,1,1,1
7,22,8,0.022262321785092354,0,0,3,3,4,2,4,2,1,1,1,1
7,22,10,0.09877670556306839,0,0,3,3,4,4,4,2,1,1,1,1
7,22,13,0.05940225347876549,0,0,3,3,4,1,4,3,1,1,1,1
7,22,15,0.002353946678340435,0,0,3,3,4,3,4,3,1,1,1,1
7,22,18,0.017362277954816818,0,0,3,3,4,6,4,3,1,1,1,1
7,22,19,0.00673914048820734,0,0,3,3,4,1,4,4,1,1,1,1
7,22,23,0.0016662159468978643,0,0,3,3,4,5,4,4,1,1,1,1
7,22,24,0.0031792810186743736,0,0,3,3,4,6,4,4,1,1,1,1
7,22,26,0.00539341801777482,0,0,3,3,4,2,4,5,1,1,1,1
7,22,28,0.0040842583402991295,0,0,3,3,4,4,4,5,1,1,1,1
7,22,29,0.0007974100881256163,0,0,3,3,4,5,4,5,1,1,1,1
7,22,31,0.0054308706894516945,0,0,3,4,4,1,4,1,1,1,1,1
7,22,32,0.0039092060178518295,0,0,3,4,4,2,4,2,1,1,1,1
7,22,36,0.1515445113182068,0,0,3,5,4,1,4,1,1,2,1,2
7,22,37,0.1251640021800995,0,0,3,5,4,2,4,2,1,2,1,2
7,22,38,0.06431449949741364,0,0,3,5,4,3,4,3,1,2,1,2
7,22,42,0.20161943137645721,0,1,3,6,4,2,4,0,1,0,1,1
7,22,43,0.01873132772743702,0,1,3,6,4,3,4,0,1,0,1,1
7,22,45,0.12295126169919968,0,1,3,6,4,5,4,0,1,0,1,1
7,22,47,0.0039433580823242664,0,2,3,7,4,0,4,0,1,0,1,4
7,25,1,0.001637299545109272,0,0,3,3,1,1,5,1,1,1,1,1
7,25,2,0.0004316458944231272,0,0,3,3,1,2,5,1,1,1,1,1
7,25,6,0.005748313385993242,0,0,3,3,1,6,5,1,1,1,1,1
7,25,7,0.0026189254131168127,0,0,3,3,1,1,5,2,1,1,1,1
7,25,8,6.06923749728594e-05,0,0,3,3,1,2,5,2,1,1,1,1
7,25,10,0.004028130788356066,0,0,3,3,1,4,5,2,1,1,1,1
7,25,13,0.02332679182291031,0,0,3,3,1,1,5,3,1,1,1,1
7,25,15,0.00012615528248716146,0,0,3,3,1,3,5,3,1,1,1,1
7,25,18,0.010945329442620277,0,0,3,3,1,6,5,3,1,1,1,1
7,25,19,0.06941165775060654,0,0,3,3,1,1,5,4,1,1,1,1
7,25,23,0.004785631317645311,0,0,3,3,1,5,5,4,1,1,1,1
7,25,24,0.0016329949721693993,0,0,3,3,1,6,5,4,1,1,1,1
7,25,26,0.000459155096905306,0,0,3,3,1,2,5,5,1,1,1,1
7,25,28,0.0045354836620390415,0,0,3,3,1,4,5,5,1,1,1,1
7,25,29,0.002627859590575099,0,0,3,3,1,5,5,5,1,1,1,1
7,25,31,0.0009610505658201873,0,0,3,4,1,1,5,1,1,1,1,1
7,25,32,0.00013732790830545127,0,0,3,4,1,2,5,2,1,1,1,1
7,25,36,0.013792349956929684,0,0,3,5,1,1,5,1,1,2,1,2
7,25,37,7.582364924019203e-05,0,0,3,5,1,2,5,2,1,2,1,2
7,25,38,0.00014562142314389348,0,0,3,5,1,3,5,3,1,2,1,2
7,25,42,0.03340571001172066,0,1,3,6,1,2,5,0,1,0,1,1
7,25,43,0.0038964557461440563,0,1,3,6,1,3,5,0,1,0,1,1
7,25,45,0.8149892687797546,0,1,3,6,1,5,5,0,1,0,1,1
7,25,47,0.0002205933997174725,0,2,3,7,1,0,5,0,1,0,1,4
7,27,1,2.1432782887131907e-05,0,0,3,3,3,1,5,1,1,1,1,1
7,27,2,9.767981100594625e-05,0,0,3,3,3,2,5,1,1,1,1,1
7,27,6,0.003044456709176302,0,0,3,3,3,6,5,1,1,1,1,1
7,27,7,0.00029125766013748944,0,0,3,3,3,1,5,2,1,1,1,1
7,27,8,0.00020630922517739236,0,0,3,3,3,2,5,2,1,1,1,1
7,27,10,0.0011630584485828876,0,0,3,3,3,4,5,2,1,1,1,1
7,27,13,0.0008769442792981863,0,0,3,3,3,1,5,3,1,1,1,1
7,27,15,5.64200399821857e-06,0,0,3,3,3,3,5,3,1,1,1,1
7,27,18,0.0046743894927203655,0,0,3,3,3,6,5,3,1,1,1,1
7,27,19,0.002713527763262391,0,0,3,3,3,1,5,4,1,1,1,1
7,27,23,0.00020994395890738815,0,0,3,3,3,5,5,4,1,1,1,1
7,27,24,0.0004917212063446641,0,0,3,3,3,6,5,4,1,1,1,1
7,27,26,6.465703336289153e-05,0,0,3,3,3,2,5,5,1,1,1,1
7,27,28,7.0643873186782e-05,0,0,3,3,3,4,5,5,1,1,1,1
7,27,29,5.76090496906545e-05,0,0,3,3,3,5,5,5,1,1,1,1
7,27,31,0.00018731925229076296,0,0,3,4,3,1,5,1,1,1,1,1
7,27,32,0.00013350482913665473,0,0,3,4,3,2,5,2,1,1,1,1
7,27,36,0.0005340953939594328,0,0,3,5,3,1,5,1,1,2,1,2
7,27,37,0.0002827698190230876,0,0,3,5,3,2,5,2,1,2,1,2
7,27,38,4.2835617932723835e-05,0,0,3,5,3,3,5,3,1,2,1,2
7,27,42,0.1358886957168579,0,1,3,6,3,2,5,0,1,0,1,1
7,27,43,0.005905875004827976,0,1,3,6,3,3,5,0,1,0,1,1
7,27,45,0.8427225351333618,0,1,3,6,3,5,5,0,1,0,1,1
7,27,47,0.0003128929529339075,0,2,3,7,3,0,5,0,1,0,1,4
7,30,1,0.0424346961081028,0,0,3,3,6,1,5,1,1,1,1,1
7,30,2,0.002243256662040949,0,0,3,3,6,2,5,1,1,1,1,1
7,30,6,0.03900536522269249,0,0,3,3,6,6,5,1,1,1,1,1
7,30,7,0.006347097456455231,0,0,3,3,6,1,5,2,1,1,1,1
7,30,8,0.007464502938091755,0,0,3,3,6,2,5,2,1,1,1,1
7,30,10,0.15746955573558807,0,0,3,3,6,4,5,2,1,1,1,1
7,30,13,0.03053698129951954,0,0,3,3,6,1,5,3,1,1,1,1
7,30,15,0.0009989318205043674,0,0,3,3,6,3,5,3,1,1,1,1
7,30,18,0.018590157851576805,0,0,3,3,6,6,5,3,1,1,1,1
7,30,19,0.05871431529521942,0,0,3,3,6,1,5,4,1,1,1,1
7,30,23,0.019449014216661453,0,0,3,3,6,5,5,4,1,1,1,1
7,30,24,0.004098808858543634,0,0,3,3,6,6,5,4,1,1,1,1
7,30,26,0.0016510890563949943,0,0,3,3,6,2,5,5,1,1,1,1
7,30,28,0.06020716205239296,0,0,3,3,6,4,5,5,1,1,1,1
7,30,29,0.009246078319847584,0,0,3,3,6,5,5,5,1,1,1,1
7,30,31,0.01605457253754139,0,0,3,4,6,1,5,1,1,1,1,1
7,30,32,0.002663627965375781,0,0,3,4,6,2,5,2,1,1,1,1
7,30,36,0.24485613405704498,0,0,3,5,6,1,5,1,1,2,1,2
7,30,37,0.005629417952150106,0,0,3,5,6,2,5,2,1,2,1,2
7,30,38,0.006049706134945154,0,0,3,5,6,3,5,3,1,2,1,2
7,30,42,0.006127447821199894,0,1,3,6,6,2,5,0,1,0,1,1
7,30,43,0.011263303458690643,0,1,3,6,6,3,5,0,1,0,1,1
7,30,45,0.24845778942108154,0,1,3,6,6,5,5,0,1,0,1,1
7,30,47,0.0004409753601066768,0,2,3,7,6,0,5,0,1,0,1,4
7,33,1,0.06215561181306839,0,0,4,3,3,1,3,1,1,1,1,1
7,33,2,0.018901927396655083,0,0,4,3,3,2,3,1,1,1,1,1
7,33,6,0.03248998150229454,0,0,4,3,3,6,3,1,1,1,1,1
7,33,7,0.08486561477184296,0,0,4,3,3,1,3,2,1,1,1,1
7,33,8,0.011547894217073917,0,0,4,3,3,2,3,2,1,1,1,1
7,33,10,0.010637604631483555,0,0,4,3,3,4,3,2,1,1,1,1
7,33,13,0.6053627133369446,0,0,4,3,3,1,3,3,1,1,1,1
7,33,15,0.0024047717452049255,0,0,4,3,3,3,3,3,1,1,1,1
7,33,18,0.030683675780892372,0,0,4,3,3,6,3,3,1,1,1,1
7,33,19,0.042971741408109665,0,0,4,3,3,1,3,4,1,1,1,1
7,33,23,0.0023128604516386986,0,0,4,3,3,5,3,4,1,1,1,1
7,33,24,0.0034347991459071636,0,0,4,3,3,6,3,4,1,1,1,1
7,33,26,0.0025611945893615484,0,0,4,3,3,2,3,5,1,1,1,1
7,33,28,0.0011312048882246017,0,0,4,3,3,4,3,5,1,1,1,1
7,33,29,0.0015684415120631456,0,0,4,3,3,5,3,5,1,1,1,1
7,33,31,0.005215027369558811,0,0,4,4,3,1,3,1,1,1,1,1
7,33,32,0.00015786118456162512,0,0,4,4,3,2,3,2,1,1,1,1
7,33,36,0.06674139201641083,0,0,4,5,3,1,3,1,1,2,1,2
7,33,37,0.0019140525255352259,0,0,4,5,3,2,3,2,1,2,1,2
7,33,38,0.000465923803858459,0,0,4,5,3,3,3,3,1,2,1,2
7,33,42,0.00676067965105176,0,1,4,6,3,2,3,0,1,0,1,1
7,33,43,0.0011693399865180254,0,1,4,6,3,3,3,0,1,0,1,1
7,33,45,0.003921146970242262,0,1,4,6,3,5,3,0,1,0,1,1
7,33,47,0.0006247794954106212,0,2,4,7,3,0,3,0,1,0,1,4
7,34,1,0.0013727176701650023,0,0,4,3,4,1,4,1,1,1,1,1
7,34,2,0.0551418736577034,0,0,4,3,4,2,4,1,1,1,1,1
7,34,6,0.020344102755188942,0,0,4,3,4,6,4,1,1,1,1,1
7,34,7,0.051418643444776535,0,0,4,3,4,1,4,2,1,1,1,1
7,34,8,0.026960793882608414,0,0,4,3,4,2,4,2,1,1,1,1
7,34,10,0.012648112140595913,0,0,4,3,4,4,4,2,1,1,1,1
7,34,13,0.14352262020111084,0,0,4,3,4,1,4,3,1,1,1,1
7,34,15,0.0018278200877830386,0,0,4,3,4,3,4,3,1,1,1,1
7,34,18,0.00781644880771637,0,0,4,3,4,6,4,3,1,1,1,1
7,34,19,0.005582026671618223,0,0,4,3,4,1,4,4,1,1,1,1
7,34,23,0.00016239131218753755,0,0,4,3,4,5,4,4,1,1,1,1
7,34,24,0.003679708344861865,0,0,4,3,4,6,4,4,1,1,1,1
7,34,26,0.008665304630994797,0,0,4,3,4,2,4,5,1,1,1,1
7,34,28,0.00016931604477576911,0,0,4,3,4,4,4,5,1,1,1,1
7,34,29,0.0001033607913996093,0,0,4,3,4,5,4,5,1,1,1,1
7,34,31,0.002428969833999872,0,0,4,4,4,1,4,1,1,1,1,1
7,34,32,0.0013501623179763556,0,0,4,4,4,2,4,2,1,1,1,1
7,34,36,0.07395973056554794,0,0,4,5,4,1,4,1,1,2,1,2
7,34,37,0.23979805409908295,0,0,4,5,4,2,4,2,1,2,1,2
7,34,38,0.027610167860984802,0,0,4,5,4,3,4,3,1,2,1,2
7,34,42,0.2980248034000397,0,1,4,6,4,2,4,0,1,0,1,1
7,34,43,0.00930822640657425,0,1,4,6,4,3,4,0,1,0,1,1
7,34,45,0.004854106809943914,0,1,4,6,4,5,4,0,1,0,1,1
7,34,47,0.003250380977988243,0,2,4,7,4,0,4,0,1,0,1,4
7,35,1,0.02443718910217285,0,0,4,3,5,1,5,1,1,1,1,1
7,35,2,0.013155392371118069,0,0,4,3,5,2,5,1,1,1,1,1
7,35,6,0.07648968696594238,0,0,4,3,5,6,5,1,1,1,1,1
7,35,7,0.03452299162745476,0,0,4,3,5,1,5,2,1,1,1,1
7,35,8,0.008705085143446922,0,0,4,3,5,2,5,2,1,1,1,1
7,35,10,0.03143009915947914,0,0,4,3,5,4,5,2,1,1,1,1
7,35,13,0.376579612493515,0,0,4,3,5,1,5,3,1,1,1,1
7,35,15,0.001618308131583035,0,0,4,3,5,3,5,3,1,1,1,1
7,35,18,0.10228781402111053,0,0,4,3,5,6,5,3,1,1,1,1
7,35,19,0.05053350329399109,0,0,4,3,5,1,5,4,1,1,1,1
7,35,23,0.003434219863265753,0,0,4,3,5,5,5,4,1,1,1,1
7,35,24,0.01724715158343315,0,0,4,3,5,6,5,4,1,1,1,1
7,35,26,0.0027859124820679426,0,0,4,3,5,2,5,5,1,1,1,1
7,35,28,0.002002416178584099,0,0,4,3,5,4,5,5,1,1,1,1
7,35,29,0.0010541877709329128,0,0,4,3,5,5,5,5,1,1,1,1
7,35,31,0.016694536432623863,0,0,4,4,5,1,5,1,1,1,1,1
7,35,32,0.0004491540603339672,0,0,4,4,5,2,5,2,1,1,1,1
7,35,36,0.05861892178654671,0,0,4,5,5,1,5,1,1,2,1,2
7,35,37,0.003087230259552598,0,0,4,5,5,2,5,2,1,2,1,2
7,35,38,0.002579448511824012,0,0,4,5,5,3,5,3,1,2,1,2
7,35,42,0.07778594642877579,0,1,4,6,5,2,5,0,1,0,1,1
7,35,43,0.015832632780075073,0,1,4,6,5,3,5,0,1,0,1,1
7,35,45,0.07698002457618713,0,1,4,6,5,5,5,0,1,0,1,1
7,35,47,0.0016886901576071978,0,2,4,7,5,0,5,0,1,0,1,4
7,39,1,1.3999055227031931e-05,0,0,5,3,4,1,4,1,2,1,2,1
7,39,2,0.0007498948834836483,0,0,5,3,4,2,4,1,2,1,2,1
7,39,6,7.51706538721919e-05,0,0,5,3,4,6,4,1,2,1,2,1
7,39,7,5.453117410070263e-05,0,0,5,3,4,1,4,2,2,1,2,1
7,39,8,0.0007583642145618796,0,0,5,3,4,2,4,2,2,1,2,1
7,39,10,0.00014005822595208883,0,0,5,3,4,4,4,2,2,1,2,1
7,39,13,2.3378552214126103e-05,0,0,5,3,4,1,4,3,2,1,2,1
7,39,15,0.0011467819567769766,0,0,5,3,4,3,4,3,2,1,2,1
7,39,18,3.8627324101980776e-05,0,0,5,3,4,6,4,3,2,1,2,1
7,39,19,0.0001951285230461508,0,0,5,3,4,1,4,4,2,1,2,1
7,39,23,0.00014940660912543535,0,0,5,3,4,5,4,4,2,1,2,1
7,39,24,0.00018751576135400683,0,0,5,3,4,6,4,4,2,1,2,1
7,39,26,0.007137005217373371,0,0,5,3,4,2,4,5,2,1,2,1
7,39,28,0.002613438991829753,0,0,5,3,4,4,4,5,2,1,2,1
7,39,29,0.0007588719017803669,0,0,5,3,4,5,4,5,2,1,2,1
7,39,31,4.878312665823614e-06,0,0,5,4,4,1,4,1,2,1,2,1
7,39,32,0.004094982519745827,0,0,5,4,4,2,4,2,2,1,2,1
7,39,36,0.010602316819131374,0,0,5,5,4,1,4,1,2,2,2,2
7,39,37,0.9218429327011108,0,0,5,5,4,2,4,2,2,2,2,2
7,39,38,0.042216651141643524,0,0,5,5,4,3,4,3,2,2,2,2
7,39,42,0.0005904569406993687,0,1,5,6,4,2,4,0,2,0,2,1
7,39,43,0.0003540773468557745,0,1,5,6,4,3,4,0,2,0,2,1
7,39,45,5.0812701374525204e-05,0,1,5,6,4,5,4,0,2,0,2,1
7,39,47,0.006200562696903944,0,2,5,7,4,0,4,0,2,0,2,4
7,40,1,0.00024004698207136244,0,0,5,3,5,1,5,1,2,1,2,1
7,40,2,5.4830205044709146e-05,0,0,5,3,5,2,5,1,2,1,2,1
7,40,6,0.00015987023652996868,0,0,5,3,5,6,5,1,2,1,2,1
7,40,7,6.672428571619093e-05,0,0,5,3,5,1,5,2,2,1,2,1
7,40,8,0.00020459295774344355,0,0,5,3,5,2,5,2,2,1,2,1
7,40,10,0.012517954222857952,0,0,5,3,5,4,5,2,2,1,2,1
7,40,13,2.7751799279940315e-05,0,0,5,3,5,1,5,3,2,1,2,1
7,40,15,0.00798752624541521,0,0,5,3,5,3,5,3,2,1,2,1
7,40,18,0.00015115333371795714,0,0,5,3,5,6,5,3,2,1,2,1
7,40,19,0.0009432454826310277,0,0,5,3,5,1,5,4,2,1,2,1
7,40,23,0.0011138713452965021,0,0,5,3,5,5,5,4,2,1,2,1
7,40,24,0.0004963843966834247,0,0,5,3,5,6,5,4,2,1,2,1
7,40,26,0.0009430740028619766,0,0,5,3,5,2,5,5,2,1,2,1
7,40,28,0.9384381175041199,0,0,5,3,5,4,5,5,2,1,2,1
7,40,29,0.004691464826464653,0,0,5,3,5,5,5,5,2,1,2,1
7,40,31,1.3375477465160657e-05,0,0,5,4,5,1,5,1,2,1,2,1
7,40,32,0.001599569688551128,0,0,5,4,5,2,5,2,2,1,2,1
7,40,36,0.011346600949764252,0,0,5,5,5,1,5,1,2,2,2,2
7,40,37,0.006725985556840897,0,0,5,5,5,2,5,2,2,2,2,2
7,40,38,0.005620285868644714,0,0,5,5,5,3,5,3,2,2,2,2
7,40,42,4.242363138473593e-05,0,1,5,6,5,2,5,0,2,0,2,1
7,40,43,0.002917072968557477,0,1,5,6,5,3,5,0,2,0,2,1
7,40,45,0.00026586136664263904,0,1,5,6,5,5,5,0,2,0,2,1
7,40,47,0.0034326983150094748,0,2,5,7,5,0,5,0,2,0,2,4
7,41,1,0.002111642388626933,1,0,6,3,1,1,0,1,0,1,1,1
7,41,2,0.0012090433156117797,1,0,6,3,1,2,0,1,0,1,1,1
7,41,6,0.001330499886535108,1,0,6,3,1,6,0,1,0,1,1,1
7,41,7,0.005845892708748579,1,0,6,3,1,1,0,2,0,1,1,1
7,41,8,4.604288278642343e-06,1,0,6,3,1,2,0,2,0,1,1,1
7,41,10,0.0013692680513486266,1,0,6,3,1,4,0,2,0,1,1,1
7,41,13,0.9735240340232849,1,0,6,3,1,1,0,3,0,1,1,1
7,41,15,0.00047549305600114167,1,0,6,3,1,3,0,3,0,1,1,1
7,41,18,0.0030441482085734606,1,0,6,3,1,6,0,3,0,1,1,1
7,41,19,0.0006657724734395742,1,0,6,3,1,1,0,4,0,1,1,1
7,41,23,5.966447133687325e-06,1,0,6,3,1,5,0,4,0,1,1,1
7,41,24,0.0006973026320338249,1,0,6,3,1,6,0,4,0,1,1,1
7,41,26,6.478861905634403e-05,1,0,6,3,1,2,0,5,0,1,1,1
7,41,28,2.7552265237318352e-05,1,0,6,3,1,4,0,5,0,1,1,1
7,41,29,2.1335124529286986e-06,1,0,6,3,1,5,0,5,0,1,1,1
7,41,31,0.0022785523906350136,1,0,6,4,1,1,0,1,0,1,1,1
7,41,32,1.5316001054088701e-06,1,0,6,4,1,2,0,2,0,1,1,1
7,41,36,0.002037438564002514,1,0,6,5,1,1,0,1,0,2,1,2
7,41,37,4.8381384658569004e-06,1,0,6,5,1,2,0,2,0,2,1,2
7,41,38,0.0034488984383642673,1,0,6,5,1,3,0,3,0,2,1,2
7,41,42,0.001417758408933878,1,1,6,6,1,2,0,0,0,0,1,1
7,41,43,0.0002138583513442427,1,1,6,6,1,3,0,0,0,0,1,1
7,41,45,0.0002110959030687809,1,1,6,6,1,5,0,0,0,0,1,1
7,41,47,7.721721885900479e-06,1,2,6,7,1,0,0,0,0,0,1,4
7,44,1,0.0016355881234630942,1,0,6,3,4,1,0,1,0,1,1,1
7,44,2,0.004913299344480038,1,0,6,3,4,2,0,1,0,1,1,1
7,44,6,0.003018243471160531,1,0,6,3,4,6,0,1,0,1,1,1
7,44,7,0.0046342117711901665,1,0,6,3,4,1,0,2,0,1,1,1
7,44,8,0.0011989969061687589,1,0,6,3,4,2,0,2,0,1,1,1
7,44,10,0.13492441177368164,1,0,6,3,4,4,0,2,0,1,1,1
7,44,13,0.009533369913697243,1,0,6,3,4,1,0,3,0,1,1,1
7,44,15,0.020772842690348625,1,0,6,3,4,3,0,3,0,1,1,1
7,44,18,0.0017384217353537679,1,0,6,3,4,6,0,3,0,1,1,1
7,44,19,0.0017413557507097721,1,0,6,3,4,1,0,4,0,1,1,1
7,44,23,0.0001409717951901257,1,0,6,3,4,5,0,4,0,1,1,1
7,44,24,0.010752740316092968,1,0,6,3,4,6,0,4,0,1,1,1
7,44,26,0.0050952197052538395,1,0,6,3,4,2,0,5,0,1,1,1
7,44,28,0.02885468676686287,1,0,6,3,4,4,0,5,0,1,1,1
7,44,29,0.0002166588674299419,1,0,6,3,4,5,0,5,0,1,1,1
7,44,31,0.0029336335137486458,1,0,6,4,4,1,0,1,0,1,1,1
7,44,32,0.005686265882104635,1,0,6,4,4,2,0,2,0,1,1,1
7,44,36,0.033389415591955185,1,0,6,5,4,1,0,1,0,2,1,2
7,44,37,0.04502952843904495,1,0,6,5,4,2,0,2,0,2,1,2
7,44,38,0.5675334334373474,1,0,6,5,4,3,0,3,0,2,1,2
7,44,42,0.01569216325879097,1,1,6,6,4,2,0,0,0,0,1,1
7,44,43,0.0963907465338707,1,1,6,6,4,3,0,0,0,0,1,1
7,44,45,0.0017636794364079833,1,1,6,6,4,5,0,0,0,0,1,1
7,44,47,0.002410629764199257,1,2,6,7,4,0,0,0,0,0,1,4
7,46,1,0.03821028023958206,1,0,6,3,6,1,0,1,0,1,1,1
7,46,2,0.01708497665822506,1,0,6,3,6,2,0,1,0,1,1,1
7,46,6,0.021780481562018394,1,0,6,3,6,6,0,1,0,1,1,1
7,46,7,0.01997113600373268,1,0,6,3,6,1,0,2,0,1,1,1
7,46,8,0.007425617892295122,1,0,6,3,6,2,0,2,0,1,1,1
7,46,10,0.2648472487926483,1,0,6,3,6,4,0,2,0,1,1,1
7,46,13,0.08192914724349976,1,0,6,3,6,1,0,3,0,1,1,1
7,46,15,0.08143957704305649,1,0,6,3,6,3,0,3,0,1,1,1
7,46,18,0.01029436569660902,1,0,6,3,6,6,0,3,0,1,1,1
7,46,19,0.0016102908411994576,1,0,6,3,6,1,0,4,0,1,1,1
7,46,23,0.0005585253238677979,1,0,6,3,6,5,0,4,0,1,1,1
7,46,24,0.02333313785493374,1,0,6,3,6,6,0,4,0,1,1,1
7,46,26,0.0035119790118187666,1,0,6,3,6,2,0,5,0,1,1,1
7,46,28,0.011246323585510254,1,0,6,3,6,4,0,5,0,1,1,1
7,46,29,0.0002488259633537382,1,0,6,3,6,5,0,5,0,1,1,1
7,46,31,0.10580389946699142,1,0,6,4,6,1,0,1,0,1,1,1
7,46,32,0.00522043090313673,1,0,6,4,6,2,0,2,0,1,1,1
7,46,36,0.007273714058101177,1,0,6,5,6,1,0,1,0,2,1,2
7,46,37,0.0019557271152734756,1,0,6,5,6,2,0,2,0,2,1,2
7,46,38,0.1528792679309845,1,0,6,5,6,3,0,3,0,2,1,2
7,46,42,0.010459027253091335,1,1,6,6,6,2,0,0,0,0,1,1
7,46,43,0.12768015265464783,1,1,6,6,6,3,0,0,0,0,1,1
7,46,45,0.0017623569583520293,1,1,6,6,6,5,0,0,0,0,1,1
7,46,47,0.00347387557849288,1,2,6,7,6,0,0,0,0,0,1,4
