method,seed,runtime_sec,converged,n_iter,selected_ckpt_id,support_size,precision,recall,f1,auroc,auprc,fdr,tp,fp,fn,tn,train_mse,val_mse,test_mse,train_r2,val_r2,test_r2,train_nll,val_nll,test_nll,n,p,snr,n_active,sigma2,noise_x,group_size,setting
flow_stagewise,25,820.60413646698,True,,165,12.0,0.4166666666666667,0.5,0.45454545454545453,0.7111111111111111,0.25833333333333336,0.5833333333333334,5.0,7.0,5.0,83.0,22.2514705657959,22.110239028930664,24.3846378326416,0.1157751377597106,-0.04393725094205436,-0.02346837078931463,3.3922526836395264,3.3854901790618896,3.5038444995880127,1000,100,2.5,10,6.736842894654293,0.15,10,jitter
