method,seed,runtime_sec,converged,n_iter,support_size,precision,recall,f1,auroc,auprc,fdr,tp,fp,fn,tn,train_mse,val_mse,test_mse,train_r2,val_r2,test_r2,train_nll,val_nll,test_nll,n,p,snr,n_active,sigma2,setting
mf_spike_slab,64,0.024910412030294538,True,7,10.0,0.1,0.1,0.10000000000000002,0.7483333333333333,0.23244591386047822,0.9,1.0,9.0,9.0,81.0,8.31393400355269,8.199546355148646,8.948648657411958,0.6788754753534209,0.7159019454710835,0.6627160427947196,2.477938939805274,2.471139527906441,2.515667544510654,1000,100,2.5,10,7.140474572131588,jitter
mf_ard,64,0.49518242105841637,True,335,12.0,0.4166666666666667,0.5,0.45454545454545453,0.8261111111111111,0.42440242763772174,0.5833333333333334,5.0,7.0,5.0,83.0,6.9889442755916695,8.337852945968866,8.478273019406599,0.7300530161387175,0.7111098958041068,0.6804449941295113,2.394892802977406,2.479997085812728,2.488856358429205,1000,100,2.5,10,7.140474572131588,jitter
mf_bayes_lasso,64,1.4017584279645234,False,1000,79.0,0.11392405063291139,0.9,0.20224719101123595,0.7744444444444445,0.34375616040196766,0.8860759493670886,9.0,70.0,1.0,20.0,6.268866241303591,8.578083480229518,8.916245065392417,0.7578659283377309,0.702786383201603,0.6639373681771799,2.336965557125434,2.5156255465470543,2.541788500906473,1000,100,2.5,10,7.140474572131588,jitter
