{
  "sim": "block_corr",
  "n": 1000,
  "p": 100,
  "n_active": 10,
  "active_idx": [
    3,
    4,
    12,
    18,
    39,
    46,
    48,
    54,
    77,
    98
  ],
  "snr": 2.5,
  "sigma2": 9.242250854305025,
  "sigma": 3.0401070465207347,
  "rho": 0.8,
  "block_size": 10,
  "beta_low": 0.8,
  "beta_high": 1.8,
  "setting": "block_corr",
  "seed": 80
}