method,seed,runtime_sec,converged,n_iter,support_size,precision,recall,f1,auroc,auprc,fdr,tp,fp,fn,tn,train_mse,val_mse,test_mse,train_r2,val_r2,test_r2,train_nll,val_nll,test_nll,n,p,snr,n_active,sigma2,setting,selected_ckpt_id,rho,block_size
mf_spike_slab,80,0.07367870700545609,True,33,10.0,1.0,1.0,1.0,1.0,1.0,0.0,10.0,0.0,0.0,90.0,8.992967643072143,9.931742697640205,9.101081585771286,0.7029269815405983,0.7332060212004444,0.7459791396169435,2.5172012059370106,2.568728786049979,2.5231353749550847,1000,100,2.5,10,9.242250854305025,block_corr,,,
mf_ard,80,0.11535564798396081,True,81,41.0,0.24390243902439024,1.0,0.39215686274509803,1.0,1.0,0.7560975609756098,10.0,31.0,0.0,59.0,7.846267465569845,10.48401645687209,9.17366357166254,0.7408069891775619,0.7183704260689805,0.7439532992450439,2.453030705138333,2.6005676358906755,2.5272758088351948,1000,100,2.5,10,9.242250854305025,block_corr,,,
mf_bayes_lasso,80,0.11607383191585541,True,75,81.0,0.12345679012345678,1.0,0.21978021978021975,1.0,1.0,0.8765432098765432,10.0,71.0,0.0,19.0,7.463478346329884,11.341009001008382,9.415660830237165,0.7534520162252945,0.6953492446295942,0.7371988985450684,2.424017589311285,2.6795155052065134,2.552650629383753,1000,100,2.5,10,9.242250854305025,block_corr,,,
flow_stagewise,80,17022.79384469986,True,,10.0,0.9,0.9,0.9,0.9444444444444444,0.8200000000000001,0.1,9.0,1.0,1.0,89.0,9.95649528503418,11.375925064086914,10.016535758972168,0.6710979380467748,0.6944112941099931,0.7204278515057903,2.568735122680664,2.6435415744781494,2.569681406021118,1000,100,2.5,10,9.242250854305025,block_corr,131.0,0.8,10.0
