{
  "sim": "block_corr",
  "n": 1000,
  "p": 100,
  "n_active": 10,
  "active_idx": [
    2,
    19,
    47,
    50,
    51,
    72,
    80,
    85,
    92,
    99
  ],
  "snr": 2.5,
  "sigma2": 6.848592285473536,
  "sigma": 2.6169815218059025,
  "rho": 0.8,
  "block_size": 10,
  "beta_low": 0.8,
  "beta_high": 1.8,
  "setting": "block_corr",
  "seed": 78
}