method,seed,runtime_sec,converged,n_iter,support_size,precision,recall,f1,auroc,auprc,fdr,tp,fp,fn,tn,train_mse,val_mse,test_mse,train_r2,val_r2,test_r2,train_nll,val_nll,test_nll,n,p,snr,n_active,sigma2,setting,selected_ckpt_id,rho,block_size
mf_spike_slab,78,0.09470295906066895,True,37,10.0,1.0,1.0,1.0,1.0,1.0,0.0,10.0,0.0,0.0,90.0,7.221385453832887,7.1581227473598075,8.13280000168015,0.7182066225626788,0.7378584078058502,0.6490117304759327,2.407510304450627,2.4031907095128493,2.469741939588991,1000,100,2.5,10,6.848592285473536,block_corr,,,
mf_ard,78,0.16018026997335255,True,110,43.0,0.23255813953488372,1.0,0.37735849056603776,1.0,1.0,0.7674418604651163,10.0,33.0,0.0,57.0,6.171228886053839,7.830035864760811,8.506085938461563,0.7591859011186204,0.7132519040298987,0.6329017824922727,2.3333415977891083,2.450589967745164,2.498374773432364,1000,100,2.5,10,6.848592285473536,block_corr,,,
mf_bayes_lasso,78,0.11341580306179821,True,77,75.0,0.13333333333333333,1.0,0.23529411764705882,1.0,1.0,0.8666666666666667,10.0,65.0,0.0,25.0,5.896167329119042,8.533864414873053,9.469386405859137,0.7699193712577451,0.6874766074514522,0.5913285034231021,2.306160585675055,2.526096823540766,2.6041024399738983,1000,100,2.5,10,6.848592285473536,block_corr,,,
flow_stagewise,78,3118.867701768875,True,,10.0,1.0,1.0,1.0,1.0,1.0,0.0,10.0,0.0,0.0,90.0,7.502931118011475,7.1965532302856445,8.578696250915527,0.7072201236994391,0.7364510307411841,0.6297681326567415,2.4289793968200684,2.4058964252471924,2.5007266998291016,1000,100,2.5,10,6.848592285473536,block_corr,69.0,0.8,10.0
