method,seed,runtime_sec,converged,n_iter,selected_ckpt_id,support_size,precision,recall,f1,auroc,auprc,fdr,tp,fp,fn,tn,train_mse,val_mse,test_mse,train_r2,val_r2,test_r2,train_nll,val_nll,test_nll,n,p,snr,n_active,sigma2,noise_x,group_size,setting
flow_stagewise,13,677.0591123104095,True,,31,7.0,0.5714285714285714,0.4,0.47058823529411764,0.6833333333333333,0.2885714285714286,0.42857142857142855,4.0,3.0,6.0,87.0,11.459866523742676,13.18362045288086,14.533498764038086,0.48140083766128927,0.45461573919212195,0.3195398780299338,2.685572624206543,2.8092784881591797,2.904636859893799,1000,100,2.5,10,6.905284811288423,0.15,10,jitter
