method,seed,runtime_sec,converged,n_iter,selected_ckpt_id,support_size,precision,recall,f1,auroc,auprc,fdr,tp,fp,fn,tn,train_mse,val_mse,test_mse,train_r2,val_r2,test_r2,train_nll,val_nll,test_nll,n,p,snr,n_active,sigma2,rho,block_size,setting
flow_stagewise,47,519.1026515960693,True,,36,9.0,1.0,0.9,0.9473684210526316,0.95,0.91,0.0,9.0,0.0,1.0,90.0,5.317037582397461,5.213258743286133,6.016122341156006,0.5851615917724846,0.6089905409565028,0.5752299283001208,2.280891180038452,2.267629861831665,2.3705315589904785,1000,100,2.5,10,3.9013097653092736,0.8,10,block_corr
