method,seed,runtime_sec,converged,n_iter,selected_ckpt_id,support_size,precision,recall,f1,auroc,auprc,fdr,tp,fp,fn,tn,train_mse,val_mse,test_mse,train_r2,val_r2,test_r2,train_nll,val_nll,test_nll,n,p,snr,n_active,sigma2,rho,block_size,setting
flow_stagewise,86,578.8264796733856,True,,56,10.0,1.0,1.0,1.0,1.0,1.0,0.0,10.0,0.0,0.0,90.0,8.447429656982422,7.686654567718506,8.537103652954102,0.6798126922012026,0.7360839113768742,0.710053471985043,2.490480661392212,2.439054250717163,2.4965436458587646,1000,100,2.5,10,7.396640682720407,0.8,10,block_corr
