method,seed,runtime_sec,converged,n_iter,selected_ckpt_id,support_size,precision,recall,f1,auroc,auprc,fdr,tp,fp,fn,tn,train_mse,val_mse,test_mse,train_r2,val_r2,test_r2,train_nll,val_nll,test_nll,n,p,snr,n_active,sigma2,rho,block_size,setting
flow_stagewise,3,875.0857002735138,True,,98,10.0,1.0,1.0,1.0,1.0,1.0,0.0,10.0,0.0,0.0,90.0,7.760308265686035,6.069363594055176,6.265712261199951,0.7020669828749863,0.7389717370459798,0.7794663226375474,2.445082664489746,2.32709002494812,2.340791702270508,1000,100,2.5,10,7.165381086758553,0.8,10,block_corr
