method,seed,runtime_sec,converged,n_iter,support_size,precision,recall,f1,auroc,auprc,fdr,tp,fp,fn,tn,train_mse,val_mse,test_mse,train_r2,val_r2,test_r2,train_nll,val_nll,test_nll,n,p,snr,n_active,sigma2,setting,selected_ckpt_id,noise_x,group_size
mf_spike_slab,29,0.031555495923385024,True,9,10.0,0.0,0.0,0.0,0.6844444444444445,0.18562375747726761,1.0,0.0,10.0,10.0,80.0,6.765895627646635,6.615768270188583,6.898932945776042,0.6954195962653444,0.6760755945140204,0.700864596350885,2.37491915633758,2.3639522907365156,2.384637587492001,1000,100,2.5,10,6.429021012241466,jitter,,,
mf_ard,29,0.47351259202696383,True,329,16.0,0.5,0.8,0.6153846153846154,0.8666666666666667,0.6291575091575092,0.5,8.0,8.0,2.0,82.0,6.2899124626329055,6.200257643543335,6.725479497390963,0.7168469360514308,0.6964200242480039,0.7083854793200071,2.3422931602654438,2.3360177775577857,2.372780643991395,1000,100,2.5,10,6.429021012241466,jitter,,,
mf_bayes_lasso,29,1.4716129780281335,False,1000,72.0,0.125,0.9,0.21951219512195125,0.763888888888889,0.3634775248996196,0.875,9.0,63.0,1.0,27.0,5.816018629748963,6.611766442585719,6.7068556900435805,0.7381802203482446,0.6762715339082335,0.7091930013197322,2.2993684128874383,2.366278867872765,2.374274447262341,1000,100,2.5,10,6.429021012241466,jitter,,,
flow_stagewise,29,916.7189486026764,True,,6.0,0.8333333333333334,0.5,0.625,0.7444444444444445,0.4666666666666667,0.16666666666666666,5.0,1.0,5.0,89.0,11.395371437072754,12.329171180725098,13.798027038574219,0.4870143791407099,0.3963332171629985,0.40172219159381484,2.7232508659362793,2.7963171005249023,2.9138295650482178,1000,100,2.5,10,6.429021012241466,jitter,142.0,0.15,10.0
