{
  "sim": "block_corr",
  "n": 1000,
  "p": 100,
  "n_active": 10,
  "active_idx": [
    24,
    28,
    32,
    66,
    75,
    77,
    80,
    83,
    96,
    97
  ],
  "snr": 2.5,
  "sigma2": 5.858727509797761,
  "sigma": 2.4204808426834865,
  "rho": 0.8,
  "block_size": 10,
  "beta_low": 0.8,
  "beta_high": 1.8,
  "setting": "block_corr",
  "seed": 56
}