method,seed,runtime_sec,converged,n_iter,support_size,precision,recall,f1,auroc,auprc,fdr,tp,fp,fn,tn,train_mse,val_mse,test_mse,train_r2,val_r2,test_r2,train_nll,val_nll,test_nll,n,p,snr,n_active,sigma2,setting,selected_ckpt_id,rho,block_size
mf_spike_slab,56,0.08013070502784103,True,30,10.0,1.0,1.0,1.0,1.0,1.0,0.0,10.0,0.0,0.0,90.0,5.667014418790189,5.3318188830328594,5.965731685450735,0.7322432434537526,0.7250811916403026,0.7178382908628939,2.2863115409743426,2.2571180316068786,2.3123280131292443,1000,100,2.5,10,5.858727509797761,block_corr,,,
mf_ard,56,0.10167649306822568,True,71,39.0,0.2564102564102564,1.0,0.4081632653061224,1.0,1.0,0.7435897435897436,10.0,29.0,0.0,61.0,4.998326500119952,5.493005603060814,6.372092258862734,0.7638376060251869,0.7167700951898006,0.698618620927101,2.2281281551486276,2.271175005384243,2.347672903499331,1000,100,2.5,10,5.858727509797761,block_corr,,,
mf_bayes_lasso,56,0.1158459490397945,True,73,70.0,0.14285714285714285,1.0,0.25,1.0,1.0,0.8571428571428571,10.0,60.0,0.0,30.0,4.810876904430568,5.752272224106653,6.829097820907623,0.7726942794070785,0.7034018109196449,0.6770035907395664,2.2044450493778593,2.30069440071767,2.410790300954205,1000,100,2.5,10,5.858727509797761,block_corr,,,
flow_stagewise,56,655.5576446056366,True,,10.0,1.0,1.0,1.0,1.0,1.0,0.0,10.0,0.0,0.0,90.0,5.932760238647461,5.607961654663086,6.158880233764648,0.7196872515600625,0.7108427440760126,0.7087029236088553,2.3092215061187744,2.2815074920654297,2.328510284423828,1000,100,2.5,10,5.858727509797761,block_corr,71.0,0.8,10.0
