method,seed,runtime_sec,converged,n_iter,support_size,precision,recall,f1,auroc,auprc,fdr,tp,fp,fn,tn,train_mse,val_mse,test_mse,train_r2,val_r2,test_r2,train_nll,val_nll,test_nll,n,p,snr,n_active,sigma2,setting
mf_spike_slab,41,0.019917385070584714,True,8,9.0,1.0,0.9,0.9473684210526316,1.0,1.0,0.0,9.0,0.0,1.0,90.0,7.538492416557304,8.158824293720706,8.221506951483043,0.7405465549220125,0.7307236985060459,0.7103611089014127,2.429087947108176,2.4692720716111043,2.4733325557107033,1000,100,2.5,10,7.871706962585449,simple
mf_ard,41,0.022498362930491567,True,15,42.0,0.23809523809523808,1.0,0.3846153846153846,0.9988888888888889,0.990909090909091,0.7619047619047619,10.0,32.0,0.0,58.0,6.31026444081825,9.492936401514854,9.15370133019645,0.7828186647866784,0.6866922595104057,0.6775204450508295,2.3443495012413043,2.5648101836778245,2.541311690508303,1000,100,2.5,10,7.871706962585449,simple
mf_bayes_lasso,41,0.02427987300325185,True,16,60.0,0.16666666666666666,1.0,0.2857142857142857,0.9955555555555556,0.9714285714285714,0.8333333333333334,10.0,50.0,0.0,40.0,6.227204240270365,10.270820751304186,9.855456670399981,0.7856773603971807,0.6610187294574895,0.6527980140222456,2.3334315826049323,2.654602159786385,2.6216112168420103,1000,100,2.5,10,7.871706962585449,simple
