method,seed,runtime_sec,converged,n_iter,selected_ckpt_id,support_size,precision,recall,f1,auroc,auprc,fdr,tp,fp,fn,tn,train_mse,val_mse,test_mse,train_r2,val_r2,test_r2,train_nll,val_nll,test_nll,n,p,snr,n_active,sigma2,setting
flow_stagewise,30,3021.234364748001,True,,58,9.0,1.0,0.9,0.9473684210526316,0.95,0.91,0.0,9.0,0.0,1.0,90.0,9.442615509033203,8.354988098144531,11.899578094482422,0.6762416541392489,0.7093704830685665,0.6862645428128115,2.54274582862854,2.4808340072631836,2.6827898025512695,1000,100,2.5,10,8.782248497009277,simple
