method,seed,runtime_sec,converged,n_iter,selected_ckpt_id,support_size,precision,recall,f1,auroc,auprc,fdr,tp,fp,fn,tn,train_mse,val_mse,test_mse,train_r2,val_r2,test_r2,train_nll,val_nll,test_nll,n,p,snr,n_active,sigma2,setting
flow_stagewise,90,1414.251940727234,True,,94,10.0,1.0,1.0,1.0,1.0,1.0,0.0,10.0,0.0,0.0,90.0,8.855000495910645,6.881176948547363,7.6811370849609375,0.7012573082107075,0.7815994391152055,0.7331675429924918,2.5104546546936035,2.3916444778442383,2.439807415008545,1000,100,2.5,10,8.302413940429688,simple
