{
  "sim": "block_corr",
  "n": 1000,
  "p": 100,
  "n_active": 10,
  "active_idx": [
    3,
    24,
    30,
    41,
    42,
    92,
    93,
    95,
    98,
    99
  ],
  "snr": 2.5,
  "sigma2": 6.00423356995167,
  "sigma": 2.450353764245414,
  "rho": 0.8,
  "block_size": 10,
  "beta_low": 0.8,
  "beta_high": 1.8,
  "setting": "block_corr",
  "seed": 42
}