{
  "n": 1000,
  "p": 100,
  "n_active": 10,
  "sigma2": 7.367515563964844,
  "sigma": 2.7143168449401855,
  "active_idx": [
    11,
    13,
    18,
    36,
    39,
    52,
    55,
    79,
    85,
    91
  ],
  "snr": 2.5,
  "setting": "simple",
  "seed": 28
}