method,seed,runtime_sec,converged,n_iter,support_size,precision,recall,f1,auroc,auprc,fdr,tp,fp,fn,tn,train_mse,val_mse,test_mse,train_r2,val_r2,test_r2,train_nll,val_nll,test_nll,n,p,snr,n_active,sigma2,setting,selected_ckpt_id,noise_x,group_size
mf_spike_slab,5,0.016936406958848238,True,7,10.0,0.0,0.0,0.0,0.6233333333333333,0.13917248966944706,1.0,0.0,10.0,10.0,80.0,8.012918560242145,7.155479727920541,8.149984103019422,0.6995918343734709,0.6966367946326775,0.6556188608289668,2.459499648827238,2.406613869122418,2.4679536840623975,1000,100,2.5,10,6.905795803531021,jitter,,,
mf_ard,5,0.7686459050746635,True,528,17.0,0.35294117647058826,0.6,0.4444444444444445,0.85,0.4291255158902218,0.6470588235294118,6.0,11.0,4.0,79.0,6.972026228503665,7.453801623286004,7.792363007409945,0.7386153878566886,0.6839891609518507,0.6707302964760568,2.39372287943117,2.42417088439199,2.445567823328661,1000,100,2.5,10,6.905795803531021,jitter,,,
mf_bayes_lasso,5,1.4380936640081927,False,1000,82.0,0.10975609756097561,0.9,0.1956521739130435,0.7594444444444444,0.24213538969636528,0.8902439024390244,9.0,73.0,1.0,17.0,6.071194875965547,8.323594198656531,8.443342241154278,0.7723879879549309,0.6471134973063353,0.6432228845277925,2.3210275618509923,2.500057293376413,2.5095753480495313,1000,100,2.5,10,6.905795803531021,jitter,,,
flow_stagewise,5,8794.11302280426,True,,9.0,0.4444444444444444,0.4,0.4210526315789474,0.6722222222222222,0.23777777777777778,0.5555555555555556,4.0,5.0,6.0,85.0,11.975343704223633,13.358280181884766,11.928003311157227,0.5510386156835179,0.43366336807880834,0.4959770161780761,2.6994969844818115,2.7867071628570557,2.6942222118377686,1000,100,2.5,10,6.905795803531021,jitter,171.0,0.15,10.0
