method,seed,runtime_sec,converged,n_iter,selected_ckpt_id,support_size,precision,recall,f1,auroc,auprc,fdr,tp,fp,fn,tn,train_mse,val_mse,test_mse,train_r2,val_r2,test_r2,train_nll,val_nll,test_nll,n,p,snr,n_active,sigma2,setting
flow_stagewise,8,620.3297419548035,True,,81,8.0,1.0,0.8,0.888888888888889,0.9,0.8200000000000001,0.0,8.0,0.0,2.0,90.0,4.741724014282227,5.501471519470215,5.580357551574707,0.7007640373522752,0.6856292318419503,0.7053986891181936,2.1972367763519287,2.278959274291992,2.287444591522217,1000,100,2.5,10,4.648252487182617,simple
