{
  "n": 1000,
  "p": 100,
  "n_active": 10,
  "sigma2": 4.198496341705322,
  "sigma": 2.049023151397705,
  "active_idx": [
    12,
    13,
    20,
    26,
    29,
    42,
    56,
    78,
    80,
    92
  ],
  "snr": 2.5,
  "setting": "simple",
  "seed": 63
}