{
  "sim": "block_corr",
  "n": 1000,
  "p": 100,
  "n_active": 10,
  "active_idx": [
    2,
    10,
    18,
    22,
    23,
    32,
    40,
    68,
    70,
    72
  ],
  "snr": 2.5,
  "sigma2": 12.039354864159767,
  "sigma": 3.469777350805058,
  "rho": 0.8,
  "block_size": 10,
  "beta_low": 0.8,
  "beta_high": 1.8,
  "setting": "block_corr",
  "seed": 51
}