method,seed,runtime_sec,converged,n_iter,support_size,precision,recall,f1,auroc,auprc,fdr,tp,fp,fn,tn,train_mse,val_mse,test_mse,train_r2,val_r2,test_r2,train_nll,val_nll,test_nll,n,p,snr,n_active,sigma2,setting,selected_ckpt_id,rho,block_size
mf_spike_slab,51,0.07901841297280043,True,35,10.0,1.0,1.0,1.0,1.0,1.0,0.0,10.0,0.0,0.0,90.0,11.903929918037385,10.469958275631411,11.049413912137833,0.7080546938008316,0.7318728955047356,0.7256996182087898,2.657417324497038,2.5979862816318735,2.6220018561057823,1000,100,2.5,10,12.039354864159767,block_corr,,,
mf_ard,51,0.15185880393255502,True,108,42.0,0.23809523809523808,1.0,0.3846153846153846,1.0,1.0,0.7619047619047619,10.0,32.0,0.0,58.0,10.738793443957917,10.797934197912205,11.573999536915021,0.7366298053002306,0.7234736992452826,0.7126768426749224,2.6093477358039463,2.6117892030497245,2.6438269769885574,1000,100,2.5,10,12.039354864159767,block_corr,,,
mf_bayes_lasso,51,0.11965388001408428,True,82,86.0,0.11627906976744186,1.0,0.20833333333333334,0.9977777777777778,0.980909090909091,0.8837209302325582,10.0,76.0,0.0,14.0,10.064243278538733,11.791439274576828,13.224769624021667,0.753173228854128,0.6980308433623286,0.6716966722565212,2.5734946837242285,2.6579620777801978,2.728058163989667,1000,100,2.5,10,12.039354864159767,block_corr,,,
flow_stagewise,51,19545.141001462936,True,,12.0,0.8333333333333334,1.0,0.9090909090909091,0.9888888888888888,0.8333333333333334,0.16666666666666666,10.0,2.0,0.0,88.0,13.462303161621094,12.298291206359863,13.639513969421387,0.6698354390179606,0.6850507816522439,0.6614007134849578,2.721567153930664,2.6753129959106445,2.7305748462677,1000,100,2.5,10,12.039354864159767,block_corr,168.0,0.8,10.0
