method,seed,runtime_sec,converged,n_iter,selected_ckpt_id,support_size,precision,recall,f1,auroc,auprc,fdr,tp,fp,fn,tn,train_mse,val_mse,test_mse,train_r2,val_r2,test_r2,train_nll,val_nll,test_nll,n,p,snr,n_active,sigma2,rho,block_size,setting
flow_stagewise,7,5092.228927850723,True,,30,10.0,1.0,1.0,1.0,1.0,1.0,0.0,10.0,0.0,0.0,90.0,8.186793327331543,6.871497631072998,7.124258041381836,0.6973754998602383,0.7367544851474341,0.7260274898615667,2.473576545715332,2.383549213409424,2.4008312225341797,1000,100,2.5,10,7.2999625172719975,0.8,10,block_corr
