method,seed,runtime_sec,converged,n_iter,selected_ckpt_id,support_size,precision,recall,f1,auroc,auprc,fdr,tp,fp,fn,tn,train_mse,val_mse,test_mse,train_r2,val_r2,test_r2,train_nll,val_nll,test_nll,n,p,snr,n_active,sigma2,setting
flow_stagewise,62,799.3250164985657,True,,17,7.0,1.0,0.7,0.8235294117647058,0.85,0.73,0.0,7.0,0.0,3.0,90.0,4.175048351287842,3.7481911182403564,4.065704822540283,0.6798181835429663,0.7005855781886788,0.6688142384734188,2.1387650966644287,2.081214189529419,2.1214535236358643,1000,100,2.5,10,3.792259693145752,simple
