method,seed,runtime_sec,converged,n_iter,support_size,precision,recall,f1,auroc,auprc,fdr,tp,fp,fn,tn,train_mse,val_mse,test_mse,train_r2,val_r2,test_r2,train_nll,val_nll,test_nll,n,p,snr,n_active,sigma2,setting
mf_spike_slab,98,0.018713506986387074,True,8,10.0,0.2,0.2,0.20000000000000004,0.7455555555555556,0.2313285790514706,0.8,2.0,8.0,8.0,82.0,7.0399492174565665,6.825189129950596,5.739790694024465,0.7071565694638494,0.69853906708281,0.7566535604549498,2.3947726512994936,2.379695944283921,2.30349820007708,1000,100,2.5,10,6.461312698775511,jitter
mf_ard,98,1.0478689259616658,True,731,19.0,0.3157894736842105,0.6,0.41379310344827586,0.8333333333333334,0.5345229099036773,0.6842105263157895,6.0,13.0,4.0,77.0,6.335458024756838,6.5936611749397205,5.773520270342114,0.7364615560880609,0.7087653966372107,0.75522354797857,2.3460048166633736,2.3639167363476137,2.307022395583346,1000,100,2.5,10,6.461312698775511,jitter
mf_bayes_lasso,98,1.3231890250463039,False,1000,80.0,0.125,1.0,0.2222222222222222,0.7622222222222222,0.2663352272727273,0.875,10.0,70.0,0.0,20.0,5.590621826277579,7.247013671521031,6.559136011787409,0.7674447891786221,0.6799075511778274,0.7219162718560651,2.279715221532027,2.423393787044877,2.36372597614453,1000,100,2.5,10,6.461312698775511,jitter
