{
  "sim": "block_corr",
  "n": 1000,
  "p": 100,
  "n_active": 10,
  "active_idx": [
    1,
    17,
    19,
    24,
    31,
    67,
    76,
    86,
    87,
    94
  ],
  "snr": 2.5,
  "sigma2": 7.396640682720407,
  "sigma": 2.7196765768599045,
  "rho": 0.8,
  "block_size": 10,
  "beta_low": 0.8,
  "beta_high": 1.8,
  "setting": "block_corr",
  "seed": 86
}