method,seed,runtime_sec,converged,n_iter,support_size,precision,recall,f1,auroc,auprc,fdr,tp,fp,fn,tn,train_mse,val_mse,test_mse,train_r2,val_r2,test_r2,train_nll,val_nll,test_nll,n,p,snr,n_active,sigma2,setting,selected_ckpt_id,rho,block_size
mf_spike_slab,86,0.45064692199230194,True,203,11.0,0.9090909090909091,1.0,0.9523809523809523,1.0,1.0,0.09090909090909091,10.0,1.0,0.0,89.0,7.870349714127761,7.297781772608955,8.315433808280202,0.7016860506660375,0.749435595646526,0.7175820803110962,2.4506096730647675,2.415025443173403,2.4782709750323524,1000,100,2.5,10,7.396640682720407,block_corr,,,
mf_ard,86,0.11936788505408913,True,83,39.0,0.2564102564102564,1.0,0.4081632653061224,1.0,1.0,0.7435897435897436,10.0,29.0,0.0,61.0,6.996600589790445,7.701414670944474,8.904830356836785,0.7348042171358541,0.7355771329108349,0.6975643457042233,2.3958086339870346,2.4399574611313914,2.5153381785714792,1000,100,2.5,10,7.396640682720407,block_corr,,,
mf_bayes_lasso,86,0.10979313007555902,True,75,71.0,0.14084507042253522,1.0,0.2469135802469136,1.0,1.0,0.8591549295774648,10.0,61.0,0.0,29.0,6.657535151918672,8.556614688481172,9.686966977146152,0.7476559903769606,0.7062144183663361,0.6710005605412258,2.3668718607849875,2.507324430061247,2.590923289442181,1000,100,2.5,10,7.396640682720407,block_corr,,,
flow_stagewise,86,578.8264796733856,True,,10.0,1.0,1.0,1.0,1.0,1.0,0.0,10.0,0.0,0.0,90.0,8.447429656982422,7.686654567718506,8.537103652954102,0.6798126922012026,0.7360839113768742,0.710053471985043,2.490480661392212,2.439054250717163,2.4965436458587646,1000,100,2.5,10,7.396640682720407,block_corr,56.0,0.8,10.0
