{
  "n": 1000,
  "p": 100,
  "n_active": 10,
  "sigma2": 3.792259693145752,
  "sigma": 1.947372555732727,
  "active_idx": [
    2,
    3,
    5,
    16,
    42,
    53,
    58,
    70,
    83,
    95
  ],
  "snr": 2.5,
  "setting": "simple",
  "seed": 62
}