method,seed,runtime_sec,converged,n_iter,support_size,precision,recall,f1,auroc,auprc,fdr,tp,fp,fn,tn,train_mse,val_mse,test_mse,train_r2,val_r2,test_r2,train_nll,val_nll,test_nll,n,p,snr,n_active,sigma2,setting,selected_ckpt_id
mf_spike_slab,62,0.018721087952144444,True,7,10.0,1.0,1.0,1.0,1.0,1.0,0.0,10.0,0.0,0.0,90.0,3.667120328641843,3.5453749778913344,4.003321187778248,0.7187708410894894,0.7167870182201144,0.6738959113210667,2.0687034461229525,2.052362985287573,2.1138277727413675,1000,100,2.5,10,3.792259693145752,simple,
mf_ard,62,0.020570768043398857,True,14,24.0,0.4166666666666667,1.0,0.5882352941176471,1.0,1.0,0.5833333333333334,10.0,14.0,0.0,76.0,3.184047277559367,4.255336139483079,4.370286892874805,0.7558174105154165,0.6600736328162667,0.6440034767089569,2.0031140160985434,2.1484462211226916,2.1640405645844614,1000,100,2.5,10,3.792259693145752,simple,
mf_bayes_lasso,62,0.02091104700230062,True,14,29.0,0.3448275862068966,1.0,0.5128205128205129,1.0,1.0,0.6551724137931034,10.0,19.0,0.0,71.0,3.1676624466578027,4.532462976639128,4.5690820046519764,0.7570739529248238,0.6379360822407635,0.6278099474568364,1.9954529779704686,2.2090833991939682,2.214815327199072,1000,100,2.5,10,3.792259693145752,simple,
flow_stagewise,62,799.3250164985657,True,,7.0,1.0,0.7,0.8235294117647058,0.85,0.73,0.0,7.0,0.0,3.0,90.0,4.175048351287842,3.7481911182403564,4.065704822540283,0.6798181835429663,0.7005855781886788,0.6688142384734188,2.1387650966644287,2.081214189529419,2.1214535236358643,1000,100,2.5,10,3.792259693145752,simple,17.0
