{
  "sim": "block_corr",
  "n": 1000,
  "p": 100,
  "n_active": 10,
  "active_idx": [
    13,
    19,
    24,
    31,
    33,
    36,
    48,
    59,
    60,
    78
  ],
  "snr": 2.5,
  "sigma2": 8.374042723556526,
  "sigma": 2.893793828792322,
  "rho": 0.8,
  "block_size": 10,
  "beta_low": 0.8,
  "beta_high": 1.8,
  "setting": "block_corr",
  "seed": 24
}