method,seed,runtime_sec,converged,n_iter,support_size,precision,recall,f1,auroc,auprc,fdr,tp,fp,fn,tn,train_mse,val_mse,test_mse,train_r2,val_r2,test_r2,train_nll,val_nll,test_nll,n,p,snr,n_active,sigma2,setting,selected_ckpt_id,rho,block_size
mf_spike_slab,24,0.05543755495455116,True,24,10.0,1.0,1.0,1.0,1.0,1.0,0.0,10.0,0.0,0.0,90.0,8.373683455550857,7.8175454729049605,8.594410496375358,0.7269386854385518,0.7301947489928851,0.6704359980425055,2.4815325720931583,2.448778831684727,2.494532288749609,1000,100,2.5,10,8.374042723556526,block_corr,,,
mf_ard,24,0.1322167890612036,True,94,36.0,0.2777777777777778,1.0,0.4347826086956522,1.0,1.0,0.7222222222222222,10.0,26.0,0.0,64.0,7.476491046829594,8.406633413904435,8.924992506215668,0.7561956474243288,0.7098636846789648,0.6577593950126558,2.428813926686291,2.4834840551016333,2.513951174055731,1000,100,2.5,10,8.374042723556526,block_corr,,,
mf_bayes_lasso,24,0.10416510701179504,True,72,69.0,0.14492753623188406,1.0,0.25316455696202533,0.9977777777777778,0.980909090909091,0.855072463768116,10.0,59.0,0.0,31.0,7.181688042379518,9.288234742387512,9.887826491202645,0.7658090148699825,0.6794371692792156,0.6208382563904296,2.404757667086347,2.5493155460232897,2.5904614230344567,1000,100,2.5,10,8.374042723556526,block_corr,,,
flow_stagewise,24,613.3147149085999,True,,10.0,1.0,1.0,1.0,1.0,1.0,0.0,10.0,0.0,0.0,90.0,9.175382614135742,7.940639495849609,9.239712715148926,0.7007956942769329,0.7259464178915083,0.6456910715623128,2.528817653656006,2.456286668777466,2.5324480533599854,1000,100,2.5,10,8.374042723556526,block_corr,17.0,0.8,10.0
