method,seed,runtime_sec,converged,n_iter,support_size,precision,recall,f1,auroc,auprc,fdr,tp,fp,fn,tn,train_mse,val_mse,test_mse,train_r2,val_r2,test_r2,train_nll,val_nll,test_nll,n,p,snr,n_active,sigma2,setting
mf_spike_slab,76,0.019515261985361576,True,7,9.0,1.0,0.9,0.9473684210526316,0.9977777777777778,0.9833333333333334,0.0,9.0,0.0,1.0,90.0,5.35599942373788,5.636538355857988,5.704420964520933,0.7165819528202266,0.7180886594665743,0.7058918331959048,2.2581569080333725,2.283801319023488,2.2900065522953126,1000,100,2.5,10,5.576591491699219,simple
mf_ard,76,0.019549285992980003,True,13,26.0,0.38461538461538464,1.0,0.5555555555555556,0.9955555555555556,0.9714285714285714,0.6153846153846154,10.0,16.0,0.0,74.0,4.662607963191698,6.320687006207841,6.292684139477217,0.7532734529738956,0.6838709799321461,0.6755621985036518,2.1932980311492014,2.3481301426424057,2.3455152232861622,1000,100,2.5,10,5.576591491699219,simple
mf_bayes_lasso,76,0.02110898692626506,True,14,38.0,0.2631578947368421,1.0,0.4166666666666667,0.9955555555555556,0.9714285714285714,0.7368421052631579,10.0,28.0,0.0,62.0,4.630588748138585,6.644871424171311,6.579033015589113,0.7549677816480853,0.6676569034763107,0.6607986416863202,2.1852996060921943,2.4009033521866585,2.393856174699546,1000,100,2.5,10,5.576591491699219,simple
