{
  "sim": "block_corr",
  "n": 1000,
  "p": 100,
  "n_active": 10,
  "active_idx": [
    13,
    21,
    22,
    29,
    38,
    58,
    66,
    69,
    83,
    91
  ],
  "snr": 2.5,
  "sigma2": 8.214769080648967,
  "sigma": 2.8661418458703274,
  "rho": 0.8,
  "block_size": 10,
  "beta_low": 0.8,
  "beta_high": 1.8,
  "setting": "block_corr",
  "seed": 71
}