method,seed,runtime_sec,converged,n_iter,support_size,precision,recall,f1,auroc,auprc,fdr,tp,fp,fn,tn,train_mse,val_mse,test_mse,train_r2,val_r2,test_r2,train_nll,val_nll,test_nll,n,p,snr,n_active,sigma2,setting,selected_ckpt_id,rho,block_size
mf_spike_slab,71,0.08941342798061669,True,38,11.0,0.8181818181818182,0.9,0.8571428571428572,0.9844444444444445,0.9334782608695652,0.18181818181818182,9.0,2.0,1.0,88.0,7.750059233003118,11.335509497539151,8.188790741556653,0.7279342142479792,0.6145516416812715,0.6891956801514002,2.4428609925407425,2.6702693591458764,2.470687683298445,1000,100,2.5,10,8.214769080648967,block_corr,,,
mf_ard,71,0.1008670610608533,True,70,38.0,0.2631578947368421,1.0,0.4166666666666667,1.0,1.0,0.7368421052631579,10.0,28.0,0.0,62.0,6.745580411960495,12.025375838097139,8.501867969817058,0.7631964376067971,0.5910936887339293,0.6773128810836757,2.377584945410015,2.7203649820184794,2.491608361998634,1000,100,2.5,10,8.214769080648967,block_corr,,,
mf_bayes_lasso,71,0.1084841440897435,True,73,70.0,0.14285714285714285,1.0,0.25,1.0,1.0,0.8571428571428571,10.0,60.0,0.0,30.0,6.46338503752848,12.6958476361996,9.363121174961337,0.7731029046378474,0.5682952204397865,0.644624145336179,2.352068667201167,2.827183215622712,2.5731220315281025,1000,100,2.5,10,8.214769080648967,block_corr,,,
flow_stagewise,71,13064.327966928482,True,,10.0,0.9,0.9,0.9,0.9444444444444444,0.8200000000000001,0.1,9.0,1.0,1.0,89.0,8.753944396972656,12.624866485595703,9.769173622131348,0.6926928420554156,0.5707088111218406,0.6292124924826974,2.504678964614868,2.7401812076568604,2.5664889812469482,1000,100,2.5,10,8.214769080648967,block_corr,86.0,0.8,10.0
