method,seed,runtime_sec,converged,n_iter,support_size,precision,recall,f1,auroc,auprc,fdr,tp,fp,fn,tn,train_mse,val_mse,test_mse,train_r2,val_r2,test_r2,train_nll,val_nll,test_nll,n,p,snr,n_active,sigma2,setting
mf_spike_slab,70,0.0414728510659188,True,15,10.0,0.9,0.9,0.9,0.9944444444444445,0.9666666666666667,0.1,9.0,1.0,1.0,89.0,4.97969127995085,6.386944410137976,6.217508225122588,0.7228878212221945,0.6808574550089529,0.6626142079960327,2.2216902336101754,2.3606761042770024,2.3439419182292527,1000,100,2.5,10,5.22296681215458,block_corr
mf_ard,70,0.1094285500003025,True,77,38.0,0.2631578947368421,1.0,0.4166666666666667,1.0,1.0,0.7368421052631579,10.0,28.0,0.0,62.0,4.160182726786983,6.523857394972638,6.082466211283686,0.7684922147332172,0.6740161932699126,0.6699421045010592,2.1366926152951247,2.3825641753010918,2.3366502682955272,1000,100,2.5,10,5.22296681215458,block_corr
mf_bayes_lasso,70,0.10420560603961349,True,72,66.0,0.15151515151515152,1.0,0.2631578947368421,1.0,1.0,0.8484848484848485,10.0,56.0,0.0,34.0,3.9886398319584973,7.125426017690805,6.697280568846664,0.7780383136111064,0.64395703995455,0.6365799244361174,2.1107464091371604,2.4968513975789843,2.4441512504254117,1000,100,2.5,10,5.22296681215458,block_corr
