method,seed,runtime_sec,converged,n_iter,selected_ckpt_id,support_size,precision,recall,f1,auroc,auprc,fdr,tp,fp,fn,tn,train_mse,val_mse,test_mse,train_r2,val_r2,test_r2,train_nll,val_nll,test_nll,n,p,snr,n_active,sigma2,rho,block_size,setting
flow_stagewise,100,8853.906300067902,True,,19,10.0,0.9,0.9,0.9,0.9444444444444444,0.8200000000000001,0.1,9.0,1.0,1.0,89.0,11.101694107055664,8.921390533447266,8.731678009033203,0.6399639778229564,0.7643543432890605,0.7344125832379784,2.6308627128601074,2.513484001159668,2.5033888816833496,1000,100,2.5,10,9.276474094163115,0.8,10,block_corr
