method,seed,runtime_sec,converged,n_iter,selected_ckpt_id,support_size,precision,recall,f1,auroc,auprc,fdr,tp,fp,fn,tn,train_mse,val_mse,test_mse,train_r2,val_r2,test_r2,train_nll,val_nll,test_nll,n,p,snr,n_active,sigma2,noise_x,group_size,setting
flow_stagewise,92,730.4373881816864,True,,78,8.0,0.5,0.4,0.4444444444444445,0.6777777777777777,0.26,0.5,4.0,4.0,6.0,86.0,14.95654010772705,15.871528625488281,15.779352188110352,0.42291886699581016,0.45617055271947016,0.4602218133868232,2.855867624282837,2.9257595539093018,2.8971121311187744,1000,100,2.5,10,8.035434668483637,0.15,10,jitter
