method,seed,runtime_sec,converged,n_iter,support_size,precision,recall,f1,auroc,auprc,fdr,tp,fp,fn,tn,train_mse,val_mse,test_mse,train_r2,val_r2,test_r2,train_nll,val_nll,test_nll,n,p,snr,n_active,sigma2,setting,selected_ckpt_id,noise_x,group_size
mf_spike_slab,12,0.019428985891863704,True,8,10.0,0.3,0.3,0.3,0.731111111111111,0.2847843277693338,0.7,3.0,7.0,7.0,83.0,6.746774801317933,7.020422274541529,6.454745839075674,0.6954012695618401,0.7153293862447556,0.7300835513667829,2.3735041391172964,2.393550807650495,2.3521108927656984,1000,100,2.5,10,6.627477011464049,jitter,,,
mf_ard,12,0.8020056379027665,True,561,17.0,0.35294117647058826,0.6,0.4444444444444445,0.8922222222222221,0.5261518097044413,0.6470588235294118,6.0,11.0,4.0,79.0,6.04813404971662,6.525411470551222,6.533758650778541,0.7269430198405884,0.7354015448524228,0.7267794929169127,2.322857752721056,2.357506330638436,2.3581123050924355,1000,100,2.5,10,6.627477011464049,jitter,,,
mf_bayes_lasso,12,1.2642751310486346,False,1000,79.0,0.11392405063291139,0.9,0.20224719101123595,0.8022222222222222,0.33584269808054973,0.8860759493670886,9.0,70.0,1.0,20.0,5.446427212134489,7.185553895495798,6.9510724391674,0.7541084646969478,0.7086334756500443,0.7093287894289927,2.2666433451013597,2.4215600749675517,2.4006730971664583,1000,100,2.5,10,6.627477011464049,jitter,,,
flow_stagewise,12,844.834965467453,True,,10.0,0.6,0.6,0.6,0.7777777777777778,0.4,0.4,6.0,4.0,4.0,86.0,11.324045181274414,11.29894733428955,13.541614532470703,0.4887498030683711,0.5418397453970627,0.4337337878453761,2.6608779430389404,2.670274257659912,2.7449393272399902,1000,100,2.5,10,6.627477011464049,jitter,184.0,0.15,10.0
