method,seed,runtime_sec,converged,n_iter,support_size,precision,recall,f1,auroc,auprc,fdr,tp,fp,fn,tn,train_mse,val_mse,test_mse,train_r2,val_r2,test_r2,train_nll,val_nll,test_nll,n,p,snr,n_active,sigma2,setting
mf_spike_slab,42,0.01714880601502955,True,7,10.0,0.1,0.1,0.10000000000000002,0.7927777777777777,0.2279661437725954,0.9,1.0,9.0,9.0,81.0,8.47094964215847,10.165213309399514,9.178321403141547,0.7020848217413289,0.6522506015520629,0.7037852333081314,2.4872937343592127,2.5861382345091597,2.5285622862891604,1000,100,2.5,10,8.080353655741819,jitter
mf_ard,42,1.4456614849623293,False,1000,15.0,0.6,0.9,0.7200000000000001,0.9722222222222222,0.7344444444444445,0.4,9.0,6.0,1.0,84.0,7.487930105220747,9.805544017092313,8.164064999799358,0.7366566764860509,0.664554797856962,0.7365186396343586,2.4292630513401794,2.5659991843059027,2.4691541092831333,1000,100,2.5,10,8.080353655741819,jitter
mf_bayes_lasso,42,1.2098505930043757,False,1000,83.0,0.12048192771084337,1.0,0.21505376344086022,0.9511111111111111,0.5555385790679908,0.8795180722891566,10.0,73.0,0.0,17.0,6.776978164858027,10.196767058610929,8.64284543281835,0.7616601746761946,0.651171155703455,0.721066812657063,2.3758902156308195,2.6213792901824373,2.5098312403778373,1000,100,2.5,10,8.080353655741819,jitter
