method,seed,runtime_sec,converged,n_iter,selected_ckpt_id,support_size,precision,recall,f1,auroc,auprc,fdr,tp,fp,fn,tn,train_mse,val_mse,test_mse,train_r2,val_r2,test_r2,train_nll,val_nll,test_nll,n,p,snr,n_active,sigma2,noise_x,group_size,setting
flow_stagewise,84,640.4707999229431,True,,155,5.0,0.8,0.4,0.5333333333333333,0.6944444444444444,0.38000000000000006,0.2,4.0,1.0,6.0,89.0,13.637309074401855,12.197922706604004,15.131124496459961,0.2792520645424459,0.3114682527952354,0.283271228566512,2.95727276802063,2.8455865383148193,3.1164238452911377,1000,100,2.5,10,5.300865252772441,0.15,10,jitter
