method,seed,runtime_sec,converged,n_iter,selected_ckpt_id,support_size,precision,recall,f1,auroc,auprc,fdr,tp,fp,fn,tn,train_mse,val_mse,test_mse,train_r2,val_r2,test_r2,train_nll,val_nll,test_nll,n,p,snr,n_active,sigma2,rho,block_size,setting
flow_stagewise,4,3569.7360560894012,True,,36,10.0,1.0,1.0,1.0,1.0,1.0,0.0,10.0,0.0,0.0,90.0,6.229653358459473,5.708439350128174,5.371872425079346,0.6654829727948222,0.6991717684911909,0.6989349108863652,2.344480276107788,2.2932982444763184,2.2602508068084717,1000,100,2.5,10,5.091664868209633,0.8,10,block_corr
