method,seed,runtime_sec,converged,n_iter,support_size,precision,recall,f1,auroc,auprc,fdr,tp,fp,fn,tn,train_mse,val_mse,test_mse,train_r2,val_r2,test_r2,train_nll,val_nll,test_nll,n,p,snr,n_active,sigma2,setting
mf_spike_slab,3,0.016501771984621882,True,7,10.0,0.2,0.2,0.20000000000000004,0.8099999999999999,0.2960425685425685,0.8,2.0,8.0,8.0,82.0,7.05157973262154,8.389598544311035,7.022791546005709,0.694560370457511,0.7027988835444726,0.6694620331750244,2.3955978692766937,2.4893775131737117,2.393580150343531,1000,100,2.5,10,7.005801678514534,jitter
mf_ard,3,0.5338958420325071,True,365,11.0,0.6363636363636364,0.7,0.6666666666666666,0.8966666666666666,0.5765940766550522,0.36363636363636365,7.0,4.0,3.0,86.0,6.1951458830200465,7.523899658813973,7.572499515869335,0.7316568577225963,0.7334662240524994,0.6435892226956145,2.3347412262422402,2.429109088323787,2.432560641720159,1000,100,2.5,10,7.005801678514534,jitter
mf_bayes_lasso,3,1.46264970197808,False,1000,76.0,0.13157894736842105,1.0,0.23255813953488372,0.8144444444444445,0.29392374565325385,0.868421052631579,10.0,66.0,0.0,24.0,5.531648756191488,7.916347946345469,8.02618673501077,0.7603962784347378,0.7195637627381245,0.6222357694417188,2.2744208114363276,2.483370798819175,2.4929949952798953,1000,100,2.5,10,7.005801678514534,jitter
