method,seed,runtime_sec,converged,n_iter,selected_ckpt_id,support_size,precision,recall,f1,auroc,auprc,fdr,tp,fp,fn,tn,train_mse,val_mse,test_mse,train_r2,val_r2,test_r2,train_nll,val_nll,test_nll,n,p,snr,n_active,sigma2,noise_x,group_size,setting
flow_stagewise,48,824.5560736656189,True,,209,7.0,0.42857142857142855,0.3,0.3529411764705882,0.6277777777777779,0.19857142857142857,0.5714285714285714,3.0,4.0,7.0,86.0,12.381860733032227,13.348593711853027,10.468313217163086,0.4815178383029117,0.311349937427326,0.4891762921680952,2.7895238399505615,2.850978136062622,2.647529363632202,1000,100,2.5,10,6.524447312627318,0.15,10,jitter
