method,seed,runtime_sec,converged,n_iter,selected_ckpt_id,support_size,precision,recall,f1,auroc,auprc,fdr,tp,fp,fn,tn,train_mse,val_mse,test_mse,train_r2,val_r2,test_r2,train_nll,val_nll,test_nll,n,p,snr,n_active,sigma2,noise_x,group_size,setting
flow_stagewise,69,972.5545139312744,True,,131,9.0,0.6666666666666666,0.6,0.631578947368421,0.7833333333333334,0.43999999999999995,0.3333333333333333,6.0,3.0,4.0,87.0,9.628924369812012,8.83576774597168,9.414495468139648,0.6369517727287958,0.6405012001403376,0.6695828323964947,2.561339855194092,2.513378620147705,2.561033248901367,1000,100,2.5,10,7.288311026976527,0.15,10,jitter
