{
  "sim": "block_corr",
  "n": 1000,
  "p": 100,
  "n_active": 10,
  "active_idx": [
    0,
    15,
    21,
    24,
    30,
    37,
    46,
    50,
    58,
    86
  ],
  "snr": 2.5,
  "sigma2": 6.457220734247616,
  "sigma": 2.5411062028666995,
  "rho": 0.8,
  "block_size": 10,
  "beta_low": 0.8,
  "beta_high": 1.8,
  "setting": "block_corr",
  "seed": 74
}