method,seed,runtime_sec,converged,n_iter,support_size,precision,recall,f1,auroc,auprc,fdr,tp,fp,fn,tn,train_mse,val_mse,test_mse,train_r2,val_r2,test_r2,train_nll,val_nll,test_nll,n,p,snr,n_active,sigma2,setting
mf_spike_slab,79,0.1841081629972905,True,77,10.0,1.0,1.0,1.0,1.0,1.0,0.0,10.0,0.0,0.0,90.0,4.086112060301202,4.428766383923617,4.595476769144527,0.7050568905606536,0.7077625858753503,0.6937443822503866,2.122775805912409,2.164174765869734,2.1843164541148123,1000,100,2.5,10,3.9619615713599003,block_corr
mf_ard,79,0.09017838700674474,True,58,31.0,0.3225806451612903,1.0,0.4878048780487805,1.0,1.0,0.6774193548387096,10.0,21.0,0.0,69.0,3.584790265867581,4.565263048520827,4.952189010148239,0.7412432228731026,0.6987556912142712,0.6699720658585495,2.0623702034092934,2.1805427737571876,2.2271774547282477,1000,100,2.5,10,3.9619615713599003,block_corr
mf_bayes_lasso,79,0.11930865596514195,True,71,61.0,0.16393442622950818,1.0,0.28169014084507044,1.0,1.0,0.8360655737704918,10.0,51.0,0.0,39.0,3.4835628753933534,4.577309211645428,5.315294648124877,0.7485500027328549,0.6979608108217457,0.6457736753425631,2.043036819763542,2.197402145099687,2.3015573392426476,1000,100,2.5,10,3.9619615713599003,block_corr
