method,seed,runtime_sec,converged,n_iter,support_size,precision,recall,f1,auroc,auprc,fdr,tp,fp,fn,tn,train_mse,val_mse,test_mse,train_r2,val_r2,test_r2,train_nll,val_nll,test_nll,n,p,snr,n_active,sigma2,setting,selected_ckpt_id,noise_x,group_size
mf_spike_slab,88,0.017523536924272776,True,7,10.0,0.3,0.3,0.3,0.8277777777777777,0.3092309183955673,0.7,3.0,7.0,7.0,83.0,8.48648519075672,8.254086925922199,9.226228328818069,0.7154460663282036,0.6994484172755301,0.6585867824669271,2.4882095420131742,2.4746752876472824,2.5312902070219003,1000,100,2.5,10,7.911554953825854,jitter,,,
mf_ard,88,0.2982612010091543,True,205,15.0,0.5333333333333333,0.8,0.64,0.9655555555555556,0.8459258133171177,0.4666666666666667,8.0,7.0,2.0,83.0,7.627961509622793,8.052065471976151,8.71258620138677,0.7442325763056359,0.7068045147182522,0.6775939222359596,2.438469156791272,2.463055968026718,2.5013486979531283,1000,100,2.5,10,7.911554953825854,jitter,,,
mf_bayes_lasso,88,1.4818123599980026,False,1000,75.0,0.13333333333333333,1.0,0.23529411764705882,0.8383333333333334,0.3161142823614219,0.8666666666666667,10.0,65.0,0.0,25.0,6.916733038711532,8.252122115157228,8.793820426701995,0.7680802416921975,0.6995199608624181,0.6745878793276079,2.3860811822512202,2.4801126241001565,2.518256318833127,1000,100,2.5,10,7.911554953825854,jitter,,,
flow_stagewise,88,718.1590332984924,True,,6.0,1.0,0.6,0.7499999999999999,0.8,0.64,0.0,6.0,0.0,4.0,90.0,16.983898162841797,19.418262481689453,19.42576026916504,0.43052576120310704,0.29293334270906735,0.28115684471894364,2.971811294555664,3.1184017658233643,3.1171278953552246,1000,100,2.5,10,7.911554953825854,jitter,205.0,0.15,10.0
