method,seed,runtime_sec,converged,n_iter,support_size,precision,recall,f1,auroc,auprc,fdr,tp,fp,fn,tn,train_mse,val_mse,test_mse,train_r2,val_r2,test_r2,train_nll,val_nll,test_nll,n,p,snr,n_active,sigma2,setting,selected_ckpt_id,noise_x,group_size
mf_spike_slab,90,0.017813920974731445,True,7,10.0,0.2,0.2,0.20000000000000004,0.8744444444444445,0.31151594072310185,0.8,2.0,8.0,8.0,82.0,6.156664963432643,5.12059168278087,5.967498242143178,0.6867171841793929,0.7202037466955957,0.6582586461812012,2.3277396999413753,2.2445683059911055,2.312554229770048,1000,100,2.5,10,5.425984068507291,jitter,,,
mf_ard,90,0.6710403070319444,True,457,14.0,0.5714285714285714,0.8,0.6666666666666666,0.9655555555555556,0.6453765597147949,0.42857142857142855,8.0,6.0,2.0,84.0,5.144238116851831,5.766450666919452,5.411107819442925,0.7382346754174369,0.6849131132844926,0.6901215154423257,2.24216625551919,2.2950635496449263,2.264854137899053,1000,100,2.5,10,5.425984068507291,jitter,,,
mf_bayes_lasso,90,1.4347290330333635,False,1000,74.0,0.13513513513513514,1.0,0.2380952380952381,0.9127777777777777,0.4542526999048738,0.8648648648648649,10.0,64.0,0.0,26.0,4.665090016037428,6.517166539961613,5.556664372999771,0.7626161980615633,0.6438929535869964,0.6817859128746657,2.18923569391584,2.381607516782938,2.2818419021663514,1000,100,2.5,10,5.425984068507291,jitter,,,
flow_stagewise,90,746.7114901542664,True,,9.0,0.7777777777777778,0.7,0.7368421052631577,0.8388888888888888,0.5744444444444444,0.2222222222222222,7.0,2.0,3.0,88.0,10.643485069274902,14.802938461303711,11.792723655700684,0.45840466281549574,0.19114688088510512,0.32466485600454553,2.7434446811676025,3.1229398250579834,2.848473310470581,1000,100,2.5,10,5.425984068507291,jitter,71.0,0.15,10.0
