method,seed,runtime_sec,converged,n_iter,selected_ckpt_id,support_size,precision,recall,f1,auroc,auprc,fdr,tp,fp,fn,tn,train_mse,val_mse,test_mse,train_r2,val_r2,test_r2,train_nll,val_nll,test_nll,n,p,snr,n_active,sigma2,rho,block_size,setting
flow_stagewise,54,1286.0658659934998,True,,101,11.0,0.9090909090909091,1.0,0.9523809523809523,0.9944444444444445,0.9090909090909091,0.09090909090909091,10.0,1.0,0.0,89.0,6.455626010894775,5.1764044761657715,7.159701347351074,0.6997785165018491,0.7487058725226952,0.6706800314293258,2.3513829708099365,2.2500057220458984,2.4044840335845947,1000,100,2.5,10,6.194373631324609,0.8,10,block_corr
