method,seed,runtime_sec,converged,n_iter,selected_ckpt_id,support_size,precision,recall,f1,auroc,auprc,fdr,tp,fp,fn,tn,train_mse,val_mse,test_mse,train_r2,val_r2,test_r2,train_nll,val_nll,test_nll,n,p,snr,n_active,sigma2,noise_x,group_size,setting
flow_stagewise,33,643.7562427520752,True,,40,5.0,0.8,0.4,0.5333333333333333,0.6944444444444444,0.38000000000000006,0.2,4.0,1.0,6.0,89.0,14.831342697143555,15.909662246704102,17.7641658782959,0.4475387876960968,0.5028378216619396,0.3586983595085136,2.8892111778259277,2.956516742706299,3.073028326034546,1000,100,2.5,10,7.903746493467989,0.15,10,jitter
