method,seed,runtime_sec,converged,n_iter,support_size,precision,recall,f1,auroc,auprc,fdr,tp,fp,fn,tn,train_mse,val_mse,test_mse,train_r2,val_r2,test_r2,train_nll,val_nll,test_nll,n,p,snr,n_active,sigma2,setting,selected_ckpt_id,noise_x,group_size
mf_spike_slab,54,0.01897832506801933,True,7,10.0,0.0,0.0,0.0,0.6777777777777778,0.16364719377843423,1.0,0.0,10.0,10.0,80.0,8.78338251460491,8.220926764353697,9.2132385922629,0.7042287618618854,0.7390177699821558,0.6480613563890056,2.50540394903726,2.473761095995329,2.529586958435666,1000,100,2.5,10,8.362115448251801,jitter,,,
mf_ard,54,0.47174573107622564,True,330,15.0,0.5333333333333333,0.8,0.64,0.9038888888888889,0.5975198721453505,0.4666666666666667,8.0,7.0,2.0,83.0,7.438701232142459,7.777411668416187,8.393324556983226,0.7495095004786707,0.7530976373866733,0.6793814433013615,2.425977060564917,2.4460886052700563,2.4826595468954764,1000,100,2.5,10,8.362115448251801,jitter,,,
mf_bayes_lasso,54,1.4800366399576887,False,1000,78.0,0.1282051282051282,1.0,0.22727272727272727,0.8377777777777777,0.31687045322586155,0.8717948717948718,10.0,68.0,0.0,22.0,6.440717749407799,8.719407151342512,8.865957552736182,0.7831155525706757,0.7231929698415447,0.6613272255813534,2.3505567056316954,2.521414718270185,2.5324031883584017,1000,100,2.5,10,8.362115448251801,jitter,,,
flow_stagewise,54,1093.0721366405487,True,,16.0,0.5,0.8,0.6153846153846154,0.8555555555555555,0.42000000000000004,0.5,8.0,8.0,2.0,82.0,12.5295991897583,14.008646011352539,14.584176063537598,0.5780788295055332,0.5552803479110325,0.44289564185531893,2.6905250549316406,2.716477632522583,2.7751717567443848,1000,100,2.5,10,8.362115448251801,jitter,273.0,0.15,10.0
