method,seed,runtime_sec,converged,n_iter,support_size,precision,recall,f1,auroc,auprc,fdr,tp,fp,fn,tn,train_mse,val_mse,test_mse,train_r2,val_r2,test_r2,train_nll,val_nll,test_nll,n,p,snr,n_active,sigma2,setting
mf_spike_slab,72,0.04796301503665745,True,20,10.0,1.0,1.0,1.0,1.0,1.0,0.0,10.0,0.0,0.0,90.0,7.528037704962326,8.533028173763306,8.085028798008587,0.7177191668410982,0.6989582488773589,0.7234716744840022,2.428296054244977,2.4942018179688663,2.4648226925706256,1000,100,2.5,10,7.516039574733126,block_corr
mf_ard,72,0.11293583002407104,True,79,37.0,0.2702702702702703,1.0,0.4255319148936171,1.0,1.0,0.7297297297297297,10.0,27.0,0.0,63.0,6.717816147122139,8.714249458541193,8.627276203870688,0.748100260208852,0.6925648359178223,0.7049254489967938,2.3755135393376854,2.5056829258734656,2.500012185388058,1000,100,2.5,10,7.516039574733126,block_corr
mf_bayes_lasso,72,0.09923059202264994,True,68,73.0,0.136986301369863,1.0,0.24096385542168672,0.9988888888888889,0.990909090909091,0.863013698630137,10.0,63.0,0.0,27.0,6.447718425077019,9.316588352984674,9.40159516701048,0.75822818636987,0.67131456557299,0.6784417923962051,2.3508569600336755,2.570037495490868,2.5765319826875306,1000,100,2.5,10,7.516039574733126,block_corr
