method,seed,runtime_sec,converged,n_iter,selected_ckpt_id,support_size,precision,recall,f1,auroc,auprc,fdr,tp,fp,fn,tn,train_mse,val_mse,test_mse,train_r2,val_r2,test_r2,train_nll,val_nll,test_nll,n,p,snr,n_active,sigma2,rho,block_size,setting
flow_stagewise,23,1166.0564196109772,True,,150,13.0,0.6923076923076923,0.9,0.7826086956521738,0.9277777777777778,0.6330769230769231,0.3076923076923077,9.0,4.0,1.0,86.0,12.56556224822998,14.996050834655762,18.109146118164062,0.6672778919564863,0.6959727109190377,0.5879349220468499,2.684974431991577,2.7856006622314453,2.9145092964172363,1000,100,2.5,10,11.995854649579355,0.8,10,block_corr
