method,seed,runtime_sec,converged,n_iter,selected_ckpt_id,support_size,precision,recall,f1,auroc,auprc,fdr,tp,fp,fn,tn,train_mse,val_mse,test_mse,train_r2,val_r2,test_r2,train_nll,val_nll,test_nll,n,p,snr,n_active,sigma2,noise_x,group_size,setting
flow_stagewise,53,618.9894568920135,True,,118,9.0,0.7777777777777778,0.7,0.7368421052631577,0.8388888888888888,0.5744444444444444,0.2222222222222222,7.0,2.0,3.0,88.0,8.708806991577148,9.346170425415039,8.1200590133667,0.6699466850765341,0.6041065328362644,0.7409458728784437,2.50386381149292,2.5444464683532715,2.4664113521575928,1000,100,2.5,10,7.842672766087155,0.15,10,jitter
