method,seed,runtime_sec,converged,n_iter,support_size,precision,recall,f1,auroc,auprc,fdr,tp,fp,fn,tn,train_mse,val_mse,test_mse,train_r2,val_r2,test_r2,train_nll,val_nll,test_nll,n,p,snr,n_active,sigma2,setting
mf_spike_slab,42,0.09412297897506505,True,38,10.0,1.0,1.0,1.0,1.0,1.0,0.0,10.0,0.0,0.0,90.0,5.779182896879997,6.658528839598667,5.857906218646829,0.7188066112390539,0.6920951148388645,0.6895821757807364,2.29614255865728,2.370929782658382,2.3028378743607725,1000,100,2.5,10,6.00423356995167,block_corr
mf_ard,42,0.11415862001013011,True,79,34.0,0.29411764705882354,1.0,0.45454545454545453,1.0,1.0,0.7058823529411765,10.0,24.0,0.0,66.0,5.1008795387703945,6.9634802926768495,6.0629573221384865,0.7518103114641741,0.6779934950364008,0.6787162596967568,2.23822532119172,2.3971911775030885,2.3203349833673066,1000,100,2.5,10,6.00423356995167,block_corr
mf_bayes_lasso,42,0.11370170000009239,True,77,65.0,0.15384615384615385,1.0,0.2666666666666667,1.0,1.0,0.8461538461538461,10.0,55.0,0.0,35.0,4.912923533930751,7.299868485949755,6.251094909181258,0.7609555465055086,0.6624381718540058,0.6687466121394474,2.21493722832222,2.453993214661084,2.3489570253562313,1000,100,2.5,10,6.00423356995167,block_corr
