method,seed,runtime_sec,converged,n_iter,support_size,precision,recall,f1,auroc,auprc,fdr,tp,fp,fn,tn,train_mse,val_mse,test_mse,train_r2,val_r2,test_r2,train_nll,val_nll,test_nll,n,p,snr,n_active,sigma2,setting,selected_ckpt_id,noise_x,group_size
mf_spike_slab,67,0.023476358968764544,True,6,10.0,0.0,0.0,0.0,0.6977777777777778,0.1768043526581377,1.0,0.0,10.0,10.0,80.0,5.885477134530098,5.955688366261667,5.695726017648349,0.6818877661775875,0.7304268359316148,0.7185206083388186,2.305215961644999,2.311111945120598,2.2892816243314416,1000,100,2.5,10,5.383628201969509,jitter,,,
mf_ard,67,0.8035704150097445,True,567,13.0,0.46153846153846156,0.6,0.5217391304347826,0.8533333333333334,0.4953372488460207,0.5384615384615384,6.0,7.0,4.0,83.0,5.131630238034667,5.866111015889085,5.310915687663253,0.7226334720435235,0.7344813881989218,0.73753770594034,2.2409027051465693,2.303534531414007,2.256191022379621,1000,100,2.5,10,5.383628201969509,jitter,,,
mf_bayes_lasso,67,1.440796840004623,False,1000,76.0,0.13157894736842105,1.0,0.23255813953488372,0.8588888888888889,0.3200781855061774,0.868421052631579,10.0,66.0,0.0,24.0,4.538690146971998,6.245758653078638,5.807703220852456,0.7546821050734893,0.7172973435521207,0.7129867615666688,2.1755069012386388,2.357689946174208,2.31093946591636,1000,100,2.5,10,5.383628201969509,jitter,,,
flow_stagewise,67,577.4787454605103,True,,4.0,0.75,0.3,0.4285714285714285,0.6444444444444445,0.295,0.25,3.0,1.0,7.0,89.0,11.732606887817383,13.009407043457031,12.150961875915527,0.3658482310554937,0.41115334271526927,0.3995066746361894,2.8475747108459473,2.9640870094299316,2.8863134384155273,1000,100,2.5,10,5.383628201969509,jitter,74.0,0.15,10.0
