{
  "n": 1000,
  "p": 100,
  "n_active": 10,
  "sigma2": 7.27130126953125,
  "sigma": 2.696535110473633,
  "active_idx": [
    22,
    26,
    36,
    45,
    47,
    52,
    59,
    68,
    84,
    86
  ],
  "snr": 2.5,
  "setting": "simple",
  "seed": 79
}