method,seed,runtime_sec,converged,n_iter,support_size,precision,recall,f1,auroc,auprc,fdr,tp,fp,fn,tn,train_mse,val_mse,test_mse,train_r2,val_r2,test_r2,train_nll,val_nll,test_nll,n,p,snr,n_active,sigma2,setting
mf_spike_slab,94,0.01685365498997271,True,7,10.0,1.0,1.0,1.0,1.0,1.0,0.0,10.0,0.0,0.0,90.0,6.871844326580449,8.239389293453584,7.710525339667914,0.7086054322019655,0.7037621461979702,0.7519469860872047,2.3827557362211063,2.4802732178545215,2.442560760751344,1000,100,2.5,10,7.394736289978027,simple
mf_ard,94,0.019635163014754653,True,14,26.0,0.38461538461538464,1.0,0.5555555555555556,1.0,1.0,0.6153846153846154,10.0,16.0,0.0,74.0,6.090859484925909,8.968172835524378,8.131358275439037,0.7417224135501135,0.6775595643438967,0.7384084950670464,2.3265130700687653,2.533472611996108,2.4732821714945996,1000,100,2.5,10,7.394736289978027,simple
mf_bayes_lasso,94,0.016683936933986843,True,14,38.0,0.2631578947368421,1.0,0.4166666666666667,1.0,1.0,0.7368421052631579,10.0,28.0,0.0,62.0,6.043541226311305,9.318107550853732,8.358402547762307,0.7437289030546304,0.6649780603819033,0.7311043214134454,2.318452153220895,2.587039612528618,2.5083224014789214,1000,100,2.5,10,7.394736289978027,simple
