method,seed,runtime_sec,converged,n_iter,selected_ckpt_id,support_size,precision,recall,f1,auroc,auprc,fdr,tp,fp,fn,tn,train_mse,val_mse,test_mse,train_r2,val_r2,test_r2,train_nll,val_nll,test_nll,n,p,snr,n_active,sigma2,rho,block_size,setting
flow_stagewise,98,1047.1154944896698,True,,106,11.0,0.9090909090909091,1.0,0.9523809523809523,0.9944444444444445,0.9090909090909091,0.09090909090909091,10.0,1.0,0.0,89.0,7.259512424468994,7.184329032897949,6.619183540344238,0.6891955812166517,0.7299309019140325,0.7668538823410842,2.410419225692749,2.4050562381744385,2.364708185195923,1000,100,2.5,10,7.003541730984965,0.8,10,block_corr
