method,seed,runtime_sec,converged,n_iter,selected_ckpt_id,support_size,precision,recall,f1,auroc,auprc,fdr,tp,fp,fn,tn,train_mse,val_mse,test_mse,train_r2,val_r2,test_r2,train_nll,val_nll,test_nll,n,p,snr,n_active,sigma2,noise_x,group_size,setting
flow_stagewise,73,881.0974245071411,True,,53,9.0,0.6666666666666666,0.6,0.631578947368421,0.7833333333333334,0.43999999999999995,0.3333333333333333,6.0,3.0,4.0,87.0,10.658207893371582,8.838444709777832,10.625679969787598,0.567255510114747,0.6509518053482207,0.5908398264865751,2.6489932537078857,2.519989490509033,2.647706985473633,1000,100,2.5,10,7.059458930728428,0.15,10,jitter
