method,seed,runtime_sec,converged,n_iter,selected_ckpt_id,support_size,precision,recall,f1,auroc,auprc,fdr,tp,fp,fn,tn,train_mse,val_mse,test_mse,train_r2,val_r2,test_r2,train_nll,val_nll,test_nll,n,p,snr,n_active,sigma2,noise_x,group_size,setting
flow_stagewise,66,5197.910712480545,True,,156,9.0,0.4444444444444444,0.4,0.4210526315789474,0.6722222222222222,0.23777777777777778,0.5555555555555556,4.0,5.0,6.0,85.0,11.13891315460205,13.492505073547363,10.935802459716797,0.5613161742926043,0.38777079211161936,0.5757130666471666,2.6796834468841553,2.843358039855957,2.665496587753296,1000,100,2.5,10,7.180503120563084,0.15,10,jitter
