{
  "n": 1000,
  "p": 100,
  "n_active": 10,
  "sigma2": 8.152746200561523,
  "sigma": 2.8553013801574707,
  "active_idx": [
    20,
    26,
    35,
    46,
    60,
    70,
    71,
    79,
    81,
    84
  ],
  "snr": 2.5,
  "setting": "simple",
  "seed": 84
}