method,seed,runtime_sec,converged,n_iter,support_size,precision,recall,f1,auroc,auprc,fdr,tp,fp,fn,tn,train_mse,val_mse,test_mse,train_r2,val_r2,test_r2,train_nll,val_nll,test_nll,n,p,snr,n_active,sigma2,setting,selected_ckpt_id
mf_spike_slab,84,0.01997139595914632,True,7,9.0,1.0,0.9,0.9473684210526316,1.0,1.0,0.0,9.0,0.0,1.0,90.0,7.350407232907249,8.747403429553028,9.428969560357189,0.7245645818943993,0.7122065002089215,0.6848144202668793,2.4163790523158037,2.5099110123849906,2.5555433600491764,1000,100,2.5,10,8.152746200561523,simple,
mf_ard,84,0.024411218939349055,True,16,38.0,0.2631578947368421,1.0,0.4166666666666667,1.0,1.0,0.7368421052631579,10.0,28.0,0.0,62.0,6.299656996367189,9.147413018921824,9.84446987124592,0.7639384317445526,0.6990460051429794,0.6709253409217344,2.3434232646318236,2.5412854013697865,2.5897169232896173,1000,100,2.5,10,8.152746200561523,simple,
mf_bayes_lasso,84,0.022788236965425313,True,15,56.0,0.17857142857142858,1.0,0.30303030303030304,0.9988888888888889,0.990909090909091,0.8214285714285714,10.0,46.0,0.0,44.0,6.2225511092428,9.63896030393595,10.2437771114062,0.7668277535991881,0.6828738787964246,0.6575775532153562,2.3330525176670815,2.604889944642361,2.6530141110886705,1000,100,2.5,10,8.152746200561523,simple,
flow_stagewise,84,653.9051382541656,True,,9.0,1.0,0.9,0.9473684210526316,0.95,0.91,0.0,9.0,0.0,1.0,90.0,7.441695213317871,8.877839088439941,9.44737434387207,0.7211438209559113,0.7079150962779921,0.6841992061817768,2.4245126247406006,2.512558937072754,2.547466516494751,1000,100,2.5,10,8.152746200561523,simple,21.0
