method,seed,runtime_sec,converged,n_iter,selected_ckpt_id,support_size,precision,recall,f1,auroc,auprc,fdr,tp,fp,fn,tn,train_mse,val_mse,test_mse,train_r2,val_r2,test_r2,train_nll,val_nll,test_nll,n,p,snr,n_active,sigma2,noise_x,group_size,setting
flow_stagewise,1,955.6392061710358,True,,185,7.0,0.5714285714285714,0.4,0.47058823529411764,0.6833333333333333,0.2885714285714286,0.42857142857142855,4.0,3.0,6.0,87.0,11.230314254760742,14.992090225219727,12.894255638122559,0.412854244164946,0.3326385953846259,0.3547239933978016,2.685032844543457,2.9301040172576904,2.8204991817474365,1000,100,2.5,10,6.155039240524346,0.15,10,jitter
