method,seed,runtime_sec,converged,n_iter,selected_ckpt_id,support_size,precision,recall,f1,auroc,auprc,fdr,tp,fp,fn,tn,train_mse,val_mse,test_mse,train_r2,val_r2,test_r2,train_nll,val_nll,test_nll,n,p,snr,n_active,sigma2,setting
flow_stagewise,32,2728.2059161663055,True,,90,9.0,1.0,0.9,0.9473684210526316,0.95,0.91,0.0,9.0,0.0,1.0,90.0,6.353359699249268,7.252478122711182,6.938438892364502,0.7357647876620059,0.7141860506063052,0.6829231189244498,2.3460991382598877,2.4097084999084473,2.387899398803711,1000,100,2.5,10,6.9838666915893555,simple
