method,seed,runtime_sec,converged,n_iter,selected_ckpt_id,support_size,precision,recall,f1,auroc,auprc,fdr,tp,fp,fn,tn,train_mse,val_mse,test_mse,train_r2,val_r2,test_r2,train_nll,val_nll,test_nll,n,p,snr,n_active,sigma2,noise_x,group_size,setting
flow_stagewise,82,805.4315938949585,True,,156,9.0,0.6666666666666666,0.6,0.631578947368421,0.7833333333333334,0.43999999999999995,0.3333333333333333,6.0,3.0,4.0,87.0,14.996171951293945,16.99571990966797,18.380081176757812,0.3688993009337209,0.13924509922961137,0.14033333021217842,3.017183303833008,3.172694206237793,3.2806131839752197,1000,100,2.5,10,6.402538596022557,0.15,10,jitter
