method,seed,runtime_sec,converged,n_iter,support_size,precision,recall,f1,auroc,auprc,fdr,tp,fp,fn,tn,train_mse,val_mse,test_mse,train_r2,val_r2,test_r2,train_nll,val_nll,test_nll,n,p,snr,n_active,sigma2,setting,selected_ckpt_id,noise_x,group_size
mf_spike_slab,71,0.016833928995765746,True,7,10.0,0.1,0.1,0.10000000000000002,0.7227777777777777,0.19053980025273765,0.9,1.0,9.0,9.0,81.0,8.449439294634063,8.867174847138184,7.529380303494979,0.7037054889319936,0.6673356528584115,0.7150118643072756,2.4860221820023085,2.51045640065781,2.432206023835521,1000,100,2.5,10,8.018945854320702,jitter,,,
mf_ard,71,0.8512052519945428,True,595,17.0,0.23529411764705882,0.4,0.29629629629629634,0.7533333333333333,0.2318496306325254,0.7647058823529411,4.0,13.0,6.0,77.0,7.388314248215006,9.236100165399028,6.924285942605211,0.7409157126932813,0.6534949085109765,0.7379147735610572,2.422627476767269,2.5329993259104686,2.3949101629439284,1000,100,2.5,10,8.018945854320702,jitter,,,
mf_bayes_lasso,71,1.3695480809547007,False,1000,81.0,0.09876543209876543,0.8,0.1758241758241758,0.6655555555555556,0.2136657850158994,0.9012345679012346,8.0,73.0,2.0,17.0,6.494287079258623,10.361515209404102,7.352005905533879,0.7722663542767614,0.6112734042177459,0.7217255109763234,2.3546593441979864,2.6429125744272595,2.41859149766342,1000,100,2.5,10,8.018945854320702,jitter,,,
flow_stagewise,71,1132.4920449256897,True,,9.0,0.3333333333333333,0.3,0.3157894736842105,0.6166666666666667,0.16999999999999998,0.6666666666666666,3.0,6.0,7.0,84.0,14.06628704071045,15.67491340637207,12.475733757019043,0.5067408205440097,0.41193395577921277,0.5277917159199026,2.747406244277954,2.8321797847747803,2.6867520809173584,1000,100,2.5,10,8.018945854320702,jitter,170.0,0.15,10.0
