{
  "n": 1000,
  "p": 100,
  "n_active": 10,
  "sigma2": 6.325023174285889,
  "sigma": 2.5149598121643066,
  "active_idx": [
    26,
    31,
    35,
    47,
    48,
    52,
    64,
    76,
    82,
    89
  ],
  "snr": 2.5,
  "setting": "simple",
  "seed": 31
}