method,seed,runtime_sec,converged,n_iter,support_size,precision,recall,f1,auroc,auprc,fdr,tp,fp,fn,tn,train_mse,val_mse,test_mse,train_r2,val_r2,test_r2,train_nll,val_nll,test_nll,n,p,snr,n_active,sigma2,setting,selected_ckpt_id
mf_spike_slab,31,0.031048318021930754,True,9,10.0,1.0,1.0,1.0,1.0,1.0,0.0,10.0,0.0,0.0,90.0,5.8184030908058375,5.969079328567643,7.225643726394826,0.7199712093412861,0.6972382269356557,0.7082125348792144,2.299545852131323,2.312244118642369,2.4181413048803577,1000,100,2.5,10,6.325023174285889,simple,
mf_ard,31,0.021681515965610743,True,15,32.0,0.3125,1.0,0.47619047619047616,1.0,1.0,0.6875,10.0,22.0,0.0,68.0,5.1329185306170215,6.1117583914306906,7.260535606547275,0.7529622911568825,0.6900013041752505,0.7068035236341967,2.2412089362702226,2.324418285528802,2.4220736920357195,1000,100,2.5,10,6.325023174285889,simple,
mf_bayes_lasso,31,0.02173333300743252,True,15,38.0,0.2631578947368421,1.0,0.4166666666666667,1.0,1.0,0.7368421052631579,10.0,28.0,0.0,62.0,5.09224327903538,6.3341790357520775,7.419366749499845,0.7549199144656121,0.678719753883471,0.700389571003918,2.2328181014569917,2.353665346967733,2.4592601374867025,1000,100,2.5,10,6.325023174285889,simple,
flow_stagewise,31,502.1484022140503,True,,9.0,1.0,0.9,0.9473684210526316,0.95,0.91,0.0,9.0,0.0,1.0,90.0,6.022443771362305,6.1628947257995605,7.508307456970215,0.710151108505564,0.6874075669675501,0.6967979400734294,2.3172757625579834,2.328378677368164,2.434734344482422,1000,100,2.5,10,6.325023174285889,simple,99.0
