method,seed,runtime_sec,converged,n_iter,support_size,precision,recall,f1,auroc,auprc,fdr,tp,fp,fn,tn,train_mse,val_mse,test_mse,train_r2,val_r2,test_r2,train_nll,val_nll,test_nll,n,p,snr,n_active,sigma2,setting
mf_spike_slab,85,0.04113357106689364,True,15,10.0,1.0,1.0,1.0,1.0,1.0,0.0,10.0,0.0,0.0,90.0,7.061044961578964,7.47012128885629,8.450813533827386,0.7080212066753673,0.6984634611592215,0.7101819558379303,2.3962830358338256,2.4248507282031095,2.4933370044678416,1000,100,2.5,10,6.938568320476401,block_corr
mf_ard,85,0.1077906769933179,True,76,34.0,0.29411764705882354,1.0,0.45454545454545453,1.0,1.0,0.7058823529411765,10.0,24.0,0.0,66.0,6.347700554865297,7.872830196269843,8.703108347486161,0.7375184610095978,0.6822078415506105,0.7015295830037489,2.3471902790645744,2.4524079243954118,2.509688243175505,1000,100,2.5,10,6.938568320476401,block_corr
mf_bayes_lasso,85,0.10436619899701327,True,71,75.0,0.13333333333333333,1.0,0.23529411764705882,1.0,1.0,0.8666666666666667,10.0,65.0,0.0,25.0,6.089362513152084,8.484700868325735,9.022817639838442,0.7482009067523602,0.6575092647088732,0.690565251411402,2.3222682810419424,2.5159686510594104,2.559483763456573,1000,100,2.5,10,6.938568320476401,block_corr
