{
  "n": 1000,
  "p": 100,
  "n_active": 10,
  "sigma2": 5.56640100479126,
  "sigma": 2.3593220710754395,
  "active_idx": [
    11,
    24,
    26,
    30,
    31,
    35,
    44,
    45,
    48,
    94
  ],
  "snr": 2.5,
  "setting": "simple",
  "seed": 3
}