{
  "n": 1000,
  "p": 100,
  "n_active": 10,
  "sigma2": 5.7187910079956055,
  "sigma": 2.391399383544922,
  "active_idx": [
    2,
    9,
    10,
    22,
    26,
    40,
    43,
    57,
    66,
    75
  ],
  "snr": 2.5,
  "setting": "simple",
  "seed": 1
}