{
  "n": 1000,
  "p": 100,
  "n_active": 10,
  "sigma2": 5.439368724822998,
  "sigma": 2.332245349884033,
  "active_idx": [
    18,
    27,
    28,
    38,
    44,
    58,
    63,
    64,
    77,
    86
  ],
  "snr": 2.5,
  "setting": "simple",
  "seed": 12
}