method,seed,runtime_sec,converged,n_iter,support_size,precision,recall,f1,auroc,auprc,fdr,tp,fp,fn,tn,train_mse,val_mse,test_mse,train_r2,val_r2,test_r2,train_nll,val_nll,test_nll,n,p,snr,n_active,sigma2,setting,selected_ckpt_id
mf_spike_slab,12,0.027172544039785862,True,9,10.0,1.0,1.0,1.0,1.0,1.0,0.0,10.0,0.0,0.0,90.0,5.020619415895851,6.102886002188557,5.4477813713324785,0.736573040607154,0.6394140265971128,0.6791329187141677,2.225860131506991,2.3310678909698805,2.2673847917233045,1000,100,2.5,10,5.439368724822998,simple,
mf_ard,12,0.017627035966143012,True,14,28.0,0.35714285714285715,1.0,0.5263157894736842,1.0,1.0,0.6428571428571429,10.0,18.0,0.0,72.0,4.2826512112971145,6.5920322489267456,6.238935865802919,0.7752935059845033,0.6105130647483732,0.6325349706352037,2.1509691888563083,2.3851321659189377,2.3493294556190434,1000,100,2.5,10,5.439368724822998,simple,
mf_bayes_lasso,12,0.017776685999706388,True,14,39.0,0.2564102564102564,1.0,0.4081632653061224,1.0,1.0,0.7435897435897436,10.0,29.0,0.0,61.0,4.2550875470702305,6.832319217706647,6.578252346526467,0.7767397443179695,0.5963158291286257,0.6125496809584053,2.1430189749442974,2.442978968347492,2.413408519609231,1000,100,2.5,10,5.439368724822998,simple,
flow_stagewise,12,667.8064658641815,True,,9.0,1.0,0.9,0.9473684210526316,0.95,0.91,0.0,9.0,0.0,1.0,90.0,5.297502040863037,6.244051456451416,5.541897773742676,0.7220452830491604,0.6310733537066182,0.6735895971947783,2.2536368370056152,2.3390984535217285,2.2757856845855713,1000,100,2.5,10,5.439368724822998,simple,113.0
