method,seed,runtime_sec,converged,n_iter,support_size,precision,recall,f1,auroc,auprc,fdr,tp,fp,fn,tn,train_mse,val_mse,test_mse,train_r2,val_r2,test_r2,train_nll,val_nll,test_nll,n,p,snr,n_active,sigma2,setting,selected_ckpt_id,rho,block_size
mf_spike_slab,5,0.07597874396014959,True,32,10.0,1.0,1.0,1.0,1.0,1.0,0.0,10.0,0.0,0.0,90.0,4.193608371960239,3.6759075938517505,4.293768075627837,0.7434170205255006,0.7201669642685316,0.694661212510076,2.1357564212991247,2.0747804546921715,2.147553457356347,1000,100,2.5,10,4.651063766371011,block_corr,,,
mf_ard,5,0.08193320501595736,True,56,32.0,0.3125,1.0,0.47619047619047616,1.0,1.0,0.6875,10.0,22.0,0.0,68.0,3.793370658212432,3.940926766224926,4.531614018229715,0.767905283611324,0.699992050280958,0.6777474923360219,2.0905408587395513,2.1073739268948812,2.174758997600589,1000,100,2.5,10,4.651063766371011,block_corr,,,
mf_bayes_lasso,5,0.10015489300712943,True,69,64.0,0.15625,1.0,0.2702702702702703,1.0,1.0,0.84375,10.0,54.0,0.0,36.0,3.657773636214457,4.420407988351787,4.980067447864944,0.7762016920563136,0.6634909461214269,0.6458570352739001,2.067446998229482,2.169828693876569,2.244961533473035,1000,100,2.5,10,4.651063766371011,block_corr,,,
flow_stagewise,5,1185.5238609313965,True,,10.0,1.0,1.0,1.0,1.0,1.0,0.0,10.0,0.0,0.0,90.0,4.447031021118164,3.8220136165618896,4.788963794708252,0.7279115371041345,0.7090444613696479,0.6594467832110892,2.1655538082122803,2.098360300064087,2.2023091316223145,1000,100,2.5,10,4.651063766371011,block_corr,92.0,0.8,10.0
