method,seed,runtime_sec,converged,n_iter,support_size,precision,recall,f1,auroc,auprc,fdr,tp,fp,fn,tn,train_mse,val_mse,test_mse,train_r2,val_r2,test_r2,train_nll,val_nll,test_nll,n,p,snr,n_active,sigma2,setting,selected_ckpt_id,rho,block_size
mf_spike_slab,9,0.07311947189737111,True,33,10.0,1.0,1.0,1.0,1.0,1.0,0.0,10.0,0.0,0.0,90.0,6.282509590830952,6.176967591909669,5.5048156510471395,0.7210374781457223,0.7075902864514474,0.7223570772022532,2.3378711367100595,2.329587133880625,2.2768298558602598,1000,100,2.5,10,6.164127378022561,block_corr,,,
mf_ard,9,0.09435621090233326,True,60,31.0,0.3225806451612903,1.0,0.4878048780487805,1.0,1.0,0.6774193548387096,10.0,21.0,0.0,69.0,5.535228397812247,6.428155202491012,5.6578249867442665,0.7542190345166054,0.6956993875331436,0.7146398416268509,2.278950998487178,2.349325857715931,2.288613288433911,1000,100,2.5,10,6.164127378022561,block_corr,,,
mf_bayes_lasso,9,0.1089273439720273,True,76,74.0,0.13513513513513514,1.0,0.2380952380952381,1.0,1.0,0.8648648648648649,10.0,64.0,0.0,26.0,5.325134753272247,7.12951730348379,6.092757797316786,0.763547830924966,0.6624978063375873,0.6927034091642993,2.255224665704117,2.421885001067642,2.3261255475255656,1000,100,2.5,10,6.164127378022561,block_corr,,,
flow_stagewise,9,7402.583965778351,True,,10.0,1.0,1.0,1.0,1.0,1.0,0.0,10.0,0.0,0.0,90.0,6.524969577789307,6.590623378753662,5.820987701416016,0.7102715097106358,0.6880083552373136,0.7064105288873805,2.3575809001922607,2.3629062175750732,2.3004777431488037,1000,100,2.5,10,6.164127378022561,block_corr,112.0,0.8,10.0
