method,seed,runtime_sec,converged,n_iter,support_size,precision,recall,f1,auroc,auprc,fdr,tp,fp,fn,tn,train_mse,val_mse,test_mse,train_r2,val_r2,test_r2,train_nll,val_nll,test_nll,n,p,snr,n_active,sigma2,setting
mf_spike_slab,81,0.04422140691895038,True,19,9.0,1.0,0.9,0.9473684210526316,1.0,1.0,0.0,9.0,0.0,1.0,90.0,8.198077963131228,9.97972763612664,9.043159362958352,0.6996989348203373,0.6562787508479568,0.7004645980034578,2.4709628097034915,2.577761539510114,2.5216201423164737,1000,100,2.5,10,7.852898716210579,block_corr
mf_ard,81,0.09571187000256032,True,66,35.0,0.2857142857142857,1.0,0.4444444444444445,1.0,1.0,0.7142857142857143,10.0,25.0,0.0,65.0,7.048988135804314,10.017184813780748,9.406072106551964,0.741790861816551,0.6549886527248003,0.688443885973628,2.399468572606078,2.5842214734908397,2.546183278021586,1000,100,2.5,10,7.852898716210579,block_corr
mf_bayes_lasso,81,0.11332588503137231,True,71,62.0,0.16129032258064516,1.0,0.27777777777777773,1.0,1.0,0.8387096774193549,10.0,52.0,0.0,38.0,6.812559869243309,10.44212314213824,10.10335206786098,0.7504513869550229,0.6403529493908858,0.6653479716883683,2.378367426043743,2.641200247853183,2.6166683274250016,1000,100,2.5,10,7.852898716210579,block_corr
