method,seed,runtime_sec,converged,n_iter,support_size,precision,recall,f1,auroc,auprc,fdr,tp,fp,fn,tn,train_mse,val_mse,test_mse,train_r2,val_r2,test_r2,train_nll,val_nll,test_nll,n,p,snr,n_active,sigma2,setting,selected_ckpt_id,noise_x,group_size
mf_spike_slab,51,0.01656105602160096,True,7,10.0,0.0,0.0,0.0,0.6744444444444445,0.17607560744983106,1.0,0.0,10.0,10.0,80.0,8.97091649525765,9.469133873439507,9.355509295747812,0.690147432756145,0.621018285526098,0.71515336816435,2.515966381899745,2.5434126304171225,2.537153177147169,1000,100,2.5,10,7.850457388060202,jitter,,,
mf_ard,51,0.35502165800426155,True,253,12.0,0.5833333333333334,0.7,0.6363636363636365,0.8661111111111112,0.517528388459761,0.4166666666666667,7.0,5.0,3.0,85.0,7.910505533884243,8.522028855104292,8.970975789930502,0.7267736859253467,0.658924126591701,0.7268612368113085,2.4565861899582897,2.490812833834132,2.5159401614833716,1000,100,2.5,10,7.850457388060202,jitter,,,
mf_bayes_lasso,51,1.3927193249110132,False,1000,79.0,0.12658227848101267,1.0,0.22471910112359553,0.8222222222222222,0.3373612705702258,0.8734177215189873,10.0,69.0,0.0,21.0,7.096169162436538,8.824489117095892,9.397564421971017,0.7549006019908908,0.6468188052199835,0.7138729182521739,2.398923891024155,2.5172248612711936,2.556451026778671,1000,100,2.5,10,7.850457388060202,jitter,,,
flow_stagewise,51,2830.2932353019714,True,,10.0,0.6,0.6,0.6,0.7777777777777778,0.4,0.4,6.0,4.0,4.0,86.0,16.905467987060547,17.846559524536133,17.197561264038086,0.4160905650126786,0.28572982192763563,0.47638689675514123,3.0099194049835205,3.0669994354248047,3.0285143852233887,1000,100,2.5,10,7.850457388060202,jitter,28.0,0.15,10.0
