method,seed,runtime_sec,converged,n_iter,selected_ckpt_id,support_size,precision,recall,f1,auroc,auprc,fdr,tp,fp,fn,tn,train_mse,val_mse,test_mse,train_r2,val_r2,test_r2,train_nll,val_nll,test_nll,n,p,snr,n_active,sigma2,setting
flow_stagewise,56,788.0227086544037,True,,55,8.0,1.0,0.8,0.888888888888889,0.9,0.8200000000000001,0.0,8.0,0.0,2.0,90.0,7.177022933959961,6.477266311645508,7.604011058807373,0.726287303413219,0.6550267868705977,0.6625814863950464,2.4030280113220215,2.3556787967681885,2.432762861251831,1000,100,2.5,10,7.094236850738525,simple
