method,seed,runtime_sec,converged,n_iter,selected_ckpt_id,support_size,precision,recall,f1,auroc,auprc,fdr,tp,fp,fn,tn,train_mse,val_mse,test_mse,train_r2,val_r2,test_r2,train_nll,val_nll,test_nll,n,p,snr,n_active,sigma2,rho,block_size,setting
flow_stagewise,38,975.6637442111969,True,,39,10.0,1.0,1.0,1.0,1.0,1.0,0.0,10.0,0.0,0.0,90.0,8.048590660095215,9.525405883789062,9.2732572555542,0.7001012063987091,0.6750287397871931,0.6170511151546827,2.4626715183258057,2.5603504180908203,2.5436582565307617,1000,100,2.5,10,7.5600556036293485,0.8,10,block_corr
