{
  "n": 1000,
  "p": 100,
  "n_active": 10,
  "sigma2": 8.782248497009277,
  "sigma": 2.9634859561920166,
  "active_idx": [
    0,
    4,
    5,
    26,
    34,
    50,
    57,
    72,
    78,
    83
  ],
  "snr": 2.5,
  "setting": "simple",
  "seed": 30
}