method,seed,runtime_sec,converged,n_iter,selected_ckpt_id,support_size,precision,recall,f1,auroc,auprc,fdr,tp,fp,fn,tn,train_mse,val_mse,test_mse,train_r2,val_r2,test_r2,train_nll,val_nll,test_nll,n,p,snr,n_active,sigma2,noise_x,group_size,setting
flow_stagewise,100,901.0633556842804,True,,223,8.0,0.5,0.4,0.4444444444444445,0.6777777777777777,0.26,0.5,4.0,4.0,6.0,86.0,12.46501636505127,14.799541473388672,15.830875396728516,0.4710417240938942,0.31783386449161855,0.3559826044603408,2.8068954944610596,2.983886480331421,3.059171676635742,1000,100,2.5,10,6.523071413718097,0.15,10,jitter
