method,seed,runtime_sec,converged,n_iter,selected_ckpt_id,support_size,precision,recall,f1,auroc,auprc,fdr,tp,fp,fn,tn,train_mse,val_mse,test_mse,train_r2,val_r2,test_r2,train_nll,val_nll,test_nll,n,p,snr,n_active,sigma2,noise_x,group_size,setting
flow_stagewise,74,1162.7513852119446,True,,165,11.0,0.5454545454545454,0.6,0.5714285714285713,0.7722222222222223,0.3672727272727272,0.45454545454545453,6.0,5.0,4.0,85.0,11.30422306060791,13.555481910705566,13.097521781921387,0.5689235512313177,0.5601559944601282,0.5162077215114191,2.680434465408325,2.830983877182007,2.800419330596924,1000,100,2.5,10,7.476323898115481,0.15,10,jitter
