method,seed,runtime_sec,converged,n_iter,support_size,precision,recall,f1,auroc,auprc,fdr,tp,fp,fn,tn,train_mse,val_mse,test_mse,train_r2,val_r2,test_r2,train_nll,val_nll,test_nll,n,p,snr,n_active,sigma2,setting
mf_spike_slab,16,0.031255242065526545,True,8,10.0,0.0,0.0,0.0,0.6322222222222222,0.13917272289460075,1.0,0.0,10.0,10.0,80.0,9.187757635032623,7.732982034990538,8.47803573580764,0.689394102404187,0.7257725818588896,0.7186166555741331,2.527908111652089,2.4496534886181847,2.489731076182735,1000,100,2.5,10,8.22120784544637,jitter
mf_ard,16,0.6020778740057722,True,417,12.0,0.25,0.3,0.2727272727272727,0.7244444444444444,0.22744538513525853,0.75,3.0,9.0,7.0,81.0,8.31916087479392,7.666838137578013,7.677919467525437,0.7187583158586268,0.7281181802491552,0.7451722633251003,2.481703003944736,2.446944824713894,2.4475352791476497,1000,100,2.5,10,8.22120784544637,jitter
mf_bayes_lasso,16,1.3277632270473987,False,1000,76.0,0.10526315789473684,0.8,0.18604651162790697,0.6399999999999999,0.16127840285129288,0.8947368421052632,8.0,68.0,2.0,22.0,7.32738665984137,7.7559081599433375,8.111085973710123,0.7522867275216785,0.7249595744026018,0.7307956029757318,2.4149572912285837,2.443360454601189,2.4669022686486572,1000,100,2.5,10,8.22120784544637,jitter
