stage,tau,best_ckpt_id,best_epoch,best_val_mse,best_support_size,n_evals,best_moment_recovery_score,best_active_mean_zerr_median,best_active_sd_logerr_median,best_active_sd_ratio_median,best_active_marg_skl_median,best_active_joint_skl_median,best_softgate_absdiff_median,best_zero_soft_leakage_median
0,0.8,12,300,7.768828392028809,67,13,2.5348961728441837,2.201833466771675,0.33306270607250893,1.3957315425683294,3.152150373002872,10.314098105692963,0.5772230327129364,0.15694591403007507
1,0.7444838872816797,25,600,3.027557849884033,7,13,1.022691838589459,0.9110323985847412,0.11165944000471788,1.046987066615181,0.48002516645100207,1.1083258459656893,0.07391149923205376,0.029227977618575096
2,0.6928203230275509,27,625,2.8716869354248047,7,13,1.048410511226017,0.9508119268385198,0.09759858438749709,0.988346973881948,0.5948627514322372,1.2078536298738718,0.06500176712870598,0.02967333234846592
3,0.6447419590941251,49,1150,3.249458074569702,7,13,1.5631184305019576,1.3315622072524964,0.23155622324946118,0.7976461994803898,2.164661227576771,4.7351276858417695,0.05350967174768448,0.10587520897388458
4,0.6,52,1201,3.248509407043457,7,13,1.510483524290085,1.3210934162427588,0.18939010804732626,0.8282608413755148,2.3301648600105667,4.723423723567424,0.04492219723761082,0.09078162908554077
