method,seed,runtime_sec,converged,n_iter,support_size,precision,recall,f1,auroc,auprc,fdr,tp,fp,fn,tn,train_mse,val_mse,test_mse,train_r2,val_r2,test_r2,train_nll,val_nll,test_nll,n,p,snr,n_active,sigma2,setting
mf_spike_slab,3,0.10166331799700856,True,40,10.0,1.0,1.0,1.0,1.0,1.0,0.0,10.0,0.0,0.0,90.0,7.477007613413216,6.026262791367136,6.078667325567475,0.7129434483280067,0.7408253744370819,0.7860497379482879,2.424950281770628,2.3298195336795375,2.3332558944137514,1000,100,2.5,10,7.165381086758553,block_corr
mf_ard,3,0.12383739789947867,True,85,36.0,0.2777777777777778,1.0,0.4347826086956522,1.0,1.0,0.7222222222222222,10.0,26.0,0.0,64.0,6.519145962853303,6.713559229133291,6.672698466964212,0.7497175799866816,0.7112664582271966,0.7651416816981715,2.3605834638045393,2.373628967389368,2.3708871317649005,1000,100,2.5,10,7.165381086758553,block_corr
mf_bayes_lasso,3,0.10577481903601438,True,71,75.0,0.13333333333333333,1.0,0.23529411764705882,1.0,1.0,0.8666666666666667,10.0,65.0,0.0,25.0,6.251210052987808,7.463668685370262,7.507368878657615,0.76000414947166,0.6790061097853861,0.7357638684795573,2.3353923715760203,2.430799428928161,2.434238149834518,1000,100,2.5,10,7.165381086758553,block_corr
