method,seed,runtime_sec,converged,n_iter,support_size,precision,recall,f1,auroc,auprc,fdr,tp,fp,fn,tn,train_mse,val_mse,test_mse,train_r2,val_r2,test_r2,train_nll,val_nll,test_nll,n,p,snr,n_active,sigma2,setting,selected_ckpt_id,rho,block_size
mf_spike_slab,66,0.06712382007390261,True,30,10.0,0.9,0.9,0.9,0.9866666666666667,0.9454545454545454,0.1,9.0,1.0,1.0,89.0,8.74380159224851,11.104438859640954,8.130962896737978,0.7242991710209967,0.6461640742580377,0.7607066400276405,2.503176429378649,2.6359946030262047,2.4686958603379976,1000,100,2.5,10,9.368686131846372,block_corr,,,
mf_ard,66,0.12242424197029322,True,82,40.0,0.25,1.0,0.4,0.9966666666666667,0.976923076923077,0.75,10.0,30.0,0.0,60.0,7.360260200597904,11.863800187135393,8.896716582761394,0.767923617959842,0.6219675055090133,0.7381705917432146,2.421173608116525,2.689204686212717,2.5126167976496725,1000,100,2.5,10,9.368686131846372,block_corr,,,
mf_bayes_lasso,66,0.11199024599045515,True,76,75.0,0.13333333333333333,1.0,0.23529411764705882,0.9933333333333334,0.9625,0.8666666666666667,10.0,65.0,0.0,25.0,7.075342269263782,12.543533998604552,9.71911225251973,0.7769073659361727,0.6003082172298504,0.7139675759943491,2.397302998740625,2.777945933095084,2.581336846490529,1000,100,2.5,10,9.368686131846372,block_corr,,,
flow_stagewise,66,514.9684927463531,True,,15.0,0.6666666666666666,1.0,0.8,0.9722222222222222,0.6666666666666666,0.3333333333333333,10.0,5.0,0.0,85.0,9.874272346496582,14.272343635559082,11.276226997375488,0.6886542572862335,0.545220796105079,0.6681418615642591,2.564574956893921,2.795596122741699,2.6382412910461426,1000,100,2.5,10,9.368686131846372,block_corr,43.0,0.8,10.0
