method,seed,runtime_sec,converged,n_iter,selected_ckpt_id,support_size,precision,recall,f1,auroc,auprc,fdr,tp,fp,fn,tn,train_mse,val_mse,test_mse,train_r2,val_r2,test_r2,train_nll,val_nll,test_nll,n,p,snr,n_active,sigma2,noise_x,group_size,setting
flow_stagewise,71,1132.4920449256897,True,,170,9.0,0.3333333333333333,0.3,0.3157894736842105,0.6166666666666667,0.16999999999999998,0.6666666666666666,3.0,6.0,7.0,84.0,14.06628704071045,15.67491340637207,12.475733757019043,0.5067408205440097,0.41193395577921277,0.5277917159199026,2.747406244277954,2.8321797847747803,2.6867520809173584,1000,100,2.5,10,8.018945854320702,0.15,10,jitter
