method,seed,runtime_sec,converged,n_iter,support_size,precision,recall,f1,auroc,auprc,fdr,tp,fp,fn,tn,train_mse,val_mse,test_mse,train_r2,val_r2,test_r2,train_nll,val_nll,test_nll,n,p,snr,n_active,sigma2,setting,selected_ckpt_id,rho,block_size
mf_spike_slab,35,0.03704074292909354,True,16,8.0,1.0,0.8,0.888888888888889,0.9588888888888889,0.8977272727272727,0.0,8.0,0.0,2.0,90.0,8.026783695529,8.180160388671926,7.404597171445193,0.7156687561222268,0.6940839315401934,0.6882387800493068,2.4603573319818572,2.4698127308686875,2.422000645273658,1000,100,2.5,10,7.352059603948108,block_corr,,,
mf_ard,35,0.13643161999061704,True,96,41.0,0.24390243902439024,1.0,0.39215686274509803,1.0,1.0,0.7560975609756098,10.0,31.0,0.0,59.0,6.848055755269128,8.827834560783785,7.0676239238350265,0.7574226134778519,0.669862653843756,0.7024266134092125,2.385161335899888,2.5116942122781545,2.3991945156936922,1000,100,2.5,10,7.352059603948108,block_corr,,,
mf_bayes_lasso,35,0.1041450509801507,True,72,75.0,0.13333333333333333,1.0,0.23529411764705882,1.0,1.0,0.8666666666666667,10.0,65.0,0.0,25.0,6.514456332769327,9.718673315306516,7.777830735802118,0.7692396428577651,0.6365476726616488,0.6725242518101225,2.3560193131699068,2.5978903649907745,2.4513854189519004,1000,100,2.5,10,7.352059603948108,block_corr,,,
flow_stagewise,35,494.98355889320374,True,,9.0,0.8888888888888888,0.8,0.8421052631578948,0.8944444444444445,0.7311111111111112,0.1111111111111111,8.0,1.0,2.0,89.0,8.536195755004883,9.183028221130371,7.737142562866211,0.6976239328617748,0.6565793493377314,0.6742373734009625,2.4962594509124756,2.538118362426758,2.4440441131591797,1000,100,2.5,10,7.352059603948108,block_corr,120.0,0.8,10.0
