method,seed,runtime_sec,converged,n_iter,support_size,precision,recall,f1,auroc,auprc,fdr,tp,fp,fn,tn,train_mse,val_mse,test_mse,train_r2,val_r2,test_r2,train_nll,val_nll,test_nll,n,p,snr,n_active,sigma2,setting
mf_spike_slab,57,0.025673822034150362,True,7,10.0,0.1,0.1,0.10000000000000002,0.7077777777777778,0.19744349328196578,0.9,1.0,9.0,9.0,81.0,6.095170706290428,7.429676436422932,8.283354910684121,0.7167519991425508,0.6747036947305516,0.6395356133302148,2.3227202358572625,2.4309336982605005,2.500157457584294,1000,100,2.5,10,6.1501283366399555,jitter
mf_ard,57,1.283833755995147,True,920,15.0,0.3333333333333333,0.5,0.4,0.8183333333333334,0.426270627105535,0.6666666666666666,5.0,10.0,5.0,80.0,5.337413208240341,6.7303475196819305,7.421706369346699,0.7519656636648455,0.7053226745381647,0.677031726478463,2.260566584138862,2.3747583798712992,2.431435502324423,1000,100,2.5,10,6.1501283366399555,jitter
mf_bayes_lasso,57,1.2461823469493538,False,1000,79.0,0.11392405063291139,0.9,0.20224719101123595,0.7100000000000001,0.21952178557644064,0.8860759493670886,9.0,70.0,1.0,20.0,4.8375192401751095,7.108356894586128,7.98982364478497,0.7751961807279762,0.6887721485407295,0.6523091294805694,2.2073435299769253,2.4354138405844243,2.523943460972534,1000,100,2.5,10,6.1501283366399555,jitter
