{
  "sim": "block_corr",
  "n": 1000,
  "p": 100,
  "n_active": 10,
  "active_idx": [
    5,
    12,
    21,
    28,
    40,
    44,
    58,
    80,
    91,
    98
  ],
  "snr": 2.5,
  "sigma2": 7.417045598519077,
  "sigma": 2.723425342931044,
  "rho": 0.8,
  "block_size": 10,
  "beta_low": 0.8,
  "beta_high": 1.8,
  "setting": "block_corr",
  "seed": 11
}