method,seed,runtime_sec,converged,n_iter,support_size,precision,recall,f1,auroc,auprc,fdr,tp,fp,fn,tn,train_mse,val_mse,test_mse,train_r2,val_r2,test_r2,train_nll,val_nll,test_nll,n,p,snr,n_active,sigma2,setting,selected_ckpt_id,rho,block_size
mf_spike_slab,11,0.04686284397030249,True,21,10.0,1.0,1.0,1.0,1.0,1.0,0.0,10.0,0.0,0.0,90.0,7.273495351241909,8.14655560748331,7.917539864331334,0.7347429801998324,0.6674389879803468,0.692645744467304,2.41111093252745,2.4702504244555037,2.454737320294926,1000,100,2.5,10,7.417045598519077,block_corr,,,
mf_ard,11,0.10983176599256694,True,78,39.0,0.2564102564102564,1.0,0.4081632653061224,0.9966666666666667,0.9769230769230769,0.7435897435897436,10.0,29.0,0.0,61.0,6.260391600089672,8.954736550525602,8.555840023363611,0.7716898494561836,0.6344471954654519,0.6678673065247834,2.3404258774505653,2.5284167726101727,2.5005848072914376,1000,100,2.5,10,7.417045598519077,block_corr,,,
mf_bayes_lasso,11,0.11953289300436154,True,78,73.0,0.136986301369863,1.0,0.24096385542168672,0.9844444444444445,0.9416666666666667,0.863013698630137,10.0,63.0,0.0,27.0,6.017030370106313,9.531791829450572,9.144882272814469,0.7805649874033422,0.6108904806037392,0.6450010317526307,2.3163054393555664,2.603513757040567,2.571897488299974,1000,100,2.5,10,7.417045598519077,block_corr,,,
flow_stagewise,11,953.2107915878296,True,,9.0,1.0,0.9,0.9473684210526316,0.95,0.91,0.0,9.0,0.0,1.0,90.0,8.033053398132324,9.401107788085938,8.654343605041504,0.7070426581524871,0.6162252889876003,0.664043425999209,2.462332248687744,2.5537683963775635,2.5041050910949707,1000,100,2.5,10,7.417045598519077,block_corr,25.0,0.8,10.0
