method,seed,runtime_sec,converged,n_iter,selected_ckpt_id,support_size,precision,recall,f1,auroc,auprc,fdr,tp,fp,fn,tn,train_mse,val_mse,test_mse,train_r2,val_r2,test_r2,train_nll,val_nll,test_nll,n,p,snr,n_active,sigma2,rho,block_size,setting
flow_stagewise,30,843.5917394161224,True,,68,10.0,1.0,1.0,1.0,1.0,1.0,0.0,10.0,0.0,0.0,90.0,8.031355857849121,6.994417667388916,9.353888511657715,0.6866204694521538,0.6994528092569232,0.6858623567550265,2.4623236656188965,2.392296075820923,2.5515952110290527,1000,100,2.5,10,7.402091189033364,0.8,10,block_corr
