method,seed,runtime_sec,converged,n_iter,support_size,precision,recall,f1,auroc,auprc,fdr,tp,fp,fn,tn,train_mse,val_mse,test_mse,train_r2,val_r2,test_r2,train_nll,val_nll,test_nll,n,p,snr,n_active,sigma2,setting
mf_spike_slab,22,0.023312230012379587,True,7,10.0,0.0,0.0,0.0,0.66,0.15499523116893577,1.0,0.0,10.0,10.0,80.0,8.410666167511721,9.780741929681403,7.86957039682601,0.7011152247915189,0.5973980524658746,0.6967244844258476,2.483722800115314,2.5642263773496508,2.451928831949943,1000,100,2.5,10,7.7183436567233965,jitter
mf_ard,22,0.3991485950537026,True,282,15.0,0.4,0.6,0.48,0.88,0.5999611801242236,0.6,6.0,9.0,4.0,81.0,7.495743580278621,8.913365981408669,7.526341766291093,0.7336282774287308,0.6331016062994677,0.7099517426669416,2.4297580727849755,2.5133467456469787,2.431562263914241,1000,100,2.5,10,7.7183436567233965,jitter
mf_bayes_lasso,22,1.4920158110326156,False,1000,76.0,0.13157894736842105,1.0,0.23255813953488372,0.8366666666666667,0.39726509144448585,0.868421052631579,10.0,66.0,0.0,24.0,6.800586468163785,8.65897776804674,7.641974128532424,0.7583316568104486,0.6435729172557907,0.7054955319073377,2.3775893966191886,2.510943797722383,2.4379656734297526,1000,100,2.5,10,7.7183436567233965,jitter
