{
  "sim": "block_corr",
  "n": 1000,
  "p": 100,
  "n_active": 10,
  "active_idx": [
    17,
    23,
    27,
    33,
    46,
    48,
    56,
    70,
    81,
    97
  ],
  "snr": 2.5,
  "sigma2": 7.516039574733126,
  "sigma": 2.7415396358128996,
  "rho": 0.8,
  "block_size": 10,
  "beta_low": 0.8,
  "beta_high": 1.8,
  "setting": "block_corr",
  "seed": 72
}