method,seed,runtime_sec,converged,n_iter,selected_ckpt_id,support_size,precision,recall,f1,auroc,auprc,fdr,tp,fp,fn,tn,train_mse,val_mse,test_mse,train_r2,val_r2,test_r2,train_nll,val_nll,test_nll,n,p,snr,n_active,sigma2,rho,block_size,setting
flow_stagewise,46,1096.001415014267,True,,115,10.0,1.0,1.0,1.0,1.0,1.0,0.0,10.0,0.0,0.0,90.0,7.2234649658203125,8.473788261413574,7.730402946472168,0.7259322792104849,0.6941231259678,0.7370402525179208,2.40883469581604,2.489452600479126,2.4415225982666016,1000,100,2.5,10,7.754778010673317,0.8,10,block_corr
