{
  "sim": "block_corr",
  "n": 1000,
  "p": 100,
  "n_active": 10,
  "active_idx": [
    0,
    11,
    13,
    39,
    42,
    47,
    55,
    56,
    85,
    87
  ],
  "snr": 2.5,
  "sigma2": 6.330290539806214,
  "sigma": 2.5160068640220783,
  "rho": 0.8,
  "block_size": 10,
  "beta_low": 0.8,
  "beta_high": 1.8,
  "setting": "block_corr",
  "seed": 44
}