method,seed,runtime_sec,converged,n_iter,support_size,precision,recall,f1,auroc,auprc,fdr,tp,fp,fn,tn,train_mse,val_mse,test_mse,train_r2,val_r2,test_r2,train_nll,val_nll,test_nll,n,p,snr,n_active,sigma2,setting
mf_spike_slab,59,0.01981489290483296,True,7,10.0,0.1,0.1,0.10000000000000002,0.6544444444444444,0.16587508485835412,0.9,1.0,9.0,9.0,81.0,8.453285277828348,9.134984498336383,9.200931881010861,0.6934304039752323,0.7199475815548908,0.6092387601346262,2.486249810048391,2.5261050367160554,2.5299606196558044,1000,100,2.5,10,7.920776769104478,jitter
mf_ard,59,0.6040474839974195,True,425,13.0,0.3076923076923077,0.4,0.34782608695652173,0.741111111111111,0.34931903064256004,0.6923076923076923,4.0,9.0,6.0,81.0,7.542535883184394,8.441731608159165,8.603757655013583,0.7264599380343888,0.7412007263767073,0.6346005978249954,2.43284050927604,2.4855582532506295,2.495057461729991,1000,100,2.5,10,7.920776769104478,jitter
mf_bayes_lasso,59,1.3500056070042774,False,1000,75.0,0.12,0.9,0.21176470588235294,0.6555555555555557,0.24131253636839595,0.88,9.0,66.0,1.0,24.0,7.009754971465442,8.740239741621142,9.099608441872974,0.7457819440364561,0.7320493233593527,0.6135419408577286,2.392692376169709,2.513644272509729,2.5387622778977788,1000,100,2.5,10,7.920776769104478,jitter
