method,seed,runtime_sec,converged,n_iter,selected_ckpt_id,support_size,precision,recall,f1,auroc,auprc,fdr,tp,fp,fn,tn,train_mse,val_mse,test_mse,train_r2,val_r2,test_r2,train_nll,val_nll,test_nll,n,p,snr,n_active,sigma2,setting
flow_stagewise,17,9925.849728345871,True,,114,11.0,0.9090909090909091,1.0,0.9523809523809523,0.9944444444444445,0.9090909090909091,0.09090909090909091,10.0,1.0,0.0,89.0,7.155416488647461,7.685612201690674,7.443828582763672,0.7064132351676273,0.6463515938533104,0.6928633459022285,2.4054172039031982,2.4407148361206055,2.422438144683838,1000,100,2.5,10,6.658728122711182,simple
