method,seed,runtime_sec,converged,n_iter,selected_ckpt_id,support_size,precision,recall,f1,auroc,auprc,fdr,tp,fp,fn,tn,train_mse,val_mse,test_mse,train_r2,val_r2,test_r2,train_nll,val_nll,test_nll,n,p,snr,n_active,sigma2,setting
flow_stagewise,67,490.28290009498596,True,,52,9.0,1.0,0.9,0.9473684210526316,0.95,0.91,0.0,9.0,0.0,1.0,90.0,6.755839824676514,7.997264385223389,7.153491973876953,0.7148384987001852,0.6601075850221445,0.7049383426552456,2.3746554851531982,2.4624440670013428,2.4027774333953857,1000,100,2.5,10,7.068822383880615,simple
