{
  "n": 1000,
  "p": 100,
  "n_active": 10,
  "sigma2": 7.325164794921875,
  "sigma": 2.7065041065216064,
  "active_idx": [
    1,
    24,
    25,
    31,
    37,
    39,
    44,
    49,
    82,
    91
  ],
  "snr": 2.5,
  "setting": "simple",
  "seed": 5
}