{
  "n": 1000,
  "p": 100,
  "n_active": 10,
  "sigma2": 4.743706703186035,
  "sigma": 2.1780052185058594,
  "active_idx": [
    13,
    19,
    20,
    26,
    28,
    31,
    42,
    66,
    92,
    93
  ],
  "snr": 2.5,
  "setting": "simple",
  "seed": 87
}