method,seed,runtime_sec,converged,n_iter,selected_ckpt_id,support_size,precision,recall,f1,auroc,auprc,fdr,tp,fp,fn,tn,train_mse,val_mse,test_mse,train_r2,val_r2,test_r2,train_nll,val_nll,test_nll,n,p,snr,n_active,sigma2,setting
flow_stagewise,96,818.6348524093628,True,,123,10.0,1.0,1.0,1.0,1.0,1.0,0.0,10.0,0.0,0.0,90.0,5.2279815673828125,6.261655330657959,5.566247940063477,0.7241687980418141,0.6625828800384992,0.6935693225687093,2.246412992477417,2.34108567237854,2.2773940563201904,1000,100,2.5,10,5.459137916564941,simple
