method,seed,runtime_sec,converged,n_iter,selected_ckpt_id,support_size,precision,recall,f1,auroc,auprc,fdr,tp,fp,fn,tn,train_mse,val_mse,test_mse,train_r2,val_r2,test_r2,train_nll,val_nll,test_nll,n,p,snr,n_active,sigma2,setting
flow_stagewise,42,506.8393831253052,True,,91,9.0,1.0,0.9,0.9473684210526316,0.95,0.91,0.0,9.0,0.0,1.0,90.0,6.587040424346924,7.147037506103516,6.438381195068359,0.7248770927074384,0.7199344606266278,0.700315019346513,2.3612496852874756,2.402242660522461,2.350404739379883,1000,100,2.5,10,6.677032470703125,simple
