method,seed,runtime_sec,converged,n_iter,selected_ckpt_id,support_size,precision,recall,f1,auroc,auprc,fdr,tp,fp,fn,tn,train_mse,val_mse,test_mse,train_r2,val_r2,test_r2,train_nll,val_nll,test_nll,n,p,snr,n_active,sigma2,noise_x,group_size,setting
flow_stagewise,14,689.0314831733704,True,,27,8.0,1.0,0.8,0.888888888888889,0.9,0.8200000000000001,0.0,8.0,0.0,2.0,90.0,11.850286483764648,10.542206764221191,10.024933815002441,0.48544186296661673,0.5953211910922245,0.5325156595155287,2.73427414894104,2.64473032951355,2.608025312423706,1000,100,2.5,10,6.969234820061788,0.15,10,jitter
