method,seed,runtime_sec,converged,n_iter,support_size,precision,recall,f1,auroc,auprc,fdr,tp,fp,fn,tn,train_mse,val_mse,test_mse,train_r2,val_r2,test_r2,train_nll,val_nll,test_nll,n,p,snr,n_active,sigma2,setting
mf_spike_slab,83,0.022478149039670825,True,7,10.0,0.1,0.1,0.10000000000000002,0.7844444444444445,0.22998112175227306,0.9,1.0,9.0,9.0,81.0,6.813636526496915,7.2293585443175665,8.133721461982416,0.6920637416435413,0.6432675307172615,0.6136999908861189,2.3784355899865726,2.4085874669011273,2.4741799498840282,1000,100,2.5,10,6.091143695794556,jitter
mf_ard,83,0.797220645006746,True,558,15.0,0.5333333333333333,0.8,0.64,0.91,0.5888935574229692,0.4666666666666667,8.0,7.0,2.0,83.0,5.622656565864539,6.478953029292687,7.134518280085997,0.7458890244317342,0.6802962671808338,0.6611557834255315,2.2865178803643804,2.353241333213177,2.4043236148396834,1000,100,2.5,10,6.091143695794556,jitter
mf_bayes_lasso,83,1.2706259890692309,False,1000,69.0,0.14492753623188406,1.0,0.25316455696202533,0.8644444444444445,0.32169021454735736,0.855072463768116,10.0,59.0,0.0,31.0,5.102832118294995,6.754714221846309,7.670531877115325,0.7693820291971463,0.6666888398345543,0.6356985485810123,2.234051162875912,2.391212544738475,2.478344167465533,1000,100,2.5,10,6.091143695794556,jitter
