{
  "n": 1000,
  "p": 100,
  "n_active": 10,
  "sigma2": 6.361078262329102,
  "sigma": 2.522117853164673,
  "active_idx": [
    1,
    4,
    8,
    14,
    42,
    53,
    54,
    71,
    87,
    96
  ],
  "snr": 2.5,
  "setting": "simple",
  "seed": 66
}