method,seed,runtime_sec,converged,n_iter,support_size,precision,recall,f1,auroc,auprc,fdr,tp,fp,fn,tn,train_mse,val_mse,test_mse,train_r2,val_r2,test_r2,train_nll,val_nll,test_nll,n,p,snr,n_active,sigma2,setting,selected_ckpt_id
mf_spike_slab,66,0.018160412088036537,True,7,10.0,1.0,1.0,1.0,1.0,1.0,0.0,10.0,0.0,0.0,90.0,5.9394491143725565,7.032266505997854,5.322801336623603,0.7158512755519465,0.688735996171254,0.7477761582148933,2.3098351564073325,2.400112299276592,2.2588941666697333,1000,100,2.5,10,6.361078262329102,simple,
mf_ard,66,0.021263708942569792,True,14,34.0,0.29411764705882354,1.0,0.45454545454545453,1.0,1.0,0.7058823529411765,10.0,24.0,0.0,66.0,5.094494610946687,7.123505902613203,6.196820261268865,0.7562746784200864,0.6846975343363406,0.7063602952086756,2.2375342765888777,2.411094074009015,2.3318262193428283,1000,100,2.5,10,6.361078262329102,simple,
mf_bayes_lasso,66,0.021665321895852685,True,14,41.0,0.24390243902439024,1.0,0.39215686274509803,1.0,1.0,0.7560975609756098,10.0,31.0,0.0,59.0,5.051034106643371,7.323254802007621,6.676515608366569,0.7583538690358917,0.6758561967486847,0.6836296697955222,2.2287574963389996,2.4515583292961454,2.3881428206955775,1000,100,2.5,10,6.361078262329102,simple,
flow_stagewise,66,878.4877228736877,True,,9.0,1.0,0.9,0.9473684210526316,0.95,0.91,0.0,9.0,0.0,1.0,90.0,6.204500198364258,7.0997314453125,5.672059535980225,0.70317098722202,0.6857498319903548,0.7312264005024534,2.3317298889160156,2.402096748352051,2.2898788452148438,1000,100,2.5,10,6.361078262329102,simple,121.0
