method,seed,runtime_sec,converged,n_iter,support_size,precision,recall,f1,auroc,auprc,fdr,tp,fp,fn,tn,train_mse,val_mse,test_mse,train_r2,val_r2,test_r2,train_nll,val_nll,test_nll,n,p,snr,n_active,sigma2,setting
mf_spike_slab,82,0.13738856406416744,True,55,11.0,0.9090909090909091,1.0,0.9523809523809523,1.0,1.0,0.09090909090909091,10.0,1.0,0.0,89.0,5.216404940762244,4.983155354696493,5.3846248405714014,0.7487845676211398,0.7948324776288291,0.6830303501397764,2.2449043541598206,2.2228961341476547,2.2607767105822694,1000,100,2.5,10,5.825570876385114,block_corr
mf_ard,82,0.11548577400390059,True,78,37.0,0.2702702702702703,1.0,0.4255319148936171,1.0,1.0,0.7297297297297297,10.0,27.0,0.0,63.0,4.565479450578144,5.438542867263684,5.582482100482839,0.7801323119623076,0.776083166996937,0.6713833462623853,2.182985712249189,2.2659756145766403,2.2796579000528716,1000,100,2.5,10,5.825570876385114,block_corr
mf_bayes_lasso,82,0.10913078289013356,True,73,65.0,0.15384615384615385,1.0,0.2666666666666667,1.0,1.0,0.8461538461538461,10.0,55.0,0.0,35.0,4.415099268410117,5.89570322404066,6.1203973219180785,0.787374430416216,0.7572608644496456,0.6397185962675241,2.1615297178252955,2.3262977313615227,2.3513026626395903,1000,100,2.5,10,5.825570876385114,block_corr
