{
  "n": 1000,
  "p": 100,
  "n_active": 10,
  "sigma2": 8.227117538452148,
  "sigma": 2.868295192718506,
  "active_idx": [
    6,
    16,
    45,
    78,
    79,
    80,
    83,
    84,
    90,
    94
  ],
  "snr": 2.5,
  "setting": "simple",
  "seed": 69
}