method,seed,runtime_sec,converged,n_iter,support_size,precision,recall,f1,auroc,auprc,fdr,tp,fp,fn,tn,train_mse,val_mse,test_mse,train_r2,val_r2,test_r2,train_nll,val_nll,test_nll,n,p,snr,n_active,sigma2,setting,selected_ckpt_id
mf_spike_slab,69,0.02638682199176401,True,8,10.0,1.0,1.0,1.0,1.0,1.0,0.0,10.0,0.0,0.0,90.0,7.063247190716908,7.886272570366291,9.404209217945823,0.7421887150059003,0.7404932840934406,0.7126680333211326,2.3964755193697087,2.453671810799874,2.559161081257699,1000,100,2.5,10,8.227117538452148,simple,
mf_ard,69,0.033935234998352826,True,17,34.0,0.29411764705882354,1.0,0.45454545454545453,1.0,1.0,0.7058823529411765,10.0,24.0,0.0,66.0,6.14250877445432,8.52478439844735,10.067652634233022,0.7757960273129182,0.7194823304275172,0.6923974824258828,2.330797638622975,2.500538273884854,2.6104699005320993,1000,100,2.5,10,8.227117538452148,simple,
mf_bayes_lasso,69,0.030393549939617515,True,15,52.0,0.19230769230769232,1.0,0.32258064516129037,1.0,1.0,0.8076923076923077,10.0,42.0,0.0,48.0,6.077552492173871,9.096366467822152,10.558143171515535,0.7781669570214482,0.7006737761490489,0.6774112557853889,2.3212651061916856,2.5671209641249506,2.686169825198352,1000,100,2.5,10,8.227117538452148,simple,
flow_stagewise,69,1109.6455698013306,True,,9.0,1.0,0.9,0.9473684210526316,0.95,0.91,0.0,9.0,0.0,1.0,90.0,7.260683536529541,8.042779922485352,9.627772331237793,0.7349822351710937,0.7353432131539059,0.7058373839537622,2.4139912128448486,2.46138858795166,2.557645797729492,1000,100,2.5,10,8.227117538452148,simple,16.0
