method,seed,runtime_sec,converged,n_iter,support_size,precision,recall,f1,auroc,auprc,fdr,tp,fp,fn,tn,train_mse,val_mse,test_mse,train_r2,val_r2,test_r2,train_nll,val_nll,test_nll,n,p,snr,n_active,sigma2,setting,selected_ckpt_id,noise_x,group_size
mf_spike_slab,87,0.01871749700512737,True,7,10.0,0.1,0.1,0.10000000000000002,0.7822222222222222,0.21719679069524267,0.9,1.0,9.0,9.0,81.0,8.034256584694788,7.715278471065264,7.365222729662751,0.6601915224023605,0.7335792024003083,0.7149653995552305,2.460829766174438,2.4412092294042096,2.4196770889458374,1000,100,2.5,10,7.341939279767892,jitter,,,
mf_ard,87,0.3117137999506667,True,220,14.0,0.6428571428571429,0.9,0.75,0.9188888888888889,0.8765471167369902,0.35714285714285715,9.0,5.0,1.0,85.0,6.937792892372126,6.63742191740673,7.075724827722456,0.7065663990448401,0.7707992980586458,0.7261689872589426,2.3911880976244255,2.3720873052976006,2.3999592821660314,1000,100,2.5,10,7.341939279767892,jitter,,,
mf_bayes_lasso,87,1.4337482809787616,False,1000,82.0,0.10975609756097561,0.9,0.1956521739130435,0.8388888888888889,0.35512829460069323,0.8902439024390244,9.0,73.0,1.0,17.0,6.058647758565256,6.9435218006894095,7.900808016329303,0.7437497982003245,0.7602291837905494,0.6942382139978579,2.319940754717719,2.3906415564488763,2.4671280389424273,1000,100,2.5,10,7.341939279767892,jitter,,,
flow_stagewise,87,715.33864569664,True,,9.0,0.8888888888888888,0.8,0.8421052631578948,0.8944444444444445,0.7311111111111112,0.1111111111111111,8.0,1.0,2.0,89.0,10.618066787719727,10.191532135009766,10.352155685424805,0.5509094137034674,0.6480702442881887,0.5993709161087313,2.631485939025879,2.6038591861724854,2.6129183769226074,1000,100,2.5,10,7.341939279767892,jitter,136.0,0.15,10.0
