method,seed,runtime_sec,converged,n_iter,selected_ckpt_id,support_size,precision,recall,f1,auroc,auprc,fdr,tp,fp,fn,tn,train_mse,val_mse,test_mse,train_r2,val_r2,test_r2,train_nll,val_nll,test_nll,n,p,snr,n_active,sigma2,noise_x,group_size,setting
flow_stagewise,42,4461.325160264969,True,,214,14.0,0.5714285714285714,0.8,0.6666666666666666,0.8666666666666667,0.47714285714285715,0.42857142857142855,8.0,6.0,2.0,84.0,13.693961143493652,14.200281143188477,14.069892883300781,0.5183964334557457,0.5142119542862202,0.5459180730820155,2.751227378845215,2.788797616958618,2.77653169631958,1000,100,2.5,10,8.080353655741819,0.15,10,jitter
