method,seed,runtime_sec,converged,n_iter,support_size,precision,recall,f1,auroc,auprc,fdr,tp,fp,fn,tn,train_mse,val_mse,test_mse,train_r2,val_r2,test_r2,train_nll,val_nll,test_nll,n,p,snr,n_active,sigma2,setting,selected_ckpt_id,rho,block_size
mf_spike_slab,1,0.03755362506490201,True,16,10.0,1.0,1.0,1.0,1.0,1.0,0.0,10.0,0.0,0.0,90.0,5.922269889034205,6.076899264935251,6.53527406843891,0.7182035608127306,0.7230467594584999,0.6908222695847668,2.3083514142927015,2.321217197192415,2.359355815253908,1000,100,2.5,10,5.670065086152244,block_corr,,,
mf_ard,1,0.09956744604278356,True,70,38.0,0.2631578947368421,1.0,0.4166666666666667,1.0,1.0,0.7368421052631579,10.0,28.0,0.0,62.0,5.236134142241419,6.485559449576462,6.903758419974079,0.7508516187141978,0.7044221686133401,0.6733896180527728,2.2512895472983208,2.355202573015574,2.389983620038342,1000,100,2.5,10,5.670065086152244,block_corr,,,
mf_bayes_lasso,1,0.10503218695521355,True,72,64.0,0.15625,1.0,0.2702702702702703,1.0,1.0,0.84375,10.0,54.0,0.0,36.0,5.0533903586670945,7.064050659993282,7.446634388391594,0.7595470257894825,0.678057569108757,0.6477066615226279,2.2290187072409844,2.425146699654841,2.4624654742541496,1000,100,2.5,10,5.670065086152244,block_corr,,,
flow_stagewise,1,1042.9712071418762,True,,10.0,1.0,1.0,1.0,1.0,1.0,0.0,10.0,0.0,0.0,90.0,6.376105308532715,6.4980244636535645,7.0600361824035645,0.6966089253756957,0.7038540773057481,0.6659962526965073,2.3487308025360107,2.3594770431518555,2.409018039703369,1000,100,2.5,10,5.670065086152244,block_corr,21.0,0.8,10.0
