{
  "n": 1000,
  "p": 100,
  "n_active": 10,
  "sigma2": 5.7754716873168945,
  "sigma": 2.4032211303710938,
  "active_idx": [
    33,
    42,
    46,
    47,
    48,
    60,
    73,
    91,
    92,
    95
  ],
  "snr": 2.5,
  "setting": "simple",
  "seed": 47
}