method,seed,runtime_sec,converged,n_iter,support_size,precision,recall,f1,auroc,auprc,fdr,tp,fp,fn,tn,train_mse,val_mse,test_mse,train_r2,val_r2,test_r2,train_nll,val_nll,test_nll,n,p,snr,n_active,sigma2,setting,selected_ckpt_id
mf_spike_slab,47,0.02949261898174882,True,8,10.0,1.0,1.0,1.0,1.0,1.0,0.0,10.0,0.0,0.0,90.0,4.735664210016562,5.138617926895819,6.8317592944975924,0.7576002438272389,0.7522231009713252,0.707031202864545,2.196551969857974,2.23848334714113,2.4146716945981734,1000,100,2.5,10,5.7754716873168945,simple,
mf_ard,47,0.022166996961459517,True,15,22.0,0.45454545454545453,1.0,0.625,1.0,1.0,0.5454545454545454,10.0,12.0,0.0,78.0,4.201490273359638,5.653162065506783,7.81374850726464,0.784942476354116,0.7274125093118238,0.664920205380183,2.141356679163024,2.291499684634184,2.514964068044125,1000,100,2.5,10,5.7754716873168945,simple,
mf_bayes_lasso,47,0.023960047983564436,True,16,35.0,0.2857142857142857,1.0,0.4444444444444445,1.0,1.0,0.7142857142857143,10.0,25.0,0.0,65.0,4.1737329830984065,5.913150885777537,8.145575661382999,0.7863632612942956,0.7148762155874671,0.6506903418840797,2.133363156382969,2.3399188582836725,2.6050190770151613,1000,100,2.5,10,5.7754716873168945,simple,
flow_stagewise,47,777.7984330654144,True,,7.0,1.0,0.7,0.8235294117647058,0.85,0.73,0.0,7.0,0.0,3.0,90.0,5.140071392059326,5.753291606903076,7.581662178039551,0.7369002472657473,0.7225844207824925,0.6748728470636518,2.2408711910247803,2.294771194458008,2.446568250656128,1000,100,2.5,10,5.7754716873168945,simple,132.0
