{
  "sim": "block_corr",
  "n": 1000,
  "p": 100,
  "n_active": 10,
  "active_idx": [
    4,
    18,
    20,
    22,
    42,
    43,
    47,
    73,
    82,
    89
  ],
  "snr": 2.5,
  "sigma2": 9.276474094163115,
  "sigma": 3.045730469717095,
  "rho": 0.8,
  "block_size": 10,
  "beta_low": 0.8,
  "beta_high": 1.8,
  "setting": "block_corr",
  "seed": 100
}