method,seed,runtime_sec,converged,n_iter,support_size,precision,recall,f1,auroc,auprc,fdr,tp,fp,fn,tn,train_mse,val_mse,test_mse,train_r2,val_r2,test_r2,train_nll,val_nll,test_nll,n,p,snr,n_active,sigma2,setting,selected_ckpt_id,rho,block_size
mf_spike_slab,100,0.07282102399040014,True,33,10.0,1.0,1.0,1.0,1.0,1.0,0.0,10.0,0.0,0.0,90.0,9.592237580695667,8.153413356788906,7.514357883804118,0.6889167602818027,0.7846393526474129,0.7714392653839605,2.5494582946584385,2.4754344357889098,2.4425566517232644,1000,100,2.5,10,9.276474094163115,block_corr,,,
mf_ard,100,0.08065606700256467,True,56,33.0,0.30303030303030304,1.0,0.4651162790697675,1.0,1.0,0.696969696969697,10.0,23.0,0.0,67.0,8.729565931003854,7.992163052317355,8.052594540338724,0.7168938291712608,0.7888985467342525,0.7550679709211324,2.5060240807939853,2.4687378233540977,2.47179349900301,1000,100,2.5,10,9.276474094163115,block_corr,,,
mf_bayes_lasso,100,0.09923051903024316,True,68,73.0,0.136986301369863,1.0,0.24096385542168672,0.9955555555555556,0.9714285714285714,0.863013698630137,10.0,63.0,0.0,27.0,8.360305423771145,8.378491579134216,8.933562151357199,0.7288692159278516,0.778694236222168,0.7282719881557516,2.480725922766144,2.4817998873649523,2.514579006013554,1000,100,2.5,10,9.276474094163115,block_corr,,,
flow_stagewise,100,8853.906300067902,True,,10.0,0.9,0.9,0.9,0.9444444444444444,0.8200000000000001,0.1,9.0,1.0,1.0,89.0,11.101694107055664,8.921390533447266,8.731678009033203,0.6399639778229564,0.7643543432890605,0.7344125832379784,2.6308627128601074,2.513484001159668,2.5033888816833496,1000,100,2.5,10,9.276474094163115,block_corr,19.0,0.8,10.0
