{
  "n": 1000,
  "p": 100,
  "n_active": 10,
  "sigma2": 6.985934257507324,
  "sigma": 2.643091917037964,
  "active_idx": [
    11,
    17,
    40,
    59,
    62,
    65,
    79,
    92,
    93,
    95
  ],
  "snr": 2.5,
  "setting": "simple",
  "seed": 50
}