method,seed,runtime_sec,converged,n_iter,support_size,precision,recall,f1,auroc,auprc,fdr,tp,fp,fn,tn,train_mse,val_mse,test_mse,train_r2,val_r2,test_r2,train_nll,val_nll,test_nll,n,p,snr,n_active,sigma2,setting,selected_ckpt_id
mf_spike_slab,50,0.030032044975087047,True,8,9.0,1.0,0.9,0.9473684210526316,1.0,1.0,0.0,9.0,0.0,1.0,90.0,6.436824411587463,7.131328224838578,6.057764655276467,0.7409650905169964,0.5886208064237279,0.7396012615768511,2.350044094823854,2.402986515269803,2.321148154139509,1000,100,2.5,10,6.985934257507324,simple,
mf_ard,50,0.023346613044850528,True,15,35.0,0.2857142857142857,1.0,0.4444444444444445,0.9977777777777778,0.9833333333333334,0.7142857142857143,10.0,25.0,0.0,65.0,5.566219562406002,7.618883623260292,6.344339022548844,0.7760005418332094,0.5604955904327023,0.7272825915807924,2.2816577096572535,2.4427504698906506,2.342724405380256,1000,100,2.5,10,6.985934257507324,simple,
mf_bayes_lasso,50,0.024897850933484733,True,15,44.0,0.22727272727272727,1.0,0.37037037037037035,0.9966666666666667,0.976923076923077,0.7727272727272727,10.0,34.0,0.0,56.0,5.515080626986849,8.019363545163056,6.748139757463227,0.7780585084111871,0.5373934273963659,0.7099248353902382,2.272707643871015,2.497440830614613,2.383361797930037,1000,100,2.5,10,6.985934257507324,simple,
flow_stagewise,50,639.1744372844696,True,,9.0,1.0,0.9,0.9473684210526316,0.95,0.91,0.0,9.0,0.0,1.0,90.0,6.564261436462402,7.314065933227539,6.139482498168945,0.7358366843771905,0.5780793440110539,0.7360885199914573,2.360708236694336,2.4143729209899902,2.3303065299987793,1000,100,2.5,10,6.985934257507324,simple,54.0
