{
  "sim": "block_corr",
  "n": 1000,
  "p": 100,
  "n_active": 10,
  "active_idx": [
    6,
    30,
    40,
    46,
    53,
    60,
    73,
    84,
    93,
    97
  ],
  "snr": 2.5,
  "sigma2": 5.22296681215458,
  "sigma": 2.2853811087331977,
  "rho": 0.8,
  "block_size": 10,
  "beta_low": 0.8,
  "beta_high": 1.8,
  "setting": "block_corr",
  "seed": 70
}