method,seed,runtime_sec,converged,n_iter,selected_ckpt_id,support_size,precision,recall,f1,auroc,auprc,fdr,tp,fp,fn,tn,train_mse,val_mse,test_mse,train_r2,val_r2,test_r2,train_nll,val_nll,test_nll,n,p,snr,n_active,sigma2,noise_x,group_size,setting
flow_stagewise,16,1768.1373896598816,True,,206,15.0,0.26666666666666666,0.4,0.32,0.6388888888888888,0.16666666666666669,0.7333333333333333,4.0,11.0,6.0,79.0,39.085304260253906,39.86822509765625,40.336509704589844,-0.3213372361935074,-0.4138090754629178,-0.338755881222103,3.8341264724731445,3.8629703521728516,3.8553521633148193,1000,100,2.5,10,8.22120784544637,0.15,10,jitter
