{
  "sim": "block_corr",
  "n": 1000,
  "p": 100,
  "n_active": 10,
  "active_idx": [
    3,
    6,
    17,
    20,
    42,
    48,
    55,
    59,
    71,
    95
  ],
  "snr": 2.5,
  "sigma2": 5.627051134913845,
  "sigma": 2.372140622921383,
  "rho": 0.8,
  "block_size": 10,
  "beta_low": 0.8,
  "beta_high": 1.8,
  "setting": "block_corr",
  "seed": 41
}