method,seed,runtime_sec,converged,n_iter,support_size,precision,recall,f1,auroc,auprc,fdr,tp,fp,fn,tn,train_mse,val_mse,test_mse,train_r2,val_r2,test_r2,train_nll,val_nll,test_nll,n,p,snr,n_active,sigma2,setting,selected_ckpt_id,rho,block_size
mf_spike_slab,41,0.05205312301404774,True,23,10.0,1.0,1.0,1.0,1.0,1.0,0.0,10.0,0.0,0.0,90.0,5.321532722884531,5.7258846244884145,5.92614006603892,0.7181605590044668,0.6994528435001722,0.697702247603266,2.2548773922813425,2.2922928367276727,2.310822850605902,1000,100,2.5,10,5.627051134913845,block_corr,,,
mf_ard,41,0.08857178397011012,True,61,29.0,0.3448275862068966,1.0,0.5128205128205129,1.0,1.0,0.6551724137931034,10.0,19.0,0.0,71.0,4.660560720988323,5.952115942225845,6.63133198488299,0.7531670109477236,0.6875781405125498,0.6617297714722062,2.1932277229556494,2.313610315102628,2.3769183227653086,1000,100,2.5,10,5.627051134913845,block_corr,,,
mf_bayes_lasso,41,0.10490712500177324,True,72,66.0,0.15151515151515152,1.0,0.2631578947368421,1.0,1.0,0.8484848484848485,10.0,56.0,0.0,34.0,4.464502555604406,6.225311180969356,7.265416780677,0.7635506591580952,0.6732383384455478,0.6293845338535494,2.1670974897171367,2.360790593738736,2.4752046641922276,1000,100,2.5,10,5.627051134913845,block_corr,,,
flow_stagewise,41,488.3410840034485,True,,10.0,1.0,1.0,1.0,1.0,1.0,0.0,10.0,0.0,0.0,90.0,5.553144454956055,6.0009989738464355,6.139367580413818,0.7058939444798157,0.6850122726855665,0.6868253135626233,2.2761635780334473,2.3159563541412354,2.3282506465911865,1000,100,2.5,10,5.627051134913845,block_corr,90.0,0.8,10.0
