method,seed,runtime_sec,converged,n_iter,support_size,precision,recall,f1,auroc,auprc,fdr,tp,fp,fn,tn,train_mse,val_mse,test_mse,train_r2,val_r2,test_r2,train_nll,val_nll,test_nll,n,p,snr,n_active,sigma2,setting
mf_spike_slab,95,0.02343041298445314,True,8,9.0,1.0,0.9,0.9473684210526316,1.0,1.0,0.0,9.0,0.0,1.0,90.0,4.671694869749531,4.583510844474542,5.310319838498683,0.7022699500250981,0.7692368598905075,0.7170842742912145,2.1897733731388325,2.180496566355803,2.2569556141788603,1000,100,2.5,10,5.005679130554199,simple
mf_ard,95,0.02198814693838358,True,15,26.0,0.38461538461538464,1.0,0.5555555555555556,1.0,1.0,0.6153846153846154,10.0,16.0,0.0,74.0,4.016949169226339,5.064305910132133,5.485998936041941,0.7439973049942536,0.7450305728618543,0.7077246912745788,2.119000959986888,2.2321266364129264,2.2776739718498793,1000,100,2.5,10,5.005679130554199,simple
mf_bayes_lasso,95,0.022579665994271636,True,15,34.0,0.29411764705882354,1.0,0.45454545454545453,1.0,1.0,0.7058823529411765,10.0,24.0,0.0,66.0,3.9891997582186756,5.293597200475635,5.639890353691982,0.7457657923968843,0.733486588358532,0.6995258815175522,2.1107554412604497,2.2727321601331347,2.3157339530751737,1000,100,2.5,10,5.005679130554199,simple
