method,seed,runtime_sec,converged,n_iter,selected_ckpt_id,support_size,precision,recall,f1,auroc,auprc,fdr,tp,fp,fn,tn,train_mse,val_mse,test_mse,train_r2,val_r2,test_r2,train_nll,val_nll,test_nll,n,p,snr,n_active,sigma2,noise_x,group_size,setting
flow_stagewise,30,1244.6654546260834,True,,131,11.0,0.5454545454545454,0.6,0.5714285714285713,0.7722222222222223,0.3672727272727272,0.45454545454545453,6.0,5.0,4.0,85.0,11.706110954284668,15.643433570861816,16.56824493408203,0.47980238776805906,0.4108131193022537,0.26301040332711856,2.687464714050293,2.889017105102539,2.894911527633667,1000,100,2.5,10,6.75060209240476,0.15,10,jitter
