method,seed,runtime_sec,converged,n_iter,support_size,precision,recall,f1,auroc,auprc,fdr,tp,fp,fn,tn,train_mse,val_mse,test_mse,train_r2,val_r2,test_r2,train_nll,val_nll,test_nll,n,p,snr,n_active,sigma2,setting
mf_spike_slab,73,0.027202391007449478,True,7,10.0,0.3,0.3,0.3,0.8511111111111112,0.3016518651701718,0.7,3.0,7.0,7.0,83.0,7.72939303862616,7.865663943774822,7.933459188844301,0.686171197550073,0.689368886779739,0.6945084243051052,2.4414870949420107,2.4502007195827953,2.454535777879509,1000,100,2.5,10,7.059458930728428,jitter
mf_ard,73,0.6463383979862556,True,449,12.0,0.5833333333333334,0.7,0.6363636363636365,0.8388888888888888,0.6318524712002973,0.4166666666666667,7.0,5.0,3.0,85.0,6.9864121955128,7.023467799754724,7.600919286861604,0.7163377044248413,0.7226289303865885,0.7073134487238315,2.3946596527191377,2.39700044868107,2.4334779569253526,1000,100,2.5,10,7.059458930728428,jitter
mf_bayes_lasso,73,1.3014313479652628,False,1000,77.0,0.12987012987012986,1.0,0.22988505747126434,0.84,0.38889470856835884,0.8701298701298701,10.0,67.0,0.0,23.0,6.303916516959441,7.326516991679415,7.759898644047548,0.744048392755386,0.7106608996493269,0.7011916734460324,2.3397115254502454,2.4186192216565066,2.4520605788745313,1000,100,2.5,10,7.059458930728428,jitter
