method,seed,runtime_sec,converged,n_iter,support_size,precision,recall,f1,auroc,auprc,fdr,tp,fp,fn,tn,train_mse,val_mse,test_mse,train_r2,val_r2,test_r2,train_nll,val_nll,test_nll,n,p,snr,n_active,sigma2,setting,selected_ckpt_id,noise_x,group_size
mf_spike_slab,77,0.027969543007202446,True,8,10.0,0.0,0.0,0.0,0.7344444444444445,0.196984807688308,1.0,0.0,10.0,10.0,80.0,6.209812603918325,5.674823034197622,6.202186350368226,0.687101826990179,0.6939016432418695,0.6793903053492885,2.332037773084575,2.2894611500169684,2.331430845134578,1000,100,2.5,10,5.683247179979924,jitter,,,
mf_ard,77,1.1589124229503796,True,999,18.0,0.4444444444444444,0.8,0.5714285714285714,0.9266666666666666,0.517472804972805,0.5555555555555556,8.0,10.0,2.0,80.0,5.098823262515455,5.592074935828898,5.287660187859449,0.7430820243537828,0.6983650523707337,0.7266649174213071,2.2377562306803136,2.280047445842504,2.253947038481617,1000,100,2.5,10,5.683247179979924,jitter,,,
mf_bayes_lasso,77,1.1745682299369946,False,1000,78.0,0.1282051282051282,1.0,0.22727272727272727,0.8777777777777778,0.32631578947368417,0.8717948717948718,10.0,68.0,0.0,22.0,4.45958448471023,5.777162801716247,5.401033690557057,0.7752917959604295,0.6883814649949562,0.7208042995636699,2.166777750576245,2.3093494421830862,2.2686494982416905,1000,100,2.5,10,5.683247179979924,jitter,,,
flow_stagewise,77,4076.887142419815,True,,9.0,0.5555555555555556,0.5,0.5263157894736842,0.7277777777777777,0.3277777777777778,0.4444444444444444,5.0,4.0,5.0,86.0,12.580018043518066,12.046195983886719,13.976351737976074,0.3661218332593592,0.3502315911459062,0.2775202978052619,2.821535587310791,2.7800686359405518,2.9043004512786865,1000,100,2.5,10,5.683247179979924,jitter,228.0,0.15,10.0
