method,seed,runtime_sec,converged,n_iter,support_size,precision,recall,f1,auroc,auprc,fdr,tp,fp,fn,tn,train_mse,val_mse,test_mse,train_r2,val_r2,test_r2,train_nll,val_nll,test_nll,n,p,snr,n_active,sigma2,setting
mf_spike_slab,77,0.02937312296126038,True,8,10.0,1.0,1.0,1.0,1.0,1.0,0.0,10.0,0.0,0.0,90.0,6.491766968865769,6.7955087495122415,6.805299932686567,0.7450817236304563,0.7413816467940095,0.7129827515497649,2.3542824998607808,2.377269795075199,2.3780107955975756,1000,100,2.5,10,6.664811134338379,simple
mf_ard,77,0.0204871449386701,True,14,32.0,0.3125,1.0,0.47619047619047616,1.0,1.0,0.6875,10.0,22.0,0.0,68.0,5.688680844852218,7.652567826279534,7.77270156717308,0.7766172564817843,0.7087643380384712,0.6721820582632069,2.292503975482722,2.4433950751588775,2.4526252968788986,1000,100,2.5,10,6.664811134338379,simple
mf_bayes_lasso,77,0.02075458795297891,True,14,45.0,0.2222222222222222,1.0,0.3636363636363636,0.9988888888888889,0.990909090909091,0.7777777777777778,10.0,35.0,0.0,55.0,5.634520223289046,8.158817693278472,8.222704120961136,0.7787440321904939,0.6894978619378533,0.6532029543204894,2.283417689872597,2.505271648092027,2.510886460540402,1000,100,2.5,10,6.664811134338379,simple
