{
  "n": 1000,
  "p": 100,
  "n_active": 10,
  "sigma2": 6.9838666915893555,
  "sigma": 2.642700672149658,
  "active_idx": [
    6,
    9,
    17,
    19,
    27,
    48,
    49,
    54,
    55,
    75
  ],
  "snr": 2.5,
  "setting": "simple",
  "seed": 32
}