environment,method,runtime_s,source
n > p,Deep MLP,993.6046886444092,data2\n1000p100\n1000p100_rat_k16_output\deep_mlp\simple\seed_400\final_summary.json
n > p,Deep MLP,1937.4497060775757,data2\n1000p100\n1000p100_rat_k16_output\deep_mlp\simple\seed_401\final_summary.json
n > p,Deep MLP,897.4396133422852,data2\n1000p100\n1000p100_rat_k16_output\deep_mlp\simple\seed_402\final_summary.json
n > p,Deep MLP,841.1554446220398,data2\n1000p100\n1000p100_rat_k16_output\deep_mlp\simple\seed_403\final_summary.json
n > p,Deep MLP,955.9819531440735,data2\n1000p100\n1000p100_rat_k16_output\deep_mlp\simple\seed_404\final_summary.json
n > p,Deep MLP,850.5209691524506,data2\n1000p100\n1000p100_rat_k16_output\deep_mlp\simple\seed_405\final_summary.json
n > p,Deep MLP,763.424417257309,data2\n1000p100\n1000p100_rat_k16_output\deep_mlp\simple\seed_406\final_summary.json
n > p,Deep MLP,764.7554543018341,data2\n1000p100\n1000p100_rat_k16_output\deep_mlp\simple\seed_407\final_summary.json
n > p,Deep MLP,849.2871191501617,data2\n1000p100\n1000p100_rat_k16_output\deep_mlp\simple\seed_408\final_summary.json
n > p,Deep MLP,837.6179184913635,data2\n1000p100\n1000p100_rat_k16_output\deep_mlp\simple\seed_409\final_summary.json
n > p,Deep MLP,907.0277736186981,data2\n1000p100\n1000p100_rat_k16_output\deep_mlp\simple\seed_410\final_summary.json
n > p,Deep MLP,1373.1028797626495,data2\n1000p100\n1000p100_rat_k16_output\deep_mlp\simple\seed_411\final_summary.json
n > p,Deep MLP,821.556126832962,data2\n1000p100\n1000p100_rat_k16_output\deep_mlp\simple\seed_412\final_summary.json
n > p,Deep MLP,855.556450843811,data2\n1000p100\n1000p100_rat_k16_output\deep_mlp\simple\seed_413\final_summary.json
n > p,Deep MLP,791.8957154750824,data2\n1000p100\n1000p100_rat_k16_output\deep_mlp\simple\seed_414\final_summary.json
n > p,Deep MLP,855.133186340332,data2\n1000p100\n1000p100_rat_k16_output\deep_mlp\simple\seed_415\final_summary.json
n > p,Deep MLP,960.4834270477295,data2\n1000p100\n1000p100_rat_k16_output\deep_mlp\simple\seed_416\final_summary.json
n > p,Deep MLP,978.767707824707,data2\n1000p100\n1000p100_rat_k16_output\deep_mlp\simple\seed_417\final_summary.json
n > p,Deep MLP,853.3461391925812,data2\n1000p100\n1000p100_rat_k16_output\deep_mlp\simple\seed_418\final_summary.json
n > p,Deep MLP,972.9898734092712,data2\n1000p100\n1000p100_rat_k16_output\deep_mlp\simple\seed_419\final_summary.json
n > p,Deep MLP,1494.8861501216888,data2\n1000p100\n1000p100_rat_k16_output\deep_mlp\simple\seed_420\final_summary.json
n > p,Deep MLP,927.9849917888641,data2\n1000p100\n1000p100_rat_k16_output\deep_mlp\simple\seed_421\final_summary.json
n > p,Deep MLP,786.1179473400116,data2\n1000p100\n1000p100_rat_k16_output\deep_mlp\simple\seed_422\final_summary.json
n > p,Deep MLP,1570.189687013626,data2\n1000p100\n1000p100_rat_k16_output\deep_mlp\simple\seed_423\final_summary.json
n > p,Deep MLP,851.4387249946594,data2\n1000p100\n1000p100_rat_k16_output\deep_mlp\simple\seed_424\final_summary.json
n > p,Deep MLP,780.3794827461243,data2\n1000p100\n1000p100_rat_k16_output\deep_mlp\simple\seed_425\final_summary.json
n > p,Deep MLP,893.3262553215027,data2\n1000p100\n1000p100_rat_k16_output\deep_mlp\simple\seed_426\final_summary.json
n > p,Deep MLP,1009.3026304244995,data2\n1000p100\n1000p100_rat_k16_output\deep_mlp\simple\seed_427\final_summary.json
n > p,Deep MLP,1019.9608829021454,data2\n1000p100\n1000p100_rat_k16_output\deep_mlp\simple\seed_428\final_summary.json
n > p,Deep MLP,790.9512596130371,data2\n1000p100\n1000p100_rat_k16_output\deep_mlp\simple\seed_429\final_summary.json
n > p,Deep MLP,1179.102377653122,data2\n1000p100\n1000p100_rat_k16_output\deep_mlp\simple\seed_430\final_summary.json
n > p,Deep MLP,1396.5838694572449,data2\n1000p100\n1000p100_rat_k16_output\deep_mlp\simple\seed_431\final_summary.json
n > p,Deep MLP,1341.1089510917664,data2\n1000p100\n1000p100_rat_k16_output\deep_mlp\simple\seed_432\final_summary.json
n > p,Deep MLP,786.1720125675201,data2\n1000p100\n1000p100_rat_k16_output\deep_mlp\simple\seed_433\final_summary.json
n > p,Deep MLP,968.9160814285278,data2\n1000p100\n1000p100_rat_k16_output\deep_mlp\simple\seed_434\final_summary.json
n > p,Deep MLP,1341.8297662734985,data2\n1000p100\n1000p100_rat_k16_output\deep_mlp\simple\seed_435\final_summary.json
n > p,Deep MLP,998.0737001895905,data2\n1000p100\n1000p100_rat_k16_output\deep_mlp\simple\seed_436\final_summary.json
n > p,Deep MLP,876.3566505908966,data2\n1000p100\n1000p100_rat_k16_output\deep_mlp\simple\seed_437\final_summary.json
n > p,Deep MLP,1019.8319413661957,data2\n1000p100\n1000p100_rat_k16_output\deep_mlp\simple\seed_438\final_summary.json
n > p,Deep MLP,905.450189113617,data2\n1000p100\n1000p100_rat_k16_output\deep_mlp\simple\seed_439\final_summary.json
n > p,Deep MLP,749.7452642917633,data2\n1000p100\n1000p100_rat_k16_output\deep_mlp\simple\seed_440\final_summary.json
n > p,Deep MLP,1082.832192659378,data2\n1000p100\n1000p100_rat_k16_output\deep_mlp\simple\seed_441\final_summary.json
n > p,Deep MLP,907.1885600090027,data2\n1000p100\n1000p100_rat_k16_output\deep_mlp\simple\seed_442\final_summary.json
n > p,Deep MLP,890.9354612827301,data2\n1000p100\n1000p100_rat_k16_output\deep_mlp\simple\seed_443\final_summary.json
n > p,Deep MLP,897.4205915927887,data2\n1000p100\n1000p100_rat_k16_output\deep_mlp\simple\seed_444\final_summary.json
n > p,Deep MLP,838.6312773227692,data2\n1000p100\n1000p100_rat_k16_output\deep_mlp\simple\seed_445\final_summary.json
n > p,Deep MLP,852.3446516990662,data2\n1000p100\n1000p100_rat_k16_output\deep_mlp\simple\seed_446\final_summary.json
n > p,Deep MLP,1498.1097915172577,data2\n1000p100\n1000p100_rat_k16_output\deep_mlp\simple\seed_447\final_summary.json
n > p,Deep MLP,1076.5292887687683,data2\n1000p100\n1000p100_rat_k16_output\deep_mlp\simple\seed_448\final_summary.json
n > p,Deep MLP,1124.3202126026154,data2\n1000p100\n1000p100_rat_k16_output\deep_mlp\simple\seed_449\final_summary.json
n > p,Deep MLP,1386.3751921653748,data2\n1000p100\n1000p100_rat_k16_output\deep_mlp\simple\seed_450\final_summary.json
n > p,Deep MLP,806.6158866882324,data2\n1000p100\n1000p100_rat_k16_output\deep_mlp\simple\seed_451\final_summary.json
n > p,Deep MLP,1013.3468415737152,data2\n1000p100\n1000p100_rat_k16_output\deep_mlp\simple\seed_452\final_summary.json
n > p,Deep MLP,988.0209894180298,data2\n1000p100\n1000p100_rat_k16_output\deep_mlp\simple\seed_453\final_summary.json
n > p,Deep MLP,4544.6076674461365,data2\n1000p100\n1000p100_rat_k16_output\deep_mlp\simple\seed_454\final_summary.json
n > p,Deep MLP,1056.9352979660034,data2\n1000p100\n1000p100_rat_k16_output\deep_mlp\simple\seed_455\final_summary.json
n > p,Deep MLP,871.9857540130615,data2\n1000p100\n1000p100_rat_k16_output\deep_mlp\simple\seed_456\final_summary.json
n > p,Deep MLP,983.2943964004517,data2\n1000p100\n1000p100_rat_k16_output\deep_mlp\simple\seed_457\final_summary.json
n > p,Deep MLP,896.7827215194702,data2\n1000p100\n1000p100_rat_k16_output\deep_mlp\simple\seed_458\final_summary.json
n > p,Deep MLP,929.2052652835846,data2\n1000p100\n1000p100_rat_k16_output\deep_mlp\simple\seed_459\final_summary.json
n > p,Deep MLP,843.2086582183838,data2\n1000p100\n1000p100_rat_k16_output\deep_mlp\simple\seed_460\final_summary.json
n > p,Deep MLP,836.1528987884521,data2\n1000p100\n1000p100_rat_k16_output\deep_mlp\simple\seed_461\final_summary.json
n > p,Deep MLP,914.2271568775177,data2\n1000p100\n1000p100_rat_k16_output\deep_mlp\simple\seed_462\final_summary.json
n > p,Deep MLP,848.2737092971802,data2\n1000p100\n1000p100_rat_k16_output\deep_mlp\simple\seed_463\final_summary.json
n > p,Deep MLP,758.8978860378265,data2\n1000p100\n1000p100_rat_k16_output\deep_mlp\simple\seed_464\final_summary.json
n > p,Deep MLP,1040.7939867973328,data2\n1000p100\n1000p100_rat_k16_output\deep_mlp\simple\seed_465\final_summary.json
n > p,Deep MLP,896.5173573493958,data2\n1000p100\n1000p100_rat_k16_output\deep_mlp\simple\seed_466\final_summary.json
n > p,Deep MLP,975.803288936615,data2\n1000p100\n1000p100_rat_k16_output\deep_mlp\simple\seed_467\final_summary.json
n > p,Deep MLP,895.9850969314575,data2\n1000p100\n1000p100_rat_k16_output\deep_mlp\simple\seed_468\final_summary.json
n > p,Deep MLP,970.8063707351685,data2\n1000p100\n1000p100_rat_k16_output\deep_mlp\simple\seed_469\final_summary.json
n > p,Deep MLP,4864.964519739151,data2\n1000p100\n1000p100_rat_k16_output\deep_mlp\simple\seed_470\final_summary.json
n > p,Deep MLP,973.4645164012909,data2\n1000p100\n1000p100_rat_k16_output\deep_mlp\simple\seed_471\final_summary.json
n > p,Deep MLP,995.0504622459412,data2\n1000p100\n1000p100_rat_k16_output\deep_mlp\simple\seed_472\final_summary.json
n > p,Deep MLP,843.2286355495453,data2\n1000p100\n1000p100_rat_k16_output\deep_mlp\simple\seed_473\final_summary.json
n > p,Deep MLP,772.3060402870178,data2\n1000p100\n1000p100_rat_k16_output\deep_mlp\simple\seed_474\final_summary.json
n > p,Deep MLP,857.8174393177032,data2\n1000p100\n1000p100_rat_k16_output\deep_mlp\simple\seed_475\final_summary.json
n > p,Deep MLP,929.9204020500183,data2\n1000p100\n1000p100_rat_k16_output\deep_mlp\simple\seed_476\final_summary.json
n > p,Deep MLP,1308.526997089386,data2\n1000p100\n1000p100_rat_k16_output\deep_mlp\simple\seed_477\final_summary.json
n > p,Deep MLP,1921.383540391922,data2\n1000p100\n1000p100_rat_k16_output\deep_mlp\simple\seed_478\final_summary.json
n > p,Deep MLP,931.8501472473145,data2\n1000p100\n1000p100_rat_k16_output\deep_mlp\simple\seed_479\final_summary.json
n > p,Deep MLP,923.7365219593048,data2\n1000p100\n1000p100_rat_k16_output\deep_mlp\simple\seed_480\final_summary.json
n > p,Deep MLP,927.650369644165,data2\n1000p100\n1000p100_rat_k16_output\deep_mlp\simple\seed_481\final_summary.json
n > p,Deep MLP,711.9902467727661,data2\n1000p100\n1000p100_rat_k16_output\deep_mlp\simple\seed_482\final_summary.json
n > p,Deep MLP,922.9678070545197,data2\n1000p100\n1000p100_rat_k16_output\deep_mlp\simple\seed_483\final_summary.json
n > p,Deep MLP,784.5243792533875,data2\n1000p100\n1000p100_rat_k16_output\deep_mlp\simple\seed_484\final_summary.json
n > p,Deep MLP,786.0926957130432,data2\n1000p100\n1000p100_rat_k16_output\deep_mlp\simple\seed_485\final_summary.json
n > p,Deep MLP,1198.2153010368347,data2\n1000p100\n1000p100_rat_k16_output\deep_mlp\simple\seed_486\final_summary.json
n > p,Deep MLP,910.2378494739532,data2\n1000p100\n1000p100_rat_k16_output\deep_mlp\simple\seed_487\final_summary.json
n > p,Deep MLP,867.1815524101257,data2\n1000p100\n1000p100_rat_k16_output\deep_mlp\simple\seed_488\final_summary.json
n > p,Deep MLP,844.6464581489563,data2\n1000p100\n1000p100_rat_k16_output\deep_mlp\simple\seed_489\final_summary.json
n > p,Deep MLP,776.5428259372711,data2\n1000p100\n1000p100_rat_k16_output\deep_mlp\simple\seed_490\final_summary.json
n > p,Deep MLP,951.211371421814,data2\n1000p100\n1000p100_rat_k16_output\deep_mlp\simple\seed_491\final_summary.json
n > p,Deep MLP,867.9116187095642,data2\n1000p100\n1000p100_rat_k16_output\deep_mlp\simple\seed_492\final_summary.json
n > p,Deep MLP,1149.1652579307556,data2\n1000p100\n1000p100_rat_k16_output\deep_mlp\simple\seed_493\final_summary.json
n > p,Deep MLP,955.2238335609436,data2\n1000p100\n1000p100_rat_k16_output\deep_mlp\simple\seed_494\final_summary.json
n > p,Deep MLP,894.8972399234772,data2\n1000p100\n1000p100_rat_k16_output\deep_mlp\simple\seed_495\final_summary.json
n > p,Deep MLP,759.3827776908875,data2\n1000p100\n1000p100_rat_k16_output\deep_mlp\simple\seed_496\final_summary.json
n > p,Deep MLP,904.7517199516296,data2\n1000p100\n1000p100_rat_k16_output\deep_mlp\simple\seed_497\final_summary.json
n > p,Deep MLP,10210.672904253006,data2\n1000p100\n1000p100_rat_k16_output\deep_mlp\simple\seed_498\final_summary.json
n > p,Deep MLP,931.360836982727,data2\n1000p100\n1000p100_rat_k16_output\deep_mlp\simple\seed_499\final_summary.json
n > p,Mean-field,16.850357055664062,data2\n1000p100\n1000p100_rat_k16_output\meanfield\simple\seed_400\final_summary.json
n > p,Mean-field,17.637343168258667,data2\n1000p100\n1000p100_rat_k16_output\meanfield\simple\seed_401\final_summary.json
n > p,Mean-field,21.41570234298706,data2\n1000p100\n1000p100_rat_k16_output\meanfield\simple\seed_402\final_summary.json
n > p,Mean-field,27.617430686950684,data2\n1000p100\n1000p100_rat_k16_output\meanfield\simple\seed_403\final_summary.json
n > p,Mean-field,40.98664689064026,data2\n1000p100\n1000p100_rat_k16_output\meanfield\simple\seed_404\final_summary.json
n > p,Mean-field,18.489989519119263,data2\n1000p100\n1000p100_rat_k16_output\meanfield\simple\seed_405\final_summary.json
n > p,Mean-field,27.169585704803467,data2\n1000p100\n1000p100_rat_k16_output\meanfield\simple\seed_406\final_summary.json
n > p,Mean-field,36.521621227264404,data2\n1000p100\n1000p100_rat_k16_output\meanfield\simple\seed_407\final_summary.json
n > p,Mean-field,20.98793053627014,data2\n1000p100\n1000p100_rat_k16_output\meanfield\simple\seed_408\final_summary.json
n > p,Mean-field,20.97678542137146,data2\n1000p100\n1000p100_rat_k16_output\meanfield\simple\seed_409\final_summary.json
n > p,Mean-field,18.824326753616333,data2\n1000p100\n1000p100_rat_k16_output\meanfield\simple\seed_410\final_summary.json
n > p,Mean-field,31.602794408798218,data2\n1000p100\n1000p100_rat_k16_output\meanfield\simple\seed_411\final_summary.json
n > p,Mean-field,21.042832136154175,data2\n1000p100\n1000p100_rat_k16_output\meanfield\simple\seed_412\final_summary.json
n > p,Mean-field,23.808560371398926,data2\n1000p100\n1000p100_rat_k16_output\meanfield\simple\seed_413\final_summary.json
n > p,Mean-field,24.614194869995117,data2\n1000p100\n1000p100_rat_k16_output\meanfield\simple\seed_414\final_summary.json
n > p,Mean-field,201.09592604637146,data2\n1000p100\n1000p100_rat_k16_output\meanfield\simple\seed_415\final_summary.json
n > p,Mean-field,1270.9745240211487,data2\n1000p100\n1000p100_rat_k16_output\meanfield\simple\seed_416\final_summary.json
n > p,Mean-field,33.67633819580078,data2\n1000p100\n1000p100_rat_k16_output\meanfield\simple\seed_417\final_summary.json
n > p,Mean-field,32.30575752258301,data2\n1000p100\n1000p100_rat_k16_output\meanfield\simple\seed_418\final_summary.json
n > p,Mean-field,37.877941370010376,data2\n1000p100\n1000p100_rat_k16_output\meanfield\simple\seed_419\final_summary.json
n > p,Mean-field,19.256646871566772,data2\n1000p100\n1000p100_rat_k16_output\meanfield\simple\seed_420\final_summary.json
n > p,Mean-field,20.802979707717896,data2\n1000p100\n1000p100_rat_k16_output\meanfield\simple\seed_421\final_summary.json
n > p,Mean-field,25.332433223724365,data2\n1000p100\n1000p100_rat_k16_output\meanfield\simple\seed_422\final_summary.json
n > p,Mean-field,21.875800132751465,data2\n1000p100\n1000p100_rat_k16_output\meanfield\simple\seed_423\final_summary.json
n > p,Mean-field,1302.9312634468079,data2\n1000p100\n1000p100_rat_k16_output\meanfield\simple\seed_424\final_summary.json
n > p,Mean-field,40.990920305252075,data2\n1000p100\n1000p100_rat_k16_output\meanfield\simple\seed_425\final_summary.json
n > p,Mean-field,23.69234323501587,data2\n1000p100\n1000p100_rat_k16_output\meanfield\simple\seed_426\final_summary.json
n > p,Mean-field,21.830130100250244,data2\n1000p100\n1000p100_rat_k16_output\meanfield\simple\seed_427\final_summary.json
n > p,Mean-field,18.140266180038452,data2\n1000p100\n1000p100_rat_k16_output\meanfield\simple\seed_428\final_summary.json
n > p,Mean-field,18.126023054122925,data2\n1000p100\n1000p100_rat_k16_output\meanfield\simple\seed_429\final_summary.json
n > p,Mean-field,25.85207200050354,data2\n1000p100\n1000p100_rat_k16_output\meanfield\simple\seed_430\final_summary.json
n > p,Mean-field,24.247363805770874,data2\n1000p100\n1000p100_rat_k16_output\meanfield\simple\seed_431\final_summary.json
n > p,Mean-field,19.7996666431427,data2\n1000p100\n1000p100_rat_k16_output\meanfield\simple\seed_432\final_summary.json
n > p,Mean-field,19.522449731826782,data2\n1000p100\n1000p100_rat_k16_output\meanfield\simple\seed_433\final_summary.json
n > p,Mean-field,64.02533030509949,data2\n1000p100\n1000p100_rat_k16_output\meanfield\simple\seed_434\final_summary.json
n > p,Mean-field,22.4373517036438,data2\n1000p100\n1000p100_rat_k16_output\meanfield\simple\seed_435\final_summary.json
n > p,Mean-field,22.98466444015503,data2\n1000p100\n1000p100_rat_k16_output\meanfield\simple\seed_436\final_summary.json
n > p,Mean-field,32.796990633010864,data2\n1000p100\n1000p100_rat_k16_output\meanfield\simple\seed_437\final_summary.json
n > p,Mean-field,17.24996519088745,data2\n1000p100\n1000p100_rat_k16_output\meanfield\simple\seed_438\final_summary.json
n > p,Mean-field,33.68301773071289,data2\n1000p100\n1000p100_rat_k16_output\meanfield\simple\seed_439\final_summary.json
n > p,Mean-field,26.189181089401245,data2\n1000p100\n1000p100_rat_k16_output\meanfield\simple\seed_440\final_summary.json
n > p,Mean-field,19.890875101089478,data2\n1000p100\n1000p100_rat_k16_output\meanfield\simple\seed_441\final_summary.json
n > p,Mean-field,19.24408984184265,data2\n1000p100\n1000p100_rat_k16_output\meanfield\simple\seed_442\final_summary.json
n > p,Mean-field,19.6818208694458,data2\n1000p100\n1000p100_rat_k16_output\meanfield\simple\seed_443\final_summary.json
n > p,Mean-field,22.18244481086731,data2\n1000p100\n1000p100_rat_k16_output\meanfield\simple\seed_444\final_summary.json
n > p,Mean-field,41.96347618103027,data2\n1000p100\n1000p100_rat_k16_output\meanfield\simple\seed_445\final_summary.json
n > p,Mean-field,17.409802675247192,data2\n1000p100\n1000p100_rat_k16_output\meanfield\simple\seed_446\final_summary.json
n > p,Mean-field,18.50658369064331,data2\n1000p100\n1000p100_rat_k16_output\meanfield\simple\seed_447\final_summary.json
n > p,Mean-field,39.723891258239746,data2\n1000p100\n1000p100_rat_k16_output\meanfield\simple\seed_448\final_summary.json
n > p,Mean-field,47.97922611236572,data2\n1000p100\n1000p100_rat_k16_output\meanfield\simple\seed_449\final_summary.json
n > p,Mean-field,17.917045831680298,data2\n1000p100\n1000p100_rat_k16_output\meanfield\simple\seed_450\final_summary.json
n > p,Mean-field,16.332542419433594,data2\n1000p100\n1000p100_rat_k16_output\meanfield\simple\seed_451\final_summary.json
n > p,Mean-field,83.20591831207275,data2\n1000p100\n1000p100_rat_k16_output\meanfield\simple\seed_452\final_summary.json
n > p,Mean-field,49.474217653274536,data2\n1000p100\n1000p100_rat_k16_output\meanfield\simple\seed_453\final_summary.json
n > p,Mean-field,21.09499955177307,data2\n1000p100\n1000p100_rat_k16_output\meanfield\simple\seed_454\final_summary.json
n > p,Mean-field,23.989337682724,data2\n1000p100\n1000p100_rat_k16_output\meanfield\simple\seed_455\final_summary.json
n > p,Mean-field,20.042790412902832,data2\n1000p100\n1000p100_rat_k16_output\meanfield\simple\seed_456\final_summary.json
n > p,Mean-field,25.38135027885437,data2\n1000p100\n1000p100_rat_k16_output\meanfield\simple\seed_457\final_summary.json
n > p,Mean-field,22.12526535987854,data2\n1000p100\n1000p100_rat_k16_output\meanfield\simple\seed_458\final_summary.json
n > p,Mean-field,19.257259845733643,data2\n1000p100\n1000p100_rat_k16_output\meanfield\simple\seed_459\final_summary.json
n > p,Mean-field,1159.5059850215912,data2\n1000p100\n1000p100_rat_k16_output\meanfield\simple\seed_460\final_summary.json
n > p,Mean-field,43.95265340805054,data2\n1000p100\n1000p100_rat_k16_output\meanfield\simple\seed_461\final_summary.json
n > p,Mean-field,19.057315826416016,data2\n1000p100\n1000p100_rat_k16_output\meanfield\simple\seed_462\final_summary.json
n > p,Mean-field,29.515678882598877,data2\n1000p100\n1000p100_rat_k16_output\meanfield\simple\seed_463\final_summary.json
n > p,Mean-field,23.184054613113403,data2\n1000p100\n1000p100_rat_k16_output\meanfield\simple\seed_464\final_summary.json
n > p,Mean-field,23.518291234970093,data2\n1000p100\n1000p100_rat_k16_output\meanfield\simple\seed_465\final_summary.json
n > p,Mean-field,22.61415147781372,data2\n1000p100\n1000p100_rat_k16_output\meanfield\simple\seed_466\final_summary.json
n > p,Mean-field,43.52803087234497,data2\n1000p100\n1000p100_rat_k16_output\meanfield\simple\seed_467\final_summary.json
n > p,Mean-field,19.073766708374023,data2\n1000p100\n1000p100_rat_k16_output\meanfield\simple\seed_468\final_summary.json
n > p,Mean-field,17.706726789474487,data2\n1000p100\n1000p100_rat_k16_output\meanfield\simple\seed_469\final_summary.json
n > p,Mean-field,77.05925965309143,data2\n1000p100\n1000p100_rat_k16_output\meanfield\simple\seed_470\final_summary.json
n > p,Mean-field,15.69356918334961,data2\n1000p100\n1000p100_rat_k16_output\meanfield\simple\seed_471\final_summary.json
n > p,Mean-field,18.167521238327026,data2\n1000p100\n1000p100_rat_k16_output\meanfield\simple\seed_472\final_summary.json
n > p,Mean-field,22.679264545440674,data2\n1000p100\n1000p100_rat_k16_output\meanfield\simple\seed_473\final_summary.json
n > p,Mean-field,22.24676775932312,data2\n1000p100\n1000p100_rat_k16_output\meanfield\simple\seed_474\final_summary.json
n > p,Mean-field,37.38273286819458,data2\n1000p100\n1000p100_rat_k16_output\meanfield\simple\seed_475\final_summary.json
n > p,Mean-field,17.494096755981445,data2\n1000p100\n1000p100_rat_k16_output\meanfield\simple\seed_476\final_summary.json
n > p,Mean-field,19.58018732070923,data2\n1000p100\n1000p100_rat_k16_output\meanfield\simple\seed_477\final_summary.json
n > p,Mean-field,49.06110668182373,data2\n1000p100\n1000p100_rat_k16_output\meanfield\simple\seed_478\final_summary.json
n > p,Mean-field,18.471896409988403,data2\n1000p100\n1000p100_rat_k16_output\meanfield\simple\seed_479\final_summary.json
n > p,Mean-field,20.982172966003418,data2\n1000p100\n1000p100_rat_k16_output\meanfield\simple\seed_480\final_summary.json
n > p,Mean-field,20.23885679244995,data2\n1000p100\n1000p100_rat_k16_output\meanfield\simple\seed_481\final_summary.json
n > p,Mean-field,23.4044988155365,data2\n1000p100\n1000p100_rat_k16_output\meanfield\simple\seed_482\final_summary.json
n > p,Mean-field,25.282905101776123,data2\n1000p100\n1000p100_rat_k16_output\meanfield\simple\seed_483\final_summary.json
n > p,Mean-field,15.828577995300293,data2\n1000p100\n1000p100_rat_k16_output\meanfield\simple\seed_484\final_summary.json
n > p,Mean-field,53.69256019592285,data2\n1000p100\n1000p100_rat_k16_output\meanfield\simple\seed_485\final_summary.json
n > p,Mean-field,23.506048440933228,data2\n1000p100\n1000p100_rat_k16_output\meanfield\simple\seed_486\final_summary.json
n > p,Mean-field,18.35163927078247,data2\n1000p100\n1000p100_rat_k16_output\meanfield\simple\seed_487\final_summary.json
n > p,Mean-field,38.579509973526,data2\n1000p100\n1000p100_rat_k16_output\meanfield\simple\seed_488\final_summary.json
n > p,Mean-field,19.834916353225708,data2\n1000p100\n1000p100_rat_k16_output\meanfield\simple\seed_489\final_summary.json
n > p,Mean-field,44.25546312332153,data2\n1000p100\n1000p100_rat_k16_output\meanfield\simple\seed_490\final_summary.json
n > p,Mean-field,59.7703275680542,data2\n1000p100\n1000p100_rat_k16_output\meanfield\simple\seed_491\final_summary.json
n > p,Mean-field,17.040943384170532,data2\n1000p100\n1000p100_rat_k16_output\meanfield\simple\seed_492\final_summary.json
n > p,Mean-field,19.476073265075684,data2\n1000p100\n1000p100_rat_k16_output\meanfield\simple\seed_493\final_summary.json
n > p,Mean-field,30.489068746566772,data2\n1000p100\n1000p100_rat_k16_output\meanfield\simple\seed_494\final_summary.json
n > p,Mean-field,148.6993329524994,data2\n1000p100\n1000p100_rat_k16_output\meanfield\simple\seed_495\final_summary.json
n > p,Mean-field,18.994366884231567,data2\n1000p100\n1000p100_rat_k16_output\meanfield\simple\seed_496\final_summary.json
n > p,Mean-field,20.06135606765747,data2\n1000p100\n1000p100_rat_k16_output\meanfield\simple\seed_497\final_summary.json
n > p,Mean-field,48.24170780181885,data2\n1000p100\n1000p100_rat_k16_output\meanfield\simple\seed_498\final_summary.json
n > p,Mean-field,27.97131848335266,data2\n1000p100\n1000p100_rat_k16_output\meanfield\simple\seed_499\final_summary.json
n > p,RAT-Flow,336.0091724395752,data2\n1000p100\n1000p100_rat_k16_output\rat_k16\simple\seed_400\final_summary.json
n > p,RAT-Flow,317.7030291557312,data2\n1000p100\n1000p100_rat_k16_output\rat_k16\simple\seed_401\final_summary.json
n > p,RAT-Flow,314.6573586463928,data2\n1000p100\n1000p100_rat_k16_output\rat_k16\simple\seed_402\final_summary.json
n > p,RAT-Flow,277.3630404472351,data2\n1000p100\n1000p100_rat_k16_output\rat_k16\simple\seed_403\final_summary.json
n > p,RAT-Flow,279.828049659729,data2\n1000p100\n1000p100_rat_k16_output\rat_k16\simple\seed_404\final_summary.json
n > p,RAT-Flow,360.7978801727295,data2\n1000p100\n1000p100_rat_k16_output\rat_k16\simple\seed_405\final_summary.json
n > p,RAT-Flow,302.2269642353058,data2\n1000p100\n1000p100_rat_k16_output\rat_k16\simple\seed_406\final_summary.json
n > p,RAT-Flow,319.92442417144775,data2\n1000p100\n1000p100_rat_k16_output\rat_k16\simple\seed_407\final_summary.json
n > p,RAT-Flow,335.92753982543945,data2\n1000p100\n1000p100_rat_k16_output\rat_k16\simple\seed_408\final_summary.json
n > p,RAT-Flow,309.63820123672485,data2\n1000p100\n1000p100_rat_k16_output\rat_k16\simple\seed_409\final_summary.json
n > p,RAT-Flow,302.3288381099701,data2\n1000p100\n1000p100_rat_k16_output\rat_k16\simple\seed_410\final_summary.json
n > p,RAT-Flow,323.09292697906494,data2\n1000p100\n1000p100_rat_k16_output\rat_k16\simple\seed_411\final_summary.json
n > p,RAT-Flow,318.7260913848877,data2\n1000p100\n1000p100_rat_k16_output\rat_k16\simple\seed_412\final_summary.json
n > p,RAT-Flow,318.73040866851807,data2\n1000p100\n1000p100_rat_k16_output\rat_k16\simple\seed_413\final_summary.json
n > p,RAT-Flow,331.51038098335266,data2\n1000p100\n1000p100_rat_k16_output\rat_k16\simple\seed_414\final_summary.json
n > p,RAT-Flow,269.42260932922363,data2\n1000p100\n1000p100_rat_k16_output\rat_k16\simple\seed_415\final_summary.json
n > p,RAT-Flow,340.70797848701477,data2\n1000p100\n1000p100_rat_k16_output\rat_k16\simple\seed_416\final_summary.json
n > p,RAT-Flow,454.81340980529785,data2\n1000p100\n1000p100_rat_k16_output\rat_k16\simple\seed_417\final_summary.json
n > p,RAT-Flow,369.93097615242004,data2\n1000p100\n1000p100_rat_k16_output\rat_k16\simple\seed_418\final_summary.json
n > p,RAT-Flow,562.2618696689606,data2\n1000p100\n1000p100_rat_k16_output\rat_k16\simple\seed_419\final_summary.json
n > p,RAT-Flow,394.17109632492065,data2\n1000p100\n1000p100_rat_k16_output\rat_k16\simple\seed_420\final_summary.json
n > p,RAT-Flow,454.94578647613525,data2\n1000p100\n1000p100_rat_k16_output\rat_k16\simple\seed_421\final_summary.json
n > p,RAT-Flow,410.70676350593567,data2\n1000p100\n1000p100_rat_k16_output\rat_k16\simple\seed_422\final_summary.json
n > p,RAT-Flow,290.9295172691345,data2\n1000p100\n1000p100_rat_k16_output\rat_k16\simple\seed_423\final_summary.json
n > p,RAT-Flow,304.52559304237366,data2\n1000p100\n1000p100_rat_k16_output\rat_k16\simple\seed_425\final_summary.json
n > p,RAT-Flow,366.17324352264404,data2\n1000p100\n1000p100_rat_k16_output\rat_k16\simple\seed_426\final_summary.json
n > p,RAT-Flow,322.28401470184326,data2\n1000p100\n1000p100_rat_k16_output\rat_k16\simple\seed_427\final_summary.json
n > p,RAT-Flow,316.18497252464294,data2\n1000p100\n1000p100_rat_k16_output\rat_k16\simple\seed_428\final_summary.json
n > p,RAT-Flow,303.04317712783813,data2\n1000p100\n1000p100_rat_k16_output\rat_k16\simple\seed_429\final_summary.json
n > p,RAT-Flow,421.7079975605011,data2\n1000p100\n1000p100_rat_k16_output\rat_k16\simple\seed_430\final_summary.json
n > p,RAT-Flow,417.76502537727356,data2\n1000p100\n1000p100_rat_k16_output\rat_k16\simple\seed_431\final_summary.json
n > p,RAT-Flow,273.3098392486572,data2\n1000p100\n1000p100_rat_k16_output\rat_k16\simple\seed_432\final_summary.json
n > p,RAT-Flow,329.2385115623474,data2\n1000p100\n1000p100_rat_k16_output\rat_k16\simple\seed_433\final_summary.json
n > p,RAT-Flow,474.35548663139343,data2\n1000p100\n1000p100_rat_k16_output\rat_k16\simple\seed_434\final_summary.json
n > p,RAT-Flow,392.6238706111908,data2\n1000p100\n1000p100_rat_k16_output\rat_k16\simple\seed_435\final_summary.json
n > p,RAT-Flow,357.2083988189697,data2\n1000p100\n1000p100_rat_k16_output\rat_k16\simple\seed_436\final_summary.json
n > p,RAT-Flow,303.10187911987305,data2\n1000p100\n1000p100_rat_k16_output\rat_k16\simple\seed_437\final_summary.json
n > p,RAT-Flow,301.6362991333008,data2\n1000p100\n1000p100_rat_k16_output\rat_k16\simple\seed_438\final_summary.json
n > p,RAT-Flow,350.76803183555603,data2\n1000p100\n1000p100_rat_k16_output\rat_k16\simple\seed_439\final_summary.json
n > p,RAT-Flow,330.4899697303772,data2\n1000p100\n1000p100_rat_k16_output\rat_k16\simple\seed_440\final_summary.json
n > p,RAT-Flow,314.8814296722412,data2\n1000p100\n1000p100_rat_k16_output\rat_k16\simple\seed_441\final_summary.json
n > p,RAT-Flow,384.0748324394226,data2\n1000p100\n1000p100_rat_k16_output\rat_k16\simple\seed_442\final_summary.json
n > p,RAT-Flow,275.7576553821564,data2\n1000p100\n1000p100_rat_k16_output\rat_k16\simple\seed_443\final_summary.json
n > p,RAT-Flow,332.64052534103394,data2\n1000p100\n1000p100_rat_k16_output\rat_k16\simple\seed_444\final_summary.json
n > p,RAT-Flow,300.7201910018921,data2\n1000p100\n1000p100_rat_k16_output\rat_k16\simple\seed_445\final_summary.json
n > p,RAT-Flow,318.94340085983276,data2\n1000p100\n1000p100_rat_k16_output\rat_k16\simple\seed_446\final_summary.json
n > p,RAT-Flow,277.790917634964,data2\n1000p100\n1000p100_rat_k16_output\rat_k16\simple\seed_447\final_summary.json
n > p,RAT-Flow,319.0567855834961,data2\n1000p100\n1000p100_rat_k16_output\rat_k16\simple\seed_448\final_summary.json
n > p,RAT-Flow,278.47448897361755,data2\n1000p100\n1000p100_rat_k16_output\rat_k16\simple\seed_449\final_summary.json
n > p,RAT-Flow,375.3105194568634,data2\n1000p100\n1000p100_rat_k16_output\rat_k16\simple\seed_450\final_summary.json
n > p,RAT-Flow,337.43991804122925,data2\n1000p100\n1000p100_rat_k16_output\rat_k16\simple\seed_451\final_summary.json
n > p,RAT-Flow,310.8404049873352,data2\n1000p100\n1000p100_rat_k16_output\rat_k16\simple\seed_452\final_summary.json
n > p,RAT-Flow,236.5364270210266,data2\n1000p100\n1000p100_rat_k16_output\rat_k16\simple\seed_453\final_summary.json
n > p,RAT-Flow,268.7697615623474,data2\n1000p100\n1000p100_rat_k16_output\rat_k16\simple\seed_454\final_summary.json
n > p,RAT-Flow,307.92554450035095,data2\n1000p100\n1000p100_rat_k16_output\rat_k16\simple\seed_455\final_summary.json
n > p,RAT-Flow,280.60002636909485,data2\n1000p100\n1000p100_rat_k16_output\rat_k16\simple\seed_456\final_summary.json
n > p,RAT-Flow,1453.8749480247498,data2\n1000p100\n1000p100_rat_k16_output\rat_k16\simple\seed_457\final_summary.json
n > p,RAT-Flow,417.98116397857666,data2\n1000p100\n1000p100_rat_k16_output\rat_k16\simple\seed_458\final_summary.json
n > p,RAT-Flow,333.3172221183777,data2\n1000p100\n1000p100_rat_k16_output\rat_k16\simple\seed_459\final_summary.json
n > p,RAT-Flow,513.3282861709595,data2\n1000p100\n1000p100_rat_k16_output\rat_k16\simple\seed_460\final_summary.json
n > p,RAT-Flow,669.0733807086945,data2\n1000p100\n1000p100_rat_k16_output\rat_k16\simple\seed_461\final_summary.json
n > p,RAT-Flow,296.98018193244934,data2\n1000p100\n1000p100_rat_k16_output\rat_k16\simple\seed_462\final_summary.json
n > p,RAT-Flow,416.20085883140564,data2\n1000p100\n1000p100_rat_k16_output\rat_k16\simple\seed_463\final_summary.json
n > p,RAT-Flow,311.0348949432373,data2\n1000p100\n1000p100_rat_k16_output\rat_k16\simple\seed_464\final_summary.json
n > p,RAT-Flow,274.65259981155396,data2\n1000p100\n1000p100_rat_k16_output\rat_k16\simple\seed_465\final_summary.json
n > p,RAT-Flow,319.6135082244873,data2\n1000p100\n1000p100_rat_k16_output\rat_k16\simple\seed_466\final_summary.json
n > p,RAT-Flow,359.57814359664917,data2\n1000p100\n1000p100_rat_k16_output\rat_k16\simple\seed_467\final_summary.json
n > p,RAT-Flow,299.97298407554626,data2\n1000p100\n1000p100_rat_k16_output\rat_k16\simple\seed_468\final_summary.json
n > p,RAT-Flow,291.4821333885193,data2\n1000p100\n1000p100_rat_k16_output\rat_k16\simple\seed_469\final_summary.json
n > p,RAT-Flow,263.5130181312561,data2\n1000p100\n1000p100_rat_k16_output\rat_k16\simple\seed_470\final_summary.json
n > p,RAT-Flow,315.8114356994629,data2\n1000p100\n1000p100_rat_k16_output\rat_k16\simple\seed_471\final_summary.json
n > p,RAT-Flow,331.10355019569397,data2\n1000p100\n1000p100_rat_k16_output\rat_k16\simple\seed_472\final_summary.json
n > p,RAT-Flow,314.25162863731384,data2\n1000p100\n1000p100_rat_k16_output\rat_k16\simple\seed_473\final_summary.json
n > p,RAT-Flow,295.0828297138214,data2\n1000p100\n1000p100_rat_k16_output\rat_k16\simple\seed_474\final_summary.json
n > p,RAT-Flow,300.4404835700989,data2\n1000p100\n1000p100_rat_k16_output\rat_k16\simple\seed_475\final_summary.json
n > p,RAT-Flow,314.89308404922485,data2\n1000p100\n1000p100_rat_k16_output\rat_k16\simple\seed_476\final_summary.json
n > p,RAT-Flow,320.7973039150238,data2\n1000p100\n1000p100_rat_k16_output\rat_k16\simple\seed_477\final_summary.json
n > p,RAT-Flow,334.9668228626251,data2\n1000p100\n1000p100_rat_k16_output\rat_k16\simple\seed_478\final_summary.json
n > p,RAT-Flow,268.27359914779663,data2\n1000p100\n1000p100_rat_k16_output\rat_k16\simple\seed_479\final_summary.json
n > p,RAT-Flow,270.09408688545227,data2\n1000p100\n1000p100_rat_k16_output\rat_k16\simple\seed_480\final_summary.json
n > p,RAT-Flow,898.0737264156342,data2\n1000p100\n1000p100_rat_k16_output\rat_k16\simple\seed_481\final_summary.json
n > p,RAT-Flow,342.6465389728546,data2\n1000p100\n1000p100_rat_k16_output\rat_k16\simple\seed_482\final_summary.json
n > p,RAT-Flow,335.0376853942871,data2\n1000p100\n1000p100_rat_k16_output\rat_k16\simple\seed_483\final_summary.json
n > p,RAT-Flow,297.03853726387024,data2\n1000p100\n1000p100_rat_k16_output\rat_k16\simple\seed_484\final_summary.json
n > p,RAT-Flow,1912.1216559410095,data2\n1000p100\n1000p100_rat_k16_output\rat_k16\simple\seed_485\final_summary.json
n > p,RAT-Flow,417.5725257396698,data2\n1000p100\n1000p100_rat_k16_output\rat_k16\simple\seed_486\final_summary.json
n > p,RAT-Flow,335.85560512542725,data2\n1000p100\n1000p100_rat_k16_output\rat_k16\simple\seed_487\final_summary.json
n > p,RAT-Flow,316.65845346450806,data2\n1000p100\n1000p100_rat_k16_output\rat_k16\simple\seed_488\final_summary.json
n > p,RAT-Flow,311.7823534011841,data2\n1000p100\n1000p100_rat_k16_output\rat_k16\simple\seed_490\final_summary.json
n > p,RAT-Flow,277.9055087566376,data2\n1000p100\n1000p100_rat_k16_output\rat_k16\simple\seed_491\final_summary.json
n > p,RAT-Flow,267.48020362854004,data2\n1000p100\n1000p100_rat_k16_output\rat_k16\simple\seed_492\final_summary.json
n > p,RAT-Flow,346.5451703071594,data2\n1000p100\n1000p100_rat_k16_output\rat_k16\simple\seed_493\final_summary.json
n > p,RAT-Flow,285.04694843292236,data2\n1000p100\n1000p100_rat_k16_output\rat_k16\simple\seed_494\final_summary.json
n > p,RAT-Flow,290.3217701911926,data2\n1000p100\n1000p100_rat_k16_output\rat_k16\simple\seed_495\final_summary.json
n > p,RAT-Flow,352.4242527484894,data2\n1000p100\n1000p100_rat_k16_output\rat_k16\simple\seed_496\final_summary.json
n > p,RAT-Flow,332.2270522117615,data2\n1000p100\n1000p100_rat_k16_output\rat_k16\simple\seed_497\final_summary.json
n > p,RAT-Flow,305.14457082748413,data2\n1000p100\n1000p100_rat_k16_output\rat_k16\simple\seed_498\final_summary.json
n > p,RAT-Flow,322.6419162750244,data2\n1000p100\n1000p100_rat_k16_output\rat_k16\simple\seed_499\final_summary.json
n > p,ResCond,449.2704300880432,data2\n1000p100\n1000p100_rat_k16_output\rescond\simple\seed_400\final_summary.json
n > p,ResCond,445.77831959724426,data2\n1000p100\n1000p100_rat_k16_output\rescond\simple\seed_401\final_summary.json
n > p,ResCond,464.4414858818054,data2\n1000p100\n1000p100_rat_k16_output\rescond\simple\seed_402\final_summary.json
n > p,ResCond,612.3641865253448,data2\n1000p100\n1000p100_rat_k16_output\rescond\simple\seed_403\final_summary.json
n > p,ResCond,447.52791833877563,data2\n1000p100\n1000p100_rat_k16_output\rescond\simple\seed_404\final_summary.json
n > p,ResCond,2348.060066461563,data2\n1000p100\n1000p100_rat_k16_output\rescond\simple\seed_405\final_summary.json
n > p,ResCond,823.4501986503601,data2\n1000p100\n1000p100_rat_k16_output\rescond\simple\seed_406\final_summary.json
n > p,ResCond,797.0266270637512,data2\n1000p100\n1000p100_rat_k16_output\rescond\simple\seed_407\final_summary.json
n > p,ResCond,581.1939849853516,data2\n1000p100\n1000p100_rat_k16_output\rescond\simple\seed_408\final_summary.json
n > p,ResCond,463.2188673019409,data2\n1000p100\n1000p100_rat_k16_output\rescond\simple\seed_409\final_summary.json
n > p,ResCond,440.61727571487427,data2\n1000p100\n1000p100_rat_k16_output\rescond\simple\seed_410\final_summary.json
n > p,ResCond,935.9165234565735,data2\n1000p100\n1000p100_rat_k16_output\rescond\simple\seed_411\final_summary.json
n > p,ResCond,649.0879714488983,data2\n1000p100\n1000p100_rat_k16_output\rescond\simple\seed_412\final_summary.json
n > p,ResCond,590.9588329792023,data2\n1000p100\n1000p100_rat_k16_output\rescond\simple\seed_413\final_summary.json
n > p,ResCond,501.85302448272705,data2\n1000p100\n1000p100_rat_k16_output\rescond\simple\seed_414\final_summary.json
n > p,ResCond,4940.161441087723,data2\n1000p100\n1000p100_rat_k16_output\rescond\simple\seed_415\final_summary.json
n > p,ResCond,5172.789139986038,data2\n1000p100\n1000p100_rat_k16_output\rescond\simple\seed_416\final_summary.json
n > p,ResCond,6626.227257490158,data2\n1000p100\n1000p100_rat_k16_output\rescond\simple\seed_417\final_summary.json
n > p,ResCond,494.3285849094391,data2\n1000p100\n1000p100_rat_k16_output\rescond\simple\seed_418\final_summary.json
n > p,ResCond,511.26773500442505,data2\n1000p100\n1000p100_rat_k16_output\rescond\simple\seed_419\final_summary.json
n > p,ResCond,562.8754754066467,data2\n1000p100\n1000p100_rat_k16_output\rescond\simple\seed_420\final_summary.json
n > p,ResCond,623.2314245700836,data2\n1000p100\n1000p100_rat_k16_output\rescond\simple\seed_421\final_summary.json
n > p,ResCond,610.6636619567871,data2\n1000p100\n1000p100_rat_k16_output\rescond\simple\seed_422\final_summary.json
n > p,ResCond,427.1663703918457,data2\n1000p100\n1000p100_rat_k16_output\rescond\simple\seed_423\final_summary.json
n > p,ResCond,546.2792770862579,data2\n1000p100\n1000p100_rat_k16_output\rescond\simple\seed_424\final_summary.json
n > p,ResCond,460.9299912452698,data2\n1000p100\n1000p100_rat_k16_output\rescond\simple\seed_425\final_summary.json
n > p,ResCond,466.2977285385132,data2\n1000p100\n1000p100_rat_k16_output\rescond\simple\seed_426\final_summary.json
n > p,ResCond,483.8197588920593,data2\n1000p100\n1000p100_rat_k16_output\rescond\simple\seed_427\final_summary.json
n > p,ResCond,506.451203584671,data2\n1000p100\n1000p100_rat_k16_output\rescond\simple\seed_428\final_summary.json
n > p,ResCond,486.091787815094,data2\n1000p100\n1000p100_rat_k16_output\rescond\simple\seed_429\final_summary.json
n > p,ResCond,460.89418506622314,data2\n1000p100\n1000p100_rat_k16_output\rescond\simple\seed_430\final_summary.json
n > p,ResCond,454.3305115699768,data2\n1000p100\n1000p100_rat_k16_output\rescond\simple\seed_431\final_summary.json
n > p,ResCond,460.3631410598755,data2\n1000p100\n1000p100_rat_k16_output\rescond\simple\seed_432\final_summary.json
n > p,ResCond,484.772629737854,data2\n1000p100\n1000p100_rat_k16_output\rescond\simple\seed_433\final_summary.json
n > p,ResCond,618.1319124698639,data2\n1000p100\n1000p100_rat_k16_output\rescond\simple\seed_434\final_summary.json
n > p,ResCond,558.8319339752197,data2\n1000p100\n1000p100_rat_k16_output\rescond\simple\seed_435\final_summary.json
n > p,ResCond,477.97167348861694,data2\n1000p100\n1000p100_rat_k16_output\rescond\simple\seed_436\final_summary.json
n > p,ResCond,500.9106140136719,data2\n1000p100\n1000p100_rat_k16_output\rescond\simple\seed_437\final_summary.json
n > p,ResCond,461.9308731555939,data2\n1000p100\n1000p100_rat_k16_output\rescond\simple\seed_438\final_summary.json
n > p,ResCond,431.172447681427,data2\n1000p100\n1000p100_rat_k16_output\rescond\simple\seed_439\final_summary.json
n > p,ResCond,504.9399676322937,data2\n1000p100\n1000p100_rat_k16_output\rescond\simple\seed_440\final_summary.json
n > p,ResCond,429.23382902145386,data2\n1000p100\n1000p100_rat_k16_output\rescond\simple\seed_441\final_summary.json
n > p,ResCond,489.93889451026917,data2\n1000p100\n1000p100_rat_k16_output\rescond\simple\seed_442\final_summary.json
n > p,ResCond,426.4774098396301,data2\n1000p100\n1000p100_rat_k16_output\rescond\simple\seed_443\final_summary.json
n > p,ResCond,477.0369882583618,data2\n1000p100\n1000p100_rat_k16_output\rescond\simple\seed_444\final_summary.json
n > p,ResCond,532.8000848293304,data2\n1000p100\n1000p100_rat_k16_output\rescond\simple\seed_445\final_summary.json
n > p,ResCond,524.7516465187073,data2\n1000p100\n1000p100_rat_k16_output\rescond\simple\seed_446\final_summary.json
n > p,ResCond,466.97614216804504,data2\n1000p100\n1000p100_rat_k16_output\rescond\simple\seed_447\final_summary.json
n > p,ResCond,501.7405514717102,data2\n1000p100\n1000p100_rat_k16_output\rescond\simple\seed_448\final_summary.json
n > p,ResCond,473.1817784309387,data2\n1000p100\n1000p100_rat_k16_output\rescond\simple\seed_449\final_summary.json
n > p,ResCond,448.2122919559479,data2\n1000p100\n1000p100_rat_k16_output\rescond\simple\seed_450\final_summary.json
n > p,ResCond,505.21657252311707,data2\n1000p100\n1000p100_rat_k16_output\rescond\simple\seed_451\final_summary.json
n > p,ResCond,444.8848674297333,data2\n1000p100\n1000p100_rat_k16_output\rescond\simple\seed_452\final_summary.json
n > p,ResCond,434.7787413597107,data2\n1000p100\n1000p100_rat_k16_output\rescond\simple\seed_453\final_summary.json
n > p,ResCond,996.8093752861023,data2\n1000p100\n1000p100_rat_k16_output\rescond\simple\seed_454\final_summary.json
n > p,ResCond,448.66917419433594,data2\n1000p100\n1000p100_rat_k16_output\rescond\simple\seed_455\final_summary.json
n > p,ResCond,411.0907738208771,data2\n1000p100\n1000p100_rat_k16_output\rescond\simple\seed_456\final_summary.json
n > p,ResCond,512.2744693756104,data2\n1000p100\n1000p100_rat_k16_output\rescond\simple\seed_457\final_summary.json
n > p,ResCond,484.68838596343994,data2\n1000p100\n1000p100_rat_k16_output\rescond\simple\seed_458\final_summary.json
n > p,ResCond,481.8232970237732,data2\n1000p100\n1000p100_rat_k16_output\rescond\simple\seed_459\final_summary.json
n > p,ResCond,505.35756516456604,data2\n1000p100\n1000p100_rat_k16_output\rescond\simple\seed_460\final_summary.json
n > p,ResCond,1677.2416064739227,data2\n1000p100\n1000p100_rat_k16_output\rescond\simple\seed_461\final_summary.json
n > p,ResCond,464.00689935684204,data2\n1000p100\n1000p100_rat_k16_output\rescond\simple\seed_462\final_summary.json
n > p,ResCond,445.6863489151001,data2\n1000p100\n1000p100_rat_k16_output\rescond\simple\seed_463\final_summary.json
n > p,ResCond,912.5469136238098,data2\n1000p100\n1000p100_rat_k16_output\rescond\simple\seed_464\final_summary.json
n > p,ResCond,551.423063993454,data2\n1000p100\n1000p100_rat_k16_output\rescond\simple\seed_465\final_summary.json
n > p,ResCond,460.19965648651123,data2\n1000p100\n1000p100_rat_k16_output\rescond\simple\seed_466\final_summary.json
n > p,ResCond,447.73136043548584,data2\n1000p100\n1000p100_rat_k16_output\rescond\simple\seed_467\final_summary.json
n > p,ResCond,1873.6350526809692,data2\n1000p100\n1000p100_rat_k16_output\rescond\simple\seed_468\final_summary.json
n > p,ResCond,466.94441866874695,data2\n1000p100\n1000p100_rat_k16_output\rescond\simple\seed_469\final_summary.json
n > p,ResCond,6328.121482133865,data2\n1000p100\n1000p100_rat_k16_output\rescond\simple\seed_470\final_summary.json
n > p,ResCond,623.2384915351868,data2\n1000p100\n1000p100_rat_k16_output\rescond\simple\seed_471\final_summary.json
n > p,ResCond,573.7262799739838,data2\n1000p100\n1000p100_rat_k16_output\rescond\simple\seed_472\final_summary.json
n > p,ResCond,563.2318193912506,data2\n1000p100\n1000p100_rat_k16_output\rescond\simple\seed_473\final_summary.json
n > p,ResCond,526.3383374214172,data2\n1000p100\n1000p100_rat_k16_output\rescond\simple\seed_474\final_summary.json
n > p,ResCond,525.4018876552582,data2\n1000p100\n1000p100_rat_k16_output\rescond\simple\seed_475\final_summary.json
n > p,ResCond,663.4254443645477,data2\n1000p100\n1000p100_rat_k16_output\rescond\simple\seed_476\final_summary.json
n > p,ResCond,539.0444474220276,data2\n1000p100\n1000p100_rat_k16_output\rescond\simple\seed_477\final_summary.json
n > p,ResCond,502.55572152137756,data2\n1000p100\n1000p100_rat_k16_output\rescond\simple\seed_478\final_summary.json
n > p,ResCond,485.1930491924286,data2\n1000p100\n1000p100_rat_k16_output\rescond\simple\seed_479\final_summary.json
n > p,ResCond,416.4483993053436,data2\n1000p100\n1000p100_rat_k16_output\rescond\simple\seed_480\final_summary.json
n > p,ResCond,503.27396988868713,data2\n1000p100\n1000p100_rat_k16_output\rescond\simple\seed_481\final_summary.json
n > p,ResCond,470.0323717594147,data2\n1000p100\n1000p100_rat_k16_output\rescond\simple\seed_482\final_summary.json
n > p,ResCond,6036.433369874954,data2\n1000p100\n1000p100_rat_k16_output\rescond\simple\seed_483\final_summary.json
n > p,ResCond,706.6555671691895,data2\n1000p100\n1000p100_rat_k16_output\rescond\simple\seed_484\final_summary.json
n > p,ResCond,502.5292491912842,data2\n1000p100\n1000p100_rat_k16_output\rescond\simple\seed_485\final_summary.json
n > p,ResCond,448.03688406944275,data2\n1000p100\n1000p100_rat_k16_output\rescond\simple\seed_486\final_summary.json
n > p,ResCond,517.5632095336914,data2\n1000p100\n1000p100_rat_k16_output\rescond\simple\seed_487\final_summary.json
n > p,ResCond,492.09682989120483,data2\n1000p100\n1000p100_rat_k16_output\rescond\simple\seed_488\final_summary.json
n > p,ResCond,478.90989327430725,data2\n1000p100\n1000p100_rat_k16_output\rescond\simple\seed_489\final_summary.json
n > p,ResCond,474.20250487327576,data2\n1000p100\n1000p100_rat_k16_output\rescond\simple\seed_490\final_summary.json
n > p,ResCond,510.6573052406311,data2\n1000p100\n1000p100_rat_k16_output\rescond\simple\seed_491\final_summary.json
n > p,ResCond,674.7478165626526,data2\n1000p100\n1000p100_rat_k16_output\rescond\simple\seed_492\final_summary.json
n > p,ResCond,435.78382396698,data2\n1000p100\n1000p100_rat_k16_output\rescond\simple\seed_493\final_summary.json
n > p,ResCond,481.63094782829285,data2\n1000p100\n1000p100_rat_k16_output\rescond\simple\seed_494\final_summary.json
n > p,ResCond,486.86730909347534,data2\n1000p100\n1000p100_rat_k16_output\rescond\simple\seed_495\final_summary.json
n > p,ResCond,708.7415795326233,data2\n1000p100\n1000p100_rat_k16_output\rescond\simple\seed_496\final_summary.json
n > p,ResCond,564.1688673496246,data2\n1000p100\n1000p100_rat_k16_output\rescond\simple\seed_497\final_summary.json
n > p,ResCond,489.88419461250305,data2\n1000p100\n1000p100_rat_k16_output\rescond\simple\seed_498\final_summary.json
n > p,ResCond,2154.6703910827637,data2\n1000p100\n1000p100_rat_k16_output\rescond\simple\seed_499\final_summary.json
p >> n,Deep MLP,3854.1972892284393,data2\n100p500\n100p500_rat_k16_output\deep_mlp\simple\seed_400\final_summary.json
p >> n,Deep MLP,2937.5767109394073,data2\n100p500\n100p500_rat_k16_output\deep_mlp\simple\seed_401\final_summary.json
p >> n,Deep MLP,1536.5727651119232,data2\n100p500\n100p500_rat_k16_output\deep_mlp\simple\seed_406\final_summary.json
p >> n,Deep MLP,1725.1681714057922,data2\n100p500\n100p500_rat_k16_output\deep_mlp\simple\seed_409\final_summary.json
p >> n,Deep MLP,1443.4869046211243,data2\n100p500\n100p500_rat_k16_output\deep_mlp\simple\seed_411\final_summary.json
p >> n,Deep MLP,3431.0023334026337,data2\n100p500\n100p500_rat_k16_output\deep_mlp\simple\seed_414\final_summary.json
p >> n,Deep MLP,1710.1878066062927,data2\n100p500\n100p500_rat_k16_output\deep_mlp\simple\seed_418\final_summary.json
p >> n,Deep MLP,1212.9410994052887,data2\n100p500\n100p500_rat_k16_output\deep_mlp\simple\seed_419\final_summary.json
p >> n,Deep MLP,1566.7321071624756,data2\n100p500\n100p500_rat_k16_output\deep_mlp\simple\seed_425\final_summary.json
p >> n,Deep MLP,1296.889848947525,data2\n100p500\n100p500_rat_k16_output\deep_mlp\simple\seed_426\final_summary.json
p >> n,Deep MLP,1395.1203951835632,data2\n100p500\n100p500_rat_k16_output\deep_mlp\simple\seed_431\final_summary.json
p >> n,Deep MLP,1502.619588136673,data2\n100p500\n100p500_rat_k16_output\deep_mlp\simple\seed_435\final_summary.json
p >> n,Deep MLP,1520.3698103427887,data2\n100p500\n100p500_rat_k16_output\deep_mlp\simple\seed_436\final_summary.json
p >> n,Deep MLP,2316.8287658691406,data2\n100p500\n100p500_rat_k16_output\deep_mlp\simple\seed_438\final_summary.json
p >> n,Deep MLP,1315.410225868225,data2\n100p500\n100p500_rat_k16_output\deep_mlp\simple\seed_440\final_summary.json
p >> n,Deep MLP,1490.238998889923,data2\n100p500\n100p500_rat_k16_output\deep_mlp\simple\seed_444\final_summary.json
p >> n,Deep MLP,1523.7088098526,data2\n100p500\n100p500_rat_k16_output\deep_mlp\simple\seed_449\final_summary.json
p >> n,Deep MLP,1464.0793952941895,data2\n100p500\n100p500_rat_k16_output\deep_mlp\simple\seed_450\final_summary.json
p >> n,Deep MLP,1225.061693906784,data2\n100p500\n100p500_rat_k16_output\deep_mlp\simple\seed_452\final_summary.json
p >> n,Deep MLP,1442.8047230243683,data2\n100p500\n100p500_rat_k16_output\deep_mlp\simple\seed_454\final_summary.json
p >> n,Deep MLP,1370.2823252677917,data2\n100p500\n100p500_rat_k16_output\deep_mlp\simple\seed_459\final_summary.json
p >> n,Deep MLP,3797.5896151065826,data2\n100p500\n100p500_rat_k16_output\deep_mlp\simple\seed_460\final_summary.json
p >> n,Deep MLP,1523.9399302005768,data2\n100p500\n100p500_rat_k16_output\deep_mlp\simple\seed_463\final_summary.json
p >> n,Deep MLP,1423.6789915561676,data2\n100p500\n100p500_rat_k16_output\deep_mlp\simple\seed_467\final_summary.json
p >> n,Deep MLP,1578.2393741607666,data2\n100p500\n100p500_rat_k16_output\deep_mlp\simple\seed_469\final_summary.json
p >> n,Deep MLP,1493.3752467632294,data2\n100p500\n100p500_rat_k16_output\deep_mlp\simple\seed_471\final_summary.json
p >> n,Deep MLP,1403.1164691448212,data2\n100p500\n100p500_rat_k16_output\deep_mlp\simple\seed_472\final_summary.json
p >> n,Deep MLP,1446.3770492076874,data2\n100p500\n100p500_rat_k16_output\deep_mlp\simple\seed_474\final_summary.json
p >> n,Deep MLP,1482.8016204833984,data2\n100p500\n100p500_rat_k16_output\deep_mlp\simple\seed_475\final_summary.json
p >> n,Deep MLP,1550.4284608364105,data2\n100p500\n100p500_rat_k16_output\deep_mlp\simple\seed_477\final_summary.json
p >> n,Deep MLP,1427.8352630138397,data2\n100p500\n100p500_rat_k16_output\deep_mlp\simple\seed_478\final_summary.json
p >> n,Deep MLP,1306.078535079956,data2\n100p500\n100p500_rat_k16_output\deep_mlp\simple\seed_479\final_summary.json
p >> n,Deep MLP,1454.8274614810944,data2\n100p500\n100p500_rat_k16_output\deep_mlp\simple\seed_480\final_summary.json
p >> n,Deep MLP,1374.7714259624481,data2\n100p500\n100p500_rat_k16_output\deep_mlp\simple\seed_481\final_summary.json
p >> n,Deep MLP,1261.5470418930054,data2\n100p500\n100p500_rat_k16_output\deep_mlp\simple\seed_482\final_summary.json
p >> n,Deep MLP,1221.6739189624786,data2\n100p500\n100p500_rat_k16_output\deep_mlp\simple\seed_484\final_summary.json
p >> n,Deep MLP,1544.9759604930878,data2\n100p500\n100p500_rat_k16_output\deep_mlp\simple\seed_485\final_summary.json
p >> n,Deep MLP,1579.247260093689,data2\n100p500\n100p500_rat_k16_output\deep_mlp\simple\seed_489\final_summary.json
p >> n,Deep MLP,1493.8139147758484,data2\n100p500\n100p500_rat_k16_output\deep_mlp\simple\seed_490\final_summary.json
p >> n,Deep MLP,3221.5657601356506,data2\n100p500\n100p500_rat_k16_output\deep_mlp\simple\seed_491\final_summary.json
p >> n,Deep MLP,1361.1459746360779,data2\n100p500\n100p500_rat_k16_output\deep_mlp\simple\seed_493\final_summary.json
p >> n,Deep MLP,1242.130108833313,data2\n100p500\n100p500_rat_k16_output\deep_mlp\simple\seed_495\final_summary.json
p >> n,Deep MLP,1279.1436567306519,data2\n100p500\n100p500_rat_k16_output\deep_mlp\simple\seed_499\final_summary.json
p >> n,Mean-field,31.909751415252686,data2\n100p500\n100p500_rat_k16_output\meanfield\simple\seed_400\final_summary.json
p >> n,Mean-field,24.694777727127075,data2\n100p500\n100p500_rat_k16_output\meanfield\simple\seed_401\final_summary.json
p >> n,Mean-field,34.54265284538269,data2\n100p500\n100p500_rat_k16_output\meanfield\simple\seed_402\final_summary.json
p >> n,Mean-field,21.161839246749878,data2\n100p500\n100p500_rat_k16_output\meanfield\simple\seed_403\final_summary.json
p >> n,Mean-field,24.383784770965576,data2\n100p500\n100p500_rat_k16_output\meanfield\simple\seed_404\final_summary.json
p >> n,Mean-field,22.105194330215454,data2\n100p500\n100p500_rat_k16_output\meanfield\simple\seed_405\final_summary.json
p >> n,Mean-field,19.950989484786987,data2\n100p500\n100p500_rat_k16_output\meanfield\simple\seed_406\final_summary.json
p >> n,Mean-field,39.87931418418884,data2\n100p500\n100p500_rat_k16_output\meanfield\simple\seed_407\final_summary.json
p >> n,Mean-field,64.59368681907654,data2\n100p500\n100p500_rat_k16_output\meanfield\simple\seed_408\final_summary.json
p >> n,Mean-field,1532.6887247562408,data2\n100p500\n100p500_rat_k16_output\meanfield\simple\seed_409\final_summary.json
p >> n,Mean-field,23.619486570358276,data2\n100p500\n100p500_rat_k16_output\meanfield\simple\seed_410\final_summary.json
p >> n,Mean-field,26.74677348136902,data2\n100p500\n100p500_rat_k16_output\meanfield\simple\seed_411\final_summary.json
p >> n,Mean-field,32.34549403190613,data2\n100p500\n100p500_rat_k16_output\meanfield\simple\seed_412\final_summary.json
p >> n,Mean-field,29.876522541046143,data2\n100p500\n100p500_rat_k16_output\meanfield\simple\seed_413\final_summary.json
p >> n,Mean-field,32.36989092826843,data2\n100p500\n100p500_rat_k16_output\meanfield\simple\seed_414\final_summary.json
p >> n,Mean-field,44.696791887283325,data2\n100p500\n100p500_rat_k16_output\meanfield\simple\seed_415\final_summary.json
p >> n,Mean-field,37.51163601875305,data2\n100p500\n100p500_rat_k16_output\meanfield\simple\seed_416\final_summary.json
p >> n,Mean-field,36.887356996536255,data2\n100p500\n100p500_rat_k16_output\meanfield\simple\seed_417\final_summary.json
p >> n,Mean-field,29.51608443260193,data2\n100p500\n100p500_rat_k16_output\meanfield\simple\seed_418\final_summary.json
p >> n,Mean-field,21.79777693748474,data2\n100p500\n100p500_rat_k16_output\meanfield\simple\seed_419\final_summary.json
p >> n,Mean-field,21.331835746765137,data2\n100p500\n100p500_rat_k16_output\meanfield\simple\seed_420\final_summary.json
p >> n,Mean-field,20.18176555633545,data2\n100p500\n100p500_rat_k16_output\meanfield\simple\seed_421\final_summary.json
p >> n,Mean-field,26.448419332504272,data2\n100p500\n100p500_rat_k16_output\meanfield\simple\seed_422\final_summary.json
p >> n,Mean-field,38.35771942138672,data2\n100p500\n100p500_rat_k16_output\meanfield\simple\seed_423\final_summary.json
p >> n,Mean-field,20.90877914428711,data2\n100p500\n100p500_rat_k16_output\meanfield\simple\seed_424\final_summary.json
p >> n,Mean-field,17.685593366622925,data2\n100p500\n100p500_rat_k16_output\meanfield\simple\seed_425\final_summary.json
p >> n,Mean-field,20.03721570968628,data2\n100p500\n100p500_rat_k16_output\meanfield\simple\seed_426\final_summary.json
p >> n,Mean-field,27.27656602859497,data2\n100p500\n100p500_rat_k16_output\meanfield\simple\seed_427\final_summary.json
p >> n,Mean-field,21.742199182510376,data2\n100p500\n100p500_rat_k16_output\meanfield\simple\seed_428\final_summary.json
p >> n,Mean-field,34.94656753540039,data2\n100p500\n100p500_rat_k16_output\meanfield\simple\seed_429\final_summary.json
p >> n,Mean-field,36.60221481323242,data2\n100p500\n100p500_rat_k16_output\meanfield\simple\seed_430\final_summary.json
p >> n,Mean-field,21.54117751121521,data2\n100p500\n100p500_rat_k16_output\meanfield\simple\seed_431\final_summary.json
p >> n,Mean-field,20.800458669662476,data2\n100p500\n100p500_rat_k16_output\meanfield\simple\seed_432\final_summary.json
p >> n,Mean-field,20.36343765258789,data2\n100p500\n100p500_rat_k16_output\meanfield\simple\seed_433\final_summary.json
p >> n,Mean-field,24.32139539718628,data2\n100p500\n100p500_rat_k16_output\meanfield\simple\seed_434\final_summary.json
p >> n,Mean-field,56.396748304367065,data2\n100p500\n100p500_rat_k16_output\meanfield\simple\seed_435\final_summary.json
p >> n,Mean-field,18.363807439804077,data2\n100p500\n100p500_rat_k16_output\meanfield\simple\seed_436\final_summary.json
p >> n,Mean-field,21.83807921409607,data2\n100p500\n100p500_rat_k16_output\meanfield\simple\seed_437\final_summary.json
p >> n,Mean-field,29.248818159103394,data2\n100p500\n100p500_rat_k16_output\meanfield\simple\seed_438\final_summary.json
p >> n,Mean-field,28.820642709732056,data2\n100p500\n100p500_rat_k16_output\meanfield\simple\seed_439\final_summary.json
p >> n,Mean-field,21.453838109970093,data2\n100p500\n100p500_rat_k16_output\meanfield\simple\seed_440\final_summary.json
p >> n,Mean-field,40.617331981658936,data2\n100p500\n100p500_rat_k16_output\meanfield\simple\seed_441\final_summary.json
p >> n,Mean-field,26.657326221466064,data2\n100p500\n100p500_rat_k16_output\meanfield\simple\seed_442\final_summary.json
p >> n,Mean-field,20.7940833568573,data2\n100p500\n100p500_rat_k16_output\meanfield\simple\seed_443\final_summary.json
p >> n,Mean-field,23.425095558166504,data2\n100p500\n100p500_rat_k16_output\meanfield\simple\seed_444\final_summary.json
p >> n,Mean-field,18.544084548950195,data2\n100p500\n100p500_rat_k16_output\meanfield\simple\seed_445\final_summary.json
p >> n,Mean-field,31.451148509979248,data2\n100p500\n100p500_rat_k16_output\meanfield\simple\seed_446\final_summary.json
p >> n,Mean-field,30.832972288131714,data2\n100p500\n100p500_rat_k16_output\meanfield\simple\seed_447\final_summary.json
p >> n,Mean-field,21.24927520751953,data2\n100p500\n100p500_rat_k16_output\meanfield\simple\seed_448\final_summary.json
p >> n,Mean-field,26.1753511428833,data2\n100p500\n100p500_rat_k16_output\meanfield\simple\seed_449\final_summary.json
p >> n,Mean-field,43.444966077804565,data2\n100p500\n100p500_rat_k16_output\meanfield\simple\seed_450\final_summary.json
p >> n,Mean-field,23.96860384941101,data2\n100p500\n100p500_rat_k16_output\meanfield\simple\seed_451\final_summary.json
p >> n,Mean-field,22.39435863494873,data2\n100p500\n100p500_rat_k16_output\meanfield\simple\seed_452\final_summary.json
p >> n,Mean-field,22.35543656349182,data2\n100p500\n100p500_rat_k16_output\meanfield\simple\seed_453\final_summary.json
p >> n,Mean-field,35.69148254394531,data2\n100p500\n100p500_rat_k16_output\meanfield\simple\seed_454\final_summary.json
p >> n,Mean-field,20.301326990127563,data2\n100p500\n100p500_rat_k16_output\meanfield\simple\seed_455\final_summary.json
p >> n,Mean-field,173.96016645431519,data2\n100p500\n100p500_rat_k16_output\meanfield\simple\seed_456\final_summary.json
p >> n,Mean-field,29.346584796905518,data2\n100p500\n100p500_rat_k16_output\meanfield\simple\seed_457\final_summary.json
p >> n,Mean-field,31.91146159172058,data2\n100p500\n100p500_rat_k16_output\meanfield\simple\seed_458\final_summary.json
p >> n,Mean-field,18.966184616088867,data2\n100p500\n100p500_rat_k16_output\meanfield\simple\seed_459\final_summary.json
p >> n,Mean-field,19.622809410095215,data2\n100p500\n100p500_rat_k16_output\meanfield\simple\seed_460\final_summary.json
p >> n,Mean-field,26.261436939239502,data2\n100p500\n100p500_rat_k16_output\meanfield\simple\seed_461\final_summary.json
p >> n,Mean-field,23.823708534240723,data2\n100p500\n100p500_rat_k16_output\meanfield\simple\seed_462\final_summary.json
p >> n,Mean-field,25.21539330482483,data2\n100p500\n100p500_rat_k16_output\meanfield\simple\seed_463\final_summary.json
p >> n,Mean-field,25.160722017288208,data2\n100p500\n100p500_rat_k16_output\meanfield\simple\seed_464\final_summary.json
p >> n,Mean-field,21.932883739471436,data2\n100p500\n100p500_rat_k16_output\meanfield\simple\seed_465\final_summary.json
p >> n,Mean-field,26.58497452735901,data2\n100p500\n100p500_rat_k16_output\meanfield\simple\seed_466\final_summary.json
p >> n,Mean-field,41.830971240997314,data2\n100p500\n100p500_rat_k16_output\meanfield\simple\seed_467\final_summary.json
p >> n,Mean-field,20.77990436553955,data2\n100p500\n100p500_rat_k16_output\meanfield\simple\seed_468\final_summary.json
p >> n,Mean-field,67.19431161880493,data2\n100p500\n100p500_rat_k16_output\meanfield\simple\seed_469\final_summary.json
p >> n,Mean-field,25.38804602622986,data2\n100p500\n100p500_rat_k16_output\meanfield\simple\seed_470\final_summary.json
p >> n,Mean-field,17.89051127433777,data2\n100p500\n100p500_rat_k16_output\meanfield\simple\seed_471\final_summary.json
p >> n,Mean-field,25.625438451766968,data2\n100p500\n100p500_rat_k16_output\meanfield\simple\seed_472\final_summary.json
p >> n,Mean-field,25.399812936782837,data2\n100p500\n100p500_rat_k16_output\meanfield\simple\seed_473\final_summary.json
p >> n,Mean-field,22.993513584136963,data2\n100p500\n100p500_rat_k16_output\meanfield\simple\seed_474\final_summary.json
p >> n,Mean-field,18.793644666671753,data2\n100p500\n100p500_rat_k16_output\meanfield\simple\seed_475\final_summary.json
p >> n,Mean-field,169.2146921157837,data2\n100p500\n100p500_rat_k16_output\meanfield\simple\seed_476\final_summary.json
p >> n,Mean-field,26.397457361221313,data2\n100p500\n100p500_rat_k16_output\meanfield\simple\seed_477\final_summary.json
p >> n,Mean-field,24.917076349258423,data2\n100p500\n100p500_rat_k16_output\meanfield\simple\seed_478\final_summary.json
p >> n,Mean-field,28.48766255378723,data2\n100p500\n100p500_rat_k16_output\meanfield\simple\seed_479\final_summary.json
p >> n,Mean-field,32.78492975234985,data2\n100p500\n100p500_rat_k16_output\meanfield\simple\seed_480\final_summary.json
p >> n,Mean-field,30.278552532196045,data2\n100p500\n100p500_rat_k16_output\meanfield\simple\seed_481\final_summary.json
p >> n,Mean-field,17.322191953659058,data2\n100p500\n100p500_rat_k16_output\meanfield\simple\seed_482\final_summary.json
p >> n,Mean-field,109.70815396308899,data2\n100p500\n100p500_rat_k16_output\meanfield\simple\seed_483\final_summary.json
p >> n,Mean-field,22.418930768966675,data2\n100p500\n100p500_rat_k16_output\meanfield\simple\seed_484\final_summary.json
p >> n,Mean-field,29.824531078338623,data2\n100p500\n100p500_rat_k16_output\meanfield\simple\seed_485\final_summary.json
p >> n,Mean-field,34.039244174957275,data2\n100p500\n100p500_rat_k16_output\meanfield\simple\seed_486\final_summary.json
p >> n,Mean-field,31.527652740478516,data2\n100p500\n100p500_rat_k16_output\meanfield\simple\seed_487\final_summary.json
p >> n,Mean-field,27.229581117630005,data2\n100p500\n100p500_rat_k16_output\meanfield\simple\seed_488\final_summary.json
p >> n,Mean-field,23.840445280075073,data2\n100p500\n100p500_rat_k16_output\meanfield\simple\seed_489\final_summary.json
p >> n,Mean-field,68.34558439254761,data2\n100p500\n100p500_rat_k16_output\meanfield\simple\seed_490\final_summary.json
p >> n,Mean-field,263.64141154289246,data2\n100p500\n100p500_rat_k16_output\meanfield\simple\seed_491\final_summary.json
p >> n,Mean-field,302.61593651771545,data2\n100p500\n100p500_rat_k16_output\meanfield\simple\seed_492\final_summary.json
p >> n,Mean-field,850.2960963249207,data2\n100p500\n100p500_rat_k16_output\meanfield\simple\seed_493\final_summary.json
p >> n,Mean-field,18.240930557250977,data2\n100p500\n100p500_rat_k16_output\meanfield\simple\seed_494\final_summary.json
p >> n,Mean-field,61.47743225097656,data2\n100p500\n100p500_rat_k16_output\meanfield\simple\seed_495\final_summary.json
p >> n,Mean-field,25.710304975509644,data2\n100p500\n100p500_rat_k16_output\meanfield\simple\seed_496\final_summary.json
p >> n,Mean-field,22.88743782043457,data2\n100p500\n100p500_rat_k16_output\meanfield\simple\seed_497\final_summary.json
p >> n,Mean-field,47.118701457977295,data2\n100p500\n100p500_rat_k16_output\meanfield\simple\seed_498\final_summary.json
p >> n,Mean-field,362.8898320198059,data2\n100p500\n100p500_rat_k16_output\meanfield\simple\seed_499\final_summary.json
p >> n,RAT-Flow,1974.1833741664886,data2\n100p500\n100p500_rat_k16_output\rat_k16\simple\seed_400\final_summary.json
p >> n,RAT-Flow,654.6382603645325,data2\n100p500\n100p500_rat_k16_output\rat_k16\simple\seed_406\final_summary.json
p >> n,RAT-Flow,657.024729013443,data2\n100p500\n100p500_rat_k16_output\rat_k16\simple\seed_408\final_summary.json
p >> n,RAT-Flow,588.9031891822815,data2\n100p500\n100p500_rat_k16_output\rat_k16\simple\seed_409\final_summary.json
p >> n,RAT-Flow,656.271778345108,data2\n100p500\n100p500_rat_k16_output\rat_k16\simple\seed_410\final_summary.json
p >> n,RAT-Flow,902.5832135677338,data2\n100p500\n100p500_rat_k16_output\rat_k16\simple\seed_411\final_summary.json
p >> n,RAT-Flow,518.8645708560944,data2\n100p500\n100p500_rat_k16_output\rat_k16\simple\seed_413\final_summary.json
p >> n,RAT-Flow,1120.898196220398,data2\n100p500\n100p500_rat_k16_output\rat_k16\simple\seed_414\final_summary.json
p >> n,RAT-Flow,731.596794128418,data2\n100p500\n100p500_rat_k16_output\rat_k16\simple\seed_417\final_summary.json
p >> n,RAT-Flow,517.2905473709106,data2\n100p500\n100p500_rat_k16_output\rat_k16\simple\seed_418\final_summary.json
p >> n,RAT-Flow,883.3081150054932,data2\n100p500\n100p500_rat_k16_output\rat_k16\simple\seed_419\final_summary.json
p >> n,RAT-Flow,974.2409896850586,data2\n100p500\n100p500_rat_k16_output\rat_k16\simple\seed_422\final_summary.json
p >> n,RAT-Flow,617.8765285015106,data2\n100p500\n100p500_rat_k16_output\rat_k16\simple\seed_423\final_summary.json
p >> n,RAT-Flow,581.124673128128,data2\n100p500\n100p500_rat_k16_output\rat_k16\simple\seed_425\final_summary.json
p >> n,RAT-Flow,525.8016545772552,data2\n100p500\n100p500_rat_k16_output\rat_k16\simple\seed_426\final_summary.json
p >> n,RAT-Flow,655.199401140213,data2\n100p500\n100p500_rat_k16_output\rat_k16\simple\seed_428\final_summary.json
p >> n,RAT-Flow,488.0225224494934,data2\n100p500\n100p500_rat_k16_output\rat_k16\simple\seed_431\final_summary.json
p >> n,RAT-Flow,532.8540968894958,data2\n100p500\n100p500_rat_k16_output\rat_k16\simple\seed_432\final_summary.json
p >> n,RAT-Flow,586.0504994392395,data2\n100p500\n100p500_rat_k16_output\rat_k16\simple\seed_435\final_summary.json
p >> n,RAT-Flow,807.5546383857727,data2\n100p500\n100p500_rat_k16_output\rat_k16\simple\seed_436\final_summary.json
p >> n,RAT-Flow,1024.1996524333954,data2\n100p500\n100p500_rat_k16_output\rat_k16\simple\seed_438\final_summary.json
p >> n,RAT-Flow,602.2171890735626,data2\n100p500\n100p500_rat_k16_output\rat_k16\simple\seed_440\final_summary.json
p >> n,RAT-Flow,475.937518119812,data2\n100p500\n100p500_rat_k16_output\rat_k16\simple\seed_445\final_summary.json
p >> n,RAT-Flow,472.69338035583496,data2\n100p500\n100p500_rat_k16_output\rat_k16\simple\seed_449\final_summary.json
p >> n,RAT-Flow,485.58694767951965,data2\n100p500\n100p500_rat_k16_output\rat_k16\simple\seed_451\final_summary.json
p >> n,RAT-Flow,465.6178226470947,data2\n100p500\n100p500_rat_k16_output\rat_k16\simple\seed_452\final_summary.json
p >> n,RAT-Flow,564.6264307498932,data2\n100p500\n100p500_rat_k16_output\rat_k16\simple\seed_454\final_summary.json
p >> n,RAT-Flow,476.3297381401062,data2\n100p500\n100p500_rat_k16_output\rat_k16\simple\seed_456\final_summary.json
p >> n,RAT-Flow,548.5761003494263,data2\n100p500\n100p500_rat_k16_output\rat_k16\simple\seed_458\final_summary.json
p >> n,RAT-Flow,571.9590971469879,data2\n100p500\n100p500_rat_k16_output\rat_k16\simple\seed_460\final_summary.json
p >> n,RAT-Flow,517.3131678104401,data2\n100p500\n100p500_rat_k16_output\rat_k16\simple\seed_466\final_summary.json
p >> n,RAT-Flow,545.1608316898346,data2\n100p500\n100p500_rat_k16_output\rat_k16\simple\seed_468\final_summary.json
p >> n,RAT-Flow,485.89370036125183,data2\n100p500\n100p500_rat_k16_output\rat_k16\simple\seed_471\final_summary.json
p >> n,RAT-Flow,534.9829425811768,data2\n100p500\n100p500_rat_k16_output\rat_k16\simple\seed_472\final_summary.json
p >> n,RAT-Flow,569.0928475856781,data2\n100p500\n100p500_rat_k16_output\rat_k16\simple\seed_474\final_summary.json
p >> n,RAT-Flow,522.2999048233032,data2\n100p500\n100p500_rat_k16_output\rat_k16\simple\seed_475\final_summary.json
p >> n,RAT-Flow,1093.7115495204926,data2\n100p500\n100p500_rat_k16_output\rat_k16\simple\seed_478\final_summary.json
p >> n,RAT-Flow,528.621052980423,data2\n100p500\n100p500_rat_k16_output\rat_k16\simple\seed_480\final_summary.json
p >> n,RAT-Flow,488.32493782043457,data2\n100p500\n100p500_rat_k16_output\rat_k16\simple\seed_482\final_summary.json
p >> n,RAT-Flow,1786.3366978168488,data2\n100p500\n100p500_rat_k16_output\rat_k16\simple\seed_483\final_summary.json
p >> n,RAT-Flow,963.0417771339417,data2\n100p500\n100p500_rat_k16_output\rat_k16\simple\seed_487\final_summary.json
p >> n,RAT-Flow,508.7536723613739,data2\n100p500\n100p500_rat_k16_output\rat_k16\simple\seed_489\final_summary.json
p >> n,RAT-Flow,654.6911451816559,data2\n100p500\n100p500_rat_k16_output\rat_k16\simple\seed_490\final_summary.json
p >> n,RAT-Flow,633.9879016876221,data2\n100p500\n100p500_rat_k16_output\rat_k16\simple\seed_496\final_summary.json
p >> n,RAT-Flow,599.1374142169952,data2\n100p500\n100p500_rat_k16_output\rat_k16\simple\seed_497\final_summary.json
p >> n,RAT-Flow,526.2857875823975,data2\n100p500\n100p500_rat_k16_output\rat_k16\simple\seed_499\final_summary.json
p >> n,ResCond,1078.3164801597595,data2\n100p500\n100p500_rat_k16_output\rescond\simple\seed_400\final_summary.json
p >> n,ResCond,1057.9944818019867,data2\n100p500\n100p500_rat_k16_output\rescond\simple\seed_401\final_summary.json
p >> n,ResCond,808.2844798564911,data2\n100p500\n100p500_rat_k16_output\rescond\simple\seed_406\final_summary.json
p >> n,ResCond,645.2515769004822,data2\n100p500\n100p500_rat_k16_output\rescond\simple\seed_408\final_summary.json
p >> n,ResCond,798.6679425239563,data2\n100p500\n100p500_rat_k16_output\rescond\simple\seed_409\final_summary.json
p >> n,ResCond,651.1077871322632,data2\n100p500\n100p500_rat_k16_output\rescond\simple\seed_410\final_summary.json
p >> n,ResCond,669.9474711418152,data2\n100p500\n100p500_rat_k16_output\rescond\simple\seed_411\final_summary.json
p >> n,ResCond,757.0162615776062,data2\n100p500\n100p500_rat_k16_output\rescond\simple\seed_414\final_summary.json
p >> n,ResCond,1017.4046604633331,data2\n100p500\n100p500_rat_k16_output\rescond\simple\seed_419\final_summary.json
p >> n,ResCond,685.7788426876068,data2\n100p500\n100p500_rat_k16_output\rescond\simple\seed_420\final_summary.json
p >> n,ResCond,749.5295994281769,data2\n100p500\n100p500_rat_k16_output\rescond\simple\seed_425\final_summary.json
p >> n,ResCond,1005.844295501709,data2\n100p500\n100p500_rat_k16_output\rescond\simple\seed_426\final_summary.json
p >> n,ResCond,698.5698380470276,data2\n100p500\n100p500_rat_k16_output\rescond\simple\seed_430\final_summary.json
p >> n,ResCond,773.6395196914673,data2\n100p500\n100p500_rat_k16_output\rescond\simple\seed_432\final_summary.json
p >> n,ResCond,2333.806822538376,data2\n100p500\n100p500_rat_k16_output\rescond\simple\seed_433\final_summary.json
p >> n,ResCond,1306.6740753650665,data2\n100p500\n100p500_rat_k16_output\rescond\simple\seed_435\final_summary.json
p >> n,ResCond,852.4073138237,data2\n100p500\n100p500_rat_k16_output\rescond\simple\seed_436\final_summary.json
p >> n,ResCond,653.0571577548981,data2\n100p500\n100p500_rat_k16_output\rescond\simple\seed_438\final_summary.json
p >> n,ResCond,734.6414651870728,data2\n100p500\n100p500_rat_k16_output\rescond\simple\seed_441\final_summary.json
p >> n,ResCond,640.7568790912628,data2\n100p500\n100p500_rat_k16_output\rescond\simple\seed_445\final_summary.json
p >> n,ResCond,1034.251761674881,data2\n100p500\n100p500_rat_k16_output\rescond\simple\seed_449\final_summary.json
p >> n,ResCond,785.6974003314972,data2\n100p500\n100p500_rat_k16_output\rescond\simple\seed_450\final_summary.json
p >> n,ResCond,1067.3882336616516,data2\n100p500\n100p500_rat_k16_output\rescond\simple\seed_451\final_summary.json
p >> n,ResCond,855.6002681255341,data2\n100p500\n100p500_rat_k16_output\rescond\simple\seed_452\final_summary.json
p >> n,ResCond,720.5722489356995,data2\n100p500\n100p500_rat_k16_output\rescond\simple\seed_454\final_summary.json
p >> n,ResCond,1195.754775762558,data2\n100p500\n100p500_rat_k16_output\rescond\simple\seed_455\final_summary.json
p >> n,ResCond,763.944370508194,data2\n100p500\n100p500_rat_k16_output\rescond\simple\seed_460\final_summary.json
p >> n,ResCond,693.2526791095734,data2\n100p500\n100p500_rat_k16_output\rescond\simple\seed_462\final_summary.json
p >> n,ResCond,1167.52365732193,data2\n100p500\n100p500_rat_k16_output\rescond\simple\seed_466\final_summary.json
p >> n,ResCond,748.4792866706848,data2\n100p500\n100p500_rat_k16_output\rescond\simple\seed_468\final_summary.json
p >> n,ResCond,966.038608789444,data2\n100p500\n100p500_rat_k16_output\rescond\simple\seed_471\final_summary.json
p >> n,ResCond,790.214329957962,data2\n100p500\n100p500_rat_k16_output\rescond\simple\seed_472\final_summary.json
p >> n,ResCond,670.1545827388763,data2\n100p500\n100p500_rat_k16_output\rescond\simple\seed_473\final_summary.json
p >> n,ResCond,1123.7388246059418,data2\n100p500\n100p500_rat_k16_output\rescond\simple\seed_474\final_summary.json
p >> n,ResCond,2670.692852973938,data2\n100p500\n100p500_rat_k16_output\rescond\simple\seed_476\final_summary.json
p >> n,ResCond,768.2903594970703,data2\n100p500\n100p500_rat_k16_output\rescond\simple\seed_478\final_summary.json
p >> n,ResCond,3731.06178855896,data2\n100p500\n100p500_rat_k16_output\rescond\simple\seed_480\final_summary.json
p >> n,ResCond,708.4875357151031,data2\n100p500\n100p500_rat_k16_output\rescond\simple\seed_481\final_summary.json
p >> n,ResCond,802.9505133628845,data2\n100p500\n100p500_rat_k16_output\rescond\simple\seed_484\final_summary.json
p >> n,ResCond,749.4061055183411,data2\n100p500\n100p500_rat_k16_output\rescond\simple\seed_485\final_summary.json
p >> n,ResCond,6751.484488487244,data2\n100p500\n100p500_rat_k16_output\rescond\simple\seed_490\final_summary.json
p >> n,ResCond,4006.052887439728,data2\n100p500\n100p500_rat_k16_output\rescond\simple\seed_491\final_summary.json
p >> n,ResCond,2653.832150220871,data2\n100p500\n100p500_rat_k16_output\rescond\simple\seed_493\final_summary.json
p >> n,ResCond,878.2028610706329,data2\n100p500\n100p500_rat_k16_output\rescond\simple\seed_494\final_summary.json
p >> n,ResCond,998.3496174812317,data2\n100p500\n100p500_rat_k16_output\rescond\simple\seed_497\final_summary.json
Baseline,Affine,395.75836396217346,data2\n160p100\n160p100_rat_k16_output\affine\simple\seed_400\final_summary.json
Baseline,Affine,671.8266170024872,data2\n160p100\n160p100_rat_k16_output\affine\simple\seed_401\final_summary.json
Baseline,Affine,444.61034870147705,data2\n160p100\n160p100_rat_k16_output\affine\simple\seed_402\final_summary.json
Baseline,Affine,443.97437500953674,data2\n160p100\n160p100_rat_k16_output\affine\simple\seed_403\final_summary.json
Baseline,Affine,521.7703609466553,data2\n160p100\n160p100_rat_k16_output\affine\simple\seed_404\final_summary.json
Baseline,Affine,476.298223733902,data2\n160p100\n160p100_rat_k16_output\affine\simple\seed_405\final_summary.json
Baseline,Affine,387.1304278373718,data2\n160p100\n160p100_rat_k16_output\affine\simple\seed_406\final_summary.json
Baseline,Affine,454.91960167884827,data2\n160p100\n160p100_rat_k16_output\affine\simple\seed_407\final_summary.json
Baseline,Affine,326.4612901210785,data2\n160p100\n160p100_rat_k16_output\affine\simple\seed_408\final_summary.json
Baseline,Affine,427.8136534690857,data2\n160p100\n160p100_rat_k16_output\affine\simple\seed_409\final_summary.json
Baseline,Affine,497.01184034347534,data2\n160p100\n160p100_rat_k16_output\affine\simple\seed_410\final_summary.json
Baseline,Affine,348.75189685821533,data2\n160p100\n160p100_rat_k16_output\affine\simple\seed_411\final_summary.json
Baseline,Affine,699.3901207447052,data2\n160p100\n160p100_rat_k16_output\affine\simple\seed_412\final_summary.json
Baseline,Affine,475.3186719417572,data2\n160p100\n160p100_rat_k16_output\affine\simple\seed_413\final_summary.json
Baseline,Affine,397.4344992637634,data2\n160p100\n160p100_rat_k16_output\affine\simple\seed_414\final_summary.json
Baseline,Affine,348.41532039642334,data2\n160p100\n160p100_rat_k16_output\affine\simple\seed_415\final_summary.json
Baseline,Affine,330.89568543434143,data2\n160p100\n160p100_rat_k16_output\affine\simple\seed_416\final_summary.json
Baseline,Affine,509.0720942020416,data2\n160p100\n160p100_rat_k16_output\affine\simple\seed_417\final_summary.json
Baseline,Affine,507.91080713272095,data2\n160p100\n160p100_rat_k16_output\affine\simple\seed_418\final_summary.json
Baseline,Affine,430.0002999305725,data2\n160p100\n160p100_rat_k16_output\affine\simple\seed_419\final_summary.json
Baseline,Affine,499.6537735462189,data2\n160p100\n160p100_rat_k16_output\affine\simple\seed_420\final_summary.json
Baseline,Affine,489.4392035007477,data2\n160p100\n160p100_rat_k16_output\affine\simple\seed_421\final_summary.json
Baseline,Affine,534.4129555225372,data2\n160p100\n160p100_rat_k16_output\affine\simple\seed_422\final_summary.json
Baseline,Affine,361.55663084983826,data2\n160p100\n160p100_rat_k16_output\affine\simple\seed_423\final_summary.json
Baseline,Affine,462.81258964538574,data2\n160p100\n160p100_rat_k16_output\affine\simple\seed_424\final_summary.json
Baseline,Affine,452.9606304168701,data2\n160p100\n160p100_rat_k16_output\affine\simple\seed_425\final_summary.json
Baseline,Affine,539.7368853092194,data2\n160p100\n160p100_rat_k16_output\affine\simple\seed_426\final_summary.json
Baseline,Affine,537.3699867725372,data2\n160p100\n160p100_rat_k16_output\affine\simple\seed_427\final_summary.json
Baseline,Affine,467.3859465122223,data2\n160p100\n160p100_rat_k16_output\affine\simple\seed_428\final_summary.json
Baseline,Affine,406.3283507823944,data2\n160p100\n160p100_rat_k16_output\affine\simple\seed_429\final_summary.json
Baseline,Affine,441.88279938697815,data2\n160p100\n160p100_rat_k16_output\affine\simple\seed_430\final_summary.json
Baseline,Affine,1398.7340853214264,data2\n160p100\n160p100_rat_k16_output\affine\simple\seed_431\final_summary.json
Baseline,Affine,423.7724277973175,data2\n160p100\n160p100_rat_k16_output\affine\simple\seed_432\final_summary.json
Baseline,Affine,401.94749546051025,data2\n160p100\n160p100_rat_k16_output\affine\simple\seed_433\final_summary.json
Baseline,Affine,487.27379751205444,data2\n160p100\n160p100_rat_k16_output\affine\simple\seed_434\final_summary.json
Baseline,Affine,390.6284418106079,data2\n160p100\n160p100_rat_k16_output\affine\simple\seed_435\final_summary.json
Baseline,Affine,545.8079481124878,data2\n160p100\n160p100_rat_k16_output\affine\simple\seed_436\final_summary.json
Baseline,Affine,630.2185897827148,data2\n160p100\n160p100_rat_k16_output\affine\simple\seed_437\final_summary.json
Baseline,Affine,643.4886393547058,data2\n160p100\n160p100_rat_k16_output\affine\simple\seed_438\final_summary.json
Baseline,Affine,505.8731620311737,data2\n160p100\n160p100_rat_k16_output\affine\simple\seed_439\final_summary.json
Baseline,Affine,481.81654620170593,data2\n160p100\n160p100_rat_k16_output\affine\simple\seed_440\final_summary.json
Baseline,Affine,470.67381143569946,data2\n160p100\n160p100_rat_k16_output\affine\simple\seed_441\final_summary.json
Baseline,Affine,538.750648021698,data2\n160p100\n160p100_rat_k16_output\affine\simple\seed_442\final_summary.json
Baseline,Affine,2299.164366722107,data2\n160p100\n160p100_rat_k16_output\affine\simple\seed_443\final_summary.json
Baseline,Affine,398.5758740901947,data2\n160p100\n160p100_rat_k16_output\affine\simple\seed_444\final_summary.json
Baseline,Affine,396.96560311317444,data2\n160p100\n160p100_rat_k16_output\affine\simple\seed_445\final_summary.json
Baseline,Affine,466.53440380096436,data2\n160p100\n160p100_rat_k16_output\affine\simple\seed_446\final_summary.json
Baseline,Affine,3120.6972584724426,data2\n160p100\n160p100_rat_k16_output\affine\simple\seed_447\final_summary.json
Baseline,Affine,501.68836975097656,data2\n160p100\n160p100_rat_k16_output\affine\simple\seed_448\final_summary.json
Baseline,Affine,347.1898066997528,data2\n160p100\n160p100_rat_k16_output\affine\simple\seed_449\final_summary.json
Baseline,Affine,736.7896494865417,data2\n160p100\n160p100_rat_k16_output\affine\simple\seed_450\final_summary.json
Baseline,Affine,536.0942344665527,data2\n160p100\n160p100_rat_k16_output\affine\simple\seed_451\final_summary.json
Baseline,Affine,434.4656755924225,data2\n160p100\n160p100_rat_k16_output\affine\simple\seed_452\final_summary.json
Baseline,Affine,465.78286933898926,data2\n160p100\n160p100_rat_k16_output\affine\simple\seed_453\final_summary.json
Baseline,Affine,369.0240111351013,data2\n160p100\n160p100_rat_k16_output\affine\simple\seed_454\final_summary.json
Baseline,Affine,787.5009698867798,data2\n160p100\n160p100_rat_k16_output\affine\simple\seed_455\final_summary.json
Baseline,Affine,458.5992646217346,data2\n160p100\n160p100_rat_k16_output\affine\simple\seed_456\final_summary.json
Baseline,Affine,340.98827958106995,data2\n160p100\n160p100_rat_k16_output\affine\simple\seed_457\final_summary.json
Baseline,Affine,443.4647991657257,data2\n160p100\n160p100_rat_k16_output\affine\simple\seed_458\final_summary.json
Baseline,Affine,341.7580780982971,data2\n160p100\n160p100_rat_k16_output\affine\simple\seed_459\final_summary.json
Baseline,Affine,350.5266423225403,data2\n160p100\n160p100_rat_k16_output\affine\simple\seed_460\final_summary.json
Baseline,Affine,353.71978664398193,data2\n160p100\n160p100_rat_k16_output\affine\simple\seed_461\final_summary.json
Baseline,Affine,514.770364522934,data2\n160p100\n160p100_rat_k16_output\affine\simple\seed_462\final_summary.json
Baseline,Affine,658.4098954200745,data2\n160p100\n160p100_rat_k16_output\affine\simple\seed_463\final_summary.json
Baseline,Affine,445.6926007270813,data2\n160p100\n160p100_rat_k16_output\affine\simple\seed_464\final_summary.json
Baseline,Affine,351.9530429840088,data2\n160p100\n160p100_rat_k16_output\affine\simple\seed_465\final_summary.json
Baseline,Affine,494.6701695919037,data2\n160p100\n160p100_rat_k16_output\affine\simple\seed_466\final_summary.json
Baseline,Affine,3622.0110342502594,data2\n160p100\n160p100_rat_k16_output\affine\simple\seed_467\final_summary.json
Baseline,Affine,480.07967257499695,data2\n160p100\n160p100_rat_k16_output\affine\simple\seed_468\final_summary.json
Baseline,Affine,452.44740295410156,data2\n160p100\n160p100_rat_k16_output\affine\simple\seed_469\final_summary.json
Baseline,Affine,391.4337856769562,data2\n160p100\n160p100_rat_k16_output\affine\simple\seed_470\final_summary.json
Baseline,Affine,399.626971244812,data2\n160p100\n160p100_rat_k16_output\affine\simple\seed_471\final_summary.json
Baseline,Affine,385.2041652202606,data2\n160p100\n160p100_rat_k16_output\affine\simple\seed_472\final_summary.json
Baseline,Affine,367.4331302642822,data2\n160p100\n160p100_rat_k16_output\affine\simple\seed_473\final_summary.json
Baseline,Affine,530.0030725002289,data2\n160p100\n160p100_rat_k16_output\affine\simple\seed_474\final_summary.json
Baseline,Affine,335.40279030799866,data2\n160p100\n160p100_rat_k16_output\affine\simple\seed_475\final_summary.json
Baseline,Affine,341.5779302120209,data2\n160p100\n160p100_rat_k16_output\affine\simple\seed_476\final_summary.json
Baseline,Affine,413.86224341392517,data2\n160p100\n160p100_rat_k16_output\affine\simple\seed_477\final_summary.json
Baseline,Affine,344.6820430755615,data2\n160p100\n160p100_rat_k16_output\affine\simple\seed_478\final_summary.json
Baseline,Affine,369.6021218299866,data2\n160p100\n160p100_rat_k16_output\affine\simple\seed_479\final_summary.json
Baseline,Affine,350.07795667648315,data2\n160p100\n160p100_rat_k16_output\affine\simple\seed_480\final_summary.json
Baseline,Affine,449.572233915329,data2\n160p100\n160p100_rat_k16_output\affine\simple\seed_481\final_summary.json
Baseline,Affine,355.01934123039246,data2\n160p100\n160p100_rat_k16_output\affine\simple\seed_482\final_summary.json
Baseline,Affine,352.5341064929962,data2\n160p100\n160p100_rat_k16_output\affine\simple\seed_483\final_summary.json
Baseline,Affine,371.4788336753845,data2\n160p100\n160p100_rat_k16_output\affine\simple\seed_484\final_summary.json
Baseline,Affine,417.6619999408722,data2\n160p100\n160p100_rat_k16_output\affine\simple\seed_485\final_summary.json
Baseline,Affine,315.16828989982605,data2\n160p100\n160p100_rat_k16_output\affine\simple\seed_486\final_summary.json
Baseline,Affine,383.8721935749054,data2\n160p100\n160p100_rat_k16_output\affine\simple\seed_488\final_summary.json
Baseline,Affine,496.41788721084595,data2\n160p100\n160p100_rat_k16_output\affine\simple\seed_489\final_summary.json
Baseline,Affine,368.8299334049225,data2\n160p100\n160p100_rat_k16_output\affine\simple\seed_490\final_summary.json
Baseline,Affine,408.97899889945984,data2\n160p100\n160p100_rat_k16_output\affine\simple\seed_491\final_summary.json
Baseline,Affine,346.1798584461212,data2\n160p100\n160p100_rat_k16_output\affine\simple\seed_492\final_summary.json
Baseline,Affine,722.611572265625,data2\n160p100\n160p100_rat_k16_output\affine\simple\seed_493\final_summary.json
Baseline,Affine,339.99313855171204,data2\n160p100\n160p100_rat_k16_output\affine\simple\seed_494\final_summary.json
Baseline,Affine,364.20468378067017,data2\n160p100\n160p100_rat_k16_output\affine\simple\seed_495\final_summary.json
Baseline,Affine,336.3784215450287,data2\n160p100\n160p100_rat_k16_output\affine\simple\seed_496\final_summary.json
Baseline,Affine,334.6309084892273,data2\n160p100\n160p100_rat_k16_output\affine\simple\seed_497\final_summary.json
Baseline,Affine,347.03637433052063,data2\n160p100\n160p100_rat_k16_output\affine\simple\seed_498\final_summary.json
Baseline,Affine,344.04530453681946,data2\n160p100\n160p100_rat_k16_output\affine\simple\seed_499\final_summary.json
Low SNR,Deep MLP,753.3932068347931,data2\n160p100\n160p100_rat_k16_output\deep_mlp\low_snr\seed_400\final_summary.json
Low SNR,Deep MLP,987.0016419887543,data2\n160p100\n160p100_rat_k16_output\deep_mlp\low_snr\seed_401\final_summary.json
Low SNR,Deep MLP,860.9237449169159,data2\n160p100\n160p100_rat_k16_output\deep_mlp\low_snr\seed_402\final_summary.json
Low SNR,Deep MLP,695.9047210216522,data2\n160p100\n160p100_rat_k16_output\deep_mlp\low_snr\seed_403\final_summary.json
Low SNR,Deep MLP,683.0344088077545,data2\n160p100\n160p100_rat_k16_output\deep_mlp\low_snr\seed_404\final_summary.json
Low SNR,Deep MLP,596.2516443729401,data2\n160p100\n160p100_rat_k16_output\deep_mlp\low_snr\seed_405\final_summary.json
Low SNR,Deep MLP,641.7972111701965,data2\n160p100\n160p100_rat_k16_output\deep_mlp\low_snr\seed_406\final_summary.json
Low SNR,Deep MLP,934.0048701763153,data2\n160p100\n160p100_rat_k16_output\deep_mlp\low_snr\seed_407\final_summary.json
Low SNR,Deep MLP,1051.7197682857513,data2\n160p100\n160p100_rat_k16_output\deep_mlp\low_snr\seed_408\final_summary.json
Low SNR,Deep MLP,1406.2131695747375,data2\n160p100\n160p100_rat_k16_output\deep_mlp\low_snr\seed_409\final_summary.json
Low SNR,Deep MLP,1121.1684339046478,data2\n160p100\n160p100_rat_k16_output\deep_mlp\low_snr\seed_410\final_summary.json
Low SNR,Deep MLP,925.4912447929382,data2\n160p100\n160p100_rat_k16_output\deep_mlp\low_snr\seed_411\final_summary.json
Low SNR,Deep MLP,1417.4310631752014,data2\n160p100\n160p100_rat_k16_output\deep_mlp\low_snr\seed_412\final_summary.json
Low SNR,Deep MLP,1262.5737102031708,data2\n160p100\n160p100_rat_k16_output\deep_mlp\low_snr\seed_413\final_summary.json
Low SNR,Deep MLP,982.918128490448,data2\n160p100\n160p100_rat_k16_output\deep_mlp\low_snr\seed_414\final_summary.json
Low SNR,Deep MLP,1151.7484376430511,data2\n160p100\n160p100_rat_k16_output\deep_mlp\low_snr\seed_415\final_summary.json
Low SNR,Deep MLP,1022.407555103302,data2\n160p100\n160p100_rat_k16_output\deep_mlp\low_snr\seed_416\final_summary.json
Low SNR,Deep MLP,844.6858179569244,data2\n160p100\n160p100_rat_k16_output\deep_mlp\low_snr\seed_417\final_summary.json
Low SNR,Deep MLP,845.8286409378052,data2\n160p100\n160p100_rat_k16_output\deep_mlp\low_snr\seed_418\final_summary.json
Low SNR,Deep MLP,834.7168183326721,data2\n160p100\n160p100_rat_k16_output\deep_mlp\low_snr\seed_419\final_summary.json
Low SNR,Deep MLP,923.3125975131989,data2\n160p100\n160p100_rat_k16_output\deep_mlp\low_snr\seed_420\final_summary.json
Low SNR,Deep MLP,959.9816606044769,data2\n160p100\n160p100_rat_k16_output\deep_mlp\low_snr\seed_421\final_summary.json
Low SNR,Deep MLP,644.7868106365204,data2\n160p100\n160p100_rat_k16_output\deep_mlp\low_snr\seed_422\final_summary.json
Low SNR,Deep MLP,822.3539643287659,data2\n160p100\n160p100_rat_k16_output\deep_mlp\low_snr\seed_423\final_summary.json
Low SNR,Deep MLP,1245.3175146579742,data2\n160p100\n160p100_rat_k16_output\deep_mlp\low_snr\seed_424\final_summary.json
Low SNR,Deep MLP,985.4444460868835,data2\n160p100\n160p100_rat_k16_output\deep_mlp\low_snr\seed_425\final_summary.json
Low SNR,Deep MLP,912.1595978736877,data2\n160p100\n160p100_rat_k16_output\deep_mlp\low_snr\seed_426\final_summary.json
Low SNR,Deep MLP,1063.4526879787445,data2\n160p100\n160p100_rat_k16_output\deep_mlp\low_snr\seed_427\final_summary.json
Low SNR,Deep MLP,767.3150563240051,data2\n160p100\n160p100_rat_k16_output\deep_mlp\low_snr\seed_428\final_summary.json
Low SNR,Deep MLP,662.8942022323608,data2\n160p100\n160p100_rat_k16_output\deep_mlp\low_snr\seed_429\final_summary.json
Low SNR,Deep MLP,809.8998036384583,data2\n160p100\n160p100_rat_k16_output\deep_mlp\low_snr\seed_430\final_summary.json
Low SNR,Deep MLP,843.598851442337,data2\n160p100\n160p100_rat_k16_output\deep_mlp\low_snr\seed_431\final_summary.json
Low SNR,Deep MLP,656.7986135482788,data2\n160p100\n160p100_rat_k16_output\deep_mlp\low_snr\seed_432\final_summary.json
Low SNR,Deep MLP,1633.7415220737457,data2\n160p100\n160p100_rat_k16_output\deep_mlp\low_snr\seed_433\final_summary.json
Low SNR,Deep MLP,689.5422174930573,data2\n160p100\n160p100_rat_k16_output\deep_mlp\low_snr\seed_434\final_summary.json
Low SNR,Deep MLP,942.0918049812317,data2\n160p100\n160p100_rat_k16_output\deep_mlp\low_snr\seed_435\final_summary.json
Low SNR,Deep MLP,980.7879467010498,data2\n160p100\n160p100_rat_k16_output\deep_mlp\low_snr\seed_436\final_summary.json
Low SNR,Deep MLP,1607.224185705185,data2\n160p100\n160p100_rat_k16_output\deep_mlp\low_snr\seed_437\final_summary.json
Low SNR,Deep MLP,446.58625888824463,data2\n160p100\n160p100_rat_k16_output\deep_mlp\low_snr\seed_438\final_summary.json
Low SNR,Deep MLP,634.7309811115265,data2\n160p100\n160p100_rat_k16_output\deep_mlp\low_snr\seed_439\final_summary.json
Low SNR,Deep MLP,847.2607753276825,data2\n160p100\n160p100_rat_k16_output\deep_mlp\low_snr\seed_440\final_summary.json
Low SNR,Deep MLP,1384.1633303165436,data2\n160p100\n160p100_rat_k16_output\deep_mlp\low_snr\seed_441\final_summary.json
Low SNR,Deep MLP,752.9179322719574,data2\n160p100\n160p100_rat_k16_output\deep_mlp\low_snr\seed_442\final_summary.json
Low SNR,Deep MLP,637.165266752243,data2\n160p100\n160p100_rat_k16_output\deep_mlp\low_snr\seed_443\final_summary.json
Low SNR,Deep MLP,1242.0700857639313,data2\n160p100\n160p100_rat_k16_output\deep_mlp\low_snr\seed_444\final_summary.json
Low SNR,Deep MLP,890.1001834869385,data2\n160p100\n160p100_rat_k16_output\deep_mlp\low_snr\seed_445\final_summary.json
Low SNR,Deep MLP,833.2669107913971,data2\n160p100\n160p100_rat_k16_output\deep_mlp\low_snr\seed_446\final_summary.json
Low SNR,Deep MLP,828.6560192108154,data2\n160p100\n160p100_rat_k16_output\deep_mlp\low_snr\seed_447\final_summary.json
Low SNR,Deep MLP,1017.1884047985077,data2\n160p100\n160p100_rat_k16_output\deep_mlp\low_snr\seed_448\final_summary.json
Low SNR,Deep MLP,944.2142124176025,data2\n160p100\n160p100_rat_k16_output\deep_mlp\low_snr\seed_449\final_summary.json
Low SNR,Deep MLP,809.1917221546173,data2\n160p100\n160p100_rat_k16_output\deep_mlp\low_snr\seed_450\final_summary.json
Low SNR,Deep MLP,804.3702754974365,data2\n160p100\n160p100_rat_k16_output\deep_mlp\low_snr\seed_451\final_summary.json
Low SNR,Deep MLP,670.8324611186981,data2\n160p100\n160p100_rat_k16_output\deep_mlp\low_snr\seed_452\final_summary.json
Low SNR,Deep MLP,916.0823385715485,data2\n160p100\n160p100_rat_k16_output\deep_mlp\low_snr\seed_453\final_summary.json
Low SNR,Deep MLP,954.6126551628113,data2\n160p100\n160p100_rat_k16_output\deep_mlp\low_snr\seed_454\final_summary.json
Low SNR,Deep MLP,815.9223082065582,data2\n160p100\n160p100_rat_k16_output\deep_mlp\low_snr\seed_455\final_summary.json
Low SNR,Deep MLP,778.864063501358,data2\n160p100\n160p100_rat_k16_output\deep_mlp\low_snr\seed_456\final_summary.json
Low SNR,Deep MLP,975.475976228714,data2\n160p100\n160p100_rat_k16_output\deep_mlp\low_snr\seed_457\final_summary.json
Low SNR,Deep MLP,892.5712494850159,data2\n160p100\n160p100_rat_k16_output\deep_mlp\low_snr\seed_458\final_summary.json
Low SNR,Deep MLP,750.6684422492981,data2\n160p100\n160p100_rat_k16_output\deep_mlp\low_snr\seed_459\final_summary.json
Low SNR,Deep MLP,700.9022266864777,data2\n160p100\n160p100_rat_k16_output\deep_mlp\low_snr\seed_460\final_summary.json
Low SNR,Deep MLP,737.0595390796661,data2\n160p100\n160p100_rat_k16_output\deep_mlp\low_snr\seed_461\final_summary.json
Low SNR,Deep MLP,888.7649238109589,data2\n160p100\n160p100_rat_k16_output\deep_mlp\low_snr\seed_462\final_summary.json
Low SNR,Deep MLP,750.4840996265411,data2\n160p100\n160p100_rat_k16_output\deep_mlp\low_snr\seed_463\final_summary.json
Low SNR,Deep MLP,1831.7441878318787,data2\n160p100\n160p100_rat_k16_output\deep_mlp\low_snr\seed_464\final_summary.json
Low SNR,Deep MLP,712.6290416717529,data2\n160p100\n160p100_rat_k16_output\deep_mlp\low_snr\seed_465\final_summary.json
Low SNR,Deep MLP,749.6358625888824,data2\n160p100\n160p100_rat_k16_output\deep_mlp\low_snr\seed_466\final_summary.json
Low SNR,Deep MLP,922.6452174186707,data2\n160p100\n160p100_rat_k16_output\deep_mlp\low_snr\seed_467\final_summary.json
Low SNR,Deep MLP,798.8712770938873,data2\n160p100\n160p100_rat_k16_output\deep_mlp\low_snr\seed_468\final_summary.json
Low SNR,Deep MLP,699.3183288574219,data2\n160p100\n160p100_rat_k16_output\deep_mlp\low_snr\seed_469\final_summary.json
Low SNR,Deep MLP,736.8573744297028,data2\n160p100\n160p100_rat_k16_output\deep_mlp\low_snr\seed_470\final_summary.json
Low SNR,Deep MLP,804.5043849945068,data2\n160p100\n160p100_rat_k16_output\deep_mlp\low_snr\seed_471\final_summary.json
Low SNR,Deep MLP,844.4096901416779,data2\n160p100\n160p100_rat_k16_output\deep_mlp\low_snr\seed_472\final_summary.json
Low SNR,Deep MLP,1651.3457486629486,data2\n160p100\n160p100_rat_k16_output\deep_mlp\low_snr\seed_473\final_summary.json
Low SNR,Deep MLP,849.3990232944489,data2\n160p100\n160p100_rat_k16_output\deep_mlp\low_snr\seed_474\final_summary.json
Low SNR,Deep MLP,719.4404082298279,data2\n160p100\n160p100_rat_k16_output\deep_mlp\low_snr\seed_475\final_summary.json
Low SNR,Deep MLP,719.0271170139313,data2\n160p100\n160p100_rat_k16_output\deep_mlp\low_snr\seed_476\final_summary.json
Low SNR,Deep MLP,857.6426222324371,data2\n160p100\n160p100_rat_k16_output\deep_mlp\low_snr\seed_477\final_summary.json
Low SNR,Deep MLP,820.5476815700531,data2\n160p100\n160p100_rat_k16_output\deep_mlp\low_snr\seed_478\final_summary.json
Low SNR,Deep MLP,741.2449154853821,data2\n160p100\n160p100_rat_k16_output\deep_mlp\low_snr\seed_479\final_summary.json
Low SNR,Deep MLP,1400.1420969963074,data2\n160p100\n160p100_rat_k16_output\deep_mlp\low_snr\seed_480\final_summary.json
Low SNR,Deep MLP,853.0283949375153,data2\n160p100\n160p100_rat_k16_output\deep_mlp\low_snr\seed_481\final_summary.json
Low SNR,Deep MLP,831.0001375675201,data2\n160p100\n160p100_rat_k16_output\deep_mlp\low_snr\seed_482\final_summary.json
Low SNR,Deep MLP,753.0010623931885,data2\n160p100\n160p100_rat_k16_output\deep_mlp\low_snr\seed_483\final_summary.json
Low SNR,Deep MLP,944.0671162605286,data2\n160p100\n160p100_rat_k16_output\deep_mlp\low_snr\seed_484\final_summary.json
Low SNR,Deep MLP,804.5770499706268,data2\n160p100\n160p100_rat_k16_output\deep_mlp\low_snr\seed_485\final_summary.json
Low SNR,Deep MLP,833.9409880638123,data2\n160p100\n160p100_rat_k16_output\deep_mlp\low_snr\seed_486\final_summary.json
Low SNR,Deep MLP,851.3980762958527,data2\n160p100\n160p100_rat_k16_output\deep_mlp\low_snr\seed_487\final_summary.json
Low SNR,Deep MLP,798.9927978515625,data2\n160p100\n160p100_rat_k16_output\deep_mlp\low_snr\seed_488\final_summary.json
Low SNR,Deep MLP,655.9010057449341,data2\n160p100\n160p100_rat_k16_output\deep_mlp\low_snr\seed_489\final_summary.json
Low SNR,Deep MLP,679.5928401947021,data2\n160p100\n160p100_rat_k16_output\deep_mlp\low_snr\seed_490\final_summary.json
Low SNR,Deep MLP,834.3823177814484,data2\n160p100\n160p100_rat_k16_output\deep_mlp\low_snr\seed_491\final_summary.json
Low SNR,Deep MLP,874.6608910560608,data2\n160p100\n160p100_rat_k16_output\deep_mlp\low_snr\seed_492\final_summary.json
Low SNR,Deep MLP,868.6112632751465,data2\n160p100\n160p100_rat_k16_output\deep_mlp\low_snr\seed_493\final_summary.json
Low SNR,Deep MLP,746.997406244278,data2\n160p100\n160p100_rat_k16_output\deep_mlp\low_snr\seed_494\final_summary.json
Low SNR,Deep MLP,856.3951635360718,data2\n160p100\n160p100_rat_k16_output\deep_mlp\low_snr\seed_495\final_summary.json
Low SNR,Deep MLP,758.8559608459473,data2\n160p100\n160p100_rat_k16_output\deep_mlp\low_snr\seed_496\final_summary.json
Low SNR,Deep MLP,726.8280909061432,data2\n160p100\n160p100_rat_k16_output\deep_mlp\low_snr\seed_497\final_summary.json
Low SNR,Deep MLP,890.2130961418152,data2\n160p100\n160p100_rat_k16_output\deep_mlp\low_snr\seed_498\final_summary.json
Low SNR,Deep MLP,717.8042616844177,data2\n160p100\n160p100_rat_k16_output\deep_mlp\low_snr\seed_499\final_summary.json
Baseline,Deep MLP,1155.182226896286,data2\n160p100\n160p100_rat_k16_output\deep_mlp\simple\seed_400\final_summary.json
Baseline,Deep MLP,863.3466227054596,data2\n160p100\n160p100_rat_k16_output\deep_mlp\simple\seed_401\final_summary.json
Baseline,Deep MLP,896.4758388996124,data2\n160p100\n160p100_rat_k16_output\deep_mlp\simple\seed_402\final_summary.json
Baseline,Deep MLP,1038.9654099941254,data2\n160p100\n160p100_rat_k16_output\deep_mlp\simple\seed_403\final_summary.json
Baseline,Deep MLP,847.9013404846191,data2\n160p100\n160p100_rat_k16_output\deep_mlp\simple\seed_404\final_summary.json
Baseline,Deep MLP,1255.5696494579315,data2\n160p100\n160p100_rat_k16_output\deep_mlp\simple\seed_405\final_summary.json
Baseline,Deep MLP,974.8422546386719,data2\n160p100\n160p100_rat_k16_output\deep_mlp\simple\seed_406\final_summary.json
Baseline,Deep MLP,790.3508386611938,data2\n160p100\n160p100_rat_k16_output\deep_mlp\simple\seed_407\final_summary.json
Baseline,Deep MLP,801.8875825405121,data2\n160p100\n160p100_rat_k16_output\deep_mlp\simple\seed_408\final_summary.json
Baseline,Deep MLP,777.8659031391144,data2\n160p100\n160p100_rat_k16_output\deep_mlp\simple\seed_409\final_summary.json
Baseline,Deep MLP,862.6489126682281,data2\n160p100\n160p100_rat_k16_output\deep_mlp\simple\seed_410\final_summary.json
Baseline,Deep MLP,989.4083707332611,data2\n160p100\n160p100_rat_k16_output\deep_mlp\simple\seed_411\final_summary.json
Baseline,Deep MLP,1049.1800401210785,data2\n160p100\n160p100_rat_k16_output\deep_mlp\simple\seed_412\final_summary.json
Baseline,Deep MLP,1512.8900787830353,data2\n160p100\n160p100_rat_k16_output\deep_mlp\simple\seed_413\final_summary.json
Baseline,Deep MLP,776.5121083259583,data2\n160p100\n160p100_rat_k16_output\deep_mlp\simple\seed_414\final_summary.json
Baseline,Deep MLP,822.2778542041779,data2\n160p100\n160p100_rat_k16_output\deep_mlp\simple\seed_415\final_summary.json
Baseline,Deep MLP,950.9985008239746,data2\n160p100\n160p100_rat_k16_output\deep_mlp\simple\seed_416\final_summary.json
Baseline,Deep MLP,934.760073184967,data2\n160p100\n160p100_rat_k16_output\deep_mlp\simple\seed_417\final_summary.json
Baseline,Deep MLP,786.0839340686798,data2\n160p100\n160p100_rat_k16_output\deep_mlp\simple\seed_418\final_summary.json
Baseline,Deep MLP,974.4109590053558,data2\n160p100\n160p100_rat_k16_output\deep_mlp\simple\seed_419\final_summary.json
Baseline,Deep MLP,1235.0277252197266,data2\n160p100\n160p100_rat_k16_output\deep_mlp\simple\seed_420\final_summary.json
Baseline,Deep MLP,840.4092786312103,data2\n160p100\n160p100_rat_k16_output\deep_mlp\simple\seed_421\final_summary.json
Baseline,Deep MLP,976.3475019931793,data2\n160p100\n160p100_rat_k16_output\deep_mlp\simple\seed_422\final_summary.json
Baseline,Deep MLP,880.4322984218597,data2\n160p100\n160p100_rat_k16_output\deep_mlp\simple\seed_423\final_summary.json
Baseline,Deep MLP,807.6276624202728,data2\n160p100\n160p100_rat_k16_output\deep_mlp\simple\seed_424\final_summary.json
Baseline,Deep MLP,775.4016182422638,data2\n160p100\n160p100_rat_k16_output\deep_mlp\simple\seed_425\final_summary.json
Baseline,Deep MLP,1660.1711130142212,data2\n160p100\n160p100_rat_k16_output\deep_mlp\simple\seed_426\final_summary.json
Baseline,Deep MLP,1004.5098164081573,data2\n160p100\n160p100_rat_k16_output\deep_mlp\simple\seed_427\final_summary.json
Baseline,Deep MLP,961.2360763549805,data2\n160p100\n160p100_rat_k16_output\deep_mlp\simple\seed_428\final_summary.json
Baseline,Deep MLP,789.894505739212,data2\n160p100\n160p100_rat_k16_output\deep_mlp\simple\seed_429\final_summary.json
Baseline,Deep MLP,1213.690006017685,data2\n160p100\n160p100_rat_k16_output\deep_mlp\simple\seed_430\final_summary.json
Baseline,Deep MLP,856.2772159576416,data2\n160p100\n160p100_rat_k16_output\deep_mlp\simple\seed_431\final_summary.json
Baseline,Deep MLP,884.8069610595703,data2\n160p100\n160p100_rat_k16_output\deep_mlp\simple\seed_432\final_summary.json
Baseline,Deep MLP,864.3707454204559,data2\n160p100\n160p100_rat_k16_output\deep_mlp\simple\seed_433\final_summary.json
Baseline,Deep MLP,922.4624226093292,data2\n160p100\n160p100_rat_k16_output\deep_mlp\simple\seed_434\final_summary.json
Baseline,Deep MLP,791.3420882225037,data2\n160p100\n160p100_rat_k16_output\deep_mlp\simple\seed_435\final_summary.json
Baseline,Deep MLP,934.7382173538208,data2\n160p100\n160p100_rat_k16_output\deep_mlp\simple\seed_436\final_summary.json
Baseline,Deep MLP,798.5498478412628,data2\n160p100\n160p100_rat_k16_output\deep_mlp\simple\seed_437\final_summary.json
Baseline,Deep MLP,916.7956969738007,data2\n160p100\n160p100_rat_k16_output\deep_mlp\simple\seed_438\final_summary.json
Baseline,Deep MLP,844.0849609375,data2\n160p100\n160p100_rat_k16_output\deep_mlp\simple\seed_439\final_summary.json
Baseline,Deep MLP,1036.0043692588806,data2\n160p100\n160p100_rat_k16_output\deep_mlp\simple\seed_440\final_summary.json
Baseline,Deep MLP,785.9410834312439,data2\n160p100\n160p100_rat_k16_output\deep_mlp\simple\seed_441\final_summary.json
Baseline,Deep MLP,1386.8679003715515,data2\n160p100\n160p100_rat_k16_output\deep_mlp\simple\seed_442\final_summary.json
Baseline,Deep MLP,1057.2367238998413,data2\n160p100\n160p100_rat_k16_output\deep_mlp\simple\seed_443\final_summary.json
Baseline,Deep MLP,918.6372690200806,data2\n160p100\n160p100_rat_k16_output\deep_mlp\simple\seed_444\final_summary.json
Baseline,Deep MLP,811.7349758148193,data2\n160p100\n160p100_rat_k16_output\deep_mlp\simple\seed_445\final_summary.json
Baseline,Deep MLP,979.9555022716522,data2\n160p100\n160p100_rat_k16_output\deep_mlp\simple\seed_446\final_summary.json
Baseline,Deep MLP,806.8916835784912,data2\n160p100\n160p100_rat_k16_output\deep_mlp\simple\seed_447\final_summary.json
Baseline,Deep MLP,960.294145822525,data2\n160p100\n160p100_rat_k16_output\deep_mlp\simple\seed_448\final_summary.json
Baseline,Deep MLP,807.5641982555389,data2\n160p100\n160p100_rat_k16_output\deep_mlp\simple\seed_449\final_summary.json
Baseline,Deep MLP,855.8499593734741,data2\n160p100\n160p100_rat_k16_output\deep_mlp\simple\seed_450\final_summary.json
Baseline,Deep MLP,744.3562748432159,data2\n160p100\n160p100_rat_k16_output\deep_mlp\simple\seed_451\final_summary.json
Baseline,Deep MLP,778.463547706604,data2\n160p100\n160p100_rat_k16_output\deep_mlp\simple\seed_452\final_summary.json
Baseline,Deep MLP,924.8657829761505,data2\n160p100\n160p100_rat_k16_output\deep_mlp\simple\seed_453\final_summary.json
Baseline,Deep MLP,860.9961695671082,data2\n160p100\n160p100_rat_k16_output\deep_mlp\simple\seed_454\final_summary.json
Baseline,Deep MLP,906.6269011497498,data2\n160p100\n160p100_rat_k16_output\deep_mlp\simple\seed_455\final_summary.json
Baseline,Deep MLP,1030.3507936000824,data2\n160p100\n160p100_rat_k16_output\deep_mlp\simple\seed_456\final_summary.json
Baseline,Deep MLP,1275.5653433799744,data2\n160p100\n160p100_rat_k16_output\deep_mlp\simple\seed_457\final_summary.json
Baseline,Deep MLP,968.5662791728973,data2\n160p100\n160p100_rat_k16_output\deep_mlp\simple\seed_458\final_summary.json
Baseline,Deep MLP,966.9342095851898,data2\n160p100\n160p100_rat_k16_output\deep_mlp\simple\seed_459\final_summary.json
Baseline,Deep MLP,1041.8670299053192,data2\n160p100\n160p100_rat_k16_output\deep_mlp\simple\seed_460\final_summary.json
Baseline,Deep MLP,872.5002822875977,data2\n160p100\n160p100_rat_k16_output\deep_mlp\simple\seed_461\final_summary.json
Baseline,Deep MLP,875.82435131073,data2\n160p100\n160p100_rat_k16_output\deep_mlp\simple\seed_462\final_summary.json
Baseline,Deep MLP,1137.0037178993225,data2\n160p100\n160p100_rat_k16_output\deep_mlp\simple\seed_463\final_summary.json
Baseline,Deep MLP,914.8725366592407,data2\n160p100\n160p100_rat_k16_output\deep_mlp\simple\seed_464\final_summary.json
Baseline,Deep MLP,884.3412606716156,data2\n160p100\n160p100_rat_k16_output\deep_mlp\simple\seed_465\final_summary.json
Baseline,Deep MLP,845.3640162944794,data2\n160p100\n160p100_rat_k16_output\deep_mlp\simple\seed_466\final_summary.json
Baseline,Deep MLP,979.7131216526031,data2\n160p100\n160p100_rat_k16_output\deep_mlp\simple\seed_467\final_summary.json
Baseline,Deep MLP,920.2955873012543,data2\n160p100\n160p100_rat_k16_output\deep_mlp\simple\seed_468\final_summary.json
Baseline,Deep MLP,947.7851634025574,data2\n160p100\n160p100_rat_k16_output\deep_mlp\simple\seed_469\final_summary.json
Baseline,Deep MLP,914.5243186950684,data2\n160p100\n160p100_rat_k16_output\deep_mlp\simple\seed_470\final_summary.json
Baseline,Deep MLP,939.4309275150299,data2\n160p100\n160p100_rat_k16_output\deep_mlp\simple\seed_471\final_summary.json
Baseline,Deep MLP,898.1803476810455,data2\n160p100\n160p100_rat_k16_output\deep_mlp\simple\seed_472\final_summary.json
Baseline,Deep MLP,931.3202183246613,data2\n160p100\n160p100_rat_k16_output\deep_mlp\simple\seed_473\final_summary.json
Baseline,Deep MLP,955.9324851036072,data2\n160p100\n160p100_rat_k16_output\deep_mlp\simple\seed_474\final_summary.json
Baseline,Deep MLP,1077.2416412830353,data2\n160p100\n160p100_rat_k16_output\deep_mlp\simple\seed_475\final_summary.json
Baseline,Deep MLP,965.1115498542786,data2\n160p100\n160p100_rat_k16_output\deep_mlp\simple\seed_476\final_summary.json
Baseline,Deep MLP,885.7049441337585,data2\n160p100\n160p100_rat_k16_output\deep_mlp\simple\seed_477\final_summary.json
Baseline,Deep MLP,1055.0957169532776,data2\n160p100\n160p100_rat_k16_output\deep_mlp\simple\seed_478\final_summary.json
Baseline,Deep MLP,1109.111806154251,data2\n160p100\n160p100_rat_k16_output\deep_mlp\simple\seed_479\final_summary.json
Baseline,Deep MLP,1443.403713941574,data2\n160p100\n160p100_rat_k16_output\deep_mlp\simple\seed_480\final_summary.json
Baseline,Deep MLP,964.3976972103119,data2\n160p100\n160p100_rat_k16_output\deep_mlp\simple\seed_481\final_summary.json
Baseline,Deep MLP,984.2634031772614,data2\n160p100\n160p100_rat_k16_output\deep_mlp\simple\seed_482\final_summary.json
Baseline,Deep MLP,763.7607107162476,data2\n160p100\n160p100_rat_k16_output\deep_mlp\simple\seed_483\final_summary.json
Baseline,Deep MLP,895.7933604717255,data2\n160p100\n160p100_rat_k16_output\deep_mlp\simple\seed_484\final_summary.json
Baseline,Deep MLP,728.2139048576355,data2\n160p100\n160p100_rat_k16_output\deep_mlp\simple\seed_485\final_summary.json
Baseline,Deep MLP,1427.7843041419983,data2\n160p100\n160p100_rat_k16_output\deep_mlp\simple\seed_486\final_summary.json
Baseline,Deep MLP,805.1882572174072,data2\n160p100\n160p100_rat_k16_output\deep_mlp\simple\seed_487\final_summary.json
Baseline,Deep MLP,929.1134309768677,data2\n160p100\n160p100_rat_k16_output\deep_mlp\simple\seed_488\final_summary.json
Baseline,Deep MLP,910.1982164382935,data2\n160p100\n160p100_rat_k16_output\deep_mlp\simple\seed_489\final_summary.json
Baseline,Deep MLP,952.0732233524323,data2\n160p100\n160p100_rat_k16_output\deep_mlp\simple\seed_490\final_summary.json
Baseline,Deep MLP,716.8655285835266,data2\n160p100\n160p100_rat_k16_output\deep_mlp\simple\seed_491\final_summary.json
Baseline,Deep MLP,914.5703752040863,data2\n160p100\n160p100_rat_k16_output\deep_mlp\simple\seed_492\final_summary.json
Baseline,Deep MLP,919.5510461330414,data2\n160p100\n160p100_rat_k16_output\deep_mlp\simple\seed_493\final_summary.json
Baseline,Deep MLP,942.5204648971558,data2\n160p100\n160p100_rat_k16_output\deep_mlp\simple\seed_494\final_summary.json
Baseline,Deep MLP,808.1201646327972,data2\n160p100\n160p100_rat_k16_output\deep_mlp\simple\seed_495\final_summary.json
Baseline,Deep MLP,867.6737811565399,data2\n160p100\n160p100_rat_k16_output\deep_mlp\simple\seed_496\final_summary.json
Baseline,Deep MLP,995.7460389137268,data2\n160p100\n160p100_rat_k16_output\deep_mlp\simple\seed_497\final_summary.json
Baseline,Deep MLP,1002.9498767852783,data2\n160p100\n160p100_rat_k16_output\deep_mlp\simple\seed_498\final_summary.json
Baseline,Deep MLP,773.5075225830078,data2\n160p100\n160p100_rat_k16_output\deep_mlp\simple\seed_499\final_summary.json
Weak signals,Deep MLP,1726.3838777542114,data2\n160p100\n160p100_rat_k16_output\deep_mlp\weak_signal\seed_400\final_summary.json
Weak signals,Deep MLP,4572.325408220291,data2\n160p100\n160p100_rat_k16_output\deep_mlp\weak_signal\seed_401\final_summary.json
Weak signals,Deep MLP,691.3315427303314,data2\n160p100\n160p100_rat_k16_output\deep_mlp\weak_signal\seed_403\final_summary.json
Weak signals,Deep MLP,981.1904649734497,data2\n160p100\n160p100_rat_k16_output\deep_mlp\weak_signal\seed_405\final_summary.json
Weak signals,Deep MLP,794.4453246593475,data2\n160p100\n160p100_rat_k16_output\deep_mlp\weak_signal\seed_409\final_summary.json
Weak signals,Deep MLP,909.0605223178864,data2\n160p100\n160p100_rat_k16_output\deep_mlp\weak_signal\seed_411\final_summary.json
Weak signals,Deep MLP,680.9572560787201,data2\n160p100\n160p100_rat_k16_output\deep_mlp\weak_signal\seed_412\final_summary.json
Weak signals,Deep MLP,651.8977153301239,data2\n160p100\n160p100_rat_k16_output\deep_mlp\weak_signal\seed_414\final_summary.json
Weak signals,Deep MLP,717.5121200084686,data2\n160p100\n160p100_rat_k16_output\deep_mlp\weak_signal\seed_417\final_summary.json
Weak signals,Deep MLP,664.0138809680939,data2\n160p100\n160p100_rat_k16_output\deep_mlp\weak_signal\seed_418\final_summary.json
Weak signals,Deep MLP,866.3709433078766,data2\n160p100\n160p100_rat_k16_output\deep_mlp\weak_signal\seed_420\final_summary.json
Weak signals,Deep MLP,1268.0223774909973,data2\n160p100\n160p100_rat_k16_output\deep_mlp\weak_signal\seed_423\final_summary.json
Weak signals,Deep MLP,1363.9923720359802,data2\n160p100\n160p100_rat_k16_output\deep_mlp\weak_signal\seed_425\final_summary.json
Weak signals,Deep MLP,810.4525065422058,data2\n160p100\n160p100_rat_k16_output\deep_mlp\weak_signal\seed_426\final_summary.json
Weak signals,Deep MLP,729.4386403560638,data2\n160p100\n160p100_rat_k16_output\deep_mlp\weak_signal\seed_427\final_summary.json
Weak signals,Deep MLP,697.3657331466675,data2\n160p100\n160p100_rat_k16_output\deep_mlp\weak_signal\seed_428\final_summary.json
Weak signals,Deep MLP,969.4117383956909,data2\n160p100\n160p100_rat_k16_output\deep_mlp\weak_signal\seed_429\final_summary.json
Weak signals,Deep MLP,704.7945482730865,data2\n160p100\n160p100_rat_k16_output\deep_mlp\weak_signal\seed_432\final_summary.json
Weak signals,Deep MLP,739.1465752124786,data2\n160p100\n160p100_rat_k16_output\deep_mlp\weak_signal\seed_433\final_summary.json
Weak signals,Deep MLP,816.4273028373718,data2\n160p100\n160p100_rat_k16_output\deep_mlp\weak_signal\seed_434\final_summary.json
Weak signals,Deep MLP,680.6315987110138,data2\n160p100\n160p100_rat_k16_output\deep_mlp\weak_signal\seed_442\final_summary.json
Weak signals,Deep MLP,802.5244107246399,data2\n160p100\n160p100_rat_k16_output\deep_mlp\weak_signal\seed_444\final_summary.json
Weak signals,Deep MLP,1208.1838200092316,data2\n160p100\n160p100_rat_k16_output\deep_mlp\weak_signal\seed_447\final_summary.json
Weak signals,Deep MLP,905.2571794986725,data2\n160p100\n160p100_rat_k16_output\deep_mlp\weak_signal\seed_450\final_summary.json
Weak signals,Deep MLP,901.3278222084045,data2\n160p100\n160p100_rat_k16_output\deep_mlp\weak_signal\seed_456\final_summary.json
Weak signals,Deep MLP,961.3821997642517,data2\n160p100\n160p100_rat_k16_output\deep_mlp\weak_signal\seed_461\final_summary.json
Weak signals,Deep MLP,699.124253988266,data2\n160p100\n160p100_rat_k16_output\deep_mlp\weak_signal\seed_464\final_summary.json
Weak signals,Deep MLP,714.8955357074738,data2\n160p100\n160p100_rat_k16_output\deep_mlp\weak_signal\seed_465\final_summary.json
Weak signals,Deep MLP,630.3632225990295,data2\n160p100\n160p100_rat_k16_output\deep_mlp\weak_signal\seed_467\final_summary.json
Weak signals,Deep MLP,900.1133983135223,data2\n160p100\n160p100_rat_k16_output\deep_mlp\weak_signal\seed_468\final_summary.json
Weak signals,Deep MLP,799.453896522522,data2\n160p100\n160p100_rat_k16_output\deep_mlp\weak_signal\seed_469\final_summary.json
Weak signals,Deep MLP,1095.2995533943176,data2\n160p100\n160p100_rat_k16_output\deep_mlp\weak_signal\seed_474\final_summary.json
Weak signals,Deep MLP,629.8956818580627,data2\n160p100\n160p100_rat_k16_output\deep_mlp\weak_signal\seed_476\final_summary.json
Weak signals,Deep MLP,868.612676858902,data2\n160p100\n160p100_rat_k16_output\deep_mlp\weak_signal\seed_479\final_summary.json
Weak signals,Deep MLP,883.7878005504608,data2\n160p100\n160p100_rat_k16_output\deep_mlp\weak_signal\seed_484\final_summary.json
Weak signals,Deep MLP,930.8585970401764,data2\n160p100\n160p100_rat_k16_output\deep_mlp\weak_signal\seed_488\final_summary.json
Weak signals,Deep MLP,771.958039522171,data2\n160p100\n160p100_rat_k16_output\deep_mlp\weak_signal\seed_489\final_summary.json
Weak signals,Deep MLP,678.9033071994781,data2\n160p100\n160p100_rat_k16_output\deep_mlp\weak_signal\seed_490\final_summary.json
Weak signals,Deep MLP,731.1468298435211,data2\n160p100\n160p100_rat_k16_output\deep_mlp\weak_signal\seed_495\final_summary.json
Weak signals,Deep MLP,746.7216596603394,data2\n160p100\n160p100_rat_k16_output\deep_mlp\weak_signal\seed_496\final_summary.json
Weak signals,Deep MLP,761.2360184192657,data2\n160p100\n160p100_rat_k16_output\deep_mlp\weak_signal\seed_497\final_summary.json
Weak signals,Deep MLP,714.7207109928131,data2\n160p100\n160p100_rat_k16_output\deep_mlp\weak_signal\seed_498\final_summary.json
Weak signals,Deep MLP,634.3452413082123,data2\n160p100\n160p100_rat_k16_output\deep_mlp\weak_signal\seed_499\final_summary.json
Low SNR,Mean-field,20.023149967193604,data2\n160p100\n160p100_rat_k16_output\meanfield\low_snr\seed_400\final_summary.json
Low SNR,Mean-field,21.084331035614014,data2\n160p100\n160p100_rat_k16_output\meanfield\low_snr\seed_401\final_summary.json
Low SNR,Mean-field,12.720927000045776,data2\n160p100\n160p100_rat_k16_output\meanfield\low_snr\seed_402\final_summary.json
Low SNR,Mean-field,16.63725471496582,data2\n160p100\n160p100_rat_k16_output\meanfield\low_snr\seed_403\final_summary.json
Low SNR,Mean-field,21.356854677200317,data2\n160p100\n160p100_rat_k16_output\meanfield\low_snr\seed_404\final_summary.json
Low SNR,Mean-field,32.99811005592346,data2\n160p100\n160p100_rat_k16_output\meanfield\low_snr\seed_405\final_summary.json
Low SNR,Mean-field,16.719576597213745,data2\n160p100\n160p100_rat_k16_output\meanfield\low_snr\seed_406\final_summary.json
Low SNR,Mean-field,15.135409593582153,data2\n160p100\n160p100_rat_k16_output\meanfield\low_snr\seed_407\final_summary.json
Low SNR,Mean-field,24.025660514831543,data2\n160p100\n160p100_rat_k16_output\meanfield\low_snr\seed_408\final_summary.json
Low SNR,Mean-field,11.497390270233154,data2\n160p100\n160p100_rat_k16_output\meanfield\low_snr\seed_409\final_summary.json
Low SNR,Mean-field,13.835986852645874,data2\n160p100\n160p100_rat_k16_output\meanfield\low_snr\seed_410\final_summary.json
Low SNR,Mean-field,20.45252275466919,data2\n160p100\n160p100_rat_k16_output\meanfield\low_snr\seed_411\final_summary.json
Low SNR,Mean-field,13.120771169662476,data2\n160p100\n160p100_rat_k16_output\meanfield\low_snr\seed_412\final_summary.json
Low SNR,Mean-field,13.466319799423218,data2\n160p100\n160p100_rat_k16_output\meanfield\low_snr\seed_413\final_summary.json
Low SNR,Mean-field,134.53713870048523,data2\n160p100\n160p100_rat_k16_output\meanfield\low_snr\seed_414\final_summary.json
Low SNR,Mean-field,13.761596918106079,data2\n160p100\n160p100_rat_k16_output\meanfield\low_snr\seed_415\final_summary.json
Low SNR,Mean-field,39.21926164627075,data2\n160p100\n160p100_rat_k16_output\meanfield\low_snr\seed_416\final_summary.json
Low SNR,Mean-field,15.581413507461548,data2\n160p100\n160p100_rat_k16_output\meanfield\low_snr\seed_417\final_summary.json
Low SNR,Mean-field,17.31566047668457,data2\n160p100\n160p100_rat_k16_output\meanfield\low_snr\seed_418\final_summary.json
Low SNR,Mean-field,14.045344114303589,data2\n160p100\n160p100_rat_k16_output\meanfield\low_snr\seed_419\final_summary.json
Low SNR,Mean-field,22.94038152694702,data2\n160p100\n160p100_rat_k16_output\meanfield\low_snr\seed_420\final_summary.json
Low SNR,Mean-field,13.811362028121948,data2\n160p100\n160p100_rat_k16_output\meanfield\low_snr\seed_421\final_summary.json
Low SNR,Mean-field,13.290598154067993,data2\n160p100\n160p100_rat_k16_output\meanfield\low_snr\seed_422\final_summary.json
Low SNR,Mean-field,12.607053995132446,data2\n160p100\n160p100_rat_k16_output\meanfield\low_snr\seed_423\final_summary.json
Low SNR,Mean-field,14.94984745979309,data2\n160p100\n160p100_rat_k16_output\meanfield\low_snr\seed_424\final_summary.json
Low SNR,Mean-field,14.589510440826416,data2\n160p100\n160p100_rat_k16_output\meanfield\low_snr\seed_425\final_summary.json
Low SNR,Mean-field,36.5267174243927,data2\n160p100\n160p100_rat_k16_output\meanfield\low_snr\seed_426\final_summary.json
Low SNR,Mean-field,15.670315980911255,data2\n160p100\n160p100_rat_k16_output\meanfield\low_snr\seed_427\final_summary.json
Low SNR,Mean-field,14.864980220794678,data2\n160p100\n160p100_rat_k16_output\meanfield\low_snr\seed_428\final_summary.json
Low SNR,Mean-field,14.866705417633057,data2\n160p100\n160p100_rat_k16_output\meanfield\low_snr\seed_429\final_summary.json
Low SNR,Mean-field,15.402799367904663,data2\n160p100\n160p100_rat_k16_output\meanfield\low_snr\seed_430\final_summary.json
Low SNR,Mean-field,14.162104845046997,data2\n160p100\n160p100_rat_k16_output\meanfield\low_snr\seed_431\final_summary.json
Low SNR,Mean-field,17.208114862442017,data2\n160p100\n160p100_rat_k16_output\meanfield\low_snr\seed_432\final_summary.json
Low SNR,Mean-field,11.762121677398682,data2\n160p100\n160p100_rat_k16_output\meanfield\low_snr\seed_433\final_summary.json
Low SNR,Mean-field,201.27002429962158,data2\n160p100\n160p100_rat_k16_output\meanfield\low_snr\seed_434\final_summary.json
Low SNR,Mean-field,29.704909563064575,data2\n160p100\n160p100_rat_k16_output\meanfield\low_snr\seed_435\final_summary.json
Low SNR,Mean-field,68.28366565704346,data2\n160p100\n160p100_rat_k16_output\meanfield\low_snr\seed_436\final_summary.json
Low SNR,Mean-field,28.18958854675293,data2\n160p100\n160p100_rat_k16_output\meanfield\low_snr\seed_437\final_summary.json
Low SNR,Mean-field,12.077484369277954,data2\n160p100\n160p100_rat_k16_output\meanfield\low_snr\seed_438\final_summary.json
Low SNR,Mean-field,255.0246706008911,data2\n160p100\n160p100_rat_k16_output\meanfield\low_snr\seed_439\final_summary.json
Low SNR,Mean-field,283.1694748401642,data2\n160p100\n160p100_rat_k16_output\meanfield\low_snr\seed_440\final_summary.json
Low SNR,Mean-field,18.766034603118896,data2\n160p100\n160p100_rat_k16_output\meanfield\low_snr\seed_441\final_summary.json
Low SNR,Mean-field,15.80506443977356,data2\n160p100\n160p100_rat_k16_output\meanfield\low_snr\seed_442\final_summary.json
Low SNR,Mean-field,13.36241888999939,data2\n160p100\n160p100_rat_k16_output\meanfield\low_snr\seed_443\final_summary.json
Low SNR,Mean-field,14.019978523254395,data2\n160p100\n160p100_rat_k16_output\meanfield\low_snr\seed_444\final_summary.json
Low SNR,Mean-field,18.969055652618408,data2\n160p100\n160p100_rat_k16_output\meanfield\low_snr\seed_445\final_summary.json
Low SNR,Mean-field,96.42583203315735,data2\n160p100\n160p100_rat_k16_output\meanfield\low_snr\seed_446\final_summary.json
Low SNR,Mean-field,15.340466737747192,data2\n160p100\n160p100_rat_k16_output\meanfield\low_snr\seed_447\final_summary.json
Low SNR,Mean-field,13.472541570663452,data2\n160p100\n160p100_rat_k16_output\meanfield\low_snr\seed_448\final_summary.json
Low SNR,Mean-field,65.14758014678955,data2\n160p100\n160p100_rat_k16_output\meanfield\low_snr\seed_449\final_summary.json
Low SNR,Mean-field,17.22434115409851,data2\n160p100\n160p100_rat_k16_output\meanfield\low_snr\seed_450\final_summary.json
Low SNR,Mean-field,16.89625120162964,data2\n160p100\n160p100_rat_k16_output\meanfield\low_snr\seed_451\final_summary.json
Low SNR,Mean-field,12.954418897628784,data2\n160p100\n160p100_rat_k16_output\meanfield\low_snr\seed_452\final_summary.json
Low SNR,Mean-field,13.218249797821045,data2\n160p100\n160p100_rat_k16_output\meanfield\low_snr\seed_453\final_summary.json
Low SNR,Mean-field,13.037709474563599,data2\n160p100\n160p100_rat_k16_output\meanfield\low_snr\seed_454\final_summary.json
Low SNR,Mean-field,13.75290298461914,data2\n160p100\n160p100_rat_k16_output\meanfield\low_snr\seed_455\final_summary.json
Low SNR,Mean-field,12.15765643119812,data2\n160p100\n160p100_rat_k16_output\meanfield\low_snr\seed_456\final_summary.json
Low SNR,Mean-field,23.269598245620728,data2\n160p100\n160p100_rat_k16_output\meanfield\low_snr\seed_457\final_summary.json
Low SNR,Mean-field,16.110687971115112,data2\n160p100\n160p100_rat_k16_output\meanfield\low_snr\seed_458\final_summary.json
Low SNR,Mean-field,14.568311214447021,data2\n160p100\n160p100_rat_k16_output\meanfield\low_snr\seed_459\final_summary.json
Low SNR,Mean-field,16.91672420501709,data2\n160p100\n160p100_rat_k16_output\meanfield\low_snr\seed_460\final_summary.json
Low SNR,Mean-field,12.510009527206421,data2\n160p100\n160p100_rat_k16_output\meanfield\low_snr\seed_461\final_summary.json
Low SNR,Mean-field,17.19094181060791,data2\n160p100\n160p100_rat_k16_output\meanfield\low_snr\seed_462\final_summary.json
Low SNR,Mean-field,46.46455907821655,data2\n160p100\n160p100_rat_k16_output\meanfield\low_snr\seed_463\final_summary.json
Low SNR,Mean-field,12.319413900375366,data2\n160p100\n160p100_rat_k16_output\meanfield\low_snr\seed_464\final_summary.json
Low SNR,Mean-field,28.720243453979492,data2\n160p100\n160p100_rat_k16_output\meanfield\low_snr\seed_465\final_summary.json
Low SNR,Mean-field,14.843334436416626,data2\n160p100\n160p100_rat_k16_output\meanfield\low_snr\seed_466\final_summary.json
Low SNR,Mean-field,18.372655868530273,data2\n160p100\n160p100_rat_k16_output\meanfield\low_snr\seed_467\final_summary.json
Low SNR,Mean-field,31.905036211013794,data2\n160p100\n160p100_rat_k16_output\meanfield\low_snr\seed_468\final_summary.json
Low SNR,Mean-field,10.911303520202637,data2\n160p100\n160p100_rat_k16_output\meanfield\low_snr\seed_469\final_summary.json
Low SNR,Mean-field,17.013890266418457,data2\n160p100\n160p100_rat_k16_output\meanfield\low_snr\seed_470\final_summary.json
Low SNR,Mean-field,22.882891178131104,data2\n160p100\n160p100_rat_k16_output\meanfield\low_snr\seed_471\final_summary.json
Low SNR,Mean-field,11.639506578445435,data2\n160p100\n160p100_rat_k16_output\meanfield\low_snr\seed_472\final_summary.json
Low SNR,Mean-field,13.884305953979492,data2\n160p100\n160p100_rat_k16_output\meanfield\low_snr\seed_473\final_summary.json
Low SNR,Mean-field,52.11361813545227,data2\n160p100\n160p100_rat_k16_output\meanfield\low_snr\seed_474\final_summary.json
Low SNR,Mean-field,15.054962635040283,data2\n160p100\n160p100_rat_k16_output\meanfield\low_snr\seed_475\final_summary.json
Low SNR,Mean-field,16.557729482650757,data2\n160p100\n160p100_rat_k16_output\meanfield\low_snr\seed_476\final_summary.json
Low SNR,Mean-field,19.381048917770386,data2\n160p100\n160p100_rat_k16_output\meanfield\low_snr\seed_477\final_summary.json
Low SNR,Mean-field,16.243201732635498,data2\n160p100\n160p100_rat_k16_output\meanfield\low_snr\seed_478\final_summary.json
Low SNR,Mean-field,15.093275785446167,data2\n160p100\n160p100_rat_k16_output\meanfield\low_snr\seed_479\final_summary.json
Low SNR,Mean-field,13.300013065338135,data2\n160p100\n160p100_rat_k16_output\meanfield\low_snr\seed_480\final_summary.json
Low SNR,Mean-field,13.305799007415771,data2\n160p100\n160p100_rat_k16_output\meanfield\low_snr\seed_481\final_summary.json
Low SNR,Mean-field,21.609304428100586,data2\n160p100\n160p100_rat_k16_output\meanfield\low_snr\seed_482\final_summary.json
Low SNR,Mean-field,22.05133843421936,data2\n160p100\n160p100_rat_k16_output\meanfield\low_snr\seed_483\final_summary.json
Low SNR,Mean-field,16.733638763427734,data2\n160p100\n160p100_rat_k16_output\meanfield\low_snr\seed_484\final_summary.json
Low SNR,Mean-field,15.110068321228027,data2\n160p100\n160p100_rat_k16_output\meanfield\low_snr\seed_485\final_summary.json
Low SNR,Mean-field,14.815536737442017,data2\n160p100\n160p100_rat_k16_output\meanfield\low_snr\seed_486\final_summary.json
Low SNR,Mean-field,12.363970756530762,data2\n160p100\n160p100_rat_k16_output\meanfield\low_snr\seed_487\final_summary.json
Low SNR,Mean-field,15.937643766403198,data2\n160p100\n160p100_rat_k16_output\meanfield\low_snr\seed_488\final_summary.json
Low SNR,Mean-field,16.30052900314331,data2\n160p100\n160p100_rat_k16_output\meanfield\low_snr\seed_489\final_summary.json
Low SNR,Mean-field,15.338833570480347,data2\n160p100\n160p100_rat_k16_output\meanfield\low_snr\seed_490\final_summary.json
Low SNR,Mean-field,18.580600023269653,data2\n160p100\n160p100_rat_k16_output\meanfield\low_snr\seed_491\final_summary.json
Low SNR,Mean-field,19.309816122055054,data2\n160p100\n160p100_rat_k16_output\meanfield\low_snr\seed_492\final_summary.json
Low SNR,Mean-field,16.11103320121765,data2\n160p100\n160p100_rat_k16_output\meanfield\low_snr\seed_493\final_summary.json
Low SNR,Mean-field,29.377345323562622,data2\n160p100\n160p100_rat_k16_output\meanfield\low_snr\seed_494\final_summary.json
Low SNR,Mean-field,19.277093172073364,data2\n160p100\n160p100_rat_k16_output\meanfield\low_snr\seed_495\final_summary.json
Low SNR,Mean-field,26.862102508544922,data2\n160p100\n160p100_rat_k16_output\meanfield\low_snr\seed_496\final_summary.json
Low SNR,Mean-field,20.1294424533844,data2\n160p100\n160p100_rat_k16_output\meanfield\low_snr\seed_497\final_summary.json
Low SNR,Mean-field,12.806336402893066,data2\n160p100\n160p100_rat_k16_output\meanfield\low_snr\seed_498\final_summary.json
Low SNR,Mean-field,16.31425380706787,data2\n160p100\n160p100_rat_k16_output\meanfield\low_snr\seed_499\final_summary.json
Baseline,Mean-field,114.60994410514832,data2\n160p100\n160p100_rat_k16_output\meanfield\simple\seed_400\final_summary.json
Baseline,Mean-field,35.746992111206055,data2\n160p100\n160p100_rat_k16_output\meanfield\simple\seed_401\final_summary.json
Baseline,Mean-field,23.93424367904663,data2\n160p100\n160p100_rat_k16_output\meanfield\simple\seed_402\final_summary.json
Baseline,Mean-field,92.31575059890747,data2\n160p100\n160p100_rat_k16_output\meanfield\simple\seed_403\final_summary.json
Baseline,Mean-field,35.46699142456055,data2\n160p100\n160p100_rat_k16_output\meanfield\simple\seed_404\final_summary.json
Baseline,Mean-field,17.530867338180542,data2\n160p100\n160p100_rat_k16_output\meanfield\simple\seed_405\final_summary.json
Baseline,Mean-field,20.095279693603516,data2\n160p100\n160p100_rat_k16_output\meanfield\simple\seed_406\final_summary.json
Baseline,Mean-field,27.178465843200684,data2\n160p100\n160p100_rat_k16_output\meanfield\simple\seed_407\final_summary.json
Baseline,Mean-field,116.9800534248352,data2\n160p100\n160p100_rat_k16_output\meanfield\simple\seed_408\final_summary.json
Baseline,Mean-field,22.036396503448486,data2\n160p100\n160p100_rat_k16_output\meanfield\simple\seed_409\final_summary.json
Baseline,Mean-field,17.812793493270874,data2\n160p100\n160p100_rat_k16_output\meanfield\simple\seed_410\final_summary.json
Baseline,Mean-field,17.608115434646606,data2\n160p100\n160p100_rat_k16_output\meanfield\simple\seed_411\final_summary.json
Baseline,Mean-field,28.65468406677246,data2\n160p100\n160p100_rat_k16_output\meanfield\simple\seed_412\final_summary.json
Baseline,Mean-field,44.98419952392578,data2\n160p100\n160p100_rat_k16_output\meanfield\simple\seed_413\final_summary.json
Baseline,Mean-field,26.926378965377808,data2\n160p100\n160p100_rat_k16_output\meanfield\simple\seed_414\final_summary.json
Baseline,Mean-field,15.348038673400879,data2\n160p100\n160p100_rat_k16_output\meanfield\simple\seed_415\final_summary.json
Baseline,Mean-field,21.42870783805847,data2\n160p100\n160p100_rat_k16_output\meanfield\simple\seed_416\final_summary.json
Baseline,Mean-field,16.300384759902954,data2\n160p100\n160p100_rat_k16_output\meanfield\simple\seed_417\final_summary.json
Baseline,Mean-field,15.502787113189697,data2\n160p100\n160p100_rat_k16_output\meanfield\simple\seed_418\final_summary.json
Baseline,Mean-field,16.43589186668396,data2\n160p100\n160p100_rat_k16_output\meanfield\simple\seed_419\final_summary.json
Baseline,Mean-field,16.888832569122314,data2\n160p100\n160p100_rat_k16_output\meanfield\simple\seed_420\final_summary.json
Baseline,Mean-field,16.230122327804565,data2\n160p100\n160p100_rat_k16_output\meanfield\simple\seed_421\final_summary.json
Baseline,Mean-field,17.72395157814026,data2\n160p100\n160p100_rat_k16_output\meanfield\simple\seed_422\final_summary.json
Baseline,Mean-field,17.827337741851807,data2\n160p100\n160p100_rat_k16_output\meanfield\simple\seed_423\final_summary.json
Baseline,Mean-field,15.974436044692993,data2\n160p100\n160p100_rat_k16_output\meanfield\simple\seed_424\final_summary.json
Baseline,Mean-field,15.894237995147705,data2\n160p100\n160p100_rat_k16_output\meanfield\simple\seed_425\final_summary.json
Baseline,Mean-field,16.027885675430298,data2\n160p100\n160p100_rat_k16_output\meanfield\simple\seed_426\final_summary.json
Baseline,Mean-field,12.876386404037476,data2\n160p100\n160p100_rat_k16_output\meanfield\simple\seed_427\final_summary.json
Baseline,Mean-field,15.47042727470398,data2\n160p100\n160p100_rat_k16_output\meanfield\simple\seed_428\final_summary.json
Baseline,Mean-field,25.415903329849243,data2\n160p100\n160p100_rat_k16_output\meanfield\simple\seed_429\final_summary.json
Baseline,Mean-field,16.17731475830078,data2\n160p100\n160p100_rat_k16_output\meanfield\simple\seed_430\final_summary.json
Baseline,Mean-field,16.39024329185486,data2\n160p100\n160p100_rat_k16_output\meanfield\simple\seed_431\final_summary.json
Baseline,Mean-field,18.140647888183594,data2\n160p100\n160p100_rat_k16_output\meanfield\simple\seed_432\final_summary.json
Baseline,Mean-field,22.875112771987915,data2\n160p100\n160p100_rat_k16_output\meanfield\simple\seed_433\final_summary.json
Baseline,Mean-field,30.45882248878479,data2\n160p100\n160p100_rat_k16_output\meanfield\simple\seed_434\final_summary.json
Baseline,Mean-field,23.244281768798828,data2\n160p100\n160p100_rat_k16_output\meanfield\simple\seed_435\final_summary.json
Baseline,Mean-field,14.226950645446777,data2\n160p100\n160p100_rat_k16_output\meanfield\simple\seed_436\final_summary.json
Baseline,Mean-field,42.3124520778656,data2\n160p100\n160p100_rat_k16_output\meanfield\simple\seed_437\final_summary.json
Baseline,Mean-field,19.117223501205444,data2\n160p100\n160p100_rat_k16_output\meanfield\simple\seed_438\final_summary.json
Baseline,Mean-field,19.113707780838013,data2\n160p100\n160p100_rat_k16_output\meanfield\simple\seed_439\final_summary.json
Baseline,Mean-field,15.965696573257446,data2\n160p100\n160p100_rat_k16_output\meanfield\simple\seed_440\final_summary.json
Baseline,Mean-field,16.664754390716553,data2\n160p100\n160p100_rat_k16_output\meanfield\simple\seed_441\final_summary.json
Baseline,Mean-field,17.141444444656372,data2\n160p100\n160p100_rat_k16_output\meanfield\simple\seed_442\final_summary.json
Baseline,Mean-field,14.772520303726196,data2\n160p100\n160p100_rat_k16_output\meanfield\simple\seed_443\final_summary.json
Baseline,Mean-field,18.867159605026245,data2\n160p100\n160p100_rat_k16_output\meanfield\simple\seed_444\final_summary.json
Baseline,Mean-field,15.035636186599731,data2\n160p100\n160p100_rat_k16_output\meanfield\simple\seed_445\final_summary.json
Baseline,Mean-field,18.45698094367981,data2\n160p100\n160p100_rat_k16_output\meanfield\simple\seed_446\final_summary.json
Baseline,Mean-field,20.588990211486816,data2\n160p100\n160p100_rat_k16_output\meanfield\simple\seed_447\final_summary.json
Baseline,Mean-field,22.958011865615845,data2\n160p100\n160p100_rat_k16_output\meanfield\simple\seed_448\final_summary.json
Baseline,Mean-field,19.3274884223938,data2\n160p100\n160p100_rat_k16_output\meanfield\simple\seed_449\final_summary.json
Baseline,Mean-field,20.27852511405945,data2\n160p100\n160p100_rat_k16_output\meanfield\simple\seed_450\final_summary.json
Baseline,Mean-field,17.721128702163696,data2\n160p100\n160p100_rat_k16_output\meanfield\simple\seed_451\final_summary.json
Baseline,Mean-field,14.413018465042114,data2\n160p100\n160p100_rat_k16_output\meanfield\simple\seed_452\final_summary.json
Baseline,Mean-field,30.348079681396484,data2\n160p100\n160p100_rat_k16_output\meanfield\simple\seed_453\final_summary.json
Baseline,Mean-field,23.826048612594604,data2\n160p100\n160p100_rat_k16_output\meanfield\simple\seed_454\final_summary.json
Baseline,Mean-field,28.939908504486084,data2\n160p100\n160p100_rat_k16_output\meanfield\simple\seed_455\final_summary.json
Baseline,Mean-field,15.69013500213623,data2\n160p100\n160p100_rat_k16_output\meanfield\simple\seed_456\final_summary.json
Baseline,Mean-field,14.83721661567688,data2\n160p100\n160p100_rat_k16_output\meanfield\simple\seed_457\final_summary.json
Baseline,Mean-field,15.56527042388916,data2\n160p100\n160p100_rat_k16_output\meanfield\simple\seed_458\final_summary.json
Baseline,Mean-field,21.240743398666382,data2\n160p100\n160p100_rat_k16_output\meanfield\simple\seed_459\final_summary.json
Baseline,Mean-field,15.819731950759888,data2\n160p100\n160p100_rat_k16_output\meanfield\simple\seed_460\final_summary.json
Baseline,Mean-field,17.915354251861572,data2\n160p100\n160p100_rat_k16_output\meanfield\simple\seed_461\final_summary.json
Baseline,Mean-field,18.71070909500122,data2\n160p100\n160p100_rat_k16_output\meanfield\simple\seed_462\final_summary.json
Baseline,Mean-field,15.250204086303711,data2\n160p100\n160p100_rat_k16_output\meanfield\simple\seed_463\final_summary.json
Baseline,Mean-field,15.772389650344849,data2\n160p100\n160p100_rat_k16_output\meanfield\simple\seed_464\final_summary.json
Baseline,Mean-field,25.67348885536194,data2\n160p100\n160p100_rat_k16_output\meanfield\simple\seed_465\final_summary.json
Baseline,Mean-field,19.833502769470215,data2\n160p100\n160p100_rat_k16_output\meanfield\simple\seed_466\final_summary.json
Baseline,Mean-field,15.291200876235962,data2\n160p100\n160p100_rat_k16_output\meanfield\simple\seed_467\final_summary.json
Baseline,Mean-field,21.966283321380615,data2\n160p100\n160p100_rat_k16_output\meanfield\simple\seed_468\final_summary.json
Baseline,Mean-field,16.974977493286133,data2\n160p100\n160p100_rat_k16_output\meanfield\simple\seed_469\final_summary.json
Baseline,Mean-field,27.063435077667236,data2\n160p100\n160p100_rat_k16_output\meanfield\simple\seed_470\final_summary.json
Baseline,Mean-field,19.311068534851074,data2\n160p100\n160p100_rat_k16_output\meanfield\simple\seed_471\final_summary.json
Baseline,Mean-field,17.356768131256104,data2\n160p100\n160p100_rat_k16_output\meanfield\simple\seed_472\final_summary.json
Baseline,Mean-field,15.882631301879883,data2\n160p100\n160p100_rat_k16_output\meanfield\simple\seed_473\final_summary.json
Baseline,Mean-field,15.255177736282349,data2\n160p100\n160p100_rat_k16_output\meanfield\simple\seed_474\final_summary.json
Baseline,Mean-field,20.829773426055908,data2\n160p100\n160p100_rat_k16_output\meanfield\simple\seed_475\final_summary.json
Baseline,Mean-field,185.45884251594543,data2\n160p100\n160p100_rat_k16_output\meanfield\simple\seed_476\final_summary.json
Baseline,Mean-field,16.888200759887695,data2\n160p100\n160p100_rat_k16_output\meanfield\simple\seed_477\final_summary.json
Baseline,Mean-field,15.92460823059082,data2\n160p100\n160p100_rat_k16_output\meanfield\simple\seed_478\final_summary.json
Baseline,Mean-field,16.321207284927368,data2\n160p100\n160p100_rat_k16_output\meanfield\simple\seed_479\final_summary.json
Baseline,Mean-field,16.183326482772827,data2\n160p100\n160p100_rat_k16_output\meanfield\simple\seed_480\final_summary.json
Baseline,Mean-field,16.73102593421936,data2\n160p100\n160p100_rat_k16_output\meanfield\simple\seed_481\final_summary.json
Baseline,Mean-field,14.409339904785156,data2\n160p100\n160p100_rat_k16_output\meanfield\simple\seed_482\final_summary.json
Baseline,Mean-field,30.107337951660156,data2\n160p100\n160p100_rat_k16_output\meanfield\simple\seed_483\final_summary.json
Baseline,Mean-field,31.9684100151062,data2\n160p100\n160p100_rat_k16_output\meanfield\simple\seed_484\final_summary.json
Baseline,Mean-field,32.04381823539734,data2\n160p100\n160p100_rat_k16_output\meanfield\simple\seed_485\final_summary.json
Baseline,Mean-field,16.29496169090271,data2\n160p100\n160p100_rat_k16_output\meanfield\simple\seed_486\final_summary.json
Baseline,Mean-field,18.295851469039917,data2\n160p100\n160p100_rat_k16_output\meanfield\simple\seed_487\final_summary.json
Baseline,Mean-field,15.53227162361145,data2\n160p100\n160p100_rat_k16_output\meanfield\simple\seed_488\final_summary.json
Baseline,Mean-field,15.121318101882935,data2\n160p100\n160p100_rat_k16_output\meanfield\simple\seed_489\final_summary.json
Baseline,Mean-field,15.309711217880249,data2\n160p100\n160p100_rat_k16_output\meanfield\simple\seed_490\final_summary.json
Baseline,Mean-field,16.010114192962646,data2\n160p100\n160p100_rat_k16_output\meanfield\simple\seed_491\final_summary.json
Baseline,Mean-field,27.275611400604248,data2\n160p100\n160p100_rat_k16_output\meanfield\simple\seed_492\final_summary.json
Baseline,Mean-field,14.629571914672852,data2\n160p100\n160p100_rat_k16_output\meanfield\simple\seed_493\final_summary.json
Baseline,Mean-field,16.710914373397827,data2\n160p100\n160p100_rat_k16_output\meanfield\simple\seed_494\final_summary.json
Baseline,Mean-field,16.757601261138916,data2\n160p100\n160p100_rat_k16_output\meanfield\simple\seed_495\final_summary.json
Baseline,Mean-field,15.20776081085205,data2\n160p100\n160p100_rat_k16_output\meanfield\simple\seed_496\final_summary.json
Baseline,Mean-field,15.713513135910034,data2\n160p100\n160p100_rat_k16_output\meanfield\simple\seed_497\final_summary.json
Baseline,Mean-field,16.192309856414795,data2\n160p100\n160p100_rat_k16_output\meanfield\simple\seed_498\final_summary.json
Baseline,Mean-field,15.322881937026978,data2\n160p100\n160p100_rat_k16_output\meanfield\simple\seed_499\final_summary.json
Weak signals,Mean-field,33.51121139526367,data2\n160p100\n160p100_rat_k16_output\meanfield\weak_signal\seed_400\final_summary.json
Weak signals,Mean-field,19.884836673736572,data2\n160p100\n160p100_rat_k16_output\meanfield\weak_signal\seed_401\final_summary.json
Weak signals,Mean-field,42.27674984931946,data2\n160p100\n160p100_rat_k16_output\meanfield\weak_signal\seed_402\final_summary.json
Weak signals,Mean-field,363.8708574771881,data2\n160p100\n160p100_rat_k16_output\meanfield\weak_signal\seed_403\final_summary.json
Weak signals,Mean-field,16.2841956615448,data2\n160p100\n160p100_rat_k16_output\meanfield\weak_signal\seed_404\final_summary.json
Weak signals,Mean-field,22.904621839523315,data2\n160p100\n160p100_rat_k16_output\meanfield\weak_signal\seed_405\final_summary.json
Weak signals,Mean-field,14.906477689743042,data2\n160p100\n160p100_rat_k16_output\meanfield\weak_signal\seed_406\final_summary.json
Weak signals,Mean-field,16.10563349723816,data2\n160p100\n160p100_rat_k16_output\meanfield\weak_signal\seed_407\final_summary.json
Weak signals,Mean-field,23.32715892791748,data2\n160p100\n160p100_rat_k16_output\meanfield\weak_signal\seed_408\final_summary.json
Weak signals,Mean-field,23.205490350723267,data2\n160p100\n160p100_rat_k16_output\meanfield\weak_signal\seed_409\final_summary.json
Weak signals,Mean-field,42.297303676605225,data2\n160p100\n160p100_rat_k16_output\meanfield\weak_signal\seed_410\final_summary.json
Weak signals,Mean-field,16.65198540687561,data2\n160p100\n160p100_rat_k16_output\meanfield\weak_signal\seed_411\final_summary.json
Weak signals,Mean-field,39.375144243240356,data2\n160p100\n160p100_rat_k16_output\meanfield\weak_signal\seed_412\final_summary.json
Weak signals,Mean-field,44.20644998550415,data2\n160p100\n160p100_rat_k16_output\meanfield\weak_signal\seed_413\final_summary.json
Weak signals,Mean-field,15.810431003570557,data2\n160p100\n160p100_rat_k16_output\meanfield\weak_signal\seed_414\final_summary.json
Weak signals,Mean-field,38.142852783203125,data2\n160p100\n160p100_rat_k16_output\meanfield\weak_signal\seed_415\final_summary.json
Weak signals,Mean-field,18.282119750976562,data2\n160p100\n160p100_rat_k16_output\meanfield\weak_signal\seed_416\final_summary.json
Weak signals,Mean-field,15.857263565063477,data2\n160p100\n160p100_rat_k16_output\meanfield\weak_signal\seed_417\final_summary.json
Weak signals,Mean-field,17.17327904701233,data2\n160p100\n160p100_rat_k16_output\meanfield\weak_signal\seed_418\final_summary.json
Weak signals,Mean-field,19.534791231155396,data2\n160p100\n160p100_rat_k16_output\meanfield\weak_signal\seed_419\final_summary.json
Weak signals,Mean-field,15.567172050476074,data2\n160p100\n160p100_rat_k16_output\meanfield\weak_signal\seed_420\final_summary.json
Weak signals,Mean-field,13.619398832321167,data2\n160p100\n160p100_rat_k16_output\meanfield\weak_signal\seed_421\final_summary.json
Weak signals,Mean-field,22.357422351837158,data2\n160p100\n160p100_rat_k16_output\meanfield\weak_signal\seed_422\final_summary.json
Weak signals,Mean-field,15.975156307220459,data2\n160p100\n160p100_rat_k16_output\meanfield\weak_signal\seed_423\final_summary.json
Weak signals,Mean-field,78.78553438186646,data2\n160p100\n160p100_rat_k16_output\meanfield\weak_signal\seed_424\final_summary.json
Weak signals,Mean-field,16.871811151504517,data2\n160p100\n160p100_rat_k16_output\meanfield\weak_signal\seed_425\final_summary.json
Weak signals,Mean-field,187.09172081947327,data2\n160p100\n160p100_rat_k16_output\meanfield\weak_signal\seed_426\final_summary.json
Weak signals,Mean-field,16.21141505241394,data2\n160p100\n160p100_rat_k16_output\meanfield\weak_signal\seed_427\final_summary.json
Weak signals,Mean-field,14.703943014144897,data2\n160p100\n160p100_rat_k16_output\meanfield\weak_signal\seed_428\final_summary.json
Weak signals,Mean-field,31.871981382369995,data2\n160p100\n160p100_rat_k16_output\meanfield\weak_signal\seed_429\final_summary.json
Weak signals,Mean-field,17.074756383895874,data2\n160p100\n160p100_rat_k16_output\meanfield\weak_signal\seed_430\final_summary.json
Weak signals,Mean-field,17.904778242111206,data2\n160p100\n160p100_rat_k16_output\meanfield\weak_signal\seed_431\final_summary.json
Weak signals,Mean-field,14.751117944717407,data2\n160p100\n160p100_rat_k16_output\meanfield\weak_signal\seed_432\final_summary.json
Weak signals,Mean-field,19.97643232345581,data2\n160p100\n160p100_rat_k16_output\meanfield\weak_signal\seed_433\final_summary.json
Weak signals,Mean-field,27.875252962112427,data2\n160p100\n160p100_rat_k16_output\meanfield\weak_signal\seed_434\final_summary.json
Weak signals,Mean-field,18.602508544921875,data2\n160p100\n160p100_rat_k16_output\meanfield\weak_signal\seed_435\final_summary.json
Weak signals,Mean-field,15.784607648849487,data2\n160p100\n160p100_rat_k16_output\meanfield\weak_signal\seed_436\final_summary.json
Weak signals,Mean-field,14.617420673370361,data2\n160p100\n160p100_rat_k16_output\meanfield\weak_signal\seed_437\final_summary.json
Weak signals,Mean-field,13.761818647384644,data2\n160p100\n160p100_rat_k16_output\meanfield\weak_signal\seed_438\final_summary.json
Weak signals,Mean-field,15.112677097320557,data2\n160p100\n160p100_rat_k16_output\meanfield\weak_signal\seed_439\final_summary.json
Weak signals,Mean-field,18.252887964248657,data2\n160p100\n160p100_rat_k16_output\meanfield\weak_signal\seed_440\final_summary.json
Weak signals,Mean-field,17.7256817817688,data2\n160p100\n160p100_rat_k16_output\meanfield\weak_signal\seed_441\final_summary.json
Weak signals,Mean-field,15.280607461929321,data2\n160p100\n160p100_rat_k16_output\meanfield\weak_signal\seed_442\final_summary.json
Weak signals,Mean-field,16.08059000968933,data2\n160p100\n160p100_rat_k16_output\meanfield\weak_signal\seed_443\final_summary.json
Weak signals,Mean-field,27.260395526885986,data2\n160p100\n160p100_rat_k16_output\meanfield\weak_signal\seed_444\final_summary.json
Weak signals,Mean-field,18.343991994857788,data2\n160p100\n160p100_rat_k16_output\meanfield\weak_signal\seed_445\final_summary.json
Weak signals,Mean-field,16.006771326065063,data2\n160p100\n160p100_rat_k16_output\meanfield\weak_signal\seed_446\final_summary.json
Weak signals,Mean-field,20.640668392181396,data2\n160p100\n160p100_rat_k16_output\meanfield\weak_signal\seed_447\final_summary.json
Weak signals,Mean-field,13.331224203109741,data2\n160p100\n160p100_rat_k16_output\meanfield\weak_signal\seed_448\final_summary.json
Weak signals,Mean-field,12.552663087844849,data2\n160p100\n160p100_rat_k16_output\meanfield\weak_signal\seed_449\final_summary.json
Weak signals,Mean-field,13.938439846038818,data2\n160p100\n160p100_rat_k16_output\meanfield\weak_signal\seed_450\final_summary.json
Weak signals,Mean-field,24.691684007644653,data2\n160p100\n160p100_rat_k16_output\meanfield\weak_signal\seed_451\final_summary.json
Weak signals,Mean-field,17.62626576423645,data2\n160p100\n160p100_rat_k16_output\meanfield\weak_signal\seed_452\final_summary.json
Weak signals,Mean-field,14.4990074634552,data2\n160p100\n160p100_rat_k16_output\meanfield\weak_signal\seed_453\final_summary.json
Weak signals,Mean-field,19.20454430580139,data2\n160p100\n160p100_rat_k16_output\meanfield\weak_signal\seed_454\final_summary.json
Weak signals,Mean-field,15.739145517349243,data2\n160p100\n160p100_rat_k16_output\meanfield\weak_signal\seed_455\final_summary.json
Weak signals,Mean-field,15.17685079574585,data2\n160p100\n160p100_rat_k16_output\meanfield\weak_signal\seed_456\final_summary.json
Weak signals,Mean-field,31.673272371292114,data2\n160p100\n160p100_rat_k16_output\meanfield\weak_signal\seed_457\final_summary.json
Weak signals,Mean-field,45.14350438117981,data2\n160p100\n160p100_rat_k16_output\meanfield\weak_signal\seed_458\final_summary.json
Weak signals,Mean-field,14.122638463973999,data2\n160p100\n160p100_rat_k16_output\meanfield\weak_signal\seed_459\final_summary.json
Weak signals,Mean-field,18.17877769470215,data2\n160p100\n160p100_rat_k16_output\meanfield\weak_signal\seed_460\final_summary.json
Weak signals,Mean-field,14.809444189071655,data2\n160p100\n160p100_rat_k16_output\meanfield\weak_signal\seed_461\final_summary.json
Weak signals,Mean-field,15.073455810546875,data2\n160p100\n160p100_rat_k16_output\meanfield\weak_signal\seed_462\final_summary.json
Weak signals,Mean-field,151.588965177536,data2\n160p100\n160p100_rat_k16_output\meanfield\weak_signal\seed_463\final_summary.json
Weak signals,Mean-field,25.14676547050476,data2\n160p100\n160p100_rat_k16_output\meanfield\weak_signal\seed_464\final_summary.json
Weak signals,Mean-field,13.54419493675232,data2\n160p100\n160p100_rat_k16_output\meanfield\weak_signal\seed_465\final_summary.json
Weak signals,Mean-field,22.00292181968689,data2\n160p100\n160p100_rat_k16_output\meanfield\weak_signal\seed_466\final_summary.json
Weak signals,Mean-field,543.504533290863,data2\n160p100\n160p100_rat_k16_output\meanfield\weak_signal\seed_467\final_summary.json
Weak signals,Mean-field,16.91553020477295,data2\n160p100\n160p100_rat_k16_output\meanfield\weak_signal\seed_468\final_summary.json
Weak signals,Mean-field,15.288504123687744,data2\n160p100\n160p100_rat_k16_output\meanfield\weak_signal\seed_469\final_summary.json
Weak signals,Mean-field,28.552895307540894,data2\n160p100\n160p100_rat_k16_output\meanfield\weak_signal\seed_470\final_summary.json
Weak signals,Mean-field,12.901987075805664,data2\n160p100\n160p100_rat_k16_output\meanfield\weak_signal\seed_471\final_summary.json
Weak signals,Mean-field,13.80907154083252,data2\n160p100\n160p100_rat_k16_output\meanfield\weak_signal\seed_472\final_summary.json
Weak signals,Mean-field,17.77129888534546,data2\n160p100\n160p100_rat_k16_output\meanfield\weak_signal\seed_473\final_summary.json
Weak signals,Mean-field,23.455105543136597,data2\n160p100\n160p100_rat_k16_output\meanfield\weak_signal\seed_474\final_summary.json
Weak signals,Mean-field,16.000677347183228,data2\n160p100\n160p100_rat_k16_output\meanfield\weak_signal\seed_475\final_summary.json
Weak signals,Mean-field,16.55613398551941,data2\n160p100\n160p100_rat_k16_output\meanfield\weak_signal\seed_476\final_summary.json
Weak signals,Mean-field,46.44189381599426,data2\n160p100\n160p100_rat_k16_output\meanfield\weak_signal\seed_477\final_summary.json
Weak signals,Mean-field,15.677737712860107,data2\n160p100\n160p100_rat_k16_output\meanfield\weak_signal\seed_478\final_summary.json
Weak signals,Mean-field,13.797357559204102,data2\n160p100\n160p100_rat_k16_output\meanfield\weak_signal\seed_479\final_summary.json
Weak signals,Mean-field,14.231544017791748,data2\n160p100\n160p100_rat_k16_output\meanfield\weak_signal\seed_480\final_summary.json
Weak signals,Mean-field,17.383813858032227,data2\n160p100\n160p100_rat_k16_output\meanfield\weak_signal\seed_481\final_summary.json
Weak signals,Mean-field,14.88847303390503,data2\n160p100\n160p100_rat_k16_output\meanfield\weak_signal\seed_482\final_summary.json
Weak signals,Mean-field,18.500854969024658,data2\n160p100\n160p100_rat_k16_output\meanfield\weak_signal\seed_483\final_summary.json
Weak signals,Mean-field,18.650169610977173,data2\n160p100\n160p100_rat_k16_output\meanfield\weak_signal\seed_484\final_summary.json
Weak signals,Mean-field,289.3808557987213,data2\n160p100\n160p100_rat_k16_output\meanfield\weak_signal\seed_485\final_summary.json
Weak signals,Mean-field,16.520829677581787,data2\n160p100\n160p100_rat_k16_output\meanfield\weak_signal\seed_486\final_summary.json
Weak signals,Mean-field,210.45017504692078,data2\n160p100\n160p100_rat_k16_output\meanfield\weak_signal\seed_487\final_summary.json
Weak signals,Mean-field,273.4478123188019,data2\n160p100\n160p100_rat_k16_output\meanfield\weak_signal\seed_488\final_summary.json
Weak signals,Mean-field,17.198776960372925,data2\n160p100\n160p100_rat_k16_output\meanfield\weak_signal\seed_489\final_summary.json
Weak signals,Mean-field,202.87471866607666,data2\n160p100\n160p100_rat_k16_output\meanfield\weak_signal\seed_490\final_summary.json
Weak signals,Mean-field,17.14944291114807,data2\n160p100\n160p100_rat_k16_output\meanfield\weak_signal\seed_491\final_summary.json
Weak signals,Mean-field,30.12805414199829,data2\n160p100\n160p100_rat_k16_output\meanfield\weak_signal\seed_492\final_summary.json
Weak signals,Mean-field,60.27471113204956,data2\n160p100\n160p100_rat_k16_output\meanfield\weak_signal\seed_493\final_summary.json
Weak signals,Mean-field,15.024290800094604,data2\n160p100\n160p100_rat_k16_output\meanfield\weak_signal\seed_494\final_summary.json
Weak signals,Mean-field,18.649045944213867,data2\n160p100\n160p100_rat_k16_output\meanfield\weak_signal\seed_495\final_summary.json
Weak signals,Mean-field,35.01285672187805,data2\n160p100\n160p100_rat_k16_output\meanfield\weak_signal\seed_496\final_summary.json
Weak signals,Mean-field,22.98469591140747,data2\n160p100\n160p100_rat_k16_output\meanfield\weak_signal\seed_497\final_summary.json
Weak signals,Mean-field,17.20203185081482,data2\n160p100\n160p100_rat_k16_output\meanfield\weak_signal\seed_498\final_summary.json
Weak signals,Mean-field,15.186331272125244,data2\n160p100\n160p100_rat_k16_output\meanfield\weak_signal\seed_499\final_summary.json
Low SNR,RAT-Flow,279.47251629829407,data2\n160p100\n160p100_rat_k16_output\rat_k16\low_snr\seed_400\final_summary.json
Low SNR,RAT-Flow,261.6224811077118,data2\n160p100\n160p100_rat_k16_output\rat_k16\low_snr\seed_401\final_summary.json
Low SNR,RAT-Flow,260.63141107559204,data2\n160p100\n160p100_rat_k16_output\rat_k16\low_snr\seed_402\final_summary.json
Low SNR,RAT-Flow,231.07287096977234,data2\n160p100\n160p100_rat_k16_output\rat_k16\low_snr\seed_403\final_summary.json
Low SNR,RAT-Flow,257.0364511013031,data2\n160p100\n160p100_rat_k16_output\rat_k16\low_snr\seed_404\final_summary.json
Low SNR,RAT-Flow,216.93892860412598,data2\n160p100\n160p100_rat_k16_output\rat_k16\low_snr\seed_405\final_summary.json
Low SNR,RAT-Flow,253.02362203598022,data2\n160p100\n160p100_rat_k16_output\rat_k16\low_snr\seed_406\final_summary.json
Low SNR,RAT-Flow,315.72687792778015,data2\n160p100\n160p100_rat_k16_output\rat_k16\low_snr\seed_407\final_summary.json
Low SNR,RAT-Flow,293.79323840141296,data2\n160p100\n160p100_rat_k16_output\rat_k16\low_snr\seed_408\final_summary.json
Low SNR,RAT-Flow,274.6881787776947,data2\n160p100\n160p100_rat_k16_output\rat_k16\low_snr\seed_409\final_summary.json
Low SNR,RAT-Flow,284.65384101867676,data2\n160p100\n160p100_rat_k16_output\rat_k16\low_snr\seed_410\final_summary.json
Low SNR,RAT-Flow,317.71619153022766,data2\n160p100\n160p100_rat_k16_output\rat_k16\low_snr\seed_411\final_summary.json
Low SNR,RAT-Flow,321.19319462776184,data2\n160p100\n160p100_rat_k16_output\rat_k16\low_snr\seed_412\final_summary.json
Low SNR,RAT-Flow,350.9480085372925,data2\n160p100\n160p100_rat_k16_output\rat_k16\low_snr\seed_413\final_summary.json
Low SNR,RAT-Flow,439.52483201026917,data2\n160p100\n160p100_rat_k16_output\rat_k16\low_snr\seed_414\final_summary.json
Low SNR,RAT-Flow,328.0019690990448,data2\n160p100\n160p100_rat_k16_output\rat_k16\low_snr\seed_415\final_summary.json
Low SNR,RAT-Flow,499.67047572135925,data2\n160p100\n160p100_rat_k16_output\rat_k16\low_snr\seed_416\final_summary.json
Low SNR,RAT-Flow,246.9903793334961,data2\n160p100\n160p100_rat_k16_output\rat_k16\low_snr\seed_417\final_summary.json
Low SNR,RAT-Flow,268.3852708339691,data2\n160p100\n160p100_rat_k16_output\rat_k16\low_snr\seed_418\final_summary.json
Low SNR,RAT-Flow,319.5313882827759,data2\n160p100\n160p100_rat_k16_output\rat_k16\low_snr\seed_419\final_summary.json
Low SNR,RAT-Flow,338.5693118572235,data2\n160p100\n160p100_rat_k16_output\rat_k16\low_snr\seed_420\final_summary.json
Low SNR,RAT-Flow,368.8458595275879,data2\n160p100\n160p100_rat_k16_output\rat_k16\low_snr\seed_421\final_summary.json
Low SNR,RAT-Flow,229.5329737663269,data2\n160p100\n160p100_rat_k16_output\rat_k16\low_snr\seed_422\final_summary.json
Low SNR,RAT-Flow,588.4646434783936,data2\n160p100\n160p100_rat_k16_output\rat_k16\low_snr\seed_423\final_summary.json
Low SNR,RAT-Flow,369.83882999420166,data2\n160p100\n160p100_rat_k16_output\rat_k16\low_snr\seed_424\final_summary.json
Low SNR,RAT-Flow,348.0752429962158,data2\n160p100\n160p100_rat_k16_output\rat_k16\low_snr\seed_425\final_summary.json
Low SNR,RAT-Flow,314.19990277290344,data2\n160p100\n160p100_rat_k16_output\rat_k16\low_snr\seed_426\final_summary.json
Low SNR,RAT-Flow,259.9615659713745,data2\n160p100\n160p100_rat_k16_output\rat_k16\low_snr\seed_427\final_summary.json
Low SNR,RAT-Flow,339.47072887420654,data2\n160p100\n160p100_rat_k16_output\rat_k16\low_snr\seed_428\final_summary.json
Low SNR,RAT-Flow,226.459077835083,data2\n160p100\n160p100_rat_k16_output\rat_k16\low_snr\seed_429\final_summary.json
Low SNR,RAT-Flow,319.46293091773987,data2\n160p100\n160p100_rat_k16_output\rat_k16\low_snr\seed_430\final_summary.json
Low SNR,RAT-Flow,301.71410155296326,data2\n160p100\n160p100_rat_k16_output\rat_k16\low_snr\seed_431\final_summary.json
Low SNR,RAT-Flow,268.62339639663696,data2\n160p100\n160p100_rat_k16_output\rat_k16\low_snr\seed_432\final_summary.json
Low SNR,RAT-Flow,294.6793119907379,data2\n160p100\n160p100_rat_k16_output\rat_k16\low_snr\seed_433\final_summary.json
Low SNR,RAT-Flow,303.40002489089966,data2\n160p100\n160p100_rat_k16_output\rat_k16\low_snr\seed_434\final_summary.json
Low SNR,RAT-Flow,313.7070846557617,data2\n160p100\n160p100_rat_k16_output\rat_k16\low_snr\seed_435\final_summary.json
Low SNR,RAT-Flow,270.60260939598083,data2\n160p100\n160p100_rat_k16_output\rat_k16\low_snr\seed_436\final_summary.json
Low SNR,RAT-Flow,214.97471261024475,data2\n160p100\n160p100_rat_k16_output\rat_k16\low_snr\seed_437\final_summary.json
Low SNR,RAT-Flow,235.29903960227966,data2\n160p100\n160p100_rat_k16_output\rat_k16\low_snr\seed_438\final_summary.json
Low SNR,RAT-Flow,254.82790517807007,data2\n160p100\n160p100_rat_k16_output\rat_k16\low_snr\seed_439\final_summary.json
Low SNR,RAT-Flow,308.04777669906616,data2\n160p100\n160p100_rat_k16_output\rat_k16\low_snr\seed_440\final_summary.json
Low SNR,RAT-Flow,238.25491786003113,data2\n160p100\n160p100_rat_k16_output\rat_k16\low_snr\seed_441\final_summary.json
Low SNR,RAT-Flow,289.3523254394531,data2\n160p100\n160p100_rat_k16_output\rat_k16\low_snr\seed_442\final_summary.json
Low SNR,RAT-Flow,207.77920699119568,data2\n160p100\n160p100_rat_k16_output\rat_k16\low_snr\seed_443\final_summary.json
Low SNR,RAT-Flow,292.024507522583,data2\n160p100\n160p100_rat_k16_output\rat_k16\low_snr\seed_444\final_summary.json
Low SNR,RAT-Flow,290.7241015434265,data2\n160p100\n160p100_rat_k16_output\rat_k16\low_snr\seed_445\final_summary.json
Low SNR,RAT-Flow,277.21580696105957,data2\n160p100\n160p100_rat_k16_output\rat_k16\low_snr\seed_446\final_summary.json
Low SNR,RAT-Flow,299.1987750530243,data2\n160p100\n160p100_rat_k16_output\rat_k16\low_snr\seed_447\final_summary.json
Low SNR,RAT-Flow,303.6724326610565,data2\n160p100\n160p100_rat_k16_output\rat_k16\low_snr\seed_448\final_summary.json
Low SNR,RAT-Flow,302.3071081638336,data2\n160p100\n160p100_rat_k16_output\rat_k16\low_snr\seed_449\final_summary.json
Low SNR,RAT-Flow,277.9151990413666,data2\n160p100\n160p100_rat_k16_output\rat_k16\low_snr\seed_450\final_summary.json
Low SNR,RAT-Flow,369.30058550834656,data2\n160p100\n160p100_rat_k16_output\rat_k16\low_snr\seed_451\final_summary.json
Low SNR,RAT-Flow,364.52299642562866,data2\n160p100\n160p100_rat_k16_output\rat_k16\low_snr\seed_452\final_summary.json
Low SNR,RAT-Flow,301.0855236053467,data2\n160p100\n160p100_rat_k16_output\rat_k16\low_snr\seed_453\final_summary.json
Low SNR,RAT-Flow,308.5718777179718,data2\n160p100\n160p100_rat_k16_output\rat_k16\low_snr\seed_454\final_summary.json
Low SNR,RAT-Flow,457.44941115379333,data2\n160p100\n160p100_rat_k16_output\rat_k16\low_snr\seed_455\final_summary.json
Low SNR,RAT-Flow,331.33886337280273,data2\n160p100\n160p100_rat_k16_output\rat_k16\low_snr\seed_456\final_summary.json
Low SNR,RAT-Flow,300.892507314682,data2\n160p100\n160p100_rat_k16_output\rat_k16\low_snr\seed_457\final_summary.json
Low SNR,RAT-Flow,340.41035652160645,data2\n160p100\n160p100_rat_k16_output\rat_k16\low_snr\seed_458\final_summary.json
Low SNR,RAT-Flow,222.54893374443054,data2\n160p100\n160p100_rat_k16_output\rat_k16\low_snr\seed_459\final_summary.json
Low SNR,RAT-Flow,480.8944730758667,data2\n160p100\n160p100_rat_k16_output\rat_k16\low_snr\seed_460\final_summary.json
Low SNR,RAT-Flow,206.3353078365326,data2\n160p100\n160p100_rat_k16_output\rat_k16\low_snr\seed_461\final_summary.json
Low SNR,RAT-Flow,232.2414276599884,data2\n160p100\n160p100_rat_k16_output\rat_k16\low_snr\seed_462\final_summary.json
Low SNR,RAT-Flow,281.75850892066956,data2\n160p100\n160p100_rat_k16_output\rat_k16\low_snr\seed_463\final_summary.json
Low SNR,RAT-Flow,241.28056859970093,data2\n160p100\n160p100_rat_k16_output\rat_k16\low_snr\seed_464\final_summary.json
Low SNR,RAT-Flow,297.71758460998535,data2\n160p100\n160p100_rat_k16_output\rat_k16\low_snr\seed_465\final_summary.json
Low SNR,RAT-Flow,275.90519881248474,data2\n160p100\n160p100_rat_k16_output\rat_k16\low_snr\seed_466\final_summary.json
Low SNR,RAT-Flow,282.4207241535187,data2\n160p100\n160p100_rat_k16_output\rat_k16\low_snr\seed_467\final_summary.json
Low SNR,RAT-Flow,288.3010518550873,data2\n160p100\n160p100_rat_k16_output\rat_k16\low_snr\seed_468\final_summary.json
Low SNR,RAT-Flow,271.5083096027374,data2\n160p100\n160p100_rat_k16_output\rat_k16\low_snr\seed_469\final_summary.json
Low SNR,RAT-Flow,284.4712736606598,data2\n160p100\n160p100_rat_k16_output\rat_k16\low_snr\seed_470\final_summary.json
Low SNR,RAT-Flow,246.9691014289856,data2\n160p100\n160p100_rat_k16_output\rat_k16\low_snr\seed_471\final_summary.json
Low SNR,RAT-Flow,227.5960876941681,data2\n160p100\n160p100_rat_k16_output\rat_k16\low_snr\seed_472\final_summary.json
Low SNR,RAT-Flow,1295.4721047878265,data2\n160p100\n160p100_rat_k16_output\rat_k16\low_snr\seed_473\final_summary.json
Low SNR,RAT-Flow,274.13845705986023,data2\n160p100\n160p100_rat_k16_output\rat_k16\low_snr\seed_474\final_summary.json
Low SNR,RAT-Flow,246.0454134941101,data2\n160p100\n160p100_rat_k16_output\rat_k16\low_snr\seed_475\final_summary.json
Low SNR,RAT-Flow,343.53652715682983,data2\n160p100\n160p100_rat_k16_output\rat_k16\low_snr\seed_476\final_summary.json
Low SNR,RAT-Flow,286.6278774738312,data2\n160p100\n160p100_rat_k16_output\rat_k16\low_snr\seed_477\final_summary.json
Low SNR,RAT-Flow,295.0202171802521,data2\n160p100\n160p100_rat_k16_output\rat_k16\low_snr\seed_478\final_summary.json
Low SNR,RAT-Flow,307.51534509658813,data2\n160p100\n160p100_rat_k16_output\rat_k16\low_snr\seed_479\final_summary.json
Low SNR,RAT-Flow,237.75882053375244,data2\n160p100\n160p100_rat_k16_output\rat_k16\low_snr\seed_480\final_summary.json
Low SNR,RAT-Flow,373.4752447605133,data2\n160p100\n160p100_rat_k16_output\rat_k16\low_snr\seed_481\final_summary.json
Low SNR,RAT-Flow,269.0732297897339,data2\n160p100\n160p100_rat_k16_output\rat_k16\low_snr\seed_482\final_summary.json
Low SNR,RAT-Flow,181.91665291786194,data2\n160p100\n160p100_rat_k16_output\rat_k16\low_snr\seed_483\final_summary.json
Low SNR,RAT-Flow,296.29139494895935,data2\n160p100\n160p100_rat_k16_output\rat_k16\low_snr\seed_484\final_summary.json
Low SNR,RAT-Flow,268.2084209918976,data2\n160p100\n160p100_rat_k16_output\rat_k16\low_snr\seed_485\final_summary.json
Low SNR,RAT-Flow,355.95716094970703,data2\n160p100\n160p100_rat_k16_output\rat_k16\low_snr\seed_486\final_summary.json
Low SNR,RAT-Flow,239.5097930431366,data2\n160p100\n160p100_rat_k16_output\rat_k16\low_snr\seed_487\final_summary.json
Low SNR,RAT-Flow,271.3306632041931,data2\n160p100\n160p100_rat_k16_output\rat_k16\low_snr\seed_488\final_summary.json
Low SNR,RAT-Flow,226.59597325325012,data2\n160p100\n160p100_rat_k16_output\rat_k16\low_snr\seed_489\final_summary.json
Low SNR,RAT-Flow,303.9102602005005,data2\n160p100\n160p100_rat_k16_output\rat_k16\low_snr\seed_490\final_summary.json
Low SNR,RAT-Flow,268.9694058895111,data2\n160p100\n160p100_rat_k16_output\rat_k16\low_snr\seed_491\final_summary.json
Low SNR,RAT-Flow,208.24506068229675,data2\n160p100\n160p100_rat_k16_output\rat_k16\low_snr\seed_492\final_summary.json
Low SNR,RAT-Flow,257.47096490859985,data2\n160p100\n160p100_rat_k16_output\rat_k16\low_snr\seed_493\final_summary.json
Low SNR,RAT-Flow,241.13344883918762,data2\n160p100\n160p100_rat_k16_output\rat_k16\low_snr\seed_494\final_summary.json
Low SNR,RAT-Flow,316.6423444747925,data2\n160p100\n160p100_rat_k16_output\rat_k16\low_snr\seed_495\final_summary.json
Low SNR,RAT-Flow,318.79214096069336,data2\n160p100\n160p100_rat_k16_output\rat_k16\low_snr\seed_496\final_summary.json
Low SNR,RAT-Flow,867.683333158493,data2\n160p100\n160p100_rat_k16_output\rat_k16\low_snr\seed_497\final_summary.json
Low SNR,RAT-Flow,485.26150035858154,data2\n160p100\n160p100_rat_k16_output\rat_k16\low_snr\seed_498\final_summary.json
Low SNR,RAT-Flow,384.7914226055145,data2\n160p100\n160p100_rat_k16_output\rat_k16\low_snr\seed_499\final_summary.json
Baseline,RAT-Flow,290.98863196372986,data2\n160p100\n160p100_rat_k16_output\rat_k16\simple\seed_400\final_summary.json
Baseline,RAT-Flow,290.0593349933624,data2\n160p100\n160p100_rat_k16_output\rat_k16\simple\seed_401\final_summary.json
Baseline,RAT-Flow,318.7206461429596,data2\n160p100\n160p100_rat_k16_output\rat_k16\simple\seed_402\final_summary.json
Baseline,RAT-Flow,286.1955988407135,data2\n160p100\n160p100_rat_k16_output\rat_k16\simple\seed_403\final_summary.json
Baseline,RAT-Flow,394.5518493652344,data2\n160p100\n160p100_rat_k16_output\rat_k16\simple\seed_404\final_summary.json
Baseline,RAT-Flow,317.5022563934326,data2\n160p100\n160p100_rat_k16_output\rat_k16\simple\seed_405\final_summary.json
Baseline,RAT-Flow,316.58459305763245,data2\n160p100\n160p100_rat_k16_output\rat_k16\simple\seed_406\final_summary.json
Baseline,RAT-Flow,314.77757692337036,data2\n160p100\n160p100_rat_k16_output\rat_k16\simple\seed_407\final_summary.json
Baseline,RAT-Flow,339.15941405296326,data2\n160p100\n160p100_rat_k16_output\rat_k16\simple\seed_408\final_summary.json
Baseline,RAT-Flow,336.54337906837463,data2\n160p100\n160p100_rat_k16_output\rat_k16\simple\seed_409\final_summary.json
Baseline,RAT-Flow,272.781063079834,data2\n160p100\n160p100_rat_k16_output\rat_k16\simple\seed_410\final_summary.json
Baseline,RAT-Flow,302.43990564346313,data2\n160p100\n160p100_rat_k16_output\rat_k16\simple\seed_411\final_summary.json
Baseline,RAT-Flow,313.0971703529358,data2\n160p100\n160p100_rat_k16_output\rat_k16\simple\seed_412\final_summary.json
Baseline,RAT-Flow,331.9520490169525,data2\n160p100\n160p100_rat_k16_output\rat_k16\simple\seed_413\final_summary.json
Baseline,RAT-Flow,916.103836774826,data2\n160p100\n160p100_rat_k16_output\rat_k16\simple\seed_414\final_summary.json
Baseline,RAT-Flow,7816.286172389984,data2\n160p100\n160p100_rat_k16_output\rat_k16\simple\seed_415\final_summary.json
Baseline,RAT-Flow,7230.602927684784,data2\n160p100\n160p100_rat_k16_output\rat_k16\simple\seed_416\final_summary.json
Baseline,RAT-Flow,344.02488231658936,data2\n160p100\n160p100_rat_k16_output\rat_k16\simple\seed_417\final_summary.json
Baseline,RAT-Flow,322.92508721351624,data2\n160p100\n160p100_rat_k16_output\rat_k16\simple\seed_418\final_summary.json
Baseline,RAT-Flow,317.3715980052948,data2\n160p100\n160p100_rat_k16_output\rat_k16\simple\seed_419\final_summary.json
Baseline,RAT-Flow,470.8520436286926,data2\n160p100\n160p100_rat_k16_output\rat_k16\simple\seed_420\final_summary.json
Baseline,RAT-Flow,294.2753164768219,data2\n160p100\n160p100_rat_k16_output\rat_k16\simple\seed_421\final_summary.json
Baseline,RAT-Flow,1728.102839231491,data2\n160p100\n160p100_rat_k16_output\rat_k16\simple\seed_422\final_summary.json
Baseline,RAT-Flow,458.9653151035309,data2\n160p100\n160p100_rat_k16_output\rat_k16\simple\seed_423\final_summary.json
Baseline,RAT-Flow,468.0117075443268,data2\n160p100\n160p100_rat_k16_output\rat_k16\simple\seed_424\final_summary.json
Baseline,RAT-Flow,409.191597700119,data2\n160p100\n160p100_rat_k16_output\rat_k16\simple\seed_425\final_summary.json
Baseline,RAT-Flow,338.65517258644104,data2\n160p100\n160p100_rat_k16_output\rat_k16\simple\seed_426\final_summary.json
Baseline,RAT-Flow,476.50458693504333,data2\n160p100\n160p100_rat_k16_output\rat_k16\simple\seed_427\final_summary.json
Baseline,RAT-Flow,336.90220856666565,data2\n160p100\n160p100_rat_k16_output\rat_k16\simple\seed_428\final_summary.json
Baseline,RAT-Flow,324.9111063480377,data2\n160p100\n160p100_rat_k16_output\rat_k16\simple\seed_429\final_summary.json
Baseline,RAT-Flow,338.3667633533478,data2\n160p100\n160p100_rat_k16_output\rat_k16\simple\seed_430\final_summary.json
Baseline,RAT-Flow,325.67967319488525,data2\n160p100\n160p100_rat_k16_output\rat_k16\simple\seed_431\final_summary.json
Baseline,RAT-Flow,316.33583879470825,data2\n160p100\n160p100_rat_k16_output\rat_k16\simple\seed_432\final_summary.json
Baseline,RAT-Flow,288.96247720718384,data2\n160p100\n160p100_rat_k16_output\rat_k16\simple\seed_433\final_summary.json
Baseline,RAT-Flow,265.3556590080261,data2\n160p100\n160p100_rat_k16_output\rat_k16\simple\seed_434\final_summary.json
Baseline,RAT-Flow,279.1878435611725,data2\n160p100\n160p100_rat_k16_output\rat_k16\simple\seed_435\final_summary.json
Baseline,RAT-Flow,292.18032908439636,data2\n160p100\n160p100_rat_k16_output\rat_k16\simple\seed_436\final_summary.json
Baseline,RAT-Flow,408.2167270183563,data2\n160p100\n160p100_rat_k16_output\rat_k16\simple\seed_437\final_summary.json
Baseline,RAT-Flow,257.513512134552,data2\n160p100\n160p100_rat_k16_output\rat_k16\simple\seed_438\final_summary.json
Baseline,RAT-Flow,643.7283980846405,data2\n160p100\n160p100_rat_k16_output\rat_k16\simple\seed_439\final_summary.json
Baseline,RAT-Flow,375.01703095436096,data2\n160p100\n160p100_rat_k16_output\rat_k16\simple\seed_440\final_summary.json
Baseline,RAT-Flow,600.4723632335663,data2\n160p100\n160p100_rat_k16_output\rat_k16\simple\seed_441\final_summary.json
Baseline,RAT-Flow,348.8625421524048,data2\n160p100\n160p100_rat_k16_output\rat_k16\simple\seed_442\final_summary.json
Baseline,RAT-Flow,349.699275970459,data2\n160p100\n160p100_rat_k16_output\rat_k16\simple\seed_443\final_summary.json
Baseline,RAT-Flow,351.7943754196167,data2\n160p100\n160p100_rat_k16_output\rat_k16\simple\seed_444\final_summary.json
Baseline,RAT-Flow,256.2859311103821,data2\n160p100\n160p100_rat_k16_output\rat_k16\simple\seed_445\final_summary.json
Baseline,RAT-Flow,439.61152029037476,data2\n160p100\n160p100_rat_k16_output\rat_k16\simple\seed_446\final_summary.json
Baseline,RAT-Flow,414.6142954826355,data2\n160p100\n160p100_rat_k16_output\rat_k16\simple\seed_447\final_summary.json
Baseline,RAT-Flow,329.0555090904236,data2\n160p100\n160p100_rat_k16_output\rat_k16\simple\seed_448\final_summary.json
Baseline,RAT-Flow,364.9688856601715,data2\n160p100\n160p100_rat_k16_output\rat_k16\simple\seed_449\final_summary.json
Baseline,RAT-Flow,279.95062375068665,data2\n160p100\n160p100_rat_k16_output\rat_k16\simple\seed_450\final_summary.json
Baseline,RAT-Flow,456.7030358314514,data2\n160p100\n160p100_rat_k16_output\rat_k16\simple\seed_451\final_summary.json
Baseline,RAT-Flow,319.8059751987457,data2\n160p100\n160p100_rat_k16_output\rat_k16\simple\seed_452\final_summary.json
Baseline,RAT-Flow,834.4297552108765,data2\n160p100\n160p100_rat_k16_output\rat_k16\simple\seed_453\final_summary.json
Baseline,RAT-Flow,1772.540603876114,data2\n160p100\n160p100_rat_k16_output\rat_k16\simple\seed_454\final_summary.json
Baseline,RAT-Flow,297.7380337715149,data2\n160p100\n160p100_rat_k16_output\rat_k16\simple\seed_455\final_summary.json
Baseline,RAT-Flow,331.10015630722046,data2\n160p100\n160p100_rat_k16_output\rat_k16\simple\seed_456\final_summary.json
Baseline,RAT-Flow,272.0986783504486,data2\n160p100\n160p100_rat_k16_output\rat_k16\simple\seed_457\final_summary.json
Baseline,RAT-Flow,303.22573137283325,data2\n160p100\n160p100_rat_k16_output\rat_k16\simple\seed_458\final_summary.json
Baseline,RAT-Flow,388.23531579971313,data2\n160p100\n160p100_rat_k16_output\rat_k16\simple\seed_459\final_summary.json
Baseline,RAT-Flow,372.1852605342865,data2\n160p100\n160p100_rat_k16_output\rat_k16\simple\seed_460\final_summary.json
Baseline,RAT-Flow,302.57113909721375,data2\n160p100\n160p100_rat_k16_output\rat_k16\simple\seed_461\final_summary.json
Baseline,RAT-Flow,298.5678918361664,data2\n160p100\n160p100_rat_k16_output\rat_k16\simple\seed_462\final_summary.json
Baseline,RAT-Flow,303.08725810050964,data2\n160p100\n160p100_rat_k16_output\rat_k16\simple\seed_463\final_summary.json
Baseline,RAT-Flow,322.8710160255432,data2\n160p100\n160p100_rat_k16_output\rat_k16\simple\seed_464\final_summary.json
Baseline,RAT-Flow,288.68715596199036,data2\n160p100\n160p100_rat_k16_output\rat_k16\simple\seed_465\final_summary.json
Baseline,RAT-Flow,293.61767768859863,data2\n160p100\n160p100_rat_k16_output\rat_k16\simple\seed_466\final_summary.json
Baseline,RAT-Flow,264.27540373802185,data2\n160p100\n160p100_rat_k16_output\rat_k16\simple\seed_467\final_summary.json
Baseline,RAT-Flow,260.690500497818,data2\n160p100\n160p100_rat_k16_output\rat_k16\simple\seed_468\final_summary.json
Baseline,RAT-Flow,268.01967883110046,data2\n160p100\n160p100_rat_k16_output\rat_k16\simple\seed_469\final_summary.json
Baseline,RAT-Flow,295.9387753009796,data2\n160p100\n160p100_rat_k16_output\rat_k16\simple\seed_470\final_summary.json
Baseline,RAT-Flow,285.82921385765076,data2\n160p100\n160p100_rat_k16_output\rat_k16\simple\seed_471\final_summary.json
Baseline,RAT-Flow,376.5381622314453,data2\n160p100\n160p100_rat_k16_output\rat_k16\simple\seed_472\final_summary.json
Baseline,RAT-Flow,345.6130521297455,data2\n160p100\n160p100_rat_k16_output\rat_k16\simple\seed_473\final_summary.json
Baseline,RAT-Flow,290.84132146835327,data2\n160p100\n160p100_rat_k16_output\rat_k16\simple\seed_474\final_summary.json
Baseline,RAT-Flow,282.1215944290161,data2\n160p100\n160p100_rat_k16_output\rat_k16\simple\seed_475\final_summary.json
Baseline,RAT-Flow,238.58405828475952,data2\n160p100\n160p100_rat_k16_output\rat_k16\simple\seed_476\final_summary.json
Baseline,RAT-Flow,313.4623942375183,data2\n160p100\n160p100_rat_k16_output\rat_k16\simple\seed_477\final_summary.json
Baseline,RAT-Flow,291.7156105041504,data2\n160p100\n160p100_rat_k16_output\rat_k16\simple\seed_478\final_summary.json
Baseline,RAT-Flow,1391.7160301208496,data2\n160p100\n160p100_rat_k16_output\rat_k16\simple\seed_479\final_summary.json
Baseline,RAT-Flow,1764.5011327266693,data2\n160p100\n160p100_rat_k16_output\rat_k16\simple\seed_480\final_summary.json
Baseline,RAT-Flow,317.17619490623474,data2\n160p100\n160p100_rat_k16_output\rat_k16\simple\seed_481\final_summary.json
Baseline,RAT-Flow,281.93227791786194,data2\n160p100\n160p100_rat_k16_output\rat_k16\simple\seed_482\final_summary.json
Baseline,RAT-Flow,252.72793006896973,data2\n160p100\n160p100_rat_k16_output\rat_k16\simple\seed_483\final_summary.json
Baseline,RAT-Flow,259.93919944763184,data2\n160p100\n160p100_rat_k16_output\rat_k16\simple\seed_484\final_summary.json
Baseline,RAT-Flow,238.79138278961182,data2\n160p100\n160p100_rat_k16_output\rat_k16\simple\seed_485\final_summary.json
Baseline,RAT-Flow,276.2105631828308,data2\n160p100\n160p100_rat_k16_output\rat_k16\simple\seed_486\final_summary.json
Baseline,RAT-Flow,297.08484530448914,data2\n160p100\n160p100_rat_k16_output\rat_k16\simple\seed_487\final_summary.json
Baseline,RAT-Flow,296.0335409641266,data2\n160p100\n160p100_rat_k16_output\rat_k16\simple\seed_488\final_summary.json
Baseline,RAT-Flow,473.8245666027069,data2\n160p100\n160p100_rat_k16_output\rat_k16\simple\seed_489\final_summary.json
Baseline,RAT-Flow,489.12643933296204,data2\n160p100\n160p100_rat_k16_output\rat_k16\simple\seed_490\final_summary.json
Baseline,RAT-Flow,274.54733657836914,data2\n160p100\n160p100_rat_k16_output\rat_k16\simple\seed_491\final_summary.json
Baseline,RAT-Flow,312.79622292518616,data2\n160p100\n160p100_rat_k16_output\rat_k16\simple\seed_492\final_summary.json
Baseline,RAT-Flow,384.2270083427429,data2\n160p100\n160p100_rat_k16_output\rat_k16\simple\seed_493\final_summary.json
Baseline,RAT-Flow,276.0459623336792,data2\n160p100\n160p100_rat_k16_output\rat_k16\simple\seed_494\final_summary.json
Baseline,RAT-Flow,313.1633267402649,data2\n160p100\n160p100_rat_k16_output\rat_k16\simple\seed_495\final_summary.json
Baseline,RAT-Flow,418.84532046318054,data2\n160p100\n160p100_rat_k16_output\rat_k16\simple\seed_496\final_summary.json
Baseline,RAT-Flow,423.29827857017517,data2\n160p100\n160p100_rat_k16_output\rat_k16\simple\seed_497\final_summary.json
Baseline,RAT-Flow,260.24264454841614,data2\n160p100\n160p100_rat_k16_output\rat_k16\simple\seed_498\final_summary.json
Baseline,RAT-Flow,364.60737442970276,data2\n160p100\n160p100_rat_k16_output\rat_k16\simple\seed_499\final_summary.json
Weak signals,RAT-Flow,240.90518736839294,data2\n160p100\n160p100_rat_k16_output\rat_k16\weak_signal\seed_400\final_summary.json
Weak signals,RAT-Flow,411.16431975364685,data2\n160p100\n160p100_rat_k16_output\rat_k16\weak_signal\seed_402\final_summary.json
Weak signals,RAT-Flow,344.76023149490356,data2\n160p100\n160p100_rat_k16_output\rat_k16\weak_signal\seed_403\final_summary.json
Weak signals,RAT-Flow,365.26107454299927,data2\n160p100\n160p100_rat_k16_output\rat_k16\weak_signal\seed_410\final_summary.json
Weak signals,RAT-Flow,353.14583015441895,data2\n160p100\n160p100_rat_k16_output\rat_k16\weak_signal\seed_412\final_summary.json
Weak signals,RAT-Flow,329.2000639438629,data2\n160p100\n160p100_rat_k16_output\rat_k16\weak_signal\seed_414\final_summary.json
Weak signals,RAT-Flow,243.22476196289062,data2\n160p100\n160p100_rat_k16_output\rat_k16\weak_signal\seed_418\final_summary.json
Weak signals,RAT-Flow,284.5810308456421,data2\n160p100\n160p100_rat_k16_output\rat_k16\weak_signal\seed_420\final_summary.json
Weak signals,RAT-Flow,346.3793065547943,data2\n160p100\n160p100_rat_k16_output\rat_k16\weak_signal\seed_428\final_summary.json
Weak signals,RAT-Flow,256.5064413547516,data2\n160p100\n160p100_rat_k16_output\rat_k16\weak_signal\seed_431\final_summary.json
Weak signals,RAT-Flow,235.36350631713867,data2\n160p100\n160p100_rat_k16_output\rat_k16\weak_signal\seed_441\final_summary.json
Weak signals,RAT-Flow,991.7117774486542,data2\n160p100\n160p100_rat_k16_output\rat_k16\weak_signal\seed_442\final_summary.json
Weak signals,RAT-Flow,261.29771184921265,data2\n160p100\n160p100_rat_k16_output\rat_k16\weak_signal\seed_444\final_summary.json
Weak signals,RAT-Flow,222.12690377235413,data2\n160p100\n160p100_rat_k16_output\rat_k16\weak_signal\seed_446\final_summary.json
Weak signals,RAT-Flow,247.14076352119446,data2\n160p100\n160p100_rat_k16_output\rat_k16\weak_signal\seed_448\final_summary.json
Weak signals,RAT-Flow,610.0403180122375,data2\n160p100\n160p100_rat_k16_output\rat_k16\weak_signal\seed_456\final_summary.json
Weak signals,RAT-Flow,333.8088631629944,data2\n160p100\n160p100_rat_k16_output\rat_k16\weak_signal\seed_460\final_summary.json
Weak signals,RAT-Flow,276.75528216362,data2\n160p100\n160p100_rat_k16_output\rat_k16\weak_signal\seed_461\final_summary.json
Weak signals,RAT-Flow,279.87157917022705,data2\n160p100\n160p100_rat_k16_output\rat_k16\weak_signal\seed_462\final_summary.json
Weak signals,RAT-Flow,472.25696086883545,data2\n160p100\n160p100_rat_k16_output\rat_k16\weak_signal\seed_465\final_summary.json
Weak signals,RAT-Flow,272.70186734199524,data2\n160p100\n160p100_rat_k16_output\rat_k16\weak_signal\seed_466\final_summary.json
Weak signals,RAT-Flow,269.9042754173279,data2\n160p100\n160p100_rat_k16_output\rat_k16\weak_signal\seed_468\final_summary.json
Weak signals,RAT-Flow,263.0916793346405,data2\n160p100\n160p100_rat_k16_output\rat_k16\weak_signal\seed_474\final_summary.json
Weak signals,RAT-Flow,258.4312250614166,data2\n160p100\n160p100_rat_k16_output\rat_k16\weak_signal\seed_476\final_summary.json
Weak signals,RAT-Flow,270.5137736797333,data2\n160p100\n160p100_rat_k16_output\rat_k16\weak_signal\seed_490\final_summary.json
Weak signals,RAT-Flow,226.54208660125732,data2\n160p100\n160p100_rat_k16_output\rat_k16\weak_signal\seed_497\final_summary.json
Weak signals,RAT-Flow,261.07809042930603,data2\n160p100\n160p100_rat_k16_output\rat_k16\weak_signal\seed_499\final_summary.json
Low SNR,ResCond,847.3841199874878,data2\n160p100\n160p100_rat_k16_output\rescond\low_snr\seed_400\final_summary.json
Low SNR,ResCond,459.1957950592041,data2\n160p100\n160p100_rat_k16_output\rescond\low_snr\seed_401\final_summary.json
Low SNR,ResCond,365.94662952423096,data2\n160p100\n160p100_rat_k16_output\rescond\low_snr\seed_402\final_summary.json
Low SNR,ResCond,442.3587689399719,data2\n160p100\n160p100_rat_k16_output\rescond\low_snr\seed_403\final_summary.json
Low SNR,ResCond,464.40423488616943,data2\n160p100\n160p100_rat_k16_output\rescond\low_snr\seed_404\final_summary.json
Low SNR,ResCond,498.01810789108276,data2\n160p100\n160p100_rat_k16_output\rescond\low_snr\seed_405\final_summary.json
Low SNR,ResCond,440.346302986145,data2\n160p100\n160p100_rat_k16_output\rescond\low_snr\seed_406\final_summary.json
Low SNR,ResCond,572.7476966381073,data2\n160p100\n160p100_rat_k16_output\rescond\low_snr\seed_407\final_summary.json
Low SNR,ResCond,607.030989408493,data2\n160p100\n160p100_rat_k16_output\rescond\low_snr\seed_408\final_summary.json
Low SNR,ResCond,519.7129483222961,data2\n160p100\n160p100_rat_k16_output\rescond\low_snr\seed_409\final_summary.json
Low SNR,ResCond,980.8294429779053,data2\n160p100\n160p100_rat_k16_output\rescond\low_snr\seed_410\final_summary.json
Low SNR,ResCond,895.3688213825226,data2\n160p100\n160p100_rat_k16_output\rescond\low_snr\seed_411\final_summary.json
Low SNR,ResCond,475.80086731910706,data2\n160p100\n160p100_rat_k16_output\rescond\low_snr\seed_412\final_summary.json
Low SNR,ResCond,442.7961976528168,data2\n160p100\n160p100_rat_k16_output\rescond\low_snr\seed_413\final_summary.json
Low SNR,ResCond,394.81559586524963,data2\n160p100\n160p100_rat_k16_output\rescond\low_snr\seed_414\final_summary.json
Low SNR,ResCond,917.7709860801697,data2\n160p100\n160p100_rat_k16_output\rescond\low_snr\seed_415\final_summary.json
Low SNR,ResCond,717.2175071239471,data2\n160p100\n160p100_rat_k16_output\rescond\low_snr\seed_416\final_summary.json
Low SNR,ResCond,842.3359372615814,data2\n160p100\n160p100_rat_k16_output\rescond\low_snr\seed_417\final_summary.json
Low SNR,ResCond,634.0587446689606,data2\n160p100\n160p100_rat_k16_output\rescond\low_snr\seed_418\final_summary.json
Low SNR,ResCond,508.0841121673584,data2\n160p100\n160p100_rat_k16_output\rescond\low_snr\seed_419\final_summary.json
Low SNR,ResCond,479.9026699066162,data2\n160p100\n160p100_rat_k16_output\rescond\low_snr\seed_420\final_summary.json
Low SNR,ResCond,447.4676125049591,data2\n160p100\n160p100_rat_k16_output\rescond\low_snr\seed_421\final_summary.json
Low SNR,ResCond,385.6035602092743,data2\n160p100\n160p100_rat_k16_output\rescond\low_snr\seed_422\final_summary.json
Low SNR,ResCond,419.74038004875183,data2\n160p100\n160p100_rat_k16_output\rescond\low_snr\seed_423\final_summary.json
Low SNR,ResCond,470.02076029777527,data2\n160p100\n160p100_rat_k16_output\rescond\low_snr\seed_424\final_summary.json
Low SNR,ResCond,559.2732963562012,data2\n160p100\n160p100_rat_k16_output\rescond\low_snr\seed_425\final_summary.json
Low SNR,ResCond,533.3454520702362,data2\n160p100\n160p100_rat_k16_output\rescond\low_snr\seed_426\final_summary.json
Low SNR,ResCond,432.14079546928406,data2\n160p100\n160p100_rat_k16_output\rescond\low_snr\seed_427\final_summary.json
Low SNR,ResCond,441.65396189689636,data2\n160p100\n160p100_rat_k16_output\rescond\low_snr\seed_428\final_summary.json
Low SNR,ResCond,398.07990980148315,data2\n160p100\n160p100_rat_k16_output\rescond\low_snr\seed_429\final_summary.json
Low SNR,ResCond,442.25203704833984,data2\n160p100\n160p100_rat_k16_output\rescond\low_snr\seed_430\final_summary.json
Low SNR,ResCond,386.73031544685364,data2\n160p100\n160p100_rat_k16_output\rescond\low_snr\seed_431\final_summary.json
Low SNR,ResCond,386.7865746021271,data2\n160p100\n160p100_rat_k16_output\rescond\low_snr\seed_432\final_summary.json
Low SNR,ResCond,432.0824251174927,data2\n160p100\n160p100_rat_k16_output\rescond\low_snr\seed_433\final_summary.json
Low SNR,ResCond,541.4579498767853,data2\n160p100\n160p100_rat_k16_output\rescond\low_snr\seed_434\final_summary.json
Low SNR,ResCond,303.8684639930725,data2\n160p100\n160p100_rat_k16_output\rescond\low_snr\seed_435\final_summary.json
Low SNR,ResCond,371.2007191181183,data2\n160p100\n160p100_rat_k16_output\rescond\low_snr\seed_436\final_summary.json
Low SNR,ResCond,388.54988074302673,data2\n160p100\n160p100_rat_k16_output\rescond\low_snr\seed_437\final_summary.json
Low SNR,ResCond,422.34578800201416,data2\n160p100\n160p100_rat_k16_output\rescond\low_snr\seed_438\final_summary.json
Low SNR,ResCond,533.2096586227417,data2\n160p100\n160p100_rat_k16_output\rescond\low_snr\seed_439\final_summary.json
Low SNR,ResCond,495.97977924346924,data2\n160p100\n160p100_rat_k16_output\rescond\low_snr\seed_440\final_summary.json
Low SNR,ResCond,559.5397939682007,data2\n160p100\n160p100_rat_k16_output\rescond\low_snr\seed_441\final_summary.json
Low SNR,ResCond,572.6167883872986,data2\n160p100\n160p100_rat_k16_output\rescond\low_snr\seed_442\final_summary.json
Low SNR,ResCond,694.4243535995483,data2\n160p100\n160p100_rat_k16_output\rescond\low_snr\seed_443\final_summary.json
Low SNR,ResCond,586.6212255954742,data2\n160p100\n160p100_rat_k16_output\rescond\low_snr\seed_444\final_summary.json
Low SNR,ResCond,690.8079056739807,data2\n160p100\n160p100_rat_k16_output\rescond\low_snr\seed_445\final_summary.json
Low SNR,ResCond,363.5108699798584,data2\n160p100\n160p100_rat_k16_output\rescond\low_snr\seed_446\final_summary.json
Low SNR,ResCond,403.56525349617004,data2\n160p100\n160p100_rat_k16_output\rescond\low_snr\seed_447\final_summary.json
Low SNR,ResCond,427.56001567840576,data2\n160p100\n160p100_rat_k16_output\rescond\low_snr\seed_448\final_summary.json
Low SNR,ResCond,465.833101272583,data2\n160p100\n160p100_rat_k16_output\rescond\low_snr\seed_449\final_summary.json
Low SNR,ResCond,811.4481790065765,data2\n160p100\n160p100_rat_k16_output\rescond\low_snr\seed_450\final_summary.json
Low SNR,ResCond,840.6780071258545,data2\n160p100\n160p100_rat_k16_output\rescond\low_snr\seed_451\final_summary.json
Low SNR,ResCond,395.8509078025818,data2\n160p100\n160p100_rat_k16_output\rescond\low_snr\seed_452\final_summary.json
Low SNR,ResCond,543.8499174118042,data2\n160p100\n160p100_rat_k16_output\rescond\low_snr\seed_453\final_summary.json
Low SNR,ResCond,2105.1649363040924,data2\n160p100\n160p100_rat_k16_output\rescond\low_snr\seed_454\final_summary.json
Low SNR,ResCond,564.915501832962,data2\n160p100\n160p100_rat_k16_output\rescond\low_snr\seed_455\final_summary.json
Low SNR,ResCond,581.184796333313,data2\n160p100\n160p100_rat_k16_output\rescond\low_snr\seed_456\final_summary.json
Low SNR,ResCond,627.675838470459,data2\n160p100\n160p100_rat_k16_output\rescond\low_snr\seed_457\final_summary.json
Low SNR,ResCond,419.9778208732605,data2\n160p100\n160p100_rat_k16_output\rescond\low_snr\seed_458\final_summary.json
Low SNR,ResCond,485.34823846817017,data2\n160p100\n160p100_rat_k16_output\rescond\low_snr\seed_459\final_summary.json
Low SNR,ResCond,335.4796884059906,data2\n160p100\n160p100_rat_k16_output\rescond\low_snr\seed_460\final_summary.json
Low SNR,ResCond,442.4106731414795,data2\n160p100\n160p100_rat_k16_output\rescond\low_snr\seed_461\final_summary.json
Low SNR,ResCond,458.9711627960205,data2\n160p100\n160p100_rat_k16_output\rescond\low_snr\seed_462\final_summary.json
Low SNR,ResCond,496.3532931804657,data2\n160p100\n160p100_rat_k16_output\rescond\low_snr\seed_463\final_summary.json
Low SNR,ResCond,739.6970596313477,data2\n160p100\n160p100_rat_k16_output\rescond\low_snr\seed_464\final_summary.json
Low SNR,ResCond,458.25153613090515,data2\n160p100\n160p100_rat_k16_output\rescond\low_snr\seed_465\final_summary.json
Low SNR,ResCond,669.4034142494202,data2\n160p100\n160p100_rat_k16_output\rescond\low_snr\seed_466\final_summary.json
Low SNR,ResCond,456.8386445045471,data2\n160p100\n160p100_rat_k16_output\rescond\low_snr\seed_467\final_summary.json
Low SNR,ResCond,367.9607083797455,data2\n160p100\n160p100_rat_k16_output\rescond\low_snr\seed_468\final_summary.json
Low SNR,ResCond,396.2722239494324,data2\n160p100\n160p100_rat_k16_output\rescond\low_snr\seed_469\final_summary.json
Low SNR,ResCond,447.90283250808716,data2\n160p100\n160p100_rat_k16_output\rescond\low_snr\seed_470\final_summary.json
Low SNR,ResCond,379.22878766059875,data2\n160p100\n160p100_rat_k16_output\rescond\low_snr\seed_471\final_summary.json
Low SNR,ResCond,441.7388343811035,data2\n160p100\n160p100_rat_k16_output\rescond\low_snr\seed_472\final_summary.json
Low SNR,ResCond,413.91766691207886,data2\n160p100\n160p100_rat_k16_output\rescond\low_snr\seed_473\final_summary.json
Low SNR,ResCond,335.890900850296,data2\n160p100\n160p100_rat_k16_output\rescond\low_snr\seed_474\final_summary.json
Low SNR,ResCond,395.0857627391815,data2\n160p100\n160p100_rat_k16_output\rescond\low_snr\seed_475\final_summary.json
Low SNR,ResCond,604.9543313980103,data2\n160p100\n160p100_rat_k16_output\rescond\low_snr\seed_476\final_summary.json
Low SNR,ResCond,584.4284288883209,data2\n160p100\n160p100_rat_k16_output\rescond\low_snr\seed_477\final_summary.json
Low SNR,ResCond,328.08881545066833,data2\n160p100\n160p100_rat_k16_output\rescond\low_snr\seed_478\final_summary.json
Low SNR,ResCond,809.2966129779816,data2\n160p100\n160p100_rat_k16_output\rescond\low_snr\seed_479\final_summary.json
Low SNR,ResCond,431.6791150569916,data2\n160p100\n160p100_rat_k16_output\rescond\low_snr\seed_480\final_summary.json
Low SNR,ResCond,486.9487581253052,data2\n160p100\n160p100_rat_k16_output\rescond\low_snr\seed_481\final_summary.json
Low SNR,ResCond,6831.009024381638,data2\n160p100\n160p100_rat_k16_output\rescond\low_snr\seed_482\final_summary.json
Low SNR,ResCond,375.95411562919617,data2\n160p100\n160p100_rat_k16_output\rescond\low_snr\seed_483\final_summary.json
Low SNR,ResCond,6644.11341881752,data2\n160p100\n160p100_rat_k16_output\rescond\low_snr\seed_484\final_summary.json
Low SNR,ResCond,378.53609466552734,data2\n160p100\n160p100_rat_k16_output\rescond\low_snr\seed_485\final_summary.json
Low SNR,ResCond,617.5547125339508,data2\n160p100\n160p100_rat_k16_output\rescond\low_snr\seed_486\final_summary.json
Low SNR,ResCond,444.2081923484802,data2\n160p100\n160p100_rat_k16_output\rescond\low_snr\seed_487\final_summary.json
Low SNR,ResCond,537.8834257125854,data2\n160p100\n160p100_rat_k16_output\rescond\low_snr\seed_488\final_summary.json
Low SNR,ResCond,535.5954217910767,data2\n160p100\n160p100_rat_k16_output\rescond\low_snr\seed_489\final_summary.json
Low SNR,ResCond,385.3383185863495,data2\n160p100\n160p100_rat_k16_output\rescond\low_snr\seed_490\final_summary.json
Low SNR,ResCond,593.4244434833527,data2\n160p100\n160p100_rat_k16_output\rescond\low_snr\seed_491\final_summary.json
Low SNR,ResCond,426.55859088897705,data2\n160p100\n160p100_rat_k16_output\rescond\low_snr\seed_492\final_summary.json
Low SNR,ResCond,564.5717406272888,data2\n160p100\n160p100_rat_k16_output\rescond\low_snr\seed_493\final_summary.json
Low SNR,ResCond,526.2396221160889,data2\n160p100\n160p100_rat_k16_output\rescond\low_snr\seed_494\final_summary.json
Low SNR,ResCond,949.0016946792603,data2\n160p100\n160p100_rat_k16_output\rescond\low_snr\seed_495\final_summary.json
Low SNR,ResCond,580.1854169368744,data2\n160p100\n160p100_rat_k16_output\rescond\low_snr\seed_496\final_summary.json
Low SNR,ResCond,393.9451484680176,data2\n160p100\n160p100_rat_k16_output\rescond\low_snr\seed_497\final_summary.json
Low SNR,ResCond,500.979948759079,data2\n160p100\n160p100_rat_k16_output\rescond\low_snr\seed_498\final_summary.json
Low SNR,ResCond,388.08946108818054,data2\n160p100\n160p100_rat_k16_output\rescond\low_snr\seed_499\final_summary.json
Baseline,ResCond,445.32353377342224,data2\n160p100\n160p100_rat_k16_output\rescond\simple\seed_400\final_summary.json
Baseline,ResCond,491.81970977783203,data2\n160p100\n160p100_rat_k16_output\rescond\simple\seed_401\final_summary.json
Baseline,ResCond,501.3249251842499,data2\n160p100\n160p100_rat_k16_output\rescond\simple\seed_402\final_summary.json
Baseline,ResCond,488.9714171886444,data2\n160p100\n160p100_rat_k16_output\rescond\simple\seed_403\final_summary.json
Baseline,ResCond,508.98215436935425,data2\n160p100\n160p100_rat_k16_output\rescond\simple\seed_404\final_summary.json
Baseline,ResCond,417.9241714477539,data2\n160p100\n160p100_rat_k16_output\rescond\simple\seed_405\final_summary.json
Baseline,ResCond,497.17619466781616,data2\n160p100\n160p100_rat_k16_output\rescond\simple\seed_406\final_summary.json
Baseline,ResCond,552.119292974472,data2\n160p100\n160p100_rat_k16_output\rescond\simple\seed_407\final_summary.json
Baseline,ResCond,520.0968062877655,data2\n160p100\n160p100_rat_k16_output\rescond\simple\seed_408\final_summary.json
Baseline,ResCond,535.3181712627411,data2\n160p100\n160p100_rat_k16_output\rescond\simple\seed_409\final_summary.json
Baseline,ResCond,485.7716255187988,data2\n160p100\n160p100_rat_k16_output\rescond\simple\seed_410\final_summary.json
Baseline,ResCond,503.3455603122711,data2\n160p100\n160p100_rat_k16_output\rescond\simple\seed_411\final_summary.json
Baseline,ResCond,619.0167384147644,data2\n160p100\n160p100_rat_k16_output\rescond\simple\seed_412\final_summary.json
Baseline,ResCond,535.4104826450348,data2\n160p100\n160p100_rat_k16_output\rescond\simple\seed_413\final_summary.json
Baseline,ResCond,501.77223348617554,data2\n160p100\n160p100_rat_k16_output\rescond\simple\seed_414\final_summary.json
Baseline,ResCond,448.28657627105713,data2\n160p100\n160p100_rat_k16_output\rescond\simple\seed_415\final_summary.json
Baseline,ResCond,431.92937660217285,data2\n160p100\n160p100_rat_k16_output\rescond\simple\seed_416\final_summary.json
Baseline,ResCond,3867.3778715133667,data2\n160p100\n160p100_rat_k16_output\rescond\simple\seed_417\final_summary.json
Baseline,ResCond,3009.7968096733093,data2\n160p100\n160p100_rat_k16_output\rescond\simple\seed_418\final_summary.json
Baseline,ResCond,465.0870385169983,data2\n160p100\n160p100_rat_k16_output\rescond\simple\seed_419\final_summary.json
Baseline,ResCond,522.2835371494293,data2\n160p100\n160p100_rat_k16_output\rescond\simple\seed_420\final_summary.json
Baseline,ResCond,547.7502822875977,data2\n160p100\n160p100_rat_k16_output\rescond\simple\seed_421\final_summary.json
Baseline,ResCond,558.1634302139282,data2\n160p100\n160p100_rat_k16_output\rescond\simple\seed_422\final_summary.json
Baseline,ResCond,546.0509898662567,data2\n160p100\n160p100_rat_k16_output\rescond\simple\seed_423\final_summary.json
Baseline,ResCond,530.2977259159088,data2\n160p100\n160p100_rat_k16_output\rescond\simple\seed_424\final_summary.json
Baseline,ResCond,501.7168107032776,data2\n160p100\n160p100_rat_k16_output\rescond\simple\seed_425\final_summary.json
Baseline,ResCond,414.6189031600952,data2\n160p100\n160p100_rat_k16_output\rescond\simple\seed_426\final_summary.json
Baseline,ResCond,518.9558119773865,data2\n160p100\n160p100_rat_k16_output\rescond\simple\seed_427\final_summary.json
Baseline,ResCond,518.327023267746,data2\n160p100\n160p100_rat_k16_output\rescond\simple\seed_428\final_summary.json
Baseline,ResCond,505.10898065567017,data2\n160p100\n160p100_rat_k16_output\rescond\simple\seed_429\final_summary.json
Baseline,ResCond,455.21491169929504,data2\n160p100\n160p100_rat_k16_output\rescond\simple\seed_430\final_summary.json
Baseline,ResCond,361.1844937801361,data2\n160p100\n160p100_rat_k16_output\rescond\simple\seed_431\final_summary.json
Baseline,ResCond,745.87664103508,data2\n160p100\n160p100_rat_k16_output\rescond\simple\seed_432\final_summary.json
Baseline,ResCond,1058.2467482089996,data2\n160p100\n160p100_rat_k16_output\rescond\simple\seed_433\final_summary.json
Baseline,ResCond,808.4268276691437,data2\n160p100\n160p100_rat_k16_output\rescond\simple\seed_434\final_summary.json
Baseline,ResCond,741.7309656143188,data2\n160p100\n160p100_rat_k16_output\rescond\simple\seed_435\final_summary.json
Baseline,ResCond,519.051762342453,data2\n160p100\n160p100_rat_k16_output\rescond\simple\seed_436\final_summary.json
Baseline,ResCond,1321.7354776859283,data2\n160p100\n160p100_rat_k16_output\rescond\simple\seed_437\final_summary.json
Baseline,ResCond,452.3322103023529,data2\n160p100\n160p100_rat_k16_output\rescond\simple\seed_438\final_summary.json
Baseline,ResCond,560.0883581638336,data2\n160p100\n160p100_rat_k16_output\rescond\simple\seed_439\final_summary.json
Baseline,ResCond,424.2320308685303,data2\n160p100\n160p100_rat_k16_output\rescond\simple\seed_440\final_summary.json
Baseline,ResCond,440.7179696559906,data2\n160p100\n160p100_rat_k16_output\rescond\simple\seed_441\final_summary.json
Baseline,ResCond,503.82976841926575,data2\n160p100\n160p100_rat_k16_output\rescond\simple\seed_442\final_summary.json
Baseline,ResCond,417.0305767059326,data2\n160p100\n160p100_rat_k16_output\rescond\simple\seed_443\final_summary.json
Baseline,ResCond,435.6504817008972,data2\n160p100\n160p100_rat_k16_output\rescond\simple\seed_444\final_summary.json
Baseline,ResCond,438.4403398036957,data2\n160p100\n160p100_rat_k16_output\rescond\simple\seed_445\final_summary.json
Baseline,ResCond,435.00915002822876,data2\n160p100\n160p100_rat_k16_output\rescond\simple\seed_446\final_summary.json
Baseline,ResCond,459.71887707710266,data2\n160p100\n160p100_rat_k16_output\rescond\simple\seed_447\final_summary.json
Baseline,ResCond,562.769389629364,data2\n160p100\n160p100_rat_k16_output\rescond\simple\seed_448\final_summary.json
Baseline,ResCond,573.0244245529175,data2\n160p100\n160p100_rat_k16_output\rescond\simple\seed_449\final_summary.json
Baseline,ResCond,2977.512209177017,data2\n160p100\n160p100_rat_k16_output\rescond\simple\seed_450\final_summary.json
Baseline,ResCond,451.21968817710876,data2\n160p100\n160p100_rat_k16_output\rescond\simple\seed_451\final_summary.json
Baseline,ResCond,626.3653779029846,data2\n160p100\n160p100_rat_k16_output\rescond\simple\seed_452\final_summary.json
Baseline,ResCond,680.4633388519287,data2\n160p100\n160p100_rat_k16_output\rescond\simple\seed_453\final_summary.json
Baseline,ResCond,2620.4121079444885,data2\n160p100\n160p100_rat_k16_output\rescond\simple\seed_454\final_summary.json
Baseline,ResCond,509.3175563812256,data2\n160p100\n160p100_rat_k16_output\rescond\simple\seed_455\final_summary.json
Baseline,ResCond,640.1099605560303,data2\n160p100\n160p100_rat_k16_output\rescond\simple\seed_456\final_summary.json
Baseline,ResCond,575.6517565250397,data2\n160p100\n160p100_rat_k16_output\rescond\simple\seed_457\final_summary.json
Baseline,ResCond,1827.543522119522,data2\n160p100\n160p100_rat_k16_output\rescond\simple\seed_458\final_summary.json
Baseline,ResCond,741.7917311191559,data2\n160p100\n160p100_rat_k16_output\rescond\simple\seed_459\final_summary.json
Baseline,ResCond,1174.143205165863,data2\n160p100\n160p100_rat_k16_output\rescond\simple\seed_460\final_summary.json
Baseline,ResCond,1103.3069519996643,data2\n160p100\n160p100_rat_k16_output\rescond\simple\seed_461\final_summary.json
Baseline,ResCond,1387.1594529151917,data2\n160p100\n160p100_rat_k16_output\rescond\simple\seed_462\final_summary.json
Baseline,ResCond,1455.820555448532,data2\n160p100\n160p100_rat_k16_output\rescond\simple\seed_463\final_summary.json
Baseline,ResCond,1505.0502979755402,data2\n160p100\n160p100_rat_k16_output\rescond\simple\seed_464\final_summary.json
Baseline,ResCond,506.68387150764465,data2\n160p100\n160p100_rat_k16_output\rescond\simple\seed_465\final_summary.json
Baseline,ResCond,504.02374291419983,data2\n160p100\n160p100_rat_k16_output\rescond\simple\seed_466\final_summary.json
Baseline,ResCond,574.7349705696106,data2\n160p100\n160p100_rat_k16_output\rescond\simple\seed_467\final_summary.json
Baseline,ResCond,636.3495235443115,data2\n160p100\n160p100_rat_k16_output\rescond\simple\seed_468\final_summary.json
Baseline,ResCond,616.0091121196747,data2\n160p100\n160p100_rat_k16_output\rescond\simple\seed_469\final_summary.json
Baseline,ResCond,574.4338114261627,data2\n160p100\n160p100_rat_k16_output\rescond\simple\seed_470\final_summary.json
Baseline,ResCond,479.9748010635376,data2\n160p100\n160p100_rat_k16_output\rescond\simple\seed_471\final_summary.json
Baseline,ResCond,460.5083005428314,data2\n160p100\n160p100_rat_k16_output\rescond\simple\seed_472\final_summary.json
Baseline,ResCond,1057.7165040969849,data2\n160p100\n160p100_rat_k16_output\rescond\simple\seed_473\final_summary.json
Baseline,ResCond,441.27489829063416,data2\n160p100\n160p100_rat_k16_output\rescond\simple\seed_474\final_summary.json
Baseline,ResCond,465.9551281929016,data2\n160p100\n160p100_rat_k16_output\rescond\simple\seed_475\final_summary.json
Baseline,ResCond,423.87209606170654,data2\n160p100\n160p100_rat_k16_output\rescond\simple\seed_476\final_summary.json
Baseline,ResCond,453.7029094696045,data2\n160p100\n160p100_rat_k16_output\rescond\simple\seed_477\final_summary.json
Baseline,ResCond,540.2885999679565,data2\n160p100\n160p100_rat_k16_output\rescond\simple\seed_478\final_summary.json
Baseline,ResCond,564.4321496486664,data2\n160p100\n160p100_rat_k16_output\rescond\simple\seed_479\final_summary.json
Baseline,ResCond,614.4493086338043,data2\n160p100\n160p100_rat_k16_output\rescond\simple\seed_480\final_summary.json
Baseline,ResCond,3838.2791996002197,data2\n160p100\n160p100_rat_k16_output\rescond\simple\seed_481\final_summary.json
Baseline,ResCond,530.8165040016174,data2\n160p100\n160p100_rat_k16_output\rescond\simple\seed_482\final_summary.json
Baseline,ResCond,464.1359896659851,data2\n160p100\n160p100_rat_k16_output\rescond\simple\seed_483\final_summary.json
Baseline,ResCond,456.1330568790436,data2\n160p100\n160p100_rat_k16_output\rescond\simple\seed_484\final_summary.json
Baseline,ResCond,549.417711019516,data2\n160p100\n160p100_rat_k16_output\rescond\simple\seed_485\final_summary.json
Baseline,ResCond,530.8927507400513,data2\n160p100\n160p100_rat_k16_output\rescond\simple\seed_486\final_summary.json
Baseline,ResCond,475.9611072540283,data2\n160p100\n160p100_rat_k16_output\rescond\simple\seed_487\final_summary.json
Baseline,ResCond,463.43100357055664,data2\n160p100\n160p100_rat_k16_output\rescond\simple\seed_488\final_summary.json
Baseline,ResCond,463.19667410850525,data2\n160p100\n160p100_rat_k16_output\rescond\simple\seed_489\final_summary.json
Baseline,ResCond,422.83400416374207,data2\n160p100\n160p100_rat_k16_output\rescond\simple\seed_490\final_summary.json
Baseline,ResCond,555.7606880664825,data2\n160p100\n160p100_rat_k16_output\rescond\simple\seed_491\final_summary.json
Baseline,ResCond,438.39214539527893,data2\n160p100\n160p100_rat_k16_output\rescond\simple\seed_492\final_summary.json
Baseline,ResCond,536.0438802242279,data2\n160p100\n160p100_rat_k16_output\rescond\simple\seed_493\final_summary.json
Baseline,ResCond,503.90423488616943,data2\n160p100\n160p100_rat_k16_output\rescond\simple\seed_494\final_summary.json
Baseline,ResCond,470.35795974731445,data2\n160p100\n160p100_rat_k16_output\rescond\simple\seed_495\final_summary.json
Baseline,ResCond,465.1941089630127,data2\n160p100\n160p100_rat_k16_output\rescond\simple\seed_496\final_summary.json
Baseline,ResCond,446.7658922672272,data2\n160p100\n160p100_rat_k16_output\rescond\simple\seed_497\final_summary.json
Baseline,ResCond,461.9205131530762,data2\n160p100\n160p100_rat_k16_output\rescond\simple\seed_498\final_summary.json
Baseline,ResCond,465.82766699790955,data2\n160p100\n160p100_rat_k16_output\rescond\simple\seed_499\final_summary.json
Weak signals,ResCond,3034.4508283138275,data2\n160p100\n160p100_rat_k16_output\rescond\weak_signal\seed_400\final_summary.json
Weak signals,ResCond,7739.27391910553,data2\n160p100\n160p100_rat_k16_output\rescond\weak_signal\seed_401\final_summary.json
Weak signals,ResCond,525.6231482028961,data2\n160p100\n160p100_rat_k16_output\rescond\weak_signal\seed_402\final_summary.json
Weak signals,ResCond,747.2139675617218,data2\n160p100\n160p100_rat_k16_output\rescond\weak_signal\seed_404\final_summary.json
Weak signals,ResCond,559.1733765602112,data2\n160p100\n160p100_rat_k16_output\rescond\weak_signal\seed_405\final_summary.json
Weak signals,ResCond,8052.247414588928,data2\n160p100\n160p100_rat_k16_output\rescond\weak_signal\seed_408\final_summary.json
Weak signals,ResCond,1287.3969461917877,data2\n160p100\n160p100_rat_k16_output\rescond\weak_signal\seed_409\final_summary.json
Weak signals,ResCond,594.9822466373444,data2\n160p100\n160p100_rat_k16_output\rescond\weak_signal\seed_411\final_summary.json
Weak signals,ResCond,384.72736954689026,data2\n160p100\n160p100_rat_k16_output\rescond\weak_signal\seed_412\final_summary.json
Weak signals,ResCond,584.9233722686768,data2\n160p100\n160p100_rat_k16_output\rescond\weak_signal\seed_414\final_summary.json
Weak signals,ResCond,442.3158779144287,data2\n160p100\n160p100_rat_k16_output\rescond\weak_signal\seed_417\final_summary.json
Weak signals,ResCond,445.93069529533386,data2\n160p100\n160p100_rat_k16_output\rescond\weak_signal\seed_418\final_summary.json
Weak signals,ResCond,443.5786027908325,data2\n160p100\n160p100_rat_k16_output\rescond\weak_signal\seed_419\final_summary.json
Weak signals,ResCond,459.70055747032166,data2\n160p100\n160p100_rat_k16_output\rescond\weak_signal\seed_422\final_summary.json
Weak signals,ResCond,403.5860605239868,data2\n160p100\n160p100_rat_k16_output\rescond\weak_signal\seed_423\final_summary.json
Weak signals,ResCond,394.74363231658936,data2\n160p100\n160p100_rat_k16_output\rescond\weak_signal\seed_424\final_summary.json
Weak signals,ResCond,468.1055181026459,data2\n160p100\n160p100_rat_k16_output\rescond\weak_signal\seed_425\final_summary.json
Weak signals,ResCond,942.19788813591,data2\n160p100\n160p100_rat_k16_output\rescond\weak_signal\seed_427\final_summary.json
Weak signals,ResCond,585.0010042190552,data2\n160p100\n160p100_rat_k16_output\rescond\weak_signal\seed_428\final_summary.json
Weak signals,ResCond,466.66183376312256,data2\n160p100\n160p100_rat_k16_output\rescond\weak_signal\seed_430\final_summary.json
Weak signals,ResCond,548.513635635376,data2\n160p100\n160p100_rat_k16_output\rescond\weak_signal\seed_432\final_summary.json
Weak signals,ResCond,647.9637064933777,data2\n160p100\n160p100_rat_k16_output\rescond\weak_signal\seed_433\final_summary.json
Weak signals,ResCond,462.58786249160767,data2\n160p100\n160p100_rat_k16_output\rescond\weak_signal\seed_434\final_summary.json
Weak signals,ResCond,478.5721218585968,data2\n160p100\n160p100_rat_k16_output\rescond\weak_signal\seed_442\final_summary.json
Weak signals,ResCond,673.3081252574921,data2\n160p100\n160p100_rat_k16_output\rescond\weak_signal\seed_444\final_summary.json
Weak signals,ResCond,435.9414281845093,data2\n160p100\n160p100_rat_k16_output\rescond\weak_signal\seed_445\final_summary.json
Weak signals,ResCond,476.55713057518005,data2\n160p100\n160p100_rat_k16_output\rescond\weak_signal\seed_447\final_summary.json
Weak signals,ResCond,404.88339710235596,data2\n160p100\n160p100_rat_k16_output\rescond\weak_signal\seed_448\final_summary.json
Weak signals,ResCond,528.9653780460358,data2\n160p100\n160p100_rat_k16_output\rescond\weak_signal\seed_451\final_summary.json
Weak signals,ResCond,664.9119532108307,data2\n160p100\n160p100_rat_k16_output\rescond\weak_signal\seed_452\final_summary.json
Weak signals,ResCond,386.6400270462036,data2\n160p100\n160p100_rat_k16_output\rescond\weak_signal\seed_456\final_summary.json
Weak signals,ResCond,348.27276372909546,data2\n160p100\n160p100_rat_k16_output\rescond\weak_signal\seed_457\final_summary.json
Weak signals,ResCond,577.1406450271606,data2\n160p100\n160p100_rat_k16_output\rescond\weak_signal\seed_461\final_summary.json
Weak signals,ResCond,618.5195484161377,data2\n160p100\n160p100_rat_k16_output\rescond\weak_signal\seed_462\final_summary.json
Weak signals,ResCond,470.78510093688965,data2\n160p100\n160p100_rat_k16_output\rescond\weak_signal\seed_463\final_summary.json
Weak signals,ResCond,388.62330865859985,data2\n160p100\n160p100_rat_k16_output\rescond\weak_signal\seed_464\final_summary.json
Weak signals,ResCond,399.4757149219513,data2\n160p100\n160p100_rat_k16_output\rescond\weak_signal\seed_465\final_summary.json
Weak signals,ResCond,431.25895857810974,data2\n160p100\n160p100_rat_k16_output\rescond\weak_signal\seed_466\final_summary.json
Weak signals,ResCond,394.30442214012146,data2\n160p100\n160p100_rat_k16_output\rescond\weak_signal\seed_467\final_summary.json
Weak signals,ResCond,428.96708822250366,data2\n160p100\n160p100_rat_k16_output\rescond\weak_signal\seed_468\final_summary.json
Weak signals,ResCond,905.8160886764526,data2\n160p100\n160p100_rat_k16_output\rescond\weak_signal\seed_469\final_summary.json
Weak signals,ResCond,649.6027102470398,data2\n160p100\n160p100_rat_k16_output\rescond\weak_signal\seed_471\final_summary.json
Weak signals,ResCond,421.31977581977844,data2\n160p100\n160p100_rat_k16_output\rescond\weak_signal\seed_473\final_summary.json
Weak signals,ResCond,329.43168544769287,data2\n160p100\n160p100_rat_k16_output\rescond\weak_signal\seed_474\final_summary.json
Weak signals,ResCond,390.0445272922516,data2\n160p100\n160p100_rat_k16_output\rescond\weak_signal\seed_476\final_summary.json
Weak signals,ResCond,445.2400245666504,data2\n160p100\n160p100_rat_k16_output\rescond\weak_signal\seed_479\final_summary.json
Weak signals,ResCond,419.7917182445526,data2\n160p100\n160p100_rat_k16_output\rescond\weak_signal\seed_481\final_summary.json
Weak signals,ResCond,402.92456340789795,data2\n160p100\n160p100_rat_k16_output\rescond\weak_signal\seed_484\final_summary.json
Weak signals,ResCond,406.67031145095825,data2\n160p100\n160p100_rat_k16_output\rescond\weak_signal\seed_488\final_summary.json
Weak signals,ResCond,485.55966877937317,data2\n160p100\n160p100_rat_k16_output\rescond\weak_signal\seed_489\final_summary.json
Weak signals,ResCond,421.61259365081787,data2\n160p100\n160p100_rat_k16_output\rescond\weak_signal\seed_491\final_summary.json
Weak signals,ResCond,483.1455514431,data2\n160p100\n160p100_rat_k16_output\rescond\weak_signal\seed_495\final_summary.json
Weak signals,ResCond,419.0944149494171,data2\n160p100\n160p100_rat_k16_output\rescond\weak_signal\seed_497\final_summary.json
Weak signals,ResCond,610.3761560916901,data2\n160p100\n160p100_rat_k16_output\rescond\weak_signal\seed_498\final_summary.json
Weak signals,ResCond,407.3122251033783,data2\n160p100\n160p100_rat_k16_output\rescond\weak_signal\seed_499\final_summary.json
Baseline,Semantic-Affine,854.4835903644562,data2\n160p100\n160p100_rat_k16_output\semantic_affine_control\simple\seed_400\final_summary.json
Baseline,Semantic-Affine,694.8531758785248,data2\n160p100\n160p100_rat_k16_output\semantic_affine_control\simple\seed_401\final_summary.json
Baseline,Semantic-Affine,742.4116096496582,data2\n160p100\n160p100_rat_k16_output\semantic_affine_control\simple\seed_402\final_summary.json
Baseline,Semantic-Affine,895.173437833786,data2\n160p100\n160p100_rat_k16_output\semantic_affine_control\simple\seed_403\final_summary.json
Baseline,Semantic-Affine,721.3172609806061,data2\n160p100\n160p100_rat_k16_output\semantic_affine_control\simple\seed_404\final_summary.json
Baseline,Semantic-Affine,692.8500609397888,data2\n160p100\n160p100_rat_k16_output\semantic_affine_control\simple\seed_405\final_summary.json
Baseline,Semantic-Affine,527.095504283905,data2\n160p100\n160p100_rat_k16_output\semantic_affine_control\simple\seed_406\final_summary.json
Baseline,Semantic-Affine,632.0753943920135,data2\n160p100\n160p100_rat_k16_output\semantic_affine_control\simple\seed_407\final_summary.json
Baseline,Semantic-Affine,654.7518620491028,data2\n160p100\n160p100_rat_k16_output\semantic_affine_control\simple\seed_408\final_summary.json
Baseline,Semantic-Affine,672.890419960022,data2\n160p100\n160p100_rat_k16_output\semantic_affine_control\simple\seed_409\final_summary.json
Baseline,Semantic-Affine,640.2995734214783,data2\n160p100\n160p100_rat_k16_output\semantic_affine_control\simple\seed_410\final_summary.json
Baseline,Semantic-Affine,569.39138007164,data2\n160p100\n160p100_rat_k16_output\semantic_affine_control\simple\seed_411\final_summary.json
Baseline,Semantic-Affine,695.6411859989166,data2\n160p100\n160p100_rat_k16_output\semantic_affine_control\simple\seed_412\final_summary.json
Baseline,Semantic-Affine,649.5213949680328,data2\n160p100\n160p100_rat_k16_output\semantic_affine_control\simple\seed_413\final_summary.json
Baseline,Semantic-Affine,656.7436194419861,data2\n160p100\n160p100_rat_k16_output\semantic_affine_control\simple\seed_414\final_summary.json
Baseline,Semantic-Affine,632.9848024845123,data2\n160p100\n160p100_rat_k16_output\semantic_affine_control\simple\seed_415\final_summary.json
Baseline,Semantic-Affine,578.4305355548859,data2\n160p100\n160p100_rat_k16_output\semantic_affine_control\simple\seed_416\final_summary.json
Baseline,Semantic-Affine,480.8506889343262,data2\n160p100\n160p100_rat_k16_output\semantic_affine_control\simple\seed_417\final_summary.json
Baseline,Semantic-Affine,628.0284984111786,data2\n160p100\n160p100_rat_k16_output\semantic_affine_control\simple\seed_418\final_summary.json
Baseline,Semantic-Affine,631.9415628910065,data2\n160p100\n160p100_rat_k16_output\semantic_affine_control\simple\seed_419\final_summary.json
Baseline,Semantic-Affine,538.5427613258362,data2\n160p100\n160p100_rat_k16_output\semantic_affine_control\simple\seed_420\final_summary.json
Baseline,Semantic-Affine,589.4935746192932,data2\n160p100\n160p100_rat_k16_output\semantic_affine_control\simple\seed_421\final_summary.json
Baseline,Semantic-Affine,573.967325925827,data2\n160p100\n160p100_rat_k16_output\semantic_affine_control\simple\seed_422\final_summary.json
Baseline,Semantic-Affine,529.1356611251831,data2\n160p100\n160p100_rat_k16_output\semantic_affine_control\simple\seed_423\final_summary.json
Baseline,Semantic-Affine,493.9402723312378,data2\n160p100\n160p100_rat_k16_output\semantic_affine_control\simple\seed_424\final_summary.json
Baseline,Semantic-Affine,722.0757503509521,data2\n160p100\n160p100_rat_k16_output\semantic_affine_control\simple\seed_425\final_summary.json
Baseline,Semantic-Affine,607.6253266334534,data2\n160p100\n160p100_rat_k16_output\semantic_affine_control\simple\seed_426\final_summary.json
Baseline,Semantic-Affine,609.789712190628,data2\n160p100\n160p100_rat_k16_output\semantic_affine_control\simple\seed_427\final_summary.json
Baseline,Semantic-Affine,681.6032290458679,data2\n160p100\n160p100_rat_k16_output\semantic_affine_control\simple\seed_428\final_summary.json
Baseline,Semantic-Affine,574.9143025875092,data2\n160p100\n160p100_rat_k16_output\semantic_affine_control\simple\seed_429\final_summary.json
Baseline,Semantic-Affine,531.1775643825531,data2\n160p100\n160p100_rat_k16_output\semantic_affine_control\simple\seed_430\final_summary.json
Baseline,Semantic-Affine,461.5329124927521,data2\n160p100\n160p100_rat_k16_output\semantic_affine_control\simple\seed_431\final_summary.json
Baseline,Semantic-Affine,539.272155046463,data2\n160p100\n160p100_rat_k16_output\semantic_affine_control\simple\seed_432\final_summary.json
Baseline,Semantic-Affine,619.0278000831604,data2\n160p100\n160p100_rat_k16_output\semantic_affine_control\simple\seed_433\final_summary.json
Baseline,Semantic-Affine,706.328250169754,data2\n160p100\n160p100_rat_k16_output\semantic_affine_control\simple\seed_434\final_summary.json
Baseline,Semantic-Affine,547.3353323936462,data2\n160p100\n160p100_rat_k16_output\semantic_affine_control\simple\seed_435\final_summary.json
Baseline,Semantic-Affine,526.9185767173767,data2\n160p100\n160p100_rat_k16_output\semantic_affine_control\simple\seed_436\final_summary.json
Baseline,Semantic-Affine,584.3124511241913,data2\n160p100\n160p100_rat_k16_output\semantic_affine_control\simple\seed_437\final_summary.json
Baseline,Semantic-Affine,767.2643928527832,data2\n160p100\n160p100_rat_k16_output\semantic_affine_control\simple\seed_438\final_summary.json
Baseline,Semantic-Affine,987.1291253566742,data2\n160p100\n160p100_rat_k16_output\semantic_affine_control\simple\seed_439\final_summary.json
Baseline,Semantic-Affine,683.0449278354645,data2\n160p100\n160p100_rat_k16_output\semantic_affine_control\simple\seed_440\final_summary.json
Baseline,Semantic-Affine,589.9665622711182,data2\n160p100\n160p100_rat_k16_output\semantic_affine_control\simple\seed_441\final_summary.json
Baseline,Semantic-Affine,633.3303213119507,data2\n160p100\n160p100_rat_k16_output\semantic_affine_control\simple\seed_442\final_summary.json
Baseline,Semantic-Affine,549.0071566104889,data2\n160p100\n160p100_rat_k16_output\semantic_affine_control\simple\seed_443\final_summary.json
Baseline,Semantic-Affine,491.97859168052673,data2\n160p100\n160p100_rat_k16_output\semantic_affine_control\simple\seed_444\final_summary.json
Baseline,Semantic-Affine,527.2408063411713,data2\n160p100\n160p100_rat_k16_output\semantic_affine_control\simple\seed_445\final_summary.json
Baseline,Semantic-Affine,1011.0825562477112,data2\n160p100\n160p100_rat_k16_output\semantic_affine_control\simple\seed_446\final_summary.json
Baseline,Semantic-Affine,595.9533643722534,data2\n160p100\n160p100_rat_k16_output\semantic_affine_control\simple\seed_447\final_summary.json
Baseline,Semantic-Affine,802.3302958011627,data2\n160p100\n160p100_rat_k16_output\semantic_affine_control\simple\seed_448\final_summary.json
Baseline,Semantic-Affine,705.1559536457062,data2\n160p100\n160p100_rat_k16_output\semantic_affine_control\simple\seed_449\final_summary.json
Baseline,Semantic-Affine,530.7504851818085,data2\n160p100\n160p100_rat_k16_output\semantic_affine_control\simple\seed_450\final_summary.json
Baseline,Semantic-Affine,683.3168940544128,data2\n160p100\n160p100_rat_k16_output\semantic_affine_control\simple\seed_451\final_summary.json
Baseline,Semantic-Affine,468.0548553466797,data2\n160p100\n160p100_rat_k16_output\semantic_affine_control\simple\seed_452\final_summary.json
Baseline,Semantic-Affine,1014.2770736217499,data2\n160p100\n160p100_rat_k16_output\semantic_affine_control\simple\seed_453\final_summary.json
Baseline,Semantic-Affine,718.451827287674,data2\n160p100\n160p100_rat_k16_output\semantic_affine_control\simple\seed_454\final_summary.json
Baseline,Semantic-Affine,1097.3380296230316,data2\n160p100\n160p100_rat_k16_output\semantic_affine_control\simple\seed_455\final_summary.json
Baseline,Semantic-Affine,764.5786063671112,data2\n160p100\n160p100_rat_k16_output\semantic_affine_control\simple\seed_456\final_summary.json
Baseline,Semantic-Affine,518.2338128089905,data2\n160p100\n160p100_rat_k16_output\semantic_affine_control\simple\seed_457\final_summary.json
Baseline,Semantic-Affine,501.4216136932373,data2\n160p100\n160p100_rat_k16_output\semantic_affine_control\simple\seed_458\final_summary.json
Baseline,Semantic-Affine,628.8268048763275,data2\n160p100\n160p100_rat_k16_output\semantic_affine_control\simple\seed_459\final_summary.json
Baseline,Semantic-Affine,568.7423849105835,data2\n160p100\n160p100_rat_k16_output\semantic_affine_control\simple\seed_460\final_summary.json
Baseline,Semantic-Affine,537.8052835464478,data2\n160p100\n160p100_rat_k16_output\semantic_affine_control\simple\seed_461\final_summary.json
Baseline,Semantic-Affine,614.9044525623322,data2\n160p100\n160p100_rat_k16_output\semantic_affine_control\simple\seed_462\final_summary.json
Baseline,Semantic-Affine,1329.60786485672,data2\n160p100\n160p100_rat_k16_output\semantic_affine_control\simple\seed_463\final_summary.json
Baseline,Semantic-Affine,672.469699382782,data2\n160p100\n160p100_rat_k16_output\semantic_affine_control\simple\seed_464\final_summary.json
Baseline,Semantic-Affine,577.9559917449951,data2\n160p100\n160p100_rat_k16_output\semantic_affine_control\simple\seed_465\final_summary.json
Baseline,Semantic-Affine,647.0229797363281,data2\n160p100\n160p100_rat_k16_output\semantic_affine_control\simple\seed_466\final_summary.json
Baseline,Semantic-Affine,698.2400841712952,data2\n160p100\n160p100_rat_k16_output\semantic_affine_control\simple\seed_467\final_summary.json
Baseline,Semantic-Affine,772.2318770885468,data2\n160p100\n160p100_rat_k16_output\semantic_affine_control\simple\seed_468\final_summary.json
Baseline,Semantic-Affine,1011.1381542682648,data2\n160p100\n160p100_rat_k16_output\semantic_affine_control\simple\seed_469\final_summary.json
Baseline,Semantic-Affine,1049.9719474315643,data2\n160p100\n160p100_rat_k16_output\semantic_affine_control\simple\seed_470\final_summary.json
Baseline,Semantic-Affine,575.7381086349487,data2\n160p100\n160p100_rat_k16_output\semantic_affine_control\simple\seed_471\final_summary.json
Baseline,Semantic-Affine,593.4164364337921,data2\n160p100\n160p100_rat_k16_output\semantic_affine_control\simple\seed_472\final_summary.json
Baseline,Semantic-Affine,513.876437664032,data2\n160p100\n160p100_rat_k16_output\semantic_affine_control\simple\seed_473\final_summary.json
Baseline,Semantic-Affine,800.8290934562683,data2\n160p100\n160p100_rat_k16_output\semantic_affine_control\simple\seed_474\final_summary.json
Baseline,Semantic-Affine,481.80937242507935,data2\n160p100\n160p100_rat_k16_output\semantic_affine_control\simple\seed_475\final_summary.json
Baseline,Semantic-Affine,648.5317463874817,data2\n160p100\n160p100_rat_k16_output\semantic_affine_control\simple\seed_476\final_summary.json
Baseline,Semantic-Affine,743.7392544746399,data2\n160p100\n160p100_rat_k16_output\semantic_affine_control\simple\seed_477\final_summary.json
Baseline,Semantic-Affine,457.1679754257202,data2\n160p100\n160p100_rat_k16_output\semantic_affine_control\simple\seed_478\final_summary.json
Baseline,Semantic-Affine,804.1243765354156,data2\n160p100\n160p100_rat_k16_output\semantic_affine_control\simple\seed_479\final_summary.json
Baseline,Semantic-Affine,671.5666615962982,data2\n160p100\n160p100_rat_k16_output\semantic_affine_control\simple\seed_480\final_summary.json
Baseline,Semantic-Affine,504.9270896911621,data2\n160p100\n160p100_rat_k16_output\semantic_affine_control\simple\seed_481\final_summary.json
Baseline,Semantic-Affine,635.0263917446136,data2\n160p100\n160p100_rat_k16_output\semantic_affine_control\simple\seed_482\final_summary.json
Baseline,Semantic-Affine,605.5978302955627,data2\n160p100\n160p100_rat_k16_output\semantic_affine_control\simple\seed_484\final_summary.json
Baseline,Semantic-Affine,540.0082063674927,data2\n160p100\n160p100_rat_k16_output\semantic_affine_control\simple\seed_485\final_summary.json
Baseline,Semantic-Affine,576.1600823402405,data2\n160p100\n160p100_rat_k16_output\semantic_affine_control\simple\seed_486\final_summary.json
Baseline,Semantic-Affine,1618.226493358612,data2\n160p100\n160p100_rat_k16_output\semantic_affine_control\simple\seed_487\final_summary.json
Baseline,Semantic-Affine,763.9381563663483,data2\n160p100\n160p100_rat_k16_output\semantic_affine_control\simple\seed_488\final_summary.json
Baseline,Semantic-Affine,758.2255158424377,data2\n160p100\n160p100_rat_k16_output\semantic_affine_control\simple\seed_489\final_summary.json
Baseline,Semantic-Affine,601.9520859718323,data2\n160p100\n160p100_rat_k16_output\semantic_affine_control\simple\seed_490\final_summary.json
Baseline,Semantic-Affine,861.2508509159088,data2\n160p100\n160p100_rat_k16_output\semantic_affine_control\simple\seed_491\final_summary.json
Baseline,Semantic-Affine,532.8871541023254,data2\n160p100\n160p100_rat_k16_output\semantic_affine_control\simple\seed_492\final_summary.json
Baseline,Semantic-Affine,751.4855241775513,data2\n160p100\n160p100_rat_k16_output\semantic_affine_control\simple\seed_493\final_summary.json
Baseline,Semantic-Affine,573.5613121986389,data2\n160p100\n160p100_rat_k16_output\semantic_affine_control\simple\seed_494\final_summary.json
Baseline,Semantic-Affine,1396.9377918243408,data2\n160p100\n160p100_rat_k16_output\semantic_affine_control\simple\seed_495\final_summary.json
Baseline,Semantic-Affine,630.4948556423187,data2\n160p100\n160p100_rat_k16_output\semantic_affine_control\simple\seed_496\final_summary.json
Baseline,Semantic-Affine,527.4926743507385,data2\n160p100\n160p100_rat_k16_output\semantic_affine_control\simple\seed_497\final_summary.json
Baseline,Semantic-Affine,764.5041954517365,data2\n160p100\n160p100_rat_k16_output\semantic_affine_control\simple\seed_498\final_summary.json
Baseline,Semantic-Affine,647.3423686027527,data2\n160p100\n160p100_rat_k16_output\semantic_affine_control\simple\seed_499\final_summary.json
Low SNR,MCMC,2361.734,data2\n160p100\n160p100_mh8_output\low_snr\seed_400\mh_runtime_summary.csv
Low SNR,MCMC,2509.292,data2\n160p100\n160p100_mh8_output\low_snr\seed_401\mh_runtime_summary.csv
Low SNR,MCMC,2320.561,data2\n160p100\n160p100_mh8_output\low_snr\seed_402\mh_runtime_summary.csv
Low SNR,MCMC,2295.194,data2\n160p100\n160p100_mh8_output\low_snr\seed_403\mh_runtime_summary.csv
Low SNR,MCMC,2392.504,data2\n160p100\n160p100_mh8_output\low_snr\seed_404\mh_runtime_summary.csv
Low SNR,MCMC,2405.386,data2\n160p100\n160p100_mh8_output\low_snr\seed_405\mh_runtime_summary.csv
Low SNR,MCMC,2538.872,data2\n160p100\n160p100_mh8_output\low_snr\seed_406\mh_runtime_summary.csv
Low SNR,MCMC,2405.219,data2\n160p100\n160p100_mh8_output\low_snr\seed_407\mh_runtime_summary.csv
Low SNR,MCMC,2410.057,data2\n160p100\n160p100_mh8_output\low_snr\seed_408\mh_runtime_summary.csv
Low SNR,MCMC,2252.662,data2\n160p100\n160p100_mh8_output\low_snr\seed_409\mh_runtime_summary.csv
Low SNR,MCMC,2184.57,data2\n160p100\n160p100_mh8_output\low_snr\seed_410\mh_runtime_summary.csv
Low SNR,MCMC,2205.848,data2\n160p100\n160p100_mh8_output\low_snr\seed_411\mh_runtime_summary.csv
Low SNR,MCMC,2203.216,data2\n160p100\n160p100_mh8_output\low_snr\seed_412\mh_runtime_summary.csv
Low SNR,MCMC,2238.951,data2\n160p100\n160p100_mh8_output\low_snr\seed_413\mh_runtime_summary.csv
Low SNR,MCMC,2353.832,data2\n160p100\n160p100_mh8_output\low_snr\seed_414\mh_runtime_summary.csv
Low SNR,MCMC,2255.519,data2\n160p100\n160p100_mh8_output\low_snr\seed_415\mh_runtime_summary.csv
Low SNR,MCMC,2247.541,data2\n160p100\n160p100_mh8_output\low_snr\seed_416\mh_runtime_summary.csv
Low SNR,MCMC,2217.121,data2\n160p100\n160p100_mh8_output\low_snr\seed_417\mh_runtime_summary.csv
Low SNR,MCMC,2114.029,data2\n160p100\n160p100_mh8_output\low_snr\seed_418\mh_runtime_summary.csv
Low SNR,MCMC,2272.559,data2\n160p100\n160p100_mh8_output\low_snr\seed_419\mh_runtime_summary.csv
Low SNR,MCMC,2284.777,data2\n160p100\n160p100_mh8_output\low_snr\seed_420\mh_runtime_summary.csv
Low SNR,MCMC,2266.902,data2\n160p100\n160p100_mh8_output\low_snr\seed_421\mh_runtime_summary.csv
Low SNR,MCMC,2173.033,data2\n160p100\n160p100_mh8_output\low_snr\seed_422\mh_runtime_summary.csv
Low SNR,MCMC,2344.804,data2\n160p100\n160p100_mh8_output\low_snr\seed_423\mh_runtime_summary.csv
Low SNR,MCMC,2313.813,data2\n160p100\n160p100_mh8_output\low_snr\seed_424\mh_runtime_summary.csv
Low SNR,MCMC,2326.297,data2\n160p100\n160p100_mh8_output\low_snr\seed_425\mh_runtime_summary.csv
Low SNR,MCMC,2229.745,data2\n160p100\n160p100_mh8_output\low_snr\seed_426\mh_runtime_summary.csv
Low SNR,MCMC,2294.667,data2\n160p100\n160p100_mh8_output\low_snr\seed_427\mh_runtime_summary.csv
Low SNR,MCMC,2285.182,data2\n160p100\n160p100_mh8_output\low_snr\seed_428\mh_runtime_summary.csv
Low SNR,MCMC,2272.528,data2\n160p100\n160p100_mh8_output\low_snr\seed_429\mh_runtime_summary.csv
Low SNR,MCMC,2539.264,data2\n160p100\n160p100_mh8_output\low_snr\seed_430\mh_runtime_summary.csv
Low SNR,MCMC,2672.09,data2\n160p100\n160p100_mh8_output\low_snr\seed_431\mh_runtime_summary.csv
Low SNR,MCMC,2461.059,data2\n160p100\n160p100_mh8_output\low_snr\seed_432\mh_runtime_summary.csv
Low SNR,MCMC,2181.792,data2\n160p100\n160p100_mh8_output\low_snr\seed_433\mh_runtime_summary.csv
Low SNR,MCMC,2175.36,data2\n160p100\n160p100_mh8_output\low_snr\seed_434\mh_runtime_summary.csv
Low SNR,MCMC,2311.466,data2\n160p100\n160p100_mh8_output\low_snr\seed_435\mh_runtime_summary.csv
Low SNR,MCMC,2160.391,data2\n160p100\n160p100_mh8_output\low_snr\seed_436\mh_runtime_summary.csv
Low SNR,MCMC,2192.981,data2\n160p100\n160p100_mh8_output\low_snr\seed_437\mh_runtime_summary.csv
Low SNR,MCMC,2233.685,data2\n160p100\n160p100_mh8_output\low_snr\seed_438\mh_runtime_summary.csv
Low SNR,MCMC,2256.458,data2\n160p100\n160p100_mh8_output\low_snr\seed_439\mh_runtime_summary.csv
Low SNR,MCMC,2308.73,data2\n160p100\n160p100_mh8_output\low_snr\seed_440\mh_runtime_summary.csv
Low SNR,MCMC,2161.39,data2\n160p100\n160p100_mh8_output\low_snr\seed_441\mh_runtime_summary.csv
Low SNR,MCMC,2231.597,data2\n160p100\n160p100_mh8_output\low_snr\seed_442\mh_runtime_summary.csv
Low SNR,MCMC,2157.319,data2\n160p100\n160p100_mh8_output\low_snr\seed_443\mh_runtime_summary.csv
Low SNR,MCMC,2178.628,data2\n160p100\n160p100_mh8_output\low_snr\seed_444\mh_runtime_summary.csv
Low SNR,MCMC,2715.555,data2\n160p100\n160p100_mh8_output\low_snr\seed_445\mh_runtime_summary.csv
Low SNR,MCMC,2714.793,data2\n160p100\n160p100_mh8_output\low_snr\seed_446\mh_runtime_summary.csv
Low SNR,MCMC,2633.441,data2\n160p100\n160p100_mh8_output\low_snr\seed_447\mh_runtime_summary.csv
Low SNR,MCMC,2652.419,data2\n160p100\n160p100_mh8_output\low_snr\seed_448\mh_runtime_summary.csv
Low SNR,MCMC,2786.239,data2\n160p100\n160p100_mh8_output\low_snr\seed_449\mh_runtime_summary.csv
Low SNR,MCMC,2631.628,data2\n160p100\n160p100_mh8_output\low_snr\seed_450\mh_runtime_summary.csv
Low SNR,MCMC,2566.853,data2\n160p100\n160p100_mh8_output\low_snr\seed_451\mh_runtime_summary.csv
Low SNR,MCMC,2429.132,data2\n160p100\n160p100_mh8_output\low_snr\seed_452\mh_runtime_summary.csv
Low SNR,MCMC,2309.307,data2\n160p100\n160p100_mh8_output\low_snr\seed_453\mh_runtime_summary.csv
Low SNR,MCMC,2447.446,data2\n160p100\n160p100_mh8_output\low_snr\seed_454\mh_runtime_summary.csv
Low SNR,MCMC,2344.28,data2\n160p100\n160p100_mh8_output\low_snr\seed_455\mh_runtime_summary.csv
Low SNR,MCMC,2358.106,data2\n160p100\n160p100_mh8_output\low_snr\seed_456\mh_runtime_summary.csv
Low SNR,MCMC,2352.563,data2\n160p100\n160p100_mh8_output\low_snr\seed_457\mh_runtime_summary.csv
Low SNR,MCMC,2442.952,data2\n160p100\n160p100_mh8_output\low_snr\seed_458\mh_runtime_summary.csv
Low SNR,MCMC,2421.324,data2\n160p100\n160p100_mh8_output\low_snr\seed_459\mh_runtime_summary.csv
Low SNR,MCMC,2340.437,data2\n160p100\n160p100_mh8_output\low_snr\seed_460\mh_runtime_summary.csv
Low SNR,MCMC,2286.33,data2\n160p100\n160p100_mh8_output\low_snr\seed_461\mh_runtime_summary.csv
Low SNR,MCMC,2306.312,data2\n160p100\n160p100_mh8_output\low_snr\seed_462\mh_runtime_summary.csv
Low SNR,MCMC,2297.597,data2\n160p100\n160p100_mh8_output\low_snr\seed_463\mh_runtime_summary.csv
Low SNR,MCMC,2261.137,data2\n160p100\n160p100_mh8_output\low_snr\seed_464\mh_runtime_summary.csv
Low SNR,MCMC,2412.506,data2\n160p100\n160p100_mh8_output\low_snr\seed_465\mh_runtime_summary.csv
Low SNR,MCMC,2935.109,data2\n160p100\n160p100_mh8_output\low_snr\seed_466\mh_runtime_summary.csv
Low SNR,MCMC,2889.013,data2\n160p100\n160p100_mh8_output\low_snr\seed_467\mh_runtime_summary.csv
Low SNR,MCMC,3058.393,data2\n160p100\n160p100_mh8_output\low_snr\seed_468\mh_runtime_summary.csv
Low SNR,MCMC,2982.257,data2\n160p100\n160p100_mh8_output\low_snr\seed_469\mh_runtime_summary.csv
Low SNR,MCMC,3021.001,data2\n160p100\n160p100_mh8_output\low_snr\seed_470\mh_runtime_summary.csv
Low SNR,MCMC,2350.403,data2\n160p100\n160p100_mh8_output\low_snr\seed_471\mh_runtime_summary.csv
Low SNR,MCMC,2263.143,data2\n160p100\n160p100_mh8_output\low_snr\seed_472\mh_runtime_summary.csv
Low SNR,MCMC,2269.575,data2\n160p100\n160p100_mh8_output\low_snr\seed_473\mh_runtime_summary.csv
Low SNR,MCMC,2290.117,data2\n160p100\n160p100_mh8_output\low_snr\seed_474\mh_runtime_summary.csv
Low SNR,MCMC,2350.768,data2\n160p100\n160p100_mh8_output\low_snr\seed_475\mh_runtime_summary.csv
Low SNR,MCMC,2348.803,data2\n160p100\n160p100_mh8_output\low_snr\seed_476\mh_runtime_summary.csv
Low SNR,MCMC,2228.697,data2\n160p100\n160p100_mh8_output\low_snr\seed_477\mh_runtime_summary.csv
Low SNR,MCMC,2185.457,data2\n160p100\n160p100_mh8_output\low_snr\seed_478\mh_runtime_summary.csv
Low SNR,MCMC,2231.186,data2\n160p100\n160p100_mh8_output\low_snr\seed_479\mh_runtime_summary.csv
Low SNR,MCMC,2769.431,data2\n160p100\n160p100_mh8_output\low_snr\seed_480\mh_runtime_summary.csv
Low SNR,MCMC,2642.974,data2\n160p100\n160p100_mh8_output\low_snr\seed_481\mh_runtime_summary.csv
Low SNR,MCMC,2516.785,data2\n160p100\n160p100_mh8_output\low_snr\seed_482\mh_runtime_summary.csv
Low SNR,MCMC,5871.743,data2\n160p100\n160p100_mh8_output\low_snr\seed_483\mh_runtime_summary.csv
Low SNR,MCMC,5605.651,data2\n160p100\n160p100_mh8_output\low_snr\seed_484\mh_runtime_summary.csv
Low SNR,MCMC,5546.773,data2\n160p100\n160p100_mh8_output\low_snr\seed_485\mh_runtime_summary.csv
Low SNR,MCMC,5875.523,data2\n160p100\n160p100_mh8_output\low_snr\seed_486\mh_runtime_summary.csv
Low SNR,MCMC,6239.456,data2\n160p100\n160p100_mh8_output\low_snr\seed_487\mh_runtime_summary.csv
Low SNR,MCMC,6307.51,data2\n160p100\n160p100_mh8_output\low_snr\seed_488\mh_runtime_summary.csv
Low SNR,MCMC,6353.987,data2\n160p100\n160p100_mh8_output\low_snr\seed_489\mh_runtime_summary.csv
Low SNR,MCMC,6338.71,data2\n160p100\n160p100_mh8_output\low_snr\seed_490\mh_runtime_summary.csv
Low SNR,MCMC,6375.566,data2\n160p100\n160p100_mh8_output\low_snr\seed_491\mh_runtime_summary.csv
Low SNR,MCMC,6608.9,data2\n160p100\n160p100_mh8_output\low_snr\seed_492\mh_runtime_summary.csv
Low SNR,MCMC,6372.165,data2\n160p100\n160p100_mh8_output\low_snr\seed_493\mh_runtime_summary.csv
Low SNR,MCMC,6380.669,data2\n160p100\n160p100_mh8_output\low_snr\seed_494\mh_runtime_summary.csv
Low SNR,MCMC,2347.668,data2\n160p100\n160p100_mh8_output\low_snr\seed_495\mh_runtime_summary.csv
Low SNR,MCMC,2343.652,data2\n160p100\n160p100_mh8_output\low_snr\seed_496\mh_runtime_summary.csv
Low SNR,MCMC,2484.356,data2\n160p100\n160p100_mh8_output\low_snr\seed_497\mh_runtime_summary.csv
Low SNR,MCMC,2474.624,data2\n160p100\n160p100_mh8_output\low_snr\seed_498\mh_runtime_summary.csv
Low SNR,MCMC,2376.505,data2\n160p100\n160p100_mh8_output\low_snr\seed_499\mh_runtime_summary.csv
Baseline,MCMC,2222.573,data2\n160p100\n160p100_mh8_output\simple\seed_400\mh_runtime_summary.csv
Baseline,MCMC,2188.689,data2\n160p100\n160p100_mh8_output\simple\seed_401\mh_runtime_summary.csv
Baseline,MCMC,2218.933,data2\n160p100\n160p100_mh8_output\simple\seed_402\mh_runtime_summary.csv
Baseline,MCMC,2166.804,data2\n160p100\n160p100_mh8_output\simple\seed_403\mh_runtime_summary.csv
Baseline,MCMC,2213.692,data2\n160p100\n160p100_mh8_output\simple\seed_404\mh_runtime_summary.csv
Baseline,MCMC,2238.113,data2\n160p100\n160p100_mh8_output\simple\seed_405\mh_runtime_summary.csv
Baseline,MCMC,2161.984,data2\n160p100\n160p100_mh8_output\simple\seed_406\mh_runtime_summary.csv
Baseline,MCMC,2241.005,data2\n160p100\n160p100_mh8_output\simple\seed_407\mh_runtime_summary.csv
Baseline,MCMC,2224.255,data2\n160p100\n160p100_mh8_output\simple\seed_408\mh_runtime_summary.csv
Baseline,MCMC,2207.192,data2\n160p100\n160p100_mh8_output\simple\seed_409\mh_runtime_summary.csv
Baseline,MCMC,2200.214,data2\n160p100\n160p100_mh8_output\simple\seed_410\mh_runtime_summary.csv
Baseline,MCMC,2166.411,data2\n160p100\n160p100_mh8_output\simple\seed_411\mh_runtime_summary.csv
Baseline,MCMC,2432.344,data2\n160p100\n160p100_mh8_output\simple\seed_412\mh_runtime_summary.csv
Baseline,MCMC,2441.935,data2\n160p100\n160p100_mh8_output\simple\seed_413\mh_runtime_summary.csv
Baseline,MCMC,2415.501,data2\n160p100\n160p100_mh8_output\simple\seed_414\mh_runtime_summary.csv
Baseline,MCMC,2297.804,data2\n160p100\n160p100_mh8_output\simple\seed_415\mh_runtime_summary.csv
Baseline,MCMC,2317.367,data2\n160p100\n160p100_mh8_output\simple\seed_416\mh_runtime_summary.csv
Baseline,MCMC,2342.762,data2\n160p100\n160p100_mh8_output\simple\seed_417\mh_runtime_summary.csv
Baseline,MCMC,2569.506,data2\n160p100\n160p100_mh8_output\simple\seed_418\mh_runtime_summary.csv
Baseline,MCMC,2435.642,data2\n160p100\n160p100_mh8_output\simple\seed_419\mh_runtime_summary.csv
Baseline,MCMC,2403.603,data2\n160p100\n160p100_mh8_output\simple\seed_420\mh_runtime_summary.csv
Baseline,MCMC,2414.837,data2\n160p100\n160p100_mh8_output\simple\seed_421\mh_runtime_summary.csv
Baseline,MCMC,2556.482,data2\n160p100\n160p100_mh8_output\simple\seed_422\mh_runtime_summary.csv
Baseline,MCMC,2404.202,data2\n160p100\n160p100_mh8_output\simple\seed_423\mh_runtime_summary.csv
Baseline,MCMC,2400.494,data2\n160p100\n160p100_mh8_output\simple\seed_424\mh_runtime_summary.csv
Baseline,MCMC,2514.65,data2\n160p100\n160p100_mh8_output\simple\seed_425\mh_runtime_summary.csv
Baseline,MCMC,2385.549,data2\n160p100\n160p100_mh8_output\simple\seed_426\mh_runtime_summary.csv
Baseline,MCMC,2393.256,data2\n160p100\n160p100_mh8_output\simple\seed_427\mh_runtime_summary.csv
Baseline,MCMC,2403.44,data2\n160p100\n160p100_mh8_output\simple\seed_428\mh_runtime_summary.csv
Baseline,MCMC,2401.958,data2\n160p100\n160p100_mh8_output\simple\seed_429\mh_runtime_summary.csv
Baseline,MCMC,2410.925,data2\n160p100\n160p100_mh8_output\simple\seed_430\mh_runtime_summary.csv
Baseline,MCMC,2492.467,data2\n160p100\n160p100_mh8_output\simple\seed_431\mh_runtime_summary.csv
Baseline,MCMC,2518.752,data2\n160p100\n160p100_mh8_output\simple\seed_432\mh_runtime_summary.csv
Baseline,MCMC,2196.159,data2\n160p100\n160p100_mh8_output\simple\seed_433\mh_runtime_summary.csv
Baseline,MCMC,2220.016,data2\n160p100\n160p100_mh8_output\simple\seed_434\mh_runtime_summary.csv
Baseline,MCMC,2325.918,data2\n160p100\n160p100_mh8_output\simple\seed_435\mh_runtime_summary.csv
Baseline,MCMC,2334.977,data2\n160p100\n160p100_mh8_output\simple\seed_436\mh_runtime_summary.csv
Baseline,MCMC,2348.613,data2\n160p100\n160p100_mh8_output\simple\seed_437\mh_runtime_summary.csv
Baseline,MCMC,2198.976,data2\n160p100\n160p100_mh8_output\simple\seed_438\mh_runtime_summary.csv
Baseline,MCMC,2244.678,data2\n160p100\n160p100_mh8_output\simple\seed_439\mh_runtime_summary.csv
Baseline,MCMC,2237.458,data2\n160p100\n160p100_mh8_output\simple\seed_440\mh_runtime_summary.csv
Baseline,MCMC,2432.046,data2\n160p100\n160p100_mh8_output\simple\seed_441\mh_runtime_summary.csv
Baseline,MCMC,2497.076,data2\n160p100\n160p100_mh8_output\simple\seed_442\mh_runtime_summary.csv
Baseline,MCMC,2514.705,data2\n160p100\n160p100_mh8_output\simple\seed_443\mh_runtime_summary.csv
Baseline,MCMC,2503.753,data2\n160p100\n160p100_mh8_output\simple\seed_444\mh_runtime_summary.csv
Baseline,MCMC,2384.331,data2\n160p100\n160p100_mh8_output\simple\seed_445\mh_runtime_summary.csv
Baseline,MCMC,2529.48,data2\n160p100\n160p100_mh8_output\simple\seed_446\mh_runtime_summary.csv
Baseline,MCMC,2385.876,data2\n160p100\n160p100_mh8_output\simple\seed_447\mh_runtime_summary.csv
Baseline,MCMC,2487.113,data2\n160p100\n160p100_mh8_output\simple\seed_448\mh_runtime_summary.csv
Baseline,MCMC,2785.898,data2\n160p100\n160p100_mh8_output\simple\seed_449\mh_runtime_summary.csv
Baseline,MCMC,2372.645,data2\n160p100\n160p100_mh8_output\simple\seed_450\mh_runtime_summary.csv
Baseline,MCMC,2412.943,data2\n160p100\n160p100_mh8_output\simple\seed_451\mh_runtime_summary.csv
Baseline,MCMC,2279.741,data2\n160p100\n160p100_mh8_output\simple\seed_452\mh_runtime_summary.csv
Baseline,MCMC,2217.263,data2\n160p100\n160p100_mh8_output\simple\seed_453\mh_runtime_summary.csv
Baseline,MCMC,2231.101,data2\n160p100\n160p100_mh8_output\simple\seed_454\mh_runtime_summary.csv
Baseline,MCMC,2413.687,data2\n160p100\n160p100_mh8_output\simple\seed_455\mh_runtime_summary.csv
Baseline,MCMC,2326.277,data2\n160p100\n160p100_mh8_output\simple\seed_456\mh_runtime_summary.csv
Baseline,MCMC,2348.439,data2\n160p100\n160p100_mh8_output\simple\seed_457\mh_runtime_summary.csv
Baseline,MCMC,2285.876,data2\n160p100\n160p100_mh8_output\simple\seed_458\mh_runtime_summary.csv
Baseline,MCMC,2272.669,data2\n160p100\n160p100_mh8_output\simple\seed_459\mh_runtime_summary.csv
Baseline,MCMC,2435.526,data2\n160p100\n160p100_mh8_output\simple\seed_460\mh_runtime_summary.csv
Baseline,MCMC,2351.332,data2\n160p100\n160p100_mh8_output\simple\seed_461\mh_runtime_summary.csv
Baseline,MCMC,2333.058,data2\n160p100\n160p100_mh8_output\simple\seed_462\mh_runtime_summary.csv
Baseline,MCMC,2245.172,data2\n160p100\n160p100_mh8_output\simple\seed_463\mh_runtime_summary.csv
Baseline,MCMC,2343.29,data2\n160p100\n160p100_mh8_output\simple\seed_464\mh_runtime_summary.csv
Baseline,MCMC,2431.758,data2\n160p100\n160p100_mh8_output\simple\seed_465\mh_runtime_summary.csv
Baseline,MCMC,2384.123,data2\n160p100\n160p100_mh8_output\simple\seed_466\mh_runtime_summary.csv
Baseline,MCMC,2147.294,data2\n160p100\n160p100_mh8_output\simple\seed_467\mh_runtime_summary.csv
Baseline,MCMC,2158.816,data2\n160p100\n160p100_mh8_output\simple\seed_468\mh_runtime_summary.csv
Baseline,MCMC,2154.717,data2\n160p100\n160p100_mh8_output\simple\seed_469\mh_runtime_summary.csv
Baseline,MCMC,2099.56,data2\n160p100\n160p100_mh8_output\simple\seed_470\mh_runtime_summary.csv
Baseline,MCMC,2133.521,data2\n160p100\n160p100_mh8_output\simple\seed_471\mh_runtime_summary.csv
Baseline,MCMC,2145.834,data2\n160p100\n160p100_mh8_output\simple\seed_472\mh_runtime_summary.csv
Baseline,MCMC,2132.998,data2\n160p100\n160p100_mh8_output\simple\seed_473\mh_runtime_summary.csv
Baseline,MCMC,2160.138,data2\n160p100\n160p100_mh8_output\simple\seed_474\mh_runtime_summary.csv
Baseline,MCMC,2154.386,data2\n160p100\n160p100_mh8_output\simple\seed_475\mh_runtime_summary.csv
Baseline,MCMC,2271.267,data2\n160p100\n160p100_mh8_output\simple\seed_476\mh_runtime_summary.csv
Baseline,MCMC,2250.553,data2\n160p100\n160p100_mh8_output\simple\seed_477\mh_runtime_summary.csv
Baseline,MCMC,2235.546,data2\n160p100\n160p100_mh8_output\simple\seed_478\mh_runtime_summary.csv
Baseline,MCMC,2238.711,data2\n160p100\n160p100_mh8_output\simple\seed_479\mh_runtime_summary.csv
Baseline,MCMC,2221.288,data2\n160p100\n160p100_mh8_output\simple\seed_480\mh_runtime_summary.csv
Baseline,MCMC,2379.307,data2\n160p100\n160p100_mh8_output\simple\seed_481\mh_runtime_summary.csv
Baseline,MCMC,2441.781,data2\n160p100\n160p100_mh8_output\simple\seed_482\mh_runtime_summary.csv
Baseline,MCMC,2381.552,data2\n160p100\n160p100_mh8_output\simple\seed_483\mh_runtime_summary.csv
Baseline,MCMC,2193.302,data2\n160p100\n160p100_mh8_output\simple\seed_484\mh_runtime_summary.csv
Baseline,MCMC,2356.993,data2\n160p100\n160p100_mh8_output\simple\seed_485\mh_runtime_summary.csv
Baseline,MCMC,2207.21,data2\n160p100\n160p100_mh8_output\simple\seed_486\mh_runtime_summary.csv
Baseline,MCMC,2237.774,data2\n160p100\n160p100_mh8_output\simple\seed_487\mh_runtime_summary.csv
Baseline,MCMC,2186.176,data2\n160p100\n160p100_mh8_output\simple\seed_488\mh_runtime_summary.csv
Baseline,MCMC,2312.991,data2\n160p100\n160p100_mh8_output\simple\seed_489\mh_runtime_summary.csv
Baseline,MCMC,2134.739,data2\n160p100\n160p100_mh8_output\simple\seed_490\mh_runtime_summary.csv
Baseline,MCMC,2177.785,data2\n160p100\n160p100_mh8_output\simple\seed_491\mh_runtime_summary.csv
Baseline,MCMC,2186.799,data2\n160p100\n160p100_mh8_output\simple\seed_492\mh_runtime_summary.csv
Baseline,MCMC,2198.506,data2\n160p100\n160p100_mh8_output\simple\seed_493\mh_runtime_summary.csv
Baseline,MCMC,2476.191,data2\n160p100\n160p100_mh8_output\simple\seed_494\mh_runtime_summary.csv
Baseline,MCMC,4032.279,data2\n160p100\n160p100_mh8_output\simple\seed_495\mh_runtime_summary.csv
Baseline,MCMC,2337.48,data2\n160p100\n160p100_mh8_output\simple\seed_496\mh_runtime_summary.csv
Baseline,MCMC,2304.809,data2\n160p100\n160p100_mh8_output\simple\seed_497\mh_runtime_summary.csv
Baseline,MCMC,2400.548,data2\n160p100\n160p100_mh8_output\simple\seed_498\mh_runtime_summary.csv
Baseline,MCMC,2347.508,data2\n160p100\n160p100_mh8_output\simple\seed_499\mh_runtime_summary.csv
Weak signals,MCMC,2100.612,data2\n160p100\n160p100_mh8_output\weak_signal\seed_400\mh_runtime_summary.csv
Weak signals,MCMC,2213.617,data2\n160p100\n160p100_mh8_output\weak_signal\seed_401\mh_runtime_summary.csv
Weak signals,MCMC,2200.428,data2\n160p100\n160p100_mh8_output\weak_signal\seed_402\mh_runtime_summary.csv
Weak signals,MCMC,2201.506,data2\n160p100\n160p100_mh8_output\weak_signal\seed_403\mh_runtime_summary.csv
Weak signals,MCMC,2343.379,data2\n160p100\n160p100_mh8_output\weak_signal\seed_404\mh_runtime_summary.csv
Weak signals,MCMC,2383.761,data2\n160p100\n160p100_mh8_output\weak_signal\seed_405\mh_runtime_summary.csv
Weak signals,MCMC,2389.805,data2\n160p100\n160p100_mh8_output\weak_signal\seed_406\mh_runtime_summary.csv
Weak signals,MCMC,2326.315,data2\n160p100\n160p100_mh8_output\weak_signal\seed_407\mh_runtime_summary.csv
Weak signals,MCMC,2199.09,data2\n160p100\n160p100_mh8_output\weak_signal\seed_408\mh_runtime_summary.csv
Weak signals,MCMC,2489.253,data2\n160p100\n160p100_mh8_output\weak_signal\seed_409\mh_runtime_summary.csv
Weak signals,MCMC,2370.756,data2\n160p100\n160p100_mh8_output\weak_signal\seed_410\mh_runtime_summary.csv
Weak signals,MCMC,2457.606,data2\n160p100\n160p100_mh8_output\weak_signal\seed_411\mh_runtime_summary.csv
Weak signals,MCMC,2349.053,data2\n160p100\n160p100_mh8_output\weak_signal\seed_412\mh_runtime_summary.csv
Weak signals,MCMC,2371.371,data2\n160p100\n160p100_mh8_output\weak_signal\seed_413\mh_runtime_summary.csv
Weak signals,MCMC,2354.468,data2\n160p100\n160p100_mh8_output\weak_signal\seed_414\mh_runtime_summary.csv
Weak signals,MCMC,2304.085,data2\n160p100\n160p100_mh8_output\weak_signal\seed_415\mh_runtime_summary.csv
Weak signals,MCMC,2454.762,data2\n160p100\n160p100_mh8_output\weak_signal\seed_416\mh_runtime_summary.csv
Weak signals,MCMC,2304.74,data2\n160p100\n160p100_mh8_output\weak_signal\seed_417\mh_runtime_summary.csv
Weak signals,MCMC,2301.935,data2\n160p100\n160p100_mh8_output\weak_signal\seed_418\mh_runtime_summary.csv
Weak signals,MCMC,2238.8,data2\n160p100\n160p100_mh8_output\weak_signal\seed_419\mh_runtime_summary.csv
Weak signals,MCMC,2230.863,data2\n160p100\n160p100_mh8_output\weak_signal\seed_420\mh_runtime_summary.csv
Weak signals,MCMC,2231.842,data2\n160p100\n160p100_mh8_output\weak_signal\seed_421\mh_runtime_summary.csv
Weak signals,MCMC,2254.29,data2\n160p100\n160p100_mh8_output\weak_signal\seed_422\mh_runtime_summary.csv
Weak signals,MCMC,2236.105,data2\n160p100\n160p100_mh8_output\weak_signal\seed_423\mh_runtime_summary.csv
Weak signals,MCMC,2203.333,data2\n160p100\n160p100_mh8_output\weak_signal\seed_424\mh_runtime_summary.csv
Weak signals,MCMC,2123.776,data2\n160p100\n160p100_mh8_output\weak_signal\seed_425\mh_runtime_summary.csv
Weak signals,MCMC,2151.986,data2\n160p100\n160p100_mh8_output\weak_signal\seed_426\mh_runtime_summary.csv
Weak signals,MCMC,2131.191,data2\n160p100\n160p100_mh8_output\weak_signal\seed_427\mh_runtime_summary.csv
Weak signals,MCMC,2136.689,data2\n160p100\n160p100_mh8_output\weak_signal\seed_428\mh_runtime_summary.csv
Weak signals,MCMC,2134.724,data2\n160p100\n160p100_mh8_output\weak_signal\seed_429\mh_runtime_summary.csv
Weak signals,MCMC,2196.68,data2\n160p100\n160p100_mh8_output\weak_signal\seed_430\mh_runtime_summary.csv
Weak signals,MCMC,2349.007,data2\n160p100\n160p100_mh8_output\weak_signal\seed_431\mh_runtime_summary.csv
Weak signals,MCMC,2227.91,data2\n160p100\n160p100_mh8_output\weak_signal\seed_432\mh_runtime_summary.csv
Weak signals,MCMC,2244.338,data2\n160p100\n160p100_mh8_output\weak_signal\seed_433\mh_runtime_summary.csv
Weak signals,MCMC,2253.518,data2\n160p100\n160p100_mh8_output\weak_signal\seed_434\mh_runtime_summary.csv
Weak signals,MCMC,2230.198,data2\n160p100\n160p100_mh8_output\weak_signal\seed_435\mh_runtime_summary.csv
Weak signals,MCMC,2520.726,data2\n160p100\n160p100_mh8_output\weak_signal\seed_436\mh_runtime_summary.csv
Weak signals,MCMC,2514.801,data2\n160p100\n160p100_mh8_output\weak_signal\seed_437\mh_runtime_summary.csv
Weak signals,MCMC,2513.406,data2\n160p100\n160p100_mh8_output\weak_signal\seed_438\mh_runtime_summary.csv
Weak signals,MCMC,2264.823,data2\n160p100\n160p100_mh8_output\weak_signal\seed_439\mh_runtime_summary.csv
Weak signals,MCMC,2265.688,data2\n160p100\n160p100_mh8_output\weak_signal\seed_440\mh_runtime_summary.csv
Weak signals,MCMC,2259.46,data2\n160p100\n160p100_mh8_output\weak_signal\seed_441\mh_runtime_summary.csv
Weak signals,MCMC,2248.143,data2\n160p100\n160p100_mh8_output\weak_signal\seed_442\mh_runtime_summary.csv
Weak signals,MCMC,2259.777,data2\n160p100\n160p100_mh8_output\weak_signal\seed_443\mh_runtime_summary.csv
Weak signals,MCMC,2231.296,data2\n160p100\n160p100_mh8_output\weak_signal\seed_444\mh_runtime_summary.csv
Weak signals,MCMC,2250.113,data2\n160p100\n160p100_mh8_output\weak_signal\seed_445\mh_runtime_summary.csv
Weak signals,MCMC,2280.114,data2\n160p100\n160p100_mh8_output\weak_signal\seed_446\mh_runtime_summary.csv
Weak signals,MCMC,2349.201,data2\n160p100\n160p100_mh8_output\weak_signal\seed_447\mh_runtime_summary.csv
Weak signals,MCMC,2356.434,data2\n160p100\n160p100_mh8_output\weak_signal\seed_448\mh_runtime_summary.csv
Weak signals,MCMC,2443.098,data2\n160p100\n160p100_mh8_output\weak_signal\seed_449\mh_runtime_summary.csv
Weak signals,MCMC,2339.285,data2\n160p100\n160p100_mh8_output\weak_signal\seed_450\mh_runtime_summary.csv
Weak signals,MCMC,2308.196,data2\n160p100\n160p100_mh8_output\weak_signal\seed_451\mh_runtime_summary.csv
Weak signals,MCMC,2311.223,data2\n160p100\n160p100_mh8_output\weak_signal\seed_452\mh_runtime_summary.csv
Weak signals,MCMC,2304.778,data2\n160p100\n160p100_mh8_output\weak_signal\seed_453\mh_runtime_summary.csv
Weak signals,MCMC,2317.932,data2\n160p100\n160p100_mh8_output\weak_signal\seed_454\mh_runtime_summary.csv
Weak signals,MCMC,2309.714,data2\n160p100\n160p100_mh8_output\weak_signal\seed_455\mh_runtime_summary.csv
Weak signals,MCMC,2470.681,data2\n160p100\n160p100_mh8_output\weak_signal\seed_456\mh_runtime_summary.csv
Weak signals,MCMC,2347.639,data2\n160p100\n160p100_mh8_output\weak_signal\seed_457\mh_runtime_summary.csv
Weak signals,MCMC,2289.911,data2\n160p100\n160p100_mh8_output\weak_signal\seed_458\mh_runtime_summary.csv
Weak signals,MCMC,2312.46,data2\n160p100\n160p100_mh8_output\weak_signal\seed_459\mh_runtime_summary.csv
Weak signals,MCMC,2313.248,data2\n160p100\n160p100_mh8_output\weak_signal\seed_460\mh_runtime_summary.csv
Weak signals,MCMC,2420.529,data2\n160p100\n160p100_mh8_output\weak_signal\seed_461\mh_runtime_summary.csv
Weak signals,MCMC,2277.757,data2\n160p100\n160p100_mh8_output\weak_signal\seed_462\mh_runtime_summary.csv
Weak signals,MCMC,2191.313,data2\n160p100\n160p100_mh8_output\weak_signal\seed_463\mh_runtime_summary.csv
Weak signals,MCMC,2366.846,data2\n160p100\n160p100_mh8_output\weak_signal\seed_464\mh_runtime_summary.csv
Weak signals,MCMC,2203.186,data2\n160p100\n160p100_mh8_output\weak_signal\seed_465\mh_runtime_summary.csv
Weak signals,MCMC,2184.285,data2\n160p100\n160p100_mh8_output\weak_signal\seed_466\mh_runtime_summary.csv
Weak signals,MCMC,2304.473,data2\n160p100\n160p100_mh8_output\weak_signal\seed_467\mh_runtime_summary.csv
Weak signals,MCMC,2306.201,data2\n160p100\n160p100_mh8_output\weak_signal\seed_468\mh_runtime_summary.csv
Weak signals,MCMC,2295.337,data2\n160p100\n160p100_mh8_output\weak_signal\seed_469\mh_runtime_summary.csv
Weak signals,MCMC,2311.313,data2\n160p100\n160p100_mh8_output\weak_signal\seed_470\mh_runtime_summary.csv
Weak signals,MCMC,2312.635,data2\n160p100\n160p100_mh8_output\weak_signal\seed_471\mh_runtime_summary.csv
Weak signals,MCMC,2449.146,data2\n160p100\n160p100_mh8_output\weak_signal\seed_472\mh_runtime_summary.csv
Weak signals,MCMC,2366.466,data2\n160p100\n160p100_mh8_output\weak_signal\seed_473\mh_runtime_summary.csv
Weak signals,MCMC,2329.983,data2\n160p100\n160p100_mh8_output\weak_signal\seed_474\mh_runtime_summary.csv
Weak signals,MCMC,2342.513,data2\n160p100\n160p100_mh8_output\weak_signal\seed_475\mh_runtime_summary.csv
Weak signals,MCMC,2301.576,data2\n160p100\n160p100_mh8_output\weak_signal\seed_476\mh_runtime_summary.csv
Weak signals,MCMC,2346.312,data2\n160p100\n160p100_mh8_output\weak_signal\seed_477\mh_runtime_summary.csv
Weak signals,MCMC,2190.29,data2\n160p100\n160p100_mh8_output\weak_signal\seed_478\mh_runtime_summary.csv
Weak signals,MCMC,2211.047,data2\n160p100\n160p100_mh8_output\weak_signal\seed_479\mh_runtime_summary.csv
Weak signals,MCMC,2211.443,data2\n160p100\n160p100_mh8_output\weak_signal\seed_480\mh_runtime_summary.csv
Weak signals,MCMC,2372.71,data2\n160p100\n160p100_mh8_output\weak_signal\seed_481\mh_runtime_summary.csv
Weak signals,MCMC,2501.006,data2\n160p100\n160p100_mh8_output\weak_signal\seed_482\mh_runtime_summary.csv
Weak signals,MCMC,2345.461,data2\n160p100\n160p100_mh8_output\weak_signal\seed_483\mh_runtime_summary.csv
Weak signals,MCMC,2367.622,data2\n160p100\n160p100_mh8_output\weak_signal\seed_484\mh_runtime_summary.csv
Weak signals,MCMC,2374.604,data2\n160p100\n160p100_mh8_output\weak_signal\seed_485\mh_runtime_summary.csv
Weak signals,MCMC,2338.79,data2\n160p100\n160p100_mh8_output\weak_signal\seed_486\mh_runtime_summary.csv
Weak signals,MCMC,2301.307,data2\n160p100\n160p100_mh8_output\weak_signal\seed_487\mh_runtime_summary.csv
Weak signals,MCMC,2275.616,data2\n160p100\n160p100_mh8_output\weak_signal\seed_488\mh_runtime_summary.csv
Weak signals,MCMC,2247.463,data2\n160p100\n160p100_mh8_output\weak_signal\seed_489\mh_runtime_summary.csv
Weak signals,MCMC,2183.562,data2\n160p100\n160p100_mh8_output\weak_signal\seed_490\mh_runtime_summary.csv
Weak signals,MCMC,2187.8,data2\n160p100\n160p100_mh8_output\weak_signal\seed_491\mh_runtime_summary.csv
Weak signals,MCMC,2496.687,data2\n160p100\n160p100_mh8_output\weak_signal\seed_492\mh_runtime_summary.csv
Weak signals,MCMC,2478.193,data2\n160p100\n160p100_mh8_output\weak_signal\seed_493\mh_runtime_summary.csv
Weak signals,MCMC,2480.185,data2\n160p100\n160p100_mh8_output\weak_signal\seed_494\mh_runtime_summary.csv
Weak signals,MCMC,2282.72,data2\n160p100\n160p100_mh8_output\weak_signal\seed_495\mh_runtime_summary.csv
Weak signals,MCMC,2280.359,data2\n160p100\n160p100_mh8_output\weak_signal\seed_496\mh_runtime_summary.csv
Weak signals,MCMC,2430.168,data2\n160p100\n160p100_mh8_output\weak_signal\seed_497\mh_runtime_summary.csv
Weak signals,MCMC,2371.095,data2\n160p100\n160p100_mh8_output\weak_signal\seed_498\mh_runtime_summary.csv
Weak signals,MCMC,2296.982,data2\n160p100\n160p100_mh8_output\weak_signal\seed_499\mh_runtime_summary.csv
