{
  "sim": "block_corr",
  "n": 1000,
  "p": 100,
  "n_active": 10,
  "active_idx": [
    10,
    42,
    47,
    49,
    53,
    56,
    71,
    73,
    81,
    98
  ],
  "snr": 2.5,
  "sigma2": 5.091664868209633,
  "sigma": 2.2564717742993445,
  "rho": 0.8,
  "block_size": 10,
  "beta_low": 0.8,
  "beta_high": 1.8,
  "setting": "block_corr",
  "seed": 4
}