{
  "sim": "block_corr",
  "n": 1000,
  "p": 100,
  "n_active": 10,
  "active_idx": [
    4,
    12,
    22,
    27,
    31,
    34,
    39,
    42,
    94,
    96
  ],
  "snr": 2.5,
  "sigma2": 7.010641260480033,
  "sigma": 2.6477615565756736,
  "rho": 0.8,
  "block_size": 10,
  "beta_low": 0.8,
  "beta_high": 1.8,
  "setting": "block_corr",
  "seed": 65
}