method,seed,runtime_sec,converged,n_iter,support_size,precision,recall,f1,auroc,auprc,fdr,tp,fp,fn,tn,train_mse,val_mse,test_mse,train_r2,val_r2,test_r2,train_nll,val_nll,test_nll,n,p,snr,n_active,sigma2,setting,selected_ckpt_id,rho,block_size
mf_spike_slab,65,0.05474901094567031,True,24,10.0,0.9,0.9,0.9,0.9944444444444445,0.9666666666666667,0.1,9.0,1.0,1.0,89.0,7.473450846807797,9.863557341916401,7.077046357252938,0.6685994612505755,0.6543050533914342,0.7392253160819137,2.4246930926330297,2.581825285116815,2.3986323682754978,1000,100,2.5,10,7.010641260480033,block_corr,,,
mf_ard,65,0.09716235904488713,True,67,41.0,0.24390243902439024,1.0,0.39215686274509803,1.0,1.0,0.7560975609756098,10.0,31.0,0.0,59.0,6.3701664229687855,10.057845892931613,7.220065271044473,0.7175231860396762,0.6474956875671554,0.7339553616184851,2.3490652128012326,2.6021386214331335,2.4073909974109804,1000,100,2.5,10,7.010641260480033,block_corr,,,
mf_bayes_lasso,65,0.11010963108856231,True,69,69.0,0.14492753623188406,1.0,0.25316455696202533,1.0,1.0,0.855072463768116,10.0,59.0,0.0,31.0,6.124900352174489,10.810515803325439,7.835594393194965,0.728399193611587,0.6211163423200061,0.7112743723797093,2.3251709392204125,2.702230483685612,2.4628334346921803,1000,100,2.5,10,7.010641260480033,block_corr,,,
flow_stagewise,65,566.316166639328,True,,10.0,1.0,1.0,1.0,1.0,1.0,0.0,10.0,0.0,0.0,90.0,8.005074501037598,10.091382026672363,6.968969345092773,0.6450252912148935,0.6463203516543092,0.7432077324212265,2.463552474975586,2.612300395965576,2.3896846771240234,1000,100,2.5,10,7.010641260480033,block_corr,86.0,0.8,10.0
