method,seed,runtime_sec,converged,n_iter,support_size,precision,recall,f1,auroc,auprc,fdr,tp,fp,fn,tn,train_mse,val_mse,test_mse,train_r2,val_r2,test_r2,train_nll,val_nll,test_nll,n,p,snr,n_active,sigma2,setting
mf_spike_slab,28,0.052824659971520305,True,23,10.0,1.0,1.0,1.0,1.0,1.0,0.0,10.0,0.0,0.0,90.0,5.026604025762256,4.599066690723868,4.650155457504734,0.7325132044645938,0.7490762526473826,0.7182803145778354,2.226364669568581,2.1844582082703545,2.1894658397738915,1000,100,2.5,10,5.124640402267724,block_corr
mf_ard,28,0.07199815008789301,True,49,28.0,0.35714285714285715,1.0,0.5263157894736842,1.0,1.0,0.6428571428571429,10.0,18.0,0.0,72.0,4.483425374975155,4.920106441783064,5.111949864164475,0.7614180308558578,0.7315604167610702,0.6903034918322777,2.1738284758353,2.2161546738703697,2.2347494866631417,1000,100,2.5,10,5.124640402267724,block_corr
mf_bayes_lasso,28,0.11614971805829555,True,79,66.0,0.15151515151515152,1.0,0.2631578947368421,1.0,1.0,0.8484848484848485,10.0,56.0,0.0,34.0,4.354969427879069,5.315840609009338,5.6302641432162615,0.7682537134519197,0.7099692751504982,0.658902533954917,2.1546633479454904,2.2631992443059206,2.2987151810851048,1000,100,2.5,10,5.124640402267724,block_corr
