method,seed,runtime_sec,converged,n_iter,selected_ckpt_id,support_size,precision,recall,f1,auroc,auprc,fdr,tp,fp,fn,tn,train_mse,val_mse,test_mse,train_r2,val_r2,test_r2,train_nll,val_nll,test_nll,n,p,snr,n_active,sigma2,setting
flow_stagewise,70,771.873937368393,True,,109,9.0,1.0,0.9,0.9473684210526316,0.95,0.91,0.0,9.0,0.0,1.0,90.0,4.293348789215088,5.308889389038086,4.745588779449463,0.729811756634549,0.7108961965168945,0.6614574951599296,2.148639440536499,2.257753610610962,2.1949028968811035,1000,100,2.5,10,4.54166316986084,simple
