method,seed,runtime_sec,converged,n_iter,selected_ckpt_id,support_size,precision,recall,f1,auroc,auprc,fdr,tp,fp,fn,tn,train_mse,val_mse,test_mse,train_r2,val_r2,test_r2,train_nll,val_nll,test_nll,n,p,snr,n_active,sigma2,rho,block_size,setting
flow_stagewise,79,581.5534756183624,True,,109,11.0,0.9090909090909091,1.0,0.9523809523809523,0.9944444444444445,0.9090909090909091,0.09090909090909091,10.0,1.0,0.0,89.0,4.300146579742432,4.724930286407471,5.281513214111328,0.6896075065356053,0.6882198461358651,0.6480249614538032,2.1492843627929688,2.2025527954101562,2.2719297409057617,1000,100,2.5,10,3.9619615713599003,0.8,10,block_corr
