method,seed,runtime_sec,converged,n_iter,support_size,precision,recall,f1,auroc,auprc,fdr,tp,fp,fn,tn,train_mse,val_mse,test_mse,train_r2,val_r2,test_r2,train_nll,val_nll,test_nll,n,p,snr,n_active,sigma2,setting
mf_spike_slab,45,0.028028907952830195,True,7,10.0,0.1,0.1,0.10000000000000002,0.7738888888888888,0.2111686021839121,0.9,1.0,9.0,9.0,81.0,6.30651253460286,6.48747722895039,7.595456701241899,0.7082276150464104,0.7104918981240125,0.6658437069872991,2.339764289672216,2.353944241413478,2.4407628084497057,1000,100,2.5,10,6.219317599478333,jitter
mf_ard,45,1.1853508029598743,True,819,17.0,0.47058823529411764,0.8,0.5925925925925927,0.8655555555555556,0.5265567765567766,0.5294117647058824,8.0,9.0,2.0,81.0,5.033310810529039,6.344320285211982,7.028268066302396,0.7671326123046827,0.7168803745054209,0.6907967360341672,2.2313763665233353,2.3450897894401823,2.4044135737347108,1000,100,2.5,10,6.219317599478333,jitter
mf_bayes_lasso,45,1.2948675620136783,False,1000,68.0,0.11764705882352941,0.8,0.20512820512820512,0.768888888888889,0.35761649989274313,0.8823529411764706,8.0,60.0,2.0,30.0,4.546172748332751,6.934903921364757,7.680295143599697,0.7896701769933782,0.6905251764110651,0.6621113047739314,2.1763398796989017,2.4307014034252985,2.510073602859236,1000,100,2.5,10,6.219317599478333,jitter
