{
  "sim": "block_corr",
  "n": 1000,
  "p": 100,
  "n_active": 10,
  "active_idx": [
    20,
    26,
    35,
    46,
    60,
    70,
    71,
    79,
    81,
    84
  ],
  "snr": 2.5,
  "sigma2": 7.878160024667442,
  "sigma": 2.806806018353859,
  "rho": 0.8,
  "block_size": 10,
  "beta_low": 0.8,
  "beta_high": 1.8,
  "setting": "block_corr",
  "seed": 84
}