method,seed,runtime_sec,converged,n_iter,selected_ckpt_id,support_size,precision,recall,f1,auroc,auprc,fdr,tp,fp,fn,tn,train_mse,val_mse,test_mse,train_r2,val_r2,test_r2,train_nll,val_nll,test_nll,n,p,snr,n_active,sigma2,setting
flow_stagewise,6,873.792142868042,True,,107,10.0,1.0,1.0,1.0,1.0,1.0,0.0,10.0,0.0,0.0,90.0,5.471667289733887,6.046010971069336,6.0068359375,0.7180055561874679,0.7657205506013492,0.7390584638854114,2.272758960723877,2.3188588619232178,2.31571364402771,1000,100,2.5,10,6.229362964630127,simple
