method,seed,runtime_sec,converged,n_iter,support_size,precision,recall,f1,auroc,auprc,fdr,tp,fp,fn,tn,train_mse,val_mse,test_mse,train_r2,val_r2,test_r2,train_nll,val_nll,test_nll,n,p,snr,n_active,sigma2,setting
mf_spike_slab,8,0.018268726067617536,True,7,10.0,0.0,0.0,0.0,0.5855555555555556,0.15064542324975624,1.0,0.0,10.0,10.0,80.0,8.077765908567399,8.25832872791653,8.285086191592036,0.6855976588819706,0.6558786247865781,0.6725787937117658,2.4635297716830453,2.474577291553153,2.4762144149249212,1000,100,2.5,10,7.194218743384859,jitter
mf_ard,8,0.709272176027298,True,493,18.0,0.3333333333333333,0.6,0.42857142857142855,0.7933333333333332,0.2806721142893126,0.6666666666666666,6.0,12.0,4.0,78.0,6.910827033385976,8.04772787794941,7.636468498650616,0.73101718681228,0.6646542810361066,0.6982117421846848,2.3893230995857873,2.4618006676750976,2.4355828318734702,1000,100,2.5,10,7.194218743384859,jitter
mf_bayes_lasso,8,1.3109171899268404,False,1000,68.0,0.10294117647058823,0.7,0.1794871794871795,0.7244444444444444,0.24389078519513302,0.8970588235294118,7.0,61.0,3.0,29.0,6.17443403374452,8.709006519113764,8.524370291865905,0.7596790328834375,0.6370990549251024,0.6631224420280895,2.329380099167719,2.5284257287852436,2.5139258341028468,1000,100,2.5,10,7.194218743384859,jitter
