{
  "sim": "block_corr",
  "n": 1000,
  "p": 100,
  "n_active": 10,
  "active_idx": [
    1,
    8,
    38,
    41,
    53,
    59,
    61,
    87,
    94,
    95
  ],
  "snr": 2.5,
  "sigma2": 8.781717523520564,
  "sigma": 2.9633962818901836,
  "rho": 0.8,
  "block_size": 10,
  "beta_low": 0.8,
  "beta_high": 1.8,
  "setting": "block_corr",
  "seed": 59
}