method,seed,runtime_sec,converged,n_iter,support_size,precision,recall,f1,auroc,auprc,fdr,tp,fp,fn,tn,train_mse,val_mse,test_mse,train_r2,val_r2,test_r2,train_nll,val_nll,test_nll,n,p,snr,n_active,sigma2,setting
mf_spike_slab,26,0.0904994539450854,True,40,10.0,1.0,1.0,1.0,1.0,1.0,0.0,10.0,0.0,0.0,90.0,8.397459722054785,7.768371192246238,7.444758285772987,0.7508538629000211,0.7335421435219625,0.7116200932868066,2.482944580894097,2.445967603221291,2.426946071830575,1000,100,2.5,10,8.745193862520022,block_corr
mf_ard,26,0.07977023802231997,True,52,43.0,0.23255813953488372,1.0,0.37735849056603776,1.0,1.0,0.7674418604651163,10.0,33.0,0.0,57.0,7.565419802383749,8.301556163575635,7.65925368089131,0.7755398439895845,0.7152537120025546,0.7033114068714479,2.434741469879902,2.4774892259588235,2.440190443686719,1000,100,2.5,10,8.745193862520022,block_corr
mf_bayes_lasso,26,0.11547267099376768,True,74,73.0,0.136986301369863,1.0,0.24096385542168672,1.0,1.0,0.863013698630137,10.0,63.0,0.0,27.0,7.145554748760609,9.592329692852282,8.643076598238896,0.7879969154940472,0.6709797272381632,0.6652020754148201,2.402253476928798,2.5706198326680543,2.5053002639025674,1000,100,2.5,10,8.745193862520022,block_corr
