{
  "n": 1000,
  "p": 100,
  "n_active": 10,
  "sigma2": 8.020822525024414,
  "sigma": 2.8321056365966797,
  "active_idx": [
    13,
    19,
    24,
    31,
    33,
    36,
    48,
    59,
    60,
    78
  ],
  "snr": 2.5,
  "setting": "simple",
  "seed": 24
}