method,seed,runtime_sec,converged,n_iter,support_size,precision,recall,f1,auroc,auprc,fdr,tp,fp,fn,tn,train_mse,val_mse,test_mse,train_r2,val_r2,test_r2,train_nll,val_nll,test_nll,n,p,snr,n_active,sigma2,setting,selected_ckpt_id
mf_spike_slab,24,0.0267916820012033,True,8,9.0,1.0,0.9,0.9473684210526316,0.9988888888888889,0.990909090909091,0.0,9.0,0.0,1.0,90.0,7.927496875660293,7.24859803378566,8.274494084584777,0.7264993580140187,0.7400178836988632,0.6271675293726829,2.454227518194228,2.4123407839112025,2.4756365691318276,1000,100,2.5,10,8.020822525024414,simple,
mf_ard,24,0.02444423909764737,True,16,37.0,0.2702702702702703,1.0,0.4255319148936171,0.9944444444444445,0.9666666666666667,0.7297297297297297,10.0,27.0,0.0,63.0,6.562835571271614,8.252872957841031,9.485069163236314,0.773580517262365,0.7039980190454331,0.5726213912233606,2.3639116960997644,2.476582151502966,2.5587295103195635,1000,100,2.5,10,8.020822525024414,simple,
mf_bayes_lasso,24,0.02233189600519836,True,15,57.0,0.17543859649122806,1.0,0.29850746268656714,0.991111111111111,0.9555555555555556,0.8245614035087719,10.0,47.0,0.0,43.0,6.482528764233897,8.871344004225561,10.262026199463843,0.7763511223632129,0.6818156038031227,0.5376132313978981,2.353521181287222,2.535852391007019,2.6419990543188554,1000,100,2.5,10,8.020822525024414,simple,
flow_stagewise,24,570.7714147567749,True,,9.0,1.0,0.9,0.9473684210526316,0.95,0.91,0.0,9.0,0.0,1.0,90.0,8.125813484191895,7.270983695983887,8.337780952453613,0.719657382857216,0.7392149957145795,0.624315961567782,2.466514825820923,2.413212776184082,2.4797205924987793,1000,100,2.5,10,8.020822525024414,simple,89.0
