method,seed,runtime_sec,converged,n_iter,selected_ckpt_id,support_size,precision,recall,f1,auroc,auprc,fdr,tp,fp,fn,tn,train_mse,val_mse,test_mse,train_r2,val_r2,test_r2,train_nll,val_nll,test_nll,n,p,snr,n_active,sigma2,setting
flow_stagewise,21,658.7692241668701,True,,72,9.0,1.0,0.9,0.9473684210526316,0.95,0.91,0.0,9.0,0.0,1.0,90.0,7.632418632507324,8.90478229522705,7.221760272979736,0.7134420903283303,0.6727096374275869,0.7187168458297385,2.435175895690918,2.5195250511169434,2.4079532623291016,1000,100,2.5,10,7.5420074462890625,simple
