method,seed,runtime_sec,converged,n_iter,support_size,precision,recall,f1,auroc,auprc,fdr,tp,fp,fn,tn,train_mse,val_mse,test_mse,train_r2,val_r2,test_r2,train_nll,val_nll,test_nll,n,p,snr,n_active,sigma2,setting
mf_spike_slab,6,0.030386799946427345,True,9,10.0,1.0,1.0,1.0,1.0,1.0,0.0,10.0,0.0,0.0,90.0,5.324355906927693,6.040867552673762,6.018159676922182,0.7255975552189731,0.7659198494797692,0.7385665252238827,2.2552184083348767,2.3209588386470497,2.3188753756185743,1000,100,2.5,10,6.229362964630127,simple
mf_ard,6,0.027261176030151546,True,14,30.0,0.3333333333333333,1.0,0.5,1.0,1.0,0.6666666666666666,10.0,20.0,0.0,70.0,4.511745463603228,6.566882368523798,6.908622471075992,0.7674772297186995,0.7455370772709085,0.6998841380936134,2.1769780209688276,2.374922436005484,2.40783778316912,1000,100,2.5,10,6.229362964630127,simple
mf_bayes_lasso,6,0.027102387975901365,True,14,40.0,0.25,1.0,0.4,1.0,1.0,0.75,10.0,30.0,0.0,60.0,4.47915457565237,6.882404137475162,7.292880775532304,0.769156873132406,0.7333107898172373,0.6831916624634271,2.1686798856625855,2.434319895042548,2.4796913869241703,1000,100,2.5,10,6.229362964630127,simple
