method,seed,runtime_sec,converged,n_iter,support_size,precision,recall,f1,auroc,auprc,fdr,tp,fp,fn,tn,train_mse,val_mse,test_mse,train_r2,val_r2,test_r2,train_nll,val_nll,test_nll,n,p,snr,n_active,sigma2,setting
mf_spike_slab,23,0.043807985028252006,True,19,10.0,1.0,1.0,1.0,1.0,1.0,0.0,10.0,0.0,0.0,90.0,11.346552585348926,13.292008861144996,15.18730443817224,0.6995559012216865,0.7305201585701518,0.6544200262623152,2.6334413458308052,2.7180147760024327,2.800407605968616,1000,100,2.5,10,11.995854649579355,block_corr
mf_ard,23,0.09817952197045088,True,69,39.0,0.2564102564102564,1.0,0.4081632653061224,0.9955555555555555,0.9651515151515151,0.7435897435897436,10.0,29.0,0.0,61.0,10.054745072596672,14.186373883418309,17.328127877527567,0.7337615280889214,0.7123879599762175,0.6057065951882706,2.576598019075208,2.758259188605026,2.896397131551398,1000,100,2.5,10,11.995854649579355,block_corr
mf_bayes_lasso,23,0.11470181099139154,True,78,84.0,0.11904761904761904,1.0,0.21276595744680848,0.9822222222222222,0.9026190476190475,0.8809523809523809,10.0,74.0,0.0,16.0,9.453943073294061,15.4663609146911,19.050388023639417,0.7496700971337394,0.6864377288393764,0.5665173751073949,2.5422086416575445,2.8555362212721844,3.0423120856487524,1000,100,2.5,10,11.995854649579355,block_corr
