{
  "n": 1000,
  "p": 100,
  "n_active": 10,
  "sigma2": 9.450226783752441,
  "sigma": 3.074122190475464,
  "active_idx": [
    4,
    5,
    15,
    27,
    31,
    34,
    38,
    69,
    80,
    99
  ],
  "snr": 2.5,
  "setting": "simple",
  "seed": 91
}