{
  "sim": "block_corr",
  "n": 1000,
  "p": 100,
  "n_active": 10,
  "active_idx": [
    16,
    31,
    34,
    35,
    37,
    57,
    70,
    82,
    93,
    98
  ],
  "snr": 2.5,
  "sigma2": 9.046245739406249,
  "sigma": 3.0076977473486677,
  "rho": 0.8,
  "block_size": 10,
  "beta_low": 0.8,
  "beta_high": 1.8,
  "setting": "block_corr",
  "seed": 76
}