method,seed,runtime_sec,converged,n_iter,support_size,precision,recall,f1,auroc,auprc,fdr,tp,fp,fn,tn,train_mse,val_mse,test_mse,train_r2,val_r2,test_r2,train_nll,val_nll,test_nll,n,p,snr,n_active,sigma2,setting
mf_spike_slab,30,0.02446483401581645,True,8,10.0,1.0,1.0,1.0,1.0,1.0,0.0,10.0,0.0,0.0,90.0,8.979473063900132,8.294841994727824,11.003948113018195,0.6921214130786442,0.7114626780151772,0.7098780154577511,2.5164923500201892,2.4790616387492874,2.6271761101514612,1000,100,2.5,10,8.782248497009277,simple
mf_ard,30,0.023484002915211022,True,16,40.0,0.25,1.0,0.4,1.0,1.0,0.75,10.0,30.0,0.0,60.0,7.808320062444477,9.247555398647542,11.578855732271016,0.7322766569989663,0.678322399470901,0.694720424953597,2.450450493502552,2.5315511400322492,2.6629194851220515,1000,100,2.5,10,8.782248497009277,simple
mf_bayes_lasso,30,0.02271446108352393,True,15,59.0,0.1694915254237288,1.0,0.2898550724637681,1.0,1.0,0.8305084745762712,10.0,49.0,0.0,41.0,7.71832152841164,9.881276966838625,12.050493284299469,0.7353624306613897,0.6562782997416841,0.6822855769178031,2.4407560839705074,2.5796534916132634,2.7189529509358272,1000,100,2.5,10,8.782248497009277,simple
