method,seed,runtime_sec,converged,n_iter,support_size,precision,recall,f1,auroc,auprc,fdr,tp,fp,fn,tn,train_mse,val_mse,test_mse,train_r2,val_r2,test_r2,train_nll,val_nll,test_nll,n,p,snr,n_active,sigma2,setting
mf_spike_slab,23,0.02196593605913222,True,7,9.0,1.0,0.9,0.9473684210526316,1.0,1.0,0.0,9.0,0.0,1.0,90.0,5.077267970653775,5.749883198789243,6.608550699270333,0.7066653023319889,0.6804643042089036,0.665016300228081,2.231417716041009,2.296389500396971,2.379333146840095,1000,100,2.5,10,5.304982662200928,simple
mf_ard,23,0.02052433299832046,True,14,30.0,0.3333333333333333,1.0,0.5,0.9977777777777778,0.9833333333333334,0.6666666666666666,10.0,20.0,0.0,70.0,4.3106639109166505,6.8605546218606035,7.1623096193388145,0.7509551785791754,0.6187414563359024,0.636946573556131,2.1542226998902803,2.4111170385838268,2.44151800839478,1000,100,2.5,10,5.304982662200928,simple
mf_bayes_lasso,23,0.021022346918471158,True,14,39.0,0.2564102564102564,1.0,0.4081632653061224,0.9977777777777778,0.9833333333333334,0.7435897435897436,10.0,29.0,0.0,61.0,4.277841265303708,7.3264134559459295,7.476375577605213,0.7528514781015141,0.5928524910224455,0.6210267476426963,2.1456854420379803,2.49862544782746,2.515986897311614,1000,100,2.5,10,5.304982662200928,simple
