{
  "sim": "block_corr",
  "n": 1000,
  "p": 100,
  "n_active": 10,
  "active_idx": [
    9,
    21,
    27,
    33,
    37,
    38,
    48,
    56,
    69,
    77
  ],
  "snr": 2.5,
  "sigma2": 6.334862048586773,
  "sigma": 2.516915185020499,
  "rho": 0.8,
  "block_size": 10,
  "beta_low": 0.8,
  "beta_high": 1.8,
  "setting": "block_corr",
  "seed": 52
}