method,seed,runtime_sec,converged,n_iter,support_size,precision,recall,f1,auroc,auprc,fdr,tp,fp,fn,tn,train_mse,val_mse,test_mse,train_r2,val_r2,test_r2,train_nll,val_nll,test_nll,n,p,snr,n_active,sigma2,setting
mf_spike_slab,98,0.061382432002574205,True,28,10.0,1.0,1.0,1.0,1.0,1.0,0.0,10.0,0.0,0.0,90.0,6.726271783924111,6.771906828571258,6.838874062963332,0.7120254473200835,0.7454344532911287,0.7591157721020727,2.3719922339572537,2.3753401396601834,2.3802530303489986,1000,100,2.5,10,7.003541730984965,block_corr
mf_ard,98,0.12072892801370472,True,80,33.0,0.30303030303030304,1.0,0.4651162790697675,1.0,1.0,0.696969696969697,10.0,23.0,0.0,67.0,6.064448791514829,7.027311964618814,6.874329907651824,0.7403603386707208,0.7358334133276303,0.7578669183150861,2.324407768277612,2.393890760609302,2.382851132770119,1000,100,2.5,10,7.003541730984965,block_corr
mf_bayes_lasso,98,0.11003564507700503,True,77,62.0,0.16129032258064516,1.0,0.27777777777777773,1.0,1.0,0.8387096774193549,10.0,52.0,0.0,38.0,5.8460927514347105,7.436371818631837,7.252229888065804,0.7497089027768155,0.7204562753944662,0.7445562265014077,2.301873672272389,2.4360026199247704,2.4204715324100285,1000,100,2.5,10,7.003541730984965,block_corr
