method,seed,runtime_sec,converged,n_iter,support_size,precision,recall,f1,auroc,auprc,fdr,tp,fp,fn,tn,train_mse,val_mse,test_mse,train_r2,val_r2,test_r2,train_nll,val_nll,test_nll,n,p,snr,n_active,sigma2,setting
mf_spike_slab,66,0.02174214192200452,True,7,10.0,0.1,0.1,0.10000000000000002,0.7172222222222222,0.20802879850894157,0.9,1.0,9.0,9.0,81.0,7.484595202818073,8.153360457279065,8.48177488310844,0.7052341894421701,0.6300371597116052,0.6709243247390295,2.4253953628695597,2.469557364832391,2.4912442548455216,1000,100,2.5,10,7.180503120563084,jitter
mf_ard,66,0.5407535929698497,True,388,14.0,0.5,0.7,0.5833333333333334,0.8922222222222222,0.46946045842480477,0.5,7.0,7.0,3.0,83.0,6.6147752092518335,7.632399826152209,7.838141457682855,0.7394903099797807,0.6536760109288426,0.6958959971792242,2.3674347237240463,2.4352080659574993,2.448910366170978,1000,100,2.5,10,7.180503120563084,jitter
mf_bayes_lasso,66,1.433864708058536,False,1000,72.0,0.1388888888888889,1.0,0.24390243902439027,0.8766666666666666,0.32061624629536345,0.8611111111111112,10.0,62.0,0.0,28.0,6.029966569841837,8.42841371866912,8.257455786512004,0.7625218284448014,0.6175564793408996,0.6796274510544205,2.3174602285329162,2.511490419097588,2.497660220599695,1000,100,2.5,10,7.180503120563084,jitter
