method,seed,runtime_sec,converged,n_iter,support_size,precision,recall,f1,auroc,auprc,fdr,tp,fp,fn,tn,train_mse,val_mse,test_mse,train_r2,val_r2,test_r2,train_nll,val_nll,test_nll,n,p,snr,n_active,sigma2,setting
mf_spike_slab,40,0.029666929971426725,True,8,10.0,0.1,0.1,0.10000000000000002,0.655,0.1828235378222546,0.9,1.0,9.0,9.0,81.0,8.519533786168427,8.484071802492604,10.098012782065883,0.7145421438895535,0.7029495605903191,0.6600290383909262,2.490153170301861,2.488096069567657,2.5817185584952766,1000,100,2.5,10,8.557328158945795,jitter
mf_ard,40,0.374504178063944,True,262,15.0,0.26666666666666666,0.4,0.32,0.7133333333333334,0.2700268696820421,0.7333333333333333,4.0,11.0,6.0,79.0,7.490054162664193,7.7468519492056815,10.063301662540646,0.7490361729773911,0.7287616336677867,0.6611976616575237,2.4294105402390787,2.444555494774651,2.5811708685474697,1000,100,2.5,10,8.557328158945795,jitter
mf_bayes_lasso,40,1.4606950361048803,False,1000,83.0,0.10843373493975904,0.9,0.19354838709677422,0.6611111111111111,0.3131067658167227,0.891566265060241,9.0,74.0,1.0,16.0,6.96063049613751,7.707441779274859,10.261732423541266,0.7667751888219198,0.7301414909542043,0.654517070328702,2.3891863042047765,2.4417005185330716,2.6213129177810544,1000,100,2.5,10,8.557328158945795,jitter
