{
  "n": 1000,
  "p": 100,
  "n_active": 10,
  "sigma2": 3.7043776512145996,
  "sigma": 1.9246759414672852,
  "active_idx": [
    7,
    12,
    17,
    19,
    29,
    31,
    32,
    38,
    76,
    82
  ],
  "snr": 2.5,
  "setting": "simple",
  "seed": 14
}