method,seed,runtime_sec,converged,n_iter,support_size,precision,recall,f1,auroc,auprc,fdr,tp,fp,fn,tn,train_mse,val_mse,test_mse,train_r2,val_r2,test_r2,train_nll,val_nll,test_nll,n,p,snr,n_active,sigma2,setting,selected_ckpt_id
mf_spike_slab,14,0.018130308017134666,True,7,10.0,1.0,1.0,1.0,1.0,1.0,0.0,10.0,0.0,0.0,90.0,3.420053309756175,3.822385001830031,3.722252343070596,0.73145274615116,0.7025774219453229,0.6910182796255415,2.033849957498083,2.0916019587935684,2.0772285908677484,1000,100,2.5,10,3.7043776512145996,simple,
mf_ard,14,0.02031141601037234,True,13,25.0,0.4,1.0,0.5714285714285715,1.0,1.0,0.6,10.0,15.0,0.0,75.0,2.8683493090132273,4.092212323949752,4.444763417846628,0.7747732972999664,0.6815819602804161,0.6310431102124603,1.9511113624615075,2.134865041646341,2.187797894272457,1000,100,2.5,10,3.7043776512145996,simple,
mf_bayes_lasso,14,0.022125756018795073,True,14,34.0,0.29411764705882354,1.0,0.45454545454545453,1.0,1.0,0.7058823529411765,10.0,24.0,0.0,66.0,2.8508861021098673,4.2615078393334604,4.71329467044488,0.7761445321412226,0.6684089521678344,0.6087525074389604,1.942783035090384,2.187502605078925,2.2658801574153014,1000,100,2.5,10,3.7043776512145996,simple,
flow_stagewise,14,668.7628746032715,True,,10.0,1.0,1.0,1.0,1.0,1.0,0.0,10.0,0.0,0.0,90.0,3.475330352783203,3.8320975303649902,3.7423949241638184,0.727112312901505,0.7018216990683324,0.6893462284248653,2.0427825450897217,2.0909318923950195,2.078826904296875,1000,100,2.5,10,3.7043776512145996,simple,39.0
