{
  "n": 1000,
  "p": 100,
  "n_active": 10,
  "sigma2": 6.420220375061035,
  "sigma": 2.533815383911133,
  "active_idx": [
    4,
    7,
    29,
    36,
    43,
    49,
    50,
    55,
    84,
    93
  ],
  "snr": 2.5,
  "setting": "simple",
  "seed": 89
}