method,seed,runtime_sec,converged,n_iter,support_size,precision,recall,f1,auroc,auprc,fdr,tp,fp,fn,tn,train_mse,val_mse,test_mse,train_r2,val_r2,test_r2,train_nll,val_nll,test_nll,n,p,snr,n_active,sigma2,setting,selected_ckpt_id
mf_spike_slab,89,0.037760966923087835,True,10,11.0,0.9090909090909091,1.0,0.9523809523809523,1.0,1.0,0.09090909090909091,10.0,1.0,0.0,89.0,5.548686754412401,7.197695501891901,5.093668019854934,0.7313625475856462,0.6803569867383041,0.76066323546951,2.2758439369782977,2.421143576859275,2.235750724391431,1000,100,2.5,10,6.420220375061035,simple,
mf_ard,89,0.020678061991930008,True,14,36.0,0.2777777777777778,1.0,0.4347826086956522,1.0,1.0,0.7222222222222222,10.0,26.0,0.0,64.0,4.792646823435962,7.777473081123888,5.098399684360302,0.7679659187922702,0.6546095996199449,0.7604409082057102,2.207078508766362,2.4781290156757882,2.2348437656985176,1000,100,2.5,10,6.420220375061035,simple,
mf_bayes_lasso,89,0.02080679393839091,True,14,44.0,0.22727272727272727,1.0,0.37037037037037035,1.0,1.0,0.7727272727272727,10.0,34.0,0.0,56.0,4.754033535147545,8.11112905640132,5.2687876595025624,0.7698353657180482,0.6397922457457201,0.7524348688394832,2.198459393450935,2.5480792525651528,2.252067717460808,1000,100,2.5,10,6.420220375061035,simple,
flow_stagewise,89,1129.347867012024,True,,10.0,1.0,1.0,1.0,1.0,1.0,0.0,10.0,0.0,0.0,90.0,5.806824684143066,7.165298938751221,5.168292999267578,0.7188649172007127,0.6817956944013774,0.757156844953084,2.3008956909179688,2.4066884517669678,2.251174211502075,1000,100,2.5,10,6.420220375061035,simple,117.0
