{
  "sim": "block_corr",
  "n": 1000,
  "p": 100,
  "n_active": 10,
  "active_idx": [
    1,
    3,
    10,
    13,
    37,
    60,
    61,
    67,
    82,
    87
  ],
  "snr": 2.5,
  "sigma2": 6.191258817285051,
  "sigma": 2.4882240287572683,
  "rho": 0.8,
  "block_size": 10,
  "beta_low": 0.8,
  "beta_high": 1.8,
  "setting": "block_corr",
  "seed": 43
}