method,seed,runtime_sec,converged,n_iter,support_size,precision,recall,f1,auroc,auprc,fdr,tp,fp,fn,tn,train_mse,val_mse,test_mse,train_r2,val_r2,test_r2,train_nll,val_nll,test_nll,n,p,snr,n_active,sigma2,setting,selected_ckpt_id,rho,block_size
mf_spike_slab,43,0.08318093500565737,True,36,10.0,1.0,1.0,1.0,1.0,1.0,0.0,10.0,0.0,0.0,90.0,5.9093744691736685,5.807785558928512,5.689925709460231,0.722885607883186,0.7493127027593816,0.7210790947000625,2.3072648059336562,2.2987975588278857,2.288974159138996,1000,100,2.5,10,6.191258817285051,block_corr,,,
mf_ard,43,0.09965885896235704,True,68,32.0,0.3125,1.0,0.47619047619047616,1.0,1.0,0.6875,10.0,22.0,0.0,68.0,5.28286364827788,6.1398440833498285,5.888269683857633,0.7522652260124496,0.7349797262456541,0.7113562470348054,2.255655378432729,2.326383088845972,2.3056203263061525,1000,100,2.5,10,6.191258817285051,block_corr,,,
mf_bayes_lasso,43,0.11722898506559432,True,77,63.0,0.15873015873015872,1.0,0.27397260273972607,1.0,1.0,0.8412698412698413,10.0,53.0,0.0,37.0,5.066307912654484,6.72244900560059,6.247218763825662,0.7624203974861367,0.7098321632311082,0.693760516008862,2.230304200027091,2.39124213032536,2.3450609372783666,1000,100,2.5,10,6.191258817285051,block_corr,,,
flow_stagewise,43,1016.4739713668823,True,,9.0,1.0,0.9,0.9473684210526316,0.95,0.91,0.0,9.0,0.0,1.0,90.0,6.77506685256958,7.03763484954834,6.929386615753174,0.6822897935258145,0.6962274859032005,0.6603205684324485,2.3766958713531494,2.395021915435791,2.3883066177368164,1000,100,2.5,10,6.191258817285051,block_corr,108.0,0.8,10.0
