method,seed,runtime_sec,converged,n_iter,selected_ckpt_id,support_size,precision,recall,f1,auroc,auprc,fdr,tp,fp,fn,tn,train_mse,val_mse,test_mse,train_r2,val_r2,test_r2,train_nll,val_nll,test_nll,n,p,snr,n_active,sigma2,setting
flow_stagewise,61,518.3737890720367,True,,30,10.0,1.0,1.0,1.0,1.0,1.0,0.0,10.0,0.0,0.0,90.0,4.118528842926025,4.1225433349609375,3.970033884048462,0.731641553375818,0.6745711361298298,0.70765829680094,2.1267449855804443,2.1272237300872803,2.108999729156494,1000,100,2.5,10,4.183078765869141,simple
