method,seed,runtime_sec,converged,n_iter,support_size,precision,recall,f1,auroc,auprc,fdr,tp,fp,fn,tn,train_mse,val_mse,test_mse,train_r2,val_r2,test_r2,train_nll,val_nll,test_nll,n,p,snr,n_active,sigma2,setting
mf_spike_slab,10,0.026769077987410128,True,7,10.0,1.0,1.0,1.0,1.0,1.0,0.0,10.0,0.0,0.0,90.0,3.2061029519416553,2.8402779594183203,3.2299175593738583,0.6825751549233041,0.7477822862944452,0.6809006249209743,2.001524268766889,1.9453349142875753,2.005182103650077,1000,100,2.5,10,3.003310203552246,simple
mf_ard,10,0.01908085006289184,True,13,19.0,0.5263157894736842,1.0,0.6896551724137931,1.0,1.0,0.47368421052631576,10.0,9.0,0.0,81.0,2.7990170215973817,3.4311002733052822,3.506817745883326,0.7228792843631204,0.6953170503760167,0.6535442993026926,1.9388480496833942,2.036142156885636,2.047797051828961,1000,100,2.5,10,3.003310203552246,simple
mf_bayes_lasso,10,0.020783580956049263,True,14,29.0,0.3448275862068966,1.0,0.5128205128205129,1.0,1.0,0.6551724137931034,10.0,19.0,0.0,71.0,2.78528345005798,3.611102010576858,3.617458399052665,0.7242389964134164,0.6793328307727484,0.6426135672837876,1.93113245444387,2.078087269617934,2.079218392043966,1000,100,2.5,10,3.003310203552246,simple
