method,seed,runtime_sec,converged,n_iter,selected_ckpt_id,support_size,precision,recall,f1,auroc,auprc,fdr,tp,fp,fn,tn,train_mse,val_mse,test_mse,train_r2,val_r2,test_r2,train_nll,val_nll,test_nll,n,p,snr,n_active,sigma2,noise_x,group_size,setting
flow_stagewise,27,1036.174191236496,True,,144,11.0,0.5454545454545454,0.6,0.5714285714285713,0.7722222222222223,0.3672727272727272,0.45454545454545453,6.0,5.0,4.0,85.0,17.52985191345215,15.53679084777832,16.615137100219727,0.374262239612443,0.35650773713186257,0.30201589529274353,2.9353795051574707,2.827744722366333,2.886533498764038,1000,100,2.5,10,7.67239989757145,0.15,10,jitter
