{
  "sim": "block_corr",
  "n": 1000,
  "p": 100,
  "n_active": 10,
  "active_idx": [
    11,
    13,
    19,
    24,
    41,
    47,
    71,
    77,
    90,
    99
  ],
  "snr": 2.5,
  "sigma2": 6.466810123955931,
  "sigma": 2.542992356251967,
  "rho": 0.8,
  "block_size": 10,
  "beta_low": 0.8,
  "beta_high": 1.8,
  "setting": "block_corr",
  "seed": 6
}