method,seed,runtime_sec,converged,n_iter,support_size,precision,recall,f1,auroc,auprc,fdr,tp,fp,fn,tn,train_mse,val_mse,test_mse,train_r2,val_r2,test_r2,train_nll,val_nll,test_nll,n,p,snr,n_active,sigma2,setting,selected_ckpt_id,rho,block_size
mf_spike_slab,6,0.05653316294774413,True,23,10.0,1.0,1.0,1.0,1.0,1.0,0.0,10.0,0.0,0.0,90.0,5.67028364903163,6.367033978764243,6.095461434569139,0.7556244792753395,0.7233429432522023,0.7058824086261812,2.2866035279519035,2.3472178434693287,2.3235921870795724,1000,100,2.5,10,6.466810123955931,block_corr,,,
mf_ard,6,0.07258339901454747,True,50,32.0,0.3125,1.0,0.47619047619047616,1.0,1.0,0.6875,10.0,22.0,0.0,68.0,5.108735251283042,6.973575155425651,6.148816035793525,0.7798258580080147,0.696987830763222,0.7033079477803084,2.238937610842596,2.397990781225424,2.3276466447189974,1000,100,2.5,10,6.466810123955931,block_corr,,,
mf_bayes_lasso,6,0.11050983297172934,True,74,67.0,0.14925373134328357,1.0,0.2597402597402597,1.0,1.0,0.8507462686567164,10.0,57.0,0.0,33.0,4.928328313278581,7.416412105618065,6.741238592331321,0.7876009610092042,0.6777459093806724,0.6747224342347315,2.2164948891033593,2.4651480566179824,2.39767282398409,1000,100,2.5,10,6.466810123955931,block_corr,,,
flow_stagewise,6,946.3347926139832,True,,10.0,1.0,1.0,1.0,1.0,1.0,0.0,10.0,0.0,0.0,90.0,6.040978908538818,7.174885272979736,6.27488899230957,0.7396484264438163,0.6882406032457493,0.6972246911660502,2.3187804222106934,2.4069652557373047,2.337411642074585,1000,100,2.5,10,6.466810123955931,block_corr,27.0,0.8,10.0
