method,seed,runtime_sec,converged,n_iter,selected_ckpt_id,support_size,precision,recall,f1,auroc,auprc,fdr,tp,fp,fn,tn,train_mse,val_mse,test_mse,train_r2,val_r2,test_r2,train_nll,val_nll,test_nll,n,p,snr,n_active,sigma2,noise_x,group_size,setting
flow_stagewise,65,722.3271262645721,True,,32,8.0,0.5,0.4,0.4444444444444445,0.6777777777777777,0.26,0.5,4.0,4.0,6.0,86.0,22.357681274414062,21.42374038696289,21.706758499145508,0.07536996485525715,0.17951348443217874,0.21955847337282053,3.1960525512695312,3.1599538326263428,3.159172296524048,1000,100,2.5,10,7.51332143985409,0.15,10,jitter
