method,seed,runtime_sec,converged,n_iter,support_size,precision,recall,f1,auroc,auprc,fdr,tp,fp,fn,tn,train_mse,val_mse,test_mse,train_r2,val_r2,test_r2,train_nll,val_nll,test_nll,n,p,snr,n_active,sigma2,setting
mf_spike_slab,76,0.07550327200442553,True,32,10.0,1.0,1.0,1.0,1.0,1.0,0.0,10.0,0.0,0.0,90.0,8.861121090033988,9.236876696215518,9.078254094286608,0.69889008367836,0.7327815729720989,0.7218156399853969,2.509824171007039,2.530731228931328,2.521905460607257,1000,100,2.5,10,9.046245739406249,block_corr
mf_ard,76,0.11326740798540413,True,77,40.0,0.25,1.0,0.4,1.0,1.0,0.75,10.0,30.0,0.0,60.0,7.67242086941154,9.841349033279363,9.77996099276024,0.7392833274142684,0.715294477235695,0.7003132803419749,2.4418451477302723,2.5658732982138934,2.5623628799094798,1000,100,2.5,10,9.046245739406249,block_corr
mf_bayes_lasso,76,0.1115692249732092,True,74,70.0,0.14285714285714285,1.0,0.25,0.9977777777777778,0.9833333333333334,0.8571428571428571,10.0,60.0,0.0,30.0,7.366473652707304,10.348115262198721,10.350699158756939,0.7496797253287785,0.7006339724983983,0.6828241871975538,2.4174605409300556,2.616922530920204,2.6170953850780574,1000,100,2.5,10,9.046245739406249,block_corr
