{
  "n": 1000,
  "p": 100,
  "n_active": 10,
  "sigma2": 6.664811134338379,
  "sigma": 2.581629514694214,
  "active_idx": [
    0,
    2,
    10,
    30,
    34,
    49,
    59,
    67,
    93,
    98
  ],
  "snr": 2.5,
  "setting": "simple",
  "seed": 77
}