method,seed,runtime_sec,converged,n_iter,support_size,precision,recall,f1,auroc,auprc,fdr,tp,fp,fn,tn,train_mse,val_mse,test_mse,train_r2,val_r2,test_r2,train_nll,val_nll,test_nll,n,p,snr,n_active,sigma2,setting,selected_ckpt_id,rho,block_size
mf_spike_slab,64,0.07756673695985228,True,35,10.0,0.9,0.9,0.9,0.9922222222222223,0.9588235294117647,0.1,9.0,1.0,1.0,89.0,5.631373698734972,6.886411271077905,5.682199478894218,0.7358551448875074,0.70487924852987,0.7505629384344433,2.2831707929371454,2.3929505300450087,2.287616588750069,1000,100,2.5,10,6.229580736644499,block_corr,,,
mf_ard,64,0.07698819995857775,True,53,28.0,0.35714285714285715,1.0,0.5263157894736842,1.0,1.0,0.6428571428571429,10.0,18.0,0.0,72.0,5.005378061160637,6.820583000236339,5.935738269956162,0.7652180562896169,0.707700353455789,0.7394330984366962,2.2287063435734917,2.386752076868261,2.309710674413532,1000,100,2.5,10,6.229580736644499,block_corr,,,
mf_bayes_lasso,64,0.11398947902489454,True,76,57.0,0.17543859649122806,1.0,0.29850746268656714,1.0,1.0,0.8245614035087719,10.0,47.0,0.0,43.0,4.860683828287143,6.972000685194856,6.323504314783523,0.7720050747370995,0.7012112694885704,0.7224109535514454,2.209573514835694,2.42384254106191,2.3580292618543606,1000,100,2.5,10,6.229580736644499,block_corr,,,
flow_stagewise,64,857.9103481769562,True,,9.0,1.0,0.9,0.9473684210526316,0.95,0.91,0.0,9.0,0.0,1.0,90.0,6.5564866065979,7.098541259765625,5.925732612609863,0.692461882821282,0.6957882832407064,0.7398723314777436,2.359830856323242,2.403334617614746,2.309206485748291,1000,100,2.5,10,6.229580736644499,block_corr,79.0,0.8,10.0
