{
  "n": 1000,
  "p": 100,
  "n_active": 10,
  "sigma2": 5.304982662200928,
  "sigma": 2.3032548427581787,
  "active_idx": [
    4,
    6,
    10,
    16,
    51,
    67,
    73,
    91,
    93,
    97
  ],
  "snr": 2.5,
  "setting": "simple",
  "seed": 23
}