{
  "n": 1000,
  "p": 100,
  "n_active": 10,
  "sigma2": 4.991480350494385,
  "sigma": 2.2341620922088623,
  "active_idx": [
    2,
    11,
    25,
    45,
    46,
    48,
    50,
    52,
    66,
    70
  ],
  "snr": 2.5,
  "setting": "simple",
  "seed": 81
}