method,seed,runtime_sec,converged,n_iter,support_size,precision,recall,f1,auroc,auprc,fdr,tp,fp,fn,tn,train_mse,val_mse,test_mse,train_r2,val_r2,test_r2,train_nll,val_nll,test_nll,n,p,snr,n_active,sigma2,setting,selected_ckpt_id
mf_spike_slab,81,0.03163369500543922,True,8,11.0,0.9090909090909091,1.0,0.9523809523809523,1.0,1.0,0.09090909090909091,10.0,1.0,0.0,89.0,4.974992944590017,6.198934599584732,5.555110453941611,0.7302932774819728,0.6635180517039923,0.6855721992969317,2.221257104731247,2.3417439226281824,2.2783648209551637,1000,100,2.5,10,4.991480350494385,simple,
mf_ard,81,0.019567515002563596,True,13,30.0,0.3333333333333333,1.0,0.5,1.0,1.0,0.6666666666666666,10.0,20.0,0.0,70.0,4.320883565947879,6.427986884244965,6.2873896969602106,0.7657541713257956,0.6510849540860095,0.6441240672045314,2.155399664550257,2.3672049726745654,2.3530721912795243,1000,100,2.5,10,4.991480350494385,simple,
mf_bayes_lasso,81,0.021062524057924747,True,14,40.0,0.25,1.0,0.4,1.0,1.0,0.75,10.0,30.0,0.0,60.0,4.28697067781016,6.670242928262353,6.5893665274316255,0.7675926732116507,0.637935148362472,0.627031713874088,2.146752394891911,2.422022372122702,2.412681078860483,1000,100,2.5,10,4.991480350494385,simple,
flow_stagewise,81,492.19131731987,True,,10.0,1.0,1.0,1.0,1.0,1.0,0.0,10.0,0.0,0.0,90.0,5.10687255859375,6.196084499359131,5.5178093910217285,0.7231437784827283,0.6636727629425655,0.6876834782642341,2.234362840652466,2.3434720039367676,2.2755253314971924,1000,100,2.5,10,4.991480350494385,simple,107.0
