{
  "n": 1000,
  "p": 100,
  "n_active": 10,
  "sigma2": 4.773862361907959,
  "sigma": 2.1849169731140137,
  "active_idx": [
    1,
    10,
    11,
    16,
    22,
    49,
    65,
    72,
    90,
    94
  ],
  "snr": 2.5,
  "setting": "simple",
  "seed": 54
}