{
  "sim": "block_corr",
  "n": 1000,
  "p": 100,
  "n_active": 10,
  "active_idx": [
    4,
    8,
    15,
    27,
    45,
    69,
    79,
    89,
    90,
    99
  ],
  "snr": 2.5,
  "sigma2": 7.211318389537865,
  "sigma": 2.685389802158686,
  "rho": 0.8,
  "block_size": 10,
  "beta_low": 0.8,
  "beta_high": 1.8,
  "setting": "block_corr",
  "seed": 37
}