method,seed,runtime_sec,converged,n_iter,support_size,precision,recall,f1,auroc,auprc,fdr,tp,fp,fn,tn,train_mse,val_mse,test_mse,train_r2,val_r2,test_r2,train_nll,val_nll,test_nll,n,p,snr,n_active,sigma2,setting,selected_ckpt_id,rho,block_size
mf_spike_slab,37,0.06936884799506515,True,27,10.0,0.9,0.9,0.9,0.9977777777777778,0.980909090909091,0.1,9.0,1.0,1.0,89.0,7.350655628409598,8.715766663741917,7.5549833168504765,0.7094106910095844,0.6307728160556274,0.683262277855066,2.4163924054029273,2.507828227555228,2.430078376505287,1000,100,2.5,10,7.211318389537865,block_corr,,,
mf_ard,37,0.11299009097274393,True,79,36.0,0.2777777777777778,1.0,0.4347826086956522,1.0,1.0,0.7222222222222222,10.0,26.0,0.0,64.0,6.297160948750536,8.575363434625075,8.209205682755416,0.7510578999747312,0.6367207367496459,0.6558344341044613,2.343340864902625,2.501401109061247,2.4759973163694515,1000,100,2.5,10,7.211318389537865,block_corr,,,
mf_bayes_lasso,37,0.10489616694394499,True,71,72.0,0.1388888888888889,1.0,0.24390243902439027,0.9966666666666667,0.976923076923077,0.8611111111111112,10.0,62.0,0.0,28.0,6.056033016739198,9.148431304613885,9.087213087585798,0.7605902740490452,0.6124437862519687,0.6190245493212485,2.3195180272900213,2.5711686496839894,2.566186884405768,1000,100,2.5,10,7.211318389537865,block_corr,,,
flow_stagewise,37,1219.827718257904,True,,10.0,1.0,1.0,1.0,1.0,1.0,0.0,10.0,0.0,0.0,90.0,7.654438495635986,8.827300071716309,7.769904613494873,0.6974014375546514,0.626047882546554,0.6742518408430723,2.438162088394165,2.5167882442474365,2.4412615299224854,1000,100,2.5,10,7.211318389537865,block_corr,127.0,0.8,10.0
