method,seed,runtime_sec,converged,n_iter,selected_ckpt_id,support_size,precision,recall,f1,auroc,auprc,fdr,tp,fp,fn,tn,train_mse,val_mse,test_mse,train_r2,val_r2,test_r2,train_nll,val_nll,test_nll,n,p,snr,n_active,sigma2,rho,block_size,setting
flow_stagewise,44,672.438873052597,True,,90,10.0,0.9,0.9,0.9,0.9444444444444444,0.8200000000000001,0.1,9.0,1.0,1.0,89.0,7.171916484832764,7.3531036376953125,7.204517841339111,0.6898296691577852,0.67039356031999,0.6789190922426469,2.4080851078033447,2.422391414642334,2.410658359527588,1000,100,2.5,10,6.330290539806214,0.8,10,block_corr
