{
  "n": 1000,
  "p": 100,
  "n_active": 10,
  "sigma2": 4.648252487182617,
  "sigma": 2.1559805870056152,
  "active_idx": [
    6,
    22,
    23,
    40,
    51,
    54,
    61,
    84,
    95,
    99
  ],
  "snr": 2.5,
  "setting": "simple",
  "seed": 8
}