method,seed,runtime_sec,converged,n_iter,support_size,precision,recall,f1,auroc,auprc,fdr,tp,fp,fn,tn,train_mse,val_mse,test_mse,train_r2,val_r2,test_r2,train_nll,val_nll,test_nll,n,p,snr,n_active,sigma2,setting,selected_ckpt_id
mf_spike_slab,8,0.02211135404650122,True,8,10.0,1.0,1.0,1.0,1.0,1.0,0.0,10.0,0.0,0.0,90.0,4.360571849924355,5.081924681855359,4.847071018550855,0.7248173986288644,0.709603414820701,0.7441107831814364,2.1553329099437093,2.236462858606938,2.210049063853737,1000,100,2.5,10,4.648252487182617,simple,
mf_ard,8,0.030956209055148065,True,14,30.0,0.3333333333333333,1.0,0.5,1.0,1.0,0.6666666666666666,10.0,20.0,0.0,70.0,3.694944648252984,5.8968288347082805,5.3876043322334635,0.7668231334735948,0.6630373206631384,0.7155746536769962,2.0773996175218135,2.3352664928765963,2.2756302358404494,1000,100,2.5,10,4.648252487182617,simple,
mf_bayes_lasso,8,0.03197741403710097,True,14,35.0,0.2857142857142857,1.0,0.4444444444444445,1.0,1.0,0.7142857142857143,10.0,25.0,0.0,65.0,3.6678643026794124,6.218667203308676,5.647324887605024,0.7685320928021961,0.6446465004380914,0.7018633444654427,2.0687692513033773,2.4129625384577174,2.3358683068007355,1000,100,2.5,10,4.648252487182617,simple,
flow_stagewise,8,620.3297419548035,True,,8.0,1.0,0.8,0.888888888888889,0.9,0.8200000000000001,0.0,8.0,0.0,2.0,90.0,4.741724014282227,5.501471519470215,5.580357551574707,0.7007640373522752,0.6856292318419503,0.7053986891181936,2.1972367763519287,2.278959274291992,2.287444591522217,1000,100,2.5,10,4.648252487182617,simple,81.0
