method,seed,runtime_sec,converged,n_iter,selected_ckpt_id,support_size,precision,recall,f1,auroc,auprc,fdr,tp,fp,fn,tn,train_mse,val_mse,test_mse,train_r2,val_r2,test_r2,train_nll,val_nll,test_nll,n,p,snr,n_active,sigma2,rho,block_size,setting
flow_stagewise,29,702.2568051815033,True,,75,10.0,1.0,1.0,1.0,1.0,1.0,0.0,10.0,0.0,0.0,90.0,6.182157039642334,5.392185688018799,6.290717601776123,0.7260168844042187,0.7477943531649899,0.7274409931738549,2.329791307449341,2.2653257846832275,2.338649034500122,1000,100,2.5,10,6.127078197991905,0.8,10,block_corr
