method,seed,runtime_sec,converged,n_iter,selected_ckpt_id,support_size,precision,recall,f1,auroc,auprc,fdr,tp,fp,fn,tn,train_mse,val_mse,test_mse,train_r2,val_r2,test_r2,train_nll,val_nll,test_nll,n,p,snr,n_active,sigma2,noise_x,group_size,setting
flow_stagewise,88,718.1590332984924,True,,205,6.0,1.0,0.6,0.7499999999999999,0.8,0.64,0.0,6.0,0.0,4.0,90.0,16.983898162841797,19.418262481689453,19.42576026916504,0.43052576120310704,0.29293334270906735,0.28115684471894364,2.971811294555664,3.1184017658233643,3.1171278953552246,1000,100,2.5,10,7.911554953825854,0.15,10,jitter
