{
  "n": 1000,
  "p": 100,
  "n_active": 10,
  "sigma2": 6.788828372955322,
  "sigma": 2.6055381298065186,
  "active_idx": [
    4,
    5,
    8,
    35,
    36,
    64,
    71,
    81,
    94,
    98
  ],
  "snr": 2.5,
  "setting": "simple",
  "seed": 34
}