method,seed,runtime_sec,converged,n_iter,support_size,precision,recall,f1,auroc,auprc,fdr,tp,fp,fn,tn,train_mse,val_mse,test_mse,train_r2,val_r2,test_r2,train_nll,val_nll,test_nll,n,p,snr,n_active,sigma2,setting,selected_ckpt_id
mf_spike_slab,34,0.017225896939635277,True,7,9.0,1.0,0.9,0.9473684210526316,1.0,1.0,0.0,9.0,0.0,1.0,90.0,6.0312852503887076,6.838000540234572,6.325629775795342,0.7490208424912267,0.6626919960376618,0.7306565756746348,2.3174905674865127,2.3832398315847514,2.3414803643583797,1000,100,2.5,10,6.788828372955322,simple,
mf_ard,34,0.02207122405525297,True,15,36.0,0.2777777777777778,1.0,0.4347826086956522,0.9977777777777778,0.9833333333333334,0.7222222222222222,10.0,26.0,0.0,64.0,5.07294423583691,7.206460499408206,6.928329619795319,0.7889001734220282,0.6445164354132341,0.7049937965400613,2.23545746842071,2.4186101363645065,2.3947338652957377,1000,100,2.5,10,6.788828372955322,simple,
mf_bayes_lasso,34,0.02234454604331404,True,15,53.0,0.18867924528301888,1.0,0.3174603174603175,0.9966666666666667,0.976923076923077,0.8113207547169812,10.0,43.0,0.0,47.0,5.0201447346450445,7.659173965099816,7.372747978567995,0.7910973128004324,0.6221847794590112,0.6860705957161812,2.225695795466344,2.485773793841759,2.4575463318643624,1000,100,2.5,10,6.788828372955322,simple,
flow_stagewise,34,446.80415511131287,True,,9.0,1.0,0.9,0.9473684210526316,0.95,0.91,0.0,9.0,0.0,1.0,90.0,6.112270355224609,6.8723225593566895,6.316082954406738,0.7456508138792776,0.6609989421960448,0.7310630777328013,2.326756477355957,2.382716178894043,2.34175968170166,1000,100,2.5,10,6.788828372955322,simple,28.0
