method,seed,runtime_sec,converged,n_iter,support_size,precision,recall,f1,auroc,auprc,fdr,tp,fp,fn,tn,train_mse,val_mse,test_mse,train_r2,val_r2,test_r2,train_nll,val_nll,test_nll,n,p,snr,n_active,sigma2,setting
mf_spike_slab,30,0.021440244978293777,True,8,10.0,0.1,0.1,0.10000000000000002,0.6816666666666666,0.206374018138724,0.9,1.0,9.0,9.0,81.0,6.427797040050211,8.636067658417012,6.907251514654402,0.7143607403518044,0.6747352418104745,0.6927512761455326,2.34928788426049,2.5190847010004713,2.3861537660425616,1000,100,2.5,10,6.75060209240476,jitter
mf_ard,30,0.7355717639438808,True,509,17.0,0.35294117647058826,0.6,0.4444444444444445,0.8933333333333333,0.3834807259127035,0.6470588235294118,6.0,11.0,4.0,79.0,5.530649557127064,8.405354283612617,6.864669957784085,0.7542282939196451,0.6834247209849112,0.6946453911897559,2.2782727458423193,2.505982929880444,2.3839427397535182,1000,100,2.5,10,6.75060209240476,jitter
mf_bayes_lasso,30,1.4684890290955082,False,1000,78.0,0.1282051282051282,1.0,0.22727272727272727,0.8677777777777778,0.3143448827793993,0.8717948717948718,10.0,68.0,0.0,22.0,4.967704141439569,9.020701959906516,7.477112269536085,0.7792445336604795,0.6602485578226012,0.6674027001829124,2.2206563281493557,2.6161102405766257,2.465501084199069,1000,100,2.5,10,6.75060209240476,jitter
