method,seed,runtime_sec,converged,n_iter,support_size,precision,recall,f1,auroc,auprc,fdr,tp,fp,fn,tn,train_mse,val_mse,test_mse,train_r2,val_r2,test_r2,train_nll,val_nll,test_nll,n,p,snr,n_active,sigma2,setting
mf_spike_slab,3,0.024606222053989768,True,8,10.0,1.0,1.0,1.0,1.0,1.0,0.0,10.0,0.0,0.0,90.0,5.837824872527816,4.861990766364279,4.806532435396292,0.7086512929365527,0.7207622198603465,0.7588481880493174,2.301210058030917,2.219227899573676,2.2145687124757107,1000,100,2.5,10,5.56640100479126,simple
mf_ard,3,0.02057770104147494,True,14,36.0,0.2777777777777778,1.0,0.4347826086956522,1.0,1.0,0.7222222222222222,10.0,26.0,0.0,64.0,4.978187250692921,5.800329833725206,5.39396608846639,0.7515532838550033,0.6668707727599416,0.7293756542127736,2.2260365199332552,2.2979495127802774,2.2624047864649164,1000,100,2.5,10,5.56640100479126,simple
mf_bayes_lasso,3,0.022087502060458064,True,15,46.0,0.21739130434782608,1.0,0.3571428571428571,1.0,1.0,0.782608695652174,10.0,36.0,0.0,54.0,4.932752222707112,6.201577238524975,5.697146609833007,0.7538208127631332,0.6438260077681583,0.7141645778165557,2.2169088739089005,2.344324046738295,2.2936692165339907,1000,100,2.5,10,5.56640100479126,simple
