{
  "n": 1000,
  "p": 100,
  "n_active": 10,
  "sigma2": 6.243438243865967,
  "sigma": 2.498687267303467,
  "active_idx": [
    1,
    30,
    37,
    38,
    48,
    49,
    56,
    66,
    67,
    73
  ],
  "snr": 2.5,
  "setting": "simple",
  "seed": 93
}