method,seed,runtime_sec,converged,n_iter,support_size,precision,recall,f1,auroc,auprc,fdr,tp,fp,fn,tn,train_mse,val_mse,test_mse,train_r2,val_r2,test_r2,train_nll,val_nll,test_nll,n,p,snr,n_active,sigma2,setting
mf_spike_slab,27,0.027343965019099414,True,7,10.0,0.2,0.2,0.20000000000000004,0.801111111111111,0.26460981656467947,0.8,2.0,8.0,8.0,82.0,8.585745629109102,8.516520722203014,7.83084657101027,0.693527047191048,0.647268531968741,0.6710345567150107,2.4940242818959835,2.490039779981416,2.450573205155916,1000,100,2.5,10,7.67239989757145,jitter
mf_ard,27,0.2864384410204366,True,197,12.0,0.5,0.6,0.5454545454545454,0.9133333333333333,0.553991341991342,0.5,6.0,6.0,4.0,84.0,7.500978633699289,8.432760450851431,7.623193550610884,0.732248406820641,0.6507376579698692,0.6797578367953581,2.4300722744261294,2.485008593315767,2.4372778643238227,1000,100,2.5,10,7.67239989757145,jitter
mf_bayes_lasso,27,1.4824828199343756,False,1000,74.0,0.12162162162162163,0.9,0.2142857142857143,0.8716666666666667,0.5001337184424476,0.8783783783783784,9.0,65.0,1.0,25.0,6.977210965379421,8.607284472625697,7.983287656737124,0.7509445842791975,0.6435093406305283,0.664630670636253,2.390367565994896,2.504810769134784,2.461001582590787,1000,100,2.5,10,7.67239989757145,jitter
