{
  "n": 1000,
  "p": 100,
  "n_active": 10,
  "sigma2": 7.630100250244141,
  "sigma": 2.762263536453247,
  "active_idx": [
    10,
    42,
    47,
    49,
    53,
    56,
    71,
    73,
    81,
    98
  ],
  "snr": 2.5,
  "setting": "simple",
  "seed": 4
}