coupling_layer,target_coord,fixed_coord,mean_attention,target_latent_type,fixed_latent_type,target_parameter_type,fixed_parameter_type,target_group,fixed_group,target_unit,fixed_unit,target_layer,fixed_layer,target_side,fixed_side
0,4,0,4.9106224651040975e-06,0,0,3,1,4,0,1,0,1,2,1,4
0,4,1,3.730674143298529e-05,0,0,3,3,4,1,1,1,1,1,1,1
0,4,2,3.3596301364013925e-05,0,0,3,3,4,2,1,1,1,1,1,1
0,4,3,6.669080175925046e-05,0,0,3,3,4,3,1,1,1,1,1,1
0,4,5,4.698085103882477e-05,0,0,3,3,4,5,1,1,1,1,1,1
0,4,6,1.2333281119936146e-05,0,0,3,3,4,6,1,1,1,1,1,1
0,4,7,5.145776958670467e-05,0,0,3,3,4,1,1,2,1,1,1,1
0,4,11,1.1534800250956323e-05,0,0,3,3,4,5,1,2,1,1,1,1
0,4,13,0.0008827493875287473,0,0,3,3,4,1,1,3,1,1,1,1
0,4,18,0.0010935637401416898,0,0,3,3,4,6,1,3,1,1,1,1
0,4,23,2.28799763135612e-05,0,0,3,3,4,5,1,4,1,1,1,1
0,4,24,0.00011932998313568532,0,0,3,3,4,6,1,4,1,1,1,1
0,4,25,1.1275588803982828e-05,0,0,3,3,4,1,1,5,1,1,1,1
0,4,26,5.0600569920788985e-06,0,0,3,3,4,2,1,5,1,1,1,1
0,4,28,8.732241667530616e-07,0,0,3,3,4,4,1,5,1,1,1,1
0,4,31,0.0047654579393565655,0,0,3,4,4,1,1,1,1,1,1,1
0,4,32,0.000594170531257987,0,0,3,4,4,2,1,2,1,1,1,1
0,4,33,0.965830385684967,0,0,3,4,4,3,1,3,1,1,1,1
0,4,34,0.00032079240190796554,0,0,3,4,4,4,1,4,1,1,1,1
0,4,38,0.0015336497453972697,0,0,3,5,4,3,1,3,1,2,1,2
0,4,40,5.319776391843334e-05,0,0,3,5,4,5,1,5,1,2,1,2
0,4,43,0.021497558802366257,0,1,3,6,4,3,1,0,1,0,1,1
0,4,44,0.0014752340503036976,0,1,3,6,4,4,1,0,1,0,1,1
0,4,46,0.001529499189928174,0,1,3,6,4,6,1,0,1,0,1,1
0,8,0,1.4752004062756896e-05,0,0,3,1,2,0,2,0,1,2,1,4
0,8,1,5.064619836048223e-05,0,0,3,3,2,1,2,1,1,1,1,1
0,8,2,2.559858694439754e-05,0,0,3,3,2,2,2,1,1,1,1,1
0,8,3,7.791344251018018e-05,0,0,3,3,2,3,2,1,1,1,1,1
0,8,5,5.1974962843814865e-05,0,0,3,3,2,5,2,1,1,1,1,1
0,8,6,3.0395663998206146e-05,0,0,3,3,2,6,2,1,1,1,1,1
0,8,7,4.4181124394526705e-05,0,0,3,3,2,1,2,2,1,1,1,1
0,8,11,2.2652113329968415e-05,0,0,3,3,2,5,2,2,1,1,1,1
0,8,13,0.0013147344579920173,0,0,3,3,2,1,2,3,1,1,1,1
0,8,18,0.0014084179420024157,0,0,3,3,2,6,2,3,1,1,1,1
0,8,23,9.873359522316605e-05,0,0,3,3,2,5,2,4,1,1,1,1
0,8,24,0.00026690997765399516,0,0,3,3,2,6,2,4,1,1,1,1
0,8,25,1.7795424355426803e-05,0,0,3,3,2,1,2,5,1,1,1,1
0,8,26,5.271333066048101e-06,0,0,3,3,2,2,2,5,1,1,1,1
0,8,28,2.4938090064097196e-06,0,0,3,3,2,4,2,5,1,1,1,1
0,8,31,0.00269482284784317,0,0,3,4,2,1,2,1,1,1,1,1
0,8,32,0.0012888527708128095,0,0,3,4,2,2,2,2,1,1,1,1
0,8,33,0.9707263708114624,0,0,3,4,2,3,2,3,1,1,1,1
0,8,34,0.000659812125377357,0,0,3,4,2,4,2,4,1,1,1,1
0,8,38,0.005706243682652712,0,0,3,5,2,3,2,3,1,2,1,2
0,8,40,0.00026925333077088,0,0,3,5,2,5,2,5,1,2,1,2
0,8,43,0.012506217695772648,0,1,3,6,2,3,2,0,1,0,1,1
0,8,44,0.0004746116464957595,0,1,3,6,2,4,2,0,1,0,1,1
0,8,46,0.002240785863250494,0,1,3,6,2,6,2,0,1,0,1,1
0,9,0,0.00015434622764587402,0,0,3,1,3,0,2,0,1,2,1,4
0,9,1,0.0017088961321860552,0,0,3,3,3,1,2,1,1,1,1,1
0,9,2,0.0022992456797510386,0,0,3,3,3,2,2,1,1,1,1,1
0,9,3,0.0012040280271321535,0,0,3,3,3,3,2,1,1,1,1,1
0,9,5,0.006436704192310572,0,0,3,3,3,5,2,1,1,1,1,1
0,9,6,0.0009875416290014982,0,0,3,3,3,6,2,1,1,1,1,1
0,9,7,0.0002336115576326847,0,0,3,3,3,1,2,2,1,1,1,1
0,9,11,0.00019833074475172907,0,0,3,3,3,5,2,2,1,1,1,1
0,9,13,0.018581576645374298,0,0,3,3,3,1,2,3,1,1,1,1
0,9,18,0.005214393138885498,0,0,3,3,3,6,2,3,1,1,1,1
0,9,23,0.0022441912442445755,0,0,3,3,3,5,2,4,1,1,1,1
0,9,24,0.002894734963774681,0,0,3,3,3,6,2,4,1,1,1,1
0,9,25,0.00024165096692740917,0,0,3,3,3,1,2,5,1,1,1,1
0,9,26,0.00010771802044473588,0,0,3,3,3,2,2,5,1,1,1,1
0,9,28,5.04330855619628e-05,0,0,3,3,3,4,2,5,1,1,1,1
0,9,31,0.04146799072623253,0,0,3,4,3,1,2,1,1,1,1,1
0,9,32,0.0027817648369818926,0,0,3,4,3,2,2,2,1,1,1,1
0,9,33,0.9036353826522827,0,0,3,4,3,3,2,3,1,1,1,1
0,9,34,0.006794244982302189,0,0,3,4,3,4,2,4,1,1,1,1
0,9,38,0.0019217889057472348,0,0,3,5,3,3,2,3,1,2,1,2
0,9,40,7.68570535001345e-05,0,0,3,5,3,5,2,5,1,2,1,2
0,9,43,0.00021409665350802243,0,1,3,6,3,3,2,0,1,0,1,1
0,9,44,0.00042416068026795983,0,1,3,6,3,4,2,0,1,0,1,1
0,9,46,0.0001261716242879629,0,1,3,6,3,6,2,0,1,0,1,1
0,10,0,2.8987285531911766e-06,0,0,3,1,4,0,2,0,1,2,1,4
0,10,1,1.4343985412779148e-06,0,0,3,3,4,1,2,1,1,1,1,1
0,10,2,1.3460038644552696e-05,0,0,3,3,4,2,2,1,1,1,1,1
0,10,3,3.438918156462023e-06,0,0,3,3,4,3,2,1,1,1,1,1
0,10,5,9.864917274171603e-07,0,0,3,3,4,5,2,1,1,1,1,1
0,10,6,1.0485122402315028e-05,0,0,3,3,4,6,2,1,1,1,1,1
0,10,7,2.2778056063543772e-06,0,0,3,3,4,1,2,2,1,1,1,1
0,10,11,5.988043199067761e-07,0,0,3,3,4,5,2,2,1,1,1,1
0,10,13,8.62019369378686e-05,0,0,3,3,4,1,2,3,1,1,1,1
0,10,18,0.0003137003513984382,0,0,3,3,4,6,2,3,1,1,1,1
0,10,23,7.093137242009107e-07,0,0,3,3,4,5,2,4,1,1,1,1
0,10,24,5.051503831055015e-05,0,0,3,3,4,6,2,4,1,1,1,1
0,10,25,4.487952537601814e-06,0,0,3,3,4,1,2,5,1,1,1,1
0,10,26,9.683192729426082e-06,0,0,3,3,4,2,2,5,1,1,1,1
0,10,28,5.039155439590104e-07,0,0,3,3,4,4,2,5,1,1,1,1
0,10,31,0.00012620350753422827,0,0,3,4,4,1,2,1,1,1,1,1
0,10,32,8.067766611929983e-05,0,0,3,4,4,2,2,2,1,1,1,1
0,10,33,0.0005931564955972135,0,0,3,4,4,3,2,3,1,1,1,1
0,10,34,6.048197519703535e-06,0,0,3,4,4,4,2,4,1,1,1,1
0,10,38,1.5042849554447457e-05,0,0,3,5,4,3,2,3,1,2,1,2
0,10,40,6.620669864787487e-06,0,0,3,5,4,5,2,5,1,2,1,2
0,10,43,0.1125832200050354,0,1,3,6,4,3,2,0,1,0,1,1
0,10,44,0.016722990199923515,0,1,3,6,4,4,2,0,1,0,1,1
0,10,46,0.8693650364875793,0,1,3,6,4,6,2,0,1,0,1,1
0,12,0,1.950077603396494e-05,0,0,3,1,6,0,2,0,1,2,1,4
0,12,1,0.00010009200195781887,0,0,3,3,6,1,2,1,1,1,1,1
0,12,2,0.0007049644482322037,0,0,3,3,6,2,2,1,1,1,1,1
0,12,3,0.0007378221489489079,0,0,3,3,6,3,2,1,1,1,1,1
0,12,5,0.01977703347802162,0,0,3,3,6,5,2,1,1,1,1,1
0,12,6,7.338084105867893e-05,0,0,3,3,6,6,2,1,1,1,1,1
0,12,7,3.39440448442474e-05,0,0,3,3,6,1,2,2,1,1,1,1
0,12,11,2.804133328027092e-05,0,0,3,3,6,5,2,2,1,1,1,1
0,12,13,0.004592474550008774,0,0,3,3,6,1,2,3,1,1,1,1
0,12,18,0.0018331763567402959,0,0,3,3,6,6,2,3,1,1,1,1
0,12,23,0.0007901104399934411,0,0,3,3,6,5,2,4,1,1,1,1
0,12,24,0.00025711889611557126,0,0,3,3,6,6,2,4,1,1,1,1
0,12,25,0.0001749263028614223,0,0,3,3,6,1,2,5,1,1,1,1
0,12,26,7.377623114734888e-05,0,0,3,3,6,2,2,5,1,1,1,1
0,12,28,8.224351404351182e-06,0,0,3,3,6,4,2,5,1,1,1,1
0,12,31,0.026179708540439606,0,0,3,4,6,1,2,1,1,1,1,1
0,12,32,0.0003462274617049843,0,0,3,4,6,2,2,2,1,1,1,1
0,12,33,0.9427193999290466,0,0,3,4,6,3,2,3,1,1,1,1
0,12,34,0.0007454829756170511,0,0,3,4,6,4,2,4,1,1,1,1
0,12,38,9.543252235744148e-05,0,0,3,5,6,3,2,3,1,2,1,2
0,12,40,3.622155782068148e-05,0,0,3,5,6,5,2,5,1,2,1,2
0,12,43,0.00027122494066134095,0,1,3,6,6,3,2,0,1,0,1,1
0,12,44,0.00030362801044248044,0,1,3,6,6,4,2,0,1,0,1,1
0,12,46,9.732929174788296e-05,0,1,3,6,6,6,2,0,1,0,1,1
0,14,0,1.352181971014943e-05,0,0,3,1,2,0,3,0,1,2,1,4
0,14,1,3.767855741898529e-05,0,0,3,3,2,1,3,1,1,1,1,1
0,14,2,3.0496572435367852e-05,0,0,3,3,2,2,3,1,1,1,1,1
0,14,3,0.00016613540356047451,0,0,3,3,2,3,3,1,1,1,1,1
0,14,5,0.000961689162068069,0,0,3,3,2,5,3,1,1,1,1,1
0,14,6,3.311928958282806e-05,0,0,3,3,2,6,3,1,1,1,1,1
0,14,7,1.4353016922541428e-05,0,0,3,3,2,1,3,2,1,1,1,1
0,14,11,1.3055329873168375e-05,0,0,3,3,2,5,3,2,1,1,1,1
0,14,13,0.0008286236552521586,0,0,3,3,2,1,3,3,1,1,1,1
0,14,18,0.002538298722356558,0,0,3,3,2,6,3,3,1,1,1,1
0,14,23,0.00032323706545867026,0,0,3,3,2,5,3,4,1,1,1,1
0,14,24,0.0002655868884176016,0,0,3,3,2,6,3,4,1,1,1,1
0,14,25,1.224794232257409e-05,0,0,3,3,2,1,3,5,1,1,1,1
0,14,26,5.372825853555696e-06,0,0,3,3,2,2,3,5,1,1,1,1
0,14,28,1.2259108643775107e-06,0,0,3,3,2,4,3,5,1,1,1,1
0,14,31,0.008963332511484623,0,0,3,4,2,1,3,1,1,1,1,1
0,14,32,0.00040317358798347414,0,0,3,4,2,2,3,2,1,1,1,1
0,14,33,0.9729838967323303,0,0,3,4,2,3,3,3,1,1,1,1
0,14,34,0.00042347036651335657,0,0,3,4,2,4,3,4,1,1,1,1
0,14,38,0.0027590796817094088,0,0,3,5,2,3,3,3,1,2,1,2
0,14,40,0.00010815852874657139,0,0,3,5,2,5,3,5,1,2,1,2
0,14,43,0.007894983515143394,0,1,3,6,2,3,3,0,1,0,1,1
0,14,44,0.000752413528971374,0,1,3,6,2,4,3,0,1,0,1,1
0,14,46,0.0004668270703405142,0,1,3,6,2,6,3,0,1,0,1,1
0,15,0,1.3753937366800528e-07,0,0,3,1,3,0,3,0,1,2,1,4
0,15,1,1.4331976672110613e-05,0,0,3,3,3,1,3,1,1,1,1,1
0,15,2,1.913292726385407e-05,0,0,3,3,3,2,3,1,1,1,1,1
0,15,3,5.83117434871383e-05,0,0,3,3,3,3,3,1,1,1,1,1
0,15,5,0.0019431383116170764,0,0,3,3,3,5,3,1,1,1,1,1
0,15,6,3.2916498184931697e-06,0,0,3,3,3,6,3,1,1,1,1,1
0,15,7,4.530543719738489e-06,0,0,3,3,3,1,3,2,1,1,1,1
0,15,11,2.951785745608504e-06,0,0,3,3,3,5,3,2,1,1,1,1
0,15,13,0.0002936326200142503,0,0,3,3,3,1,3,3,1,1,1,1
0,15,18,0.00045920038246549666,0,0,3,3,3,6,3,3,1,1,1,1
0,15,23,8.074753714026883e-05,0,0,3,3,3,5,3,4,1,1,1,1
0,15,24,5.786125620943494e-05,0,0,3,3,3,6,3,4,1,1,1,1
0,15,25,3.3571991480130237e-06,0,0,3,3,3,1,3,5,1,1,1,1
0,15,26,9.770527640284854e-07,0,0,3,3,3,2,3,5,1,1,1,1
0,15,28,7.577282445936362e-08,0,0,3,3,3,4,3,5,1,1,1,1
0,15,31,0.008839588612318039,0,0,3,4,3,1,3,1,1,1,1,1
0,15,32,0.0001418392639607191,0,0,3,4,3,2,3,2,1,1,1,1
0,15,33,0.9877793192863464,0,0,3,4,3,3,3,3,1,1,1,1
0,15,34,9.929297812050208e-05,0,0,3,4,3,4,3,4,1,1,1,1
0,15,38,0.00010856795415747911,0,0,3,5,3,3,3,3,1,2,1,2
0,15,40,8.768828593019862e-06,0,0,3,5,3,5,3,5,1,2,1,2
0,15,43,6.661793304374442e-05,0,1,3,6,3,3,3,0,1,0,1,1
0,15,44,1.3491998288372997e-05,0,1,3,6,3,4,3,0,1,0,1,1
0,15,46,8.108459610411956e-07,0,1,3,6,3,6,3,0,1,0,1,1
0,16,0,1.3345396837394219e-05,0,0,3,1,4,0,3,0,1,2,1,4
0,16,1,4.0448965592077e-05,0,0,3,3,4,1,3,1,1,1,1,1
0,16,2,0.00032908350112847984,0,0,3,3,4,2,3,1,1,1,1,1
0,16,3,9.532628610031679e-05,0,0,3,3,4,3,3,1,1,1,1,1
0,16,5,0.00046605075476691127,0,0,3,3,4,5,3,1,1,1,1,1
0,16,6,0.0001181031548185274,0,0,3,3,4,6,3,1,1,1,1,1
0,16,7,2.4799921447993256e-05,0,0,3,3,4,1,3,2,1,1,1,1
0,16,11,1.638369940337725e-05,0,0,3,3,4,5,3,2,1,1,1,1
0,16,13,0.0019510395359247923,0,0,3,3,4,1,3,3,1,1,1,1
0,16,18,0.00910167582333088,0,0,3,3,4,6,3,3,1,1,1,1
0,16,23,8.241041359724477e-05,0,0,3,3,4,5,3,4,1,1,1,1
0,16,24,0.0012736025964841247,0,0,3,3,4,6,3,4,1,1,1,1
0,16,25,6.776885129511356e-05,0,0,3,3,4,1,3,5,1,1,1,1
0,16,26,0.0001310134248342365,0,0,3,3,4,2,3,5,1,1,1,1
0,16,28,3.4274987683602376e-06,0,0,3,3,4,4,3,5,1,1,1,1
0,16,31,0.013433757238090038,0,0,3,4,4,1,3,1,1,1,1,1
0,16,32,0.0018620543414726853,0,0,3,4,4,2,3,2,1,1,1,1
0,16,33,0.0683651864528656,0,0,3,4,4,3,3,3,1,1,1,1
0,16,34,0.00017556577222421765,0,0,3,4,4,4,3,4,1,1,1,1
0,16,38,0.00029508204897865653,0,0,3,5,4,3,3,3,1,2,1,2
0,16,40,0.0001412915444234386,0,0,3,5,4,5,3,5,1,2,1,2
0,16,43,0.3466375768184662,0,1,3,6,4,3,3,0,1,0,1,1
0,16,44,0.08773045241832733,0,1,3,6,4,4,3,0,1,0,1,1
0,16,46,0.46764448285102844,0,1,3,6,4,6,3,0,1,0,1,1
0,17,0,9.85504811978899e-06,0,0,3,1,5,0,3,0,1,2,1,4
0,17,1,0.000677335774526,0,0,3,3,5,1,3,1,1,1,1,1
0,17,2,0.0003664604446385056,0,0,3,3,5,2,3,1,1,1,1,1
0,17,3,0.0004115405899938196,0,0,3,3,5,3,3,1,1,1,1,1
0,17,5,0.003190581686794758,0,0,3,3,5,5,3,1,1,1,1,1
0,17,6,8.028053707676008e-05,0,0,3,3,5,6,3,1,1,1,1,1
0,17,7,0.0003437827981542796,0,0,3,3,5,1,3,2,1,1,1,1
0,17,11,0.00030717323534190655,0,0,3,3,5,5,3,2,1,1,1,1
0,17,13,0.0031307009048759937,0,0,3,3,5,1,3,3,1,1,1,1
0,17,18,0.0033939694985747337,0,0,3,3,5,6,3,3,1,1,1,1
0,17,23,0.0017954062204807997,0,0,3,3,5,5,3,4,1,1,1,1
0,17,24,0.0015275130281224847,0,0,3,3,5,6,3,4,1,1,1,1
0,17,25,0.0001297495764447376,0,0,3,3,5,1,3,5,1,1,1,1
0,17,26,6.97822542861104e-05,0,0,3,3,5,2,3,5,1,1,1,1
0,17,28,5.359781880542869e-06,0,0,3,3,5,4,3,5,1,1,1,1
0,17,31,0.019780408591032028,0,0,3,4,5,1,3,1,1,1,1,1
0,17,32,0.0046675559133291245,0,0,3,4,5,2,3,2,1,1,1,1
0,17,33,0.9407000541687012,0,0,3,4,5,3,3,3,1,1,1,1
0,17,34,0.0007844637148082256,0,0,3,4,5,4,3,4,1,1,1,1
0,17,38,0.0025470613036304712,0,0,3,5,5,3,3,3,1,2,1,2
0,17,40,0.001507276901975274,0,0,3,5,5,5,3,5,1,2,1,2
0,17,43,0.013348742388188839,0,1,3,6,5,3,3,0,1,0,1,1
0,17,44,0.0006723855040036142,0,1,3,6,5,4,3,0,1,0,1,1
0,17,46,0.0005525280721485615,0,1,3,6,5,6,3,0,1,0,1,1
0,19,0,3.598895273171365e-05,0,0,3,1,1,0,4,0,1,2,1,4
0,19,1,0.00011977127724094316,0,0,3,3,1,1,4,1,1,1,1,1
0,19,2,4.306339178583585e-05,0,0,3,3,1,2,4,1,1,1,1,1
0,19,3,0.00015508431533817202,0,0,3,3,1,3,4,1,1,1,1,1
0,19,5,0.0003696111380122602,0,0,3,3,1,5,4,1,1,1,1,1
0,19,6,3.645704055088572e-05,0,0,3,3,1,6,4,1,1,1,1,1
0,19,7,3.804516381933354e-05,0,0,3,3,1,1,4,2,1,1,1,1
0,19,11,6.429706991184503e-05,0,0,3,3,1,5,4,2,1,1,1,1
0,19,13,0.0012130106333643198,0,0,3,3,1,1,4,3,1,1,1,1
0,19,18,0.001142962952144444,0,0,3,3,1,6,4,3,1,1,1,1
0,19,23,0.0006773048080503941,0,0,3,3,1,5,4,4,1,1,1,1
0,19,24,0.0003309719613753259,0,0,3,3,1,6,4,4,1,1,1,1
0,19,25,1.7675893104751594e-05,0,0,3,3,1,1,4,5,1,1,1,1
0,19,26,8.729457476874813e-06,0,0,3,3,1,2,4,5,1,1,1,1
0,19,28,1.7185188880830538e-06,0,0,3,3,1,4,4,5,1,1,1,1
0,19,31,0.0020609297789633274,0,0,3,4,1,1,4,1,1,1,1,1
0,19,32,0.00036701769568026066,0,0,3,4,1,2,4,2,1,1,1,1
0,19,33,0.9803350567817688,0,0,3,4,1,3,4,3,1,1,1,1
0,19,34,0.000408936757594347,0,0,3,4,1,4,4,4,1,1,1,1
0,19,38,0.005811268463730812,0,0,3,5,1,3,4,3,1,2,1,2
0,19,40,0.0002320283092558384,0,0,3,5,1,5,4,5,1,2,1,2
0,19,43,0.0061347768642008305,0,1,3,6,1,3,4,0,1,0,1,1
0,19,44,9.143980423687026e-05,0,1,3,6,1,4,4,0,1,0,1,1
0,19,46,0.00030289337155409157,0,1,3,6,1,6,4,0,1,0,1,1
0,20,0,2.4903979465307202e-06,0,0,3,1,2,0,4,0,1,2,1,4
0,20,1,2.338425474590622e-05,0,0,3,3,2,1,4,1,1,1,1,1
0,20,2,2.7421274353400804e-06,0,0,3,3,2,2,4,1,1,1,1,1
0,20,3,2.089422741846647e-05,0,0,3,3,2,3,4,1,1,1,1,1
0,20,5,3.2359574106521904e-05,0,0,3,3,2,5,4,1,1,1,1,1
0,20,6,1.818236114559113e-06,0,0,3,3,2,6,4,1,1,1,1,1
0,20,7,1.3813417353958357e-05,0,0,3,3,2,1,4,2,1,1,1,1
0,20,11,4.286187959223753e-06,0,0,3,3,2,5,4,2,1,1,1,1
0,20,13,0.0001289510546484962,0,0,3,3,2,1,4,3,1,1,1,1
0,20,18,0.000104322905826848,0,0,3,3,2,6,4,3,1,1,1,1
0,20,23,4.698070551967248e-05,0,0,3,3,2,5,4,4,1,1,1,1
0,20,24,3.1993386073736474e-05,0,0,3,3,2,6,4,4,1,1,1,1
0,20,25,1.6709908550183172e-06,0,0,3,3,2,1,4,5,1,1,1,1
0,20,26,2.9560098369074694e-07,0,0,3,3,2,2,4,5,1,1,1,1
0,20,28,5.593527063751935e-08,0,0,3,3,2,4,4,5,1,1,1,1
0,20,31,0.0011204694164916873,0,0,3,4,2,1,4,1,1,1,1,1
0,20,32,0.00015024308231659234,0,0,3,4,2,2,4,2,1,1,1,1
0,20,33,0.9907045364379883,0,0,3,4,2,3,4,3,1,1,1,1
0,20,34,5.798923666588962e-05,0,0,3,4,2,4,4,4,1,1,1,1
0,20,38,0.004479893483221531,0,0,3,5,2,3,4,3,1,2,1,2
0,20,40,0.00016436415899079293,0,0,3,5,2,5,4,5,1,2,1,2
0,20,43,0.0028657440561801195,0,1,3,6,2,3,4,0,1,0,1,1
0,20,44,1.7209093130077235e-05,0,1,3,6,2,4,4,0,1,0,1,1
0,20,46,2.381354170211125e-05,0,1,3,6,2,6,4,0,1,0,1,1
0,21,0,1.6937953262186056e-07,0,0,3,1,3,0,4,0,1,2,1,4
0,21,1,3.2232132980425376e-06,0,0,3,3,3,1,4,1,1,1,1,1
0,21,2,3.670794228582963e-07,0,0,3,3,3,2,4,1,1,1,1,1
0,21,3,1.8206625327366055e-06,0,0,3,3,3,3,4,1,1,1,1,1
0,21,5,9.049102118297014e-06,0,0,3,3,3,5,4,1,1,1,1,1
0,21,6,1.4631937972353626e-07,0,0,3,3,3,6,4,1,1,1,1,1
0,21,7,1.2131804396631196e-06,0,0,3,3,3,1,4,2,1,1,1,1
0,21,11,8.805044444670784e-07,0,0,3,3,3,5,4,2,1,1,1,1
0,21,13,2.680507896002382e-05,0,0,3,3,3,1,4,3,1,1,1,1
0,21,18,1.2475420589908026e-05,0,0,3,3,3,6,4,3,1,1,1,1
0,21,23,1.0659367035259493e-05,0,0,3,3,3,5,4,4,1,1,1,1
0,21,24,4.539050223684171e-06,0,0,3,3,3,6,4,4,1,1,1,1
0,21,25,7.419124159468993e-08,0,0,3,3,3,1,4,5,1,1,1,1
0,21,26,1.948479066982145e-08,0,0,3,3,3,2,4,5,1,1,1,1
0,21,28,3.148877159020458e-09,0,0,3,3,3,4,4,5,1,1,1,1
0,21,31,0.0002810944279190153,0,0,3,4,3,1,4,1,1,1,1,1
0,21,32,3.818649202003144e-05,0,0,3,4,3,2,4,2,1,1,1,1
0,21,33,0.9986172318458557,0,0,3,4,3,3,4,3,1,1,1,1
0,21,34,2.8482738343882374e-05,0,0,3,4,3,4,4,4,1,1,1,1
0,21,38,0.0008259451715275645,0,0,3,5,3,3,4,3,1,2,1,2
0,21,40,1.2854387932748068e-05,0,0,3,5,3,5,4,5,1,2,1,2
0,21,43,0.00012360705295577645,0,1,3,6,3,3,4,0,1,0,1,1
0,21,44,6.721730301251228e-07,0,1,3,6,3,4,4,0,1,0,1,1
0,21,46,3.5197587067159475e-07,0,1,3,6,3,6,4,0,1,0,1,1
0,22,0,2.0412956658333314e-08,0,0,3,1,4,0,4,0,1,2,1,4
0,22,1,4.265643838152755e-07,0,0,3,3,4,1,4,1,1,1,1,1
0,22,2,1.5311547940655146e-07,0,0,3,3,4,2,4,1,1,1,1,1
0,22,3,4.383389295981033e-07,0,0,3,3,4,3,4,1,1,1,1,1
0,22,5,5.178051196708111e-07,0,0,3,3,4,5,4,1,1,1,1,1
0,22,6,3.522638536423983e-08,0,0,3,3,4,6,4,1,1,1,1,1
0,22,7,4.124426027374284e-07,0,0,3,3,4,1,4,2,1,1,1,1
0,22,11,2.3195806164721944e-08,0,0,3,3,4,5,4,2,1,1,1,1
0,22,13,2.7379901439417154e-05,0,0,3,3,4,1,4,3,1,1,1,1
0,22,18,1.774266638676636e-05,0,0,3,3,4,6,4,3,1,1,1,1
0,22,23,3.1630514740754734e-07,0,0,3,3,4,5,4,4,1,1,1,1
0,22,24,1.5563360875603394e-06,0,0,3,3,4,6,4,4,1,1,1,1
0,22,25,4.7885389875546025e-08,0,0,3,3,4,1,4,5,1,1,1,1
0,22,26,7.890958109157964e-09,0,0,3,3,4,2,4,5,1,1,1,1
0,22,28,4.245117313228519e-10,0,0,3,3,4,4,4,5,1,1,1,1
0,22,31,0.0003227566194254905,0,0,3,4,4,1,4,1,1,1,1,1
0,22,32,2.35473253269447e-05,0,0,3,4,4,2,4,2,1,1,1,1
0,22,33,0.9979665279388428,0,0,3,4,4,3,4,3,1,1,1,1
0,22,34,5.158122348802863e-06,0,0,3,4,4,4,4,4,1,1,1,1
0,22,38,0.00019562063971534371,0,0,3,5,4,3,4,3,1,2,1,2
0,22,40,3.0972869353718124e-06,0,0,3,5,4,5,4,5,1,2,1,2
0,22,43,0.0014124310109764338,0,1,3,6,4,3,4,0,1,0,1,1
0,22,44,8.542621799279004e-06,0,1,3,6,4,4,4,0,1,0,1,1
0,22,46,1.3692449101654347e-05,0,1,3,6,4,6,4,0,1,0,1,1
0,27,0,6.086647630354491e-08,0,0,3,1,3,0,5,0,1,2,1,4
0,27,1,1.3276775462145451e-05,0,0,3,3,3,1,5,1,1,1,1,1
0,27,2,1.0124010714207543e-06,0,0,3,3,3,2,5,1,1,1,1,1
0,27,3,1.3777161257166881e-05,0,0,3,3,3,3,5,1,1,1,1,1
0,27,5,1.2595618500199635e-05,0,0,3,3,3,5,5,1,1,1,1,1
0,27,6,2.1602961624012096e-06,0,0,3,3,3,6,5,1,1,1,1,1
0,27,7,1.0516974953134195e-06,0,0,3,3,3,1,5,2,1,1,1,1
0,27,11,2.2203106198048772e-07,0,0,3,3,3,5,5,2,1,1,1,1
0,27,13,0.0002794403408188373,0,0,3,3,3,1,5,3,1,1,1,1
0,27,18,0.0001227707980433479,0,0,3,3,3,6,5,3,1,1,1,1
0,27,23,1.9175575289409608e-05,0,0,3,3,3,5,5,4,1,1,1,1
0,27,24,2.167385355278384e-05,0,0,3,3,3,6,5,4,1,1,1,1
0,27,25,1.0930618543625314e-07,0,0,3,3,3,1,5,5,1,1,1,1
0,27,26,7.775210697502644e-09,0,0,3,3,3,2,5,5,1,1,1,1
0,27,28,1.036362462514262e-08,0,0,3,3,3,4,5,5,1,1,1,1
0,27,31,0.000605687964707613,0,0,3,4,3,1,5,1,1,1,1,1
0,27,32,1.258568954654038e-05,0,0,3,4,3,2,5,2,1,1,1,1
0,27,33,0.998379647731781,0,0,3,4,3,3,5,3,1,1,1,1
0,27,34,8.752854773774743e-05,0,0,3,4,3,4,5,4,1,1,1,1
0,27,38,0.00042496921378187835,0,0,3,5,3,3,5,3,1,2,1,2
0,27,40,1.7397016449649527e-07,0,0,3,5,3,5,5,5,1,2,1,2
0,27,43,1.3639589724334655e-06,0,1,3,6,3,3,5,0,1,0,1,1
0,27,44,9.686993962532142e-08,0,1,3,6,3,4,5,0,1,0,1,1
0,27,46,8.9965634941791e-09,0,1,3,6,3,6,5,0,1,0,1,1
0,29,0,2.7743869424057266e-08,0,0,3,1,5,0,5,0,1,2,1,4
0,29,1,4.743386853078846e-06,0,0,3,3,5,1,5,1,1,1,1,1
0,29,2,2.9736730766671826e-07,0,0,3,3,5,2,5,1,1,1,1,1
0,29,3,1.6565952591918176e-06,0,0,3,3,5,3,5,1,1,1,1,1
0,29,5,4.708064807346091e-06,0,0,3,3,5,5,5,1,1,1,1,1
0,29,6,4.0416199453829904e-07,0,0,3,3,5,6,5,1,1,1,1,1
0,29,7,3.122073053418717e-07,0,0,3,3,5,1,5,2,1,1,1,1
0,29,11,2.6443106548867945e-07,0,0,3,3,5,5,5,2,1,1,1,1
0,29,13,0.00015160595648922026,0,0,3,3,5,1,5,3,1,1,1,1
0,29,18,4.569739758153446e-05,0,0,3,3,5,6,5,3,1,1,1,1
0,29,23,3.5635370295494795e-05,0,0,3,3,5,5,5,4,1,1,1,1
0,29,24,1.1414806067477912e-05,0,0,3,3,5,6,5,4,1,1,1,1
0,29,25,4.615097992655137e-08,0,0,3,3,5,1,5,5,1,1,1,1
0,29,26,4.862802605032357e-09,0,0,3,3,5,2,5,5,1,1,1,1
0,29,28,1.9531105621695133e-09,0,0,3,3,5,4,5,5,1,1,1,1
0,29,31,0.00018353234918322414,0,0,3,4,5,1,5,1,1,1,1,1
0,29,32,1.919927672133781e-05,0,0,3,4,5,2,5,2,1,1,1,1
0,29,33,0.9990208148956299,0,0,3,4,5,3,5,3,1,1,1,1
0,29,34,1.9158807845087722e-05,0,0,3,4,5,4,5,4,1,1,1,1
0,29,38,0.000479290058137849,0,0,3,5,5,3,5,3,1,2,1,2
0,29,40,2.8457970984163694e-06,0,0,3,5,5,5,5,5,1,2,1,2
0,29,43,1.792791226762347e-05,0,1,3,6,5,3,5,0,1,0,1,1
0,29,44,6.72456437200708e-08,0,1,3,6,5,4,5,0,1,0,1,1
0,29,46,1.894177756867066e-07,0,1,3,6,5,6,5,0,1,0,1,1
0,30,0,2.858916658965427e-08,0,0,3,1,6,0,5,0,1,2,1,4
0,30,1,4.845512648898875e-07,0,0,3,3,6,1,5,1,1,1,1,1
0,30,2,3.4534457427071175e-07,0,0,3,3,6,2,5,1,1,1,1,1
0,30,3,2.2637914298684336e-06,0,0,3,3,6,3,5,1,1,1,1,1
0,30,5,7.779921725159511e-05,0,0,3,3,6,5,5,1,1,1,1,1
0,30,6,1.6160430504896794e-07,0,0,3,3,6,6,5,1,1,1,1,1
0,30,7,3.1117693310989125e-08,0,0,3,3,6,1,5,2,1,1,1,1
0,30,11,1.8520087508022698e-07,0,0,3,3,6,5,5,2,1,1,1,1
0,30,13,3.856512194033712e-05,0,0,3,3,6,1,5,3,1,1,1,1
0,30,18,2.442608638375532e-05,0,0,3,3,6,6,5,3,1,1,1,1
0,30,23,2.6389026970718987e-05,0,0,3,3,6,5,5,4,1,1,1,1
0,30,24,3.330844037918723e-06,0,0,3,3,6,6,5,4,1,1,1,1
0,30,25,6.875596625377511e-08,0,0,3,3,6,1,5,5,1,1,1,1
0,30,26,1.3005968746426788e-08,0,0,3,3,6,2,5,5,1,1,1,1
0,30,28,2.675920152128697e-09,0,0,3,3,6,4,5,5,1,1,1,1
0,30,31,0.00020356701861601323,0,0,3,4,6,1,5,1,1,1,1,1
0,30,32,3.1977556318452116e-06,0,0,3,4,6,2,5,2,1,1,1,1
0,30,33,0.999566912651062,0,0,3,4,6,3,5,3,1,1,1,1
0,30,34,1.411414905305719e-05,0,0,3,4,6,4,5,4,1,1,1,1
0,30,38,3.081325121456757e-05,0,0,3,5,6,3,5,3,1,2,1,2
0,30,40,6.542741743942315e-07,0,0,3,5,6,5,5,5,1,2,1,2
0,30,43,6.212567768670851e-06,0,1,3,6,6,3,5,0,1,0,1,1
0,30,44,1.4755272559341392e-07,0,1,3,6,6,4,5,0,1,0,1,1
0,30,46,1.4335601861148461e-07,0,1,3,6,6,6,5,0,1,0,1,1
0,35,0,4.311137672630139e-06,0,0,4,1,5,0,5,0,1,2,1,4
0,35,1,3.657148772617802e-05,0,0,4,3,5,1,5,1,1,1,1,1
0,35,2,5.723131835111417e-06,0,0,4,3,5,2,5,1,1,1,1,1
0,35,3,8.13760834716959e-06,0,0,4,3,5,3,5,1,1,1,1,1
0,35,5,5.108617915539071e-05,0,0,4,3,5,5,5,1,1,1,1,1
0,35,6,3.0025198611838277e-06,0,0,4,3,5,6,5,1,1,1,1,1
0,35,7,6.138263415778056e-06,0,0,4,3,5,1,5,2,1,1,1,1
0,35,11,7.475955953850644e-06,0,0,4,3,5,5,5,2,1,1,1,1
0,35,13,0.0003217932826373726,0,0,4,3,5,1,5,3,1,1,1,1
0,35,18,0.0001244210870936513,0,0,4,3,5,6,5,3,1,1,1,1
0,35,23,0.00019757555855903774,0,0,4,3,5,5,5,4,1,1,1,1
0,35,24,6.380656122928485e-05,0,0,4,3,5,6,5,4,1,1,1,1
0,35,25,9.329044132755371e-07,0,0,4,3,5,1,5,5,1,1,1,1
0,35,26,4.122460097732983e-07,0,0,4,3,5,2,5,5,1,1,1,1
0,35,28,4.322541258261481e-08,0,0,4,3,5,4,5,5,1,1,1,1
0,35,31,0.0015774238854646683,0,0,4,4,5,1,5,1,1,1,1,1
0,35,32,0.00026174477534368634,0,0,4,4,5,2,5,2,1,1,1,1
0,35,33,0.9881407022476196,0,0,4,4,5,3,5,3,1,1,1,1
0,35,34,7.238021498778835e-05,0,0,4,4,5,4,5,4,1,1,1,1
0,35,38,0.002882563043385744,0,0,4,5,5,3,5,3,1,2,1,2
0,35,40,0.00019809628429356962,0,0,4,5,5,5,5,5,1,2,1,2
0,35,43,0.005812665913254023,0,1,4,6,5,3,5,0,1,0,1,1
0,35,44,3.511756949592382e-05,0,1,4,6,5,4,5,0,1,0,1,1
0,35,46,0.00018741322855930775,0,1,4,6,5,6,5,0,1,0,1,1
0,36,0,0.0014358925400301814,0,0,5,1,1,0,1,0,2,2,2,4
0,36,1,0.0018557740841060877,0,0,5,3,1,1,1,1,2,1,2,1
0,36,2,0.00039689705590717494,0,0,5,3,1,2,1,1,2,1,2,1
0,36,3,0.0005685124779120088,0,0,5,3,1,3,1,1,2,1,2,1
0,36,5,1.3938512893219013e-05,0,0,5,3,1,5,1,1,2,1,2,1
0,36,6,0.001167608774267137,0,0,5,3,1,6,1,1,2,1,2,1
0,36,7,0.0053499843925237656,0,0,5,3,1,1,1,2,2,1,2,1
0,36,11,0.00019036511366721243,0,0,5,3,1,5,1,2,2,1,2,1
0,36,13,0.0019795733969658613,0,0,5,3,1,1,1,3,2,1,2,1
0,36,18,0.004282289184629917,0,0,5,3,1,6,1,3,2,1,2,1
0,36,23,0.00011510920012369752,0,0,5,3,1,5,1,4,2,1,2,1
0,36,24,0.003323545679450035,0,0,5,3,1,6,1,4,2,1,2,1
0,36,25,0.0009783897548913956,0,0,5,3,1,1,1,5,2,1,2,1
0,36,26,0.0004974501207470894,0,0,5,3,1,2,1,5,2,1,2,1
0,36,28,0.0004235008964315057,0,0,5,3,1,4,1,5,2,1,2,1
0,36,31,0.0022042233031243086,0,0,5,4,1,1,1,1,2,1,2,1
0,36,32,0.005135721527040005,0,0,5,4,1,2,1,2,2,1,2,1
0,36,33,0.0035639789421111345,0,0,5,4,1,3,1,3,2,1,2,1
0,36,34,0.0009763066191226244,0,0,5,4,1,4,1,4,2,1,2,1
0,36,38,0.011006570421159267,0,0,5,5,1,3,1,3,2,2,2,2
0,36,40,0.001621071482077241,0,0,5,5,1,5,1,5,2,2,2,2
0,36,43,0.3566863536834717,0,1,5,6,1,3,1,0,2,0,2,1
0,36,44,0.14835108816623688,0,1,5,6,1,4,1,0,2,0,2,1
0,36,46,0.44787564873695374,0,1,5,6,1,6,1,0,2,0,2,1
0,37,0,0.0004950336297042668,0,0,5,1,2,0,2,0,2,2,2,4
0,37,1,0.0001235505478689447,0,0,5,3,2,1,2,1,2,1,2,1
0,37,2,1.8756634744931944e-05,0,0,5,3,2,2,2,1,2,1,2,1
0,37,3,2.08714136533672e-05,0,0,5,3,2,3,2,1,2,1,2,1
0,37,5,1.318417872653299e-07,0,0,5,3,2,5,2,1,2,1,2,1
0,37,6,0.0003081139293499291,0,0,5,3,2,6,2,1,2,1,2,1
0,37,7,0.0007577932556159794,0,0,5,3,2,1,2,2,2,1,2,1
0,37,11,2.168533501389902e-05,0,0,5,3,2,5,2,2,2,1,2,1
0,37,13,9.517245780443773e-05,0,0,5,3,2,1,2,3,2,1,2,1
0,37,18,0.00040695577627047896,0,0,5,3,2,6,2,3,2,1,2,1
0,37,23,7.215200184873538e-06,0,0,5,3,2,5,2,4,2,1,2,1
0,37,24,0.0006076215649954975,0,0,5,3,2,6,2,4,2,1,2,1
0,37,25,9.600685007171705e-05,0,0,5,3,2,1,2,5,2,1,2,1
0,37,26,7.25086938473396e-05,0,0,5,3,2,2,2,5,2,1,2,1
0,37,28,0.00018165112123824656,0,0,5,3,2,4,2,5,2,1,2,1
0,37,31,4.626390364137478e-05,0,0,5,4,2,1,2,1,2,1,2,1
0,37,32,0.0026138518005609512,0,0,5,4,2,2,2,2,2,1,2,1
0,37,33,2.4631512133055367e-05,0,0,5,4,2,3,2,3,2,1,2,1
0,37,34,0.00014073413331061602,0,0,5,4,2,4,2,4,2,1,2,1
0,37,38,0.0023740085307508707,0,0,5,5,2,3,2,3,2,2,2,2
0,37,40,0.001092420658096671,0,0,5,5,2,5,2,5,2,2,2,2
0,37,43,0.10842641443014145,0,1,5,6,2,3,2,0,2,0,2,1
0,37,44,0.04427613690495491,0,1,5,6,2,4,2,0,2,0,2,1
0,37,46,0.8377925753593445,0,1,5,6,2,6,2,0,2,0,2,1
0,39,0,2.7023819711757824e-05,0,0,5,1,4,0,4,0,2,2,2,4
0,39,1,0.00010762494639493525,0,0,5,3,4,1,4,1,2,1,2,1
0,39,2,1.4567410289600957e-05,0,0,5,3,4,2,4,1,2,1,2,1
0,39,3,1.4151290997688193e-05,0,0,5,3,4,3,4,1,2,1,2,1
0,39,5,4.837933147427975e-07,0,0,5,3,4,5,4,1,2,1,2,1
0,39,6,1.2929599506605882e-05,0,0,5,3,4,6,4,1,2,1,2,1
0,39,7,0.000737714406568557,0,0,5,3,4,1,4,2,2,1,2,1
0,39,11,7.245495908136945e-06,0,0,5,3,4,5,4,2,2,1,2,1
0,39,13,0.00015889547648839653,0,0,5,3,4,1,4,3,2,1,2,1
0,39,18,0.0002707040694076568,0,0,5,3,4,6,4,3,2,1,2,1
0,39,23,2.414722985122353e-06,0,0,5,3,4,5,4,4,2,1,2,1
0,39,24,0.00020781335479114205,0,0,5,3,4,6,4,4,2,1,2,1
0,39,25,2.22696198761696e-05,0,0,5,3,4,1,4,5,2,1,2,1
0,39,26,9.700445843918715e-06,0,0,5,3,4,2,4,5,2,1,2,1
0,39,28,1.917725967359729e-06,0,0,5,3,4,4,4,5,2,1,2,1
0,39,31,0.0012992607662454247,0,0,5,4,4,1,4,1,2,1,2,1
0,39,32,0.0036698137409985065,0,0,5,4,4,2,4,2,2,1,2,1
0,39,33,0.012504992075264454,0,0,5,4,4,3,4,3,2,1,2,1
0,39,34,0.00011609119974309579,0,0,5,4,4,4,4,4,2,1,2,1
0,39,38,0.004948483780026436,0,0,5,5,4,3,4,3,2,2,2,2
0,39,40,0.0006771803018637002,0,0,5,5,4,5,4,5,2,2,2,2
0,39,43,0.7834133505821228,0,1,5,6,4,3,4,0,2,0,2,1
0,39,44,0.06351339817047119,0,1,5,6,4,4,4,0,2,0,2,1
0,39,46,0.12826138734817505,0,1,5,6,4,6,4,0,2,0,2,1
0,41,0,0.00020988588221371174,1,0,6,1,1,0,0,0,0,2,1,4
0,41,1,0.0018097549909725785,1,0,6,3,1,1,0,1,0,1,1,1
0,41,2,0.008426244370639324,1,0,6,3,1,2,0,1,0,1,1,1
0,41,3,0.002884260145947337,1,0,6,3,1,3,0,1,0,1,1,1
0,41,5,0.9288668036460876,1,0,6,3,1,5,0,1,0,1,1,1
0,41,6,6.827141623944044e-05,1,0,6,3,1,6,0,1,0,1,1,1
0,41,7,0.0027544102631509304,1,0,6,3,1,1,0,2,0,1,1,1
0,41,11,0.001702848356217146,1,0,6,3,1,5,0,2,0,1,1,1
0,41,13,0.0009155682055279613,1,0,6,3,1,1,0,3,0,1,1,1
0,41,18,0.0001497378689236939,1,0,6,3,1,6,0,3,0,1,1,1
0,41,23,0.01051902212202549,1,0,6,3,1,5,0,4,0,1,1,1
0,41,24,5.427570431493223e-05,1,0,6,3,1,6,0,4,0,1,1,1
0,41,25,0.0026463584508746862,1,0,6,3,1,1,0,5,0,1,1,1
0,41,26,0.00299833039753139,1,0,6,3,1,2,0,5,0,1,1,1
0,41,28,5.2724702982231975e-05,1,0,6,3,1,4,0,5,0,1,1,1
0,41,31,0.012423626147210598,1,0,6,4,1,1,0,1,0,1,1,1
0,41,32,0.0004309688520152122,1,0,6,4,1,2,0,2,0,1,1,1
0,41,33,0.011208852753043175,1,0,6,4,1,3,0,3,0,1,1,1
0,41,34,9.902560123009607e-05,1,0,6,4,1,4,0,4,0,1,1,1
0,41,38,0.00010404625936644152,1,0,6,5,1,3,0,3,0,2,1,2
0,41,40,0.01163986325263977,1,0,6,5,1,5,0,5,0,2,1,2
0,41,43,2.6555146177997813e-05,1,1,6,6,1,3,0,0,0,0,1,1
0,41,44,8.230918865592685e-06,1,1,6,6,1,4,0,0,0,0,1,1
0,41,46,6.156804488455236e-07,1,1,6,6,1,6,0,0,0,0,1,1
0,42,0,0.001882482785731554,1,0,6,1,2,0,0,0,0,2,1,4
0,42,1,0.00475248321890831,1,0,6,3,2,1,0,1,0,1,1,1
0,42,2,0.0026468958240002394,1,0,6,3,2,2,0,1,0,1,1,1
0,42,3,0.004063099157065153,1,0,6,3,2,3,0,1,0,1,1,1
0,42,5,0.07042738050222397,1,0,6,3,2,5,0,1,0,1,1,1
0,42,6,0.00019899025210179389,1,0,6,3,2,6,0,1,0,1,1,1
0,42,7,0.013245330192148685,1,0,6,3,2,1,0,2,0,1,1,1
0,42,11,0.008039465174078941,1,0,6,3,2,5,0,2,0,1,1,1
0,42,13,0.002600983250886202,1,0,6,3,2,1,0,3,0,1,1,1
0,42,18,0.0010132486931979656,1,0,6,3,2,6,0,3,0,1,1,1
0,42,23,0.02284274250268936,1,0,6,3,2,5,0,4,0,1,1,1
0,42,24,0.0003642719821073115,1,0,6,3,2,6,0,4,0,1,1,1
0,42,25,0.0022439141757786274,1,0,6,3,2,1,0,5,0,1,1,1
0,42,26,0.0019032947020605206,1,0,6,3,2,2,0,5,0,1,1,1
0,42,28,9.238957136403769e-05,1,0,6,3,2,4,0,5,0,1,1,1
0,42,31,0.009911317378282547,1,0,6,4,2,1,0,1,0,1,1,1
0,42,32,0.005923963151872158,1,0,6,4,2,2,0,2,0,1,1,1
0,42,33,0.24090024828910828,1,0,6,4,2,3,0,3,0,1,1,1
0,42,34,0.000781334238126874,1,0,6,4,2,4,0,4,0,1,1,1
0,42,38,0.037529200315475464,1,0,6,5,2,3,0,3,0,2,1,2
0,42,40,0.5616713762283325,1,0,6,5,2,5,0,5,0,2,1,2
0,42,43,0.006874511018395424,1,1,6,6,2,3,0,0,0,0,1,1
0,42,44,3.956402724725194e-05,1,1,6,6,2,4,0,0,0,0,1,1
0,42,46,5.1609888032544404e-05,1,1,6,6,2,6,0,0,0,0,1,1
0,45,0,4.815974534722045e-05,1,0,6,1,5,0,0,0,0,2,1,4
0,45,1,0.0004559850203804672,1,0,6,3,5,1,0,1,0,1,1,1
0,45,2,7.279161945916712e-05,1,0,6,3,5,2,0,1,0,1,1,1
0,45,3,0.0005412715836428106,1,0,6,3,5,3,0,1,0,1,1,1
0,45,5,0.0032069191802293062,1,0,6,3,5,5,0,1,0,1,1,1
0,45,6,2.149511783500202e-05,1,0,6,3,5,6,0,1,0,1,1,1
0,45,7,0.00015015625103842467,1,0,6,3,5,1,0,2,0,1,1,1
0,45,11,0.00010148342698812485,1,0,6,3,5,5,0,2,0,1,1,1
0,45,13,0.0004758317081723362,1,0,6,3,5,1,0,3,0,1,1,1
0,45,18,0.00039160330197773874,1,0,6,3,5,6,0,3,0,1,1,1
0,45,23,0.0015526229981333017,1,0,6,3,5,5,0,4,0,1,1,1
0,45,24,0.00011735965381376445,1,0,6,3,5,6,0,4,0,1,1,1
0,45,25,2.8881133403046988e-05,1,0,6,3,5,1,0,5,0,1,1,1
0,45,26,8.892705409380142e-06,1,0,6,3,5,2,0,5,0,1,1,1
0,45,28,8.291823974104773e-07,1,0,6,3,5,4,0,5,0,1,1,1
0,45,31,0.003140982473269105,1,0,6,4,5,1,0,1,0,1,1,1
0,45,32,0.00014468637527897954,1,0,6,4,5,2,0,2,0,1,1,1
0,45,33,0.9727283120155334,1,0,6,4,5,3,0,3,0,1,1,1
0,45,34,0.00017264936468563974,1,0,6,4,5,4,0,4,0,1,1,1
0,45,38,0.013994680717587471,1,0,6,5,5,3,0,3,0,2,1,2
0,45,40,0.0015526381321251392,1,0,6,5,5,5,0,5,0,2,1,2
0,45,43,0.0010840636678040028,1,1,6,6,5,3,0,0,0,0,1,1
0,45,44,5.3834060054214206e-06,1,1,6,6,5,4,0,0,0,0,1,1
0,45,46,2.154136836907128e-06,1,1,6,6,5,6,0,0,0,0,1,1
0,47,0,5.187803981243633e-05,2,0,7,1,0,0,0,0,0,2,4,4
0,47,1,0.00029028908465988934,2,0,7,3,0,1,0,1,0,1,4,1
0,47,2,0.014007939025759697,2,0,7,3,0,2,0,1,0,1,4,1
0,47,3,0.00212782621383667,2,0,7,3,0,3,0,1,0,1,4,1
0,47,5,0.9185562133789062,2,0,7,3,0,5,0,1,0,1,4,1
0,47,6,9.523580956738442e-05,2,0,7,3,0,6,0,1,0,1,4,1
0,47,7,0.0013642458943650126,2,0,7,3,0,1,0,2,0,1,4,1
0,47,11,0.010185911320149899,2,0,7,3,0,5,0,2,0,1,4,1
0,47,13,0.0009864626917988062,2,0,7,3,0,1,0,3,0,1,4,1
0,47,18,0.0003009614592883736,2,0,7,3,0,6,0,3,0,1,4,1
0,47,23,0.006053456570953131,2,0,7,3,0,5,0,4,0,1,4,1
0,47,24,6.13873271504417e-05,2,0,7,3,0,6,0,4,0,1,4,1
0,47,25,0.007487152237445116,2,0,7,3,0,1,0,5,0,1,4,1
0,47,26,0.023589881137013435,2,0,7,3,0,2,0,5,0,1,4,1
0,47,28,0.0011539123952388763,2,0,7,3,0,4,0,5,0,1,4,1
0,47,31,0.003520722733810544,2,0,7,4,0,1,0,1,0,1,4,1
0,47,32,0.0010803788900375366,2,0,7,4,0,2,0,2,0,1,4,1
0,47,33,0.0022596148774027824,2,0,7,4,0,3,0,3,0,1,4,1
0,47,34,0.00037610947038047016,2,0,7,4,0,4,0,4,0,1,4,1
0,47,38,7.0475516622536816e-06,2,0,7,5,0,3,0,3,0,2,4,2
0,47,40,0.006393383257091045,2,0,7,5,0,5,0,5,0,2,4,2
0,47,43,1.6714027879061177e-05,2,1,7,6,0,3,0,0,0,0,4,1
0,47,44,2.7493651941767894e-05,2,1,7,6,0,4,0,0,0,0,4,1
0,47,46,5.848374257766409e-06,2,1,7,6,0,6,0,0,0,0,4,1
1,0,4,0.0024833723437041044,0,0,1,3,0,4,0,1,2,1,4,1
1,0,8,0.008870206773281097,0,0,1,3,0,2,0,2,2,1,4,1
1,0,9,0.030936002731323242,0,0,1,3,0,3,0,2,2,1,4,1
1,0,10,0.37735727429389954,0,0,1,3,0,4,0,2,2,1,4,1
1,0,12,0.07267525047063828,0,0,1,3,0,6,0,2,2,1,4,1
1,0,14,0.018347132951021194,0,0,1,3,0,2,0,3,2,1,4,1
1,0,15,0.023105250671505928,0,0,1,3,0,3,0,3,2,1,4,1
1,0,16,0.23071105778217316,0,0,1,3,0,4,0,3,2,1,4,1
1,0,17,0.008169885724782944,0,0,1,3,0,5,0,3,2,1,4,1
1,0,19,0.0005107526667416096,0,0,1,3,0,1,0,4,2,1,4,1
1,0,20,0.0004505953111220151,0,0,1,3,0,2,0,4,2,1,4,1
1,0,21,0.0009258353384211659,0,0,1,3,0,3,0,4,2,1,4,1
1,0,22,0.0029001275543123484,0,0,1,3,0,4,0,4,2,1,4,1
1,0,27,0.014455636031925678,0,0,1,3,0,3,0,5,2,1,4,1
1,0,29,0.005557968746870756,0,0,1,3,0,5,0,5,2,1,4,1
1,0,30,0.17253097891807556,0,0,1,3,0,6,0,5,2,1,4,1
1,0,35,0.00018036711844615638,0,0,1,4,0,5,0,5,2,1,4,1
1,0,36,0.0005114128580316901,0,0,1,5,0,1,0,1,2,2,4,2
1,0,37,0.0002641771861817688,0,0,1,5,0,2,0,2,2,2,4,2
1,0,39,8.293292194139212e-05,0,0,1,5,0,4,0,4,2,2,4,2
1,0,41,0.017027882859110832,0,1,1,6,0,1,0,0,2,0,4,1
1,0,42,0.0022198944352567196,0,1,1,6,0,2,0,0,2,0,4,1
1,0,45,0.0025524275843054056,0,1,1,6,0,5,0,0,2,0,4,1
1,0,47,0.007173734251409769,0,2,1,7,0,0,0,0,2,0,4,4
1,1,4,1.5360245015472174e-05,0,0,3,3,1,4,1,1,1,1,1,1
1,1,8,4.642530620913021e-05,0,0,3,3,1,2,1,2,1,1,1,1
1,1,9,3.681621819850989e-05,0,0,3,3,1,3,1,2,1,1,1,1
1,1,10,0.0007784478948451579,0,0,3,3,1,4,1,2,1,1,1,1
1,1,12,0.001521777594462037,0,0,3,3,1,6,1,2,1,1,1,1
1,1,14,0.0007959784707054496,0,0,3,3,1,2,1,3,1,1,1,1
1,1,15,0.0002194600529037416,0,0,3,3,1,3,1,3,1,1,1,1
1,1,16,0.004429847467690706,0,0,3,3,1,4,1,3,1,1,1,1
1,1,17,9.291583410231397e-05,0,0,3,3,1,5,1,3,1,1,1,1
1,1,19,0.000646517553832382,0,0,3,3,1,1,1,4,1,1,1,1
1,1,20,0.00019183513359166682,0,0,3,3,1,2,1,4,1,1,1,1
1,1,21,1.0786697203002404e-05,0,0,3,3,1,3,1,4,1,1,1,1
1,1,22,0.00037298037204891443,0,0,3,3,1,4,1,4,1,1,1,1
1,1,27,3.110764009761624e-05,0,0,3,3,1,3,1,5,1,1,1,1
1,1,29,9.031059562403243e-06,0,0,3,3,1,5,1,5,1,1,1,1
1,1,30,0.0015700875082984567,0,0,3,3,1,6,1,5,1,1,1,1
1,1,35,7.829380774637684e-05,0,0,3,4,1,5,1,5,1,1,1,1
1,1,36,7.115781500033336e-06,0,0,3,5,1,1,1,1,1,2,1,2
1,1,37,1.4567989126135217e-07,0,0,3,5,1,2,1,2,1,2,1,2
1,1,39,1.7873284150482505e-06,0,0,3,5,1,4,1,4,1,2,1,2
1,1,41,0.8282630443572998,0,1,3,6,1,1,1,0,1,0,1,1
1,1,42,0.14817720651626587,0,1,3,6,1,2,1,0,1,0,1,1
1,1,45,0.01268956158310175,0,1,3,6,1,5,1,0,1,0,1,1
1,1,47,1.3017584933550097e-05,0,2,3,7,1,0,1,0,1,0,1,4
1,2,4,4.317344973969739e-06,0,0,3,3,2,4,1,1,1,1,1,1
1,2,8,2.255716572108213e-05,0,0,3,3,2,2,1,2,1,1,1,1
1,2,9,3.5810551253234735e-06,0,0,3,3,2,3,1,2,1,1,1,1
1,2,10,3.6225359508534893e-05,0,0,3,3,2,4,1,2,1,1,1,1
1,2,12,0.0002701814810279757,0,0,3,3,2,6,1,2,1,1,1,1
1,2,14,0.00013494575978256762,0,0,3,3,2,2,1,3,1,1,1,1
1,2,15,3.593858127715066e-05,0,0,3,3,2,3,1,3,1,1,1,1
1,2,16,0.00012734382471535355,0,0,3,3,2,4,1,3,1,1,1,1
1,2,17,9.380316441820469e-06,0,0,3,3,2,5,1,3,1,1,1,1
1,2,19,0.00022643175907433033,0,0,3,3,2,1,1,4,1,1,1,1
1,2,20,0.0001430804841220379,0,0,3,3,2,2,1,4,1,1,1,1
1,2,21,4.129516582906945e-06,0,0,3,3,2,3,1,4,1,1,1,1
1,2,22,3.303649282315746e-05,0,0,3,3,2,4,1,4,1,1,1,1
1,2,27,7.4136823968729004e-06,0,0,3,3,2,3,1,5,1,1,1,1
1,2,29,4.215434273646679e-06,0,0,3,3,2,5,1,5,1,1,1,1
1,2,30,0.000247000134550035,0,0,3,3,2,6,1,5,1,1,1,1
1,2,35,0.0001538934448035434,0,0,3,4,2,5,1,5,1,1,1,1
1,2,36,1.7991895902014221e-06,0,0,3,5,2,1,1,1,1,2,1,2
1,2,37,8.723667122012557e-08,0,0,3,5,2,2,1,2,1,2,1,2
1,2,39,4.207596191463381e-07,0,0,3,5,2,4,1,4,1,2,1,2
1,2,41,0.4890068471431732,0,1,3,6,2,1,1,0,1,0,1,1
1,2,42,0.5038490891456604,0,1,3,6,2,2,1,0,1,0,1,1
1,2,45,0.005671993363648653,0,1,3,6,2,5,1,0,1,0,1,1
1,2,47,6.105150532675907e-06,0,2,3,7,2,0,1,0,1,0,1,4
1,3,4,7.174175698310137e-05,0,0,3,3,3,4,1,1,1,1,1,1
1,3,8,0.00022650934988632798,0,0,3,3,3,2,1,2,1,1,1,1
1,3,9,5.932243948336691e-05,0,0,3,3,3,3,1,2,1,1,1,1
1,3,10,0.0016101965447887778,0,0,3,3,3,4,1,2,1,1,1,1
1,3,12,0.0012387579772621393,0,0,3,3,3,6,1,2,1,1,1,1
1,3,14,0.0007797796279191971,0,0,3,3,3,2,1,3,1,1,1,1
1,3,15,0.00011992627696599811,0,0,3,3,3,3,1,3,1,1,1,1
1,3,16,0.002931523136794567,0,0,3,3,3,4,1,3,1,1,1,1
1,3,17,6.20360515313223e-05,0,0,3,3,3,5,1,3,1,1,1,1
1,3,19,0.00018083553004544228,0,0,3,3,3,1,1,4,1,1,1,1
1,3,20,0.00040855814586393535,0,0,3,3,3,2,1,4,1,1,1,1
1,3,21,2.438643241475802e-05,0,0,3,3,3,3,1,4,1,1,1,1
1,3,22,0.00033912554499693215,0,0,3,3,3,4,1,4,1,1,1,1
1,3,27,3.7472691474249586e-05,0,0,3,3,3,3,1,5,1,1,1,1
1,3,29,4.696718679042533e-05,0,0,3,3,3,5,1,5,1,1,1,1
1,3,30,0.0012490627123042941,0,0,3,3,3,6,1,5,1,1,1,1
1,3,35,0.00016794473049230874,0,0,3,4,3,5,1,5,1,1,1,1
1,3,36,3.219616337446496e-05,0,0,3,5,3,1,1,1,1,2,1,2
1,3,37,3.5686714454641333e-06,0,0,3,5,3,2,1,2,1,2,1,2
1,3,39,1.275542308576405e-05,0,0,3,5,3,4,1,4,1,2,1,2
1,3,41,0.5230261087417603,0,1,3,6,3,1,1,0,1,0,1,1
1,3,42,0.454691082239151,0,1,3,6,3,2,1,0,1,0,1,1
1,3,45,0.01259832177311182,0,1,3,6,3,5,1,0,1,0,1,1
1,3,47,8.17100444692187e-05,0,2,3,7,3,0,1,0,1,0,1,4
1,5,4,7.121812086552382e-05,0,0,3,3,5,4,1,1,1,1,1,1
1,5,8,0.00027168996166437864,0,0,3,3,5,2,1,2,1,1,1,1
1,5,9,4.988148793927394e-05,0,0,3,3,5,3,1,2,1,1,1,1
1,5,10,0.000888028007466346,0,0,3,3,5,4,1,2,1,1,1,1
1,5,12,0.0010188273154199123,0,0,3,3,5,6,1,2,1,1,1,1
1,5,14,0.0003943795745726675,0,0,3,3,5,2,1,3,1,1,1,1
1,5,15,7.310744695132598e-05,0,0,3,3,5,3,1,3,1,1,1,1
1,5,16,0.0006722573889419436,0,0,3,3,5,4,1,3,1,1,1,1
1,5,17,0.00010691781062632799,0,0,3,3,5,5,1,3,1,1,1,1
1,5,19,0.0002406156127108261,0,0,3,3,5,1,1,4,1,1,1,1
1,5,20,0.000362760474672541,0,0,3,3,5,2,1,4,1,1,1,1
1,5,21,3.0245479138102382e-05,0,0,3,3,5,3,1,4,1,1,1,1
1,5,22,0.0002607579226605594,0,0,3,3,5,4,1,4,1,1,1,1
1,5,27,3.0294346288428642e-05,0,0,3,3,5,3,1,5,1,1,1,1
1,5,29,8.858743967721239e-05,0,0,3,3,5,5,1,5,1,1,1,1
1,5,30,0.001378259970806539,0,0,3,3,5,6,1,5,1,1,1,1
1,5,35,0.00040787714533507824,0,0,3,4,5,5,1,5,1,1,1,1
1,5,36,0.00010195467621088028,0,0,3,5,5,1,1,1,1,2,1,2
1,5,37,1.8446004105499014e-05,0,0,3,5,5,2,1,2,1,2,1,2
1,5,39,4.4385753426468e-05,0,0,3,5,5,4,1,4,1,2,1,2
1,5,41,0.41352391242980957,0,1,3,6,5,1,1,0,1,0,1,1
1,5,42,0.5540526509284973,0,1,3,6,5,2,1,0,1,0,1,1
1,5,45,0.02579653449356556,0,1,3,6,5,5,1,0,1,0,1,1
1,5,47,0.0001160850006272085,0,2,3,7,5,0,1,0,1,0,1,4
1,6,4,0.00011339347838656977,0,0,3,3,6,4,1,1,1,1,1,1
1,6,8,0.0002463936398271471,0,0,3,3,6,2,1,2,1,1,1,1
1,6,9,0.00012953639088664204,0,0,3,3,6,3,1,2,1,1,1,1
1,6,10,0.002261551097035408,0,0,3,3,6,4,1,2,1,1,1,1
1,6,12,0.0021583011839538813,0,0,3,3,6,6,1,2,1,1,1,1
1,6,14,0.0017050206661224365,0,0,3,3,6,2,1,3,1,1,1,1
1,6,15,0.0005270872497931123,0,0,3,3,6,3,1,3,1,1,1,1
1,6,16,0.012438233941793442,0,0,3,3,6,4,1,3,1,1,1,1
1,6,17,0.0006661583902314305,0,0,3,3,6,5,1,3,1,1,1,1
1,6,19,0.0007539417129009962,0,0,3,3,6,1,1,4,1,1,1,1
1,6,20,0.000831645040307194,0,0,3,3,6,2,1,4,1,1,1,1
1,6,21,9.889181092148647e-05,0,0,3,3,6,3,1,4,1,1,1,1
1,6,22,0.0016260944539681077,0,0,3,3,6,4,1,4,1,1,1,1
1,6,27,0.00014990853378549218,0,0,3,3,6,3,1,5,1,1,1,1
1,6,29,0.00014834933972451836,0,0,3,3,6,5,1,5,1,1,1,1
1,6,30,0.002155662514269352,0,0,3,3,6,6,1,5,1,1,1,1
1,6,35,0.0007594807539135218,0,0,3,4,6,5,1,5,1,1,1,1
1,6,36,7.231920608319342e-05,0,0,3,5,6,1,1,1,1,2,1,2
1,6,37,6.168255822558422e-06,0,0,3,5,6,2,1,2,1,2,1,2
1,6,39,5.129803321324289e-05,0,0,3,5,6,4,1,4,1,2,1,2
1,6,41,0.690174400806427,0,1,3,6,6,1,1,0,1,0,1,1
1,6,42,0.2460564523935318,0,1,3,6,6,2,1,0,1,0,1,1
1,6,45,0.03656229004263878,0,1,3,6,6,5,1,0,1,0,1,1
1,6,47,0.00030745076946914196,0,2,3,7,6,0,1,0,1,0,1,4
1,7,4,0.00012974257697351277,0,0,3,3,1,4,2,1,1,1,1,1
1,7,8,3.807516259257682e-05,0,0,3,3,1,2,2,2,1,1,1,1
1,7,9,0.0006907818606123328,0,0,3,3,1,3,2,2,1,1,1,1
1,7,10,0.013887085020542145,0,0,3,3,1,4,2,2,1,1,1,1
1,7,12,0.0008436603238806129,0,0,3,3,1,6,2,2,1,1,1,1
1,7,14,0.00544542632997036,0,0,3,3,1,2,2,3,1,1,1,1
1,7,15,0.003352188738062978,0,0,3,3,1,3,2,3,1,1,1,1
1,7,16,0.9141209125518799,0,0,3,3,1,4,2,3,1,1,1,1
1,7,17,0.00769313657656312,0,0,3,3,1,5,2,3,1,1,1,1
1,7,19,0.00045378899085335433,0,0,3,3,1,1,2,4,1,1,1,1
1,7,20,0.00020524577121250331,0,0,3,3,1,2,2,4,1,1,1,1
1,7,21,0.00023780055926181376,0,0,3,3,1,3,2,4,1,1,1,1
1,7,22,0.025724541395902634,0,0,3,3,1,4,2,4,1,1,1,1
1,7,27,0.0004745541082229465,0,0,3,3,1,3,2,5,1,1,1,1
1,7,29,6.404572195606306e-05,0,0,3,3,1,5,2,5,1,1,1,1
1,7,30,0.002235188614577055,0,0,3,3,1,6,2,5,1,1,1,1
1,7,35,3.580423435778357e-05,0,0,3,4,1,5,2,5,1,1,1,1
1,7,36,2.6508163500693627e-05,0,0,3,5,1,1,2,1,1,2,1,2
1,7,37,9.008186907522031e-07,0,0,3,5,1,2,2,2,1,2,1,2
1,7,39,5.509310358320363e-05,0,0,3,5,1,4,2,4,1,2,1,2
1,7,41,0.02035309560596943,0,1,3,6,1,1,2,0,1,0,1,1
1,7,42,0.0005652316613122821,0,1,3,6,1,2,2,0,1,0,1,1
1,7,45,0.002708669751882553,0,1,3,6,1,5,2,0,1,0,1,1
1,7,47,0.0006584846414625645,0,2,3,7,1,0,2,0,1,0,1,4
1,11,4,0.0006499156588688493,0,0,3,3,5,4,2,1,1,1,1,1
1,11,8,0.0012629168340936303,0,0,3,3,5,2,2,2,1,1,1,1
1,11,9,0.00042636695434339345,0,0,3,3,5,3,2,2,1,1,1,1
1,11,10,0.010546552017331123,0,0,3,3,5,4,2,2,1,1,1,1
1,11,12,0.0014892282197251916,0,0,3,3,5,6,2,2,1,1,1,1
1,11,14,0.0012033579405397177,0,0,3,3,5,2,2,3,1,1,1,1
1,11,15,0.0001512146118329838,0,0,3,3,5,3,2,3,1,1,1,1
1,11,16,0.009547322057187557,0,0,3,3,5,4,2,3,1,1,1,1
1,11,17,0.0006305368733592331,0,0,3,3,5,5,2,3,1,1,1,1
1,11,19,0.0005302828503772616,0,0,3,3,5,1,2,4,1,1,1,1
1,11,20,0.001915201311931014,0,0,3,3,5,2,2,4,1,1,1,1
1,11,21,0.00029020162764936686,0,0,3,3,5,3,2,4,1,1,1,1
1,11,22,0.006400385405868292,0,0,3,3,5,4,2,4,1,1,1,1
1,11,27,8.688173693371937e-05,0,0,3,3,5,3,2,5,1,1,1,1
1,11,29,0.0004638157261069864,0,0,3,3,5,5,2,5,1,1,1,1
1,11,30,0.0008860682137310505,0,0,3,3,5,6,2,5,1,1,1,1
1,11,35,0.00042678945465013385,0,0,3,4,5,5,2,5,1,1,1,1
1,11,36,0.0019337439443916082,0,0,3,5,5,1,2,1,1,2,1,2
1,11,37,0.0007621574332006276,0,0,3,5,5,2,2,2,1,2,1,2
1,11,39,0.003921522758901119,0,0,3,5,5,4,2,4,1,2,1,2
1,11,41,0.2969719469547272,0,1,3,6,5,1,2,0,1,0,1,1
1,11,42,0.5935637950897217,0,1,3,6,5,2,2,0,1,0,1,1
1,11,45,0.0638965368270874,0,1,3,6,5,5,2,0,1,0,1,1
1,11,47,0.002043073531240225,0,2,3,7,5,0,2,0,1,0,1,4
1,13,4,9.083811164600775e-05,0,0,3,3,1,4,3,1,1,1,1,1
1,13,8,3.720488166436553e-05,0,0,3,3,1,2,3,2,1,1,1,1
1,13,9,0.000798841705545783,0,0,3,3,1,3,3,2,1,1,1,1
1,13,10,0.004691830836236477,0,0,3,3,1,4,3,2,1,1,1,1
1,13,12,0.0009549487731419504,0,0,3,3,1,6,3,2,1,1,1,1
1,13,14,0.00799805298447609,0,0,3,3,1,2,3,3,1,1,1,1
1,13,15,0.007547532673925161,0,0,3,3,1,3,3,3,1,1,1,1
1,13,16,0.9520299434661865,0,0,3,3,1,4,3,3,1,1,1,1
1,13,17,0.0028246399015188217,0,0,3,3,1,5,3,3,1,1,1,1
1,13,19,0.0002590905351098627,0,0,3,3,1,1,3,4,1,1,1,1
1,13,20,0.00015986985818017274,0,0,3,3,1,2,3,4,1,1,1,1
1,13,21,0.00016887809033505619,0,0,3,3,1,3,3,4,1,1,1,1
1,13,22,0.0062552206218242645,0,0,3,3,1,4,3,4,1,1,1,1
1,13,27,0.0007453043363057077,0,0,3,3,1,3,3,5,1,1,1,1
1,13,29,9.436538675799966e-05,0,0,3,3,1,5,3,5,1,1,1,1
1,13,30,0.0015144990757107735,0,0,3,3,1,6,3,5,1,1,1,1
1,13,35,1.1145190001116134e-05,0,0,3,4,1,5,3,5,1,1,1,1
1,13,36,1.1520820407895371e-05,0,0,3,5,1,1,3,1,1,2,1,2
1,13,37,2.3976903662514815e-07,0,0,3,5,1,2,3,2,1,2,1,2
1,13,39,6.231776296772296e-06,0,0,3,5,1,4,3,4,1,2,1,2
1,13,41,0.012085415422916412,0,1,3,6,1,1,3,0,1,0,1,1
1,13,42,0.0004429037217050791,0,1,3,6,1,2,3,0,1,0,1,1
1,13,45,0.001088014687411487,0,1,3,6,1,5,3,0,1,0,1,1
1,13,47,0.00018283641838934273,0,2,3,7,1,0,3,0,1,0,1,4
1,18,4,0.0007993848994374275,0,0,3,3,6,4,3,1,1,1,1,1
1,18,8,0.0002624011249281466,0,0,3,3,6,2,3,2,1,1,1,1
1,18,9,0.00014843099052086473,0,0,3,3,6,3,3,2,1,1,1,1
1,18,10,0.003950771875679493,0,0,3,3,6,4,3,2,1,1,1,1
1,18,12,0.0025027503725141287,0,0,3,3,6,6,3,2,1,1,1,1
1,18,14,0.008405551314353943,0,0,3,3,6,2,3,3,1,1,1,1
1,18,15,0.0013302830047905445,0,0,3,3,6,3,3,3,1,1,1,1
1,18,16,0.07087317854166031,0,0,3,3,6,4,3,3,1,1,1,1
1,18,17,0.0012279644142836332,0,0,3,3,6,5,3,3,1,1,1,1
1,18,19,0.00228984490968287,0,0,3,3,6,1,3,4,1,1,1,1
1,18,20,0.002034062286838889,0,0,3,3,6,2,3,4,1,1,1,1
1,18,21,0.00018915072723757476,0,0,3,3,6,3,3,4,1,1,1,1
1,18,22,0.003268266562372446,0,0,3,3,6,4,3,4,1,1,1,1
1,18,27,0.0005200200830586255,0,0,3,3,6,3,3,5,1,1,1,1
1,18,29,0.00027881443384103477,0,0,3,3,6,5,3,5,1,1,1,1
1,18,30,0.0045343623496592045,0,0,3,3,6,6,3,5,1,1,1,1
1,18,35,0.0005909347673878074,0,0,3,4,6,5,3,5,1,1,1,1
1,18,36,7.98539404058829e-05,0,0,3,5,6,1,3,1,1,2,1,2
1,18,37,1.5739846048745676e-06,0,0,3,5,6,2,3,2,1,2,1,2
1,18,39,8.469779277220368e-05,0,0,3,5,6,4,3,4,1,2,1,2
1,18,41,0.820013165473938,0,1,3,6,6,1,3,0,1,0,1,1
1,18,42,0.060158222913742065,0,1,3,6,6,2,3,0,1,0,1,1
1,18,45,0.01630302146077156,0,1,3,6,6,5,3,0,1,0,1,1
1,18,47,0.00015313428593799472,0,2,3,7,6,0,3,0,1,0,1,4
1,23,4,2.1957897843094543e-05,0,0,3,3,5,4,4,1,1,1,1,1
1,23,8,0.00010438027675263584,0,0,3,3,5,2,4,2,1,1,1,1
1,23,9,2.7418396712164395e-05,0,0,3,3,5,3,4,2,1,1,1,1
1,23,10,0.0006163700018078089,0,0,3,3,5,4,4,2,1,1,1,1
1,23,12,0.0011793049052357674,0,0,3,3,5,6,4,2,1,1,1,1
1,23,14,0.00018485015607438982,0,0,3,3,5,2,4,3,1,1,1,1
1,23,15,4.2984902393072844e-05,0,0,3,3,5,3,4,3,1,1,1,1
1,23,16,0.0011328542605042458,0,0,3,3,5,4,4,3,1,1,1,1
1,23,17,8.538408292224631e-05,0,0,3,3,5,5,4,3,1,1,1,1
1,23,19,0.000204032490728423,0,0,3,3,5,1,4,4,1,1,1,1
1,23,20,0.00013864622451364994,0,0,3,3,5,2,4,4,1,1,1,1
1,23,21,8.69272571435431e-06,0,0,3,3,5,3,4,4,1,1,1,1
1,23,22,0.0002576249826233834,0,0,3,3,5,4,4,4,1,1,1,1
1,23,27,1.1338848707964644e-05,0,0,3,3,5,3,4,5,1,1,1,1
1,23,29,4.2597810534061864e-05,0,0,3,3,5,5,4,5,1,1,1,1
1,23,30,0.00034937402233481407,0,0,3,3,5,6,4,5,1,1,1,1
1,23,35,0.00012822197459172457,0,0,3,4,5,5,4,5,1,1,1,1
1,23,36,8.024736598599702e-05,0,0,3,5,5,1,4,1,1,2,1,2
1,23,37,5.655696440953761e-06,0,0,3,5,5,2,4,2,1,2,1,2
1,23,39,2.280050284753088e-05,0,0,3,5,5,4,4,4,1,2,1,2
1,23,41,0.6863844990730286,0,1,3,6,5,1,4,0,1,0,1,1
1,23,42,0.23286032676696777,0,1,3,6,5,2,4,0,1,0,1,1
1,23,45,0.07609347254037857,0,1,3,6,5,5,4,0,1,0,1,1
1,23,47,1.714361314952839e-05,0,2,3,7,5,0,4,0,1,0,1,4
1,24,4,8.617164894531015e-06,0,0,3,3,6,4,4,1,1,1,1,1
1,24,8,1.3605619642476086e-05,0,0,3,3,6,2,4,2,1,1,1,1
1,24,9,7.87088447395945e-06,0,0,3,3,6,3,4,2,1,1,1,1
1,24,10,0.00023383862571790814,0,0,3,3,6,4,4,2,1,1,1,1
1,24,12,0.0003936397552024573,0,0,3,3,6,6,4,2,1,1,1,1
1,24,14,7.783477485645562e-05,0,0,3,3,6,2,4,3,1,1,1,1
1,24,15,2.084185507555958e-05,0,0,3,3,6,3,4,3,1,1,1,1
1,24,16,0.0008115138625726104,0,0,3,3,6,4,4,3,1,1,1,1
1,24,17,2.780404975055717e-05,0,0,3,3,6,5,4,3,1,1,1,1
1,24,19,0.0002445467980578542,0,0,3,3,6,1,4,4,1,1,1,1
1,24,20,0.00013427410158328712,0,0,3,3,6,2,4,4,1,1,1,1
1,24,21,3.270089564466616e-06,0,0,3,3,6,3,4,4,1,1,1,1
1,24,22,0.00020171958021819592,0,0,3,3,6,4,4,4,1,1,1,1
1,24,27,5.269841039989842e-06,0,0,3,3,6,3,4,5,1,1,1,1
1,24,29,4.166720373177668e-06,0,0,3,3,6,5,4,5,1,1,1,1
1,24,30,0.00018089276272803545,0,0,3,3,6,6,4,5,1,1,1,1
1,24,35,8.39520653244108e-05,0,0,3,4,6,5,4,5,1,1,1,1
1,24,36,1.6305122699122876e-05,0,0,3,5,6,1,4,1,1,2,1,2
1,24,37,2.041581979028706e-07,0,0,3,5,6,2,4,2,1,2,1,2
1,24,39,6.53619190416066e-06,0,0,3,5,6,4,4,4,1,2,1,2
1,24,41,0.8273468017578125,0,1,3,6,6,1,4,0,1,0,1,1
1,24,42,0.133125901222229,0,1,3,6,6,2,4,0,1,0,1,1
1,24,45,0.03704395517706871,0,1,3,6,6,5,4,0,1,0,1,1
1,24,47,6.9885736593278125e-06,0,2,3,7,6,0,4,0,1,0,1,4
1,25,4,0.00017185535398311913,0,0,3,3,1,4,5,1,1,1,1,1
1,25,8,5.0914324674522504e-05,0,0,3,3,1,2,5,2,1,1,1,1
1,25,9,0.00042190426029264927,0,0,3,3,1,3,5,2,1,1,1,1
1,25,10,0.007975194603204727,0,0,3,3,1,4,5,2,1,1,1,1
1,25,12,0.00175872549880296,0,0,3,3,1,6,5,2,1,1,1,1
1,25,14,0.017595207318663597,0,0,3,3,1,2,5,3,1,1,1,1
1,25,15,0.008093809708952904,0,0,3,3,1,3,5,3,1,1,1,1
1,25,16,0.8043771386146545,0,0,3,3,1,4,5,3,1,1,1,1
1,25,17,0.0023983176797628403,0,0,3,3,1,5,5,3,1,1,1,1
1,25,19,0.0007359384326264262,0,0,3,3,1,1,5,4,1,1,1,1
1,25,20,0.0005555950338020921,0,0,3,3,1,2,5,4,1,1,1,1
1,25,21,0.00022014522983226925,0,0,3,3,1,3,5,4,1,1,1,1
1,25,22,0.0054372986778616905,0,0,3,3,1,4,5,4,1,1,1,1
1,25,27,0.001198065234348178,0,0,3,3,1,3,5,5,1,1,1,1
1,25,29,6.58944554743357e-05,0,0,3,3,1,5,5,5,1,1,1,1
1,25,30,0.0064973668195307255,0,0,3,3,1,6,5,5,1,1,1,1
1,25,35,7.482933142455295e-05,0,0,3,4,1,5,5,5,1,1,1,1
1,25,36,5.687294560630107e-06,0,0,3,5,1,1,5,1,1,2,1,2
1,25,37,6.232954063989382e-08,0,0,3,5,1,2,5,2,1,2,1,2
1,25,39,4.751980668515898e-06,0,0,3,5,1,4,5,4,1,2,1,2
1,25,41,0.1348320096731186,0,1,3,6,1,1,5,0,1,0,1,1
1,25,42,0.005480412393808365,0,1,3,6,1,2,5,0,1,0,1,1
1,25,45,0.0015123158227652311,0,1,3,6,1,5,5,0,1,0,1,1
1,25,47,0.000536951411049813,0,2,3,7,1,0,5,0,1,0,1,4
1,26,4,7.643708522664383e-05,0,0,3,3,2,4,5,1,1,1,1,1
1,26,8,3.332129927002825e-05,0,0,3,3,2,2,5,2,1,1,1,1
1,26,9,9.401926945429295e-06,0,0,3,3,2,3,5,2,1,1,1,1
1,26,10,0.0005661194445565343,0,0,3,3,2,4,5,2,1,1,1,1
1,26,12,0.0002580065920483321,0,0,3,3,2,6,5,2,1,1,1,1
1,26,14,0.001593288267031312,0,0,3,3,2,2,5,3,1,1,1,1
1,26,15,5.793283344246447e-05,0,0,3,3,2,3,5,3,1,1,1,1
1,26,16,0.008196178823709488,0,0,3,3,2,4,5,3,1,1,1,1
1,26,17,3.51296148437541e-05,0,0,3,3,2,5,5,3,1,1,1,1
1,26,19,0.0006609503761865199,0,0,3,3,2,1,5,4,1,1,1,1
1,26,20,0.00044596148654818535,0,0,3,3,2,2,5,4,1,1,1,1
1,26,21,2.8469563403632492e-05,0,0,3,3,2,3,5,4,1,1,1,1
1,26,22,0.0005847986903972924,0,0,3,3,2,4,5,4,1,1,1,1
1,26,27,4.054988676216453e-05,0,0,3,3,2,3,5,5,1,1,1,1
1,26,29,7.778627150401007e-06,0,0,3,3,2,5,5,5,1,1,1,1
1,26,30,0.0004328825743868947,0,0,3,3,2,6,5,5,1,1,1,1
1,26,35,0.00014866337005514652,0,0,3,4,2,5,5,5,1,1,1,1
1,26,36,5.717302883567754e-06,0,0,3,5,2,1,5,1,1,2,1,2
1,26,37,1.297746479167472e-07,0,0,3,5,2,2,5,2,1,2,1,2
1,26,39,2.780400427582208e-05,0,0,3,5,2,4,5,4,1,2,1,2
1,26,41,0.7502149939537048,0,1,3,6,2,1,5,0,1,0,1,1
1,26,42,0.23428574204444885,0,1,3,6,2,2,5,0,1,0,1,1
1,26,45,0.0014366762479767203,0,1,3,6,2,5,5,0,1,0,1,1
1,26,47,0.0008534391527064145,0,2,3,7,2,0,5,0,1,0,1,4
1,28,4,0.0032802775967866182,0,0,3,3,4,4,5,1,1,1,1,1
1,28,8,0.0013522002846002579,0,0,3,3,4,2,5,2,1,1,1,1
1,28,9,0.0020813688170164824,0,0,3,3,4,3,5,2,1,1,1,1
1,28,10,0.028071146458387375,0,0,3,3,4,4,5,2,1,1,1,1
1,28,12,0.013597668148577213,0,0,3,3,4,6,5,2,1,1,1,1
1,28,14,0.01707625202834606,0,0,3,3,4,2,5,3,1,1,1,1
1,28,15,0.008436260744929314,0,0,3,3,4,3,5,3,1,1,1,1
1,28,16,0.05187038332223892,0,0,3,3,4,4,5,3,1,1,1,1
1,28,17,0.00457349605858326,0,0,3,3,4,5,5,3,1,1,1,1
1,28,19,0.010378006845712662,0,0,3,3,4,1,5,4,1,1,1,1
1,28,20,0.007920336909592152,0,0,3,3,4,2,5,4,1,1,1,1
1,28,21,0.0013925856910645962,0,0,3,3,4,3,5,4,1,1,1,1
1,28,22,0.008265483193099499,0,0,3,3,4,4,5,4,1,1,1,1
1,28,27,0.002884619403630495,0,0,3,3,4,3,5,5,1,1,1,1
1,28,29,0.0007117317290976644,0,0,3,3,4,5,5,5,1,1,1,1
1,28,30,0.020341448485851288,0,0,3,3,4,6,5,5,1,1,1,1
1,28,35,0.003533662064000964,0,0,3,4,4,5,5,5,1,1,1,1
1,28,36,0.0006111789843998849,0,0,3,5,4,1,5,1,1,2,1,2
1,28,37,1.979512489924673e-05,0,0,3,5,4,2,5,2,1,2,1,2
1,28,39,0.00023408033302985132,0,0,3,5,4,4,5,4,1,2,1,2
1,28,41,0.6611521244049072,0,1,3,6,4,1,5,0,1,0,1,1
1,28,42,0.10357677191495895,0,1,3,6,4,2,5,0,1,0,1,1
1,28,45,0.047520898282527924,0,1,3,6,4,5,5,0,1,0,1,1
1,28,47,0.0011176761472597718,0,2,3,7,4,0,5,0,1,0,1,4
1,31,4,6.241459050215781e-05,0,0,4,3,1,4,1,1,1,1,1,1
1,31,8,0.0001062061419361271,0,0,4,3,1,2,1,2,1,1,1,1
1,31,9,0.00027000289992429316,0,0,4,3,1,3,1,2,1,1,1,1
1,31,10,0.0030709418933838606,0,0,4,3,1,4,1,2,1,1,1,1
1,31,12,0.0031551928259432316,0,0,4,3,1,6,1,2,1,1,1,1
1,31,14,0.0026622728910297155,0,0,4,3,1,2,1,3,1,1,1,1
1,31,15,0.0018154708668589592,0,0,4,3,1,3,1,3,1,1,1,1
1,31,16,0.09138298779726028,0,0,4,3,1,4,1,3,1,1,1,1
1,31,17,0.0006017942796461284,0,0,4,3,1,5,1,3,1,1,1,1
1,31,19,0.0002653435803949833,0,0,4,3,1,1,1,4,1,1,1,1
1,31,20,0.0007091519073583186,0,0,4,3,1,2,1,4,1,1,1,1
1,31,21,0.000146919148392044,0,0,4,3,1,3,1,4,1,1,1,1
1,31,22,0.004359693732112646,0,0,4,3,1,4,1,4,1,1,1,1
1,31,27,0.0010638664243742824,0,0,4,3,1,3,1,5,1,1,1,1
1,31,29,0.00011516165977809578,0,0,4,3,1,5,1,5,1,1,1,1
1,31,30,0.008468491956591606,0,0,4,3,1,6,1,5,1,1,1,1
1,31,35,0.00031638602376915514,0,0,4,4,1,5,1,5,1,1,1,1
1,31,36,1.2000518836430274e-05,0,0,4,5,1,1,1,1,1,2,1,2
1,31,37,7.89014507063257e-07,0,0,4,5,1,2,1,2,1,2,1,2
1,31,39,1.9228082237532362e-05,0,0,4,5,1,4,1,4,1,2,1,2
1,31,41,0.7311264276504517,0,1,4,6,1,1,1,0,1,0,1,1
1,31,42,0.13694317638874054,0,1,4,6,1,2,1,0,1,0,1,1
1,31,45,0.010418185964226723,0,1,4,6,1,5,1,0,1,0,1,1
1,31,47,0.0029082652181386948,0,2,4,7,1,0,1,0,1,0,1,4
1,32,4,9.834651427809149e-05,0,0,4,3,2,4,2,1,1,1,1,1
1,32,8,1.0910421224252786e-05,0,0,4,3,2,2,2,2,1,1,1,1
1,32,9,7.567023567389697e-05,0,0,4,3,2,3,2,2,1,1,1,1
1,32,10,0.0007448518299497664,0,0,4,3,2,4,2,2,1,1,1,1
1,32,12,5.390346996136941e-05,0,0,4,3,2,6,2,2,1,1,1,1
1,32,14,0.000570194679312408,0,0,4,3,2,2,2,3,1,1,1,1
1,32,15,0.0005333269946277142,0,0,4,3,2,3,2,3,1,1,1,1
1,32,16,0.023534687235951424,0,0,4,3,2,4,2,3,1,1,1,1
1,32,17,0.00018068734789267182,0,0,4,3,2,5,2,3,1,1,1,1
1,32,19,3.321065742056817e-05,0,0,4,3,2,1,2,4,1,1,1,1
1,32,20,0.0002855938801076263,0,0,4,3,2,2,2,4,1,1,1,1
1,32,21,0.0007928655832074583,0,0,4,3,2,3,2,4,1,1,1,1
1,32,22,0.010862015187740326,0,0,4,3,2,4,2,4,1,1,1,1
1,32,27,0.002763165393844247,0,0,4,3,2,3,2,5,1,1,1,1
1,32,29,1.9140956283081323e-05,0,0,4,3,2,5,2,5,1,1,1,1
1,32,30,0.00076079968130216,0,0,4,3,2,6,2,5,1,1,1,1
1,32,35,0.0001832007255870849,0,0,4,4,2,5,2,5,1,1,1,1
1,32,36,7.024572141745011e-07,0,0,4,5,2,1,2,1,1,2,1,2
1,32,37,4.64915075326644e-07,0,0,4,5,2,2,2,2,1,2,1,2
1,32,39,4.390781759866513e-05,0,0,4,5,2,4,2,4,1,2,1,2
1,32,41,0.0024518417194485664,0,1,4,6,2,1,2,0,1,0,1,1
1,32,42,0.000861949345562607,0,1,4,6,2,2,2,0,1,0,1,1
1,32,45,3.53826726495754e-05,0,1,4,6,2,5,2,0,1,0,1,1
1,32,47,0.9551032185554504,0,2,4,7,2,0,2,0,1,0,1,4
1,33,4,0.00019416298891883343,0,0,4,3,3,4,3,1,1,1,1,1
1,33,8,6.178464536787942e-05,0,0,4,3,3,2,3,2,1,1,1,1
1,33,9,0.0011110779596492648,0,0,4,3,3,3,3,2,1,1,1,1
1,33,10,0.01167275756597519,0,0,4,3,3,4,3,2,1,1,1,1
1,33,12,0.0034019476734101772,0,0,4,3,3,6,3,2,1,1,1,1
1,33,14,0.005553767550736666,0,0,4,3,3,2,3,3,1,1,1,1
1,33,15,0.009081738069653511,0,0,4,3,3,3,3,3,1,1,1,1
1,33,16,0.8968901634216309,0,0,4,3,3,4,3,3,1,1,1,1
1,33,17,0.0010724643943831325,0,0,4,3,3,5,3,3,1,1,1,1
1,33,19,0.00010986354755004868,0,0,4,3,3,1,3,4,1,1,1,1
1,33,20,0.0002723213692661375,0,0,4,3,3,2,3,4,1,1,1,1
1,33,21,0.000214446394238621,0,0,4,3,3,3,3,4,1,1,1,1
1,33,22,0.010338124819099903,0,0,4,3,3,4,3,4,1,1,1,1
1,33,27,0.004189988598227501,0,0,4,3,3,3,3,5,1,1,1,1
1,33,29,0.00010145109990844503,0,0,4,3,3,5,3,5,1,1,1,1
1,33,30,0.012022286653518677,0,0,4,3,3,6,3,5,1,1,1,1
1,33,35,2.6163535949308425e-05,0,0,4,4,3,5,3,5,1,1,1,1
1,33,36,4.407484539115103e-06,0,0,4,5,3,1,3,1,1,2,1,2
1,33,37,1.549660453292745e-07,0,0,4,5,3,2,3,2,1,2,1,2
1,33,39,3.053031605304568e-06,0,0,4,5,3,4,3,4,1,2,1,2
1,33,41,0.039615560322999954,0,1,4,6,3,1,3,0,1,0,1,1
1,33,42,0.0009854164673015475,0,1,4,6,3,2,3,0,1,0,1,1
1,33,45,0.0009236505720764399,0,1,4,6,3,5,3,0,1,0,1,1
1,33,47,0.0021535814739763737,0,2,4,7,3,0,3,0,1,0,1,4
1,34,4,0.0001111693200073205,0,0,4,3,4,4,4,1,1,1,1,1
1,34,8,0.00016823812620714307,0,0,4,3,4,2,4,2,1,1,1,1
1,34,9,0.0002200415328843519,0,0,4,3,4,3,4,2,1,1,1,1
1,34,10,0.0026686927303671837,0,0,4,3,4,4,4,2,1,1,1,1
1,34,12,0.003670457052066922,0,0,4,3,4,6,4,2,1,1,1,1
1,34,14,0.0016362802125513554,0,0,4,3,4,2,4,3,1,1,1,1
1,34,15,0.0007232982316054404,0,0,4,3,4,3,4,3,1,1,1,1
1,34,16,0.011372381821274757,0,0,4,3,4,4,4,3,1,1,1,1
1,34,17,0.00029377132887020707,0,0,4,3,4,5,4,3,1,1,1,1
1,34,19,0.001340037677437067,0,0,4,3,4,1,4,4,1,1,1,1
1,34,20,0.0014244936173781753,0,0,4,3,4,2,4,4,1,1,1,1
1,34,21,0.00011170312791364267,0,0,4,3,4,3,4,4,1,1,1,1
1,34,22,0.001857895404100418,0,0,4,3,4,4,4,4,1,1,1,1
1,34,27,0.00027216222952120006,0,0,4,3,4,3,4,5,1,1,1,1
1,34,29,4.90041529701557e-05,0,0,4,3,4,5,4,5,1,1,1,1
1,34,30,0.0029712740797549486,0,0,4,3,4,6,4,5,1,1,1,1
1,34,35,0.0006117976736277342,0,0,4,4,4,5,4,5,1,1,1,1
1,34,36,5.87910290050786e-05,0,0,4,5,4,1,4,1,1,2,1,2
1,34,37,2.0305631096562138e-06,0,0,4,5,4,2,4,2,1,2,1,2
1,34,39,3.792384086409584e-05,0,0,4,5,4,4,4,4,1,2,1,2
1,34,41,0.7354184985160828,0,1,4,6,4,1,4,0,1,0,1,1
1,34,42,0.21656842529773712,0,1,4,6,4,2,4,0,1,0,1,1
1,34,45,0.01795913279056549,0,1,4,6,4,5,4,0,1,0,1,1
1,34,47,0.00045286150998435915,0,2,4,7,4,0,4,0,1,0,1,4
1,38,4,7.761824235785753e-05,0,0,5,3,3,4,3,1,2,1,2,1
1,38,8,8.009461453184485e-05,0,0,5,3,3,2,3,2,2,1,2,1
1,38,9,0.000350825022906065,0,0,5,3,3,3,3,2,2,1,2,1
1,38,10,0.0017001836095005274,0,0,5,3,3,4,3,2,2,1,2,1
1,38,12,0.00015370463370345533,0,0,5,3,3,6,3,2,2,1,2,1
1,38,14,0.00031985866371542215,0,0,5,3,3,2,3,3,2,1,2,1
1,38,15,0.00013684487203136086,0,0,5,3,3,3,3,3,2,1,2,1
1,38,16,0.009419433772563934,0,0,5,3,3,4,3,3,2,1,2,1
1,38,17,1.8519542209105566e-05,0,0,5,3,3,5,3,3,2,1,2,1
1,38,19,3.009535703313304e-06,0,0,5,3,3,1,3,4,2,1,2,1
1,38,20,2.95951704174513e-05,0,0,5,3,3,2,3,4,2,1,2,1
1,38,21,0.0001522193051641807,0,0,5,3,3,3,3,4,2,1,2,1
1,38,22,0.0009805714944377542,0,0,5,3,3,4,3,4,2,1,2,1
1,38,27,0.0006721247336827219,0,0,5,3,3,3,3,5,2,1,2,1
1,38,29,5.5165422963909805e-05,0,0,5,3,3,5,3,5,2,1,2,1
1,38,30,0.0005487174494192004,0,0,5,3,3,6,3,5,2,1,2,1
1,38,35,1.073488783731591e-05,0,0,5,4,3,5,3,5,2,1,2,1
1,38,36,7.365320016106125e-06,0,0,5,5,3,1,3,1,2,2,2,2
1,38,37,2.3169464839156717e-05,0,0,5,5,3,2,3,2,2,2,2,2
1,38,39,5.497660458786413e-05,0,0,5,5,3,4,3,4,2,2,2,2
1,38,41,0.0007293700473383069,0,1,5,6,3,1,3,0,2,0,2,1
1,38,42,0.0015319494996219873,0,1,5,6,3,2,3,0,2,0,2,1
1,38,45,2.754050183284562e-05,0,1,5,6,3,5,3,0,2,0,2,1
1,38,47,0.9829162359237671,0,2,5,7,3,0,3,0,2,0,2,4
1,40,4,7.12206747266464e-05,0,0,5,3,5,4,5,1,2,1,2,1
1,40,8,0.0015655452152714133,0,0,5,3,5,2,5,2,2,1,2,1
1,40,9,0.0030632917769253254,0,0,5,3,5,3,5,2,2,1,2,1
1,40,10,0.005841393955051899,0,0,5,3,5,4,5,2,2,1,2,1
1,40,12,0.0009156898595392704,0,0,5,3,5,6,5,2,2,1,2,1
1,40,14,0.00036099765566177666,0,0,5,3,5,2,5,3,2,1,2,1
1,40,15,0.00015416911628562957,0,0,5,3,5,3,5,3,2,1,2,1
1,40,16,0.006407198030501604,0,0,5,3,5,4,5,3,2,1,2,1
1,40,17,0.00011544867447810248,0,0,5,3,5,5,5,3,2,1,2,1
1,40,19,9.857520126388408e-06,0,0,5,3,5,1,5,4,2,1,2,1
1,40,20,3.984143404522911e-05,0,0,5,3,5,2,5,4,2,1,2,1
1,40,21,0.00029185929452069104,0,0,5,3,5,3,5,4,2,1,2,1
1,40,22,0.0014208951033651829,0,0,5,3,5,4,5,4,2,1,2,1
1,40,27,0.00023461345699615777,0,0,5,3,5,3,5,5,2,1,2,1
1,40,29,0.0007983238901942968,0,0,5,3,5,5,5,5,2,1,2,1
1,40,30,0.00032288930378854275,0,0,5,3,5,6,5,5,2,1,2,1
1,40,35,3.2650907087372616e-05,0,0,5,4,5,5,5,5,2,1,2,1
1,40,36,0.0008716551819816232,0,0,5,5,5,1,5,1,2,2,2,2
1,40,37,0.01777169294655323,0,0,5,5,5,2,5,2,2,2,2,2
1,40,39,0.0018948056967929006,0,0,5,5,5,4,5,4,2,2,2,2
1,40,41,0.0019137394847348332,0,1,5,6,5,1,5,0,2,0,2,1
1,40,42,0.033256806433200836,0,1,5,6,5,2,5,0,2,0,2,1
1,40,45,0.0017226597992703319,0,1,5,6,5,5,5,0,2,0,2,1
1,40,47,0.9209227561950684,0,2,5,7,5,0,5,0,2,0,2,4
1,43,4,0.13634729385375977,1,0,6,3,3,4,0,1,0,1,1,1
1,43,8,0.008416103199124336,1,0,6,3,3,2,0,2,0,1,1,1
1,43,9,0.0020449229050427675,1,0,6,3,3,3,0,2,0,1,1,1
1,43,10,0.004177272319793701,1,0,6,3,3,4,0,2,0,1,1,1
1,43,12,0.002515327651053667,1,0,6,3,3,6,0,2,0,1,1,1
1,43,14,0.013145217671990395,1,0,6,3,3,2,0,3,0,1,1,1
1,43,15,0.021626029163599014,1,0,6,3,3,3,0,3,0,1,1,1
1,43,16,0.0019862514454871416,1,0,6,3,3,4,0,3,0,1,1,1
1,43,17,0.03422580659389496,1,0,6,3,3,5,0,3,0,1,1,1
1,43,19,0.010057720355689526,1,0,6,3,3,1,0,4,0,1,1,1
1,43,20,0.1573040932416916,1,0,6,3,3,2,0,4,0,1,1,1
1,43,21,0.060187291353940964,1,0,6,3,3,3,0,4,0,1,1,1
1,43,22,0.007576165720820427,1,0,6,3,3,4,0,4,0,1,1,1
1,43,27,0.06254112720489502,1,0,6,3,3,3,0,5,0,1,1,1
1,43,29,0.050331585109233856,1,0,6,3,3,5,0,5,0,1,1,1
1,43,30,0.03718039020895958,1,0,6,3,3,6,0,5,0,1,1,1
1,43,35,0.3503999710083008,1,0,6,4,3,5,0,5,0,1,1,1
1,43,36,0.0033422885462641716,1,0,6,5,3,1,0,1,0,2,1,2
1,43,37,0.002445247722789645,1,0,6,5,3,2,0,2,0,2,1,2
1,43,39,0.0073413425125181675,1,0,6,5,3,4,0,4,0,2,1,2
1,43,41,0.00996798649430275,1,1,6,6,3,1,0,0,0,0,1,1
1,43,42,0.0073194378055632114,1,1,6,6,3,2,0,0,0,0,1,1
1,43,45,0.00595796387642622,1,1,6,6,3,5,0,0,0,0,1,1
1,43,47,0.0035631798673421144,1,2,6,7,3,0,0,0,0,0,1,4
1,44,4,0.20596297085285187,1,0,6,3,4,4,0,1,0,1,1,1
1,44,8,0.005780300125479698,1,0,6,3,4,2,0,2,0,1,1,1
1,44,9,0.0052194450981915,1,0,6,3,4,3,0,2,0,1,1,1
1,44,10,0.015096422284841537,1,0,6,3,4,4,0,2,0,1,1,1
1,44,12,0.0021502531599253416,1,0,6,3,4,6,0,2,0,1,1,1
1,44,14,0.05180313438177109,1,0,6,3,4,2,0,3,0,1,1,1
1,44,15,0.07350557297468185,1,0,6,3,4,3,0,3,0,1,1,1
1,44,16,0.011769606731832027,1,0,6,3,4,4,0,3,0,1,1,1
1,44,17,0.11450608819723129,1,0,6,3,4,5,0,3,0,1,1,1
1,44,19,0.010414202697575092,1,0,6,3,4,1,0,4,0,1,1,1
1,44,20,0.15245763957500458,1,0,6,3,4,2,0,4,0,1,1,1
1,44,21,0.06561236828565598,1,0,6,3,4,3,0,4,0,1,1,1
1,44,22,0.012274027802050114,1,0,6,3,4,4,0,4,0,1,1,1
1,44,27,0.0489022471010685,1,0,6,3,4,3,0,5,0,1,1,1
1,44,29,0.048442378640174866,1,0,6,3,4,5,0,5,0,1,1,1
1,44,30,0.05990249291062355,1,0,6,3,4,6,0,5,0,1,1,1
1,44,35,0.08554213494062424,1,0,6,4,4,5,0,5,0,1,1,1
1,44,36,0.004210168961435556,1,0,6,5,4,1,0,1,0,2,1,2
1,44,37,0.0007186729344539344,1,0,6,5,4,2,0,2,0,2,1,2
1,44,39,0.0031636555213481188,1,0,6,5,4,4,0,4,0,2,1,2
1,44,41,0.009332726709544659,1,1,6,6,4,1,0,0,0,0,1,1
1,44,42,0.0037016626447439194,1,1,6,6,4,2,0,0,0,0,1,1
1,44,45,0.009212003089487553,1,1,6,6,4,5,0,0,0,0,1,1
1,44,47,0.00031993756419979036,1,2,6,7,4,0,0,0,0,0,1,4
1,46,4,0.09366924315690994,1,0,6,3,6,4,0,1,0,1,1,1
1,46,8,0.01142268069088459,1,0,6,3,6,2,0,2,0,1,1,1
1,46,9,0.0038578612729907036,1,0,6,3,6,3,0,2,0,1,1,1
1,46,10,0.008808926679193974,1,0,6,3,6,4,0,2,0,1,1,1
1,46,12,0.0025048330426216125,1,0,6,3,6,6,0,2,0,1,1,1
1,46,14,0.012704260647296906,1,0,6,3,6,2,0,3,0,1,1,1
1,46,15,0.01673305779695511,1,0,6,3,6,3,0,3,0,1,1,1
1,46,16,0.004017293453216553,1,0,6,3,6,4,0,3,0,1,1,1
1,46,17,0.058639347553253174,1,0,6,3,6,5,0,3,0,1,1,1
1,46,19,0.007970789447426796,1,0,6,3,6,1,0,4,0,1,1,1
1,46,20,0.15599730610847473,1,0,6,3,6,2,0,4,0,1,1,1
1,46,21,0.07566443830728531,1,0,6,3,6,3,0,4,0,1,1,1
1,46,22,0.020547792315483093,1,0,6,3,6,4,0,4,0,1,1,1
1,46,27,0.03900568187236786,1,0,6,3,6,3,0,5,0,1,1,1
1,46,29,0.07827258855104446,1,0,6,3,6,5,0,5,0,1,1,1
1,46,30,0.01873033121228218,1,0,6,3,6,6,0,5,0,1,1,1
1,46,35,0.24331578612327576,1,0,6,4,6,5,0,5,0,1,1,1
1,46,36,0.012575154192745686,1,0,6,5,6,1,0,1,0,2,1,2
1,46,37,0.015508154407143593,1,0,6,5,6,2,0,2,0,2,1,2
1,46,39,0.04898207634687424,1,0,6,5,6,4,0,4,0,2,1,2
1,46,41,0.016602829098701477,1,1,6,6,6,1,0,0,0,0,1,1
1,46,42,0.02078067883849144,1,1,6,6,6,2,0,0,0,0,1,1
1,46,45,0.02870255894958973,1,1,6,6,6,5,0,0,0,0,1,1
1,46,47,0.004986572545021772,1,2,6,7,6,0,0,0,0,0,1,4
2,0,2,0.0020843753591179848,0,0,1,3,0,2,0,1,2,1,4,1
2,0,3,0.00863264687359333,0,0,1,3,0,3,0,1,2,1,4,1
2,0,4,0.007509301882237196,0,0,1,3,0,4,0,1,2,1,4,1
2,0,10,0.0011315408628433943,0,0,1,3,0,4,0,2,2,1,4,1
2,0,11,0.013690461404621601,0,0,1,3,0,5,0,2,2,1,4,1
2,0,12,0.0029796643648296595,0,0,1,3,0,6,0,2,2,1,4,1
2,0,15,0.0014255126006901264,0,0,1,3,0,3,0,3,2,1,4,1
2,0,16,0.004189048428088427,0,0,1,3,0,4,0,3,2,1,4,1
2,0,18,0.013109324499964714,0,0,1,3,0,6,0,3,2,1,4,1
2,0,20,0.005768753122538328,0,0,1,3,0,2,0,4,2,1,4,1
2,0,24,0.2273375391960144,0,0,1,3,0,6,0,4,2,1,4,1
2,0,25,0.012334347702562809,0,0,1,3,0,1,0,5,2,1,4,1
2,0,26,0.0011897129006683826,0,0,1,3,0,2,0,5,2,1,4,1
2,0,28,0.0019940724596381187,0,0,1,3,0,4,0,5,2,1,4,1
2,0,29,0.5851114988327026,0,0,1,3,0,5,0,5,2,1,4,1
2,0,30,0.056705914437770844,0,0,1,3,0,6,0,5,2,1,4,1
2,0,32,0.0005440577515400946,0,0,1,4,0,2,0,2,2,1,4,1
2,0,37,3.383845978532918e-06,0,0,1,5,0,2,0,2,2,2,4,2
2,0,39,3.306273356429301e-05,0,0,1,5,0,4,0,4,2,2,4,2
2,0,40,4.3030457163695246e-05,0,0,1,5,0,5,0,5,2,2,4,2
2,0,43,0.0007979798829182982,0,1,1,6,0,3,0,0,2,0,4,1
2,0,44,0.0009247291600331664,0,1,1,6,0,4,0,0,2,0,4,1
2,0,46,0.007265578024089336,0,1,1,6,0,6,0,0,2,0,4,1
2,0,47,0.045194145292043686,0,2,1,7,0,0,0,0,2,0,4,4
2,1,2,0.0004056005855090916,0,0,3,3,1,2,1,1,1,1,1,1
2,1,3,0.0004599759995471686,0,0,3,3,1,3,1,1,1,1,1,1
2,1,4,0.0008357416372746229,0,0,3,3,1,4,1,1,1,1,1,1
2,1,10,0.0004796249559149146,0,0,3,3,1,4,1,2,1,1,1,1
2,1,11,0.0012241601943969727,0,0,3,3,1,5,1,2,1,1,1,1
2,1,12,0.0012583894422277808,0,0,3,3,1,6,1,2,1,1,1,1
2,1,15,0.002004896989092231,0,0,3,3,1,3,1,3,1,1,1,1
2,1,16,0.0011070284526795149,0,0,3,3,1,4,1,3,1,1,1,1
2,1,18,0.0019175420748069882,0,0,3,3,1,6,1,3,1,1,1,1
2,1,20,0.010974409990012646,0,0,3,3,1,2,1,4,1,1,1,1
2,1,24,0.035466864705085754,0,0,3,3,1,6,1,4,1,1,1,1
2,1,25,0.0008251678082160652,0,0,3,3,1,1,1,5,1,1,1,1
2,1,26,0.000848431431222707,0,0,3,3,1,2,1,5,1,1,1,1
2,1,28,8.012268517632037e-05,0,0,3,3,1,4,1,5,1,1,1,1
2,1,29,0.0021763271652162075,0,0,3,3,1,5,1,5,1,1,1,1
2,1,30,0.0008108227630145848,0,0,3,3,1,6,1,5,1,1,1,1
2,1,32,9.50181856751442e-05,0,0,3,4,1,2,1,2,1,1,1,1
2,1,37,2.6074424113176065e-06,0,0,3,5,1,2,1,2,1,2,1,2
2,1,39,2.4813765776343644e-05,0,0,3,5,1,4,1,4,1,2,1,2
2,1,40,4.522632934822468e-06,0,0,3,5,1,5,1,5,1,2,1,2
2,1,43,0.013069919310510159,0,1,3,6,1,3,1,0,1,0,1,1
2,1,44,0.00635788356885314,0,1,3,6,1,4,1,0,1,0,1,1
2,1,46,0.08995304256677628,0,1,3,6,1,6,1,0,1,0,1,1
2,1,47,0.829616904258728,0,2,3,7,1,0,1,0,1,0,1,4
2,5,2,0.00018932734383270144,0,0,3,3,5,2,1,1,1,1,1,1
2,5,3,4.250837446306832e-05,0,0,3,3,5,3,1,1,1,1,1,1
2,5,4,9.200788190355524e-05,0,0,3,3,5,4,1,1,1,1,1,1
2,5,10,1.0088126146001741e-05,0,0,3,3,5,4,1,2,1,1,1,1
2,5,11,5.555096504394896e-05,0,0,3,3,5,5,1,2,1,1,1,1
2,5,12,9.171280544251204e-05,0,0,3,3,5,6,1,2,1,1,1,1
2,5,15,0.00021922016458120197,0,0,3,3,5,3,1,3,1,1,1,1
2,5,16,0.00022170496231410652,0,0,3,3,5,4,1,3,1,1,1,1
2,5,18,0.0004736915579997003,0,0,3,3,5,6,1,3,1,1,1,1
2,5,20,0.0030724003445357084,0,0,3,3,5,2,1,4,1,1,1,1
2,5,24,0.008305189199745655,0,0,3,3,5,6,1,4,1,1,1,1
2,5,25,0.00042844220297411084,0,0,3,3,5,1,1,5,1,1,1,1
2,5,26,0.00023386719112750143,0,0,3,3,5,2,1,5,1,1,1,1
2,5,28,1.1186541087226942e-05,0,0,3,3,5,4,1,5,1,1,1,1
2,5,29,0.0006847776239737868,0,0,3,3,5,5,1,5,1,1,1,1
2,5,30,0.000207624863833189,0,0,3,3,5,6,1,5,1,1,1,1
2,5,32,1.1409580110921524e-05,0,0,3,4,5,2,1,2,1,1,1,1
2,5,37,3.2849413855728926e-07,0,0,3,5,5,2,1,2,1,2,1,2
2,5,39,3.689681079777074e-06,0,0,3,5,5,4,1,4,1,2,1,2
2,5,40,2.9651571367139695e-06,0,0,3,5,5,5,1,5,1,2,1,2
2,5,43,0.0004946395056322217,0,1,3,6,5,3,1,0,1,0,1,1
2,5,44,0.0011802356457337737,0,1,3,6,5,4,1,0,1,0,1,1
2,5,46,0.006582119967788458,0,1,3,6,5,6,1,0,1,0,1,1
2,5,47,0.977384626865387,0,2,3,7,5,0,1,0,1,0,1,4
2,6,2,0.0003984667710028589,0,0,3,3,6,2,1,1,1,1,1,1
2,6,3,0.00026996064116247,0,0,3,3,6,3,1,1,1,1,1,1
2,6,4,0.00026548124151304364,0,0,3,3,6,4,1,1,1,1,1,1
2,6,10,0.00017630678485147655,0,0,3,3,6,4,1,2,1,1,1,1
2,6,11,0.0001878332404885441,0,0,3,3,6,5,1,2,1,1,1,1
2,6,12,0.00040027828072197735,0,0,3,3,6,6,1,2,1,1,1,1
2,6,15,0.000581050175242126,0,0,3,3,6,3,1,3,1,1,1,1
2,6,16,0.00039855303475633264,0,0,3,3,6,4,1,3,1,1,1,1
2,6,18,0.0005197461578063667,0,0,3,3,6,6,1,3,1,1,1,1
2,6,20,0.004542537033557892,0,0,3,3,6,2,1,4,1,1,1,1
2,6,24,0.00491721136495471,0,0,3,3,6,6,1,4,1,1,1,1
2,6,25,0.000727211416233331,0,0,3,3,6,1,1,5,1,1,1,1
2,6,26,0.0012696493649855256,0,0,3,3,6,2,1,5,1,1,1,1
2,6,28,8.630043885204941e-05,0,0,3,3,6,4,1,5,1,1,1,1
2,6,29,0.0006467857165262103,0,0,3,3,6,5,1,5,1,1,1,1
2,6,30,0.0003963244962505996,0,0,3,3,6,6,1,5,1,1,1,1
2,6,32,9.747329022502527e-05,0,0,3,4,6,2,1,2,1,1,1,1
2,6,37,2.895799070756766e-06,0,0,3,5,6,2,1,2,1,2,1,2
2,6,39,2.514482184778899e-05,0,0,3,5,6,4,1,4,1,2,1,2
2,6,40,6.563638635270763e-06,0,0,3,5,6,5,1,5,1,2,1,2
2,6,43,0.001048412173986435,0,1,3,6,6,3,1,0,1,0,1,1
2,6,44,0.0018492175731807947,0,1,3,6,6,4,1,0,1,0,1,1
2,6,46,0.009856333956122398,0,1,3,6,6,6,1,0,1,0,1,1
2,6,47,0.9713302850723267,0,2,3,7,6,0,1,0,1,0,1,4
2,7,2,0.0005041267722845078,0,0,3,3,1,2,2,1,1,1,1,1
2,7,3,0.003970628138631582,0,0,3,3,1,3,2,1,1,1,1,1
2,7,4,0.01384532731026411,0,0,3,3,1,4,2,1,1,1,1,1
2,7,10,0.9010787606239319,0,0,3,3,1,4,2,2,1,1,1,1
2,7,11,0.03759753704071045,0,0,3,3,1,5,2,2,1,1,1,1
2,7,12,0.006838584318757057,0,0,3,3,1,6,2,2,1,1,1,1
2,7,15,0.0019742511212825775,0,0,3,3,1,3,2,3,1,1,1,1
2,7,16,0.004056593403220177,0,0,3,3,1,4,2,3,1,1,1,1
2,7,18,0.0015490796649828553,0,0,3,3,1,6,2,3,1,1,1,1
2,7,20,0.00014089856995269656,0,0,3,3,1,2,2,4,1,1,1,1
2,7,24,0.0010392257245257497,0,0,3,3,1,6,2,4,1,1,1,1
2,7,25,0.0005323875229805708,0,0,3,3,1,1,2,5,1,1,1,1
2,7,26,0.0005628954386338592,0,0,3,3,1,2,2,5,1,1,1,1
2,7,28,0.010055754333734512,0,0,3,3,1,4,2,5,1,1,1,1
2,7,29,0.0005075624212622643,0,0,3,3,1,5,2,5,1,1,1,1
2,7,30,0.000326661771396175,0,0,3,3,1,6,2,5,1,1,1,1
2,7,32,0.005715661216527224,0,0,3,4,1,2,2,2,1,1,1,1
2,7,37,0.0008593440870754421,0,0,3,5,1,2,2,2,1,2,1,2
2,7,39,0.000960829493124038,0,0,3,5,1,4,2,4,1,2,1,2
2,7,40,3.931298488168977e-05,0,0,3,5,1,5,2,5,1,2,1,2
2,7,43,0.0008927200688049197,0,1,3,6,1,3,2,0,1,0,1,1
2,7,44,0.0026244274340569973,0,1,3,6,1,4,2,0,1,0,1,1
2,7,46,0.004212638828903437,0,1,3,6,1,6,2,0,1,0,1,1
2,7,47,0.00011375931353541091,0,2,3,7,1,0,2,0,1,0,1,4
2,8,2,7.520343933720142e-05,0,0,3,3,2,2,2,1,1,1,1,1
2,8,3,0.0001482420921092853,0,0,3,3,2,3,2,1,1,1,1,1
2,8,4,3.272345202276483e-05,0,0,3,3,2,4,2,1,1,1,1,1
2,8,10,0.00025470019318163395,0,0,3,3,2,4,2,2,1,1,1,1
2,8,11,0.0013046576641499996,0,0,3,3,2,5,2,2,1,1,1,1
2,8,12,0.00021261123765725642,0,0,3,3,2,6,2,2,1,1,1,1
2,8,15,0.00018661364447325468,0,0,3,3,2,3,2,3,1,1,1,1
2,8,16,3.8279813452390954e-05,0,0,3,3,2,4,2,3,1,1,1,1
2,8,18,2.5587371055735275e-05,0,0,3,3,2,6,2,3,1,1,1,1
2,8,20,0.0013040434569120407,0,0,3,3,2,2,2,4,1,1,1,1
2,8,24,0.00029295191052369773,0,0,3,3,2,6,2,4,1,1,1,1
2,8,25,0.0010732979280874133,0,0,3,3,2,1,2,5,1,1,1,1
2,8,26,0.0007996822241693735,0,0,3,3,2,2,2,5,1,1,1,1
2,8,28,0.00037560908822342753,0,0,3,3,2,4,2,5,1,1,1,1
2,8,29,0.0011143152369186282,0,0,3,3,2,5,2,5,1,1,1,1
2,8,30,0.0005104370065964758,0,0,3,3,2,6,2,5,1,1,1,1
2,8,32,0.0011457992950454354,0,0,3,4,2,2,2,2,1,1,1,1
2,8,37,0.0015852201031520963,0,0,3,5,2,2,2,2,1,2,1,2
2,8,39,3.227916022296995e-05,0,0,3,5,2,4,2,4,1,2,1,2
2,8,40,0.00030140625312924385,0,0,3,5,2,5,2,5,1,2,1,2
2,8,43,9.007842891151085e-05,0,1,3,6,2,3,2,0,1,0,1,1
2,8,44,0.00025754477246664464,0,1,3,6,2,4,2,0,1,0,1,1
2,8,46,0.0002291494602104649,0,1,3,6,2,6,2,0,1,0,1,1
2,8,47,0.988609790802002,0,2,3,7,2,0,2,0,1,0,1,4
2,9,2,0.0003032252425327897,0,0,3,3,3,2,2,1,1,1,1,1
2,9,3,0.0003940098686143756,0,0,3,3,3,3,2,1,1,1,1,1
2,9,4,0.00032060450757853687,0,0,3,3,3,4,2,1,1,1,1,1
2,9,10,0.0045592300593853,0,0,3,3,3,4,2,2,1,1,1,1
2,9,11,0.012828360311686993,0,0,3,3,3,5,2,2,1,1,1,1
2,9,12,0.002861720509827137,0,0,3,3,3,6,2,2,1,1,1,1
2,9,15,0.0024333330802619457,0,0,3,3,3,3,2,3,1,1,1,1
2,9,16,0.0010284580057486892,0,0,3,3,3,4,2,3,1,1,1,1
2,9,18,0.0005627495120279491,0,0,3,3,3,6,2,3,1,1,1,1
2,9,20,0.006882356014102697,0,0,3,3,3,2,2,4,1,1,1,1
2,9,24,0.0037093828432261944,0,0,3,3,3,6,2,4,1,1,1,1
2,9,25,0.002425207756459713,0,0,3,3,3,1,2,5,1,1,1,1
2,9,26,0.0014729215763509274,0,0,3,3,3,2,2,5,1,1,1,1
2,9,28,0.002113145077601075,0,0,3,3,3,4,2,5,1,1,1,1
2,9,29,0.0034675763454288244,0,0,3,3,3,5,2,5,1,1,1,1
2,9,30,0.0011948500759899616,0,0,3,3,3,6,2,5,1,1,1,1
2,9,32,0.004181781783699989,0,0,3,4,3,2,2,2,1,1,1,1
2,9,37,0.02305474877357483,0,0,3,5,3,2,2,2,1,2,1,2
2,9,39,0.002243299735710025,0,0,3,5,3,4,2,4,1,2,1,2
2,9,40,0.003951686900109053,0,0,3,5,3,5,2,5,1,2,1,2
2,9,43,0.00388527219183743,0,1,3,6,3,3,2,0,1,0,1,1
2,9,44,0.006537199951708317,0,1,3,6,3,4,2,0,1,0,1,1
2,9,46,0.004622777923941612,0,1,3,6,3,6,2,0,1,0,1,1
2,9,47,0.9049659967422485,0,2,3,7,3,0,2,0,1,0,1,4
2,13,2,0.030453138053417206,0,0,3,3,1,2,3,1,1,1,1,1
2,13,3,0.01563909836113453,0,0,3,3,1,3,3,1,1,1,1,1
2,13,4,0.015970679000020027,0,0,3,3,1,4,3,1,1,1,1,1
2,13,10,0.001987248193472624,0,0,3,3,1,4,3,2,1,1,1,1
2,13,11,0.0022254313807934523,0,0,3,3,1,5,3,2,1,1,1,1
2,13,12,0.01240354310721159,0,0,3,3,1,6,3,2,1,1,1,1
2,13,15,0.005270075052976608,0,0,3,3,1,3,3,3,1,1,1,1
2,13,16,0.0027678809128701687,0,0,3,3,1,4,3,3,1,1,1,1
2,13,18,0.004299346823245287,0,0,3,3,1,6,3,3,1,1,1,1
2,13,20,0.010001746006309986,0,0,3,3,1,2,3,4,1,1,1,1
2,13,24,0.012714408338069916,0,0,3,3,1,6,3,4,1,1,1,1
2,13,25,0.011801600456237793,0,0,3,3,1,1,3,5,1,1,1,1
2,13,26,0.011175225488841534,0,0,3,3,1,2,3,5,1,1,1,1
2,13,28,0.0027452795766294003,0,0,3,3,1,4,3,5,1,1,1,1
2,13,29,0.008177941665053368,0,0,3,3,1,5,3,5,1,1,1,1
2,13,30,0.009187054820358753,0,0,3,3,1,6,3,5,1,1,1,1
2,13,32,0.0028902851045131683,0,0,3,4,1,2,3,2,1,1,1,1
2,13,37,0.0006529879756271839,0,0,3,5,1,2,3,2,1,2,1,2
2,13,39,0.0005011288449168205,0,0,3,5,1,4,3,4,1,2,1,2
2,13,40,0.00017167754413094372,0,0,3,5,1,5,3,5,1,2,1,2
2,13,43,0.10339080542325974,0,1,3,6,1,3,3,0,1,0,1,1
2,13,44,0.03601627051830292,0,1,3,6,1,4,3,0,1,0,1,1
2,13,46,0.6286365389823914,0,1,3,6,1,6,3,0,1,0,1,1
2,13,47,0.07092074304819107,0,2,3,7,1,0,3,0,1,0,1,4
2,14,2,0.00017833853780757636,0,0,3,3,2,2,3,1,1,1,1,1
2,14,3,1.4575150999007747e-05,0,0,3,3,2,3,3,1,1,1,1,1
2,14,4,5.306509137881221e-06,0,0,3,3,2,4,3,1,1,1,1,1
2,14,10,1.1027900370663701e-08,0,0,3,3,2,4,3,2,1,1,1,1
2,14,11,1.2402418860801845e-06,0,0,3,3,2,5,3,2,1,1,1,1
2,14,12,5.8959826674254145e-06,0,0,3,3,2,6,3,2,1,1,1,1
2,14,15,1.0162317266804166e-05,0,0,3,3,2,3,3,3,1,1,1,1
2,14,16,3.7597096707031596e-06,0,0,3,3,2,4,3,3,1,1,1,1
2,14,18,1.0942627341137268e-05,0,0,3,3,2,6,3,3,1,1,1,1
2,14,20,0.0008196207927539945,0,0,3,3,2,2,3,4,1,1,1,1
2,14,24,0.00024752755416557193,0,0,3,3,2,6,3,4,1,1,1,1
2,14,25,0.0008628962095826864,0,0,3,3,2,1,3,5,1,1,1,1
2,14,26,0.00012156726006651297,0,0,3,3,2,2,3,5,1,1,1,1
2,14,28,2.6740901830635266e-06,0,0,3,3,2,4,3,5,1,1,1,1
2,14,29,0.0006758428644388914,0,0,3,3,2,5,3,5,1,1,1,1
2,14,30,0.0006968748057261109,0,0,3,3,2,6,3,5,1,1,1,1
2,14,32,1.7539020973345032e-06,0,0,3,4,2,2,3,2,1,1,1,1
2,14,37,1.2078278359695105e-06,0,0,3,5,2,2,3,2,1,2,1,2
2,14,39,1.7977964716919814e-07,0,0,3,5,2,4,3,4,1,2,1,2
2,14,40,1.0430726433696691e-05,0,0,3,5,2,5,3,5,1,2,1,2
2,14,43,2.76065638900036e-05,0,1,3,6,2,3,3,0,1,0,1,1
2,14,44,2.5708646717248484e-05,0,1,3,6,2,4,3,0,1,0,1,1
2,14,46,0.00015801441622897983,0,1,3,6,2,6,3,0,1,0,1,1
2,14,47,0.9961174726486206,0,2,3,7,2,0,3,0,1,0,1,4
2,17,2,0.002459512325003743,0,0,3,3,5,2,3,1,1,1,1,1
2,17,3,0.00010984655818901956,0,0,3,3,5,3,3,1,1,1,1,1
2,17,4,0.00020554648654069752,0,0,3,3,5,4,3,1,1,1,1,1
2,17,10,3.075968777466187e-07,0,0,3,3,5,4,3,2,1,1,1,1
2,17,11,3.2524167181691155e-06,0,0,3,3,5,5,3,2,1,1,1,1
2,17,12,5.6134897022275254e-05,0,0,3,3,5,6,3,2,1,1,1,1
2,17,15,4.96561115141958e-05,0,0,3,3,5,3,3,3,1,1,1,1
2,17,16,0.0001645417360123247,0,0,3,3,5,4,3,3,1,1,1,1
2,17,18,0.0002912248019129038,0,0,3,3,5,6,3,3,1,1,1,1
2,17,20,0.0014070386532694101,0,0,3,3,5,2,3,4,1,1,1,1
2,17,24,0.002021212363615632,0,0,3,3,5,6,3,4,1,1,1,1
2,17,25,0.0059293052181601524,0,0,3,3,5,1,3,5,1,1,1,1
2,17,26,0.0004976980271749198,0,0,3,3,5,2,3,5,1,1,1,1
2,17,28,4.4027365220244974e-05,0,0,3,3,5,4,3,5,1,1,1,1
2,17,29,0.0018068930367007852,0,0,3,3,5,5,3,5,1,1,1,1
2,17,30,0.0028494473081082106,0,0,3,3,5,6,3,5,1,1,1,1
2,17,32,8.180499207810499e-06,0,0,3,4,5,2,3,2,1,1,1,1
2,17,37,3.3020542105077766e-06,0,0,3,5,5,2,3,2,1,2,1,2
2,17,39,3.5869154544343473e-06,0,0,3,5,5,4,3,4,1,2,1,2
2,17,40,5.145223258296028e-05,0,0,3,5,5,5,3,5,1,2,1,2
2,17,43,2.7663589207804762e-05,0,1,3,6,5,3,3,0,1,0,1,1
2,17,44,0.00022471982811111957,0,1,3,6,5,4,3,0,1,0,1,1
2,17,46,0.0005802701343782246,0,1,3,6,5,6,3,0,1,0,1,1
2,17,47,0.9812053442001343,0,2,3,7,5,0,3,0,1,0,1,4
2,19,2,0.006691871676594019,0,0,3,3,1,2,4,1,1,1,1,1
2,19,3,0.022560806944966316,0,0,3,3,1,3,4,1,1,1,1,1
2,19,4,0.0855509489774704,0,0,3,3,1,4,4,1,1,1,1,1
2,19,10,0.09876412898302078,0,0,3,3,1,4,4,2,1,1,1,1
2,19,11,0.026209130883216858,0,0,3,3,1,5,4,2,1,1,1,1
2,19,12,0.054737359285354614,0,0,3,3,1,6,4,2,1,1,1,1
2,19,15,0.01388261467218399,0,0,3,3,1,3,4,3,1,1,1,1
2,19,16,0.0726640447974205,0,0,3,3,1,4,4,3,1,1,1,1
2,19,18,0.04025956988334656,0,0,3,3,1,6,4,3,1,1,1,1
2,19,20,0.03158031031489372,0,0,3,3,1,2,4,4,1,1,1,1
2,19,24,0.29137203097343445,0,0,3,3,1,6,4,4,1,1,1,1
2,19,25,0.01379076112061739,0,0,3,3,1,1,4,5,1,1,1,1
2,19,26,0.005552281625568867,0,0,3,3,1,2,4,5,1,1,1,1
2,19,28,0.00962983537465334,0,0,3,3,1,4,4,5,1,1,1,1
2,19,29,0.022790124639868736,0,0,3,3,1,5,4,5,1,1,1,1
2,19,30,0.02477044053375721,0,0,3,3,1,6,4,5,1,1,1,1
2,19,32,0.004798912443220615,0,0,3,4,1,2,4,2,1,1,1,1
2,19,37,0.0003235161420889199,0,0,3,5,1,2,4,2,1,2,1,2
2,19,39,0.0016250483458861709,0,0,3,5,1,4,4,4,1,2,1,2
2,19,40,0.00010866273805731907,0,0,3,5,1,5,4,5,1,2,1,2
2,19,43,0.003979560453444719,0,1,3,6,1,3,4,0,1,0,1,1
2,19,44,0.004867199342697859,0,1,3,6,1,4,4,0,1,0,1,1
2,19,46,0.023115159943699837,0,1,3,6,1,6,4,0,1,0,1,1
2,19,47,0.14037564396858215,0,2,3,7,1,0,4,0,1,0,1,4
2,21,2,5.43683381692972e-06,0,0,3,3,3,2,4,1,1,1,1,1
2,21,3,3.5360967558517586e-06,0,0,3,3,3,3,4,1,1,1,1,1
2,21,4,2.8808619845221983e-06,0,0,3,3,3,4,4,1,1,1,1,1
2,21,10,2.198175479861675e-06,0,0,3,3,3,4,4,2,1,1,1,1
2,21,11,1.855527989391703e-05,0,0,3,3,3,5,4,2,1,1,1,1
2,21,12,5.5176667956402525e-05,0,0,3,3,3,6,4,2,1,1,1,1
2,21,15,1.742321182973683e-05,0,0,3,3,3,3,4,3,1,1,1,1
2,21,16,5.028785017202608e-05,0,0,3,3,3,4,4,3,1,1,1,1
2,21,18,4.986509520676918e-05,0,0,3,3,3,6,4,3,1,1,1,1
2,21,20,0.0010927293915301561,0,0,3,3,3,2,4,4,1,1,1,1
2,21,24,0.0014255517162382603,0,0,3,3,3,6,4,4,1,1,1,1
2,21,25,0.00010386961366748437,0,0,3,3,3,1,4,5,1,1,1,1
2,21,26,2.7175819923286326e-05,0,0,3,3,3,2,4,5,1,1,1,1
2,21,28,9.952997061191127e-06,0,0,3,3,3,4,4,5,1,1,1,1
2,21,29,0.0004942265804857016,0,0,3,3,3,5,4,5,1,1,1,1
2,21,30,0.00013291940558701754,0,0,3,3,3,6,4,5,1,1,1,1
2,21,32,6.453377409343375e-06,0,0,3,4,3,2,4,2,1,1,1,1
2,21,37,1.0168937478738371e-05,0,0,3,5,3,2,4,2,1,2,1,2
2,21,39,1.608484126336407e-05,0,0,3,5,3,4,4,4,1,2,1,2
2,21,40,4.7623601858504117e-05,0,0,3,5,3,5,4,5,1,2,1,2
2,21,43,2.6463419999345206e-05,0,1,3,6,3,3,4,0,1,0,1,1
2,21,44,0.0001114274054998532,0,1,3,6,3,4,4,0,1,0,1,1
2,21,46,6.693785690004006e-05,0,1,3,6,3,6,4,0,1,0,1,1
2,21,47,0.9962224960327148,0,2,3,7,3,0,4,0,1,0,1,4
2,22,2,9.088702057624687e-08,0,0,3,3,4,2,4,1,1,1,1,1
2,22,3,2.128099296783148e-08,0,0,3,3,4,3,4,1,1,1,1,1
2,22,4,5.669994251888966e-09,0,0,3,3,4,4,4,1,1,1,1,1
2,22,10,3.7042532236020165e-11,0,0,3,3,4,4,4,2,1,1,1,1
2,22,11,6.307379063485996e-09,0,0,3,3,4,5,4,2,1,1,1,1
2,22,12,5.989007689777281e-08,0,0,3,3,4,6,4,2,1,1,1,1
2,22,15,3.496929679158711e-08,0,0,3,3,4,3,4,3,1,1,1,1
2,22,16,6.462359181114152e-08,0,0,3,3,4,4,4,3,1,1,1,1
2,22,18,2.009441573136428e-07,0,0,3,3,4,6,4,3,1,1,1,1
2,22,20,3.0686143873026595e-05,0,0,3,3,4,2,4,4,1,1,1,1
2,22,24,3.362716597621329e-05,0,0,3,3,4,6,4,4,1,1,1,1
2,22,25,4.556935891741887e-06,0,0,3,3,4,1,4,5,1,1,1,1
2,22,26,4.0855118754734576e-07,0,0,3,3,4,2,4,5,1,1,1,1
2,22,28,1.0583899090477189e-08,0,0,3,3,4,4,4,5,1,1,1,1
2,22,29,5.377463821787387e-05,0,0,3,3,4,5,4,5,1,1,1,1
2,22,30,8.96086567081511e-06,0,0,3,3,4,6,4,5,1,1,1,1
2,22,32,4.419303145652975e-09,0,0,3,4,4,2,4,2,1,1,1,1
2,22,37,1.219912837413517e-09,0,0,3,5,4,2,4,2,1,2,1,2
2,22,39,2.069754811984126e-09,0,0,3,5,4,4,4,4,1,2,1,2
2,22,40,1.2968250473477383e-07,0,0,3,5,4,5,4,5,1,2,1,2
2,22,43,1.0842806119626403e-07,0,1,3,6,4,3,4,0,1,0,1,1
2,22,44,4.7111976186897664e-07,0,1,3,6,4,4,4,0,1,0,1,1
2,22,46,9.941142025127192e-07,0,1,3,6,4,6,4,0,1,0,1,1
2,22,47,0.9998652935028076,0,2,3,7,4,0,4,0,1,0,1,4
2,23,2,1.0611524885462131e-05,0,0,3,3,5,2,4,1,1,1,1,1
2,23,3,2.8947251848876476e-06,0,0,3,3,5,3,4,1,1,1,1,1
2,23,4,1.8320184835829423e-06,0,0,3,3,5,4,4,1,1,1,1,1
2,23,10,3.4463673159734753e-07,0,0,3,3,5,4,4,2,1,1,1,1
2,23,11,7.215269761218224e-06,0,0,3,3,5,5,4,2,1,1,1,1
2,23,12,2.835899249475915e-05,0,0,3,3,5,6,4,2,1,1,1,1
2,23,15,6.9404218265844975e-06,0,0,3,3,5,3,4,3,1,1,1,1
2,23,16,1.4127719623502344e-05,0,0,3,3,5,4,4,3,1,1,1,1
2,23,18,1.4534759429807309e-05,0,0,3,3,5,6,4,3,1,1,1,1
2,23,20,0.0006024271715432405,0,0,3,3,5,2,4,4,1,1,1,1
2,23,24,0.0004148088628426194,0,0,3,3,5,6,4,4,1,1,1,1
2,23,25,0.00018931020167656243,0,0,3,3,5,1,4,5,1,1,1,1
2,23,26,2.5754236048669554e-05,0,0,3,3,5,2,4,5,1,1,1,1
2,23,28,7.325691967707826e-06,0,0,3,3,5,4,4,5,1,1,1,1
2,23,29,0.00031272604246623814,0,0,3,3,5,5,4,5,1,1,1,1
2,23,30,0.00016280323325190693,0,0,3,3,5,6,4,5,1,1,1,1
2,23,32,4.303655259718653e-06,0,0,3,4,5,2,4,2,1,1,1,1
2,23,37,2.149656393157784e-05,0,0,3,5,5,2,4,2,1,2,1,2
2,23,39,4.489305410970701e-06,0,0,3,5,5,4,4,4,1,2,1,2
2,23,40,5.5090167734306306e-05,0,0,3,5,5,5,4,5,1,2,1,2
2,23,43,1.0985610060743056e-05,0,1,3,6,5,3,4,0,1,0,1,1
2,23,44,4.80326525575947e-05,0,1,3,6,5,4,4,0,1,0,1,1
2,23,46,3.527447552187368e-05,0,1,3,6,5,6,4,0,1,0,1,1
2,23,47,0.998018205165863,0,2,3,7,5,0,4,0,1,0,1,4
2,27,2,0.0021040511783212423,0,0,3,3,3,2,5,1,1,1,1,1
2,27,3,0.0007511695730499923,0,0,3,3,3,3,5,1,1,1,1,1
2,27,4,0.0005286603700369596,0,0,3,3,3,4,5,1,1,1,1,1
2,27,10,0.00020186534675303847,0,0,3,3,3,4,5,2,1,1,1,1
2,27,11,0.0011339898919686675,0,0,3,3,3,5,5,2,1,1,1,1
2,27,12,0.0006595684099011123,0,0,3,3,3,6,5,2,1,1,1,1
2,27,15,0.0012714650947600603,0,0,3,3,3,3,5,3,1,1,1,1
2,27,16,0.0004113509494345635,0,0,3,3,3,4,5,3,1,1,1,1
2,27,18,0.0005995779065415263,0,0,3,3,3,6,5,3,1,1,1,1
2,27,20,0.007816349156200886,0,0,3,3,3,2,5,4,1,1,1,1
2,27,24,0.0074555655010044575,0,0,3,3,3,6,5,4,1,1,1,1
2,27,25,0.005924190394580364,0,0,3,3,3,1,5,5,1,1,1,1
2,27,26,0.00242802151478827,0,0,3,3,3,2,5,5,1,1,1,1
2,27,28,0.00036158994771540165,0,0,3,3,3,4,5,5,1,1,1,1
2,27,29,0.010066120885312557,0,0,3,3,3,5,5,5,1,1,1,1
2,27,30,0.0020370790734887123,0,0,3,3,3,6,5,5,1,1,1,1
2,27,32,0.00046365498565137386,0,0,3,4,3,2,5,2,1,1,1,1
2,27,37,7.006472151260823e-05,0,0,3,5,3,2,5,2,1,2,1,2
2,27,39,3.326750447740778e-05,0,0,3,5,3,4,5,4,1,2,1,2
2,27,40,6.979890167713165e-05,0,0,3,5,3,5,5,5,1,2,1,2
2,27,43,0.009050088934600353,0,1,3,6,3,3,5,0,1,0,1,1
2,27,44,0.008237919770181179,0,1,3,6,3,4,5,0,1,0,1,1
2,27,46,0.05745667219161987,0,1,3,6,3,6,5,0,1,0,1,1
2,27,47,0.8808672428131104,0,2,3,7,3,0,5,0,1,0,1,4
2,31,2,0.000466280645923689,0,0,4,3,1,2,1,1,1,1,1,1
2,31,3,0.001135514467023313,0,0,4,3,1,3,1,1,1,1,1,1
2,31,4,0.0034756746608763933,0,0,4,3,1,4,1,1,1,1,1,1
2,31,10,0.0070564113557338715,0,0,4,3,1,4,1,2,1,1,1,1
2,31,11,0.005166578106582165,0,0,4,3,1,5,1,2,1,1,1,1
2,31,12,0.008023779839277267,0,0,4,3,1,6,1,2,1,1,1,1
2,31,15,0.005503659602254629,0,0,4,3,1,3,1,3,1,1,1,1
2,31,16,0.02807730808854103,0,0,4,3,1,4,1,3,1,1,1,1
2,31,18,0.02837802655994892,0,0,4,3,1,6,1,3,1,1,1,1
2,31,20,0.020234212279319763,0,0,4,3,1,2,1,4,1,1,1,1
2,31,24,0.2882344126701355,0,0,4,3,1,6,1,4,1,1,1,1
2,31,25,0.002330451738089323,0,0,4,3,1,1,1,5,1,1,1,1
2,31,26,0.0012338383821770549,0,0,4,3,1,2,1,5,1,1,1,1
2,31,28,0.0007628398598171771,0,0,4,3,1,4,1,5,1,1,1,1
2,31,29,0.015272335149347782,0,0,4,3,1,5,1,5,1,1,1,1
2,31,30,0.002154032001271844,0,0,4,3,1,6,1,5,1,1,1,1
2,31,32,0.00032160631963051856,0,0,4,4,1,2,1,2,1,1,1,1
2,31,37,5.610242624243256e-06,0,0,4,5,1,2,1,2,1,2,1,2
2,31,39,0.0011703964555636048,0,0,4,5,1,4,1,4,1,2,1,2
2,31,40,6.723228580085561e-05,0,0,4,5,1,5,1,5,1,2,1,2
2,31,43,0.01239792164415121,0,1,4,6,1,3,1,0,1,0,1,1
2,31,44,0.03025912679731846,0,1,4,6,1,4,1,0,1,0,1,1
2,31,46,0.07975476235151291,0,1,4,6,1,6,1,0,1,0,1,1
2,31,47,0.45851802825927734,0,2,4,7,1,0,1,0,1,0,1,4
2,33,2,0.001030942308716476,0,0,4,3,3,2,3,1,1,1,1,1
2,33,3,0.0008117285324260592,0,0,4,3,3,3,3,1,1,1,1,1
2,33,4,0.00022764148889109492,0,0,4,3,3,4,3,1,1,1,1,1
2,33,10,0.000168264567037113,0,0,4,3,3,4,3,2,1,1,1,1
2,33,11,0.0005138965789228678,0,0,4,3,3,5,3,2,1,1,1,1
2,33,12,0.004345495253801346,0,0,4,3,3,6,3,2,1,1,1,1
2,33,15,0.0014751981943845749,0,0,4,3,3,3,3,3,1,1,1,1
2,33,16,0.0005628815852105618,0,0,4,3,3,4,3,3,1,1,1,1
2,33,18,0.000590988143812865,0,0,4,3,3,6,3,3,1,1,1,1
2,33,20,0.016079487279057503,0,0,4,3,3,2,3,4,1,1,1,1
2,33,24,0.003021233482286334,0,0,4,3,3,6,3,4,1,1,1,1
2,33,25,0.002081658923998475,0,0,4,3,3,1,3,5,1,1,1,1
2,33,26,0.004111511632800102,0,0,4,3,3,2,3,5,1,1,1,1
2,33,28,0.0005746558890677989,0,0,4,3,3,4,3,5,1,1,1,1
2,33,29,0.0023237462155520916,0,0,4,3,3,5,3,5,1,1,1,1
2,33,30,0.0016898990143090487,0,0,4,3,3,6,3,5,1,1,1,1
2,33,32,0.0021771772298961878,0,0,4,4,3,2,3,2,1,1,1,1
2,33,37,0.006451190449297428,0,0,4,5,3,2,3,2,1,2,1,2
2,33,39,0.0032894962932914495,0,0,4,5,3,4,3,4,1,2,1,2
2,33,40,0.0034446818754076958,0,0,4,5,3,5,3,5,1,2,1,2
2,33,43,0.04771716147661209,0,1,4,6,3,3,3,0,1,0,1,1
2,33,44,0.01968485675752163,0,1,4,6,3,4,3,0,1,0,1,1
2,33,46,0.050950516015291214,0,1,4,6,3,6,3,0,1,0,1,1
2,33,47,0.8266754746437073,0,2,4,7,3,0,3,0,1,0,1,4
2,34,2,1.1993978660029825e-05,0,0,4,3,4,2,4,1,1,1,1,1
2,34,3,2.7720441266865237e-06,0,0,4,3,4,3,4,1,1,1,1,1
2,34,4,2.7176743060408626e-06,0,0,4,3,4,4,4,1,1,1,1,1
2,34,10,4.351750249043107e-08,0,0,4,3,4,4,4,2,1,1,1,1
2,34,11,3.290655286036781e-07,0,0,4,3,4,5,4,2,1,1,1,1
2,34,12,1.0762221791082993e-05,0,0,4,3,4,6,4,2,1,1,1,1
2,34,15,2.3051466087053996e-06,0,0,4,3,4,3,4,3,1,1,1,1
2,34,16,4.1268838685937226e-05,0,0,4,3,4,4,4,3,1,1,1,1
2,34,18,5.8216621255269274e-05,0,0,4,3,4,6,4,3,1,1,1,1
2,34,20,0.000557845167350024,0,0,4,3,4,2,4,4,1,1,1,1
2,34,24,0.0024241802748292685,0,0,4,3,4,6,4,4,1,1,1,1
2,34,25,0.00022143394744489342,0,0,4,3,4,1,4,5,1,1,1,1
2,34,26,1.7001635569613427e-05,0,0,4,3,4,2,4,5,1,1,1,1
2,34,28,2.9621942303492688e-06,0,0,4,3,4,4,4,5,1,1,1,1
2,34,29,0.0011587017215788364,0,0,4,3,4,5,4,5,1,1,1,1
2,34,30,0.0003522262559272349,0,0,4,3,4,6,4,5,1,1,1,1
2,34,32,2.1448481390962115e-07,0,0,4,4,4,2,4,2,1,1,1,1
2,34,37,2.8381311523162367e-08,0,0,4,5,4,2,4,2,1,2,1,2
2,34,39,1.0618000487738755e-06,0,0,4,5,4,4,4,4,1,2,1,2
2,34,40,2.766490752037498e-06,0,0,4,5,4,5,4,5,1,2,1,2
2,34,43,1.8246911395181087e-06,0,1,4,6,4,3,4,0,1,0,1,1
2,34,44,1.9265758965048008e-05,0,1,4,6,4,4,4,0,1,0,1,1
2,34,46,2.4265327738248743e-05,0,1,4,6,4,6,4,0,1,0,1,1
2,34,47,0.9950861930847168,0,2,4,7,4,0,4,0,1,0,1,4
2,35,2,0.00033240029006265104,0,0,4,3,5,2,5,1,1,1,1,1
2,35,3,9.513220720691606e-05,0,0,4,3,5,3,5,1,1,1,1,1
2,35,4,0.00010188170563196763,0,0,4,3,5,4,5,1,1,1,1,1
2,35,10,1.3268405382405035e-05,0,0,4,3,5,4,5,2,1,1,1,1
2,35,11,0.00021130547975189984,0,0,4,3,5,5,5,2,1,1,1,1
2,35,12,0.00011171582445967942,0,0,4,3,5,6,5,2,1,1,1,1
2,35,15,0.00031104811932891607,0,0,4,3,5,3,5,3,1,1,1,1
2,35,16,0.00023031873570289463,0,0,4,3,5,4,5,3,1,1,1,1
2,35,18,0.0002612596144899726,0,0,4,3,5,6,5,3,1,1,1,1
2,35,20,0.0015488853678107262,0,0,4,3,5,2,5,4,1,1,1,1
2,35,24,0.002137369243428111,0,0,4,3,5,6,5,4,1,1,1,1
2,35,25,0.004958429839462042,0,0,4,3,5,1,5,5,1,1,1,1
2,35,26,0.0004169004678260535,0,0,4,3,5,2,5,5,1,1,1,1
2,35,28,0.000123307851026766,0,0,4,3,5,4,5,5,1,1,1,1
2,35,29,0.0073842378333210945,0,0,4,3,5,5,5,5,1,1,1,1
2,35,30,0.0009225084795616567,0,0,4,3,5,6,5,5,1,1,1,1
2,35,32,4.505061951931566e-05,0,0,4,4,5,2,5,2,1,1,1,1
2,35,37,2.0636081899283454e-05,0,0,4,5,5,2,5,2,1,2,1,2
2,35,39,1.6838697774801403e-05,0,0,4,5,5,4,5,4,1,2,1,2
2,35,40,0.00023201367002911866,0,0,4,5,5,5,5,5,1,2,1,2
2,35,43,0.0029487174469977617,0,1,4,6,5,3,5,0,1,0,1,1
2,35,44,0.009406741708517075,0,1,4,6,5,4,5,0,1,0,1,1
2,35,46,0.017789924517273903,0,1,4,6,5,6,5,0,1,0,1,1
2,35,47,0.9503808617591858,0,2,4,7,5,0,5,0,1,0,1,4
2,36,2,8.297852218674961e-06,0,0,5,3,1,2,1,1,2,1,2,1
2,36,3,0.001766624627634883,0,0,5,3,1,3,1,1,2,1,2,1
2,36,4,0.0004570638411678374,0,0,5,3,1,4,1,1,2,1,2,1
2,36,10,0.37726762890815735,0,0,5,3,1,4,1,2,2,1,2,1
2,36,11,0.478333055973053,0,0,5,3,1,5,1,2,2,1,2,1
2,36,12,0.041933730244636536,0,0,5,3,1,6,1,2,2,1,2,1
2,36,15,0.0022778098937124014,0,0,5,3,1,3,1,3,2,1,2,1
2,36,16,0.000610644172411412,0,0,5,3,1,4,1,3,2,1,2,1
2,36,18,0.00029218278359621763,0,0,5,3,1,6,1,3,2,1,2,1
2,36,20,0.0006862113950774074,0,0,5,3,1,2,1,4,2,1,2,1
2,36,24,0.0011376508045941591,0,0,5,3,1,6,1,4,2,1,2,1
2,36,25,9.014821262098849e-05,0,0,5,3,1,1,1,5,2,1,2,1
2,36,26,0.0002643643820192665,0,0,5,3,1,2,1,5,2,1,2,1
2,36,28,0.0028900548350065947,0,0,5,3,1,4,1,5,2,1,2,1
2,36,29,0.00044550737948156893,0,0,5,3,1,5,1,5,2,1,2,1
2,36,30,0.00033310314756818116,0,0,5,3,1,6,1,5,2,1,2,1
2,36,32,0.015171288512647152,0,0,5,4,1,2,1,2,2,1,2,1
2,36,37,0.03507854789495468,0,0,5,5,1,2,1,2,2,2,2,2
2,36,39,0.007630892097949982,0,0,5,5,1,4,1,4,2,2,2,2
2,36,40,0.0008107841713353992,0,0,5,5,1,5,1,5,2,2,2,2
2,36,43,0.02239374816417694,0,1,5,6,1,3,1,0,2,0,2,1
2,36,44,0.0029724277555942535,0,1,5,6,1,4,1,0,2,0,2,1
2,36,46,0.005623553413897753,0,1,5,6,1,6,1,0,2,0,2,1
2,36,47,0.0015250444412231445,0,2,5,7,1,0,1,0,2,0,2,4
2,38,2,8.356721082236618e-06,0,0,5,3,3,2,3,1,2,1,2,1
2,38,3,0.0003005566541105509,0,0,5,3,3,3,3,1,2,1,2,1
2,38,4,2.2774349417886697e-05,0,0,5,3,3,4,3,1,2,1,2,1
2,38,10,0.001689505879767239,0,0,5,3,3,4,3,2,2,1,2,1
2,38,11,0.014272705651819706,0,0,5,3,3,5,3,2,2,1,2,1
2,38,12,0.008983549661934376,0,0,5,3,3,6,3,2,2,1,2,1
2,38,15,0.00029194384114816785,0,0,5,3,3,3,3,3,2,1,2,1
2,38,16,3.0427581805270165e-05,0,0,5,3,3,4,3,3,2,1,2,1
2,38,18,1.873648761829827e-05,0,0,5,3,3,6,3,3,2,1,2,1
2,38,20,0.0004422073543537408,0,0,5,3,3,2,3,4,2,1,2,1
2,38,24,8.888798765838146e-05,0,0,5,3,3,6,3,4,2,1,2,1
2,38,25,4.311344673624262e-05,0,0,5,3,3,1,3,5,2,1,2,1
2,38,26,0.0001490720605943352,0,0,5,3,3,2,3,5,2,1,2,1
2,38,28,0.0005139718414284289,0,0,5,3,3,4,3,5,2,1,2,1
2,38,29,0.0001283151505049318,0,0,5,3,3,5,3,5,2,1,2,1
2,38,30,0.00017283113265875727,0,0,5,3,3,6,3,5,2,1,2,1
2,38,32,0.011743750423192978,0,0,5,4,3,2,3,2,2,1,2,1
2,38,37,0.9212891459465027,0,0,5,5,3,2,3,2,2,2,2,2
2,38,39,0.013675160706043243,0,0,5,5,3,4,3,4,2,2,2,2
2,38,40,0.010295593179762363,0,0,5,5,3,5,3,5,2,2,2,2
2,38,43,0.01318977028131485,0,1,5,6,3,3,3,0,2,0,2,1
2,38,44,0.0005531550268642604,0,1,5,6,3,4,3,0,2,0,2,1
2,38,46,0.0011607788037508726,0,1,5,6,3,6,3,0,2,0,2,1
2,38,47,0.0009358572424389422,0,2,5,7,3,0,3,0,2,0,2,4
2,41,2,0.0009499979205429554,1,0,6,3,1,2,0,1,0,1,1,1
2,41,3,0.007634511683136225,1,0,6,3,1,3,0,1,0,1,1,1
2,41,4,0.002355315024033189,1,0,6,3,1,4,0,1,0,1,1,1
2,41,10,0.001009749248623848,1,0,6,3,1,4,0,2,0,1,1,1
2,41,11,0.005653106141835451,1,0,6,3,1,5,0,2,0,1,1,1
2,41,12,0.0011429194128140807,1,0,6,3,1,6,0,2,0,1,1,1
2,41,15,0.0024067300837486982,1,0,6,3,1,3,0,3,0,1,1,1
2,41,16,0.00030791337485425174,1,0,6,3,1,4,0,3,0,1,1,1
2,41,18,0.0003016739501617849,1,0,6,3,1,6,0,3,0,1,1,1
2,41,20,0.000556767510715872,1,0,6,3,1,2,0,4,0,1,1,1
2,41,24,0.0012808036990463734,1,0,6,3,1,6,0,4,0,1,1,1
2,41,25,0.011139757931232452,1,0,6,3,1,1,0,5,0,1,1,1
2,41,26,0.000939594698138535,1,0,6,3,1,2,0,5,0,1,1,1
2,41,28,0.0019228875171393156,1,0,6,3,1,4,0,5,0,1,1,1
2,41,29,0.036528002470731735,1,0,6,3,1,5,0,5,0,1,1,1
2,41,30,0.007176900282502174,1,0,6,3,1,6,0,5,0,1,1,1
2,41,32,0.0009133277926594019,1,0,6,4,1,2,0,2,0,1,1,1
2,41,37,0.001174244680441916,1,0,6,5,1,2,0,2,0,2,1,2
2,41,39,8.239461021730676e-05,1,0,6,5,1,4,0,4,0,2,1,2
2,41,40,0.0008582576992921531,1,0,6,5,1,5,0,5,0,2,1,2
2,41,43,0.33251267671585083,1,1,6,6,1,3,0,0,0,0,1,1
2,41,44,0.039253365248441696,1,1,6,6,1,4,0,0,0,0,1,1
2,41,46,0.5239391922950745,1,1,6,6,1,6,0,0,0,0,1,1
2,41,47,0.019960366189479828,1,2,6,7,1,0,0,0,0,0,1,4
2,42,2,0.011889202520251274,1,0,6,3,2,2,0,1,0,1,1,1
2,42,3,0.004717054311186075,1,0,6,3,2,3,0,1,0,1,1,1
2,42,4,0.001268039341084659,1,0,6,3,2,4,0,1,0,1,1,1
2,42,10,3.2661890145391226e-05,1,0,6,3,2,4,0,2,0,1,1,1
2,42,11,0.0014958273386582732,1,0,6,3,2,5,0,2,0,1,1,1
2,42,12,0.0004090920265298337,1,0,6,3,2,6,0,2,0,1,1,1
2,42,15,0.0014782146317884326,1,0,6,3,2,3,0,3,0,1,1,1
2,42,16,0.00035973891499452293,1,0,6,3,2,4,0,3,0,1,1,1
2,42,18,0.0007683582371100783,1,0,6,3,2,6,0,3,0,1,1,1
2,42,20,0.006736064329743385,1,0,6,3,2,2,0,4,0,1,1,1
2,42,24,0.004398167133331299,1,0,6,3,2,6,0,4,0,1,1,1
2,42,25,0.09941121935844421,1,0,6,3,2,1,0,5,0,1,1,1
2,42,26,0.006389077287167311,1,0,6,3,2,2,0,5,0,1,1,1
2,42,28,0.0025643918197602034,1,0,6,3,2,4,0,5,0,1,1,1
2,42,29,0.23015069961547852,1,0,6,3,2,5,0,5,0,1,1,1
2,42,30,0.0749707892537117,1,0,6,3,2,6,0,5,0,1,1,1
2,42,32,0.0007105204276740551,1,0,6,4,2,2,0,2,0,1,1,1
2,42,37,0.0010232338681817055,1,0,6,5,2,2,0,2,0,2,1,2
2,42,39,3.0484488888760097e-05,1,0,6,5,2,4,0,4,0,2,1,2
2,42,40,0.004641091916710138,1,0,6,5,2,5,0,5,0,2,1,2
2,42,43,0.005207391455769539,1,1,6,6,2,3,0,0,0,0,1,1
2,42,44,0.0039229323156178,1,1,6,6,2,4,0,0,0,0,1,1
2,42,46,0.011101976968348026,1,1,6,6,2,6,0,0,0,0,1,1
2,42,47,0.5263238549232483,1,2,6,7,2,0,0,0,0,0,1,4
2,45,2,0.002959182020276785,1,0,6,3,5,2,0,1,0,1,1,1
2,45,3,0.004274151287972927,1,0,6,3,5,3,0,1,0,1,1,1
2,45,4,0.0017859983490779996,1,0,6,3,5,4,0,1,0,1,1,1
2,45,10,0.00019010499818250537,1,0,6,3,5,4,0,2,0,1,1,1
2,45,11,0.002529790624976158,1,0,6,3,5,5,0,2,0,1,1,1
2,45,12,0.0003223799867555499,1,0,6,3,5,6,0,2,0,1,1,1
2,45,15,0.0021532641258090734,1,0,6,3,5,3,0,3,0,1,1,1
2,45,16,0.000673953618388623,1,0,6,3,5,4,0,3,0,1,1,1
2,45,18,0.0006056007696315646,1,0,6,3,5,6,0,3,0,1,1,1
2,45,20,0.0015176250599324703,1,0,6,3,5,2,0,4,0,1,1,1
2,45,24,0.002561944769695401,1,0,6,3,5,6,0,4,0,1,1,1
2,45,25,0.1051311269402504,1,0,6,3,5,1,0,5,0,1,1,1
2,45,26,0.0022456753067672253,1,0,6,3,5,2,0,5,0,1,1,1
2,45,28,0.0036821519024670124,1,0,6,3,5,4,0,5,0,1,1,1
2,45,29,0.15137594938278198,1,0,6,3,5,5,0,5,0,1,1,1
2,45,30,0.029145754873752594,1,0,6,3,5,6,0,5,0,1,1,1
2,45,32,0.0005106273456476629,1,0,6,4,5,2,0,2,0,1,1,1
2,45,37,0.0010752343805506825,1,0,6,5,5,2,0,2,0,2,1,2
2,45,39,5.892101034987718e-05,1,0,6,5,5,4,0,4,0,2,1,2
2,45,40,0.007582404650747776,1,0,6,5,5,5,0,5,0,2,1,2
2,45,43,0.015200387686491013,1,1,6,6,5,3,0,0,0,0,1,1
2,45,44,0.020089318975806236,1,1,6,6,5,4,0,0,0,0,1,1
2,45,46,0.039977557957172394,1,1,6,6,5,6,0,0,0,0,1,1
2,45,47,0.6043503880500793,1,2,6,7,5,0,0,0,0,0,1,4
3,2,0,0.00948359351605177,0,0,3,1,2,0,1,0,1,2,1,4
3,2,1,0.010743774473667145,0,0,3,3,2,1,1,1,1,1,1,1
3,2,5,0.022884225472807884,0,0,3,3,2,5,1,1,1,1,1,1
3,2,6,0.02353196032345295,0,0,3,3,2,6,1,1,1,1,1,1
3,2,7,0.2954768240451813,0,0,3,3,2,1,1,2,1,1,1,1
3,2,8,0.035849787294864655,0,0,3,3,2,2,1,2,1,1,1,1
3,2,9,0.03059190884232521,0,0,3,3,2,3,1,2,1,1,1,1
3,2,13,0.02602899819612503,0,0,3,3,2,1,1,3,1,1,1,1
3,2,14,0.02586648426949978,0,0,3,3,2,2,1,3,1,1,1,1
3,2,17,0.018948523327708244,0,0,3,3,2,5,1,3,1,1,1,1
3,2,19,0.03741893172264099,0,0,3,3,2,1,1,4,1,1,1,1
3,2,21,0.0017257601721212268,0,0,3,3,2,3,1,4,1,1,1,1
3,2,22,0.002093495102599263,0,0,3,3,2,4,1,4,1,1,1,1
3,2,23,0.0007864778162911534,0,0,3,3,2,5,1,4,1,1,1,1
3,2,27,0.0036126875784248114,0,0,3,3,2,3,1,5,1,1,1,1
3,2,31,0.05801822617650032,0,0,3,4,2,1,1,1,1,1,1,1
3,2,33,0.014844228513538837,0,0,3,4,2,3,1,3,1,1,1,1
3,2,34,0.0012103120097890496,0,0,3,4,2,4,1,4,1,1,1,1
3,2,35,0.008243379183113575,0,0,3,4,2,5,1,5,1,1,1,1
3,2,36,0.13883395493030548,0,0,3,5,2,1,1,1,1,2,1,2
3,2,38,0.22489529848098755,0,0,3,5,2,3,1,3,1,2,1,2
3,2,41,0.0037288819439709187,0,1,3,6,2,1,1,0,1,0,1,1
3,2,42,0.001966823823750019,0,1,3,6,2,2,1,0,1,0,1,1
3,2,45,0.0032155048102140427,0,1,3,6,2,5,1,0,1,0,1,1
3,3,0,0.05060720816254616,0,0,3,1,3,0,1,0,1,2,1,4
3,3,1,0.01980780065059662,0,0,3,3,3,1,1,1,1,1,1,1
3,3,5,0.013804999180138111,0,0,3,3,3,5,1,1,1,1,1,1
3,3,6,0.03309323638677597,0,0,3,3,3,6,1,1,1,1,1,1
3,3,7,0.20195867121219635,0,0,3,3,3,1,1,2,1,1,1,1
3,3,8,0.02078520879149437,0,0,3,3,3,2,1,2,1,1,1,1
3,3,9,0.053861621767282486,0,0,3,3,3,3,1,2,1,1,1,1
3,3,13,0.06495001912117004,0,0,3,3,3,1,1,3,1,1,1,1
3,3,14,0.0242936909198761,0,0,3,3,3,2,1,3,1,1,1,1
3,3,17,0.006735808216035366,0,0,3,3,3,5,1,3,1,1,1,1
3,3,19,0.1072704866528511,0,0,3,3,3,1,1,4,1,1,1,1
3,3,21,0.012326064519584179,0,0,3,3,3,3,1,4,1,1,1,1
3,3,22,0.01572396047413349,0,0,3,3,3,4,1,4,1,1,1,1
3,3,23,0.011207797564566135,0,0,3,3,3,5,1,4,1,1,1,1
3,3,27,0.017109911888837814,0,0,3,3,3,3,1,5,1,1,1,1
3,3,31,0.10638124495744705,0,0,3,4,3,1,1,1,1,1,1,1
3,3,33,0.023197853937745094,0,0,3,4,3,3,1,3,1,1,1,1
3,3,34,0.04659952595829964,0,0,3,4,3,4,1,4,1,1,1,1
3,3,35,0.01127705629914999,0,0,3,4,3,5,1,5,1,1,1,1
3,3,36,0.058460019528865814,0,0,3,5,3,1,1,1,1,2,1,2
3,3,38,0.01661582477390766,0,0,3,5,3,3,1,3,1,2,1,2
3,3,41,0.046522460877895355,0,1,3,6,3,1,1,0,1,0,1,1
3,3,42,0.02166767604649067,0,1,3,6,3,2,1,0,1,0,1,1
3,3,45,0.015741810202598572,0,1,3,6,3,5,1,0,1,0,1,1
3,4,0,0.09706278145313263,0,0,3,1,4,0,1,0,1,2,1,4
3,4,1,0.0013800137676298618,0,0,3,3,4,1,1,1,1,1,1,1
3,4,5,0.001352620543912053,0,0,3,3,4,5,1,1,1,1,1,1
3,4,6,0.0029158219695091248,0,0,3,3,4,6,1,1,1,1,1,1
3,4,7,0.01674826629459858,0,0,3,3,4,1,1,2,1,1,1,1
3,4,8,0.0023312047123908997,0,0,3,3,4,2,1,2,1,1,1,1
3,4,9,0.002614030847325921,0,0,3,3,4,3,1,2,1,1,1,1
3,4,13,0.002328548114746809,0,0,3,3,4,1,1,3,1,1,1,1
3,4,14,0.006251109763979912,0,0,3,3,4,2,1,3,1,1,1,1
3,4,17,0.0017362887738272548,0,0,3,3,4,5,1,3,1,1,1,1
3,4,19,0.004197029862552881,0,0,3,3,4,1,1,4,1,1,1,1
3,4,21,0.0018713611643761396,0,0,3,3,4,3,1,4,1,1,1,1
3,4,22,0.0013186023570597172,0,0,3,3,4,4,1,4,1,1,1,1
3,4,23,0.00015383826394099742,0,0,3,3,4,5,1,4,1,1,1,1
3,4,27,0.0030308268032968044,0,0,3,3,4,3,1,5,1,1,1,1
3,4,31,0.016940543428063393,0,0,3,4,4,1,1,1,1,1,1,1
3,4,33,0.03244246542453766,0,0,3,4,4,3,1,3,1,1,1,1
3,4,34,0.0007042582146823406,0,0,3,4,4,4,1,4,1,1,1,1
3,4,35,0.0037784131709486246,0,0,3,4,4,5,1,5,1,1,1,1
3,4,36,0.09014912694692612,0,0,3,5,4,1,1,1,1,2,1,2
3,4,38,0.7074914574623108,0,0,3,5,4,3,1,3,1,2,1,2
3,4,41,0.0017786109820008278,0,1,3,6,4,1,1,0,1,0,1,1
3,4,42,0.0007282512960955501,0,1,3,6,4,2,1,0,1,0,1,1
3,4,45,0.00069455336779356,0,1,3,6,4,5,1,0,1,0,1,1
3,10,0,0.006422674749046564,0,0,3,1,4,0,2,0,1,2,1,4
3,10,1,0.00015122351760510355,0,0,3,3,4,1,2,1,1,1,1,1
3,10,5,0.0008517246460542083,0,0,3,3,4,5,2,1,1,1,1,1
3,10,6,0.0012422349536791444,0,0,3,3,4,6,2,1,1,1,1,1
3,10,7,0.00011531498603289947,0,0,3,3,4,1,2,2,1,1,1,1
3,10,8,0.0003148416872136295,0,0,3,3,4,2,2,2,1,1,1,1
3,10,9,0.00018473701493348926,0,0,3,3,4,3,2,2,1,1,1,1
3,10,13,0.00010314347309758887,0,0,3,3,4,1,2,3,1,1,1,1
3,10,14,0.0002966951869893819,0,0,3,3,4,2,2,3,1,1,1,1
3,10,17,0.0012118062004446983,0,0,3,3,4,5,2,3,1,1,1,1
3,10,19,0.00010865703370654956,0,0,3,3,4,1,2,4,1,1,1,1
3,10,21,0.0011237513972446322,0,0,3,3,4,3,2,4,1,1,1,1
3,10,22,0.00011889119923580438,0,0,3,3,4,4,2,4,1,1,1,1
3,10,23,0.00044680232531391084,0,0,3,3,4,5,2,4,1,1,1,1
3,10,27,0.00039733145968057215,0,0,3,3,4,3,2,5,1,1,1,1
3,10,31,0.0012843057047575712,0,0,3,4,4,1,2,1,1,1,1,1
3,10,33,0.011719698086380959,0,0,3,4,4,3,2,3,1,1,1,1
3,10,34,0.0007010898552834988,0,0,3,4,4,4,2,4,1,1,1,1
3,10,35,0.002550909062847495,0,0,3,4,4,5,2,5,1,1,1,1
3,10,36,0.0031972716096788645,0,0,3,5,4,1,2,1,1,2,1,2
3,10,38,0.018599774688482285,0,0,3,5,4,3,2,3,1,2,1,2
3,10,41,0.013717865571379662,0,1,3,6,4,1,2,0,1,0,1,1
3,10,42,0.8256677985191345,0,1,3,6,4,2,2,0,1,0,1,1
3,10,45,0.10947121679782867,0,1,3,6,4,5,2,0,1,0,1,1
3,11,0,0.9865882396697998,0,0,3,1,5,0,2,0,1,2,1,4
3,11,1,5.24805327586364e-05,0,0,3,3,5,1,2,1,1,1,1,1
3,11,5,1.3816237697028555e-05,0,0,3,3,5,5,2,1,1,1,1,1
3,11,6,5.878664887859486e-05,0,0,3,3,5,6,2,1,1,1,1,1
3,11,7,0.0008740113116800785,0,0,3,3,5,1,2,2,1,1,1,1
3,11,8,2.934347139671445e-05,0,0,3,3,5,2,2,2,1,1,1,1
3,11,9,2.7544674594537355e-05,0,0,3,3,5,3,2,2,1,1,1,1
3,11,13,0.00022356017143465579,0,0,3,3,5,1,2,3,1,1,1,1
3,11,14,0.00030150506063364446,0,0,3,3,5,2,2,3,1,1,1,1
3,11,17,5.8598368923412636e-05,0,0,3,3,5,5,2,3,1,1,1,1
3,11,19,0.00016353276441805065,0,0,3,3,5,1,2,4,1,1,1,1
3,11,21,4.552549580694176e-05,0,0,3,3,5,3,2,4,1,1,1,1
3,11,22,7.858984463382512e-05,0,0,3,3,5,4,2,4,1,1,1,1
3,11,23,2.107476939272601e-05,0,0,3,3,5,5,2,4,1,1,1,1
3,11,27,0.0009675599285401404,0,0,3,3,5,3,2,5,1,1,1,1
3,11,31,0.00041607616003602743,0,0,3,4,5,1,2,1,1,1,1,1
3,11,33,0.0033535498660057783,0,0,3,4,5,3,2,3,1,1,1,1
3,11,34,0.00019163150864187628,0,0,3,4,5,4,2,4,1,1,1,1
3,11,35,0.00038107309956103563,0,0,3,4,5,5,2,5,1,1,1,1
3,11,36,0.0009640456410124898,0,0,3,5,5,1,2,1,1,2,1,2
3,11,38,0.0034488728269934654,0,0,3,5,5,3,2,3,1,2,1,2
3,11,41,0.0013682134449481964,0,1,3,6,5,1,2,0,1,0,1,1
3,11,42,0.00017542325076647103,0,1,3,6,5,2,2,0,1,0,1,1
3,11,45,0.00019645129214040935,0,1,3,6,5,5,2,0,1,0,1,1
3,12,0,0.02141357772052288,0,0,3,1,6,0,2,0,1,2,1,4
3,12,1,0.00025752585497684777,0,0,3,3,6,1,2,1,1,1,1,1
3,12,5,0.0006154238362796605,0,0,3,3,6,5,2,1,1,1,1,1
3,12,6,0.0005080641130916774,0,0,3,3,6,6,2,1,1,1,1,1
3,12,7,0.0011070455657318234,0,0,3,3,6,1,2,2,1,1,1,1
3,12,8,0.0005745621747337282,0,0,3,3,6,2,2,2,1,1,1,1
3,12,9,0.00016028514073695987,0,0,3,3,6,3,2,2,1,1,1,1
3,12,13,0.0002440696262056008,0,0,3,3,6,1,2,3,1,1,1,1
3,12,14,0.0013933825539425015,0,0,3,3,6,2,2,3,1,1,1,1
3,12,17,0.0008461415418423712,0,0,3,3,6,5,2,3,1,1,1,1
3,12,19,0.0005741268978454173,0,0,3,3,6,1,2,4,1,1,1,1
3,12,21,0.00046855866094119847,0,0,3,3,6,3,2,4,1,1,1,1
3,12,22,0.0003872235247399658,0,0,3,3,6,4,2,4,1,1,1,1
3,12,23,7.375299901468679e-05,0,0,3,3,6,5,2,4,1,1,1,1
3,12,27,0.0005745675880461931,0,0,3,3,6,3,2,5,1,1,1,1
3,12,31,0.004668959882110357,0,0,3,4,6,1,2,1,1,1,1,1
3,12,33,0.028862591832876205,0,0,3,4,6,3,2,3,1,1,1,1
3,12,34,0.0002055886434391141,0,0,3,4,6,4,2,4,1,1,1,1
3,12,35,0.0015660120407119393,0,0,3,4,6,5,2,5,1,1,1,1
3,12,36,0.06865323334932327,0,0,3,5,6,1,2,1,1,2,1,2
3,12,38,0.8579127192497253,0,0,3,5,6,3,2,3,1,2,1,2
3,12,41,0.003132031299173832,0,1,3,6,6,1,2,0,1,0,1,1
3,12,42,0.00471027847379446,0,1,3,6,6,2,2,0,1,0,1,1
3,12,45,0.0010900463676080108,0,1,3,6,6,5,2,0,1,0,1,1
3,15,0,0.7543636560440063,0,0,3,1,3,0,3,0,1,2,1,4
3,15,1,0.0009389855549670756,0,0,3,3,3,1,3,1,1,1,1,1
3,15,5,0.00020306497754063457,0,0,3,3,3,5,3,1,1,1,1,1
3,15,6,0.0008951451745815575,0,0,3,3,3,6,3,1,1,1,1,1
3,15,7,0.010015125386416912,0,0,3,3,3,1,3,2,1,1,1,1
3,15,8,0.0003547419619280845,0,0,3,3,3,2,3,2,1,1,1,1
3,15,9,0.000553095422219485,0,0,3,3,3,3,3,2,1,1,1,1
3,15,13,0.004295621532946825,0,0,3,3,3,1,3,3,1,1,1,1
3,15,14,0.014233725145459175,0,0,3,3,3,2,3,3,1,1,1,1
3,15,17,0.0004339755978435278,0,0,3,3,3,5,3,3,1,1,1,1
3,15,19,0.01706232875585556,0,0,3,3,3,1,3,4,1,1,1,1
3,15,21,0.0021818624809384346,0,0,3,3,3,3,3,4,1,1,1,1
3,15,22,0.007861465215682983,0,0,3,3,3,4,3,4,1,1,1,1
3,15,23,0.0002740293857641518,0,0,3,3,3,5,3,4,1,1,1,1
3,15,27,0.0010800331365317106,0,0,3,3,3,3,3,5,1,1,1,1
3,15,31,0.032456472516059875,0,0,3,4,3,1,3,1,1,1,1,1
3,15,33,0.024120425805449486,0,0,3,4,3,3,3,3,1,1,1,1
3,15,34,0.003045018296688795,0,0,3,4,3,4,3,4,1,1,1,1
3,15,35,0.0017192966770380735,0,0,3,4,3,5,3,5,1,1,1,1
3,15,36,0.033604636788368225,0,0,3,5,3,1,3,1,1,2,1,2
3,15,38,0.09010862559080124,0,0,3,5,3,3,3,3,1,2,1,2
3,15,41,0.00015216191241052002,0,1,3,6,3,1,3,0,1,0,1,1
3,15,42,1.208453431900125e-05,0,1,3,6,3,2,3,0,1,0,1,1
3,15,45,3.480710438452661e-05,0,1,3,6,3,5,3,0,1,0,1,1
3,16,0,0.7194634079933167,0,0,3,1,4,0,3,0,1,2,1,4
3,16,1,0.00022891057597007602,0,0,3,3,4,1,3,1,1,1,1,1
3,16,5,0.00024063723685685545,0,0,3,3,4,5,3,1,1,1,1,1
3,16,6,0.00033351421006955206,0,0,3,3,4,6,3,1,1,1,1,1
3,16,7,0.0007856634329073131,0,0,3,3,4,1,3,2,1,1,1,1
3,16,8,0.00018317178182769567,0,0,3,3,4,2,3,2,1,1,1,1
3,16,9,6.376719829859212e-05,0,0,3,3,4,3,3,2,1,1,1,1
3,16,13,0.00048551210784353316,0,0,3,3,4,1,3,3,1,1,1,1
3,16,14,0.0045115528628230095,0,0,3,3,4,2,3,3,1,1,1,1
3,16,17,0.0013903594808652997,0,0,3,3,4,5,3,3,1,1,1,1
3,16,19,0.0008482023258693516,0,0,3,3,4,1,3,4,1,1,1,1
3,16,21,0.0009560291655361652,0,0,3,3,4,3,3,4,1,1,1,1
3,16,22,0.00225999322719872,0,0,3,3,4,4,3,4,1,1,1,1
3,16,23,0.00017127569299191236,0,0,3,3,4,5,3,4,1,1,1,1
3,16,27,0.0012688018614426255,0,0,3,3,4,3,3,5,1,1,1,1
3,16,31,0.006007559597492218,0,0,3,4,4,1,3,1,1,1,1,1
3,16,33,0.08674625307321548,0,0,3,4,4,3,3,3,1,1,1,1
3,16,34,0.001256201067008078,0,0,3,4,4,4,3,4,1,1,1,1
3,16,35,0.004761829506605864,0,0,3,4,4,5,3,5,1,1,1,1
3,16,36,0.013276414945721626,0,0,3,5,4,1,3,1,1,2,1,2
3,16,38,0.15212254226207733,0,0,3,5,4,3,3,3,1,2,1,2
3,16,41,0.0013812985271215439,0,1,3,6,4,1,3,0,1,0,1,1
3,16,42,0.0006719129160046577,0,1,3,6,4,2,3,0,1,0,1,1
3,16,45,0.0005859699449501932,0,1,3,6,4,5,3,0,1,0,1,1
3,18,0,0.09596926718950272,0,0,3,1,6,0,3,0,1,2,1,4
3,18,1,0.00010656509402906522,0,0,3,3,6,1,3,1,1,1,1,1
3,18,5,0.0001858494069892913,0,0,3,3,6,5,3,1,1,1,1,1
3,18,6,0.00021010081400163472,0,0,3,3,6,6,3,1,1,1,1,1
3,18,7,0.0006772800697945058,0,0,3,3,6,1,3,2,1,1,1,1
3,18,8,0.00010791519889608026,0,0,3,3,6,2,3,2,1,1,1,1
3,18,9,5.674491330864839e-05,0,0,3,3,6,3,3,2,1,1,1,1
3,18,13,0.00020269631932023913,0,0,3,3,6,1,3,3,1,1,1,1
3,18,14,0.0030473191291093826,0,0,3,3,6,2,3,3,1,1,1,1
3,18,17,0.00024067638150881976,0,0,3,3,6,5,3,3,1,1,1,1
3,18,19,0.0008608280913904309,0,0,3,3,6,1,3,4,1,1,1,1
3,18,21,0.0002091655769618228,0,0,3,3,6,3,3,4,1,1,1,1
3,18,22,0.00036286810063757,0,0,3,3,6,4,3,4,1,1,1,1
3,18,23,1.819264070945792e-05,0,0,3,3,6,5,3,4,1,1,1,1
3,18,27,8.850668382365257e-05,0,0,3,3,6,3,3,5,1,1,1,1
3,18,31,0.008359044790267944,0,0,3,4,6,1,3,1,1,1,1,1
3,18,33,0.01589047536253929,0,0,3,4,6,3,3,3,1,1,1,1
3,18,34,8.545218588551506e-05,0,0,3,4,6,4,3,4,1,1,1,1
3,18,35,0.000565757101867348,0,0,3,4,6,5,3,5,1,1,1,1
3,18,36,0.08438814431428909,0,0,3,5,6,1,3,1,1,2,1,2
3,18,38,0.7883155345916748,0,0,3,5,6,3,3,3,1,2,1,2
3,18,41,2.6835092285182327e-05,0,1,3,6,6,1,3,0,1,0,1,1
3,18,42,1.1577455552469473e-05,0,1,3,6,6,2,3,0,1,0,1,1
3,18,45,1.3245246918813791e-05,0,1,3,6,6,5,3,0,1,0,1,1
3,20,0,0.0002137028641300276,0,0,3,1,2,0,4,0,1,2,1,4
3,20,1,0.014807033352553844,0,0,3,3,2,1,4,1,1,1,1,1
3,20,5,0.010673566721379757,0,0,3,3,2,5,4,1,1,1,1,1
3,20,6,0.034428052604198456,0,0,3,3,2,6,4,1,1,1,1,1
3,20,7,0.08962851017713547,0,0,3,3,2,1,4,2,1,1,1,1
3,20,8,0.005552345421165228,0,0,3,3,2,2,4,2,1,1,1,1
3,20,9,0.028836088255047798,0,0,3,3,2,3,4,2,1,1,1,1
3,20,13,0.06169884651899338,0,0,3,3,2,1,4,3,1,1,1,1
3,20,14,0.044460028409957886,0,0,3,3,2,2,4,3,1,1,1,1
3,20,17,0.004225681535899639,0,0,3,3,2,5,4,3,1,1,1,1
3,20,19,0.26844677329063416,0,0,3,3,2,1,4,4,1,1,1,1
3,20,21,0.018615012988448143,0,0,3,3,2,3,4,4,1,1,1,1
3,20,22,0.00522514758631587,0,0,3,3,2,4,4,4,1,1,1,1
3,20,23,0.007663512136787176,0,0,3,3,2,5,4,4,1,1,1,1
3,20,27,0.000972974521573633,0,0,3,3,2,3,4,5,1,1,1,1
3,20,31,0.20918811857700348,0,0,3,4,2,1,4,1,1,1,1,1
3,20,33,0.006058518774807453,0,0,3,4,2,3,4,3,1,1,1,1
3,20,34,0.0037459894083440304,0,0,3,4,2,4,4,4,1,1,1,1
3,20,35,0.0031012233812361956,0,0,3,4,2,5,4,5,1,1,1,1
3,20,36,0.15936926007270813,0,0,3,5,2,1,4,1,1,2,1,2
3,20,38,0.021093085408210754,0,0,3,5,2,3,4,3,1,2,1,2
3,20,41,0.0007905625971034169,0,1,3,6,2,1,4,0,1,0,1,1
3,20,42,0.0003985576913692057,0,1,3,6,2,2,4,0,1,0,1,1
3,20,45,0.0008075501536950469,0,1,3,6,2,5,4,0,1,0,1,1
3,24,0,0.18944932520389557,0,0,3,1,6,0,4,0,1,2,1,4
3,24,1,0.007119292858988047,0,0,3,3,6,1,4,1,1,1,1,1
3,24,5,0.024145295843482018,0,0,3,3,6,5,4,1,1,1,1,1
3,24,6,0.012843970209360123,0,0,3,3,6,6,4,1,1,1,1,1
3,24,7,0.051957953721284866,0,0,3,3,6,1,4,2,1,1,1,1
3,24,8,0.018334146589040756,0,0,3,3,6,2,4,2,1,1,1,1
3,24,9,0.004811006598174572,0,0,3,3,6,3,4,2,1,1,1,1
3,24,13,0.008359097875654697,0,0,3,3,6,1,4,3,1,1,1,1
3,24,14,0.03228571265935898,0,0,3,3,6,2,4,3,1,1,1,1
3,24,17,0.02783503197133541,0,0,3,3,6,5,4,3,1,1,1,1
3,24,19,0.029382245615124702,0,0,3,3,6,1,4,4,1,1,1,1
3,24,21,0.0016305817989632487,0,0,3,3,6,3,4,4,1,1,1,1
3,24,22,0.011001113802194595,0,0,3,3,6,4,4,4,1,1,1,1
3,24,23,0.0010539304930716753,0,0,3,3,6,5,4,4,1,1,1,1
3,24,27,0.0008897591615095735,0,0,3,3,6,3,4,5,1,1,1,1
3,24,31,0.09644442796707153,0,0,3,4,6,1,4,1,1,1,1,1
3,24,33,0.015310673974454403,0,0,3,4,6,3,4,3,1,1,1,1
3,24,34,0.0035591833293437958,0,0,3,4,6,4,4,4,1,1,1,1
3,24,35,0.010082208551466465,0,0,3,4,6,5,4,5,1,1,1,1
3,24,36,0.2386452704668045,0,0,3,5,6,1,4,1,1,2,1,2
3,24,38,0.21258732676506042,0,0,3,5,6,3,4,3,1,2,1,2
3,24,41,0.0009430794743821025,0,1,3,6,6,1,4,0,1,0,1,1
3,24,42,0.00031502029742114246,0,1,3,6,6,2,4,0,1,0,1,1
3,24,45,0.0010144223924726248,0,1,3,6,6,5,4,0,1,0,1,1
3,25,0,0.9645355939865112,0,0,3,1,1,0,5,0,1,2,1,4
3,25,1,0.0003124390495941043,0,0,3,3,1,1,5,1,1,1,1,1
3,25,5,0.00029970635659992695,0,0,3,3,1,5,5,1,1,1,1,1
3,25,6,0.001447895891033113,0,0,3,3,1,6,5,1,1,1,1,1
3,25,7,0.004445821978151798,0,0,3,3,1,1,5,2,1,1,1,1
3,25,8,0.0004962300299666822,0,0,3,3,1,2,5,2,1,1,1,1
3,25,9,8.827567944535986e-05,0,0,3,3,1,3,5,2,1,1,1,1
3,25,13,0.0004596223880071193,0,0,3,3,1,1,5,3,1,1,1,1
3,25,14,0.0008272117120213807,0,0,3,3,1,2,5,3,1,1,1,1
3,25,17,0.003016520058736205,0,0,3,3,1,5,5,3,1,1,1,1
3,25,19,0.0012787599116563797,0,0,3,3,1,1,5,4,1,1,1,1
3,25,21,8.941947453422472e-05,0,0,3,3,1,3,5,4,1,1,1,1
3,25,22,0.00026659955619834363,0,0,3,3,1,4,5,4,1,1,1,1
3,25,23,0.00014968599134590477,0,0,3,3,1,5,5,4,1,1,1,1
3,25,27,0.00014062045374885201,0,0,3,3,1,3,5,5,1,1,1,1
3,25,31,0.0052585238590836525,0,0,3,4,1,1,5,1,1,1,1,1
3,25,33,0.0020116709638386965,0,0,3,4,1,3,5,3,1,1,1,1
3,25,34,0.0007347468053922057,0,0,3,4,1,4,5,4,1,1,1,1
3,25,35,0.0020939898677170277,0,0,3,4,1,5,5,5,1,1,1,1
3,25,36,0.006283150054514408,0,0,3,5,1,1,5,1,1,2,1,2
3,25,38,0.0030624058563262224,0,0,3,5,1,3,5,3,1,2,1,2
3,25,41,0.0009588469984009862,0,1,3,6,1,1,5,0,1,0,1,1
3,25,42,0.0005268074455671012,0,1,3,6,1,2,5,0,1,0,1,1
3,25,45,0.0012159841135144234,0,1,3,6,1,5,5,0,1,0,1,1
3,26,0,0.7705800533294678,0,0,3,1,2,0,5,0,1,2,1,4
3,26,1,0.0006050236988812685,0,0,3,3,2,1,5,1,1,1,1,1
3,26,5,0.00025350431678816676,0,0,3,3,2,5,5,1,1,1,1,1
3,26,6,0.0014479778474196792,0,0,3,3,2,6,5,1,1,1,1,1
3,26,7,0.014380012638866901,0,0,3,3,2,1,5,2,1,1,1,1
3,26,8,0.0001990033342735842,0,0,3,3,2,2,5,2,1,1,1,1
3,26,9,0.00018883796292357147,0,0,3,3,2,3,5,2,1,1,1,1
3,26,13,0.008275319822132587,0,0,3,3,2,1,5,3,1,1,1,1
3,26,14,0.020247800275683403,0,0,3,3,2,2,5,3,1,1,1,1
3,26,17,0.0009144521318376064,0,0,3,3,2,5,5,3,1,1,1,1
3,26,19,0.014284004457294941,0,0,3,3,2,1,5,4,1,1,1,1
3,26,21,0.0003181922947987914,0,0,3,3,2,3,5,4,1,1,1,1
3,26,22,0.0004903915105387568,0,0,3,3,2,4,5,4,1,1,1,1
3,26,23,0.00030196766601875424,0,0,3,3,2,5,5,4,1,1,1,1
3,26,27,0.0004434986913111061,0,0,3,3,2,3,5,5,1,1,1,1
3,26,31,0.04508534073829651,0,0,3,4,2,1,5,1,1,1,1,1
3,26,33,0.020320015028119087,0,0,3,4,2,3,5,3,1,1,1,1
3,26,34,0.0011442183749750257,0,0,3,4,2,4,5,4,1,1,1,1
3,26,35,0.0023394760210067034,0,0,3,4,2,5,5,5,1,1,1,1
3,26,36,0.06851109862327576,0,0,3,5,2,1,5,1,1,2,1,2
3,26,38,0.02913014031946659,0,0,3,5,2,3,5,3,1,2,1,2
3,26,41,0.00031469619716517627,0,1,3,6,2,1,5,0,1,0,1,1
3,26,42,5.776806574431248e-05,0,1,3,6,2,2,5,0,1,0,1,1
3,26,45,0.00016721358406357467,0,1,3,6,2,5,5,0,1,0,1,1
3,28,0,0.973611056804657,0,0,3,1,4,0,5,0,1,2,1,4
3,28,1,0.00010683267464628443,0,0,3,3,4,1,5,1,1,1,1,1
3,28,5,0.0001947490673046559,0,0,3,3,4,5,5,1,1,1,1,1
3,28,6,0.00047469287528656423,0,0,3,3,4,6,5,1,1,1,1,1
3,28,7,0.0003966171352658421,0,0,3,3,4,1,5,2,1,1,1,1
3,28,8,0.00010743656457634643,0,0,3,3,4,2,5,2,1,1,1,1
3,28,9,2.3314236386795528e-05,0,0,3,3,4,3,5,2,1,1,1,1
3,28,13,0.0002442552358843386,0,0,3,3,4,1,5,3,1,1,1,1
3,28,14,0.0004359554732218385,0,0,3,3,4,2,5,3,1,1,1,1
3,28,17,0.0013695706147700548,0,0,3,3,4,5,5,3,1,1,1,1
3,28,19,0.00018525282212067395,0,0,3,3,4,1,5,4,1,1,1,1
3,28,21,4.322013046476059e-05,0,0,3,3,4,3,5,4,1,1,1,1
3,28,22,5.368216443457641e-05,0,0,3,3,4,4,5,4,1,1,1,1
3,28,23,0.00012378559040371329,0,0,3,3,4,5,5,4,1,1,1,1
3,28,27,0.00018347078002989292,0,0,3,3,4,3,5,5,1,1,1,1
3,28,31,0.000777631183154881,0,0,3,4,4,1,5,1,1,1,1,1
3,28,33,0.0035322760231792927,0,0,3,4,4,3,5,3,1,1,1,1
3,28,34,0.00020532711641862988,0,0,3,4,4,4,5,4,1,1,1,1
3,28,35,0.0014369551790878177,0,0,3,4,4,5,5,5,1,1,1,1
3,28,36,0.0012896971311420202,0,0,3,5,4,1,5,1,1,2,1,2
3,28,38,0.0024085461627691984,0,0,3,5,4,3,5,3,1,2,1,2
3,28,41,0.0015649014385417104,0,1,3,6,4,1,5,0,1,0,1,1
3,28,42,0.0049026403576135635,0,1,3,6,4,2,5,0,1,0,1,1
3,28,45,0.006328924093395472,0,1,3,6,4,5,5,0,1,0,1,1
3,29,0,0.9767261147499084,0,0,3,1,5,0,5,0,1,2,1,4
3,29,1,0.000460162409581244,0,0,3,3,5,1,5,1,1,1,1,1
3,29,5,0.00017725602083373815,0,0,3,3,5,5,5,1,1,1,1,1
3,29,6,0.00044988159788772464,0,0,3,3,5,6,5,1,1,1,1,1
3,29,7,0.004003612790256739,0,0,3,3,5,1,5,2,1,1,1,1
3,29,8,0.00015705313126090914,0,0,3,3,5,2,5,2,1,1,1,1
3,29,9,8.814346801955253e-05,0,0,3,3,5,3,5,2,1,1,1,1
3,29,13,0.0017914954805746675,0,0,3,3,5,1,5,3,1,1,1,1
3,29,14,0.001305604469962418,0,0,3,3,5,2,5,3,1,1,1,1
3,29,17,0.0005371414008550346,0,0,3,3,5,5,5,3,1,1,1,1
3,29,19,0.002674219198524952,0,0,3,3,5,1,5,4,1,1,1,1
3,29,21,8.43440429889597e-05,0,0,3,3,5,3,5,4,1,1,1,1
3,29,22,0.0002611951786093414,0,0,3,3,5,4,5,4,1,1,1,1
3,29,23,0.0003643629024736583,0,0,3,3,5,5,5,4,1,1,1,1
3,29,27,0.000818097498267889,0,0,3,3,5,3,5,5,1,1,1,1
3,29,31,0.0013628937304019928,0,0,3,4,5,1,5,1,1,1,1,1
3,29,33,0.001522661536000669,0,0,3,4,5,3,5,3,1,1,1,1
3,29,34,0.00019416150462348014,0,0,3,4,5,4,5,4,1,1,1,1
3,29,35,0.0009479976142756641,0,0,3,4,5,5,5,5,1,1,1,1
3,29,36,0.0025866094511002302,0,0,3,5,5,1,5,1,1,2,1,2
3,29,38,0.0018444058950990438,0,0,3,5,5,3,5,3,1,2,1,2
3,29,41,0.0010796721326187253,0,1,3,6,5,1,5,0,1,0,1,1
3,29,42,0.00016189261805266142,0,1,3,6,5,2,5,0,1,0,1,1
3,29,45,0.00040061373147182167,0,1,3,6,5,5,5,0,1,0,1,1
3,30,0,0.9675148129463196,0,0,3,1,6,0,5,0,1,2,1,4
3,30,1,4.051506402902305e-05,0,0,3,3,6,1,5,1,1,1,1,1
3,30,5,4.906857429887168e-05,0,0,3,3,6,5,5,1,1,1,1,1
3,30,6,9.292818867834285e-05,0,0,3,3,6,6,5,1,1,1,1,1
3,30,7,0.0001416437007719651,0,0,3,3,6,1,5,2,1,1,1,1
3,30,8,2.300441701663658e-05,0,0,3,3,6,2,5,2,1,1,1,1
3,30,9,6.797828973503783e-06,0,0,3,3,6,3,5,2,1,1,1,1
3,30,13,9.548234811518341e-05,0,0,3,3,6,1,5,3,1,1,1,1
3,30,14,0.0006566258380189538,0,0,3,3,6,2,5,3,1,1,1,1
3,30,17,0.0001872205757535994,0,0,3,3,6,5,5,3,1,1,1,1
3,30,19,0.00016309006605297327,0,0,3,3,6,1,5,4,1,1,1,1
3,30,21,4.869438998866826e-05,0,0,3,3,6,3,5,4,1,1,1,1
3,30,22,5.936002344242297e-05,0,0,3,3,6,4,5,4,1,1,1,1
3,30,23,5.046430669608526e-05,0,0,3,3,6,5,5,4,1,1,1,1
3,30,27,7.537134661106393e-05,0,0,3,3,6,3,5,5,1,1,1,1
3,30,31,0.0012272472959011793,0,0,3,4,6,1,5,1,1,1,1,1
3,30,33,0.005084728356450796,0,0,3,4,6,3,5,3,1,1,1,1
3,30,34,0.00013431588013190776,0,0,3,4,6,4,5,4,1,1,1,1
3,30,35,0.0005076994420960546,0,0,3,4,6,5,5,5,1,1,1,1
3,30,36,0.0064058792777359486,0,0,3,5,6,1,5,1,1,2,1,2
3,30,38,0.015950780361890793,0,0,3,5,6,3,5,3,1,2,1,2
3,30,41,0.0003508307272568345,0,1,3,6,6,1,5,0,1,0,1,1
3,30,42,0.0005879318923689425,0,1,3,6,6,2,5,0,1,0,1,1
3,30,45,0.0005454562488012016,0,1,3,6,6,5,5,0,1,0,1,1
3,32,0,2.7392496122047305e-05,0,0,4,1,2,0,2,0,1,2,1,4
3,32,1,0.00011211208038730547,0,0,4,3,2,1,2,1,1,1,1,1
3,32,5,0.0004287400224711746,0,0,4,3,2,5,2,1,1,1,1,1
3,32,6,0.0005701585323549807,0,0,4,3,2,6,2,1,1,1,1,1
3,32,7,0.00020964071154594421,0,0,4,3,2,1,2,2,1,1,1,1
3,32,8,0.0011984241427853703,0,0,4,3,2,2,2,2,1,1,1,1
3,32,9,0.00030049055931158364,0,0,4,3,2,3,2,2,1,1,1,1
3,32,13,4.934941171086393e-05,0,0,4,3,2,1,2,3,1,1,1,1
3,32,14,0.00010798712173709646,0,0,4,3,2,2,2,3,1,1,1,1
3,32,17,0.0006508361548185349,0,0,4,3,2,5,2,3,1,1,1,1
3,32,19,6.943585322005674e-05,0,0,4,3,2,1,2,4,1,1,1,1
3,32,21,0.0008455188944935799,0,0,4,3,2,3,2,4,1,1,1,1
3,32,22,9.115354623645544e-05,0,0,4,3,2,4,2,4,1,1,1,1
3,32,23,0.00031625095289200544,0,0,4,3,2,5,2,4,1,1,1,1
3,32,27,0.0003260853700339794,0,0,4,3,2,3,2,5,1,1,1,1
3,32,31,0.0004939837963320315,0,0,4,4,2,1,2,1,1,1,1,1
3,32,33,0.0015884318854659796,0,0,4,4,2,3,2,3,1,1,1,1
3,32,34,0.0005068635218776762,0,0,4,4,2,4,2,4,1,1,1,1
3,32,35,0.0015095194103196263,0,0,4,4,2,5,2,5,1,1,1,1
3,32,36,0.0020515481010079384,0,0,4,5,2,1,2,1,1,2,1,2
3,32,38,0.006388179492205381,0,0,4,5,2,3,2,3,1,2,1,2
3,32,41,0.02298337034881115,0,1,4,6,2,1,2,0,1,0,1,1
3,32,42,0.9223025441169739,0,1,4,6,2,2,2,0,1,0,1,1
3,32,45,0.03687219321727753,0,1,4,6,2,5,2,0,1,0,1,1
3,37,0,0.09713730216026306,0,0,5,1,2,0,2,0,2,2,2,4
3,37,1,0.008695032447576523,0,0,5,3,2,1,2,1,2,1,2,1
3,37,5,0.019210612401366234,0,0,5,3,2,5,2,1,2,1,2,1
3,37,6,0.019587945193052292,0,0,5,3,2,6,2,1,2,1,2,1
3,37,7,0.031694915145635605,0,0,5,3,2,1,2,2,2,1,2,1
3,37,8,0.03651145473122597,0,0,5,3,2,2,2,2,2,1,2,1
3,37,9,0.06918366253376007,0,0,5,3,2,3,2,2,2,1,2,1
3,37,13,0.01603865437209606,0,0,5,3,2,1,2,3,2,1,2,1
3,37,14,0.04436735808849335,0,0,5,3,2,2,2,3,2,1,2,1
3,37,17,0.006631763651967049,0,0,5,3,2,5,2,3,2,1,2,1
3,37,19,0.027474137023091316,0,0,5,3,2,1,2,4,2,1,2,1
3,37,21,0.03896617889404297,0,0,5,3,2,3,2,4,2,1,2,1
3,37,22,0.0444251149892807,0,0,5,3,2,4,2,4,2,1,2,1
3,37,23,0.009560617618262768,0,0,5,3,2,5,2,4,2,1,2,1
3,37,27,0.02501482330262661,0,0,5,3,2,3,2,5,2,1,2,1
3,37,31,0.07453956454992294,0,0,5,4,2,1,2,1,2,1,2,1
3,37,33,0.07461811602115631,0,0,5,4,2,3,2,3,2,1,2,1
3,37,34,0.06340304762125015,0,0,5,4,2,4,2,4,2,1,2,1
3,37,35,0.03436865657567978,0,0,5,4,2,5,2,5,2,1,2,1
3,37,36,0.07963619381189346,0,0,5,5,2,1,2,1,2,2,2,2
3,37,38,0.14874431490898132,0,0,5,5,2,3,2,3,2,2,2,2
3,37,41,0.0073298304341733456,0,1,5,6,2,1,2,0,2,0,2,1
3,37,42,0.017301425337791443,0,1,5,6,2,2,2,0,2,0,2,1
3,37,45,0.005559463985264301,0,1,5,6,2,5,2,0,2,0,2,1
3,39,0,0.020436914637684822,0,0,5,1,4,0,4,0,2,2,2,4
3,39,1,0.029621127992868423,0,0,5,3,4,1,4,1,2,1,2,1
3,39,5,0.03405860438942909,0,0,5,3,4,5,4,1,2,1,2,1
3,39,6,0.020076943561434746,0,0,5,3,4,6,4,1,2,1,2,1
3,39,7,0.02935127168893814,0,0,5,3,4,1,4,2,2,1,2,1
3,39,8,0.028358761221170425,0,0,5,3,4,2,4,2,2,1,2,1
3,39,9,0.0996522381901741,0,0,5,3,4,3,4,2,2,1,2,1
3,39,13,0.0382797010242939,0,0,5,3,4,1,4,3,2,1,2,1
3,39,14,0.07179337739944458,0,0,5,3,4,2,4,3,2,1,2,1
3,39,17,0.005059500690549612,0,0,5,3,4,5,4,3,2,1,2,1
3,39,19,0.09162657707929611,0,0,5,3,4,1,4,4,2,1,2,1
3,39,21,0.0614139661192894,0,0,5,3,4,3,4,4,2,1,2,1
3,39,22,0.12209200859069824,0,0,5,3,4,4,4,4,2,1,2,1
3,39,23,0.01239111740142107,0,0,5,3,4,5,4,4,2,1,2,1
3,39,27,0.018501924350857735,0,0,5,3,4,3,4,5,2,1,2,1
3,39,31,0.05341793969273567,0,0,5,4,4,1,4,1,2,1,2,1
3,39,33,0.018068954348564148,0,0,5,4,4,3,4,3,2,1,2,1
3,39,34,0.013573693111538887,0,0,5,4,4,4,4,4,2,1,2,1
3,39,35,0.011821715161204338,0,0,5,4,4,5,4,5,2,1,2,1
3,39,36,0.06846772879362106,0,0,5,5,4,1,4,1,2,2,2,2
3,39,38,0.15122857689857483,0,0,5,5,4,3,4,3,2,2,2,2
3,39,41,0.00036505135358311236,0,1,5,6,4,1,4,0,2,0,2,1
3,39,42,0.00011717468441929668,0,1,5,6,4,2,4,0,2,0,2,1
3,39,45,0.00022501593048218638,0,1,5,6,4,5,4,0,2,0,2,1
3,40,0,0.9776304364204407,0,0,5,1,5,0,5,0,2,2,2,4
3,40,1,0.00021232989092823118,0,0,5,3,5,1,5,1,2,1,2,1
3,40,5,7.564791303593665e-05,0,0,5,3,5,5,5,1,2,1,2,1
3,40,6,0.0002901338448282331,0,0,5,3,5,6,5,1,2,1,2,1
3,40,7,0.001379657071083784,0,0,5,3,5,1,5,2,2,1,2,1
3,40,8,0.00017520287656225264,0,0,5,3,5,2,5,2,2,1,2,1
3,40,9,0.00024221991770900786,0,0,5,3,5,3,5,2,2,1,2,1
3,40,13,0.0005766437388956547,0,0,5,3,5,1,5,3,2,1,2,1
3,40,14,0.0016788095235824585,0,0,5,3,5,2,5,3,2,1,2,1
3,40,17,0.0001616483787074685,0,0,5,3,5,5,5,3,2,1,2,1
3,40,19,0.0009755836799740791,0,0,5,3,5,1,5,4,2,1,2,1
3,40,21,0.0003307076112832874,0,0,5,3,5,3,5,4,2,1,2,1
3,40,22,0.0009561095503158867,0,0,5,3,5,4,5,4,2,1,2,1
3,40,23,0.0001957290805876255,0,0,5,3,5,5,5,4,2,1,2,1
3,40,27,0.0010531306033954024,0,0,5,3,5,3,5,5,2,1,2,1
3,40,31,0.002554953331127763,0,0,5,4,5,1,5,1,2,1,2,1
3,40,33,0.0029077038634568453,0,0,5,4,5,3,5,3,2,1,2,1
3,40,34,0.0022533193696290255,0,0,5,4,5,4,5,4,2,1,2,1
3,40,35,0.001025915378704667,0,0,5,4,5,5,5,5,2,1,2,1
3,40,36,0.0031062427442520857,0,0,5,5,5,1,5,1,2,2,2,2
3,40,38,0.0019750751089304686,0,0,5,5,5,3,5,3,2,2,2,2
3,40,41,0.00017566540918778628,0,1,5,6,5,1,5,0,2,0,2,1
3,40,42,2.8375750844134018e-05,0,1,5,6,5,2,5,0,2,0,2,1
3,40,45,3.7960780900903046e-05,0,1,5,6,5,5,5,0,2,0,2,1
3,43,0,0.0007362273172475398,1,0,6,1,3,0,0,0,0,2,1,4
3,43,1,0.0018229939742013812,1,0,6,3,3,1,0,1,0,1,1,1
3,43,5,0.004703151527792215,1,0,6,3,3,5,0,1,0,1,1,1
3,43,6,0.003359677968546748,1,0,6,3,3,6,0,1,0,1,1,1
3,43,7,0.0007497445330955088,1,0,6,3,3,1,0,2,0,1,1,1
3,43,8,0.003024512203410268,1,0,6,3,3,2,0,2,0,1,1,1
3,43,9,0.001168784569017589,1,0,6,3,3,3,0,2,0,1,1,1
3,43,13,0.0005093609797768295,1,0,6,3,3,1,0,3,0,1,1,1
3,43,14,0.0007901617209427059,1,0,6,3,3,2,0,3,0,1,1,1
3,43,17,0.004124636761844158,1,0,6,3,3,5,0,3,0,1,1,1
3,43,19,0.0003020662406925112,1,0,6,3,3,1,0,4,0,1,1,1
3,43,21,0.005474788136780262,1,0,6,3,3,3,0,4,0,1,1,1
3,43,22,0.0011342487996444106,1,0,6,3,3,4,0,4,0,1,1,1
3,43,23,0.002630306873470545,1,0,6,3,3,5,0,4,0,1,1,1
3,43,27,0.0024111925158649683,1,0,6,3,3,3,0,5,0,1,1,1
3,43,31,0.002264059614390135,1,0,6,4,3,1,0,1,0,1,1,1
3,43,33,0.0037125502713024616,1,0,6,4,3,3,0,3,0,1,1,1
3,43,34,0.007024642080068588,1,0,6,4,3,4,0,4,0,1,1,1
3,43,35,0.0071425847709178925,1,0,6,4,3,5,0,5,0,1,1,1
3,43,36,0.00321544473990798,1,0,6,5,3,1,0,1,0,2,1,2
3,43,38,0.01044775452464819,1,0,6,5,3,3,0,3,0,2,1,2
3,43,41,0.06035156175494194,1,1,6,6,3,1,0,0,0,0,1,1
3,43,42,0.6183982491493225,1,1,6,6,3,2,0,0,0,0,1,1
3,43,45,0.2545018196105957,1,1,6,6,3,5,0,0,0,0,1,1
3,44,0,0.007847380824387074,1,0,6,1,4,0,0,0,0,2,1,4
3,44,1,0.0003735559876076877,1,0,6,3,4,1,0,1,0,1,1,1
3,44,5,0.0004587597504723817,1,0,6,3,4,5,0,1,0,1,1,1
3,44,6,0.00030571260140277445,1,0,6,3,4,6,0,1,0,1,1,1
3,44,7,0.00015387409075628966,1,0,6,3,4,1,0,2,0,1,1,1
3,44,8,0.0002915250661317259,1,0,6,3,4,2,0,2,0,1,1,1
3,44,9,8.658142905915156e-05,1,0,6,3,4,3,0,2,0,1,1,1
3,44,13,0.00011614416871452704,1,0,6,3,4,1,0,3,0,1,1,1
3,44,14,0.0010276032844558358,1,0,6,3,4,2,0,3,0,1,1,1
3,44,17,0.0010174475610256195,1,0,6,3,4,5,0,3,0,1,1,1
3,44,19,5.979914203635417e-05,1,0,6,3,4,1,0,4,0,1,1,1
3,44,21,0.0014126631431281567,1,0,6,3,4,3,0,4,0,1,1,1
3,44,22,0.00031888700323179364,1,0,6,3,4,4,0,4,0,1,1,1
3,44,23,8.337113104062155e-05,1,0,6,3,4,5,0,4,0,1,1,1
3,44,27,0.0018771159229800105,1,0,6,3,4,3,0,5,0,1,1,1
3,44,31,0.0008280465845018625,1,0,6,4,4,1,0,1,0,1,1,1
3,44,33,0.02039024978876114,1,0,6,4,4,3,0,3,0,1,1,1
3,44,34,0.00019072367285843939,1,0,6,4,4,4,0,4,0,1,1,1
3,44,35,0.0023553597275167704,1,0,6,4,4,5,0,5,0,1,1,1
3,44,36,0.016365788877010345,1,0,6,5,4,1,0,1,0,2,1,2
3,44,38,0.9345940947532654,1,0,6,5,4,3,0,3,0,2,1,2
3,44,41,0.002951456466689706,1,1,6,6,4,1,0,0,0,0,1,1
3,44,42,0.0038405240047723055,1,1,6,6,4,2,0,0,0,0,1,1
3,44,45,0.0030534504912793636,1,1,6,6,4,5,0,0,0,0,1,1
3,46,0,0.00026282266480848193,1,0,6,1,6,0,0,0,0,2,1,4
3,46,1,0.001315307803452015,1,0,6,3,6,1,0,1,0,1,1,1
3,46,5,0.017208317294716835,1,0,6,3,6,5,0,1,0,1,1,1
3,46,6,0.001561125391162932,1,0,6,3,6,6,0,1,0,1,1,1
3,46,7,0.0026760627515614033,1,0,6,3,6,1,0,2,0,1,1,1
3,46,8,0.01364113762974739,1,0,6,3,6,2,0,2,0,1,1,1
3,46,9,0.0014429368311539292,1,0,6,3,6,3,0,2,0,1,1,1
3,46,13,0.00043145150993950665,1,0,6,3,6,1,0,3,0,1,1,1
3,46,14,0.0012260625371709466,1,0,6,3,6,2,0,3,0,1,1,1
3,46,17,0.011847500689327717,1,0,6,3,6,5,0,3,0,1,1,1
3,46,19,0.00012782320845872164,1,0,6,3,6,1,0,4,0,1,1,1
3,46,21,0.0004625111469067633,1,0,6,3,6,3,0,4,0,1,1,1
3,46,22,0.0007134014158509672,1,0,6,3,6,4,0,4,0,1,1,1
3,46,23,0.0005196701968088746,1,0,6,3,6,5,0,4,0,1,1,1
3,46,27,0.0027919309213757515,1,0,6,3,6,3,0,5,0,1,1,1
3,46,31,0.0025904064532369375,1,0,6,4,6,1,0,1,0,1,1,1
3,46,33,0.005821786355227232,1,0,6,4,6,3,0,3,0,1,1,1
3,46,34,0.006276506464928389,1,0,6,4,6,4,0,4,0,1,1,1
3,46,35,0.008114833384752274,1,0,6,4,6,5,0,5,0,1,1,1
3,46,36,0.007137349806725979,1,0,6,5,6,1,0,1,0,2,1,2
3,46,38,0.014589699916541576,1,0,6,5,6,3,0,3,0,2,1,2
3,46,41,0.16355280578136444,1,1,6,6,6,1,0,0,0,0,1,1
3,46,42,0.6055094599723816,1,1,6,6,6,2,0,0,0,0,1,1
3,46,45,0.13017886877059937,1,1,6,6,6,5,0,0,0,0,1,1
3,47,0,1.554607933940133e-06,2,0,7,1,0,0,0,0,0,2,4,4
3,47,1,0.0022623531986027956,2,0,7,3,0,1,0,1,0,1,4,1
3,47,5,0.7084848284721375,2,0,7,3,0,5,0,1,0,1,4,1
3,47,6,0.00445645023137331,2,0,7,3,0,6,0,1,0,1,4,1
3,47,7,0.000392855639802292,2,0,7,3,0,1,0,2,0,1,4,1
3,47,8,0.015217481181025505,2,0,7,3,0,2,0,2,0,1,4,1
3,47,9,0.004330735187977552,2,0,7,3,0,3,0,2,0,1,4,1
3,47,13,0.000464382057543844,2,0,7,3,0,1,0,3,0,1,4,1
3,47,14,0.0003359912661835551,2,0,7,3,0,2,0,3,0,1,4,1
3,47,17,0.022058533504605293,2,0,7,3,0,5,0,3,0,1,4,1
3,47,19,0.00011502843699418008,2,0,7,3,0,1,0,4,0,1,4,1
3,47,21,9.984488133341074e-05,2,0,7,3,0,3,0,4,0,1,4,1
3,47,22,0.00029436880140565336,2,0,7,3,0,4,0,4,0,1,4,1
3,47,23,0.0022169994190335274,2,0,7,3,0,5,0,4,0,1,4,1
3,47,27,0.0003615815076045692,2,0,7,3,0,3,0,5,0,1,4,1
3,47,31,0.0006709528970532119,2,0,7,4,0,1,0,1,0,1,4,1
3,47,33,0.00026556875673122704,2,0,7,4,0,3,0,3,0,1,4,1
3,47,34,0.0010703093139454722,2,0,7,4,0,4,0,4,0,1,4,1
3,47,35,0.0019915688317269087,2,0,7,4,0,5,0,5,0,1,4,1
3,47,36,0.0003862233425024897,2,0,7,5,0,1,0,1,0,2,4,2
3,47,38,0.00010240053961751983,2,0,7,5,0,3,0,3,0,2,4,2
3,47,41,0.008771982975304127,2,1,7,6,0,1,0,0,0,0,4,1
3,47,42,0.17666155099868774,2,1,7,6,0,2,0,0,0,0,4,1
3,47,45,0.04898684471845627,2,1,7,6,0,5,0,0,0,0,4,1
4,0,1,0.0018319825176149607,0,0,1,3,0,1,0,1,2,1,4,1
4,0,4,0.010414591990411282,0,0,1,3,0,4,0,1,2,1,4,1
4,0,5,0.011036067269742489,0,0,1,3,0,5,0,1,2,1,4,1
4,0,6,0.004439732525497675,0,0,1,3,0,6,0,1,2,1,4,1
4,0,9,0.003105522831901908,0,0,1,3,0,3,0,2,2,1,4,1
4,0,10,0.005395011976361275,0,0,1,3,0,4,0,2,2,1,4,1
4,0,12,0.0012255215551704168,0,0,1,3,0,6,0,2,2,1,4,1
4,0,15,0.0010888813994824886,0,0,1,3,0,3,0,3,2,1,4,1
4,0,18,0.00021303867106325924,0,0,1,3,0,6,0,3,2,1,4,1
4,0,21,0.0005162531160749495,0,0,1,3,0,3,0,4,2,1,4,1
4,0,23,0.0014713008422404528,0,0,1,3,0,5,0,4,2,1,4,1
4,0,24,0.0006385353044606745,0,0,1,3,0,6,0,4,2,1,4,1
4,0,25,0.007593984715640545,0,0,1,3,0,1,0,5,2,1,4,1
4,0,28,0.005138056352734566,0,0,1,3,0,4,0,5,2,1,4,1
4,0,30,0.0003565285005606711,0,0,1,3,0,6,0,5,2,1,4,1
4,0,31,0.002710447646677494,0,0,1,4,0,1,0,1,2,1,4,1
4,0,34,0.0005161950830370188,0,0,1,4,0,4,0,4,2,1,4,1
4,0,35,0.0014868249418213964,0,0,1,4,0,5,0,5,2,1,4,1
4,0,36,0.12426850199699402,0,0,1,5,0,1,0,1,2,2,4,2
4,0,40,0.8160974383354187,0,0,1,5,0,5,0,5,2,2,4,2
4,0,42,6.593486614292488e-05,0,1,1,6,0,2,0,0,2,0,4,1
4,0,43,2.981725992867723e-05,0,1,1,6,0,3,0,0,2,0,4,1
4,0,46,1.3633874004881363e-05,0,1,1,6,0,6,0,0,2,0,4,1
4,0,47,0.0003456361882854253,0,2,1,7,0,0,0,0,2,0,4,4
4,2,1,0.009229007177054882,0,0,3,3,2,1,1,1,1,1,1,1
4,2,4,0.005501839332282543,0,0,3,3,2,4,1,1,1,1,1,1
4,2,5,0.009041760116815567,0,0,3,3,2,5,1,1,1,1,1,1
4,2,6,0.0003024935140274465,0,0,3,3,2,6,1,1,1,1,1,1
4,2,9,0.0011254721321165562,0,0,3,3,2,3,1,2,1,1,1,1
4,2,10,0.0013143128016963601,0,0,3,3,2,4,1,2,1,1,1,1
4,2,12,0.0006129326648078859,0,0,3,3,2,6,1,2,1,1,1,1
4,2,15,0.00027472779038362205,0,0,3,3,2,3,1,3,1,1,1,1
4,2,18,7.529962022090331e-05,0,0,3,3,2,6,1,3,1,1,1,1
4,2,21,0.000900294107850641,0,0,3,3,2,3,1,4,1,1,1,1
4,2,23,0.01751934178173542,0,0,3,3,2,5,1,4,1,1,1,1
4,2,24,0.002913776319473982,0,0,3,3,2,6,1,4,1,1,1,1
4,2,25,0.009668966755270958,0,0,3,3,2,1,1,5,1,1,1,1
4,2,28,0.008022032678127289,0,0,3,3,2,4,1,5,1,1,1,1
4,2,30,0.0004537325003184378,0,0,3,3,2,6,1,5,1,1,1,1
4,2,31,0.0015878621488809586,0,0,3,4,2,1,1,1,1,1,1,1
4,2,34,0.001213658950291574,0,0,3,4,2,4,1,4,1,1,1,1
4,2,35,0.000925310654565692,0,0,3,4,2,5,1,5,1,1,1,1
4,2,36,0.15833623707294464,0,0,3,5,2,1,1,1,1,2,1,2
4,2,40,0.7699707746505737,0,0,3,5,2,5,1,5,1,2,1,2
4,2,42,2.826359741447959e-05,0,1,3,6,2,2,1,0,1,0,1,1
4,2,43,0.00011431514576543123,0,1,3,6,2,3,1,0,1,0,1,1
4,2,46,0.0002807123528327793,0,1,3,6,2,6,1,0,1,0,1,1
4,2,47,0.0005877160583622754,0,2,3,7,2,0,1,0,1,0,1,4
4,3,1,0.006259371060878038,0,0,3,3,3,1,1,1,1,1,1,1
4,3,4,0.009859277866780758,0,0,3,3,3,4,1,1,1,1,1,1
4,3,5,0.01461826078593731,0,0,3,3,3,5,1,1,1,1,1,1
4,3,6,0.0024601563345640898,0,0,3,3,3,6,1,1,1,1,1,1
4,3,9,0.000744337507057935,0,0,3,3,3,3,1,2,1,1,1,1
4,3,10,0.002188219456002116,0,0,3,3,3,4,1,2,1,1,1,1
4,3,12,0.00037475029239431024,0,0,3,3,3,6,1,2,1,1,1,1
4,3,15,5.704798240913078e-05,0,0,3,3,3,3,1,3,1,1,1,1
4,3,18,2.1980069504934363e-05,0,0,3,3,3,6,1,3,1,1,1,1
4,3,21,0.00031998479971662164,0,0,3,3,3,3,1,4,1,1,1,1
4,3,23,0.009558994323015213,0,0,3,3,3,5,1,4,1,1,1,1
4,3,24,0.0011613299138844013,0,0,3,3,3,6,1,4,1,1,1,1
4,3,25,0.0015044085448607802,0,0,3,3,3,1,1,5,1,1,1,1
4,3,28,0.0016057788161560893,0,0,3,3,3,4,1,5,1,1,1,1
4,3,30,4.86895878566429e-05,0,0,3,3,3,6,1,5,1,1,1,1
4,3,31,0.017610741779208183,0,0,3,4,3,1,1,1,1,1,1,1
4,3,34,0.010426011867821217,0,0,3,4,3,4,1,4,1,1,1,1
4,3,35,0.0012976304860785604,0,0,3,4,3,5,1,5,1,1,1,1
4,3,36,0.7780274748802185,0,0,3,5,3,1,1,1,1,2,1,2
4,3,40,0.12290824204683304,0,0,3,5,3,5,1,5,1,2,1,2
4,3,42,0.0005519865662790835,0,1,3,6,3,2,1,0,1,0,1,1
4,3,43,4.4408763642422855e-05,0,1,3,6,3,3,1,0,1,0,1,1
4,3,46,7.461410132236779e-05,0,1,3,6,3,6,1,0,1,0,1,1
4,3,47,0.018276456743478775,0,2,3,7,3,0,1,0,1,0,1,4
4,7,1,0.0058804224245250225,0,0,3,3,1,1,2,1,1,1,1,1
4,7,4,0.006433956790715456,0,0,3,3,1,4,2,1,1,1,1,1
4,7,5,0.009200645610690117,0,0,3,3,1,5,2,1,1,1,1,1
4,7,6,0.0022898290771991014,0,0,3,3,1,6,2,1,1,1,1,1
4,7,9,0.00142975605558604,0,0,3,3,1,3,2,2,1,1,1,1
4,7,10,0.004270203411579132,0,0,3,3,1,4,2,2,1,1,1,1
4,7,12,0.0004672868235502392,0,0,3,3,1,6,2,2,1,1,1,1
4,7,15,8.93354881554842e-05,0,0,3,3,1,3,2,3,1,1,1,1
4,7,18,1.2652839359361678e-05,0,0,3,3,1,6,2,3,1,1,1,1
4,7,21,0.00018299318617209792,0,0,3,3,1,3,2,4,1,1,1,1
4,7,23,0.005789533257484436,0,0,3,3,1,5,2,4,1,1,1,1
4,7,24,0.00042409420711919665,0,0,3,3,1,6,2,4,1,1,1,1
4,7,25,0.0020654299296438694,0,0,3,3,1,1,2,5,1,1,1,1
4,7,28,0.0014533809153363109,0,0,3,3,1,4,2,5,1,1,1,1
4,7,30,4.7537178033962846e-05,0,0,3,3,1,6,2,5,1,1,1,1
4,7,31,0.011335783638060093,0,0,3,4,1,1,2,1,1,1,1,1
4,7,34,0.0027859497349709272,0,0,3,4,1,4,2,4,1,1,1,1
4,7,35,0.000988504383713007,0,0,3,4,1,5,2,5,1,1,1,1
4,7,36,0.8779024481773376,0,0,3,5,1,1,2,1,1,2,1,2
4,7,40,0.061733026057481766,0,0,3,5,1,5,2,5,1,2,1,2
4,7,42,0.00011498331878101453,0,1,3,6,1,2,2,0,1,0,1,1
4,7,43,5.288986722007394e-05,0,1,3,6,1,3,2,0,1,0,1,1
4,7,46,4.929730130243115e-05,0,1,3,6,1,6,2,0,1,0,1,1
4,7,47,0.0050006164237856865,0,2,3,7,1,0,2,0,1,0,1,4
4,8,1,0.0017155514797195792,0,0,3,3,2,1,2,1,1,1,1,1
4,8,4,0.012905517593026161,0,0,3,3,2,4,2,1,1,1,1,1
4,8,5,0.009090026840567589,0,0,3,3,2,5,2,1,1,1,1,1
4,8,6,0.0011957526439800858,0,0,3,3,2,6,2,1,1,1,1,1
4,8,9,0.0014557160902768373,0,0,3,3,2,3,2,2,1,1,1,1
4,8,10,0.007164417300373316,0,0,3,3,2,4,2,2,1,1,1,1
4,8,12,0.0007677868125028908,0,0,3,3,2,6,2,2,1,1,1,1
4,8,15,0.0002821719099301845,0,0,3,3,2,3,2,3,1,1,1,1
4,8,18,2.4832317649270408e-05,0,0,3,3,2,6,2,3,1,1,1,1
4,8,21,8.094577788142487e-05,0,0,3,3,2,3,2,4,1,1,1,1
4,8,23,0.001953048282302916,0,0,3,3,2,5,2,4,1,1,1,1
4,8,24,0.00029676544363610446,0,0,3,3,2,6,2,4,1,1,1,1
4,8,25,0.0018138830782845616,0,0,3,3,2,1,2,5,1,1,1,1
4,8,28,0.009627147577702999,0,0,3,3,2,4,2,5,1,1,1,1
4,8,30,3.285141792730428e-05,0,0,3,3,2,6,2,5,1,1,1,1
4,8,31,0.0004615433281287551,0,0,3,4,2,1,2,1,1,1,1,1
4,8,34,0.00046415411634370685,0,0,3,4,2,4,2,4,1,1,1,1
4,8,35,0.00017153611406683922,0,0,3,4,2,5,2,5,1,1,1,1
4,8,36,0.3940109610557556,0,0,3,5,2,1,2,1,1,2,1,2
4,8,40,0.5544519424438477,0,0,3,5,2,5,2,5,1,2,1,2
4,8,42,7.223487045848742e-05,0,1,3,6,2,2,2,0,1,0,1,1
4,8,43,4.1973271436290815e-05,0,1,3,6,2,3,2,0,1,0,1,1
4,8,46,3.8632177165709436e-05,0,1,3,6,2,6,2,0,1,0,1,1
4,8,47,0.0018807263113558292,0,2,3,7,2,0,2,0,1,0,1,4
4,11,1,0.00394392479211092,0,0,3,3,5,1,2,1,1,1,1,1
4,11,4,0.016649745404720306,0,0,3,3,5,4,2,1,1,1,1,1
4,11,5,0.010612460784614086,0,0,3,3,5,5,2,1,1,1,1,1
4,11,6,0.005086054094135761,0,0,3,3,5,6,2,1,1,1,1,1
4,11,9,0.0010993275791406631,0,0,3,3,5,3,2,2,1,1,1,1
4,11,10,0.0070472159422934055,0,0,3,3,5,4,2,2,1,1,1,1
4,11,12,0.0005025836289860308,0,0,3,3,5,6,2,2,1,1,1,1
4,11,15,0.0003731820615939796,0,0,3,3,5,3,2,3,1,1,1,1
4,11,18,4.151879693381488e-05,0,0,3,3,5,6,2,3,1,1,1,1
4,11,21,0.00021343569096643478,0,0,3,3,5,3,2,4,1,1,1,1
4,11,23,0.002182949334383011,0,0,3,3,5,5,2,4,1,1,1,1
4,11,24,0.00030913532827980816,0,0,3,3,5,6,2,4,1,1,1,1
4,11,25,0.0036010234616696835,0,0,3,3,5,1,2,5,1,1,1,1
4,11,28,0.0019150280859321356,0,0,3,3,5,4,2,5,1,1,1,1
4,11,30,8.049382449826226e-05,0,0,3,3,5,6,2,5,1,1,1,1
4,11,31,0.00421755900606513,0,0,3,4,5,1,2,1,1,1,1,1
4,11,34,0.0010330849327147007,0,0,3,4,5,4,2,4,1,1,1,1
4,11,35,0.0004665062588173896,0,0,3,4,5,5,2,5,1,1,1,1
4,11,36,0.8497806787490845,0,0,3,5,5,1,2,1,1,2,1,2
4,11,40,0.09035100787878036,0,0,3,5,5,5,2,5,1,2,1,2
4,11,42,3.02813459711615e-05,0,1,3,6,5,2,2,0,1,0,1,1
4,11,43,1.3177298569644336e-05,0,1,3,6,5,3,2,0,1,0,1,1
4,11,46,1.6984184185275808e-05,0,1,3,6,5,6,2,0,1,0,1,1
4,11,47,0.000432575645390898,0,2,3,7,5,0,2,0,1,0,1,4
4,13,1,0.020622488111257553,0,0,3,3,1,1,3,1,1,1,1,1
4,13,4,0.01952321082353592,0,0,3,3,1,4,3,1,1,1,1,1
4,13,5,0.028630752116441727,0,0,3,3,1,5,3,1,1,1,1,1
4,13,6,0.031131507828831673,0,0,3,3,1,6,3,1,1,1,1,1
4,13,9,0.027015497907996178,0,0,3,3,1,3,3,2,1,1,1,1
4,13,10,0.014313720166683197,0,0,3,3,1,4,3,2,1,1,1,1
4,13,12,0.00978775043040514,0,0,3,3,1,6,3,2,1,1,1,1
4,13,15,0.0009185647941194475,0,0,3,3,1,3,3,3,1,1,1,1
4,13,18,0.0013964358950033784,0,0,3,3,1,6,3,3,1,1,1,1
4,13,21,0.011873753741383553,0,0,3,3,1,3,3,4,1,1,1,1
4,13,23,0.13324657082557678,0,0,3,3,1,5,3,4,1,1,1,1
4,13,24,0.03552458435297012,0,0,3,3,1,6,3,4,1,1,1,1
4,13,25,0.0022145058028399944,0,0,3,3,1,1,3,5,1,1,1,1
4,13,28,0.0432419590651989,0,0,3,3,1,4,3,5,1,1,1,1
4,13,30,0.0053151012398302555,0,0,3,3,1,6,3,5,1,1,1,1
4,13,31,0.08532995730638504,0,0,3,4,1,1,3,1,1,1,1,1
4,13,34,0.13013963401317596,0,0,3,4,1,4,3,4,1,1,1,1
4,13,35,0.1693694293498993,0,0,3,4,1,5,3,5,1,1,1,1
4,13,36,0.01793721131980419,0,0,3,5,1,1,3,1,1,2,1,2
4,13,40,0.09735453873872757,0,0,3,5,1,5,3,5,1,2,1,2
4,13,42,0.00920370128005743,0,1,3,6,1,2,3,0,1,0,1,1
4,13,43,0.003347411984577775,0,1,3,6,1,3,3,0,1,0,1,1
4,13,46,0.003945349249988794,0,1,3,6,1,6,3,0,1,0,1,1
4,13,47,0.09861605614423752,0,2,3,7,1,0,3,0,1,0,1,4
4,14,1,0.010027504526078701,0,0,3,3,2,1,3,1,1,1,1,1
4,14,4,0.010568019933998585,0,0,3,3,2,4,3,1,1,1,1,1
4,14,5,0.031172562390565872,0,0,3,3,2,5,3,1,1,1,1,1
4,14,6,0.001686548232100904,0,0,3,3,2,6,3,1,1,1,1,1
4,14,9,0.03778945654630661,0,0,3,3,2,3,3,2,1,1,1,1
4,14,10,0.03367183730006218,0,0,3,3,2,4,3,2,1,1,1,1
4,14,12,0.008749361149966717,0,0,3,3,2,6,3,2,1,1,1,1
4,14,15,0.001151657896116376,0,0,3,3,2,3,3,3,1,1,1,1
4,14,18,0.0002653719566296786,0,0,3,3,2,6,3,3,1,1,1,1
4,14,21,0.001721782493405044,0,0,3,3,2,3,3,4,1,1,1,1
4,14,23,0.0603620707988739,0,0,3,3,2,5,3,4,1,1,1,1
4,14,24,0.009151982143521309,0,0,3,3,2,6,3,4,1,1,1,1
4,14,25,0.00782483909279108,0,0,3,3,2,1,3,5,1,1,1,1
4,14,28,0.07001026719808578,0,0,3,3,2,4,3,5,1,1,1,1
4,14,30,0.00023424616665579379,0,0,3,3,2,6,3,5,1,1,1,1
4,14,31,0.006701204460114241,0,0,3,4,2,1,3,1,1,1,1,1
4,14,34,0.047777533531188965,0,0,3,4,2,4,3,4,1,1,1,1
4,14,35,0.004686196334660053,0,0,3,4,2,5,3,5,1,1,1,1
4,14,36,0.26201048493385315,0,0,3,5,2,1,3,1,1,2,1,2
4,14,40,0.312644362449646,0,0,3,5,2,5,3,5,1,2,1,2
4,14,42,0.0053003993816673756,0,1,3,6,2,2,3,0,1,0,1,1
4,14,43,0.004312410950660706,0,1,3,6,2,3,3,0,1,0,1,1
4,14,46,0.0031491706613451242,0,1,3,6,2,6,3,0,1,0,1,1
4,14,47,0.0690309926867485,0,2,3,7,2,0,3,0,1,0,1,4
4,16,1,0.008161833509802818,0,0,3,3,4,1,3,1,1,1,1,1
4,16,4,0.030581211671233177,0,0,3,3,4,4,3,1,1,1,1,1
4,16,5,0.010622193105518818,0,0,3,3,4,5,3,1,1,1,1,1
4,16,6,0.019320709630846977,0,0,3,3,4,6,3,1,1,1,1,1
4,16,9,0.006710769608616829,0,0,3,3,4,3,3,2,1,1,1,1
4,16,10,0.010273285210132599,0,0,3,3,4,4,3,2,1,1,1,1
4,16,12,0.00785044115036726,0,0,3,3,4,6,3,2,1,1,1,1
4,16,15,0.0008628766518086195,0,0,3,3,4,3,3,3,1,1,1,1
4,16,18,0.000883957021869719,0,0,3,3,4,6,3,3,1,1,1,1
4,16,21,0.002433729823678732,0,0,3,3,4,3,3,4,1,1,1,1
4,16,23,0.01851430907845497,0,0,3,3,4,5,3,4,1,1,1,1
4,16,24,0.012911328114569187,0,0,3,3,4,6,3,4,1,1,1,1
4,16,25,0.0030542779713869095,0,0,3,3,4,1,3,5,1,1,1,1
4,16,28,0.03459184616804123,0,0,3,3,4,4,3,5,1,1,1,1
4,16,30,0.004554956220090389,0,0,3,3,4,6,3,5,1,1,1,1
4,16,31,0.028785299509763718,0,0,3,4,4,1,3,1,1,1,1,1
4,16,34,0.0644381195306778,0,0,3,4,4,4,3,4,1,1,1,1
4,16,35,0.008743517100811005,0,0,3,4,4,5,3,5,1,1,1,1
4,16,36,0.033507637679576874,0,0,3,5,4,1,3,1,1,2,1,2
4,16,40,0.014217305928468704,0,0,3,5,4,5,3,5,1,2,1,2
4,16,42,0.18026109039783478,0,1,3,6,4,2,3,0,1,0,1,1
4,16,43,0.058053452521562576,0,1,3,6,4,3,3,0,1,0,1,1
4,16,46,0.11071151494979858,0,1,3,6,4,6,3,0,1,0,1,1
4,16,47,0.3299541771411896,0,2,3,7,4,0,3,0,1,0,1,4
4,17,1,0.040785450488328934,0,0,3,3,5,1,3,1,1,1,1,1
4,17,4,0.031541306525468826,0,0,3,3,5,4,3,1,1,1,1,1
4,17,5,0.03985672816634178,0,0,3,3,5,5,3,1,1,1,1,1
4,17,6,0.018875349313020706,0,0,3,3,5,6,3,1,1,1,1,1
4,17,9,0.006178133189678192,0,0,3,3,5,3,3,2,1,1,1,1
4,17,10,0.019121425226330757,0,0,3,3,5,4,3,2,1,1,1,1
4,17,12,0.003977952990680933,0,0,3,3,5,6,3,2,1,1,1,1
4,17,15,0.0023799121845513582,0,0,3,3,5,3,3,3,1,1,1,1
4,17,18,0.0007830576505511999,0,0,3,3,5,6,3,3,1,1,1,1
4,17,21,0.005174970719963312,0,0,3,3,5,3,3,4,1,1,1,1
4,17,23,0.04748152196407318,0,0,3,3,5,5,3,4,1,1,1,1
4,17,24,0.009723824448883533,0,0,3,3,5,6,3,4,1,1,1,1
4,17,25,0.01520688459277153,0,0,3,3,5,1,3,5,1,1,1,1
4,17,28,0.02107563056051731,0,0,3,3,5,4,3,5,1,1,1,1
4,17,30,0.0013665341539308429,0,0,3,3,5,6,3,5,1,1,1,1
4,17,31,0.03555945307016373,0,0,3,4,5,1,3,1,1,1,1,1
4,17,34,0.052191562950611115,0,0,3,4,5,4,3,4,1,1,1,1
4,17,35,0.007884835824370384,0,0,3,4,5,5,3,5,1,1,1,1
4,17,36,0.4832089841365814,0,0,3,5,5,1,3,1,1,2,1,2
4,17,40,0.04513411968946457,0,0,3,5,5,5,3,5,1,2,1,2
4,17,42,0.015460889786481857,0,1,3,6,5,2,3,0,1,0,1,1
4,17,43,0.005381611175835133,0,1,3,6,5,3,3,0,1,0,1,1
4,17,46,0.005998878739774227,0,1,3,6,5,6,3,0,1,0,1,1
4,17,47,0.08565063029527664,0,2,3,7,5,0,3,0,1,0,1,4
4,19,1,0.00332498992793262,0,0,3,3,1,1,4,1,1,1,1,1
4,19,4,0.004200594499707222,0,0,3,3,1,4,4,1,1,1,1,1
4,19,5,0.010053345933556557,0,0,3,3,1,5,4,1,1,1,1,1
4,19,6,0.001324717071838677,0,0,3,3,1,6,4,1,1,1,1,1
4,19,9,0.0003918457659892738,0,0,3,3,1,3,4,2,1,1,1,1
4,19,10,0.0001116178318625316,0,0,3,3,1,4,4,2,1,1,1,1
4,19,12,9.170552948489785e-05,0,0,3,3,1,6,4,2,1,1,1,1
4,19,15,1.215364954987308e-05,0,0,3,3,1,3,4,3,1,1,1,1
4,19,18,8.150081157509703e-06,0,0,3,3,1,6,4,3,1,1,1,1
4,19,21,4.467904000193812e-05,0,0,3,3,1,3,4,4,1,1,1,1
4,19,23,0.0038425989914685488,0,0,3,3,1,5,4,4,1,1,1,1
4,19,24,0.00023250833328347653,0,0,3,3,1,6,4,4,1,1,1,1
4,19,25,0.0015837043756619096,0,0,3,3,1,1,4,5,1,1,1,1
4,19,28,0.0010166463907808065,0,0,3,3,1,4,4,5,1,1,1,1
4,19,30,0.0005490347975865006,0,0,3,3,1,6,4,5,1,1,1,1
4,19,31,0.0012989096576347947,0,0,3,4,1,1,4,1,1,1,1,1
4,19,34,7.908875704742968e-05,0,0,3,4,1,4,4,4,1,1,1,1
4,19,35,0.0033977164421230555,0,0,3,4,1,5,4,5,1,1,1,1
4,19,36,0.08643180876970291,0,0,3,5,1,1,4,1,1,2,1,2
4,19,40,0.8817644715309143,0,0,3,5,1,5,4,5,1,2,1,2
4,19,42,4.9516611397848465e-06,0,1,3,6,1,2,4,0,1,0,1,1
4,19,43,1.7863835637399461e-06,0,1,3,6,1,3,4,0,1,0,1,1
4,19,46,2.08604360523168e-05,0,1,3,6,1,6,4,0,1,0,1,1
4,19,47,0.00021176370501052588,0,2,3,7,1,0,4,0,1,0,1,4
4,20,1,0.002961614402011037,0,0,3,3,2,1,4,1,1,1,1,1
4,20,4,0.009977797046303749,0,0,3,3,2,4,4,1,1,1,1,1
4,20,5,0.013435951434075832,0,0,3,3,2,5,4,1,1,1,1,1
4,20,6,0.0013342391466721892,0,0,3,3,2,6,4,1,1,1,1,1
4,20,9,0.0007280068239197135,0,0,3,3,2,3,4,2,1,1,1,1
4,20,10,0.0009712011087685823,0,0,3,3,2,4,4,2,1,1,1,1
4,20,12,0.00039243989158421755,0,0,3,3,2,6,4,2,1,1,1,1
4,20,15,0.0005633074906654656,0,0,3,3,2,3,4,3,1,1,1,1
4,20,18,7.466657552868128e-05,0,0,3,3,2,6,4,3,1,1,1,1
4,20,21,0.00014681190077681094,0,0,3,3,2,3,4,4,1,1,1,1
4,20,23,0.0018871389329433441,0,0,3,3,2,5,4,4,1,1,1,1
4,20,24,0.00024400941038038582,0,0,3,3,2,6,4,4,1,1,1,1
4,20,25,0.006970771122723818,0,0,3,3,2,1,4,5,1,1,1,1
4,20,28,0.009600598365068436,0,0,3,3,2,4,4,5,1,1,1,1
4,20,30,0.0006445451290346682,0,0,3,3,2,6,4,5,1,1,1,1
4,20,31,0.00014727118832524866,0,0,3,4,2,1,4,1,1,1,1,1
4,20,34,4.644593354896642e-05,0,0,3,4,2,4,4,4,1,1,1,1
4,20,35,0.0007203529821708798,0,0,3,4,2,5,4,5,1,1,1,1
4,20,36,0.0636821761727333,0,0,3,5,2,1,4,1,1,2,1,2
4,20,40,0.8852934837341309,0,0,3,5,2,5,4,5,1,2,1,2
4,20,42,2.0051811588928103e-05,0,1,3,6,2,2,4,0,1,0,1,1
4,20,43,1.2880485883215442e-05,0,1,3,6,2,3,4,0,1,0,1,1
4,20,46,2.3566097297589295e-05,0,1,3,6,2,6,4,0,1,0,1,1
4,20,47,0.0001206595406983979,0,2,3,7,2,0,4,0,1,0,1,4
4,22,1,0.013568992726504803,0,0,3,3,4,1,4,1,1,1,1,1
4,22,4,0.02527397684752941,0,0,3,3,4,4,4,1,1,1,1,1
4,22,5,0.025870267301797867,0,0,3,3,4,5,4,1,1,1,1,1
4,22,6,0.03039141744375229,0,0,3,3,4,6,4,1,1,1,1,1
4,22,9,0.004824141040444374,0,0,3,3,4,3,4,2,1,1,1,1
4,22,10,0.013038970530033112,0,0,3,3,4,4,4,2,1,1,1,1
4,22,12,0.005202953703701496,0,0,3,3,4,6,4,2,1,1,1,1
4,22,15,0.00201697601005435,0,0,3,3,4,3,4,3,1,1,1,1
4,22,18,0.0006183332880027592,0,0,3,3,4,6,4,3,1,1,1,1
4,22,21,0.0015796704683452845,0,0,3,3,4,3,4,4,1,1,1,1
4,22,23,0.01945577561855316,0,0,3,3,4,5,4,4,1,1,1,1
4,22,24,0.0037382037844508886,0,0,3,3,4,6,4,4,1,1,1,1
4,22,25,0.014794843271374702,0,0,3,3,4,1,4,5,1,1,1,1
4,22,28,0.02780141867697239,0,0,3,3,4,4,4,5,1,1,1,1
4,22,30,0.004076360259205103,0,0,3,3,4,6,4,5,1,1,1,1
4,22,31,0.008753370493650436,0,0,3,4,4,1,4,1,1,1,1,1
4,22,34,0.007891686633229256,0,0,3,4,4,4,4,4,1,1,1,1
4,22,35,0.008173704147338867,0,0,3,4,4,5,4,5,1,1,1,1
4,22,36,0.4786210358142853,0,0,3,5,4,1,4,1,1,2,1,2
4,22,40,0.29301348328590393,0,0,3,5,4,5,4,5,1,2,1,2
4,22,42,0.0030971975065767765,0,1,3,6,4,2,4,0,1,0,1,1
4,22,43,0.0007993197068572044,0,1,3,6,4,3,4,0,1,0,1,1
4,22,46,0.0006621989887207747,0,1,3,6,4,6,4,0,1,0,1,1
4,22,47,0.006735512521117926,0,2,3,7,4,0,4,0,1,0,1,4
4,26,1,3.792015559156425e-05,0,0,3,3,2,1,5,1,1,1,1,1
4,26,4,4.161084143561311e-05,0,0,3,3,2,4,5,1,1,1,1,1
4,26,5,0.00025642322725616395,0,0,3,3,2,5,5,1,1,1,1,1
4,26,6,2.7891306672245264e-05,0,0,3,3,2,6,5,1,1,1,1,1
4,26,9,4.91990358568728e-05,0,0,3,3,2,3,5,2,1,1,1,1
4,26,10,3.933550760848448e-05,0,0,3,3,2,4,5,2,1,1,1,1
4,26,12,1.76160301634809e-05,0,0,3,3,2,6,5,2,1,1,1,1
4,26,15,9.972144653147552e-06,0,0,3,3,2,3,5,3,1,1,1,1
4,26,18,5.012808287574444e-06,0,0,3,3,2,6,5,3,1,1,1,1
4,26,21,2.5194640329573303e-06,0,0,3,3,2,3,5,4,1,1,1,1
4,26,23,0.00011642467870842665,0,0,3,3,2,5,5,4,1,1,1,1
4,26,24,1.5304965927498415e-05,0,0,3,3,2,6,5,4,1,1,1,1
4,26,25,0.0002204987540608272,0,0,3,3,2,1,5,5,1,1,1,1
4,26,28,0.00012102104665245861,0,0,3,3,2,4,5,5,1,1,1,1
4,26,30,1.3084907095617382e-06,0,0,3,3,2,6,5,5,1,1,1,1
4,26,31,1.8915819737230777e-06,0,0,3,4,2,1,5,1,1,1,1,1
4,26,34,1.2359858374111354e-05,0,0,3,4,2,4,5,4,1,1,1,1
4,26,35,4.2243550524290185e-06,0,0,3,4,2,5,5,5,1,1,1,1
4,26,36,0.12467252463102341,0,0,3,5,2,1,5,1,1,2,1,2
4,26,40,0.8743100762367249,0,0,3,5,2,5,5,5,1,2,1,2
4,26,42,6.241363621484197e-07,0,1,3,6,2,2,5,0,1,0,1,1
4,26,43,1.4894933997311455e-07,0,1,3,6,2,3,5,0,1,0,1,1
4,26,46,2.729822767832957e-07,0,1,3,6,2,6,5,0,1,0,1,1
4,26,47,3.591725544538349e-05,0,2,3,7,2,0,5,0,1,0,1,4
4,27,1,0.002813971834257245,0,0,3,3,3,1,5,1,1,1,1,1
4,27,4,0.004469330422580242,0,0,3,3,3,4,5,1,1,1,1,1
4,27,5,0.012372441589832306,0,0,3,3,3,5,5,1,1,1,1,1
4,27,6,0.0010621625697240233,0,0,3,3,3,6,5,1,1,1,1,1
4,27,9,0.0008289829711429775,0,0,3,3,3,3,5,2,1,1,1,1
4,27,10,0.0011559163685888052,0,0,3,3,3,4,5,2,1,1,1,1
4,27,12,0.0003432643134146929,0,0,3,3,3,6,5,2,1,1,1,1
4,27,15,4.690524292527698e-05,0,0,3,3,3,3,5,3,1,1,1,1
4,27,18,2.286895141878631e-05,0,0,3,3,3,6,5,3,1,1,1,1
4,27,21,0.0002616932615637779,0,0,3,3,3,3,5,4,1,1,1,1
4,27,23,0.006544622126966715,0,0,3,3,3,5,5,4,1,1,1,1
4,27,24,0.0015786251751706004,0,0,3,3,3,6,5,4,1,1,1,1
4,27,25,0.0028943493962287903,0,0,3,3,3,1,5,5,1,1,1,1
4,27,28,0.0018955315463244915,0,0,3,3,3,4,5,5,1,1,1,1
4,27,30,7.185065624071285e-05,0,0,3,3,3,6,5,5,1,1,1,1
4,27,31,0.02365700714290142,0,0,3,4,3,1,5,1,1,1,1,1
4,27,34,0.01802937127649784,0,0,3,4,3,4,5,4,1,1,1,1
4,27,35,0.0013527284609153867,0,0,3,4,3,5,5,5,1,1,1,1
4,27,36,0.7002635598182678,0,0,3,5,3,1,5,1,1,2,1,2
4,27,40,0.21519455313682556,0,0,3,5,3,5,5,5,1,2,1,2
4,27,42,0.0010108532151207328,0,1,3,6,3,2,5,0,1,0,1,1
4,27,43,0.0001285820035263896,0,1,3,6,3,3,5,0,1,0,1,1
4,27,46,0.0002832894097082317,0,1,3,6,3,6,5,0,1,0,1,1
4,27,47,0.003718242747709155,0,2,3,7,3,0,5,0,1,0,1,4
4,29,1,0.007114986889064312,0,0,3,3,5,1,5,1,1,1,1,1
4,29,4,0.017530890181660652,0,0,3,3,5,4,5,1,1,1,1,1
4,29,5,0.00984110962599516,0,0,3,3,5,5,5,1,1,1,1,1
4,29,6,0.016443384811282158,0,0,3,3,5,6,5,1,1,1,1,1
4,29,9,0.0013161164242774248,0,0,3,3,5,3,5,2,1,1,1,1
4,29,10,0.01349843293428421,0,0,3,3,5,4,5,2,1,1,1,1
4,29,12,0.0011761547066271305,0,0,3,3,5,6,5,2,1,1,1,1
4,29,15,0.00035573652712628245,0,0,3,3,5,3,5,3,1,1,1,1
4,29,18,0.00012382172280922532,0,0,3,3,5,6,5,3,1,1,1,1
4,29,21,0.0011499280808493495,0,0,3,3,5,3,5,4,1,1,1,1
4,29,23,0.007731105200946331,0,0,3,3,5,5,5,4,1,1,1,1
4,29,24,0.002475065179169178,0,0,3,3,5,6,5,4,1,1,1,1
4,29,25,0.0022863680496811867,0,0,3,3,5,1,5,5,1,1,1,1
4,29,28,0.002956007607281208,0,0,3,3,5,4,5,5,1,1,1,1
4,29,30,0.0001449752744520083,0,0,3,3,5,6,5,5,1,1,1,1
4,29,31,0.05897826701402664,0,0,3,4,5,1,5,1,1,1,1,1
4,29,34,0.03942326828837395,0,0,3,4,5,4,5,4,1,1,1,1
4,29,35,0.0016860858304426074,0,0,3,4,5,5,5,5,1,1,1,1
4,29,36,0.7810669541358948,0,0,3,5,5,1,5,1,1,2,1,2
4,29,40,0.024972062557935715,0,0,3,5,5,5,5,5,1,2,1,2
4,29,42,0.001362204784527421,0,1,3,6,5,2,5,0,1,0,1,1
4,29,43,0.0003128378593828529,0,1,3,6,5,3,5,0,1,0,1,1
4,29,46,0.0002840976230800152,0,1,3,6,5,6,5,0,1,0,1,1
4,29,47,0.007769780233502388,0,2,3,7,5,0,5,0,1,0,1,4
4,32,1,0.0030644997023046017,0,0,4,3,2,1,2,1,1,1,1,1
4,32,4,0.0059499177150428295,0,0,4,3,2,4,2,1,1,1,1,1
4,32,5,0.014069468714296818,0,0,4,3,2,5,2,1,1,1,1,1
4,32,6,0.000491160259116441,0,0,4,3,2,6,2,1,1,1,1,1
4,32,9,0.002577374689280987,0,0,4,3,2,3,2,2,1,1,1,1
4,32,10,0.007688065525144339,0,0,4,3,2,4,2,2,1,1,1,1
4,32,12,0.0010680388659238815,0,0,4,3,2,6,2,2,1,1,1,1
4,32,15,0.0014923132257536054,0,0,4,3,2,3,2,3,1,1,1,1
4,32,18,0.00012505515769589692,0,0,4,3,2,6,2,3,1,1,1,1
4,32,21,0.000291520613245666,0,0,4,3,2,3,2,4,1,1,1,1
4,32,23,0.0030956591945141554,0,0,4,3,2,5,2,4,1,1,1,1
4,32,24,0.0005495786317624152,0,0,4,3,2,6,2,4,1,1,1,1
4,32,25,0.01222948543727398,0,0,4,3,2,1,2,5,1,1,1,1
4,32,28,0.005952443927526474,0,0,4,3,2,4,2,5,1,1,1,1
4,32,30,0.0001039795606629923,0,0,4,3,2,6,2,5,1,1,1,1
4,32,31,0.0003291215398348868,0,0,4,4,2,1,2,1,1,1,1,1
4,32,34,0.00023350201081484556,0,0,4,4,2,4,2,4,1,1,1,1
4,32,35,0.00028767218464054167,0,0,4,4,2,5,2,5,1,1,1,1
4,32,36,0.22965961694717407,0,0,4,5,2,1,2,1,1,2,1,2
4,32,40,0.71062833070755,0,0,4,5,2,5,2,5,1,2,1,2
4,32,42,1.00042825579294e-05,0,1,4,6,2,2,2,0,1,0,1,1
4,32,43,1.190374678117223e-05,0,1,4,6,2,3,2,0,1,0,1,1
4,32,46,9.21269202081021e-06,0,1,4,6,2,6,2,0,1,0,1,1
4,32,47,8.195155533030629e-05,0,2,4,7,2,0,2,0,1,0,1,4
4,33,1,0.04478159174323082,0,0,4,3,3,1,3,1,1,1,1,1
4,33,4,0.022600945085287094,0,0,4,3,3,4,3,1,1,1,1,1
4,33,5,0.06271397322416306,0,0,4,3,3,5,3,1,1,1,1,1
4,33,6,0.0017384494422003627,0,0,4,3,3,6,3,1,1,1,1,1
4,33,9,0.010753699578344822,0,0,4,3,3,3,3,2,1,1,1,1
4,33,10,0.0077477493323385715,0,0,4,3,3,4,3,2,1,1,1,1
4,33,12,0.003414954524487257,0,0,4,3,3,6,3,2,1,1,1,1
4,33,15,0.0007201932021416724,0,0,4,3,3,3,3,3,1,1,1,1
4,33,18,0.00023296773724723607,0,0,4,3,3,6,3,3,1,1,1,1
4,33,21,0.007663370575755835,0,0,4,3,3,3,3,4,1,1,1,1
4,33,23,0.08407153189182281,0,0,4,3,3,5,3,4,1,1,1,1
4,33,24,0.02396855503320694,0,0,4,3,3,6,3,4,1,1,1,1
4,33,25,0.028927402570843697,0,0,4,3,3,1,3,5,1,1,1,1
4,33,28,0.017754677683115005,0,0,4,3,3,4,3,5,1,1,1,1
4,33,30,0.0027289530262351036,0,0,4,3,3,6,3,5,1,1,1,1
4,33,31,0.30805787444114685,0,0,4,4,3,1,3,1,1,1,1,1
4,33,34,0.13310781121253967,0,0,4,4,3,4,3,4,1,1,1,1
4,33,35,0.031110025942325592,0,0,4,4,3,5,3,5,1,1,1,1
4,33,36,0.0747753456234932,0,0,4,5,3,1,3,1,1,2,1,2
4,33,40,0.0178977120667696,0,0,4,5,3,5,3,5,1,2,1,2
4,33,42,0.0299228522926569,0,1,4,6,3,2,3,0,1,0,1,1
4,33,43,0.02060023695230484,0,1,4,6,3,3,3,0,1,0,1,1
4,33,46,0.037682946771383286,0,1,4,6,3,6,3,0,1,0,1,1
4,33,47,0.02702607959508896,0,2,4,7,3,0,3,0,1,0,1,4
4,37,1,0.003616770962253213,0,0,5,3,2,1,2,1,2,1,2,1
4,37,4,0.02353927120566368,0,0,5,3,2,4,2,1,2,1,2,1
4,37,5,0.02292821742594242,0,0,5,3,2,5,2,1,2,1,2,1
4,37,6,0.007261794060468674,0,0,5,3,2,6,2,1,2,1,2,1
4,37,9,0.18519489467144012,0,0,5,3,2,3,2,2,2,1,2,1
4,37,10,0.49490055441856384,0,0,5,3,2,4,2,2,2,1,2,1
4,37,12,0.03383941575884819,0,0,5,3,2,6,2,2,2,1,2,1
4,37,15,0.01491967961192131,0,0,5,3,2,3,2,3,2,1,2,1
4,37,18,0.0009690544684417546,0,0,5,3,2,6,2,3,2,1,2,1
4,37,21,0.004084417596459389,0,0,5,3,2,3,2,4,2,1,2,1
4,37,23,0.007910978980362415,0,0,5,3,2,5,2,4,2,1,2,1
4,37,24,0.0031906769145280123,0,0,5,3,2,6,2,4,2,1,2,1
4,37,25,0.011887758038938046,0,0,5,3,2,1,2,5,2,1,2,1
4,37,28,0.14054548740386963,0,0,5,3,2,4,2,5,2,1,2,1
4,37,30,0.0012186209205538034,0,0,5,3,2,6,2,5,2,1,2,1
4,37,31,0.005752901080995798,0,0,5,4,2,1,2,1,2,1,2,1
4,37,34,0.004069824703037739,0,0,5,4,2,4,2,4,2,1,2,1
4,37,35,0.015057944692671299,0,0,5,4,2,5,2,5,2,1,2,1
4,37,36,0.0034406203776597977,0,0,5,5,2,1,2,1,2,2,2,2
4,37,40,0.014838803559541702,0,0,5,5,2,5,2,5,2,2,2,2
4,37,42,0.00021276013285387307,0,1,5,6,2,2,2,0,2,0,2,1
4,37,43,0.0004721922450698912,0,1,5,6,2,3,2,0,2,0,2,1
4,37,46,4.8134923417819664e-05,0,1,5,6,2,6,2,0,2,0,2,1
4,37,47,9.94463698589243e-05,0,2,5,7,2,0,2,0,2,0,2,4
4,38,1,0.008593665435910225,0,0,5,3,3,1,3,1,2,1,2,1
4,38,4,0.19193947315216064,0,0,5,3,3,4,3,1,2,1,2,1
4,38,5,0.04711205139756203,0,0,5,3,3,5,3,1,2,1,2,1
4,38,6,0.044268496334552765,0,0,5,3,3,6,3,1,2,1,2,1
4,38,9,0.09242799133062363,0,0,5,3,3,3,3,2,2,1,2,1
4,38,10,0.11932665854692459,0,0,5,3,3,4,3,2,2,1,2,1
4,38,12,0.023396143689751625,0,0,5,3,3,6,3,2,2,1,2,1
4,38,15,0.00934749934822321,0,0,5,3,3,3,3,3,2,1,2,1
4,38,18,0.0010853338753804564,0,0,5,3,3,6,3,3,2,1,2,1
4,38,21,0.007666591554880142,0,0,5,3,3,3,3,4,2,1,2,1
4,38,23,0.0058944639749825,0,0,5,3,3,5,3,4,2,1,2,1
4,38,24,0.00466613844037056,0,0,5,3,3,6,3,4,2,1,2,1
4,38,25,0.014492589980363846,0,0,5,3,3,1,3,5,2,1,2,1
4,38,28,0.061135951429605484,0,0,5,3,3,4,3,5,2,1,2,1
4,38,30,0.011597528122365475,0,0,5,3,3,6,3,5,2,1,2,1
4,38,31,0.22717110812664032,0,0,5,4,3,1,3,1,2,1,2,1
4,38,34,0.01587527059018612,0,0,5,4,3,4,3,4,2,1,2,1
4,38,35,0.07664506137371063,0,0,5,4,3,5,3,5,2,1,2,1
4,38,36,0.005396178923547268,0,0,5,5,3,1,3,1,2,2,2,2
4,38,40,0.005430155899375677,0,0,5,5,3,5,3,5,2,2,2,2
4,38,42,0.012088391929864883,0,1,5,6,3,2,3,0,2,0,2,1
4,38,43,0.008250945247709751,0,1,5,6,3,3,3,0,2,0,2,1
4,38,46,0.002898736856877804,0,1,5,6,3,6,3,0,2,0,2,1
4,38,47,0.0032934173941612244,0,2,5,7,3,0,3,0,2,0,2,4
4,39,1,0.028383124619722366,0,0,5,3,4,1,4,1,2,1,2,1
4,39,4,0.052354514598846436,0,0,5,3,4,4,4,1,2,1,2,1
4,39,5,0.037406131625175476,0,0,5,3,4,5,4,1,2,1,2,1
4,39,6,0.059267204254865646,0,0,5,3,4,6,4,1,2,1,2,1
4,39,9,0.02889424003660679,0,0,5,3,4,3,4,2,2,1,2,1
4,39,10,0.03668051213026047,0,0,5,3,4,4,4,2,2,1,2,1
4,39,12,0.02425449714064598,0,0,5,3,4,6,4,2,2,1,2,1
4,39,15,0.011807887814939022,0,0,5,3,4,3,4,3,2,1,2,1
4,39,18,0.005847855471074581,0,0,5,3,4,6,4,3,2,1,2,1
4,39,21,0.013019192032516003,0,0,5,3,4,3,4,4,2,1,2,1
4,39,23,0.032186880707740784,0,0,5,3,4,5,4,4,2,1,2,1
4,39,24,0.026218440383672714,0,0,5,3,4,6,4,4,2,1,2,1
4,39,25,0.13030333817005157,0,0,5,3,4,1,4,5,2,1,2,1
4,39,28,0.10221823304891586,0,0,5,3,4,4,4,5,2,1,2,1
4,39,30,0.14865919947624207,0,0,5,3,4,6,4,5,2,1,2,1
4,39,31,0.04186956584453583,0,0,5,4,4,1,4,1,2,1,2,1
4,39,34,0.010388283059000969,0,0,5,4,4,4,4,4,2,1,2,1
4,39,35,0.06430327147245407,0,0,5,4,4,5,4,5,2,1,2,1
4,39,36,0.029409125447273254,0,0,5,5,4,1,4,1,2,2,2,2
4,39,40,0.08868743479251862,0,0,5,5,4,5,4,5,2,2,2,2
4,39,42,0.006844579707831144,0,1,5,6,4,2,4,0,2,0,2,1
4,39,43,0.010206502862274647,0,1,5,6,4,3,4,0,2,0,2,1
4,39,46,0.009710975922644138,0,1,5,6,4,6,4,0,2,0,2,1
4,39,47,0.0010792312677949667,0,2,5,7,4,0,4,0,2,0,2,4
4,41,1,0.0014334273291751742,1,0,6,3,1,1,0,1,0,1,1,1
4,41,4,0.0003045006887987256,1,0,6,3,1,4,0,1,0,1,1,1
4,41,5,0.0007639290415681899,1,0,6,3,1,5,0,1,0,1,1,1
4,41,6,0.0005370266153477132,1,0,6,3,1,6,0,1,0,1,1,1
4,41,9,0.0009966726647689939,1,0,6,3,1,3,0,2,0,1,1,1
4,41,10,3.595129965106025e-05,1,0,6,3,1,4,0,2,0,1,1,1
4,41,12,0.00038772611878812313,1,0,6,3,1,6,0,2,0,1,1,1
4,41,15,5.0844024372054264e-05,1,0,6,3,1,3,0,3,0,1,1,1
4,41,18,0.0015290117589756846,1,0,6,3,1,6,0,3,0,1,1,1
4,41,21,0.000458675465779379,1,0,6,3,1,3,0,4,0,1,1,1
4,41,23,0.005483698565512896,1,0,6,3,1,5,0,4,0,1,1,1
4,41,24,0.006710139103233814,1,0,6,3,1,6,0,4,0,1,1,1
4,41,25,0.0006102457409724593,1,0,6,3,1,1,0,5,0,1,1,1
4,41,28,0.00038016491453163326,1,0,6,3,1,4,0,5,0,1,1,1
4,41,30,0.0014262176118791103,1,0,6,3,1,6,0,5,0,1,1,1
4,41,31,0.0008115420932881534,1,0,6,4,1,1,0,1,0,1,1,1
4,41,34,0.0038468651473522186,1,0,6,4,1,4,0,4,0,1,1,1
4,41,35,0.0012093711411580443,1,0,6,4,1,5,0,5,0,1,1,1
4,41,36,0.003939816728234291,1,0,6,5,1,1,0,1,0,2,1,2
4,41,40,0.02276008017361164,1,0,6,5,1,5,0,5,0,2,1,2
4,41,42,0.009835398755967617,1,1,6,6,1,2,0,0,0,0,1,1
4,41,43,0.00829642079770565,1,1,6,6,1,3,0,0,0,0,1,1
4,41,46,0.3140714466571808,1,1,6,6,1,6,0,0,0,0,1,1
4,41,47,0.6141204237937927,1,2,6,7,1,0,0,0,0,0,1,4
4,44,1,0.00010206202568951994,1,0,6,3,4,1,0,1,0,1,1,1
4,44,4,0.00017216209380421788,1,0,6,3,4,4,0,1,0,1,1,1
4,44,5,4.346845526015386e-05,1,0,6,3,4,5,0,1,0,1,1,1
4,44,6,5.3539715736405924e-05,1,0,6,3,4,6,0,1,0,1,1,1
4,44,9,1.736449485179037e-05,1,0,6,3,4,3,0,2,0,1,1,1
4,44,10,1.0284476275046472e-06,1,0,6,3,4,4,0,2,0,1,1,1
4,44,12,2.2949698177399114e-05,1,0,6,3,4,6,0,2,0,1,1,1
4,44,15,1.5570783489238238e-06,1,0,6,3,4,3,0,3,0,1,1,1
4,44,18,7.826648652553558e-05,1,0,6,3,4,6,0,3,0,1,1,1
4,44,21,5.506439265445806e-05,1,0,6,3,4,3,0,4,0,1,1,1
4,44,23,0.00038941341335885227,1,0,6,3,4,5,0,4,0,1,1,1
4,44,24,0.0013674641959369183,1,0,6,3,4,6,0,4,0,1,1,1
4,44,25,1.3268917427922133e-05,1,0,6,3,4,1,0,5,0,1,1,1
4,44,28,4.125438499613665e-05,1,0,6,3,4,4,0,5,0,1,1,1
4,44,30,0.000453626416856423,1,0,6,3,4,6,0,5,0,1,1,1
4,44,31,0.0002897580561693758,1,0,6,4,4,1,0,1,0,1,1,1
4,44,34,0.0009285471169278026,1,0,6,4,4,4,0,4,0,1,1,1
4,44,35,0.00012407859321683645,1,0,6,4,4,5,0,5,0,1,1,1
4,44,36,4.078072015545331e-05,1,0,6,5,4,1,0,1,0,2,1,2
4,44,40,0.00042966409819200635,1,0,6,5,4,5,0,5,0,2,1,2
4,44,42,0.014166932553052902,1,1,6,6,4,2,0,0,0,0,1,1
4,44,43,0.0047330851666629314,1,1,6,6,4,3,0,0,0,0,1,1
4,44,46,0.49554720520973206,1,1,6,6,4,6,0,0,0,0,1,1
4,44,47,0.4809280335903168,1,2,6,7,4,0,0,0,0,0,1,4
4,45,1,0.0026891487650573254,1,0,6,3,5,1,0,1,0,1,1,1
4,45,4,0.0013809422962367535,1,0,6,3,5,4,0,1,0,1,1,1
4,45,5,0.0007182022673077881,1,0,6,3,5,5,0,1,0,1,1,1
4,45,6,0.0005686034564860165,1,0,6,3,5,6,0,1,0,1,1,1
4,45,9,0.00013506102550309151,1,0,6,3,5,3,0,2,0,1,1,1
4,45,10,4.827317388844676e-05,1,0,6,3,5,4,0,2,0,1,1,1
4,45,12,0.0002229377132607624,1,0,6,3,5,6,0,2,0,1,1,1
4,45,15,0.00015094358241185546,1,0,6,3,5,3,0,3,0,1,1,1
4,45,18,0.0013127820566296577,1,0,6,3,5,6,0,3,0,1,1,1
4,45,21,0.0016330534126609564,1,0,6,3,5,3,0,4,0,1,1,1
4,45,23,0.0018719369545578957,1,0,6,3,5,5,0,4,0,1,1,1
4,45,24,0.0064071291126310825,1,0,6,3,5,6,0,4,0,1,1,1
4,45,25,0.0009684868855401874,1,0,6,3,5,1,0,5,0,1,1,1
4,45,28,0.00026097631780430675,1,0,6,3,5,4,0,5,0,1,1,1
4,45,30,0.001966856187209487,1,0,6,3,5,6,0,5,0,1,1,1
4,45,31,0.006450324784964323,1,0,6,4,5,1,0,1,0,1,1,1
4,45,34,0.0053703030571341515,1,0,6,4,5,4,0,4,0,1,1,1
4,45,35,0.0005191127420403063,1,0,6,4,5,5,0,5,0,1,1,1
4,45,36,0.0030262989457696676,1,0,6,5,5,1,0,1,0,2,1,2
4,45,40,0.0021560359746217728,1,0,6,5,5,5,0,5,0,2,1,2
4,45,42,0.029296791180968285,1,1,6,6,5,2,0,0,0,0,1,1
4,45,43,0.04440533369779587,1,1,6,6,5,3,0,0,0,0,1,1
4,45,46,0.6960991024971008,1,1,6,6,5,6,0,0,0,0,1,1
4,45,47,0.192341610789299,1,2,6,7,5,0,0,0,0,0,1,4
5,1,0,0.0008309873519465327,0,0,3,1,1,0,1,0,1,2,1,4
5,1,2,0.03739388287067413,0,0,3,3,1,2,1,1,1,1,1,1
5,1,3,0.5319474339485168,0,0,3,3,1,3,1,1,1,1,1,1
5,1,7,0.06407897919416428,0,0,3,3,1,1,1,2,1,1,1,1
5,1,8,0.006328074261546135,0,0,3,3,1,2,1,2,1,1,1,1
5,1,11,0.039102621376514435,0,0,3,3,1,5,1,2,1,1,1,1
5,1,13,0.010502979159355164,0,0,3,3,1,1,1,3,1,1,1,1
5,1,14,0.002855780767276883,0,0,3,3,1,2,1,3,1,1,1,1
5,1,16,0.0026026007253676653,0,0,3,3,1,4,1,3,1,1,1,1
5,1,17,0.006170173641294241,0,0,3,3,1,5,1,3,1,1,1,1
5,1,19,0.016503987833857536,0,0,3,3,1,1,1,4,1,1,1,1
5,1,20,0.004910453222692013,0,0,3,3,1,2,1,4,1,1,1,1
5,1,22,0.0362936332821846,0,0,3,3,1,4,1,4,1,1,1,1
5,1,26,0.024438204243779182,0,0,3,3,1,2,1,5,1,1,1,1
5,1,27,0.039384063333272934,0,0,3,3,1,3,1,5,1,1,1,1
5,1,29,0.021160751581192017,0,0,3,3,1,5,1,5,1,1,1,1
5,1,32,0.0017866293201223016,0,0,3,4,1,2,1,2,1,1,1,1
5,1,33,0.0010844464413821697,0,0,3,4,1,3,1,3,1,1,1,1
5,1,37,0.006993841379880905,0,0,3,5,1,2,1,2,1,2,1,2
5,1,38,0.0034967982210218906,0,0,3,5,1,3,1,3,1,2,1,2
5,1,39,0.009178333915770054,0,0,3,5,1,4,1,4,1,2,1,2
5,1,41,0.03142620995640755,0,1,3,6,1,1,1,0,1,0,1,1
5,1,44,0.03526904806494713,0,1,3,6,1,4,1,0,1,0,1,1
5,1,45,0.06626021862030029,0,1,3,6,1,5,1,0,1,0,1,1
5,4,0,0.004903596825897694,0,0,3,1,4,0,1,0,1,2,1,4
5,4,2,0.0014075974468141794,0,0,3,3,4,2,1,1,1,1,1,1
5,4,3,0.00709818210452795,0,0,3,3,4,3,1,1,1,1,1,1
5,4,7,0.0016791776288300753,0,0,3,3,4,1,1,2,1,1,1,1
5,4,8,0.00018466086476109922,0,0,3,3,4,2,1,2,1,1,1,1
5,4,11,0.00350118987262249,0,0,3,3,4,5,1,2,1,1,1,1
5,4,13,0.00019448123930487782,0,0,3,3,4,1,1,3,1,1,1,1
5,4,14,0.00013178154767956585,0,0,3,3,4,2,1,3,1,1,1,1
5,4,16,0.00014278601156547666,0,0,3,3,4,4,1,3,1,1,1,1
5,4,17,0.0016215196810662746,0,0,3,3,4,5,1,3,1,1,1,1
5,4,19,0.000533028447534889,0,0,3,3,4,1,1,4,1,1,1,1
5,4,20,0.0005008296575397253,0,0,3,3,4,2,1,4,1,1,1,1
5,4,22,0.0010607951553538442,0,0,3,3,4,4,1,4,1,1,1,1
5,4,26,0.00037772086216136813,0,0,3,3,4,2,1,5,1,1,1,1
5,4,27,0.00016570302250329405,0,0,3,3,4,3,1,5,1,1,1,1
5,4,29,0.0003491529496386647,0,0,3,3,4,5,1,5,1,1,1,1
5,4,32,0.00014550448395311832,0,0,3,4,4,2,1,2,1,1,1,1
5,4,33,6.666918488917872e-05,0,0,3,4,4,3,1,3,1,1,1,1
5,4,37,0.003909429535269737,0,0,3,5,4,2,1,2,1,2,1,2
5,4,38,0.02164340764284134,0,0,3,5,4,3,1,3,1,2,1,2
5,4,39,0.009775153361260891,0,0,3,5,4,4,1,4,1,2,1,2
5,4,41,0.0056544579565525055,0,1,3,6,4,1,1,0,1,0,1,1
5,4,44,0.0455215759575367,0,1,3,6,4,4,1,0,1,0,1,1
5,4,45,0.8894315958023071,0,1,3,6,4,5,1,0,1,0,1,1
5,5,0,0.05360351502895355,0,0,3,1,5,0,1,0,1,2,1,4
5,5,2,0.0099668363109231,0,0,3,3,5,2,1,1,1,1,1,1
5,5,3,0.10871785134077072,0,0,3,3,5,3,1,1,1,1,1,1
5,5,7,0.15601740777492523,0,0,3,3,5,1,1,2,1,1,1,1
5,5,8,0.0035066106356680393,0,0,3,3,5,2,1,2,1,1,1,1
5,5,11,0.022017138078808784,0,0,3,3,5,5,1,2,1,1,1,1
5,5,13,0.012976967729628086,0,0,3,3,5,1,1,3,1,1,1,1
5,5,14,0.001709060394205153,0,0,3,3,5,2,1,3,1,1,1,1
5,5,16,0.0006817844114266336,0,0,3,3,5,4,1,3,1,1,1,1
5,5,17,0.008057123981416225,0,0,3,3,5,5,1,3,1,1,1,1
5,5,19,0.016192033886909485,0,0,3,3,5,1,1,4,1,1,1,1
5,5,20,0.003698417218402028,0,0,3,3,5,2,1,4,1,1,1,1
5,5,22,0.008546808734536171,0,0,3,3,5,4,1,4,1,1,1,1
5,5,26,0.0071700443513691425,0,0,3,3,5,2,1,5,1,1,1,1
5,5,27,0.00601561926305294,0,0,3,3,5,3,1,5,1,1,1,1
5,5,29,0.0018246173858642578,0,0,3,3,5,5,1,5,1,1,1,1
5,5,32,0.0015105883358046412,0,0,3,4,5,2,1,2,1,1,1,1
5,5,33,0.0023258866276592016,0,0,3,4,5,3,1,3,1,1,1,1
5,5,37,0.031572598963975906,0,0,3,5,5,2,1,2,1,2,1,2
5,5,38,0.1246047243475914,0,0,3,5,5,3,1,3,1,2,1,2
5,5,39,0.01980014331638813,0,0,3,5,5,4,1,4,1,2,1,2
5,5,41,0.05963783711194992,0,1,3,6,5,1,1,0,1,0,1,1
5,5,44,0.04754353314638138,0,1,3,6,5,4,1,0,1,0,1,1
5,5,45,0.2923029363155365,0,1,3,6,5,5,1,0,1,0,1,1
5,6,0,3.057593494304456e-05,0,0,3,1,6,0,1,0,1,2,1,4
5,6,2,0.00414939085021615,0,0,3,3,6,2,1,1,1,1,1,1
5,6,3,0.3717871606349945,0,0,3,3,6,3,1,1,1,1,1,1
5,6,7,0.006188546773046255,0,0,3,3,6,1,1,2,1,1,1,1
5,6,8,0.00016579114890191704,0,0,3,3,6,2,1,2,1,1,1,1
5,6,11,0.02810353972017765,0,0,3,3,6,5,1,2,1,1,1,1
5,6,13,0.0009457994601689279,0,0,3,3,6,1,1,3,1,1,1,1
5,6,14,0.0003875375841744244,0,0,3,3,6,2,1,3,1,1,1,1
5,6,16,0.00020265574858058244,0,0,3,3,6,4,1,3,1,1,1,1
5,6,17,0.00037877907743677497,0,0,3,3,6,5,1,3,1,1,1,1
5,6,19,0.00044899407657794654,0,0,3,3,6,1,1,4,1,1,1,1
5,6,20,0.00032412304426543415,0,0,3,3,6,2,1,4,1,1,1,1
5,6,22,0.006865587551146746,0,0,3,3,6,4,1,4,1,1,1,1
5,6,26,0.003968799952417612,0,0,3,3,6,2,1,5,1,1,1,1
5,6,27,0.0024706628173589706,0,0,3,3,6,3,1,5,1,1,1,1
5,6,29,0.001544649712741375,0,0,3,3,6,5,1,5,1,1,1,1
5,6,32,0.00010940234642475843,0,0,3,4,6,2,1,2,1,1,1,1
5,6,33,6.474550173152238e-05,0,0,3,4,6,3,1,3,1,1,1,1
5,6,37,0.00016836611030157655,0,0,3,5,6,2,1,2,1,2,1,2
5,6,38,0.0005765448440797627,0,0,3,5,6,3,1,3,1,2,1,2
5,6,39,0.0010412991978228092,0,0,3,5,6,4,1,4,1,2,1,2
5,6,41,0.028142495080828667,0,1,3,6,6,1,1,0,1,0,1,1
5,6,44,0.03804684430360794,0,1,3,6,6,4,1,0,1,0,1,1
5,6,45,0.5038872957229614,0,1,3,6,6,5,1,0,1,0,1,1
5,9,0,0.0008281181217171252,0,0,3,1,3,0,2,0,1,2,1,4
5,9,2,0.01496978010982275,0,0,3,3,3,2,2,1,1,1,1,1
5,9,3,0.40447118878364563,0,0,3,3,3,3,2,1,1,1,1,1
5,9,7,0.08661498129367828,0,0,3,3,3,1,2,2,1,1,1,1
5,9,8,0.00845810305327177,0,0,3,3,3,2,2,2,1,1,1,1
5,9,11,0.004963432438671589,0,0,3,3,3,5,2,2,1,1,1,1
5,9,13,0.017373619601130486,0,0,3,3,3,1,2,3,1,1,1,1
5,9,14,0.009228977374732494,0,0,3,3,3,2,2,3,1,1,1,1
5,9,16,0.0006569496472366154,0,0,3,3,3,4,2,3,1,1,1,1
5,9,17,0.0019424671772867441,0,0,3,3,3,5,2,3,1,1,1,1
5,9,19,0.014277092181146145,0,0,3,3,3,1,2,4,1,1,1,1
5,9,20,0.002893324475735426,0,0,3,3,3,2,2,4,1,1,1,1
5,9,22,0.007231816183775663,0,0,3,3,3,4,2,4,1,1,1,1
5,9,26,0.055040668696165085,0,0,3,3,3,2,2,5,1,1,1,1
5,9,27,0.3426286578178406,0,0,3,3,3,3,2,5,1,1,1,1
5,9,29,0.009043816477060318,0,0,3,3,3,5,2,5,1,1,1,1
5,9,32,0.002212611958384514,0,0,3,4,3,2,2,2,1,1,1,1
5,9,33,0.0037444918416440487,0,0,3,4,3,3,2,3,1,1,1,1
5,9,37,0.001019574934616685,0,0,3,5,3,2,2,2,1,2,1,2
5,9,38,0.0013552071759477258,0,0,3,5,3,3,2,3,1,2,1,2
5,9,39,0.0003314293280709535,0,0,3,5,3,4,2,4,1,2,1,2
5,9,41,0.00912250392138958,0,1,3,6,3,1,2,0,1,0,1,1
5,9,44,0.0009450956131331623,0,1,3,6,3,4,2,0,1,0,1,1
5,9,45,0.0006456308765336871,0,1,3,6,3,5,2,0,1,0,1,1
5,10,0,0.00041190264164470136,0,0,3,1,4,0,2,0,1,2,1,4
5,10,2,0.0028859165031462908,0,0,3,3,4,2,2,1,1,1,1,1
5,10,3,0.02796446718275547,0,0,3,3,4,3,2,1,1,1,1,1
5,10,7,0.007062214892357588,0,0,3,3,4,1,2,2,1,1,1,1
5,10,8,0.00021129798551555723,0,0,3,3,4,2,2,2,1,1,1,1
5,10,11,0.019622132182121277,0,0,3,3,4,5,2,2,1,1,1,1
5,10,13,0.001901232055388391,0,0,3,3,4,1,2,3,1,1,1,1
5,10,14,0.0005841223755851388,0,0,3,3,4,2,2,3,1,1,1,1
5,10,16,0.0008864299743436277,0,0,3,3,4,4,2,3,1,1,1,1
5,10,17,0.0010194205678999424,0,0,3,3,4,5,2,3,1,1,1,1
5,10,19,0.0006773485220037401,0,0,3,3,4,1,2,4,1,1,1,1
5,10,20,0.00040659954538568854,0,0,3,3,4,2,2,4,1,1,1,1
5,10,22,0.005243816878646612,0,0,3,3,4,4,2,4,1,1,1,1
5,10,26,0.0010782862082123756,0,0,3,3,4,2,2,5,1,1,1,1
5,10,27,0.00023114538635127246,0,0,3,3,4,3,2,5,1,1,1,1
5,10,29,0.0007143310504034162,0,0,3,3,4,5,2,5,1,1,1,1
5,10,32,0.0002793145249597728,0,0,3,4,4,2,2,2,1,1,1,1
5,10,33,0.0001013203218462877,0,0,3,4,4,3,2,3,1,1,1,1
5,10,37,0.0004559805092867464,0,0,3,5,4,2,2,2,1,2,1,2
5,10,38,0.002624727552756667,0,0,3,5,4,3,2,3,1,2,1,2
5,10,39,0.0038037558551877737,0,0,3,5,4,4,2,4,1,2,1,2
5,10,41,0.026032716035842896,0,1,3,6,4,1,2,0,1,0,1,1
5,10,44,0.03854634612798691,0,1,3,6,4,4,2,0,1,0,1,1
5,10,45,0.8572555780410767,0,1,3,6,4,5,2,0,1,0,1,1
5,12,0,4.225028169457801e-05,0,0,3,1,6,0,2,0,1,2,1,4
5,12,2,0.005188032053411007,0,0,3,3,6,2,2,1,1,1,1,1
5,12,3,0.7069154977798462,0,0,3,3,6,3,2,1,1,1,1,1
5,12,7,0.06069027632474899,0,0,3,3,6,1,2,2,1,1,1,1
5,12,8,0.0003834888048004359,0,0,3,3,6,2,2,2,1,1,1,1
5,12,11,0.03446347638964653,0,0,3,3,6,5,2,2,1,1,1,1
5,12,13,0.01517458725720644,0,0,3,3,6,1,2,3,1,1,1,1
5,12,14,0.0029533396009355783,0,0,3,3,6,2,2,3,1,1,1,1
5,12,16,0.0008632014505565166,0,0,3,3,6,4,2,3,1,1,1,1
5,12,17,0.0003977792803198099,0,0,3,3,6,5,2,3,1,1,1,1
5,12,19,0.0014180601574480534,0,0,3,3,6,1,2,4,1,1,1,1
5,12,20,0.0003301823453512043,0,0,3,3,6,2,2,4,1,1,1,1
5,12,22,0.015472148545086384,0,0,3,3,6,4,2,4,1,1,1,1
5,12,26,0.01035361923277378,0,0,3,3,6,2,2,5,1,1,1,1
5,12,27,0.00768641522154212,0,0,3,3,6,3,2,5,1,1,1,1
5,12,29,0.0019565573893487453,0,0,3,3,6,5,2,5,1,1,1,1
5,12,32,0.00028394756373018026,0,0,3,4,6,2,2,2,1,1,1,1
5,12,33,0.00020059685630258173,0,0,3,4,6,3,2,3,1,1,1,1
5,12,37,2.0616327674360946e-05,0,0,3,5,6,2,2,2,1,2,1,2
5,12,38,0.00021532972459681332,0,0,3,5,6,3,2,3,1,2,1,2
5,12,39,0.0002756044268608093,0,0,3,5,6,4,2,4,1,2,1,2
5,12,41,0.04252127185463905,0,1,3,6,6,1,2,0,1,0,1,1
5,12,44,0.005752793047577143,0,1,3,6,6,4,2,0,1,0,1,1
5,12,45,0.08644076436758041,0,1,3,6,6,5,2,0,1,0,1,1
5,15,0,0.007630836684256792,0,0,3,1,3,0,3,0,1,2,1,4
5,15,2,0.010784422978758812,0,0,3,3,3,2,3,1,1,1,1,1
5,15,3,0.21351701021194458,0,0,3,3,3,3,3,1,1,1,1,1
5,15,7,0.5417045950889587,0,0,3,3,3,1,3,2,1,1,1,1
5,15,8,0.009761950932443142,0,0,3,3,3,2,3,2,1,1,1,1
5,15,11,0.004228022415190935,0,0,3,3,3,5,3,2,1,1,1,1
5,15,13,0.07384166866540909,0,0,3,3,3,1,3,3,1,1,1,1
5,15,14,0.003122966270893812,0,0,3,3,3,2,3,3,1,1,1,1
5,15,16,0.0008638878935016692,0,0,3,3,3,4,3,3,1,1,1,1
5,15,17,0.0012553212000057101,0,0,3,3,3,5,3,3,1,1,1,1
5,15,19,0.024835903197526932,0,0,3,3,3,1,3,4,1,1,1,1
5,15,20,0.001106522511690855,0,0,3,3,3,2,3,4,1,1,1,1
5,15,22,0.005159571301192045,0,0,3,3,3,4,3,4,1,1,1,1
5,15,26,0.012337991036474705,0,0,3,3,3,2,3,5,1,1,1,1
5,15,27,0.06946220248937607,0,0,3,3,3,3,3,5,1,1,1,1
5,15,29,0.005332845728844404,0,0,3,3,3,5,3,5,1,1,1,1
5,15,32,0.0017662199679762125,0,0,3,4,3,2,3,2,1,1,1,1
5,15,33,0.0025569673161953688,0,0,3,4,3,3,3,3,1,1,1,1
5,15,37,0.0007728894124738872,0,0,3,5,3,2,3,2,1,2,1,2
5,15,38,0.0009761782712303102,0,0,3,5,3,3,3,3,1,2,1,2
5,15,39,0.0005073109059594572,0,0,3,5,3,4,3,4,1,2,1,2
5,15,41,0.007794518489390612,0,1,3,6,3,1,3,0,1,0,1,1
5,15,44,0.00026433204766362906,0,1,3,6,3,4,3,0,1,0,1,1
5,15,45,0.0004158189403824508,0,1,3,6,3,5,3,0,1,0,1,1
5,18,0,0.0007768862997181714,0,0,3,1,6,0,3,0,1,2,1,4
5,18,2,0.0246219951659441,0,0,3,3,6,2,3,1,1,1,1,1
5,18,3,0.41995662450790405,0,0,3,3,6,3,3,1,1,1,1,1
5,18,7,0.13720615208148956,0,0,3,3,6,1,3,2,1,1,1,1
5,18,8,0.0034157156478613615,0,0,3,3,6,2,3,2,1,1,1,1
5,18,11,0.061224378645420074,0,0,3,3,6,5,3,2,1,1,1,1
5,18,13,0.030649833381175995,0,0,3,3,6,1,3,3,1,1,1,1
5,18,14,0.003871477674692869,0,0,3,3,6,2,3,3,1,1,1,1
5,18,16,0.0028745990712195635,0,0,3,3,6,4,3,3,1,1,1,1
5,18,17,0.0034333947114646435,0,0,3,3,6,5,3,3,1,1,1,1
5,18,19,0.008156243711709976,0,0,3,3,6,1,3,4,1,1,1,1
5,18,20,0.0015688089188188314,0,0,3,3,6,2,3,4,1,1,1,1
5,18,22,0.036042630672454834,0,0,3,3,6,4,3,4,1,1,1,1
5,18,26,0.0107619883492589,0,0,3,3,6,2,3,5,1,1,1,1
5,18,27,0.010967952199280262,0,0,3,3,6,3,3,5,1,1,1,1
5,18,29,0.00811656191945076,0,0,3,3,6,5,3,5,1,1,1,1
5,18,32,0.0011293862480670214,0,0,3,4,6,2,3,2,1,1,1,1
5,18,33,0.0005616297130472958,0,0,3,4,6,3,3,3,1,1,1,1
5,18,37,0.0010805523488670588,0,0,3,5,6,2,3,2,1,2,1,2
5,18,38,0.0016163875116035342,0,0,3,5,6,3,3,3,1,2,1,2
5,18,39,0.0030609287787228823,0,0,3,5,6,4,3,4,1,2,1,2
5,18,41,0.07122034579515457,0,1,3,6,6,1,3,0,1,0,1,1
5,18,44,0.018448857590556145,0,1,3,6,6,4,3,0,1,0,1,1
5,18,45,0.13923636078834534,0,1,3,6,6,5,3,0,1,0,1,1
5,21,0,0.09554242342710495,0,0,3,1,3,0,4,0,1,2,1,4
5,21,2,0.009846731089055538,0,0,3,3,3,2,4,1,1,1,1,1
5,21,3,0.0518731065094471,0,0,3,3,3,3,4,1,1,1,1,1
5,21,7,0.6162237524986267,0,0,3,3,3,1,4,2,1,1,1,1
5,21,8,0.015265949070453644,0,0,3,3,3,2,4,2,1,1,1,1
5,21,11,0.0011746730888262391,0,0,3,3,3,5,4,2,1,1,1,1
5,21,13,0.027844399213790894,0,0,3,3,3,1,4,3,1,1,1,1
5,21,14,0.004065853077918291,0,0,3,3,3,2,4,3,1,1,1,1
5,21,16,0.00018851949425879866,0,0,3,3,3,4,4,3,1,1,1,1
5,21,17,0.0029312341939657927,0,0,3,3,3,5,4,3,1,1,1,1
5,21,19,0.039787884801626205,0,0,3,3,3,1,4,4,1,1,1,1
5,21,20,0.0027658201288431883,0,0,3,3,3,2,4,4,1,1,1,1
5,21,22,0.0006865127943456173,0,0,3,3,3,4,4,4,1,1,1,1
5,21,26,0.009830254130065441,0,0,3,3,3,2,4,5,1,1,1,1
5,21,27,0.05850447341799736,0,0,3,3,3,3,4,5,1,1,1,1
5,21,29,0.0008417086210101843,0,0,3,3,3,5,4,5,1,1,1,1
5,21,32,0.002847113413736224,0,0,3,4,3,2,4,2,1,1,1,1
5,21,33,0.005244171712547541,0,0,3,4,3,3,4,3,1,1,1,1
5,21,37,0.013690941035747528,0,0,3,5,3,2,4,2,1,2,1,2
5,21,38,0.030553555116057396,0,0,3,5,3,3,4,3,1,2,1,2
5,21,39,0.0004365419445093721,0,0,3,5,3,4,4,4,1,2,1,2
5,21,41,0.008641115389764309,0,1,3,6,3,1,4,0,1,0,1,1
5,21,44,0.0006646679248660803,0,1,3,6,3,4,4,0,1,0,1,1
5,21,45,0.000548720418009907,0,1,3,6,3,5,4,0,1,0,1,1
5,23,0,0.035933978855609894,0,0,3,1,5,0,4,0,1,2,1,4
5,23,2,0.006235180422663689,0,0,3,3,5,2,4,1,1,1,1,1
5,23,3,0.04868553206324577,0,0,3,3,5,3,4,1,1,1,1,1
5,23,7,0.6747666001319885,0,0,3,3,5,1,4,2,1,1,1,1
5,23,8,0.0052115232683718204,0,0,3,3,5,2,4,2,1,1,1,1
5,23,11,0.004294523969292641,0,0,3,3,5,5,4,2,1,1,1,1
5,23,13,0.05869407206773758,0,0,3,3,5,1,4,3,1,1,1,1
5,23,14,0.0061219497583806515,0,0,3,3,5,2,4,3,1,1,1,1
5,23,16,0.0003443273308221251,0,0,3,3,5,4,4,3,1,1,1,1
5,23,17,0.004096373915672302,0,0,3,3,5,5,4,3,1,1,1,1
5,23,19,0.027394356206059456,0,0,3,3,5,1,4,4,1,1,1,1
5,23,20,0.002285224385559559,0,0,3,3,5,2,4,4,1,1,1,1
5,23,22,0.0017165273893624544,0,0,3,3,5,4,4,4,1,1,1,1
5,23,26,0.005470939911901951,0,0,3,3,5,2,4,5,1,1,1,1
5,23,27,0.010485715232789516,0,0,3,3,5,3,4,5,1,1,1,1
5,23,29,0.00034302816493436694,0,0,3,3,5,5,4,5,1,1,1,1
5,23,32,0.002533175516873598,0,0,3,4,5,2,4,2,1,1,1,1
5,23,33,0.00478738360106945,0,0,3,4,5,3,4,3,1,1,1,1
5,23,37,0.005799784325063229,0,0,3,5,5,2,4,2,1,2,1,2
5,23,38,0.06514922529459,0,0,3,5,5,3,4,3,1,2,1,2
5,23,39,0.0010707121109589934,0,0,3,5,5,4,4,4,1,2,1,2
5,23,41,0.022404449060559273,0,1,3,6,5,1,4,0,1,0,1,1
5,23,44,0.0016047221142798662,0,1,3,6,5,4,4,0,1,0,1,1
5,23,45,0.004571056459099054,0,1,3,6,5,5,4,0,1,0,1,1
5,24,0,0.007302345708012581,0,0,3,1,6,0,4,0,1,2,1,4
5,24,2,0.005682544317096472,0,0,3,3,6,2,4,1,1,1,1,1
5,24,3,0.1101636216044426,0,0,3,3,6,3,4,1,1,1,1,1
5,24,7,0.029944298788905144,0,0,3,3,6,1,4,2,1,1,1,1
5,24,8,0.000938024022616446,0,0,3,3,6,2,4,2,1,1,1,1
5,24,11,0.016613900661468506,0,0,3,3,6,5,4,2,1,1,1,1
5,24,13,0.004631723742932081,0,0,3,3,6,1,4,3,1,1,1,1
5,24,14,0.0005881151300854981,0,0,3,3,6,2,4,3,1,1,1,1
5,24,16,0.0009966022334992886,0,0,3,3,6,4,4,3,1,1,1,1
5,24,17,0.0016620854148641229,0,0,3,3,6,5,4,3,1,1,1,1
5,24,19,0.003200270002707839,0,0,3,3,6,1,4,4,1,1,1,1
5,24,20,0.0005873132031410933,0,0,3,3,6,2,4,4,1,1,1,1
5,24,22,0.012105586938560009,0,0,3,3,6,4,4,4,1,1,1,1
5,24,26,0.0037290577311068773,0,0,3,3,6,2,4,5,1,1,1,1
5,24,27,0.0032143821008503437,0,0,3,3,6,3,4,5,1,1,1,1
5,24,29,0.003527974244207144,0,0,3,3,6,5,4,5,1,1,1,1
5,24,32,0.0005975361564196646,0,0,3,4,6,2,4,2,1,1,1,1
5,24,33,0.0006596817402169108,0,0,3,4,6,3,4,3,1,1,1,1
5,24,37,0.0011752411955967546,0,0,3,5,6,2,4,2,1,2,1,2
5,24,38,0.004833903629332781,0,0,3,5,6,3,4,3,1,2,1,2
5,24,39,0.008051017299294472,0,0,3,5,6,4,4,4,1,2,1,2
5,24,41,0.06718156486749649,0,1,3,6,6,1,4,0,1,0,1,1
5,24,44,0.06479410082101822,0,1,3,6,6,4,4,0,1,0,1,1
5,24,45,0.6478192210197449,0,1,3,6,6,5,4,0,1,0,1,1
5,25,0,0.001807558466680348,0,0,3,1,1,0,5,0,1,2,1,4
5,25,2,0.03650452941656113,0,0,3,3,1,2,5,1,1,1,1,1
5,25,3,0.1662444770336151,0,0,3,3,1,3,5,1,1,1,1,1
5,25,7,0.1462378203868866,0,0,3,3,1,1,5,2,1,1,1,1
5,25,8,0.02207641489803791,0,0,3,3,1,2,5,2,1,1,1,1
5,25,11,0.03694380074739456,0,0,3,3,1,5,5,2,1,1,1,1
5,25,13,0.1342637687921524,0,0,3,3,1,1,5,3,1,1,1,1
5,25,14,0.01746663823723793,0,0,3,3,1,2,5,3,1,1,1,1
5,25,16,0.018081603571772575,0,0,3,3,1,4,5,3,1,1,1,1
5,25,17,0.023123502731323242,0,0,3,3,1,5,5,3,1,1,1,1
5,25,19,0.0649590790271759,0,0,3,3,1,1,5,4,1,1,1,1
5,25,20,0.014412625692784786,0,0,3,3,1,2,5,4,1,1,1,1
5,25,22,0.11208897083997726,0,0,3,3,1,4,5,4,1,1,1,1
5,25,26,0.03585793077945709,0,0,3,3,1,2,5,5,1,1,1,1
5,25,27,0.09161925315856934,0,0,3,3,1,3,5,5,1,1,1,1
5,25,29,0.0368318036198616,0,0,3,3,1,5,5,5,1,1,1,1
5,25,32,0.005087108351290226,0,0,3,4,1,2,5,2,1,1,1,1
5,25,33,0.007635783404111862,0,0,3,4,1,3,5,3,1,1,1,1
5,25,37,0.0022131185978651047,0,0,3,5,1,2,5,2,1,2,1,2
5,25,38,0.00247657997533679,0,0,3,5,1,3,5,3,1,2,1,2
5,25,39,0.006133708171546459,0,0,3,5,1,4,5,4,1,2,1,2
5,25,41,0.011976614594459534,0,1,3,6,1,1,5,0,1,0,1,1
5,25,44,0.0021094726398587227,0,1,3,6,1,4,5,0,1,0,1,1
5,25,45,0.003847542917355895,0,1,3,6,1,5,5,0,1,0,1,1
5,28,0,0.07104512304067612,0,0,3,1,4,0,5,0,1,2,1,4
5,28,2,0.02854168228805065,0,0,3,3,4,2,5,1,1,1,1,1
5,28,3,0.03880235552787781,0,0,3,3,4,3,5,1,1,1,1,1
5,28,7,0.28406867384910583,0,0,3,3,4,1,5,2,1,1,1,1
5,28,8,0.021454593166708946,0,0,3,3,4,2,5,2,1,1,1,1
5,28,11,0.023730527609586716,0,0,3,3,4,5,5,2,1,1,1,1
5,28,13,0.07154189795255661,0,0,3,3,4,1,5,3,1,1,1,1
5,28,14,0.006030416116118431,0,0,3,3,4,2,5,3,1,1,1,1
5,28,16,0.0038959637749940157,0,0,3,3,4,4,5,3,1,1,1,1
5,28,17,0.02905878610908985,0,0,3,3,4,5,5,3,1,1,1,1
5,28,19,0.049859438091516495,0,0,3,3,4,1,5,4,1,1,1,1
5,28,20,0.00824368093162775,0,0,3,3,4,2,5,4,1,1,1,1
5,28,22,0.01962106116116047,0,0,3,3,4,4,5,4,1,1,1,1
5,28,26,0.00875928159803152,0,0,3,3,4,2,5,5,1,1,1,1
5,28,27,0.00516244163736701,0,0,3,3,4,3,5,5,1,1,1,1
5,28,29,0.003897512797266245,0,0,3,3,4,5,5,5,1,1,1,1
5,28,32,0.005089716054499149,0,0,3,4,4,2,5,2,1,1,1,1
5,28,33,0.004545883741229773,0,0,3,4,4,3,5,3,1,1,1,1
5,28,37,0.17009994387626648,0,0,3,5,4,2,5,2,1,2,1,2
5,28,38,0.08462194353342056,0,0,3,5,4,3,5,3,1,2,1,2
5,28,39,0.025158118456602097,0,0,3,5,4,4,5,4,1,2,1,2
5,28,41,0.018538372591137886,0,1,3,6,4,1,5,0,1,0,1,1
5,28,44,0.006262596696615219,0,1,3,6,4,4,5,0,1,0,1,1
5,28,45,0.011970099061727524,0,1,3,6,4,5,5,0,1,0,1,1
5,30,0,0.0002847556315828115,0,0,3,1,6,0,5,0,1,2,1,4
5,30,2,0.01877785287797451,0,0,3,3,6,2,5,1,1,1,1,1
5,30,3,0.6407027244567871,0,0,3,3,6,3,5,1,1,1,1,1
5,30,7,0.1656402349472046,0,0,3,3,6,1,5,2,1,1,1,1
5,30,8,0.001964639173820615,0,0,3,3,6,2,5,2,1,1,1,1
5,30,11,0.03787253424525261,0,0,3,3,6,5,5,2,1,1,1,1
5,30,13,0.01711546815931797,0,0,3,3,6,1,5,3,1,1,1,1
5,30,14,0.0017881073290482163,0,0,3,3,6,2,5,3,1,1,1,1
5,30,16,0.0005024763522669673,0,0,3,3,6,4,5,3,1,1,1,1
5,30,17,0.001975917024537921,0,0,3,3,6,5,5,3,1,1,1,1
5,30,19,0.005385103635489941,0,0,3,3,6,1,5,4,1,1,1,1
5,30,20,0.0013085317332297564,0,0,3,3,6,2,5,4,1,1,1,1
5,30,22,0.0147191621363163,0,0,3,3,6,4,5,4,1,1,1,1
5,30,26,0.012794961221516132,0,0,3,3,6,2,5,5,1,1,1,1
5,30,27,0.007129876408725977,0,0,3,3,6,3,5,5,1,1,1,1
5,30,29,0.0016856425208970904,0,0,3,3,6,5,5,5,1,1,1,1
5,30,32,0.00021883191948290914,0,0,3,4,6,2,5,2,1,1,1,1
5,30,33,0.000132438144646585,0,0,3,4,6,3,5,3,1,1,1,1
5,30,37,0.001346968929283321,0,0,3,5,6,2,5,2,1,2,1,2
5,30,38,0.0012935367412865162,0,0,3,5,6,3,5,3,1,2,1,2
5,30,39,0.0006352179334498942,0,0,3,5,6,4,5,4,1,2,1,2
5,30,41,0.01739414595067501,0,1,3,6,6,1,5,0,1,0,1,1
5,30,44,0.006676181219518185,0,1,3,6,6,4,5,0,1,0,1,1
5,30,45,0.04265507310628891,0,1,3,6,6,5,5,0,1,0,1,1
5,31,0,1.3873443094780669e-05,0,0,4,1,1,0,1,0,1,2,1,4
5,31,2,0.0005342320073395967,0,0,4,3,1,2,1,1,1,1,1,1
5,31,3,0.023304250091314316,0,0,4,3,1,3,1,1,1,1,1,1
5,31,7,9.471749945078045e-05,0,0,4,3,1,1,1,2,1,1,1,1
5,31,8,6.794876389903948e-05,0,0,4,3,1,2,1,2,1,1,1,1
5,31,11,0.0020088290330022573,0,0,4,3,1,5,1,2,1,1,1,1
5,31,13,5.605905607808381e-05,0,0,4,3,1,1,1,3,1,1,1,1
5,31,14,0.0001779451995389536,0,0,4,3,1,2,1,3,1,1,1,1
5,31,16,0.0003527398803271353,0,0,4,3,1,4,1,3,1,1,1,1
5,31,17,0.00012032354425173253,0,0,4,3,1,5,1,3,1,1,1,1
5,31,19,9.922749450197443e-05,0,0,4,3,1,1,1,4,1,1,1,1
5,31,20,0.00011264225031482056,0,0,4,3,1,2,1,4,1,1,1,1
5,31,22,0.0027082967571914196,0,0,4,3,1,4,1,4,1,1,1,1
5,31,26,0.0019219683017581701,0,0,4,3,1,2,1,5,1,1,1,1
5,31,27,0.013737345114350319,0,0,4,3,1,3,1,5,1,1,1,1
5,31,29,0.011330850422382355,0,0,4,3,1,5,1,5,1,1,1,1
5,31,32,0.00012168784451205283,0,0,4,4,1,2,1,2,1,1,1,1
5,31,33,0.00021047299378551543,0,0,4,4,1,3,1,3,1,1,1,1
5,31,37,1.634743853173859e-06,0,0,4,5,1,2,1,2,1,2,1,2
5,31,38,2.6574052753858268e-05,0,0,4,5,1,3,1,3,1,2,1,2
5,31,39,0.00040260079549625516,0,0,4,5,1,4,1,4,1,2,1,2
5,31,41,0.044300924986600876,0,1,4,6,1,1,1,0,1,0,1,1
5,31,44,0.09792838245630264,0,1,4,6,1,4,1,0,1,0,1,1
5,31,45,0.8003668189048767,0,1,4,6,1,5,1,0,1,0,1,1
5,34,0,0.017550289630889893,0,0,4,1,4,0,4,0,1,2,1,4
5,34,2,0.0008076821686699986,0,0,4,3,4,2,4,1,1,1,1,1
5,34,3,0.003235169220715761,0,0,4,3,4,3,4,1,1,1,1,1
5,34,7,0.0013321895385161042,0,0,4,3,4,1,4,2,1,1,1,1
5,34,8,0.0002601127198431641,0,0,4,3,4,2,4,2,1,1,1,1
5,34,11,0.0008985395543277264,0,0,4,3,4,5,4,2,1,1,1,1
5,34,13,0.0003910221275873482,0,0,4,3,4,1,4,3,1,1,1,1
5,34,14,0.00021600868785753846,0,0,4,3,4,2,4,3,1,1,1,1
5,34,16,0.00023276788124348968,0,0,4,3,4,4,4,3,1,1,1,1
5,34,17,0.00046027576900087297,0,0,4,3,4,5,4,3,1,1,1,1
5,34,19,0.0003271997265983373,0,0,4,3,4,1,4,4,1,1,1,1
5,34,20,8.180168515536934e-05,0,0,4,3,4,2,4,4,1,1,1,1
5,34,22,0.0005974738160148263,0,0,4,3,4,4,4,4,1,1,1,1
5,34,26,0.0002329496492166072,0,0,4,3,4,2,4,5,1,1,1,1
5,34,27,0.0005742906359955668,0,0,4,3,4,3,4,5,1,1,1,1
5,34,29,0.0007942574447952211,0,0,4,3,4,5,4,5,1,1,1,1
5,34,32,0.0005614169640466571,0,0,4,4,4,2,4,2,1,1,1,1
5,34,33,0.0005391664453782141,0,0,4,4,4,3,4,3,1,1,1,1
5,34,37,0.0001219055411638692,0,0,4,5,4,2,4,2,1,2,1,2
5,34,38,0.0027355540078133345,0,0,4,5,4,3,4,3,1,2,1,2
5,34,39,0.00232292409054935,0,0,4,5,4,4,4,4,1,2,1,2
5,34,41,0.0661773756146431,0,1,4,6,4,1,4,0,1,0,1,1
5,34,44,0.06977631151676178,0,1,4,6,4,4,4,0,1,0,1,1
5,34,45,0.8297732472419739,0,1,4,6,4,5,4,0,1,0,1,1
5,35,0,0.08759370446205139,0,0,4,1,5,0,5,0,1,2,1,4
5,35,2,0.008798319846391678,0,0,4,3,5,2,5,1,1,1,1,1
5,35,3,0.06740488857030869,0,0,4,3,5,3,5,1,1,1,1,1
5,35,7,0.10280247032642365,0,0,4,3,5,1,5,2,1,1,1,1
5,35,8,0.008201470598578453,0,0,4,3,5,2,5,2,1,1,1,1
5,35,11,0.015469614416360855,0,0,4,3,5,5,5,2,1,1,1,1
5,35,13,0.019123490899801254,0,0,4,3,5,1,5,3,1,1,1,1
5,35,14,0.0070188166573643684,0,0,4,3,5,2,5,3,1,1,1,1
5,35,16,0.004049753770232201,0,0,4,3,5,4,5,3,1,1,1,1
5,35,17,0.011874757707118988,0,0,4,3,5,5,5,3,1,1,1,1
5,35,19,0.013899853453040123,0,0,4,3,5,1,5,4,1,1,1,1
5,35,20,0.003440219908952713,0,0,4,3,5,2,5,4,1,1,1,1
5,35,22,0.013712361454963684,0,0,4,3,5,4,5,4,1,1,1,1
5,35,26,0.012694647535681725,0,0,4,3,5,2,5,5,1,1,1,1
5,35,27,0.02290651574730873,0,0,4,3,5,3,5,5,1,1,1,1
5,35,29,0.013592790812253952,0,0,4,3,5,5,5,5,1,1,1,1
5,35,32,0.0023065514396876097,0,0,4,4,5,2,5,2,1,1,1,1
5,35,33,0.0023325392976403236,0,0,4,4,5,3,5,3,1,1,1,1
5,35,37,0.0025374460965394974,0,0,4,5,5,2,5,2,1,2,1,2
5,35,38,0.018518196418881416,0,0,4,5,5,3,5,3,1,2,1,2
5,35,39,0.009951073676347733,0,0,4,5,5,4,5,4,1,2,1,2
5,35,41,0.08907978981733322,0,1,4,6,5,1,5,0,1,0,1,1
5,35,44,0.03221317008137703,0,1,4,6,5,4,5,0,1,0,1,1
5,35,45,0.4304770827293396,0,1,4,6,5,5,5,0,1,0,1,1
5,36,0,0.0702267587184906,0,0,5,1,1,0,1,0,2,2,2,4
5,36,2,0.00179624417796731,0,0,5,3,1,2,1,1,2,1,2,1
5,36,3,0.004210751969367266,0,0,5,3,1,3,1,1,2,1,2,1
5,36,7,0.00021713250316679478,0,0,5,3,1,1,1,2,2,1,2,1
5,36,8,0.00027624412905424833,0,0,5,3,1,2,1,2,2,1,2,1
5,36,11,0.000931398943066597,0,0,5,3,1,5,1,2,2,1,2,1
5,36,13,0.00019978065392933786,0,0,5,3,1,1,1,3,2,1,2,1
5,36,14,0.00012985964713152498,0,0,5,3,1,2,1,3,2,1,2,1
5,36,16,0.0008481145487166941,0,0,5,3,1,4,1,3,2,1,2,1
5,36,17,0.001175957964733243,0,0,5,3,1,5,1,3,2,1,2,1
5,36,19,0.0012338991509750485,0,0,5,3,1,1,1,4,2,1,2,1
5,36,20,0.0005021666875109076,0,0,5,3,1,2,1,4,2,1,2,1
5,36,22,0.006841824855655432,0,0,5,3,1,4,1,4,2,1,2,1
5,36,26,0.0007180183893069625,0,0,5,3,1,2,1,5,2,1,2,1
5,36,27,0.0015815467340871692,0,0,5,3,1,3,1,5,2,1,2,1
5,36,29,0.0037399500142782927,0,0,5,3,1,5,1,5,2,1,2,1
5,36,32,0.0027229676488786936,0,0,5,4,1,2,1,2,2,1,2,1
5,36,33,0.005927011836320162,0,0,5,4,1,3,1,3,2,1,2,1
5,36,37,0.0015032087685540318,0,0,5,5,1,2,1,2,2,2,2,2
5,36,38,0.009996617212891579,0,0,5,5,1,3,1,3,2,2,2,2
5,36,39,0.06606318056583405,0,0,5,5,1,4,1,4,2,2,2,2
5,36,41,0.031036701053380966,0,1,5,6,1,1,1,0,2,0,2,1
5,36,44,0.2992681860923767,0,1,5,6,1,4,1,0,2,0,2,1
5,36,45,0.488852858543396,0,1,5,6,1,5,1,0,2,0,2,1
5,40,0,0.6024977564811707,0,0,5,1,5,0,5,0,2,2,2,4
5,40,2,0.004587810020893812,0,0,5,3,5,2,5,1,2,1,2,1
5,40,3,0.006772549822926521,0,0,5,3,5,3,5,1,2,1,2,1
5,40,7,0.032373808324337006,0,0,5,3,5,1,5,2,2,1,2,1
5,40,8,0.002596235368400812,0,0,5,3,5,2,5,2,2,1,2,1
5,40,11,0.004943422041833401,0,0,5,3,5,5,5,2,2,1,2,1
5,40,13,0.02993023209273815,0,0,5,3,5,1,5,3,2,1,2,1
5,40,14,0.0013613582123070955,0,0,5,3,5,2,5,3,2,1,2,1
5,40,16,0.007353411987423897,0,0,5,3,5,4,5,3,2,1,2,1
5,40,17,0.006980613339692354,0,0,5,3,5,5,5,3,2,1,2,1
5,40,19,0.026355603709816933,0,0,5,3,5,1,5,4,2,1,2,1
5,40,20,0.004292366560548544,0,0,5,3,5,2,5,4,2,1,2,1
5,40,22,0.021410323679447174,0,0,5,3,5,4,5,4,2,1,2,1
5,40,26,0.002974888775497675,0,0,5,3,5,2,5,5,2,1,2,1
5,40,27,0.0008023494156077504,0,0,5,3,5,3,5,5,2,1,2,1
5,40,29,0.001791700953617692,0,0,5,3,5,5,5,5,2,1,2,1
5,40,32,0.00806486327201128,0,0,5,4,5,2,5,2,2,1,2,1
5,40,33,0.016086693853139877,0,0,5,4,5,3,5,3,2,1,2,1
5,40,37,0.02123095467686653,0,0,5,5,5,2,5,2,2,2,2,2
5,40,38,0.05847631394863129,0,0,5,5,5,3,5,3,2,2,2,2
5,40,39,0.11537523567676544,0,0,5,5,5,4,5,4,2,2,2,2
5,40,41,0.0064278095960617065,0,1,5,6,5,1,5,0,2,0,2,1
5,40,44,0.006457171402871609,0,1,5,6,5,4,5,0,2,0,2,1
5,40,45,0.010856623761355877,0,1,5,6,5,5,5,0,2,0,2,1
5,42,0,0.0029508713632822037,1,0,6,1,2,0,0,0,0,2,1,4
5,42,2,0.020104069262742996,1,0,6,3,2,2,0,1,0,1,1,1
5,42,3,0.011582188308238983,1,0,6,3,2,3,0,1,0,1,1,1
5,42,7,0.007181446999311447,1,0,6,3,2,1,0,2,0,1,1,1
5,42,8,0.027508465573191643,1,0,6,3,2,2,0,2,0,1,1,1
5,42,11,0.0606805793941021,1,0,6,3,2,5,0,2,0,1,1,1
5,42,13,0.006179672200232744,1,0,6,3,2,1,0,3,0,1,1,1
5,42,14,0.006031884346157312,1,0,6,3,2,2,0,3,0,1,1,1
5,42,16,0.008954176679253578,1,0,6,3,2,4,0,3,0,1,1,1
5,42,17,0.050051458179950714,1,0,6,3,2,5,0,3,0,1,1,1
5,42,19,0.01248397771269083,1,0,6,3,2,1,0,4,0,1,1,1
5,42,20,0.040891099721193314,1,0,6,3,2,2,0,4,0,1,1,1
5,42,22,0.011346731334924698,1,0,6,3,2,4,0,4,0,1,1,1
5,42,26,0.01302266400307417,1,0,6,3,2,2,0,5,0,1,1,1
5,42,27,0.010918661020696163,1,0,6,3,2,3,0,5,0,1,1,1
5,42,29,0.02314835786819458,1,0,6,3,2,5,0,5,0,1,1,1
5,42,32,0.009105462580919266,1,0,6,4,2,2,0,2,0,1,1,1
5,42,33,0.017502950504422188,1,0,6,4,2,3,0,3,0,1,1,1
5,42,37,0.4673312306404114,1,0,6,5,2,2,0,2,0,2,1,2
5,42,38,0.09223717451095581,1,0,6,5,2,3,0,3,0,2,1,2
5,42,39,0.06425204873085022,1,0,6,5,2,4,0,4,0,2,1,2
5,42,41,0.005563517101109028,1,1,6,6,2,1,0,0,0,0,1,1
5,42,44,0.01723635382950306,1,1,6,6,2,4,0,0,0,0,1,1
5,42,45,0.013735112734138966,1,1,6,6,2,5,0,0,0,0,1,1
5,43,0,0.00045536240213550627,1,0,6,1,3,0,0,0,0,2,1,4
5,43,2,0.00459983479231596,1,0,6,3,3,2,0,1,0,1,1,1
5,43,3,0.0023647835478186607,1,0,6,3,3,3,0,1,0,1,1,1
5,43,7,0.0029545840807259083,1,0,6,3,3,1,0,2,0,1,1,1
5,43,8,0.012375464662909508,1,0,6,3,3,2,0,2,0,1,1,1
5,43,11,0.002736060181632638,1,0,6,3,3,5,0,2,0,1,1,1
5,43,13,0.00039866770384833217,1,0,6,3,3,1,0,3,0,1,1,1
5,43,14,0.0003523492778185755,1,0,6,3,3,2,0,3,0,1,1,1
5,43,16,0.0001958907232619822,1,0,6,3,3,4,0,3,0,1,1,1
5,43,17,0.00938971247524023,1,0,6,3,3,5,0,3,0,1,1,1
5,43,19,0.00504704937338829,1,0,6,3,3,1,0,4,0,1,1,1
5,43,20,0.010629495605826378,1,0,6,3,3,2,0,4,0,1,1,1
5,43,22,0.000439553230535239,1,0,6,3,3,4,0,4,0,1,1,1
5,43,26,0.003420376917347312,1,0,6,3,3,2,0,5,0,1,1,1
5,43,27,0.007967241108417511,1,0,6,3,3,3,0,5,0,1,1,1
5,43,29,0.0032937077339738607,1,0,6,3,3,5,0,5,0,1,1,1
5,43,32,0.0004440037300810218,1,0,6,4,3,2,0,2,0,1,1,1
5,43,33,0.0008537251851521432,1,0,6,4,3,3,0,3,0,1,1,1
5,43,37,0.9078086614608765,1,0,6,5,3,2,0,2,0,2,1,2
5,43,38,0.020238175988197327,1,0,6,5,3,3,0,3,0,2,1,2
5,43,39,0.0032566837035119534,1,0,6,5,3,4,0,4,0,2,1,2
5,43,41,0.000146195525303483,1,1,6,6,3,1,0,0,0,0,1,1
5,43,44,0.000506844837218523,1,1,6,6,3,4,0,0,0,0,1,1
5,43,45,0.00012593826977536082,1,1,6,6,3,5,0,0,0,0,1,1
5,46,0,0.00015025032917037606,1,0,6,1,6,0,0,0,0,2,1,4
5,46,2,0.016232576221227646,1,0,6,3,6,2,0,1,0,1,1,1
5,46,3,0.03467157855629921,1,0,6,3,6,3,0,1,0,1,1,1
5,46,7,0.0026809454429894686,1,0,6,3,6,1,0,2,0,1,1,1
5,46,8,0.0039739059284329414,1,0,6,3,6,2,0,2,0,1,1,1
5,46,11,0.2664109170436859,1,0,6,3,6,5,0,2,0,1,1,1
5,46,13,0.003266984596848488,1,0,6,3,6,1,0,3,0,1,1,1
5,46,14,0.003678246634081006,1,0,6,3,6,2,0,3,0,1,1,1
5,46,16,0.010735743679106236,1,0,6,3,6,4,0,3,0,1,1,1
5,46,17,0.02417794242501259,1,0,6,3,6,5,0,3,0,1,1,1
5,46,19,0.0029101234395056963,1,0,6,3,6,1,0,4,0,1,1,1
5,46,20,0.021513089537620544,1,0,6,3,6,2,0,4,0,1,1,1
5,46,22,0.04227234050631523,1,0,6,3,6,4,0,4,0,1,1,1
5,46,26,0.015864964574575424,1,0,6,3,6,2,0,5,0,1,1,1
5,46,27,0.004046836867928505,1,0,6,3,6,3,0,5,0,1,1,1
5,46,29,0.01942862756550312,1,0,6,3,6,5,0,5,0,1,1,1
5,46,32,0.0016626950819045305,1,0,6,4,6,2,0,2,0,1,1,1
5,46,33,0.0026280973106622696,1,0,6,4,6,3,0,3,0,1,1,1
5,46,37,0.036298252642154694,1,0,6,5,6,2,0,2,0,2,1,2
5,46,38,0.01695026457309723,1,0,6,5,6,3,0,3,0,2,1,2
5,46,39,0.03467807546257973,1,0,6,5,6,4,0,4,0,2,1,2
5,46,41,0.013711311854422092,1,1,6,6,6,1,0,0,0,0,1,1
5,46,44,0.0784960612654686,1,1,6,6,6,4,0,0,0,0,1,1
5,46,45,0.3435600697994232,1,1,6,6,6,5,0,0,0,0,1,1
5,47,0,0.01999954879283905,2,0,7,1,0,0,0,0,0,2,4,4
5,47,2,0.012567250989377499,2,0,7,3,0,2,0,1,0,1,4,1
5,47,3,0.01066598016768694,2,0,7,3,0,3,0,1,0,1,4,1
5,47,7,0.018679575994610786,2,0,7,3,0,1,0,2,0,1,4,1
5,47,8,0.02970418520271778,2,0,7,3,0,2,0,2,0,1,4,1
5,47,11,0.006485342513769865,2,0,7,3,0,5,0,2,0,1,4,1
5,47,13,0.06257294118404388,2,0,7,3,0,1,0,3,0,1,4,1
5,47,14,0.06312575191259384,2,0,7,3,0,2,0,3,0,1,4,1
5,47,16,0.016507428139448166,2,0,7,3,0,4,0,3,0,1,4,1
5,47,17,0.019200442358851433,2,0,7,3,0,5,0,3,0,1,4,1
5,47,19,0.036788348108530045,2,0,7,3,0,1,0,4,0,1,4,1
5,47,20,0.026045702397823334,2,0,7,3,0,2,0,4,0,1,4,1
5,47,22,0.01024799607694149,2,0,7,3,0,4,0,4,0,1,4,1
5,47,26,0.015042118728160858,2,0,7,3,0,2,0,5,0,1,4,1
5,47,27,0.0717168003320694,2,0,7,3,0,3,0,5,0,1,4,1
5,47,29,0.008689013309776783,2,0,7,3,0,5,0,5,0,1,4,1
5,47,32,0.0933644101023674,2,0,7,4,0,2,0,2,0,1,4,1
5,47,33,0.41979318857192993,2,0,7,4,0,3,0,3,0,1,4,1
5,47,37,0.007027946412563324,2,0,7,5,0,2,0,2,0,2,4,2
5,47,38,0.04241608455777168,2,0,7,5,0,3,0,3,0,2,4,2
5,47,39,0.0069040572270751,2,0,7,5,0,4,0,4,0,2,4,2
5,47,41,0.001894101733341813,2,1,7,6,0,1,0,0,0,0,4,1
5,47,44,0.000422511511715129,2,1,7,6,0,4,0,0,0,0,4,1
5,47,45,0.00013915824820287526,2,1,7,6,0,5,0,0,0,0,4,1
6,1,0,0.4976750612258911,0,0,3,1,1,0,1,0,1,2,1,4
6,1,3,0.056839972734451294,0,0,3,3,1,3,1,1,1,1,1,1
6,1,4,0.004541054833680391,0,0,3,3,1,4,1,1,1,1,1,1
6,1,5,0.00456111878156662,0,0,3,3,1,5,1,1,1,1,1,1
6,1,9,0.001376100815832615,0,0,3,3,1,3,1,2,1,1,1,1
6,1,11,0.011356811970472336,0,0,3,3,1,5,1,2,1,1,1,1
6,1,12,0.01702798902988434,0,0,3,3,1,6,1,2,1,1,1,1
6,1,14,0.011187894269824028,0,0,3,3,1,2,1,3,1,1,1,1
6,1,16,0.00777249364182353,0,0,3,3,1,4,1,3,1,1,1,1
6,1,17,0.07945725321769714,0,0,3,3,1,5,1,3,1,1,1,1
6,1,20,0.008751805871725082,0,0,3,3,1,2,1,4,1,1,1,1
6,1,21,0.00579810980707407,0,0,3,3,1,3,1,4,1,1,1,1
6,1,22,0.002859655534848571,0,0,3,3,1,4,1,4,1,1,1,1
6,1,25,0.0037692314945161343,0,0,3,3,1,1,1,5,1,1,1,1
6,1,27,0.03778707981109619,0,0,3,3,1,3,1,5,1,1,1,1
6,1,30,0.027547234669327736,0,0,3,3,1,6,1,5,1,1,1,1
6,1,33,0.054653845727443695,0,0,3,4,1,3,1,3,1,1,1,1
6,1,34,0.00017928633315023035,0,0,3,4,1,4,1,4,1,1,1,1
6,1,35,0.06835635006427765,0,0,3,4,1,5,1,5,1,1,1,1
6,1,39,0.009651178494095802,0,0,3,5,1,4,1,4,1,2,1,2
6,1,40,0.035289615392684937,0,0,3,5,1,5,1,5,1,2,1,2
6,1,41,0.0006132042035460472,0,1,3,6,1,1,1,0,1,0,1,1
6,1,44,0.004303254187107086,0,1,3,6,1,4,1,0,1,0,1,1
6,1,46,0.04864436015486717,0,1,3,6,1,6,1,0,1,0,1,1
6,2,0,0.2944459915161133,0,0,3,1,2,0,1,0,1,2,1,4
6,2,3,0.014396163634955883,0,0,3,3,2,3,1,1,1,1,1,1
6,2,4,0.0027949984651058912,0,0,3,3,2,4,1,1,1,1,1,1
6,2,5,0.0038935504853725433,0,0,3,3,2,5,1,1,1,1,1,1
6,2,9,0.000608065165579319,0,0,3,3,2,3,1,2,1,1,1,1
6,2,11,0.0012700973311439157,0,0,3,3,2,5,1,2,1,1,1,1
6,2,12,0.007798401173204184,0,0,3,3,2,6,1,2,1,1,1,1
6,2,14,0.0037112112622708082,0,0,3,3,2,2,1,3,1,1,1,1
6,2,16,0.008391181007027626,0,0,3,3,2,4,1,3,1,1,1,1
6,2,17,0.06603354215621948,0,0,3,3,2,5,1,3,1,1,1,1
6,2,20,0.0011500901309773326,0,0,3,3,2,2,1,4,1,1,1,1
6,2,21,0.0018614329164847732,0,0,3,3,2,3,1,4,1,1,1,1
6,2,22,0.0013062157668173313,0,0,3,3,2,4,1,4,1,1,1,1
6,2,25,0.002008088631555438,0,0,3,3,2,1,1,5,1,1,1,1
6,2,27,0.00961381383240223,0,0,3,3,2,3,1,5,1,1,1,1
6,2,30,0.009953292086720467,0,0,3,3,2,6,1,5,1,1,1,1
6,2,33,0.03398928418755531,0,0,3,4,2,3,1,3,1,1,1,1
6,2,34,0.00022881636687088758,0,0,3,4,2,4,1,4,1,1,1,1
6,2,35,0.03405686840415001,0,0,3,4,2,5,1,5,1,1,1,1
6,2,39,0.017699401825666428,0,0,3,5,2,4,1,4,1,2,1,2
6,2,40,0.06104158237576485,0,0,3,5,2,5,1,5,1,2,1,2
6,2,41,0.013851271010935307,0,1,3,6,2,1,1,0,1,0,1,1
6,2,44,0.034971799701452255,0,1,3,6,2,4,1,0,1,0,1,1
6,2,46,0.37492460012435913,0,1,3,6,2,6,1,0,1,0,1,1
6,6,0,0.07740654051303864,0,0,3,1,6,0,1,0,1,2,1,4
6,6,3,0.018308965489268303,0,0,3,3,6,3,1,1,1,1,1,1
6,6,4,0.0014205786865204573,0,0,3,3,6,4,1,1,1,1,1,1
6,6,5,0.0024965598713606596,0,0,3,3,6,5,1,1,1,1,1,1
6,6,9,0.0003711452300194651,0,0,3,3,6,3,1,2,1,1,1,1
6,6,11,0.0016955366590991616,0,0,3,3,6,5,1,2,1,1,1,1
6,6,12,0.007196994498372078,0,0,3,3,6,6,1,2,1,1,1,1
6,6,14,0.014320556074380875,0,0,3,3,6,2,1,3,1,1,1,1
6,6,16,0.008262348361313343,0,0,3,3,6,4,1,3,1,1,1,1
6,6,17,0.3287324607372284,0,0,3,3,6,5,1,3,1,1,1,1
6,6,20,0.009588724933564663,0,0,3,3,6,2,1,4,1,1,1,1
6,6,21,0.003619191935285926,0,0,3,3,6,3,1,4,1,1,1,1
6,6,22,0.0024540629237890244,0,0,3,3,6,4,1,4,1,1,1,1
6,6,25,0.0058906893245875835,0,0,3,3,6,1,1,5,1,1,1,1
6,6,27,0.03588113933801651,0,0,3,3,6,3,1,5,1,1,1,1
6,6,30,0.02455255761742592,0,0,3,3,6,6,1,5,1,1,1,1
6,6,33,0.08661392331123352,0,0,3,4,6,3,1,3,1,1,1,1
6,6,34,0.0015696065966039896,0,0,3,4,6,4,1,4,1,1,1,1
6,6,35,0.1571374237537384,0,0,3,4,6,5,1,5,1,1,1,1
6,6,39,0.027598029002547264,0,0,3,5,6,4,1,4,1,2,1,2
6,6,40,0.11485826969146729,0,0,3,5,6,5,1,5,1,2,1,2
6,6,41,0.0005683135823346674,0,1,3,6,6,1,1,0,1,0,1,1
6,6,44,0.002174434717744589,0,1,3,6,6,4,1,0,1,0,1,1
6,6,46,0.0672818273305893,0,1,3,6,6,6,1,0,1,0,1,1
6,7,0,0.003922794945538044,0,0,3,1,1,0,2,0,1,2,1,4
6,7,3,0.003357204608619213,0,0,3,3,1,3,2,1,1,1,1,1
6,7,4,0.0006201718933880329,0,0,3,3,1,4,2,1,1,1,1,1
6,7,5,0.00040287672891281545,0,0,3,3,1,5,2,1,1,1,1,1
6,7,9,3.5071527236141264e-05,0,0,3,3,1,3,2,2,1,1,1,1
6,7,11,0.00015950595843605697,0,0,3,3,1,5,2,2,1,1,1,1
6,7,12,0.0002848914882633835,0,0,3,3,1,6,2,2,1,1,1,1
6,7,14,0.0007202739943750203,0,0,3,3,1,2,2,3,1,1,1,1
6,7,16,0.0005797898629680276,0,0,3,3,1,4,2,3,1,1,1,1
6,7,17,0.004536087159067392,0,0,3,3,1,5,2,3,1,1,1,1
6,7,20,0.0012703019892796874,0,0,3,3,1,2,2,4,1,1,1,1
6,7,21,0.0024865709710866213,0,0,3,3,1,3,2,4,1,1,1,1
6,7,22,0.0012106960639357567,0,0,3,3,1,4,2,4,1,1,1,1
6,7,25,9.276387572754174e-05,0,0,3,3,1,1,2,5,1,1,1,1
6,7,27,0.003272365080192685,0,0,3,3,1,3,2,5,1,1,1,1
6,7,30,0.00033414564677514136,0,0,3,3,1,6,2,5,1,1,1,1
6,7,33,0.0033531642984598875,0,0,3,4,1,3,2,3,1,1,1,1
6,7,34,5.360579598345794e-05,0,0,3,4,1,4,2,4,1,1,1,1
6,7,35,0.0032342171762138605,0,0,3,4,1,5,2,5,1,1,1,1
6,7,39,0.0008227770449593663,0,0,3,5,1,4,2,4,1,2,1,2
6,7,40,0.0034012726973742247,0,0,3,5,1,5,2,5,1,2,1,2
6,7,41,0.030464008450508118,0,1,3,6,1,1,2,0,1,0,1,1
6,7,44,0.309630423784256,0,1,3,6,1,4,2,0,1,0,1,1
6,7,46,0.6257544159889221,0,1,3,6,1,6,2,0,1,0,1,1
6,8,0,0.04107462987303734,0,0,3,1,2,0,2,0,1,2,1,4
6,8,3,0.01019182801246643,0,0,3,3,2,3,2,1,1,1,1,1
6,8,4,0.0008323854999616742,0,0,3,3,2,4,2,1,1,1,1,1
6,8,5,0.0015300875529646873,0,0,3,3,2,5,2,1,1,1,1,1
6,8,9,1.818592681956943e-05,0,0,3,3,2,3,2,2,1,1,1,1
6,8,11,0.00018799936515279114,0,0,3,3,2,5,2,2,1,1,1,1
6,8,12,0.00011996893590549007,0,0,3,3,2,6,2,2,1,1,1,1
6,8,14,0.00359755614772439,0,0,3,3,2,2,2,3,1,1,1,1
6,8,16,0.003966945689171553,0,0,3,3,2,4,2,3,1,1,1,1
6,8,17,0.3438338339328766,0,0,3,3,2,5,2,3,1,1,1,1
6,8,20,0.0012703241081908345,0,0,3,3,2,2,2,4,1,1,1,1
6,8,21,0.0020964702125638723,0,0,3,3,2,3,2,4,1,1,1,1
6,8,22,0.0012089875526726246,0,0,3,3,2,4,2,4,1,1,1,1
6,8,25,0.00013779658183921129,0,0,3,3,2,1,2,5,1,1,1,1
6,8,27,0.016497764736413956,0,0,3,3,2,3,2,5,1,1,1,1
6,8,30,0.00046044166083447635,0,0,3,3,2,6,2,5,1,1,1,1
6,8,33,0.03826757147908211,0,0,3,4,2,3,2,3,1,1,1,1
6,8,34,0.0001599343231646344,0,0,3,4,2,4,2,4,1,1,1,1
6,8,35,0.02452460303902626,0,0,3,4,2,5,2,5,1,1,1,1
6,8,39,0.008891263045370579,0,0,3,5,2,4,2,4,1,2,1,2
6,8,40,0.10222344845533371,0,0,3,5,2,5,2,5,1,2,1,2
6,8,41,0.002124098129570484,0,1,3,6,2,1,2,0,1,0,1,1
6,8,44,0.0614183209836483,0,1,3,6,2,4,2,0,1,0,1,1
6,8,46,0.33536607027053833,0,1,3,6,2,6,2,0,1,0,1,1
6,10,0,0.00032494074548594654,0,0,3,1,4,0,2,0,1,2,1,4
6,10,3,0.0001092257080017589,0,0,3,3,4,3,2,1,1,1,1,1
6,10,4,2.4926901460275985e-05,0,0,3,3,4,4,2,1,1,1,1,1
6,10,5,0.00023485721612814814,0,0,3,3,4,5,2,1,1,1,1,1
6,10,9,1.4569457107427297e-07,0,0,3,3,4,3,2,2,1,1,1,1
6,10,11,7.4967124419345055e-06,0,0,3,3,4,5,2,2,1,1,1,1
6,10,12,2.1073797142889816e-06,0,0,3,3,4,6,2,2,1,1,1,1
6,10,14,0.0007468273397535086,0,0,3,3,4,2,2,3,1,1,1,1
6,10,16,0.0003238273784518242,0,0,3,3,4,4,2,3,1,1,1,1
6,10,17,0.9264503121376038,0,0,3,3,4,5,2,3,1,1,1,1
6,10,20,1.1979661394434515e-05,0,0,3,3,4,2,2,4,1,1,1,1
6,10,21,1.4841187294223346e-05,0,0,3,3,4,3,2,4,1,1,1,1
6,10,22,7.131865277187899e-05,0,0,3,3,4,4,2,4,1,1,1,1
6,10,25,6.44502360955812e-05,0,0,3,3,4,1,2,5,1,1,1,1
6,10,27,0.001408754731528461,0,0,3,3,4,3,2,5,1,1,1,1
6,10,30,3.055767228943296e-05,0,0,3,3,4,6,2,5,1,1,1,1
6,10,33,0.00040894534322433174,0,0,3,4,4,3,2,3,1,1,1,1
6,10,34,4.093544248462422e-06,0,0,3,4,4,4,2,4,1,1,1,1
6,10,35,0.002039920538663864,0,0,3,4,4,5,2,5,1,1,1,1
6,10,39,8.865275594871491e-05,0,0,3,5,4,4,2,4,1,2,1,2
6,10,40,0.06761239469051361,0,0,3,5,4,5,2,5,1,2,1,2
6,10,41,1.1660069354491043e-08,0,1,3,6,4,1,2,0,1,0,1,1
6,10,44,6.48724892471364e-07,0,1,3,6,4,4,2,0,1,0,1,1
6,10,46,1.8977545551024377e-05,0,1,3,6,4,6,2,0,1,0,1,1
6,13,0,0.009651659056544304,0,0,3,1,1,0,3,0,1,2,1,4
6,13,3,0.04482583701610565,0,0,3,3,1,3,3,1,1,1,1,1
6,13,4,0.01211211271584034,0,0,3,3,1,4,3,1,1,1,1,1
6,13,5,0.011066745035350323,0,0,3,3,1,5,3,1,1,1,1,1
6,13,9,0.0007618498057126999,0,0,3,3,1,3,3,2,1,1,1,1
6,13,11,0.002173386747017503,0,0,3,3,1,5,3,2,1,1,1,1
6,13,12,0.00914782751351595,0,0,3,3,1,6,3,2,1,1,1,1
6,13,14,0.01990525797009468,0,0,3,3,1,2,3,3,1,1,1,1
6,13,16,0.018497416749596596,0,0,3,3,1,4,3,3,1,1,1,1
6,13,17,0.23414652049541473,0,0,3,3,1,5,3,3,1,1,1,1
6,13,20,0.005372482817620039,0,0,3,3,1,2,3,4,1,1,1,1
6,13,21,0.011251196265220642,0,0,3,3,1,3,3,4,1,1,1,1
6,13,22,0.008180852048099041,0,0,3,3,1,4,3,4,1,1,1,1
6,13,25,0.0030330452136695385,0,0,3,3,1,1,3,5,1,1,1,1
6,13,27,0.0740470141172409,0,0,3,3,1,3,3,5,1,1,1,1
6,13,30,0.017621733248233795,0,0,3,3,1,6,3,5,1,1,1,1
6,13,33,0.164274200797081,0,0,3,4,1,3,3,3,1,1,1,1
6,13,34,0.002079549478366971,0,0,3,4,1,4,3,4,1,1,1,1
6,13,35,0.09657744318246841,0,0,3,4,1,5,3,5,1,1,1,1
6,13,39,0.023643914610147476,0,0,3,5,1,4,3,4,1,2,1,2
6,13,40,0.19298212230205536,0,0,3,5,1,5,3,5,1,2,1,2
6,13,41,0.0011727315140888095,0,1,3,6,1,1,3,0,1,0,1,1
6,13,44,0.006749797146767378,0,1,3,6,1,4,3,0,1,0,1,1
6,13,46,0.03072536364197731,0,1,3,6,1,6,3,0,1,0,1,1
6,15,0,0.005572152324020863,0,0,3,1,3,0,3,0,1,2,1,4
6,15,3,0.0015976144932210445,0,0,3,3,3,3,3,1,1,1,1,1
6,15,4,0.0011908176820725203,0,0,3,3,3,4,3,1,1,1,1,1
6,15,5,0.004192717839032412,0,0,3,3,3,5,3,1,1,1,1,1
6,15,9,2.739312913035974e-05,0,0,3,3,3,3,3,2,1,1,1,1
6,15,11,0.0001621401752345264,0,0,3,3,3,5,3,2,1,1,1,1
6,15,12,0.0009393914951942861,0,0,3,3,3,6,3,2,1,1,1,1
6,15,14,0.0032458179630339146,0,0,3,3,3,2,3,3,1,1,1,1
6,15,16,0.006882317829877138,0,0,3,3,3,4,3,3,1,1,1,1
6,15,17,0.6082262396812439,0,0,3,3,3,5,3,3,1,1,1,1
6,15,20,4.539066139841452e-05,0,0,3,3,3,2,3,4,1,1,1,1
6,15,21,0.00046872152597643435,0,0,3,3,3,3,3,4,1,1,1,1
6,15,22,0.0011705418583005667,0,0,3,3,3,4,3,4,1,1,1,1
6,15,25,0.00017248261428903788,0,0,3,3,3,1,3,5,1,1,1,1
6,15,27,0.0057315281592309475,0,0,3,3,3,3,3,5,1,1,1,1
6,15,30,0.00015200593043118715,0,0,3,3,3,6,3,5,1,1,1,1
6,15,33,0.019582048058509827,0,0,3,4,3,3,3,3,1,1,1,1
6,15,34,6.150891567813233e-05,0,0,3,4,3,4,3,4,1,1,1,1
6,15,35,0.009873689152300358,0,0,3,4,3,5,3,5,1,1,1,1
6,15,39,0.004552620463073254,0,0,3,5,3,4,3,4,1,2,1,2
6,15,40,0.3256922662258148,0,0,3,5,3,5,3,5,1,2,1,2
6,15,41,2.5023835405590944e-05,0,1,3,6,3,1,3,0,1,0,1,1
6,15,44,6.525639037135988e-05,0,1,3,6,3,4,3,0,1,0,1,1
6,15,46,0.0003703429829329252,0,1,3,6,3,6,3,0,1,0,1,1
6,18,0,0.0002152304514311254,0,0,3,1,6,0,3,0,1,2,1,4
6,18,3,0.0037907289806753397,0,0,3,3,6,3,3,1,1,1,1,1
6,18,4,0.00022625488054472953,0,0,3,3,6,4,3,1,1,1,1,1
6,18,5,0.00020470791787374765,0,0,3,3,6,5,3,1,1,1,1,1
6,18,9,4.2160492739640176e-05,0,0,3,3,6,3,3,2,1,1,1,1
6,18,11,0.00025015432038344443,0,0,3,3,6,5,3,2,1,1,1,1
6,18,12,0.002681030659005046,0,0,3,3,6,6,3,2,1,1,1,1
6,18,14,0.00792667269706726,0,0,3,3,6,2,3,3,1,1,1,1
6,18,16,0.0019214771455153823,0,0,3,3,6,4,3,3,1,1,1,1
6,18,17,0.33916306495666504,0,0,3,3,6,5,3,3,1,1,1,1
6,18,20,0.0019550775177776814,0,0,3,3,6,2,3,4,1,1,1,1
6,18,21,0.0007993832696229219,0,0,3,3,6,3,3,4,1,1,1,1
6,18,22,0.0007962111267261207,0,0,3,3,6,4,3,4,1,1,1,1
6,18,25,0.0004608006856869906,0,0,3,3,6,1,3,5,1,1,1,1
6,18,27,0.053243089467287064,0,0,3,3,6,3,3,5,1,1,1,1
6,18,30,0.002548661781474948,0,0,3,3,6,6,3,5,1,1,1,1
6,18,33,0.2601270079612732,0,0,3,4,6,3,3,3,1,1,1,1
6,18,34,0.0009313493501394987,0,0,3,4,6,4,3,4,1,1,1,1
6,18,35,0.1294979304075241,0,0,3,4,6,5,3,5,1,1,1,1
6,18,39,0.011705576442182064,0,0,3,5,6,4,3,4,1,2,1,2
6,18,40,0.18149664998054504,0,0,3,5,6,5,3,5,1,2,1,2
6,18,41,1.4802824921389401e-07,0,1,3,6,6,1,3,0,1,0,1,1
6,18,44,4.6339184223143093e-07,0,1,3,6,6,4,3,0,1,0,1,1
6,18,46,1.5946412531775422e-05,0,1,3,6,6,6,3,0,1,0,1,1
6,19,0,0.015357081778347492,0,0,3,1,1,0,4,0,1,2,1,4
6,19,3,0.0297450702637434,0,0,3,3,1,3,4,1,1,1,1,1
6,19,4,0.0017970504704862833,0,0,3,3,1,4,4,1,1,1,1,1
6,19,5,0.003532710485160351,0,0,3,3,1,5,4,1,1,1,1,1
6,19,9,0.00022718105174135417,0,0,3,3,1,3,4,2,1,1,1,1
6,19,11,0.0018055315595120192,0,0,3,3,1,5,4,2,1,1,1,1
6,19,12,0.003926578909158707,0,0,3,3,1,6,4,2,1,1,1,1
6,19,14,0.013434644788503647,0,0,3,3,1,2,4,3,1,1,1,1
6,19,16,0.004570274148136377,0,0,3,3,1,4,4,3,1,1,1,1
6,19,17,0.2695922255516052,0,0,3,3,1,5,4,3,1,1,1,1
6,19,20,0.008103588595986366,0,0,3,3,1,2,4,4,1,1,1,1
6,19,21,0.006864032708108425,0,0,3,3,1,3,4,4,1,1,1,1
6,19,22,0.002877360675483942,0,0,3,3,1,4,4,4,1,1,1,1
6,19,25,0.002493848092854023,0,0,3,3,1,1,4,5,1,1,1,1
6,19,27,0.09584034979343414,0,0,3,3,1,3,4,5,1,1,1,1
6,19,30,0.012114731594920158,0,0,3,3,1,6,4,5,1,1,1,1
6,19,33,0.07524051517248154,0,0,3,4,1,3,4,3,1,1,1,1
6,19,34,0.00036205374635756016,0,0,3,4,1,4,4,4,1,1,1,1
6,19,35,0.1321782022714615,0,0,3,4,1,5,4,5,1,1,1,1
6,19,39,0.009004251100122929,0,0,3,5,1,4,4,4,1,2,1,2
6,19,40,0.21966777741909027,0,0,3,5,1,5,4,5,1,2,1,2
6,19,41,0.0005644014454446733,0,1,3,6,1,1,4,0,1,0,1,1
6,19,44,0.005713729187846184,0,1,3,6,1,4,4,0,1,0,1,1
6,19,46,0.08498668670654297,0,1,3,6,1,6,4,0,1,0,1,1
6,23,0,0.0029963278211653233,0,0,3,1,5,0,4,0,1,2,1,4
6,23,3,0.0006202462245710194,0,0,3,3,5,3,4,1,1,1,1,1
6,23,4,6.46518892608583e-05,0,0,3,3,5,4,4,1,1,1,1,1
6,23,5,0.00015020476712379605,0,0,3,3,5,5,4,1,1,1,1,1
6,23,9,1.1674586630761041e-06,0,0,3,3,5,3,4,2,1,1,1,1
6,23,11,1.4083757378102746e-05,0,0,3,3,5,5,4,2,1,1,1,1
6,23,12,5.122135189594701e-05,0,0,3,3,5,6,4,2,1,1,1,1
6,23,14,0.00016975708422251046,0,0,3,3,5,2,4,3,1,1,1,1
6,23,16,0.000740416522603482,0,0,3,3,5,4,4,3,1,1,1,1
6,23,17,0.32278600335121155,0,0,3,3,5,5,4,3,1,1,1,1
6,23,20,3.031939013453666e-05,0,0,3,3,5,2,4,4,1,1,1,1
6,23,21,0.00010158262011827901,0,0,3,3,5,3,4,4,1,1,1,1
6,23,22,0.00018252519657835364,0,0,3,3,5,4,4,4,1,1,1,1
6,23,25,5.22377340530511e-05,0,0,3,3,5,1,4,5,1,1,1,1
6,23,27,0.006486987695097923,0,0,3,3,5,3,4,5,1,1,1,1
6,23,30,0.00023421671357937157,0,0,3,3,5,6,4,5,1,1,1,1
6,23,33,0.005507385358214378,0,0,3,4,5,3,4,3,1,1,1,1
6,23,34,1.850452463258989e-05,0,0,3,4,5,4,4,4,1,1,1,1
6,23,35,0.010809686034917831,0,0,3,4,5,5,4,5,1,1,1,1
6,23,39,0.0023364415392279625,0,0,3,5,5,4,4,4,1,2,1,2
6,23,40,0.6448634266853333,0,0,3,5,5,5,4,5,1,2,1,2
6,23,41,2.6674417767935665e-06,0,1,3,6,5,1,4,0,1,0,1,1
6,23,44,2.1041425497969612e-05,0,1,3,6,5,4,4,0,1,0,1,1
6,23,46,0.001759419683367014,0,1,3,6,5,6,4,0,1,0,1,1
6,24,0,0.023285774514079094,0,0,3,1,6,0,4,0,1,2,1,4
6,24,3,0.002761563751846552,0,0,3,3,6,3,4,1,1,1,1,1
6,24,4,0.00018649471167009324,0,0,3,3,6,4,4,1,1,1,1,1
6,24,5,0.001135415630415082,0,0,3,3,6,5,4,1,1,1,1,1
6,24,9,4.198077294859104e-05,0,0,3,3,6,3,4,2,1,1,1,1
6,24,11,0.000566111586522311,0,0,3,3,6,5,4,2,1,1,1,1
6,24,12,0.00028104271041229367,0,0,3,3,6,6,4,2,1,1,1,1
6,24,14,0.001441550557501614,0,0,3,3,6,2,4,3,1,1,1,1
6,24,16,0.001299645402468741,0,0,3,3,6,4,4,3,1,1,1,1
6,24,17,0.2548004388809204,0,0,3,3,6,5,4,3,1,1,1,1
6,24,20,0.0005109778721816838,0,0,3,3,6,2,4,4,1,1,1,1
6,24,21,0.0005543583538383245,0,0,3,3,6,3,4,4,1,1,1,1
6,24,22,0.00040006230119615793,0,0,3,3,6,4,4,4,1,1,1,1
6,24,25,0.0004905074019916356,0,0,3,3,6,1,4,5,1,1,1,1
6,24,27,0.02034788206219673,0,0,3,3,6,3,4,5,1,1,1,1
6,24,30,0.0009126895456574857,0,0,3,3,6,6,4,5,1,1,1,1
6,24,33,0.009054169990122318,0,0,3,4,6,3,4,3,1,1,1,1
6,24,34,9.305597632192075e-05,0,0,3,4,6,4,4,4,1,1,1,1
6,24,35,0.029517825692892075,0,0,3,4,6,5,4,5,1,1,1,1
6,24,39,0.003590071341022849,0,0,3,5,6,4,4,4,1,2,1,2
6,24,40,0.6452740430831909,0,0,3,5,6,5,4,5,1,2,1,2
6,24,41,2.6905663617071696e-05,0,1,3,6,6,1,4,0,1,0,1,1
6,24,44,9.283883991884068e-05,0,1,3,6,6,4,4,0,1,0,1,1
6,24,46,0.0033347196877002716,0,1,3,6,6,6,4,0,1,0,1,1
6,26,0,0.006593265570700169,0,0,3,1,2,0,5,0,1,2,1,4
6,26,3,1.657834764046129e-05,0,0,3,3,2,3,5,1,1,1,1,1
6,26,4,3.6293861285230378e-06,0,0,3,3,2,4,5,1,1,1,1,1
6,26,5,1.2388144568831194e-05,0,0,3,3,2,5,5,1,1,1,1,1
6,26,9,2.874575955047476e-07,0,0,3,3,2,3,5,2,1,1,1,1
6,26,11,5.926935386924015e-07,0,0,3,3,2,5,5,2,1,1,1,1
6,26,12,3.4905573897958675e-07,0,0,3,3,2,6,5,2,1,1,1,1
6,26,14,2.8610986646526726e-06,0,0,3,3,2,2,5,3,1,1,1,1
6,26,16,1.4428096619667485e-05,0,0,3,3,2,4,5,3,1,1,1,1
6,26,17,0.00018949052901007235,0,0,3,3,2,5,5,3,1,1,1,1
6,26,20,2.4633220618852647e-06,0,0,3,3,2,2,5,4,1,1,1,1
6,26,21,5.874215275980532e-06,0,0,3,3,2,3,5,4,1,1,1,1
6,26,22,2.9695661396544892e-06,0,0,3,3,2,4,5,4,1,1,1,1
6,26,25,8.012121952560847e-07,0,0,3,3,2,1,5,5,1,1,1,1
6,26,27,1.0388920600234997e-05,0,0,3,3,2,3,5,5,1,1,1,1
6,26,30,1.3463744608088746e-06,0,0,3,3,2,6,5,5,1,1,1,1
6,26,33,2.262651833007112e-05,0,0,3,4,2,3,5,3,1,1,1,1
6,26,34,1.137800040851289e-06,0,0,3,4,2,4,5,4,1,1,1,1
6,26,35,4.271882789907977e-05,0,0,3,4,2,5,5,5,1,1,1,1
6,26,39,7.321557495743036e-05,0,0,3,5,2,4,5,4,1,2,1,2
6,26,40,0.0007283971644937992,0,0,3,5,2,5,5,5,1,2,1,2
6,26,41,0.04824886843562126,0,1,3,6,2,1,5,0,1,0,1,1
6,26,44,0.18645809590816498,0,1,3,6,2,4,5,0,1,0,1,1
6,26,46,0.7575671672821045,0,1,3,6,2,6,5,0,1,0,1,1
6,28,0,0.004001612775027752,0,0,3,1,4,0,5,0,1,2,1,4
6,28,3,0.002469796920195222,0,0,3,3,4,3,5,1,1,1,1,1
6,28,4,0.00018048151105176657,0,0,3,3,4,4,5,1,1,1,1,1
6,28,5,0.004757693503051996,0,0,3,3,4,5,5,1,1,1,1,1
6,28,9,9.271505405195057e-06,0,0,3,3,4,3,5,2,1,1,1,1
6,28,11,0.00011764978262363002,0,0,3,3,4,5,5,2,1,1,1,1
6,28,12,4.994114351575263e-05,0,0,3,3,4,6,5,2,1,1,1,1
6,28,14,0.004890259820967913,0,0,3,3,4,2,5,3,1,1,1,1
6,28,16,0.001575211063027382,0,0,3,3,4,4,5,3,1,1,1,1
6,28,17,0.7546514868736267,0,0,3,3,4,5,5,3,1,1,1,1
6,28,20,0.0002707329113036394,0,0,3,3,4,2,5,4,1,1,1,1
6,28,21,0.0005577181582339108,0,0,3,3,4,3,5,4,1,1,1,1
6,28,22,0.0003682882816065103,0,0,3,3,4,4,5,4,1,1,1,1
6,28,25,0.0006130905239842832,0,0,3,3,4,1,5,5,1,1,1,1
6,28,27,0.0059028505347669125,0,0,3,3,4,3,5,5,1,1,1,1
6,28,30,0.0003129333781544119,0,0,3,3,4,6,5,5,1,1,1,1
6,28,33,0.003517466364428401,0,0,3,4,4,3,5,3,1,1,1,1
6,28,34,5.681695256498642e-05,0,0,3,4,4,4,5,4,1,1,1,1
6,28,35,0.012710412964224815,0,0,3,4,4,5,5,5,1,1,1,1
6,28,39,0.0010730382055044174,0,0,3,5,4,4,5,4,1,2,1,2
6,28,40,0.05970465764403343,0,0,3,5,4,5,5,5,1,2,1,2
6,28,41,0.0008410672307945788,0,1,3,6,4,1,5,0,1,0,1,1
6,28,44,0.012278605252504349,0,1,3,6,4,4,5,0,1,0,1,1
6,28,46,0.12908856570720673,0,1,3,6,4,6,5,0,1,0,1,1
6,29,0,0.04582234472036362,0,0,3,1,5,0,5,0,1,2,1,4
6,29,3,0.0008802738157100976,0,0,3,3,5,3,5,1,1,1,1,1
6,29,4,0.00038090761518105865,0,0,3,3,5,4,5,1,1,1,1,1
6,29,5,0.0006368161994032562,0,0,3,3,5,5,5,1,1,1,1,1
6,29,9,2.2465681468020193e-05,0,0,3,3,5,3,5,2,1,1,1,1
6,29,11,3.7310051993699744e-05,0,0,3,3,5,5,5,2,1,1,1,1
6,29,12,0.0003440154832787812,0,0,3,3,5,6,5,2,1,1,1,1
6,29,14,0.0013181032845750451,0,0,3,3,5,2,5,3,1,1,1,1
6,29,16,0.004461264703422785,0,0,3,3,5,4,5,3,1,1,1,1
6,29,17,0.1836012303829193,0,0,3,3,5,5,5,3,1,1,1,1
6,29,20,0.0005382894305512309,0,0,3,3,5,2,5,4,1,1,1,1
6,29,21,0.000700121745467186,0,0,3,3,5,3,5,4,1,1,1,1
6,29,22,0.0013457568129524589,0,0,3,3,5,4,5,4,1,1,1,1
6,29,25,0.0003741713589988649,0,0,3,3,5,1,5,5,1,1,1,1
6,29,27,0.0028348786290735006,0,0,3,3,5,3,5,5,1,1,1,1
6,29,30,0.0003646343539003283,0,0,3,3,5,6,5,5,1,1,1,1
6,29,33,0.01213859859853983,0,0,3,4,5,3,5,3,1,1,1,1
6,29,34,0.0007506951224058867,0,0,3,4,5,4,5,4,1,1,1,1
6,29,35,0.014231894165277481,0,0,3,4,5,5,5,5,1,1,1,1
6,29,39,0.018075812608003616,0,0,3,5,5,4,5,4,1,2,1,2
6,29,40,0.09224186092615128,0,0,3,5,5,5,5,5,1,2,1,2
6,29,41,0.014956124126911163,0,1,3,6,5,1,5,0,1,0,1,1
6,29,44,0.04814170300960541,0,1,3,6,5,4,5,0,1,0,1,1
6,29,46,0.555801272392273,0,1,3,6,5,6,5,0,1,0,1,1
6,31,0,0.10626211762428284,0,0,4,1,1,0,1,0,1,2,1,4
6,31,3,0.038114700466394424,0,0,4,3,1,3,1,1,1,1,1,1
6,31,4,0.0021614248398691416,0,0,4,3,1,4,1,1,1,1,1,1
6,31,5,0.006603105925023556,0,0,4,3,1,5,1,1,1,1,1,1
6,31,9,0.001050383783876896,0,0,4,3,1,3,1,2,1,1,1,1
6,31,11,0.00442584790289402,0,0,4,3,1,5,1,2,1,1,1,1
6,31,12,0.006156791001558304,0,0,4,3,1,6,1,2,1,1,1,1
6,31,14,0.03768131881952286,0,0,4,3,1,2,1,3,1,1,1,1
6,31,16,0.006300389301031828,0,0,4,3,1,4,1,3,1,1,1,1
6,31,17,0.20970936119556427,0,0,4,3,1,5,1,3,1,1,1,1
6,31,20,0.02728317305445671,0,0,4,3,1,2,1,4,1,1,1,1
6,31,21,0.004041021689772606,0,0,4,3,1,3,1,4,1,1,1,1
6,31,22,0.0015946596395224333,0,0,4,3,1,4,1,4,1,1,1,1
6,31,25,0.016995275393128395,0,0,4,3,1,1,1,5,1,1,1,1
6,31,27,0.05447123199701309,0,0,4,3,1,3,1,5,1,1,1,1
6,31,30,0.0717441737651825,0,0,4,3,1,6,1,5,1,1,1,1
6,31,33,0.07255963236093521,0,0,4,4,1,3,1,3,1,1,1,1
6,31,34,0.001318576280027628,0,0,4,4,1,4,1,4,1,1,1,1
6,31,35,0.16599400341510773,0,0,4,4,1,5,1,5,1,1,1,1
6,31,39,0.008300860412418842,0,0,4,5,1,4,1,4,1,2,1,2
6,31,40,0.03600115329027176,0,0,4,5,1,5,1,5,1,2,1,2
6,31,41,0.0005733643774874508,0,1,4,6,1,1,1,0,1,0,1,1
6,31,44,0.00621788389980793,0,1,4,6,1,4,1,0,1,0,1,1
6,31,46,0.11443944275379181,0,1,4,6,1,6,1,0,1,0,1,1
6,32,0,0.02968769334256649,0,0,4,1,2,0,2,0,1,2,1,4
6,32,3,0.0018659561173990369,0,0,4,3,2,3,2,1,1,1,1,1
6,32,4,0.0002549538039602339,0,0,4,3,2,4,2,1,1,1,1,1
6,32,5,0.0005501406267285347,0,0,4,3,2,5,2,1,1,1,1,1
6,32,9,4.694386916526128e-06,0,0,4,3,2,3,2,2,1,1,1,1
6,32,11,4.186153819318861e-05,0,0,4,3,2,5,2,2,1,1,1,1
6,32,12,1.3030041372985579e-05,0,0,4,3,2,6,2,2,1,1,1,1
6,32,14,0.00027015351224690676,0,0,4,3,2,2,2,3,1,1,1,1
6,32,16,0.0005217415164224803,0,0,4,3,2,4,2,3,1,1,1,1
6,32,17,0.0118631049990654,0,0,4,3,2,5,2,3,1,1,1,1
6,32,20,0.00016993912868201733,0,0,4,3,2,2,2,4,1,1,1,1
6,32,21,0.00047871292917989194,0,0,4,3,2,3,2,4,1,1,1,1
6,32,22,0.0001996274950215593,0,0,4,3,2,4,2,4,1,1,1,1
6,32,25,1.622858690097928e-05,0,0,4,3,2,1,2,5,1,1,1,1
6,32,27,0.0008405082626268268,0,0,4,3,2,3,2,5,1,1,1,1
6,32,30,5.669942402164452e-05,0,0,4,3,2,6,2,5,1,1,1,1
6,32,33,0.001509620575234294,0,0,4,4,2,3,2,3,1,1,1,1
6,32,34,1.9175164197804406e-05,0,0,4,4,2,4,2,4,1,1,1,1
6,32,35,0.0015319848898798227,0,0,4,4,2,5,2,5,1,1,1,1
6,32,39,0.000747984682675451,0,0,4,5,2,4,2,4,1,2,1,2
6,32,40,0.00616822112351656,0,0,4,5,2,5,2,5,1,2,1,2
6,32,41,0.011869153007864952,0,1,4,6,2,1,2,0,1,0,1,1
6,32,44,0.2443707138299942,0,1,4,6,2,4,2,0,1,0,1,1
6,32,46,0.686947762966156,0,1,4,6,2,6,2,0,1,0,1,1
6,36,0,2.8217693397891708e-05,0,0,5,1,1,0,1,0,2,2,2,4
6,36,3,0.018490131944417953,0,0,5,3,1,3,1,1,2,1,2,1
6,36,4,0.010999156162142754,0,0,5,3,1,4,1,1,2,1,2,1
6,36,5,0.001643256051465869,0,0,5,3,1,5,1,1,2,1,2,1
6,36,9,0.0032564005814492702,0,0,5,3,1,3,1,2,2,1,2,1
6,36,11,0.002002880908548832,0,0,5,3,1,5,1,2,2,1,2,1
6,36,12,0.025911154225468636,0,0,5,3,1,6,1,2,2,1,2,1
6,36,14,0.024481311440467834,0,0,5,3,1,2,1,3,2,1,2,1
6,36,16,0.009284929372370243,0,0,5,3,1,4,1,3,2,1,2,1
6,36,17,0.015901584178209305,0,0,5,3,1,5,1,3,2,1,2,1
6,36,20,0.0509369820356369,0,0,5,3,1,2,1,4,2,1,2,1
6,36,21,0.01991449110209942,0,0,5,3,1,3,1,4,2,1,2,1
6,36,22,0.015170046128332615,0,0,5,3,1,4,1,4,2,1,2,1
6,36,25,0.00547436298802495,0,0,5,3,1,1,1,5,2,1,2,1
6,36,27,0.06094001606106758,0,0,5,3,1,3,1,5,2,1,2,1
6,36,30,0.06029849126935005,0,0,5,3,1,6,1,5,2,1,2,1
6,36,33,0.3240029513835907,0,0,5,4,1,3,1,3,2,1,2,1
6,36,34,0.2392183095216751,0,0,5,4,1,4,1,4,2,1,2,1
6,36,35,0.07261081039905548,0,0,5,4,1,5,1,5,2,1,2,1
6,36,39,0.027632564306259155,0,0,5,5,1,4,1,4,2,2,2,2
6,36,40,0.011662068776786327,0,0,5,5,1,5,1,5,2,2,2,2
6,36,41,2.7405534638091922e-05,0,1,5,6,1,1,1,0,2,0,2,1
6,36,44,3.1271763873519376e-05,0,1,5,6,1,4,1,0,2,0,2,1
6,36,46,8.145608444465324e-05,0,1,5,6,1,6,1,0,2,0,2,1
6,37,0,9.086720820050687e-05,0,0,5,1,2,0,2,0,2,2,2,4
6,37,3,0.03874848410487175,0,0,5,3,2,3,2,1,2,1,2,1
6,37,4,0.009091148152947426,0,0,5,3,2,4,2,1,2,1,2,1
6,37,5,0.001987327355891466,0,0,5,3,2,5,2,1,2,1,2,1
6,37,9,0.001143197645433247,0,0,5,3,2,3,2,2,2,1,2,1
6,37,11,0.002435786183923483,0,0,5,3,2,5,2,2,2,1,2,1
6,37,12,0.008782774209976196,0,0,5,3,2,6,2,2,2,1,2,1
6,37,14,0.01300536934286356,0,0,5,3,2,2,2,3,2,1,2,1
6,37,16,0.010817925445735455,0,0,5,3,2,4,2,3,2,1,2,1
6,37,17,0.046781569719314575,0,0,5,3,2,5,2,3,2,1,2,1
6,37,20,0.032079413533210754,0,0,5,3,2,2,2,4,2,1,2,1
6,37,21,0.06561566889286041,0,0,5,3,2,3,2,4,2,1,2,1
6,37,22,0.029196202754974365,0,0,5,3,2,4,2,4,2,1,2,1
6,37,25,0.000722787925042212,0,0,5,3,2,1,2,5,2,1,2,1
6,37,27,0.12893633544445038,0,0,5,3,2,3,2,5,2,1,2,1
6,37,30,0.005738223437219858,0,0,5,3,2,6,2,5,2,1,2,1
6,37,33,0.4331606924533844,0,0,5,4,2,3,2,3,2,1,2,1
6,37,34,0.04376376047730446,0,0,5,4,2,4,2,4,2,1,2,1
6,37,35,0.0500093474984169,0,0,5,4,2,5,2,5,2,1,2,1
6,37,39,0.0413273349404335,0,0,5,5,2,4,2,4,2,2,2,2
6,37,40,0.033428847789764404,0,0,5,5,2,5,2,5,2,2,2,2
6,37,41,0.0004858544562011957,0,1,5,6,2,1,2,0,2,0,2,1
6,37,44,0.0011205225018784404,0,1,5,6,2,4,2,0,2,0,2,1
6,37,46,0.0015302073443308473,0,1,5,6,2,6,2,0,2,0,2,1
6,38,0,0.0019053270807489753,0,0,5,1,3,0,3,0,2,2,2,4
6,38,3,0.0012919075088575482,0,0,5,3,3,3,3,1,2,1,2,1
6,38,4,0.003639202332124114,0,0,5,3,3,4,3,1,2,1,2,1
6,38,5,0.0011568814516067505,0,0,5,3,3,5,3,1,2,1,2,1
6,38,9,0.0016907937824726105,0,0,5,3,3,3,3,2,2,1,2,1
6,38,11,0.00035289122024551034,0,0,5,3,3,5,3,2,2,1,2,1
6,38,12,0.018143070861697197,0,0,5,3,3,6,3,2,2,1,2,1
6,38,14,0.0043659997172653675,0,0,5,3,3,2,3,3,2,1,2,1
6,38,16,0.010531322099268436,0,0,5,3,3,4,3,3,2,1,2,1
6,38,17,0.02949945256114006,0,0,5,3,3,5,3,3,2,1,2,1
6,38,20,0.0013943027006462216,0,0,5,3,3,2,3,4,2,1,2,1
6,38,21,0.0010644361609593034,0,0,5,3,3,3,3,4,2,1,2,1
6,38,22,0.0021889477502554655,0,0,5,3,3,4,3,4,2,1,2,1
6,38,25,0.0008543948642909527,0,0,5,3,3,1,3,5,2,1,2,1
6,38,27,0.01329977810382843,0,0,5,3,3,3,3,5,2,1,2,1
6,38,30,0.0032079718075692654,0,0,5,3,3,6,3,5,2,1,2,1
6,38,33,0.28827136754989624,0,0,5,4,3,3,3,3,2,1,2,1
6,38,34,0.047018229961395264,0,0,5,4,3,4,3,4,2,1,2,1
6,38,35,0.0452091284096241,0,0,5,4,3,5,3,5,2,1,2,1
6,38,39,0.07391701638698578,0,0,5,5,3,4,3,4,2,2,2,2
6,38,40,0.45094040036201477,0,0,5,5,3,5,3,5,2,2,2,2
6,38,41,2.963204497063998e-05,0,1,5,6,3,1,3,0,2,0,2,1
6,38,44,4.478676601138432e-06,0,1,5,6,3,4,3,0,2,0,2,1
6,38,46,2.330628012714442e-05,0,1,5,6,3,6,3,0,2,0,2,1
6,42,0,0.0007453062571585178,1,0,6,1,2,0,0,0,0,2,1,4
6,42,3,1.4566254321835004e-05,1,0,6,3,2,3,0,1,0,1,1,1
6,42,4,0.00016232466441579163,1,0,6,3,2,4,0,1,0,1,1,1
6,42,5,0.00011264444765402004,1,0,6,3,2,5,0,1,0,1,1,1
6,42,9,3.419792847125791e-05,1,0,6,3,2,3,0,2,0,1,1,1
6,42,11,4.6988011490611825e-06,1,0,6,3,2,5,0,2,0,1,1,1
6,42,12,2.7529416911420412e-05,1,0,6,3,2,6,0,2,0,1,1,1
6,42,14,3.0417146263062023e-05,1,0,6,3,2,2,0,3,0,1,1,1
6,42,16,6.156141171231866e-05,1,0,6,3,2,4,0,3,0,1,1,1
6,42,17,3.2156829092855332e-06,1,0,6,3,2,5,0,3,0,1,1,1
6,42,20,1.8031754734693095e-05,1,0,6,3,2,2,0,4,0,1,1,1
6,42,21,3.1687737646279857e-05,1,0,6,3,2,3,0,4,0,1,1,1
6,42,22,5.4089847253635526e-05,1,0,6,3,2,4,0,4,0,1,1,1
6,42,25,2.971337380586192e-05,1,0,6,3,2,1,0,5,0,1,1,1
6,42,27,8.289770221381332e-07,1,0,6,3,2,3,0,5,0,1,1,1
6,42,30,1.3099996067467146e-05,1,0,6,3,2,6,0,5,0,1,1,1
6,42,33,5.1786664698738605e-06,1,0,6,4,2,3,0,3,0,1,1,1
6,42,34,6.127556844148785e-05,1,0,6,4,2,4,0,4,0,1,1,1
6,42,35,1.1511585398693569e-05,1,0,6,4,2,5,0,5,0,1,1,1
6,42,39,5.219321610638872e-05,1,0,6,5,2,4,0,4,0,2,1,2
6,42,40,4.961897957400652e-06,1,0,6,5,2,5,0,5,0,2,1,2
6,42,41,0.5692492127418518,1,1,6,6,2,1,0,0,0,0,1,1
6,42,44,0.3757188022136688,1,1,6,6,2,4,0,0,0,0,1,1
6,42,46,0.05355251953005791,1,1,6,6,2,6,0,0,0,0,1,1
6,43,0,0.0009457941632717848,1,0,6,1,3,0,0,0,0,2,1,4
6,43,3,7.363720942521468e-05,1,0,6,3,3,3,0,1,0,1,1,1
6,43,4,0.001448328490369022,1,0,6,3,3,4,0,1,0,1,1,1
6,43,5,0.00022418682056013495,1,0,6,3,3,5,0,1,0,1,1,1
6,43,9,0.0003174722078256309,1,0,6,3,3,3,0,2,0,1,1,1
6,43,11,1.4980206287873443e-05,1,0,6,3,3,5,0,2,0,1,1,1
6,43,12,0.00011257384903728962,1,0,6,3,3,6,0,2,0,1,1,1
6,43,14,0.00014081501285545528,1,0,6,3,3,2,0,3,0,1,1,1
6,43,16,0.00048499167314730585,1,0,6,3,3,4,0,3,0,1,1,1
6,43,17,1.1422790521464776e-05,1,0,6,3,3,5,0,3,0,1,1,1
6,43,20,7.460300548700616e-05,1,0,6,3,3,2,0,4,0,1,1,1
6,43,21,9.97409806586802e-05,1,0,6,3,3,3,0,4,0,1,1,1
6,43,22,0.0002543713490013033,1,0,6,3,3,4,0,4,0,1,1,1
6,43,25,8.598000567872077e-05,1,0,6,3,3,1,0,5,0,1,1,1
6,43,27,9.840604434430134e-06,1,0,6,3,3,3,0,5,0,1,1,1
6,43,30,7.7259392128326e-05,1,0,6,3,3,6,0,5,0,1,1,1
6,43,33,0.0001423676440026611,1,0,6,4,3,3,0,3,0,1,1,1
6,43,34,0.0010841824114322662,1,0,6,4,3,4,0,4,0,1,1,1
6,43,35,7.739299326203763e-05,1,0,6,4,3,5,0,5,0,1,1,1
6,43,39,0.0010045850649476051,1,0,6,5,3,4,0,4,0,2,1,2
6,43,40,9.18594014365226e-05,1,0,6,5,3,5,0,5,0,2,1,2
6,43,41,0.5476832389831543,1,1,6,6,3,1,0,0,0,0,1,1
6,43,44,0.41847968101501465,1,1,6,6,3,4,0,0,0,0,1,1
6,43,46,0.027060354128479958,1,1,6,6,3,6,0,0,0,0,1,1
6,45,0,0.0011802358785644174,1,0,6,1,5,0,0,0,0,2,1,4
6,45,3,3.285553975729272e-05,1,0,6,3,5,3,0,1,0,1,1,1
6,45,4,0.0003204784879926592,1,0,6,3,5,4,0,1,0,1,1,1
6,45,5,0.0001246648171218112,1,0,6,3,5,5,0,1,0,1,1,1
6,45,9,0.00012134035932831466,1,0,6,3,5,3,0,2,0,1,1,1
6,45,11,1.4049939636606723e-05,1,0,6,3,5,5,0,2,0,1,1,1
6,45,12,6.570397817995399e-05,1,0,6,3,5,6,0,2,0,1,1,1
6,45,14,3.4494860301492736e-05,1,0,6,3,5,2,0,3,0,1,1,1
6,45,16,0.00018914286920335144,1,0,6,3,5,4,0,3,0,1,1,1
6,45,17,1.2110070201742928e-05,1,0,6,3,5,5,0,3,0,1,1,1
6,45,20,5.575964314630255e-05,1,0,6,3,5,2,0,4,0,1,1,1
6,45,21,9.002393198898062e-05,1,0,6,3,5,3,0,4,0,1,1,1
6,45,22,0.00024268346896860749,1,0,6,3,5,4,0,4,0,1,1,1
6,45,25,0.00014178449055179954,1,0,6,3,5,1,0,5,0,1,1,1
6,45,27,6.681244030914968e-06,1,0,6,3,5,3,0,5,0,1,1,1
6,45,30,6.941851461306214e-05,1,0,6,3,5,6,0,5,0,1,1,1
6,45,33,1.4478497178060934e-05,1,0,6,4,5,3,0,3,0,1,1,1
6,45,34,0.00034072151174768806,1,0,6,4,5,4,0,4,0,1,1,1
6,45,35,3.495330747682601e-05,1,0,6,4,5,5,0,5,0,1,1,1
6,45,39,0.0003003624442499131,1,0,6,5,5,4,0,4,0,2,1,2
6,45,40,5.078652247902937e-05,1,0,6,5,5,5,0,5,0,2,1,2
6,45,41,0.5520985722541809,1,1,6,6,5,1,0,0,0,0,1,1
6,45,44,0.3503827750682831,1,1,6,6,5,4,0,0,0,0,1,1
6,45,46,0.09407613426446915,1,1,6,6,5,6,0,0,0,0,1,1
6,47,0,8.848744982969947e-06,2,0,7,1,0,0,0,0,0,2,4,4
6,47,3,3.2281786133125934e-08,2,0,7,3,0,3,0,1,0,1,4,1
6,47,4,2.151875150957494e-06,2,0,7,3,0,4,0,1,0,1,4,1
6,47,5,2.745192944075825e-07,2,0,7,3,0,5,0,1,0,1,4,1
6,47,9,8.485235412081238e-07,2,0,7,3,0,3,0,2,0,1,4,1
6,47,11,1.00142472092557e-08,2,0,7,3,0,5,0,2,0,1,4,1
6,47,12,1.0046652931805511e-07,2,0,7,3,0,6,0,2,0,1,4,1
6,47,14,2.2806010235854046e-07,2,0,7,3,0,2,0,3,0,1,4,1
6,47,16,3.0963460062594095e-07,2,0,7,3,0,4,0,3,0,1,4,1
6,47,17,7.195267714976694e-10,2,0,7,3,0,5,0,3,0,1,4,1
6,47,20,2.0290492557251127e-06,2,0,7,3,0,2,0,4,0,1,4,1
6,47,21,7.745072707621148e-07,2,0,7,3,0,3,0,4,0,1,4,1
6,47,22,4.631299646007392e-07,2,0,7,3,0,4,0,4,0,1,4,1
6,47,25,3.230200462667199e-08,2,0,7,3,0,1,0,5,0,1,4,1
6,47,27,2.73314793020063e-09,2,0,7,3,0,3,0,5,0,1,4,1
6,47,30,1.693092066545887e-08,2,0,7,3,0,6,0,5,0,1,4,1
6,47,33,1.0264282934713265e-07,2,0,7,4,0,3,0,3,0,1,4,1
6,47,34,2.2708265532855876e-05,2,0,7,4,0,4,0,4,0,1,4,1
6,47,35,3.1683665469017797e-08,2,0,7,4,0,5,0,5,0,1,4,1
6,47,39,1.807393573471927e-06,2,0,7,5,0,4,0,4,0,2,4,2
6,47,40,1.5915476936356754e-08,2,0,7,5,0,5,0,5,0,2,4,2
6,47,41,0.6462977528572083,2,1,7,6,0,1,0,0,0,0,4,1
6,47,44,0.3504616916179657,2,1,7,6,0,4,0,0,0,0,4,1
6,47,46,0.0031995319295674562,2,1,7,6,0,6,0,0,0,0,4,1
7,0,1,0.09111080318689346,0,0,1,3,0,1,0,1,2,1,4,1
7,0,2,0.00020094298815820366,0,0,1,3,0,2,0,1,2,1,4,1
7,0,6,0.0025896697770804167,0,0,1,3,0,6,0,1,2,1,4,1
7,0,7,0.8427019119262695,0,0,1,3,0,1,0,2,2,1,4,1
7,0,8,0.0031274750363081694,0,0,1,3,0,2,0,2,2,1,4,1
7,0,10,0.017334530130028725,0,0,1,3,0,4,0,2,2,1,4,1
7,0,13,0.0007040778291411698,0,0,1,3,0,1,0,3,2,1,4,1
7,0,15,9.865566426014993e-06,0,0,1,3,0,3,0,3,2,1,4,1
7,0,18,1.6882098861970007e-05,0,0,1,3,0,6,0,3,2,1,4,1
7,0,19,0.0067835841327905655,0,0,1,3,0,1,0,4,2,1,4,1
7,0,23,0.0014705525245517492,0,0,1,3,0,5,0,4,2,1,4,1
7,0,24,0.00018387367890682071,0,0,1,3,0,6,0,4,2,1,4,1
7,0,26,0.00025391357485204935,0,0,1,3,0,2,0,5,2,1,4,1
7,0,28,0.019454877823591232,0,0,1,3,0,4,0,5,2,1,4,1
7,0,29,0.00031187626882456243,0,0,1,3,0,5,0,5,2,1,4,1
7,0,31,0.008523227646946907,0,0,1,4,0,1,0,1,2,1,4,1
7,0,32,0.0025047508534044027,0,0,1,4,0,2,0,2,2,1,4,1
7,0,36,0.002463310258463025,0,0,1,5,0,1,0,1,2,2,4,2
7,0,37,0.00022919751063454896,0,0,1,5,0,2,0,2,2,2,4,2
7,0,38,1.2293927511564107e-06,0,0,1,5,0,3,0,3,2,2,4,2
7,0,42,4.429348791745724e-06,0,1,1,6,0,2,0,0,2,0,4,1
7,0,43,8.022982910915744e-06,0,1,1,6,0,3,0,0,2,0,4,1
7,0,45,8.265577889687847e-06,0,1,1,6,0,5,0,0,2,0,4,1
7,0,47,2.695973535082885e-06,0,2,1,7,0,0,0,0,2,0,4,4
7,3,1,0.003211021889001131,0,0,3,3,3,1,1,1,1,1,1,1
7,3,2,0.030295824632048607,0,0,3,3,3,2,1,1,1,1,1,1
7,3,6,0.00840156339108944,0,0,3,3,3,6,1,1,1,1,1,1
7,3,7,0.0017922250553965569,0,0,3,3,3,1,1,2,1,1,1,1
7,3,8,0.002259740838780999,0,0,3,3,3,2,1,2,1,1,1,1
7,3,10,0.003173017641529441,0,0,3,3,3,4,1,2,1,1,1,1
7,3,13,0.009754530154168606,0,0,3,3,3,1,1,3,1,1,1,1
7,3,15,0.06667011231184006,0,0,3,3,3,3,1,3,1,1,1,1
7,3,18,0.003563444595783949,0,0,3,3,3,6,1,3,1,1,1,1
7,3,19,0.007353486493229866,0,0,3,3,3,1,1,4,1,1,1,1
7,3,23,0.004529378842562437,0,0,3,3,3,5,1,4,1,1,1,1
7,3,24,0.009835148230195045,0,0,3,3,3,6,1,4,1,1,1,1
7,3,26,0.01318330131471157,0,0,3,3,3,2,1,5,1,1,1,1
7,3,28,0.0026358577888458967,0,0,3,3,3,4,1,5,1,1,1,1
7,3,29,0.0018446249887347221,0,0,3,3,3,5,1,5,1,1,1,1
7,3,31,0.03857304900884628,0,0,3,4,3,1,1,1,1,1,1,1
7,3,32,0.06535782665014267,0,0,3,4,3,2,1,2,1,1,1,1
7,3,36,0.0012564222561195493,0,0,3,5,3,1,1,1,1,2,1,2
7,3,37,0.008313106372952461,0,0,3,5,3,2,1,2,1,2,1,2
7,3,38,0.018595045432448387,0,0,3,5,3,3,1,3,1,2,1,2
7,3,42,0.14487433433532715,0,1,3,6,3,2,1,0,1,0,1,1
7,3,43,0.3008633852005005,0,1,3,6,3,3,1,0,1,0,1,1
7,3,45,0.17743560671806335,0,1,3,6,3,5,1,0,1,0,1,1
7,3,47,0.07622777670621872,0,2,3,7,3,0,1,0,1,0,1,4
7,4,1,0.010050879791378975,0,0,3,3,4,1,1,1,1,1,1,1
7,4,2,0.039493683725595474,0,0,3,3,4,2,1,1,1,1,1,1
7,4,6,0.04375747591257095,0,0,3,3,4,6,1,1,1,1,1,1
7,4,7,0.009481655433773994,0,0,3,3,4,1,1,2,1,1,1,1
7,4,8,0.004382556304335594,0,0,3,3,4,2,1,2,1,1,1,1
7,4,10,0.003977193497121334,0,0,3,3,4,4,1,2,1,1,1,1
7,4,13,0.020913735032081604,0,0,3,3,4,1,1,3,1,1,1,1
7,4,15,0.009536626748740673,0,0,3,3,4,3,1,3,1,1,1,1
7,4,18,0.008263520896434784,0,0,3,3,4,6,1,3,1,1,1,1
7,4,19,0.02510971762239933,0,0,3,3,4,1,1,4,1,1,1,1
7,4,23,0.03647648170590401,0,0,3,3,4,5,1,4,1,1,1,1
7,4,24,0.03925209119915962,0,0,3,3,4,6,1,4,1,1,1,1
7,4,26,0.01926032081246376,0,0,3,3,4,2,1,5,1,1,1,1
7,4,28,0.002701296005398035,0,0,3,3,4,4,1,5,1,1,1,1
7,4,29,0.013471641577780247,0,0,3,3,4,5,1,5,1,1,1,1
7,4,31,0.07011765241622925,0,0,3,4,4,1,1,1,1,1,1,1
7,4,32,0.059205226600170135,0,0,3,4,4,2,1,2,1,1,1,1
7,4,36,0.0031243786215782166,0,0,3,5,4,1,1,1,1,2,1,2
7,4,37,0.01848532259464264,0,0,3,5,4,2,1,2,1,2,1,2
7,4,38,0.0025119015481323004,0,0,3,5,4,3,1,3,1,2,1,2
7,4,42,0.042572230100631714,0,1,3,6,4,2,1,0,1,0,1,1
7,4,43,0.07793722301721573,0,1,3,6,4,3,1,0,1,0,1,1
7,4,45,0.3184508979320526,0,1,3,6,4,5,1,0,1,0,1,1
7,4,47,0.12146645784378052,0,2,3,7,4,0,1,0,1,0,1,4
7,5,1,0.006032497622072697,0,0,3,3,5,1,1,1,1,1,1,1
7,5,2,0.03714153915643692,0,0,3,3,5,2,1,1,1,1,1,1
7,5,6,0.02301861345767975,0,0,3,3,5,6,1,1,1,1,1,1
7,5,7,0.0038513056933879852,0,0,3,3,5,1,1,2,1,1,1,1
7,5,8,0.013819442130625248,0,0,3,3,5,2,1,2,1,1,1,1
7,5,10,0.0038264249451458454,0,0,3,3,5,4,1,2,1,1,1,1
7,5,13,0.00492239510640502,0,0,3,3,5,1,1,3,1,1,1,1
7,5,15,0.04412548616528511,0,0,3,3,5,3,1,3,1,1,1,1
7,5,18,0.005740636494010687,0,0,3,3,5,6,1,3,1,1,1,1
7,5,19,0.011535651050508022,0,0,3,3,5,1,1,4,1,1,1,1
7,5,23,0.019523289054632187,0,0,3,3,5,5,1,4,1,1,1,1
7,5,24,0.10332418233156204,0,0,3,3,5,6,1,4,1,1,1,1
7,5,26,0.019526947289705276,0,0,3,3,5,2,1,5,1,1,1,1
7,5,28,0.01639247126877308,0,0,3,3,5,4,1,5,1,1,1,1
7,5,29,0.017798645421862602,0,0,3,3,5,5,1,5,1,1,1,1
7,5,31,0.02607978880405426,0,0,3,4,5,1,1,1,1,1,1,1
7,5,32,0.012655799277126789,0,0,3,4,5,2,1,2,1,1,1,1
7,5,36,0.07123439759016037,0,0,3,5,5,1,1,1,1,2,1,2
7,5,37,0.06968589127063751,0,0,3,5,5,2,1,2,1,2,1,2
7,5,38,0.19290415942668915,0,0,3,5,5,3,1,3,1,2,1,2
7,5,42,0.011313479393720627,0,1,3,6,5,2,1,0,1,0,1,1
7,5,43,0.00732645345851779,0,1,3,6,5,3,1,0,1,0,1,1
7,5,45,0.021806640550494194,0,1,3,6,5,5,1,0,1,0,1,1
7,5,47,0.2564139664173126,0,2,3,7,5,0,1,0,1,0,1,4
7,9,1,0.0004253709630575031,0,0,3,3,3,1,2,1,1,1,1,1
7,9,2,0.005621881689876318,0,0,3,3,3,2,2,1,1,1,1,1
7,9,6,0.0002143467718269676,0,0,3,3,3,6,2,1,1,1,1,1
7,9,7,0.00034886301727965474,0,0,3,3,3,1,2,2,1,1,1,1
7,9,8,0.00029988738242536783,0,0,3,3,3,2,2,2,1,1,1,1
7,9,10,0.00017256184946745634,0,0,3,3,3,4,2,2,1,1,1,1
7,9,13,0.0018750771414488554,0,0,3,3,3,1,2,3,1,1,1,1
7,9,15,0.03835011646151543,0,0,3,3,3,3,2,3,1,1,1,1
7,9,18,0.0003560891782399267,0,0,3,3,3,6,2,3,1,1,1,1
7,9,19,0.0026348961982876062,0,0,3,3,3,1,2,4,1,1,1,1
7,9,23,0.007651695981621742,0,0,3,3,3,5,2,4,1,1,1,1
7,9,24,0.004842832218855619,0,0,3,3,3,6,2,4,1,1,1,1
7,9,26,0.001452737720683217,0,0,3,3,3,2,2,5,1,1,1,1
7,9,28,0.01567847840487957,0,0,3,3,3,4,2,5,1,1,1,1
7,9,29,0.0010720806894823909,0,0,3,3,3,5,2,5,1,1,1,1
7,9,31,0.001145088579505682,0,0,3,4,3,1,2,1,1,1,1,1
7,9,32,0.0003262715763412416,0,0,3,4,3,2,2,2,1,1,1,1
7,9,36,0.0001935348118422553,0,0,3,5,3,1,2,1,1,2,1,2
7,9,37,0.0003043984470423311,0,0,3,5,3,2,2,2,1,2,1,2
7,9,38,0.0039822980761528015,0,0,3,5,3,3,2,3,1,2,1,2
7,9,42,0.14742660522460938,0,1,3,6,3,2,2,0,1,0,1,1
7,9,43,0.28408971428871155,0,1,3,6,3,3,2,0,1,0,1,1
7,9,45,0.3415156900882721,0,1,3,6,3,5,2,0,1,0,1,1
7,9,47,0.14001908898353577,0,2,3,7,3,0,2,0,1,0,1,4
7,11,1,0.007890952751040459,0,0,3,3,5,1,2,1,1,1,1,1
7,11,2,0.01139761134982109,0,0,3,3,5,2,2,1,1,1,1,1
7,11,6,0.0037670910824090242,0,0,3,3,5,6,2,1,1,1,1,1
7,11,7,0.008563409559428692,0,0,3,3,5,1,2,2,1,1,1,1
7,11,8,0.00806474033743143,0,0,3,3,5,2,2,2,1,1,1,1
7,11,10,0.014400435611605644,0,0,3,3,5,4,2,2,1,1,1,1
7,11,13,0.026484204456210136,0,0,3,3,5,1,2,3,1,1,1,1
7,11,15,0.16203247010707855,0,0,3,3,5,3,2,3,1,1,1,1
7,11,18,0.004495550878345966,0,0,3,3,5,6,2,3,1,1,1,1
7,11,19,0.019976340234279633,0,0,3,3,5,1,2,4,1,1,1,1
7,11,23,0.023744598031044006,0,0,3,3,5,5,2,4,1,1,1,1
7,11,24,0.004037811420857906,0,0,3,3,5,6,2,4,1,1,1,1
7,11,26,0.0054558380506932735,0,0,3,3,5,2,2,5,1,1,1,1
7,11,28,0.08586693555116653,0,0,3,3,5,4,2,5,1,1,1,1
7,11,29,0.008071968331933022,0,0,3,3,5,5,2,5,1,1,1,1
7,11,31,0.029270164668560028,0,0,3,4,5,1,2,1,1,1,1,1
7,11,32,0.0034334673546254635,0,0,3,4,5,2,2,2,1,1,1,1
7,11,36,0.017219483852386475,0,0,3,5,5,1,2,1,1,2,1,2
7,11,37,0.008237236179411411,0,0,3,5,5,2,2,2,1,2,1,2
7,11,38,0.30439165234565735,0,0,3,5,5,3,2,3,1,2,1,2
7,11,42,0.03617657721042633,0,1,3,6,5,2,2,0,1,0,1,1
7,11,43,0.11280954629182816,0,1,3,6,5,3,2,0,1,0,1,1
7,11,45,0.08349574357271194,0,1,3,6,5,5,2,0,1,0,1,1
7,11,47,0.010716111399233341,0,2,3,7,5,0,2,0,1,0,1,4
7,12,1,0.0036034134682267904,0,0,3,3,6,1,2,1,1,1,1,1
7,12,2,0.012838386930525303,0,0,3,3,6,2,2,1,1,1,1,1
7,12,6,0.004151214379817247,0,0,3,3,6,6,2,1,1,1,1,1
7,12,7,0.004864524584263563,0,0,3,3,6,1,2,2,1,1,1,1
7,12,8,0.003980741836130619,0,0,3,3,6,2,2,2,1,1,1,1
7,12,10,0.016198232769966125,0,0,3,3,6,4,2,2,1,1,1,1
7,12,13,0.04135705530643463,0,0,3,3,6,1,2,3,1,1,1,1
7,12,15,0.0637945607304573,0,0,3,3,6,3,2,3,1,1,1,1
7,12,18,0.0014034841442480683,0,0,3,3,6,6,2,3,1,1,1,1
7,12,19,0.01229905616492033,0,0,3,3,6,1,2,4,1,1,1,1
7,12,23,0.00791285652667284,0,0,3,3,6,5,2,4,1,1,1,1
7,12,24,0.0001681472931522876,0,0,3,3,6,6,2,4,1,1,1,1
7,12,26,0.0016013530548661947,0,0,3,3,6,2,2,5,1,1,1,1
7,12,28,0.001193186966702342,0,0,3,3,6,4,2,5,1,1,1,1
7,12,29,0.00022161513334140182,0,0,3,3,6,5,2,5,1,1,1,1
7,12,31,0.047354843467473984,0,0,3,4,6,1,2,1,1,1,1,1
7,12,32,0.025912318378686905,0,0,3,4,6,2,2,2,1,1,1,1
7,12,36,0.001452030148357153,0,0,3,5,6,1,2,1,1,2,1,2
7,12,37,0.014302361756563187,0,0,3,5,6,2,2,2,1,2,1,2
7,12,38,0.05057569965720177,0,0,3,5,6,3,2,3,1,2,1,2
7,12,42,0.08540782332420349,0,1,3,6,6,2,2,0,1,0,1,1
7,12,43,0.4038234353065491,0,1,3,6,6,3,2,0,1,0,1,1
7,12,45,0.1954433172941208,0,1,3,6,6,5,2,0,1,0,1,1
7,12,47,0.0001403489150106907,0,2,3,7,6,0,2,0,1,0,1,4
7,14,1,0.04257020354270935,0,0,3,3,2,1,3,1,1,1,1,1
7,14,2,0.031327929347753525,0,0,3,3,2,2,3,1,1,1,1,1
7,14,6,0.15031875669956207,0,0,3,3,2,6,3,1,1,1,1,1
7,14,7,0.03163537010550499,0,0,3,3,2,1,3,2,1,1,1,1
7,14,8,0.009304032661020756,0,0,3,3,2,2,3,2,1,1,1,1
7,14,10,0.0039565712213516235,0,0,3,3,2,4,3,2,1,1,1,1
7,14,13,0.009139254689216614,0,0,3,3,2,1,3,3,1,1,1,1
7,14,15,0.0036764778196811676,0,0,3,3,2,3,3,3,1,1,1,1
7,14,18,0.006008620839565992,0,0,3,3,2,6,3,3,1,1,1,1
7,14,19,0.02517123334109783,0,0,3,3,2,1,3,4,1,1,1,1
7,14,23,0.021586425602436066,0,0,3,3,2,5,3,4,1,1,1,1
7,14,24,0.25252392888069153,0,0,3,3,2,6,3,4,1,1,1,1
7,14,26,0.07810336351394653,0,0,3,3,2,2,3,5,1,1,1,1
7,14,28,0.03530513122677803,0,0,3,3,2,4,3,5,1,1,1,1
7,14,29,0.030201133340597153,0,0,3,3,2,5,3,5,1,1,1,1
7,14,31,0.138053297996521,0,0,3,4,2,1,3,1,1,1,1,1
7,14,32,0.04782263934612274,0,0,3,4,2,2,3,2,1,1,1,1
7,14,36,0.007345711812376976,0,0,3,5,2,1,3,1,1,2,1,2
7,14,37,0.001979007152840495,0,0,3,5,2,2,3,2,1,2,1,2
7,14,38,0.0005646304925903678,0,0,3,5,2,3,3,3,1,2,1,2
7,14,42,0.00840261485427618,0,1,3,6,2,2,3,0,1,0,1,1
7,14,43,0.007483538240194321,0,1,3,6,2,3,3,0,1,0,1,1
7,14,45,0.01035921461880207,0,1,3,6,2,5,3,0,1,0,1,1
7,14,47,0.04716083034873009,0,2,3,7,2,0,3,0,1,0,1,4
7,16,1,0.10726705193519592,0,0,3,3,4,1,3,1,1,1,1,1
7,16,2,0.03175821155309677,0,0,3,3,4,2,3,1,1,1,1,1
7,16,6,0.08577317744493484,0,0,3,3,4,6,3,1,1,1,1,1
7,16,7,0.08474062383174896,0,0,3,3,4,1,3,2,1,1,1,1
7,16,8,0.02070603147149086,0,0,3,3,4,2,3,2,1,1,1,1
7,16,10,0.08451898396015167,0,0,3,3,4,4,3,2,1,1,1,1
7,16,13,0.04102825000882149,0,0,3,3,4,1,3,3,1,1,1,1
7,16,15,0.014521688222885132,0,0,3,3,4,3,3,3,1,1,1,1
7,16,18,0.008718164637684822,0,0,3,3,4,6,3,3,1,1,1,1
7,16,19,0.07285241782665253,0,0,3,3,4,1,3,4,1,1,1,1
7,16,23,0.024905327707529068,0,0,3,3,4,5,3,4,1,1,1,1
7,16,24,0.016645006835460663,0,0,3,3,4,6,3,4,1,1,1,1
7,16,26,0.018263161182403564,0,0,3,3,4,2,3,5,1,1,1,1
7,16,28,0.02973799593746662,0,0,3,3,4,4,3,5,1,1,1,1
7,16,29,0.00998484343290329,0,0,3,3,4,5,3,5,1,1,1,1
7,16,31,0.19687728583812714,0,0,3,4,4,1,3,1,1,1,1,1
7,16,32,0.07071612775325775,0,0,3,4,4,2,3,2,1,1,1,1
7,16,36,0.01685454696416855,0,0,3,5,4,1,3,1,1,2,1,2
7,16,37,0.010151674039661884,0,0,3,5,4,2,3,2,1,2,1,2
7,16,38,0.005164694972336292,0,0,3,5,4,3,3,3,1,2,1,2
7,16,42,0.009177997708320618,0,1,3,6,4,2,3,0,1,0,1,1
7,16,43,0.015846146270632744,0,1,3,6,4,3,3,0,1,0,1,1
7,16,45,0.021547043696045876,0,1,3,6,4,5,3,0,1,0,1,1
7,16,47,0.002243524184450507,0,2,3,7,4,0,3,0,1,0,1,4
7,17,1,0.013781713321805,0,0,3,3,5,1,3,1,1,1,1,1
7,17,2,0.05400099605321884,0,0,3,3,5,2,3,1,1,1,1,1
7,17,6,0.022429315373301506,0,0,3,3,5,6,3,1,1,1,1,1
7,17,7,0.0025982665829360485,0,0,3,3,5,1,3,2,1,1,1,1
7,17,8,0.01305604912340641,0,0,3,3,5,2,3,2,1,1,1,1
7,17,10,0.007978236302733421,0,0,3,3,5,4,3,2,1,1,1,1
7,17,13,0.011150157079100609,0,0,3,3,5,1,3,3,1,1,1,1
7,17,15,0.06099690869450569,0,0,3,3,5,3,3,3,1,1,1,1
7,17,18,0.007955033332109451,0,0,3,3,5,6,3,3,1,1,1,1
7,17,19,0.015936745330691338,0,0,3,3,5,1,3,4,1,1,1,1
7,17,23,0.014458509162068367,0,0,3,3,5,5,3,4,1,1,1,1
7,17,24,0.03504069894552231,0,0,3,3,5,6,3,4,1,1,1,1
7,17,26,0.023565804585814476,0,0,3,3,5,2,3,5,1,1,1,1
7,17,28,0.037633251398801804,0,0,3,3,5,4,3,5,1,1,1,1
7,17,29,0.011851046234369278,0,0,3,3,5,5,3,5,1,1,1,1
7,17,31,0.10670068114995956,0,0,3,4,5,1,3,1,1,1,1,1
7,17,32,0.01325442735105753,0,0,3,4,5,2,3,2,1,1,1,1
7,17,36,0.08305726200342178,0,0,3,5,5,1,3,1,1,2,1,2
7,17,37,0.018123291432857513,0,0,3,5,5,2,3,2,1,2,1,2
7,17,38,0.2679232954978943,0,0,3,5,5,3,3,3,1,2,1,2
7,17,42,0.02498694509267807,0,1,3,6,5,2,3,0,1,0,1,1
7,17,43,0.0298811923712492,0,1,3,6,5,3,3,0,1,0,1,1
7,17,45,0.051862891763448715,0,1,3,6,5,5,3,0,1,0,1,1
7,17,47,0.07177694141864777,0,2,3,7,5,0,3,0,1,0,1,4
7,20,1,0.02225816436111927,0,0,3,3,2,1,4,1,1,1,1,1
7,20,2,0.0034069439861923456,0,0,3,3,2,2,4,1,1,1,1,1
7,20,6,0.017840934917330742,0,0,3,3,2,6,4,1,1,1,1,1
7,20,7,0.054489001631736755,0,0,3,3,2,1,4,2,1,1,1,1
7,20,8,0.010851705446839333,0,0,3,3,2,2,4,2,1,1,1,1
7,20,10,0.023330362513661385,0,0,3,3,2,4,4,2,1,1,1,1
7,20,13,0.23223750293254852,0,0,3,3,2,1,4,3,1,1,1,1
7,20,15,0.016675399616360664,0,0,3,3,2,3,4,3,1,1,1,1
7,20,18,0.011854665353894234,0,0,3,3,2,6,4,3,1,1,1,1
7,20,19,0.01279907114803791,0,0,3,3,2,1,4,4,1,1,1,1
7,20,23,0.011090001091361046,0,0,3,3,2,5,4,4,1,1,1,1
7,20,24,0.0007289524655789137,0,0,3,3,2,6,4,4,1,1,1,1
7,20,26,0.004266420844942331,0,0,3,3,2,2,4,5,1,1,1,1
7,20,28,0.00967503897845745,0,0,3,3,2,4,4,5,1,1,1,1
7,20,29,0.018389593809843063,0,0,3,3,2,5,4,5,1,1,1,1
7,20,31,0.16331157088279724,0,0,3,4,2,1,4,1,1,1,1,1
7,20,32,0.07417905330657959,0,0,3,4,2,2,4,2,1,1,1,1
7,20,36,0.01259943749755621,0,0,3,5,2,1,4,1,1,2,1,2
7,20,37,0.010080911219120026,0,0,3,5,2,2,4,2,1,2,1,2
7,20,38,0.04340418800711632,0,0,3,5,2,3,4,3,1,2,1,2
7,20,42,0.027247250080108643,0,1,3,6,2,2,4,0,1,0,1,1
7,20,43,0.13215474784374237,0,1,3,6,2,3,4,0,1,0,1,1
7,20,45,0.08669836074113846,0,1,3,6,2,5,4,0,1,0,1,1
7,20,47,0.0004306251648813486,0,2,3,7,2,0,4,0,1,0,1,4
7,21,1,0.0038010396528989077,0,0,3,3,3,1,4,1,1,1,1,1
7,21,2,0.006145444232970476,0,0,3,3,3,2,4,1,1,1,1,1
7,21,6,0.005487549118697643,0,0,3,3,3,6,4,1,1,1,1,1
7,21,7,0.002091888803988695,0,0,3,3,3,1,4,2,1,1,1,1
7,21,8,0.0012187766842544079,0,0,3,3,3,2,4,2,1,1,1,1
7,21,10,0.003377018729224801,0,0,3,3,3,4,4,2,1,1,1,1
7,21,13,0.04637552797794342,0,0,3,3,3,1,4,3,1,1,1,1
7,21,15,0.009695271030068398,0,0,3,3,3,3,4,3,1,1,1,1
7,21,18,0.004171041771769524,0,0,3,3,3,6,4,3,1,1,1,1
7,21,19,0.009729614481329918,0,0,3,3,3,1,4,4,1,1,1,1
7,21,23,0.005417573265731335,0,0,3,3,3,5,4,4,1,1,1,1
7,21,24,0.0010765462648123503,0,0,3,3,3,6,4,4,1,1,1,1
7,21,26,0.003676871070638299,0,0,3,3,3,2,4,5,1,1,1,1
7,21,28,0.0020923560950905085,0,0,3,3,3,4,4,5,1,1,1,1
7,21,29,0.0018127979710698128,0,0,3,3,3,5,4,5,1,1,1,1
7,21,31,0.05700703337788582,0,0,3,4,3,1,4,1,1,1,1,1
7,21,32,0.028405025601387024,0,0,3,4,3,2,4,2,1,1,1,1
7,21,36,0.0007831195835024118,0,0,3,5,3,1,4,1,1,2,1,2
7,21,37,0.0017275954596698284,0,0,3,5,3,2,4,2,1,2,1,2
7,21,38,0.00608393270522356,0,0,3,5,3,3,4,3,1,2,1,2
7,21,42,0.0935809388756752,0,1,3,6,3,2,4,0,1,0,1,1
7,21,43,0.38134822249412537,0,1,3,6,3,3,4,0,1,0,1,1
7,21,45,0.3244021534919739,0,1,3,6,3,5,4,0,1,0,1,1
7,21,47,0.0004924412933178246,0,2,3,7,3,0,4,0,1,0,1,4
7,22,1,0.001342259580269456,0,0,3,3,4,1,4,1,1,1,1,1
7,22,2,0.0032600692939013243,0,0,3,3,4,2,4,1,1,1,1,1
7,22,6,0.000705762067809701,0,0,3,3,4,6,4,1,1,1,1,1
7,22,7,0.0016201584367081523,0,0,3,3,4,1,4,2,1,1,1,1
7,22,8,0.0005324850790202618,0,0,3,3,4,2,4,2,1,1,1,1
7,22,10,0.001758643426001072,0,0,3,3,4,4,4,2,1,1,1,1
7,22,13,0.020831163972616196,0,0,3,3,4,1,4,3,1,1,1,1
7,22,15,0.005987382493913174,0,0,3,3,4,3,4,3,1,1,1,1
7,22,18,0.0006558629684150219,0,0,3,3,4,6,4,3,1,1,1,1
7,22,19,0.0038866326212882996,0,0,3,3,4,1,4,4,1,1,1,1
7,22,23,0.003307692939415574,0,0,3,3,4,5,4,4,1,1,1,1
7,22,24,0.00010663611465133727,0,0,3,3,4,6,4,4,1,1,1,1
7,22,26,0.0007028846303001046,0,0,3,3,4,2,4,5,1,1,1,1
7,22,28,0.0008293092832900584,0,0,3,3,4,4,4,5,1,1,1,1
7,22,29,0.0002783339296001941,0,0,3,3,4,5,4,5,1,1,1,1
7,22,31,0.010466421023011208,0,0,3,4,4,1,4,1,1,1,1,1
7,22,32,0.006753202062100172,0,0,3,4,4,2,4,2,1,1,1,1
7,22,36,0.00020226187189109623,0,0,3,5,4,1,4,1,1,2,1,2
7,22,37,0.0011750808916985989,0,0,3,5,4,2,4,2,1,2,1,2
7,22,38,0.001845403341576457,0,0,3,5,4,3,4,3,1,2,1,2
7,22,42,0.09688831865787506,0,1,3,6,4,2,4,0,1,0,1,1
7,22,43,0.43411651253700256,0,1,3,6,4,3,4,0,1,0,1,1
7,22,45,0.4024280905723572,0,1,3,6,4,5,4,0,1,0,1,1
7,22,47,0.00031978709739632905,0,2,3,7,4,0,4,0,1,0,1,4
7,25,1,0.00020909876911900938,0,0,3,3,1,1,5,1,1,1,1,1
7,25,2,0.004218683578073978,0,0,3,3,1,2,5,1,1,1,1,1
7,25,6,0.0010512442095205188,0,0,3,3,1,6,5,1,1,1,1,1
7,25,7,0.0001292997330892831,0,0,3,3,1,1,5,2,1,1,1,1
7,25,8,0.0002912494819611311,0,0,3,3,1,2,5,2,1,1,1,1
7,25,10,0.0001422253844793886,0,0,3,3,1,4,5,2,1,1,1,1
7,25,13,0.005414643790572882,0,0,3,3,1,1,5,3,1,1,1,1
7,25,15,0.02370031736791134,0,0,3,3,1,3,5,3,1,1,1,1
7,25,18,0.0015904640313237906,0,0,3,3,1,6,5,3,1,1,1,1
7,25,19,0.0014019341906532645,0,0,3,3,1,1,5,4,1,1,1,1
7,25,23,0.003951516002416611,0,0,3,3,1,5,5,4,1,1,1,1
7,25,24,0.004483323078602552,0,0,3,3,1,6,5,4,1,1,1,1
7,25,26,0.00216876482591033,0,0,3,3,1,2,5,5,1,1,1,1
7,25,28,0.0018462615553289652,0,0,3,3,1,4,5,5,1,1,1,1
7,25,29,0.001922532101161778,0,0,3,3,1,5,5,5,1,1,1,1
7,25,31,0.008573235012590885,0,0,3,4,1,1,5,1,1,1,1,1
7,25,32,0.00273644900880754,0,0,3,4,1,2,5,2,1,1,1,1
7,25,36,0.0004369777743704617,0,0,3,5,1,1,5,1,1,2,1,2
7,25,37,0.0016517599578946829,0,0,3,5,1,2,5,2,1,2,1,2
7,25,38,0.028576020151376724,0,0,3,5,1,3,5,3,1,2,1,2
7,25,42,0.13362404704093933,0,1,3,6,1,2,5,0,1,0,1,1
7,25,43,0.23601903021335602,0,1,3,6,1,3,5,0,1,0,1,1
7,25,45,0.4954345226287842,0,1,3,6,1,5,5,0,1,0,1,1
7,25,47,0.04042646661400795,0,2,3,7,1,0,5,0,1,0,1,4
7,27,1,0.0009897592244669795,0,0,3,3,3,1,5,1,1,1,1,1
7,27,2,0.0019078173208981752,0,0,3,3,3,2,5,1,1,1,1,1
7,27,6,0.00031666853465139866,0,0,3,3,3,6,5,1,1,1,1,1
7,27,7,0.00048134365351870656,0,0,3,3,3,1,5,2,1,1,1,1
7,27,8,0.0002725263184402138,0,0,3,3,3,2,5,2,1,1,1,1
7,27,10,0.0006606634706258774,0,0,3,3,3,4,5,2,1,1,1,1
7,27,13,0.010708295740187168,0,0,3,3,3,1,5,3,1,1,1,1
7,27,15,0.029359323903918266,0,0,3,3,3,3,5,3,1,1,1,1
7,27,18,0.0010701247956603765,0,0,3,3,3,6,5,3,1,1,1,1
7,27,19,0.0020726765505969524,0,0,3,3,3,1,5,4,1,1,1,1
7,27,23,0.002638400997966528,0,0,3,3,3,5,5,4,1,1,1,1
7,27,24,0.0004603775159921497,0,0,3,3,3,6,5,4,1,1,1,1
7,27,26,0.0007052053697407246,0,0,3,3,3,2,5,5,1,1,1,1
7,27,28,0.009479277767241001,0,0,3,3,3,4,5,5,1,1,1,1
7,27,29,0.0014125031884759665,0,0,3,3,3,5,5,5,1,1,1,1
7,27,31,0.007415201514959335,0,0,3,4,3,1,5,1,1,1,1,1
7,27,32,0.0009661372168920934,0,0,3,4,3,2,5,2,1,1,1,1
7,27,36,0.00020493334159255028,0,0,3,5,3,1,5,1,1,2,1,2
7,27,37,0.00012685835827142,0,0,3,5,3,2,5,2,1,2,1,2
7,27,38,0.007299872115254402,0,0,3,5,3,3,5,3,1,2,1,2
7,27,42,0.08331417292356491,0,1,3,6,3,2,5,0,1,0,1,1
7,27,43,0.48491838574409485,0,1,3,6,3,3,5,0,1,0,1,1
7,27,45,0.34568163752555847,0,1,3,6,3,5,5,0,1,0,1,1
7,27,47,0.007537670899182558,0,2,3,7,3,0,5,0,1,0,1,4
7,30,1,0.002242554211989045,0,0,3,3,6,1,5,1,1,1,1,1
7,30,2,0.018195338547229767,0,0,3,3,6,2,5,1,1,1,1,1
7,30,6,0.011056196875870228,0,0,3,3,6,6,5,1,1,1,1,1
7,30,7,0.0029645715840160847,0,0,3,3,6,1,5,2,1,1,1,1
7,30,8,0.001971494173631072,0,0,3,3,6,2,5,2,1,1,1,1
7,30,10,0.0031604988034814596,0,0,3,3,6,4,5,2,1,1,1,1
7,30,13,0.014976821839809418,0,0,3,3,6,1,5,3,1,1,1,1
7,30,15,0.040299367159605026,0,0,3,3,6,3,5,3,1,1,1,1
7,30,18,0.0013967902632430196,0,0,3,3,6,6,5,3,1,1,1,1
7,30,19,0.010092757642269135,0,0,3,3,6,1,5,4,1,1,1,1
7,30,23,0.011156151071190834,0,0,3,3,6,5,5,4,1,1,1,1
7,30,24,0.003303862176835537,0,0,3,3,6,6,5,4,1,1,1,1
7,30,26,0.005273374728858471,0,0,3,3,6,2,5,5,1,1,1,1
7,30,28,0.0016966963885352015,0,0,3,3,6,4,5,5,1,1,1,1
7,30,29,0.0007263339939527214,0,0,3,3,6,5,5,5,1,1,1,1
7,30,31,0.027084868401288986,0,0,3,4,6,1,5,1,1,1,1,1
7,30,32,0.022969333454966545,0,0,3,4,6,2,5,2,1,1,1,1
7,30,36,0.00031864841002970934,0,0,3,5,6,1,5,1,1,2,1,2
7,30,37,0.003300338750705123,0,0,3,5,6,2,5,2,1,2,1,2
7,30,38,0.005914794281125069,0,0,3,5,6,3,5,3,1,2,1,2
7,30,42,0.16714589297771454,0,1,3,6,6,2,5,0,1,0,1,1
7,30,43,0.3532907962799072,0,1,3,6,6,3,5,0,1,0,1,1
7,30,45,0.28870120644569397,0,1,3,6,6,5,5,0,1,0,1,1
7,30,47,0.002761698793619871,0,2,3,7,6,0,5,0,1,0,1,4
7,33,1,0.00011048873420804739,0,0,4,3,3,1,3,1,1,1,1,1
7,33,2,0.0018692476442083716,0,0,4,3,3,2,3,1,1,1,1,1
7,33,6,0.00044015489402227104,0,0,4,3,3,6,3,1,1,1,1,1
7,33,7,5.634775152429938e-05,0,0,4,3,3,1,3,2,1,1,1,1
7,33,8,7.888446998549625e-05,0,0,4,3,3,2,3,2,1,1,1,1
7,33,10,1.3594236406788696e-05,0,0,4,3,3,4,3,2,1,1,1,1
7,33,13,1.5664452803321183e-05,0,0,4,3,3,1,3,3,1,1,1,1
7,33,15,0.0008584783645346761,0,0,4,3,3,3,3,3,1,1,1,1
7,33,18,4.424128928803839e-05,0,0,4,3,3,6,3,3,1,1,1,1
7,33,19,0.0002532777434680611,0,0,4,3,3,1,3,4,1,1,1,1
7,33,23,0.0002956787357106805,0,0,4,3,3,5,3,4,1,1,1,1
7,33,24,0.050055939704179764,0,0,4,3,3,6,3,4,1,1,1,1
7,33,26,0.003813653253018856,0,0,4,3,3,2,3,5,1,1,1,1
7,33,28,0.0018240998033434153,0,0,4,3,3,4,3,5,1,1,1,1
7,33,29,0.0006124107167124748,0,0,4,3,3,5,3,5,1,1,1,1
7,33,31,0.0002998385753016919,0,0,4,4,3,1,3,1,1,1,1,1
7,33,32,0.00040489883394911885,0,0,4,4,3,2,3,2,1,1,1,1
7,33,36,0.00010271686187479645,0,0,4,5,3,1,3,1,1,2,1,2
7,33,37,9.288344881497324e-05,0,0,4,5,3,2,3,2,1,2,1,2
7,33,38,0.00010751117224572226,0,0,4,5,3,3,3,3,1,2,1,2
7,33,42,0.0012975623831152916,0,1,4,6,3,2,3,0,1,0,1,1
7,33,43,0.000732273212634027,0,1,4,6,3,3,3,0,1,0,1,1
7,33,45,0.0007680926937609911,0,1,4,6,3,5,3,0,1,0,1,1
7,33,47,0.9358519315719604,0,2,4,7,3,0,3,0,1,0,1,4
7,34,1,0.00825035572052002,0,0,4,3,4,1,4,1,1,1,1,1
7,34,2,0.04102025553584099,0,0,4,3,4,2,4,1,1,1,1,1
7,34,6,0.002488217782229185,0,0,4,3,4,6,4,1,1,1,1,1
7,34,7,0.007848136126995087,0,0,4,3,4,1,4,2,1,1,1,1
7,34,8,0.0023039367515593767,0,0,4,3,4,2,4,2,1,1,1,1
7,34,10,0.007415936794131994,0,0,4,3,4,4,4,2,1,1,1,1
7,34,13,0.01895917020738125,0,0,4,3,4,1,4,3,1,1,1,1
7,34,15,0.0069402847439050674,0,0,4,3,4,3,4,3,1,1,1,1
7,34,18,0.0002670561370905489,0,0,4,3,4,6,4,3,1,1,1,1
7,34,19,0.024608049541711807,0,0,4,3,4,1,4,4,1,1,1,1
7,34,23,0.011396735906600952,0,0,4,3,4,5,4,4,1,1,1,1
7,34,24,0.00027725211111828685,0,0,4,3,4,6,4,4,1,1,1,1
7,34,26,0.0014988057082518935,0,0,4,3,4,2,4,5,1,1,1,1
7,34,28,0.0015635546296834946,0,0,4,3,4,4,4,5,1,1,1,1
7,34,29,7.563968392787501e-05,0,0,4,3,4,5,4,5,1,1,1,1
7,34,31,0.05759016424417496,0,0,4,4,4,1,4,1,1,1,1,1
7,34,32,0.02348361723124981,0,0,4,4,4,2,4,2,1,1,1,1
7,34,36,0.0007527353591285646,0,0,4,5,4,1,4,1,1,2,1,2
7,34,37,0.009181415662169456,0,0,4,5,4,2,4,2,1,2,1,2
7,34,38,0.0011022555408999324,0,0,4,5,4,3,4,3,1,2,1,2
7,34,42,0.06515583395957947,0,1,4,6,4,2,4,0,1,0,1,1
7,34,43,0.263181209564209,0,1,4,6,4,3,4,0,1,0,1,1
7,34,45,0.4441104829311371,0,1,4,6,4,5,4,0,1,0,1,1
7,34,47,0.0005286953528411686,0,2,4,7,4,0,4,0,1,0,1,4
7,35,1,0.001018880750052631,0,0,4,3,5,1,5,1,1,1,1,1
7,35,2,0.0023302489425987005,0,0,4,3,5,2,5,1,1,1,1,1
7,35,6,0.0004462104116100818,0,0,4,3,5,6,5,1,1,1,1,1
7,35,7,0.0014698506565764546,0,0,4,3,5,1,5,2,1,1,1,1
7,35,8,0.003387474687770009,0,0,4,3,5,2,5,2,1,1,1,1
7,35,10,0.0012404669541865587,0,0,4,3,5,4,5,2,1,1,1,1
7,35,13,0.002627811161801219,0,0,4,3,5,1,5,3,1,1,1,1
7,35,15,0.13561895489692688,0,0,4,3,5,3,5,3,1,1,1,1
7,35,18,0.0012033270904794335,0,0,4,3,5,6,5,3,1,1,1,1
7,35,19,0.0017862783279269934,0,0,4,3,5,1,5,4,1,1,1,1
7,35,23,0.005066440440714359,0,0,4,3,5,5,5,4,1,1,1,1
7,35,24,0.004337399732321501,0,0,4,3,5,6,5,4,1,1,1,1
7,35,26,0.001915841130539775,0,0,4,3,5,2,5,5,1,1,1,1
7,35,28,0.09784051775932312,0,0,4,3,5,4,5,5,1,1,1,1
7,35,29,0.009827000088989735,0,0,4,3,5,5,5,5,1,1,1,1
7,35,31,0.001569171785376966,0,0,4,4,5,1,5,1,1,1,1,1
7,35,32,0.00034953944850713015,0,0,4,4,5,2,5,2,1,1,1,1
7,35,36,0.011667364276945591,0,0,4,5,5,1,5,1,1,2,1,2
7,35,37,0.0027883131988346577,0,0,4,5,5,2,5,2,1,2,1,2
7,35,38,0.5531665682792664,0,0,4,5,5,3,5,3,1,2,1,2
7,35,42,0.014638964086771011,0,1,4,6,5,2,5,0,1,0,1,1
7,35,43,0.024440016597509384,0,1,4,6,5,3,5,0,1,0,1,1
7,35,45,0.013232603669166565,0,1,4,6,5,5,5,0,1,0,1,1
7,35,47,0.10803082585334778,0,2,4,7,5,0,5,0,1,0,1,4
7,39,1,0.18279710412025452,0,0,5,3,4,1,4,1,2,1,2,1
7,39,2,0.004126087296754122,0,0,5,3,4,2,4,1,2,1,2,1
7,39,6,0.002692257985472679,0,0,5,3,4,6,4,1,2,1,2,1
7,39,7,0.4862455129623413,0,0,5,3,4,1,4,2,2,1,2,1
7,39,8,0.007342635653913021,0,0,5,3,4,2,4,2,2,1,2,1
7,39,10,0.10459064692258835,0,0,5,3,4,4,4,2,2,1,2,1
7,39,13,0.006974400021135807,0,0,5,3,4,1,4,3,2,1,2,1
7,39,15,0.0005978672998026013,0,0,5,3,4,3,4,3,2,1,2,1
7,39,18,0.00023743888596072793,0,0,5,3,4,6,4,3,2,1,2,1
7,39,19,0.05555063486099243,0,0,5,3,4,1,4,4,2,1,2,1
7,39,23,0.006173057481646538,0,0,5,3,4,5,4,4,2,1,2,1
7,39,24,0.0008948371978476644,0,0,5,3,4,6,4,4,2,1,2,1
7,39,26,0.0012281002709642053,0,0,5,3,4,2,4,5,2,1,2,1
7,39,28,0.12520933151245117,0,0,5,3,4,4,4,5,2,1,2,1
7,39,29,0.0007122162496671081,0,0,5,3,4,5,4,5,2,1,2,1
7,39,31,0.0067872945219278336,0,0,5,4,4,1,4,1,2,1,2,1
7,39,32,0.0032763839699327946,0,0,5,4,4,2,4,2,2,1,2,1
7,39,36,0.0016168757574632764,0,0,5,5,4,1,4,1,2,2,2,2
7,39,37,0.00038173850043676794,0,0,5,5,4,2,4,2,2,2,2,2
7,39,38,2.0296292859711684e-05,0,0,5,5,4,3,4,3,2,2,2,2
7,39,42,0.000631745730061084,0,1,5,6,4,2,4,0,2,0,2,1
7,39,43,0.0009882956510409713,0,1,5,6,4,3,4,0,2,0,2,1
7,39,45,0.0008786077378317714,0,1,5,6,4,5,4,0,2,0,2,1
7,39,47,4.65415942016989e-05,0,2,5,7,4,0,4,0,2,0,2,4
7,40,1,0.005817499477416277,0,0,5,3,5,1,5,1,2,1,2,1
7,40,2,0.00015465982141904533,0,0,5,3,5,2,5,1,2,1,2,1
7,40,6,0.00010584855044726282,0,0,5,3,5,6,5,1,2,1,2,1
7,40,7,0.013217336498200893,0,0,5,3,5,1,5,2,2,1,2,1
7,40,8,0.0006257525528781116,0,0,5,3,5,2,5,2,2,1,2,1
7,40,10,0.002705008490011096,0,0,5,3,5,4,5,2,2,1,2,1
7,40,13,0.00019931138376705348,0,0,5,3,5,1,5,3,2,1,2,1
7,40,15,0.0012663403758779168,0,0,5,3,5,3,5,3,2,1,2,1
7,40,18,4.401267142384313e-05,0,0,5,3,5,6,5,3,2,1,2,1
7,40,19,0.00329876272007823,0,0,5,3,5,1,5,4,2,1,2,1
7,40,23,0.001124928006902337,0,0,5,3,5,5,5,4,2,1,2,1
7,40,24,0.0020709412638098,0,0,5,3,5,6,5,4,2,1,2,1
7,40,26,0.000264047208474949,0,0,5,3,5,2,5,5,2,1,2,1
7,40,28,0.9661816358566284,0,0,5,3,5,4,5,5,2,1,2,1
7,40,29,0.0016404963098466396,0,0,5,3,5,5,5,5,2,1,2,1
7,40,31,0.0001409656833857298,0,0,5,4,5,1,5,1,2,1,2,1
7,40,32,1.3878141544410028e-05,0,0,5,4,5,2,5,2,2,1,2,1
7,40,36,0.00039589908556081355,0,0,5,5,5,1,5,1,2,2,2,2
7,40,37,5.889925432711607e-06,0,0,5,5,5,2,5,2,2,2,2,2
7,40,38,9.508740913588554e-05,0,0,5,5,5,3,5,3,2,2,2,2
7,40,42,7.470507989637554e-05,0,1,5,6,5,2,5,0,2,0,2,1
7,40,43,0.00010556284541962668,0,1,5,6,5,3,5,0,2,0,2,1
7,40,45,4.380923564895056e-05,0,1,5,6,5,5,5,0,2,0,2,1
7,40,47,0.000407542655011639,0,2,5,7,5,0,5,0,2,0,2,4
7,41,1,0.012837070971727371,1,0,6,3,1,1,0,1,0,1,1,1
7,41,2,0.008425947278738022,1,0,6,3,1,2,0,1,0,1,1,1
7,41,6,0.09615416824817657,1,0,6,3,1,6,0,1,0,1,1,1
7,41,7,0.010200371034443378,1,0,6,3,1,1,0,2,0,1,1,1
7,41,8,0.00592391612008214,1,0,6,3,1,2,0,2,0,1,1,1
7,41,10,0.005790313705801964,1,0,6,3,1,4,0,2,0,1,1,1
7,41,13,0.016260720789432526,1,0,6,3,1,1,0,3,0,1,1,1
7,41,15,0.0015731408493593335,1,0,6,3,1,3,0,3,0,1,1,1
7,41,18,0.01251972932368517,1,0,6,3,1,6,0,3,0,1,1,1
7,41,19,0.006341711152344942,1,0,6,3,1,1,0,4,0,1,1,1
7,41,23,0.00335601600818336,1,0,6,3,1,5,0,4,0,1,1,1
7,41,24,0.009902707301080227,1,0,6,3,1,6,0,4,0,1,1,1
7,41,26,0.01996537856757641,1,0,6,3,1,2,0,5,0,1,1,1
7,41,28,0.0007703003939241171,1,0,6,3,1,4,0,5,0,1,1,1
7,41,29,0.008447401225566864,1,0,6,3,1,5,0,5,0,1,1,1
7,41,31,0.29748010635375977,1,0,6,4,1,1,0,1,0,1,1,1
7,41,32,0.4347841739654541,1,0,6,4,1,2,0,2,0,1,1,1
7,41,36,0.0052909767255187035,1,0,6,5,1,1,0,1,0,2,1,2
7,41,37,0.016542790457606316,1,0,6,5,1,2,0,2,0,2,1,2
7,41,38,0.0023571192286908627,1,0,6,5,1,3,0,3,0,2,1,2
7,41,42,0.003939453046768904,1,1,6,6,1,2,0,0,0,0,1,1
7,41,43,0.008698105812072754,1,1,6,6,1,3,0,0,0,0,1,1
7,41,45,0.008249795995652676,1,1,6,6,1,5,0,0,0,0,1,1
7,41,47,0.0041880435310304165,1,2,6,7,1,0,0,0,0,0,1,4
7,44,1,0.06509994715452194,1,0,6,3,4,1,0,1,0,1,1,1
7,44,2,0.0029017457272857428,1,0,6,3,4,2,0,1,0,1,1,1
7,44,6,0.06653095781803131,1,0,6,3,4,6,0,1,0,1,1,1
7,44,7,0.04376041516661644,1,0,6,3,4,1,0,2,0,1,1,1
7,44,8,0.002870213007554412,1,0,6,3,4,2,0,2,0,1,1,1
7,44,10,0.017589466646313667,1,0,6,3,4,4,0,2,0,1,1,1
7,44,13,0.02777809090912342,1,0,6,3,4,1,0,3,0,1,1,1
7,44,15,0.0002506154705770314,1,0,6,3,4,3,0,3,0,1,1,1
7,44,18,0.012040862813591957,1,0,6,3,4,6,0,3,0,1,1,1
7,44,19,0.015468507073819637,1,0,6,3,4,1,0,4,0,1,1,1
7,44,23,0.0030386503785848618,1,0,6,3,4,5,0,4,0,1,1,1
7,44,24,0.0030650838743895292,1,0,6,3,4,6,0,4,0,1,1,1
7,44,26,0.009530591778457165,1,0,6,3,4,2,0,5,0,1,1,1
7,44,28,0.0015386848244816065,1,0,6,3,4,4,0,5,0,1,1,1
7,44,29,0.012204988859593868,1,0,6,3,4,5,0,5,0,1,1,1
7,44,31,0.404335081577301,1,0,6,4,4,1,0,1,0,1,1,1
7,44,32,0.29726725816726685,1,0,6,4,4,2,0,2,0,1,1,1
7,44,36,0.0016924833180382848,1,0,6,5,4,1,0,1,0,2,1,2
7,44,37,0.001542864483781159,1,0,6,5,4,2,0,2,0,2,1,2
7,44,38,6.65886836941354e-05,1,0,6,5,4,3,0,3,0,2,1,2
7,44,42,0.0007283423910848796,1,1,6,6,4,2,0,0,0,0,1,1
7,44,43,0.005151662044227123,1,1,6,6,4,3,0,0,0,0,1,1
7,44,45,0.0047850459814071655,1,1,6,6,4,5,0,0,0,0,1,1
7,44,47,0.0007617835653945804,1,2,6,7,4,0,0,0,0,0,1,4
7,46,1,0.008426557295024395,1,0,6,3,6,1,0,1,0,1,1,1
7,46,2,0.008365434594452381,1,0,6,3,6,2,0,1,0,1,1,1
7,46,6,0.12171538174152374,1,0,6,3,6,6,0,1,0,1,1,1
7,46,7,0.00610120315104723,1,0,6,3,6,1,0,2,0,1,1,1
7,46,8,0.005976715125143528,1,0,6,3,6,2,0,2,0,1,1,1
7,46,10,0.0015502292662858963,1,0,6,3,6,4,0,2,0,1,1,1
7,46,13,0.005499386694282293,1,0,6,3,6,1,0,3,0,1,1,1
7,46,15,0.0003198696067556739,1,0,6,3,6,3,0,3,0,1,1,1
7,46,18,0.0053924876265227795,1,0,6,3,6,6,0,3,0,1,1,1
7,46,19,0.002654936397448182,1,0,6,3,6,1,0,4,0,1,1,1
7,46,23,0.0017140541458502412,1,0,6,3,6,5,0,4,0,1,1,1
7,46,24,0.013600763864815235,1,0,6,3,6,6,0,4,0,1,1,1
7,46,26,0.014497974887490273,1,0,6,3,6,2,0,5,0,1,1,1
7,46,28,0.00010077084880322218,1,0,6,3,6,4,0,5,0,1,1,1
7,46,29,0.0035679196007549763,1,0,6,3,6,5,0,5,0,1,1,1
7,46,31,0.12235594540834427,1,0,6,4,6,1,0,1,0,1,1,1
7,46,32,0.6326990723609924,1,0,6,4,6,2,0,2,0,1,1,1
7,46,36,0.006916610524058342,1,0,6,5,6,1,0,1,0,2,1,2
7,46,37,0.031156787648797035,1,0,6,5,6,2,0,2,0,2,1,2
7,46,38,0.0005934873479418457,1,0,6,5,6,3,0,3,0,2,1,2
7,46,42,0.0014921805122867227,1,1,6,6,6,2,0,0,0,0,1,1
7,46,43,0.001338014262728393,1,1,6,6,6,3,0,0,0,0,1,1
7,46,45,0.0019212623592466116,1,1,6,6,6,5,0,0,0,0,1,1
7,46,47,0.0020425189286470413,1,2,6,7,6,0,0,0,0,0,1,4
