coupling_layer,target_coord,fixed_coord,mean_attention,target_latent_type,fixed_latent_type,target_parameter_type,fixed_parameter_type,target_group,fixed_group,target_unit,fixed_unit,target_layer,fixed_layer,target_side,fixed_side
0,4,0,0.017977800220251083,0,0,3,1,4,0,1,0,1,2,1,4
0,4,1,0.01290102954953909,0,0,3,3,4,1,1,1,1,1,1,1
0,4,2,0.0014802939258515835,0,0,3,3,4,2,1,1,1,1,1,1
0,4,3,0.0006198487826623023,0,0,3,3,4,3,1,1,1,1,1,1
0,4,5,0.000886269670445472,0,0,3,3,4,5,1,1,1,1,1,1
0,4,6,0.0008788032573647797,0,0,3,3,4,6,1,1,1,1,1,1
0,4,7,0.005329586565494537,0,0,3,3,4,1,1,2,1,1,1,1
0,4,11,0.00040139167685993016,0,0,3,3,4,5,1,2,1,1,1,1
0,4,13,0.0004888366092927754,0,0,3,3,4,1,1,3,1,1,1,1
0,4,18,0.0001624694123165682,0,0,3,3,4,6,1,3,1,1,1,1
0,4,23,0.0015556968282908201,0,0,3,3,4,5,1,4,1,1,1,1
0,4,24,0.00036753140739165246,0,0,3,3,4,6,1,4,1,1,1,1
0,4,25,0.00013107738050166517,0,0,3,3,4,1,1,5,1,1,1,1
0,4,26,8.953596989158541e-05,0,0,3,3,4,2,1,5,1,1,1,1
0,4,28,9.591077832737938e-05,0,0,3,3,4,4,1,5,1,1,1,1
0,4,31,0.0008843078394420445,0,0,3,4,4,1,1,1,1,1,1,1
0,4,32,0.0009872446535155177,0,0,3,4,4,2,1,2,1,1,1,1
0,4,33,9.340819815406576e-05,0,0,3,4,4,3,1,3,1,1,1,1
0,4,34,0.00015766128490213305,0,0,3,4,4,4,1,4,1,1,1,1
0,4,38,0.513532280921936,0,0,3,5,4,3,1,3,1,2,1,2
0,4,40,0.44071176648139954,0,0,3,5,4,5,1,5,1,2,1,2
0,4,43,0.00014047334843780845,0,1,3,6,4,3,1,0,1,0,1,1
0,4,44,1.3535936886910349e-05,0,1,3,6,4,4,1,0,1,0,1,1
0,4,46,0.0001131964527303353,0,1,3,6,4,6,1,0,1,0,1,1
0,8,0,0.003334919922053814,0,0,3,1,2,0,2,0,1,2,1,4
0,8,1,0.017087483778595924,0,0,3,3,2,1,2,1,1,1,1,1
0,8,2,0.001578045659698546,0,0,3,3,2,2,2,1,1,1,1,1
0,8,3,0.000973582617007196,0,0,3,3,2,3,2,1,1,1,1,1
0,8,5,0.001875978079624474,0,0,3,3,2,5,2,1,1,1,1,1
0,8,6,0.00010692516661947593,0,0,3,3,2,6,2,1,1,1,1,1
0,8,7,0.012499957345426083,0,0,3,3,2,1,2,2,1,1,1,1
0,8,11,0.00035055342596024275,0,0,3,3,2,5,2,2,1,1,1,1
0,8,13,9.564711945131421e-05,0,0,3,3,2,1,2,3,1,1,1,1
0,8,18,3.5571129046729766e-06,0,0,3,3,2,6,2,3,1,1,1,1
0,8,23,0.00069715321296826,0,0,3,3,2,5,2,4,1,1,1,1
0,8,24,1.9001634427695535e-05,0,0,3,3,2,6,2,4,1,1,1,1
0,8,25,6.83295147609897e-05,0,0,3,3,2,1,2,5,1,1,1,1
0,8,26,3.9569204091094434e-05,0,0,3,3,2,2,2,5,1,1,1,1
0,8,28,2.1831638150615618e-05,0,0,3,3,2,4,2,5,1,1,1,1
0,8,31,0.0004230610211379826,0,0,3,4,2,1,2,1,1,1,1,1
0,8,32,0.00016961252549663186,0,0,3,4,2,2,2,2,1,1,1,1
0,8,33,1.066361346602207e-05,0,0,3,4,2,3,2,3,1,1,1,1
0,8,34,2.805339863698464e-05,0,0,3,4,2,4,2,4,1,1,1,1
0,8,38,0.1766389161348343,0,0,3,5,2,3,2,3,1,2,1,2
0,8,40,0.7839525938034058,0,0,3,5,2,5,2,5,1,2,1,2
0,8,43,2.0124783986830153e-05,0,1,3,6,2,3,2,0,1,0,1,1
0,8,44,3.627292244345881e-07,0,1,3,6,2,4,2,0,1,0,1,1
0,8,46,3.4994175166502828e-06,0,1,3,6,2,6,2,0,1,0,1,1
0,9,0,0.009696470573544502,0,0,3,1,3,0,2,0,1,2,1,4
0,9,1,0.03504783287644386,0,0,3,3,3,1,2,1,1,1,1,1
0,9,2,0.0006003008456900716,0,0,3,3,3,2,2,1,1,1,1,1
0,9,3,0.003703830996528268,0,0,3,3,3,3,2,1,1,1,1,1
0,9,5,0.005546802654862404,0,0,3,3,3,5,2,1,1,1,1,1
0,9,6,0.0004886576789431274,0,0,3,3,3,6,2,1,1,1,1,1
0,9,7,0.13412895798683167,0,0,3,3,3,1,2,2,1,1,1,1
0,9,11,0.01730896160006523,0,0,3,3,3,5,2,2,1,1,1,1
0,9,13,0.00038879108615219593,0,0,3,3,3,1,2,3,1,1,1,1
0,9,18,0.00019466037338133901,0,0,3,3,3,6,2,3,1,1,1,1
0,9,23,0.002637111581861973,0,0,3,3,3,5,2,4,1,1,1,1
0,9,24,4.651111885323189e-05,0,0,3,3,3,6,2,4,1,1,1,1
0,9,25,0.0013925258535891771,0,0,3,3,3,1,2,5,1,1,1,1
0,9,26,0.000281188462395221,0,0,3,3,3,2,2,5,1,1,1,1
0,9,28,0.004422350786626339,0,0,3,3,3,4,2,5,1,1,1,1
0,9,31,0.0013564523542299867,0,0,3,4,3,1,2,1,1,1,1,1
0,9,32,0.001649539335630834,0,0,3,4,3,2,2,2,1,1,1,1
0,9,33,0.00023383158259093761,0,0,3,4,3,3,2,3,1,1,1,1
0,9,34,0.00011117305257357657,0,0,3,4,3,4,2,4,1,1,1,1
0,9,38,0.19100718200206757,0,0,3,5,3,3,2,3,1,2,1,2
0,9,40,0.5893945097923279,0,0,3,5,3,5,2,5,1,2,1,2
0,9,43,0.00022315271780826151,0,1,3,6,3,3,2,0,1,0,1,1
0,9,44,7.792346877977252e-05,0,1,3,6,3,4,2,0,1,0,1,1
0,9,46,6.0900452808709815e-05,0,1,3,6,3,6,2,0,1,0,1,1
0,10,0,0.0001495097967563197,0,0,3,1,4,0,2,0,1,2,1,4
0,10,1,0.011943509802222252,0,0,3,3,4,1,2,1,1,1,1,1
0,10,2,0.00018269853899255395,0,0,3,3,4,2,2,1,1,1,1,1
0,10,3,0.0008433356415480375,0,0,3,3,4,3,2,1,1,1,1,1
0,10,5,0.0007811203831806779,0,0,3,3,4,5,2,1,1,1,1,1
0,10,6,2.853143996617291e-05,0,0,3,3,4,6,2,1,1,1,1,1
0,10,7,0.9462906718254089,0,0,3,3,4,1,2,2,1,1,1,1
0,10,11,0.027728617191314697,0,0,3,3,4,5,2,2,1,1,1,1
0,10,13,0.0003543351194821298,0,0,3,3,4,1,2,3,1,1,1,1
0,10,18,5.377019988372922e-05,0,0,3,3,4,6,2,3,1,1,1,1
0,10,23,0.00040279424865730107,0,0,3,3,4,5,2,4,1,1,1,1
0,10,24,1.3787157513434067e-05,0,0,3,3,4,6,2,4,1,1,1,1
0,10,25,5.9484220400918275e-05,0,0,3,3,4,1,2,5,1,1,1,1
0,10,26,2.4160552129615098e-05,0,0,3,3,4,2,2,5,1,1,1,1
0,10,28,0.000285129965050146,0,0,3,3,4,4,2,5,1,1,1,1
0,10,31,0.0007212599739432335,0,0,3,4,4,1,2,1,1,1,1,1
0,10,32,0.004187439102679491,0,0,3,4,4,2,2,2,1,1,1,1
0,10,33,3.935895438189618e-05,0,0,3,4,4,3,2,3,1,1,1,1
0,10,34,6.784845754737034e-05,0,0,3,4,4,4,2,4,1,1,1,1
0,10,38,0.002386185573413968,0,0,3,5,4,3,2,3,1,2,1,2
0,10,40,0.0033077506814152002,0,0,3,5,4,5,2,5,1,2,1,2
0,10,43,0.00010285917232977226,0,1,3,6,4,3,2,0,1,0,1,1
0,10,44,3.6973047826904804e-05,0,1,3,6,4,4,2,0,1,0,1,1
0,10,46,9.799776307772845e-06,0,1,3,6,4,6,2,0,1,0,1,1
0,12,0,0.012449889443814754,0,0,3,1,6,0,2,0,1,2,1,4
0,12,1,0.02551625669002533,0,0,3,3,6,1,2,1,1,1,1,1
0,12,2,0.0004702518926933408,0,0,3,3,6,2,2,1,1,1,1,1
0,12,3,0.0008824190008454025,0,0,3,3,6,3,2,1,1,1,1,1
0,12,5,0.0017260590102523565,0,0,3,3,6,5,2,1,1,1,1,1
0,12,6,0.00026569838519208133,0,0,3,3,6,6,2,1,1,1,1,1
0,12,7,0.05076726898550987,0,0,3,3,6,1,2,2,1,1,1,1
0,12,11,0.0052324621938169,0,0,3,3,6,5,2,2,1,1,1,1
0,12,13,0.0007511237636208534,0,0,3,3,6,1,2,3,1,1,1,1
0,12,18,0.00040775275556370616,0,0,3,3,6,6,2,3,1,1,1,1
0,12,23,0.002824313472956419,0,0,3,3,6,5,2,4,1,1,1,1
0,12,24,0.00015162857016548514,0,0,3,3,6,6,2,4,1,1,1,1
0,12,25,0.00029794868896715343,0,0,3,3,6,1,2,5,1,1,1,1
0,12,26,0.00011049873864976689,0,0,3,3,6,2,2,5,1,1,1,1
0,12,28,0.00043992698192596436,0,0,3,3,6,4,2,5,1,1,1,1
0,12,31,0.001268309191800654,0,0,3,4,6,1,2,1,1,1,1,1
0,12,32,0.001817321521230042,0,0,3,4,6,2,2,2,1,1,1,1
0,12,33,0.00030763965332880616,0,0,3,4,6,3,2,3,1,1,1,1
0,12,34,0.00019194195920135826,0,0,3,4,6,4,2,4,1,1,1,1
0,12,38,0.3810386061668396,0,0,3,5,6,3,2,3,1,2,1,2
0,12,40,0.5128594636917114,0,0,3,5,6,5,2,5,1,2,1,2
0,12,43,0.00012822545249946415,0,1,3,6,6,3,2,0,1,0,1,1
0,12,44,2.4927905542426743e-05,0,1,3,6,6,4,2,0,1,0,1,1
0,12,46,6.97571158525534e-05,0,1,3,6,6,6,2,0,1,0,1,1
0,14,0,0.00024613089044578373,0,0,3,1,2,0,3,0,1,2,1,4
0,14,1,0.037752360105514526,0,0,3,3,2,1,3,1,1,1,1,1
0,14,2,0.005847413092851639,0,0,3,3,2,2,3,1,1,1,1,1
0,14,3,0.004256736021488905,0,0,3,3,2,3,3,1,1,1,1,1
0,14,5,0.008005131967365742,0,0,3,3,2,5,3,1,1,1,1,1
0,14,6,0.000415848073316738,0,0,3,3,2,6,3,1,1,1,1,1
0,14,7,0.15594564378261566,0,0,3,3,2,1,3,2,1,1,1,1
0,14,11,0.016536477953195572,0,0,3,3,2,5,3,2,1,1,1,1
0,14,13,0.0004953707102686167,0,0,3,3,2,1,3,3,1,1,1,1
0,14,18,0.00023544245050288737,0,0,3,3,2,6,3,3,1,1,1,1
0,14,23,0.008107482455670834,0,0,3,3,2,5,3,4,1,1,1,1
0,14,24,0.0009811309864744544,0,0,3,3,2,6,3,4,1,1,1,1
0,14,25,0.0009805421577766538,0,0,3,3,2,1,3,5,1,1,1,1
0,14,26,0.0015996554866433144,0,0,3,3,2,2,3,5,1,1,1,1
0,14,28,0.0013749864883720875,0,0,3,3,2,4,3,5,1,1,1,1
0,14,31,0.0019792604725807905,0,0,3,4,2,1,3,1,1,1,1,1
0,14,32,0.007037479896098375,0,0,3,4,2,2,3,2,1,1,1,1
0,14,33,0.0004104397085029632,0,0,3,4,2,3,3,3,1,1,1,1
0,14,34,0.0004054162127431482,0,0,3,4,2,4,3,4,1,1,1,1
0,14,38,0.047948647290468216,0,0,3,5,2,3,3,3,1,2,1,2
0,14,40,0.6980971097946167,0,0,3,5,2,5,3,5,1,2,1,2
0,14,43,0.001080724410712719,0,1,3,6,2,3,3,0,1,0,1,1
0,14,44,0.00017050605674739927,0,1,3,6,2,4,3,0,1,0,1,1
0,14,46,8.994308882392943e-05,0,1,3,6,2,6,3,0,1,0,1,1
0,15,0,0.00023885622795205563,0,0,3,1,3,0,3,0,1,2,1,4
0,15,1,0.00467967102304101,0,0,3,3,3,1,3,1,1,1,1,1
0,15,2,3.537594966473989e-05,0,0,3,3,3,2,3,1,1,1,1,1
0,15,3,8.02926515461877e-05,0,0,3,3,3,3,3,1,1,1,1,1
0,15,5,0.00047162044211290777,0,0,3,3,3,5,3,1,1,1,1,1
0,15,6,1.0874584404518828e-05,0,0,3,3,3,6,3,1,1,1,1,1
0,15,7,0.014917723834514618,0,0,3,3,3,1,3,2,1,1,1,1
0,15,11,0.01015830971300602,0,0,3,3,3,5,3,2,1,1,1,1
0,15,13,1.1336787792970426e-05,0,0,3,3,3,1,3,3,1,1,1,1
0,15,18,1.8458727936376818e-05,0,0,3,3,3,6,3,3,1,1,1,1
0,15,23,0.0020058266818523407,0,0,3,3,3,5,3,4,1,1,1,1
0,15,24,6.630396092077717e-05,0,0,3,3,3,6,3,4,1,1,1,1
0,15,25,3.603876393754035e-05,0,0,3,3,3,1,3,5,1,1,1,1
0,15,26,3.5793822462437674e-05,0,0,3,3,3,2,3,5,1,1,1,1
0,15,28,0.0001759544829837978,0,0,3,3,3,4,3,5,1,1,1,1
0,15,31,6.744788697687909e-05,0,0,3,4,3,1,3,1,1,1,1,1
0,15,32,0.0005479832761920989,0,0,3,4,3,2,3,2,1,1,1,1
0,15,33,5.4226635256782174e-05,0,0,3,4,3,3,3,3,1,1,1,1
0,15,34,3.580487100407481e-05,0,0,3,4,3,4,3,4,1,1,1,1
0,15,38,0.05647583305835724,0,0,3,5,3,3,3,3,1,2,1,2
0,15,40,0.9098019599914551,0,0,3,5,3,5,3,5,1,2,1,2
0,15,43,5.6479442719137296e-05,0,1,3,6,3,3,3,0,1,0,1,1
0,15,44,1.0786631719383877e-05,0,1,3,6,3,4,3,0,1,0,1,1
0,15,46,6.508046681119595e-06,0,1,3,6,3,6,3,0,1,0,1,1
0,16,0,2.2529344278154895e-05,0,0,3,1,4,0,3,0,1,2,1,4
0,16,1,0.0062932176515460014,0,0,3,3,4,1,3,1,1,1,1,1
0,16,2,0.00015764078125357628,0,0,3,3,4,2,3,1,1,1,1,1
0,16,3,0.0008260999456979334,0,0,3,3,4,3,3,1,1,1,1,1
0,16,5,0.0005649438826367259,0,0,3,3,4,5,3,1,1,1,1,1
0,16,6,1.721083390293643e-05,0,0,3,3,4,6,3,1,1,1,1,1
0,16,7,0.9250801801681519,0,0,3,3,4,1,3,2,1,1,1,1
0,16,11,0.04954903572797775,0,0,3,3,4,5,3,2,1,1,1,1
0,16,13,0.00011475833889562637,0,0,3,3,4,1,3,3,1,1,1,1
0,16,18,0.00010073379235109314,0,0,3,3,4,6,3,3,1,1,1,1
0,16,23,0.0006322166882455349,0,0,3,3,4,5,3,4,1,1,1,1
0,16,24,5.414565748651512e-05,0,0,3,3,4,6,3,4,1,1,1,1
0,16,25,4.192359483567998e-05,0,0,3,3,4,1,3,5,1,1,1,1
0,16,26,4.39522773376666e-05,0,0,3,3,4,2,3,5,1,1,1,1
0,16,28,0.0003290789609309286,0,0,3,3,4,4,3,5,1,1,1,1
0,16,31,0.0005022395052947104,0,0,3,4,4,1,3,1,1,1,1,1
0,16,32,0.009822437539696693,0,0,3,4,4,2,3,2,1,1,1,1
0,16,33,5.7522833230905235e-05,0,0,3,4,4,3,3,3,1,1,1,1
0,16,34,5.4238043958321214e-05,0,0,3,4,4,4,3,4,1,1,1,1
0,16,38,0.0006504751509055495,0,0,3,5,4,3,3,3,1,2,1,2
0,16,40,0.002460199175402522,0,0,3,5,4,5,3,5,1,2,1,2
0,16,43,0.001810512039810419,0,1,3,6,4,3,3,0,1,0,1,1
0,16,44,0.0007452364079654217,0,1,3,6,4,4,3,0,1,0,1,1
0,16,46,6.965547072468325e-05,0,1,3,6,4,6,3,0,1,0,1,1
0,17,0,0.00028791744261980057,0,0,3,1,5,0,3,0,1,2,1,4
0,17,1,0.01595570147037506,0,0,3,3,5,1,3,1,1,1,1,1
0,17,2,0.0003026591439265758,0,0,3,3,5,2,3,1,1,1,1,1
0,17,3,0.000575086975004524,0,0,3,3,5,3,3,1,1,1,1,1
0,17,5,0.0014131114585325122,0,0,3,3,5,5,3,1,1,1,1,1
0,17,6,4.7287223424063995e-05,0,0,3,3,5,6,3,1,1,1,1,1
0,17,7,0.2949847877025604,0,0,3,3,5,1,3,2,1,1,1,1
0,17,11,0.057971369475126266,0,0,3,3,5,5,3,2,1,1,1,1
0,17,13,3.9632810512557626e-05,0,0,3,3,5,1,3,3,1,1,1,1
0,17,18,7.72888379287906e-05,0,0,3,3,5,6,3,3,1,1,1,1
0,17,23,0.0027412683703005314,0,0,3,3,5,5,3,4,1,1,1,1
0,17,24,0.00016122739179991186,0,0,3,3,5,6,3,4,1,1,1,1
0,17,25,0.00030032667564228177,0,0,3,3,5,1,3,5,1,1,1,1
0,17,26,0.00023945557768456638,0,0,3,3,5,2,3,5,1,1,1,1
0,17,28,0.0005381267401389778,0,0,3,3,5,4,3,5,1,1,1,1
0,17,31,0.0005882545956410468,0,0,3,4,5,1,3,1,1,1,1,1
0,17,32,0.01062539778649807,0,0,3,4,5,2,3,2,1,1,1,1
0,17,33,9.663550736149773e-05,0,0,3,4,5,3,3,3,1,1,1,1
0,17,34,4.741003067465499e-05,0,0,3,4,5,4,3,4,1,1,1,1
0,17,38,0.03762336075305939,0,0,3,5,5,3,3,3,1,2,1,2
0,17,40,0.573852002620697,0,0,3,5,5,5,3,5,1,2,1,2
0,17,43,0.0013007367961108685,0,1,3,6,5,3,3,0,1,0,1,1
0,17,44,0.00018158067541662604,0,1,3,6,5,4,3,0,1,0,1,1
0,17,46,4.959654688718729e-05,0,1,3,6,5,6,3,0,1,0,1,1
0,19,0,0.003896683920174837,0,0,3,1,1,0,4,0,1,2,1,4
0,19,1,0.003013862995430827,0,0,3,3,1,1,4,1,1,1,1,1
0,19,2,0.00034771946957334876,0,0,3,3,1,2,4,1,1,1,1,1
0,19,3,0.00024278029741253704,0,0,3,3,1,3,4,1,1,1,1,1
0,19,5,0.0004806575016118586,0,0,3,3,1,5,4,1,1,1,1,1
0,19,6,0.00010063516674563289,0,0,3,3,1,6,4,1,1,1,1,1
0,19,7,0.0013131315354257822,0,0,3,3,1,1,4,2,1,1,1,1
0,19,11,0.00010414719872642308,0,0,3,3,1,5,4,2,1,1,1,1
0,19,13,1.6716376194381155e-05,0,0,3,3,1,1,4,3,1,1,1,1
0,19,18,4.880003871221561e-06,0,0,3,3,1,6,4,3,1,1,1,1
0,19,23,0.0004283999733161181,0,0,3,3,1,5,4,4,1,1,1,1
0,19,24,2.0098990717087872e-05,0,0,3,3,1,6,4,4,1,1,1,1
0,19,25,4.897898543276824e-05,0,0,3,3,1,1,4,5,1,1,1,1
0,19,26,2.7919490094063804e-05,0,0,3,3,1,2,4,5,1,1,1,1
0,19,28,2.1039317289250903e-05,0,0,3,3,1,4,4,5,1,1,1,1
0,19,31,0.00010955108155030757,0,0,3,4,1,1,4,1,1,1,1,1
0,19,32,0.00010136194759979844,0,0,3,4,1,2,4,2,1,1,1,1
0,19,33,6.355718142003752e-06,0,0,3,4,1,3,4,3,1,1,1,1
0,19,34,1.1310723493807018e-05,0,0,3,4,1,4,4,4,1,1,1,1
0,19,38,0.13257433474063873,0,0,3,5,1,3,4,3,1,2,1,2
0,19,40,0.8571144938468933,0,0,3,5,1,5,4,5,1,2,1,2
0,19,43,1.1311024536553305e-05,0,1,3,6,1,3,4,0,1,0,1,1
0,19,44,3.0281458407444006e-07,0,1,3,6,1,4,4,0,1,0,1,1
0,19,46,3.4972479170392035e-06,0,1,3,6,1,6,4,0,1,0,1,1
0,20,0,0.015485266223549843,0,0,3,1,2,0,4,0,1,2,1,4
0,20,1,0.007197228260338306,0,0,3,3,2,1,4,1,1,1,1,1
0,20,2,0.00041621856507845223,0,0,3,3,2,2,4,1,1,1,1,1
0,20,3,0.00021309393923729658,0,0,3,3,2,3,4,1,1,1,1,1
0,20,5,0.001779814949259162,0,0,3,3,2,5,4,1,1,1,1,1
0,20,6,0.00048173716641031206,0,0,3,3,2,6,4,1,1,1,1,1
0,20,7,0.00041016426985152066,0,0,3,3,2,1,4,2,1,1,1,1
0,20,11,0.00039035771624185145,0,0,3,3,2,5,4,2,1,1,1,1
0,20,13,0.00022545924002770334,0,0,3,3,2,1,4,3,1,1,1,1
0,20,18,5.865142884431407e-05,0,0,3,3,2,6,4,3,1,1,1,1
0,20,23,0.006670548114925623,0,0,3,3,2,5,4,4,1,1,1,1
0,20,24,0.000298518396448344,0,0,3,3,2,6,4,4,1,1,1,1
0,20,25,0.00012662076915148646,0,0,3,3,2,1,4,5,1,1,1,1
0,20,26,5.2784544095629826e-05,0,0,3,3,2,2,4,5,1,1,1,1
0,20,28,5.3899362683296204e-05,0,0,3,3,2,4,4,5,1,1,1,1
0,20,31,0.00042839572415687144,0,0,3,4,2,1,4,1,1,1,1,1
0,20,32,0.00011777450708905235,0,0,3,4,2,2,4,2,1,1,1,1
0,20,33,8.775259630056098e-05,0,0,3,4,2,3,4,3,1,1,1,1
0,20,34,0.0002202541072620079,0,0,3,4,2,4,4,4,1,1,1,1
0,20,38,0.2838479280471802,0,0,3,5,2,3,4,3,1,2,1,2
0,20,40,0.6814298033714294,0,0,3,5,2,5,4,5,1,2,1,2
0,20,43,2.8468384698498994e-06,0,1,3,6,2,3,4,0,1,0,1,1
0,20,44,1.2895915801891533e-07,0,1,3,6,2,4,4,0,1,0,1,1
0,20,46,4.482996700971853e-06,0,1,3,6,2,6,4,0,1,0,1,1
0,21,0,0.0006296576466411352,0,0,3,1,3,0,4,0,1,2,1,4
0,21,1,0.00015473956591449678,0,0,3,3,3,1,4,1,1,1,1,1
0,21,2,6.684207960461208e-07,0,0,3,3,3,2,4,1,1,1,1,1
0,21,3,1.7987152887144475e-06,0,0,3,3,3,3,4,1,1,1,1,1
0,21,5,1.2004944437649101e-05,0,0,3,3,3,5,4,1,1,1,1,1
0,21,6,1.430395514034899e-06,0,0,3,3,3,6,4,1,1,1,1,1
0,21,7,1.059107671608217e-05,0,0,3,3,3,1,4,2,1,1,1,1
0,21,11,3.7948277622490423e-06,0,0,3,3,3,5,4,2,1,1,1,1
0,21,13,4.814452836399141e-07,0,0,3,3,3,1,4,3,1,1,1,1
0,21,18,1.9306689580389502e-07,0,0,3,3,3,6,4,3,1,1,1,1
0,21,23,5.667162986355834e-05,0,0,3,3,3,5,4,4,1,1,1,1
0,21,24,5.32054400537163e-07,0,0,3,3,3,6,4,4,1,1,1,1
0,21,25,4.893524874205468e-07,0,0,3,3,3,1,4,5,1,1,1,1
0,21,26,7.49041859648969e-08,0,0,3,3,3,2,4,5,1,1,1,1
0,21,28,1.1824362218249007e-06,0,0,3,3,3,4,4,5,1,1,1,1
0,21,31,1.6862372831383254e-06,0,0,3,4,3,1,4,1,1,1,1,1
0,21,32,8.226305112657428e-07,0,0,3,4,3,2,4,2,1,1,1,1
0,21,33,4.78097035738756e-07,0,0,3,4,3,3,4,3,1,1,1,1
0,21,34,6.572659572157136e-07,0,0,3,4,3,4,4,4,1,1,1,1
0,21,38,0.17231076955795288,0,0,3,5,3,3,4,3,1,2,1,2
0,21,40,0.8268111348152161,0,0,3,5,3,5,4,5,1,2,1,2
0,21,43,2.5976524042903293e-08,0,1,3,6,3,3,4,0,1,0,1,1
0,21,44,1.4679601978428991e-09,0,1,3,6,3,4,4,0,1,0,1,1
0,21,46,2.3138429838809316e-08,0,1,3,6,3,6,4,0,1,0,1,1
0,22,0,0.0016650792676955462,0,0,3,1,4,0,4,0,1,2,1,4
0,22,1,0.007968141697347164,0,0,3,3,4,1,4,1,1,1,1,1
0,22,2,4.139549855608493e-05,0,0,3,3,4,2,4,1,1,1,1,1
0,22,3,0.0001227294560521841,0,0,3,3,4,3,4,1,1,1,1,1
0,22,5,0.00024216913152486086,0,0,3,3,4,5,4,1,1,1,1,1
0,22,6,1.5598112440784462e-05,0,0,3,3,4,6,4,1,1,1,1,1
0,22,7,0.037897780537605286,0,0,3,3,4,1,4,2,1,1,1,1
0,22,11,0.001843106234446168,0,0,3,3,4,5,4,2,1,1,1,1
0,22,13,2.547808071540203e-05,0,0,3,3,4,1,4,3,1,1,1,1
0,22,18,1.242880171048455e-05,0,0,3,3,4,6,4,3,1,1,1,1
0,22,23,0.0005778829799965024,0,0,3,3,4,5,4,4,1,1,1,1
0,22,24,1.1360210919519886e-05,0,0,3,3,4,6,4,4,1,1,1,1
0,22,25,1.0603108421491925e-05,0,0,3,3,4,1,4,5,1,1,1,1
0,22,26,2.725644890233525e-06,0,0,3,3,4,2,4,5,1,1,1,1
0,22,28,3.548803215380758e-05,0,0,3,3,4,4,4,5,1,1,1,1
0,22,31,0.00019861078180838376,0,0,3,4,4,1,4,1,1,1,1,1
0,22,32,0.0006128529203124344,0,0,3,4,4,2,4,2,1,1,1,1
0,22,33,9.453635357203893e-06,0,0,3,4,4,3,4,3,1,1,1,1
0,22,34,1.2716905985143967e-05,0,0,3,4,4,4,4,4,1,1,1,1
0,22,38,0.18537063896656036,0,0,3,5,4,3,4,3,1,2,1,2
0,22,40,0.7632375955581665,0,0,3,5,4,5,4,5,1,2,1,2
0,22,43,6.082295658416115e-05,0,1,3,6,4,3,4,0,1,0,1,1
0,22,44,5.502895419340348e-06,0,1,3,6,4,4,4,0,1,0,1,1
0,22,46,1.9395769413677044e-05,0,1,3,6,4,6,4,0,1,0,1,1
0,27,0,0.0005562155856750906,0,0,3,1,3,0,5,0,1,2,1,4
0,27,1,0.0002574948302935809,0,0,3,3,3,1,5,1,1,1,1,1
0,27,2,2.536621832405217e-05,0,0,3,3,3,2,5,1,1,1,1,1
0,27,3,5.51307948626345e-06,0,0,3,3,3,3,5,1,1,1,1,1
0,27,5,2.9057067877147347e-05,0,0,3,3,3,5,5,1,1,1,1,1
0,27,6,2.8629021471715532e-05,0,0,3,3,3,6,5,1,1,1,1,1
0,27,7,1.8879325580201112e-05,0,0,3,3,3,1,5,2,1,1,1,1
0,27,11,5.537547986023128e-05,0,0,3,3,3,5,5,2,1,1,1,1
0,27,13,1.868542994998279e-06,0,0,3,3,3,1,5,3,1,1,1,1
0,27,18,4.68202006231877e-06,0,0,3,3,3,6,5,3,1,1,1,1
0,27,23,0.00014835837646387517,0,0,3,3,3,5,5,4,1,1,1,1
0,27,24,2.2032692868378945e-05,0,0,3,3,3,6,5,4,1,1,1,1
0,27,25,1.2633647202164866e-05,0,0,3,3,3,1,5,5,1,1,1,1
0,27,26,1.0165546882490162e-05,0,0,3,3,3,2,5,5,1,1,1,1
0,27,28,1.2777613846992608e-05,0,0,3,3,3,4,5,5,1,1,1,1
0,27,31,9.213840712618548e-06,0,0,3,4,3,1,5,1,1,1,1,1
0,27,32,2.377456985414028e-05,0,0,3,4,3,2,5,2,1,1,1,1
0,27,33,1.061038528860081e-05,0,0,3,4,3,3,5,3,1,1,1,1
0,27,34,1.0070366442960221e-05,0,0,3,4,3,4,5,4,1,1,1,1
0,27,38,0.05743889883160591,0,0,3,5,3,3,5,3,1,2,1,2
0,27,40,0.9413149356842041,0,0,3,5,3,5,5,5,1,2,1,2
0,27,43,1.900368602036906e-06,0,1,3,6,3,3,5,0,1,0,1,1
0,27,44,1.9101692316780827e-07,0,1,3,6,3,4,5,0,1,0,1,1
0,27,46,1.6133456028910587e-06,0,1,3,6,3,6,5,0,1,0,1,1
0,29,0,1.4445680562857888e-07,0,0,3,1,5,0,5,0,1,2,1,4
0,29,1,2.593393901406671e-06,0,0,3,3,5,1,5,1,1,1,1,1
0,29,2,1.7432948595796915e-07,0,0,3,3,5,2,5,1,1,1,1,1
0,29,3,3.855515373629714e-08,0,0,3,3,5,3,5,1,1,1,1,1
0,29,5,8.703245413244076e-08,0,0,3,3,5,5,5,1,1,1,1,1
0,29,6,1.1267357713506954e-08,0,0,3,3,5,6,5,1,1,1,1,1
0,29,7,3.113153184131079e-07,0,0,3,3,5,1,5,2,1,1,1,1
0,29,11,3.495931721886336e-08,0,0,3,3,5,5,5,2,1,1,1,1
0,29,13,2.621760863963374e-10,0,0,3,3,5,1,5,3,1,1,1,1
0,29,18,2.708082924574029e-10,0,0,3,3,5,6,5,3,1,1,1,1
0,29,23,3.007587849879201e-07,0,0,3,3,5,5,5,4,1,1,1,1
0,29,24,1.1683249923066796e-08,0,0,3,3,5,6,5,4,1,1,1,1
0,29,25,5.832226701585341e-09,0,0,3,3,5,1,5,5,1,1,1,1
0,29,26,4.404936415625116e-09,0,0,3,3,5,2,5,5,1,1,1,1
0,29,28,6.015585807261914e-09,0,0,3,3,5,4,5,5,1,1,1,1
0,29,31,1.623290302177338e-08,0,0,3,4,5,1,5,1,1,1,1,1
0,29,32,6.754135739583944e-08,0,0,3,4,5,2,5,2,1,1,1,1
0,29,33,1.968738061464137e-09,0,0,3,4,5,3,5,3,1,1,1,1
0,29,34,2.7114104295122843e-09,0,0,3,4,5,4,5,4,1,1,1,1
0,29,38,0.002969082212075591,0,0,3,5,5,3,5,3,1,2,1,2
0,29,40,0.9970273971557617,0,0,3,5,5,5,5,5,1,2,1,2
0,29,43,9.03041819100281e-09,0,1,3,6,5,3,5,0,1,0,1,1
0,29,44,7.791053913130952e-11,0,1,3,6,5,4,5,0,1,0,1,1
0,29,46,3.665043823986025e-10,0,1,3,6,5,6,5,0,1,0,1,1
0,30,0,3.0388649975066073e-05,0,0,3,1,6,0,5,0,1,2,1,4
0,30,1,0.0003597147006075829,0,0,3,3,6,1,5,1,1,1,1,1
0,30,2,2.9247262318676803e-06,0,0,3,3,6,2,5,1,1,1,1,1
0,30,3,4.381773578643333e-06,0,0,3,3,6,3,5,1,1,1,1,1
0,30,5,4.836900188820437e-06,0,0,3,3,6,5,5,1,1,1,1,1
0,30,6,4.2740208527902723e-07,0,0,3,3,6,6,5,1,1,1,1,1
0,30,7,0.0002924834261648357,0,0,3,3,6,1,5,2,1,1,1,1
0,30,11,6.040365406079218e-06,0,0,3,3,6,5,5,2,1,1,1,1
0,30,13,3.606405698519666e-07,0,0,3,3,6,1,5,3,1,1,1,1
0,30,18,1.2804581217551458e-07,0,0,3,3,6,6,5,3,1,1,1,1
0,30,23,9.651372238295153e-06,0,0,3,3,6,5,5,4,1,1,1,1
0,30,24,2.875701738958014e-07,0,0,3,3,6,6,5,4,1,1,1,1
0,30,25,2.8484694780672726e-07,0,0,3,3,6,1,5,5,1,1,1,1
0,30,26,1.1085257511922464e-07,0,0,3,3,6,2,5,5,1,1,1,1
0,30,28,5.080827349956962e-07,0,0,3,3,6,4,5,5,1,1,1,1
0,30,31,2.155110450985376e-06,0,0,3,4,6,1,5,1,1,1,1,1
0,30,32,6.997294349275762e-06,0,0,3,4,6,2,5,2,1,1,1,1
0,30,33,5.762086630056729e-07,0,0,3,4,6,3,5,3,1,1,1,1
0,30,34,2.1303682729012507e-07,0,0,3,4,6,4,5,4,1,1,1,1
0,30,38,0.13082219660282135,0,0,3,5,6,3,5,3,1,2,1,2
0,30,40,0.8684540390968323,0,0,3,5,6,5,5,5,1,2,1,2
0,30,43,1.0448366083437577e-06,0,1,3,6,6,3,5,0,1,0,1,1
0,30,44,3.1388459831305227e-08,0,1,3,6,6,4,5,0,1,0,1,1
0,30,46,4.3886739575782485e-08,0,1,3,6,6,6,5,0,1,0,1,1
0,35,0,1.73693493366045e-07,0,0,4,1,5,0,5,0,1,2,1,4
0,35,1,5.357950794859789e-05,0,0,4,3,5,1,5,1,1,1,1,1
0,35,2,2.5901510980474995e-07,0,0,4,3,5,2,5,1,1,1,1,1
0,35,3,2.777179872737179e-07,0,0,4,3,5,3,5,1,1,1,1,1
0,35,5,3.0110836632957216e-06,0,0,4,3,5,5,5,1,1,1,1,1
0,35,6,2.2216243067418873e-08,0,0,4,3,5,6,5,1,1,1,1,1
0,35,7,2.4509479771950282e-05,0,0,4,3,5,1,5,2,1,1,1,1
0,35,11,5.555950792768272e-06,0,0,4,3,5,5,5,2,1,1,1,1
0,35,13,2.443744762103961e-08,0,0,4,3,5,1,5,3,1,1,1,1
0,35,18,6.907929783750433e-09,0,0,4,3,5,6,5,3,1,1,1,1
0,35,23,2.6144061848754063e-05,0,0,4,3,5,5,5,4,1,1,1,1
0,35,24,2.16095330074495e-07,0,0,4,3,5,6,5,4,1,1,1,1
0,35,25,7.861116557705827e-08,0,0,4,3,5,1,5,5,1,1,1,1
0,35,26,2.6688592669188438e-08,0,0,4,3,5,2,5,5,1,1,1,1
0,35,28,1.6480677800245758e-07,0,0,4,3,5,4,5,5,1,1,1,1
0,35,31,3.6982507367611106e-07,0,0,4,4,5,1,5,1,1,1,1,1
0,35,32,1.6715604260753025e-06,0,0,4,4,5,2,5,2,1,1,1,1
0,35,33,1.207588695706363e-07,0,0,4,4,5,3,5,3,1,1,1,1
0,35,34,2.802739231810847e-07,0,0,4,4,5,4,5,4,1,1,1,1
0,35,38,0.005314796697348356,0,0,4,5,5,3,5,3,1,2,1,2
0,35,40,0.9945685863494873,0,0,4,5,5,5,5,5,1,2,1,2
0,35,43,2.3991120201571903e-09,0,1,4,6,5,3,5,0,1,0,1,1
0,35,44,6.284905929021534e-11,0,1,4,6,5,4,5,0,1,0,1,1
0,35,46,7.334081258969505e-11,0,1,4,6,5,6,5,0,1,0,1,1
0,36,0,0.0006826461758464575,0,0,5,1,1,0,1,0,2,2,2,4
0,36,1,0.009646791964769363,0,0,5,3,1,1,1,1,2,1,2,1
0,36,2,0.0008462457335554063,0,0,5,3,1,2,1,1,2,1,2,1
0,36,3,0.0038660073187202215,0,0,5,3,1,3,1,1,2,1,2,1
0,36,5,0.0022061339113861322,0,0,5,3,1,5,1,1,2,1,2,1
0,36,6,0.0011891538742929697,0,0,5,3,1,6,1,1,2,1,2,1
0,36,7,0.6600835919380188,0,0,5,3,1,1,1,2,2,1,2,1
0,36,11,0.04358898475766182,0,0,5,3,1,5,1,2,2,1,2,1
0,36,13,0.05486568808555603,0,0,5,3,1,1,1,3,2,1,2,1
0,36,18,0.028730500489473343,0,0,5,3,1,6,1,3,2,1,2,1
0,36,23,0.000829362019430846,0,0,5,3,1,5,1,4,2,1,2,1
0,36,24,0.0005247437511570752,0,0,5,3,1,6,1,4,2,1,2,1
0,36,25,0.018490031361579895,0,0,5,3,1,1,1,5,2,1,2,1
0,36,26,0.004881737288087606,0,0,5,3,1,2,1,5,2,1,2,1
0,36,28,0.09076403826475143,0,0,5,3,1,4,1,5,2,1,2,1
0,36,31,0.006944761611521244,0,0,5,4,1,1,1,1,2,1,2,1
0,36,32,0.04940584674477577,0,0,5,4,1,2,1,2,2,1,2,1
0,36,33,0.011167663149535656,0,0,5,4,1,3,1,3,2,1,2,1
0,36,34,0.006416271440684795,0,0,5,4,1,4,1,4,2,1,2,1
0,36,38,0.0022331513464450836,0,0,5,5,1,3,1,3,2,2,2,2
0,36,40,0.00036110237124376,0,0,5,5,1,5,1,5,2,2,2,2
0,36,43,8.599065768066794e-05,0,1,5,6,1,3,1,0,2,0,2,1
0,36,44,0.0021496459376066923,0,1,5,6,1,4,1,0,2,0,2,1
0,36,46,4.0436327253701165e-05,0,1,5,6,1,6,1,0,2,0,2,1
0,37,0,0.00018124253256246448,0,0,5,1,2,0,2,0,2,2,2,4
0,37,1,0.003915167413651943,0,0,5,3,2,1,2,1,2,1,2,1
0,37,2,0.0004986632848158479,0,0,5,3,2,2,2,1,2,1,2,1
0,37,3,0.0053031472489237785,0,0,5,3,2,3,2,1,2,1,2,1
0,37,5,0.0017820325447246432,0,0,5,3,2,5,2,1,2,1,2,1
0,37,6,0.00021244061645120382,0,0,5,3,2,6,2,1,2,1,2,1
0,37,7,0.9287314414978027,0,0,5,3,2,1,2,2,2,1,2,1
0,37,11,0.018189042806625366,0,0,5,3,2,5,2,2,2,1,2,1
0,37,13,0.004205061122775078,0,0,5,3,2,1,2,3,2,1,2,1
0,37,18,0.000919412646908313,0,0,5,3,2,6,2,3,2,1,2,1
0,37,23,0.0001375943684251979,0,0,5,3,2,5,2,4,2,1,2,1
0,37,24,2.140247670467943e-05,0,0,5,3,2,6,2,4,2,1,2,1
0,37,25,0.004156090784817934,0,0,5,3,2,1,2,5,2,1,2,1
0,37,26,0.0008169807260856032,0,0,5,3,2,2,2,5,2,1,2,1
0,37,28,0.016964465379714966,0,0,5,3,2,4,2,5,2,1,2,1
0,37,31,0.002711394801735878,0,0,5,4,2,1,2,1,2,1,2,1
0,37,32,0.007763408590108156,0,0,5,4,2,2,2,2,2,1,2,1
0,37,33,0.0002787018602248281,0,0,5,4,2,3,2,3,2,1,2,1
0,37,34,0.00023130666522774845,0,0,5,4,2,4,2,4,2,1,2,1
0,37,38,0.0002465482975821942,0,0,5,5,2,3,2,3,2,2,2,2
0,37,40,0.00010406689398223534,0,0,5,5,2,5,2,5,2,2,2,2
0,37,43,0.00028835603734478354,0,1,5,6,2,3,2,0,2,0,2,1
0,37,44,0.002273388672620058,0,1,5,6,2,4,2,0,2,0,2,1
0,37,46,6.907337956363335e-05,0,1,5,6,2,6,2,0,2,0,2,1
0,39,0,4.209342660033144e-05,0,0,5,1,4,0,4,0,2,2,2,4
0,39,1,0.0019304532324895263,0,0,5,3,4,1,4,1,2,1,2,1
0,39,2,4.1245348256779835e-06,0,0,5,3,4,2,4,1,2,1,2,1
0,39,3,0.00019001198234036565,0,0,5,3,4,3,4,1,2,1,2,1
0,39,5,0.00021618916071020067,0,0,5,3,4,5,4,1,2,1,2,1
0,39,6,5.383960342442151e-06,0,0,5,3,4,6,4,1,2,1,2,1
0,39,7,0.9386335611343384,0,0,5,3,4,1,4,2,2,1,2,1
0,39,11,0.048262931406497955,0,0,5,3,4,5,4,2,2,1,2,1
0,39,13,0.0006198436603881419,0,0,5,3,4,1,4,3,2,1,2,1
0,39,18,0.00040840901783667505,0,0,5,3,4,6,4,3,2,1,2,1
0,39,23,0.00017965384176932275,0,0,5,3,4,5,4,4,2,1,2,1
0,39,24,5.790081559098326e-06,0,0,5,3,4,6,4,4,2,1,2,1
0,39,25,0.00015244046517182142,0,0,5,3,4,1,4,5,2,1,2,1
0,39,26,1.3654704162036069e-05,0,0,5,3,4,2,4,5,2,1,2,1
0,39,28,0.0028718099929392338,0,0,5,3,4,4,4,5,2,1,2,1
0,39,31,0.0004513120511546731,0,0,5,4,4,1,4,1,2,1,2,1
0,39,32,0.005106213502585888,0,0,5,4,4,2,4,2,2,1,2,1
0,39,33,0.00013765862968284637,0,0,5,4,4,3,4,3,2,1,2,1
0,39,34,7.83807408879511e-05,0,0,5,4,4,4,4,4,2,1,2,1
0,39,38,0.0003227393317501992,0,0,5,5,4,3,4,3,2,2,2,2
0,39,40,0.0001440184860257432,0,0,5,5,4,5,4,5,2,2,2,2
0,39,43,1.966259878827259e-05,0,1,5,6,4,3,4,0,2,0,2,1
0,39,44,0.0001981989189516753,0,1,5,6,4,4,4,0,2,0,2,1
0,39,46,4.739294126920868e-06,0,1,5,6,4,6,4,0,2,0,2,1
0,41,0,9.01428866200149e-05,1,0,6,1,1,0,0,0,0,2,1,4
0,41,1,8.302820788230747e-05,1,0,6,3,1,1,0,1,0,1,1,1
0,41,2,2.4151348043233156e-05,1,0,6,3,1,2,0,1,0,1,1,1
0,41,3,1.902894291561097e-05,1,0,6,3,1,3,0,1,0,1,1,1
0,41,5,0.0003287893778178841,1,0,6,3,1,5,0,1,0,1,1,1
0,41,6,6.059478891984327e-06,1,0,6,3,1,6,0,1,0,1,1,1
0,41,7,1.1735883163055405e-05,1,0,6,3,1,1,0,2,0,1,1,1
0,41,11,0.00024958018912002444,1,0,6,3,1,5,0,2,0,1,1,1
0,41,13,1.97743787566651e-07,1,0,6,3,1,1,0,3,0,1,1,1
0,41,18,1.9155281449911854e-07,1,0,6,3,1,6,0,3,0,1,1,1
0,41,23,0.0007288815686479211,1,0,6,3,1,5,0,4,0,1,1,1
0,41,24,2.4407920136582106e-05,1,0,6,3,1,6,0,4,0,1,1,1
0,41,25,6.915752237546258e-06,1,0,6,3,1,1,0,5,0,1,1,1
0,41,26,3.3718653867254034e-05,1,0,6,3,1,2,0,5,0,1,1,1
0,41,28,3.0642098863609135e-05,1,0,6,3,1,4,0,5,0,1,1,1
0,41,31,1.7620916423766175e-06,1,0,6,4,1,1,0,1,0,1,1,1
0,41,32,3.967849806940649e-06,1,0,6,4,1,2,0,2,0,1,1,1
0,41,33,2.638171281432733e-06,1,0,6,4,1,3,0,3,0,1,1,1
0,41,34,2.157694507332053e-05,1,0,6,4,1,4,0,4,0,1,1,1
0,41,38,0.0022024009376764297,1,0,6,5,1,3,0,3,0,2,1,2
0,41,40,0.9961243867874146,1,0,6,5,1,5,0,5,0,2,1,2
0,41,43,3.8507273529830854e-06,1,1,6,6,1,3,0,0,0,0,1,1
0,41,44,2.8098125426367915e-07,1,1,6,6,1,4,0,0,0,0,1,1
0,41,46,1.8936852939077653e-06,1,1,6,6,1,6,0,0,0,0,1,1
0,42,0,0.0013460229383781552,1,0,6,1,2,0,0,0,0,2,1,4
0,42,1,0.00022293398797046393,1,0,6,3,2,1,0,1,0,1,1,1
0,42,2,0.00015334729687310755,1,0,6,3,2,2,0,1,0,1,1,1
0,42,3,5.0600796384969726e-05,1,0,6,3,2,3,0,1,0,1,1,1
0,42,5,0.0005561478901654482,1,0,6,3,2,5,0,1,0,1,1,1
0,42,6,6.092406329116784e-05,1,0,6,3,2,6,0,1,0,1,1,1
0,42,7,8.39228232507594e-06,1,0,6,3,2,1,0,2,0,1,1,1
0,42,11,5.8945934142684564e-05,1,0,6,3,2,5,0,2,0,1,1,1
0,42,13,8.323305564772454e-07,1,0,6,3,2,1,0,3,0,1,1,1
0,42,18,4.0592382788418035e-07,1,0,6,3,2,6,0,3,0,1,1,1
0,42,23,0.0009460789151489735,1,0,6,3,2,5,0,4,0,1,1,1
0,42,24,6.391492206603289e-05,1,0,6,3,2,6,0,4,0,1,1,1
0,42,25,1.6620717360638082e-05,1,0,6,3,2,1,0,5,0,1,1,1
0,42,26,5.002517718821764e-05,1,0,6,3,2,2,0,5,0,1,1,1
0,42,28,1.4659164662589319e-05,1,0,6,3,2,4,0,5,0,1,1,1
0,42,31,9.309008419222664e-06,1,0,6,4,2,1,0,1,0,1,1,1
0,42,32,5.920036983297905e-06,1,0,6,4,2,2,0,2,0,1,1,1
0,42,33,2.5906288101396058e-06,1,0,6,4,2,3,0,3,0,1,1,1
0,42,34,2.218750523752533e-05,1,0,6,4,2,4,0,4,0,1,1,1
0,42,38,0.010973868891596794,1,0,6,5,2,3,0,3,0,2,1,2
0,42,40,0.9854052066802979,1,0,6,5,2,5,0,5,0,2,1,2
0,42,43,1.3857893463864457e-05,1,1,6,6,2,3,0,0,0,0,1,1
0,42,44,4.0054152350421646e-07,1,1,6,6,2,4,0,0,0,0,1,1
0,42,46,1.5955210983520374e-05,1,1,6,6,2,6,0,0,0,0,1,1
0,45,0,1.4070012639422202e-06,1,0,6,1,5,0,0,0,0,2,1,4
0,45,1,6.283979701038334e-07,1,0,6,3,5,1,0,1,0,1,1,1
0,45,2,4.9857259654118025e-08,1,0,6,3,5,2,0,1,0,1,1,1
0,45,3,2.096120788053213e-08,1,0,6,3,5,3,0,1,0,1,1,1
0,45,5,1.0335767228752957e-06,1,0,6,3,5,5,0,1,0,1,1,1
0,45,6,1.3338924631511873e-08,1,0,6,3,5,6,0,1,0,1,1,1
0,45,7,1.3318476099755117e-08,1,0,6,3,5,1,0,2,0,1,1,1
0,45,11,4.5050478547636885e-07,1,0,6,3,5,5,0,2,0,1,1,1
0,45,13,1.4335574394230832e-10,1,0,6,3,5,1,0,3,0,1,1,1
0,45,18,1.3031957457609877e-10,1,0,6,3,5,6,0,3,0,1,1,1
0,45,23,5.327381131792208e-06,1,0,6,3,5,5,0,4,0,1,1,1
0,45,24,7.345096264543827e-08,1,0,6,3,5,6,0,4,0,1,1,1
0,45,25,1.4063326503332974e-08,1,0,6,3,5,1,0,5,0,1,1,1
0,45,26,4.581247736723526e-08,1,0,6,3,5,2,0,5,0,1,1,1
0,45,28,3.9400184448368236e-08,1,0,6,3,5,4,0,5,0,1,1,1
0,45,31,3.023271855084886e-09,1,0,6,4,5,1,0,1,0,1,1,1
0,45,32,7.472894303361954e-09,1,0,6,4,5,2,0,2,0,1,1,1
0,45,33,5.324901408698679e-09,1,0,6,4,5,3,0,3,0,1,1,1
0,45,34,3.854648156220719e-08,1,0,6,4,5,4,0,4,0,1,1,1
0,45,38,0.0006576553569175303,1,0,6,5,5,3,0,3,0,2,1,2
0,45,40,0.9993333220481873,1,0,6,5,5,5,0,5,0,2,1,2
0,45,43,4.4654036024383e-09,1,1,6,6,5,3,0,0,0,0,1,1
0,45,44,8.86643675146459e-11,1,1,6,6,5,4,0,0,0,0,1,1
0,45,46,1.8723789185770556e-09,1,1,6,6,5,6,0,0,0,0,1,1
0,47,0,0.0005549310590140522,2,0,7,1,0,0,0,0,0,2,4,4
0,47,1,0.0016851072432473302,2,0,7,3,0,1,0,1,0,1,4,1
0,47,2,0.001028069294989109,2,0,7,3,0,2,0,1,0,1,4,1
0,47,3,0.002151008229702711,2,0,7,3,0,3,0,1,0,1,4,1
0,47,5,0.0011707368539646268,2,0,7,3,0,5,0,1,0,1,4,1
0,47,6,0.00041019031777977943,2,0,7,3,0,6,0,1,0,1,4,1
0,47,7,0.006596539169549942,2,0,7,3,0,1,0,2,0,1,4,1
0,47,11,0.0028027452062815428,2,0,7,3,0,5,0,2,0,1,4,1
0,47,13,0.0005188091890886426,2,0,7,3,0,1,0,3,0,1,4,1
0,47,18,0.000712776614818722,2,0,7,3,0,6,0,3,0,1,4,1
0,47,23,0.0008853892213664949,2,0,7,3,0,5,0,4,0,1,4,1
0,47,24,0.0009535878780297935,2,0,7,3,0,6,0,4,0,1,4,1
0,47,25,0.00029450911097228527,2,0,7,3,0,1,0,5,0,1,4,1
0,47,26,0.000513000413775444,2,0,7,3,0,2,0,5,0,1,4,1
0,47,28,0.0008110589697025716,2,0,7,3,0,4,0,5,0,1,4,1
0,47,31,0.0012626525713130832,2,0,7,4,0,1,0,1,0,1,4,1
0,47,32,0.001397513085976243,2,0,7,4,0,2,0,2,0,1,4,1
0,47,33,0.0004990464076399803,2,0,7,4,0,3,0,3,0,1,4,1
0,47,34,0.0002599289873614907,2,0,7,4,0,4,0,4,0,1,4,1
0,47,38,0.0010181122925132513,2,0,7,5,0,3,0,3,0,2,4,2
0,47,40,0.0011754350271075964,2,0,7,5,0,5,0,5,0,2,4,2
0,47,43,0.33478817343711853,2,1,7,6,0,3,0,0,0,0,4,1
0,47,44,0.37966182827949524,2,1,7,6,0,4,0,0,0,0,4,1
0,47,46,0.258849173784256,2,1,7,6,0,6,0,0,0,0,4,1
1,0,4,0.0053674448281526566,0,0,1,3,0,4,0,1,2,1,4,1
1,0,8,0.001768750138580799,0,0,1,3,0,2,0,2,2,1,4,1
1,0,9,0.003204506356269121,0,0,1,3,0,3,0,2,2,1,4,1
1,0,10,0.0009954782435670495,0,0,1,3,0,4,0,2,2,1,4,1
1,0,12,0.0016151403542608023,0,0,1,3,0,6,0,2,2,1,4,1
1,0,14,9.675552428234369e-05,0,0,1,3,0,2,0,3,2,1,4,1
1,0,15,0.00027219069306738675,0,0,1,3,0,3,0,3,2,1,4,1
1,0,16,0.0006918239523656666,0,0,1,3,0,4,0,3,2,1,4,1
1,0,17,0.0006684918771497905,0,0,1,3,0,5,0,3,2,1,4,1
1,0,19,0.007917341776192188,0,0,1,3,0,1,0,4,2,1,4,1
1,0,20,0.0015581927727907896,0,0,1,3,0,2,0,4,2,1,4,1
1,0,21,0.00018435702077113092,0,0,1,3,0,3,0,4,2,1,4,1
1,0,22,0.0004264037706889212,0,0,1,3,0,4,0,4,2,1,4,1
1,0,27,1.7874364857561886e-05,0,0,1,3,0,3,0,5,2,1,4,1
1,0,29,0.000546135357581079,0,0,1,3,0,5,0,5,2,1,4,1
1,0,30,9.519980812910944e-05,0,0,1,3,0,6,0,5,2,1,4,1
1,0,35,9.884414612315595e-05,0,0,1,4,0,5,0,5,2,1,4,1
1,0,36,0.7890327572822571,0,0,1,5,0,1,0,1,2,2,4,2
1,0,37,0.10848440229892731,0,0,1,5,0,2,0,2,2,2,4,2
1,0,39,0.03495534509420395,0,0,1,5,0,4,0,4,2,2,4,2
1,0,41,0.008941488340497017,0,1,1,6,0,1,0,0,2,0,4,1
1,0,42,0.002139761345461011,0,1,1,6,0,2,0,0,2,0,4,1
1,0,45,0.02882501855492592,0,1,1,6,0,5,0,0,2,0,4,1
1,0,47,0.0020963556598871946,0,2,1,7,0,0,0,0,2,0,4,4
1,1,4,0.00024229315749835223,0,0,3,3,1,4,1,1,1,1,1,1
1,1,8,0.00015414423251058906,0,0,3,3,1,2,1,2,1,1,1,1
1,1,9,0.00023691073874942958,0,0,3,3,1,3,1,2,1,1,1,1
1,1,10,6.53892129776068e-05,0,0,3,3,1,4,1,2,1,1,1,1
1,1,12,0.00014213784015737474,0,0,3,3,1,6,1,2,1,1,1,1
1,1,14,3.6147950595477596e-05,0,0,3,3,1,2,1,3,1,1,1,1
1,1,15,7.20334064681083e-05,0,0,3,3,1,3,1,3,1,1,1,1
1,1,16,0.0002856127393897623,0,0,3,3,1,4,1,3,1,1,1,1
1,1,17,0.00015032569353934377,0,0,3,3,1,5,1,3,1,1,1,1
1,1,19,0.0001829295069910586,0,0,3,3,1,1,1,4,1,1,1,1
1,1,20,0.00010675536759663373,0,0,3,3,1,2,1,4,1,1,1,1
1,1,21,1.8237757103634067e-05,0,0,3,3,1,3,1,4,1,1,1,1
1,1,22,7.971812010509893e-06,0,0,3,3,1,4,1,4,1,1,1,1
1,1,27,1.7997947452386143e-06,0,0,3,3,1,3,1,5,1,1,1,1
1,1,29,0.00011685729987220839,0,0,3,3,1,5,1,5,1,1,1,1
1,1,30,4.866055678576231e-05,0,0,3,3,1,6,1,5,1,1,1,1
1,1,35,0.00010244020813843235,0,0,3,4,1,5,1,5,1,1,1,1
1,1,36,0.7381212115287781,0,0,3,5,1,1,1,1,1,2,1,2
1,1,37,0.15395532548427582,0,0,3,5,1,2,1,2,1,2,1,2
1,1,39,0.032000210136175156,0,0,3,5,1,4,1,4,1,2,1,2
1,1,41,0.012624318711459637,0,1,3,6,1,1,1,0,1,0,1,1
1,1,42,0.010886446572840214,0,1,3,6,1,2,1,0,1,0,1,1
1,1,45,0.05036962777376175,0,1,3,6,1,5,1,0,1,0,1,1
1,1,47,7.173873746069148e-05,0,2,3,7,1,0,1,0,1,0,1,4
1,2,4,0.0003162817738484591,0,0,3,3,2,4,1,1,1,1,1,1
1,2,8,0.00034918845631182194,0,0,3,3,2,2,1,2,1,1,1,1
1,2,9,0.00020391210273373872,0,0,3,3,2,3,1,2,1,1,1,1
1,2,10,0.0005916458321735263,0,0,3,3,2,4,1,2,1,1,1,1
1,2,12,8.493843051837757e-05,0,0,3,3,2,6,1,2,1,1,1,1
1,2,14,2.20721194637008e-05,0,0,3,3,2,2,1,3,1,1,1,1
1,2,15,5.182856330065988e-05,0,0,3,3,2,3,1,3,1,1,1,1
1,2,16,0.0002688686945475638,0,0,3,3,2,4,1,3,1,1,1,1
1,2,17,0.00017274593119509518,0,0,3,3,2,5,1,3,1,1,1,1
1,2,19,0.0004991136956959963,0,0,3,3,2,1,1,4,1,1,1,1
1,2,20,4.0683091356186196e-05,0,0,3,3,2,2,1,4,1,1,1,1
1,2,21,6.969543755985796e-05,0,0,3,3,2,3,1,4,1,1,1,1
1,2,22,7.99999397713691e-05,0,0,3,3,2,4,1,4,1,1,1,1
1,2,27,7.640521175744652e-07,0,0,3,3,2,3,1,5,1,1,1,1
1,2,29,2.6201349101029336e-05,0,0,3,3,2,5,1,5,1,1,1,1
1,2,30,1.48674289448536e-05,0,0,3,3,2,6,1,5,1,1,1,1
1,2,35,3.711681711138226e-05,0,0,3,4,2,5,1,5,1,1,1,1
1,2,36,0.0077959769405424595,0,0,3,5,2,1,1,1,1,2,1,2
1,2,37,0.0005813922034576535,0,0,3,5,2,2,1,2,1,2,1,2
1,2,39,0.0006810548366047442,0,0,3,5,2,4,1,4,1,2,1,2
1,2,41,0.2526867985725403,0,1,3,6,2,1,1,0,1,0,1,1
1,2,42,0.14451278746128082,0,1,3,6,2,2,1,0,1,0,1,1
1,2,45,0.5905663967132568,0,1,3,6,2,5,1,0,1,0,1,1
1,2,47,0.0003456859849393368,0,2,3,7,2,0,1,0,1,0,1,4
1,3,4,0.0011822874657809734,0,0,3,3,3,4,1,1,1,1,1,1
1,3,8,0.0002565478498581797,0,0,3,3,3,2,1,2,1,1,1,1
1,3,9,0.0005767287802882493,0,0,3,3,3,3,1,2,1,1,1,1
1,3,10,0.0003172291908413172,0,0,3,3,3,4,1,2,1,1,1,1
1,3,12,3.23275598930195e-05,0,0,3,3,3,6,1,2,1,1,1,1
1,3,14,5.7545676099834964e-05,0,0,3,3,3,2,1,3,1,1,1,1
1,3,15,0.00044918054481968284,0,0,3,3,3,3,1,3,1,1,1,1
1,3,16,0.0017527834279462695,0,0,3,3,3,4,1,3,1,1,1,1
1,3,17,0.000655066454783082,0,0,3,3,3,5,1,3,1,1,1,1
1,3,19,0.0006852493388578296,0,0,3,3,3,1,1,4,1,1,1,1
1,3,20,7.734612154308707e-05,0,0,3,3,3,2,1,4,1,1,1,1
1,3,21,9.686415432952344e-05,0,0,3,3,3,3,1,4,1,1,1,1
1,3,22,0.0001228575420100242,0,0,3,3,3,4,1,4,1,1,1,1
1,3,27,3.3619355690461816e-06,0,0,3,3,3,3,1,5,1,1,1,1
1,3,29,0.0004188776947557926,0,0,3,3,3,5,1,5,1,1,1,1
1,3,30,8.519292896380648e-05,0,0,3,3,3,6,1,5,1,1,1,1
1,3,35,7.143522088881582e-05,0,0,3,4,3,5,1,5,1,1,1,1
1,3,36,0.1003839299082756,0,0,3,5,3,1,1,1,1,2,1,2
1,3,37,0.008861370384693146,0,0,3,5,3,2,1,2,1,2,1,2
1,3,39,0.00447841314598918,0,0,3,5,3,4,1,4,1,2,1,2
1,3,41,0.04091388359665871,0,1,3,6,3,1,1,0,1,0,1,1
1,3,42,0.0461290180683136,0,1,3,6,3,2,1,0,1,0,1,1
1,3,45,0.7923685908317566,0,1,3,6,3,5,1,0,1,0,1,1
1,3,47,2.374326686549466e-05,0,2,3,7,3,0,1,0,1,0,1,4
1,5,4,0.00030519269057549536,0,0,3,3,5,4,1,1,1,1,1,1
1,5,8,0.0006956220604479313,0,0,3,3,5,2,1,2,1,1,1,1
1,5,9,0.0009137745364569128,0,0,3,3,5,3,1,2,1,1,1,1
1,5,10,8.579769200878218e-05,0,0,3,3,5,4,1,2,1,1,1,1
1,5,12,0.0003866207553073764,0,0,3,3,5,6,1,2,1,1,1,1
1,5,14,7.987416756805032e-05,0,0,3,3,5,2,1,3,1,1,1,1
1,5,15,0.00012023156159557402,0,0,3,3,5,3,1,3,1,1,1,1
1,5,16,7.294848910532892e-05,0,0,3,3,5,4,1,3,1,1,1,1
1,5,17,0.0004562157264444977,0,0,3,3,5,5,1,3,1,1,1,1
1,5,19,0.00043203760287724435,0,0,3,3,5,1,1,4,1,1,1,1
1,5,20,7.114753680070862e-05,0,0,3,3,5,2,1,4,1,1,1,1
1,5,21,3.345637014717795e-05,0,0,3,3,5,3,1,4,1,1,1,1
1,5,22,1.987984069273807e-05,0,0,3,3,5,4,1,4,1,1,1,1
1,5,27,3.493523308861768e-06,0,0,3,3,5,3,1,5,1,1,1,1
1,5,29,0.0003466521739028394,0,0,3,3,5,5,1,5,1,1,1,1
1,5,30,8.49771240609698e-05,0,0,3,3,5,6,1,5,1,1,1,1
1,5,35,0.0004122254904359579,0,0,3,4,5,5,1,5,1,1,1,1
1,5,36,0.1575319617986679,0,0,3,5,5,1,1,1,1,2,1,2
1,5,37,0.010843782685697079,0,0,3,5,5,2,1,2,1,2,1,2
1,5,39,0.0013564054388552904,0,0,3,5,5,4,1,4,1,2,1,2
1,5,41,0.05926249548792839,0,1,3,6,5,1,1,0,1,0,1,1
1,5,42,0.041610125452280045,0,1,3,6,5,2,1,0,1,0,1,1
1,5,45,0.7248266935348511,0,1,3,6,5,5,1,0,1,0,1,1
1,5,47,4.826089207199402e-05,0,2,3,7,5,0,1,0,1,0,1,4
1,6,4,0.0009348314488306642,0,0,3,3,6,4,1,1,1,1,1,1
1,6,8,0.0003281603567302227,0,0,3,3,6,2,1,2,1,1,1,1
1,6,9,0.0016206413274630904,0,0,3,3,6,3,1,2,1,1,1,1
1,6,10,0.00014793596346862614,0,0,3,3,6,4,1,2,1,1,1,1
1,6,12,4.5929045882076025e-05,0,0,3,3,6,6,1,2,1,1,1,1
1,6,14,8.341239299625158e-05,0,0,3,3,6,2,1,3,1,1,1,1
1,6,15,0.00044790335232391953,0,0,3,3,6,3,1,3,1,1,1,1
1,6,16,0.0005226661451160908,0,0,3,3,6,4,1,3,1,1,1,1
1,6,17,0.001460994011722505,0,0,3,3,6,5,1,3,1,1,1,1
1,6,19,0.0004002244968432933,0,0,3,3,6,1,1,4,1,1,1,1
1,6,20,6.841375579824671e-05,0,0,3,3,6,2,1,4,1,1,1,1
1,6,21,7.527393609052524e-05,0,0,3,3,6,3,1,4,1,1,1,1
1,6,22,0.00010158608347410336,0,0,3,3,6,4,1,4,1,1,1,1
1,6,27,9.400598173670005e-06,0,0,3,3,6,3,1,5,1,1,1,1
1,6,29,0.003365654032677412,0,0,3,3,6,5,1,5,1,1,1,1
1,6,30,0.0001398100721416995,0,0,3,3,6,6,1,5,1,1,1,1
1,6,35,0.0007426275406032801,0,0,3,4,6,5,1,5,1,1,1,1
1,6,36,0.17940999567508698,0,0,3,5,6,1,1,1,1,2,1,2
1,6,37,0.021147137507796288,0,0,3,5,6,2,1,2,1,2,1,2
1,6,39,0.0041025541722774506,0,0,3,5,6,4,1,4,1,2,1,2
1,6,41,0.011259331367909908,0,1,3,6,6,1,1,0,1,0,1,1
1,6,42,0.011168526485562325,0,1,3,6,6,2,1,0,1,0,1,1
1,6,45,0.7624097466468811,0,1,3,6,6,5,1,0,1,0,1,1
1,6,47,6.965676220715977e-06,0,2,3,7,6,0,1,0,1,0,1,4
1,7,4,2.686244079086464e-05,0,0,3,3,1,4,2,1,1,1,1,1
1,7,8,3.6943165468983352e-06,0,0,3,3,1,2,2,2,1,1,1,1
1,7,9,2.3907821741886437e-05,0,0,3,3,1,3,2,2,1,1,1,1
1,7,10,2.248432110718568e-06,0,0,3,3,1,4,2,2,1,1,1,1
1,7,12,4.13440830016043e-06,0,0,3,3,1,6,2,2,1,1,1,1
1,7,14,1.1704007647495018e-06,0,0,3,3,1,2,2,3,1,1,1,1
1,7,15,8.49295702209929e-06,0,0,3,3,1,3,2,3,1,1,1,1
1,7,16,1.688300835667178e-05,0,0,3,3,1,4,2,3,1,1,1,1
1,7,17,3.978134554927237e-05,0,0,3,3,1,5,2,3,1,1,1,1
1,7,19,7.163803729781648e-06,0,0,3,3,1,1,2,4,1,1,1,1
1,7,20,1.2281319868634455e-05,0,0,3,3,1,2,2,4,1,1,1,1
1,7,21,1.155290988208435e-06,0,0,3,3,1,3,2,4,1,1,1,1
1,7,22,8.485477565045585e-07,0,0,3,3,1,4,2,4,1,1,1,1
1,7,27,2.4390422481701535e-07,0,0,3,3,1,3,2,5,1,1,1,1
1,7,29,5.456294820760377e-05,0,0,3,3,1,5,2,5,1,1,1,1
1,7,30,1.6455587683594786e-06,0,0,3,3,1,6,2,5,1,1,1,1
1,7,35,5.6155971833504736e-05,0,0,3,4,1,5,2,5,1,1,1,1
1,7,36,0.49057552218437195,0,0,3,5,1,1,2,1,1,2,1,2
1,7,37,0.4091474711894989,0,0,3,5,1,2,2,2,1,2,1,2
1,7,39,0.09715036302804947,0,0,3,5,1,4,2,4,1,2,1,2
1,7,41,0.0001382291957270354,0,1,3,6,1,1,2,0,1,0,1,1
1,7,42,5.810986112919636e-05,0,1,3,6,1,2,2,0,1,0,1,1
1,7,45,0.0026375020388513803,0,1,3,6,1,5,2,0,1,0,1,1
1,7,47,3.174692392349243e-05,0,2,3,7,1,0,2,0,1,0,1,4
1,11,4,0.0005221408209763467,0,0,3,3,5,4,2,1,1,1,1,1
1,11,8,0.003614583285525441,0,0,3,3,5,2,2,2,1,1,1,1
1,11,9,0.0035077875945717096,0,0,3,3,5,3,2,2,1,1,1,1
1,11,10,0.00044386007357388735,0,0,3,3,5,4,2,2,1,1,1,1
1,11,12,0.0013238622341305017,0,0,3,3,5,6,2,2,1,1,1,1
1,11,14,0.0004018981126137078,0,0,3,3,5,2,2,3,1,1,1,1
1,11,15,0.0005649200174957514,0,0,3,3,5,3,2,3,1,1,1,1
1,11,16,0.000334253505570814,0,0,3,3,5,4,2,3,1,1,1,1
1,11,17,0.001191002898849547,0,0,3,3,5,5,2,3,1,1,1,1
1,11,19,0.0004281612054910511,0,0,3,3,5,1,2,4,1,1,1,1
1,11,20,0.00041200529085472226,0,0,3,3,5,2,2,4,1,1,1,1
1,11,21,0.0003749880415853113,0,0,3,3,5,3,2,4,1,1,1,1
1,11,22,0.0003078400332015008,0,0,3,3,5,4,2,4,1,1,1,1
1,11,27,2.583798413979821e-05,0,0,3,3,5,3,2,5,1,1,1,1
1,11,29,0.00041312689427286386,0,0,3,3,5,5,2,5,1,1,1,1
1,11,30,9.38113807933405e-05,0,0,3,3,5,6,2,5,1,1,1,1
1,11,35,0.003957720939069986,0,0,3,4,5,5,2,5,1,1,1,1
1,11,36,0.03125147894024849,0,0,3,5,5,1,2,1,1,2,1,2
1,11,37,0.009797556325793266,0,0,3,5,5,2,2,2,1,2,1,2
1,11,39,0.0018861632561311126,0,0,3,5,5,4,2,4,1,2,1,2
1,11,41,0.20030194520950317,0,1,3,6,5,1,2,0,1,0,1,1
1,11,42,0.18403276801109314,0,1,3,6,5,2,2,0,1,0,1,1
1,11,45,0.5533168315887451,0,1,3,6,5,5,2,0,1,0,1,1
1,11,47,0.00149568822234869,0,2,3,7,5,0,2,0,1,0,1,4
1,13,4,0.004081545863300562,0,0,3,3,1,4,3,1,1,1,1,1
1,13,8,0.00044529547449201345,0,0,3,3,1,2,3,2,1,1,1,1
1,13,9,0.001526538049802184,0,0,3,3,1,3,3,2,1,1,1,1
1,13,10,0.0041776616126298904,0,0,3,3,1,4,3,2,1,1,1,1
1,13,12,0.001726526184938848,0,0,3,3,1,6,3,2,1,1,1,1
1,13,14,0.00024203903740271926,0,0,3,3,1,2,3,3,1,1,1,1
1,13,15,0.0004905711975879967,0,0,3,3,1,3,3,3,1,1,1,1
1,13,16,0.00322158494964242,0,0,3,3,1,4,3,3,1,1,1,1
1,13,17,0.0020681193564087152,0,0,3,3,1,5,3,3,1,1,1,1
1,13,19,0.0011932714842259884,0,0,3,3,1,1,3,4,1,1,1,1
1,13,20,0.0012198081240057945,0,0,3,3,1,2,3,4,1,1,1,1
1,13,21,0.000784061849117279,0,0,3,3,1,3,3,4,1,1,1,1
1,13,22,0.0014602476730942726,0,0,3,3,1,4,3,4,1,1,1,1
1,13,27,0.0004447876999620348,0,0,3,3,1,3,3,5,1,1,1,1
1,13,29,0.0014582951553165913,0,0,3,3,1,5,3,5,1,1,1,1
1,13,30,0.0005185329355299473,0,0,3,3,1,6,3,5,1,1,1,1
1,13,35,0.0042348382994532585,0,0,3,4,1,5,3,5,1,1,1,1
1,13,36,0.08664251118898392,0,0,3,5,1,1,3,1,1,2,1,2
1,13,37,0.17720037698745728,0,0,3,5,1,2,3,2,1,2,1,2
1,13,39,0.5759238004684448,0,0,3,5,1,4,3,4,1,2,1,2
1,13,41,0.007991627790033817,0,1,3,6,1,1,3,0,1,0,1,1
1,13,42,0.000844474183395505,0,1,3,6,1,2,3,0,1,0,1,1
1,13,45,0.00643356516957283,0,1,3,6,1,5,3,0,1,0,1,1
1,13,47,0.11566996574401855,0,2,3,7,1,0,3,0,1,0,1,4
1,18,4,0.007323981262743473,0,0,3,3,6,4,3,1,1,1,1,1
1,18,8,0.000993247958831489,0,0,3,3,6,2,3,2,1,1,1,1
1,18,9,0.009088980033993721,0,0,3,3,6,3,3,2,1,1,1,1
1,18,10,0.0031165278051048517,0,0,3,3,6,4,3,2,1,1,1,1
1,18,12,0.0002315740566700697,0,0,3,3,6,6,3,2,1,1,1,1
1,18,14,0.00015280500520020723,0,0,3,3,6,2,3,3,1,1,1,1
1,18,15,0.000701023091096431,0,0,3,3,6,3,3,3,1,1,1,1
1,18,16,0.0035956520587205887,0,0,3,3,6,4,3,3,1,1,1,1
1,18,17,0.001048965728841722,0,0,3,3,6,5,3,3,1,1,1,1
1,18,19,0.0006857968401163816,0,0,3,3,6,1,3,4,1,1,1,1
1,18,20,0.00044673544471152127,0,0,3,3,6,2,3,4,1,1,1,1
1,18,21,0.0002443818375468254,0,0,3,3,6,3,3,4,1,1,1,1
1,18,22,0.0005238460726104677,0,0,3,3,6,4,3,4,1,1,1,1
1,18,27,2.6500387320993468e-05,0,0,3,3,6,3,3,5,1,1,1,1
1,18,29,0.00340446294285357,0,0,3,3,6,5,3,5,1,1,1,1
1,18,30,0.00014148851914796978,0,0,3,3,6,6,3,5,1,1,1,1
1,18,35,0.00030331415473483503,0,0,3,4,6,5,3,5,1,1,1,1
1,18,36,0.37698113918304443,0,0,3,5,6,1,3,1,1,2,1,2
1,18,37,0.20950590074062347,0,0,3,5,6,2,3,2,1,2,1,2
1,18,39,0.057048287242650986,0,0,3,5,6,4,3,4,1,2,1,2
1,18,41,0.024700412526726723,0,1,3,6,6,1,3,0,1,0,1,1
1,18,42,0.00981168169528246,0,1,3,6,6,2,3,0,1,0,1,1
1,18,45,0.28886446356773376,0,1,3,6,6,5,3,0,1,0,1,1
1,18,47,0.0010591434547677636,0,2,3,7,6,0,3,0,1,0,1,4
1,23,4,0.0006951370160095394,0,0,3,3,5,4,4,1,1,1,1,1
1,23,8,0.0006205892423167825,0,0,3,3,5,2,4,2,1,1,1,1
1,23,9,0.00030729317222721875,0,0,3,3,5,3,4,2,1,1,1,1
1,23,10,0.0005243739578872919,0,0,3,3,5,4,4,2,1,1,1,1
1,23,12,0.0005705223302356899,0,0,3,3,5,6,4,2,1,1,1,1
1,23,14,7.960661605466157e-05,0,0,3,3,5,2,4,3,1,1,1,1
1,23,15,8.918746607378125e-05,0,0,3,3,5,3,4,3,1,1,1,1
1,23,16,0.00014247267972677946,0,0,3,3,5,4,4,3,1,1,1,1
1,23,17,0.0009730008314363658,0,0,3,3,5,5,4,3,1,1,1,1
1,23,19,0.002332661533728242,0,0,3,3,5,1,4,4,1,1,1,1
1,23,20,0.00011780548084061593,0,0,3,3,5,2,4,4,1,1,1,1
1,23,21,8.991016511572525e-05,0,0,3,3,5,3,4,4,1,1,1,1
1,23,22,0.00015942929894663393,0,0,3,3,5,4,4,4,1,1,1,1
1,23,27,6.757087248843163e-06,0,0,3,3,5,3,4,5,1,1,1,1
1,23,29,0.0003247246495448053,0,0,3,3,5,5,4,5,1,1,1,1
1,23,30,0.000276863545877859,0,0,3,3,5,6,4,5,1,1,1,1
1,23,35,0.0008382991072721779,0,0,3,4,5,5,4,5,1,1,1,1
1,23,36,0.05798463523387909,0,0,3,5,5,1,4,1,1,2,1,2
1,23,37,0.003430636366829276,0,0,3,5,5,2,4,2,1,2,1,2
1,23,39,0.00612267479300499,0,0,3,5,5,4,4,4,1,2,1,2
1,23,41,0.2047668844461441,0,1,3,6,5,1,4,0,1,0,1,1
1,23,42,0.09318196773529053,0,1,3,6,5,2,4,0,1,0,1,1
1,23,45,0.626114010810852,0,1,3,6,5,5,4,0,1,0,1,1
1,23,47,0.000250621436862275,0,2,3,7,5,0,4,0,1,0,1,4
1,24,4,0.00037762642023153603,0,0,3,3,6,4,4,1,1,1,1,1
1,24,8,3.960108006140217e-05,0,0,3,3,6,2,4,2,1,1,1,1
1,24,9,0.00015758417430333793,0,0,3,3,6,3,4,2,1,1,1,1
1,24,10,6.80418306728825e-05,0,0,3,3,6,4,4,2,1,1,1,1
1,24,12,2.67268887910177e-06,0,0,3,3,6,6,4,2,1,1,1,1
1,24,14,2.5804217784752836e-06,0,0,3,3,6,2,4,3,1,1,1,1
1,24,15,2.522905560908839e-05,0,0,3,3,6,3,4,3,1,1,1,1
1,24,16,6.068438960937783e-05,0,0,3,3,6,4,4,3,1,1,1,1
1,24,17,0.00039657470188103616,0,0,3,3,6,5,4,3,1,1,1,1
1,24,19,0.00034577352926135063,0,0,3,3,6,1,4,4,1,1,1,1
1,24,20,1.0617850421112962e-05,0,0,3,3,6,2,4,4,1,1,1,1
1,24,21,7.85676729719853e-06,0,0,3,3,6,3,4,4,1,1,1,1
1,24,22,2.476453664712608e-05,0,0,3,3,6,4,4,4,1,1,1,1
1,24,27,1.8737175366823067e-07,0,0,3,3,6,3,4,5,1,1,1,1
1,24,29,0.0006515679997391999,0,0,3,3,6,5,4,5,1,1,1,1
1,24,30,9.268607755075209e-06,0,0,3,3,6,6,4,5,1,1,1,1
1,24,35,2.019075873249676e-05,0,0,3,4,6,5,4,5,1,1,1,1
1,24,36,0.14062072336673737,0,0,3,5,6,1,4,1,1,2,1,2
1,24,37,0.0047239381819963455,0,0,3,5,6,2,4,2,1,2,1,2
1,24,39,0.003231269307434559,0,0,3,5,6,4,4,4,1,2,1,2
1,24,41,0.005372128449380398,0,1,3,6,6,1,4,0,1,0,1,1
1,24,42,0.0036129942163825035,0,1,3,6,6,2,4,0,1,0,1,1
1,24,45,0.840235710144043,0,1,3,6,6,5,4,0,1,0,1,1
1,24,47,2.2735341644875007e-06,0,2,3,7,6,0,4,0,1,0,1,4
1,25,4,0.001177933532744646,0,0,3,3,1,4,5,1,1,1,1,1
1,25,8,0.00014218523574527353,0,0,3,3,1,2,5,2,1,1,1,1
1,25,9,0.0013717615511268377,0,0,3,3,1,3,5,2,1,1,1,1
1,25,10,0.0005709429387934506,0,0,3,3,1,4,5,2,1,1,1,1
1,25,12,0.00020108239550609142,0,0,3,3,1,6,5,2,1,1,1,1
1,25,14,1.718165549391415e-05,0,0,3,3,1,2,5,3,1,1,1,1
1,25,15,0.00014174047100823373,0,0,3,3,1,3,5,3,1,1,1,1
1,25,16,0.0005813661264255643,0,0,3,3,1,4,5,3,1,1,1,1
1,25,17,0.0005007197614759207,0,0,3,3,1,5,5,3,1,1,1,1
1,25,19,0.00024149361706804484,0,0,3,3,1,1,5,4,1,1,1,1
1,25,20,8.700273610884324e-05,0,0,3,3,1,2,5,4,1,1,1,1
1,25,21,4.898793122265488e-05,0,0,3,3,1,3,5,4,1,1,1,1
1,25,22,0.00012362643610686064,0,0,3,3,1,4,5,4,1,1,1,1
1,25,27,4.2844189920288045e-06,0,0,3,3,1,3,5,5,1,1,1,1
1,25,29,0.00027956473059020936,0,0,3,3,1,5,5,5,1,1,1,1
1,25,30,2.0778719772351906e-05,0,0,3,3,1,6,5,5,1,1,1,1
1,25,35,0.0007636809605173767,0,0,3,4,1,5,5,5,1,1,1,1
1,25,36,0.4435723125934601,0,0,3,5,1,1,5,1,1,2,1,2
1,25,37,0.17245370149612427,0,0,3,5,1,2,5,2,1,2,1,2
1,25,39,0.13202665746212006,0,0,3,5,1,4,5,4,1,2,1,2
1,25,41,0.04195493459701538,0,1,3,6,1,1,5,0,1,0,1,1
1,25,42,0.005250310525298119,0,1,3,6,1,2,5,0,1,0,1,1
1,25,45,0.19321325421333313,0,1,3,6,1,5,5,0,1,0,1,1
1,25,47,0.005254340823739767,0,2,3,7,1,0,5,0,1,0,1,4
1,26,4,0.000788767181802541,0,0,3,3,2,4,5,1,1,1,1,1
1,26,8,0.000233119135373272,0,0,3,3,2,2,5,2,1,1,1,1
1,26,9,0.0007564318948425353,0,0,3,3,2,3,5,2,1,1,1,1
1,26,10,0.00039022424607537687,0,0,3,3,2,4,5,2,1,1,1,1
1,26,12,1.820165380195249e-05,0,0,3,3,2,6,5,2,1,1,1,1
1,26,14,9.248675269191153e-06,0,0,3,3,2,2,5,3,1,1,1,1
1,26,15,9.717664943309501e-05,0,0,3,3,2,3,5,3,1,1,1,1
1,26,16,0.000245022150920704,0,0,3,3,2,4,5,3,1,1,1,1
1,26,17,0.0003688171273097396,0,0,3,3,2,5,5,3,1,1,1,1
1,26,19,0.0003203869273420423,0,0,3,3,2,1,5,4,1,1,1,1
1,26,20,9.917503484757617e-05,0,0,3,3,2,2,5,4,1,1,1,1
1,26,21,9.433300147065893e-05,0,0,3,3,2,3,5,4,1,1,1,1
1,26,22,0.00021605570509564131,0,0,3,3,2,4,5,4,1,1,1,1
1,26,27,7.441130378538219e-07,0,0,3,3,2,3,5,5,1,1,1,1
1,26,29,9.50048997765407e-05,0,0,3,3,2,5,5,5,1,1,1,1
1,26,30,1.9051166191275115e-06,0,0,3,3,2,6,5,5,1,1,1,1
1,26,35,5.2000566938659176e-05,0,0,3,4,2,5,5,5,1,1,1,1
1,26,36,0.02133812941610813,0,0,3,5,2,1,5,1,1,2,1,2
1,26,37,0.004214501939713955,0,0,3,5,2,2,5,2,1,2,1,2
1,26,39,0.003544724080711603,0,0,3,5,2,4,5,4,1,2,1,2
1,26,41,0.06506689637899399,0,1,3,6,2,1,5,0,1,0,1,1
1,26,42,0.020140234380960464,0,1,3,6,2,2,5,0,1,0,1,1
1,26,45,0.8804793357849121,0,1,3,6,2,5,5,0,1,0,1,1
1,26,47,0.0014296656008809805,0,2,3,7,2,0,5,0,1,0,1,4
1,28,4,0.003221311839297414,0,0,3,3,4,4,5,1,1,1,1,1
1,28,8,0.00021770974854007363,0,0,3,3,4,2,5,2,1,1,1,1
1,28,9,0.002641089493408799,0,0,3,3,4,3,5,2,1,1,1,1
1,28,10,0.0012899889843538404,0,0,3,3,4,4,5,2,1,1,1,1
1,28,12,0.00015617196913808584,0,0,3,3,4,6,5,2,1,1,1,1
1,28,14,1.7452532119932584e-05,0,0,3,3,4,2,5,3,1,1,1,1
1,28,15,0.0003135153092443943,0,0,3,3,4,3,5,3,1,1,1,1
1,28,16,0.0011884672567248344,0,0,3,3,4,4,5,3,1,1,1,1
1,28,17,0.0016031377017498016,0,0,3,3,4,5,5,3,1,1,1,1
1,28,19,0.0014465487329289317,0,0,3,3,4,1,5,4,1,1,1,1
1,28,20,0.00010496803588466719,0,0,3,3,4,2,5,4,1,1,1,1
1,28,21,0.00010203444981016219,0,0,3,3,4,3,5,4,1,1,1,1
1,28,22,0.00047586733126081526,0,0,3,3,4,4,5,4,1,1,1,1
1,28,27,7.727225238340907e-06,0,0,3,3,4,3,5,5,1,1,1,1
1,28,29,0.0009297900251112878,0,0,3,3,4,5,5,5,1,1,1,1
1,28,30,3.091860708082095e-05,0,0,3,3,4,6,5,5,1,1,1,1
1,28,35,0.000583384302444756,0,0,3,4,4,5,5,5,1,1,1,1
1,28,36,0.3561571538448334,0,0,3,5,4,1,5,1,1,2,1,2
1,28,37,0.04985992982983589,0,0,3,5,4,2,5,2,1,2,1,2
1,28,39,0.055308062583208084,0,0,3,5,4,4,5,4,1,2,1,2
1,28,41,0.038332462310791016,0,1,3,6,4,1,5,0,1,0,1,1
1,28,42,0.0035687608178704977,0,1,3,6,4,2,5,0,1,0,1,1
1,28,45,0.4796411693096161,0,1,3,6,4,5,5,0,1,0,1,1
1,28,47,0.002802514936774969,0,2,3,7,4,0,5,0,1,0,1,4
1,31,4,0.0034505559597164392,0,0,4,3,1,4,1,1,1,1,1,1
1,31,8,0.006056867074221373,0,0,4,3,1,2,1,2,1,1,1,1
1,31,9,0.002064610132947564,0,0,4,3,1,3,1,2,1,1,1,1
1,31,10,0.0078890947625041,0,0,4,3,1,4,1,2,1,1,1,1
1,31,12,0.0010306177427992225,0,0,4,3,1,6,1,2,1,1,1,1
1,31,14,0.0011655428679659963,0,0,4,3,1,2,1,3,1,1,1,1
1,31,15,0.002486658748239279,0,0,4,3,1,3,1,3,1,1,1,1
1,31,16,0.02582898922264576,0,0,4,3,1,4,1,3,1,1,1,1
1,31,17,0.001466365996748209,0,0,4,3,1,5,1,3,1,1,1,1
1,31,19,0.010974827222526073,0,0,4,3,1,1,1,4,1,1,1,1
1,31,20,0.003518326673656702,0,0,4,3,1,2,1,4,1,1,1,1
1,31,21,0.005373523570597172,0,0,4,3,1,3,1,4,1,1,1,1
1,31,22,0.0023962720297276974,0,0,4,3,1,4,1,4,1,1,1,1
1,31,27,2.8263373678782955e-05,0,0,4,3,1,3,1,5,1,1,1,1
1,31,29,0.0003838921256829053,0,0,4,3,1,5,1,5,1,1,1,1
1,31,30,0.0002640620805323124,0,0,4,3,1,6,1,5,1,1,1,1
1,31,35,0.00012681816588155925,0,0,4,4,1,5,1,5,1,1,1,1
1,31,36,0.06591527163982391,0,0,4,5,1,1,1,1,1,2,1,2
1,31,37,0.014258013106882572,0,0,4,5,1,2,1,2,1,2,1,2
1,31,39,0.007590687833726406,0,0,4,5,1,4,1,4,1,2,1,2
1,31,41,0.11386901885271072,0,1,4,6,1,1,1,0,1,0,1,1
1,31,42,0.4521327018737793,0,1,4,6,1,2,1,0,1,0,1,1
1,31,45,0.27127790451049805,0,1,4,6,1,5,1,0,1,0,1,1
1,31,47,0.0004510834696702659,0,2,4,7,1,0,1,0,1,0,1,4
1,32,4,0.0013450293336063623,0,0,4,3,2,4,2,1,1,1,1,1
1,32,8,0.00040836812695488334,0,0,4,3,2,2,2,2,1,1,1,1
1,32,9,0.0003140066110063344,0,0,4,3,2,3,2,2,1,1,1,1
1,32,10,0.002217727480456233,0,0,4,3,2,4,2,2,1,1,1,1
1,32,12,5.261414480628446e-05,0,0,4,3,2,6,2,2,1,1,1,1
1,32,14,8.159517892636359e-05,0,0,4,3,2,2,2,3,1,1,1,1
1,32,15,0.0007995901396498084,0,0,4,3,2,3,2,3,1,1,1,1
1,32,16,0.009542247280478477,0,0,4,3,2,4,2,3,1,1,1,1
1,32,17,0.0009231732110492885,0,0,4,3,2,5,2,3,1,1,1,1
1,32,19,0.0007013477734290063,0,0,4,3,2,1,2,4,1,1,1,1
1,32,20,0.0005777596379630268,0,0,4,3,2,2,2,4,1,1,1,1
1,32,21,0.0009007579647004604,0,0,4,3,2,3,2,4,1,1,1,1
1,32,22,0.0010055128950625658,0,0,4,3,2,4,2,4,1,1,1,1
1,32,27,4.0174727473640814e-06,0,0,4,3,2,3,2,5,1,1,1,1
1,32,29,9.884316386887804e-05,0,0,4,3,2,5,2,5,1,1,1,1
1,32,30,1.7993348592426628e-05,0,0,4,3,2,6,2,5,1,1,1,1
1,32,35,0.0003132551210001111,0,0,4,4,2,5,2,5,1,1,1,1
1,32,36,0.055815089493989944,0,0,4,5,2,1,2,1,1,2,1,2
1,32,37,0.05040217936038971,0,0,4,5,2,2,2,2,1,2,1,2
1,32,39,0.12171641737222672,0,0,4,5,2,4,2,4,1,2,1,2
1,32,41,0.15465891361236572,0,1,4,6,2,1,2,0,1,0,1,1
1,32,42,0.253518670797348,0,1,4,6,2,2,2,0,1,0,1,1
1,32,45,0.3399527966976166,0,1,4,6,2,5,2,0,1,0,1,1
1,32,47,0.004632230848073959,0,2,4,7,2,0,2,0,1,0,1,4
1,33,4,0.03530393913388252,0,0,4,3,3,4,3,1,1,1,1,1
1,33,8,0.001666010357439518,0,0,4,3,3,2,3,2,1,1,1,1
1,33,9,0.001999220112338662,0,0,4,3,3,3,3,2,1,1,1,1
1,33,10,0.07171788066625595,0,0,4,3,3,4,3,2,1,1,1,1
1,33,12,0.00041341502219438553,0,0,4,3,3,6,3,2,1,1,1,1
1,33,14,0.0026478536892682314,0,0,4,3,3,2,3,3,1,1,1,1
1,33,15,0.02822214923799038,0,0,4,3,3,3,3,3,1,1,1,1
1,33,16,0.5618261098861694,0,0,4,3,3,4,3,3,1,1,1,1
1,33,17,0.014726521447300911,0,0,4,3,3,5,3,3,1,1,1,1
1,33,19,0.018468307331204414,0,0,4,3,3,1,3,4,1,1,1,1
1,33,20,0.0033351259771734476,0,0,4,3,3,2,3,4,1,1,1,1
1,33,21,0.036610547453165054,0,0,4,3,3,3,3,4,1,1,1,1
1,33,22,0.049862440675497055,0,0,4,3,3,4,3,4,1,1,1,1
1,33,27,0.002263564383611083,0,0,4,3,3,3,3,5,1,1,1,1
1,33,29,0.005162886809557676,0,0,4,3,3,5,3,5,1,1,1,1
1,33,30,0.004964052699506283,0,0,4,3,3,6,3,5,1,1,1,1
1,33,35,0.000431220541941002,0,0,4,4,3,5,3,5,1,1,1,1
1,33,36,0.01128446776419878,0,0,4,5,3,1,3,1,1,2,1,2
1,33,37,0.011914504691958427,0,0,4,5,3,2,3,2,1,2,1,2
1,33,39,0.07855670154094696,0,0,4,5,3,4,3,4,1,2,1,2
1,33,41,0.007654700893908739,0,1,4,6,3,1,3,0,1,0,1,1
1,33,42,0.010104259476065636,0,1,4,6,3,2,3,0,1,0,1,1
1,33,45,0.026709644123911858,0,1,4,6,3,5,3,0,1,0,1,1
1,33,47,0.014154372736811638,0,2,4,7,3,0,3,0,1,0,1,4
1,34,4,0.0011891447938978672,0,0,4,3,4,4,4,1,1,1,1,1
1,34,8,0.0008738833712413907,0,0,4,3,4,2,4,2,1,1,1,1
1,34,9,0.0004480798670556396,0,0,4,3,4,3,4,2,1,1,1,1
1,34,10,0.0028591754380613565,0,0,4,3,4,4,4,2,1,1,1,1
1,34,12,0.00032673098030500114,0,0,4,3,4,6,4,2,1,1,1,1
1,34,14,0.0001570161257404834,0,0,4,3,4,2,4,3,1,1,1,1
1,34,15,0.0005854542250744998,0,0,4,3,4,3,4,3,1,1,1,1
1,34,16,0.0018684737151488662,0,0,4,3,4,4,4,3,1,1,1,1
1,34,17,0.0021100586745887995,0,0,4,3,4,5,4,3,1,1,1,1
1,34,19,0.006062732078135014,0,0,4,3,4,1,4,4,1,1,1,1
1,34,20,0.0001524311664979905,0,0,4,3,4,2,4,4,1,1,1,1
1,34,21,0.0008932332857511938,0,0,4,3,4,3,4,4,1,1,1,1
1,34,22,0.0019424493657425046,0,0,4,3,4,4,4,4,1,1,1,1
1,34,27,1.5308012734749354e-05,0,0,4,3,4,3,4,5,1,1,1,1
1,34,29,0.0002961865975521505,0,0,4,3,4,5,4,5,1,1,1,1
1,34,30,0.0002698682073969394,0,0,4,3,4,6,4,5,1,1,1,1
1,34,35,0.0005146092735230923,0,0,4,4,4,5,4,5,1,1,1,1
1,34,36,0.005717847961932421,0,0,4,5,4,1,4,1,1,2,1,2
1,34,37,0.0003152420977130532,0,0,4,5,4,2,4,2,1,2,1,2
1,34,39,0.0011659973533824086,0,0,4,5,4,4,4,4,1,2,1,2
1,34,41,0.17218641936779022,0,1,4,6,4,1,4,0,1,0,1,1
1,34,42,0.17994146049022675,0,1,4,6,4,2,4,0,1,0,1,1
1,34,45,0.6198694109916687,0,1,4,6,4,5,4,0,1,0,1,1
1,34,47,0.00023892507306300104,0,2,4,7,4,0,4,0,1,0,1,4
1,38,4,0.04307655617594719,0,0,5,3,3,4,3,1,2,1,2,1
1,38,8,0.0024853977374732494,0,0,5,3,3,2,3,2,2,1,2,1
1,38,9,0.0010831312974914908,0,0,5,3,3,3,3,2,2,1,2,1
1,38,10,0.19077107310295105,0,0,5,3,3,4,3,2,2,1,2,1
1,38,12,0.000802891212515533,0,0,5,3,3,6,3,2,2,1,2,1
1,38,14,0.01306516770273447,0,0,5,3,3,2,3,3,2,1,2,1
1,38,15,0.01616431586444378,0,0,5,3,3,3,3,3,2,1,2,1
1,38,16,0.36996233463287354,0,0,5,3,3,4,3,3,2,1,2,1
1,38,17,0.007334447465837002,0,0,5,3,3,5,3,3,2,1,2,1
1,38,19,0.006156644318252802,0,0,5,3,3,1,3,4,2,1,2,1
1,38,20,0.006148343440145254,0,0,5,3,3,2,3,4,2,1,2,1
1,38,21,0.08460842818021774,0,0,5,3,3,3,3,4,2,1,2,1
1,38,22,0.09445633739233017,0,0,5,3,3,4,3,4,2,1,2,1
1,38,27,0.022996416315436363,0,0,5,3,3,3,3,5,2,1,2,1
1,38,29,0.005359967704862356,0,0,5,3,3,5,3,5,2,1,2,1
1,38,30,0.021600505337119102,0,0,5,3,3,6,3,5,2,1,2,1
1,38,35,0.0019892638083547354,0,0,5,4,3,5,3,5,2,1,2,1
1,38,36,0.0004270338686183095,0,0,5,5,3,1,3,1,2,2,2,2
1,38,37,0.00384551752358675,0,0,5,5,3,2,3,2,2,2,2,2
1,38,39,0.05725795030593872,0,0,5,5,3,4,3,4,2,2,2,2
1,38,41,0.003322191536426544,0,1,5,6,3,1,3,0,2,0,2,1
1,38,42,0.0050240783020854,0,1,5,6,3,2,3,0,2,0,2,1
1,38,45,0.0017122275894507766,0,1,5,6,3,5,3,0,2,0,2,1
1,38,47,0.04034977778792381,0,2,5,7,3,0,3,0,2,0,2,4
1,40,4,0.03994593396782875,0,0,5,3,5,4,5,1,2,1,2,1
1,40,8,0.006511290092021227,0,0,5,3,5,2,5,2,2,1,2,1
1,40,9,0.0029574264772236347,0,0,5,3,5,3,5,2,2,1,2,1
1,40,10,0.04665432870388031,0,0,5,3,5,4,5,2,2,1,2,1
1,40,12,0.005245773587375879,0,0,5,3,5,6,5,2,2,1,2,1
1,40,14,0.011193938553333282,0,0,5,3,5,2,5,3,2,1,2,1
1,40,15,0.006781283766031265,0,0,5,3,5,3,5,3,2,1,2,1
1,40,16,0.04021826013922691,0,0,5,3,5,4,5,3,2,1,2,1
1,40,17,0.019927892833948135,0,0,5,3,5,5,5,3,2,1,2,1
1,40,19,0.02182704769074917,0,0,5,3,5,1,5,4,2,1,2,1
1,40,20,0.010987071320414543,0,0,5,3,5,2,5,4,2,1,2,1
1,40,21,0.01994502730667591,0,0,5,3,5,3,5,4,2,1,2,1
1,40,22,0.033813849091529846,0,0,5,3,5,4,5,4,2,1,2,1
1,40,27,0.008451994508504868,0,0,5,3,5,3,5,5,2,1,2,1
1,40,29,0.01619751937687397,0,0,5,3,5,5,5,5,2,1,2,1
1,40,30,0.03712662681937218,0,0,5,3,5,6,5,5,2,1,2,1
1,40,35,0.04530545324087143,0,0,5,4,5,5,5,5,2,1,2,1
1,40,36,0.0329764187335968,0,0,5,5,5,1,5,1,2,2,2,2
1,40,37,0.04561185464262962,0,0,5,5,5,2,5,2,2,2,2,2
1,40,39,0.36793053150177,0,0,5,5,5,4,5,4,2,2,2,2
1,40,41,0.06662828475236893,0,1,5,6,5,1,5,0,2,0,2,1
1,40,42,0.057818830013275146,0,1,5,6,5,2,5,0,2,0,2,1
1,40,45,0.04552459344267845,0,1,5,6,5,5,5,0,2,0,2,1
1,40,47,0.01041865348815918,0,2,5,7,5,0,5,0,2,0,2,4
1,43,4,0.014310543425381184,1,0,6,3,3,4,0,1,0,1,1,1
1,43,8,0.012227226048707962,1,0,6,3,3,2,0,2,0,1,1,1
1,43,9,0.0504143163561821,1,0,6,3,3,3,0,2,0,1,1,1
1,43,10,0.009456363506615162,1,0,6,3,3,4,0,2,0,1,1,1
1,43,12,0.005449435207992792,1,0,6,3,3,6,0,2,0,1,1,1
1,43,14,0.002251823665574193,1,0,6,3,3,2,0,3,0,1,1,1
1,43,15,0.01135310996323824,1,0,6,3,3,3,0,3,0,1,1,1
1,43,16,0.007529966998845339,1,0,6,3,3,4,0,3,0,1,1,1
1,43,17,0.00749153271317482,1,0,6,3,3,5,0,3,0,1,1,1
1,43,19,0.0037909336388111115,1,0,6,3,3,1,0,4,0,1,1,1
1,43,20,0.0017808268312364817,1,0,6,3,3,2,0,4,0,1,1,1
1,43,21,0.0024629351682960987,1,0,6,3,3,3,0,4,0,1,1,1
1,43,22,0.002078654244542122,1,0,6,3,3,4,0,4,0,1,1,1
1,43,27,0.00045319387572817504,1,0,6,3,3,3,0,5,0,1,1,1
1,43,29,0.011147131212055683,1,0,6,3,3,5,0,5,0,1,1,1
1,43,30,0.0010577101493254304,1,0,6,3,3,6,0,5,0,1,1,1
1,43,35,0.002047350164502859,1,0,6,4,3,5,0,5,0,1,1,1
1,43,36,0.25283247232437134,1,0,6,5,3,1,0,1,0,2,1,2
1,43,37,0.14276395738124847,1,0,6,5,3,2,0,2,0,2,1,2
1,43,39,0.0131837734952569,1,0,6,5,3,4,0,4,0,2,1,2
1,43,41,0.029952239245176315,1,1,6,6,3,1,0,0,0,0,1,1
1,43,42,0.0239694993942976,1,1,6,6,3,2,0,0,0,0,1,1
1,43,45,0.37675970792770386,1,1,6,6,3,5,0,0,0,0,1,1
1,43,47,0.015235748142004013,1,2,6,7,3,0,0,0,0,0,1,4
1,44,4,0.0007022537174634635,1,0,6,3,4,4,0,1,0,1,1,1
1,44,8,0.0006901284214109182,1,0,6,3,4,2,0,2,0,1,1,1
1,44,9,0.004278269130736589,1,0,6,3,4,3,0,2,0,1,1,1
1,44,10,0.0024550030939280987,1,0,6,3,4,4,0,2,0,1,1,1
1,44,12,0.0029620688874274492,1,0,6,3,4,6,0,2,0,1,1,1
1,44,14,2.4261156795546412e-05,1,0,6,3,4,2,0,3,0,1,1,1
1,44,15,3.4784232411766425e-05,1,0,6,3,4,3,0,3,0,1,1,1
1,44,16,0.0001300467411056161,1,0,6,3,4,4,0,3,0,1,1,1
1,44,17,3.577989627956413e-05,1,0,6,3,4,5,0,3,0,1,1,1
1,44,19,3.792493953369558e-05,1,0,6,3,4,1,0,4,0,1,1,1
1,44,20,0.00011661327152978629,1,0,6,3,4,2,0,4,0,1,1,1
1,44,21,3.4545071684988216e-05,1,0,6,3,4,3,0,4,0,1,1,1
1,44,22,2.925170883827377e-05,1,0,6,3,4,4,0,4,0,1,1,1
1,44,27,6.167358606035123e-06,1,0,6,3,4,3,0,5,0,1,1,1
1,44,29,3.178328552166931e-05,1,0,6,3,4,5,0,5,0,1,1,1
1,44,30,3.860081960738171e-06,1,0,6,3,4,6,0,5,0,1,1,1
1,44,35,0.00012900579895358533,1,0,6,4,4,5,0,5,0,1,1,1
1,44,36,0.045242875814437866,1,0,6,5,4,1,0,1,0,2,1,2
1,44,37,0.1603398472070694,1,0,6,5,4,2,0,2,0,2,1,2
1,44,39,0.018031734973192215,1,0,6,5,4,4,0,4,0,2,1,2
1,44,41,0.007759303320199251,1,1,6,6,4,1,0,0,0,0,1,1
1,44,42,0.0005248930538073182,1,1,6,6,4,2,0,0,0,0,1,1
1,44,45,0.0023873429745435715,1,1,6,6,4,5,0,0,0,0,1,1
1,44,47,0.7540119290351868,1,2,6,7,4,0,0,0,0,0,1,4
1,46,4,0.003670418169349432,1,0,6,3,6,4,0,1,0,1,1,1
1,46,8,0.010762620717287064,1,0,6,3,6,2,0,2,0,1,1,1
1,46,9,0.04953541234135628,1,0,6,3,6,3,0,2,0,1,1,1
1,46,10,0.003267082618549466,1,0,6,3,6,4,0,2,0,1,1,1
1,46,12,0.012437489815056324,1,0,6,3,6,6,0,2,0,1,1,1
1,46,14,0.0010268234182149172,1,0,6,3,6,2,0,3,0,1,1,1
1,46,15,0.0018251333385705948,1,0,6,3,6,3,0,3,0,1,1,1
1,46,16,0.0007412206614390016,1,0,6,3,6,4,0,3,0,1,1,1
1,46,17,0.004145039711147547,1,0,6,3,6,5,0,3,0,1,1,1
1,46,19,0.0011087381280958652,1,0,6,3,6,1,0,4,0,1,1,1
1,46,20,0.0008605641778558493,1,0,6,3,6,2,0,4,0,1,1,1
1,46,21,0.0006020636647008359,1,0,6,3,6,3,0,4,0,1,1,1
1,46,22,0.0004392058472149074,1,0,6,3,6,4,0,4,0,1,1,1
1,46,27,0.0002215715212514624,1,0,6,3,6,3,0,5,0,1,1,1
1,46,29,0.0059384796768426895,1,0,6,3,6,5,0,5,0,1,1,1
1,46,30,0.0004281685978639871,1,0,6,3,6,6,0,5,0,1,1,1
1,46,35,0.011594885028898716,1,0,6,4,6,5,0,5,0,1,1,1
1,46,36,0.35228291153907776,1,0,6,5,6,1,0,1,0,2,1,2
1,46,37,0.17551206052303314,1,0,6,5,6,2,0,2,0,2,1,2
1,46,39,0.010932746343314648,1,0,6,5,6,4,0,4,0,2,1,2
1,46,41,0.04754352197051048,1,1,6,6,6,1,0,0,0,0,1,1
1,46,42,0.018512818962335587,1,1,6,6,6,2,0,0,0,0,1,1
1,46,45,0.262330025434494,1,1,6,6,6,5,0,0,0,0,1,1
1,46,47,0.02428116463124752,1,2,6,7,6,0,0,0,0,0,1,4
2,0,2,2.131105611624662e-05,0,0,1,3,0,2,0,1,2,1,4,1
2,0,3,0.0003229239955544472,0,0,1,3,0,3,0,1,2,1,4,1
2,0,4,9.576398952049203e-06,0,0,1,3,0,4,0,1,2,1,4,1
2,0,10,9.975079592550173e-05,0,0,1,3,0,4,0,2,2,1,4,1
2,0,11,0.00010721184662543237,0,0,1,3,0,5,0,2,2,1,4,1
2,0,12,0.00018590307445265353,0,0,1,3,0,6,0,2,2,1,4,1
2,0,15,9.727886208565906e-05,0,0,1,3,0,3,0,3,2,1,4,1
2,0,16,4.170537431491539e-05,0,0,1,3,0,4,0,3,2,1,4,1
2,0,18,6.519714224850759e-05,0,0,1,3,0,6,0,3,2,1,4,1
2,0,20,4.0998893382493407e-05,0,0,1,3,0,2,0,4,2,1,4,1
2,0,24,4.4037682528141886e-05,0,0,1,3,0,6,0,4,2,1,4,1
2,0,25,0.001036182977259159,0,0,1,3,0,1,0,5,2,1,4,1
2,0,26,9.39386009122245e-05,0,0,1,3,0,2,0,5,2,1,4,1
2,0,28,0.0001454861048841849,0,0,1,3,0,4,0,5,2,1,4,1
2,0,29,0.0004206171433907002,0,0,1,3,0,5,0,5,2,1,4,1
2,0,30,7.973753236001357e-05,0,0,1,3,0,6,0,5,2,1,4,1
2,0,32,2.5241020921384916e-05,0,0,1,4,0,2,0,2,2,1,4,1
2,0,37,0.00949965137988329,0,0,1,5,0,2,0,2,2,2,4,2
2,0,39,0.03546630218625069,0,0,1,5,0,4,0,4,2,2,4,2
2,0,40,0.9281031489372253,0,0,1,5,0,5,0,5,2,2,4,2
2,0,43,0.012717564590275288,0,1,1,6,0,3,0,0,2,0,4,1
2,0,44,0.00771662313491106,0,1,1,6,0,4,0,0,2,0,4,1
2,0,46,0.0028413175605237484,0,1,1,6,0,6,0,0,2,0,4,1
2,0,47,0.0008184162434190512,0,2,1,7,0,0,0,0,2,0,4,4
2,1,2,0.00013158138608559966,0,0,3,3,1,2,1,1,1,1,1,1
2,1,3,1.1061154054914368e-06,0,0,3,3,1,3,1,1,1,1,1,1
2,1,4,7.651369173800049e-07,0,0,3,3,1,4,1,1,1,1,1,1
2,1,10,8.816713261694531e-07,0,0,3,3,1,4,1,2,1,1,1,1
2,1,11,0.00017238086729776114,0,0,3,3,1,5,1,2,1,1,1,1
2,1,12,0.003124109236523509,0,0,3,3,1,6,1,2,1,1,1,1
2,1,15,3.8060152292018756e-05,0,0,3,3,1,3,1,3,1,1,1,1
2,1,16,1.6028227037168108e-05,0,0,3,3,1,4,1,3,1,1,1,1
2,1,18,3.8237270928220823e-05,0,0,3,3,1,6,1,3,1,1,1,1
2,1,20,0.0015591344563290477,0,0,3,3,1,2,1,4,1,1,1,1
2,1,24,0.0045566498301923275,0,0,3,3,1,6,1,4,1,1,1,1
2,1,25,8.123144652927294e-05,0,0,3,3,1,1,1,5,1,1,1,1
2,1,26,0.00019362469902262092,0,0,3,3,1,2,1,5,1,1,1,1
2,1,28,1.6805604445835343e-06,0,0,3,3,1,4,1,5,1,1,1,1
2,1,29,4.923975939163938e-05,0,0,3,3,1,5,1,5,1,1,1,1
2,1,30,0.00015223684022203088,0,0,3,3,1,6,1,5,1,1,1,1
2,1,32,0.0022558264899998903,0,0,3,4,1,2,1,2,1,1,1,1
2,1,37,7.450156408594921e-05,0,0,3,5,1,2,1,2,1,2,1,2
2,1,39,3.7506051739910617e-06,0,0,3,5,1,4,1,4,1,2,1,2
2,1,40,7.154672857723199e-06,0,0,3,5,1,5,1,5,1,2,1,2
2,1,43,9.905929618980736e-05,0,1,3,6,1,3,1,0,1,0,1,1
2,1,44,9.758594387676567e-05,0,1,3,6,1,4,1,0,1,0,1,1
2,1,46,0.003978677559643984,0,1,3,6,1,6,1,0,1,0,1,1
2,1,47,0.9833672046661377,0,2,3,7,1,0,1,0,1,0,1,4
2,5,2,2.8747170290444046e-05,0,0,3,3,5,2,1,1,1,1,1,1
2,5,3,2.9784266075694177e-07,0,0,3,3,5,3,1,1,1,1,1,1
2,5,4,1.0145762985303008e-07,0,0,3,3,5,4,1,1,1,1,1,1
2,5,10,4.052569693158148e-07,0,0,3,3,5,4,1,2,1,1,1,1
2,5,11,7.424769137287512e-05,0,0,3,3,5,5,1,2,1,1,1,1
2,5,12,0.0004956419579684734,0,0,3,3,5,6,1,2,1,1,1,1
2,5,15,7.697060937061906e-06,0,0,3,3,5,3,1,3,1,1,1,1
2,5,16,3.249280553063727e-06,0,0,3,3,5,4,1,3,1,1,1,1
2,5,18,7.341785476455698e-06,0,0,3,3,5,6,1,3,1,1,1,1
2,5,20,0.0002776196342892945,0,0,3,3,5,2,1,4,1,1,1,1
2,5,24,0.0007679821574129164,0,0,3,3,5,6,1,4,1,1,1,1
2,5,25,1.9980467186542228e-05,0,0,3,3,5,1,1,5,1,1,1,1
2,5,26,3.2133986678672954e-05,0,0,3,3,5,2,1,5,1,1,1,1
2,5,28,1.8942183999115514e-07,0,0,3,3,5,4,1,5,1,1,1,1
2,5,29,7.071274012560025e-06,0,0,3,3,5,5,1,5,1,1,1,1
2,5,30,1.387933843943756e-05,0,0,3,3,5,6,1,5,1,1,1,1
2,5,32,0.00035985864815302193,0,0,3,4,5,2,1,2,1,1,1,1
2,5,37,1.5838802937651053e-05,0,0,3,5,5,2,1,2,1,2,1,2
2,5,39,1.6335037571479916e-06,0,0,3,5,5,4,1,4,1,2,1,2
2,5,40,2.007377133850241e-06,0,0,3,5,5,5,1,5,1,2,1,2
2,5,43,7.183025445556268e-05,0,1,3,6,5,3,1,0,1,0,1,1
2,5,44,5.289923865348101e-05,0,1,3,6,5,4,1,0,1,0,1,1
2,5,46,0.0016732984222471714,0,1,3,6,5,6,1,0,1,0,1,1
2,5,47,0.9960854649543762,0,2,3,7,5,0,1,0,1,0,1,4
2,6,2,0.0012297958601266146,0,0,3,3,6,2,1,1,1,1,1,1
2,6,3,1.1808085218945052e-05,0,0,3,3,6,3,1,1,1,1,1,1
2,6,4,5.272665475786198e-06,0,0,3,3,6,4,1,1,1,1,1,1
2,6,10,5.377393790695351e-06,0,0,3,3,6,4,1,2,1,1,1,1
2,6,11,0.0005521659622900188,0,0,3,3,6,5,1,2,1,1,1,1
2,6,12,0.0015356623334810138,0,0,3,3,6,6,1,2,1,1,1,1
2,6,15,0.0001397232845192775,0,0,3,3,6,3,1,3,1,1,1,1
2,6,16,5.243553823675029e-05,0,0,3,3,6,4,1,3,1,1,1,1
2,6,18,0.00013613692135550082,0,0,3,3,6,6,1,3,1,1,1,1
2,6,20,0.0028511008713394403,0,0,3,3,6,2,1,4,1,1,1,1
2,6,24,0.004890942480415106,0,0,3,3,6,6,1,4,1,1,1,1
2,6,25,0.0002858196967281401,0,0,3,3,6,1,1,5,1,1,1,1
2,6,26,0.00058630236890167,0,0,3,3,6,2,1,5,1,1,1,1
2,6,28,5.8350096878712066e-06,0,0,3,3,6,4,1,5,1,1,1,1
2,6,29,0.0001180728868348524,0,0,3,3,6,5,1,5,1,1,1,1
2,6,30,0.0001470365677960217,0,0,3,3,6,6,1,5,1,1,1,1
2,6,32,0.0016685124719515443,0,0,3,4,6,2,1,2,1,1,1,1
2,6,37,2.6997031454811804e-05,0,0,3,5,6,2,1,2,1,2,1,2
2,6,39,4.029214778711321e-06,0,0,3,5,6,4,1,4,1,2,1,2
2,6,40,8.592809535912238e-06,0,0,3,5,6,5,1,5,1,2,1,2
2,6,43,0.00047906109830364585,0,1,3,6,6,3,1,0,1,0,1,1
2,6,44,0.0003506258362904191,0,1,3,6,6,4,1,0,1,0,1,1
2,6,46,0.004332674201577902,0,1,3,6,6,6,1,0,1,0,1,1
2,6,47,0.9805763959884644,0,2,3,7,6,0,1,0,1,0,1,4
2,7,2,0.0008830396109260619,0,0,3,3,1,2,2,1,1,1,1,1
2,7,3,2.793587373162154e-05,0,0,3,3,1,3,2,1,1,1,1,1
2,7,4,6.4032883528852835e-06,0,0,3,3,1,4,2,1,1,1,1,1
2,7,10,0.00010810019011842087,0,0,3,3,1,4,2,2,1,1,1,1
2,7,11,0.006956472061574459,0,0,3,3,1,5,2,2,1,1,1,1
2,7,12,0.002476684981957078,0,0,3,3,1,6,2,2,1,1,1,1
2,7,15,0.0005255741998553276,0,0,3,3,1,3,2,3,1,1,1,1
2,7,16,7.84266521804966e-05,0,0,3,3,1,4,2,3,1,1,1,1
2,7,18,0.0003449996584095061,0,0,3,3,1,6,2,3,1,1,1,1
2,7,20,0.004071633797138929,0,0,3,3,1,2,2,4,1,1,1,1
2,7,24,0.0009119517053477466,0,0,3,3,1,6,2,4,1,1,1,1
2,7,25,0.0001957627246156335,0,0,3,3,1,1,2,5,1,1,1,1
2,7,26,0.0020396432373672724,0,0,3,3,1,2,2,5,1,1,1,1
2,7,28,2.7283094823360443e-05,0,0,3,3,1,4,2,5,1,1,1,1
2,7,29,0.0007351470994763076,0,0,3,3,1,5,2,5,1,1,1,1
2,7,30,0.000336834869813174,0,0,3,3,1,6,2,5,1,1,1,1
2,7,32,0.011262157000601292,0,0,3,4,1,2,2,2,1,1,1,1
2,7,37,0.018986478447914124,0,0,3,5,1,2,2,2,1,2,1,2
2,7,39,0.0004424632352311164,0,0,3,5,1,4,2,4,1,2,1,2
2,7,40,0.0030979826115071774,0,0,3,5,1,5,2,5,1,2,1,2
2,7,43,0.003296248847618699,0,1,3,6,1,3,2,0,1,0,1,1
2,7,44,0.002625277964398265,0,1,3,6,1,4,2,0,1,0,1,1
2,7,46,0.0250835083425045,0,1,3,6,1,6,2,0,1,0,1,1
2,7,47,0.915479838848114,0,2,3,7,1,0,2,0,1,0,1,4
2,8,2,0.00040346826426684856,0,0,3,3,2,2,2,1,1,1,1,1
2,8,3,0.00016257553943432868,0,0,3,3,2,3,2,1,1,1,1,1
2,8,4,0.00010309030767530203,0,0,3,3,2,4,2,1,1,1,1,1
2,8,10,0.0007633121567778289,0,0,3,3,2,4,2,2,1,1,1,1
2,8,11,0.003422857727855444,0,0,3,3,2,5,2,2,1,1,1,1
2,8,12,0.0013697193935513496,0,0,3,3,2,6,2,2,1,1,1,1
2,8,15,0.001586990780197084,0,0,3,3,2,3,2,3,1,1,1,1
2,8,16,0.0009344558930024505,0,0,3,3,2,4,2,3,1,1,1,1
2,8,18,0.0015216689789667726,0,0,3,3,2,6,2,3,1,1,1,1
2,8,20,0.0064879716373980045,0,0,3,3,2,2,2,4,1,1,1,1
2,8,24,0.0012259091017767787,0,0,3,3,2,6,2,4,1,1,1,1
2,8,25,0.001341999159194529,0,0,3,3,2,1,2,5,1,1,1,1
2,8,26,0.0030287415720522404,0,0,3,3,2,2,2,5,1,1,1,1
2,8,28,0.00017712218686938286,0,0,3,3,2,4,2,5,1,1,1,1
2,8,29,0.008047661744058132,0,0,3,3,2,5,2,5,1,1,1,1
2,8,30,0.00030012676143087447,0,0,3,3,2,6,2,5,1,1,1,1
2,8,32,0.0019916866440325975,0,0,3,4,2,2,2,2,1,1,1,1
2,8,37,0.0048641120083630085,0,0,3,5,2,2,2,2,1,2,1,2
2,8,39,0.004931417293846607,0,0,3,5,2,4,2,4,1,2,1,2
2,8,40,0.054713256657123566,0,0,3,5,2,5,2,5,1,2,1,2
2,8,43,0.020398233085870743,0,1,3,6,2,3,2,0,1,0,1,1
2,8,44,0.03866689279675484,0,1,3,6,2,4,2,0,1,0,1,1
2,8,46,0.1864524781703949,0,1,3,6,2,6,2,0,1,0,1,1
2,8,47,0.6571046113967896,0,2,3,7,2,0,2,0,1,0,1,4
2,9,2,0.004185816738754511,0,0,3,3,3,2,2,1,1,1,1,1
2,9,3,0.0011989381164312363,0,0,3,3,3,3,2,1,1,1,1,1
2,9,4,0.0028229462914168835,0,0,3,3,3,4,2,1,1,1,1,1
2,9,10,0.029512327164411545,0,0,3,3,3,4,2,2,1,1,1,1
2,9,11,0.04633091017603874,0,0,3,3,3,5,2,2,1,1,1,1
2,9,12,0.01303032599389553,0,0,3,3,3,6,2,2,1,1,1,1
2,9,15,0.007730981335043907,0,0,3,3,3,3,2,3,1,1,1,1
2,9,16,0.027390431612730026,0,0,3,3,3,4,2,3,1,1,1,1
2,9,18,0.021145015954971313,0,0,3,3,3,6,2,3,1,1,1,1
2,9,20,0.010074268095195293,0,0,3,3,3,2,2,4,1,1,1,1
2,9,24,0.012415780685842037,0,0,3,3,3,6,2,4,1,1,1,1
2,9,25,0.042642511427402496,0,0,3,3,3,1,2,5,1,1,1,1
2,9,26,0.008610301651060581,0,0,3,3,3,2,2,5,1,1,1,1
2,9,28,0.012124347500503063,0,0,3,3,3,4,2,5,1,1,1,1
2,9,29,0.06801791489124298,0,0,3,3,3,5,2,5,1,1,1,1
2,9,30,0.010570680722594261,0,0,3,3,3,6,2,5,1,1,1,1
2,9,32,0.005169343203306198,0,0,3,4,3,2,2,2,1,1,1,1
2,9,37,0.011002715677022934,0,0,3,5,3,2,2,2,1,2,1,2
2,9,39,0.00482754223048687,0,0,3,5,3,4,2,4,1,2,1,2
2,9,40,0.0635538175702095,0,0,3,5,3,5,2,5,1,2,1,2
2,9,43,0.010373663157224655,0,1,3,6,3,3,2,0,1,0,1,1
2,9,44,0.07052744925022125,0,1,3,6,3,4,2,0,1,0,1,1
2,9,46,0.15079185366630554,0,1,3,6,3,6,2,0,1,0,1,1
2,9,47,0.3659498393535614,0,2,3,7,3,0,2,0,1,0,1,4
2,13,2,0.015375464223325253,0,0,3,3,1,2,3,1,1,1,1,1
2,13,3,0.0011175102554261684,0,0,3,3,1,3,3,1,1,1,1,1
2,13,4,0.00018744796398095787,0,0,3,3,1,4,3,1,1,1,1,1
2,13,10,0.0005773788434453309,0,0,3,3,1,4,3,2,1,1,1,1
2,13,11,0.055770471692085266,0,0,3,3,1,5,3,2,1,1,1,1
2,13,12,0.032472286373376846,0,0,3,3,1,6,3,2,1,1,1,1
2,13,15,0.006200254894793034,0,0,3,3,1,3,3,3,1,1,1,1
2,13,16,0.00032694070250727236,0,0,3,3,1,4,3,3,1,1,1,1
2,13,18,0.0020302296616137028,0,0,3,3,1,6,3,3,1,1,1,1
2,13,20,0.02233665995299816,0,0,3,3,1,2,3,4,1,1,1,1
2,13,24,0.013605227693915367,0,0,3,3,1,6,3,4,1,1,1,1
2,13,25,0.0013458944158628583,0,0,3,3,1,1,3,5,1,1,1,1
2,13,26,0.04278457909822464,0,0,3,3,1,2,3,5,1,1,1,1
2,13,28,0.0005146582261659205,0,0,3,3,1,4,3,5,1,1,1,1
2,13,29,0.0062599810771644115,0,0,3,3,1,5,3,5,1,1,1,1
2,13,30,0.007678405847400427,0,0,3,3,1,6,3,5,1,1,1,1
2,13,32,0.4198712110519409,0,0,3,4,1,2,3,2,1,1,1,1
2,13,37,0.020031912252306938,0,0,3,5,1,2,3,2,1,2,1,2
2,13,39,0.0010338122956454754,0,0,3,5,1,4,3,4,1,2,1,2
2,13,40,0.004716826137155294,0,0,3,5,1,5,3,5,1,2,1,2
2,13,43,0.009382353164255619,0,1,3,6,1,3,3,0,1,0,1,1
2,13,44,0.005014027468860149,0,1,3,6,1,4,3,0,1,0,1,1
2,13,46,0.025310734286904335,0,1,3,6,1,6,3,0,1,0,1,1
2,13,47,0.30605602264404297,0,2,3,7,1,0,3,0,1,0,1,4
2,14,2,0.003769257804378867,0,0,3,3,2,2,3,1,1,1,1,1
2,14,3,0.0206557996571064,0,0,3,3,2,3,3,1,1,1,1,1
2,14,4,0.03424368053674698,0,0,3,3,2,4,3,1,1,1,1,1
2,14,10,0.019479528069496155,0,0,3,3,2,4,3,2,1,1,1,1
2,14,11,0.022448206320405006,0,0,3,3,2,5,3,2,1,1,1,1
2,14,12,0.01060135941952467,0,0,3,3,2,6,3,2,1,1,1,1
2,14,15,0.078014075756073,0,0,3,3,2,3,3,3,1,1,1,1
2,14,16,0.03387560322880745,0,0,3,3,2,4,3,3,1,1,1,1
2,14,18,0.017084520310163498,0,0,3,3,2,6,3,3,1,1,1,1
2,14,20,0.03336397930979729,0,0,3,3,2,2,3,4,1,1,1,1
2,14,24,0.015937814489006996,0,0,3,3,2,6,3,4,1,1,1,1
2,14,25,0.022974060848355293,0,0,3,3,2,1,3,5,1,1,1,1
2,14,26,0.026959111914038658,0,0,3,3,2,2,3,5,1,1,1,1
2,14,28,0.012168052606284618,0,0,3,3,2,4,3,5,1,1,1,1
2,14,29,0.08885792642831802,0,0,3,3,2,5,3,5,1,1,1,1
2,14,30,0.012985233217477798,0,0,3,3,2,6,3,5,1,1,1,1
2,14,32,0.017924360930919647,0,0,3,4,2,2,3,2,1,1,1,1
2,14,37,0.0005843649269081652,0,0,3,5,2,2,3,2,1,2,1,2
2,14,39,0.002439450938254595,0,0,3,5,2,4,3,4,1,2,1,2
2,14,40,0.02102132886648178,0,0,3,5,2,5,3,5,1,2,1,2
2,14,43,0.1458294838666916,0,1,3,6,2,3,3,0,1,0,1,1
2,14,44,0.11424566805362701,0,1,3,6,2,4,3,0,1,0,1,1
2,14,46,0.15194860100746155,0,1,3,6,2,6,3,0,1,0,1,1
2,14,47,0.09258852154016495,0,2,3,7,2,0,3,0,1,0,1,4
2,17,2,0.03590252622961998,0,0,3,3,5,2,3,1,1,1,1,1
2,17,3,0.002731878077611327,0,0,3,3,5,3,3,1,1,1,1,1
2,17,4,0.0011819279752671719,0,0,3,3,5,4,3,1,1,1,1,1
2,17,10,0.0038982934784144163,0,0,3,3,5,4,3,2,1,1,1,1
2,17,11,0.12982048094272614,0,0,3,3,5,5,3,2,1,1,1,1
2,17,12,0.0067011648789048195,0,0,3,3,5,6,3,2,1,1,1,1
2,17,15,0.016713755205273628,0,0,3,3,5,3,3,3,1,1,1,1
2,17,16,0.002076964359730482,0,0,3,3,5,4,3,3,1,1,1,1
2,17,18,0.0042357780039310455,0,0,3,3,5,6,3,3,1,1,1,1
2,17,20,0.04331638291478157,0,0,3,3,5,2,3,4,1,1,1,1
2,17,24,0.008086830377578735,0,0,3,3,5,6,3,4,1,1,1,1
2,17,25,0.004567252472043037,0,0,3,3,5,1,3,5,1,1,1,1
2,17,26,0.06206569820642471,0,0,3,3,5,2,3,5,1,1,1,1
2,17,28,0.0012777255615219474,0,0,3,3,5,4,3,5,1,1,1,1
2,17,29,0.03252812474966049,0,0,3,3,5,5,3,5,1,1,1,1
2,17,30,0.004474821500480175,0,0,3,3,5,6,3,5,1,1,1,1
2,17,32,0.10280455648899078,0,0,3,4,5,2,3,2,1,1,1,1
2,17,37,0.0001996958744712174,0,0,3,5,5,2,3,2,1,2,1,2
2,17,39,7.448930409736931e-05,0,0,3,5,5,4,3,4,1,2,1,2
2,17,40,0.0013147913850843906,0,0,3,5,5,5,3,5,1,2,1,2
2,17,43,0.02433224767446518,0,1,3,6,5,3,3,0,1,0,1,1
2,17,44,0.027748968452215195,0,1,3,6,5,4,3,0,1,0,1,1
2,17,46,0.04742579534649849,0,1,3,6,5,6,3,0,1,0,1,1
2,17,47,0.436519593000412,0,2,3,7,5,0,3,0,1,0,1,4
2,19,2,0.008900289423763752,0,0,3,3,1,2,4,1,1,1,1,1
2,19,3,0.00042640906758606434,0,0,3,3,1,3,4,1,1,1,1,1
2,19,4,0.00033933078520931304,0,0,3,3,1,4,4,1,1,1,1,1
2,19,10,0.0005702936323359609,0,0,3,3,1,4,4,2,1,1,1,1
2,19,11,0.015550426207482815,0,0,3,3,1,5,4,2,1,1,1,1
2,19,12,0.014783953316509724,0,0,3,3,1,6,4,2,1,1,1,1
2,19,15,0.005285464692860842,0,0,3,3,1,3,4,3,1,1,1,1
2,19,16,0.00154766661580652,0,0,3,3,1,4,4,3,1,1,1,1
2,19,18,0.002300986321642995,0,0,3,3,1,6,4,3,1,1,1,1
2,19,20,0.02783229760825634,0,0,3,3,1,2,4,4,1,1,1,1
2,19,24,0.0081029599532485,0,0,3,3,1,6,4,4,1,1,1,1
2,19,25,0.004674156196415424,0,0,3,3,1,1,4,5,1,1,1,1
2,19,26,0.010339242406189442,0,0,3,3,1,2,4,5,1,1,1,1
2,19,28,0.0005867544678039849,0,0,3,3,1,4,4,5,1,1,1,1
2,19,29,0.010081536136567593,0,0,3,3,1,5,4,5,1,1,1,1
2,19,30,0.004841402173042297,0,0,3,3,1,6,4,5,1,1,1,1
2,19,32,0.017521096393465996,0,0,3,4,1,2,4,2,1,1,1,1
2,19,37,0.0020162034779787064,0,0,3,5,1,2,4,2,1,2,1,2
2,19,39,0.0001439468323951587,0,0,3,5,1,4,4,4,1,2,1,2
2,19,40,0.0022171929012984037,0,0,3,5,1,5,4,5,1,2,1,2
2,19,43,0.01347960066050291,0,1,3,6,1,3,4,0,1,0,1,1
2,19,44,0.010218332521617413,0,1,3,6,1,4,4,0,1,0,1,1
2,19,46,0.08014728128910065,0,1,3,6,1,6,4,0,1,0,1,1
2,19,47,0.7580925226211548,0,2,3,7,1,0,4,0,1,0,1,4
2,21,2,0.005634052213281393,0,0,3,3,3,2,4,1,1,1,1,1
2,21,3,0.002594566438347101,0,0,3,3,3,3,4,1,1,1,1,1
2,21,4,0.003278728574514389,0,0,3,3,3,4,4,1,1,1,1,1
2,21,10,0.01366381160914898,0,0,3,3,3,4,4,2,1,1,1,1
2,21,11,0.031018011271953583,0,0,3,3,3,5,4,2,1,1,1,1
2,21,12,0.007621349301189184,0,0,3,3,3,6,4,2,1,1,1,1
2,21,15,0.01404673419892788,0,0,3,3,3,3,4,3,1,1,1,1
2,21,16,0.024423154070973396,0,0,3,3,3,4,4,3,1,1,1,1
2,21,18,0.01102019939571619,0,0,3,3,3,6,4,3,1,1,1,1
2,21,20,0.013707536272704601,0,0,3,3,3,2,4,4,1,1,1,1
2,21,24,0.009543387219309807,0,0,3,3,3,6,4,4,1,1,1,1
2,21,25,0.051447685807943344,0,0,3,3,3,1,4,5,1,1,1,1
2,21,26,0.00634926650673151,0,0,3,3,3,2,4,5,1,1,1,1
2,21,28,0.005976054351776838,0,0,3,3,3,4,4,5,1,1,1,1
2,21,29,0.03530288115143776,0,0,3,3,3,5,4,5,1,1,1,1
2,21,30,0.007153037935495377,0,0,3,3,3,6,4,5,1,1,1,1
2,21,32,0.002350984374061227,0,0,3,4,3,2,4,2,1,1,1,1
2,21,37,0.0002590639051049948,0,0,3,5,3,2,4,2,1,2,1,2
2,21,39,0.0003627536352723837,0,0,3,5,3,4,4,4,1,2,1,2
2,21,40,0.006923098117113113,0,0,3,5,3,5,4,5,1,2,1,2
2,21,43,0.03940378129482269,0,1,3,6,3,3,4,0,1,0,1,1
2,21,44,0.06879846006631851,0,1,3,6,3,4,4,0,1,0,1,1
2,21,46,0.082362100481987,0,1,3,6,3,6,4,0,1,0,1,1
2,21,47,0.5567593574523926,0,2,3,7,3,0,4,0,1,0,1,4
2,22,2,0.0007425689836964011,0,0,3,3,4,2,4,1,1,1,1,1
2,22,3,0.0039050753694027662,0,0,3,3,4,3,4,1,1,1,1,1
2,22,4,0.002196017187088728,0,0,3,3,4,4,4,1,1,1,1,1
2,22,10,0.0442330464720726,0,0,3,3,4,4,4,2,1,1,1,1
2,22,11,0.07001613825559616,0,0,3,3,4,5,4,2,1,1,1,1
2,22,12,0.008892475627362728,0,0,3,3,4,6,4,2,1,1,1,1
2,22,15,0.007217487320303917,0,0,3,3,4,3,4,3,1,1,1,1
2,22,16,0.01544974371790886,0,0,3,3,4,4,4,3,1,1,1,1
2,22,18,0.010194768197834492,0,0,3,3,4,6,4,3,1,1,1,1
2,22,20,0.0031896985601633787,0,0,3,3,4,2,4,4,1,1,1,1
2,22,24,0.013053419068455696,0,0,3,3,4,6,4,4,1,1,1,1
2,22,25,0.0697990283370018,0,0,3,3,4,1,4,5,1,1,1,1
2,22,26,0.006979790981858969,0,0,3,3,4,2,4,5,1,1,1,1
2,22,28,0.006624628324061632,0,0,3,3,4,4,4,5,1,1,1,1
2,22,29,0.03144526481628418,0,0,3,3,4,5,4,5,1,1,1,1
2,22,30,0.004718227311968803,0,0,3,3,4,6,4,5,1,1,1,1
2,22,32,0.005489946808665991,0,0,3,4,4,2,4,2,1,1,1,1
2,22,37,0.00013239939289633185,0,0,3,5,4,2,4,2,1,2,1,2
2,22,39,0.0018108772346749902,0,0,3,5,4,4,4,4,1,2,1,2
2,22,40,0.07161054760217667,0,0,3,5,4,5,4,5,1,2,1,2
2,22,43,0.011517910286784172,0,1,3,6,4,3,4,0,1,0,1,1
2,22,44,0.08059551566839218,0,1,3,6,4,4,4,0,1,0,1,1
2,22,46,0.030917996540665627,0,1,3,6,4,6,4,0,1,0,1,1
2,22,47,0.49926742911338806,0,2,3,7,4,0,4,0,1,0,1,4
2,23,2,0.0013250538613647223,0,0,3,3,5,2,4,1,1,1,1,1
2,23,3,0.00041527344728820026,0,0,3,3,5,3,4,1,1,1,1,1
2,23,4,0.0003313514171168208,0,0,3,3,5,4,4,1,1,1,1,1
2,23,10,0.0013855573488399386,0,0,3,3,5,4,4,2,1,1,1,1
2,23,11,0.01026352308690548,0,0,3,3,5,5,4,2,1,1,1,1
2,23,12,0.002623000182211399,0,0,3,3,5,6,4,2,1,1,1,1
2,23,15,0.003978782799094915,0,0,3,3,5,3,4,3,1,1,1,1
2,23,16,0.0023266382049769163,0,0,3,3,5,4,4,3,1,1,1,1
2,23,18,0.0015944521874189377,0,0,3,3,5,6,4,3,1,1,1,1
2,23,20,0.014351654797792435,0,0,3,3,5,2,4,4,1,1,1,1
2,23,24,0.0031028399243950844,0,0,3,3,5,6,4,4,1,1,1,1
2,23,25,0.0027365887071937323,0,0,3,3,5,1,4,5,1,1,1,1
2,23,26,0.0035720928572118282,0,0,3,3,5,2,4,5,1,1,1,1
2,23,28,0.0003086334327235818,0,0,3,3,5,4,4,5,1,1,1,1
2,23,29,0.005277773831039667,0,0,3,3,5,5,4,5,1,1,1,1
2,23,30,0.0010488071711733937,0,0,3,3,5,6,4,5,1,1,1,1
2,23,32,0.004697759170085192,0,0,3,4,5,2,4,2,1,1,1,1
2,23,37,0.0001951933663804084,0,0,3,5,5,2,4,2,1,2,1,2
2,23,39,0.00018830674525815994,0,0,3,5,5,4,4,4,1,2,1,2
2,23,40,0.001850373693741858,0,0,3,5,5,5,4,5,1,2,1,2
2,23,43,0.019755039364099503,0,1,3,6,5,3,4,0,1,0,1,1
2,23,44,0.019017066806554794,0,1,3,6,5,4,4,0,1,0,1,1
2,23,46,0.050646282732486725,0,1,3,6,5,6,4,0,1,0,1,1
2,23,47,0.849008321762085,0,2,3,7,5,0,4,0,1,0,1,4
2,27,2,0.0010688374750316143,0,0,3,3,3,2,5,1,1,1,1,1
2,27,3,0.0006716374773532152,0,0,3,3,3,3,5,1,1,1,1,1
2,27,4,0.00032898131757974625,0,0,3,3,3,4,5,1,1,1,1,1
2,27,10,0.001089436118490994,0,0,3,3,3,4,5,2,1,1,1,1
2,27,11,0.007543823681771755,0,0,3,3,3,5,5,2,1,1,1,1
2,27,12,0.008578464388847351,0,0,3,3,3,6,5,2,1,1,1,1
2,27,15,0.009306405670940876,0,0,3,3,3,3,5,3,1,1,1,1
2,27,16,0.004785794299095869,0,0,3,3,3,4,5,3,1,1,1,1
2,27,18,0.0027856158558279276,0,0,3,3,3,6,5,3,1,1,1,1
2,27,20,0.01010117493569851,0,0,3,3,3,2,5,4,1,1,1,1
2,27,24,0.011061117053031921,0,0,3,3,3,6,5,4,1,1,1,1
2,27,25,0.010087342001497746,0,0,3,3,3,1,5,5,1,1,1,1
2,27,26,0.003681013360619545,0,0,3,3,3,2,5,5,1,1,1,1
2,27,28,0.0012521890457719564,0,0,3,3,3,4,5,5,1,1,1,1
2,27,29,0.017491770908236504,0,0,3,3,3,5,5,5,1,1,1,1
2,27,30,0.006242858245968819,0,0,3,3,3,6,5,5,1,1,1,1
2,27,32,0.0054792785085737705,0,0,3,4,3,2,5,2,1,1,1,1
2,27,37,0.0011225923663005233,0,0,3,5,3,2,5,2,1,2,1,2
2,27,39,0.000663379265461117,0,0,3,5,3,4,5,4,1,2,1,2
2,27,40,0.0076714325696229935,0,0,3,5,3,5,5,5,1,2,1,2
2,27,43,0.07932861149311066,0,1,3,6,3,3,5,0,1,0,1,1
2,27,44,0.07389009743928909,0,1,3,6,3,4,5,0,1,0,1,1
2,27,46,0.1517346352338791,0,1,3,6,3,6,5,0,1,0,1,1
2,27,47,0.5840334296226501,0,2,3,7,3,0,5,0,1,0,1,4
2,31,2,0.0012560886098071933,0,0,4,3,1,2,1,1,1,1,1,1
2,31,3,7.010622084635543e-06,0,0,4,3,1,3,1,1,1,1,1,1
2,31,4,7.813731031092175e-07,0,0,4,3,1,4,1,1,1,1,1,1
2,31,10,1.9983328911621356e-06,0,0,4,3,1,4,1,2,1,1,1,1
2,31,11,0.0008305779192596674,0,0,4,3,1,5,1,2,1,1,1,1
2,31,12,0.0037646933924406767,0,0,4,3,1,6,1,2,1,1,1,1
2,31,15,1.7888129150378518e-05,0,0,4,3,1,3,1,3,1,1,1,1
2,31,16,1.0239943549095187e-05,0,0,4,3,1,4,1,3,1,1,1,1
2,31,18,4.152701876591891e-05,0,0,4,3,1,6,1,3,1,1,1,1
2,31,20,0.0014583959709852934,0,0,4,3,1,2,1,4,1,1,1,1
2,31,24,0.008858087472617626,0,0,4,3,1,6,1,4,1,1,1,1
2,31,25,0.0004612942284438759,0,0,4,3,1,1,1,5,1,1,1,1
2,31,26,0.000521208334248513,0,0,4,3,1,2,1,5,1,1,1,1
2,31,28,3.97856183553813e-06,0,0,4,3,1,4,1,5,1,1,1,1
2,31,29,6.371000199578702e-05,0,0,4,3,1,5,1,5,1,1,1,1
2,31,30,0.000190986436791718,0,0,4,3,1,6,1,5,1,1,1,1
2,31,32,0.003285382641479373,0,0,4,4,1,2,1,2,1,1,1,1
2,31,37,2.535830208216794e-05,0,0,4,5,1,2,1,2,1,2,1,2
2,31,39,9.493714969721623e-06,0,0,4,5,1,4,1,4,1,2,1,2
2,31,40,2.20533947867807e-05,0,0,4,5,1,5,1,5,1,2,1,2
2,31,43,0.00014553738583344966,0,1,4,6,1,3,1,0,1,0,1,1
2,31,44,0.0001732116797938943,0,1,4,6,1,4,1,0,1,0,1,1
2,31,46,0.0015646193642169237,0,1,4,6,1,6,1,0,1,0,1,1
2,31,47,0.9772861003875732,0,2,4,7,1,0,1,0,1,0,1,4
2,33,2,0.0013297831173986197,0,0,4,3,3,2,3,1,1,1,1,1
2,33,3,0.005937362089753151,0,0,4,3,3,3,3,1,1,1,1,1
2,33,4,0.0007764851325191557,0,0,4,3,3,4,3,1,1,1,1,1
2,33,10,0.013767941854894161,0,0,4,3,3,4,3,2,1,1,1,1
2,33,11,0.03943370655179024,0,0,4,3,3,5,3,2,1,1,1,1
2,33,12,0.033406034111976624,0,0,4,3,3,6,3,2,1,1,1,1
2,33,15,0.00853438675403595,0,0,4,3,3,3,3,3,1,1,1,1
2,33,16,0.010612358339130878,0,0,4,3,3,4,3,3,1,1,1,1
2,33,18,0.003650048980489373,0,0,4,3,3,6,3,3,1,1,1,1
2,33,20,0.004875900223851204,0,0,4,3,3,2,3,4,1,1,1,1
2,33,24,0.03554727882146835,0,0,4,3,3,6,3,4,1,1,1,1
2,33,25,0.09077627211809158,0,0,4,3,3,1,3,5,1,1,1,1
2,33,26,0.004286632873117924,0,0,4,3,3,2,3,5,1,1,1,1
2,33,28,0.007135280407965183,0,0,4,3,3,4,3,5,1,1,1,1
2,33,29,0.007592491339892149,0,0,4,3,3,5,3,5,1,1,1,1
2,33,30,0.01627686806023121,0,0,4,3,3,6,3,5,1,1,1,1
2,33,32,0.012310751713812351,0,0,4,4,3,2,3,2,1,1,1,1
2,33,37,0.0009829085320234299,0,0,4,5,3,2,3,2,1,2,1,2
2,33,39,0.005326238460838795,0,0,4,5,3,4,3,4,1,2,1,2
2,33,40,0.03648824989795685,0,0,4,5,3,5,3,5,1,2,1,2
2,33,43,0.06753812730312347,0,1,4,6,3,3,3,0,1,0,1,1
2,33,44,0.1044812947511673,0,1,4,6,3,4,3,0,1,0,1,1
2,33,46,0.031476374715566635,0,1,4,6,3,6,3,0,1,0,1,1
2,33,47,0.457457572221756,0,2,4,7,3,0,3,0,1,0,1,4
2,34,2,0.004156549461185932,0,0,4,3,4,2,4,1,1,1,1,1
2,34,3,0.009845360182225704,0,0,4,3,4,3,4,1,1,1,1,1
2,34,4,0.004383606370538473,0,0,4,3,4,4,4,1,1,1,1,1
2,34,10,0.04124438762664795,0,0,4,3,4,4,4,2,1,1,1,1
2,34,11,0.11325269192457199,0,0,4,3,4,5,4,2,1,1,1,1
2,34,12,0.012586178258061409,0,0,4,3,4,6,4,2,1,1,1,1
2,34,15,0.008108536712825298,0,0,4,3,4,3,4,3,1,1,1,1
2,34,16,0.01947351172566414,0,0,4,3,4,4,4,3,1,1,1,1
2,34,18,0.014054243452847004,0,0,4,3,4,6,4,3,1,1,1,1
2,34,20,0.0034158469643443823,0,0,4,3,4,2,4,4,1,1,1,1
2,34,24,0.02535322681069374,0,0,4,3,4,6,4,4,1,1,1,1
2,34,25,0.1614977866411209,0,0,4,3,4,1,4,5,1,1,1,1
2,34,26,0.007819155231118202,0,0,4,3,4,2,4,5,1,1,1,1
2,34,28,0.012110648676753044,0,0,4,3,4,4,4,5,1,1,1,1
2,34,29,0.023162994533777237,0,0,4,3,4,5,4,5,1,1,1,1
2,34,30,0.009659893810749054,0,0,4,3,4,6,4,5,1,1,1,1
2,34,32,0.0037322582211345434,0,0,4,4,4,2,4,2,1,1,1,1
2,34,37,5.31493678863626e-05,0,0,4,5,4,2,4,2,1,2,1,2
2,34,39,0.0008351064752787352,0,0,4,5,4,4,4,4,1,2,1,2
2,34,40,0.015974195674061775,0,0,4,5,4,5,4,5,1,2,1,2
2,34,43,0.01517072506248951,0,1,4,6,4,3,4,0,1,0,1,1
2,34,44,0.05324495956301689,0,1,4,6,4,4,4,0,1,0,1,1
2,34,46,0.01179440040141344,0,1,4,6,4,6,4,0,1,0,1,1
2,34,47,0.4290705621242523,0,2,4,7,4,0,4,0,1,0,1,4
2,35,2,0.0018627408426254988,0,0,4,3,5,2,5,1,1,1,1,1
2,35,3,9.280165249947459e-05,0,0,4,3,5,3,5,1,1,1,1,1
2,35,4,1.5081080164236482e-05,0,0,4,3,5,4,5,1,1,1,1,1
2,35,10,0.00042245365330018103,0,0,4,3,5,4,5,2,1,1,1,1
2,35,11,0.0331198014318943,0,0,4,3,5,5,5,2,1,1,1,1
2,35,12,0.010169941000640392,0,0,4,3,5,6,5,2,1,1,1,1
2,35,15,0.0006398743134923279,0,0,4,3,5,3,5,3,1,1,1,1
2,35,16,0.00033708784030750394,0,0,4,3,5,4,5,3,1,1,1,1
2,35,18,0.0005500976112671196,0,0,4,3,5,6,5,3,1,1,1,1
2,35,20,0.005051821935921907,0,0,4,3,5,2,5,4,1,1,1,1
2,35,24,0.01668892800807953,0,0,4,3,5,6,5,4,1,1,1,1
2,35,25,0.004191973712295294,0,0,4,3,5,1,5,5,1,1,1,1
2,35,26,0.006069737020879984,0,0,4,3,5,2,5,5,1,1,1,1
2,35,28,0.00032559590181335807,0,0,4,3,5,4,5,5,1,1,1,1
2,35,29,0.0027310634031891823,0,0,4,3,5,5,5,5,1,1,1,1
2,35,30,0.0028976912144571543,0,0,4,3,5,6,5,5,1,1,1,1
2,35,32,0.05667739734053612,0,0,4,4,5,2,5,2,1,1,1,1
2,35,37,0.00042077648686245084,0,0,4,5,5,2,5,2,1,2,1,2
2,35,39,0.000130549626192078,0,0,4,5,5,4,5,4,1,2,1,2
2,35,40,0.0017119140829890966,0,0,4,5,5,5,5,5,1,2,1,2
2,35,43,0.0016475680749863386,0,1,4,6,5,3,5,0,1,0,1,1
2,35,44,0.008249569684267044,0,1,4,6,5,4,5,0,1,0,1,1
2,35,46,0.015873435884714127,0,1,4,6,5,6,5,0,1,0,1,1
2,35,47,0.8301224112510681,0,2,4,7,5,0,5,0,1,0,1,4
2,36,2,2.8141892471467145e-05,0,0,5,3,1,2,1,1,2,1,2,1
2,36,3,7.548435405624332e-06,0,0,5,3,1,3,1,1,2,1,2,1
2,36,4,4.6017672161724477e-07,0,0,5,3,1,4,1,1,2,1,2,1
2,36,10,3.5824853057420114e-06,0,0,5,3,1,4,1,2,2,1,2,1
2,36,11,5.899567622691393e-05,0,0,5,3,1,5,1,2,2,1,2,1
2,36,12,0.004571766592562199,0,0,5,3,1,6,1,2,2,1,2,1
2,36,15,9.44488692766754e-06,0,0,5,3,1,3,1,3,2,1,2,1
2,36,16,2.2446029106504284e-06,0,0,5,3,1,4,1,3,2,1,2,1
2,36,18,8.928661372920033e-06,0,0,5,3,1,6,1,3,2,1,2,1
2,36,20,0.00014392407319974154,0,0,5,3,1,2,1,4,2,1,2,1
2,36,24,0.00038753991248086095,0,0,5,3,1,6,1,4,2,1,2,1
2,36,25,7.830069807823747e-05,0,0,5,3,1,1,1,5,2,1,2,1
2,36,26,9.812225471250713e-05,0,0,5,3,1,2,1,5,2,1,2,1
2,36,28,6.774114808649756e-06,0,0,5,3,1,4,1,5,2,1,2,1
2,36,29,1.029481427394785e-05,0,0,5,3,1,5,1,5,2,1,2,1
2,36,30,0.00010392755211796612,0,0,5,3,1,6,1,5,2,1,2,1
2,36,32,0.0029175556264817715,0,0,5,4,1,2,1,2,2,1,2,1
2,36,37,0.9467533826828003,0,0,5,5,1,2,1,2,2,2,2,2
2,36,39,0.01334338914602995,0,0,5,5,1,4,1,4,2,2,2,2
2,36,40,0.02244700863957405,0,0,5,5,1,5,1,5,2,2,2,2
2,36,43,0.0001495986944064498,0,1,5,6,1,3,1,0,2,0,2,1
2,36,44,6.424661114579067e-05,0,1,5,6,1,4,1,0,2,0,2,1
2,36,46,0.003352047875523567,0,1,5,6,1,6,1,0,2,0,2,1
2,36,47,0.0054527996107935905,0,2,5,7,1,0,1,0,2,0,2,4
2,38,2,3.839922555926023e-06,0,0,5,3,3,2,3,1,2,1,2,1
2,38,3,0.00010693893273128197,0,0,5,3,3,3,3,1,2,1,2,1
2,38,4,2.01959082914982e-05,0,0,5,3,3,4,3,1,2,1,2,1
2,38,10,0.0004805219650734216,0,0,5,3,3,4,3,2,2,1,2,1
2,38,11,5.9420712204882875e-05,0,0,5,3,3,5,3,2,2,1,2,1
2,38,12,0.0004308678035158664,0,0,5,3,3,6,3,2,2,1,2,1
2,38,15,5.313835572451353e-05,0,0,5,3,3,3,3,3,2,1,2,1
2,38,16,4.1908573621185496e-05,0,0,5,3,3,4,3,3,2,1,2,1
2,38,18,2.478504211467225e-05,0,0,5,3,3,6,3,3,2,1,2,1
2,38,20,2.6907957362709567e-05,0,0,5,3,3,2,3,4,2,1,2,1
2,38,24,2.9451104637701064e-05,0,0,5,3,3,6,3,4,2,1,2,1
2,38,25,0.00016712251817807555,0,0,5,3,3,1,3,5,2,1,2,1
2,38,26,4.7964138502720743e-05,0,0,5,3,3,2,3,5,2,1,2,1
2,38,28,0.00023297434381674975,0,0,5,3,3,4,3,5,2,1,2,1
2,38,29,1.192123454529792e-05,0,0,5,3,3,5,3,5,2,1,2,1
2,38,30,6.624399975407869e-05,0,0,5,3,3,6,3,5,2,1,2,1
2,38,32,0.0002463778364472091,0,0,5,4,3,2,3,2,2,1,2,1
2,38,37,0.5845407843589783,0,0,5,5,3,2,3,2,2,2,2,2
2,38,39,0.13011513650417328,0,0,5,5,3,4,3,4,2,2,2,2
2,38,40,0.2823820412158966,0,0,5,5,3,5,3,5,2,2,2,2
2,38,43,0.00018944260955322534,0,1,5,6,3,3,3,0,2,0,2,1
2,38,44,0.00027978490106761456,0,1,5,6,3,4,3,0,2,0,2,1
2,38,46,0.000401912780944258,0,1,5,6,3,6,3,0,2,0,2,1
2,38,47,4.013926081825048e-05,0,2,5,7,3,0,3,0,2,0,2,4
2,41,2,2.1518191317682067e-07,1,0,6,3,1,2,0,1,0,1,1,1
2,41,3,3.526405998854898e-05,1,0,6,3,1,3,0,1,0,1,1,1
2,41,4,3.1520210086455336e-06,1,0,6,3,1,4,0,1,0,1,1,1
2,41,10,0.00015122402692213655,1,0,6,3,1,4,0,2,0,1,1,1
2,41,11,4.7201123379636556e-05,1,0,6,3,1,5,0,2,0,1,1,1
2,41,12,1.1317277312627994e-05,1,0,6,3,1,6,0,2,0,1,1,1
2,41,15,2.338545527891256e-05,1,0,6,3,1,3,0,3,0,1,1,1
2,41,16,2.8958625080122147e-06,1,0,6,3,1,4,0,3,0,1,1,1
2,41,18,4.54810378869297e-06,1,0,6,3,1,6,0,3,0,1,1,1
2,41,20,2.114316657753079e-06,1,0,6,3,1,2,0,4,0,1,1,1
2,41,24,4.910482402920024e-07,1,0,6,3,1,6,0,4,0,1,1,1
2,41,25,7.750846634735353e-06,1,0,6,3,1,1,0,5,0,1,1,1
2,41,26,5.043662167736329e-05,1,0,6,3,1,2,0,5,0,1,1,1
2,41,28,0.00010488982661627233,1,0,6,3,1,4,0,5,0,1,1,1
2,41,29,0.00019858805171679705,1,0,6,3,1,5,0,5,0,1,1,1
2,41,30,2.290799602633342e-05,1,0,6,3,1,6,0,5,0,1,1,1
2,41,32,0.0001793056435417384,1,0,6,4,1,2,0,2,0,1,1,1
2,41,37,0.006395635660737753,1,0,6,5,1,2,0,2,0,2,1,2
2,41,39,0.003216979093849659,1,0,6,5,1,4,0,4,0,2,1,2
2,41,40,0.9892863035202026,1,0,6,5,1,5,0,5,0,2,1,2
2,41,43,2.5794304747250862e-05,1,1,6,6,1,3,0,0,0,0,1,1
2,41,44,0.00020129627955611795,1,1,6,6,1,4,0,0,0,0,1,1
2,41,46,2.7645755835692398e-05,1,1,6,6,1,6,0,0,0,0,1,1
2,41,47,1.893904766347987e-07,1,2,6,7,1,0,0,0,0,0,1,4
2,42,2,5.97497564740479e-05,1,0,6,3,2,2,0,1,0,1,1,1
2,42,3,0.0054661850444972515,1,0,6,3,2,3,0,1,0,1,1,1
2,42,4,0.005526506807655096,1,0,6,3,2,4,0,1,0,1,1,1
2,42,10,0.017487986013293266,1,0,6,3,2,4,0,2,0,1,1,1
2,42,11,0.0025949443224817514,1,0,6,3,2,5,0,2,0,1,1,1
2,42,12,0.00018947472563013434,1,0,6,3,2,6,0,2,0,1,1,1
2,42,15,0.014166253618896008,1,0,6,3,2,3,0,3,0,1,1,1
2,42,16,0.005951121915131807,1,0,6,3,2,4,0,3,0,1,1,1
2,42,18,0.0032853407319635153,1,0,6,3,2,6,0,3,0,1,1,1
2,42,20,0.0011569296475499868,1,0,6,3,2,2,0,4,0,1,1,1
2,42,24,0.00011167985940119252,1,0,6,3,2,6,0,4,0,1,1,1
2,42,25,0.0013392666587606072,1,0,6,3,2,1,0,5,0,1,1,1
2,42,26,0.0027510838117450476,1,0,6,3,2,2,0,5,0,1,1,1
2,42,28,0.005718522239476442,1,0,6,3,2,4,0,5,0,1,1,1
2,42,29,0.06856440752744675,1,0,6,3,2,5,0,5,0,1,1,1
2,42,30,0.001139923231676221,1,0,6,3,2,6,0,5,0,1,1,1
2,42,32,0.000797690125182271,1,0,6,4,2,2,0,2,0,1,1,1
2,42,37,0.0014087536837905645,1,0,6,5,2,2,0,2,0,2,1,2
2,42,39,0.006977058481425047,1,0,6,5,2,4,0,4,0,2,1,2
2,42,40,0.7428827285766602,1,0,6,5,2,5,0,5,0,2,1,2
2,42,43,0.02683970518410206,1,1,6,6,2,3,0,0,0,0,1,1
2,42,44,0.07361607998609543,1,1,6,6,2,4,0,0,0,0,1,1
2,42,46,0.011480030603706837,1,1,6,6,2,6,0,0,0,0,1,1
2,42,47,0.0004883205401711166,1,2,6,7,2,0,0,0,0,0,1,4
2,45,2,1.1991589417448267e-05,1,0,6,3,5,2,0,1,0,1,1,1
2,45,3,0.0023272749967873096,1,0,6,3,5,3,0,1,0,1,1,1
2,45,4,0.002173782791942358,1,0,6,3,5,4,0,1,0,1,1,1
2,45,10,0.04115862026810646,1,0,6,3,5,4,0,2,0,1,1,1
2,45,11,0.0040518613532185555,1,0,6,3,5,5,0,2,0,1,1,1
2,45,12,0.0002931577619165182,1,0,6,3,5,6,0,2,0,1,1,1
2,45,15,0.010658093728125095,1,0,6,3,5,3,0,3,0,1,1,1
2,45,16,0.008674665354192257,1,0,6,3,5,4,0,3,0,1,1,1
2,45,18,0.0028453359846025705,1,0,6,3,5,6,0,3,0,1,1,1
2,45,20,0.00033157056896016,1,0,6,3,5,2,0,4,0,1,1,1
2,45,24,0.00026018774951808155,1,0,6,3,5,6,0,4,0,1,1,1
2,45,25,0.0018062409944832325,1,0,6,3,5,1,0,5,0,1,1,1
2,45,26,0.0015387331368401647,1,0,6,3,5,2,0,5,0,1,1,1
2,45,28,0.011611014604568481,1,0,6,3,5,4,0,5,0,1,1,1
2,45,29,0.028332198038697243,1,0,6,3,5,5,0,5,0,1,1,1
2,45,30,0.0017768263351172209,1,0,6,3,5,6,0,5,0,1,1,1
2,45,32,0.0013910196721553802,1,0,6,4,5,2,0,2,0,1,1,1
2,45,37,0.002089751185849309,1,0,6,5,5,2,0,2,0,2,1,2
2,45,39,0.012814559042453766,1,0,6,5,5,4,0,4,0,2,1,2
2,45,40,0.7555301189422607,1,0,6,5,5,5,0,5,0,2,1,2
2,45,43,0.00732625974342227,1,1,6,6,5,3,0,0,0,0,1,1
2,45,44,0.09807728976011276,1,1,6,6,5,4,0,0,0,0,1,1
2,45,46,0.004499461036175489,1,1,6,6,5,6,0,0,0,0,1,1
2,45,47,0.0004200924886390567,1,2,6,7,5,0,0,0,0,0,1,4
3,2,0,3.4085874176525977e-06,0,0,3,1,2,0,1,0,1,2,1,4
3,2,1,0.008494513109326363,0,0,3,3,2,1,1,1,1,1,1,1
3,2,5,0.5214495062828064,0,0,3,3,2,5,1,1,1,1,1,1
3,2,6,0.020688408985733986,0,0,3,3,2,6,1,1,1,1,1,1
3,2,7,0.017975270748138428,0,0,3,3,2,1,1,2,1,1,1,1
3,2,8,0.16109827160835266,0,0,3,3,2,2,1,2,1,1,1,1
3,2,9,0.1623157411813736,0,0,3,3,2,3,1,2,1,1,1,1
3,2,13,0.0023472909815609455,0,0,3,3,2,1,1,3,1,1,1,1
3,2,14,0.014451975002884865,0,0,3,3,2,2,1,3,1,1,1,1
3,2,17,0.02279665321111679,0,0,3,3,2,5,1,3,1,1,1,1
3,2,19,0.002606520662084222,0,0,3,3,2,1,1,4,1,1,1,1
3,2,21,0.003895672271028161,0,0,3,3,2,3,1,4,1,1,1,1
3,2,22,0.002353645395487547,0,0,3,3,2,4,1,4,1,1,1,1
3,2,23,0.009166593663394451,0,0,3,3,2,5,1,4,1,1,1,1
3,2,27,0.007329230196774006,0,0,3,3,2,3,1,5,1,1,1,1
3,2,31,0.009391033090651035,0,0,3,4,2,1,1,1,1,1,1,1
3,2,33,0.00389640755020082,0,0,3,4,2,3,1,3,1,1,1,1
3,2,34,0.0024659838527441025,0,0,3,4,2,4,1,4,1,1,1,1
3,2,35,0.0062754894606769085,0,0,3,4,2,5,1,5,1,1,1,1
3,2,36,0.0009991200640797615,0,0,3,5,2,1,1,1,1,2,1,2
3,2,38,0.0001682703586993739,0,0,3,5,2,3,1,3,1,2,1,2
3,2,41,0.0022748808842152357,0,1,3,6,2,1,1,0,1,0,1,1
3,2,42,0.008771175518631935,0,1,3,6,2,2,1,0,1,0,1,1
3,2,45,0.008784934878349304,0,1,3,6,2,5,1,0,1,0,1,1
3,3,0,0.00012860227434430271,0,0,3,1,3,0,1,0,1,2,1,4
3,3,1,0.0012282844400033355,0,0,3,3,3,1,1,1,1,1,1,1
3,3,5,0.7137957215309143,0,0,3,3,3,5,1,1,1,1,1,1
3,3,6,0.026731468737125397,0,0,3,3,3,6,1,1,1,1,1,1
3,3,7,0.002312353579327464,0,0,3,3,3,1,1,2,1,1,1,1
3,3,8,0.05953569337725639,0,0,3,3,3,2,1,2,1,1,1,1
3,3,9,0.030870357528328896,0,0,3,3,3,3,1,2,1,1,1,1
3,3,13,0.0011085200821980834,0,0,3,3,3,1,1,3,1,1,1,1
3,3,14,0.005916113033890724,0,0,3,3,3,2,1,3,1,1,1,1
3,3,17,0.08962210267782211,0,0,3,3,3,5,1,3,1,1,1,1
3,3,19,0.0006282985559664667,0,0,3,3,3,1,1,4,1,1,1,1
3,3,21,0.001950835227034986,0,0,3,3,3,3,1,4,1,1,1,1
3,3,22,0.0007851733244024217,0,0,3,3,3,4,1,4,1,1,1,1
3,3,23,0.021718040108680725,0,0,3,3,3,5,1,4,1,1,1,1
3,3,27,0.0051023527048528194,0,0,3,3,3,3,1,5,1,1,1,1
3,3,31,0.0013794967671856284,0,0,3,4,3,1,1,1,1,1,1,1
3,3,33,0.002211023820564151,0,0,3,4,3,3,1,3,1,1,1,1
3,3,34,0.000874872668646276,0,0,3,4,3,4,1,4,1,1,1,1
3,3,35,0.009604524821043015,0,0,3,4,3,5,1,5,1,1,1,1
3,3,36,0.0002192128886235878,0,0,3,5,3,1,1,1,1,2,1,2
3,3,38,7.672494575672317e-06,0,0,3,5,3,3,1,3,1,2,1,2
3,3,41,0.006432575639337301,0,1,3,6,3,1,1,0,1,0,1,1
3,3,42,0.011102982796728611,0,1,3,6,3,2,1,0,1,0,1,1
3,3,45,0.006733611226081848,0,1,3,6,3,5,1,0,1,0,1,1
3,4,0,0.00045756183681078255,0,0,3,1,4,0,1,0,1,2,1,4
3,4,1,0.018940037116408348,0,0,3,3,4,1,1,1,1,1,1,1
3,4,5,0.3867165148258209,0,0,3,3,4,5,1,1,1,1,1,1
3,4,6,0.04963618144392967,0,0,3,3,4,6,1,1,1,1,1,1
3,4,7,0.01747553050518036,0,0,3,3,4,1,1,2,1,1,1,1
3,4,8,0.08101801574230194,0,0,3,3,4,2,1,2,1,1,1,1
3,4,9,0.20270103216171265,0,0,3,3,4,3,1,2,1,1,1,1
3,4,13,0.007856207899749279,0,0,3,3,4,1,1,3,1,1,1,1
3,4,14,0.023211769759655,0,0,3,3,4,2,1,3,1,1,1,1
3,4,17,0.04721660539507866,0,0,3,3,4,5,1,3,1,1,1,1
3,4,19,0.005946558900177479,0,0,3,3,4,1,1,4,1,1,1,1
3,4,21,0.014971407130360603,0,0,3,3,4,3,1,4,1,1,1,1
3,4,22,0.003665566211566329,0,0,3,3,4,4,1,4,1,1,1,1
3,4,23,0.016891898587346077,0,0,3,3,4,5,1,4,1,1,1,1
3,4,27,0.03215038776397705,0,0,3,3,4,3,1,5,1,1,1,1
3,4,31,0.013287605717778206,0,0,3,4,4,1,1,1,1,1,1,1
3,4,33,0.02344462089240551,0,0,3,4,4,3,1,3,1,1,1,1
3,4,34,0.0018511126982048154,0,0,3,4,4,4,1,4,1,1,1,1
3,4,35,0.011955833062529564,0,0,3,4,4,5,1,5,1,1,1,1
3,4,36,0.0068941968493163586,0,0,3,5,4,1,1,1,1,2,1,2
3,4,38,0.0021864990703761578,0,0,3,5,4,3,1,3,1,2,1,2
3,4,41,0.011963171884417534,0,1,3,6,4,1,1,0,1,0,1,1
3,4,42,0.01054916437715292,0,1,3,6,4,2,1,0,1,0,1,1
3,4,45,0.009012212045490742,0,1,3,6,4,5,1,0,1,0,1,1
3,10,0,0.0022014151327311993,0,0,3,1,4,0,2,0,1,2,1,4
3,10,1,7.75680600781925e-05,0,0,3,3,4,1,2,1,1,1,1,1
3,10,5,0.002886488102376461,0,0,3,3,4,5,2,1,1,1,1,1
3,10,6,0.0014734554570168257,0,0,3,3,4,6,2,1,1,1,1,1
3,10,7,0.000618384568952024,0,0,3,3,4,1,2,2,1,1,1,1
3,10,8,3.797970566665754e-05,0,0,3,3,4,2,2,2,1,1,1,1
3,10,9,0.00020440826483536512,0,0,3,3,4,3,2,2,1,1,1,1
3,10,13,2.3454116671928205e-05,0,0,3,3,4,1,2,3,1,1,1,1
3,10,14,6.541336915688589e-05,0,0,3,3,4,2,2,3,1,1,1,1
3,10,17,0.00013008489622734487,0,0,3,3,4,5,2,3,1,1,1,1
3,10,19,5.038390736444853e-05,0,0,3,3,4,1,2,4,1,1,1,1
3,10,21,3.065112105105072e-05,0,0,3,3,4,3,2,4,1,1,1,1
3,10,22,7.990402991708834e-06,0,0,3,3,4,4,2,4,1,1,1,1
3,10,23,1.2939548469148576e-05,0,0,3,3,4,5,2,4,1,1,1,1
3,10,27,0.00010917090548900887,0,0,3,3,4,3,2,5,1,1,1,1
3,10,31,0.005657024681568146,0,0,3,4,4,1,2,1,1,1,1,1
3,10,33,0.00023103026614990085,0,0,3,4,4,3,2,3,1,1,1,1
3,10,34,2.725642298173625e-05,0,0,3,4,4,4,2,4,1,1,1,1
3,10,35,0.0001435201265849173,0,0,3,4,4,5,2,5,1,1,1,1
3,10,36,0.00830189697444439,0,0,3,5,4,1,2,1,1,2,1,2
3,10,38,8.300033368868753e-05,0,0,3,5,4,3,2,3,1,2,1,2
3,10,41,0.968062162399292,0,1,3,6,4,1,2,0,1,0,1,1
3,10,42,0.006968178320676088,0,1,3,6,4,2,2,0,1,0,1,1
3,10,45,0.0025966588873416185,0,1,3,6,4,5,2,0,1,0,1,1
3,11,0,0.00040407886262983084,0,0,3,1,5,0,2,0,1,2,1,4
3,11,1,0.016221871599555016,0,0,3,3,5,1,2,1,1,1,1,1
3,11,5,0.2916579842567444,0,0,3,3,5,5,2,1,1,1,1,1
3,11,6,0.06655360758304596,0,0,3,3,5,6,2,1,1,1,1,1
3,11,7,0.017439205199480057,0,0,3,3,5,1,2,2,1,1,1,1
3,11,8,0.1769794225692749,0,0,3,3,5,2,2,2,1,1,1,1
3,11,9,0.26279425621032715,0,0,3,3,5,3,2,2,1,1,1,1
3,11,13,0.013074647635221481,0,0,3,3,5,1,2,3,1,1,1,1
3,11,14,0.028181562200188637,0,0,3,3,5,2,2,3,1,1,1,1
3,11,17,0.0346398800611496,0,0,3,3,5,5,2,3,1,1,1,1
3,11,19,0.006258522160351276,0,0,3,3,5,1,2,4,1,1,1,1
3,11,21,0.0031358604319393635,0,0,3,3,5,3,2,4,1,1,1,1
3,11,22,0.001408425159752369,0,0,3,3,5,4,2,4,1,1,1,1
3,11,23,0.003234195988625288,0,0,3,3,5,5,2,4,1,1,1,1
3,11,27,0.0036600411403924227,0,0,3,3,5,3,2,5,1,1,1,1
3,11,31,0.016989458352327347,0,0,3,4,5,1,2,1,1,1,1,1
3,11,33,0.013062800280749798,0,0,3,4,5,3,2,3,1,1,1,1
3,11,34,0.0024806649889796972,0,0,3,4,5,4,2,4,1,1,1,1
3,11,35,0.002240451518446207,0,0,3,4,5,5,2,5,1,1,1,1
3,11,36,0.024386543780565262,0,0,3,5,5,1,2,1,1,2,1,2
3,11,38,0.012864246033132076,0,0,3,5,5,3,2,3,1,2,1,2
3,11,41,0.0004512026207521558,0,1,3,6,5,1,2,0,1,0,1,1
3,11,42,0.0003679321671370417,0,1,3,6,5,2,2,0,1,0,1,1
3,11,45,0.0015131727559491992,0,1,3,6,5,5,2,0,1,0,1,1
3,12,0,0.005096605978906155,0,0,3,1,6,0,2,0,1,2,1,4
3,12,1,0.014743507839739323,0,0,3,3,6,1,2,1,1,1,1,1
3,12,5,0.4396348297595978,0,0,3,3,6,5,2,1,1,1,1,1
3,12,6,0.17323395609855652,0,0,3,3,6,6,2,1,1,1,1,1
3,12,7,0.013300202786922455,0,0,3,3,6,1,2,2,1,1,1,1
3,12,8,0.023465031757950783,0,0,3,3,6,2,2,2,1,1,1,1
3,12,9,0.005940702743828297,0,0,3,3,6,3,2,2,1,1,1,1
3,12,13,0.010345603339374065,0,0,3,3,6,1,2,3,1,1,1,1
3,12,14,0.01670754700899124,0,0,3,3,6,2,2,3,1,1,1,1
3,12,17,0.07950123399496078,0,0,3,3,6,5,2,3,1,1,1,1
3,12,19,0.00765017606317997,0,0,3,3,6,1,2,4,1,1,1,1
3,12,21,0.0018000253476202488,0,0,3,3,6,3,2,4,1,1,1,1
3,12,22,0.0006436786497943103,0,0,3,3,6,4,2,4,1,1,1,1
3,12,23,0.014044495299458504,0,0,3,3,6,5,2,4,1,1,1,1
3,12,27,0.0006457411800511181,0,0,3,3,6,3,2,5,1,1,1,1
3,12,31,0.06408844143152237,0,0,3,4,6,1,2,1,1,1,1,1
3,12,33,0.004915527068078518,0,0,3,4,6,3,2,3,1,1,1,1
3,12,34,0.0015873605152592063,0,0,3,4,6,4,2,4,1,1,1,1
3,12,35,0.0018724862020462751,0,0,3,4,6,5,2,5,1,1,1,1
3,12,36,0.07618355005979538,0,0,3,5,6,1,2,1,1,2,1,2
3,12,38,0.0016155499033629894,0,0,3,5,6,3,2,3,1,2,1,2
3,12,41,0.03234223648905754,0,1,3,6,6,1,2,0,1,0,1,1
3,12,42,0.004173703957349062,0,1,3,6,6,2,2,0,1,0,1,1
3,12,45,0.006467757746577263,0,1,3,6,6,5,2,0,1,0,1,1
3,15,0,0.0011610544752329588,0,0,3,1,3,0,3,0,1,2,1,4
3,15,1,0.0108961071819067,0,0,3,3,3,1,3,1,1,1,1,1
3,15,5,0.5406697988510132,0,0,3,3,3,5,3,1,1,1,1,1
3,15,6,0.11678042262792587,0,0,3,3,3,6,3,1,1,1,1,1
3,15,7,0.008608014322817326,0,0,3,3,3,1,3,2,1,1,1,1
3,15,8,0.025283513590693474,0,0,3,3,3,2,3,2,1,1,1,1
3,15,9,0.030838163569569588,0,0,3,3,3,3,3,2,1,1,1,1
3,15,13,0.005292919930070639,0,0,3,3,3,1,3,3,1,1,1,1
3,15,14,0.01247850339859724,0,0,3,3,3,2,3,3,1,1,1,1
3,15,17,0.16977746784687042,0,0,3,3,3,5,3,3,1,1,1,1
3,15,19,0.0035995563957840204,0,0,3,3,3,1,3,4,1,1,1,1
3,15,21,0.0035653566010296345,0,0,3,3,3,3,3,4,1,1,1,1
3,15,22,0.0009126995573751628,0,0,3,3,3,4,3,4,1,1,1,1
3,15,23,0.009076850488781929,0,0,3,3,3,5,3,4,1,1,1,1
3,15,27,0.0036335873883217573,0,0,3,3,3,3,3,5,1,1,1,1
3,15,31,0.011225354857742786,0,0,3,4,3,1,3,1,1,1,1,1
3,15,33,0.00784545112401247,0,0,3,4,3,3,3,3,1,1,1,1
3,15,34,0.0007693121442571282,0,0,3,4,3,4,3,4,1,1,1,1
3,15,35,0.0050956327468156815,0,0,3,4,3,5,3,5,1,1,1,1
3,15,36,0.0022530548740178347,0,0,3,5,3,1,3,1,1,2,1,2
3,15,38,0.00013329180364962667,0,0,3,5,3,3,3,3,1,2,1,2
3,15,41,0.015572046861052513,0,1,3,6,3,1,3,0,1,0,1,1
3,15,42,0.004505449440330267,0,1,3,6,3,2,3,0,1,0,1,1
3,15,45,0.010026269592344761,0,1,3,6,3,5,3,0,1,0,1,1
3,16,0,0.005419913213700056,0,0,3,1,4,0,3,0,1,2,1,4
3,16,1,0.04830962046980858,0,0,3,3,4,1,3,1,1,1,1,1
3,16,5,0.22549869120121002,0,0,3,3,4,5,3,1,1,1,1,1
3,16,6,0.09247361123561859,0,0,3,3,4,6,3,1,1,1,1,1
3,16,7,0.03836546093225479,0,0,3,3,4,1,3,2,1,1,1,1
3,16,8,0.024127939715981483,0,0,3,3,4,2,3,2,1,1,1,1
3,16,9,0.11791495233774185,0,0,3,3,4,3,3,2,1,1,1,1
3,16,13,0.036742329597473145,0,0,3,3,4,1,3,3,1,1,1,1
3,16,14,0.04969038814306259,0,0,3,3,4,2,3,3,1,1,1,1
3,16,17,0.07768373936414719,0,0,3,3,4,5,3,3,1,1,1,1
3,16,19,0.012128463014960289,0,0,3,3,4,1,3,4,1,1,1,1
3,16,21,0.00878817867487669,0,0,3,3,4,3,3,4,1,1,1,1
3,16,22,0.002728244522586465,0,0,3,3,4,4,3,4,1,1,1,1
3,16,23,0.003559918375685811,0,0,3,3,4,5,3,4,1,1,1,1
3,16,27,0.013750600628554821,0,0,3,3,4,3,3,5,1,1,1,1
3,16,31,0.0625409409403801,0,0,3,4,4,1,3,1,1,1,1,1
3,16,33,0.08165838569402695,0,0,3,4,4,3,3,3,1,1,1,1
3,16,34,0.002451664535328746,0,0,3,4,4,4,3,4,1,1,1,1
3,16,35,0.007874847389757633,0,0,3,4,4,5,3,5,1,1,1,1
3,16,36,0.04504930600523949,0,0,3,5,4,1,3,1,1,2,1,2
3,16,38,0.012649985030293465,0,0,3,5,4,3,3,3,1,2,1,2
3,16,41,0.019689850509166718,0,1,3,6,4,1,3,0,1,0,1,1
3,16,42,0.001666584867052734,0,1,3,6,4,2,3,0,1,0,1,1
3,16,45,0.00923652108758688,0,1,3,6,4,5,3,0,1,0,1,1
3,18,0,0.010969617404043674,0,0,3,1,6,0,3,0,1,2,1,4
3,18,1,0.013079841621220112,0,0,3,3,6,1,3,1,1,1,1,1
3,18,5,0.23754951357841492,0,0,3,3,6,5,3,1,1,1,1,1
3,18,6,0.06654858589172363,0,0,3,3,6,6,3,1,1,1,1,1
3,18,7,0.016360793262720108,0,0,3,3,6,1,3,2,1,1,1,1
3,18,8,0.026034876704216003,0,0,3,3,6,2,3,2,1,1,1,1
3,18,9,0.03899805620312691,0,0,3,3,6,3,3,2,1,1,1,1
3,18,13,0.004078167490661144,0,0,3,3,6,1,3,3,1,1,1,1
3,18,14,0.006192757748067379,0,0,3,3,6,2,3,3,1,1,1,1
3,18,17,0.04701624810695648,0,0,3,3,6,5,3,3,1,1,1,1
3,18,19,0.002427025232464075,0,0,3,3,6,1,3,4,1,1,1,1
3,18,21,0.005129887256771326,0,0,3,3,6,3,3,4,1,1,1,1
3,18,22,0.0017277976730838418,0,0,3,3,6,4,3,4,1,1,1,1
3,18,23,0.0038486081175506115,0,0,3,3,6,5,3,4,1,1,1,1
3,18,27,0.005560578312724829,0,0,3,3,6,3,3,5,1,1,1,1
3,18,31,0.010472065769135952,0,0,3,4,6,1,3,1,1,1,1,1
3,18,33,0.007502797059714794,0,0,3,4,6,3,3,3,1,1,1,1
3,18,34,0.0016644622664898634,0,0,3,4,6,4,3,4,1,1,1,1
3,18,35,0.015270283445715904,0,0,3,4,6,5,3,5,1,1,1,1
3,18,36,0.005845541600137949,0,0,3,5,6,1,3,1,1,2,1,2
3,18,38,0.002075579483062029,0,0,3,5,6,3,3,3,1,2,1,2
3,18,41,0.22989508509635925,0,1,3,6,6,1,3,0,1,0,1,1
3,18,42,0.059184730052948,0,1,3,6,6,2,3,0,1,0,1,1
3,18,45,0.18256737291812897,0,1,3,6,6,5,3,0,1,0,1,1
3,20,0,2.253128059237497e-06,0,0,3,1,2,0,4,0,1,2,1,4
3,20,1,0.014003444463014603,0,0,3,3,2,1,4,1,1,1,1,1
3,20,5,0.2544778883457184,0,0,3,3,2,5,4,1,1,1,1,1
3,20,6,0.005848128814250231,0,0,3,3,2,6,4,1,1,1,1,1
3,20,7,0.00599521491676569,0,0,3,3,2,1,4,2,1,1,1,1
3,20,8,0.1408354938030243,0,0,3,3,2,2,4,2,1,1,1,1
3,20,9,0.4695751368999481,0,0,3,3,2,3,4,2,1,1,1,1
3,20,13,0.00176390225533396,0,0,3,3,2,1,4,3,1,1,1,1
3,20,14,0.009237800724804401,0,0,3,3,2,2,4,3,1,1,1,1
3,20,17,0.02344728820025921,0,0,3,3,2,5,4,3,1,1,1,1
3,20,19,0.000947911583352834,0,0,3,3,2,1,4,4,1,1,1,1
3,20,21,0.005442194640636444,0,0,3,3,2,3,4,4,1,1,1,1
3,20,22,0.0012482658494263887,0,0,3,3,2,4,4,4,1,1,1,1
3,20,23,0.003714215010404587,0,0,3,3,2,5,4,4,1,1,1,1
3,20,27,0.03106878697872162,0,0,3,3,2,3,4,5,1,1,1,1
3,20,31,0.0005600907024927437,0,0,3,4,2,1,4,1,1,1,1,1
3,20,33,0.005500699859112501,0,0,3,4,2,3,4,3,1,1,1,1
3,20,34,0.0004201301489956677,0,0,3,4,2,4,4,4,1,1,1,1
3,20,35,0.013075471855700016,0,0,3,4,2,5,4,5,1,1,1,1
3,20,36,9.049951040651649e-05,0,0,3,5,2,1,4,1,1,2,1,2
3,20,38,0.00011439732770668343,0,0,3,5,2,3,4,3,1,2,1,2
3,20,41,0.00013279716949909925,0,1,3,6,2,1,4,0,1,0,1,1
3,20,42,0.0023530100006610155,0,1,3,6,2,2,4,0,1,0,1,1
3,20,45,0.010145278647542,0,1,3,6,2,5,4,0,1,0,1,1
3,24,0,9.206965478369966e-05,0,0,3,1,6,0,4,0,1,2,1,4
3,24,1,0.01178121566772461,0,0,3,3,6,1,4,1,1,1,1,1
3,24,5,0.30394256114959717,0,0,3,3,6,5,4,1,1,1,1,1
3,24,6,0.01736459694802761,0,0,3,3,6,6,4,1,1,1,1,1
3,24,7,0.010421106591820717,0,0,3,3,6,1,4,2,1,1,1,1
3,24,8,0.2713683247566223,0,0,3,3,6,2,4,2,1,1,1,1
3,24,9,0.18398374319076538,0,0,3,3,6,3,4,2,1,1,1,1
3,24,13,0.004772749729454517,0,0,3,3,6,1,4,3,1,1,1,1
3,24,14,0.017327426001429558,0,0,3,3,6,2,4,3,1,1,1,1
3,24,17,0.02854497730731964,0,0,3,3,6,5,4,3,1,1,1,1
3,24,19,0.0018246009713038802,0,0,3,3,6,1,4,4,1,1,1,1
3,24,21,0.004878051578998566,0,0,3,3,6,3,4,4,1,1,1,1
3,24,22,0.002120006363838911,0,0,3,3,6,4,4,4,1,1,1,1
3,24,23,0.0027367069851607084,0,0,3,3,6,5,4,4,1,1,1,1
3,24,27,0.00876525603234768,0,0,3,3,6,3,4,5,1,1,1,1
3,24,31,0.0033928926568478346,0,0,3,4,6,1,4,1,1,1,1,1
3,24,33,0.01059827022254467,0,0,3,4,6,3,4,3,1,1,1,1
3,24,34,0.0012388569302856922,0,0,3,4,6,4,4,4,1,1,1,1
3,24,35,0.013045670464634895,0,0,3,4,6,5,4,5,1,1,1,1
3,24,36,0.002978652250021696,0,0,3,5,6,1,4,1,1,2,1,2
3,24,38,0.029812242835760117,0,0,3,5,6,3,4,3,1,2,1,2
3,24,41,0.0018773418851196766,0,1,3,6,6,1,4,0,1,0,1,1
3,24,42,0.010772716253995895,0,1,3,6,6,2,4,0,1,0,1,1
3,24,45,0.05635970085859299,0,1,3,6,6,5,4,0,1,0,1,1
3,25,0,1.1597257980611175e-06,0,0,3,1,1,0,5,0,1,2,1,4
3,25,1,0.0014504198916256428,0,0,3,3,1,1,5,1,1,1,1,1
3,25,5,0.8061553835868835,0,0,3,3,1,5,5,1,1,1,1,1
3,25,6,0.02596879191696644,0,0,3,3,1,6,5,1,1,1,1,1
3,25,7,0.0022158490028232336,0,0,3,3,1,1,5,2,1,1,1,1
3,25,8,0.023559460416436195,0,0,3,3,1,2,5,2,1,1,1,1
3,25,9,0.08477409929037094,0,0,3,3,1,3,5,2,1,1,1,1
3,25,13,0.00033783630351535976,0,0,3,3,1,1,5,3,1,1,1,1
3,25,14,0.005518896039575338,0,0,3,3,1,2,5,3,1,1,1,1
3,25,17,0.04365693777799606,0,0,3,3,1,5,5,3,1,1,1,1
3,25,19,0.00027338144718669355,0,0,3,3,1,1,5,4,1,1,1,1
3,25,21,0.0001758999133016914,0,0,3,3,1,3,5,4,1,1,1,1
3,25,22,2.8064845537301153e-05,0,0,3,3,1,4,5,4,1,1,1,1
3,25,23,0.0001880888157756999,0,0,3,3,1,5,5,4,1,1,1,1
3,25,27,0.0007027274114079773,0,0,3,3,1,3,5,5,1,1,1,1
3,25,31,0.002026835223659873,0,0,3,4,1,1,5,1,1,1,1,1
3,25,33,0.0009989449754357338,0,0,3,4,1,3,5,3,1,1,1,1
3,25,34,4.045478272018954e-05,0,0,3,4,1,4,5,4,1,1,1,1
3,25,35,0.00046765958541072905,0,0,3,4,1,5,5,5,1,1,1,1
3,25,36,0.00014212922542355955,0,0,3,5,1,1,5,1,1,2,1,2
3,25,38,3.6127373732597334e-06,0,0,3,5,1,3,5,3,1,2,1,2
3,25,41,0.0003212024748791009,0,1,3,6,1,1,5,0,1,0,1,1
3,25,42,0.00011223312321817502,0,1,3,6,1,2,5,0,1,0,1,1
3,25,45,0.0008797398768365383,0,1,3,6,1,5,5,0,1,0,1,1
3,26,0,3.05647226923611e-05,0,0,3,1,2,0,5,0,1,2,1,4
3,26,1,0.03188599646091461,0,0,3,3,2,1,5,1,1,1,1,1
3,26,5,0.32788053154945374,0,0,3,3,2,5,5,1,1,1,1,1
3,26,6,0.04299712926149368,0,0,3,3,2,6,5,1,1,1,1,1
3,26,7,0.018612565472722054,0,0,3,3,2,1,5,2,1,1,1,1
3,26,8,0.08181579411029816,0,0,3,3,2,2,5,2,1,1,1,1
3,26,9,0.440172404050827,0,0,3,3,2,3,5,2,1,1,1,1
3,26,13,0.004443093668669462,0,0,3,3,2,1,5,3,1,1,1,1
3,26,14,0.0077306125313043594,0,0,3,3,2,2,5,3,1,1,1,1
3,26,17,0.017079642042517662,0,0,3,3,2,5,5,3,1,1,1,1
3,26,19,0.0021221961360424757,0,0,3,3,2,1,5,4,1,1,1,1
3,26,21,0.0013122230302542448,0,0,3,3,2,3,5,4,1,1,1,1
3,26,22,0.0002301716012880206,0,0,3,3,2,4,5,4,1,1,1,1
3,26,23,0.00102353619877249,0,0,3,3,2,5,5,4,1,1,1,1
3,26,27,0.00820131879299879,0,0,3,3,2,3,5,5,1,1,1,1
3,26,31,0.0036442438140511513,0,0,3,4,2,1,5,1,1,1,1,1
3,26,33,0.003830230562016368,0,0,3,4,2,3,5,3,1,1,1,1
3,26,34,0.000281287677353248,0,0,3,4,2,4,5,4,1,1,1,1
3,26,35,0.003223456209525466,0,0,3,4,2,5,5,5,1,1,1,1
3,26,36,0.0009613280999474227,0,0,3,5,2,1,5,1,1,2,1,2
3,26,38,0.00010011060658143833,0,0,3,5,2,3,5,3,1,2,1,2
3,26,41,0.0002772145380731672,0,1,3,6,2,1,5,0,1,0,1,1
3,26,42,0.0004555577179417014,0,1,3,6,2,2,5,0,1,0,1,1
3,26,45,0.0016886703670024872,0,1,3,6,2,5,5,0,1,0,1,1
3,28,0,0.0012925707269459963,0,0,3,1,4,0,5,0,1,2,1,4
3,28,1,0.019572295248508453,0,0,3,3,4,1,5,1,1,1,1,1
3,28,5,0.39718759059906006,0,0,3,3,4,5,5,1,1,1,1,1
3,28,6,0.0991295874118805,0,0,3,3,4,6,5,1,1,1,1,1
3,28,7,0.028253694996237755,0,0,3,3,4,1,5,2,1,1,1,1
3,28,8,0.07098949700593948,0,0,3,3,4,2,5,2,1,1,1,1
3,28,9,0.22127985954284668,0,0,3,3,4,3,5,2,1,1,1,1
3,28,13,0.0065877907909452915,0,0,3,3,4,1,5,3,1,1,1,1
3,28,14,0.012412764132022858,0,0,3,3,4,2,5,3,1,1,1,1
3,28,17,0.015830764546990395,0,0,3,3,4,5,5,3,1,1,1,1
3,28,19,0.0035301530733704567,0,0,3,3,4,1,5,4,1,1,1,1
3,28,21,0.0017930195899680257,0,0,3,3,4,3,5,4,1,1,1,1
3,28,22,0.0005143698654137552,0,0,3,3,4,4,5,4,1,1,1,1
3,28,23,0.0008027697913348675,0,0,3,3,4,5,5,4,1,1,1,1
3,28,27,0.00830389279872179,0,0,3,3,4,3,5,5,1,1,1,1
3,28,31,0.02094021812081337,0,0,3,4,4,1,5,1,1,1,1,1
3,28,33,0.008437542244791985,0,0,3,4,4,3,5,3,1,1,1,1
3,28,34,0.000994342495687306,0,0,3,4,4,4,5,4,1,1,1,1
3,28,35,0.0055605159141123295,0,0,3,4,4,5,5,5,1,1,1,1
3,28,36,0.014826218597590923,0,0,3,5,4,1,5,1,1,2,1,2
3,28,38,0.005080074537545443,0,0,3,5,4,3,5,3,1,2,1,2
3,28,41,0.027272604405879974,0,1,3,6,4,1,5,0,1,0,1,1
3,28,42,0.008446571417152882,0,1,3,6,4,2,5,0,1,0,1,1
3,28,45,0.02096116915345192,0,1,3,6,4,5,5,0,1,0,1,1
3,29,0,2.517663688195171e-06,0,0,3,1,5,0,5,0,1,2,1,4
3,29,1,0.0036224364303052425,0,0,3,3,5,1,5,1,1,1,1,1
3,29,5,0.22559422254562378,0,0,3,3,5,5,5,1,1,1,1,1
3,29,6,0.007737603038549423,0,0,3,3,5,6,5,1,1,1,1,1
3,29,7,0.0029678628779947758,0,0,3,3,5,1,5,2,1,1,1,1
3,29,8,0.36054617166519165,0,0,3,3,5,2,5,2,1,1,1,1
3,29,9,0.3571107089519501,0,0,3,3,5,3,5,2,1,1,1,1
3,29,13,0.0023343702778220177,0,0,3,3,5,1,5,3,1,1,1,1
3,29,14,0.014130440540611744,0,0,3,3,5,2,5,3,1,1,1,1
3,29,17,0.014189579524099827,0,0,3,3,5,5,5,3,1,1,1,1
3,29,19,0.0004770859086420387,0,0,3,3,5,1,5,4,1,1,1,1
3,29,21,0.0005332858418114483,0,0,3,3,5,3,5,4,1,1,1,1
3,29,22,0.0003077718720305711,0,0,3,3,5,4,5,4,1,1,1,1
3,29,23,0.0004322523600421846,0,0,3,3,5,5,5,4,1,1,1,1
3,29,27,0.002370105590671301,0,0,3,3,5,3,5,5,1,1,1,1
3,29,31,0.00038464870885945857,0,0,3,4,5,1,5,1,1,1,1,1
3,29,33,0.001656851265579462,0,0,3,4,5,3,5,3,1,1,1,1
3,29,34,0.000535688130185008,0,0,3,4,5,4,5,4,1,1,1,1
3,29,35,0.00201523769646883,0,0,3,4,5,5,5,5,1,1,1,1
3,29,36,0.00013731748913414776,0,0,3,5,5,1,5,1,1,2,1,2
3,29,38,0.0005251934635452926,0,0,3,5,5,3,5,3,1,2,1,2
3,29,41,1.1911248293472454e-05,0,1,3,6,5,1,5,0,1,0,1,1
3,29,42,0.00012275142944417894,0,1,3,6,5,2,5,0,1,0,1,1
3,29,45,0.0022543163504451513,0,1,3,6,5,5,5,0,1,0,1,1
3,30,0,0.0005548244807869196,0,0,3,1,6,0,5,0,1,2,1,4
3,30,1,0.01017333846539259,0,0,3,3,6,1,5,1,1,1,1,1
3,30,5,0.5164504051208496,0,0,3,3,6,5,5,1,1,1,1,1
3,30,6,0.06302597373723984,0,0,3,3,6,6,5,1,1,1,1,1
3,30,7,0.008772681467235088,0,0,3,3,6,1,5,2,1,1,1,1
3,30,8,0.04298141226172447,0,0,3,3,6,2,5,2,1,1,1,1
3,30,9,0.11026782542467117,0,0,3,3,6,3,5,2,1,1,1,1
3,30,13,0.0020346962846815586,0,0,3,3,6,1,5,3,1,1,1,1
3,30,14,0.009265698492527008,0,0,3,3,6,2,5,3,1,1,1,1
3,30,17,0.03178601339459419,0,0,3,3,6,5,5,3,1,1,1,1
3,30,19,0.0013396473368629813,0,0,3,3,6,1,5,4,1,1,1,1
3,30,21,0.0013039978221058846,0,0,3,3,6,3,5,4,1,1,1,1
3,30,22,0.000369193556252867,0,0,3,3,6,4,5,4,1,1,1,1
3,30,23,0.0005928017781116068,0,0,3,3,6,5,5,4,1,1,1,1
3,30,27,0.0062293424271047115,0,0,3,3,6,3,5,5,1,1,1,1
3,30,31,0.005969677120447159,0,0,3,4,6,1,5,1,1,1,1,1
3,30,33,0.004373396281152964,0,0,3,4,6,3,5,3,1,1,1,1
3,30,34,0.0008125145104713738,0,0,3,4,6,4,5,4,1,1,1,1
3,30,35,0.006702627055346966,0,0,3,4,6,5,5,5,1,1,1,1
3,30,36,0.0014377478510141373,0,0,3,5,6,1,5,1,1,2,1,2
3,30,38,0.0005084245931357145,0,0,3,5,6,3,5,3,1,2,1,2
3,30,41,0.02966046892106533,0,1,3,6,6,1,5,0,1,0,1,1
3,30,42,0.017443526536226273,0,1,3,6,6,2,5,0,1,0,1,1
3,30,45,0.12794376909732819,0,1,3,6,6,5,5,0,1,0,1,1
3,32,0,0.0001395753788528964,0,0,4,1,2,0,2,0,1,2,1,4
3,32,1,0.0755336582660675,0,0,4,3,2,1,2,1,1,1,1,1
3,32,5,0.3311668336391449,0,0,4,3,2,5,2,1,1,1,1,1
3,32,6,0.1522390991449356,0,0,4,3,2,6,2,1,1,1,1,1
3,32,7,0.0568598248064518,0,0,4,3,2,1,2,2,1,1,1,1
3,32,8,0.05494300276041031,0,0,4,3,2,2,2,2,1,1,1,1
3,32,9,0.016815774142742157,0,0,4,3,2,3,2,2,1,1,1,1
3,32,13,0.03547843173146248,0,0,4,3,2,1,2,3,1,1,1,1
3,32,14,0.04642907530069351,0,0,4,3,2,2,2,3,1,1,1,1
3,32,17,0.08111315220594406,0,0,4,3,2,5,2,3,1,1,1,1
3,32,19,0.019359571859240532,0,0,4,3,2,1,2,4,1,1,1,1
3,32,21,0.0014555680099874735,0,0,4,3,2,3,2,4,1,1,1,1
3,32,22,0.00041107332799583673,0,0,4,3,2,4,2,4,1,1,1,1
3,32,23,0.009239557199180126,0,0,4,3,2,5,2,4,1,1,1,1
3,32,27,0.0009821858257055283,0,0,4,3,2,3,2,5,1,1,1,1
3,32,31,0.07612742483615875,0,0,4,4,2,1,2,1,1,1,1,1
3,32,33,0.005698572378605604,0,0,4,4,2,3,2,3,1,1,1,1
3,32,34,0.0006083504413254559,0,0,4,4,2,4,2,4,1,1,1,1
3,32,35,0.0016569322906434536,0,0,4,4,2,5,2,5,1,1,1,1
3,32,36,0.03199474886059761,0,0,4,5,2,1,2,1,1,2,1,2
3,32,38,0.0005315790767781436,0,0,4,5,2,3,2,3,1,2,1,2
3,32,41,0.0005933428765274584,0,1,4,6,2,1,2,0,1,0,1,1
3,32,42,0.00020759009930770844,0,1,4,6,2,2,2,0,1,0,1,1
3,32,45,0.00041502757812850177,0,1,4,6,2,5,2,0,1,0,1,1
3,37,0,0.00025350763462483883,0,0,5,1,2,0,2,0,2,2,2,4
3,37,1,0.006492814049124718,0,0,5,3,2,1,2,1,2,1,2,1
3,37,5,0.008341812528669834,0,0,5,3,2,5,2,1,2,1,2,1
3,37,6,0.008532844483852386,0,0,5,3,2,6,2,1,2,1,2,1
3,37,7,0.02205924317240715,0,0,5,3,2,1,2,2,2,1,2,1
3,37,8,0.000454639142844826,0,0,5,3,2,2,2,2,2,1,2,1
3,37,9,0.0013636681251227856,0,0,5,3,2,3,2,2,2,1,2,1
3,37,13,0.0019541624933481216,0,0,5,3,2,1,2,3,2,1,2,1
3,37,14,0.002428669948130846,0,0,5,3,2,2,2,3,2,1,2,1
3,37,17,0.0014607387129217386,0,0,5,3,2,5,2,3,2,1,2,1
3,37,19,0.010243562050163746,0,0,5,3,2,1,2,4,2,1,2,1
3,37,21,0.0003676501219160855,0,0,5,3,2,3,2,4,2,1,2,1
3,37,22,0.0002616001293063164,0,0,5,3,2,4,2,4,2,1,2,1
3,37,23,0.0007436528103426099,0,0,5,3,2,5,2,4,2,1,2,1
3,37,27,0.00041632584179751575,0,0,5,3,2,3,2,5,2,1,2,1
3,37,31,0.4234391748905182,0,0,5,4,2,1,2,1,2,1,2,1
3,37,33,0.0035567404702305794,0,0,5,4,2,3,2,3,2,1,2,1
3,37,34,0.0013287959154695272,0,0,5,4,2,4,2,4,2,1,2,1
3,37,35,0.00029316393192857504,0,0,5,4,2,5,2,5,2,1,2,1
3,37,36,0.49925509095191956,0,0,5,5,2,1,2,1,2,2,2,2
3,37,38,0.0004760845040436834,0,0,5,5,2,3,2,3,2,2,2,2
3,37,41,0.0058769346214830875,0,1,5,6,2,1,2,0,2,0,2,1
3,37,42,0.0002772548177745193,0,1,5,6,2,2,2,0,2,0,2,1
3,37,45,0.0001219543773913756,0,1,5,6,2,5,2,0,2,0,2,1
3,39,0,0.0003890597145073116,0,0,5,1,4,0,4,0,2,2,2,4
3,39,1,0.01832319237291813,0,0,5,3,4,1,4,1,2,1,2,1
3,39,5,0.04354862496256828,0,0,5,3,4,5,4,1,2,1,2,1
3,39,6,0.009111246094107628,0,0,5,3,4,6,4,1,2,1,2,1
3,39,7,0.03349299728870392,0,0,5,3,4,1,4,2,2,1,2,1
3,39,8,0.08838003128767014,0,0,5,3,4,2,4,2,2,1,2,1
3,39,9,0.036132246255874634,0,0,5,3,4,3,4,2,2,1,2,1
3,39,13,0.014561695046722889,0,0,5,3,4,1,4,3,2,1,2,1
3,39,14,0.05829012021422386,0,0,5,3,4,2,4,3,2,1,2,1
3,39,17,0.05596717447042465,0,0,5,3,4,5,4,3,2,1,2,1
3,39,19,0.05023270100355148,0,0,5,3,4,1,4,4,2,1,2,1
3,39,21,0.045357637107372284,0,0,5,3,4,3,4,4,2,1,2,1
3,39,22,0.052425749599933624,0,0,5,3,4,4,4,4,2,1,2,1
3,39,23,0.22334106266498566,0,0,5,3,4,5,4,4,2,1,2,1
3,39,27,0.06968433409929276,0,0,5,3,4,3,4,5,2,1,2,1
3,39,31,0.033887095749378204,0,0,5,4,4,1,4,1,2,1,2,1
3,39,33,0.029876619577407837,0,0,5,4,4,3,4,3,2,1,2,1
3,39,34,0.03939775377511978,0,0,5,4,4,4,4,4,2,1,2,1
3,39,35,0.05575042590498924,0,0,5,4,4,5,4,5,2,1,2,1
3,39,36,0.02371145226061344,0,0,5,5,4,1,4,1,2,2,2,2
3,39,38,0.002854373073205352,0,0,5,5,4,3,4,3,2,2,2,2
3,39,41,0.0009413399966433644,0,1,5,6,4,1,4,0,2,0,2,1
3,39,42,0.011457676999270916,0,1,5,6,4,2,4,0,2,0,2,1
3,39,45,0.002885428024455905,0,1,5,6,4,5,4,0,2,0,2,1
3,40,0,0.0002465636935085058,0,0,5,1,5,0,5,0,2,2,2,4
3,40,1,0.05505893751978874,0,0,5,3,5,1,5,1,2,1,2,1
3,40,5,0.143808513879776,0,0,5,3,5,5,5,1,2,1,2,1
3,40,6,0.05335770174860954,0,0,5,3,5,6,5,1,2,1,2,1
3,40,7,0.062436141073703766,0,0,5,3,5,1,5,2,2,1,2,1
3,40,8,0.11758577078580856,0,0,5,3,5,2,5,2,2,1,2,1
3,40,9,0.21559567749500275,0,0,5,3,5,3,5,2,2,1,2,1
3,40,13,0.028711818158626556,0,0,5,3,5,1,5,3,2,1,2,1
3,40,14,0.058814141899347305,0,0,5,3,5,2,5,3,2,1,2,1
3,40,17,0.05573087930679321,0,0,5,3,5,5,5,3,2,1,2,1
3,40,19,0.04937203973531723,0,0,5,3,5,1,5,4,2,1,2,1
3,40,21,0.007780672982335091,0,0,5,3,5,3,5,4,2,1,2,1
3,40,22,0.006588295102119446,0,0,5,3,5,4,5,4,2,1,2,1
3,40,23,0.012593827210366726,0,0,5,3,5,5,5,4,2,1,2,1
3,40,27,0.02740953303873539,0,0,5,3,5,3,5,5,2,1,2,1
3,40,31,0.042249251157045364,0,0,5,4,5,1,5,1,2,1,2,1
3,40,33,0.019988752901554108,0,0,5,4,5,3,5,3,2,1,2,1
3,40,34,0.01125085074454546,0,0,5,4,5,4,5,4,2,1,2,1
3,40,35,0.010197700001299381,0,0,5,4,5,5,5,5,2,1,2,1
3,40,36,0.018491385504603386,0,0,5,5,5,1,5,1,2,2,2,2
3,40,38,0.0009617290925234556,0,0,5,5,5,3,5,3,2,2,2,2
3,40,41,0.00021298631327226758,0,1,5,6,5,1,5,0,2,0,2,1
3,40,42,0.0004286646726541221,0,1,5,6,5,2,5,0,2,0,2,1
3,40,45,0.0011280173202976584,0,1,5,6,5,5,5,0,2,0,2,1
3,43,0,2.7942920496570878e-05,1,0,6,1,3,0,0,0,0,2,1,4
3,43,1,0.0038188030011951923,1,0,6,3,3,1,0,1,0,1,1,1
3,43,5,0.03856582194566727,1,0,6,3,3,5,0,1,0,1,1,1
3,43,6,0.004946246277540922,1,0,6,3,3,6,0,1,0,1,1,1
3,43,7,0.011612128466367722,1,0,6,3,3,1,0,2,0,1,1,1
3,43,8,0.6936063170433044,1,0,6,3,3,2,0,2,0,1,1,1
3,43,9,0.11174780875444412,1,0,6,3,3,3,0,2,0,1,1,1
3,43,13,0.0010453526629135013,1,0,6,3,3,1,0,3,0,1,1,1
3,43,14,0.004571933764964342,1,0,6,3,3,2,0,3,0,1,1,1
3,43,17,0.028288420289754868,1,0,6,3,3,5,0,3,0,1,1,1
3,43,19,0.00048202837933786213,1,0,6,3,3,1,0,4,0,1,1,1
3,43,21,0.00577998673543334,1,0,6,3,3,3,0,4,0,1,1,1
3,43,22,0.0013930615969002247,1,0,6,3,3,4,0,4,0,1,1,1
3,43,23,0.019997572526335716,1,0,6,3,3,5,0,4,0,1,1,1
3,43,27,0.009059054777026176,1,0,6,3,3,3,0,5,0,1,1,1
3,43,31,5.028789382777177e-05,1,0,6,4,3,1,0,1,0,1,1,1
3,43,33,0.0002376941847614944,1,0,6,4,3,3,0,3,0,1,1,1
3,43,34,0.00033499146229587495,1,0,6,4,3,4,0,4,0,1,1,1
3,43,35,0.053355347365140915,1,0,6,4,3,5,0,5,0,1,1,1
3,43,36,6.53108781989431e-06,1,0,6,5,3,1,0,1,0,2,1,2
3,43,38,1.4115688827587292e-05,1,0,6,5,3,3,0,3,0,2,1,2
3,43,41,0.00010584734263829887,1,1,6,6,3,1,0,0,0,0,1,1
3,43,42,0.008109637536108494,1,1,6,6,3,2,0,0,0,0,1,1
3,43,45,0.0028435843996703625,1,1,6,6,3,5,0,0,0,0,1,1
3,44,0,0.01211108174175024,1,0,6,1,4,0,0,0,0,2,1,4
3,44,1,0.1629035770893097,1,0,6,3,4,1,0,1,0,1,1,1
3,44,5,0.025696707889437675,1,0,6,3,4,5,0,1,0,1,1,1
3,44,6,0.04184071347117424,1,0,6,3,4,6,0,1,0,1,1,1
3,44,7,0.13419334590435028,1,0,6,3,4,1,0,2,0,1,1,1
3,44,8,0.20756860077381134,1,0,6,3,4,2,0,2,0,1,1,1
3,44,9,0.08843407034873962,1,0,6,3,4,3,0,2,0,1,1,1
3,44,13,0.041018739342689514,1,0,6,3,4,1,0,3,0,1,1,1
3,44,14,0.020331434905529022,1,0,6,3,4,2,0,3,0,1,1,1
3,44,17,0.026957236230373383,1,0,6,3,4,5,0,3,0,1,1,1
3,44,19,0.016508037224411964,1,0,6,3,4,1,0,4,0,1,1,1
3,44,21,0.033443909138441086,1,0,6,3,4,3,0,4,0,1,1,1
3,44,22,0.007956787943840027,1,0,6,3,4,4,0,4,0,1,1,1
3,44,23,0.05297406017780304,1,0,6,3,4,5,0,4,0,1,1,1
3,44,27,0.02694721519947052,1,0,6,3,4,3,0,5,0,1,1,1
3,44,31,0.0036308346316218376,1,0,6,4,4,1,0,1,0,1,1,1
3,44,33,0.004879357758909464,1,0,6,4,4,3,0,3,0,1,1,1
3,44,34,0.0029911703895777464,1,0,6,4,4,4,0,4,0,1,1,1
3,44,35,0.061411645263433456,1,0,6,4,4,5,0,5,0,1,1,1
3,44,36,0.0032328031957149506,1,0,6,5,4,1,0,1,0,2,1,2
3,44,38,0.0033654742874205112,1,0,6,5,4,3,0,3,0,2,1,2
3,44,41,0.0027420627884566784,1,1,6,6,4,1,0,0,0,0,1,1
3,44,42,0.012057319283485413,1,1,6,6,4,2,0,0,0,0,1,1
3,44,45,0.0068039787001907825,1,1,6,6,4,5,0,0,0,0,1,1
3,46,0,3.576177959985216e-06,1,0,6,1,6,0,0,0,0,2,1,4
3,46,1,0.006512134801596403,1,0,6,3,6,1,0,1,0,1,1,1
3,46,5,0.006216190289705992,1,0,6,3,6,5,0,1,0,1,1,1
3,46,6,0.0012354702921584249,1,0,6,3,6,6,0,1,0,1,1,1
3,46,7,0.016379427164793015,1,0,6,3,6,1,0,2,0,1,1,1
3,46,8,0.8213203549385071,1,0,6,3,6,2,0,2,0,1,1,1
3,46,9,0.06537279486656189,1,0,6,3,6,3,0,2,0,1,1,1
3,46,13,0.006093804258853197,1,0,6,3,6,1,0,3,0,1,1,1
3,46,14,0.009525050409138203,1,0,6,3,6,2,0,3,0,1,1,1
3,46,17,0.010088528506457806,1,0,6,3,6,5,0,3,0,1,1,1
3,46,19,0.0008904985734261572,1,0,6,3,6,1,0,4,0,1,1,1
3,46,21,0.0032572338823229074,1,0,6,3,6,3,0,4,0,1,1,1
3,46,22,0.0023004573304206133,1,0,6,3,6,4,0,4,0,1,1,1
3,46,23,0.01929531618952751,1,0,6,3,6,5,0,4,0,1,1,1
3,46,27,0.004549606703221798,1,0,6,3,6,3,0,5,0,1,1,1
3,46,31,4.0672297473065555e-05,1,0,6,4,6,1,0,1,0,1,1,1
3,46,33,0.0003135519218631089,1,0,6,4,6,3,0,3,0,1,1,1
3,46,34,0.0007161234971135855,1,0,6,4,6,4,0,4,0,1,1,1
3,46,35,0.02558857388794422,1,0,6,4,6,5,0,5,0,1,1,1
3,46,36,6.4697087509557605e-06,1,0,6,5,6,1,0,1,0,2,1,2
3,46,38,3.032079075637739e-05,1,0,6,5,6,3,0,3,0,2,1,2
3,46,41,7.706396445428254e-07,1,1,6,6,6,1,0,0,0,0,1,1
3,46,42,0.0001618956302991137,1,1,6,6,6,2,0,0,0,0,1,1
3,46,45,0.00010069349082186818,1,1,6,6,6,5,0,0,0,0,1,1
3,47,0,2.6541218176134862e-05,2,0,7,1,0,0,0,0,0,2,4,4
3,47,1,0.002181089948862791,2,0,7,3,0,1,0,1,0,1,4,1
3,47,5,0.00365334446541965,2,0,7,3,0,5,0,1,0,1,4,1
3,47,6,0.0006081130704842508,2,0,7,3,0,6,0,1,0,1,4,1
3,47,7,0.033213917165994644,2,0,7,3,0,1,0,2,0,1,4,1
3,47,8,0.5541909337043762,2,0,7,3,0,2,0,2,0,1,4,1
3,47,9,0.06172315776348114,2,0,7,3,0,3,0,2,0,1,4,1
3,47,13,0.007890281267464161,2,0,7,3,0,1,0,3,0,1,4,1
3,47,14,0.032660532742738724,2,0,7,3,0,2,0,3,0,1,4,1
3,47,17,0.0035087387077510357,2,0,7,3,0,5,0,3,0,1,4,1
3,47,19,0.008166301064193249,2,0,7,3,0,1,0,4,0,1,4,1
3,47,21,0.017445003613829613,2,0,7,3,0,3,0,4,0,1,4,1
3,47,22,0.05461916700005531,2,0,7,3,0,4,0,4,0,1,4,1
3,47,23,0.06489922851324081,2,0,7,3,0,5,0,4,0,1,4,1
3,47,27,0.04702045023441315,2,0,7,3,0,3,0,5,0,1,4,1
3,47,31,0.0014877582434564829,2,0,7,4,0,1,0,1,0,1,4,1
3,47,33,0.0036043713334947824,2,0,7,4,0,3,0,3,0,1,4,1
3,47,34,0.025529297068715096,2,0,7,4,0,4,0,4,0,1,4,1
3,47,35,0.06667782366275787,2,0,7,4,0,5,0,5,0,1,4,1
3,47,36,0.0017950445180758834,2,0,7,5,0,1,0,1,0,2,4,2
3,47,38,0.006508161313831806,2,0,7,5,0,3,0,3,0,2,4,2
3,47,41,3.451127849984914e-05,2,1,7,6,0,1,0,0,0,0,4,1
3,47,42,0.002316294005140662,2,1,7,6,0,2,0,0,0,0,4,1
3,47,45,0.00023999682161957026,2,1,7,6,0,5,0,0,0,0,4,1
4,0,1,0.02001648023724556,0,0,1,3,0,1,0,1,2,1,4,1
4,0,4,0.009405181743204594,0,0,1,3,0,4,0,1,2,1,4,1
4,0,5,0.027333920821547508,0,0,1,3,0,5,0,1,2,1,4,1
4,0,6,0.003569758962839842,0,0,1,3,0,6,0,1,2,1,4,1
4,0,9,0.038988228887319565,0,0,1,3,0,3,0,2,2,1,4,1
4,0,10,0.012600991874933243,0,0,1,3,0,4,0,2,2,1,4,1
4,0,12,0.023704893887043,0,0,1,3,0,6,0,2,2,1,4,1
4,0,15,0.005052363034337759,0,0,1,3,0,3,0,3,2,1,4,1
4,0,18,0.015618099831044674,0,0,1,3,0,6,0,3,2,1,4,1
4,0,21,0.00833298172801733,0,0,1,3,0,3,0,4,2,1,4,1
4,0,23,0.02303902804851532,0,0,1,3,0,5,0,4,2,1,4,1
4,0,24,0.05042954161763191,0,0,1,3,0,6,0,4,2,1,4,1
4,0,25,0.01670699007809162,0,0,1,3,0,1,0,5,2,1,4,1
4,0,28,0.013837122358381748,0,0,1,3,0,4,0,5,2,1,4,1
4,0,30,0.01311417669057846,0,0,1,3,0,6,0,5,2,1,4,1
4,0,31,0.011301499791443348,0,0,1,4,0,1,0,1,2,1,4,1
4,0,34,0.04133482277393341,0,0,1,4,0,4,0,4,2,1,4,1
4,0,35,0.041228316724300385,0,0,1,4,0,5,0,5,2,1,4,1
4,0,36,0.03845638409256935,0,0,1,5,0,1,0,1,2,2,4,2
4,0,40,0.2718289792537689,0,0,1,5,0,5,0,5,2,2,4,2
4,0,42,0.08839698880910873,0,1,1,6,0,2,0,0,2,0,4,1
4,0,43,0.08324907720088959,0,1,1,6,0,3,0,0,2,0,4,1
4,0,46,0.06783134490251541,0,1,1,6,0,6,0,0,2,0,4,1
4,0,47,0.07462313026189804,0,2,1,7,0,0,0,0,2,0,4,4
4,2,1,0.06208125129342079,0,0,3,3,2,1,1,1,1,1,1,1
4,2,4,0.020692557096481323,0,0,3,3,2,4,1,1,1,1,1,1
4,2,5,0.0376611165702343,0,0,3,3,2,5,1,1,1,1,1,1
4,2,6,0.021684657782316208,0,0,3,3,2,6,1,1,1,1,1,1
4,2,9,0.04987446963787079,0,0,3,3,2,3,1,2,1,1,1,1
4,2,10,0.05167657509446144,0,0,3,3,2,4,1,2,1,1,1,1
4,2,12,0.03957424685359001,0,0,3,3,2,6,1,2,1,1,1,1
4,2,15,0.017120128497481346,0,0,3,3,2,3,1,3,1,1,1,1
4,2,18,0.046829722821712494,0,0,3,3,2,6,1,3,1,1,1,1
4,2,21,0.002744217636063695,0,0,3,3,2,3,1,4,1,1,1,1
4,2,23,0.008943266235291958,0,0,3,3,2,5,1,4,1,1,1,1
4,2,24,0.013909357599914074,0,0,3,3,2,6,1,4,1,1,1,1
4,2,25,0.00998637080192566,0,0,3,3,2,1,1,5,1,1,1,1
4,2,28,0.0032084828708320856,0,0,3,3,2,4,1,5,1,1,1,1
4,2,30,0.0032429227139800787,0,0,3,3,2,6,1,5,1,1,1,1
4,2,31,0.06301020085811615,0,0,3,4,2,1,1,1,1,1,1,1
4,2,34,0.07696814835071564,0,0,3,4,2,4,1,4,1,1,1,1
4,2,35,0.005606565158814192,0,0,3,4,2,5,1,5,1,1,1,1
4,2,36,0.07807597517967224,0,0,3,5,2,1,1,1,1,2,1,2
4,2,40,0.08615387976169586,0,0,3,5,2,5,1,5,1,2,1,2
4,2,42,0.163627490401268,0,1,3,6,2,2,1,0,1,0,1,1
4,2,43,0.06971737742424011,0,1,3,6,2,3,1,0,1,0,1,1
4,2,46,0.018267575651407242,0,1,3,6,2,6,1,0,1,0,1,1
4,2,47,0.04934348538517952,0,2,3,7,2,0,1,0,1,0,1,4
4,3,1,0.033063240349292755,0,0,3,3,3,1,1,1,1,1,1,1
4,3,4,0.016374649479985237,0,0,3,3,3,4,1,1,1,1,1,1
4,3,5,0.017414512112736702,0,0,3,3,3,5,1,1,1,1,1,1
4,3,6,0.014524186961352825,0,0,3,3,3,6,1,1,1,1,1,1
4,3,9,0.017735129222273827,0,0,3,3,3,3,1,2,1,1,1,1
4,3,10,0.06285709887742996,0,0,3,3,3,4,1,2,1,1,1,1
4,3,12,0.038777291774749756,0,0,3,3,3,6,1,2,1,1,1,1
4,3,15,0.03952086716890335,0,0,3,3,3,3,1,3,1,1,1,1
4,3,18,0.239685520529747,0,0,3,3,3,6,1,3,1,1,1,1
4,3,21,0.01616355963051319,0,0,3,3,3,3,1,4,1,1,1,1
4,3,23,0.04683445394039154,0,0,3,3,3,5,1,4,1,1,1,1
4,3,24,0.04889681935310364,0,0,3,3,3,6,1,4,1,1,1,1
4,3,25,0.04129207879304886,0,0,3,3,3,1,1,5,1,1,1,1
4,3,28,0.02220756933093071,0,0,3,3,3,4,1,5,1,1,1,1
4,3,30,0.0341978594660759,0,0,3,3,3,6,1,5,1,1,1,1
4,3,31,0.002643936313688755,0,0,3,4,3,1,1,1,1,1,1,1
4,3,34,0.027464285492897034,0,0,3,4,3,4,1,4,1,1,1,1
4,3,35,0.00800422765314579,0,0,3,4,3,5,1,5,1,1,1,1
4,3,36,0.005157805979251862,0,0,3,5,3,1,1,1,1,2,1,2
4,3,40,0.010694810189306736,0,0,3,5,3,5,1,5,1,2,1,2
4,3,42,0.13542070984840393,0,1,3,6,3,2,1,0,1,0,1,1
4,3,43,0.03980296105146408,0,1,3,6,3,3,1,0,1,0,1,1
4,3,46,0.060267411172389984,0,1,3,6,3,6,1,0,1,0,1,1
4,3,47,0.020998971536755562,0,2,3,7,3,0,1,0,1,0,1,4
4,7,1,0.0014487250009551644,0,0,3,3,1,1,2,1,1,1,1,1
4,7,4,0.0018697449704632163,0,0,3,3,1,4,2,1,1,1,1,1
4,7,5,0.008698241785168648,0,0,3,3,1,5,2,1,1,1,1,1
4,7,6,0.0037203500978648663,0,0,3,3,1,6,2,1,1,1,1,1
4,7,9,0.004247053526341915,0,0,3,3,1,3,2,2,1,1,1,1
4,7,10,0.018809285014867783,0,0,3,3,1,4,2,2,1,1,1,1
4,7,12,0.015508677810430527,0,0,3,3,1,6,2,2,1,1,1,1
4,7,15,0.002461709314957261,0,0,3,3,1,3,2,3,1,1,1,1
4,7,18,0.0046274298802018166,0,0,3,3,1,6,2,3,1,1,1,1
4,7,21,0.00018010340863838792,0,0,3,3,1,3,2,4,1,1,1,1
4,7,23,0.0012446354376152158,0,0,3,3,1,5,2,4,1,1,1,1
4,7,24,0.003661296796053648,0,0,3,3,1,6,2,4,1,1,1,1
4,7,25,0.012307449243962765,0,0,3,3,1,1,2,5,1,1,1,1
4,7,28,0.015123357065021992,0,0,3,3,1,4,2,5,1,1,1,1
4,7,30,0.006061828229576349,0,0,3,3,1,6,2,5,1,1,1,1
4,7,31,0.0008718953467905521,0,0,3,4,1,1,2,1,1,1,1,1
4,7,34,0.0008956388337537646,0,0,3,4,1,4,2,4,1,1,1,1
4,7,35,0.004244829993695021,0,0,3,4,1,5,2,5,1,1,1,1
4,7,36,0.04674249142408371,0,0,3,5,1,1,2,1,1,2,1,2
4,7,40,0.7167683839797974,0,0,3,5,1,5,2,5,1,2,1,2
4,7,42,0.010976637713611126,0,1,3,6,1,2,2,0,1,0,1,1
4,7,43,0.05875504016876221,0,1,3,6,1,3,2,0,1,0,1,1
4,7,46,0.05571027100086212,0,1,3,6,1,6,2,0,1,0,1,1
4,7,47,0.005065112374722958,0,2,3,7,1,0,2,0,1,0,1,4
4,8,1,0.00040574188460595906,0,0,3,3,2,1,2,1,1,1,1,1
4,8,4,0.0019080209312960505,0,0,3,3,2,4,2,1,1,1,1,1
4,8,5,0.004942514002323151,0,0,3,3,2,5,2,1,1,1,1,1
4,8,6,0.0056071653962135315,0,0,3,3,2,6,2,1,1,1,1,1
4,8,9,0.003647993551567197,0,0,3,3,2,3,2,2,1,1,1,1
4,8,10,0.007722839713096619,0,0,3,3,2,4,2,2,1,1,1,1
4,8,12,0.010393151082098484,0,0,3,3,2,6,2,2,1,1,1,1
4,8,15,0.00151928816922009,0,0,3,3,2,3,2,3,1,1,1,1
4,8,18,0.031232647597789764,0,0,3,3,2,6,2,3,1,1,1,1
4,8,21,0.00012519035954028368,0,0,3,3,2,3,2,4,1,1,1,1
4,8,23,0.0005407350836321712,0,0,3,3,2,5,2,4,1,1,1,1
4,8,24,0.0048241037875413895,0,0,3,3,2,6,2,4,1,1,1,1
4,8,25,0.0016481191851198673,0,0,3,3,2,1,2,5,1,1,1,1
4,8,28,0.006687375251203775,0,0,3,3,2,4,2,5,1,1,1,1
4,8,30,0.0038272286765277386,0,0,3,3,2,6,2,5,1,1,1,1
4,8,31,0.0003966465883422643,0,0,3,4,2,1,2,1,1,1,1,1
4,8,34,0.0006096732104197145,0,0,3,4,2,4,2,4,1,1,1,1
4,8,35,0.003080412046983838,0,0,3,4,2,5,2,5,1,1,1,1
4,8,36,0.0020488090813159943,0,0,3,5,2,1,2,1,1,2,1,2
4,8,40,0.8683409094810486,0,0,3,5,2,5,2,5,1,2,1,2
4,8,42,0.006060158368200064,0,1,3,6,2,2,2,0,1,0,1,1
4,8,43,0.011424926109611988,0,1,3,6,2,3,2,0,1,0,1,1
4,8,46,0.022587411105632782,0,1,3,6,2,6,2,0,1,0,1,1
4,8,47,0.00041895831236615777,0,2,3,7,2,0,2,0,1,0,1,4
4,11,1,0.0030928493943065405,0,0,3,3,5,1,2,1,1,1,1,1
4,11,4,0.000980267534032464,0,0,3,3,5,4,2,1,1,1,1,1
4,11,5,0.01646483689546585,0,0,3,3,5,5,2,1,1,1,1,1
4,11,6,0.002303886227309704,0,0,3,3,5,6,2,1,1,1,1,1
4,11,9,0.005615901667624712,0,0,3,3,5,3,2,2,1,1,1,1
4,11,10,0.00041330361273139715,0,0,3,3,5,4,2,2,1,1,1,1
4,11,12,0.0074186427518725395,0,0,3,3,5,6,2,2,1,1,1,1
4,11,15,0.0019284047884866595,0,0,3,3,5,3,2,3,1,1,1,1
4,11,18,0.01855991780757904,0,0,3,3,5,6,2,3,1,1,1,1
4,11,21,0.0004783666518051177,0,0,3,3,5,3,2,4,1,1,1,1
4,11,23,0.00372562138363719,0,0,3,3,5,5,2,4,1,1,1,1
4,11,24,0.013607812114059925,0,0,3,3,5,6,2,4,1,1,1,1
4,11,25,0.006765762344002724,0,0,3,3,5,1,2,5,1,1,1,1
4,11,28,0.001727346796542406,0,0,3,3,5,4,2,5,1,1,1,1
4,11,30,0.0210215225815773,0,0,3,3,5,6,2,5,1,1,1,1
4,11,31,0.0007499683415517211,0,0,3,4,5,1,2,1,1,1,1,1
4,11,34,0.001644218573346734,0,0,3,4,5,4,2,4,1,1,1,1
4,11,35,0.016856767237186432,0,0,3,4,5,5,2,5,1,1,1,1
4,11,36,0.006124748848378658,0,0,3,5,5,1,2,1,1,2,1,2
4,11,40,0.7589378952980042,0,0,3,5,5,5,2,5,1,2,1,2
4,11,42,0.019019195809960365,0,1,3,6,5,2,2,0,1,0,1,1
4,11,43,0.01614171825349331,0,1,3,6,5,3,2,0,1,0,1,1
4,11,46,0.07039567828178406,0,1,3,6,5,6,2,0,1,0,1,1
4,11,47,0.006025743205100298,0,2,3,7,5,0,2,0,1,0,1,4
4,13,1,8.677217556396499e-05,0,0,3,3,1,1,3,1,1,1,1,1
4,13,4,0.000185651340871118,0,0,3,3,1,4,3,1,1,1,1,1
4,13,5,0.0010730689391493797,0,0,3,3,1,5,3,1,1,1,1,1
4,13,6,7.397525769192725e-05,0,0,3,3,1,6,3,1,1,1,1,1
4,13,9,0.0002371125010540709,0,0,3,3,1,3,3,2,1,1,1,1
4,13,10,4.2537027184152976e-05,0,0,3,3,1,4,3,2,1,1,1,1
4,13,12,0.00021443207515403628,0,0,3,3,1,6,3,2,1,1,1,1
4,13,15,2.2132991944090463e-05,0,0,3,3,1,3,3,3,1,1,1,1
4,13,18,4.437593452166766e-05,0,0,3,3,1,6,3,3,1,1,1,1
4,13,21,3.2461132377648028e-06,0,0,3,3,1,3,3,4,1,1,1,1
4,13,23,9.130802209256217e-05,0,0,3,3,1,5,3,4,1,1,1,1
4,13,24,0.00026017974596470594,0,0,3,3,1,6,3,4,1,1,1,1
4,13,25,2.4948689315351658e-05,0,0,3,3,1,1,3,5,1,1,1,1
4,13,28,1.7643882529227994e-05,0,0,3,3,1,4,3,5,1,1,1,1
4,13,30,2.052498166449368e-05,0,0,3,3,1,6,3,5,1,1,1,1
4,13,31,3.970086254412308e-05,0,0,3,4,1,1,3,1,1,1,1,1
4,13,34,9.737152140587568e-05,0,0,3,4,1,4,3,4,1,1,1,1
4,13,35,0.0002452184271533042,0,0,3,4,1,5,3,5,1,1,1,1
4,13,36,0.010394712910056114,0,0,3,5,1,1,3,1,1,2,1,2
4,13,40,0.9865825176239014,0,0,3,5,1,5,3,5,1,2,1,2
4,13,42,8.352718577953056e-05,0,1,3,6,1,2,3,0,1,0,1,1
4,13,43,4.990705201635137e-05,0,1,3,6,1,3,3,0,1,0,1,1
4,13,46,3.298278898000717e-05,0,1,3,6,1,6,3,0,1,0,1,1
4,13,47,7.558090874226764e-05,0,2,3,7,1,0,3,0,1,0,1,4
4,14,1,0.00044915557373315096,0,0,3,3,2,1,3,1,1,1,1,1
4,14,4,0.0012260637013241649,0,0,3,3,2,4,3,1,1,1,1,1
4,14,5,0.004805088974535465,0,0,3,3,2,5,3,1,1,1,1,1
4,14,6,0.0006517907022498548,0,0,3,3,2,6,3,1,1,1,1,1
4,14,9,6.835503154434264e-05,0,0,3,3,2,3,3,2,1,1,1,1
4,14,10,4.594455094775185e-05,0,0,3,3,2,4,3,2,1,1,1,1
4,14,12,0.00010465172090334818,0,0,3,3,2,6,3,2,1,1,1,1
4,14,15,5.876354771316983e-05,0,0,3,3,2,3,3,3,1,1,1,1
4,14,18,7.362368342000991e-05,0,0,3,3,2,6,3,3,1,1,1,1
4,14,21,2.4794687760731904e-06,0,0,3,3,2,3,3,4,1,1,1,1
4,14,23,7.972941966727376e-05,0,0,3,3,2,5,3,4,1,1,1,1
4,14,24,6.212197331478819e-05,0,0,3,3,2,6,3,4,1,1,1,1
4,14,25,0.0001093583123292774,0,0,3,3,2,1,3,5,1,1,1,1
4,14,28,3.7913574487902224e-05,0,0,3,3,2,4,3,5,1,1,1,1
4,14,30,8.779222844168544e-05,0,0,3,3,2,6,3,5,1,1,1,1
4,14,31,2.514120023988653e-05,0,0,3,4,2,1,3,1,1,1,1,1
4,14,34,5.1605102271423675e-06,0,0,3,4,2,4,3,4,1,1,1,1
4,14,35,0.0003177577455062419,0,0,3,4,2,5,3,5,1,1,1,1
4,14,36,0.023171909153461456,0,0,3,5,2,1,3,1,1,2,1,2
4,14,40,0.9684828519821167,0,0,3,5,2,5,3,5,1,2,1,2
4,14,42,7.959833601489663e-05,0,1,3,6,2,2,3,0,1,0,1,1
4,14,43,1.9946774045820348e-05,0,1,3,6,2,3,3,0,1,0,1,1
4,14,46,2.873784069379326e-05,0,1,3,6,2,6,3,0,1,0,1,1
4,14,47,6.011999630572973e-06,0,2,3,7,2,0,3,0,1,0,1,4
4,16,1,7.565392297692597e-05,0,0,3,3,4,1,3,1,1,1,1,1
4,16,4,0.0002253848360851407,0,0,3,3,4,4,3,1,1,1,1,1
4,16,5,0.002019053092226386,0,0,3,3,4,5,3,1,1,1,1,1
4,16,6,0.000269162526819855,0,0,3,3,4,6,3,1,1,1,1,1
4,16,9,0.00010044548253063112,0,0,3,3,4,3,3,2,1,1,1,1
4,16,10,2.020711326622404e-05,0,0,3,3,4,4,3,2,1,1,1,1
4,16,12,0.00016285556193906814,0,0,3,3,4,6,3,2,1,1,1,1
4,16,15,1.1893043847521767e-05,0,0,3,3,4,3,3,3,1,1,1,1
4,16,18,0.00011544534208951518,0,0,3,3,4,6,3,3,1,1,1,1
4,16,21,3.4646802760107676e-06,0,0,3,3,4,3,3,4,1,1,1,1
4,16,23,7.917673065094277e-05,0,0,3,3,4,5,3,4,1,1,1,1
4,16,24,0.00025782265583984554,0,0,3,3,4,6,3,4,1,1,1,1
4,16,25,1.7037262296071276e-05,0,0,3,3,4,1,3,5,1,1,1,1
4,16,28,3.578067116905004e-05,0,0,3,3,4,4,3,5,1,1,1,1
4,16,30,8.345550304511562e-05,0,0,3,3,4,6,3,5,1,1,1,1
4,16,31,3.074080086662434e-05,0,0,3,4,4,1,3,1,1,1,1,1
4,16,34,3.280810051364824e-05,0,0,3,4,4,4,3,4,1,1,1,1
4,16,35,0.0006143621867522597,0,0,3,4,4,5,3,5,1,1,1,1
4,16,36,0.004783553071320057,0,0,3,5,4,1,3,1,1,2,1,2
4,16,40,0.9907191395759583,0,0,3,5,4,5,3,5,1,2,1,2
4,16,42,0.00013319734716787934,0,1,3,6,4,2,3,0,1,0,1,1
4,16,43,7.715473475400358e-05,0,1,3,6,4,3,3,0,1,0,1,1
4,16,46,9.981287439586595e-05,0,1,3,6,4,6,3,0,1,0,1,1
4,16,47,3.282132456661202e-05,0,2,3,7,4,0,3,0,1,0,1,4
4,17,1,0.011747791431844234,0,0,3,3,5,1,3,1,1,1,1,1
4,17,4,0.003444882109761238,0,0,3,3,5,4,3,1,1,1,1,1
4,17,5,0.03549107536673546,0,0,3,3,5,5,3,1,1,1,1,1
4,17,6,0.004456342663615942,0,0,3,3,5,6,3,1,1,1,1,1
4,17,9,0.0025364684406667948,0,0,3,3,5,3,3,2,1,1,1,1
4,17,10,0.0003362678689882159,0,0,3,3,5,4,3,2,1,1,1,1
4,17,12,0.0030599634628742933,0,0,3,3,5,6,3,2,1,1,1,1
4,17,15,0.0025931664276868105,0,0,3,3,5,3,3,3,1,1,1,1
4,17,18,0.0031834738329052925,0,0,3,3,5,6,3,3,1,1,1,1
4,17,21,0.00024319891235791147,0,0,3,3,5,3,3,4,1,1,1,1
4,17,23,0.0034118376206606627,0,0,3,3,5,5,3,4,1,1,1,1
4,17,24,0.002258563879877329,0,0,3,3,5,6,3,4,1,1,1,1
4,17,25,0.003459896892309189,0,0,3,3,5,1,3,5,1,1,1,1
4,17,28,0.0004395323048811406,0,0,3,3,5,4,3,5,1,1,1,1
4,17,30,0.004723884630948305,0,0,3,3,5,6,3,5,1,1,1,1
4,17,31,0.0011717333691194654,0,0,3,4,5,1,3,1,1,1,1,1
4,17,34,0.0005584150785580277,0,0,3,4,5,4,3,4,1,1,1,1
4,17,35,0.008837784640491009,0,0,3,4,5,5,3,5,1,1,1,1
4,17,36,0.05638711899518967,0,0,3,5,5,1,3,1,1,2,1,2
4,17,40,0.827650785446167,0,0,3,5,5,5,3,5,1,2,1,2
4,17,42,0.011749377474188805,0,1,3,6,5,2,3,0,1,0,1,1
4,17,43,0.003081707051023841,0,1,3,6,5,3,3,0,1,0,1,1
4,17,46,0.005321668926626444,0,1,3,6,5,6,3,0,1,0,1,1
4,17,47,0.003854987444356084,0,2,3,7,5,0,3,0,1,0,1,4
4,19,1,1.041494124365272e-05,0,0,3,3,1,1,4,1,1,1,1,1
4,19,4,6.49061803414952e-06,0,0,3,3,1,4,4,1,1,1,1,1
4,19,5,0.00016437354497611523,0,0,3,3,1,5,4,1,1,1,1,1
4,19,6,2.401521214778768e-06,0,0,3,3,1,6,4,1,1,1,1,1
4,19,9,0.0005413053440861404,0,0,3,3,1,3,4,2,1,1,1,1
4,19,10,1.2614364095497876e-05,0,0,3,3,1,4,4,2,1,1,1,1
4,19,12,0.00026474593323655427,0,0,3,3,1,6,4,2,1,1,1,1
4,19,15,1.0095695870404597e-05,0,0,3,3,1,3,4,3,1,1,1,1
4,19,18,3.911289240932092e-05,0,0,3,3,1,6,4,3,1,1,1,1
4,19,21,3.6851058666798053e-06,0,0,3,3,1,3,4,4,1,1,1,1
4,19,23,7.717649714322761e-05,0,0,3,3,1,5,4,4,1,1,1,1
4,19,24,0.0008227145881392062,0,0,3,3,1,6,4,4,1,1,1,1
4,19,25,2.0645627955673262e-05,0,0,3,3,1,1,4,5,1,1,1,1
4,19,28,1.3290607967064716e-05,0,0,3,3,1,4,4,5,1,1,1,1
4,19,30,1.5098482435860205e-05,0,0,3,3,1,6,4,5,1,1,1,1
4,19,31,2.539283741498366e-05,0,0,3,4,1,1,4,1,1,1,1,1
4,19,34,0.0003924557822756469,0,0,3,4,1,4,4,4,1,1,1,1
4,19,35,0.0003458795545157045,0,0,3,4,1,5,4,5,1,1,1,1
4,19,36,0.0015945713967084885,0,0,3,5,1,1,4,1,1,2,1,2
4,19,40,0.9902029037475586,0,0,3,5,1,5,4,5,1,2,1,2
4,19,42,0.0005123447044752538,0,1,3,6,1,2,4,0,1,0,1,1
4,19,43,0.0012664265232160687,0,1,3,6,1,3,4,0,1,0,1,1
4,19,46,0.0010482665384188294,0,1,3,6,1,6,4,0,1,0,1,1
4,19,47,0.002608065027743578,0,2,3,7,1,0,4,0,1,0,1,4
4,20,1,0.00023540161782875657,0,0,3,3,2,1,4,1,1,1,1,1
4,20,4,0.0002670173707883805,0,0,3,3,2,4,4,1,1,1,1,1
4,20,5,0.0011935604270547628,0,0,3,3,2,5,4,1,1,1,1,1
4,20,6,7.556674245279282e-05,0,0,3,3,2,6,4,1,1,1,1,1
4,20,9,0.003051239997148514,0,0,3,3,2,3,4,2,1,1,1,1
4,20,10,0.0005047473823651671,0,0,3,3,2,4,4,2,1,1,1,1
4,20,12,0.001651893137022853,0,0,3,3,2,6,4,2,1,1,1,1
4,20,15,6.930361269041896e-05,0,0,3,3,2,3,4,3,1,1,1,1
4,20,18,0.0008407507557421923,0,0,3,3,2,6,4,3,1,1,1,1
4,20,21,3.6916204408043995e-05,0,0,3,3,2,3,4,4,1,1,1,1
4,20,23,0.0004648953618016094,0,0,3,3,2,5,4,4,1,1,1,1
4,20,24,0.004018026869744062,0,0,3,3,2,6,4,4,1,1,1,1
4,20,25,9.410620987182483e-05,0,0,3,3,2,1,4,5,1,1,1,1
4,20,28,0.00012639524356927723,0,0,3,3,2,4,4,5,1,1,1,1
4,20,30,7.10401072865352e-05,0,0,3,3,2,6,4,5,1,1,1,1
4,20,31,0.0002527085889596492,0,0,3,4,2,1,4,1,1,1,1,1
4,20,34,0.0035754619166254997,0,0,3,4,2,4,4,4,1,1,1,1
4,20,35,0.0010103898821398616,0,0,3,4,2,5,4,5,1,1,1,1
4,20,36,0.005271820351481438,0,0,3,5,2,1,4,1,1,2,1,2
4,20,40,0.9703773260116577,0,0,3,5,2,5,4,5,1,2,1,2
4,20,42,0.0027350103482604027,0,1,3,6,2,2,4,0,1,0,1,1
4,20,43,0.001148385927081108,0,1,3,6,2,3,4,0,1,0,1,1
4,20,46,0.0008420060621574521,0,1,3,6,2,6,4,0,1,0,1,1
4,20,47,0.002085368614643812,0,2,3,7,2,0,4,0,1,0,1,4
4,22,1,0.0021381021942943335,0,0,3,3,4,1,4,1,1,1,1,1
4,22,4,0.0004996496718376875,0,0,3,3,4,4,4,1,1,1,1,1
4,22,5,0.009059332311153412,0,0,3,3,4,5,4,1,1,1,1,1
4,22,6,8.738759788684547e-05,0,0,3,3,4,6,4,1,1,1,1,1
4,22,9,0.0020906843710690737,0,0,3,3,4,3,4,2,1,1,1,1
4,22,10,3.750627729459666e-05,0,0,3,3,4,4,4,2,1,1,1,1
4,22,12,0.000792155391536653,0,0,3,3,4,6,4,2,1,1,1,1
4,22,15,7.472913421224803e-05,0,0,3,3,4,3,4,3,1,1,1,1
4,22,18,0.0006753256311640143,0,0,3,3,4,6,4,3,1,1,1,1
4,22,21,5.5001968576107174e-05,0,0,3,3,4,3,4,4,1,1,1,1
4,22,23,0.001579372095875442,0,0,3,3,4,5,4,4,1,1,1,1
4,22,24,0.003287970321252942,0,0,3,3,4,6,4,4,1,1,1,1
4,22,25,0.0001528937864350155,0,0,3,3,4,1,4,5,1,1,1,1
4,22,28,3.6318811908131465e-05,0,0,3,3,4,4,4,5,1,1,1,1
4,22,30,0.0002468794700689614,0,0,3,3,4,6,4,5,1,1,1,1
4,22,31,0.0005106712924316525,0,0,3,4,4,1,4,1,1,1,1,1
4,22,34,0.0016710400814190507,0,0,3,4,4,4,4,4,1,1,1,1
4,22,35,0.004416199401021004,0,0,3,4,4,5,4,5,1,1,1,1
4,22,36,0.012891864404082298,0,0,3,5,4,1,4,1,1,2,1,2
4,22,40,0.9239509105682373,0,0,3,5,4,5,4,5,1,2,1,2
4,22,42,0.020083487033843994,0,1,3,6,4,2,4,0,1,0,1,1
4,22,43,0.0035013630986213684,0,1,3,6,4,3,4,0,1,0,1,1
4,22,46,0.003922007977962494,0,1,3,6,4,6,4,0,1,0,1,1
4,22,47,0.008239110000431538,0,2,3,7,4,0,4,0,1,0,1,4
4,26,1,0.0023783876094967127,0,0,3,3,2,1,5,1,1,1,1,1
4,26,4,0.0014790341956540942,0,0,3,3,2,4,5,1,1,1,1,1
4,26,5,0.013010564260184765,0,0,3,3,2,5,5,1,1,1,1,1
4,26,6,0.0018759270897135139,0,0,3,3,2,6,5,1,1,1,1,1
4,26,9,0.022821055725216866,0,0,3,3,2,3,5,2,1,1,1,1
4,26,10,0.003620878094807267,0,0,3,3,2,4,5,2,1,1,1,1
4,26,12,0.02114294469356537,0,0,3,3,2,6,5,2,1,1,1,1
4,26,15,0.007681253366172314,0,0,3,3,2,3,5,3,1,1,1,1
4,26,18,0.11111152172088623,0,0,3,3,2,6,5,3,1,1,1,1
4,26,21,0.004584094509482384,0,0,3,3,2,3,5,4,1,1,1,1
4,26,23,0.011449851095676422,0,0,3,3,2,5,5,4,1,1,1,1
4,26,24,0.12314463406801224,0,0,3,3,2,6,5,4,1,1,1,1
4,26,25,0.013768657110631466,0,0,3,3,2,1,5,5,1,1,1,1
4,26,28,0.002919417340308428,0,0,3,3,2,4,5,5,1,1,1,1
4,26,30,0.008031589910387993,0,0,3,3,2,6,5,5,1,1,1,1
4,26,31,0.006730725988745689,0,0,3,4,2,1,5,1,1,1,1,1
4,26,34,0.02942836657166481,0,0,3,4,2,4,5,4,1,1,1,1
4,26,35,0.010489270091056824,0,0,3,4,2,5,5,5,1,1,1,1
4,26,36,0.008151281625032425,0,0,3,5,2,1,5,1,1,2,1,2
4,26,40,0.273824006319046,0,0,3,5,2,5,5,5,1,2,1,2
4,26,42,0.07159023731946945,0,1,3,6,2,2,5,0,1,0,1,1
4,26,43,0.09311085939407349,0,1,3,6,2,3,5,0,1,0,1,1
4,26,46,0.1275845766067505,0,1,3,6,2,6,5,0,1,0,1,1
4,26,47,0.030070804059505463,0,2,3,7,2,0,5,0,1,0,1,4
4,27,1,0.005262972321361303,0,0,3,3,3,1,5,1,1,1,1,1
4,27,4,0.0025825886987149715,0,0,3,3,3,4,5,1,1,1,1,1
4,27,5,0.052050910890102386,0,0,3,3,3,5,5,1,1,1,1,1
4,27,6,0.0048021418042480946,0,0,3,3,3,6,5,1,1,1,1,1
4,27,9,0.006181544158607721,0,0,3,3,3,3,5,2,1,1,1,1
4,27,10,0.0003524796338751912,0,0,3,3,3,4,5,2,1,1,1,1
4,27,12,0.009603875689208508,0,0,3,3,3,6,5,2,1,1,1,1
4,27,15,0.006502087693661451,0,0,3,3,3,3,5,3,1,1,1,1
4,27,18,0.06072601303458214,0,0,3,3,3,6,5,3,1,1,1,1
4,27,21,0.006801334209740162,0,0,3,3,3,3,5,4,1,1,1,1
4,27,23,0.043094452470541,0,0,3,3,3,5,5,4,1,1,1,1
4,27,24,0.09943164139986038,0,0,3,3,3,6,5,4,1,1,1,1
4,27,25,0.012416582554578781,0,0,3,3,3,1,5,5,1,1,1,1
4,27,28,0.003722218796610832,0,0,3,3,3,4,5,5,1,1,1,1
4,27,30,0.05170934647321701,0,0,3,3,3,6,5,5,1,1,1,1
4,27,31,0.0011518953833729029,0,0,3,4,3,1,5,1,1,1,1,1
4,27,34,0.005631090607494116,0,0,3,4,3,4,5,4,1,1,1,1
4,27,35,0.027846235781908035,0,0,3,4,3,5,5,5,1,1,1,1
4,27,36,0.011526105925440788,0,0,3,5,3,1,5,1,1,2,1,2
4,27,40,0.35810568928718567,0,0,3,5,3,5,5,5,1,2,1,2
4,27,42,0.02097754180431366,0,1,3,6,3,2,5,0,1,0,1,1
4,27,43,0.0463571697473526,0,1,3,6,3,3,5,0,1,0,1,1
4,27,46,0.14290748536586761,0,1,3,6,3,6,5,0,1,0,1,1
4,27,47,0.020256804302334785,0,2,3,7,3,0,5,0,1,0,1,4
4,29,1,0.02896793559193611,0,0,3,3,5,1,5,1,1,1,1,1
4,29,4,0.004812281113117933,0,0,3,3,5,4,5,1,1,1,1,1
4,29,5,0.03133349493145943,0,0,3,3,5,5,5,1,1,1,1,1
4,29,6,0.0019319856073707342,0,0,3,3,5,6,5,1,1,1,1,1
4,29,9,0.015627337619662285,0,0,3,3,5,3,5,2,1,1,1,1
4,29,10,0.0019186780555173755,0,0,3,3,5,4,5,2,1,1,1,1
4,29,12,0.014190624468028545,0,0,3,3,5,6,5,2,1,1,1,1
4,29,15,0.007167105562984943,0,0,3,3,5,3,5,3,1,1,1,1
4,29,18,0.01936589553952217,0,0,3,3,5,6,5,3,1,1,1,1
4,29,21,0.007846121676266193,0,0,3,3,5,3,5,4,1,1,1,1
4,29,23,0.03784075006842613,0,0,3,3,5,5,5,4,1,1,1,1
4,29,24,0.0654449537396431,0,0,3,3,5,6,5,4,1,1,1,1
4,29,25,0.04195885732769966,0,0,3,3,5,1,5,5,1,1,1,1
4,29,28,0.0033965944312512875,0,0,3,3,5,4,5,5,1,1,1,1
4,29,30,0.02746978960931301,0,0,3,3,5,6,5,5,1,1,1,1
4,29,31,0.0053137135691940784,0,0,3,4,5,1,5,1,1,1,1,1
4,29,34,0.034355081617832184,0,0,3,4,5,4,5,4,1,1,1,1
4,29,35,0.024769799783825874,0,0,3,4,5,5,5,5,1,1,1,1
4,29,36,0.04268471896648407,0,0,3,5,5,1,5,1,1,2,1,2
4,29,40,0.05966104194521904,0,0,3,5,5,5,5,5,1,2,1,2
4,29,42,0.1513887196779251,0,1,3,6,5,2,5,0,1,0,1,1
4,29,43,0.11795686185359955,0,1,3,6,5,3,5,0,1,0,1,1
4,29,46,0.1678294837474823,0,1,3,6,5,6,5,0,1,0,1,1
4,29,47,0.08676821738481522,0,2,3,7,5,0,5,0,1,0,1,4
4,32,1,0.0006297258660197258,0,0,4,3,2,1,2,1,1,1,1,1
4,32,4,0.0005533754010684788,0,0,4,3,2,4,2,1,1,1,1,1
4,32,5,0.002961944555863738,0,0,4,3,2,5,2,1,1,1,1,1
4,32,6,0.00041096913628280163,0,0,4,3,2,6,2,1,1,1,1,1
4,32,9,0.016348397359251976,0,0,4,3,2,3,2,2,1,1,1,1
4,32,10,0.012050909921526909,0,0,4,3,2,4,2,2,1,1,1,1
4,32,12,0.01277065183967352,0,0,4,3,2,6,2,2,1,1,1,1
4,32,15,0.0016723097069188952,0,0,4,3,2,3,2,3,1,1,1,1
4,32,18,0.011882932856678963,0,0,4,3,2,6,2,3,1,1,1,1
4,32,21,0.00016073834558483213,0,0,4,3,2,3,2,4,1,1,1,1
4,32,23,0.0008099729893729091,0,0,4,3,2,5,2,4,1,1,1,1
4,32,24,0.006410714704543352,0,0,4,3,2,6,2,4,1,1,1,1
4,32,25,0.00648123025894165,0,0,4,3,2,1,2,5,1,1,1,1
4,32,28,0.003686008509248495,0,0,4,3,2,4,2,5,1,1,1,1
4,32,30,0.0015351218171417713,0,0,4,3,2,6,2,5,1,1,1,1
4,32,31,0.0019185551209375262,0,0,4,4,2,1,2,1,1,1,1,1
4,32,34,0.00244993157684803,0,0,4,4,2,4,2,4,1,1,1,1
4,32,35,0.0033496206160634756,0,0,4,4,2,5,2,5,1,1,1,1
4,32,36,0.004427166655659676,0,0,4,5,2,1,2,1,1,2,1,2
4,32,40,0.732884407043457,0,0,4,5,2,5,2,5,1,2,1,2
4,32,42,0.028158849105238914,0,1,4,6,2,2,2,0,1,0,1,1
4,32,43,0.04822984337806702,0,1,4,6,2,3,2,0,1,0,1,1
4,32,46,0.09221141040325165,0,1,4,6,2,6,2,0,1,0,1,1
4,32,47,0.008005324751138687,0,2,4,7,2,0,2,0,1,0,1,4
4,33,1,0.001410720986314118,0,0,4,3,3,1,3,1,1,1,1,1
4,33,4,0.0019140829099342227,0,0,4,3,3,4,3,1,1,1,1,1
4,33,5,0.01958240382373333,0,0,4,3,3,5,3,1,1,1,1,1
4,33,6,0.006359563674777746,0,0,4,3,3,6,3,1,1,1,1,1
4,33,9,0.0012992586707696319,0,0,4,3,3,3,3,2,1,1,1,1
4,33,10,0.0005692896083928645,0,0,4,3,3,4,3,2,1,1,1,1
4,33,12,0.00203697825782001,0,0,4,3,3,6,3,2,1,1,1,1
4,33,15,0.0007907607941888273,0,0,4,3,3,3,3,3,1,1,1,1
4,33,18,0.0028125676326453686,0,0,4,3,3,6,3,3,1,1,1,1
4,33,21,6.920631130924448e-05,0,0,4,3,3,3,3,4,1,1,1,1
4,33,23,0.0015395738882943988,0,0,4,3,3,5,3,4,1,1,1,1
4,33,24,0.0009758186060935259,0,0,4,3,3,6,3,4,1,1,1,1
4,33,25,0.00166675029322505,0,0,4,3,3,1,3,5,1,1,1,1
4,33,28,0.0011314756702631712,0,0,4,3,3,4,3,5,1,1,1,1
4,33,30,0.005472544115036726,0,0,4,3,3,6,3,5,1,1,1,1
4,33,31,0.0002914501237682998,0,0,4,4,3,1,3,1,1,1,1,1
4,33,34,0.00011133554653497413,0,0,4,4,3,4,3,4,1,1,1,1
4,33,35,0.005817624740302563,0,0,4,4,3,5,3,5,1,1,1,1
4,33,36,0.009536918252706528,0,0,4,5,3,1,3,1,1,2,1,2
4,33,40,0.9316665530204773,0,0,4,5,3,5,3,5,1,2,1,2
4,33,42,0.0009554236894473433,0,1,4,6,3,2,3,0,1,0,1,1
4,33,43,0.0008245389326475561,0,1,4,6,3,3,3,0,1,0,1,1
4,33,46,0.0029730761889368296,0,1,4,6,3,6,3,0,1,0,1,1
4,33,47,0.00019205865100957453,0,2,4,7,3,0,3,0,1,0,1,4
4,37,1,0.0002776410256046802,0,0,5,3,2,1,2,1,2,1,2,1
4,37,4,0.0008730716072022915,0,0,5,3,2,4,2,1,2,1,2,1
4,37,5,1.50911955643096e-05,0,0,5,3,2,5,2,1,2,1,2,1
4,37,6,3.991552512161434e-05,0,0,5,3,2,6,2,1,2,1,2,1
4,37,9,0.0008069949690252542,0,0,5,3,2,3,2,2,2,1,2,1
4,37,10,0.9840905070304871,0,0,5,3,2,4,2,2,2,1,2,1
4,37,12,0.0015071165980771184,0,0,5,3,2,6,2,2,2,1,2,1
4,37,15,0.00024465261958539486,0,0,5,3,2,3,2,3,2,1,2,1
4,37,18,0.00012970728857908398,0,0,5,3,2,6,2,3,2,1,2,1
4,37,21,6.055290577933192e-05,0,0,5,3,2,3,2,4,2,1,2,1
4,37,23,5.875227725482546e-05,0,0,5,3,2,5,2,4,2,1,2,1
4,37,24,0.00018443774024490267,0,0,5,3,2,6,2,4,2,1,2,1
4,37,25,0.0003891524102073163,0,0,5,3,2,1,2,5,2,1,2,1
4,37,28,0.002333665732294321,0,0,5,3,2,4,2,5,2,1,2,1
4,37,30,2.5854837986116763e-06,0,0,5,3,2,6,2,5,2,1,2,1
4,37,31,8.873725892044604e-05,0,0,5,4,2,1,2,1,2,1,2,1
4,37,34,0.004669568967074156,0,0,5,4,2,4,2,4,2,1,2,1
4,37,35,4.826547865377506e-06,0,0,5,4,2,5,2,5,2,1,2,1
4,37,36,0.0017767001409083605,0,0,5,5,2,1,2,1,2,2,2,2
4,37,40,0.00010651296906871721,0,0,5,5,2,5,2,5,2,2,2,2
4,37,42,0.0011867632856592536,0,1,5,6,2,2,2,0,2,0,2,1
4,37,43,0.0007995113264769316,0,1,5,6,2,3,2,0,2,0,2,1
4,37,46,2.3290684111998416e-05,0,1,5,6,2,6,2,0,2,0,2,1
4,37,47,0.00033064003218896687,0,2,5,7,2,0,2,0,2,0,2,4
4,38,1,0.009907452389597893,0,0,5,3,3,1,3,1,2,1,2,1
4,38,4,0.011579941026866436,0,0,5,3,3,4,3,1,2,1,2,1
4,38,5,0.010734327137470245,0,0,5,3,3,5,3,1,2,1,2,1
4,38,6,0.008554305881261826,0,0,5,3,3,6,3,1,2,1,2,1
4,38,9,0.01766626536846161,0,0,5,3,3,3,3,2,2,1,2,1
4,38,10,0.038403499871492386,0,0,5,3,3,4,3,2,2,1,2,1
4,38,12,0.02401471883058548,0,0,5,3,3,6,3,2,2,1,2,1
4,38,15,0.006655459757894278,0,0,5,3,3,3,3,3,2,1,2,1
4,38,18,0.0061202323995530605,0,0,5,3,3,6,3,3,2,1,2,1
4,38,21,0.004488359671086073,0,0,5,3,3,3,3,4,2,1,2,1
4,38,23,0.014880619011819363,0,0,5,3,3,5,3,4,2,1,2,1
4,38,24,0.02124655991792679,0,0,5,3,3,6,3,4,2,1,2,1
4,38,25,0.012646890245378017,0,0,5,3,3,1,3,5,2,1,2,1
4,38,28,0.02909686416387558,0,0,5,3,3,4,3,5,2,1,2,1
4,38,30,0.01095154695212841,0,0,5,3,3,6,3,5,2,1,2,1
4,38,31,0.0017678590957075357,0,0,5,4,3,1,3,1,2,1,2,1
4,38,34,0.02428234927356243,0,0,5,4,3,4,3,4,2,1,2,1
4,38,35,0.024601908400654793,0,0,5,4,3,5,3,5,2,1,2,1
4,38,36,0.10055001825094223,0,0,5,5,3,1,3,1,2,2,2,2
4,38,40,0.5582883954048157,0,0,5,5,3,5,3,5,2,2,2,2
4,38,42,0.01836179755628109,0,1,5,6,3,2,3,0,2,0,2,1
4,38,43,0.014818359166383743,0,1,5,6,3,3,3,0,2,0,2,1
4,38,46,0.010076552629470825,0,1,5,6,3,6,3,0,2,0,2,1
4,38,47,0.020305927842855453,0,2,5,7,3,0,3,0,2,0,2,4
4,39,1,0.00022310878557618707,0,0,5,3,4,1,4,1,2,1,2,1
4,39,4,4.16367947764229e-05,0,0,5,3,4,4,4,1,2,1,2,1
4,39,5,8.038017767830752e-06,0,0,5,3,4,5,4,1,2,1,2,1
4,39,6,1.832821254765804e-07,0,0,5,3,4,6,4,1,2,1,2,1
4,39,9,0.013259908184409142,0,0,5,3,4,3,4,2,2,1,2,1
4,39,10,0.003489487571641803,0,0,5,3,4,4,4,2,2,1,2,1
4,39,12,0.0009882530430331826,0,0,5,3,4,6,4,2,2,1,2,1
4,39,15,5.9463542129378766e-05,0,0,5,3,4,3,4,3,2,1,2,1
4,39,18,1.5823172361706384e-05,0,0,5,3,4,6,4,3,2,1,2,1
4,39,21,0.00020767684327438474,0,0,5,3,4,3,4,4,2,1,2,1
4,39,23,0.00030776928178966045,0,0,5,3,4,5,4,4,2,1,2,1
4,39,24,0.001589518622495234,0,0,5,3,4,6,4,4,2,1,2,1
4,39,25,1.4757852113689296e-05,0,0,5,3,4,1,4,5,2,1,2,1
4,39,28,2.34028666454833e-05,0,0,5,3,4,4,4,5,2,1,2,1
4,39,30,2.309823230461916e-07,0,0,5,3,4,6,4,5,2,1,2,1
4,39,31,0.000783332041464746,0,0,5,4,4,1,4,1,2,1,2,1
4,39,34,0.36688342690467834,0,0,5,4,4,4,4,4,2,1,2,1
4,39,35,3.534149072947912e-05,0,0,5,4,4,5,4,5,2,1,2,1
4,39,36,0.0007871428388170898,0,0,5,5,4,1,4,1,2,2,2,2
4,39,40,0.0004731645458377898,0,0,5,5,4,5,4,5,2,2,2,2
4,39,42,0.024941515177488327,0,1,5,6,4,2,4,0,2,0,2,1
4,39,43,0.020382730290293694,0,1,5,6,4,3,4,0,2,0,2,1
4,39,46,0.00023411463189404458,0,1,5,6,4,6,4,0,2,0,2,1
4,39,47,0.5652499794960022,0,2,5,7,4,0,4,0,2,0,2,4
4,41,1,2.0871580090897623e-06,1,0,6,3,1,1,0,1,0,1,1,1
4,41,4,2.017057158809621e-05,1,0,6,3,1,4,0,1,0,1,1,1
4,41,5,0.00015534205886069685,1,0,6,3,1,5,0,1,0,1,1,1
4,41,6,0.0001082755989045836,1,0,6,3,1,6,0,1,0,1,1,1
4,41,9,0.005776661913841963,1,0,6,3,1,3,0,2,0,1,1,1
4,41,10,2.4299397409777157e-05,1,0,6,3,1,4,0,2,0,1,1,1
4,41,12,0.002891206881031394,1,0,6,3,1,6,0,2,0,1,1,1
4,41,15,0.0003768123860936612,1,0,6,3,1,3,0,3,0,1,1,1
4,41,18,0.0006047149072401226,1,0,6,3,1,6,0,3,0,1,1,1
4,41,21,0.0006408285698853433,1,0,6,3,1,3,0,4,0,1,1,1
4,41,23,0.0002795123727992177,1,0,6,3,1,5,0,4,0,1,1,1
4,41,24,0.010797432623803616,1,0,6,3,1,6,0,4,0,1,1,1
4,41,25,4.45883852080442e-05,1,0,6,3,1,1,0,5,0,1,1,1
4,41,28,0.0007759718573652208,1,0,6,3,1,4,0,5,0,1,1,1
4,41,30,0.0008905597496777773,1,0,6,3,1,6,0,5,0,1,1,1
4,41,31,0.0005080316332168877,1,0,6,4,1,1,0,1,0,1,1,1
4,41,34,0.002563563408330083,1,0,6,4,1,4,0,4,0,1,1,1
4,41,35,0.00852968916296959,1,0,6,4,1,5,0,5,0,1,1,1
4,41,36,0.0001350231614196673,1,0,6,5,1,1,0,1,0,2,1,2
4,41,40,0.9410141110420227,1,0,6,5,1,5,0,5,0,2,1,2
4,41,42,5.8168308896711096e-05,1,1,6,6,1,2,0,0,0,0,1,1
4,41,43,0.003153897123411298,1,1,6,6,1,3,0,0,0,0,1,1
4,41,46,0.011186111718416214,1,1,6,6,1,6,0,0,0,0,1,1
4,41,47,0.00946346390992403,1,2,6,7,1,0,0,0,0,0,1,4
4,44,1,9.65446961345151e-05,1,0,6,3,4,1,0,1,0,1,1,1
4,44,4,0.00017643871251493692,1,0,6,3,4,4,0,1,0,1,1,1
4,44,5,0.0014923149719834328,1,0,6,3,4,5,0,1,0,1,1,1
4,44,6,0.00036238401662558317,1,0,6,3,4,6,0,1,0,1,1,1
4,44,9,0.008055895566940308,1,0,6,3,4,3,0,2,0,1,1,1
4,44,10,3.385390755283879e-06,1,0,6,3,4,4,0,2,0,1,1,1
4,44,12,0.002017352730035782,1,0,6,3,4,6,0,2,0,1,1,1
4,44,15,0.000908830959815532,1,0,6,3,4,3,0,3,0,1,1,1
4,44,18,0.0021068835631012917,1,0,6,3,4,6,0,3,0,1,1,1
4,44,21,0.0007532306481152773,1,0,6,3,4,3,0,4,0,1,1,1
4,44,23,0.0009564520441927016,1,0,6,3,4,5,0,4,0,1,1,1
4,44,24,0.008002213202416897,1,0,6,3,4,6,0,4,0,1,1,1
4,44,25,5.300115662976168e-05,1,0,6,3,4,1,0,5,0,1,1,1
4,44,28,8.599796274211258e-05,1,0,6,3,4,4,0,5,0,1,1,1
4,44,30,0.002534703351557255,1,0,6,3,4,6,0,5,0,1,1,1
4,44,31,0.001474777702242136,1,0,6,4,4,1,0,1,0,1,1,1
4,44,34,0.003249246394261718,1,0,6,4,4,4,0,4,0,1,1,1
4,44,35,0.028979046270251274,1,0,6,4,4,5,0,5,0,1,1,1
4,44,36,0.0002786532277241349,1,0,6,5,4,1,0,1,0,2,1,2
4,44,40,0.9034562706947327,1,0,6,5,4,5,0,5,0,2,1,2
4,44,42,0.0012149604735895991,1,1,6,6,4,2,0,0,0,0,1,1
4,44,43,0.0017958172829821706,1,1,6,6,4,3,0,0,0,0,1,1
4,44,46,0.017014095559716225,1,1,6,6,4,6,0,0,0,0,1,1
4,44,47,0.014931720681488514,1,2,6,7,4,0,0,0,0,0,1,4
4,45,1,0.00018993020057678223,1,0,6,3,5,1,0,1,0,1,1,1
4,45,4,0.0001941673835972324,1,0,6,3,5,4,0,1,0,1,1,1
4,45,5,0.0008688342059031129,1,0,6,3,5,5,0,1,0,1,1,1
4,45,6,0.0005867094732820988,1,0,6,3,5,6,0,1,0,1,1,1
4,45,9,0.046332791447639465,1,0,6,3,5,3,0,2,0,1,1,1
4,45,10,0.00013776964624412358,1,0,6,3,5,4,0,2,0,1,1,1
4,45,12,0.012467985972762108,1,0,6,3,5,6,0,2,0,1,1,1
4,45,15,0.020120685920119286,1,0,6,3,5,3,0,3,0,1,1,1
4,45,18,0.005533882882446051,1,0,6,3,5,6,0,3,0,1,1,1
4,45,21,0.028148161247372627,1,0,6,3,5,3,0,4,0,1,1,1
4,45,23,0.0039280992932617664,1,0,6,3,5,5,0,4,0,1,1,1
4,45,24,0.03373035043478012,1,0,6,3,5,6,0,4,0,1,1,1
4,45,25,0.0017091733170673251,1,0,6,3,5,1,0,5,0,1,1,1
4,45,28,0.0022034833673387766,1,0,6,3,5,4,0,5,0,1,1,1
4,45,30,0.00802002102136612,1,0,6,3,5,6,0,5,0,1,1,1
4,45,31,0.017509223893284798,1,0,6,4,5,1,0,1,0,1,1,1
4,45,34,0.038262855261564255,1,0,6,4,5,4,0,4,0,1,1,1
4,45,35,0.027824657037854195,1,0,6,4,5,5,0,5,0,1,1,1
4,45,36,0.0004740245349239558,1,0,6,5,5,1,0,1,0,2,1,2
4,45,40,0.04400046542286873,1,0,6,5,5,5,0,5,0,2,1,2
4,45,42,0.003673459868878126,1,1,6,6,5,2,0,0,0,0,1,1
4,45,43,0.0795808807015419,1,1,6,6,5,3,0,0,0,0,1,1
4,45,46,0.17051739990711212,1,1,6,6,5,6,0,0,0,0,1,1
4,45,47,0.45398542284965515,1,2,6,7,5,0,0,0,0,0,1,4
5,1,0,0.023791613057255745,0,0,3,1,1,0,1,0,1,2,1,4
5,1,2,0.01110285148024559,0,0,3,3,1,2,1,1,1,1,1,1
5,1,3,0.0018927925266325474,0,0,3,3,1,3,1,1,1,1,1,1
5,1,7,0.026812667027115822,0,0,3,3,1,1,1,2,1,1,1,1
5,1,8,0.004170008469372988,0,0,3,3,1,2,1,2,1,1,1,1
5,1,11,0.008159443736076355,0,0,3,3,1,5,1,2,1,1,1,1
5,1,13,0.014975723810493946,0,0,3,3,1,1,1,3,1,1,1,1
5,1,14,0.008683780208230019,0,0,3,3,1,2,1,3,1,1,1,1
5,1,16,0.04043352231383324,0,0,3,3,1,4,1,3,1,1,1,1
5,1,17,0.017124559730291367,0,0,3,3,1,5,1,3,1,1,1,1
5,1,19,0.024836523458361626,0,0,3,3,1,1,1,4,1,1,1,1
5,1,20,0.009520857594907284,0,0,3,3,1,2,1,4,1,1,1,1
5,1,22,0.007964556105434895,0,0,3,3,1,4,1,4,1,1,1,1
5,1,26,0.008310467936098576,0,0,3,3,1,2,1,5,1,1,1,1
5,1,27,0.013037154451012611,0,0,3,3,1,3,1,5,1,1,1,1
5,1,29,0.0022408661898225546,0,0,3,3,1,5,1,5,1,1,1,1
5,1,32,0.016264118254184723,0,0,3,4,1,2,1,2,1,1,1,1
5,1,33,0.028495371341705322,0,0,3,4,1,3,1,3,1,1,1,1
5,1,37,0.02915615402162075,0,0,3,5,1,2,1,2,1,2,1,2
5,1,38,0.4520348608493805,0,0,3,5,1,3,1,3,1,2,1,2
5,1,39,0.10871980339288712,0,0,3,5,1,4,1,4,1,2,1,2
5,1,41,0.05666610971093178,0,1,3,6,1,1,1,0,1,0,1,1
5,1,44,0.06602673977613449,0,1,3,6,1,4,1,0,1,0,1,1
5,1,45,0.01957964152097702,0,1,3,6,1,5,1,0,1,0,1,1
5,4,0,0.01302097924053669,0,0,3,1,4,0,1,0,1,2,1,4
5,4,2,0.007523057051002979,0,0,3,3,4,2,1,1,1,1,1,1
5,4,3,0.0007225124281831086,0,0,3,3,4,3,1,1,1,1,1,1
5,4,7,0.3002997040748596,0,0,3,3,4,1,1,2,1,1,1,1
5,4,8,0.013826302252709866,0,0,3,3,4,2,1,2,1,1,1,1
5,4,11,0.04245179146528244,0,0,3,3,4,5,1,2,1,1,1,1
5,4,13,0.003806872060522437,0,0,3,3,4,1,1,3,1,1,1,1
5,4,14,0.00038330451934598386,0,0,3,3,4,2,1,3,1,1,1,1
5,4,16,0.0005824561230838299,0,0,3,3,4,4,1,3,1,1,1,1
5,4,17,0.0028964439406991005,0,0,3,3,4,5,1,3,1,1,1,1
5,4,19,0.02035081759095192,0,0,3,3,4,1,1,4,1,1,1,1
5,4,20,0.0031882314942777157,0,0,3,3,4,2,1,4,1,1,1,1
5,4,22,0.0037135817110538483,0,0,3,3,4,4,1,4,1,1,1,1
5,4,26,0.00019665429135784507,0,0,3,3,4,2,1,5,1,1,1,1
5,4,27,0.0005683247582055628,0,0,3,3,4,3,1,5,1,1,1,1
5,4,29,0.00038913017488084733,0,0,3,3,4,5,1,5,1,1,1,1
5,4,32,0.20109696686267853,0,0,3,4,4,2,1,2,1,1,1,1
5,4,33,0.009446514770388603,0,0,3,4,4,3,1,3,1,1,1,1
5,4,37,0.10619129240512848,0,0,3,5,4,2,1,2,1,2,1,2
5,4,38,0.0776374340057373,0,0,3,5,4,3,1,3,1,2,1,2
5,4,39,0.0026505885180085897,0,0,3,5,4,4,1,4,1,2,1,2
5,4,41,0.055132124572992325,0,1,3,6,4,1,1,0,1,0,1,1
5,4,44,0.01806732639670372,0,1,3,6,4,4,1,0,1,0,1,1
5,4,45,0.11585774272680283,0,1,3,6,4,5,1,0,1,0,1,1
5,5,0,0.010332038626074791,0,0,3,1,5,0,1,0,1,2,1,4
5,5,2,0.011924474500119686,0,0,3,3,5,2,1,1,1,1,1,1
5,5,3,0.003431590273976326,0,0,3,3,5,3,1,1,1,1,1,1
5,5,7,0.03420824557542801,0,0,3,3,5,1,1,2,1,1,1,1
5,5,8,0.006251941900700331,0,0,3,3,5,2,1,2,1,1,1,1
5,5,11,0.05053172633051872,0,0,3,3,5,5,1,2,1,1,1,1
5,5,13,0.01057449635118246,0,0,3,3,5,1,1,3,1,1,1,1
5,5,14,0.003712540492415428,0,0,3,3,5,2,1,3,1,1,1,1
5,5,16,0.0011954313376918435,0,0,3,3,5,4,1,3,1,1,1,1
5,5,17,0.00894696544855833,0,0,3,3,5,5,1,3,1,1,1,1
5,5,19,0.00707475608214736,0,0,3,3,5,1,1,4,1,1,1,1
5,5,20,0.013061119243502617,0,0,3,3,5,2,1,4,1,1,1,1
5,5,22,0.000936994852963835,0,0,3,3,5,4,1,4,1,1,1,1
5,5,26,0.0014998893020674586,0,0,3,3,5,2,1,5,1,1,1,1
5,5,27,0.00658449437469244,0,0,3,3,5,3,1,5,1,1,1,1
5,5,29,0.0028832873795181513,0,0,3,3,5,5,1,5,1,1,1,1
5,5,32,0.17393802106380463,0,0,3,4,5,2,1,2,1,1,1,1
5,5,33,0.12444606423377991,0,0,3,4,5,3,1,3,1,1,1,1
5,5,37,0.07952520251274109,0,0,3,5,5,2,1,2,1,2,1,2
5,5,38,0.33033764362335205,0,0,3,5,5,3,1,3,1,2,1,2
5,5,39,0.011562078259885311,0,0,3,5,5,4,1,4,1,2,1,2
5,5,41,0.05505206808447838,0,1,3,6,5,1,1,0,1,0,1,1
5,5,44,0.02403765730559826,0,1,3,6,5,4,1,0,1,0,1,1
5,5,45,0.027951283380389214,0,1,3,6,5,5,1,0,1,0,1,1
5,6,0,0.00047776682185940444,0,0,3,1,6,0,1,0,1,2,1,4
5,6,2,0.03818230330944061,0,0,3,3,6,2,1,1,1,1,1,1
5,6,3,0.006089113187044859,0,0,3,3,6,3,1,1,1,1,1,1
5,6,7,0.024621156975626945,0,0,3,3,6,1,1,2,1,1,1,1
5,6,8,0.004254933446645737,0,0,3,3,6,2,1,2,1,1,1,1
5,6,11,0.020323460921645164,0,0,3,3,6,5,1,2,1,1,1,1
5,6,13,0.012524514459073544,0,0,3,3,6,1,1,3,1,1,1,1
5,6,14,0.03109670989215374,0,0,3,3,6,2,1,3,1,1,1,1
5,6,16,0.14292843639850616,0,0,3,3,6,4,1,3,1,1,1,1
5,6,17,0.0438619926571846,0,0,3,3,6,5,1,3,1,1,1,1
5,6,19,0.0063051688484847546,0,0,3,3,6,1,1,4,1,1,1,1
5,6,20,0.008054817095398903,0,0,3,3,6,2,1,4,1,1,1,1
5,6,22,0.00504611199721694,0,0,3,3,6,4,1,4,1,1,1,1
5,6,26,0.026194697245955467,0,0,3,3,6,2,1,5,1,1,1,1
5,6,27,0.06490854173898697,0,0,3,3,6,3,1,5,1,1,1,1
5,6,29,0.02475511096417904,0,0,3,3,6,5,1,5,1,1,1,1
5,6,32,0.04902336001396179,0,0,3,4,6,2,1,2,1,1,1,1
5,6,33,0.03813973814249039,0,0,3,4,6,3,1,3,1,1,1,1
5,6,37,0.0024813159834593534,0,0,3,5,6,2,1,2,1,2,1,2
5,6,38,0.057732272893190384,0,0,3,5,6,3,1,3,1,2,1,2
5,6,39,0.06889232993125916,0,0,3,5,6,4,1,4,1,2,1,2
5,6,41,0.13603952527046204,0,1,3,6,6,1,1,0,1,0,1,1
5,6,44,0.11891969293355942,0,1,3,6,6,4,1,0,1,0,1,1
5,6,45,0.06914667785167694,0,1,3,6,6,5,1,0,1,0,1,1
5,9,0,0.03432445973157883,0,0,3,1,3,0,2,0,1,2,1,4
5,9,2,0.008609756827354431,0,0,3,3,3,2,2,1,1,1,1,1
5,9,3,0.005984697490930557,0,0,3,3,3,3,2,1,1,1,1,1
5,9,7,0.012541843578219414,0,0,3,3,3,1,2,2,1,1,1,1
5,9,8,0.003023618133738637,0,0,3,3,3,2,2,2,1,1,1,1
5,9,11,0.005983380600810051,0,0,3,3,3,5,2,2,1,1,1,1
5,9,13,0.021389035508036613,0,0,3,3,3,1,2,3,1,1,1,1
5,9,14,0.014958221465349197,0,0,3,3,3,2,2,3,1,1,1,1
5,9,16,0.013676049187779427,0,0,3,3,3,4,2,3,1,1,1,1
5,9,17,0.014134177006781101,0,0,3,3,3,5,2,3,1,1,1,1
5,9,19,0.012290772050619125,0,0,3,3,3,1,2,4,1,1,1,1
5,9,20,0.013822370208799839,0,0,3,3,3,2,2,4,1,1,1,1
5,9,22,0.0036698332987725735,0,0,3,3,3,4,2,4,1,1,1,1
5,9,26,0.015213380567729473,0,0,3,3,3,2,2,5,1,1,1,1
5,9,27,0.021499846130609512,0,0,3,3,3,3,2,5,1,1,1,1
5,9,29,0.0037835342809557915,0,0,3,3,3,5,2,5,1,1,1,1
5,9,32,0.026935184374451637,0,0,3,4,3,2,2,2,1,1,1,1
5,9,33,0.07398714125156403,0,0,3,4,3,3,2,3,1,1,1,1
5,9,37,0.026075560599565506,0,0,3,5,3,2,2,2,1,2,1,2
5,9,38,0.5196840763092041,0,0,3,5,3,3,2,3,1,2,1,2
5,9,39,0.11976411193609238,0,0,3,5,3,4,2,4,1,2,1,2
5,9,41,0.014086991548538208,0,1,3,6,3,1,2,0,1,0,1,1
5,9,44,0.012404401786625385,0,1,3,6,3,4,2,0,1,0,1,1
5,9,45,0.00215823738835752,0,1,3,6,3,5,2,0,1,0,1,1
5,10,0,7.439409819198772e-05,0,0,3,1,4,0,2,0,1,2,1,4
5,10,2,0.0007426326628774405,0,0,3,3,4,2,2,1,1,1,1,1
5,10,3,1.7811778889154084e-05,0,0,3,3,4,3,2,1,1,1,1,1
5,10,7,0.0016895070439204574,0,0,3,3,4,1,2,2,1,1,1,1
5,10,8,0.00025287416065111756,0,0,3,3,4,2,2,2,1,1,1,1
5,10,11,0.00017153947555925697,0,0,3,3,4,5,2,2,1,1,1,1
5,10,13,0.000212055558222346,0,0,3,3,4,1,2,3,1,1,1,1
5,10,14,9.435216634301469e-05,0,0,3,3,4,2,2,3,1,1,1,1
5,10,16,0.00023098988458514214,0,0,3,3,4,4,2,3,1,1,1,1
5,10,17,0.0006490560481324792,0,0,3,3,4,5,2,3,1,1,1,1
5,10,19,0.0046083964407444,0,0,3,3,4,1,2,4,1,1,1,1
5,10,20,0.0002987970947287977,0,0,3,3,4,2,2,4,1,1,1,1
5,10,22,0.00018712994642555714,0,0,3,3,4,4,2,4,1,1,1,1
5,10,26,3.848060441669077e-05,0,0,3,3,4,2,2,5,1,1,1,1
5,10,27,8.068738679867238e-05,0,0,3,3,4,3,2,5,1,1,1,1
5,10,29,6.08840819040779e-05,0,0,3,3,4,5,2,5,1,1,1,1
5,10,32,0.9603404402732849,0,0,3,4,4,2,2,2,1,1,1,1
5,10,33,0.010967951267957687,0,0,3,4,4,3,2,3,1,1,1,1
5,10,37,0.000664360704831779,0,0,3,5,4,2,2,2,1,2,1,2
5,10,38,0.00949114840477705,0,0,3,5,4,3,2,3,1,2,1,2
5,10,39,0.0017247128998860717,0,0,3,5,4,4,2,4,1,2,1,2
5,10,41,0.0038126627914607525,0,1,3,6,4,1,2,0,1,0,1,1
5,10,44,0.0028599747456610203,0,1,3,6,4,4,2,0,1,0,1,1
5,10,45,0.0007287136395461857,0,1,3,6,4,5,2,0,1,0,1,1
5,12,0,0.00027285568648949265,0,0,3,1,6,0,2,0,1,2,1,4
5,12,2,0.005770401563495398,0,0,3,3,6,2,2,1,1,1,1,1
5,12,3,0.00024523737374693155,0,0,3,3,6,3,2,1,1,1,1,1
5,12,7,0.005553139839321375,0,0,3,3,6,1,2,2,1,1,1,1
5,12,8,0.00028760696295648813,0,0,3,3,6,2,2,2,1,1,1,1
5,12,11,0.0004718512063845992,0,0,3,3,6,5,2,2,1,1,1,1
5,12,13,0.0036210769321769476,0,0,3,3,6,1,2,3,1,1,1,1
5,12,14,0.007269648835062981,0,0,3,3,6,2,2,3,1,1,1,1
5,12,16,0.13101695477962494,0,0,3,3,6,4,2,3,1,1,1,1
5,12,17,0.005037253722548485,0,0,3,3,6,5,2,3,1,1,1,1
5,12,19,0.006712872069329023,0,0,3,3,6,1,2,4,1,1,1,1
5,12,20,0.002937446814030409,0,0,3,3,6,2,2,4,1,1,1,1
5,12,22,0.0015665561659261584,0,0,3,3,6,4,2,4,1,1,1,1
5,12,26,0.0067794667556881905,0,0,3,3,6,2,2,5,1,1,1,1
5,12,27,0.011523707769811153,0,0,3,3,6,3,2,5,1,1,1,1
5,12,29,0.00186512793879956,0,0,3,3,6,5,2,5,1,1,1,1
5,12,32,0.08222323656082153,0,0,3,4,6,2,2,2,1,1,1,1
5,12,33,0.019938495010137558,0,0,3,4,6,3,2,3,1,1,1,1
5,12,37,0.0005029647727496922,0,0,3,5,6,2,2,2,1,2,1,2
5,12,38,0.08584164828062057,0,0,3,5,6,3,2,3,1,2,1,2
5,12,39,0.5863982439041138,0,0,3,5,6,4,2,4,1,2,1,2
5,12,41,0.014843148179352283,0,1,3,6,6,1,2,0,1,0,1,1
5,12,44,0.018768997862935066,0,1,3,6,6,4,2,0,1,0,1,1
5,12,45,0.0005522343562915921,0,1,3,6,6,5,2,0,1,0,1,1
5,15,0,0.20204748213291168,0,0,3,1,3,0,3,0,1,2,1,4
5,15,2,0.014463449828326702,0,0,3,3,3,2,3,1,1,1,1,1
5,15,3,0.029528386890888214,0,0,3,3,3,3,3,1,1,1,1,1
5,15,7,0.025573674589395523,0,0,3,3,3,1,3,2,1,1,1,1
5,15,8,0.0051900120452046394,0,0,3,3,3,2,3,2,1,1,1,1
5,15,11,0.013748068362474442,0,0,3,3,3,5,3,2,1,1,1,1
5,15,13,0.017360351979732513,0,0,3,3,3,1,3,3,1,1,1,1
5,15,14,0.0063825203105807304,0,0,3,3,3,2,3,3,1,1,1,1
5,15,16,0.0047234524972736835,0,0,3,3,3,4,3,3,1,1,1,1
5,15,17,0.010306543670594692,0,0,3,3,3,5,3,3,1,1,1,1
5,15,19,0.05224164202809334,0,0,3,3,3,1,3,4,1,1,1,1
5,15,20,0.023094365373253822,0,0,3,3,3,2,3,4,1,1,1,1
5,15,22,0.03509825840592384,0,0,3,3,3,4,3,4,1,1,1,1
5,15,26,0.016497047618031502,0,0,3,3,3,2,3,5,1,1,1,1
5,15,27,0.020720100030303,0,0,3,3,3,3,3,5,1,1,1,1
5,15,29,0.006240466609597206,0,0,3,3,3,5,3,5,1,1,1,1
5,15,32,0.02340914122760296,0,0,3,4,3,2,3,2,1,1,1,1
5,15,33,0.02057265117764473,0,0,3,4,3,3,3,3,1,1,1,1
5,15,37,0.08225245028734207,0,0,3,5,3,2,3,2,1,2,1,2
5,15,38,0.23491330444812775,0,0,3,5,3,3,3,3,1,2,1,2
5,15,39,0.13308219611644745,0,0,3,5,3,4,3,4,1,2,1,2
5,15,41,0.008950591087341309,0,1,3,6,3,1,3,0,1,0,1,1
5,15,44,0.00507647218182683,0,1,3,6,3,4,3,0,1,0,1,1
5,15,45,0.008527052588760853,0,1,3,6,3,5,3,0,1,0,1,1
5,18,0,0.009574364870786667,0,0,3,1,6,0,3,0,1,2,1,4
5,18,2,0.018267260864377022,0,0,3,3,6,2,3,1,1,1,1,1
5,18,3,0.002418576506897807,0,0,3,3,6,3,3,1,1,1,1,1
5,18,7,0.0267727542668581,0,0,3,3,6,1,3,2,1,1,1,1
5,18,8,0.008777056820690632,0,0,3,3,6,2,3,2,1,1,1,1
5,18,11,0.008807811886072159,0,0,3,3,6,5,3,2,1,1,1,1
5,18,13,0.004570759367197752,0,0,3,3,6,1,3,3,1,1,1,1
5,18,14,0.004073421936482191,0,0,3,3,6,2,3,3,1,1,1,1
5,18,16,0.010622387751936913,0,0,3,3,6,4,3,3,1,1,1,1
5,18,17,0.03459139168262482,0,0,3,3,6,5,3,3,1,1,1,1
5,18,19,0.05699848011136055,0,0,3,3,6,1,3,4,1,1,1,1
5,18,20,0.006667999550700188,0,0,3,3,6,2,3,4,1,1,1,1
5,18,22,0.016752347350120544,0,0,3,3,6,4,3,4,1,1,1,1
5,18,26,0.0036398014053702354,0,0,3,3,6,2,3,5,1,1,1,1
5,18,27,0.006674835458397865,0,0,3,3,6,3,3,5,1,1,1,1
5,18,29,0.004732336383312941,0,0,3,3,6,5,3,5,1,1,1,1
5,18,32,0.1787523776292801,0,0,3,4,6,2,3,2,1,1,1,1
5,18,33,0.05732898786664009,0,0,3,4,6,3,3,3,1,1,1,1
5,18,37,0.029601801186800003,0,0,3,5,6,2,3,2,1,2,1,2
5,18,38,0.15856628119945526,0,0,3,5,6,3,3,3,1,2,1,2
5,18,39,0.04003001004457474,0,0,3,5,6,4,3,4,1,2,1,2
5,18,41,0.10198736935853958,0,1,3,6,6,1,3,0,1,0,1,1
5,18,44,0.1039210632443428,0,1,3,6,6,4,3,0,1,0,1,1
5,18,45,0.10587037354707718,0,1,3,6,6,5,3,0,1,0,1,1
5,21,0,0.03796803578734398,0,0,3,1,3,0,4,0,1,2,1,4
5,21,2,0.006401517428457737,0,0,3,3,3,2,4,1,1,1,1,1
5,21,3,0.005405047442764044,0,0,3,3,3,3,4,1,1,1,1,1
5,21,7,0.0022814206313341856,0,0,3,3,3,1,4,2,1,1,1,1
5,21,8,0.0009579083416610956,0,0,3,3,3,2,4,2,1,1,1,1
5,21,11,0.00372083461843431,0,0,3,3,3,5,4,2,1,1,1,1
5,21,13,0.00929495319724083,0,0,3,3,3,1,4,3,1,1,1,1
5,21,14,0.0043716649524867535,0,0,3,3,3,2,4,3,1,1,1,1
5,21,16,0.002479372313246131,0,0,3,3,3,4,4,3,1,1,1,1
5,21,17,0.011708643287420273,0,0,3,3,3,5,4,3,1,1,1,1
5,21,19,0.026854412630200386,0,0,3,3,3,1,4,4,1,1,1,1
5,21,20,0.012706275098025799,0,0,3,3,3,2,4,4,1,1,1,1
5,21,22,0.006833604536950588,0,0,3,3,3,4,4,4,1,1,1,1
5,21,26,0.006184730678796768,0,0,3,3,3,2,4,5,1,1,1,1
5,21,27,0.006848999764770269,0,0,3,3,3,3,4,5,1,1,1,1
5,21,29,0.0021656176541000605,0,0,3,3,3,5,4,5,1,1,1,1
5,21,32,0.08476568758487701,0,0,3,4,3,2,4,2,1,1,1,1
5,21,33,0.10451091080904007,0,0,3,4,3,3,4,3,1,1,1,1
5,21,37,0.01696755550801754,0,0,3,5,3,2,4,2,1,2,1,2
5,21,38,0.5056477785110474,0,0,3,5,3,3,4,3,1,2,1,2
5,21,39,0.1286786049604416,0,0,3,5,3,4,4,4,1,2,1,2
5,21,41,0.006062371656298637,0,1,3,6,3,1,4,0,1,0,1,1
5,21,44,0.005405743140727282,0,1,3,6,3,4,4,0,1,0,1,1
5,21,45,0.0017781925853341818,0,1,3,6,3,5,4,0,1,0,1,1
5,23,0,0.0034299949184060097,0,0,3,1,5,0,4,0,1,2,1,4
5,23,2,0.0008638161816634238,0,0,3,3,5,2,4,1,1,1,1,1
5,23,3,0.00012017415428999811,0,0,3,3,5,3,4,1,1,1,1,1
5,23,7,0.0010384086053818464,0,0,3,3,5,1,4,2,1,1,1,1
5,23,8,0.00014177690900396556,0,0,3,3,5,2,4,2,1,1,1,1
5,23,11,0.0006582364439964294,0,0,3,3,5,5,4,2,1,1,1,1
5,23,13,0.0008301196503452957,0,0,3,3,5,1,4,3,1,1,1,1
5,23,14,0.00026738844462670386,0,0,3,3,5,2,4,3,1,1,1,1
5,23,16,0.00046110007679089904,0,0,3,3,5,4,4,3,1,1,1,1
5,23,17,0.0030786627903580666,0,0,3,3,5,5,4,3,1,1,1,1
5,23,19,0.006076149642467499,0,0,3,3,5,1,4,4,1,1,1,1
5,23,20,0.001210136222653091,0,0,3,3,5,2,4,4,1,1,1,1
5,23,22,0.0003738445811904967,0,0,3,3,5,4,4,4,1,1,1,1
5,23,26,0.000267665833234787,0,0,3,3,5,2,4,5,1,1,1,1
5,23,27,0.0005021725664846599,0,0,3,3,5,3,4,5,1,1,1,1
5,23,29,0.00010517982445890084,0,0,3,3,5,5,4,5,1,1,1,1
5,23,32,0.042115695774555206,0,0,3,4,5,2,4,2,1,1,1,1
5,23,33,0.06163505092263222,0,0,3,4,5,3,4,3,1,1,1,1
5,23,37,0.011548954993486404,0,0,3,5,5,2,4,2,1,2,1,2
5,23,38,0.806058943271637,0,0,3,5,5,3,4,3,1,2,1,2
5,23,39,0.04235368221998215,0,0,3,5,5,4,4,4,1,2,1,2
5,23,41,0.005767099559307098,0,1,3,6,5,1,4,0,1,0,1,1
5,23,44,0.009523442946374416,0,1,3,6,5,4,4,0,1,0,1,1
5,23,45,0.0015720764640718699,0,1,3,6,5,5,4,0,1,0,1,1
5,24,0,0.0026679879520088434,0,0,3,1,6,0,4,0,1,2,1,4
5,24,2,0.013445285148918629,0,0,3,3,6,2,4,1,1,1,1,1
5,24,3,0.008286063559353352,0,0,3,3,6,3,4,1,1,1,1,1
5,24,7,0.0010758207645267248,0,0,3,3,6,1,4,2,1,1,1,1
5,24,8,0.0009981922339648008,0,0,3,3,6,2,4,2,1,1,1,1
5,24,11,0.004640468396246433,0,0,3,3,6,5,4,2,1,1,1,1
5,24,13,0.002249636687338352,0,0,3,3,6,1,4,3,1,1,1,1
5,24,14,0.008932504802942276,0,0,3,3,6,2,4,3,1,1,1,1
5,24,16,0.013411176390945911,0,0,3,3,6,4,4,3,1,1,1,1
5,24,17,0.034574005752801895,0,0,3,3,6,5,4,3,1,1,1,1
5,24,19,0.013104703277349472,0,0,3,3,6,1,4,4,1,1,1,1
5,24,20,0.008921807631850243,0,0,3,3,6,2,4,4,1,1,1,1
5,24,22,0.009200268425047398,0,0,3,3,6,4,4,4,1,1,1,1
5,24,26,0.009576964192092419,0,0,3,3,6,2,4,5,1,1,1,1
5,24,27,0.019832683727145195,0,0,3,3,6,3,4,5,1,1,1,1
5,24,29,0.02272227592766285,0,0,3,3,6,5,4,5,1,1,1,1
5,24,32,0.0448419414460659,0,0,3,4,6,2,4,2,1,1,1,1
5,24,33,0.09688550233840942,0,0,3,4,6,3,4,3,1,1,1,1
5,24,37,0.006351748015731573,0,0,3,5,6,2,4,2,1,2,1,2
5,24,38,0.15198716521263123,0,0,3,5,6,3,4,3,1,2,1,2
5,24,39,0.48442235589027405,0,0,3,5,6,4,4,4,1,2,1,2
5,24,41,0.011063351295888424,0,1,3,6,6,1,4,0,1,0,1,1
5,24,44,0.022005045786499977,0,1,3,6,6,4,4,0,1,0,1,1
5,24,45,0.008803112432360649,0,1,3,6,6,5,4,0,1,0,1,1
5,25,0,0.019506197422742844,0,0,3,1,1,0,5,0,1,2,1,4
5,25,2,0.0028235644567757845,0,0,3,3,1,2,5,1,1,1,1,1
5,25,3,0.00020530223264358938,0,0,3,3,1,3,5,1,1,1,1,1
5,25,7,0.014260846190154552,0,0,3,3,1,1,5,2,1,1,1,1
5,25,8,0.0027971204835921526,0,0,3,3,1,2,5,2,1,1,1,1
5,25,11,0.0022014849819242954,0,0,3,3,1,5,5,2,1,1,1,1
5,25,13,0.004665908869355917,0,0,3,3,1,1,5,3,1,1,1,1
5,25,14,0.0019986997358500957,0,0,3,3,1,2,5,3,1,1,1,1
5,25,16,0.003750352654606104,0,0,3,3,1,4,5,3,1,1,1,1
5,25,17,0.009592567570507526,0,0,3,3,1,5,5,3,1,1,1,1
5,25,19,0.013063236139714718,0,0,3,3,1,1,5,4,1,1,1,1
5,25,20,0.002323282416909933,0,0,3,3,1,2,5,4,1,1,1,1
5,25,22,0.0011852545430883765,0,0,3,3,1,4,5,4,1,1,1,1
5,25,26,0.0008178873104043305,0,0,3,3,1,2,5,5,1,1,1,1
5,25,27,0.0014411028241738677,0,0,3,3,1,3,5,5,1,1,1,1
5,25,29,0.0002048522437689826,0,0,3,3,1,5,5,5,1,1,1,1
5,25,32,0.022431224584579468,0,0,3,4,1,2,5,2,1,1,1,1
5,25,33,0.05162179097533226,0,0,3,4,1,3,5,3,1,1,1,1
5,25,37,0.04435427114367485,0,0,3,5,1,2,5,2,1,2,1,2
5,25,38,0.6414055228233337,0,0,3,5,1,3,5,3,1,2,1,2
5,25,39,0.008396048098802567,0,0,3,5,1,4,5,4,1,2,1,2
5,25,41,0.06041651591658592,0,1,3,6,1,1,5,0,1,0,1,1
5,25,44,0.07741781324148178,0,1,3,6,1,4,5,0,1,0,1,1
5,25,45,0.013118219561874866,0,1,3,6,1,5,5,0,1,0,1,1
5,28,0,0.031274184584617615,0,0,3,1,4,0,5,0,1,2,1,4
5,28,2,0.0012249480932950974,0,0,3,3,4,2,5,1,1,1,1,1
5,28,3,0.00011548169277375564,0,0,3,3,4,3,5,1,1,1,1,1
5,28,7,0.011346377432346344,0,0,3,3,4,1,5,2,1,1,1,1
5,28,8,0.0020832319278270006,0,0,3,3,4,2,5,2,1,1,1,1
5,28,11,0.004571475088596344,0,0,3,3,4,5,5,2,1,1,1,1
5,28,13,0.0006445871549658477,0,0,3,3,4,1,5,3,1,1,1,1
5,28,14,0.00012562925985548645,0,0,3,3,4,2,5,3,1,1,1,1
5,28,16,8.092585630947724e-05,0,0,3,3,4,4,5,3,1,1,1,1
5,28,17,0.002319424645975232,0,0,3,3,4,5,5,3,1,1,1,1
5,28,19,0.007335552480071783,0,0,3,3,4,1,5,4,1,1,1,1
5,28,20,0.0021612776909023523,0,0,3,3,4,2,5,4,1,1,1,1
5,28,22,0.0004993117763660848,0,0,3,3,4,4,5,4,1,1,1,1
5,28,26,7.705474854446948e-05,0,0,3,3,4,2,5,5,1,1,1,1
5,28,27,0.0001600407704245299,0,0,3,3,4,3,5,5,1,1,1,1
5,28,29,6.691424641758204e-05,0,0,3,3,4,5,5,5,1,1,1,1
5,28,32,0.030343176797032356,0,0,3,4,4,2,5,2,1,1,1,1
5,28,33,0.02305430918931961,0,0,3,4,4,3,5,3,1,1,1,1
5,28,37,0.29587623476982117,0,0,3,5,4,2,5,2,1,2,1,2
5,28,38,0.5452874898910522,0,0,3,5,4,3,5,3,1,2,1,2
5,28,39,0.002654276555404067,0,0,3,5,4,4,5,4,1,2,1,2
5,28,41,0.011323899962008,0,1,3,6,4,1,5,0,1,0,1,1
5,28,44,0.012235352769494057,0,1,3,6,4,4,5,0,1,0,1,1
5,28,45,0.015139199793338776,0,1,3,6,4,5,5,0,1,0,1,1
5,30,0,0.005240004509687424,0,0,3,1,6,0,5,0,1,2,1,4
5,30,2,0.026892634108662605,0,0,3,3,6,2,5,1,1,1,1,1
5,30,3,0.0005589026841334999,0,0,3,3,6,3,5,1,1,1,1,1
5,30,7,0.011458211578428745,0,0,3,3,6,1,5,2,1,1,1,1
5,30,8,0.0019407569197937846,0,0,3,3,6,2,5,2,1,1,1,1
5,30,11,0.00709756463766098,0,0,3,3,6,5,5,2,1,1,1,1
5,30,13,0.007396521978080273,0,0,3,3,6,1,5,3,1,1,1,1
5,30,14,0.012304943986237049,0,0,3,3,6,2,5,3,1,1,1,1
5,30,16,0.05327824875712395,0,0,3,3,6,4,5,3,1,1,1,1
5,30,17,0.02214212156832218,0,0,3,3,6,5,5,3,1,1,1,1
5,30,19,0.019808005541563034,0,0,3,3,6,1,5,4,1,1,1,1
5,30,20,0.01683841645717621,0,0,3,3,6,2,5,4,1,1,1,1
5,30,22,0.006230043713003397,0,0,3,3,6,4,5,4,1,1,1,1
5,30,26,0.00867709144949913,0,0,3,3,6,2,5,5,1,1,1,1
5,30,27,0.009495915845036507,0,0,3,3,6,3,5,5,1,1,1,1
5,30,29,0.0015679190400987864,0,0,3,3,6,5,5,5,1,1,1,1
5,30,32,0.09223152697086334,0,0,3,4,6,2,5,2,1,1,1,1
5,30,33,0.03724609315395355,0,0,3,4,6,3,5,3,1,1,1,1
5,30,37,0.01120615191757679,0,0,3,5,6,2,5,2,1,2,1,2
5,30,38,0.35386279225349426,0,0,3,5,6,3,5,3,1,2,1,2
5,30,39,0.05227380245923996,0,0,3,5,6,4,5,4,1,2,1,2
5,30,41,0.10074902325868607,0,1,3,6,6,1,5,0,1,0,1,1
5,30,44,0.11398793011903763,0,1,3,6,6,4,5,0,1,0,1,1
5,30,45,0.02751513198018074,0,1,3,6,6,5,5,0,1,0,1,1
5,31,0,0.006810003891587257,0,0,4,1,1,0,1,0,1,2,1,4
5,31,2,0.016435233876109123,0,0,4,3,1,2,1,1,1,1,1,1
5,31,3,0.005766584537923336,0,0,4,3,1,3,1,1,1,1,1,1
5,31,7,0.01299357321113348,0,0,4,3,1,1,1,2,1,1,1,1
5,31,8,0.0037131845019757748,0,0,4,3,1,2,1,2,1,1,1,1
5,31,11,0.002364377025514841,0,0,4,3,1,5,1,2,1,1,1,1
5,31,13,0.02108849585056305,0,0,4,3,1,1,1,3,1,1,1,1
5,31,14,0.06212234124541283,0,0,4,3,1,2,1,3,1,1,1,1
5,31,16,0.6701850295066833,0,0,4,3,1,4,1,3,1,1,1,1
5,31,17,0.005894290283322334,0,0,4,3,1,5,1,3,1,1,1,1
5,31,19,0.012516324408352375,0,0,4,3,1,1,1,4,1,1,1,1
5,31,20,0.006037991028279066,0,0,4,3,1,2,1,4,1,1,1,1
5,31,22,0.04634840041399002,0,0,4,3,1,4,1,4,1,1,1,1
5,31,26,0.025088582187891006,0,0,4,3,1,2,1,5,1,1,1,1
5,31,27,0.006450895685702562,0,0,4,3,1,3,1,5,1,1,1,1
5,31,29,0.0033766869455575943,0,0,4,3,1,5,1,5,1,1,1,1
5,31,32,0.002728838939219713,0,0,4,4,1,2,1,2,1,1,1,1
5,31,33,0.0020089203026145697,0,0,4,4,1,3,1,3,1,1,1,1
5,31,37,0.0014802830992266536,0,0,4,5,1,2,1,2,1,2,1,2
5,31,38,0.003611938562244177,0,0,4,5,1,3,1,3,1,2,1,2
5,31,39,0.06247134506702423,0,0,4,5,1,4,1,4,1,2,1,2
5,31,41,0.003440618282184005,0,1,4,6,1,1,1,0,1,0,1,1
5,31,44,0.015578665770590305,0,1,4,6,1,4,1,0,1,0,1,1
5,31,45,0.0014879342634230852,0,1,4,6,1,5,1,0,1,0,1,1
5,34,0,0.01788942888379097,0,0,4,1,4,0,4,0,1,2,1,4
5,34,2,0.02296103723347187,0,0,4,3,4,2,4,1,1,1,1,1
5,34,3,0.011945493519306183,0,0,4,3,4,3,4,1,1,1,1,1
5,34,7,0.009448593482375145,0,0,4,3,4,1,4,2,1,1,1,1
5,34,8,0.004287189804017544,0,0,4,3,4,2,4,2,1,1,1,1
5,34,11,0.005469623953104019,0,0,4,3,4,5,4,2,1,1,1,1
5,34,13,0.0101200882345438,0,0,4,3,4,1,4,3,1,1,1,1
5,34,14,0.004171912558376789,0,0,4,3,4,2,4,3,1,1,1,1
5,34,16,0.030159663408994675,0,0,4,3,4,4,4,3,1,1,1,1
5,34,17,0.014936335384845734,0,0,4,3,4,5,4,3,1,1,1,1
5,34,19,0.27170684933662415,0,0,4,3,4,1,4,4,1,1,1,1
5,34,20,0.03376685082912445,0,0,4,3,4,2,4,4,1,1,1,1
5,34,22,0.18231366574764252,0,0,4,3,4,4,4,4,1,1,1,1
5,34,26,0.01517540868371725,0,0,4,3,4,2,4,5,1,1,1,1
5,34,27,0.021262170746922493,0,0,4,3,4,3,4,5,1,1,1,1
5,34,29,0.01576860621571541,0,0,4,3,4,5,4,5,1,1,1,1
5,34,32,0.06868544965982437,0,0,4,4,4,2,4,2,1,1,1,1
5,34,33,0.005741191562265158,0,0,4,4,4,3,4,3,1,1,1,1
5,34,37,0.004875054582953453,0,0,4,5,4,2,4,2,1,2,1,2
5,34,38,0.017339853569865227,0,0,4,5,4,3,4,3,1,2,1,2
5,34,39,0.1889030635356903,0,0,4,5,4,4,4,4,1,2,1,2
5,34,41,0.01292042713612318,0,1,4,6,4,1,4,0,1,0,1,1
5,34,44,0.010505469515919685,0,1,4,6,4,4,4,0,1,0,1,1
5,34,45,0.019646484404802322,0,1,4,6,4,5,4,0,1,0,1,1
5,35,0,0.014223559759557247,0,0,4,1,5,0,5,0,1,2,1,4
5,35,2,0.008658370934426785,0,0,4,3,5,2,5,1,1,1,1,1
5,35,3,0.000694767280947417,0,0,4,3,5,3,5,1,1,1,1,1
5,35,7,0.0030488241463899612,0,0,4,3,5,1,5,2,1,1,1,1
5,35,8,0.0015852013602852821,0,0,4,3,5,2,5,2,1,1,1,1
5,35,11,0.0030373823828995228,0,0,4,3,5,5,5,2,1,1,1,1
5,35,13,0.003900279989466071,0,0,4,3,5,1,5,3,1,1,1,1
5,35,14,0.005220613908022642,0,0,4,3,5,2,5,3,1,1,1,1
5,35,16,0.022026054561138153,0,0,4,3,5,4,5,3,1,1,1,1
5,35,17,0.017661474645137787,0,0,4,3,5,5,5,3,1,1,1,1
5,35,19,0.03637545183300972,0,0,4,3,5,1,5,4,1,1,1,1
5,35,20,0.01598927192389965,0,0,4,3,5,2,5,4,1,1,1,1
5,35,22,0.009808897040784359,0,0,4,3,5,4,5,4,1,1,1,1
5,35,26,0.0036222434137016535,0,0,4,3,5,2,5,5,1,1,1,1
5,35,27,0.004068095702677965,0,0,4,3,5,3,5,5,1,1,1,1
5,35,29,0.0015193864237517118,0,0,4,3,5,5,5,5,1,1,1,1
5,35,32,0.037488725036382675,0,0,4,4,5,2,5,2,1,1,1,1
5,35,33,0.03942283242940903,0,0,4,4,5,3,5,3,1,1,1,1
5,35,37,0.026868754997849464,0,0,4,5,5,2,5,2,1,2,1,2
5,35,38,0.48848211765289307,0,0,4,5,5,3,5,3,1,2,1,2
5,35,39,0.2021556943655014,0,0,4,5,5,4,5,4,1,2,1,2
5,35,41,0.01275468710809946,0,1,4,6,5,1,5,0,1,0,1,1
5,35,44,0.03602726384997368,0,1,4,6,5,4,5,0,1,0,1,1
5,35,45,0.005360054783523083,0,1,4,6,5,5,5,0,1,0,1,1
5,36,0,0.09784234315156937,0,0,5,1,1,0,1,0,2,2,2,4
5,36,2,0.012333384715020657,0,0,5,3,1,2,1,1,2,1,2,1
5,36,3,0.011129499413073063,0,0,5,3,1,3,1,1,2,1,2,1
5,36,7,0.13305245339870453,0,0,5,3,1,1,1,2,2,1,2,1
5,36,8,0.008541703224182129,0,0,5,3,1,2,1,2,2,1,2,1
5,36,11,0.007780163548886776,0,0,5,3,1,5,1,2,2,1,2,1
5,36,13,0.09466881304979324,0,0,5,3,1,1,1,3,2,1,2,1
5,36,14,0.028188306838274002,0,0,5,3,1,2,1,3,2,1,2,1
5,36,16,0.19503724575042725,0,0,5,3,1,4,1,3,2,1,2,1
5,36,17,0.00957714207470417,0,0,5,3,1,5,1,3,2,1,2,1
5,36,19,0.035284217447042465,0,0,5,3,1,1,1,4,2,1,2,1
5,36,20,0.005042456090450287,0,0,5,3,1,2,1,4,2,1,2,1
5,36,22,0.029371188953518867,0,0,5,3,1,4,1,4,2,1,2,1
5,36,26,0.010466844774782658,0,0,5,3,1,2,1,5,2,1,2,1
5,36,27,0.008333669044077396,0,0,5,3,1,3,1,5,2,1,2,1
5,36,29,0.00235189963132143,0,0,5,3,1,5,1,5,2,1,2,1
5,36,32,0.005859518423676491,0,0,5,4,1,2,1,2,2,1,2,1
5,36,33,0.01935332827270031,0,0,5,4,1,3,1,3,2,1,2,1
5,36,37,0.00910926889628172,0,0,5,5,1,2,1,2,2,2,2,2
5,36,38,0.04570918157696724,0,0,5,5,1,3,1,3,2,2,2,2
5,36,39,0.10974688827991486,0,0,5,5,1,4,1,4,2,2,2,2
5,36,41,0.03538864850997925,0,1,5,6,1,1,1,0,2,0,2,1
5,36,44,0.07760155200958252,0,1,5,6,1,4,1,0,2,0,2,1
5,36,45,0.008230378851294518,0,1,5,6,1,5,1,0,2,0,2,1
5,40,0,0.002447025617584586,0,0,5,1,5,0,5,0,2,2,2,4
5,40,2,0.005387924611568451,0,0,5,3,5,2,5,1,2,1,2,1
5,40,3,0.0016479319892823696,0,0,5,3,5,3,5,1,2,1,2,1
5,40,7,0.0024755350314080715,0,0,5,3,5,1,5,2,2,1,2,1
5,40,8,0.000854162615723908,0,0,5,3,5,2,5,2,2,1,2,1
5,40,11,0.001385551760904491,0,0,5,3,5,5,5,2,2,1,2,1
5,40,13,0.014478274621069431,0,0,5,3,5,1,5,3,2,1,2,1
5,40,14,0.0140151996165514,0,0,5,3,5,2,5,3,2,1,2,1
5,40,16,0.005652118008583784,0,0,5,3,5,4,5,3,2,1,2,1
5,40,17,0.007375817280262709,0,0,5,3,5,5,5,3,2,1,2,1
5,40,19,0.004962273873388767,0,0,5,3,5,1,5,4,2,1,2,1
5,40,20,0.0033694403246045113,0,0,5,3,5,2,5,4,2,1,2,1
5,40,22,0.00039460655534639955,0,0,5,3,5,4,5,4,2,1,2,1
5,40,26,0.00243042572401464,0,0,5,3,5,2,5,5,2,1,2,1
5,40,27,0.0023086671717464924,0,0,5,3,5,3,5,5,2,1,2,1
5,40,29,0.000757786852773279,0,0,5,3,5,5,5,5,2,1,2,1
5,40,32,0.3300066888332367,0,0,5,4,5,2,5,2,2,1,2,1
5,40,33,0.44912198185920715,0,0,5,4,5,3,5,3,2,1,2,1
5,40,37,0.0031279337126761675,0,0,5,5,5,2,5,2,2,2,2,2
5,40,38,0.09488967806100845,0,0,5,5,5,3,5,3,2,2,2,2
5,40,39,0.01158488541841507,0,0,5,5,5,4,5,4,2,2,2,2
5,40,41,0.011333988979458809,0,1,5,6,5,1,5,0,2,0,2,1
5,40,44,0.02926291525363922,0,1,5,6,5,4,5,0,2,0,2,1
5,40,45,0.0007290627108886838,0,1,5,6,5,5,5,0,2,0,2,1
5,42,0,0.008794497698545456,1,0,6,1,2,0,0,0,0,2,1,4
5,42,2,0.001721594133414328,1,0,6,3,2,2,0,1,0,1,1,1
5,42,3,0.0002513505460228771,1,0,6,3,2,3,0,1,0,1,1,1
5,42,7,0.2583656311035156,1,0,6,3,2,1,0,2,0,1,1,1
5,42,8,0.1483534723520279,1,0,6,3,2,2,0,2,0,1,1,1
5,42,11,0.043900858610868454,1,0,6,3,2,5,0,2,0,1,1,1
5,42,13,0.003066661302000284,1,0,6,3,2,1,0,3,0,1,1,1
5,42,14,0.0001677976397331804,1,0,6,3,2,2,0,3,0,1,1,1
5,42,16,2.6864798201131634e-05,1,0,6,3,2,4,0,3,0,1,1,1
5,42,17,0.0017175715183839202,1,0,6,3,2,5,0,3,0,1,1,1
5,42,19,0.006875785067677498,1,0,6,3,2,1,0,4,0,1,1,1
5,42,20,0.002247884403914213,1,0,6,3,2,2,0,4,0,1,1,1
5,42,22,0.0006126853404566646,1,0,6,3,2,4,0,4,0,1,1,1
5,42,26,3.241618469473906e-05,1,0,6,3,2,2,0,5,0,1,1,1
5,42,27,0.0001248236367246136,1,0,6,3,2,3,0,5,0,1,1,1
5,42,29,0.000247446121647954,1,0,6,3,2,5,0,5,0,1,1,1
5,42,32,0.05499899759888649,1,0,6,4,2,2,0,2,0,1,1,1
5,42,33,0.005855628754943609,1,0,6,4,2,3,0,3,0,1,1,1
5,42,37,0.1864526867866516,1,0,6,5,2,2,0,2,0,2,1,2
5,42,38,0.0028701676055788994,1,0,6,5,2,3,0,3,0,2,1,2
5,42,39,5.348069862520788e-06,1,0,6,5,2,4,0,4,0,2,1,2
5,42,41,0.07745715975761414,1,1,6,6,2,1,0,0,0,0,1,1
5,42,44,0.015005058608949184,1,1,6,6,2,4,0,0,0,0,1,1
5,42,45,0.18084758520126343,1,1,6,6,2,5,0,0,0,0,1,1
5,43,0,0.004250247962772846,1,0,6,1,3,0,0,0,0,2,1,4
5,43,2,1.8173046555602923e-05,1,0,6,3,3,2,0,1,0,1,1,1
5,43,3,5.118815352034289e-06,1,0,6,3,3,3,0,1,0,1,1,1
5,43,7,0.0022879864554852247,1,0,6,3,3,1,0,2,0,1,1,1
5,43,8,0.0024228680413216352,1,0,6,3,3,2,0,2,0,1,1,1
5,43,11,0.0030686981044709682,1,0,6,3,3,5,0,2,0,1,1,1
5,43,13,1.9837363652186468e-05,1,0,6,3,3,1,0,3,0,1,1,1
5,43,14,1.2168942475909716e-06,1,0,6,3,3,2,0,3,0,1,1,1
5,43,16,5.293934535188782e-08,1,0,6,3,3,4,0,3,0,1,1,1
5,43,17,6.195792957441881e-05,1,0,6,3,3,5,0,3,0,1,1,1
5,43,19,0.00010818276496138424,1,0,6,3,3,1,0,4,0,1,1,1
5,43,20,0.00012086023343726993,1,0,6,3,3,2,0,4,0,1,1,1
5,43,22,4.691708909376757e-06,1,0,6,3,3,4,0,4,0,1,1,1
5,43,26,2.519906843190256e-07,1,0,6,3,3,2,0,5,0,1,1,1
5,43,27,1.127826976698998e-06,1,0,6,3,3,3,0,5,0,1,1,1
5,43,29,1.7715040030452656e-06,1,0,6,3,3,5,0,5,0,1,1,1
5,43,32,0.0003021806478500366,1,0,6,4,3,2,0,2,0,1,1,1
5,43,33,0.0006643326487392187,1,0,6,4,3,3,0,3,0,1,1,1
5,43,37,0.9701514840126038,1,0,6,5,3,2,0,2,0,2,1,2
5,43,38,0.011532583273947239,1,0,6,5,3,3,0,3,0,2,1,2
5,43,39,8.369990496248647e-07,1,0,6,5,3,4,0,4,0,2,1,2
5,43,41,0.00039589012158103287,1,1,6,6,3,1,0,0,0,0,1,1
5,43,44,0.0002939436526503414,1,1,6,6,3,4,0,0,0,0,1,1
5,43,45,0.004285638686269522,1,1,6,6,3,5,0,0,0,0,1,1
5,46,0,0.0019709167536348104,1,0,6,1,6,0,0,0,0,2,1,4
5,46,2,0.004475184716284275,1,0,6,3,6,2,0,1,0,1,1,1
5,46,3,0.00028089876286685467,1,0,6,3,6,3,0,1,0,1,1,1
5,46,7,0.08211006969213486,1,0,6,3,6,1,0,2,0,1,1,1
5,46,8,0.07361721247434616,1,0,6,3,6,2,0,2,0,1,1,1
5,46,11,0.06788909435272217,1,0,6,3,6,5,0,2,0,1,1,1
5,46,13,0.0014335265150293708,1,0,6,3,6,1,0,3,0,1,1,1
5,46,14,0.0010332140373066068,1,0,6,3,6,2,0,3,0,1,1,1
5,46,16,0.00031606308766640723,1,0,6,3,6,4,0,3,0,1,1,1
5,46,17,0.00652287108823657,1,0,6,3,6,5,0,3,0,1,1,1
5,46,19,0.0016476078890264034,1,0,6,3,6,1,0,4,0,1,1,1
5,46,20,0.002878461731597781,1,0,6,3,6,2,0,4,0,1,1,1
5,46,22,0.00031486593070439994,1,0,6,3,6,4,0,4,0,1,1,1
5,46,26,0.00011345926759531721,1,0,6,3,6,2,0,5,0,1,1,1
5,46,27,0.0005170512013137341,1,0,6,3,6,3,0,5,0,1,1,1
5,46,29,0.0009829059708863497,1,0,6,3,6,5,0,5,0,1,1,1
5,46,32,0.018841424956917763,1,0,6,4,6,2,0,2,0,1,1,1
5,46,33,0.014303204603493214,1,0,6,4,6,3,0,3,0,1,1,1
5,46,37,0.22831228375434875,1,0,6,5,6,2,0,2,0,2,1,2
5,46,38,0.016213685274124146,1,0,6,5,6,3,0,3,0,2,1,2
5,46,39,6.286936695687473e-05,1,0,6,5,6,4,0,4,0,2,1,2
5,46,41,0.10794392973184586,1,1,6,6,6,1,0,0,0,0,1,1
5,46,44,0.07353601604700089,1,1,6,6,6,4,0,0,0,0,1,1
5,46,45,0.2946830987930298,1,1,6,6,6,5,0,0,0,0,1,1
5,47,0,0.0634518712759018,2,0,7,1,0,0,0,0,0,2,4,4
5,47,2,0.0007238610996864736,2,0,7,3,0,2,0,1,0,1,4,1
5,47,3,0.0017873443430289626,2,0,7,3,0,3,0,1,0,1,4,1
5,47,7,0.5981597900390625,2,0,7,3,0,1,0,2,0,1,4,1
5,47,8,0.021729009225964546,2,0,7,3,0,2,0,2,0,1,4,1
5,47,11,0.018018154427409172,2,0,7,3,0,5,0,2,0,1,4,1
5,47,13,0.016366535797715187,2,0,7,3,0,1,0,3,0,1,4,1
5,47,14,9.404214506503195e-05,2,0,7,3,0,2,0,3,0,1,4,1
5,47,16,0.00015024856838863343,2,0,7,3,0,4,0,3,0,1,4,1
5,47,17,0.0010899316985160112,2,0,7,3,0,5,0,3,0,1,4,1
5,47,19,0.013304143212735653,2,0,7,3,0,1,0,4,0,1,4,1
5,47,20,0.001232961774803698,2,0,7,3,0,2,0,4,0,1,4,1
5,47,22,0.0020256219431757927,2,0,7,3,0,4,0,4,0,1,4,1
5,47,26,0.00033379625529050827,2,0,7,3,0,2,0,5,0,1,4,1
5,47,27,0.0025376668199896812,2,0,7,3,0,3,0,5,0,1,4,1
5,47,29,0.0003083637566305697,2,0,7,3,0,5,0,5,0,1,4,1
5,47,32,0.0005912429769523442,2,0,7,4,0,2,0,2,0,1,4,1
5,47,33,0.0006254893960431218,2,0,7,4,0,3,0,3,0,1,4,1
5,47,37,0.03279557451605797,2,0,7,5,0,2,0,2,0,2,4,2
5,47,38,0.00919878389686346,2,0,7,5,0,3,0,3,0,2,4,2
5,47,39,0.00013211366604082286,2,0,7,5,0,4,0,4,0,2,4,2
5,47,41,0.07699592411518097,2,1,7,6,0,1,0,0,0,0,4,1
5,47,44,0.005652105435729027,2,1,7,6,0,4,0,0,0,0,4,1
5,47,45,0.1326950341463089,2,1,7,6,0,5,0,0,0,0,4,1
6,1,0,0.039720699191093445,0,0,3,1,1,0,1,0,1,2,1,4
6,1,3,0.03613938391208649,0,0,3,3,1,3,1,1,1,1,1,1
6,1,4,0.02162647433578968,0,0,3,3,1,4,1,1,1,1,1,1
6,1,5,0.011516222730278969,0,0,3,3,1,5,1,1,1,1,1,1
6,1,9,0.009310333989560604,0,0,3,3,1,3,1,2,1,1,1,1
6,1,11,0.0036990796215832233,0,0,3,3,1,5,1,2,1,1,1,1
6,1,12,0.033008553087711334,0,0,3,3,1,6,1,2,1,1,1,1
6,1,14,0.039001233875751495,0,0,3,3,1,2,1,3,1,1,1,1
6,1,16,0.007117059547454119,0,0,3,3,1,4,1,3,1,1,1,1
6,1,17,0.05695432052016258,0,0,3,3,1,5,1,3,1,1,1,1
6,1,20,0.03654320165514946,0,0,3,3,1,2,1,4,1,1,1,1
6,1,21,0.005829302594065666,0,0,3,3,1,3,1,4,1,1,1,1
6,1,22,0.01634879782795906,0,0,3,3,1,4,1,4,1,1,1,1
6,1,25,0.028781037777662277,0,0,3,3,1,1,1,5,1,1,1,1
6,1,27,0.06075750291347504,0,0,3,3,1,3,1,5,1,1,1,1
6,1,30,0.048120804131031036,0,0,3,3,1,6,1,5,1,1,1,1
6,1,33,0.35748013854026794,0,0,3,4,1,3,1,3,1,1,1,1
6,1,34,0.0020260598976165056,0,0,3,4,1,4,1,4,1,1,1,1
6,1,35,0.12098505347967148,0,0,3,4,1,5,1,5,1,1,1,1
6,1,39,0.0021869358606636524,0,0,3,5,1,4,1,4,1,2,1,2
6,1,40,0.04085707291960716,0,0,3,5,1,5,1,5,1,2,1,2
6,1,41,0.00565672991797328,0,1,3,6,1,1,1,0,1,0,1,1
6,1,44,0.006901378743350506,0,1,3,6,1,4,1,0,1,0,1,1
6,1,46,0.009432800114154816,0,1,3,6,1,6,1,0,1,0,1,1
6,2,0,0.0274920966476202,0,0,3,1,2,0,1,0,1,2,1,4
6,2,3,0.02446436509490013,0,0,3,3,2,3,1,1,1,1,1,1
6,2,4,0.038031481206417084,0,0,3,3,2,4,1,1,1,1,1,1
6,2,5,0.007131676189601421,0,0,3,3,2,5,1,1,1,1,1,1
6,2,9,0.001975134713575244,0,0,3,3,2,3,1,2,1,1,1,1
6,2,11,0.00055585807422176,0,0,3,3,2,5,1,2,1,1,1,1
6,2,12,0.010616711340844631,0,0,3,3,2,6,1,2,1,1,1,1
6,2,14,0.13427279889583588,0,0,3,3,2,2,1,3,1,1,1,1
6,2,16,0.002409345004707575,0,0,3,3,2,4,1,3,1,1,1,1
6,2,17,0.051021285355091095,0,0,3,3,2,5,1,3,1,1,1,1
6,2,20,0.0754173994064331,0,0,3,3,2,2,1,4,1,1,1,1
6,2,21,0.0028213155455887318,0,0,3,3,2,3,1,4,1,1,1,1
6,2,22,0.012918219901621342,0,0,3,3,2,4,1,4,1,1,1,1
6,2,25,0.031165802851319313,0,0,3,3,2,1,1,5,1,1,1,1
6,2,27,0.042002540081739426,0,0,3,3,2,3,1,5,1,1,1,1
6,2,30,0.009142676368355751,0,0,3,3,2,6,1,5,1,1,1,1
6,2,33,0.30293595790863037,0,0,3,4,2,3,1,3,1,1,1,1
6,2,34,0.0008239515591412783,0,0,3,4,2,4,1,4,1,1,1,1
6,2,35,0.03348156809806824,0,0,3,4,2,5,1,5,1,1,1,1
6,2,39,0.0005777681362815201,0,0,3,5,2,4,1,4,1,2,1,2
6,2,40,0.013144287280738354,0,0,3,5,2,5,1,5,1,2,1,2
6,2,41,0.04880469664931297,0,1,3,6,2,1,1,0,1,0,1,1
6,2,44,0.04671214893460274,0,1,3,6,2,4,1,0,1,0,1,1
6,2,46,0.0820809006690979,0,1,3,6,2,6,1,0,1,0,1,1
6,6,0,0.08495204150676727,0,0,3,1,6,0,1,0,1,2,1,4
6,6,3,0.14050841331481934,0,0,3,3,6,3,1,1,1,1,1,1
6,6,4,0.020728249102830887,0,0,3,3,6,4,1,1,1,1,1,1
6,6,5,0.058967530727386475,0,0,3,3,6,5,1,1,1,1,1,1
6,6,9,0.03478380665183067,0,0,3,3,6,3,1,2,1,1,1,1
6,6,11,0.015608611516654491,0,0,3,3,6,5,1,2,1,1,1,1
6,6,12,0.02944989688694477,0,0,3,3,6,6,1,2,1,1,1,1
6,6,14,0.06104988232254982,0,0,3,3,6,2,1,3,1,1,1,1
6,6,16,0.005119672976434231,0,0,3,3,6,4,1,3,1,1,1,1
6,6,17,0.05834265425801277,0,0,3,3,6,5,1,3,1,1,1,1
6,6,20,0.03684193640947342,0,0,3,3,6,2,1,4,1,1,1,1
6,6,21,0.01760653220117092,0,0,3,3,6,3,1,4,1,1,1,1
6,6,22,0.00652739591896534,0,0,3,3,6,4,1,4,1,1,1,1
6,6,25,0.04225734993815422,0,0,3,3,6,1,1,5,1,1,1,1
6,6,27,0.09216179698705673,0,0,3,3,6,3,1,5,1,1,1,1
6,6,30,0.011884043924510479,0,0,3,3,6,6,1,5,1,1,1,1
6,6,33,0.0862143337726593,0,0,3,4,6,3,1,3,1,1,1,1
6,6,34,0.00027388069429434836,0,0,3,4,6,4,1,4,1,1,1,1
6,6,35,0.04190519452095032,0,0,3,4,6,5,1,5,1,1,1,1
6,6,39,0.000248427881160751,0,0,3,5,6,4,1,4,1,2,1,2
6,6,40,0.002904139459133148,0,0,3,5,6,5,1,5,1,2,1,2
6,6,41,0.04645773768424988,0,1,3,6,6,1,1,0,1,0,1,1
6,6,44,0.05561244115233421,0,1,3,6,6,4,1,0,1,0,1,1
6,6,46,0.049593932926654816,0,1,3,6,6,6,1,0,1,0,1,1
6,7,0,0.0010467261308804154,0,0,3,1,1,0,2,0,1,2,1,4
6,7,3,0.007989009842276573,0,0,3,3,1,3,2,1,1,1,1,1
6,7,4,0.0086560919880867,0,0,3,3,1,4,2,1,1,1,1,1
6,7,5,0.0005151934456080198,0,0,3,3,1,5,2,1,1,1,1,1
6,7,9,0.0003167889663018286,0,0,3,3,1,3,2,2,1,1,1,1
6,7,11,3.647040284704417e-05,0,0,3,3,1,5,2,2,1,1,1,1
6,7,12,0.003699950873851776,0,0,3,3,1,6,2,2,1,1,1,1
6,7,14,0.020178351551294327,0,0,3,3,1,2,2,3,1,1,1,1
6,7,16,0.0022071567364037037,0,0,3,3,1,4,2,3,1,1,1,1
6,7,17,0.01670939475297928,0,0,3,3,1,5,2,3,1,1,1,1
6,7,20,0.01307032722979784,0,0,3,3,1,2,2,4,1,1,1,1
6,7,21,0.0018608097452670336,0,0,3,3,1,3,2,4,1,1,1,1
6,7,22,0.008897904306650162,0,0,3,3,1,4,2,4,1,1,1,1
6,7,25,0.001839776523411274,0,0,3,3,1,1,2,5,1,1,1,1
6,7,27,0.03354988992214203,0,0,3,3,1,3,2,5,1,1,1,1
6,7,30,0.01117932703346014,0,0,3,3,1,6,2,5,1,1,1,1
6,7,33,0.7590365409851074,0,0,3,4,1,3,2,3,1,1,1,1
6,7,34,0.0019388863584026694,0,0,3,4,1,4,2,4,1,1,1,1
6,7,35,0.027315005660057068,0,0,3,4,1,5,2,5,1,1,1,1
6,7,39,0.0058630285784602165,0,0,3,5,1,4,2,4,1,2,1,2
6,7,40,0.0706532821059227,0,0,3,5,1,5,2,5,1,2,1,2
6,7,41,0.0003349756880197674,0,1,3,6,1,1,2,0,1,0,1,1
6,7,44,0.0009140144684351981,0,1,3,6,1,4,2,0,1,0,1,1
6,7,46,0.0021911547519266605,0,1,3,6,1,6,2,0,1,0,1,1
6,8,0,0.07202865928411484,0,0,3,1,2,0,2,0,1,2,1,4
6,8,3,0.0270284004509449,0,0,3,3,2,3,2,1,1,1,1,1
6,8,4,0.006484911311417818,0,0,3,3,2,4,2,1,1,1,1,1
6,8,5,0.0036788033321499825,0,0,3,3,2,5,2,1,1,1,1,1
6,8,9,0.004660376813262701,0,0,3,3,2,3,2,2,1,1,1,1
6,8,11,0.0015489553334191442,0,0,3,3,2,5,2,2,1,1,1,1
6,8,12,0.017618924379348755,0,0,3,3,2,6,2,2,1,1,1,1
6,8,14,0.22088722884655,0,0,3,3,2,2,2,3,1,1,1,1
6,8,16,0.004009019583463669,0,0,3,3,2,4,2,3,1,1,1,1
6,8,17,0.1367660015821457,0,0,3,3,2,5,2,3,1,1,1,1
6,8,20,0.06280013173818588,0,0,3,3,2,2,2,4,1,1,1,1
6,8,21,0.005426761694252491,0,0,3,3,2,3,2,4,1,1,1,1
6,8,22,0.011973796412348747,0,0,3,3,2,4,2,4,1,1,1,1
6,8,25,0.022463670000433922,0,0,3,3,2,1,2,5,1,1,1,1
6,8,27,0.022150183096528053,0,0,3,3,2,3,2,5,1,1,1,1
6,8,30,0.011394317261874676,0,0,3,3,2,6,2,5,1,1,1,1
6,8,33,0.1539786458015442,0,0,3,4,2,3,2,3,1,1,1,1
6,8,34,0.0027910196222364902,0,0,3,4,2,4,2,4,1,1,1,1
6,8,35,0.041903868317604065,0,0,3,4,2,5,2,5,1,1,1,1
6,8,39,0.002353699179366231,0,0,3,5,2,4,2,4,1,2,1,2
6,8,40,0.057209402322769165,0,0,3,5,2,5,2,5,1,2,1,2
6,8,41,0.0542491190135479,0,1,3,6,2,1,2,0,1,0,1,1
6,8,44,0.024206101894378662,0,1,3,6,2,4,2,0,1,0,1,1
6,8,46,0.032388098537921906,0,1,3,6,2,6,2,0,1,0,1,1
6,10,0,0.0008587591000832617,0,0,3,1,4,0,2,0,1,2,1,4
6,10,3,0.0021613221615552902,0,0,3,3,4,3,2,1,1,1,1,1
6,10,4,0.0004230990307405591,0,0,3,3,4,4,2,1,1,1,1,1
6,10,5,0.0022531526628881693,0,0,3,3,4,5,2,1,1,1,1,1
6,10,9,0.000234622712014243,0,0,3,3,4,3,2,2,1,1,1,1
6,10,11,0.00047678311238996685,0,0,3,3,4,5,2,2,1,1,1,1
6,10,12,0.002103567821905017,0,0,3,3,4,6,2,2,1,1,1,1
6,10,14,0.07694043964147568,0,0,3,3,4,2,2,3,1,1,1,1
6,10,16,0.0007014162256382406,0,0,3,3,4,4,2,3,1,1,1,1
6,10,17,0.8357750773429871,0,0,3,3,4,5,2,3,1,1,1,1
6,10,20,0.025082925334572792,0,0,3,3,4,2,2,4,1,1,1,1
6,10,21,0.005053343717008829,0,0,3,3,4,3,2,4,1,1,1,1
6,10,22,0.007151521276682615,0,0,3,3,4,4,2,4,1,1,1,1
6,10,25,0.0023620110005140305,0,0,3,3,4,1,2,5,1,1,1,1
6,10,27,0.006618978455662727,0,0,3,3,4,3,2,5,1,1,1,1
6,10,30,0.00025374218239448965,0,0,3,3,4,6,2,5,1,1,1,1
6,10,33,0.020236818119883537,0,0,3,4,4,3,2,3,1,1,1,1
6,10,34,0.00017851496522780508,0,0,3,4,4,4,2,4,1,1,1,1
6,10,35,0.006049246992915869,0,0,3,4,4,5,2,5,1,1,1,1
6,10,39,1.3996564121043775e-05,0,0,3,5,4,4,2,4,1,2,1,2
6,10,40,0.001758672995492816,0,0,3,5,4,5,2,5,1,2,1,2
6,10,41,0.0022829403169453144,0,1,3,6,4,1,2,0,1,0,1,1
6,10,44,0.0004910710267722607,0,1,3,6,4,4,2,0,1,0,1,1
6,10,46,0.0005377699271775782,0,1,3,6,4,6,2,0,1,0,1,1
6,13,0,0.09680075943470001,0,0,3,1,1,0,3,0,1,2,1,4
6,13,3,0.022655168548226357,0,0,3,3,1,3,3,1,1,1,1,1
6,13,4,0.027142861858010292,0,0,3,3,1,4,3,1,1,1,1,1
6,13,5,0.010900766588747501,0,0,3,3,1,5,3,1,1,1,1,1
6,13,9,0.007568580564111471,0,0,3,3,1,3,3,2,1,1,1,1
6,13,11,0.003625622484833002,0,0,3,3,1,5,3,2,1,1,1,1
6,13,12,0.014873853884637356,0,0,3,3,1,6,3,2,1,1,1,1
6,13,14,0.05660724639892578,0,0,3,3,1,2,3,3,1,1,1,1
6,13,16,0.011739637702703476,0,0,3,3,1,4,3,3,1,1,1,1
6,13,17,0.07688750326633453,0,0,3,3,1,5,3,3,1,1,1,1
6,13,20,0.04102972522377968,0,0,3,3,1,2,3,4,1,1,1,1
6,13,21,0.007862106896936893,0,0,3,3,1,3,3,4,1,1,1,1
6,13,22,0.03734605014324188,0,0,3,3,1,4,3,4,1,1,1,1
6,13,25,0.028190093114972115,0,0,3,3,1,1,3,5,1,1,1,1
6,13,27,0.0573655441403389,0,0,3,3,1,3,3,5,1,1,1,1
6,13,30,0.032245032489299774,0,0,3,3,1,6,3,5,1,1,1,1
6,13,33,0.19029392302036285,0,0,3,4,1,3,3,3,1,1,1,1
6,13,34,0.010582244023680687,0,0,3,4,1,4,3,4,1,1,1,1
6,13,35,0.06791743636131287,0,0,3,4,1,5,3,5,1,1,1,1
6,13,39,0.006860049441456795,0,0,3,5,1,4,3,4,1,2,1,2
6,13,40,0.10909628868103027,0,0,3,5,1,5,3,5,1,2,1,2
6,13,41,0.02419017255306244,0,1,3,6,1,1,3,0,1,0,1,1
6,13,44,0.028638890013098717,0,1,3,6,1,4,3,0,1,0,1,1
6,13,46,0.02958032116293907,0,1,3,6,1,6,3,0,1,0,1,1
6,15,0,0.06858593970537186,0,0,3,1,3,0,3,0,1,2,1,4
6,15,3,0.10330580174922943,0,0,3,3,3,3,3,1,1,1,1,1
6,15,4,0.030834173783659935,0,0,3,3,3,4,3,1,1,1,1,1
6,15,5,0.10038749873638153,0,0,3,3,3,5,3,1,1,1,1,1
6,15,9,0.05845126882195473,0,0,3,3,3,3,3,2,1,1,1,1
6,15,11,0.14857597649097443,0,0,3,3,3,5,3,2,1,1,1,1
6,15,12,0.0372784323990345,0,0,3,3,3,6,3,2,1,1,1,1
6,15,14,0.020227760076522827,0,0,3,3,3,2,3,3,1,1,1,1
6,15,16,0.015813471749424934,0,0,3,3,3,4,3,3,1,1,1,1
6,15,17,0.06559675931930542,0,0,3,3,3,5,3,3,1,1,1,1
6,15,20,0.03021964058279991,0,0,3,3,3,2,3,4,1,1,1,1
6,15,21,0.030668776482343674,0,0,3,3,3,3,3,4,1,1,1,1
6,15,22,0.012158948928117752,0,0,3,3,3,4,3,4,1,1,1,1
6,15,25,0.03137166053056717,0,0,3,3,3,1,3,5,1,1,1,1
6,15,27,0.052649904042482376,0,0,3,3,3,3,3,5,1,1,1,1
6,15,30,0.024105466902256012,0,0,3,3,3,6,3,5,1,1,1,1
6,15,33,0.03756081312894821,0,0,3,4,3,3,3,3,1,1,1,1
6,15,34,0.0024635836016386747,0,0,3,4,3,4,3,4,1,1,1,1
6,15,35,0.07792764157056808,0,0,3,4,3,5,3,5,1,1,1,1
6,15,39,0.0009689159924164414,0,0,3,5,3,4,3,4,1,2,1,2
6,15,40,0.009838823229074478,0,0,3,5,3,5,3,5,1,2,1,2
6,15,41,0.01512717455625534,0,1,3,6,3,1,3,0,1,0,1,1
6,15,44,0.017497507855296135,0,1,3,6,3,4,3,0,1,0,1,1
6,15,46,0.008384070359170437,0,1,3,6,3,6,3,0,1,0,1,1
6,18,0,0.3606472611427307,0,0,3,1,6,0,3,0,1,2,1,4
6,18,3,0.09264161437749863,0,0,3,3,6,3,3,1,1,1,1,1
6,18,4,0.00578297721222043,0,0,3,3,6,4,3,1,1,1,1,1
6,18,5,0.04762091860175133,0,0,3,3,6,5,3,1,1,1,1,1
6,18,9,0.18484129011631012,0,0,3,3,6,3,3,2,1,1,1,1
6,18,11,0.11659590154886246,0,0,3,3,6,5,3,2,1,1,1,1
6,18,12,0.019785236567258835,0,0,3,3,6,6,3,2,1,1,1,1
6,18,14,0.0052979751490056515,0,0,3,3,6,2,3,3,1,1,1,1
6,18,16,0.002195106353610754,0,0,3,3,6,4,3,3,1,1,1,1
6,18,17,0.0031092907302081585,0,0,3,3,6,5,3,3,1,1,1,1
6,18,20,0.005252030678093433,0,0,3,3,6,2,3,4,1,1,1,1
6,18,21,0.005182141903787851,0,0,3,3,6,3,3,4,1,1,1,1
6,18,22,0.0008765676175244153,0,0,3,3,6,4,3,4,1,1,1,1
6,18,25,0.03867308795452118,0,0,3,3,6,1,3,5,1,1,1,1
6,18,27,0.01725601591169834,0,0,3,3,6,3,3,5,1,1,1,1
6,18,30,0.013677782379090786,0,0,3,3,6,6,3,5,1,1,1,1
6,18,33,0.00264840223826468,0,0,3,4,6,3,3,3,1,1,1,1
6,18,34,0.0001650682679610327,0,0,3,4,6,4,3,4,1,1,1,1
6,18,35,0.02212660014629364,0,0,3,4,6,5,3,5,1,1,1,1
6,18,39,0.00015181725029833615,0,0,3,5,6,4,3,4,1,2,1,2
6,18,40,0.0022704554721713066,0,0,3,5,6,5,3,5,1,2,1,2
6,18,41,0.024870017543435097,0,1,3,6,6,1,3,0,1,0,1,1
6,18,44,0.019435320049524307,0,1,3,6,6,4,3,0,1,0,1,1
6,18,46,0.008896945044398308,0,1,3,6,6,6,3,0,1,0,1,1
6,19,0,0.016980048269033432,0,0,3,1,1,0,4,0,1,2,1,4
6,19,3,0.019685424864292145,0,0,3,3,1,3,4,1,1,1,1,1
6,19,4,0.0059228623285889626,0,0,3,3,1,4,4,1,1,1,1,1
6,19,5,0.008392272517085075,0,0,3,3,1,5,4,1,1,1,1,1
6,19,9,0.005652592983096838,0,0,3,3,1,3,4,2,1,1,1,1
6,19,11,0.0011648337822407484,0,0,3,3,1,5,4,2,1,1,1,1
6,19,12,0.01575396955013275,0,0,3,3,1,6,4,2,1,1,1,1
6,19,14,0.07638518512248993,0,0,3,3,1,2,4,3,1,1,1,1
6,19,16,0.0020719042513519526,0,0,3,3,1,4,4,3,1,1,1,1
6,19,17,0.2045835703611374,0,0,3,3,1,5,4,3,1,1,1,1
6,19,20,0.03342917189002037,0,0,3,3,1,2,4,4,1,1,1,1
6,19,21,0.00848251674324274,0,0,3,3,1,3,4,4,1,1,1,1
6,19,22,0.010888845659792423,0,0,3,3,1,4,4,4,1,1,1,1
6,19,25,0.013681929558515549,0,0,3,3,1,1,4,5,1,1,1,1
6,19,27,0.0855720266699791,0,0,3,3,1,3,4,5,1,1,1,1
6,19,30,0.007546436972916126,0,0,3,3,1,6,4,5,1,1,1,1
6,19,33,0.20487970113754272,0,0,3,4,1,3,4,3,1,1,1,1
6,19,34,0.00047078600618988276,0,0,3,4,1,4,4,4,1,1,1,1
6,19,35,0.0459628626704216,0,0,3,4,1,5,4,5,1,1,1,1
6,19,39,0.0014055335195735097,0,0,3,5,1,4,4,4,1,2,1,2
6,19,40,0.1895727515220642,0,0,3,5,1,5,4,5,1,2,1,2
6,19,41,0.01744740642607212,0,1,3,6,1,1,4,0,1,0,1,1
6,19,44,0.00554801058024168,0,1,3,6,1,4,4,0,1,0,1,1
6,19,46,0.018519340083003044,0,1,3,6,1,6,4,0,1,0,1,1
6,23,0,0.058272942900657654,0,0,3,1,5,0,4,0,1,2,1,4
6,23,3,0.023021062836050987,0,0,3,3,5,3,4,1,1,1,1,1
6,23,4,0.022658653557300568,0,0,3,3,5,4,4,1,1,1,1,1
6,23,5,0.015717120841145515,0,0,3,3,5,5,4,1,1,1,1,1
6,23,9,0.01978064700961113,0,0,3,3,5,3,4,2,1,1,1,1
6,23,11,0.01783503033220768,0,0,3,3,5,5,4,2,1,1,1,1
6,23,12,0.017059991136193275,0,0,3,3,5,6,4,2,1,1,1,1
6,23,14,0.02781914919614792,0,0,3,3,5,2,4,3,1,1,1,1
6,23,16,0.005045990459620953,0,0,3,3,5,4,4,3,1,1,1,1
6,23,17,0.03713506460189819,0,0,3,3,5,5,4,3,1,1,1,1
6,23,20,0.04407830908894539,0,0,3,3,5,2,4,4,1,1,1,1
6,23,21,0.020412422716617584,0,0,3,3,5,3,4,4,1,1,1,1
6,23,22,0.018423227593302727,0,0,3,3,5,4,4,4,1,1,1,1
6,23,25,0.02221892774105072,0,0,3,3,5,1,4,5,1,1,1,1
6,23,27,0.030062591657042503,0,0,3,3,5,3,4,5,1,1,1,1
6,23,30,0.006287078373134136,0,0,3,3,5,6,4,5,1,1,1,1
6,23,33,0.04856118559837341,0,0,3,4,5,3,4,3,1,1,1,1
6,23,34,0.0012352339690551162,0,0,3,4,5,4,4,4,1,1,1,1
6,23,35,0.014278478920459747,0,0,3,4,5,5,4,5,1,1,1,1
6,23,39,0.00032646447652950883,0,0,3,5,5,4,4,4,1,2,1,2
6,23,40,0.0016028101090341806,0,0,3,5,5,5,4,5,1,2,1,2
6,23,41,0.34357982873916626,0,1,3,6,5,1,4,0,1,0,1,1
6,23,44,0.15081213414669037,0,1,3,6,5,4,4,0,1,0,1,1
6,23,46,0.053776104003190994,0,1,3,6,5,6,4,0,1,0,1,1
6,24,0,0.07944831252098083,0,0,3,1,6,0,4,0,1,2,1,4
6,24,3,0.0386878177523613,0,0,3,3,6,3,4,1,1,1,1,1
6,24,4,0.002765858545899391,0,0,3,3,6,4,4,1,1,1,1,1
6,24,5,0.023122640326619148,0,0,3,3,6,5,4,1,1,1,1,1
6,24,9,0.01773856021463871,0,0,3,3,6,3,4,2,1,1,1,1
6,24,11,0.006869301199913025,0,0,3,3,6,5,4,2,1,1,1,1
6,24,12,0.012733924202620983,0,0,3,3,6,6,4,2,1,1,1,1
6,24,14,0.04382270574569702,0,0,3,3,6,2,4,3,1,1,1,1
6,24,16,0.002675142837688327,0,0,3,3,6,4,4,3,1,1,1,1
6,24,17,0.1871235966682434,0,0,3,3,6,5,4,3,1,1,1,1
6,24,20,0.018036382272839546,0,0,3,3,6,2,4,4,1,1,1,1
6,24,21,0.01132618635892868,0,0,3,3,6,3,4,4,1,1,1,1
6,24,22,0.004292505793273449,0,0,3,3,6,4,4,4,1,1,1,1
6,24,25,0.017574775964021683,0,0,3,3,6,1,4,5,1,1,1,1
6,24,27,0.16842909157276154,0,0,3,3,6,3,4,5,1,1,1,1
6,24,30,0.010953177697956562,0,0,3,3,6,6,4,5,1,1,1,1
6,24,33,0.11154820770025253,0,0,3,4,6,3,4,3,1,1,1,1
6,24,34,0.00029878184432163835,0,0,3,4,6,4,4,4,1,1,1,1
6,24,35,0.08853182196617126,0,0,3,4,6,5,4,5,1,1,1,1
6,24,39,0.0004298488493077457,0,0,3,5,6,4,4,4,1,2,1,2
6,24,40,0.11018770188093185,0,0,3,5,6,5,4,5,1,2,1,2
6,24,41,0.018029334023594856,0,1,3,6,6,1,4,0,1,0,1,1
6,24,44,0.008749455213546753,0,1,3,6,6,4,4,0,1,0,1,1
6,24,46,0.01662490703165531,0,1,3,6,6,6,4,0,1,0,1,1
6,26,0,0.05659940093755722,0,0,3,1,2,0,5,0,1,2,1,4
6,26,3,0.0033009431790560484,0,0,3,3,2,3,5,1,1,1,1,1
6,26,4,0.005271119996905327,0,0,3,3,2,4,5,1,1,1,1,1
6,26,5,0.0013045466039329767,0,0,3,3,2,5,5,1,1,1,1,1
6,26,9,0.003089064499363303,0,0,3,3,2,3,5,2,1,1,1,1
6,26,11,0.0005280200857669115,0,0,3,3,2,5,5,2,1,1,1,1
6,26,12,0.0028819504659622908,0,0,3,3,2,6,5,2,1,1,1,1
6,26,14,0.006886535789817572,0,0,3,3,2,2,5,3,1,1,1,1
6,26,16,0.00029879933572374284,0,0,3,3,2,4,5,3,1,1,1,1
6,26,17,0.002393406582996249,0,0,3,3,2,5,5,3,1,1,1,1
6,26,20,0.003227128880098462,0,0,3,3,2,2,5,4,1,1,1,1
6,26,21,0.0004800804308615625,0,0,3,3,2,3,5,4,1,1,1,1
6,26,22,0.0018812689231708646,0,0,3,3,2,4,5,4,1,1,1,1
6,26,25,0.005672861821949482,0,0,3,3,2,1,5,5,1,1,1,1
6,26,27,0.0019148553255945444,0,0,3,3,2,3,5,5,1,1,1,1
6,26,30,0.0007855997537262738,0,0,3,3,2,6,5,5,1,1,1,1
6,26,33,0.0034970242995768785,0,0,3,4,2,3,5,3,1,1,1,1
6,26,34,5.185123154660687e-05,0,0,3,4,2,4,5,4,1,1,1,1
6,26,35,0.0005608767387457192,0,0,3,4,2,5,5,5,1,1,1,1
6,26,39,0.00016983237583190203,0,0,3,5,2,4,5,4,1,2,1,2
6,26,40,0.0013581904349848628,0,0,3,5,2,5,5,5,1,2,1,2
6,26,41,0.5557999610900879,0,1,3,6,2,1,5,0,1,0,1,1
6,26,44,0.15565447509288788,0,1,3,6,2,4,5,0,1,0,1,1
6,26,46,0.1863923966884613,0,1,3,6,2,6,5,0,1,0,1,1
6,28,0,0.01806456781923771,0,0,3,1,4,0,5,0,1,2,1,4
6,28,3,0.05416777729988098,0,0,3,3,4,3,5,1,1,1,1,1
6,28,4,0.02595188096165657,0,0,3,3,4,4,5,1,1,1,1,1
6,28,5,0.0689062848687172,0,0,3,3,4,5,5,1,1,1,1,1
6,28,9,0.02960246056318283,0,0,3,3,4,3,5,2,1,1,1,1
6,28,11,0.05544612184166908,0,0,3,3,4,5,5,2,1,1,1,1
6,28,12,0.030074989423155785,0,0,3,3,4,6,5,2,1,1,1,1
6,28,14,0.025634735822677612,0,0,3,3,4,2,5,3,1,1,1,1
6,28,16,0.01383332721889019,0,0,3,3,4,4,5,3,1,1,1,1
6,28,17,0.25196462869644165,0,0,3,3,4,5,5,3,1,1,1,1
6,28,20,0.03537500277161598,0,0,3,3,4,2,5,4,1,1,1,1
6,28,21,0.09067577868700027,0,0,3,3,4,3,5,4,1,1,1,1
6,28,22,0.053027670830488205,0,0,3,3,4,4,5,4,1,1,1,1
6,28,25,0.017939478158950806,0,0,3,3,4,1,5,5,1,1,1,1
6,28,27,0.06177907809615135,0,0,3,3,4,3,5,5,1,1,1,1
6,28,30,0.005222362000495195,0,0,3,3,4,6,5,5,1,1,1,1
6,28,33,0.04061846807599068,0,0,3,4,4,3,5,3,1,1,1,1
6,28,34,0.001496311160735786,0,0,3,4,4,4,5,4,1,1,1,1
6,28,35,0.018747694790363312,0,0,3,4,4,5,5,5,1,1,1,1
6,28,39,0.0003885792684741318,0,0,3,5,4,4,5,4,1,2,1,2
6,28,40,0.0015457291156053543,0,0,3,5,4,5,5,5,1,2,1,2
6,28,41,0.04741644486784935,0,1,3,6,4,1,5,0,1,0,1,1
6,28,44,0.03506249189376831,0,1,3,6,4,4,5,0,1,0,1,1
6,28,46,0.017058083787560463,0,1,3,6,4,6,5,0,1,0,1,1
6,29,0,0.10973674058914185,0,0,3,1,5,0,5,0,1,2,1,4
6,29,3,0.003072383813560009,0,0,3,3,5,3,5,1,1,1,1,1
6,29,4,0.004414426162838936,0,0,3,3,5,4,5,1,1,1,1,1
6,29,5,0.0015704111428931355,0,0,3,3,5,5,5,1,1,1,1,1
6,29,9,0.0014231413369998336,0,0,3,3,5,3,5,2,1,1,1,1
6,29,11,0.001959496410563588,0,0,3,3,5,5,5,2,1,1,1,1
6,29,12,0.0003799547266680747,0,0,3,3,5,6,5,2,1,1,1,1
6,29,14,0.0043136924505233765,0,0,3,3,5,2,5,3,1,1,1,1
6,29,16,0.00042605496128089726,0,0,3,3,5,4,5,3,1,1,1,1
6,29,17,0.000883402768522501,0,0,3,3,5,5,5,3,1,1,1,1
6,29,20,0.0034368433989584446,0,0,3,3,5,2,5,4,1,1,1,1
6,29,21,0.0008489777683280408,0,0,3,3,5,3,5,4,1,1,1,1
6,29,22,0.0004887129762209952,0,0,3,3,5,4,5,4,1,1,1,1
6,29,25,0.001779518323019147,0,0,3,3,5,1,5,5,1,1,1,1
6,29,27,0.0006475656409747899,0,0,3,3,5,3,5,5,1,1,1,1
6,29,30,0.0002199881710112095,0,0,3,3,5,6,5,5,1,1,1,1
6,29,33,0.0016499533085152507,0,0,3,4,5,3,5,3,1,1,1,1
6,29,34,0.0004617169906850904,0,0,3,4,5,4,5,4,1,1,1,1
6,29,35,0.0006702300743199885,0,0,3,4,5,5,5,5,1,1,1,1
6,29,39,0.0001927093690028414,0,0,3,5,5,4,5,4,1,2,1,2
6,29,40,0.00013001875777263194,0,0,3,5,5,5,5,5,1,2,1,2
6,29,41,0.38768425583839417,0,1,3,6,5,1,5,0,1,0,1,1
6,29,44,0.39337384700775146,0,1,3,6,5,4,5,0,1,0,1,1
6,29,46,0.08023574203252792,0,1,3,6,5,6,5,0,1,0,1,1
6,31,0,0.20173463225364685,0,0,4,1,1,0,1,0,1,2,1,4
6,31,3,0.019337784498929977,0,0,4,3,1,3,1,1,1,1,1,1
6,31,4,0.015846114605665207,0,0,4,3,1,4,1,1,1,1,1,1
6,31,5,0.020337335765361786,0,0,4,3,1,5,1,1,1,1,1,1
6,31,9,0.006856963038444519,0,0,4,3,1,3,1,2,1,1,1,1
6,31,11,0.005929728038609028,0,0,4,3,1,5,1,2,1,1,1,1
6,31,12,0.02158169448375702,0,0,4,3,1,6,1,2,1,1,1,1
6,31,14,0.07597096264362335,0,0,4,3,1,2,1,3,1,1,1,1
6,31,16,0.007384755648672581,0,0,4,3,1,4,1,3,1,1,1,1
6,31,17,0.1639333814382553,0,0,4,3,1,5,1,3,1,1,1,1
6,31,20,0.0318232960999012,0,0,4,3,1,2,1,4,1,1,1,1
6,31,21,0.006655985489487648,0,0,4,3,1,3,1,4,1,1,1,1
6,31,22,0.02961764670908451,0,0,4,3,1,4,1,4,1,1,1,1
6,31,25,0.04550737142562866,0,0,4,3,1,1,1,5,1,1,1,1
6,31,27,0.02634798362851143,0,0,4,3,1,3,1,5,1,1,1,1
6,31,30,0.010790142230689526,0,0,4,3,1,6,1,5,1,1,1,1
6,31,33,0.08605322241783142,0,0,4,4,1,3,1,3,1,1,1,1
6,31,34,0.0014942147536203265,0,0,4,4,1,4,1,4,1,1,1,1
6,31,35,0.03473396226763725,0,0,4,4,1,5,1,5,1,1,1,1
6,31,39,0.0007639508694410324,0,0,4,5,1,4,1,4,1,2,1,2
6,31,40,0.011556554585695267,0,0,4,5,1,5,1,5,1,2,1,2
6,31,41,0.07939587533473969,0,1,4,6,1,1,1,0,1,0,1,1
6,31,44,0.05028506740927696,0,1,4,6,1,4,1,0,1,0,1,1
6,31,46,0.04606124758720398,0,1,4,6,1,6,1,0,1,0,1,1
6,32,0,0.3780520558357239,0,0,4,1,2,0,2,0,1,2,1,4
6,32,3,0.013110979460179806,0,0,4,3,2,3,2,1,1,1,1,1
6,32,4,0.004920266568660736,0,0,4,3,2,4,2,1,1,1,1,1
6,32,5,0.004496422130614519,0,0,4,3,2,5,2,1,1,1,1,1
6,32,9,0.004655361175537109,0,0,4,3,2,3,2,2,1,1,1,1
6,32,11,0.00231458293274045,0,0,4,3,2,5,2,2,1,1,1,1
6,32,12,0.021254442632198334,0,0,4,3,2,6,2,2,1,1,1,1
6,32,14,0.01488992664963007,0,0,4,3,2,2,2,3,1,1,1,1
6,32,16,0.0042970506474375725,0,0,4,3,2,4,2,3,1,1,1,1
6,32,17,0.060635194182395935,0,0,4,3,2,5,2,3,1,1,1,1
6,32,20,0.00449286587536335,0,0,4,3,2,2,2,4,1,1,1,1
6,32,21,0.0012222601799294353,0,0,4,3,2,3,2,4,1,1,1,1
6,32,22,0.007362179458141327,0,0,4,3,2,4,2,4,1,1,1,1
6,32,25,0.011202557012438774,0,0,4,3,2,1,2,5,1,1,1,1
6,32,27,0.020285556092858315,0,0,4,3,2,3,2,5,1,1,1,1
6,32,30,0.03203445300459862,0,0,4,3,2,6,2,5,1,1,1,1
6,32,33,0.2284831702709198,0,0,4,4,2,3,2,3,1,1,1,1
6,32,34,0.00033184216590598226,0,0,4,4,2,4,2,4,1,1,1,1
6,32,35,0.05318000540137291,0,0,4,4,2,5,2,5,1,1,1,1
6,32,39,0.0014163411688059568,0,0,4,5,2,4,2,4,1,2,1,2
6,32,40,0.08210822939872742,0,0,4,5,2,5,2,5,1,2,1,2
6,32,41,0.01542980782687664,0,1,4,6,2,1,2,0,1,0,1,1
6,32,44,0.014963033609092236,0,1,4,6,2,4,2,0,1,0,1,1
6,32,46,0.01886127144098282,0,1,4,6,2,6,2,0,1,0,1,1
6,36,0,0.547686755657196,0,0,5,1,1,0,1,0,2,2,2,4
6,36,3,0.01088065654039383,0,0,5,3,1,3,1,1,2,1,2,1
6,36,4,0.002053565578535199,0,0,5,3,1,4,1,1,2,1,2,1
6,36,5,0.00804915465414524,0,0,5,3,1,5,1,1,2,1,2,1
6,36,9,0.01794268935918808,0,0,5,3,1,3,1,2,2,1,2,1
6,36,11,0.004112743306905031,0,0,5,3,1,5,1,2,2,1,2,1
6,36,12,0.004795472603291273,0,0,5,3,1,6,1,2,2,1,2,1
6,36,14,0.008056260645389557,0,0,5,3,1,2,1,3,2,1,2,1
6,36,16,0.0032053720206022263,0,0,5,3,1,4,1,3,2,1,2,1
6,36,17,0.006984928622841835,0,0,5,3,1,5,1,3,2,1,2,1
6,36,20,0.0021965636406093836,0,0,5,3,1,2,1,4,2,1,2,1
6,36,21,0.0011119989212602377,0,0,5,3,1,3,1,4,2,1,2,1
6,36,22,0.002018533181399107,0,0,5,3,1,4,1,4,2,1,2,1
6,36,25,0.014162031933665276,0,0,5,3,1,1,1,5,2,1,2,1
6,36,27,0.01219103392213583,0,0,5,3,1,3,1,5,2,1,2,1
6,36,30,0.01618371531367302,0,0,5,3,1,6,1,5,2,1,2,1
6,36,33,0.006152174435555935,0,0,5,4,1,3,1,3,2,1,2,1
6,36,34,0.0020073975902050734,0,0,5,4,1,4,1,4,2,1,2,1
6,36,35,0.01835698075592518,0,0,5,4,1,5,1,5,2,1,2,1
6,36,39,0.009496504440903664,0,0,5,5,1,4,1,4,2,2,2,2
6,36,40,0.2743752598762512,0,0,5,5,1,5,1,5,2,2,2,2
6,36,41,0.007666071876883507,0,1,5,6,1,1,1,0,2,0,2,1
6,36,44,0.008089096285402775,0,1,5,6,1,4,1,0,2,0,2,1
6,36,46,0.012225405313074589,0,1,5,6,1,6,1,0,2,0,2,1
6,37,0,0.8188722133636475,0,0,5,1,2,0,2,0,2,2,2,4
6,37,3,0.0034101565834134817,0,0,5,3,2,3,2,1,2,1,2,1
6,37,4,0.00029299751622602344,0,0,5,3,2,4,2,1,2,1,2,1
6,37,5,0.0028055324219167233,0,0,5,3,2,5,2,1,2,1,2,1
6,37,9,0.009678294882178307,0,0,5,3,2,3,2,2,2,1,2,1
6,37,11,0.0027926587499678135,0,0,5,3,2,5,2,2,2,1,2,1
6,37,12,0.0017964668804779649,0,0,5,3,2,6,2,2,2,1,2,1
6,37,14,0.0011036826763302088,0,0,5,3,2,2,2,3,2,1,2,1
6,37,16,0.0008670006645843387,0,0,5,3,2,4,2,3,2,1,2,1
6,37,17,0.0015626417007297277,0,0,5,3,2,5,2,3,2,1,2,1
6,37,20,0.00016783326282165945,0,0,5,3,2,2,2,4,2,1,2,1
6,37,21,0.0002003779954975471,0,0,5,3,2,3,2,4,2,1,2,1
6,37,22,0.0002798877831082791,0,0,5,3,2,4,2,4,2,1,2,1
6,37,25,0.004288120195269585,0,0,5,3,2,1,2,5,2,1,2,1
6,37,27,0.003258910495787859,0,0,5,3,2,3,2,5,2,1,2,1
6,37,30,0.00680376123636961,0,0,5,3,2,6,2,5,2,1,2,1
6,37,33,0.0010255837114527822,0,0,5,4,2,3,2,3,2,1,2,1
6,37,34,0.00018956752319354564,0,0,5,4,2,4,2,4,2,1,2,1
6,37,35,0.0054381657391786575,0,0,5,4,2,5,2,5,2,1,2,1
6,37,39,0.0022630186285823584,0,0,5,5,2,4,2,4,2,2,2,2
6,37,40,0.11339310556650162,0,0,5,5,2,5,2,5,2,2,2,2
6,37,41,0.005330048035830259,0,1,5,6,2,1,2,0,2,0,2,1
6,37,44,0.0049935756251215935,0,1,5,6,2,4,2,0,2,0,2,1
6,37,46,0.00918665248900652,0,1,5,6,2,6,2,0,2,0,2,1
6,38,0,0.9773374199867249,0,0,5,1,3,0,3,0,2,2,2,4
6,38,3,0.0005150340148247778,0,0,5,3,3,3,3,1,2,1,2,1
6,38,4,6.776668305974454e-05,0,0,5,3,3,4,3,1,2,1,2,1
6,38,5,0.0008828248828649521,0,0,5,3,3,5,3,1,2,1,2,1
6,38,9,0.0034292673226445913,0,0,5,3,3,3,3,2,2,1,2,1
6,38,11,0.004805966280400753,0,0,5,3,3,5,3,2,2,1,2,1
6,38,12,7.545247353846207e-05,0,0,5,3,3,6,3,2,2,1,2,1
6,38,14,3.225688124075532e-05,0,0,5,3,3,2,3,3,2,1,2,1
6,38,16,0.00013699948613066226,0,0,5,3,3,4,3,3,2,1,2,1
6,38,17,5.956987661193125e-05,0,0,5,3,3,5,3,3,2,1,2,1
6,38,20,1.216423243022291e-05,0,0,5,3,3,2,3,4,2,1,2,1
6,38,21,3.0096540285740048e-05,0,0,5,3,3,3,3,4,2,1,2,1
6,38,22,1.2457770026230719e-05,0,0,5,3,3,4,3,4,2,1,2,1
6,38,25,0.00019077998877037317,0,0,5,3,3,1,3,5,2,1,2,1
6,38,27,4.5537763071479276e-05,0,0,5,3,3,3,3,5,2,1,2,1
6,38,30,0.00019981092191301286,0,0,5,3,3,6,3,5,2,1,2,1
6,38,33,1.5315508790081367e-05,0,0,5,4,3,3,3,3,2,1,2,1
6,38,34,0.00014733315038029104,0,0,5,4,3,4,3,4,2,1,2,1
6,38,35,0.0003228754212614149,0,0,5,4,3,5,3,5,2,1,2,1
6,38,39,0.0014183601597324014,0,0,5,5,3,4,3,4,2,2,2,2
6,38,40,0.006314248777925968,0,0,5,5,3,5,3,5,2,2,2,2
6,38,41,0.0013519995845854282,0,1,5,6,3,1,3,0,2,0,2,1
6,38,44,0.0019826325587928295,0,1,5,6,3,4,3,0,2,0,2,1
6,38,46,0.0006133574643172324,0,1,5,6,3,6,3,0,2,0,2,1
6,42,0,8.009896191651933e-06,1,0,6,1,2,0,0,0,0,2,1,4
6,42,3,0.00017803216178435832,1,0,6,3,2,3,0,1,0,1,1,1
6,42,4,6.496121932286769e-05,1,0,6,3,2,4,0,1,0,1,1,1
6,42,5,0.00010906102397711948,1,0,6,3,2,5,0,1,0,1,1,1
6,42,9,6.53328334010439e-06,1,0,6,3,2,3,0,2,0,1,1,1
6,42,11,2.240900357719511e-06,1,0,6,3,2,5,0,2,0,1,1,1
6,42,12,0.00011076362716266885,1,0,6,3,2,6,0,2,0,1,1,1
6,42,14,0.00024829668109305203,1,0,6,3,2,2,0,3,0,1,1,1
6,42,16,0.00014764987281523645,1,0,6,3,2,4,0,3,0,1,1,1
6,42,17,0.0038534088525921106,1,0,6,3,2,5,0,3,0,1,1,1
6,42,20,9.527864312985912e-05,1,0,6,3,2,2,0,4,0,1,1,1
6,42,21,7.167729927459732e-05,1,0,6,3,2,3,0,4,0,1,1,1
6,42,22,8.759312186157331e-05,1,0,6,3,2,4,0,4,0,1,1,1
6,42,25,3.082789044128731e-05,1,0,6,3,2,1,0,5,0,1,1,1
6,42,27,0.014949116855859756,1,0,6,3,2,3,0,5,0,1,1,1
6,42,30,0.0013824768830090761,1,0,6,3,2,6,0,5,0,1,1,1
6,42,33,0.1030995324254036,1,0,6,4,2,3,0,3,0,1,1,1
6,42,34,3.917054709745571e-05,1,0,6,4,2,4,0,4,0,1,1,1
6,42,35,0.014078019186854362,1,0,6,4,2,5,0,5,0,1,1,1
6,42,39,0.0010207389714196324,1,0,6,5,2,4,0,4,0,2,1,2
6,42,40,0.8604057431221008,1,0,6,5,2,5,0,5,0,2,1,2
6,42,41,1.7652205031026824e-07,1,1,6,6,2,1,0,0,0,0,1,1
6,42,44,5.507905029844551e-07,1,1,6,6,2,4,0,0,0,0,1,1
6,42,46,1.0482391189725604e-05,1,1,6,6,2,6,0,0,0,0,1,1
6,43,0,0.00011651500972220674,1,0,6,1,3,0,0,0,0,2,1,4
6,43,3,0.000969858025200665,1,0,6,3,3,3,0,1,0,1,1,1
6,43,4,0.0009914250113070011,1,0,6,3,3,4,0,1,0,1,1,1
6,43,5,0.00023932976182550192,1,0,6,3,3,5,0,1,0,1,1,1
6,43,9,9.310497989645228e-05,1,0,6,3,3,3,0,2,0,1,1,1
6,43,11,2.2944146621739492e-05,1,0,6,3,3,5,0,2,0,1,1,1
6,43,12,0.0015300021041184664,1,0,6,3,3,6,0,2,0,1,1,1
6,43,14,0.0017302838386967778,1,0,6,3,3,2,0,3,0,1,1,1
6,43,16,0.0010285698808729649,1,0,6,3,3,4,0,3,0,1,1,1
6,43,17,0.004099628888070583,1,0,6,3,3,5,0,3,0,1,1,1
6,43,20,0.0005312508437782526,1,0,6,3,3,2,0,4,0,1,1,1
6,43,21,0.0002860056993085891,1,0,6,3,3,3,0,4,0,1,1,1
6,43,22,0.0010890295961871743,1,0,6,3,3,4,0,4,0,1,1,1
6,43,25,0.0003872236702591181,1,0,6,3,3,1,0,5,0,1,1,1
6,43,27,0.006645977962762117,1,0,6,3,3,3,0,5,0,1,1,1
6,43,30,0.004809345584362745,1,0,6,3,3,6,0,5,0,1,1,1
6,43,33,0.04520411416888237,1,0,6,4,3,3,0,3,0,1,1,1
6,43,34,0.0006910993834026158,1,0,6,4,3,4,0,4,0,1,1,1
6,43,35,0.0065839458256959915,1,0,6,4,3,5,0,5,0,1,1,1
6,43,39,0.02328070066869259,1,0,6,5,3,4,0,4,0,2,1,2
6,43,40,0.8989423513412476,1,0,6,5,3,5,0,5,0,2,1,2
6,43,41,4.618707680492662e-05,1,1,6,6,3,1,0,0,0,0,1,1
6,43,44,4.9976784794125706e-05,1,1,6,6,3,4,0,0,0,0,1,1
6,43,46,0.0006309622549451888,1,1,6,6,3,6,0,0,0,0,1,1
6,45,0,0.0007256096578203142,1,0,6,1,5,0,0,0,0,2,1,4
6,45,3,0.0008214586996473372,1,0,6,3,5,3,0,1,0,1,1,1
6,45,4,0.002147024031728506,1,0,6,3,5,4,0,1,0,1,1,1
6,45,5,0.001041174167767167,1,0,6,3,5,5,0,1,0,1,1,1
6,45,9,0.00016776366101112217,1,0,6,3,5,3,0,2,0,1,1,1
6,45,11,7.954738975968212e-05,1,0,6,3,5,5,0,2,0,1,1,1
6,45,12,0.0008844531257636845,1,0,6,3,5,6,0,2,0,1,1,1
6,45,14,0.005068347789347172,1,0,6,3,5,2,0,3,0,1,1,1
6,45,16,0.002146560000255704,1,0,6,3,5,4,0,3,0,1,1,1
6,45,17,0.01451798528432846,1,0,6,3,5,5,0,3,0,1,1,1
6,45,20,0.0022386640775948763,1,0,6,3,5,2,0,4,0,1,1,1
6,45,21,0.0015508112264797091,1,0,6,3,5,3,0,4,0,1,1,1
6,45,22,0.003353354288265109,1,0,6,3,5,4,0,4,0,1,1,1
6,45,25,0.0009737114305607975,1,0,6,3,5,1,0,5,0,1,1,1
6,45,27,0.041006460785865784,1,0,6,3,5,3,0,5,0,1,1,1
6,45,30,0.004544409457594156,1,0,6,3,5,6,0,5,0,1,1,1
6,45,33,0.11790399253368378,1,0,6,4,5,3,0,3,0,1,1,1
6,45,34,0.002228502416983247,1,0,6,4,5,4,0,4,0,1,1,1
6,45,35,0.013171433471143246,1,0,6,4,5,5,0,5,0,1,1,1
6,45,39,0.015200363472104073,1,0,6,5,5,4,0,4,0,2,1,2
6,45,40,0.7585697174072266,1,0,6,5,5,5,0,5,0,2,1,2
6,45,41,0.0014438271755352616,1,1,6,6,5,1,0,0,0,0,1,1
6,45,44,0.0013565435074269772,1,1,6,6,5,4,0,0,0,0,1,1
6,45,46,0.008858579210937023,1,1,6,6,5,6,0,0,0,0,1,1
6,47,0,0.0015599260805174708,2,0,7,1,0,0,0,0,0,2,4,4
6,47,3,0.0021077620331197977,2,0,7,3,0,3,0,1,0,1,4,1
6,47,4,0.0014783143997192383,2,0,7,3,0,4,0,1,0,1,4,1
6,47,5,0.0023435759358108044,2,0,7,3,0,5,0,1,0,1,4,1
6,47,9,0.0025881631299853325,2,0,7,3,0,3,0,2,0,1,4,1
6,47,11,0.001538589596748352,2,0,7,3,0,5,0,2,0,1,4,1
6,47,12,0.001048441743478179,2,0,7,3,0,6,0,2,0,1,4,1
6,47,14,0.00030445889569818974,2,0,7,3,0,2,0,3,0,1,4,1
6,47,16,0.0035516468342393637,2,0,7,3,0,4,0,3,0,1,4,1
6,47,17,0.0008024135604500771,2,0,7,3,0,5,0,3,0,1,4,1
6,47,20,0.00012890432844869792,2,0,7,3,0,2,0,4,0,1,4,1
6,47,21,0.0010767276398837566,2,0,7,3,0,3,0,4,0,1,4,1
6,47,22,0.0006332981865853071,2,0,7,3,0,4,0,4,0,1,4,1
6,47,25,0.000245767820160836,2,0,7,3,0,1,0,5,0,1,4,1
6,47,27,0.001466928981244564,2,0,7,3,0,3,0,5,0,1,4,1
6,47,30,0.0023765559308230877,2,0,7,3,0,6,0,5,0,1,4,1
6,47,33,0.0006455142283812165,2,0,7,4,0,3,0,3,0,1,4,1
6,47,34,0.004474719054996967,2,0,7,4,0,4,0,4,0,1,4,1
6,47,35,0.000955576600972563,2,0,7,4,0,5,0,5,0,1,4,1
6,47,39,0.4071735441684723,2,0,7,5,0,4,0,4,0,2,4,2
6,47,40,0.561366856098175,2,0,7,5,0,5,0,5,0,2,4,2
6,47,41,0.00018993702542502433,2,1,7,6,0,1,0,0,0,0,4,1
6,47,44,0.0004011433629784733,2,1,7,6,0,4,0,0,0,0,4,1
6,47,46,0.001540873316116631,2,1,7,6,0,6,0,0,0,0,4,1
7,0,1,2.924267937487457e-05,0,0,1,3,0,1,0,1,2,1,4,1
7,0,2,9.429257625015453e-05,0,0,1,3,0,2,0,1,2,1,4,1
7,0,6,0.00010282079165335745,0,0,1,3,0,6,0,1,2,1,4,1
7,0,7,2.369401954638306e-06,0,0,1,3,0,1,0,2,2,1,4,1
7,0,8,6.040246444172226e-05,0,0,1,3,0,2,0,2,2,1,4,1
7,0,10,0.00014257378643378615,0,0,1,3,0,4,0,2,2,1,4,1
7,0,13,2.878305167541839e-06,0,0,1,3,0,1,0,3,2,1,4,1
7,0,15,8.297267413581721e-06,0,0,1,3,0,3,0,3,2,1,4,1
7,0,18,1.3928761291026603e-05,0,0,1,3,0,6,0,3,2,1,4,1
7,0,19,7.845773097869824e-08,0,0,1,3,0,1,0,4,2,1,4,1
7,0,23,7.811602245055838e-07,0,0,1,3,0,5,0,4,2,1,4,1
7,0,24,0.00011448025179561228,0,0,1,3,0,6,0,4,2,1,4,1
7,0,26,1.6317064364557154e-05,0,0,1,3,0,2,0,5,2,1,4,1
7,0,28,7.797108082741033e-06,0,0,1,3,0,4,0,5,2,1,4,1
7,0,29,2.5138047021755483e-06,0,0,1,3,0,5,0,5,2,1,4,1
7,0,31,0.0020062739495187998,0,0,1,4,0,1,0,1,2,1,4,1
7,0,32,0.9928603172302246,0,0,1,4,0,2,0,2,2,1,4,1
7,0,36,5.090972990728915e-05,0,0,1,5,0,1,0,1,2,2,4,2
7,0,37,0.004300064407289028,0,0,1,5,0,2,0,2,2,2,4,2
7,0,38,7.753082900308073e-05,0,0,1,5,0,3,0,3,2,2,4,2
7,0,42,1.1338890544720925e-05,0,1,1,6,0,2,0,0,2,0,4,1
7,0,43,5.19035711477045e-06,0,1,1,6,0,3,0,0,2,0,4,1
7,0,45,9.876277545117773e-06,0,1,1,6,0,5,0,0,2,0,4,1
7,0,47,8.052716293605044e-05,0,2,1,7,0,0,0,0,2,0,4,4
7,3,1,0.0039938525296747684,0,0,3,3,3,1,1,1,1,1,1,1
7,3,2,0.009891482070088387,0,0,3,3,3,2,1,1,1,1,1,1
7,3,6,0.019177453592419624,0,0,3,3,3,6,1,1,1,1,1,1
7,3,7,0.0034101526252925396,0,0,3,3,3,1,1,2,1,1,1,1
7,3,8,0.027351580560207367,0,0,3,3,3,2,1,2,1,1,1,1
7,3,10,0.05730324611067772,0,0,3,3,3,4,1,2,1,1,1,1
7,3,13,0.017181122675538063,0,0,3,3,3,1,1,3,1,1,1,1
7,3,15,0.12285192310810089,0,0,3,3,3,3,1,3,1,1,1,1
7,3,18,0.02093452960252762,0,0,3,3,3,6,1,3,1,1,1,1
7,3,19,0.008351782336831093,0,0,3,3,3,1,1,4,1,1,1,1
7,3,23,0.013939186930656433,0,0,3,3,3,5,1,4,1,1,1,1
7,3,24,0.01121029257774353,0,0,3,3,3,6,1,4,1,1,1,1
7,3,26,0.012991839088499546,0,0,3,3,3,2,1,5,1,1,1,1
7,3,28,0.025782667100429535,0,0,3,3,3,4,1,5,1,1,1,1
7,3,29,0.015568849630653858,0,0,3,3,3,5,1,5,1,1,1,1
7,3,31,0.009036952629685402,0,0,3,4,3,1,1,1,1,1,1,1
7,3,32,0.01394567545503378,0,0,3,4,3,2,1,2,1,1,1,1
7,3,36,0.007203041575849056,0,0,3,5,3,1,1,1,1,2,1,2
7,3,37,0.011490152217447758,0,0,3,5,3,2,1,2,1,2,1,2
7,3,38,0.5141897201538086,0,0,3,5,3,3,1,3,1,2,1,2
7,3,42,0.008727645501494408,0,1,3,6,3,2,1,0,1,0,1,1
7,3,43,0.03472577780485153,0,1,3,6,3,3,1,0,1,0,1,1
7,3,45,0.010322509333491325,0,1,3,6,3,5,1,0,1,0,1,1
7,3,47,0.0204185601323843,0,2,3,7,3,0,1,0,1,0,1,4
7,4,1,0.011893521063029766,0,0,3,3,4,1,1,1,1,1,1,1
7,4,2,0.019437650218605995,0,0,3,3,4,2,1,1,1,1,1,1
7,4,6,0.024162128567695618,0,0,3,3,4,6,1,1,1,1,1,1
7,4,7,0.007792373187839985,0,0,3,3,4,1,1,2,1,1,1,1
7,4,8,0.036320146173238754,0,0,3,3,4,2,1,2,1,1,1,1
7,4,10,0.3816256523132324,0,0,3,3,4,4,1,2,1,1,1,1
7,4,13,0.024971939623355865,0,0,3,3,4,1,1,3,1,1,1,1
7,4,15,0.026143288239836693,0,0,3,3,4,3,1,3,1,1,1,1
7,4,18,0.015546849928796291,0,0,3,3,4,6,1,3,1,1,1,1
7,4,19,0.005158395040780306,0,0,3,3,4,1,1,4,1,1,1,1
7,4,23,0.0033464895095676184,0,0,3,3,4,5,1,4,1,1,1,1
7,4,24,0.0038859385531395674,0,0,3,3,4,6,1,4,1,1,1,1
7,4,26,0.024601265788078308,0,0,3,3,4,2,1,5,1,1,1,1
7,4,28,0.021025879308581352,0,0,3,3,4,4,1,5,1,1,1,1
7,4,29,0.003840306308120489,0,0,3,3,4,5,1,5,1,1,1,1
7,4,31,0.06161472201347351,0,0,3,4,4,1,1,1,1,1,1,1
7,4,32,0.143513023853302,0,0,3,4,4,2,1,2,1,1,1,1
7,4,36,0.00799968745559454,0,0,3,5,4,1,1,1,1,2,1,2
7,4,37,0.05324883013963699,0,0,3,5,4,2,1,2,1,2,1,2
7,4,38,0.10565134882926941,0,0,3,5,4,3,1,3,1,2,1,2
7,4,42,0.002801593393087387,0,1,3,6,4,2,1,0,1,0,1,1
7,4,43,0.008633007295429707,0,1,3,6,4,3,1,0,1,0,1,1
7,4,45,0.003312821500003338,0,1,3,6,4,5,1,0,1,0,1,1
7,4,47,0.0034730813931673765,0,2,3,7,4,0,1,0,1,0,1,4
7,5,1,0.014974634163081646,0,0,3,3,5,1,1,1,1,1,1,1
7,5,2,0.010921579785645008,0,0,3,3,5,2,1,1,1,1,1,1
7,5,6,0.012017578817903996,0,0,3,3,5,6,1,1,1,1,1,1
7,5,7,0.004173140041530132,0,0,3,3,5,1,1,2,1,1,1,1
7,5,8,0.01413930393755436,0,0,3,3,5,2,1,2,1,1,1,1
7,5,10,0.0883277878165245,0,0,3,3,5,4,1,2,1,1,1,1
7,5,13,0.03350607678294182,0,0,3,3,5,1,1,3,1,1,1,1
7,5,15,0.023635094985365868,0,0,3,3,5,3,1,3,1,1,1,1
7,5,18,0.037613220512866974,0,0,3,3,5,6,1,3,1,1,1,1
7,5,19,0.0035644546151161194,0,0,3,3,5,1,1,4,1,1,1,1
7,5,23,0.0015382854035124183,0,0,3,3,5,5,1,4,1,1,1,1
7,5,24,0.0038197499234229326,0,0,3,3,5,6,1,4,1,1,1,1
7,5,26,0.019323768094182014,0,0,3,3,5,2,1,5,1,1,1,1
7,5,28,0.02148345485329628,0,0,3,3,5,4,1,5,1,1,1,1
7,5,29,0.004991817753762007,0,0,3,3,5,5,1,5,1,1,1,1
7,5,31,0.030622754245996475,0,0,3,4,5,1,1,1,1,1,1,1
7,5,32,0.31687846779823303,0,0,3,4,5,2,1,2,1,1,1,1
7,5,36,0.011132846586406231,0,0,3,5,5,1,1,1,1,2,1,2
7,5,37,0.10660074651241302,0,0,3,5,5,2,1,2,1,2,1,2
7,5,38,0.22024409472942352,0,0,3,5,5,3,1,3,1,2,1,2
7,5,42,0.002181408926844597,0,1,3,6,5,2,1,0,1,0,1,1
7,5,43,0.014964594505727291,0,1,3,6,5,3,1,0,1,0,1,1
7,5,45,0.0031224919948726892,0,1,3,6,5,5,1,0,1,0,1,1
7,5,47,0.00022259489924181253,0,2,3,7,5,0,1,0,1,0,1,4
7,9,1,0.0428849458694458,0,0,3,3,3,1,2,1,1,1,1,1
7,9,2,0.03323807567358017,0,0,3,3,3,2,2,1,1,1,1,1
7,9,6,0.028527773916721344,0,0,3,3,3,6,2,1,1,1,1,1
7,9,7,0.10266362130641937,0,0,3,3,3,1,2,2,1,1,1,1
7,9,8,0.06923995167016983,0,0,3,3,3,2,2,2,1,1,1,1
7,9,10,0.06921223551034927,0,0,3,3,3,4,2,2,1,1,1,1
7,9,13,0.03827565908432007,0,0,3,3,3,1,2,3,1,1,1,1
7,9,15,0.03072909079492092,0,0,3,3,3,3,2,3,1,1,1,1
7,9,18,0.025607576593756676,0,0,3,3,3,6,2,3,1,1,1,1
7,9,19,0.03113994188606739,0,0,3,3,3,1,2,4,1,1,1,1
7,9,23,0.014776850119233131,0,0,3,3,3,5,2,4,1,1,1,1
7,9,24,0.005144287832081318,0,0,3,3,3,6,2,4,1,1,1,1
7,9,26,0.05145091563463211,0,0,3,3,3,2,2,5,1,1,1,1
7,9,28,0.03508929908275604,0,0,3,3,3,4,2,5,1,1,1,1
7,9,29,0.044882193207740784,0,0,3,3,3,5,2,5,1,1,1,1
7,9,31,0.047997139394283295,0,0,3,4,3,1,2,1,1,1,1,1
7,9,32,0.006456995848566294,0,0,3,4,3,2,2,2,1,1,1,1
7,9,36,0.028196066617965698,0,0,3,5,3,1,2,1,1,2,1,2
7,9,37,0.02151501737535,0,0,3,5,3,2,2,2,1,2,1,2
7,9,38,0.03935979679226875,0,0,3,5,3,3,2,3,1,2,1,2
7,9,42,0.057952892035245895,0,1,3,6,3,2,2,0,1,0,1,1
7,9,43,0.07396043837070465,0,1,3,6,3,3,2,0,1,0,1,1
7,9,45,0.08209351450204849,0,1,3,6,3,5,2,0,1,0,1,1
7,9,47,0.019605671986937523,0,2,3,7,3,0,2,0,1,0,1,4
7,11,1,0.035314466804265976,0,0,3,3,5,1,2,1,1,1,1,1
7,11,2,0.04439196735620499,0,0,3,3,5,2,2,1,1,1,1,1
7,11,6,0.025538817048072815,0,0,3,3,5,6,2,1,1,1,1,1
7,11,7,0.029936714097857475,0,0,3,3,5,1,2,2,1,1,1,1
7,11,8,0.03908524289727211,0,0,3,3,5,2,2,2,1,1,1,1
7,11,10,0.10194505006074905,0,0,3,3,5,4,2,2,1,1,1,1
7,11,13,0.05666353926062584,0,0,3,3,5,1,2,3,1,1,1,1
7,11,15,0.02092842571437359,0,0,3,3,5,3,2,3,1,1,1,1
7,11,18,0.024664590135216713,0,0,3,3,5,6,2,3,1,1,1,1
7,11,19,0.011925531551241875,0,0,3,3,5,1,2,4,1,1,1,1
7,11,23,0.0039799814112484455,0,0,3,3,5,5,2,4,1,1,1,1
7,11,24,0.003143694717437029,0,0,3,3,5,6,2,4,1,1,1,1
7,11,26,0.019985675811767578,0,0,3,3,5,2,2,5,1,1,1,1
7,11,28,0.011378180235624313,0,0,3,3,5,4,2,5,1,1,1,1
7,11,29,0.005612763576209545,0,0,3,3,5,5,2,5,1,1,1,1
7,11,31,0.033876337110996246,0,0,3,4,5,1,2,1,1,1,1,1
7,11,32,0.20642229914665222,0,0,3,4,5,2,2,2,1,1,1,1
7,11,36,0.03526819124817848,0,0,3,5,5,1,2,1,1,2,1,2
7,11,37,0.21434500813484192,0,0,3,5,5,2,2,2,1,2,1,2
7,11,38,0.05073147639632225,0,0,3,5,5,3,2,3,1,2,1,2
7,11,42,0.0038577518425881863,0,1,3,6,5,2,2,0,1,0,1,1
7,11,43,0.014420734718441963,0,1,3,6,5,3,2,0,1,0,1,1
7,11,45,0.006215521600097418,0,1,3,6,5,5,2,0,1,0,1,1
7,11,47,0.0003681425587274134,0,2,3,7,5,0,2,0,1,0,1,4
7,12,1,0.03288862854242325,0,0,3,3,6,1,2,1,1,1,1,1
7,12,2,0.024735964834690094,0,0,3,3,6,2,2,1,1,1,1,1
7,12,6,0.020165346562862396,0,0,3,3,6,6,2,1,1,1,1,1
7,12,7,0.006684246938675642,0,0,3,3,6,1,2,2,1,1,1,1
7,12,8,0.010940979234874249,0,0,3,3,6,2,2,2,1,1,1,1
7,12,10,0.2465599775314331,0,0,3,3,6,4,2,2,1,1,1,1
7,12,13,0.03993529826402664,0,0,3,3,6,1,2,3,1,1,1,1
7,12,15,0.028198890388011932,0,0,3,3,6,3,2,3,1,1,1,1
7,12,18,0.012787763960659504,0,0,3,3,6,6,2,3,1,1,1,1
7,12,19,0.005678793415427208,0,0,3,3,6,1,2,4,1,1,1,1
7,12,23,0.001053226413205266,0,0,3,3,6,5,2,4,1,1,1,1
7,12,24,0.0030030382331460714,0,0,3,3,6,6,2,4,1,1,1,1
7,12,26,0.0019507070537656546,0,0,3,3,6,2,2,5,1,1,1,1
7,12,28,0.005571868736296892,0,0,3,3,6,4,2,5,1,1,1,1
7,12,29,0.0006247794372029603,0,0,3,3,6,5,2,5,1,1,1,1
7,12,31,0.06623362004756927,0,0,3,4,6,1,2,1,1,1,1,1
7,12,32,0.3389435410499573,0,0,3,4,6,2,2,2,1,1,1,1
7,12,36,0.013912851922214031,0,0,3,5,6,1,2,1,1,2,1,2
7,12,37,0.07762189954519272,0,0,3,5,6,2,2,2,1,2,1,2
7,12,38,0.04518258944153786,0,0,3,5,6,3,2,3,1,2,1,2
7,12,42,0.002005508169531822,0,1,3,6,6,2,2,0,1,0,1,1
7,12,43,0.00942540168762207,0,1,3,6,6,3,2,0,1,0,1,1
7,12,45,0.0034816316328942776,0,1,3,6,6,5,2,0,1,0,1,1
7,12,47,0.0024132695980370045,0,2,3,7,6,0,2,0,1,0,1,4
7,14,1,0.08751226216554642,0,0,3,3,2,1,3,1,1,1,1,1
7,14,2,0.05293549224734306,0,0,3,3,2,2,3,1,1,1,1,1
7,14,6,0.009101140312850475,0,0,3,3,2,6,3,1,1,1,1,1
7,14,7,0.052790530025959015,0,0,3,3,2,1,3,2,1,1,1,1
7,14,8,0.026687776669859886,0,0,3,3,2,2,3,2,1,1,1,1
7,14,10,0.017649512737989426,0,0,3,3,2,4,3,2,1,1,1,1
7,14,13,0.018154960125684738,0,0,3,3,2,1,3,3,1,1,1,1
7,14,15,0.021712234243750572,0,0,3,3,2,3,3,3,1,1,1,1
7,14,18,0.01680244319140911,0,0,3,3,2,6,3,3,1,1,1,1
7,14,19,0.00566297909244895,0,0,3,3,2,1,3,4,1,1,1,1
7,14,23,0.0007201594999060035,0,0,3,3,2,5,3,4,1,1,1,1
7,14,24,0.0031566026154905558,0,0,3,3,2,6,3,4,1,1,1,1
7,14,26,0.015387888997793198,0,0,3,3,2,2,3,5,1,1,1,1
7,14,28,0.028741557151079178,0,0,3,3,2,4,3,5,1,1,1,1
7,14,29,0.006614054553210735,0,0,3,3,2,5,3,5,1,1,1,1
7,14,31,0.08296821266412735,0,0,3,4,2,1,3,1,1,1,1,1
7,14,32,0.03210095316171646,0,0,3,4,2,2,3,2,1,1,1,1
7,14,36,0.0321478545665741,0,0,3,5,2,1,3,1,1,2,1,2
7,14,37,0.05178358033299446,0,0,3,5,2,2,3,2,1,2,1,2
7,14,38,0.03296063467860222,0,0,3,5,2,3,3,3,1,2,1,2
7,14,42,0.08659140020608902,0,1,3,6,2,2,3,0,1,0,1,1
7,14,43,0.0648089125752449,0,1,3,6,2,3,3,0,1,0,1,1
7,14,45,0.06127423420548439,0,1,3,6,2,5,3,0,1,0,1,1
7,14,47,0.19173458218574524,0,2,3,7,2,0,3,0,1,0,1,4
7,16,1,0.01579447276890278,0,0,3,3,4,1,3,1,1,1,1,1
7,16,2,0.020629825070500374,0,0,3,3,4,2,3,1,1,1,1,1
7,16,6,0.016995416954159737,0,0,3,3,4,6,3,1,1,1,1,1
7,16,7,0.009729490615427494,0,0,3,3,4,1,3,2,1,1,1,1
7,16,8,0.021966304630041122,0,0,3,3,4,2,3,2,1,1,1,1
7,16,10,0.01863287389278412,0,0,3,3,4,4,3,2,1,1,1,1
7,16,13,0.023111125454306602,0,0,3,3,4,1,3,3,1,1,1,1
7,16,15,0.035963501781225204,0,0,3,3,4,3,3,3,1,1,1,1
7,16,18,0.03248923271894455,0,0,3,3,4,6,3,3,1,1,1,1
7,16,19,0.006408074405044317,0,0,3,3,4,1,3,4,1,1,1,1
7,16,23,0.005631229840219021,0,0,3,3,4,5,3,4,1,1,1,1
7,16,24,0.023147840052843094,0,0,3,3,4,6,3,4,1,1,1,1
7,16,26,0.02297537960112095,0,0,3,3,4,2,3,5,1,1,1,1
7,16,28,0.059748414903879166,0,0,3,3,4,4,3,5,1,1,1,1
7,16,29,0.02717888541519642,0,0,3,3,4,5,3,5,1,1,1,1
7,16,31,0.03489905595779419,0,0,3,4,4,1,3,1,1,1,1,1
7,16,32,0.023928353562951088,0,0,3,4,4,2,3,2,1,1,1,1
7,16,36,0.02560185268521309,0,0,3,5,4,1,3,1,1,2,1,2
7,16,37,0.020734790712594986,0,0,3,5,4,2,3,2,1,2,1,2
7,16,38,0.15628764033317566,0,0,3,5,4,3,3,3,1,2,1,2
7,16,42,0.03258119150996208,0,1,3,6,4,2,3,0,1,0,1,1
7,16,43,0.031006578356027603,0,1,3,6,4,3,3,0,1,0,1,1
7,16,45,0.02661409042775631,0,1,3,6,4,5,3,0,1,0,1,1
7,16,47,0.30794453620910645,0,2,3,7,4,0,3,0,1,0,1,4
7,17,1,0.11529429256916046,0,0,3,3,5,1,3,1,1,1,1,1
7,17,2,0.035900115966796875,0,0,3,3,5,2,3,1,1,1,1,1
7,17,6,0.006616252474486828,0,0,3,3,5,6,3,1,1,1,1,1
7,17,7,0.038920603692531586,0,0,3,3,5,1,3,2,1,1,1,1
7,17,8,0.012021911330521107,0,0,3,3,5,2,3,2,1,1,1,1
7,17,10,0.03981379047036171,0,0,3,3,5,4,3,2,1,1,1,1
7,17,13,0.10813946276903152,0,0,3,3,5,1,3,3,1,1,1,1
7,17,15,0.04129280522465706,0,0,3,3,5,3,3,3,1,1,1,1
7,17,18,0.06094849482178688,0,0,3,3,5,6,3,3,1,1,1,1
7,17,19,0.015948167070746422,0,0,3,3,5,1,3,4,1,1,1,1
7,17,23,0.0005612107343040407,0,0,3,3,5,5,3,4,1,1,1,1
7,17,24,0.0016882934141904116,0,0,3,3,5,6,3,4,1,1,1,1
7,17,26,0.0072410739958286285,0,0,3,3,5,2,3,5,1,1,1,1
7,17,28,0.045100659132003784,0,0,3,3,5,4,3,5,1,1,1,1
7,17,29,0.0029860904905945063,0,0,3,3,5,5,3,5,1,1,1,1
7,17,31,0.04478121176362038,0,0,3,4,5,1,3,1,1,1,1,1
7,17,32,0.0781674012541771,0,0,3,4,5,2,3,2,1,1,1,1
7,17,36,0.02760908380150795,0,0,3,5,5,1,3,1,1,2,1,2
7,17,37,0.06065063551068306,0,0,3,5,5,2,3,2,1,2,1,2
7,17,38,0.07621923834085464,0,0,3,5,5,3,3,3,1,2,1,2
7,17,42,0.04544694721698761,0,1,3,6,5,2,3,0,1,0,1,1
7,17,43,0.0980026051402092,0,1,3,6,5,3,3,0,1,0,1,1
7,17,45,0.024745337665081024,0,1,3,6,5,5,3,0,1,0,1,1
7,17,47,0.01190450694411993,0,2,3,7,5,0,3,0,1,0,1,4
7,20,1,0.02944149263203144,0,0,3,3,2,1,4,1,1,1,1,1
7,20,2,0.035623904317617416,0,0,3,3,2,2,4,1,1,1,1,1
7,20,6,0.006073471158742905,0,0,3,3,2,6,4,1,1,1,1,1
7,20,7,0.008797414600849152,0,0,3,3,2,1,4,2,1,1,1,1
7,20,8,0.011633056215941906,0,0,3,3,2,2,4,2,1,1,1,1
7,20,10,0.12932318449020386,0,0,3,3,2,4,4,2,1,1,1,1
7,20,13,0.0390215665102005,0,0,3,3,2,1,4,3,1,1,1,1
7,20,15,0.08888188749551773,0,0,3,3,2,3,4,3,1,1,1,1
7,20,18,0.005616718903183937,0,0,3,3,2,6,4,3,1,1,1,1
7,20,19,0.0037065930664539337,0,0,3,3,2,1,4,4,1,1,1,1
7,20,23,0.0002997303381562233,0,0,3,3,2,5,4,4,1,1,1,1
7,20,24,0.000349450740031898,0,0,3,3,2,6,4,4,1,1,1,1
7,20,26,0.0018297228962182999,0,0,3,3,2,2,4,5,1,1,1,1
7,20,28,0.004968085326254368,0,0,3,3,2,4,4,5,1,1,1,1
7,20,29,0.00047043536324054003,0,0,3,3,2,5,4,5,1,1,1,1
7,20,31,0.027908509597182274,0,0,3,4,2,1,4,1,1,1,1,1
7,20,32,0.10107185691595078,0,0,3,4,2,2,4,2,1,1,1,1
7,20,36,0.01829177886247635,0,0,3,5,2,1,4,1,1,2,1,2
7,20,37,0.08258306980133057,0,0,3,5,2,2,4,2,1,2,1,2
7,20,38,0.27383461594581604,0,0,3,5,2,3,4,3,1,2,1,2
7,20,42,0.01536633726209402,0,1,3,6,2,2,4,0,1,0,1,1
7,20,43,0.09151969850063324,0,1,3,6,2,3,4,0,1,0,1,1
7,20,45,0.01960608921945095,0,1,3,6,2,5,4,0,1,0,1,1
7,20,47,0.0037813568487763405,0,2,3,7,2,0,4,0,1,0,1,4
7,21,1,0.044730618596076965,0,0,3,3,3,1,4,1,1,1,1,1
7,21,2,0.012536142021417618,0,0,3,3,3,2,4,1,1,1,1,1
7,21,6,0.009089750237762928,0,0,3,3,3,6,4,1,1,1,1,1
7,21,7,0.015116664581000805,0,0,3,3,3,1,4,2,1,1,1,1
7,21,8,0.009033363312482834,0,0,3,3,3,2,4,2,1,1,1,1
7,21,10,0.05506007373332977,0,0,3,3,3,4,4,2,1,1,1,1
7,21,13,0.08252707868814468,0,0,3,3,3,1,4,3,1,1,1,1
7,21,15,0.1271667331457138,0,0,3,3,3,3,4,3,1,1,1,1
7,21,18,0.03542714565992355,0,0,3,3,3,6,4,3,1,1,1,1
7,21,19,0.02644261159002781,0,0,3,3,3,1,4,4,1,1,1,1
7,21,23,0.0030365786515176296,0,0,3,3,3,5,4,4,1,1,1,1
7,21,24,0.0027988108340650797,0,0,3,3,3,6,4,4,1,1,1,1
7,21,26,0.0043099550530314445,0,0,3,3,3,2,4,5,1,1,1,1
7,21,28,0.03943628817796707,0,0,3,3,3,4,4,5,1,1,1,1
7,21,29,0.0060666631907224655,0,0,3,3,3,5,4,5,1,1,1,1
7,21,31,0.037810418754816055,0,0,3,4,3,1,4,1,1,1,1,1
7,21,32,0.01081918179988861,0,0,3,4,3,2,4,2,1,1,1,1
7,21,36,0.022081324830651283,0,0,3,5,3,1,4,1,1,2,1,2
7,21,37,0.008743811398744583,0,0,3,5,3,2,4,2,1,2,1,2
7,21,38,0.19194699823856354,0,0,3,5,3,3,4,3,1,2,1,2
7,21,42,0.031401678919792175,0,1,3,6,3,2,4,0,1,0,1,1
7,21,43,0.1385795623064041,0,1,3,6,3,3,4,0,1,0,1,1
7,21,45,0.03379157558083534,0,1,3,6,3,5,4,0,1,0,1,1
7,21,47,0.05204715579748154,0,2,3,7,3,0,4,0,1,0,1,4
7,22,1,0.015495101921260357,0,0,3,3,4,1,4,1,1,1,1,1
7,22,2,0.015365020371973515,0,0,3,3,4,2,4,1,1,1,1,1
7,22,6,0.030707675963640213,0,0,3,3,4,6,4,1,1,1,1,1
7,22,7,0.011326811276376247,0,0,3,3,4,1,4,2,1,1,1,1
7,22,8,0.026173273101449013,0,0,3,3,4,2,4,2,1,1,1,1
7,22,10,0.03599318116903305,0,0,3,3,4,4,4,2,1,1,1,1
7,22,13,0.03774457052350044,0,0,3,3,4,1,4,3,1,1,1,1
7,22,15,0.09725150465965271,0,0,3,3,4,3,4,3,1,1,1,1
7,22,18,0.07966499775648117,0,0,3,3,4,6,4,3,1,1,1,1
7,22,19,0.038228731602430344,0,0,3,3,4,1,4,4,1,1,1,1
7,22,23,0.03137709200382233,0,0,3,3,4,5,4,4,1,1,1,1
7,22,24,0.03178461641073227,0,0,3,3,4,6,4,4,1,1,1,1
7,22,26,0.0486861877143383,0,0,3,3,4,2,4,5,1,1,1,1
7,22,28,0.1044258251786232,0,0,3,3,4,4,4,5,1,1,1,1
7,22,29,0.052177444100379944,0,0,3,3,4,5,4,5,1,1,1,1
7,22,31,0.045028552412986755,0,0,3,4,4,1,4,1,1,1,1,1
7,22,32,0.0173396747559309,0,0,3,4,4,2,4,2,1,1,1,1
7,22,36,0.016976000741124153,0,0,3,5,4,1,4,1,1,2,1,2
7,22,37,0.009333755820989609,0,0,3,5,4,2,4,2,1,2,1,2
7,22,38,0.09232355654239655,0,0,3,5,4,3,4,3,1,2,1,2
7,22,42,0.004983511753380299,0,1,3,6,4,2,4,0,1,0,1,1
7,22,43,0.0269363634288311,0,1,3,6,4,3,4,0,1,0,1,1
7,22,45,0.00619078055024147,0,1,3,6,4,5,4,0,1,0,1,1
7,22,47,0.12448589503765106,0,2,3,7,4,0,4,0,1,0,1,4
7,25,1,0.06842014938592911,0,0,3,3,1,1,5,1,1,1,1,1
7,25,2,0.03841239959001541,0,0,3,3,1,2,5,1,1,1,1,1
7,25,6,0.021174496039748192,0,0,3,3,1,6,5,1,1,1,1,1
7,25,7,0.012122032232582569,0,0,3,3,1,1,5,2,1,1,1,1
7,25,8,0.014554205350577831,0,0,3,3,1,2,5,2,1,1,1,1
7,25,10,0.20567648112773895,0,0,3,3,1,4,5,2,1,1,1,1
7,25,13,0.04151764512062073,0,0,3,3,1,1,5,3,1,1,1,1
7,25,15,0.04706762731075287,0,0,3,3,1,3,5,3,1,1,1,1
7,25,18,0.02310391515493393,0,0,3,3,1,6,5,3,1,1,1,1
7,25,19,0.039343398064374924,0,0,3,3,1,1,5,4,1,1,1,1
7,25,23,0.0071326978504657745,0,0,3,3,1,5,5,4,1,1,1,1
7,25,24,0.0035476647317409515,0,0,3,3,1,6,5,4,1,1,1,1
7,25,26,0.014285897836089134,0,0,3,3,1,2,5,5,1,1,1,1
7,25,28,0.01049731019884348,0,0,3,3,1,4,5,5,1,1,1,1
7,25,29,0.004296415019780397,0,0,3,3,1,5,5,5,1,1,1,1
7,25,31,0.039841726422309875,0,0,3,4,1,1,5,1,1,1,1,1
7,25,32,0.14550340175628662,0,0,3,4,1,2,5,2,1,1,1,1
7,25,36,0.01885855942964554,0,0,3,5,1,1,5,1,1,2,1,2
7,25,37,0.08708161860704422,0,0,3,5,1,2,5,2,1,2,1,2
7,25,38,0.05765961483120918,0,0,3,5,1,3,5,3,1,2,1,2
7,25,42,0.005613971967250109,0,1,3,6,1,2,5,0,1,0,1,1
7,25,43,0.07430414855480194,0,1,3,6,1,3,5,0,1,0,1,1
7,25,45,0.019939372316002846,0,1,3,6,1,5,5,0,1,0,1,1
7,25,47,4.5359087380347773e-05,0,2,3,7,1,0,5,0,1,0,1,4
7,27,1,0.024616189301013947,0,0,3,3,3,1,5,1,1,1,1,1
7,27,2,0.03591865673661232,0,0,3,3,3,2,5,1,1,1,1,1
7,27,6,0.022766880691051483,0,0,3,3,3,6,5,1,1,1,1,1
7,27,7,0.014138673432171345,0,0,3,3,3,1,5,2,1,1,1,1
7,27,8,0.026344669982790947,0,0,3,3,3,2,5,2,1,1,1,1
7,27,10,0.17183323204517365,0,0,3,3,3,4,5,2,1,1,1,1
7,27,13,0.026754790917038918,0,0,3,3,3,1,5,3,1,1,1,1
7,27,15,0.16503168642520905,0,0,3,3,3,3,5,3,1,1,1,1
7,27,18,0.013999735936522484,0,0,3,3,3,6,5,3,1,1,1,1
7,27,19,0.028224945068359375,0,0,3,3,3,1,5,4,1,1,1,1
7,27,23,0.011713434010744095,0,0,3,3,3,5,5,4,1,1,1,1
7,27,24,0.003956158645451069,0,0,3,3,3,6,5,4,1,1,1,1
7,27,26,0.0027701412327587605,0,0,3,3,3,2,5,5,1,1,1,1
7,27,28,0.008363201282918453,0,0,3,3,3,4,5,5,1,1,1,1
7,27,29,0.00337282195687294,0,0,3,3,3,5,5,5,1,1,1,1
7,27,31,0.018779762089252472,0,0,3,4,3,1,5,1,1,1,1,1
7,27,32,0.07030034065246582,0,0,3,4,3,2,5,2,1,1,1,1
7,27,36,0.014657330699265003,0,0,3,5,3,1,5,1,1,2,1,2
7,27,37,0.03323265537619591,0,0,3,5,3,2,5,2,1,2,1,2
7,27,38,0.10589508712291718,0,0,3,5,3,3,5,3,1,2,1,2
7,27,42,0.024496980011463165,0,1,3,6,3,2,5,0,1,0,1,1
7,27,43,0.12577444314956665,0,1,3,6,3,3,5,0,1,0,1,1
7,27,45,0.04246439039707184,0,1,3,6,3,5,5,0,1,0,1,1
7,27,47,0.004594083409756422,0,2,3,7,3,0,5,0,1,0,1,4
7,30,1,0.06391484290361404,0,0,3,3,6,1,5,1,1,1,1,1
7,30,2,0.014046797528862953,0,0,3,3,6,2,5,1,1,1,1,1
7,30,6,0.016043636947870255,0,0,3,3,6,6,5,1,1,1,1,1
7,30,7,0.014527612365782261,0,0,3,3,6,1,5,2,1,1,1,1
7,30,8,0.011304385960102081,0,0,3,3,6,2,5,2,1,1,1,1
7,30,10,0.21681536734104156,0,0,3,3,6,4,5,2,1,1,1,1
7,30,13,0.06529226154088974,0,0,3,3,6,1,5,3,1,1,1,1
7,30,15,0.03829748556017876,0,0,3,3,6,3,5,3,1,1,1,1
7,30,18,0.028259187936782837,0,0,3,3,6,6,5,3,1,1,1,1
7,30,19,0.01747405342757702,0,0,3,3,6,1,5,4,1,1,1,1
7,30,23,0.0013716287212446332,0,0,3,3,6,5,5,4,1,1,1,1
7,30,24,0.00257007940672338,0,0,3,3,6,6,5,4,1,1,1,1
7,30,26,0.005745246075093746,0,0,3,3,6,2,5,5,1,1,1,1
7,30,28,0.01807389408349991,0,0,3,3,6,4,5,5,1,1,1,1
7,30,29,0.0016747352201491594,0,0,3,3,6,5,5,5,1,1,1,1
7,30,31,0.2039385288953781,0,0,3,4,6,1,5,1,1,1,1,1
7,30,32,0.1282258927822113,0,0,3,4,6,2,5,2,1,1,1,1
7,30,36,0.011517017148435116,0,0,3,5,6,1,5,1,1,2,1,2
7,30,37,0.04147174581885338,0,0,3,5,6,2,5,2,1,2,1,2
7,30,38,0.05626792460680008,0,0,3,5,6,3,5,3,1,2,1,2
7,30,42,0.004609346855431795,0,1,3,6,6,2,5,0,1,0,1,1
7,30,43,0.024714164435863495,0,1,3,6,6,3,5,0,1,0,1,1
7,30,45,0.007000405341386795,0,1,3,6,6,5,5,0,1,0,1,1
7,30,47,0.006844180636107922,0,2,3,7,6,0,5,0,1,0,1,4
7,33,1,0.006481299176812172,0,0,4,3,3,1,3,1,1,1,1,1
7,33,2,0.005204141605645418,0,0,4,3,3,2,3,1,1,1,1,1
7,33,6,0.002399458084255457,0,0,4,3,3,6,3,1,1,1,1,1
7,33,7,0.0028366136830300093,0,0,4,3,3,1,3,2,1,1,1,1
7,33,8,0.0025400009471923113,0,0,4,3,3,2,3,2,1,1,1,1
7,33,10,0.0032549959141761065,0,0,4,3,3,4,3,2,1,1,1,1
7,33,13,0.0007478230982087553,0,0,4,3,3,1,3,3,1,1,1,1
7,33,15,0.0064584072679281235,0,0,4,3,3,3,3,3,1,1,1,1
7,33,18,0.0034386736806482077,0,0,4,3,3,6,3,3,1,1,1,1
7,33,19,0.0006507971556857228,0,0,4,3,3,1,3,4,1,1,1,1
7,33,23,0.0005944644799456,0,0,4,3,3,5,3,4,1,1,1,1
7,33,24,0.0051109460182487965,0,0,4,3,3,6,3,4,1,1,1,1
7,33,26,0.0006826278986409307,0,0,4,3,3,2,3,5,1,1,1,1
7,33,28,0.006835425738245249,0,0,4,3,3,4,3,5,1,1,1,1
7,33,29,0.0022608167491853237,0,0,4,3,3,5,3,5,1,1,1,1
7,33,31,0.009389269165694714,0,0,4,4,3,1,3,1,1,1,1,1
7,33,32,0.006607692688703537,0,0,4,4,3,2,3,2,1,1,1,1
7,33,36,0.003031462198123336,0,0,4,5,3,1,3,1,1,2,1,2
7,33,37,0.0012699859216809273,0,0,4,5,3,2,3,2,1,2,1,2
7,33,38,0.002086985157802701,0,0,4,5,3,3,3,3,1,2,1,2
7,33,42,0.01160474494099617,0,1,4,6,3,2,3,0,1,0,1,1
7,33,43,0.009920605458319187,0,1,4,6,3,3,3,0,1,0,1,1
7,33,45,0.012191789224743843,0,1,4,6,3,5,3,0,1,0,1,1
7,33,47,0.8944013714790344,0,2,4,7,3,0,3,0,1,0,1,4
7,34,1,0.020631326362490654,0,0,4,3,4,1,4,1,1,1,1,1
7,34,2,0.04100281745195389,0,0,4,3,4,2,4,1,1,1,1,1
7,34,6,0.07311055809259415,0,0,4,3,4,6,4,1,1,1,1,1
7,34,7,0.02122516743838787,0,0,4,3,4,1,4,2,1,1,1,1
7,34,8,0.04326799139380455,0,0,4,3,4,2,4,2,1,1,1,1
7,34,10,0.1288471668958664,0,0,4,3,4,4,4,2,1,1,1,1
7,34,13,0.03187653049826622,0,0,4,3,4,1,4,3,1,1,1,1
7,34,15,0.026714643463492393,0,0,4,3,4,3,4,3,1,1,1,1
7,34,18,0.037446390837430954,0,0,4,3,4,6,4,3,1,1,1,1
7,34,19,0.012649132870137691,0,0,4,3,4,1,4,4,1,1,1,1
7,34,23,0.011188450269401073,0,0,4,3,4,5,4,4,1,1,1,1
7,34,24,0.030305180698633194,0,0,4,3,4,6,4,4,1,1,1,1
7,34,26,0.012013871222734451,0,0,4,3,4,2,4,5,1,1,1,1
7,34,28,0.019832976162433624,0,0,4,3,4,4,4,5,1,1,1,1
7,34,29,0.006750813685357571,0,0,4,3,4,5,4,5,1,1,1,1
7,34,31,0.0849166065454483,0,0,4,4,4,1,4,1,1,1,1,1
7,34,32,0.21581576764583588,0,0,4,4,4,2,4,2,1,1,1,1
7,34,36,0.017516808584332466,0,0,4,5,4,1,4,1,1,2,1,2
7,34,37,0.0455002561211586,0,0,4,5,4,2,4,2,1,2,1,2
7,34,38,0.010562300682067871,0,0,4,5,4,3,4,3,1,2,1,2
7,34,42,0.0013860404724255204,0,1,4,6,4,2,4,0,1,0,1,1
7,34,43,0.0032503786496818066,0,1,4,6,4,3,4,0,1,0,1,1
7,34,45,0.0016777913551777601,0,1,4,6,4,5,4,0,1,0,1,1
7,34,47,0.10251100361347198,0,2,4,7,4,0,4,0,1,0,1,4
7,35,1,0.044122107326984406,0,0,4,3,5,1,5,1,1,1,1,1
7,35,2,0.026722654700279236,0,0,4,3,5,2,5,1,1,1,1,1
7,35,6,0.01791401207447052,0,0,4,3,5,6,5,1,1,1,1,1
7,35,7,0.009422431699931622,0,0,4,3,5,1,5,2,1,1,1,1
7,35,8,0.010795347392559052,0,0,4,3,5,2,5,2,1,1,1,1
7,35,10,0.15736626088619232,0,0,4,3,5,4,5,2,1,1,1,1
7,35,13,0.024337351322174072,0,0,4,3,5,1,5,3,1,1,1,1
7,35,15,0.046348389238119125,0,0,4,3,5,3,5,3,1,1,1,1
7,35,18,0.016321565955877304,0,0,4,3,5,6,5,3,1,1,1,1
7,35,19,0.008493101224303246,0,0,4,3,5,1,5,4,1,1,1,1
7,35,23,0.0027699959464371204,0,0,4,3,5,5,5,4,1,1,1,1
7,35,24,0.005518767517060041,0,0,4,3,5,6,5,4,1,1,1,1
7,35,26,0.003773490199819207,0,0,4,3,5,2,5,5,1,1,1,1
7,35,28,0.010799878276884556,0,0,4,3,5,4,5,5,1,1,1,1
7,35,29,0.0020254277624189854,0,0,4,3,5,5,5,5,1,1,1,1
7,35,31,0.07991685718297958,0,0,4,4,5,1,5,1,1,1,1,1
7,35,32,0.37162303924560547,0,0,4,4,5,2,5,2,1,1,1,1
7,35,36,0.020565910264849663,0,0,4,5,5,1,5,1,1,2,1,2
7,35,37,0.060506224632263184,0,0,4,5,5,2,5,2,1,2,1,2
7,35,38,0.03520409017801285,0,0,4,5,5,3,5,3,1,2,1,2
7,35,42,0.003953344188630581,0,1,4,6,5,2,5,0,1,0,1,1
7,35,43,0.026100987568497658,0,1,4,6,5,3,5,0,1,0,1,1
7,35,45,0.008740054443478584,0,1,4,6,5,5,5,0,1,0,1,1
7,35,47,0.006658658850938082,0,2,4,7,5,0,5,0,1,0,1,4
7,39,1,0.0045433430932462215,0,0,5,3,4,1,4,1,2,1,2,1
7,39,2,0.003783200168982148,0,0,5,3,4,2,4,1,2,1,2,1
7,39,6,0.030931944027543068,0,0,5,3,4,6,4,1,2,1,2,1
7,39,7,0.006733701564371586,0,0,5,3,4,1,4,2,2,1,2,1
7,39,8,0.0205594003200531,0,0,5,3,4,2,4,2,2,1,2,1
7,39,10,0.008857016451656818,0,0,5,3,4,4,4,2,2,1,2,1
7,39,13,0.031520601361989975,0,0,5,3,4,1,4,3,2,1,2,1
7,39,15,0.013144740834832191,0,0,5,3,4,3,4,3,2,1,2,1
7,39,18,0.08327449858188629,0,0,5,3,4,6,4,3,2,1,2,1
7,39,19,0.003394139464944601,0,0,5,3,4,1,4,4,2,1,2,1
7,39,23,0.007415264379233122,0,0,5,3,4,5,4,4,2,1,2,1
7,39,24,0.031537603586912155,0,0,5,3,4,6,4,4,2,1,2,1
7,39,26,0.007435769774019718,0,0,5,3,4,2,4,5,2,1,2,1
7,39,28,0.017690567299723625,0,0,5,3,4,4,4,5,2,1,2,1
7,39,29,0.0162308719009161,0,0,5,3,4,5,4,5,2,1,2,1
7,39,31,0.05109849572181702,0,0,5,4,4,1,4,1,2,1,2,1
7,39,32,0.4889311194419861,0,0,5,4,4,2,4,2,2,1,2,1
7,39,36,0.020200293511152267,0,0,5,5,4,1,4,1,2,2,2,2
7,39,37,0.08015455305576324,0,0,5,5,4,2,4,2,2,2,2,2
7,39,38,0.038372140377759933,0,0,5,5,4,3,4,3,2,2,2,2
7,39,42,0.0002940768899861723,0,1,5,6,4,2,4,0,2,0,2,1
7,39,43,0.0009156480082310736,0,1,5,6,4,3,4,0,2,0,2,1
7,39,45,0.00033669063122943044,0,1,5,6,4,5,4,0,2,0,2,1
7,39,47,0.03264433890581131,0,2,5,7,4,0,4,0,2,0,2,4
7,40,1,0.005434089805930853,0,0,5,3,5,1,5,1,2,1,2,1
7,40,2,0.0011957037495449185,0,0,5,3,5,2,5,1,2,1,2,1
7,40,6,0.009271901100873947,0,0,5,3,5,6,5,1,2,1,2,1
7,40,7,0.0031708646565675735,0,0,5,3,5,1,5,2,2,1,2,1
7,40,8,0.004037851933389902,0,0,5,3,5,2,5,2,2,1,2,1
7,40,10,0.005059930495917797,0,0,5,3,5,4,5,2,2,1,2,1
7,40,13,0.01451772078871727,0,0,5,3,5,1,5,3,2,1,2,1
7,40,15,0.007311246357858181,0,0,5,3,5,3,5,3,2,1,2,1
7,40,18,0.04024108499288559,0,0,5,3,5,6,5,3,2,1,2,1
7,40,19,0.003647107630968094,0,0,5,3,5,1,5,4,2,1,2,1
7,40,23,0.003961686976253986,0,0,5,3,5,5,5,4,2,1,2,1
7,40,24,0.007201837375760078,0,0,5,3,5,6,5,4,2,1,2,1
7,40,26,0.001458696904592216,0,0,5,3,5,2,5,5,2,1,2,1
7,40,28,0.0036206396762281656,0,0,5,3,5,4,5,5,2,1,2,1
7,40,29,0.004925986751914024,0,0,5,3,5,5,5,5,2,1,2,1
7,40,31,0.029044728726148605,0,0,5,4,5,1,5,1,2,1,2,1
7,40,32,0.7548236846923828,0,0,5,4,5,2,5,2,2,1,2,1
7,40,36,0.010523621924221516,0,0,5,5,5,1,5,1,2,2,2,2
7,40,37,0.07485820353031158,0,0,5,5,5,2,5,2,2,2,2,2
7,40,38,0.013257453218102455,0,0,5,5,5,3,5,3,2,2,2,2
7,40,42,0.0001349696103716269,0,1,5,6,5,2,5,0,2,0,2,1
7,40,43,0.0016349891666322947,0,1,5,6,5,3,5,0,2,0,2,1
7,40,45,0.00042369370930828154,0,1,5,6,5,5,5,0,2,0,2,1
7,40,47,0.0002422679535811767,0,2,5,7,5,0,5,0,2,0,2,4
7,41,1,0.052310243248939514,1,0,6,3,1,1,0,1,0,1,1,1
7,41,2,0.06254518032073975,1,0,6,3,1,2,0,1,0,1,1,1
7,41,6,0.01906473934650421,1,0,6,3,1,6,0,1,0,1,1,1
7,41,7,0.0074975271709263325,1,0,6,3,1,1,0,2,0,1,1,1
7,41,8,0.012431953102350235,1,0,6,3,1,2,0,2,0,1,1,1
7,41,10,0.05791507288813591,1,0,6,3,1,4,0,2,0,1,1,1
7,41,13,0.02137182652950287,1,0,6,3,1,1,0,3,0,1,1,1
7,41,15,0.035644225776195526,1,0,6,3,1,3,0,3,0,1,1,1
7,41,18,0.027272099629044533,1,0,6,3,1,6,0,3,0,1,1,1
7,41,19,0.013844173401594162,1,0,6,3,1,1,0,4,0,1,1,1
7,41,23,0.004295146092772484,1,0,6,3,1,5,0,4,0,1,1,1
7,41,24,0.019537273794412613,1,0,6,3,1,6,0,4,0,1,1,1
7,41,26,0.025751793757081032,1,0,6,3,1,2,0,5,0,1,1,1
7,41,28,0.022909317165613174,1,0,6,3,1,4,0,5,0,1,1,1
7,41,29,0.005630273371934891,1,0,6,3,1,5,0,5,0,1,1,1
7,41,31,0.04781900346279144,1,0,6,4,1,1,0,1,0,1,1,1
7,41,32,0.32001248002052307,1,0,6,4,1,2,0,2,0,1,1,1
7,41,36,0.022259248420596123,1,0,6,5,1,1,0,1,0,2,1,2
7,41,37,0.12458409368991852,1,0,6,5,1,2,0,2,0,2,1,2
7,41,38,0.04727745056152344,1,0,6,5,1,3,0,3,0,2,1,2
7,41,42,0.006007748655974865,1,1,6,6,1,2,0,0,0,0,1,1
7,41,43,0.030419323593378067,1,1,6,6,1,3,0,0,0,0,1,1
7,41,45,0.010821630246937275,1,1,6,6,1,5,0,0,0,0,1,1
7,41,47,0.002778027905151248,1,2,6,7,1,0,0,0,0,0,1,4
7,44,1,0.00336694554425776,1,0,6,3,4,1,0,1,0,1,1,1
7,44,2,0.016180645674467087,1,0,6,3,4,2,0,1,0,1,1,1
7,44,6,0.012960388325154781,1,0,6,3,4,6,0,1,0,1,1,1
7,44,7,0.0012836195528507233,1,0,6,3,4,1,0,2,0,1,1,1
7,44,8,0.01999015361070633,1,0,6,3,4,2,0,2,0,1,1,1
7,44,10,0.011434480547904968,1,0,6,3,4,4,0,2,0,1,1,1
7,44,13,0.004907222464680672,1,0,6,3,4,1,0,3,0,1,1,1
7,44,15,0.009291968308389187,1,0,6,3,4,3,0,3,0,1,1,1
7,44,18,0.013255146332085133,1,0,6,3,4,6,0,3,0,1,1,1
7,44,19,0.0008313190191984177,1,0,6,3,4,1,0,4,0,1,1,1
7,44,23,0.00210631568916142,1,0,6,3,4,5,0,4,0,1,1,1
7,44,24,0.014842215925455093,1,0,6,3,4,6,0,4,0,1,1,1
7,44,26,0.017361557111144066,1,0,6,3,4,2,0,5,0,1,1,1
7,44,28,0.009506032802164555,1,0,6,3,4,4,0,5,0,1,1,1
7,44,29,0.00540858693420887,1,0,6,3,4,5,0,5,0,1,1,1
7,44,31,0.010952191427350044,1,0,6,4,4,1,0,1,0,1,1,1
7,44,32,0.5312060713768005,1,0,6,4,4,2,0,2,0,1,1,1
7,44,36,0.009997441433370113,1,0,6,5,4,1,0,1,0,2,1,2
7,44,37,0.1700773686170578,1,0,6,5,4,2,0,2,0,2,1,2
7,44,38,0.12728452682495117,1,0,6,5,4,3,0,3,0,2,1,2
7,44,42,0.0018781539984047413,1,1,6,6,4,2,0,0,0,0,1,1
7,44,43,0.0030486362520605326,1,1,6,6,4,3,0,0,0,0,1,1
7,44,45,0.0017204682808369398,1,1,6,6,4,5,0,0,0,0,1,1
7,44,47,0.0011088980827480555,1,2,6,7,4,0,0,0,0,0,1,4
7,46,1,0.009598941542208195,1,0,6,3,6,1,0,1,0,1,1,1
7,46,2,0.015343333594501019,1,0,6,3,6,2,0,1,0,1,1,1
7,46,6,0.009807172231376171,1,0,6,3,6,6,0,1,0,1,1,1
7,46,7,0.0006535050342790782,1,0,6,3,6,1,0,2,0,1,1,1
7,46,8,0.004578618798404932,1,0,6,3,6,2,0,2,0,1,1,1
7,46,10,0.018522877246141434,1,0,6,3,6,4,0,2,0,1,1,1
7,46,13,0.007512849289923906,1,0,6,3,6,1,0,3,0,1,1,1
7,46,15,0.03139209747314453,1,0,6,3,6,3,0,3,0,1,1,1
7,46,18,0.011297636665403843,1,0,6,3,6,6,0,3,0,1,1,1
7,46,19,0.0011017917422577739,1,0,6,3,6,1,0,4,0,1,1,1
7,46,23,0.0008674688870087266,1,0,6,3,6,5,0,4,0,1,1,1
7,46,24,0.017048858106136322,1,0,6,3,6,6,0,4,0,1,1,1
7,46,26,0.004298273008316755,1,0,6,3,6,2,0,5,0,1,1,1
7,46,28,0.007814671844244003,1,0,6,3,6,4,0,5,0,1,1,1
7,46,29,0.001944010960869491,1,0,6,3,6,5,0,5,0,1,1,1
7,46,31,0.027187950909137726,1,0,6,4,6,1,0,1,0,1,1,1
7,46,32,0.4734404981136322,1,0,6,4,6,2,0,2,0,1,1,1
7,46,36,0.012894876301288605,1,0,6,5,6,1,0,1,0,2,1,2
7,46,37,0.09702972322702408,1,0,6,5,6,2,0,2,0,2,1,2
7,46,38,0.2255510836839676,1,0,6,5,6,3,0,3,0,2,1,2
7,46,42,0.0017666516359895468,1,1,6,6,6,2,0,0,0,0,1,1
7,46,43,0.010643722489476204,1,1,6,6,6,3,0,0,0,0,1,1
7,46,45,0.0036856974475085735,1,1,6,6,6,5,0,0,0,0,1,1
7,46,47,0.006017718464136124,1,2,6,7,6,0,0,0,0,0,1,4
