coupling_layer,target_coord,fixed_coord,mean_attention,target_latent_type,fixed_latent_type,target_parameter_type,fixed_parameter_type,target_group,fixed_group,target_unit,fixed_unit,target_layer,fixed_layer,target_side,fixed_side
0,4,0,0.024476533755660057,0,0,3,1,4,0,1,0,1,2,1,4
0,4,1,0.023140525445342064,0,0,3,3,4,1,1,1,1,1,1,1
0,4,2,0.001377698965370655,0,0,3,3,4,2,1,1,1,1,1,1
0,4,3,0.002346667228266597,0,0,3,3,4,3,1,1,1,1,1,1
0,4,5,0.00040416463161818683,0,0,3,3,4,5,1,1,1,1,1,1
0,4,6,0.01560310460627079,0,0,3,3,4,6,1,1,1,1,1,1
0,4,7,0.005497252102941275,0,0,3,3,4,1,1,2,1,1,1,1
0,4,11,0.001993057318031788,0,0,3,3,4,5,1,2,1,1,1,1
0,4,13,0.033574048429727554,0,0,3,3,4,1,1,3,1,1,1,1
0,4,18,0.08616576343774796,0,0,3,3,4,6,1,3,1,1,1,1
0,4,23,0.011478278785943985,0,0,3,3,4,5,1,4,1,1,1,1
0,4,24,0.09099751710891724,0,0,3,3,4,6,1,4,1,1,1,1
0,4,25,0.013413676992058754,0,0,3,3,4,1,1,5,1,1,1,1
0,4,26,0.003929616417735815,0,0,3,3,4,2,1,5,1,1,1,1
0,4,28,0.0018379298271611333,0,0,3,3,4,4,1,5,1,1,1,1
0,4,31,0.0013765241019427776,0,0,3,4,4,1,1,1,1,1,1,1
0,4,32,0.0034780874848365784,0,0,3,4,4,2,1,2,1,1,1,1
0,4,33,0.04499492049217224,0,0,3,4,4,3,1,3,1,1,1,1
0,4,34,0.0037160112988203764,0,0,3,4,4,4,1,4,1,1,1,1
0,4,38,0.2607196271419525,0,0,3,5,4,3,1,3,1,2,1,2
0,4,40,0.22307923436164856,0,0,3,5,4,5,1,5,1,2,1,2
0,4,43,0.06799684464931488,0,1,3,6,4,3,1,0,1,0,1,1
0,4,44,0.0019389092922210693,0,1,3,6,4,4,1,0,1,0,1,1
0,4,46,0.0764641985297203,0,1,3,6,4,6,1,0,1,0,1,1
0,8,0,9.822884749155492e-05,0,0,3,1,2,0,2,0,1,2,1,4
0,8,1,8.402334060519934e-05,0,0,3,3,2,1,2,1,1,1,1,1
0,8,2,4.3285152173666575e-07,0,0,3,3,2,2,2,1,1,1,1,1
0,8,3,1.7147573316833586e-06,0,0,3,3,2,3,2,1,1,1,1,1
0,8,5,2.488514496690186e-07,0,0,3,3,2,5,2,1,1,1,1,1
0,8,6,1.0404977729194798e-05,0,0,3,3,2,6,2,1,1,1,1,1
0,8,7,3.441879016463645e-06,0,0,3,3,2,1,2,2,1,1,1,1
0,8,11,1.0199923963227775e-06,0,0,3,3,2,5,2,2,1,1,1,1
0,8,13,1.9098988559562713e-06,0,0,3,3,2,1,2,3,1,1,1,1
0,8,18,1.7085323634091765e-05,0,0,3,3,2,6,2,3,1,1,1,1
0,8,23,9.590246008883696e-06,0,0,3,3,2,5,2,4,1,1,1,1
0,8,24,0.000249852251727134,0,0,3,3,2,6,2,4,1,1,1,1
0,8,25,5.017014700570144e-06,0,0,3,3,2,1,2,5,1,1,1,1
0,8,26,8.554591204301687e-07,0,0,3,3,2,2,2,5,1,1,1,1
0,8,28,4.67110339741339e-07,0,0,3,3,2,4,2,5,1,1,1,1
0,8,31,6.592502472813067e-07,0,0,3,4,2,1,2,1,1,1,1,1
0,8,32,1.3511714769265382e-07,0,0,3,4,2,2,2,2,1,1,1,1
0,8,33,1.2830855666834395e-05,0,0,3,4,2,3,2,3,1,1,1,1
0,8,34,9.16120768579276e-07,0,0,3,4,2,4,2,4,1,1,1,1
0,8,38,0.0486551895737648,0,0,3,5,2,3,2,3,1,2,1,2
0,8,40,0.9498231410980225,0,0,3,5,2,5,2,5,1,2,1,2
0,8,43,0.000747298588976264,0,1,3,6,2,3,2,0,1,0,1,1
0,8,44,1.4769643712497782e-06,0,1,3,6,2,4,2,0,1,0,1,1
0,8,46,0.00027426332235336304,0,1,3,6,2,6,2,0,1,0,1,1
0,9,0,0.0016874972498044372,0,0,3,1,3,0,2,0,1,2,1,4
0,9,1,0.003330124309286475,0,0,3,3,3,1,2,1,1,1,1,1
0,9,2,2.793110252241604e-05,0,0,3,3,3,2,2,1,1,1,1,1
0,9,3,5.2256502385716885e-05,0,0,3,3,3,3,2,1,1,1,1,1
0,9,5,1.0605489478621166e-05,0,0,3,3,3,5,2,1,1,1,1,1
0,9,6,0.00045737787149846554,0,0,3,3,3,6,2,1,1,1,1,1
0,9,7,0.00039467361057177186,0,0,3,3,3,1,2,2,1,1,1,1
0,9,11,0.00010968998685711995,0,0,3,3,3,5,2,2,1,1,1,1
0,9,13,0.0008021063986234367,0,0,3,3,3,1,2,3,1,1,1,1
0,9,18,0.003093442413955927,0,0,3,3,3,6,2,3,1,1,1,1
0,9,23,0.00093990343157202,0,0,3,3,3,5,2,4,1,1,1,1
0,9,24,0.012472347356379032,0,0,3,3,3,6,2,4,1,1,1,1
0,9,25,0.0006166439852677286,0,0,3,3,3,1,2,5,1,1,1,1
0,9,26,0.00010281983122695237,0,0,3,3,3,2,2,5,1,1,1,1
0,9,28,3.6494238884188235e-05,0,0,3,3,3,4,2,5,1,1,1,1
0,9,31,5.825103653478436e-05,0,0,3,4,3,1,2,1,1,1,1,1
0,9,32,5.439006054075435e-05,0,0,3,4,3,2,2,2,1,1,1,1
0,9,33,0.0013386053033173084,0,0,3,4,3,3,2,3,1,1,1,1
0,9,34,0.00011773512960644439,0,0,3,4,3,4,2,4,1,1,1,1
0,9,38,0.06586290895938873,0,0,3,5,3,3,2,3,1,2,1,2
0,9,40,0.9033582210540771,0,0,3,5,3,5,2,5,1,2,1,2
0,9,43,0.0020421145018190145,0,1,3,6,3,3,2,0,1,0,1,1
0,9,44,1.2741672435367946e-05,0,1,3,6,3,4,2,0,1,0,1,1
0,9,46,0.003020988078787923,0,1,3,6,3,6,2,0,1,0,1,1
0,10,0,0.2690829932689667,0,0,3,1,4,0,2,0,1,2,1,4
0,10,1,0.0046330662444233894,0,0,3,3,4,1,2,1,1,1,1,1
0,10,2,0.002530706347897649,0,0,3,3,4,2,2,1,1,1,1,1
0,10,3,0.007871708832681179,0,0,3,3,4,3,2,1,1,1,1,1
0,10,5,0.001270224922336638,0,0,3,3,4,5,2,1,1,1,1,1
0,10,6,0.002865022514015436,0,0,3,3,4,6,2,1,1,1,1,1
0,10,7,0.0030540756415575743,0,0,3,3,4,1,2,2,1,1,1,1
0,10,11,0.0018003875156864524,0,0,3,3,4,5,2,2,1,1,1,1
0,10,13,0.001735476078465581,0,0,3,3,4,1,2,3,1,1,1,1
0,10,18,0.005766330752521753,0,0,3,3,4,6,2,3,1,1,1,1
0,10,23,0.0012253876775503159,0,0,3,3,4,5,2,4,1,1,1,1
0,10,24,0.0037678219377994537,0,0,3,3,4,6,2,4,1,1,1,1
0,10,25,0.0026226143818348646,0,0,3,3,4,1,2,5,1,1,1,1
0,10,26,0.0008731901179999113,0,0,3,3,4,2,2,5,1,1,1,1
0,10,28,0.002041708678007126,0,0,3,3,4,4,2,5,1,1,1,1
0,10,31,0.00044655700912699103,0,0,3,4,4,1,2,1,1,1,1,1
0,10,32,2.6475006961845793e-05,0,0,3,4,4,2,2,2,1,1,1,1
0,10,33,0.003736289218068123,0,0,3,4,4,3,2,3,1,1,1,1
0,10,34,0.0007626054575666785,0,0,3,4,4,4,2,4,1,1,1,1
0,10,38,0.3477492928504944,0,0,3,5,4,3,2,3,1,2,1,2
0,10,40,0.056540731340646744,0,0,3,5,4,5,2,5,1,2,1,2
0,10,43,0.1295575648546219,0,1,3,6,4,3,2,0,1,0,1,1
0,10,44,0.03473958745598793,0,1,3,6,4,4,2,0,1,0,1,1
0,10,46,0.11530011147260666,0,1,3,6,4,6,2,0,1,0,1,1
0,12,0,0.001164091401733458,0,0,3,1,6,0,2,0,1,2,1,4
0,12,1,9.395913366461173e-05,0,0,3,3,6,1,2,1,1,1,1,1
0,12,2,8.222851306527446e-07,0,0,3,3,6,2,2,1,1,1,1,1
0,12,3,1.7273089270020137e-06,0,0,3,3,6,3,2,1,1,1,1,1
0,12,5,5.269474172564514e-07,0,0,3,3,6,5,2,1,1,1,1,1
0,12,6,1.2798928764823359e-05,0,0,3,3,6,6,2,1,1,1,1,1
0,12,7,6.676001248706598e-06,0,0,3,3,6,1,2,2,1,1,1,1
0,12,11,5.387863097894297e-07,0,0,3,3,6,5,2,2,1,1,1,1
0,12,13,3.0499950298690237e-05,0,0,3,3,6,1,2,3,1,1,1,1
0,12,18,0.00014450153685174882,0,0,3,3,6,6,2,3,1,1,1,1
0,12,23,1.640441951167304e-05,0,0,3,3,6,5,2,4,1,1,1,1
0,12,24,0.00020458070503082126,0,0,3,3,6,6,2,4,1,1,1,1
0,12,25,5.269593384582549e-05,0,0,3,3,6,1,2,5,1,1,1,1
0,12,26,4.95898848384968e-06,0,0,3,3,6,2,2,5,1,1,1,1
0,12,28,1.3603828392660944e-06,0,0,3,3,6,4,2,5,1,1,1,1
0,12,31,1.1370933634680114e-06,0,0,3,4,6,1,2,1,1,1,1,1
0,12,32,1.564325771141739e-07,0,0,3,4,6,2,2,2,1,1,1,1
0,12,33,4.081141742062755e-05,0,0,3,4,6,3,2,3,1,1,1,1
0,12,34,1.0586383041299996e-06,0,0,3,4,6,4,2,4,1,1,1,1
0,12,38,0.17419227957725525,0,0,3,5,6,3,2,3,1,2,1,2
0,12,40,0.823891818523407,0,0,3,5,6,5,2,5,1,2,1,2
0,12,43,4.296045153751038e-05,0,1,3,6,6,3,2,0,1,0,1,1
0,12,44,2.383827677476802e-07,0,1,3,6,6,4,2,0,1,0,1,1
0,12,46,9.351621702080593e-05,0,1,3,6,6,6,2,0,1,0,1,1
0,14,0,0.015241246670484543,0,0,3,1,2,0,3,0,1,2,1,4
0,14,1,0.005267970729619265,0,0,3,3,2,1,3,1,1,1,1,1
0,14,2,0.0009644189267419279,0,0,3,3,2,2,3,1,1,1,1,1
0,14,3,0.0011199595173820853,0,0,3,3,2,3,3,1,1,1,1,1
0,14,5,0.0003636782639659941,0,0,3,3,2,5,3,1,1,1,1,1
0,14,6,0.0013347644126042724,0,0,3,3,2,6,3,1,1,1,1,1
0,14,7,0.0009293174371123314,0,0,3,3,2,1,3,2,1,1,1,1
0,14,11,0.0005723593640141189,0,0,3,3,2,5,3,2,1,1,1,1
0,14,13,0.0003684165421873331,0,0,3,3,2,1,3,3,1,1,1,1
0,14,18,0.0006343090790323913,0,0,3,3,2,6,3,3,1,1,1,1
0,14,23,0.0014850541483610868,0,0,3,3,2,5,3,4,1,1,1,1
0,14,24,0.004601416178047657,0,0,3,3,2,6,3,4,1,1,1,1
0,14,25,0.0016901902854442596,0,0,3,3,2,1,3,5,1,1,1,1
0,14,26,0.00064712087623775,0,0,3,3,2,2,3,5,1,1,1,1
0,14,28,0.0002909242466557771,0,0,3,3,2,4,3,5,1,1,1,1
0,14,31,9.899460565065965e-05,0,0,3,4,2,1,3,1,1,1,1,1
0,14,32,2.6791087293531746e-05,0,0,3,4,2,2,3,2,1,1,1,1
0,14,33,0.0006717268261127174,0,0,3,4,2,3,3,3,1,1,1,1
0,14,34,8.872514445101842e-05,0,0,3,4,2,4,3,4,1,1,1,1
0,14,38,0.07348188757896423,0,0,3,5,2,3,3,3,1,2,1,2
0,14,40,0.8864489793777466,0,0,3,5,2,5,3,5,1,2,1,2
0,14,43,0.0025521747302263975,0,1,3,6,2,3,3,0,1,0,1,1
0,14,44,7.861392077757046e-05,0,1,3,6,2,4,3,0,1,0,1,1
0,14,46,0.0010407126974314451,0,1,3,6,2,6,3,0,1,0,1,1
0,15,0,0.01913153938949108,0,0,3,1,3,0,3,0,1,2,1,4
0,15,1,0.0001072852173820138,0,0,3,3,3,1,3,1,1,1,1,1
0,15,2,3.0641112971352413e-06,0,0,3,3,3,2,3,1,1,1,1,1
0,15,3,2.0111534468014725e-05,0,0,3,3,3,3,3,1,1,1,1,1
0,15,5,9.206759727931058e-07,0,0,3,3,3,5,3,1,1,1,1,1
0,15,6,5.580672950600274e-05,0,0,3,3,3,6,3,1,1,1,1,1
0,15,7,2.7025605959352106e-05,0,0,3,3,3,1,3,2,1,1,1,1
0,15,11,4.734179128718097e-06,0,0,3,3,3,5,3,2,1,1,1,1
0,15,13,4.959586476616096e-06,0,0,3,3,3,1,3,3,1,1,1,1
0,15,18,2.0540714103844948e-05,0,0,3,3,3,6,3,3,1,1,1,1
0,15,23,5.49833093828056e-05,0,0,3,3,3,5,3,4,1,1,1,1
0,15,24,0.0005271216505207121,0,0,3,3,3,6,3,4,1,1,1,1
0,15,25,0.00025210826424881816,0,0,3,3,3,1,3,5,1,1,1,1
0,15,26,1.2529359992186073e-05,0,0,3,3,3,2,3,5,1,1,1,1
0,15,28,1.0325250514142681e-05,0,0,3,3,3,4,3,5,1,1,1,1
0,15,31,9.774798854778055e-07,0,0,3,4,3,1,3,1,1,1,1,1
0,15,32,3.3850679415081686e-07,0,0,3,4,3,2,3,2,1,1,1,1
0,15,33,9.096082976611797e-06,0,0,3,4,3,3,3,3,1,1,1,1
0,15,34,2.793319481497747e-06,0,0,3,4,3,4,3,4,1,1,1,1
0,15,38,0.021933816373348236,0,0,3,5,3,3,3,3,1,2,1,2
0,15,40,0.9578009843826294,0,0,3,5,3,5,3,5,1,2,1,2
0,15,43,1.079842149920296e-05,0,1,3,6,3,3,3,0,1,0,1,1
0,15,44,3.487173572125357e-08,0,1,3,6,3,4,3,0,1,0,1,1
0,15,46,8.227504622482229e-06,0,1,3,6,3,6,3,0,1,0,1,1
0,16,0,0.9672631621360779,0,0,3,1,4,0,3,0,1,2,1,4
0,16,1,0.00047633962822146714,0,0,3,3,4,1,3,1,1,1,1,1
0,16,2,0.0013293579686433077,0,0,3,3,4,2,3,1,1,1,1,1
0,16,3,0.003367311554029584,0,0,3,3,4,3,3,1,1,1,1,1
0,16,5,0.0005498750833794475,0,0,3,3,4,5,3,1,1,1,1,1
0,16,6,0.0007411279948428273,0,0,3,3,4,6,3,1,1,1,1,1
0,16,7,0.0006027858471497893,0,0,3,3,4,1,3,2,1,1,1,1
0,16,11,0.00033508313936181366,0,0,3,3,4,5,3,2,1,1,1,1
0,16,13,6.005953036947176e-05,0,0,3,3,4,1,3,3,1,1,1,1
0,16,18,8.809218707028776e-05,0,0,3,3,4,6,3,3,1,1,1,1
0,16,23,0.0005049770115874708,0,0,3,3,4,5,3,4,1,1,1,1
0,16,24,0.0005071761552244425,0,0,3,3,4,6,3,4,1,1,1,1
0,16,25,0.0020635141991078854,0,0,3,3,4,1,3,5,1,1,1,1
0,16,26,0.0005700008478015661,0,0,3,3,4,2,3,5,1,1,1,1
0,16,28,0.0012108208611607552,0,0,3,3,4,4,3,5,1,1,1,1
0,16,31,7.24959172657691e-05,0,0,3,4,4,1,3,1,1,1,1,1
0,16,32,8.04406499810284e-06,0,0,3,4,4,2,3,2,1,1,1,1
0,16,33,0.00010516045585973188,0,0,3,4,4,3,3,3,1,1,1,1
0,16,34,0.00018740711675491184,0,0,3,4,4,4,3,4,1,1,1,1
0,16,38,0.007565993349999189,0,0,3,5,4,3,3,3,1,2,1,2
0,16,40,0.011822943575680256,0,0,3,5,4,5,3,5,1,2,1,2
0,16,43,0.0002335601457161829,0,1,3,6,4,3,3,0,1,0,1,1
0,16,44,9.802224667510018e-05,0,1,3,6,4,4,3,0,1,0,1,1
0,16,46,0.00023635514662601054,0,1,3,6,4,6,3,0,1,0,1,1
0,17,0,0.022203044965863228,0,0,3,1,5,0,3,0,1,2,1,4
0,17,1,0.0004553550388664007,0,0,3,3,5,1,3,1,1,1,1,1
0,17,2,9.59819444688037e-05,0,0,3,3,5,2,3,1,1,1,1,1
0,17,3,0.0002599285217002034,0,0,3,3,5,3,3,1,1,1,1,1
0,17,5,7.575497147627175e-05,0,0,3,3,5,5,3,1,1,1,1,1
0,17,6,0.0001425822702003643,0,0,3,3,5,6,3,1,1,1,1,1
0,17,7,0.000220583300688304,0,0,3,3,5,1,3,2,1,1,1,1
0,17,11,0.0002750841376837343,0,0,3,3,5,5,3,2,1,1,1,1
0,17,13,1.1032941529265372e-06,0,0,3,3,5,1,3,3,1,1,1,1
0,17,18,8.961585990618914e-06,0,0,3,3,5,6,3,3,1,1,1,1
0,17,23,0.00021422131976578385,0,0,3,3,5,5,3,4,1,1,1,1
0,17,24,0.00038110307650640607,0,0,3,3,5,6,3,4,1,1,1,1
0,17,25,0.00028613657923415303,0,0,3,3,5,1,3,5,1,1,1,1
0,17,26,8.505271398462355e-05,0,0,3,3,5,2,3,5,1,1,1,1
0,17,28,7.28309532860294e-05,0,0,3,3,5,4,3,5,1,1,1,1
0,17,31,8.590431207267102e-06,0,0,3,4,5,1,3,1,1,1,1,1
0,17,32,2.618060989334481e-06,0,0,3,4,5,2,3,2,1,1,1,1
0,17,33,1.8267386622028425e-05,0,0,3,4,5,3,3,3,1,1,1,1
0,17,34,1.6346870324923657e-05,0,0,3,4,5,4,3,4,1,1,1,1
0,17,38,0.015026843175292015,0,0,3,5,5,3,3,3,1,2,1,2
0,17,40,0.9599387049674988,0,0,3,5,5,5,3,5,1,2,1,2
0,17,43,0.00018352147890254855,0,1,3,6,5,3,3,0,1,0,1,1
0,17,44,4.8842071009858046e-06,0,1,3,6,5,4,3,0,1,0,1,1
0,17,46,2.1998290321789682e-05,0,1,3,6,5,6,3,0,1,0,1,1
0,19,0,0.0015160467009991407,0,0,3,1,1,0,4,0,1,2,1,4
0,19,1,0.0002891006297431886,0,0,3,3,1,1,4,1,1,1,1,1
0,19,2,4.778653419634793e-06,0,0,3,3,1,2,4,1,1,1,1,1
0,19,3,3.563900463632308e-05,0,0,3,3,1,3,4,1,1,1,1,1
0,19,5,5.8123919188801665e-06,0,0,3,3,1,5,4,1,1,1,1,1
0,19,6,8.806164260022342e-05,0,0,3,3,1,6,4,1,1,1,1,1
0,19,7,4.396636359160766e-05,0,0,3,3,1,1,4,2,1,1,1,1
0,19,11,2.1644529624609277e-05,0,0,3,3,1,5,4,2,1,1,1,1
0,19,13,4.350253220763989e-06,0,0,3,3,1,1,4,3,1,1,1,1
0,19,18,4.1897041228367016e-05,0,0,3,3,1,6,4,3,1,1,1,1
0,19,23,0.0001296459522563964,0,0,3,3,1,5,4,4,1,1,1,1
0,19,24,0.0008443650440312922,0,0,3,3,1,6,4,4,1,1,1,1
0,19,25,0.0002635255514178425,0,0,3,3,1,1,4,5,1,1,1,1
0,19,26,2.4682021830813028e-05,0,0,3,3,1,2,4,5,1,1,1,1
0,19,28,1.6810354281915352e-05,0,0,3,3,1,4,4,5,1,1,1,1
0,19,31,3.5507116535882233e-06,0,0,3,4,1,1,4,1,1,1,1,1
0,19,32,1.1247998372709844e-06,0,0,3,4,1,2,4,2,1,1,1,1
0,19,33,2.538217268011067e-05,0,0,3,4,1,3,4,3,1,1,1,1
0,19,34,5.737773335567908e-06,0,0,3,4,1,4,4,4,1,1,1,1
0,19,38,0.013026186265051365,0,0,3,5,1,3,4,3,1,2,1,2
0,19,40,0.9832231998443604,0,0,3,5,1,5,4,5,1,2,1,2
0,19,43,0.0002964613086078316,0,1,3,6,1,3,4,0,1,0,1,1
0,19,44,1.7079543113140971e-06,0,1,3,6,1,4,4,0,1,0,1,1
0,19,46,8.633332618046552e-05,0,1,3,6,1,6,4,0,1,0,1,1
0,20,0,0.0013809396186843514,0,0,3,1,2,0,4,0,1,2,1,4
0,20,1,0.0012040409492328763,0,0,3,3,2,1,4,1,1,1,1,1
0,20,2,6.139384640846401e-05,0,0,3,3,2,2,4,1,1,1,1,1
0,20,3,0.0002530944184400141,0,0,3,3,2,3,4,1,1,1,1,1
0,20,5,6.838582339696586e-05,0,0,3,3,2,5,4,1,1,1,1,1
0,20,6,0.0007638010429218411,0,0,3,3,2,6,4,1,1,1,1,1
0,20,7,0.00017971114721149206,0,0,3,3,2,1,4,2,1,1,1,1
0,20,11,0.0007738168351352215,0,0,3,3,2,5,4,2,1,1,1,1
0,20,13,1.900780262076296e-05,0,0,3,3,2,1,4,3,1,1,1,1
0,20,18,0.0001018778930301778,0,0,3,3,2,6,4,3,1,1,1,1
0,20,23,0.0012848118785768747,0,0,3,3,2,5,4,4,1,1,1,1
0,20,24,0.004985134582966566,0,0,3,3,2,6,4,4,1,1,1,1
0,20,25,0.00020062051771674305,0,0,3,3,2,1,4,5,1,1,1,1
0,20,26,9.629489795770496e-05,0,0,3,3,2,2,4,5,1,1,1,1
0,20,28,0.0002741503994911909,0,0,3,3,2,4,4,5,1,1,1,1
0,20,31,3.56781056325417e-05,0,0,3,4,2,1,4,1,1,1,1,1
0,20,32,5.941329072811641e-05,0,0,3,4,2,2,4,2,1,1,1,1
0,20,33,0.0004306500777602196,0,0,3,4,2,3,4,3,1,1,1,1
0,20,34,0.00031045530340634286,0,0,3,4,2,4,4,4,1,1,1,1
0,20,38,0.02196597494184971,0,0,3,5,2,3,4,3,1,2,1,2
0,20,40,0.9529902935028076,0,0,3,5,2,5,4,5,1,2,1,2
0,20,43,0.011124464683234692,0,1,3,6,2,3,4,0,1,0,1,1
0,20,44,0.0002250949473818764,0,1,3,6,2,4,4,0,1,0,1,1
0,20,46,0.001211108174175024,0,1,3,6,2,6,4,0,1,0,1,1
0,21,0,0.05089006572961807,0,0,3,1,3,0,4,0,1,2,1,4
0,21,1,0.0016009658575057983,0,0,3,3,3,1,4,1,1,1,1,1
0,21,2,7.370000093942508e-05,0,0,3,3,3,2,4,1,1,1,1,1
0,21,3,0.0007254318334162235,0,0,3,3,3,3,4,1,1,1,1,1
0,21,5,7.456881576217711e-05,0,0,3,3,3,5,4,1,1,1,1,1
0,21,6,0.0020856885239481926,0,0,3,3,3,6,4,1,1,1,1,1
0,21,7,0.0016052534338086843,0,0,3,3,3,1,4,2,1,1,1,1
0,21,11,0.0013530530268326402,0,0,3,3,3,5,4,2,1,1,1,1
0,21,13,0.00012430321658030152,0,0,3,3,3,1,4,3,1,1,1,1
0,21,18,0.0020704378839582205,0,0,3,3,3,6,4,3,1,1,1,1
0,21,23,0.004363060928881168,0,0,3,3,3,5,4,4,1,1,1,1
0,21,24,0.02405819110572338,0,0,3,3,3,6,4,4,1,1,1,1
0,21,25,0.015453116036951542,0,0,3,3,3,1,4,5,1,1,1,1
0,21,26,0.0013409627135843039,0,0,3,3,3,2,4,5,1,1,1,1
0,21,28,0.0011301153572276235,0,0,3,3,3,4,4,5,1,1,1,1
0,21,31,8.607052586739883e-05,0,0,3,4,3,1,4,1,1,1,1,1
0,21,32,0.00011765827366616577,0,0,3,4,3,2,4,2,1,1,1,1
0,21,33,0.0006356624653562903,0,0,3,4,3,3,4,3,1,1,1,1
0,21,34,0.00046625250251963735,0,0,3,4,3,4,4,4,1,1,1,1
0,21,38,0.014331674203276634,0,0,3,5,3,3,4,3,1,2,1,2
0,21,40,0.8735233545303345,0,0,3,5,3,5,4,5,1,2,1,2
0,21,43,0.002460263902321458,0,1,3,6,3,3,4,0,1,0,1,1
0,21,44,1.946344673342537e-05,0,1,3,6,3,4,4,0,1,0,1,1
0,21,46,0.0014108255272731185,0,1,3,6,3,6,4,0,1,0,1,1
0,22,0,0.36040496826171875,0,0,3,1,4,0,4,0,1,2,1,4
0,22,1,0.0046636322513222694,0,0,3,3,4,1,4,1,1,1,1,1
0,22,2,0.0007796405698172748,0,0,3,3,4,2,4,1,1,1,1,1
0,22,3,0.004475479479879141,0,0,3,3,4,3,4,1,1,1,1,1
0,22,5,0.0006497111753560603,0,0,3,3,4,5,4,1,1,1,1,1
0,22,6,0.007523039821535349,0,0,3,3,4,6,4,1,1,1,1,1
0,22,7,0.004890121053904295,0,0,3,3,4,1,4,2,1,1,1,1
0,22,11,0.003995426930487156,0,0,3,3,4,5,4,2,1,1,1,1
0,22,13,0.0014438469661399722,0,0,3,3,4,1,4,3,1,1,1,1
0,22,18,0.018179036676883698,0,0,3,3,4,6,4,3,1,1,1,1
0,22,23,0.008511634543538094,0,0,3,3,4,5,4,4,1,1,1,1
0,22,24,0.03816734254360199,0,0,3,3,4,6,4,4,1,1,1,1
0,22,25,0.0429006926715374,0,0,3,3,4,1,4,5,1,1,1,1
0,22,26,0.006552191451191902,0,0,3,3,4,2,4,5,1,1,1,1
0,22,28,0.0053297108970582485,0,0,3,3,4,4,4,5,1,1,1,1
0,22,31,0.00045347254490479827,0,0,3,4,4,1,4,1,1,1,1,1
0,22,32,0.0002851411118172109,0,0,3,4,4,2,4,2,1,1,1,1
0,22,33,0.009955761022865772,0,0,3,4,4,3,4,3,1,1,1,1
0,22,34,0.0025838869623839855,0,0,3,4,4,4,4,4,1,1,1,1
0,22,38,0.13083158433437347,0,0,3,5,4,3,4,3,1,2,1,2
0,22,40,0.2744336724281311,0,0,3,5,4,5,4,5,1,2,1,2
0,22,43,0.04367557540535927,0,1,3,6,4,3,4,0,1,0,1,1
0,22,44,0.0016778665594756603,0,1,3,6,4,4,4,0,1,0,1,1
0,22,46,0.027636514976620674,0,1,3,6,4,6,4,0,1,0,1,1
0,27,0,4.8992489610100165e-05,0,0,3,1,3,0,5,0,1,2,1,4
0,27,1,0.003157117171213031,0,0,3,3,3,1,5,1,1,1,1,1
0,27,2,4.665231244871393e-06,0,0,3,3,3,2,5,1,1,1,1,1
0,27,3,3.7491106922971085e-05,0,0,3,3,3,3,5,1,1,1,1,1
0,27,5,3.867266514134826e-06,0,0,3,3,3,5,5,1,1,1,1,1
0,27,6,0.00018277406343258917,0,0,3,3,3,6,5,1,1,1,1,1
0,27,7,9.021955338539556e-05,0,0,3,3,3,1,5,2,1,1,1,1
0,27,11,3.951790131395683e-05,0,0,3,3,3,5,5,2,1,1,1,1
0,27,13,0.00017773454601410776,0,0,3,3,3,1,5,3,1,1,1,1
0,27,18,0.0005132380756549537,0,0,3,3,3,6,5,3,1,1,1,1
0,27,23,0.00025268291938118637,0,0,3,3,3,5,5,4,1,1,1,1
0,27,24,0.005680948030203581,0,0,3,3,3,6,5,4,1,1,1,1
0,27,25,9.603377839084715e-05,0,0,3,3,3,1,5,5,1,1,1,1
0,27,26,8.848118341120426e-06,0,0,3,3,3,2,5,5,1,1,1,1
0,27,28,8.835333574097604e-06,0,0,3,3,3,4,5,5,1,1,1,1
0,27,31,1.1470340723462868e-05,0,0,3,4,3,1,5,1,1,1,1,1
0,27,32,3.400849664103589e-06,0,0,3,4,3,2,5,2,1,1,1,1
0,27,33,0.0003854349779430777,0,0,3,4,3,3,5,3,1,1,1,1
0,27,34,1.8743512555374764e-05,0,0,3,4,3,4,5,4,1,1,1,1
0,27,38,0.04513711482286453,0,0,3,5,3,3,5,3,1,2,1,2
0,27,40,0.9330618381500244,0,0,3,5,3,5,5,5,1,2,1,2
0,27,43,0.007654144894331694,0,1,3,6,3,3,5,0,1,0,1,1
0,27,44,2.849257543857675e-05,0,1,3,6,3,4,5,0,1,0,1,1
0,27,46,0.0033958423882722855,0,1,3,6,3,6,5,0,1,0,1,1
0,29,0,0.00017955228395294398,0,0,3,1,5,0,5,0,1,2,1,4
0,29,1,0.0009481509332545102,0,0,3,3,5,1,5,1,1,1,1,1
0,29,2,2.7462201614980586e-05,0,0,3,3,5,2,5,1,1,1,1,1
0,29,3,0.00024039293930400163,0,0,3,3,5,3,5,1,1,1,1,1
0,29,5,2.235274587292224e-05,0,0,3,3,5,5,5,1,1,1,1,1
0,29,6,5.6053700973279774e-05,0,0,3,3,5,6,5,1,1,1,1,1
0,29,7,0.00010149962326977402,0,0,3,3,5,1,5,2,1,1,1,1
0,29,11,5.702323323930614e-05,0,0,3,3,5,5,5,2,1,1,1,1
0,29,13,1.7864017536339816e-06,0,0,3,3,5,1,5,3,1,1,1,1
0,29,18,2.1054682292742655e-05,0,0,3,3,5,6,5,3,1,1,1,1
0,29,23,3.4309501643292606e-05,0,0,3,3,5,5,5,4,1,1,1,1
0,29,24,0.0005483973654918373,0,0,3,3,5,6,5,4,1,1,1,1
0,29,25,0.00010647342423908412,0,0,3,3,5,1,5,5,1,1,1,1
0,29,26,1.9306247850181535e-05,0,0,3,3,5,2,5,5,1,1,1,1
0,29,28,4.337094651418738e-06,0,0,3,3,5,4,5,5,1,1,1,1
0,29,31,3.295290753158042e-06,0,0,3,4,5,1,5,1,1,1,1,1
0,29,32,7.899266307731523e-08,0,0,3,4,5,2,5,2,1,1,1,1
0,29,33,8.834861546347383e-06,0,0,3,4,5,3,5,3,1,1,1,1
0,29,34,5.677034664586245e-07,0,0,3,4,5,4,5,4,1,1,1,1
0,29,38,0.014295238070189953,0,0,3,5,5,3,5,3,1,2,1,2
0,29,40,0.9644179940223694,0,0,3,5,5,5,5,5,1,2,1,2
0,29,43,0.017615970224142075,0,1,3,6,5,3,5,0,1,0,1,1
0,29,44,4.493701635510661e-05,0,1,3,6,5,4,5,0,1,0,1,1
0,29,46,0.0012459164718165994,0,1,3,6,5,6,5,0,1,0,1,1
0,30,0,0.0005089064943604171,0,0,3,1,6,0,5,0,1,2,1,4
0,30,1,5.386688280850649e-05,0,0,3,3,6,1,5,1,1,1,1,1
0,30,2,8.96921960702457e-07,0,0,3,3,6,2,5,1,1,1,1,1
0,30,3,1.5143758901103865e-05,0,0,3,3,6,3,5,1,1,1,1,1
0,30,5,1.66077609264903e-06,0,0,3,3,6,5,5,1,1,1,1,1
0,30,6,7.498974810005166e-06,0,0,3,3,6,6,5,1,1,1,1,1
0,30,7,1.997223444050178e-05,0,0,3,3,6,1,5,2,1,1,1,1
0,30,11,1.0189137356064748e-05,0,0,3,3,6,5,5,2,1,1,1,1
0,30,13,5.63934690944734e-07,0,0,3,3,6,1,5,3,1,1,1,1
0,30,18,1.840587538026739e-05,0,0,3,3,6,6,5,3,1,1,1,1
0,30,23,1.5235367754939944e-05,0,0,3,3,6,5,5,4,1,1,1,1
0,30,24,0.0001699692802503705,0,0,3,3,6,6,5,4,1,1,1,1
0,30,25,0.0002261403133161366,0,0,3,3,6,1,5,5,1,1,1,1
0,30,26,1.63117529154988e-05,0,0,3,3,6,2,5,5,1,1,1,1
0,30,28,4.076290224475088e-06,0,0,3,3,6,4,5,5,1,1,1,1
0,30,31,2.6211264980702254e-07,0,0,3,4,6,1,5,1,1,1,1,1
0,30,32,2.436650703430132e-08,0,0,3,4,6,2,5,2,1,1,1,1
0,30,33,2.9993100270075956e-06,0,0,3,4,6,3,5,3,1,1,1,1
0,30,34,2.1266373551043216e-07,0,0,3,4,6,4,5,4,1,1,1,1
0,30,38,0.005523775704205036,0,0,3,5,6,3,5,3,1,2,1,2
0,30,40,0.9930106997489929,0,0,3,5,6,5,5,5,1,2,1,2
0,30,43,0.000308097864035517,0,1,3,6,6,3,5,0,1,0,1,1
0,30,44,5.286422606332053e-07,0,1,3,6,6,4,5,0,1,0,1,1
0,30,46,8.455161878373474e-05,0,1,3,6,6,6,5,0,1,0,1,1
0,35,0,0.008936294354498386,0,0,4,1,5,0,5,0,1,2,1,4
0,35,1,0.0006112885312177241,0,0,4,3,5,1,5,1,1,1,1,1
0,35,2,7.997611828614026e-05,0,0,4,3,5,2,5,1,1,1,1,1
0,35,3,0.0004974181647412479,0,0,4,3,5,3,5,1,1,1,1,1
0,35,5,7.385193748632446e-05,0,0,4,3,5,5,5,1,1,1,1,1
0,35,6,7.269311754498631e-05,0,0,4,3,5,6,5,1,1,1,1,1
0,35,7,0.0007807063520886004,0,0,4,3,5,1,5,2,1,1,1,1
0,35,11,0.0009149806573987007,0,0,4,3,5,5,5,2,1,1,1,1
0,35,13,4.606685592989379e-07,0,0,4,3,5,1,5,3,1,1,1,1
0,35,18,1.3814442354487255e-05,0,0,4,3,5,6,5,3,1,1,1,1
0,35,23,0.00013882230268791318,0,0,4,3,5,5,5,4,1,1,1,1
0,35,24,0.00047222344437614083,0,0,4,3,5,6,5,4,1,1,1,1
0,35,25,0.00016984828107524663,0,0,4,3,5,1,5,5,1,1,1,1
0,35,26,7.946159894345328e-05,0,0,4,3,5,2,5,5,1,1,1,1
0,35,28,4.072173032909632e-05,0,0,4,3,5,4,5,5,1,1,1,1
0,35,31,7.3512833296263125e-06,0,0,4,4,5,1,5,1,1,1,1,1
0,35,32,5.242475708655547e-06,0,0,4,4,5,2,5,2,1,1,1,1
0,35,33,4.5481292545446195e-06,0,0,4,4,5,3,5,3,1,1,1,1
0,35,34,6.310600838332903e-06,0,0,4,4,5,4,5,4,1,1,1,1
0,35,38,0.002764665288850665,0,0,4,5,5,3,5,3,1,2,1,2
0,35,40,0.9806334376335144,0,0,4,5,5,5,5,5,1,2,1,2
0,35,43,0.0032506363932043314,0,1,4,6,5,3,5,0,1,0,1,1
0,35,44,1.9824048649752513e-05,0,1,4,6,5,4,5,0,1,0,1,1
0,35,46,0.0004252918588463217,0,1,4,6,5,6,5,0,1,0,1,1
0,36,0,0.3341110944747925,0,0,5,1,1,0,1,0,2,2,2,4
0,36,1,0.002912521827965975,0,0,5,3,1,1,1,1,2,1,2,1
0,36,2,0.0010191190522164106,0,0,5,3,1,2,1,1,2,1,2,1
0,36,3,0.008492499589920044,0,0,5,3,1,3,1,1,2,1,2,1
0,36,5,0.003451970871537924,0,0,5,3,1,5,1,1,2,1,2,1
0,36,6,0.004988949745893478,0,0,5,3,1,6,1,1,2,1,2,1
0,36,7,0.09077379107475281,0,0,5,3,1,1,1,2,2,1,2,1
0,36,11,0.24811120331287384,0,0,5,3,1,5,1,2,2,1,2,1
0,36,13,0.0004635907826013863,0,0,5,3,1,1,1,3,2,1,2,1
0,36,18,0.003822286846116185,0,0,5,3,1,6,1,3,2,1,2,1
0,36,23,0.033542729914188385,0,0,5,3,1,5,1,4,2,1,2,1
0,36,24,0.003430616809055209,0,0,5,3,1,6,1,4,2,1,2,1
0,36,25,0.03195345029234886,0,0,5,3,1,1,1,5,2,1,2,1
0,36,26,0.007532057352364063,0,0,5,3,1,2,1,5,2,1,2,1
0,36,28,0.12247143685817719,0,0,5,3,1,4,1,5,2,1,2,1
0,36,31,0.0014494468923658133,0,0,5,4,1,1,1,1,2,1,2,1
0,36,32,0.0654946118593216,0,0,5,4,1,2,1,2,2,1,2,1
0,36,33,0.0003134933649562299,0,0,5,4,1,3,1,3,2,1,2,1
0,36,34,0.02920890785753727,0,0,5,4,1,4,1,4,2,1,2,1
0,36,38,0.00015684467507526278,0,0,5,5,1,3,1,3,2,2,2,2
0,36,40,0.005482278298586607,0,0,5,5,1,5,1,5,2,2,2,2
0,36,43,9.383427823195234e-05,0,1,5,6,1,3,1,0,2,0,2,1
0,36,44,0.00016153416072484106,0,1,5,6,1,4,1,0,2,0,2,1
0,36,46,0.0005617060232907534,0,1,5,6,1,6,1,0,2,0,2,1
0,37,0,0.4851492643356323,0,0,5,1,2,0,2,0,2,2,2,4
0,37,1,0.0033038335386663675,0,0,5,3,2,1,2,1,2,1,2,1
0,37,2,0.00532107288017869,0,0,5,3,2,2,2,1,2,1,2,1
0,37,3,0.020002756267786026,0,0,5,3,2,3,2,1,2,1,2,1
0,37,5,0.009045838378369808,0,0,5,3,2,5,2,1,2,1,2,1
0,37,6,0.010938728228211403,0,0,5,3,2,6,2,1,2,1,2,1
0,37,7,0.03319031745195389,0,0,5,3,2,1,2,2,2,1,2,1
0,37,11,0.12348179519176483,0,0,5,3,2,5,2,2,2,1,2,1
0,37,13,0.0012868999037891626,0,0,5,3,2,1,2,3,2,1,2,1
0,37,18,0.004841489717364311,0,0,5,3,2,6,2,3,2,1,2,1
0,37,23,0.02642674930393696,0,0,5,3,2,5,2,4,2,1,2,1
0,37,24,0.0069556161761283875,0,0,5,3,2,6,2,4,2,1,2,1
0,37,25,0.017966516315937042,0,0,5,3,2,1,2,5,2,1,2,1
0,37,26,0.007694536354392767,0,0,5,3,2,2,2,5,2,1,2,1
0,37,28,0.12561088800430298,0,0,5,3,2,4,2,5,2,1,2,1
0,37,31,0.006755056791007519,0,0,5,4,2,1,2,1,2,1,2,1
0,37,32,0.005930855870246887,0,0,5,4,2,2,2,2,2,1,2,1
0,37,33,0.001216783537529409,0,0,5,4,2,3,2,3,2,1,2,1
0,37,34,0.07062716782093048,0,0,5,4,2,4,2,4,2,1,2,1
0,37,38,0.001547879190184176,0,0,5,5,2,3,2,3,2,2,2,2
0,37,40,0.006124769803136587,0,0,5,5,2,5,2,5,2,2,2,2
0,37,43,0.0027096057310700417,0,1,5,6,2,3,2,0,2,0,2,1
0,37,44,0.009987548924982548,0,1,5,6,2,4,2,0,2,0,2,1
0,37,46,0.013883921317756176,0,1,5,6,2,6,2,0,2,0,2,1
0,39,0,0.94793301820755,0,0,5,1,4,0,4,0,2,2,2,4
0,39,1,4.268341217539273e-05,0,0,5,3,4,1,4,1,2,1,2,1
0,39,2,4.637489837477915e-05,0,0,5,3,4,2,4,1,2,1,2,1
0,39,3,0.0003857104748021811,0,0,5,3,4,3,4,1,2,1,2,1
0,39,5,0.00021708243002649397,0,0,5,3,4,5,4,1,2,1,2,1
0,39,6,0.00018306079437024891,0,0,5,3,4,6,4,1,2,1,2,1
0,39,7,0.004738725256174803,0,0,5,3,4,1,4,2,2,1,2,1
0,39,11,0.010309242643415928,0,0,5,3,4,5,4,2,2,1,2,1
0,39,13,1.0915106031461619e-05,0,0,5,3,4,1,4,3,2,1,2,1
0,39,18,0.00014156295219436288,0,0,5,3,4,6,4,3,2,1,2,1
0,39,23,0.002029088791459799,0,0,5,3,4,5,4,4,2,1,2,1
0,39,24,0.00011141948198201135,0,0,5,3,4,6,4,4,2,1,2,1
0,39,25,0.0023686469066888094,0,0,5,3,4,1,4,5,2,1,2,1
0,39,26,0.00037341966526582837,0,0,5,3,4,2,4,5,2,1,2,1
0,39,28,0.014050559140741825,0,0,5,3,4,4,4,5,2,1,2,1
0,39,31,0.00020568315812852234,0,0,5,4,4,1,4,1,2,1,2,1
0,39,32,0.0036073983646929264,0,0,5,4,4,2,4,2,2,1,2,1
0,39,33,2.7552337996894494e-05,0,0,5,4,4,3,4,3,2,1,2,1
0,39,34,0.013147897087037563,0,0,5,4,4,4,4,4,2,1,2,1
0,39,38,4.352296400611522e-06,0,0,5,5,4,3,4,3,2,2,2,2
0,39,40,3.37177662004251e-05,0,0,5,5,4,5,4,5,2,2,2,2
0,39,43,1.1013526091119274e-06,0,1,5,6,4,3,4,0,2,0,2,1
0,39,44,1.4377807929122355e-05,0,1,5,6,4,4,4,0,2,0,2,1
0,39,46,1.6627906006760895e-05,0,1,5,6,4,6,4,0,2,0,2,1
0,41,0,0.016844753175973892,1,0,6,1,1,0,0,0,0,2,1,4
0,41,1,0.00033335969783365726,1,0,6,3,1,1,0,1,0,1,1,1
0,41,2,0.00021073258540127426,1,0,6,3,1,2,0,1,0,1,1,1
0,41,3,0.00036281251232139766,1,0,6,3,1,3,0,1,0,1,1,1
0,41,5,9.934721310855821e-05,1,0,6,3,1,5,0,1,0,1,1,1
0,41,6,0.0005011714529246092,1,0,6,3,1,6,0,1,0,1,1,1
0,41,7,5.7525172451278195e-05,1,0,6,3,1,1,0,2,0,1,1,1
0,41,11,7.327332696149824e-06,1,0,6,3,1,5,0,2,0,1,1,1
0,41,13,0.0034723069984465837,1,0,6,3,1,1,0,3,0,1,1,1
0,41,18,0.003035538364201784,1,0,6,3,1,6,0,3,0,1,1,1
0,41,23,6.377463432727382e-05,1,0,6,3,1,5,0,4,0,1,1,1
0,41,24,0.00041150968172587454,1,0,6,3,1,6,0,4,0,1,1,1
0,41,25,0.0005721906782127917,1,0,6,3,1,1,0,5,0,1,1,1
0,41,26,0.00011138094851048663,1,0,6,3,1,2,0,5,0,1,1,1
0,41,28,0.00013152144674677402,1,0,6,3,1,4,0,5,0,1,1,1
0,41,31,0.00012027513730572537,1,0,6,4,1,1,0,1,0,1,1,1
0,41,32,8.894091934052994e-07,1,0,6,4,1,2,0,2,0,1,1,1
0,41,33,0.003440817818045616,1,0,6,4,1,3,0,3,0,1,1,1
0,41,34,5.920550393057056e-05,1,0,6,4,1,4,0,4,0,1,1,1
0,41,38,0.9453045725822449,1,0,6,5,1,3,0,3,0,2,1,2
0,41,40,0.005810244474560022,1,0,6,5,1,5,0,5,0,2,1,2
0,41,43,0.0073917764239013195,1,1,6,6,1,3,0,0,0,0,1,1
0,41,44,0.003480195067822933,1,1,6,6,1,4,0,0,0,0,1,1
0,41,46,0.0081774378195405,1,1,6,6,1,6,0,0,0,0,1,1
0,42,0,0.004976017866283655,1,0,6,1,2,0,0,0,0,2,1,4
0,42,1,0.0007121838862076402,1,0,6,3,2,1,0,1,0,1,1,1
0,42,2,0.004110994748771191,1,0,6,3,2,2,0,1,0,1,1,1
0,42,3,0.009904634207487106,1,0,6,3,2,3,0,1,0,1,1,1
0,42,5,0.00326806353405118,1,0,6,3,2,5,0,1,0,1,1,1
0,42,6,0.006616212427616119,1,0,6,3,2,6,0,1,0,1,1,1
0,42,7,0.0006310867611318827,1,0,6,3,2,1,0,2,0,1,1,1
0,42,11,0.00147605175152421,1,0,6,3,2,5,0,2,0,1,1,1
0,42,13,0.005948830861598253,1,0,6,3,2,1,0,3,0,1,1,1
0,42,18,0.012585938908159733,1,0,6,3,2,6,0,3,0,1,1,1
0,42,23,0.0010949150891974568,1,0,6,3,2,5,0,4,0,1,1,1
0,42,24,0.003567570587620139,1,0,6,3,2,6,0,4,0,1,1,1
0,42,25,0.009161935187876225,1,0,6,3,2,1,0,5,0,1,1,1
0,42,26,0.005321267060935497,1,0,6,3,2,2,0,5,0,1,1,1
0,42,28,0.0072972471825778484,1,0,6,3,2,4,0,5,0,1,1,1
0,42,31,0.0010035381419584155,1,0,6,4,2,1,0,1,0,1,1,1
0,42,32,3.191908399458043e-05,1,0,6,4,2,2,0,2,0,1,1,1
0,42,33,0.02243562415242195,1,0,6,4,2,3,0,3,0,1,1,1
0,42,34,0.001003847923129797,1,0,6,4,2,4,0,4,0,1,1,1
0,42,38,0.05037162825465202,1,0,6,5,2,3,0,3,0,2,1,2
0,42,40,0.001267902203835547,1,0,6,5,2,5,0,5,0,2,1,2
0,42,43,0.4293084442615509,1,1,6,6,2,3,0,0,0,0,1,1
0,42,44,0.34638744592666626,1,1,6,6,2,4,0,0,0,0,1,1
0,42,46,0.07151643186807632,1,1,6,6,2,6,0,0,0,0,1,1
0,45,0,0.013003644533455372,1,0,6,1,5,0,0,0,0,2,1,4
0,45,1,0.002140272408723831,1,0,6,3,5,1,0,1,0,1,1,1
0,45,2,0.0013587437570095062,1,0,6,3,5,2,0,1,0,1,1,1
0,45,3,0.006525818258523941,1,0,6,3,5,3,0,1,0,1,1,1
0,45,5,0.0008580911671742797,1,0,6,3,5,5,0,1,0,1,1,1
0,45,6,0.0024998283479362726,1,0,6,3,5,6,0,1,0,1,1,1
0,45,7,0.0017929112073034048,1,0,6,3,5,1,0,2,0,1,1,1
0,45,11,0.0015388972824439406,1,0,6,3,5,5,0,2,0,1,1,1
0,45,13,0.006566607393324375,1,0,6,3,5,1,0,3,0,1,1,1
0,45,18,0.027945037931203842,1,0,6,3,5,6,0,3,0,1,1,1
0,45,23,0.0010030325502157211,1,0,6,3,5,5,0,4,0,1,1,1
0,45,24,0.0050416868180036545,1,0,6,3,5,6,0,4,0,1,1,1
0,45,25,0.012696647085249424,1,0,6,3,5,1,0,5,0,1,1,1
0,45,26,0.0031207373831421137,1,0,6,3,5,2,0,5,0,1,1,1
0,45,28,0.0025141595397144556,1,0,6,3,5,4,0,5,0,1,1,1
0,45,31,0.000357832876034081,1,0,6,4,5,1,0,1,0,1,1,1
0,45,32,1.7143262084573507e-05,1,0,6,4,5,2,0,2,0,1,1,1
0,45,33,0.007974985055625439,1,0,6,4,5,3,0,3,0,1,1,1
0,45,34,0.00034374554525129497,1,0,6,4,5,4,0,4,0,1,1,1
0,45,38,0.028429729864001274,1,0,6,5,5,3,0,3,0,2,1,2
0,45,40,0.003579328302294016,1,0,6,5,5,5,0,5,0,2,1,2
0,45,43,0.40082550048828125,1,1,6,6,5,3,0,0,0,0,1,1
0,45,44,0.1073913723230362,1,1,6,6,5,4,0,0,0,0,1,1
0,45,46,0.36247411370277405,1,1,6,6,5,6,0,0,0,0,1,1
0,47,0,0.017281215637922287,2,0,7,1,0,0,0,0,0,2,4,4
0,47,1,0.0002283331414218992,2,0,7,3,0,1,0,1,0,1,4,1
0,47,2,0.02649250254034996,2,0,7,3,0,2,0,1,0,1,4,1
0,47,3,0.02260306477546692,2,0,7,3,0,3,0,1,0,1,4,1
0,47,5,0.012038793414831161,2,0,7,3,0,5,0,1,0,1,4,1
0,47,6,0.008470413275063038,2,0,7,3,0,6,0,1,0,1,4,1
0,47,7,0.002730392385274172,2,0,7,3,0,1,0,2,0,1,4,1
0,47,11,0.0017602088628336787,2,0,7,3,0,5,0,2,0,1,4,1
0,47,13,0.08609556406736374,2,0,7,3,0,1,0,3,0,1,4,1
0,47,18,0.11300884187221527,2,0,7,3,0,6,0,3,0,1,4,1
0,47,23,0.001005065394565463,2,0,7,3,0,5,0,4,0,1,4,1
0,47,24,0.0010890387929975986,2,0,7,3,0,6,0,4,0,1,4,1
0,47,25,0.36729949712753296,2,0,7,3,0,1,0,5,0,1,4,1
0,47,26,0.23051390051841736,2,0,7,3,0,2,0,5,0,1,4,1
0,47,28,0.04127467796206474,2,0,7,3,0,4,0,5,0,1,4,1
0,47,31,0.002874979516491294,2,0,7,4,0,1,0,1,0,1,4,1
0,47,32,0.0002269839751534164,2,0,7,4,0,2,0,2,0,1,4,1
0,47,33,0.018305912613868713,2,0,7,4,0,3,0,3,0,1,4,1
0,47,34,0.0005783478263765574,2,0,7,4,0,4,0,4,0,1,4,1
0,47,38,0.004112361464649439,2,0,7,5,0,3,0,3,0,2,4,2
0,47,40,2.445971404085867e-05,2,0,7,5,0,5,0,5,0,2,4,2
0,47,43,0.007077340967953205,2,1,7,6,0,3,0,0,0,0,4,1
0,47,44,0.02807188220322132,2,1,7,6,0,4,0,0,0,0,4,1
0,47,46,0.006836263928562403,2,1,7,6,0,6,0,0,0,0,4,1
1,0,4,0.09299995005130768,0,0,1,3,0,4,0,1,2,1,4,1
1,0,8,0.008181065320968628,0,0,1,3,0,2,0,2,2,1,4,1
1,0,9,0.009407185949385166,0,0,1,3,0,3,0,2,2,1,4,1
1,0,10,0.0152592109516263,0,0,1,3,0,4,0,2,2,1,4,1
1,0,12,0.0040643708780407906,0,0,1,3,0,6,0,2,2,1,4,1
1,0,14,0.007447587326169014,0,0,1,3,0,2,0,3,2,1,4,1
1,0,15,0.032930586487054825,0,0,1,3,0,3,0,3,2,1,4,1
1,0,16,0.04382900893688202,0,0,1,3,0,4,0,3,2,1,4,1
1,0,17,0.01691601239144802,0,0,1,3,0,5,0,3,2,1,4,1
1,0,19,0.09892760217189789,0,0,1,3,0,1,0,4,2,1,4,1
1,0,20,0.025922605767846107,0,0,1,3,0,2,0,4,2,1,4,1
1,0,21,0.1499602198600769,0,0,1,3,0,3,0,4,2,1,4,1
1,0,22,0.29747870564460754,0,0,1,3,0,4,0,4,2,1,4,1
1,0,27,0.13108567893505096,0,0,1,3,0,3,0,5,2,1,4,1
1,0,29,0.005450409837067127,0,0,1,3,0,5,0,5,2,1,4,1
1,0,30,0.012225080281496048,0,0,1,3,0,6,0,5,2,1,4,1
1,0,35,0.002963131293654442,0,0,1,4,0,5,0,5,2,1,4,1
1,0,36,0.00021468487102538347,0,0,1,5,0,1,0,1,2,2,4,2
1,0,37,0.00012188695109216496,0,0,1,5,0,2,0,2,2,2,4,2
1,0,39,0.0016323779709637165,0,0,1,5,0,4,0,4,2,2,4,2
1,0,41,0.005310902372002602,0,1,1,6,0,1,0,0,2,0,4,1
1,0,42,0.0007289863424375653,0,1,1,6,0,2,0,0,2,0,4,1
1,0,45,0.0018077336717396975,0,1,1,6,0,5,0,0,2,0,4,1
1,0,47,0.03513526916503906,0,2,1,7,0,0,0,0,2,0,4,4
1,1,4,3.02384596579941e-05,0,0,3,3,1,4,1,1,1,1,1,1
1,1,8,7.527262823714409e-06,0,0,3,3,1,2,1,2,1,1,1,1
1,1,9,0.00012174912262707949,0,0,3,3,1,3,1,2,1,1,1,1
1,1,10,3.613388616940938e-05,0,0,3,3,1,4,1,2,1,1,1,1
1,1,12,4.165649897913681e-06,0,0,3,3,1,6,1,2,1,1,1,1
1,1,14,0.0020369088742882013,0,0,3,3,1,2,1,3,1,1,1,1
1,1,15,0.0010158834047615528,0,0,3,3,1,3,1,3,1,1,1,1
1,1,16,0.9946243762969971,0,0,3,3,1,4,1,3,1,1,1,1
1,1,17,5.9672405768651515e-05,0,0,3,3,1,5,1,3,1,1,1,1
1,1,19,2.83957228930376e-06,0,0,3,3,1,1,1,4,1,1,1,1
1,1,20,5.5197392612171825e-06,0,0,3,3,1,2,1,4,1,1,1,1
1,1,21,2.0186584151815623e-05,0,0,3,3,1,3,1,4,1,1,1,1
1,1,22,0.0018585578072816133,0,0,3,3,1,4,1,4,1,1,1,1
1,1,27,5.274575960356742e-05,0,0,3,3,1,3,1,5,1,1,1,1
1,1,29,1.6234466215792054e-07,0,0,3,3,1,5,1,5,1,1,1,1
1,1,30,1.1979890359725687e-06,0,0,3,3,1,6,1,5,1,1,1,1
1,1,35,1.1972298707974005e-08,0,0,3,4,1,5,1,5,1,1,1,1
1,1,36,5.277299806039082e-06,0,0,3,5,1,1,1,1,1,2,1,2
1,1,37,9.096005442188471e-07,0,0,3,5,1,2,1,2,1,2,1,2
1,1,39,8.614318858235492e-07,0,0,3,5,1,4,1,4,1,2,1,2
1,1,41,9.864312232821248e-06,0,1,3,6,1,1,1,0,1,0,1,1
1,1,42,3.963835752074374e-06,0,1,3,6,1,2,1,0,1,0,1,1
1,1,45,5.256387112240191e-07,0,1,3,6,1,5,1,0,1,0,1,1
1,1,47,0.00010070994903799146,0,2,3,7,1,0,1,0,1,0,1,4
1,2,4,1.4018535694049206e-05,0,0,3,3,2,4,1,1,1,1,1,1
1,2,8,2.798948571580695e-06,0,0,3,3,2,2,1,2,1,1,1,1
1,2,9,4.7788984375074506e-05,0,0,3,3,2,3,1,2,1,1,1,1
1,2,10,1.7128057152149267e-05,0,0,3,3,2,4,1,2,1,1,1,1
1,2,12,3.387731567272567e-06,0,0,3,3,2,6,1,2,1,1,1,1
1,2,14,0.001284593134187162,0,0,3,3,2,2,1,3,1,1,1,1
1,2,15,0.0011476397048681974,0,0,3,3,2,3,1,3,1,1,1,1
1,2,16,0.99663245677948,0,0,3,3,2,4,1,3,1,1,1,1
1,2,17,2.960441452160012e-05,0,0,3,3,2,5,1,3,1,1,1,1
1,2,19,1.0111249366673292e-06,0,0,3,3,2,1,1,4,1,1,1,1
1,2,20,1.6967552483038162e-06,0,0,3,3,2,2,1,4,1,1,1,1
1,2,21,9.588912689650897e-06,0,0,3,3,2,3,1,4,1,1,1,1
1,2,22,0.0006486728671006858,0,0,3,3,2,4,1,4,1,1,1,1
1,2,27,6.494744593510404e-05,0,0,3,3,2,3,1,5,1,1,1,1
1,2,29,1.7464341794948268e-07,0,0,3,3,2,5,1,5,1,1,1,1
1,2,30,1.982727326321765e-06,0,0,3,3,2,6,1,5,1,1,1,1
1,2,35,8.294197328950759e-08,0,0,3,4,2,5,1,5,1,1,1,1
1,2,36,1.1507414683364914e-06,0,0,3,5,2,1,1,1,1,2,1,2
1,2,37,1.469241510676511e-07,0,0,3,5,2,2,1,2,1,2,1,2
1,2,39,1.7685992759197688e-07,0,0,3,5,2,4,1,4,1,2,1,2
1,2,41,2.2582911697099917e-05,0,1,3,6,2,1,1,0,1,0,1,1
1,2,42,4.808819994650548e-06,0,1,3,6,2,2,1,0,1,0,1,1
1,2,45,7.860946311666339e-07,0,1,3,6,2,5,1,0,1,0,1,1
1,2,47,6.252979801502079e-05,0,2,3,7,2,0,1,0,1,0,1,4
1,3,4,5.35216458956711e-05,0,0,3,3,3,4,1,1,1,1,1,1
1,3,8,8.977845027402509e-06,0,0,3,3,3,2,1,2,1,1,1,1
1,3,9,0.0001964666589628905,0,0,3,3,3,3,1,2,1,1,1,1
1,3,10,3.4714244975475594e-05,0,0,3,3,3,4,1,2,1,1,1,1
1,3,12,7.566336080344627e-06,0,0,3,3,3,6,1,2,1,1,1,1
1,3,14,0.0009130994440056384,0,0,3,3,3,2,1,3,1,1,1,1
1,3,15,0.0019159386865794659,0,0,3,3,3,3,1,3,1,1,1,1
1,3,16,0.9867848753929138,0,0,3,3,3,4,1,3,1,1,1,1
1,3,17,4.0674873162060976e-05,0,0,3,3,3,5,1,3,1,1,1,1
1,3,19,1.86359955023363e-06,0,0,3,3,3,1,1,4,1,1,1,1
1,3,20,6.9209518187562935e-06,0,0,3,3,3,2,1,4,1,1,1,1
1,3,21,5.374202009988949e-05,0,0,3,3,3,3,1,4,1,1,1,1
1,3,22,0.008410637266933918,0,0,3,3,3,4,1,4,1,1,1,1
1,3,27,6.265294359764084e-05,0,0,3,3,3,3,1,5,1,1,1,1
1,3,29,7.415182778913731e-08,0,0,3,3,3,5,1,5,1,1,1,1
1,3,30,1.1369758112778072e-06,0,0,3,3,3,6,1,5,1,1,1,1
1,3,35,5.681250314637509e-08,0,0,3,4,3,5,1,5,1,1,1,1
1,3,36,2.6312472982681356e-05,0,0,3,5,3,1,1,1,1,2,1,2
1,3,37,5.246757609711494e-06,0,0,3,5,3,2,1,2,1,2,1,2
1,3,39,3.653222847788129e-06,0,0,3,5,3,4,1,4,1,2,1,2
1,3,41,6.845770258223638e-06,0,1,3,6,3,1,1,0,1,0,1,1
1,3,42,1.906480065372307e-05,0,1,3,6,3,2,1,0,1,0,1,1
1,3,45,3.0068136425143166e-07,0,1,3,6,3,5,1,0,1,0,1,1
1,3,47,0.0014454718912020326,0,2,3,7,3,0,1,0,1,0,1,4
1,5,4,3.793785072048195e-05,0,0,3,3,5,4,1,1,1,1,1,1
1,5,8,3.048651160497684e-05,0,0,3,3,5,2,1,2,1,1,1,1
1,5,9,0.000625564600341022,0,0,3,3,5,3,1,2,1,1,1,1
1,5,10,5.7692894188221544e-05,0,0,3,3,5,4,1,2,1,1,1,1
1,5,12,5.178220817469992e-05,0,0,3,3,5,6,1,2,1,1,1,1
1,5,14,0.012144511565566063,0,0,3,3,5,2,1,3,1,1,1,1
1,5,15,0.0022282893769443035,0,0,3,3,5,3,1,3,1,1,1,1
1,5,16,0.9811750054359436,0,0,3,3,5,4,1,3,1,1,1,1
1,5,17,2.5806226403801702e-05,0,0,3,3,5,5,1,3,1,1,1,1
1,5,19,8.909652933652978e-06,0,0,3,3,5,1,1,4,1,1,1,1
1,5,20,2.94775927613955e-05,0,0,3,3,5,2,1,4,1,1,1,1
1,5,21,0.0002111271896865219,0,0,3,3,5,3,1,4,1,1,1,1
1,5,22,0.0015800961991772056,0,0,3,3,5,4,1,4,1,1,1,1
1,5,27,0.0005531301721930504,0,0,3,3,5,3,1,5,1,1,1,1
1,5,29,1.350520619780582e-07,0,0,3,3,5,5,1,5,1,1,1,1
1,5,30,6.8497934080369305e-06,0,0,3,3,5,6,1,5,1,1,1,1
1,5,35,4.942970122101542e-08,0,0,3,4,5,5,1,5,1,1,1,1
1,5,36,3.9869519241619855e-06,0,0,3,5,5,1,1,1,1,2,1,2
1,5,37,1.1032154816348338e-06,0,0,3,5,5,2,1,2,1,2,1,2
1,5,39,1.2324931049079169e-06,0,0,3,5,5,4,1,4,1,2,1,2
1,5,41,1.9717183477041544e-06,0,1,3,6,5,1,1,0,1,0,1,1
1,5,42,1.4692209333588835e-06,0,1,3,6,5,2,1,0,1,0,1,1
1,5,45,7.229647991380261e-09,0,1,3,6,5,5,1,0,1,0,1,1
1,5,47,0.0012235353933647275,0,2,3,7,5,0,1,0,1,0,1,4
1,6,4,4.5990389480721205e-05,0,0,3,3,6,4,1,1,1,1,1,1
1,6,8,5.246790169621818e-05,0,0,3,3,6,2,1,2,1,1,1,1
1,6,9,0.0010166552383452654,0,0,3,3,6,3,1,2,1,1,1,1
1,6,10,7.944722892716527e-05,0,0,3,3,6,4,1,2,1,1,1,1
1,6,12,3.443173045525327e-05,0,0,3,3,6,6,1,2,1,1,1,1
1,6,14,0.005495024845004082,0,0,3,3,6,2,1,3,1,1,1,1
1,6,15,0.0036728878039866686,0,0,3,3,6,3,1,3,1,1,1,1
1,6,16,0.9838575124740601,0,0,3,3,6,4,1,3,1,1,1,1
1,6,17,2.781913281069137e-05,0,0,3,3,6,5,1,3,1,1,1,1
1,6,19,7.1136955739348195e-06,0,0,3,3,6,1,1,4,1,1,1,1
1,6,20,3.370975173311308e-05,0,0,3,3,6,2,1,4,1,1,1,1
1,6,21,0.00018347757577430457,0,0,3,3,6,3,1,4,1,1,1,1
1,6,22,0.0041449349373579025,0,0,3,3,6,4,1,4,1,1,1,1
1,6,27,0.00019903310749214143,0,0,3,3,6,3,1,5,1,1,1,1
1,6,29,5.785913259614972e-08,0,0,3,3,6,5,1,5,1,1,1,1
1,6,30,1.8685736904444639e-06,0,0,3,3,6,6,1,5,1,1,1,1
1,6,35,2.4467166070962776e-08,0,0,3,4,6,5,1,5,1,1,1,1
1,6,36,2.0759796825586818e-05,0,0,3,5,6,1,1,1,1,2,1,2
1,6,37,1.995918501052074e-05,0,0,3,5,6,2,1,2,1,2,1,2
1,6,39,5.025925929658115e-06,0,0,3,5,6,4,1,4,1,2,1,2
1,6,41,1.0086831707667443e-06,0,1,3,6,6,1,1,0,1,0,1,1
1,6,42,6.001718702464132e-06,0,1,3,6,6,2,1,0,1,0,1,1
1,6,45,1.3443758994924337e-08,0,1,3,6,6,5,1,0,1,0,1,1
1,6,47,0.0010943872621282935,0,2,3,7,6,0,1,0,1,0,1,4
1,7,4,0.0002539101697038859,0,0,3,3,1,4,2,1,1,1,1,1
1,7,8,0.00016499073535669595,0,0,3,3,1,2,2,2,1,1,1,1
1,7,9,0.0024351845495402813,0,0,3,3,1,3,2,2,1,1,1,1
1,7,10,0.00035423345980234444,0,0,3,3,1,4,2,2,1,1,1,1
1,7,12,3.312111584818922e-05,0,0,3,3,1,6,2,2,1,1,1,1
1,7,14,0.011112464591860771,0,0,3,3,1,2,2,3,1,1,1,1
1,7,15,0.0022294707596302032,0,0,3,3,1,3,2,3,1,1,1,1
1,7,16,0.9649133086204529,0,0,3,3,1,4,2,3,1,1,1,1
1,7,17,0.00010207022569375113,0,0,3,3,1,5,2,3,1,1,1,1
1,7,19,6.869861863378901e-06,0,0,3,3,1,1,2,4,1,1,1,1
1,7,20,9.72972484305501e-05,0,0,3,3,1,2,2,4,1,1,1,1
1,7,21,0.00023610149219166487,0,0,3,3,1,3,2,4,1,1,1,1
1,7,22,0.008810313418507576,0,0,3,3,1,4,2,4,1,1,1,1
1,7,27,5.612611130345613e-05,0,0,3,3,1,3,2,5,1,1,1,1
1,7,29,5.767767561337678e-07,0,0,3,3,1,5,2,5,1,1,1,1
1,7,30,1.0540982202655869e-06,0,0,3,3,1,6,2,5,1,1,1,1
1,7,35,2.1752423151610856e-07,0,0,3,4,1,5,2,5,1,1,1,1
1,7,36,0.00034617961500771344,0,0,3,5,1,1,2,1,1,2,1,2
1,7,37,6.097327786847018e-05,0,0,3,5,1,2,2,2,1,2,1,2
1,7,39,1.7476744687883183e-05,0,0,3,5,1,4,2,4,1,2,1,2
1,7,41,0.0006191780557855964,0,1,3,6,1,1,2,0,1,0,1,1
1,7,42,0.005865736398845911,0,1,3,6,1,2,2,0,1,0,1,1
1,7,45,5.0955826736753806e-05,0,1,3,6,1,5,2,0,1,0,1,1
1,7,47,0.0022324598394334316,0,2,3,7,1,0,2,0,1,0,1,4
1,11,4,0.0004719849966932088,0,0,3,3,5,4,2,1,1,1,1,1
1,11,8,0.00017087979358620942,0,0,3,3,5,2,2,2,1,1,1,1
1,11,9,0.006593571975827217,0,0,3,3,5,3,2,2,1,1,1,1
1,11,10,0.002469854662194848,0,0,3,3,5,4,2,2,1,1,1,1
1,11,12,0.004927225410938263,0,0,3,3,5,6,2,2,1,1,1,1
1,11,14,0.01820533163845539,0,0,3,3,5,2,2,3,1,1,1,1
1,11,15,0.014260289259254932,0,0,3,3,5,3,2,3,1,1,1,1
1,11,16,0.8556730151176453,0,0,3,3,5,4,2,3,1,1,1,1
1,11,17,0.0005539688281714916,0,0,3,3,5,5,2,3,1,1,1,1
1,11,19,0.0002678211603779346,0,0,3,3,5,1,2,4,1,1,1,1
1,11,20,0.00033729735878296196,0,0,3,3,5,2,2,4,1,1,1,1
1,11,21,0.00035768101224675775,0,0,3,3,5,3,2,4,1,1,1,1
1,11,22,0.007688920013606548,0,0,3,3,5,4,2,4,1,1,1,1
1,11,27,0.006424073129892349,0,0,3,3,5,3,2,5,1,1,1,1
1,11,29,5.5162508942885324e-06,0,0,3,3,5,5,2,5,1,1,1,1
1,11,30,0.0004093860334251076,0,0,3,3,5,6,2,5,1,1,1,1
1,11,35,2.5803769858612213e-06,0,0,3,4,5,5,2,5,1,1,1,1
1,11,36,0.001284841913729906,0,0,3,5,5,1,2,1,1,2,1,2
1,11,37,0.00026414869353175163,0,0,3,5,5,2,2,2,1,2,1,2
1,11,39,0.00022430824174080044,0,0,3,5,5,4,2,4,1,2,1,2
1,11,41,0.00015449314378201962,0,1,3,6,5,1,2,0,1,0,1,1
1,11,42,2.302531538589392e-05,0,1,3,6,5,2,2,0,1,0,1,1
1,11,45,1.5892528608674183e-06,0,1,3,6,5,5,2,0,1,0,1,1
1,11,47,0.07922808825969696,0,2,3,7,5,0,2,0,1,0,1,4
1,13,4,0.0001732924865791574,0,0,3,3,1,4,3,1,1,1,1,1
1,13,8,0.0006398468394763768,0,0,3,3,1,2,3,2,1,1,1,1
1,13,9,0.00033946498297154903,0,0,3,3,1,3,3,2,1,1,1,1
1,13,10,0.0001358182926196605,0,0,3,3,1,4,3,2,1,1,1,1
1,13,12,2.0033534383401275e-05,0,0,3,3,1,6,3,2,1,1,1,1
1,13,14,0.0008639754960313439,0,0,3,3,1,2,3,3,1,1,1,1
1,13,15,0.00023412291193380952,0,0,3,3,1,3,3,3,1,1,1,1
1,13,16,0.004019271582365036,0,0,3,3,1,4,3,3,1,1,1,1
1,13,17,4.4779240852221847e-05,0,0,3,3,1,5,3,3,1,1,1,1
1,13,19,6.0431743804656435e-06,0,0,3,3,1,1,3,4,1,1,1,1
1,13,20,0.00029189695487730205,0,0,3,3,1,2,3,4,1,1,1,1
1,13,21,0.00014813024608884007,0,0,3,3,1,3,3,4,1,1,1,1
1,13,22,0.0008281799964606762,0,0,3,3,1,4,3,4,1,1,1,1
1,13,27,7.3241990321548656e-06,0,0,3,3,1,3,3,5,1,1,1,1
1,13,29,2.6217610866297036e-05,0,0,3,3,1,5,3,5,1,1,1,1
1,13,30,9.445658406548318e-07,0,0,3,3,1,6,3,5,1,1,1,1
1,13,35,1.2784864338755142e-05,0,0,3,4,1,5,3,5,1,1,1,1
1,13,36,0.0005077345995232463,0,0,3,5,1,1,3,1,1,2,1,2
1,13,37,0.00038639179547317326,0,0,3,5,1,2,3,2,1,2,1,2
1,13,39,3.494056363706477e-05,0,0,3,5,1,4,3,4,1,2,1,2
1,13,41,0.00925222784280777,0,1,3,6,1,1,3,0,1,0,1,1
1,13,42,0.9493191242218018,0,1,3,6,1,2,3,0,1,0,1,1
1,13,45,0.032586462795734406,0,1,3,6,1,5,3,0,1,0,1,1
1,13,47,0.00012035758118145168,0,2,3,7,1,0,3,0,1,0,1,4
1,18,4,0.0006252304301597178,0,0,3,3,6,4,3,1,1,1,1,1
1,18,8,0.0002653731207828969,0,0,3,3,6,2,3,2,1,1,1,1
1,18,9,0.0008128088084049523,0,0,3,3,6,3,3,2,1,1,1,1
1,18,10,0.0007060517673380673,0,0,3,3,6,4,3,2,1,1,1,1
1,18,12,8.46357288537547e-05,0,0,3,3,6,6,3,2,1,1,1,1
1,18,14,0.007705450523644686,0,0,3,3,6,2,3,3,1,1,1,1
1,18,15,0.007993364706635475,0,0,3,3,6,3,3,3,1,1,1,1
1,18,16,0.9306901693344116,0,0,3,3,6,4,3,3,1,1,1,1
1,18,17,0.0009299142984673381,0,0,3,3,6,5,3,3,1,1,1,1
1,18,19,4.060484570800327e-05,0,0,3,3,6,1,3,4,1,1,1,1
1,18,20,0.00042774956091307104,0,0,3,3,6,2,3,4,1,1,1,1
1,18,21,0.00024942102027125657,0,0,3,3,6,3,3,4,1,1,1,1
1,18,22,0.035892143845558167,0,0,3,3,6,4,3,4,1,1,1,1
1,18,27,0.00023322807101067156,0,0,3,3,6,3,3,5,1,1,1,1
1,18,29,2.0818946723011322e-05,0,0,3,3,6,5,3,5,1,1,1,1
1,18,30,1.817990414565429e-05,0,0,3,3,6,6,3,5,1,1,1,1
1,18,35,1.0936824992313632e-06,0,0,3,4,6,5,3,5,1,1,1,1
1,18,36,0.0010324210161343217,0,0,3,5,6,1,3,1,1,2,1,2
1,18,37,0.0006877788691781461,0,0,3,5,6,2,3,2,1,2,1,2
1,18,39,0.00020719639724120498,0,0,3,5,6,4,3,4,1,2,1,2
1,18,41,0.0009628819534555078,0,1,3,6,6,1,3,0,1,0,1,1
1,18,42,0.005934933666139841,0,1,3,6,6,2,3,0,1,0,1,1
1,18,45,0.0006941494066268206,0,1,3,6,6,5,3,0,1,0,1,1
1,18,47,0.0037848022766411304,0,2,3,7,6,0,3,0,1,0,1,4
1,23,4,2.2979784262133762e-05,0,0,3,3,5,4,4,1,1,1,1,1
1,23,8,7.469252977898577e-06,0,0,3,3,5,2,4,2,1,1,1,1
1,23,9,0.00023089302703738213,0,0,3,3,5,3,4,2,1,1,1,1
1,23,10,1.5167894162004814e-05,0,0,3,3,5,4,4,2,1,1,1,1
1,23,12,1.2351605619187467e-05,0,0,3,3,5,6,4,2,1,1,1,1
1,23,14,0.0067359511740505695,0,0,3,3,5,2,4,3,1,1,1,1
1,23,15,0.003817477962002158,0,0,3,3,5,3,4,3,1,1,1,1
1,23,16,0.9883666634559631,0,0,3,3,5,4,4,3,1,1,1,1
1,23,17,1.687569783825893e-05,0,0,3,3,5,5,4,3,1,1,1,1
1,23,19,6.908670911798254e-06,0,0,3,3,5,1,4,4,1,1,1,1
1,23,20,1.321918171015568e-05,0,0,3,3,5,2,4,4,1,1,1,1
1,23,21,4.7269058995880187e-05,0,0,3,3,5,3,4,4,1,1,1,1
1,23,22,0.00013151970051694661,0,0,3,3,5,4,4,4,1,1,1,1
1,23,27,0.0005411666352301836,0,0,3,3,5,3,4,5,1,1,1,1
1,23,29,9.726796434961216e-08,0,0,3,3,5,5,4,5,1,1,1,1
1,23,30,4.121540769119747e-06,0,0,3,3,5,6,4,5,1,1,1,1
1,23,35,1.6491988219513587e-08,0,0,3,4,5,5,4,5,1,1,1,1
1,23,36,1.041348923536134e-06,0,0,3,5,5,1,4,1,1,2,1,2
1,23,37,4.34213575317699e-07,0,0,3,5,5,2,4,2,1,2,1,2
1,23,39,3.190754966908571e-07,0,0,3,5,5,4,4,4,1,2,1,2
1,23,41,1.1031311260012444e-06,0,1,3,6,5,1,4,0,1,0,1,1
1,23,42,9.196863715033032e-08,0,1,3,6,5,2,4,0,1,0,1,1
1,23,45,2.850424341005464e-09,0,1,3,6,5,5,4,0,1,0,1,1
1,23,47,2.6631547370925546e-05,0,2,3,7,5,0,4,0,1,0,1,4
1,24,4,7.491674409720872e-07,0,0,3,3,6,4,4,1,1,1,1,1
1,24,8,8.608077450844576e-08,0,0,3,3,6,2,4,2,1,1,1,1
1,24,9,8.85336885403376e-06,0,0,3,3,6,3,4,2,1,1,1,1
1,24,10,9.359379760098818e-07,0,0,3,3,6,4,4,2,1,1,1,1
1,24,12,1.0414581197437656e-07,0,0,3,3,6,6,4,2,1,1,1,1
1,24,14,0.00034032409894280136,0,0,3,3,6,2,4,3,1,1,1,1
1,24,15,0.0002839591761585325,0,0,3,3,6,3,4,3,1,1,1,1
1,24,16,0.9990777969360352,0,0,3,3,6,4,4,3,1,1,1,1
1,24,17,1.6880669591046171e-06,0,0,3,3,6,5,4,3,1,1,1,1
1,24,19,2.3253856795690808e-07,0,0,3,3,6,1,4,4,1,1,1,1
1,24,20,1.8394889877981768e-07,0,0,3,3,6,2,4,4,1,1,1,1
1,24,21,3.2502366593689658e-06,0,0,3,3,6,3,4,4,1,1,1,1
1,24,22,0.0002547895710449666,0,0,3,3,6,4,4,4,1,1,1,1
1,24,27,2.458658673276659e-05,0,0,3,3,6,3,4,5,1,1,1,1
1,24,29,4.2151759860331595e-10,0,0,3,3,6,5,4,5,1,1,1,1
1,24,30,9.632576336571219e-08,0,0,3,3,6,6,4,5,1,1,1,1
1,24,35,2.3987836023087183e-11,0,0,3,4,6,5,4,5,1,1,1,1
1,24,36,7.214600472593702e-09,0,0,3,5,6,1,4,1,1,2,1,2
1,24,37,1.6858768825400716e-09,0,0,3,5,6,2,4,2,1,2,1,2
1,24,39,6.425985965563541e-09,0,0,3,5,6,4,4,4,1,2,1,2
1,24,41,5.116307821850796e-09,0,1,3,6,6,1,4,0,1,0,1,1
1,24,42,3.4148775474029947e-10,0,1,3,6,6,2,4,0,1,0,1,1
1,24,45,1.1594945489856734e-11,0,1,3,6,6,5,4,0,1,0,1,1
1,24,47,2.782506271614693e-06,0,2,3,7,6,0,4,0,1,0,1,4
1,25,4,0.0001648707693675533,0,0,3,3,1,4,5,1,1,1,1,1
1,25,8,2.2035714209778234e-05,0,0,3,3,1,2,5,2,1,1,1,1
1,25,9,0.00039102573646232486,0,0,3,3,1,3,5,2,1,1,1,1
1,25,10,0.00010723254672484472,0,0,3,3,1,4,5,2,1,1,1,1
1,25,12,2.522628528822679e-05,0,0,3,3,1,6,5,2,1,1,1,1
1,25,14,0.0020720441825687885,0,0,3,3,1,2,5,3,1,1,1,1
1,25,15,0.0027901858557015657,0,0,3,3,1,3,5,3,1,1,1,1
1,25,16,0.9816982746124268,0,0,3,3,1,4,5,3,1,1,1,1
1,25,17,7.037382601993158e-05,0,0,3,3,1,5,5,3,1,1,1,1
1,25,19,7.3150631578755565e-06,0,0,3,3,1,1,5,4,1,1,1,1
1,25,20,4.491813888307661e-05,0,0,3,3,1,2,5,4,1,1,1,1
1,25,21,7.815199933247641e-05,0,0,3,3,1,3,5,4,1,1,1,1
1,25,22,0.009285521693527699,0,0,3,3,1,4,5,4,1,1,1,1
1,25,27,0.0001790177047951147,0,0,3,3,1,3,5,5,1,1,1,1
1,25,29,2.7059326157541364e-07,0,0,3,3,1,5,5,5,1,1,1,1
1,25,30,2.410661181784235e-06,0,0,3,3,1,6,5,5,1,1,1,1
1,25,35,4.424555655191398e-08,0,0,3,4,1,5,5,5,1,1,1,1
1,25,36,9.29566376726143e-05,0,0,3,5,1,1,5,1,1,2,1,2
1,25,37,1.9005283320439048e-05,0,0,3,5,1,2,5,2,1,2,1,2
1,25,39,1.2176730706414673e-05,0,0,3,5,1,4,5,4,1,2,1,2
1,25,41,5.309419793775305e-05,0,1,3,6,1,1,5,0,1,0,1,1
1,25,42,5.164361937204376e-05,0,1,3,6,1,2,5,0,1,0,1,1
1,25,45,1.6747121662774589e-06,0,1,3,6,1,5,5,0,1,0,1,1
1,25,47,0.0028308110777288675,0,2,3,7,1,0,5,0,1,0,1,4
1,26,4,2.5112951334449463e-05,0,0,3,3,2,4,5,1,1,1,1,1
1,26,8,1.8787046656143502e-06,0,0,3,3,2,2,5,2,1,1,1,1
1,26,9,0.00014252762775868177,0,0,3,3,2,3,5,2,1,1,1,1
1,26,10,4.00188218918629e-05,0,0,3,3,2,4,5,2,1,1,1,1
1,26,12,1.081088248611195e-05,0,0,3,3,2,6,5,2,1,1,1,1
1,26,14,0.00154555169865489,0,0,3,3,2,2,5,3,1,1,1,1
1,26,15,0.004874447826296091,0,0,3,3,2,3,5,3,1,1,1,1
1,26,16,0.9917946457862854,0,0,3,3,2,4,5,3,1,1,1,1
1,26,17,0.00013605173444375396,0,0,3,3,2,5,5,3,1,1,1,1
1,26,19,1.0317882697563618e-05,0,0,3,3,2,1,5,4,1,1,1,1
1,26,20,3.974189439759357e-06,0,0,3,3,2,2,5,4,1,1,1,1
1,26,21,2.4452458092127927e-05,0,0,3,3,2,3,5,4,1,1,1,1
1,26,22,0.0010014454601332545,0,0,3,3,2,4,5,4,1,1,1,1
1,26,27,0.00031827512430027127,0,0,3,3,2,3,5,5,1,1,1,1
1,26,29,2.8457080247790145e-07,0,0,3,3,2,5,5,5,1,1,1,1
1,26,30,1.4460310922004282e-05,0,0,3,3,2,6,5,5,1,1,1,1
1,26,35,7.078787689351884e-08,0,0,3,4,2,5,5,5,1,1,1,1
1,26,36,3.857618594338419e-06,0,0,3,5,2,1,5,1,1,2,1,2
1,26,37,4.0266650103149004e-07,0,0,3,5,2,2,5,2,1,2,1,2
1,26,39,1.0203219744653325e-06,0,0,3,5,2,4,5,4,1,2,1,2
1,26,41,5.734190381190274e-06,0,1,3,6,2,1,5,0,1,0,1,1
1,26,42,2.463893338244816e-07,0,1,3,6,2,2,5,0,1,0,1,1
1,26,45,1.8916161081961036e-07,0,1,3,6,2,5,5,0,1,0,1,1
1,26,47,4.405061190482229e-05,0,2,3,7,2,0,5,0,1,0,1,4
1,28,4,0.0001209073670906946,0,0,3,3,4,4,5,1,1,1,1,1
1,28,8,1.6324005628121085e-05,0,0,3,3,4,2,5,2,1,1,1,1
1,28,9,0.0003957318840548396,0,0,3,3,4,3,5,2,1,1,1,1
1,28,10,0.0001540783268865198,0,0,3,3,4,4,5,2,1,1,1,1
1,28,12,3.203474261681549e-05,0,0,3,3,4,6,5,2,1,1,1,1
1,28,14,0.002924495842307806,0,0,3,3,4,2,5,3,1,1,1,1
1,28,15,0.005131471902132034,0,0,3,3,4,3,5,3,1,1,1,1
1,28,16,0.9798225164413452,0,0,3,3,4,4,5,3,1,1,1,1
1,28,17,0.0002818727807607502,0,0,3,3,4,5,5,3,1,1,1,1
1,28,19,2.0115301595069468e-05,0,0,3,3,4,1,5,4,1,1,1,1
1,28,20,3.735980862984434e-05,0,0,3,3,4,2,5,4,1,1,1,1
1,28,21,0.00012311206955928355,0,0,3,3,4,3,5,4,1,1,1,1
1,28,22,0.009119918569922447,0,0,3,3,4,4,5,4,1,1,1,1
1,28,27,0.0003974619321525097,0,0,3,3,4,3,5,5,1,1,1,1
1,28,29,1.163801698567113e-06,0,0,3,3,4,5,5,5,1,1,1,1
1,28,30,2.622920146677643e-05,0,0,3,3,4,6,5,5,1,1,1,1
1,28,35,3.9097915305319475e-07,0,0,3,4,4,5,5,5,1,1,1,1
1,28,36,7.126548007363454e-05,0,0,3,5,4,1,5,1,1,2,1,2
1,28,37,2.2229440219234675e-05,0,0,3,5,4,2,5,2,1,2,1,2
1,28,39,3.359557376825251e-05,0,0,3,5,4,4,5,4,1,2,1,2
1,28,41,3.063636177103035e-05,0,1,3,6,4,1,5,0,1,0,1,1
1,28,42,1.2892142876808066e-05,0,1,3,6,4,2,5,0,1,0,1,1
1,28,45,1.7413976820535026e-06,0,1,3,6,4,5,5,0,1,0,1,1
1,28,47,0.0012226568069308996,0,2,3,7,4,0,5,0,1,0,1,4
1,31,4,3.7375899410108104e-05,0,0,4,3,1,4,1,1,1,1,1,1
1,31,8,5.558702468988486e-06,0,0,4,3,1,2,1,2,1,1,1,1
1,31,9,8.752062421990559e-05,0,0,4,3,1,3,1,2,1,1,1,1
1,31,10,1.292140586883761e-05,0,0,4,3,1,4,1,2,1,1,1,1
1,31,12,1.1415997505537234e-05,0,0,4,3,1,6,1,2,1,1,1,1
1,31,14,0.0006236989866010845,0,0,4,3,1,2,1,3,1,1,1,1
1,31,15,0.0013004577485844493,0,0,4,3,1,3,1,3,1,1,1,1
1,31,16,0.9938900470733643,0,0,4,3,1,4,1,3,1,1,1,1
1,31,17,1.0427403140056413e-05,0,0,4,3,1,5,1,3,1,1,1,1
1,31,19,4.097230885236058e-06,0,0,4,3,1,1,1,4,1,1,1,1
1,31,20,4.575370894599473e-06,0,0,4,3,1,2,1,4,1,1,1,1
1,31,21,3.1666335416957736e-05,0,0,4,3,1,3,1,4,1,1,1,1
1,31,22,0.0035122688859701157,0,0,4,3,1,4,1,4,1,1,1,1
1,31,27,0.0001760802260832861,0,0,4,3,1,3,1,5,1,1,1,1
1,31,29,1.0987076137780605e-08,0,0,4,3,1,5,1,5,1,1,1,1
1,31,30,1.2328905540925916e-06,0,0,4,3,1,6,1,5,1,1,1,1
1,31,35,5.704357164404428e-08,0,0,4,4,1,5,1,5,1,1,1,1
1,31,36,1.810492790355056e-06,0,0,4,5,1,1,1,1,1,2,1,2
1,31,37,3.262131542669522e-07,0,0,4,5,1,2,1,2,1,2,1,2
1,31,39,3.5247470009380777e-07,0,0,4,5,1,4,1,4,1,2,1,2
1,31,41,3.601574917411199e-06,0,1,4,6,1,1,1,0,1,0,1,1
1,31,42,5.487744374477188e-07,0,1,4,6,1,2,1,0,1,0,1,1
1,31,45,6.054202472682846e-09,0,1,4,6,1,5,1,0,1,0,1,1
1,31,47,0.00028383059543557465,0,2,4,7,1,0,1,0,1,0,1,4
1,32,4,3.319989627925679e-05,0,0,4,3,2,4,2,1,1,1,1,1
1,32,8,5.370010967453709e-06,0,0,4,3,2,2,2,2,1,1,1,1
1,32,9,0.0004331319942139089,0,0,4,3,2,3,2,2,1,1,1,1
1,32,10,9.807464812183753e-05,0,0,4,3,2,4,2,2,1,1,1,1
1,32,12,7.301271398318931e-05,0,0,4,3,2,6,2,2,1,1,1,1
1,32,14,0.0013398980954661965,0,0,4,3,2,2,2,3,1,1,1,1
1,32,15,0.003437192179262638,0,0,4,3,2,3,2,3,1,1,1,1
1,32,16,0.9913957118988037,0,0,4,3,2,4,2,3,1,1,1,1
1,32,17,0.0001021684511215426,0,0,4,3,2,5,2,3,1,1,1,1
1,32,19,1.1693779924826231e-05,0,0,4,3,2,1,2,4,1,1,1,1
1,32,20,3.2506079605809646e-06,0,0,4,3,2,2,2,4,1,1,1,1
1,32,21,2.223201227025129e-05,0,0,4,3,2,3,2,4,1,1,1,1
1,32,22,0.0020748022943735123,0,0,4,3,2,4,2,4,1,1,1,1
1,32,27,0.00036243617068976164,0,0,4,3,2,3,2,5,1,1,1,1
1,32,29,1.1581172287833397e-07,0,0,4,3,2,5,2,5,1,1,1,1
1,32,30,2.9762735721305944e-05,0,0,4,3,2,6,2,5,1,1,1,1
1,32,35,8.334968129020126e-07,0,0,4,4,2,5,2,5,1,1,1,1
1,32,36,2.894134377129376e-05,0,0,4,5,2,1,2,1,1,2,1,2
1,32,37,3.6817998534388607e-06,0,0,4,5,2,2,2,2,1,2,1,2
1,32,39,5.058299848315073e-06,0,0,4,5,2,4,2,4,1,2,1,2
1,32,41,7.408194505842403e-06,0,1,4,6,2,1,2,0,1,0,1,1
1,32,42,4.866413974013994e-07,0,1,4,6,2,2,2,0,1,0,1,1
1,32,45,4.4572491475491915e-08,0,1,4,6,2,5,2,0,1,0,1,1
1,32,47,0.0005312482826411724,0,2,4,7,2,0,2,0,1,0,1,4
1,33,4,0.00036902670399285853,0,0,4,3,3,4,3,1,1,1,1,1
1,33,8,0.00032202393049374223,0,0,4,3,3,2,3,2,1,1,1,1
1,33,9,0.0001134137055487372,0,0,4,3,3,3,3,2,1,1,1,1
1,33,10,0.0001188651003758423,0,0,4,3,3,4,3,2,1,1,1,1
1,33,12,2.9915113373135682e-06,0,0,4,3,3,6,3,2,1,1,1,1
1,33,14,9.500976739218459e-05,0,0,4,3,3,2,3,3,1,1,1,1
1,33,15,9.56165386014618e-05,0,0,4,3,3,3,3,3,1,1,1,1
1,33,16,0.0038355092983692884,0,0,4,3,3,4,3,3,1,1,1,1
1,33,17,7.098379865055904e-05,0,0,4,3,3,5,3,3,1,1,1,1
1,33,19,1.0045930594060337e-06,0,0,4,3,3,1,3,4,1,1,1,1
1,33,20,3.2740834285505116e-05,0,0,4,3,3,2,3,4,1,1,1,1
1,33,21,3.3242897188756615e-05,0,0,4,3,3,3,3,4,1,1,1,1
1,33,22,0.0025627482682466507,0,0,4,3,3,4,3,4,1,1,1,1
1,33,27,2.0837267129536485e-06,0,0,4,3,3,3,3,5,1,1,1,1
1,33,29,1.181191601062892e-05,0,0,4,3,3,5,3,5,1,1,1,1
1,33,30,1.72149100308161e-07,0,0,4,3,3,6,3,5,1,1,1,1
1,33,35,2.5108026875386713e-06,0,0,4,4,3,5,3,5,1,1,1,1
1,33,36,0.0013143854448571801,0,0,4,5,3,1,3,1,1,2,1,2
1,33,37,0.0012853217776864767,0,0,4,5,3,2,3,2,1,2,1,2
1,33,39,6.34080934105441e-05,0,0,4,5,3,4,3,4,1,2,1,2
1,33,41,0.005011206958442926,0,1,4,6,3,1,3,0,1,0,1,1
1,33,42,0.8956558108329773,0,1,4,6,3,2,3,0,1,0,1,1
1,33,45,0.08867719769477844,0,1,4,6,3,5,3,0,1,0,1,1
1,33,47,0.00032322749029845,0,2,4,7,3,0,3,0,1,0,1,4
1,34,4,2.4268761990242638e-05,0,0,4,3,4,4,4,1,1,1,1,1
1,34,8,2.1952416773274308e-07,0,0,4,3,4,2,4,2,1,1,1,1
1,34,9,1.2912661986774765e-05,0,0,4,3,4,3,4,2,1,1,1,1
1,34,10,5.219653303356608e-06,0,0,4,3,4,4,4,2,1,1,1,1
1,34,12,1.0338133051845944e-06,0,0,4,3,4,6,4,2,1,1,1,1
1,34,14,0.0001954117906279862,0,0,4,3,4,2,4,3,1,1,1,1
1,34,15,0.0013555982150137424,0,0,4,3,4,3,4,3,1,1,1,1
1,34,16,0.997411847114563,0,0,4,3,4,4,4,3,1,1,1,1
1,34,17,1.6564685211051255e-05,0,0,4,3,4,5,4,3,1,1,1,1
1,34,19,8.433153197984211e-07,0,0,4,3,4,1,4,4,1,1,1,1
1,34,20,5.904915951759904e-07,0,0,4,3,4,2,4,4,1,1,1,1
1,34,21,3.857987849187339e-06,0,0,4,3,4,3,4,4,1,1,1,1
1,34,22,0.0007383690099231899,0,0,4,3,4,4,4,4,1,1,1,1
1,34,27,0.0001435404847143218,0,0,4,3,4,3,4,5,1,1,1,1
1,34,29,1.542190375403152e-08,0,0,4,3,4,5,4,5,1,1,1,1
1,34,30,1.3781248071609298e-06,0,0,4,3,4,6,4,5,1,1,1,1
1,34,35,1.510442260155287e-08,0,0,4,4,4,5,4,5,1,1,1,1
1,34,36,6.651736157436972e-07,0,0,4,5,4,1,4,1,1,2,1,2
1,34,37,6.086730763854575e-08,0,0,4,5,4,2,4,2,1,2,1,2
1,34,39,1.901140365134779e-07,0,0,4,5,4,4,4,4,1,2,1,2
1,34,41,5.112073267810047e-06,0,1,4,6,4,1,4,0,1,0,1,1
1,34,42,6.672361507753521e-08,0,1,4,6,4,2,4,0,1,0,1,1
1,34,45,1.9692812713856256e-08,0,1,4,6,4,5,4,0,1,0,1,1
1,34,47,8.332752622663975e-05,0,2,4,7,4,0,4,0,1,0,1,4
1,38,4,0.015183127485215664,0,0,5,3,3,4,3,1,2,1,2,1
1,38,8,0.2694081664085388,0,0,5,3,3,2,3,2,2,1,2,1
1,38,9,0.0807676687836647,0,0,5,3,3,3,3,2,2,1,2,1
1,38,10,0.014327241107821465,0,0,5,3,3,4,3,2,2,1,2,1
1,38,12,0.005241634324193001,0,0,5,3,3,6,3,2,2,1,2,1
1,38,14,0.02401549741625786,0,0,5,3,3,2,3,3,2,1,2,1
1,38,15,0.00963747687637806,0,0,5,3,3,3,3,3,2,1,2,1
1,38,16,0.0010867577511817217,0,0,5,3,3,4,3,3,2,1,2,1
1,38,17,0.02950666844844818,0,0,5,3,3,5,3,3,2,1,2,1
1,38,19,0.019011875614523888,0,0,5,3,3,1,3,4,2,1,2,1
1,38,20,0.005062021780759096,0,0,5,3,3,2,3,4,2,1,2,1
1,38,21,0.0519193634390831,0,0,5,3,3,3,3,4,2,1,2,1
1,38,22,0.00047994201304391026,0,0,5,3,3,4,3,4,2,1,2,1
1,38,27,0.004338808357715607,0,0,5,3,3,3,3,5,2,1,2,1
1,38,29,0.13641367852687836,0,0,5,3,3,5,3,5,2,1,2,1
1,38,30,0.008471119217574596,0,0,5,3,3,6,3,5,2,1,2,1
1,38,35,0.21297478675842285,0,0,5,4,3,5,3,5,2,1,2,1
1,38,36,0.006873187143355608,0,0,5,5,3,1,3,1,2,2,2,2
1,38,37,0.024501100182533264,0,0,5,5,3,2,3,2,2,2,2,2
1,38,39,0.003402097849175334,0,0,5,5,3,4,3,4,2,2,2,2
1,38,41,0.0023816446773707867,0,1,5,6,3,1,3,0,2,0,2,1
1,38,42,0.034437503665685654,0,1,5,6,3,2,3,0,2,0,2,1
1,38,45,0.040537673979997635,0,1,5,6,3,5,3,0,2,0,2,1
1,38,47,2.069880792987533e-05,0,2,5,7,3,0,3,0,2,0,2,4
1,40,4,0.0017268983647227287,0,0,5,3,5,4,5,1,2,1,2,1
1,40,8,0.02313157729804516,0,0,5,3,5,2,5,2,2,1,2,1
1,40,9,0.17765222489833832,0,0,5,3,5,3,5,2,2,1,2,1
1,40,10,0.00169666379224509,0,0,5,3,5,4,5,2,2,1,2,1
1,40,12,0.01881151646375656,0,0,5,3,5,6,5,2,2,1,2,1
1,40,14,0.15471278131008148,0,0,5,3,5,2,5,3,2,1,2,1
1,40,15,0.06021450087428093,0,0,5,3,5,3,5,3,2,1,2,1
1,40,16,0.020973382517695427,0,0,5,3,5,4,5,3,2,1,2,1
1,40,17,0.0018042708979919553,0,0,5,3,5,5,5,3,2,1,2,1
1,40,19,0.0974757969379425,0,0,5,3,5,1,5,4,2,1,2,1
1,40,20,0.00853023026138544,0,0,5,3,5,2,5,4,2,1,2,1
1,40,21,0.19830556213855743,0,0,5,3,5,3,5,4,2,1,2,1
1,40,22,0.00027697812765836716,0,0,5,3,5,4,5,4,2,1,2,1
1,40,27,0.21194157004356384,0,0,5,3,5,3,5,5,2,1,2,1
1,40,29,0.0002964162558782846,0,0,5,3,5,5,5,5,2,1,2,1
1,40,30,0.02158079668879509,0,0,5,3,5,6,5,5,2,1,2,1
1,40,35,0.00035813541035167873,0,0,5,4,5,5,5,5,2,1,2,1
1,40,36,6.0236310673644766e-05,0,0,5,5,5,1,5,1,2,2,2,2
1,40,37,0.00022151005396153778,0,0,5,5,5,2,5,2,2,2,2,2
1,40,39,0.0002095336385536939,0,0,5,5,5,4,5,4,2,2,2,2
1,40,41,1.6966311022770242e-07,0,1,5,6,5,1,5,0,2,0,2,1
1,40,42,4.5499604084398015e-08,0,1,5,6,5,2,5,0,2,0,2,1
1,40,45,1.0596176158728099e-09,0,1,5,6,5,5,5,0,2,0,2,1
1,40,47,1.9154054825776257e-05,0,2,5,7,5,0,5,0,2,0,2,4
1,43,4,0.000366998283425346,1,0,6,3,3,4,0,1,0,1,1,1
1,43,8,1.4057729458727408e-05,1,0,6,3,3,2,0,2,0,1,1,1
1,43,9,2.54727819992695e-05,1,0,6,3,3,3,0,2,0,1,1,1
1,43,10,0.0007087517878971994,1,0,6,3,3,4,0,2,0,1,1,1
1,43,12,3.9614424167666584e-05,1,0,6,3,3,6,0,2,0,1,1,1
1,43,14,6.643814231210854e-06,1,0,6,3,3,2,0,3,0,1,1,1
1,43,15,5.347459955373779e-05,1,0,6,3,3,3,0,3,0,1,1,1
1,43,16,0.0003829727356787771,1,0,6,3,3,4,0,3,0,1,1,1
1,43,17,0.00024010063498280942,1,0,6,3,3,5,0,3,0,1,1,1
1,43,19,5.20550065630232e-06,1,0,6,3,3,1,0,4,0,1,1,1
1,43,20,1.1955230547755491e-05,1,0,6,3,3,2,0,4,0,1,1,1
1,43,21,4.705524588644039e-06,1,0,6,3,3,3,0,4,0,1,1,1
1,43,22,0.003773569595068693,1,0,6,3,3,4,0,4,0,1,1,1
1,43,27,1.7460104572819546e-05,1,0,6,3,3,3,0,5,0,1,1,1
1,43,29,0.0001252870715688914,1,0,6,3,3,5,0,5,0,1,1,1
1,43,30,1.8062448361888528e-05,1,0,6,3,3,6,0,5,0,1,1,1
1,43,35,5.341156793292612e-05,1,0,6,4,3,5,0,5,0,1,1,1
1,43,36,0.001553441397845745,1,0,6,5,3,1,0,1,0,2,1,2
1,43,37,0.0001960605732165277,1,0,6,5,3,2,0,2,0,2,1,2
1,43,39,0.00026975953369401395,1,0,6,5,3,4,0,4,0,2,1,2
1,43,41,0.04256700351834297,1,1,6,6,3,1,0,0,0,0,1,1
1,43,42,0.0651235282421112,1,1,6,6,3,2,0,0,0,0,1,1
1,43,45,0.8277349472045898,1,1,6,6,3,5,0,0,0,0,1,1
1,43,47,0.05670735239982605,1,2,6,7,3,0,0,0,0,0,1,4
1,44,4,0.00012687912385445088,1,0,6,3,4,4,0,1,0,1,1,1
1,44,8,3.1173017305263784e-06,1,0,6,3,4,2,0,2,0,1,1,1
1,44,9,7.158922926464584e-06,1,0,6,3,4,3,0,2,0,1,1,1
1,44,10,0.00022889237152412534,1,0,6,3,4,4,0,2,0,1,1,1
1,44,12,3.040180672542192e-05,1,0,6,3,4,6,0,2,0,1,1,1
1,44,14,3.0283201795100467e-06,1,0,6,3,4,2,0,3,0,1,1,1
1,44,15,2.439626769046299e-05,1,0,6,3,4,3,0,3,0,1,1,1
1,44,16,5.7730321714188904e-05,1,0,6,3,4,4,0,3,0,1,1,1
1,44,17,0.00029835145687684417,1,0,6,3,4,5,0,3,0,1,1,1
1,44,19,8.717671335034538e-06,1,0,6,3,4,1,0,4,0,1,1,1
1,44,20,3.5806135656457627e-06,1,0,6,3,4,2,0,4,0,1,1,1
1,44,21,1.3413819033303298e-06,1,0,6,3,4,3,0,4,0,1,1,1
1,44,22,0.0001952556922333315,1,0,6,3,4,4,0,4,0,1,1,1
1,44,27,1.553191577841062e-05,1,0,6,3,4,3,0,5,0,1,1,1
1,44,29,0.0004081783990841359,1,0,6,3,4,5,0,5,0,1,1,1
1,44,30,9.695450717117637e-05,1,0,6,3,4,6,0,5,0,1,1,1
1,44,35,0.0006107696099206805,1,0,6,4,4,5,0,5,0,1,1,1
1,44,36,0.00046895421110093594,1,0,6,5,4,1,0,1,0,2,1,2
1,44,37,2.9662071028724313e-05,1,0,6,5,4,2,0,2,0,2,1,2
1,44,39,0.0001153294142568484,1,0,6,5,4,4,0,4,0,2,1,2
1,44,41,0.054427120834589005,1,1,6,6,4,1,0,0,0,0,1,1
1,44,42,0.004301088862121105,1,1,6,6,4,2,0,0,0,0,1,1
1,44,45,0.9365022778511047,1,1,6,6,4,5,0,0,0,0,1,1
1,44,47,0.002035224810242653,1,2,6,7,4,0,0,0,0,0,1,4
1,46,4,0.0017103295540437102,1,0,6,3,6,4,0,1,0,1,1,1
1,46,8,6.832418876001611e-05,1,0,6,3,6,2,0,2,0,1,1,1
1,46,9,0.0008621893357485533,1,0,6,3,6,3,0,2,0,1,1,1
1,46,10,0.008615264669060707,1,0,6,3,6,4,0,2,0,1,1,1
1,46,12,0.005109462887048721,1,0,6,3,6,6,0,2,0,1,1,1
1,46,14,0.0001406164956279099,1,0,6,3,6,2,0,3,0,1,1,1
1,46,15,0.003579894546419382,1,0,6,3,6,3,0,3,0,1,1,1
1,46,16,0.018970230594277382,1,0,6,3,6,4,0,3,0,1,1,1
1,46,17,0.0028925237711519003,1,0,6,3,6,5,0,3,0,1,1,1
1,46,19,0.000503891205880791,1,0,6,3,6,1,0,4,0,1,1,1
1,46,20,0.0002748779079411179,1,0,6,3,6,2,0,4,0,1,1,1
1,46,21,7.959556387504563e-05,1,0,6,3,6,3,0,4,0,1,1,1
1,46,22,0.04409700259566307,1,0,6,3,6,4,0,4,0,1,1,1
1,46,27,0.002651296788826585,1,0,6,3,6,3,0,5,0,1,1,1
1,46,29,0.0003675420884974301,1,0,6,3,6,5,0,5,0,1,1,1
1,46,30,0.002858046442270279,1,0,6,3,6,6,0,5,0,1,1,1
1,46,35,0.00018066713528241962,1,0,6,4,6,5,0,5,0,1,1,1
1,46,36,0.021389972418546677,1,0,6,5,6,1,0,1,0,2,1,2
1,46,37,0.003382656490430236,1,0,6,5,6,2,0,2,0,2,1,2
1,46,39,0.008773984387516975,1,0,6,5,6,4,0,4,0,2,1,2
1,46,41,0.008820204064249992,1,1,6,6,6,1,0,0,0,0,1,1
1,46,42,0.0009556557051837444,1,1,6,6,6,2,0,0,0,0,1,1
1,46,45,0.01121743768453598,1,1,6,6,6,5,0,0,0,0,1,1
1,46,47,0.8524987697601318,1,2,6,7,6,0,0,0,0,0,1,4
2,0,2,0.0030064801685512066,0,0,1,3,0,2,0,1,2,1,4,1
2,0,3,0.0035122153349220753,0,0,1,3,0,3,0,1,2,1,4,1
2,0,4,0.0003735042701009661,0,0,1,3,0,4,0,1,2,1,4,1
2,0,10,0.00139491050504148,0,0,1,3,0,4,0,2,2,1,4,1
2,0,11,9.780010441318154e-05,0,0,1,3,0,5,0,2,2,1,4,1
2,0,12,0.002282119123265147,0,0,1,3,0,6,0,2,2,1,4,1
2,0,15,0.0002733578730840236,0,0,1,3,0,3,0,3,2,1,4,1
2,0,16,0.00034482762566767633,0,0,1,3,0,4,0,3,2,1,4,1
2,0,18,0.0009510106174275279,0,0,1,3,0,6,0,3,2,1,4,1
2,0,20,0.004505655728280544,0,0,1,3,0,2,0,4,2,1,4,1
2,0,24,0.0014213453978300095,0,0,1,3,0,6,0,4,2,1,4,1
2,0,25,7.546567940153182e-05,0,0,1,3,0,1,0,5,2,1,4,1
2,0,26,0.00320811802521348,0,0,1,3,0,2,0,5,2,1,4,1
2,0,28,0.0017766808159649372,0,0,1,3,0,4,0,5,2,1,4,1
2,0,29,0.00021848028700333089,0,0,1,3,0,5,0,5,2,1,4,1
2,0,30,0.00032839286723174155,0,0,1,3,0,6,0,5,2,1,4,1
2,0,32,0.028420064598321915,0,0,1,4,0,2,0,2,2,1,4,1
2,0,37,0.022286390885710716,0,0,1,5,0,2,0,2,2,2,4,2
2,0,39,0.9136962890625,0,0,1,5,0,4,0,4,2,2,4,2
2,0,40,0.011707998812198639,0,0,1,5,0,5,0,5,2,2,4,2
2,0,43,2.3108852474251762e-05,0,1,1,6,0,3,0,0,2,0,4,1
2,0,44,6.640441279159859e-05,0,1,1,6,0,4,0,0,2,0,4,1
2,0,46,2.9389662813628092e-05,0,1,1,6,0,6,0,0,2,0,4,1
2,0,47,1.3363747086714284e-07,0,2,1,7,0,0,0,0,2,0,4,4
2,1,2,0.00040653240284882486,0,0,3,3,1,2,1,1,1,1,1,1
2,1,3,0.013895905576646328,0,0,3,3,1,3,1,1,1,1,1,1
2,1,4,0.001421509892679751,0,0,3,3,1,4,1,1,1,1,1,1
2,1,10,0.0019333388190716505,0,0,3,3,1,4,1,2,1,1,1,1
2,1,11,0.0012433617375791073,0,0,3,3,1,5,1,2,1,1,1,1
2,1,12,0.07514243572950363,0,0,3,3,1,6,1,2,1,1,1,1
2,1,15,0.028096603229641914,0,0,3,3,1,3,1,3,1,1,1,1
2,1,16,0.020406117662787437,0,0,3,3,1,4,1,3,1,1,1,1
2,1,18,0.022986453026533127,0,0,3,3,1,6,1,3,1,1,1,1
2,1,20,0.0011742645874619484,0,0,3,3,1,2,1,4,1,1,1,1
2,1,24,0.10174335539340973,0,0,3,3,1,6,1,4,1,1,1,1
2,1,25,0.028364131227135658,0,0,3,3,1,1,1,5,1,1,1,1
2,1,26,0.010293608531355858,0,0,3,3,1,2,1,5,1,1,1,1
2,1,28,0.010478055104613304,0,0,3,3,1,4,1,5,1,1,1,1
2,1,29,0.0016659231623634696,0,0,3,3,1,5,1,5,1,1,1,1
2,1,30,0.11987899243831635,0,0,3,3,1,6,1,5,1,1,1,1
2,1,32,0.01751781813800335,0,0,3,4,1,2,1,2,1,1,1,1
2,1,37,0.00041908927960321307,0,0,3,5,1,2,1,2,1,2,1,2
2,1,39,0.010355821810662746,0,0,3,5,1,4,1,4,1,2,1,2
2,1,40,0.007772420533001423,0,0,3,5,1,5,1,5,1,2,1,2
2,1,43,0.11662650108337402,0,1,3,6,1,3,1,0,1,0,1,1
2,1,44,0.2010786384344101,0,1,3,6,1,4,1,0,1,0,1,1
2,1,46,0.14731980860233307,0,1,3,6,1,6,1,0,1,0,1,1
2,1,47,0.059779293835163116,0,2,3,7,1,0,1,0,1,0,1,4
2,5,2,0.0019665539730340242,0,0,3,3,5,2,1,1,1,1,1,1
2,5,3,0.020942602306604385,0,0,3,3,5,3,1,1,1,1,1,1
2,5,4,0.004405571147799492,0,0,3,3,5,4,1,1,1,1,1,1
2,5,10,0.011415349319577217,0,0,3,3,5,4,1,2,1,1,1,1
2,5,11,0.007653850130736828,0,0,3,3,5,5,1,2,1,1,1,1
2,5,12,0.03099924698472023,0,0,3,3,5,6,1,2,1,1,1,1
2,5,15,0.04853956401348114,0,0,3,3,5,3,1,3,1,1,1,1
2,5,16,0.07175708562135696,0,0,3,3,5,4,1,3,1,1,1,1
2,5,18,0.044592298567295074,0,0,3,3,5,6,1,3,1,1,1,1
2,5,20,0.001975992461666465,0,0,3,3,5,2,1,4,1,1,1,1
2,5,24,0.0818617045879364,0,0,3,3,5,6,1,4,1,1,1,1
2,5,25,0.02466154284775257,0,0,3,3,5,1,1,5,1,1,1,1
2,5,26,0.007259965408593416,0,0,3,3,5,2,1,5,1,1,1,1
2,5,28,0.01815539412200451,0,0,3,3,5,4,1,5,1,1,1,1
2,5,29,0.01234481018036604,0,0,3,3,5,5,1,5,1,1,1,1
2,5,30,0.07947013527154922,0,0,3,3,5,6,1,5,1,1,1,1
2,5,32,0.007420602720230818,0,0,3,4,5,2,1,2,1,1,1,1
2,5,37,0.0004840964393224567,0,0,3,5,5,2,1,2,1,2,1,2
2,5,39,0.0109896594658494,0,0,3,5,5,4,1,4,1,2,1,2
2,5,40,0.0031925300136208534,0,0,3,5,5,5,1,5,1,2,1,2
2,5,43,0.10845790058374405,0,1,3,6,5,3,1,0,1,0,1,1
2,5,44,0.10400571674108505,0,1,3,6,5,4,1,0,1,0,1,1
2,5,46,0.06405892968177795,0,1,3,6,5,6,1,0,1,0,1,1
2,5,47,0.23338888585567474,0,2,3,7,5,0,1,0,1,0,1,4
2,6,2,0.00239185756072402,0,0,3,3,6,2,1,1,1,1,1,1
2,6,3,0.014874713495373726,0,0,3,3,6,3,1,1,1,1,1,1
2,6,4,0.003760713152587414,0,0,3,3,6,4,1,1,1,1,1,1
2,6,10,0.044878676533699036,0,0,3,3,6,4,1,2,1,1,1,1
2,6,11,0.046543020755052567,0,0,3,3,6,5,1,2,1,1,1,1
2,6,12,0.08318396657705307,0,0,3,3,6,6,1,2,1,1,1,1
2,6,15,0.05347037687897682,0,0,3,3,6,3,1,3,1,1,1,1
2,6,16,0.031731393188238144,0,0,3,3,6,4,1,3,1,1,1,1
2,6,18,0.05940580368041992,0,0,3,3,6,6,1,3,1,1,1,1
2,6,20,0.009573521092534065,0,0,3,3,6,2,1,4,1,1,1,1
2,6,24,0.12266676127910614,0,0,3,3,6,6,1,4,1,1,1,1
2,6,25,0.06854220479726791,0,0,3,3,6,1,1,5,1,1,1,1
2,6,26,0.006099415477365255,0,0,3,3,6,2,1,5,1,1,1,1
2,6,28,0.027177724987268448,0,0,3,3,6,4,1,5,1,1,1,1
2,6,29,0.01828659325838089,0,0,3,3,6,5,1,5,1,1,1,1
2,6,30,0.06114505976438522,0,0,3,3,6,6,1,5,1,1,1,1
2,6,32,0.11971781402826309,0,0,3,4,6,2,1,2,1,1,1,1
2,6,37,0.016248907893896103,0,0,3,5,6,2,1,2,1,2,1,2
2,6,39,0.013367481529712677,0,0,3,5,6,4,1,4,1,2,1,2
2,6,40,0.06257157027721405,0,0,3,5,6,5,1,5,1,2,1,2
2,6,43,0.005904936231672764,0,1,3,6,6,3,1,0,1,0,1,1
2,6,44,0.022189617156982422,0,1,3,6,6,4,1,0,1,0,1,1
2,6,46,0.03769047558307648,0,1,3,6,6,6,1,0,1,0,1,1
2,6,47,0.06857747584581375,0,2,3,7,6,0,1,0,1,0,1,4
2,7,2,0.0002715757000260055,0,0,3,3,1,2,2,1,1,1,1,1
2,7,3,0.003319955663755536,0,0,3,3,1,3,2,1,1,1,1,1
2,7,4,0.00042085532913915813,0,0,3,3,1,4,2,1,1,1,1,1
2,7,10,0.0004723823512904346,0,0,3,3,1,4,2,2,1,1,1,1
2,7,11,0.0013437384041026235,0,0,3,3,1,5,2,2,1,1,1,1
2,7,12,0.003834152827039361,0,0,3,3,1,6,2,2,1,1,1,1
2,7,15,0.008815485052764416,0,0,3,3,1,3,2,3,1,1,1,1
2,7,16,0.0018291218439117074,0,0,3,3,1,4,2,3,1,1,1,1
2,7,18,0.0017244487535208464,0,0,3,3,1,6,2,3,1,1,1,1
2,7,20,0.0007106425473466516,0,0,3,3,1,2,2,4,1,1,1,1
2,7,24,0.002175462432205677,0,0,3,3,1,6,2,4,1,1,1,1
2,7,25,0.0015877248952165246,0,0,3,3,1,1,2,5,1,1,1,1
2,7,26,0.002020553918555379,0,0,3,3,1,2,2,5,1,1,1,1
2,7,28,0.000682665326166898,0,0,3,3,1,4,2,5,1,1,1,1
2,7,29,0.008347144350409508,0,0,3,3,1,5,2,5,1,1,1,1
2,7,30,0.0041542635299265385,0,0,3,3,1,6,2,5,1,1,1,1
2,7,32,0.0008839579531922936,0,0,3,4,1,2,2,2,1,1,1,1
2,7,37,0.0005670396494679153,0,0,3,5,1,2,2,2,1,2,1,2
2,7,39,0.0025811013765633106,0,0,3,5,1,4,2,4,1,2,1,2
2,7,40,0.007098219357430935,0,0,3,5,1,5,2,5,1,2,1,2
2,7,43,0.8247455358505249,0,1,3,6,1,3,2,0,1,0,1,1
2,7,44,0.041392844170331955,0,1,3,6,1,4,2,0,1,0,1,1
2,7,46,0.06064261496067047,0,1,3,6,1,6,2,0,1,0,1,1
2,7,47,0.020378202199935913,0,2,3,7,1,0,2,0,1,0,1,4
2,8,2,0.10274581611156464,0,0,3,3,2,2,2,1,1,1,1,1
2,8,3,0.02535814605653286,0,0,3,3,2,3,2,1,1,1,1,1
2,8,4,0.022793296724557877,0,0,3,3,2,4,2,1,1,1,1,1
2,8,10,0.004201522562652826,0,0,3,3,2,4,2,2,1,1,1,1
2,8,11,0.01156845223158598,0,0,3,3,2,5,2,2,1,1,1,1
2,8,12,0.02072427235543728,0,0,3,3,2,6,2,2,1,1,1,1
2,8,15,0.01097659207880497,0,0,3,3,2,3,2,3,1,1,1,1
2,8,16,0.004518941510468721,0,0,3,3,2,4,2,3,1,1,1,1
2,8,18,0.01222256664186716,0,0,3,3,2,6,2,3,1,1,1,1
2,8,20,0.021002138033509254,0,0,3,3,2,2,2,4,1,1,1,1
2,8,24,0.00795553345233202,0,0,3,3,2,6,2,4,1,1,1,1
2,8,25,0.012758240103721619,0,0,3,3,2,1,2,5,1,1,1,1
2,8,26,0.01885092444717884,0,0,3,3,2,2,2,5,1,1,1,1
2,8,28,0.009709056466817856,0,0,3,3,2,4,2,5,1,1,1,1
2,8,29,0.003525714622810483,0,0,3,3,2,5,2,5,1,1,1,1
2,8,30,0.009334077127277851,0,0,3,3,2,6,2,5,1,1,1,1
2,8,32,0.090756356716156,0,0,3,4,2,2,2,2,1,1,1,1
2,8,37,0.31026968359947205,0,0,3,5,2,2,2,2,1,2,1,2
2,8,39,0.160455584526062,0,0,3,5,2,4,2,4,1,2,1,2
2,8,40,0.1305381804704666,0,0,3,5,2,5,2,5,1,2,1,2
2,8,43,0.0027559208683669567,0,1,3,6,2,3,2,0,1,0,1,1
2,8,44,0.0023537410888820887,0,1,3,6,2,4,2,0,1,0,1,1
2,8,46,0.002958114491775632,0,1,3,6,2,6,2,0,1,0,1,1
2,8,47,0.0016670163022354245,0,2,3,7,2,0,2,0,1,0,1,4
2,9,2,0.02440783381462097,0,0,3,3,3,2,2,1,1,1,1,1
2,9,3,0.016819635406136513,0,0,3,3,3,3,2,1,1,1,1,1
2,9,4,0.005595324095338583,0,0,3,3,3,4,2,1,1,1,1,1
2,9,10,0.022163433954119682,0,0,3,3,3,4,2,2,1,1,1,1
2,9,11,0.048297420144081116,0,0,3,3,3,5,2,2,1,1,1,1
2,9,12,0.14316970109939575,0,0,3,3,3,6,2,2,1,1,1,1
2,9,15,0.024657560512423515,0,0,3,3,3,3,2,3,1,1,1,1
2,9,16,0.029408685863018036,0,0,3,3,3,4,2,3,1,1,1,1
2,9,18,0.04828915372490883,0,0,3,3,3,6,2,3,1,1,1,1
2,9,20,0.014458434656262398,0,0,3,3,3,2,2,4,1,1,1,1
2,9,24,0.1291675716638565,0,0,3,3,3,6,2,4,1,1,1,1
2,9,25,0.024590767920017242,0,0,3,3,3,1,2,5,1,1,1,1
2,9,26,0.008139112032949924,0,0,3,3,3,2,2,5,1,1,1,1
2,9,28,0.014430113136768341,0,0,3,3,3,4,2,5,1,1,1,1
2,9,29,0.017187699675559998,0,0,3,3,3,5,2,5,1,1,1,1
2,9,30,0.03987010195851326,0,0,3,3,3,6,2,5,1,1,1,1
2,9,32,0.12287284433841705,0,0,3,4,3,2,2,2,1,1,1,1
2,9,37,0.0464664064347744,0,0,3,5,3,2,2,2,1,2,1,2
2,9,39,0.09826740622520447,0,0,3,5,3,4,2,4,1,2,1,2
2,9,40,0.047047387808561325,0,0,3,5,3,5,2,5,1,2,1,2
2,9,43,0.009709516540169716,0,1,3,6,3,3,2,0,1,0,1,1
2,9,44,0.0069266087375581264,0,1,3,6,3,4,2,0,1,0,1,1
2,9,46,0.04510650411248207,0,1,3,6,3,6,2,0,1,0,1,1
2,9,47,0.012950737029314041,0,2,3,7,3,0,2,0,1,0,1,4
2,13,2,4.461012576939538e-05,0,0,3,3,1,2,3,1,1,1,1,1
2,13,3,0.0016824966296553612,0,0,3,3,1,3,3,1,1,1,1,1
2,13,4,0.00024665778619237244,0,0,3,3,1,4,3,1,1,1,1,1
2,13,10,0.0032802086789160967,0,0,3,3,1,4,3,2,1,1,1,1
2,13,11,0.0023817948531359434,0,0,3,3,1,5,3,2,1,1,1,1
2,13,12,0.001018046634271741,0,0,3,3,1,6,3,2,1,1,1,1
2,13,15,0.009676721878349781,0,0,3,3,1,3,3,3,1,1,1,1
2,13,16,0.007384700700640678,0,0,3,3,1,4,3,3,1,1,1,1
2,13,18,0.0025994142051786184,0,0,3,3,1,6,3,3,1,1,1,1
2,13,20,0.00014255593123380095,0,0,3,3,1,2,3,4,1,1,1,1
2,13,24,0.002760648261755705,0,0,3,3,1,6,3,4,1,1,1,1
2,13,25,0.005524870939552784,0,0,3,3,1,1,3,5,1,1,1,1
2,13,26,0.000400580553105101,0,0,3,3,1,2,3,5,1,1,1,1
2,13,28,0.0019038030877709389,0,0,3,3,1,4,3,5,1,1,1,1
2,13,29,0.008781981654465199,0,0,3,3,1,5,3,5,1,1,1,1
2,13,30,0.00594632001593709,0,0,3,3,1,6,3,5,1,1,1,1
2,13,32,0.00031467893859371543,0,0,3,4,1,2,3,2,1,1,1,1
2,13,37,2.1508918507606722e-05,0,0,3,5,1,2,3,2,1,2,1,2
2,13,39,7.877814641688019e-05,0,0,3,5,1,4,3,4,1,2,1,2
2,13,40,0.0004229297919664532,0,0,3,5,1,5,3,5,1,2,1,2
2,13,43,0.03943920508027077,0,1,3,6,1,3,3,0,1,0,1,1
2,13,44,0.038689423352479935,0,1,3,6,1,4,3,0,1,0,1,1
2,13,46,0.0158076211810112,0,1,3,6,1,6,3,0,1,0,1,1
2,13,47,0.851449728012085,0,2,3,7,1,0,3,0,1,0,1,4
2,14,2,0.04990531876683235,0,0,3,3,2,2,3,1,1,1,1,1
2,14,3,0.011438049376010895,0,0,3,3,2,3,3,1,1,1,1,1
2,14,4,0.002121013356372714,0,0,3,3,2,4,3,1,1,1,1,1
2,14,10,0.009168925695121288,0,0,3,3,2,4,3,2,1,1,1,1
2,14,11,0.026990709826350212,0,0,3,3,2,5,3,2,1,1,1,1
2,14,12,0.04071969911456108,0,0,3,3,2,6,3,2,1,1,1,1
2,14,15,0.002667793305590749,0,0,3,3,2,3,3,3,1,1,1,1
2,14,16,0.0025438868906348944,0,0,3,3,2,4,3,3,1,1,1,1
2,14,18,0.006827645469456911,0,0,3,3,2,6,3,3,1,1,1,1
2,14,20,0.010620782151818275,0,0,3,3,2,2,3,4,1,1,1,1
2,14,24,0.02314242534339428,0,0,3,3,2,6,3,4,1,1,1,1
2,14,25,0.012397391721606255,0,0,3,3,2,1,3,5,1,1,1,1
2,14,26,0.003149669151753187,0,0,3,3,2,2,3,5,1,1,1,1
2,14,28,0.003850952722132206,0,0,3,3,2,4,3,5,1,1,1,1
2,14,29,0.001985472859814763,0,0,3,3,2,5,3,5,1,1,1,1
2,14,30,0.003711237106472254,0,0,3,3,2,6,3,5,1,1,1,1
2,14,32,0.37398749589920044,0,0,3,4,2,2,3,2,1,1,1,1
2,14,37,0.1597437709569931,0,0,3,5,2,2,3,2,1,2,1,2
2,14,39,0.1625308394432068,0,0,3,5,2,4,3,4,1,2,1,2
2,14,40,0.08986479789018631,0,0,3,5,2,5,3,5,1,2,1,2
2,14,43,0.00010754184040706605,0,1,3,6,2,3,3,0,1,0,1,1
2,14,44,0.00026547195739112794,0,1,3,6,2,4,3,0,1,0,1,1
2,14,46,0.0010251684579998255,0,1,3,6,2,6,3,0,1,0,1,1
2,14,47,0.0012338673695921898,0,2,3,7,2,0,3,0,1,0,1,4
2,17,2,0.00862888339906931,0,0,3,3,5,2,3,1,1,1,1,1
2,17,3,0.011939683929085732,0,0,3,3,5,3,3,1,1,1,1,1
2,17,4,0.00210384139791131,0,0,3,3,5,4,3,1,1,1,1,1
2,17,10,0.06698459386825562,0,0,3,3,5,4,3,2,1,1,1,1
2,17,11,0.1038106307387352,0,0,3,3,5,5,3,2,1,1,1,1
2,17,12,0.050667744129896164,0,0,3,3,5,6,3,2,1,1,1,1
2,17,15,0.01433479879051447,0,0,3,3,5,3,3,3,1,1,1,1
2,17,16,0.010232090018689632,0,0,3,3,5,4,3,3,1,1,1,1
2,17,18,0.013645712286233902,0,0,3,3,5,6,3,3,1,1,1,1
2,17,20,0.010770952329039574,0,0,3,3,5,2,3,4,1,1,1,1
2,17,24,0.028853099793195724,0,0,3,3,5,6,3,4,1,1,1,1
2,17,25,0.019579734653234482,0,0,3,3,5,1,3,5,1,1,1,1
2,17,26,0.0028950010892003775,0,0,3,3,5,2,3,5,1,1,1,1
2,17,28,0.011569022201001644,0,0,3,3,5,4,3,5,1,1,1,1
2,17,29,0.014300795271992683,0,0,3,3,5,5,3,5,1,1,1,1
2,17,30,0.007445935159921646,0,0,3,3,5,6,3,5,1,1,1,1
2,17,32,0.24333150684833527,0,0,3,4,5,2,3,2,1,1,1,1
2,17,37,0.15135762095451355,0,0,3,5,5,2,3,2,1,2,1,2
2,17,39,0.06082646921277046,0,0,3,5,5,4,3,4,1,2,1,2
2,17,40,0.15184399485588074,0,0,3,5,5,5,3,5,1,2,1,2
2,17,43,0.0008774192538112402,0,1,3,6,5,3,3,0,1,0,1,1
2,17,44,0.0011580607388168573,0,1,3,6,5,4,3,0,1,0,1,1
2,17,46,0.005151755176484585,0,1,3,6,5,6,3,0,1,0,1,1
2,17,47,0.007691003382205963,0,2,3,7,5,0,3,0,1,0,1,4
2,19,2,0.001045955577865243,0,0,3,3,1,2,4,1,1,1,1,1
2,19,3,0.012539543211460114,0,0,3,3,1,3,4,1,1,1,1,1
2,19,4,0.0036947608459740877,0,0,3,3,1,4,4,1,1,1,1,1
2,19,10,0.05507628247141838,0,0,3,3,1,4,4,2,1,1,1,1
2,19,11,0.014774151146411896,0,0,3,3,1,5,4,2,1,1,1,1
2,19,12,0.01770653761923313,0,0,3,3,1,6,4,2,1,1,1,1
2,19,15,0.0507383719086647,0,0,3,3,1,3,4,3,1,1,1,1
2,19,16,0.16436004638671875,0,0,3,3,1,4,4,3,1,1,1,1
2,19,18,0.08292479068040848,0,0,3,3,1,6,4,3,1,1,1,1
2,19,20,0.003089244943112135,0,0,3,3,1,2,4,4,1,1,1,1
2,19,24,0.16590291261672974,0,0,3,3,1,6,4,4,1,1,1,1
2,19,25,0.021045157685875893,0,0,3,3,1,1,4,5,1,1,1,1
2,19,26,0.0033206127118319273,0,0,3,3,1,2,4,5,1,1,1,1
2,19,28,0.022633478045463562,0,0,3,3,1,4,4,5,1,1,1,1
2,19,29,0.01760125905275345,0,0,3,3,1,5,4,5,1,1,1,1
2,19,30,0.060338884592056274,0,0,3,3,1,6,4,5,1,1,1,1
2,19,32,0.013042767532169819,0,0,3,4,1,2,4,2,1,1,1,1
2,19,37,0.000192256600712426,0,0,3,5,1,2,4,2,1,2,1,2
2,19,39,0.005535233300179243,0,0,3,5,1,4,4,4,1,2,1,2
2,19,40,0.001042587566189468,0,0,3,5,1,5,4,5,1,2,1,2
2,19,43,0.009728091768920422,0,1,3,6,1,3,4,0,1,0,1,1
2,19,44,0.0544770210981369,0,1,3,6,1,4,4,0,1,0,1,1
2,19,46,0.024023637175559998,0,1,3,6,1,6,4,0,1,0,1,1
2,19,47,0.19516640901565552,0,2,3,7,1,0,4,0,1,0,1,4
2,21,2,0.03100101836025715,0,0,3,3,3,2,4,1,1,1,1,1
2,21,3,0.011866300366818905,0,0,3,3,3,3,4,1,1,1,1,1
2,21,4,0.007334350608289242,0,0,3,3,3,4,4,1,1,1,1,1
2,21,10,0.09210585057735443,0,0,3,3,3,4,4,2,1,1,1,1
2,21,11,0.06412768363952637,0,0,3,3,3,5,4,2,1,1,1,1
2,21,12,0.05652323737740517,0,0,3,3,3,6,4,2,1,1,1,1
2,21,15,0.01095740869641304,0,0,3,3,3,3,4,3,1,1,1,1
2,21,16,0.10487621277570724,0,0,3,3,3,4,4,3,1,1,1,1
2,21,18,0.07814805954694748,0,0,3,3,3,6,4,3,1,1,1,1
2,21,20,0.013105547986924648,0,0,3,3,3,2,4,4,1,1,1,1
2,21,24,0.2814543843269348,0,0,3,3,3,6,4,4,1,1,1,1
2,21,25,0.01486101932823658,0,0,3,3,3,1,4,5,1,1,1,1
2,21,26,0.0034705447033047676,0,0,3,3,3,2,4,5,1,1,1,1
2,21,28,0.016012292355298996,0,0,3,3,3,4,4,5,1,1,1,1
2,21,29,0.010407321155071259,0,0,3,3,3,5,4,5,1,1,1,1
2,21,30,0.02566620521247387,0,0,3,3,3,6,4,5,1,1,1,1
2,21,32,0.10599252581596375,0,0,3,4,3,2,4,2,1,1,1,1
2,21,37,0.00372440367937088,0,0,3,5,3,2,4,2,1,2,1,2
2,21,39,0.05112411826848984,0,0,3,5,3,4,4,4,1,2,1,2
2,21,40,0.0018659754423424602,0,0,3,5,3,5,4,5,1,2,1,2
2,21,43,0.00028048589592799544,0,1,3,6,3,3,4,0,1,0,1,1
2,21,44,0.0014092277269810438,0,1,3,6,3,4,4,0,1,0,1,1
2,21,46,0.0043296245858073235,0,1,3,6,3,6,4,0,1,0,1,1
2,21,47,0.009356283582746983,0,2,3,7,3,0,4,0,1,0,1,4
2,22,2,0.059005867689847946,0,0,3,3,4,2,4,1,1,1,1,1
2,22,3,0.016702258959412575,0,0,3,3,4,3,4,1,1,1,1,1
2,22,4,0.0016403078334406018,0,0,3,3,4,4,4,1,1,1,1,1
2,22,10,0.007347523234784603,0,0,3,3,4,4,4,2,1,1,1,1
2,22,11,0.017838696017861366,0,0,3,3,4,5,4,2,1,1,1,1
2,22,12,0.0371822752058506,0,0,3,3,4,6,4,2,1,1,1,1
2,22,15,0.006314942147582769,0,0,3,3,4,3,4,3,1,1,1,1
2,22,16,0.01478079054504633,0,0,3,3,4,4,4,3,1,1,1,1
2,22,18,0.029512090608477592,0,0,3,3,4,6,4,3,1,1,1,1
2,22,20,0.004220949485898018,0,0,3,3,4,2,4,4,1,1,1,1
2,22,24,0.07337190210819244,0,0,3,3,4,6,4,4,1,1,1,1
2,22,25,0.004944797605276108,0,0,3,3,4,1,4,5,1,1,1,1
2,22,26,0.001958476146683097,0,0,3,3,4,2,4,5,1,1,1,1
2,22,28,0.0038779196329414845,0,0,3,3,4,4,4,5,1,1,1,1
2,22,29,0.0017149768536910415,0,0,3,3,4,5,4,5,1,1,1,1
2,22,30,0.007494486402720213,0,0,3,3,4,6,4,5,1,1,1,1
2,22,32,0.07300009578466415,0,0,3,4,4,2,4,2,1,1,1,1
2,22,37,0.026572400704026222,0,0,3,5,4,2,4,2,1,2,1,2
2,22,39,0.5972028970718384,0,0,3,5,4,4,4,4,1,2,1,2
2,22,40,0.01072930172085762,0,0,3,5,4,5,4,5,1,2,1,2
2,22,43,0.0003023424942512065,0,1,3,6,4,3,4,0,1,0,1,1
2,22,44,0.0003708814620040357,0,1,3,6,4,4,4,0,1,0,1,1
2,22,46,0.0011303408537060022,0,1,3,6,4,6,4,0,1,0,1,1
2,22,47,0.002783284056931734,0,2,3,7,4,0,4,0,1,0,1,4
2,23,2,0.08794095367193222,0,0,3,3,5,2,4,1,1,1,1,1
2,23,3,0.023671172559261322,0,0,3,3,5,3,4,1,1,1,1,1
2,23,4,0.021746855229139328,0,0,3,3,5,4,4,1,1,1,1,1
2,23,10,0.0739041119813919,0,0,3,3,5,4,4,2,1,1,1,1
2,23,11,0.08330891281366348,0,0,3,3,5,5,4,2,1,1,1,1
2,23,12,0.03989481180906296,0,0,3,3,5,6,4,2,1,1,1,1
2,23,15,0.019808614626526833,0,0,3,3,5,3,4,3,1,1,1,1
2,23,16,0.15024960041046143,0,0,3,3,5,4,4,3,1,1,1,1
2,23,18,0.08583830296993256,0,0,3,3,5,6,4,3,1,1,1,1
2,23,20,0.016820449382066727,0,0,3,3,5,2,4,4,1,1,1,1
2,23,24,0.14163710176944733,0,0,3,3,5,6,4,4,1,1,1,1
2,23,25,0.018690316006541252,0,0,3,3,5,1,4,5,1,1,1,1
2,23,26,0.007585232611745596,0,0,3,3,5,2,4,5,1,1,1,1
2,23,28,0.020089829340577126,0,0,3,3,5,4,4,5,1,1,1,1
2,23,29,0.01983117312192917,0,0,3,3,5,5,4,5,1,1,1,1
2,23,30,0.028669243678450584,0,0,3,3,5,6,4,5,1,1,1,1
2,23,32,0.03357342258095741,0,0,3,4,5,2,4,2,1,1,1,1
2,23,37,0.006318867672234774,0,0,3,5,5,2,4,2,1,2,1,2
2,23,39,0.053939446806907654,0,0,3,5,5,4,4,4,1,2,1,2
2,23,40,0.0022062386851757765,0,0,3,5,5,5,4,5,1,2,1,2
2,23,43,0.002393733710050583,0,1,3,6,5,3,4,0,1,0,1,1
2,23,44,0.003832438727840781,0,1,3,6,5,4,4,0,1,0,1,1
2,23,46,0.007873757742345333,0,1,3,6,5,6,4,0,1,0,1,1
2,23,47,0.05017543211579323,0,2,3,7,5,0,4,0,1,0,1,4
2,27,2,0.016982022672891617,0,0,3,3,3,2,5,1,1,1,1,1
2,27,3,0.03730935603380203,0,0,3,3,3,3,5,1,1,1,1,1
2,27,4,0.005279953591525555,0,0,3,3,3,4,5,1,1,1,1,1
2,27,10,0.06806641817092896,0,0,3,3,3,4,5,2,1,1,1,1
2,27,11,0.03760457783937454,0,0,3,3,3,5,5,2,1,1,1,1
2,27,12,0.09488236159086227,0,0,3,3,3,6,5,2,1,1,1,1
2,27,15,0.025078777223825455,0,0,3,3,3,3,5,3,1,1,1,1
2,27,16,0.05605851858854294,0,0,3,3,3,4,5,3,1,1,1,1
2,27,18,0.045192085206508636,0,0,3,3,3,6,5,3,1,1,1,1
2,27,20,0.011632591485977173,0,0,3,3,3,2,5,4,1,1,1,1
2,27,24,0.11895804852247238,0,0,3,3,3,6,5,4,1,1,1,1
2,27,25,0.02502908743917942,0,0,3,3,3,1,5,5,1,1,1,1
2,27,26,0.010404864326119423,0,0,3,3,3,2,5,5,1,1,1,1
2,27,28,0.02996009960770607,0,0,3,3,3,4,5,5,1,1,1,1
2,27,29,0.0265689454972744,0,0,3,3,3,5,5,5,1,1,1,1
2,27,30,0.033396802842617035,0,0,3,3,3,6,5,5,1,1,1,1
2,27,32,0.0944485291838646,0,0,3,4,3,2,5,2,1,1,1,1
2,27,37,0.01553278136998415,0,0,3,5,3,2,5,2,1,2,1,2
2,27,39,0.15402859449386597,0,0,3,5,3,4,5,4,1,2,1,2
2,27,40,0.028954898938536644,0,0,3,5,3,5,5,5,1,2,1,2
2,27,43,0.009387288242578506,0,1,3,6,3,3,5,0,1,0,1,1
2,27,44,0.011756975203752518,0,1,3,6,3,4,5,0,1,0,1,1
2,27,46,0.019658228382468224,0,1,3,6,3,6,5,0,1,0,1,1
2,27,47,0.023828187957406044,0,2,3,7,3,0,5,0,1,0,1,4
2,31,2,0.0010690867202356458,0,0,4,3,1,2,1,1,1,1,1,1
2,31,3,0.04872627183794975,0,0,4,3,1,3,1,1,1,1,1,1
2,31,4,0.01614963635802269,0,0,4,3,1,4,1,1,1,1,1,1
2,31,10,0.00809342972934246,0,0,4,3,1,4,1,2,1,1,1,1
2,31,11,0.0016589154256507754,0,0,4,3,1,5,1,2,1,1,1,1
2,31,12,0.004953419324010611,0,0,4,3,1,6,1,2,1,1,1,1
2,31,15,0.03803989291191101,0,0,4,3,1,3,1,3,1,1,1,1
2,31,16,0.08847935497760773,0,0,4,3,1,4,1,3,1,1,1,1
2,31,18,0.026140129193663597,0,0,4,3,1,6,1,3,1,1,1,1
2,31,20,0.0029717839788645506,0,0,4,3,1,2,1,4,1,1,1,1
2,31,24,0.01653800904750824,0,0,4,3,1,6,1,4,1,1,1,1
2,31,25,0.006421984173357487,0,0,4,3,1,1,1,5,1,1,1,1
2,31,26,0.024162910878658295,0,0,4,3,1,2,1,5,1,1,1,1
2,31,28,0.015314243733882904,0,0,4,3,1,4,1,5,1,1,1,1
2,31,29,0.01917884312570095,0,0,4,3,1,5,1,5,1,1,1,1
2,31,30,0.075013667345047,0,0,4,3,1,6,1,5,1,1,1,1
2,31,32,0.0028010995592921972,0,0,4,4,1,2,1,2,1,1,1,1
2,31,37,6.864735769340768e-05,0,0,4,5,1,2,1,2,1,2,1,2
2,31,39,0.003545754821971059,0,0,4,5,1,4,1,4,1,2,1,2
2,31,40,0.0005955615197308362,0,0,4,5,1,5,1,5,1,2,1,2
2,31,43,0.21402403712272644,0,1,4,6,1,3,1,0,1,0,1,1
2,31,44,0.311073362827301,0,1,4,6,1,4,1,0,1,0,1,1
2,31,46,0.024399569258093834,0,1,4,6,1,6,1,0,1,0,1,1
2,31,47,0.05058044567704201,0,2,4,7,1,0,1,0,1,0,1,4
2,33,2,0.001450353767722845,0,0,4,3,3,2,3,1,1,1,1,1
2,33,3,0.004509331658482552,0,0,4,3,3,3,3,1,1,1,1,1
2,33,4,0.0006972484407015145,0,0,4,3,3,4,3,1,1,1,1,1
2,33,10,0.009161274880170822,0,0,4,3,3,4,3,2,1,1,1,1
2,33,11,0.01186662819236517,0,0,4,3,3,5,3,2,1,1,1,1
2,33,12,0.0008664060151204467,0,0,4,3,3,6,3,2,1,1,1,1
2,33,15,0.010828100144863129,0,0,4,3,3,3,3,3,1,1,1,1
2,33,16,0.019871864467859268,0,0,4,3,3,4,3,3,1,1,1,1
2,33,18,0.006190922111272812,0,0,4,3,3,6,3,3,1,1,1,1
2,33,20,0.00021176369045861065,0,0,4,3,3,2,3,4,1,1,1,1
2,33,24,0.002904806286096573,0,0,4,3,3,6,3,4,1,1,1,1
2,33,25,0.0037024356424808502,0,0,4,3,3,1,3,5,1,1,1,1
2,33,26,0.0002838743384927511,0,0,4,3,3,2,3,5,1,1,1,1
2,33,28,0.0026166385505348444,0,0,4,3,3,4,3,5,1,1,1,1
2,33,29,0.01983891986310482,0,0,4,3,3,5,3,5,1,1,1,1
2,33,30,0.0038815694861114025,0,0,4,3,3,6,3,5,1,1,1,1
2,33,32,0.0005272463313303888,0,0,4,4,3,2,3,2,1,1,1,1
2,33,37,0.00012918049469590187,0,0,4,5,3,2,3,2,1,2,1,2
2,33,39,0.000845544331241399,0,0,4,5,3,4,3,4,1,2,1,2
2,33,40,0.00034515419974923134,0,0,4,5,3,5,3,5,1,2,1,2
2,33,43,0.00715401628986001,0,1,4,6,3,3,3,0,1,0,1,1
2,33,44,0.003770097391679883,0,1,4,6,3,4,3,0,1,0,1,1
2,33,46,0.0021339557133615017,0,1,4,6,3,6,3,0,1,0,1,1
2,33,47,0.8862127661705017,0,2,4,7,3,0,3,0,1,0,1,4
2,34,2,0.10873541980981827,0,0,4,3,4,2,4,1,1,1,1,1
2,34,3,0.02403378114104271,0,0,4,3,4,3,4,1,1,1,1,1
2,34,4,0.013772555626928806,0,0,4,3,4,4,4,1,1,1,1,1
2,34,10,0.09754685312509537,0,0,4,3,4,4,4,2,1,1,1,1
2,34,11,0.14541473984718323,0,0,4,3,4,5,4,2,1,1,1,1
2,34,12,0.018350224941968918,0,0,4,3,4,6,4,2,1,1,1,1
2,34,15,0.016514889895915985,0,0,4,3,4,3,4,3,1,1,1,1
2,34,16,0.07764483243227005,0,0,4,3,4,4,4,3,1,1,1,1
2,34,18,0.0813916027545929,0,0,4,3,4,6,4,3,1,1,1,1
2,34,20,0.023220820352435112,0,0,4,3,4,2,4,4,1,1,1,1
2,34,24,0.0705040842294693,0,0,4,3,4,6,4,4,1,1,1,1
2,34,25,0.005852074362337589,0,0,4,3,4,1,4,5,1,1,1,1
2,34,26,0.002947162836790085,0,0,4,3,4,2,4,5,1,1,1,1
2,34,28,0.008828244172036648,0,0,4,3,4,4,4,5,1,1,1,1
2,34,29,0.02312629297375679,0,0,4,3,4,5,4,5,1,1,1,1
2,34,30,0.008609103970229626,0,0,4,3,4,6,4,5,1,1,1,1
2,34,32,0.11029674857854843,0,0,4,4,4,2,4,2,1,1,1,1
2,34,37,0.020188238471746445,0,0,4,5,4,2,4,2,1,2,1,2
2,34,39,0.1310644894838333,0,0,4,5,4,4,4,4,1,2,1,2
2,34,40,0.004850001540035009,0,0,4,5,4,5,4,5,1,2,1,2
2,34,43,0.0002060109400190413,0,1,4,6,4,3,4,0,1,0,1,1
2,34,44,0.0003752419142983854,0,1,4,6,4,4,4,0,1,0,1,1
2,34,46,0.0006178037147037685,0,1,4,6,4,6,4,0,1,0,1,1
2,34,47,0.0059089441783726215,0,2,4,7,4,0,4,0,1,0,1,4
2,35,2,0.011528986506164074,0,0,4,3,5,2,5,1,1,1,1,1
2,35,3,0.09625694155693054,0,0,4,3,5,3,5,1,1,1,1,1
2,35,4,0.009030798450112343,0,0,4,3,5,4,5,1,1,1,1,1
2,35,10,0.040205296128988266,0,0,4,3,5,4,5,2,1,1,1,1
2,35,11,0.014730039052665234,0,0,4,3,5,5,5,2,1,1,1,1
2,35,12,0.02253950573503971,0,0,4,3,5,6,5,2,1,1,1,1
2,35,15,0.04849832132458687,0,0,4,3,5,3,5,3,1,1,1,1
2,35,16,0.08869410306215286,0,0,4,3,5,4,5,3,1,1,1,1
2,35,18,0.029295049607753754,0,0,4,3,5,6,5,3,1,1,1,1
2,35,20,0.005353076849132776,0,0,4,3,5,2,5,4,1,1,1,1
2,35,24,0.01990286260843277,0,0,4,3,5,6,5,4,1,1,1,1
2,35,25,0.010396040044724941,0,0,4,3,5,1,5,5,1,1,1,1
2,35,26,0.021798642352223396,0,0,4,3,5,2,5,5,1,1,1,1
2,35,28,0.03332286328077316,0,0,4,3,5,4,5,5,1,1,1,1
2,35,29,0.048252180218696594,0,0,4,3,5,5,5,5,1,1,1,1
2,35,30,0.03426900506019592,0,0,4,3,5,6,5,5,1,1,1,1
2,35,32,0.01035234797745943,0,0,4,4,5,2,5,2,1,1,1,1
2,35,37,0.0052031176164746284,0,0,4,5,5,2,5,2,1,2,1,2
2,35,39,0.1203799918293953,0,0,4,5,5,4,5,4,1,2,1,2
2,35,40,0.012897073291242123,0,0,4,5,5,5,5,5,1,2,1,2
2,35,43,0.17323072254657745,0,1,4,6,5,3,5,0,1,0,1,1
2,35,44,0.04806387051939964,0,1,4,6,5,4,5,0,1,0,1,1
2,35,46,0.019415639340877533,0,1,4,6,5,6,5,0,1,0,1,1
2,35,47,0.07638359814882278,0,2,4,7,5,0,5,0,1,0,1,4
2,36,2,9.31996910367161e-05,0,0,5,3,1,2,1,1,2,1,2,1
2,36,3,0.010652542114257812,0,0,5,3,1,3,1,1,2,1,2,1
2,36,4,0.0037061371840536594,0,0,5,3,1,4,1,1,2,1,2,1
2,36,10,0.0009044590988196433,0,0,5,3,1,4,1,2,2,1,2,1
2,36,11,5.6946530094137415e-05,0,0,5,3,1,5,1,2,2,1,2,1
2,36,12,0.001978693762794137,0,0,5,3,1,6,1,2,2,1,2,1
2,36,15,0.03170586749911308,0,0,5,3,1,3,1,3,2,1,2,1
2,36,16,0.05575195699930191,0,0,5,3,1,4,1,3,2,1,2,1
2,36,18,0.02560332603752613,0,0,5,3,1,6,1,3,2,1,2,1
2,36,20,0.00042135731200687587,0,0,5,3,1,2,1,4,2,1,2,1
2,36,24,0.004775548353791237,0,0,5,3,1,6,1,4,2,1,2,1
2,36,25,0.002118465956300497,0,0,5,3,1,1,1,5,2,1,2,1
2,36,26,0.0046144393272697926,0,0,5,3,1,2,1,5,2,1,2,1
2,36,28,0.010063082911074162,0,0,5,3,1,4,1,5,2,1,2,1
2,36,29,0.0014049508608877659,0,0,5,3,1,5,1,5,2,1,2,1
2,36,30,0.012397431768476963,0,0,5,3,1,6,1,5,2,1,2,1
2,36,32,4.5745015086140484e-05,0,0,5,4,1,2,1,2,2,1,2,1
2,36,37,7.68374593462795e-05,0,0,5,5,1,2,1,2,2,2,2,2
2,36,39,0.015058516524732113,0,0,5,5,1,4,1,4,2,2,2,2
2,36,40,0.001044604112394154,0,0,5,5,1,5,1,5,2,2,2,2
2,36,43,0.34010908007621765,0,1,5,6,1,3,1,0,2,0,2,1
2,36,44,0.44633999466896057,0,1,5,6,1,4,1,0,2,0,2,1
2,36,46,0.01789536513388157,0,1,5,6,1,6,1,0,2,0,2,1
2,36,47,0.013181441463530064,0,2,5,7,1,0,1,0,2,0,2,4
2,38,2,0.0037680775858461857,0,0,5,3,3,2,3,1,2,1,2,1
2,38,3,0.025917349383234978,0,0,5,3,3,3,3,1,2,1,2,1
2,38,4,0.005446804221719503,0,0,5,3,3,4,3,1,2,1,2,1
2,38,10,0.011973189190030098,0,0,5,3,3,4,3,2,2,1,2,1
2,38,11,0.0015411715721711516,0,0,5,3,3,5,3,2,2,1,2,1
2,38,12,0.003221274120733142,0,0,5,3,3,6,3,2,2,1,2,1
2,38,15,0.05075343698263168,0,0,5,3,3,3,3,3,2,1,2,1
2,38,16,0.18931351602077484,0,0,5,3,3,4,3,3,2,1,2,1
2,38,18,0.07268905639648438,0,0,5,3,3,6,3,3,2,1,2,1
2,38,20,0.0014835924375802279,0,0,5,3,3,2,3,4,2,1,2,1
2,38,24,0.006388276349753141,0,0,5,3,3,6,3,4,2,1,2,1
2,38,25,0.002005147049203515,0,0,5,3,3,1,3,5,2,1,2,1
2,38,26,0.0017376634059473872,0,0,5,3,3,2,3,5,2,1,2,1
2,38,28,0.013052497059106827,0,0,5,3,3,4,3,5,2,1,2,1
2,38,29,0.0036339308135211468,0,0,5,3,3,5,3,5,2,1,2,1
2,38,30,0.0026491722092032433,0,0,5,3,3,6,3,5,2,1,2,1
2,38,32,0.0003080655005760491,0,0,5,4,3,2,3,2,2,1,2,1
2,38,37,0.010127214714884758,0,0,5,5,3,2,3,2,2,2,2,2
2,38,39,0.5029622316360474,0,0,5,5,3,4,3,4,2,2,2,2
2,38,40,0.00787739735096693,0,0,5,5,3,5,3,5,2,2,2,2
2,38,43,0.022241683676838875,0,1,5,6,3,3,3,0,2,0,2,1
2,38,44,0.021938787773251534,0,1,5,6,3,4,3,0,2,0,2,1
2,38,46,0.002726517152041197,0,1,5,6,3,6,3,0,2,0,2,1
2,38,47,0.03624415770173073,0,2,5,7,3,0,3,0,2,0,2,4
2,41,2,0.00020108337048441172,1,0,6,3,1,2,0,1,0,1,1,1
2,41,3,0.008949249051511288,1,0,6,3,1,3,0,1,0,1,1,1
2,41,4,7.415396248688921e-05,1,0,6,3,1,4,0,1,0,1,1,1
2,41,10,0.0021683252416551113,1,0,6,3,1,4,0,2,0,1,1,1
2,41,11,0.00088918162509799,1,0,6,3,1,5,0,2,0,1,1,1
2,41,12,0.0018643744988366961,1,0,6,3,1,6,0,2,0,1,1,1
2,41,15,0.03195339813828468,1,0,6,3,1,3,0,3,0,1,1,1
2,41,16,0.016591452062129974,1,0,6,3,1,4,0,3,0,1,1,1
2,41,18,0.00674815196543932,1,0,6,3,1,6,0,3,0,1,1,1
2,41,20,0.00010759703582152724,1,0,6,3,1,2,0,4,0,1,1,1
2,41,24,0.006216063629835844,1,0,6,3,1,6,0,4,0,1,1,1
2,41,25,0.0022570414002984762,1,0,6,3,1,1,0,5,0,1,1,1
2,41,26,0.0005968625191599131,1,0,6,3,1,2,0,5,0,1,1,1
2,41,28,0.002834013430401683,1,0,6,3,1,4,0,5,0,1,1,1
2,41,29,0.002508845180273056,1,0,6,3,1,5,0,5,0,1,1,1
2,41,30,0.006027244962751865,1,0,6,3,1,6,0,5,0,1,1,1
2,41,32,0.0006295095081441104,1,0,6,4,1,2,0,2,0,1,1,1
2,41,37,0.00041228425106965005,1,0,6,5,1,2,0,2,0,2,1,2
2,41,39,0.025195792317390442,1,0,6,5,1,4,0,4,0,2,1,2
2,41,40,0.0029717774596065283,1,0,6,5,1,5,0,5,0,2,1,2
2,41,43,0.13166828453540802,1,1,6,6,1,3,0,0,0,0,1,1
2,41,44,0.07678479701280594,1,1,6,6,1,4,0,0,0,0,1,1
2,41,46,0.023678861558437347,1,1,6,6,1,6,0,0,0,0,1,1
2,41,47,0.6486712694168091,1,2,6,7,1,0,0,0,0,0,1,4
2,42,2,0.03559277206659317,1,0,6,3,2,2,0,1,0,1,1,1
2,42,3,0.02532036229968071,1,0,6,3,2,3,0,1,0,1,1,1
2,42,4,0.002756843576207757,1,0,6,3,2,4,0,1,0,1,1,1
2,42,10,0.004850090481340885,1,0,6,3,2,4,0,2,0,1,1,1
2,42,11,0.012785529717803001,1,0,6,3,2,5,0,2,0,1,1,1
2,42,12,0.028936514630913734,1,0,6,3,2,6,0,2,0,1,1,1
2,42,15,0.005007919389754534,1,0,6,3,2,3,0,3,0,1,1,1
2,42,16,0.00154874415602535,1,0,6,3,2,4,0,3,0,1,1,1
2,42,18,0.004178457427769899,1,0,6,3,2,6,0,3,0,1,1,1
2,42,20,0.007013991940766573,1,0,6,3,2,2,0,4,0,1,1,1
2,42,24,0.01305708009749651,1,0,6,3,2,6,0,4,0,1,1,1
2,42,25,0.022220171988010406,1,0,6,3,2,1,0,5,0,1,1,1
2,42,26,0.00797751173377037,1,0,6,3,2,2,0,5,0,1,1,1
2,42,28,0.007790747098624706,1,0,6,3,2,4,0,5,0,1,1,1
2,42,29,0.00326443905942142,1,0,6,3,2,5,0,5,0,1,1,1
2,42,30,0.00813277531415224,1,0,6,3,2,6,0,5,0,1,1,1
2,42,32,0.2353699803352356,1,0,6,4,2,2,0,2,0,1,1,1
2,42,37,0.135573148727417,1,0,6,5,2,2,0,2,0,2,1,2
2,42,39,0.20626875758171082,1,0,6,5,2,4,0,4,0,2,1,2
2,42,40,0.22350142896175385,1,0,6,5,2,5,0,5,0,2,1,2
2,42,43,0.001336336019448936,1,1,6,6,2,3,0,0,0,0,1,1
2,42,44,0.0019447646336629987,1,1,6,6,2,4,0,0,0,0,1,1
2,42,46,0.003323364770039916,1,1,6,6,2,6,0,0,0,0,1,1
2,42,47,0.0022480154875665903,1,2,6,7,2,0,0,0,0,0,1,4
2,45,2,0.007237134035676718,1,0,6,3,5,2,0,1,0,1,1,1
2,45,3,0.008594967424869537,1,0,6,3,5,3,0,1,0,1,1,1
2,45,4,0.00033849102328531444,1,0,6,3,5,4,0,1,0,1,1,1
2,45,10,0.002603114116936922,1,0,6,3,5,4,0,2,0,1,1,1
2,45,11,0.0038067481946200132,1,0,6,3,5,5,0,2,0,1,1,1
2,45,12,0.0040534744039177895,1,0,6,3,5,6,0,2,0,1,1,1
2,45,15,0.00859137624502182,1,0,6,3,5,3,0,3,0,1,1,1
2,45,16,0.005299482494592667,1,0,6,3,5,4,0,3,0,1,1,1
2,45,18,0.00955844484269619,1,0,6,3,5,6,0,3,0,1,1,1
2,45,20,0.0007509658462367952,1,0,6,3,5,2,0,4,0,1,1,1
2,45,24,0.003519339021295309,1,0,6,3,5,6,0,4,0,1,1,1
2,45,25,0.0005791192525066435,1,0,6,3,5,1,0,5,0,1,1,1
2,45,26,0.00029311052639968693,1,0,6,3,5,2,0,5,0,1,1,1
2,45,28,0.0011192382080480456,1,0,6,3,5,4,0,5,0,1,1,1
2,45,29,0.0008821615483611822,1,0,6,3,5,5,0,5,0,1,1,1
2,45,30,0.0005755808087997139,1,0,6,3,5,6,0,5,0,1,1,1
2,45,32,0.009018306620419025,1,0,6,4,5,2,0,2,0,1,1,1
2,45,37,0.10078774392604828,1,0,6,5,5,2,0,2,0,2,1,2
2,45,39,0.7880293130874634,1,0,6,5,5,4,0,4,0,2,1,2
2,45,40,0.04124925285577774,1,0,6,5,5,5,0,5,0,2,1,2
2,45,43,0.0006611656281165779,1,1,6,6,5,3,0,0,0,0,1,1
2,45,44,0.0002561172004789114,1,1,6,6,5,4,0,0,0,0,1,1
2,45,46,0.0002614484401419759,1,1,6,6,5,6,0,0,0,0,1,1
2,45,47,0.0019342879531905055,1,2,6,7,5,0,0,0,0,0,1,4
3,2,0,2.5724683494487977e-10,0,0,3,1,2,0,1,0,1,2,1,4
3,2,1,4.0451664972351864e-05,0,0,3,3,2,1,1,1,1,1,1,1
3,2,5,1.5034339639896643e-07,0,0,3,3,2,5,1,1,1,1,1,1
3,2,6,6.419369128707331e-06,0,0,3,3,2,6,1,1,1,1,1,1
3,2,7,0.9991951584815979,0,0,3,3,2,1,1,2,1,1,1,1
3,2,8,2.5674537027953193e-05,0,0,3,3,2,2,1,2,1,1,1,1
3,2,9,9.504911986368825e-07,0,0,3,3,2,3,1,2,1,1,1,1
3,2,13,0.0002150210930267349,0,0,3,3,2,1,1,3,1,1,1,1
3,2,14,2.1578973246505484e-05,0,0,3,3,2,2,1,3,1,1,1,1
3,2,17,4.420388961534627e-07,0,0,3,3,2,5,1,3,1,1,1,1
3,2,19,0.00032437691697850823,0,0,3,3,2,1,1,4,1,1,1,1
3,2,21,1.222716832671722e-06,0,0,3,3,2,3,1,4,1,1,1,1
3,2,22,1.8863188415707555e-06,0,0,3,3,2,4,1,4,1,1,1,1
3,2,23,4.208503980862588e-07,0,0,3,3,2,5,1,4,1,1,1,1
3,2,27,1.904988312162459e-05,0,0,3,3,2,3,1,5,1,1,1,1
3,2,31,6.970967660890892e-05,0,0,3,4,2,1,1,1,1,1,1,1
3,2,33,1.2452447606392525e-07,0,0,3,4,2,3,1,3,1,1,1,1
3,2,34,9.042981218954083e-06,0,0,3,4,2,4,1,4,1,1,1,1
3,2,35,1.8961678733830922e-06,0,0,3,4,2,5,1,5,1,1,1,1
3,2,36,6.533727719215676e-05,0,0,3,5,2,1,1,1,1,2,1,2
3,2,38,2.738343596320192e-07,0,0,3,5,2,3,1,3,1,2,1,2
3,2,41,1.0582251661617192e-06,0,1,3,6,2,1,1,0,1,0,1,1
3,2,42,4.272052489540101e-09,0,1,3,6,2,2,1,0,1,0,1,1
3,2,45,1.7828170051359393e-09,0,1,3,6,2,5,1,0,1,0,1,1
3,3,0,3.730289321879354e-08,0,0,3,1,3,0,1,0,1,2,1,4
3,3,1,6.574401049874723e-05,0,0,3,3,3,1,1,1,1,1,1,1
3,3,5,6.119770660006907e-06,0,0,3,3,3,5,1,1,1,1,1,1
3,3,6,4.2459472751943395e-05,0,0,3,3,3,6,1,1,1,1,1,1
3,3,7,0.9967777132987976,0,0,3,3,3,1,1,2,1,1,1,1
3,3,8,0.0006298188236542046,0,0,3,3,3,2,1,2,1,1,1,1
3,3,9,3.7825536765012657e-06,0,0,3,3,3,3,1,2,1,1,1,1
3,3,13,0.0004118583456147462,0,0,3,3,3,1,1,3,1,1,1,1
3,3,14,0.0001920858194353059,0,0,3,3,3,2,1,3,1,1,1,1
3,3,17,2.2606076527154073e-05,0,0,3,3,3,5,1,3,1,1,1,1
3,3,19,0.0004256859247107059,0,0,3,3,3,1,1,4,1,1,1,1
3,3,21,6.365550689224619e-06,0,0,3,3,3,3,1,4,1,1,1,1
3,3,22,2.184410004701931e-05,0,0,3,3,3,4,1,4,1,1,1,1
3,3,23,1.0139580808754545e-05,0,0,3,3,3,5,1,4,1,1,1,1
3,3,27,0.00036434660432860255,0,0,3,3,3,3,1,5,1,1,1,1
3,3,31,0.00010546290286583826,0,0,3,4,3,1,1,1,1,1,1,1
3,3,33,1.1693532542267349e-06,0,0,3,4,3,3,1,3,1,1,1,1
3,3,34,0.00013161437527742237,0,0,3,4,3,4,1,4,1,1,1,1
3,3,35,0.000742863048799336,0,0,3,4,3,5,1,5,1,1,1,1
3,3,36,2.1980711608193815e-05,0,0,3,5,3,1,1,1,1,2,1,2
3,3,38,3.692453560688591e-07,0,0,3,5,3,3,1,3,1,2,1,2
3,3,41,1.4112683857092634e-05,0,1,3,6,3,1,1,0,1,0,1,1
3,3,42,1.387117663398385e-06,0,1,3,6,3,2,1,0,1,0,1,1
3,3,45,5.720588660551584e-07,0,1,3,6,3,5,1,0,1,0,1,1
3,4,0,1.8595258666209702e-07,0,0,3,1,4,0,1,0,1,2,1,4
3,4,1,0.0008073055068962276,0,0,3,3,4,1,1,1,1,1,1,1
3,4,5,6.313732228591107e-06,0,0,3,3,4,5,1,1,1,1,1,1
3,4,6,0.0004116669297218323,0,0,3,3,4,6,1,1,1,1,1,1
3,4,7,0.9731177091598511,0,0,3,3,4,1,1,2,1,1,1,1
3,4,8,0.00034082820639014244,0,0,3,3,4,2,1,2,1,1,1,1
3,4,9,2.8915446819155477e-05,0,0,3,3,4,3,1,2,1,1,1,1
3,4,13,0.007124622818082571,0,0,3,3,4,1,1,3,1,1,1,1
3,4,14,0.0005700588808394969,0,0,3,3,4,2,1,3,1,1,1,1
3,4,17,2.1891693904763088e-05,0,0,3,3,4,5,1,3,1,1,1,1
3,4,19,0.006296660751104355,0,0,3,3,4,1,1,4,1,1,1,1
3,4,21,3.872257730108686e-05,0,0,3,3,4,3,1,4,1,1,1,1
3,4,22,0.0002013978810282424,0,0,3,3,4,4,1,4,1,1,1,1
3,4,23,1.4240822565625422e-05,0,0,3,3,4,5,1,4,1,1,1,1
3,4,27,8.926655573304743e-05,0,0,3,3,4,3,1,5,1,1,1,1
3,4,31,0.006801969837397337,0,0,3,4,4,1,1,1,1,1,1,1
3,4,33,1.7101534467656165e-05,0,0,3,4,4,3,1,3,1,1,1,1
3,4,34,0.0016732121584936976,0,0,3,4,4,4,1,4,1,1,1,1
3,4,35,1.5189174519036897e-05,0,0,3,4,4,5,1,5,1,1,1,1
3,4,36,0.0021180014591664076,0,0,3,5,4,1,1,1,1,2,1,2
3,4,38,3.234024188714102e-05,0,0,3,5,4,3,1,3,1,2,1,2
3,4,41,0.0002707630628719926,0,1,3,6,4,1,1,0,1,0,1,1
3,4,42,5.282391271066444e-07,0,1,3,6,4,2,1,0,1,0,1,1
3,4,45,5.345492581909639e-07,0,1,3,6,4,5,1,0,1,0,1,1
3,10,0,0.0023705370258539915,0,0,3,1,4,0,2,0,1,2,1,4
3,10,1,0.0007928137783892453,0,0,3,3,4,1,2,1,1,1,1,1
3,10,5,1.5401983546325937e-05,0,0,3,3,4,5,2,1,1,1,1,1
3,10,6,0.000374373747035861,0,0,3,3,4,6,2,1,1,1,1,1
3,10,7,0.5664808750152588,0,0,3,3,4,1,2,2,1,1,1,1
3,10,8,0.000415605230955407,0,0,3,3,4,2,2,2,1,1,1,1
3,10,9,0.00014759898476768285,0,0,3,3,4,3,2,2,1,1,1,1
3,10,13,0.0032828724943101406,0,0,3,3,4,1,2,3,1,1,1,1
3,10,14,0.0019087056862190366,0,0,3,3,4,2,2,3,1,1,1,1
3,10,17,1.7505150026408955e-05,0,0,3,3,4,5,2,3,1,1,1,1
3,10,19,0.0030101193115115166,0,0,3,3,4,1,2,4,1,1,1,1
3,10,21,5.2512601541820914e-05,0,0,3,3,4,3,2,4,1,1,1,1
3,10,22,0.00043963512871414423,0,0,3,3,4,4,2,4,1,1,1,1
3,10,23,3.2297082270815736e-06,0,0,3,3,4,5,2,4,1,1,1,1
3,10,27,0.00038207293255254626,0,0,3,3,4,3,2,5,1,1,1,1
3,10,31,0.03122701868414879,0,0,3,4,4,1,2,1,1,1,1,1
3,10,33,0.000501199800055474,0,0,3,4,4,3,2,3,1,1,1,1
3,10,34,0.005115860141813755,0,0,3,4,4,4,2,4,1,1,1,1
3,10,35,0.0001324198819929734,0,0,3,4,4,5,2,5,1,1,1,1
3,10,36,0.3518828749656677,0,0,3,5,4,1,2,1,1,2,1,2
3,10,38,0.024549219757318497,0,0,3,5,4,3,2,3,1,2,1,2
3,10,41,0.006793221924453974,0,1,3,6,4,1,2,0,1,0,1,1
3,10,42,5.7836710766423494e-05,0,1,3,6,4,2,2,0,1,0,1,1
3,10,45,4.656986129703e-05,0,1,3,6,4,5,2,0,1,0,1,1
3,11,0,0.0008539503905922174,0,0,3,1,5,0,2,0,1,2,1,4
3,11,1,0.0006796097150072455,0,0,3,3,5,1,2,1,1,1,1,1
3,11,5,0.0002817650092765689,0,0,3,3,5,5,2,1,1,1,1,1
3,11,6,0.0009731891914270818,0,0,3,3,5,6,2,1,1,1,1,1
3,11,7,0.9179004430770874,0,0,3,3,5,1,2,2,1,1,1,1
3,11,8,0.0015014623058959842,0,0,3,3,5,2,2,2,1,1,1,1
3,11,9,0.00012430743663571775,0,0,3,3,5,3,2,2,1,1,1,1
3,11,13,0.0016314951935783029,0,0,3,3,5,1,2,3,1,1,1,1
3,11,14,0.0034974694717675447,0,0,3,3,5,2,2,3,1,1,1,1
3,11,17,0.00013049630797468126,0,0,3,3,5,5,2,3,1,1,1,1
3,11,19,0.004256060812622309,0,0,3,3,5,1,2,4,1,1,1,1
3,11,21,0.0004995603230781853,0,0,3,3,5,3,2,4,1,1,1,1
3,11,22,0.0022667469456791878,0,0,3,3,5,4,2,4,1,1,1,1
3,11,23,7.496640319004655e-05,0,0,3,3,5,5,2,4,1,1,1,1
3,11,27,0.006879838649183512,0,0,3,3,5,3,2,5,1,1,1,1
3,11,31,0.008978810161352158,0,0,3,4,5,1,2,1,1,1,1,1
3,11,33,0.0003916204732377082,0,0,3,4,5,3,2,3,1,1,1,1
3,11,34,0.004366251640021801,0,0,3,4,5,4,2,4,1,1,1,1
3,11,35,0.01569746434688568,0,0,3,4,5,5,2,5,1,1,1,1
3,11,36,0.021819686517119408,0,0,3,5,5,1,2,1,1,2,1,2
3,11,38,0.001774303149431944,0,0,3,5,5,3,2,3,1,2,1,2
3,11,41,0.0037447665818035603,0,1,3,6,5,1,2,0,1,0,1,1
3,11,42,0.0012221544748172164,0,1,3,6,5,2,2,0,1,0,1,1
3,11,45,0.0004539791843853891,0,1,3,6,5,5,2,0,1,0,1,1
3,12,0,6.51687296340242e-05,0,0,3,1,6,0,2,0,1,2,1,4
3,12,1,0.0010701508726924658,0,0,3,3,6,1,2,1,1,1,1,1
3,12,5,1.6975758626358584e-05,0,0,3,3,6,5,2,1,1,1,1,1
3,12,6,0.00024508844944648445,0,0,3,3,6,6,2,1,1,1,1,1
3,12,7,0.9266768097877502,0,0,3,3,6,1,2,2,1,1,1,1
3,12,8,0.0012571134138852358,0,0,3,3,6,2,2,2,1,1,1,1
3,12,9,0.0002944694133475423,0,0,3,3,6,3,2,2,1,1,1,1
3,12,13,0.0017263800837099552,0,0,3,3,6,1,2,3,1,1,1,1
3,12,14,0.0007632117485627532,0,0,3,3,6,2,2,3,1,1,1,1
3,12,17,4.1234052332583815e-05,0,0,3,3,6,5,2,3,1,1,1,1
3,12,19,0.0011552245123311877,0,0,3,3,6,1,2,4,1,1,1,1
3,12,21,0.00016311981016770005,0,0,3,3,6,3,2,4,1,1,1,1
3,12,22,0.00045040162513032556,0,0,3,3,6,4,2,4,1,1,1,1
3,12,23,8.242960575444158e-06,0,0,3,3,6,5,2,4,1,1,1,1
3,12,27,0.0015238625928759575,0,0,3,3,6,3,2,5,1,1,1,1
3,12,31,0.006404790561646223,0,0,3,4,6,1,2,1,1,1,1,1
3,12,33,0.0007028844556771219,0,0,3,4,6,3,2,3,1,1,1,1
3,12,34,0.007051895838230848,0,0,3,4,6,4,2,4,1,1,1,1
3,12,35,0.00037391402292996645,0,0,3,4,6,5,2,5,1,1,1,1
3,12,36,0.03939893841743469,0,0,3,5,6,1,2,1,1,2,1,2
3,12,38,0.004576404578983784,0,0,3,5,6,3,2,3,1,2,1,2
3,12,41,0.005755530204623938,0,1,3,6,6,1,2,0,1,0,1,1
3,12,42,0.0001425163500243798,0,1,3,6,6,2,2,0,1,0,1,1
3,12,45,0.0001352969411527738,0,1,3,6,6,5,2,0,1,0,1,1
3,15,0,4.0201243223236816e-07,0,0,3,1,3,0,3,0,1,2,1,4
3,15,1,0.00035567799932323396,0,0,3,3,3,1,3,1,1,1,1,1
3,15,5,4.5678014430450276e-05,0,0,3,3,3,5,3,1,1,1,1,1
3,15,6,0.0006139825563877821,0,0,3,3,3,6,3,1,1,1,1,1
3,15,7,0.9830901622772217,0,0,3,3,3,1,3,2,1,1,1,1
3,15,8,0.0017320323968306184,0,0,3,3,3,2,3,2,1,1,1,1
3,15,9,7.573449238407193e-06,0,0,3,3,3,3,3,2,1,1,1,1
3,15,13,0.0012616735184565187,0,0,3,3,3,1,3,3,1,1,1,1
3,15,14,0.0005479072569869459,0,0,3,3,3,2,3,3,1,1,1,1
3,15,17,0.00012624509690795094,0,0,3,3,3,5,3,3,1,1,1,1
3,15,19,0.00257471133954823,0,0,3,3,3,1,3,4,1,1,1,1
3,15,21,0.00012844127195421606,0,0,3,3,3,3,3,4,1,1,1,1
3,15,22,0.0005871284520253539,0,0,3,3,3,4,3,4,1,1,1,1
3,15,23,0.0004002947243861854,0,0,3,3,3,5,3,4,1,1,1,1
3,15,27,0.00042148135253228247,0,0,3,3,3,3,3,5,1,1,1,1
3,15,31,0.001482835621573031,0,0,3,4,3,1,3,1,1,1,1,1
3,15,33,6.200916232046438e-06,0,0,3,4,3,3,3,3,1,1,1,1
3,15,34,0.003609148319810629,0,0,3,4,3,4,3,4,1,1,1,1
3,15,35,0.0027312252204865217,0,0,3,4,3,5,3,5,1,1,1,1
3,15,36,2.3550688638351858e-05,0,0,3,5,3,1,3,1,1,2,1,2
3,15,38,3.204942231604946e-07,0,0,3,5,3,3,3,3,1,2,1,2
3,15,41,0.00019625059212557971,0,1,3,6,3,1,3,0,1,0,1,1
3,15,42,4.556918429443613e-05,0,1,3,6,3,2,3,0,1,0,1,1
3,15,45,1.13264632091159e-05,0,1,3,6,3,5,3,0,1,0,1,1
3,16,0,0.005895151291042566,0,0,3,1,4,0,3,0,1,2,1,4
3,16,1,0.008190535940229893,0,0,3,3,4,1,3,1,1,1,1,1
3,16,5,0.0020665850024670362,0,0,3,3,4,5,3,1,1,1,1,1
3,16,6,0.031636662781238556,0,0,3,3,4,6,3,1,1,1,1,1
3,16,7,0.2691727578639984,0,0,3,3,4,1,3,2,1,1,1,1
3,16,8,0.003763237502425909,0,0,3,3,4,2,3,2,1,1,1,1
3,16,9,0.0006194732850417495,0,0,3,3,4,3,3,2,1,1,1,1
3,16,13,0.016559209674596786,0,0,3,3,4,1,3,3,1,1,1,1
3,16,14,0.007683344651013613,0,0,3,3,4,2,3,3,1,1,1,1
3,16,17,0.0014771359274163842,0,0,3,3,4,5,3,3,1,1,1,1
3,16,19,0.04295894503593445,0,0,3,3,4,1,3,4,1,1,1,1
3,16,21,0.006232534535229206,0,0,3,3,4,3,3,4,1,1,1,1
3,16,22,0.06810513138771057,0,0,3,3,4,4,3,4,1,1,1,1
3,16,23,0.006044160574674606,0,0,3,3,4,5,3,4,1,1,1,1
3,16,27,0.0021667564287781715,0,0,3,3,4,3,3,5,1,1,1,1
3,16,31,0.13988079130649567,0,0,3,4,4,1,3,1,1,1,1,1
3,16,33,0.0010293012019246817,0,0,3,4,4,3,3,3,1,1,1,1
3,16,34,0.2595254182815552,0,0,3,4,4,4,3,4,1,1,1,1
3,16,35,0.0022796744015067816,0,0,3,4,4,5,3,5,1,1,1,1
3,16,36,0.006443421822041273,0,0,3,5,4,1,3,1,1,2,1,2
3,16,38,0.00029204777092672884,0,0,3,5,4,3,3,3,1,2,1,2
3,16,41,0.10850351303815842,0,1,3,6,4,1,3,0,1,0,1,1
3,16,42,0.00620824471116066,0,1,3,6,4,2,3,0,1,0,1,1
3,16,45,0.0032659568823873997,0,1,3,6,4,5,3,0,1,0,1,1
3,18,0,1.63293250921015e-07,0,0,3,1,6,0,3,0,1,2,1,4
3,18,1,0.0012772373156622052,0,0,3,3,6,1,3,1,1,1,1,1
3,18,5,5.1337065087864175e-05,0,0,3,3,6,5,3,1,1,1,1,1
3,18,6,0.0007871478446759284,0,0,3,3,6,6,3,1,1,1,1,1
3,18,7,0.9662715792655945,0,0,3,3,6,1,3,2,1,1,1,1
3,18,8,0.005241976119577885,0,0,3,3,6,2,3,2,1,1,1,1
3,18,9,0.00022918381728231907,0,0,3,3,6,3,3,2,1,1,1,1
3,18,13,0.00549791194498539,0,0,3,3,6,1,3,3,1,1,1,1
3,18,14,0.0012392591452226043,0,0,3,3,6,2,3,3,1,1,1,1
3,18,17,0.00029127244488336146,0,0,3,3,6,5,3,3,1,1,1,1
3,18,19,0.002254542661830783,0,0,3,3,6,1,3,4,1,1,1,1
3,18,21,0.00026757706655189395,0,0,3,3,6,3,3,4,1,1,1,1
3,18,22,0.000419019052060321,0,0,3,3,6,4,3,4,1,1,1,1
3,18,23,4.432698551681824e-05,0,0,3,3,6,5,3,4,1,1,1,1
3,18,27,0.0009322504047304392,0,0,3,3,6,3,3,5,1,1,1,1
3,18,31,0.004204222932457924,0,0,3,4,6,1,3,1,1,1,1,1
3,18,33,0.00023478393268305808,0,0,3,4,6,3,3,3,1,1,1,1
3,18,34,0.005555681884288788,0,0,3,4,6,4,3,4,1,1,1,1
3,18,35,0.0008914637728594244,0,0,3,4,6,5,3,5,1,1,1,1
3,18,36,0.003048557788133621,0,0,3,5,6,1,3,1,1,2,1,2
3,18,38,0.00037410491495393217,0,0,3,5,6,3,3,3,1,2,1,2
3,18,41,0.0008240064489655197,0,1,3,6,6,1,3,0,1,0,1,1
3,18,42,2.4467155526508577e-05,0,1,3,6,6,2,3,0,1,0,1,1
3,18,45,3.8474616303574294e-05,0,1,3,6,6,5,3,0,1,0,1,1
3,20,0,3.167080139809819e-11,0,0,3,1,2,0,4,0,1,2,1,4
3,20,1,8.741333658690564e-06,0,0,3,3,2,1,4,1,1,1,1,1
3,20,5,3.169961360072193e-07,0,0,3,3,2,5,4,1,1,1,1,1
3,20,6,5.474055797094479e-06,0,0,3,3,2,6,4,1,1,1,1,1
3,20,7,0.9996353387832642,0,0,3,3,2,1,4,2,1,1,1,1
3,20,8,2.5829736841842532e-05,0,0,3,3,2,2,4,2,1,1,1,1
3,20,9,9.978160875334652e-08,0,0,3,3,2,3,4,2,1,1,1,1
3,20,13,6.282576941885054e-05,0,0,3,3,2,1,4,3,1,1,1,1
3,20,14,1.3680430129170418e-05,0,0,3,3,2,2,4,3,1,1,1,1
3,20,17,3.9814236174606776e-07,0,0,3,3,2,5,4,3,1,1,1,1
3,20,19,0.00017937968368642032,0,0,3,3,2,1,4,4,1,1,1,1
3,20,21,1.5554899164271774e-06,0,0,3,3,2,3,4,4,1,1,1,1
3,20,22,4.518235073192045e-06,0,0,3,3,2,4,4,4,1,1,1,1
3,20,23,1.8956898202304728e-06,0,0,3,3,2,5,4,4,1,1,1,1
3,20,27,2.3495324057876132e-05,0,0,3,3,2,3,4,5,1,1,1,1
3,20,31,1.349776084680343e-05,0,0,3,4,2,1,4,1,1,1,1,1
3,20,33,7.482338304498626e-09,0,0,3,4,2,3,4,3,1,1,1,1
3,20,34,7.709987585258204e-06,0,0,3,4,2,4,4,4,1,1,1,1
3,20,35,1.2515890375652816e-05,0,0,3,4,2,5,4,5,1,1,1,1
3,20,36,1.7799402485252358e-06,0,0,3,5,2,1,4,1,1,2,1,2
3,20,38,4.5695145445279195e-09,0,0,3,5,2,3,4,3,1,2,1,2
3,20,41,6.624082971029566e-07,0,1,3,6,2,1,4,0,1,0,1,1
3,20,42,6.403555907752434e-09,0,1,3,6,2,2,4,0,1,0,1,1
3,20,45,3.3275271427157804e-09,0,1,3,6,2,5,4,0,1,0,1,1
3,24,0,1.1697091212292676e-11,0,0,3,1,6,0,4,0,1,2,1,4
3,24,1,4.885589441983029e-05,0,0,3,3,6,1,4,1,1,1,1,1
3,24,5,1.4622485196014168e-06,0,0,3,3,6,5,4,1,1,1,1,1
3,24,6,2.6544559659669176e-05,0,0,3,3,6,6,4,1,1,1,1,1
3,24,7,0.9984825849533081,0,0,3,3,6,1,4,2,1,1,1,1
3,24,8,0.00013561919331550598,0,0,3,3,6,2,4,2,1,1,1,1
3,24,9,1.4392599041457288e-06,0,0,3,3,6,3,4,2,1,1,1,1
3,24,13,0.0005206355708651245,0,0,3,3,6,1,4,3,1,1,1,1
3,24,14,3.528365050442517e-05,0,0,3,3,6,2,4,3,1,1,1,1
3,24,17,4.831393653148552e-06,0,0,3,3,6,5,4,3,1,1,1,1
3,24,19,0.0005796345649287105,0,0,3,3,6,1,4,4,1,1,1,1
3,24,21,4.949458798364503e-06,0,0,3,3,6,3,4,4,1,1,1,1
3,24,22,1.1073869245592505e-05,0,0,3,3,6,4,4,4,1,1,1,1
3,24,23,5.536029675567988e-06,0,0,3,3,6,5,4,4,1,1,1,1
3,24,27,6.051880700397305e-05,0,0,3,3,6,3,4,5,1,1,1,1
3,24,31,3.62903592758812e-05,0,0,3,4,6,1,4,1,1,1,1,1
3,24,33,7.18777215524824e-08,0,0,3,4,6,3,4,3,1,1,1,1
3,24,34,2.950226371467579e-05,0,0,3,4,6,4,4,4,1,1,1,1
3,24,35,1.180048639071174e-05,0,0,3,4,6,5,4,5,1,1,1,1
3,24,36,2.2218348476599203e-06,0,0,3,5,6,1,4,1,1,2,1,2
3,24,38,1.2090571210876533e-08,0,0,3,5,6,3,4,3,1,2,1,2
3,24,41,1.101387056223757e-06,0,1,3,6,6,1,4,0,1,0,1,1
3,24,42,6.0271618806950755e-09,0,1,3,6,6,2,4,0,1,0,1,1
3,24,45,5.06381248044363e-09,0,1,3,6,6,5,4,0,1,0,1,1
3,25,0,1.9155572772433516e-07,0,0,3,1,1,0,5,0,1,2,1,4
3,25,1,1.0209024367213715e-05,0,0,3,3,1,1,5,1,1,1,1,1
3,25,5,2.8660397219937295e-06,0,0,3,3,1,5,5,1,1,1,1,1
3,25,6,1.2039806279062759e-05,0,0,3,3,1,6,5,1,1,1,1,1
3,25,7,0.9992687106132507,0,0,3,3,1,1,5,2,1,1,1,1
3,25,8,1.9786153643508442e-05,0,0,3,3,1,2,5,2,1,1,1,1
3,25,9,1.8926172629107896e-07,0,0,3,3,1,3,5,2,1,1,1,1
3,25,13,4.059418279211968e-05,0,0,3,3,1,1,5,3,1,1,1,1
3,25,14,4.609413736034185e-05,0,0,3,3,1,2,5,3,1,1,1,1
3,25,17,1.3316855529410532e-06,0,0,3,3,1,5,5,3,1,1,1,1
3,25,19,0.0002637085854075849,0,0,3,3,1,1,5,4,1,1,1,1
3,25,21,3.231090886401944e-06,0,0,3,3,1,3,5,4,1,1,1,1
3,25,22,3.427388583077118e-05,0,0,3,3,1,4,5,4,1,1,1,1
3,25,23,5.299550139170606e-06,0,0,3,3,1,5,5,4,1,1,1,1
3,25,27,2.9682207241421565e-05,0,0,3,3,1,3,5,5,1,1,1,1
3,25,31,8.436126518063247e-05,0,0,3,4,1,1,5,1,1,1,1,1
3,25,33,3.892328592769445e-08,0,0,3,4,1,3,5,3,1,1,1,1
3,25,34,4.8191286623477936e-05,0,0,3,4,1,4,5,4,1,1,1,1
3,25,35,5.125627285451628e-05,0,0,3,4,1,5,5,5,1,1,1,1
3,25,36,4.507284393184818e-05,0,0,3,5,1,1,5,1,1,2,1,2
3,25,38,5.6438121731616775e-08,0,0,3,5,1,3,5,3,1,2,1,2
3,25,41,3.1003157346276566e-05,0,1,3,6,1,1,5,0,1,0,1,1
3,25,42,7.472891638826695e-07,0,1,3,6,1,2,5,0,1,0,1,1
3,25,45,3.0613011858804384e-07,0,1,3,6,1,5,5,0,1,0,1,1
3,26,0,4.877714232520702e-09,0,0,3,1,2,0,5,0,1,2,1,4
3,26,1,2.075305201287847e-05,0,0,3,3,2,1,5,1,1,1,1,1
3,26,5,3.3875910503411433e-06,0,0,3,3,2,5,5,1,1,1,1,1
3,26,6,4.077831545146182e-05,0,0,3,3,2,6,5,1,1,1,1,1
3,26,7,0.9983803033828735,0,0,3,3,2,1,5,2,1,1,1,1
3,26,8,3.342615673318505e-05,0,0,3,3,2,2,5,2,1,1,1,1
3,26,9,1.5990758583939169e-07,0,0,3,3,2,3,5,2,1,1,1,1
3,26,13,0.00022816179262008518,0,0,3,3,2,1,5,3,1,1,1,1
3,26,14,0.00012124704517191276,0,0,3,3,2,2,5,3,1,1,1,1
3,26,17,1.897604647638218e-06,0,0,3,3,2,5,5,3,1,1,1,1
3,26,19,0.0007685866439715028,0,0,3,3,2,1,5,4,1,1,1,1
3,26,21,4.477324182516895e-06,0,0,3,3,2,3,5,4,1,1,1,1
3,26,22,3.0929306376492605e-05,0,0,3,3,2,4,5,4,1,1,1,1
3,26,23,1.1007805369445123e-05,0,0,3,3,2,5,5,4,1,1,1,1
3,26,27,3.730392927536741e-05,0,0,3,3,2,3,5,5,1,1,1,1
3,26,31,0.00017178646521642804,0,0,3,4,2,1,5,1,1,1,1,1
3,26,33,3.242707791173416e-08,0,0,3,4,2,3,5,3,1,1,1,1
3,26,34,5.603015597444028e-05,0,0,3,4,2,4,5,4,1,1,1,1
3,26,35,5.9397043514763936e-05,0,0,3,4,2,5,5,5,1,1,1,1
3,26,36,1.952842103492003e-05,0,0,3,5,2,1,5,1,1,2,1,2
3,26,38,3.166865880643854e-08,0,0,3,5,2,3,5,3,1,2,1,2
3,26,41,1.0655890037014615e-05,0,1,3,6,2,1,5,0,1,0,1,1
3,26,42,1.2205499899664574e-07,0,1,3,6,2,2,5,0,1,0,1,1
3,26,45,5.223285981514891e-08,0,1,3,6,2,5,5,0,1,0,1,1
3,28,0,1.6082580600595975e-07,0,0,3,1,4,0,5,0,1,2,1,4
3,28,1,1.5976258509908803e-05,0,0,3,3,4,1,5,1,1,1,1,1
3,28,5,3.807669486377563e-07,0,0,3,3,4,5,5,1,1,1,1,1
3,28,6,4.594659458234673e-06,0,0,3,3,4,6,5,1,1,1,1,1
3,28,7,0.9926228523254395,0,0,3,3,4,1,5,2,1,1,1,1
3,28,8,7.412651484628441e-06,0,0,3,3,4,2,5,2,1,1,1,1
3,28,9,1.688198096871929e-07,0,0,3,3,4,3,5,2,1,1,1,1
3,28,13,0.00026500492822378874,0,0,3,3,4,1,5,3,1,1,1,1
3,28,14,0.00012873686500824988,0,0,3,3,4,2,5,3,1,1,1,1
3,28,17,2.1258750848573982e-07,0,0,3,3,4,5,5,3,1,1,1,1
3,28,19,0.0004014840815216303,0,0,3,3,4,1,5,4,1,1,1,1
3,28,21,7.21124365554715e-07,0,0,3,3,4,3,5,4,1,1,1,1
3,28,22,3.079353518842254e-06,0,0,3,3,4,4,5,4,1,1,1,1
3,28,23,1.0420525597965025e-07,0,0,3,3,4,5,5,4,1,1,1,1
3,28,27,5.2070605306653306e-05,0,0,3,3,4,3,5,5,1,1,1,1
3,28,31,0.0003855818067677319,0,0,3,4,4,1,5,1,1,1,1,1
3,28,33,6.758727977285162e-07,0,0,3,4,4,3,5,3,1,1,1,1
3,28,34,9.039186807058286e-06,0,0,3,4,4,4,5,4,1,1,1,1
3,28,35,1.9427292500040494e-05,0,0,3,4,4,5,5,5,1,1,1,1
3,28,36,0.0060540721751749516,0,0,3,5,4,1,5,1,1,2,1,2
3,28,38,2.6536496079643257e-05,0,0,3,5,4,3,5,3,1,2,1,2
3,28,41,1.59525950493844e-06,0,1,3,6,4,1,5,0,1,0,1,1
3,28,42,3.734094811136401e-09,0,1,3,6,4,2,5,0,1,0,1,1
3,28,45,2.233656370975723e-09,0,1,3,6,4,5,5,0,1,0,1,1
3,29,0,4.295365485518232e-08,0,0,3,1,5,0,5,0,1,2,1,4
3,29,1,3.0142903142404975e-06,0,0,3,3,5,1,5,1,1,1,1,1
3,29,5,1.428725227015093e-06,0,0,3,3,5,5,5,1,1,1,1,1
3,29,6,1.8429104784445371e-06,0,0,3,3,5,6,5,1,1,1,1,1
3,29,7,0.9989603161811829,0,0,3,3,5,1,5,2,1,1,1,1
3,29,8,7.735803592368029e-06,0,0,3,3,5,2,5,2,1,1,1,1
3,29,9,6.01302119207503e-08,0,0,3,3,5,3,5,2,1,1,1,1
3,29,13,3.0715465982211754e-05,0,0,3,3,5,1,5,3,1,1,1,1
3,29,14,6.421864236472175e-05,0,0,3,3,5,2,5,3,1,1,1,1
3,29,17,4.661438879338675e-07,0,0,3,3,5,5,5,3,1,1,1,1
3,29,19,7.818322774255648e-05,0,0,3,3,5,1,5,4,1,1,1,1
3,29,21,6.304977091531327e-07,0,0,3,3,5,3,5,4,1,1,1,1
3,29,22,3.763077529583825e-06,0,0,3,3,5,4,5,4,1,1,1,1
3,29,23,1.6595076601788605e-07,0,0,3,3,5,5,5,4,1,1,1,1
3,29,27,0.00016892273561097682,0,0,3,3,5,3,5,5,1,1,1,1
3,29,31,3.240742444177158e-05,0,0,3,4,5,1,5,1,1,1,1,1
3,29,33,1.223554164653251e-07,0,0,3,4,5,3,5,3,1,1,1,1
3,29,34,5.428373242466478e-06,0,0,3,4,5,4,5,4,1,1,1,1
3,29,35,0.0003357181849423796,0,0,3,4,5,5,5,5,1,1,1,1
3,29,36,0.00030201178742572665,0,0,3,5,5,1,5,1,1,2,1,2
3,29,38,9.6213352662744e-07,0,0,3,5,5,3,5,3,1,2,1,2
3,29,41,1.8449962908562156e-06,0,1,3,6,5,1,5,0,1,0,1,1
3,29,42,5.4411604111237466e-08,0,1,3,6,5,2,5,0,1,0,1,1
3,29,45,3.184960206681353e-08,0,1,3,6,5,5,5,0,1,0,1,1
3,30,0,1.2247825225131237e-06,0,0,3,1,6,0,5,0,1,2,1,4
3,30,1,6.111565016908571e-05,0,0,3,3,6,1,5,1,1,1,1,1
3,30,5,2.5374300093972124e-05,0,0,3,3,6,5,5,1,1,1,1,1
3,30,6,7.045686652418226e-05,0,0,3,3,6,6,5,1,1,1,1,1
3,30,7,0.9941242933273315,0,0,3,3,6,1,5,2,1,1,1,1
3,30,8,0.00024237135949078947,0,0,3,3,6,2,5,2,1,1,1,1
3,30,9,4.033488494314952e-06,0,0,3,3,6,3,5,2,1,1,1,1
3,30,13,0.00038953052717261016,0,0,3,3,6,1,5,3,1,1,1,1
3,30,14,0.0004692819493357092,0,0,3,3,6,2,5,3,1,1,1,1
3,30,17,2.301542008353863e-05,0,0,3,3,6,5,5,3,1,1,1,1
3,30,19,0.0005739822518080473,0,0,3,3,6,1,5,4,1,1,1,1
3,30,21,1.4334599654830527e-05,0,0,3,3,6,3,5,4,1,1,1,1
3,30,22,0.00010771408415166661,0,0,3,3,6,4,5,4,1,1,1,1
3,30,23,9.296677490056027e-06,0,0,3,3,6,5,5,4,1,1,1,1
3,30,27,0.0006306460127234459,0,0,3,3,6,3,5,5,1,1,1,1
3,30,31,0.0005040065734647214,0,0,3,4,6,1,5,1,1,1,1,1
3,30,33,4.381697181088384e-06,0,0,3,4,6,3,5,3,1,1,1,1
3,30,34,0.0004385346546769142,0,0,3,4,6,4,5,4,1,1,1,1
3,30,35,0.0018404716392979026,0,0,3,4,6,5,5,5,1,1,1,1
3,30,36,0.0002715547743719071,0,0,3,5,6,1,5,1,1,2,1,2
3,30,38,3.3391263514204184e-06,0,0,3,5,6,3,5,3,1,2,1,2
3,30,41,0.00016238591342698783,0,1,3,6,6,1,5,0,1,0,1,1
3,30,42,2.0280840544728562e-05,0,1,3,6,6,2,5,0,1,0,1,1
3,30,45,8.172862180799711e-06,0,1,3,6,6,5,5,0,1,0,1,1
3,32,0,0.0002486813173163682,0,0,4,1,2,0,2,0,1,2,1,4
3,32,1,0.0029968307353556156,0,0,4,3,2,1,2,1,1,1,1,1
3,32,5,1.4915591236785986e-05,0,0,4,3,2,5,2,1,1,1,1,1
3,32,6,0.0007559696095995605,0,0,4,3,2,6,2,1,1,1,1,1
3,32,7,0.2186664193868637,0,0,4,3,2,1,2,2,1,1,1,1
3,32,8,0.0004852326528634876,0,0,4,3,2,2,2,2,1,1,1,1
3,32,9,0.0004830507386941463,0,0,4,3,2,3,2,2,1,1,1,1
3,32,13,0.0018345804419368505,0,0,4,3,2,1,2,3,1,1,1,1
3,32,14,0.0007397944573312998,0,0,4,3,2,2,2,3,1,1,1,1
3,32,17,1.5966708815540187e-05,0,0,4,3,2,5,2,3,1,1,1,1
3,32,19,0.0025662097614258528,0,0,4,3,2,1,2,4,1,1,1,1
3,32,21,0.0005491590709425509,0,0,4,3,2,3,2,4,1,1,1,1
3,32,22,0.0010816558497026563,0,0,4,3,2,4,2,4,1,1,1,1
3,32,23,1.0272436156810727e-05,0,0,4,3,2,5,2,4,1,1,1,1
3,32,27,0.00026753064594231546,0,0,4,3,2,3,2,5,1,1,1,1
3,32,31,0.03944903239607811,0,0,4,4,2,1,2,1,1,1,1,1
3,32,33,0.0012222721707075834,0,0,4,4,2,3,2,3,1,1,1,1
3,32,34,0.01228541973978281,0,0,4,4,2,4,2,4,1,1,1,1
3,32,35,8.941918349592015e-05,0,0,4,4,2,5,2,5,1,1,1,1
3,32,36,0.59820157289505,0,0,4,5,2,1,2,1,1,2,1,2
3,32,38,0.09924629330635071,0,0,4,5,2,3,2,3,1,2,1,2
3,32,41,0.017923612147569656,0,1,4,6,2,1,2,0,1,0,1,1
3,32,42,0.00042323730303905904,0,1,4,6,2,2,2,0,1,0,1,1
3,32,45,0.0004433333233464509,0,1,4,6,2,5,2,0,1,0,1,1
3,37,0,0.0007354936096817255,0,0,5,1,2,0,2,0,2,2,2,4
3,37,1,0.00014753757568541914,0,0,5,3,2,1,2,1,2,1,2,1
3,37,5,0.0001573977351654321,0,0,5,3,2,5,2,1,2,1,2,1
3,37,6,0.00028785044560208917,0,0,5,3,2,6,2,1,2,1,2,1
3,37,7,0.0016060849884524941,0,0,5,3,2,1,2,2,2,1,2,1
3,37,8,0.0007162500405684114,0,0,5,3,2,2,2,2,2,1,2,1
3,37,9,0.00013892872084397823,0,0,5,3,2,3,2,2,2,1,2,1
3,37,13,5.2990082622272894e-05,0,0,5,3,2,1,2,3,2,1,2,1
3,37,14,0.00036740890936926007,0,0,5,3,2,2,2,3,2,1,2,1
3,37,17,0.0002924586005974561,0,0,5,3,2,5,2,3,2,1,2,1
3,37,19,7.195039506768808e-05,0,0,5,3,2,1,2,4,2,1,2,1
3,37,21,0.00042045305599458516,0,0,5,3,2,3,2,4,2,1,2,1
3,37,22,0.0005787150585092604,0,0,5,3,2,4,2,4,2,1,2,1
3,37,23,0.00016093419981189072,0,0,5,3,2,5,2,4,2,1,2,1
3,37,27,0.0003596297465264797,0,0,5,3,2,3,2,5,2,1,2,1
3,37,31,0.0006228361162357032,0,0,5,4,2,1,2,1,2,1,2,1
3,37,33,0.0006554654100909829,0,0,5,4,2,3,2,3,2,1,2,1
3,37,34,0.0032904294785112143,0,0,5,4,2,4,2,4,2,1,2,1
3,37,35,0.007336982525885105,0,0,5,4,2,5,2,5,2,1,2,1
3,37,36,0.0009095605928450823,0,0,5,5,2,1,2,1,2,2,2,2
3,37,38,0.0015404432779178023,0,0,5,5,2,3,2,3,2,2,2,2
3,37,41,0.04287603870034218,0,1,5,6,2,1,2,0,2,0,2,1
3,37,42,0.515896737575531,0,1,5,6,2,2,2,0,2,0,2,1
3,37,45,0.4207777678966522,0,1,5,6,2,5,2,0,2,0,2,1
3,39,0,1.3631092770083342e-05,0,0,5,1,4,0,4,0,2,2,2,4
3,39,1,0.023157497867941856,0,0,5,3,4,1,4,1,2,1,2,1
3,39,5,0.0021335450001060963,0,0,5,3,4,5,4,1,2,1,2,1
3,39,6,0.014258605428040028,0,0,5,3,4,6,4,1,2,1,2,1
3,39,7,0.5821731686592102,0,0,5,3,4,1,4,2,2,1,2,1
3,39,8,0.03258039802312851,0,0,5,3,4,2,4,2,2,1,2,1
3,39,9,0.0007476171595044434,0,0,5,3,4,3,4,2,2,1,2,1
3,39,13,0.059296660125255585,0,0,5,3,4,1,4,3,2,1,2,1
3,39,14,0.02380758337676525,0,0,5,3,4,2,4,3,2,1,2,1
3,39,17,0.021933553740382195,0,0,5,3,4,5,4,3,2,1,2,1
3,39,19,0.04298045113682747,0,0,5,3,4,1,4,4,2,1,2,1
3,39,21,0.006912374868988991,0,0,5,3,4,3,4,4,2,1,2,1
3,39,22,0.006421556696295738,0,0,5,3,4,4,4,4,2,1,2,1
3,39,23,0.02646402083337307,0,0,5,3,4,5,4,4,2,1,2,1
3,39,27,0.017956582829356194,0,0,5,3,4,3,4,5,2,1,2,1
3,39,31,0.019153067842125893,0,0,5,4,4,1,4,1,2,1,2,1
3,39,33,0.0039026346057653427,0,0,5,4,4,3,4,3,2,1,2,1
3,39,34,0.030760109424591064,0,0,5,4,4,4,4,4,2,1,2,1
3,39,35,0.06921074539422989,0,0,5,4,4,5,4,5,2,1,2,1
3,39,36,0.0019290257478132844,0,0,5,5,4,1,4,1,2,2,2,2
3,39,38,0.0004103330138605088,0,0,5,5,4,3,4,3,2,2,2,2
3,39,41,0.00780400400981307,0,1,5,6,4,1,4,0,2,0,2,1
3,39,42,0.002705913968384266,0,1,5,6,4,2,4,0,2,0,2,1
3,39,45,0.0032869346905499697,0,1,5,6,4,5,4,0,2,0,2,1
3,40,0,0.0008786232210695744,0,0,5,1,5,0,5,0,2,2,2,4
3,40,1,3.61490310751833e-05,0,0,5,3,5,1,5,1,2,1,2,1
3,40,5,0.0015730856684967875,0,0,5,3,5,5,5,1,2,1,2,1
3,40,6,0.00012598610192071646,0,0,5,3,5,6,5,1,2,1,2,1
3,40,7,0.005528699606657028,0,0,5,3,5,1,5,2,2,1,2,1
3,40,8,0.0006711976020596921,0,0,5,3,5,2,5,2,2,1,2,1
3,40,9,1.4037710570846684e-05,0,0,5,3,5,3,5,2,2,1,2,1
3,40,13,2.3941031031426974e-05,0,0,5,3,5,1,5,3,2,1,2,1
3,40,14,0.000975405506324023,0,0,5,3,5,2,5,3,2,1,2,1
3,40,17,0.0005986064788885415,0,0,5,3,5,5,5,3,2,1,2,1
3,40,19,6.533761916216463e-05,0,0,5,3,5,1,5,4,2,1,2,1
3,40,21,0.00034433265682309866,0,0,5,3,5,3,5,4,2,1,2,1
3,40,22,0.0005058516981080174,0,0,5,3,5,4,5,4,2,1,2,1
3,40,23,0.000284097419353202,0,0,5,3,5,5,5,4,2,1,2,1
3,40,27,0.0041178809478878975,0,0,5,3,5,3,5,5,2,1,2,1
3,40,31,0.00016905457596294582,0,0,5,4,5,1,5,1,2,1,2,1
3,40,33,0.00023214476823341101,0,0,5,4,5,3,5,3,2,1,2,1
3,40,34,0.0005867950967513025,0,0,5,4,5,4,5,4,2,1,2,1
3,40,35,0.39757996797561646,0,0,5,4,5,5,5,5,2,1,2,1
3,40,36,0.00031400908483192325,0,0,5,5,5,1,5,1,2,2,2,2
3,40,38,0.00022199290106073022,0,0,5,5,5,3,5,3,2,2,2,2
3,40,41,0.004601213615387678,0,1,5,6,5,1,5,0,2,0,2,1
3,40,42,0.334929883480072,0,1,5,6,5,2,5,0,2,0,2,1
3,40,45,0.24562160670757294,0,1,5,6,5,5,5,0,2,0,2,1
3,43,0,6.817456323915394e-06,1,0,6,1,3,0,0,0,0,2,1,4
3,43,1,0.01367935724556446,1,0,6,3,3,1,0,1,0,1,1,1
3,43,5,5.005750062991865e-05,1,0,6,3,3,5,0,1,0,1,1,1
3,43,6,0.004280018154531717,1,0,6,3,3,6,0,1,0,1,1,1
3,43,7,0.40796563029289246,1,0,6,3,3,1,0,2,0,1,1,1
3,43,8,0.0015340985264629126,1,0,6,3,3,2,0,2,0,1,1,1
3,43,9,0.004345517605543137,1,0,6,3,3,3,0,2,0,1,1,1
3,43,13,0.03662647306919098,1,0,6,3,3,1,0,3,0,1,1,1
3,43,14,0.001749197719618678,1,0,6,3,3,2,0,3,0,1,1,1
3,43,17,4.733821333502419e-05,1,0,6,3,3,5,0,3,0,1,1,1
3,43,19,0.06815487891435623,1,0,6,3,3,1,0,4,0,1,1,1
3,43,21,0.004834895953536034,1,0,6,3,3,3,0,4,0,1,1,1
3,43,22,0.0023785443045198917,1,0,6,3,3,4,0,4,0,1,1,1
3,43,23,0.00010260049748467281,1,0,6,3,3,5,0,4,0,1,1,1
3,43,27,0.0005519328988157213,1,0,6,3,3,3,0,5,0,1,1,1
3,43,31,0.09774591773748398,1,0,6,4,3,1,0,1,0,1,1,1
3,43,33,0.0032077664509415627,1,0,6,4,3,3,0,3,0,1,1,1
3,43,34,0.0015428446931764483,1,0,6,4,3,4,0,4,0,1,1,1
3,43,35,3.6518093111226335e-05,1,0,6,4,3,5,0,5,0,1,1,1
3,43,36,0.2974345088005066,1,0,6,5,3,1,0,1,0,2,1,2
3,43,38,0.05367211997509003,1,0,6,5,3,3,0,3,0,2,1,2
3,43,41,5.159006468602456e-05,1,1,6,6,3,1,0,0,0,0,1,1
3,43,42,9.426367455489526e-07,1,1,6,6,3,2,0,0,0,0,1,1
3,43,45,2.1749806933257787e-07,1,1,6,6,3,5,0,0,0,0,1,1
3,44,0,1.6798372598714195e-05,1,0,6,1,4,0,0,0,0,2,1,4
3,44,1,0.003169107250869274,1,0,6,3,4,1,0,1,0,1,1,1
3,44,5,3.7508123114093905e-06,1,0,6,3,4,5,0,1,0,1,1,1
3,44,6,0.0008497863891534507,1,0,6,3,4,6,0,1,0,1,1,1
3,44,7,0.0207376591861248,1,0,6,3,4,1,0,2,0,1,1,1
3,44,8,3.120716064586304e-05,1,0,6,3,4,2,0,2,0,1,1,1
3,44,9,0.00044064500252716243,1,0,6,3,4,3,0,2,0,1,1,1
3,44,13,0.012638399377465248,1,0,6,3,4,1,0,3,0,1,1,1
3,44,14,0.0002656677970662713,1,0,6,3,4,2,0,3,0,1,1,1
3,44,17,2.243536300738924e-06,1,0,6,3,4,5,0,3,0,1,1,1
3,44,19,0.018139513209462166,1,0,6,3,4,1,0,4,0,1,1,1
3,44,21,0.0006946639623492956,1,0,6,3,4,3,0,4,0,1,1,1
3,44,22,0.0011859999503940344,1,0,6,3,4,4,0,4,0,1,1,1
3,44,23,9.920863703882787e-06,1,0,6,3,4,5,0,4,0,1,1,1
3,44,27,1.0972350537485909e-05,1,0,6,3,4,3,0,5,0,1,1,1
3,44,31,0.10184741020202637,1,0,6,4,4,1,0,1,0,1,1,1
3,44,33,0.0008261050097644329,1,0,6,4,4,3,0,3,0,1,1,1
3,44,34,0.0010270846541970968,1,0,6,4,4,4,0,4,0,1,1,1
3,44,35,2.3215957867250836e-07,1,0,6,4,4,5,0,5,0,1,1,1
3,44,36,0.755951464176178,1,0,6,5,4,1,0,1,0,2,1,2
3,44,38,0.08204960823059082,1,0,6,5,4,3,0,3,0,2,1,2
3,44,41,0.00010095457400893793,1,1,6,6,4,1,0,0,0,0,1,1
3,44,42,7.199511742328468e-08,1,1,6,6,4,2,0,0,0,0,1,1
3,44,45,5.405563641147637e-08,1,1,6,6,4,5,0,0,0,0,1,1
3,46,0,8.844738204061287e-07,1,0,6,1,6,0,0,0,0,2,1,4
3,46,1,0.004069598391652107,1,0,6,3,6,1,0,1,0,1,1,1
3,46,5,1.2270016668480821e-05,1,0,6,3,6,5,0,1,0,1,1,1
3,46,6,0.0006830394268035889,1,0,6,3,6,6,0,1,0,1,1,1
3,46,7,0.01871301233768463,1,0,6,3,6,1,0,2,0,1,1,1
3,46,8,0.00014672819816041738,1,0,6,3,6,2,0,2,0,1,1,1
3,46,9,0.0023483536206185818,1,0,6,3,6,3,0,2,0,1,1,1
3,46,13,0.0036569966468960047,1,0,6,3,6,1,0,3,0,1,1,1
3,46,14,0.00026082730619236827,1,0,6,3,6,2,0,3,0,1,1,1
3,46,17,3.97548365071998e-06,1,0,6,3,6,5,0,3,0,1,1,1
3,46,19,0.0051491945050656796,1,0,6,3,6,1,0,4,0,1,1,1
3,46,21,0.0025000106543302536,1,0,6,3,6,3,0,4,0,1,1,1
3,46,22,0.0003113163693342358,1,0,6,3,6,4,0,4,0,1,1,1
3,46,23,1.381953370582778e-05,1,0,6,3,6,5,0,4,0,1,1,1
3,46,27,6.838335684733465e-05,1,0,6,3,6,3,0,5,0,1,1,1
3,46,31,0.01784495823085308,1,0,6,4,6,1,0,1,0,1,1,1
3,46,33,0.0009610480046831071,1,0,6,4,6,3,0,3,0,1,1,1
3,46,34,0.00019883003551512957,1,0,6,4,6,4,0,4,0,1,1,1
3,46,35,1.3946456647317973e-06,1,0,6,4,6,5,0,5,0,1,1,1
3,46,36,0.6764304637908936,1,0,6,5,6,1,0,1,0,2,1,2
3,46,38,0.26659247279167175,1,0,6,5,6,3,0,3,0,2,1,2
3,46,41,3.162277425872162e-05,1,1,6,6,6,1,0,0,0,0,1,1
3,46,42,2.887823882247176e-07,1,1,6,6,6,2,0,0,0,0,1,1
3,46,45,1.771396398453362e-07,1,1,6,6,6,5,0,0,0,0,1,1
3,47,0,1.140850599767873e-05,2,0,7,1,0,0,0,0,0,2,4,4
3,47,1,1.3063892765785567e-05,2,0,7,3,0,1,0,1,0,1,4,1
3,47,5,1.2455791420507012e-06,2,0,7,3,0,5,0,1,0,1,4,1
3,47,6,1.176986643258715e-06,2,0,7,3,0,6,0,1,0,1,4,1
3,47,7,5.938859430898447e-06,2,0,7,3,0,1,0,2,0,1,4,1
3,47,8,5.607049388345331e-06,2,0,7,3,0,2,0,2,0,1,4,1
3,47,9,9.279730875277892e-05,2,0,7,3,0,3,0,2,0,1,4,1
3,47,13,9.173843977805518e-07,2,0,7,3,0,1,0,3,0,1,4,1
3,47,14,5.233461251918925e-06,2,0,7,3,0,2,0,3,0,1,4,1
3,47,17,1.6353774867639004e-07,2,0,7,3,0,5,0,3,0,1,4,1
3,47,19,1.6853671240824042e-06,2,0,7,3,0,1,0,4,0,1,4,1
3,47,21,3.4534528822405264e-05,2,0,7,3,0,3,0,4,0,1,4,1
3,47,22,2.3720535580196156e-07,2,0,7,3,0,4,0,4,0,1,4,1
3,47,23,8.602589218753565e-08,2,0,7,3,0,5,0,4,0,1,4,1
3,47,27,1.5407580576720648e-05,2,0,7,3,0,3,0,5,0,1,4,1
3,47,31,1.3571801900980063e-05,2,0,7,4,0,1,0,1,0,1,4,1
3,47,33,0.0002513760409783572,2,0,7,4,0,3,0,3,0,1,4,1
3,47,34,1.127771582787318e-07,2,0,7,4,0,4,0,4,0,1,4,1
3,47,35,2.5289020868513035e-06,2,0,7,4,0,5,0,5,0,1,4,1
3,47,36,0.05228029936552048,2,0,7,5,0,1,0,1,0,2,4,2
3,47,38,0.9472591876983643,2,0,7,5,0,3,0,3,0,2,4,2
3,47,41,4.074946957643988e-07,2,1,7,6,0,1,0,0,0,0,4,1
3,47,42,1.925736796692945e-06,2,1,7,6,0,2,0,0,0,0,4,1
3,47,45,1.0434146133775357e-06,2,1,7,6,0,5,0,0,0,0,4,1
4,0,1,0.00039393006591126323,0,0,1,3,0,1,0,1,2,1,4,1
4,0,4,0.00106683443300426,0,0,1,3,0,4,0,1,2,1,4,1
4,0,5,0.00021723180543631315,0,0,1,3,0,5,0,1,2,1,4,1
4,0,6,0.0015873743686825037,0,0,1,3,0,6,0,1,2,1,4,1
4,0,9,2.827074695233023e-06,0,0,1,3,0,3,0,2,2,1,4,1
4,0,10,0.00029183097649365664,0,0,1,3,0,4,0,2,2,1,4,1
4,0,12,7.334228575928137e-05,0,0,1,3,0,6,0,2,2,1,4,1
4,0,15,1.1756625326597714e-06,0,0,1,3,0,3,0,3,2,1,4,1
4,0,18,1.4737203855474945e-05,0,0,1,3,0,6,0,3,2,1,4,1
4,0,21,2.9372239396252553e-07,0,0,1,3,0,3,0,4,2,1,4,1
4,0,23,1.7813359590945765e-05,0,0,1,3,0,5,0,4,2,1,4,1
4,0,24,6.43000839772867e-06,0,0,1,3,0,6,0,4,2,1,4,1
4,0,25,3.432337052799994e-06,0,0,1,3,0,1,0,5,2,1,4,1
4,0,28,1.683007212704979e-05,0,0,1,3,0,4,0,5,2,1,4,1
4,0,30,3.661923256004229e-05,0,0,1,3,0,6,0,5,2,1,4,1
4,0,31,4.155746410106076e-06,0,0,1,4,0,1,0,1,2,1,4,1
4,0,34,1.4233243746275548e-05,0,0,1,4,0,4,0,4,2,1,4,1
4,0,35,1.5949703083606437e-05,0,0,1,4,0,5,0,5,2,1,4,1
4,0,36,0.9115038514137268,0,0,1,5,0,1,0,1,2,2,4,2
4,0,40,0.08472943305969238,0,0,1,5,0,5,0,5,2,2,4,2
4,0,42,7.33753154236183e-07,0,1,1,6,0,2,0,0,2,0,4,1
4,0,43,4.877682702186803e-09,0,1,1,6,0,3,0,0,2,0,4,1
4,0,46,5.508296681000502e-07,0,1,1,6,0,6,0,0,2,0,4,1
4,0,47,1.242505334175803e-07,0,2,1,7,0,0,0,0,2,0,4,4
4,2,1,3.199682760168798e-05,0,0,3,3,2,1,1,1,1,1,1,1
4,2,4,8.788170816842467e-06,0,0,3,3,2,4,1,1,1,1,1,1
4,2,5,3.299909076304175e-05,0,0,3,3,2,5,1,1,1,1,1,1
4,2,6,4.818762135982979e-06,0,0,3,3,2,6,1,1,1,1,1,1
4,2,9,6.596515959245153e-06,0,0,3,3,2,3,1,2,1,1,1,1
4,2,10,1.299924224440474e-05,0,0,3,3,2,4,1,2,1,1,1,1
4,2,12,1.0932198165392037e-05,0,0,3,3,2,6,1,2,1,1,1,1
4,2,15,1.5132864064071327e-06,0,0,3,3,2,3,1,3,1,1,1,1
4,2,18,1.192749277834082e-05,0,0,3,3,2,6,1,3,1,1,1,1
4,2,21,7.638660690645338e-07,0,0,3,3,2,3,1,4,1,1,1,1
4,2,23,2.3706672436674125e-05,0,0,3,3,2,5,1,4,1,1,1,1
4,2,24,1.7525966541143134e-05,0,0,3,3,2,6,1,4,1,1,1,1
4,2,25,7.5495222517929506e-06,0,0,3,3,2,1,1,5,1,1,1,1
4,2,28,4.609744337358279e-06,0,0,3,3,2,4,1,5,1,1,1,1
4,2,30,4.9749000936571974e-06,0,0,3,3,2,6,1,5,1,1,1,1
4,2,31,7.824950785106921e-07,0,0,3,4,2,1,1,1,1,1,1,1
4,2,34,1.2677461199928075e-05,0,0,3,4,2,4,1,4,1,1,1,1
4,2,35,2.7641188353300095e-05,0,0,3,4,2,5,1,5,1,1,1,1
4,2,36,0.026063954457640648,0,0,3,5,2,1,1,1,1,2,1,2
4,2,40,0.9737064242362976,0,0,3,5,2,5,1,5,1,2,1,2
4,2,42,6.89748446802696e-07,0,1,3,6,2,2,1,0,1,0,1,1
4,2,43,1.616685665339901e-07,0,1,3,6,2,3,1,0,1,0,1,1
4,2,46,5.568524557020282e-07,0,1,3,6,2,6,1,0,1,0,1,1
4,2,47,5.712438451155322e-06,0,2,3,7,2,0,1,0,1,0,1,4
4,3,1,2.0758090613526292e-05,0,0,3,3,3,1,1,1,1,1,1,1
4,3,4,3.4408688520670694e-07,0,0,3,3,3,4,1,1,1,1,1,1
4,3,5,1.784714186214842e-05,0,0,3,3,3,5,1,1,1,1,1,1
4,3,6,3.129821607217309e-06,0,0,3,3,3,6,1,1,1,1,1,1
4,3,9,0.00041566017898730934,0,0,3,3,3,3,1,2,1,1,1,1
4,3,10,1.9938786863349378e-05,0,0,3,3,3,4,1,2,1,1,1,1
4,3,12,0.00023006630362942815,0,0,3,3,3,6,1,2,1,1,1,1
4,3,15,5.9351309573685285e-06,0,0,3,3,3,3,1,3,1,1,1,1
4,3,18,0.0005280303885228932,0,0,3,3,3,6,1,3,1,1,1,1
4,3,21,4.717576302937232e-06,0,0,3,3,3,3,1,4,1,1,1,1
4,3,23,0.0008616280974820256,0,0,3,3,3,5,1,4,1,1,1,1
4,3,24,0.006391902454197407,0,0,3,3,3,6,1,4,1,1,1,1
4,3,25,0.0002188403595937416,0,0,3,3,3,1,1,5,1,1,1,1
4,3,28,3.1368272175313905e-05,0,0,3,3,3,4,1,5,1,1,1,1
4,3,30,0.0004795338318217546,0,0,3,3,3,6,1,5,1,1,1,1
4,3,31,4.57956548416405e-06,0,0,3,4,3,1,1,1,1,1,1,1
4,3,34,8.291002450278029e-05,0,0,3,4,3,4,1,4,1,1,1,1
4,3,35,0.0033252513967454433,0,0,3,4,3,5,1,5,1,1,1,1
4,3,36,1.9513430743245408e-05,0,0,3,5,3,1,1,1,1,2,1,2
4,3,40,0.9856067895889282,0,0,3,5,3,5,1,5,1,2,1,2
4,3,42,5.8658890338847414e-05,0,1,3,6,3,2,1,0,1,0,1,1
4,3,43,9.435979882255197e-05,0,1,3,6,3,3,1,0,1,0,1,1
4,3,46,0.0015137407463043928,0,1,3,6,3,6,1,0,1,0,1,1
4,3,47,6.420934369089082e-05,0,2,3,7,3,0,1,0,1,0,1,4
4,7,1,0.0004952006274834275,0,0,3,3,1,1,2,1,1,1,1,1
4,7,4,0.0010816791327670217,0,0,3,3,1,4,2,1,1,1,1,1
4,7,5,0.00026884727412834764,0,0,3,3,1,5,2,1,1,1,1,1
4,7,6,0.0002885384892579168,0,0,3,3,1,6,2,1,1,1,1,1
4,7,9,9.247660273103975e-06,0,0,3,3,1,3,2,2,1,1,1,1
4,7,10,0.00027560186572372913,0,0,3,3,1,4,2,2,1,1,1,1
4,7,12,5.303444049786776e-05,0,0,3,3,1,6,2,2,1,1,1,1
4,7,15,1.4719124010298401e-05,0,0,3,3,1,3,2,3,1,1,1,1
4,7,18,9.559475074638613e-06,0,0,3,3,1,6,2,3,1,1,1,1
4,7,21,1.7643766113906167e-05,0,0,3,3,1,3,2,4,1,1,1,1
4,7,23,6.798086542403325e-05,0,0,3,3,1,5,2,4,1,1,1,1
4,7,24,3.110622856183909e-05,0,0,3,3,1,6,2,4,1,1,1,1
4,7,25,2.473687163728755e-05,0,0,3,3,1,1,2,5,1,1,1,1
4,7,28,4.854565850109793e-05,0,0,3,3,1,4,2,5,1,1,1,1
4,7,30,1.1518197425175458e-05,0,0,3,3,1,6,2,5,1,1,1,1
4,7,31,5.109687481308356e-05,0,0,3,4,1,1,2,1,1,1,1,1
4,7,34,0.00017590219795238227,0,0,3,4,1,4,2,4,1,1,1,1
4,7,35,1.5066709238453768e-05,0,0,3,4,1,5,2,5,1,1,1,1
4,7,36,0.9702721834182739,0,0,3,5,1,1,2,1,1,2,1,2
4,7,40,0.026690995320677757,0,0,3,5,1,5,2,5,1,2,1,2
4,7,42,3.0838018574286252e-06,0,1,3,6,1,2,2,0,1,0,1,1
4,7,43,4.0411225654679583e-07,0,1,3,6,1,3,2,0,1,0,1,1
4,7,46,1.3442481758829672e-06,0,1,3,6,1,6,2,0,1,0,1,1
4,7,47,9.14153570192866e-05,0,2,3,7,1,0,2,0,1,0,1,4
4,8,1,6.357788606692338e-06,0,0,3,3,2,1,2,1,1,1,1,1
4,8,4,1.8974961903950316e-06,0,0,3,3,2,4,2,1,1,1,1,1
4,8,5,2.2013455236447044e-06,0,0,3,3,2,5,2,1,1,1,1,1
4,8,6,2.134842816303717e-06,0,0,3,3,2,6,2,1,1,1,1,1
4,8,9,4.2854946968873264e-07,0,0,3,3,2,3,2,2,1,1,1,1
4,8,10,3.491244115139125e-06,0,0,3,3,2,4,2,2,1,1,1,1
4,8,12,1.33379489852814e-06,0,0,3,3,2,6,2,2,1,1,1,1
4,8,15,1.9366890313676777e-08,0,0,3,3,2,3,2,3,1,1,1,1
4,8,18,1.5324253581638914e-06,0,0,3,3,2,6,2,3,1,1,1,1
4,8,21,6.474357494568039e-09,0,0,3,3,2,3,2,4,1,1,1,1
4,8,23,1.6803962807898642e-06,0,0,3,3,2,5,2,4,1,1,1,1
4,8,24,1.871369818218227e-06,0,0,3,3,2,6,2,4,1,1,1,1
4,8,25,3.3846976066342904e-07,0,0,3,3,2,1,2,5,1,1,1,1
4,8,28,2.002056618266579e-07,0,0,3,3,2,4,2,5,1,1,1,1
4,8,30,1.4355008488564636e-06,0,0,3,3,2,6,2,5,1,1,1,1
4,8,31,6.769190985522755e-09,0,0,3,4,2,1,2,1,1,1,1,1
4,8,34,7.98449377725774e-08,0,0,3,4,2,4,2,4,1,1,1,1
4,8,35,1.949279976543039e-06,0,0,3,4,2,5,2,5,1,1,1,1
4,8,36,0.006430460140109062,0,0,3,5,2,1,2,1,1,2,1,2
4,8,40,0.9935427308082581,0,0,3,5,2,5,2,5,1,2,1,2
4,8,42,1.756037676381439e-10,0,1,3,6,2,2,2,0,1,0,1,1
4,8,43,7.309630331575612e-12,0,1,3,6,2,3,2,0,1,0,1,1
4,8,46,8.056270095480045e-10,0,1,3,6,2,6,2,0,1,0,1,1
4,8,47,6.930030438390133e-10,0,2,3,7,2,0,2,0,1,0,1,4
4,11,1,0.00031207670690491796,0,0,3,3,5,1,2,1,1,1,1,1
4,11,4,3.3972261007875204e-05,0,0,3,3,5,4,2,1,1,1,1,1
4,11,5,8.239843737101182e-05,0,0,3,3,5,5,2,1,1,1,1,1
4,11,6,5.994304592604749e-05,0,0,3,3,5,6,2,1,1,1,1,1
4,11,9,3.122076304862276e-05,0,0,3,3,5,3,2,2,1,1,1,1
4,11,10,1.4676979844807647e-05,0,0,3,3,5,4,2,2,1,1,1,1
4,11,12,2.99207658827072e-05,0,0,3,3,5,6,2,2,1,1,1,1
4,11,15,2.364003648835933e-06,0,0,3,3,5,3,2,3,1,1,1,1
4,11,18,2.7739251891034655e-05,0,0,3,3,5,6,2,3,1,1,1,1
4,11,21,1.6225350236709346e-06,0,0,3,3,5,3,2,4,1,1,1,1
4,11,23,0.00010110133734997362,0,0,3,3,5,5,2,4,1,1,1,1
4,11,24,0.00010900051711359993,0,0,3,3,5,6,2,4,1,1,1,1
4,11,25,1.2894329302071128e-05,0,0,3,3,5,1,2,5,1,1,1,1
4,11,28,4.170020929450402e-06,0,0,3,3,5,4,2,5,1,1,1,1
4,11,30,8.65488764247857e-05,0,0,3,3,5,6,2,5,1,1,1,1
4,11,31,1.7435968402423896e-06,0,0,3,4,5,1,2,1,1,1,1,1
4,11,34,7.77849982114276e-06,0,0,3,4,5,4,2,4,1,1,1,1
4,11,35,0.00012044893810525537,0,0,3,4,5,5,2,5,1,1,1,1
4,11,36,0.01893661357462406,0,0,3,5,5,1,2,1,1,2,1,2
4,11,40,0.9800227880477905,0,0,3,5,5,5,2,5,1,2,1,2
4,11,42,3.7160980070893856e-08,0,1,3,6,5,2,2,0,1,0,1,1
4,11,43,8.760249414763166e-09,0,1,3,6,5,3,2,0,1,0,1,1
4,11,46,3.573491369479598e-07,0,1,3,6,5,6,2,0,1,0,1,1
4,11,47,2.26621864385379e-07,0,2,3,7,5,0,2,0,1,0,1,4
4,13,1,2.7044945454690605e-05,0,0,3,3,1,1,3,1,1,1,1,1
4,13,4,4.833741513721179e-06,0,0,3,3,1,4,3,1,1,1,1,1
4,13,5,3.209079659427516e-05,0,0,3,3,1,5,3,1,1,1,1,1
4,13,6,7.478425686713308e-06,0,0,3,3,1,6,3,1,1,1,1,1
4,13,9,2.0117971871513873e-05,0,0,3,3,1,3,3,2,1,1,1,1
4,13,10,2.560022403486073e-05,0,0,3,3,1,4,3,2,1,1,1,1
4,13,12,4.5328401029109955e-05,0,0,3,3,1,6,3,2,1,1,1,1
4,13,15,3.0608616725658067e-06,0,0,3,3,1,3,3,3,1,1,1,1
4,13,18,3.92373840440996e-05,0,0,3,3,1,6,3,3,1,1,1,1
4,13,21,9.765191180122201e-07,0,0,3,3,1,3,3,4,1,1,1,1
4,13,23,4.449467814993113e-05,0,0,3,3,1,5,3,4,1,1,1,1
4,13,24,4.684442683355883e-05,0,0,3,3,1,6,3,4,1,1,1,1
4,13,25,2.1808886231156066e-05,0,0,3,3,1,1,3,5,1,1,1,1
4,13,28,1.1874672054545954e-05,0,0,3,3,1,4,3,5,1,1,1,1
4,13,30,2.1962639948469587e-05,0,0,3,3,1,6,3,5,1,1,1,1
4,13,31,1.123003926295496e-06,0,0,3,4,1,1,3,1,1,1,1,1
4,13,34,1.2285198863537516e-05,0,0,3,4,1,4,3,4,1,1,1,1
4,13,35,6.467987986980006e-05,0,0,3,4,1,5,3,5,1,1,1,1
4,13,36,0.0068563236854970455,0,0,3,5,1,1,3,1,1,2,1,2
4,13,40,0.99270099401474,0,0,3,5,1,5,3,5,1,2,1,2
4,13,42,3.0503504149237415e-06,0,1,3,6,1,2,3,0,1,0,1,1
4,13,43,5.963063358649379e-07,0,1,3,6,1,3,3,0,1,0,1,1
4,13,46,3.0237338251026813e-06,0,1,3,6,1,6,3,0,1,0,1,1
4,13,47,5.2473014875431545e-06,0,2,3,7,1,0,3,0,1,0,1,4
4,14,1,5.871668327017687e-05,0,0,3,3,2,1,3,1,1,1,1,1
4,14,4,2.6944999262923375e-05,0,0,3,3,2,4,3,1,1,1,1,1
4,14,5,3.795869997702539e-05,0,0,3,3,2,5,3,1,1,1,1,1
4,14,6,1.1525959052960388e-05,0,0,3,3,2,6,3,1,1,1,1,1
4,14,9,1.3673479770659469e-05,0,0,3,3,2,3,3,2,1,1,1,1
4,14,10,6.746542931068689e-05,0,0,3,3,2,4,3,2,1,1,1,1
4,14,12,2.540030618547462e-05,0,0,3,3,2,6,3,2,1,1,1,1
4,14,15,7.478699330931704e-07,0,0,3,3,2,3,3,3,1,1,1,1
4,14,18,1.0765335900941864e-05,0,0,3,3,2,6,3,3,1,1,1,1
4,14,21,1.0243660142350564e-07,0,0,3,3,2,3,3,4,1,1,1,1
4,14,23,3.471751188044436e-05,0,0,3,3,2,5,3,4,1,1,1,1
4,14,24,1.7185058823088184e-05,0,0,3,3,2,6,3,4,1,1,1,1
4,14,25,1.3743603631155565e-05,0,0,3,3,2,1,3,5,1,1,1,1
4,14,28,7.939562237879727e-06,0,0,3,3,2,4,3,5,1,1,1,1
4,14,30,2.3626855181646533e-05,0,0,3,3,2,6,3,5,1,1,1,1
4,14,31,2.757597883373819e-07,0,0,3,4,2,1,3,1,1,1,1,1
4,14,34,2.357445055167773e-06,0,0,3,4,2,4,3,4,1,1,1,1
4,14,35,6.290080636972561e-05,0,0,3,4,2,5,3,5,1,1,1,1
4,14,36,0.011290798895061016,0,0,3,5,2,1,3,1,1,2,1,2
4,14,40,0.9882931709289551,0,0,3,5,2,5,3,5,1,2,1,2
4,14,42,3.460203856775479e-08,0,1,3,6,2,2,3,0,1,0,1,1
4,14,43,4.5229073819541554e-09,0,1,3,6,2,3,3,0,1,0,1,1
4,14,46,3.3956789025069156e-07,0,1,3,6,2,6,3,0,1,0,1,1
4,14,47,2.900873141697957e-07,0,2,3,7,2,0,3,0,1,0,1,4
4,16,1,2.3526690711150877e-05,0,0,3,3,4,1,3,1,1,1,1,1
4,16,4,3.3926426112884656e-06,0,0,3,3,4,4,3,1,1,1,1,1
4,16,5,2.7464627692097565e-06,0,0,3,3,4,5,3,1,1,1,1,1
4,16,6,6.184868198033655e-06,0,0,3,3,4,6,3,1,1,1,1,1
4,16,9,1.5968352045092615e-06,0,0,3,3,4,3,3,2,1,1,1,1
4,16,10,2.491376653779298e-05,0,0,3,3,4,4,3,2,1,1,1,1
4,16,12,4.4400935621524695e-06,0,0,3,3,4,6,3,2,1,1,1,1
4,16,15,1.276534788985373e-07,0,0,3,3,4,3,3,3,1,1,1,1
4,16,18,5.965996479062596e-07,0,0,3,3,4,6,3,3,1,1,1,1
4,16,21,6.661360885118484e-08,0,0,3,3,4,3,3,4,1,1,1,1
4,16,23,3.823051883955486e-06,0,0,3,3,4,5,3,4,1,1,1,1
4,16,24,2.413790980426711e-06,0,0,3,3,4,6,3,4,1,1,1,1
4,16,25,7.423534498229856e-06,0,0,3,3,4,1,3,5,1,1,1,1
4,16,28,9.777025979929022e-07,0,0,3,3,4,4,3,5,1,1,1,1
4,16,30,1.0498083611309994e-06,0,0,3,3,4,6,3,5,1,1,1,1
4,16,31,1.6047266626628698e-06,0,0,3,4,4,1,3,1,1,1,1,1
4,16,34,1.7704496713122353e-05,0,0,3,4,4,4,3,4,1,1,1,1
4,16,35,8.389393997276784e-07,0,0,3,4,4,5,3,5,1,1,1,1
4,16,36,0.9843614101409912,0,0,3,5,4,1,3,1,1,2,1,2
4,16,40,0.01553464774042368,0,0,3,5,4,5,3,5,1,2,1,2
4,16,42,6.793670337401636e-08,0,1,3,6,4,2,3,0,1,0,1,1
4,16,43,9.425185076850084e-10,0,1,3,6,4,3,3,0,1,0,1,1
4,16,46,1.7007990038564458e-07,0,1,3,6,4,6,3,0,1,0,1,1
4,16,47,7.271605539926895e-08,0,2,3,7,4,0,3,0,1,0,1,4
4,17,1,0.00013692077482119203,0,0,3,3,5,1,3,1,1,1,1,1
4,17,4,2.3005179173196666e-05,0,0,3,3,5,4,3,1,1,1,1,1
4,17,5,7.573187031084672e-05,0,0,3,3,5,5,3,1,1,1,1,1
4,17,6,3.08252710965462e-05,0,0,3,3,5,6,3,1,1,1,1,1
4,17,9,7.103270763764158e-05,0,0,3,3,5,3,3,2,1,1,1,1
4,17,10,2.9312481274246238e-05,0,0,3,3,5,4,3,2,1,1,1,1
4,17,12,8.35612227092497e-05,0,0,3,3,5,6,3,2,1,1,1,1
4,17,15,6.01709234615555e-06,0,0,3,3,5,3,3,3,1,1,1,1
4,17,18,4.497759437072091e-05,0,0,3,3,5,6,3,3,1,1,1,1
4,17,21,2.978168367917533e-06,0,0,3,3,5,3,3,4,1,1,1,1
4,17,23,0.00014114091754890978,0,0,3,3,5,5,3,4,1,1,1,1
4,17,24,0.0002175496774725616,0,0,3,3,5,6,3,4,1,1,1,1
4,17,25,2.5426170395803638e-05,0,0,3,3,5,1,3,5,1,1,1,1
4,17,28,9.122100891545415e-06,0,0,3,3,5,4,3,5,1,1,1,1
4,17,30,6.681360537186265e-05,0,0,3,3,5,6,3,5,1,1,1,1
4,17,31,4.721105142380111e-06,0,0,3,4,5,1,3,1,1,1,1,1
4,17,34,4.6952631237218156e-05,0,0,3,4,5,4,3,4,1,1,1,1
4,17,35,0.0001298469869652763,0,0,3,4,5,5,3,5,1,1,1,1
4,17,36,0.0342630110681057,0,0,3,5,5,1,3,1,1,2,1,2
4,17,40,0.964570164680481,0,0,3,5,5,5,3,5,1,2,1,2
4,17,42,3.61389567160586e-07,0,1,3,6,5,2,3,0,1,0,1,1
4,17,43,2.023889891233921e-07,0,1,3,6,5,3,3,0,1,0,1,1
4,17,46,5.679441528627649e-06,0,1,3,6,5,6,3,0,1,0,1,1
4,17,47,1.421214074071031e-05,0,2,3,7,5,0,3,0,1,0,1,4
4,19,1,1.6995751138892956e-05,0,0,3,3,1,1,4,1,1,1,1,1
4,19,4,3.601565822464181e-06,0,0,3,3,1,4,4,1,1,1,1,1
4,19,5,3.123893839074299e-05,0,0,3,3,1,5,4,1,1,1,1,1
4,19,6,2.041366769844899e-06,0,0,3,3,1,6,4,1,1,1,1,1
4,19,9,6.288191798375919e-07,0,0,3,3,1,3,4,2,1,1,1,1
4,19,10,6.050877345842309e-07,0,0,3,3,1,4,4,2,1,1,1,1
4,19,12,1.6511592093593208e-06,0,0,3,3,1,6,4,2,1,1,1,1
4,19,15,1.904161592847231e-07,0,0,3,3,1,3,4,3,1,1,1,1
4,19,18,7.683536296099192e-07,0,0,3,3,1,6,4,3,1,1,1,1
4,19,21,7.968587567575014e-08,0,0,3,3,1,3,4,4,1,1,1,1
4,19,23,4.682926373789087e-06,0,0,3,3,1,5,4,4,1,1,1,1
4,19,24,2.001471557377954e-06,0,0,3,3,1,6,4,4,1,1,1,1
4,19,25,1.5049073454065365e-06,0,0,3,3,1,1,4,5,1,1,1,1
4,19,28,6.194825346028665e-07,0,0,3,3,1,4,4,5,1,1,1,1
4,19,30,2.599495928734541e-06,0,0,3,3,1,6,4,5,1,1,1,1
4,19,31,1.826768425416958e-07,0,0,3,4,1,1,4,1,1,1,1,1
4,19,34,5.610297648672713e-07,0,0,3,4,1,4,4,4,1,1,1,1
4,19,35,8.633805009594653e-06,0,0,3,4,1,5,4,5,1,1,1,1
4,19,36,0.018486903980374336,0,0,3,5,1,1,4,1,1,2,1,2
4,19,40,0.9814337491989136,0,0,3,5,1,5,4,5,1,2,1,2
4,19,42,1.9340259882483224e-07,0,1,3,6,1,2,4,0,1,0,1,1
4,19,43,2.1076930423191698e-08,0,1,3,6,1,3,4,0,1,0,1,1
4,19,46,9.997038574738326e-08,0,1,3,6,1,6,4,0,1,0,1,1
4,19,47,1.1110029163319268e-06,0,2,3,7,1,0,4,0,1,0,1,4
4,20,1,1.4822874618403148e-05,0,0,3,3,2,1,4,1,1,1,1,1
4,20,4,3.297103148725e-06,0,0,3,3,2,4,4,1,1,1,1,1
4,20,5,1.3845622561348137e-05,0,0,3,3,2,5,4,1,1,1,1,1
4,20,6,4.328943305154098e-06,0,0,3,3,2,6,4,1,1,1,1,1
4,20,9,8.564998097426724e-07,0,0,3,3,2,3,4,2,1,1,1,1
4,20,10,1.3610244877781952e-06,0,0,3,3,2,4,4,2,1,1,1,1
4,20,12,2.1700768684240757e-06,0,0,3,3,2,6,4,2,1,1,1,1
4,20,15,9.875689244154273e-08,0,0,3,3,2,3,4,3,1,1,1,1
4,20,18,1.3310381064002286e-06,0,0,3,3,2,6,4,3,1,1,1,1
4,20,21,2.727700909588293e-08,0,0,3,3,2,3,4,4,1,1,1,1
4,20,23,3.113876800853177e-06,0,0,3,3,2,5,4,4,1,1,1,1
4,20,24,1.460367002437124e-06,0,0,3,3,2,6,4,4,1,1,1,1
4,20,25,8.868064469425008e-07,0,0,3,3,2,1,4,5,1,1,1,1
4,20,28,3.493574354251905e-07,0,0,3,3,2,4,4,5,1,1,1,1
4,20,30,3.4327538287470816e-06,0,0,3,3,2,6,4,5,1,1,1,1
4,20,31,7.724460004965295e-08,0,0,3,4,2,1,4,1,1,1,1,1
4,20,34,3.4341937293902447e-07,0,0,3,4,2,4,4,4,1,1,1,1
4,20,35,7.735610779491253e-06,0,0,3,4,2,5,4,5,1,1,1,1
4,20,36,0.030215488746762276,0,0,3,5,2,1,4,1,1,2,1,2
4,20,40,0.9697248935699463,0,0,3,5,2,5,4,5,1,2,1,2
4,20,42,1.4015689941970777e-08,0,1,3,6,2,2,4,0,1,0,1,1
4,20,43,8.57844739687863e-10,0,1,3,6,2,3,4,0,1,0,1,1
4,20,46,2.8502988413947605e-08,0,1,3,6,2,6,4,0,1,0,1,1
4,20,47,3.396658243559614e-08,0,2,3,7,2,0,4,0,1,0,1,4
4,22,1,0.00017950343317352235,0,0,3,3,4,1,4,1,1,1,1,1
4,22,4,7.2064026426232886e-06,0,0,3,3,4,4,4,1,1,1,1,1
4,22,5,7.144210394471884e-05,0,0,3,3,4,5,4,1,1,1,1,1
4,22,6,3.306051803519949e-05,0,0,3,3,4,6,4,1,1,1,1,1
4,22,9,4.484835881157778e-05,0,0,3,3,4,3,4,2,1,1,1,1
4,22,10,1.9458555470919237e-05,0,0,3,3,4,4,4,2,1,1,1,1
4,22,12,5.425273047876544e-05,0,0,3,3,4,6,4,2,1,1,1,1
4,22,15,2.864295311155729e-06,0,0,3,3,4,3,4,3,1,1,1,1
4,22,18,2.3484870325773954e-05,0,0,3,3,4,6,4,3,1,1,1,1
4,22,21,3.3578182865312556e-06,0,0,3,3,4,3,4,4,1,1,1,1
4,22,23,0.00020457377831917256,0,0,3,3,4,5,4,4,1,1,1,1
4,22,24,0.0003940512251574546,0,0,3,3,4,6,4,4,1,1,1,1
4,22,25,7.008984539425e-05,0,0,3,3,4,1,4,5,1,1,1,1
4,22,28,7.117915629351046e-06,0,0,3,3,4,4,4,5,1,1,1,1
4,22,30,7.262811413966119e-05,0,0,3,3,4,6,4,5,1,1,1,1
4,22,31,3.6080033169128e-05,0,0,3,4,4,1,4,1,1,1,1,1
4,22,34,0.0001765071356203407,0,0,3,4,4,4,4,4,1,1,1,1
4,22,35,0.0003155609592795372,0,0,3,4,4,5,4,5,1,1,1,1
4,22,36,0.08805212378501892,0,0,3,5,4,1,4,1,1,2,1,2
4,22,40,0.9101008772850037,0,0,3,5,4,5,4,5,1,2,1,2
4,22,42,1.644106123421807e-05,0,1,3,6,4,2,4,0,1,0,1,1
4,22,43,2.0763093289133394e-06,0,1,3,6,4,3,4,0,1,0,1,1
4,22,46,8.21409048512578e-05,0,1,3,6,4,6,4,0,1,0,1,1
4,22,47,2.995511567860376e-05,0,2,3,7,4,0,4,0,1,0,1,4
4,26,1,3.990625145888771e-07,0,0,3,3,2,1,5,1,1,1,1,1
4,26,4,1.8785711120017368e-07,0,0,3,3,2,4,5,1,1,1,1,1
4,26,5,6.594128763026674e-07,0,0,3,3,2,5,5,1,1,1,1,1
4,26,6,8.909365334375252e-08,0,0,3,3,2,6,5,1,1,1,1,1
4,26,9,1.2689707773461123e-07,0,0,3,3,2,3,5,2,1,1,1,1
4,26,10,1.0551100331213092e-06,0,0,3,3,2,4,5,2,1,1,1,1
4,26,12,5.454307370200695e-07,0,0,3,3,2,6,5,2,1,1,1,1
4,26,15,4.38066694030681e-09,0,0,3,3,2,3,5,3,1,1,1,1
4,26,18,2.314580456186377e-07,0,0,3,3,2,6,5,3,1,1,1,1
4,26,21,2.3174882846088707e-10,0,0,3,3,2,3,5,4,1,1,1,1
4,26,23,5.565480591940286e-07,0,0,3,3,2,5,5,4,1,1,1,1
4,26,24,1.782036207487181e-07,0,0,3,3,2,6,5,4,1,1,1,1
4,26,25,1.266267020127998e-07,0,0,3,3,2,1,5,5,1,1,1,1
4,26,28,1.9700718212334323e-07,0,0,3,3,2,4,5,5,1,1,1,1
4,26,30,5.824774689244805e-07,0,0,3,3,2,6,5,5,1,1,1,1
4,26,31,3.5406974574492267e-10,0,0,3,4,2,1,5,1,1,1,1,1
4,26,34,7.619633812794291e-09,0,0,3,4,2,4,5,4,1,1,1,1
4,26,35,2.667927219590638e-06,0,0,3,4,2,5,5,5,1,1,1,1
4,26,36,0.0001032141808536835,0,0,3,5,2,1,5,1,1,2,1,2
4,26,40,0.9998812675476074,0,0,3,5,2,5,5,5,1,2,1,2
4,26,42,4.605792414125176e-10,0,1,3,6,2,2,5,0,1,0,1,1
4,26,43,2.849919085445851e-11,0,1,3,6,2,3,5,0,1,0,1,1
4,26,46,1.6297029281631126e-09,0,1,3,6,2,6,5,0,1,0,1,1
4,26,47,9.475986662010882e-10,0,2,3,7,2,0,5,0,1,0,1,4
4,27,1,4.611672011378687e-06,0,0,3,3,3,1,5,1,1,1,1,1
4,27,4,3.848516598736751e-07,0,0,3,3,3,4,5,1,1,1,1,1
4,27,5,5.02040347782895e-06,0,0,3,3,3,5,5,1,1,1,1,1
4,27,6,3.964691757118999e-07,0,0,3,3,3,6,5,1,1,1,1,1
4,27,9,9.961069736164063e-06,0,0,3,3,3,3,5,2,1,1,1,1
4,27,10,2.570808419477544e-06,0,0,3,3,3,4,5,2,1,1,1,1
4,27,12,6.307001967797987e-06,0,0,3,3,3,6,5,2,1,1,1,1
4,27,15,3.1789170407137135e-07,0,0,3,3,3,3,5,3,1,1,1,1
4,27,18,1.26769100461388e-05,0,0,3,3,3,6,5,3,1,1,1,1
4,27,21,7.513238386991361e-08,0,0,3,3,3,3,5,4,1,1,1,1
4,27,23,2.8186303097754717e-05,0,0,3,3,3,5,5,4,1,1,1,1
4,27,24,3.388178811292164e-05,0,0,3,3,3,6,5,4,1,1,1,1
4,27,25,4.4061807784601115e-06,0,0,3,3,3,1,5,5,1,1,1,1
4,27,28,2.326547246411792e-06,0,0,3,3,3,4,5,5,1,1,1,1
4,27,30,1.878348848549649e-05,0,0,3,3,3,6,5,5,1,1,1,1
4,27,31,2.512654972974815e-08,0,0,3,4,3,1,5,1,1,1,1,1
4,27,34,3.776344215111749e-07,0,0,3,4,3,4,5,4,1,1,1,1
4,27,35,0.0001455522287869826,0,0,3,4,3,5,5,5,1,1,1,1
4,27,36,8.223591976275202e-06,0,0,3,5,3,1,5,1,1,2,1,2
4,27,40,0.9997153282165527,0,0,3,5,3,5,5,5,1,2,1,2
4,27,42,5.2418862139802513e-08,0,1,3,6,3,2,5,0,1,0,1,1
4,27,43,3.722908203940278e-08,0,1,3,6,3,3,5,0,1,0,1,1
4,27,46,2.937515546364011e-07,0,1,3,6,3,6,5,0,1,0,1,1
4,27,47,1.1731567184369851e-07,0,2,3,7,3,0,5,0,1,0,1,4
4,29,1,0.00033798415097407997,0,0,3,3,5,1,5,1,1,1,1,1
4,29,4,4.17262599512469e-05,0,0,3,3,5,4,5,1,1,1,1,1
4,29,5,0.00017230822413694113,0,0,3,3,5,5,5,1,1,1,1,1
4,29,6,0.00013713502266909927,0,0,3,3,5,6,5,1,1,1,1,1
4,29,9,0.0001844770013121888,0,0,3,3,5,3,5,2,1,1,1,1
4,29,10,9.579965990269557e-05,0,0,3,3,5,4,5,2,1,1,1,1
4,29,12,0.00024087612109724432,0,0,3,3,5,6,5,2,1,1,1,1
4,29,15,8.772646651777904e-06,0,0,3,3,5,3,5,3,1,1,1,1
4,29,18,0.00045409021549858153,0,0,3,3,5,6,5,3,1,1,1,1
4,29,21,5.787571808468783e-06,0,0,3,3,5,3,5,4,1,1,1,1
4,29,23,0.0005589171196334064,0,0,3,3,5,5,5,4,1,1,1,1
4,29,24,0.0013402568874880672,0,0,3,3,5,6,5,4,1,1,1,1
4,29,25,7.489709241781384e-05,0,0,3,3,5,1,5,5,1,1,1,1
4,29,28,3.6812794860452414e-05,0,0,3,3,5,4,5,5,1,1,1,1
4,29,30,0.0005355714820325375,0,0,3,3,5,6,5,5,1,1,1,1
4,29,31,6.531621693284251e-06,0,0,3,4,5,1,5,1,1,1,1,1
4,29,34,3.9695893065072596e-05,0,0,3,4,5,4,5,4,1,1,1,1
4,29,35,0.0011318714823573828,0,0,3,4,5,5,5,5,1,1,1,1
4,29,36,0.001573665183968842,0,0,3,5,5,1,5,1,1,2,1,2
4,29,40,0.9929901957511902,0,0,3,5,5,5,5,5,1,2,1,2
4,29,42,2.482821400917601e-06,0,1,3,6,5,2,5,0,1,0,1,1
4,29,43,6.227338076314481e-07,0,1,3,6,5,3,5,0,1,0,1,1
4,29,46,2.563742054917384e-05,0,1,3,6,5,6,5,0,1,0,1,1
4,29,47,3.4429106108291307e-06,0,2,3,7,5,0,5,0,1,0,1,4
4,32,1,0.0002906496520154178,0,0,4,3,2,1,2,1,1,1,1,1
4,32,4,0.0005406310083344579,0,0,4,3,2,4,2,1,1,1,1,1
4,32,5,0.00027363840490579605,0,0,4,3,2,5,2,1,1,1,1,1
4,32,6,0.00022147166600916535,0,0,4,3,2,6,2,1,1,1,1,1
4,32,9,1.7161481082439423e-05,0,0,4,3,2,3,2,2,1,1,1,1
4,32,10,0.00012536137364804745,0,0,4,3,2,4,2,2,1,1,1,1
4,32,12,8.154444367391989e-05,0,0,4,3,2,6,2,2,1,1,1,1
4,32,15,1.9450217223493382e-05,0,0,4,3,2,3,2,3,1,1,1,1
4,32,18,3.815794480033219e-05,0,0,4,3,2,6,2,3,1,1,1,1
4,32,21,9.226359907188453e-06,0,0,4,3,2,3,2,4,1,1,1,1
4,32,23,6.889773794682696e-05,0,0,4,3,2,5,2,4,1,1,1,1
4,32,24,5.361712828744203e-05,0,0,4,3,2,6,2,4,1,1,1,1
4,32,25,7.272714356076904e-06,0,0,4,3,2,1,2,5,1,1,1,1
4,32,28,3.0061157303862274e-05,0,0,4,3,2,4,2,5,1,1,1,1
4,32,30,7.715260289842263e-05,0,0,4,3,2,6,2,5,1,1,1,1
4,32,31,3.7197137316979934e-06,0,0,4,4,2,1,2,1,1,1,1,1
4,32,34,9.11181814444717e-06,0,0,4,4,2,4,2,4,1,1,1,1
4,32,35,0.00012407166650518775,0,0,4,4,2,5,2,5,1,1,1,1
4,32,36,0.036849334836006165,0,0,4,5,2,1,2,1,1,2,1,2
4,32,40,0.9611563086509705,0,0,4,5,2,5,2,5,1,2,1,2
4,32,42,1.6191343377158773e-07,0,1,4,6,2,2,2,0,1,0,1,1
4,32,43,1.6144588244060287e-07,0,1,4,6,2,3,2,0,1,0,1,1
4,32,46,1.9241389281887677e-07,0,1,4,6,2,6,2,0,1,0,1,1
4,32,47,3.157011633447837e-06,0,2,4,7,2,0,2,0,1,0,1,4
4,33,1,0.0018384529976174235,0,0,4,3,3,1,3,1,1,1,1,1
4,33,4,0.0010628366144374013,0,0,4,3,3,4,3,1,1,1,1,1
4,33,5,0.0024927810300141573,0,0,4,3,3,5,3,1,1,1,1,1
4,33,6,0.0008028973243199289,0,0,4,3,3,6,3,1,1,1,1,1
4,33,9,0.0038842535577714443,0,0,4,3,3,3,3,2,1,1,1,1
4,33,10,0.0012620360357686877,0,0,4,3,3,4,3,2,1,1,1,1
4,33,12,0.0030707174446433783,0,0,4,3,3,6,3,2,1,1,1,1
4,33,15,0.0009263735846616328,0,0,4,3,3,3,3,3,1,1,1,1
4,33,18,0.004417313262820244,0,0,4,3,3,6,3,3,1,1,1,1
4,33,21,0.0005900268442928791,0,0,4,3,3,3,3,4,1,1,1,1
4,33,23,0.006124149076640606,0,0,4,3,3,5,3,4,1,1,1,1
4,33,24,0.014191413298249245,0,0,4,3,3,6,3,4,1,1,1,1
4,33,25,0.0010069311829283834,0,0,4,3,3,1,3,5,1,1,1,1
4,33,28,0.0011701787589117885,0,0,4,3,3,4,3,5,1,1,1,1
4,33,30,0.005453863646835089,0,0,4,3,3,6,3,5,1,1,1,1
4,33,31,0.00016556421178393066,0,0,4,4,3,1,3,1,1,1,1,1
4,33,34,0.0003809565387200564,0,0,4,4,3,4,3,4,1,1,1,1
4,33,35,0.013503076508641243,0,0,4,4,3,5,3,5,1,1,1,1
4,33,36,0.0007677870453335345,0,0,4,5,3,1,3,1,1,2,1,2
4,33,40,0.935580849647522,0,0,4,5,3,5,3,5,1,2,1,2
4,33,42,5.2942144975531846e-05,0,1,4,6,3,2,3,0,1,0,1,1
4,33,43,0.00014809415733907372,0,1,4,6,3,3,3,0,1,0,1,1
4,33,46,0.00025603751419112086,0,1,4,6,3,6,3,0,1,0,1,1
4,33,47,0.0008503822609782219,0,2,4,7,3,0,3,0,1,0,1,4
4,37,1,0.00012748214066959918,0,0,5,3,2,1,2,1,2,1,2,1
4,37,4,0.0001829956308938563,0,0,5,3,2,4,2,1,2,1,2,1
4,37,5,2.130847133230418e-05,0,0,5,3,2,5,2,1,2,1,2,1
4,37,6,0.0001873189612524584,0,0,5,3,2,6,2,1,2,1,2,1
4,37,9,4.993987658963306e-06,0,0,5,3,2,3,2,2,2,1,2,1
4,37,10,0.00022399819863494486,0,0,5,3,2,4,2,2,2,1,2,1
4,37,12,2.2568265194422565e-05,0,0,5,3,2,6,2,2,2,1,2,1
4,37,15,2.278234433106263e-06,0,0,5,3,2,3,2,3,2,1,2,1
4,37,18,5.560240765589697e-07,0,0,5,3,2,6,2,3,2,1,2,1
4,37,21,2.074077201541513e-06,0,0,5,3,2,3,2,4,2,1,2,1
4,37,23,1.1588309462240431e-05,0,0,5,3,2,5,2,4,2,1,2,1
4,37,24,3.946331162296701e-06,0,0,5,3,2,6,2,4,2,1,2,1
4,37,25,2.8104695957154036e-05,0,0,5,3,2,1,2,5,2,1,2,1
4,37,28,1.1354582056810614e-05,0,0,5,3,2,4,2,5,2,1,2,1
4,37,30,9.124249118031003e-06,0,0,5,3,2,6,2,5,2,1,2,1
4,37,31,6.995662988629192e-05,0,0,5,4,2,1,2,1,2,1,2,1
4,37,34,5.42020752618555e-05,0,0,5,4,2,4,2,4,2,1,2,1
4,37,35,4.039429313706933e-06,0,0,5,4,2,5,2,5,2,1,2,1
4,37,36,0.998572587966919,0,0,5,5,2,1,2,1,2,2,2,2
4,37,40,0.00045685097575187683,0,0,5,5,2,5,2,5,2,2,2,2
4,37,42,2.33828785667356e-07,0,1,5,6,2,2,2,0,2,0,2,1
4,37,43,4.333232084263727e-08,0,1,5,6,2,3,2,0,2,0,2,1
4,37,46,1.2319778761593625e-06,0,1,5,6,2,6,2,0,2,0,2,1
4,37,47,1.07653670511354e-06,0,2,5,7,2,0,2,0,2,0,2,4
4,38,1,0.011091378517448902,0,0,5,3,3,1,3,1,2,1,2,1
4,38,4,0.00782855786383152,0,0,5,3,3,4,3,1,2,1,2,1
4,38,5,0.0019754052627831697,0,0,5,3,3,5,3,1,2,1,2,1
4,38,6,0.010778024792671204,0,0,5,3,3,6,3,1,2,1,2,1
4,38,9,0.00089169543934986,0,0,5,3,3,3,3,2,2,1,2,1
4,38,10,0.0021711031440645456,0,0,5,3,3,4,3,2,2,1,2,1
4,38,12,0.0005780976498499513,0,0,5,3,3,6,3,2,2,1,2,1
4,38,15,0.00014017598005011678,0,0,5,3,3,3,3,3,2,1,2,1
4,38,18,3.352886778884567e-05,0,0,5,3,3,6,3,3,2,1,2,1
4,38,21,0.00013013056013733149,0,0,5,3,3,3,3,4,2,1,2,1
4,38,23,0.000895171717274934,0,0,5,3,3,5,3,4,2,1,2,1
4,38,24,0.0002119102282449603,0,0,5,3,3,6,3,4,2,1,2,1
4,38,25,0.0026720957830548286,0,0,5,3,3,1,3,5,2,1,2,1
4,38,28,0.00027370566385798156,0,0,5,3,3,4,3,5,2,1,2,1
4,38,30,0.0015453333035111427,0,0,5,3,3,6,3,5,2,1,2,1
4,38,31,0.005210686940699816,0,0,5,4,3,1,3,1,2,1,2,1
4,38,34,0.0006594781298190355,0,0,5,4,3,4,3,4,2,1,2,1
4,38,35,0.0008438051445409656,0,0,5,4,3,5,3,5,2,1,2,1
4,38,36,0.9490454196929932,0,0,5,5,3,1,3,1,2,2,2,2
4,38,40,0.0029134517535567284,0,0,5,5,3,5,3,5,2,2,2,2
4,38,42,8.754953341849614e-06,0,1,5,6,3,2,3,0,2,0,2,1
4,38,43,2.291200189574738e-06,0,1,5,6,3,3,3,0,2,0,2,1
4,38,46,8.934480865718797e-05,0,1,5,6,3,6,3,0,2,0,2,1
4,38,47,1.0027593816630542e-05,0,2,5,7,3,0,3,0,2,0,2,4
4,39,1,1.2308335499255918e-05,0,0,5,3,4,1,4,1,2,1,2,1
4,39,4,2.612259095258196e-06,0,0,5,3,4,4,4,1,2,1,2,1
4,39,5,1.2929932609040407e-06,0,0,5,3,4,5,4,1,2,1,2,1
4,39,6,3.60829312739952e-06,0,0,5,3,4,6,4,1,2,1,2,1
4,39,9,1.296557314844904e-07,0,0,5,3,4,3,4,2,2,1,2,1
4,39,10,1.678084572631633e-06,0,0,5,3,4,4,4,2,2,1,2,1
4,39,12,2.8584204869730456e-07,0,0,5,3,4,6,4,2,2,1,2,1
4,39,15,2.1760770962941933e-08,0,0,5,3,4,3,4,3,2,1,2,1
4,39,18,3.2920619563725495e-09,0,0,5,3,4,6,4,3,2,1,2,1
4,39,21,1.5381928619717655e-08,0,0,5,3,4,3,4,4,2,1,2,1
4,39,23,3.010992770668963e-07,0,0,5,3,4,5,4,4,2,1,2,1
4,39,24,7.154660153219083e-08,0,0,5,3,4,6,4,4,2,1,2,1
4,39,25,3.7991258068359457e-06,0,0,5,3,4,1,4,5,2,1,2,1
4,39,28,9.697371439187918e-08,0,0,5,3,4,4,4,5,2,1,2,1
4,39,30,3.438836131408607e-07,0,0,5,3,4,6,4,5,2,1,2,1
4,39,31,5.945435077592265e-06,0,0,5,4,4,1,4,1,2,1,2,1
4,39,34,1.3934024991613114e-06,0,0,5,4,4,4,4,4,2,1,2,1
4,39,35,1.080864109326285e-07,0,0,5,4,4,5,4,5,2,1,2,1
4,39,36,0.9999080300331116,0,0,5,5,4,1,4,1,2,2,2,2
4,39,40,5.824269828735851e-05,0,0,5,5,4,5,4,5,2,2,2,2
4,39,42,1.8501621568134397e-08,0,1,5,6,4,2,4,0,2,0,2,1
4,39,43,3.984050589433963e-10,0,1,5,6,4,3,4,0,2,0,2,1
4,39,46,1.0239287462354696e-07,0,1,5,6,4,6,4,0,2,0,2,1
4,39,47,1.9573903387026803e-08,0,2,5,7,4,0,4,0,2,0,2,4
4,41,1,0.0029324793722480536,1,0,6,3,1,1,0,1,0,1,1,1
4,41,4,0.024340646341443062,1,0,6,3,1,4,0,1,0,1,1,1
4,41,5,0.014523671939969063,1,0,6,3,1,5,0,1,0,1,1,1
4,41,6,0.0010017550084739923,1,0,6,3,1,6,0,1,0,1,1,1
4,41,9,0.0009190033306367695,1,0,6,3,1,3,0,2,0,1,1,1
4,41,10,0.013056681491434574,1,0,6,3,1,4,0,2,0,1,1,1
4,41,12,0.0023777822498232126,1,0,6,3,1,6,0,2,0,1,1,1
4,41,15,0.0015662264777347445,1,0,6,3,1,3,0,3,0,1,1,1
4,41,18,0.004328706301748753,1,0,6,3,1,6,0,3,0,1,1,1
4,41,21,5.405142655945383e-05,1,0,6,3,1,3,0,4,0,1,1,1
4,41,23,0.0006453128880821168,1,0,6,3,1,5,0,4,0,1,1,1
4,41,24,7.410541002172977e-05,1,0,6,3,1,6,0,4,0,1,1,1
4,41,25,0.0018751600291579962,1,0,6,3,1,1,0,5,0,1,1,1
4,41,28,0.009126892313361168,1,0,6,3,1,4,0,5,0,1,1,1
4,41,30,0.0017609266797080636,1,0,6,3,1,6,0,5,0,1,1,1
4,41,31,5.677349690813571e-06,1,0,6,4,1,1,0,1,0,1,1,1
4,41,34,6.979730642342474e-06,1,0,6,4,1,4,0,4,0,1,1,1
4,41,35,0.0011141205905005336,1,0,6,4,1,5,0,5,0,1,1,1
4,41,36,0.00439014146104455,1,0,6,5,1,1,0,1,0,2,1,2
4,41,40,0.9158379435539246,1,0,6,5,1,5,0,5,0,2,1,2
4,41,42,2.815032894432079e-05,1,1,6,6,1,2,0,0,0,0,1,1
4,41,43,5.352704192773672e-06,1,1,6,6,1,3,0,0,0,0,1,1
4,41,46,2.356414597670664e-06,1,1,6,6,1,6,0,0,0,0,1,1
4,41,47,2.520403722883202e-05,1,2,6,7,1,0,0,0,0,0,1,4
4,44,1,0.008990620262920856,1,0,6,3,4,1,0,1,0,1,1,1
4,44,4,0.004364382941275835,1,0,6,3,4,4,0,1,0,1,1,1
4,44,5,0.0150880953297019,1,0,6,3,4,5,0,1,0,1,1,1
4,44,6,0.000751679646782577,1,0,6,3,4,6,0,1,0,1,1,1
4,44,9,0.0033357904758304358,1,0,6,3,4,3,0,2,0,1,1,1
4,44,10,0.0022766124457120895,1,0,6,3,4,4,0,2,0,1,1,1
4,44,12,0.0016551599837839603,1,0,6,3,4,6,0,2,0,1,1,1
4,44,15,0.0007304415921680629,1,0,6,3,4,3,0,3,0,1,1,1
4,44,18,0.009046191349625587,1,0,6,3,4,6,0,3,0,1,1,1
4,44,21,5.1449860620778054e-05,1,0,6,3,4,3,0,4,0,1,1,1
4,44,23,0.002099492121487856,1,0,6,3,4,5,0,4,0,1,1,1
4,44,24,0.00042951860814355314,1,0,6,3,4,6,0,4,0,1,1,1
4,44,25,0.008437787182629108,1,0,6,3,4,1,0,5,0,1,1,1
4,44,28,0.003134365426376462,1,0,6,3,4,4,0,5,0,1,1,1
4,44,30,0.009124218486249447,1,0,6,3,4,6,0,5,0,1,1,1
4,44,31,1.0941815162368584e-05,1,0,6,4,4,1,0,1,0,1,1,1
4,44,34,1.1336357601976488e-05,1,0,6,4,4,4,0,4,0,1,1,1
4,44,35,0.005076257511973381,1,0,6,4,4,5,0,5,0,1,1,1
4,44,36,0.0019647032022476196,1,0,6,5,4,1,0,1,0,2,1,2
4,44,40,0.923327624797821,1,0,6,5,4,5,0,5,0,2,1,2
4,44,42,3.998126703663729e-05,1,1,6,6,4,2,0,0,0,0,1,1
4,44,43,5.523206255020341e-06,1,1,6,6,4,3,0,0,0,0,1,1
4,44,46,3.9195096178445965e-05,1,1,6,6,4,6,0,0,0,0,1,1
4,44,47,8.367057489522267e-06,1,2,6,7,4,0,0,0,0,0,1,4
4,45,1,0.08198410272598267,1,0,6,3,5,1,0,1,0,1,1,1
4,45,4,0.22380059957504272,1,0,6,3,5,4,0,1,0,1,1,1
4,45,5,0.11909517645835876,1,0,6,3,5,5,0,1,0,1,1,1
4,45,6,0.016953783109784126,1,0,6,3,5,6,0,1,0,1,1,1
4,45,9,0.015287493355572224,1,0,6,3,5,3,0,2,0,1,1,1
4,45,10,0.027279067784547806,1,0,6,3,5,4,0,2,0,1,1,1
4,45,12,0.010299441404640675,1,0,6,3,5,6,0,2,0,1,1,1
4,45,15,0.030079420655965805,1,0,6,3,5,3,0,3,0,1,1,1
4,45,18,0.06998738646507263,1,0,6,3,5,6,0,3,0,1,1,1
4,45,21,0.004285930655896664,1,0,6,3,5,3,0,4,0,1,1,1
4,45,23,0.01145199779421091,1,0,6,3,5,5,0,4,0,1,1,1
4,45,24,0.0018710751319304109,1,0,6,3,5,6,0,4,0,1,1,1
4,45,25,0.012257598340511322,1,0,6,3,5,1,0,5,0,1,1,1
4,45,28,0.03546804562211037,1,0,6,3,5,4,0,5,0,1,1,1
4,45,30,0.030044836923480034,1,0,6,3,5,6,0,5,0,1,1,1
4,45,31,0.0001592768676346168,1,0,6,4,5,1,0,1,0,1,1,1
4,45,34,0.0001709260104689747,1,0,6,4,5,4,0,4,0,1,1,1
4,45,35,0.01718701422214508,1,0,6,4,5,5,0,5,0,1,1,1
4,45,36,0.006661948747932911,1,0,6,5,5,1,0,1,0,2,1,2
4,45,40,0.28518226742744446,1,0,6,5,5,5,0,5,0,2,1,2
4,45,42,0.00010418159217806533,1,1,6,6,5,2,0,0,0,0,1,1
4,45,43,0.00010902727808570489,1,1,6,6,5,3,0,0,0,0,1,1
4,45,46,7.075905887177214e-05,1,1,6,6,5,6,0,0,0,0,1,1
4,45,47,0.00020890032465104014,1,2,6,7,5,0,0,0,0,0,1,4
5,1,0,0.003519385354593396,0,0,3,1,1,0,1,0,1,2,1,4
5,1,2,0.00882426556199789,0,0,3,3,1,2,1,1,1,1,1,1
5,1,3,0.003183209104463458,0,0,3,3,1,3,1,1,1,1,1,1
5,1,7,0.003664249088615179,0,0,3,3,1,1,1,2,1,1,1,1
5,1,8,0.0070269228890538216,0,0,3,3,1,2,1,2,1,1,1,1
5,1,11,0.010555431246757507,0,0,3,3,1,5,1,2,1,1,1,1
5,1,13,0.006955770310014486,0,0,3,3,1,1,1,3,1,1,1,1
5,1,14,0.002570298733189702,0,0,3,3,1,2,1,3,1,1,1,1
5,1,16,0.0032734775450080633,0,0,3,3,1,4,1,3,1,1,1,1
5,1,17,0.013251572847366333,0,0,3,3,1,5,1,3,1,1,1,1
5,1,19,0.0023546991869807243,0,0,3,3,1,1,1,4,1,1,1,1
5,1,20,0.009184237569570541,0,0,3,3,1,2,1,4,1,1,1,1
5,1,22,0.009491975419223309,0,0,3,3,1,4,1,4,1,1,1,1
5,1,26,0.0023721700999885798,0,0,3,3,1,2,1,5,1,1,1,1
5,1,27,0.0019820393063127995,0,0,3,3,1,3,1,5,1,1,1,1
5,1,29,0.0008076973608694971,0,0,3,3,1,5,1,5,1,1,1,1
5,1,32,0.000993851339444518,0,0,3,4,1,2,1,2,1,1,1,1
5,1,33,0.001887548598460853,0,0,3,4,1,3,1,3,1,1,1,1
5,1,37,0.0033121968153864145,0,0,3,5,1,2,1,2,1,2,1,2
5,1,38,0.0016943472437560558,0,0,3,5,1,3,1,3,1,2,1,2
5,1,39,0.002667022403329611,0,0,3,5,1,4,1,4,1,2,1,2
5,1,41,0.022531233727931976,0,1,3,6,1,1,1,0,1,0,1,1
5,1,44,0.16143275797367096,0,1,3,6,1,4,1,0,1,0,1,1
5,1,45,0.7164636850357056,0,1,3,6,1,5,1,0,1,0,1,1
5,4,0,2.324355773453135e-05,0,0,3,1,4,0,1,0,1,2,1,4
5,4,2,0.0009364249417558312,0,0,3,3,4,2,1,1,1,1,1,1
5,4,3,0.00014135305536910892,0,0,3,3,4,3,1,1,1,1,1,1
5,4,7,0.00048614831757731736,0,0,3,3,4,1,1,2,1,1,1,1
5,4,8,0.00024861967540346086,0,0,3,3,4,2,1,2,1,1,1,1
5,4,11,0.001052627107128501,0,0,3,3,4,5,1,2,1,1,1,1
5,4,13,0.00021683367958758026,0,0,3,3,4,1,1,3,1,1,1,1
5,4,14,3.4473421692382544e-05,0,0,3,3,4,2,1,3,1,1,1,1
5,4,16,0.00010292528895661235,0,0,3,3,4,4,1,3,1,1,1,1
5,4,17,0.00033596850698813796,0,0,3,3,4,5,1,3,1,1,1,1
5,4,19,9.517614671494812e-05,0,0,3,3,4,1,1,4,1,1,1,1
5,4,20,0.00023651700757909566,0,0,3,3,4,2,1,4,1,1,1,1
5,4,22,0.00043256537173874676,0,0,3,3,4,4,1,4,1,1,1,1
5,4,26,5.573778253165074e-05,0,0,3,3,4,2,1,5,1,1,1,1
5,4,27,2.6990948754246347e-05,0,0,3,3,4,3,1,5,1,1,1,1
5,4,29,2.8294885851209983e-05,0,0,3,3,4,5,1,5,1,1,1,1
5,4,32,3.609023769968189e-05,0,0,3,4,4,2,1,2,1,1,1,1
5,4,33,1.2538323971966747e-05,0,0,3,4,4,3,1,3,1,1,1,1
5,4,37,0.0005422586109489202,0,0,3,5,4,2,1,2,1,2,1,2
5,4,38,6.868398486403748e-05,0,0,3,5,4,3,1,3,1,2,1,2
5,4,39,0.0004665952001232654,0,0,3,5,4,4,1,4,1,2,1,2
5,4,41,0.013777331449091434,0,1,3,6,4,1,1,0,1,0,1,1
5,4,44,0.1647307425737381,0,1,3,6,4,4,1,0,1,0,1,1
5,4,45,0.8159123063087463,0,1,3,6,4,5,1,0,1,0,1,1
5,5,0,7.642795196716179e-08,0,0,3,1,5,0,1,0,1,2,1,4
5,5,2,0.0002555893443059176,0,0,3,3,5,2,1,1,1,1,1,1
5,5,3,0.0001988882722798735,0,0,3,3,5,3,1,1,1,1,1,1
5,5,7,0.006079681217670441,0,0,3,3,5,1,1,2,1,1,1,1
5,5,8,0.0018419831758365035,0,0,3,3,5,2,1,2,1,1,1,1
5,5,11,0.0376523956656456,0,0,3,3,5,5,1,2,1,1,1,1
5,5,13,0.00017263357585761696,0,0,3,3,5,1,1,3,1,1,1,1
5,5,14,0.0003786265733651817,0,0,3,3,5,2,1,3,1,1,1,1
5,5,16,0.0003204478998668492,0,0,3,3,5,4,1,3,1,1,1,1
5,5,17,0.0027725431136786938,0,0,3,3,5,5,1,3,1,1,1,1
5,5,19,0.00013312177907209843,0,0,3,3,5,1,1,4,1,1,1,1
5,5,20,0.00047912666923366487,0,0,3,3,5,2,1,4,1,1,1,1
5,5,22,0.00025006307987496257,0,0,3,3,5,4,1,4,1,1,1,1
5,5,26,0.00031832975219003856,0,0,3,3,5,2,1,5,1,1,1,1
5,5,27,0.0005589065840467811,0,0,3,3,5,3,1,5,1,1,1,1
5,5,29,0.006792618427425623,0,0,3,3,5,5,1,5,1,1,1,1
5,5,32,0.0004696461546700448,0,0,3,4,5,2,1,2,1,1,1,1
5,5,33,0.00022728984185960144,0,0,3,4,5,3,1,3,1,1,1,1
5,5,37,1.0874681720451917e-05,0,0,3,5,5,2,1,2,1,2,1,2
5,5,38,1.9123293895972893e-05,0,0,3,5,5,3,1,3,1,2,1,2
5,5,39,8.214796980610117e-05,0,0,3,5,5,4,1,4,1,2,1,2
5,5,41,0.021759625524282455,0,1,3,6,5,1,1,0,1,0,1,1
5,5,44,0.003101494163274765,0,1,3,6,5,4,1,0,1,0,1,1
5,5,45,0.9161248803138733,0,1,3,6,5,5,1,0,1,0,1,1
5,6,0,1.4823545825493056e-05,0,0,3,1,6,0,1,0,1,2,1,4
5,6,2,0.0006452996749430895,0,0,3,3,6,2,1,1,1,1,1,1
5,6,3,0.00024925704929046333,0,0,3,3,6,3,1,1,1,1,1,1
5,6,7,0.008534027263522148,0,0,3,3,6,1,1,2,1,1,1,1
5,6,8,0.0033856979571282864,0,0,3,3,6,2,1,2,1,1,1,1
5,6,11,0.0313664972782135,0,0,3,3,6,5,1,2,1,1,1,1
5,6,13,0.000143747529364191,0,0,3,3,6,1,1,3,1,1,1,1
5,6,14,5.5848075135145336e-05,0,0,3,3,6,2,1,3,1,1,1,1
5,6,16,6.593411671929061e-05,0,0,3,3,6,4,1,3,1,1,1,1
5,6,17,0.0007972019375301898,0,0,3,3,6,5,1,3,1,1,1,1
5,6,19,0.0001935653417604044,0,0,3,3,6,1,1,4,1,1,1,1
5,6,20,0.0009996996959671378,0,0,3,3,6,2,1,4,1,1,1,1
5,6,22,0.0004401672340463847,0,0,3,3,6,4,1,4,1,1,1,1
5,6,26,0.00010682822176022455,0,0,3,3,6,2,1,5,1,1,1,1
5,6,27,8.301135676447302e-05,0,0,3,3,6,3,1,5,1,1,1,1
5,6,29,0.00040874179103411734,0,0,3,3,6,5,1,5,1,1,1,1
5,6,32,6.676686462014914e-05,0,0,3,4,6,2,1,2,1,1,1,1
5,6,33,1.2936408893438056e-05,0,0,3,4,6,3,1,3,1,1,1,1
5,6,37,0.0033188536763191223,0,0,3,5,6,2,1,2,1,2,1,2
5,6,38,0.00013964938989374787,0,0,3,5,6,3,1,3,1,2,1,2
5,6,39,0.00024358132213819772,0,0,3,5,6,4,1,4,1,2,1,2
5,6,41,0.0065633016638457775,0,1,3,6,6,1,1,0,1,0,1,1
5,6,44,0.007420854642987251,0,1,3,6,6,4,1,0,1,0,1,1
5,6,45,0.9347434043884277,0,1,3,6,6,5,1,0,1,0,1,1
5,9,0,6.984781794017181e-05,0,0,3,1,3,0,2,0,1,2,1,4
5,9,2,0.005099495407193899,0,0,3,3,3,2,2,1,1,1,1,1
5,9,3,0.013306522741913795,0,0,3,3,3,3,2,1,1,1,1,1
5,9,7,0.030560292303562164,0,0,3,3,3,1,2,2,1,1,1,1
5,9,8,0.025309404358267784,0,0,3,3,3,2,2,2,1,1,1,1
5,9,11,0.04143664985895157,0,0,3,3,3,5,2,2,1,1,1,1
5,9,13,0.010276254266500473,0,0,3,3,3,1,2,3,1,1,1,1
5,9,14,0.020847950130701065,0,0,3,3,3,2,2,3,1,1,1,1
5,9,16,0.004673736169934273,0,0,3,3,3,4,2,3,1,1,1,1
5,9,17,0.055557701736688614,0,0,3,3,3,5,2,3,1,1,1,1
5,9,19,0.004434346687048674,0,0,3,3,3,1,2,4,1,1,1,1
5,9,20,0.009492995217442513,0,0,3,3,3,2,2,4,1,1,1,1
5,9,22,0.0038098080549389124,0,0,3,3,3,4,2,4,1,1,1,1
5,9,26,0.018762029707431793,0,0,3,3,3,2,2,5,1,1,1,1
5,9,27,0.10608149319887161,0,0,3,3,3,3,2,5,1,1,1,1
5,9,29,0.05778760462999344,0,0,3,3,3,5,2,5,1,1,1,1
5,9,32,0.01683279313147068,0,0,3,4,3,2,2,2,1,1,1,1
5,9,33,0.08733426034450531,0,0,3,4,3,3,2,3,1,1,1,1
5,9,37,0.00010114745236933231,0,0,3,5,3,2,2,2,1,2,1,2
5,9,38,0.0007185415597632527,0,0,3,5,3,3,2,3,1,2,1,2
5,9,39,0.0007062315125949681,0,0,3,5,3,4,2,4,1,2,1,2
5,9,41,0.10727046430110931,0,1,3,6,3,1,2,0,1,0,1,1
5,9,44,0.011533943004906178,0,1,3,6,3,4,2,0,1,0,1,1
5,9,45,0.36799702048301697,0,1,3,6,3,5,2,0,1,0,1,1
5,10,0,9.1695343144238e-05,0,0,3,1,4,0,2,0,1,2,1,4
5,10,2,0.0008230757084675133,0,0,3,3,4,2,2,1,1,1,1,1
5,10,3,0.00016633467748761177,0,0,3,3,4,3,2,1,1,1,1,1
5,10,7,0.00011894814815605059,0,0,3,3,4,1,2,2,1,1,1,1
5,10,8,0.00011596806143643335,0,0,3,3,4,2,2,2,1,1,1,1
5,10,11,6.39516074443236e-05,0,0,3,3,4,5,2,2,1,1,1,1
5,10,13,0.003007369115948677,0,0,3,3,4,1,2,3,1,1,1,1
5,10,14,0.0004551079764496535,0,0,3,3,4,2,2,3,1,1,1,1
5,10,16,0.0008204806363210082,0,0,3,3,4,4,2,3,1,1,1,1
5,10,17,0.00023275319836102426,0,0,3,3,4,5,2,3,1,1,1,1
5,10,19,0.00010749459033831954,0,0,3,3,4,1,2,4,1,1,1,1
5,10,20,8.266301301773638e-05,0,0,3,3,4,2,2,4,1,1,1,1
5,10,22,0.00014605035539716482,0,0,3,3,4,4,2,4,1,1,1,1
5,10,26,0.0004930563736706972,0,0,3,3,4,2,2,5,1,1,1,1
5,10,27,0.00037989215343259275,0,0,3,3,4,3,2,5,1,1,1,1
5,10,29,4.361633546068333e-05,0,0,3,3,4,5,2,5,1,1,1,1
5,10,32,0.0008845648844726384,0,0,3,4,4,2,2,2,1,1,1,1
5,10,33,0.0009275834891013801,0,0,3,4,4,3,2,3,1,1,1,1
5,10,37,6.081496394472197e-05,0,0,3,5,4,2,2,2,1,2,1,2
5,10,38,0.00013858133752364665,0,0,3,5,4,3,2,3,1,2,1,2
5,10,39,0.00017506713629700243,0,0,3,5,4,4,2,4,1,2,1,2
5,10,41,0.2120811939239502,0,1,3,6,4,1,2,0,1,0,1,1
5,10,44,0.7426144480705261,0,1,3,6,4,4,2,0,1,0,1,1
5,10,45,0.03596997633576393,0,1,3,6,4,5,2,0,1,0,1,1
5,12,0,0.00630808062851429,0,0,3,1,6,0,2,0,1,2,1,4
5,12,2,0.005617337767034769,0,0,3,3,6,2,2,1,1,1,1,1
5,12,3,0.0024064118042588234,0,0,3,3,6,3,2,1,1,1,1,1
5,12,7,0.011880488134920597,0,0,3,3,6,1,2,2,1,1,1,1
5,12,8,0.018199319019913673,0,0,3,3,6,2,2,2,1,1,1,1
5,12,11,0.008205931633710861,0,0,3,3,6,5,2,2,1,1,1,1
5,12,13,0.03969275578856468,0,0,3,3,6,1,2,3,1,1,1,1
5,12,14,0.00784851610660553,0,0,3,3,6,2,2,3,1,1,1,1
5,12,16,0.0055475058034062386,0,0,3,3,6,4,2,3,1,1,1,1
5,12,17,0.023382307961583138,0,0,3,3,6,5,2,3,1,1,1,1
5,12,19,0.004949647001922131,0,0,3,3,6,1,2,4,1,1,1,1
5,12,20,0.009625028818845749,0,0,3,3,6,2,2,4,1,1,1,1
5,12,22,0.002202457282692194,0,0,3,3,6,4,2,4,1,1,1,1
5,12,26,0.004290092270821333,0,0,3,3,6,2,2,5,1,1,1,1
5,12,27,0.00538953160867095,0,0,3,3,6,3,2,5,1,1,1,1
5,12,29,0.0017910081660375,0,0,3,3,6,5,2,5,1,1,1,1
5,12,32,0.17516036331653595,0,0,3,4,6,2,2,2,1,1,1,1
5,12,33,0.3700088858604431,0,0,3,4,6,3,2,3,1,1,1,1
5,12,37,0.005307099781930447,0,0,3,5,6,2,2,2,1,2,1,2
5,12,38,0.006968404166400433,0,0,3,5,6,3,2,3,1,2,1,2
5,12,39,0.00400881189852953,0,0,3,5,6,4,2,4,1,2,1,2
5,12,41,0.05132637917995453,0,1,3,6,6,1,2,0,1,0,1,1
5,12,44,0.10734136402606964,0,1,3,6,6,4,2,0,1,0,1,1
5,12,45,0.1225423663854599,0,1,3,6,6,5,2,0,1,0,1,1
5,15,0,2.4451173885609023e-06,0,0,3,1,3,0,3,0,1,2,1,4
5,15,2,0.00286033540032804,0,0,3,3,3,2,3,1,1,1,1,1
5,15,3,0.003890607040375471,0,0,3,3,3,3,3,1,1,1,1,1
5,15,7,0.004755993839353323,0,0,3,3,3,1,3,2,1,1,1,1
5,15,8,0.0016477411845698953,0,0,3,3,3,2,3,2,1,1,1,1
5,15,11,0.01632307656109333,0,0,3,3,3,5,3,2,1,1,1,1
5,15,13,0.0004033729201182723,0,0,3,3,3,1,3,3,1,1,1,1
5,15,14,0.0005745122907683253,0,0,3,3,3,2,3,3,1,1,1,1
5,15,16,3.560583354556002e-05,0,0,3,3,3,4,3,3,1,1,1,1
5,15,17,0.0033373376354575157,0,0,3,3,3,5,3,3,1,1,1,1
5,15,19,0.00018727460701484233,0,0,3,3,3,1,3,4,1,1,1,1
5,15,20,0.0007582377875223756,0,0,3,3,3,2,3,4,1,1,1,1
5,15,22,0.00010267682955600321,0,0,3,3,3,4,3,4,1,1,1,1
5,15,26,0.0005659933085553348,0,0,3,3,3,2,3,5,1,1,1,1
5,15,27,0.00887136161327362,0,0,3,3,3,3,3,5,1,1,1,1
5,15,29,0.0026896363124251366,0,0,3,3,3,5,3,5,1,1,1,1
5,15,32,0.002684277016669512,0,0,3,4,3,2,3,2,1,1,1,1
5,15,33,0.003814403433352709,0,0,3,4,3,3,3,3,1,1,1,1
5,15,37,2.3634873286937363e-05,0,0,3,5,3,2,3,2,1,2,1,2
5,15,38,7.079072383930907e-05,0,0,3,5,3,3,3,3,1,2,1,2
5,15,39,9.007990593090653e-05,0,0,3,5,3,4,3,4,1,2,1,2
5,15,41,0.03930643945932388,0,1,3,6,3,1,3,0,1,0,1,1
5,15,44,0.005184621084481478,0,1,3,6,3,4,3,0,1,0,1,1
5,15,45,0.9018190503120422,0,1,3,6,3,5,3,0,1,0,1,1
5,18,0,2.2197793896339135e-06,0,0,3,1,6,0,3,0,1,2,1,4
5,18,2,0.0003095482534263283,0,0,3,3,6,2,3,1,1,1,1,1
5,18,3,0.00010897804895648733,0,0,3,3,6,3,3,1,1,1,1,1
5,18,7,0.0001755087578203529,0,0,3,3,6,1,3,2,1,1,1,1
5,18,8,0.00010624754941090941,0,0,3,3,6,2,3,2,1,1,1,1
5,18,11,0.0006603585206903517,0,0,3,3,6,5,3,2,1,1,1,1
5,18,13,3.989749529864639e-05,0,0,3,3,6,1,3,3,1,1,1,1
5,18,14,1.493631862103939e-05,0,0,3,3,6,2,3,3,1,1,1,1
5,18,16,3.6872718283120776e-06,0,0,3,3,6,4,3,3,1,1,1,1
5,18,17,0.00011848288704641163,0,0,3,3,6,5,3,3,1,1,1,1
5,18,19,9.162704373011366e-06,0,0,3,3,6,1,3,4,1,1,1,1
5,18,20,4.722753874375485e-05,0,0,3,3,6,2,3,4,1,1,1,1
5,18,22,2.049296563200187e-05,0,0,3,3,6,4,3,4,1,1,1,1
5,18,26,2.9024819014011882e-05,0,0,3,3,6,2,3,5,1,1,1,1
5,18,27,7.416432345053181e-05,0,0,3,3,6,3,3,5,1,1,1,1
5,18,29,1.6835179849294946e-05,0,0,3,3,6,5,3,5,1,1,1,1
5,18,32,5.102738941786811e-05,0,0,3,4,6,2,3,2,1,1,1,1
5,18,33,2.312105607416015e-05,0,0,3,4,6,3,3,3,1,1,1,1
5,18,37,4.0763276047073305e-05,0,0,3,5,6,2,3,2,1,2,1,2
5,18,38,1.1924740647373255e-05,0,0,3,5,6,3,3,3,1,2,1,2
5,18,39,2.4686734832357615e-05,0,0,3,5,6,4,3,4,1,2,1,2
5,18,41,0.013958935625851154,0,1,3,6,6,1,3,0,1,0,1,1
5,18,44,0.020690960809588432,0,1,3,6,6,4,3,0,1,0,1,1
5,18,45,0.9634615182876587,0,1,3,6,6,5,3,0,1,0,1,1
5,21,0,4.349257949343155e-07,0,0,3,1,3,0,4,0,1,2,1,4
5,21,2,0.0023595551028847694,0,0,3,3,3,2,4,1,1,1,1,1
5,21,3,0.0059435549192130566,0,0,3,3,3,3,4,1,1,1,1,1
5,21,7,0.004797911271452904,0,0,3,3,3,1,4,2,1,1,1,1
5,21,8,0.0013864091597497463,0,0,3,3,3,2,4,2,1,1,1,1
5,21,11,0.014992790296673775,0,0,3,3,3,5,4,2,1,1,1,1
5,21,13,0.0015615992015227675,0,0,3,3,3,1,4,3,1,1,1,1
5,21,14,0.0029204573947936296,0,0,3,3,3,2,4,3,1,1,1,1
5,21,16,0.00034117838367819786,0,0,3,3,3,4,4,3,1,1,1,1
5,21,17,0.003190048737451434,0,0,3,3,3,5,4,3,1,1,1,1
5,21,19,0.00018084105977322906,0,0,3,3,3,1,4,4,1,1,1,1
5,21,20,0.0004528145072981715,0,0,3,3,3,2,4,4,1,1,1,1
5,21,22,0.00021485147590283304,0,0,3,3,3,4,4,4,1,1,1,1
5,21,26,0.0046573784202337265,0,0,3,3,3,2,4,5,1,1,1,1
5,21,27,0.010784367099404335,0,0,3,3,3,3,4,5,1,1,1,1
5,21,29,0.011312763206660748,0,0,3,3,3,5,4,5,1,1,1,1
5,21,32,0.0010583847761154175,0,0,3,4,3,2,4,2,1,1,1,1
5,21,33,0.0029049539007246494,0,0,3,4,3,3,4,3,1,1,1,1
5,21,37,1.604036515345797e-05,0,0,3,5,3,2,4,2,1,2,1,2
5,21,38,4.15072645409964e-05,0,0,3,5,3,3,4,3,1,2,1,2
5,21,39,5.3267081966623664e-05,0,0,3,5,3,4,4,4,1,2,1,2
5,21,41,0.26654696464538574,0,1,3,6,3,1,4,0,1,0,1,1
5,21,44,0.023816557601094246,0,1,3,6,3,4,4,0,1,0,1,1
5,21,45,0.6404653787612915,0,1,3,6,3,5,4,0,1,0,1,1
5,23,0,9.120190952671692e-06,0,0,3,1,5,0,4,0,1,2,1,4
5,23,2,0.0007801474421285093,0,0,3,3,5,2,4,1,1,1,1,1
5,23,3,0.0013978721108287573,0,0,3,3,5,3,4,1,1,1,1,1
5,23,7,0.0005804042448289692,0,0,3,3,5,1,4,2,1,1,1,1
5,23,8,0.00028695957735180855,0,0,3,3,5,2,4,2,1,1,1,1
5,23,11,0.0013025380903854966,0,0,3,3,5,5,4,2,1,1,1,1
5,23,13,0.0016187443397939205,0,0,3,3,5,1,4,3,1,1,1,1
5,23,14,0.0007381500909104943,0,0,3,3,5,2,4,3,1,1,1,1
5,23,16,0.000401071272790432,0,0,3,3,5,4,4,3,1,1,1,1
5,23,17,0.001711490680463612,0,0,3,3,5,5,4,3,1,1,1,1
5,23,19,0.00010689500777516514,0,0,3,3,5,1,4,4,1,1,1,1
5,23,20,0.00017425930127501488,0,0,3,3,5,2,4,4,1,1,1,1
5,23,22,0.00019829830853268504,0,0,3,3,5,4,4,4,1,1,1,1
5,23,26,0.002902476815506816,0,0,3,3,5,2,4,5,1,1,1,1
5,23,27,0.0030415565706789494,0,0,3,3,5,3,4,5,1,1,1,1
5,23,29,0.0008764260564930737,0,0,3,3,5,5,4,5,1,1,1,1
5,23,32,0.001142468536272645,0,0,3,4,5,2,4,2,1,1,1,1
5,23,33,0.004208873957395554,0,0,3,4,5,3,4,3,1,1,1,1
5,23,37,4.149604865233414e-05,0,0,3,5,5,2,4,2,1,2,1,2
5,23,38,0.0001361452741548419,0,0,3,5,5,3,4,3,1,2,1,2
5,23,39,0.00026717002037912607,0,0,3,5,5,4,4,4,1,2,1,2
5,23,41,0.1772216558456421,0,1,3,6,5,1,4,0,1,0,1,1
5,23,44,0.09975618124008179,0,1,3,6,5,4,4,0,1,0,1,1
5,23,45,0.7010988593101501,0,1,3,6,5,5,4,0,1,0,1,1
5,24,0,1.1567715318960836e-07,0,0,3,1,6,0,4,0,1,2,1,4
5,24,2,0.0003370904305484146,0,0,3,3,6,2,4,1,1,1,1,1
5,24,3,0.00018265681865159422,0,0,3,3,6,3,4,1,1,1,1,1
5,24,7,0.0017606350593268871,0,0,3,3,6,1,4,2,1,1,1,1
5,24,8,0.0010118101490661502,0,0,3,3,6,2,4,2,1,1,1,1
5,24,11,0.021883167326450348,0,0,3,3,6,5,4,2,1,1,1,1
5,24,13,5.115058593219146e-05,0,0,3,3,6,1,4,3,1,1,1,1
5,24,14,9.346255683340132e-05,0,0,3,3,6,2,4,3,1,1,1,1
5,24,16,1.5944799088174477e-05,0,0,3,3,6,4,4,3,1,1,1,1
5,24,17,0.0005431591998785734,0,0,3,3,6,5,4,3,1,1,1,1
5,24,19,2.074063195323106e-05,0,0,3,3,6,1,4,4,1,1,1,1
5,24,20,0.0002269239048473537,0,0,3,3,6,2,4,4,1,1,1,1
5,24,22,7.058768096612766e-05,0,0,3,3,6,4,4,4,1,1,1,1
5,24,26,5.490654439199716e-05,0,0,3,3,6,2,4,5,1,1,1,1
5,24,27,5.186820271774195e-05,0,0,3,3,6,3,4,5,1,1,1,1
5,24,29,0.0003174504672642797,0,0,3,3,6,5,4,5,1,1,1,1
5,24,32,4.760433148476295e-05,0,0,3,4,6,2,4,2,1,1,1,1
5,24,33,2.0174757082713768e-05,0,0,3,4,6,3,4,3,1,1,1,1
5,24,37,3.1657033105148e-05,0,0,3,5,6,2,4,2,1,2,1,2
5,24,38,5.112978215038311e-06,0,0,3,5,6,3,4,3,1,2,1,2
5,24,39,8.623073881608434e-06,0,0,3,5,6,4,4,4,1,2,1,2
5,24,41,0.005435752682387829,0,1,3,6,6,1,4,0,1,0,1,1
5,24,44,0.0025696102529764175,0,1,3,6,6,4,4,0,1,0,1,1
5,24,45,0.9652600884437561,0,1,3,6,6,5,4,0,1,0,1,1
5,25,0,0.09025129675865173,0,0,3,1,1,0,5,0,1,2,1,4
5,25,2,0.018201665952801704,0,0,3,3,1,2,5,1,1,1,1,1
5,25,3,0.005102606024593115,0,0,3,3,1,3,5,1,1,1,1,1
5,25,7,0.003432273166254163,0,0,3,3,1,1,5,2,1,1,1,1
5,25,8,0.008835221640765667,0,0,3,3,1,2,5,2,1,1,1,1
5,25,11,0.0024120514281094074,0,0,3,3,1,5,5,2,1,1,1,1
5,25,13,0.011594957672059536,0,0,3,3,1,1,5,3,1,1,1,1
5,25,14,0.0025411664973944426,0,0,3,3,1,2,5,3,1,1,1,1
5,25,16,0.0007208961760625243,0,0,3,3,1,4,5,3,1,1,1,1
5,25,17,0.011358238756656647,0,0,3,3,1,5,5,3,1,1,1,1
5,25,19,0.0022707972675561905,0,0,3,3,1,1,5,4,1,1,1,1
5,25,20,0.006651313044130802,0,0,3,3,1,2,5,4,1,1,1,1
5,25,22,0.002565874485298991,0,0,3,3,1,4,5,4,1,1,1,1
5,25,26,0.0020393694285303354,0,0,3,3,1,2,5,5,1,1,1,1
5,25,27,0.0041755917482078075,0,0,3,3,1,3,5,5,1,1,1,1
5,25,29,0.00017198648129124194,0,0,3,3,1,5,5,5,1,1,1,1
5,25,32,0.012403427623212337,0,0,3,4,1,2,5,2,1,1,1,1
5,25,33,0.0266178660094738,0,0,3,4,1,3,5,3,1,1,1,1
5,25,37,0.011236442252993584,0,0,3,5,1,2,5,2,1,2,1,2
5,25,38,0.004633376374840736,0,0,3,5,1,3,5,3,1,2,1,2
5,25,39,0.0029059664811939,0,0,3,5,1,4,5,4,1,2,1,2
5,25,41,0.04550562798976898,0,1,3,6,1,1,5,0,1,0,1,1
5,25,44,0.2704891860485077,0,1,3,6,1,4,5,0,1,0,1,1
5,25,45,0.4538828432559967,0,1,3,6,1,5,5,0,1,0,1,1
5,28,0,1.3644942953305872e-07,0,0,3,1,4,0,5,0,1,2,1,4
5,28,2,0.00012887475895695388,0,0,3,3,4,2,5,1,1,1,1,1
5,28,3,0.00014748582907486707,0,0,3,3,4,3,5,1,1,1,1,1
5,28,7,9.89244017546298e-06,0,0,3,3,4,1,5,2,1,1,1,1
5,28,8,2.7465480343380477e-06,0,0,3,3,4,2,5,2,1,1,1,1
5,28,11,2.7188561944058165e-05,0,0,3,3,4,5,5,2,1,1,1,1
5,28,13,3.4103341022273526e-05,0,0,3,3,4,1,5,3,1,1,1,1
5,28,14,1.0110208677360788e-05,0,0,3,3,4,2,5,3,1,1,1,1
5,28,16,2.4474449674016796e-05,0,0,3,3,4,4,5,3,1,1,1,1
5,28,17,2.792575651255902e-05,0,0,3,3,4,5,5,3,1,1,1,1
5,28,19,6.310147455224069e-06,0,0,3,3,4,1,5,4,1,1,1,1
5,28,20,4.857047770201461e-06,0,0,3,3,4,2,5,4,1,1,1,1
5,28,22,5.7067292800638825e-05,0,0,3,3,4,4,5,4,1,1,1,1
5,28,26,8.256920409621671e-05,0,0,3,3,4,2,5,5,1,1,1,1
5,28,27,0.0003097980807069689,0,0,3,3,4,3,5,5,1,1,1,1
5,28,29,2.0063129340996966e-05,0,0,3,3,4,5,5,5,1,1,1,1
5,28,32,1.0102006626766524e-06,0,0,3,4,4,2,5,2,1,1,1,1
5,28,33,1.605141505933716e-06,0,0,3,4,4,3,5,3,1,1,1,1
5,28,37,2.659358528944722e-07,0,0,3,5,4,2,5,2,1,2,1,2
5,28,38,2.404950691925478e-06,0,0,3,5,4,3,5,3,1,2,1,2
5,28,39,1.687875010247808e-05,0,0,3,5,4,4,5,4,1,2,1,2
5,28,41,0.14107604324817657,0,1,3,6,4,1,5,0,1,0,1,1
5,28,44,0.2099103033542633,0,1,3,6,4,4,5,0,1,0,1,1
5,28,45,0.6480976939201355,0,1,3,6,4,5,5,0,1,0,1,1
5,30,0,2.506238388377824e-06,0,0,3,1,6,0,5,0,1,2,1,4
5,30,2,0.0001669774210313335,0,0,3,3,6,2,5,1,1,1,1,1
5,30,3,4.805008939001709e-05,0,0,3,3,6,3,5,1,1,1,1,1
5,30,7,0.00014724377251695842,0,0,3,3,6,1,5,2,1,1,1,1
5,30,8,6.545434007421136e-05,0,0,3,3,6,2,5,2,1,1,1,1
5,30,11,0.00035599892726168036,0,0,3,3,6,5,5,2,1,1,1,1
5,30,13,7.198764069471508e-05,0,0,3,3,6,1,5,3,1,1,1,1
5,30,14,1.0553778338362463e-05,0,0,3,3,6,2,5,3,1,1,1,1
5,30,16,8.651556527183857e-06,0,0,3,3,6,4,5,3,1,1,1,1
5,30,17,8.176494884537533e-05,0,0,3,3,6,5,5,3,1,1,1,1
5,30,19,8.793216693447903e-06,0,0,3,3,6,1,5,4,1,1,1,1
5,30,20,2.5501556592644192e-05,0,0,3,3,6,2,5,4,1,1,1,1
5,30,22,1.7833534002420492e-05,0,0,3,3,6,4,5,4,1,1,1,1
5,30,26,3.1878713343758136e-05,0,0,3,3,6,2,5,5,1,1,1,1
5,30,27,1.3926484825788066e-05,0,0,3,3,6,3,5,5,1,1,1,1
5,30,29,8.339176019944716e-06,0,0,3,3,6,5,5,5,1,1,1,1
5,30,32,1.2773148228006903e-05,0,0,3,4,6,2,5,2,1,1,1,1
5,30,33,9.243465683539398e-06,0,0,3,4,6,3,5,3,1,1,1,1
5,30,37,0.00012640270870178938,0,0,3,5,6,2,5,2,1,2,1,2
5,30,38,1.0054777703771833e-05,0,0,3,5,6,3,5,3,1,2,1,2
5,30,39,1.1887836080859415e-05,0,0,3,5,6,4,5,4,1,2,1,2
5,30,41,0.024279141798615456,0,1,3,6,6,1,5,0,1,0,1,1
5,30,44,0.111520916223526,0,1,3,6,6,4,5,0,1,0,1,1
5,30,45,0.8629639148712158,0,1,3,6,6,5,5,0,1,0,1,1
5,31,0,0.007837454788386822,0,0,4,1,1,0,1,0,1,2,1,4
5,31,2,0.01691858284175396,0,0,4,3,1,2,1,1,1,1,1,1
5,31,3,0.01778753660619259,0,0,4,3,1,3,1,1,1,1,1,1
5,31,7,0.022986702620983124,0,0,4,3,1,1,1,2,1,1,1,1
5,31,8,0.0681433379650116,0,0,4,3,1,2,1,2,1,1,1,1
5,31,11,0.4180218279361725,0,0,4,3,1,5,1,2,1,1,1,1
5,31,13,0.0016859212191775441,0,0,4,3,1,1,1,3,1,1,1,1
5,31,14,0.00764929223805666,0,0,4,3,1,2,1,3,1,1,1,1
5,31,16,0.0030491563957184553,0,0,4,3,1,4,1,3,1,1,1,1
5,31,17,0.07838771492242813,0,0,4,3,1,5,1,3,1,1,1,1
5,31,19,0.0146319679915905,0,0,4,3,1,1,1,4,1,1,1,1
5,31,20,0.19338364899158478,0,0,4,3,1,2,1,4,1,1,1,1
5,31,22,0.06131843104958534,0,0,4,3,1,4,1,4,1,1,1,1
5,31,26,0.0011342588113620877,0,0,4,3,1,2,1,5,1,1,1,1
5,31,27,0.0008024270064197481,0,0,4,3,1,3,1,5,1,1,1,1
5,31,29,0.008716732263565063,0,0,4,3,1,5,1,5,1,1,1,1
5,31,32,0.0013693425571545959,0,0,4,4,1,2,1,2,1,1,1,1
5,31,33,0.0029433174058794975,0,0,4,4,1,3,1,3,1,1,1,1
5,31,37,0.04276740923523903,0,0,4,5,1,2,1,2,1,2,1,2
5,31,38,0.007439463399350643,0,0,4,5,1,3,1,3,1,2,1,2
5,31,39,0.011789961718022823,0,0,4,5,1,4,1,4,1,2,1,2
5,31,41,1.0415315045975149e-05,0,1,4,6,1,1,1,0,1,0,1,1
5,31,44,6.636949547100812e-05,0,1,4,6,1,4,1,0,1,0,1,1
5,31,45,0.011158708482980728,0,1,4,6,1,5,1,0,1,0,1,1
5,34,0,5.1373091991990805e-05,0,0,4,1,4,0,4,0,1,2,1,4
5,34,2,0.016116801649332047,0,0,4,3,4,2,4,1,1,1,1,1
5,34,3,0.009084784425795078,0,0,4,3,4,3,4,1,1,1,1,1
5,34,7,0.005006014369428158,0,0,4,3,4,1,4,2,1,1,1,1
5,34,8,0.0033648593816906214,0,0,4,3,4,2,4,2,1,1,1,1
5,34,11,0.04155696555972099,0,0,4,3,4,5,4,2,1,1,1,1
5,34,13,0.0006447549676522613,0,0,4,3,4,1,4,3,1,1,1,1
5,34,14,0.0014691303949803114,0,0,4,3,4,2,4,3,1,1,1,1
5,34,16,0.00012891403457615525,0,0,4,3,4,4,4,3,1,1,1,1
5,34,17,0.004926782567054033,0,0,4,3,4,5,4,3,1,1,1,1
5,34,19,0.00033329022699035704,0,0,4,3,4,1,4,4,1,1,1,1
5,34,20,0.0025242676492780447,0,0,4,3,4,2,4,4,1,1,1,1
5,34,22,0.0005946459714323282,0,0,4,3,4,4,4,4,1,1,1,1
5,34,26,0.0007873277645558119,0,0,4,3,4,2,4,5,1,1,1,1
5,34,27,0.001087513635866344,0,0,4,3,4,3,4,5,1,1,1,1
5,34,29,0.001287817140109837,0,0,4,3,4,5,4,5,1,1,1,1
5,34,32,0.0008683805936016142,0,0,4,4,4,2,4,2,1,1,1,1
5,34,33,0.0008492103079333901,0,0,4,4,4,3,4,3,1,1,1,1
5,34,37,0.0018286280101165175,0,0,4,5,4,2,4,2,1,2,1,2
5,34,38,0.0003879263822454959,0,0,4,5,4,3,4,3,1,2,1,2
5,34,39,0.0007033171714283526,0,0,4,5,4,4,4,4,1,2,1,2
5,34,41,0.009349411353468895,0,1,4,6,4,1,4,0,1,0,1,1
5,34,44,0.014119227416813374,0,1,4,6,4,4,4,0,1,0,1,1
5,34,45,0.882928729057312,0,1,4,6,4,5,4,0,1,0,1,1
5,35,0,9.675475531878419e-09,0,0,4,1,5,0,5,0,1,2,1,4
5,35,2,0.0009301111567765474,0,0,4,3,5,2,5,1,1,1,1,1
5,35,3,0.0004980460507795215,0,0,4,3,5,3,5,1,1,1,1,1
5,35,7,0.0008808303391560912,0,0,4,3,5,1,5,2,1,1,1,1
5,35,8,0.0004438582109287381,0,0,4,3,5,2,5,2,1,1,1,1
5,35,11,0.05034438520669937,0,0,4,3,5,5,5,2,1,1,1,1
5,35,13,2.6998643079423346e-05,0,0,4,3,5,1,5,3,1,1,1,1
5,35,14,0.00018217462638858706,0,0,4,3,5,2,5,3,1,1,1,1
5,35,16,3.494385236990638e-05,0,0,4,3,5,4,5,3,1,1,1,1
5,35,17,0.0007143878610804677,0,0,4,3,5,5,5,3,1,1,1,1
5,35,19,2.1574496713583358e-05,0,0,4,3,5,1,5,4,1,1,1,1
5,35,20,0.00025030889082700014,0,0,4,3,5,2,5,4,1,1,1,1
5,35,22,0.00016450820839963853,0,0,4,3,5,4,5,4,1,1,1,1
5,35,26,4.9198875785805285e-05,0,0,4,3,5,2,5,5,1,1,1,1
5,35,27,3.242427555960603e-05,0,0,4,3,5,3,5,5,1,1,1,1
5,35,29,0.0006698223878629506,0,0,4,3,5,5,5,5,1,1,1,1
5,35,32,4.0011334931477904e-05,0,0,4,4,5,2,5,2,1,1,1,1
5,35,33,1.1960209121752996e-05,0,0,4,4,5,3,5,3,1,1,1,1
5,35,37,3.005828330060467e-05,0,0,4,5,5,2,5,2,1,2,1,2
5,35,38,7.139414719858905e-06,0,0,4,5,5,3,5,3,1,2,1,2
5,35,39,2.6255002012476325e-05,0,0,4,5,5,4,5,4,1,2,1,2
5,35,41,0.002264709211885929,0,1,4,6,5,1,5,0,1,0,1,1
5,35,44,0.0024053347297012806,0,1,4,6,5,4,5,0,1,0,1,1
5,35,45,0.9399703741073608,0,1,4,6,5,5,5,0,1,0,1,1
5,36,0,0.9728208184242249,0,0,5,1,1,0,1,0,2,2,2,4
5,36,2,0.0008072719210758805,0,0,5,3,1,2,1,1,2,1,2,1
5,36,3,0.0003459694853518158,0,0,5,3,1,3,1,1,2,1,2,1
5,36,7,0.00042378154466859996,0,0,5,3,1,1,1,2,2,1,2,1
5,36,8,0.002918974729254842,0,0,5,3,1,2,1,2,2,1,2,1
5,36,11,0.0001199514081235975,0,0,5,3,1,5,1,2,2,1,2,1
5,36,13,0.002094602445140481,0,0,5,3,1,1,1,3,2,1,2,1
5,36,14,0.000756678928155452,0,0,5,3,1,2,1,3,2,1,2,1
5,36,16,0.0007244195439852774,0,0,5,3,1,4,1,3,2,1,2,1
5,36,17,0.0015198779292404652,0,0,5,3,1,5,1,3,2,1,2,1
5,36,19,0.0021608988754451275,0,0,5,3,1,1,1,4,2,1,2,1
5,36,20,0.0043961056508123875,0,0,5,3,1,2,1,4,2,1,2,1
5,36,22,0.0026870425790548325,0,0,5,3,1,4,1,4,2,1,2,1
5,36,26,0.0003294199996162206,0,0,5,3,1,2,1,5,2,1,2,1
5,36,27,0.0001784257183317095,0,0,5,3,1,3,1,5,2,1,2,1
5,36,29,4.030127092846669e-05,0,0,5,3,1,5,1,5,2,1,2,1
5,36,32,0.00027102604508399963,0,0,5,4,1,2,1,2,2,1,2,1
5,36,33,0.0013082603691145778,0,0,5,4,1,3,1,3,2,1,2,1
5,36,37,0.0038724858313798904,0,0,5,5,1,2,1,2,2,2,2,2
5,36,38,0.0010995155898854136,0,0,5,5,1,3,1,3,2,2,2,2
5,36,39,0.0008422717801295221,0,0,5,5,1,4,1,4,2,2,2,2
5,36,41,1.7325530279777013e-05,0,1,5,6,1,1,1,0,2,0,2,1
5,36,44,0.00020916912762913853,0,1,5,6,1,4,1,0,2,0,2,1
5,36,45,5.575234172283672e-05,0,1,5,6,1,5,1,0,2,0,2,1
5,40,0,0.00026828970294445753,0,0,5,1,5,0,5,0,2,2,2,4
5,40,2,0.0022654877975583076,0,0,5,3,5,2,5,1,2,1,2,1
5,40,3,0.0020296312868595123,0,0,5,3,5,3,5,1,2,1,2,1
5,40,7,0.004326274618506432,0,0,5,3,5,1,5,2,2,1,2,1
5,40,8,0.002454934176057577,0,0,5,3,5,2,5,2,2,1,2,1
5,40,11,0.005001168232411146,0,0,5,3,5,5,5,2,2,1,2,1
5,40,13,0.004718943499028683,0,0,5,3,5,1,5,3,2,1,2,1
5,40,14,0.002397627802565694,0,0,5,3,5,2,5,3,2,1,2,1
5,40,16,0.0036820366512984037,0,0,5,3,5,4,5,3,2,1,2,1
5,40,17,0.0018497491255402565,0,0,5,3,5,5,5,3,2,1,2,1
5,40,19,0.0010139874648302794,0,0,5,3,5,1,5,4,2,1,2,1
5,40,20,0.0009954649722203612,0,0,5,3,5,2,5,4,2,1,2,1
5,40,22,0.0023687968496233225,0,0,5,3,5,4,5,4,2,1,2,1
5,40,26,0.007751842495054007,0,0,5,3,5,2,5,5,2,1,2,1
5,40,27,0.006245656404644251,0,0,5,3,5,3,5,5,2,1,2,1
5,40,29,0.004628489725291729,0,0,5,3,5,5,5,5,2,1,2,1
5,40,32,0.0006057264399714768,0,0,5,4,5,2,5,2,2,1,2,1
5,40,33,0.00037955414154566824,0,0,5,4,5,3,5,3,2,1,2,1
5,40,37,0.0002647875517141074,0,0,5,5,5,2,5,2,2,2,2,2
5,40,38,0.000396678049582988,0,0,5,5,5,3,5,3,2,2,2,2
5,40,39,0.00047951232409104705,0,0,5,5,5,4,5,4,2,2,2,2
5,40,41,0.5041560530662537,0,1,5,6,5,1,5,0,2,0,2,1
5,40,44,0.1589205116033554,0,1,5,6,5,4,5,0,2,0,2,1
5,40,45,0.2827984392642975,0,1,5,6,5,5,5,0,2,0,2,1
5,42,0,0.012540493160486221,1,0,6,1,2,0,0,0,0,2,1,4
5,42,2,0.028068380430340767,1,0,6,3,2,2,0,1,0,1,1,1
5,42,3,0.033734481781721115,1,0,6,3,2,3,0,1,0,1,1,1
5,42,7,0.019840611144900322,1,0,6,3,2,1,0,2,0,1,1,1
5,42,8,0.025345440953969955,1,0,6,3,2,2,0,2,0,1,1,1
5,42,11,0.04639703407883644,1,0,6,3,2,5,0,2,0,1,1,1
5,42,13,0.0013117589987814426,1,0,6,3,2,1,0,3,0,1,1,1
5,42,14,0.010314703918993473,1,0,6,3,2,2,0,3,0,1,1,1
5,42,16,0.01780068501830101,1,0,6,3,2,4,0,3,0,1,1,1
5,42,17,0.05334476754069328,1,0,6,3,2,5,0,3,0,1,1,1
5,42,19,0.03884122893214226,1,0,6,3,2,1,0,4,0,1,1,1
5,42,20,0.0322205014526844,1,0,6,3,2,2,0,4,0,1,1,1
5,42,22,0.20025499165058136,1,0,6,3,2,4,0,4,0,1,1,1
5,42,26,0.0189980436116457,1,0,6,3,2,2,0,5,0,1,1,1
5,42,27,0.011011285707354546,1,0,6,3,2,3,0,5,0,1,1,1
5,42,29,0.047173649072647095,1,0,6,3,2,5,0,5,0,1,1,1
5,42,32,0.0017116942908614874,1,0,6,4,2,2,0,2,0,1,1,1
5,42,33,0.0006640919600613415,1,0,6,4,2,3,0,3,0,1,1,1
5,42,37,0.13572558760643005,1,0,6,5,2,2,0,2,0,2,1,2
5,42,38,0.024157043546438217,1,0,6,5,2,3,0,3,0,2,1,2
5,42,39,0.12150610983371735,1,0,6,5,2,4,0,4,0,2,1,2
5,42,41,0.003507782006636262,1,1,6,6,2,1,0,0,0,0,1,1
5,42,44,0.009593009017407894,1,1,6,6,2,4,0,0,0,0,1,1
5,42,45,0.10593640804290771,1,1,6,6,2,5,0,0,0,0,1,1
5,43,0,3.630356388839573e-07,1,0,6,1,3,0,0,0,0,2,1,4
5,43,2,0.001127623487263918,1,0,6,3,3,2,0,1,0,1,1,1
5,43,3,0.0006173255969770253,1,0,6,3,3,3,0,1,0,1,1,1
5,43,7,0.00371928745880723,1,0,6,3,3,1,0,2,0,1,1,1
5,43,8,0.0034417761489748955,1,0,6,3,3,2,0,2,0,1,1,1
5,43,11,0.04892236366868019,1,0,6,3,3,5,0,2,0,1,1,1
5,43,13,1.6035452063078992e-05,1,0,6,3,3,1,0,3,0,1,1,1
5,43,14,0.0009512174292467535,1,0,6,3,3,2,0,3,0,1,1,1
5,43,16,0.0022641520481556654,1,0,6,3,3,4,0,3,0,1,1,1
5,43,17,0.005682718940079212,1,0,6,3,3,5,0,3,0,1,1,1
5,43,19,0.0006945292698219419,1,0,6,3,3,1,0,4,0,1,1,1
5,43,20,0.0010344077600166202,1,0,6,3,3,2,0,4,0,1,1,1
5,43,22,0.01992638222873211,1,0,6,3,3,4,0,4,0,1,1,1
5,43,26,0.000680699769873172,1,0,6,3,3,2,0,5,0,1,1,1
5,43,27,0.00012748665176331997,1,0,6,3,3,3,0,5,0,1,1,1
5,43,29,0.0149100162088871,1,0,6,3,3,5,0,5,0,1,1,1
5,43,32,1.4627154087065719e-05,1,0,6,4,3,2,0,2,0,1,1,1
5,43,33,1.181910079139925e-06,1,0,6,4,3,3,0,3,0,1,1,1
5,43,37,0.0006191631546244025,1,0,6,5,3,2,0,2,0,2,1,2
5,43,38,5.6830009270925075e-05,1,0,6,5,3,3,0,3,0,2,1,2
5,43,39,0.0008947966853156686,1,0,6,5,3,4,0,4,0,2,1,2
5,43,41,0.004267309792339802,1,1,6,6,3,1,0,0,0,0,1,1
5,43,44,0.005220731254667044,1,1,6,6,3,4,0,0,0,0,1,1
5,43,45,0.8848095536231995,1,1,6,6,3,5,0,0,0,0,1,1
5,46,0,0.0015121742617338896,1,0,6,1,6,0,0,0,0,2,1,4
5,46,2,0.003319146577268839,1,0,6,3,6,2,0,1,0,1,1,1
5,46,3,0.0007370571838691831,1,0,6,3,6,3,0,1,0,1,1,1
5,46,7,0.008883010596036911,1,0,6,3,6,1,0,2,0,1,1,1
5,46,8,0.021566646173596382,1,0,6,3,6,2,0,2,0,1,1,1
5,46,11,0.03776981681585312,1,0,6,3,6,5,0,2,0,1,1,1
5,46,13,9.896509436657652e-05,1,0,6,3,6,1,0,3,0,1,1,1
5,46,14,0.0005284989019855857,1,0,6,3,6,2,0,3,0,1,1,1
5,46,16,0.000675076327752322,1,0,6,3,6,4,0,3,0,1,1,1
5,46,17,0.002786902943626046,1,0,6,3,6,5,0,3,0,1,1,1
5,46,19,0.0025203125551342964,1,0,6,3,6,1,0,4,0,1,1,1
5,46,20,0.006713227368891239,1,0,6,3,6,2,0,4,0,1,1,1
5,46,22,0.01578959822654724,1,0,6,3,6,4,0,4,0,1,1,1
5,46,26,0.00030141600291244686,1,0,6,3,6,2,0,5,0,1,1,1
5,46,27,1.9738625269383192e-05,1,0,6,3,6,3,0,5,0,1,1,1
5,46,29,0.0008536422392353415,1,0,6,3,6,5,0,5,0,1,1,1
5,46,32,0.00011055846698582172,1,0,6,4,6,2,0,2,0,1,1,1
5,46,33,5.532391696760897e-06,1,0,6,4,6,3,0,3,0,1,1,1
5,46,37,0.8618883490562439,1,0,6,5,6,2,0,2,0,2,1,2
5,46,38,0.0019314781529828906,1,0,6,5,6,3,0,3,0,2,1,2
5,46,39,0.002807026728987694,1,0,6,5,6,4,0,4,0,2,1,2
5,46,41,0.00021302122331690043,1,1,6,6,6,1,0,0,0,0,1,1
5,46,44,0.0022279361728578806,1,1,6,6,6,4,0,0,0,0,1,1
5,46,45,0.026740645989775658,1,1,6,6,6,5,0,0,0,0,1,1
5,47,0,0.997219443321228,2,0,7,1,0,0,0,0,0,2,4,4
5,47,2,1.790225724107586e-05,2,0,7,3,0,2,0,1,0,1,4,1
5,47,3,3.929293234250508e-05,2,0,7,3,0,3,0,1,0,1,4,1
5,47,7,6.781867796235019e-06,2,0,7,3,0,1,0,2,0,1,4,1
5,47,8,5.618041905108839e-05,2,0,7,3,0,2,0,2,0,1,4,1
5,47,11,1.3391203310675337e-06,2,0,7,3,0,5,0,2,0,1,4,1
5,47,13,2.2451009499491192e-05,2,0,7,3,0,1,0,3,0,1,4,1
5,47,14,7.010869467194425e-06,2,0,7,3,0,2,0,3,0,1,4,1
5,47,16,3.7606387195410207e-06,2,0,7,3,0,4,0,3,0,1,4,1
5,47,17,6.892187229823321e-05,2,0,7,3,0,5,0,3,0,1,4,1
5,47,19,6.96428760420531e-05,2,0,7,3,0,1,0,4,0,1,4,1
5,47,20,0.00012829923070967197,2,0,7,3,0,2,0,4,0,1,4,1
5,47,22,9.524985944153741e-05,2,0,7,3,0,4,0,4,0,1,4,1
5,47,26,3.179416307830252e-05,2,0,7,3,0,2,0,5,0,1,4,1
5,47,27,7.959400682011619e-05,2,0,7,3,0,3,0,5,0,1,4,1
5,47,29,1.1389180372134433e-06,2,0,7,3,0,5,0,5,0,1,4,1
5,47,32,1.9405189959798008e-05,2,0,7,4,0,2,0,2,0,1,4,1
5,47,33,0.00017930343165062368,2,0,7,4,0,3,0,3,0,1,4,1
5,47,37,0.001243256963789463,2,0,7,5,0,2,0,2,0,2,4,2
5,47,38,0.0004092513700015843,2,0,7,5,0,3,0,3,0,2,4,2
5,47,39,0.00029594689840450883,2,0,7,5,0,4,0,4,0,2,4,2
5,47,41,1.997648126916829e-07,2,1,7,6,0,1,0,0,0,0,4,1
5,47,44,1.139193841481756e-06,2,1,7,6,0,4,0,0,0,0,4,1
5,47,45,2.743839104368817e-06,2,1,7,6,0,5,0,0,0,0,4,1
6,1,0,0.08689664304256439,0,0,3,1,1,0,1,0,1,2,1,4
6,1,3,0.00787334330379963,0,0,3,3,1,3,1,1,1,1,1,1
6,1,4,0.18131397664546967,0,0,3,3,1,4,1,1,1,1,1,1
6,1,5,0.010377990081906319,0,0,3,3,1,5,1,1,1,1,1,1
6,1,9,0.022714650258421898,0,0,3,3,1,3,1,2,1,1,1,1
6,1,11,0.09842970222234726,0,0,3,3,1,5,1,2,1,1,1,1
6,1,12,0.06710448861122131,0,0,3,3,1,6,1,2,1,1,1,1
6,1,14,0.00840039737522602,0,0,3,3,1,2,1,3,1,1,1,1
6,1,16,0.05735264718532562,0,0,3,3,1,4,1,3,1,1,1,1
6,1,17,0.00651293620467186,0,0,3,3,1,5,1,3,1,1,1,1
6,1,20,0.009200929664075375,0,0,3,3,1,2,1,4,1,1,1,1
6,1,21,0.008031036704778671,0,0,3,3,1,3,1,4,1,1,1,1
6,1,22,0.14606386423110962,0,0,3,3,1,4,1,4,1,1,1,1
6,1,25,0.07067301869392395,0,0,3,3,1,1,1,5,1,1,1,1
6,1,27,0.002744130091741681,0,0,3,3,1,3,1,5,1,1,1,1
6,1,30,0.011768191121518612,0,0,3,3,1,6,1,5,1,1,1,1
6,1,33,0.0005807768902741373,0,0,3,4,1,3,1,3,1,1,1,1
6,1,34,0.0057410867884755135,0,0,3,4,1,4,1,4,1,1,1,1
6,1,35,0.0023732706904411316,0,0,3,4,1,5,1,5,1,1,1,1
6,1,39,0.021446935832500458,0,0,3,5,1,4,1,4,1,2,1,2
6,1,40,0.018904002383351326,0,0,3,5,1,5,1,5,1,2,1,2
6,1,41,0.05821847915649414,0,1,3,6,1,1,1,0,1,0,1,1
6,1,44,0.05358994007110596,0,1,3,6,1,4,1,0,1,0,1,1
6,1,46,0.04368750751018524,0,1,3,6,1,6,1,0,1,0,1,1
6,2,0,0.06803014874458313,0,0,3,1,2,0,1,0,1,2,1,4
6,2,3,0.01710926927626133,0,0,3,3,2,3,1,1,1,1,1,1
6,2,4,0.16296511888504028,0,0,3,3,2,4,1,1,1,1,1,1
6,2,5,0.007401837036013603,0,0,3,3,2,5,1,1,1,1,1,1
6,2,9,0.09830796718597412,0,0,3,3,2,3,1,2,1,1,1,1
6,2,11,0.02473045140504837,0,0,3,3,2,5,1,2,1,1,1,1
6,2,12,0.03825090453028679,0,0,3,3,2,6,1,2,1,1,1,1
6,2,14,0.006694760173559189,0,0,3,3,2,2,1,3,1,1,1,1
6,2,16,0.06829114258289337,0,0,3,3,2,4,1,3,1,1,1,1
6,2,17,0.005346894729882479,0,0,3,3,2,5,1,3,1,1,1,1
6,2,20,0.010274684056639671,0,0,3,3,2,2,1,4,1,1,1,1
6,2,21,0.014899645932018757,0,0,3,3,2,3,1,4,1,1,1,1
6,2,22,0.10239594429731369,0,0,3,3,2,4,1,4,1,1,1,1
6,2,25,0.07613061368465424,0,0,3,3,2,1,1,5,1,1,1,1
6,2,27,0.019838847219944,0,0,3,3,2,3,1,5,1,1,1,1
6,2,30,0.035026758909225464,0,0,3,3,2,6,1,5,1,1,1,1
6,2,33,0.004412864800542593,0,0,3,4,2,3,1,3,1,1,1,1
6,2,34,0.010111755691468716,0,0,3,4,2,4,1,4,1,1,1,1
6,2,35,0.0022051965352147818,0,0,3,4,2,5,1,5,1,1,1,1
6,2,39,0.04143473133444786,0,0,3,5,2,4,1,4,1,2,1,2
6,2,40,0.01702398993074894,0,0,3,5,2,5,1,5,1,2,1,2
6,2,41,0.04469282925128937,0,1,3,6,2,1,1,0,1,0,1,1
6,2,44,0.0811641663312912,0,1,3,6,2,4,1,0,1,0,1,1
6,2,46,0.043259598314762115,0,1,3,6,2,6,1,0,1,0,1,1
6,6,0,0.6506223678588867,0,0,3,1,6,0,1,0,1,2,1,4
6,6,3,0.004774651490151882,0,0,3,3,6,3,1,1,1,1,1,1
6,6,4,0.02345913276076317,0,0,3,3,6,4,1,1,1,1,1,1
6,6,5,0.005579566583037376,0,0,3,3,6,5,1,1,1,1,1,1
6,6,9,0.04970049113035202,0,0,3,3,6,3,1,2,1,1,1,1
6,6,11,0.02498011291027069,0,0,3,3,6,5,1,2,1,1,1,1
6,6,12,0.03286391869187355,0,0,3,3,6,6,1,2,1,1,1,1
6,6,14,0.011187683790922165,0,0,3,3,6,2,1,3,1,1,1,1
6,6,16,0.019088134169578552,0,0,3,3,6,4,1,3,1,1,1,1
6,6,17,0.0068083410151302814,0,0,3,3,6,5,1,3,1,1,1,1
6,6,20,0.006751937326043844,0,0,3,3,6,2,1,4,1,1,1,1
6,6,21,0.0037802450824528933,0,0,3,3,6,3,1,4,1,1,1,1
6,6,22,0.025892028585076332,0,0,3,3,6,4,1,4,1,1,1,1
6,6,25,0.03373076766729355,0,0,3,3,6,1,1,5,1,1,1,1
6,6,27,0.004843311849981546,0,0,3,3,6,3,1,5,1,1,1,1
6,6,30,0.011002550832927227,0,0,3,3,6,6,1,5,1,1,1,1
6,6,33,0.003427772782742977,0,0,3,4,6,3,1,3,1,1,1,1
6,6,34,0.002838966902345419,0,0,3,4,6,4,1,4,1,1,1,1
6,6,35,0.0018617913592606783,0,0,3,4,6,5,1,5,1,1,1,1
6,6,39,0.02242191880941391,0,0,3,5,6,4,1,4,1,2,1,2
6,6,40,0.01791917346417904,0,0,3,5,6,5,1,5,1,2,1,2
6,6,41,0.014376794919371605,0,1,3,6,6,1,1,0,1,0,1,1
6,6,44,0.008758255280554295,0,1,3,6,6,4,1,0,1,0,1,1
6,6,46,0.013330340385437012,0,1,3,6,6,6,1,0,1,0,1,1
6,7,0,0.11441363394260406,0,0,3,1,1,0,2,0,1,2,1,4
6,7,3,0.000401509169023484,0,0,3,3,1,3,2,1,1,1,1,1
6,7,4,0.021393639966845512,0,0,3,3,1,4,2,1,1,1,1,1
6,7,5,0.00029803405050188303,0,0,3,3,1,5,2,1,1,1,1,1
6,7,9,0.0137178935110569,0,0,3,3,1,3,2,2,1,1,1,1
6,7,11,0.0036275447346270084,0,0,3,3,1,5,2,2,1,1,1,1
6,7,12,0.004300752189010382,0,0,3,3,1,6,2,2,1,1,1,1
6,7,14,0.0011397779453545809,0,0,3,3,1,2,2,3,1,1,1,1
6,7,16,0.016957497224211693,0,0,3,3,1,4,2,3,1,1,1,1
6,7,17,0.0018200738122686744,0,0,3,3,1,5,2,3,1,1,1,1
6,7,20,0.012076201848685741,0,0,3,3,1,2,2,4,1,1,1,1
6,7,21,0.0014376655453816056,0,0,3,3,1,3,2,4,1,1,1,1
6,7,22,0.029093272984027863,0,0,3,3,1,4,2,4,1,1,1,1
6,7,25,0.037240736186504364,0,0,3,3,1,1,2,5,1,1,1,1
6,7,27,0.0024777930229902267,0,0,3,3,1,3,2,5,1,1,1,1
6,7,30,0.020014168694615364,0,0,3,3,1,6,2,5,1,1,1,1
6,7,33,0.0010131652234122157,0,0,3,4,1,3,2,3,1,1,1,1
6,7,34,0.09813645482063293,0,0,3,4,1,4,2,4,1,1,1,1
6,7,35,0.0031758612021803856,0,0,3,4,1,5,2,5,1,1,1,1
6,7,39,0.21645638346672058,0,0,3,5,1,4,2,4,1,2,1,2
6,7,40,0.2599283456802368,0,0,3,5,1,5,2,5,1,2,1,2
6,7,41,0.021593214944005013,0,1,3,6,1,1,2,0,1,0,1,1
6,7,44,0.04781167209148407,0,1,3,6,1,4,2,0,1,0,1,1
6,7,46,0.07147478312253952,0,1,3,6,1,6,2,0,1,0,1,1
6,8,0,0.03215060755610466,0,0,3,1,2,0,2,0,1,2,1,4
6,8,3,0.0034244710113853216,0,0,3,3,2,3,2,1,1,1,1,1
6,8,4,0.03293418884277344,0,0,3,3,2,4,2,1,1,1,1,1
6,8,5,0.0025846499484032393,0,0,3,3,2,5,2,1,1,1,1,1
6,8,9,0.023803021758794785,0,0,3,3,2,3,2,2,1,1,1,1
6,8,11,0.007121521979570389,0,0,3,3,2,5,2,2,1,1,1,1
6,8,12,0.020790936425328255,0,0,3,3,2,6,2,2,1,1,1,1
6,8,14,0.013276646845042706,0,0,3,3,2,2,2,3,1,1,1,1
6,8,16,0.02477000281214714,0,0,3,3,2,4,2,3,1,1,1,1
6,8,17,0.012959661893546581,0,0,3,3,2,5,2,3,1,1,1,1
6,8,20,0.038280658423900604,0,0,3,3,2,2,2,4,1,1,1,1
6,8,21,0.008182523772120476,0,0,3,3,2,3,2,4,1,1,1,1
6,8,22,0.021030502393841743,0,0,3,3,2,4,2,4,1,1,1,1
6,8,25,0.14476428925991058,0,0,3,3,2,1,2,5,1,1,1,1
6,8,27,0.022548330947756767,0,0,3,3,2,3,2,5,1,1,1,1
6,8,30,0.028612462803721428,0,0,3,3,2,6,2,5,1,1,1,1
6,8,33,0.008609495125710964,0,0,3,4,2,3,2,3,1,1,1,1
6,8,34,0.04405145347118378,0,0,3,4,2,4,2,4,1,1,1,1
6,8,35,0.009647857397794724,0,0,3,4,2,5,2,5,1,1,1,1
6,8,39,0.23260940611362457,0,0,3,5,2,4,2,4,1,2,1,2
6,8,40,0.18880011141300201,0,0,3,5,2,5,2,5,1,2,1,2
6,8,41,0.009259252808988094,0,1,3,6,2,1,2,0,1,0,1,1
6,8,44,0.01939489133656025,0,1,3,6,2,4,2,0,1,0,1,1
6,8,46,0.050393156707286835,0,1,3,6,2,6,2,0,1,0,1,1
6,10,0,0.03977203369140625,0,0,3,1,4,0,2,0,1,2,1,4
6,10,3,5.948567377345171e-06,0,0,3,3,4,3,2,1,1,1,1,1
6,10,4,0.00028818348073400557,0,0,3,3,4,4,2,1,1,1,1,1
6,10,5,0.00012463575694710016,0,0,3,3,4,5,2,1,1,1,1,1
6,10,9,0.0004715610120911151,0,0,3,3,4,3,2,2,1,1,1,1
6,10,11,0.0002139113930752501,0,0,3,3,4,5,2,2,1,1,1,1
6,10,12,0.0023022566456347704,0,0,3,3,4,6,2,2,1,1,1,1
6,10,14,0.0010184820275753736,0,0,3,3,4,2,2,3,1,1,1,1
6,10,16,0.0012034861138090491,0,0,3,3,4,4,2,3,1,1,1,1
6,10,17,0.0004909553681500256,0,0,3,3,4,5,2,3,1,1,1,1
6,10,20,0.00035299870069138706,0,0,3,3,4,2,2,4,1,1,1,1
6,10,21,7.900421769591048e-05,0,0,3,3,4,3,2,4,1,1,1,1
6,10,22,0.0002829139993991703,0,0,3,3,4,4,2,4,1,1,1,1
6,10,25,0.001694223377853632,0,0,3,3,4,1,2,5,1,1,1,1
6,10,27,4.140876262681559e-05,0,0,3,3,4,3,2,5,1,1,1,1
6,10,30,0.000496639811899513,0,0,3,3,4,6,2,5,1,1,1,1
6,10,33,9.474978287471458e-05,0,0,3,4,4,3,2,3,1,1,1,1
6,10,34,0.0018808303866535425,0,0,3,4,4,4,2,4,1,1,1,1
6,10,35,6.545359792653471e-05,0,0,3,4,4,5,2,5,1,1,1,1
6,10,39,0.035101622343063354,0,0,3,5,4,4,2,4,1,2,1,2
6,10,40,0.013426970690488815,0,0,3,5,4,5,2,5,1,2,1,2
6,10,41,0.11539924144744873,0,1,3,6,4,1,2,0,1,0,1,1
6,10,44,0.12731404602527618,0,1,3,6,4,4,2,0,1,0,1,1
6,10,46,0.657878577709198,0,1,3,6,4,6,2,0,1,0,1,1
6,13,0,0.011622312478721142,0,0,3,1,1,0,3,0,1,2,1,4
6,13,3,0.035531871020793915,0,0,3,3,1,3,3,1,1,1,1,1
6,13,4,0.15332160890102386,0,0,3,3,1,4,3,1,1,1,1,1
6,13,5,0.021409399807453156,0,0,3,3,1,5,3,1,1,1,1,1
6,13,9,0.05462491512298584,0,0,3,3,1,3,3,2,1,1,1,1
6,13,11,0.0734943151473999,0,0,3,3,1,5,3,2,1,1,1,1
6,13,12,0.057543277740478516,0,0,3,3,1,6,3,2,1,1,1,1
6,13,14,0.01740519143640995,0,0,3,3,1,2,3,3,1,1,1,1
6,13,16,0.16894441843032837,0,0,3,3,1,4,3,3,1,1,1,1
6,13,17,0.018043268471956253,0,0,3,3,1,5,3,3,1,1,1,1
6,13,20,0.013031692244112492,0,0,3,3,1,2,3,4,1,1,1,1
6,13,21,0.042509108781814575,0,0,3,3,1,3,3,4,1,1,1,1
6,13,22,0.06623329967260361,0,0,3,3,1,4,3,4,1,1,1,1
6,13,25,0.09588979929685593,0,0,3,3,1,1,3,5,1,1,1,1
6,13,27,0.02713226154446602,0,0,3,3,1,3,3,5,1,1,1,1
6,13,30,0.0227808840572834,0,0,3,3,1,6,3,5,1,1,1,1
6,13,33,0.005916064139455557,0,0,3,4,1,3,3,3,1,1,1,1
6,13,34,0.009686756879091263,0,0,3,4,1,4,3,4,1,1,1,1
6,13,35,0.005674327723681927,0,0,3,4,1,5,3,5,1,1,1,1
6,13,39,0.03128610551357269,0,0,3,5,1,4,3,4,1,2,1,2
6,13,40,0.008345247246325016,0,0,3,5,1,5,3,5,1,2,1,2
6,13,41,0.008850647136569023,0,1,3,6,1,1,3,0,1,0,1,1
6,13,44,0.04503903165459633,0,1,3,6,1,4,3,0,1,0,1,1
6,13,46,0.005684291943907738,0,1,3,6,1,6,3,0,1,0,1,1
6,15,0,0.3218207359313965,0,0,3,1,3,0,3,0,1,2,1,4
6,15,3,0.005157527979463339,0,0,3,3,3,3,3,1,1,1,1,1
6,15,4,0.04689297080039978,0,0,3,3,3,4,3,1,1,1,1,1
6,15,5,0.0045035602524876595,0,0,3,3,3,5,3,1,1,1,1,1
6,15,9,0.08946564048528671,0,0,3,3,3,3,3,2,1,1,1,1
6,15,11,0.009275490418076515,0,0,3,3,3,5,3,2,1,1,1,1
6,15,12,0.0567808598279953,0,0,3,3,3,6,3,2,1,1,1,1
6,15,14,0.014483648352324963,0,0,3,3,3,2,3,3,1,1,1,1
6,15,16,0.0501750111579895,0,0,3,3,3,4,3,3,1,1,1,1
6,15,17,0.01556162629276514,0,0,3,3,3,5,3,3,1,1,1,1
6,15,20,0.004106799140572548,0,0,3,3,3,2,3,4,1,1,1,1
6,15,21,0.009144811891019344,0,0,3,3,3,3,3,4,1,1,1,1
6,15,22,0.03950647637248039,0,0,3,3,3,4,3,4,1,1,1,1
6,15,25,0.06901215761899948,0,0,3,3,3,1,3,5,1,1,1,1
6,15,27,0.00838285032659769,0,0,3,3,3,3,3,5,1,1,1,1
6,15,30,0.032260917127132416,0,0,3,3,3,6,3,5,1,1,1,1
6,15,33,0.019680099561810493,0,0,3,4,3,3,3,3,1,1,1,1
6,15,34,0.010881028138101101,0,0,3,4,3,4,3,4,1,1,1,1
6,15,35,0.0018651029095053673,0,0,3,4,3,5,3,5,1,1,1,1
6,15,39,0.17564153671264648,0,0,3,5,3,4,3,4,1,2,1,2
6,15,40,0.009486308321356773,0,0,3,5,3,5,3,5,1,2,1,2
6,15,41,0.0011182129383087158,0,1,3,6,3,1,3,0,1,0,1,1
6,15,44,0.00225794012658298,0,1,3,6,3,4,3,0,1,0,1,1
6,15,46,0.002538708271458745,0,1,3,6,3,6,3,0,1,0,1,1
6,18,0,0.661525309085846,0,0,3,1,6,0,3,0,1,2,1,4
6,18,3,0.01058852020651102,0,0,3,3,6,3,3,1,1,1,1,1
6,18,4,0.016930941492319107,0,0,3,3,6,4,3,1,1,1,1,1
6,18,5,0.009413926862180233,0,0,3,3,6,5,3,1,1,1,1,1
6,18,9,0.010112260468304157,0,0,3,3,6,3,3,2,1,1,1,1
6,18,11,0.004671771079301834,0,0,3,3,6,5,3,2,1,1,1,1
6,18,12,0.010472847148776054,0,0,3,3,6,6,3,2,1,1,1,1
6,18,14,0.03395630791783333,0,0,3,3,6,2,3,3,1,1,1,1
6,18,16,0.012831510044634342,0,0,3,3,6,4,3,3,1,1,1,1
6,18,17,0.040138889104127884,0,0,3,3,6,5,3,3,1,1,1,1
6,18,20,0.012182830832898617,0,0,3,3,6,2,3,4,1,1,1,1
6,18,21,0.004723356571048498,0,0,3,3,6,3,3,4,1,1,1,1
6,18,22,0.0058255805633962154,0,0,3,3,6,4,3,4,1,1,1,1
6,18,25,0.04573681950569153,0,0,3,3,6,1,3,5,1,1,1,1
6,18,27,0.010681401006877422,0,0,3,3,6,3,3,5,1,1,1,1
6,18,30,0.00635109655559063,0,0,3,3,6,6,3,5,1,1,1,1
6,18,33,0.04739544168114662,0,0,3,4,6,3,3,3,1,1,1,1
6,18,34,0.001828846987336874,0,0,3,4,6,4,3,4,1,1,1,1
6,18,35,0.009572051465511322,0,0,3,4,6,5,3,5,1,1,1,1
6,18,39,0.0266327653080225,0,0,3,5,6,4,3,4,1,2,1,2
6,18,40,0.017800776287913322,0,0,3,5,6,5,3,5,1,2,1,2
6,18,41,0.0001566326100146398,0,1,3,6,6,1,3,0,1,0,1,1
6,18,44,0.00019323089509271085,0,1,3,6,6,4,3,0,1,0,1,1
6,18,46,0.0002766253601294011,0,1,3,6,6,6,3,0,1,0,1,1
6,19,0,0.45148470997810364,0,0,3,1,1,0,4,0,1,2,1,4
6,19,3,0.001578492228873074,0,0,3,3,1,3,4,1,1,1,1,1
6,19,4,0.02261344902217388,0,0,3,3,1,4,4,1,1,1,1,1
6,19,5,0.004711080342531204,0,0,3,3,1,5,4,1,1,1,1,1
6,19,9,0.01396905817091465,0,0,3,3,1,3,4,2,1,1,1,1
6,19,11,0.016074106097221375,0,0,3,3,1,5,4,2,1,1,1,1
6,19,12,0.04017302393913269,0,0,3,3,1,6,4,2,1,1,1,1
6,19,14,0.01074269600212574,0,0,3,3,1,2,4,3,1,1,1,1
6,19,16,0.05487894266843796,0,0,3,3,1,4,4,3,1,1,1,1
6,19,17,0.004560382105410099,0,0,3,3,1,5,4,3,1,1,1,1
6,19,20,0.0026571289636194706,0,0,3,3,1,2,4,4,1,1,1,1
6,19,21,0.0035892631858587265,0,0,3,3,1,3,4,4,1,1,1,1
6,19,22,0.009145797230303288,0,0,3,3,1,4,4,4,1,1,1,1
6,19,25,0.025783542543649673,0,0,3,3,1,1,4,5,1,1,1,1
6,19,27,0.0014067451702430844,0,0,3,3,1,3,4,5,1,1,1,1
6,19,30,0.005807082634419203,0,0,3,3,1,6,4,5,1,1,1,1
6,19,33,0.0011035400675609708,0,0,3,4,1,3,4,3,1,1,1,1
6,19,34,0.0018424710724502802,0,0,3,4,1,4,4,4,1,1,1,1
6,19,35,0.0007133274339139462,0,0,3,4,1,5,4,5,1,1,1,1
6,19,39,0.03869054839015007,0,0,3,5,1,4,4,4,1,2,1,2
6,19,40,0.015328657813370228,0,0,3,5,1,5,4,5,1,2,1,2
6,19,41,0.04579417407512665,0,1,3,6,1,1,4,0,1,0,1,1
6,19,44,0.15930454432964325,0,1,3,6,1,4,4,0,1,0,1,1
6,19,46,0.06804750859737396,0,1,3,6,1,6,4,0,1,0,1,1
6,23,0,0.018577445298433304,0,0,3,1,5,0,4,0,1,2,1,4
6,23,3,0.0068277642130851746,0,0,3,3,5,3,4,1,1,1,1,1
6,23,4,0.06249776482582092,0,0,3,3,5,4,4,1,1,1,1,1
6,23,5,0.02746500074863434,0,0,3,3,5,5,4,1,1,1,1,1
6,23,9,0.08829671144485474,0,0,3,3,5,3,4,2,1,1,1,1
6,23,11,0.03956202045083046,0,0,3,3,5,5,4,2,1,1,1,1
6,23,12,0.20938602089881897,0,0,3,3,5,6,4,2,1,1,1,1
6,23,14,0.04007425159215927,0,0,3,3,5,2,4,3,1,1,1,1
6,23,16,0.05302181839942932,0,0,3,3,5,4,4,3,1,1,1,1
6,23,17,0.02539120800793171,0,0,3,3,5,5,4,3,1,1,1,1
6,23,20,0.010699101723730564,0,0,3,3,5,2,4,4,1,1,1,1
6,23,21,0.015287316404283047,0,0,3,3,5,3,4,4,1,1,1,1
6,23,22,0.04209834337234497,0,0,3,3,5,4,4,4,1,1,1,1
6,23,25,0.22234243154525757,0,0,3,3,5,1,4,5,1,1,1,1
6,23,27,0.021033139899373055,0,0,3,3,5,3,4,5,1,1,1,1
6,23,30,0.02177536115050316,0,0,3,3,5,6,4,5,1,1,1,1
6,23,33,0.009011464193463326,0,0,3,4,5,3,4,3,1,1,1,1
6,23,34,0.005546176806092262,0,0,3,4,5,4,4,4,1,1,1,1
6,23,35,0.003105771029368043,0,0,3,4,5,5,4,5,1,1,1,1
6,23,39,0.03264397755265236,0,0,3,5,5,4,4,4,1,2,1,2
6,23,40,0.009786753915250301,0,0,3,5,5,5,4,5,1,2,1,2
6,23,41,0.014115900732576847,0,1,3,6,5,1,4,0,1,0,1,1
6,23,44,0.00955609604716301,0,1,3,6,5,4,4,0,1,0,1,1
6,23,46,0.011898037977516651,0,1,3,6,5,6,4,0,1,0,1,1
6,24,0,0.7841923832893372,0,0,3,1,6,0,4,0,1,2,1,4
6,24,3,0.0006618006736971438,0,0,3,3,6,3,4,1,1,1,1,1
6,24,4,0.005788237787783146,0,0,3,3,6,4,4,1,1,1,1,1
6,24,5,0.002059970051050186,0,0,3,3,6,5,4,1,1,1,1,1
6,24,9,0.006949923932552338,0,0,3,3,6,3,4,2,1,1,1,1
6,24,11,0.0013851379044353962,0,0,3,3,6,5,4,2,1,1,1,1
6,24,12,0.018946098163723946,0,0,3,3,6,6,4,2,1,1,1,1
6,24,14,0.013042395934462547,0,0,3,3,6,2,4,3,1,1,1,1
6,24,16,0.011623922735452652,0,0,3,3,6,4,4,3,1,1,1,1
6,24,17,0.008392268791794777,0,0,3,3,6,5,4,3,1,1,1,1
6,24,20,0.0012666801922023296,0,0,3,3,6,2,4,4,1,1,1,1
6,24,21,0.0016988898860290647,0,0,3,3,6,3,4,4,1,1,1,1
6,24,22,0.002153565175831318,0,0,3,3,6,4,4,4,1,1,1,1
6,24,25,0.010598664171993732,0,0,3,3,6,1,4,5,1,1,1,1
6,24,27,0.0011679154122248292,0,0,3,3,6,3,4,5,1,1,1,1
6,24,30,0.0031569786369800568,0,0,3,3,6,6,4,5,1,1,1,1
6,24,33,0.01012683380395174,0,0,3,4,6,3,4,3,1,1,1,1
6,24,34,0.0013344301842153072,0,0,3,4,6,4,4,4,1,1,1,1
6,24,35,0.0005897716036997736,0,0,3,4,6,5,4,5,1,1,1,1
6,24,39,0.09027471393346786,0,0,3,5,6,4,4,4,1,2,1,2
6,24,40,0.010725917294621468,0,0,3,5,6,5,4,5,1,2,1,2
6,24,41,0.002131865592673421,0,1,3,6,6,1,4,0,1,0,1,1
6,24,44,0.004053447395563126,0,1,3,6,6,4,4,0,1,0,1,1
6,24,46,0.00767848826944828,0,1,3,6,6,6,4,0,1,0,1,1
6,26,0,0.24864010512828827,0,0,3,1,2,0,5,0,1,2,1,4
6,26,3,0.0028900024481117725,0,0,3,3,2,3,5,1,1,1,1,1
6,26,4,0.012871360406279564,0,0,3,3,2,4,5,1,1,1,1,1
6,26,5,0.00286398408934474,0,0,3,3,2,5,5,1,1,1,1,1
6,26,9,0.020815648138523102,0,0,3,3,2,3,5,2,1,1,1,1
6,26,11,0.004284210503101349,0,0,3,3,2,5,5,2,1,1,1,1
6,26,12,0.014286973513662815,0,0,3,3,2,6,5,2,1,1,1,1
6,26,14,0.022985002025961876,0,0,3,3,2,2,5,3,1,1,1,1
6,26,16,0.029527219012379646,0,0,3,3,2,4,5,3,1,1,1,1
6,26,17,0.02878851629793644,0,0,3,3,2,5,5,3,1,1,1,1
6,26,20,0.031052138656377792,0,0,3,3,2,2,5,4,1,1,1,1
6,26,21,0.007895072922110558,0,0,3,3,2,3,5,4,1,1,1,1
6,26,22,0.0062349820509552956,0,0,3,3,2,4,5,4,1,1,1,1
6,26,25,0.07135473936796188,0,0,3,3,2,1,5,5,1,1,1,1
6,26,27,0.023365836590528488,0,0,3,3,2,3,5,5,1,1,1,1
6,26,30,0.010929923504590988,0,0,3,3,2,6,5,5,1,1,1,1
6,26,33,0.04638276249170303,0,0,3,4,2,3,5,3,1,1,1,1
6,26,34,0.020101821050047874,0,0,3,4,2,4,5,4,1,1,1,1
6,26,35,0.010613396763801575,0,0,3,4,2,5,5,5,1,1,1,1
6,26,39,0.21743981540203094,0,0,3,5,2,4,5,4,1,2,1,2
6,26,40,0.15148700773715973,0,0,3,5,2,5,5,5,1,2,1,2
6,26,41,0.0028877686709165573,0,1,3,6,2,1,5,0,1,0,1,1
6,26,44,0.0066831703297793865,0,1,3,6,2,4,5,0,1,0,1,1
6,26,46,0.005618773866444826,0,1,3,6,2,6,5,0,1,0,1,1
6,28,0,0.006454541347920895,0,0,3,1,4,0,5,0,1,2,1,4
6,28,3,0.0014665656490251422,0,0,3,3,4,3,5,1,1,1,1,1
6,28,4,0.0009235006291419268,0,0,3,3,4,4,5,1,1,1,1,1
6,28,5,0.014689701609313488,0,0,3,3,4,5,5,1,1,1,1,1
6,28,9,0.08318082988262177,0,0,3,3,4,3,5,2,1,1,1,1
6,28,11,0.15250222384929657,0,0,3,3,4,5,5,2,1,1,1,1
6,28,12,0.12569159269332886,0,0,3,3,4,6,5,2,1,1,1,1
6,28,14,0.08775828778743744,0,0,3,3,4,2,5,3,1,1,1,1
6,28,16,0.011595101095736027,0,0,3,3,4,4,5,3,1,1,1,1
6,28,17,0.02895735204219818,0,0,3,3,4,5,5,3,1,1,1,1
6,28,20,0.07070805877447128,0,0,3,3,4,2,5,4,1,1,1,1
6,28,21,0.008723156526684761,0,0,3,3,4,3,5,4,1,1,1,1
6,28,22,0.006998489610850811,0,0,3,3,4,4,5,4,1,1,1,1
6,28,25,0.3255637288093567,0,0,3,3,4,1,5,5,1,1,1,1
6,28,27,0.012396195903420448,0,0,3,3,4,3,5,5,1,1,1,1
6,28,30,0.009394893422722816,0,0,3,3,4,6,5,5,1,1,1,1
6,28,33,0.0008068375755101442,0,0,3,4,4,3,5,3,1,1,1,1
6,28,34,0.00720943184569478,0,0,3,4,4,4,5,4,1,1,1,1
6,28,35,0.006972774397581816,0,0,3,4,4,5,5,5,1,1,1,1
6,28,39,0.002504573203623295,0,0,3,5,4,4,5,4,1,2,1,2
6,28,40,0.002672358648851514,0,0,3,5,4,5,5,5,1,2,1,2
6,28,41,0.018867073580622673,0,1,3,6,4,1,5,0,1,0,1,1
6,28,44,0.005560506600886583,0,1,3,6,4,4,5,0,1,0,1,1
6,28,46,0.008402264676988125,0,1,3,6,4,6,5,0,1,0,1,1
6,29,0,0.16911494731903076,0,0,3,1,5,0,5,0,1,2,1,4
6,29,3,0.0008374423487111926,0,0,3,3,5,3,5,1,1,1,1,1
6,29,4,0.005425524897873402,0,0,3,3,5,4,5,1,1,1,1,1
6,29,5,0.003475571982562542,0,0,3,3,5,5,5,1,1,1,1,1
6,29,9,0.04787612706422806,0,0,3,3,5,3,5,2,1,1,1,1
6,29,11,0.009703348390758038,0,0,3,3,5,5,5,2,1,1,1,1
6,29,12,0.04413364827632904,0,0,3,3,5,6,5,2,1,1,1,1
6,29,14,0.033720485866069794,0,0,3,3,5,2,5,3,1,1,1,1
6,29,16,0.010631723329424858,0,0,3,3,5,4,5,3,1,1,1,1
6,29,17,0.0322372242808342,0,0,3,3,5,5,5,3,1,1,1,1
6,29,20,0.032842379063367844,0,0,3,3,5,2,5,4,1,1,1,1
6,29,21,0.0030078794807195663,0,0,3,3,5,3,5,4,1,1,1,1
6,29,22,0.011395816691219807,0,0,3,3,5,4,5,4,1,1,1,1
6,29,25,0.21503807604312897,0,0,3,3,5,1,5,5,1,1,1,1
6,29,27,0.014675738289952278,0,0,3,3,5,3,5,5,1,1,1,1
6,29,30,0.023040900006890297,0,0,3,3,5,6,5,5,1,1,1,1
6,29,33,0.021808218210935593,0,0,3,4,5,3,5,3,1,1,1,1
6,29,34,0.032049760222435,0,0,3,4,5,4,5,4,1,1,1,1
6,29,35,0.012606300413608551,0,0,3,4,5,5,5,5,1,1,1,1
6,29,39,0.13539601862430573,0,0,3,5,5,4,5,4,1,2,1,2
6,29,40,0.1356927901506424,0,0,3,5,5,5,5,5,1,2,1,2
6,29,41,0.0014382004737854004,0,1,3,6,5,1,5,0,1,0,1,1
6,29,44,0.0004809865786228329,0,1,3,6,5,4,5,0,1,0,1,1
6,29,46,0.0033704445231705904,0,1,3,6,5,6,5,0,1,0,1,1
6,31,0,0.0375434048473835,0,0,4,1,1,0,1,0,1,2,1,4
6,31,3,0.016536878421902657,0,0,4,3,1,3,1,1,1,1,1,1
6,31,4,0.06915344297885895,0,0,4,3,1,4,1,1,1,1,1,1
6,31,5,0.022781984880566597,0,0,4,3,1,5,1,1,1,1,1,1
6,31,9,0.021926099434494972,0,0,4,3,1,3,1,2,1,1,1,1
6,31,11,0.11869978159666061,0,0,4,3,1,5,1,2,1,1,1,1
6,31,12,0.03907168284058571,0,0,4,3,1,6,1,2,1,1,1,1
6,31,14,0.015127470716834068,0,0,4,3,1,2,1,3,1,1,1,1
6,31,16,0.06961087137460709,0,0,4,3,1,4,1,3,1,1,1,1
6,31,17,0.010023804381489754,0,0,4,3,1,5,1,3,1,1,1,1
6,31,20,0.018489833921194077,0,0,4,3,1,2,1,4,1,1,1,1
6,31,21,0.015350552275776863,0,0,4,3,1,3,1,4,1,1,1,1
6,31,22,0.04605533927679062,0,0,4,3,1,4,1,4,1,1,1,1
6,31,25,0.044032659381628036,0,0,4,3,1,1,1,5,1,1,1,1
6,31,27,0.00920469593256712,0,0,4,3,1,3,1,5,1,1,1,1
6,31,30,0.011156025342643261,0,0,4,3,1,6,1,5,1,1,1,1
6,31,33,0.0017260962631553411,0,0,4,4,1,3,1,3,1,1,1,1
6,31,34,0.007418191060423851,0,0,4,4,1,4,1,4,1,1,1,1
6,31,35,0.007003025151789188,0,0,4,4,1,5,1,5,1,1,1,1
6,31,39,0.013326521031558514,0,0,4,5,1,4,1,4,1,2,1,2
6,31,40,0.02850959636271,0,0,4,5,1,5,1,5,1,2,1,2
6,31,41,0.13172647356987,0,1,4,6,1,1,1,0,1,0,1,1
6,31,44,0.1911107450723648,0,1,4,6,1,4,1,0,1,0,1,1
6,31,46,0.054415155202150345,0,1,4,6,1,6,1,0,1,0,1,1
6,32,0,0.000173967782757245,0,0,4,1,2,0,2,0,1,2,1,4
6,32,3,0.01896628364920616,0,0,4,3,2,3,2,1,1,1,1,1
6,32,4,0.05355985090136528,0,0,4,3,2,4,2,1,1,1,1,1
6,32,5,0.0037712962366640568,0,0,4,3,2,5,2,1,1,1,1,1
6,32,9,0.08827478438615799,0,0,4,3,2,3,2,2,1,1,1,1
6,32,11,0.019040348008275032,0,0,4,3,2,5,2,2,1,1,1,1
6,32,12,0.014153690077364445,0,0,4,3,2,6,2,2,1,1,1,1
6,32,14,0.005328395403921604,0,0,4,3,2,2,2,3,1,1,1,1
6,32,16,0.03050338476896286,0,0,4,3,2,4,2,3,1,1,1,1
6,32,17,0.005120677873492241,0,0,4,3,2,5,2,3,1,1,1,1
6,32,20,0.06094364821910858,0,0,4,3,2,2,2,4,1,1,1,1
6,32,21,0.03498812019824982,0,0,4,3,2,3,2,4,1,1,1,1
6,32,22,0.05001518502831459,0,0,4,3,2,4,2,4,1,1,1,1
6,32,25,0.1564106047153473,0,0,4,3,2,1,2,5,1,1,1,1
6,32,27,0.16096606850624084,0,0,4,3,2,3,2,5,1,1,1,1
6,32,30,0.049081914126873016,0,0,4,3,2,6,2,5,1,1,1,1
6,32,33,0.009827902540564537,0,0,4,4,2,3,2,3,1,1,1,1
6,32,34,0.14117389917373657,0,0,4,4,2,4,2,4,1,1,1,1
6,32,35,0.01591518148779869,0,0,4,4,2,5,2,5,1,1,1,1
6,32,39,0.0464952327311039,0,0,4,5,2,4,2,4,1,2,1,2
6,32,40,0.023820078000426292,0,0,4,5,2,5,2,5,1,2,1,2
6,32,41,0.0026303764898329973,0,1,4,6,2,1,2,0,1,0,1,1
6,32,44,0.006183707620948553,0,1,4,6,2,4,2,0,1,0,1,1
6,32,46,0.0026551170740276575,0,1,4,6,2,6,2,0,1,0,1,1
6,36,0,0.04525116831064224,0,0,5,1,1,0,1,0,2,2,2,4
6,36,3,0.025042595341801643,0,0,5,3,1,3,1,1,2,1,2,1
6,36,4,0.009099144488573074,0,0,5,3,1,4,1,1,2,1,2,1
6,36,5,0.0014008638681843877,0,0,5,3,1,5,1,1,2,1,2,1
6,36,9,8.795712346909568e-05,0,0,5,3,1,3,1,2,2,1,2,1
6,36,11,2.9907279895269312e-05,0,0,5,3,1,5,1,2,2,1,2,1
6,36,12,2.4900256903492846e-05,0,0,5,3,1,6,1,2,2,1,2,1
6,36,14,0.0015966264763846993,0,0,5,3,1,2,1,3,2,1,2,1
6,36,16,0.008417154662311077,0,0,5,3,1,4,1,3,2,1,2,1
6,36,17,0.010434028692543507,0,0,5,3,1,5,1,3,2,1,2,1
6,36,20,0.0014802829828113317,0,0,5,3,1,2,1,4,2,1,2,1
6,36,21,0.0026417593471705914,0,0,5,3,1,3,1,4,2,1,2,1
6,36,22,0.00021989028027746826,0,0,5,3,1,4,1,4,2,1,2,1
6,36,25,0.0003701000241562724,0,0,5,3,1,1,1,5,2,1,2,1
6,36,27,0.02789280377328396,0,0,5,3,1,3,1,5,2,1,2,1
6,36,30,0.0017241488676518202,0,0,5,3,1,6,1,5,2,1,2,1
6,36,33,0.5746231079101562,0,0,5,4,1,3,1,3,2,1,2,1
6,36,34,0.001682463800534606,0,0,5,4,1,4,1,4,2,1,2,1
6,36,35,0.023074252530932426,0,0,5,4,1,5,1,5,2,1,2,1
6,36,39,0.03653033822774887,0,0,5,5,1,4,1,4,2,2,2,2
6,36,40,0.22495000064373016,0,0,5,5,1,5,1,5,2,2,2,2
6,36,41,4.8750876885605976e-05,0,1,5,6,1,1,1,0,2,0,2,1
6,36,44,0.003090602345764637,0,1,5,6,1,4,1,0,2,0,2,1
6,36,46,0.00028706860030069947,0,1,5,6,1,6,1,0,2,0,2,1
6,37,0,0.020883480086922646,0,0,5,1,2,0,2,0,2,2,2,4
6,37,3,0.0012052394449710846,0,0,5,3,2,3,2,1,2,1,2,1
6,37,4,0.004205858800560236,0,0,5,3,2,4,2,1,2,1,2,1
6,37,5,6.978184683248401e-05,0,0,5,3,2,5,2,1,2,1,2,1
6,37,9,5.013136251363903e-05,0,0,5,3,2,3,2,2,2,1,2,1
6,37,11,2.1752653083240148e-06,0,0,5,3,2,5,2,2,2,1,2,1
6,37,12,7.948591701278929e-06,0,0,5,3,2,6,2,2,2,1,2,1
6,37,14,0.0002453196211718023,0,0,5,3,2,2,2,3,2,1,2,1
6,37,16,0.002189932158216834,0,0,5,3,2,4,2,3,2,1,2,1
6,37,17,0.0012918099528178573,0,0,5,3,2,5,2,3,2,1,2,1
6,37,20,0.0006904496694914997,0,0,5,3,2,2,2,4,2,1,2,1
6,37,21,0.00035203772131353617,0,0,5,3,2,3,2,4,2,1,2,1
6,37,22,8.16384272184223e-05,0,0,5,3,2,4,2,4,2,1,2,1
6,37,25,0.0004097119381185621,0,0,5,3,2,1,2,5,2,1,2,1
6,37,27,0.0056399391032755375,0,0,5,3,2,3,2,5,2,1,2,1
6,37,30,0.0019460461335256696,0,0,5,3,2,6,2,5,2,1,2,1
6,37,33,0.21807293593883514,0,0,5,4,2,3,2,3,2,1,2,1
6,37,34,0.006230558734387159,0,0,5,4,2,4,2,4,2,1,2,1
6,37,35,0.006014818325638771,0,0,5,4,2,5,2,5,2,1,2,1
6,37,39,0.3037017583847046,0,0,5,5,2,4,2,4,2,2,2,2
6,37,40,0.4262712597846985,0,0,5,5,2,5,2,5,2,2,2,2
6,37,41,3.825235580734443e-06,0,1,5,6,2,1,2,0,2,0,2,1
6,37,44,0.0003117954474873841,0,1,5,6,2,4,2,0,2,0,2,1
6,37,46,0.00012133046402595937,0,1,5,6,2,6,2,0,2,0,2,1
6,38,0,0.002945027779787779,0,0,5,1,3,0,3,0,2,2,2,4
6,38,3,0.0011573595693334937,0,0,5,3,3,3,3,1,2,1,2,1
6,38,4,0.00046869521611370146,0,0,5,3,3,4,3,1,2,1,2,1
6,38,5,6.878924614284188e-05,0,0,5,3,3,5,3,1,2,1,2,1
6,38,9,6.240914558475197e-07,0,0,5,3,3,3,3,2,2,1,2,1
6,38,11,5.482852927229942e-08,0,0,5,3,3,5,3,2,2,1,2,1
6,38,12,3.312448200176732e-07,0,0,5,3,3,6,3,2,2,1,2,1
6,38,14,4.942607120028697e-05,0,0,5,3,3,2,3,3,2,1,2,1
6,38,16,0.0001555592898512259,0,0,5,3,3,4,3,3,2,1,2,1
6,38,17,0.001373948180116713,0,0,5,3,3,5,3,3,2,1,2,1
6,38,20,5.95383016843698e-06,0,0,5,3,3,2,3,4,2,1,2,1
6,38,21,4.1554958443157375e-05,0,0,5,3,3,3,3,4,2,1,2,1
6,38,22,2.6828945465240395e-06,0,0,5,3,3,4,3,4,2,1,2,1
6,38,25,5.5721529861330055e-06,0,0,5,3,3,1,3,5,2,1,2,1
6,38,27,0.001456843107007444,0,0,5,3,3,3,3,5,2,1,2,1
6,38,30,3.543261482263915e-05,0,0,5,3,3,6,3,5,2,1,2,1
6,38,33,0.9850440621376038,0,0,5,4,3,3,3,3,2,1,2,1
6,38,34,7.172960067691747e-06,0,0,5,4,3,4,3,4,2,1,2,1
6,38,35,0.001047972240485251,0,0,5,4,3,5,3,5,2,1,2,1
6,38,39,0.001042908406816423,0,0,5,5,3,4,3,4,2,2,2,2
6,38,40,0.005089526996016502,0,0,5,5,3,5,3,5,2,2,2,2
6,38,41,2.6518645057649337e-09,0,1,5,6,3,1,3,0,2,0,2,1
6,38,44,1.5365959882274183e-07,0,1,5,6,3,4,3,0,2,0,2,1
6,38,46,1.6568233007774325e-08,0,1,5,6,3,6,3,0,2,0,2,1
6,42,0,0.03260312229394913,1,0,6,1,2,0,0,0,0,2,1,4
6,42,3,0.0004994035698473454,1,0,6,3,2,3,0,1,0,1,1,1
6,42,4,0.002219347283244133,1,0,6,3,2,4,0,1,0,1,1,1
6,42,5,0.0004298514686524868,1,0,6,3,2,5,0,1,0,1,1,1
6,42,9,0.0006617128383368254,1,0,6,3,2,3,0,2,0,1,1,1
6,42,11,0.0004887785762548447,1,0,6,3,2,5,0,2,0,1,1,1
6,42,12,0.001009679981507361,1,0,6,3,2,6,0,2,0,1,1,1
6,42,14,0.0008706797380000353,1,0,6,3,2,2,0,3,0,1,1,1
6,42,16,0.0007671981584280729,1,0,6,3,2,4,0,3,0,1,1,1
6,42,17,0.000561760738492012,1,0,6,3,2,5,0,3,0,1,1,1
6,42,20,0.002949186833575368,1,0,6,3,2,2,0,4,0,1,1,1
6,42,21,0.0008969512418843806,1,0,6,3,2,3,0,4,0,1,1,1
6,42,22,0.0029517589136958122,1,0,6,3,2,4,0,4,0,1,1,1
6,42,25,0.0008446035790257156,1,0,6,3,2,1,0,5,0,1,1,1
6,42,27,0.00044289062498137355,1,0,6,3,2,3,0,5,0,1,1,1
6,42,30,0.00031833999673835933,1,0,6,3,2,6,0,5,0,1,1,1
6,42,33,0.00031640188535675406,1,0,6,4,2,3,0,3,0,1,1,1
6,42,34,0.001029199454933405,1,0,6,4,2,4,0,4,0,1,1,1
6,42,35,0.0003511013346724212,1,0,6,4,2,5,0,5,0,1,1,1
6,42,39,0.000806993106380105,1,0,6,5,2,4,0,4,0,2,1,2
6,42,40,0.0025737378746271133,1,0,6,5,2,5,0,5,0,2,1,2
6,42,41,0.4806281626224518,1,1,6,6,2,1,0,0,0,0,1,1
6,42,44,0.13879552483558655,1,1,6,6,2,4,0,0,0,0,1,1
6,42,46,0.32698342204093933,1,1,6,6,2,6,0,0,0,0,1,1
6,43,0,0.005210914183408022,1,0,6,1,3,0,0,0,0,2,1,4
6,43,3,0.0012041775044053793,1,0,6,3,3,3,0,1,0,1,1,1
6,43,4,0.00564761133864522,1,0,6,3,3,4,0,1,0,1,1,1
6,43,5,0.0026094599161297083,1,0,6,3,3,5,0,1,0,1,1,1
6,43,9,0.0012240263167768717,1,0,6,3,3,3,0,2,0,1,1,1
6,43,11,0.0012866362230852246,1,0,6,3,3,5,0,2,0,1,1,1
6,43,12,0.0023544125724583864,1,0,6,3,3,6,0,2,0,1,1,1
6,43,14,0.0032700926531106234,1,0,6,3,3,2,0,3,0,1,1,1
6,43,16,0.0023624375462532043,1,0,6,3,3,4,0,3,0,1,1,1
6,43,17,0.0029120873659849167,1,0,6,3,3,5,0,3,0,1,1,1
6,43,20,0.020206864923238754,1,0,6,3,3,2,0,4,0,1,1,1
6,43,21,0.0020008557476103306,1,0,6,3,3,3,0,4,0,1,1,1
6,43,22,0.007100521586835384,1,0,6,3,3,4,0,4,0,1,1,1
6,43,25,0.021261829882860184,1,0,6,3,3,1,0,5,0,1,1,1
6,43,27,0.0027293814346194267,1,0,6,3,3,3,0,5,0,1,1,1
6,43,30,0.0017056544311344624,1,0,6,3,3,6,0,5,0,1,1,1
6,43,33,0.00043541836203075945,1,0,6,4,3,3,0,3,0,1,1,1
6,43,34,0.0026613243389874697,1,0,6,4,3,4,0,4,0,1,1,1
6,43,35,0.0021422505378723145,1,0,6,4,3,5,0,5,0,1,1,1
6,43,39,0.0006244899705052376,1,0,6,5,3,4,0,4,0,2,1,2
6,43,40,0.004419999662786722,1,0,6,5,3,5,0,5,0,2,1,2
6,43,41,0.45047295093536377,1,1,6,6,3,1,0,0,0,0,1,1
6,43,44,0.1474902182817459,1,1,6,6,3,4,0,0,0,0,1,1
6,43,46,0.3086661100387573,1,1,6,6,3,6,0,0,0,0,1,1
6,45,0,0.0145181342959404,1,0,6,1,5,0,0,0,0,2,1,4
6,45,3,0.0001295756665058434,1,0,6,3,5,3,0,1,0,1,1,1
6,45,4,0.0019292443757876754,1,0,6,3,5,4,0,1,0,1,1,1
6,45,5,0.0014390676515176892,1,0,6,3,5,5,0,1,0,1,1,1
6,45,9,0.0004928080015815794,1,0,6,3,5,3,0,2,0,1,1,1
6,45,11,0.0012999448226764798,1,0,6,3,5,5,0,2,0,1,1,1
6,45,12,0.007163628004491329,1,0,6,3,5,6,0,2,0,1,1,1
6,45,14,0.0025706468150019646,1,0,6,3,5,2,0,3,0,1,1,1
6,45,16,0.0012775212526321411,1,0,6,3,5,4,0,3,0,1,1,1
6,45,17,0.0011143143055960536,1,0,6,3,5,5,0,3,0,1,1,1
6,45,20,0.001580864773131907,1,0,6,3,5,2,0,4,0,1,1,1
6,45,21,0.0005476000951603055,1,0,6,3,5,3,0,4,0,1,1,1
6,45,22,0.001968237804248929,1,0,6,3,5,4,0,4,0,1,1,1
6,45,25,0.0032712023239582777,1,0,6,3,5,1,0,5,0,1,1,1
6,45,27,0.000126953367725946,1,0,6,3,5,3,0,5,0,1,1,1
6,45,30,0.00027203085483051836,1,0,6,3,5,6,0,5,0,1,1,1
6,45,33,9.244224202120677e-05,1,0,6,4,5,3,0,3,0,1,1,1
6,45,34,0.0003440446453168988,1,0,6,4,5,4,0,4,0,1,1,1
6,45,35,0.0001773497206158936,1,0,6,4,5,5,0,5,0,1,1,1
6,45,39,0.0007778313593007624,1,0,6,5,5,4,0,4,0,2,1,2
6,45,40,0.0013168866280466318,1,0,6,5,5,5,0,5,0,2,1,2
6,45,41,0.49681955575942993,1,1,6,6,5,1,0,0,0,0,1,1
6,45,44,0.10403760522603989,1,1,6,6,5,4,0,0,0,0,1,1
6,45,46,0.356732577085495,1,1,6,6,5,6,0,0,0,0,1,1
6,47,0,0.8942995667457581,2,0,7,1,0,0,0,0,0,2,4,4
6,47,3,0.00014735822333022952,2,0,7,3,0,3,0,1,0,1,4,1
6,47,4,0.0004245001473464072,2,0,7,3,0,4,0,1,0,1,4,1
6,47,5,5.158019484952092e-05,2,0,7,3,0,5,0,1,0,1,4,1
6,47,9,1.1728092431440018e-05,2,0,7,3,0,3,0,2,0,1,4,1
6,47,11,6.1940145315020345e-06,2,0,7,3,0,5,0,2,0,1,4,1
6,47,12,9.156351552519482e-06,2,0,7,3,0,6,0,2,0,1,4,1
6,47,14,0.000394574977690354,2,0,7,3,0,2,0,3,0,1,4,1
6,47,16,0.0001777426223270595,2,0,7,3,0,4,0,3,0,1,4,1
6,47,17,0.0012010656064376235,2,0,7,3,0,5,0,3,0,1,4,1
6,47,20,0.0008986876928247511,2,0,7,3,0,2,0,4,0,1,4,1
6,47,21,0.00012110448733437806,2,0,7,3,0,3,0,4,0,1,4,1
6,47,22,6.54190152999945e-05,2,0,7,3,0,4,0,4,0,1,4,1
6,47,25,2.47391035372857e-05,2,0,7,3,0,1,0,5,0,1,4,1
6,47,27,8.585032628616318e-05,2,0,7,3,0,3,0,5,0,1,4,1
6,47,30,4.0562532376497984e-05,2,0,7,3,0,6,0,5,0,1,4,1
6,47,33,0.0338660292327404,2,0,7,4,0,3,0,3,0,1,4,1
6,47,34,0.0034666969440877438,2,0,7,4,0,4,0,4,0,1,4,1
6,47,35,0.002930698450654745,2,0,7,4,0,5,0,5,0,1,4,1
6,47,39,0.023962877690792084,2,0,7,5,0,4,0,4,0,2,4,2
6,47,40,0.037504784762859344,2,0,7,5,0,5,0,5,0,2,4,2
6,47,41,6.78616706863977e-05,2,1,7,6,0,1,0,0,0,0,4,1
6,47,44,0.0001104637558455579,2,1,7,6,0,4,0,0,0,0,4,1
6,47,46,0.0001310907246079296,2,1,7,6,0,6,0,0,0,0,4,1
7,0,1,3.1318122637458146e-05,0,0,1,3,0,1,0,1,2,1,4,1
7,0,2,1.8025120880338363e-05,0,0,1,3,0,2,0,1,2,1,4,1
7,0,6,7.306681072805077e-05,0,0,1,3,0,6,0,1,2,1,4,1
7,0,7,4.0458098737872206e-07,0,0,1,3,0,1,0,2,2,1,4,1
7,0,8,7.1395543272956274e-06,0,0,1,3,0,2,0,2,2,1,4,1
7,0,10,3.910266514139948e-06,0,0,1,3,0,4,0,2,2,1,4,1
7,0,13,0.00011859030200866982,0,0,1,3,0,1,0,3,2,1,4,1
7,0,15,4.571222689264687e-06,0,0,1,3,0,3,0,3,2,1,4,1
7,0,18,0.00013992692402098328,0,0,1,3,0,6,0,3,2,1,4,1
7,0,19,9.510419545222248e-07,0,0,1,3,0,1,0,4,2,1,4,1
7,0,23,8.782368968240917e-05,0,0,1,3,0,5,0,4,2,1,4,1
7,0,24,2.5036937586264685e-05,0,0,1,3,0,6,0,4,2,1,4,1
7,0,26,5.040760242991382e-06,0,0,1,3,0,2,0,5,2,1,4,1
7,0,28,1.990011924135615e-07,0,0,1,3,0,4,0,5,2,1,4,1
7,0,29,0.00019488959515001625,0,0,1,3,0,5,0,5,2,1,4,1
7,0,31,0.0007088205311447382,0,0,1,4,0,1,0,1,2,1,4,1
7,0,32,4.319631443649996e-06,0,0,1,4,0,2,0,2,2,1,4,1
7,0,36,0.9956785440444946,0,0,1,5,0,1,0,1,2,2,4,2
7,0,37,2.6099452952621505e-05,0,0,1,5,0,2,0,2,2,2,4,2
7,0,38,0.0028533628210425377,0,0,1,5,0,3,0,3,2,2,4,2
7,0,42,6.640211722697131e-07,0,1,1,6,0,2,0,0,2,0,4,1
7,0,43,1.748834819181866e-07,0,1,1,6,0,3,0,0,2,0,4,1
7,0,45,1.575854912516661e-05,0,1,1,6,0,5,0,0,2,0,4,1
7,0,47,1.5665432329114992e-06,0,2,1,7,0,0,0,0,2,0,4,4
7,3,1,0.00018351389735471457,0,0,3,3,3,1,1,1,1,1,1,1
7,3,2,0.00019294230150990188,0,0,3,3,3,2,1,1,1,1,1,1
7,3,6,0.0002500989940017462,0,0,3,3,3,6,1,1,1,1,1,1
7,3,7,6.223045056685805e-05,0,0,3,3,3,1,1,2,1,1,1,1
7,3,8,0.0006887036724947393,0,0,3,3,3,2,1,2,1,1,1,1
7,3,10,0.00014184191240929067,0,0,3,3,3,4,1,2,1,1,1,1
7,3,13,0.00987706333398819,0,0,3,3,3,1,1,3,1,1,1,1
7,3,15,0.0016731269424781203,0,0,3,3,3,3,1,3,1,1,1,1
7,3,18,0.0037226099520921707,0,0,3,3,3,6,1,3,1,1,1,1
7,3,19,0.00016463015344925225,0,0,3,3,3,1,1,4,1,1,1,1
7,3,23,0.0005483214044943452,0,0,3,3,3,5,1,4,1,1,1,1
7,3,24,0.0003196891047991812,0,0,3,3,3,6,1,4,1,1,1,1
7,3,26,0.0006050051306374371,0,0,3,3,3,2,1,5,1,1,1,1
7,3,28,0.00014219144941307604,0,0,3,3,3,4,1,5,1,1,1,1
7,3,29,0.0009618629701435566,0,0,3,3,3,5,1,5,1,1,1,1
7,3,31,0.0005899242241866887,0,0,3,4,3,1,1,1,1,1,1,1
7,3,32,0.00022823846666142344,0,0,3,4,3,2,1,2,1,1,1,1
7,3,36,0.23053330183029175,0,0,3,5,3,1,1,1,1,2,1,2
7,3,37,0.018206752836704254,0,0,3,5,3,2,1,2,1,2,1,2
7,3,38,0.7307390570640564,0,0,3,5,3,3,1,3,1,2,1,2
7,3,42,8.949069888330996e-05,0,1,3,6,3,2,1,0,1,0,1,1
7,3,43,1.2770563444064464e-05,0,1,3,6,3,3,1,0,1,0,1,1
7,3,45,6.337901868391782e-05,0,1,3,6,3,5,1,0,1,0,1,1
7,3,47,2.663015948201064e-06,0,2,3,7,3,0,1,0,1,0,1,4
7,4,1,4.600976524216094e-07,0,0,3,3,4,1,1,1,1,1,1,1
7,4,2,1.1037121794288396e-06,0,0,3,3,4,2,1,1,1,1,1,1
7,4,6,3.060365770579665e-06,0,0,3,3,4,6,1,1,1,1,1,1
7,4,7,4.971271394538235e-08,0,0,3,3,4,1,1,2,1,1,1,1
7,4,8,9.877164302452002e-06,0,0,3,3,4,2,1,2,1,1,1,1
7,4,10,5.831535077049921e-07,0,0,3,3,4,4,1,2,1,1,1,1
7,4,13,0.00023746342048980296,0,0,3,3,4,1,1,3,1,1,1,1
7,4,15,4.5347427658271044e-05,0,0,3,3,4,3,1,3,1,1,1,1
7,4,18,0.00010415150609333068,0,0,3,3,4,6,1,3,1,1,1,1
7,4,19,1.0423310214946468e-07,0,0,3,3,4,1,1,4,1,1,1,1
7,4,23,2.6683887881517876e-06,0,0,3,3,4,5,1,4,1,1,1,1
7,4,24,2.7399000828154385e-06,0,0,3,3,4,6,1,4,1,1,1,1
7,4,26,3.178282213411876e-06,0,0,3,3,4,2,1,5,1,1,1,1
7,4,28,1.7738855717652768e-07,0,0,3,3,4,4,1,5,1,1,1,1
7,4,29,5.848468845215393e-06,0,0,3,3,4,5,1,5,1,1,1,1
7,4,31,1.2106039321224671e-05,0,0,3,4,4,1,1,1,1,1,1,1
7,4,32,2.4687471977813402e-06,0,0,3,4,4,2,1,2,1,1,1,1
7,4,36,0.08017503470182419,0,0,3,5,4,1,1,1,1,2,1,2
7,4,37,0.0022126054391264915,0,0,3,5,4,2,1,2,1,2,1,2
7,4,38,0.9171791672706604,0,0,3,5,4,3,1,3,1,2,1,2
7,4,42,1.0928850997515838e-06,0,1,3,6,4,2,1,0,1,0,1,1
7,4,43,3.1722116489163454e-08,0,1,3,6,4,3,1,0,1,0,1,1
7,4,45,3.6880976495012874e-07,0,1,3,6,4,5,1,0,1,0,1,1
7,4,47,2.383470976141666e-09,0,2,3,7,4,0,1,0,1,0,1,4
7,5,1,4.412800080899615e-07,0,0,3,3,5,1,1,1,1,1,1,1
7,5,2,8.737862913221761e-07,0,0,3,3,5,2,1,1,1,1,1,1
7,5,6,4.4018147491442505e-06,0,0,3,3,5,6,1,1,1,1,1,1
7,5,7,2.3073873478551832e-08,0,0,3,3,5,1,1,2,1,1,1,1
7,5,8,1.0359274710936006e-05,0,0,3,3,5,2,1,2,1,1,1,1
7,5,10,3.762287121844565e-07,0,0,3,3,5,4,1,2,1,1,1,1
7,5,13,0.00011371733125997707,0,0,3,3,5,1,1,3,1,1,1,1
7,5,15,6.179903721204028e-05,0,0,3,3,5,3,1,3,1,1,1,1
7,5,18,0.00019425283244345337,0,0,3,3,5,6,1,3,1,1,1,1
7,5,19,8.935207773674847e-08,0,0,3,3,5,1,1,4,1,1,1,1
7,5,23,6.663331078016199e-06,0,0,3,3,5,5,1,4,1,1,1,1
7,5,24,1.0956495316349901e-05,0,0,3,3,5,6,1,4,1,1,1,1
7,5,26,2.838809450622648e-06,0,0,3,3,5,2,1,5,1,1,1,1
7,5,28,1.2356262857338152e-07,0,0,3,3,5,4,1,5,1,1,1,1
7,5,29,1.2074194273736794e-05,0,0,3,3,5,5,1,5,1,1,1,1
7,5,31,8.25995175546268e-06,0,0,3,4,5,1,1,1,1,1,1,1
7,5,32,9.768369864104898e-07,0,0,3,4,5,2,1,2,1,1,1,1
7,5,36,0.1256972849369049,0,0,3,5,5,1,1,1,1,2,1,2
7,5,37,0.0009860472055152059,0,0,3,5,5,2,1,2,1,2,1,2
7,5,38,0.8728873133659363,0,0,3,5,5,3,1,3,1,2,1,2
7,5,42,1.212626102642389e-06,0,1,3,6,5,2,1,0,1,0,1,1
7,5,43,3.227444622666553e-08,0,1,3,6,5,3,1,0,1,0,1,1
7,5,45,2.7123482482238614e-07,0,1,3,6,5,5,1,0,1,0,1,1
7,5,47,4.1169379016992025e-08,0,2,3,7,5,0,1,0,1,0,1,4
7,9,1,1.7495458450866863e-06,0,0,3,3,3,1,2,1,1,1,1,1
7,9,2,9.452121958020143e-06,0,0,3,3,3,2,2,1,1,1,1,1
7,9,6,6.194009074533824e-06,0,0,3,3,3,6,2,1,1,1,1,1
7,9,7,5.043507371738087e-07,0,0,3,3,3,1,2,2,1,1,1,1
7,9,8,1.5237903426168486e-05,0,0,3,3,3,2,2,2,1,1,1,1
7,9,10,5.5249543038371485e-06,0,0,3,3,3,4,2,2,1,1,1,1
7,9,13,0.014887552708387375,0,0,3,3,3,1,2,3,1,1,1,1
7,9,15,0.0015949195949360728,0,0,3,3,3,3,2,3,1,1,1,1
7,9,18,0.0008732891292311251,0,0,3,3,3,6,2,3,1,1,1,1
7,9,19,1.4213662325346377e-05,0,0,3,3,3,1,2,4,1,1,1,1
7,9,23,2.2264277504291385e-05,0,0,3,3,3,5,2,4,1,1,1,1
7,9,24,8.527155841875356e-06,0,0,3,3,3,6,2,4,1,1,1,1
7,9,26,1.4339090739667881e-05,0,0,3,3,3,2,2,5,1,1,1,1
7,9,28,4.336148776928894e-06,0,0,3,3,3,4,2,5,1,1,1,1
7,9,29,8.678440281073563e-06,0,0,3,3,3,5,2,5,1,1,1,1
7,9,31,3.218557139916811e-06,0,0,3,4,3,1,2,1,1,1,1,1
7,9,32,2.91954233944125e-06,0,0,3,4,3,2,2,2,1,1,1,1
7,9,36,0.004995516035705805,0,0,3,5,3,1,2,1,1,2,1,2
7,9,37,0.001909622922539711,0,0,3,5,3,2,2,2,1,2,1,2
7,9,38,0.9755986928939819,0,0,3,5,3,3,2,3,1,2,1,2
7,9,42,1.9661794794956222e-05,0,1,3,6,3,2,2,0,1,0,1,1
7,9,43,1.1970469131483696e-06,0,1,3,6,3,3,2,0,1,0,1,1
7,9,45,3.095540023423382e-06,0,1,3,6,3,5,2,0,1,0,1,1
7,9,47,1.4544493387447233e-09,0,2,3,7,3,0,2,0,1,0,1,4
7,11,1,7.462342921371601e-08,0,0,3,3,5,1,2,1,1,1,1,1
7,11,2,2.245895984742674e-07,0,0,3,3,5,2,2,1,1,1,1,1
7,11,6,1.472207600272668e-06,0,0,3,3,5,6,2,1,1,1,1,1
7,11,7,9.59831503166697e-09,0,0,3,3,5,1,2,2,1,1,1,1
7,11,8,3.7496113236556994e-06,0,0,3,3,5,2,2,2,1,1,1,1
7,11,10,2.678750377071992e-07,0,0,3,3,5,4,2,2,1,1,1,1
7,11,13,2.59055923379492e-05,0,0,3,3,5,1,2,3,1,1,1,1
7,11,15,3.700711749843322e-05,0,0,3,3,5,3,2,3,1,1,1,1
7,11,18,1.866307866293937e-05,0,0,3,3,5,6,2,3,1,1,1,1
7,11,19,4.027336242273805e-09,0,0,3,3,5,1,2,4,1,1,1,1
7,11,23,7.663534802304639e-07,0,0,3,3,5,5,2,4,1,1,1,1
7,11,24,5.714836674997059e-07,0,0,3,3,5,6,2,4,1,1,1,1
7,11,26,3.5738602832680044e-07,0,0,3,3,5,2,2,5,1,1,1,1
7,11,28,5.365365751686113e-08,0,0,3,3,5,4,2,5,1,1,1,1
7,11,29,8.019288202376629e-07,0,0,3,3,5,5,2,5,1,1,1,1
7,11,31,3.2179534628085094e-06,0,0,3,4,5,1,2,1,1,1,1,1
7,11,32,1.6169783521036152e-06,0,0,3,4,5,2,2,2,1,1,1,1
7,11,36,0.031943950802087784,0,0,3,5,5,1,2,1,1,2,1,2
7,11,37,0.0011948458850383759,0,0,3,5,5,2,2,2,1,2,1,2
7,11,38,0.9667658805847168,0,0,3,5,5,3,2,3,1,2,1,2
7,11,42,6.074768634789507e-07,0,1,3,6,5,2,2,0,1,0,1,1
7,11,43,2.119299757907811e-08,0,1,3,6,5,3,2,0,1,0,1,1
7,11,45,1.463978378524189e-07,0,1,3,6,5,5,2,0,1,0,1,1
7,11,47,3.299802209255631e-09,0,2,3,7,5,0,2,0,1,0,1,4
7,12,1,8.579552179810435e-09,0,0,3,3,6,1,2,1,1,1,1,1
7,12,2,1.0664472682719861e-07,0,0,3,3,6,2,2,1,1,1,1,1
7,12,6,1.0952985718404307e-07,0,0,3,3,6,6,2,1,1,1,1,1
7,12,7,8.898934367174149e-10,0,0,3,3,6,1,2,2,1,1,1,1
7,12,8,1.2688055051057745e-07,0,0,3,3,6,2,2,2,1,1,1,1
7,12,10,7.09387606434575e-08,0,0,3,3,6,4,2,2,1,1,1,1
7,12,13,6.0166599723743275e-05,0,0,3,3,6,1,2,3,1,1,1,1
7,12,15,0.00015431613428518176,0,0,3,3,6,3,2,3,1,1,1,1
7,12,18,1.2047071322740521e-05,0,0,3,3,6,6,2,3,1,1,1,1
7,12,19,1.1888840134588463e-08,0,0,3,3,6,1,2,4,1,1,1,1
7,12,23,1.534803118374839e-06,0,0,3,3,6,5,2,4,1,1,1,1
7,12,24,3.415641174342454e-07,0,0,3,3,6,6,2,4,1,1,1,1
7,12,26,2.3414590089032572e-07,0,0,3,3,6,2,2,5,1,1,1,1
7,12,28,3.097683531905204e-08,0,0,3,3,6,4,2,5,1,1,1,1
7,12,29,7.927191632006725e-07,0,0,3,3,6,5,2,5,1,1,1,1
7,12,31,5.765718356087746e-07,0,0,3,4,6,1,2,1,1,1,1,1
7,12,32,2.913865557729878e-07,0,0,3,4,6,2,2,2,1,1,1,1
7,12,36,0.004994099028408527,0,0,3,5,6,1,2,1,1,2,1,2
7,12,37,5.793228046968579e-05,0,0,3,5,6,2,2,2,1,2,1,2
7,12,38,0.9947172999382019,0,0,3,5,6,3,2,3,1,2,1,2
7,12,42,5.77534194690088e-07,0,1,3,6,6,2,2,0,1,0,1,1
7,12,43,3.642983870122407e-08,0,1,3,6,6,3,2,0,1,0,1,1
7,12,45,1.69913519698639e-07,0,1,3,6,6,5,2,0,1,0,1,1
7,12,47,3.0320577160125595e-09,0,2,3,7,6,0,2,0,1,0,1,4
7,14,1,4.30203670021001e-07,0,0,3,3,2,1,3,1,1,1,1,1
7,14,2,3.333882887091022e-06,0,0,3,3,2,2,3,1,1,1,1,1
7,14,6,5.535157470148988e-06,0,0,3,3,2,6,3,1,1,1,1,1
7,14,7,5.94187810065705e-08,0,0,3,3,2,1,3,2,1,1,1,1
7,14,8,6.937354555702768e-06,0,0,3,3,2,2,3,2,1,1,1,1
7,14,10,1.2020419717373443e-06,0,0,3,3,2,4,3,2,1,1,1,1
7,14,13,0.004627644084393978,0,0,3,3,2,1,3,3,1,1,1,1
7,14,15,8.777659240877256e-05,0,0,3,3,2,3,3,3,1,1,1,1
7,14,18,0.00025767486658878624,0,0,3,3,2,6,3,3,1,1,1,1
7,14,19,9.396859468324692e-07,0,0,3,3,2,1,3,4,1,1,1,1
7,14,23,2.147073064406868e-05,0,0,3,3,2,5,3,4,1,1,1,1
7,14,24,3.735156042239396e-06,0,0,3,3,2,6,3,4,1,1,1,1
7,14,26,1.1625627848843578e-05,0,0,3,3,2,2,3,5,1,1,1,1
7,14,28,1.2660515835705155e-07,0,0,3,3,2,4,3,5,1,1,1,1
7,14,29,1.5249715943355113e-05,0,0,3,3,2,5,3,5,1,1,1,1
7,14,31,8.860953130351845e-06,0,0,3,4,2,1,3,1,1,1,1,1
7,14,32,2.184568984375801e-06,0,0,3,4,2,2,3,2,1,1,1,1
7,14,36,0.060374148190021515,0,0,3,5,2,1,3,1,1,2,1,2
7,14,37,0.0008351337164640427,0,0,3,5,2,2,3,2,1,2,1,2
7,14,38,0.9337314963340759,0,0,3,5,2,3,3,3,1,2,1,2
7,14,42,2.5435224415559787e-06,0,1,3,6,2,2,3,0,1,0,1,1
7,14,43,5.227122557016628e-08,0,1,3,6,2,3,3,0,1,0,1,1
7,14,45,1.359882730866957e-06,0,1,3,6,2,5,3,0,1,0,1,1
7,14,47,1.2233065671551913e-09,0,2,3,7,2,0,3,0,1,0,1,4
7,16,1,2.1734031179221347e-06,0,0,3,3,4,1,3,1,1,1,1,1
7,16,2,1.1633055692072958e-06,0,0,3,3,4,2,3,1,1,1,1,1
7,16,6,3.392935695956112e-06,0,0,3,3,4,6,3,1,1,1,1,1
7,16,7,1.0489919333167563e-07,0,0,3,3,4,1,3,2,1,1,1,1
7,16,8,1.1174837709404528e-05,0,0,3,3,4,2,3,2,1,1,1,1
7,16,10,3.542428999026015e-07,0,0,3,3,4,4,3,2,1,1,1,1
7,16,13,4.967491622664966e-05,0,0,3,3,4,1,3,3,1,1,1,1
7,16,15,2.7544804197532358e-06,0,0,3,3,4,3,3,3,1,1,1,1
7,16,18,4.009373878943734e-05,0,0,3,3,4,6,3,3,1,1,1,1
7,16,19,6.466901680823867e-08,0,0,3,3,4,1,3,4,1,1,1,1
7,16,23,2.1262114842102164e-06,0,0,3,3,4,5,3,4,1,1,1,1
7,16,24,4.091721621080069e-06,0,0,3,3,4,6,3,4,1,1,1,1
7,16,26,4.6174850467650685e-06,0,0,3,3,4,2,3,5,1,1,1,1
7,16,28,9.30209722582731e-08,0,0,3,3,4,4,3,5,1,1,1,1
7,16,29,9.827662324823905e-06,0,0,3,3,4,5,3,5,1,1,1,1
7,16,31,5.7882505643647164e-05,0,0,3,4,4,1,3,1,1,1,1,1
7,16,32,4.007147708762204e-06,0,0,3,4,4,2,3,2,1,1,1,1
7,16,36,0.9035807847976685,0,0,3,5,4,1,3,1,1,2,1,2
7,16,37,0.001590737490914762,0,0,3,5,4,2,3,2,1,2,1,2
7,16,38,0.09463512152433395,0,0,3,5,4,3,3,3,1,2,1,2
7,16,42,5.05167605524548e-08,0,1,3,6,4,2,3,0,1,0,1,1
7,16,43,6.257138696064146e-10,0,1,3,6,4,3,3,0,1,0,1,1
7,16,45,3.422174543743495e-08,0,1,3,6,4,5,3,0,1,0,1,1
7,16,47,4.386871754746835e-09,0,2,3,7,4,0,3,0,1,0,1,4
7,17,1,1.545983820960828e-07,0,0,3,3,5,1,3,1,1,1,1,1
7,17,2,6.579127784789307e-07,0,0,3,3,5,2,3,1,1,1,1,1
7,17,6,2.6422621886013076e-06,0,0,3,3,5,6,3,1,1,1,1,1
7,17,7,1.9412308205346562e-08,0,0,3,3,5,1,3,2,1,1,1,1
7,17,8,7.519915925513487e-06,0,0,3,3,5,2,3,2,1,1,1,1
7,17,10,2.7901535304408753e-07,0,0,3,3,5,4,3,2,1,1,1,1
7,17,13,0.00017050562018994242,0,0,3,3,5,1,3,3,1,1,1,1
7,17,15,4.503040690906346e-05,0,0,3,3,5,3,3,3,1,1,1,1
7,17,18,5.1086521125398576e-05,0,0,3,3,5,6,3,3,1,1,1,1
7,17,19,3.412240445754833e-08,0,0,3,3,5,1,3,4,1,1,1,1
7,17,23,3.6313247164798668e-06,0,0,3,3,5,5,3,4,1,1,1,1
7,17,24,2.8366055175865768e-06,0,0,3,3,5,6,3,4,1,1,1,1
7,17,26,2.817896984197432e-06,0,0,3,3,5,2,3,5,1,1,1,1
7,17,28,5.315338569289452e-08,0,0,3,3,5,4,3,5,1,1,1,1
7,17,29,2.227257027698215e-06,0,0,3,3,5,5,3,5,1,1,1,1
7,17,31,5.891487035114551e-06,0,0,3,4,5,1,3,1,1,1,1,1
7,17,32,2.8686283712886507e-06,0,0,3,4,5,2,3,2,1,1,1,1
7,17,36,0.037477757781744,0,0,3,5,5,1,3,1,1,2,1,2
7,17,37,0.0017802095972001553,0,0,3,5,5,2,3,2,1,2,1,2
7,17,38,0.9604417681694031,0,0,3,5,5,3,3,3,1,2,1,2
7,17,42,1.2556865840451792e-06,0,1,3,6,5,2,3,0,1,0,1,1
7,17,43,1.4035620665708848e-08,0,1,3,6,5,3,3,0,1,0,1,1
7,17,45,1.6290796622797643e-07,0,1,3,6,5,5,3,0,1,0,1,1
7,17,47,5.837595296043219e-09,0,2,3,7,5,0,3,0,1,0,1,4
7,20,1,8.560196995688329e-10,0,0,3,3,2,1,4,1,1,1,1,1
7,20,2,6.683908537752359e-09,0,0,3,3,2,2,4,1,1,1,1,1
7,20,6,6.119534656789938e-09,0,0,3,3,2,6,4,1,1,1,1,1
7,20,7,2.803069165668859e-10,0,0,3,3,2,1,4,2,1,1,1,1
7,20,8,7.196382512120181e-08,0,0,3,3,2,2,4,2,1,1,1,1
7,20,10,1.0329212152271339e-08,0,0,3,3,2,4,4,2,1,1,1,1
7,20,13,2.291358669026522e-06,0,0,3,3,2,1,4,3,1,1,1,1
7,20,15,4.991877631255193e-06,0,0,3,3,2,3,4,3,1,1,1,1
7,20,18,9.695457947600516e-07,0,0,3,3,2,6,4,3,1,1,1,1
7,20,19,4.979817114225682e-10,0,0,3,3,2,1,4,4,1,1,1,1
7,20,23,2.959947842384736e-08,0,0,3,3,2,5,4,4,1,1,1,1
7,20,24,1.6718594508802198e-08,0,0,3,3,2,6,4,4,1,1,1,1
7,20,26,8.84966695480216e-08,0,0,3,3,2,2,4,5,1,1,1,1
7,20,28,3.4169067575362533e-09,0,0,3,3,2,4,4,5,1,1,1,1
7,20,29,7.582142558248961e-08,0,0,3,3,2,5,4,5,1,1,1,1
7,20,31,4.2684739298692875e-08,0,0,3,4,2,1,4,1,1,1,1,1
7,20,32,6.863538004608927e-08,0,0,3,4,2,2,4,2,1,1,1,1
7,20,36,0.010160582140088081,0,0,3,5,2,1,4,1,1,2,1,2
7,20,37,0.0006210327264852822,0,0,3,5,2,2,4,2,1,2,1,2
7,20,38,0.989209771156311,0,0,3,5,2,3,4,3,1,2,1,2
7,20,42,3.259509995245935e-09,0,1,3,6,2,2,4,0,1,0,1,1
7,20,43,4.5353817923476925e-11,0,1,3,6,2,3,4,0,1,0,1,1
7,20,45,3.1694075142141287e-10,0,1,3,6,2,5,4,0,1,0,1,1
7,20,47,3.644064563990135e-11,0,2,3,7,2,0,4,0,1,0,1,4
7,21,1,7.56254365796849e-08,0,0,3,3,3,1,4,1,1,1,1,1
7,21,2,2.595281785033876e-07,0,0,3,3,3,2,4,1,1,1,1,1
7,21,6,7.930057677185687e-08,0,0,3,3,3,6,4,1,1,1,1,1
7,21,7,2.568387635903946e-08,0,0,3,3,3,1,4,2,1,1,1,1
7,21,8,1.9070978396484861e-06,0,0,3,3,3,2,4,2,1,1,1,1
7,21,10,2.5118382041000586e-07,0,0,3,3,3,4,4,2,1,1,1,1
7,21,13,2.587482231319882e-05,0,0,3,3,3,1,4,3,1,1,1,1
7,21,15,3.607497637858614e-05,0,0,3,3,3,3,4,3,1,1,1,1
7,21,18,1.4743240171810612e-05,0,0,3,3,3,6,4,3,1,1,1,1
7,21,19,7.5550509848199e-08,0,0,3,3,3,1,4,4,1,1,1,1
7,21,23,5.173637873667758e-07,0,0,3,3,3,5,4,4,1,1,1,1
7,21,24,9.170164503302658e-07,0,0,3,3,3,6,4,4,1,1,1,1
7,21,26,4.229333171679173e-06,0,0,3,3,3,2,4,5,1,1,1,1
7,21,28,2.9979105420352425e-07,0,0,3,3,3,4,4,5,1,1,1,1
7,21,29,2.3765126115904422e-06,0,0,3,3,3,5,4,5,1,1,1,1
7,21,31,1.2518900120994658e-06,0,0,3,4,3,1,4,1,1,1,1,1
7,21,32,1.869814695965033e-06,0,0,3,4,3,2,4,2,1,1,1,1
7,21,36,0.04395051300525665,0,0,3,5,3,1,4,1,1,2,1,2
7,21,37,0.005226516164839268,0,0,3,5,3,2,4,2,1,2,1,2
7,21,38,0.950731635093689,0,0,3,5,3,3,4,3,1,2,1,2
7,21,42,3.086301703092431e-08,0,1,3,6,3,2,4,0,1,0,1,1
7,21,43,3.9772340976185205e-10,0,1,3,6,3,3,4,0,1,0,1,1
7,21,45,2.9840221404953127e-09,0,1,3,6,3,5,4,0,1,0,1,1
7,21,47,1.4451313479213468e-09,0,2,3,7,3,0,4,0,1,0,1,4
7,22,1,1.4750304444532958e-07,0,0,3,3,4,1,4,1,1,1,1,1
7,22,2,4.6739057779632276e-07,0,0,3,3,4,2,4,1,1,1,1,1
7,22,6,3.7534186958509963e-07,0,0,3,3,4,6,4,1,1,1,1,1
7,22,7,4.178871293447628e-08,0,0,3,3,4,1,4,2,1,1,1,1
7,22,8,3.403059508855222e-06,0,0,3,3,4,2,4,2,1,1,1,1
7,22,10,3.5283187571621966e-07,0,0,3,3,4,4,4,2,1,1,1,1
7,22,13,4.913069278700277e-05,0,0,3,3,4,1,4,3,1,1,1,1
7,22,15,1.8061677110381424e-05,0,0,3,3,4,3,4,3,1,1,1,1
7,22,18,2.253322963952087e-05,0,0,3,3,4,6,4,3,1,1,1,1
7,22,19,5.560776372703913e-08,0,0,3,3,4,1,4,4,1,1,1,1
7,22,23,1.233050511473266e-06,0,0,3,3,4,5,4,4,1,1,1,1
7,22,24,6.98648705110827e-07,0,0,3,3,4,6,4,4,1,1,1,1
7,22,26,4.390383310237667e-06,0,0,3,3,4,2,4,5,1,1,1,1
7,22,28,9.519649069034131e-08,0,0,3,3,4,4,4,5,1,1,1,1
7,22,29,4.890799573331606e-06,0,0,3,3,4,5,4,5,1,1,1,1
7,22,31,3.7059123769722646e-06,0,0,3,4,4,1,4,1,1,1,1,1
7,22,32,1.8536360357757076e-06,0,0,3,4,4,2,4,2,1,1,1,1
7,22,36,0.1458715945482254,0,0,3,5,4,1,4,1,1,2,1,2
7,22,37,0.00413028197363019,0,0,3,5,4,2,4,2,1,2,1,2
7,22,38,0.8498865365982056,0,0,3,5,4,3,4,3,1,2,1,2
7,22,42,6.009218367353242e-08,0,1,3,6,4,2,4,0,1,0,1,1
7,22,43,1.4165199013760343e-09,0,1,3,6,4,3,4,0,1,0,1,1
7,22,45,1.864386334204937e-08,0,1,3,6,4,5,4,0,1,0,1,1
7,22,47,1.5498249350542892e-09,0,2,3,7,4,0,4,0,1,0,1,4
7,25,1,3.917388913254882e-10,0,0,3,3,1,1,5,1,1,1,1,1
7,25,2,4.9940958035676886e-09,0,0,3,3,1,2,5,1,1,1,1,1
7,25,6,1.0479924483774994e-08,0,0,3,3,1,6,5,1,1,1,1,1
7,25,7,1.0813324541336655e-10,0,0,3,3,1,1,5,2,1,1,1,1
7,25,8,6.470961722016e-08,0,0,3,3,1,2,5,2,1,1,1,1
7,25,10,5.725287799407397e-09,0,0,3,3,1,4,5,2,1,1,1,1
7,25,13,6.391579063347308e-06,0,0,3,3,1,1,5,3,1,1,1,1
7,25,15,2.8023187041981146e-05,0,0,3,3,1,3,5,3,1,1,1,1
7,25,18,4.180551968602231e-06,0,0,3,3,1,6,5,3,1,1,1,1
7,25,19,7.404333257632345e-10,0,0,3,3,1,1,5,4,1,1,1,1
7,25,23,4.719296242683413e-08,0,0,3,3,1,5,5,4,1,1,1,1
7,25,24,5.122116775169161e-08,0,0,3,3,1,6,5,4,1,1,1,1
7,25,26,4.3401563232237095e-08,0,0,3,3,1,2,5,5,1,1,1,1
7,25,28,4.701456113309632e-09,0,0,3,3,1,4,5,5,1,1,1,1
7,25,29,5.092100963111079e-08,0,0,3,3,1,5,5,5,1,1,1,1
7,25,31,7.284706171617472e-09,0,0,3,4,1,1,5,1,1,1,1,1
7,25,32,1.5935071928652178e-08,0,0,3,4,1,2,5,2,1,1,1,1
7,25,36,0.00032482255483046174,0,0,3,5,1,1,5,1,1,2,1,2
7,25,37,0.00010028896940639243,0,0,3,5,1,2,5,2,1,2,1,2
7,25,38,0.9995321035385132,0,0,3,5,1,3,5,3,1,2,1,2
7,25,42,8.619967672984785e-08,0,1,3,6,1,2,5,0,1,0,1,1
7,25,43,1.962521034570841e-09,0,1,3,6,1,3,5,0,1,0,1,1
7,25,45,2.0354398166944065e-09,0,1,3,6,1,5,5,0,1,0,1,1
7,25,47,1.0330819533166391e-10,0,2,3,7,1,0,5,0,1,0,1,4
7,27,1,2.302430038980674e-05,0,0,3,3,3,1,5,1,1,1,1,1
7,27,2,4.6154131268849596e-05,0,0,3,3,3,2,5,1,1,1,1,1
7,27,6,2.7096742996945977e-05,0,0,3,3,3,6,5,1,1,1,1,1
7,27,7,2.4412684069829993e-06,0,0,3,3,3,1,5,2,1,1,1,1
7,27,8,4.8571237130090594e-05,0,0,3,3,3,2,5,2,1,1,1,1
7,27,10,1.3914817827753723e-05,0,0,3,3,3,4,5,2,1,1,1,1
7,27,13,0.019074775278568268,0,0,3,3,3,1,5,3,1,1,1,1
7,27,15,0.0011867459397763014,0,0,3,3,3,3,5,3,1,1,1,1
7,27,18,0.0007886806270107627,0,0,3,3,3,6,5,3,1,1,1,1
7,27,19,1.750918454490602e-05,0,0,3,3,3,1,5,4,1,1,1,1
7,27,23,6.725657294737175e-05,0,0,3,3,3,5,5,4,1,1,1,1
7,27,24,2.45949522650335e-05,0,0,3,3,3,6,5,4,1,1,1,1
7,27,26,2.8336793548078276e-05,0,0,3,3,3,2,5,5,1,1,1,1
7,27,28,8.633035577076953e-06,0,0,3,3,3,4,5,5,1,1,1,1
7,27,29,8.715008334547747e-06,0,0,3,3,3,5,5,5,1,1,1,1
7,27,31,0.00010507510887691751,0,0,3,4,3,1,5,1,1,1,1,1
7,27,32,5.2321785915410146e-05,0,0,3,4,3,2,5,2,1,1,1,1
7,27,36,0.08141079545021057,0,0,3,5,3,1,5,1,1,2,1,2
7,27,37,0.007131134159862995,0,0,3,5,3,2,5,2,1,2,1,2
7,27,38,0.8898806571960449,0,0,3,5,3,3,5,3,1,2,1,2
7,27,42,4.1567353036953136e-05,0,1,3,6,3,2,5,0,1,0,1,1
7,27,43,1.6288154256471898e-06,0,1,3,6,3,3,5,0,1,0,1,1
7,27,45,9.808043614611961e-06,0,1,3,6,3,5,5,0,1,0,1,1
7,27,47,8.082529312503084e-09,0,2,3,7,3,0,5,0,1,0,1,4
7,30,1,1.2186581743733882e-09,0,0,3,3,6,1,5,1,1,1,1,1
7,30,2,2.953778377445815e-08,0,0,3,3,6,2,5,1,1,1,1,1
7,30,6,1.2230862544981846e-08,0,0,3,3,6,6,5,1,1,1,1,1
7,30,7,3.229785883185343e-10,0,0,3,3,6,1,5,2,1,1,1,1
7,30,8,3.163514250559274e-08,0,0,3,3,6,2,5,2,1,1,1,1
7,30,10,1.9946675422488624e-08,0,0,3,3,6,4,5,2,1,1,1,1
7,30,13,5.004199192626402e-05,0,0,3,3,6,1,5,3,1,1,1,1
7,30,15,0.00010060494241770357,0,0,3,3,6,3,5,3,1,1,1,1
7,30,18,7.678002475586254e-06,0,0,3,3,6,6,5,3,1,1,1,1
7,30,19,2.515868580132974e-08,0,0,3,3,6,1,5,4,1,1,1,1
7,30,23,4.867969209954026e-07,0,0,3,3,6,5,5,4,1,1,1,1
7,30,24,1.88376134246937e-07,0,0,3,3,6,6,5,4,1,1,1,1
7,30,26,3.4013635286100907e-07,0,0,3,3,6,2,5,5,1,1,1,1
7,30,28,2.3443170960035786e-08,0,0,3,3,6,4,5,5,1,1,1,1
7,30,29,5.330109615897527e-07,0,0,3,3,6,5,5,5,1,1,1,1
7,30,31,3.889896404984938e-08,0,0,3,4,6,1,5,1,1,1,1,1
7,30,32,5.280304549160064e-08,0,0,3,4,6,2,5,2,1,1,1,1
7,30,36,0.0006993836141191423,0,0,3,5,6,1,5,1,1,2,1,2
7,30,37,6.357990787364542e-05,0,0,3,5,6,2,5,2,1,2,1,2
7,30,38,0.999079167842865,0,0,3,5,6,3,5,3,1,2,1,2
7,30,42,1.20005424264491e-07,0,1,3,6,6,2,5,0,1,0,1,1
7,30,43,5.204257469415552e-09,0,1,3,6,6,3,5,0,1,0,1,1
7,30,45,1.6460687035646515e-08,0,1,3,6,6,5,5,0,1,0,1,1
7,30,47,5.909780997903624e-10,0,2,3,7,6,0,5,0,1,0,1,4
7,33,1,4.003034064226085e-06,0,0,4,3,3,1,3,1,1,1,1,1
7,33,2,1.9531922589521855e-05,0,0,4,3,3,2,3,1,1,1,1,1
7,33,6,3.20721446769312e-05,0,0,4,3,3,6,3,1,1,1,1,1
7,33,7,4.679333471813152e-07,0,0,4,3,3,1,3,2,1,1,1,1
7,33,8,2.7783544283010997e-06,0,0,4,3,3,2,3,2,1,1,1,1
7,33,10,1.4375304999703076e-06,0,0,4,3,3,4,3,2,1,1,1,1
7,33,13,0.9967567920684814,0,0,4,3,3,1,3,3,1,1,1,1
7,33,15,3.368666148162447e-05,0,0,4,3,3,3,3,3,1,1,1,1
7,33,18,0.0006216855836100876,0,0,4,3,3,6,3,3,1,1,1,1
7,33,19,0.00018591861589811742,0,0,4,3,3,1,3,4,1,1,1,1
7,33,23,0.00018077943241223693,0,0,4,3,3,5,3,4,1,1,1,1
7,33,24,1.86965417015017e-06,0,0,4,3,3,6,3,4,1,1,1,1
7,33,26,1.0672709322534502e-05,0,0,4,3,3,2,3,5,1,1,1,1
7,33,28,1.1745137129537397e-07,0,0,4,3,3,4,3,5,1,1,1,1
7,33,29,9.935344678524416e-06,0,0,4,3,3,5,3,5,1,1,1,1
7,33,31,6.611050594074186e-06,0,0,4,4,3,1,3,1,1,1,1,1
7,33,32,2.8747410851792665e-07,0,0,4,4,3,2,3,2,1,1,1,1
7,33,36,0.00021507889323402196,0,0,4,5,3,1,3,1,1,2,1,2
7,33,37,1.7815372075347113e-06,0,0,4,5,3,2,3,2,1,2,1,2
7,33,38,0.0017535188235342503,0,0,4,5,3,3,3,3,1,2,1,2
7,33,42,3.242039747419767e-05,0,1,4,6,3,2,3,0,1,0,1,1
7,33,43,2.7498028885020176e-06,0,1,4,6,3,3,3,0,1,0,1,1
7,33,45,0.0001256679679499939,0,1,4,6,3,5,3,0,1,0,1,1
7,33,47,1.6151495071947686e-11,0,2,4,7,3,0,3,0,1,0,1,4
7,34,1,3.14750491270388e-06,0,0,4,3,4,1,4,1,1,1,1,1
7,34,2,2.950583257188555e-05,0,0,4,3,4,2,4,1,1,1,1,1
7,34,6,1.4041718713997398e-05,0,0,4,3,4,6,4,1,1,1,1,1
7,34,7,1.1756740150303813e-06,0,0,4,3,4,1,4,2,1,1,1,1
7,34,8,2.7876098101842217e-05,0,0,4,3,4,2,4,2,1,1,1,1
7,34,10,1.2592238817887846e-05,0,0,4,3,4,4,4,2,1,1,1,1
7,34,13,0.017204569652676582,0,0,4,3,4,1,4,3,1,1,1,1
7,34,15,0.000605839304625988,0,0,4,3,4,3,4,3,1,1,1,1
7,34,18,0.000500775349792093,0,0,4,3,4,6,4,3,1,1,1,1
7,34,19,1.5938179785734974e-05,0,0,4,3,4,1,4,4,1,1,1,1
7,34,23,0.00010800374002428725,0,0,4,3,4,5,4,4,1,1,1,1
7,34,24,7.787262802594341e-06,0,0,4,3,4,6,4,4,1,1,1,1
7,34,26,5.1816212362609804e-05,0,0,4,3,4,2,4,5,1,1,1,1
7,34,28,1.9199044345441507e-06,0,0,4,3,4,4,4,5,1,1,1,1
7,34,29,5.21615038451273e-05,0,0,4,3,4,5,4,5,1,1,1,1
7,34,31,2.554579077695962e-05,0,0,4,4,4,1,4,1,1,1,1,1
7,34,32,1.1685871868394315e-05,0,0,4,4,4,2,4,2,1,1,1,1
7,34,36,0.05227323994040489,0,0,4,5,4,1,4,1,1,2,1,2
7,34,37,0.0027650182601064444,0,0,4,5,4,2,4,2,1,2,1,2
7,34,38,0.9262642860412598,0,0,4,5,4,3,4,3,1,2,1,2
7,34,42,1.073689418262802e-05,0,1,4,6,4,2,4,0,1,0,1,1
7,34,43,6.736074738000752e-07,0,1,4,6,4,3,4,0,1,0,1,1
7,34,45,1.1788620213337708e-05,0,1,4,6,4,5,4,0,1,0,1,1
7,34,47,2.508129481881838e-09,0,2,4,7,4,0,4,0,1,0,1,4
7,35,1,0.0003897945280186832,0,0,4,3,5,1,5,1,1,1,1,1
7,35,2,0.00046427984489127994,0,0,4,3,5,2,5,1,1,1,1,1
7,35,6,0.004677899181842804,0,0,4,3,5,6,5,1,1,1,1,1
7,35,7,4.310141957830638e-05,0,0,4,3,5,1,5,2,1,1,1,1
7,35,8,0.0007808746886439621,0,0,4,3,5,2,5,2,1,1,1,1
7,35,10,0.0002191773965023458,0,0,4,3,5,4,5,2,1,1,1,1
7,35,13,0.04178017005324364,0,0,4,3,5,1,5,3,1,1,1,1
7,35,15,0.0035779643803834915,0,0,4,3,5,3,5,3,1,1,1,1
7,35,18,0.00646559102460742,0,0,4,3,5,6,5,3,1,1,1,1
7,35,19,4.4475935283116996e-05,0,0,4,3,5,1,5,4,1,1,1,1
7,35,23,0.0019998594652861357,0,0,4,3,5,5,5,4,1,1,1,1
7,35,24,0.0004267218755558133,0,0,4,3,5,6,5,4,1,1,1,1
7,35,26,0.00020018641953356564,0,0,4,3,5,2,5,5,1,1,1,1
7,35,28,4.952954259351827e-05,0,0,4,3,5,4,5,5,1,1,1,1
7,35,29,0.0006860942812636495,0,0,4,3,5,5,5,5,1,1,1,1
7,35,31,0.005552022252231836,0,0,4,4,5,1,5,1,1,1,1,1
7,35,32,0.0007563181570731103,0,0,4,4,5,2,5,2,1,1,1,1
7,35,36,0.1814078688621521,0,0,4,5,5,1,5,1,1,2,1,2
7,35,37,0.0038477820344269276,0,0,4,5,5,2,5,2,1,2,1,2
7,35,38,0.7392141819000244,0,0,4,5,5,3,5,3,1,2,1,2
7,35,42,0.001997054321691394,0,1,4,6,5,2,5,0,1,0,1,1
7,35,43,0.000618313963059336,0,1,4,6,5,3,5,0,1,0,1,1
7,35,45,0.004782860167324543,0,1,4,6,5,5,5,0,1,0,1,1
7,35,47,1.7825803297455423e-05,0,2,4,7,5,0,5,0,1,0,1,4
7,39,1,1.8013952285400592e-05,0,0,5,3,4,1,4,1,2,1,2,1
7,39,2,3.517366712912917e-05,0,0,5,3,4,2,4,1,2,1,2,1
7,39,6,1.7773967556422576e-05,0,0,5,3,4,6,4,1,2,1,2,1
7,39,7,1.7105146525864257e-06,0,0,5,3,4,1,4,2,2,1,2,1
7,39,8,3.397438922547735e-05,0,0,5,3,4,2,4,2,2,1,2,1
7,39,10,9.940161362465005e-06,0,0,5,3,4,4,4,2,2,1,2,1
7,39,13,0.0008256070432253182,0,0,5,3,4,1,4,3,2,1,2,1
7,39,15,2.5510264094918966e-05,0,0,5,3,4,3,4,3,2,1,2,1
7,39,18,0.00010237313836114481,0,0,5,3,4,6,4,3,2,1,2,1
7,39,19,6.053244305803673e-06,0,0,5,3,4,1,4,4,2,1,2,1
7,39,23,5.164685353520326e-05,0,0,5,3,4,5,4,4,2,1,2,1
7,39,24,6.862078407721128e-06,0,0,5,3,4,6,4,4,2,1,2,1
7,39,26,2.1096018826938234e-05,0,0,5,3,4,2,4,5,2,1,2,1
7,39,28,3.9879688529254054e-07,0,0,5,3,4,4,4,5,2,1,2,1
7,39,29,2.8870903406641446e-05,0,0,5,3,4,5,4,5,2,1,2,1
7,39,31,0.0001391944388160482,0,0,5,4,4,1,4,1,2,1,2,1
7,39,32,8.559166417398956e-06,0,0,5,4,4,2,4,2,2,1,2,1
7,39,36,0.9684126377105713,0,0,5,5,4,1,4,1,2,2,2,2
7,39,37,0.0018115418497473001,0,0,5,5,4,2,4,2,2,2,2,2
7,39,38,0.028441311791539192,0,0,5,5,4,3,4,3,2,2,2,2
7,39,42,5.473349347084877e-07,0,1,5,6,4,2,4,0,2,0,2,1
7,39,43,2.4886794847134297e-08,0,1,5,6,4,3,4,0,2,0,2,1
7,39,45,1.588830286891607e-06,0,1,5,6,4,5,4,0,2,0,2,1
7,39,47,4.4149484068611855e-09,0,2,5,7,4,0,4,0,2,0,2,4
7,40,1,3.994211510871537e-05,0,0,5,3,5,1,5,1,2,1,2,1
7,40,2,6.78412543493323e-05,0,0,5,3,5,2,5,1,2,1,2,1
7,40,6,0.0001765897177392617,0,0,5,3,5,6,5,1,2,1,2,1
7,40,7,2.4694397779967403e-06,0,0,5,3,5,1,5,2,2,1,2,1
7,40,8,5.69433432247024e-05,0,0,5,3,5,2,5,2,2,1,2,1
7,40,10,2.5272698621847667e-05,0,0,5,3,5,4,5,2,2,1,2,1
7,40,13,0.008544652722775936,0,0,5,3,5,1,5,3,2,1,2,1
7,40,15,0.0014006707351654768,0,0,5,3,5,3,5,3,2,1,2,1
7,40,18,0.0017276356229558587,0,0,5,3,5,6,5,3,2,1,2,1
7,40,19,3.6528912460198626e-05,0,0,5,3,5,1,5,4,2,1,2,1
7,40,23,0.0005406663403846323,0,0,5,3,5,5,5,4,2,1,2,1
7,40,24,0.00010807806393131614,0,0,5,3,5,6,5,4,2,1,2,1
7,40,26,3.367114913999103e-05,0,0,5,3,5,2,5,5,2,1,2,1
7,40,28,6.393763214873616e-06,0,0,5,3,5,4,5,5,2,1,2,1
7,40,29,0.00012693421740550548,0,0,5,3,5,5,5,5,2,1,2,1
7,40,31,0.0001980341039597988,0,0,5,4,5,1,5,1,2,1,2,1
7,40,32,1.5161293958954047e-05,0,0,5,4,5,2,5,2,2,1,2,1
7,40,36,0.3960058093070984,0,0,5,5,5,1,5,1,2,2,2,2
7,40,37,0.002219945890828967,0,0,5,5,5,2,5,2,2,2,2,2
7,40,38,0.5885129570960999,0,0,5,5,5,3,5,3,2,2,2,2
7,40,42,4.681661448557861e-05,0,1,5,6,5,2,5,0,2,0,2,1
7,40,43,9.721661626826972e-06,0,1,5,6,5,3,5,0,2,0,2,1
7,40,45,9.701460658106953e-05,0,1,5,6,5,5,5,0,2,0,2,1
7,40,47,7.386718152702088e-07,0,2,5,7,5,0,5,0,2,0,2,4
7,41,1,0.0003163226938340813,1,0,6,3,1,1,0,1,0,1,1,1
7,41,2,0.00018547708168625832,1,0,6,3,1,2,0,1,0,1,1,1
7,41,6,0.00031831557862460613,1,0,6,3,1,6,0,1,0,1,1,1
7,41,7,4.550918310997076e-05,1,0,6,3,1,1,0,2,0,1,1,1
7,41,8,0.0002783950185403228,1,0,6,3,1,2,0,2,0,1,1,1
7,41,10,0.0001221652200911194,1,0,6,3,1,4,0,2,0,1,1,1
7,41,13,0.0064994278363883495,1,0,6,3,1,1,0,3,0,1,1,1
7,41,15,0.0003557805030141026,1,0,6,3,1,3,0,3,0,1,1,1
7,41,18,0.0044543202966451645,1,0,6,3,1,6,0,3,0,1,1,1
7,41,19,0.0001707032643025741,1,0,6,3,1,1,0,4,0,1,1,1
7,41,23,0.0013712950749322772,1,0,6,3,1,5,0,4,0,1,1,1
7,41,24,0.00022178550716489553,1,0,6,3,1,6,0,4,0,1,1,1
7,41,26,0.0003306369762867689,1,0,6,3,1,2,0,5,0,1,1,1
7,41,28,3.327616650494747e-05,1,0,6,3,1,4,0,5,0,1,1,1
7,41,29,0.0035407417453825474,1,0,6,3,1,5,0,5,0,1,1,1
7,41,31,0.0005195487174205482,1,0,6,4,1,1,0,1,0,1,1,1
7,41,32,3.225313776056282e-05,1,0,6,4,1,2,0,2,0,1,1,1
7,41,36,0.8983676433563232,1,0,6,5,1,1,0,1,0,2,1,2
7,41,37,0.0009683878743089736,1,0,6,5,1,2,0,2,0,2,1,2
7,41,38,0.08179273456335068,1,0,6,5,1,3,0,3,0,2,1,2
7,41,42,1.6124462490552105e-05,1,1,6,6,1,2,0,0,0,0,1,1
7,41,43,5.181510914553655e-06,1,1,6,6,1,3,0,0,0,0,1,1
7,41,45,4.8314439482055604e-05,1,1,6,6,1,5,0,0,0,0,1,1
7,41,47,5.655222139466787e-06,1,2,6,7,1,0,0,0,0,0,1,4
7,44,1,0.00012134777352912351,1,0,6,3,4,1,0,1,0,1,1,1
7,44,2,9.470676559431013e-06,1,0,6,3,4,2,0,1,0,1,1,1
7,44,6,7.768675277475268e-05,1,0,6,3,4,6,0,1,0,1,1,1
7,44,7,4.429120053828228e-06,1,0,6,3,4,1,0,2,0,1,1,1
7,44,8,2.8778938940376975e-05,1,0,6,3,4,2,0,2,0,1,1,1
7,44,10,4.55354165751487e-06,1,0,6,3,4,4,0,2,0,1,1,1
7,44,13,0.00011706287477863953,1,0,6,3,4,1,0,3,0,1,1,1
7,44,15,4.979963819096156e-07,1,0,6,3,4,3,0,3,0,1,1,1
7,44,18,5.170810254639946e-05,1,0,6,3,4,6,0,3,0,1,1,1
7,44,19,6.633047746618104e-07,1,0,6,3,4,1,0,4,0,1,1,1
7,44,23,1.3943553312856238e-05,1,0,6,3,4,5,0,4,0,1,1,1
7,44,24,1.7498630313639296e-06,1,0,6,3,4,6,0,4,0,1,1,1
7,44,26,2.438447836539126e-06,1,0,6,3,4,2,0,5,0,1,1,1
7,44,28,2.897722879424691e-07,1,0,6,3,4,4,0,5,0,1,1,1
7,44,29,3.4127009712392464e-05,1,0,6,3,4,5,0,5,0,1,1,1
7,44,31,0.0006386628956533968,1,0,6,4,4,1,0,1,0,1,1,1
7,44,32,4.866821655014064e-06,1,0,6,4,4,2,0,2,0,1,1,1
7,44,36,0.9977779984474182,1,0,6,5,4,1,0,1,0,2,1,2
7,44,37,0.00011257767619099468,1,0,6,5,4,2,0,2,0,2,1,2
7,44,38,0.0009952096734195948,1,0,6,5,4,3,0,3,0,2,1,2
7,44,42,1.3001323395656073e-07,1,1,6,6,4,2,0,0,0,0,1,1
7,44,43,4.4521996755975124e-08,1,1,6,6,4,3,0,0,0,0,1,1
7,44,45,3.979752818850102e-06,1,1,6,6,4,5,0,0,0,0,1,1
7,44,47,1.547604355778276e-08,1,2,6,7,4,0,0,0,0,0,1,4
7,46,1,0.0003652450395748019,1,0,6,3,6,1,0,1,0,1,1,1
7,46,2,0.0001489515561843291,1,0,6,3,6,2,0,1,0,1,1,1
7,46,6,0.00020896451314911246,1,0,6,3,6,6,0,1,0,1,1,1
7,46,7,4.489770071813837e-05,1,0,6,3,6,1,0,2,0,1,1,1
7,46,8,0.00013904886145610362,1,0,6,3,6,2,0,2,0,1,1,1
7,46,10,9.18720688787289e-05,1,0,6,3,6,4,0,2,0,1,1,1
7,46,13,0.002274410566315055,1,0,6,3,6,1,0,3,0,1,1,1
7,46,15,0.00016318188863806427,1,0,6,3,6,3,0,3,0,1,1,1
7,46,18,0.0015043800231069326,1,0,6,3,6,6,0,3,0,1,1,1
7,46,19,9.768269956111908e-05,1,0,6,3,6,1,0,4,0,1,1,1
7,46,23,0.0010610211174935102,1,0,6,3,6,5,0,4,0,1,1,1
7,46,24,0.00011204754264326766,1,0,6,3,6,6,0,4,0,1,1,1
7,46,26,0.000233477505389601,1,0,6,3,6,2,0,5,0,1,1,1
7,46,28,2.1531428501475602e-05,1,0,6,3,6,4,0,5,0,1,1,1
7,46,29,0.003972308244556189,1,0,6,3,6,5,0,5,0,1,1,1
7,46,31,0.0014032640028744936,1,0,6,4,6,1,0,1,0,1,1,1
7,46,32,4.491420986596495e-05,1,0,6,4,6,2,0,2,0,1,1,1
7,46,36,0.9626776576042175,1,0,6,5,6,1,0,1,0,2,1,2
7,46,37,0.00033904373412951827,1,0,6,5,6,2,0,2,0,2,1,2
7,46,38,0.02502218261361122,1,0,6,5,6,3,0,3,0,2,1,2
7,46,42,6.1965138229425065e-06,1,1,6,6,6,2,0,0,0,0,1,1
7,46,43,3.400427431188291e-06,1,1,6,6,6,3,0,0,0,0,1,1
7,46,45,5.2854771638521925e-05,1,1,6,6,6,5,0,0,0,0,1,1
7,46,47,1.2096100363123696e-05,1,2,6,7,6,0,0,0,0,0,1,4
