{
  "n": 1000,
  "p": 100,
  "n_active": 10,
  "sigma2": 4.116677284240723,
  "sigma": 2.0289597511291504,
  "active_idx": [
    1,
    2,
    5,
    22,
    52,
    60,
    66,
    80,
    90,
    93
  ],
  "snr": 2.5,
  "setting": "simple",
  "seed": 35
}