method,seed,runtime_sec,converged,n_iter,support_size,precision,recall,f1,auroc,auprc,fdr,tp,fp,fn,tn,train_mse,val_mse,test_mse,train_r2,val_r2,test_r2,train_nll,val_nll,test_nll,n,p,snr,n_active,sigma2,setting,selected_ckpt_id
mf_spike_slab,35,0.020222717081196606,True,7,10.0,1.0,1.0,1.0,1.0,1.0,0.0,10.0,0.0,0.0,90.0,4.335061146064197,4.104858873894882,3.7450075699388305,0.7060477497196542,0.7330520099068618,0.6839600063445056,2.152396546452914,2.126346354990933,2.0856247961741556,1000,100,2.5,10,4.116677284240723,simple,
mf_ard,35,0.021140909055247903,True,14,25.0,0.4,1.0,0.5714285714285715,1.0,1.0,0.6,10.0,15.0,0.0,75.0,3.801464055360857,4.522525912092054,4.106435840280327,0.7422299534465147,0.7058902048850251,0.6534591899556328,2.091493421074671,2.1737152662472448,2.126268999130244,1000,100,2.5,10,4.116677284240723,simple,
mf_bayes_lasso,35,0.021274410071782768,True,14,36.0,0.2777777777777778,1.0,0.4347826086956522,1.0,1.0,0.7222222222222222,10.0,26.0,0.0,64.0,3.7788494251855735,4.716225967509765,4.311151297865404,0.7437634085017721,0.6932934647623556,0.6361833178223688,2.083666575835472,2.2066391445463402,2.153498202356382,1000,100,2.5,10,4.116677284240723,simple,
flow_stagewise,35,473.67896938323975,True,,10.0,1.0,1.0,1.0,1.0,1.0,0.0,10.0,0.0,0.0,90.0,4.403231143951416,4.102560043334961,3.713230848312378,0.7014252778294345,0.7332015185080574,0.6866416296191298,2.1612601280212402,2.124741554260254,2.0774524211883545,1000,100,2.5,10,4.116677284240723,simple,35.0
