method,seed,runtime_sec,converged,n_iter,support_size,precision,recall,f1,auroc,auprc,fdr,tp,fp,fn,tn,train_mse,val_mse,test_mse,train_r2,val_r2,test_r2,train_nll,val_nll,test_nll,n,p,snr,n_active,sigma2,setting
mf_spike_slab,87,0.06571558897849172,True,29,11.0,0.9090909090909091,1.0,0.9523809523809523,1.0,1.0,0.09090909090909091,10.0,1.0,0.0,89.0,4.7284083045805785,5.200462015511045,5.378879263099225,0.723518232224228,0.6488920013208357,0.6488637735020679,2.195800258167178,2.2449018522118585,2.263460272702561,1000,100,2.5,10,4.96712920384553,block_corr
mf_ard,87,0.13103116897400469,True,87,30.0,0.3333333333333333,1.0,0.5,1.0,1.0,0.6666666666666666,10.0,20.0,0.0,70.0,4.165709670813505,5.722182924773556,5.899461129710585,0.7564206177559978,0.6136681339463841,0.6148799000436704,2.1372600588773807,2.299183959161285,2.317626665006502,1000,100,2.5,10,4.96712920384553,block_corr
mf_bayes_lasso,87,0.10614461090881377,True,73,56.0,0.17857142857142858,1.0,0.30303030303030304,0.9988888888888889,0.990909090909091,0.8214285714285714,10.0,46.0,0.0,44.0,4.0540326888801985,6.108159858157469,6.38400954110792,0.762950648031698,0.5876089899294599,0.5832483105598056,2.1188530774744443,2.3683414600087422,2.4018453697234077,1000,100,2.5,10,4.96712920384553,block_corr
