{
  "n": 1000,
  "p": 100,
  "n_active": 10,
  "sigma2": 5.032378196716309,
  "sigma": 2.2432963848114014,
  "active_idx": [
    6,
    8,
    10,
    47,
    52,
    53,
    68,
    73,
    76,
    97
  ],
  "snr": 2.5,
  "setting": "simple",
  "seed": 64
}