method,seed,runtime_sec,converged,n_iter,support_size,precision,recall,f1,auroc,auprc,fdr,tp,fp,fn,tn,train_mse,val_mse,test_mse,train_r2,val_r2,test_r2,train_nll,val_nll,test_nll,n,p,snr,n_active,sigma2,setting,selected_ckpt_id
mf_spike_slab,64,0.030005631037056446,True,8,10.0,1.0,1.0,1.0,1.0,1.0,0.0,10.0,0.0,0.0,90.0,4.486311437062673,5.033471898840256,4.471182717343011,0.7349454820772429,0.6888654525428697,0.7536695209427101,2.1695276548677436,2.2294677655819086,2.167870340061016,1000,100,2.5,10,5.032378196716309,simple,
mf_ard,64,0.020956897060386837,True,14,22.0,0.45454545454545453,1.0,0.625,1.0,1.0,0.5454545454545454,10.0,12.0,0.0,78.0,3.9707229639395623,5.422860541740463,4.908352868470655,0.7654068212212884,0.6647961298907226,0.7295845439769704,2.113189224181694,2.271920323599845,2.215680219435012,1000,100,2.5,10,5.032378196716309,simple,
mf_bayes_lasso,64,0.021025636000558734,True,14,28.0,0.35714285714285715,1.0,0.5263157894736842,1.0,1.0,0.6428571428571429,10.0,18.0,0.0,72.0,3.9479635721516093,5.648441397623795,5.084154864096115,0.7667514625158574,0.650852275843097,0.7198990999816551,2.1055559675542326,2.319121197554557,2.248251715157478,1000,100,2.5,10,5.032378196716309,simple,
flow_stagewise,64,647.8295111656189,True,,9.0,1.0,0.9,0.9473684210526316,0.95,0.91,0.0,9.0,0.0,1.0,90.0,4.637523651123047,5.140016555786133,4.611399173736572,0.7260117501789298,0.6822796193393226,0.7459445982686488,2.187682628631592,2.237565755844116,2.185227394104004,1000,100,2.5,10,5.032378196716309,simple,118.0
