method,seed,runtime_sec,converged,n_iter,selected_ckpt_id,support_size,precision,recall,f1,auroc,auprc,fdr,tp,fp,fn,tn,train_mse,val_mse,test_mse,train_r2,val_r2,test_r2,train_nll,val_nll,test_nll,n,p,snr,n_active,sigma2,setting
flow_stagewise,84,653.9051382541656,True,,21,9.0,1.0,0.9,0.9473684210526316,0.95,0.91,0.0,9.0,0.0,1.0,90.0,7.441695213317871,8.877839088439941,9.44737434387207,0.7211438209559113,0.7079150962779921,0.6841992061817768,2.4245126247406006,2.512558937072754,2.547466516494751,1000,100,2.5,10,8.152746200561523,simple
