method,seed,runtime_sec,converged,n_iter,selected_ckpt_id,support_size,precision,recall,f1,auroc,auprc,fdr,tp,fp,fn,tn,train_mse,val_mse,test_mse,train_r2,val_r2,test_r2,train_nll,val_nll,test_nll,n,p,snr,n_active,sigma2,noise_x,group_size,setting
flow_stagewise,7,1265.959465265274,True,,232,14.0,0.35714285714285715,0.5,0.41666666666666663,0.7000000000000001,0.2285714285714286,0.6428571428571429,5.0,9.0,5.0,81.0,19.704280853271484,17.700761795043945,20.243873596191406,0.3495779241676492,0.4299507799871479,0.28650368528444414,3.031568765640259,2.924126625061035,3.0533511638641357,1000,100,2.5,10,8.481204182241495,0.15,10,jitter
