method,seed,runtime_sec,converged,n_iter,selected_ckpt_id,support_size,precision,recall,f1,auroc,auprc,fdr,tp,fp,fn,tn,train_mse,val_mse,test_mse,train_r2,val_r2,test_r2,train_nll,val_nll,test_nll,n,p,snr,n_active,sigma2,setting
flow_stagewise,7,632.0548069477081,True,,74,11.0,0.9090909090909091,1.0,0.9523809523809523,0.9944444444444445,0.9090909090909091,0.09090909090909091,10.0,1.0,0.0,89.0,7.195361137390137,6.521867752075195,5.947111129760742,0.6894256211445425,0.7288385558517417,0.7050761930498359,2.407020330429077,2.3566782474517822,2.313717842102051,1000,100,2.5,10,6.689099311828613,simple
