method,seed,runtime_sec,converged,n_iter,selected_ckpt_id,support_size,precision,recall,f1,auroc,auprc,fdr,tp,fp,fn,tn,train_mse,val_mse,test_mse,train_r2,val_r2,test_r2,train_nll,val_nll,test_nll,n,p,snr,n_active,sigma2,rho,block_size,setting
flow_stagewise,70,808.9942312240601,True,,37,10.0,1.0,1.0,1.0,1.0,1.0,0.0,10.0,0.0,0.0,90.0,5.168396472930908,6.520081043243408,5.825949668884277,0.7123866787504021,0.6742048724002496,0.6838616714888299,2.2400922775268555,2.3696672916412354,2.303270101547241,1000,100,2.5,10,5.22296681215458,0.8,10,block_corr
