method,seed,runtime_sec,converged,n_iter,support_size,precision,recall,f1,auroc,auprc,fdr,tp,fp,fn,tn,train_mse,val_mse,test_mse,train_r2,val_r2,test_r2,train_nll,val_nll,test_nll,n,p,snr,n_active,sigma2,setting
mf_spike_slab,59,0.02890235697850585,True,8,11.0,0.9090909090909091,1.0,0.9523809523809523,1.0,1.0,0.09090909090909091,10.0,1.0,0.0,89.0,6.4889004729352155,7.449823730502976,7.343482480342795,0.6973497051916335,0.6828254914759873,0.7056007091446503,2.3540826071777134,2.4266733988982327,2.418640087724959,1000,100,2.5,10,6.4726057052612305,simple
mf_ard,59,0.023229454993270338,True,16,39.0,0.2564102564102564,1.0,0.4081632653061224,1.0,1.0,0.7435897435897436,10.0,29.0,0.0,61.0,5.669206673452614,8.162924425046828,7.8820148366248235,0.7355812316421821,0.6524653956533162,0.6840110145799145,2.290819223685979,2.4829858910155385,2.461338910560968,1000,100,2.5,10,6.4726057052612305,simple
mf_bayes_lasso,59,0.020885398029349744,True,14,47.0,0.2127659574468085,1.0,0.3508771929824561,1.0,1.0,0.7872340425531915,10.0,37.0,0.0,53.0,5.61524885639791,8.600683700537926,8.272447476673484,0.7380978905595033,0.6338278965555566,0.6683586190489399,2.281702863477184,2.5450850982504547,2.5161273099588595,1000,100,2.5,10,6.4726057052612305,simple
