method,seed,runtime_sec,converged,n_iter,support_size,precision,recall,f1,auroc,auprc,fdr,tp,fp,fn,tn,train_mse,val_mse,test_mse,train_r2,val_r2,test_r2,train_nll,val_nll,test_nll,n,p,snr,n_active,sigma2,setting
mf_spike_slab,45,0.02322922903113067,True,7,10.0,1.0,1.0,1.0,1.0,1.0,0.0,10.0,0.0,0.0,90.0,6.309612233039836,6.079613747434211,5.721161414100586,0.7502462429570071,0.6759436918085677,0.7403437121242267,2.340038183956855,2.3220988972391168,2.294140542794382,1000,100,2.5,10,6.161301612854004,simple
mf_ard,45,0.022747586015611887,True,15,33.0,0.30303030303030304,1.0,0.4651162790697675,1.0,1.0,0.696969696969697,10.0,23.0,0.0,67.0,5.447761896763375,6.915358583406699,6.481939151911423,0.7843609161799779,0.6313967193549974,0.7058156313727163,2.2709387802910728,2.3885517709079664,2.3538175990516477,1000,100,2.5,10,6.161301612854004,simple
mf_bayes_lasso,45,0.02114372595679015,True,14,49.0,0.20408163265306123,1.0,0.3389830508474576,1.0,1.0,0.7959183673469388,10.0,39.0,0.0,51.0,5.401569140679635,7.4103808935005615,6.886991703018094,0.786189366796907,0.6050109802364372,0.6874322238436519,2.262305272113555,2.446513738159404,2.3985188377968574,1000,100,2.5,10,6.161301612854004,simple
