method,seed,runtime_sec,converged,n_iter,support_size,precision,recall,f1,auroc,auprc,fdr,tp,fp,fn,tn,train_mse,val_mse,test_mse,train_r2,val_r2,test_r2,train_nll,val_nll,test_nll,n,p,snr,n_active,sigma2,setting
mf_spike_slab,83,0.04474356595892459,True,20,10.0,0.9,0.9,0.9,0.9855555555555556,0.9434782608695652,0.1,9.0,1.0,1.0,89.0,7.733733687044784,7.680498554043529,7.883341328967501,0.7133486574622365,0.7005448788072617,0.6877604151348236,2.4417805377324995,2.438385327448188,2.4513221576333195,1000,100,2.5,10,7.944997331588693,block_corr
mf_ard,83,0.12267663411330432,True,86,37.0,0.2702702702702703,1.0,0.4255319148936171,1.0,1.0,0.7297297297297297,10.0,27.0,0.0,63.0,6.8348425741658,8.733074138745302,7.933711961754634,0.7466661150744193,0.6595059869874795,0.6857653593818703,2.3841252724685105,2.5058187098884632,2.454572522185837,1000,100,2.5,10,7.944997331588693,block_corr
mf_bayes_lasso,83,0.1107082839589566,True,76,73.0,0.136986301369863,1.0,0.24096385542168672,1.0,1.0,0.863013698630137,10.0,63.0,0.0,27.0,6.5055142349309865,9.978677609999272,9.003339916510424,0.7588726914057882,0.6109411268006262,0.643400050737182,2.35532822651795,2.617999712189407,2.5442360065085445,1000,100,2.5,10,7.944997331588693,block_corr
