method,seed,runtime_sec,converged,n_iter,selected_ckpt_id,support_size,precision,recall,f1,auroc,auprc,fdr,tp,fp,fn,tn,train_mse,val_mse,test_mse,train_r2,val_r2,test_r2,train_nll,val_nll,test_nll,n,p,snr,n_active,sigma2,noise_x,group_size,setting
flow_stagewise,72,630.8405621051788,True,,115,8.0,0.5,0.4,0.4444444444444445,0.6777777777777777,0.26,0.5,4.0,4.0,6.0,86.0,9.168985366821289,9.483363151550293,9.247152328491211,0.5571858842786659,0.41405505314539304,0.5620370186219343,2.5763471126556396,2.607243537902832,2.600039482116699,1000,100,2.5,10,5.562875159595814,0.15,10,jitter
