method,seed,runtime_sec,converged,n_iter,selected_ckpt_id,support_size,precision,recall,f1,auroc,auprc,fdr,tp,fp,fn,tn,train_mse,val_mse,test_mse,train_r2,val_r2,test_r2,train_nll,val_nll,test_nll,n,p,snr,n_active,sigma2,setting
flow_stagewise,100,466.8818519115448,True,,83,10.0,1.0,1.0,1.0,1.0,1.0,0.0,10.0,0.0,0.0,90.0,5.537951946258545,4.749941349029541,4.036098480224609,0.6977455936378822,0.7320863591497162,0.7643033116435036,2.2752320766448975,2.200920581817627,2.133605480194092,1000,100,2.5,10,5.302104473114014,simple
