{
  "sim": "block_corr",
  "n": 1000,
  "p": 100,
  "n_active": 10,
  "active_idx": [
    26,
    31,
    43,
    48,
    52,
    55,
    69,
    75,
    97,
    99
  ],
  "snr": 2.5,
  "sigma2": 6.266414596719192,
  "sigma": 2.503280766657866,
  "rho": 0.8,
  "block_size": 10,
  "beta_low": 0.8,
  "beta_high": 1.8,
  "setting": "block_corr",
  "seed": 33
}