method,seed,runtime_sec,converged,n_iter,selected_ckpt_id,support_size,precision,recall,f1,auroc,auprc,fdr,tp,fp,fn,tn,train_mse,val_mse,test_mse,train_r2,val_r2,test_r2,train_nll,val_nll,test_nll,n,p,snr,n_active,sigma2,rho,block_size,setting
flow_stagewise,41,488.3410840034485,True,,90,10.0,1.0,1.0,1.0,1.0,1.0,0.0,10.0,0.0,0.0,90.0,5.553144454956055,6.0009989738464355,6.139367580413818,0.7058939444798157,0.6850122726855665,0.6868253135626233,2.2761635780334473,2.3159563541412354,2.3282506465911865,1000,100,2.5,10,5.627051134913845,0.8,10,block_corr
