method,seed,runtime_sec,converged,n_iter,support_size,precision,recall,f1,auroc,auprc,fdr,tp,fp,fn,tn,train_mse,val_mse,test_mse,train_r2,val_r2,test_r2,train_nll,val_nll,test_nll,n,p,snr,n_active,sigma2,setting
mf_spike_slab,72,0.02124758600257337,True,7,10.0,0.0,0.0,0.0,0.74,0.19706596569700618,1.0,0.0,10.0,10.0,80.0,6.422320756059023,5.918038170895736,7.08555114414047,0.6898354265705997,0.6343444398170126,0.6644146018507848,2.3488614228946947,2.3100514174503832,2.3999041829058085,1000,100,2.5,10,5.562875159595814,jitter
mf_ard,72,0.8741882859612815,True,623,15.0,0.4666666666666667,0.7,0.56,0.9411111111111111,0.547535710190509,0.5333333333333333,7.0,8.0,3.0,82.0,5.668311139094164,5.296112847373958,5.861968966006117,0.7262501557768501,0.6727711018285423,0.7223658189211841,2.290531398600004,2.2617489803700535,2.305507127107306,1000,100,2.5,10,5.562875159595814,jitter
mf_bayes_lasso,72,1.1931067259865813,False,1000,78.0,0.1282051282051282,1.0,0.22727272727272727,0.8683333333333334,0.3558802308802309,0.8717948717948718,10.0,68.0,0.0,22.0,5.040271495351691,5.370895346161656,6.101698007869322,0.7565811927332899,0.6681505441882456,0.7110117881160967,2.227918210242544,2.259690765755784,2.3299200250226133,1000,100,2.5,10,5.562875159595814,jitter
