method,seed,runtime_sec,converged,n_iter,support_size,precision,recall,f1,auroc,auprc,fdr,tp,fp,fn,tn,train_mse,val_mse,test_mse,train_r2,val_r2,test_r2,train_nll,val_nll,test_nll,n,p,snr,n_active,sigma2,setting
mf_spike_slab,33,0.06937851698603481,True,26,10.0,1.0,1.0,1.0,1.0,1.0,0.0,10.0,0.0,0.0,90.0,5.845730962166205,5.8912046841404155,6.095749461676769,0.7538410437447398,0.6951103187563403,0.676227307673734,2.3018519329412963,2.3056826858491455,2.32291374737908,1000,100,2.5,10,6.266414596719192,block_corr
mf_ard,33,0.12403204606380314,True,86,37.0,0.2702702702702703,1.0,0.4255319148936171,1.0,1.0,0.7297297297297297,10.0,27.0,0.0,63.0,5.124698351815564,6.582144187177571,6.427964521071734,0.7842031380557221,0.6593518727110408,0.6585818704903541,2.240613399263009,2.364310620826746,2.351224991257412,1000,100,2.5,10,6.266414596719192,block_corr
mf_bayes_lasso,33,0.11210651497822255,True,76,62.0,0.16129032258064516,1.0,0.27777777777777773,0.9988888888888889,0.990909090909091,0.8387096774193549,10.0,52.0,0.0,38.0,4.925504388448062,7.433902072880578,6.841916236485275,0.7925910331593864,0.6152705338012123,0.6365950315897193,2.216213365188947,2.4668743416687793,2.4077179532165043,1000,100,2.5,10,6.266414596719192,block_corr
