method,seed,runtime_sec,converged,n_iter,selected_ckpt_id,support_size,precision,recall,f1,auroc,auprc,fdr,tp,fp,fn,tn,train_mse,val_mse,test_mse,train_r2,val_r2,test_r2,train_nll,val_nll,test_nll,n,p,snr,n_active,sigma2,noise_x,group_size,setting
flow_stagewise,6,8926.077261686325,True,,167,5.0,0.8,0.4,0.5333333333333333,0.6944444444444444,0.38000000000000006,0.2,4.0,1.0,6.0,89.0,19.6889591217041,22.53278350830078,25.269786834716797,0.2962164662909399,0.3361929869153587,0.1900734454081361,3.1226978302001953,3.296921730041504,3.43648099899292,1000,100,2.5,10,8.540047277256276,0.15,10,jitter
