method,seed,runtime_sec,converged,n_iter,selected_ckpt_id,support_size,precision,recall,f1,auroc,auprc,fdr,tp,fp,fn,tn,train_mse,val_mse,test_mse,train_r2,val_r2,test_r2,train_nll,val_nll,test_nll,n,p,snr,n_active,sigma2,noise_x,group_size,setting
flow_stagewise,60,968.0281598567963,True,,56,6.0,0.6666666666666666,0.4,0.5,0.6888888888888889,0.32666666666666666,0.3333333333333333,4.0,2.0,6.0,88.0,13.075270652770996,15.15820598602295,16.449256896972656,0.36152725836364386,0.40381770544366735,0.3327541722327302,2.7993364334106445,2.915458917617798,2.9958488941192627,1000,100,2.5,10,6.506603373989437,0.15,10,jitter
