{
  "n": 1000,
  "p": 100,
  "n_active": 10,
  "sigma2": 5.802898406982422,
  "sigma": 2.4089205265045166,
  "active_idx": [
    17,
    23,
    27,
    33,
    46,
    48,
    56,
    70,
    81,
    97
  ],
  "snr": 2.5,
  "setting": "simple",
  "seed": 72
}