method,seed,runtime_sec,converged,n_iter,support_size,precision,recall,f1,auroc,auprc,fdr,tp,fp,fn,tn,train_mse,val_mse,test_mse,train_r2,val_r2,test_r2,train_nll,val_nll,test_nll,n,p,snr,n_active,sigma2,setting
mf_spike_slab,39,0.017383128055371344,True,7,10.0,0.0,0.0,0.0,0.7488888888888889,0.22159326741370083,1.0,0.0,10.0,10.0,80.0,8.311682925207158,8.792410458145508,8.926086732864906,0.6902556712783403,0.7049121005975509,0.6585586468795095,2.477802803162054,2.5063895262726192,2.514338658348534,1000,100,2.5,10,7.487627046231793,jitter
mf_ard,39,1.2787097039399669,True,898,12.0,0.5,0.6,0.5454545454545454,0.91,0.5014583333333333,0.5,6.0,6.0,4.0,84.0,7.379040626599996,8.482911029827694,8.429239201338786,0.7250116485357743,0.71529941549866,0.6775640966959717,2.4219484313894397,2.4880252882024814,2.4848125326873545,1000,100,2.5,10,7.487627046231793,jitter
mf_bayes_lasso,39,1.2014709149952978,False,1000,83.0,0.12048192771084337,1.0,0.21505376344086022,0.84,0.30989685231076913,0.8795180722891566,10.0,73.0,0.0,17.0,6.557074479836256,8.867190534698755,8.809762281732413,0.7556431529678226,0.7024023570167324,0.6630082986904693,2.3594734456353823,2.5299798375089457,2.52574113955077,1000,100,2.5,10,7.487627046231793,jitter
