method,seed,runtime_sec,converged,n_iter,support_size,precision,recall,f1,auroc,auprc,fdr,tp,fp,fn,tn,train_mse,val_mse,test_mse,train_r2,val_r2,test_r2,train_nll,val_nll,test_nll,n,p,snr,n_active,sigma2,setting
mf_spike_slab,41,0.01680546102579683,True,7,10.0,0.2,0.2,0.20000000000000004,0.7311111111111112,0.2298637907837221,0.8,2.0,8.0,8.0,82.0,6.796655685870754,6.49524402136605,6.863616835428416,0.7018801179488012,0.694689971668447,0.6565647047264447,2.3771875434235272,2.355270349213646,2.382056633416391,1000,100,2.5,10,6.325161093049562,jitter
mf_ard,41,0.9816856379620731,True,687,16.0,0.375,0.6,0.4615384615384615,0.8422222222222222,0.4707070707070707,0.625,6.0,10.0,4.0,80.0,5.904262399028964,5.682853645810601,6.451032323729042,0.7410229248986391,0.7328765167406905,0.6772092259749746,2.310857960328482,2.2944030348615216,2.351493473729537,1000,100,2.5,10,6.325161093049562,jitter
mf_bayes_lasso,41,1.3398218150250614,False,1000,83.0,0.12048192771084337,1.0,0.21505376344086022,0.758888888888889,0.2360934841197999,0.8795180722891566,10.0,73.0,0.0,17.0,5.189710189471186,6.3380260210120625,7.479280520857093,0.7723651364624277,0.7020800299918002,0.6257586960776234,2.2425349971779642,2.3496559002910073,2.456118085473266,1000,100,2.5,10,6.325161093049562,jitter
