method,seed,runtime_sec,converged,n_iter,selected_ckpt_id,support_size,precision,recall,f1,auroc,auprc,fdr,tp,fp,fn,tn,train_mse,val_mse,test_mse,train_r2,val_r2,test_r2,train_nll,val_nll,test_nll,n,p,snr,n_active,sigma2,rho,block_size,setting
flow_stagewise,39,780.648375749588,True,,70,10.0,1.0,1.0,1.0,1.0,1.0,0.0,10.0,0.0,0.0,90.0,4.723440647125244,4.419154644012451,4.890729904174805,0.6859972017536484,0.7416043596274369,0.7061435394626439,2.1965084075927734,2.161916732788086,2.2155256271362305,1000,100,2.5,10,4.3981874429456385,0.8,10,block_corr
