method,seed,runtime_sec,converged,n_iter,selected_ckpt_id,support_size,precision,recall,f1,auroc,auprc,fdr,tp,fp,fn,tn,train_mse,val_mse,test_mse,train_r2,val_r2,test_r2,train_nll,val_nll,test_nll,n,p,snr,n_active,sigma2,rho,block_size,setting
flow_stagewise,69,568.9831192493439,True,,33,11.0,0.9090909090909091,1.0,0.9523809523809523,0.9944444444444445,0.9090909090909091,0.09090909090909091,10.0,1.0,0.0,89.0,6.217951774597168,7.139078140258789,8.724204063415527,0.7422042678067422,0.6893116104673926,0.660449068795135,2.3383326530456543,2.4018096923828125,2.511016845703125,1000,100,2.5,10,7.2553597086849155,0.8,10,block_corr
