method,seed,runtime_sec,converged,n_iter,support_size,precision,recall,f1,auroc,auprc,fdr,tp,fp,fn,tn,train_mse,val_mse,test_mse,train_r2,val_r2,test_r2,train_nll,val_nll,test_nll,n,p,snr,n_active,sigma2,setting,selected_ckpt_id,noise_x,group_size
mf_spike_slab,9,0.018184273969382048,True,7,10.0,0.1,0.1,0.10000000000000002,0.8072222222222222,0.23328612588594444,0.9,1.0,9.0,9.0,81.0,9.116039019203166,8.631812983001323,9.564470775170879,0.6982791088348905,0.7325768354576995,0.6300400407660761,2.5239899791672884,2.4977383584972936,2.5483010642266155,1000,100,2.5,10,8.413251482049697,jitter,,,
mf_ard,9,0.2988931459840387,True,196,11.0,0.7272727272727273,0.8,0.761904761904762,0.9677777777777778,0.7817857142857143,0.2727272727272727,8.0,3.0,2.0,87.0,8.15619823716244,8.510001568878256,8.600279442508377,0.7300477328528312,0.7363506885180373,0.6673355895225779,2.471808967675393,2.4910384100659226,2.4959450715201577,1000,100,2.5,10,8.413251482049697,jitter,,,
mf_bayes_lasso,9,1.5194452420109883,False,1000,73.0,0.136986301369863,1.0,0.24096385542168672,0.8538888888888889,0.3434472934472934,0.863013698630137,10.0,63.0,0.0,27.0,7.3271539785070035,9.095019922417675,9.666664342934691,0.7574872789111478,0.7182261694017253,0.6260871270029835,2.414920692383223,2.532275667392859,2.5702227283197603,1000,100,2.5,10,8.413251482049697,jitter,,,
flow_stagewise,9,824.9668841362,True,,9.0,0.7777777777777778,0.7,0.7368421052631577,0.8388888888888888,0.5744444444444444,0.2222222222222222,7.0,2.0,3.0,88.0,25.91205596923828,33.31578826904297,34.65195083618164,0.14236780971174956,-0.03216014814053958,-0.3403599717978778,3.517465114593506,3.9516632556915283,4.032430648803711,1000,100,2.5,10,8.413251482049697,jitter,107.0,0.15,10.0
