{
  "n": 1000,
  "p": 100,
  "n_active": 10,
  "sigma2": 5.946679592132568,
  "sigma": 2.4385814666748047,
  "active_idx": [
    16,
    32,
    37,
    64,
    69,
    76,
    80,
    87,
    92,
    99
  ],
  "snr": 2.5,
  "setting": "simple",
  "seed": 85
}