method,seed,runtime_sec,converged,n_iter,support_size,precision,recall,f1,auroc,auprc,fdr,tp,fp,fn,tn,train_mse,val_mse,test_mse,train_r2,val_r2,test_r2,train_nll,val_nll,test_nll,n,p,snr,n_active,sigma2,setting,selected_ckpt_id
mf_spike_slab,85,0.026296603959053755,True,11,11.0,0.9090909090909091,1.0,0.9523809523809523,1.0,1.0,0.09090909090909091,10.0,1.0,0.0,89.0,5.765177573305883,6.570979811351112,7.598252998228934,0.7369770678555927,0.648286446512385,0.6637105785428636,2.2951500865209327,2.3626678193414734,2.448742482938311,1000,100,2.5,10,5.946679592132568,simple,
mf_ard,85,0.02230300707742572,True,15,32.0,0.3125,1.0,0.47619047619047616,0.9955555555555555,0.9651515151515151,0.6875,10.0,22.0,0.0,68.0,4.8874928709621255,8.055464015399819,8.41669187905819,0.7770194084380653,0.5688290094951117,0.627487470705279,2.2168473526978554,2.499075006527057,2.531256010649218,1000,100,2.5,10,5.946679592132568,simple,
mf_bayes_lasso,85,0.020961413043551147,True,14,40.0,0.25,1.0,0.4,0.9955555555555555,0.9651515151515151,0.75,10.0,30.0,0.0,60.0,4.853841182180477,8.474177624310522,8.664667497799483,0.778554689137127,0.5464172451142186,0.6165123719054073,2.2088439268944797,2.578436908811325,2.5978836429735024,1000,100,2.5,10,5.946679592132568,simple,
flow_stagewise,85,1035.659728050232,True,,8.0,1.0,0.8,0.888888888888889,0.9,0.8200000000000001,0.0,8.0,0.0,2.0,90.0,6.2292938232421875,6.552396297454834,8.106891632080078,0.715802824270501,0.6492811198702431,0.6411988510438146,2.334120988845825,2.361276626586914,2.491971492767334,1000,100,2.5,10,5.946679592132568,simple,41.0
