method,seed,runtime_sec,converged,n_iter,selected_ckpt_id,support_size,precision,recall,f1,auroc,auprc,fdr,tp,fp,fn,tn,train_mse,val_mse,test_mse,train_r2,val_r2,test_r2,train_nll,val_nll,test_nll,n,p,snr,n_active,sigma2,noise_x,group_size,setting
flow_stagewise,87,715.33864569664,True,,136,9.0,0.8888888888888888,0.8,0.8421052631578948,0.8944444444444445,0.7311111111111112,0.1111111111111111,8.0,1.0,2.0,89.0,10.618066787719727,10.191532135009766,10.352155685424805,0.5509094137034674,0.6480702442881887,0.5993709161087313,2.631485939025879,2.6038591861724854,2.6129183769226074,1000,100,2.5,10,7.341939279767892,0.15,10,jitter
