method,seed,runtime_sec,converged,n_iter,support_size,precision,recall,f1,auroc,auprc,fdr,tp,fp,fn,tn,train_mse,val_mse,test_mse,train_r2,val_r2,test_r2,train_nll,val_nll,test_nll,n,p,snr,n_active,sigma2,setting
mf_spike_slab,5,0.02108001906890422,True,7,10.0,1.0,1.0,1.0,1.0,1.0,0.0,10.0,0.0,0.0,90.0,6.580929907347783,5.665334937667996,6.862334439040371,0.7434766297759269,0.732050621270377,0.7514423460172821,2.3610900776138837,2.292628742918974,2.382131400979398,1000,100,2.5,10,7.325164794921875,simple
mf_ard,5,0.02266665594652295,True,15,29.0,0.3448275862068966,1.0,0.5128205128205129,1.0,1.0,0.6551724137931034,10.0,19.0,0.0,71.0,5.772102028884131,6.207520699478111,7.341960689805246,0.7750045834596491,0.7064072410234065,0.7340700105915381,2.29974434727028,2.3327355922955233,2.4186909961744196,1000,100,2.5,10,7.325164794921875,simple
mf_bayes_lasso,5,0.022721850080415606,True,15,42.0,0.23809523809523808,1.0,0.3846153846153846,1.0,1.0,0.7619047619047619,10.0,32.0,0.0,58.0,5.721497179607181,6.645696254414622,7.735521353655679,0.7769771506604805,0.6856831586855536,0.7198150196441391,2.2910784005107945,2.371045220362794,2.4653429206708735,1000,100,2.5,10,7.325164794921875,simple
