method,seed,runtime_sec,converged,n_iter,selected_ckpt_id,support_size,precision,recall,f1,auroc,auprc,fdr,tp,fp,fn,tn,train_mse,val_mse,test_mse,train_r2,val_r2,test_r2,train_nll,val_nll,test_nll,n,p,snr,n_active,sigma2,setting
flow_stagewise,85,1035.659728050232,True,,41,8.0,1.0,0.8,0.888888888888889,0.9,0.8200000000000001,0.0,8.0,0.0,2.0,90.0,6.2292938232421875,6.552396297454834,8.106891632080078,0.715802824270501,0.6492811198702431,0.6411988510438146,2.334120988845825,2.361276626586914,2.491971492767334,1000,100,2.5,10,5.946679592132568,simple
