method,seed,runtime_sec,converged,n_iter,selected_ckpt_id,support_size,precision,recall,f1,auroc,auprc,fdr,tp,fp,fn,tn,train_mse,val_mse,test_mse,train_r2,val_r2,test_r2,train_nll,val_nll,test_nll,n,p,snr,n_active,sigma2,noise_x,group_size,setting
flow_stagewise,35,4880.623286724091,True,,148,7.0,0.5714285714285714,0.4,0.47058823529411764,0.6833333333333333,0.2885714285714286,0.42857142857142855,4.0,3.0,6.0,87.0,12.358040809631348,15.006176948547363,12.832186698913574,0.3416098257933927,0.41644809883487666,0.3595818934202891,2.7806930541992188,2.976297616958618,2.80743408203125,1000,100,2.5,10,5.867204803648227,0.15,10,jitter
