method,seed,runtime_sec,converged,n_iter,support_size,precision,recall,f1,auroc,auprc,fdr,tp,fp,fn,tn,train_mse,val_mse,test_mse,train_r2,val_r2,test_r2,train_nll,val_nll,test_nll,n,p,snr,n_active,sigma2,setting
mf_spike_slab,4,0.024291945970617235,True,7,10.0,1.0,1.0,1.0,1.0,1.0,0.0,10.0,0.0,0.0,90.0,8.348071815520335,7.395884187804587,7.550828746921013,0.6877074613010905,0.7196843597769055,0.7575175644969065,2.4800035021720337,2.4237732267690477,2.432923288141103,1000,100,2.5,10,7.630100250244141,simple
mf_ard,4,0.03098232706543058,True,16,34.0,0.29411764705882354,1.0,0.45454545454545453,1.0,1.0,0.7058823529411765,10.0,24.0,0.0,66.0,7.461311664656765,8.205241397490708,8.417631598543704,0.7208802208136955,0.6890084488727775,0.7296816177939432,2.4277116941931665,2.471588558929197,2.484115301323752,1000,100,2.5,10,7.630100250244141,simple
mf_bayes_lasso,4,0.028778683044947684,True,15,47.0,0.2127659574468085,1.0,0.3508771929824561,1.0,1.0,0.7872340425531915,10.0,37.0,0.0,53.0,7.374838724687073,8.840280000037003,9.017928518228633,0.7241150820545497,0.6649394872829415,0.7104040703896848,2.417993610586953,2.5165056660950427,2.52844781688566,1000,100,2.5,10,7.630100250244141,simple
