{
  "n": 1000,
  "p": 100,
  "n_active": 10,
  "sigma2": 4.68669319152832,
  "sigma": 2.16487717628479,
  "active_idx": [
    26,
    31,
    43,
    48,
    52,
    55,
    69,
    75,
    97,
    99
  ],
  "snr": 2.5,
  "setting": "simple",
  "seed": 33
}