method,seed,runtime_sec,converged,n_iter,support_size,precision,recall,f1,auroc,auprc,fdr,tp,fp,fn,tn,train_mse,val_mse,test_mse,train_r2,val_r2,test_r2,train_nll,val_nll,test_nll,n,p,snr,n_active,sigma2,setting,selected_ckpt_id
mf_spike_slab,33,0.024801678955554962,True,10,10.0,1.0,1.0,1.0,1.0,1.0,0.0,10.0,0.0,0.0,90.0,4.324947390073083,4.616413248160343,4.708208803291034,0.7247133985061545,0.7327044368621214,0.6716468592218647,2.1512719338116906,2.1841953967957215,2.194564458823354,1000,100,2.5,10,4.68669319152832,simple,
mf_ard,33,0.02140798303298652,True,14,25.0,0.4,1.0,0.5714285714285715,1.0,1.0,0.6,10.0,15.0,0.0,75.0,3.720274617482461,4.983834380971725,5.310451554888264,0.7632013377963294,0.7114303365326692,0.6296461096247801,2.0807536300556446,2.22785979240558,2.2658852189827625,1000,100,2.5,10,4.68669319152832,simple,
mf_bayes_lasso,33,0.021846274961717427,True,14,36.0,0.2777777777777778,1.0,0.4347826086956522,1.0,1.0,0.7222222222222222,10.0,26.0,0.0,64.0,3.697058820018535,5.128552889207024,5.530288053494473,0.7646790431666843,0.7030509707619286,0.6143145880651244,2.0727270111981255,2.2646133034853198,2.3184643621908627,1000,100,2.5,10,4.68669319152832,simple,
flow_stagewise,33,565.8064396381378,True,,6.0,1.0,0.6,0.7499999999999999,0.8,0.64,0.0,6.0,0.0,4.0,90.0,4.997869968414307,5.9656877517700195,5.933375358581543,0.6818813085596415,0.6545798866771829,0.5862030303605592,2.2260143756866455,2.3238022327423096,2.3203723430633545,1000,100,2.5,10,4.68669319152832,simple,37.0
