method,seed,runtime_sec,converged,n_iter,support_size,precision,recall,f1,auroc,auprc,fdr,tp,fp,fn,tn,train_mse,val_mse,test_mse,train_r2,val_r2,test_r2,train_nll,val_nll,test_nll,n,p,snr,n_active,sigma2,setting
mf_spike_slab,91,0.029818381066434085,True,7,10.0,1.0,1.0,1.0,1.0,1.0,0.0,10.0,0.0,0.0,90.0,8.129747108559709,8.888790010440433,10.021097918537516,0.744695775109353,0.7423278410648552,0.7172361574810875,2.4667839030245085,2.512634465230589,2.5810323832507764,1000,100,2.5,10,9.450226783752441,simple
mf_ard,91,0.022473009070381522,True,15,30.0,0.3333333333333333,1.0,0.5,1.0,1.0,0.6666666666666666,10.0,20.0,0.0,70.0,7.217640371994391,10.201715649315767,10.505527290654358,0.7733393110381849,0.7042681745081075,0.7035670853093255,2.4111756300169094,2.5929198402971094,2.6114233972444323,1000,100,2.5,10,9.450226783752441,simple
mf_bayes_lasso,91,0.022917554946616292,True,15,54.0,0.18518518518518517,1.0,0.3125,1.0,1.0,0.8148148148148148,10.0,44.0,0.0,46.0,7.136273403851101,11.119090012223445,10.916642549812076,0.7758945357525739,0.6776749225171695,0.6919667066539535,2.4015597747839905,2.67778412022509,2.6637435747294127,1000,100,2.5,10,9.450226783752441,simple
