method,seed,runtime_sec,converged,n_iter,selected_ckpt_id,support_size,precision,recall,f1,auroc,auprc,fdr,tp,fp,fn,tn,train_mse,val_mse,test_mse,train_r2,val_r2,test_r2,train_nll,val_nll,test_nll,n,p,snr,n_active,sigma2,noise_x,group_size,setting
flow_stagewise,41,5712.363164424896,True,,236,7.0,0.42857142857142855,0.3,0.3529411764705882,0.6277777777777779,0.19857142857142857,0.5714285714285714,3.0,4.0,7.0,86.0,15.487512588500977,12.57343864440918,16.066967010498047,0.32067534616684756,0.4089834375648387,0.19605596456016816,2.8629469871520996,2.7150914669036865,2.8954100608825684,1000,100,2.5,10,6.325161093049562,0.15,10,jitter
