method,seed,runtime_sec,converged,n_iter,support_size,precision,recall,f1,auroc,auprc,fdr,tp,fp,fn,tn,train_mse,val_mse,test_mse,train_r2,val_r2,test_r2,train_nll,val_nll,test_nll,n,p,snr,n_active,sigma2,setting
mf_spike_slab,49,0.06528473203070462,True,26,10.0,1.0,1.0,1.0,1.0,1.0,0.0,10.0,0.0,0.0,90.0,4.739196744825008,4.877093177163485,5.176834106975323,0.7469142927313355,0.7206903598781531,0.7340349430975202,2.1969639976644926,2.211235739948239,2.2422577557438688,1000,100,2.5,10,5.243960738987934,block_corr
mf_ard,49,0.08955638809129596,True,62,33.0,0.30303030303030304,1.0,0.4651162790697675,1.0,1.0,0.696969696969697,10.0,23.0,0.0,67.0,4.125058559091101,5.381674879518719,5.63939547726792,0.7797109047873516,0.6917931195390057,0.7102703876513656,2.132349693066,2.2643811697494067,2.291459626824497,1000,100,2.5,10,5.243960738987934,block_corr
mf_bayes_lasso,49,0.1048604060197249,True,72,58.0,0.1724137931034483,1.0,0.29411764705882354,1.0,1.0,0.8275862068965517,10.0,48.0,0.0,42.0,4.001499059780858,5.770810600479906,6.0500795897356765,0.7863093105840389,0.6695074353759161,0.6891710784820304,2.1123399346992127,2.329824872676996,2.3641528004671533,1000,100,2.5,10,5.243960738987934,block_corr
