method,seed,runtime_sec,converged,n_iter,selected_ckpt_id,support_size,precision,recall,f1,auroc,auprc,fdr,tp,fp,fn,tn,train_mse,val_mse,test_mse,train_r2,val_r2,test_r2,train_nll,val_nll,test_nll,n,p,snr,n_active,sigma2,rho,block_size,setting
flow_stagewise,75,1013.3878798484802,True,,118,9.0,1.0,0.9,0.9473684210526316,0.95,0.91,0.0,9.0,0.0,1.0,90.0,6.236743450164795,5.983020782470703,6.342507839202881,0.658386330622133,0.6950694324509017,0.705117263927578,2.3416199684143066,2.317561388015747,2.351626396179199,1000,100,2.5,10,5.272818366666616,0.8,10,block_corr
