method,seed,runtime_sec,converged,n_iter,selected_ckpt_id,support_size,precision,recall,f1,auroc,auprc,fdr,tp,fp,fn,tn,train_mse,val_mse,test_mse,train_r2,val_r2,test_r2,train_nll,val_nll,test_nll,n,p,snr,n_active,sigma2,noise_x,group_size,setting
flow_stagewise,91,481.39794278144836,True,,68,5.0,0.2,0.1,0.13333333333333333,0.5277777777777779,0.11000000000000001,0.8,1.0,4.0,9.0,86.0,10.495147705078125,12.393996238708496,10.449082374572754,0.5074205631807209,0.4499423567424191,0.5215974740016123,2.637648582458496,2.7890028953552246,2.6359853744506836,1000,100,2.5,10,6.467147282808035,0.15,10,jitter
