method,seed,runtime_sec,converged,n_iter,support_size,precision,recall,f1,auroc,auprc,fdr,tp,fp,fn,tn,train_mse,val_mse,test_mse,train_r2,val_r2,test_r2,train_nll,val_nll,test_nll,n,p,snr,n_active,sigma2,setting
mf_spike_slab,14,0.018596057081595063,True,7,10.0,0.0,0.0,0.0,0.7077777777777778,0.18315857629156862,1.0,0.0,10.0,10.0,80.0,8.460142894181502,7.82201135929206,7.739260317584247,0.6326472107839269,0.6997400972670438,0.6391015420982189,2.486656004878307,2.4493829335074744,2.444549470005126,1000,100,2.5,10,6.969234820061788,jitter
mf_ard,14,0.45524253393523395,True,310,13.0,0.6923076923076923,0.9,0.7826086956521738,0.97,0.8885101010101011,0.3076923076923077,9.0,4.0,1.0,86.0,7.297813956254006,7.4148385630114095,7.121724651314544,0.683117372183669,0.71537004953776,0.667898566685919,2.41639517682148,2.4234804446099347,2.405733830334194,1000,100,2.5,10,6.969234820061788,jitter
mf_bayes_lasso,14,1.4711573149543256,False,1000,82.0,0.12195121951219512,1.0,0.21739130434782605,0.8877777777777779,0.4973992673992674,0.8780487804878049,10.0,72.0,0.0,18.0,6.48225982966363,8.073487564313599,7.242215349307923,0.7185300226444198,0.6900867974454166,0.6622798246727426,2.353675258216478,2.472955400246554,2.410642341146095,1000,100,2.5,10,6.969234820061788,jitter
