method,seed,runtime_sec,converged,n_iter,support_size,precision,recall,f1,auroc,auprc,fdr,tp,fp,fn,tn,train_mse,val_mse,test_mse,train_r2,val_r2,test_r2,train_nll,val_nll,test_nll,n,p,snr,n_active,sigma2,setting,selected_ckpt_id,rho,block_size
mf_spike_slab,75,0.05407359602395445,True,23,10.0,0.9,0.9,0.9,0.9988888888888889,0.990909090909091,0.1,9.0,1.0,1.0,89.0,5.216227460541741,5.538815356998932,5.718234104889543,0.7142844612931363,0.7177088109586127,0.7341416656151678,2.2448697203795134,2.2753830155166326,2.2923540713672823,1000,100,2.5,10,5.272818366666616,block_corr,,,
mf_ard,75,0.10655169293750077,True,72,27.0,0.37037037037037035,1.0,0.5405405405405406,1.0,1.0,0.6296296296296297,10.0,17.0,0.0,73.0,4.703046165770185,5.558998537718444,5.468713770105881,0.7423936400433115,0.7166801552413303,0.7457426353173362,2.197604426203653,2.2768602842444845,2.2685004771341153,1000,100,2.5,10,5.272818366666616,block_corr,,,
mf_bayes_lasso,75,0.09759718796703964,True,65,51.0,0.19607843137254902,1.0,0.3278688524590164,1.0,1.0,0.803921568627451,10.0,41.0,0.0,49.0,4.588278028790614,6.0235898669495915,5.586703552009254,0.7486799916895059,0.6930017997999892,0.7402569265625236,2.180734075039163,2.335099064542713,2.2881127932481684,1000,100,2.5,10,5.272818366666616,block_corr,,,
flow_stagewise,75,1013.3878798484802,True,,9.0,1.0,0.9,0.9473684210526316,0.95,0.91,0.0,9.0,0.0,1.0,90.0,6.236743450164795,5.983020782470703,6.342507839202881,0.658386330622133,0.6950694324509017,0.705117263927578,2.3416199684143066,2.317561388015747,2.351626396179199,1000,100,2.5,10,5.272818366666616,block_corr,118.0,0.8,10.0
