method,seed,runtime_sec,converged,n_iter,support_size,precision,recall,f1,auroc,auprc,fdr,tp,fp,fn,tn,train_mse,val_mse,test_mse,train_r2,val_r2,test_r2,train_nll,val_nll,test_nll,n,p,snr,n_active,sigma2,setting,selected_ckpt_id,noise_x,group_size
mf_spike_slab,28,0.017960614059120417,True,7,10.0,0.0,0.0,0.0,0.6722222222222223,0.17486460526888192,1.0,0.0,10.0,10.0,80.0,8.261297232263107,8.971626226740351,8.973946956971375,0.6756967631374233,0.6501404109785945,0.6175889280354693,2.4747636107212156,2.5172536333071203,2.517392453319676,1000,100,2.5,10,7.261333341308989,jitter,,,
mf_ard,28,0.7918631209759042,True,566,14.0,0.35714285714285715,0.5,0.41666666666666663,0.7844444444444444,0.3872057414670429,0.6428571428571429,5.0,9.0,5.0,81.0,6.842692518238646,8.52580620996252,7.964154031080405,0.731385123893887,0.6675257103552582,0.6606197145003014,2.3843559808413657,2.4927470104318274,2.4565771080419263,1000,100,2.5,10,7.261333341308989,jitter,,,
mf_bayes_lasso,28,1.3677360870642588,False,1000,83.0,0.10843373493975904,0.9,0.19354838709677422,0.748888888888889,0.2825334172729466,0.891566265060241,9.0,74.0,1.0,16.0,6.157435922934695,8.92449750228181,8.247408117131737,0.7582853703915695,0.6519782535005025,0.6485492733438518,2.32801290250115,2.5457567991156855,2.492475700429872,1000,100,2.5,10,7.261333341308989,jitter,,,
flow_stagewise,28,2861.3848445415497,True,,11.0,0.6363636363636364,0.7,0.6666666666666666,0.8277777777777778,0.47545454545454546,0.36363636363636365,7.0,4.0,3.0,86.0,12.021474838256836,12.07935905456543,12.55935287475586,0.528088289602983,0.5289505578098135,0.4648022645069456,2.7291884422302246,2.7283084392547607,2.771512508392334,1000,100,2.5,10,7.261333341308989,jitter,159.0,0.15,10.0
