method,seed,runtime_sec,converged,n_iter,support_size,precision,recall,f1,auroc,auprc,fdr,tp,fp,fn,tn,train_mse,val_mse,test_mse,train_r2,val_r2,test_r2,train_nll,val_nll,test_nll,n,p,snr,n_active,sigma2,setting
mf_spike_slab,78,0.03170465608127415,True,8,10.0,0.2,0.2,0.20000000000000004,0.7144444444444444,0.19327759020724428,0.8,2.0,8.0,8.0,82.0,6.584842647410968,7.130041407227386,6.503500645371855,0.6734437275842937,0.6887817431044598,0.6963094742892779,2.3613574946733435,2.40227642194141,2.3552525147823435,1000,100,2.5,10,5.858018246615189,jitter
mf_ard,78,0.2898319870000705,True,201,12.0,0.5,0.6,0.5454545454545454,0.7766666666666667,0.49549791281214994,0.5,6.0,6.0,4.0,84.0,5.734801497722851,6.371093154768271,6.009192162879254,0.7155990658521343,0.721908977395809,0.7193919357353725,2.296281705373251,2.3449801545321676,2.317282137657477,1000,100,2.5,10,5.858018246615189,jitter
mf_bayes_lasso,78,1.4663872478995472,False,1000,89.0,0.10112359550561797,0.9,0.18181818181818182,0.6916666666666667,0.19744392975217762,0.898876404494382,9.0,80.0,1.0,10.0,4.945022349149934,7.208697636270281,6.294623167725402,0.7547658840434583,0.6853484875174878,0.7060633152519482,2.218441391941092,2.4393332819152773,2.3501369037585493,1000,100,2.5,10,5.858018246615189,jitter
