method,seed,runtime_sec,converged,n_iter,support_size,precision,recall,f1,auroc,auprc,fdr,tp,fp,fn,tn,train_mse,val_mse,test_mse,train_r2,val_r2,test_r2,train_nll,val_nll,test_nll,n,p,snr,n_active,sigma2,setting
mf_spike_slab,74,0.024900016956962645,True,7,9.0,1.0,0.9,0.9473684210526316,0.9955555555555556,0.9714285714285714,0.0,9.0,0.0,1.0,90.0,4.954733830196101,4.690899554017074,5.7132310581161025,0.6963445179176915,0.6934090244564474,0.7014232070311567,2.21918761015183,2.193028728836797,2.2943917847204034,1000,100,2.5,10,4.829755783081055,simple
mf_ard,74,0.022004747996106744,True,14,31.0,0.3225806451612903,1.0,0.4878048780487805,0.9800000000000001,0.9357142857142857,0.6774193548387096,10.0,21.0,0.0,69.0,4.192854704806934,5.225869045194072,6.28886538721768,0.7430369904171352,0.6584441277884858,0.6713402206863696,2.140412328723265,2.2473372632509454,2.357365565695848,1000,100,2.5,10,4.829755783081055,simple
mf_bayes_lasso,74,0.02408151002600789,True,15,40.0,0.25,1.0,0.4,0.9777777777777777,0.9333333333333333,0.75,10.0,30.0,0.0,60.0,4.158380621071784,5.534274559231169,6.642916277911487,0.7451497667790348,0.6382871522824398,0.652837314289656,2.131521172447752,2.2954903688111297,2.4276103575873775,1000,100,2.5,10,4.829755783081055,simple
