method,seed,runtime_sec,converged,n_iter,support_size,precision,recall,f1,auroc,auprc,fdr,tp,fp,fn,tn,train_mse,val_mse,test_mse,train_r2,val_r2,test_r2,train_nll,val_nll,test_nll,n,p,snr,n_active,sigma2,setting,selected_ckpt_id,noise_x,group_size
mf_spike_slab,92,0.016932440921664238,True,7,10.0,0.0,0.0,0.0,0.6677777777777778,0.16288360112822187,1.0,0.0,10.0,10.0,80.0,8.851931960553523,8.896561876944764,8.51379964494343,0.658458240362393,0.6951640506861163,0.708760939664397,2.5092906876575327,2.5117821943986915,2.490414135517908,1000,100,2.5,10,8.035434668483637,jitter,,,
mf_ard,92,0.3570175670320168,True,250,12.0,0.5,0.6,0.5454545454545454,0.8922222222222221,0.5034001214004273,0.5,6.0,6.0,4.0,84.0,7.559140037738736,8.597335447872352,7.941849507571517,0.7083391511207533,0.7054168847390636,0.7283261429242539,2.4339508883252217,2.4946727294182445,2.456334751117478,1000,100,2.5,10,8.035434668483637,jitter,,,
mf_bayes_lasso,92,1.3113406730117276,False,1000,80.0,0.125,1.0,0.2222222222222222,0.8277777777777777,0.2717478756459266,0.875,10.0,70.0,0.0,20.0,6.594148459646996,9.542971358202621,8.765084903863869,0.7455722571913421,0.6730151744583927,0.700165002980869,2.362289046713724,2.578760654915334,2.5216564009259073,1000,100,2.5,10,8.035434668483637,jitter,,,
flow_stagewise,92,730.4373881816864,True,,8.0,0.5,0.4,0.4444444444444445,0.6777777777777777,0.26,0.5,4.0,4.0,6.0,86.0,14.95654010772705,15.871528625488281,15.779352188110352,0.42291886699581016,0.45617055271947016,0.4602218133868232,2.855867624282837,2.9257595539093018,2.8971121311187744,1000,100,2.5,10,8.035434668483637,jitter,78.0,0.15,10.0
