method,seed,runtime_sec,converged,n_iter,support_size,precision,recall,f1,auroc,auprc,fdr,tp,fp,fn,tn,train_mse,val_mse,test_mse,train_r2,val_r2,test_r2,train_nll,val_nll,test_nll,n,p,snr,n_active,sigma2,setting
mf_spike_slab,14,0.0870671970769763,True,35,10.0,1.0,1.0,1.0,1.0,1.0,0.0,10.0,0.0,0.0,90.0,5.82368745724233,6.315866359040737,6.404200228786292,0.7348748250946728,0.7286834870880667,0.7108399011093995,2.2999945487575397,2.341458042580458,2.3488997083023455,1000,100,2.5,10,6.271511941479291,block_corr
mf_ard,14,0.12979046197142452,True,89,40.0,0.25,1.0,0.4,1.0,1.0,0.75,10.0,30.0,0.0,60.0,4.880646776629515,6.961177050524474,7.024633420234817,0.7778070441098575,0.7009622788475638,0.682826329299471,2.2164119654050283,2.401270718338432,2.406908927749524,1000,100,2.5,10,6.271511941479291,block_corr
mf_bayes_lasso,14,0.1145477700047195,True,77,65.0,0.15384615384615385,1.0,0.2666666666666667,1.0,1.0,0.8461538461538461,10.0,55.0,0.0,35.0,4.6945010665714015,7.698329803082183,7.720145298363142,0.7862813852037738,0.66929572624214,0.6514228321765698,2.1922106430323525,2.5065884791997943,2.5088716680241063,1000,100,2.5,10,6.271511941479291,block_corr
