method,seed,runtime_sec,converged,n_iter,selected_ckpt_id,support_size,precision,recall,f1,auroc,auprc,fdr,tp,fp,fn,tn,train_mse,val_mse,test_mse,train_r2,val_r2,test_r2,train_nll,val_nll,test_nll,n,p,snr,n_active,sigma2,noise_x,group_size,setting
flow_stagewise,11,902.9934303760529,True,,231,11.0,0.6363636363636364,0.7,0.6666666666666666,0.8277777777777778,0.47545454545454546,0.36363636363636365,7.0,4.0,3.0,86.0,10.154494285583496,11.681121826171875,11.895394325256348,0.6220724250215575,0.5324127471462992,0.6037761894736209,2.582871437072754,2.664238214492798,2.673251152038574,1000,100,2.5,10,8.157250581004154,0.15,10,jitter
