method,seed,runtime_sec,converged,n_iter,support_size,precision,recall,f1,auroc,auprc,fdr,tp,fp,fn,tn,train_mse,val_mse,test_mse,train_r2,val_r2,test_r2,train_nll,val_nll,test_nll,n,p,snr,n_active,sigma2,setting,selected_ckpt_id,noise_x,group_size
mf_spike_slab,50,0.023850276018492877,True,7,10.0,0.1,0.1,0.10000000000000002,0.78,0.22002061368992698,0.9,1.0,9.0,9.0,81.0,6.652271732648816,7.382325437060233,7.036984951799845,0.7030464294197105,0.6451882668722337,0.6723512159159073,2.366451341054448,2.420690139607401,2.395033324363489,1000,100,2.5,10,6.307892923934451,jitter,,,
mf_ard,50,0.5955585900228471,True,424,14.0,0.5,0.7,0.5833333333333334,0.91,0.6018048128342246,0.5,7.0,7.0,3.0,83.0,5.769575234405402,6.196667271519864,6.35770557388778,0.7424494916256088,0.702173756363197,0.7039791167499657,2.2993229488128852,2.3318034684435585,2.3440504955169046,1000,100,2.5,10,6.307892923934451,jitter,,,
mf_bayes_lasso,50,1.426568510942161,False,1000,80.0,0.125,1.0,0.2222222222222222,0.8355555555555556,0.3199253214336654,0.875,10.0,70.0,0.0,20.0,5.134270129191153,6.7274944806819095,6.453373702974099,0.770809144836308,0.6766609658908818,0.6995247166929193,2.2371524734249295,2.387500861828656,2.3616328055704257,1000,100,2.5,10,6.307892923934451,jitter,,,
flow_stagewise,50,8294.592090129852,True,,11.0,0.5454545454545454,0.6,0.5714285714285713,0.7722222222222223,0.3672727272727272,0.45454545454545453,6.0,5.0,4.0,85.0,24.83489227294922,24.919843673706055,26.92886734008789,-0.10861533646167754,-0.19770572783039997,-0.2538338333104091,3.1147782802581787,3.1043403148651123,3.1626672744750977,1000,100,2.5,10,6.307892923934451,jitter,229.0,0.15,10.0
