method,seed,runtime_sec,converged,n_iter,selected_ckpt_id,support_size,precision,recall,f1,auroc,auprc,fdr,tp,fp,fn,tn,train_mse,val_mse,test_mse,train_r2,val_r2,test_r2,train_nll,val_nll,test_nll,n,p,snr,n_active,sigma2,noise_x,group_size,setting
flow_stagewise,31,861.7190852165222,True,,146,10.0,0.5,0.5,0.5,0.7222222222222221,0.3,0.5,5.0,5.0,5.0,85.0,17.950878143310547,19.769214630126953,17.81747055053711,0.3168212803002438,0.14458107135503828,0.32913158635696804,2.960002899169922,3.0878546237945557,2.9824419021606445,1000,100,2.5,10,7.24105984911021,0.15,10,jitter
