method,seed,runtime_sec,converged,n_iter,support_size,precision,recall,f1,auroc,auprc,fdr,tp,fp,fn,tn,train_mse,val_mse,test_mse,train_r2,val_r2,test_r2,train_nll,val_nll,test_nll,n,p,snr,n_active,sigma2,setting,selected_ckpt_id,noise_x,group_size
mf_spike_slab,38,0.0274748879019171,True,7,10.0,0.1,0.1,0.10000000000000002,0.7483333333333333,0.23336053683218788,0.9,1.0,9.0,9.0,81.0,7.4576249716410254,7.3923369314049365,6.755047595809142,0.683452081867143,0.68646818798043,0.7134890055877015,2.4235906064210666,2.419263870780184,2.3770297575811092,1000,100,2.5,10,6.457926739444171,jitter,,,
mf_ard,38,1.5521427419735119,False,1000,12.0,0.5,0.6,0.5454545454545454,0.8805555555555555,0.4714294770305001,0.5,6.0,6.0,4.0,84.0,6.698331943971635,7.426832640803687,6.501849316544694,0.7156811934241769,0.6850051185377016,0.7242282475762474,2.3736909478032273,2.4216197905710004,2.360764144853695,1000,100,2.5,10,6.457926739444171,jitter,,,
mf_bayes_lasso,38,1.229237369960174,False,1000,82.0,0.12195121951219512,1.0,0.21739130434782605,0.8416666666666668,0.3173168008462126,0.8780487804878049,10.0,72.0,0.0,18.0,6.153697795076622,7.960786378462183,7.239029085950734,0.7387988490628513,0.662358493464178,0.6929612423038953,2.327604409669424,2.47099528786587,2.413724486108044,1000,100,2.5,10,6.457926739444171,jitter,,,
flow_stagewise,38,880.6914618015289,True,,11.0,0.45454545454545453,0.5,0.47619047619047616,0.7166666666666667,0.2772727272727273,0.5454545454545454,5.0,6.0,5.0,84.0,14.354284286499023,15.095544815063477,12.999626159667969,0.3907150714645897,0.35975139056621575,0.44862918056101064,2.890254020690918,2.9609386920928955,2.769355535507202,1000,100,2.5,10,6.457926739444171,jitter,196.0,0.15,10.0
