method,seed,runtime_sec,converged,n_iter,support_size,precision,recall,f1,auroc,auprc,fdr,tp,fp,fn,tn,train_mse,val_mse,test_mse,train_r2,val_r2,test_r2,train_nll,val_nll,test_nll,n,p,snr,n_active,sigma2,setting,selected_ckpt_id,noise_x,group_size
mf_spike_slab,43,0.01693319296464324,True,7,10.0,0.1,0.1,0.10000000000000002,0.765,0.22468004905311406,0.9,1.0,9.0,9.0,81.0,7.556371975775055,8.659980331484217,8.084766137745948,0.7301136083741879,0.6273776396405428,0.6760656826449156,2.43016766104236,2.5023501206701484,2.464727738507082,1000,100,2.5,10,7.748771350296105,jitter,,,
mf_ard,43,0.3456171399448067,True,238,17.0,0.35294117647058826,0.6,0.4444444444444445,0.8444444444444444,0.34076710427253903,0.6470588235294118,6.0,11.0,4.0,79.0,6.821530656135497,8.39786246822273,7.814478457076149,0.7563594936761391,0.6386560690551895,0.6868953657594938,2.3827717439402054,2.48466216293251,2.4469535784369465,1000,100,2.5,10,7.748771350296105,jitter,,,
mf_bayes_lasso,43,1.3111681289738044,False,1000,77.0,0.11688311688311688,0.9,0.2068965517241379,0.7622222222222222,0.33624789658175763,0.8831168831168831,9.0,68.0,1.0,22.0,6.350889437904904,8.51298306546359,7.661793714106034,0.7731691029100205,0.6337026503373748,0.6930130229856742,2.3433431868666657,2.5100621159724263,2.444426948597739,1000,100,2.5,10,7.748771350296105,jitter,,,
flow_stagewise,43,859.6839201450348,True,,3.0,0.0,0.0,0.0,0.48333333333333334,0.1,1.0,0.0,3.0,10.0,87.0,20.21874237060547,19.540306091308594,18.79104995727539,0.27785925969848,0.1592180948223012,0.24709439103557984,3.1804163455963135,3.1190004348754883,3.1132495403289795,1000,100,2.5,10,7.748771350296105,jitter,156.0,0.15,10.0
