method,seed,runtime_sec,converged,n_iter,selected_ckpt_id,support_size,precision,recall,f1,auroc,auprc,fdr,tp,fp,fn,tn,train_mse,val_mse,test_mse,train_r2,val_r2,test_r2,train_nll,val_nll,test_nll,n,p,snr,n_active,sigma2,rho,block_size,setting
flow_stagewise,28,775.8693380355835,True,,37,10.0,1.0,1.0,1.0,1.0,1.0,0.0,10.0,0.0,0.0,90.0,5.544154644012451,4.922056198120117,5.2636027336120605,0.7049721469831376,0.7314540615180694,0.6811159210582949,2.2768964767456055,2.216200590133667,2.249526023864746,1000,100,2.5,10,5.124640402267724,0.8,10,block_corr
