{
  "sim": "block_corr",
  "n": 1000,
  "p": 100,
  "n_active": 10,
  "active_idx": [
    11,
    15,
    35,
    37,
    50,
    54,
    57,
    68,
    70,
    90
  ],
  "snr": 2.5,
  "sigma2": 8.93713295096936,
  "sigma": 2.989503796781225,
  "rho": 0.8,
  "block_size": 10,
  "beta_low": 0.8,
  "beta_high": 1.8,
  "setting": "block_corr",
  "seed": 55
}