method,seed,runtime_sec,converged,n_iter,selected_ckpt_id,support_size,precision,recall,f1,auroc,auprc,fdr,tp,fp,fn,tn,train_mse,val_mse,test_mse,train_r2,val_r2,test_r2,train_nll,val_nll,test_nll,n,p,snr,n_active,sigma2,rho,block_size,setting
flow_stagewise,33,1445.3020277023315,True,,134,10.0,1.0,1.0,1.0,1.0,1.0,0.0,10.0,0.0,0.0,90.0,6.387192249298096,6.118785858154297,6.589202404022217,0.7310405532532427,0.6833322056506568,0.6500178237008409,2.346177577972412,2.324758768081665,2.362295627593994,1000,100,2.5,10,6.266414596719192,0.8,10,block_corr
