method,seed,runtime_sec,converged,n_iter,selected_ckpt_id,support_size,precision,recall,f1,auroc,auprc,fdr,tp,fp,fn,tn,train_mse,val_mse,test_mse,train_r2,val_r2,test_r2,train_nll,val_nll,test_nll,n,p,snr,n_active,sigma2,setting
flow_stagewise,38,596.9875230789185,True,,118,10.0,1.0,1.0,1.0,1.0,1.0,0.0,10.0,0.0,0.0,90.0,4.386837959289551,5.654576301574707,4.914605617523193,0.7180078610810053,0.653737791253828,0.6518931277156637,2.1601028442382812,2.292487144470215,2.2152159214019775,1000,100,2.5,10,4.78806734085083,simple
